time,subject,fuzzer,run,cov_type,cov
1773673887,forked-daapd,aflnet,1,l_per,19.3
1773673887,forked-daapd,aflnet,1,l_abs,6110
1773673887,forked-daapd,aflnet,1,b_per,13.7
1773673887,forked-daapd,aflnet,1,b_abs,1932
1773673930,forked-daapd,aflnet,1,l_per,19.6
1773673930,forked-daapd,aflnet,1,l_abs,6185
1773673930,forked-daapd,aflnet,1,b_per,13.9
1773673930,forked-daapd,aflnet,1,b_abs,1961
1773692160,forked-daapd,aflnet,1,l_per,20.1
1773692160,forked-daapd,aflnet,1,l_abs,6340
1773692160,forked-daapd,aflnet,1,b_per,14.3
1773692160,forked-daapd,aflnet,1,b_abs,2019
1773693990,forked-daapd,aflnet,1,l_per,21.0
1773693990,forked-daapd,aflnet,1,l_abs,6643
1773693990,forked-daapd,aflnet,1,b_per,15.1
1773693990,forked-daapd,aflnet,1,b_abs,2133
1773700997,forked-daapd,aflnet,1,l_per,21.5
1773700997,forked-daapd,aflnet,1,l_abs,6802
1773700997,forked-daapd,aflnet,1,b_per,15.5
1773700997,forked-daapd,aflnet,1,b_abs,2181
1773715052,forked-daapd,aflnet,1,l_per,22.1
1773715052,forked-daapd,aflnet,1,l_abs,6996
1773715052,forked-daapd,aflnet,1,b_per,15.7
1773715052,forked-daapd,aflnet,1,b_abs,2219
1773727887,forked-daapd,aflnet,1,l_per,22.8
1773727887,forked-daapd,aflnet,1,l_abs,7217
1773727887,forked-daapd,aflnet,1,b_per,16.0
1773727887,forked-daapd,aflnet,1,b_abs,2261
1773751370,forked-daapd,aflnet,1,l_per,23.1
1773751370,forked-daapd,aflnet,1,l_abs,7309
1773751370,forked-daapd,aflnet,1,b_per,16.3
1773751370,forked-daapd,aflnet,1,b_abs,2294
1773762383,forked-daapd,aflnet,1,l_per,23.7
1773762383,forked-daapd,aflnet,1,l_abs,7480
1773762383,forked-daapd,aflnet,1,b_per,16.7
1773762383,forked-daapd,aflnet,1,b_abs,2350
1773673888,forked-daapd,aflnet,2,l_per,19.3
1773673888,forked-daapd,aflnet,2,l_abs,6110
1773673888,forked-daapd,aflnet,2,b_per,13.7
1773673888,forked-daapd,aflnet,2,b_abs,1931
1773673896,forked-daapd,aflnet,2,l_per,19.6
1773673896,forked-daapd,aflnet,2,l_abs,6185
1773673896,forked-daapd,aflnet,2,b_per,13.9
1773673896,forked-daapd,aflnet,2,b_abs,1960
1773698623,forked-daapd,aflnet,2,l_per,20.0
1773698623,forked-daapd,aflnet,2,l_abs,6332
1773698623,forked-daapd,aflnet,2,b_per,14.3
1773698623,forked-daapd,aflnet,2,b_abs,2015
1773719537,forked-daapd,aflnet,2,l_per,20.6
1773719537,forked-daapd,aflnet,2,l_abs,6510
1773719537,forked-daapd,aflnet,2,b_per,14.8
1773719537,forked-daapd,aflnet,2,b_abs,2093
1773723792,forked-daapd,aflnet,2,l_per,21.2
1773723792,forked-daapd,aflnet,2,l_abs,6706
1773723792,forked-daapd,aflnet,2,b_per,15.2
1773723792,forked-daapd,aflnet,2,b_abs,2146
1773728480,forked-daapd,aflnet,2,l_per,21.6
1773728480,forked-daapd,aflnet,2,l_abs,6826
1773728480,forked-daapd,aflnet,2,b_per,15.4
1773728480,forked-daapd,aflnet,2,b_abs,2175
1773739435,forked-daapd,aflnet,2,l_per,22.2
1773739435,forked-daapd,aflnet,2,l_abs,7018
1773739435,forked-daapd,aflnet,2,b_per,15.7
1773739435,forked-daapd,aflnet,2,b_abs,2208
1773756976,forked-daapd,aflnet,2,l_per,22.7
1773756976,forked-daapd,aflnet,2,l_abs,7164
1773756976,forked-daapd,aflnet,2,b_per,15.9
1773756976,forked-daapd,aflnet,2,b_abs,2249
1773673888,forked-daapd,aflnet,3,l_per,19.3
1773673888,forked-daapd,aflnet,3,l_abs,6109
1773673888,forked-daapd,aflnet,3,b_per,13.7
1773673888,forked-daapd,aflnet,3,b_abs,1930
1773673896,forked-daapd,aflnet,3,l_per,19.6
1773673896,forked-daapd,aflnet,3,l_abs,6185
1773673896,forked-daapd,aflnet,3,b_per,13.9
1773673896,forked-daapd,aflnet,3,b_abs,1960
1773679885,forked-daapd,aflnet,3,l_per,20.1
1773679885,forked-daapd,aflnet,3,l_abs,6357
1773679885,forked-daapd,aflnet,3,b_per,14.4
1773679885,forked-daapd,aflnet,3,b_abs,2024
1773681158,forked-daapd,aflnet,3,l_per,21.0
1773681158,forked-daapd,aflnet,3,l_abs,6651
1773681158,forked-daapd,aflnet,3,b_per,15.2
1773681158,forked-daapd,aflnet,3,b_abs,2139
1773686276,forked-daapd,aflnet,3,l_per,21.5
1773686276,forked-daapd,aflnet,3,l_abs,6805
1773686276,forked-daapd,aflnet,3,b_per,15.5
1773686276,forked-daapd,aflnet,3,b_abs,2179
1773696341,forked-daapd,aflnet,3,l_per,21.7
1773696341,forked-daapd,aflnet,3,l_abs,6852
1773696341,forked-daapd,aflnet,3,b_per,15.5
1773696341,forked-daapd,aflnet,3,b_abs,2190
1773729821,forked-daapd,aflnet,3,l_per,22.3
1773729821,forked-daapd,aflnet,3,l_abs,7044
1773729821,forked-daapd,aflnet,3,b_per,15.9
1773729821,forked-daapd,aflnet,3,b_abs,2242
1773761944,forked-daapd,aflnet,3,l_per,22.6
1773761944,forked-daapd,aflnet,3,l_abs,7141
1773761944,forked-daapd,aflnet,3,b_per,16.1
1773761944,forked-daapd,aflnet,3,b_abs,2268
1773674763,forked-daapd,chatafl,1,l_per,19.3
1773674763,forked-daapd,chatafl,1,l_abs,6109
1773674763,forked-daapd,chatafl,1,b_per,13.7
1773674763,forked-daapd,chatafl,1,b_abs,1930
1773674808,forked-daapd,chatafl,1,l_per,19.6
1773674808,forked-daapd,chatafl,1,l_abs,6185
1773674808,forked-daapd,chatafl,1,b_per,13.9
1773674808,forked-daapd,chatafl,1,b_abs,1960
1773674817,forked-daapd,chatafl,1,l_per,19.6
1773674817,forked-daapd,chatafl,1,l_abs,6185
1773674817,forked-daapd,chatafl,1,b_per,13.9
1773674817,forked-daapd,chatafl,1,b_abs,1960
1773674826,forked-daapd,chatafl,1,l_per,19.6
1773674826,forked-daapd,chatafl,1,l_abs,6185
1773674826,forked-daapd,chatafl,1,b_per,13.9
1773674826,forked-daapd,chatafl,1,b_abs,1960
1773674835,forked-daapd,chatafl,1,l_per,19.6
1773674835,forked-daapd,chatafl,1,l_abs,6185
1773674835,forked-daapd,chatafl,1,b_per,13.9
1773674835,forked-daapd,chatafl,1,b_abs,1960
1773674844,forked-daapd,chatafl,1,l_per,19.6
1773674844,forked-daapd,chatafl,1,l_abs,6185
1773674844,forked-daapd,chatafl,1,b_per,13.9
1773674844,forked-daapd,chatafl,1,b_abs,1960
1773674853,forked-daapd,chatafl,1,l_per,19.6
1773674853,forked-daapd,chatafl,1,l_abs,6185
1773674853,forked-daapd,chatafl,1,b_per,13.9
1773674853,forked-daapd,chatafl,1,b_abs,1960
1773674862,forked-daapd,chatafl,1,l_per,19.7
1773674862,forked-daapd,chatafl,1,l_abs,6210
1773674862,forked-daapd,chatafl,1,b_per,14.0
1773674862,forked-daapd,chatafl,1,b_abs,1976
1773674871,forked-daapd,chatafl,1,l_per,19.7
1773674871,forked-daapd,chatafl,1,l_abs,6210
1773674871,forked-daapd,chatafl,1,b_per,14.0
1773674871,forked-daapd,chatafl,1,b_abs,1976
1773674879,forked-daapd,chatafl,1,l_per,19.7
1773674879,forked-daapd,chatafl,1,l_abs,6210
1773674879,forked-daapd,chatafl,1,b_per,14.0
1773674879,forked-daapd,chatafl,1,b_abs,1976
1773674888,forked-daapd,chatafl,1,l_per,19.7
1773674888,forked-daapd,chatafl,1,l_abs,6210
1773674888,forked-daapd,chatafl,1,b_per,14.0
1773674888,forked-daapd,chatafl,1,b_abs,1976
1773674897,forked-daapd,chatafl,1,l_per,19.7
1773674897,forked-daapd,chatafl,1,l_abs,6210
1773674897,forked-daapd,chatafl,1,b_per,14.0
1773674897,forked-daapd,chatafl,1,b_abs,1976
1773674907,forked-daapd,chatafl,1,l_per,19.7
1773674907,forked-daapd,chatafl,1,l_abs,6210
1773674907,forked-daapd,chatafl,1,b_per,14.0
1773674907,forked-daapd,chatafl,1,b_abs,1976
1773674952,forked-daapd,chatafl,1,l_per,19.7
1773674952,forked-daapd,chatafl,1,l_abs,6210
1773674952,forked-daapd,chatafl,1,b_per,14.0
1773674952,forked-daapd,chatafl,1,b_abs,1976
1773674962,forked-daapd,chatafl,1,l_per,19.7
1773674962,forked-daapd,chatafl,1,l_abs,6210
1773674962,forked-daapd,chatafl,1,b_per,14.0
1773674962,forked-daapd,chatafl,1,b_abs,1976
1773674971,forked-daapd,chatafl,1,l_per,19.7
1773674971,forked-daapd,chatafl,1,l_abs,6210
1773674971,forked-daapd,chatafl,1,b_per,14.0
1773674971,forked-daapd,chatafl,1,b_abs,1976
1773674980,forked-daapd,chatafl,1,l_per,19.7
1773674980,forked-daapd,chatafl,1,l_abs,6210
1773674980,forked-daapd,chatafl,1,b_per,14.0
1773674980,forked-daapd,chatafl,1,b_abs,1976
1773674989,forked-daapd,chatafl,1,l_per,19.7
1773674989,forked-daapd,chatafl,1,l_abs,6210
1773674989,forked-daapd,chatafl,1,b_per,14.0
1773674989,forked-daapd,chatafl,1,b_abs,1976
1773674998,forked-daapd,chatafl,1,l_per,19.7
1773674998,forked-daapd,chatafl,1,l_abs,6210
1773674998,forked-daapd,chatafl,1,b_per,14.0
1773674998,forked-daapd,chatafl,1,b_abs,1976
1773675007,forked-daapd,chatafl,1,l_per,19.7
1773675007,forked-daapd,chatafl,1,l_abs,6210
1773675007,forked-daapd,chatafl,1,b_per,14.0
1773675007,forked-daapd,chatafl,1,b_abs,1976
1773675016,forked-daapd,chatafl,1,l_per,19.7
1773675016,forked-daapd,chatafl,1,l_abs,6210
1773675016,forked-daapd,chatafl,1,b_per,14.0
1773675016,forked-daapd,chatafl,1,b_abs,1976
1773675026,forked-daapd,chatafl,1,l_per,19.7
1773675026,forked-daapd,chatafl,1,l_abs,6210
1773675026,forked-daapd,chatafl,1,b_per,14.0
1773675026,forked-daapd,chatafl,1,b_abs,1976
1773675035,forked-daapd,chatafl,1,l_per,19.7
1773675035,forked-daapd,chatafl,1,l_abs,6210
1773675035,forked-daapd,chatafl,1,b_per,14.0
1773675035,forked-daapd,chatafl,1,b_abs,1976
1773675044,forked-daapd,chatafl,1,l_per,19.7
1773675044,forked-daapd,chatafl,1,l_abs,6210
1773675044,forked-daapd,chatafl,1,b_per,14.0
1773675044,forked-daapd,chatafl,1,b_abs,1976
1773675053,forked-daapd,chatafl,1,l_per,19.7
1773675053,forked-daapd,chatafl,1,l_abs,6210
1773675053,forked-daapd,chatafl,1,b_per,14.0
1773675053,forked-daapd,chatafl,1,b_abs,1976
1773675062,forked-daapd,chatafl,1,l_per,19.7
1773675062,forked-daapd,chatafl,1,l_abs,6210
1773675062,forked-daapd,chatafl,1,b_per,14.0
1773675062,forked-daapd,chatafl,1,b_abs,1976
1773675071,forked-daapd,chatafl,1,l_per,19.7
1773675071,forked-daapd,chatafl,1,l_abs,6210
1773675071,forked-daapd,chatafl,1,b_per,14.0
1773675071,forked-daapd,chatafl,1,b_abs,1976
1773675080,forked-daapd,chatafl,1,l_per,19.7
1773675080,forked-daapd,chatafl,1,l_abs,6210
1773675080,forked-daapd,chatafl,1,b_per,14.0
1773675080,forked-daapd,chatafl,1,b_abs,1976
1773675089,forked-daapd,chatafl,1,l_per,19.7
1773675089,forked-daapd,chatafl,1,l_abs,6210
1773675089,forked-daapd,chatafl,1,b_per,14.0
1773675089,forked-daapd,chatafl,1,b_abs,1976
1773675098,forked-daapd,chatafl,1,l_per,19.7
1773675098,forked-daapd,chatafl,1,l_abs,6210
1773675098,forked-daapd,chatafl,1,b_per,14.0
1773675098,forked-daapd,chatafl,1,b_abs,1976
1773675107,forked-daapd,chatafl,1,l_per,19.7
1773675107,forked-daapd,chatafl,1,l_abs,6210
1773675107,forked-daapd,chatafl,1,b_per,14.0
1773675107,forked-daapd,chatafl,1,b_abs,1976
1773675116,forked-daapd,chatafl,1,l_per,19.7
1773675116,forked-daapd,chatafl,1,l_abs,6210
1773675116,forked-daapd,chatafl,1,b_per,14.0
1773675116,forked-daapd,chatafl,1,b_abs,1976
1773675162,forked-daapd,chatafl,1,l_per,19.7
1773675162,forked-daapd,chatafl,1,l_abs,6210
1773675162,forked-daapd,chatafl,1,b_per,14.0
1773675162,forked-daapd,chatafl,1,b_abs,1976
1773675171,forked-daapd,chatafl,1,l_per,19.7
1773675171,forked-daapd,chatafl,1,l_abs,6210
1773675171,forked-daapd,chatafl,1,b_per,14.0
1773675171,forked-daapd,chatafl,1,b_abs,1976
1773675180,forked-daapd,chatafl,1,l_per,19.7
1773675180,forked-daapd,chatafl,1,l_abs,6210
1773675180,forked-daapd,chatafl,1,b_per,14.0
1773675180,forked-daapd,chatafl,1,b_abs,1976
1773675189,forked-daapd,chatafl,1,l_per,19.7
1773675189,forked-daapd,chatafl,1,l_abs,6210
1773675189,forked-daapd,chatafl,1,b_per,14.0
1773675189,forked-daapd,chatafl,1,b_abs,1976
1773675199,forked-daapd,chatafl,1,l_per,19.7
1773675199,forked-daapd,chatafl,1,l_abs,6210
1773675199,forked-daapd,chatafl,1,b_per,14.0
1773675199,forked-daapd,chatafl,1,b_abs,1976
1773675208,forked-daapd,chatafl,1,l_per,19.7
1773675208,forked-daapd,chatafl,1,l_abs,6210
1773675208,forked-daapd,chatafl,1,b_per,14.0
1773675208,forked-daapd,chatafl,1,b_abs,1976
1773675217,forked-daapd,chatafl,1,l_per,19.7
1773675217,forked-daapd,chatafl,1,l_abs,6210
1773675217,forked-daapd,chatafl,1,b_per,14.0
1773675217,forked-daapd,chatafl,1,b_abs,1976
1773675226,forked-daapd,chatafl,1,l_per,19.7
1773675226,forked-daapd,chatafl,1,l_abs,6210
1773675226,forked-daapd,chatafl,1,b_per,14.0
1773675226,forked-daapd,chatafl,1,b_abs,1976
1773675235,forked-daapd,chatafl,1,l_per,19.7
1773675235,forked-daapd,chatafl,1,l_abs,6210
1773675235,forked-daapd,chatafl,1,b_per,14.0
1773675235,forked-daapd,chatafl,1,b_abs,1976
1773675244,forked-daapd,chatafl,1,l_per,19.7
1773675244,forked-daapd,chatafl,1,l_abs,6210
1773675244,forked-daapd,chatafl,1,b_per,14.0
1773675244,forked-daapd,chatafl,1,b_abs,1976
1773675254,forked-daapd,chatafl,1,l_per,19.7
1773675254,forked-daapd,chatafl,1,l_abs,6210
1773675254,forked-daapd,chatafl,1,b_per,14.0
1773675254,forked-daapd,chatafl,1,b_abs,1976
1773675263,forked-daapd,chatafl,1,l_per,19.7
1773675263,forked-daapd,chatafl,1,l_abs,6210
1773675263,forked-daapd,chatafl,1,b_per,14.0
1773675263,forked-daapd,chatafl,1,b_abs,1976
1773675272,forked-daapd,chatafl,1,l_per,19.7
1773675272,forked-daapd,chatafl,1,l_abs,6210
1773675272,forked-daapd,chatafl,1,b_per,14.0
1773675272,forked-daapd,chatafl,1,b_abs,1976
1773675281,forked-daapd,chatafl,1,l_per,19.7
1773675281,forked-daapd,chatafl,1,l_abs,6210
1773675281,forked-daapd,chatafl,1,b_per,14.0
1773675281,forked-daapd,chatafl,1,b_abs,1976
1773675290,forked-daapd,chatafl,1,l_per,19.7
1773675290,forked-daapd,chatafl,1,l_abs,6210
1773675290,forked-daapd,chatafl,1,b_per,14.0
1773675290,forked-daapd,chatafl,1,b_abs,1976
1773675299,forked-daapd,chatafl,1,l_per,19.7
1773675299,forked-daapd,chatafl,1,l_abs,6210
1773675299,forked-daapd,chatafl,1,b_per,14.0
1773675299,forked-daapd,chatafl,1,b_abs,1976
1773675308,forked-daapd,chatafl,1,l_per,19.7
1773675308,forked-daapd,chatafl,1,l_abs,6210
1773675308,forked-daapd,chatafl,1,b_per,14.0
1773675308,forked-daapd,chatafl,1,b_abs,1976
1773675318,forked-daapd,chatafl,1,l_per,19.7
1773675318,forked-daapd,chatafl,1,l_abs,6210
1773675318,forked-daapd,chatafl,1,b_per,14.0
1773675318,forked-daapd,chatafl,1,b_abs,1976
1773675327,forked-daapd,chatafl,1,l_per,19.7
1773675327,forked-daapd,chatafl,1,l_abs,6210
1773675327,forked-daapd,chatafl,1,b_per,14.0
1773675327,forked-daapd,chatafl,1,b_abs,1976
1773675336,forked-daapd,chatafl,1,l_per,19.7
1773675336,forked-daapd,chatafl,1,l_abs,6210
1773675336,forked-daapd,chatafl,1,b_per,14.0
1773675336,forked-daapd,chatafl,1,b_abs,1976
1773675345,forked-daapd,chatafl,1,l_per,19.7
1773675345,forked-daapd,chatafl,1,l_abs,6210
1773675345,forked-daapd,chatafl,1,b_per,14.0
1773675345,forked-daapd,chatafl,1,b_abs,1976
1773675354,forked-daapd,chatafl,1,l_per,19.7
1773675354,forked-daapd,chatafl,1,l_abs,6210
1773675354,forked-daapd,chatafl,1,b_per,14.0
1773675354,forked-daapd,chatafl,1,b_abs,1976
1773675363,forked-daapd,chatafl,1,l_per,19.7
1773675363,forked-daapd,chatafl,1,l_abs,6210
1773675363,forked-daapd,chatafl,1,b_per,14.0
1773675363,forked-daapd,chatafl,1,b_abs,1976
1773675372,forked-daapd,chatafl,1,l_per,19.7
1773675372,forked-daapd,chatafl,1,l_abs,6210
1773675372,forked-daapd,chatafl,1,b_per,14.0
1773675372,forked-daapd,chatafl,1,b_abs,1976
1773675381,forked-daapd,chatafl,1,l_per,19.7
1773675381,forked-daapd,chatafl,1,l_abs,6210
1773675381,forked-daapd,chatafl,1,b_per,14.0
1773675381,forked-daapd,chatafl,1,b_abs,1976
1773675390,forked-daapd,chatafl,1,l_per,19.7
1773675390,forked-daapd,chatafl,1,l_abs,6210
1773675390,forked-daapd,chatafl,1,b_per,14.0
1773675390,forked-daapd,chatafl,1,b_abs,1976
1773675399,forked-daapd,chatafl,1,l_per,19.7
1773675399,forked-daapd,chatafl,1,l_abs,6210
1773675399,forked-daapd,chatafl,1,b_per,14.0
1773675399,forked-daapd,chatafl,1,b_abs,1976
1773675409,forked-daapd,chatafl,1,l_per,19.7
1773675409,forked-daapd,chatafl,1,l_abs,6210
1773675409,forked-daapd,chatafl,1,b_per,14.0
1773675409,forked-daapd,chatafl,1,b_abs,1976
1773675418,forked-daapd,chatafl,1,l_per,19.7
1773675418,forked-daapd,chatafl,1,l_abs,6210
1773675418,forked-daapd,chatafl,1,b_per,14.0
1773675418,forked-daapd,chatafl,1,b_abs,1976
1773675427,forked-daapd,chatafl,1,l_per,19.7
1773675427,forked-daapd,chatafl,1,l_abs,6210
1773675427,forked-daapd,chatafl,1,b_per,14.0
1773675427,forked-daapd,chatafl,1,b_abs,1976
1773675437,forked-daapd,chatafl,1,l_per,19.7
1773675437,forked-daapd,chatafl,1,l_abs,6210
1773675437,forked-daapd,chatafl,1,b_per,14.0
1773675437,forked-daapd,chatafl,1,b_abs,1976
1773675446,forked-daapd,chatafl,1,l_per,19.7
1773675446,forked-daapd,chatafl,1,l_abs,6210
1773675446,forked-daapd,chatafl,1,b_per,14.0
1773675446,forked-daapd,chatafl,1,b_abs,1976
1773675455,forked-daapd,chatafl,1,l_per,19.7
1773675455,forked-daapd,chatafl,1,l_abs,6210
1773675455,forked-daapd,chatafl,1,b_per,14.0
1773675455,forked-daapd,chatafl,1,b_abs,1976
1773675464,forked-daapd,chatafl,1,l_per,19.7
1773675464,forked-daapd,chatafl,1,l_abs,6210
1773675464,forked-daapd,chatafl,1,b_per,14.0
1773675464,forked-daapd,chatafl,1,b_abs,1976
1773675226,forked-daapd,chatafl,1,l_per,19.7
1773675226,forked-daapd,chatafl,1,l_abs,6210
1773675226,forked-daapd,chatafl,1,b_per,14.0
1773675226,forked-daapd,chatafl,1,b_abs,1976
1773676937,forked-daapd,chatafl,1,l_per,19.7
1773676937,forked-daapd,chatafl,1,l_abs,6218
1773676937,forked-daapd,chatafl,1,b_per,14.0
1773676937,forked-daapd,chatafl,1,b_abs,1981
1773712402,forked-daapd,chatafl,1,l_per,19.9
1773712402,forked-daapd,chatafl,1,l_abs,6301
1773712402,forked-daapd,chatafl,1,b_per,14.4
1773712402,forked-daapd,chatafl,1,b_abs,2025
1773722795,forked-daapd,chatafl,1,l_per,20.5
1773722795,forked-daapd,chatafl,1,l_abs,6479
1773722795,forked-daapd,chatafl,1,b_per,14.8
1773722795,forked-daapd,chatafl,1,b_abs,2086
1773732282,forked-daapd,chatafl,1,l_per,21.0
1773732282,forked-daapd,chatafl,1,l_abs,6621
1773732282,forked-daapd,chatafl,1,b_per,15.2
1773732282,forked-daapd,chatafl,1,b_abs,2143
1773744740,forked-daapd,chatafl,1,l_per,21.9
1773744740,forked-daapd,chatafl,1,l_abs,6934
1773744740,forked-daapd,chatafl,1,b_per,15.7
1773744740,forked-daapd,chatafl,1,b_abs,2216
1773762477,forked-daapd,chatafl,1,l_per,22.5
1773762477,forked-daapd,chatafl,1,l_abs,7110
1773762477,forked-daapd,chatafl,1,b_per,16.0
1773762477,forked-daapd,chatafl,1,b_abs,2252
1773675180,forked-daapd,chatafl,2,l_per,19.2
1773675180,forked-daapd,chatafl,2,l_abs,6071
1773675180,forked-daapd,chatafl,2,b_per,13.5
1773675180,forked-daapd,chatafl,2,b_abs,1906
1773675189,forked-daapd,chatafl,2,l_per,19.5
1773675189,forked-daapd,chatafl,2,l_abs,6171
1773675189,forked-daapd,chatafl,2,b_per,13.8
1773675189,forked-daapd,chatafl,2,b_abs,1951
1773675235,forked-daapd,chatafl,2,l_per,19.5
1773675235,forked-daapd,chatafl,2,l_abs,6171
1773675235,forked-daapd,chatafl,2,b_per,13.8
1773675235,forked-daapd,chatafl,2,b_abs,1951
1773675244,forked-daapd,chatafl,2,l_per,19.5
1773675244,forked-daapd,chatafl,2,l_abs,6171
1773675244,forked-daapd,chatafl,2,b_per,13.8
1773675244,forked-daapd,chatafl,2,b_abs,1951
1773675253,forked-daapd,chatafl,2,l_per,19.5
1773675253,forked-daapd,chatafl,2,l_abs,6171
1773675253,forked-daapd,chatafl,2,b_per,13.8
1773675253,forked-daapd,chatafl,2,b_abs,1951
1773675263,forked-daapd,chatafl,2,l_per,19.5
1773675263,forked-daapd,chatafl,2,l_abs,6171
1773675263,forked-daapd,chatafl,2,b_per,13.8
1773675263,forked-daapd,chatafl,2,b_abs,1951
1773675272,forked-daapd,chatafl,2,l_per,19.5
1773675272,forked-daapd,chatafl,2,l_abs,6171
1773675272,forked-daapd,chatafl,2,b_per,13.8
1773675272,forked-daapd,chatafl,2,b_abs,1951
1773675281,forked-daapd,chatafl,2,l_per,19.5
1773675281,forked-daapd,chatafl,2,l_abs,6171
1773675281,forked-daapd,chatafl,2,b_per,13.8
1773675281,forked-daapd,chatafl,2,b_abs,1951
1773675327,forked-daapd,chatafl,2,l_per,19.5
1773675327,forked-daapd,chatafl,2,l_abs,6171
1773675327,forked-daapd,chatafl,2,b_per,13.8
1773675327,forked-daapd,chatafl,2,b_abs,1951
1773675336,forked-daapd,chatafl,2,l_per,19.5
1773675336,forked-daapd,chatafl,2,l_abs,6171
1773675336,forked-daapd,chatafl,2,b_per,13.8
1773675336,forked-daapd,chatafl,2,b_abs,1951
1773675346,forked-daapd,chatafl,2,l_per,19.5
1773675346,forked-daapd,chatafl,2,l_abs,6171
1773675346,forked-daapd,chatafl,2,b_per,13.8
1773675346,forked-daapd,chatafl,2,b_abs,1951
1773675355,forked-daapd,chatafl,2,l_per,19.5
1773675355,forked-daapd,chatafl,2,l_abs,6171
1773675355,forked-daapd,chatafl,2,b_per,13.8
1773675355,forked-daapd,chatafl,2,b_abs,1951
1773675364,forked-daapd,chatafl,2,l_per,19.5
1773675364,forked-daapd,chatafl,2,l_abs,6171
1773675364,forked-daapd,chatafl,2,b_per,13.8
1773675364,forked-daapd,chatafl,2,b_abs,1951
1773675373,forked-daapd,chatafl,2,l_per,19.5
1773675373,forked-daapd,chatafl,2,l_abs,6171
1773675373,forked-daapd,chatafl,2,b_per,13.8
1773675373,forked-daapd,chatafl,2,b_abs,1951
1773675382,forked-daapd,chatafl,2,l_per,19.5
1773675382,forked-daapd,chatafl,2,l_abs,6171
1773675382,forked-daapd,chatafl,2,b_per,13.8
1773675382,forked-daapd,chatafl,2,b_abs,1951
1773675391,forked-daapd,chatafl,2,l_per,19.5
1773675391,forked-daapd,chatafl,2,l_abs,6171
1773675391,forked-daapd,chatafl,2,b_per,13.8
1773675391,forked-daapd,chatafl,2,b_abs,1951
1773675400,forked-daapd,chatafl,2,l_per,19.5
1773675400,forked-daapd,chatafl,2,l_abs,6171
1773675400,forked-daapd,chatafl,2,b_per,13.8
1773675400,forked-daapd,chatafl,2,b_abs,1951
1773675409,forked-daapd,chatafl,2,l_per,19.5
1773675409,forked-daapd,chatafl,2,l_abs,6171
1773675409,forked-daapd,chatafl,2,b_per,13.8
1773675409,forked-daapd,chatafl,2,b_abs,1951
1773675418,forked-daapd,chatafl,2,l_per,19.5
1773675418,forked-daapd,chatafl,2,l_abs,6171
1773675418,forked-daapd,chatafl,2,b_per,13.8
1773675418,forked-daapd,chatafl,2,b_abs,1951
1773675428,forked-daapd,chatafl,2,l_per,19.5
1773675428,forked-daapd,chatafl,2,l_abs,6171
1773675428,forked-daapd,chatafl,2,b_per,13.8
1773675428,forked-daapd,chatafl,2,b_abs,1951
1773675437,forked-daapd,chatafl,2,l_per,19.5
1773675437,forked-daapd,chatafl,2,l_abs,6171
1773675437,forked-daapd,chatafl,2,b_per,13.8
1773675437,forked-daapd,chatafl,2,b_abs,1951
1773675447,forked-daapd,chatafl,2,l_per,19.5
1773675447,forked-daapd,chatafl,2,l_abs,6171
1773675447,forked-daapd,chatafl,2,b_per,13.8
1773675447,forked-daapd,chatafl,2,b_abs,1951
1773675456,forked-daapd,chatafl,2,l_per,19.5
1773675456,forked-daapd,chatafl,2,l_abs,6171
1773675456,forked-daapd,chatafl,2,b_per,13.8
1773675456,forked-daapd,chatafl,2,b_abs,1951
1773675502,forked-daapd,chatafl,2,l_per,19.5
1773675502,forked-daapd,chatafl,2,l_abs,6171
1773675502,forked-daapd,chatafl,2,b_per,13.8
1773675502,forked-daapd,chatafl,2,b_abs,1951
1773675511,forked-daapd,chatafl,2,l_per,19.5
1773675511,forked-daapd,chatafl,2,l_abs,6171
1773675511,forked-daapd,chatafl,2,b_per,13.8
1773675511,forked-daapd,chatafl,2,b_abs,1951
1773675520,forked-daapd,chatafl,2,l_per,19.5
1773675520,forked-daapd,chatafl,2,l_abs,6171
1773675520,forked-daapd,chatafl,2,b_per,13.8
1773675520,forked-daapd,chatafl,2,b_abs,1951
1773675529,forked-daapd,chatafl,2,l_per,19.5
1773675529,forked-daapd,chatafl,2,l_abs,6171
1773675529,forked-daapd,chatafl,2,b_per,13.8
1773675529,forked-daapd,chatafl,2,b_abs,1951
1773675539,forked-daapd,chatafl,2,l_per,19.5
1773675539,forked-daapd,chatafl,2,l_abs,6171
1773675539,forked-daapd,chatafl,2,b_per,13.8
1773675539,forked-daapd,chatafl,2,b_abs,1951
1773675548,forked-daapd,chatafl,2,l_per,19.5
1773675548,forked-daapd,chatafl,2,l_abs,6171
1773675548,forked-daapd,chatafl,2,b_per,13.8
1773675548,forked-daapd,chatafl,2,b_abs,1951
1773675558,forked-daapd,chatafl,2,l_per,19.5
1773675558,forked-daapd,chatafl,2,l_abs,6171
1773675558,forked-daapd,chatafl,2,b_per,13.8
1773675558,forked-daapd,chatafl,2,b_abs,1951
1773675567,forked-daapd,chatafl,2,l_per,19.5
1773675567,forked-daapd,chatafl,2,l_abs,6171
1773675567,forked-daapd,chatafl,2,b_per,13.8
1773675567,forked-daapd,chatafl,2,b_abs,1951
1773675576,forked-daapd,chatafl,2,l_per,19.5
1773675576,forked-daapd,chatafl,2,l_abs,6171
1773675576,forked-daapd,chatafl,2,b_per,13.8
1773675576,forked-daapd,chatafl,2,b_abs,1951
1773675585,forked-daapd,chatafl,2,l_per,19.5
1773675585,forked-daapd,chatafl,2,l_abs,6171
1773675585,forked-daapd,chatafl,2,b_per,13.8
1773675585,forked-daapd,chatafl,2,b_abs,1951
1773675594,forked-daapd,chatafl,2,l_per,19.5
1773675594,forked-daapd,chatafl,2,l_abs,6171
1773675594,forked-daapd,chatafl,2,b_per,13.8
1773675594,forked-daapd,chatafl,2,b_abs,1951
1773675603,forked-daapd,chatafl,2,l_per,19.5
1773675603,forked-daapd,chatafl,2,l_abs,6171
1773675603,forked-daapd,chatafl,2,b_per,13.8
1773675603,forked-daapd,chatafl,2,b_abs,1951
1773675613,forked-daapd,chatafl,2,l_per,19.5
1773675613,forked-daapd,chatafl,2,l_abs,6171
1773675613,forked-daapd,chatafl,2,b_per,13.8
1773675613,forked-daapd,chatafl,2,b_abs,1951
1773675622,forked-daapd,chatafl,2,l_per,19.5
1773675622,forked-daapd,chatafl,2,l_abs,6171
1773675622,forked-daapd,chatafl,2,b_per,13.8
1773675622,forked-daapd,chatafl,2,b_abs,1951
1773675632,forked-daapd,chatafl,2,l_per,19.5
1773675632,forked-daapd,chatafl,2,l_abs,6171
1773675632,forked-daapd,chatafl,2,b_per,13.8
1773675632,forked-daapd,chatafl,2,b_abs,1951
1773675641,forked-daapd,chatafl,2,l_per,19.5
1773675641,forked-daapd,chatafl,2,l_abs,6171
1773675641,forked-daapd,chatafl,2,b_per,13.8
1773675641,forked-daapd,chatafl,2,b_abs,1951
1773675650,forked-daapd,chatafl,2,l_per,19.5
1773675650,forked-daapd,chatafl,2,l_abs,6171
1773675650,forked-daapd,chatafl,2,b_per,13.8
1773675650,forked-daapd,chatafl,2,b_abs,1951
1773675659,forked-daapd,chatafl,2,l_per,19.5
1773675659,forked-daapd,chatafl,2,l_abs,6171
1773675659,forked-daapd,chatafl,2,b_per,13.8
1773675659,forked-daapd,chatafl,2,b_abs,1951
1773675668,forked-daapd,chatafl,2,l_per,19.5
1773675668,forked-daapd,chatafl,2,l_abs,6171
1773675668,forked-daapd,chatafl,2,b_per,13.8
1773675668,forked-daapd,chatafl,2,b_abs,1951
1773675677,forked-daapd,chatafl,2,l_per,19.5
1773675677,forked-daapd,chatafl,2,l_abs,6171
1773675677,forked-daapd,chatafl,2,b_per,13.8
1773675677,forked-daapd,chatafl,2,b_abs,1951
1773675687,forked-daapd,chatafl,2,l_per,19.5
1773675687,forked-daapd,chatafl,2,l_abs,6171
1773675687,forked-daapd,chatafl,2,b_per,13.8
1773675687,forked-daapd,chatafl,2,b_abs,1951
1773675696,forked-daapd,chatafl,2,l_per,19.5
1773675696,forked-daapd,chatafl,2,l_abs,6171
1773675696,forked-daapd,chatafl,2,b_per,13.8
1773675696,forked-daapd,chatafl,2,b_abs,1951
1773675705,forked-daapd,chatafl,2,l_per,19.5
1773675705,forked-daapd,chatafl,2,l_abs,6171
1773675705,forked-daapd,chatafl,2,b_per,13.8
1773675705,forked-daapd,chatafl,2,b_abs,1951
1773675714,forked-daapd,chatafl,2,l_per,19.5
1773675714,forked-daapd,chatafl,2,l_abs,6171
1773675714,forked-daapd,chatafl,2,b_per,13.8
1773675714,forked-daapd,chatafl,2,b_abs,1951
1773675724,forked-daapd,chatafl,2,l_per,19.5
1773675724,forked-daapd,chatafl,2,l_abs,6171
1773675724,forked-daapd,chatafl,2,b_per,13.8
1773675724,forked-daapd,chatafl,2,b_abs,1951
1773675733,forked-daapd,chatafl,2,l_per,19.5
1773675733,forked-daapd,chatafl,2,l_abs,6171
1773675733,forked-daapd,chatafl,2,b_per,13.8
1773675733,forked-daapd,chatafl,2,b_abs,1951
1773675742,forked-daapd,chatafl,2,l_per,19.5
1773675742,forked-daapd,chatafl,2,l_abs,6171
1773675742,forked-daapd,chatafl,2,b_per,13.8
1773675742,forked-daapd,chatafl,2,b_abs,1951
1773675751,forked-daapd,chatafl,2,l_per,19.5
1773675751,forked-daapd,chatafl,2,l_abs,6171
1773675751,forked-daapd,chatafl,2,b_per,13.8
1773675751,forked-daapd,chatafl,2,b_abs,1951
1773675760,forked-daapd,chatafl,2,l_per,19.5
1773675760,forked-daapd,chatafl,2,l_abs,6171
1773675760,forked-daapd,chatafl,2,b_per,13.8
1773675760,forked-daapd,chatafl,2,b_abs,1951
1773675769,forked-daapd,chatafl,2,l_per,19.5
1773675769,forked-daapd,chatafl,2,l_abs,6171
1773675769,forked-daapd,chatafl,2,b_per,13.8
1773675769,forked-daapd,chatafl,2,b_abs,1951
1773675779,forked-daapd,chatafl,2,l_per,19.5
1773675779,forked-daapd,chatafl,2,l_abs,6171
1773675779,forked-daapd,chatafl,2,b_per,13.8
1773675779,forked-daapd,chatafl,2,b_abs,1951
1773675788,forked-daapd,chatafl,2,l_per,19.5
1773675788,forked-daapd,chatafl,2,l_abs,6171
1773675788,forked-daapd,chatafl,2,b_per,13.8
1773675788,forked-daapd,chatafl,2,b_abs,1951
1773675797,forked-daapd,chatafl,2,l_per,19.5
1773675797,forked-daapd,chatafl,2,l_abs,6171
1773675797,forked-daapd,chatafl,2,b_per,13.8
1773675797,forked-daapd,chatafl,2,b_abs,1951
1773675806,forked-daapd,chatafl,2,l_per,19.5
1773675806,forked-daapd,chatafl,2,l_abs,6171
1773675806,forked-daapd,chatafl,2,b_per,13.8
1773675806,forked-daapd,chatafl,2,b_abs,1951
1773675816,forked-daapd,chatafl,2,l_per,19.5
1773675816,forked-daapd,chatafl,2,l_abs,6171
1773675816,forked-daapd,chatafl,2,b_per,13.8
1773675816,forked-daapd,chatafl,2,b_abs,1951
1773675825,forked-daapd,chatafl,2,l_per,19.5
1773675825,forked-daapd,chatafl,2,l_abs,6171
1773675825,forked-daapd,chatafl,2,b_per,13.8
1773675825,forked-daapd,chatafl,2,b_abs,1951
1773675834,forked-daapd,chatafl,2,l_per,19.5
1773675834,forked-daapd,chatafl,2,l_abs,6171
1773675834,forked-daapd,chatafl,2,b_per,13.8
1773675834,forked-daapd,chatafl,2,b_abs,1951
1773675843,forked-daapd,chatafl,2,l_per,19.5
1773675843,forked-daapd,chatafl,2,l_abs,6171
1773675843,forked-daapd,chatafl,2,b_per,13.8
1773675843,forked-daapd,chatafl,2,b_abs,1951
1773675852,forked-daapd,chatafl,2,l_per,19.5
1773675852,forked-daapd,chatafl,2,l_abs,6171
1773675852,forked-daapd,chatafl,2,b_per,13.8
1773675852,forked-daapd,chatafl,2,b_abs,1951
1773675861,forked-daapd,chatafl,2,l_per,19.5
1773675861,forked-daapd,chatafl,2,l_abs,6171
1773675861,forked-daapd,chatafl,2,b_per,13.8
1773675861,forked-daapd,chatafl,2,b_abs,1951
1773675870,forked-daapd,chatafl,2,l_per,19.5
1773675870,forked-daapd,chatafl,2,l_abs,6171
1773675870,forked-daapd,chatafl,2,b_per,13.8
1773675870,forked-daapd,chatafl,2,b_abs,1951
1773675879,forked-daapd,chatafl,2,l_per,19.5
1773675879,forked-daapd,chatafl,2,l_abs,6171
1773675879,forked-daapd,chatafl,2,b_per,13.8
1773675879,forked-daapd,chatafl,2,b_abs,1951
1773675888,forked-daapd,chatafl,2,l_per,19.5
1773675888,forked-daapd,chatafl,2,l_abs,6171
1773675888,forked-daapd,chatafl,2,b_per,13.8
1773675888,forked-daapd,chatafl,2,b_abs,1951
1773675898,forked-daapd,chatafl,2,l_per,19.5
1773675898,forked-daapd,chatafl,2,l_abs,6171
1773675898,forked-daapd,chatafl,2,b_per,13.8
1773675898,forked-daapd,chatafl,2,b_abs,1951
1773675907,forked-daapd,chatafl,2,l_per,19.5
1773675907,forked-daapd,chatafl,2,l_abs,6171
1773675907,forked-daapd,chatafl,2,b_per,13.8
1773675907,forked-daapd,chatafl,2,b_abs,1951
1773675916,forked-daapd,chatafl,2,l_per,19.5
1773675916,forked-daapd,chatafl,2,l_abs,6171
1773675916,forked-daapd,chatafl,2,b_per,13.8
1773675916,forked-daapd,chatafl,2,b_abs,1951
1773675926,forked-daapd,chatafl,2,l_per,19.5
1773675926,forked-daapd,chatafl,2,l_abs,6171
1773675926,forked-daapd,chatafl,2,b_per,13.8
1773675926,forked-daapd,chatafl,2,b_abs,1951
1773675935,forked-daapd,chatafl,2,l_per,19.5
1773675935,forked-daapd,chatafl,2,l_abs,6171
1773675935,forked-daapd,chatafl,2,b_per,13.8
1773675935,forked-daapd,chatafl,2,b_abs,1951
1773675944,forked-daapd,chatafl,2,l_per,19.5
1773675944,forked-daapd,chatafl,2,l_abs,6171
1773675944,forked-daapd,chatafl,2,b_per,13.8
1773675944,forked-daapd,chatafl,2,b_abs,1951
1773675953,forked-daapd,chatafl,2,l_per,19.5
1773675953,forked-daapd,chatafl,2,l_abs,6171
1773675953,forked-daapd,chatafl,2,b_per,13.8
1773675953,forked-daapd,chatafl,2,b_abs,1951
1773675962,forked-daapd,chatafl,2,l_per,19.5
1773675962,forked-daapd,chatafl,2,l_abs,6171
1773675962,forked-daapd,chatafl,2,b_per,13.8
1773675962,forked-daapd,chatafl,2,b_abs,1951
1773675972,forked-daapd,chatafl,2,l_per,19.5
1773675972,forked-daapd,chatafl,2,l_abs,6171
1773675972,forked-daapd,chatafl,2,b_per,13.8
1773675972,forked-daapd,chatafl,2,b_abs,1951
1773675981,forked-daapd,chatafl,2,l_per,19.5
1773675981,forked-daapd,chatafl,2,l_abs,6171
1773675981,forked-daapd,chatafl,2,b_per,13.8
1773675981,forked-daapd,chatafl,2,b_abs,1951
1773675990,forked-daapd,chatafl,2,l_per,19.5
1773675990,forked-daapd,chatafl,2,l_abs,6171
1773675990,forked-daapd,chatafl,2,b_per,13.8
1773675990,forked-daapd,chatafl,2,b_abs,1951
1773675999,forked-daapd,chatafl,2,l_per,19.5
1773675999,forked-daapd,chatafl,2,l_abs,6171
1773675999,forked-daapd,chatafl,2,b_per,13.8
1773675999,forked-daapd,chatafl,2,b_abs,1951
1773676009,forked-daapd,chatafl,2,l_per,19.5
1773676009,forked-daapd,chatafl,2,l_abs,6171
1773676009,forked-daapd,chatafl,2,b_per,13.8
1773676009,forked-daapd,chatafl,2,b_abs,1951
1773676018,forked-daapd,chatafl,2,l_per,19.5
1773676018,forked-daapd,chatafl,2,l_abs,6171
1773676018,forked-daapd,chatafl,2,b_per,13.8
1773676018,forked-daapd,chatafl,2,b_abs,1951
1773676027,forked-daapd,chatafl,2,l_per,19.5
1773676027,forked-daapd,chatafl,2,l_abs,6171
1773676027,forked-daapd,chatafl,2,b_per,13.8
1773676027,forked-daapd,chatafl,2,b_abs,1951
1773676036,forked-daapd,chatafl,2,l_per,19.5
1773676036,forked-daapd,chatafl,2,l_abs,6171
1773676036,forked-daapd,chatafl,2,b_per,13.8
1773676036,forked-daapd,chatafl,2,b_abs,1951
1773676046,forked-daapd,chatafl,2,l_per,19.5
1773676046,forked-daapd,chatafl,2,l_abs,6171
1773676046,forked-daapd,chatafl,2,b_per,13.8
1773676046,forked-daapd,chatafl,2,b_abs,1951
1773676056,forked-daapd,chatafl,2,l_per,19.5
1773676056,forked-daapd,chatafl,2,l_abs,6171
1773676056,forked-daapd,chatafl,2,b_per,13.8
1773676056,forked-daapd,chatafl,2,b_abs,1951
1773676065,forked-daapd,chatafl,2,l_per,19.5
1773676065,forked-daapd,chatafl,2,l_abs,6171
1773676065,forked-daapd,chatafl,2,b_per,13.8
1773676065,forked-daapd,chatafl,2,b_abs,1951
1773676075,forked-daapd,chatafl,2,l_per,19.5
1773676075,forked-daapd,chatafl,2,l_abs,6171
1773676075,forked-daapd,chatafl,2,b_per,13.8
1773676075,forked-daapd,chatafl,2,b_abs,1951
1773676084,forked-daapd,chatafl,2,l_per,19.5
1773676084,forked-daapd,chatafl,2,l_abs,6171
1773676084,forked-daapd,chatafl,2,b_per,13.8
1773676084,forked-daapd,chatafl,2,b_abs,1951
1773676093,forked-daapd,chatafl,2,l_per,19.5
1773676093,forked-daapd,chatafl,2,l_abs,6171
1773676093,forked-daapd,chatafl,2,b_per,13.8
1773676093,forked-daapd,chatafl,2,b_abs,1951
1773676103,forked-daapd,chatafl,2,l_per,19.5
1773676103,forked-daapd,chatafl,2,l_abs,6171
1773676103,forked-daapd,chatafl,2,b_per,13.8
1773676103,forked-daapd,chatafl,2,b_abs,1951
1773676112,forked-daapd,chatafl,2,l_per,19.5
1773676112,forked-daapd,chatafl,2,l_abs,6171
1773676112,forked-daapd,chatafl,2,b_per,13.8
1773676112,forked-daapd,chatafl,2,b_abs,1951
1773676121,forked-daapd,chatafl,2,l_per,19.5
1773676121,forked-daapd,chatafl,2,l_abs,6171
1773676121,forked-daapd,chatafl,2,b_per,13.8
1773676121,forked-daapd,chatafl,2,b_abs,1951
1773676130,forked-daapd,chatafl,2,l_per,19.5
1773676130,forked-daapd,chatafl,2,l_abs,6171
1773676130,forked-daapd,chatafl,2,b_per,13.8
1773676130,forked-daapd,chatafl,2,b_abs,1951
1773675650,forked-daapd,chatafl,2,l_per,19.7
1773675650,forked-daapd,chatafl,2,l_abs,6210
1773675650,forked-daapd,chatafl,2,b_per,14.0
1773675650,forked-daapd,chatafl,2,b_abs,1976
1773676018,forked-daapd,chatafl,2,l_per,19.7
1773676018,forked-daapd,chatafl,2,l_abs,6210
1773676018,forked-daapd,chatafl,2,b_per,14.0
1773676018,forked-daapd,chatafl,2,b_abs,1976
1773687969,forked-daapd,chatafl,2,l_per,19.7
1773687969,forked-daapd,chatafl,2,l_abs,6222
1773687969,forked-daapd,chatafl,2,b_per,14.1
1773687969,forked-daapd,chatafl,2,b_abs,1983
1773692686,forked-daapd,chatafl,2,l_per,21.0
1773692686,forked-daapd,chatafl,2,l_abs,6641
1773692686,forked-daapd,chatafl,2,b_per,15.0
1773692686,forked-daapd,chatafl,2,b_abs,2120
1773707744,forked-daapd,chatafl,2,l_per,21.6
1773707744,forked-daapd,chatafl,2,l_abs,6841
1773707744,forked-daapd,chatafl,2,b_per,15.4
1773707744,forked-daapd,chatafl,2,b_abs,2171
1773725628,forked-daapd,chatafl,2,l_per,22.5
1773725628,forked-daapd,chatafl,2,l_abs,7113
1773725628,forked-daapd,chatafl,2,b_per,15.9
1773725628,forked-daapd,chatafl,2,b_abs,2240
1773742970,forked-daapd,chatafl,2,l_per,22.7
1773742970,forked-daapd,chatafl,2,l_abs,7169
1773742970,forked-daapd,chatafl,2,b_per,16.0
1773742970,forked-daapd,chatafl,2,b_abs,2259
1773761974,forked-daapd,chatafl,2,l_per,23.1
1773761974,forked-daapd,chatafl,2,l_abs,7312
1773761974,forked-daapd,chatafl,2,b_per,16.2
1773761974,forked-daapd,chatafl,2,b_abs,2285
1773674271,forked-daapd,chatafl,3,l_per,19.3
1773674271,forked-daapd,chatafl,3,l_abs,6109
1773674271,forked-daapd,chatafl,3,b_per,13.7
1773674271,forked-daapd,chatafl,3,b_abs,1930
1773674315,forked-daapd,chatafl,3,l_per,19.6
1773674315,forked-daapd,chatafl,3,l_abs,6185
1773674315,forked-daapd,chatafl,3,b_per,13.9
1773674315,forked-daapd,chatafl,3,b_abs,1960
1773674323,forked-daapd,chatafl,3,l_per,19.6
1773674323,forked-daapd,chatafl,3,l_abs,6185
1773674323,forked-daapd,chatafl,3,b_per,13.9
1773674323,forked-daapd,chatafl,3,b_abs,1960
1773674332,forked-daapd,chatafl,3,l_per,19.6
1773674332,forked-daapd,chatafl,3,l_abs,6185
1773674332,forked-daapd,chatafl,3,b_per,13.9
1773674332,forked-daapd,chatafl,3,b_abs,1960
1773674341,forked-daapd,chatafl,3,l_per,19.7
1773674341,forked-daapd,chatafl,3,l_abs,6210
1773674341,forked-daapd,chatafl,3,b_per,14.0
1773674341,forked-daapd,chatafl,3,b_abs,1976
1773674385,forked-daapd,chatafl,3,l_per,19.7
1773674385,forked-daapd,chatafl,3,l_abs,6210
1773674385,forked-daapd,chatafl,3,b_per,14.0
1773674385,forked-daapd,chatafl,3,b_abs,1976
1773674394,forked-daapd,chatafl,3,l_per,19.7
1773674394,forked-daapd,chatafl,3,l_abs,6210
1773674394,forked-daapd,chatafl,3,b_per,14.0
1773674394,forked-daapd,chatafl,3,b_abs,1976
1773674403,forked-daapd,chatafl,3,l_per,19.7
1773674403,forked-daapd,chatafl,3,l_abs,6210
1773674403,forked-daapd,chatafl,3,b_per,14.0
1773674403,forked-daapd,chatafl,3,b_abs,1976
1773674411,forked-daapd,chatafl,3,l_per,19.7
1773674411,forked-daapd,chatafl,3,l_abs,6210
1773674411,forked-daapd,chatafl,3,b_per,14.0
1773674411,forked-daapd,chatafl,3,b_abs,1976
1773674420,forked-daapd,chatafl,3,l_per,19.7
1773674420,forked-daapd,chatafl,3,l_abs,6210
1773674420,forked-daapd,chatafl,3,b_per,14.0
1773674420,forked-daapd,chatafl,3,b_abs,1976
1773674429,forked-daapd,chatafl,3,l_per,19.7
1773674429,forked-daapd,chatafl,3,l_abs,6210
1773674429,forked-daapd,chatafl,3,b_per,14.0
1773674429,forked-daapd,chatafl,3,b_abs,1976
1773674438,forked-daapd,chatafl,3,l_per,19.7
1773674438,forked-daapd,chatafl,3,l_abs,6210
1773674438,forked-daapd,chatafl,3,b_per,14.0
1773674438,forked-daapd,chatafl,3,b_abs,1976
1773674446,forked-daapd,chatafl,3,l_per,19.7
1773674446,forked-daapd,chatafl,3,l_abs,6210
1773674446,forked-daapd,chatafl,3,b_per,14.0
1773674446,forked-daapd,chatafl,3,b_abs,1976
1773674455,forked-daapd,chatafl,3,l_per,19.7
1773674455,forked-daapd,chatafl,3,l_abs,6210
1773674455,forked-daapd,chatafl,3,b_per,14.0
1773674455,forked-daapd,chatafl,3,b_abs,1976
1773674464,forked-daapd,chatafl,3,l_per,19.7
1773674464,forked-daapd,chatafl,3,l_abs,6210
1773674464,forked-daapd,chatafl,3,b_per,14.0
1773674464,forked-daapd,chatafl,3,b_abs,1976
1773674473,forked-daapd,chatafl,3,l_per,19.7
1773674473,forked-daapd,chatafl,3,l_abs,6210
1773674473,forked-daapd,chatafl,3,b_per,14.0
1773674473,forked-daapd,chatafl,3,b_abs,1976
1773674482,forked-daapd,chatafl,3,l_per,19.7
1773674482,forked-daapd,chatafl,3,l_abs,6210
1773674482,forked-daapd,chatafl,3,b_per,14.0
1773674482,forked-daapd,chatafl,3,b_abs,1976
1773674490,forked-daapd,chatafl,3,l_per,19.7
1773674490,forked-daapd,chatafl,3,l_abs,6210
1773674490,forked-daapd,chatafl,3,b_per,14.0
1773674490,forked-daapd,chatafl,3,b_abs,1976
1773674499,forked-daapd,chatafl,3,l_per,19.7
1773674499,forked-daapd,chatafl,3,l_abs,6210
1773674499,forked-daapd,chatafl,3,b_per,14.0
1773674499,forked-daapd,chatafl,3,b_abs,1976
1773674508,forked-daapd,chatafl,3,l_per,19.7
1773674508,forked-daapd,chatafl,3,l_abs,6210
1773674508,forked-daapd,chatafl,3,b_per,14.0
1773674508,forked-daapd,chatafl,3,b_abs,1976
1773674517,forked-daapd,chatafl,3,l_per,19.7
1773674517,forked-daapd,chatafl,3,l_abs,6210
1773674517,forked-daapd,chatafl,3,b_per,14.0
1773674517,forked-daapd,chatafl,3,b_abs,1976
1773674526,forked-daapd,chatafl,3,l_per,19.7
1773674526,forked-daapd,chatafl,3,l_abs,6210
1773674526,forked-daapd,chatafl,3,b_per,14.0
1773674526,forked-daapd,chatafl,3,b_abs,1976
1773674535,forked-daapd,chatafl,3,l_per,19.7
1773674535,forked-daapd,chatafl,3,l_abs,6210
1773674535,forked-daapd,chatafl,3,b_per,14.0
1773674535,forked-daapd,chatafl,3,b_abs,1976
1773674544,forked-daapd,chatafl,3,l_per,19.7
1773674544,forked-daapd,chatafl,3,l_abs,6210
1773674544,forked-daapd,chatafl,3,b_per,14.0
1773674544,forked-daapd,chatafl,3,b_abs,1976
1773674553,forked-daapd,chatafl,3,l_per,19.7
1773674553,forked-daapd,chatafl,3,l_abs,6210
1773674553,forked-daapd,chatafl,3,b_per,14.0
1773674553,forked-daapd,chatafl,3,b_abs,1976
1773674561,forked-daapd,chatafl,3,l_per,19.7
1773674561,forked-daapd,chatafl,3,l_abs,6210
1773674561,forked-daapd,chatafl,3,b_per,14.0
1773674561,forked-daapd,chatafl,3,b_abs,1976
1773674570,forked-daapd,chatafl,3,l_per,19.7
1773674570,forked-daapd,chatafl,3,l_abs,6210
1773674570,forked-daapd,chatafl,3,b_per,14.0
1773674570,forked-daapd,chatafl,3,b_abs,1976
1773676135,forked-daapd,chatafl,3,l_per,19.7
1773676135,forked-daapd,chatafl,3,l_abs,6219
1773676135,forked-daapd,chatafl,3,b_per,14.1
1773676135,forked-daapd,chatafl,3,b_abs,1982
1773684523,forked-daapd,chatafl,3,l_per,20.1
1773684523,forked-daapd,chatafl,3,l_abs,6345
1773684523,forked-daapd,chatafl,3,b_per,14.5
1773684523,forked-daapd,chatafl,3,b_abs,2046
1773699357,forked-daapd,chatafl,3,l_per,20.9
1773699357,forked-daapd,chatafl,3,l_abs,6592
1773699357,forked-daapd,chatafl,3,b_per,15.1
1773699357,forked-daapd,chatafl,3,b_abs,2128
1773719157,forked-daapd,chatafl,3,l_per,21.5
1773719157,forked-daapd,chatafl,3,l_abs,6794
1773719157,forked-daapd,chatafl,3,b_per,15.4
1773719157,forked-daapd,chatafl,3,b_abs,2173
1773730618,forked-daapd,chatafl,3,l_per,22.8
1773730618,forked-daapd,chatafl,3,l_abs,7213
1773730618,forked-daapd,chatafl,3,b_per,16.4
1773730618,forked-daapd,chatafl,3,b_abs,2307
1773744673,forked-daapd,chatafl,3,l_per,23.1
1773744673,forked-daapd,chatafl,3,l_abs,7304
1773744673,forked-daapd,chatafl,3,b_per,16.6
1773744673,forked-daapd,chatafl,3,b_abs,2338
1773762533,forked-daapd,chatafl,3,l_per,23.6
1773762533,forked-daapd,chatafl,3,l_abs,7455
1773762533,forked-daapd,chatafl,3,b_per,16.8
1773762533,forked-daapd,chatafl,3,b_abs,2376
1773715981,forked-daapd,chatafl_opt,1,l_per,19.3
1773715981,forked-daapd,chatafl_opt,1,l_abs,6109
1773715981,forked-daapd,chatafl_opt,1,b_per,13.7
1773715981,forked-daapd,chatafl_opt,1,b_abs,1929
1773715986,forked-daapd,chatafl_opt,1,l_per,19.6
1773715986,forked-daapd,chatafl_opt,1,l_abs,6184
1773715986,forked-daapd,chatafl_opt,1,b_per,13.9
1773715986,forked-daapd,chatafl_opt,1,b_abs,1958
1773715994,forked-daapd,chatafl_opt,1,l_per,19.6
1773715994,forked-daapd,chatafl_opt,1,l_abs,6185
1773715994,forked-daapd,chatafl_opt,1,b_per,13.9
1773715994,forked-daapd,chatafl_opt,1,b_abs,1959
1773716018,forked-daapd,chatafl_opt,1,l_per,19.6
1773716018,forked-daapd,chatafl_opt,1,l_abs,6190
1773716018,forked-daapd,chatafl_opt,1,b_per,13.9
1773716018,forked-daapd,chatafl_opt,1,b_abs,1961
1773716027,forked-daapd,chatafl_opt,1,l_per,19.6
1773716027,forked-daapd,chatafl_opt,1,l_abs,6190
1773716027,forked-daapd,chatafl_opt,1,b_per,13.9
1773716027,forked-daapd,chatafl_opt,1,b_abs,1961
1773716054,forked-daapd,chatafl_opt,1,l_per,19.6
1773716054,forked-daapd,chatafl_opt,1,l_abs,6190
1773716054,forked-daapd,chatafl_opt,1,b_per,13.9
1773716054,forked-daapd,chatafl_opt,1,b_abs,1961
1773716062,forked-daapd,chatafl_opt,1,l_per,19.6
1773716062,forked-daapd,chatafl_opt,1,l_abs,6190
1773716062,forked-daapd,chatafl_opt,1,b_per,13.9
1773716062,forked-daapd,chatafl_opt,1,b_abs,1961
1773716067,forked-daapd,chatafl_opt,1,l_per,19.6
1773716067,forked-daapd,chatafl_opt,1,l_abs,6190
1773716067,forked-daapd,chatafl_opt,1,b_per,13.9
1773716067,forked-daapd,chatafl_opt,1,b_abs,1961
1773716075,forked-daapd,chatafl_opt,1,l_per,19.6
1773716075,forked-daapd,chatafl_opt,1,l_abs,6190
1773716075,forked-daapd,chatafl_opt,1,b_per,13.9
1773716075,forked-daapd,chatafl_opt,1,b_abs,1961
1773716080,forked-daapd,chatafl_opt,1,l_per,19.6
1773716080,forked-daapd,chatafl_opt,1,l_abs,6190
1773716080,forked-daapd,chatafl_opt,1,b_per,13.9
1773716080,forked-daapd,chatafl_opt,1,b_abs,1961
1773716088,forked-daapd,chatafl_opt,1,l_per,19.6
1773716088,forked-daapd,chatafl_opt,1,l_abs,6190
1773716088,forked-daapd,chatafl_opt,1,b_per,13.9
1773716088,forked-daapd,chatafl_opt,1,b_abs,1961
1773716093,forked-daapd,chatafl_opt,1,l_per,19.6
1773716093,forked-daapd,chatafl_opt,1,l_abs,6190
1773716093,forked-daapd,chatafl_opt,1,b_per,13.9
1773716093,forked-daapd,chatafl_opt,1,b_abs,1961
1773716099,forked-daapd,chatafl_opt,1,l_per,19.6
1773716099,forked-daapd,chatafl_opt,1,l_abs,6190
1773716099,forked-daapd,chatafl_opt,1,b_per,13.9
1773716099,forked-daapd,chatafl_opt,1,b_abs,1961
1773716104,forked-daapd,chatafl_opt,1,l_per,19.6
1773716104,forked-daapd,chatafl_opt,1,l_abs,6190
1773716104,forked-daapd,chatafl_opt,1,b_per,13.9
1773716104,forked-daapd,chatafl_opt,1,b_abs,1961
1773716111,forked-daapd,chatafl_opt,1,l_per,19.6
1773716111,forked-daapd,chatafl_opt,1,l_abs,6190
1773716111,forked-daapd,chatafl_opt,1,b_per,13.9
1773716111,forked-daapd,chatafl_opt,1,b_abs,1961
1773716116,forked-daapd,chatafl_opt,1,l_per,19.6
1773716116,forked-daapd,chatafl_opt,1,l_abs,6190
1773716116,forked-daapd,chatafl_opt,1,b_per,13.9
1773716116,forked-daapd,chatafl_opt,1,b_abs,1961
1773716157,forked-daapd,chatafl_opt,1,l_per,19.6
1773716157,forked-daapd,chatafl_opt,1,l_abs,6190
1773716157,forked-daapd,chatafl_opt,1,b_per,13.9
1773716157,forked-daapd,chatafl_opt,1,b_abs,1961
1773716162,forked-daapd,chatafl_opt,1,l_per,19.6
1773716162,forked-daapd,chatafl_opt,1,l_abs,6190
1773716162,forked-daapd,chatafl_opt,1,b_per,13.9
1773716162,forked-daapd,chatafl_opt,1,b_abs,1961
1773716170,forked-daapd,chatafl_opt,1,l_per,19.6
1773716170,forked-daapd,chatafl_opt,1,l_abs,6190
1773716170,forked-daapd,chatafl_opt,1,b_per,13.9
1773716170,forked-daapd,chatafl_opt,1,b_abs,1961
1773716174,forked-daapd,chatafl_opt,1,l_per,19.6
1773716174,forked-daapd,chatafl_opt,1,l_abs,6190
1773716174,forked-daapd,chatafl_opt,1,b_per,13.9
1773716174,forked-daapd,chatafl_opt,1,b_abs,1961
1773716197,forked-daapd,chatafl_opt,1,l_per,19.6
1773716197,forked-daapd,chatafl_opt,1,l_abs,6190
1773716197,forked-daapd,chatafl_opt,1,b_per,13.9
1773716197,forked-daapd,chatafl_opt,1,b_abs,1961
1773716202,forked-daapd,chatafl_opt,1,l_per,19.6
1773716202,forked-daapd,chatafl_opt,1,l_abs,6190
1773716202,forked-daapd,chatafl_opt,1,b_per,13.9
1773716202,forked-daapd,chatafl_opt,1,b_abs,1961
1773716209,forked-daapd,chatafl_opt,1,l_per,19.6
1773716209,forked-daapd,chatafl_opt,1,l_abs,6190
1773716209,forked-daapd,chatafl_opt,1,b_per,13.9
1773716209,forked-daapd,chatafl_opt,1,b_abs,1961
1773716213,forked-daapd,chatafl_opt,1,l_per,19.6
1773716213,forked-daapd,chatafl_opt,1,l_abs,6190
1773716213,forked-daapd,chatafl_opt,1,b_per,13.9
1773716213,forked-daapd,chatafl_opt,1,b_abs,1961
1773716221,forked-daapd,chatafl_opt,1,l_per,19.6
1773716221,forked-daapd,chatafl_opt,1,l_abs,6190
1773716221,forked-daapd,chatafl_opt,1,b_per,13.9
1773716221,forked-daapd,chatafl_opt,1,b_abs,1961
1773716226,forked-daapd,chatafl_opt,1,l_per,19.6
1773716226,forked-daapd,chatafl_opt,1,l_abs,6190
1773716226,forked-daapd,chatafl_opt,1,b_per,13.9
1773716226,forked-daapd,chatafl_opt,1,b_abs,1961
1773716234,forked-daapd,chatafl_opt,1,l_per,19.6
1773716234,forked-daapd,chatafl_opt,1,l_abs,6190
1773716234,forked-daapd,chatafl_opt,1,b_per,13.9
1773716234,forked-daapd,chatafl_opt,1,b_abs,1961
1773716240,forked-daapd,chatafl_opt,1,l_per,19.6
1773716240,forked-daapd,chatafl_opt,1,l_abs,6190
1773716240,forked-daapd,chatafl_opt,1,b_per,13.9
1773716240,forked-daapd,chatafl_opt,1,b_abs,1961
1773716248,forked-daapd,chatafl_opt,1,l_per,19.6
1773716248,forked-daapd,chatafl_opt,1,l_abs,6190
1773716248,forked-daapd,chatafl_opt,1,b_per,13.9
1773716248,forked-daapd,chatafl_opt,1,b_abs,1961
1773716253,forked-daapd,chatafl_opt,1,l_per,19.6
1773716253,forked-daapd,chatafl_opt,1,l_abs,6190
1773716253,forked-daapd,chatafl_opt,1,b_per,13.9
1773716253,forked-daapd,chatafl_opt,1,b_abs,1961
1773716261,forked-daapd,chatafl_opt,1,l_per,19.6
1773716261,forked-daapd,chatafl_opt,1,l_abs,6190
1773716261,forked-daapd,chatafl_opt,1,b_per,13.9
1773716261,forked-daapd,chatafl_opt,1,b_abs,1961
1773716266,forked-daapd,chatafl_opt,1,l_per,19.6
1773716266,forked-daapd,chatafl_opt,1,l_abs,6190
1773716266,forked-daapd,chatafl_opt,1,b_per,13.9
1773716266,forked-daapd,chatafl_opt,1,b_abs,1961
1773716272,forked-daapd,chatafl_opt,1,l_per,19.6
1773716272,forked-daapd,chatafl_opt,1,l_abs,6191
1773716272,forked-daapd,chatafl_opt,1,b_per,13.9
1773716272,forked-daapd,chatafl_opt,1,b_abs,1963
1773716278,forked-daapd,chatafl_opt,1,l_per,19.6
1773716278,forked-daapd,chatafl_opt,1,l_abs,6191
1773716278,forked-daapd,chatafl_opt,1,b_per,13.9
1773716278,forked-daapd,chatafl_opt,1,b_abs,1963
1773716286,forked-daapd,chatafl_opt,1,l_per,19.6
1773716286,forked-daapd,chatafl_opt,1,l_abs,6191
1773716286,forked-daapd,chatafl_opt,1,b_per,13.9
1773716286,forked-daapd,chatafl_opt,1,b_abs,1963
1773716291,forked-daapd,chatafl_opt,1,l_per,19.6
1773716291,forked-daapd,chatafl_opt,1,l_abs,6191
1773716291,forked-daapd,chatafl_opt,1,b_per,13.9
1773716291,forked-daapd,chatafl_opt,1,b_abs,1963
1773716298,forked-daapd,chatafl_opt,1,l_per,19.6
1773716298,forked-daapd,chatafl_opt,1,l_abs,6191
1773716298,forked-daapd,chatafl_opt,1,b_per,13.9
1773716298,forked-daapd,chatafl_opt,1,b_abs,1963
1773716303,forked-daapd,chatafl_opt,1,l_per,19.6
1773716303,forked-daapd,chatafl_opt,1,l_abs,6191
1773716303,forked-daapd,chatafl_opt,1,b_per,13.9
1773716303,forked-daapd,chatafl_opt,1,b_abs,1963
1773716310,forked-daapd,chatafl_opt,1,l_per,19.6
1773716310,forked-daapd,chatafl_opt,1,l_abs,6191
1773716310,forked-daapd,chatafl_opt,1,b_per,13.9
1773716310,forked-daapd,chatafl_opt,1,b_abs,1963
1773716315,forked-daapd,chatafl_opt,1,l_per,19.6
1773716315,forked-daapd,chatafl_opt,1,l_abs,6191
1773716315,forked-daapd,chatafl_opt,1,b_per,13.9
1773716315,forked-daapd,chatafl_opt,1,b_abs,1963
1773716323,forked-daapd,chatafl_opt,1,l_per,19.6
1773716323,forked-daapd,chatafl_opt,1,l_abs,6191
1773716323,forked-daapd,chatafl_opt,1,b_per,13.9
1773716323,forked-daapd,chatafl_opt,1,b_abs,1963
1773716328,forked-daapd,chatafl_opt,1,l_per,19.6
1773716328,forked-daapd,chatafl_opt,1,l_abs,6191
1773716328,forked-daapd,chatafl_opt,1,b_per,13.9
1773716328,forked-daapd,chatafl_opt,1,b_abs,1963
1773716336,forked-daapd,chatafl_opt,1,l_per,19.6
1773716336,forked-daapd,chatafl_opt,1,l_abs,6191
1773716336,forked-daapd,chatafl_opt,1,b_per,13.9
1773716336,forked-daapd,chatafl_opt,1,b_abs,1963
1773716341,forked-daapd,chatafl_opt,1,l_per,19.6
1773716341,forked-daapd,chatafl_opt,1,l_abs,6191
1773716341,forked-daapd,chatafl_opt,1,b_per,13.9
1773716341,forked-daapd,chatafl_opt,1,b_abs,1963
1773716349,forked-daapd,chatafl_opt,1,l_per,19.6
1773716349,forked-daapd,chatafl_opt,1,l_abs,6191
1773716349,forked-daapd,chatafl_opt,1,b_per,13.9
1773716349,forked-daapd,chatafl_opt,1,b_abs,1963
1773716354,forked-daapd,chatafl_opt,1,l_per,19.6
1773716354,forked-daapd,chatafl_opt,1,l_abs,6191
1773716354,forked-daapd,chatafl_opt,1,b_per,13.9
1773716354,forked-daapd,chatafl_opt,1,b_abs,1963
1773716362,forked-daapd,chatafl_opt,1,l_per,19.6
1773716362,forked-daapd,chatafl_opt,1,l_abs,6191
1773716362,forked-daapd,chatafl_opt,1,b_per,13.9
1773716362,forked-daapd,chatafl_opt,1,b_abs,1963
1773716367,forked-daapd,chatafl_opt,1,l_per,19.6
1773716367,forked-daapd,chatafl_opt,1,l_abs,6191
1773716367,forked-daapd,chatafl_opt,1,b_per,13.9
1773716367,forked-daapd,chatafl_opt,1,b_abs,1963
1773716376,forked-daapd,chatafl_opt,1,l_per,19.6
1773716376,forked-daapd,chatafl_opt,1,l_abs,6191
1773716376,forked-daapd,chatafl_opt,1,b_per,13.9
1773716376,forked-daapd,chatafl_opt,1,b_abs,1963
1773716381,forked-daapd,chatafl_opt,1,l_per,19.6
1773716381,forked-daapd,chatafl_opt,1,l_abs,6191
1773716381,forked-daapd,chatafl_opt,1,b_per,13.9
1773716381,forked-daapd,chatafl_opt,1,b_abs,1963
1773716389,forked-daapd,chatafl_opt,1,l_per,19.6
1773716389,forked-daapd,chatafl_opt,1,l_abs,6191
1773716389,forked-daapd,chatafl_opt,1,b_per,13.9
1773716389,forked-daapd,chatafl_opt,1,b_abs,1963
1773716394,forked-daapd,chatafl_opt,1,l_per,19.6
1773716394,forked-daapd,chatafl_opt,1,l_abs,6191
1773716394,forked-daapd,chatafl_opt,1,b_per,13.9
1773716394,forked-daapd,chatafl_opt,1,b_abs,1963
1773716402,forked-daapd,chatafl_opt,1,l_per,19.6
1773716402,forked-daapd,chatafl_opt,1,l_abs,6191
1773716402,forked-daapd,chatafl_opt,1,b_per,13.9
1773716402,forked-daapd,chatafl_opt,1,b_abs,1963
1773716407,forked-daapd,chatafl_opt,1,l_per,19.6
1773716407,forked-daapd,chatafl_opt,1,l_abs,6191
1773716407,forked-daapd,chatafl_opt,1,b_per,13.9
1773716407,forked-daapd,chatafl_opt,1,b_abs,1963
1773716414,forked-daapd,chatafl_opt,1,l_per,19.6
1773716414,forked-daapd,chatafl_opt,1,l_abs,6191
1773716414,forked-daapd,chatafl_opt,1,b_per,13.9
1773716414,forked-daapd,chatafl_opt,1,b_abs,1963
1773716419,forked-daapd,chatafl_opt,1,l_per,19.6
1773716419,forked-daapd,chatafl_opt,1,l_abs,6191
1773716419,forked-daapd,chatafl_opt,1,b_per,13.9
1773716419,forked-daapd,chatafl_opt,1,b_abs,1963
1773716424,forked-daapd,chatafl_opt,1,l_per,19.6
1773716424,forked-daapd,chatafl_opt,1,l_abs,6191
1773716424,forked-daapd,chatafl_opt,1,b_per,13.9
1773716424,forked-daapd,chatafl_opt,1,b_abs,1963
1773716429,forked-daapd,chatafl_opt,1,l_per,19.6
1773716429,forked-daapd,chatafl_opt,1,l_abs,6191
1773716429,forked-daapd,chatafl_opt,1,b_per,13.9
1773716429,forked-daapd,chatafl_opt,1,b_abs,1963
1773716438,forked-daapd,chatafl_opt,1,l_per,19.6
1773716438,forked-daapd,chatafl_opt,1,l_abs,6191
1773716438,forked-daapd,chatafl_opt,1,b_per,13.9
1773716438,forked-daapd,chatafl_opt,1,b_abs,1963
1773716443,forked-daapd,chatafl_opt,1,l_per,19.6
1773716443,forked-daapd,chatafl_opt,1,l_abs,6191
1773716443,forked-daapd,chatafl_opt,1,b_per,13.9
1773716443,forked-daapd,chatafl_opt,1,b_abs,1963
1773716452,forked-daapd,chatafl_opt,1,l_per,19.6
1773716452,forked-daapd,chatafl_opt,1,l_abs,6191
1773716452,forked-daapd,chatafl_opt,1,b_per,13.9
1773716452,forked-daapd,chatafl_opt,1,b_abs,1963
1773716457,forked-daapd,chatafl_opt,1,l_per,19.6
1773716457,forked-daapd,chatafl_opt,1,l_abs,6191
1773716457,forked-daapd,chatafl_opt,1,b_per,13.9
1773716457,forked-daapd,chatafl_opt,1,b_abs,1963
1773716465,forked-daapd,chatafl_opt,1,l_per,19.6
1773716465,forked-daapd,chatafl_opt,1,l_abs,6191
1773716465,forked-daapd,chatafl_opt,1,b_per,13.9
1773716465,forked-daapd,chatafl_opt,1,b_abs,1964
1773716471,forked-daapd,chatafl_opt,1,l_per,19.6
1773716471,forked-daapd,chatafl_opt,1,l_abs,6191
1773716471,forked-daapd,chatafl_opt,1,b_per,13.9
1773716471,forked-daapd,chatafl_opt,1,b_abs,1964
1773716479,forked-daapd,chatafl_opt,1,l_per,19.6
1773716479,forked-daapd,chatafl_opt,1,l_abs,6191
1773716479,forked-daapd,chatafl_opt,1,b_per,13.9
1773716479,forked-daapd,chatafl_opt,1,b_abs,1964
1773716484,forked-daapd,chatafl_opt,1,l_per,19.6
1773716484,forked-daapd,chatafl_opt,1,l_abs,6191
1773716484,forked-daapd,chatafl_opt,1,b_per,13.9
1773716484,forked-daapd,chatafl_opt,1,b_abs,1964
1773716492,forked-daapd,chatafl_opt,1,l_per,19.6
1773716492,forked-daapd,chatafl_opt,1,l_abs,6191
1773716492,forked-daapd,chatafl_opt,1,b_per,13.9
1773716492,forked-daapd,chatafl_opt,1,b_abs,1964
1773716497,forked-daapd,chatafl_opt,1,l_per,19.6
1773716497,forked-daapd,chatafl_opt,1,l_abs,6191
1773716497,forked-daapd,chatafl_opt,1,b_per,13.9
1773716497,forked-daapd,chatafl_opt,1,b_abs,1964
1773716506,forked-daapd,chatafl_opt,1,l_per,19.6
1773716506,forked-daapd,chatafl_opt,1,l_abs,6191
1773716506,forked-daapd,chatafl_opt,1,b_per,13.9
1773716506,forked-daapd,chatafl_opt,1,b_abs,1964
1773716511,forked-daapd,chatafl_opt,1,l_per,19.6
1773716511,forked-daapd,chatafl_opt,1,l_abs,6191
1773716511,forked-daapd,chatafl_opt,1,b_per,13.9
1773716511,forked-daapd,chatafl_opt,1,b_abs,1964
1773716518,forked-daapd,chatafl_opt,1,l_per,19.6
1773716518,forked-daapd,chatafl_opt,1,l_abs,6191
1773716518,forked-daapd,chatafl_opt,1,b_per,13.9
1773716518,forked-daapd,chatafl_opt,1,b_abs,1964
1773716523,forked-daapd,chatafl_opt,1,l_per,19.6
1773716523,forked-daapd,chatafl_opt,1,l_abs,6191
1773716523,forked-daapd,chatafl_opt,1,b_per,13.9
1773716523,forked-daapd,chatafl_opt,1,b_abs,1964
1773716531,forked-daapd,chatafl_opt,1,l_per,19.6
1773716531,forked-daapd,chatafl_opt,1,l_abs,6191
1773716531,forked-daapd,chatafl_opt,1,b_per,13.9
1773716531,forked-daapd,chatafl_opt,1,b_abs,1964
1773716536,forked-daapd,chatafl_opt,1,l_per,19.6
1773716536,forked-daapd,chatafl_opt,1,l_abs,6191
1773716536,forked-daapd,chatafl_opt,1,b_per,13.9
1773716536,forked-daapd,chatafl_opt,1,b_abs,1964
1773716544,forked-daapd,chatafl_opt,1,l_per,19.6
1773716544,forked-daapd,chatafl_opt,1,l_abs,6191
1773716544,forked-daapd,chatafl_opt,1,b_per,13.9
1773716544,forked-daapd,chatafl_opt,1,b_abs,1964
1773716549,forked-daapd,chatafl_opt,1,l_per,19.6
1773716549,forked-daapd,chatafl_opt,1,l_abs,6191
1773716549,forked-daapd,chatafl_opt,1,b_per,13.9
1773716549,forked-daapd,chatafl_opt,1,b_abs,1964
1773716557,forked-daapd,chatafl_opt,1,l_per,19.6
1773716557,forked-daapd,chatafl_opt,1,l_abs,6191
1773716557,forked-daapd,chatafl_opt,1,b_per,13.9
1773716557,forked-daapd,chatafl_opt,1,b_abs,1964
1773716562,forked-daapd,chatafl_opt,1,l_per,19.6
1773716562,forked-daapd,chatafl_opt,1,l_abs,6191
1773716562,forked-daapd,chatafl_opt,1,b_per,13.9
1773716562,forked-daapd,chatafl_opt,1,b_abs,1964
1773716570,forked-daapd,chatafl_opt,1,l_per,19.6
1773716570,forked-daapd,chatafl_opt,1,l_abs,6191
1773716570,forked-daapd,chatafl_opt,1,b_per,13.9
1773716570,forked-daapd,chatafl_opt,1,b_abs,1964
1773716576,forked-daapd,chatafl_opt,1,l_per,19.6
1773716576,forked-daapd,chatafl_opt,1,l_abs,6191
1773716576,forked-daapd,chatafl_opt,1,b_per,13.9
1773716576,forked-daapd,chatafl_opt,1,b_abs,1964
1773716584,forked-daapd,chatafl_opt,1,l_per,19.6
1773716584,forked-daapd,chatafl_opt,1,l_abs,6191
1773716584,forked-daapd,chatafl_opt,1,b_per,13.9
1773716584,forked-daapd,chatafl_opt,1,b_abs,1964
1773716589,forked-daapd,chatafl_opt,1,l_per,19.6
1773716589,forked-daapd,chatafl_opt,1,l_abs,6191
1773716589,forked-daapd,chatafl_opt,1,b_per,13.9
1773716589,forked-daapd,chatafl_opt,1,b_abs,1964
1773716597,forked-daapd,chatafl_opt,1,l_per,19.6
1773716597,forked-daapd,chatafl_opt,1,l_abs,6191
1773716597,forked-daapd,chatafl_opt,1,b_per,13.9
1773716597,forked-daapd,chatafl_opt,1,b_abs,1964
1773716601,forked-daapd,chatafl_opt,1,l_per,19.6
1773716601,forked-daapd,chatafl_opt,1,l_abs,6191
1773716601,forked-daapd,chatafl_opt,1,b_per,13.9
1773716601,forked-daapd,chatafl_opt,1,b_abs,1964
1773716609,forked-daapd,chatafl_opt,1,l_per,19.6
1773716609,forked-daapd,chatafl_opt,1,l_abs,6191
1773716609,forked-daapd,chatafl_opt,1,b_per,13.9
1773716609,forked-daapd,chatafl_opt,1,b_abs,1964
1773716614,forked-daapd,chatafl_opt,1,l_per,19.6
1773716614,forked-daapd,chatafl_opt,1,l_abs,6191
1773716614,forked-daapd,chatafl_opt,1,b_per,13.9
1773716614,forked-daapd,chatafl_opt,1,b_abs,1964
1773716622,forked-daapd,chatafl_opt,1,l_per,19.6
1773716622,forked-daapd,chatafl_opt,1,l_abs,6191
1773716622,forked-daapd,chatafl_opt,1,b_per,13.9
1773716622,forked-daapd,chatafl_opt,1,b_abs,1964
1773716626,forked-daapd,chatafl_opt,1,l_per,19.6
1773716626,forked-daapd,chatafl_opt,1,l_abs,6191
1773716626,forked-daapd,chatafl_opt,1,b_per,13.9
1773716626,forked-daapd,chatafl_opt,1,b_abs,1964
1773716634,forked-daapd,chatafl_opt,1,l_per,19.6
1773716634,forked-daapd,chatafl_opt,1,l_abs,6191
1773716634,forked-daapd,chatafl_opt,1,b_per,13.9
1773716634,forked-daapd,chatafl_opt,1,b_abs,1964
1773716639,forked-daapd,chatafl_opt,1,l_per,19.6
1773716639,forked-daapd,chatafl_opt,1,l_abs,6191
1773716639,forked-daapd,chatafl_opt,1,b_per,13.9
1773716639,forked-daapd,chatafl_opt,1,b_abs,1964
1773716647,forked-daapd,chatafl_opt,1,l_per,19.6
1773716647,forked-daapd,chatafl_opt,1,l_abs,6191
1773716647,forked-daapd,chatafl_opt,1,b_per,13.9
1773716647,forked-daapd,chatafl_opt,1,b_abs,1964
1773716652,forked-daapd,chatafl_opt,1,l_per,19.6
1773716652,forked-daapd,chatafl_opt,1,l_abs,6191
1773716652,forked-daapd,chatafl_opt,1,b_per,13.9
1773716652,forked-daapd,chatafl_opt,1,b_abs,1964
1773716315,forked-daapd,chatafl_opt,1,l_per,19.6
1773716315,forked-daapd,chatafl_opt,1,l_abs,6191
1773716315,forked-daapd,chatafl_opt,1,b_per,13.9
1773716315,forked-daapd,chatafl_opt,1,b_abs,1964
1773716576,forked-daapd,chatafl_opt,1,l_per,19.7
1773716576,forked-daapd,chatafl_opt,1,l_abs,6216
1773716576,forked-daapd,chatafl_opt,1,b_per,14.0
1773716576,forked-daapd,chatafl_opt,1,b_abs,1980
1773717075,forked-daapd,chatafl_opt,1,l_per,20.3
1773717075,forked-daapd,chatafl_opt,1,l_abs,6402
1773717075,forked-daapd,chatafl_opt,1,b_per,14.5
1773717075,forked-daapd,chatafl_opt,1,b_abs,2043
1773717793,forked-daapd,chatafl_opt,1,l_per,20.9
1773717793,forked-daapd,chatafl_opt,1,l_abs,6590
1773717793,forked-daapd,chatafl_opt,1,b_per,15.0
1773717793,forked-daapd,chatafl_opt,1,b_abs,2110
1773719508,forked-daapd,chatafl_opt,1,l_per,22.5
1773719508,forked-daapd,chatafl_opt,1,l_abs,7118
1773719508,forked-daapd,chatafl_opt,1,b_per,16.1
1773719508,forked-daapd,chatafl_opt,1,b_abs,2264
1773724280,forked-daapd,chatafl_opt,1,l_per,23.2
1773724280,forked-daapd,chatafl_opt,1,l_abs,7352
1773724280,forked-daapd,chatafl_opt,1,b_per,16.5
1773724280,forked-daapd,chatafl_opt,1,b_abs,2331
1773729046,forked-daapd,chatafl_opt,1,l_per,23.8
1773729046,forked-daapd,chatafl_opt,1,l_abs,7540
1773729046,forked-daapd,chatafl_opt,1,b_per,16.8
1773729046,forked-daapd,chatafl_opt,1,b_abs,2375
1773739515,forked-daapd,chatafl_opt,1,l_per,24.4
1773739515,forked-daapd,chatafl_opt,1,l_abs,7718
1773739515,forked-daapd,chatafl_opt,1,b_per,17.2
1773739515,forked-daapd,chatafl_opt,1,b_abs,2428
1773748281,forked-daapd,chatafl_opt,1,l_per,25.5
1773748281,forked-daapd,chatafl_opt,1,l_abs,8077
1773748281,forked-daapd,chatafl_opt,1,b_per,18.0
1773748281,forked-daapd,chatafl_opt,1,b_abs,2545
1773764674,forked-daapd,chatafl_opt,1,l_per,25.6
1773764674,forked-daapd,chatafl_opt,1,l_abs,8106
1773764674,forked-daapd,chatafl_opt,1,b_per,18.1
1773764674,forked-daapd,chatafl_opt,1,b_abs,2554
1773785450,forked-daapd,chatafl_opt,1,l_per,26.4
1773785450,forked-daapd,chatafl_opt,1,l_abs,8338
1773785450,forked-daapd,chatafl_opt,1,b_per,18.6
1773785450,forked-daapd,chatafl_opt,1,b_abs,2616
1773803579,forked-daapd,chatafl_opt,1,l_per,26.5
1773803579,forked-daapd,chatafl_opt,1,l_abs,8374
1773803579,forked-daapd,chatafl_opt,1,b_per,18.6
1773803579,forked-daapd,chatafl_opt,1,b_abs,2629
1773715843,forked-daapd,chatafl_opt,2,l_per,19.3
1773715843,forked-daapd,chatafl_opt,2,l_abs,6109
1773715843,forked-daapd,chatafl_opt,2,b_per,13.7
1773715843,forked-daapd,chatafl_opt,2,b_abs,1929
1773715847,forked-daapd,chatafl_opt,2,l_per,19.6
1773715847,forked-daapd,chatafl_opt,2,l_abs,6185
1773715847,forked-daapd,chatafl_opt,2,b_per,13.9
1773715847,forked-daapd,chatafl_opt,2,b_abs,1959
1773715855,forked-daapd,chatafl_opt,2,l_per,19.6
1773715855,forked-daapd,chatafl_opt,2,l_abs,6185
1773715855,forked-daapd,chatafl_opt,2,b_per,13.9
1773715855,forked-daapd,chatafl_opt,2,b_abs,1959
1773715881,forked-daapd,chatafl_opt,2,l_per,19.6
1773715881,forked-daapd,chatafl_opt,2,l_abs,6185
1773715881,forked-daapd,chatafl_opt,2,b_per,13.9
1773715881,forked-daapd,chatafl_opt,2,b_abs,1959
1773715889,forked-daapd,chatafl_opt,2,l_per,19.6
1773715889,forked-daapd,chatafl_opt,2,l_abs,6185
1773715889,forked-daapd,chatafl_opt,2,b_per,13.9
1773715889,forked-daapd,chatafl_opt,2,b_abs,1959
1773715894,forked-daapd,chatafl_opt,2,l_per,19.6
1773715894,forked-daapd,chatafl_opt,2,l_abs,6185
1773715894,forked-daapd,chatafl_opt,2,b_per,13.9
1773715894,forked-daapd,chatafl_opt,2,b_abs,1959
1773715901,forked-daapd,chatafl_opt,2,l_per,19.6
1773715901,forked-daapd,chatafl_opt,2,l_abs,6185
1773715901,forked-daapd,chatafl_opt,2,b_per,13.9
1773715901,forked-daapd,chatafl_opt,2,b_abs,1959
1773715906,forked-daapd,chatafl_opt,2,l_per,19.6
1773715906,forked-daapd,chatafl_opt,2,l_abs,6185
1773715906,forked-daapd,chatafl_opt,2,b_per,13.9
1773715906,forked-daapd,chatafl_opt,2,b_abs,1959
1773715911,forked-daapd,chatafl_opt,2,l_per,19.6
1773715911,forked-daapd,chatafl_opt,2,l_abs,6185
1773715911,forked-daapd,chatafl_opt,2,b_per,13.9
1773715911,forked-daapd,chatafl_opt,2,b_abs,1959
1773715917,forked-daapd,chatafl_opt,2,l_per,19.6
1773715917,forked-daapd,chatafl_opt,2,l_abs,6185
1773715917,forked-daapd,chatafl_opt,2,b_per,13.9
1773715917,forked-daapd,chatafl_opt,2,b_abs,1959
1773715925,forked-daapd,chatafl_opt,2,l_per,19.6
1773715925,forked-daapd,chatafl_opt,2,l_abs,6185
1773715925,forked-daapd,chatafl_opt,2,b_per,13.9
1773715925,forked-daapd,chatafl_opt,2,b_abs,1959
1773715951,forked-daapd,chatafl_opt,2,l_per,19.6
1773715951,forked-daapd,chatafl_opt,2,l_abs,6185
1773715951,forked-daapd,chatafl_opt,2,b_per,13.9
1773715951,forked-daapd,chatafl_opt,2,b_abs,1959
1773715960,forked-daapd,chatafl_opt,2,l_per,19.6
1773715960,forked-daapd,chatafl_opt,2,l_abs,6185
1773715960,forked-daapd,chatafl_opt,2,b_per,13.9
1773715960,forked-daapd,chatafl_opt,2,b_abs,1959
1773715965,forked-daapd,chatafl_opt,2,l_per,19.6
1773715965,forked-daapd,chatafl_opt,2,l_abs,6185
1773715965,forked-daapd,chatafl_opt,2,b_per,13.9
1773715965,forked-daapd,chatafl_opt,2,b_abs,1959
1773715973,forked-daapd,chatafl_opt,2,l_per,19.6
1773715973,forked-daapd,chatafl_opt,2,l_abs,6185
1773715973,forked-daapd,chatafl_opt,2,b_per,13.9
1773715973,forked-daapd,chatafl_opt,2,b_abs,1959
1773715978,forked-daapd,chatafl_opt,2,l_per,19.6
1773715978,forked-daapd,chatafl_opt,2,l_abs,6185
1773715978,forked-daapd,chatafl_opt,2,b_per,13.9
1773715978,forked-daapd,chatafl_opt,2,b_abs,1959
1773715985,forked-daapd,chatafl_opt,2,l_per,19.6
1773715985,forked-daapd,chatafl_opt,2,l_abs,6185
1773715985,forked-daapd,chatafl_opt,2,b_per,13.9
1773715985,forked-daapd,chatafl_opt,2,b_abs,1959
1773715990,forked-daapd,chatafl_opt,2,l_per,19.6
1773715990,forked-daapd,chatafl_opt,2,l_abs,6185
1773715990,forked-daapd,chatafl_opt,2,b_per,13.9
1773715990,forked-daapd,chatafl_opt,2,b_abs,1959
1773715998,forked-daapd,chatafl_opt,2,l_per,19.6
1773715998,forked-daapd,chatafl_opt,2,l_abs,6185
1773715998,forked-daapd,chatafl_opt,2,b_per,13.9
1773715998,forked-daapd,chatafl_opt,2,b_abs,1959
1773716003,forked-daapd,chatafl_opt,2,l_per,19.6
1773716003,forked-daapd,chatafl_opt,2,l_abs,6185
1773716003,forked-daapd,chatafl_opt,2,b_per,13.9
1773716003,forked-daapd,chatafl_opt,2,b_abs,1959
1773716011,forked-daapd,chatafl_opt,2,l_per,19.6
1773716011,forked-daapd,chatafl_opt,2,l_abs,6185
1773716011,forked-daapd,chatafl_opt,2,b_per,13.9
1773716011,forked-daapd,chatafl_opt,2,b_abs,1959
1773716015,forked-daapd,chatafl_opt,2,l_per,19.6
1773716015,forked-daapd,chatafl_opt,2,l_abs,6185
1773716015,forked-daapd,chatafl_opt,2,b_per,13.9
1773716015,forked-daapd,chatafl_opt,2,b_abs,1959
1773716056,forked-daapd,chatafl_opt,2,l_per,19.6
1773716056,forked-daapd,chatafl_opt,2,l_abs,6185
1773716056,forked-daapd,chatafl_opt,2,b_per,13.9
1773716056,forked-daapd,chatafl_opt,2,b_abs,1959
1773716061,forked-daapd,chatafl_opt,2,l_per,19.6
1773716061,forked-daapd,chatafl_opt,2,l_abs,6185
1773716061,forked-daapd,chatafl_opt,2,b_per,13.9
1773716061,forked-daapd,chatafl_opt,2,b_abs,1959
1773716069,forked-daapd,chatafl_opt,2,l_per,19.6
1773716069,forked-daapd,chatafl_opt,2,l_abs,6185
1773716069,forked-daapd,chatafl_opt,2,b_per,13.9
1773716069,forked-daapd,chatafl_opt,2,b_abs,1959
1773716074,forked-daapd,chatafl_opt,2,l_per,19.6
1773716074,forked-daapd,chatafl_opt,2,l_abs,6185
1773716074,forked-daapd,chatafl_opt,2,b_per,13.9
1773716074,forked-daapd,chatafl_opt,2,b_abs,1959
1773716112,forked-daapd,chatafl_opt,2,l_per,19.6
1773716112,forked-daapd,chatafl_opt,2,l_abs,6185
1773716112,forked-daapd,chatafl_opt,2,b_per,13.9
1773716112,forked-daapd,chatafl_opt,2,b_abs,1959
1773716117,forked-daapd,chatafl_opt,2,l_per,19.6
1773716117,forked-daapd,chatafl_opt,2,l_abs,6185
1773716117,forked-daapd,chatafl_opt,2,b_per,13.9
1773716117,forked-daapd,chatafl_opt,2,b_abs,1959
1773716125,forked-daapd,chatafl_opt,2,l_per,19.6
1773716125,forked-daapd,chatafl_opt,2,l_abs,6185
1773716125,forked-daapd,chatafl_opt,2,b_per,13.9
1773716125,forked-daapd,chatafl_opt,2,b_abs,1959
1773716130,forked-daapd,chatafl_opt,2,l_per,19.6
1773716130,forked-daapd,chatafl_opt,2,l_abs,6185
1773716130,forked-daapd,chatafl_opt,2,b_per,13.9
1773716130,forked-daapd,chatafl_opt,2,b_abs,1959
1773716135,forked-daapd,chatafl_opt,2,l_per,19.6
1773716135,forked-daapd,chatafl_opt,2,l_abs,6185
1773716135,forked-daapd,chatafl_opt,2,b_per,13.9
1773716135,forked-daapd,chatafl_opt,2,b_abs,1959
1773716140,forked-daapd,chatafl_opt,2,l_per,19.6
1773716140,forked-daapd,chatafl_opt,2,l_abs,6185
1773716140,forked-daapd,chatafl_opt,2,b_per,13.9
1773716140,forked-daapd,chatafl_opt,2,b_abs,1959
1773716148,forked-daapd,chatafl_opt,2,l_per,19.6
1773716148,forked-daapd,chatafl_opt,2,l_abs,6185
1773716148,forked-daapd,chatafl_opt,2,b_per,13.9
1773716148,forked-daapd,chatafl_opt,2,b_abs,1959
1773716153,forked-daapd,chatafl_opt,2,l_per,19.6
1773716153,forked-daapd,chatafl_opt,2,l_abs,6185
1773716153,forked-daapd,chatafl_opt,2,b_per,13.9
1773716153,forked-daapd,chatafl_opt,2,b_abs,1959
1773716160,forked-daapd,chatafl_opt,2,l_per,19.6
1773716160,forked-daapd,chatafl_opt,2,l_abs,6185
1773716160,forked-daapd,chatafl_opt,2,b_per,13.9
1773716160,forked-daapd,chatafl_opt,2,b_abs,1959
1773716165,forked-daapd,chatafl_opt,2,l_per,19.6
1773716165,forked-daapd,chatafl_opt,2,l_abs,6185
1773716165,forked-daapd,chatafl_opt,2,b_per,13.9
1773716165,forked-daapd,chatafl_opt,2,b_abs,1959
1773716173,forked-daapd,chatafl_opt,2,l_per,19.6
1773716173,forked-daapd,chatafl_opt,2,l_abs,6185
1773716173,forked-daapd,chatafl_opt,2,b_per,13.9
1773716173,forked-daapd,chatafl_opt,2,b_abs,1959
1773716177,forked-daapd,chatafl_opt,2,l_per,19.6
1773716177,forked-daapd,chatafl_opt,2,l_abs,6185
1773716177,forked-daapd,chatafl_opt,2,b_per,13.9
1773716177,forked-daapd,chatafl_opt,2,b_abs,1959
1773716185,forked-daapd,chatafl_opt,2,l_per,19.6
1773716185,forked-daapd,chatafl_opt,2,l_abs,6185
1773716185,forked-daapd,chatafl_opt,2,b_per,13.9
1773716185,forked-daapd,chatafl_opt,2,b_abs,1959
1773716190,forked-daapd,chatafl_opt,2,l_per,19.6
1773716190,forked-daapd,chatafl_opt,2,l_abs,6185
1773716190,forked-daapd,chatafl_opt,2,b_per,13.9
1773716190,forked-daapd,chatafl_opt,2,b_abs,1959
1773716196,forked-daapd,chatafl_opt,2,l_per,19.6
1773716196,forked-daapd,chatafl_opt,2,l_abs,6185
1773716196,forked-daapd,chatafl_opt,2,b_per,13.9
1773716196,forked-daapd,chatafl_opt,2,b_abs,1959
1773716201,forked-daapd,chatafl_opt,2,l_per,19.6
1773716201,forked-daapd,chatafl_opt,2,l_abs,6185
1773716201,forked-daapd,chatafl_opt,2,b_per,13.9
1773716201,forked-daapd,chatafl_opt,2,b_abs,1959
1773716208,forked-daapd,chatafl_opt,2,l_per,19.6
1773716208,forked-daapd,chatafl_opt,2,l_abs,6185
1773716208,forked-daapd,chatafl_opt,2,b_per,13.9
1773716208,forked-daapd,chatafl_opt,2,b_abs,1959
1773716213,forked-daapd,chatafl_opt,2,l_per,19.6
1773716213,forked-daapd,chatafl_opt,2,l_abs,6185
1773716213,forked-daapd,chatafl_opt,2,b_per,13.9
1773716213,forked-daapd,chatafl_opt,2,b_abs,1959
1773716220,forked-daapd,chatafl_opt,2,l_per,19.6
1773716220,forked-daapd,chatafl_opt,2,l_abs,6185
1773716220,forked-daapd,chatafl_opt,2,b_per,13.9
1773716220,forked-daapd,chatafl_opt,2,b_abs,1959
1773716225,forked-daapd,chatafl_opt,2,l_per,19.6
1773716225,forked-daapd,chatafl_opt,2,l_abs,6185
1773716225,forked-daapd,chatafl_opt,2,b_per,13.9
1773716225,forked-daapd,chatafl_opt,2,b_abs,1959
1773716234,forked-daapd,chatafl_opt,2,l_per,19.6
1773716234,forked-daapd,chatafl_opt,2,l_abs,6185
1773716234,forked-daapd,chatafl_opt,2,b_per,13.9
1773716234,forked-daapd,chatafl_opt,2,b_abs,1959
1773716239,forked-daapd,chatafl_opt,2,l_per,19.6
1773716239,forked-daapd,chatafl_opt,2,l_abs,6185
1773716239,forked-daapd,chatafl_opt,2,b_per,13.9
1773716239,forked-daapd,chatafl_opt,2,b_abs,1959
1773716247,forked-daapd,chatafl_opt,2,l_per,19.6
1773716247,forked-daapd,chatafl_opt,2,l_abs,6185
1773716247,forked-daapd,chatafl_opt,2,b_per,13.9
1773716247,forked-daapd,chatafl_opt,2,b_abs,1959
1773716252,forked-daapd,chatafl_opt,2,l_per,19.6
1773716252,forked-daapd,chatafl_opt,2,l_abs,6185
1773716252,forked-daapd,chatafl_opt,2,b_per,13.9
1773716252,forked-daapd,chatafl_opt,2,b_abs,1959
1773716294,forked-daapd,chatafl_opt,2,l_per,19.6
1773716294,forked-daapd,chatafl_opt,2,l_abs,6185
1773716294,forked-daapd,chatafl_opt,2,b_per,13.9
1773716294,forked-daapd,chatafl_opt,2,b_abs,1959
1773716298,forked-daapd,chatafl_opt,2,l_per,19.6
1773716298,forked-daapd,chatafl_opt,2,l_abs,6185
1773716298,forked-daapd,chatafl_opt,2,b_per,13.9
1773716298,forked-daapd,chatafl_opt,2,b_abs,1959
1773716305,forked-daapd,chatafl_opt,2,l_per,19.6
1773716305,forked-daapd,chatafl_opt,2,l_abs,6185
1773716305,forked-daapd,chatafl_opt,2,b_per,13.9
1773716305,forked-daapd,chatafl_opt,2,b_abs,1959
1773716310,forked-daapd,chatafl_opt,2,l_per,19.6
1773716310,forked-daapd,chatafl_opt,2,l_abs,6185
1773716310,forked-daapd,chatafl_opt,2,b_per,13.9
1773716310,forked-daapd,chatafl_opt,2,b_abs,1959
1773716317,forked-daapd,chatafl_opt,2,l_per,19.6
1773716317,forked-daapd,chatafl_opt,2,l_abs,6185
1773716317,forked-daapd,chatafl_opt,2,b_per,13.9
1773716317,forked-daapd,chatafl_opt,2,b_abs,1959
1773716323,forked-daapd,chatafl_opt,2,l_per,19.6
1773716323,forked-daapd,chatafl_opt,2,l_abs,6185
1773716323,forked-daapd,chatafl_opt,2,b_per,13.9
1773716323,forked-daapd,chatafl_opt,2,b_abs,1959
1773716330,forked-daapd,chatafl_opt,2,l_per,19.6
1773716330,forked-daapd,chatafl_opt,2,l_abs,6185
1773716330,forked-daapd,chatafl_opt,2,b_per,13.9
1773716330,forked-daapd,chatafl_opt,2,b_abs,1959
1773716335,forked-daapd,chatafl_opt,2,l_per,19.6
1773716335,forked-daapd,chatafl_opt,2,l_abs,6185
1773716335,forked-daapd,chatafl_opt,2,b_per,13.9
1773716335,forked-daapd,chatafl_opt,2,b_abs,1959
1773716343,forked-daapd,chatafl_opt,2,l_per,19.6
1773716343,forked-daapd,chatafl_opt,2,l_abs,6185
1773716343,forked-daapd,chatafl_opt,2,b_per,13.9
1773716343,forked-daapd,chatafl_opt,2,b_abs,1959
1773716348,forked-daapd,chatafl_opt,2,l_per,19.6
1773716348,forked-daapd,chatafl_opt,2,l_abs,6185
1773716348,forked-daapd,chatafl_opt,2,b_per,13.9
1773716348,forked-daapd,chatafl_opt,2,b_abs,1959
1773716355,forked-daapd,chatafl_opt,2,l_per,19.6
1773716355,forked-daapd,chatafl_opt,2,l_abs,6185
1773716355,forked-daapd,chatafl_opt,2,b_per,13.9
1773716355,forked-daapd,chatafl_opt,2,b_abs,1959
1773716361,forked-daapd,chatafl_opt,2,l_per,19.6
1773716361,forked-daapd,chatafl_opt,2,l_abs,6185
1773716361,forked-daapd,chatafl_opt,2,b_per,13.9
1773716361,forked-daapd,chatafl_opt,2,b_abs,1959
1773716369,forked-daapd,chatafl_opt,2,l_per,19.6
1773716369,forked-daapd,chatafl_opt,2,l_abs,6185
1773716369,forked-daapd,chatafl_opt,2,b_per,13.9
1773716369,forked-daapd,chatafl_opt,2,b_abs,1959
1773716374,forked-daapd,chatafl_opt,2,l_per,19.6
1773716374,forked-daapd,chatafl_opt,2,l_abs,6185
1773716374,forked-daapd,chatafl_opt,2,b_per,13.9
1773716374,forked-daapd,chatafl_opt,2,b_abs,1959
1773716379,forked-daapd,chatafl_opt,2,l_per,19.6
1773716379,forked-daapd,chatafl_opt,2,l_abs,6191
1773716379,forked-daapd,chatafl_opt,2,b_per,13.9
1773716379,forked-daapd,chatafl_opt,2,b_abs,1963
1773716385,forked-daapd,chatafl_opt,2,l_per,19.6
1773716385,forked-daapd,chatafl_opt,2,l_abs,6191
1773716385,forked-daapd,chatafl_opt,2,b_per,13.9
1773716385,forked-daapd,chatafl_opt,2,b_abs,1963
1773716393,forked-daapd,chatafl_opt,2,l_per,19.6
1773716393,forked-daapd,chatafl_opt,2,l_abs,6191
1773716393,forked-daapd,chatafl_opt,2,b_per,13.9
1773716393,forked-daapd,chatafl_opt,2,b_abs,1963
1773716399,forked-daapd,chatafl_opt,2,l_per,19.6
1773716399,forked-daapd,chatafl_opt,2,l_abs,6191
1773716399,forked-daapd,chatafl_opt,2,b_per,13.9
1773716399,forked-daapd,chatafl_opt,2,b_abs,1963
1773716406,forked-daapd,chatafl_opt,2,l_per,19.6
1773716406,forked-daapd,chatafl_opt,2,l_abs,6191
1773716406,forked-daapd,chatafl_opt,2,b_per,13.9
1773716406,forked-daapd,chatafl_opt,2,b_abs,1963
1773716411,forked-daapd,chatafl_opt,2,l_per,19.6
1773716411,forked-daapd,chatafl_opt,2,l_abs,6191
1773716411,forked-daapd,chatafl_opt,2,b_per,13.9
1773716411,forked-daapd,chatafl_opt,2,b_abs,1963
1773716419,forked-daapd,chatafl_opt,2,l_per,19.6
1773716419,forked-daapd,chatafl_opt,2,l_abs,6191
1773716419,forked-daapd,chatafl_opt,2,b_per,13.9
1773716419,forked-daapd,chatafl_opt,2,b_abs,1963
1773716424,forked-daapd,chatafl_opt,2,l_per,19.6
1773716424,forked-daapd,chatafl_opt,2,l_abs,6191
1773716424,forked-daapd,chatafl_opt,2,b_per,13.9
1773716424,forked-daapd,chatafl_opt,2,b_abs,1963
1773716432,forked-daapd,chatafl_opt,2,l_per,19.6
1773716432,forked-daapd,chatafl_opt,2,l_abs,6191
1773716432,forked-daapd,chatafl_opt,2,b_per,13.9
1773716432,forked-daapd,chatafl_opt,2,b_abs,1963
1773716438,forked-daapd,chatafl_opt,2,l_per,19.6
1773716438,forked-daapd,chatafl_opt,2,l_abs,6191
1773716438,forked-daapd,chatafl_opt,2,b_per,13.9
1773716438,forked-daapd,chatafl_opt,2,b_abs,1963
1773716446,forked-daapd,chatafl_opt,2,l_per,19.6
1773716446,forked-daapd,chatafl_opt,2,l_abs,6191
1773716446,forked-daapd,chatafl_opt,2,b_per,13.9
1773716446,forked-daapd,chatafl_opt,2,b_abs,1963
1773716451,forked-daapd,chatafl_opt,2,l_per,19.6
1773716451,forked-daapd,chatafl_opt,2,l_abs,6191
1773716451,forked-daapd,chatafl_opt,2,b_per,13.9
1773716451,forked-daapd,chatafl_opt,2,b_abs,1963
1773716456,forked-daapd,chatafl_opt,2,l_per,19.6
1773716456,forked-daapd,chatafl_opt,2,l_abs,6191
1773716456,forked-daapd,chatafl_opt,2,b_per,13.9
1773716456,forked-daapd,chatafl_opt,2,b_abs,1963
1773716461,forked-daapd,chatafl_opt,2,l_per,19.6
1773716461,forked-daapd,chatafl_opt,2,l_abs,6191
1773716461,forked-daapd,chatafl_opt,2,b_per,13.9
1773716461,forked-daapd,chatafl_opt,2,b_abs,1963
1773716466,forked-daapd,chatafl_opt,2,l_per,19.6
1773716466,forked-daapd,chatafl_opt,2,l_abs,6191
1773716466,forked-daapd,chatafl_opt,2,b_per,13.9
1773716466,forked-daapd,chatafl_opt,2,b_abs,1963
1773716491,forked-daapd,chatafl_opt,2,l_per,19.6
1773716491,forked-daapd,chatafl_opt,2,l_abs,6191
1773716491,forked-daapd,chatafl_opt,2,b_per,13.9
1773716491,forked-daapd,chatafl_opt,2,b_abs,1963
1773716499,forked-daapd,chatafl_opt,2,l_per,19.6
1773716499,forked-daapd,chatafl_opt,2,l_abs,6191
1773716499,forked-daapd,chatafl_opt,2,b_per,13.9
1773716499,forked-daapd,chatafl_opt,2,b_abs,1963
1773716505,forked-daapd,chatafl_opt,2,l_per,19.6
1773716505,forked-daapd,chatafl_opt,2,l_abs,6191
1773716505,forked-daapd,chatafl_opt,2,b_per,13.9
1773716505,forked-daapd,chatafl_opt,2,b_abs,1963
1773716513,forked-daapd,chatafl_opt,2,l_per,19.6
1773716513,forked-daapd,chatafl_opt,2,l_abs,6191
1773716513,forked-daapd,chatafl_opt,2,b_per,13.9
1773716513,forked-daapd,chatafl_opt,2,b_abs,1963
1773716518,forked-daapd,chatafl_opt,2,l_per,19.6
1773716518,forked-daapd,chatafl_opt,2,l_abs,6191
1773716518,forked-daapd,chatafl_opt,2,b_per,13.9
1773716518,forked-daapd,chatafl_opt,2,b_abs,1963
1773716525,forked-daapd,chatafl_opt,2,l_per,19.6
1773716525,forked-daapd,chatafl_opt,2,l_abs,6191
1773716525,forked-daapd,chatafl_opt,2,b_per,13.9
1773716525,forked-daapd,chatafl_opt,2,b_abs,1963
1773716530,forked-daapd,chatafl_opt,2,l_per,19.6
1773716530,forked-daapd,chatafl_opt,2,l_abs,6191
1773716530,forked-daapd,chatafl_opt,2,b_per,13.9
1773716530,forked-daapd,chatafl_opt,2,b_abs,1963
1773716539,forked-daapd,chatafl_opt,2,l_per,19.6
1773716539,forked-daapd,chatafl_opt,2,l_abs,6191
1773716539,forked-daapd,chatafl_opt,2,b_per,13.9
1773716539,forked-daapd,chatafl_opt,2,b_abs,1963
1773716544,forked-daapd,chatafl_opt,2,l_per,19.6
1773716544,forked-daapd,chatafl_opt,2,l_abs,6191
1773716544,forked-daapd,chatafl_opt,2,b_per,13.9
1773716544,forked-daapd,chatafl_opt,2,b_abs,1963
1773716553,forked-daapd,chatafl_opt,2,l_per,19.6
1773716553,forked-daapd,chatafl_opt,2,l_abs,6191
1773716553,forked-daapd,chatafl_opt,2,b_per,13.9
1773716553,forked-daapd,chatafl_opt,2,b_abs,1963
1773716557,forked-daapd,chatafl_opt,2,l_per,19.6
1773716557,forked-daapd,chatafl_opt,2,l_abs,6191
1773716557,forked-daapd,chatafl_opt,2,b_per,13.9
1773716557,forked-daapd,chatafl_opt,2,b_abs,1963
1773716565,forked-daapd,chatafl_opt,2,l_per,19.6
1773716565,forked-daapd,chatafl_opt,2,l_abs,6191
1773716565,forked-daapd,chatafl_opt,2,b_per,13.9
1773716565,forked-daapd,chatafl_opt,2,b_abs,1963
1773716570,forked-daapd,chatafl_opt,2,l_per,19.6
1773716570,forked-daapd,chatafl_opt,2,l_abs,6191
1773716570,forked-daapd,chatafl_opt,2,b_per,13.9
1773716570,forked-daapd,chatafl_opt,2,b_abs,1963
1773716190,forked-daapd,chatafl_opt,2,l_per,19.6
1773716190,forked-daapd,chatafl_opt,2,l_abs,6191
1773716190,forked-daapd,chatafl_opt,2,b_per,13.9
1773716190,forked-daapd,chatafl_opt,2,b_abs,1963
1773716491,forked-daapd,chatafl_opt,2,l_per,19.6
1773716491,forked-daapd,chatafl_opt,2,l_abs,6191
1773716491,forked-daapd,chatafl_opt,2,b_per,13.9
1773716491,forked-daapd,chatafl_opt,2,b_abs,1963
1773717319,forked-daapd,chatafl_opt,2,l_per,20.2
1773717319,forked-daapd,chatafl_opt,2,l_abs,6387
1773717319,forked-daapd,chatafl_opt,2,b_per,14.5
1773717319,forked-daapd,chatafl_opt,2,b_abs,2040
1773718002,forked-daapd,chatafl_opt,2,l_per,21.0
1773718002,forked-daapd,chatafl_opt,2,l_abs,6641
1773718002,forked-daapd,chatafl_opt,2,b_per,14.9
1773718002,forked-daapd,chatafl_opt,2,b_abs,2107
1773722688,forked-daapd,chatafl_opt,2,l_per,23.0
1773722688,forked-daapd,chatafl_opt,2,l_abs,7284
1773722688,forked-daapd,chatafl_opt,2,b_per,16.2
1773722688,forked-daapd,chatafl_opt,2,b_abs,2289
1773726855,forked-daapd,chatafl_opt,2,l_per,23.4
1773726855,forked-daapd,chatafl_opt,2,l_abs,7394
1773726855,forked-daapd,chatafl_opt,2,b_per,16.4
1773726855,forked-daapd,chatafl_opt,2,b_abs,2313
1773730286,forked-daapd,chatafl_opt,2,l_per,23.8
1773730286,forked-daapd,chatafl_opt,2,l_abs,7519
1773730286,forked-daapd,chatafl_opt,2,b_per,16.7
1773730286,forked-daapd,chatafl_opt,2,b_abs,2358
1773739461,forked-daapd,chatafl_opt,2,l_per,24.1
1773739461,forked-daapd,chatafl_opt,2,l_abs,7627
1773739461,forked-daapd,chatafl_opt,2,b_per,16.9
1773739461,forked-daapd,chatafl_opt,2,b_abs,2390
1773754206,forked-daapd,chatafl_opt,2,l_per,25.5
1773754206,forked-daapd,chatafl_opt,2,l_abs,8072
1773754206,forked-daapd,chatafl_opt,2,b_per,17.9
1773754206,forked-daapd,chatafl_opt,2,b_abs,2522
1773769138,forked-daapd,chatafl_opt,2,l_per,25.8
1773769138,forked-daapd,chatafl_opt,2,l_abs,8172
1773769138,forked-daapd,chatafl_opt,2,b_per,18.1
1773769138,forked-daapd,chatafl_opt,2,b_abs,2557
1773788506,forked-daapd,chatafl_opt,2,l_per,26.3
1773788506,forked-daapd,chatafl_opt,2,l_abs,8320
1773788506,forked-daapd,chatafl_opt,2,b_per,18.4
1773788506,forked-daapd,chatafl_opt,2,b_abs,2594
1773804330,forked-daapd,chatafl_opt,2,l_per,26.4
1773804330,forked-daapd,chatafl_opt,2,l_abs,8358
1773804330,forked-daapd,chatafl_opt,2,b_per,18.5
1773804330,forked-daapd,chatafl_opt,2,b_abs,2609
1773715787,forked-daapd,chatafl_opt,3,l_per,19.3
1773715787,forked-daapd,chatafl_opt,3,l_abs,6109
1773715787,forked-daapd,chatafl_opt,3,b_per,13.7
1773715787,forked-daapd,chatafl_opt,3,b_abs,1928
1773715792,forked-daapd,chatafl_opt,3,l_per,19.6
1773715792,forked-daapd,chatafl_opt,3,l_abs,6185
1773715792,forked-daapd,chatafl_opt,3,b_per,13.9
1773715792,forked-daapd,chatafl_opt,3,b_abs,1958
1773715799,forked-daapd,chatafl_opt,3,l_per,19.6
1773715799,forked-daapd,chatafl_opt,3,l_abs,6185
1773715799,forked-daapd,chatafl_opt,3,b_per,13.9
1773715799,forked-daapd,chatafl_opt,3,b_abs,1959
1773715803,forked-daapd,chatafl_opt,3,l_per,19.6
1773715803,forked-daapd,chatafl_opt,3,l_abs,6190
1773715803,forked-daapd,chatafl_opt,3,b_per,13.9
1773715803,forked-daapd,chatafl_opt,3,b_abs,1961
1773715810,forked-daapd,chatafl_opt,3,l_per,19.6
1773715810,forked-daapd,chatafl_opt,3,l_abs,6190
1773715810,forked-daapd,chatafl_opt,3,b_per,13.9
1773715810,forked-daapd,chatafl_opt,3,b_abs,1961
1773715815,forked-daapd,chatafl_opt,3,l_per,19.6
1773715815,forked-daapd,chatafl_opt,3,l_abs,6190
1773715815,forked-daapd,chatafl_opt,3,b_per,13.9
1773715815,forked-daapd,chatafl_opt,3,b_abs,1961
1773715823,forked-daapd,chatafl_opt,3,l_per,19.6
1773715823,forked-daapd,chatafl_opt,3,l_abs,6190
1773715823,forked-daapd,chatafl_opt,3,b_per,13.9
1773715823,forked-daapd,chatafl_opt,3,b_abs,1961
1773715828,forked-daapd,chatafl_opt,3,l_per,19.6
1773715828,forked-daapd,chatafl_opt,3,l_abs,6190
1773715828,forked-daapd,chatafl_opt,3,b_per,13.9
1773715828,forked-daapd,chatafl_opt,3,b_abs,1961
1773715837,forked-daapd,chatafl_opt,3,l_per,19.6
1773715837,forked-daapd,chatafl_opt,3,l_abs,6190
1773715837,forked-daapd,chatafl_opt,3,b_per,13.9
1773715837,forked-daapd,chatafl_opt,3,b_abs,1961
1773715862,forked-daapd,chatafl_opt,3,l_per,19.6
1773715862,forked-daapd,chatafl_opt,3,l_abs,6190
1773715862,forked-daapd,chatafl_opt,3,b_per,13.9
1773715862,forked-daapd,chatafl_opt,3,b_abs,1961
1773715871,forked-daapd,chatafl_opt,3,l_per,19.6
1773715871,forked-daapd,chatafl_opt,3,l_abs,6190
1773715871,forked-daapd,chatafl_opt,3,b_per,13.9
1773715871,forked-daapd,chatafl_opt,3,b_abs,1961
1773715876,forked-daapd,chatafl_opt,3,l_per,19.6
1773715876,forked-daapd,chatafl_opt,3,l_abs,6190
1773715876,forked-daapd,chatafl_opt,3,b_per,13.9
1773715876,forked-daapd,chatafl_opt,3,b_abs,1961
1773715885,forked-daapd,chatafl_opt,3,l_per,19.6
1773715885,forked-daapd,chatafl_opt,3,l_abs,6190
1773715885,forked-daapd,chatafl_opt,3,b_per,13.9
1773715885,forked-daapd,chatafl_opt,3,b_abs,1961
1773715890,forked-daapd,chatafl_opt,3,l_per,19.6
1773715890,forked-daapd,chatafl_opt,3,l_abs,6190
1773715890,forked-daapd,chatafl_opt,3,b_per,13.9
1773715890,forked-daapd,chatafl_opt,3,b_abs,1961
1773715897,forked-daapd,chatafl_opt,3,l_per,19.6
1773715897,forked-daapd,chatafl_opt,3,l_abs,6190
1773715897,forked-daapd,chatafl_opt,3,b_per,13.9
1773715897,forked-daapd,chatafl_opt,3,b_abs,1961
1773715902,forked-daapd,chatafl_opt,3,l_per,19.6
1773715902,forked-daapd,chatafl_opt,3,l_abs,6190
1773715902,forked-daapd,chatafl_opt,3,b_per,13.9
1773715902,forked-daapd,chatafl_opt,3,b_abs,1961
1773715909,forked-daapd,chatafl_opt,3,l_per,19.6
1773715909,forked-daapd,chatafl_opt,3,l_abs,6190
1773715909,forked-daapd,chatafl_opt,3,b_per,13.9
1773715909,forked-daapd,chatafl_opt,3,b_abs,1961
1773715935,forked-daapd,chatafl_opt,3,l_per,19.6
1773715935,forked-daapd,chatafl_opt,3,l_abs,6190
1773715935,forked-daapd,chatafl_opt,3,b_per,13.9
1773715935,forked-daapd,chatafl_opt,3,b_abs,1961
1773715943,forked-daapd,chatafl_opt,3,l_per,19.6
1773715943,forked-daapd,chatafl_opt,3,l_abs,6190
1773715943,forked-daapd,chatafl_opt,3,b_per,13.9
1773715943,forked-daapd,chatafl_opt,3,b_abs,1961
1773715948,forked-daapd,chatafl_opt,3,l_per,19.6
1773715948,forked-daapd,chatafl_opt,3,l_abs,6190
1773715948,forked-daapd,chatafl_opt,3,b_per,13.9
1773715948,forked-daapd,chatafl_opt,3,b_abs,1961
1773715956,forked-daapd,chatafl_opt,3,l_per,19.6
1773715956,forked-daapd,chatafl_opt,3,l_abs,6190
1773715956,forked-daapd,chatafl_opt,3,b_per,13.9
1773715956,forked-daapd,chatafl_opt,3,b_abs,1961
1773715981,forked-daapd,chatafl_opt,3,l_per,19.6
1773715981,forked-daapd,chatafl_opt,3,l_abs,6190
1773715981,forked-daapd,chatafl_opt,3,b_per,13.9
1773715981,forked-daapd,chatafl_opt,3,b_abs,1961
1773715989,forked-daapd,chatafl_opt,3,l_per,19.6
1773715989,forked-daapd,chatafl_opt,3,l_abs,6190
1773715989,forked-daapd,chatafl_opt,3,b_per,13.9
1773715989,forked-daapd,chatafl_opt,3,b_abs,1961
1773715994,forked-daapd,chatafl_opt,3,l_per,19.6
1773715994,forked-daapd,chatafl_opt,3,l_abs,6190
1773715994,forked-daapd,chatafl_opt,3,b_per,13.9
1773715994,forked-daapd,chatafl_opt,3,b_abs,1961
1773716002,forked-daapd,chatafl_opt,3,l_per,19.6
1773716002,forked-daapd,chatafl_opt,3,l_abs,6190
1773716002,forked-daapd,chatafl_opt,3,b_per,13.9
1773716002,forked-daapd,chatafl_opt,3,b_abs,1961
1773716007,forked-daapd,chatafl_opt,3,l_per,19.6
1773716007,forked-daapd,chatafl_opt,3,l_abs,6190
1773716007,forked-daapd,chatafl_opt,3,b_per,13.9
1773716007,forked-daapd,chatafl_opt,3,b_abs,1961
1773716011,forked-daapd,chatafl_opt,3,l_per,19.6
1773716011,forked-daapd,chatafl_opt,3,l_abs,6190
1773716011,forked-daapd,chatafl_opt,3,b_per,13.9
1773716011,forked-daapd,chatafl_opt,3,b_abs,1961
1773716016,forked-daapd,chatafl_opt,3,l_per,19.6
1773716016,forked-daapd,chatafl_opt,3,l_abs,6190
1773716016,forked-daapd,chatafl_opt,3,b_per,13.9
1773716016,forked-daapd,chatafl_opt,3,b_abs,1961
1773716024,forked-daapd,chatafl_opt,3,l_per,19.6
1773716024,forked-daapd,chatafl_opt,3,l_abs,6190
1773716024,forked-daapd,chatafl_opt,3,b_per,13.9
1773716024,forked-daapd,chatafl_opt,3,b_abs,1961
1773716029,forked-daapd,chatafl_opt,3,l_per,19.6
1773716029,forked-daapd,chatafl_opt,3,l_abs,6190
1773716029,forked-daapd,chatafl_opt,3,b_per,13.9
1773716029,forked-daapd,chatafl_opt,3,b_abs,1961
1773716037,forked-daapd,chatafl_opt,3,l_per,19.6
1773716037,forked-daapd,chatafl_opt,3,l_abs,6190
1773716037,forked-daapd,chatafl_opt,3,b_per,13.9
1773716037,forked-daapd,chatafl_opt,3,b_abs,1961
1773716043,forked-daapd,chatafl_opt,3,l_per,19.6
1773716043,forked-daapd,chatafl_opt,3,l_abs,6190
1773716043,forked-daapd,chatafl_opt,3,b_per,13.9
1773716043,forked-daapd,chatafl_opt,3,b_abs,1961
1773716048,forked-daapd,chatafl_opt,3,l_per,19.6
1773716048,forked-daapd,chatafl_opt,3,l_abs,6190
1773716048,forked-daapd,chatafl_opt,3,b_per,13.9
1773716048,forked-daapd,chatafl_opt,3,b_abs,1961
1773716053,forked-daapd,chatafl_opt,3,l_per,19.6
1773716053,forked-daapd,chatafl_opt,3,l_abs,6190
1773716053,forked-daapd,chatafl_opt,3,b_per,13.9
1773716053,forked-daapd,chatafl_opt,3,b_abs,1961
1773716061,forked-daapd,chatafl_opt,3,l_per,19.6
1773716061,forked-daapd,chatafl_opt,3,l_abs,6190
1773716061,forked-daapd,chatafl_opt,3,b_per,13.9
1773716061,forked-daapd,chatafl_opt,3,b_abs,1961
1773716066,forked-daapd,chatafl_opt,3,l_per,19.6
1773716066,forked-daapd,chatafl_opt,3,l_abs,6190
1773716066,forked-daapd,chatafl_opt,3,b_per,13.9
1773716066,forked-daapd,chatafl_opt,3,b_abs,1961
1773716104,forked-daapd,chatafl_opt,3,l_per,19.6
1773716104,forked-daapd,chatafl_opt,3,l_abs,6190
1773716104,forked-daapd,chatafl_opt,3,b_per,13.9
1773716104,forked-daapd,chatafl_opt,3,b_abs,1961
1773716109,forked-daapd,chatafl_opt,3,l_per,19.6
1773716109,forked-daapd,chatafl_opt,3,l_abs,6190
1773716109,forked-daapd,chatafl_opt,3,b_per,13.9
1773716109,forked-daapd,chatafl_opt,3,b_abs,1961
1773716116,forked-daapd,chatafl_opt,3,l_per,19.6
1773716116,forked-daapd,chatafl_opt,3,l_abs,6190
1773716116,forked-daapd,chatafl_opt,3,b_per,13.9
1773716116,forked-daapd,chatafl_opt,3,b_abs,1961
1773716122,forked-daapd,chatafl_opt,3,l_per,19.6
1773716122,forked-daapd,chatafl_opt,3,l_abs,6190
1773716122,forked-daapd,chatafl_opt,3,b_per,13.9
1773716122,forked-daapd,chatafl_opt,3,b_abs,1961
1773716131,forked-daapd,chatafl_opt,3,l_per,19.6
1773716131,forked-daapd,chatafl_opt,3,l_abs,6190
1773716131,forked-daapd,chatafl_opt,3,b_per,13.9
1773716131,forked-daapd,chatafl_opt,3,b_abs,1961
1773716136,forked-daapd,chatafl_opt,3,l_per,19.6
1773716136,forked-daapd,chatafl_opt,3,l_abs,6190
1773716136,forked-daapd,chatafl_opt,3,b_per,13.9
1773716136,forked-daapd,chatafl_opt,3,b_abs,1961
1773716145,forked-daapd,chatafl_opt,3,l_per,19.6
1773716145,forked-daapd,chatafl_opt,3,l_abs,6190
1773716145,forked-daapd,chatafl_opt,3,b_per,13.9
1773716145,forked-daapd,chatafl_opt,3,b_abs,1961
1773716150,forked-daapd,chatafl_opt,3,l_per,19.6
1773716150,forked-daapd,chatafl_opt,3,l_abs,6190
1773716150,forked-daapd,chatafl_opt,3,b_per,13.9
1773716150,forked-daapd,chatafl_opt,3,b_abs,1961
1773716155,forked-daapd,chatafl_opt,3,l_per,19.6
1773716155,forked-daapd,chatafl_opt,3,l_abs,6191
1773716155,forked-daapd,chatafl_opt,3,b_per,13.9
1773716155,forked-daapd,chatafl_opt,3,b_abs,1963
1773716160,forked-daapd,chatafl_opt,3,l_per,19.6
1773716160,forked-daapd,chatafl_opt,3,l_abs,6191
1773716160,forked-daapd,chatafl_opt,3,b_per,13.9
1773716160,forked-daapd,chatafl_opt,3,b_abs,1963
1773716168,forked-daapd,chatafl_opt,3,l_per,19.6
1773716168,forked-daapd,chatafl_opt,3,l_abs,6191
1773716168,forked-daapd,chatafl_opt,3,b_per,13.9
1773716168,forked-daapd,chatafl_opt,3,b_abs,1963
1773716173,forked-daapd,chatafl_opt,3,l_per,19.6
1773716173,forked-daapd,chatafl_opt,3,l_abs,6191
1773716173,forked-daapd,chatafl_opt,3,b_per,13.9
1773716173,forked-daapd,chatafl_opt,3,b_abs,1963
1773716180,forked-daapd,chatafl_opt,3,l_per,19.6
1773716180,forked-daapd,chatafl_opt,3,l_abs,6191
1773716180,forked-daapd,chatafl_opt,3,b_per,13.9
1773716180,forked-daapd,chatafl_opt,3,b_abs,1963
1773716185,forked-daapd,chatafl_opt,3,l_per,19.6
1773716185,forked-daapd,chatafl_opt,3,l_abs,6191
1773716185,forked-daapd,chatafl_opt,3,b_per,13.9
1773716185,forked-daapd,chatafl_opt,3,b_abs,1963
1773716192,forked-daapd,chatafl_opt,3,l_per,19.6
1773716192,forked-daapd,chatafl_opt,3,l_abs,6191
1773716192,forked-daapd,chatafl_opt,3,b_per,13.9
1773716192,forked-daapd,chatafl_opt,3,b_abs,1963
1773716197,forked-daapd,chatafl_opt,3,l_per,19.6
1773716197,forked-daapd,chatafl_opt,3,l_abs,6191
1773716197,forked-daapd,chatafl_opt,3,b_per,13.9
1773716197,forked-daapd,chatafl_opt,3,b_abs,1963
1773716205,forked-daapd,chatafl_opt,3,l_per,19.6
1773716205,forked-daapd,chatafl_opt,3,l_abs,6191
1773716205,forked-daapd,chatafl_opt,3,b_per,13.9
1773716205,forked-daapd,chatafl_opt,3,b_abs,1963
1773716209,forked-daapd,chatafl_opt,3,l_per,19.6
1773716209,forked-daapd,chatafl_opt,3,l_abs,6191
1773716209,forked-daapd,chatafl_opt,3,b_per,13.9
1773716209,forked-daapd,chatafl_opt,3,b_abs,1963
1773716217,forked-daapd,chatafl_opt,3,l_per,19.6
1773716217,forked-daapd,chatafl_opt,3,l_abs,6191
1773716217,forked-daapd,chatafl_opt,3,b_per,13.9
1773716217,forked-daapd,chatafl_opt,3,b_abs,1963
1773716221,forked-daapd,chatafl_opt,3,l_per,19.6
1773716221,forked-daapd,chatafl_opt,3,l_abs,6191
1773716221,forked-daapd,chatafl_opt,3,b_per,13.9
1773716221,forked-daapd,chatafl_opt,3,b_abs,1963
1773716229,forked-daapd,chatafl_opt,3,l_per,19.6
1773716229,forked-daapd,chatafl_opt,3,l_abs,6191
1773716229,forked-daapd,chatafl_opt,3,b_per,13.9
1773716229,forked-daapd,chatafl_opt,3,b_abs,1963
1773716234,forked-daapd,chatafl_opt,3,l_per,19.6
1773716234,forked-daapd,chatafl_opt,3,l_abs,6191
1773716234,forked-daapd,chatafl_opt,3,b_per,13.9
1773716234,forked-daapd,chatafl_opt,3,b_abs,1963
1773716243,forked-daapd,chatafl_opt,3,l_per,19.6
1773716243,forked-daapd,chatafl_opt,3,l_abs,6191
1773716243,forked-daapd,chatafl_opt,3,b_per,13.9
1773716243,forked-daapd,chatafl_opt,3,b_abs,1963
1773716248,forked-daapd,chatafl_opt,3,l_per,19.6
1773716248,forked-daapd,chatafl_opt,3,l_abs,6191
1773716248,forked-daapd,chatafl_opt,3,b_per,13.9
1773716248,forked-daapd,chatafl_opt,3,b_abs,1963
1773716256,forked-daapd,chatafl_opt,3,l_per,19.6
1773716256,forked-daapd,chatafl_opt,3,l_abs,6191
1773716256,forked-daapd,chatafl_opt,3,b_per,13.9
1773716256,forked-daapd,chatafl_opt,3,b_abs,1963
1773716261,forked-daapd,chatafl_opt,3,l_per,19.6
1773716261,forked-daapd,chatafl_opt,3,l_abs,6191
1773716261,forked-daapd,chatafl_opt,3,b_per,13.9
1773716261,forked-daapd,chatafl_opt,3,b_abs,1963
1773716269,forked-daapd,chatafl_opt,3,l_per,19.6
1773716269,forked-daapd,chatafl_opt,3,l_abs,6191
1773716269,forked-daapd,chatafl_opt,3,b_per,13.9
1773716269,forked-daapd,chatafl_opt,3,b_abs,1963
1773716275,forked-daapd,chatafl_opt,3,l_per,19.6
1773716275,forked-daapd,chatafl_opt,3,l_abs,6191
1773716275,forked-daapd,chatafl_opt,3,b_per,13.9
1773716275,forked-daapd,chatafl_opt,3,b_abs,1963
1773716282,forked-daapd,chatafl_opt,3,l_per,19.6
1773716282,forked-daapd,chatafl_opt,3,l_abs,6191
1773716282,forked-daapd,chatafl_opt,3,b_per,13.9
1773716282,forked-daapd,chatafl_opt,3,b_abs,1963
1773716287,forked-daapd,chatafl_opt,3,l_per,19.6
1773716287,forked-daapd,chatafl_opt,3,l_abs,6191
1773716287,forked-daapd,chatafl_opt,3,b_per,13.9
1773716287,forked-daapd,chatafl_opt,3,b_abs,1963
1773716294,forked-daapd,chatafl_opt,3,l_per,19.6
1773716294,forked-daapd,chatafl_opt,3,l_abs,6191
1773716294,forked-daapd,chatafl_opt,3,b_per,13.9
1773716294,forked-daapd,chatafl_opt,3,b_abs,1963
1773716299,forked-daapd,chatafl_opt,3,l_per,19.6
1773716299,forked-daapd,chatafl_opt,3,l_abs,6191
1773716299,forked-daapd,chatafl_opt,3,b_per,13.9
1773716299,forked-daapd,chatafl_opt,3,b_abs,1963
1773716306,forked-daapd,chatafl_opt,3,l_per,19.6
1773716306,forked-daapd,chatafl_opt,3,l_abs,6191
1773716306,forked-daapd,chatafl_opt,3,b_per,13.9
1773716306,forked-daapd,chatafl_opt,3,b_abs,1963
1773716311,forked-daapd,chatafl_opt,3,l_per,19.6
1773716311,forked-daapd,chatafl_opt,3,l_abs,6191
1773716311,forked-daapd,chatafl_opt,3,b_per,13.9
1773716311,forked-daapd,chatafl_opt,3,b_abs,1963
1773716319,forked-daapd,chatafl_opt,3,l_per,19.6
1773716319,forked-daapd,chatafl_opt,3,l_abs,6191
1773716319,forked-daapd,chatafl_opt,3,b_per,13.9
1773716319,forked-daapd,chatafl_opt,3,b_abs,1963
1773716324,forked-daapd,chatafl_opt,3,l_per,19.6
1773716324,forked-daapd,chatafl_opt,3,l_abs,6191
1773716324,forked-daapd,chatafl_opt,3,b_per,13.9
1773716324,forked-daapd,chatafl_opt,3,b_abs,1963
1773716329,forked-daapd,chatafl_opt,3,l_per,19.6
1773716329,forked-daapd,chatafl_opt,3,l_abs,6191
1773716329,forked-daapd,chatafl_opt,3,b_per,13.9
1773716329,forked-daapd,chatafl_opt,3,b_abs,1963
1773716333,forked-daapd,chatafl_opt,3,l_per,19.6
1773716333,forked-daapd,chatafl_opt,3,l_abs,6191
1773716333,forked-daapd,chatafl_opt,3,b_per,13.9
1773716333,forked-daapd,chatafl_opt,3,b_abs,1963
1773716341,forked-daapd,chatafl_opt,3,l_per,19.6
1773716341,forked-daapd,chatafl_opt,3,l_abs,6191
1773716341,forked-daapd,chatafl_opt,3,b_per,13.9
1773716341,forked-daapd,chatafl_opt,3,b_abs,1963
1773716346,forked-daapd,chatafl_opt,3,l_per,19.6
1773716346,forked-daapd,chatafl_opt,3,l_abs,6191
1773716346,forked-daapd,chatafl_opt,3,b_per,13.9
1773716346,forked-daapd,chatafl_opt,3,b_abs,1963
1773716351,forked-daapd,chatafl_opt,3,l_per,19.6
1773716351,forked-daapd,chatafl_opt,3,l_abs,6191
1773716351,forked-daapd,chatafl_opt,3,b_per,13.9
1773716351,forked-daapd,chatafl_opt,3,b_abs,1963
1773716356,forked-daapd,chatafl_opt,3,l_per,19.6
1773716356,forked-daapd,chatafl_opt,3,l_abs,6191
1773716356,forked-daapd,chatafl_opt,3,b_per,13.9
1773716356,forked-daapd,chatafl_opt,3,b_abs,1963
1773716364,forked-daapd,chatafl_opt,3,l_per,19.6
1773716364,forked-daapd,chatafl_opt,3,l_abs,6191
1773716364,forked-daapd,chatafl_opt,3,b_per,13.9
1773716364,forked-daapd,chatafl_opt,3,b_abs,1963
1773716369,forked-daapd,chatafl_opt,3,l_per,19.6
1773716369,forked-daapd,chatafl_opt,3,l_abs,6191
1773716369,forked-daapd,chatafl_opt,3,b_per,13.9
1773716369,forked-daapd,chatafl_opt,3,b_abs,1963
1773716377,forked-daapd,chatafl_opt,3,l_per,19.6
1773716377,forked-daapd,chatafl_opt,3,l_abs,6191
1773716377,forked-daapd,chatafl_opt,3,b_per,13.9
1773716377,forked-daapd,chatafl_opt,3,b_abs,1963
1773716383,forked-daapd,chatafl_opt,3,l_per,19.6
1773716383,forked-daapd,chatafl_opt,3,l_abs,6191
1773716383,forked-daapd,chatafl_opt,3,b_per,13.9
1773716383,forked-daapd,chatafl_opt,3,b_abs,1963
1773716391,forked-daapd,chatafl_opt,3,l_per,19.6
1773716391,forked-daapd,chatafl_opt,3,l_abs,6191
1773716391,forked-daapd,chatafl_opt,3,b_per,13.9
1773716391,forked-daapd,chatafl_opt,3,b_abs,1963
1773716395,forked-daapd,chatafl_opt,3,l_per,19.6
1773716395,forked-daapd,chatafl_opt,3,l_abs,6191
1773716395,forked-daapd,chatafl_opt,3,b_per,13.9
1773716395,forked-daapd,chatafl_opt,3,b_abs,1963
1773716403,forked-daapd,chatafl_opt,3,l_per,19.6
1773716403,forked-daapd,chatafl_opt,3,l_abs,6191
1773716403,forked-daapd,chatafl_opt,3,b_per,13.9
1773716403,forked-daapd,chatafl_opt,3,b_abs,1963
1773716407,forked-daapd,chatafl_opt,3,l_per,19.6
1773716407,forked-daapd,chatafl_opt,3,l_abs,6191
1773716407,forked-daapd,chatafl_opt,3,b_per,13.9
1773716407,forked-daapd,chatafl_opt,3,b_abs,1963
1773716415,forked-daapd,chatafl_opt,3,l_per,19.6
1773716415,forked-daapd,chatafl_opt,3,l_abs,6191
1773716415,forked-daapd,chatafl_opt,3,b_per,13.9
1773716415,forked-daapd,chatafl_opt,3,b_abs,1963
1773716420,forked-daapd,chatafl_opt,3,l_per,19.6
1773716420,forked-daapd,chatafl_opt,3,l_abs,6191
1773716420,forked-daapd,chatafl_opt,3,b_per,13.9
1773716420,forked-daapd,chatafl_opt,3,b_abs,1963
1773716428,forked-daapd,chatafl_opt,3,l_per,19.6
1773716428,forked-daapd,chatafl_opt,3,l_abs,6191
1773716428,forked-daapd,chatafl_opt,3,b_per,13.9
1773716428,forked-daapd,chatafl_opt,3,b_abs,1963
1773716454,forked-daapd,chatafl_opt,3,l_per,19.6
1773716454,forked-daapd,chatafl_opt,3,l_abs,6191
1773716454,forked-daapd,chatafl_opt,3,b_per,13.9
1773716454,forked-daapd,chatafl_opt,3,b_abs,1963
1773716462,forked-daapd,chatafl_opt,3,l_per,19.6
1773716462,forked-daapd,chatafl_opt,3,l_abs,6191
1773716462,forked-daapd,chatafl_opt,3,b_per,13.9
1773716462,forked-daapd,chatafl_opt,3,b_abs,1963
1773716468,forked-daapd,chatafl_opt,3,l_per,19.6
1773716468,forked-daapd,chatafl_opt,3,l_abs,6191
1773716468,forked-daapd,chatafl_opt,3,b_per,13.9
1773716468,forked-daapd,chatafl_opt,3,b_abs,1963
1773716122,forked-daapd,chatafl_opt,3,l_per,19.6
1773716122,forked-daapd,chatafl_opt,3,l_abs,6191
1773716122,forked-daapd,chatafl_opt,3,b_per,13.9
1773716122,forked-daapd,chatafl_opt,3,b_abs,1963
1773716369,forked-daapd,chatafl_opt,3,l_per,19.6
1773716369,forked-daapd,chatafl_opt,3,l_abs,6191
1773716369,forked-daapd,chatafl_opt,3,b_per,13.9
1773716369,forked-daapd,chatafl_opt,3,b_abs,1963
1773716909,forked-daapd,chatafl_opt,3,l_per,20.1
1773716909,forked-daapd,chatafl_opt,3,l_abs,6337
1773716909,forked-daapd,chatafl_opt,3,b_per,14.4
1773716909,forked-daapd,chatafl_opt,3,b_abs,2025
1773719184,forked-daapd,chatafl_opt,3,l_per,21.1
1773719184,forked-daapd,chatafl_opt,3,l_abs,6665
1773719184,forked-daapd,chatafl_opt,3,b_per,15.1
1773719184,forked-daapd,chatafl_opt,3,b_abs,2136
1773721881,forked-daapd,chatafl_opt,3,l_per,21.7
1773721881,forked-daapd,chatafl_opt,3,l_abs,6844
1773721881,forked-daapd,chatafl_opt,3,b_per,15.5
1773721881,forked-daapd,chatafl_opt,3,b_abs,2188
1773725012,forked-daapd,chatafl_opt,3,l_per,23.3
1773725012,forked-daapd,chatafl_opt,3,l_abs,7351
1773725012,forked-daapd,chatafl_opt,3,b_per,16.4
1773725012,forked-daapd,chatafl_opt,3,b_abs,2318
1773731518,forked-daapd,chatafl_opt,3,l_per,23.9
1773731518,forked-daapd,chatafl_opt,3,l_abs,7564
1773731518,forked-daapd,chatafl_opt,3,b_per,16.9
1773731518,forked-daapd,chatafl_opt,3,b_abs,2381
1773740941,forked-daapd,chatafl_opt,3,l_per,24.1
1773740941,forked-daapd,chatafl_opt,3,l_abs,7635
1773740941,forked-daapd,chatafl_opt,3,b_per,17.0
1773740941,forked-daapd,chatafl_opt,3,b_abs,2401
1773750327,forked-daapd,chatafl_opt,3,l_per,24.3
1773750327,forked-daapd,chatafl_opt,3,l_abs,7670
1773750327,forked-daapd,chatafl_opt,3,b_per,17.1
1773750327,forked-daapd,chatafl_opt,3,b_abs,2411
1773767466,forked-daapd,chatafl_opt,3,l_per,24.7
1773767466,forked-daapd,chatafl_opt,3,l_abs,7809
1773767466,forked-daapd,chatafl_opt,3,b_per,17.4
1773767466,forked-daapd,chatafl_opt,3,b_abs,2448
1773783087,forked-daapd,chatafl_opt,3,l_per,24.9
1773783087,forked-daapd,chatafl_opt,3,l_abs,7867
1773783087,forked-daapd,chatafl_opt,3,b_per,17.5
1773783087,forked-daapd,chatafl_opt,3,b_abs,2474
1773802225,forked-daapd,chatafl_opt,3,l_per,25.3
1773802225,forked-daapd,chatafl_opt,3,l_abs,8016
1773802225,forked-daapd,chatafl_opt,3,b_per,17.8
1773802225,forked-daapd,chatafl_opt,3,b_abs,2514
