# unix_time, cycles_done, cur_path, paths_total, pending_total, pending_favs, map_size, unique_crashes, unique_hangs, max_depth, execs_per_sec, n_nodes, n_edges, chat_times, llm_calls, llm_prompt_tok, llm_compl_tok, llm_dedup, hyp_fitness, hyp_success, hyp_failure
1773260338, 0, 0, 93, 93, 18, 11.13%, 0, 0, 2, 1.64, 16, 56, 0, 0, 0, 0, 0, 0.000, 0, 0
1773260343, 0, 0, 94, 94, 18, 11.14%, 0, 0, 2, 2.12, 16, 56, 0, 0, 0, 0, 0, 0.000, 0, 0
1773260348, 0, 0, 95, 95, 18, 11.14%, 0, 0, 2, 2.36, 16, 56, 0, 0, 0, 0, 0, 0.000, 0, 0
1773260353, 0, 0, 97, 97, 18, 11.15%, 0, 0, 2, 2.40, 16, 57, 0, 0, 0, 0, 0, 0.000, 0, 0
1773260358, 0, 0, 98, 98, 18, 11.15%, 0, 0, 2, 2.49, 16, 58, 0, 0, 0, 0, 0, 0.000, 0, 0
1773260374, 0, 0, 99, 99, 18, 11.17%, 0, 0, 2, 2.65, 16, 58, 0, 0, 0, 0, 0, 0.000, 0, 0
1773260379, 0, 0, 100, 100, 18, 11.19%, 0, 0, 2, 2.64, 16, 58, 0, 0, 0, 0, 0, 0.000, 0, 0
1773260384, 0, 0, 101, 101, 18, 11.19%, 0, 0, 2, 2.60, 16, 58, 0, 0, 0, 0, 0, 0.000, 0, 0
1773260390, 0, 0, 102, 102, 18, 11.19%, 0, 0, 2, 2.59, 16, 58, 0, 0, 0, 0, 0, 0.000, 0, 0
1773260395, 0, 0, 103, 103, 18, 11.19%, 0, 0, 2, 2.47, 16, 58, 0, 0, 0, 0, 0, 0.000, 0, 0
1773260400, 0, 0, 105, 105, 18, 11.19%, 0, 0, 2, 2.39, 16, 58, 0, 0, 0, 0, 0, 0.000, 0, 0
1773260405, 0, 0, 106, 106, 18, 11.19%, 0, 0, 2, 2.37, 16, 58, 0, 0, 0, 0, 0, 0.000, 0, 0
1773260410, 0, 0, 107, 107, 18, 11.20%, 0, 0, 2, 2.41, 16, 58, 0, 0, 0, 0, 0, 0.000, 0, 0
1773260415, 0, 0, 108, 108, 18, 11.20%, 0, 0, 2, 2.47, 16, 59, 0, 0, 0, 0, 0, 0.000, 0, 0
1773260421, 0, 0, 109, 109, 18, 11.20%, 0, 0, 2, 2.57, 16, 59, 0, 0, 0, 0, 0, 0.000, 0, 0
1773260426, 0, 0, 110, 110, 18, 11.20%, 0, 0, 2, 2.59, 16, 59, 0, 0, 0, 0, 0, 0.000, 0, 0
1773260431, 0, 0, 111, 111, 18, 11.21%, 0, 0, 2, 2.50, 16, 59, 0, 0, 0, 0, 0, 0.000, 0, 0
1773260436, 0, 0, 112, 112, 18, 11.21%, 0, 0, 2, 2.51, 16, 59, 0, 0, 0, 0, 0, 0.000, 0, 0
1773260442, 0, 0, 113, 113, 18, 11.21%, 0, 0, 2, 2.46, 16, 59, 0, 0, 0, 0, 0, 0.000, 0, 0
1773260447, 0, 0, 114, 114, 18, 11.21%, 0, 0, 2, 2.37, 16, 59, 0, 0, 0, 0, 0, 0.000, 0, 0
1773260452, 0, 0, 115, 115, 18, 11.22%, 0, 0, 2, 2.46, 16, 59, 0, 0, 0, 0, 0, 0.000, 0, 0
1773260468, 0, 0, 116, 116, 18, 11.22%, 0, 0, 2, 2.38, 16, 59, 0, 0, 0, 0, 0, 0.000, 0, 0
1773260473, 0, 0, 117, 117, 18, 11.22%, 0, 0, 2, 2.49, 16, 59, 0, 0, 0, 0, 0, 0.000, 0, 0
1773260478, 0, 0, 118, 118, 18, 11.22%, 0, 0, 2, 2.46, 16, 59, 0, 0, 0, 0, 0, 0.000, 0, 0
1773260494, 0, 0, 119, 119, 18, 11.22%, 0, 0, 2, 2.52, 16, 59, 0, 0, 0, 0, 0, 0.000, 0, 0
1773260499, 0, 0, 120, 120, 18, 11.22%, 0, 0, 2, 2.43, 16, 59, 0, 0, 0, 0, 0, 0.000, 0, 0
1773260509, 0, 0, 121, 121, 18, 11.22%, 0, 0, 2, 2.46, 16, 59, 0, 0, 0, 0, 0, 0.000, 0, 0
1773260515, 0, 0, 122, 122, 18, 11.22%, 0, 0, 2, 2.45, 16, 59, 0, 0, 0, 0, 0, 0.000, 0, 0
1773260525, 0, 0, 123, 123, 18, 11.22%, 0, 0, 2, 2.40, 16, 59, 0, 0, 0, 0, 0, 0.000, 0, 0
1773260535, 0, 0, 124, 124, 18, 11.22%, 0, 0, 2, 2.54, 16, 59, 0, 0, 0, 0, 0, 0.000, 0, 0
1773260541, 0, 0, 125, 125, 18, 11.22%, 0, 0, 2, 2.47, 16, 59, 0, 0, 0, 0, 0, 0.000, 0, 0
1773260546, 0, 0, 126, 126, 18, 11.22%, 0, 0, 2, 2.47, 16, 59, 0, 0, 0, 0, 0, 0.000, 0, 0
1773260551, 0, 0, 127, 127, 18, 11.22%, 0, 0, 2, 2.44, 16, 59, 0, 0, 0, 0, 0, 0.000, 0, 0
1773260556, 0, 0, 128, 128, 18, 11.22%, 0, 0, 2, 2.52, 16, 59, 0, 0, 0, 0, 0, 0.000, 0, 0
1773260567, 0, 0, 129, 129, 18, 11.22%, 0, 0, 2, 2.54, 16, 59, 0, 0, 0, 0, 0, 0.000, 0, 0
1773260583, 0, 0, 130, 130, 18, 11.22%, 0, 0, 2, 2.54, 16, 59, 0, 0, 0, 0, 0, 0.000, 0, 0
1773260593, 0, 0, 131, 131, 18, 11.22%, 0, 0, 2, 2.41, 16, 59, 0, 0, 0, 0, 0, 0.000, 0, 0
1773260614, 0, 0, 132, 132, 18, 11.22%, 0, 0, 2, 2.42, 16, 59, 0, 0, 0, 0, 0, 0.000, 0, 0
1773260619, 0, 0, 133, 133, 18, 11.22%, 0, 0, 2, 2.53, 16, 59, 0, 0, 0, 0, 0, 0.000, 0, 0
1773260624, 0, 0, 134, 134, 18, 11.22%, 0, 0, 2, 2.48, 16, 59, 0, 0, 0, 0, 0, 0.000, 0, 0
1773260630, 0, 0, 136, 136, 18, 11.22%, 0, 0, 2, 2.58, 16, 59, 0, 0, 0, 0, 0, 0.000, 0, 0
1773260640, 0, 0, 137, 137, 18, 11.22%, 0, 0, 2, 2.46, 16, 59, 0, 0, 0, 0, 0, 0.000, 0, 0
1773260650, 0, 0, 138, 138, 18, 11.22%, 0, 0, 2, 2.41, 16, 59, 0, 0, 0, 0, 0, 0.000, 0, 0
1773260655, 0, 0, 139, 139, 18, 11.22%, 0, 0, 2, 2.44, 16, 59, 0, 0, 0, 0, 0, 0.000, 0, 0
1773260660, 0, 0, 140, 140, 18, 11.22%, 0, 0, 2, 2.41, 16, 59, 0, 0, 0, 0, 0, 0.000, 0, 0
1773260665, 0, 0, 141, 141, 18, 11.22%, 0, 0, 2, 2.40, 16, 59, 0, 0, 0, 0, 0, 0.000, 0, 0
1773260676, 0, 0, 142, 142, 18, 11.22%, 0, 0, 2, 2.53, 16, 59, 0, 0, 0, 0, 0, 0.000, 0, 0
1773260681, 0, 0, 143, 143, 18, 11.22%, 0, 0, 2, 2.47, 16, 59, 0, 0, 0, 0, 0, 0.000, 0, 0
1773260696, 0, 0, 144, 144, 18, 11.22%, 0, 0, 2, 2.41, 16, 59, 0, 0, 0, 0, 0, 0.000, 0, 0
1773260702, 0, 0, 145, 145, 18, 11.22%, 0, 0, 2, 2.43, 16, 60, 0, 0, 0, 0, 0, 0.000, 0, 0
1773260707, 0, 0, 146, 146, 18, 11.22%, 0, 0, 2, 2.53, 16, 60, 0, 0, 0, 0, 0, 0.000, 0, 0
1773260723, 0, 0, 147, 147, 18, 11.22%, 0, 0, 2, 2.53, 16, 60, 0, 0, 0, 0, 0, 0.000, 0, 0
1773260733, 0, 0, 149, 149, 18, 11.22%, 0, 0, 2, 2.55, 16, 60, 0, 0, 0, 0, 0, 0.000, 0, 0
1773260786, 0, 0, 150, 150, 18, 11.22%, 0, 0, 2, 2.43, 16, 60, 0, 0, 0, 0, 0, 0.000, 0, 0
1773260791, 0, 0, 151, 151, 18, 11.22%, 0, 0, 2, 2.39, 16, 60, 0, 0, 0, 0, 0, 0.000, 0, 0
1773260817, 0, 0, 152, 152, 18, 11.22%, 0, 0, 2, 2.42, 16, 60, 0, 0, 0, 0, 0, 0.000, 0, 0
1773260885, 0, 0, 153, 153, 18, 11.22%, 0, 0, 2, 2.46, 16, 60, 0, 0, 0, 0, 0, 0.000, 0, 0
1773260890, 0, 0, 155, 155, 18, 11.22%, 0, 0, 2, 2.59, 16, 60, 0, 0, 0, 0, 0, 0.000, 0, 0
1773260896, 0, 0, 156, 156, 18, 11.22%, 0, 0, 2, 2.64, 16, 61, 0, 0, 0, 0, 0, 0.000, 0, 0
1773260901, 0, 0, 157, 157, 18, 11.22%, 0, 0, 2, 2.65, 16, 61, 0, 0, 0, 0, 0, 0.000, 0, 0
1773260906, 0, 0, 158, 158, 18, 11.22%, 0, 0, 2, 2.67, 16, 61, 0, 0, 0, 0, 0, 0.000, 0, 0
1773260911, 0, 0, 160, 160, 18, 11.22%, 0, 0, 2, 2.67, 16, 61, 0, 0, 0, 0, 0, 0.000, 0, 0
1773260917, 0, 0, 161, 161, 18, 11.22%, 0, 0, 2, 2.65, 16, 61, 0, 0, 0, 0, 0, 0.000, 0, 0
1773260922, 0, 0, 162, 162, 18, 11.22%, 0, 0, 2, 2.63, 16, 61, 0, 0, 0, 0, 0, 0.000, 0, 0
1773260927, 0, 0, 163, 163, 18, 11.22%, 0, 0, 2, 2.63, 16, 61, 0, 0, 0, 0, 0, 0.000, 0, 0
1773260933, 0, 0, 164, 164, 18, 11.23%, 0, 0, 2, 2.63, 16, 61, 0, 0, 0, 0, 0, 0.000, 0, 0
1773260948, 0, 0, 165, 165, 18, 11.23%, 0, 0, 2, 2.65, 16, 61, 0, 0, 0, 0, 0, 0.000, 0, 0
1773260954, 0, 0, 166, 166, 18, 11.23%, 0, 0, 2, 2.65, 16, 61, 0, 0, 0, 0, 0, 0.000, 0, 0
1773260959, 0, 0, 167, 167, 18, 11.23%, 0, 0, 2, 2.57, 16, 61, 0, 0, 0, 0, 0, 0.000, 0, 0
1773260964, 0, 0, 168, 168, 18, 11.23%, 0, 0, 2, 2.60, 16, 61, 0, 0, 0, 0, 0, 0.000, 0, 0
1773260970, 0, 0, 170, 170, 18, 11.23%, 0, 0, 2, 2.61, 16, 61, 0, 0, 0, 0, 0, 0.000, 0, 0
1773260975, 0, 0, 171, 171, 18, 11.23%, 0, 0, 2, 2.62, 16, 61, 0, 0, 0, 0, 0, 0.000, 0, 0
1773260980, 0, 0, 172, 172, 18, 11.23%, 0, 0, 2, 2.65, 16, 61, 0, 0, 0, 0, 0, 0.000, 0, 0
1773260986, 0, 0, 173, 173, 18, 11.23%, 0, 0, 2, 2.67, 16, 61, 0, 0, 0, 0, 0, 0.000, 0, 0
1773260996, 0, 0, 175, 175, 18, 11.23%, 0, 0, 2, 2.67, 16, 61, 0, 0, 0, 0, 0, 0.000, 0, 0
1773261001, 0, 0, 176, 176, 18, 11.23%, 0, 0, 2, 2.68, 16, 61, 0, 0, 0, 0, 0, 0.000, 0, 0
1773261007, 0, 0, 177, 177, 18, 11.23%, 0, 0, 2, 2.67, 16, 61, 0, 0, 0, 0, 0, 0.000, 0, 0
1773261012, 0, 0, 178, 178, 18, 11.23%, 0, 0, 2, 2.65, 16, 61, 0, 0, 0, 0, 0, 0.000, 0, 0
1773261017, 0, 0, 179, 179, 18, 11.23%, 0, 0, 2, 2.60, 16, 61, 0, 0, 0, 0, 0, 0.000, 0, 0
1773261022, 0, 0, 180, 180, 18, 11.23%, 0, 0, 2, 2.62, 16, 61, 0, 0, 0, 0, 0, 0.000, 0, 0
1773261028, 0, 0, 181, 181, 18, 11.23%, 0, 0, 2, 2.64, 16, 61, 0, 0, 0, 0, 0, 0.000, 0, 0
1773261033, 0, 0, 182, 182, 18, 11.23%, 0, 0, 2, 2.66, 16, 61, 0, 0, 0, 0, 0, 0.000, 0, 0
1773261049, 0, 0, 183, 183, 18, 11.23%, 0, 0, 2, 2.65, 16, 61, 0, 0, 0, 0, 0, 0.000, 0, 0
1773261059, 0, 0, 184, 184, 18, 11.23%, 0, 0, 2, 2.63, 16, 61, 0, 0, 0, 0, 0, 0.000, 0, 0
1773261064, 0, 0, 185, 185, 18, 11.25%, 0, 0, 2, 2.58, 16, 61, 0, 0, 0, 0, 0, 0.000, 0, 0
1773261090, 0, 0, 186, 186, 18, 11.25%, 0, 0, 2, 2.61, 16, 61, 0, 0, 0, 0, 0, 0.000, 0, 0
1773261106, 0, 0, 187, 187, 18, 11.25%, 0, 0, 2, 2.64, 16, 61, 0, 0, 0, 0, 0, 0.000, 0, 0
1773261111, 0, 0, 188, 188, 18, 11.25%, 0, 0, 2, 2.60, 16, 61, 0, 0, 0, 0, 0, 0.000, 0, 0
1773261116, 0, 0, 189, 189, 18, 11.25%, 0, 0, 2, 2.59, 16, 61, 0, 0, 0, 0, 0, 0.000, 0, 0
1773261126, 0, 0, 190, 190, 18, 11.25%, 0, 0, 2, 2.59, 16, 61, 0, 0, 0, 0, 0, 0.000, 0, 0
1773261131, 0, 0, 191, 191, 18, 11.25%, 0, 0, 2, 2.63, 16, 61, 0, 0, 0, 0, 0, 0.000, 0, 0
1773261137, 0, 0, 192, 192, 18, 11.25%, 0, 0, 2, 2.65, 16, 61, 0, 0, 0, 0, 0, 0.000, 0, 0
1773261142, 0, 0, 193, 193, 18, 11.25%, 0, 0, 2, 2.66, 16, 61, 0, 0, 0, 0, 0, 0.000, 0, 0
1773261147, 0, 0, 195, 195, 18, 11.25%, 0, 0, 2, 2.65, 16, 61, 0, 0, 0, 0, 0, 0.000, 0, 0
1773261163, 0, 0, 196, 196, 18, 11.25%, 0, 0, 2, 2.61, 16, 61, 0, 0, 0, 0, 0, 0.000, 0, 0
1773261169, 0, 0, 197, 197, 18, 11.25%, 0, 0, 2, 2.60, 16, 61, 0, 0, 0, 0, 0, 0.000, 0, 0
1773261190, 0, 0, 198, 198, 18, 11.25%, 0, 0, 2, 2.61, 16, 61, 0, 0, 0, 0, 0, 0.000, 0, 0
1773261195, 0, 0, 199, 199, 18, 11.26%, 0, 0, 2, 2.64, 16, 62, 0, 0, 0, 0, 0, 0.000, 0, 0
1773261216, 0, 0, 200, 200, 18, 11.26%, 0, 0, 2, 2.61, 16, 62, 0, 0, 0, 0, 0, 0.000, 0, 0
1773261221, 0, 0, 201, 201, 18, 11.26%, 0, 0, 2, 2.56, 16, 62, 0, 0, 0, 0, 0, 0.000, 0, 0
1773261237, 0, 0, 202, 202, 18, 11.26%, 0, 0, 2, 2.65, 16, 62, 0, 0, 0, 0, 0, 0.000, 0, 0
1773261263, 0, 0, 203, 203, 18, 11.26%, 0, 0, 2, 2.61, 16, 62, 0, 0, 0, 0, 0, 0.000, 0, 0
1773261269, 0, 0, 204, 204, 18, 11.26%, 0, 0, 2, 2.47, 16, 62, 0, 0, 0, 0, 0, 0.000, 0, 0
1773261274, 0, 0, 205, 205, 18, 11.26%, 0, 0, 2, 2.56, 16, 62, 0, 0, 0, 0, 0, 0.000, 0, 0
1773261284, 0, 0, 206, 206, 18, 11.26%, 0, 0, 2, 2.19, 16, 62, 0, 0, 0, 0, 0, 0.000, 0, 0
1773261294, 0, 0, 207, 207, 18, 11.26%, 0, 0, 2, 2.39, 16, 62, 0, 0, 0, 0, 0, 0.000, 0, 0
1773261300, 0, 0, 208, 208, 18, 11.26%, 0, 0, 2, 2.54, 16, 62, 0, 0, 0, 0, 0, 0.000, 0, 0
1773261316, 0, 0, 209, 209, 18, 11.26%, 0, 0, 2, 2.14, 16, 62, 0, 0, 0, 0, 0, 0.000, 0, 0
1773261321, 0, 0, 210, 210, 18, 11.26%, 0, 0, 2, 2.07, 16, 62, 0, 0, 0, 0, 0, 0.000, 0, 0
1773261331, 0, 0, 212, 212, 18, 11.27%, 0, 0, 2, 2.57, 16, 62, 0, 0, 0, 0, 0, 0.000, 0, 0
1773261337, 0, 0, 213, 213, 18, 11.27%, 0, 0, 2, 2.62, 16, 62, 0, 0, 0, 0, 0, 0.000, 0, 0
1773261342, 0, 0, 214, 214, 18, 11.28%, 0, 0, 2, 2.66, 16, 62, 0, 0, 0, 0, 0, 0.000, 0, 0
1773261348, 0, 0, 215, 215, 18, 11.28%, 0, 0, 2, 2.25, 16, 62, 0, 0, 0, 0, 0, 0.000, 0, 0
1773261353, 0, 0, 216, 216, 18, 11.28%, 0, 0, 2, 2.17, 16, 62, 0, 0, 0, 0, 0, 0.000, 0, 0
1773261358, 0, 0, 217, 217, 18, 11.29%, 0, 0, 2, 2.46, 16, 63, 0, 0, 0, 0, 0, 0.000, 0, 0
1773261364, 0, 0, 218, 218, 18, 11.29%, 0, 0, 2, 2.54, 16, 63, 0, 0, 0, 0, 0, 0.000, 0, 0
1773261374, 0, 0, 219, 219, 18, 11.29%, 0, 0, 2, 2.63, 16, 63, 0, 0, 0, 0, 0, 0.000, 0, 0
1773261380, 0, 0, 220, 220, 18, 11.29%, 0, 0, 2, 2.65, 16, 63, 0, 0, 0, 0, 0, 0.000, 0, 0
1773261395, 0, 0, 221, 221, 18, 11.29%, 0, 0, 2, 2.62, 16, 63, 0, 0, 0, 0, 0, 0.000, 0, 0
1773261436, 0, 0, 222, 222, 18, 11.29%, 0, 0, 2, 2.54, 16, 63, 0, 0, 0, 0, 0, 0.000, 0, 0
1773261441, 0, 0, 223, 223, 18, 11.29%, 0, 0, 2, 2.57, 16, 63, 0, 0, 0, 0, 0, 0.000, 0, 0
1773261452, 0, 0, 224, 224, 18, 11.30%, 0, 0, 2, 2.61, 16, 63, 0, 0, 0, 0, 0, 0.000, 0, 0
1773261457, 0, 0, 225, 225, 18, 11.30%, 0, 0, 2, 2.61, 16, 63, 0, 0, 0, 0, 0, 0.000, 0, 0
1773261462, 0, 0, 226, 226, 18, 11.30%, 0, 0, 2, 2.60, 16, 63, 0, 0, 0, 0, 0, 0.000, 0, 0
1773261473, 0, 0, 227, 227, 18, 11.30%, 0, 0, 2, 2.29, 16, 63, 0, 0, 0, 0, 0, 0.000, 0, 0
1773261490, 0, 0, 228, 228, 18, 11.30%, 0, 0, 2, 2.38, 16, 63, 0, 0, 0, 0, 0, 0.000, 0, 0
1773261496, 0, 0, 229, 229, 18, 11.31%, 0, 0, 2, 2.40, 16, 63, 0, 0, 0, 0, 0, 0.000, 0, 0
1773261519, 0, 0, 230, 230, 18, 11.32%, 0, 0, 2, 2.24, 16, 63, 0, 0, 0, 0, 0, 0.000, 0, 0
1773261545, 0, 0, 231, 231, 18, 11.36%, 0, 0, 2, 2.10, 16, 63, 0, 0, 0, 0, 0, 0.000, 0, 0
1773261582, 0, 0, 232, 232, 18, 11.37%, 0, 0, 2, 2.50, 16, 63, 0, 0, 0, 0, 0, 0.000, 0, 0
1773261587, 0, 0, 233, 233, 18, 11.37%, 0, 0, 2, 2.57, 16, 63, 0, 0, 0, 0, 0, 0.000, 0, 0
1773261603, 0, 0, 234, 234, 18, 11.37%, 0, 0, 2, 2.61, 16, 63, 0, 0, 0, 0, 0, 0.000, 0, 0
1773261609, 0, 0, 235, 235, 18, 11.37%, 0, 0, 2, 2.49, 16, 63, 0, 0, 0, 0, 0, 0.000, 0, 0
1773261639, 0, 0, 237, 237, 18, 11.37%, 0, 0, 2, 2.57, 16, 63, 0, 0, 0, 0, 0, 0.000, 0, 0
1773261650, 0, 0, 238, 238, 18, 11.37%, 0, 0, 2, 2.59, 16, 63, 0, 0, 0, 0, 0, 0.000, 0, 0
1773261660, 0, 0, 239, 239, 18, 11.37%, 0, 0, 2, 2.65, 16, 63, 0, 0, 0, 0, 0, 0.000, 0, 0
1773261671, 0, 0, 240, 240, 18, 11.37%, 0, 0, 2, 2.60, 16, 63, 0, 0, 0, 0, 0, 0.000, 0, 0
1773261681, 0, 0, 241, 241, 18, 11.37%, 0, 0, 2, 2.54, 16, 63, 0, 0, 0, 0, 0, 0.000, 0, 0
1773261697, 0, 0, 242, 242, 18, 11.37%, 0, 0, 2, 2.53, 16, 63, 0, 0, 0, 0, 0, 0.000, 0, 0
1773261713, 0, 0, 243, 243, 18, 11.37%, 0, 0, 2, 2.61, 16, 63, 0, 0, 0, 0, 0, 0.000, 0, 0
1773261718, 0, 0, 244, 244, 18, 11.37%, 0, 0, 2, 2.59, 16, 63, 0, 0, 0, 0, 0, 0.000, 0, 0
1773261733, 0, 0, 245, 245, 18, 11.37%, 0, 0, 2, 2.50, 16, 63, 0, 0, 0, 0, 0, 0.000, 0, 0
1773261744, 0, 0, 246, 246, 18, 11.37%, 0, 0, 2, 2.47, 16, 63, 0, 0, 0, 0, 0, 0.000, 0, 0
1773261755, 0, 0, 247, 247, 18, 11.38%, 0, 0, 2, 2.46, 16, 63, 0, 0, 0, 0, 0, 0.000, 0, 0
1773261760, 0, 0, 248, 248, 18, 11.38%, 0, 0, 2, 2.51, 16, 63, 0, 0, 0, 0, 0, 0.000, 0, 0
1773261765, 0, 0, 249, 249, 18, 11.38%, 0, 0, 2, 2.55, 16, 63, 0, 0, 0, 0, 0, 0.000, 0, 0
1773261780, 0, 0, 250, 250, 18, 11.38%, 0, 0, 2, 2.52, 16, 63, 0, 0, 0, 0, 0, 0.000, 0, 0
1773261806, 0, 0, 251, 251, 18, 11.38%, 0, 0, 2, 2.46, 16, 63, 0, 0, 0, 0, 0, 0.000, 0, 0
1773261816, 0, 0, 252, 252, 18, 11.38%, 0, 0, 2, 2.49, 16, 63, 0, 0, 0, 0, 0, 0.000, 0, 0
1773261821, 0, 0, 253, 253, 18, 11.39%, 0, 0, 2, 2.55, 16, 63, 0, 0, 0, 0, 0, 0.000, 0, 0
1773261832, 0, 0, 254, 254, 18, 11.39%, 0, 0, 2, 2.53, 16, 63, 0, 0, 0, 0, 0, 0.000, 0, 0
1773261837, 0, 0, 255, 255, 18, 11.39%, 0, 0, 2, 2.56, 16, 63, 0, 0, 0, 0, 0, 0.000, 0, 0
1773261847, 0, 0, 256, 256, 18, 11.39%, 0, 0, 2, 2.52, 16, 63, 0, 0, 0, 0, 0, 0.000, 0, 0
1773261852, 0, 0, 257, 257, 18, 11.41%, 0, 0, 2, 2.49, 17, 66, 0, 0, 0, 0, 0, 0.000, 0, 0
1773261878, 0, 0, 258, 258, 18, 11.41%, 0, 0, 2, 2.59, 17, 66, 0, 0, 0, 0, 0, 0.000, 0, 0
1773261888, 0, 0, 259, 259, 18, 11.42%, 0, 0, 2, 2.61, 17, 66, 0, 0, 0, 0, 0, 0.000, 0, 0
1773261899, 0, 0, 260, 260, 18, 11.42%, 0, 0, 2, 2.56, 17, 66, 0, 0, 0, 0, 0, 0.000, 0, 0
1773261904, 0, 0, 261, 261, 18, 11.42%, 0, 0, 2, 2.52, 17, 66, 0, 0, 0, 0, 0, 0.000, 0, 0
1773261915, 0, 0, 262, 262, 18, 11.42%, 0, 0, 2, 2.37, 17, 66, 0, 0, 0, 0, 0, 0.000, 0, 0
1773261925, 0, 0, 263, 263, 18, 11.42%, 0, 0, 2, 2.40, 17, 66, 0, 0, 0, 0, 0, 0.000, 0, 0
1773261962, 0, 0, 264, 264, 18, 11.42%, 0, 0, 2, 2.51, 17, 66, 0, 0, 0, 0, 0, 0.000, 0, 0
1773261972, 0, 0, 265, 265, 18, 11.42%, 0, 0, 2, 2.49, 17, 66, 0, 0, 0, 0, 0, 0.000, 0, 0
1773261983, 0, 0, 266, 266, 18, 11.42%, 0, 0, 2, 2.45, 17, 66, 0, 0, 0, 0, 0, 0.000, 0, 0
1773261994, 0, 0, 268, 268, 18, 11.42%, 0, 0, 2, 2.47, 17, 66, 0, 0, 0, 0, 0, 0.000, 0, 0
1773262004, 0, 0, 269, 269, 18, 11.42%, 0, 0, 2, 2.41, 17, 67, 0, 0, 0, 0, 0, 0.000, 0, 0
1773262030, 0, 0, 270, 270, 18, 11.43%, 0, 0, 2, 2.54, 17, 67, 0, 0, 0, 0, 0, 0.000, 0, 0
1773262061, 0, 0, 271, 271, 18, 11.43%, 0, 0, 2, 2.44, 17, 67, 0, 0, 0, 0, 0, 0.000, 0, 0
1773262082, 0, 0, 272, 272, 18, 11.43%, 0, 0, 2, 2.50, 17, 67, 0, 0, 0, 0, 0, 0.000, 0, 0
1773262098, 0, 0, 273, 273, 18, 11.43%, 0, 0, 2, 2.54, 17, 67, 0, 0, 0, 0, 0, 0.000, 0, 0
1773262103, 0, 0, 274, 274, 18, 11.43%, 0, 0, 2, 2.55, 17, 67, 0, 0, 0, 0, 0, 0.000, 0, 0
1773262118, 0, 0, 275, 275, 18, 11.43%, 0, 0, 2, 2.48, 17, 67, 0, 0, 0, 0, 0, 0.000, 0, 0
1773262134, 0, 0, 276, 276, 18, 11.58%, 0, 0, 2, 2.49, 17, 68, 0, 0, 0, 0, 0, 0.000, 0, 0
1773262145, 0, 0, 277, 277, 18, 11.58%, 0, 0, 2, 2.45, 17, 68, 0, 0, 0, 0, 0, 0.000, 0, 0
1773262150, 0, 0, 278, 278, 18, 11.58%, 0, 0, 2, 2.47, 17, 68, 0, 0, 0, 0, 0, 0.000, 0, 0
1773262155, 0, 0, 279, 279, 18, 11.58%, 0, 0, 2, 2.51, 17, 68, 0, 0, 0, 0, 0, 0.000, 0, 0
1773262160, 0, 0, 280, 280, 18, 11.58%, 0, 0, 2, 2.52, 17, 68, 0, 0, 0, 0, 0, 0.000, 0, 0
1773262181, 0, 0, 281, 281, 18, 11.58%, 0, 0, 2, 2.43, 17, 68, 0, 0, 0, 0, 0, 0.000, 0, 0
1773262227, 0, 0, 282, 282, 18, 11.58%, 0, 0, 2, 2.57, 17, 68, 0, 0, 0, 0, 0, 0.000, 0, 0
1773262233, 0, 0, 283, 283, 18, 11.59%, 0, 0, 2, 2.54, 17, 69, 0, 0, 0, 0, 0, 0.000, 0, 0
1773262258, 0, 0, 284, 284, 18, 11.59%, 0, 0, 2, 2.47, 17, 69, 0, 0, 0, 0, 0, 0.000, 0, 0
1773262264, 0, 0, 285, 285, 18, 11.59%, 0, 0, 2, 2.48, 17, 69, 0, 0, 0, 0, 0, 0.000, 0, 0
1773262274, 0, 0, 286, 286, 18, 11.59%, 0, 0, 2, 2.50, 17, 69, 0, 0, 0, 0, 0, 0.000, 0, 0
1773262300, 0, 0, 287, 287, 18, 11.59%, 0, 0, 2, 2.45, 17, 69, 0, 0, 0, 0, 0, 0.000, 0, 0
1773262316, 0, 0, 288, 288, 18, 11.60%, 0, 0, 2, 2.51, 17, 69, 0, 0, 0, 0, 0, 0.000, 0, 0
1773262321, 0, 0, 289, 289, 18, 11.60%, 0, 0, 2, 2.52, 17, 69, 0, 0, 0, 0, 0, 0.000, 0, 0
1773262331, 0, 0, 290, 290, 18, 11.60%, 0, 0, 2, 2.47, 17, 69, 0, 0, 0, 0, 0, 0.000, 0, 0
1773262337, 0, 0, 291, 291, 18, 11.60%, 0, 0, 2, 2.50, 17, 69, 0, 0, 0, 0, 0, 0.000, 0, 0
1773262347, 0, 0, 292, 292, 18, 11.60%, 0, 0, 2, 2.50, 17, 69, 0, 0, 0, 0, 0, 0.000, 0, 0
1773262378, 0, 0, 293, 293, 18, 11.60%, 0, 0, 2, 2.20, 17, 69, 0, 0, 0, 0, 0, 0.000, 0, 0
1773262441, 0, 0, 294, 294, 18, 11.60%, 0, 0, 2, 2.50, 17, 69, 0, 0, 0, 0, 0, 0.000, 0, 0
1773262473, 0, 0, 295, 295, 18, 11.60%, 0, 0, 2, 2.50, 17, 69, 0, 0, 0, 0, 0, 0.000, 0, 0
1773262478, 0, 0, 296, 296, 18, 11.60%, 0, 0, 2, 2.41, 17, 69, 0, 0, 0, 0, 0, 0.000, 0, 0
1773262488, 0, 0, 297, 297, 18, 11.60%, 0, 0, 2, 2.51, 17, 69, 0, 0, 0, 0, 0, 0.000, 0, 0
1773262514, 0, 0, 298, 298, 18, 11.60%, 0, 0, 2, 2.49, 17, 69, 0, 0, 0, 0, 0, 0.000, 0, 0
1773262519, 0, 0, 299, 299, 18, 11.60%, 0, 0, 2, 2.49, 17, 69, 0, 0, 0, 0, 0, 0.000, 0, 0
1773262529, 0, 0, 300, 300, 18, 11.60%, 0, 0, 2, 2.39, 17, 69, 0, 0, 0, 0, 0, 0.000, 0, 0
1773262550, 0, 0, 301, 301, 18, 11.60%, 0, 0, 2, 2.49, 17, 69, 0, 0, 0, 0, 0, 0.000, 0, 0
1773262560, 0, 0, 302, 302, 18, 11.60%, 0, 0, 2, 2.42, 17, 69, 0, 0, 0, 0, 0, 0.000, 0, 0
1773262576, 0, 0, 303, 303, 18, 11.60%, 0, 0, 2, 2.47, 17, 69, 0, 0, 0, 0, 0, 0.000, 0, 0
1773262607, 0, 0, 304, 304, 18, 11.60%, 0, 0, 2, 2.48, 17, 69, 0, 0, 0, 0, 0, 0.000, 0, 0
1773262628, 0, 0, 305, 305, 18, 11.60%, 0, 0, 2, 2.54, 17, 69, 0, 0, 0, 0, 0, 0.000, 0, 0
1773262638, 0, 0, 306, 306, 18, 11.60%, 0, 0, 2, 2.53, 17, 69, 0, 0, 0, 0, 0, 0.000, 0, 0
1773262654, 0, 0, 307, 307, 18, 11.60%, 0, 0, 2, 2.43, 17, 69, 0, 0, 0, 0, 0, 0.000, 0, 0
1773262665, 0, 0, 308, 308, 18, 11.60%, 0, 0, 2, 2.40, 17, 69, 0, 0, 0, 0, 0, 0.000, 0, 0
1773262676, 0, 0, 309, 309, 18, 11.60%, 0, 0, 2, 2.45, 17, 69, 0, 0, 0, 0, 0, 0.000, 0, 0
1773262681, 0, 0, 310, 310, 18, 11.60%, 0, 0, 2, 2.52, 17, 69, 0, 0, 0, 0, 0, 0.000, 0, 0
1773262691, 0, 0, 311, 311, 18, 11.61%, 0, 0, 2, 2.54, 17, 69, 0, 0, 0, 0, 0, 0.000, 0, 0
1773262696, 0, 0, 312, 312, 18, 11.61%, 0, 0, 2, 2.44, 17, 69, 0, 0, 0, 0, 0, 0.000, 0, 0
1773262748, 0, 0, 313, 313, 18, 11.61%, 0, 0, 2, 2.52, 17, 69, 0, 0, 0, 0, 0, 0.000, 0, 0
1773262790, 0, 0, 314, 314, 18, 11.61%, 0, 0, 2, 2.38, 17, 69, 0, 0, 0, 0, 0, 0.000, 0, 0
1773262795, 0, 0, 315, 315, 18, 11.61%, 0, 0, 2, 2.48, 17, 69, 0, 0, 0, 0, 0, 0.000, 0, 0
1773262841, 0, 0, 316, 316, 18, 11.61%, 0, 0, 2, 2.53, 17, 69, 0, 0, 0, 0, 0, 0.000, 0, 0
1773262893, 0, 0, 317, 317, 18, 11.61%, 0, 0, 2, 2.42, 17, 69, 0, 0, 0, 0, 0, 0.000, 0, 0
1773262925, 0, 0, 318, 318, 18, 11.61%, 0, 0, 2, 2.44, 17, 69, 0, 0, 0, 0, 0, 0.000, 0, 0
1773262956, 0, 0, 319, 319, 18, 11.61%, 0, 0, 2, 2.54, 17, 69, 0, 0, 0, 0, 0, 0.000, 0, 0
1773262962, 0, 0, 320, 320, 18, 11.61%, 0, 0, 2, 2.47, 17, 69, 0, 0, 0, 0, 0, 0.000, 0, 0
1773262972, 0, 0, 321, 321, 18, 11.61%, 0, 0, 2, 2.48, 17, 69, 0, 0, 0, 0, 0, 0.000, 0, 0
1773262994, 0, 0, 322, 322, 18, 11.61%, 0, 0, 2, 2.08, 17, 69, 0, 0, 0, 0, 0, 0.000, 0, 0
1773263005, 0, 0, 323, 323, 18, 11.61%, 0, 0, 2, 2.14, 17, 69, 0, 0, 0, 0, 0, 0.000, 0, 0
1773263026, 0, 0, 324, 324, 18, 11.61%, 0, 0, 2, 2.07, 17, 69, 0, 0, 0, 0, 0, 0.000, 0, 0
1773263042, 0, 0, 325, 325, 18, 11.61%, 0, 0, 2, 2.34, 17, 69, 0, 0, 0, 0, 0, 0.000, 0, 0
1773263048, 0, 0, 326, 326, 18, 11.61%, 0, 0, 2, 2.38, 17, 69, 0, 0, 0, 0, 0, 0.000, 0, 0
1773263053, 0, 0, 327, 327, 18, 11.61%, 0, 0, 2, 2.50, 17, 69, 0, 0, 0, 0, 0, 0.000, 0, 0
1773263058, 0, 0, 328, 328, 18, 11.62%, 0, 0, 2, 2.50, 17, 71, 0, 0, 0, 0, 0, 0.000, 0, 0
1773263085, 0, 0, 329, 329, 18, 11.62%, 0, 0, 2, 2.40, 17, 71, 0, 0, 0, 0, 0, 0.000, 0, 0
1773263101, 0, 0, 330, 330, 18, 11.62%, 0, 0, 2, 2.17, 17, 71, 0, 0, 0, 0, 0, 0.000, 0, 0
1773263122, 0, 0, 331, 331, 18, 11.62%, 0, 0, 2, 2.50, 17, 71, 0, 0, 0, 0, 0, 0.000, 0, 0
1773263138, 0, 0, 332, 332, 18, 11.62%, 0, 0, 2, 2.53, 17, 71, 0, 0, 0, 0, 0, 0.000, 0, 0
1773263169, 0, 0, 333, 333, 18, 11.62%, 0, 0, 2, 2.52, 17, 71, 0, 0, 0, 0, 0, 0.000, 0, 0
1773263195, 0, 0, 334, 334, 18, 11.63%, 0, 0, 2, 2.46, 17, 71, 0, 0, 0, 0, 0, 0.000, 0, 0
1773263238, 0, 0, 335, 335, 18, 11.63%, 0, 0, 2, 2.54, 17, 71, 0, 0, 0, 0, 0, 0.000, 0, 0
1773263249, 0, 0, 336, 336, 18, 11.63%, 0, 0, 2, 2.55, 17, 71, 0, 0, 0, 0, 0, 0.000, 0, 0
1773263280, 0, 0, 337, 337, 18, 11.63%, 0, 0, 2, 2.54, 17, 71, 0, 0, 0, 0, 0, 0.000, 0, 0
1773263295, 0, 0, 338, 338, 18, 11.63%, 0, 0, 2, 2.61, 17, 71, 0, 0, 0, 0, 0, 0.000, 0, 0
1773263301, 0, 0, 339, 339, 18, 11.63%, 0, 0, 2, 2.62, 17, 71, 0, 0, 0, 0, 0, 0.000, 0, 0
1773263306, 0, 0, 340, 340, 18, 11.63%, 0, 0, 2, 2.63, 17, 71, 0, 0, 0, 0, 0, 0.000, 0, 0
1773263317, 0, 0, 341, 341, 18, 11.63%, 0, 0, 2, 2.61, 17, 71, 0, 0, 0, 0, 0, 0.000, 0, 0
1773263322, 0, 0, 342, 342, 18, 11.63%, 0, 0, 2, 2.56, 17, 71, 0, 0, 0, 0, 0, 0.000, 0, 0
1773263327, 0, 0, 343, 343, 18, 11.63%, 0, 0, 2, 2.55, 17, 71, 0, 0, 0, 0, 0, 0.000, 0, 0
1773263337, 0, 0, 344, 344, 18, 11.63%, 0, 0, 2, 2.54, 17, 71, 0, 0, 0, 0, 0, 0.000, 0, 0
1773263347, 0, 0, 345, 345, 18, 11.63%, 0, 0, 2, 2.55, 17, 71, 0, 0, 0, 0, 0, 0.000, 0, 0
1773263353, 0, 0, 346, 346, 18, 11.63%, 0, 0, 2, 2.58, 17, 71, 0, 0, 0, 0, 0, 0.000, 0, 0
1773263358, 0, 0, 347, 347, 18, 11.63%, 0, 0, 2, 2.60, 17, 71, 0, 0, 0, 0, 0, 0.000, 0, 0
1773263369, 0, 0, 348, 348, 18, 11.63%, 0, 0, 2, 2.63, 17, 71, 0, 0, 0, 0, 0, 0.000, 0, 0
1773263374, 0, 0, 349, 349, 18, 11.63%, 0, 0, 2, 2.62, 17, 72, 0, 0, 0, 0, 0, 0.000, 0, 0
1773263405, 0, 0, 350, 350, 18, 11.63%, 0, 0, 2, 2.55, 17, 72, 0, 0, 0, 0, 0, 0.000, 0, 0
1773263441, 0, 0, 351, 351, 18, 11.63%, 0, 0, 2, 2.56, 17, 72, 0, 0, 0, 0, 0, 0.000, 0, 0
1773263482, 0, 0, 352, 352, 18, 11.65%, 0, 0, 2, 2.62, 17, 72, 0, 0, 0, 0, 0, 0.000, 0, 0
1773263498, 0, 0, 353, 353, 18, 11.65%, 0, 0, 2, 2.61, 17, 72, 0, 0, 0, 0, 0, 0.000, 0, 0
1773263524, 0, 0, 354, 354, 18, 11.65%, 0, 0, 2, 2.54, 17, 72, 0, 0, 0, 0, 0, 0.000, 0, 0
1773263535, 0, 0, 355, 355, 18, 11.65%, 0, 0, 2, 2.58, 17, 72, 0, 0, 0, 0, 0, 0.000, 0, 0
1773263551, 0, 0, 356, 356, 18, 11.65%, 0, 0, 2, 2.60, 17, 73, 0, 0, 0, 0, 0, 0.000, 0, 0
1773263572, 0, 0, 357, 357, 18, 11.65%, 0, 0, 2, 2.53, 17, 73, 0, 0, 0, 0, 0, 0.000, 0, 0
1773263577, 0, 12, 357, 356, 2, 11.65%, 0, 0, 2, 2.36, 17, 73, 0, 0, 0, 0, 0, 0.000, 0, 0
1773263587, 0, 12, 358, 357, 2, 11.66%, 0, 0, 2, 2.14, 17, 73, 0, 0, 0, 0, 0, 0.000, 0, 0
1773263619, 0, 12, 359, 358, 2, 11.66%, 0, 0, 2, 2.16, 17, 73, 0, 0, 0, 0, 0, 0.000, 0, 0
1773263624, 0, 12, 360, 359, 2, 11.66%, 0, 0, 2, 2.13, 17, 73, 0, 0, 0, 0, 0, 0.000, 0, 0
1773263635, 0, 12, 361, 360, 2, 11.66%, 0, 0, 2, 2.14, 17, 73, 0, 0, 0, 0, 0, 0.000, 0, 0
1773263661, 0, 12, 362, 361, 2, 11.67%, 0, 0, 2, 2.14, 17, 73, 0, 0, 0, 0, 0, 0.000, 0, 0
1773263682, 0, 12, 363, 362, 2, 11.67%, 0, 0, 2, 2.16, 17, 73, 0, 0, 0, 0, 0, 0.000, 0, 0
1773263713, 0, 12, 364, 363, 2, 11.67%, 0, 0, 2, 1.89, 17, 73, 0, 0, 0, 0, 0, 0.000, 0, 0
1773263724, 0, 12, 365, 364, 2, 11.67%, 0, 0, 2, 2.11, 17, 73, 0, 0, 0, 0, 0, 0.000, 0, 0
1773263750, 0, 12, 366, 365, 2, 11.68%, 0, 0, 2, 2.09, 17, 73, 0, 0, 0, 0, 0, 0.000, 0, 0
1773263777, 0, 12, 367, 366, 2, 11.68%, 0, 0, 2, 1.82, 17, 73, 0, 0, 0, 0, 0, 0.000, 0, 0
1773263809, 0, 12, 368, 367, 2, 11.68%, 0, 0, 2, 2.22, 17, 73, 0, 0, 0, 0, 0, 0.000, 0, 0
1773263830, 0, 12, 369, 368, 2, 11.68%, 0, 0, 2, 2.03, 17, 73, 0, 0, 0, 0, 0, 0.000, 0, 0
1773263856, 0, 12, 370, 369, 2, 11.68%, 0, 0, 2, 2.16, 17, 73, 0, 0, 0, 0, 0, 0.000, 0, 0
1773263882, 0, 12, 371, 370, 2, 11.69%, 0, 0, 2, 2.10, 17, 73, 0, 0, 0, 0, 0, 0.000, 0, 0
1773263914, 0, 12, 372, 371, 2, 11.69%, 0, 0, 2, 2.16, 17, 73, 0, 0, 0, 0, 0, 0.000, 0, 0
1773263924, 0, 12, 373, 372, 2, 11.69%, 0, 0, 2, 2.18, 17, 73, 0, 0, 0, 0, 0, 0.000, 0, 0
1773263945, 0, 12, 374, 373, 2, 11.69%, 0, 0, 2, 2.04, 17, 73, 0, 0, 0, 0, 0, 0.000, 0, 0
1773263987, 0, 12, 375, 374, 2, 11.69%, 0, 0, 2, 2.22, 17, 73, 0, 0, 0, 0, 0, 0.000, 0, 0
1773264007, 0, 12, 376, 375, 2, 11.69%, 0, 0, 2, 2.15, 17, 73, 0, 0, 0, 0, 0, 0.000, 0, 0
1773264044, 0, 12, 377, 376, 2, 11.69%, 0, 0, 2, 2.26, 17, 73, 0, 0, 0, 0, 0, 0.000, 0, 0
1773264096, 0, 12, 378, 377, 2, 11.69%, 0, 0, 2, 2.24, 17, 73, 0, 0, 0, 0, 0, 0.000, 0, 0
1773264117, 0, 12, 379, 378, 2, 11.69%, 0, 0, 2, 2.15, 17, 73, 0, 0, 0, 0, 0, 0.000, 0, 0
1773264132, 0, 12, 380, 379, 2, 11.70%, 0, 0, 2, 2.05, 17, 73, 0, 0, 0, 0, 0, 0.000, 0, 0
1773264201, 0, 12, 381, 380, 2, 11.71%, 0, 0, 2, 2.10, 17, 73, 0, 0, 0, 0, 0, 0.000, 0, 0
1773264216, 0, 12, 382, 381, 2, 11.71%, 0, 0, 2, 2.15, 17, 73, 0, 0, 0, 0, 0, 0.000, 0, 0
1773264221, 0, 12, 383, 382, 2, 11.72%, 0, 0, 2, 2.14, 17, 73, 0, 0, 0, 0, 0, 0.000, 0, 0
1773264247, 0, 12, 384, 383, 2, 11.72%, 0, 0, 2, 1.97, 17, 73, 0, 0, 0, 0, 0, 0.000, 0, 0
1773264273, 0, 12, 385, 384, 2, 11.72%, 0, 0, 2, 2.06, 17, 73, 0, 0, 0, 0, 0, 0.000, 0, 0
1773264294, 0, 12, 386, 385, 2, 11.72%, 0, 0, 2, 2.17, 17, 73, 0, 0, 0, 0, 0, 0.000, 0, 0
1773264315, 0, 12, 387, 386, 2, 11.73%, 0, 0, 2, 2.02, 17, 73, 0, 0, 0, 0, 0, 0.000, 0, 0
1773264346, 0, 12, 388, 387, 2, 11.73%, 0, 0, 2, 2.17, 17, 73, 0, 0, 0, 0, 0, 0.000, 0, 0
1773264367, 0, 12, 389, 388, 2, 11.73%, 0, 0, 2, 2.24, 17, 73, 0, 0, 0, 0, 0, 0.000, 0, 0
1773264431, 0, 12, 390, 389, 2, 11.73%, 0, 0, 2, 2.10, 17, 73, 0, 0, 0, 0, 0, 0.000, 0, 0
1773264578, 0, 12, 391, 390, 2, 11.73%, 0, 0, 2, 2.03, 17, 73, 0, 0, 0, 0, 0, 0.000, 0, 0
1773264606, 1, 0, 391, 389, 14, 11.73%, 0, 0, 2, 1.90, 17, 73, 0, 0, 0, 0, 0, 0.000, 0, 0
1773264622, 1, 0, 392, 390, 14, 11.74%, 0, 0, 2, 2.14, 17, 73, 0, 0, 0, 0, 0, 0.000, 0, 0
1773264650, 1, 0, 393, 391, 14, 11.74%, 0, 0, 2, 2.10, 17, 73, 0, 0, 0, 0, 0, 0.000, 0, 0
1773264666, 1, 0, 394, 392, 14, 11.74%, 0, 0, 2, 2.16, 17, 73, 0, 0, 0, 0, 0, 0.000, 0, 0
1773264676, 1, 0, 395, 393, 14, 11.74%, 0, 0, 2, 2.37, 17, 73, 0, 0, 0, 0, 0, 0.000, 0, 0
1773264682, 1, 0, 396, 394, 14, 11.75%, 0, 0, 2, 2.10, 17, 73, 0, 0, 0, 0, 0, 0.000, 0, 0
1773264699, 1, 0, 397, 395, 14, 11.75%, 0, 0, 2, 1.48, 17, 73, 0, 0, 0, 0, 0, 0.000, 0, 0
1773264715, 1, 0, 398, 396, 14, 11.75%, 0, 0, 2, 2.29, 17, 74, 0, 0, 0, 0, 0, 0.000, 0, 0
1773264720, 1, 0, 399, 397, 14, 11.75%, 0, 0, 2, 2.45, 17, 74, 0, 0, 0, 0, 0, 0.000, 0, 0
1773264758, 1, 0, 400, 398, 14, 11.76%, 0, 0, 2, 2.25, 17, 74, 0, 0, 0, 0, 0, 0.000, 0, 0
1773264824, 1, 0, 402, 400, 14, 11.76%, 0, 0, 2, 2.17, 17, 74, 0, 0, 0, 0, 0, 0.000, 0, 0
1773264829, 1, 0, 403, 401, 14, 11.76%, 0, 0, 2, 2.32, 17, 74, 0, 0, 0, 0, 0, 0.000, 0, 0
1773264846, 1, 0, 404, 402, 14, 11.76%, 0, 0, 2, 2.18, 17, 74, 0, 0, 0, 0, 0, 0.000, 0, 0
1773264852, 1, 0, 405, 403, 14, 11.77%, 0, 0, 2, 1.86, 17, 74, 0, 0, 0, 0, 0, 0.000, 0, 0
1773264868, 1, 0, 406, 404, 14, 11.78%, 0, 0, 2, 1.75, 17, 74, 0, 0, 0, 0, 0, 0.000, 0, 0
1773264885, 1, 0, 407, 405, 14, 11.78%, 0, 0, 2, 1.97, 17, 74, 0, 0, 0, 0, 0, 0.000, 0, 0
1773264915, 1, 0, 408, 406, 14, 11.78%, 0, 0, 2, 1.79, 17, 74, 0, 0, 0, 0, 0, 0.000, 0, 0
1773264937, 1, 0, 409, 407, 14, 11.78%, 0, 0, 2, 2.43, 17, 74, 0, 0, 0, 0, 0, 0.000, 0, 0
1773264943, 1, 0, 410, 408, 14, 11.78%, 0, 0, 2, 2.56, 17, 74, 0, 0, 0, 0, 0, 0.000, 0, 0
1773264953, 1, 0, 411, 409, 14, 11.78%, 0, 0, 2, 2.19, 17, 74, 0, 0, 0, 0, 0, 0.000, 0, 0
1773264970, 1, 0, 412, 410, 14, 11.80%, 0, 0, 2, 1.44, 17, 74, 0, 0, 0, 0, 0, 0.000, 0, 0
1773264991, 1, 0, 413, 411, 14, 11.80%, 0, 0, 2, 2.31, 17, 74, 0, 0, 0, 0, 0, 0.000, 0, 0
1773264997, 1, 0, 414, 412, 14, 11.81%, 0, 0, 2, 2.23, 17, 74, 0, 0, 0, 0, 0, 0.000, 0, 0
1773265013, 1, 0, 415, 413, 14, 11.81%, 0, 0, 2, 2.21, 17, 74, 0, 0, 0, 0, 0, 0.000, 0, 0
1773265019, 1, 0, 417, 415, 14, 11.81%, 0, 0, 2, 2.24, 17, 74, 0, 0, 0, 0, 0, 0.000, 0, 0
1773265088, 1, 0, 418, 416, 14, 11.81%, 0, 0, 2, 1.58, 17, 74, 0, 0, 0, 0, 0, 0.000, 0, 0
1773265100, 1, 0, 419, 417, 14, 11.81%, 0, 0, 2, 1.32, 17, 74, 0, 0, 0, 0, 0, 0.000, 0, 0
1773265121, 1, 0, 420, 418, 14, 11.81%, 0, 0, 2, 2.40, 17, 74, 0, 0, 0, 0, 0, 0.000, 0, 0
1773265127, 1, 0, 421, 419, 14, 11.81%, 0, 0, 2, 2.23, 17, 74, 0, 0, 0, 0, 0, 0.000, 0, 0
1773265149, 1, 0, 422, 420, 14, 11.81%, 0, 0, 2, 1.83, 17, 74, 0, 0, 0, 0, 0, 0.000, 0, 0
1773265212, 1, 0, 423, 421, 14, 11.81%, 0, 0, 2, 1.87, 17, 74, 0, 0, 0, 0, 0, 0.000, 0, 0
1773265217, 1, 0, 424, 422, 14, 11.81%, 0, 0, 2, 2.27, 17, 74, 0, 0, 0, 0, 0, 0.000, 0, 0
1773265223, 1, 0, 425, 423, 14, 11.82%, 0, 0, 2, 2.01, 17, 74, 0, 0, 0, 0, 0, 0.000, 0, 0
1773265239, 1, 0, 426, 424, 14, 11.82%, 0, 0, 2, 1.61, 17, 74, 0, 0, 0, 0, 0, 0.000, 0, 0
1773265257, 1, 0, 427, 425, 14, 11.82%, 0, 0, 2, 1.66, 17, 74, 0, 0, 0, 0, 0, 0.000, 0, 0
1773265273, 1, 0, 428, 426, 14, 11.82%, 0, 0, 2, 1.84, 17, 74, 0, 0, 0, 0, 0, 0.000, 0, 0
1773265279, 1, 0, 429, 427, 14, 11.82%, 0, 0, 2, 1.91, 17, 74, 0, 0, 0, 0, 0, 0.000, 0, 0
1773265307, 1, 0, 430, 428, 14, 11.82%, 0, 0, 2, 2.09, 17, 74, 0, 0, 0, 0, 0, 0.000, 0, 0
1773265323, 1, 0, 432, 430, 14, 11.82%, 0, 0, 2, 2.24, 17, 74, 0, 0, 0, 0, 0, 0.000, 0, 0
1773265328, 1, 0, 433, 431, 14, 11.83%, 0, 0, 2, 2.27, 17, 74, 0, 0, 0, 0, 0, 0.000, 0, 0
1773265346, 1, 0, 434, 432, 14, 11.83%, 0, 0, 2, 1.87, 17, 74, 0, 0, 0, 0, 0, 0.000, 0, 0
1773265379, 1, 0, 435, 433, 14, 11.83%, 0, 0, 2, 2.16, 17, 74, 0, 0, 0, 0, 0, 0.000, 0, 0
1773265411, 1, 0, 436, 434, 14, 11.83%, 0, 0, 2, 2.44, 17, 74, 0, 0, 0, 0, 0, 0.000, 0, 0
1773265469, 1, 0, 437, 435, 14, 11.83%, 0, 0, 2, 2.16, 17, 74, 0, 0, 0, 0, 0, 0.000, 0, 0
1773265490, 1, 0, 439, 437, 14, 11.83%, 0, 0, 2, 2.28, 17, 74, 0, 0, 0, 0, 0, 0.000, 0, 0
1773265502, 1, 0, 440, 438, 14, 11.83%, 0, 0, 2, 2.29, 17, 74, 0, 0, 0, 0, 0, 0.000, 0, 0
1773265507, 1, 0, 441, 439, 14, 11.83%, 0, 0, 2, 2.24, 17, 74, 0, 0, 0, 0, 0, 0.000, 0, 0
1773265513, 1, 0, 442, 440, 14, 11.83%, 0, 0, 2, 1.89, 17, 74, 0, 0, 0, 0, 0, 0.000, 0, 0
1773265523, 1, 0, 443, 441, 14, 11.83%, 0, 0, 2, 2.16, 17, 74, 0, 0, 0, 0, 0, 0.000, 0, 0
1773265555, 1, 0, 444, 442, 14, 11.85%, 0, 0, 2, 1.94, 17, 74, 0, 0, 0, 0, 0, 0.000, 0, 0
1773265572, 1, 0, 445, 443, 14, 11.85%, 0, 0, 2, 1.79, 17, 74, 0, 0, 0, 0, 0, 0.000, 0, 0
1773265601, 1, 0, 446, 444, 14, 11.85%, 0, 0, 2, 2.07, 17, 74, 0, 0, 0, 0, 0, 0.000, 0, 0
1773265705, 1, 0, 447, 445, 14, 11.85%, 0, 0, 2, 2.06, 17, 75, 0, 0, 0, 0, 0, 0.000, 0, 0
1773265737, 1, 0, 448, 446, 14, 11.85%, 0, 0, 2, 1.89, 17, 75, 0, 0, 0, 0, 0, 0.000, 0, 0
1773265753, 1, 0, 449, 447, 14, 11.85%, 0, 0, 2, 1.56, 17, 75, 0, 0, 0, 0, 0, 0.000, 0, 0
1773265806, 1, 0, 450, 448, 14, 11.85%, 0, 0, 2, 2.00, 17, 75, 0, 0, 0, 0, 0, 0.000, 0, 0
1773265828, 1, 0, 451, 449, 14, 11.85%, 0, 0, 2, 2.23, 17, 75, 0, 0, 0, 0, 0, 0.000, 0, 0
1773265876, 1, 0, 452, 450, 14, 11.85%, 0, 0, 2, 1.84, 17, 75, 0, 0, 0, 0, 0, 0.000, 0, 0
1773265893, 1, 0, 453, 451, 14, 11.85%, 0, 0, 2, 1.54, 17, 75, 0, 0, 0, 0, 0, 0.000, 0, 0
1773265932, 1, 0, 454, 452, 14, 11.86%, 0, 0, 2, 1.93, 17, 75, 0, 0, 0, 0, 0, 0.000, 0, 0
1773265959, 1, 0, 455, 453, 14, 11.86%, 0, 0, 2, 2.17, 17, 75, 0, 0, 0, 0, 0, 0.000, 0, 0
1773265975, 1, 0, 455, 453, 4, 11.86%, 0, 0, 2, 2.26, 17, 75, 0, 0, 0, 0, 0, 0.000, 0, 0
1773265990, 1, 0, 456, 454, 4, 11.86%, 0, 0, 2, 2.52, 17, 75, 0, 0, 0, 0, 0, 0.000, 0, 0
1773266011, 1, 0, 457, 455, 4, 11.86%, 0, 0, 2, 2.52, 17, 75, 0, 0, 0, 0, 0, 0.000, 0, 0
1773266047, 1, 0, 458, 456, 4, 11.86%, 0, 0, 2, 2.54, 17, 75, 0, 0, 0, 0, 0, 0.000, 0, 0
1773266053, 1, 0, 459, 457, 4, 11.86%, 0, 0, 2, 2.30, 17, 75, 0, 0, 0, 0, 0, 0.000, 0, 0
1773266070, 1, 0, 460, 458, 4, 11.86%, 0, 0, 2, 1.53, 17, 75, 0, 0, 0, 0, 0, 0.000, 0, 0
1773266075, 1, 0, 461, 459, 4, 11.86%, 0, 0, 2, 1.41, 17, 75, 0, 0, 0, 0, 0, 0.000, 0, 0
1773266086, 1, 0, 462, 460, 4, 11.86%, 0, 0, 2, 1.57, 17, 75, 0, 0, 0, 0, 0, 0.000, 0, 0
1773266097, 1, 0, 464, 462, 4, 11.87%, 0, 0, 2, 2.09, 17, 77, 0, 0, 0, 0, 0, 0.000, 0, 0
1773266108, 1, 0, 465, 463, 4, 11.87%, 0, 0, 2, 2.00, 17, 77, 0, 0, 0, 0, 0, 0.000, 0, 0
1773266118, 1, 0, 466, 464, 4, 11.87%, 0, 0, 2, 2.01, 17, 78, 0, 0, 0, 0, 0, 0.000, 0, 0
1773266124, 1, 0, 467, 465, 4, 11.87%, 0, 0, 2, 2.25, 17, 79, 0, 0, 0, 0, 0, 0.000, 0, 0
1773266129, 1, 0, 468, 466, 4, 11.87%, 0, 0, 2, 2.23, 17, 79, 0, 0, 0, 0, 0, 0.000, 0, 0
1773266134, 1, 0, 469, 467, 4, 11.87%, 0, 0, 2, 1.88, 17, 79, 0, 0, 0, 0, 0, 0.000, 0, 0
1773266140, 1, 0, 470, 468, 4, 11.87%, 0, 0, 2, 1.62, 17, 79, 0, 0, 0, 0, 0, 0.000, 0, 0
1773266151, 1, 0, 471, 469, 4, 11.87%, 0, 0, 2, 1.75, 17, 80, 0, 0, 0, 0, 0, 0.000, 0, 0
1773266156, 1, 0, 472, 470, 4, 11.87%, 0, 0, 2, 1.96, 17, 80, 0, 0, 0, 0, 0, 0.000, 0, 0
1773266161, 1, 0, 473, 471, 4, 11.87%, 0, 0, 2, 2.25, 17, 80, 0, 0, 0, 0, 0, 0.000, 0, 0
1773266166, 1, 0, 474, 472, 4, 11.87%, 0, 0, 2, 2.09, 17, 80, 0, 0, 0, 0, 0, 0.000, 0, 0
1773266178, 1, 0, 475, 473, 4, 11.87%, 0, 0, 2, 1.80, 17, 80, 0, 0, 0, 0, 0, 0.000, 0, 0
1773266189, 1, 0, 476, 474, 4, 11.87%, 0, 0, 2, 1.48, 17, 80, 0, 0, 0, 0, 0, 0.000, 0, 0
1773266201, 1, 0, 477, 475, 4, 11.87%, 0, 0, 2, 1.20, 17, 80, 0, 0, 0, 0, 0, 0.000, 0, 0
1773266223, 1, 0, 478, 476, 4, 11.87%, 0, 0, 2, 0.85, 17, 80, 0, 0, 0, 0, 0, 0.000, 0, 0
1773266243, 1, 0, 479, 477, 4, 11.87%, 0, 0, 2, 1.22, 17, 80, 0, 0, 0, 0, 0, 0.000, 0, 0
1773266248, 1, 0, 480, 478, 4, 11.87%, 0, 0, 2, 1.99, 17, 80, 0, 0, 0, 0, 0, 0.000, 0, 0
1773266253, 1, 0, 481, 479, 4, 11.90%, 0, 0, 2, 2.15, 17, 81, 0, 0, 0, 0, 0, 0.000, 0, 0
1773266259, 1, 0, 482, 480, 4, 11.90%, 0, 0, 2, 2.44, 17, 81, 0, 0, 0, 0, 0, 0.000, 0, 0
1773266267, 1, 0, 483, 481, 4, 11.90%, 0, 0, 2, 0.31, 17, 81, 0, 0, 0, 0, 0, 0.000, 0, 0
1773266303, 1, 0, 484, 482, 4, 11.93%, 0, 0, 2, 2.06, 17, 85, 0, 0, 0, 0, 0, 0.000, 0, 0
1773266318, 1, 0, 485, 483, 4, 11.93%, 0, 0, 2, 1.48, 17, 85, 0, 0, 0, 0, 0, 0.000, 0, 0
1773266329, 1, 0, 486, 484, 4, 11.93%, 0, 0, 2, 1.72, 17, 85, 0, 0, 0, 0, 0, 0.000, 0, 0
1773266340, 1, 0, 488, 486, 4, 11.95%, 0, 0, 2, 1.77, 17, 85, 0, 0, 0, 0, 0, 0.000, 0, 0
1773266356, 1, 0, 489, 487, 4, 11.95%, 0, 0, 2, 2.06, 17, 85, 0, 0, 0, 0, 0, 0.000, 0, 0
1773266362, 1, 0, 490, 488, 4, 11.95%, 0, 0, 2, 2.06, 17, 85, 0, 0, 0, 0, 0, 0.000, 0, 0
1773266377, 1, 0, 491, 489, 4, 11.95%, 0, 0, 2, 2.20, 17, 85, 0, 0, 0, 0, 0, 0.000, 0, 0
1773266389, 1, 0, 492, 490, 4, 11.95%, 0, 0, 2, 1.88, 17, 85, 0, 0, 0, 0, 0, 0.000, 0, 0
1773266394, 1, 0, 493, 491, 4, 11.95%, 0, 0, 2, 1.97, 17, 85, 0, 0, 0, 0, 0, 0.000, 0, 0
1773266405, 1, 0, 494, 492, 4, 11.95%, 0, 0, 2, 2.37, 17, 85, 0, 0, 0, 0, 0, 0.000, 0, 0
1773266429, 1, 0, 495, 493, 4, 11.96%, 0, 0, 2, 0.29, 17, 85, 0, 0, 0, 0, 0, 0.000, 0, 0
1773266465, 1, 0, 496, 494, 4, 11.96%, 0, 0, 2, 2.02, 17, 85, 0, 0, 0, 0, 0, 0.000, 0, 0
1773266475, 1, 0, 497, 495, 4, 11.96%, 0, 0, 2, 1.67, 17, 85, 0, 0, 0, 0, 0, 0.000, 0, 0
1773266486, 1, 0, 498, 496, 4, 12.01%, 0, 0, 2, 1.49, 17, 85, 0, 0, 0, 0, 0, 0.000, 0, 0
1773266492, 1, 0, 499, 497, 4, 12.01%, 0, 0, 2, 1.34, 17, 85, 0, 0, 0, 0, 0, 0.000, 0, 0
1773266502, 1, 0, 500, 498, 4, 12.01%, 0, 0, 2, 1.23, 17, 85, 0, 0, 0, 0, 0, 0.000, 0, 0
1773266513, 1, 0, 501, 499, 4, 12.01%, 0, 0, 2, 1.51, 17, 85, 0, 0, 0, 0, 0, 0.000, 0, 0
1773266523, 1, 0, 502, 500, 4, 12.01%, 0, 0, 2, 1.89, 17, 85, 0, 0, 0, 0, 0, 0.000, 0, 0
1773266529, 1, 0, 503, 501, 4, 12.01%, 0, 0, 2, 2.18, 17, 85, 0, 0, 0, 0, 0, 0.000, 0, 0
1773266541, 1, 0, 504, 502, 4, 12.01%, 0, 0, 2, 2.24, 17, 85, 0, 0, 0, 0, 0, 0.000, 0, 0
1773266557, 1, 0, 505, 503, 4, 12.01%, 0, 0, 2, 2.23, 17, 85, 0, 0, 0, 0, 0, 0.000, 0, 0
1773266579, 1, 0, 506, 504, 4, 12.01%, 0, 0, 2, 2.21, 17, 85, 0, 0, 0, 0, 0, 0.000, 0, 0
1773266597, 1, 0, 507, 505, 4, 12.01%, 0, 0, 2, 0.32, 17, 85, 0, 0, 0, 0, 0, 0.000, 0, 0
1773266648, 1, 0, 508, 506, 4, 12.01%, 0, 0, 2, 2.45, 17, 85, 0, 0, 0, 0, 0, 0.000, 0, 0
1773266663, 1, 0, 509, 507, 4, 12.01%, 0, 0, 2, 1.89, 17, 85, 0, 0, 0, 0, 0, 0.000, 0, 0
1773266674, 1, 0, 510, 508, 4, 12.02%, 0, 0, 2, 1.48, 17, 85, 0, 0, 0, 0, 0, 0.000, 0, 0
1773266733, 1, 0, 511, 509, 4, 12.02%, 0, 0, 2, 2.43, 17, 85, 0, 0, 0, 0, 0, 0.000, 0, 0
1773266738, 1, 0, 512, 510, 4, 12.03%, 0, 0, 2, 2.30, 17, 85, 0, 0, 0, 0, 0, 0.000, 0, 0
1773266759, 1, 0, 513, 511, 4, 12.03%, 0, 0, 2, 1.64, 17, 85, 0, 0, 0, 0, 0, 0.000, 0, 0
1773266785, 1, 0, 514, 512, 4, 12.03%, 0, 0, 2, 1.17, 17, 85, 0, 0, 0, 0, 0, 0.000, 0, 0
1773266805, 1, 0, 515, 513, 4, 12.03%, 0, 0, 2, 1.13, 17, 85, 0, 0, 0, 0, 0, 0.000, 0, 0
1773266834, 1, 0, 516, 514, 4, 12.04%, 0, 0, 2, 1.40, 17, 85, 0, 0, 0, 0, 0, 0.000, 0, 0
1773266860, 1, 0, 517, 515, 4, 12.04%, 0, 0, 2, 0.92, 17, 85, 0, 0, 0, 0, 0, 0.000, 0, 0
1773266882, 1, 0, 518, 516, 4, 12.04%, 0, 0, 2, 1.71, 17, 85, 0, 0, 0, 0, 0, 0.000, 0, 0
1773266887, 1, 0, 519, 517, 4, 12.04%, 0, 0, 2, 1.76, 17, 85, 0, 0, 0, 0, 0, 0.000, 0, 0
1773266900, 1, 0, 520, 518, 4, 12.04%, 0, 0, 2, 0.32, 17, 85, 0, 0, 0, 0, 0, 0.000, 0, 0
1773266975, 1, 0, 521, 519, 4, 12.06%, 0, 0, 2, 2.28, 18, 86, 0, 0, 0, 0, 0, 0.000, 0, 0
1773266981, 1, 0, 523, 521, 4, 12.06%, 0, 0, 2, 2.20, 18, 86, 0, 0, 0, 0, 0, 0.000, 0, 0
1773266992, 1, 0, 524, 522, 4, 12.06%, 0, 0, 2, 1.89, 18, 86, 0, 0, 0, 0, 0, 0.000, 0, 0
1773267008, 1, 0, 525, 523, 4, 12.06%, 0, 0, 2, 1.95, 18, 86, 0, 0, 0, 0, 0, 0.000, 0, 0
1773267023, 1, 0, 526, 524, 4, 12.06%, 0, 0, 2, 2.16, 18, 86, 0, 0, 0, 0, 0, 0.000, 0, 0
1773267033, 1, 0, 527, 525, 4, 12.06%, 0, 0, 2, 2.18, 18, 86, 0, 0, 0, 0, 0, 0.000, 0, 0
1773267039, 1, 0, 528, 526, 4, 12.06%, 0, 0, 2, 2.16, 18, 86, 0, 0, 0, 0, 0, 0.000, 0, 0
1773267044, 1, 0, 529, 527, 4, 12.06%, 0, 0, 2, 1.92, 18, 86, 0, 0, 0, 0, 0, 0.000, 0, 0
1773267065, 1, 0, 530, 528, 4, 12.06%, 0, 0, 2, 2.03, 18, 86, 0, 0, 0, 0, 0, 0.000, 0, 0
1773267081, 1, 0, 531, 529, 4, 12.07%, 0, 0, 2, 2.33, 18, 86, 0, 0, 0, 0, 0, 0.000, 0, 0
1773267086, 1, 0, 532, 530, 4, 12.07%, 0, 0, 2, 2.32, 18, 86, 0, 0, 0, 0, 0, 0.000, 0, 0
1773267097, 1, 0, 533, 531, 4, 12.07%, 0, 0, 2, 2.19, 18, 86, 0, 0, 0, 0, 0, 0.000, 0, 0
1773267108, 1, 0, 534, 532, 4, 12.07%, 0, 0, 2, 1.77, 18, 86, 0, 0, 0, 0, 0, 0.000, 0, 0
1773267118, 1, 0, 535, 533, 4, 12.07%, 0, 0, 2, 1.86, 18, 86, 0, 0, 0, 0, 0, 0.000, 0, 0
1773267134, 1, 0, 536, 534, 4, 12.07%, 0, 0, 2, 2.44, 18, 86, 0, 0, 0, 0, 0, 0.000, 0, 0
1773267144, 1, 0, 537, 535, 4, 12.07%, 0, 0, 2, 2.34, 18, 86, 0, 0, 0, 0, 0, 0.000, 0, 0
1773267150, 1, 0, 538, 536, 4, 12.07%, 0, 0, 2, 2.12, 18, 87, 0, 0, 0, 0, 0, 0.000, 0, 0
1773267166, 1, 0, 539, 537, 4, 12.07%, 0, 0, 2, 2.20, 18, 87, 0, 0, 0, 0, 0, 0.000, 0, 0
1773267171, 1, 0, 540, 538, 4, 12.07%, 0, 0, 2, 2.19, 18, 87, 0, 0, 0, 0, 0, 0.000, 0, 0
1773267177, 1, 0, 541, 539, 4, 12.07%, 0, 0, 2, 2.10, 18, 87, 0, 0, 0, 0, 0, 0.000, 0, 0
1773267182, 1, 0, 542, 540, 4, 12.07%, 0, 0, 2, 2.42, 18, 87, 0, 0, 0, 0, 0, 0.000, 0, 0
1773267197, 1, 0, 543, 541, 4, 12.07%, 0, 0, 2, 2.18, 18, 87, 0, 0, 0, 0, 0, 0.000, 0, 0
1773267254, 1, 0, 544, 542, 4, 12.07%, 0, 0, 2, 2.33, 18, 87, 0, 0, 0, 0, 0, 0.000, 0, 0
1773267270, 1, 0, 545, 543, 4, 12.07%, 0, 0, 2, 2.29, 18, 87, 0, 0, 0, 0, 0, 0.000, 0, 0
1773267316, 1, 0, 546, 544, 4, 12.07%, 0, 0, 2, 2.33, 18, 87, 0, 0, 0, 0, 0, 0.000, 0, 0
1773267327, 1, 0, 547, 545, 4, 12.07%, 0, 0, 2, 1.97, 18, 87, 0, 0, 0, 0, 0, 0.000, 0, 0
1773267359, 1, 0, 547, 545, 6, 12.07%, 0, 0, 2, 2.52, 18, 87, 0, 0, 0, 0, 0, 0.000, 0, 0
1773267401, 1, 0, 548, 546, 6, 12.07%, 0, 0, 2, 2.62, 18, 87, 0, 0, 0, 0, 0, 0.000, 0, 0
1773267490, 1, 2, 548, 546, 7, 12.07%, 0, 0, 2, 0.05, 18, 87, 1, 1, 1571, 57, 0, 0.500, 0, 0
1773267516, 1, 2, 550, 548, 7, 12.08%, 0, 0, 2, 2.23, 18, 87, 1, 1, 1571, 57, 0, 0.500, 0, 0
1773267542, 1, 2, 551, 549, 7, 12.08%, 0, 0, 2, 2.17, 18, 87, 1, 1, 1571, 57, 0, 0.500, 0, 0
1773267574, 1, 2, 552, 550, 7, 12.08%, 0, 0, 2, 1.80, 18, 87, 1, 1, 1571, 57, 0, 0.500, 0, 0
1773267585, 1, 2, 553, 551, 7, 12.08%, 0, 0, 2, 2.29, 18, 87, 1, 1, 1571, 57, 0, 0.500, 0, 0
1773267590, 1, 2, 554, 552, 7, 12.08%, 0, 0, 2, 2.39, 18, 87, 1, 1, 1571, 57, 0, 0.500, 0, 0
1773267601, 1, 2, 555, 553, 7, 12.08%, 0, 0, 2, 2.43, 18, 87, 1, 1, 1571, 57, 0, 0.500, 0, 0
1773267622, 1, 2, 556, 554, 7, 12.09%, 0, 0, 2, 2.19, 18, 87, 1, 1, 1571, 57, 0, 0.500, 0, 0
1773267639, 1, 2, 557, 555, 7, 12.09%, 0, 0, 2, 1.64, 18, 87, 1, 1, 1571, 57, 0, 0.500, 0, 0
1773267651, 1, 2, 558, 556, 7, 12.09%, 0, 0, 2, 1.47, 18, 87, 1, 1, 1571, 57, 0, 0.500, 0, 0
1773267664, 1, 2, 559, 557, 7, 12.09%, 0, 0, 2, 1.13, 18, 88, 1, 1, 1571, 57, 0, 0.500, 0, 0
1773267730, 1, 2, 560, 558, 7, 12.09%, 0, 0, 2, 2.09, 18, 88, 1, 1, 1571, 57, 0, 0.500, 0, 0
1773267756, 1, 2, 561, 559, 7, 12.09%, 0, 0, 2, 2.11, 18, 88, 1, 1, 1571, 57, 0, 0.500, 0, 0
1773267799, 1, 2, 562, 560, 7, 12.11%, 0, 0, 2, 2.08, 18, 88, 1, 1, 1571, 57, 0, 0.334, 2, 8
1773267820, 1, 2, 563, 561, 7, 12.11%, 0, 0, 2, 2.39, 18, 88, 1, 1, 1571, 57, 0, 0.334, 2, 8
1773267831, 1, 2, 564, 562, 7, 12.11%, 0, 0, 2, 2.32, 18, 88, 1, 1, 1571, 57, 0, 0.334, 2, 8
1773267849, 1, 2, 565, 563, 7, 12.11%, 0, 0, 2, 1.95, 18, 88, 1, 1, 1571, 57, 0, 0.334, 2, 8
1773267870, 1, 2, 566, 564, 7, 12.11%, 0, 0, 2, 2.08, 18, 88, 1, 1, 1571, 57, 0, 0.334, 2, 8
1773267904, 1, 2, 567, 565, 7, 12.11%, 0, 0, 2, 2.08, 18, 88, 1, 1, 1571, 57, 0, 0.334, 2, 8
1773267925, 1, 2, 568, 566, 7, 12.11%, 0, 0, 2, 2.00, 18, 88, 1, 1, 1571, 57, 0, 0.334, 2, 8
1773267936, 1, 2, 569, 567, 7, 12.11%, 0, 0, 2, 1.88, 18, 88, 1, 1, 1571, 57, 0, 0.334, 2, 8
1773267969, 1, 2, 570, 568, 7, 12.11%, 0, 0, 2, 2.14, 18, 88, 1, 1, 1571, 57, 0, 0.334, 2, 8
1773267985, 1, 2, 571, 569, 7, 12.11%, 0, 0, 2, 2.40, 18, 88, 1, 1, 1571, 57, 0, 0.334, 2, 8
1773268033, 1, 2, 572, 570, 7, 12.11%, 0, 0, 2, 2.13, 18, 89, 1, 1, 1571, 57, 0, 0.334, 2, 8
1773268048, 1, 2, 573, 571, 7, 12.11%, 0, 0, 2, 1.82, 18, 89, 1, 1, 1571, 57, 0, 0.334, 2, 8
1773268080, 1, 2, 574, 572, 7, 12.11%, 0, 0, 2, 2.10, 18, 89, 1, 1, 1571, 57, 0, 0.334, 2, 8
1773268097, 1, 2, 575, 573, 7, 12.11%, 0, 0, 2, 1.57, 18, 89, 1, 1, 1571, 57, 0, 0.334, 2, 8
1773268108, 1, 2, 576, 574, 7, 12.11%, 0, 0, 2, 1.71, 18, 89, 1, 1, 1571, 57, 0, 0.334, 2, 8
1773268124, 1, 2, 577, 575, 7, 12.11%, 0, 0, 2, 1.72, 18, 89, 1, 1, 1571, 57, 0, 0.334, 2, 8
1773268183, 1, 2, 578, 576, 7, 12.11%, 0, 0, 2, 2.04, 18, 89, 1, 1, 1571, 57, 0, 0.334, 2, 8
1773268263, 1, 2, 579, 577, 7, 12.11%, 0, 0, 2, 2.15, 18, 89, 1, 1, 1571, 57, 0, 0.334, 2, 8
1773268278, 1, 2, 580, 578, 7, 12.11%, 0, 0, 2, 1.60, 18, 89, 1, 1, 1571, 57, 0, 0.334, 2, 8
1773268321, 1, 2, 581, 579, 7, 12.11%, 0, 0, 2, 2.02, 18, 89, 1, 1, 1571, 57, 0, 0.334, 2, 8
1773268353, 1, 2, 582, 580, 7, 12.12%, 0, 0, 2, 2.17, 18, 89, 1, 1, 1571, 57, 0, 0.334, 2, 8
1773268427, 1, 2, 583, 581, 7, 12.12%, 0, 0, 2, 1.51, 18, 89, 1, 1, 1571, 57, 0, 0.334, 2, 8
1773268455, 1, 2, 584, 582, 7, 12.12%, 0, 0, 2, 1.30, 18, 89, 1, 1, 1571, 57, 0, 0.334, 2, 8
1773268468, 1, 2, 585, 583, 7, 12.12%, 0, 0, 2, 1.03, 18, 89, 1, 1, 1571, 57, 0, 0.334, 2, 8
1773268487, 1, 2, 586, 584, 7, 12.12%, 0, 0, 2, 1.01, 18, 89, 1, 1, 1571, 57, 0, 0.334, 2, 8
1773268548, 1, 2, 587, 585, 7, 12.12%, 0, 0, 2, 0.90, 18, 89, 1, 1, 1571, 57, 0, 0.334, 2, 8
1773268582, 1, 2, 588, 586, 7, 12.12%, 0, 0, 2, 1.16, 18, 89, 1, 1, 1571, 57, 0, 0.334, 2, 8
1773268632, 1, 2, 589, 587, 7, 12.12%, 0, 0, 2, 1.93, 18, 89, 1, 1, 1571, 57, 0, 0.334, 2, 8
1773268697, 1, 2, 590, 588, 7, 12.13%, 0, 0, 2, 1.20, 18, 89, 1, 1, 1571, 57, 0, 0.334, 2, 8
1773268725, 1, 2, 591, 589, 7, 12.13%, 0, 0, 2, 1.88, 18, 89, 1, 1, 1571, 57, 0, 0.334, 2, 8
1773268740, 1, 2, 592, 590, 7, 12.13%, 0, 0, 2, 1.59, 18, 89, 1, 1, 1571, 57, 0, 0.334, 2, 8
1773268790, 1, 2, 593, 591, 7, 12.13%, 0, 0, 2, 1.46, 18, 89, 1, 1, 1571, 57, 0, 0.334, 2, 8
1773268807, 1, 2, 594, 592, 7, 12.13%, 0, 0, 2, 1.04, 18, 89, 1, 1, 1571, 57, 0, 0.334, 2, 8
1773268830, 1, 2, 595, 593, 7, 12.13%, 0, 0, 2, 1.03, 18, 89, 1, 1, 1571, 57, 0, 0.334, 2, 8
1773268848, 1, 2, 596, 594, 7, 12.13%, 0, 0, 2, 0.84, 18, 89, 1, 1, 1571, 57, 0, 0.334, 2, 8
1773268941, 1, 2, 597, 595, 7, 12.13%, 0, 0, 2, 1.22, 18, 89, 1, 1, 1571, 57, 0, 0.334, 2, 8
1773269005, 1, 2, 598, 596, 7, 12.13%, 0, 0, 2, 1.28, 18, 89, 1, 1, 1571, 57, 0, 0.334, 2, 8
1773269038, 1, 2, 599, 597, 7, 12.13%, 0, 0, 2, 1.31, 18, 89, 1, 1, 1571, 57, 0, 0.334, 2, 8
1773269100, 1, 2, 600, 598, 7, 12.13%, 0, 0, 2, 1.98, 18, 90, 1, 1, 1571, 57, 0, 0.334, 2, 8
1773269156, 1, 2, 601, 599, 7, 12.14%, 0, 0, 2, 0.42, 18, 90, 1, 1, 1571, 57, 0, 0.334, 2, 8
1773269193, 1, 2, 602, 600, 7, 12.14%, 0, 0, 2, 0.44, 18, 90, 1, 1, 1571, 57, 0, 0.334, 2, 8
1773269213, 1, 2, 603, 601, 7, 12.14%, 0, 0, 2, 0.44, 18, 90, 1, 1, 1571, 57, 0, 0.334, 2, 8
1773269252, 1, 2, 604, 602, 7, 12.14%, 0, 0, 2, 1.82, 18, 90, 1, 1, 1571, 57, 0, 0.334, 2, 8
1773269269, 1, 2, 605, 603, 7, 12.14%, 0, 0, 2, 1.54, 18, 90, 1, 1, 1571, 57, 0, 0.334, 2, 8
1773269292, 1, 2, 606, 604, 7, 12.14%, 0, 0, 2, 1.72, 18, 90, 1, 1, 1571, 57, 0, 0.334, 2, 8
1773269297, 1, 2, 607, 605, 7, 12.14%, 0, 0, 2, 1.64, 18, 90, 1, 1, 1571, 57, 0, 0.334, 2, 8
1773269315, 1, 2, 608, 606, 7, 12.14%, 0, 0, 2, 1.19, 18, 90, 1, 1, 1571, 57, 0, 0.334, 2, 8
1773269371, 1, 2, 609, 607, 7, 12.14%, 0, 0, 2, 0.31, 18, 90, 1, 1, 1571, 57, 0, 0.333, 2, 14
1773269431, 1, 2, 610, 608, 7, 12.14%, 0, 0, 2, 1.90, 18, 90, 1, 1, 1571, 57, 0, 0.333, 2, 14
1773269449, 1, 2, 611, 609, 7, 12.14%, 0, 0, 2, 0.36, 18, 90, 1, 1, 1571, 57, 0, 0.333, 2, 14
1773269476, 1, 2, 612, 610, 7, 12.14%, 0, 0, 2, 2.47, 18, 90, 1, 1, 1571, 57, 0, 0.333, 2, 14
1773269487, 1, 2, 613, 611, 7, 12.14%, 0, 0, 2, 2.12, 18, 90, 1, 1, 1571, 57, 0, 0.333, 2, 14
1773269523, 1, 2, 614, 612, 7, 12.14%, 0, 0, 2, 1.28, 18, 90, 1, 1, 1571, 57, 0, 0.333, 2, 14
1773269554, 1, 2, 615, 613, 7, 12.14%, 0, 0, 2, 1.27, 18, 90, 1, 1, 1571, 57, 0, 0.333, 2, 14
1773269573, 1, 2, 616, 614, 7, 12.14%, 0, 0, 2, 1.26, 18, 90, 1, 1, 1571, 57, 0, 0.333, 2, 14
1773269600, 1, 2, 617, 615, 7, 12.14%, 0, 0, 2, 1.93, 18, 90, 1, 1, 1571, 57, 0, 0.333, 2, 14
1773269645, 1, 2, 618, 616, 7, 12.14%, 0, 0, 2, 2.34, 18, 90, 1, 1, 1571, 57, 0, 0.333, 2, 14
1773269693, 1, 2, 619, 617, 7, 12.14%, 0, 0, 2, 1.72, 18, 90, 1, 1, 1571, 57, 0, 0.333, 2, 14
1773269740, 1, 2, 620, 618, 7, 12.14%, 0, 0, 2, 0.25, 18, 90, 1, 1, 1571, 57, 0, 0.333, 2, 14
1773269777, 1, 2, 621, 619, 7, 12.15%, 0, 0, 2, 2.27, 18, 90, 1, 1, 1571, 57, 0, 0.333, 2, 14
1773269795, 1, 2, 622, 620, 7, 12.15%, 0, 0, 2, 1.55, 18, 90, 1, 1, 1571, 57, 0, 0.333, 2, 14
1773269813, 1, 2, 623, 621, 7, 12.15%, 0, 0, 2, 1.22, 18, 90, 1, 1, 1571, 57, 0, 0.333, 2, 14
1773269824, 1, 2, 624, 622, 7, 12.15%, 0, 0, 2, 1.17, 18, 90, 1, 1, 1571, 57, 0, 0.333, 2, 14
1773269857, 1, 2, 625, 623, 7, 12.15%, 0, 0, 2, 1.48, 18, 90, 1, 1, 1571, 57, 0, 0.333, 2, 14
1773269883, 1, 2, 626, 624, 7, 12.15%, 0, 0, 2, 1.84, 18, 90, 1, 1, 1571, 57, 0, 0.333, 2, 14
1773269900, 1, 2, 627, 625, 7, 12.15%, 0, 0, 2, 1.67, 18, 90, 1, 1, 1571, 57, 0, 0.333, 2, 14
1773269921, 1, 2, 628, 626, 7, 12.15%, 0, 0, 2, 1.73, 18, 90, 1, 1, 1571, 57, 0, 0.333, 2, 14
1773269934, 1, 2, 629, 627, 7, 12.15%, 0, 0, 2, 1.77, 18, 90, 1, 1, 1571, 57, 0, 0.333, 2, 14
1773269976, 1, 2, 630, 628, 7, 12.15%, 0, 0, 2, 2.07, 18, 91, 1, 1, 1571, 57, 0, 0.333, 2, 14
1773270042, 1, 2, 631, 629, 7, 12.15%, 0, 0, 2, 0.42, 18, 91, 1, 1, 1571, 57, 0, 0.333, 2, 14
1773270093, 1, 2, 632, 630, 7, 12.15%, 0, 0, 2, 1.92, 18, 91, 1, 1, 1571, 57, 0, 0.333, 2, 14
1773270127, 1, 2, 633, 631, 7, 12.15%, 0, 0, 2, 2.06, 18, 91, 1, 1, 1571, 57, 0, 0.333, 2, 14
1773270132, 1, 2, 634, 632, 7, 12.15%, 0, 0, 2, 1.86, 18, 91, 1, 1, 1571, 57, 0, 0.333, 2, 14
1773270171, 1, 2, 635, 633, 7, 12.15%, 0, 0, 2, 1.98, 18, 91, 1, 1, 1571, 57, 0, 0.333, 2, 14
1773270224, 1, 2, 636, 634, 7, 12.15%, 0, 0, 2, 2.31, 18, 91, 1, 1, 1571, 57, 0, 0.333, 2, 14
1773270234, 1, 2, 637, 635, 7, 12.15%, 0, 0, 2, 2.51, 18, 91, 1, 1, 1571, 57, 0, 0.333, 2, 14
1773270240, 1, 2, 638, 636, 7, 12.15%, 0, 0, 2, 2.50, 18, 91, 1, 1, 1571, 57, 0, 0.333, 2, 14
1773270255, 1, 2, 639, 637, 7, 12.15%, 0, 0, 2, 2.62, 18, 91, 1, 1, 1571, 57, 0, 0.333, 2, 14
1773270271, 1, 2, 640, 638, 7, 12.15%, 0, 0, 2, 2.65, 18, 91, 1, 1, 1571, 57, 0, 0.333, 2, 14
1773270286, 1, 2, 641, 639, 7, 12.15%, 0, 0, 2, 2.59, 18, 91, 1, 1, 1571, 57, 0, 0.332, 2, 16
1773270349, 1, 2, 642, 640, 7, 12.15%, 0, 0, 2, 2.55, 18, 91, 1, 1, 1571, 57, 0, 0.332, 2, 16
1773270354, 1, 2, 643, 641, 7, 12.15%, 0, 0, 2, 2.53, 18, 91, 1, 1, 1571, 57, 0, 0.332, 2, 16
1773270364, 1, 2, 644, 642, 7, 12.16%, 0, 0, 2, 2.56, 18, 91, 1, 1, 1571, 57, 0, 0.332, 2, 16
1773270406, 1, 2, 645, 643, 7, 12.16%, 0, 0, 2, 2.59, 18, 91, 1, 1, 1571, 57, 0, 0.332, 2, 16
1773270416, 1, 2, 646, 644, 7, 12.16%, 0, 0, 2, 2.57, 18, 91, 1, 1, 1571, 57, 0, 0.332, 2, 16
1773270490, 1, 2, 646, 643, 2, 12.16%, 0, 0, 2, 0.21, 18, 91, 2, 2, 3169, 129, 0, 0.335, 2, 21
1773270506, 1, 2, 647, 644, 2, 12.16%, 0, 0, 2, 1.92, 18, 91, 2, 2, 3169, 129, 0, 0.335, 2, 21
1773270517, 1, 2, 648, 645, 2, 12.16%, 0, 0, 2, 2.13, 18, 91, 2, 2, 3169, 129, 0, 0.335, 2, 21
1773270574, 1, 2, 649, 646, 2, 12.16%, 0, 0, 2, 2.52, 18, 91, 2, 2, 3169, 129, 0, 0.335, 2, 21
1773270579, 1, 2, 650, 647, 2, 12.16%, 0, 0, 2, 2.17, 18, 91, 2, 2, 3169, 129, 0, 0.335, 2, 21
1773270590, 1, 2, 651, 648, 2, 12.16%, 0, 0, 2, 2.28, 18, 91, 2, 2, 3169, 129, 0, 0.335, 2, 21
1773270606, 1, 2, 652, 649, 2, 12.16%, 0, 0, 2, 2.40, 18, 91, 2, 2, 3169, 129, 0, 0.335, 2, 21
1773270622, 1, 2, 653, 650, 2, 12.16%, 0, 0, 2, 2.40, 18, 91, 2, 2, 3169, 129, 0, 0.335, 2, 21
1773270664, 1, 2, 654, 651, 2, 12.16%, 0, 0, 2, 2.34, 18, 91, 2, 2, 3169, 129, 0, 0.335, 2, 21
1773270685, 1, 2, 655, 652, 2, 12.16%, 0, 0, 2, 2.39, 18, 91, 2, 2, 3169, 129, 0, 0.335, 2, 21
1773270701, 1, 2, 656, 653, 2, 12.16%, 0, 0, 2, 2.50, 18, 91, 2, 2, 3169, 129, 0, 0.335, 2, 21
1773270707, 1, 2, 657, 654, 2, 12.17%, 0, 0, 2, 2.22, 18, 91, 2, 2, 3169, 129, 0, 0.335, 2, 21
1773270718, 1, 2, 658, 655, 2, 12.17%, 0, 0, 2, 2.02, 18, 91, 2, 2, 3169, 129, 0, 0.335, 2, 21
1773270744, 1, 2, 659, 656, 2, 12.17%, 0, 0, 2, 2.46, 18, 91, 2, 2, 3169, 129, 0, 0.335, 2, 21
1773270774, 1, 2, 660, 657, 2, 12.17%, 0, 0, 2, 2.34, 18, 91, 2, 2, 3169, 129, 0, 0.335, 2, 21
1773270785, 1, 2, 661, 658, 2, 12.17%, 0, 0, 2, 2.32, 18, 91, 2, 2, 3169, 129, 0, 0.335, 2, 21
1773270812, 1, 2, 662, 659, 2, 12.17%, 0, 0, 2, 2.44, 18, 91, 2, 2, 3169, 129, 0, 0.335, 2, 21
1773270869, 1, 2, 663, 660, 2, 12.17%, 0, 0, 2, 2.56, 18, 91, 2, 2, 3169, 129, 0, 0.335, 2, 21
1773270959, 1, 18, 663, 660, 2, 12.17%, 0, 0, 2, 0.21, 18, 91, 3, 3, 4752, 268, 0, 0.335, 2, 21
1773270965, 1, 18, 664, 661, 2, 12.18%, 0, 0, 2, 1.87, 18, 91, 3, 3, 4752, 268, 0, 0.335, 2, 21
1773270970, 1, 18, 665, 662, 2, 12.18%, 0, 0, 2, 1.65, 18, 91, 3, 3, 4752, 268, 0, 0.335, 2, 21
1773270981, 1, 18, 666, 663, 2, 12.18%, 0, 0, 2, 1.61, 18, 91, 3, 3, 4752, 268, 0, 0.335, 2, 21
1773271008, 1, 18, 667, 664, 2, 12.18%, 0, 0, 2, 1.93, 18, 91, 3, 3, 4752, 268, 0, 0.335, 2, 21
1773271013, 1, 18, 668, 665, 2, 12.18%, 0, 0, 2, 1.73, 18, 91, 3, 3, 4752, 268, 0, 0.335, 2, 21
1773271024, 1, 18, 669, 666, 2, 12.18%, 0, 0, 2, 1.54, 18, 91, 3, 3, 4752, 268, 0, 0.335, 2, 21
1773271035, 1, 18, 670, 667, 2, 12.18%, 0, 0, 2, 1.36, 18, 91, 3, 3, 4752, 268, 0, 0.335, 2, 21
1773271041, 1, 18, 671, 668, 2, 12.18%, 0, 0, 2, 1.34, 18, 91, 3, 3, 4752, 268, 0, 0.335, 2, 21
1773271052, 1, 18, 672, 669, 2, 12.18%, 0, 0, 2, 1.40, 18, 91, 3, 3, 4752, 268, 0, 0.335, 2, 21
1773271057, 1, 18, 673, 670, 2, 12.19%, 0, 0, 2, 1.33, 18, 91, 3, 3, 4752, 268, 0, 0.335, 2, 21
1773271078, 1, 18, 674, 671, 2, 12.19%, 0, 0, 2, 1.43, 18, 91, 3, 3, 4752, 268, 0, 0.335, 2, 21
1773271083, 1, 18, 675, 672, 2, 12.19%, 0, 0, 2, 1.80, 18, 91, 3, 3, 4752, 268, 0, 0.335, 2, 21
1773271110, 1, 18, 676, 673, 2, 12.19%, 0, 0, 2, 1.44, 18, 91, 3, 3, 4752, 268, 0, 0.335, 2, 21
1773271143, 1, 18, 677, 674, 2, 12.19%, 0, 0, 2, 1.82, 18, 91, 3, 3, 4752, 268, 0, 0.335, 2, 21
1773271149, 1, 18, 678, 675, 2, 12.19%, 0, 0, 2, 1.76, 18, 91, 3, 3, 4752, 268, 0, 0.335, 2, 21
1773271164, 1, 18, 679, 676, 2, 12.19%, 0, 0, 2, 1.48, 18, 91, 3, 3, 4752, 268, 0, 0.335, 2, 21
1773271170, 1, 18, 680, 677, 2, 12.19%, 0, 0, 2, 1.36, 18, 91, 3, 3, 4752, 268, 0, 0.335, 2, 21
1773271196, 1, 18, 681, 678, 2, 12.19%, 0, 0, 2, 1.33, 18, 91, 3, 3, 4752, 268, 0, 0.335, 2, 21
1773271228, 1, 18, 682, 679, 2, 12.19%, 0, 0, 2, 1.61, 18, 91, 3, 3, 4752, 268, 0, 0.335, 2, 21
1773271265, 1, 18, 683, 680, 2, 12.19%, 0, 0, 2, 1.57, 18, 91, 3, 3, 4752, 268, 0, 0.335, 2, 21
1773271276, 1, 18, 684, 681, 2, 12.19%, 0, 0, 2, 1.89, 18, 91, 3, 3, 4752, 268, 0, 0.335, 2, 21
1773271286, 1, 18, 685, 682, 2, 12.19%, 0, 0, 2, 1.67, 18, 91, 3, 3, 4752, 268, 0, 0.335, 2, 21
1773271318, 1, 18, 686, 683, 2, 12.19%, 0, 0, 2, 1.76, 18, 91, 3, 3, 4752, 268, 0, 0.335, 2, 21
1773271360, 1, 18, 687, 684, 2, 12.19%, 0, 0, 2, 1.43, 18, 91, 3, 3, 4752, 268, 0, 0.335, 2, 21
1773271376, 1, 18, 688, 685, 2, 12.19%, 0, 0, 2, 1.70, 18, 91, 3, 3, 4752, 268, 0, 0.335, 2, 21
1773271403, 1, 18, 689, 686, 2, 12.21%, 0, 0, 2, 1.63, 18, 91, 3, 3, 4752, 268, 0, 0.335, 2, 21
1773271408, 1, 18, 690, 687, 2, 12.21%, 0, 0, 2, 1.52, 18, 91, 3, 3, 4752, 268, 0, 0.335, 2, 21
1773271429, 1, 18, 691, 688, 2, 12.21%, 0, 0, 2, 1.45, 18, 91, 3, 3, 4752, 268, 0, 0.335, 2, 21
1773271451, 1, 18, 692, 689, 2, 12.21%, 0, 0, 2, 1.65, 18, 91, 3, 3, 4752, 268, 0, 0.335, 2, 21
1773271461, 1, 18, 693, 690, 2, 12.21%, 0, 0, 2, 1.77, 18, 91, 3, 3, 4752, 268, 0, 0.335, 2, 21
1773271532, 1, 18, 694, 691, 2, 12.21%, 0, 0, 2, 1.85, 18, 91, 3, 3, 4752, 268, 0, 0.335, 2, 21
1773271564, 1, 18, 695, 692, 2, 12.21%, 0, 0, 2, 1.71, 18, 91, 3, 3, 4752, 268, 0, 0.335, 2, 21
1773271590, 1, 18, 696, 693, 2, 12.21%, 0, 0, 2, 1.77, 18, 91, 3, 3, 4752, 268, 0, 0.335, 2, 21
1773271611, 1, 18, 697, 694, 2, 12.21%, 0, 0, 2, 1.76, 18, 91, 3, 3, 4752, 268, 0, 0.335, 2, 21
1773271648, 1, 18, 698, 695, 2, 12.21%, 0, 0, 2, 1.69, 18, 91, 3, 3, 4752, 268, 0, 0.335, 2, 21
1773271681, 1, 18, 699, 696, 2, 12.21%, 0, 0, 2, 1.73, 18, 91, 3, 3, 4752, 268, 0, 0.335, 2, 21
1773271686, 1, 18, 700, 697, 2, 12.21%, 0, 0, 2, 1.87, 18, 91, 3, 3, 4752, 268, 0, 0.335, 2, 21
1773271734, 1, 18, 701, 698, 2, 12.21%, 0, 0, 2, 1.30, 18, 91, 3, 3, 4752, 268, 0, 0.335, 2, 21
1773271777, 1, 18, 702, 699, 2, 12.21%, 0, 0, 2, 1.64, 18, 91, 3, 3, 4752, 268, 0, 0.335, 2, 21
1773271783, 1, 18, 703, 700, 2, 12.21%, 0, 0, 2, 1.54, 18, 91, 3, 3, 4752, 268, 0, 0.335, 2, 21
1773271804, 1, 18, 704, 701, 2, 12.21%, 0, 0, 2, 1.28, 18, 91, 3, 3, 4752, 268, 0, 0.335, 2, 21
1773271815, 1, 18, 705, 702, 2, 12.21%, 0, 0, 2, 1.26, 18, 91, 3, 3, 4752, 268, 0, 0.335, 2, 21
1773271836, 1, 18, 706, 703, 2, 12.22%, 0, 0, 2, 1.49, 18, 91, 3, 3, 4752, 268, 0, 0.335, 2, 21
1773271890, 1, 18, 707, 704, 2, 12.22%, 0, 0, 2, 1.19, 18, 91, 3, 3, 4752, 268, 0, 0.335, 2, 21
1773271895, 1, 18, 708, 705, 2, 12.22%, 0, 0, 2, 1.19, 18, 91, 3, 3, 4752, 268, 0, 0.335, 2, 21
1773271976, 1, 18, 709, 706, 2, 12.22%, 0, 0, 2, 1.52, 18, 91, 3, 3, 4752, 268, 0, 0.335, 2, 21
1773271998, 1, 18, 710, 707, 2, 12.22%, 0, 0, 2, 1.29, 18, 91, 3, 3, 4752, 268, 0, 0.335, 2, 21
1773272008, 1, 18, 711, 708, 2, 12.22%, 0, 0, 2, 1.63, 18, 91, 3, 3, 4752, 268, 0, 0.335, 2, 21
1773272020, 1, 18, 712, 709, 2, 12.22%, 0, 0, 2, 1.41, 18, 91, 3, 3, 4752, 268, 0, 0.335, 2, 21
1773272030, 1, 18, 713, 710, 2, 12.22%, 0, 0, 2, 1.55, 18, 91, 3, 3, 4752, 268, 0, 0.335, 2, 21
1773272041, 1, 18, 714, 711, 2, 12.22%, 0, 0, 2, 1.28, 18, 91, 3, 3, 4752, 268, 0, 0.335, 2, 21
1773272052, 1, 18, 715, 712, 2, 12.22%, 0, 0, 2, 1.19, 18, 91, 3, 3, 4752, 268, 0, 0.335, 2, 21
1773272113, 1, 18, 716, 713, 2, 12.24%, 0, 0, 2, 1.27, 18, 91, 3, 3, 4752, 268, 0, 0.335, 2, 21
1773272146, 1, 18, 717, 714, 2, 12.24%, 0, 0, 2, 1.21, 18, 91, 3, 3, 4752, 268, 0, 0.335, 2, 21
1773272157, 1, 18, 718, 715, 2, 12.24%, 0, 0, 2, 1.31, 18, 91, 3, 3, 4752, 268, 0, 0.335, 2, 21
1773272174, 1, 18, 719, 716, 2, 12.24%, 0, 0, 2, 1.12, 18, 91, 3, 3, 4752, 268, 0, 0.335, 2, 21
1773272200, 1, 18, 720, 717, 2, 12.24%, 0, 0, 2, 1.07, 18, 91, 3, 3, 4752, 268, 0, 0.335, 2, 21
1773272232, 1, 18, 721, 718, 2, 12.24%, 0, 0, 2, 1.21, 18, 91, 3, 3, 4752, 268, 0, 0.335, 2, 21
1773272238, 1, 18, 722, 719, 2, 12.24%, 0, 0, 2, 1.16, 18, 91, 3, 3, 4752, 268, 0, 0.335, 2, 21
1773272306, 1, 18, 723, 720, 2, 12.24%, 0, 0, 2, 1.17, 18, 91, 3, 3, 4752, 268, 0, 0.335, 2, 21
1773272344, 1, 18, 724, 721, 2, 12.24%, 0, 0, 2, 1.17, 18, 91, 3, 3, 4752, 268, 0, 0.335, 2, 21
1773272355, 1, 18, 725, 722, 2, 12.24%, 0, 0, 2, 1.47, 18, 91, 3, 3, 4752, 268, 0, 0.335, 2, 21
1773272376, 1, 18, 726, 723, 2, 12.24%, 0, 0, 2, 1.17, 18, 91, 3, 3, 4752, 268, 0, 0.335, 2, 21
1773272430, 1, 18, 727, 724, 2, 12.24%, 0, 0, 2, 1.05, 18, 91, 3, 3, 4752, 268, 0, 0.335, 2, 21
1773272465, 1, 18, 728, 725, 2, 12.24%, 0, 0, 2, 0.93, 18, 91, 3, 3, 4752, 268, 0, 0.335, 2, 21
1773272493, 1, 18, 729, 726, 2, 12.24%, 0, 0, 2, 0.85, 18, 91, 3, 3, 4752, 268, 0, 0.335, 2, 21
1773272504, 1, 18, 730, 727, 2, 12.25%, 0, 0, 2, 0.82, 18, 91, 3, 3, 4752, 268, 0, 0.335, 2, 21
1773272515, 1, 18, 731, 728, 2, 12.25%, 0, 0, 2, 1.01, 18, 91, 3, 3, 4752, 268, 0, 0.335, 2, 21
1773272522, 1, 18, 732, 729, 2, 12.25%, 0, 0, 2, 1.04, 18, 91, 3, 3, 4752, 268, 0, 0.335, 2, 21
1773272555, 1, 18, 733, 730, 2, 12.25%, 0, 0, 2, 0.92, 18, 91, 3, 3, 4752, 268, 0, 0.335, 2, 21
1773272583, 1, 18, 734, 731, 2, 12.25%, 0, 0, 2, 0.99, 18, 91, 3, 3, 4752, 268, 0, 0.335, 2, 21
1773272601, 1, 18, 735, 732, 2, 12.25%, 0, 0, 2, 0.87, 18, 91, 3, 3, 4752, 268, 0, 0.335, 2, 21
1773272613, 1, 18, 736, 733, 2, 12.25%, 0, 0, 2, 0.84, 18, 91, 3, 3, 4752, 268, 0, 0.335, 2, 21
1773272625, 1, 18, 737, 734, 2, 12.25%, 0, 0, 2, 0.83, 18, 91, 3, 3, 4752, 268, 0, 0.335, 2, 21
1773272659, 1, 18, 738, 735, 2, 12.25%, 0, 0, 2, 0.91, 18, 91, 3, 3, 4752, 268, 0, 0.335, 2, 21
1773272705, 1, 18, 739, 736, 2, 12.25%, 0, 0, 2, 1.03, 18, 91, 3, 3, 4752, 268, 0, 0.335, 2, 21
1773272754, 1, 18, 740, 737, 2, 12.25%, 0, 0, 2, 0.92, 18, 91, 3, 3, 4752, 268, 0, 0.335, 2, 21
1773272788, 1, 18, 741, 738, 2, 12.25%, 0, 0, 2, 1.06, 18, 91, 3, 3, 4752, 268, 0, 0.335, 2, 21
1773272799, 1, 18, 742, 739, 2, 12.25%, 0, 0, 2, 1.08, 18, 91, 3, 3, 4752, 268, 0, 0.335, 2, 21
1773272817, 1, 18, 743, 740, 2, 12.25%, 0, 0, 2, 0.88, 18, 91, 3, 3, 4752, 268, 0, 0.335, 2, 21
1773272861, 1, 18, 744, 741, 2, 12.25%, 0, 0, 2, 0.89, 18, 91, 3, 3, 4752, 268, 0, 0.335, 2, 21
1773272887, 1, 18, 745, 742, 2, 12.25%, 0, 0, 2, 0.91, 18, 91, 3, 3, 4752, 268, 0, 0.335, 2, 21
1773272920, 1, 18, 746, 743, 2, 12.25%, 0, 0, 2, 1.09, 18, 91, 3, 3, 4752, 268, 0, 0.335, 2, 21
1773272950, 1, 18, 747, 744, 2, 12.25%, 0, 0, 2, 0.89, 18, 91, 3, 3, 4752, 268, 0, 0.335, 2, 21
1773272966, 1, 18, 748, 745, 2, 12.25%, 0, 0, 2, 0.92, 18, 91, 3, 3, 4752, 268, 0, 0.335, 2, 21
1773272982, 1, 18, 749, 746, 2, 12.25%, 0, 0, 2, 0.88, 18, 91, 3, 3, 4752, 268, 0, 0.335, 2, 21
1773273001, 1, 18, 750, 747, 2, 12.25%, 0, 0, 2, 0.86, 18, 91, 3, 3, 4752, 268, 0, 0.335, 2, 21
1773273058, 1, 18, 751, 748, 2, 12.25%, 0, 0, 2, 0.88, 18, 91, 3, 3, 4752, 268, 0, 0.335, 2, 21
1773273075, 1, 18, 752, 749, 2, 12.25%, 0, 0, 2, 0.92, 18, 91, 3, 3, 4752, 268, 0, 0.335, 2, 21
1773273119, 1, 18, 753, 750, 2, 12.25%, 0, 0, 2, 0.97, 18, 91, 3, 3, 4752, 268, 0, 0.335, 2, 23
1773273141, 1, 18, 754, 751, 2, 12.25%, 0, 0, 2, 1.13, 18, 91, 3, 3, 4752, 268, 0, 0.335, 2, 23
1773273152, 1, 18, 755, 752, 2, 12.25%, 0, 0, 2, 1.01, 18, 91, 3, 3, 4752, 268, 0, 0.335, 2, 23
1773273174, 1, 18, 756, 753, 2, 12.25%, 0, 0, 2, 0.95, 18, 91, 3, 3, 4752, 268, 0, 0.335, 2, 23
1773273202, 1, 18, 757, 754, 2, 12.25%, 0, 0, 2, 1.29, 18, 91, 3, 3, 4752, 268, 0, 0.335, 2, 23
1773273246, 1, 18, 758, 755, 2, 12.25%, 0, 0, 2, 1.00, 18, 91, 3, 3, 4752, 268, 0, 0.335, 2, 23
1773273308, 1, 18, 759, 756, 2, 12.25%, 0, 0, 2, 0.77, 18, 91, 3, 3, 4752, 268, 0, 0.335, 2, 23
1773273326, 1, 18, 760, 757, 2, 12.25%, 0, 0, 2, 0.96, 18, 91, 3, 3, 4752, 268, 0, 0.335, 2, 23
1773273394, 1, 18, 761, 758, 2, 12.25%, 0, 0, 2, 1.17, 18, 91, 3, 3, 4752, 268, 0, 0.335, 2, 23
1773273405, 1, 18, 762, 759, 2, 12.26%, 0, 0, 2, 1.30, 18, 91, 3, 3, 4752, 268, 0, 0.335, 2, 23
1773273613, 1, 18, 763, 760, 2, 12.26%, 0, 0, 2, 0.79, 18, 91, 3, 3, 4752, 268, 0, 0.335, 2, 23
1773273660, 2, 4, 764, 760, 4, 12.26%, 0, 0, 2, 1.21, 18, 92, 3, 3, 4752, 268, 0, 0.335, 2, 23
1773273666, 2, 4, 765, 761, 4, 12.26%, 0, 0, 2, 1.64, 18, 93, 3, 3, 4752, 268, 0, 0.335, 2, 23
1773273697, 2, 4, 766, 762, 4, 12.29%, 0, 0, 2, 1.61, 18, 93, 3, 3, 4752, 268, 0, 0.335, 2, 23
1773273713, 2, 4, 767, 763, 4, 12.29%, 0, 0, 2, 1.87, 18, 93, 3, 3, 4752, 268, 0, 0.335, 2, 23
1773273718, 2, 4, 768, 764, 4, 12.29%, 0, 0, 2, 1.95, 18, 93, 3, 3, 4752, 268, 0, 0.335, 2, 23
1773273723, 2, 4, 769, 765, 4, 12.29%, 0, 0, 2, 1.90, 18, 93, 3, 3, 4752, 268, 0, 0.335, 2, 23
1773273766, 2, 4, 770, 766, 4, 12.29%, 0, 0, 2, 1.84, 18, 93, 3, 3, 4752, 268, 0, 0.335, 2, 23
1773273786, 2, 4, 771, 767, 4, 12.32%, 0, 0, 2, 1.90, 18, 94, 3, 3, 4752, 268, 0, 0.335, 2, 23
1773273849, 2, 4, 772, 768, 4, 12.32%, 0, 0, 2, 1.68, 18, 94, 3, 3, 4752, 268, 0, 0.335, 2, 23
1773273876, 2, 4, 773, 769, 4, 12.32%, 0, 0, 2, 1.94, 18, 94, 3, 3, 4752, 268, 0, 0.335, 2, 23
1773273977, 2, 4, 774, 770, 4, 12.32%, 0, 0, 2, 1.96, 18, 94, 3, 3, 4752, 268, 0, 0.334, 2, 24
1773274039, 2, 4, 775, 771, 4, 12.32%, 0, 0, 2, 2.06, 18, 94, 3, 3, 4752, 268, 0, 0.334, 2, 24
1773274082, 2, 4, 776, 772, 4, 12.32%, 0, 0, 2, 1.69, 18, 94, 3, 3, 4752, 268, 0, 0.334, 2, 24
1773274178, 2, 4, 777, 773, 4, 12.32%, 0, 0, 2, 1.75, 18, 94, 3, 3, 4752, 268, 0, 0.334, 2, 24
1773274258, 2, 4, 778, 774, 4, 12.32%, 0, 0, 2, 2.06, 18, 94, 3, 3, 4752, 268, 0, 0.341, 3, 31
1773274263, 2, 4, 779, 775, 4, 12.32%, 0, 0, 2, 1.95, 18, 94, 3, 3, 4752, 268, 0, 0.341, 3, 31
1773274301, 2, 4, 780, 776, 4, 12.32%, 0, 0, 2, 1.13, 18, 95, 3, 3, 4752, 268, 0, 0.341, 3, 31
1773274313, 2, 4, 780, 776, 4, 12.32%, 0, 1, 2, 0.20, 18, 95, 3, 3, 4752, 268, 0, 0.341, 3, 31
1773274318, 2, 4, 781, 777, 4, 12.32%, 0, 1, 2, 0.26, 18, 95, 3, 3, 4752, 268, 0, 0.341, 3, 31
1773274357, 2, 4, 782, 778, 4, 12.32%, 0, 1, 2, 1.53, 18, 96, 3, 3, 4752, 268, 0, 0.341, 3, 31
1773274376, 2, 4, 783, 779, 4, 12.32%, 0, 1, 2, 1.56, 18, 96, 3, 3, 4752, 268, 0, 0.341, 3, 31
1773274432, 2, 4, 784, 780, 4, 12.32%, 0, 1, 2, 1.44, 18, 96, 3, 3, 4752, 268, 0, 0.341, 3, 31
1773274460, 2, 4, 785, 781, 4, 12.32%, 0, 1, 2, 1.51, 18, 96, 3, 3, 4752, 268, 0, 0.341, 3, 31
1773274489, 2, 4, 786, 782, 4, 12.32%, 0, 1, 2, 1.61, 18, 96, 3, 3, 4752, 268, 0, 0.341, 3, 31
1773274511, 2, 4, 787, 783, 4, 12.33%, 0, 1, 2, 2.12, 18, 96, 3, 3, 4752, 268, 0, 0.341, 3, 31
1773274527, 2, 4, 788, 784, 4, 12.33%, 0, 1, 2, 2.17, 18, 96, 3, 3, 4752, 268, 0, 0.341, 3, 31
1773274635, 2, 4, 789, 785, 4, 12.33%, 0, 1, 2, 1.52, 18, 96, 3, 3, 4752, 268, 0, 0.341, 3, 31
1773274659, 2, 4, 790, 786, 4, 12.33%, 0, 1, 2, 1.18, 18, 96, 3, 3, 4752, 268, 0, 0.341, 3, 31
1773274670, 2, 4, 791, 787, 4, 12.33%, 0, 1, 2, 1.82, 18, 96, 3, 3, 4752, 268, 0, 0.341, 3, 31
1773274785, 2, 4, 792, 788, 4, 12.33%, 0, 1, 2, 0.34, 18, 96, 3, 3, 4752, 268, 0, 0.339, 3, 36
1773274826, 2, 4, 793, 789, 4, 12.33%, 0, 1, 2, 1.88, 18, 96, 3, 3, 4752, 268, 0, 0.339, 3, 36
1773274867, 2, 4, 794, 790, 4, 12.34%, 0, 1, 2, 0.42, 18, 96, 3, 3, 4752, 268, 0, 0.339, 3, 36
1773274894, 2, 4, 794, 790, 4, 12.34%, 0, 2, 2, 0.20, 18, 96, 3, 3, 4752, 268, 0, 0.339, 3, 36
1773274906, 2, 4, 795, 791, 4, 12.34%, 0, 2, 2, 0.43, 18, 96, 3, 3, 4752, 268, 0, 0.339, 3, 36
1773274940, 2, 4, 796, 792, 4, 12.34%, 0, 2, 2, 2.10, 18, 96, 3, 3, 4752, 268, 0, 0.339, 3, 36
1773274962, 2, 4, 797, 793, 4, 12.34%, 0, 2, 2, 2.10, 18, 96, 3, 3, 4752, 268, 0, 0.339, 3, 36
1773274968, 2, 4, 798, 794, 4, 12.34%, 0, 2, 2, 2.26, 18, 96, 3, 3, 4752, 268, 0, 0.339, 3, 36
1773274987, 2, 4, 799, 795, 4, 12.34%, 0, 2, 2, 1.98, 18, 96, 3, 3, 4752, 268, 0, 0.339, 3, 36
1773275004, 2, 4, 800, 796, 4, 12.34%, 0, 2, 2, 2.04, 18, 96, 3, 3, 4752, 268, 0, 0.339, 3, 36
1773275026, 2, 4, 801, 797, 4, 12.34%, 0, 2, 2, 0.43, 18, 96, 3, 3, 4752, 268, 0, 0.339, 3, 36
1773275081, 2, 4, 802, 798, 4, 12.34%, 0, 2, 2, 1.81, 18, 96, 3, 3, 4752, 268, 0, 0.339, 3, 36
1773275099, 2, 4, 803, 799, 4, 12.34%, 0, 2, 2, 1.47, 18, 96, 3, 3, 4752, 268, 0, 0.339, 3, 36
1773275115, 2, 4, 804, 800, 4, 12.34%, 0, 2, 2, 1.87, 18, 96, 3, 3, 4752, 268, 0, 0.339, 3, 36
1773275120, 2, 4, 805, 801, 4, 12.34%, 0, 2, 2, 1.93, 18, 96, 3, 3, 4752, 268, 0, 0.339, 3, 36
1773275136, 2, 4, 806, 802, 4, 12.34%, 0, 2, 2, 1.90, 18, 96, 3, 3, 4752, 268, 0, 0.339, 3, 36
1773275183, 2, 4, 807, 803, 4, 12.34%, 0, 2, 2, 2.08, 18, 96, 3, 3, 4752, 268, 0, 0.339, 3, 36
1773275246, 2, 4, 808, 804, 4, 12.34%, 0, 2, 2, 1.88, 18, 96, 3, 3, 4752, 268, 0, 0.339, 3, 36
1773275311, 2, 4, 809, 805, 4, 12.35%, 0, 2, 2, 2.27, 18, 96, 3, 3, 4752, 268, 0, 0.339, 3, 36
1773275368, 2, 4, 810, 806, 4, 12.35%, 0, 2, 2, 2.26, 18, 96, 3, 3, 4752, 268, 0, 0.339, 3, 36
1773275442, 2, 4, 811, 807, 4, 12.35%, 0, 2, 2, 2.36, 18, 96, 3, 3, 4752, 268, 0, 0.339, 3, 36
1773275468, 2, 4, 812, 808, 4, 12.35%, 0, 2, 2, 2.06, 18, 96, 3, 3, 4752, 268, 0, 0.339, 3, 36
1773275510, 2, 4, 813, 809, 4, 12.35%, 0, 2, 2, 1.68, 18, 96, 3, 3, 4752, 268, 0, 0.339, 3, 36
1773275550, 2, 4, 814, 810, 4, 12.35%, 0, 2, 2, 1.64, 18, 96, 3, 3, 4752, 268, 0, 0.339, 3, 36
1773275593, 2, 4, 815, 811, 4, 12.35%, 0, 2, 2, 2.35, 18, 96, 3, 3, 4752, 268, 0, 0.339, 3, 36
1773275599, 2, 4, 816, 812, 4, 12.35%, 0, 2, 2, 2.05, 18, 96, 3, 3, 4752, 268, 0, 0.339, 3, 36
1773275611, 2, 4, 817, 813, 4, 12.35%, 0, 2, 2, 1.60, 18, 96, 3, 3, 4752, 268, 0, 0.339, 3, 36
1773275639, 2, 4, 818, 814, 4, 12.35%, 0, 2, 2, 1.43, 18, 96, 3, 3, 4752, 268, 0, 0.339, 3, 36
1773275675, 2, 4, 819, 815, 4, 12.35%, 0, 2, 2, 1.30, 18, 96, 3, 3, 4752, 268, 0, 0.339, 3, 36
1773275690, 2, 4, 820, 816, 4, 12.35%, 0, 2, 2, 1.16, 18, 96, 3, 3, 4752, 268, 0, 0.339, 3, 36
1773275708, 2, 4, 821, 817, 4, 12.35%, 0, 2, 2, 1.41, 18, 96, 3, 3, 4752, 268, 0, 0.339, 3, 36
1773275720, 2, 4, 822, 818, 4, 12.35%, 0, 2, 2, 1.36, 18, 96, 3, 3, 4752, 268, 0, 0.339, 3, 36
1773275754, 2, 4, 823, 819, 4, 12.35%, 0, 2, 2, 2.36, 18, 96, 3, 3, 4752, 268, 0, 0.339, 3, 36
1773275766, 2, 4, 824, 820, 4, 12.35%, 0, 2, 2, 2.52, 18, 96, 3, 3, 4752, 268, 0, 0.339, 3, 36
1773275782, 2, 4, 825, 821, 4, 12.35%, 0, 2, 2, 2.42, 18, 96, 3, 3, 4752, 268, 0, 0.339, 3, 36
1773275806, 2, 4, 826, 822, 4, 12.36%, 0, 2, 2, 2.57, 18, 96, 3, 3, 4752, 268, 0, 0.339, 3, 36
1773275821, 2, 4, 827, 823, 4, 12.36%, 0, 2, 2, 2.53, 18, 96, 3, 3, 4752, 268, 0, 0.339, 3, 36
1773275858, 2, 4, 828, 824, 4, 12.36%, 0, 2, 2, 2.06, 18, 96, 3, 3, 4752, 268, 0, 0.339, 3, 36
1773275869, 2, 4, 829, 825, 4, 12.36%, 0, 2, 2, 1.89, 18, 96, 3, 3, 4752, 268, 0, 0.339, 3, 36
1773275937, 2, 4, 830, 826, 4, 12.36%, 0, 2, 2, 1.93, 18, 96, 3, 3, 4752, 268, 0, 0.339, 3, 36
1773275958, 2, 4, 831, 827, 4, 12.36%, 0, 2, 2, 2.05, 18, 96, 3, 3, 4752, 268, 0, 0.339, 3, 36
1773275989, 2, 4, 832, 828, 4, 12.36%, 0, 2, 2, 2.20, 18, 97, 3, 3, 4752, 268, 0, 0.339, 3, 36
1773276017, 2, 4, 833, 829, 4, 12.36%, 0, 2, 2, 2.56, 18, 97, 3, 3, 4752, 268, 0, 0.339, 3, 36
1773276057, 2, 4, 834, 830, 4, 12.36%, 0, 2, 2, 2.50, 18, 97, 3, 3, 4752, 268, 0, 0.339, 3, 36
1773276110, 2, 4, 835, 831, 4, 12.36%, 0, 2, 2, 2.24, 18, 97, 3, 3, 4752, 268, 0, 0.339, 3, 36
1773276125, 2, 4, 836, 832, 4, 12.36%, 0, 2, 2, 2.49, 18, 97, 3, 3, 4752, 268, 0, 0.339, 3, 36
1773276136, 2, 4, 837, 833, 4, 12.36%, 0, 2, 2, 2.49, 18, 97, 3, 3, 4752, 268, 0, 0.339, 3, 36
1773276202, 2, 5, 838, 833, 1, 12.36%, 0, 2, 2, 2.16, 18, 99, 3, 3, 4752, 268, 0, 0.339, 3, 36
1773276239, 2, 5, 839, 834, 1, 12.36%, 0, 2, 2, 2.03, 18, 100, 3, 3, 4752, 268, 0, 0.339, 3, 36
1773276300, 2, 5, 840, 835, 1, 12.37%, 0, 2, 2, 2.29, 18, 101, 3, 3, 4752, 268, 0, 0.339, 3, 36
1773276326, 2, 5, 841, 836, 1, 12.37%, 0, 2, 2, 1.98, 18, 101, 3, 3, 4752, 268, 0, 0.339, 3, 36
1773276363, 2, 5, 842, 837, 1, 12.37%, 0, 2, 2, 2.40, 18, 101, 3, 3, 4752, 268, 0, 0.339, 3, 36
1773276379, 2, 5, 843, 838, 1, 12.37%, 0, 2, 2, 2.50, 18, 101, 3, 3, 4752, 268, 0, 0.339, 3, 36
1773276395, 2, 5, 844, 839, 1, 12.37%, 0, 2, 2, 2.38, 18, 101, 3, 3, 4752, 268, 0, 0.339, 3, 36
1773276400, 2, 5, 845, 840, 1, 12.37%, 0, 2, 2, 2.27, 18, 101, 3, 3, 4752, 268, 0, 0.339, 3, 36
1773276436, 2, 5, 846, 841, 1, 12.37%, 0, 2, 2, 2.40, 18, 101, 3, 3, 4752, 268, 0, 0.339, 3, 36
1773276451, 3, 446, 846, 840, 0, 12.37%, 0, 2, 2, 2.23, 18, 101, 3, 3, 4752, 268, 0, 0.339, 3, 36
1773276504, 3, 446, 847, 841, 0, 12.37%, 0, 2, 3, 2.45, 18, 101, 3, 3, 4752, 268, 0, 0.339, 3, 36
1773276593, 4, 12, 847, 840, 1, 12.37%, 0, 2, 3, 2.54, 18, 101, 4, 4, 6296, 337, 0, 0.339, 3, 36
1773276609, 4, 12, 848, 841, 1, 12.37%, 0, 2, 3, 1.90, 18, 101, 4, 4, 6296, 337, 0, 0.339, 3, 36
1773276646, 4, 12, 849, 842, 1, 12.37%, 0, 2, 3, 2.09, 18, 101, 4, 4, 6296, 337, 0, 0.339, 3, 36
1773276661, 4, 12, 850, 843, 1, 12.37%, 0, 2, 3, 2.23, 18, 101, 4, 4, 6296, 337, 0, 0.339, 3, 36
1773276666, 4, 12, 851, 844, 1, 12.37%, 0, 2, 3, 2.22, 18, 101, 4, 4, 6296, 337, 0, 0.339, 3, 36
1773276683, 4, 12, 852, 845, 1, 12.37%, 0, 2, 3, 2.22, 18, 101, 4, 4, 6296, 337, 0, 0.339, 3, 36
1773276926, 4, 256, 852, 845, 0, 12.37%, 0, 2, 3, 0.02, 18, 101, 5, 5, 7855, 420, 0, 0.339, 3, 36
1773276936, 4, 256, 853, 846, 0, 12.37%, 0, 2, 3, 2.38, 18, 102, 5, 5, 7855, 420, 0, 0.339, 3, 36
1773277052, 4, 256, 854, 847, 0, 12.37%, 0, 2, 3, 2.40, 18, 103, 5, 5, 7855, 420, 0, 0.339, 3, 36
1773277073, 5, 13, 854, 846, 0, 12.37%, 0, 2, 3, 2.33, 18, 103, 5, 5, 7855, 420, 0, 0.339, 3, 36
1773277089, 5, 28, 854, 845, 0, 12.37%, 0, 2, 3, 2.38, 18, 103, 5, 5, 7855, 420, 0, 0.339, 3, 36
1773277130, 5, 28, 855, 846, 0, 12.37%, 0, 2, 3, 2.19, 18, 103, 5, 5, 7855, 420, 0, 0.339, 3, 36
1773277193, 5, 28, 856, 847, 0, 12.37%, 0, 2, 3, 1.85, 18, 103, 5, 5, 7855, 420, 0, 0.340, 3, 40
1773277203, 5, 28, 857, 848, 0, 12.37%, 0, 2, 3, 1.70, 18, 103, 5, 5, 7855, 420, 0, 0.340, 3, 40
1773277229, 5, 28, 858, 849, 0, 12.37%, 0, 2, 3, 1.82, 18, 103, 5, 5, 7855, 420, 0, 0.340, 3, 40
1773277260, 5, 28, 859, 850, 0, 12.37%, 0, 2, 3, 1.65, 18, 103, 5, 5, 7855, 420, 0, 0.340, 3, 40
1773277325, 5, 28, 860, 851, 0, 12.37%, 0, 2, 3, 1.66, 18, 103, 5, 5, 7855, 420, 0, 0.340, 3, 40
1773277362, 5, 28, 861, 852, 0, 12.37%, 0, 2, 3, 1.80, 18, 103, 5, 5, 7855, 420, 0, 0.340, 3, 40
1773277420, 5, 28, 862, 853, 0, 12.37%, 0, 2, 3, 1.74, 18, 103, 5, 5, 7855, 420, 0, 0.340, 3, 40
1773277462, 5, 28, 863, 854, 0, 12.37%, 0, 2, 3, 1.73, 18, 103, 5, 5, 7855, 420, 0, 0.343, 3, 46
1773277498, 5, 28, 864, 855, 0, 12.38%, 0, 2, 3, 1.79, 18, 103, 5, 5, 7855, 420, 0, 0.343, 3, 46
1773277604, 6, 3, 864, 854, 14, 12.38%, 0, 2, 3, 2.02, 18, 103, 6, 5, 7855, 420, 0, 0.343, 3, 46
1773277672, 6, 3, 865, 855, 14, 12.38%, 0, 2, 3, 2.51, 18, 103, 6, 5, 7855, 420, 0, 0.343, 3, 46
1773277678, 6, 3, 866, 856, 14, 12.38%, 0, 2, 3, 2.48, 18, 103, 6, 5, 7855, 420, 0, 0.343, 3, 46
1773277693, 6, 3, 867, 857, 14, 12.38%, 0, 2, 3, 2.52, 18, 103, 6, 5, 7855, 420, 0, 0.343, 3, 46
1773277703, 6, 3, 868, 858, 14, 12.38%, 0, 2, 3, 2.55, 18, 103, 6, 5, 7855, 420, 0, 0.343, 3, 46
1773277735, 6, 3, 869, 859, 14, 12.38%, 0, 2, 3, 2.49, 18, 103, 6, 5, 7855, 420, 0, 0.343, 3, 46
1773277777, 6, 3, 870, 860, 14, 12.38%, 0, 2, 3, 2.56, 18, 103, 6, 5, 7855, 420, 0, 0.343, 3, 46
1773277829, 6, 3, 871, 861, 14, 12.38%, 0, 2, 3, 2.52, 18, 104, 6, 5, 7855, 420, 0, 0.343, 3, 46
1773277834, 6, 3, 872, 862, 14, 12.39%, 0, 2, 3, 2.49, 18, 104, 6, 5, 7855, 420, 0, 0.343, 3, 46
1773277850, 6, 3, 873, 863, 14, 12.39%, 0, 2, 3, 2.48, 18, 104, 6, 5, 7855, 420, 0, 0.343, 3, 46
1773277866, 6, 3, 874, 864, 14, 12.39%, 0, 2, 3, 2.47, 18, 104, 6, 5, 7855, 420, 0, 0.343, 3, 46
1773277923, 6, 3, 875, 865, 14, 12.39%, 0, 2, 3, 2.47, 18, 104, 6, 5, 7855, 420, 0, 0.343, 3, 46
1773277944, 6, 3, 876, 866, 14, 12.39%, 0, 2, 3, 2.52, 18, 104, 6, 5, 7855, 420, 0, 0.343, 3, 46
1773277966, 6, 3, 877, 867, 14, 12.39%, 0, 2, 3, 2.22, 18, 104, 6, 5, 7855, 420, 0, 0.343, 3, 46
1773278011, 6, 3, 878, 868, 14, 12.39%, 0, 2, 3, 2.39, 18, 104, 6, 5, 7855, 420, 0, 0.343, 3, 46
1773278027, 7, 1, 878, 867, 12, 12.39%, 0, 2, 3, 2.34, 18, 104, 6, 5, 7855, 420, 0, 0.343, 3, 46
1773278051, 7, 1, 878, 867, 12, 12.39%, 0, 3, 3, 0.20, 18, 104, 6, 5, 7855, 420, 0, 0.343, 3, 46
1773278056, 7, 1, 879, 868, 12, 12.39%, 0, 3, 3, 2.49, 18, 104, 6, 5, 7855, 420, 0, 0.343, 3, 46
1773278080, 7, 1, 879, 868, 12, 12.39%, 0, 4, 3, 0.32, 18, 104, 6, 5, 7855, 420, 0, 0.343, 3, 46
1773278125, 7, 1, 880, 869, 12, 12.39%, 0, 4, 3, 2.51, 18, 104, 6, 5, 7855, 420, 0, 0.343, 3, 46
1773278197, 8, 3, 880, 868, 11, 12.39%, 0, 4, 3, 0.21, 18, 104, 7, 6, 9420, 484, 0, 0.343, 3, 47
1773278243, 8, 3, 880, 868, 11, 12.39%, 0, 5, 3, 0.20, 18, 104, 7, 6, 9420, 484, 0, 0.343, 3, 47
1773278264, 8, 3, 881, 869, 11, 12.39%, 0, 5, 3, 2.43, 18, 104, 7, 6, 9420, 484, 0, 0.343, 3, 47
1773278269, 8, 3, 882, 870, 11, 12.39%, 0, 5, 3, 2.54, 18, 104, 7, 6, 9420, 484, 0, 0.343, 3, 47
1773278306, 8, 3, 883, 871, 11, 12.39%, 0, 5, 3, 2.09, 18, 104, 7, 6, 9420, 484, 0, 0.343, 3, 47
1773278327, 8, 3, 884, 872, 11, 12.39%, 0, 5, 3, 1.82, 18, 104, 7, 6, 9420, 484, 0, 0.343, 3, 47
1773278385, 8, 3, 885, 873, 11, 12.39%, 0, 5, 3, 0.20, 18, 104, 7, 6, 9420, 484, 0, 0.343, 3, 47
1773278436, 8, 3, 886, 874, 11, 12.39%, 0, 5, 3, 0.31, 18, 104, 7, 6, 9420, 484, 0, 0.343, 3, 47
1773278491, 8, 3, 887, 875, 11, 12.39%, 0, 5, 3, 1.93, 18, 104, 7, 6, 9420, 484, 0, 0.343, 3, 47
1773278509, 8, 3, 888, 876, 11, 12.39%, 0, 5, 3, 1.25, 18, 104, 7, 6, 9420, 484, 0, 0.343, 3, 47
1773278610, 8, 3, 889, 877, 11, 12.40%, 0, 5, 3, 1.96, 18, 104, 7, 6, 9420, 484, 0, 0.343, 3, 50
1773278644, 8, 3, 890, 878, 11, 12.40%, 0, 5, 3, 1.28, 18, 104, 7, 6, 9420, 484, 0, 0.343, 3, 50
1773278672, 8, 3, 891, 879, 11, 12.42%, 0, 5, 3, 1.35, 18, 104, 7, 6, 9420, 484, 0, 0.343, 3, 50
1773278700, 8, 3, 892, 880, 11, 12.42%, 0, 5, 3, 1.39, 18, 104, 7, 6, 9420, 484, 0, 0.343, 3, 50
1773278730, 8, 3, 893, 881, 11, 12.42%, 0, 5, 3, 1.70, 18, 104, 7, 6, 9420, 484, 0, 0.343, 3, 50
1773278806, 8, 3, 894, 882, 11, 12.42%, 0, 5, 3, 1.39, 18, 104, 7, 6, 9420, 484, 0, 0.343, 3, 50
1773278846, 8, 3, 895, 883, 11, 12.42%, 0, 5, 3, 1.21, 18, 104, 7, 6, 9420, 484, 0, 0.343, 3, 50
1773278903, 8, 3, 896, 884, 11, 12.42%, 0, 5, 3, 0.34, 18, 104, 7, 6, 9420, 484, 0, 0.343, 3, 50
1773278932, 8, 3, 897, 885, 11, 12.42%, 0, 5, 3, 0.44, 18, 104, 7, 6, 9420, 484, 0, 0.343, 3, 50
1773279043, 8, 3, 898, 886, 11, 12.43%, 0, 5, 3, 2.46, 18, 104, 7, 6, 9420, 484, 0, 0.343, 3, 50
1773279059, 8, 3, 899, 887, 11, 12.43%, 0, 5, 3, 2.21, 18, 104, 7, 6, 9420, 484, 0, 0.343, 3, 50
1773279188, 8, 3, 900, 888, 11, 12.43%, 0, 5, 3, 1.20, 18, 104, 7, 6, 9420, 484, 0, 0.342, 3, 53
1773279337, 9, 2, 900, 888, 1, 12.43%, 0, 5, 3, 2.27, 18, 104, 7, 6, 9420, 484, 0, 0.342, 3, 53
1773279359, 9, 2, 901, 889, 1, 12.43%, 0, 5, 3, 2.23, 18, 104, 7, 6, 9420, 484, 0, 0.342, 3, 53
1773279427, 9, 2, 902, 890, 1, 12.43%, 0, 5, 3, 2.24, 18, 104, 7, 6, 9420, 484, 0, 0.342, 3, 53
1773279479, 9, 2, 903, 891, 1, 12.43%, 0, 5, 3, 0.35, 18, 104, 7, 6, 9420, 484, 0, 0.343, 3, 57
1773279508, 9, 2, 904, 892, 1, 12.43%, 0, 5, 3, 1.91, 18, 104, 7, 6, 9420, 484, 0, 0.343, 3, 57
1773279528, 9, 2, 905, 893, 1, 12.44%, 0, 5, 3, 1.24, 18, 104, 7, 6, 9420, 484, 0, 0.343, 3, 57
1773279535, 9, 2, 906, 894, 1, 12.44%, 0, 5, 3, 1.20, 18, 104, 7, 6, 9420, 484, 0, 0.343, 3, 57
1773279656, 9, 2, 907, 895, 1, 12.44%, 0, 5, 3, 0.29, 18, 104, 7, 6, 9420, 484, 0, 0.343, 3, 57
1773279700, 9, 2, 908, 896, 1, 12.44%, 0, 5, 3, 0.32, 18, 104, 7, 6, 9420, 484, 0, 0.343, 3, 57
1773279726, 9, 2, 909, 897, 1, 12.44%, 0, 5, 3, 0.29, 18, 104, 7, 6, 9420, 484, 0, 0.343, 3, 57
1773279821, 9, 2, 910, 898, 1, 12.44%, 0, 5, 3, 0.30, 18, 104, 7, 6, 9420, 484, 0, 0.343, 3, 57
1773279855, 9, 2, 911, 899, 1, 12.44%, 0, 5, 3, 0.30, 18, 104, 7, 6, 9420, 484, 0, 0.343, 3, 57
1773279888, 9, 2, 912, 900, 1, 12.44%, 0, 5, 3, 0.29, 18, 104, 7, 6, 9420, 484, 0, 0.343, 3, 57
1773279915, 9, 2, 913, 901, 1, 12.44%, 0, 5, 3, 0.31, 18, 104, 7, 6, 9420, 484, 0, 0.343, 3, 57
1773279965, 9, 2, 914, 902, 1, 12.44%, 0, 5, 3, 2.27, 18, 104, 7, 6, 9420, 484, 0, 0.343, 3, 57
1773279996, 9, 2, 915, 903, 1, 12.44%, 0, 5, 3, 0.34, 18, 104, 7, 6, 9420, 484, 0, 0.343, 3, 57
1773280026, 9, 2, 916, 904, 1, 12.44%, 0, 5, 3, 0.29, 18, 104, 7, 6, 9420, 484, 0, 0.343, 3, 57
1773280230, 9, 2, 916, 904, 1, 12.44%, 0, 6, 3, 0.20, 18, 104, 7, 6, 9420, 484, 0, 0.343, 3, 57
1773280235, 9, 2, 916, 904, 1, 12.44%, 0, 7, 3, 0.20, 18, 104, 7, 6, 9420, 484, 0, 0.343, 3, 57
1773280240, 9, 2, 917, 905, 1, 12.44%, 0, 7, 3, 1.76, 18, 104, 7, 6, 9420, 484, 0, 0.343, 3, 57
1773280292, 9, 2, 918, 906, 1, 12.44%, 0, 7, 3, 0.31, 18, 104, 7, 6, 9420, 484, 0, 0.343, 3, 61
1773280366, 9, 2, 918, 906, 1, 12.44%, 0, 8, 3, 0.20, 18, 104, 7, 6, 9420, 484, 0, 0.343, 3, 61
1773280375, 9, 2, 919, 907, 1, 12.44%, 0, 8, 3, 0.20, 18, 104, 7, 6, 9420, 484, 0, 0.343, 3, 61
1773280478, 9, 2, 920, 908, 1, 12.44%, 0, 8, 3, 1.34, 18, 104, 7, 6, 9420, 484, 0, 0.343, 3, 61
1773280554, 9, 2, 920, 908, 1, 12.44%, 0, 9, 3, 0.20, 18, 104, 7, 6, 9420, 484, 0, 0.343, 3, 61
1773280568, 9, 2, 921, 909, 1, 12.45%, 0, 9, 3, 0.29, 18, 104, 7, 6, 9420, 484, 0, 0.343, 3, 61
1773280769, 9, 3, 921, 909, 1, 12.45%, 0, 9, 3, 2.03, 18, 104, 7, 6, 9420, 484, 0, 0.343, 3, 61
1773280786, 9, 3, 922, 910, 1, 12.45%, 0, 9, 3, 1.49, 18, 104, 7, 6, 9420, 484, 0, 0.343, 3, 61
1773280820, 9, 3, 923, 911, 1, 12.45%, 0, 9, 3, 0.27, 18, 104, 7, 6, 9420, 484, 0, 0.343, 3, 61
1773280881, 9, 3, 924, 912, 1, 12.45%, 0, 9, 3, 0.63, 18, 104, 7, 6, 9420, 484, 0, 0.343, 3, 61
1773280946, 9, 3, 924, 912, 1, 12.45%, 0, 10, 3, 0.55, 18, 104, 7, 6, 9420, 484, 0, 0.343, 3, 61
1773281075, 9, 3, 925, 913, 1, 12.45%, 0, 10, 3, 1.11, 18, 104, 7, 6, 9420, 484, 0, 0.343, 3, 61
1773281127, 9, 3, 926, 914, 1, 12.45%, 0, 10, 3, 1.02, 18, 104, 7, 6, 9420, 484, 0, 0.343, 3, 62
1773281271, 9, 3, 927, 915, 1, 12.45%, 0, 10, 3, 1.13, 18, 104, 7, 6, 9420, 484, 0, 0.343, 3, 62
1773281288, 9, 3, 928, 916, 1, 12.45%, 0, 10, 3, 1.00, 18, 104, 7, 6, 9420, 484, 0, 0.343, 3, 62
1773281393, 9, 12, 928, 916, 2, 12.45%, 0, 10, 3, 1.68, 18, 104, 7, 6, 9420, 484, 0, 0.343, 3, 62
1773281404, 10, 5, 928, 916, 2, 12.45%, 0, 10, 3, 0.18, 18, 104, 8, 7, 10995, 549, 0, 0.343, 3, 62
1773281457, 10, 5, 929, 917, 2, 12.45%, 0, 10, 3, 2.46, 18, 105, 8, 7, 10995, 549, 0, 0.343, 3, 62
1773281473, 10, 5, 930, 918, 2, 12.45%, 0, 10, 3, 2.60, 18, 105, 8, 7, 10995, 549, 0, 0.343, 3, 62
1773281488, 10, 5, 931, 919, 2, 12.46%, 0, 10, 3, 2.57, 18, 105, 8, 7, 10995, 549, 0, 0.343, 3, 62
1773281514, 10, 5, 932, 920, 2, 12.46%, 0, 10, 3, 2.51, 18, 105, 8, 7, 10995, 549, 0, 0.344, 3, 65
1773281564, 10, 5, 932, 920, 2, 12.46%, 0, 11, 3, 0.20, 18, 105, 8, 7, 10995, 549, 0, 0.344, 3, 65
1773281569, 10, 5, 933, 921, 2, 12.46%, 0, 11, 3, 1.97, 18, 105, 8, 7, 10995, 549, 0, 0.344, 3, 65
1773281585, 10, 5, 934, 922, 2, 12.46%, 0, 11, 3, 2.08, 18, 105, 8, 7, 10995, 549, 0, 0.344, 3, 65
1773281610, 10, 5, 935, 923, 2, 12.46%, 0, 11, 3, 2.33, 18, 105, 8, 7, 10995, 549, 0, 0.344, 3, 65
1773281653, 10, 5, 936, 924, 2, 12.46%, 0, 11, 3, 2.21, 18, 106, 8, 7, 10995, 549, 0, 0.344, 3, 65
1773281668, 10, 9, 937, 925, 2, 12.47%, 0, 11, 3, 2.08, 18, 108, 8, 7, 10995, 549, 0, 0.344, 3, 65
1773281679, 10, 9, 938, 926, 2, 12.47%, 0, 11, 3, 1.63, 18, 108, 8, 7, 10995, 549, 0, 0.344, 3, 65
1773281837, 10, 9, 939, 927, 2, 12.47%, 0, 11, 3, 1.76, 18, 108, 8, 7, 10995, 549, 0, 0.341, 3, 70
1773281878, 10, 9, 940, 928, 2, 12.47%, 0, 11, 3, 1.86, 18, 108, 8, 7, 10995, 549, 0, 0.341, 3, 70
1773281883, 10, 9, 941, 929, 2, 12.47%, 0, 11, 3, 1.99, 18, 108, 8, 7, 10995, 549, 0, 0.341, 3, 70
1773281894, 10, 9, 942, 930, 2, 12.47%, 0, 11, 3, 2.31, 18, 108, 8, 7, 10995, 549, 0, 0.341, 3, 70
1773281899, 10, 9, 943, 931, 2, 12.47%, 0, 11, 3, 2.04, 18, 108, 8, 7, 10995, 549, 0, 0.341, 3, 70
1773281910, 10, 9, 944, 932, 2, 12.47%, 0, 11, 3, 2.27, 18, 108, 8, 7, 10995, 549, 0, 0.341, 3, 70
1773281930, 10, 9, 945, 933, 2, 12.47%, 0, 11, 3, 2.31, 18, 108, 8, 7, 10995, 549, 0, 0.341, 3, 70
1773281941, 10, 9, 946, 934, 2, 12.47%, 0, 11, 3, 2.10, 18, 108, 8, 7, 10995, 549, 0, 0.341, 3, 70
1773281946, 10, 9, 947, 935, 2, 12.47%, 0, 11, 3, 1.96, 18, 108, 8, 7, 10995, 549, 0, 0.341, 3, 70
1773281951, 10, 9, 948, 936, 2, 12.47%, 0, 11, 3, 1.86, 18, 108, 8, 7, 10995, 549, 0, 0.341, 3, 70
1773282014, 10, 9, 949, 937, 2, 12.47%, 0, 11, 3, 2.04, 18, 108, 8, 7, 10995, 549, 0, 0.341, 3, 70
1773282030, 10, 9, 950, 938, 2, 12.47%, 0, 11, 3, 1.95, 18, 108, 8, 7, 10995, 549, 0, 0.341, 3, 70
1773282050, 10, 9, 951, 939, 2, 12.47%, 0, 11, 3, 2.14, 18, 108, 8, 7, 10995, 549, 0, 0.341, 3, 70
1773282072, 10, 9, 952, 940, 2, 12.47%, 0, 11, 3, 2.38, 18, 108, 8, 7, 10995, 549, 0, 0.341, 3, 70
1773282104, 10, 9, 953, 941, 2, 12.47%, 0, 11, 3, 1.97, 18, 108, 8, 7, 10995, 549, 0, 0.341, 3, 70
1773282109, 10, 9, 954, 942, 2, 12.47%, 0, 11, 3, 1.83, 18, 108, 8, 7, 10995, 549, 0, 0.341, 3, 70
1773282136, 10, 9, 955, 943, 2, 12.47%, 0, 11, 3, 2.24, 18, 108, 8, 7, 10995, 549, 0, 0.341, 3, 70
1773282141, 10, 9, 956, 944, 2, 12.47%, 0, 11, 3, 2.19, 18, 108, 8, 7, 10995, 549, 0, 0.341, 3, 70
1773282162, 10, 9, 957, 945, 2, 12.48%, 0, 11, 3, 2.42, 18, 108, 8, 7, 10995, 549, 0, 0.341, 3, 70
1773282182, 10, 9, 958, 946, 2, 12.48%, 0, 11, 3, 2.20, 18, 108, 8, 7, 10995, 549, 0, 0.341, 3, 70
1773282198, 10, 9, 959, 947, 2, 12.48%, 0, 11, 3, 2.00, 18, 108, 8, 7, 10995, 549, 0, 0.341, 3, 70
1773282208, 10, 9, 960, 948, 2, 12.48%, 0, 11, 3, 2.13, 18, 108, 8, 7, 10995, 549, 0, 0.341, 3, 70
1773282219, 10, 9, 961, 949, 2, 12.48%, 0, 11, 3, 1.75, 18, 108, 8, 7, 10995, 549, 0, 0.341, 3, 70
1773282224, 10, 9, 962, 950, 2, 12.48%, 0, 11, 3, 1.78, 18, 108, 8, 7, 10995, 549, 0, 0.341, 3, 70
1773282240, 10, 9, 963, 951, 2, 12.48%, 0, 11, 3, 2.17, 18, 108, 8, 7, 10995, 549, 0, 0.341, 3, 70
1773282256, 10, 9, 964, 952, 2, 12.48%, 0, 11, 3, 2.25, 18, 108, 8, 7, 10995, 549, 0, 0.341, 3, 70
1773282282, 10, 9, 965, 953, 2, 12.48%, 0, 11, 3, 2.39, 18, 108, 8, 7, 10995, 549, 0, 0.341, 3, 70
1773282314, 10, 9, 966, 954, 2, 12.48%, 0, 11, 3, 1.53, 18, 108, 8, 7, 10995, 549, 0, 0.340, 3, 75
1773282336, 11, 846, 966, 953, 0, 12.48%, 0, 11, 3, 1.83, 18, 108, 8, 7, 10995, 549, 0, 0.340, 3, 75
1773282347, 11, 846, 967, 954, 0, 12.48%, 0, 11, 4, 2.02, 18, 108, 8, 7, 10995, 549, 0, 0.340, 3, 75
1773282415, 12, 12, 967, 953, 1, 12.48%, 0, 11, 4, 0.18, 18, 108, 9, 8, 12567, 722, 0, 0.340, 3, 75
1773282566, 12, 599, 967, 953, 4, 12.48%, 0, 11, 4, 0.19, 18, 108, 10, 9, 14216, 821, 0, 0.340, 3, 75
1773282597, 12, 599, 968, 954, 4, 12.48%, 0, 11, 4, 2.35, 18, 108, 10, 9, 14216, 821, 0, 0.340, 3, 75
1773282640, 12, 599, 969, 955, 4, 12.48%, 0, 11, 4, 2.01, 18, 108, 10, 9, 14216, 821, 0, 0.340, 3, 75
1773282661, 12, 599, 970, 956, 4, 12.48%, 0, 11, 4, 1.52, 18, 108, 10, 9, 14216, 821, 0, 0.340, 3, 75
1773282682, 12, 599, 971, 957, 4, 12.48%, 0, 11, 4, 1.40, 18, 108, 10, 9, 14216, 821, 0, 0.340, 3, 75
1773282687, 12, 599, 972, 958, 4, 12.48%, 0, 11, 4, 1.43, 18, 108, 10, 9, 14216, 821, 0, 0.340, 3, 75
1773282730, 12, 599, 973, 959, 4, 12.48%, 0, 11, 4, 1.48, 18, 108, 10, 9, 14216, 821, 0, 0.340, 3, 75
1773282778, 12, 599, 974, 960, 4, 12.48%, 0, 11, 4, 1.49, 18, 108, 10, 9, 14216, 821, 0, 0.340, 3, 75
1773282794, 12, 599, 975, 961, 4, 12.48%, 0, 11, 4, 1.51, 18, 108, 10, 9, 14216, 821, 0, 0.340, 3, 75
1773282805, 12, 599, 976, 962, 4, 12.48%, 0, 11, 4, 1.49, 18, 108, 10, 9, 14216, 821, 0, 0.340, 3, 75
1773282826, 12, 599, 977, 963, 4, 12.48%, 0, 11, 4, 1.41, 18, 108, 10, 9, 14216, 821, 0, 0.340, 3, 75
1773282847, 12, 599, 978, 964, 4, 12.48%, 0, 11, 4, 1.44, 18, 108, 10, 9, 14216, 821, 0, 0.340, 3, 75
1773282864, 12, 599, 979, 965, 4, 12.48%, 0, 11, 4, 1.45, 18, 108, 10, 9, 14216, 821, 0, 0.340, 3, 75
1773282973, 12, 842, 979, 964, 0, 12.48%, 0, 11, 4, 0.18, 18, 108, 11, 10, 16164, 916, 0, 0.340, 3, 78
1773282984, 12, 842, 980, 965, 0, 12.48%, 0, 11, 4, 2.47, 18, 110, 11, 10, 16164, 916, 0, 0.340, 3, 78
1773283005, 12, 842, 981, 966, 0, 12.49%, 0, 11, 4, 2.44, 18, 110, 11, 10, 16164, 916, 0, 0.340, 3, 78
1773283084, 12, 842, 982, 967, 0, 12.49%, 0, 11, 4, 2.40, 18, 110, 11, 10, 16164, 916, 0, 0.340, 3, 78
1773283089, 12, 842, 983, 968, 0, 12.49%, 0, 11, 4, 2.39, 18, 110, 11, 10, 16164, 916, 0, 0.340, 3, 78
1773283130, 12, 842, 984, 969, 0, 12.49%, 0, 11, 4, 2.46, 18, 110, 11, 10, 16164, 916, 0, 0.340, 3, 79
1773283177, 12, 842, 985, 970, 0, 12.49%, 0, 12, 4, 0.20, 18, 110, 11, 10, 16164, 916, 0, 0.340, 3, 79
1773283199, 12, 842, 986, 971, 0, 12.49%, 0, 12, 4, 0.32, 18, 110, 11, 10, 16164, 916, 0, 0.340, 3, 79
1773283219, 12, 842, 987, 972, 0, 12.49%, 0, 12, 4, 0.31, 18, 110, 11, 10, 16164, 916, 0, 0.340, 3, 79
1773283284, 12, 842, 988, 973, 0, 12.49%, 0, 12, 4, 0.32, 18, 110, 11, 10, 16164, 916, 0, 0.340, 3, 79
1773283482, 12, 842, 988, 973, 0, 12.49%, 0, 13, 4, 0.20, 18, 110, 11, 10, 16164, 916, 0, 0.340, 3, 79
1773283613, 12, 842, 989, 974, 0, 12.50%, 0, 13, 4, 0.24, 18, 110, 11, 10, 16164, 916, 0, 0.340, 3, 79
1773283819, 13, 73, 989, 973, 1, 12.50%, 0, 13, 4, 2.39, 18, 110, 11, 10, 16164, 916, 0, 0.341, 3, 81
1773283946, 13, 73, 990, 974, 1, 12.50%, 0, 13, 4, 1.64, 18, 110, 11, 10, 16164, 916, 0, 0.341, 3, 81
1773283978, 13, 868, 990, 973, 1, 12.50%, 0, 13, 4, 1.93, 18, 110, 11, 10, 16164, 916, 0, 0.341, 3, 81
1773283983, 13, 868, 991, 974, 1, 12.51%, 0, 13, 4, 1.89, 18, 110, 11, 10, 16164, 916, 0, 0.341, 3, 81
1773284025, 13, 868, 992, 975, 1, 12.51%, 0, 13, 4, 2.39, 18, 110, 11, 10, 16164, 916, 0, 0.341, 3, 81
1773284124, 13, 868, 993, 976, 1, 12.51%, 0, 13, 4, 2.21, 18, 110, 11, 10, 16164, 916, 0, 0.333, 4, 85
1773284161, 13, 868, 994, 977, 1, 12.51%, 0, 13, 4, 2.36, 18, 110, 11, 10, 16164, 916, 0, 0.333, 4, 85
1773284366, 13, 868, 995, 978, 1, 12.51%, 0, 13, 4, 2.18, 18, 110, 11, 10, 16164, 916, 0, 0.332, 4, 86
1773284461, 13, 868, 996, 979, 1, 12.51%, 0, 13, 4, 2.24, 18, 110, 11, 10, 16164, 916, 0, 0.332, 4, 86
1773284498, 14, 833, 996, 978, 9, 12.51%, 0, 13, 4, 2.35, 18, 110, 11, 10, 16164, 916, 0, 0.334, 6, 91
1773284541, 14, 833, 997, 979, 9, 12.51%, 0, 13, 4, 0.42, 18, 110, 11, 10, 16164, 916, 0, 0.334, 6, 91
1773284601, 14, 833, 998, 980, 9, 12.51%, 0, 13, 4, 2.11, 18, 110, 11, 10, 16164, 916, 0, 0.334, 6, 91
1773284678, 14, 833, 999, 981, 9, 12.51%, 0, 13, 4, 2.27, 18, 110, 11, 10, 16164, 916, 0, 0.334, 6, 91
1773284688, 14, 833, 1000, 982, 9, 12.51%, 0, 13, 4, 2.50, 18, 110, 11, 10, 16164, 916, 0, 0.334, 6, 91
1773284709, 14, 833, 1001, 983, 9, 12.51%, 0, 13, 4, 2.46, 18, 110, 11, 10, 16164, 916, 0, 0.334, 6, 91
1773284747, 14, 833, 1002, 984, 9, 12.51%, 0, 13, 4, 2.16, 18, 110, 11, 10, 16164, 916, 0, 0.334, 6, 92
1773284800, 14, 833, 1003, 985, 9, 12.51%, 0, 13, 4, 2.42, 18, 110, 11, 10, 16164, 916, 0, 0.334, 6, 92
1773284853, 15, 827, 1003, 984, 4, 12.51%, 0, 13, 4, 0.18, 18, 110, 12, 11, 17833, 988, 0, 0.334, 6, 92
1773284877, 15, 827, 1004, 985, 4, 12.54%, 0, 13, 4, 0.50, 18, 110, 12, 11, 17833, 988, 0, 0.334, 6, 92
1773284900, 15, 827, 1005, 986, 4, 12.54%, 0, 13, 4, 0.64, 18, 110, 12, 11, 17833, 988, 0, 0.334, 6, 92
1773285064, 15, 827, 1006, 987, 4, 12.54%, 0, 13, 4, 0.70, 18, 110, 12, 11, 17833, 988, 0, 0.334, 6, 92
1773285081, 15, 827, 1007, 988, 4, 12.54%, 0, 13, 4, 0.71, 18, 110, 12, 11, 17833, 988, 0, 0.334, 6, 92
1773285121, 15, 827, 1008, 989, 4, 12.54%, 0, 13, 4, 0.71, 18, 110, 12, 11, 17833, 988, 0, 0.334, 6, 92
1773285238, 15, 827, 1009, 990, 4, 12.55%, 0, 13, 4, 0.70, 18, 110, 12, 11, 17833, 988, 0, 0.334, 6, 95
1773285442, 15, 827, 1010, 991, 4, 12.55%, 0, 13, 4, 0.71, 18, 110, 12, 11, 17833, 988, 0, 0.334, 6, 95
1773285592, 15, 827, 1011, 992, 4, 12.55%, 0, 13, 4, 0.72, 18, 110, 12, 11, 17833, 988, 0, 0.334, 6, 95
1773285688, 15, 827, 1012, 993, 4, 12.55%, 0, 13, 4, 0.70, 18, 110, 12, 11, 17833, 988, 0, 0.334, 6, 95
1773286047, 15, 827, 1012, 993, 4, 12.55%, 0, 14, 4, 0.66, 18, 110, 12, 11, 17833, 988, 0, 0.334, 6, 95
1773286060, 15, 827, 1013, 994, 4, 12.55%, 0, 14, 4, 0.59, 18, 110, 12, 11, 17833, 988, 0, 0.334, 6, 95
1773286260, 15, 827, 1013, 994, 4, 12.55%, 0, 15, 4, 0.43, 18, 110, 12, 11, 17833, 988, 0, 0.334, 6, 95
1773286283, 15, 827, 1013, 994, 4, 12.55%, 0, 16, 4, 0.38, 18, 110, 12, 11, 17833, 988, 0, 0.334, 6, 95
1773286297, 15, 827, 1014, 995, 4, 12.55%, 0, 16, 4, 0.36, 18, 110, 12, 11, 17833, 988, 0, 0.334, 6, 95
1773286336, 15, 827, 1015, 996, 4, 12.55%, 0, 16, 4, 0.35, 18, 110, 12, 11, 17833, 988, 0, 0.334, 6, 95
1773286387, 15, 827, 1016, 997, 4, 12.55%, 0, 16, 4, 0.37, 18, 110, 12, 11, 17833, 988, 0, 0.334, 6, 95
1773286584, 15, 827, 1016, 997, 4, 12.55%, 0, 17, 4, 0.27, 18, 110, 12, 11, 17833, 988, 0, 0.334, 6, 95
1773286610, 15, 827, 1017, 998, 4, 12.55%, 0, 17, 4, 0.31, 18, 110, 12, 11, 17833, 988, 0, 0.334, 6, 95
1773286668, 15, 827, 1018, 999, 4, 12.55%, 0, 17, 4, 0.30, 18, 110, 12, 11, 17833, 988, 0, 0.334, 6, 95
1773286750, 15, 827, 1018, 999, 4, 12.55%, 0, 18, 4, 0.30, 18, 110, 12, 11, 17833, 988, 0, 0.334, 6, 95
1773286755, 15, 827, 1019, 1000, 4, 12.55%, 0, 18, 4, 0.31, 18, 110, 12, 11, 17833, 988, 0, 0.334, 6, 95
1773286781, 15, 827, 1019, 1000, 4, 12.55%, 0, 19, 4, 0.33, 18, 110, 12, 11, 17833, 988, 0, 0.334, 6, 95
1773286833, 15, 827, 1019, 1000, 4, 12.55%, 0, 20, 4, 0.31, 18, 110, 12, 11, 17833, 988, 0, 0.334, 6, 95
1773286872, 15, 827, 1020, 1001, 4, 12.55%, 0, 20, 4, 0.35, 18, 110, 12, 11, 17833, 988, 0, 0.334, 6, 95
1773286907, 15, 827, 1020, 1001, 4, 12.55%, 0, 21, 4, 0.38, 18, 110, 12, 11, 17833, 988, 0, 0.334, 6, 95
1773286915, 15, 827, 1020, 1001, 4, 12.55%, 0, 22, 4, 0.37, 18, 110, 12, 11, 17833, 988, 0, 0.334, 6, 95
1773287004, 15, 827, 1020, 1001, 4, 12.55%, 0, 23, 4, 0.32, 18, 110, 12, 11, 17833, 988, 0, 0.334, 6, 95
1773287059, 15, 827, 1021, 1002, 4, 12.55%, 0, 23, 4, 0.33, 18, 110, 12, 11, 17833, 988, 0, 0.334, 6, 95
1773287284, 15, 827, 1021, 1002, 4, 12.55%, 0, 24, 4, 0.31, 18, 110, 12, 11, 17833, 988, 0, 0.334, 6, 95
1773287289, 15, 827, 1022, 1003, 4, 12.55%, 0, 24, 4, 0.32, 18, 110, 12, 11, 17833, 988, 0, 0.334, 6, 95
1773287551, 15, 827, 1023, 1004, 4, 12.55%, 0, 24, 4, 0.53, 18, 110, 12, 11, 17833, 988, 0, 0.334, 6, 101
1773287627, 15, 827, 1023, 1004, 4, 12.55%, 0, 25, 4, 0.63, 18, 110, 12, 11, 17833, 988, 0, 0.334, 6, 101
1773287811, 15, 827, 1023, 1004, 4, 12.55%, 0, 26, 4, 0.60, 18, 110, 12, 11, 17833, 988, 0, 0.334, 6, 101
1773287891, 15, 827, 1023, 1004, 4, 12.55%, 0, 27, 4, 0.42, 18, 110, 12, 11, 17833, 988, 0, 0.334, 6, 101
1773287936, 15, 888, 1023, 1003, 2, 12.55%, 0, 27, 4, 1.45, 18, 110, 12, 11, 17833, 988, 0, 0.334, 6, 101
1773287978, 15, 888, 1024, 1004, 2, 12.55%, 0, 27, 4, 2.18, 18, 110, 12, 11, 17833, 988, 0, 0.334, 6, 101
1773288005, 15, 888, 1025, 1005, 2, 12.55%, 0, 27, 4, 2.35, 18, 110, 12, 11, 17833, 988, 0, 0.334, 6, 101
1773288025, 15, 888, 1026, 1006, 2, 12.56%, 0, 27, 4, 2.49, 18, 110, 12, 11, 17833, 988, 0, 0.334, 6, 101
1773288067, 15, 888, 1027, 1007, 2, 12.56%, 0, 27, 4, 1.92, 18, 110, 12, 11, 17833, 988, 0, 0.335, 6, 102
1773288084, 15, 888, 1028, 1008, 2, 12.56%, 0, 27, 4, 1.44, 18, 110, 12, 11, 17833, 988, 0, 0.335, 6, 102
1773288112, 15, 888, 1029, 1009, 2, 12.56%, 0, 27, 4, 1.68, 18, 110, 12, 11, 17833, 988, 0, 0.335, 6, 102
1773288130, 15, 888, 1030, 1010, 2, 12.56%, 0, 27, 4, 1.17, 18, 110, 12, 11, 17833, 988, 0, 0.335, 6, 102
1773288142, 15, 888, 1031, 1011, 2, 12.56%, 0, 27, 4, 1.39, 18, 110, 12, 11, 17833, 988, 0, 0.335, 6, 102
1773288163, 15, 888, 1032, 1012, 2, 12.56%, 0, 27, 4, 1.92, 18, 110, 12, 11, 17833, 988, 0, 0.335, 6, 102
1773288217, 15, 888, 1032, 1012, 2, 12.56%, 0, 28, 4, 0.20, 18, 110, 12, 11, 17833, 988, 0, 0.335, 6, 102
1773288240, 15, 888, 1034, 1014, 2, 12.56%, 0, 28, 4, 2.40, 18, 110, 12, 11, 17833, 988, 0, 0.335, 6, 102
1773288256, 15, 888, 1035, 1015, 2, 12.56%, 0, 28, 4, 1.52, 18, 110, 12, 11, 17833, 988, 0, 0.335, 6, 102
1773288305, 15, 888, 1036, 1016, 2, 12.56%, 0, 28, 4, 1.14, 18, 110, 12, 11, 17833, 988, 0, 0.335, 6, 102
1773288337, 15, 888, 1037, 1017, 2, 12.56%, 0, 28, 4, 1.25, 18, 110, 12, 11, 17833, 988, 0, 0.335, 6, 102
1773288545, 15, 904, 1037, 1016, 5, 12.56%, 0, 28, 4, 0.15, 18, 110, 13, 12, 19454, 1079, 0, 0.336, 6, 108
1773288592, 15, 904, 1038, 1017, 5, 12.57%, 0, 28, 4, 2.35, 18, 110, 13, 12, 19454, 1079, 0, 0.336, 6, 108
1773288634, 15, 904, 1039, 1018, 5, 12.57%, 0, 28, 4, 2.12, 18, 110, 13, 12, 19454, 1079, 0, 0.336, 6, 108
1773288677, 15, 904, 1040, 1019, 5, 12.57%, 0, 28, 4, 2.16, 18, 110, 13, 12, 19454, 1079, 0, 0.336, 6, 108
1773288781, 15, 904, 1041, 1020, 5, 12.57%, 0, 28, 4, 1.95, 18, 110, 13, 12, 19454, 1079, 0, 0.336, 6, 108
1773288934, 15, 904, 1042, 1021, 5, 12.57%, 0, 28, 4, 1.91, 18, 110, 13, 12, 19454, 1079, 0, 0.336, 6, 108
1773289029, 15, 904, 1043, 1022, 5, 12.57%, 0, 28, 4, 2.03, 18, 110, 13, 12, 19454, 1079, 0, 0.335, 6, 112
1773289178, 15, 904, 1044, 1023, 5, 12.58%, 0, 28, 4, 1.67, 18, 110, 13, 12, 19454, 1079, 0, 0.335, 6, 112
1773289247, 15, 904, 1045, 1024, 5, 12.58%, 0, 28, 4, 2.44, 18, 110, 13, 12, 19454, 1079, 0, 0.335, 6, 112
1773289264, 15, 904, 1046, 1025, 5, 12.58%, 0, 28, 4, 2.26, 18, 110, 13, 12, 19454, 1079, 0, 0.335, 6, 112
1773289306, 16, 4, 1046, 1024, 1, 12.58%, 0, 28, 4, 2.00, 18, 110, 13, 12, 19454, 1079, 0, 0.332, 7, 117
1773289371, 16, 4, 1047, 1025, 1, 12.58%, 0, 28, 4, 0.90, 18, 110, 13, 12, 19454, 1079, 0, 0.332, 7, 117
1773289425, 16, 4, 1047, 1025, 1, 12.58%, 0, 29, 4, 0.54, 18, 110, 13, 12, 19454, 1079, 0, 0.332, 7, 117
1773289439, 16, 4, 1048, 1026, 1, 12.59%, 0, 29, 4, 0.55, 18, 110, 13, 12, 19454, 1079, 0, 0.332, 7, 117
1773289526, 16, 4, 1048, 1026, 1, 12.59%, 0, 30, 4, 0.51, 18, 110, 13, 12, 19454, 1079, 0, 0.332, 7, 117
1773289662, 16, 4, 1049, 1027, 1, 12.59%, 0, 30, 4, 0.97, 18, 110, 13, 12, 19454, 1079, 0, 0.332, 7, 117
1773289712, 16, 4, 1050, 1028, 1, 12.59%, 0, 30, 4, 0.95, 18, 110, 13, 12, 19454, 1079, 0, 0.332, 7, 117
1773289936, 17, 821, 1050, 1028, 1, 12.59%, 0, 30, 4, 0.78, 18, 110, 14, 13, 21053, 1143, 0, 0.332, 7, 117
1773289970, 17, 821, 1051, 1029, 1, 12.59%, 0, 30, 4, 0.69, 18, 110, 14, 13, 21053, 1143, 0, 0.332, 7, 117
1773290004, 17, 821, 1052, 1030, 1, 12.59%, 0, 30, 4, 1.31, 18, 110, 14, 13, 21053, 1143, 0, 0.332, 7, 117
1773290048, 17, 821, 1053, 1031, 1, 12.59%, 0, 30, 4, 1.14, 18, 110, 14, 13, 21053, 1143, 0, 0.332, 7, 117
1773290354, 17, 821, 1054, 1032, 1, 12.59%, 0, 30, 4, 0.66, 18, 110, 14, 13, 21053, 1143, 0, 0.332, 7, 117
1773290491, 17, 821, 1055, 1033, 1, 12.59%, 0, 30, 4, 1.88, 18, 110, 14, 13, 21053, 1143, 0, 0.332, 7, 117
1773290520, 17, 821, 1056, 1034, 1, 12.60%, 0, 30, 4, 1.98, 18, 110, 14, 13, 21053, 1143, 0, 0.332, 7, 117
1773290615, 17, 821, 1057, 1035, 1, 12.60%, 0, 30, 4, 1.26, 18, 110, 14, 13, 21053, 1143, 0, 0.332, 7, 117
1773290734, 17, 821, 1058, 1036, 1, 12.60%, 0, 30, 4, 0.32, 18, 110, 14, 13, 21053, 1143, 0, 0.332, 7, 117
1773290765, 17, 821, 1058, 1036, 1, 12.60%, 0, 31, 4, 0.31, 18, 110, 14, 13, 21053, 1143, 0, 0.332, 7, 117
1773290777, 17, 821, 1059, 1037, 1, 12.60%, 0, 31, 4, 2.51, 18, 110, 14, 13, 21053, 1143, 0, 0.332, 7, 117
1773290797, 17, 821, 1059, 1037, 1, 12.60%, 0, 32, 4, 0.20, 18, 110, 14, 13, 21053, 1143, 0, 0.332, 7, 117
1773290839, 17, 821, 1059, 1037, 1, 12.60%, 0, 33, 4, 0.20, 18, 110, 14, 13, 21053, 1143, 0, 0.332, 7, 117
1773290874, 17, 839, 1059, 1036, 10, 12.60%, 0, 33, 4, 2.03, 18, 110, 14, 13, 21053, 1143, 0, 0.332, 7, 117
1773290921, 17, 839, 1060, 1037, 10, 12.60%, 0, 33, 4, 2.40, 18, 110, 14, 13, 21053, 1143, 0, 0.332, 7, 117
1773290926, 17, 839, 1061, 1038, 10, 12.60%, 0, 33, 4, 2.42, 18, 110, 14, 13, 21053, 1143, 0, 0.332, 7, 117
1773290999, 17, 839, 1062, 1039, 10, 12.60%, 0, 33, 4, 2.21, 18, 110, 14, 13, 21053, 1143, 0, 0.332, 7, 117
1773291057, 18, 966, 1062, 1038, 0, 12.60%, 0, 33, 4, 2.43, 18, 110, 14, 13, 21053, 1143, 0, 0.331, 7, 120
1773291120, 18, 966, 1063, 1039, 0, 12.60%, 0, 33, 5, 2.42, 18, 110, 14, 13, 21053, 1143, 0, 0.331, 7, 120
1773291193, 18, 966, 1064, 1040, 0, 12.60%, 0, 33, 5, 1.94, 18, 110, 14, 13, 21053, 1143, 0, 0.331, 7, 120
1773291449, 18, 966, 1065, 1041, 0, 12.60%, 0, 33, 5, 2.07, 18, 110, 14, 13, 21053, 1143, 0, 0.331, 7, 121
1773291538, 18, 966, 1066, 1042, 0, 12.60%, 0, 33, 5, 1.96, 18, 110, 14, 13, 21053, 1143, 0, 0.330, 7, 122
1773291622, 18, 966, 1067, 1043, 0, 12.60%, 0, 33, 5, 2.47, 18, 110, 14, 13, 21053, 1143, 0, 0.330, 7, 122
1773291669, 18, 966, 1068, 1044, 0, 12.61%, 0, 33, 5, 2.41, 18, 110, 14, 13, 21053, 1143, 0, 0.330, 7, 122
1773291696, 19, 12, 1068, 1043, 1, 12.61%, 0, 33, 5, 2.36, 18, 110, 14, 13, 21053, 1143, 0, 0.330, 7, 122
1773291840, 19, 978, 1069, 1044, 1, 12.61%, 0, 33, 5, 1.81, 18, 110, 14, 13, 21053, 1143, 0, 0.330, 7, 127
1773292038, 19, 978, 1070, 1045, 1, 12.61%, 0, 33, 5, 1.98, 18, 110, 14, 13, 21053, 1143, 0, 0.330, 7, 127
1773292072, 19, 978, 1071, 1046, 1, 12.61%, 0, 33, 5, 2.05, 18, 110, 14, 13, 21053, 1143, 0, 0.330, 7, 127
1773292117, 19, 978, 1072, 1047, 1, 12.61%, 0, 33, 5, 1.87, 18, 110, 14, 13, 21053, 1143, 0, 0.330, 7, 127
1773292133, 19, 978, 1073, 1048, 1, 12.61%, 0, 33, 5, 1.63, 18, 110, 14, 13, 21053, 1143, 0, 0.330, 7, 127
1773292145, 19, 978, 1073, 1048, 1, 12.61%, 0, 34, 5, 0.20, 18, 110, 14, 13, 21053, 1143, 0, 0.330, 7, 127
1773292182, 19, 978, 1074, 1049, 1, 12.61%, 0, 34, 5, 2.16, 18, 110, 14, 13, 21053, 1143, 0, 0.330, 7, 127
1773292195, 19, 978, 1075, 1050, 1, 12.61%, 0, 34, 5, 0.30, 18, 110, 14, 13, 21053, 1143, 0, 0.330, 7, 127
1773292326, 20, 831, 1075, 1049, 0, 12.61%, 0, 34, 5, 0.18, 18, 110, 15, 14, 22666, 1244, 0, 0.330, 7, 127
1773292404, 20, 831, 1076, 1050, 0, 12.61%, 0, 34, 5, 2.54, 18, 110, 15, 14, 22666, 1244, 0, 0.330, 7, 132
1773292477, 21, 8, 1076, 1049, 3, 12.61%, 0, 34, 5, 2.18, 18, 110, 16, 15, 24393, 1321, 0, 0.330, 7, 132
1773292518, 21, 84, 1076, 1048, 3, 12.61%, 0, 34, 5, 2.48, 18, 110, 16, 15, 24393, 1321, 0, 0.330, 7, 132
1773292550, 21, 84, 1077, 1049, 3, 12.61%, 0, 34, 5, 1.72, 18, 110, 16, 15, 24393, 1321, 0, 0.330, 7, 132
1773292561, 21, 84, 1078, 1050, 3, 12.61%, 0, 34, 5, 1.39, 18, 110, 16, 15, 24393, 1321, 0, 0.330, 7, 132
1773292572, 21, 84, 1079, 1051, 3, 12.61%, 0, 34, 5, 1.24, 18, 110, 16, 15, 24393, 1321, 0, 0.330, 7, 132
1773292582, 21, 84, 1080, 1052, 3, 12.61%, 0, 34, 5, 1.16, 18, 110, 16, 15, 24393, 1321, 0, 0.330, 7, 132
1773292621, 21, 84, 1081, 1053, 3, 12.61%, 0, 34, 5, 1.10, 18, 110, 16, 15, 24393, 1321, 0, 0.330, 7, 132
1773292633, 21, 84, 1082, 1054, 3, 12.61%, 0, 34, 5, 1.09, 18, 110, 16, 15, 24393, 1321, 0, 0.330, 7, 132
1773292660, 21, 84, 1083, 1055, 3, 12.61%, 0, 34, 5, 1.08, 18, 110, 16, 15, 24393, 1321, 0, 0.330, 7, 136
1773292728, 21, 84, 1084, 1056, 3, 12.61%, 0, 34, 5, 1.06, 18, 110, 16, 15, 24393, 1321, 0, 0.330, 7, 136
1773292750, 21, 84, 1085, 1057, 3, 12.61%, 0, 34, 5, 1.05, 18, 110, 16, 15, 24393, 1321, 0, 0.330, 7, 136
1773292761, 21, 84, 1086, 1058, 3, 12.61%, 0, 34, 5, 1.10, 18, 110, 16, 15, 24393, 1321, 0, 0.330, 7, 136
1773292839, 21, 84, 1087, 1059, 3, 12.61%, 0, 34, 5, 1.07, 18, 110, 16, 15, 24393, 1321, 0, 0.330, 7, 136
1773292934, 21, 84, 1088, 1060, 3, 12.61%, 0, 34, 5, 1.03, 18, 110, 16, 15, 24393, 1321, 0, 0.330, 7, 136
1773293029, 21, 84, 1089, 1061, 3, 12.61%, 0, 34, 5, 1.06, 18, 110, 16, 15, 24393, 1321, 0, 0.330, 7, 136
1773293191, 21, 84, 1090, 1062, 3, 12.61%, 0, 34, 5, 1.26, 18, 110, 16, 15, 24393, 1321, 0, 0.330, 7, 141
1773293335, 21, 866, 1091, 1062, 13, 12.62%, 0, 34, 5, 1.95, 18, 110, 17, 15, 24393, 1321, 0, 0.330, 7, 141
1773293493, 21, 866, 1092, 1063, 13, 12.62%, 0, 34, 5, 1.92, 18, 110, 17, 15, 24393, 1321, 0, 0.330, 7, 141
1773293582, 21, 866, 1093, 1064, 13, 12.62%, 0, 34, 5, 1.93, 18, 110, 17, 15, 24393, 1321, 0, 0.330, 7, 141
1773293767, 21, 866, 1094, 1065, 13, 12.62%, 0, 34, 5, 2.34, 18, 110, 17, 15, 24393, 1321, 0, 0.327, 8, 145
1773293788, 21, 866, 1095, 1066, 13, 12.62%, 0, 34, 5, 2.32, 18, 110, 17, 15, 24393, 1321, 0, 0.327, 8, 145
1773293793, 21, 866, 1096, 1067, 13, 12.62%, 0, 34, 5, 2.21, 18, 110, 17, 15, 24393, 1321, 0, 0.327, 8, 145
1773293821, 21, 866, 1097, 1068, 13, 12.62%, 0, 34, 5, 2.07, 18, 111, 17, 15, 24393, 1321, 0, 0.327, 8, 145
1773293827, 21, 866, 1098, 1069, 13, 12.62%, 0, 34, 5, 2.02, 18, 112, 17, 15, 24393, 1321, 0, 0.327, 8, 145
1773293842, 21, 866, 1099, 1070, 13, 12.62%, 0, 34, 5, 1.86, 18, 112, 17, 15, 24393, 1321, 0, 0.327, 8, 145
1773293923, 21, 866, 1100, 1071, 13, 12.63%, 0, 34, 5, 1.29, 18, 112, 17, 15, 24393, 1321, 0, 0.327, 8, 145
1773294097, 22, 823, 1100, 1070, 8, 12.63%, 0, 34, 5, 0.09, 18, 112, 18, 16, 25996, 1402, 0, 0.327, 8, 151
1773294129, 22, 823, 1101, 1071, 8, 12.63%, 0, 34, 5, 2.03, 18, 112, 18, 16, 25996, 1402, 0, 0.327, 8, 151
1773294191, 22, 823, 1102, 1072, 8, 12.63%, 0, 34, 5, 2.19, 18, 112, 18, 16, 25996, 1402, 0, 0.327, 8, 151
1773294208, 22, 823, 1103, 1073, 8, 12.63%, 0, 34, 5, 2.04, 18, 112, 18, 16, 25996, 1402, 0, 0.327, 8, 151
1773294295, 22, 844, 1103, 1072, 9, 12.63%, 0, 34, 5, 0.19, 18, 112, 19, 17, 27687, 1460, 0, 0.327, 8, 151
1773294300, 22, 844, 1104, 1073, 9, 12.63%, 0, 34, 5, 2.41, 18, 112, 19, 17, 27687, 1460, 0, 0.327, 8, 151
1773294429, 22, 844, 1105, 1074, 9, 12.63%, 0, 34, 5, 2.39, 18, 112, 19, 17, 27687, 1460, 0, 0.327, 8, 151
1773294455, 23, 4, 1105, 1073, 4, 12.63%, 0, 34, 5, 2.09, 18, 112, 19, 17, 27687, 1460, 0, 0.327, 8, 151
1773294485, 23, 4, 1106, 1074, 4, 12.63%, 0, 34, 5, 0.27, 18, 112, 19, 17, 27687, 1460, 0, 0.327, 8, 151
1773294566, 23, 4, 1107, 1075, 4, 12.63%, 0, 34, 5, 1.79, 18, 112, 19, 17, 27687, 1460, 0, 0.327, 8, 151
1773294615, 23, 4, 1108, 1076, 4, 12.63%, 0, 34, 5, 2.48, 18, 112, 19, 17, 27687, 1460, 0, 0.327, 8, 151
1773294755, 24, 2, 1108, 1076, 7, 12.63%, 0, 34, 5, 0.11, 18, 112, 20, 18, 29300, 1540, 0, 0.327, 8, 151
1773294909, 24, 4, 1108, 1076, 7, 12.63%, 0, 34, 5, 0.16, 18, 112, 21, 19, 30918, 1643, 0, 0.327, 8, 151
1773294915, 24, 4, 1109, 1077, 7, 12.63%, 0, 34, 5, 1.30, 18, 112, 21, 19, 30918, 1643, 0, 0.327, 8, 151
1773295039, 24, 4, 1110, 1078, 7, 12.63%, 0, 34, 5, 0.88, 18, 112, 21, 19, 30918, 1643, 0, 0.327, 8, 151
1773295338, 24, 5, 1110, 1078, 10, 12.63%, 0, 34, 5, 0.94, 18, 112, 22, 20, 32503, 1710, 0, 0.327, 8, 151
1773295422, 24, 5, 1111, 1079, 10, 12.63%, 0, 34, 5, 2.03, 18, 114, 22, 20, 32503, 1710, 0, 0.327, 8, 151
1773295474, 24, 5, 1112, 1080, 10, 12.63%, 0, 34, 5, 2.45, 18, 114, 22, 20, 32503, 1710, 0, 0.326, 9, 158
1773295485, 24, 936, 1112, 1080, 8, 12.63%, 0, 34, 5, 2.38, 18, 114, 22, 20, 32503, 1710, 0, 0.326, 9, 158
1773295567, 24, 936, 1113, 1081, 8, 12.64%, 0, 34, 5, 1.03, 18, 114, 22, 20, 32503, 1710, 0, 0.326, 9, 158
1773295795, 24, 936, 1114, 1082, 8, 12.64%, 0, 34, 5, 1.00, 18, 114, 22, 20, 32503, 1710, 0, 0.326, 9, 158
1773295830, 24, 936, 1114, 1082, 8, 12.64%, 0, 35, 5, 0.20, 18, 114, 22, 20, 32503, 1710, 0, 0.326, 9, 158
1773295902, 25, 327, 1114, 1081, 3, 12.64%, 0, 35, 5, 0.33, 18, 114, 23, 21, 34145, 1784, 0, 0.326, 9, 159
1773295923, 25, 327, 1115, 1082, 3, 12.64%, 0, 35, 5, 2.37, 18, 114, 23, 21, 34145, 1784, 0, 0.326, 9, 159
1773295948, 25, 327, 1116, 1083, 3, 12.64%, 0, 35, 5, 2.45, 18, 114, 23, 21, 34145, 1784, 0, 0.326, 9, 159
1773295969, 25, 327, 1117, 1084, 3, 12.64%, 0, 35, 5, 2.47, 18, 114, 23, 21, 34145, 1784, 0, 0.326, 9, 159
1773296047, 25, 327, 1118, 1085, 3, 12.64%, 0, 35, 5, 2.34, 18, 114, 23, 21, 34145, 1784, 0, 0.326, 9, 159
1773296068, 25, 327, 1119, 1086, 3, 12.64%, 0, 35, 5, 2.18, 18, 114, 23, 21, 34145, 1784, 0, 0.326, 9, 159
1773296089, 26, 12, 1119, 1085, 1, 12.64%, 0, 35, 5, 2.36, 18, 114, 23, 21, 34145, 1784, 0, 0.326, 9, 160
1773296137, 26, 12, 1120, 1086, 1, 12.64%, 0, 35, 5, 1.30, 18, 114, 23, 21, 34145, 1784, 0, 0.326, 9, 160
1773296158, 26, 12, 1121, 1087, 1, 12.64%, 0, 35, 5, 1.15, 18, 114, 23, 21, 34145, 1784, 0, 0.326, 9, 160
1773296297, 26, 973, 1121, 1087, 1, 12.64%, 0, 35, 5, 1.74, 18, 114, 23, 21, 34145, 1784, 0, 0.326, 9, 160
1773296474, 26, 973, 1122, 1088, 1, 12.64%, 0, 35, 5, 0.37, 18, 114, 23, 21, 34145, 1784, 0, 0.326, 9, 160
1773296537, 26, 973, 1122, 1088, 1, 12.64%, 0, 36, 5, 0.32, 18, 114, 23, 21, 34145, 1784, 0, 0.326, 9, 160
1773296563, 26, 973, 1123, 1089, 1, 12.64%, 0, 36, 5, 0.36, 18, 114, 23, 21, 34145, 1784, 0, 0.326, 9, 160
1773296581, 26, 973, 1123, 1089, 1, 12.64%, 0, 37, 5, 0.56, 18, 114, 23, 21, 34145, 1784, 0, 0.326, 9, 160
1773296660, 28, 876, 1123, 1088, 0, 12.64%, 0, 37, 5, 1.71, 18, 114, 23, 21, 34145, 1784, 0, 0.326, 9, 160
1773296715, 29, 359, 1123, 1087, 0, 12.64%, 0, 37, 5, 2.33, 18, 114, 23, 21, 34145, 1784, 0, 0.326, 9, 160
1773296863, 29, 828, 1123, 1086, 0, 12.64%, 0, 37, 5, 1.97, 18, 114, 24, 21, 34145, 1784, 0, 0.326, 9, 161
1773296979, 29, 828, 1124, 1087, 0, 12.64%, 0, 37, 5, 2.42, 18, 114, 24, 21, 34145, 1784, 0, 0.326, 9, 161
1773296994, 29, 828, 1125, 1088, 0, 12.64%, 0, 37, 5, 2.50, 18, 114, 24, 21, 34145, 1784, 0, 0.326, 9, 161
1773297026, 30, 817, 1125, 1087, 0, 12.64%, 0, 37, 5, 0.45, 18, 114, 24, 21, 34145, 1784, 0, 0.326, 9, 161
1773297107, 30, 817, 1126, 1088, 0, 12.64%, 0, 37, 5, 2.06, 18, 114, 24, 21, 34145, 1784, 0, 0.327, 11, 167
1773297112, 30, 817, 1127, 1089, 0, 12.64%, 0, 37, 5, 2.14, 18, 114, 24, 21, 34145, 1784, 0, 0.327, 11, 167
1773297188, 30, 817, 1128, 1090, 0, 12.64%, 0, 37, 5, 2.10, 18, 114, 24, 21, 34145, 1784, 0, 0.327, 11, 167
1773297221, 30, 817, 1129, 1091, 0, 12.64%, 0, 37, 5, 1.44, 18, 114, 24, 21, 34145, 1784, 0, 0.327, 11, 167
1773297297, 30, 817, 1130, 1092, 0, 12.64%, 0, 37, 5, 2.08, 18, 114, 24, 21, 34145, 1784, 0, 0.327, 11, 167
1773297316, 30, 817, 1131, 1093, 0, 12.64%, 0, 37, 5, 1.79, 18, 114, 24, 21, 34145, 1784, 0, 0.327, 11, 167
1773297351, 30, 817, 1132, 1094, 0, 12.64%, 0, 37, 5, 2.14, 18, 114, 24, 21, 34145, 1784, 0, 0.327, 11, 167
1773297368, 30, 817, 1133, 1095, 0, 12.64%, 0, 37, 5, 1.49, 18, 114, 24, 21, 34145, 1784, 0, 0.327, 11, 167
1773297395, 30, 817, 1134, 1096, 0, 12.64%, 0, 37, 5, 1.92, 18, 114, 24, 21, 34145, 1784, 0, 0.327, 11, 167
1773297429, 30, 817, 1135, 1097, 0, 12.64%, 0, 37, 5, 1.91, 18, 114, 24, 21, 34145, 1784, 0, 0.327, 11, 167
1773297588, 30, 817, 1136, 1098, 0, 12.64%, 0, 37, 5, 2.37, 18, 114, 24, 21, 34145, 1784, 0, 0.327, 11, 167
1773297593, 30, 817, 1137, 1099, 0, 12.64%, 0, 37, 5, 2.47, 18, 114, 24, 21, 34145, 1784, 0, 0.327, 11, 167
1773297648, 30, 817, 1138, 1100, 0, 12.65%, 0, 37, 5, 1.99, 18, 114, 24, 21, 34145, 1784, 0, 0.327, 11, 167
1773297668, 30, 817, 1139, 1101, 0, 12.65%, 0, 37, 5, 1.25, 18, 114, 24, 21, 34145, 1784, 0, 0.327, 11, 167
1773297690, 30, 817, 1140, 1102, 0, 12.65%, 0, 37, 5, 2.26, 18, 114, 24, 21, 34145, 1784, 0, 0.327, 11, 167
1773297726, 30, 817, 1141, 1103, 0, 12.65%, 0, 37, 5, 2.21, 18, 114, 24, 21, 34145, 1784, 0, 0.327, 11, 167
1773297758, 30, 817, 1142, 1104, 0, 12.65%, 0, 37, 5, 0.47, 18, 114, 24, 21, 34145, 1784, 0, 0.327, 11, 167
1773297803, 30, 930, 1142, 1103, 12, 12.65%, 0, 37, 5, 1.92, 18, 114, 24, 21, 34145, 1784, 0, 0.327, 11, 167
1773297839, 30, 930, 1143, 1104, 12, 12.65%, 0, 37, 5, 2.16, 18, 114, 24, 21, 34145, 1784, 0, 0.327, 11, 167
1773298018, 30, 1008, 1143, 1103, 11, 12.66%, 0, 37, 5, 2.24, 18, 114, 24, 21, 34145, 1784, 0, 0.327, 11, 167
1773298044, 30, 1008, 1144, 1104, 11, 12.66%, 0, 37, 5, 1.52, 18, 114, 24, 21, 34145, 1784, 0, 0.327, 11, 167
1773298219, 30, 1008, 1145, 1105, 11, 12.66%, 0, 37, 5, 1.98, 18, 114, 24, 21, 34145, 1784, 0, 0.327, 11, 167
1773298235, 30, 1008, 1146, 1106, 11, 12.66%, 0, 37, 5, 1.88, 18, 114, 24, 21, 34145, 1784, 0, 0.327, 11, 167
1773298240, 30, 1008, 1147, 1107, 11, 12.66%, 0, 37, 5, 2.01, 18, 114, 24, 21, 34145, 1784, 0, 0.327, 11, 167
1773298310, 30, 1008, 1148, 1108, 11, 12.66%, 0, 37, 5, 2.10, 18, 114, 24, 21, 34145, 1784, 0, 0.327, 11, 167
1773298422, 30, 1008, 1149, 1109, 11, 12.66%, 0, 37, 5, 1.97, 18, 114, 24, 21, 34145, 1784, 0, 0.327, 11, 170
1773298505, 30, 1008, 1150, 1110, 11, 12.66%, 0, 37, 5, 2.53, 18, 114, 24, 21, 34145, 1784, 0, 0.327, 11, 170
1773298563, 31, 911, 1150, 1109, 4, 12.66%, 0, 37, 5, 1.05, 18, 114, 24, 21, 34145, 1784, 0, 0.327, 11, 170
1773298609, 31, 911, 1151, 1110, 4, 12.66%, 0, 37, 5, 2.30, 18, 114, 24, 21, 34145, 1784, 0, 0.327, 11, 170
1773298666, 31, 911, 1152, 1111, 4, 12.66%, 0, 37, 5, 2.46, 18, 114, 24, 21, 34145, 1784, 0, 0.325, 12, 174
1773299002, 32, 4, 1152, 1110, 4, 12.66%, 0, 37, 5, 0.24, 18, 114, 25, 22, 35796, 1871, 0, 0.325, 12, 174
1773299475, 34, 823, 1152, 1110, 4, 12.66%, 0, 37, 5, 0.68, 18, 114, 26, 23, 37420, 1946, 0, 0.325, 12, 178
1773299512, 34, 823, 1153, 1111, 4, 12.66%, 0, 37, 5, 2.47, 18, 114, 26, 23, 37420, 1946, 0, 0.325, 12, 178
1773299538, 34, 823, 1154, 1112, 4, 12.67%, 0, 37, 5, 2.50, 18, 114, 26, 23, 37420, 1946, 0, 0.325, 12, 178
1773299568, 34, 823, 1155, 1113, 4, 12.67%, 0, 37, 5, 2.39, 18, 114, 26, 23, 37420, 1946, 0, 0.325, 12, 178
1773299711, 34, 951, 1155, 1113, 7, 12.67%, 0, 37, 5, 0.23, 18, 114, 27, 24, 39052, 2065, 0, 0.325, 12, 178
1773299872, 34, 952, 1155, 1112, 8, 12.67%, 0, 37, 5, 1.85, 18, 114, 28, 25, 40684, 2146, 0, 0.325, 12, 178
1773299948, 34, 955, 1155, 1111, 7, 12.67%, 0, 37, 5, 0.23, 18, 114, 29, 26, 42316, 2208, 0, 0.325, 12, 178
1773300025, 36, 47, 1155, 1110, 6, 12.67%, 0, 37, 5, 0.17, 18, 114, 30, 27, 43940, 2272, 0, 0.325, 12, 178
1773300077, 36, 47, 1156, 1111, 6, 12.68%, 0, 37, 5, 2.17, 18, 114, 30, 27, 43940, 2272, 0, 0.325, 12, 178
1773300251, 38, 930, 1156, 1110, 10, 12.68%, 0, 37, 5, 0.06, 18, 114, 31, 28, 45741, 2420, 0, 0.325, 12, 178
1773300272, 38, 930, 1157, 1111, 10, 12.68%, 0, 37, 5, 2.43, 18, 114, 31, 28, 45741, 2420, 0, 0.325, 12, 178
1773300402, 38, 930, 1158, 1112, 10, 12.68%, 0, 37, 5, 2.40, 18, 114, 31, 28, 45741, 2420, 0, 0.325, 12, 180
1773300454, 39, 539, 1158, 1112, 10, 12.68%, 0, 37, 5, 2.11, 18, 114, 31, 28, 45741, 2420, 0, 0.325, 12, 180
1773300629, 39, 839, 1158, 1111, 12, 12.68%, 0, 37, 5, 0.22, 18, 114, 32, 29, 47373, 2536, 0, 0.326, 13, 184
1773300720, 39, 839, 1159, 1112, 12, 12.68%, 0, 37, 5, 1.92, 18, 114, 32, 29, 47373, 2536, 0, 0.326, 13, 184
1773300827, 39, 920, 1159, 1112, 12, 12.68%, 0, 37, 5, 2.39, 18, 114, 32, 29, 47373, 2536, 0, 0.326, 13, 184
1773300942, 39, 920, 1160, 1113, 12, 12.68%, 0, 37, 5, 1.07, 18, 114, 32, 29, 47373, 2536, 0, 0.326, 13, 184
1773301103, 39, 920, 1160, 1112, 4, 12.68%, 0, 37, 5, 0.30, 18, 114, 32, 29, 47373, 2536, 0, 0.326, 13, 184
1773301211, 39, 920, 1161, 1113, 4, 12.68%, 0, 37, 5, 2.43, 18, 114, 32, 29, 47373, 2536, 0, 0.326, 13, 184
1773301303, 39, 920, 1161, 1113, 4, 12.68%, 0, 38, 5, 0.20, 18, 114, 32, 29, 47373, 2536, 0, 0.326, 13, 188
1773301380, 39, 920, 1162, 1114, 4, 12.68%, 0, 38, 5, 2.48, 18, 114, 32, 29, 47373, 2536, 0, 0.326, 13, 188
1773301385, 39, 920, 1163, 1115, 4, 12.68%, 0, 38, 5, 2.39, 18, 114, 32, 29, 47373, 2536, 0, 0.326, 13, 188
1773301401, 39, 920, 1164, 1116, 4, 12.68%, 0, 38, 5, 2.30, 18, 114, 32, 29, 47373, 2536, 0, 0.326, 13, 188
1773301406, 39, 920, 1165, 1117, 4, 12.68%, 0, 38, 5, 2.28, 18, 114, 32, 29, 47373, 2536, 0, 0.326, 13, 188
1773301432, 39, 920, 1166, 1118, 4, 12.68%, 0, 38, 5, 2.38, 18, 114, 32, 29, 47373, 2536, 0, 0.326, 13, 188
1773301643, 39, 920, 1166, 1118, 4, 12.68%, 0, 39, 5, 0.20, 18, 114, 32, 29, 47373, 2536, 0, 0.326, 13, 189
1773301681, 40, 10, 1166, 1118, 7, 12.68%, 0, 39, 5, 0.17, 18, 114, 33, 30, 49045, 2637, 0, 0.326, 13, 189
1773301707, 40, 10, 1167, 1119, 7, 12.68%, 0, 39, 5, 1.26, 18, 114, 33, 30, 49045, 2637, 0, 0.326, 13, 189
1773301747, 40, 10, 1168, 1120, 7, 12.68%, 0, 39, 5, 0.73, 18, 114, 33, 30, 49045, 2637, 0, 0.326, 13, 189
1773301862, 40, 10, 1169, 1121, 7, 12.68%, 0, 39, 5, 0.38, 18, 114, 33, 30, 49045, 2637, 0, 0.326, 13, 189
1773301987, 40, 10, 1170, 1122, 7, 12.68%, 0, 39, 5, 0.38, 18, 114, 33, 30, 49045, 2637, 0, 0.326, 13, 189
1773302084, 40, 10, 1171, 1123, 7, 12.68%, 0, 39, 5, 0.38, 18, 114, 33, 30, 49045, 2637, 0, 0.326, 13, 189
1773302150, 40, 10, 1171, 1123, 7, 12.68%, 0, 40, 5, 0.36, 18, 114, 33, 30, 49045, 2637, 0, 0.326, 13, 189
1773302231, 40, 10, 1172, 1124, 7, 12.68%, 0, 40, 5, 0.43, 18, 114, 33, 30, 49045, 2637, 0, 0.326, 13, 189
1773302292, 40, 10, 1172, 1124, 7, 12.68%, 0, 41, 5, 0.38, 18, 114, 33, 30, 49045, 2637, 0, 0.326, 13, 189
1773302342, 40, 10, 1173, 1125, 7, 12.68%, 0, 41, 5, 0.47, 18, 114, 33, 30, 49045, 2637, 0, 0.326, 13, 189
1773302406, 40, 10, 1173, 1125, 7, 12.68%, 0, 42, 5, 0.55, 18, 114, 33, 30, 49045, 2637, 0, 0.326, 13, 189
1773302625, 40, 10, 1174, 1126, 7, 12.68%, 0, 42, 5, 0.39, 18, 114, 33, 30, 49045, 2637, 0, 0.326, 13, 190
1773302717, 40, 10, 1175, 1127, 7, 12.68%, 0, 42, 5, 0.38, 18, 114, 33, 30, 49045, 2637, 0, 0.326, 13, 190
1773302825, 40, 10, 1176, 1128, 7, 12.68%, 0, 42, 5, 0.38, 18, 114, 33, 30, 49045, 2637, 0, 0.326, 13, 190
1773302942, 40, 10, 1176, 1128, 7, 12.68%, 0, 43, 5, 0.44, 18, 114, 33, 30, 49045, 2637, 0, 0.326, 13, 190
1773303136, 40, 10, 1176, 1128, 7, 12.68%, 0, 44, 5, 0.42, 18, 114, 33, 30, 49045, 2637, 0, 0.326, 13, 190
1773303255, 40, 10, 1176, 1128, 7, 12.68%, 0, 45, 5, 0.43, 18, 114, 33, 30, 49045, 2637, 0, 0.326, 13, 190
1773303295, 40, 10, 1176, 1128, 7, 12.68%, 0, 46, 5, 0.39, 18, 114, 33, 30, 49045, 2637, 0, 0.326, 13, 190
1773303356, 40, 10, 1176, 1128, 7, 12.68%, 0, 47, 5, 0.42, 18, 114, 33, 30, 49045, 2637, 0, 0.326, 13, 190
1773303384, 40, 10, 1177, 1129, 7, 12.68%, 0, 47, 5, 0.36, 18, 114, 33, 30, 49045, 2637, 0, 0.326, 13, 190
1773303447, 40, 10, 1177, 1129, 7, 12.68%, 0, 48, 5, 0.32, 18, 114, 33, 30, 49045, 2637, 0, 0.326, 13, 190
1773303485, 40, 10, 1177, 1129, 7, 12.68%, 0, 49, 5, 0.28, 18, 114, 33, 30, 49045, 2637, 0, 0.326, 13, 190
1773303490, 40, 10, 1177, 1129, 7, 12.68%, 0, 50, 5, 0.27, 18, 114, 33, 30, 49045, 2637, 0, 0.326, 13, 190
1773303503, 40, 10, 1177, 1129, 7, 12.68%, 0, 51, 5, 0.27, 18, 114, 33, 30, 49045, 2637, 0, 0.326, 13, 190
1773303611, 40, 10, 1177, 1129, 7, 12.68%, 0, 52, 5, 0.36, 18, 114, 33, 30, 49045, 2637, 0, 0.326, 13, 190
1773303628, 40, 10, 1177, 1129, 7, 12.68%, 0, 53, 5, 0.34, 18, 114, 33, 30, 49045, 2637, 0, 0.326, 13, 190
1773303679, 40, 10, 1178, 1130, 7, 12.68%, 0, 53, 5, 0.56, 18, 114, 33, 30, 49045, 2637, 0, 0.326, 13, 190
1773303741, 40, 10, 1179, 1131, 7, 12.68%, 0, 53, 5, 1.13, 18, 114, 33, 30, 49045, 2637, 0, 0.326, 13, 190
1773303944, 40, 10, 1180, 1132, 7, 12.68%, 0, 53, 5, 0.92, 18, 114, 33, 30, 49045, 2637, 0, 0.326, 13, 190
1773303979, 41, 839, 1180, 1131, 1, 12.68%, 0, 53, 5, 1.42, 18, 114, 33, 30, 49045, 2637, 0, 0.326, 13, 190
1773304107, 41, 1004, 1180, 1131, 1, 12.68%, 0, 53, 5, 2.03, 18, 114, 33, 30, 49045, 2637, 0, 0.326, 13, 190
1773304557, 42, 818, 1180, 1130, 0, 12.68%, 0, 53, 5, 0.13, 18, 114, 34, 31, 50651, 2718, 0, 0.325, 14, 194
1773304613, 42, 818, 1181, 1131, 0, 12.68%, 0, 53, 5, 1.61, 18, 114, 34, 31, 50651, 2718, 0, 0.325, 14, 194
1773304668, 42, 818, 1181, 1131, 0, 12.68%, 0, 54, 5, 0.20, 18, 114, 34, 31, 50651, 2718, 0, 0.325, 14, 194
1773304678, 42, 818, 1182, 1132, 0, 12.69%, 0, 54, 5, 2.47, 18, 114, 34, 31, 50651, 2718, 0, 0.325, 14, 194
1773304761, 42, 818, 1183, 1133, 0, 12.69%, 0, 54, 5, 2.31, 18, 114, 34, 31, 50651, 2718, 0, 0.325, 14, 194
1773304820, 42, 818, 1184, 1134, 0, 12.69%, 0, 54, 5, 1.82, 18, 114, 34, 31, 50651, 2718, 0, 0.325, 14, 194
1773304865, 43, 4, 1184, 1133, 8, 12.69%, 0, 54, 5, 1.64, 18, 114, 34, 31, 50651, 2718, 0, 0.325, 14, 194
1773304996, 43, 4, 1185, 1134, 8, 12.69%, 0, 54, 5, 2.15, 18, 114, 34, 31, 50651, 2718, 0, 0.325, 14, 194
1773305117, 43, 4, 1185, 1134, 11, 12.69%, 0, 54, 5, 0.09, 18, 114, 35, 32, 52262, 2774, 0, 0.325, 14, 194
1773305140, 43, 4, 1186, 1135, 11, 12.69%, 0, 54, 5, 1.26, 18, 114, 35, 32, 52262, 2774, 0, 0.325, 14, 194
1773305161, 43, 4, 1187, 1136, 11, 12.69%, 0, 54, 5, 2.05, 18, 114, 35, 32, 52262, 2774, 0, 0.325, 14, 194
1773305171, 43, 4, 1188, 1137, 11, 12.69%, 0, 54, 5, 2.16, 18, 114, 35, 32, 52262, 2774, 0, 0.325, 14, 194
1773305199, 43, 4, 1189, 1138, 11, 12.69%, 0, 54, 5, 2.26, 18, 114, 35, 32, 52262, 2774, 0, 0.325, 14, 194
1773305257, 43, 4, 1190, 1139, 11, 12.69%, 0, 54, 5, 2.31, 18, 114, 35, 32, 52262, 2774, 0, 0.325, 14, 194
1773305320, 43, 4, 1191, 1140, 11, 12.69%, 0, 54, 5, 2.04, 18, 114, 35, 32, 52262, 2774, 0, 0.325, 14, 194
1773305358, 43, 4, 1192, 1141, 11, 12.69%, 0, 54, 5, 2.24, 18, 114, 35, 32, 52262, 2774, 0, 0.325, 14, 194
1773305368, 43, 4, 1193, 1142, 11, 12.69%, 0, 54, 5, 2.31, 18, 114, 35, 32, 52262, 2774, 0, 0.325, 14, 194
1773305395, 43, 4, 1194, 1143, 11, 12.69%, 0, 54, 5, 2.07, 18, 114, 35, 32, 52262, 2774, 0, 0.325, 14, 198
1773305427, 43, 4, 1195, 1144, 11, 12.70%, 0, 54, 5, 2.15, 18, 114, 35, 32, 52262, 2774, 0, 0.325, 14, 198
1773305458, 43, 4, 1196, 1145, 11, 12.70%, 0, 54, 5, 2.29, 18, 114, 35, 32, 52262, 2774, 0, 0.325, 14, 198
1773305498, 43, 4, 1197, 1146, 11, 12.70%, 0, 54, 5, 1.45, 18, 114, 35, 32, 52262, 2774, 0, 0.325, 14, 198
1773305626, 43, 4, 1198, 1147, 11, 12.70%, 0, 54, 5, 1.93, 18, 116, 35, 32, 52262, 2774, 0, 0.325, 14, 198
1773305718, 43, 534, 1198, 1147, 10, 12.70%, 0, 54, 5, 2.07, 18, 116, 35, 32, 52262, 2774, 0, 0.325, 14, 198
1773305744, 43, 534, 1199, 1148, 10, 12.70%, 0, 54, 5, 2.23, 18, 116, 35, 32, 52262, 2774, 0, 0.325, 14, 199
1773305872, 43, 804, 1200, 1148, 10, 12.70%, 0, 54, 5, 0.08, 18, 116, 36, 33, 54022, 2884, 0, 0.325, 14, 199
1773305882, 43, 804, 1201, 1149, 10, 12.70%, 0, 54, 5, 2.36, 18, 116, 36, 33, 54022, 2884, 0, 0.325, 14, 199
1773305918, 43, 804, 1202, 1150, 10, 12.70%, 0, 54, 5, 2.57, 18, 117, 36, 33, 54022, 2884, 0, 0.325, 14, 199
1773305944, 43, 804, 1203, 1151, 10, 12.70%, 0, 54, 5, 2.44, 18, 118, 36, 33, 54022, 2884, 0, 0.325, 14, 199
1773305960, 43, 804, 1204, 1152, 10, 12.70%, 0, 54, 5, 2.46, 18, 118, 36, 33, 54022, 2884, 0, 0.325, 14, 203
1773306288, 43, 804, 1205, 1153, 10, 12.71%, 0, 54, 5, 2.37, 18, 118, 36, 33, 54022, 2884, 0, 0.327, 15, 209
1773306325, 43, 804, 1206, 1154, 10, 12.71%, 0, 54, 5, 2.51, 18, 118, 36, 33, 54022, 2884, 0, 0.327, 15, 209
1773306351, 44, 650, 1206, 1153, 8, 12.71%, 0, 54, 5, 2.43, 18, 118, 36, 33, 54022, 2884, 0, 0.327, 15, 209
1773306413, 44, 650, 1206, 1153, 8, 12.71%, 0, 55, 5, 0.20, 18, 118, 36, 33, 54022, 2884, 0, 0.327, 15, 209
1773306534, 44, 650, 1207, 1154, 8, 12.71%, 0, 55, 5, 2.24, 18, 118, 36, 33, 54022, 2884, 0, 0.327, 15, 209
1773306555, 44, 650, 1208, 1155, 8, 12.71%, 0, 55, 5, 2.14, 18, 118, 36, 33, 54022, 2884, 0, 0.327, 15, 209
1773306581, 45, 643, 1208, 1154, 6, 12.71%, 0, 55, 5, 2.00, 18, 118, 36, 33, 54022, 2884, 0, 0.327, 15, 209
1773306702, 45, 643, 1209, 1155, 6, 12.71%, 0, 55, 5, 2.54, 18, 118, 36, 33, 54022, 2884, 0, 0.327, 15, 216
1773306744, 45, 903, 1209, 1154, 7, 12.71%, 0, 55, 5, 2.15, 18, 118, 36, 33, 54022, 2884, 0, 0.327, 15, 216
1773307042, 46, 4, 1209, 1153, 8, 12.71%, 0, 55, 5, 0.04, 18, 118, 37, 34, 55665, 3027, 0, 0.327, 15, 217
1773307075, 46, 4, 1210, 1154, 8, 12.71%, 0, 55, 5, 0.92, 18, 118, 37, 34, 55665, 3027, 0, 0.327, 15, 217
1773307286, 46, 4, 1211, 1155, 8, 12.72%, 0, 55, 5, 0.88, 18, 118, 37, 34, 55665, 3027, 0, 0.327, 15, 217
1773307570, 48, 5, 1211, 1155, 1, 12.72%, 0, 55, 5, 0.66, 18, 118, 38, 35, 57269, 3112, 0, 0.327, 15, 217
1773307656, 48, 5, 1212, 1156, 1, 12.72%, 0, 55, 5, 2.39, 18, 118, 38, 35, 57269, 3112, 0, 0.327, 15, 220
1773307714, 48, 5, 1213, 1157, 1, 12.72%, 0, 55, 5, 2.23, 18, 118, 38, 35, 57269, 3112, 0, 0.327, 15, 220
1773307731, 48, 5, 1214, 1158, 1, 12.72%, 0, 55, 5, 1.42, 18, 118, 38, 35, 57269, 3112, 0, 0.327, 15, 220
1773307742, 48, 5, 1215, 1159, 1, 12.72%, 0, 55, 5, 1.24, 18, 118, 38, 35, 57269, 3112, 0, 0.327, 15, 220
1773307770, 48, 5, 1216, 1160, 1, 12.72%, 0, 55, 5, 1.11, 18, 118, 38, 35, 57269, 3112, 0, 0.327, 15, 220
1773307914, 48, 5, 1217, 1161, 1, 12.72%, 0, 55, 5, 1.10, 18, 118, 38, 35, 57269, 3112, 0, 0.327, 15, 220
1773307980, 48, 5, 1218, 1162, 1, 12.72%, 0, 55, 5, 1.09, 18, 118, 38, 35, 57269, 3112, 0, 0.327, 15, 220
1773308008, 48, 5, 1219, 1163, 1, 12.72%, 0, 55, 5, 1.08, 18, 118, 38, 35, 57269, 3112, 0, 0.327, 15, 220
1773308075, 48, 5, 1220, 1164, 1, 12.72%, 0, 55, 5, 1.11, 18, 118, 38, 35, 57269, 3112, 0, 0.327, 15, 220
1773308118, 48, 5, 1221, 1165, 1, 12.72%, 0, 55, 5, 1.10, 18, 118, 38, 35, 57269, 3112, 0, 0.327, 15, 220
1773308388, 48, 961, 1221, 1165, 6, 12.72%, 0, 55, 5, 0.01, 18, 118, 39, 36, 58887, 3164, 0, 0.327, 15, 220
1773308481, 49, 47, 1221, 1164, 8, 12.72%, 0, 55, 5, 0.16, 18, 118, 40, 37, 60501, 3269, 0, 0.327, 15, 222
1773308491, 49, 47, 1222, 1165, 8, 12.73%, 0, 55, 5, 2.03, 18, 119, 40, 37, 60501, 3269, 0, 0.327, 15, 222
1773308534, 49, 47, 1223, 1166, 8, 12.73%, 0, 55, 5, 1.63, 18, 119, 40, 37, 60501, 3269, 0, 0.327, 15, 222
1773308620, 49, 47, 1224, 1167, 8, 12.73%, 0, 55, 5, 1.87, 18, 119, 40, 37, 60501, 3269, 0, 0.327, 15, 222
1773308717, 49, 972, 1224, 1167, 1, 12.73%, 0, 55, 5, 1.62, 18, 119, 40, 37, 60501, 3269, 0, 0.327, 15, 222
1773308792, 49, 972, 1225, 1168, 1, 12.73%, 0, 55, 5, 1.31, 18, 119, 40, 37, 60501, 3269, 0, 0.327, 15, 222
1773308830, 49, 972, 1226, 1169, 1, 12.73%, 0, 55, 5, 1.38, 18, 119, 40, 37, 60501, 3269, 0, 0.326, 16, 225
1773308851, 49, 972, 1227, 1170, 1, 12.73%, 0, 55, 5, 1.13, 18, 119, 40, 37, 60501, 3269, 0, 0.326, 16, 225
1773309014, 49, 972, 1228, 1171, 1, 12.73%, 0, 55, 5, 1.29, 18, 119, 40, 37, 60501, 3269, 0, 0.326, 16, 225
1773309083, 49, 1122, 1228, 1170, 1, 12.73%, 0, 55, 5, 1.25, 18, 119, 40, 37, 60501, 3269, 0, 0.326, 16, 225
1773309376, 49, 1122, 1229, 1171, 1, 12.73%, 0, 55, 5, 1.63, 18, 119, 40, 37, 60501, 3269, 0, 0.326, 16, 225
1773309633, 50, 1075, 1229, 1170, 0, 12.73%, 0, 55, 5, 1.98, 18, 119, 40, 37, 60501, 3269, 0, 0.326, 16, 225
1773309675, 50, 1075, 1230, 1171, 0, 12.73%, 0, 55, 5, 2.44, 18, 119, 40, 37, 60501, 3269, 0, 0.326, 16, 225
1773309798, 51, 832, 1230, 1170, 1, 12.73%, 0, 55, 5, 0.19, 18, 119, 41, 38, 62274, 3341, 0, 0.326, 16, 225
1773309809, 51, 832, 1231, 1171, 1, 12.74%, 0, 55, 5, 2.49, 18, 119, 41, 38, 62274, 3341, 0, 0.326, 16, 225
1773309850, 51, 832, 1232, 1172, 1, 12.74%, 0, 55, 5, 2.35, 18, 119, 41, 38, 62274, 3341, 0, 0.326, 16, 225
1773309897, 51, 832, 1233, 1173, 1, 12.74%, 0, 55, 5, 2.47, 18, 119, 41, 38, 62274, 3341, 0, 0.326, 16, 225
1773309913, 51, 832, 1234, 1174, 1, 12.74%, 0, 55, 5, 2.45, 18, 119, 41, 38, 62274, 3341, 0, 0.326, 16, 225
1773309955, 51, 832, 1235, 1175, 1, 12.74%, 0, 55, 5, 2.52, 18, 119, 41, 38, 62274, 3341, 0, 0.326, 16, 225
1773309992, 51, 832, 1236, 1176, 1, 12.74%, 0, 55, 5, 2.43, 18, 119, 41, 38, 62274, 3341, 0, 0.326, 16, 225
1773310106, 51, 832, 1237, 1177, 1, 12.75%, 0, 55, 5, 2.34, 18, 119, 41, 38, 62274, 3341, 0, 0.326, 16, 225
1773310127, 51, 832, 1238, 1178, 1, 12.75%, 0, 55, 5, 2.47, 18, 119, 41, 38, 62274, 3341, 0, 0.326, 16, 225
1773310158, 51, 832, 1239, 1179, 1, 12.75%, 0, 55, 5, 2.31, 18, 119, 41, 38, 62274, 3341, 0, 0.326, 16, 225
1773310256, 51, 832, 1240, 1180, 1, 12.75%, 0, 55, 5, 2.34, 18, 119, 41, 38, 62274, 3341, 0, 0.326, 16, 225
1773310390, 51, 1061, 1240, 1179, 1, 12.75%, 0, 55, 5, 0.10, 18, 119, 42, 39, 63848, 3419, 0, 0.326, 16, 230
1773310534, 51, 1061, 1241, 1180, 1, 12.75%, 0, 55, 5, 2.44, 18, 119, 42, 39, 63848, 3419, 0, 0.326, 16, 230
1773310582, 51, 1061, 1242, 1181, 1, 12.76%, 0, 55, 5, 2.24, 18, 119, 42, 39, 63848, 3419, 0, 0.326, 16, 230
1773310619, 52, 854, 1242, 1180, 0, 12.76%, 0, 55, 5, 2.04, 18, 119, 42, 39, 63848, 3419, 0, 0.326, 16, 230
1773310766, 52, 854, 1243, 1181, 0, 12.76%, 0, 55, 5, 1.85, 18, 119, 42, 39, 63848, 3419, 0, 0.326, 16, 230
1773310828, 52, 854, 1244, 1182, 0, 12.76%, 0, 55, 5, 1.86, 18, 119, 42, 39, 63848, 3419, 0, 0.326, 16, 230
1773310859, 53, 53, 1244, 1181, 0, 12.76%, 0, 55, 5, 1.62, 18, 119, 42, 39, 63848, 3419, 0, 0.326, 16, 230
1773311008, 54, 50, 1244, 1180, 0, 12.76%, 0, 55, 5, 2.31, 18, 119, 42, 39, 63848, 3419, 0, 0.326, 16, 230
1773311023, 54, 54, 1244, 1179, 0, 12.76%, 0, 55, 5, 2.36, 18, 119, 42, 39, 63848, 3419, 0, 0.326, 16, 230
1773311065, 54, 819, 1244, 1178, 0, 12.76%, 0, 55, 5, 0.20, 18, 119, 43, 40, 65463, 3505, 0, 0.326, 16, 230
1773311228, 54, 819, 1245, 1179, 0, 12.76%, 0, 55, 5, 2.47, 18, 119, 43, 40, 65463, 3505, 0, 0.324, 17, 234
1773311314, 55, 68, 1245, 1178, 0, 12.76%, 0, 55, 5, 1.92, 18, 119, 43, 40, 65463, 3505, 0, 0.324, 17, 234
1773311325, 55, 1112, 1245, 1177, 0, 12.76%, 0, 55, 5, 1.87, 18, 119, 43, 40, 65463, 3505, 0, 0.324, 17, 234
1773311511, 55, 1112, 1246, 1178, 0, 12.76%, 0, 55, 5, 1.49, 18, 119, 43, 40, 65463, 3505, 0, 0.324, 17, 238
1773311563, 55, 1112, 1247, 1179, 0, 12.76%, 0, 55, 5, 1.23, 18, 119, 43, 40, 65463, 3505, 0, 0.324, 17, 238
1773311590, 55, 1112, 1248, 1180, 0, 12.76%, 0, 55, 5, 1.10, 18, 119, 43, 40, 65463, 3505, 0, 0.324, 17, 238
1773311639, 55, 1112, 1249, 1181, 0, 12.76%, 0, 55, 5, 1.05, 18, 119, 43, 40, 65463, 3505, 0, 0.324, 17, 238
1773311672, 55, 1112, 1250, 1182, 0, 12.77%, 0, 55, 5, 1.31, 18, 119, 43, 40, 65463, 3505, 0, 0.324, 17, 238
1773311751, 55, 1112, 1251, 1183, 0, 12.77%, 0, 55, 5, 1.00, 18, 119, 43, 40, 65463, 3505, 0, 0.324, 17, 238
1773311844, 57, 59, 1251, 1182, 6, 12.77%, 0, 55, 5, 2.06, 18, 119, 44, 40, 65463, 3505, 0, 0.324, 17, 238
1773311926, 57, 59, 1252, 1183, 6, 12.77%, 0, 55, 5, 2.51, 18, 119, 44, 40, 65463, 3505, 0, 0.324, 17, 238
1773311985, 57, 59, 1253, 1184, 6, 12.77%, 0, 55, 5, 2.49, 18, 119, 44, 40, 65463, 3505, 0, 0.324, 17, 238
1773312019, 57, 59, 1254, 1185, 6, 12.77%, 0, 55, 5, 1.63, 18, 119, 44, 40, 65463, 3505, 0, 0.324, 17, 238
1773312036, 57, 59, 1255, 1186, 6, 12.77%, 0, 55, 5, 1.69, 18, 119, 44, 40, 65463, 3505, 0, 0.324, 17, 238
1773312081, 57, 59, 1255, 1185, 5, 12.77%, 0, 55, 5, 1.85, 18, 119, 44, 40, 65463, 3505, 0, 0.324, 17, 238
1773312120, 59, 63, 1255, 1185, 5, 12.77%, 0, 55, 5, 0.11, 18, 119, 45, 41, 67256, 3596, 0, 0.324, 17, 238
1773312162, 60, 1, 1255, 1184, 4, 12.77%, 0, 55, 5, 2.40, 18, 119, 45, 41, 67256, 3596, 0, 0.324, 17, 238
1773312205, 60, 59, 1255, 1184, 4, 12.77%, 0, 55, 5, 0.12, 18, 119, 46, 42, 68860, 3658, 0, 0.324, 17, 238
1773312250, 60, 59, 1256, 1185, 4, 12.77%, 0, 55, 5, 0.26, 18, 119, 46, 42, 68860, 3658, 0, 0.324, 17, 239
1773312286, 60, 59, 1257, 1186, 4, 12.77%, 0, 55, 5, 2.45, 18, 119, 46, 42, 68860, 3658, 0, 0.324, 17, 239
1773312309, 60, 59, 1257, 1186, 4, 12.77%, 0, 56, 5, 0.34, 18, 119, 46, 42, 68860, 3658, 0, 0.324, 17, 239
1773312361, 60, 59, 1258, 1187, 4, 12.77%, 0, 56, 5, 0.35, 18, 119, 46, 42, 68860, 3658, 0, 0.324, 17, 239
1773312720, 62, 47, 1258, 1187, 9, 12.77%, 0, 56, 5, 0.21, 18, 119, 47, 43, 70536, 3742, 0, 0.324, 17, 239
1773312745, 62, 47, 1259, 1188, 9, 12.77%, 0, 56, 5, 2.24, 18, 119, 47, 43, 70536, 3742, 0, 0.324, 17, 239
1773312766, 62, 599, 1259, 1188, 0, 12.77%, 0, 56, 5, 2.17, 18, 119, 47, 43, 70536, 3742, 0, 0.324, 17, 239
1773312878, 62, 599, 1260, 1189, 0, 12.77%, 0, 56, 5, 2.25, 18, 119, 47, 43, 70536, 3742, 0, 0.324, 17, 239
1773312898, 62, 599, 1261, 1190, 0, 12.77%, 0, 56, 5, 1.74, 18, 119, 47, 43, 70536, 3742, 0, 0.324, 17, 239
1773312932, 62, 1020, 1261, 1190, 8, 12.77%, 0, 56, 5, 1.92, 18, 119, 47, 43, 70536, 3742, 0, 0.324, 17, 239
1773313070, 62, 1020, 1262, 1191, 8, 12.77%, 0, 56, 5, 1.89, 18, 119, 47, 43, 70536, 3742, 0, 0.324, 17, 239
1773313092, 62, 1020, 1263, 1192, 8, 12.77%, 0, 56, 5, 2.30, 18, 119, 47, 43, 70536, 3742, 0, 0.324, 17, 239
1773313194, 62, 1020, 1264, 1193, 8, 12.77%, 0, 56, 5, 2.42, 18, 119, 47, 43, 70536, 3742, 0, 0.324, 17, 244
1773313222, 62, 1020, 1265, 1194, 8, 12.77%, 0, 56, 5, 0.35, 18, 119, 47, 43, 70536, 3742, 0, 0.324, 17, 244
1773313413, 63, 927, 1265, 1193, 10, 12.77%, 0, 56, 5, 1.36, 18, 119, 47, 43, 70536, 3742, 0, 0.324, 17, 244
1773313465, 63, 1004, 1265, 1192, 9, 12.77%, 0, 56, 5, 2.22, 18, 119, 47, 43, 70536, 3742, 0, 0.324, 17, 244
1773313561, 63, 1004, 1266, 1193, 9, 12.77%, 0, 56, 5, 1.25, 18, 119, 47, 43, 70536, 3742, 0, 0.324, 17, 244
1773313567, 63, 1004, 1267, 1194, 9, 12.77%, 0, 56, 5, 1.32, 18, 119, 47, 43, 70536, 3742, 0, 0.324, 17, 244
1773313644, 63, 1004, 1268, 1195, 9, 12.77%, 0, 56, 5, 1.81, 18, 119, 47, 43, 70536, 3742, 0, 0.324, 17, 244
1773313789, 64, 985, 1268, 1195, 10, 12.77%, 0, 56, 5, 0.18, 18, 119, 48, 44, 72289, 3861, 0, 0.324, 17, 244
1773313944, 64, 1053, 1268, 1194, 10, 12.77%, 0, 56, 5, 0.14, 18, 119, 49, 45, 73895, 3928, 0, 0.324, 17, 246
1773313949, 64, 1053, 1269, 1195, 10, 12.77%, 0, 56, 5, 0.21, 18, 119, 49, 45, 73895, 3928, 0, 0.324, 17, 246
1773314051, 64, 1053, 1270, 1196, 10, 12.77%, 0, 56, 5, 0.81, 18, 119, 49, 45, 73895, 3928, 0, 0.324, 17, 246
1773314114, 64, 1053, 1271, 1197, 10, 12.77%, 0, 56, 5, 0.64, 18, 119, 49, 45, 73895, 3928, 0, 0.324, 17, 246
1773314252, 64, 1053, 1272, 1198, 10, 12.78%, 0, 56, 5, 0.58, 18, 119, 49, 45, 73895, 3928, 0, 0.324, 17, 246
1773315903, 65, 11, 1272, 1197, 12, 12.78%, 0, 56, 5, 1.29, 18, 119, 49, 45, 73895, 3928, 0, 0.319, 19, 254
1773315908, 65, 11, 1273, 1198, 12, 12.78%, 0, 56, 5, 1.71, 18, 119, 49, 45, 73895, 3928, 0, 0.319, 19, 254
1773315992, 65, 11, 1274, 1199, 12, 12.78%, 0, 56, 5, 2.16, 18, 119, 49, 45, 73895, 3928, 0, 0.319, 19, 254
1773316067, 65, 11, 1275, 1200, 12, 12.78%, 0, 56, 5, 2.49, 18, 119, 49, 45, 73895, 3928, 0, 0.319, 19, 254
1773316078, 65, 11, 1275, 1199, 11, 12.78%, 0, 56, 5, 2.45, 18, 119, 49, 45, 73895, 3928, 0, 0.319, 19, 254
1773316104, 65, 59, 1275, 1199, 11, 12.78%, 0, 56, 5, 2.11, 18, 119, 49, 45, 73895, 3928, 0, 0.319, 19, 254
1773316426, 66, 1259, 1275, 1199, 16, 12.78%, 0, 56, 5, 0.16, 18, 119, 50, 46, 75556, 4070, 0, 0.319, 19, 254
1773316586, 67, 967, 1275, 1198, 17, 12.78%, 0, 56, 5, 0.13, 18, 119, 51, 47, 77510, 4141, 0, 0.319, 19, 254
1773316655, 68, 5, 1275, 1197, 16, 12.78%, 0, 56, 5, 0.17, 18, 119, 52, 48, 79105, 4218, 0, 0.319, 19, 254
1773316681, 68, 5, 1276, 1198, 16, 12.78%, 0, 56, 5, 2.31, 18, 119, 52, 48, 79105, 4218, 0, 0.319, 19, 254
1773316687, 68, 5, 1277, 1199, 16, 12.78%, 0, 56, 5, 2.08, 18, 119, 52, 48, 79105, 4218, 0, 0.319, 19, 254
1773316697, 68, 5, 1278, 1200, 16, 12.78%, 0, 56, 5, 2.09, 18, 119, 52, 48, 79105, 4218, 0, 0.319, 19, 254
1773316759, 68, 5, 1279, 1201, 16, 12.78%, 0, 56, 5, 2.31, 18, 119, 52, 48, 79105, 4218, 0, 0.319, 19, 254
1773316853, 68, 11, 1279, 1201, 6, 12.78%, 0, 56, 5, 2.37, 18, 119, 52, 48, 79105, 4218, 0, 0.319, 19, 254
1773316912, 68, 11, 1280, 1202, 6, 12.78%, 0, 56, 5, 1.51, 18, 119, 52, 48, 79105, 4218, 0, 0.319, 19, 254
1773317076, 69, 952, 1280, 1202, 11, 12.78%, 0, 56, 5, 0.18, 18, 119, 53, 49, 80997, 4287, 0, 0.319, 19, 254
1773317140, 70, 951, 1280, 1202, 15, 12.78%, 0, 56, 5, 0.22, 18, 119, 54, 50, 82616, 4399, 0, 0.319, 19, 254
1773317207, 70, 951, 1281, 1203, 15, 12.78%, 0, 56, 5, 1.42, 18, 119, 54, 50, 82616, 4399, 0, 0.319, 19, 254
1773317247, 70, 1056, 1281, 1203, 9, 12.78%, 0, 56, 5, 2.25, 18, 119, 54, 50, 82616, 4399, 0, 0.319, 19, 255
1773317283, 70, 1056, 1282, 1204, 9, 12.78%, 0, 56, 5, 2.46, 18, 119, 54, 50, 82616, 4399, 0, 0.319, 19, 255
1773317304, 70, 1065, 1282, 1203, 10, 12.78%, 0, 56, 5, 2.44, 18, 119, 54, 50, 82616, 4399, 0, 0.319, 19, 255
1773317430, 70, 1074, 1282, 1202, 14, 12.78%, 0, 56, 5, 0.10, 18, 119, 55, 51, 84282, 4566, 0, 0.319, 19, 255
1773317816, 70, 1227, 1282, 1201, 14, 12.78%, 0, 56, 5, 0.48, 18, 119, 55, 51, 84282, 4566, 0, 0.319, 19, 257
1773317883, 70, 1227, 1283, 1202, 14, 12.78%, 0, 56, 5, 1.08, 18, 119, 55, 51, 84282, 4566, 0, 0.319, 19, 257
1773318296, 70, 1227, 1284, 1203, 14, 12.78%, 0, 56, 5, 2.14, 18, 119, 55, 51, 84282, 4566, 0, 0.319, 19, 257
1773318307, 70, 1227, 1285, 1204, 14, 12.78%, 0, 56, 5, 2.09, 18, 119, 55, 51, 84282, 4566, 0, 0.319, 19, 257
1773318352, 70, 1227, 1285, 1204, 14, 12.78%, 0, 57, 5, 0.20, 18, 119, 55, 51, 84282, 4566, 0, 0.319, 19, 257
1773318526, 70, 1227, 1285, 1204, 14, 12.78%, 0, 58, 5, 0.20, 18, 119, 55, 51, 84282, 4566, 0, 0.319, 19, 257
1773318543, 71, 985, 1285, 1203, 13, 12.78%, 0, 58, 5, 0.18, 18, 119, 56, 52, 85839, 4656, 0, 0.319, 19, 257
1773318679, 71, 985, 1286, 1204, 13, 12.78%, 0, 58, 5, 0.28, 18, 119, 56, 52, 85839, 4656, 0, 0.319, 19, 257
1773318764, 71, 1029, 1286, 1204, 9, 12.78%, 0, 58, 5, 2.31, 18, 119, 56, 52, 85839, 4656, 0, 0.319, 19, 257
1773318933, 71, 1029, 1287, 1205, 9, 12.78%, 0, 58, 5, 0.29, 18, 119, 56, 52, 85839, 4656, 0, 0.319, 19, 258
1773318983, 71, 1029, 1288, 1206, 9, 12.78%, 0, 58, 5, 2.31, 18, 119, 56, 52, 85839, 4656, 0, 0.319, 19, 258
1773318999, 71, 1029, 1289, 1207, 9, 12.78%, 0, 58, 5, 1.52, 18, 119, 56, 52, 85839, 4656, 0, 0.319, 19, 258
1773319110, 71, 1029, 1290, 1208, 9, 12.78%, 0, 58, 5, 1.37, 18, 119, 56, 52, 85839, 4656, 0, 0.319, 19, 258
1773319192, 72, 986, 1290, 1207, 8, 12.78%, 0, 58, 5, 0.31, 18, 119, 56, 52, 85839, 4656, 0, 0.319, 19, 258
1773319555, 72, 1004, 1290, 1206, 7, 12.78%, 0, 58, 5, 2.37, 18, 119, 56, 52, 85839, 4656, 0, 0.319, 19, 258
1773319608, 73, 345, 1290, 1206, 7, 12.78%, 0, 58, 5, 0.14, 18, 119, 57, 53, 87527, 4730, 0, 0.319, 19, 258
1773319691, 73, 345, 1291, 1207, 7, 12.78%, 0, 58, 5, 2.49, 18, 119, 57, 53, 87527, 4730, 0, 0.319, 19, 259
1773319732, 73, 1111, 1291, 1206, 7, 12.78%, 0, 58, 5, 2.37, 18, 119, 57, 53, 87527, 4730, 0, 0.319, 19, 259
1773319784, 74, 1163, 1291, 1205, 6, 12.78%, 0, 58, 5, 2.31, 18, 119, 57, 53, 87527, 4730, 0, 0.319, 19, 259
1773319852, 74, 1278, 1291, 1204, 8, 12.78%, 0, 58, 5, 2.63, 18, 119, 58, 54, 89346, 4812, 0, 0.319, 19, 259
1773319904, 74, 1278, 1292, 1205, 8, 12.78%, 0, 58, 5, 2.21, 18, 119, 58, 54, 89346, 4812, 0, 0.319, 19, 259
1773319925, 74, 1278, 1293, 1206, 8, 12.78%, 0, 58, 5, 2.24, 18, 119, 58, 54, 89346, 4812, 0, 0.319, 19, 259
1773320149, 74, 1278, 1294, 1207, 8, 12.78%, 0, 58, 5, 2.29, 18, 119, 58, 54, 89346, 4812, 0, 0.319, 19, 259
1773320185, 75, 1281, 1294, 1206, 7, 12.79%, 0, 58, 5, 2.46, 18, 119, 58, 54, 89346, 4812, 0, 0.319, 19, 259
1773320237, 75, 1281, 1295, 1207, 7, 12.79%, 0, 58, 5, 2.26, 18, 119, 58, 54, 89346, 4812, 0, 0.319, 19, 259
1773320257, 75, 1281, 1296, 1208, 7, 12.80%, 0, 58, 5, 2.31, 18, 119, 58, 54, 89346, 4812, 0, 0.319, 19, 259
1773320315, 75, 1281, 1297, 1209, 7, 12.80%, 0, 58, 5, 2.42, 18, 119, 58, 54, 89346, 4812, 0, 0.319, 19, 259
1773320430, 75, 1281, 1298, 1210, 7, 12.80%, 0, 58, 5, 2.16, 18, 119, 58, 54, 89346, 4812, 0, 0.319, 19, 259
1773320608, 75, 1281, 1299, 1211, 7, 12.81%, 0, 58, 5, 2.14, 18, 119, 58, 54, 89346, 4812, 0, 0.319, 19, 259
1773320729, 75, 1281, 1300, 1212, 7, 12.81%, 0, 58, 5, 2.27, 18, 119, 58, 54, 89346, 4812, 0, 0.319, 19, 259
1773320824, 76, 1004, 1300, 1211, 8, 12.81%, 0, 58, 5, 2.00, 18, 119, 58, 54, 89346, 4812, 0, 0.319, 19, 259
1773320874, 76, 1004, 1301, 1212, 8, 12.81%, 0, 58, 5, 1.76, 18, 119, 58, 54, 89346, 4812, 0, 0.319, 19, 259
1773321078, 76, 1004, 1302, 1213, 8, 12.81%, 0, 58, 5, 1.52, 18, 119, 58, 54, 89346, 4812, 0, 0.319, 19, 259
1773321103, 76, 1004, 1303, 1214, 8, 12.81%, 0, 58, 5, 1.70, 18, 119, 58, 54, 89346, 4812, 0, 0.319, 19, 259
1773321149, 76, 1014, 1303, 1214, 10, 12.81%, 0, 58, 5, 2.02, 18, 119, 58, 54, 89346, 4812, 0, 0.319, 19, 259
1773321354, 76, 1014, 1304, 1215, 10, 12.81%, 0, 58, 5, 1.94, 18, 119, 58, 54, 89346, 4812, 0, 0.319, 19, 260
1773321465, 76, 1075, 1304, 1214, 9, 12.81%, 0, 58, 5, 1.94, 18, 119, 58, 54, 89346, 4812, 0, 0.319, 19, 260
1773321502, 76, 1075, 1305, 1215, 9, 12.81%, 0, 58, 5, 2.40, 18, 119, 58, 54, 89346, 4812, 0, 0.319, 19, 260
1773321659, 76, 1075, 1306, 1216, 9, 12.81%, 0, 58, 5, 2.53, 18, 119, 58, 54, 89346, 4812, 0, 0.319, 19, 260
1773321686, 77, 952, 1306, 1216, 7, 12.81%, 0, 58, 5, 2.43, 18, 119, 58, 54, 89346, 4812, 0, 0.319, 19, 260
1773321691, 77, 952, 1307, 1217, 7, 12.81%, 0, 58, 5, 2.37, 18, 119, 58, 54, 89346, 4812, 0, 0.319, 19, 260
1773321789, 78, 582, 1307, 1217, 12, 12.81%, 0, 58, 5, 2.45, 18, 119, 59, 55, 91002, 4943, 0, 0.319, 19, 262
1773321980, 78, 1083, 1307, 1216, 12, 12.81%, 0, 58, 5, 1.71, 18, 119, 59, 55, 91002, 4943, 0, 0.319, 19, 262
1773322326, 79, 1096, 1307, 1215, 15, 12.81%, 0, 58, 5, 0.18, 18, 119, 60, 56, 92823, 5102, 0, 0.319, 19, 262
1773322494, 80, 1094, 1307, 1214, 15, 12.81%, 0, 58, 5, 0.12, 18, 119, 61, 57, 94509, 5197, 0, 0.319, 19, 262
1773322550, 80, 1094, 1308, 1215, 15, 12.81%, 0, 58, 5, 2.33, 18, 119, 61, 57, 94509, 5197, 0, 0.319, 19, 263
1773322571, 80, 1094, 1309, 1216, 15, 12.81%, 0, 58, 5, 2.38, 18, 119, 61, 57, 94509, 5197, 0, 0.319, 19, 263
1773322587, 81, 920, 1309, 1215, 14, 12.81%, 0, 58, 5, 2.40, 18, 119, 61, 57, 94509, 5197, 0, 0.319, 19, 263
1773322613, 82, 12, 1309, 1215, 14, 12.81%, 0, 58, 5, 2.20, 18, 119, 61, 57, 94509, 5197, 0, 0.319, 19, 263
1773322628, 83, 8, 1309, 1215, 14, 12.81%, 0, 58, 5, 0.18, 18, 119, 62, 58, 96138, 5315, 0, 0.319, 19, 263
1773322754, 83, 8, 1309, 1215, 14, 12.81%, 0, 59, 5, 0.58, 18, 119, 62, 58, 96138, 5315, 0, 0.319, 19, 263
1773323071, 83, 1042, 1309, 1215, 14, 12.81%, 0, 59, 5, 0.66, 18, 119, 63, 59, 97767, 5416, 0, 0.319, 20, 267
1773323118, 83, 1042, 1310, 1216, 14, 12.82%, 0, 59, 5, 2.11, 18, 119, 63, 59, 97767, 5416, 0, 0.319, 20, 267
1773323314, 84, 831, 1310, 1215, 13, 12.82%, 0, 59, 5, 0.22, 18, 119, 64, 60, 99401, 5502, 0, 0.318, 21, 275
1773323449, 84, 852, 1310, 1215, 13, 12.82%, 0, 59, 5, 2.28, 18, 119, 64, 60, 99401, 5502, 0, 0.318, 21, 275
1773323485, 84, 852, 1311, 1216, 13, 12.82%, 0, 59, 5, 2.22, 18, 119, 64, 60, 99401, 5502, 0, 0.318, 21, 275
1773323658, 85, 831, 1311, 1215, 12, 12.82%, 0, 59, 5, 2.43, 18, 119, 64, 60, 99401, 5502, 0, 0.316, 22, 279
1773323795, 87, 986, 1311, 1215, 12, 12.82%, 0, 59, 5, 0.31, 18, 119, 64, 60, 99401, 5502, 0, 0.313, 24, 289
1773323930, 87, 986, 1312, 1216, 12, 12.82%, 0, 59, 5, 2.30, 18, 119, 64, 60, 99401, 5502, 0, 0.313, 24, 289
1773324050, 88, 955, 1312, 1216, 12, 12.82%, 0, 59, 5, 2.38, 18, 119, 64, 60, 99401, 5502, 0, 0.313, 24, 289
1773324086, 88, 955, 1313, 1217, 12, 12.82%, 0, 59, 5, 2.29, 18, 119, 64, 60, 99401, 5502, 0, 0.313, 24, 289
1773324112, 88, 955, 1314, 1218, 12, 12.82%, 0, 59, 5, 2.40, 18, 119, 64, 60, 99401, 5502, 0, 0.313, 24, 289
1773324293, 89, 920, 1314, 1218, 6, 12.82%, 0, 59, 5, 0.30, 18, 119, 64, 60, 99401, 5502, 0, 0.313, 24, 289
1773324551, 89, 1008, 1314, 1218, 6, 12.82%, 0, 59, 5, 2.28, 18, 119, 64, 60, 99401, 5502, 0, 0.313, 24, 292
1773324621, 90, 920, 1314, 1218, 6, 12.82%, 0, 59, 5, 2.28, 18, 119, 64, 60, 99401, 5502, 0, 0.313, 24, 292
1773324719, 90, 920, 1315, 1219, 6, 12.82%, 0, 59, 5, 2.44, 18, 119, 64, 60, 99401, 5502, 0, 0.313, 24, 294
1773324766, 90, 1259, 1315, 1219, 6, 12.82%, 0, 59, 5, 2.22, 18, 119, 64, 60, 99401, 5502, 0, 0.313, 24, 294
1773324829, 90, 1259, 1316, 1220, 6, 12.82%, 0, 59, 5, 2.32, 18, 119, 64, 60, 99401, 5502, 0, 0.313, 24, 294
1773324839, 90, 1259, 1317, 1221, 6, 12.82%, 0, 59, 5, 2.27, 18, 119, 64, 60, 99401, 5502, 0, 0.313, 24, 294
1773324855, 90, 1259, 1318, 1222, 6, 12.82%, 0, 59, 5, 2.29, 18, 119, 64, 60, 99401, 5502, 0, 0.313, 24, 294
1773324887, 90, 1259, 1319, 1223, 6, 12.82%, 0, 59, 5, 2.21, 18, 119, 64, 60, 99401, 5502, 0, 0.313, 24, 294
1773325018, 91, 1008, 1319, 1223, 11, 12.82%, 0, 59, 5, 2.08, 18, 119, 64, 60, 99401, 5502, 0, 0.313, 24, 294
1773325560, 91, 1008, 1320, 1224, 11, 12.82%, 0, 59, 5, 0.55, 18, 119, 64, 60, 99401, 5502, 0, 0.313, 24, 294
1773325684, 92, 10, 1321, 1225, 2, 12.82%, 0, 59, 5, 0.66, 18, 119, 64, 60, 99401, 5502, 0, 0.313, 24, 294
1773326049, 92, 1008, 1321, 1225, 2, 12.82%, 0, 59, 5, 0.86, 18, 119, 64, 60, 99401, 5502, 0, 0.313, 24, 294
1773326157, 92, 1008, 1321, 1225, 2, 12.82%, 0, 60, 5, 0.40, 18, 119, 64, 60, 99401, 5502, 0, 0.313, 24, 294
1773326172, 92, 1008, 1321, 1225, 2, 12.82%, 0, 61, 5, 0.36, 18, 119, 64, 60, 99401, 5502, 0, 0.313, 24, 294
1773326585, 92, 1008, 1321, 1225, 2, 12.82%, 0, 62, 5, 0.64, 18, 119, 64, 60, 99401, 5502, 0, 0.313, 24, 295
1773326706, 93, 18, 1321, 1225, 2, 12.82%, 0, 62, 5, 0.91, 18, 119, 64, 60, 99401, 5502, 0, 0.313, 24, 295
1773326799, 93, 18, 1322, 1226, 2, 12.82%, 0, 62, 5, 0.82, 18, 119, 64, 60, 99401, 5502, 0, 0.313, 24, 295
1773326842, 93, 18, 1323, 1227, 2, 12.82%, 0, 62, 5, 1.51, 18, 119, 64, 60, 99401, 5502, 0, 0.313, 24, 295
1773327079, 93, 18, 1323, 1227, 2, 12.82%, 0, 63, 5, 0.92, 18, 119, 64, 60, 99401, 5502, 0, 0.313, 24, 295
1773327108, 93, 1014, 1323, 1227, 2, 12.82%, 0, 63, 5, 1.26, 18, 119, 64, 60, 99401, 5502, 0, 0.313, 24, 295
1773327150, 94, 47, 1323, 1227, 2, 12.82%, 0, 63, 5, 2.27, 18, 119, 64, 60, 99401, 5502, 0, 0.313, 24, 295
1773327311, 94, 47, 1324, 1228, 2, 12.82%, 0, 63, 5, 2.25, 18, 119, 64, 60, 99401, 5502, 0, 0.313, 24, 295
1773327333, 94, 1052, 1324, 1228, 2, 12.82%, 0, 63, 5, 1.90, 18, 119, 64, 60, 99401, 5502, 0, 0.313, 24, 295
1773327369, 95, 920, 1324, 1227, 1, 12.82%, 0, 63, 5, 0.29, 18, 119, 64, 60, 99401, 5502, 0, 0.313, 24, 295
1773327701, 96, 952, 1324, 1227, 1, 12.82%, 0, 63, 5, 2.18, 18, 119, 64, 60, 99401, 5502, 0, 0.313, 24, 296
1773327759, 96, 952, 1324, 1227, 1, 12.82%, 0, 64, 5, 0.20, 18, 119, 64, 60, 99401, 5502, 0, 0.313, 24, 296
1773327815, 96, 952, 1325, 1228, 1, 12.83%, 0, 64, 5, 0.44, 18, 119, 64, 60, 99401, 5502, 0, 0.313, 24, 296
1773328002, 96, 1011, 1325, 1228, 11, 12.83%, 0, 64, 5, 1.81, 18, 119, 64, 60, 99401, 5502, 0, 0.313, 24, 296
1773328118, 96, 1011, 1326, 1229, 11, 12.83%, 0, 64, 5, 0.79, 18, 119, 64, 60, 99401, 5502, 0, 0.313, 24, 296
1773328364, 96, 1011, 1327, 1230, 11, 12.83%, 0, 64, 5, 1.24, 18, 119, 64, 60, 99401, 5502, 0, 0.313, 24, 296
1773328498, 96, 1011, 1327, 1230, 11, 12.83%, 0, 65, 5, 0.63, 18, 119, 64, 60, 99401, 5502, 0, 0.313, 24, 296
1773328604, 97, 30, 1327, 1229, 2, 12.83%, 0, 65, 5, 0.86, 18, 119, 64, 60, 99401, 5502, 0, 0.313, 24, 296
1773328626, 97, 30, 1328, 1230, 2, 12.83%, 0, 65, 5, 1.15, 18, 119, 64, 60, 99401, 5502, 0, 0.313, 24, 296
1773328662, 97, 30, 1329, 1231, 2, 12.83%, 0, 65, 5, 0.97, 18, 119, 64, 60, 99401, 5502, 0, 0.313, 24, 296
1773328949, 97, 30, 1330, 1232, 2, 12.83%, 0, 65, 5, 0.65, 18, 119, 64, 60, 99401, 5502, 0, 0.313, 24, 299
1773329152, 97, 1089, 1330, 1231, 0, 12.83%, 0, 65, 5, 0.75, 18, 119, 64, 60, 99401, 5502, 0, 0.313, 24, 299
1773329430, 98, 1012, 1330, 1230, 0, 12.83%, 0, 65, 5, 1.33, 18, 119, 64, 60, 99401, 5502, 0, 0.313, 24, 301
1773329508, 98, 1012, 1331, 1231, 0, 12.83%, 0, 65, 5, 2.34, 18, 119, 64, 60, 99401, 5502, 0, 0.313, 24, 301
1773329615, 98, 1012, 1331, 1230, 0, 12.83%, 0, 65, 5, 0.29, 18, 119, 64, 60, 99401, 5502, 0, 0.313, 24, 301
1773330051, 98, 1012, 1331, 1230, 0, 12.83%, 0, 66, 5, 0.26, 18, 119, 64, 60, 99401, 5502, 0, 0.313, 24, 301
1773330497, 98, 1067, 1331, 1230, 0, 12.83%, 0, 66, 5, 2.50, 18, 119, 64, 60, 99401, 5502, 0, 0.313, 24, 301
1773330623, 98, 1105, 1331, 1229, 0, 12.83%, 0, 66, 5, 2.41, 18, 119, 64, 60, 99401, 5502, 0, 0.313, 24, 301
1773330641, 98, 1105, 1332, 1230, 0, 12.83%, 0, 66, 5, 0.26, 18, 119, 64, 60, 99401, 5502, 0, 0.313, 24, 301
1773330825, 99, 951, 1332, 1229, 12, 12.83%, 0, 66, 5, 2.21, 18, 119, 64, 60, 99401, 5502, 0, 0.313, 24, 302
1773330910, 99, 951, 1333, 1230, 12, 12.83%, 0, 66, 5, 2.00, 18, 119, 64, 60, 99401, 5502, 0, 0.313, 24, 302
1773330931, 99, 951, 1334, 1231, 12, 12.83%, 0, 66, 5, 1.39, 18, 119, 64, 60, 99401, 5502, 0, 0.313, 24, 302
1773330948, 99, 951, 1335, 1232, 12, 12.83%, 0, 66, 5, 1.14, 18, 119, 64, 60, 99401, 5502, 0, 0.313, 24, 302
1773330970, 99, 951, 1336, 1233, 12, 12.83%, 0, 66, 5, 1.14, 18, 119, 64, 60, 99401, 5502, 0, 0.313, 24, 302
1773331066, 99, 951, 1337, 1234, 12, 12.83%, 0, 66, 5, 1.02, 18, 119, 64, 60, 99401, 5502, 0, 0.313, 24, 302
1773331133, 99, 951, 1338, 1235, 12, 12.84%, 0, 66, 5, 1.08, 18, 119, 64, 60, 99401, 5502, 0, 0.313, 24, 302
1773331227, 99, 951, 1339, 1236, 12, 12.84%, 0, 66, 5, 1.00, 18, 119, 64, 60, 99401, 5502, 0, 0.313, 24, 302
1773331330, 99, 1157, 1339, 1236, 0, 12.84%, 0, 66, 5, 2.26, 18, 119, 64, 60, 99401, 5502, 0, 0.313, 24, 302
1773331419, 99, 1157, 1340, 1237, 0, 12.84%, 0, 66, 5, 2.25, 18, 119, 64, 60, 99401, 5502, 0, 0.313, 24, 302
1773331440, 99, 1157, 1341, 1238, 0, 12.84%, 0, 66, 5, 2.36, 18, 119, 64, 60, 99401, 5502, 0, 0.313, 24, 302
1773331453, 99, 1157, 1342, 1239, 0, 12.84%, 0, 66, 5, 0.27, 18, 119, 64, 60, 99401, 5502, 0, 0.313, 24, 302
1773331505, 99, 1157, 1342, 1239, 0, 12.84%, 0, 67, 5, 0.20, 18, 119, 64, 60, 99401, 5502, 0, 0.313, 24, 302
1773331544, 99, 1157, 1343, 1240, 0, 12.84%, 0, 67, 5, 0.26, 18, 119, 64, 60, 99401, 5502, 0, 0.313, 24, 302
1773331643, 99, 1157, 1343, 1240, 0, 12.84%, 0, 68, 5, 0.20, 18, 119, 64, 60, 99401, 5502, 0, 0.314, 24, 308
1773331781, 100, 1181, 1343, 1239, 10, 12.84%, 0, 68, 5, 2.30, 18, 119, 64, 60, 99401, 5502, 0, 0.314, 24, 308
1773331843, 101, 961, 1343, 1238, 9, 12.84%, 0, 68, 5, 2.19, 18, 119, 64, 60, 99401, 5502, 0, 0.314, 24, 308
1773332051, 102, 1227, 1343, 1238, 9, 12.84%, 0, 68, 5, 1.64, 18, 119, 64, 60, 99401, 5502, 0, 0.314, 24, 308
1773332607, 103, 1129, 1343, 1238, 9, 12.84%, 0, 68, 5, 1.00, 18, 119, 64, 60, 99401, 5502, 0, 0.314, 24, 313
1773332618, 103, 1129, 1344, 1239, 9, 12.84%, 0, 68, 5, 1.12, 18, 119, 64, 60, 99401, 5502, 0, 0.314, 24, 313
1773332805, 103, 1129, 1345, 1240, 9, 12.84%, 0, 68, 5, 0.25, 18, 119, 64, 60, 99401, 5502, 0, 0.314, 24, 313
1773332861, 103, 1129, 1345, 1240, 9, 12.84%, 0, 69, 5, 0.43, 18, 119, 64, 60, 99401, 5502, 0, 0.315, 24, 318
1773332915, 103, 1129, 1346, 1241, 9, 12.84%, 0, 69, 5, 2.39, 18, 119, 64, 60, 99401, 5502, 0, 0.315, 24, 318
1773332976, 103, 1129, 1347, 1242, 9, 12.84%, 0, 69, 5, 2.16, 18, 119, 64, 60, 99401, 5502, 0, 0.315, 24, 318
1773332997, 103, 1129, 1348, 1243, 9, 12.84%, 0, 69, 5, 2.39, 18, 119, 64, 60, 99401, 5502, 0, 0.315, 24, 318
1773333029, 103, 1129, 1349, 1244, 9, 12.84%, 0, 69, 5, 2.10, 18, 119, 64, 60, 99401, 5502, 0, 0.315, 24, 318
1773333101, 103, 1129, 1350, 1245, 9, 12.84%, 0, 69, 5, 2.14, 18, 119, 64, 60, 99401, 5502, 0, 0.315, 24, 318
1773333224, 103, 1205, 1350, 1244, 10, 12.84%, 0, 69, 5, 2.30, 18, 119, 64, 60, 99401, 5502, 0, 0.315, 24, 323
1773333318, 104, 1014, 1350, 1243, 9, 12.84%, 0, 69, 5, 2.16, 18, 119, 64, 60, 99401, 5502, 0, 0.315, 24, 323
1773333894, 105, 36, 1350, 1243, 9, 12.84%, 0, 69, 5, 0.67, 18, 119, 64, 60, 99401, 5502, 0, 0.315, 24, 327
1773333921, 105, 36, 1351, 1244, 9, 12.84%, 0, 69, 5, 0.88, 18, 119, 64, 60, 99401, 5502, 0, 0.315, 24, 327
1773334298, 105, 36, 1352, 1245, 9, 12.84%, 0, 69, 5, 0.87, 18, 119, 64, 60, 99401, 5502, 0, 0.315, 24, 327
1773334328, 105, 36, 1353, 1246, 9, 12.84%, 0, 69, 5, 0.80, 18, 119, 64, 60, 99401, 5502, 0, 0.315, 24, 327
1773334456, 105, 973, 1353, 1245, 8, 12.84%, 0, 69, 5, 0.98, 18, 119, 64, 60, 99401, 5502, 0, 0.315, 24, 327
1773334715, 105, 1207, 1354, 1246, 8, 12.84%, 0, 69, 5, 1.79, 18, 119, 64, 60, 99401, 5502, 0, 0.315, 24, 327
1773334825, 105, 1227, 1354, 1245, 7, 12.84%, 0, 69, 5, 2.44, 18, 119, 64, 60, 99401, 5502, 0, 0.314, 25, 333
1773334930, 106, 952, 1354, 1245, 7, 12.84%, 0, 69, 5, 2.40, 18, 119, 64, 60, 99401, 5502, 0, 0.314, 25, 333
1773334968, 107, 57, 1354, 1245, 7, 12.84%, 0, 69, 5, 2.03, 18, 119, 64, 60, 99401, 5502, 0, 0.314, 25, 333
1773335021, 107, 57, 1355, 1246, 7, 12.84%, 0, 69, 5, 1.09, 18, 119, 64, 60, 99401, 5502, 0, 0.314, 25, 333
1773335158, 107, 57, 1355, 1246, 7, 12.84%, 0, 70, 5, 0.85, 18, 119, 64, 60, 99401, 5502, 0, 0.314, 25, 333
1773335430, 107, 1100, 1355, 1245, 6, 12.84%, 0, 70, 5, 0.79, 18, 119, 64, 60, 99401, 5502, 0, 0.314, 27, 341
1773335459, 107, 1100, 1355, 1245, 6, 12.84%, 0, 71, 5, 0.82, 18, 119, 64, 60, 99401, 5502, 0, 0.314, 27, 341
1773335505, 107, 1100, 1356, 1246, 6, 12.86%, 0, 71, 5, 0.99, 18, 119, 64, 60, 99401, 5502, 0, 0.314, 27, 341
1773335676, 107, 1100, 1357, 1247, 6, 12.86%, 0, 71, 5, 2.13, 18, 119, 64, 60, 99401, 5502, 0, 0.314, 27, 341
1773335735, 107, 1100, 1357, 1247, 6, 12.86%, 0, 72, 5, 0.20, 18, 119, 64, 60, 99401, 5502, 0, 0.314, 27, 341
1773335880, 107, 1259, 1357, 1246, 5, 12.86%, 0, 72, 5, 1.97, 18, 119, 64, 60, 99401, 5502, 0, 0.314, 27, 341
1773335964, 108, 1260, 1357, 1246, 5, 12.86%, 0, 72, 5, 2.29, 18, 119, 64, 60, 99401, 5502, 0, 0.314, 27, 341
1773336040, 108, 1260, 1357, 1245, 4, 12.86%, 0, 72, 5, 2.06, 18, 119, 64, 60, 99401, 5502, 0, 0.314, 27, 341
1773336118, 108, 1260, 1357, 1245, 4, 12.86%, 0, 73, 5, 0.20, 18, 119, 64, 60, 99401, 5502, 0, 0.314, 27, 341
1773336179, 108, 1260, 1357, 1245, 4, 12.86%, 0, 74, 5, 0.20, 18, 119, 64, 60, 99401, 5502, 0, 0.314, 27, 341
1773336191, 108, 1260, 1357, 1245, 4, 12.86%, 0, 75, 5, 0.20, 18, 119, 64, 60, 99401, 5502, 0, 0.314, 27, 341
1773336197, 108, 1260, 1357, 1245, 4, 12.86%, 0, 76, 5, 0.20, 18, 119, 64, 60, 99401, 5502, 0, 0.314, 27, 341
1773336202, 110, 955, 1357, 1245, 4, 12.86%, 0, 76, 5, 2.24, 18, 119, 64, 60, 99401, 5502, 0, 0.314, 27, 341
1773336207, 110, 955, 1358, 1246, 4, 12.86%, 0, 76, 5, 2.28, 18, 119, 64, 60, 99401, 5502, 0, 0.314, 27, 341
1773336287, 111, 1278, 1358, 1246, 4, 12.87%, 0, 76, 5, 2.06, 18, 119, 64, 60, 99401, 5502, 0, 0.314, 27, 341
1773336392, 111, 1297, 1358, 1246, 4, 12.87%, 0, 76, 5, 2.27, 18, 119, 64, 60, 99401, 5502, 0, 0.314, 27, 341
1773336449, 111, 1297, 1359, 1247, 4, 12.87%, 0, 76, 6, 2.02, 18, 119, 64, 60, 99401, 5502, 0, 0.314, 27, 341
1773336784, 112, 1083, 1359, 1246, 3, 12.87%, 0, 76, 6, 1.83, 18, 119, 64, 60, 99401, 5502, 0, 0.314, 27, 342
1773337130, 112, 1258, 1359, 1246, 3, 12.87%, 0, 76, 6, 0.99, 18, 119, 64, 60, 99401, 5502, 0, 0.314, 27, 345
1773337214, 112, 1258, 1360, 1247, 3, 12.87%, 0, 76, 6, 1.95, 18, 119, 64, 60, 99401, 5502, 0, 0.314, 27, 345
1773337313, 112, 1313, 1360, 1246, 10, 12.87%, 0, 76, 6, 2.02, 18, 119, 64, 60, 99401, 5502, 0, 0.314, 27, 348
1773337415, 112, 1313, 1361, 1247, 10, 12.87%, 0, 76, 6, 2.38, 18, 119, 64, 60, 99401, 5502, 0, 0.314, 27, 348
1773337436, 112, 1313, 1362, 1248, 10, 12.87%, 0, 76, 6, 2.25, 18, 119, 64, 60, 99401, 5502, 0, 0.314, 27, 348
1773337494, 113, 1137, 1362, 1247, 9, 12.87%, 0, 76, 6, 2.22, 18, 119, 64, 60, 99401, 5502, 0, 0.314, 27, 348
1773337677, 113, 1137, 1363, 1248, 9, 12.87%, 0, 76, 6, 1.87, 18, 119, 64, 60, 99401, 5502, 0, 0.314, 27, 349
1773337743, 113, 1137, 1364, 1249, 9, 12.87%, 0, 76, 6, 0.22, 18, 119, 64, 60, 99401, 5502, 0, 0.314, 27, 349
1773337795, 113, 1137, 1365, 1250, 9, 12.87%, 0, 76, 6, 2.06, 18, 119, 64, 60, 99401, 5502, 0, 0.314, 27, 349
1773337861, 113, 1137, 1366, 1251, 9, 12.87%, 0, 76, 6, 1.87, 18, 119, 64, 60, 99401, 5502, 0, 0.314, 27, 349
1773337889, 114, 59, 1366, 1250, 3, 12.87%, 0, 76, 6, 1.61, 18, 119, 64, 60, 99401, 5502, 0, 0.314, 27, 349
1773338098, 114, 59, 1367, 1251, 3, 12.87%, 0, 76, 6, 1.59, 18, 119, 64, 60, 99401, 5502, 0, 0.313, 28, 353
1773338217, 114, 1358, 1367, 1251, 3, 12.87%, 0, 76, 6, 1.30, 18, 119, 64, 60, 99401, 5502, 0, 0.313, 28, 353
1773338463, 115, 1318, 1367, 1250, 2, 12.87%, 0, 76, 6, 2.27, 18, 119, 64, 60, 99401, 5502, 0, 0.314, 30, 357
1773338505, 115, 1318, 1368, 1251, 2, 12.87%, 0, 76, 6, 2.19, 18, 119, 64, 60, 99401, 5502, 0, 0.314, 30, 357
1773338578, 115, 1318, 1369, 1252, 2, 12.87%, 0, 76, 6, 2.11, 18, 119, 64, 60, 99401, 5502, 0, 0.314, 30, 357
1773338679, 115, 1318, 1370, 1253, 2, 12.87%, 0, 76, 6, 2.26, 18, 119, 64, 60, 99401, 5502, 0, 0.314, 30, 358
1773338736, 115, 1318, 1371, 1254, 2, 12.87%, 0, 76, 6, 2.25, 18, 119, 64, 60, 99401, 5502, 0, 0.314, 30, 358
1773338915, 116, 1264, 1371, 1253, 0, 12.87%, 0, 76, 6, 0.35, 18, 119, 64, 60, 99401, 5502, 0, 0.314, 30, 359
1773339286, 116, 1264, 1372, 1254, 0, 12.87%, 0, 76, 6, 2.61, 18, 119, 64, 60, 99401, 5502, 0, 0.314, 30, 359
1773339296, 116, 1264, 1373, 1255, 0, 12.87%, 0, 76, 6, 2.52, 18, 119, 64, 60, 99401, 5502, 0, 0.314, 30, 359
1773339489, 117, 1137, 1373, 1254, 10, 12.87%, 0, 76, 6, 0.37, 18, 119, 64, 60, 99401, 5502, 0, 0.314, 30, 364
1773339647, 117, 1137, 1374, 1255, 10, 12.87%, 0, 76, 6, 2.14, 18, 119, 64, 60, 99401, 5502, 0, 0.314, 30, 364
1773339861, 118, 1368, 1374, 1255, 10, 12.87%, 0, 76, 6, 1.90, 18, 119, 64, 60, 99401, 5502, 0, 0.314, 30, 364
1773340009, 118, 1368, 1375, 1256, 10, 12.87%, 0, 76, 6, 2.25, 18, 119, 64, 60, 99401, 5502, 0, 0.314, 30, 364
1773340024, 118, 1368, 1376, 1257, 10, 12.87%, 0, 76, 6, 2.52, 18, 119, 64, 60, 99401, 5502, 0, 0.314, 30, 364
1773340154, 118, 1368, 1377, 1258, 10, 12.87%, 0, 76, 6, 2.32, 18, 119, 64, 60, 99401, 5502, 0, 0.314, 30, 364
1773340175, 118, 1368, 1378, 1259, 10, 12.87%, 0, 76, 6, 2.44, 18, 119, 64, 60, 99401, 5502, 0, 0.314, 30, 364
1773340185, 118, 1368, 1379, 1260, 10, 12.87%, 0, 76, 6, 2.29, 18, 119, 64, 60, 99401, 5502, 0, 0.314, 30, 364
1773340201, 118, 1368, 1380, 1261, 10, 12.88%, 0, 76, 6, 2.36, 18, 119, 64, 60, 99401, 5502, 0, 0.314, 30, 364
1773340227, 118, 1368, 1381, 1262, 10, 12.88%, 0, 76, 6, 2.44, 18, 119, 64, 60, 99401, 5502, 0, 0.314, 30, 364
1773340306, 119, 57, 1381, 1261, 9, 12.88%, 0, 76, 6, 2.11, 18, 119, 64, 60, 99401, 5502, 0, 0.314, 30, 364
1773340348, 119, 57, 1382, 1262, 9, 12.88%, 0, 76, 6, 2.40, 18, 119, 64, 60, 99401, 5502, 0, 0.314, 30, 364
1773340391, 119, 57, 1383, 1263, 9, 12.88%, 0, 76, 6, 2.01, 18, 119, 64, 60, 99401, 5502, 0, 0.314, 30, 364
1773340462, 119, 57, 1384, 1264, 9, 12.88%, 0, 76, 6, 2.21, 18, 119, 64, 60, 99401, 5502, 0, 0.315, 30, 367
1773340505, 119, 1014, 1384, 1264, 9, 12.88%, 0, 76, 6, 2.33, 18, 119, 64, 60, 99401, 5502, 0, 0.315, 30, 367
1773341133, 120, 953, 1385, 1265, 9, 12.88%, 0, 76, 6, 2.43, 18, 119, 64, 60, 99401, 5502, 0, 0.315, 30, 367
1773341349, 120, 955, 1386, 1265, 15, 12.88%, 0, 76, 6, 2.47, 18, 119, 64, 60, 99401, 5502, 0, 0.315, 30, 368
1773341369, 120, 955, 1387, 1266, 15, 12.88%, 0, 76, 6, 2.61, 18, 119, 64, 60, 99401, 5502, 0, 0.315, 30, 368
1773341568, 121, 802, 1387, 1266, 3, 12.89%, 0, 76, 6, 2.17, 18, 119, 64, 60, 99401, 5502, 0, 0.315, 30, 369
1773341579, 121, 802, 1388, 1267, 3, 12.89%, 0, 76, 6, 1.61, 18, 119, 64, 60, 99401, 5502, 0, 0.315, 30, 369
1773341636, 121, 802, 1389, 1268, 3, 12.89%, 0, 76, 6, 0.87, 18, 119, 64, 60, 99401, 5502, 0, 0.315, 30, 369
1773341676, 121, 802, 1390, 1269, 3, 12.89%, 0, 76, 6, 0.87, 18, 119, 64, 60, 99401, 5502, 0, 0.315, 30, 369
1773341699, 121, 802, 1391, 1270, 3, 12.89%, 0, 76, 6, 0.88, 18, 119, 64, 60, 99401, 5502, 0, 0.315, 30, 369
1773341906, 121, 802, 1392, 1271, 3, 12.89%, 0, 76, 6, 0.87, 18, 119, 64, 60, 99401, 5502, 0, 0.315, 30, 370
1773341968, 121, 802, 1393, 1272, 3, 12.89%, 0, 76, 6, 1.03, 18, 119, 64, 60, 99401, 5502, 0, 0.315, 30, 370
1773342045, 121, 802, 1394, 1273, 3, 12.89%, 0, 76, 6, 0.94, 18, 119, 64, 60, 99401, 5502, 0, 0.315, 30, 370
1773342230, 121, 802, 1395, 1274, 3, 12.89%, 0, 76, 6, 0.87, 18, 119, 64, 60, 99401, 5502, 0, 0.315, 30, 370
1773342292, 121, 802, 1396, 1275, 3, 12.89%, 0, 76, 6, 0.91, 18, 119, 64, 60, 99401, 5502, 0, 0.315, 30, 370
1773342314, 121, 802, 1397, 1276, 3, 12.89%, 0, 76, 6, 0.89, 18, 119, 64, 60, 99401, 5502, 0, 0.315, 30, 370
1773342507, 121, 802, 1398, 1277, 3, 12.89%, 0, 76, 6, 0.80, 18, 119, 64, 60, 99401, 5502, 0, 0.315, 30, 370
1773342627, 121, 802, 1399, 1278, 3, 12.89%, 0, 76, 6, 1.27, 18, 119, 64, 60, 99401, 5502, 0, 0.315, 30, 370
1773342711, 121, 802, 1400, 1279, 3, 12.89%, 0, 76, 6, 1.35, 18, 119, 64, 60, 99401, 5502, 0, 0.315, 30, 370
1773342731, 121, 802, 1401, 1280, 3, 12.89%, 0, 76, 6, 1.30, 18, 119, 64, 60, 99401, 5502, 0, 0.315, 30, 370
1773342771, 121, 1039, 1401, 1279, 6, 12.89%, 0, 76, 6, 1.58, 18, 119, 64, 60, 99401, 5502, 0, 0.315, 30, 370
1773342850, 121, 1039, 1402, 1280, 6, 12.89%, 0, 76, 6, 2.41, 18, 119, 64, 60, 99401, 5502, 0, 0.315, 30, 370
1773342938, 121, 1083, 1402, 1279, 2, 12.89%, 0, 76, 6, 1.99, 18, 119, 64, 60, 99401, 5502, 0, 0.315, 30, 370
1773343248, 122, 1042, 1402, 1279, 2, 12.89%, 0, 76, 6, 1.81, 18, 119, 64, 60, 99401, 5502, 0, 0.315, 30, 374
1773343300, 122, 1042, 1403, 1280, 2, 12.89%, 0, 76, 6, 2.48, 18, 119, 64, 60, 99401, 5502, 0, 0.315, 30, 374
1773343415, 124, 1, 1403, 1280, 2, 12.89%, 0, 76, 6, 2.42, 18, 119, 64, 60, 99401, 5502, 0, 0.315, 30, 378
1773343447, 124, 2, 1403, 1280, 2, 12.89%, 0, 76, 6, 2.38, 18, 119, 64, 60, 99401, 5502, 0, 0.315, 30, 378
1773343478, 124, 1020, 1403, 1280, 2, 12.89%, 0, 76, 6, 0.44, 18, 119, 64, 60, 99401, 5502, 0, 0.315, 30, 378
1773343676, 124, 1020, 1403, 1280, 2, 12.89%, 0, 77, 6, 0.48, 18, 119, 64, 60, 99401, 5502, 0, 0.315, 30, 378
1773343695, 124, 1020, 1404, 1281, 2, 12.89%, 0, 77, 6, 0.49, 18, 119, 64, 60, 99401, 5502, 0, 0.315, 30, 378
1773343749, 124, 1020, 1404, 1281, 2, 12.89%, 0, 78, 6, 0.37, 18, 119, 64, 60, 99401, 5502, 0, 0.315, 30, 378
1773344353, 125, 927, 1404, 1281, 2, 12.89%, 0, 78, 6, 0.46, 18, 119, 64, 60, 99401, 5502, 0, 0.315, 30, 378
1773344359, 125, 927, 1405, 1282, 2, 12.89%, 0, 78, 6, 0.58, 18, 119, 64, 60, 99401, 5502, 0, 0.315, 30, 378
1773344402, 125, 927, 1406, 1283, 2, 12.89%, 0, 78, 6, 0.94, 18, 119, 64, 60, 99401, 5502, 0, 0.315, 30, 378
1773344604, 125, 927, 1407, 1284, 2, 12.89%, 0, 78, 6, 1.08, 18, 119, 64, 60, 99401, 5502, 0, 0.315, 30, 378
1773345329, 126, 59, 1407, 1284, 2, 12.89%, 0, 78, 6, 1.52, 18, 119, 64, 60, 99401, 5502, 0, 0.315, 30, 378
1773345462, 126, 1042, 1407, 1284, 2, 12.89%, 0, 78, 6, 2.13, 18, 119, 64, 60, 99401, 5502, 0, 0.315, 30, 378
1773345641, 126, 1100, 1408, 1285, 2, 12.90%, 0, 78, 6, 1.96, 18, 119, 64, 60, 99401, 5502, 0, 0.315, 30, 378
1773345646, 126, 1100, 1409, 1286, 2, 12.90%, 0, 78, 6, 1.82, 18, 119, 64, 60, 99401, 5502, 0, 0.315, 30, 378
1773345657, 126, 1100, 1410, 1287, 2, 12.90%, 0, 78, 6, 1.51, 18, 119, 64, 60, 99401, 5502, 0, 0.315, 30, 378
1773345775, 126, 1100, 1411, 1288, 2, 12.90%, 0, 78, 6, 1.23, 18, 119, 64, 60, 99401, 5502, 0, 0.315, 30, 379
1773346200, 126, 1100, 1412, 1289, 2, 12.90%, 0, 78, 6, 1.27, 18, 119, 64, 60, 99401, 5502, 0, 0.315, 30, 379
1773346383, 126, 1100, 1413, 1290, 2, 12.90%, 0, 78, 6, 1.24, 18, 119, 64, 60, 99401, 5502, 0, 0.315, 30, 379
1773346415, 126, 1100, 1414, 1291, 2, 12.90%, 0, 78, 6, 1.19, 18, 119, 64, 60, 99401, 5502, 0, 0.315, 30, 379
1773346507, 127, 1020, 1414, 1291, 9, 12.90%, 0, 78, 6, 1.20, 18, 119, 64, 60, 99401, 5502, 0, 0.315, 30, 379
1773347264, 128, 3, 1414, 1291, 9, 12.90%, 0, 78, 6, 2.44, 18, 119, 64, 60, 99401, 5502, 0, 0.315, 30, 386
1773347278, 128, 3, 1415, 1292, 9, 12.90%, 0, 78, 6, 0.30, 18, 119, 64, 60, 99401, 5502, 0, 0.315, 30, 386
1773347311, 128, 3, 1415, 1292, 9, 12.90%, 0, 79, 6, 0.23, 18, 119, 64, 60, 99401, 5502, 0, 0.315, 30, 386
1773347370, 128, 4, 1415, 1292, 8, 12.90%, 0, 79, 6, 2.53, 18, 119, 64, 60, 99401, 5502, 0, 0.315, 30, 386
1773347402, 128, 63, 1415, 1292, 8, 12.90%, 0, 79, 6, 2.30, 18, 119, 64, 60, 99401, 5502, 0, 0.315, 30, 386
1773347528, 128, 63, 1416, 1293, 8, 12.90%, 0, 79, 6, 2.44, 18, 119, 64, 60, 99401, 5502, 0, 0.315, 30, 391
1773347543, 128, 84, 1416, 1293, 8, 12.90%, 0, 79, 6, 2.42, 18, 119, 64, 60, 99401, 5502, 0, 0.315, 30, 391
1773347554, 128, 973, 1416, 1293, 8, 12.90%, 0, 79, 6, 2.40, 18, 119, 64, 60, 99401, 5502, 0, 0.315, 30, 391
