time,subject,fuzzer,run,cov_type,cov
1772685035,pure-ftpd,aflnet,1,l_per,12.9
1772685035,pure-ftpd,aflnet,1,l_abs,839
1772685035,pure-ftpd,aflnet,1,b_per,8.0
1772685035,pure-ftpd,aflnet,1,b_abs,375
1772685035,pure-ftpd,aflnet,1,l_per,14.0
1772685035,pure-ftpd,aflnet,1,l_abs,909
1772685035,pure-ftpd,aflnet,1,b_per,9.1
1772685035,pure-ftpd,aflnet,1,b_abs,429
1772685037,pure-ftpd,aflnet,1,l_per,16.6
1772685037,pure-ftpd,aflnet,1,l_abs,1075
1772685037,pure-ftpd,aflnet,1,b_per,10.9
1772685037,pure-ftpd,aflnet,1,b_abs,513
1772685037,pure-ftpd,aflnet,1,l_per,16.7
1772685037,pure-ftpd,aflnet,1,l_abs,1082
1772685037,pure-ftpd,aflnet,1,b_per,11.0
1772685037,pure-ftpd,aflnet,1,b_abs,519
1772685131,pure-ftpd,aflnet,1,l_per,17.1
1772685131,pure-ftpd,aflnet,1,l_abs,1111
1772685131,pure-ftpd,aflnet,1,b_per,11.4
1772685131,pure-ftpd,aflnet,1,b_abs,537
1772685376,pure-ftpd,aflnet,1,l_per,17.5
1772685376,pure-ftpd,aflnet,1,l_abs,1134
1772685376,pure-ftpd,aflnet,1,b_per,11.6
1772685376,pure-ftpd,aflnet,1,b_abs,546
1772685615,pure-ftpd,aflnet,1,l_per,17.8
1772685615,pure-ftpd,aflnet,1,l_abs,1152
1772685615,pure-ftpd,aflnet,1,b_per,11.8
1772685615,pure-ftpd,aflnet,1,b_abs,557
1772686120,pure-ftpd,aflnet,1,l_per,19.8
1772686120,pure-ftpd,aflnet,1,l_abs,1285
1772686120,pure-ftpd,aflnet,1,b_per,13.4
1772686120,pure-ftpd,aflnet,1,b_abs,631
1772686623,pure-ftpd,aflnet,1,l_per,20.5
1772686623,pure-ftpd,aflnet,1,l_abs,1330
1772686623,pure-ftpd,aflnet,1,b_per,14.0
1772686623,pure-ftpd,aflnet,1,b_abs,659
1772687897,pure-ftpd,aflnet,1,l_per,26.0
1772687897,pure-ftpd,aflnet,1,l_abs,1688
1772687897,pure-ftpd,aflnet,1,b_per,18.1
1772687897,pure-ftpd,aflnet,1,b_abs,853
1772689129,pure-ftpd,aflnet,1,l_per,26.8
1772689129,pure-ftpd,aflnet,1,l_abs,1739
1772689129,pure-ftpd,aflnet,1,b_per,19.0
1772689129,pure-ftpd,aflnet,1,b_abs,894
1772690202,pure-ftpd,aflnet,1,l_per,27.1
1772690202,pure-ftpd,aflnet,1,l_abs,1757
1772690202,pure-ftpd,aflnet,1,b_per,19.2
1772690202,pure-ftpd,aflnet,1,b_abs,902
1772692130,pure-ftpd,aflnet,1,l_per,27.3
1772692130,pure-ftpd,aflnet,1,l_abs,1774
1772692130,pure-ftpd,aflnet,1,b_per,19.4
1772692130,pure-ftpd,aflnet,1,b_abs,915
1772695051,pure-ftpd,aflnet,1,l_per,27.6
1772695051,pure-ftpd,aflnet,1,l_abs,1792
1772695051,pure-ftpd,aflnet,1,b_per,19.9
1772695051,pure-ftpd,aflnet,1,b_abs,936
1772697368,pure-ftpd,aflnet,1,l_per,28.0
1772697368,pure-ftpd,aflnet,1,l_abs,1814
1772697368,pure-ftpd,aflnet,1,b_per,20.2
1772697368,pure-ftpd,aflnet,1,b_abs,952
1772697497,pure-ftpd,aflnet,1,l_per,28.0
1772697497,pure-ftpd,aflnet,1,l_abs,1814
1772697497,pure-ftpd,aflnet,1,b_per,20.2
1772697497,pure-ftpd,aflnet,1,b_abs,952
1772685035,pure-ftpd,aflnet,2,l_per,13.0
1772685035,pure-ftpd,aflnet,2,l_abs,842
1772685035,pure-ftpd,aflnet,2,b_per,8.0
1772685035,pure-ftpd,aflnet,2,b_abs,377
1772685035,pure-ftpd,aflnet,2,l_per,14.0
1772685035,pure-ftpd,aflnet,2,l_abs,909
1772685035,pure-ftpd,aflnet,2,b_per,9.1
1772685035,pure-ftpd,aflnet,2,b_abs,429
1772685037,pure-ftpd,aflnet,2,l_per,16.6
1772685037,pure-ftpd,aflnet,2,l_abs,1075
1772685037,pure-ftpd,aflnet,2,b_per,10.9
1772685037,pure-ftpd,aflnet,2,b_abs,513
1772685037,pure-ftpd,aflnet,2,l_per,16.7
1772685037,pure-ftpd,aflnet,2,l_abs,1082
1772685037,pure-ftpd,aflnet,2,b_per,11.0
1772685037,pure-ftpd,aflnet,2,b_abs,519
1772685129,pure-ftpd,aflnet,2,l_per,17.1
1772685129,pure-ftpd,aflnet,2,l_abs,1111
1772685129,pure-ftpd,aflnet,2,b_per,11.4
1772685129,pure-ftpd,aflnet,2,b_abs,537
1772685271,pure-ftpd,aflnet,2,l_per,17.4
1772685271,pure-ftpd,aflnet,2,l_abs,1127
1772685271,pure-ftpd,aflnet,2,b_per,11.5
1772685271,pure-ftpd,aflnet,2,b_abs,542
1772685663,pure-ftpd,aflnet,2,l_per,17.8
1772685663,pure-ftpd,aflnet,2,l_abs,1156
1772685663,pure-ftpd,aflnet,2,b_per,11.9
1772685663,pure-ftpd,aflnet,2,b_abs,559
1772685948,pure-ftpd,aflnet,2,l_per,17.9
1772685948,pure-ftpd,aflnet,2,l_abs,1160
1772685948,pure-ftpd,aflnet,2,b_per,12.0
1772685948,pure-ftpd,aflnet,2,b_abs,563
1772686436,pure-ftpd,aflnet,2,l_per,18.6
1772686436,pure-ftpd,aflnet,2,l_abs,1203
1772686436,pure-ftpd,aflnet,2,b_per,12.6
1772686436,pure-ftpd,aflnet,2,b_abs,592
1772687701,pure-ftpd,aflnet,2,l_per,18.7
1772687701,pure-ftpd,aflnet,2,l_abs,1211
1772687701,pure-ftpd,aflnet,2,b_per,12.8
1772687701,pure-ftpd,aflnet,2,b_abs,601
1772689153,pure-ftpd,aflnet,2,l_per,24.7
1772689153,pure-ftpd,aflnet,2,l_abs,1605
1772689153,pure-ftpd,aflnet,2,b_per,17.6
1772689153,pure-ftpd,aflnet,2,b_abs,829
1772692556,pure-ftpd,aflnet,2,l_per,26.7
1772692556,pure-ftpd,aflnet,2,l_abs,1730
1772692556,pure-ftpd,aflnet,2,b_per,18.8
1772692556,pure-ftpd,aflnet,2,b_abs,884
1772696513,pure-ftpd,aflnet,2,l_per,27.1
1772696513,pure-ftpd,aflnet,2,l_abs,1759
1772696513,pure-ftpd,aflnet,2,b_per,19.4
1772696513,pure-ftpd,aflnet,2,b_abs,912
1772686224,pure-ftpd,chatafl,1,l_per,13.2
1772686224,pure-ftpd,chatafl,1,l_abs,857
1772686224,pure-ftpd,chatafl,1,b_per,8.2
1772686224,pure-ftpd,chatafl,1,b_abs,387
1772686227,pure-ftpd,chatafl,1,l_per,14.7
1772686227,pure-ftpd,chatafl,1,l_abs,954
1772686227,pure-ftpd,chatafl,1,b_per,9.8
1772686227,pure-ftpd,chatafl,1,b_abs,461
1772686227,pure-ftpd,chatafl,1,l_per,17.2
1772686227,pure-ftpd,chatafl,1,l_abs,1117
1772686227,pure-ftpd,chatafl,1,b_per,11.6
1772686227,pure-ftpd,chatafl,1,b_abs,544
1772686229,pure-ftpd,chatafl,1,l_per,18.2
1772686229,pure-ftpd,chatafl,1,l_abs,1178
1772686229,pure-ftpd,chatafl,1,b_per,12.4
1772686229,pure-ftpd,chatafl,1,b_abs,582
1772686229,pure-ftpd,chatafl,1,l_per,18.6
1772686229,pure-ftpd,chatafl,1,l_abs,1208
1772686229,pure-ftpd,chatafl,1,b_per,12.6
1772686229,pure-ftpd,chatafl,1,b_abs,594
1772686231,pure-ftpd,chatafl,1,l_per,18.7
1772686231,pure-ftpd,chatafl,1,l_abs,1210
1772686231,pure-ftpd,chatafl,1,b_per,12.7
1772686231,pure-ftpd,chatafl,1,b_abs,597
1772686232,pure-ftpd,chatafl,1,l_per,18.7
1772686232,pure-ftpd,chatafl,1,l_abs,1210
1772686232,pure-ftpd,chatafl,1,b_per,12.7
1772686232,pure-ftpd,chatafl,1,b_abs,597
1772686232,pure-ftpd,chatafl,1,l_per,18.7
1772686232,pure-ftpd,chatafl,1,l_abs,1210
1772686232,pure-ftpd,chatafl,1,b_per,12.7
1772686232,pure-ftpd,chatafl,1,b_abs,597
1772686233,pure-ftpd,chatafl,1,l_per,18.7
1772686233,pure-ftpd,chatafl,1,l_abs,1215
1772686233,pure-ftpd,chatafl,1,b_per,12.7
1772686233,pure-ftpd,chatafl,1,b_abs,599
1772686233,pure-ftpd,chatafl,1,l_per,19.3
1772686233,pure-ftpd,chatafl,1,l_abs,1249
1772686233,pure-ftpd,chatafl,1,b_per,13.2
1772686233,pure-ftpd,chatafl,1,b_abs,621
1772686234,pure-ftpd,chatafl,1,l_per,19.3
1772686234,pure-ftpd,chatafl,1,l_abs,1252
1772686234,pure-ftpd,chatafl,1,b_per,13.2
1772686234,pure-ftpd,chatafl,1,b_abs,623
1772686234,pure-ftpd,chatafl,1,l_per,19.3
1772686234,pure-ftpd,chatafl,1,l_abs,1252
1772686234,pure-ftpd,chatafl,1,b_per,13.2
1772686234,pure-ftpd,chatafl,1,b_abs,623
1772686234,pure-ftpd,chatafl,1,l_per,19.3
1772686234,pure-ftpd,chatafl,1,l_abs,1252
1772686234,pure-ftpd,chatafl,1,b_per,13.2
1772686234,pure-ftpd,chatafl,1,b_abs,623
1772686237,pure-ftpd,chatafl,1,l_per,19.3
1772686237,pure-ftpd,chatafl,1,l_abs,1253
1772686237,pure-ftpd,chatafl,1,b_per,13.3
1772686237,pure-ftpd,chatafl,1,b_abs,624
1772686237,pure-ftpd,chatafl,1,l_per,19.4
1772686237,pure-ftpd,chatafl,1,l_abs,1255
1772686237,pure-ftpd,chatafl,1,b_per,13.3
1772686237,pure-ftpd,chatafl,1,b_abs,626
1772686238,pure-ftpd,chatafl,1,l_per,21.3
1772686238,pure-ftpd,chatafl,1,l_abs,1382
1772686238,pure-ftpd,chatafl,1,b_per,14.8
1772686238,pure-ftpd,chatafl,1,b_abs,696
1772686238,pure-ftpd,chatafl,1,l_per,21.3
1772686238,pure-ftpd,chatafl,1,l_abs,1383
1772686238,pure-ftpd,chatafl,1,b_per,14.8
1772686238,pure-ftpd,chatafl,1,b_abs,697
1772686238,pure-ftpd,chatafl,1,l_per,21.3
1772686238,pure-ftpd,chatafl,1,l_abs,1383
1772686238,pure-ftpd,chatafl,1,b_per,14.8
1772686238,pure-ftpd,chatafl,1,b_abs,697
1772686239,pure-ftpd,chatafl,1,l_per,21.5
1772686239,pure-ftpd,chatafl,1,l_abs,1394
1772686239,pure-ftpd,chatafl,1,b_per,14.9
1772686239,pure-ftpd,chatafl,1,b_abs,702
1772686239,pure-ftpd,chatafl,1,l_per,21.9
1772686239,pure-ftpd,chatafl,1,l_abs,1419
1772686239,pure-ftpd,chatafl,1,b_per,15.0
1772686239,pure-ftpd,chatafl,1,b_abs,706
1772686240,pure-ftpd,chatafl,1,l_per,22.2
1772686240,pure-ftpd,chatafl,1,l_abs,1439
1772686240,pure-ftpd,chatafl,1,b_per,15.2
1772686240,pure-ftpd,chatafl,1,b_abs,715
1772686240,pure-ftpd,chatafl,1,l_per,22.3
1772686240,pure-ftpd,chatafl,1,l_abs,1449
1772686240,pure-ftpd,chatafl,1,b_per,15.3
1772686240,pure-ftpd,chatafl,1,b_abs,722
1772686241,pure-ftpd,chatafl,1,l_per,22.3
1772686241,pure-ftpd,chatafl,1,l_abs,1449
1772686241,pure-ftpd,chatafl,1,b_per,15.3
1772686241,pure-ftpd,chatafl,1,b_abs,722
1772686241,pure-ftpd,chatafl,1,l_per,22.6
1772686241,pure-ftpd,chatafl,1,l_abs,1469
1772686241,pure-ftpd,chatafl,1,b_per,15.6
1772686241,pure-ftpd,chatafl,1,b_abs,733
1772686241,pure-ftpd,chatafl,1,l_per,22.7
1772686241,pure-ftpd,chatafl,1,l_abs,1471
1772686241,pure-ftpd,chatafl,1,b_per,15.6
1772686241,pure-ftpd,chatafl,1,b_abs,736
1772686242,pure-ftpd,chatafl,1,l_per,22.7
1772686242,pure-ftpd,chatafl,1,l_abs,1472
1772686242,pure-ftpd,chatafl,1,b_per,15.7
1772686242,pure-ftpd,chatafl,1,b_abs,737
1772686242,pure-ftpd,chatafl,1,l_per,22.9
1772686242,pure-ftpd,chatafl,1,l_abs,1483
1772686242,pure-ftpd,chatafl,1,b_per,15.8
1772686242,pure-ftpd,chatafl,1,b_abs,745
1772686243,pure-ftpd,chatafl,1,l_per,22.9
1772686243,pure-ftpd,chatafl,1,l_abs,1483
1772686243,pure-ftpd,chatafl,1,b_per,15.8
1772686243,pure-ftpd,chatafl,1,b_abs,745
1772686243,pure-ftpd,chatafl,1,l_per,23.0
1772686243,pure-ftpd,chatafl,1,l_abs,1494
1772686243,pure-ftpd,chatafl,1,b_per,16.0
1772686243,pure-ftpd,chatafl,1,b_abs,751
1772686244,pure-ftpd,chatafl,1,l_per,23.0
1772686244,pure-ftpd,chatafl,1,l_abs,1494
1772686244,pure-ftpd,chatafl,1,b_per,16.0
1772686244,pure-ftpd,chatafl,1,b_abs,751
1772686244,pure-ftpd,chatafl,1,l_per,23.0
1772686244,pure-ftpd,chatafl,1,l_abs,1494
1772686244,pure-ftpd,chatafl,1,b_per,16.0
1772686244,pure-ftpd,chatafl,1,b_abs,751
1772686245,pure-ftpd,chatafl,1,l_per,23.1
1772686245,pure-ftpd,chatafl,1,l_abs,1502
1772686245,pure-ftpd,chatafl,1,b_per,16.1
1772686245,pure-ftpd,chatafl,1,b_abs,757
1772686245,pure-ftpd,chatafl,1,l_per,23.1
1772686245,pure-ftpd,chatafl,1,l_abs,1502
1772686245,pure-ftpd,chatafl,1,b_per,16.1
1772686245,pure-ftpd,chatafl,1,b_abs,757
1772686245,pure-ftpd,chatafl,1,l_per,23.1
1772686245,pure-ftpd,chatafl,1,l_abs,1502
1772686245,pure-ftpd,chatafl,1,b_per,16.1
1772686245,pure-ftpd,chatafl,1,b_abs,757
1772686246,pure-ftpd,chatafl,1,l_per,23.1
1772686246,pure-ftpd,chatafl,1,l_abs,1502
1772686246,pure-ftpd,chatafl,1,b_per,16.1
1772686246,pure-ftpd,chatafl,1,b_abs,757
1772686246,pure-ftpd,chatafl,1,l_per,23.1
1772686246,pure-ftpd,chatafl,1,l_abs,1502
1772686246,pure-ftpd,chatafl,1,b_per,16.1
1772686246,pure-ftpd,chatafl,1,b_abs,757
1772686247,pure-ftpd,chatafl,1,l_per,23.1
1772686247,pure-ftpd,chatafl,1,l_abs,1502
1772686247,pure-ftpd,chatafl,1,b_per,16.1
1772686247,pure-ftpd,chatafl,1,b_abs,757
1772686247,pure-ftpd,chatafl,1,l_per,23.2
1772686247,pure-ftpd,chatafl,1,l_abs,1504
1772686247,pure-ftpd,chatafl,1,b_per,16.2
1772686247,pure-ftpd,chatafl,1,b_abs,761
1772686248,pure-ftpd,chatafl,1,l_per,23.2
1772686248,pure-ftpd,chatafl,1,l_abs,1504
1772686248,pure-ftpd,chatafl,1,b_per,16.2
1772686248,pure-ftpd,chatafl,1,b_abs,761
1772686248,pure-ftpd,chatafl,1,l_per,23.2
1772686248,pure-ftpd,chatafl,1,l_abs,1504
1772686248,pure-ftpd,chatafl,1,b_per,16.2
1772686248,pure-ftpd,chatafl,1,b_abs,761
1772686249,pure-ftpd,chatafl,1,l_per,23.2
1772686249,pure-ftpd,chatafl,1,l_abs,1504
1772686249,pure-ftpd,chatafl,1,b_per,16.2
1772686249,pure-ftpd,chatafl,1,b_abs,761
1772686249,pure-ftpd,chatafl,1,l_per,23.2
1772686249,pure-ftpd,chatafl,1,l_abs,1504
1772686249,pure-ftpd,chatafl,1,b_per,16.2
1772686249,pure-ftpd,chatafl,1,b_abs,761
1772686249,pure-ftpd,chatafl,1,l_per,23.2
1772686249,pure-ftpd,chatafl,1,l_abs,1505
1772686249,pure-ftpd,chatafl,1,b_per,16.2
1772686249,pure-ftpd,chatafl,1,b_abs,762
1772686252,pure-ftpd,chatafl,1,l_per,25.0
1772686252,pure-ftpd,chatafl,1,l_abs,1624
1772686252,pure-ftpd,chatafl,1,b_per,17.6
1772686252,pure-ftpd,chatafl,1,b_abs,830
1772686255,pure-ftpd,chatafl,1,l_per,25.0
1772686255,pure-ftpd,chatafl,1,l_abs,1624
1772686255,pure-ftpd,chatafl,1,b_per,17.6
1772686255,pure-ftpd,chatafl,1,b_abs,830
1772686256,pure-ftpd,chatafl,1,l_per,25.2
1772686256,pure-ftpd,chatafl,1,l_abs,1634
1772686256,pure-ftpd,chatafl,1,b_per,17.8
1772686256,pure-ftpd,chatafl,1,b_abs,836
1772686256,pure-ftpd,chatafl,1,l_per,25.2
1772686256,pure-ftpd,chatafl,1,l_abs,1634
1772686256,pure-ftpd,chatafl,1,b_per,17.8
1772686256,pure-ftpd,chatafl,1,b_abs,836
1772686257,pure-ftpd,chatafl,1,l_per,25.2
1772686257,pure-ftpd,chatafl,1,l_abs,1634
1772686257,pure-ftpd,chatafl,1,b_per,17.8
1772686257,pure-ftpd,chatafl,1,b_abs,836
1772686257,pure-ftpd,chatafl,1,l_per,25.2
1772686257,pure-ftpd,chatafl,1,l_abs,1634
1772686257,pure-ftpd,chatafl,1,b_per,17.8
1772686257,pure-ftpd,chatafl,1,b_abs,836
1772686257,pure-ftpd,chatafl,1,l_per,25.2
1772686257,pure-ftpd,chatafl,1,l_abs,1634
1772686257,pure-ftpd,chatafl,1,b_per,17.8
1772686257,pure-ftpd,chatafl,1,b_abs,837
1772686258,pure-ftpd,chatafl,1,l_per,25.2
1772686258,pure-ftpd,chatafl,1,l_abs,1634
1772686258,pure-ftpd,chatafl,1,b_per,17.8
1772686258,pure-ftpd,chatafl,1,b_abs,837
1772686258,pure-ftpd,chatafl,1,l_per,25.2
1772686258,pure-ftpd,chatafl,1,l_abs,1634
1772686258,pure-ftpd,chatafl,1,b_per,17.8
1772686258,pure-ftpd,chatafl,1,b_abs,837
1772686259,pure-ftpd,chatafl,1,l_per,25.2
1772686259,pure-ftpd,chatafl,1,l_abs,1634
1772686259,pure-ftpd,chatafl,1,b_per,17.8
1772686259,pure-ftpd,chatafl,1,b_abs,837
1772686259,pure-ftpd,chatafl,1,l_per,25.2
1772686259,pure-ftpd,chatafl,1,l_abs,1634
1772686259,pure-ftpd,chatafl,1,b_per,17.8
1772686259,pure-ftpd,chatafl,1,b_abs,837
1772686263,pure-ftpd,chatafl,1,l_per,25.2
1772686263,pure-ftpd,chatafl,1,l_abs,1634
1772686263,pure-ftpd,chatafl,1,b_per,17.8
1772686263,pure-ftpd,chatafl,1,b_abs,837
1772686263,pure-ftpd,chatafl,1,l_per,25.2
1772686263,pure-ftpd,chatafl,1,l_abs,1634
1772686263,pure-ftpd,chatafl,1,b_per,17.8
1772686263,pure-ftpd,chatafl,1,b_abs,837
1772686264,pure-ftpd,chatafl,1,l_per,25.2
1772686264,pure-ftpd,chatafl,1,l_abs,1634
1772686264,pure-ftpd,chatafl,1,b_per,17.8
1772686264,pure-ftpd,chatafl,1,b_abs,837
1772686264,pure-ftpd,chatafl,1,l_per,25.2
1772686264,pure-ftpd,chatafl,1,l_abs,1634
1772686264,pure-ftpd,chatafl,1,b_per,17.8
1772686264,pure-ftpd,chatafl,1,b_abs,837
1772686264,pure-ftpd,chatafl,1,l_per,25.2
1772686264,pure-ftpd,chatafl,1,l_abs,1634
1772686264,pure-ftpd,chatafl,1,b_per,17.8
1772686264,pure-ftpd,chatafl,1,b_abs,837
1772686265,pure-ftpd,chatafl,1,l_per,25.2
1772686265,pure-ftpd,chatafl,1,l_abs,1634
1772686265,pure-ftpd,chatafl,1,b_per,17.8
1772686265,pure-ftpd,chatafl,1,b_abs,837
1772686265,pure-ftpd,chatafl,1,l_per,25.2
1772686265,pure-ftpd,chatafl,1,l_abs,1634
1772686265,pure-ftpd,chatafl,1,b_per,17.8
1772686265,pure-ftpd,chatafl,1,b_abs,837
1772686266,pure-ftpd,chatafl,1,l_per,25.2
1772686266,pure-ftpd,chatafl,1,l_abs,1634
1772686266,pure-ftpd,chatafl,1,b_per,17.8
1772686266,pure-ftpd,chatafl,1,b_abs,837
1772686266,pure-ftpd,chatafl,1,l_per,25.2
1772686266,pure-ftpd,chatafl,1,l_abs,1634
1772686266,pure-ftpd,chatafl,1,b_per,17.8
1772686266,pure-ftpd,chatafl,1,b_abs,837
1772686267,pure-ftpd,chatafl,1,l_per,25.2
1772686267,pure-ftpd,chatafl,1,l_abs,1634
1772686267,pure-ftpd,chatafl,1,b_per,17.8
1772686267,pure-ftpd,chatafl,1,b_abs,837
1772686267,pure-ftpd,chatafl,1,l_per,25.2
1772686267,pure-ftpd,chatafl,1,l_abs,1634
1772686267,pure-ftpd,chatafl,1,b_per,17.8
1772686267,pure-ftpd,chatafl,1,b_abs,837
1772686268,pure-ftpd,chatafl,1,l_per,25.2
1772686268,pure-ftpd,chatafl,1,l_abs,1634
1772686268,pure-ftpd,chatafl,1,b_per,17.8
1772686268,pure-ftpd,chatafl,1,b_abs,837
1772686268,pure-ftpd,chatafl,1,l_per,25.2
1772686268,pure-ftpd,chatafl,1,l_abs,1636
1772686268,pure-ftpd,chatafl,1,b_per,17.8
1772686268,pure-ftpd,chatafl,1,b_abs,838
1772686268,pure-ftpd,chatafl,1,l_per,25.3
1772686268,pure-ftpd,chatafl,1,l_abs,1643
1772686268,pure-ftpd,chatafl,1,b_per,17.9
1772686268,pure-ftpd,chatafl,1,b_abs,844
1772686269,pure-ftpd,chatafl,1,l_per,25.3
1772686269,pure-ftpd,chatafl,1,l_abs,1643
1772686269,pure-ftpd,chatafl,1,b_per,17.9
1772686269,pure-ftpd,chatafl,1,b_abs,844
1772686269,pure-ftpd,chatafl,1,l_per,25.3
1772686269,pure-ftpd,chatafl,1,l_abs,1643
1772686269,pure-ftpd,chatafl,1,b_per,17.9
1772686269,pure-ftpd,chatafl,1,b_abs,844
1772686270,pure-ftpd,chatafl,1,l_per,25.3
1772686270,pure-ftpd,chatafl,1,l_abs,1643
1772686270,pure-ftpd,chatafl,1,b_per,17.9
1772686270,pure-ftpd,chatafl,1,b_abs,844
1772686270,pure-ftpd,chatafl,1,l_per,25.3
1772686270,pure-ftpd,chatafl,1,l_abs,1643
1772686270,pure-ftpd,chatafl,1,b_per,17.9
1772686270,pure-ftpd,chatafl,1,b_abs,844
1772686271,pure-ftpd,chatafl,1,l_per,25.4
1772686271,pure-ftpd,chatafl,1,l_abs,1646
1772686271,pure-ftpd,chatafl,1,b_per,17.9
1772686271,pure-ftpd,chatafl,1,b_abs,844
1772686271,pure-ftpd,chatafl,1,l_per,25.4
1772686271,pure-ftpd,chatafl,1,l_abs,1648
1772686271,pure-ftpd,chatafl,1,b_per,18.0
1772686271,pure-ftpd,chatafl,1,b_abs,845
1772686271,pure-ftpd,chatafl,1,l_per,25.4
1772686271,pure-ftpd,chatafl,1,l_abs,1648
1772686271,pure-ftpd,chatafl,1,b_per,18.0
1772686271,pure-ftpd,chatafl,1,b_abs,845
1772686272,pure-ftpd,chatafl,1,l_per,25.4
1772686272,pure-ftpd,chatafl,1,l_abs,1648
1772686272,pure-ftpd,chatafl,1,b_per,18.0
1772686272,pure-ftpd,chatafl,1,b_abs,845
1772686272,pure-ftpd,chatafl,1,l_per,25.4
1772686272,pure-ftpd,chatafl,1,l_abs,1648
1772686272,pure-ftpd,chatafl,1,b_per,18.0
1772686272,pure-ftpd,chatafl,1,b_abs,845
1772686273,pure-ftpd,chatafl,1,l_per,25.4
1772686273,pure-ftpd,chatafl,1,l_abs,1648
1772686273,pure-ftpd,chatafl,1,b_per,18.0
1772686273,pure-ftpd,chatafl,1,b_abs,845
1772686273,pure-ftpd,chatafl,1,l_per,25.4
1772686273,pure-ftpd,chatafl,1,l_abs,1648
1772686273,pure-ftpd,chatafl,1,b_per,18.0
1772686273,pure-ftpd,chatafl,1,b_abs,845
1772686274,pure-ftpd,chatafl,1,l_per,25.4
1772686274,pure-ftpd,chatafl,1,l_abs,1648
1772686274,pure-ftpd,chatafl,1,b_per,18.0
1772686274,pure-ftpd,chatafl,1,b_abs,845
1772686274,pure-ftpd,chatafl,1,l_per,25.4
1772686274,pure-ftpd,chatafl,1,l_abs,1648
1772686274,pure-ftpd,chatafl,1,b_per,18.0
1772686274,pure-ftpd,chatafl,1,b_abs,845
1772686274,pure-ftpd,chatafl,1,l_per,25.4
1772686274,pure-ftpd,chatafl,1,l_abs,1648
1772686274,pure-ftpd,chatafl,1,b_per,18.0
1772686274,pure-ftpd,chatafl,1,b_abs,845
1772686275,pure-ftpd,chatafl,1,l_per,25.4
1772686275,pure-ftpd,chatafl,1,l_abs,1648
1772686275,pure-ftpd,chatafl,1,b_per,18.0
1772686275,pure-ftpd,chatafl,1,b_abs,845
1772686275,pure-ftpd,chatafl,1,l_per,25.4
1772686275,pure-ftpd,chatafl,1,l_abs,1648
1772686275,pure-ftpd,chatafl,1,b_per,18.0
1772686275,pure-ftpd,chatafl,1,b_abs,845
1772686276,pure-ftpd,chatafl,1,l_per,25.4
1772686276,pure-ftpd,chatafl,1,l_abs,1648
1772686276,pure-ftpd,chatafl,1,b_per,18.0
1772686276,pure-ftpd,chatafl,1,b_abs,845
1772686279,pure-ftpd,chatafl,1,l_per,25.4
1772686279,pure-ftpd,chatafl,1,l_abs,1648
1772686279,pure-ftpd,chatafl,1,b_per,18.0
1772686279,pure-ftpd,chatafl,1,b_abs,845
1772686279,pure-ftpd,chatafl,1,l_per,25.4
1772686279,pure-ftpd,chatafl,1,l_abs,1648
1772686279,pure-ftpd,chatafl,1,b_per,18.0
1772686279,pure-ftpd,chatafl,1,b_abs,845
1772686280,pure-ftpd,chatafl,1,l_per,25.4
1772686280,pure-ftpd,chatafl,1,l_abs,1650
1772686280,pure-ftpd,chatafl,1,b_per,18.0
1772686280,pure-ftpd,chatafl,1,b_abs,846
1772686280,pure-ftpd,chatafl,1,l_per,25.4
1772686280,pure-ftpd,chatafl,1,l_abs,1650
1772686280,pure-ftpd,chatafl,1,b_per,18.0
1772686280,pure-ftpd,chatafl,1,b_abs,846
1772686281,pure-ftpd,chatafl,1,l_per,25.4
1772686281,pure-ftpd,chatafl,1,l_abs,1650
1772686281,pure-ftpd,chatafl,1,b_per,18.0
1772686281,pure-ftpd,chatafl,1,b_abs,846
1772686281,pure-ftpd,chatafl,1,l_per,25.4
1772686281,pure-ftpd,chatafl,1,l_abs,1650
1772686281,pure-ftpd,chatafl,1,b_per,18.0
1772686281,pure-ftpd,chatafl,1,b_abs,846
1772686281,pure-ftpd,chatafl,1,l_per,25.4
1772686281,pure-ftpd,chatafl,1,l_abs,1650
1772686281,pure-ftpd,chatafl,1,b_per,18.0
1772686281,pure-ftpd,chatafl,1,b_abs,846
1772686282,pure-ftpd,chatafl,1,l_per,25.4
1772686282,pure-ftpd,chatafl,1,l_abs,1650
1772686282,pure-ftpd,chatafl,1,b_per,18.0
1772686282,pure-ftpd,chatafl,1,b_abs,846
1772686282,pure-ftpd,chatafl,1,l_per,25.4
1772686282,pure-ftpd,chatafl,1,l_abs,1650
1772686282,pure-ftpd,chatafl,1,b_per,18.0
1772686282,pure-ftpd,chatafl,1,b_abs,846
1772686283,pure-ftpd,chatafl,1,l_per,25.4
1772686283,pure-ftpd,chatafl,1,l_abs,1650
1772686283,pure-ftpd,chatafl,1,b_per,18.0
1772686283,pure-ftpd,chatafl,1,b_abs,846
1772686283,pure-ftpd,chatafl,1,l_per,25.4
1772686283,pure-ftpd,chatafl,1,l_abs,1650
1772686283,pure-ftpd,chatafl,1,b_per,18.0
1772686283,pure-ftpd,chatafl,1,b_abs,846
1772686284,pure-ftpd,chatafl,1,l_per,25.4
1772686284,pure-ftpd,chatafl,1,l_abs,1650
1772686284,pure-ftpd,chatafl,1,b_per,18.0
1772686284,pure-ftpd,chatafl,1,b_abs,846
1772686284,pure-ftpd,chatafl,1,l_per,25.4
1772686284,pure-ftpd,chatafl,1,l_abs,1650
1772686284,pure-ftpd,chatafl,1,b_per,18.0
1772686284,pure-ftpd,chatafl,1,b_abs,846
1772686285,pure-ftpd,chatafl,1,l_per,25.4
1772686285,pure-ftpd,chatafl,1,l_abs,1650
1772686285,pure-ftpd,chatafl,1,b_per,18.0
1772686285,pure-ftpd,chatafl,1,b_abs,846
1772686285,pure-ftpd,chatafl,1,l_per,25.4
1772686285,pure-ftpd,chatafl,1,l_abs,1650
1772686285,pure-ftpd,chatafl,1,b_per,18.0
1772686285,pure-ftpd,chatafl,1,b_abs,846
1772686286,pure-ftpd,chatafl,1,l_per,25.4
1772686286,pure-ftpd,chatafl,1,l_abs,1650
1772686286,pure-ftpd,chatafl,1,b_per,18.0
1772686286,pure-ftpd,chatafl,1,b_abs,846
1772686286,pure-ftpd,chatafl,1,l_per,25.4
1772686286,pure-ftpd,chatafl,1,l_abs,1650
1772686286,pure-ftpd,chatafl,1,b_per,18.0
1772686286,pure-ftpd,chatafl,1,b_abs,846
1772686286,pure-ftpd,chatafl,1,l_per,25.4
1772686286,pure-ftpd,chatafl,1,l_abs,1650
1772686286,pure-ftpd,chatafl,1,b_per,18.0
1772686286,pure-ftpd,chatafl,1,b_abs,846
1772686287,pure-ftpd,chatafl,1,l_per,25.4
1772686287,pure-ftpd,chatafl,1,l_abs,1650
1772686287,pure-ftpd,chatafl,1,b_per,18.0
1772686287,pure-ftpd,chatafl,1,b_abs,846
1772686287,pure-ftpd,chatafl,1,l_per,25.4
1772686287,pure-ftpd,chatafl,1,l_abs,1650
1772686287,pure-ftpd,chatafl,1,b_per,18.0
1772686287,pure-ftpd,chatafl,1,b_abs,846
1772686288,pure-ftpd,chatafl,1,l_per,25.4
1772686288,pure-ftpd,chatafl,1,l_abs,1650
1772686288,pure-ftpd,chatafl,1,b_per,18.0
1772686288,pure-ftpd,chatafl,1,b_abs,846
1772686288,pure-ftpd,chatafl,1,l_per,25.4
1772686288,pure-ftpd,chatafl,1,l_abs,1650
1772686288,pure-ftpd,chatafl,1,b_per,18.0
1772686288,pure-ftpd,chatafl,1,b_abs,846
1772686289,pure-ftpd,chatafl,1,l_per,25.4
1772686289,pure-ftpd,chatafl,1,l_abs,1650
1772686289,pure-ftpd,chatafl,1,b_per,18.0
1772686289,pure-ftpd,chatafl,1,b_abs,846
1772686289,pure-ftpd,chatafl,1,l_per,25.4
1772686289,pure-ftpd,chatafl,1,l_abs,1650
1772686289,pure-ftpd,chatafl,1,b_per,18.0
1772686289,pure-ftpd,chatafl,1,b_abs,846
1772686291,pure-ftpd,chatafl,1,l_per,25.4
1772686291,pure-ftpd,chatafl,1,l_abs,1650
1772686291,pure-ftpd,chatafl,1,b_per,18.0
1772686291,pure-ftpd,chatafl,1,b_abs,846
1772686292,pure-ftpd,chatafl,1,l_per,25.4
1772686292,pure-ftpd,chatafl,1,l_abs,1650
1772686292,pure-ftpd,chatafl,1,b_per,18.0
1772686292,pure-ftpd,chatafl,1,b_abs,847
1772686292,pure-ftpd,chatafl,1,l_per,25.4
1772686292,pure-ftpd,chatafl,1,l_abs,1650
1772686292,pure-ftpd,chatafl,1,b_per,18.0
1772686292,pure-ftpd,chatafl,1,b_abs,847
1772686293,pure-ftpd,chatafl,1,l_per,25.4
1772686293,pure-ftpd,chatafl,1,l_abs,1650
1772686293,pure-ftpd,chatafl,1,b_per,18.0
1772686293,pure-ftpd,chatafl,1,b_abs,847
1772686293,pure-ftpd,chatafl,1,l_per,25.4
1772686293,pure-ftpd,chatafl,1,l_abs,1650
1772686293,pure-ftpd,chatafl,1,b_per,18.0
1772686293,pure-ftpd,chatafl,1,b_abs,847
1772686294,pure-ftpd,chatafl,1,l_per,25.4
1772686294,pure-ftpd,chatafl,1,l_abs,1650
1772686294,pure-ftpd,chatafl,1,b_per,18.0
1772686294,pure-ftpd,chatafl,1,b_abs,847
1772686294,pure-ftpd,chatafl,1,l_per,25.4
1772686294,pure-ftpd,chatafl,1,l_abs,1650
1772686294,pure-ftpd,chatafl,1,b_per,18.0
1772686294,pure-ftpd,chatafl,1,b_abs,847
1772686295,pure-ftpd,chatafl,1,l_per,25.4
1772686295,pure-ftpd,chatafl,1,l_abs,1650
1772686295,pure-ftpd,chatafl,1,b_per,18.0
1772686295,pure-ftpd,chatafl,1,b_abs,847
1772686295,pure-ftpd,chatafl,1,l_per,25.4
1772686295,pure-ftpd,chatafl,1,l_abs,1650
1772686295,pure-ftpd,chatafl,1,b_per,18.0
1772686295,pure-ftpd,chatafl,1,b_abs,847
1772686296,pure-ftpd,chatafl,1,l_per,25.4
1772686296,pure-ftpd,chatafl,1,l_abs,1650
1772686296,pure-ftpd,chatafl,1,b_per,18.0
1772686296,pure-ftpd,chatafl,1,b_abs,847
1772686296,pure-ftpd,chatafl,1,l_per,25.4
1772686296,pure-ftpd,chatafl,1,l_abs,1650
1772686296,pure-ftpd,chatafl,1,b_per,18.0
1772686296,pure-ftpd,chatafl,1,b_abs,847
1772686297,pure-ftpd,chatafl,1,l_per,25.4
1772686297,pure-ftpd,chatafl,1,l_abs,1650
1772686297,pure-ftpd,chatafl,1,b_per,18.0
1772686297,pure-ftpd,chatafl,1,b_abs,847
1772686297,pure-ftpd,chatafl,1,l_per,25.6
1772686297,pure-ftpd,chatafl,1,l_abs,1663
1772686297,pure-ftpd,chatafl,1,b_per,18.1
1772686297,pure-ftpd,chatafl,1,b_abs,850
1772686297,pure-ftpd,chatafl,1,l_per,25.6
1772686297,pure-ftpd,chatafl,1,l_abs,1663
1772686297,pure-ftpd,chatafl,1,b_per,18.1
1772686297,pure-ftpd,chatafl,1,b_abs,850
1772686298,pure-ftpd,chatafl,1,l_per,25.6
1772686298,pure-ftpd,chatafl,1,l_abs,1663
1772686298,pure-ftpd,chatafl,1,b_per,18.1
1772686298,pure-ftpd,chatafl,1,b_abs,850
1772686298,pure-ftpd,chatafl,1,l_per,25.6
1772686298,pure-ftpd,chatafl,1,l_abs,1663
1772686298,pure-ftpd,chatafl,1,b_per,18.1
1772686298,pure-ftpd,chatafl,1,b_abs,850
1772686299,pure-ftpd,chatafl,1,l_per,25.6
1772686299,pure-ftpd,chatafl,1,l_abs,1663
1772686299,pure-ftpd,chatafl,1,b_per,18.1
1772686299,pure-ftpd,chatafl,1,b_abs,850
1772686299,pure-ftpd,chatafl,1,l_per,25.6
1772686299,pure-ftpd,chatafl,1,l_abs,1663
1772686299,pure-ftpd,chatafl,1,b_per,18.1
1772686299,pure-ftpd,chatafl,1,b_abs,850
1772686300,pure-ftpd,chatafl,1,l_per,25.6
1772686300,pure-ftpd,chatafl,1,l_abs,1663
1772686300,pure-ftpd,chatafl,1,b_per,18.1
1772686300,pure-ftpd,chatafl,1,b_abs,850
1772686300,pure-ftpd,chatafl,1,l_per,25.6
1772686300,pure-ftpd,chatafl,1,l_abs,1663
1772686300,pure-ftpd,chatafl,1,b_per,18.1
1772686300,pure-ftpd,chatafl,1,b_abs,850
1772686301,pure-ftpd,chatafl,1,l_per,25.6
1772686301,pure-ftpd,chatafl,1,l_abs,1663
1772686301,pure-ftpd,chatafl,1,b_per,18.1
1772686301,pure-ftpd,chatafl,1,b_abs,850
1772686301,pure-ftpd,chatafl,1,l_per,25.6
1772686301,pure-ftpd,chatafl,1,l_abs,1663
1772686301,pure-ftpd,chatafl,1,b_per,18.1
1772686301,pure-ftpd,chatafl,1,b_abs,850
1772686301,pure-ftpd,chatafl,1,l_per,25.6
1772686301,pure-ftpd,chatafl,1,l_abs,1663
1772686301,pure-ftpd,chatafl,1,b_per,18.1
1772686301,pure-ftpd,chatafl,1,b_abs,850
1772686302,pure-ftpd,chatafl,1,l_per,25.6
1772686302,pure-ftpd,chatafl,1,l_abs,1663
1772686302,pure-ftpd,chatafl,1,b_per,18.1
1772686302,pure-ftpd,chatafl,1,b_abs,850
1772686302,pure-ftpd,chatafl,1,l_per,25.6
1772686302,pure-ftpd,chatafl,1,l_abs,1663
1772686302,pure-ftpd,chatafl,1,b_per,18.1
1772686302,pure-ftpd,chatafl,1,b_abs,850
1772686303,pure-ftpd,chatafl,1,l_per,25.6
1772686303,pure-ftpd,chatafl,1,l_abs,1663
1772686303,pure-ftpd,chatafl,1,b_per,18.1
1772686303,pure-ftpd,chatafl,1,b_abs,850
1772686303,pure-ftpd,chatafl,1,l_per,25.6
1772686303,pure-ftpd,chatafl,1,l_abs,1663
1772686303,pure-ftpd,chatafl,1,b_per,18.1
1772686303,pure-ftpd,chatafl,1,b_abs,850
1772686306,pure-ftpd,chatafl,1,l_per,25.6
1772686306,pure-ftpd,chatafl,1,l_abs,1663
1772686306,pure-ftpd,chatafl,1,b_per,18.1
1772686306,pure-ftpd,chatafl,1,b_abs,850
1772686307,pure-ftpd,chatafl,1,l_per,25.6
1772686307,pure-ftpd,chatafl,1,l_abs,1663
1772686307,pure-ftpd,chatafl,1,b_per,18.1
1772686307,pure-ftpd,chatafl,1,b_abs,850
1772686307,pure-ftpd,chatafl,1,l_per,25.6
1772686307,pure-ftpd,chatafl,1,l_abs,1663
1772686307,pure-ftpd,chatafl,1,b_per,18.1
1772686307,pure-ftpd,chatafl,1,b_abs,850
1772686308,pure-ftpd,chatafl,1,l_per,25.6
1772686308,pure-ftpd,chatafl,1,l_abs,1663
1772686308,pure-ftpd,chatafl,1,b_per,18.1
1772686308,pure-ftpd,chatafl,1,b_abs,850
1772686308,pure-ftpd,chatafl,1,l_per,25.7
1772686308,pure-ftpd,chatafl,1,l_abs,1669
1772686308,pure-ftpd,chatafl,1,b_per,18.1
1772686308,pure-ftpd,chatafl,1,b_abs,853
1772686309,pure-ftpd,chatafl,1,l_per,25.7
1772686309,pure-ftpd,chatafl,1,l_abs,1669
1772686309,pure-ftpd,chatafl,1,b_per,18.1
1772686309,pure-ftpd,chatafl,1,b_abs,853
1772686309,pure-ftpd,chatafl,1,l_per,25.7
1772686309,pure-ftpd,chatafl,1,l_abs,1670
1772686309,pure-ftpd,chatafl,1,b_per,18.2
1772686309,pure-ftpd,chatafl,1,b_abs,855
1772686310,pure-ftpd,chatafl,1,l_per,25.7
1772686310,pure-ftpd,chatafl,1,l_abs,1670
1772686310,pure-ftpd,chatafl,1,b_per,18.2
1772686310,pure-ftpd,chatafl,1,b_abs,855
1772686312,pure-ftpd,chatafl,1,l_per,25.7
1772686312,pure-ftpd,chatafl,1,l_abs,1670
1772686312,pure-ftpd,chatafl,1,b_per,18.2
1772686312,pure-ftpd,chatafl,1,b_abs,855
1772686313,pure-ftpd,chatafl,1,l_per,25.7
1772686313,pure-ftpd,chatafl,1,l_abs,1670
1772686313,pure-ftpd,chatafl,1,b_per,18.2
1772686313,pure-ftpd,chatafl,1,b_abs,855
1772686313,pure-ftpd,chatafl,1,l_per,25.7
1772686313,pure-ftpd,chatafl,1,l_abs,1670
1772686313,pure-ftpd,chatafl,1,b_per,18.2
1772686313,pure-ftpd,chatafl,1,b_abs,855
1772686314,pure-ftpd,chatafl,1,l_per,25.7
1772686314,pure-ftpd,chatafl,1,l_abs,1670
1772686314,pure-ftpd,chatafl,1,b_per,18.2
1772686314,pure-ftpd,chatafl,1,b_abs,855
1772686314,pure-ftpd,chatafl,1,l_per,25.7
1772686314,pure-ftpd,chatafl,1,l_abs,1670
1772686314,pure-ftpd,chatafl,1,b_per,18.2
1772686314,pure-ftpd,chatafl,1,b_abs,856
1772686315,pure-ftpd,chatafl,1,l_per,25.7
1772686315,pure-ftpd,chatafl,1,l_abs,1670
1772686315,pure-ftpd,chatafl,1,b_per,18.2
1772686315,pure-ftpd,chatafl,1,b_abs,856
1772686315,pure-ftpd,chatafl,1,l_per,25.7
1772686315,pure-ftpd,chatafl,1,l_abs,1670
1772686315,pure-ftpd,chatafl,1,b_per,18.2
1772686315,pure-ftpd,chatafl,1,b_abs,856
1772686316,pure-ftpd,chatafl,1,l_per,25.7
1772686316,pure-ftpd,chatafl,1,l_abs,1670
1772686316,pure-ftpd,chatafl,1,b_per,18.2
1772686316,pure-ftpd,chatafl,1,b_abs,856
1772686316,pure-ftpd,chatafl,1,l_per,25.7
1772686316,pure-ftpd,chatafl,1,l_abs,1670
1772686316,pure-ftpd,chatafl,1,b_per,18.2
1772686316,pure-ftpd,chatafl,1,b_abs,856
1772686317,pure-ftpd,chatafl,1,l_per,25.7
1772686317,pure-ftpd,chatafl,1,l_abs,1670
1772686317,pure-ftpd,chatafl,1,b_per,18.2
1772686317,pure-ftpd,chatafl,1,b_abs,856
1772686317,pure-ftpd,chatafl,1,l_per,25.7
1772686317,pure-ftpd,chatafl,1,l_abs,1670
1772686317,pure-ftpd,chatafl,1,b_per,18.2
1772686317,pure-ftpd,chatafl,1,b_abs,856
1772686318,pure-ftpd,chatafl,1,l_per,25.7
1772686318,pure-ftpd,chatafl,1,l_abs,1670
1772686318,pure-ftpd,chatafl,1,b_per,18.2
1772686318,pure-ftpd,chatafl,1,b_abs,856
1772686318,pure-ftpd,chatafl,1,l_per,25.7
1772686318,pure-ftpd,chatafl,1,l_abs,1670
1772686318,pure-ftpd,chatafl,1,b_per,18.2
1772686318,pure-ftpd,chatafl,1,b_abs,856
1772686319,pure-ftpd,chatafl,1,l_per,25.7
1772686319,pure-ftpd,chatafl,1,l_abs,1670
1772686319,pure-ftpd,chatafl,1,b_per,18.2
1772686319,pure-ftpd,chatafl,1,b_abs,856
1772686319,pure-ftpd,chatafl,1,l_per,25.7
1772686319,pure-ftpd,chatafl,1,l_abs,1670
1772686319,pure-ftpd,chatafl,1,b_per,18.2
1772686319,pure-ftpd,chatafl,1,b_abs,856
1772686319,pure-ftpd,chatafl,1,l_per,25.7
1772686319,pure-ftpd,chatafl,1,l_abs,1670
1772686319,pure-ftpd,chatafl,1,b_per,18.2
1772686319,pure-ftpd,chatafl,1,b_abs,856
1772686320,pure-ftpd,chatafl,1,l_per,25.7
1772686320,pure-ftpd,chatafl,1,l_abs,1670
1772686320,pure-ftpd,chatafl,1,b_per,18.2
1772686320,pure-ftpd,chatafl,1,b_abs,856
1772686320,pure-ftpd,chatafl,1,l_per,25.7
1772686320,pure-ftpd,chatafl,1,l_abs,1670
1772686320,pure-ftpd,chatafl,1,b_per,18.2
1772686320,pure-ftpd,chatafl,1,b_abs,856
1772686321,pure-ftpd,chatafl,1,l_per,25.7
1772686321,pure-ftpd,chatafl,1,l_abs,1670
1772686321,pure-ftpd,chatafl,1,b_per,18.2
1772686321,pure-ftpd,chatafl,1,b_abs,856
1772686321,pure-ftpd,chatafl,1,l_per,25.7
1772686321,pure-ftpd,chatafl,1,l_abs,1670
1772686321,pure-ftpd,chatafl,1,b_per,18.2
1772686321,pure-ftpd,chatafl,1,b_abs,856
1772686322,pure-ftpd,chatafl,1,l_per,25.7
1772686322,pure-ftpd,chatafl,1,l_abs,1670
1772686322,pure-ftpd,chatafl,1,b_per,18.2
1772686322,pure-ftpd,chatafl,1,b_abs,856
1772686322,pure-ftpd,chatafl,1,l_per,25.7
1772686322,pure-ftpd,chatafl,1,l_abs,1670
1772686322,pure-ftpd,chatafl,1,b_per,18.2
1772686322,pure-ftpd,chatafl,1,b_abs,856
1772686323,pure-ftpd,chatafl,1,l_per,25.7
1772686323,pure-ftpd,chatafl,1,l_abs,1670
1772686323,pure-ftpd,chatafl,1,b_per,18.2
1772686323,pure-ftpd,chatafl,1,b_abs,856
1772686323,pure-ftpd,chatafl,1,l_per,25.7
1772686323,pure-ftpd,chatafl,1,l_abs,1670
1772686323,pure-ftpd,chatafl,1,b_per,18.2
1772686323,pure-ftpd,chatafl,1,b_abs,856
1772686324,pure-ftpd,chatafl,1,l_per,25.7
1772686324,pure-ftpd,chatafl,1,l_abs,1670
1772686324,pure-ftpd,chatafl,1,b_per,18.2
1772686324,pure-ftpd,chatafl,1,b_abs,856
1772686324,pure-ftpd,chatafl,1,l_per,25.7
1772686324,pure-ftpd,chatafl,1,l_abs,1670
1772686324,pure-ftpd,chatafl,1,b_per,18.2
1772686324,pure-ftpd,chatafl,1,b_abs,856
1772686325,pure-ftpd,chatafl,1,l_per,25.7
1772686325,pure-ftpd,chatafl,1,l_abs,1670
1772686325,pure-ftpd,chatafl,1,b_per,18.2
1772686325,pure-ftpd,chatafl,1,b_abs,856
1772686325,pure-ftpd,chatafl,1,l_per,25.7
1772686325,pure-ftpd,chatafl,1,l_abs,1670
1772686325,pure-ftpd,chatafl,1,b_per,18.2
1772686325,pure-ftpd,chatafl,1,b_abs,856
1772686325,pure-ftpd,chatafl,1,l_per,25.7
1772686325,pure-ftpd,chatafl,1,l_abs,1670
1772686325,pure-ftpd,chatafl,1,b_per,18.2
1772686325,pure-ftpd,chatafl,1,b_abs,856
1772686326,pure-ftpd,chatafl,1,l_per,25.7
1772686326,pure-ftpd,chatafl,1,l_abs,1670
1772686326,pure-ftpd,chatafl,1,b_per,18.2
1772686326,pure-ftpd,chatafl,1,b_abs,856
1772686326,pure-ftpd,chatafl,1,l_per,25.7
1772686326,pure-ftpd,chatafl,1,l_abs,1670
1772686326,pure-ftpd,chatafl,1,b_per,18.2
1772686326,pure-ftpd,chatafl,1,b_abs,856
1772686327,pure-ftpd,chatafl,1,l_per,25.7
1772686327,pure-ftpd,chatafl,1,l_abs,1670
1772686327,pure-ftpd,chatafl,1,b_per,18.2
1772686327,pure-ftpd,chatafl,1,b_abs,856
1772686327,pure-ftpd,chatafl,1,l_per,25.7
1772686327,pure-ftpd,chatafl,1,l_abs,1670
1772686327,pure-ftpd,chatafl,1,b_per,18.2
1772686327,pure-ftpd,chatafl,1,b_abs,856
1772686328,pure-ftpd,chatafl,1,l_per,25.7
1772686328,pure-ftpd,chatafl,1,l_abs,1670
1772686328,pure-ftpd,chatafl,1,b_per,18.2
1772686328,pure-ftpd,chatafl,1,b_abs,856
1772686328,pure-ftpd,chatafl,1,l_per,25.7
1772686328,pure-ftpd,chatafl,1,l_abs,1670
1772686328,pure-ftpd,chatafl,1,b_per,18.2
1772686328,pure-ftpd,chatafl,1,b_abs,856
1772686329,pure-ftpd,chatafl,1,l_per,25.7
1772686329,pure-ftpd,chatafl,1,l_abs,1670
1772686329,pure-ftpd,chatafl,1,b_per,18.2
1772686329,pure-ftpd,chatafl,1,b_abs,856
1772686329,pure-ftpd,chatafl,1,l_per,25.7
1772686329,pure-ftpd,chatafl,1,l_abs,1670
1772686329,pure-ftpd,chatafl,1,b_per,18.2
1772686329,pure-ftpd,chatafl,1,b_abs,856
1772686329,pure-ftpd,chatafl,1,l_per,25.7
1772686329,pure-ftpd,chatafl,1,l_abs,1670
1772686329,pure-ftpd,chatafl,1,b_per,18.2
1772686329,pure-ftpd,chatafl,1,b_abs,856
1772686330,pure-ftpd,chatafl,1,l_per,25.7
1772686330,pure-ftpd,chatafl,1,l_abs,1670
1772686330,pure-ftpd,chatafl,1,b_per,18.2
1772686330,pure-ftpd,chatafl,1,b_abs,856
1772686330,pure-ftpd,chatafl,1,l_per,25.7
1772686330,pure-ftpd,chatafl,1,l_abs,1670
1772686330,pure-ftpd,chatafl,1,b_per,18.2
1772686330,pure-ftpd,chatafl,1,b_abs,856
1772686248,pure-ftpd,chatafl,1,l_per,25.7
1772686248,pure-ftpd,chatafl,1,l_abs,1671
1772686248,pure-ftpd,chatafl,1,b_per,18.2
1772686248,pure-ftpd,chatafl,1,b_abs,857
1772686274,pure-ftpd,chatafl,1,l_per,25.7
1772686274,pure-ftpd,chatafl,1,l_abs,1671
1772686274,pure-ftpd,chatafl,1,b_per,18.2
1772686274,pure-ftpd,chatafl,1,b_abs,857
1772686296,pure-ftpd,chatafl,1,l_per,25.7
1772686296,pure-ftpd,chatafl,1,l_abs,1671
1772686296,pure-ftpd,chatafl,1,b_per,18.2
1772686296,pure-ftpd,chatafl,1,b_abs,857
1772686319,pure-ftpd,chatafl,1,l_per,25.8
1772686319,pure-ftpd,chatafl,1,l_abs,1675
1772686319,pure-ftpd,chatafl,1,b_per,18.3
1772686319,pure-ftpd,chatafl,1,b_abs,860
1772686368,pure-ftpd,chatafl,1,l_per,25.8
1772686368,pure-ftpd,chatafl,1,l_abs,1676
1772686368,pure-ftpd,chatafl,1,b_per,18.4
1772686368,pure-ftpd,chatafl,1,b_abs,864
1772686589,pure-ftpd,chatafl,1,l_per,28.6
1772686589,pure-ftpd,chatafl,1,l_abs,1858
1772686589,pure-ftpd,chatafl,1,b_per,20.6
1772686589,pure-ftpd,chatafl,1,b_abs,968
1772686873,pure-ftpd,chatafl,1,l_per,28.7
1772686873,pure-ftpd,chatafl,1,l_abs,1861
1772686873,pure-ftpd,chatafl,1,b_per,20.6
1772686873,pure-ftpd,chatafl,1,b_abs,971
1772687408,pure-ftpd,chatafl,1,l_per,29.4
1772687408,pure-ftpd,chatafl,1,l_abs,1907
1772687408,pure-ftpd,chatafl,1,b_per,21.2
1772687408,pure-ftpd,chatafl,1,b_abs,999
1772688162,pure-ftpd,chatafl,1,l_per,29.7
1772688162,pure-ftpd,chatafl,1,l_abs,1928
1772688162,pure-ftpd,chatafl,1,b_per,21.6
1772688162,pure-ftpd,chatafl,1,b_abs,1016
1772688865,pure-ftpd,chatafl,1,l_per,29.9
1772688865,pure-ftpd,chatafl,1,l_abs,1942
1772688865,pure-ftpd,chatafl,1,b_per,21.8
1772688865,pure-ftpd,chatafl,1,b_abs,1027
1772689751,pure-ftpd,chatafl,1,l_per,30.0
1772689751,pure-ftpd,chatafl,1,l_abs,1951
1772689751,pure-ftpd,chatafl,1,b_per,22.0
1772689751,pure-ftpd,chatafl,1,b_abs,1035
1772690670,pure-ftpd,chatafl,1,l_per,30.3
1772690670,pure-ftpd,chatafl,1,l_abs,1970
1772690670,pure-ftpd,chatafl,1,b_per,22.4
1772690670,pure-ftpd,chatafl,1,b_abs,1054
1772692355,pure-ftpd,chatafl,1,l_per,30.5
1772692355,pure-ftpd,chatafl,1,l_abs,1978
1772692355,pure-ftpd,chatafl,1,b_per,22.5
1772692355,pure-ftpd,chatafl,1,b_abs,1060
1772693265,pure-ftpd,chatafl,1,l_per,30.5
1772693265,pure-ftpd,chatafl,1,l_abs,1979
1772693265,pure-ftpd,chatafl,1,b_per,22.6
1772693265,pure-ftpd,chatafl,1,b_abs,1062
1772694606,pure-ftpd,chatafl,1,l_per,30.8
1772694606,pure-ftpd,chatafl,1,l_abs,1997
1772694606,pure-ftpd,chatafl,1,b_per,22.9
1772694606,pure-ftpd,chatafl,1,b_abs,1076
1772695789,pure-ftpd,chatafl,1,l_per,31.5
1772695789,pure-ftpd,chatafl,1,l_abs,2045
1772695789,pure-ftpd,chatafl,1,b_per,23.7
1772695789,pure-ftpd,chatafl,1,b_abs,1115
1772697478,pure-ftpd,chatafl,1,l_per,31.6
1772697478,pure-ftpd,chatafl,1,l_abs,2049
1772697478,pure-ftpd,chatafl,1,b_per,23.8
1772697478,pure-ftpd,chatafl,1,b_abs,1121
1772697633,pure-ftpd,chatafl,1,l_per,31.6
1772697633,pure-ftpd,chatafl,1,l_abs,2049
1772697633,pure-ftpd,chatafl,1,b_per,23.8
1772697633,pure-ftpd,chatafl,1,b_abs,1121
1772686280,pure-ftpd,chatafl,2,l_per,14.4
1772686280,pure-ftpd,chatafl,2,l_abs,935
1772686280,pure-ftpd,chatafl,2,b_per,9.3
1772686280,pure-ftpd,chatafl,2,b_abs,436
1772686280,pure-ftpd,chatafl,2,l_per,15.8
1772686280,pure-ftpd,chatafl,2,l_abs,1026
1772686280,pure-ftpd,chatafl,2,b_per,10.5
1772686280,pure-ftpd,chatafl,2,b_abs,495
1772686283,pure-ftpd,chatafl,2,l_per,17.6
1772686283,pure-ftpd,chatafl,2,l_abs,1139
1772686283,pure-ftpd,chatafl,2,b_per,11.8
1772686283,pure-ftpd,chatafl,2,b_abs,553
1772686283,pure-ftpd,chatafl,2,l_per,17.7
1772686283,pure-ftpd,chatafl,2,l_abs,1146
1772686283,pure-ftpd,chatafl,2,b_per,11.9
1772686283,pure-ftpd,chatafl,2,b_abs,559
1772686284,pure-ftpd,chatafl,2,l_per,17.7
1772686284,pure-ftpd,chatafl,2,l_abs,1147
1772686284,pure-ftpd,chatafl,2,b_per,11.9
1772686284,pure-ftpd,chatafl,2,b_abs,560
1772686286,pure-ftpd,chatafl,2,l_per,17.7
1772686286,pure-ftpd,chatafl,2,l_abs,1148
1772686286,pure-ftpd,chatafl,2,b_per,11.9
1772686286,pure-ftpd,chatafl,2,b_abs,561
1772686286,pure-ftpd,chatafl,2,l_per,18.0
1772686286,pure-ftpd,chatafl,2,l_abs,1169
1772686286,pure-ftpd,chatafl,2,b_per,12.2
1772686286,pure-ftpd,chatafl,2,b_abs,572
1772686287,pure-ftpd,chatafl,2,l_per,18.0
1772686287,pure-ftpd,chatafl,2,l_abs,1169
1772686287,pure-ftpd,chatafl,2,b_per,12.2
1772686287,pure-ftpd,chatafl,2,b_abs,572
1772686287,pure-ftpd,chatafl,2,l_per,18.1
1772686287,pure-ftpd,chatafl,2,l_abs,1174
1772686287,pure-ftpd,chatafl,2,b_per,12.3
1772686287,pure-ftpd,chatafl,2,b_abs,577
1772686288,pure-ftpd,chatafl,2,l_per,18.1
1772686288,pure-ftpd,chatafl,2,l_abs,1174
1772686288,pure-ftpd,chatafl,2,b_per,12.3
1772686288,pure-ftpd,chatafl,2,b_abs,577
1772686288,pure-ftpd,chatafl,2,l_per,18.4
1772686288,pure-ftpd,chatafl,2,l_abs,1194
1772686288,pure-ftpd,chatafl,2,b_per,12.5
1772686288,pure-ftpd,chatafl,2,b_abs,586
1772686289,pure-ftpd,chatafl,2,l_per,18.6
1772686289,pure-ftpd,chatafl,2,l_abs,1207
1772686289,pure-ftpd,chatafl,2,b_per,12.5
1772686289,pure-ftpd,chatafl,2,b_abs,589
1772686289,pure-ftpd,chatafl,2,l_per,18.6
1772686289,pure-ftpd,chatafl,2,l_abs,1207
1772686289,pure-ftpd,chatafl,2,b_per,12.5
1772686289,pure-ftpd,chatafl,2,b_abs,589
1772686290,pure-ftpd,chatafl,2,l_per,18.6
1772686290,pure-ftpd,chatafl,2,l_abs,1208
1772686290,pure-ftpd,chatafl,2,b_per,12.5
1772686290,pure-ftpd,chatafl,2,b_abs,590
1772686290,pure-ftpd,chatafl,2,l_per,19.5
1772686290,pure-ftpd,chatafl,2,l_abs,1263
1772686290,pure-ftpd,chatafl,2,b_per,12.9
1772686290,pure-ftpd,chatafl,2,b_abs,606
1772686290,pure-ftpd,chatafl,2,l_per,19.5
1772686290,pure-ftpd,chatafl,2,l_abs,1263
1772686290,pure-ftpd,chatafl,2,b_per,12.9
1772686290,pure-ftpd,chatafl,2,b_abs,606
1772686291,pure-ftpd,chatafl,2,l_per,19.6
1772686291,pure-ftpd,chatafl,2,l_abs,1269
1772686291,pure-ftpd,chatafl,2,b_per,13.0
1772686291,pure-ftpd,chatafl,2,b_abs,610
1772686292,pure-ftpd,chatafl,2,l_per,19.6
1772686292,pure-ftpd,chatafl,2,l_abs,1269
1772686292,pure-ftpd,chatafl,2,b_per,13.0
1772686292,pure-ftpd,chatafl,2,b_abs,610
1772686292,pure-ftpd,chatafl,2,l_per,19.6
1772686292,pure-ftpd,chatafl,2,l_abs,1269
1772686292,pure-ftpd,chatafl,2,b_per,13.0
1772686292,pure-ftpd,chatafl,2,b_abs,610
1772686292,pure-ftpd,chatafl,2,l_per,19.6
1772686292,pure-ftpd,chatafl,2,l_abs,1269
1772686292,pure-ftpd,chatafl,2,b_per,13.0
1772686292,pure-ftpd,chatafl,2,b_abs,610
1772686293,pure-ftpd,chatafl,2,l_per,19.6
1772686293,pure-ftpd,chatafl,2,l_abs,1271
1772686293,pure-ftpd,chatafl,2,b_per,13.0
1772686293,pure-ftpd,chatafl,2,b_abs,612
1772686293,pure-ftpd,chatafl,2,l_per,19.6
1772686293,pure-ftpd,chatafl,2,l_abs,1271
1772686293,pure-ftpd,chatafl,2,b_per,13.0
1772686293,pure-ftpd,chatafl,2,b_abs,612
1772686294,pure-ftpd,chatafl,2,l_per,19.7
1772686294,pure-ftpd,chatafl,2,l_abs,1281
1772686294,pure-ftpd,chatafl,2,b_per,13.2
1772686294,pure-ftpd,chatafl,2,b_abs,619
1772686294,pure-ftpd,chatafl,2,l_per,19.7
1772686294,pure-ftpd,chatafl,2,l_abs,1281
1772686294,pure-ftpd,chatafl,2,b_per,13.2
1772686294,pure-ftpd,chatafl,2,b_abs,619
1772686295,pure-ftpd,chatafl,2,l_per,19.9
1772686295,pure-ftpd,chatafl,2,l_abs,1292
1772686295,pure-ftpd,chatafl,2,b_per,13.3
1772686295,pure-ftpd,chatafl,2,b_abs,625
1772686295,pure-ftpd,chatafl,2,l_per,19.9
1772686295,pure-ftpd,chatafl,2,l_abs,1292
1772686295,pure-ftpd,chatafl,2,b_per,13.3
1772686295,pure-ftpd,chatafl,2,b_abs,625
1772686296,pure-ftpd,chatafl,2,l_per,20.1
1772686296,pure-ftpd,chatafl,2,l_abs,1307
1772686296,pure-ftpd,chatafl,2,b_per,13.5
1772686296,pure-ftpd,chatafl,2,b_abs,634
1772686296,pure-ftpd,chatafl,2,l_per,20.1
1772686296,pure-ftpd,chatafl,2,l_abs,1307
1772686296,pure-ftpd,chatafl,2,b_per,13.5
1772686296,pure-ftpd,chatafl,2,b_abs,634
1772686297,pure-ftpd,chatafl,2,l_per,20.1
1772686297,pure-ftpd,chatafl,2,l_abs,1307
1772686297,pure-ftpd,chatafl,2,b_per,13.5
1772686297,pure-ftpd,chatafl,2,b_abs,634
1772686297,pure-ftpd,chatafl,2,l_per,20.1
1772686297,pure-ftpd,chatafl,2,l_abs,1307
1772686297,pure-ftpd,chatafl,2,b_per,13.5
1772686297,pure-ftpd,chatafl,2,b_abs,634
1772686298,pure-ftpd,chatafl,2,l_per,20.1
1772686298,pure-ftpd,chatafl,2,l_abs,1307
1772686298,pure-ftpd,chatafl,2,b_per,13.5
1772686298,pure-ftpd,chatafl,2,b_abs,634
1772686298,pure-ftpd,chatafl,2,l_per,20.1
1772686298,pure-ftpd,chatafl,2,l_abs,1307
1772686298,pure-ftpd,chatafl,2,b_per,13.5
1772686298,pure-ftpd,chatafl,2,b_abs,634
1772686299,pure-ftpd,chatafl,2,l_per,20.3
1772686299,pure-ftpd,chatafl,2,l_abs,1319
1772686299,pure-ftpd,chatafl,2,b_per,13.7
1772686299,pure-ftpd,chatafl,2,b_abs,646
1772686299,pure-ftpd,chatafl,2,l_per,20.3
1772686299,pure-ftpd,chatafl,2,l_abs,1319
1772686299,pure-ftpd,chatafl,2,b_per,13.7
1772686299,pure-ftpd,chatafl,2,b_abs,646
1772686299,pure-ftpd,chatafl,2,l_per,20.3
1772686299,pure-ftpd,chatafl,2,l_abs,1319
1772686299,pure-ftpd,chatafl,2,b_per,13.7
1772686299,pure-ftpd,chatafl,2,b_abs,646
1772686300,pure-ftpd,chatafl,2,l_per,20.4
1772686300,pure-ftpd,chatafl,2,l_abs,1322
1772686300,pure-ftpd,chatafl,2,b_per,13.8
1772686300,pure-ftpd,chatafl,2,b_abs,649
1772686300,pure-ftpd,chatafl,2,l_per,20.4
1772686300,pure-ftpd,chatafl,2,l_abs,1324
1772686300,pure-ftpd,chatafl,2,b_per,13.8
1772686300,pure-ftpd,chatafl,2,b_abs,651
1772686301,pure-ftpd,chatafl,2,l_per,20.4
1772686301,pure-ftpd,chatafl,2,l_abs,1324
1772686301,pure-ftpd,chatafl,2,b_per,13.8
1772686301,pure-ftpd,chatafl,2,b_abs,651
1772686301,pure-ftpd,chatafl,2,l_per,20.4
1772686301,pure-ftpd,chatafl,2,l_abs,1324
1772686301,pure-ftpd,chatafl,2,b_per,13.8
1772686301,pure-ftpd,chatafl,2,b_abs,651
1772686302,pure-ftpd,chatafl,2,l_per,20.4
1772686302,pure-ftpd,chatafl,2,l_abs,1324
1772686302,pure-ftpd,chatafl,2,b_per,13.8
1772686302,pure-ftpd,chatafl,2,b_abs,651
1772686302,pure-ftpd,chatafl,2,l_per,20.4
1772686302,pure-ftpd,chatafl,2,l_abs,1324
1772686302,pure-ftpd,chatafl,2,b_per,13.8
1772686302,pure-ftpd,chatafl,2,b_abs,651
1772686303,pure-ftpd,chatafl,2,l_per,20.4
1772686303,pure-ftpd,chatafl,2,l_abs,1324
1772686303,pure-ftpd,chatafl,2,b_per,13.8
1772686303,pure-ftpd,chatafl,2,b_abs,651
1772686303,pure-ftpd,chatafl,2,l_per,20.4
1772686303,pure-ftpd,chatafl,2,l_abs,1324
1772686303,pure-ftpd,chatafl,2,b_per,13.8
1772686303,pure-ftpd,chatafl,2,b_abs,651
1772686304,pure-ftpd,chatafl,2,l_per,20.4
1772686304,pure-ftpd,chatafl,2,l_abs,1324
1772686304,pure-ftpd,chatafl,2,b_per,13.8
1772686304,pure-ftpd,chatafl,2,b_abs,651
1772686304,pure-ftpd,chatafl,2,l_per,20.4
1772686304,pure-ftpd,chatafl,2,l_abs,1324
1772686304,pure-ftpd,chatafl,2,b_per,13.8
1772686304,pure-ftpd,chatafl,2,b_abs,651
1772686305,pure-ftpd,chatafl,2,l_per,20.4
1772686305,pure-ftpd,chatafl,2,l_abs,1324
1772686305,pure-ftpd,chatafl,2,b_per,13.8
1772686305,pure-ftpd,chatafl,2,b_abs,651
1772686305,pure-ftpd,chatafl,2,l_per,20.4
1772686305,pure-ftpd,chatafl,2,l_abs,1324
1772686305,pure-ftpd,chatafl,2,b_per,13.8
1772686305,pure-ftpd,chatafl,2,b_abs,651
1772686305,pure-ftpd,chatafl,2,l_per,20.4
1772686305,pure-ftpd,chatafl,2,l_abs,1324
1772686305,pure-ftpd,chatafl,2,b_per,13.8
1772686305,pure-ftpd,chatafl,2,b_abs,651
1772686308,pure-ftpd,chatafl,2,l_per,20.4
1772686308,pure-ftpd,chatafl,2,l_abs,1324
1772686308,pure-ftpd,chatafl,2,b_per,13.8
1772686308,pure-ftpd,chatafl,2,b_abs,651
1772686309,pure-ftpd,chatafl,2,l_per,20.4
1772686309,pure-ftpd,chatafl,2,l_abs,1324
1772686309,pure-ftpd,chatafl,2,b_per,13.8
1772686309,pure-ftpd,chatafl,2,b_abs,651
1772686309,pure-ftpd,chatafl,2,l_per,20.4
1772686309,pure-ftpd,chatafl,2,l_abs,1326
1772686309,pure-ftpd,chatafl,2,b_per,13.9
1772686309,pure-ftpd,chatafl,2,b_abs,653
1772686310,pure-ftpd,chatafl,2,l_per,20.4
1772686310,pure-ftpd,chatafl,2,l_abs,1326
1772686310,pure-ftpd,chatafl,2,b_per,13.9
1772686310,pure-ftpd,chatafl,2,b_abs,653
1772686310,pure-ftpd,chatafl,2,l_per,20.4
1772686310,pure-ftpd,chatafl,2,l_abs,1326
1772686310,pure-ftpd,chatafl,2,b_per,13.9
1772686310,pure-ftpd,chatafl,2,b_abs,653
1772686311,pure-ftpd,chatafl,2,l_per,20.4
1772686311,pure-ftpd,chatafl,2,l_abs,1326
1772686311,pure-ftpd,chatafl,2,b_per,13.9
1772686311,pure-ftpd,chatafl,2,b_abs,653
1772686311,pure-ftpd,chatafl,2,l_per,20.4
1772686311,pure-ftpd,chatafl,2,l_abs,1326
1772686311,pure-ftpd,chatafl,2,b_per,13.9
1772686311,pure-ftpd,chatafl,2,b_abs,653
1772686311,pure-ftpd,chatafl,2,l_per,20.4
1772686311,pure-ftpd,chatafl,2,l_abs,1326
1772686311,pure-ftpd,chatafl,2,b_per,13.9
1772686311,pure-ftpd,chatafl,2,b_abs,653
1772686312,pure-ftpd,chatafl,2,l_per,20.4
1772686312,pure-ftpd,chatafl,2,l_abs,1326
1772686312,pure-ftpd,chatafl,2,b_per,13.9
1772686312,pure-ftpd,chatafl,2,b_abs,653
1772686312,pure-ftpd,chatafl,2,l_per,20.4
1772686312,pure-ftpd,chatafl,2,l_abs,1326
1772686312,pure-ftpd,chatafl,2,b_per,13.9
1772686312,pure-ftpd,chatafl,2,b_abs,653
1772686313,pure-ftpd,chatafl,2,l_per,20.4
1772686313,pure-ftpd,chatafl,2,l_abs,1327
1772686313,pure-ftpd,chatafl,2,b_per,13.9
1772686313,pure-ftpd,chatafl,2,b_abs,655
1772686313,pure-ftpd,chatafl,2,l_per,20.4
1772686313,pure-ftpd,chatafl,2,l_abs,1327
1772686313,pure-ftpd,chatafl,2,b_per,13.9
1772686313,pure-ftpd,chatafl,2,b_abs,655
1772686314,pure-ftpd,chatafl,2,l_per,20.4
1772686314,pure-ftpd,chatafl,2,l_abs,1327
1772686314,pure-ftpd,chatafl,2,b_per,13.9
1772686314,pure-ftpd,chatafl,2,b_abs,655
1772686314,pure-ftpd,chatafl,2,l_per,20.4
1772686314,pure-ftpd,chatafl,2,l_abs,1327
1772686314,pure-ftpd,chatafl,2,b_per,13.9
1772686314,pure-ftpd,chatafl,2,b_abs,655
1772686315,pure-ftpd,chatafl,2,l_per,20.4
1772686315,pure-ftpd,chatafl,2,l_abs,1327
1772686315,pure-ftpd,chatafl,2,b_per,13.9
1772686315,pure-ftpd,chatafl,2,b_abs,655
1772686315,pure-ftpd,chatafl,2,l_per,20.4
1772686315,pure-ftpd,chatafl,2,l_abs,1327
1772686315,pure-ftpd,chatafl,2,b_per,13.9
1772686315,pure-ftpd,chatafl,2,b_abs,655
1772686316,pure-ftpd,chatafl,2,l_per,20.4
1772686316,pure-ftpd,chatafl,2,l_abs,1327
1772686316,pure-ftpd,chatafl,2,b_per,13.9
1772686316,pure-ftpd,chatafl,2,b_abs,655
1772686316,pure-ftpd,chatafl,2,l_per,20.4
1772686316,pure-ftpd,chatafl,2,l_abs,1327
1772686316,pure-ftpd,chatafl,2,b_per,13.9
1772686316,pure-ftpd,chatafl,2,b_abs,655
1772686317,pure-ftpd,chatafl,2,l_per,20.4
1772686317,pure-ftpd,chatafl,2,l_abs,1327
1772686317,pure-ftpd,chatafl,2,b_per,13.9
1772686317,pure-ftpd,chatafl,2,b_abs,655
1772686317,pure-ftpd,chatafl,2,l_per,20.4
1772686317,pure-ftpd,chatafl,2,l_abs,1327
1772686317,pure-ftpd,chatafl,2,b_per,13.9
1772686317,pure-ftpd,chatafl,2,b_abs,655
1772686318,pure-ftpd,chatafl,2,l_per,20.4
1772686318,pure-ftpd,chatafl,2,l_abs,1327
1772686318,pure-ftpd,chatafl,2,b_per,13.9
1772686318,pure-ftpd,chatafl,2,b_abs,655
1772686318,pure-ftpd,chatafl,2,l_per,20.4
1772686318,pure-ftpd,chatafl,2,l_abs,1327
1772686318,pure-ftpd,chatafl,2,b_per,13.9
1772686318,pure-ftpd,chatafl,2,b_abs,655
1772686319,pure-ftpd,chatafl,2,l_per,20.4
1772686319,pure-ftpd,chatafl,2,l_abs,1327
1772686319,pure-ftpd,chatafl,2,b_per,13.9
1772686319,pure-ftpd,chatafl,2,b_abs,655
1772686319,pure-ftpd,chatafl,2,l_per,20.4
1772686319,pure-ftpd,chatafl,2,l_abs,1327
1772686319,pure-ftpd,chatafl,2,b_per,13.9
1772686319,pure-ftpd,chatafl,2,b_abs,655
1772686320,pure-ftpd,chatafl,2,l_per,20.4
1772686320,pure-ftpd,chatafl,2,l_abs,1327
1772686320,pure-ftpd,chatafl,2,b_per,13.9
1772686320,pure-ftpd,chatafl,2,b_abs,655
1772686320,pure-ftpd,chatafl,2,l_per,20.4
1772686320,pure-ftpd,chatafl,2,l_abs,1327
1772686320,pure-ftpd,chatafl,2,b_per,13.9
1772686320,pure-ftpd,chatafl,2,b_abs,655
1772686321,pure-ftpd,chatafl,2,l_per,20.4
1772686321,pure-ftpd,chatafl,2,l_abs,1327
1772686321,pure-ftpd,chatafl,2,b_per,13.9
1772686321,pure-ftpd,chatafl,2,b_abs,655
1772686321,pure-ftpd,chatafl,2,l_per,20.4
1772686321,pure-ftpd,chatafl,2,l_abs,1327
1772686321,pure-ftpd,chatafl,2,b_per,13.9
1772686321,pure-ftpd,chatafl,2,b_abs,655
1772686322,pure-ftpd,chatafl,2,l_per,20.4
1772686322,pure-ftpd,chatafl,2,l_abs,1327
1772686322,pure-ftpd,chatafl,2,b_per,13.9
1772686322,pure-ftpd,chatafl,2,b_abs,655
1772686322,pure-ftpd,chatafl,2,l_per,20.4
1772686322,pure-ftpd,chatafl,2,l_abs,1327
1772686322,pure-ftpd,chatafl,2,b_per,13.9
1772686322,pure-ftpd,chatafl,2,b_abs,655
1772686322,pure-ftpd,chatafl,2,l_per,20.4
1772686322,pure-ftpd,chatafl,2,l_abs,1327
1772686322,pure-ftpd,chatafl,2,b_per,13.9
1772686322,pure-ftpd,chatafl,2,b_abs,655
1772686323,pure-ftpd,chatafl,2,l_per,20.4
1772686323,pure-ftpd,chatafl,2,l_abs,1327
1772686323,pure-ftpd,chatafl,2,b_per,13.9
1772686323,pure-ftpd,chatafl,2,b_abs,655
1772686323,pure-ftpd,chatafl,2,l_per,20.4
1772686323,pure-ftpd,chatafl,2,l_abs,1327
1772686323,pure-ftpd,chatafl,2,b_per,13.9
1772686323,pure-ftpd,chatafl,2,b_abs,655
1772686324,pure-ftpd,chatafl,2,l_per,20.4
1772686324,pure-ftpd,chatafl,2,l_abs,1327
1772686324,pure-ftpd,chatafl,2,b_per,13.9
1772686324,pure-ftpd,chatafl,2,b_abs,655
1772686325,pure-ftpd,chatafl,2,l_per,20.4
1772686325,pure-ftpd,chatafl,2,l_abs,1327
1772686325,pure-ftpd,chatafl,2,b_per,13.9
1772686325,pure-ftpd,chatafl,2,b_abs,655
1772686325,pure-ftpd,chatafl,2,l_per,20.5
1772686325,pure-ftpd,chatafl,2,l_abs,1329
1772686325,pure-ftpd,chatafl,2,b_per,13.9
1772686325,pure-ftpd,chatafl,2,b_abs,656
1772686325,pure-ftpd,chatafl,2,l_per,20.5
1772686325,pure-ftpd,chatafl,2,l_abs,1330
1772686325,pure-ftpd,chatafl,2,b_per,14.0
1772686325,pure-ftpd,chatafl,2,b_abs,657
1772686326,pure-ftpd,chatafl,2,l_per,20.5
1772686326,pure-ftpd,chatafl,2,l_abs,1330
1772686326,pure-ftpd,chatafl,2,b_per,14.0
1772686326,pure-ftpd,chatafl,2,b_abs,657
1772686326,pure-ftpd,chatafl,2,l_per,20.5
1772686326,pure-ftpd,chatafl,2,l_abs,1330
1772686326,pure-ftpd,chatafl,2,b_per,14.0
1772686326,pure-ftpd,chatafl,2,b_abs,657
1772686327,pure-ftpd,chatafl,2,l_per,20.5
1772686327,pure-ftpd,chatafl,2,l_abs,1330
1772686327,pure-ftpd,chatafl,2,b_per,14.0
1772686327,pure-ftpd,chatafl,2,b_abs,657
1772686327,pure-ftpd,chatafl,2,l_per,20.5
1772686327,pure-ftpd,chatafl,2,l_abs,1330
1772686327,pure-ftpd,chatafl,2,b_per,14.0
1772686327,pure-ftpd,chatafl,2,b_abs,657
1772686328,pure-ftpd,chatafl,2,l_per,20.5
1772686328,pure-ftpd,chatafl,2,l_abs,1330
1772686328,pure-ftpd,chatafl,2,b_per,14.0
1772686328,pure-ftpd,chatafl,2,b_abs,657
1772686328,pure-ftpd,chatafl,2,l_per,20.5
1772686328,pure-ftpd,chatafl,2,l_abs,1330
1772686328,pure-ftpd,chatafl,2,b_per,14.0
1772686328,pure-ftpd,chatafl,2,b_abs,657
1772686329,pure-ftpd,chatafl,2,l_per,20.5
1772686329,pure-ftpd,chatafl,2,l_abs,1330
1772686329,pure-ftpd,chatafl,2,b_per,14.0
1772686329,pure-ftpd,chatafl,2,b_abs,657
1772686329,pure-ftpd,chatafl,2,l_per,20.5
1772686329,pure-ftpd,chatafl,2,l_abs,1330
1772686329,pure-ftpd,chatafl,2,b_per,14.0
1772686329,pure-ftpd,chatafl,2,b_abs,657
1772686330,pure-ftpd,chatafl,2,l_per,20.5
1772686330,pure-ftpd,chatafl,2,l_abs,1330
1772686330,pure-ftpd,chatafl,2,b_per,14.0
1772686330,pure-ftpd,chatafl,2,b_abs,657
1772686330,pure-ftpd,chatafl,2,l_per,20.5
1772686330,pure-ftpd,chatafl,2,l_abs,1333
1772686330,pure-ftpd,chatafl,2,b_per,14.0
1772686330,pure-ftpd,chatafl,2,b_abs,657
1772686331,pure-ftpd,chatafl,2,l_per,20.5
1772686331,pure-ftpd,chatafl,2,l_abs,1333
1772686331,pure-ftpd,chatafl,2,b_per,14.0
1772686331,pure-ftpd,chatafl,2,b_abs,657
1772686331,pure-ftpd,chatafl,2,l_per,20.5
1772686331,pure-ftpd,chatafl,2,l_abs,1333
1772686331,pure-ftpd,chatafl,2,b_per,14.0
1772686331,pure-ftpd,chatafl,2,b_abs,657
1772686331,pure-ftpd,chatafl,2,l_per,20.5
1772686331,pure-ftpd,chatafl,2,l_abs,1333
1772686331,pure-ftpd,chatafl,2,b_per,14.0
1772686331,pure-ftpd,chatafl,2,b_abs,657
1772686332,pure-ftpd,chatafl,2,l_per,20.5
1772686332,pure-ftpd,chatafl,2,l_abs,1333
1772686332,pure-ftpd,chatafl,2,b_per,14.0
1772686332,pure-ftpd,chatafl,2,b_abs,657
1772686332,pure-ftpd,chatafl,2,l_per,20.6
1772686332,pure-ftpd,chatafl,2,l_abs,1334
1772686332,pure-ftpd,chatafl,2,b_per,14.0
1772686332,pure-ftpd,chatafl,2,b_abs,658
1772686333,pure-ftpd,chatafl,2,l_per,20.6
1772686333,pure-ftpd,chatafl,2,l_abs,1334
1772686333,pure-ftpd,chatafl,2,b_per,14.0
1772686333,pure-ftpd,chatafl,2,b_abs,658
1772686333,pure-ftpd,chatafl,2,l_per,20.6
1772686333,pure-ftpd,chatafl,2,l_abs,1334
1772686333,pure-ftpd,chatafl,2,b_per,14.0
1772686333,pure-ftpd,chatafl,2,b_abs,658
1772686334,pure-ftpd,chatafl,2,l_per,20.6
1772686334,pure-ftpd,chatafl,2,l_abs,1334
1772686334,pure-ftpd,chatafl,2,b_per,14.0
1772686334,pure-ftpd,chatafl,2,b_abs,658
1772686334,pure-ftpd,chatafl,2,l_per,20.6
1772686334,pure-ftpd,chatafl,2,l_abs,1334
1772686334,pure-ftpd,chatafl,2,b_per,14.0
1772686334,pure-ftpd,chatafl,2,b_abs,659
1772686335,pure-ftpd,chatafl,2,l_per,20.6
1772686335,pure-ftpd,chatafl,2,l_abs,1334
1772686335,pure-ftpd,chatafl,2,b_per,14.0
1772686335,pure-ftpd,chatafl,2,b_abs,659
1772686335,pure-ftpd,chatafl,2,l_per,20.6
1772686335,pure-ftpd,chatafl,2,l_abs,1334
1772686335,pure-ftpd,chatafl,2,b_per,14.0
1772686335,pure-ftpd,chatafl,2,b_abs,659
1772686335,pure-ftpd,chatafl,2,l_per,20.6
1772686335,pure-ftpd,chatafl,2,l_abs,1334
1772686335,pure-ftpd,chatafl,2,b_per,14.0
1772686335,pure-ftpd,chatafl,2,b_abs,660
1772686336,pure-ftpd,chatafl,2,l_per,20.6
1772686336,pure-ftpd,chatafl,2,l_abs,1334
1772686336,pure-ftpd,chatafl,2,b_per,14.0
1772686336,pure-ftpd,chatafl,2,b_abs,660
1772686336,pure-ftpd,chatafl,2,l_per,20.6
1772686336,pure-ftpd,chatafl,2,l_abs,1334
1772686336,pure-ftpd,chatafl,2,b_per,14.0
1772686336,pure-ftpd,chatafl,2,b_abs,660
1772686337,pure-ftpd,chatafl,2,l_per,20.6
1772686337,pure-ftpd,chatafl,2,l_abs,1334
1772686337,pure-ftpd,chatafl,2,b_per,14.0
1772686337,pure-ftpd,chatafl,2,b_abs,660
1772686337,pure-ftpd,chatafl,2,l_per,20.6
1772686337,pure-ftpd,chatafl,2,l_abs,1334
1772686337,pure-ftpd,chatafl,2,b_per,14.0
1772686337,pure-ftpd,chatafl,2,b_abs,660
1772686338,pure-ftpd,chatafl,2,l_per,20.6
1772686338,pure-ftpd,chatafl,2,l_abs,1334
1772686338,pure-ftpd,chatafl,2,b_per,14.0
1772686338,pure-ftpd,chatafl,2,b_abs,660
1772686338,pure-ftpd,chatafl,2,l_per,20.6
1772686338,pure-ftpd,chatafl,2,l_abs,1334
1772686338,pure-ftpd,chatafl,2,b_per,14.0
1772686338,pure-ftpd,chatafl,2,b_abs,660
1772686339,pure-ftpd,chatafl,2,l_per,20.6
1772686339,pure-ftpd,chatafl,2,l_abs,1334
1772686339,pure-ftpd,chatafl,2,b_per,14.0
1772686339,pure-ftpd,chatafl,2,b_abs,660
1772686339,pure-ftpd,chatafl,2,l_per,20.6
1772686339,pure-ftpd,chatafl,2,l_abs,1334
1772686339,pure-ftpd,chatafl,2,b_per,14.0
1772686339,pure-ftpd,chatafl,2,b_abs,660
1772686339,pure-ftpd,chatafl,2,l_per,20.6
1772686339,pure-ftpd,chatafl,2,l_abs,1334
1772686339,pure-ftpd,chatafl,2,b_per,14.0
1772686339,pure-ftpd,chatafl,2,b_abs,660
1772686340,pure-ftpd,chatafl,2,l_per,20.6
1772686340,pure-ftpd,chatafl,2,l_abs,1334
1772686340,pure-ftpd,chatafl,2,b_per,14.0
1772686340,pure-ftpd,chatafl,2,b_abs,660
1772686340,pure-ftpd,chatafl,2,l_per,20.6
1772686340,pure-ftpd,chatafl,2,l_abs,1334
1772686340,pure-ftpd,chatafl,2,b_per,14.0
1772686340,pure-ftpd,chatafl,2,b_abs,660
1772686341,pure-ftpd,chatafl,2,l_per,20.6
1772686341,pure-ftpd,chatafl,2,l_abs,1334
1772686341,pure-ftpd,chatafl,2,b_per,14.0
1772686341,pure-ftpd,chatafl,2,b_abs,660
1772686341,pure-ftpd,chatafl,2,l_per,20.6
1772686341,pure-ftpd,chatafl,2,l_abs,1334
1772686341,pure-ftpd,chatafl,2,b_per,14.0
1772686341,pure-ftpd,chatafl,2,b_abs,660
1772686342,pure-ftpd,chatafl,2,l_per,20.6
1772686342,pure-ftpd,chatafl,2,l_abs,1334
1772686342,pure-ftpd,chatafl,2,b_per,14.0
1772686342,pure-ftpd,chatafl,2,b_abs,660
1772686342,pure-ftpd,chatafl,2,l_per,20.6
1772686342,pure-ftpd,chatafl,2,l_abs,1334
1772686342,pure-ftpd,chatafl,2,b_per,14.0
1772686342,pure-ftpd,chatafl,2,b_abs,660
1772686343,pure-ftpd,chatafl,2,l_per,20.6
1772686343,pure-ftpd,chatafl,2,l_abs,1334
1772686343,pure-ftpd,chatafl,2,b_per,14.0
1772686343,pure-ftpd,chatafl,2,b_abs,660
1772686343,pure-ftpd,chatafl,2,l_per,20.6
1772686343,pure-ftpd,chatafl,2,l_abs,1334
1772686343,pure-ftpd,chatafl,2,b_per,14.0
1772686343,pure-ftpd,chatafl,2,b_abs,660
1772686344,pure-ftpd,chatafl,2,l_per,20.6
1772686344,pure-ftpd,chatafl,2,l_abs,1334
1772686344,pure-ftpd,chatafl,2,b_per,14.0
1772686344,pure-ftpd,chatafl,2,b_abs,660
1772686344,pure-ftpd,chatafl,2,l_per,20.6
1772686344,pure-ftpd,chatafl,2,l_abs,1334
1772686344,pure-ftpd,chatafl,2,b_per,14.0
1772686344,pure-ftpd,chatafl,2,b_abs,660
1772686344,pure-ftpd,chatafl,2,l_per,20.6
1772686344,pure-ftpd,chatafl,2,l_abs,1334
1772686344,pure-ftpd,chatafl,2,b_per,14.0
1772686344,pure-ftpd,chatafl,2,b_abs,660
1772686345,pure-ftpd,chatafl,2,l_per,20.6
1772686345,pure-ftpd,chatafl,2,l_abs,1334
1772686345,pure-ftpd,chatafl,2,b_per,14.0
1772686345,pure-ftpd,chatafl,2,b_abs,660
1772686345,pure-ftpd,chatafl,2,l_per,20.6
1772686345,pure-ftpd,chatafl,2,l_abs,1337
1772686345,pure-ftpd,chatafl,2,b_per,14.1
1772686345,pure-ftpd,chatafl,2,b_abs,662
1772686346,pure-ftpd,chatafl,2,l_per,20.6
1772686346,pure-ftpd,chatafl,2,l_abs,1337
1772686346,pure-ftpd,chatafl,2,b_per,14.1
1772686346,pure-ftpd,chatafl,2,b_abs,662
1772686348,pure-ftpd,chatafl,2,l_per,20.6
1772686348,pure-ftpd,chatafl,2,l_abs,1337
1772686348,pure-ftpd,chatafl,2,b_per,14.1
1772686348,pure-ftpd,chatafl,2,b_abs,662
1772686348,pure-ftpd,chatafl,2,l_per,20.6
1772686348,pure-ftpd,chatafl,2,l_abs,1337
1772686348,pure-ftpd,chatafl,2,b_per,14.1
1772686348,pure-ftpd,chatafl,2,b_abs,662
1772686349,pure-ftpd,chatafl,2,l_per,20.6
1772686349,pure-ftpd,chatafl,2,l_abs,1337
1772686349,pure-ftpd,chatafl,2,b_per,14.1
1772686349,pure-ftpd,chatafl,2,b_abs,662
1772686349,pure-ftpd,chatafl,2,l_per,20.6
1772686349,pure-ftpd,chatafl,2,l_abs,1339
1772686349,pure-ftpd,chatafl,2,b_per,14.1
1772686349,pure-ftpd,chatafl,2,b_abs,663
1772686350,pure-ftpd,chatafl,2,l_per,20.6
1772686350,pure-ftpd,chatafl,2,l_abs,1339
1772686350,pure-ftpd,chatafl,2,b_per,14.1
1772686350,pure-ftpd,chatafl,2,b_abs,663
1772686350,pure-ftpd,chatafl,2,l_per,20.6
1772686350,pure-ftpd,chatafl,2,l_abs,1339
1772686350,pure-ftpd,chatafl,2,b_per,14.1
1772686350,pure-ftpd,chatafl,2,b_abs,663
1772686350,pure-ftpd,chatafl,2,l_per,20.6
1772686350,pure-ftpd,chatafl,2,l_abs,1339
1772686350,pure-ftpd,chatafl,2,b_per,14.1
1772686350,pure-ftpd,chatafl,2,b_abs,663
1772686351,pure-ftpd,chatafl,2,l_per,20.6
1772686351,pure-ftpd,chatafl,2,l_abs,1339
1772686351,pure-ftpd,chatafl,2,b_per,14.1
1772686351,pure-ftpd,chatafl,2,b_abs,663
1772686351,pure-ftpd,chatafl,2,l_per,20.6
1772686351,pure-ftpd,chatafl,2,l_abs,1339
1772686351,pure-ftpd,chatafl,2,b_per,14.1
1772686351,pure-ftpd,chatafl,2,b_abs,663
1772686352,pure-ftpd,chatafl,2,l_per,20.6
1772686352,pure-ftpd,chatafl,2,l_abs,1339
1772686352,pure-ftpd,chatafl,2,b_per,14.1
1772686352,pure-ftpd,chatafl,2,b_abs,663
1772686352,pure-ftpd,chatafl,2,l_per,20.6
1772686352,pure-ftpd,chatafl,2,l_abs,1339
1772686352,pure-ftpd,chatafl,2,b_per,14.1
1772686352,pure-ftpd,chatafl,2,b_abs,663
1772686353,pure-ftpd,chatafl,2,l_per,20.6
1772686353,pure-ftpd,chatafl,2,l_abs,1339
1772686353,pure-ftpd,chatafl,2,b_per,14.1
1772686353,pure-ftpd,chatafl,2,b_abs,663
1772686353,pure-ftpd,chatafl,2,l_per,20.6
1772686353,pure-ftpd,chatafl,2,l_abs,1339
1772686353,pure-ftpd,chatafl,2,b_per,14.1
1772686353,pure-ftpd,chatafl,2,b_abs,663
1772686354,pure-ftpd,chatafl,2,l_per,20.6
1772686354,pure-ftpd,chatafl,2,l_abs,1339
1772686354,pure-ftpd,chatafl,2,b_per,14.1
1772686354,pure-ftpd,chatafl,2,b_abs,663
1772686354,pure-ftpd,chatafl,2,l_per,20.6
1772686354,pure-ftpd,chatafl,2,l_abs,1339
1772686354,pure-ftpd,chatafl,2,b_per,14.1
1772686354,pure-ftpd,chatafl,2,b_abs,663
1772686355,pure-ftpd,chatafl,2,l_per,20.6
1772686355,pure-ftpd,chatafl,2,l_abs,1339
1772686355,pure-ftpd,chatafl,2,b_per,14.1
1772686355,pure-ftpd,chatafl,2,b_abs,663
1772686355,pure-ftpd,chatafl,2,l_per,20.6
1772686355,pure-ftpd,chatafl,2,l_abs,1339
1772686355,pure-ftpd,chatafl,2,b_per,14.1
1772686355,pure-ftpd,chatafl,2,b_abs,663
1772686355,pure-ftpd,chatafl,2,l_per,20.6
1772686355,pure-ftpd,chatafl,2,l_abs,1339
1772686355,pure-ftpd,chatafl,2,b_per,14.1
1772686355,pure-ftpd,chatafl,2,b_abs,663
1772686356,pure-ftpd,chatafl,2,l_per,20.6
1772686356,pure-ftpd,chatafl,2,l_abs,1339
1772686356,pure-ftpd,chatafl,2,b_per,14.1
1772686356,pure-ftpd,chatafl,2,b_abs,663
1772686356,pure-ftpd,chatafl,2,l_per,20.6
1772686356,pure-ftpd,chatafl,2,l_abs,1339
1772686356,pure-ftpd,chatafl,2,b_per,14.1
1772686356,pure-ftpd,chatafl,2,b_abs,663
1772686358,pure-ftpd,chatafl,2,l_per,20.6
1772686358,pure-ftpd,chatafl,2,l_abs,1339
1772686358,pure-ftpd,chatafl,2,b_per,14.1
1772686358,pure-ftpd,chatafl,2,b_abs,663
1772686359,pure-ftpd,chatafl,2,l_per,20.6
1772686359,pure-ftpd,chatafl,2,l_abs,1339
1772686359,pure-ftpd,chatafl,2,b_per,14.1
1772686359,pure-ftpd,chatafl,2,b_abs,663
1772686359,pure-ftpd,chatafl,2,l_per,20.6
1772686359,pure-ftpd,chatafl,2,l_abs,1339
1772686359,pure-ftpd,chatafl,2,b_per,14.1
1772686359,pure-ftpd,chatafl,2,b_abs,663
1772686360,pure-ftpd,chatafl,2,l_per,20.6
1772686360,pure-ftpd,chatafl,2,l_abs,1339
1772686360,pure-ftpd,chatafl,2,b_per,14.1
1772686360,pure-ftpd,chatafl,2,b_abs,663
1772686360,pure-ftpd,chatafl,2,l_per,20.6
1772686360,pure-ftpd,chatafl,2,l_abs,1339
1772686360,pure-ftpd,chatafl,2,b_per,14.1
1772686360,pure-ftpd,chatafl,2,b_abs,663
1772686361,pure-ftpd,chatafl,2,l_per,20.6
1772686361,pure-ftpd,chatafl,2,l_abs,1339
1772686361,pure-ftpd,chatafl,2,b_per,14.1
1772686361,pure-ftpd,chatafl,2,b_abs,663
1772686361,pure-ftpd,chatafl,2,l_per,20.6
1772686361,pure-ftpd,chatafl,2,l_abs,1339
1772686361,pure-ftpd,chatafl,2,b_per,14.1
1772686361,pure-ftpd,chatafl,2,b_abs,663
1772686362,pure-ftpd,chatafl,2,l_per,20.6
1772686362,pure-ftpd,chatafl,2,l_abs,1339
1772686362,pure-ftpd,chatafl,2,b_per,14.1
1772686362,pure-ftpd,chatafl,2,b_abs,663
1772686362,pure-ftpd,chatafl,2,l_per,20.6
1772686362,pure-ftpd,chatafl,2,l_abs,1339
1772686362,pure-ftpd,chatafl,2,b_per,14.1
1772686362,pure-ftpd,chatafl,2,b_abs,663
1772686362,pure-ftpd,chatafl,2,l_per,20.6
1772686362,pure-ftpd,chatafl,2,l_abs,1339
1772686362,pure-ftpd,chatafl,2,b_per,14.1
1772686362,pure-ftpd,chatafl,2,b_abs,663
1772686363,pure-ftpd,chatafl,2,l_per,20.7
1772686363,pure-ftpd,chatafl,2,l_abs,1341
1772686363,pure-ftpd,chatafl,2,b_per,14.1
1772686363,pure-ftpd,chatafl,2,b_abs,665
1772686363,pure-ftpd,chatafl,2,l_per,20.7
1772686363,pure-ftpd,chatafl,2,l_abs,1341
1772686363,pure-ftpd,chatafl,2,b_per,14.1
1772686363,pure-ftpd,chatafl,2,b_abs,665
1772686364,pure-ftpd,chatafl,2,l_per,20.7
1772686364,pure-ftpd,chatafl,2,l_abs,1341
1772686364,pure-ftpd,chatafl,2,b_per,14.1
1772686364,pure-ftpd,chatafl,2,b_abs,665
1772686364,pure-ftpd,chatafl,2,l_per,20.7
1772686364,pure-ftpd,chatafl,2,l_abs,1341
1772686364,pure-ftpd,chatafl,2,b_per,14.1
1772686364,pure-ftpd,chatafl,2,b_abs,665
1772686365,pure-ftpd,chatafl,2,l_per,20.7
1772686365,pure-ftpd,chatafl,2,l_abs,1341
1772686365,pure-ftpd,chatafl,2,b_per,14.1
1772686365,pure-ftpd,chatafl,2,b_abs,665
1772686365,pure-ftpd,chatafl,2,l_per,20.7
1772686365,pure-ftpd,chatafl,2,l_abs,1341
1772686365,pure-ftpd,chatafl,2,b_per,14.1
1772686365,pure-ftpd,chatafl,2,b_abs,665
1772686366,pure-ftpd,chatafl,2,l_per,20.7
1772686366,pure-ftpd,chatafl,2,l_abs,1341
1772686366,pure-ftpd,chatafl,2,b_per,14.1
1772686366,pure-ftpd,chatafl,2,b_abs,665
1772686366,pure-ftpd,chatafl,2,l_per,20.7
1772686366,pure-ftpd,chatafl,2,l_abs,1341
1772686366,pure-ftpd,chatafl,2,b_per,14.1
1772686366,pure-ftpd,chatafl,2,b_abs,665
1772686367,pure-ftpd,chatafl,2,l_per,20.7
1772686367,pure-ftpd,chatafl,2,l_abs,1344
1772686367,pure-ftpd,chatafl,2,b_per,14.2
1772686367,pure-ftpd,chatafl,2,b_abs,668
1772686367,pure-ftpd,chatafl,2,l_per,20.7
1772686367,pure-ftpd,chatafl,2,l_abs,1344
1772686367,pure-ftpd,chatafl,2,b_per,14.2
1772686367,pure-ftpd,chatafl,2,b_abs,668
1772686368,pure-ftpd,chatafl,2,l_per,20.7
1772686368,pure-ftpd,chatafl,2,l_abs,1344
1772686368,pure-ftpd,chatafl,2,b_per,14.2
1772686368,pure-ftpd,chatafl,2,b_abs,668
1772686368,pure-ftpd,chatafl,2,l_per,20.7
1772686368,pure-ftpd,chatafl,2,l_abs,1344
1772686368,pure-ftpd,chatafl,2,b_per,14.2
1772686368,pure-ftpd,chatafl,2,b_abs,668
1772686368,pure-ftpd,chatafl,2,l_per,20.7
1772686368,pure-ftpd,chatafl,2,l_abs,1344
1772686368,pure-ftpd,chatafl,2,b_per,14.2
1772686368,pure-ftpd,chatafl,2,b_abs,668
1772686371,pure-ftpd,chatafl,2,l_per,20.7
1772686371,pure-ftpd,chatafl,2,l_abs,1344
1772686371,pure-ftpd,chatafl,2,b_per,14.2
1772686371,pure-ftpd,chatafl,2,b_abs,668
1772686372,pure-ftpd,chatafl,2,l_per,20.7
1772686372,pure-ftpd,chatafl,2,l_abs,1344
1772686372,pure-ftpd,chatafl,2,b_per,14.2
1772686372,pure-ftpd,chatafl,2,b_abs,668
1772686372,pure-ftpd,chatafl,2,l_per,20.7
1772686372,pure-ftpd,chatafl,2,l_abs,1344
1772686372,pure-ftpd,chatafl,2,b_per,14.2
1772686372,pure-ftpd,chatafl,2,b_abs,668
1772686373,pure-ftpd,chatafl,2,l_per,20.7
1772686373,pure-ftpd,chatafl,2,l_abs,1344
1772686373,pure-ftpd,chatafl,2,b_per,14.2
1772686373,pure-ftpd,chatafl,2,b_abs,670
1772686373,pure-ftpd,chatafl,2,l_per,20.7
1772686373,pure-ftpd,chatafl,2,l_abs,1344
1772686373,pure-ftpd,chatafl,2,b_per,14.2
1772686373,pure-ftpd,chatafl,2,b_abs,670
1772686374,pure-ftpd,chatafl,2,l_per,20.7
1772686374,pure-ftpd,chatafl,2,l_abs,1344
1772686374,pure-ftpd,chatafl,2,b_per,14.2
1772686374,pure-ftpd,chatafl,2,b_abs,670
1772686374,pure-ftpd,chatafl,2,l_per,20.7
1772686374,pure-ftpd,chatafl,2,l_abs,1344
1772686374,pure-ftpd,chatafl,2,b_per,14.2
1772686374,pure-ftpd,chatafl,2,b_abs,670
1772686374,pure-ftpd,chatafl,2,l_per,20.7
1772686374,pure-ftpd,chatafl,2,l_abs,1344
1772686374,pure-ftpd,chatafl,2,b_per,14.2
1772686374,pure-ftpd,chatafl,2,b_abs,670
1772686375,pure-ftpd,chatafl,2,l_per,20.7
1772686375,pure-ftpd,chatafl,2,l_abs,1344
1772686375,pure-ftpd,chatafl,2,b_per,14.2
1772686375,pure-ftpd,chatafl,2,b_abs,670
1772686376,pure-ftpd,chatafl,2,l_per,20.7
1772686376,pure-ftpd,chatafl,2,l_abs,1344
1772686376,pure-ftpd,chatafl,2,b_per,14.2
1772686376,pure-ftpd,chatafl,2,b_abs,670
1772686377,pure-ftpd,chatafl,2,l_per,20.7
1772686377,pure-ftpd,chatafl,2,l_abs,1344
1772686377,pure-ftpd,chatafl,2,b_per,14.2
1772686377,pure-ftpd,chatafl,2,b_abs,670
1772686302,pure-ftpd,chatafl,2,l_per,20.7
1772686302,pure-ftpd,chatafl,2,l_abs,1344
1772686302,pure-ftpd,chatafl,2,b_per,14.2
1772686302,pure-ftpd,chatafl,2,b_abs,670
1772686323,pure-ftpd,chatafl,2,l_per,20.7
1772686323,pure-ftpd,chatafl,2,l_abs,1344
1772686323,pure-ftpd,chatafl,2,b_per,14.2
1772686323,pure-ftpd,chatafl,2,b_abs,670
1772686341,pure-ftpd,chatafl,2,l_per,20.7
1772686341,pure-ftpd,chatafl,2,l_abs,1344
1772686341,pure-ftpd,chatafl,2,b_per,14.2
1772686341,pure-ftpd,chatafl,2,b_abs,670
1772686362,pure-ftpd,chatafl,2,l_per,20.7
1772686362,pure-ftpd,chatafl,2,l_abs,1344
1772686362,pure-ftpd,chatafl,2,b_per,14.2
1772686362,pure-ftpd,chatafl,2,b_abs,670
1772686394,pure-ftpd,chatafl,2,l_per,20.7
1772686394,pure-ftpd,chatafl,2,l_abs,1345
1772686394,pure-ftpd,chatafl,2,b_per,14.3
1772686394,pure-ftpd,chatafl,2,b_abs,673
1772686566,pure-ftpd,chatafl,2,l_per,21.0
1772686566,pure-ftpd,chatafl,2,l_abs,1364
1772686566,pure-ftpd,chatafl,2,b_per,14.6
1772686566,pure-ftpd,chatafl,2,b_abs,688
1772686823,pure-ftpd,chatafl,2,l_per,21.5
1772686823,pure-ftpd,chatafl,2,l_abs,1396
1772686823,pure-ftpd,chatafl,2,b_per,15.0
1772686823,pure-ftpd,chatafl,2,b_abs,704
1772687391,pure-ftpd,chatafl,2,l_per,21.7
1772687391,pure-ftpd,chatafl,2,l_abs,1405
1772687391,pure-ftpd,chatafl,2,b_per,15.2
1772687391,pure-ftpd,chatafl,2,b_abs,716
1772687935,pure-ftpd,chatafl,2,l_per,21.8
1772687935,pure-ftpd,chatafl,2,l_abs,1415
1772687935,pure-ftpd,chatafl,2,b_per,15.3
1772687935,pure-ftpd,chatafl,2,b_abs,722
1772688438,pure-ftpd,chatafl,2,l_per,23.9
1772688438,pure-ftpd,chatafl,2,l_abs,1548
1772688438,pure-ftpd,chatafl,2,b_per,16.9
1772688438,pure-ftpd,chatafl,2,b_abs,797
1772689392,pure-ftpd,chatafl,2,l_per,24.1
1772689392,pure-ftpd,chatafl,2,l_abs,1566
1772689392,pure-ftpd,chatafl,2,b_per,17.2
1772689392,pure-ftpd,chatafl,2,b_abs,808
1772690458,pure-ftpd,chatafl,2,l_per,24.3
1772690458,pure-ftpd,chatafl,2,l_abs,1579
1772690458,pure-ftpd,chatafl,2,b_per,17.3
1772690458,pure-ftpd,chatafl,2,b_abs,816
1772695724,pure-ftpd,chatafl,2,l_per,24.6
1772695724,pure-ftpd,chatafl,2,l_abs,1596
1772695724,pure-ftpd,chatafl,2,b_per,17.7
1772695724,pure-ftpd,chatafl,2,b_abs,834
1772697276,pure-ftpd,chatafl,2,l_per,24.9
1772697276,pure-ftpd,chatafl,2,l_abs,1619
1772697276,pure-ftpd,chatafl,2,b_per,18.0
1772697276,pure-ftpd,chatafl,2,b_abs,848
1772685241,pure-ftpd,chatafl_opt,1,l_per,13.8
1772685241,pure-ftpd,chatafl_opt,1,l_abs,896
1772685241,pure-ftpd,chatafl_opt,1,b_per,8.8
1772685241,pure-ftpd,chatafl_opt,1,b_abs,412
1772685242,pure-ftpd,chatafl_opt,1,l_per,15.8
1772685242,pure-ftpd,chatafl_opt,1,l_abs,1026
1772685242,pure-ftpd,chatafl_opt,1,b_per,10.2
1772685242,pure-ftpd,chatafl_opt,1,b_abs,481
1772685243,pure-ftpd,chatafl_opt,1,l_per,19.4
1772685243,pure-ftpd,chatafl_opt,1,l_abs,1257
1772685243,pure-ftpd,chatafl_opt,1,b_per,12.9
1772685243,pure-ftpd,chatafl_opt,1,b_abs,606
1772685243,pure-ftpd,chatafl_opt,1,l_per,19.4
1772685243,pure-ftpd,chatafl_opt,1,l_abs,1257
1772685243,pure-ftpd,chatafl_opt,1,b_per,12.9
1772685243,pure-ftpd,chatafl_opt,1,b_abs,606
1772685244,pure-ftpd,chatafl_opt,1,l_per,19.4
1772685244,pure-ftpd,chatafl_opt,1,l_abs,1257
1772685244,pure-ftpd,chatafl_opt,1,b_per,12.9
1772685244,pure-ftpd,chatafl_opt,1,b_abs,606
1772685244,pure-ftpd,chatafl_opt,1,l_per,19.6
1772685244,pure-ftpd,chatafl_opt,1,l_abs,1269
1772685244,pure-ftpd,chatafl_opt,1,b_per,13.1
1772685244,pure-ftpd,chatafl_opt,1,b_abs,615
1772685245,pure-ftpd,chatafl_opt,1,l_per,19.6
1772685245,pure-ftpd,chatafl_opt,1,l_abs,1269
1772685245,pure-ftpd,chatafl_opt,1,b_per,13.1
1772685245,pure-ftpd,chatafl_opt,1,b_abs,615
1772685245,pure-ftpd,chatafl_opt,1,l_per,19.8
1772685245,pure-ftpd,chatafl_opt,1,l_abs,1283
1772685245,pure-ftpd,chatafl_opt,1,b_per,13.3
1772685245,pure-ftpd,chatafl_opt,1,b_abs,626
1772685246,pure-ftpd,chatafl_opt,1,l_per,19.8
1772685246,pure-ftpd,chatafl_opt,1,l_abs,1283
1772685246,pure-ftpd,chatafl_opt,1,b_per,13.3
1772685246,pure-ftpd,chatafl_opt,1,b_abs,626
1772685247,pure-ftpd,chatafl_opt,1,l_per,20.1
1772685247,pure-ftpd,chatafl_opt,1,l_abs,1304
1772685247,pure-ftpd,chatafl_opt,1,b_per,13.7
1772685247,pure-ftpd,chatafl_opt,1,b_abs,646
1772685247,pure-ftpd,chatafl_opt,1,l_per,20.1
1772685247,pure-ftpd,chatafl_opt,1,l_abs,1307
1772685247,pure-ftpd,chatafl_opt,1,b_per,13.8
1772685247,pure-ftpd,chatafl_opt,1,b_abs,648
1772685249,pure-ftpd,chatafl_opt,1,l_per,20.1
1772685249,pure-ftpd,chatafl_opt,1,l_abs,1307
1772685249,pure-ftpd,chatafl_opt,1,b_per,13.8
1772685249,pure-ftpd,chatafl_opt,1,b_abs,648
1772685250,pure-ftpd,chatafl_opt,1,l_per,20.3
1772685250,pure-ftpd,chatafl_opt,1,l_abs,1318
1772685250,pure-ftpd,chatafl_opt,1,b_per,13.9
1772685250,pure-ftpd,chatafl_opt,1,b_abs,656
1772685250,pure-ftpd,chatafl_opt,1,l_per,20.3
1772685250,pure-ftpd,chatafl_opt,1,l_abs,1318
1772685250,pure-ftpd,chatafl_opt,1,b_per,13.9
1772685250,pure-ftpd,chatafl_opt,1,b_abs,656
1772685251,pure-ftpd,chatafl_opt,1,l_per,20.4
1772685251,pure-ftpd,chatafl_opt,1,l_abs,1326
1772685251,pure-ftpd,chatafl_opt,1,b_per,14.0
1772685251,pure-ftpd,chatafl_opt,1,b_abs,658
1772685252,pure-ftpd,chatafl_opt,1,l_per,20.4
1772685252,pure-ftpd,chatafl_opt,1,l_abs,1327
1772685252,pure-ftpd,chatafl_opt,1,b_per,14.0
1772685252,pure-ftpd,chatafl_opt,1,b_abs,659
1772685253,pure-ftpd,chatafl_opt,1,l_per,20.4
1772685253,pure-ftpd,chatafl_opt,1,l_abs,1327
1772685253,pure-ftpd,chatafl_opt,1,b_per,14.0
1772685253,pure-ftpd,chatafl_opt,1,b_abs,659
1772685254,pure-ftpd,chatafl_opt,1,l_per,20.6
1772685254,pure-ftpd,chatafl_opt,1,l_abs,1338
1772685254,pure-ftpd,chatafl_opt,1,b_per,14.1
1772685254,pure-ftpd,chatafl_opt,1,b_abs,665
1772685254,pure-ftpd,chatafl_opt,1,l_per,20.7
1772685254,pure-ftpd,chatafl_opt,1,l_abs,1345
1772685254,pure-ftpd,chatafl_opt,1,b_per,14.2
1772685254,pure-ftpd,chatafl_opt,1,b_abs,670
1772685255,pure-ftpd,chatafl_opt,1,l_per,20.9
1772685255,pure-ftpd,chatafl_opt,1,l_abs,1357
1772685255,pure-ftpd,chatafl_opt,1,b_per,14.5
1772685255,pure-ftpd,chatafl_opt,1,b_abs,681
1772685255,pure-ftpd,chatafl_opt,1,l_per,20.9
1772685255,pure-ftpd,chatafl_opt,1,l_abs,1357
1772685255,pure-ftpd,chatafl_opt,1,b_per,14.5
1772685255,pure-ftpd,chatafl_opt,1,b_abs,681
1772685256,pure-ftpd,chatafl_opt,1,l_per,20.9
1772685256,pure-ftpd,chatafl_opt,1,l_abs,1358
1772685256,pure-ftpd,chatafl_opt,1,b_per,14.5
1772685256,pure-ftpd,chatafl_opt,1,b_abs,682
1772685257,pure-ftpd,chatafl_opt,1,l_per,21.2
1772685257,pure-ftpd,chatafl_opt,1,l_abs,1377
1772685257,pure-ftpd,chatafl_opt,1,b_per,14.7
1772685257,pure-ftpd,chatafl_opt,1,b_abs,690
1772685257,pure-ftpd,chatafl_opt,1,l_per,21.3
1772685257,pure-ftpd,chatafl_opt,1,l_abs,1380
1772685257,pure-ftpd,chatafl_opt,1,b_per,14.7
1772685257,pure-ftpd,chatafl_opt,1,b_abs,692
1772685257,pure-ftpd,chatafl_opt,1,l_per,21.3
1772685257,pure-ftpd,chatafl_opt,1,l_abs,1380
1772685257,pure-ftpd,chatafl_opt,1,b_per,14.7
1772685257,pure-ftpd,chatafl_opt,1,b_abs,692
1772685258,pure-ftpd,chatafl_opt,1,l_per,21.3
1772685258,pure-ftpd,chatafl_opt,1,l_abs,1381
1772685258,pure-ftpd,chatafl_opt,1,b_per,14.7
1772685258,pure-ftpd,chatafl_opt,1,b_abs,693
1772685258,pure-ftpd,chatafl_opt,1,l_per,21.3
1772685258,pure-ftpd,chatafl_opt,1,l_abs,1381
1772685258,pure-ftpd,chatafl_opt,1,b_per,14.7
1772685258,pure-ftpd,chatafl_opt,1,b_abs,693
1772685259,pure-ftpd,chatafl_opt,1,l_per,21.3
1772685259,pure-ftpd,chatafl_opt,1,l_abs,1381
1772685259,pure-ftpd,chatafl_opt,1,b_per,14.7
1772685259,pure-ftpd,chatafl_opt,1,b_abs,693
1772685259,pure-ftpd,chatafl_opt,1,l_per,21.3
1772685259,pure-ftpd,chatafl_opt,1,l_abs,1381
1772685259,pure-ftpd,chatafl_opt,1,b_per,14.7
1772685259,pure-ftpd,chatafl_opt,1,b_abs,693
1772685260,pure-ftpd,chatafl_opt,1,l_per,21.3
1772685260,pure-ftpd,chatafl_opt,1,l_abs,1381
1772685260,pure-ftpd,chatafl_opt,1,b_per,14.7
1772685260,pure-ftpd,chatafl_opt,1,b_abs,693
1772685260,pure-ftpd,chatafl_opt,1,l_per,21.3
1772685260,pure-ftpd,chatafl_opt,1,l_abs,1381
1772685260,pure-ftpd,chatafl_opt,1,b_per,14.7
1772685260,pure-ftpd,chatafl_opt,1,b_abs,693
1772685260,pure-ftpd,chatafl_opt,1,l_per,21.3
1772685260,pure-ftpd,chatafl_opt,1,l_abs,1381
1772685260,pure-ftpd,chatafl_opt,1,b_per,14.7
1772685260,pure-ftpd,chatafl_opt,1,b_abs,693
1772685261,pure-ftpd,chatafl_opt,1,l_per,21.3
1772685261,pure-ftpd,chatafl_opt,1,l_abs,1381
1772685261,pure-ftpd,chatafl_opt,1,b_per,14.7
1772685261,pure-ftpd,chatafl_opt,1,b_abs,693
1772685261,pure-ftpd,chatafl_opt,1,l_per,21.3
1772685261,pure-ftpd,chatafl_opt,1,l_abs,1381
1772685261,pure-ftpd,chatafl_opt,1,b_per,14.7
1772685261,pure-ftpd,chatafl_opt,1,b_abs,693
1772685262,pure-ftpd,chatafl_opt,1,l_per,21.3
1772685262,pure-ftpd,chatafl_opt,1,l_abs,1383
1772685262,pure-ftpd,chatafl_opt,1,b_per,14.8
1772685262,pure-ftpd,chatafl_opt,1,b_abs,695
1772685262,pure-ftpd,chatafl_opt,1,l_per,21.4
1772685262,pure-ftpd,chatafl_opt,1,l_abs,1390
1772685262,pure-ftpd,chatafl_opt,1,b_per,14.9
1772685262,pure-ftpd,chatafl_opt,1,b_abs,699
1772685263,pure-ftpd,chatafl_opt,1,l_per,21.4
1772685263,pure-ftpd,chatafl_opt,1,l_abs,1390
1772685263,pure-ftpd,chatafl_opt,1,b_per,14.9
1772685263,pure-ftpd,chatafl_opt,1,b_abs,699
1772685263,pure-ftpd,chatafl_opt,1,l_per,21.6
1772685263,pure-ftpd,chatafl_opt,1,l_abs,1400
1772685263,pure-ftpd,chatafl_opt,1,b_per,15.0
1772685263,pure-ftpd,chatafl_opt,1,b_abs,706
1772685264,pure-ftpd,chatafl_opt,1,l_per,21.6
1772685264,pure-ftpd,chatafl_opt,1,l_abs,1400
1772685264,pure-ftpd,chatafl_opt,1,b_per,15.0
1772685264,pure-ftpd,chatafl_opt,1,b_abs,706
1772685264,pure-ftpd,chatafl_opt,1,l_per,21.6
1772685264,pure-ftpd,chatafl_opt,1,l_abs,1400
1772685264,pure-ftpd,chatafl_opt,1,b_per,15.0
1772685264,pure-ftpd,chatafl_opt,1,b_abs,706
1772685265,pure-ftpd,chatafl_opt,1,l_per,21.6
1772685265,pure-ftpd,chatafl_opt,1,l_abs,1400
1772685265,pure-ftpd,chatafl_opt,1,b_per,15.0
1772685265,pure-ftpd,chatafl_opt,1,b_abs,706
1772685265,pure-ftpd,chatafl_opt,1,l_per,21.6
1772685265,pure-ftpd,chatafl_opt,1,l_abs,1400
1772685265,pure-ftpd,chatafl_opt,1,b_per,15.0
1772685265,pure-ftpd,chatafl_opt,1,b_abs,706
1772685266,pure-ftpd,chatafl_opt,1,l_per,21.6
1772685266,pure-ftpd,chatafl_opt,1,l_abs,1403
1772685266,pure-ftpd,chatafl_opt,1,b_per,15.0
1772685266,pure-ftpd,chatafl_opt,1,b_abs,708
1772685267,pure-ftpd,chatafl_opt,1,l_per,21.6
1772685267,pure-ftpd,chatafl_opt,1,l_abs,1403
1772685267,pure-ftpd,chatafl_opt,1,b_per,15.0
1772685267,pure-ftpd,chatafl_opt,1,b_abs,708
1772685267,pure-ftpd,chatafl_opt,1,l_per,21.6
1772685267,pure-ftpd,chatafl_opt,1,l_abs,1403
1772685267,pure-ftpd,chatafl_opt,1,b_per,15.0
1772685267,pure-ftpd,chatafl_opt,1,b_abs,708
1772685268,pure-ftpd,chatafl_opt,1,l_per,21.6
1772685268,pure-ftpd,chatafl_opt,1,l_abs,1403
1772685268,pure-ftpd,chatafl_opt,1,b_per,15.1
1772685268,pure-ftpd,chatafl_opt,1,b_abs,710
1772685268,pure-ftpd,chatafl_opt,1,l_per,21.6
1772685268,pure-ftpd,chatafl_opt,1,l_abs,1403
1772685268,pure-ftpd,chatafl_opt,1,b_per,15.1
1772685268,pure-ftpd,chatafl_opt,1,b_abs,710
1772685269,pure-ftpd,chatafl_opt,1,l_per,21.6
1772685269,pure-ftpd,chatafl_opt,1,l_abs,1403
1772685269,pure-ftpd,chatafl_opt,1,b_per,15.1
1772685269,pure-ftpd,chatafl_opt,1,b_abs,710
1772685269,pure-ftpd,chatafl_opt,1,l_per,21.6
1772685269,pure-ftpd,chatafl_opt,1,l_abs,1403
1772685269,pure-ftpd,chatafl_opt,1,b_per,15.1
1772685269,pure-ftpd,chatafl_opt,1,b_abs,710
1772685270,pure-ftpd,chatafl_opt,1,l_per,21.6
1772685270,pure-ftpd,chatafl_opt,1,l_abs,1404
1772685270,pure-ftpd,chatafl_opt,1,b_per,15.1
1772685270,pure-ftpd,chatafl_opt,1,b_abs,712
1772685270,pure-ftpd,chatafl_opt,1,l_per,21.6
1772685270,pure-ftpd,chatafl_opt,1,l_abs,1404
1772685270,pure-ftpd,chatafl_opt,1,b_per,15.1
1772685270,pure-ftpd,chatafl_opt,1,b_abs,712
1772685271,pure-ftpd,chatafl_opt,1,l_per,21.7
1772685271,pure-ftpd,chatafl_opt,1,l_abs,1406
1772685271,pure-ftpd,chatafl_opt,1,b_per,15.2
1772685271,pure-ftpd,chatafl_opt,1,b_abs,713
1772685271,pure-ftpd,chatafl_opt,1,l_per,21.7
1772685271,pure-ftpd,chatafl_opt,1,l_abs,1406
1772685271,pure-ftpd,chatafl_opt,1,b_per,15.2
1772685271,pure-ftpd,chatafl_opt,1,b_abs,713
1772685272,pure-ftpd,chatafl_opt,1,l_per,21.7
1772685272,pure-ftpd,chatafl_opt,1,l_abs,1406
1772685272,pure-ftpd,chatafl_opt,1,b_per,15.2
1772685272,pure-ftpd,chatafl_opt,1,b_abs,714
1772685273,pure-ftpd,chatafl_opt,1,l_per,21.7
1772685273,pure-ftpd,chatafl_opt,1,l_abs,1406
1772685273,pure-ftpd,chatafl_opt,1,b_per,15.2
1772685273,pure-ftpd,chatafl_opt,1,b_abs,714
1772685274,pure-ftpd,chatafl_opt,1,l_per,21.7
1772685274,pure-ftpd,chatafl_opt,1,l_abs,1407
1772685274,pure-ftpd,chatafl_opt,1,b_per,15.2
1772685274,pure-ftpd,chatafl_opt,1,b_abs,716
1772685274,pure-ftpd,chatafl_opt,1,l_per,21.7
1772685274,pure-ftpd,chatafl_opt,1,l_abs,1407
1772685274,pure-ftpd,chatafl_opt,1,b_per,15.2
1772685274,pure-ftpd,chatafl_opt,1,b_abs,716
1772685275,pure-ftpd,chatafl_opt,1,l_per,21.7
1772685275,pure-ftpd,chatafl_opt,1,l_abs,1407
1772685275,pure-ftpd,chatafl_opt,1,b_per,15.2
1772685275,pure-ftpd,chatafl_opt,1,b_abs,716
1772685276,pure-ftpd,chatafl_opt,1,l_per,21.7
1772685276,pure-ftpd,chatafl_opt,1,l_abs,1407
1772685276,pure-ftpd,chatafl_opt,1,b_per,15.2
1772685276,pure-ftpd,chatafl_opt,1,b_abs,716
1772685276,pure-ftpd,chatafl_opt,1,l_per,21.7
1772685276,pure-ftpd,chatafl_opt,1,l_abs,1407
1772685276,pure-ftpd,chatafl_opt,1,b_per,15.2
1772685276,pure-ftpd,chatafl_opt,1,b_abs,716
1772685277,pure-ftpd,chatafl_opt,1,l_per,21.7
1772685277,pure-ftpd,chatafl_opt,1,l_abs,1407
1772685277,pure-ftpd,chatafl_opt,1,b_per,15.2
1772685277,pure-ftpd,chatafl_opt,1,b_abs,716
1772685277,pure-ftpd,chatafl_opt,1,l_per,21.7
1772685277,pure-ftpd,chatafl_opt,1,l_abs,1407
1772685277,pure-ftpd,chatafl_opt,1,b_per,15.2
1772685277,pure-ftpd,chatafl_opt,1,b_abs,716
1772685278,pure-ftpd,chatafl_opt,1,l_per,21.7
1772685278,pure-ftpd,chatafl_opt,1,l_abs,1407
1772685278,pure-ftpd,chatafl_opt,1,b_per,15.2
1772685278,pure-ftpd,chatafl_opt,1,b_abs,716
1772685278,pure-ftpd,chatafl_opt,1,l_per,21.7
1772685278,pure-ftpd,chatafl_opt,1,l_abs,1407
1772685278,pure-ftpd,chatafl_opt,1,b_per,15.2
1772685278,pure-ftpd,chatafl_opt,1,b_abs,716
1772685278,pure-ftpd,chatafl_opt,1,l_per,21.7
1772685278,pure-ftpd,chatafl_opt,1,l_abs,1407
1772685278,pure-ftpd,chatafl_opt,1,b_per,15.2
1772685278,pure-ftpd,chatafl_opt,1,b_abs,716
1772685279,pure-ftpd,chatafl_opt,1,l_per,21.7
1772685279,pure-ftpd,chatafl_opt,1,l_abs,1407
1772685279,pure-ftpd,chatafl_opt,1,b_per,15.2
1772685279,pure-ftpd,chatafl_opt,1,b_abs,716
1772685280,pure-ftpd,chatafl_opt,1,l_per,21.7
1772685280,pure-ftpd,chatafl_opt,1,l_abs,1407
1772685280,pure-ftpd,chatafl_opt,1,b_per,15.2
1772685280,pure-ftpd,chatafl_opt,1,b_abs,716
1772685280,pure-ftpd,chatafl_opt,1,l_per,21.7
1772685280,pure-ftpd,chatafl_opt,1,l_abs,1407
1772685280,pure-ftpd,chatafl_opt,1,b_per,15.2
1772685280,pure-ftpd,chatafl_opt,1,b_abs,716
1772685281,pure-ftpd,chatafl_opt,1,l_per,21.7
1772685281,pure-ftpd,chatafl_opt,1,l_abs,1411
1772685281,pure-ftpd,chatafl_opt,1,b_per,15.3
1772685281,pure-ftpd,chatafl_opt,1,b_abs,719
1772685281,pure-ftpd,chatafl_opt,1,l_per,21.7
1772685281,pure-ftpd,chatafl_opt,1,l_abs,1411
1772685281,pure-ftpd,chatafl_opt,1,b_per,15.3
1772685281,pure-ftpd,chatafl_opt,1,b_abs,719
1772685281,pure-ftpd,chatafl_opt,1,l_per,21.7
1772685281,pure-ftpd,chatafl_opt,1,l_abs,1411
1772685281,pure-ftpd,chatafl_opt,1,b_per,15.3
1772685281,pure-ftpd,chatafl_opt,1,b_abs,719
1772685282,pure-ftpd,chatafl_opt,1,l_per,21.7
1772685282,pure-ftpd,chatafl_opt,1,l_abs,1411
1772685282,pure-ftpd,chatafl_opt,1,b_per,15.3
1772685282,pure-ftpd,chatafl_opt,1,b_abs,719
1772685282,pure-ftpd,chatafl_opt,1,l_per,21.7
1772685282,pure-ftpd,chatafl_opt,1,l_abs,1411
1772685282,pure-ftpd,chatafl_opt,1,b_per,15.3
1772685282,pure-ftpd,chatafl_opt,1,b_abs,719
1772685283,pure-ftpd,chatafl_opt,1,l_per,21.7
1772685283,pure-ftpd,chatafl_opt,1,l_abs,1411
1772685283,pure-ftpd,chatafl_opt,1,b_per,15.3
1772685283,pure-ftpd,chatafl_opt,1,b_abs,719
1772685283,pure-ftpd,chatafl_opt,1,l_per,21.7
1772685283,pure-ftpd,chatafl_opt,1,l_abs,1411
1772685283,pure-ftpd,chatafl_opt,1,b_per,15.3
1772685283,pure-ftpd,chatafl_opt,1,b_abs,719
1772685284,pure-ftpd,chatafl_opt,1,l_per,21.7
1772685284,pure-ftpd,chatafl_opt,1,l_abs,1411
1772685284,pure-ftpd,chatafl_opt,1,b_per,15.3
1772685284,pure-ftpd,chatafl_opt,1,b_abs,719
1772685284,pure-ftpd,chatafl_opt,1,l_per,21.7
1772685284,pure-ftpd,chatafl_opt,1,l_abs,1411
1772685284,pure-ftpd,chatafl_opt,1,b_per,15.3
1772685284,pure-ftpd,chatafl_opt,1,b_abs,719
1772685285,pure-ftpd,chatafl_opt,1,l_per,21.7
1772685285,pure-ftpd,chatafl_opt,1,l_abs,1411
1772685285,pure-ftpd,chatafl_opt,1,b_per,15.3
1772685285,pure-ftpd,chatafl_opt,1,b_abs,719
1772685285,pure-ftpd,chatafl_opt,1,l_per,21.7
1772685285,pure-ftpd,chatafl_opt,1,l_abs,1411
1772685285,pure-ftpd,chatafl_opt,1,b_per,15.3
1772685285,pure-ftpd,chatafl_opt,1,b_abs,719
1772685286,pure-ftpd,chatafl_opt,1,l_per,21.7
1772685286,pure-ftpd,chatafl_opt,1,l_abs,1411
1772685286,pure-ftpd,chatafl_opt,1,b_per,15.3
1772685286,pure-ftpd,chatafl_opt,1,b_abs,719
1772685286,pure-ftpd,chatafl_opt,1,l_per,21.7
1772685286,pure-ftpd,chatafl_opt,1,l_abs,1411
1772685286,pure-ftpd,chatafl_opt,1,b_per,15.3
1772685286,pure-ftpd,chatafl_opt,1,b_abs,719
1772685287,pure-ftpd,chatafl_opt,1,l_per,21.7
1772685287,pure-ftpd,chatafl_opt,1,l_abs,1411
1772685287,pure-ftpd,chatafl_opt,1,b_per,15.3
1772685287,pure-ftpd,chatafl_opt,1,b_abs,719
1772685287,pure-ftpd,chatafl_opt,1,l_per,21.7
1772685287,pure-ftpd,chatafl_opt,1,l_abs,1411
1772685287,pure-ftpd,chatafl_opt,1,b_per,15.3
1772685287,pure-ftpd,chatafl_opt,1,b_abs,719
1772685287,pure-ftpd,chatafl_opt,1,l_per,21.7
1772685287,pure-ftpd,chatafl_opt,1,l_abs,1411
1772685287,pure-ftpd,chatafl_opt,1,b_per,15.3
1772685287,pure-ftpd,chatafl_opt,1,b_abs,719
1772685288,pure-ftpd,chatafl_opt,1,l_per,21.7
1772685288,pure-ftpd,chatafl_opt,1,l_abs,1411
1772685288,pure-ftpd,chatafl_opt,1,b_per,15.3
1772685288,pure-ftpd,chatafl_opt,1,b_abs,719
1772685288,pure-ftpd,chatafl_opt,1,l_per,21.7
1772685288,pure-ftpd,chatafl_opt,1,l_abs,1411
1772685288,pure-ftpd,chatafl_opt,1,b_per,15.3
1772685288,pure-ftpd,chatafl_opt,1,b_abs,719
1772685289,pure-ftpd,chatafl_opt,1,l_per,21.7
1772685289,pure-ftpd,chatafl_opt,1,l_abs,1411
1772685289,pure-ftpd,chatafl_opt,1,b_per,15.3
1772685289,pure-ftpd,chatafl_opt,1,b_abs,719
1772685291,pure-ftpd,chatafl_opt,1,l_per,21.7
1772685291,pure-ftpd,chatafl_opt,1,l_abs,1411
1772685291,pure-ftpd,chatafl_opt,1,b_per,15.3
1772685291,pure-ftpd,chatafl_opt,1,b_abs,719
1772685291,pure-ftpd,chatafl_opt,1,l_per,21.7
1772685291,pure-ftpd,chatafl_opt,1,l_abs,1411
1772685291,pure-ftpd,chatafl_opt,1,b_per,15.3
1772685291,pure-ftpd,chatafl_opt,1,b_abs,719
1772685291,pure-ftpd,chatafl_opt,1,l_per,21.7
1772685291,pure-ftpd,chatafl_opt,1,l_abs,1411
1772685291,pure-ftpd,chatafl_opt,1,b_per,15.3
1772685291,pure-ftpd,chatafl_opt,1,b_abs,719
1772685292,pure-ftpd,chatafl_opt,1,l_per,21.7
1772685292,pure-ftpd,chatafl_opt,1,l_abs,1411
1772685292,pure-ftpd,chatafl_opt,1,b_per,15.3
1772685292,pure-ftpd,chatafl_opt,1,b_abs,719
1772685292,pure-ftpd,chatafl_opt,1,l_per,21.7
1772685292,pure-ftpd,chatafl_opt,1,l_abs,1411
1772685292,pure-ftpd,chatafl_opt,1,b_per,15.3
1772685292,pure-ftpd,chatafl_opt,1,b_abs,719
1772685292,pure-ftpd,chatafl_opt,1,l_per,21.7
1772685292,pure-ftpd,chatafl_opt,1,l_abs,1411
1772685292,pure-ftpd,chatafl_opt,1,b_per,15.3
1772685292,pure-ftpd,chatafl_opt,1,b_abs,719
1772685293,pure-ftpd,chatafl_opt,1,l_per,21.7
1772685293,pure-ftpd,chatafl_opt,1,l_abs,1411
1772685293,pure-ftpd,chatafl_opt,1,b_per,15.3
1772685293,pure-ftpd,chatafl_opt,1,b_abs,719
1772685294,pure-ftpd,chatafl_opt,1,l_per,22.0
1772685294,pure-ftpd,chatafl_opt,1,l_abs,1425
1772685294,pure-ftpd,chatafl_opt,1,b_per,15.4
1772685294,pure-ftpd,chatafl_opt,1,b_abs,726
1772685294,pure-ftpd,chatafl_opt,1,l_per,22.0
1772685294,pure-ftpd,chatafl_opt,1,l_abs,1425
1772685294,pure-ftpd,chatafl_opt,1,b_per,15.4
1772685294,pure-ftpd,chatafl_opt,1,b_abs,726
1772685294,pure-ftpd,chatafl_opt,1,l_per,22.0
1772685294,pure-ftpd,chatafl_opt,1,l_abs,1425
1772685294,pure-ftpd,chatafl_opt,1,b_per,15.4
1772685294,pure-ftpd,chatafl_opt,1,b_abs,726
1772685295,pure-ftpd,chatafl_opt,1,l_per,22.0
1772685295,pure-ftpd,chatafl_opt,1,l_abs,1425
1772685295,pure-ftpd,chatafl_opt,1,b_per,15.4
1772685295,pure-ftpd,chatafl_opt,1,b_abs,726
1772685296,pure-ftpd,chatafl_opt,1,l_per,22.0
1772685296,pure-ftpd,chatafl_opt,1,l_abs,1425
1772685296,pure-ftpd,chatafl_opt,1,b_per,15.4
1772685296,pure-ftpd,chatafl_opt,1,b_abs,726
1772685296,pure-ftpd,chatafl_opt,1,l_per,22.0
1772685296,pure-ftpd,chatafl_opt,1,l_abs,1425
1772685296,pure-ftpd,chatafl_opt,1,b_per,15.4
1772685296,pure-ftpd,chatafl_opt,1,b_abs,726
1772685297,pure-ftpd,chatafl_opt,1,l_per,22.0
1772685297,pure-ftpd,chatafl_opt,1,l_abs,1425
1772685297,pure-ftpd,chatafl_opt,1,b_per,15.4
1772685297,pure-ftpd,chatafl_opt,1,b_abs,726
1772685297,pure-ftpd,chatafl_opt,1,l_per,22.0
1772685297,pure-ftpd,chatafl_opt,1,l_abs,1425
1772685297,pure-ftpd,chatafl_opt,1,b_per,15.4
1772685297,pure-ftpd,chatafl_opt,1,b_abs,726
1772685298,pure-ftpd,chatafl_opt,1,l_per,22.0
1772685298,pure-ftpd,chatafl_opt,1,l_abs,1425
1772685298,pure-ftpd,chatafl_opt,1,b_per,15.4
1772685298,pure-ftpd,chatafl_opt,1,b_abs,726
1772685299,pure-ftpd,chatafl_opt,1,l_per,22.0
1772685299,pure-ftpd,chatafl_opt,1,l_abs,1425
1772685299,pure-ftpd,chatafl_opt,1,b_per,15.4
1772685299,pure-ftpd,chatafl_opt,1,b_abs,726
1772685299,pure-ftpd,chatafl_opt,1,l_per,22.0
1772685299,pure-ftpd,chatafl_opt,1,l_abs,1425
1772685299,pure-ftpd,chatafl_opt,1,b_per,15.4
1772685299,pure-ftpd,chatafl_opt,1,b_abs,726
1772685299,pure-ftpd,chatafl_opt,1,l_per,22.0
1772685299,pure-ftpd,chatafl_opt,1,l_abs,1425
1772685299,pure-ftpd,chatafl_opt,1,b_per,15.4
1772685299,pure-ftpd,chatafl_opt,1,b_abs,726
1772685300,pure-ftpd,chatafl_opt,1,l_per,22.0
1772685300,pure-ftpd,chatafl_opt,1,l_abs,1425
1772685300,pure-ftpd,chatafl_opt,1,b_per,15.4
1772685300,pure-ftpd,chatafl_opt,1,b_abs,726
1772685301,pure-ftpd,chatafl_opt,1,l_per,22.0
1772685301,pure-ftpd,chatafl_opt,1,l_abs,1425
1772685301,pure-ftpd,chatafl_opt,1,b_per,15.4
1772685301,pure-ftpd,chatafl_opt,1,b_abs,726
1772685302,pure-ftpd,chatafl_opt,1,l_per,22.0
1772685302,pure-ftpd,chatafl_opt,1,l_abs,1425
1772685302,pure-ftpd,chatafl_opt,1,b_per,15.4
1772685302,pure-ftpd,chatafl_opt,1,b_abs,726
1772685302,pure-ftpd,chatafl_opt,1,l_per,22.0
1772685302,pure-ftpd,chatafl_opt,1,l_abs,1425
1772685302,pure-ftpd,chatafl_opt,1,b_per,15.4
1772685302,pure-ftpd,chatafl_opt,1,b_abs,726
1772685304,pure-ftpd,chatafl_opt,1,l_per,22.0
1772685304,pure-ftpd,chatafl_opt,1,l_abs,1425
1772685304,pure-ftpd,chatafl_opt,1,b_per,15.4
1772685304,pure-ftpd,chatafl_opt,1,b_abs,726
1772685304,pure-ftpd,chatafl_opt,1,l_per,22.0
1772685304,pure-ftpd,chatafl_opt,1,l_abs,1425
1772685304,pure-ftpd,chatafl_opt,1,b_per,15.4
1772685304,pure-ftpd,chatafl_opt,1,b_abs,726
1772685304,pure-ftpd,chatafl_opt,1,l_per,22.0
1772685304,pure-ftpd,chatafl_opt,1,l_abs,1425
1772685304,pure-ftpd,chatafl_opt,1,b_per,15.4
1772685304,pure-ftpd,chatafl_opt,1,b_abs,726
1772685305,pure-ftpd,chatafl_opt,1,l_per,22.0
1772685305,pure-ftpd,chatafl_opt,1,l_abs,1425
1772685305,pure-ftpd,chatafl_opt,1,b_per,15.4
1772685305,pure-ftpd,chatafl_opt,1,b_abs,726
1772685306,pure-ftpd,chatafl_opt,1,l_per,22.0
1772685306,pure-ftpd,chatafl_opt,1,l_abs,1425
1772685306,pure-ftpd,chatafl_opt,1,b_per,15.4
1772685306,pure-ftpd,chatafl_opt,1,b_abs,726
1772685306,pure-ftpd,chatafl_opt,1,l_per,22.0
1772685306,pure-ftpd,chatafl_opt,1,l_abs,1425
1772685306,pure-ftpd,chatafl_opt,1,b_per,15.4
1772685306,pure-ftpd,chatafl_opt,1,b_abs,726
1772685307,pure-ftpd,chatafl_opt,1,l_per,22.0
1772685307,pure-ftpd,chatafl_opt,1,l_abs,1425
1772685307,pure-ftpd,chatafl_opt,1,b_per,15.4
1772685307,pure-ftpd,chatafl_opt,1,b_abs,726
1772685308,pure-ftpd,chatafl_opt,1,l_per,22.1
1772685308,pure-ftpd,chatafl_opt,1,l_abs,1432
1772685308,pure-ftpd,chatafl_opt,1,b_per,15.6
1772685308,pure-ftpd,chatafl_opt,1,b_abs,734
1772685309,pure-ftpd,chatafl_opt,1,l_per,22.1
1772685309,pure-ftpd,chatafl_opt,1,l_abs,1432
1772685309,pure-ftpd,chatafl_opt,1,b_per,15.6
1772685309,pure-ftpd,chatafl_opt,1,b_abs,734
1772685309,pure-ftpd,chatafl_opt,1,l_per,22.1
1772685309,pure-ftpd,chatafl_opt,1,l_abs,1432
1772685309,pure-ftpd,chatafl_opt,1,b_per,15.6
1772685309,pure-ftpd,chatafl_opt,1,b_abs,734
1772685310,pure-ftpd,chatafl_opt,1,l_per,22.1
1772685310,pure-ftpd,chatafl_opt,1,l_abs,1432
1772685310,pure-ftpd,chatafl_opt,1,b_per,15.6
1772685310,pure-ftpd,chatafl_opt,1,b_abs,734
1772685310,pure-ftpd,chatafl_opt,1,l_per,22.1
1772685310,pure-ftpd,chatafl_opt,1,l_abs,1432
1772685310,pure-ftpd,chatafl_opt,1,b_per,15.6
1772685310,pure-ftpd,chatafl_opt,1,b_abs,734
1772685310,pure-ftpd,chatafl_opt,1,l_per,22.1
1772685310,pure-ftpd,chatafl_opt,1,l_abs,1432
1772685310,pure-ftpd,chatafl_opt,1,b_per,15.6
1772685310,pure-ftpd,chatafl_opt,1,b_abs,734
1772685311,pure-ftpd,chatafl_opt,1,l_per,22.1
1772685311,pure-ftpd,chatafl_opt,1,l_abs,1432
1772685311,pure-ftpd,chatafl_opt,1,b_per,15.6
1772685311,pure-ftpd,chatafl_opt,1,b_abs,734
1772685311,pure-ftpd,chatafl_opt,1,l_per,22.1
1772685311,pure-ftpd,chatafl_opt,1,l_abs,1432
1772685311,pure-ftpd,chatafl_opt,1,b_per,15.6
1772685311,pure-ftpd,chatafl_opt,1,b_abs,734
1772685312,pure-ftpd,chatafl_opt,1,l_per,22.1
1772685312,pure-ftpd,chatafl_opt,1,l_abs,1432
1772685312,pure-ftpd,chatafl_opt,1,b_per,15.6
1772685312,pure-ftpd,chatafl_opt,1,b_abs,734
1772685312,pure-ftpd,chatafl_opt,1,l_per,22.1
1772685312,pure-ftpd,chatafl_opt,1,l_abs,1432
1772685312,pure-ftpd,chatafl_opt,1,b_per,15.6
1772685312,pure-ftpd,chatafl_opt,1,b_abs,734
1772685312,pure-ftpd,chatafl_opt,1,l_per,22.1
1772685312,pure-ftpd,chatafl_opt,1,l_abs,1432
1772685312,pure-ftpd,chatafl_opt,1,b_per,15.6
1772685312,pure-ftpd,chatafl_opt,1,b_abs,734
1772685313,pure-ftpd,chatafl_opt,1,l_per,22.1
1772685313,pure-ftpd,chatafl_opt,1,l_abs,1432
1772685313,pure-ftpd,chatafl_opt,1,b_per,15.6
1772685313,pure-ftpd,chatafl_opt,1,b_abs,734
1772685314,pure-ftpd,chatafl_opt,1,l_per,22.1
1772685314,pure-ftpd,chatafl_opt,1,l_abs,1432
1772685314,pure-ftpd,chatafl_opt,1,b_per,15.6
1772685314,pure-ftpd,chatafl_opt,1,b_abs,734
1772685314,pure-ftpd,chatafl_opt,1,l_per,22.1
1772685314,pure-ftpd,chatafl_opt,1,l_abs,1432
1772685314,pure-ftpd,chatafl_opt,1,b_per,15.6
1772685314,pure-ftpd,chatafl_opt,1,b_abs,734
1772685315,pure-ftpd,chatafl_opt,1,l_per,22.1
1772685315,pure-ftpd,chatafl_opt,1,l_abs,1432
1772685315,pure-ftpd,chatafl_opt,1,b_per,15.6
1772685315,pure-ftpd,chatafl_opt,1,b_abs,734
1772685315,pure-ftpd,chatafl_opt,1,l_per,22.1
1772685315,pure-ftpd,chatafl_opt,1,l_abs,1432
1772685315,pure-ftpd,chatafl_opt,1,b_per,15.6
1772685315,pure-ftpd,chatafl_opt,1,b_abs,734
1772685315,pure-ftpd,chatafl_opt,1,l_per,22.1
1772685315,pure-ftpd,chatafl_opt,1,l_abs,1432
1772685315,pure-ftpd,chatafl_opt,1,b_per,15.6
1772685315,pure-ftpd,chatafl_opt,1,b_abs,734
1772685316,pure-ftpd,chatafl_opt,1,l_per,22.1
1772685316,pure-ftpd,chatafl_opt,1,l_abs,1433
1772685316,pure-ftpd,chatafl_opt,1,b_per,15.6
1772685316,pure-ftpd,chatafl_opt,1,b_abs,736
1772685316,pure-ftpd,chatafl_opt,1,l_per,22.1
1772685316,pure-ftpd,chatafl_opt,1,l_abs,1433
1772685316,pure-ftpd,chatafl_opt,1,b_per,15.6
1772685316,pure-ftpd,chatafl_opt,1,b_abs,736
1772685317,pure-ftpd,chatafl_opt,1,l_per,22.1
1772685317,pure-ftpd,chatafl_opt,1,l_abs,1433
1772685317,pure-ftpd,chatafl_opt,1,b_per,15.6
1772685317,pure-ftpd,chatafl_opt,1,b_abs,736
1772685318,pure-ftpd,chatafl_opt,1,l_per,22.1
1772685318,pure-ftpd,chatafl_opt,1,l_abs,1433
1772685318,pure-ftpd,chatafl_opt,1,b_per,15.7
1772685318,pure-ftpd,chatafl_opt,1,b_abs,739
1772685318,pure-ftpd,chatafl_opt,1,l_per,22.1
1772685318,pure-ftpd,chatafl_opt,1,l_abs,1433
1772685318,pure-ftpd,chatafl_opt,1,b_per,15.7
1772685318,pure-ftpd,chatafl_opt,1,b_abs,741
1772685319,pure-ftpd,chatafl_opt,1,l_per,22.1
1772685319,pure-ftpd,chatafl_opt,1,l_abs,1436
1772685319,pure-ftpd,chatafl_opt,1,b_per,15.8
1772685319,pure-ftpd,chatafl_opt,1,b_abs,742
1772685320,pure-ftpd,chatafl_opt,1,l_per,22.1
1772685320,pure-ftpd,chatafl_opt,1,l_abs,1436
1772685320,pure-ftpd,chatafl_opt,1,b_per,15.8
1772685320,pure-ftpd,chatafl_opt,1,b_abs,742
1772685320,pure-ftpd,chatafl_opt,1,l_per,22.1
1772685320,pure-ftpd,chatafl_opt,1,l_abs,1436
1772685320,pure-ftpd,chatafl_opt,1,b_per,15.8
1772685320,pure-ftpd,chatafl_opt,1,b_abs,742
1772685321,pure-ftpd,chatafl_opt,1,l_per,22.1
1772685321,pure-ftpd,chatafl_opt,1,l_abs,1436
1772685321,pure-ftpd,chatafl_opt,1,b_per,15.8
1772685321,pure-ftpd,chatafl_opt,1,b_abs,742
1772685321,pure-ftpd,chatafl_opt,1,l_per,22.1
1772685321,pure-ftpd,chatafl_opt,1,l_abs,1436
1772685321,pure-ftpd,chatafl_opt,1,b_per,15.8
1772685321,pure-ftpd,chatafl_opt,1,b_abs,742
1772685322,pure-ftpd,chatafl_opt,1,l_per,22.1
1772685322,pure-ftpd,chatafl_opt,1,l_abs,1436
1772685322,pure-ftpd,chatafl_opt,1,b_per,15.8
1772685322,pure-ftpd,chatafl_opt,1,b_abs,742
1772685322,pure-ftpd,chatafl_opt,1,l_per,22.1
1772685322,pure-ftpd,chatafl_opt,1,l_abs,1436
1772685322,pure-ftpd,chatafl_opt,1,b_per,15.8
1772685322,pure-ftpd,chatafl_opt,1,b_abs,742
1772685323,pure-ftpd,chatafl_opt,1,l_per,22.1
1772685323,pure-ftpd,chatafl_opt,1,l_abs,1436
1772685323,pure-ftpd,chatafl_opt,1,b_per,15.8
1772685323,pure-ftpd,chatafl_opt,1,b_abs,742
1772685324,pure-ftpd,chatafl_opt,1,l_per,22.1
1772685324,pure-ftpd,chatafl_opt,1,l_abs,1436
1772685324,pure-ftpd,chatafl_opt,1,b_per,15.8
1772685324,pure-ftpd,chatafl_opt,1,b_abs,742
1772685324,pure-ftpd,chatafl_opt,1,l_per,22.1
1772685324,pure-ftpd,chatafl_opt,1,l_abs,1436
1772685324,pure-ftpd,chatafl_opt,1,b_per,15.8
1772685324,pure-ftpd,chatafl_opt,1,b_abs,742
1772685325,pure-ftpd,chatafl_opt,1,l_per,22.1
1772685325,pure-ftpd,chatafl_opt,1,l_abs,1436
1772685325,pure-ftpd,chatafl_opt,1,b_per,15.8
1772685325,pure-ftpd,chatafl_opt,1,b_abs,742
1772685325,pure-ftpd,chatafl_opt,1,l_per,22.1
1772685325,pure-ftpd,chatafl_opt,1,l_abs,1436
1772685325,pure-ftpd,chatafl_opt,1,b_per,15.8
1772685325,pure-ftpd,chatafl_opt,1,b_abs,742
1772685325,pure-ftpd,chatafl_opt,1,l_per,22.1
1772685325,pure-ftpd,chatafl_opt,1,l_abs,1436
1772685325,pure-ftpd,chatafl_opt,1,b_per,15.8
1772685325,pure-ftpd,chatafl_opt,1,b_abs,742
1772685326,pure-ftpd,chatafl_opt,1,l_per,22.1
1772685326,pure-ftpd,chatafl_opt,1,l_abs,1436
1772685326,pure-ftpd,chatafl_opt,1,b_per,15.8
1772685326,pure-ftpd,chatafl_opt,1,b_abs,742
1772685326,pure-ftpd,chatafl_opt,1,l_per,22.1
1772685326,pure-ftpd,chatafl_opt,1,l_abs,1436
1772685326,pure-ftpd,chatafl_opt,1,b_per,15.8
1772685326,pure-ftpd,chatafl_opt,1,b_abs,742
1772685327,pure-ftpd,chatafl_opt,1,l_per,22.1
1772685327,pure-ftpd,chatafl_opt,1,l_abs,1436
1772685327,pure-ftpd,chatafl_opt,1,b_per,15.8
1772685327,pure-ftpd,chatafl_opt,1,b_abs,742
1772685327,pure-ftpd,chatafl_opt,1,l_per,22.1
1772685327,pure-ftpd,chatafl_opt,1,l_abs,1436
1772685327,pure-ftpd,chatafl_opt,1,b_per,15.8
1772685327,pure-ftpd,chatafl_opt,1,b_abs,742
1772685327,pure-ftpd,chatafl_opt,1,l_per,22.1
1772685327,pure-ftpd,chatafl_opt,1,l_abs,1436
1772685327,pure-ftpd,chatafl_opt,1,b_per,15.8
1772685327,pure-ftpd,chatafl_opt,1,b_abs,742
1772685328,pure-ftpd,chatafl_opt,1,l_per,22.1
1772685328,pure-ftpd,chatafl_opt,1,l_abs,1436
1772685328,pure-ftpd,chatafl_opt,1,b_per,15.8
1772685328,pure-ftpd,chatafl_opt,1,b_abs,742
1772685328,pure-ftpd,chatafl_opt,1,l_per,22.1
1772685328,pure-ftpd,chatafl_opt,1,l_abs,1437
1772685328,pure-ftpd,chatafl_opt,1,b_per,15.8
1772685328,pure-ftpd,chatafl_opt,1,b_abs,743
1772685329,pure-ftpd,chatafl_opt,1,l_per,22.1
1772685329,pure-ftpd,chatafl_opt,1,l_abs,1437
1772685329,pure-ftpd,chatafl_opt,1,b_per,15.8
1772685329,pure-ftpd,chatafl_opt,1,b_abs,743
1772685329,pure-ftpd,chatafl_opt,1,l_per,22.1
1772685329,pure-ftpd,chatafl_opt,1,l_abs,1437
1772685329,pure-ftpd,chatafl_opt,1,b_per,15.8
1772685329,pure-ftpd,chatafl_opt,1,b_abs,743
1772685330,pure-ftpd,chatafl_opt,1,l_per,22.1
1772685330,pure-ftpd,chatafl_opt,1,l_abs,1437
1772685330,pure-ftpd,chatafl_opt,1,b_per,15.8
1772685330,pure-ftpd,chatafl_opt,1,b_abs,743
1772685330,pure-ftpd,chatafl_opt,1,l_per,22.1
1772685330,pure-ftpd,chatafl_opt,1,l_abs,1437
1772685330,pure-ftpd,chatafl_opt,1,b_per,15.8
1772685330,pure-ftpd,chatafl_opt,1,b_abs,743
1772685331,pure-ftpd,chatafl_opt,1,l_per,22.1
1772685331,pure-ftpd,chatafl_opt,1,l_abs,1437
1772685331,pure-ftpd,chatafl_opt,1,b_per,15.8
1772685331,pure-ftpd,chatafl_opt,1,b_abs,743
1772685331,pure-ftpd,chatafl_opt,1,l_per,22.1
1772685331,pure-ftpd,chatafl_opt,1,l_abs,1437
1772685331,pure-ftpd,chatafl_opt,1,b_per,15.8
1772685331,pure-ftpd,chatafl_opt,1,b_abs,743
1772685332,pure-ftpd,chatafl_opt,1,l_per,22.1
1772685332,pure-ftpd,chatafl_opt,1,l_abs,1437
1772685332,pure-ftpd,chatafl_opt,1,b_per,15.8
1772685332,pure-ftpd,chatafl_opt,1,b_abs,743
1772685333,pure-ftpd,chatafl_opt,1,l_per,22.1
1772685333,pure-ftpd,chatafl_opt,1,l_abs,1437
1772685333,pure-ftpd,chatafl_opt,1,b_per,15.8
1772685333,pure-ftpd,chatafl_opt,1,b_abs,743
1772685333,pure-ftpd,chatafl_opt,1,l_per,22.1
1772685333,pure-ftpd,chatafl_opt,1,l_abs,1437
1772685333,pure-ftpd,chatafl_opt,1,b_per,15.8
1772685333,pure-ftpd,chatafl_opt,1,b_abs,743
1772685334,pure-ftpd,chatafl_opt,1,l_per,22.1
1772685334,pure-ftpd,chatafl_opt,1,l_abs,1437
1772685334,pure-ftpd,chatafl_opt,1,b_per,15.8
1772685334,pure-ftpd,chatafl_opt,1,b_abs,743
1772685334,pure-ftpd,chatafl_opt,1,l_per,22.1
1772685334,pure-ftpd,chatafl_opt,1,l_abs,1437
1772685334,pure-ftpd,chatafl_opt,1,b_per,15.8
1772685334,pure-ftpd,chatafl_opt,1,b_abs,743
1772685335,pure-ftpd,chatafl_opt,1,l_per,22.1
1772685335,pure-ftpd,chatafl_opt,1,l_abs,1437
1772685335,pure-ftpd,chatafl_opt,1,b_per,15.8
1772685335,pure-ftpd,chatafl_opt,1,b_abs,743
1772685335,pure-ftpd,chatafl_opt,1,l_per,22.1
1772685335,pure-ftpd,chatafl_opt,1,l_abs,1437
1772685335,pure-ftpd,chatafl_opt,1,b_per,15.8
1772685335,pure-ftpd,chatafl_opt,1,b_abs,743
1772685335,pure-ftpd,chatafl_opt,1,l_per,22.1
1772685335,pure-ftpd,chatafl_opt,1,l_abs,1437
1772685335,pure-ftpd,chatafl_opt,1,b_per,15.8
1772685335,pure-ftpd,chatafl_opt,1,b_abs,743
1772685336,pure-ftpd,chatafl_opt,1,l_per,22.2
1772685336,pure-ftpd,chatafl_opt,1,l_abs,1438
1772685336,pure-ftpd,chatafl_opt,1,b_per,15.8
1772685336,pure-ftpd,chatafl_opt,1,b_abs,744
1772685337,pure-ftpd,chatafl_opt,1,l_per,22.2
1772685337,pure-ftpd,chatafl_opt,1,l_abs,1438
1772685337,pure-ftpd,chatafl_opt,1,b_per,15.8
1772685337,pure-ftpd,chatafl_opt,1,b_abs,744
1772685337,pure-ftpd,chatafl_opt,1,l_per,22.2
1772685337,pure-ftpd,chatafl_opt,1,l_abs,1438
1772685337,pure-ftpd,chatafl_opt,1,b_per,15.8
1772685337,pure-ftpd,chatafl_opt,1,b_abs,744
1772685337,pure-ftpd,chatafl_opt,1,l_per,22.2
1772685337,pure-ftpd,chatafl_opt,1,l_abs,1438
1772685337,pure-ftpd,chatafl_opt,1,b_per,15.8
1772685337,pure-ftpd,chatafl_opt,1,b_abs,744
1772685338,pure-ftpd,chatafl_opt,1,l_per,22.2
1772685338,pure-ftpd,chatafl_opt,1,l_abs,1438
1772685338,pure-ftpd,chatafl_opt,1,b_per,15.8
1772685338,pure-ftpd,chatafl_opt,1,b_abs,744
1772685339,pure-ftpd,chatafl_opt,1,l_per,22.2
1772685339,pure-ftpd,chatafl_opt,1,l_abs,1438
1772685339,pure-ftpd,chatafl_opt,1,b_per,15.8
1772685339,pure-ftpd,chatafl_opt,1,b_abs,744
1772685339,pure-ftpd,chatafl_opt,1,l_per,22.2
1772685339,pure-ftpd,chatafl_opt,1,l_abs,1438
1772685339,pure-ftpd,chatafl_opt,1,b_per,15.8
1772685339,pure-ftpd,chatafl_opt,1,b_abs,744
1772685339,pure-ftpd,chatafl_opt,1,l_per,22.2
1772685339,pure-ftpd,chatafl_opt,1,l_abs,1438
1772685339,pure-ftpd,chatafl_opt,1,b_per,15.8
1772685339,pure-ftpd,chatafl_opt,1,b_abs,744
1772685340,pure-ftpd,chatafl_opt,1,l_per,22.2
1772685340,pure-ftpd,chatafl_opt,1,l_abs,1438
1772685340,pure-ftpd,chatafl_opt,1,b_per,15.8
1772685340,pure-ftpd,chatafl_opt,1,b_abs,744
1772685340,pure-ftpd,chatafl_opt,1,l_per,22.2
1772685340,pure-ftpd,chatafl_opt,1,l_abs,1438
1772685340,pure-ftpd,chatafl_opt,1,b_per,15.8
1772685340,pure-ftpd,chatafl_opt,1,b_abs,744
1772685341,pure-ftpd,chatafl_opt,1,l_per,22.2
1772685341,pure-ftpd,chatafl_opt,1,l_abs,1438
1772685341,pure-ftpd,chatafl_opt,1,b_per,15.8
1772685341,pure-ftpd,chatafl_opt,1,b_abs,744
1772685264,pure-ftpd,chatafl_opt,1,l_per,22.2
1772685264,pure-ftpd,chatafl_opt,1,l_abs,1438
1772685264,pure-ftpd,chatafl_opt,1,b_per,15.8
1772685264,pure-ftpd,chatafl_opt,1,b_abs,744
1772685286,pure-ftpd,chatafl_opt,1,l_per,22.2
1772685286,pure-ftpd,chatafl_opt,1,l_abs,1438
1772685286,pure-ftpd,chatafl_opt,1,b_per,15.8
1772685286,pure-ftpd,chatafl_opt,1,b_abs,744
1772685309,pure-ftpd,chatafl_opt,1,l_per,22.2
1772685309,pure-ftpd,chatafl_opt,1,l_abs,1438
1772685309,pure-ftpd,chatafl_opt,1,b_per,15.8
1772685309,pure-ftpd,chatafl_opt,1,b_abs,744
1772685329,pure-ftpd,chatafl_opt,1,l_per,22.2
1772685329,pure-ftpd,chatafl_opt,1,l_abs,1438
1772685329,pure-ftpd,chatafl_opt,1,b_per,15.8
1772685329,pure-ftpd,chatafl_opt,1,b_abs,744
1772685377,pure-ftpd,chatafl_opt,1,l_per,22.4
1772685377,pure-ftpd,chatafl_opt,1,l_abs,1454
1772685377,pure-ftpd,chatafl_opt,1,b_per,16.1
1772685377,pure-ftpd,chatafl_opt,1,b_abs,756
1772685535,pure-ftpd,chatafl_opt,1,l_per,22.4
1772685535,pure-ftpd,chatafl_opt,1,l_abs,1454
1772685535,pure-ftpd,chatafl_opt,1,b_per,16.1
1772685535,pure-ftpd,chatafl_opt,1,b_abs,757
1772685746,pure-ftpd,chatafl_opt,1,l_per,22.7
1772685746,pure-ftpd,chatafl_opt,1,l_abs,1473
1772685746,pure-ftpd,chatafl_opt,1,b_per,16.3
1772685746,pure-ftpd,chatafl_opt,1,b_abs,766
1772685881,pure-ftpd,chatafl_opt,1,l_per,23.3
1772685881,pure-ftpd,chatafl_opt,1,l_abs,1510
1772685881,pure-ftpd,chatafl_opt,1,b_per,16.9
1772685881,pure-ftpd,chatafl_opt,1,b_abs,796
1772686041,pure-ftpd,chatafl_opt,1,l_per,23.7
1772686041,pure-ftpd,chatafl_opt,1,l_abs,1541
1772686041,pure-ftpd,chatafl_opt,1,b_per,17.5
1772686041,pure-ftpd,chatafl_opt,1,b_abs,822
1772686304,pure-ftpd,chatafl_opt,1,l_per,23.9
1772686304,pure-ftpd,chatafl_opt,1,l_abs,1551
1772686304,pure-ftpd,chatafl_opt,1,b_per,17.7
1772686304,pure-ftpd,chatafl_opt,1,b_abs,831
1772686821,pure-ftpd,chatafl_opt,1,l_per,26.0
1772686821,pure-ftpd,chatafl_opt,1,l_abs,1688
1772686821,pure-ftpd,chatafl_opt,1,b_per,19.3
1772686821,pure-ftpd,chatafl_opt,1,b_abs,906
1772687092,pure-ftpd,chatafl_opt,1,l_per,26.0
1772687092,pure-ftpd,chatafl_opt,1,l_abs,1688
1772687092,pure-ftpd,chatafl_opt,1,b_per,19.3
1772687092,pure-ftpd,chatafl_opt,1,b_abs,909
1772687665,pure-ftpd,chatafl_opt,1,l_per,26.5
1772687665,pure-ftpd,chatafl_opt,1,l_abs,1721
1772687665,pure-ftpd,chatafl_opt,1,b_per,19.9
1772687665,pure-ftpd,chatafl_opt,1,b_abs,934
1772688210,pure-ftpd,chatafl_opt,1,l_per,26.6
1772688210,pure-ftpd,chatafl_opt,1,l_abs,1728
1772688210,pure-ftpd,chatafl_opt,1,b_per,20.0
1772688210,pure-ftpd,chatafl_opt,1,b_abs,941
1772688636,pure-ftpd,chatafl_opt,1,l_per,26.8
1772688636,pure-ftpd,chatafl_opt,1,l_abs,1743
1772688636,pure-ftpd,chatafl_opt,1,b_per,20.3
1772688636,pure-ftpd,chatafl_opt,1,b_abs,957
1772689109,pure-ftpd,chatafl_opt,1,l_per,26.9
1772689109,pure-ftpd,chatafl_opt,1,l_abs,1746
1772689109,pure-ftpd,chatafl_opt,1,b_per,20.4
1772689109,pure-ftpd,chatafl_opt,1,b_abs,962
1772689964,pure-ftpd,chatafl_opt,1,l_per,26.9
1772689964,pure-ftpd,chatafl_opt,1,l_abs,1747
1772689964,pure-ftpd,chatafl_opt,1,b_per,20.5
1772689964,pure-ftpd,chatafl_opt,1,b_abs,963
1772691199,pure-ftpd,chatafl_opt,1,l_per,26.9
1772691199,pure-ftpd,chatafl_opt,1,l_abs,1747
1772691199,pure-ftpd,chatafl_opt,1,b_per,20.5
1772691199,pure-ftpd,chatafl_opt,1,b_abs,965
1772692334,pure-ftpd,chatafl_opt,1,l_per,26.9
1772692334,pure-ftpd,chatafl_opt,1,l_abs,1749
1772692334,pure-ftpd,chatafl_opt,1,b_per,20.5
1772692334,pure-ftpd,chatafl_opt,1,b_abs,966
1772693932,pure-ftpd,chatafl_opt,1,l_per,27.1
1772693932,pure-ftpd,chatafl_opt,1,l_abs,1759
1772693932,pure-ftpd,chatafl_opt,1,b_per,20.7
1772693932,pure-ftpd,chatafl_opt,1,b_abs,975
1772695310,pure-ftpd,chatafl_opt,1,l_per,27.2
1772695310,pure-ftpd,chatafl_opt,1,l_abs,1768
1772695310,pure-ftpd,chatafl_opt,1,b_per,20.9
1772695310,pure-ftpd,chatafl_opt,1,b_abs,985
1772695894,pure-ftpd,chatafl_opt,1,l_per,27.5
1772695894,pure-ftpd,chatafl_opt,1,l_abs,1783
1772695894,pure-ftpd,chatafl_opt,1,b_per,21.2
1772695894,pure-ftpd,chatafl_opt,1,b_abs,996
1772697114,pure-ftpd,chatafl_opt,1,l_per,27.5
1772697114,pure-ftpd,chatafl_opt,1,l_abs,1784
1772697114,pure-ftpd,chatafl_opt,1,b_per,21.2
1772697114,pure-ftpd,chatafl_opt,1,b_abs,998
1772697606,pure-ftpd,chatafl_opt,1,l_per,27.5
1772697606,pure-ftpd,chatafl_opt,1,l_abs,1784
1772697606,pure-ftpd,chatafl_opt,1,b_per,21.2
1772697606,pure-ftpd,chatafl_opt,1,b_abs,998
1772685263,pure-ftpd,chatafl_opt,2,l_per,14.7
1772685263,pure-ftpd,chatafl_opt,2,l_abs,956
1772685263,pure-ftpd,chatafl_opt,2,b_per,9.4
1772685263,pure-ftpd,chatafl_opt,2,b_abs,441
1772685263,pure-ftpd,chatafl_opt,2,l_per,16.1
1772685263,pure-ftpd,chatafl_opt,2,l_abs,1046
1772685263,pure-ftpd,chatafl_opt,2,b_per,10.6
1772685263,pure-ftpd,chatafl_opt,2,b_abs,499
1772685264,pure-ftpd,chatafl_opt,2,l_per,18.7
1772685264,pure-ftpd,chatafl_opt,2,l_abs,1212
1772685264,pure-ftpd,chatafl_opt,2,b_per,12.6
1772685264,pure-ftpd,chatafl_opt,2,b_abs,591
1772685264,pure-ftpd,chatafl_opt,2,l_per,18.7
1772685264,pure-ftpd,chatafl_opt,2,l_abs,1214
1772685264,pure-ftpd,chatafl_opt,2,b_per,12.6
1772685264,pure-ftpd,chatafl_opt,2,b_abs,594
1772685265,pure-ftpd,chatafl_opt,2,l_per,18.7
1772685265,pure-ftpd,chatafl_opt,2,l_abs,1214
1772685265,pure-ftpd,chatafl_opt,2,b_per,12.6
1772685265,pure-ftpd,chatafl_opt,2,b_abs,594
1772685267,pure-ftpd,chatafl_opt,2,l_per,18.7
1772685267,pure-ftpd,chatafl_opt,2,l_abs,1216
1772685267,pure-ftpd,chatafl_opt,2,b_per,12.7
1772685267,pure-ftpd,chatafl_opt,2,b_abs,596
1772685267,pure-ftpd,chatafl_opt,2,l_per,19.0
1772685267,pure-ftpd,chatafl_opt,2,l_abs,1230
1772685267,pure-ftpd,chatafl_opt,2,b_per,12.9
1772685267,pure-ftpd,chatafl_opt,2,b_abs,606
1772685268,pure-ftpd,chatafl_opt,2,l_per,19.6
1772685268,pure-ftpd,chatafl_opt,2,l_abs,1274
1772685268,pure-ftpd,chatafl_opt,2,b_per,13.2
1772685268,pure-ftpd,chatafl_opt,2,b_abs,619
1772685268,pure-ftpd,chatafl_opt,2,l_per,19.7
1772685268,pure-ftpd,chatafl_opt,2,l_abs,1275
1772685268,pure-ftpd,chatafl_opt,2,b_per,13.2
1772685268,pure-ftpd,chatafl_opt,2,b_abs,620
1772685268,pure-ftpd,chatafl_opt,2,l_per,19.7
1772685268,pure-ftpd,chatafl_opt,2,l_abs,1275
1772685268,pure-ftpd,chatafl_opt,2,b_per,13.2
1772685268,pure-ftpd,chatafl_opt,2,b_abs,621
1772685271,pure-ftpd,chatafl_opt,2,l_per,19.7
1772685271,pure-ftpd,chatafl_opt,2,l_abs,1279
1772685271,pure-ftpd,chatafl_opt,2,b_per,13.2
1772685271,pure-ftpd,chatafl_opt,2,b_abs,623
1772685273,pure-ftpd,chatafl_opt,2,l_per,19.7
1772685273,pure-ftpd,chatafl_opt,2,l_abs,1280
1772685273,pure-ftpd,chatafl_opt,2,b_per,13.3
1772685273,pure-ftpd,chatafl_opt,2,b_abs,624
1772685273,pure-ftpd,chatafl_opt,2,l_per,20.0
1772685273,pure-ftpd,chatafl_opt,2,l_abs,1296
1772685273,pure-ftpd,chatafl_opt,2,b_per,13.5
1772685273,pure-ftpd,chatafl_opt,2,b_abs,635
1772685274,pure-ftpd,chatafl_opt,2,l_per,20.0
1772685274,pure-ftpd,chatafl_opt,2,l_abs,1296
1772685274,pure-ftpd,chatafl_opt,2,b_per,13.5
1772685274,pure-ftpd,chatafl_opt,2,b_abs,635
1772685274,pure-ftpd,chatafl_opt,2,l_per,20.0
1772685274,pure-ftpd,chatafl_opt,2,l_abs,1296
1772685274,pure-ftpd,chatafl_opt,2,b_per,13.5
1772685274,pure-ftpd,chatafl_opt,2,b_abs,635
1772685275,pure-ftpd,chatafl_opt,2,l_per,20.1
1772685275,pure-ftpd,chatafl_opt,2,l_abs,1302
1772685275,pure-ftpd,chatafl_opt,2,b_per,13.6
1772685275,pure-ftpd,chatafl_opt,2,b_abs,640
1772685275,pure-ftpd,chatafl_opt,2,l_per,20.1
1772685275,pure-ftpd,chatafl_opt,2,l_abs,1302
1772685275,pure-ftpd,chatafl_opt,2,b_per,13.6
1772685275,pure-ftpd,chatafl_opt,2,b_abs,640
1772685276,pure-ftpd,chatafl_opt,2,l_per,20.1
1772685276,pure-ftpd,chatafl_opt,2,l_abs,1305
1772685276,pure-ftpd,chatafl_opt,2,b_per,13.6
1772685276,pure-ftpd,chatafl_opt,2,b_abs,642
1772685276,pure-ftpd,chatafl_opt,2,l_per,20.1
1772685276,pure-ftpd,chatafl_opt,2,l_abs,1305
1772685276,pure-ftpd,chatafl_opt,2,b_per,13.6
1772685276,pure-ftpd,chatafl_opt,2,b_abs,642
1772685278,pure-ftpd,chatafl_opt,2,l_per,20.1
1772685278,pure-ftpd,chatafl_opt,2,l_abs,1305
1772685278,pure-ftpd,chatafl_opt,2,b_per,13.6
1772685278,pure-ftpd,chatafl_opt,2,b_abs,642
1772685278,pure-ftpd,chatafl_opt,2,l_per,20.2
1772685278,pure-ftpd,chatafl_opt,2,l_abs,1311
1772685278,pure-ftpd,chatafl_opt,2,b_per,13.7
1772685278,pure-ftpd,chatafl_opt,2,b_abs,646
1772685279,pure-ftpd,chatafl_opt,2,l_per,20.4
1772685279,pure-ftpd,chatafl_opt,2,l_abs,1326
1772685279,pure-ftpd,chatafl_opt,2,b_per,14.0
1772685279,pure-ftpd,chatafl_opt,2,b_abs,659
1772685280,pure-ftpd,chatafl_opt,2,l_per,20.7
1772685280,pure-ftpd,chatafl_opt,2,l_abs,1340
1772685280,pure-ftpd,chatafl_opt,2,b_per,14.0
1772685280,pure-ftpd,chatafl_opt,2,b_abs,661
1772685280,pure-ftpd,chatafl_opt,2,l_per,20.7
1772685280,pure-ftpd,chatafl_opt,2,l_abs,1345
1772685280,pure-ftpd,chatafl_opt,2,b_per,14.1
1772685280,pure-ftpd,chatafl_opt,2,b_abs,664
1772685280,pure-ftpd,chatafl_opt,2,l_per,20.7
1772685280,pure-ftpd,chatafl_opt,2,l_abs,1345
1772685280,pure-ftpd,chatafl_opt,2,b_per,14.1
1772685280,pure-ftpd,chatafl_opt,2,b_abs,664
1772685281,pure-ftpd,chatafl_opt,2,l_per,20.7
1772685281,pure-ftpd,chatafl_opt,2,l_abs,1345
1772685281,pure-ftpd,chatafl_opt,2,b_per,14.1
1772685281,pure-ftpd,chatafl_opt,2,b_abs,664
1772685281,pure-ftpd,chatafl_opt,2,l_per,20.9
1772685281,pure-ftpd,chatafl_opt,2,l_abs,1355
1772685281,pure-ftpd,chatafl_opt,2,b_per,14.3
1772685281,pure-ftpd,chatafl_opt,2,b_abs,671
1772685282,pure-ftpd,chatafl_opt,2,l_per,20.9
1772685282,pure-ftpd,chatafl_opt,2,l_abs,1355
1772685282,pure-ftpd,chatafl_opt,2,b_per,14.3
1772685282,pure-ftpd,chatafl_opt,2,b_abs,671
1772685282,pure-ftpd,chatafl_opt,2,l_per,20.9
1772685282,pure-ftpd,chatafl_opt,2,l_abs,1355
1772685282,pure-ftpd,chatafl_opt,2,b_per,14.3
1772685282,pure-ftpd,chatafl_opt,2,b_abs,671
1772685283,pure-ftpd,chatafl_opt,2,l_per,21.1
1772685283,pure-ftpd,chatafl_opt,2,l_abs,1368
1772685283,pure-ftpd,chatafl_opt,2,b_per,14.3
1772685283,pure-ftpd,chatafl_opt,2,b_abs,674
1772685283,pure-ftpd,chatafl_opt,2,l_per,21.2
1772685283,pure-ftpd,chatafl_opt,2,l_abs,1376
1772685283,pure-ftpd,chatafl_opt,2,b_per,14.4
1772685283,pure-ftpd,chatafl_opt,2,b_abs,676
1772685284,pure-ftpd,chatafl_opt,2,l_per,21.2
1772685284,pure-ftpd,chatafl_opt,2,l_abs,1376
1772685284,pure-ftpd,chatafl_opt,2,b_per,14.4
1772685284,pure-ftpd,chatafl_opt,2,b_abs,676
1772685284,pure-ftpd,chatafl_opt,2,l_per,21.2
1772685284,pure-ftpd,chatafl_opt,2,l_abs,1376
1772685284,pure-ftpd,chatafl_opt,2,b_per,14.4
1772685284,pure-ftpd,chatafl_opt,2,b_abs,676
1772685285,pure-ftpd,chatafl_opt,2,l_per,21.2
1772685285,pure-ftpd,chatafl_opt,2,l_abs,1376
1772685285,pure-ftpd,chatafl_opt,2,b_per,14.4
1772685285,pure-ftpd,chatafl_opt,2,b_abs,676
1772685286,pure-ftpd,chatafl_opt,2,l_per,21.2
1772685286,pure-ftpd,chatafl_opt,2,l_abs,1376
1772685286,pure-ftpd,chatafl_opt,2,b_per,14.4
1772685286,pure-ftpd,chatafl_opt,2,b_abs,676
1772685286,pure-ftpd,chatafl_opt,2,l_per,21.2
1772685286,pure-ftpd,chatafl_opt,2,l_abs,1376
1772685286,pure-ftpd,chatafl_opt,2,b_per,14.4
1772685286,pure-ftpd,chatafl_opt,2,b_abs,676
1772685287,pure-ftpd,chatafl_opt,2,l_per,21.2
1772685287,pure-ftpd,chatafl_opt,2,l_abs,1376
1772685287,pure-ftpd,chatafl_opt,2,b_per,14.4
1772685287,pure-ftpd,chatafl_opt,2,b_abs,676
1772685288,pure-ftpd,chatafl_opt,2,l_per,21.2
1772685288,pure-ftpd,chatafl_opt,2,l_abs,1376
1772685288,pure-ftpd,chatafl_opt,2,b_per,14.4
1772685288,pure-ftpd,chatafl_opt,2,b_abs,676
1772685288,pure-ftpd,chatafl_opt,2,l_per,21.2
1772685288,pure-ftpd,chatafl_opt,2,l_abs,1376
1772685288,pure-ftpd,chatafl_opt,2,b_per,14.4
1772685288,pure-ftpd,chatafl_opt,2,b_abs,676
1772685288,pure-ftpd,chatafl_opt,2,l_per,21.2
1772685288,pure-ftpd,chatafl_opt,2,l_abs,1376
1772685288,pure-ftpd,chatafl_opt,2,b_per,14.4
1772685288,pure-ftpd,chatafl_opt,2,b_abs,676
1772685289,pure-ftpd,chatafl_opt,2,l_per,21.2
1772685289,pure-ftpd,chatafl_opt,2,l_abs,1379
1772685289,pure-ftpd,chatafl_opt,2,b_per,14.4
1772685289,pure-ftpd,chatafl_opt,2,b_abs,677
1772685290,pure-ftpd,chatafl_opt,2,l_per,21.5
1772685290,pure-ftpd,chatafl_opt,2,l_abs,1394
1772685290,pure-ftpd,chatafl_opt,2,b_per,14.7
1772685290,pure-ftpd,chatafl_opt,2,b_abs,693
1772685290,pure-ftpd,chatafl_opt,2,l_per,21.5
1772685290,pure-ftpd,chatafl_opt,2,l_abs,1394
1772685290,pure-ftpd,chatafl_opt,2,b_per,14.7
1772685290,pure-ftpd,chatafl_opt,2,b_abs,693
1772685292,pure-ftpd,chatafl_opt,2,l_per,21.5
1772685292,pure-ftpd,chatafl_opt,2,l_abs,1394
1772685292,pure-ftpd,chatafl_opt,2,b_per,14.7
1772685292,pure-ftpd,chatafl_opt,2,b_abs,693
1772685293,pure-ftpd,chatafl_opt,2,l_per,21.5
1772685293,pure-ftpd,chatafl_opt,2,l_abs,1395
1772685293,pure-ftpd,chatafl_opt,2,b_per,14.8
1772685293,pure-ftpd,chatafl_opt,2,b_abs,695
1772685294,pure-ftpd,chatafl_opt,2,l_per,21.5
1772685294,pure-ftpd,chatafl_opt,2,l_abs,1395
1772685294,pure-ftpd,chatafl_opt,2,b_per,14.8
1772685294,pure-ftpd,chatafl_opt,2,b_abs,695
1772685294,pure-ftpd,chatafl_opt,2,l_per,21.5
1772685294,pure-ftpd,chatafl_opt,2,l_abs,1396
1772685294,pure-ftpd,chatafl_opt,2,b_per,14.8
1772685294,pure-ftpd,chatafl_opt,2,b_abs,696
1772685294,pure-ftpd,chatafl_opt,2,l_per,21.5
1772685294,pure-ftpd,chatafl_opt,2,l_abs,1396
1772685294,pure-ftpd,chatafl_opt,2,b_per,14.8
1772685294,pure-ftpd,chatafl_opt,2,b_abs,696
1772685295,pure-ftpd,chatafl_opt,2,l_per,21.5
1772685295,pure-ftpd,chatafl_opt,2,l_abs,1396
1772685295,pure-ftpd,chatafl_opt,2,b_per,14.8
1772685295,pure-ftpd,chatafl_opt,2,b_abs,696
1772685296,pure-ftpd,chatafl_opt,2,l_per,21.5
1772685296,pure-ftpd,chatafl_opt,2,l_abs,1396
1772685296,pure-ftpd,chatafl_opt,2,b_per,14.8
1772685296,pure-ftpd,chatafl_opt,2,b_abs,696
1772685296,pure-ftpd,chatafl_opt,2,l_per,21.5
1772685296,pure-ftpd,chatafl_opt,2,l_abs,1396
1772685296,pure-ftpd,chatafl_opt,2,b_per,14.8
1772685296,pure-ftpd,chatafl_opt,2,b_abs,696
1772685297,pure-ftpd,chatafl_opt,2,l_per,21.5
1772685297,pure-ftpd,chatafl_opt,2,l_abs,1396
1772685297,pure-ftpd,chatafl_opt,2,b_per,14.8
1772685297,pure-ftpd,chatafl_opt,2,b_abs,696
1772685297,pure-ftpd,chatafl_opt,2,l_per,21.5
1772685297,pure-ftpd,chatafl_opt,2,l_abs,1396
1772685297,pure-ftpd,chatafl_opt,2,b_per,14.8
1772685297,pure-ftpd,chatafl_opt,2,b_abs,696
1772685298,pure-ftpd,chatafl_opt,2,l_per,21.6
1772685298,pure-ftpd,chatafl_opt,2,l_abs,1402
1772685298,pure-ftpd,chatafl_opt,2,b_per,14.9
1772685298,pure-ftpd,chatafl_opt,2,b_abs,701
1772685299,pure-ftpd,chatafl_opt,2,l_per,21.6
1772685299,pure-ftpd,chatafl_opt,2,l_abs,1402
1772685299,pure-ftpd,chatafl_opt,2,b_per,14.9
1772685299,pure-ftpd,chatafl_opt,2,b_abs,701
1772685299,pure-ftpd,chatafl_opt,2,l_per,21.6
1772685299,pure-ftpd,chatafl_opt,2,l_abs,1402
1772685299,pure-ftpd,chatafl_opt,2,b_per,14.9
1772685299,pure-ftpd,chatafl_opt,2,b_abs,701
1772685299,pure-ftpd,chatafl_opt,2,l_per,21.6
1772685299,pure-ftpd,chatafl_opt,2,l_abs,1402
1772685299,pure-ftpd,chatafl_opt,2,b_per,14.9
1772685299,pure-ftpd,chatafl_opt,2,b_abs,701
1772685300,pure-ftpd,chatafl_opt,2,l_per,21.6
1772685300,pure-ftpd,chatafl_opt,2,l_abs,1402
1772685300,pure-ftpd,chatafl_opt,2,b_per,14.9
1772685300,pure-ftpd,chatafl_opt,2,b_abs,701
1772685301,pure-ftpd,chatafl_opt,2,l_per,21.6
1772685301,pure-ftpd,chatafl_opt,2,l_abs,1402
1772685301,pure-ftpd,chatafl_opt,2,b_per,14.9
1772685301,pure-ftpd,chatafl_opt,2,b_abs,701
1772685301,pure-ftpd,chatafl_opt,2,l_per,21.6
1772685301,pure-ftpd,chatafl_opt,2,l_abs,1402
1772685301,pure-ftpd,chatafl_opt,2,b_per,14.9
1772685301,pure-ftpd,chatafl_opt,2,b_abs,701
1772685302,pure-ftpd,chatafl_opt,2,l_per,21.6
1772685302,pure-ftpd,chatafl_opt,2,l_abs,1402
1772685302,pure-ftpd,chatafl_opt,2,b_per,14.9
1772685302,pure-ftpd,chatafl_opt,2,b_abs,701
1772685302,pure-ftpd,chatafl_opt,2,l_per,21.6
1772685302,pure-ftpd,chatafl_opt,2,l_abs,1402
1772685302,pure-ftpd,chatafl_opt,2,b_per,14.9
1772685302,pure-ftpd,chatafl_opt,2,b_abs,701
1772685303,pure-ftpd,chatafl_opt,2,l_per,21.6
1772685303,pure-ftpd,chatafl_opt,2,l_abs,1402
1772685303,pure-ftpd,chatafl_opt,2,b_per,14.9
1772685303,pure-ftpd,chatafl_opt,2,b_abs,701
1772685304,pure-ftpd,chatafl_opt,2,l_per,21.6
1772685304,pure-ftpd,chatafl_opt,2,l_abs,1402
1772685304,pure-ftpd,chatafl_opt,2,b_per,14.9
1772685304,pure-ftpd,chatafl_opt,2,b_abs,701
1772685304,pure-ftpd,chatafl_opt,2,l_per,21.6
1772685304,pure-ftpd,chatafl_opt,2,l_abs,1402
1772685304,pure-ftpd,chatafl_opt,2,b_per,14.9
1772685304,pure-ftpd,chatafl_opt,2,b_abs,701
1772685305,pure-ftpd,chatafl_opt,2,l_per,21.6
1772685305,pure-ftpd,chatafl_opt,2,l_abs,1402
1772685305,pure-ftpd,chatafl_opt,2,b_per,14.9
1772685305,pure-ftpd,chatafl_opt,2,b_abs,701
1772685305,pure-ftpd,chatafl_opt,2,l_per,21.6
1772685305,pure-ftpd,chatafl_opt,2,l_abs,1402
1772685305,pure-ftpd,chatafl_opt,2,b_per,14.9
1772685305,pure-ftpd,chatafl_opt,2,b_abs,701
1772685306,pure-ftpd,chatafl_opt,2,l_per,21.6
1772685306,pure-ftpd,chatafl_opt,2,l_abs,1402
1772685306,pure-ftpd,chatafl_opt,2,b_per,14.9
1772685306,pure-ftpd,chatafl_opt,2,b_abs,701
1772685306,pure-ftpd,chatafl_opt,2,l_per,21.6
1772685306,pure-ftpd,chatafl_opt,2,l_abs,1402
1772685306,pure-ftpd,chatafl_opt,2,b_per,14.9
1772685306,pure-ftpd,chatafl_opt,2,b_abs,701
1772685306,pure-ftpd,chatafl_opt,2,l_per,21.6
1772685306,pure-ftpd,chatafl_opt,2,l_abs,1402
1772685306,pure-ftpd,chatafl_opt,2,b_per,14.9
1772685306,pure-ftpd,chatafl_opt,2,b_abs,701
1772685307,pure-ftpd,chatafl_opt,2,l_per,21.6
1772685307,pure-ftpd,chatafl_opt,2,l_abs,1402
1772685307,pure-ftpd,chatafl_opt,2,b_per,14.9
1772685307,pure-ftpd,chatafl_opt,2,b_abs,701
1772685307,pure-ftpd,chatafl_opt,2,l_per,21.6
1772685307,pure-ftpd,chatafl_opt,2,l_abs,1402
1772685307,pure-ftpd,chatafl_opt,2,b_per,14.9
1772685307,pure-ftpd,chatafl_opt,2,b_abs,701
1772685308,pure-ftpd,chatafl_opt,2,l_per,21.6
1772685308,pure-ftpd,chatafl_opt,2,l_abs,1402
1772685308,pure-ftpd,chatafl_opt,2,b_per,14.9
1772685308,pure-ftpd,chatafl_opt,2,b_abs,701
1772685308,pure-ftpd,chatafl_opt,2,l_per,21.6
1772685308,pure-ftpd,chatafl_opt,2,l_abs,1402
1772685308,pure-ftpd,chatafl_opt,2,b_per,14.9
1772685308,pure-ftpd,chatafl_opt,2,b_abs,701
1772685308,pure-ftpd,chatafl_opt,2,l_per,21.6
1772685308,pure-ftpd,chatafl_opt,2,l_abs,1402
1772685308,pure-ftpd,chatafl_opt,2,b_per,14.9
1772685308,pure-ftpd,chatafl_opt,2,b_abs,701
1772685309,pure-ftpd,chatafl_opt,2,l_per,21.6
1772685309,pure-ftpd,chatafl_opt,2,l_abs,1402
1772685309,pure-ftpd,chatafl_opt,2,b_per,14.9
1772685309,pure-ftpd,chatafl_opt,2,b_abs,701
1772685309,pure-ftpd,chatafl_opt,2,l_per,21.6
1772685309,pure-ftpd,chatafl_opt,2,l_abs,1402
1772685309,pure-ftpd,chatafl_opt,2,b_per,14.9
1772685309,pure-ftpd,chatafl_opt,2,b_abs,701
1772685310,pure-ftpd,chatafl_opt,2,l_per,21.6
1772685310,pure-ftpd,chatafl_opt,2,l_abs,1402
1772685310,pure-ftpd,chatafl_opt,2,b_per,14.9
1772685310,pure-ftpd,chatafl_opt,2,b_abs,701
1772685310,pure-ftpd,chatafl_opt,2,l_per,21.6
1772685310,pure-ftpd,chatafl_opt,2,l_abs,1402
1772685310,pure-ftpd,chatafl_opt,2,b_per,14.9
1772685310,pure-ftpd,chatafl_opt,2,b_abs,702
1772685311,pure-ftpd,chatafl_opt,2,l_per,21.6
1772685311,pure-ftpd,chatafl_opt,2,l_abs,1403
1772685311,pure-ftpd,chatafl_opt,2,b_per,14.9
1772685311,pure-ftpd,chatafl_opt,2,b_abs,703
1772685311,pure-ftpd,chatafl_opt,2,l_per,21.6
1772685311,pure-ftpd,chatafl_opt,2,l_abs,1403
1772685311,pure-ftpd,chatafl_opt,2,b_per,14.9
1772685311,pure-ftpd,chatafl_opt,2,b_abs,703
1772685311,pure-ftpd,chatafl_opt,2,l_per,21.6
1772685311,pure-ftpd,chatafl_opt,2,l_abs,1403
1772685311,pure-ftpd,chatafl_opt,2,b_per,14.9
1772685311,pure-ftpd,chatafl_opt,2,b_abs,703
1772685312,pure-ftpd,chatafl_opt,2,l_per,21.6
1772685312,pure-ftpd,chatafl_opt,2,l_abs,1403
1772685312,pure-ftpd,chatafl_opt,2,b_per,14.9
1772685312,pure-ftpd,chatafl_opt,2,b_abs,703
1772685314,pure-ftpd,chatafl_opt,2,l_per,21.6
1772685314,pure-ftpd,chatafl_opt,2,l_abs,1403
1772685314,pure-ftpd,chatafl_opt,2,b_per,14.9
1772685314,pure-ftpd,chatafl_opt,2,b_abs,703
1772685314,pure-ftpd,chatafl_opt,2,l_per,21.6
1772685314,pure-ftpd,chatafl_opt,2,l_abs,1403
1772685314,pure-ftpd,chatafl_opt,2,b_per,14.9
1772685314,pure-ftpd,chatafl_opt,2,b_abs,703
1772685315,pure-ftpd,chatafl_opt,2,l_per,21.6
1772685315,pure-ftpd,chatafl_opt,2,l_abs,1403
1772685315,pure-ftpd,chatafl_opt,2,b_per,14.9
1772685315,pure-ftpd,chatafl_opt,2,b_abs,703
1772685315,pure-ftpd,chatafl_opt,2,l_per,21.6
1772685315,pure-ftpd,chatafl_opt,2,l_abs,1403
1772685315,pure-ftpd,chatafl_opt,2,b_per,14.9
1772685315,pure-ftpd,chatafl_opt,2,b_abs,703
1772685316,pure-ftpd,chatafl_opt,2,l_per,21.6
1772685316,pure-ftpd,chatafl_opt,2,l_abs,1403
1772685316,pure-ftpd,chatafl_opt,2,b_per,14.9
1772685316,pure-ftpd,chatafl_opt,2,b_abs,703
1772685316,pure-ftpd,chatafl_opt,2,l_per,21.6
1772685316,pure-ftpd,chatafl_opt,2,l_abs,1403
1772685316,pure-ftpd,chatafl_opt,2,b_per,14.9
1772685316,pure-ftpd,chatafl_opt,2,b_abs,703
1772685317,pure-ftpd,chatafl_opt,2,l_per,21.6
1772685317,pure-ftpd,chatafl_opt,2,l_abs,1403
1772685317,pure-ftpd,chatafl_opt,2,b_per,14.9
1772685317,pure-ftpd,chatafl_opt,2,b_abs,703
1772685317,pure-ftpd,chatafl_opt,2,l_per,21.6
1772685317,pure-ftpd,chatafl_opt,2,l_abs,1403
1772685317,pure-ftpd,chatafl_opt,2,b_per,14.9
1772685317,pure-ftpd,chatafl_opt,2,b_abs,703
1772685317,pure-ftpd,chatafl_opt,2,l_per,21.6
1772685317,pure-ftpd,chatafl_opt,2,l_abs,1403
1772685317,pure-ftpd,chatafl_opt,2,b_per,14.9
1772685317,pure-ftpd,chatafl_opt,2,b_abs,703
1772685318,pure-ftpd,chatafl_opt,2,l_per,21.6
1772685318,pure-ftpd,chatafl_opt,2,l_abs,1403
1772685318,pure-ftpd,chatafl_opt,2,b_per,14.9
1772685318,pure-ftpd,chatafl_opt,2,b_abs,703
1772685318,pure-ftpd,chatafl_opt,2,l_per,21.6
1772685318,pure-ftpd,chatafl_opt,2,l_abs,1403
1772685318,pure-ftpd,chatafl_opt,2,b_per,14.9
1772685318,pure-ftpd,chatafl_opt,2,b_abs,703
1772685319,pure-ftpd,chatafl_opt,2,l_per,21.6
1772685319,pure-ftpd,chatafl_opt,2,l_abs,1403
1772685319,pure-ftpd,chatafl_opt,2,b_per,14.9
1772685319,pure-ftpd,chatafl_opt,2,b_abs,703
1772685319,pure-ftpd,chatafl_opt,2,l_per,21.6
1772685319,pure-ftpd,chatafl_opt,2,l_abs,1403
1772685319,pure-ftpd,chatafl_opt,2,b_per,14.9
1772685319,pure-ftpd,chatafl_opt,2,b_abs,703
1772685319,pure-ftpd,chatafl_opt,2,l_per,21.6
1772685319,pure-ftpd,chatafl_opt,2,l_abs,1403
1772685319,pure-ftpd,chatafl_opt,2,b_per,14.9
1772685319,pure-ftpd,chatafl_opt,2,b_abs,703
1772685320,pure-ftpd,chatafl_opt,2,l_per,21.6
1772685320,pure-ftpd,chatafl_opt,2,l_abs,1403
1772685320,pure-ftpd,chatafl_opt,2,b_per,14.9
1772685320,pure-ftpd,chatafl_opt,2,b_abs,703
1772685320,pure-ftpd,chatafl_opt,2,l_per,21.6
1772685320,pure-ftpd,chatafl_opt,2,l_abs,1403
1772685320,pure-ftpd,chatafl_opt,2,b_per,14.9
1772685320,pure-ftpd,chatafl_opt,2,b_abs,703
1772685320,pure-ftpd,chatafl_opt,2,l_per,21.6
1772685320,pure-ftpd,chatafl_opt,2,l_abs,1403
1772685320,pure-ftpd,chatafl_opt,2,b_per,14.9
1772685320,pure-ftpd,chatafl_opt,2,b_abs,703
1772685321,pure-ftpd,chatafl_opt,2,l_per,21.6
1772685321,pure-ftpd,chatafl_opt,2,l_abs,1403
1772685321,pure-ftpd,chatafl_opt,2,b_per,14.9
1772685321,pure-ftpd,chatafl_opt,2,b_abs,703
1772685322,pure-ftpd,chatafl_opt,2,l_per,21.6
1772685322,pure-ftpd,chatafl_opt,2,l_abs,1404
1772685322,pure-ftpd,chatafl_opt,2,b_per,15.0
1772685322,pure-ftpd,chatafl_opt,2,b_abs,704
1772685322,pure-ftpd,chatafl_opt,2,l_per,21.6
1772685322,pure-ftpd,chatafl_opt,2,l_abs,1404
1772685322,pure-ftpd,chatafl_opt,2,b_per,15.0
1772685322,pure-ftpd,chatafl_opt,2,b_abs,704
1772685322,pure-ftpd,chatafl_opt,2,l_per,21.6
1772685322,pure-ftpd,chatafl_opt,2,l_abs,1404
1772685322,pure-ftpd,chatafl_opt,2,b_per,15.0
1772685322,pure-ftpd,chatafl_opt,2,b_abs,704
1772685323,pure-ftpd,chatafl_opt,2,l_per,21.6
1772685323,pure-ftpd,chatafl_opt,2,l_abs,1404
1772685323,pure-ftpd,chatafl_opt,2,b_per,15.0
1772685323,pure-ftpd,chatafl_opt,2,b_abs,704
1772685323,pure-ftpd,chatafl_opt,2,l_per,21.6
1772685323,pure-ftpd,chatafl_opt,2,l_abs,1404
1772685323,pure-ftpd,chatafl_opt,2,b_per,15.0
1772685323,pure-ftpd,chatafl_opt,2,b_abs,704
1772685323,pure-ftpd,chatafl_opt,2,l_per,21.6
1772685323,pure-ftpd,chatafl_opt,2,l_abs,1404
1772685323,pure-ftpd,chatafl_opt,2,b_per,15.0
1772685323,pure-ftpd,chatafl_opt,2,b_abs,704
1772685325,pure-ftpd,chatafl_opt,2,l_per,21.6
1772685325,pure-ftpd,chatafl_opt,2,l_abs,1404
1772685325,pure-ftpd,chatafl_opt,2,b_per,15.0
1772685325,pure-ftpd,chatafl_opt,2,b_abs,704
1772685325,pure-ftpd,chatafl_opt,2,l_per,21.6
1772685325,pure-ftpd,chatafl_opt,2,l_abs,1404
1772685325,pure-ftpd,chatafl_opt,2,b_per,15.0
1772685325,pure-ftpd,chatafl_opt,2,b_abs,704
1772685326,pure-ftpd,chatafl_opt,2,l_per,21.6
1772685326,pure-ftpd,chatafl_opt,2,l_abs,1404
1772685326,pure-ftpd,chatafl_opt,2,b_per,15.0
1772685326,pure-ftpd,chatafl_opt,2,b_abs,704
1772685327,pure-ftpd,chatafl_opt,2,l_per,21.6
1772685327,pure-ftpd,chatafl_opt,2,l_abs,1404
1772685327,pure-ftpd,chatafl_opt,2,b_per,15.0
1772685327,pure-ftpd,chatafl_opt,2,b_abs,704
1772685327,pure-ftpd,chatafl_opt,2,l_per,21.6
1772685327,pure-ftpd,chatafl_opt,2,l_abs,1404
1772685327,pure-ftpd,chatafl_opt,2,b_per,15.0
1772685327,pure-ftpd,chatafl_opt,2,b_abs,704
1772685328,pure-ftpd,chatafl_opt,2,l_per,21.6
1772685328,pure-ftpd,chatafl_opt,2,l_abs,1404
1772685328,pure-ftpd,chatafl_opt,2,b_per,15.0
1772685328,pure-ftpd,chatafl_opt,2,b_abs,704
1772685329,pure-ftpd,chatafl_opt,2,l_per,21.6
1772685329,pure-ftpd,chatafl_opt,2,l_abs,1404
1772685329,pure-ftpd,chatafl_opt,2,b_per,15.0
1772685329,pure-ftpd,chatafl_opt,2,b_abs,704
1772685330,pure-ftpd,chatafl_opt,2,l_per,21.6
1772685330,pure-ftpd,chatafl_opt,2,l_abs,1404
1772685330,pure-ftpd,chatafl_opt,2,b_per,15.0
1772685330,pure-ftpd,chatafl_opt,2,b_abs,704
1772685332,pure-ftpd,chatafl_opt,2,l_per,21.6
1772685332,pure-ftpd,chatafl_opt,2,l_abs,1404
1772685332,pure-ftpd,chatafl_opt,2,b_per,15.0
1772685332,pure-ftpd,chatafl_opt,2,b_abs,704
1772685332,pure-ftpd,chatafl_opt,2,l_per,21.6
1772685332,pure-ftpd,chatafl_opt,2,l_abs,1404
1772685332,pure-ftpd,chatafl_opt,2,b_per,15.0
1772685332,pure-ftpd,chatafl_opt,2,b_abs,704
1772685333,pure-ftpd,chatafl_opt,2,l_per,21.6
1772685333,pure-ftpd,chatafl_opt,2,l_abs,1405
1772685333,pure-ftpd,chatafl_opt,2,b_per,15.0
1772685333,pure-ftpd,chatafl_opt,2,b_abs,706
1772685334,pure-ftpd,chatafl_opt,2,l_per,21.6
1772685334,pure-ftpd,chatafl_opt,2,l_abs,1405
1772685334,pure-ftpd,chatafl_opt,2,b_per,15.0
1772685334,pure-ftpd,chatafl_opt,2,b_abs,706
1772685334,pure-ftpd,chatafl_opt,2,l_per,21.6
1772685334,pure-ftpd,chatafl_opt,2,l_abs,1405
1772685334,pure-ftpd,chatafl_opt,2,b_per,15.0
1772685334,pure-ftpd,chatafl_opt,2,b_abs,706
1772685334,pure-ftpd,chatafl_opt,2,l_per,21.6
1772685334,pure-ftpd,chatafl_opt,2,l_abs,1405
1772685334,pure-ftpd,chatafl_opt,2,b_per,15.0
1772685334,pure-ftpd,chatafl_opt,2,b_abs,706
1772685335,pure-ftpd,chatafl_opt,2,l_per,21.6
1772685335,pure-ftpd,chatafl_opt,2,l_abs,1405
1772685335,pure-ftpd,chatafl_opt,2,b_per,15.0
1772685335,pure-ftpd,chatafl_opt,2,b_abs,706
1772685335,pure-ftpd,chatafl_opt,2,l_per,21.6
1772685335,pure-ftpd,chatafl_opt,2,l_abs,1405
1772685335,pure-ftpd,chatafl_opt,2,b_per,15.0
1772685335,pure-ftpd,chatafl_opt,2,b_abs,706
1772685336,pure-ftpd,chatafl_opt,2,l_per,21.6
1772685336,pure-ftpd,chatafl_opt,2,l_abs,1405
1772685336,pure-ftpd,chatafl_opt,2,b_per,15.0
1772685336,pure-ftpd,chatafl_opt,2,b_abs,706
1772685336,pure-ftpd,chatafl_opt,2,l_per,21.6
1772685336,pure-ftpd,chatafl_opt,2,l_abs,1405
1772685336,pure-ftpd,chatafl_opt,2,b_per,15.0
1772685336,pure-ftpd,chatafl_opt,2,b_abs,706
1772685339,pure-ftpd,chatafl_opt,2,l_per,21.7
1772685339,pure-ftpd,chatafl_opt,2,l_abs,1407
1772685339,pure-ftpd,chatafl_opt,2,b_per,15.0
1772685339,pure-ftpd,chatafl_opt,2,b_abs,708
1772685340,pure-ftpd,chatafl_opt,2,l_per,21.7
1772685340,pure-ftpd,chatafl_opt,2,l_abs,1407
1772685340,pure-ftpd,chatafl_opt,2,b_per,15.0
1772685340,pure-ftpd,chatafl_opt,2,b_abs,708
1772685340,pure-ftpd,chatafl_opt,2,l_per,21.7
1772685340,pure-ftpd,chatafl_opt,2,l_abs,1407
1772685340,pure-ftpd,chatafl_opt,2,b_per,15.0
1772685340,pure-ftpd,chatafl_opt,2,b_abs,708
1772685341,pure-ftpd,chatafl_opt,2,l_per,21.7
1772685341,pure-ftpd,chatafl_opt,2,l_abs,1408
1772685341,pure-ftpd,chatafl_opt,2,b_per,15.1
1772685341,pure-ftpd,chatafl_opt,2,b_abs,709
1772685341,pure-ftpd,chatafl_opt,2,l_per,21.7
1772685341,pure-ftpd,chatafl_opt,2,l_abs,1408
1772685341,pure-ftpd,chatafl_opt,2,b_per,15.1
1772685341,pure-ftpd,chatafl_opt,2,b_abs,709
1772685342,pure-ftpd,chatafl_opt,2,l_per,21.7
1772685342,pure-ftpd,chatafl_opt,2,l_abs,1408
1772685342,pure-ftpd,chatafl_opt,2,b_per,15.1
1772685342,pure-ftpd,chatafl_opt,2,b_abs,709
1772685342,pure-ftpd,chatafl_opt,2,l_per,21.7
1772685342,pure-ftpd,chatafl_opt,2,l_abs,1408
1772685342,pure-ftpd,chatafl_opt,2,b_per,15.1
1772685342,pure-ftpd,chatafl_opt,2,b_abs,709
1772685343,pure-ftpd,chatafl_opt,2,l_per,21.7
1772685343,pure-ftpd,chatafl_opt,2,l_abs,1408
1772685343,pure-ftpd,chatafl_opt,2,b_per,15.1
1772685343,pure-ftpd,chatafl_opt,2,b_abs,709
1772685344,pure-ftpd,chatafl_opt,2,l_per,21.7
1772685344,pure-ftpd,chatafl_opt,2,l_abs,1408
1772685344,pure-ftpd,chatafl_opt,2,b_per,15.1
1772685344,pure-ftpd,chatafl_opt,2,b_abs,709
1772685344,pure-ftpd,chatafl_opt,2,l_per,21.7
1772685344,pure-ftpd,chatafl_opt,2,l_abs,1408
1772685344,pure-ftpd,chatafl_opt,2,b_per,15.1
1772685344,pure-ftpd,chatafl_opt,2,b_abs,709
1772685344,pure-ftpd,chatafl_opt,2,l_per,21.7
1772685344,pure-ftpd,chatafl_opt,2,l_abs,1408
1772685344,pure-ftpd,chatafl_opt,2,b_per,15.1
1772685344,pure-ftpd,chatafl_opt,2,b_abs,709
1772685345,pure-ftpd,chatafl_opt,2,l_per,21.7
1772685345,pure-ftpd,chatafl_opt,2,l_abs,1408
1772685345,pure-ftpd,chatafl_opt,2,b_per,15.1
1772685345,pure-ftpd,chatafl_opt,2,b_abs,709
1772685346,pure-ftpd,chatafl_opt,2,l_per,21.7
1772685346,pure-ftpd,chatafl_opt,2,l_abs,1408
1772685346,pure-ftpd,chatafl_opt,2,b_per,15.1
1772685346,pure-ftpd,chatafl_opt,2,b_abs,709
1772685346,pure-ftpd,chatafl_opt,2,l_per,21.7
1772685346,pure-ftpd,chatafl_opt,2,l_abs,1408
1772685346,pure-ftpd,chatafl_opt,2,b_per,15.1
1772685346,pure-ftpd,chatafl_opt,2,b_abs,709
1772685347,pure-ftpd,chatafl_opt,2,l_per,21.7
1772685347,pure-ftpd,chatafl_opt,2,l_abs,1408
1772685347,pure-ftpd,chatafl_opt,2,b_per,15.1
1772685347,pure-ftpd,chatafl_opt,2,b_abs,709
1772685347,pure-ftpd,chatafl_opt,2,l_per,21.7
1772685347,pure-ftpd,chatafl_opt,2,l_abs,1408
1772685347,pure-ftpd,chatafl_opt,2,b_per,15.1
1772685347,pure-ftpd,chatafl_opt,2,b_abs,709
1772685348,pure-ftpd,chatafl_opt,2,l_per,21.7
1772685348,pure-ftpd,chatafl_opt,2,l_abs,1408
1772685348,pure-ftpd,chatafl_opt,2,b_per,15.1
1772685348,pure-ftpd,chatafl_opt,2,b_abs,709
1772685348,pure-ftpd,chatafl_opt,2,l_per,21.7
1772685348,pure-ftpd,chatafl_opt,2,l_abs,1408
1772685348,pure-ftpd,chatafl_opt,2,b_per,15.1
1772685348,pure-ftpd,chatafl_opt,2,b_abs,709
1772685349,pure-ftpd,chatafl_opt,2,l_per,21.7
1772685349,pure-ftpd,chatafl_opt,2,l_abs,1408
1772685349,pure-ftpd,chatafl_opt,2,b_per,15.1
1772685349,pure-ftpd,chatafl_opt,2,b_abs,709
1772685349,pure-ftpd,chatafl_opt,2,l_per,21.7
1772685349,pure-ftpd,chatafl_opt,2,l_abs,1408
1772685349,pure-ftpd,chatafl_opt,2,b_per,15.1
1772685349,pure-ftpd,chatafl_opt,2,b_abs,709
1772685350,pure-ftpd,chatafl_opt,2,l_per,21.7
1772685350,pure-ftpd,chatafl_opt,2,l_abs,1408
1772685350,pure-ftpd,chatafl_opt,2,b_per,15.1
1772685350,pure-ftpd,chatafl_opt,2,b_abs,709
1772685350,pure-ftpd,chatafl_opt,2,l_per,21.7
1772685350,pure-ftpd,chatafl_opt,2,l_abs,1408
1772685350,pure-ftpd,chatafl_opt,2,b_per,15.1
1772685350,pure-ftpd,chatafl_opt,2,b_abs,709
1772685352,pure-ftpd,chatafl_opt,2,l_per,21.7
1772685352,pure-ftpd,chatafl_opt,2,l_abs,1408
1772685352,pure-ftpd,chatafl_opt,2,b_per,15.1
1772685352,pure-ftpd,chatafl_opt,2,b_abs,709
1772685352,pure-ftpd,chatafl_opt,2,l_per,21.7
1772685352,pure-ftpd,chatafl_opt,2,l_abs,1408
1772685352,pure-ftpd,chatafl_opt,2,b_per,15.1
1772685352,pure-ftpd,chatafl_opt,2,b_abs,709
1772685353,pure-ftpd,chatafl_opt,2,l_per,21.7
1772685353,pure-ftpd,chatafl_opt,2,l_abs,1408
1772685353,pure-ftpd,chatafl_opt,2,b_per,15.1
1772685353,pure-ftpd,chatafl_opt,2,b_abs,709
1772685354,pure-ftpd,chatafl_opt,2,l_per,21.7
1772685354,pure-ftpd,chatafl_opt,2,l_abs,1408
1772685354,pure-ftpd,chatafl_opt,2,b_per,15.1
1772685354,pure-ftpd,chatafl_opt,2,b_abs,709
1772685354,pure-ftpd,chatafl_opt,2,l_per,21.7
1772685354,pure-ftpd,chatafl_opt,2,l_abs,1408
1772685354,pure-ftpd,chatafl_opt,2,b_per,15.1
1772685354,pure-ftpd,chatafl_opt,2,b_abs,709
1772685355,pure-ftpd,chatafl_opt,2,l_per,21.7
1772685355,pure-ftpd,chatafl_opt,2,l_abs,1408
1772685355,pure-ftpd,chatafl_opt,2,b_per,15.1
1772685355,pure-ftpd,chatafl_opt,2,b_abs,709
1772685355,pure-ftpd,chatafl_opt,2,l_per,21.7
1772685355,pure-ftpd,chatafl_opt,2,l_abs,1408
1772685355,pure-ftpd,chatafl_opt,2,b_per,15.1
1772685355,pure-ftpd,chatafl_opt,2,b_abs,709
1772685356,pure-ftpd,chatafl_opt,2,l_per,21.7
1772685356,pure-ftpd,chatafl_opt,2,l_abs,1408
1772685356,pure-ftpd,chatafl_opt,2,b_per,15.1
1772685356,pure-ftpd,chatafl_opt,2,b_abs,709
1772685356,pure-ftpd,chatafl_opt,2,l_per,21.7
1772685356,pure-ftpd,chatafl_opt,2,l_abs,1408
1772685356,pure-ftpd,chatafl_opt,2,b_per,15.1
1772685356,pure-ftpd,chatafl_opt,2,b_abs,709
1772685357,pure-ftpd,chatafl_opt,2,l_per,21.7
1772685357,pure-ftpd,chatafl_opt,2,l_abs,1408
1772685357,pure-ftpd,chatafl_opt,2,b_per,15.1
1772685357,pure-ftpd,chatafl_opt,2,b_abs,709
1772685357,pure-ftpd,chatafl_opt,2,l_per,21.7
1772685357,pure-ftpd,chatafl_opt,2,l_abs,1408
1772685357,pure-ftpd,chatafl_opt,2,b_per,15.1
1772685357,pure-ftpd,chatafl_opt,2,b_abs,709
1772685358,pure-ftpd,chatafl_opt,2,l_per,21.7
1772685358,pure-ftpd,chatafl_opt,2,l_abs,1408
1772685358,pure-ftpd,chatafl_opt,2,b_per,15.1
1772685358,pure-ftpd,chatafl_opt,2,b_abs,709
1772685358,pure-ftpd,chatafl_opt,2,l_per,21.7
1772685358,pure-ftpd,chatafl_opt,2,l_abs,1408
1772685358,pure-ftpd,chatafl_opt,2,b_per,15.1
1772685358,pure-ftpd,chatafl_opt,2,b_abs,709
1772685359,pure-ftpd,chatafl_opt,2,l_per,21.7
1772685359,pure-ftpd,chatafl_opt,2,l_abs,1408
1772685359,pure-ftpd,chatafl_opt,2,b_per,15.1
1772685359,pure-ftpd,chatafl_opt,2,b_abs,709
1772685359,pure-ftpd,chatafl_opt,2,l_per,21.7
1772685359,pure-ftpd,chatafl_opt,2,l_abs,1408
1772685359,pure-ftpd,chatafl_opt,2,b_per,15.1
1772685359,pure-ftpd,chatafl_opt,2,b_abs,709
1772685360,pure-ftpd,chatafl_opt,2,l_per,21.7
1772685360,pure-ftpd,chatafl_opt,2,l_abs,1408
1772685360,pure-ftpd,chatafl_opt,2,b_per,15.1
1772685360,pure-ftpd,chatafl_opt,2,b_abs,709
1772685361,pure-ftpd,chatafl_opt,2,l_per,21.7
1772685361,pure-ftpd,chatafl_opt,2,l_abs,1408
1772685361,pure-ftpd,chatafl_opt,2,b_per,15.1
1772685361,pure-ftpd,chatafl_opt,2,b_abs,709
1772685361,pure-ftpd,chatafl_opt,2,l_per,21.7
1772685361,pure-ftpd,chatafl_opt,2,l_abs,1408
1772685361,pure-ftpd,chatafl_opt,2,b_per,15.1
1772685361,pure-ftpd,chatafl_opt,2,b_abs,709
1772685362,pure-ftpd,chatafl_opt,2,l_per,21.7
1772685362,pure-ftpd,chatafl_opt,2,l_abs,1411
1772685362,pure-ftpd,chatafl_opt,2,b_per,15.2
1772685362,pure-ftpd,chatafl_opt,2,b_abs,713
1772685362,pure-ftpd,chatafl_opt,2,l_per,21.7
1772685362,pure-ftpd,chatafl_opt,2,l_abs,1411
1772685362,pure-ftpd,chatafl_opt,2,b_per,15.2
1772685362,pure-ftpd,chatafl_opt,2,b_abs,713
1772685362,pure-ftpd,chatafl_opt,2,l_per,21.7
1772685362,pure-ftpd,chatafl_opt,2,l_abs,1411
1772685362,pure-ftpd,chatafl_opt,2,b_per,15.2
1772685362,pure-ftpd,chatafl_opt,2,b_abs,713
1772685363,pure-ftpd,chatafl_opt,2,l_per,21.7
1772685363,pure-ftpd,chatafl_opt,2,l_abs,1411
1772685363,pure-ftpd,chatafl_opt,2,b_per,15.2
1772685363,pure-ftpd,chatafl_opt,2,b_abs,713
1772685364,pure-ftpd,chatafl_opt,2,l_per,21.7
1772685364,pure-ftpd,chatafl_opt,2,l_abs,1411
1772685364,pure-ftpd,chatafl_opt,2,b_per,15.2
1772685364,pure-ftpd,chatafl_opt,2,b_abs,713
1772685364,pure-ftpd,chatafl_opt,2,l_per,21.7
1772685364,pure-ftpd,chatafl_opt,2,l_abs,1411
1772685364,pure-ftpd,chatafl_opt,2,b_per,15.2
1772685364,pure-ftpd,chatafl_opt,2,b_abs,713
1772685365,pure-ftpd,chatafl_opt,2,l_per,21.7
1772685365,pure-ftpd,chatafl_opt,2,l_abs,1411
1772685365,pure-ftpd,chatafl_opt,2,b_per,15.2
1772685365,pure-ftpd,chatafl_opt,2,b_abs,713
1772685365,pure-ftpd,chatafl_opt,2,l_per,21.7
1772685365,pure-ftpd,chatafl_opt,2,l_abs,1411
1772685365,pure-ftpd,chatafl_opt,2,b_per,15.2
1772685365,pure-ftpd,chatafl_opt,2,b_abs,713
1772685366,pure-ftpd,chatafl_opt,2,l_per,21.7
1772685366,pure-ftpd,chatafl_opt,2,l_abs,1411
1772685366,pure-ftpd,chatafl_opt,2,b_per,15.2
1772685366,pure-ftpd,chatafl_opt,2,b_abs,713
1772685367,pure-ftpd,chatafl_opt,2,l_per,21.7
1772685367,pure-ftpd,chatafl_opt,2,l_abs,1411
1772685367,pure-ftpd,chatafl_opt,2,b_per,15.2
1772685367,pure-ftpd,chatafl_opt,2,b_abs,713
1772685367,pure-ftpd,chatafl_opt,2,l_per,21.7
1772685367,pure-ftpd,chatafl_opt,2,l_abs,1411
1772685367,pure-ftpd,chatafl_opt,2,b_per,15.2
1772685367,pure-ftpd,chatafl_opt,2,b_abs,713
1772685368,pure-ftpd,chatafl_opt,2,l_per,21.7
1772685368,pure-ftpd,chatafl_opt,2,l_abs,1411
1772685368,pure-ftpd,chatafl_opt,2,b_per,15.2
1772685368,pure-ftpd,chatafl_opt,2,b_abs,716
1772685369,pure-ftpd,chatafl_opt,2,l_per,21.7
1772685369,pure-ftpd,chatafl_opt,2,l_abs,1411
1772685369,pure-ftpd,chatafl_opt,2,b_per,15.2
1772685369,pure-ftpd,chatafl_opt,2,b_abs,716
1772685370,pure-ftpd,chatafl_opt,2,l_per,21.7
1772685370,pure-ftpd,chatafl_opt,2,l_abs,1411
1772685370,pure-ftpd,chatafl_opt,2,b_per,15.2
1772685370,pure-ftpd,chatafl_opt,2,b_abs,716
1772685370,pure-ftpd,chatafl_opt,2,l_per,21.7
1772685370,pure-ftpd,chatafl_opt,2,l_abs,1411
1772685370,pure-ftpd,chatafl_opt,2,b_per,15.2
1772685370,pure-ftpd,chatafl_opt,2,b_abs,716
1772685371,pure-ftpd,chatafl_opt,2,l_per,21.7
1772685371,pure-ftpd,chatafl_opt,2,l_abs,1411
1772685371,pure-ftpd,chatafl_opt,2,b_per,15.2
1772685371,pure-ftpd,chatafl_opt,2,b_abs,716
1772685371,pure-ftpd,chatafl_opt,2,l_per,21.7
1772685371,pure-ftpd,chatafl_opt,2,l_abs,1411
1772685371,pure-ftpd,chatafl_opt,2,b_per,15.2
1772685371,pure-ftpd,chatafl_opt,2,b_abs,716
1772685371,pure-ftpd,chatafl_opt,2,l_per,21.7
1772685371,pure-ftpd,chatafl_opt,2,l_abs,1411
1772685371,pure-ftpd,chatafl_opt,2,b_per,15.2
1772685371,pure-ftpd,chatafl_opt,2,b_abs,716
1772685372,pure-ftpd,chatafl_opt,2,l_per,21.7
1772685372,pure-ftpd,chatafl_opt,2,l_abs,1411
1772685372,pure-ftpd,chatafl_opt,2,b_per,15.2
1772685372,pure-ftpd,chatafl_opt,2,b_abs,716
1772685288,pure-ftpd,chatafl_opt,2,l_per,21.7
1772685288,pure-ftpd,chatafl_opt,2,l_abs,1411
1772685288,pure-ftpd,chatafl_opt,2,b_per,15.2
1772685288,pure-ftpd,chatafl_opt,2,b_abs,716
1772685311,pure-ftpd,chatafl_opt,2,l_per,21.7
1772685311,pure-ftpd,chatafl_opt,2,l_abs,1411
1772685311,pure-ftpd,chatafl_opt,2,b_per,15.2
1772685311,pure-ftpd,chatafl_opt,2,b_abs,716
1772685334,pure-ftpd,chatafl_opt,2,l_per,21.7
1772685334,pure-ftpd,chatafl_opt,2,l_abs,1411
1772685334,pure-ftpd,chatafl_opt,2,b_per,15.2
1772685334,pure-ftpd,chatafl_opt,2,b_abs,716
1772685358,pure-ftpd,chatafl_opt,2,l_per,21.7
1772685358,pure-ftpd,chatafl_opt,2,l_abs,1411
1772685358,pure-ftpd,chatafl_opt,2,b_per,15.2
1772685358,pure-ftpd,chatafl_opt,2,b_abs,716
1772685398,pure-ftpd,chatafl_opt,2,l_per,22.0
1772685398,pure-ftpd,chatafl_opt,2,l_abs,1427
1772685398,pure-ftpd,chatafl_opt,2,b_per,15.5
1772685398,pure-ftpd,chatafl_opt,2,b_abs,728
1772685548,pure-ftpd,chatafl_opt,2,l_per,22.1
1772685548,pure-ftpd,chatafl_opt,2,l_abs,1434
1772685548,pure-ftpd,chatafl_opt,2,b_per,15.6
1772685548,pure-ftpd,chatafl_opt,2,b_abs,735
1772685695,pure-ftpd,chatafl_opt,2,l_per,22.4
1772685695,pure-ftpd,chatafl_opt,2,l_abs,1457
1772685695,pure-ftpd,chatafl_opt,2,b_per,15.9
1772685695,pure-ftpd,chatafl_opt,2,b_abs,750
1772685846,pure-ftpd,chatafl_opt,2,l_per,23.5
1772685846,pure-ftpd,chatafl_opt,2,l_abs,1526
1772685846,pure-ftpd,chatafl_opt,2,b_per,16.9
1772685846,pure-ftpd,chatafl_opt,2,b_abs,795
1772686070,pure-ftpd,chatafl_opt,2,l_per,24.1
1772686070,pure-ftpd,chatafl_opt,2,l_abs,1563
1772686070,pure-ftpd,chatafl_opt,2,b_per,17.5
1772686070,pure-ftpd,chatafl_opt,2,b_abs,825
1772686480,pure-ftpd,chatafl_opt,2,l_per,24.2
1772686480,pure-ftpd,chatafl_opt,2,l_abs,1569
1772686480,pure-ftpd,chatafl_opt,2,b_per,17.7
1772686480,pure-ftpd,chatafl_opt,2,b_abs,833
1772686842,pure-ftpd,chatafl_opt,2,l_per,26.2
1772686842,pure-ftpd,chatafl_opt,2,l_abs,1699
1772686842,pure-ftpd,chatafl_opt,2,b_per,19.2
1772686842,pure-ftpd,chatafl_opt,2,b_abs,903
1772687758,pure-ftpd,chatafl_opt,2,l_per,26.2
1772687758,pure-ftpd,chatafl_opt,2,l_abs,1702
1772687758,pure-ftpd,chatafl_opt,2,b_per,19.2
1772687758,pure-ftpd,chatafl_opt,2,b_abs,904
1772688270,pure-ftpd,chatafl_opt,2,l_per,26.4
1772688270,pure-ftpd,chatafl_opt,2,l_abs,1715
1772688270,pure-ftpd,chatafl_opt,2,b_per,19.4
1772688270,pure-ftpd,chatafl_opt,2,b_abs,914
1772689196,pure-ftpd,chatafl_opt,2,l_per,26.4
1772689196,pure-ftpd,chatafl_opt,2,l_abs,1715
1772689196,pure-ftpd,chatafl_opt,2,b_per,19.4
1772689196,pure-ftpd,chatafl_opt,2,b_abs,914
1772690304,pure-ftpd,chatafl_opt,2,l_per,26.4
1772690304,pure-ftpd,chatafl_opt,2,l_abs,1717
1772690304,pure-ftpd,chatafl_opt,2,b_per,19.5
1772690304,pure-ftpd,chatafl_opt,2,b_abs,919
1772691266,pure-ftpd,chatafl_opt,2,l_per,26.5
1772691266,pure-ftpd,chatafl_opt,2,l_abs,1721
1772691266,pure-ftpd,chatafl_opt,2,b_per,19.7
1772691266,pure-ftpd,chatafl_opt,2,b_abs,925
1772693098,pure-ftpd,chatafl_opt,2,l_per,26.5
1772693098,pure-ftpd,chatafl_opt,2,l_abs,1724
1772693098,pure-ftpd,chatafl_opt,2,b_per,19.7
1772693098,pure-ftpd,chatafl_opt,2,b_abs,929
1772694692,pure-ftpd,chatafl_opt,2,l_per,30.6
1772694692,pure-ftpd,chatafl_opt,2,l_abs,1984
1772694692,pure-ftpd,chatafl_opt,2,b_per,23.1
1772694692,pure-ftpd,chatafl_opt,2,b_abs,1086
1772697455,pure-ftpd,chatafl_opt,2,l_per,30.6
1772697455,pure-ftpd,chatafl_opt,2,l_abs,1988
1772697455,pure-ftpd,chatafl_opt,2,b_per,23.2
1772697455,pure-ftpd,chatafl_opt,2,b_abs,1090
1772697592,pure-ftpd,chatafl_opt,2,l_per,30.6
1772697592,pure-ftpd,chatafl_opt,2,l_abs,1988
1772697592,pure-ftpd,chatafl_opt,2,b_per,23.2
1772697592,pure-ftpd,chatafl_opt,2,b_abs,1090
