time,subject,fuzzer,run,cov_type,cov
1773673832,pure-ftpd,aflnet,1,l_per,12.9
1773673832,pure-ftpd,aflnet,1,l_abs,839
1773673832,pure-ftpd,aflnet,1,b_per,8.0
1773673832,pure-ftpd,aflnet,1,b_abs,375
1773673834,pure-ftpd,aflnet,1,l_per,14.0
1773673834,pure-ftpd,aflnet,1,l_abs,909
1773673834,pure-ftpd,aflnet,1,b_per,9.1
1773673834,pure-ftpd,aflnet,1,b_abs,429
1773673836,pure-ftpd,aflnet,1,l_per,16.6
1773673836,pure-ftpd,aflnet,1,l_abs,1075
1773673836,pure-ftpd,aflnet,1,b_per,10.9
1773673836,pure-ftpd,aflnet,1,b_abs,513
1773673836,pure-ftpd,aflnet,1,l_per,16.7
1773673836,pure-ftpd,aflnet,1,l_abs,1082
1773673836,pure-ftpd,aflnet,1,b_per,11.0
1773673836,pure-ftpd,aflnet,1,b_abs,519
1773673939,pure-ftpd,aflnet,1,l_per,17.4
1773673939,pure-ftpd,aflnet,1,l_abs,1126
1773673939,pure-ftpd,aflnet,1,b_per,11.5
1773673939,pure-ftpd,aflnet,1,b_abs,541
1773674601,pure-ftpd,aflnet,1,l_per,17.7
1773674601,pure-ftpd,aflnet,1,l_abs,1148
1773674601,pure-ftpd,aflnet,1,b_per,11.8
1773674601,pure-ftpd,aflnet,1,b_abs,554
1773675105,pure-ftpd,aflnet,1,l_per,17.8
1773675105,pure-ftpd,aflnet,1,l_abs,1156
1773675105,pure-ftpd,aflnet,1,b_per,11.9
1773675105,pure-ftpd,aflnet,1,b_abs,559
1773676559,pure-ftpd,aflnet,1,l_per,18.0
1773676559,pure-ftpd,aflnet,1,l_abs,1169
1773676559,pure-ftpd,aflnet,1,b_per,12.1
1773676559,pure-ftpd,aflnet,1,b_abs,569
1773677713,pure-ftpd,aflnet,1,l_per,18.4
1773677713,pure-ftpd,aflnet,1,l_abs,1196
1773677713,pure-ftpd,aflnet,1,b_per,12.5
1773677713,pure-ftpd,aflnet,1,b_abs,586
1773679258,pure-ftpd,aflnet,1,l_per,19.3
1773679258,pure-ftpd,aflnet,1,l_abs,1250
1773679258,pure-ftpd,aflnet,1,b_per,13.1
1773679258,pure-ftpd,aflnet,1,b_abs,618
1773682359,pure-ftpd,aflnet,1,l_per,20.0
1773682359,pure-ftpd,aflnet,1,l_abs,1297
1773682359,pure-ftpd,aflnet,1,b_per,13.8
1773682359,pure-ftpd,aflnet,1,b_abs,647
1773687698,pure-ftpd,aflnet,1,l_per,20.3
1773687698,pure-ftpd,aflnet,1,l_abs,1317
1773687698,pure-ftpd,aflnet,1,b_per,14.0
1773687698,pure-ftpd,aflnet,1,b_abs,661
1773692339,pure-ftpd,aflnet,1,l_per,20.5
1773692339,pure-ftpd,aflnet,1,l_abs,1327
1773692339,pure-ftpd,aflnet,1,b_per,14.2
1773692339,pure-ftpd,aflnet,1,b_abs,668
1773695004,pure-ftpd,aflnet,1,l_per,21.4
1773695004,pure-ftpd,aflnet,1,l_abs,1388
1773695004,pure-ftpd,aflnet,1,b_per,15.0
1773695004,pure-ftpd,aflnet,1,b_abs,705
1773701485,pure-ftpd,aflnet,1,l_per,22.0
1773701485,pure-ftpd,aflnet,1,l_abs,1425
1773701485,pure-ftpd,aflnet,1,b_per,15.5
1773701485,pure-ftpd,aflnet,1,b_abs,729
1773707788,pure-ftpd,aflnet,1,l_per,22.4
1773707788,pure-ftpd,aflnet,1,l_abs,1452
1773707788,pure-ftpd,aflnet,1,b_per,15.8
1773707788,pure-ftpd,aflnet,1,b_abs,744
1773715749,pure-ftpd,aflnet,1,l_per,22.5
1773715749,pure-ftpd,aflnet,1,l_abs,1459
1773715749,pure-ftpd,aflnet,1,b_per,16.0
1773715749,pure-ftpd,aflnet,1,b_abs,751
1773723942,pure-ftpd,aflnet,1,l_per,28.0
1773723942,pure-ftpd,aflnet,1,l_abs,1821
1773723942,pure-ftpd,aflnet,1,b_per,20.3
1773723942,pure-ftpd,aflnet,1,b_abs,955
1773730903,pure-ftpd,aflnet,1,l_per,28.8
1773730903,pure-ftpd,aflnet,1,l_abs,1867
1773730903,pure-ftpd,aflnet,1,b_per,21.1
1773730903,pure-ftpd,aflnet,1,b_abs,993
1773737923,pure-ftpd,aflnet,1,l_per,28.8
1773737923,pure-ftpd,aflnet,1,l_abs,1872
1773737923,pure-ftpd,aflnet,1,b_per,21.2
1773737923,pure-ftpd,aflnet,1,b_abs,997
1773751473,pure-ftpd,aflnet,1,l_per,28.9
1773751473,pure-ftpd,aflnet,1,l_abs,1876
1773751473,pure-ftpd,aflnet,1,b_per,21.3
1773751473,pure-ftpd,aflnet,1,b_abs,1000
1773759536,pure-ftpd,aflnet,1,l_per,30.0
1773759536,pure-ftpd,aflnet,1,l_abs,1947
1773759536,pure-ftpd,aflnet,1,b_per,22.4
1773759536,pure-ftpd,aflnet,1,b_abs,1052
1773762223,pure-ftpd,aflnet,1,l_per,30.1
1773762223,pure-ftpd,aflnet,1,l_abs,1951
1773762223,pure-ftpd,aflnet,1,b_per,22.4
1773762223,pure-ftpd,aflnet,1,b_abs,1055
1773673833,pure-ftpd,aflnet,2,l_per,13.0
1773673833,pure-ftpd,aflnet,2,l_abs,842
1773673833,pure-ftpd,aflnet,2,b_per,8.0
1773673833,pure-ftpd,aflnet,2,b_abs,377
1773673834,pure-ftpd,aflnet,2,l_per,14.0
1773673834,pure-ftpd,aflnet,2,l_abs,909
1773673834,pure-ftpd,aflnet,2,b_per,9.1
1773673834,pure-ftpd,aflnet,2,b_abs,429
1773673836,pure-ftpd,aflnet,2,l_per,16.6
1773673836,pure-ftpd,aflnet,2,l_abs,1075
1773673836,pure-ftpd,aflnet,2,b_per,10.9
1773673836,pure-ftpd,aflnet,2,b_abs,513
1773673837,pure-ftpd,aflnet,2,l_per,16.7
1773673837,pure-ftpd,aflnet,2,l_abs,1082
1773673837,pure-ftpd,aflnet,2,b_per,11.0
1773673837,pure-ftpd,aflnet,2,b_abs,519
1773674076,pure-ftpd,aflnet,2,l_per,17.1
1773674076,pure-ftpd,aflnet,2,l_abs,1107
1773674076,pure-ftpd,aflnet,2,b_per,11.3
1773674076,pure-ftpd,aflnet,2,b_abs,533
1773674549,pure-ftpd,aflnet,2,l_per,17.6
1773674549,pure-ftpd,aflnet,2,l_abs,1144
1773674549,pure-ftpd,aflnet,2,b_per,11.7
1773674549,pure-ftpd,aflnet,2,b_abs,551
1773674876,pure-ftpd,aflnet,2,l_per,17.7
1773674876,pure-ftpd,aflnet,2,l_abs,1151
1773674876,pure-ftpd,aflnet,2,b_per,11.8
1773674876,pure-ftpd,aflnet,2,b_abs,557
1773675903,pure-ftpd,aflnet,2,l_per,18.6
1773675903,pure-ftpd,aflnet,2,l_abs,1203
1773675903,pure-ftpd,aflnet,2,b_per,12.5
1773675903,pure-ftpd,aflnet,2,b_abs,588
1773676446,pure-ftpd,aflnet,2,l_per,19.4
1773676446,pure-ftpd,aflnet,2,l_abs,1260
1773676446,pure-ftpd,aflnet,2,b_per,13.3
1773676446,pure-ftpd,aflnet,2,b_abs,624
1773678138,pure-ftpd,aflnet,2,l_per,21.4
1773678138,pure-ftpd,aflnet,2,l_abs,1391
1773678138,pure-ftpd,aflnet,2,b_per,14.9
1773678138,pure-ftpd,aflnet,2,b_abs,699
1773681226,pure-ftpd,aflnet,2,l_per,21.4
1773681226,pure-ftpd,aflnet,2,l_abs,1391
1773681226,pure-ftpd,aflnet,2,b_per,14.9
1773681226,pure-ftpd,aflnet,2,b_abs,700
1773684881,pure-ftpd,aflnet,2,l_per,21.9
1773684881,pure-ftpd,aflnet,2,l_abs,1422
1773684881,pure-ftpd,aflnet,2,b_per,15.4
1773684881,pure-ftpd,aflnet,2,b_abs,723
1773688340,pure-ftpd,aflnet,2,l_per,25.7
1773688340,pure-ftpd,aflnet,2,l_abs,1671
1773688340,pure-ftpd,aflnet,2,b_per,18.6
1773688340,pure-ftpd,aflnet,2,b_abs,876
1773690536,pure-ftpd,aflnet,2,l_per,26.1
1773690536,pure-ftpd,aflnet,2,l_abs,1692
1773690536,pure-ftpd,aflnet,2,b_per,18.8
1773690536,pure-ftpd,aflnet,2,b_abs,886
1773694866,pure-ftpd,aflnet,2,l_per,27.2
1773694866,pure-ftpd,aflnet,2,l_abs,1765
1773694866,pure-ftpd,aflnet,2,b_per,20.1
1773694866,pure-ftpd,aflnet,2,b_abs,944
1773699417,pure-ftpd,aflnet,2,l_per,28.6
1773699417,pure-ftpd,aflnet,2,l_abs,1858
1773699417,pure-ftpd,aflnet,2,b_per,21.2
1773699417,pure-ftpd,aflnet,2,b_abs,996
1773704337,pure-ftpd,aflnet,2,l_per,29.1
1773704337,pure-ftpd,aflnet,2,l_abs,1887
1773704337,pure-ftpd,aflnet,2,b_per,21.6
1773704337,pure-ftpd,aflnet,2,b_abs,1018
1773711421,pure-ftpd,aflnet,2,l_per,29.5
1773711421,pure-ftpd,aflnet,2,l_abs,1913
1773711421,pure-ftpd,aflnet,2,b_per,22.1
1773711421,pure-ftpd,aflnet,2,b_abs,1038
1773717085,pure-ftpd,aflnet,2,l_per,29.9
1773717085,pure-ftpd,aflnet,2,l_abs,1942
1773717085,pure-ftpd,aflnet,2,b_per,22.5
1773717085,pure-ftpd,aflnet,2,b_abs,1060
1773728179,pure-ftpd,aflnet,2,l_per,30.1
1773728179,pure-ftpd,aflnet,2,l_abs,1953
1773728179,pure-ftpd,aflnet,2,b_per,22.7
1773728179,pure-ftpd,aflnet,2,b_abs,1067
1773737165,pure-ftpd,aflnet,2,l_per,30.3
1773737165,pure-ftpd,aflnet,2,l_abs,1964
1773737165,pure-ftpd,aflnet,2,b_per,22.8
1773737165,pure-ftpd,aflnet,2,b_abs,1073
1773746520,pure-ftpd,aflnet,2,l_per,30.5
1773746520,pure-ftpd,aflnet,2,l_abs,1978
1773746520,pure-ftpd,aflnet,2,b_per,23.0
1773746520,pure-ftpd,aflnet,2,b_abs,1084
1773757661,pure-ftpd,aflnet,2,l_per,30.6
1773757661,pure-ftpd,aflnet,2,l_abs,1988
1773757661,pure-ftpd,aflnet,2,b_per,23.3
1773757661,pure-ftpd,aflnet,2,b_abs,1094
1773762007,pure-ftpd,aflnet,2,l_per,30.6
1773762007,pure-ftpd,aflnet,2,l_abs,1989
1773762007,pure-ftpd,aflnet,2,b_per,23.3
1773762007,pure-ftpd,aflnet,2,b_abs,1097
1773673833,pure-ftpd,aflnet,3,l_per,12.9
1773673833,pure-ftpd,aflnet,3,l_abs,839
1773673833,pure-ftpd,aflnet,3,b_per,8.0
1773673833,pure-ftpd,aflnet,3,b_abs,375
1773673835,pure-ftpd,aflnet,3,l_per,14.0
1773673835,pure-ftpd,aflnet,3,l_abs,909
1773673835,pure-ftpd,aflnet,3,b_per,9.1
1773673835,pure-ftpd,aflnet,3,b_abs,429
1773673837,pure-ftpd,aflnet,3,l_per,16.6
1773673837,pure-ftpd,aflnet,3,l_abs,1075
1773673837,pure-ftpd,aflnet,3,b_per,10.9
1773673837,pure-ftpd,aflnet,3,b_abs,513
1773673837,pure-ftpd,aflnet,3,l_per,16.7
1773673837,pure-ftpd,aflnet,3,l_abs,1082
1773673837,pure-ftpd,aflnet,3,b_per,11.0
1773673837,pure-ftpd,aflnet,3,b_abs,519
1773674033,pure-ftpd,aflnet,3,l_per,17.5
1773674033,pure-ftpd,aflnet,3,l_abs,1132
1773674033,pure-ftpd,aflnet,3,b_per,11.6
1773674033,pure-ftpd,aflnet,3,b_abs,544
1773674595,pure-ftpd,aflnet,3,l_per,17.5
1773674595,pure-ftpd,aflnet,3,l_abs,1137
1773674595,pure-ftpd,aflnet,3,b_per,11.6
1773674595,pure-ftpd,aflnet,3,b_abs,548
1773674978,pure-ftpd,aflnet,3,l_per,17.8
1773674978,pure-ftpd,aflnet,3,l_abs,1153
1773674978,pure-ftpd,aflnet,3,b_per,11.8
1773674978,pure-ftpd,aflnet,3,b_abs,557
1773676003,pure-ftpd,aflnet,3,l_per,18.8
1773676003,pure-ftpd,aflnet,3,l_abs,1216
1773676003,pure-ftpd,aflnet,3,b_per,12.6
1773676003,pure-ftpd,aflnet,3,b_abs,592
1773676782,pure-ftpd,aflnet,3,l_per,19.3
1773676782,pure-ftpd,aflnet,3,l_abs,1254
1773676782,pure-ftpd,aflnet,3,b_per,13.0
1773676782,pure-ftpd,aflnet,3,b_abs,614
1773677499,pure-ftpd,aflnet,3,l_per,19.8
1773677499,pure-ftpd,aflnet,3,l_abs,1285
1773677499,pure-ftpd,aflnet,3,b_per,13.6
1773677499,pure-ftpd,aflnet,3,b_abs,640
1773678356,pure-ftpd,aflnet,3,l_per,20.4
1773678356,pure-ftpd,aflnet,3,l_abs,1323
1773678356,pure-ftpd,aflnet,3,b_per,14.0
1773678356,pure-ftpd,aflnet,3,b_abs,660
1773679528,pure-ftpd,aflnet,3,l_per,20.6
1773679528,pure-ftpd,aflnet,3,l_abs,1336
1773679528,pure-ftpd,aflnet,3,b_per,14.2
1773679528,pure-ftpd,aflnet,3,b_abs,668
1773682624,pure-ftpd,aflnet,3,l_per,21.4
1773682624,pure-ftpd,aflnet,3,l_abs,1389
1773682624,pure-ftpd,aflnet,3,b_per,14.9
1773682624,pure-ftpd,aflnet,3,b_abs,703
1773687341,pure-ftpd,aflnet,3,l_per,21.7
1773687341,pure-ftpd,aflnet,3,l_abs,1407
1773687341,pure-ftpd,aflnet,3,b_per,15.2
1773687341,pure-ftpd,aflnet,3,b_abs,715
1773695903,pure-ftpd,aflnet,3,l_per,23.9
1773695903,pure-ftpd,aflnet,3,l_abs,1550
1773695903,pure-ftpd,aflnet,3,b_per,16.9
1773695903,pure-ftpd,aflnet,3,b_abs,797
1773702471,pure-ftpd,aflnet,3,l_per,24.1
1773702471,pure-ftpd,aflnet,3,l_abs,1565
1773702471,pure-ftpd,aflnet,3,b_per,17.1
1773702471,pure-ftpd,aflnet,3,b_abs,806
1773713923,pure-ftpd,aflnet,3,l_per,24.1
1773713923,pure-ftpd,aflnet,3,l_abs,1567
1773713923,pure-ftpd,aflnet,3,b_per,17.2
1773713923,pure-ftpd,aflnet,3,b_abs,809
1773725015,pure-ftpd,aflnet,3,l_per,24.4
1773725015,pure-ftpd,aflnet,3,l_abs,1583
1773725015,pure-ftpd,aflnet,3,b_per,17.4
1773725015,pure-ftpd,aflnet,3,b_abs,820
1773737569,pure-ftpd,aflnet,3,l_per,24.4
1773737569,pure-ftpd,aflnet,3,l_abs,1585
1773737569,pure-ftpd,aflnet,3,b_per,17.5
1773737569,pure-ftpd,aflnet,3,b_abs,822
1773746902,pure-ftpd,aflnet,3,l_per,25.4
1773746902,pure-ftpd,aflnet,3,l_abs,1648
1773746902,pure-ftpd,aflnet,3,b_per,18.5
1773746902,pure-ftpd,aflnet,3,b_abs,869
1773756557,pure-ftpd,aflnet,3,l_per,29.4
1773756557,pure-ftpd,aflnet,3,l_abs,1908
1773756557,pure-ftpd,aflnet,3,b_per,21.8
1773756557,pure-ftpd,aflnet,3,b_abs,1025
1773762058,pure-ftpd,aflnet,3,l_per,29.5
1773762058,pure-ftpd,aflnet,3,l_abs,1915
1773762058,pure-ftpd,aflnet,3,b_per,21.9
1773762058,pure-ftpd,aflnet,3,b_abs,1032
1773674870,pure-ftpd,chatafl,1,l_per,13.3
1773674870,pure-ftpd,chatafl,1,l_abs,861
1773674870,pure-ftpd,chatafl,1,b_per,8.2
1773674870,pure-ftpd,chatafl,1,b_abs,388
1773674873,pure-ftpd,chatafl,1,l_per,14.9
1773674873,pure-ftpd,chatafl,1,l_abs,967
1773674873,pure-ftpd,chatafl,1,b_per,9.9
1773674873,pure-ftpd,chatafl,1,b_abs,464
1773674873,pure-ftpd,chatafl,1,l_per,17.4
1773674873,pure-ftpd,chatafl,1,l_abs,1128
1773674873,pure-ftpd,chatafl,1,b_per,11.6
1773674873,pure-ftpd,chatafl,1,b_abs,546
1773674876,pure-ftpd,chatafl,1,l_per,17.6
1773674876,pure-ftpd,chatafl,1,l_abs,1140
1773674876,pure-ftpd,chatafl,1,b_per,11.8
1773674876,pure-ftpd,chatafl,1,b_abs,556
1773674877,pure-ftpd,chatafl,1,l_per,17.7
1773674877,pure-ftpd,chatafl,1,l_abs,1149
1773674877,pure-ftpd,chatafl,1,b_per,12.0
1773674877,pure-ftpd,chatafl,1,b_abs,563
1773674880,pure-ftpd,chatafl,1,l_per,17.7
1773674880,pure-ftpd,chatafl,1,l_abs,1150
1773674880,pure-ftpd,chatafl,1,b_per,12.0
1773674880,pure-ftpd,chatafl,1,b_abs,564
1773674880,pure-ftpd,chatafl,1,l_per,18.5
1773674880,pure-ftpd,chatafl,1,l_abs,1197
1773674880,pure-ftpd,chatafl,1,b_per,12.3
1773674880,pure-ftpd,chatafl,1,b_abs,578
1773674881,pure-ftpd,chatafl,1,l_per,18.5
1773674881,pure-ftpd,chatafl,1,l_abs,1197
1773674881,pure-ftpd,chatafl,1,b_per,12.3
1773674881,pure-ftpd,chatafl,1,b_abs,578
1773674883,pure-ftpd,chatafl,1,l_per,18.7
1773674883,pure-ftpd,chatafl,1,l_abs,1210
1773674883,pure-ftpd,chatafl,1,b_per,12.3
1773674883,pure-ftpd,chatafl,1,b_abs,581
1773674886,pure-ftpd,chatafl,1,l_per,18.7
1773674886,pure-ftpd,chatafl,1,l_abs,1210
1773674886,pure-ftpd,chatafl,1,b_per,12.4
1773674886,pure-ftpd,chatafl,1,b_abs,582
1773674889,pure-ftpd,chatafl,1,l_per,18.7
1773674889,pure-ftpd,chatafl,1,l_abs,1210
1773674889,pure-ftpd,chatafl,1,b_per,12.4
1773674889,pure-ftpd,chatafl,1,b_abs,582
1773674889,pure-ftpd,chatafl,1,l_per,18.7
1773674889,pure-ftpd,chatafl,1,l_abs,1213
1773674889,pure-ftpd,chatafl,1,b_per,12.4
1773674889,pure-ftpd,chatafl,1,b_abs,585
1773674890,pure-ftpd,chatafl,1,l_per,18.7
1773674890,pure-ftpd,chatafl,1,l_abs,1213
1773674890,pure-ftpd,chatafl,1,b_per,12.4
1773674890,pure-ftpd,chatafl,1,b_abs,585
1773674892,pure-ftpd,chatafl,1,l_per,18.7
1773674892,pure-ftpd,chatafl,1,l_abs,1214
1773674892,pure-ftpd,chatafl,1,b_per,12.5
1773674892,pure-ftpd,chatafl,1,b_abs,586
1773674893,pure-ftpd,chatafl,1,l_per,18.7
1773674893,pure-ftpd,chatafl,1,l_abs,1214
1773674893,pure-ftpd,chatafl,1,b_per,12.5
1773674893,pure-ftpd,chatafl,1,b_abs,586
1773674893,pure-ftpd,chatafl,1,l_per,18.7
1773674893,pure-ftpd,chatafl,1,l_abs,1214
1773674893,pure-ftpd,chatafl,1,b_per,12.5
1773674893,pure-ftpd,chatafl,1,b_abs,586
1773674897,pure-ftpd,chatafl,1,l_per,18.8
1773674897,pure-ftpd,chatafl,1,l_abs,1221
1773674897,pure-ftpd,chatafl,1,b_per,12.5
1773674897,pure-ftpd,chatafl,1,b_abs,589
1773674897,pure-ftpd,chatafl,1,l_per,18.9
1773674897,pure-ftpd,chatafl,1,l_abs,1223
1773674897,pure-ftpd,chatafl,1,b_per,12.6
1773674897,pure-ftpd,chatafl,1,b_abs,591
1773674900,pure-ftpd,chatafl,1,l_per,18.9
1773674900,pure-ftpd,chatafl,1,l_abs,1224
1773674900,pure-ftpd,chatafl,1,b_per,12.6
1773674900,pure-ftpd,chatafl,1,b_abs,592
1773674901,pure-ftpd,chatafl,1,l_per,18.9
1773674901,pure-ftpd,chatafl,1,l_abs,1224
1773674901,pure-ftpd,chatafl,1,b_per,12.6
1773674901,pure-ftpd,chatafl,1,b_abs,592
1773674904,pure-ftpd,chatafl,1,l_per,19.0
1773674904,pure-ftpd,chatafl,1,l_abs,1235
1773674904,pure-ftpd,chatafl,1,b_per,12.7
1773674904,pure-ftpd,chatafl,1,b_abs,596
1773674908,pure-ftpd,chatafl,1,l_per,19.1
1773674908,pure-ftpd,chatafl,1,l_abs,1237
1773674908,pure-ftpd,chatafl,1,b_per,12.7
1773674908,pure-ftpd,chatafl,1,b_abs,598
1773674908,pure-ftpd,chatafl,1,l_per,19.4
1773674908,pure-ftpd,chatafl,1,l_abs,1257
1773674908,pure-ftpd,chatafl,1,b_per,12.9
1773674908,pure-ftpd,chatafl,1,b_abs,607
1773674912,pure-ftpd,chatafl,1,l_per,19.4
1773674912,pure-ftpd,chatafl,1,l_abs,1257
1773674912,pure-ftpd,chatafl,1,b_per,12.9
1773674912,pure-ftpd,chatafl,1,b_abs,607
1773674915,pure-ftpd,chatafl,1,l_per,19.4
1773674915,pure-ftpd,chatafl,1,l_abs,1259
1773674915,pure-ftpd,chatafl,1,b_per,12.9
1773674915,pure-ftpd,chatafl,1,b_abs,609
1773674915,pure-ftpd,chatafl,1,l_per,19.5
1773674915,pure-ftpd,chatafl,1,l_abs,1262
1773674915,pure-ftpd,chatafl,1,b_per,13.0
1773674915,pure-ftpd,chatafl,1,b_abs,611
1773674916,pure-ftpd,chatafl,1,l_per,19.5
1773674916,pure-ftpd,chatafl,1,l_abs,1262
1773674916,pure-ftpd,chatafl,1,b_per,13.0
1773674916,pure-ftpd,chatafl,1,b_abs,611
1773674917,pure-ftpd,chatafl,1,l_per,19.5
1773674917,pure-ftpd,chatafl,1,l_abs,1262
1773674917,pure-ftpd,chatafl,1,b_per,13.0
1773674917,pure-ftpd,chatafl,1,b_abs,611
1773674920,pure-ftpd,chatafl,1,l_per,19.6
1773674920,pure-ftpd,chatafl,1,l_abs,1273
1773674920,pure-ftpd,chatafl,1,b_per,13.1
1773674920,pure-ftpd,chatafl,1,b_abs,617
1773674920,pure-ftpd,chatafl,1,l_per,19.8
1773674920,pure-ftpd,chatafl,1,l_abs,1283
1773674920,pure-ftpd,chatafl,1,b_per,13.3
1773674920,pure-ftpd,chatafl,1,b_abs,624
1773674924,pure-ftpd,chatafl,1,l_per,19.8
1773674924,pure-ftpd,chatafl,1,l_abs,1283
1773674924,pure-ftpd,chatafl,1,b_per,13.3
1773674924,pure-ftpd,chatafl,1,b_abs,624
1773674924,pure-ftpd,chatafl,1,l_per,19.8
1773674924,pure-ftpd,chatafl,1,l_abs,1283
1773674924,pure-ftpd,chatafl,1,b_per,13.3
1773674924,pure-ftpd,chatafl,1,b_abs,624
1773674928,pure-ftpd,chatafl,1,l_per,19.9
1773674928,pure-ftpd,chatafl,1,l_abs,1294
1773674928,pure-ftpd,chatafl,1,b_per,13.5
1773674928,pure-ftpd,chatafl,1,b_abs,635
1773674928,pure-ftpd,chatafl,1,l_per,19.9
1773674928,pure-ftpd,chatafl,1,l_abs,1294
1773674928,pure-ftpd,chatafl,1,b_per,13.5
1773674928,pure-ftpd,chatafl,1,b_abs,635
1773674932,pure-ftpd,chatafl,1,l_per,19.9
1773674932,pure-ftpd,chatafl,1,l_abs,1294
1773674932,pure-ftpd,chatafl,1,b_per,13.5
1773674932,pure-ftpd,chatafl,1,b_abs,635
1773674933,pure-ftpd,chatafl,1,l_per,19.9
1773674933,pure-ftpd,chatafl,1,l_abs,1294
1773674933,pure-ftpd,chatafl,1,b_per,13.5
1773674933,pure-ftpd,chatafl,1,b_abs,635
1773674936,pure-ftpd,chatafl,1,l_per,20.0
1773674936,pure-ftpd,chatafl,1,l_abs,1297
1773674936,pure-ftpd,chatafl,1,b_per,13.6
1773674936,pure-ftpd,chatafl,1,b_abs,640
1773674937,pure-ftpd,chatafl,1,l_per,20.0
1773674937,pure-ftpd,chatafl,1,l_abs,1297
1773674937,pure-ftpd,chatafl,1,b_per,13.6
1773674937,pure-ftpd,chatafl,1,b_abs,640
1773674941,pure-ftpd,chatafl,1,l_per,20.0
1773674941,pure-ftpd,chatafl,1,l_abs,1300
1773674941,pure-ftpd,chatafl,1,b_per,13.6
1773674941,pure-ftpd,chatafl,1,b_abs,642
1773674941,pure-ftpd,chatafl,1,l_per,20.0
1773674941,pure-ftpd,chatafl,1,l_abs,1300
1773674941,pure-ftpd,chatafl,1,b_per,13.6
1773674941,pure-ftpd,chatafl,1,b_abs,642
1773674942,pure-ftpd,chatafl,1,l_per,20.0
1773674942,pure-ftpd,chatafl,1,l_abs,1300
1773674942,pure-ftpd,chatafl,1,b_per,13.6
1773674942,pure-ftpd,chatafl,1,b_abs,642
1773674943,pure-ftpd,chatafl,1,l_per,20.0
1773674943,pure-ftpd,chatafl,1,l_abs,1300
1773674943,pure-ftpd,chatafl,1,b_per,13.6
1773674943,pure-ftpd,chatafl,1,b_abs,642
1773674943,pure-ftpd,chatafl,1,l_per,20.0
1773674943,pure-ftpd,chatafl,1,l_abs,1300
1773674943,pure-ftpd,chatafl,1,b_per,13.6
1773674943,pure-ftpd,chatafl,1,b_abs,642
1773674944,pure-ftpd,chatafl,1,l_per,20.0
1773674944,pure-ftpd,chatafl,1,l_abs,1300
1773674944,pure-ftpd,chatafl,1,b_per,13.6
1773674944,pure-ftpd,chatafl,1,b_abs,642
1773674944,pure-ftpd,chatafl,1,l_per,20.2
1773674944,pure-ftpd,chatafl,1,l_abs,1308
1773674944,pure-ftpd,chatafl,1,b_per,13.7
1773674944,pure-ftpd,chatafl,1,b_abs,646
1773674945,pure-ftpd,chatafl,1,l_per,20.2
1773674945,pure-ftpd,chatafl,1,l_abs,1308
1773674945,pure-ftpd,chatafl,1,b_per,13.7
1773674945,pure-ftpd,chatafl,1,b_abs,646
1773674948,pure-ftpd,chatafl,1,l_per,20.2
1773674948,pure-ftpd,chatafl,1,l_abs,1308
1773674948,pure-ftpd,chatafl,1,b_per,13.7
1773674948,pure-ftpd,chatafl,1,b_abs,646
1773674949,pure-ftpd,chatafl,1,l_per,20.3
1773674949,pure-ftpd,chatafl,1,l_abs,1318
1773674949,pure-ftpd,chatafl,1,b_per,13.9
1773674949,pure-ftpd,chatafl,1,b_abs,653
1773674952,pure-ftpd,chatafl,1,l_per,20.3
1773674952,pure-ftpd,chatafl,1,l_abs,1318
1773674952,pure-ftpd,chatafl,1,b_per,13.9
1773674952,pure-ftpd,chatafl,1,b_abs,653
1773674952,pure-ftpd,chatafl,1,l_per,20.3
1773674952,pure-ftpd,chatafl,1,l_abs,1318
1773674952,pure-ftpd,chatafl,1,b_per,13.9
1773674952,pure-ftpd,chatafl,1,b_abs,653
1773674953,pure-ftpd,chatafl,1,l_per,20.3
1773674953,pure-ftpd,chatafl,1,l_abs,1318
1773674953,pure-ftpd,chatafl,1,b_per,13.9
1773674953,pure-ftpd,chatafl,1,b_abs,653
1773674953,pure-ftpd,chatafl,1,l_per,20.3
1773674953,pure-ftpd,chatafl,1,l_abs,1318
1773674953,pure-ftpd,chatafl,1,b_per,13.9
1773674953,pure-ftpd,chatafl,1,b_abs,653
1773674954,pure-ftpd,chatafl,1,l_per,20.3
1773674954,pure-ftpd,chatafl,1,l_abs,1318
1773674954,pure-ftpd,chatafl,1,b_per,13.9
1773674954,pure-ftpd,chatafl,1,b_abs,653
1773674955,pure-ftpd,chatafl,1,l_per,20.3
1773674955,pure-ftpd,chatafl,1,l_abs,1318
1773674955,pure-ftpd,chatafl,1,b_per,13.9
1773674955,pure-ftpd,chatafl,1,b_abs,653
1773674955,pure-ftpd,chatafl,1,l_per,20.3
1773674955,pure-ftpd,chatafl,1,l_abs,1318
1773674955,pure-ftpd,chatafl,1,b_per,13.9
1773674955,pure-ftpd,chatafl,1,b_abs,653
1773674956,pure-ftpd,chatafl,1,l_per,20.3
1773674956,pure-ftpd,chatafl,1,l_abs,1318
1773674956,pure-ftpd,chatafl,1,b_per,13.9
1773674956,pure-ftpd,chatafl,1,b_abs,653
1773674956,pure-ftpd,chatafl,1,l_per,20.3
1773674956,pure-ftpd,chatafl,1,l_abs,1318
1773674956,pure-ftpd,chatafl,1,b_per,13.9
1773674956,pure-ftpd,chatafl,1,b_abs,653
1773674960,pure-ftpd,chatafl,1,l_per,20.3
1773674960,pure-ftpd,chatafl,1,l_abs,1318
1773674960,pure-ftpd,chatafl,1,b_per,13.9
1773674960,pure-ftpd,chatafl,1,b_abs,653
1773674960,pure-ftpd,chatafl,1,l_per,20.3
1773674960,pure-ftpd,chatafl,1,l_abs,1318
1773674960,pure-ftpd,chatafl,1,b_per,13.9
1773674960,pure-ftpd,chatafl,1,b_abs,653
1773674961,pure-ftpd,chatafl,1,l_per,20.3
1773674961,pure-ftpd,chatafl,1,l_abs,1318
1773674961,pure-ftpd,chatafl,1,b_per,13.9
1773674961,pure-ftpd,chatafl,1,b_abs,653
1773674961,pure-ftpd,chatafl,1,l_per,20.3
1773674961,pure-ftpd,chatafl,1,l_abs,1318
1773674961,pure-ftpd,chatafl,1,b_per,13.9
1773674961,pure-ftpd,chatafl,1,b_abs,653
1773674962,pure-ftpd,chatafl,1,l_per,20.3
1773674962,pure-ftpd,chatafl,1,l_abs,1318
1773674962,pure-ftpd,chatafl,1,b_per,13.9
1773674962,pure-ftpd,chatafl,1,b_abs,653
1773674962,pure-ftpd,chatafl,1,l_per,20.3
1773674962,pure-ftpd,chatafl,1,l_abs,1318
1773674962,pure-ftpd,chatafl,1,b_per,13.9
1773674962,pure-ftpd,chatafl,1,b_abs,653
1773674963,pure-ftpd,chatafl,1,l_per,20.3
1773674963,pure-ftpd,chatafl,1,l_abs,1318
1773674963,pure-ftpd,chatafl,1,b_per,13.9
1773674963,pure-ftpd,chatafl,1,b_abs,653
1773674964,pure-ftpd,chatafl,1,l_per,20.3
1773674964,pure-ftpd,chatafl,1,l_abs,1318
1773674964,pure-ftpd,chatafl,1,b_per,13.9
1773674964,pure-ftpd,chatafl,1,b_abs,653
1773674964,pure-ftpd,chatafl,1,l_per,20.3
1773674964,pure-ftpd,chatafl,1,l_abs,1318
1773674964,pure-ftpd,chatafl,1,b_per,13.9
1773674964,pure-ftpd,chatafl,1,b_abs,653
1773674965,pure-ftpd,chatafl,1,l_per,20.3
1773674965,pure-ftpd,chatafl,1,l_abs,1318
1773674965,pure-ftpd,chatafl,1,b_per,13.9
1773674965,pure-ftpd,chatafl,1,b_abs,653
1773674966,pure-ftpd,chatafl,1,l_per,20.3
1773674966,pure-ftpd,chatafl,1,l_abs,1318
1773674966,pure-ftpd,chatafl,1,b_per,13.9
1773674966,pure-ftpd,chatafl,1,b_abs,653
1773674966,pure-ftpd,chatafl,1,l_per,20.3
1773674966,pure-ftpd,chatafl,1,l_abs,1318
1773674966,pure-ftpd,chatafl,1,b_per,13.9
1773674966,pure-ftpd,chatafl,1,b_abs,653
1773674967,pure-ftpd,chatafl,1,l_per,20.3
1773674967,pure-ftpd,chatafl,1,l_abs,1318
1773674967,pure-ftpd,chatafl,1,b_per,13.9
1773674967,pure-ftpd,chatafl,1,b_abs,653
1773674968,pure-ftpd,chatafl,1,l_per,20.3
1773674968,pure-ftpd,chatafl,1,l_abs,1318
1773674968,pure-ftpd,chatafl,1,b_per,13.9
1773674968,pure-ftpd,chatafl,1,b_abs,653
1773674968,pure-ftpd,chatafl,1,l_per,20.3
1773674968,pure-ftpd,chatafl,1,l_abs,1318
1773674968,pure-ftpd,chatafl,1,b_per,13.9
1773674968,pure-ftpd,chatafl,1,b_abs,653
1773674969,pure-ftpd,chatafl,1,l_per,20.3
1773674969,pure-ftpd,chatafl,1,l_abs,1318
1773674969,pure-ftpd,chatafl,1,b_per,13.9
1773674969,pure-ftpd,chatafl,1,b_abs,653
1773674972,pure-ftpd,chatafl,1,l_per,20.3
1773674972,pure-ftpd,chatafl,1,l_abs,1319
1773674972,pure-ftpd,chatafl,1,b_per,13.9
1773674972,pure-ftpd,chatafl,1,b_abs,654
1773674973,pure-ftpd,chatafl,1,l_per,20.3
1773674973,pure-ftpd,chatafl,1,l_abs,1319
1773674973,pure-ftpd,chatafl,1,b_per,13.9
1773674973,pure-ftpd,chatafl,1,b_abs,654
1773674974,pure-ftpd,chatafl,1,l_per,20.3
1773674974,pure-ftpd,chatafl,1,l_abs,1319
1773674974,pure-ftpd,chatafl,1,b_per,13.9
1773674974,pure-ftpd,chatafl,1,b_abs,654
1773674974,pure-ftpd,chatafl,1,l_per,20.3
1773674974,pure-ftpd,chatafl,1,l_abs,1319
1773674974,pure-ftpd,chatafl,1,b_per,13.9
1773674974,pure-ftpd,chatafl,1,b_abs,654
1773674975,pure-ftpd,chatafl,1,l_per,20.3
1773674975,pure-ftpd,chatafl,1,l_abs,1319
1773674975,pure-ftpd,chatafl,1,b_per,13.9
1773674975,pure-ftpd,chatafl,1,b_abs,654
1773674978,pure-ftpd,chatafl,1,l_per,20.3
1773674978,pure-ftpd,chatafl,1,l_abs,1319
1773674978,pure-ftpd,chatafl,1,b_per,13.9
1773674978,pure-ftpd,chatafl,1,b_abs,654
1773674979,pure-ftpd,chatafl,1,l_per,20.3
1773674979,pure-ftpd,chatafl,1,l_abs,1319
1773674979,pure-ftpd,chatafl,1,b_per,13.9
1773674979,pure-ftpd,chatafl,1,b_abs,654
1773674983,pure-ftpd,chatafl,1,l_per,20.3
1773674983,pure-ftpd,chatafl,1,l_abs,1319
1773674983,pure-ftpd,chatafl,1,b_per,13.9
1773674983,pure-ftpd,chatafl,1,b_abs,654
1773674984,pure-ftpd,chatafl,1,l_per,20.3
1773674984,pure-ftpd,chatafl,1,l_abs,1319
1773674984,pure-ftpd,chatafl,1,b_per,13.9
1773674984,pure-ftpd,chatafl,1,b_abs,654
1773674985,pure-ftpd,chatafl,1,l_per,20.3
1773674985,pure-ftpd,chatafl,1,l_abs,1319
1773674985,pure-ftpd,chatafl,1,b_per,13.9
1773674985,pure-ftpd,chatafl,1,b_abs,654
1773674985,pure-ftpd,chatafl,1,l_per,20.3
1773674985,pure-ftpd,chatafl,1,l_abs,1319
1773674985,pure-ftpd,chatafl,1,b_per,13.9
1773674985,pure-ftpd,chatafl,1,b_abs,654
1773674986,pure-ftpd,chatafl,1,l_per,20.3
1773674986,pure-ftpd,chatafl,1,l_abs,1319
1773674986,pure-ftpd,chatafl,1,b_per,13.9
1773674986,pure-ftpd,chatafl,1,b_abs,654
1773674987,pure-ftpd,chatafl,1,l_per,20.3
1773674987,pure-ftpd,chatafl,1,l_abs,1319
1773674987,pure-ftpd,chatafl,1,b_per,13.9
1773674987,pure-ftpd,chatafl,1,b_abs,654
1773674988,pure-ftpd,chatafl,1,l_per,20.3
1773674988,pure-ftpd,chatafl,1,l_abs,1319
1773674988,pure-ftpd,chatafl,1,b_per,13.9
1773674988,pure-ftpd,chatafl,1,b_abs,654
1773674988,pure-ftpd,chatafl,1,l_per,20.3
1773674988,pure-ftpd,chatafl,1,l_abs,1319
1773674988,pure-ftpd,chatafl,1,b_per,13.9
1773674988,pure-ftpd,chatafl,1,b_abs,654
1773674989,pure-ftpd,chatafl,1,l_per,20.3
1773674989,pure-ftpd,chatafl,1,l_abs,1319
1773674989,pure-ftpd,chatafl,1,b_per,13.9
1773674989,pure-ftpd,chatafl,1,b_abs,654
1773674990,pure-ftpd,chatafl,1,l_per,20.3
1773674990,pure-ftpd,chatafl,1,l_abs,1319
1773674990,pure-ftpd,chatafl,1,b_per,13.9
1773674990,pure-ftpd,chatafl,1,b_abs,654
1773674990,pure-ftpd,chatafl,1,l_per,20.3
1773674990,pure-ftpd,chatafl,1,l_abs,1319
1773674990,pure-ftpd,chatafl,1,b_per,13.9
1773674990,pure-ftpd,chatafl,1,b_abs,654
1773674991,pure-ftpd,chatafl,1,l_per,20.3
1773674991,pure-ftpd,chatafl,1,l_abs,1319
1773674991,pure-ftpd,chatafl,1,b_per,13.9
1773674991,pure-ftpd,chatafl,1,b_abs,654
1773674992,pure-ftpd,chatafl,1,l_per,20.3
1773674992,pure-ftpd,chatafl,1,l_abs,1319
1773674992,pure-ftpd,chatafl,1,b_per,13.9
1773674992,pure-ftpd,chatafl,1,b_abs,654
1773674992,pure-ftpd,chatafl,1,l_per,20.3
1773674992,pure-ftpd,chatafl,1,l_abs,1319
1773674992,pure-ftpd,chatafl,1,b_per,13.9
1773674992,pure-ftpd,chatafl,1,b_abs,654
1773674993,pure-ftpd,chatafl,1,l_per,20.3
1773674993,pure-ftpd,chatafl,1,l_abs,1319
1773674993,pure-ftpd,chatafl,1,b_per,13.9
1773674993,pure-ftpd,chatafl,1,b_abs,654
1773674993,pure-ftpd,chatafl,1,l_per,20.3
1773674993,pure-ftpd,chatafl,1,l_abs,1319
1773674993,pure-ftpd,chatafl,1,b_per,13.9
1773674993,pure-ftpd,chatafl,1,b_abs,654
1773674994,pure-ftpd,chatafl,1,l_per,20.3
1773674994,pure-ftpd,chatafl,1,l_abs,1319
1773674994,pure-ftpd,chatafl,1,b_per,13.9
1773674994,pure-ftpd,chatafl,1,b_abs,654
1773674995,pure-ftpd,chatafl,1,l_per,20.3
1773674995,pure-ftpd,chatafl,1,l_abs,1319
1773674995,pure-ftpd,chatafl,1,b_per,13.9
1773674995,pure-ftpd,chatafl,1,b_abs,654
1773674995,pure-ftpd,chatafl,1,l_per,20.3
1773674995,pure-ftpd,chatafl,1,l_abs,1319
1773674995,pure-ftpd,chatafl,1,b_per,13.9
1773674995,pure-ftpd,chatafl,1,b_abs,654
1773674999,pure-ftpd,chatafl,1,l_per,20.4
1773674999,pure-ftpd,chatafl,1,l_abs,1326
1773674999,pure-ftpd,chatafl,1,b_per,14.0
1773674999,pure-ftpd,chatafl,1,b_abs,658
1773674999,pure-ftpd,chatafl,1,l_per,20.4
1773674999,pure-ftpd,chatafl,1,l_abs,1326
1773674999,pure-ftpd,chatafl,1,b_per,14.0
1773674999,pure-ftpd,chatafl,1,b_abs,658
1773675000,pure-ftpd,chatafl,1,l_per,20.4
1773675000,pure-ftpd,chatafl,1,l_abs,1327
1773675000,pure-ftpd,chatafl,1,b_per,14.0
1773675000,pure-ftpd,chatafl,1,b_abs,659
1773675000,pure-ftpd,chatafl,1,l_per,20.4
1773675000,pure-ftpd,chatafl,1,l_abs,1327
1773675000,pure-ftpd,chatafl,1,b_per,14.0
1773675000,pure-ftpd,chatafl,1,b_abs,659
1773675001,pure-ftpd,chatafl,1,l_per,20.4
1773675001,pure-ftpd,chatafl,1,l_abs,1327
1773675001,pure-ftpd,chatafl,1,b_per,14.0
1773675001,pure-ftpd,chatafl,1,b_abs,659
1773675001,pure-ftpd,chatafl,1,l_per,20.4
1773675001,pure-ftpd,chatafl,1,l_abs,1327
1773675001,pure-ftpd,chatafl,1,b_per,14.0
1773675001,pure-ftpd,chatafl,1,b_abs,659
1773675002,pure-ftpd,chatafl,1,l_per,20.6
1773675002,pure-ftpd,chatafl,1,l_abs,1340
1773675002,pure-ftpd,chatafl,1,b_per,14.0
1773675002,pure-ftpd,chatafl,1,b_abs,661
1773675003,pure-ftpd,chatafl,1,l_per,20.6
1773675003,pure-ftpd,chatafl,1,l_abs,1340
1773675003,pure-ftpd,chatafl,1,b_per,14.0
1773675003,pure-ftpd,chatafl,1,b_abs,661
1773675003,pure-ftpd,chatafl,1,l_per,20.6
1773675003,pure-ftpd,chatafl,1,l_abs,1340
1773675003,pure-ftpd,chatafl,1,b_per,14.0
1773675003,pure-ftpd,chatafl,1,b_abs,661
1773675006,pure-ftpd,chatafl,1,l_per,20.7
1773675006,pure-ftpd,chatafl,1,l_abs,1341
1773675006,pure-ftpd,chatafl,1,b_per,14.1
1773675006,pure-ftpd,chatafl,1,b_abs,662
1773675007,pure-ftpd,chatafl,1,l_per,20.7
1773675007,pure-ftpd,chatafl,1,l_abs,1341
1773675007,pure-ftpd,chatafl,1,b_per,14.1
1773675007,pure-ftpd,chatafl,1,b_abs,662
1773675007,pure-ftpd,chatafl,1,l_per,20.7
1773675007,pure-ftpd,chatafl,1,l_abs,1341
1773675007,pure-ftpd,chatafl,1,b_per,14.1
1773675007,pure-ftpd,chatafl,1,b_abs,662
1773675011,pure-ftpd,chatafl,1,l_per,20.7
1773675011,pure-ftpd,chatafl,1,l_abs,1343
1773675011,pure-ftpd,chatafl,1,b_per,14.1
1773675011,pure-ftpd,chatafl,1,b_abs,663
1773675012,pure-ftpd,chatafl,1,l_per,20.7
1773675012,pure-ftpd,chatafl,1,l_abs,1343
1773675012,pure-ftpd,chatafl,1,b_per,14.1
1773675012,pure-ftpd,chatafl,1,b_abs,663
1773675012,pure-ftpd,chatafl,1,l_per,20.7
1773675012,pure-ftpd,chatafl,1,l_abs,1343
1773675012,pure-ftpd,chatafl,1,b_per,14.1
1773675012,pure-ftpd,chatafl,1,b_abs,663
1773675013,pure-ftpd,chatafl,1,l_per,20.7
1773675013,pure-ftpd,chatafl,1,l_abs,1343
1773675013,pure-ftpd,chatafl,1,b_per,14.1
1773675013,pure-ftpd,chatafl,1,b_abs,663
1773675014,pure-ftpd,chatafl,1,l_per,20.7
1773675014,pure-ftpd,chatafl,1,l_abs,1343
1773675014,pure-ftpd,chatafl,1,b_per,14.1
1773675014,pure-ftpd,chatafl,1,b_abs,663
1773675017,pure-ftpd,chatafl,1,l_per,20.7
1773675017,pure-ftpd,chatafl,1,l_abs,1344
1773675017,pure-ftpd,chatafl,1,b_per,14.1
1773675017,pure-ftpd,chatafl,1,b_abs,664
1773675018,pure-ftpd,chatafl,1,l_per,20.7
1773675018,pure-ftpd,chatafl,1,l_abs,1344
1773675018,pure-ftpd,chatafl,1,b_per,14.1
1773675018,pure-ftpd,chatafl,1,b_abs,664
1773675019,pure-ftpd,chatafl,1,l_per,20.7
1773675019,pure-ftpd,chatafl,1,l_abs,1344
1773675019,pure-ftpd,chatafl,1,b_per,14.1
1773675019,pure-ftpd,chatafl,1,b_abs,664
1773675019,pure-ftpd,chatafl,1,l_per,20.7
1773675019,pure-ftpd,chatafl,1,l_abs,1344
1773675019,pure-ftpd,chatafl,1,b_per,14.1
1773675019,pure-ftpd,chatafl,1,b_abs,664
1773675020,pure-ftpd,chatafl,1,l_per,20.7
1773675020,pure-ftpd,chatafl,1,l_abs,1344
1773675020,pure-ftpd,chatafl,1,b_per,14.1
1773675020,pure-ftpd,chatafl,1,b_abs,664
1773675020,pure-ftpd,chatafl,1,l_per,20.7
1773675020,pure-ftpd,chatafl,1,l_abs,1344
1773675020,pure-ftpd,chatafl,1,b_per,14.1
1773675020,pure-ftpd,chatafl,1,b_abs,664
1773675021,pure-ftpd,chatafl,1,l_per,20.7
1773675021,pure-ftpd,chatafl,1,l_abs,1344
1773675021,pure-ftpd,chatafl,1,b_per,14.1
1773675021,pure-ftpd,chatafl,1,b_abs,664
1773675022,pure-ftpd,chatafl,1,l_per,20.7
1773675022,pure-ftpd,chatafl,1,l_abs,1344
1773675022,pure-ftpd,chatafl,1,b_per,14.1
1773675022,pure-ftpd,chatafl,1,b_abs,664
1773675022,pure-ftpd,chatafl,1,l_per,20.7
1773675022,pure-ftpd,chatafl,1,l_abs,1345
1773675022,pure-ftpd,chatafl,1,b_per,14.2
1773675022,pure-ftpd,chatafl,1,b_abs,666
1773675023,pure-ftpd,chatafl,1,l_per,20.7
1773675023,pure-ftpd,chatafl,1,l_abs,1345
1773675023,pure-ftpd,chatafl,1,b_per,14.2
1773675023,pure-ftpd,chatafl,1,b_abs,666
1773675024,pure-ftpd,chatafl,1,l_per,20.7
1773675024,pure-ftpd,chatafl,1,l_abs,1345
1773675024,pure-ftpd,chatafl,1,b_per,14.2
1773675024,pure-ftpd,chatafl,1,b_abs,666
1773675025,pure-ftpd,chatafl,1,l_per,20.7
1773675025,pure-ftpd,chatafl,1,l_abs,1345
1773675025,pure-ftpd,chatafl,1,b_per,14.2
1773675025,pure-ftpd,chatafl,1,b_abs,666
1773675025,pure-ftpd,chatafl,1,l_per,20.7
1773675025,pure-ftpd,chatafl,1,l_abs,1345
1773675025,pure-ftpd,chatafl,1,b_per,14.2
1773675025,pure-ftpd,chatafl,1,b_abs,666
1773675026,pure-ftpd,chatafl,1,l_per,20.7
1773675026,pure-ftpd,chatafl,1,l_abs,1345
1773675026,pure-ftpd,chatafl,1,b_per,14.2
1773675026,pure-ftpd,chatafl,1,b_abs,666
1773675027,pure-ftpd,chatafl,1,l_per,20.7
1773675027,pure-ftpd,chatafl,1,l_abs,1345
1773675027,pure-ftpd,chatafl,1,b_per,14.2
1773675027,pure-ftpd,chatafl,1,b_abs,666
1773675028,pure-ftpd,chatafl,1,l_per,20.7
1773675028,pure-ftpd,chatafl,1,l_abs,1345
1773675028,pure-ftpd,chatafl,1,b_per,14.2
1773675028,pure-ftpd,chatafl,1,b_abs,666
1773675028,pure-ftpd,chatafl,1,l_per,20.7
1773675028,pure-ftpd,chatafl,1,l_abs,1345
1773675028,pure-ftpd,chatafl,1,b_per,14.2
1773675028,pure-ftpd,chatafl,1,b_abs,666
1773675029,pure-ftpd,chatafl,1,l_per,20.7
1773675029,pure-ftpd,chatafl,1,l_abs,1345
1773675029,pure-ftpd,chatafl,1,b_per,14.2
1773675029,pure-ftpd,chatafl,1,b_abs,666
1773675029,pure-ftpd,chatafl,1,l_per,20.7
1773675029,pure-ftpd,chatafl,1,l_abs,1345
1773675029,pure-ftpd,chatafl,1,b_per,14.2
1773675029,pure-ftpd,chatafl,1,b_abs,666
1773675030,pure-ftpd,chatafl,1,l_per,20.7
1773675030,pure-ftpd,chatafl,1,l_abs,1345
1773675030,pure-ftpd,chatafl,1,b_per,14.2
1773675030,pure-ftpd,chatafl,1,b_abs,666
1773675031,pure-ftpd,chatafl,1,l_per,20.7
1773675031,pure-ftpd,chatafl,1,l_abs,1345
1773675031,pure-ftpd,chatafl,1,b_per,14.2
1773675031,pure-ftpd,chatafl,1,b_abs,666
1773675031,pure-ftpd,chatafl,1,l_per,20.7
1773675031,pure-ftpd,chatafl,1,l_abs,1345
1773675031,pure-ftpd,chatafl,1,b_per,14.2
1773675031,pure-ftpd,chatafl,1,b_abs,666
1773675032,pure-ftpd,chatafl,1,l_per,20.7
1773675032,pure-ftpd,chatafl,1,l_abs,1345
1773675032,pure-ftpd,chatafl,1,b_per,14.2
1773675032,pure-ftpd,chatafl,1,b_abs,666
1773675032,pure-ftpd,chatafl,1,l_per,20.7
1773675032,pure-ftpd,chatafl,1,l_abs,1345
1773675032,pure-ftpd,chatafl,1,b_per,14.2
1773675032,pure-ftpd,chatafl,1,b_abs,666
1773675033,pure-ftpd,chatafl,1,l_per,20.7
1773675033,pure-ftpd,chatafl,1,l_abs,1345
1773675033,pure-ftpd,chatafl,1,b_per,14.2
1773675033,pure-ftpd,chatafl,1,b_abs,666
1773675033,pure-ftpd,chatafl,1,l_per,20.7
1773675033,pure-ftpd,chatafl,1,l_abs,1345
1773675033,pure-ftpd,chatafl,1,b_per,14.2
1773675033,pure-ftpd,chatafl,1,b_abs,666
1773675034,pure-ftpd,chatafl,1,l_per,20.7
1773675034,pure-ftpd,chatafl,1,l_abs,1345
1773675034,pure-ftpd,chatafl,1,b_per,14.2
1773675034,pure-ftpd,chatafl,1,b_abs,666
1773675035,pure-ftpd,chatafl,1,l_per,20.7
1773675035,pure-ftpd,chatafl,1,l_abs,1345
1773675035,pure-ftpd,chatafl,1,b_per,14.2
1773675035,pure-ftpd,chatafl,1,b_abs,666
1773675035,pure-ftpd,chatafl,1,l_per,20.7
1773675035,pure-ftpd,chatafl,1,l_abs,1345
1773675035,pure-ftpd,chatafl,1,b_per,14.2
1773675035,pure-ftpd,chatafl,1,b_abs,666
1773675036,pure-ftpd,chatafl,1,l_per,20.7
1773675036,pure-ftpd,chatafl,1,l_abs,1345
1773675036,pure-ftpd,chatafl,1,b_per,14.2
1773675036,pure-ftpd,chatafl,1,b_abs,666
1773675037,pure-ftpd,chatafl,1,l_per,20.7
1773675037,pure-ftpd,chatafl,1,l_abs,1345
1773675037,pure-ftpd,chatafl,1,b_per,14.2
1773675037,pure-ftpd,chatafl,1,b_abs,666
1773675037,pure-ftpd,chatafl,1,l_per,20.7
1773675037,pure-ftpd,chatafl,1,l_abs,1345
1773675037,pure-ftpd,chatafl,1,b_per,14.2
1773675037,pure-ftpd,chatafl,1,b_abs,666
1773675040,pure-ftpd,chatafl,1,l_per,20.7
1773675040,pure-ftpd,chatafl,1,l_abs,1345
1773675040,pure-ftpd,chatafl,1,b_per,14.2
1773675040,pure-ftpd,chatafl,1,b_abs,666
1773675041,pure-ftpd,chatafl,1,l_per,20.7
1773675041,pure-ftpd,chatafl,1,l_abs,1345
1773675041,pure-ftpd,chatafl,1,b_per,14.2
1773675041,pure-ftpd,chatafl,1,b_abs,666
1773675042,pure-ftpd,chatafl,1,l_per,20.7
1773675042,pure-ftpd,chatafl,1,l_abs,1345
1773675042,pure-ftpd,chatafl,1,b_per,14.2
1773675042,pure-ftpd,chatafl,1,b_abs,666
1773675042,pure-ftpd,chatafl,1,l_per,20.7
1773675042,pure-ftpd,chatafl,1,l_abs,1345
1773675042,pure-ftpd,chatafl,1,b_per,14.2
1773675042,pure-ftpd,chatafl,1,b_abs,666
1773675043,pure-ftpd,chatafl,1,l_per,20.8
1773675043,pure-ftpd,chatafl,1,l_abs,1347
1773675043,pure-ftpd,chatafl,1,b_per,14.2
1773675043,pure-ftpd,chatafl,1,b_abs,668
1773675044,pure-ftpd,chatafl,1,l_per,20.8
1773675044,pure-ftpd,chatafl,1,l_abs,1347
1773675044,pure-ftpd,chatafl,1,b_per,14.2
1773675044,pure-ftpd,chatafl,1,b_abs,668
1773675044,pure-ftpd,chatafl,1,l_per,20.8
1773675044,pure-ftpd,chatafl,1,l_abs,1347
1773675044,pure-ftpd,chatafl,1,b_per,14.2
1773675044,pure-ftpd,chatafl,1,b_abs,668
1773675045,pure-ftpd,chatafl,1,l_per,20.8
1773675045,pure-ftpd,chatafl,1,l_abs,1347
1773675045,pure-ftpd,chatafl,1,b_per,14.2
1773675045,pure-ftpd,chatafl,1,b_abs,668
1773675045,pure-ftpd,chatafl,1,l_per,20.8
1773675045,pure-ftpd,chatafl,1,l_abs,1347
1773675045,pure-ftpd,chatafl,1,b_per,14.2
1773675045,pure-ftpd,chatafl,1,b_abs,668
1773675046,pure-ftpd,chatafl,1,l_per,20.8
1773675046,pure-ftpd,chatafl,1,l_abs,1347
1773675046,pure-ftpd,chatafl,1,b_per,14.2
1773675046,pure-ftpd,chatafl,1,b_abs,668
1773675047,pure-ftpd,chatafl,1,l_per,20.8
1773675047,pure-ftpd,chatafl,1,l_abs,1347
1773675047,pure-ftpd,chatafl,1,b_per,14.2
1773675047,pure-ftpd,chatafl,1,b_abs,668
1773675047,pure-ftpd,chatafl,1,l_per,20.8
1773675047,pure-ftpd,chatafl,1,l_abs,1347
1773675047,pure-ftpd,chatafl,1,b_per,14.2
1773675047,pure-ftpd,chatafl,1,b_abs,668
1773675048,pure-ftpd,chatafl,1,l_per,20.8
1773675048,pure-ftpd,chatafl,1,l_abs,1347
1773675048,pure-ftpd,chatafl,1,b_per,14.2
1773675048,pure-ftpd,chatafl,1,b_abs,668
1773675048,pure-ftpd,chatafl,1,l_per,20.8
1773675048,pure-ftpd,chatafl,1,l_abs,1347
1773675048,pure-ftpd,chatafl,1,b_per,14.2
1773675048,pure-ftpd,chatafl,1,b_abs,668
1773675049,pure-ftpd,chatafl,1,l_per,20.8
1773675049,pure-ftpd,chatafl,1,l_abs,1347
1773675049,pure-ftpd,chatafl,1,b_per,14.2
1773675049,pure-ftpd,chatafl,1,b_abs,668
1773675049,pure-ftpd,chatafl,1,l_per,20.8
1773675049,pure-ftpd,chatafl,1,l_abs,1347
1773675049,pure-ftpd,chatafl,1,b_per,14.2
1773675049,pure-ftpd,chatafl,1,b_abs,668
1773675050,pure-ftpd,chatafl,1,l_per,20.8
1773675050,pure-ftpd,chatafl,1,l_abs,1347
1773675050,pure-ftpd,chatafl,1,b_per,14.2
1773675050,pure-ftpd,chatafl,1,b_abs,668
1773675053,pure-ftpd,chatafl,1,l_per,20.8
1773675053,pure-ftpd,chatafl,1,l_abs,1347
1773675053,pure-ftpd,chatafl,1,b_per,14.2
1773675053,pure-ftpd,chatafl,1,b_abs,668
1773675054,pure-ftpd,chatafl,1,l_per,20.8
1773675054,pure-ftpd,chatafl,1,l_abs,1347
1773675054,pure-ftpd,chatafl,1,b_per,14.2
1773675054,pure-ftpd,chatafl,1,b_abs,668
1773675055,pure-ftpd,chatafl,1,l_per,20.8
1773675055,pure-ftpd,chatafl,1,l_abs,1347
1773675055,pure-ftpd,chatafl,1,b_per,14.2
1773675055,pure-ftpd,chatafl,1,b_abs,668
1773675055,pure-ftpd,chatafl,1,l_per,20.8
1773675055,pure-ftpd,chatafl,1,l_abs,1347
1773675055,pure-ftpd,chatafl,1,b_per,14.2
1773675055,pure-ftpd,chatafl,1,b_abs,668
1773675058,pure-ftpd,chatafl,1,l_per,20.8
1773675058,pure-ftpd,chatafl,1,l_abs,1347
1773675058,pure-ftpd,chatafl,1,b_per,14.2
1773675058,pure-ftpd,chatafl,1,b_abs,668
1773675059,pure-ftpd,chatafl,1,l_per,21.0
1773675059,pure-ftpd,chatafl,1,l_abs,1361
1773675059,pure-ftpd,chatafl,1,b_per,14.3
1773675059,pure-ftpd,chatafl,1,b_abs,675
1773675059,pure-ftpd,chatafl,1,l_per,21.0
1773675059,pure-ftpd,chatafl,1,l_abs,1361
1773675059,pure-ftpd,chatafl,1,b_per,14.3
1773675059,pure-ftpd,chatafl,1,b_abs,675
1773675060,pure-ftpd,chatafl,1,l_per,21.0
1773675060,pure-ftpd,chatafl,1,l_abs,1361
1773675060,pure-ftpd,chatafl,1,b_per,14.4
1773675060,pure-ftpd,chatafl,1,b_abs,676
1773675061,pure-ftpd,chatafl,1,l_per,21.0
1773675061,pure-ftpd,chatafl,1,l_abs,1361
1773675061,pure-ftpd,chatafl,1,b_per,14.4
1773675061,pure-ftpd,chatafl,1,b_abs,676
1773675061,pure-ftpd,chatafl,1,l_per,21.0
1773675061,pure-ftpd,chatafl,1,l_abs,1361
1773675061,pure-ftpd,chatafl,1,b_per,14.4
1773675061,pure-ftpd,chatafl,1,b_abs,676
1773675065,pure-ftpd,chatafl,1,l_per,21.0
1773675065,pure-ftpd,chatafl,1,l_abs,1361
1773675065,pure-ftpd,chatafl,1,b_per,14.4
1773675065,pure-ftpd,chatafl,1,b_abs,676
1773675065,pure-ftpd,chatafl,1,l_per,21.0
1773675065,pure-ftpd,chatafl,1,l_abs,1361
1773675065,pure-ftpd,chatafl,1,b_per,14.4
1773675065,pure-ftpd,chatafl,1,b_abs,676
1773675066,pure-ftpd,chatafl,1,l_per,21.0
1773675066,pure-ftpd,chatafl,1,l_abs,1361
1773675066,pure-ftpd,chatafl,1,b_per,14.4
1773675066,pure-ftpd,chatafl,1,b_abs,676
1773675066,pure-ftpd,chatafl,1,l_per,21.0
1773675066,pure-ftpd,chatafl,1,l_abs,1361
1773675066,pure-ftpd,chatafl,1,b_per,14.4
1773675066,pure-ftpd,chatafl,1,b_abs,676
1773675067,pure-ftpd,chatafl,1,l_per,21.0
1773675067,pure-ftpd,chatafl,1,l_abs,1361
1773675067,pure-ftpd,chatafl,1,b_per,14.4
1773675067,pure-ftpd,chatafl,1,b_abs,676
1773675068,pure-ftpd,chatafl,1,l_per,21.0
1773675068,pure-ftpd,chatafl,1,l_abs,1361
1773675068,pure-ftpd,chatafl,1,b_per,14.4
1773675068,pure-ftpd,chatafl,1,b_abs,676
1773675068,pure-ftpd,chatafl,1,l_per,21.0
1773675068,pure-ftpd,chatafl,1,l_abs,1361
1773675068,pure-ftpd,chatafl,1,b_per,14.4
1773675068,pure-ftpd,chatafl,1,b_abs,676
1773675069,pure-ftpd,chatafl,1,l_per,21.0
1773675069,pure-ftpd,chatafl,1,l_abs,1361
1773675069,pure-ftpd,chatafl,1,b_per,14.4
1773675069,pure-ftpd,chatafl,1,b_abs,676
1773675069,pure-ftpd,chatafl,1,l_per,21.0
1773675069,pure-ftpd,chatafl,1,l_abs,1361
1773675069,pure-ftpd,chatafl,1,b_per,14.4
1773675069,pure-ftpd,chatafl,1,b_abs,676
1773674941,pure-ftpd,chatafl,1,l_per,21.0
1773674941,pure-ftpd,chatafl,1,l_abs,1362
1773674941,pure-ftpd,chatafl,1,b_per,14.4
1773674941,pure-ftpd,chatafl,1,b_abs,677
1773674979,pure-ftpd,chatafl,1,l_per,21.0
1773674979,pure-ftpd,chatafl,1,l_abs,1362
1773674979,pure-ftpd,chatafl,1,b_per,14.4
1773674979,pure-ftpd,chatafl,1,b_abs,677
1773675019,pure-ftpd,chatafl,1,l_per,21.0
1773675019,pure-ftpd,chatafl,1,l_abs,1362
1773675019,pure-ftpd,chatafl,1,b_per,14.4
1773675019,pure-ftpd,chatafl,1,b_abs,677
1773675047,pure-ftpd,chatafl,1,l_per,21.0
1773675047,pure-ftpd,chatafl,1,l_abs,1362
1773675047,pure-ftpd,chatafl,1,b_per,14.4
1773675047,pure-ftpd,chatafl,1,b_abs,677
1773675097,pure-ftpd,chatafl,1,l_per,21.0
1773675097,pure-ftpd,chatafl,1,l_abs,1363
1773675097,pure-ftpd,chatafl,1,b_per,14.5
1773675097,pure-ftpd,chatafl,1,b_abs,681
1773675658,pure-ftpd,chatafl,1,l_per,21.5
1773675658,pure-ftpd,chatafl,1,l_abs,1396
1773675658,pure-ftpd,chatafl,1,b_per,15.0
1773675658,pure-ftpd,chatafl,1,b_abs,704
1773676422,pure-ftpd,chatafl,1,l_per,24.2
1773676422,pure-ftpd,chatafl,1,l_abs,1569
1773676422,pure-ftpd,chatafl,1,b_per,17.0
1773676422,pure-ftpd,chatafl,1,b_abs,801
1773677356,pure-ftpd,chatafl,1,l_per,24.3
1773677356,pure-ftpd,chatafl,1,l_abs,1578
1773677356,pure-ftpd,chatafl,1,b_per,17.2
1773677356,pure-ftpd,chatafl,1,b_abs,808
1773677941,pure-ftpd,chatafl,1,l_per,24.6
1773677941,pure-ftpd,chatafl,1,l_abs,1594
1773677941,pure-ftpd,chatafl,1,b_per,17.4
1773677941,pure-ftpd,chatafl,1,b_abs,818
1773678674,pure-ftpd,chatafl,1,l_per,25.3
1773678674,pure-ftpd,chatafl,1,l_abs,1642
1773678674,pure-ftpd,chatafl,1,b_per,18.1
1773678674,pure-ftpd,chatafl,1,b_abs,851
1773679864,pure-ftpd,chatafl,1,l_per,25.5
1773679864,pure-ftpd,chatafl,1,l_abs,1653
1773679864,pure-ftpd,chatafl,1,b_per,18.3
1773679864,pure-ftpd,chatafl,1,b_abs,859
1773681350,pure-ftpd,chatafl,1,l_per,25.7
1773681350,pure-ftpd,chatafl,1,l_abs,1666
1773681350,pure-ftpd,chatafl,1,b_per,18.5
1773681350,pure-ftpd,chatafl,1,b_abs,870
1773682621,pure-ftpd,chatafl,1,l_per,25.7
1773682621,pure-ftpd,chatafl,1,l_abs,1666
1773682621,pure-ftpd,chatafl,1,b_per,18.5
1773682621,pure-ftpd,chatafl,1,b_abs,870
1773683700,pure-ftpd,chatafl,1,l_per,30.0
1773683700,pure-ftpd,chatafl,1,l_abs,1945
1773683700,pure-ftpd,chatafl,1,b_per,22.1
1773683700,pure-ftpd,chatafl,1,b_abs,1042
1773685360,pure-ftpd,chatafl,1,l_per,30.3
1773685360,pure-ftpd,chatafl,1,l_abs,1965
1773685360,pure-ftpd,chatafl,1,b_per,22.4
1773685360,pure-ftpd,chatafl,1,b_abs,1053
1773687896,pure-ftpd,chatafl,1,l_per,30.3
1773687896,pure-ftpd,chatafl,1,l_abs,1968
1773687896,pure-ftpd,chatafl,1,b_per,22.5
1773687896,pure-ftpd,chatafl,1,b_abs,1058
1773689215,pure-ftpd,chatafl,1,l_per,30.5
1773689215,pure-ftpd,chatafl,1,l_abs,1979
1773689215,pure-ftpd,chatafl,1,b_per,22.6
1773689215,pure-ftpd,chatafl,1,b_abs,1065
1773692203,pure-ftpd,chatafl,1,l_per,30.7
1773692203,pure-ftpd,chatafl,1,l_abs,1995
1773692203,pure-ftpd,chatafl,1,b_per,23.2
1773692203,pure-ftpd,chatafl,1,b_abs,1090
1773695091,pure-ftpd,chatafl,1,l_per,30.8
1773695091,pure-ftpd,chatafl,1,l_abs,1998
1773695091,pure-ftpd,chatafl,1,b_per,23.2
1773695091,pure-ftpd,chatafl,1,b_abs,1093
1773697408,pure-ftpd,chatafl,1,l_per,31.0
1773697408,pure-ftpd,chatafl,1,l_abs,2016
1773697408,pure-ftpd,chatafl,1,b_per,23.5
1773697408,pure-ftpd,chatafl,1,b_abs,1106
1773702790,pure-ftpd,chatafl,1,l_per,31.1
1773702790,pure-ftpd,chatafl,1,l_abs,2019
1773702790,pure-ftpd,chatafl,1,b_per,23.6
1773702790,pure-ftpd,chatafl,1,b_abs,1109
1773705326,pure-ftpd,chatafl,1,l_per,31.3
1773705326,pure-ftpd,chatafl,1,l_abs,2030
1773705326,pure-ftpd,chatafl,1,b_per,23.8
1773705326,pure-ftpd,chatafl,1,b_abs,1119
1773710265,pure-ftpd,chatafl,1,l_per,31.4
1773710265,pure-ftpd,chatafl,1,l_abs,2040
1773710265,pure-ftpd,chatafl,1,b_per,24.0
1773710265,pure-ftpd,chatafl,1,b_abs,1131
1773716489,pure-ftpd,chatafl,1,l_per,31.6
1773716489,pure-ftpd,chatafl,1,l_abs,2051
1773716489,pure-ftpd,chatafl,1,b_per,24.3
1773716489,pure-ftpd,chatafl,1,b_abs,1145
1773730826,pure-ftpd,chatafl,1,l_per,31.6
1773730826,pure-ftpd,chatafl,1,l_abs,2054
1773730826,pure-ftpd,chatafl,1,b_per,24.4
1773730826,pure-ftpd,chatafl,1,b_abs,1148
1773745144,pure-ftpd,chatafl,1,l_per,31.8
1773745144,pure-ftpd,chatafl,1,l_abs,2064
1773745144,pure-ftpd,chatafl,1,b_per,24.5
1773745144,pure-ftpd,chatafl,1,b_abs,1155
1773760867,pure-ftpd,chatafl,1,l_per,31.9
1773760867,pure-ftpd,chatafl,1,l_abs,2069
1773760867,pure-ftpd,chatafl,1,b_per,24.7
1773760867,pure-ftpd,chatafl,1,b_abs,1160
1773761369,pure-ftpd,chatafl,1,l_per,31.9
1773761369,pure-ftpd,chatafl,1,l_abs,2069
1773761369,pure-ftpd,chatafl,1,b_per,24.7
1773761369,pure-ftpd,chatafl,1,b_abs,1160
1773674739,pure-ftpd,chatafl,2,l_per,13.5
1773674739,pure-ftpd,chatafl,2,l_abs,875
1773674739,pure-ftpd,chatafl,2,b_per,8.4
1773674739,pure-ftpd,chatafl,2,b_abs,396
1773674742,pure-ftpd,chatafl,2,l_per,14.6
1773674742,pure-ftpd,chatafl,2,l_abs,944
1773674742,pure-ftpd,chatafl,2,b_per,9.6
1773674742,pure-ftpd,chatafl,2,b_abs,450
1773674745,pure-ftpd,chatafl,2,l_per,17.4
1773674745,pure-ftpd,chatafl,2,l_abs,1131
1773674745,pure-ftpd,chatafl,2,b_per,11.6
1773674745,pure-ftpd,chatafl,2,b_abs,548
1773674746,pure-ftpd,chatafl,2,l_per,18.0
1773674746,pure-ftpd,chatafl,2,l_abs,1167
1773674746,pure-ftpd,chatafl,2,b_per,12.1
1773674746,pure-ftpd,chatafl,2,b_abs,571
1773674746,pure-ftpd,chatafl,2,l_per,18.2
1773674746,pure-ftpd,chatafl,2,l_abs,1179
1773674746,pure-ftpd,chatafl,2,b_per,12.4
1773674746,pure-ftpd,chatafl,2,b_abs,583
1773674749,pure-ftpd,chatafl,2,l_per,18.2
1773674749,pure-ftpd,chatafl,2,l_abs,1180
1773674749,pure-ftpd,chatafl,2,b_per,12.4
1773674749,pure-ftpd,chatafl,2,b_abs,584
1773674752,pure-ftpd,chatafl,2,l_per,18.4
1773674752,pure-ftpd,chatafl,2,l_abs,1193
1773674752,pure-ftpd,chatafl,2,b_per,12.5
1773674752,pure-ftpd,chatafl,2,b_abs,587
1773674752,pure-ftpd,chatafl,2,l_per,18.6
1773674752,pure-ftpd,chatafl,2,l_abs,1205
1773674752,pure-ftpd,chatafl,2,b_per,12.6
1773674752,pure-ftpd,chatafl,2,b_abs,592
1773674753,pure-ftpd,chatafl,2,l_per,18.6
1773674753,pure-ftpd,chatafl,2,l_abs,1205
1773674753,pure-ftpd,chatafl,2,b_per,12.6
1773674753,pure-ftpd,chatafl,2,b_abs,592
1773674753,pure-ftpd,chatafl,2,l_per,18.6
1773674753,pure-ftpd,chatafl,2,l_abs,1205
1773674753,pure-ftpd,chatafl,2,b_per,12.6
1773674753,pure-ftpd,chatafl,2,b_abs,592
1773674754,pure-ftpd,chatafl,2,l_per,18.6
1773674754,pure-ftpd,chatafl,2,l_abs,1207
1773674754,pure-ftpd,chatafl,2,b_per,12.6
1773674754,pure-ftpd,chatafl,2,b_abs,593
1773674754,pure-ftpd,chatafl,2,l_per,18.6
1773674754,pure-ftpd,chatafl,2,l_abs,1207
1773674754,pure-ftpd,chatafl,2,b_per,12.6
1773674754,pure-ftpd,chatafl,2,b_abs,593
1773674757,pure-ftpd,chatafl,2,l_per,18.7
1773674757,pure-ftpd,chatafl,2,l_abs,1210
1773674757,pure-ftpd,chatafl,2,b_per,12.7
1773674757,pure-ftpd,chatafl,2,b_abs,596
1773674760,pure-ftpd,chatafl,2,l_per,18.7
1773674760,pure-ftpd,chatafl,2,l_abs,1213
1773674760,pure-ftpd,chatafl,2,b_per,12.7
1773674760,pure-ftpd,chatafl,2,b_abs,598
1773674760,pure-ftpd,chatafl,2,l_per,18.7
1773674760,pure-ftpd,chatafl,2,l_abs,1213
1773674760,pure-ftpd,chatafl,2,b_per,12.7
1773674760,pure-ftpd,chatafl,2,b_abs,598
1773674763,pure-ftpd,chatafl,2,l_per,18.9
1773674763,pure-ftpd,chatafl,2,l_abs,1224
1773674763,pure-ftpd,chatafl,2,b_per,12.9
1773674763,pure-ftpd,chatafl,2,b_abs,607
1773674764,pure-ftpd,chatafl,2,l_per,18.9
1773674764,pure-ftpd,chatafl,2,l_abs,1224
1773674764,pure-ftpd,chatafl,2,b_per,12.9
1773674764,pure-ftpd,chatafl,2,b_abs,607
1773674767,pure-ftpd,chatafl,2,l_per,18.9
1773674767,pure-ftpd,chatafl,2,l_abs,1224
1773674767,pure-ftpd,chatafl,2,b_per,12.9
1773674767,pure-ftpd,chatafl,2,b_abs,607
1773674767,pure-ftpd,chatafl,2,l_per,18.9
1773674767,pure-ftpd,chatafl,2,l_abs,1224
1773674767,pure-ftpd,chatafl,2,b_per,12.9
1773674767,pure-ftpd,chatafl,2,b_abs,607
1773674768,pure-ftpd,chatafl,2,l_per,19.2
1773674768,pure-ftpd,chatafl,2,l_abs,1244
1773674768,pure-ftpd,chatafl,2,b_per,13.1
1773674768,pure-ftpd,chatafl,2,b_abs,616
1773674768,pure-ftpd,chatafl,2,l_per,19.3
1773674768,pure-ftpd,chatafl,2,l_abs,1252
1773674768,pure-ftpd,chatafl,2,b_per,13.2
1773674768,pure-ftpd,chatafl,2,b_abs,620
1773674769,pure-ftpd,chatafl,2,l_per,19.3
1773674769,pure-ftpd,chatafl,2,l_abs,1252
1773674769,pure-ftpd,chatafl,2,b_per,13.2
1773674769,pure-ftpd,chatafl,2,b_abs,620
1773674770,pure-ftpd,chatafl,2,l_per,19.3
1773674770,pure-ftpd,chatafl,2,l_abs,1253
1773674770,pure-ftpd,chatafl,2,b_per,13.2
1773674770,pure-ftpd,chatafl,2,b_abs,621
1773674770,pure-ftpd,chatafl,2,l_per,19.3
1773674770,pure-ftpd,chatafl,2,l_abs,1253
1773674770,pure-ftpd,chatafl,2,b_per,13.2
1773674770,pure-ftpd,chatafl,2,b_abs,621
1773674771,pure-ftpd,chatafl,2,l_per,19.3
1773674771,pure-ftpd,chatafl,2,l_abs,1253
1773674771,pure-ftpd,chatafl,2,b_per,13.2
1773674771,pure-ftpd,chatafl,2,b_abs,621
1773674771,pure-ftpd,chatafl,2,l_per,19.3
1773674771,pure-ftpd,chatafl,2,l_abs,1253
1773674771,pure-ftpd,chatafl,2,b_per,13.2
1773674771,pure-ftpd,chatafl,2,b_abs,621
1773674775,pure-ftpd,chatafl,2,l_per,19.3
1773674775,pure-ftpd,chatafl,2,l_abs,1253
1773674775,pure-ftpd,chatafl,2,b_per,13.2
1773674775,pure-ftpd,chatafl,2,b_abs,621
1773674778,pure-ftpd,chatafl,2,l_per,19.5
1773674778,pure-ftpd,chatafl,2,l_abs,1264
1773674778,pure-ftpd,chatafl,2,b_per,13.4
1773674778,pure-ftpd,chatafl,2,b_abs,629
1773674781,pure-ftpd,chatafl,2,l_per,19.5
1773674781,pure-ftpd,chatafl,2,l_abs,1264
1773674781,pure-ftpd,chatafl,2,b_per,13.4
1773674781,pure-ftpd,chatafl,2,b_abs,629
1773674784,pure-ftpd,chatafl,2,l_per,19.6
1773674784,pure-ftpd,chatafl,2,l_abs,1275
1773674784,pure-ftpd,chatafl,2,b_per,13.5
1773674784,pure-ftpd,chatafl,2,b_abs,635
1773674787,pure-ftpd,chatafl,2,l_per,19.6
1773674787,pure-ftpd,chatafl,2,l_abs,1275
1773674787,pure-ftpd,chatafl,2,b_per,13.5
1773674787,pure-ftpd,chatafl,2,b_abs,635
1773674790,pure-ftpd,chatafl,2,l_per,19.6
1773674790,pure-ftpd,chatafl,2,l_abs,1275
1773674790,pure-ftpd,chatafl,2,b_per,13.5
1773674790,pure-ftpd,chatafl,2,b_abs,635
1773674793,pure-ftpd,chatafl,2,l_per,19.6
1773674793,pure-ftpd,chatafl,2,l_abs,1275
1773674793,pure-ftpd,chatafl,2,b_per,13.5
1773674793,pure-ftpd,chatafl,2,b_abs,635
1773674796,pure-ftpd,chatafl,2,l_per,19.6
1773674796,pure-ftpd,chatafl,2,l_abs,1275
1773674796,pure-ftpd,chatafl,2,b_per,13.5
1773674796,pure-ftpd,chatafl,2,b_abs,635
1773674797,pure-ftpd,chatafl,2,l_per,19.7
1773674797,pure-ftpd,chatafl,2,l_abs,1281
1773674797,pure-ftpd,chatafl,2,b_per,13.6
1773674797,pure-ftpd,chatafl,2,b_abs,638
1773674797,pure-ftpd,chatafl,2,l_per,19.7
1773674797,pure-ftpd,chatafl,2,l_abs,1281
1773674797,pure-ftpd,chatafl,2,b_per,13.6
1773674797,pure-ftpd,chatafl,2,b_abs,638
1773674798,pure-ftpd,chatafl,2,l_per,19.7
1773674798,pure-ftpd,chatafl,2,l_abs,1281
1773674798,pure-ftpd,chatafl,2,b_per,13.6
1773674798,pure-ftpd,chatafl,2,b_abs,638
1773674801,pure-ftpd,chatafl,2,l_per,19.8
1773674801,pure-ftpd,chatafl,2,l_abs,1282
1773674801,pure-ftpd,chatafl,2,b_per,13.6
1773674801,pure-ftpd,chatafl,2,b_abs,639
1773674802,pure-ftpd,chatafl,2,l_per,19.8
1773674802,pure-ftpd,chatafl,2,l_abs,1282
1773674802,pure-ftpd,chatafl,2,b_per,13.6
1773674802,pure-ftpd,chatafl,2,b_abs,639
1773674802,pure-ftpd,chatafl,2,l_per,19.8
1773674802,pure-ftpd,chatafl,2,l_abs,1282
1773674802,pure-ftpd,chatafl,2,b_per,13.6
1773674802,pure-ftpd,chatafl,2,b_abs,639
1773674803,pure-ftpd,chatafl,2,l_per,19.8
1773674803,pure-ftpd,chatafl,2,l_abs,1282
1773674803,pure-ftpd,chatafl,2,b_per,13.6
1773674803,pure-ftpd,chatafl,2,b_abs,639
1773674803,pure-ftpd,chatafl,2,l_per,19.8
1773674803,pure-ftpd,chatafl,2,l_abs,1286
1773674803,pure-ftpd,chatafl,2,b_per,13.7
1773674803,pure-ftpd,chatafl,2,b_abs,643
1773674804,pure-ftpd,chatafl,2,l_per,19.8
1773674804,pure-ftpd,chatafl,2,l_abs,1286
1773674804,pure-ftpd,chatafl,2,b_per,13.7
1773674804,pure-ftpd,chatafl,2,b_abs,643
1773674804,pure-ftpd,chatafl,2,l_per,19.8
1773674804,pure-ftpd,chatafl,2,l_abs,1286
1773674804,pure-ftpd,chatafl,2,b_per,13.7
1773674804,pure-ftpd,chatafl,2,b_abs,643
1773674805,pure-ftpd,chatafl,2,l_per,19.9
1773674805,pure-ftpd,chatafl,2,l_abs,1289
1773674805,pure-ftpd,chatafl,2,b_per,13.7
1773674805,pure-ftpd,chatafl,2,b_abs,645
1773674805,pure-ftpd,chatafl,2,l_per,19.9
1773674805,pure-ftpd,chatafl,2,l_abs,1289
1773674805,pure-ftpd,chatafl,2,b_per,13.7
1773674805,pure-ftpd,chatafl,2,b_abs,645
1773674808,pure-ftpd,chatafl,2,l_per,19.9
1773674808,pure-ftpd,chatafl,2,l_abs,1289
1773674808,pure-ftpd,chatafl,2,b_per,13.7
1773674808,pure-ftpd,chatafl,2,b_abs,645
1773674808,pure-ftpd,chatafl,2,l_per,19.9
1773674808,pure-ftpd,chatafl,2,l_abs,1292
1773674808,pure-ftpd,chatafl,2,b_per,13.8
1773674808,pure-ftpd,chatafl,2,b_abs,647
1773674809,pure-ftpd,chatafl,2,l_per,20.0
1773674809,pure-ftpd,chatafl,2,l_abs,1295
1773674809,pure-ftpd,chatafl,2,b_per,13.8
1773674809,pure-ftpd,chatafl,2,b_abs,651
1773674810,pure-ftpd,chatafl,2,l_per,20.0
1773674810,pure-ftpd,chatafl,2,l_abs,1295
1773674810,pure-ftpd,chatafl,2,b_per,13.8
1773674810,pure-ftpd,chatafl,2,b_abs,651
1773674810,pure-ftpd,chatafl,2,l_per,20.0
1773674810,pure-ftpd,chatafl,2,l_abs,1295
1773674810,pure-ftpd,chatafl,2,b_per,13.8
1773674810,pure-ftpd,chatafl,2,b_abs,651
1773674813,pure-ftpd,chatafl,2,l_per,20.0
1773674813,pure-ftpd,chatafl,2,l_abs,1295
1773674813,pure-ftpd,chatafl,2,b_per,13.8
1773674813,pure-ftpd,chatafl,2,b_abs,651
1773674813,pure-ftpd,chatafl,2,l_per,20.0
1773674813,pure-ftpd,chatafl,2,l_abs,1296
1773674813,pure-ftpd,chatafl,2,b_per,13.9
1773674813,pure-ftpd,chatafl,2,b_abs,652
1773674814,pure-ftpd,chatafl,2,l_per,20.0
1773674814,pure-ftpd,chatafl,2,l_abs,1296
1773674814,pure-ftpd,chatafl,2,b_per,13.9
1773674814,pure-ftpd,chatafl,2,b_abs,652
1773674814,pure-ftpd,chatafl,2,l_per,20.0
1773674814,pure-ftpd,chatafl,2,l_abs,1296
1773674814,pure-ftpd,chatafl,2,b_per,13.9
1773674814,pure-ftpd,chatafl,2,b_abs,652
1773674815,pure-ftpd,chatafl,2,l_per,20.0
1773674815,pure-ftpd,chatafl,2,l_abs,1296
1773674815,pure-ftpd,chatafl,2,b_per,13.9
1773674815,pure-ftpd,chatafl,2,b_abs,652
1773674815,pure-ftpd,chatafl,2,l_per,20.0
1773674815,pure-ftpd,chatafl,2,l_abs,1296
1773674815,pure-ftpd,chatafl,2,b_per,13.9
1773674815,pure-ftpd,chatafl,2,b_abs,652
1773674816,pure-ftpd,chatafl,2,l_per,20.0
1773674816,pure-ftpd,chatafl,2,l_abs,1296
1773674816,pure-ftpd,chatafl,2,b_per,13.9
1773674816,pure-ftpd,chatafl,2,b_abs,652
1773674816,pure-ftpd,chatafl,2,l_per,20.0
1773674816,pure-ftpd,chatafl,2,l_abs,1296
1773674816,pure-ftpd,chatafl,2,b_per,13.9
1773674816,pure-ftpd,chatafl,2,b_abs,652
1773674817,pure-ftpd,chatafl,2,l_per,20.0
1773674817,pure-ftpd,chatafl,2,l_abs,1296
1773674817,pure-ftpd,chatafl,2,b_per,13.9
1773674817,pure-ftpd,chatafl,2,b_abs,652
1773674818,pure-ftpd,chatafl,2,l_per,20.0
1773674818,pure-ftpd,chatafl,2,l_abs,1296
1773674818,pure-ftpd,chatafl,2,b_per,13.9
1773674818,pure-ftpd,chatafl,2,b_abs,652
1773674818,pure-ftpd,chatafl,2,l_per,20.0
1773674818,pure-ftpd,chatafl,2,l_abs,1296
1773674818,pure-ftpd,chatafl,2,b_per,13.9
1773674818,pure-ftpd,chatafl,2,b_abs,652
1773674819,pure-ftpd,chatafl,2,l_per,20.0
1773674819,pure-ftpd,chatafl,2,l_abs,1296
1773674819,pure-ftpd,chatafl,2,b_per,13.9
1773674819,pure-ftpd,chatafl,2,b_abs,652
1773674819,pure-ftpd,chatafl,2,l_per,20.0
1773674819,pure-ftpd,chatafl,2,l_abs,1296
1773674819,pure-ftpd,chatafl,2,b_per,13.9
1773674819,pure-ftpd,chatafl,2,b_abs,652
1773674820,pure-ftpd,chatafl,2,l_per,20.0
1773674820,pure-ftpd,chatafl,2,l_abs,1296
1773674820,pure-ftpd,chatafl,2,b_per,13.9
1773674820,pure-ftpd,chatafl,2,b_abs,652
1773674820,pure-ftpd,chatafl,2,l_per,20.0
1773674820,pure-ftpd,chatafl,2,l_abs,1296
1773674820,pure-ftpd,chatafl,2,b_per,13.9
1773674820,pure-ftpd,chatafl,2,b_abs,652
1773674821,pure-ftpd,chatafl,2,l_per,20.2
1773674821,pure-ftpd,chatafl,2,l_abs,1311
1773674821,pure-ftpd,chatafl,2,b_per,14.0
1773674821,pure-ftpd,chatafl,2,b_abs,660
1773674821,pure-ftpd,chatafl,2,l_per,20.2
1773674821,pure-ftpd,chatafl,2,l_abs,1314
1773674821,pure-ftpd,chatafl,2,b_per,14.1
1773674821,pure-ftpd,chatafl,2,b_abs,665
1773674822,pure-ftpd,chatafl,2,l_per,20.2
1773674822,pure-ftpd,chatafl,2,l_abs,1314
1773674822,pure-ftpd,chatafl,2,b_per,14.1
1773674822,pure-ftpd,chatafl,2,b_abs,665
1773674822,pure-ftpd,chatafl,2,l_per,20.2
1773674822,pure-ftpd,chatafl,2,l_abs,1314
1773674822,pure-ftpd,chatafl,2,b_per,14.1
1773674822,pure-ftpd,chatafl,2,b_abs,665
1773674823,pure-ftpd,chatafl,2,l_per,20.2
1773674823,pure-ftpd,chatafl,2,l_abs,1314
1773674823,pure-ftpd,chatafl,2,b_per,14.1
1773674823,pure-ftpd,chatafl,2,b_abs,665
1773674826,pure-ftpd,chatafl,2,l_per,20.2
1773674826,pure-ftpd,chatafl,2,l_abs,1314
1773674826,pure-ftpd,chatafl,2,b_per,14.1
1773674826,pure-ftpd,chatafl,2,b_abs,665
1773674828,pure-ftpd,chatafl,2,l_per,20.3
1773674828,pure-ftpd,chatafl,2,l_abs,1315
1773674828,pure-ftpd,chatafl,2,b_per,14.2
1773674828,pure-ftpd,chatafl,2,b_abs,668
1773674829,pure-ftpd,chatafl,2,l_per,20.3
1773674829,pure-ftpd,chatafl,2,l_abs,1315
1773674829,pure-ftpd,chatafl,2,b_per,14.2
1773674829,pure-ftpd,chatafl,2,b_abs,668
1773674830,pure-ftpd,chatafl,2,l_per,20.3
1773674830,pure-ftpd,chatafl,2,l_abs,1315
1773674830,pure-ftpd,chatafl,2,b_per,14.2
1773674830,pure-ftpd,chatafl,2,b_abs,668
1773674830,pure-ftpd,chatafl,2,l_per,20.4
1773674830,pure-ftpd,chatafl,2,l_abs,1322
1773674830,pure-ftpd,chatafl,2,b_per,14.3
1773674830,pure-ftpd,chatafl,2,b_abs,673
1773674831,pure-ftpd,chatafl,2,l_per,20.4
1773674831,pure-ftpd,chatafl,2,l_abs,1322
1773674831,pure-ftpd,chatafl,2,b_per,14.3
1773674831,pure-ftpd,chatafl,2,b_abs,673
1773674831,pure-ftpd,chatafl,2,l_per,20.4
1773674831,pure-ftpd,chatafl,2,l_abs,1322
1773674831,pure-ftpd,chatafl,2,b_per,14.3
1773674831,pure-ftpd,chatafl,2,b_abs,673
1773674832,pure-ftpd,chatafl,2,l_per,20.4
1773674832,pure-ftpd,chatafl,2,l_abs,1322
1773674832,pure-ftpd,chatafl,2,b_per,14.3
1773674832,pure-ftpd,chatafl,2,b_abs,673
1773674835,pure-ftpd,chatafl,2,l_per,20.4
1773674835,pure-ftpd,chatafl,2,l_abs,1322
1773674835,pure-ftpd,chatafl,2,b_per,14.3
1773674835,pure-ftpd,chatafl,2,b_abs,673
1773674836,pure-ftpd,chatafl,2,l_per,20.4
1773674836,pure-ftpd,chatafl,2,l_abs,1322
1773674836,pure-ftpd,chatafl,2,b_per,14.3
1773674836,pure-ftpd,chatafl,2,b_abs,673
1773674836,pure-ftpd,chatafl,2,l_per,20.4
1773674836,pure-ftpd,chatafl,2,l_abs,1322
1773674836,pure-ftpd,chatafl,2,b_per,14.3
1773674836,pure-ftpd,chatafl,2,b_abs,673
1773674837,pure-ftpd,chatafl,2,l_per,20.4
1773674837,pure-ftpd,chatafl,2,l_abs,1322
1773674837,pure-ftpd,chatafl,2,b_per,14.3
1773674837,pure-ftpd,chatafl,2,b_abs,673
1773674837,pure-ftpd,chatafl,2,l_per,20.4
1773674837,pure-ftpd,chatafl,2,l_abs,1322
1773674837,pure-ftpd,chatafl,2,b_per,14.3
1773674837,pure-ftpd,chatafl,2,b_abs,673
1773674838,pure-ftpd,chatafl,2,l_per,20.4
1773674838,pure-ftpd,chatafl,2,l_abs,1322
1773674838,pure-ftpd,chatafl,2,b_per,14.3
1773674838,pure-ftpd,chatafl,2,b_abs,673
1773674838,pure-ftpd,chatafl,2,l_per,20.4
1773674838,pure-ftpd,chatafl,2,l_abs,1322
1773674838,pure-ftpd,chatafl,2,b_per,14.3
1773674838,pure-ftpd,chatafl,2,b_abs,673
1773674839,pure-ftpd,chatafl,2,l_per,20.4
1773674839,pure-ftpd,chatafl,2,l_abs,1322
1773674839,pure-ftpd,chatafl,2,b_per,14.3
1773674839,pure-ftpd,chatafl,2,b_abs,673
1773674840,pure-ftpd,chatafl,2,l_per,20.4
1773674840,pure-ftpd,chatafl,2,l_abs,1322
1773674840,pure-ftpd,chatafl,2,b_per,14.3
1773674840,pure-ftpd,chatafl,2,b_abs,673
1773674840,pure-ftpd,chatafl,2,l_per,20.4
1773674840,pure-ftpd,chatafl,2,l_abs,1322
1773674840,pure-ftpd,chatafl,2,b_per,14.3
1773674840,pure-ftpd,chatafl,2,b_abs,673
1773674841,pure-ftpd,chatafl,2,l_per,20.4
1773674841,pure-ftpd,chatafl,2,l_abs,1322
1773674841,pure-ftpd,chatafl,2,b_per,14.3
1773674841,pure-ftpd,chatafl,2,b_abs,673
1773674842,pure-ftpd,chatafl,2,l_per,20.4
1773674842,pure-ftpd,chatafl,2,l_abs,1322
1773674842,pure-ftpd,chatafl,2,b_per,14.3
1773674842,pure-ftpd,chatafl,2,b_abs,673
1773674842,pure-ftpd,chatafl,2,l_per,20.4
1773674842,pure-ftpd,chatafl,2,l_abs,1322
1773674842,pure-ftpd,chatafl,2,b_per,14.3
1773674842,pure-ftpd,chatafl,2,b_abs,673
1773674843,pure-ftpd,chatafl,2,l_per,20.4
1773674843,pure-ftpd,chatafl,2,l_abs,1322
1773674843,pure-ftpd,chatafl,2,b_per,14.3
1773674843,pure-ftpd,chatafl,2,b_abs,673
1773674843,pure-ftpd,chatafl,2,l_per,20.4
1773674843,pure-ftpd,chatafl,2,l_abs,1322
1773674843,pure-ftpd,chatafl,2,b_per,14.3
1773674843,pure-ftpd,chatafl,2,b_abs,673
1773674844,pure-ftpd,chatafl,2,l_per,20.4
1773674844,pure-ftpd,chatafl,2,l_abs,1322
1773674844,pure-ftpd,chatafl,2,b_per,14.3
1773674844,pure-ftpd,chatafl,2,b_abs,673
1773674844,pure-ftpd,chatafl,2,l_per,20.4
1773674844,pure-ftpd,chatafl,2,l_abs,1322
1773674844,pure-ftpd,chatafl,2,b_per,14.3
1773674844,pure-ftpd,chatafl,2,b_abs,673
1773674845,pure-ftpd,chatafl,2,l_per,20.4
1773674845,pure-ftpd,chatafl,2,l_abs,1322
1773674845,pure-ftpd,chatafl,2,b_per,14.3
1773674845,pure-ftpd,chatafl,2,b_abs,673
1773674846,pure-ftpd,chatafl,2,l_per,20.4
1773674846,pure-ftpd,chatafl,2,l_abs,1322
1773674846,pure-ftpd,chatafl,2,b_per,14.3
1773674846,pure-ftpd,chatafl,2,b_abs,673
1773674846,pure-ftpd,chatafl,2,l_per,20.4
1773674846,pure-ftpd,chatafl,2,l_abs,1322
1773674846,pure-ftpd,chatafl,2,b_per,14.3
1773674846,pure-ftpd,chatafl,2,b_abs,673
1773674850,pure-ftpd,chatafl,2,l_per,20.4
1773674850,pure-ftpd,chatafl,2,l_abs,1322
1773674850,pure-ftpd,chatafl,2,b_per,14.3
1773674850,pure-ftpd,chatafl,2,b_abs,673
1773674854,pure-ftpd,chatafl,2,l_per,20.4
1773674854,pure-ftpd,chatafl,2,l_abs,1322
1773674854,pure-ftpd,chatafl,2,b_per,14.3
1773674854,pure-ftpd,chatafl,2,b_abs,673
1773674855,pure-ftpd,chatafl,2,l_per,20.4
1773674855,pure-ftpd,chatafl,2,l_abs,1322
1773674855,pure-ftpd,chatafl,2,b_per,14.3
1773674855,pure-ftpd,chatafl,2,b_abs,673
1773674855,pure-ftpd,chatafl,2,l_per,20.4
1773674855,pure-ftpd,chatafl,2,l_abs,1322
1773674855,pure-ftpd,chatafl,2,b_per,14.3
1773674855,pure-ftpd,chatafl,2,b_abs,673
1773674856,pure-ftpd,chatafl,2,l_per,20.4
1773674856,pure-ftpd,chatafl,2,l_abs,1322
1773674856,pure-ftpd,chatafl,2,b_per,14.3
1773674856,pure-ftpd,chatafl,2,b_abs,673
1773674857,pure-ftpd,chatafl,2,l_per,20.4
1773674857,pure-ftpd,chatafl,2,l_abs,1322
1773674857,pure-ftpd,chatafl,2,b_per,14.3
1773674857,pure-ftpd,chatafl,2,b_abs,673
1773674857,pure-ftpd,chatafl,2,l_per,20.4
1773674857,pure-ftpd,chatafl,2,l_abs,1322
1773674857,pure-ftpd,chatafl,2,b_per,14.3
1773674857,pure-ftpd,chatafl,2,b_abs,673
1773674858,pure-ftpd,chatafl,2,l_per,20.4
1773674858,pure-ftpd,chatafl,2,l_abs,1322
1773674858,pure-ftpd,chatafl,2,b_per,14.3
1773674858,pure-ftpd,chatafl,2,b_abs,673
1773674858,pure-ftpd,chatafl,2,l_per,20.4
1773674858,pure-ftpd,chatafl,2,l_abs,1322
1773674858,pure-ftpd,chatafl,2,b_per,14.3
1773674858,pure-ftpd,chatafl,2,b_abs,673
1773674859,pure-ftpd,chatafl,2,l_per,20.4
1773674859,pure-ftpd,chatafl,2,l_abs,1322
1773674859,pure-ftpd,chatafl,2,b_per,14.3
1773674859,pure-ftpd,chatafl,2,b_abs,673
1773674860,pure-ftpd,chatafl,2,l_per,20.4
1773674860,pure-ftpd,chatafl,2,l_abs,1322
1773674860,pure-ftpd,chatafl,2,b_per,14.3
1773674860,pure-ftpd,chatafl,2,b_abs,673
1773674860,pure-ftpd,chatafl,2,l_per,20.4
1773674860,pure-ftpd,chatafl,2,l_abs,1322
1773674860,pure-ftpd,chatafl,2,b_per,14.3
1773674860,pure-ftpd,chatafl,2,b_abs,673
1773674861,pure-ftpd,chatafl,2,l_per,20.4
1773674861,pure-ftpd,chatafl,2,l_abs,1322
1773674861,pure-ftpd,chatafl,2,b_per,14.3
1773674861,pure-ftpd,chatafl,2,b_abs,673
1773674861,pure-ftpd,chatafl,2,l_per,20.4
1773674861,pure-ftpd,chatafl,2,l_abs,1322
1773674861,pure-ftpd,chatafl,2,b_per,14.3
1773674861,pure-ftpd,chatafl,2,b_abs,673
1773674862,pure-ftpd,chatafl,2,l_per,20.4
1773674862,pure-ftpd,chatafl,2,l_abs,1322
1773674862,pure-ftpd,chatafl,2,b_per,14.3
1773674862,pure-ftpd,chatafl,2,b_abs,673
1773674863,pure-ftpd,chatafl,2,l_per,20.4
1773674863,pure-ftpd,chatafl,2,l_abs,1322
1773674863,pure-ftpd,chatafl,2,b_per,14.3
1773674863,pure-ftpd,chatafl,2,b_abs,673
1773674863,pure-ftpd,chatafl,2,l_per,20.4
1773674863,pure-ftpd,chatafl,2,l_abs,1327
1773674863,pure-ftpd,chatafl,2,b_per,14.4
1773674863,pure-ftpd,chatafl,2,b_abs,676
1773674864,pure-ftpd,chatafl,2,l_per,20.4
1773674864,pure-ftpd,chatafl,2,l_abs,1327
1773674864,pure-ftpd,chatafl,2,b_per,14.4
1773674864,pure-ftpd,chatafl,2,b_abs,676
1773674864,pure-ftpd,chatafl,2,l_per,20.4
1773674864,pure-ftpd,chatafl,2,l_abs,1327
1773674864,pure-ftpd,chatafl,2,b_per,14.4
1773674864,pure-ftpd,chatafl,2,b_abs,676
1773674865,pure-ftpd,chatafl,2,l_per,20.4
1773674865,pure-ftpd,chatafl,2,l_abs,1327
1773674865,pure-ftpd,chatafl,2,b_per,14.4
1773674865,pure-ftpd,chatafl,2,b_abs,676
1773674865,pure-ftpd,chatafl,2,l_per,20.4
1773674865,pure-ftpd,chatafl,2,l_abs,1327
1773674865,pure-ftpd,chatafl,2,b_per,14.4
1773674865,pure-ftpd,chatafl,2,b_abs,676
1773674866,pure-ftpd,chatafl,2,l_per,20.4
1773674866,pure-ftpd,chatafl,2,l_abs,1327
1773674866,pure-ftpd,chatafl,2,b_per,14.4
1773674866,pure-ftpd,chatafl,2,b_abs,676
1773674867,pure-ftpd,chatafl,2,l_per,20.4
1773674867,pure-ftpd,chatafl,2,l_abs,1327
1773674867,pure-ftpd,chatafl,2,b_per,14.4
1773674867,pure-ftpd,chatafl,2,b_abs,676
1773674867,pure-ftpd,chatafl,2,l_per,20.4
1773674867,pure-ftpd,chatafl,2,l_abs,1327
1773674867,pure-ftpd,chatafl,2,b_per,14.4
1773674867,pure-ftpd,chatafl,2,b_abs,676
1773674870,pure-ftpd,chatafl,2,l_per,20.4
1773674870,pure-ftpd,chatafl,2,l_abs,1327
1773674870,pure-ftpd,chatafl,2,b_per,14.4
1773674870,pure-ftpd,chatafl,2,b_abs,676
1773674870,pure-ftpd,chatafl,2,l_per,20.4
1773674870,pure-ftpd,chatafl,2,l_abs,1327
1773674870,pure-ftpd,chatafl,2,b_per,14.4
1773674870,pure-ftpd,chatafl,2,b_abs,676
1773674871,pure-ftpd,chatafl,2,l_per,20.4
1773674871,pure-ftpd,chatafl,2,l_abs,1327
1773674871,pure-ftpd,chatafl,2,b_per,14.4
1773674871,pure-ftpd,chatafl,2,b_abs,677
1773674871,pure-ftpd,chatafl,2,l_per,20.4
1773674871,pure-ftpd,chatafl,2,l_abs,1327
1773674871,pure-ftpd,chatafl,2,b_per,14.4
1773674871,pure-ftpd,chatafl,2,b_abs,677
1773674872,pure-ftpd,chatafl,2,l_per,20.5
1773674872,pure-ftpd,chatafl,2,l_abs,1331
1773674872,pure-ftpd,chatafl,2,b_per,14.4
1773674872,pure-ftpd,chatafl,2,b_abs,679
1773674872,pure-ftpd,chatafl,2,l_per,20.5
1773674872,pure-ftpd,chatafl,2,l_abs,1331
1773674872,pure-ftpd,chatafl,2,b_per,14.4
1773674872,pure-ftpd,chatafl,2,b_abs,679
1773674873,pure-ftpd,chatafl,2,l_per,20.5
1773674873,pure-ftpd,chatafl,2,l_abs,1331
1773674873,pure-ftpd,chatafl,2,b_per,14.4
1773674873,pure-ftpd,chatafl,2,b_abs,679
1773674873,pure-ftpd,chatafl,2,l_per,20.5
1773674873,pure-ftpd,chatafl,2,l_abs,1331
1773674873,pure-ftpd,chatafl,2,b_per,14.4
1773674873,pure-ftpd,chatafl,2,b_abs,679
1773674876,pure-ftpd,chatafl,2,l_per,20.5
1773674876,pure-ftpd,chatafl,2,l_abs,1331
1773674876,pure-ftpd,chatafl,2,b_per,14.4
1773674876,pure-ftpd,chatafl,2,b_abs,679
1773674877,pure-ftpd,chatafl,2,l_per,20.5
1773674877,pure-ftpd,chatafl,2,l_abs,1332
1773674877,pure-ftpd,chatafl,2,b_per,14.5
1773674877,pure-ftpd,chatafl,2,b_abs,680
1773674877,pure-ftpd,chatafl,2,l_per,20.5
1773674877,pure-ftpd,chatafl,2,l_abs,1332
1773674877,pure-ftpd,chatafl,2,b_per,14.5
1773674877,pure-ftpd,chatafl,2,b_abs,680
1773674878,pure-ftpd,chatafl,2,l_per,20.5
1773674878,pure-ftpd,chatafl,2,l_abs,1332
1773674878,pure-ftpd,chatafl,2,b_per,14.5
1773674878,pure-ftpd,chatafl,2,b_abs,680
1773674878,pure-ftpd,chatafl,2,l_per,20.5
1773674878,pure-ftpd,chatafl,2,l_abs,1332
1773674878,pure-ftpd,chatafl,2,b_per,14.5
1773674878,pure-ftpd,chatafl,2,b_abs,680
1773674879,pure-ftpd,chatafl,2,l_per,20.5
1773674879,pure-ftpd,chatafl,2,l_abs,1332
1773674879,pure-ftpd,chatafl,2,b_per,14.5
1773674879,pure-ftpd,chatafl,2,b_abs,680
1773674879,pure-ftpd,chatafl,2,l_per,20.5
1773674879,pure-ftpd,chatafl,2,l_abs,1332
1773674879,pure-ftpd,chatafl,2,b_per,14.5
1773674879,pure-ftpd,chatafl,2,b_abs,680
1773674880,pure-ftpd,chatafl,2,l_per,20.5
1773674880,pure-ftpd,chatafl,2,l_abs,1332
1773674880,pure-ftpd,chatafl,2,b_per,14.5
1773674880,pure-ftpd,chatafl,2,b_abs,680
1773674881,pure-ftpd,chatafl,2,l_per,20.5
1773674881,pure-ftpd,chatafl,2,l_abs,1332
1773674881,pure-ftpd,chatafl,2,b_per,14.5
1773674881,pure-ftpd,chatafl,2,b_abs,680
1773674881,pure-ftpd,chatafl,2,l_per,20.5
1773674881,pure-ftpd,chatafl,2,l_abs,1332
1773674881,pure-ftpd,chatafl,2,b_per,14.5
1773674881,pure-ftpd,chatafl,2,b_abs,680
1773674882,pure-ftpd,chatafl,2,l_per,20.5
1773674882,pure-ftpd,chatafl,2,l_abs,1332
1773674882,pure-ftpd,chatafl,2,b_per,14.5
1773674882,pure-ftpd,chatafl,2,b_abs,680
1773674882,pure-ftpd,chatafl,2,l_per,20.5
1773674882,pure-ftpd,chatafl,2,l_abs,1332
1773674882,pure-ftpd,chatafl,2,b_per,14.5
1773674882,pure-ftpd,chatafl,2,b_abs,680
1773674883,pure-ftpd,chatafl,2,l_per,20.5
1773674883,pure-ftpd,chatafl,2,l_abs,1333
1773674883,pure-ftpd,chatafl,2,b_per,14.5
1773674883,pure-ftpd,chatafl,2,b_abs,683
1773674883,pure-ftpd,chatafl,2,l_per,20.5
1773674883,pure-ftpd,chatafl,2,l_abs,1333
1773674883,pure-ftpd,chatafl,2,b_per,14.5
1773674883,pure-ftpd,chatafl,2,b_abs,683
1773674884,pure-ftpd,chatafl,2,l_per,20.5
1773674884,pure-ftpd,chatafl,2,l_abs,1333
1773674884,pure-ftpd,chatafl,2,b_per,14.5
1773674884,pure-ftpd,chatafl,2,b_abs,683
1773674885,pure-ftpd,chatafl,2,l_per,20.5
1773674885,pure-ftpd,chatafl,2,l_abs,1333
1773674885,pure-ftpd,chatafl,2,b_per,14.5
1773674885,pure-ftpd,chatafl,2,b_abs,683
1773674885,pure-ftpd,chatafl,2,l_per,20.5
1773674885,pure-ftpd,chatafl,2,l_abs,1333
1773674885,pure-ftpd,chatafl,2,b_per,14.5
1773674885,pure-ftpd,chatafl,2,b_abs,683
1773674886,pure-ftpd,chatafl,2,l_per,20.5
1773674886,pure-ftpd,chatafl,2,l_abs,1333
1773674886,pure-ftpd,chatafl,2,b_per,14.5
1773674886,pure-ftpd,chatafl,2,b_abs,683
1773674886,pure-ftpd,chatafl,2,l_per,20.5
1773674886,pure-ftpd,chatafl,2,l_abs,1333
1773674886,pure-ftpd,chatafl,2,b_per,14.5
1773674886,pure-ftpd,chatafl,2,b_abs,683
1773674887,pure-ftpd,chatafl,2,l_per,20.5
1773674887,pure-ftpd,chatafl,2,l_abs,1333
1773674887,pure-ftpd,chatafl,2,b_per,14.5
1773674887,pure-ftpd,chatafl,2,b_abs,683
1773674887,pure-ftpd,chatafl,2,l_per,20.5
1773674887,pure-ftpd,chatafl,2,l_abs,1333
1773674887,pure-ftpd,chatafl,2,b_per,14.5
1773674887,pure-ftpd,chatafl,2,b_abs,683
1773674888,pure-ftpd,chatafl,2,l_per,20.5
1773674888,pure-ftpd,chatafl,2,l_abs,1333
1773674888,pure-ftpd,chatafl,2,b_per,14.5
1773674888,pure-ftpd,chatafl,2,b_abs,683
1773674888,pure-ftpd,chatafl,2,l_per,20.5
1773674888,pure-ftpd,chatafl,2,l_abs,1333
1773674888,pure-ftpd,chatafl,2,b_per,14.5
1773674888,pure-ftpd,chatafl,2,b_abs,683
1773674889,pure-ftpd,chatafl,2,l_per,20.5
1773674889,pure-ftpd,chatafl,2,l_abs,1333
1773674889,pure-ftpd,chatafl,2,b_per,14.5
1773674889,pure-ftpd,chatafl,2,b_abs,683
1773674889,pure-ftpd,chatafl,2,l_per,20.5
1773674889,pure-ftpd,chatafl,2,l_abs,1333
1773674889,pure-ftpd,chatafl,2,b_per,14.5
1773674889,pure-ftpd,chatafl,2,b_abs,683
1773674890,pure-ftpd,chatafl,2,l_per,20.5
1773674890,pure-ftpd,chatafl,2,l_abs,1333
1773674890,pure-ftpd,chatafl,2,b_per,14.5
1773674890,pure-ftpd,chatafl,2,b_abs,683
1773674890,pure-ftpd,chatafl,2,l_per,20.5
1773674890,pure-ftpd,chatafl,2,l_abs,1333
1773674890,pure-ftpd,chatafl,2,b_per,14.5
1773674890,pure-ftpd,chatafl,2,b_abs,683
1773674891,pure-ftpd,chatafl,2,l_per,20.5
1773674891,pure-ftpd,chatafl,2,l_abs,1333
1773674891,pure-ftpd,chatafl,2,b_per,14.5
1773674891,pure-ftpd,chatafl,2,b_abs,683
1773674892,pure-ftpd,chatafl,2,l_per,20.5
1773674892,pure-ftpd,chatafl,2,l_abs,1333
1773674892,pure-ftpd,chatafl,2,b_per,14.5
1773674892,pure-ftpd,chatafl,2,b_abs,683
1773674892,pure-ftpd,chatafl,2,l_per,20.5
1773674892,pure-ftpd,chatafl,2,l_abs,1333
1773674892,pure-ftpd,chatafl,2,b_per,14.5
1773674892,pure-ftpd,chatafl,2,b_abs,683
1773674893,pure-ftpd,chatafl,2,l_per,20.5
1773674893,pure-ftpd,chatafl,2,l_abs,1333
1773674893,pure-ftpd,chatafl,2,b_per,14.5
1773674893,pure-ftpd,chatafl,2,b_abs,683
1773674893,pure-ftpd,chatafl,2,l_per,20.5
1773674893,pure-ftpd,chatafl,2,l_abs,1333
1773674893,pure-ftpd,chatafl,2,b_per,14.5
1773674893,pure-ftpd,chatafl,2,b_abs,683
1773674894,pure-ftpd,chatafl,2,l_per,20.5
1773674894,pure-ftpd,chatafl,2,l_abs,1333
1773674894,pure-ftpd,chatafl,2,b_per,14.5
1773674894,pure-ftpd,chatafl,2,b_abs,683
1773674897,pure-ftpd,chatafl,2,l_per,20.5
1773674897,pure-ftpd,chatafl,2,l_abs,1333
1773674897,pure-ftpd,chatafl,2,b_per,14.5
1773674897,pure-ftpd,chatafl,2,b_abs,683
1773674898,pure-ftpd,chatafl,2,l_per,20.5
1773674898,pure-ftpd,chatafl,2,l_abs,1333
1773674898,pure-ftpd,chatafl,2,b_per,14.5
1773674898,pure-ftpd,chatafl,2,b_abs,683
1773674899,pure-ftpd,chatafl,2,l_per,20.5
1773674899,pure-ftpd,chatafl,2,l_abs,1333
1773674899,pure-ftpd,chatafl,2,b_per,14.5
1773674899,pure-ftpd,chatafl,2,b_abs,683
1773674899,pure-ftpd,chatafl,2,l_per,20.5
1773674899,pure-ftpd,chatafl,2,l_abs,1333
1773674899,pure-ftpd,chatafl,2,b_per,14.5
1773674899,pure-ftpd,chatafl,2,b_abs,683
1773674900,pure-ftpd,chatafl,2,l_per,20.6
1773674900,pure-ftpd,chatafl,2,l_abs,1334
1773674900,pure-ftpd,chatafl,2,b_per,14.5
1773674900,pure-ftpd,chatafl,2,b_abs,684
1773674900,pure-ftpd,chatafl,2,l_per,20.6
1773674900,pure-ftpd,chatafl,2,l_abs,1334
1773674900,pure-ftpd,chatafl,2,b_per,14.5
1773674900,pure-ftpd,chatafl,2,b_abs,684
1773674901,pure-ftpd,chatafl,2,l_per,20.6
1773674901,pure-ftpd,chatafl,2,l_abs,1334
1773674901,pure-ftpd,chatafl,2,b_per,14.5
1773674901,pure-ftpd,chatafl,2,b_abs,684
1773674901,pure-ftpd,chatafl,2,l_per,20.6
1773674901,pure-ftpd,chatafl,2,l_abs,1334
1773674901,pure-ftpd,chatafl,2,b_per,14.5
1773674901,pure-ftpd,chatafl,2,b_abs,684
1773674904,pure-ftpd,chatafl,2,l_per,20.6
1773674904,pure-ftpd,chatafl,2,l_abs,1335
1773674904,pure-ftpd,chatafl,2,b_per,14.6
1773674904,pure-ftpd,chatafl,2,b_abs,685
1773674905,pure-ftpd,chatafl,2,l_per,20.6
1773674905,pure-ftpd,chatafl,2,l_abs,1335
1773674905,pure-ftpd,chatafl,2,b_per,14.6
1773674905,pure-ftpd,chatafl,2,b_abs,685
1773674906,pure-ftpd,chatafl,2,l_per,20.6
1773674906,pure-ftpd,chatafl,2,l_abs,1335
1773674906,pure-ftpd,chatafl,2,b_per,14.6
1773674906,pure-ftpd,chatafl,2,b_abs,685
1773674906,pure-ftpd,chatafl,2,l_per,20.6
1773674906,pure-ftpd,chatafl,2,l_abs,1335
1773674906,pure-ftpd,chatafl,2,b_per,14.6
1773674906,pure-ftpd,chatafl,2,b_abs,685
1773674910,pure-ftpd,chatafl,2,l_per,20.6
1773674910,pure-ftpd,chatafl,2,l_abs,1335
1773674910,pure-ftpd,chatafl,2,b_per,14.6
1773674910,pure-ftpd,chatafl,2,b_abs,685
1773674910,pure-ftpd,chatafl,2,l_per,20.6
1773674910,pure-ftpd,chatafl,2,l_abs,1335
1773674910,pure-ftpd,chatafl,2,b_per,14.6
1773674910,pure-ftpd,chatafl,2,b_abs,685
1773674911,pure-ftpd,chatafl,2,l_per,20.6
1773674911,pure-ftpd,chatafl,2,l_abs,1335
1773674911,pure-ftpd,chatafl,2,b_per,14.6
1773674911,pure-ftpd,chatafl,2,b_abs,685
1773674912,pure-ftpd,chatafl,2,l_per,20.6
1773674912,pure-ftpd,chatafl,2,l_abs,1335
1773674912,pure-ftpd,chatafl,2,b_per,14.6
1773674912,pure-ftpd,chatafl,2,b_abs,685
1773674915,pure-ftpd,chatafl,2,l_per,20.6
1773674915,pure-ftpd,chatafl,2,l_abs,1335
1773674915,pure-ftpd,chatafl,2,b_per,14.6
1773674915,pure-ftpd,chatafl,2,b_abs,685
1773674915,pure-ftpd,chatafl,2,l_per,20.6
1773674915,pure-ftpd,chatafl,2,l_abs,1335
1773674915,pure-ftpd,chatafl,2,b_per,14.6
1773674915,pure-ftpd,chatafl,2,b_abs,685
1773674916,pure-ftpd,chatafl,2,l_per,20.6
1773674916,pure-ftpd,chatafl,2,l_abs,1335
1773674916,pure-ftpd,chatafl,2,b_per,14.6
1773674916,pure-ftpd,chatafl,2,b_abs,685
1773674916,pure-ftpd,chatafl,2,l_per,20.6
1773674916,pure-ftpd,chatafl,2,l_abs,1335
1773674916,pure-ftpd,chatafl,2,b_per,14.6
1773674916,pure-ftpd,chatafl,2,b_abs,685
1773674802,pure-ftpd,chatafl,2,l_per,20.6
1773674802,pure-ftpd,chatafl,2,l_abs,1335
1773674802,pure-ftpd,chatafl,2,b_per,14.6
1773674802,pure-ftpd,chatafl,2,b_abs,685
1773674835,pure-ftpd,chatafl,2,l_per,20.6
1773674835,pure-ftpd,chatafl,2,l_abs,1335
1773674835,pure-ftpd,chatafl,2,b_per,14.6
1773674835,pure-ftpd,chatafl,2,b_abs,685
1773674865,pure-ftpd,chatafl,2,l_per,20.6
1773674865,pure-ftpd,chatafl,2,l_abs,1335
1773674865,pure-ftpd,chatafl,2,b_per,14.6
1773674865,pure-ftpd,chatafl,2,b_abs,685
1773674892,pure-ftpd,chatafl,2,l_per,20.6
1773674892,pure-ftpd,chatafl,2,l_abs,1335
1773674892,pure-ftpd,chatafl,2,b_per,14.6
1773674892,pure-ftpd,chatafl,2,b_abs,685
1773674973,pure-ftpd,chatafl,2,l_per,20.6
1773674973,pure-ftpd,chatafl,2,l_abs,1336
1773674973,pure-ftpd,chatafl,2,b_per,14.6
1773674973,pure-ftpd,chatafl,2,b_abs,689
1773675375,pure-ftpd,chatafl,2,l_per,21.0
1773675375,pure-ftpd,chatafl,2,l_abs,1361
1773675375,pure-ftpd,chatafl,2,b_per,15.0
1773675375,pure-ftpd,chatafl,2,b_abs,705
1773675971,pure-ftpd,chatafl,2,l_per,21.3
1773675971,pure-ftpd,chatafl,2,l_abs,1381
1773675971,pure-ftpd,chatafl,2,b_per,15.3
1773675971,pure-ftpd,chatafl,2,b_abs,720
1773676928,pure-ftpd,chatafl,2,l_per,26.1
1773676928,pure-ftpd,chatafl,2,l_abs,1694
1773676928,pure-ftpd,chatafl,2,b_per,19.2
1773676928,pure-ftpd,chatafl,2,b_abs,903
1773677583,pure-ftpd,chatafl,2,l_per,26.6
1773677583,pure-ftpd,chatafl,2,l_abs,1727
1773677583,pure-ftpd,chatafl,2,b_per,19.5
1773677583,pure-ftpd,chatafl,2,b_abs,919
1773678316,pure-ftpd,chatafl,2,l_per,26.9
1773678316,pure-ftpd,chatafl,2,l_abs,1747
1773678316,pure-ftpd,chatafl,2,b_per,19.7
1773678316,pure-ftpd,chatafl,2,b_abs,927
1773679333,pure-ftpd,chatafl,2,l_per,27.0
1773679333,pure-ftpd,chatafl,2,l_abs,1753
1773679333,pure-ftpd,chatafl,2,b_per,19.8
1773679333,pure-ftpd,chatafl,2,b_abs,933
1773680581,pure-ftpd,chatafl,2,l_per,27.2
1773680581,pure-ftpd,chatafl,2,l_abs,1764
1773680581,pure-ftpd,chatafl,2,b_per,20.0
1773680581,pure-ftpd,chatafl,2,b_abs,939
1773682084,pure-ftpd,chatafl,2,l_per,27.4
1773682084,pure-ftpd,chatafl,2,l_abs,1778
1773682084,pure-ftpd,chatafl,2,b_per,20.2
1773682084,pure-ftpd,chatafl,2,b_abs,950
1773683475,pure-ftpd,chatafl,2,l_per,27.6
1773683475,pure-ftpd,chatafl,2,l_abs,1791
1773683475,pure-ftpd,chatafl,2,b_per,20.4
1773683475,pure-ftpd,chatafl,2,b_abs,959
1773686633,pure-ftpd,chatafl,2,l_per,27.6
1773686633,pure-ftpd,chatafl,2,l_abs,1793
1773686633,pure-ftpd,chatafl,2,b_per,20.4
1773686633,pure-ftpd,chatafl,2,b_abs,960
1773688499,pure-ftpd,chatafl,2,l_per,29.2
1773688499,pure-ftpd,chatafl,2,l_abs,1898
1773688499,pure-ftpd,chatafl,2,b_per,21.6
1773688499,pure-ftpd,chatafl,2,b_abs,1018
1773690323,pure-ftpd,chatafl,2,l_per,29.4
1773690323,pure-ftpd,chatafl,2,l_abs,1906
1773690323,pure-ftpd,chatafl,2,b_per,21.8
1773690323,pure-ftpd,chatafl,2,b_abs,1027
1773691582,pure-ftpd,chatafl,2,l_per,30.3
1773691582,pure-ftpd,chatafl,2,l_abs,1968
1773691582,pure-ftpd,chatafl,2,b_per,22.7
1773691582,pure-ftpd,chatafl,2,b_abs,1070
1773695646,pure-ftpd,chatafl,2,l_per,30.3
1773695646,pure-ftpd,chatafl,2,l_abs,1969
1773695646,pure-ftpd,chatafl,2,b_per,22.8
1773695646,pure-ftpd,chatafl,2,b_abs,1071
1773698828,pure-ftpd,chatafl,2,l_per,30.4
1773698828,pure-ftpd,chatafl,2,l_abs,1975
1773698828,pure-ftpd,chatafl,2,b_per,22.8
1773698828,pure-ftpd,chatafl,2,b_abs,1074
1773701700,pure-ftpd,chatafl,2,l_per,30.7
1773701700,pure-ftpd,chatafl,2,l_abs,1991
1773701700,pure-ftpd,chatafl,2,b_per,23.1
1773701700,pure-ftpd,chatafl,2,b_abs,1088
1773707571,pure-ftpd,chatafl,2,l_per,30.9
1773707571,pure-ftpd,chatafl,2,l_abs,2007
1773707571,pure-ftpd,chatafl,2,b_per,23.3
1773707571,pure-ftpd,chatafl,2,b_abs,1098
1773713387,pure-ftpd,chatafl,2,l_per,31.1
1773713387,pure-ftpd,chatafl,2,l_abs,2022
1773713387,pure-ftpd,chatafl,2,b_per,23.6
1773713387,pure-ftpd,chatafl,2,b_abs,1111
1773723011,pure-ftpd,chatafl,2,l_per,31.4
1773723011,pure-ftpd,chatafl,2,l_abs,2039
1773723011,pure-ftpd,chatafl,2,b_per,23.9
1773723011,pure-ftpd,chatafl,2,b_abs,1125
1773725644,pure-ftpd,chatafl,2,l_per,31.7
1773725644,pure-ftpd,chatafl,2,l_abs,2058
1773725644,pure-ftpd,chatafl,2,b_per,24.2
1773725644,pure-ftpd,chatafl,2,b_abs,1140
1773732611,pure-ftpd,chatafl,2,l_per,31.8
1773732611,pure-ftpd,chatafl,2,l_abs,2066
1773732611,pure-ftpd,chatafl,2,b_per,24.5
1773732611,pure-ftpd,chatafl,2,b_abs,1155
1773740676,pure-ftpd,chatafl,2,l_per,31.9
1773740676,pure-ftpd,chatafl,2,l_abs,2069
1773740676,pure-ftpd,chatafl,2,b_per,24.6
1773740676,pure-ftpd,chatafl,2,b_abs,1157
1773745417,pure-ftpd,chatafl,2,l_per,31.9
1773745417,pure-ftpd,chatafl,2,l_abs,2074
1773745417,pure-ftpd,chatafl,2,b_per,24.7
1773745417,pure-ftpd,chatafl,2,b_abs,1162
1773760045,pure-ftpd,chatafl,2,l_per,32.1
1773760045,pure-ftpd,chatafl,2,l_abs,2085
1773760045,pure-ftpd,chatafl,2,b_per,24.9
1773760045,pure-ftpd,chatafl,2,b_abs,1173
1773762545,pure-ftpd,chatafl,2,l_per,32.2
1773762545,pure-ftpd,chatafl,2,l_abs,2092
1773762545,pure-ftpd,chatafl,2,b_per,25.0
1773762545,pure-ftpd,chatafl,2,b_abs,1175
1773674809,pure-ftpd,chatafl,3,l_per,13.3
1773674809,pure-ftpd,chatafl,3,l_abs,861
1773674809,pure-ftpd,chatafl,3,b_per,8.4
1773674809,pure-ftpd,chatafl,3,b_abs,394
1773674812,pure-ftpd,chatafl,3,l_per,14.3
1773674812,pure-ftpd,chatafl,3,l_abs,928
1773674812,pure-ftpd,chatafl,3,b_per,9.5
1773674812,pure-ftpd,chatafl,3,b_abs,446
1773674815,pure-ftpd,chatafl,3,l_per,16.9
1773674815,pure-ftpd,chatafl,3,l_abs,1094
1773674815,pure-ftpd,chatafl,3,b_per,11.3
1773674815,pure-ftpd,chatafl,3,b_abs,530
1773674817,pure-ftpd,chatafl,3,l_per,17.0
1773674817,pure-ftpd,chatafl,3,l_abs,1102
1773674817,pure-ftpd,chatafl,3,b_per,11.4
1773674817,pure-ftpd,chatafl,3,b_abs,537
1773674817,pure-ftpd,chatafl,3,l_per,17.1
1773674817,pure-ftpd,chatafl,3,l_abs,1108
1773674817,pure-ftpd,chatafl,3,b_per,11.5
1773674817,pure-ftpd,chatafl,3,b_abs,542
1773674820,pure-ftpd,chatafl,3,l_per,17.1
1773674820,pure-ftpd,chatafl,3,l_abs,1108
1773674820,pure-ftpd,chatafl,3,b_per,11.5
1773674820,pure-ftpd,chatafl,3,b_abs,542
1773674820,pure-ftpd,chatafl,3,l_per,17.1
1773674820,pure-ftpd,chatafl,3,l_abs,1108
1773674820,pure-ftpd,chatafl,3,b_per,11.5
1773674820,pure-ftpd,chatafl,3,b_abs,542
1773674823,pure-ftpd,chatafl,3,l_per,17.3
1773674823,pure-ftpd,chatafl,3,l_abs,1124
1773674823,pure-ftpd,chatafl,3,b_per,11.6
1773674823,pure-ftpd,chatafl,3,b_abs,548
1773674824,pure-ftpd,chatafl,3,l_per,17.3
1773674824,pure-ftpd,chatafl,3,l_abs,1124
1773674824,pure-ftpd,chatafl,3,b_per,11.6
1773674824,pure-ftpd,chatafl,3,b_abs,548
1773674826,pure-ftpd,chatafl,3,l_per,17.8
1773674826,pure-ftpd,chatafl,3,l_abs,1154
1773674826,pure-ftpd,chatafl,3,b_per,11.9
1773674826,pure-ftpd,chatafl,3,b_abs,560
1773674829,pure-ftpd,chatafl,3,l_per,17.8
1773674829,pure-ftpd,chatafl,3,l_abs,1154
1773674829,pure-ftpd,chatafl,3,b_per,11.9
1773674829,pure-ftpd,chatafl,3,b_abs,560
1773674832,pure-ftpd,chatafl,3,l_per,18.0
1773674832,pure-ftpd,chatafl,3,l_abs,1169
1773674832,pure-ftpd,chatafl,3,b_per,11.9
1773674832,pure-ftpd,chatafl,3,b_abs,562
1773674836,pure-ftpd,chatafl,3,l_per,18.1
1773674836,pure-ftpd,chatafl,3,l_abs,1177
1773674836,pure-ftpd,chatafl,3,b_per,12.0
1773674836,pure-ftpd,chatafl,3,b_abs,566
1773674836,pure-ftpd,chatafl,3,l_per,18.3
1773674836,pure-ftpd,chatafl,3,l_abs,1186
1773674836,pure-ftpd,chatafl,3,b_per,12.1
1773674836,pure-ftpd,chatafl,3,b_abs,570
1773674840,pure-ftpd,chatafl,3,l_per,18.3
1773674840,pure-ftpd,chatafl,3,l_abs,1187
1773674840,pure-ftpd,chatafl,3,b_per,12.1
1773674840,pure-ftpd,chatafl,3,b_abs,571
1773674843,pure-ftpd,chatafl,3,l_per,22.0
1773674843,pure-ftpd,chatafl,3,l_abs,1430
1773674843,pure-ftpd,chatafl,3,b_per,15.0
1773674843,pure-ftpd,chatafl,3,b_abs,705
1773674846,pure-ftpd,chatafl,3,l_per,22.1
1773674846,pure-ftpd,chatafl,3,l_abs,1433
1773674846,pure-ftpd,chatafl,3,b_per,15.1
1773674846,pure-ftpd,chatafl,3,b_abs,709
1773674846,pure-ftpd,chatafl,3,l_per,22.8
1773674846,pure-ftpd,chatafl,3,l_abs,1477
1773674846,pure-ftpd,chatafl,3,b_per,15.6
1773674846,pure-ftpd,chatafl,3,b_abs,734
1773674847,pure-ftpd,chatafl,3,l_per,23.1
1773674847,pure-ftpd,chatafl,3,l_abs,1497
1773674847,pure-ftpd,chatafl,3,b_per,15.8
1773674847,pure-ftpd,chatafl,3,b_abs,743
1773674847,pure-ftpd,chatafl,3,l_per,23.1
1773674847,pure-ftpd,chatafl,3,l_abs,1497
1773674847,pure-ftpd,chatafl,3,b_per,15.8
1773674847,pure-ftpd,chatafl,3,b_abs,743
1773674850,pure-ftpd,chatafl,3,l_per,23.1
1773674850,pure-ftpd,chatafl,3,l_abs,1497
1773674850,pure-ftpd,chatafl,3,b_per,15.8
1773674850,pure-ftpd,chatafl,3,b_abs,743
1773674853,pure-ftpd,chatafl,3,l_per,23.1
1773674853,pure-ftpd,chatafl,3,l_abs,1497
1773674853,pure-ftpd,chatafl,3,b_per,15.8
1773674853,pure-ftpd,chatafl,3,b_abs,743
1773674854,pure-ftpd,chatafl,3,l_per,23.1
1773674854,pure-ftpd,chatafl,3,l_abs,1497
1773674854,pure-ftpd,chatafl,3,b_per,15.8
1773674854,pure-ftpd,chatafl,3,b_abs,743
1773674854,pure-ftpd,chatafl,3,l_per,23.1
1773674854,pure-ftpd,chatafl,3,l_abs,1497
1773674854,pure-ftpd,chatafl,3,b_per,15.8
1773674854,pure-ftpd,chatafl,3,b_abs,743
1773674855,pure-ftpd,chatafl,3,l_per,23.1
1773674855,pure-ftpd,chatafl,3,l_abs,1497
1773674855,pure-ftpd,chatafl,3,b_per,15.8
1773674855,pure-ftpd,chatafl,3,b_abs,743
1773674858,pure-ftpd,chatafl,3,l_per,23.1
1773674858,pure-ftpd,chatafl,3,l_abs,1497
1773674858,pure-ftpd,chatafl,3,b_per,15.8
1773674858,pure-ftpd,chatafl,3,b_abs,743
1773674862,pure-ftpd,chatafl,3,l_per,23.4
1773674862,pure-ftpd,chatafl,3,l_abs,1516
1773674862,pure-ftpd,chatafl,3,b_per,16.0
1773674862,pure-ftpd,chatafl,3,b_abs,753
1773674865,pure-ftpd,chatafl,3,l_per,23.4
1773674865,pure-ftpd,chatafl,3,l_abs,1516
1773674865,pure-ftpd,chatafl,3,b_per,16.0
1773674865,pure-ftpd,chatafl,3,b_abs,753
1773674865,pure-ftpd,chatafl,3,l_per,23.4
1773674865,pure-ftpd,chatafl,3,l_abs,1516
1773674865,pure-ftpd,chatafl,3,b_per,16.0
1773674865,pure-ftpd,chatafl,3,b_abs,753
1773674866,pure-ftpd,chatafl,3,l_per,23.4
1773674866,pure-ftpd,chatafl,3,l_abs,1516
1773674866,pure-ftpd,chatafl,3,b_per,16.0
1773674866,pure-ftpd,chatafl,3,b_abs,753
1773674869,pure-ftpd,chatafl,3,l_per,23.5
1773674869,pure-ftpd,chatafl,3,l_abs,1527
1773674869,pure-ftpd,chatafl,3,b_per,16.1
1773674869,pure-ftpd,chatafl,3,b_abs,759
1773674869,pure-ftpd,chatafl,3,l_per,23.5
1773674869,pure-ftpd,chatafl,3,l_abs,1527
1773674869,pure-ftpd,chatafl,3,b_per,16.1
1773674869,pure-ftpd,chatafl,3,b_abs,759
1773674870,pure-ftpd,chatafl,3,l_per,23.6
1773674870,pure-ftpd,chatafl,3,l_abs,1530
1773674870,pure-ftpd,chatafl,3,b_per,16.2
1773674870,pure-ftpd,chatafl,3,b_abs,764
1773674870,pure-ftpd,chatafl,3,l_per,23.6
1773674870,pure-ftpd,chatafl,3,l_abs,1530
1773674870,pure-ftpd,chatafl,3,b_per,16.2
1773674870,pure-ftpd,chatafl,3,b_abs,764
1773674871,pure-ftpd,chatafl,3,l_per,23.6
1773674871,pure-ftpd,chatafl,3,l_abs,1530
1773674871,pure-ftpd,chatafl,3,b_per,16.2
1773674871,pure-ftpd,chatafl,3,b_abs,764
1773674872,pure-ftpd,chatafl,3,l_per,24.0
1773674872,pure-ftpd,chatafl,3,l_abs,1555
1773674872,pure-ftpd,chatafl,3,b_per,16.6
1773674872,pure-ftpd,chatafl,3,b_abs,782
1773674872,pure-ftpd,chatafl,3,l_per,24.0
1773674872,pure-ftpd,chatafl,3,l_abs,1555
1773674872,pure-ftpd,chatafl,3,b_per,16.6
1773674872,pure-ftpd,chatafl,3,b_abs,782
1773674872,pure-ftpd,chatafl,3,l_per,24.0
1773674872,pure-ftpd,chatafl,3,l_abs,1555
1773674872,pure-ftpd,chatafl,3,b_per,16.6
1773674872,pure-ftpd,chatafl,3,b_abs,782
1773674875,pure-ftpd,chatafl,3,l_per,24.0
1773674875,pure-ftpd,chatafl,3,l_abs,1555
1773674875,pure-ftpd,chatafl,3,b_per,16.6
1773674875,pure-ftpd,chatafl,3,b_abs,782
1773674879,pure-ftpd,chatafl,3,l_per,24.0
1773674879,pure-ftpd,chatafl,3,l_abs,1555
1773674879,pure-ftpd,chatafl,3,b_per,16.6
1773674879,pure-ftpd,chatafl,3,b_abs,782
1773674882,pure-ftpd,chatafl,3,l_per,24.0
1773674882,pure-ftpd,chatafl,3,l_abs,1555
1773674882,pure-ftpd,chatafl,3,b_per,16.6
1773674882,pure-ftpd,chatafl,3,b_abs,782
1773674882,pure-ftpd,chatafl,3,l_per,24.0
1773674882,pure-ftpd,chatafl,3,l_abs,1555
1773674882,pure-ftpd,chatafl,3,b_per,16.6
1773674882,pure-ftpd,chatafl,3,b_abs,782
1773674883,pure-ftpd,chatafl,3,l_per,24.0
1773674883,pure-ftpd,chatafl,3,l_abs,1555
1773674883,pure-ftpd,chatafl,3,b_per,16.6
1773674883,pure-ftpd,chatafl,3,b_abs,782
1773674883,pure-ftpd,chatafl,3,l_per,24.1
1773674883,pure-ftpd,chatafl,3,l_abs,1565
1773674883,pure-ftpd,chatafl,3,b_per,16.8
1773674883,pure-ftpd,chatafl,3,b_abs,790
1773674884,pure-ftpd,chatafl,3,l_per,24.1
1773674884,pure-ftpd,chatafl,3,l_abs,1565
1773674884,pure-ftpd,chatafl,3,b_per,16.8
1773674884,pure-ftpd,chatafl,3,b_abs,790
1773674884,pure-ftpd,chatafl,3,l_per,24.1
1773674884,pure-ftpd,chatafl,3,l_abs,1565
1773674884,pure-ftpd,chatafl,3,b_per,16.8
1773674884,pure-ftpd,chatafl,3,b_abs,790
1773674885,pure-ftpd,chatafl,3,l_per,24.1
1773674885,pure-ftpd,chatafl,3,l_abs,1565
1773674885,pure-ftpd,chatafl,3,b_per,16.8
1773674885,pure-ftpd,chatafl,3,b_abs,790
1773674886,pure-ftpd,chatafl,3,l_per,24.1
1773674886,pure-ftpd,chatafl,3,l_abs,1565
1773674886,pure-ftpd,chatafl,3,b_per,16.8
1773674886,pure-ftpd,chatafl,3,b_abs,790
1773674886,pure-ftpd,chatafl,3,l_per,24.1
1773674886,pure-ftpd,chatafl,3,l_abs,1565
1773674886,pure-ftpd,chatafl,3,b_per,16.8
1773674886,pure-ftpd,chatafl,3,b_abs,790
1773674887,pure-ftpd,chatafl,3,l_per,24.1
1773674887,pure-ftpd,chatafl,3,l_abs,1565
1773674887,pure-ftpd,chatafl,3,b_per,16.8
1773674887,pure-ftpd,chatafl,3,b_abs,790
1773674887,pure-ftpd,chatafl,3,l_per,24.1
1773674887,pure-ftpd,chatafl,3,l_abs,1565
1773674887,pure-ftpd,chatafl,3,b_per,16.8
1773674887,pure-ftpd,chatafl,3,b_abs,790
1773674888,pure-ftpd,chatafl,3,l_per,24.1
1773674888,pure-ftpd,chatafl,3,l_abs,1565
1773674888,pure-ftpd,chatafl,3,b_per,16.8
1773674888,pure-ftpd,chatafl,3,b_abs,790
1773674890,pure-ftpd,chatafl,3,l_per,24.1
1773674890,pure-ftpd,chatafl,3,l_abs,1566
1773674890,pure-ftpd,chatafl,3,b_per,16.8
1773674890,pure-ftpd,chatafl,3,b_abs,791
1773674891,pure-ftpd,chatafl,3,l_per,24.1
1773674891,pure-ftpd,chatafl,3,l_abs,1566
1773674891,pure-ftpd,chatafl,3,b_per,16.8
1773674891,pure-ftpd,chatafl,3,b_abs,791
1773674891,pure-ftpd,chatafl,3,l_per,24.1
1773674891,pure-ftpd,chatafl,3,l_abs,1566
1773674891,pure-ftpd,chatafl,3,b_per,16.8
1773674891,pure-ftpd,chatafl,3,b_abs,791
1773674892,pure-ftpd,chatafl,3,l_per,24.1
1773674892,pure-ftpd,chatafl,3,l_abs,1566
1773674892,pure-ftpd,chatafl,3,b_per,16.8
1773674892,pure-ftpd,chatafl,3,b_abs,791
1773674892,pure-ftpd,chatafl,3,l_per,24.1
1773674892,pure-ftpd,chatafl,3,l_abs,1566
1773674892,pure-ftpd,chatafl,3,b_per,16.8
1773674892,pure-ftpd,chatafl,3,b_abs,791
1773674893,pure-ftpd,chatafl,3,l_per,24.1
1773674893,pure-ftpd,chatafl,3,l_abs,1566
1773674893,pure-ftpd,chatafl,3,b_per,16.8
1773674893,pure-ftpd,chatafl,3,b_abs,791
1773674893,pure-ftpd,chatafl,3,l_per,24.1
1773674893,pure-ftpd,chatafl,3,l_abs,1566
1773674893,pure-ftpd,chatafl,3,b_per,16.8
1773674893,pure-ftpd,chatafl,3,b_abs,791
1773674897,pure-ftpd,chatafl,3,l_per,24.3
1773674897,pure-ftpd,chatafl,3,l_abs,1576
1773674897,pure-ftpd,chatafl,3,b_per,17.0
1773674897,pure-ftpd,chatafl,3,b_abs,798
1773674900,pure-ftpd,chatafl,3,l_per,24.3
1773674900,pure-ftpd,chatafl,3,l_abs,1576
1773674900,pure-ftpd,chatafl,3,b_per,17.0
1773674900,pure-ftpd,chatafl,3,b_abs,798
1773674902,pure-ftpd,chatafl,3,l_per,24.3
1773674902,pure-ftpd,chatafl,3,l_abs,1577
1773674902,pure-ftpd,chatafl,3,b_per,17.0
1773674902,pure-ftpd,chatafl,3,b_abs,799
1773674906,pure-ftpd,chatafl,3,l_per,24.3
1773674906,pure-ftpd,chatafl,3,l_abs,1577
1773674906,pure-ftpd,chatafl,3,b_per,17.0
1773674906,pure-ftpd,chatafl,3,b_abs,799
1773674906,pure-ftpd,chatafl,3,l_per,24.3
1773674906,pure-ftpd,chatafl,3,l_abs,1577
1773674906,pure-ftpd,chatafl,3,b_per,17.0
1773674906,pure-ftpd,chatafl,3,b_abs,799
1773674909,pure-ftpd,chatafl,3,l_per,24.3
1773674909,pure-ftpd,chatafl,3,l_abs,1577
1773674909,pure-ftpd,chatafl,3,b_per,17.0
1773674909,pure-ftpd,chatafl,3,b_abs,799
1773674910,pure-ftpd,chatafl,3,l_per,24.3
1773674910,pure-ftpd,chatafl,3,l_abs,1577
1773674910,pure-ftpd,chatafl,3,b_per,17.0
1773674910,pure-ftpd,chatafl,3,b_abs,799
1773674911,pure-ftpd,chatafl,3,l_per,24.3
1773674911,pure-ftpd,chatafl,3,l_abs,1577
1773674911,pure-ftpd,chatafl,3,b_per,17.0
1773674911,pure-ftpd,chatafl,3,b_abs,799
1773674911,pure-ftpd,chatafl,3,l_per,24.3
1773674911,pure-ftpd,chatafl,3,l_abs,1577
1773674911,pure-ftpd,chatafl,3,b_per,17.0
1773674911,pure-ftpd,chatafl,3,b_abs,799
1773674912,pure-ftpd,chatafl,3,l_per,24.3
1773674912,pure-ftpd,chatafl,3,l_abs,1577
1773674912,pure-ftpd,chatafl,3,b_per,17.0
1773674912,pure-ftpd,chatafl,3,b_abs,799
1773674912,pure-ftpd,chatafl,3,l_per,24.3
1773674912,pure-ftpd,chatafl,3,l_abs,1578
1773674912,pure-ftpd,chatafl,3,b_per,17.0
1773674912,pure-ftpd,chatafl,3,b_abs,800
1773674913,pure-ftpd,chatafl,3,l_per,24.3
1773674913,pure-ftpd,chatafl,3,l_abs,1578
1773674913,pure-ftpd,chatafl,3,b_per,17.0
1773674913,pure-ftpd,chatafl,3,b_abs,800
1773674913,pure-ftpd,chatafl,3,l_per,24.3
1773674913,pure-ftpd,chatafl,3,l_abs,1578
1773674913,pure-ftpd,chatafl,3,b_per,17.0
1773674913,pure-ftpd,chatafl,3,b_abs,800
1773674914,pure-ftpd,chatafl,3,l_per,24.3
1773674914,pure-ftpd,chatafl,3,l_abs,1578
1773674914,pure-ftpd,chatafl,3,b_per,17.0
1773674914,pure-ftpd,chatafl,3,b_abs,800
1773674915,pure-ftpd,chatafl,3,l_per,24.4
1773674915,pure-ftpd,chatafl,3,l_abs,1586
1773674915,pure-ftpd,chatafl,3,b_per,17.1
1773674915,pure-ftpd,chatafl,3,b_abs,804
1773674915,pure-ftpd,chatafl,3,l_per,24.4
1773674915,pure-ftpd,chatafl,3,l_abs,1586
1773674915,pure-ftpd,chatafl,3,b_per,17.1
1773674915,pure-ftpd,chatafl,3,b_abs,804
1773674916,pure-ftpd,chatafl,3,l_per,24.4
1773674916,pure-ftpd,chatafl,3,l_abs,1586
1773674916,pure-ftpd,chatafl,3,b_per,17.1
1773674916,pure-ftpd,chatafl,3,b_abs,804
1773674916,pure-ftpd,chatafl,3,l_per,24.4
1773674916,pure-ftpd,chatafl,3,l_abs,1586
1773674916,pure-ftpd,chatafl,3,b_per,17.1
1773674916,pure-ftpd,chatafl,3,b_abs,804
1773674917,pure-ftpd,chatafl,3,l_per,24.4
1773674917,pure-ftpd,chatafl,3,l_abs,1586
1773674917,pure-ftpd,chatafl,3,b_per,17.1
1773674917,pure-ftpd,chatafl,3,b_abs,804
1773674918,pure-ftpd,chatafl,3,l_per,24.4
1773674918,pure-ftpd,chatafl,3,l_abs,1586
1773674918,pure-ftpd,chatafl,3,b_per,17.1
1773674918,pure-ftpd,chatafl,3,b_abs,804
1773674920,pure-ftpd,chatafl,3,l_per,24.4
1773674920,pure-ftpd,chatafl,3,l_abs,1586
1773674920,pure-ftpd,chatafl,3,b_per,17.1
1773674920,pure-ftpd,chatafl,3,b_abs,804
1773674925,pure-ftpd,chatafl,3,l_per,24.4
1773674925,pure-ftpd,chatafl,3,l_abs,1587
1773674925,pure-ftpd,chatafl,3,b_per,17.1
1773674925,pure-ftpd,chatafl,3,b_abs,805
1773674925,pure-ftpd,chatafl,3,l_per,24.4
1773674925,pure-ftpd,chatafl,3,l_abs,1587
1773674925,pure-ftpd,chatafl,3,b_per,17.1
1773674925,pure-ftpd,chatafl,3,b_abs,805
1773674926,pure-ftpd,chatafl,3,l_per,24.4
1773674926,pure-ftpd,chatafl,3,l_abs,1587
1773674926,pure-ftpd,chatafl,3,b_per,17.1
1773674926,pure-ftpd,chatafl,3,b_abs,805
1773674926,pure-ftpd,chatafl,3,l_per,24.4
1773674926,pure-ftpd,chatafl,3,l_abs,1587
1773674926,pure-ftpd,chatafl,3,b_per,17.1
1773674926,pure-ftpd,chatafl,3,b_abs,805
1773674930,pure-ftpd,chatafl,3,l_per,24.4
1773674930,pure-ftpd,chatafl,3,l_abs,1587
1773674930,pure-ftpd,chatafl,3,b_per,17.1
1773674930,pure-ftpd,chatafl,3,b_abs,805
1773674931,pure-ftpd,chatafl,3,l_per,24.4
1773674931,pure-ftpd,chatafl,3,l_abs,1587
1773674931,pure-ftpd,chatafl,3,b_per,17.1
1773674931,pure-ftpd,chatafl,3,b_abs,805
1773674931,pure-ftpd,chatafl,3,l_per,24.4
1773674931,pure-ftpd,chatafl,3,l_abs,1587
1773674931,pure-ftpd,chatafl,3,b_per,17.1
1773674931,pure-ftpd,chatafl,3,b_abs,805
1773674932,pure-ftpd,chatafl,3,l_per,24.4
1773674932,pure-ftpd,chatafl,3,l_abs,1587
1773674932,pure-ftpd,chatafl,3,b_per,17.1
1773674932,pure-ftpd,chatafl,3,b_abs,805
1773674933,pure-ftpd,chatafl,3,l_per,24.4
1773674933,pure-ftpd,chatafl,3,l_abs,1587
1773674933,pure-ftpd,chatafl,3,b_per,17.1
1773674933,pure-ftpd,chatafl,3,b_abs,805
1773674933,pure-ftpd,chatafl,3,l_per,24.4
1773674933,pure-ftpd,chatafl,3,l_abs,1587
1773674933,pure-ftpd,chatafl,3,b_per,17.1
1773674933,pure-ftpd,chatafl,3,b_abs,805
1773674934,pure-ftpd,chatafl,3,l_per,24.4
1773674934,pure-ftpd,chatafl,3,l_abs,1587
1773674934,pure-ftpd,chatafl,3,b_per,17.1
1773674934,pure-ftpd,chatafl,3,b_abs,805
1773674935,pure-ftpd,chatafl,3,l_per,24.4
1773674935,pure-ftpd,chatafl,3,l_abs,1587
1773674935,pure-ftpd,chatafl,3,b_per,17.1
1773674935,pure-ftpd,chatafl,3,b_abs,805
1773674938,pure-ftpd,chatafl,3,l_per,24.5
1773674938,pure-ftpd,chatafl,3,l_abs,1588
1773674938,pure-ftpd,chatafl,3,b_per,17.1
1773674938,pure-ftpd,chatafl,3,b_abs,806
1773674938,pure-ftpd,chatafl,3,l_per,24.5
1773674938,pure-ftpd,chatafl,3,l_abs,1588
1773674938,pure-ftpd,chatafl,3,b_per,17.1
1773674938,pure-ftpd,chatafl,3,b_abs,806
1773674939,pure-ftpd,chatafl,3,l_per,24.5
1773674939,pure-ftpd,chatafl,3,l_abs,1588
1773674939,pure-ftpd,chatafl,3,b_per,17.1
1773674939,pure-ftpd,chatafl,3,b_abs,806
1773674940,pure-ftpd,chatafl,3,l_per,24.5
1773674940,pure-ftpd,chatafl,3,l_abs,1588
1773674940,pure-ftpd,chatafl,3,b_per,17.1
1773674940,pure-ftpd,chatafl,3,b_abs,806
1773674940,pure-ftpd,chatafl,3,l_per,24.5
1773674940,pure-ftpd,chatafl,3,l_abs,1588
1773674940,pure-ftpd,chatafl,3,b_per,17.1
1773674940,pure-ftpd,chatafl,3,b_abs,806
1773674941,pure-ftpd,chatafl,3,l_per,24.5
1773674941,pure-ftpd,chatafl,3,l_abs,1588
1773674941,pure-ftpd,chatafl,3,b_per,17.1
1773674941,pure-ftpd,chatafl,3,b_abs,806
1773674941,pure-ftpd,chatafl,3,l_per,24.5
1773674941,pure-ftpd,chatafl,3,l_abs,1588
1773674941,pure-ftpd,chatafl,3,b_per,17.1
1773674941,pure-ftpd,chatafl,3,b_abs,806
1773674944,pure-ftpd,chatafl,3,l_per,24.5
1773674944,pure-ftpd,chatafl,3,l_abs,1589
1773674944,pure-ftpd,chatafl,3,b_per,17.2
1773674944,pure-ftpd,chatafl,3,b_abs,807
1773674945,pure-ftpd,chatafl,3,l_per,24.5
1773674945,pure-ftpd,chatafl,3,l_abs,1589
1773674945,pure-ftpd,chatafl,3,b_per,17.2
1773674945,pure-ftpd,chatafl,3,b_abs,807
1773674946,pure-ftpd,chatafl,3,l_per,24.5
1773674946,pure-ftpd,chatafl,3,l_abs,1589
1773674946,pure-ftpd,chatafl,3,b_per,17.2
1773674946,pure-ftpd,chatafl,3,b_abs,807
1773674946,pure-ftpd,chatafl,3,l_per,24.5
1773674946,pure-ftpd,chatafl,3,l_abs,1589
1773674946,pure-ftpd,chatafl,3,b_per,17.2
1773674946,pure-ftpd,chatafl,3,b_abs,807
1773674947,pure-ftpd,chatafl,3,l_per,24.5
1773674947,pure-ftpd,chatafl,3,l_abs,1589
1773674947,pure-ftpd,chatafl,3,b_per,17.2
1773674947,pure-ftpd,chatafl,3,b_abs,807
1773674947,pure-ftpd,chatafl,3,l_per,24.5
1773674947,pure-ftpd,chatafl,3,l_abs,1589
1773674947,pure-ftpd,chatafl,3,b_per,17.2
1773674947,pure-ftpd,chatafl,3,b_abs,807
1773674948,pure-ftpd,chatafl,3,l_per,24.5
1773674948,pure-ftpd,chatafl,3,l_abs,1589
1773674948,pure-ftpd,chatafl,3,b_per,17.2
1773674948,pure-ftpd,chatafl,3,b_abs,807
1773674948,pure-ftpd,chatafl,3,l_per,24.7
1773674948,pure-ftpd,chatafl,3,l_abs,1603
1773674948,pure-ftpd,chatafl,3,b_per,17.3
1773674948,pure-ftpd,chatafl,3,b_abs,814
1773674949,pure-ftpd,chatafl,3,l_per,24.7
1773674949,pure-ftpd,chatafl,3,l_abs,1603
1773674949,pure-ftpd,chatafl,3,b_per,17.3
1773674949,pure-ftpd,chatafl,3,b_abs,814
1773674950,pure-ftpd,chatafl,3,l_per,24.7
1773674950,pure-ftpd,chatafl,3,l_abs,1603
1773674950,pure-ftpd,chatafl,3,b_per,17.3
1773674950,pure-ftpd,chatafl,3,b_abs,814
1773674951,pure-ftpd,chatafl,3,l_per,24.7
1773674951,pure-ftpd,chatafl,3,l_abs,1604
1773674951,pure-ftpd,chatafl,3,b_per,17.3
1773674951,pure-ftpd,chatafl,3,b_abs,815
1773674951,pure-ftpd,chatafl,3,l_per,24.7
1773674951,pure-ftpd,chatafl,3,l_abs,1604
1773674951,pure-ftpd,chatafl,3,b_per,17.3
1773674951,pure-ftpd,chatafl,3,b_abs,815
1773674952,pure-ftpd,chatafl,3,l_per,24.7
1773674952,pure-ftpd,chatafl,3,l_abs,1604
1773674952,pure-ftpd,chatafl,3,b_per,17.3
1773674952,pure-ftpd,chatafl,3,b_abs,815
1773674952,pure-ftpd,chatafl,3,l_per,24.7
1773674952,pure-ftpd,chatafl,3,l_abs,1604
1773674952,pure-ftpd,chatafl,3,b_per,17.3
1773674952,pure-ftpd,chatafl,3,b_abs,815
1773674953,pure-ftpd,chatafl,3,l_per,24.7
1773674953,pure-ftpd,chatafl,3,l_abs,1604
1773674953,pure-ftpd,chatafl,3,b_per,17.3
1773674953,pure-ftpd,chatafl,3,b_abs,815
1773674953,pure-ftpd,chatafl,3,l_per,24.7
1773674953,pure-ftpd,chatafl,3,l_abs,1604
1773674953,pure-ftpd,chatafl,3,b_per,17.3
1773674953,pure-ftpd,chatafl,3,b_abs,815
1773674954,pure-ftpd,chatafl,3,l_per,24.7
1773674954,pure-ftpd,chatafl,3,l_abs,1604
1773674954,pure-ftpd,chatafl,3,b_per,17.3
1773674954,pure-ftpd,chatafl,3,b_abs,815
1773674957,pure-ftpd,chatafl,3,l_per,24.7
1773674957,pure-ftpd,chatafl,3,l_abs,1605
1773674957,pure-ftpd,chatafl,3,b_per,17.3
1773674957,pure-ftpd,chatafl,3,b_abs,816
1773674958,pure-ftpd,chatafl,3,l_per,24.7
1773674958,pure-ftpd,chatafl,3,l_abs,1605
1773674958,pure-ftpd,chatafl,3,b_per,17.3
1773674958,pure-ftpd,chatafl,3,b_abs,816
1773674958,pure-ftpd,chatafl,3,l_per,24.7
1773674958,pure-ftpd,chatafl,3,l_abs,1605
1773674958,pure-ftpd,chatafl,3,b_per,17.3
1773674958,pure-ftpd,chatafl,3,b_abs,816
1773674961,pure-ftpd,chatafl,3,l_per,26.6
1773674961,pure-ftpd,chatafl,3,l_abs,1727
1773674961,pure-ftpd,chatafl,3,b_per,18.8
1773674961,pure-ftpd,chatafl,3,b_abs,883
1773674962,pure-ftpd,chatafl,3,l_per,26.6
1773674962,pure-ftpd,chatafl,3,l_abs,1727
1773674962,pure-ftpd,chatafl,3,b_per,18.8
1773674962,pure-ftpd,chatafl,3,b_abs,883
1773674963,pure-ftpd,chatafl,3,l_per,26.6
1773674963,pure-ftpd,chatafl,3,l_abs,1727
1773674963,pure-ftpd,chatafl,3,b_per,18.8
1773674963,pure-ftpd,chatafl,3,b_abs,883
1773674963,pure-ftpd,chatafl,3,l_per,26.6
1773674963,pure-ftpd,chatafl,3,l_abs,1727
1773674963,pure-ftpd,chatafl,3,b_per,18.8
1773674963,pure-ftpd,chatafl,3,b_abs,883
1773674964,pure-ftpd,chatafl,3,l_per,26.6
1773674964,pure-ftpd,chatafl,3,l_abs,1727
1773674964,pure-ftpd,chatafl,3,b_per,18.8
1773674964,pure-ftpd,chatafl,3,b_abs,883
1773674968,pure-ftpd,chatafl,3,l_per,26.6
1773674968,pure-ftpd,chatafl,3,l_abs,1727
1773674968,pure-ftpd,chatafl,3,b_per,18.8
1773674968,pure-ftpd,chatafl,3,b_abs,883
1773674969,pure-ftpd,chatafl,3,l_per,26.6
1773674969,pure-ftpd,chatafl,3,l_abs,1727
1773674969,pure-ftpd,chatafl,3,b_per,18.8
1773674969,pure-ftpd,chatafl,3,b_abs,883
1773674969,pure-ftpd,chatafl,3,l_per,26.6
1773674969,pure-ftpd,chatafl,3,l_abs,1727
1773674969,pure-ftpd,chatafl,3,b_per,18.8
1773674969,pure-ftpd,chatafl,3,b_abs,883
1773674970,pure-ftpd,chatafl,3,l_per,26.6
1773674970,pure-ftpd,chatafl,3,l_abs,1727
1773674970,pure-ftpd,chatafl,3,b_per,18.8
1773674970,pure-ftpd,chatafl,3,b_abs,883
1773674971,pure-ftpd,chatafl,3,l_per,26.6
1773674971,pure-ftpd,chatafl,3,l_abs,1727
1773674971,pure-ftpd,chatafl,3,b_per,18.8
1773674971,pure-ftpd,chatafl,3,b_abs,883
1773674971,pure-ftpd,chatafl,3,l_per,26.6
1773674971,pure-ftpd,chatafl,3,l_abs,1727
1773674971,pure-ftpd,chatafl,3,b_per,18.8
1773674971,pure-ftpd,chatafl,3,b_abs,883
1773674972,pure-ftpd,chatafl,3,l_per,26.6
1773674972,pure-ftpd,chatafl,3,l_abs,1727
1773674972,pure-ftpd,chatafl,3,b_per,18.8
1773674972,pure-ftpd,chatafl,3,b_abs,883
1773674972,pure-ftpd,chatafl,3,l_per,26.6
1773674972,pure-ftpd,chatafl,3,l_abs,1727
1773674972,pure-ftpd,chatafl,3,b_per,18.8
1773674972,pure-ftpd,chatafl,3,b_abs,883
1773674973,pure-ftpd,chatafl,3,l_per,26.6
1773674973,pure-ftpd,chatafl,3,l_abs,1727
1773674973,pure-ftpd,chatafl,3,b_per,18.8
1773674973,pure-ftpd,chatafl,3,b_abs,883
1773674974,pure-ftpd,chatafl,3,l_per,26.6
1773674974,pure-ftpd,chatafl,3,l_abs,1727
1773674974,pure-ftpd,chatafl,3,b_per,18.8
1773674974,pure-ftpd,chatafl,3,b_abs,883
1773674976,pure-ftpd,chatafl,3,l_per,26.6
1773674976,pure-ftpd,chatafl,3,l_abs,1727
1773674976,pure-ftpd,chatafl,3,b_per,18.8
1773674976,pure-ftpd,chatafl,3,b_abs,883
1773674977,pure-ftpd,chatafl,3,l_per,26.8
1773674977,pure-ftpd,chatafl,3,l_abs,1740
1773674977,pure-ftpd,chatafl,3,b_per,18.8
1773674977,pure-ftpd,chatafl,3,b_abs,885
1773674978,pure-ftpd,chatafl,3,l_per,26.8
1773674978,pure-ftpd,chatafl,3,l_abs,1740
1773674978,pure-ftpd,chatafl,3,b_per,18.8
1773674978,pure-ftpd,chatafl,3,b_abs,885
1773674978,pure-ftpd,chatafl,3,l_per,26.8
1773674978,pure-ftpd,chatafl,3,l_abs,1740
1773674978,pure-ftpd,chatafl,3,b_per,18.8
1773674978,pure-ftpd,chatafl,3,b_abs,885
1773674979,pure-ftpd,chatafl,3,l_per,26.8
1773674979,pure-ftpd,chatafl,3,l_abs,1740
1773674979,pure-ftpd,chatafl,3,b_per,18.8
1773674979,pure-ftpd,chatafl,3,b_abs,885
1773674980,pure-ftpd,chatafl,3,l_per,26.8
1773674980,pure-ftpd,chatafl,3,l_abs,1740
1773674980,pure-ftpd,chatafl,3,b_per,18.8
1773674980,pure-ftpd,chatafl,3,b_abs,885
1773674980,pure-ftpd,chatafl,3,l_per,26.8
1773674980,pure-ftpd,chatafl,3,l_abs,1740
1773674980,pure-ftpd,chatafl,3,b_per,18.8
1773674980,pure-ftpd,chatafl,3,b_abs,885
1773674984,pure-ftpd,chatafl,3,l_per,26.8
1773674984,pure-ftpd,chatafl,3,l_abs,1740
1773674984,pure-ftpd,chatafl,3,b_per,18.8
1773674984,pure-ftpd,chatafl,3,b_abs,885
1773674984,pure-ftpd,chatafl,3,l_per,26.8
1773674984,pure-ftpd,chatafl,3,l_abs,1740
1773674984,pure-ftpd,chatafl,3,b_per,18.8
1773674984,pure-ftpd,chatafl,3,b_abs,886
1773674985,pure-ftpd,chatafl,3,l_per,26.8
1773674985,pure-ftpd,chatafl,3,l_abs,1740
1773674985,pure-ftpd,chatafl,3,b_per,18.8
1773674985,pure-ftpd,chatafl,3,b_abs,886
1773674986,pure-ftpd,chatafl,3,l_per,26.8
1773674986,pure-ftpd,chatafl,3,l_abs,1740
1773674986,pure-ftpd,chatafl,3,b_per,18.8
1773674986,pure-ftpd,chatafl,3,b_abs,886
1773674986,pure-ftpd,chatafl,3,l_per,26.8
1773674986,pure-ftpd,chatafl,3,l_abs,1740
1773674986,pure-ftpd,chatafl,3,b_per,18.8
1773674986,pure-ftpd,chatafl,3,b_abs,886
1773674987,pure-ftpd,chatafl,3,l_per,26.8
1773674987,pure-ftpd,chatafl,3,l_abs,1740
1773674987,pure-ftpd,chatafl,3,b_per,18.8
1773674987,pure-ftpd,chatafl,3,b_abs,886
1773674988,pure-ftpd,chatafl,3,l_per,26.8
1773674988,pure-ftpd,chatafl,3,l_abs,1740
1773674988,pure-ftpd,chatafl,3,b_per,18.8
1773674988,pure-ftpd,chatafl,3,b_abs,886
1773674988,pure-ftpd,chatafl,3,l_per,26.8
1773674988,pure-ftpd,chatafl,3,l_abs,1740
1773674988,pure-ftpd,chatafl,3,b_per,18.8
1773674988,pure-ftpd,chatafl,3,b_abs,886
1773674989,pure-ftpd,chatafl,3,l_per,26.8
1773674989,pure-ftpd,chatafl,3,l_abs,1740
1773674989,pure-ftpd,chatafl,3,b_per,18.8
1773674989,pure-ftpd,chatafl,3,b_abs,886
1773674990,pure-ftpd,chatafl,3,l_per,26.8
1773674990,pure-ftpd,chatafl,3,l_abs,1740
1773674990,pure-ftpd,chatafl,3,b_per,18.8
1773674990,pure-ftpd,chatafl,3,b_abs,886
1773674993,pure-ftpd,chatafl,3,l_per,26.8
1773674993,pure-ftpd,chatafl,3,l_abs,1740
1773674993,pure-ftpd,chatafl,3,b_per,18.9
1773674993,pure-ftpd,chatafl,3,b_abs,887
1773674994,pure-ftpd,chatafl,3,l_per,26.8
1773674994,pure-ftpd,chatafl,3,l_abs,1740
1773674994,pure-ftpd,chatafl,3,b_per,18.9
1773674994,pure-ftpd,chatafl,3,b_abs,887
1773674994,pure-ftpd,chatafl,3,l_per,26.8
1773674994,pure-ftpd,chatafl,3,l_abs,1740
1773674994,pure-ftpd,chatafl,3,b_per,18.9
1773674994,pure-ftpd,chatafl,3,b_abs,887
1773674995,pure-ftpd,chatafl,3,l_per,26.8
1773674995,pure-ftpd,chatafl,3,l_abs,1740
1773674995,pure-ftpd,chatafl,3,b_per,18.9
1773674995,pure-ftpd,chatafl,3,b_abs,887
1773674996,pure-ftpd,chatafl,3,l_per,26.8
1773674996,pure-ftpd,chatafl,3,l_abs,1740
1773674996,pure-ftpd,chatafl,3,b_per,18.9
1773674996,pure-ftpd,chatafl,3,b_abs,887
1773674996,pure-ftpd,chatafl,3,l_per,26.8
1773674996,pure-ftpd,chatafl,3,l_abs,1740
1773674996,pure-ftpd,chatafl,3,b_per,18.9
1773674996,pure-ftpd,chatafl,3,b_abs,887
1773674997,pure-ftpd,chatafl,3,l_per,26.8
1773674997,pure-ftpd,chatafl,3,l_abs,1740
1773674997,pure-ftpd,chatafl,3,b_per,18.9
1773674997,pure-ftpd,chatafl,3,b_abs,887
1773674998,pure-ftpd,chatafl,3,l_per,26.8
1773674998,pure-ftpd,chatafl,3,l_abs,1740
1773674998,pure-ftpd,chatafl,3,b_per,18.9
1773674998,pure-ftpd,chatafl,3,b_abs,887
1773674998,pure-ftpd,chatafl,3,l_per,26.8
1773674998,pure-ftpd,chatafl,3,l_abs,1740
1773674998,pure-ftpd,chatafl,3,b_per,18.9
1773674998,pure-ftpd,chatafl,3,b_abs,887
1773674999,pure-ftpd,chatafl,3,l_per,26.8
1773674999,pure-ftpd,chatafl,3,l_abs,1740
1773674999,pure-ftpd,chatafl,3,b_per,18.9
1773674999,pure-ftpd,chatafl,3,b_abs,887
1773674999,pure-ftpd,chatafl,3,l_per,26.8
1773674999,pure-ftpd,chatafl,3,l_abs,1740
1773674999,pure-ftpd,chatafl,3,b_per,18.9
1773674999,pure-ftpd,chatafl,3,b_abs,887
1773675000,pure-ftpd,chatafl,3,l_per,26.8
1773675000,pure-ftpd,chatafl,3,l_abs,1740
1773675000,pure-ftpd,chatafl,3,b_per,18.9
1773675000,pure-ftpd,chatafl,3,b_abs,887
1773675000,pure-ftpd,chatafl,3,l_per,26.8
1773675000,pure-ftpd,chatafl,3,l_abs,1740
1773675000,pure-ftpd,chatafl,3,b_per,18.9
1773675000,pure-ftpd,chatafl,3,b_abs,887
1773675001,pure-ftpd,chatafl,3,l_per,26.8
1773675001,pure-ftpd,chatafl,3,l_abs,1740
1773675001,pure-ftpd,chatafl,3,b_per,18.9
1773675001,pure-ftpd,chatafl,3,b_abs,887
1773675002,pure-ftpd,chatafl,3,l_per,26.8
1773675002,pure-ftpd,chatafl,3,l_abs,1740
1773675002,pure-ftpd,chatafl,3,b_per,18.9
1773675002,pure-ftpd,chatafl,3,b_abs,887
1773675002,pure-ftpd,chatafl,3,l_per,26.8
1773675002,pure-ftpd,chatafl,3,l_abs,1740
1773675002,pure-ftpd,chatafl,3,b_per,18.9
1773675002,pure-ftpd,chatafl,3,b_abs,887
1773675003,pure-ftpd,chatafl,3,l_per,26.8
1773675003,pure-ftpd,chatafl,3,l_abs,1740
1773675003,pure-ftpd,chatafl,3,b_per,18.9
1773675003,pure-ftpd,chatafl,3,b_abs,887
1773675003,pure-ftpd,chatafl,3,l_per,26.8
1773675003,pure-ftpd,chatafl,3,l_abs,1740
1773675003,pure-ftpd,chatafl,3,b_per,18.9
1773675003,pure-ftpd,chatafl,3,b_abs,887
1773675004,pure-ftpd,chatafl,3,l_per,26.8
1773675004,pure-ftpd,chatafl,3,l_abs,1740
1773675004,pure-ftpd,chatafl,3,b_per,18.9
1773675004,pure-ftpd,chatafl,3,b_abs,887
1773675005,pure-ftpd,chatafl,3,l_per,26.8
1773675005,pure-ftpd,chatafl,3,l_abs,1740
1773675005,pure-ftpd,chatafl,3,b_per,18.9
1773675005,pure-ftpd,chatafl,3,b_abs,887
1773675005,pure-ftpd,chatafl,3,l_per,26.8
1773675005,pure-ftpd,chatafl,3,l_abs,1740
1773675005,pure-ftpd,chatafl,3,b_per,18.9
1773675005,pure-ftpd,chatafl,3,b_abs,887
1773675006,pure-ftpd,chatafl,3,l_per,26.8
1773675006,pure-ftpd,chatafl,3,l_abs,1740
1773675006,pure-ftpd,chatafl,3,b_per,18.9
1773675006,pure-ftpd,chatafl,3,b_abs,887
1773675007,pure-ftpd,chatafl,3,l_per,26.8
1773675007,pure-ftpd,chatafl,3,l_abs,1740
1773675007,pure-ftpd,chatafl,3,b_per,18.9
1773675007,pure-ftpd,chatafl,3,b_abs,887
1773675007,pure-ftpd,chatafl,3,l_per,26.8
1773675007,pure-ftpd,chatafl,3,l_abs,1740
1773675007,pure-ftpd,chatafl,3,b_per,18.9
1773675007,pure-ftpd,chatafl,3,b_abs,887
1773675008,pure-ftpd,chatafl,3,l_per,26.8
1773675008,pure-ftpd,chatafl,3,l_abs,1740
1773675008,pure-ftpd,chatafl,3,b_per,18.9
1773675008,pure-ftpd,chatafl,3,b_abs,887
1773675009,pure-ftpd,chatafl,3,l_per,26.8
1773675009,pure-ftpd,chatafl,3,l_abs,1740
1773675009,pure-ftpd,chatafl,3,b_per,18.9
1773675009,pure-ftpd,chatafl,3,b_abs,887
1773675009,pure-ftpd,chatafl,3,l_per,26.8
1773675009,pure-ftpd,chatafl,3,l_abs,1740
1773675009,pure-ftpd,chatafl,3,b_per,18.9
1773675009,pure-ftpd,chatafl,3,b_abs,887
1773675010,pure-ftpd,chatafl,3,l_per,26.8
1773675010,pure-ftpd,chatafl,3,l_abs,1740
1773675010,pure-ftpd,chatafl,3,b_per,18.9
1773675010,pure-ftpd,chatafl,3,b_abs,887
1773675010,pure-ftpd,chatafl,3,l_per,26.8
1773675010,pure-ftpd,chatafl,3,l_abs,1740
1773675010,pure-ftpd,chatafl,3,b_per,18.9
1773675010,pure-ftpd,chatafl,3,b_abs,887
1773675011,pure-ftpd,chatafl,3,l_per,26.8
1773675011,pure-ftpd,chatafl,3,l_abs,1740
1773675011,pure-ftpd,chatafl,3,b_per,18.9
1773675011,pure-ftpd,chatafl,3,b_abs,887
1773675012,pure-ftpd,chatafl,3,l_per,26.8
1773675012,pure-ftpd,chatafl,3,l_abs,1740
1773675012,pure-ftpd,chatafl,3,b_per,18.9
1773675012,pure-ftpd,chatafl,3,b_abs,887
1773675012,pure-ftpd,chatafl,3,l_per,26.8
1773675012,pure-ftpd,chatafl,3,l_abs,1740
1773675012,pure-ftpd,chatafl,3,b_per,18.9
1773675012,pure-ftpd,chatafl,3,b_abs,887
1773675013,pure-ftpd,chatafl,3,l_per,26.8
1773675013,pure-ftpd,chatafl,3,l_abs,1740
1773675013,pure-ftpd,chatafl,3,b_per,18.9
1773675013,pure-ftpd,chatafl,3,b_abs,887
1773674879,pure-ftpd,chatafl,3,l_per,27.0
1773674879,pure-ftpd,chatafl,3,l_abs,1751
1773674879,pure-ftpd,chatafl,3,b_per,19.1
1773674879,pure-ftpd,chatafl,3,b_abs,900
1773674920,pure-ftpd,chatafl,3,l_per,27.1
1773674920,pure-ftpd,chatafl,3,l_abs,1760
1773674920,pure-ftpd,chatafl,3,b_per,19.3
1773674920,pure-ftpd,chatafl,3,b_abs,907
1773674961,pure-ftpd,chatafl,3,l_per,27.1
1773674961,pure-ftpd,chatafl,3,l_abs,1760
1773674961,pure-ftpd,chatafl,3,b_per,19.3
1773674961,pure-ftpd,chatafl,3,b_abs,907
1773674998,pure-ftpd,chatafl,3,l_per,27.1
1773674998,pure-ftpd,chatafl,3,l_abs,1760
1773674998,pure-ftpd,chatafl,3,b_per,19.3
1773674998,pure-ftpd,chatafl,3,b_abs,907
1773675044,pure-ftpd,chatafl,3,l_per,27.1
1773675044,pure-ftpd,chatafl,3,l_abs,1761
1773675044,pure-ftpd,chatafl,3,b_per,19.4
1773675044,pure-ftpd,chatafl,3,b_abs,911
1773675584,pure-ftpd,chatafl,3,l_per,28.0
1773675584,pure-ftpd,chatafl,3,l_abs,1817
1773675584,pure-ftpd,chatafl,3,b_per,20.1
1773675584,pure-ftpd,chatafl,3,b_abs,946
1773676152,pure-ftpd,chatafl,3,l_per,28.5
1773676152,pure-ftpd,chatafl,3,l_abs,1852
1773676152,pure-ftpd,chatafl,3,b_per,20.7
1773676152,pure-ftpd,chatafl,3,b_abs,975
1773676747,pure-ftpd,chatafl,3,l_per,29.6
1773676747,pure-ftpd,chatafl,3,l_abs,1924
1773676747,pure-ftpd,chatafl,3,b_per,21.9
1773676747,pure-ftpd,chatafl,3,b_abs,1032
1773677469,pure-ftpd,chatafl,3,l_per,29.7
1773677469,pure-ftpd,chatafl,3,l_abs,1929
1773677469,pure-ftpd,chatafl,3,b_per,22.0
1773677469,pure-ftpd,chatafl,3,b_abs,1035
1773678281,pure-ftpd,chatafl,3,l_per,30.2
1773678281,pure-ftpd,chatafl,3,l_abs,1962
1773678281,pure-ftpd,chatafl,3,b_per,22.6
1773678281,pure-ftpd,chatafl,3,b_abs,1064
1773679266,pure-ftpd,chatafl,3,l_per,30.4
1773679266,pure-ftpd,chatafl,3,l_abs,1977
1773679266,pure-ftpd,chatafl,3,b_per,22.9
1773679266,pure-ftpd,chatafl,3,b_abs,1078
1773680569,pure-ftpd,chatafl,3,l_per,30.7
1773680569,pure-ftpd,chatafl,3,l_abs,1992
1773680569,pure-ftpd,chatafl,3,b_per,23.1
1773680569,pure-ftpd,chatafl,3,b_abs,1087
1773681516,pure-ftpd,chatafl,3,l_per,30.7
1773681516,pure-ftpd,chatafl,3,l_abs,1995
1773681516,pure-ftpd,chatafl,3,b_per,23.1
1773681516,pure-ftpd,chatafl,3,b_abs,1089
1773683951,pure-ftpd,chatafl,3,l_per,31.1
1773683951,pure-ftpd,chatafl,3,l_abs,2019
1773683951,pure-ftpd,chatafl,3,b_per,23.6
1773683951,pure-ftpd,chatafl,3,b_abs,1109
1773688611,pure-ftpd,chatafl,3,l_per,31.4
1773688611,pure-ftpd,chatafl,3,l_abs,2042
1773688611,pure-ftpd,chatafl,3,b_per,24.1
1773688611,pure-ftpd,chatafl,3,b_abs,1133
1773690308,pure-ftpd,chatafl,3,l_per,31.5
1773690308,pure-ftpd,chatafl,3,l_abs,2046
1773690308,pure-ftpd,chatafl,3,b_per,24.2
1773690308,pure-ftpd,chatafl,3,b_abs,1140
1773692852,pure-ftpd,chatafl,3,l_per,31.6
1773692852,pure-ftpd,chatafl,3,l_abs,2052
1773692852,pure-ftpd,chatafl,3,b_per,24.3
1773692852,pure-ftpd,chatafl,3,b_abs,1145
1773695283,pure-ftpd,chatafl,3,l_per,31.6
1773695283,pure-ftpd,chatafl,3,l_abs,2053
1773695283,pure-ftpd,chatafl,3,b_per,24.4
1773695283,pure-ftpd,chatafl,3,b_abs,1147
1773699254,pure-ftpd,chatafl,3,l_per,31.6
1773699254,pure-ftpd,chatafl,3,l_abs,2055
1773699254,pure-ftpd,chatafl,3,b_per,24.4
1773699254,pure-ftpd,chatafl,3,b_abs,1149
1773702591,pure-ftpd,chatafl,3,l_per,31.6
1773702591,pure-ftpd,chatafl,3,l_abs,2055
1773702591,pure-ftpd,chatafl,3,b_per,24.4
1773702591,pure-ftpd,chatafl,3,b_abs,1149
1773707482,pure-ftpd,chatafl,3,l_per,31.8
1773707482,pure-ftpd,chatafl,3,l_abs,2065
1773707482,pure-ftpd,chatafl,3,b_per,24.6
1773707482,pure-ftpd,chatafl,3,b_abs,1156
1773712969,pure-ftpd,chatafl,3,l_per,32.2
1773712969,pure-ftpd,chatafl,3,l_abs,2094
1773712969,pure-ftpd,chatafl,3,b_per,25.1
1773712969,pure-ftpd,chatafl,3,b_abs,1179
1773719497,pure-ftpd,chatafl,3,l_per,32.3
1773719497,pure-ftpd,chatafl,3,l_abs,2096
1773719497,pure-ftpd,chatafl,3,b_per,25.2
1773719497,pure-ftpd,chatafl,3,b_abs,1185
1773725236,pure-ftpd,chatafl,3,l_per,32.3
1773725236,pure-ftpd,chatafl,3,l_abs,2099
1773725236,pure-ftpd,chatafl,3,b_per,25.3
1773725236,pure-ftpd,chatafl,3,b_abs,1189
1773732925,pure-ftpd,chatafl,3,l_per,32.4
1773732925,pure-ftpd,chatafl,3,l_abs,2104
1773732925,pure-ftpd,chatafl,3,b_per,25.3
1773732925,pure-ftpd,chatafl,3,b_abs,1192
1773743763,pure-ftpd,chatafl,3,l_per,32.5
1773743763,pure-ftpd,chatafl,3,l_abs,2108
1773743763,pure-ftpd,chatafl,3,b_per,25.4
1773743763,pure-ftpd,chatafl,3,b_abs,1194
1773759345,pure-ftpd,chatafl,3,l_per,32.6
1773759345,pure-ftpd,chatafl,3,l_abs,2114
1773759345,pure-ftpd,chatafl,3,b_per,25.5
1773759345,pure-ftpd,chatafl,3,b_abs,1199
1773762158,pure-ftpd,chatafl,3,l_per,32.6
1773762158,pure-ftpd,chatafl,3,l_abs,2114
1773762158,pure-ftpd,chatafl,3,b_per,25.5
1773762158,pure-ftpd,chatafl,3,b_abs,1199
1773674042,pure-ftpd,chatafl_opt,1,l_per,13.5
1773674042,pure-ftpd,chatafl_opt,1,l_abs,874
1773674042,pure-ftpd,chatafl_opt,1,b_per,8.5
1773674042,pure-ftpd,chatafl_opt,1,b_abs,401
1773674042,pure-ftpd,chatafl_opt,1,l_per,15.2
1773674042,pure-ftpd,chatafl_opt,1,l_abs,984
1773674042,pure-ftpd,chatafl_opt,1,b_per,10.1
1773674042,pure-ftpd,chatafl_opt,1,b_abs,473
1773674045,pure-ftpd,chatafl_opt,1,l_per,18.1
1773674045,pure-ftpd,chatafl_opt,1,l_abs,1177
1773674045,pure-ftpd,chatafl_opt,1,b_per,12.1
1773674045,pure-ftpd,chatafl_opt,1,b_abs,568
1773674045,pure-ftpd,chatafl_opt,1,l_per,18.7
1773674045,pure-ftpd,chatafl_opt,1,l_abs,1214
1773674045,pure-ftpd,chatafl_opt,1,b_per,12.6
1773674045,pure-ftpd,chatafl_opt,1,b_abs,592
1773674046,pure-ftpd,chatafl_opt,1,l_per,18.8
1773674046,pure-ftpd,chatafl_opt,1,l_abs,1216
1773674046,pure-ftpd,chatafl_opt,1,b_per,12.6
1773674046,pure-ftpd,chatafl_opt,1,b_abs,593
1773674046,pure-ftpd,chatafl_opt,1,l_per,18.9
1773674046,pure-ftpd,chatafl_opt,1,l_abs,1225
1773674046,pure-ftpd,chatafl_opt,1,b_per,12.7
1773674046,pure-ftpd,chatafl_opt,1,b_abs,598
1773674047,pure-ftpd,chatafl_opt,1,l_per,18.9
1773674047,pure-ftpd,chatafl_opt,1,l_abs,1225
1773674047,pure-ftpd,chatafl_opt,1,b_per,12.7
1773674047,pure-ftpd,chatafl_opt,1,b_abs,598
1773674049,pure-ftpd,chatafl_opt,1,l_per,19.2
1773674049,pure-ftpd,chatafl_opt,1,l_abs,1247
1773674049,pure-ftpd,chatafl_opt,1,b_per,12.9
1773674049,pure-ftpd,chatafl_opt,1,b_abs,605
1773674049,pure-ftpd,chatafl_opt,1,l_per,19.2
1773674049,pure-ftpd,chatafl_opt,1,l_abs,1247
1773674049,pure-ftpd,chatafl_opt,1,b_per,12.9
1773674049,pure-ftpd,chatafl_opt,1,b_abs,605
1773674050,pure-ftpd,chatafl_opt,1,l_per,19.3
1773674050,pure-ftpd,chatafl_opt,1,l_abs,1249
1773674050,pure-ftpd,chatafl_opt,1,b_per,12.9
1773674050,pure-ftpd,chatafl_opt,1,b_abs,607
1773674050,pure-ftpd,chatafl_opt,1,l_per,20.2
1773674050,pure-ftpd,chatafl_opt,1,l_abs,1313
1773674050,pure-ftpd,chatafl_opt,1,b_per,13.9
1773674050,pure-ftpd,chatafl_opt,1,b_abs,652
1773674051,pure-ftpd,chatafl_opt,1,l_per,20.3
1773674051,pure-ftpd,chatafl_opt,1,l_abs,1314
1773674051,pure-ftpd,chatafl_opt,1,b_per,13.9
1773674051,pure-ftpd,chatafl_opt,1,b_abs,653
1773674051,pure-ftpd,chatafl_opt,1,l_per,20.7
1773674051,pure-ftpd,chatafl_opt,1,l_abs,1343
1773674051,pure-ftpd,chatafl_opt,1,b_per,14.5
1773674051,pure-ftpd,chatafl_opt,1,b_abs,680
1773674052,pure-ftpd,chatafl_opt,1,l_per,20.7
1773674052,pure-ftpd,chatafl_opt,1,l_abs,1343
1773674052,pure-ftpd,chatafl_opt,1,b_per,14.5
1773674052,pure-ftpd,chatafl_opt,1,b_abs,680
1773674052,pure-ftpd,chatafl_opt,1,l_per,20.9
1773674052,pure-ftpd,chatafl_opt,1,l_abs,1356
1773674052,pure-ftpd,chatafl_opt,1,b_per,14.5
1773674052,pure-ftpd,chatafl_opt,1,b_abs,683
1773674055,pure-ftpd,chatafl_opt,1,l_per,21.1
1773674055,pure-ftpd,chatafl_opt,1,l_abs,1366
1773674055,pure-ftpd,chatafl_opt,1,b_per,14.6
1773674055,pure-ftpd,chatafl_opt,1,b_abs,689
1773674055,pure-ftpd,chatafl_opt,1,l_per,21.1
1773674055,pure-ftpd,chatafl_opt,1,l_abs,1366
1773674055,pure-ftpd,chatafl_opt,1,b_per,14.6
1773674055,pure-ftpd,chatafl_opt,1,b_abs,689
1773674056,pure-ftpd,chatafl_opt,1,l_per,21.1
1773674056,pure-ftpd,chatafl_opt,1,l_abs,1366
1773674056,pure-ftpd,chatafl_opt,1,b_per,14.7
1773674056,pure-ftpd,chatafl_opt,1,b_abs,690
1773674058,pure-ftpd,chatafl_opt,1,l_per,21.1
1773674058,pure-ftpd,chatafl_opt,1,l_abs,1366
1773674058,pure-ftpd,chatafl_opt,1,b_per,14.7
1773674058,pure-ftpd,chatafl_opt,1,b_abs,690
1773674059,pure-ftpd,chatafl_opt,1,l_per,21.1
1773674059,pure-ftpd,chatafl_opt,1,l_abs,1368
1773674059,pure-ftpd,chatafl_opt,1,b_per,14.7
1773674059,pure-ftpd,chatafl_opt,1,b_abs,692
1773674059,pure-ftpd,chatafl_opt,1,l_per,21.1
1773674059,pure-ftpd,chatafl_opt,1,l_abs,1368
1773674059,pure-ftpd,chatafl_opt,1,b_per,14.7
1773674059,pure-ftpd,chatafl_opt,1,b_abs,692
1773674059,pure-ftpd,chatafl_opt,1,l_per,21.1
1773674059,pure-ftpd,chatafl_opt,1,l_abs,1369
1773674059,pure-ftpd,chatafl_opt,1,b_per,14.8
1773674059,pure-ftpd,chatafl_opt,1,b_abs,694
1773674060,pure-ftpd,chatafl_opt,1,l_per,21.1
1773674060,pure-ftpd,chatafl_opt,1,l_abs,1369
1773674060,pure-ftpd,chatafl_opt,1,b_per,14.8
1773674060,pure-ftpd,chatafl_opt,1,b_abs,694
1773674060,pure-ftpd,chatafl_opt,1,l_per,21.1
1773674060,pure-ftpd,chatafl_opt,1,l_abs,1369
1773674060,pure-ftpd,chatafl_opt,1,b_per,14.8
1773674060,pure-ftpd,chatafl_opt,1,b_abs,694
1773674061,pure-ftpd,chatafl_opt,1,l_per,21.2
1773674061,pure-ftpd,chatafl_opt,1,l_abs,1375
1773674061,pure-ftpd,chatafl_opt,1,b_per,14.8
1773674061,pure-ftpd,chatafl_opt,1,b_abs,698
1773674061,pure-ftpd,chatafl_opt,1,l_per,21.2
1773674061,pure-ftpd,chatafl_opt,1,l_abs,1376
1773674061,pure-ftpd,chatafl_opt,1,b_per,14.9
1773674061,pure-ftpd,chatafl_opt,1,b_abs,699
1773674061,pure-ftpd,chatafl_opt,1,l_per,21.2
1773674061,pure-ftpd,chatafl_opt,1,l_abs,1376
1773674061,pure-ftpd,chatafl_opt,1,b_per,14.9
1773674061,pure-ftpd,chatafl_opt,1,b_abs,699
1773674062,pure-ftpd,chatafl_opt,1,l_per,21.2
1773674062,pure-ftpd,chatafl_opt,1,l_abs,1376
1773674062,pure-ftpd,chatafl_opt,1,b_per,14.9
1773674062,pure-ftpd,chatafl_opt,1,b_abs,699
1773674062,pure-ftpd,chatafl_opt,1,l_per,21.2
1773674062,pure-ftpd,chatafl_opt,1,l_abs,1376
1773674062,pure-ftpd,chatafl_opt,1,b_per,14.9
1773674062,pure-ftpd,chatafl_opt,1,b_abs,699
1773674063,pure-ftpd,chatafl_opt,1,l_per,25.4
1773674063,pure-ftpd,chatafl_opt,1,l_abs,1648
1773674063,pure-ftpd,chatafl_opt,1,b_per,18.1
1773674063,pure-ftpd,chatafl_opt,1,b_abs,852
1773674063,pure-ftpd,chatafl_opt,1,l_per,25.8
1773674063,pure-ftpd,chatafl_opt,1,l_abs,1678
1773674063,pure-ftpd,chatafl_opt,1,b_per,18.4
1773674063,pure-ftpd,chatafl_opt,1,b_abs,867
1773674064,pure-ftpd,chatafl_opt,1,l_per,25.8
1773674064,pure-ftpd,chatafl_opt,1,l_abs,1678
1773674064,pure-ftpd,chatafl_opt,1,b_per,18.4
1773674064,pure-ftpd,chatafl_opt,1,b_abs,867
1773674064,pure-ftpd,chatafl_opt,1,l_per,25.8
1773674064,pure-ftpd,chatafl_opt,1,l_abs,1678
1773674064,pure-ftpd,chatafl_opt,1,b_per,18.4
1773674064,pure-ftpd,chatafl_opt,1,b_abs,867
1773674064,pure-ftpd,chatafl_opt,1,l_per,25.8
1773674064,pure-ftpd,chatafl_opt,1,l_abs,1678
1773674064,pure-ftpd,chatafl_opt,1,b_per,18.4
1773674064,pure-ftpd,chatafl_opt,1,b_abs,867
1773674065,pure-ftpd,chatafl_opt,1,l_per,25.8
1773674065,pure-ftpd,chatafl_opt,1,l_abs,1678
1773674065,pure-ftpd,chatafl_opt,1,b_per,18.4
1773674065,pure-ftpd,chatafl_opt,1,b_abs,867
1773674065,pure-ftpd,chatafl_opt,1,l_per,25.8
1773674065,pure-ftpd,chatafl_opt,1,l_abs,1678
1773674065,pure-ftpd,chatafl_opt,1,b_per,18.4
1773674065,pure-ftpd,chatafl_opt,1,b_abs,867
1773674066,pure-ftpd,chatafl_opt,1,l_per,25.8
1773674066,pure-ftpd,chatafl_opt,1,l_abs,1678
1773674066,pure-ftpd,chatafl_opt,1,b_per,18.4
1773674066,pure-ftpd,chatafl_opt,1,b_abs,867
1773674066,pure-ftpd,chatafl_opt,1,l_per,25.8
1773674066,pure-ftpd,chatafl_opt,1,l_abs,1678
1773674066,pure-ftpd,chatafl_opt,1,b_per,18.4
1773674066,pure-ftpd,chatafl_opt,1,b_abs,867
1773674067,pure-ftpd,chatafl_opt,1,l_per,25.9
1773674067,pure-ftpd,chatafl_opt,1,l_abs,1681
1773674067,pure-ftpd,chatafl_opt,1,b_per,18.5
1773674067,pure-ftpd,chatafl_opt,1,b_abs,870
1773674069,pure-ftpd,chatafl_opt,1,l_per,25.9
1773674069,pure-ftpd,chatafl_opt,1,l_abs,1681
1773674069,pure-ftpd,chatafl_opt,1,b_per,18.5
1773674069,pure-ftpd,chatafl_opt,1,b_abs,870
1773674070,pure-ftpd,chatafl_opt,1,l_per,25.9
1773674070,pure-ftpd,chatafl_opt,1,l_abs,1681
1773674070,pure-ftpd,chatafl_opt,1,b_per,18.5
1773674070,pure-ftpd,chatafl_opt,1,b_abs,870
1773674070,pure-ftpd,chatafl_opt,1,l_per,25.9
1773674070,pure-ftpd,chatafl_opt,1,l_abs,1681
1773674070,pure-ftpd,chatafl_opt,1,b_per,18.5
1773674070,pure-ftpd,chatafl_opt,1,b_abs,870
1773674071,pure-ftpd,chatafl_opt,1,l_per,25.9
1773674071,pure-ftpd,chatafl_opt,1,l_abs,1681
1773674071,pure-ftpd,chatafl_opt,1,b_per,18.5
1773674071,pure-ftpd,chatafl_opt,1,b_abs,870
1773674071,pure-ftpd,chatafl_opt,1,l_per,25.9
1773674071,pure-ftpd,chatafl_opt,1,l_abs,1684
1773674071,pure-ftpd,chatafl_opt,1,b_per,18.6
1773674071,pure-ftpd,chatafl_opt,1,b_abs,874
1773674071,pure-ftpd,chatafl_opt,1,l_per,25.9
1773674071,pure-ftpd,chatafl_opt,1,l_abs,1684
1773674071,pure-ftpd,chatafl_opt,1,b_per,18.6
1773674071,pure-ftpd,chatafl_opt,1,b_abs,874
1773674072,pure-ftpd,chatafl_opt,1,l_per,26.0
1773674072,pure-ftpd,chatafl_opt,1,l_abs,1690
1773674072,pure-ftpd,chatafl_opt,1,b_per,18.7
1773674072,pure-ftpd,chatafl_opt,1,b_abs,879
1773674072,pure-ftpd,chatafl_opt,1,l_per,26.0
1773674072,pure-ftpd,chatafl_opt,1,l_abs,1690
1773674072,pure-ftpd,chatafl_opt,1,b_per,18.7
1773674072,pure-ftpd,chatafl_opt,1,b_abs,879
1773674073,pure-ftpd,chatafl_opt,1,l_per,26.2
1773674073,pure-ftpd,chatafl_opt,1,l_abs,1700
1773674073,pure-ftpd,chatafl_opt,1,b_per,18.8
1773674073,pure-ftpd,chatafl_opt,1,b_abs,886
1773674073,pure-ftpd,chatafl_opt,1,l_per,26.2
1773674073,pure-ftpd,chatafl_opt,1,l_abs,1700
1773674073,pure-ftpd,chatafl_opt,1,b_per,18.8
1773674073,pure-ftpd,chatafl_opt,1,b_abs,886
1773674073,pure-ftpd,chatafl_opt,1,l_per,26.2
1773674073,pure-ftpd,chatafl_opt,1,l_abs,1700
1773674073,pure-ftpd,chatafl_opt,1,b_per,18.8
1773674073,pure-ftpd,chatafl_opt,1,b_abs,886
1773674074,pure-ftpd,chatafl_opt,1,l_per,26.2
1773674074,pure-ftpd,chatafl_opt,1,l_abs,1700
1773674074,pure-ftpd,chatafl_opt,1,b_per,18.8
1773674074,pure-ftpd,chatafl_opt,1,b_abs,886
1773674074,pure-ftpd,chatafl_opt,1,l_per,26.2
1773674074,pure-ftpd,chatafl_opt,1,l_abs,1700
1773674074,pure-ftpd,chatafl_opt,1,b_per,18.8
1773674074,pure-ftpd,chatafl_opt,1,b_abs,886
1773674075,pure-ftpd,chatafl_opt,1,l_per,26.2
1773674075,pure-ftpd,chatafl_opt,1,l_abs,1700
1773674075,pure-ftpd,chatafl_opt,1,b_per,18.8
1773674075,pure-ftpd,chatafl_opt,1,b_abs,886
1773674077,pure-ftpd,chatafl_opt,1,l_per,26.2
1773674077,pure-ftpd,chatafl_opt,1,l_abs,1704
1773674077,pure-ftpd,chatafl_opt,1,b_per,18.9
1773674077,pure-ftpd,chatafl_opt,1,b_abs,891
1773674078,pure-ftpd,chatafl_opt,1,l_per,26.3
1773674078,pure-ftpd,chatafl_opt,1,l_abs,1705
1773674078,pure-ftpd,chatafl_opt,1,b_per,19.0
1773674078,pure-ftpd,chatafl_opt,1,b_abs,892
1773674078,pure-ftpd,chatafl_opt,1,l_per,26.3
1773674078,pure-ftpd,chatafl_opt,1,l_abs,1705
1773674078,pure-ftpd,chatafl_opt,1,b_per,19.0
1773674078,pure-ftpd,chatafl_opt,1,b_abs,892
1773674079,pure-ftpd,chatafl_opt,1,l_per,26.3
1773674079,pure-ftpd,chatafl_opt,1,l_abs,1705
1773674079,pure-ftpd,chatafl_opt,1,b_per,19.0
1773674079,pure-ftpd,chatafl_opt,1,b_abs,892
1773674079,pure-ftpd,chatafl_opt,1,l_per,26.3
1773674079,pure-ftpd,chatafl_opt,1,l_abs,1705
1773674079,pure-ftpd,chatafl_opt,1,b_per,19.0
1773674079,pure-ftpd,chatafl_opt,1,b_abs,892
1773674079,pure-ftpd,chatafl_opt,1,l_per,26.3
1773674079,pure-ftpd,chatafl_opt,1,l_abs,1705
1773674079,pure-ftpd,chatafl_opt,1,b_per,19.0
1773674079,pure-ftpd,chatafl_opt,1,b_abs,892
1773674080,pure-ftpd,chatafl_opt,1,l_per,26.3
1773674080,pure-ftpd,chatafl_opt,1,l_abs,1705
1773674080,pure-ftpd,chatafl_opt,1,b_per,19.0
1773674080,pure-ftpd,chatafl_opt,1,b_abs,892
1773674080,pure-ftpd,chatafl_opt,1,l_per,26.3
1773674080,pure-ftpd,chatafl_opt,1,l_abs,1705
1773674080,pure-ftpd,chatafl_opt,1,b_per,19.0
1773674080,pure-ftpd,chatafl_opt,1,b_abs,892
1773674081,pure-ftpd,chatafl_opt,1,l_per,26.3
1773674081,pure-ftpd,chatafl_opt,1,l_abs,1705
1773674081,pure-ftpd,chatafl_opt,1,b_per,19.0
1773674081,pure-ftpd,chatafl_opt,1,b_abs,892
1773674082,pure-ftpd,chatafl_opt,1,l_per,26.3
1773674082,pure-ftpd,chatafl_opt,1,l_abs,1705
1773674082,pure-ftpd,chatafl_opt,1,b_per,19.0
1773674082,pure-ftpd,chatafl_opt,1,b_abs,892
1773674082,pure-ftpd,chatafl_opt,1,l_per,26.3
1773674082,pure-ftpd,chatafl_opt,1,l_abs,1705
1773674082,pure-ftpd,chatafl_opt,1,b_per,19.0
1773674082,pure-ftpd,chatafl_opt,1,b_abs,892
1773674082,pure-ftpd,chatafl_opt,1,l_per,26.3
1773674082,pure-ftpd,chatafl_opt,1,l_abs,1705
1773674082,pure-ftpd,chatafl_opt,1,b_per,19.0
1773674082,pure-ftpd,chatafl_opt,1,b_abs,892
1773674083,pure-ftpd,chatafl_opt,1,l_per,26.3
1773674083,pure-ftpd,chatafl_opt,1,l_abs,1705
1773674083,pure-ftpd,chatafl_opt,1,b_per,19.0
1773674083,pure-ftpd,chatafl_opt,1,b_abs,892
1773674083,pure-ftpd,chatafl_opt,1,l_per,26.3
1773674083,pure-ftpd,chatafl_opt,1,l_abs,1705
1773674083,pure-ftpd,chatafl_opt,1,b_per,19.0
1773674083,pure-ftpd,chatafl_opt,1,b_abs,892
1773674084,pure-ftpd,chatafl_opt,1,l_per,26.3
1773674084,pure-ftpd,chatafl_opt,1,l_abs,1705
1773674084,pure-ftpd,chatafl_opt,1,b_per,19.0
1773674084,pure-ftpd,chatafl_opt,1,b_abs,892
1773674084,pure-ftpd,chatafl_opt,1,l_per,26.3
1773674084,pure-ftpd,chatafl_opt,1,l_abs,1705
1773674084,pure-ftpd,chatafl_opt,1,b_per,19.0
1773674084,pure-ftpd,chatafl_opt,1,b_abs,892
1773674085,pure-ftpd,chatafl_opt,1,l_per,26.3
1773674085,pure-ftpd,chatafl_opt,1,l_abs,1705
1773674085,pure-ftpd,chatafl_opt,1,b_per,19.0
1773674085,pure-ftpd,chatafl_opt,1,b_abs,892
1773674085,pure-ftpd,chatafl_opt,1,l_per,26.3
1773674085,pure-ftpd,chatafl_opt,1,l_abs,1705
1773674085,pure-ftpd,chatafl_opt,1,b_per,19.0
1773674085,pure-ftpd,chatafl_opt,1,b_abs,892
1773674087,pure-ftpd,chatafl_opt,1,l_per,26.3
1773674087,pure-ftpd,chatafl_opt,1,l_abs,1705
1773674087,pure-ftpd,chatafl_opt,1,b_per,19.0
1773674087,pure-ftpd,chatafl_opt,1,b_abs,893
1773674088,pure-ftpd,chatafl_opt,1,l_per,26.3
1773674088,pure-ftpd,chatafl_opt,1,l_abs,1705
1773674088,pure-ftpd,chatafl_opt,1,b_per,19.0
1773674088,pure-ftpd,chatafl_opt,1,b_abs,893
1773674088,pure-ftpd,chatafl_opt,1,l_per,26.3
1773674088,pure-ftpd,chatafl_opt,1,l_abs,1705
1773674088,pure-ftpd,chatafl_opt,1,b_per,19.0
1773674088,pure-ftpd,chatafl_opt,1,b_abs,893
1773674089,pure-ftpd,chatafl_opt,1,l_per,26.3
1773674089,pure-ftpd,chatafl_opt,1,l_abs,1705
1773674089,pure-ftpd,chatafl_opt,1,b_per,19.0
1773674089,pure-ftpd,chatafl_opt,1,b_abs,893
1773674089,pure-ftpd,chatafl_opt,1,l_per,26.3
1773674089,pure-ftpd,chatafl_opt,1,l_abs,1705
1773674089,pure-ftpd,chatafl_opt,1,b_per,19.0
1773674089,pure-ftpd,chatafl_opt,1,b_abs,893
1773674090,pure-ftpd,chatafl_opt,1,l_per,26.3
1773674090,pure-ftpd,chatafl_opt,1,l_abs,1705
1773674090,pure-ftpd,chatafl_opt,1,b_per,19.0
1773674090,pure-ftpd,chatafl_opt,1,b_abs,893
1773674090,pure-ftpd,chatafl_opt,1,l_per,26.3
1773674090,pure-ftpd,chatafl_opt,1,l_abs,1705
1773674090,pure-ftpd,chatafl_opt,1,b_per,19.0
1773674090,pure-ftpd,chatafl_opt,1,b_abs,893
1773674091,pure-ftpd,chatafl_opt,1,l_per,26.3
1773674091,pure-ftpd,chatafl_opt,1,l_abs,1705
1773674091,pure-ftpd,chatafl_opt,1,b_per,19.0
1773674091,pure-ftpd,chatafl_opt,1,b_abs,893
1773674091,pure-ftpd,chatafl_opt,1,l_per,26.3
1773674091,pure-ftpd,chatafl_opt,1,l_abs,1705
1773674091,pure-ftpd,chatafl_opt,1,b_per,19.0
1773674091,pure-ftpd,chatafl_opt,1,b_abs,893
1773674093,pure-ftpd,chatafl_opt,1,l_per,26.3
1773674093,pure-ftpd,chatafl_opt,1,l_abs,1705
1773674093,pure-ftpd,chatafl_opt,1,b_per,19.0
1773674093,pure-ftpd,chatafl_opt,1,b_abs,893
1773674094,pure-ftpd,chatafl_opt,1,l_per,26.3
1773674094,pure-ftpd,chatafl_opt,1,l_abs,1705
1773674094,pure-ftpd,chatafl_opt,1,b_per,19.0
1773674094,pure-ftpd,chatafl_opt,1,b_abs,893
1773674094,pure-ftpd,chatafl_opt,1,l_per,26.3
1773674094,pure-ftpd,chatafl_opt,1,l_abs,1705
1773674094,pure-ftpd,chatafl_opt,1,b_per,19.0
1773674094,pure-ftpd,chatafl_opt,1,b_abs,893
1773674097,pure-ftpd,chatafl_opt,1,l_per,26.3
1773674097,pure-ftpd,chatafl_opt,1,l_abs,1705
1773674097,pure-ftpd,chatafl_opt,1,b_per,19.0
1773674097,pure-ftpd,chatafl_opt,1,b_abs,893
1773674097,pure-ftpd,chatafl_opt,1,l_per,26.3
1773674097,pure-ftpd,chatafl_opt,1,l_abs,1705
1773674097,pure-ftpd,chatafl_opt,1,b_per,19.0
1773674097,pure-ftpd,chatafl_opt,1,b_abs,893
1773674098,pure-ftpd,chatafl_opt,1,l_per,26.3
1773674098,pure-ftpd,chatafl_opt,1,l_abs,1705
1773674098,pure-ftpd,chatafl_opt,1,b_per,19.0
1773674098,pure-ftpd,chatafl_opt,1,b_abs,893
1773674098,pure-ftpd,chatafl_opt,1,l_per,26.3
1773674098,pure-ftpd,chatafl_opt,1,l_abs,1705
1773674098,pure-ftpd,chatafl_opt,1,b_per,19.0
1773674098,pure-ftpd,chatafl_opt,1,b_abs,893
1773674099,pure-ftpd,chatafl_opt,1,l_per,26.3
1773674099,pure-ftpd,chatafl_opt,1,l_abs,1705
1773674099,pure-ftpd,chatafl_opt,1,b_per,19.0
1773674099,pure-ftpd,chatafl_opt,1,b_abs,893
1773674099,pure-ftpd,chatafl_opt,1,l_per,26.3
1773674099,pure-ftpd,chatafl_opt,1,l_abs,1705
1773674099,pure-ftpd,chatafl_opt,1,b_per,19.0
1773674099,pure-ftpd,chatafl_opt,1,b_abs,893
1773674100,pure-ftpd,chatafl_opt,1,l_per,26.3
1773674100,pure-ftpd,chatafl_opt,1,l_abs,1706
1773674100,pure-ftpd,chatafl_opt,1,b_per,19.0
1773674100,pure-ftpd,chatafl_opt,1,b_abs,894
1773674103,pure-ftpd,chatafl_opt,1,l_per,26.3
1773674103,pure-ftpd,chatafl_opt,1,l_abs,1706
1773674103,pure-ftpd,chatafl_opt,1,b_per,19.0
1773674103,pure-ftpd,chatafl_opt,1,b_abs,894
1773674103,pure-ftpd,chatafl_opt,1,l_per,26.3
1773674103,pure-ftpd,chatafl_opt,1,l_abs,1706
1773674103,pure-ftpd,chatafl_opt,1,b_per,19.0
1773674103,pure-ftpd,chatafl_opt,1,b_abs,894
1773674104,pure-ftpd,chatafl_opt,1,l_per,26.3
1773674104,pure-ftpd,chatafl_opt,1,l_abs,1706
1773674104,pure-ftpd,chatafl_opt,1,b_per,19.0
1773674104,pure-ftpd,chatafl_opt,1,b_abs,894
1773674104,pure-ftpd,chatafl_opt,1,l_per,26.3
1773674104,pure-ftpd,chatafl_opt,1,l_abs,1706
1773674104,pure-ftpd,chatafl_opt,1,b_per,19.0
1773674104,pure-ftpd,chatafl_opt,1,b_abs,894
1773674106,pure-ftpd,chatafl_opt,1,l_per,26.4
1773674106,pure-ftpd,chatafl_opt,1,l_abs,1711
1773674106,pure-ftpd,chatafl_opt,1,b_per,19.0
1773674106,pure-ftpd,chatafl_opt,1,b_abs,896
1773674106,pure-ftpd,chatafl_opt,1,l_per,26.4
1773674106,pure-ftpd,chatafl_opt,1,l_abs,1711
1773674106,pure-ftpd,chatafl_opt,1,b_per,19.0
1773674106,pure-ftpd,chatafl_opt,1,b_abs,896
1773674107,pure-ftpd,chatafl_opt,1,l_per,26.4
1773674107,pure-ftpd,chatafl_opt,1,l_abs,1711
1773674107,pure-ftpd,chatafl_opt,1,b_per,19.0
1773674107,pure-ftpd,chatafl_opt,1,b_abs,896
1773674107,pure-ftpd,chatafl_opt,1,l_per,26.4
1773674107,pure-ftpd,chatafl_opt,1,l_abs,1711
1773674107,pure-ftpd,chatafl_opt,1,b_per,19.0
1773674107,pure-ftpd,chatafl_opt,1,b_abs,896
1773674108,pure-ftpd,chatafl_opt,1,l_per,26.4
1773674108,pure-ftpd,chatafl_opt,1,l_abs,1711
1773674108,pure-ftpd,chatafl_opt,1,b_per,19.0
1773674108,pure-ftpd,chatafl_opt,1,b_abs,896
1773674108,pure-ftpd,chatafl_opt,1,l_per,26.4
1773674108,pure-ftpd,chatafl_opt,1,l_abs,1711
1773674108,pure-ftpd,chatafl_opt,1,b_per,19.0
1773674108,pure-ftpd,chatafl_opt,1,b_abs,896
1773674109,pure-ftpd,chatafl_opt,1,l_per,26.4
1773674109,pure-ftpd,chatafl_opt,1,l_abs,1711
1773674109,pure-ftpd,chatafl_opt,1,b_per,19.0
1773674109,pure-ftpd,chatafl_opt,1,b_abs,896
1773674110,pure-ftpd,chatafl_opt,1,l_per,26.4
1773674110,pure-ftpd,chatafl_opt,1,l_abs,1711
1773674110,pure-ftpd,chatafl_opt,1,b_per,19.1
1773674110,pure-ftpd,chatafl_opt,1,b_abs,897
1773674110,pure-ftpd,chatafl_opt,1,l_per,26.4
1773674110,pure-ftpd,chatafl_opt,1,l_abs,1711
1773674110,pure-ftpd,chatafl_opt,1,b_per,19.1
1773674110,pure-ftpd,chatafl_opt,1,b_abs,897
1773674111,pure-ftpd,chatafl_opt,1,l_per,26.4
1773674111,pure-ftpd,chatafl_opt,1,l_abs,1711
1773674111,pure-ftpd,chatafl_opt,1,b_per,19.1
1773674111,pure-ftpd,chatafl_opt,1,b_abs,897
1773674111,pure-ftpd,chatafl_opt,1,l_per,26.4
1773674111,pure-ftpd,chatafl_opt,1,l_abs,1711
1773674111,pure-ftpd,chatafl_opt,1,b_per,19.1
1773674111,pure-ftpd,chatafl_opt,1,b_abs,897
1773674112,pure-ftpd,chatafl_opt,1,l_per,26.4
1773674112,pure-ftpd,chatafl_opt,1,l_abs,1711
1773674112,pure-ftpd,chatafl_opt,1,b_per,19.1
1773674112,pure-ftpd,chatafl_opt,1,b_abs,897
1773674112,pure-ftpd,chatafl_opt,1,l_per,26.4
1773674112,pure-ftpd,chatafl_opt,1,l_abs,1711
1773674112,pure-ftpd,chatafl_opt,1,b_per,19.1
1773674112,pure-ftpd,chatafl_opt,1,b_abs,897
1773674113,pure-ftpd,chatafl_opt,1,l_per,26.4
1773674113,pure-ftpd,chatafl_opt,1,l_abs,1711
1773674113,pure-ftpd,chatafl_opt,1,b_per,19.1
1773674113,pure-ftpd,chatafl_opt,1,b_abs,897
1773674113,pure-ftpd,chatafl_opt,1,l_per,26.4
1773674113,pure-ftpd,chatafl_opt,1,l_abs,1711
1773674113,pure-ftpd,chatafl_opt,1,b_per,19.1
1773674113,pure-ftpd,chatafl_opt,1,b_abs,897
1773674114,pure-ftpd,chatafl_opt,1,l_per,26.4
1773674114,pure-ftpd,chatafl_opt,1,l_abs,1711
1773674114,pure-ftpd,chatafl_opt,1,b_per,19.1
1773674114,pure-ftpd,chatafl_opt,1,b_abs,897
1773674114,pure-ftpd,chatafl_opt,1,l_per,26.4
1773674114,pure-ftpd,chatafl_opt,1,l_abs,1711
1773674114,pure-ftpd,chatafl_opt,1,b_per,19.1
1773674114,pure-ftpd,chatafl_opt,1,b_abs,897
1773674115,pure-ftpd,chatafl_opt,1,l_per,26.4
1773674115,pure-ftpd,chatafl_opt,1,l_abs,1711
1773674115,pure-ftpd,chatafl_opt,1,b_per,19.1
1773674115,pure-ftpd,chatafl_opt,1,b_abs,897
1773674115,pure-ftpd,chatafl_opt,1,l_per,26.4
1773674115,pure-ftpd,chatafl_opt,1,l_abs,1711
1773674115,pure-ftpd,chatafl_opt,1,b_per,19.1
1773674115,pure-ftpd,chatafl_opt,1,b_abs,897
1773674116,pure-ftpd,chatafl_opt,1,l_per,26.4
1773674116,pure-ftpd,chatafl_opt,1,l_abs,1711
1773674116,pure-ftpd,chatafl_opt,1,b_per,19.1
1773674116,pure-ftpd,chatafl_opt,1,b_abs,897
1773674116,pure-ftpd,chatafl_opt,1,l_per,26.4
1773674116,pure-ftpd,chatafl_opt,1,l_abs,1711
1773674116,pure-ftpd,chatafl_opt,1,b_per,19.1
1773674116,pure-ftpd,chatafl_opt,1,b_abs,897
1773674118,pure-ftpd,chatafl_opt,1,l_per,26.4
1773674118,pure-ftpd,chatafl_opt,1,l_abs,1711
1773674118,pure-ftpd,chatafl_opt,1,b_per,19.1
1773674118,pure-ftpd,chatafl_opt,1,b_abs,897
1773674118,pure-ftpd,chatafl_opt,1,l_per,26.4
1773674118,pure-ftpd,chatafl_opt,1,l_abs,1711
1773674118,pure-ftpd,chatafl_opt,1,b_per,19.1
1773674118,pure-ftpd,chatafl_opt,1,b_abs,897
1773674119,pure-ftpd,chatafl_opt,1,l_per,26.4
1773674119,pure-ftpd,chatafl_opt,1,l_abs,1711
1773674119,pure-ftpd,chatafl_opt,1,b_per,19.1
1773674119,pure-ftpd,chatafl_opt,1,b_abs,897
1773674120,pure-ftpd,chatafl_opt,1,l_per,26.4
1773674120,pure-ftpd,chatafl_opt,1,l_abs,1711
1773674120,pure-ftpd,chatafl_opt,1,b_per,19.1
1773674120,pure-ftpd,chatafl_opt,1,b_abs,897
1773674122,pure-ftpd,chatafl_opt,1,l_per,26.4
1773674122,pure-ftpd,chatafl_opt,1,l_abs,1711
1773674122,pure-ftpd,chatafl_opt,1,b_per,19.1
1773674122,pure-ftpd,chatafl_opt,1,b_abs,897
1773674123,pure-ftpd,chatafl_opt,1,l_per,26.4
1773674123,pure-ftpd,chatafl_opt,1,l_abs,1711
1773674123,pure-ftpd,chatafl_opt,1,b_per,19.1
1773674123,pure-ftpd,chatafl_opt,1,b_abs,897
1773674123,pure-ftpd,chatafl_opt,1,l_per,26.4
1773674123,pure-ftpd,chatafl_opt,1,l_abs,1711
1773674123,pure-ftpd,chatafl_opt,1,b_per,19.1
1773674123,pure-ftpd,chatafl_opt,1,b_abs,897
1773674124,pure-ftpd,chatafl_opt,1,l_per,26.4
1773674124,pure-ftpd,chatafl_opt,1,l_abs,1711
1773674124,pure-ftpd,chatafl_opt,1,b_per,19.1
1773674124,pure-ftpd,chatafl_opt,1,b_abs,897
1773674125,pure-ftpd,chatafl_opt,1,l_per,26.4
1773674125,pure-ftpd,chatafl_opt,1,l_abs,1711
1773674125,pure-ftpd,chatafl_opt,1,b_per,19.1
1773674125,pure-ftpd,chatafl_opt,1,b_abs,897
1773674125,pure-ftpd,chatafl_opt,1,l_per,26.4
1773674125,pure-ftpd,chatafl_opt,1,l_abs,1711
1773674125,pure-ftpd,chatafl_opt,1,b_per,19.1
1773674125,pure-ftpd,chatafl_opt,1,b_abs,897
1773674126,pure-ftpd,chatafl_opt,1,l_per,26.4
1773674126,pure-ftpd,chatafl_opt,1,l_abs,1713
1773674126,pure-ftpd,chatafl_opt,1,b_per,19.1
1773674126,pure-ftpd,chatafl_opt,1,b_abs,898
1773674126,pure-ftpd,chatafl_opt,1,l_per,26.4
1773674126,pure-ftpd,chatafl_opt,1,l_abs,1713
1773674126,pure-ftpd,chatafl_opt,1,b_per,19.1
1773674126,pure-ftpd,chatafl_opt,1,b_abs,898
1773674127,pure-ftpd,chatafl_opt,1,l_per,26.4
1773674127,pure-ftpd,chatafl_opt,1,l_abs,1713
1773674127,pure-ftpd,chatafl_opt,1,b_per,19.1
1773674127,pure-ftpd,chatafl_opt,1,b_abs,898
1773674127,pure-ftpd,chatafl_opt,1,l_per,26.4
1773674127,pure-ftpd,chatafl_opt,1,l_abs,1713
1773674127,pure-ftpd,chatafl_opt,1,b_per,19.1
1773674127,pure-ftpd,chatafl_opt,1,b_abs,898
1773674127,pure-ftpd,chatafl_opt,1,l_per,26.4
1773674127,pure-ftpd,chatafl_opt,1,l_abs,1713
1773674127,pure-ftpd,chatafl_opt,1,b_per,19.1
1773674127,pure-ftpd,chatafl_opt,1,b_abs,898
1773674128,pure-ftpd,chatafl_opt,1,l_per,26.4
1773674128,pure-ftpd,chatafl_opt,1,l_abs,1713
1773674128,pure-ftpd,chatafl_opt,1,b_per,19.1
1773674128,pure-ftpd,chatafl_opt,1,b_abs,898
1773674128,pure-ftpd,chatafl_opt,1,l_per,26.4
1773674128,pure-ftpd,chatafl_opt,1,l_abs,1713
1773674128,pure-ftpd,chatafl_opt,1,b_per,19.1
1773674128,pure-ftpd,chatafl_opt,1,b_abs,898
1773674129,pure-ftpd,chatafl_opt,1,l_per,26.4
1773674129,pure-ftpd,chatafl_opt,1,l_abs,1713
1773674129,pure-ftpd,chatafl_opt,1,b_per,19.1
1773674129,pure-ftpd,chatafl_opt,1,b_abs,898
1773674129,pure-ftpd,chatafl_opt,1,l_per,26.4
1773674129,pure-ftpd,chatafl_opt,1,l_abs,1713
1773674129,pure-ftpd,chatafl_opt,1,b_per,19.1
1773674129,pure-ftpd,chatafl_opt,1,b_abs,898
1773674130,pure-ftpd,chatafl_opt,1,l_per,26.4
1773674130,pure-ftpd,chatafl_opt,1,l_abs,1713
1773674130,pure-ftpd,chatafl_opt,1,b_per,19.1
1773674130,pure-ftpd,chatafl_opt,1,b_abs,898
1773674130,pure-ftpd,chatafl_opt,1,l_per,26.4
1773674130,pure-ftpd,chatafl_opt,1,l_abs,1713
1773674130,pure-ftpd,chatafl_opt,1,b_per,19.1
1773674130,pure-ftpd,chatafl_opt,1,b_abs,898
1773674131,pure-ftpd,chatafl_opt,1,l_per,26.5
1773674131,pure-ftpd,chatafl_opt,1,l_abs,1718
1773674131,pure-ftpd,chatafl_opt,1,b_per,19.1
1773674131,pure-ftpd,chatafl_opt,1,b_abs,901
1773674131,pure-ftpd,chatafl_opt,1,l_per,26.5
1773674131,pure-ftpd,chatafl_opt,1,l_abs,1718
1773674131,pure-ftpd,chatafl_opt,1,b_per,19.1
1773674131,pure-ftpd,chatafl_opt,1,b_abs,901
1773674132,pure-ftpd,chatafl_opt,1,l_per,26.5
1773674132,pure-ftpd,chatafl_opt,1,l_abs,1718
1773674132,pure-ftpd,chatafl_opt,1,b_per,19.1
1773674132,pure-ftpd,chatafl_opt,1,b_abs,901
1773674132,pure-ftpd,chatafl_opt,1,l_per,26.5
1773674132,pure-ftpd,chatafl_opt,1,l_abs,1719
1773674132,pure-ftpd,chatafl_opt,1,b_per,19.2
1773674132,pure-ftpd,chatafl_opt,1,b_abs,902
1773674134,pure-ftpd,chatafl_opt,1,l_per,26.5
1773674134,pure-ftpd,chatafl_opt,1,l_abs,1719
1773674134,pure-ftpd,chatafl_opt,1,b_per,19.2
1773674134,pure-ftpd,chatafl_opt,1,b_abs,902
1773674137,pure-ftpd,chatafl_opt,1,l_per,26.5
1773674137,pure-ftpd,chatafl_opt,1,l_abs,1719
1773674137,pure-ftpd,chatafl_opt,1,b_per,19.2
1773674137,pure-ftpd,chatafl_opt,1,b_abs,902
1773674137,pure-ftpd,chatafl_opt,1,l_per,26.5
1773674137,pure-ftpd,chatafl_opt,1,l_abs,1719
1773674137,pure-ftpd,chatafl_opt,1,b_per,19.2
1773674137,pure-ftpd,chatafl_opt,1,b_abs,902
1773674138,pure-ftpd,chatafl_opt,1,l_per,26.5
1773674138,pure-ftpd,chatafl_opt,1,l_abs,1719
1773674138,pure-ftpd,chatafl_opt,1,b_per,19.2
1773674138,pure-ftpd,chatafl_opt,1,b_abs,902
1773674138,pure-ftpd,chatafl_opt,1,l_per,26.5
1773674138,pure-ftpd,chatafl_opt,1,l_abs,1719
1773674138,pure-ftpd,chatafl_opt,1,b_per,19.2
1773674138,pure-ftpd,chatafl_opt,1,b_abs,902
1773674139,pure-ftpd,chatafl_opt,1,l_per,26.5
1773674139,pure-ftpd,chatafl_opt,1,l_abs,1719
1773674139,pure-ftpd,chatafl_opt,1,b_per,19.2
1773674139,pure-ftpd,chatafl_opt,1,b_abs,902
1773674139,pure-ftpd,chatafl_opt,1,l_per,26.5
1773674139,pure-ftpd,chatafl_opt,1,l_abs,1719
1773674139,pure-ftpd,chatafl_opt,1,b_per,19.2
1773674139,pure-ftpd,chatafl_opt,1,b_abs,902
1773674139,pure-ftpd,chatafl_opt,1,l_per,26.5
1773674139,pure-ftpd,chatafl_opt,1,l_abs,1719
1773674139,pure-ftpd,chatafl_opt,1,b_per,19.2
1773674139,pure-ftpd,chatafl_opt,1,b_abs,902
1773674140,pure-ftpd,chatafl_opt,1,l_per,26.5
1773674140,pure-ftpd,chatafl_opt,1,l_abs,1719
1773674140,pure-ftpd,chatafl_opt,1,b_per,19.2
1773674140,pure-ftpd,chatafl_opt,1,b_abs,902
1773674140,pure-ftpd,chatafl_opt,1,l_per,26.6
1773674140,pure-ftpd,chatafl_opt,1,l_abs,1726
1773674140,pure-ftpd,chatafl_opt,1,b_per,19.4
1773674140,pure-ftpd,chatafl_opt,1,b_abs,912
1773674141,pure-ftpd,chatafl_opt,1,l_per,26.6
1773674141,pure-ftpd,chatafl_opt,1,l_abs,1726
1773674141,pure-ftpd,chatafl_opt,1,b_per,19.4
1773674141,pure-ftpd,chatafl_opt,1,b_abs,912
1773674141,pure-ftpd,chatafl_opt,1,l_per,26.6
1773674141,pure-ftpd,chatafl_opt,1,l_abs,1726
1773674141,pure-ftpd,chatafl_opt,1,b_per,19.4
1773674141,pure-ftpd,chatafl_opt,1,b_abs,912
1773674142,pure-ftpd,chatafl_opt,1,l_per,26.6
1773674142,pure-ftpd,chatafl_opt,1,l_abs,1726
1773674142,pure-ftpd,chatafl_opt,1,b_per,19.4
1773674142,pure-ftpd,chatafl_opt,1,b_abs,912
1773674142,pure-ftpd,chatafl_opt,1,l_per,26.6
1773674142,pure-ftpd,chatafl_opt,1,l_abs,1726
1773674142,pure-ftpd,chatafl_opt,1,b_per,19.4
1773674142,pure-ftpd,chatafl_opt,1,b_abs,912
1773674143,pure-ftpd,chatafl_opt,1,l_per,26.6
1773674143,pure-ftpd,chatafl_opt,1,l_abs,1726
1773674143,pure-ftpd,chatafl_opt,1,b_per,19.4
1773674143,pure-ftpd,chatafl_opt,1,b_abs,912
1773674143,pure-ftpd,chatafl_opt,1,l_per,26.6
1773674143,pure-ftpd,chatafl_opt,1,l_abs,1726
1773674143,pure-ftpd,chatafl_opt,1,b_per,19.4
1773674143,pure-ftpd,chatafl_opt,1,b_abs,912
1773674144,pure-ftpd,chatafl_opt,1,l_per,26.6
1773674144,pure-ftpd,chatafl_opt,1,l_abs,1726
1773674144,pure-ftpd,chatafl_opt,1,b_per,19.4
1773674144,pure-ftpd,chatafl_opt,1,b_abs,912
1773674144,pure-ftpd,chatafl_opt,1,l_per,26.6
1773674144,pure-ftpd,chatafl_opt,1,l_abs,1726
1773674144,pure-ftpd,chatafl_opt,1,b_per,19.4
1773674144,pure-ftpd,chatafl_opt,1,b_abs,912
1773674145,pure-ftpd,chatafl_opt,1,l_per,26.6
1773674145,pure-ftpd,chatafl_opt,1,l_abs,1726
1773674145,pure-ftpd,chatafl_opt,1,b_per,19.4
1773674145,pure-ftpd,chatafl_opt,1,b_abs,912
1773674146,pure-ftpd,chatafl_opt,1,l_per,26.6
1773674146,pure-ftpd,chatafl_opt,1,l_abs,1726
1773674146,pure-ftpd,chatafl_opt,1,b_per,19.4
1773674146,pure-ftpd,chatafl_opt,1,b_abs,912
1773674146,pure-ftpd,chatafl_opt,1,l_per,26.6
1773674146,pure-ftpd,chatafl_opt,1,l_abs,1726
1773674146,pure-ftpd,chatafl_opt,1,b_per,19.4
1773674146,pure-ftpd,chatafl_opt,1,b_abs,912
1773674147,pure-ftpd,chatafl_opt,1,l_per,26.6
1773674147,pure-ftpd,chatafl_opt,1,l_abs,1726
1773674147,pure-ftpd,chatafl_opt,1,b_per,19.4
1773674147,pure-ftpd,chatafl_opt,1,b_abs,912
1773674147,pure-ftpd,chatafl_opt,1,l_per,26.6
1773674147,pure-ftpd,chatafl_opt,1,l_abs,1726
1773674147,pure-ftpd,chatafl_opt,1,b_per,19.4
1773674147,pure-ftpd,chatafl_opt,1,b_abs,912
1773674147,pure-ftpd,chatafl_opt,1,l_per,26.6
1773674147,pure-ftpd,chatafl_opt,1,l_abs,1726
1773674147,pure-ftpd,chatafl_opt,1,b_per,19.4
1773674147,pure-ftpd,chatafl_opt,1,b_abs,912
1773674148,pure-ftpd,chatafl_opt,1,l_per,26.6
1773674148,pure-ftpd,chatafl_opt,1,l_abs,1726
1773674148,pure-ftpd,chatafl_opt,1,b_per,19.4
1773674148,pure-ftpd,chatafl_opt,1,b_abs,912
1773674149,pure-ftpd,chatafl_opt,1,l_per,26.6
1773674149,pure-ftpd,chatafl_opt,1,l_abs,1726
1773674149,pure-ftpd,chatafl_opt,1,b_per,19.4
1773674149,pure-ftpd,chatafl_opt,1,b_abs,912
1773674149,pure-ftpd,chatafl_opt,1,l_per,26.6
1773674149,pure-ftpd,chatafl_opt,1,l_abs,1726
1773674149,pure-ftpd,chatafl_opt,1,b_per,19.4
1773674149,pure-ftpd,chatafl_opt,1,b_abs,912
1773674150,pure-ftpd,chatafl_opt,1,l_per,26.6
1773674150,pure-ftpd,chatafl_opt,1,l_abs,1726
1773674150,pure-ftpd,chatafl_opt,1,b_per,19.4
1773674150,pure-ftpd,chatafl_opt,1,b_abs,912
1773674150,pure-ftpd,chatafl_opt,1,l_per,26.6
1773674150,pure-ftpd,chatafl_opt,1,l_abs,1726
1773674150,pure-ftpd,chatafl_opt,1,b_per,19.4
1773674150,pure-ftpd,chatafl_opt,1,b_abs,912
1773674151,pure-ftpd,chatafl_opt,1,l_per,26.6
1773674151,pure-ftpd,chatafl_opt,1,l_abs,1726
1773674151,pure-ftpd,chatafl_opt,1,b_per,19.4
1773674151,pure-ftpd,chatafl_opt,1,b_abs,912
1773674151,pure-ftpd,chatafl_opt,1,l_per,26.6
1773674151,pure-ftpd,chatafl_opt,1,l_abs,1726
1773674151,pure-ftpd,chatafl_opt,1,b_per,19.4
1773674151,pure-ftpd,chatafl_opt,1,b_abs,912
1773674152,pure-ftpd,chatafl_opt,1,l_per,26.6
1773674152,pure-ftpd,chatafl_opt,1,l_abs,1726
1773674152,pure-ftpd,chatafl_opt,1,b_per,19.4
1773674152,pure-ftpd,chatafl_opt,1,b_abs,912
1773674152,pure-ftpd,chatafl_opt,1,l_per,26.6
1773674152,pure-ftpd,chatafl_opt,1,l_abs,1726
1773674152,pure-ftpd,chatafl_opt,1,b_per,19.4
1773674152,pure-ftpd,chatafl_opt,1,b_abs,912
1773674153,pure-ftpd,chatafl_opt,1,l_per,26.6
1773674153,pure-ftpd,chatafl_opt,1,l_abs,1726
1773674153,pure-ftpd,chatafl_opt,1,b_per,19.4
1773674153,pure-ftpd,chatafl_opt,1,b_abs,912
1773674153,pure-ftpd,chatafl_opt,1,l_per,26.6
1773674153,pure-ftpd,chatafl_opt,1,l_abs,1726
1773674153,pure-ftpd,chatafl_opt,1,b_per,19.4
1773674153,pure-ftpd,chatafl_opt,1,b_abs,912
1773674154,pure-ftpd,chatafl_opt,1,l_per,26.6
1773674154,pure-ftpd,chatafl_opt,1,l_abs,1726
1773674154,pure-ftpd,chatafl_opt,1,b_per,19.4
1773674154,pure-ftpd,chatafl_opt,1,b_abs,912
1773674154,pure-ftpd,chatafl_opt,1,l_per,26.6
1773674154,pure-ftpd,chatafl_opt,1,l_abs,1726
1773674154,pure-ftpd,chatafl_opt,1,b_per,19.4
1773674154,pure-ftpd,chatafl_opt,1,b_abs,912
1773674155,pure-ftpd,chatafl_opt,1,l_per,26.6
1773674155,pure-ftpd,chatafl_opt,1,l_abs,1726
1773674155,pure-ftpd,chatafl_opt,1,b_per,19.4
1773674155,pure-ftpd,chatafl_opt,1,b_abs,912
1773674156,pure-ftpd,chatafl_opt,1,l_per,26.6
1773674156,pure-ftpd,chatafl_opt,1,l_abs,1726
1773674156,pure-ftpd,chatafl_opt,1,b_per,19.4
1773674156,pure-ftpd,chatafl_opt,1,b_abs,912
1773674156,pure-ftpd,chatafl_opt,1,l_per,26.6
1773674156,pure-ftpd,chatafl_opt,1,l_abs,1726
1773674156,pure-ftpd,chatafl_opt,1,b_per,19.4
1773674156,pure-ftpd,chatafl_opt,1,b_abs,912
1773674157,pure-ftpd,chatafl_opt,1,l_per,26.6
1773674157,pure-ftpd,chatafl_opt,1,l_abs,1726
1773674157,pure-ftpd,chatafl_opt,1,b_per,19.4
1773674157,pure-ftpd,chatafl_opt,1,b_abs,912
1773674159,pure-ftpd,chatafl_opt,1,l_per,26.6
1773674159,pure-ftpd,chatafl_opt,1,l_abs,1726
1773674159,pure-ftpd,chatafl_opt,1,b_per,19.4
1773674159,pure-ftpd,chatafl_opt,1,b_abs,912
1773674159,pure-ftpd,chatafl_opt,1,l_per,26.6
1773674159,pure-ftpd,chatafl_opt,1,l_abs,1726
1773674159,pure-ftpd,chatafl_opt,1,b_per,19.4
1773674159,pure-ftpd,chatafl_opt,1,b_abs,912
1773674160,pure-ftpd,chatafl_opt,1,l_per,26.6
1773674160,pure-ftpd,chatafl_opt,1,l_abs,1726
1773674160,pure-ftpd,chatafl_opt,1,b_per,19.4
1773674160,pure-ftpd,chatafl_opt,1,b_abs,912
1773674069,pure-ftpd,chatafl_opt,1,l_per,26.6
1773674069,pure-ftpd,chatafl_opt,1,l_abs,1727
1773674069,pure-ftpd,chatafl_opt,1,b_per,19.4
1773674069,pure-ftpd,chatafl_opt,1,b_abs,914
1773674091,pure-ftpd,chatafl_opt,1,l_per,26.6
1773674091,pure-ftpd,chatafl_opt,1,l_abs,1728
1773674091,pure-ftpd,chatafl_opt,1,b_per,19.4
1773674091,pure-ftpd,chatafl_opt,1,b_abs,915
1773674122,pure-ftpd,chatafl_opt,1,l_per,26.6
1773674122,pure-ftpd,chatafl_opt,1,l_abs,1728
1773674122,pure-ftpd,chatafl_opt,1,b_per,19.4
1773674122,pure-ftpd,chatafl_opt,1,b_abs,915
1773674146,pure-ftpd,chatafl_opt,1,l_per,26.6
1773674146,pure-ftpd,chatafl_opt,1,l_abs,1728
1773674146,pure-ftpd,chatafl_opt,1,b_per,19.4
1773674146,pure-ftpd,chatafl_opt,1,b_abs,915
1773674181,pure-ftpd,chatafl_opt,1,l_per,26.9
1773674181,pure-ftpd,chatafl_opt,1,l_abs,1745
1773674181,pure-ftpd,chatafl_opt,1,b_per,19.7
1773674181,pure-ftpd,chatafl_opt,1,b_abs,929
1773674315,pure-ftpd,chatafl_opt,1,l_per,27.2
1773674315,pure-ftpd,chatafl_opt,1,l_abs,1764
1773674315,pure-ftpd,chatafl_opt,1,b_per,19.9
1773674315,pure-ftpd,chatafl_opt,1,b_abs,937
1773674590,pure-ftpd,chatafl_opt,1,l_per,27.7
1773674590,pure-ftpd,chatafl_opt,1,l_abs,1800
1773674590,pure-ftpd,chatafl_opt,1,b_per,20.5
1773674590,pure-ftpd,chatafl_opt,1,b_abs,964
1773674933,pure-ftpd,chatafl_opt,1,l_per,28.0
1773674933,pure-ftpd,chatafl_opt,1,l_abs,1821
1773674933,pure-ftpd,chatafl_opt,1,b_per,20.8
1773674933,pure-ftpd,chatafl_opt,1,b_abs,979
1773675277,pure-ftpd,chatafl_opt,1,l_per,28.3
1773675277,pure-ftpd,chatafl_opt,1,l_abs,1840
1773675277,pure-ftpd,chatafl_opt,1,b_per,21.1
1773675277,pure-ftpd,chatafl_opt,1,b_abs,993
1773675639,pure-ftpd,chatafl_opt,1,l_per,28.4
1773675639,pure-ftpd,chatafl_opt,1,l_abs,1846
1773675639,pure-ftpd,chatafl_opt,1,b_per,21.2
1773675639,pure-ftpd,chatafl_opt,1,b_abs,997
1773676028,pure-ftpd,chatafl_opt,1,l_per,28.8
1773676028,pure-ftpd,chatafl_opt,1,l_abs,1869
1773676028,pure-ftpd,chatafl_opt,1,b_per,21.6
1773676028,pure-ftpd,chatafl_opt,1,b_abs,1017
1773676478,pure-ftpd,chatafl_opt,1,l_per,28.9
1773676478,pure-ftpd,chatafl_opt,1,l_abs,1879
1773676478,pure-ftpd,chatafl_opt,1,b_per,21.8
1773676478,pure-ftpd,chatafl_opt,1,b_abs,1024
1773676918,pure-ftpd,chatafl_opt,1,l_per,30.4
1773676918,pure-ftpd,chatafl_opt,1,l_abs,1971
1773676918,pure-ftpd,chatafl_opt,1,b_per,22.8
1773676918,pure-ftpd,chatafl_opt,1,b_abs,1075
1773677309,pure-ftpd,chatafl_opt,1,l_per,30.4
1773677309,pure-ftpd,chatafl_opt,1,l_abs,1976
1773677309,pure-ftpd,chatafl_opt,1,b_per,23.0
1773677309,pure-ftpd,chatafl_opt,1,b_abs,1080
1773677931,pure-ftpd,chatafl_opt,1,l_per,30.4
1773677931,pure-ftpd,chatafl_opt,1,l_abs,1977
1773677931,pure-ftpd,chatafl_opt,1,b_per,23.1
1773677931,pure-ftpd,chatafl_opt,1,b_abs,1085
1773679008,pure-ftpd,chatafl_opt,1,l_per,30.8
1773679008,pure-ftpd,chatafl_opt,1,l_abs,2001
1773679008,pure-ftpd,chatafl_opt,1,b_per,23.4
1773679008,pure-ftpd,chatafl_opt,1,b_abs,1101
1773679990,pure-ftpd,chatafl_opt,1,l_per,31.0
1773679990,pure-ftpd,chatafl_opt,1,l_abs,2012
1773679990,pure-ftpd,chatafl_opt,1,b_per,23.6
1773679990,pure-ftpd,chatafl_opt,1,b_abs,1111
1773681301,pure-ftpd,chatafl_opt,1,l_per,31.5
1773681301,pure-ftpd,chatafl_opt,1,l_abs,2047
1773681301,pure-ftpd,chatafl_opt,1,b_per,24.1
1773681301,pure-ftpd,chatafl_opt,1,b_abs,1133
1773682377,pure-ftpd,chatafl_opt,1,l_per,31.6
1773682377,pure-ftpd,chatafl_opt,1,l_abs,2055
1773682377,pure-ftpd,chatafl_opt,1,b_per,24.3
1773682377,pure-ftpd,chatafl_opt,1,b_abs,1142
1773683040,pure-ftpd,chatafl_opt,1,l_per,32.8
1773683040,pure-ftpd,chatafl_opt,1,l_abs,2133
1773683040,pure-ftpd,chatafl_opt,1,b_per,25.6
1773683040,pure-ftpd,chatafl_opt,1,b_abs,1203
1773683923,pure-ftpd,chatafl_opt,1,l_per,33.0
1773683923,pure-ftpd,chatafl_opt,1,l_abs,2143
1773683923,pure-ftpd,chatafl_opt,1,b_per,25.8
1773683923,pure-ftpd,chatafl_opt,1,b_abs,1216
1773685220,pure-ftpd,chatafl_opt,1,l_per,33.2
1773685220,pure-ftpd,chatafl_opt,1,l_abs,2158
1773685220,pure-ftpd,chatafl_opt,1,b_per,26.1
1773685220,pure-ftpd,chatafl_opt,1,b_abs,1226
1773686885,pure-ftpd,chatafl_opt,1,l_per,33.3
1773686885,pure-ftpd,chatafl_opt,1,l_abs,2165
1773686885,pure-ftpd,chatafl_opt,1,b_per,26.1
1773686885,pure-ftpd,chatafl_opt,1,b_abs,1230
1773688544,pure-ftpd,chatafl_opt,1,l_per,33.3
1773688544,pure-ftpd,chatafl_opt,1,l_abs,2165
1773688544,pure-ftpd,chatafl_opt,1,b_per,26.1
1773688544,pure-ftpd,chatafl_opt,1,b_abs,1230
1773690083,pure-ftpd,chatafl_opt,1,l_per,33.7
1773690083,pure-ftpd,chatafl_opt,1,l_abs,2188
1773690083,pure-ftpd,chatafl_opt,1,b_per,26.6
1773690083,pure-ftpd,chatafl_opt,1,b_abs,1252
1773691933,pure-ftpd,chatafl_opt,1,l_per,33.7
1773691933,pure-ftpd,chatafl_opt,1,l_abs,2191
1773691933,pure-ftpd,chatafl_opt,1,b_per,26.7
1773691933,pure-ftpd,chatafl_opt,1,b_abs,1254
1773694377,pure-ftpd,chatafl_opt,1,l_per,33.7
1773694377,pure-ftpd,chatafl_opt,1,l_abs,2191
1773694377,pure-ftpd,chatafl_opt,1,b_per,26.7
1773694377,pure-ftpd,chatafl_opt,1,b_abs,1255
1773696765,pure-ftpd,chatafl_opt,1,l_per,33.7
1773696765,pure-ftpd,chatafl_opt,1,l_abs,2192
1773696765,pure-ftpd,chatafl_opt,1,b_per,26.7
1773696765,pure-ftpd,chatafl_opt,1,b_abs,1256
1773698872,pure-ftpd,chatafl_opt,1,l_per,33.7
1773698872,pure-ftpd,chatafl_opt,1,l_abs,2192
1773698872,pure-ftpd,chatafl_opt,1,b_per,26.7
1773698872,pure-ftpd,chatafl_opt,1,b_abs,1256
1773702569,pure-ftpd,chatafl_opt,1,l_per,33.7
1773702569,pure-ftpd,chatafl_opt,1,l_abs,2192
1773702569,pure-ftpd,chatafl_opt,1,b_per,26.7
1773702569,pure-ftpd,chatafl_opt,1,b_abs,1258
1773706165,pure-ftpd,chatafl_opt,1,l_per,33.9
1773706165,pure-ftpd,chatafl_opt,1,l_abs,2200
1773706165,pure-ftpd,chatafl_opt,1,b_per,26.9
1773706165,pure-ftpd,chatafl_opt,1,b_abs,1265
1773709425,pure-ftpd,chatafl_opt,1,l_per,34.0
1773709425,pure-ftpd,chatafl_opt,1,l_abs,2209
1773709425,pure-ftpd,chatafl_opt,1,b_per,27.1
1773709425,pure-ftpd,chatafl_opt,1,b_abs,1273
1773716235,pure-ftpd,chatafl_opt,1,l_per,34.0
1773716235,pure-ftpd,chatafl_opt,1,l_abs,2211
1773716235,pure-ftpd,chatafl_opt,1,b_per,27.2
1773716235,pure-ftpd,chatafl_opt,1,b_abs,1278
1773722843,pure-ftpd,chatafl_opt,1,l_per,34.1
1773722843,pure-ftpd,chatafl_opt,1,l_abs,2212
1773722843,pure-ftpd,chatafl_opt,1,b_per,27.2
1773722843,pure-ftpd,chatafl_opt,1,b_abs,1281
1773728588,pure-ftpd,chatafl_opt,1,l_per,34.1
1773728588,pure-ftpd,chatafl_opt,1,l_abs,2213
1773728588,pure-ftpd,chatafl_opt,1,b_per,27.3
1773728588,pure-ftpd,chatafl_opt,1,b_abs,1284
1773737627,pure-ftpd,chatafl_opt,1,l_per,34.1
1773737627,pure-ftpd,chatafl_opt,1,l_abs,2218
1773737627,pure-ftpd,chatafl_opt,1,b_per,27.4
1773737627,pure-ftpd,chatafl_opt,1,b_abs,1290
1773748065,pure-ftpd,chatafl_opt,1,l_per,34.2
1773748065,pure-ftpd,chatafl_opt,1,l_abs,2224
1773748065,pure-ftpd,chatafl_opt,1,b_per,27.6
1773748065,pure-ftpd,chatafl_opt,1,b_abs,1299
1773754519,pure-ftpd,chatafl_opt,1,l_per,34.3
1773754519,pure-ftpd,chatafl_opt,1,l_abs,2225
1773754519,pure-ftpd,chatafl_opt,1,b_per,27.7
1773754519,pure-ftpd,chatafl_opt,1,b_abs,1301
1773762550,pure-ftpd,chatafl_opt,1,l_per,34.6
1773762550,pure-ftpd,chatafl_opt,1,l_abs,2250
1773762550,pure-ftpd,chatafl_opt,1,b_per,28.1
1773762550,pure-ftpd,chatafl_opt,1,b_abs,1320
1773674042,pure-ftpd,chatafl_opt,2,l_per,13.9
1773674042,pure-ftpd,chatafl_opt,2,l_abs,903
1773674042,pure-ftpd,chatafl_opt,2,b_per,8.7
1773674042,pure-ftpd,chatafl_opt,2,b_abs,410
1773674043,pure-ftpd,chatafl_opt,2,l_per,16.2
1773674043,pure-ftpd,chatafl_opt,2,l_abs,1048
1773674043,pure-ftpd,chatafl_opt,2,b_per,10.7
1773674043,pure-ftpd,chatafl_opt,2,b_abs,503
1773674043,pure-ftpd,chatafl_opt,2,l_per,17.9
1773674043,pure-ftpd,chatafl_opt,2,l_abs,1163
1773674043,pure-ftpd,chatafl_opt,2,b_per,12.0
1773674043,pure-ftpd,chatafl_opt,2,b_abs,563
1773674045,pure-ftpd,chatafl_opt,2,l_per,18.4
1773674045,pure-ftpd,chatafl_opt,2,l_abs,1190
1773674045,pure-ftpd,chatafl_opt,2,b_per,12.4
1773674045,pure-ftpd,chatafl_opt,2,b_abs,582
1773674046,pure-ftpd,chatafl_opt,2,l_per,18.4
1773674046,pure-ftpd,chatafl_opt,2,l_abs,1191
1773674046,pure-ftpd,chatafl_opt,2,b_per,12.5
1773674046,pure-ftpd,chatafl_opt,2,b_abs,586
1773674047,pure-ftpd,chatafl_opt,2,l_per,18.6
1773674047,pure-ftpd,chatafl_opt,2,l_abs,1203
1773674047,pure-ftpd,chatafl_opt,2,b_per,12.6
1773674047,pure-ftpd,chatafl_opt,2,b_abs,591
1773674047,pure-ftpd,chatafl_opt,2,l_per,18.7
1773674047,pure-ftpd,chatafl_opt,2,l_abs,1214
1773674047,pure-ftpd,chatafl_opt,2,b_per,12.7
1773674047,pure-ftpd,chatafl_opt,2,b_abs,599
1773674049,pure-ftpd,chatafl_opt,2,l_per,18.7
1773674049,pure-ftpd,chatafl_opt,2,l_abs,1214
1773674049,pure-ftpd,chatafl_opt,2,b_per,12.7
1773674049,pure-ftpd,chatafl_opt,2,b_abs,599
1773674050,pure-ftpd,chatafl_opt,2,l_per,18.8
1773674050,pure-ftpd,chatafl_opt,2,l_abs,1216
1773674050,pure-ftpd,chatafl_opt,2,b_per,12.8
1773674050,pure-ftpd,chatafl_opt,2,b_abs,601
1773674050,pure-ftpd,chatafl_opt,2,l_per,18.8
1773674050,pure-ftpd,chatafl_opt,2,l_abs,1216
1773674050,pure-ftpd,chatafl_opt,2,b_per,12.8
1773674050,pure-ftpd,chatafl_opt,2,b_abs,601
1773674051,pure-ftpd,chatafl_opt,2,l_per,19.0
1773674051,pure-ftpd,chatafl_opt,2,l_abs,1235
1773674051,pure-ftpd,chatafl_opt,2,b_per,12.9
1773674051,pure-ftpd,chatafl_opt,2,b_abs,609
1773674053,pure-ftpd,chatafl_opt,2,l_per,19.0
1773674053,pure-ftpd,chatafl_opt,2,l_abs,1235
1773674053,pure-ftpd,chatafl_opt,2,b_per,12.9
1773674053,pure-ftpd,chatafl_opt,2,b_abs,609
1773674054,pure-ftpd,chatafl_opt,2,l_per,19.0
1773674054,pure-ftpd,chatafl_opt,2,l_abs,1235
1773674054,pure-ftpd,chatafl_opt,2,b_per,12.9
1773674054,pure-ftpd,chatafl_opt,2,b_abs,609
1773674055,pure-ftpd,chatafl_opt,2,l_per,19.0
1773674055,pure-ftpd,chatafl_opt,2,l_abs,1235
1773674055,pure-ftpd,chatafl_opt,2,b_per,12.9
1773674055,pure-ftpd,chatafl_opt,2,b_abs,609
1773674057,pure-ftpd,chatafl_opt,2,l_per,19.0
1773674057,pure-ftpd,chatafl_opt,2,l_abs,1235
1773674057,pure-ftpd,chatafl_opt,2,b_per,12.9
1773674057,pure-ftpd,chatafl_opt,2,b_abs,609
1773674059,pure-ftpd,chatafl_opt,2,l_per,19.0
1773674059,pure-ftpd,chatafl_opt,2,l_abs,1235
1773674059,pure-ftpd,chatafl_opt,2,b_per,12.9
1773674059,pure-ftpd,chatafl_opt,2,b_abs,609
1773674059,pure-ftpd,chatafl_opt,2,l_per,19.0
1773674059,pure-ftpd,chatafl_opt,2,l_abs,1235
1773674059,pure-ftpd,chatafl_opt,2,b_per,12.9
1773674059,pure-ftpd,chatafl_opt,2,b_abs,609
1773674062,pure-ftpd,chatafl_opt,2,l_per,19.0
1773674062,pure-ftpd,chatafl_opt,2,l_abs,1235
1773674062,pure-ftpd,chatafl_opt,2,b_per,12.9
1773674062,pure-ftpd,chatafl_opt,2,b_abs,609
1773674062,pure-ftpd,chatafl_opt,2,l_per,19.0
1773674062,pure-ftpd,chatafl_opt,2,l_abs,1235
1773674062,pure-ftpd,chatafl_opt,2,b_per,12.9
1773674062,pure-ftpd,chatafl_opt,2,b_abs,609
1773674063,pure-ftpd,chatafl_opt,2,l_per,19.8
1773674063,pure-ftpd,chatafl_opt,2,l_abs,1282
1773674063,pure-ftpd,chatafl_opt,2,b_per,13.7
1773674063,pure-ftpd,chatafl_opt,2,b_abs,646
1773674063,pure-ftpd,chatafl_opt,2,l_per,19.9
1773674063,pure-ftpd,chatafl_opt,2,l_abs,1288
1773674063,pure-ftpd,chatafl_opt,2,b_per,13.8
1773674063,pure-ftpd,chatafl_opt,2,b_abs,650
1773674064,pure-ftpd,chatafl_opt,2,l_per,19.9
1773674064,pure-ftpd,chatafl_opt,2,l_abs,1288
1773674064,pure-ftpd,chatafl_opt,2,b_per,13.8
1773674064,pure-ftpd,chatafl_opt,2,b_abs,650
1773674064,pure-ftpd,chatafl_opt,2,l_per,19.9
1773674064,pure-ftpd,chatafl_opt,2,l_abs,1289
1773674064,pure-ftpd,chatafl_opt,2,b_per,13.8
1773674064,pure-ftpd,chatafl_opt,2,b_abs,651
1773674064,pure-ftpd,chatafl_opt,2,l_per,19.9
1773674064,pure-ftpd,chatafl_opt,2,l_abs,1289
1773674064,pure-ftpd,chatafl_opt,2,b_per,13.8
1773674064,pure-ftpd,chatafl_opt,2,b_abs,651
1773674065,pure-ftpd,chatafl_opt,2,l_per,20.1
1773674065,pure-ftpd,chatafl_opt,2,l_abs,1301
1773674065,pure-ftpd,chatafl_opt,2,b_per,14.0
1773674065,pure-ftpd,chatafl_opt,2,b_abs,659
1773674065,pure-ftpd,chatafl_opt,2,l_per,20.1
1773674065,pure-ftpd,chatafl_opt,2,l_abs,1306
1773674065,pure-ftpd,chatafl_opt,2,b_per,14.2
1773674065,pure-ftpd,chatafl_opt,2,b_abs,667
1773674066,pure-ftpd,chatafl_opt,2,l_per,20.1
1773674066,pure-ftpd,chatafl_opt,2,l_abs,1306
1773674066,pure-ftpd,chatafl_opt,2,b_per,14.2
1773674066,pure-ftpd,chatafl_opt,2,b_abs,667
1773674068,pure-ftpd,chatafl_opt,2,l_per,20.1
1773674068,pure-ftpd,chatafl_opt,2,l_abs,1306
1773674068,pure-ftpd,chatafl_opt,2,b_per,14.2
1773674068,pure-ftpd,chatafl_opt,2,b_abs,667
1773674068,pure-ftpd,chatafl_opt,2,l_per,20.4
1773674068,pure-ftpd,chatafl_opt,2,l_abs,1326
1773674068,pure-ftpd,chatafl_opt,2,b_per,14.4
1773674068,pure-ftpd,chatafl_opt,2,b_abs,676
1773674068,pure-ftpd,chatafl_opt,2,l_per,20.4
1773674068,pure-ftpd,chatafl_opt,2,l_abs,1326
1773674068,pure-ftpd,chatafl_opt,2,b_per,14.4
1773674068,pure-ftpd,chatafl_opt,2,b_abs,676
1773674069,pure-ftpd,chatafl_opt,2,l_per,20.4
1773674069,pure-ftpd,chatafl_opt,2,l_abs,1326
1773674069,pure-ftpd,chatafl_opt,2,b_per,14.4
1773674069,pure-ftpd,chatafl_opt,2,b_abs,676
1773674071,pure-ftpd,chatafl_opt,2,l_per,20.4
1773674071,pure-ftpd,chatafl_opt,2,l_abs,1326
1773674071,pure-ftpd,chatafl_opt,2,b_per,14.4
1773674071,pure-ftpd,chatafl_opt,2,b_abs,676
1773674071,pure-ftpd,chatafl_opt,2,l_per,20.4
1773674071,pure-ftpd,chatafl_opt,2,l_abs,1326
1773674071,pure-ftpd,chatafl_opt,2,b_per,14.4
1773674071,pure-ftpd,chatafl_opt,2,b_abs,676
1773674072,pure-ftpd,chatafl_opt,2,l_per,20.4
1773674072,pure-ftpd,chatafl_opt,2,l_abs,1326
1773674072,pure-ftpd,chatafl_opt,2,b_per,14.4
1773674072,pure-ftpd,chatafl_opt,2,b_abs,676
1773674072,pure-ftpd,chatafl_opt,2,l_per,20.4
1773674072,pure-ftpd,chatafl_opt,2,l_abs,1326
1773674072,pure-ftpd,chatafl_opt,2,b_per,14.4
1773674072,pure-ftpd,chatafl_opt,2,b_abs,676
1773674074,pure-ftpd,chatafl_opt,2,l_per,21.1
1773674074,pure-ftpd,chatafl_opt,2,l_abs,1371
1773674074,pure-ftpd,chatafl_opt,2,b_per,14.7
1773674074,pure-ftpd,chatafl_opt,2,b_abs,690
1773674074,pure-ftpd,chatafl_opt,2,l_per,21.1
1773674074,pure-ftpd,chatafl_opt,2,l_abs,1371
1773674074,pure-ftpd,chatafl_opt,2,b_per,14.7
1773674074,pure-ftpd,chatafl_opt,2,b_abs,690
1773674075,pure-ftpd,chatafl_opt,2,l_per,21.1
1773674075,pure-ftpd,chatafl_opt,2,l_abs,1371
1773674075,pure-ftpd,chatafl_opt,2,b_per,14.7
1773674075,pure-ftpd,chatafl_opt,2,b_abs,690
1773674076,pure-ftpd,chatafl_opt,2,l_per,21.1
1773674076,pure-ftpd,chatafl_opt,2,l_abs,1371
1773674076,pure-ftpd,chatafl_opt,2,b_per,14.7
1773674076,pure-ftpd,chatafl_opt,2,b_abs,690
1773674076,pure-ftpd,chatafl_opt,2,l_per,21.1
1773674076,pure-ftpd,chatafl_opt,2,l_abs,1371
1773674076,pure-ftpd,chatafl_opt,2,b_per,14.7
1773674076,pure-ftpd,chatafl_opt,2,b_abs,690
1773674076,pure-ftpd,chatafl_opt,2,l_per,21.1
1773674076,pure-ftpd,chatafl_opt,2,l_abs,1371
1773674076,pure-ftpd,chatafl_opt,2,b_per,14.7
1773674076,pure-ftpd,chatafl_opt,2,b_abs,690
1773674077,pure-ftpd,chatafl_opt,2,l_per,21.1
1773674077,pure-ftpd,chatafl_opt,2,l_abs,1371
1773674077,pure-ftpd,chatafl_opt,2,b_per,14.7
1773674077,pure-ftpd,chatafl_opt,2,b_abs,691
1773674079,pure-ftpd,chatafl_opt,2,l_per,21.3
1773674079,pure-ftpd,chatafl_opt,2,l_abs,1385
1773674079,pure-ftpd,chatafl_opt,2,b_per,14.9
1773674079,pure-ftpd,chatafl_opt,2,b_abs,699
1773674079,pure-ftpd,chatafl_opt,2,l_per,21.3
1773674079,pure-ftpd,chatafl_opt,2,l_abs,1385
1773674079,pure-ftpd,chatafl_opt,2,b_per,14.9
1773674079,pure-ftpd,chatafl_opt,2,b_abs,699
1773674080,pure-ftpd,chatafl_opt,2,l_per,21.3
1773674080,pure-ftpd,chatafl_opt,2,l_abs,1385
1773674080,pure-ftpd,chatafl_opt,2,b_per,14.9
1773674080,pure-ftpd,chatafl_opt,2,b_abs,699
1773674080,pure-ftpd,chatafl_opt,2,l_per,21.3
1773674080,pure-ftpd,chatafl_opt,2,l_abs,1385
1773674080,pure-ftpd,chatafl_opt,2,b_per,14.9
1773674080,pure-ftpd,chatafl_opt,2,b_abs,699
1773674081,pure-ftpd,chatafl_opt,2,l_per,21.3
1773674081,pure-ftpd,chatafl_opt,2,l_abs,1385
1773674081,pure-ftpd,chatafl_opt,2,b_per,14.9
1773674081,pure-ftpd,chatafl_opt,2,b_abs,699
1773674081,pure-ftpd,chatafl_opt,2,l_per,21.3
1773674081,pure-ftpd,chatafl_opt,2,l_abs,1385
1773674081,pure-ftpd,chatafl_opt,2,b_per,14.9
1773674081,pure-ftpd,chatafl_opt,2,b_abs,699
1773674081,pure-ftpd,chatafl_opt,2,l_per,21.3
1773674081,pure-ftpd,chatafl_opt,2,l_abs,1385
1773674081,pure-ftpd,chatafl_opt,2,b_per,14.9
1773674081,pure-ftpd,chatafl_opt,2,b_abs,699
1773674082,pure-ftpd,chatafl_opt,2,l_per,21.3
1773674082,pure-ftpd,chatafl_opt,2,l_abs,1385
1773674082,pure-ftpd,chatafl_opt,2,b_per,14.9
1773674082,pure-ftpd,chatafl_opt,2,b_abs,699
1773674082,pure-ftpd,chatafl_opt,2,l_per,21.3
1773674082,pure-ftpd,chatafl_opt,2,l_abs,1385
1773674082,pure-ftpd,chatafl_opt,2,b_per,14.9
1773674082,pure-ftpd,chatafl_opt,2,b_abs,699
1773674084,pure-ftpd,chatafl_opt,2,l_per,21.4
1773674084,pure-ftpd,chatafl_opt,2,l_abs,1386
1773674084,pure-ftpd,chatafl_opt,2,b_per,14.9
1773674084,pure-ftpd,chatafl_opt,2,b_abs,701
1773674085,pure-ftpd,chatafl_opt,2,l_per,21.4
1773674085,pure-ftpd,chatafl_opt,2,l_abs,1386
1773674085,pure-ftpd,chatafl_opt,2,b_per,14.9
1773674085,pure-ftpd,chatafl_opt,2,b_abs,701
1773674087,pure-ftpd,chatafl_opt,2,l_per,21.4
1773674087,pure-ftpd,chatafl_opt,2,l_abs,1386
1773674087,pure-ftpd,chatafl_opt,2,b_per,14.9
1773674087,pure-ftpd,chatafl_opt,2,b_abs,701
1773674088,pure-ftpd,chatafl_opt,2,l_per,21.4
1773674088,pure-ftpd,chatafl_opt,2,l_abs,1386
1773674088,pure-ftpd,chatafl_opt,2,b_per,14.9
1773674088,pure-ftpd,chatafl_opt,2,b_abs,701
1773674088,pure-ftpd,chatafl_opt,2,l_per,21.4
1773674088,pure-ftpd,chatafl_opt,2,l_abs,1386
1773674088,pure-ftpd,chatafl_opt,2,b_per,14.9
1773674088,pure-ftpd,chatafl_opt,2,b_abs,701
1773674088,pure-ftpd,chatafl_opt,2,l_per,21.4
1773674088,pure-ftpd,chatafl_opt,2,l_abs,1386
1773674088,pure-ftpd,chatafl_opt,2,b_per,14.9
1773674088,pure-ftpd,chatafl_opt,2,b_abs,701
1773674089,pure-ftpd,chatafl_opt,2,l_per,21.4
1773674089,pure-ftpd,chatafl_opt,2,l_abs,1386
1773674089,pure-ftpd,chatafl_opt,2,b_per,14.9
1773674089,pure-ftpd,chatafl_opt,2,b_abs,701
1773674089,pure-ftpd,chatafl_opt,2,l_per,21.4
1773674089,pure-ftpd,chatafl_opt,2,l_abs,1386
1773674089,pure-ftpd,chatafl_opt,2,b_per,14.9
1773674089,pure-ftpd,chatafl_opt,2,b_abs,701
1773674092,pure-ftpd,chatafl_opt,2,l_per,21.4
1773674092,pure-ftpd,chatafl_opt,2,l_abs,1386
1773674092,pure-ftpd,chatafl_opt,2,b_per,14.9
1773674092,pure-ftpd,chatafl_opt,2,b_abs,701
1773674094,pure-ftpd,chatafl_opt,2,l_per,21.4
1773674094,pure-ftpd,chatafl_opt,2,l_abs,1386
1773674094,pure-ftpd,chatafl_opt,2,b_per,14.9
1773674094,pure-ftpd,chatafl_opt,2,b_abs,701
1773674095,pure-ftpd,chatafl_opt,2,l_per,21.4
1773674095,pure-ftpd,chatafl_opt,2,l_abs,1386
1773674095,pure-ftpd,chatafl_opt,2,b_per,14.9
1773674095,pure-ftpd,chatafl_opt,2,b_abs,701
1773674095,pure-ftpd,chatafl_opt,2,l_per,21.4
1773674095,pure-ftpd,chatafl_opt,2,l_abs,1386
1773674095,pure-ftpd,chatafl_opt,2,b_per,14.9
1773674095,pure-ftpd,chatafl_opt,2,b_abs,701
1773674096,pure-ftpd,chatafl_opt,2,l_per,21.4
1773674096,pure-ftpd,chatafl_opt,2,l_abs,1386
1773674096,pure-ftpd,chatafl_opt,2,b_per,14.9
1773674096,pure-ftpd,chatafl_opt,2,b_abs,701
1773674096,pure-ftpd,chatafl_opt,2,l_per,21.4
1773674096,pure-ftpd,chatafl_opt,2,l_abs,1386
1773674096,pure-ftpd,chatafl_opt,2,b_per,14.9
1773674096,pure-ftpd,chatafl_opt,2,b_abs,701
1773674097,pure-ftpd,chatafl_opt,2,l_per,21.4
1773674097,pure-ftpd,chatafl_opt,2,l_abs,1386
1773674097,pure-ftpd,chatafl_opt,2,b_per,14.9
1773674097,pure-ftpd,chatafl_opt,2,b_abs,701
1773674098,pure-ftpd,chatafl_opt,2,l_per,21.4
1773674098,pure-ftpd,chatafl_opt,2,l_abs,1386
1773674098,pure-ftpd,chatafl_opt,2,b_per,14.9
1773674098,pure-ftpd,chatafl_opt,2,b_abs,701
1773674098,pure-ftpd,chatafl_opt,2,l_per,21.4
1773674098,pure-ftpd,chatafl_opt,2,l_abs,1386
1773674098,pure-ftpd,chatafl_opt,2,b_per,14.9
1773674098,pure-ftpd,chatafl_opt,2,b_abs,701
1773674099,pure-ftpd,chatafl_opt,2,l_per,21.4
1773674099,pure-ftpd,chatafl_opt,2,l_abs,1390
1773674099,pure-ftpd,chatafl_opt,2,b_per,14.9
1773674099,pure-ftpd,chatafl_opt,2,b_abs,703
1773674099,pure-ftpd,chatafl_opt,2,l_per,21.4
1773674099,pure-ftpd,chatafl_opt,2,l_abs,1390
1773674099,pure-ftpd,chatafl_opt,2,b_per,14.9
1773674099,pure-ftpd,chatafl_opt,2,b_abs,703
1773674100,pure-ftpd,chatafl_opt,2,l_per,21.4
1773674100,pure-ftpd,chatafl_opt,2,l_abs,1390
1773674100,pure-ftpd,chatafl_opt,2,b_per,14.9
1773674100,pure-ftpd,chatafl_opt,2,b_abs,703
1773674100,pure-ftpd,chatafl_opt,2,l_per,21.4
1773674100,pure-ftpd,chatafl_opt,2,l_abs,1390
1773674100,pure-ftpd,chatafl_opt,2,b_per,14.9
1773674100,pure-ftpd,chatafl_opt,2,b_abs,703
1773674100,pure-ftpd,chatafl_opt,2,l_per,21.4
1773674100,pure-ftpd,chatafl_opt,2,l_abs,1390
1773674100,pure-ftpd,chatafl_opt,2,b_per,14.9
1773674100,pure-ftpd,chatafl_opt,2,b_abs,703
1773674101,pure-ftpd,chatafl_opt,2,l_per,21.4
1773674101,pure-ftpd,chatafl_opt,2,l_abs,1390
1773674101,pure-ftpd,chatafl_opt,2,b_per,14.9
1773674101,pure-ftpd,chatafl_opt,2,b_abs,703
1773674104,pure-ftpd,chatafl_opt,2,l_per,21.4
1773674104,pure-ftpd,chatafl_opt,2,l_abs,1390
1773674104,pure-ftpd,chatafl_opt,2,b_per,14.9
1773674104,pure-ftpd,chatafl_opt,2,b_abs,703
1773674104,pure-ftpd,chatafl_opt,2,l_per,21.4
1773674104,pure-ftpd,chatafl_opt,2,l_abs,1390
1773674104,pure-ftpd,chatafl_opt,2,b_per,14.9
1773674104,pure-ftpd,chatafl_opt,2,b_abs,703
1773674105,pure-ftpd,chatafl_opt,2,l_per,21.4
1773674105,pure-ftpd,chatafl_opt,2,l_abs,1390
1773674105,pure-ftpd,chatafl_opt,2,b_per,14.9
1773674105,pure-ftpd,chatafl_opt,2,b_abs,703
1773674105,pure-ftpd,chatafl_opt,2,l_per,21.4
1773674105,pure-ftpd,chatafl_opt,2,l_abs,1390
1773674105,pure-ftpd,chatafl_opt,2,b_per,14.9
1773674105,pure-ftpd,chatafl_opt,2,b_abs,703
1773674108,pure-ftpd,chatafl_opt,2,l_per,21.4
1773674108,pure-ftpd,chatafl_opt,2,l_abs,1390
1773674108,pure-ftpd,chatafl_opt,2,b_per,14.9
1773674108,pure-ftpd,chatafl_opt,2,b_abs,703
1773674111,pure-ftpd,chatafl_opt,2,l_per,21.4
1773674111,pure-ftpd,chatafl_opt,2,l_abs,1390
1773674111,pure-ftpd,chatafl_opt,2,b_per,14.9
1773674111,pure-ftpd,chatafl_opt,2,b_abs,703
1773674111,pure-ftpd,chatafl_opt,2,l_per,21.4
1773674111,pure-ftpd,chatafl_opt,2,l_abs,1390
1773674111,pure-ftpd,chatafl_opt,2,b_per,14.9
1773674111,pure-ftpd,chatafl_opt,2,b_abs,703
1773674112,pure-ftpd,chatafl_opt,2,l_per,21.4
1773674112,pure-ftpd,chatafl_opt,2,l_abs,1390
1773674112,pure-ftpd,chatafl_opt,2,b_per,14.9
1773674112,pure-ftpd,chatafl_opt,2,b_abs,703
1773674113,pure-ftpd,chatafl_opt,2,l_per,21.4
1773674113,pure-ftpd,chatafl_opt,2,l_abs,1390
1773674113,pure-ftpd,chatafl_opt,2,b_per,14.9
1773674113,pure-ftpd,chatafl_opt,2,b_abs,703
1773674115,pure-ftpd,chatafl_opt,2,l_per,21.4
1773674115,pure-ftpd,chatafl_opt,2,l_abs,1392
1773674115,pure-ftpd,chatafl_opt,2,b_per,15.0
1773674115,pure-ftpd,chatafl_opt,2,b_abs,705
1773674115,pure-ftpd,chatafl_opt,2,l_per,21.4
1773674115,pure-ftpd,chatafl_opt,2,l_abs,1392
1773674115,pure-ftpd,chatafl_opt,2,b_per,15.0
1773674115,pure-ftpd,chatafl_opt,2,b_abs,705
1773674116,pure-ftpd,chatafl_opt,2,l_per,21.4
1773674116,pure-ftpd,chatafl_opt,2,l_abs,1392
1773674116,pure-ftpd,chatafl_opt,2,b_per,15.0
1773674116,pure-ftpd,chatafl_opt,2,b_abs,705
1773674116,pure-ftpd,chatafl_opt,2,l_per,21.4
1773674116,pure-ftpd,chatafl_opt,2,l_abs,1392
1773674116,pure-ftpd,chatafl_opt,2,b_per,15.0
1773674116,pure-ftpd,chatafl_opt,2,b_abs,705
1773674117,pure-ftpd,chatafl_opt,2,l_per,21.4
1773674117,pure-ftpd,chatafl_opt,2,l_abs,1392
1773674117,pure-ftpd,chatafl_opt,2,b_per,15.0
1773674117,pure-ftpd,chatafl_opt,2,b_abs,705
1773674117,pure-ftpd,chatafl_opt,2,l_per,21.4
1773674117,pure-ftpd,chatafl_opt,2,l_abs,1392
1773674117,pure-ftpd,chatafl_opt,2,b_per,15.0
1773674117,pure-ftpd,chatafl_opt,2,b_abs,705
1773674117,pure-ftpd,chatafl_opt,2,l_per,21.4
1773674117,pure-ftpd,chatafl_opt,2,l_abs,1392
1773674117,pure-ftpd,chatafl_opt,2,b_per,15.0
1773674117,pure-ftpd,chatafl_opt,2,b_abs,705
1773674118,pure-ftpd,chatafl_opt,2,l_per,21.4
1773674118,pure-ftpd,chatafl_opt,2,l_abs,1392
1773674118,pure-ftpd,chatafl_opt,2,b_per,15.0
1773674118,pure-ftpd,chatafl_opt,2,b_abs,705
1773674118,pure-ftpd,chatafl_opt,2,l_per,21.5
1773674118,pure-ftpd,chatafl_opt,2,l_abs,1393
1773674118,pure-ftpd,chatafl_opt,2,b_per,15.0
1773674118,pure-ftpd,chatafl_opt,2,b_abs,706
1773674119,pure-ftpd,chatafl_opt,2,l_per,21.5
1773674119,pure-ftpd,chatafl_opt,2,l_abs,1393
1773674119,pure-ftpd,chatafl_opt,2,b_per,15.0
1773674119,pure-ftpd,chatafl_opt,2,b_abs,706
1773674119,pure-ftpd,chatafl_opt,2,l_per,21.5
1773674119,pure-ftpd,chatafl_opt,2,l_abs,1393
1773674119,pure-ftpd,chatafl_opt,2,b_per,15.0
1773674119,pure-ftpd,chatafl_opt,2,b_abs,706
1773674120,pure-ftpd,chatafl_opt,2,l_per,21.5
1773674120,pure-ftpd,chatafl_opt,2,l_abs,1393
1773674120,pure-ftpd,chatafl_opt,2,b_per,15.0
1773674120,pure-ftpd,chatafl_opt,2,b_abs,706
1773674121,pure-ftpd,chatafl_opt,2,l_per,21.5
1773674121,pure-ftpd,chatafl_opt,2,l_abs,1393
1773674121,pure-ftpd,chatafl_opt,2,b_per,15.0
1773674121,pure-ftpd,chatafl_opt,2,b_abs,706
1773674121,pure-ftpd,chatafl_opt,2,l_per,21.5
1773674121,pure-ftpd,chatafl_opt,2,l_abs,1393
1773674121,pure-ftpd,chatafl_opt,2,b_per,15.0
1773674121,pure-ftpd,chatafl_opt,2,b_abs,706
1773674122,pure-ftpd,chatafl_opt,2,l_per,21.5
1773674122,pure-ftpd,chatafl_opt,2,l_abs,1393
1773674122,pure-ftpd,chatafl_opt,2,b_per,15.0
1773674122,pure-ftpd,chatafl_opt,2,b_abs,706
1773674122,pure-ftpd,chatafl_opt,2,l_per,21.5
1773674122,pure-ftpd,chatafl_opt,2,l_abs,1393
1773674122,pure-ftpd,chatafl_opt,2,b_per,15.0
1773674122,pure-ftpd,chatafl_opt,2,b_abs,706
1773674122,pure-ftpd,chatafl_opt,2,l_per,21.5
1773674122,pure-ftpd,chatafl_opt,2,l_abs,1393
1773674122,pure-ftpd,chatafl_opt,2,b_per,15.0
1773674122,pure-ftpd,chatafl_opt,2,b_abs,706
1773674123,pure-ftpd,chatafl_opt,2,l_per,21.5
1773674123,pure-ftpd,chatafl_opt,2,l_abs,1393
1773674123,pure-ftpd,chatafl_opt,2,b_per,15.0
1773674123,pure-ftpd,chatafl_opt,2,b_abs,706
1773674123,pure-ftpd,chatafl_opt,2,l_per,21.5
1773674123,pure-ftpd,chatafl_opt,2,l_abs,1393
1773674123,pure-ftpd,chatafl_opt,2,b_per,15.0
1773674123,pure-ftpd,chatafl_opt,2,b_abs,706
1773674125,pure-ftpd,chatafl_opt,2,l_per,21.5
1773674125,pure-ftpd,chatafl_opt,2,l_abs,1393
1773674125,pure-ftpd,chatafl_opt,2,b_per,15.0
1773674125,pure-ftpd,chatafl_opt,2,b_abs,706
1773674125,pure-ftpd,chatafl_opt,2,l_per,21.5
1773674125,pure-ftpd,chatafl_opt,2,l_abs,1393
1773674125,pure-ftpd,chatafl_opt,2,b_per,15.0
1773674125,pure-ftpd,chatafl_opt,2,b_abs,706
1773674126,pure-ftpd,chatafl_opt,2,l_per,21.5
1773674126,pure-ftpd,chatafl_opt,2,l_abs,1393
1773674126,pure-ftpd,chatafl_opt,2,b_per,15.0
1773674126,pure-ftpd,chatafl_opt,2,b_abs,706
1773674126,pure-ftpd,chatafl_opt,2,l_per,21.5
1773674126,pure-ftpd,chatafl_opt,2,l_abs,1393
1773674126,pure-ftpd,chatafl_opt,2,b_per,15.0
1773674126,pure-ftpd,chatafl_opt,2,b_abs,706
1773674127,pure-ftpd,chatafl_opt,2,l_per,21.5
1773674127,pure-ftpd,chatafl_opt,2,l_abs,1393
1773674127,pure-ftpd,chatafl_opt,2,b_per,15.0
1773674127,pure-ftpd,chatafl_opt,2,b_abs,706
1773674128,pure-ftpd,chatafl_opt,2,l_per,21.5
1773674128,pure-ftpd,chatafl_opt,2,l_abs,1393
1773674128,pure-ftpd,chatafl_opt,2,b_per,15.0
1773674128,pure-ftpd,chatafl_opt,2,b_abs,706
1773674128,pure-ftpd,chatafl_opt,2,l_per,21.5
1773674128,pure-ftpd,chatafl_opt,2,l_abs,1393
1773674128,pure-ftpd,chatafl_opt,2,b_per,15.0
1773674128,pure-ftpd,chatafl_opt,2,b_abs,706
1773674129,pure-ftpd,chatafl_opt,2,l_per,21.5
1773674129,pure-ftpd,chatafl_opt,2,l_abs,1393
1773674129,pure-ftpd,chatafl_opt,2,b_per,15.0
1773674129,pure-ftpd,chatafl_opt,2,b_abs,706
1773674129,pure-ftpd,chatafl_opt,2,l_per,21.5
1773674129,pure-ftpd,chatafl_opt,2,l_abs,1393
1773674129,pure-ftpd,chatafl_opt,2,b_per,15.0
1773674129,pure-ftpd,chatafl_opt,2,b_abs,706
1773674129,pure-ftpd,chatafl_opt,2,l_per,21.5
1773674129,pure-ftpd,chatafl_opt,2,l_abs,1393
1773674129,pure-ftpd,chatafl_opt,2,b_per,15.0
1773674129,pure-ftpd,chatafl_opt,2,b_abs,706
1773674130,pure-ftpd,chatafl_opt,2,l_per,21.5
1773674130,pure-ftpd,chatafl_opt,2,l_abs,1393
1773674130,pure-ftpd,chatafl_opt,2,b_per,15.0
1773674130,pure-ftpd,chatafl_opt,2,b_abs,706
1773674130,pure-ftpd,chatafl_opt,2,l_per,21.5
1773674130,pure-ftpd,chatafl_opt,2,l_abs,1393
1773674130,pure-ftpd,chatafl_opt,2,b_per,15.0
1773674130,pure-ftpd,chatafl_opt,2,b_abs,706
1773674131,pure-ftpd,chatafl_opt,2,l_per,21.5
1773674131,pure-ftpd,chatafl_opt,2,l_abs,1393
1773674131,pure-ftpd,chatafl_opt,2,b_per,15.0
1773674131,pure-ftpd,chatafl_opt,2,b_abs,706
1773674131,pure-ftpd,chatafl_opt,2,l_per,21.5
1773674131,pure-ftpd,chatafl_opt,2,l_abs,1393
1773674131,pure-ftpd,chatafl_opt,2,b_per,15.0
1773674131,pure-ftpd,chatafl_opt,2,b_abs,706
1773674132,pure-ftpd,chatafl_opt,2,l_per,21.5
1773674132,pure-ftpd,chatafl_opt,2,l_abs,1393
1773674132,pure-ftpd,chatafl_opt,2,b_per,15.0
1773674132,pure-ftpd,chatafl_opt,2,b_abs,706
1773674134,pure-ftpd,chatafl_opt,2,l_per,21.5
1773674134,pure-ftpd,chatafl_opt,2,l_abs,1393
1773674134,pure-ftpd,chatafl_opt,2,b_per,15.0
1773674134,pure-ftpd,chatafl_opt,2,b_abs,706
1773674134,pure-ftpd,chatafl_opt,2,l_per,21.5
1773674134,pure-ftpd,chatafl_opt,2,l_abs,1393
1773674134,pure-ftpd,chatafl_opt,2,b_per,15.0
1773674134,pure-ftpd,chatafl_opt,2,b_abs,706
1773674135,pure-ftpd,chatafl_opt,2,l_per,21.5
1773674135,pure-ftpd,chatafl_opt,2,l_abs,1393
1773674135,pure-ftpd,chatafl_opt,2,b_per,15.0
1773674135,pure-ftpd,chatafl_opt,2,b_abs,706
1773674135,pure-ftpd,chatafl_opt,2,l_per,21.5
1773674135,pure-ftpd,chatafl_opt,2,l_abs,1393
1773674135,pure-ftpd,chatafl_opt,2,b_per,15.0
1773674135,pure-ftpd,chatafl_opt,2,b_abs,706
1773674136,pure-ftpd,chatafl_opt,2,l_per,21.5
1773674136,pure-ftpd,chatafl_opt,2,l_abs,1394
1773674136,pure-ftpd,chatafl_opt,2,b_per,15.0
1773674136,pure-ftpd,chatafl_opt,2,b_abs,707
1773674136,pure-ftpd,chatafl_opt,2,l_per,21.5
1773674136,pure-ftpd,chatafl_opt,2,l_abs,1394
1773674136,pure-ftpd,chatafl_opt,2,b_per,15.0
1773674136,pure-ftpd,chatafl_opt,2,b_abs,707
1773674137,pure-ftpd,chatafl_opt,2,l_per,21.5
1773674137,pure-ftpd,chatafl_opt,2,l_abs,1394
1773674137,pure-ftpd,chatafl_opt,2,b_per,15.0
1773674137,pure-ftpd,chatafl_opt,2,b_abs,707
1773674137,pure-ftpd,chatafl_opt,2,l_per,21.5
1773674137,pure-ftpd,chatafl_opt,2,l_abs,1394
1773674137,pure-ftpd,chatafl_opt,2,b_per,15.0
1773674137,pure-ftpd,chatafl_opt,2,b_abs,707
1773674138,pure-ftpd,chatafl_opt,2,l_per,21.5
1773674138,pure-ftpd,chatafl_opt,2,l_abs,1394
1773674138,pure-ftpd,chatafl_opt,2,b_per,15.0
1773674138,pure-ftpd,chatafl_opt,2,b_abs,707
1773674138,pure-ftpd,chatafl_opt,2,l_per,21.5
1773674138,pure-ftpd,chatafl_opt,2,l_abs,1394
1773674138,pure-ftpd,chatafl_opt,2,b_per,15.0
1773674138,pure-ftpd,chatafl_opt,2,b_abs,707
1773674139,pure-ftpd,chatafl_opt,2,l_per,21.5
1773674139,pure-ftpd,chatafl_opt,2,l_abs,1394
1773674139,pure-ftpd,chatafl_opt,2,b_per,15.0
1773674139,pure-ftpd,chatafl_opt,2,b_abs,707
1773674139,pure-ftpd,chatafl_opt,2,l_per,21.5
1773674139,pure-ftpd,chatafl_opt,2,l_abs,1394
1773674139,pure-ftpd,chatafl_opt,2,b_per,15.0
1773674139,pure-ftpd,chatafl_opt,2,b_abs,707
1773674140,pure-ftpd,chatafl_opt,2,l_per,21.5
1773674140,pure-ftpd,chatafl_opt,2,l_abs,1394
1773674140,pure-ftpd,chatafl_opt,2,b_per,15.0
1773674140,pure-ftpd,chatafl_opt,2,b_abs,707
1773674140,pure-ftpd,chatafl_opt,2,l_per,21.5
1773674140,pure-ftpd,chatafl_opt,2,l_abs,1394
1773674140,pure-ftpd,chatafl_opt,2,b_per,15.0
1773674140,pure-ftpd,chatafl_opt,2,b_abs,707
1773674141,pure-ftpd,chatafl_opt,2,l_per,21.5
1773674141,pure-ftpd,chatafl_opt,2,l_abs,1394
1773674141,pure-ftpd,chatafl_opt,2,b_per,15.0
1773674141,pure-ftpd,chatafl_opt,2,b_abs,707
1773674141,pure-ftpd,chatafl_opt,2,l_per,21.5
1773674141,pure-ftpd,chatafl_opt,2,l_abs,1394
1773674141,pure-ftpd,chatafl_opt,2,b_per,15.0
1773674141,pure-ftpd,chatafl_opt,2,b_abs,707
1773674142,pure-ftpd,chatafl_opt,2,l_per,21.5
1773674142,pure-ftpd,chatafl_opt,2,l_abs,1394
1773674142,pure-ftpd,chatafl_opt,2,b_per,15.0
1773674142,pure-ftpd,chatafl_opt,2,b_abs,707
1773674142,pure-ftpd,chatafl_opt,2,l_per,21.5
1773674142,pure-ftpd,chatafl_opt,2,l_abs,1394
1773674142,pure-ftpd,chatafl_opt,2,b_per,15.0
1773674142,pure-ftpd,chatafl_opt,2,b_abs,707
1773674142,pure-ftpd,chatafl_opt,2,l_per,21.5
1773674142,pure-ftpd,chatafl_opt,2,l_abs,1394
1773674142,pure-ftpd,chatafl_opt,2,b_per,15.0
1773674142,pure-ftpd,chatafl_opt,2,b_abs,707
1773674143,pure-ftpd,chatafl_opt,2,l_per,21.5
1773674143,pure-ftpd,chatafl_opt,2,l_abs,1394
1773674143,pure-ftpd,chatafl_opt,2,b_per,15.0
1773674143,pure-ftpd,chatafl_opt,2,b_abs,707
1773674144,pure-ftpd,chatafl_opt,2,l_per,21.5
1773674144,pure-ftpd,chatafl_opt,2,l_abs,1394
1773674144,pure-ftpd,chatafl_opt,2,b_per,15.0
1773674144,pure-ftpd,chatafl_opt,2,b_abs,707
1773674144,pure-ftpd,chatafl_opt,2,l_per,21.5
1773674144,pure-ftpd,chatafl_opt,2,l_abs,1394
1773674144,pure-ftpd,chatafl_opt,2,b_per,15.0
1773674144,pure-ftpd,chatafl_opt,2,b_abs,707
1773674145,pure-ftpd,chatafl_opt,2,l_per,21.5
1773674145,pure-ftpd,chatafl_opt,2,l_abs,1394
1773674145,pure-ftpd,chatafl_opt,2,b_per,15.0
1773674145,pure-ftpd,chatafl_opt,2,b_abs,707
1773674145,pure-ftpd,chatafl_opt,2,l_per,21.5
1773674145,pure-ftpd,chatafl_opt,2,l_abs,1394
1773674145,pure-ftpd,chatafl_opt,2,b_per,15.0
1773674145,pure-ftpd,chatafl_opt,2,b_abs,707
1773674146,pure-ftpd,chatafl_opt,2,l_per,21.5
1773674146,pure-ftpd,chatafl_opt,2,l_abs,1394
1773674146,pure-ftpd,chatafl_opt,2,b_per,15.0
1773674146,pure-ftpd,chatafl_opt,2,b_abs,707
1773674146,pure-ftpd,chatafl_opt,2,l_per,21.5
1773674146,pure-ftpd,chatafl_opt,2,l_abs,1394
1773674146,pure-ftpd,chatafl_opt,2,b_per,15.0
1773674146,pure-ftpd,chatafl_opt,2,b_abs,707
1773674147,pure-ftpd,chatafl_opt,2,l_per,21.5
1773674147,pure-ftpd,chatafl_opt,2,l_abs,1394
1773674147,pure-ftpd,chatafl_opt,2,b_per,15.0
1773674147,pure-ftpd,chatafl_opt,2,b_abs,707
1773674147,pure-ftpd,chatafl_opt,2,l_per,21.5
1773674147,pure-ftpd,chatafl_opt,2,l_abs,1394
1773674147,pure-ftpd,chatafl_opt,2,b_per,15.0
1773674147,pure-ftpd,chatafl_opt,2,b_abs,707
1773674148,pure-ftpd,chatafl_opt,2,l_per,21.5
1773674148,pure-ftpd,chatafl_opt,2,l_abs,1394
1773674148,pure-ftpd,chatafl_opt,2,b_per,15.0
1773674148,pure-ftpd,chatafl_opt,2,b_abs,707
1773674149,pure-ftpd,chatafl_opt,2,l_per,21.5
1773674149,pure-ftpd,chatafl_opt,2,l_abs,1394
1773674149,pure-ftpd,chatafl_opt,2,b_per,15.0
1773674149,pure-ftpd,chatafl_opt,2,b_abs,707
1773674149,pure-ftpd,chatafl_opt,2,l_per,21.5
1773674149,pure-ftpd,chatafl_opt,2,l_abs,1394
1773674149,pure-ftpd,chatafl_opt,2,b_per,15.0
1773674149,pure-ftpd,chatafl_opt,2,b_abs,707
1773674150,pure-ftpd,chatafl_opt,2,l_per,21.5
1773674150,pure-ftpd,chatafl_opt,2,l_abs,1394
1773674150,pure-ftpd,chatafl_opt,2,b_per,15.0
1773674150,pure-ftpd,chatafl_opt,2,b_abs,707
1773674150,pure-ftpd,chatafl_opt,2,l_per,21.6
1773674150,pure-ftpd,chatafl_opt,2,l_abs,1403
1773674150,pure-ftpd,chatafl_opt,2,b_per,15.2
1773674150,pure-ftpd,chatafl_opt,2,b_abs,714
1773674151,pure-ftpd,chatafl_opt,2,l_per,21.6
1773674151,pure-ftpd,chatafl_opt,2,l_abs,1403
1773674151,pure-ftpd,chatafl_opt,2,b_per,15.2
1773674151,pure-ftpd,chatafl_opt,2,b_abs,714
1773674151,pure-ftpd,chatafl_opt,2,l_per,21.6
1773674151,pure-ftpd,chatafl_opt,2,l_abs,1403
1773674151,pure-ftpd,chatafl_opt,2,b_per,15.2
1773674151,pure-ftpd,chatafl_opt,2,b_abs,714
1773674152,pure-ftpd,chatafl_opt,2,l_per,21.6
1773674152,pure-ftpd,chatafl_opt,2,l_abs,1405
1773674152,pure-ftpd,chatafl_opt,2,b_per,15.2
1773674152,pure-ftpd,chatafl_opt,2,b_abs,715
1773674152,pure-ftpd,chatafl_opt,2,l_per,21.6
1773674152,pure-ftpd,chatafl_opt,2,l_abs,1405
1773674152,pure-ftpd,chatafl_opt,2,b_per,15.2
1773674152,pure-ftpd,chatafl_opt,2,b_abs,715
1773674153,pure-ftpd,chatafl_opt,2,l_per,21.6
1773674153,pure-ftpd,chatafl_opt,2,l_abs,1405
1773674153,pure-ftpd,chatafl_opt,2,b_per,15.2
1773674153,pure-ftpd,chatafl_opt,2,b_abs,715
1773674155,pure-ftpd,chatafl_opt,2,l_per,21.7
1773674155,pure-ftpd,chatafl_opt,2,l_abs,1407
1773674155,pure-ftpd,chatafl_opt,2,b_per,15.2
1773674155,pure-ftpd,chatafl_opt,2,b_abs,716
1773674156,pure-ftpd,chatafl_opt,2,l_per,21.7
1773674156,pure-ftpd,chatafl_opt,2,l_abs,1407
1773674156,pure-ftpd,chatafl_opt,2,b_per,15.2
1773674156,pure-ftpd,chatafl_opt,2,b_abs,716
1773674158,pure-ftpd,chatafl_opt,2,l_per,21.7
1773674158,pure-ftpd,chatafl_opt,2,l_abs,1407
1773674158,pure-ftpd,chatafl_opt,2,b_per,15.2
1773674158,pure-ftpd,chatafl_opt,2,b_abs,716
1773674159,pure-ftpd,chatafl_opt,2,l_per,21.7
1773674159,pure-ftpd,chatafl_opt,2,l_abs,1407
1773674159,pure-ftpd,chatafl_opt,2,b_per,15.2
1773674159,pure-ftpd,chatafl_opt,2,b_abs,716
1773674159,pure-ftpd,chatafl_opt,2,l_per,21.7
1773674159,pure-ftpd,chatafl_opt,2,l_abs,1407
1773674159,pure-ftpd,chatafl_opt,2,b_per,15.2
1773674159,pure-ftpd,chatafl_opt,2,b_abs,716
1773674160,pure-ftpd,chatafl_opt,2,l_per,21.7
1773674160,pure-ftpd,chatafl_opt,2,l_abs,1407
1773674160,pure-ftpd,chatafl_opt,2,b_per,15.2
1773674160,pure-ftpd,chatafl_opt,2,b_abs,716
1773674160,pure-ftpd,chatafl_opt,2,l_per,21.7
1773674160,pure-ftpd,chatafl_opt,2,l_abs,1407
1773674160,pure-ftpd,chatafl_opt,2,b_per,15.2
1773674160,pure-ftpd,chatafl_opt,2,b_abs,716
1773674161,pure-ftpd,chatafl_opt,2,l_per,21.7
1773674161,pure-ftpd,chatafl_opt,2,l_abs,1407
1773674161,pure-ftpd,chatafl_opt,2,b_per,15.2
1773674161,pure-ftpd,chatafl_opt,2,b_abs,716
1773674162,pure-ftpd,chatafl_opt,2,l_per,21.7
1773674162,pure-ftpd,chatafl_opt,2,l_abs,1407
1773674162,pure-ftpd,chatafl_opt,2,b_per,15.2
1773674162,pure-ftpd,chatafl_opt,2,b_abs,716
1773674162,pure-ftpd,chatafl_opt,2,l_per,21.7
1773674162,pure-ftpd,chatafl_opt,2,l_abs,1407
1773674162,pure-ftpd,chatafl_opt,2,b_per,15.2
1773674162,pure-ftpd,chatafl_opt,2,b_abs,716
1773674162,pure-ftpd,chatafl_opt,2,l_per,21.7
1773674162,pure-ftpd,chatafl_opt,2,l_abs,1407
1773674162,pure-ftpd,chatafl_opt,2,b_per,15.2
1773674162,pure-ftpd,chatafl_opt,2,b_abs,716
1773674163,pure-ftpd,chatafl_opt,2,l_per,21.7
1773674163,pure-ftpd,chatafl_opt,2,l_abs,1407
1773674163,pure-ftpd,chatafl_opt,2,b_per,15.2
1773674163,pure-ftpd,chatafl_opt,2,b_abs,716
1773674163,pure-ftpd,chatafl_opt,2,l_per,21.7
1773674163,pure-ftpd,chatafl_opt,2,l_abs,1407
1773674163,pure-ftpd,chatafl_opt,2,b_per,15.2
1773674163,pure-ftpd,chatafl_opt,2,b_abs,716
1773674164,pure-ftpd,chatafl_opt,2,l_per,21.7
1773674164,pure-ftpd,chatafl_opt,2,l_abs,1407
1773674164,pure-ftpd,chatafl_opt,2,b_per,15.2
1773674164,pure-ftpd,chatafl_opt,2,b_abs,716
1773674165,pure-ftpd,chatafl_opt,2,l_per,21.7
1773674165,pure-ftpd,chatafl_opt,2,l_abs,1407
1773674165,pure-ftpd,chatafl_opt,2,b_per,15.2
1773674165,pure-ftpd,chatafl_opt,2,b_abs,716
1773674165,pure-ftpd,chatafl_opt,2,l_per,21.7
1773674165,pure-ftpd,chatafl_opt,2,l_abs,1407
1773674165,pure-ftpd,chatafl_opt,2,b_per,15.2
1773674165,pure-ftpd,chatafl_opt,2,b_abs,716
1773674168,pure-ftpd,chatafl_opt,2,l_per,21.7
1773674168,pure-ftpd,chatafl_opt,2,l_abs,1407
1773674168,pure-ftpd,chatafl_opt,2,b_per,15.2
1773674168,pure-ftpd,chatafl_opt,2,b_abs,716
1773674168,pure-ftpd,chatafl_opt,2,l_per,21.7
1773674168,pure-ftpd,chatafl_opt,2,l_abs,1407
1773674168,pure-ftpd,chatafl_opt,2,b_per,15.2
1773674168,pure-ftpd,chatafl_opt,2,b_abs,716
1773674169,pure-ftpd,chatafl_opt,2,l_per,21.7
1773674169,pure-ftpd,chatafl_opt,2,l_abs,1407
1773674169,pure-ftpd,chatafl_opt,2,b_per,15.2
1773674169,pure-ftpd,chatafl_opt,2,b_abs,716
1773674169,pure-ftpd,chatafl_opt,2,l_per,21.7
1773674169,pure-ftpd,chatafl_opt,2,l_abs,1407
1773674169,pure-ftpd,chatafl_opt,2,b_per,15.2
1773674169,pure-ftpd,chatafl_opt,2,b_abs,716
1773674170,pure-ftpd,chatafl_opt,2,l_per,21.7
1773674170,pure-ftpd,chatafl_opt,2,l_abs,1407
1773674170,pure-ftpd,chatafl_opt,2,b_per,15.2
1773674170,pure-ftpd,chatafl_opt,2,b_abs,716
1773674170,pure-ftpd,chatafl_opt,2,l_per,21.7
1773674170,pure-ftpd,chatafl_opt,2,l_abs,1407
1773674170,pure-ftpd,chatafl_opt,2,b_per,15.2
1773674170,pure-ftpd,chatafl_opt,2,b_abs,716
1773674171,pure-ftpd,chatafl_opt,2,l_per,21.7
1773674171,pure-ftpd,chatafl_opt,2,l_abs,1410
1773674171,pure-ftpd,chatafl_opt,2,b_per,15.3
1773674171,pure-ftpd,chatafl_opt,2,b_abs,719
1773674171,pure-ftpd,chatafl_opt,2,l_per,21.7
1773674171,pure-ftpd,chatafl_opt,2,l_abs,1410
1773674171,pure-ftpd,chatafl_opt,2,b_per,15.3
1773674171,pure-ftpd,chatafl_opt,2,b_abs,719
1773674172,pure-ftpd,chatafl_opt,2,l_per,21.7
1773674172,pure-ftpd,chatafl_opt,2,l_abs,1410
1773674172,pure-ftpd,chatafl_opt,2,b_per,15.3
1773674172,pure-ftpd,chatafl_opt,2,b_abs,719
1773674172,pure-ftpd,chatafl_opt,2,l_per,21.7
1773674172,pure-ftpd,chatafl_opt,2,l_abs,1410
1773674172,pure-ftpd,chatafl_opt,2,b_per,15.3
1773674172,pure-ftpd,chatafl_opt,2,b_abs,719
1773674172,pure-ftpd,chatafl_opt,2,l_per,21.7
1773674172,pure-ftpd,chatafl_opt,2,l_abs,1410
1773674172,pure-ftpd,chatafl_opt,2,b_per,15.3
1773674172,pure-ftpd,chatafl_opt,2,b_abs,719
1773674173,pure-ftpd,chatafl_opt,2,l_per,21.7
1773674173,pure-ftpd,chatafl_opt,2,l_abs,1410
1773674173,pure-ftpd,chatafl_opt,2,b_per,15.3
1773674173,pure-ftpd,chatafl_opt,2,b_abs,719
1773674173,pure-ftpd,chatafl_opt,2,l_per,21.7
1773674173,pure-ftpd,chatafl_opt,2,l_abs,1410
1773674173,pure-ftpd,chatafl_opt,2,b_per,15.3
1773674173,pure-ftpd,chatafl_opt,2,b_abs,719
1773674076,pure-ftpd,chatafl_opt,2,l_per,21.8
1773674076,pure-ftpd,chatafl_opt,2,l_abs,1417
1773674076,pure-ftpd,chatafl_opt,2,b_per,15.4
1773674076,pure-ftpd,chatafl_opt,2,b_abs,724
1773674111,pure-ftpd,chatafl_opt,2,l_per,21.8
1773674111,pure-ftpd,chatafl_opt,2,l_abs,1418
1773674111,pure-ftpd,chatafl_opt,2,b_per,15.4
1773674111,pure-ftpd,chatafl_opt,2,b_abs,726
1773674135,pure-ftpd,chatafl_opt,2,l_per,21.9
1773674135,pure-ftpd,chatafl_opt,2,l_abs,1423
1773674135,pure-ftpd,chatafl_opt,2,b_per,15.5
1773674135,pure-ftpd,chatafl_opt,2,b_abs,729
1773674159,pure-ftpd,chatafl_opt,2,l_per,21.9
1773674159,pure-ftpd,chatafl_opt,2,l_abs,1423
1773674159,pure-ftpd,chatafl_opt,2,b_per,15.5
1773674159,pure-ftpd,chatafl_opt,2,b_abs,729
1773674200,pure-ftpd,chatafl_opt,2,l_per,22.1
1773674200,pure-ftpd,chatafl_opt,2,l_abs,1432
1773674200,pure-ftpd,chatafl_opt,2,b_per,15.7
1773674200,pure-ftpd,chatafl_opt,2,b_abs,737
1773674391,pure-ftpd,chatafl_opt,2,l_per,22.4
1773674391,pure-ftpd,chatafl_opt,2,l_abs,1455
1773674391,pure-ftpd,chatafl_opt,2,b_per,15.9
1773674391,pure-ftpd,chatafl_opt,2,b_abs,747
1773674639,pure-ftpd,chatafl_opt,2,l_per,22.9
1773674639,pure-ftpd,chatafl_opt,2,l_abs,1485
1773674639,pure-ftpd,chatafl_opt,2,b_per,16.4
1773674639,pure-ftpd,chatafl_opt,2,b_abs,772
1773674854,pure-ftpd,chatafl_opt,2,l_per,23.2
1773674854,pure-ftpd,chatafl_opt,2,l_abs,1507
1773674854,pure-ftpd,chatafl_opt,2,b_per,16.8
1773674854,pure-ftpd,chatafl_opt,2,b_abs,791
1773675192,pure-ftpd,chatafl_opt,2,l_per,23.8
1773675192,pure-ftpd,chatafl_opt,2,l_abs,1544
1773675192,pure-ftpd,chatafl_opt,2,b_per,17.3
1773675192,pure-ftpd,chatafl_opt,2,b_abs,814
1773675696,pure-ftpd,chatafl_opt,2,l_per,24.0
1773675696,pure-ftpd,chatafl_opt,2,l_abs,1555
1773675696,pure-ftpd,chatafl_opt,2,b_per,17.4
1773675696,pure-ftpd,chatafl_opt,2,b_abs,821
1773676596,pure-ftpd,chatafl_opt,2,l_per,26.1
1773676596,pure-ftpd,chatafl_opt,2,l_abs,1692
1773676596,pure-ftpd,chatafl_opt,2,b_per,19.1
1773676596,pure-ftpd,chatafl_opt,2,b_abs,901
1773677352,pure-ftpd,chatafl_opt,2,l_per,26.2
1773677352,pure-ftpd,chatafl_opt,2,l_abs,1700
1773677352,pure-ftpd,chatafl_opt,2,b_per,19.3
1773677352,pure-ftpd,chatafl_opt,2,b_abs,909
1773678020,pure-ftpd,chatafl_opt,2,l_per,26.4
1773678020,pure-ftpd,chatafl_opt,2,l_abs,1712
1773678020,pure-ftpd,chatafl_opt,2,b_per,19.6
1773678020,pure-ftpd,chatafl_opt,2,b_abs,920
1773678703,pure-ftpd,chatafl_opt,2,l_per,30.4
1773678703,pure-ftpd,chatafl_opt,2,l_abs,1971
1773678703,pure-ftpd,chatafl_opt,2,b_per,22.8
1773678703,pure-ftpd,chatafl_opt,2,b_abs,1074
1773680101,pure-ftpd,chatafl_opt,2,l_per,30.4
1773680101,pure-ftpd,chatafl_opt,2,l_abs,1973
1773680101,pure-ftpd,chatafl_opt,2,b_per,22.9
1773680101,pure-ftpd,chatafl_opt,2,b_abs,1076
1773681328,pure-ftpd,chatafl_opt,2,l_per,30.5
1773681328,pure-ftpd,chatafl_opt,2,l_abs,1979
1773681328,pure-ftpd,chatafl_opt,2,b_per,23.0
1773681328,pure-ftpd,chatafl_opt,2,b_abs,1084
1773682848,pure-ftpd,chatafl_opt,2,l_per,30.6
1773682848,pure-ftpd,chatafl_opt,2,l_abs,1987
1773682848,pure-ftpd,chatafl_opt,2,b_per,23.1
1773682848,pure-ftpd,chatafl_opt,2,b_abs,1089
1773684791,pure-ftpd,chatafl_opt,2,l_per,30.7
1773684791,pure-ftpd,chatafl_opt,2,l_abs,1991
1773684791,pure-ftpd,chatafl_opt,2,b_per,23.2
1773684791,pure-ftpd,chatafl_opt,2,b_abs,1093
1773687157,pure-ftpd,chatafl_opt,2,l_per,30.7
1773687157,pure-ftpd,chatafl_opt,2,l_abs,1994
1773687157,pure-ftpd,chatafl_opt,2,b_per,23.3
1773687157,pure-ftpd,chatafl_opt,2,b_abs,1096
1773690095,pure-ftpd,chatafl_opt,2,l_per,30.9
1773690095,pure-ftpd,chatafl_opt,2,l_abs,2006
1773690095,pure-ftpd,chatafl_opt,2,b_per,23.5
1773690095,pure-ftpd,chatafl_opt,2,b_abs,1107
1773692928,pure-ftpd,chatafl_opt,2,l_per,31.2
1773692928,pure-ftpd,chatafl_opt,2,l_abs,2025
1773692928,pure-ftpd,chatafl_opt,2,b_per,23.8
1773692928,pure-ftpd,chatafl_opt,2,b_abs,1120
1773694999,pure-ftpd,chatafl_opt,2,l_per,31.3
1773694999,pure-ftpd,chatafl_opt,2,l_abs,2030
1773694999,pure-ftpd,chatafl_opt,2,b_per,24.0
1773694999,pure-ftpd,chatafl_opt,2,b_abs,1128
1773697077,pure-ftpd,chatafl_opt,2,l_per,31.4
1773697077,pure-ftpd,chatafl_opt,2,l_abs,2037
1773697077,pure-ftpd,chatafl_opt,2,b_per,24.0
1773697077,pure-ftpd,chatafl_opt,2,b_abs,1131
1773699852,pure-ftpd,chatafl_opt,2,l_per,32.4
1773699852,pure-ftpd,chatafl_opt,2,l_abs,2102
1773699852,pure-ftpd,chatafl_opt,2,b_per,25.1
1773699852,pure-ftpd,chatafl_opt,2,b_abs,1181
1773702629,pure-ftpd,chatafl_opt,2,l_per,32.6
1773702629,pure-ftpd,chatafl_opt,2,l_abs,2117
1773702629,pure-ftpd,chatafl_opt,2,b_per,25.3
1773702629,pure-ftpd,chatafl_opt,2,b_abs,1191
1773705309,pure-ftpd,chatafl_opt,2,l_per,32.6
1773705309,pure-ftpd,chatafl_opt,2,l_abs,2117
1773705309,pure-ftpd,chatafl_opt,2,b_per,25.4
1773705309,pure-ftpd,chatafl_opt,2,b_abs,1193
1773710268,pure-ftpd,chatafl_opt,2,l_per,32.9
1773710268,pure-ftpd,chatafl_opt,2,l_abs,2136
1773710268,pure-ftpd,chatafl_opt,2,b_per,25.6
1773710268,pure-ftpd,chatafl_opt,2,b_abs,1204
1773711964,pure-ftpd,chatafl_opt,2,l_per,33.4
1773711964,pure-ftpd,chatafl_opt,2,l_abs,2167
1773711964,pure-ftpd,chatafl_opt,2,b_per,26.2
1773711964,pure-ftpd,chatafl_opt,2,b_abs,1234
1773715650,pure-ftpd,chatafl_opt,2,l_per,33.6
1773715650,pure-ftpd,chatafl_opt,2,l_abs,2183
1773715650,pure-ftpd,chatafl_opt,2,b_per,26.4
1773715650,pure-ftpd,chatafl_opt,2,b_abs,1244
1773718090,pure-ftpd,chatafl_opt,2,l_per,33.7
1773718090,pure-ftpd,chatafl_opt,2,l_abs,2187
1773718090,pure-ftpd,chatafl_opt,2,b_per,26.6
1773718090,pure-ftpd,chatafl_opt,2,b_abs,1252
1773721013,pure-ftpd,chatafl_opt,2,l_per,33.7
1773721013,pure-ftpd,chatafl_opt,2,l_abs,2187
1773721013,pure-ftpd,chatafl_opt,2,b_per,26.6
1773721013,pure-ftpd,chatafl_opt,2,b_abs,1252
1773725130,pure-ftpd,chatafl_opt,2,l_per,33.8
1773725130,pure-ftpd,chatafl_opt,2,l_abs,2195
1773725130,pure-ftpd,chatafl_opt,2,b_per,26.8
1773725130,pure-ftpd,chatafl_opt,2,b_abs,1261
1773732725,pure-ftpd,chatafl_opt,2,l_per,33.9
1773732725,pure-ftpd,chatafl_opt,2,l_abs,2199
1773732725,pure-ftpd,chatafl_opt,2,b_per,26.9
1773732725,pure-ftpd,chatafl_opt,2,b_abs,1265
1773737222,pure-ftpd,chatafl_opt,2,l_per,33.9
1773737222,pure-ftpd,chatafl_opt,2,l_abs,2201
1773737222,pure-ftpd,chatafl_opt,2,b_per,26.9
1773737222,pure-ftpd,chatafl_opt,2,b_abs,1267
1773744514,pure-ftpd,chatafl_opt,2,l_per,33.9
1773744514,pure-ftpd,chatafl_opt,2,l_abs,2201
1773744514,pure-ftpd,chatafl_opt,2,b_per,26.9
1773744514,pure-ftpd,chatafl_opt,2,b_abs,1267
1773752801,pure-ftpd,chatafl_opt,2,l_per,33.9
1773752801,pure-ftpd,chatafl_opt,2,l_abs,2201
1773752801,pure-ftpd,chatafl_opt,2,b_per,26.9
1773752801,pure-ftpd,chatafl_opt,2,b_abs,1267
1773762519,pure-ftpd,chatafl_opt,2,l_per,33.9
1773762519,pure-ftpd,chatafl_opt,2,l_abs,2204
1773762519,pure-ftpd,chatafl_opt,2,b_per,27.1
1773762519,pure-ftpd,chatafl_opt,2,b_abs,1273
1773674042,pure-ftpd,chatafl_opt,3,l_per,14.0
1773674042,pure-ftpd,chatafl_opt,3,l_abs,906
1773674042,pure-ftpd,chatafl_opt,3,b_per,8.8
1773674042,pure-ftpd,chatafl_opt,3,b_abs,412
1773674043,pure-ftpd,chatafl_opt,3,l_per,15.3
1773674043,pure-ftpd,chatafl_opt,3,l_abs,993
1773674043,pure-ftpd,chatafl_opt,3,b_per,10.1
1773674043,pure-ftpd,chatafl_opt,3,b_abs,477
1773674043,pure-ftpd,chatafl_opt,3,l_per,17.7
1773674043,pure-ftpd,chatafl_opt,3,l_abs,1148
1773674043,pure-ftpd,chatafl_opt,3,b_per,11.8
1773674043,pure-ftpd,chatafl_opt,3,b_abs,554
1773674044,pure-ftpd,chatafl_opt,3,l_per,17.9
1773674044,pure-ftpd,chatafl_opt,3,l_abs,1160
1773674044,pure-ftpd,chatafl_opt,3,b_per,12.0
1773674044,pure-ftpd,chatafl_opt,3,b_abs,564
1773674044,pure-ftpd,chatafl_opt,3,l_per,17.9
1773674044,pure-ftpd,chatafl_opt,3,l_abs,1160
1773674044,pure-ftpd,chatafl_opt,3,b_per,12.0
1773674044,pure-ftpd,chatafl_opt,3,b_abs,564
1773674045,pure-ftpd,chatafl_opt,3,l_per,18.0
1773674045,pure-ftpd,chatafl_opt,3,l_abs,1169
1773674045,pure-ftpd,chatafl_opt,3,b_per,12.1
1773674045,pure-ftpd,chatafl_opt,3,b_abs,569
1773674045,pure-ftpd,chatafl_opt,3,l_per,18.0
1773674045,pure-ftpd,chatafl_opt,3,l_abs,1170
1773674045,pure-ftpd,chatafl_opt,3,b_per,12.1
1773674045,pure-ftpd,chatafl_opt,3,b_abs,570
1773674047,pure-ftpd,chatafl_opt,3,l_per,18.0
1773674047,pure-ftpd,chatafl_opt,3,l_abs,1170
1773674047,pure-ftpd,chatafl_opt,3,b_per,12.1
1773674047,pure-ftpd,chatafl_opt,3,b_abs,570
1773674048,pure-ftpd,chatafl_opt,3,l_per,18.0
1773674048,pure-ftpd,chatafl_opt,3,l_abs,1170
1773674048,pure-ftpd,chatafl_opt,3,b_per,12.1
1773674048,pure-ftpd,chatafl_opt,3,b_abs,570
1773674048,pure-ftpd,chatafl_opt,3,l_per,18.0
1773674048,pure-ftpd,chatafl_opt,3,l_abs,1170
1773674048,pure-ftpd,chatafl_opt,3,b_per,12.1
1773674048,pure-ftpd,chatafl_opt,3,b_abs,571
1773674049,pure-ftpd,chatafl_opt,3,l_per,18.2
1773674049,pure-ftpd,chatafl_opt,3,l_abs,1181
1773674049,pure-ftpd,chatafl_opt,3,b_per,12.3
1773674049,pure-ftpd,chatafl_opt,3,b_abs,577
1773674049,pure-ftpd,chatafl_opt,3,l_per,18.9
1773674049,pure-ftpd,chatafl_opt,3,l_abs,1225
1773674049,pure-ftpd,chatafl_opt,3,b_per,13.0
1773674049,pure-ftpd,chatafl_opt,3,b_abs,611
1773674050,pure-ftpd,chatafl_opt,3,l_per,18.9
1773674050,pure-ftpd,chatafl_opt,3,l_abs,1226
1773674050,pure-ftpd,chatafl_opt,3,b_per,13.0
1773674050,pure-ftpd,chatafl_opt,3,b_abs,612
1773674050,pure-ftpd,chatafl_opt,3,l_per,18.9
1773674050,pure-ftpd,chatafl_opt,3,l_abs,1226
1773674050,pure-ftpd,chatafl_opt,3,b_per,13.0
1773674050,pure-ftpd,chatafl_opt,3,b_abs,612
1773674051,pure-ftpd,chatafl_opt,3,l_per,18.9
1773674051,pure-ftpd,chatafl_opt,3,l_abs,1226
1773674051,pure-ftpd,chatafl_opt,3,b_per,13.0
1773674051,pure-ftpd,chatafl_opt,3,b_abs,612
1773674052,pure-ftpd,chatafl_opt,3,l_per,19.0
1773674052,pure-ftpd,chatafl_opt,3,l_abs,1232
1773674052,pure-ftpd,chatafl_opt,3,b_per,13.1
1773674052,pure-ftpd,chatafl_opt,3,b_abs,616
1773674052,pure-ftpd,chatafl_opt,3,l_per,19.0
1773674052,pure-ftpd,chatafl_opt,3,l_abs,1232
1773674052,pure-ftpd,chatafl_opt,3,b_per,13.1
1773674052,pure-ftpd,chatafl_opt,3,b_abs,616
1773674053,pure-ftpd,chatafl_opt,3,l_per,19.0
1773674053,pure-ftpd,chatafl_opt,3,l_abs,1233
1773674053,pure-ftpd,chatafl_opt,3,b_per,13.1
1773674053,pure-ftpd,chatafl_opt,3,b_abs,618
1773674053,pure-ftpd,chatafl_opt,3,l_per,19.0
1773674053,pure-ftpd,chatafl_opt,3,l_abs,1233
1773674053,pure-ftpd,chatafl_opt,3,b_per,13.1
1773674053,pure-ftpd,chatafl_opt,3,b_abs,618
1773674054,pure-ftpd,chatafl_opt,3,l_per,19.0
1773674054,pure-ftpd,chatafl_opt,3,l_abs,1233
1773674054,pure-ftpd,chatafl_opt,3,b_per,13.1
1773674054,pure-ftpd,chatafl_opt,3,b_abs,618
1773674054,pure-ftpd,chatafl_opt,3,l_per,19.0
1773674054,pure-ftpd,chatafl_opt,3,l_abs,1233
1773674054,pure-ftpd,chatafl_opt,3,b_per,13.1
1773674054,pure-ftpd,chatafl_opt,3,b_abs,618
1773674055,pure-ftpd,chatafl_opt,3,l_per,19.1
1773674055,pure-ftpd,chatafl_opt,3,l_abs,1236
1773674055,pure-ftpd,chatafl_opt,3,b_per,13.2
1773674055,pure-ftpd,chatafl_opt,3,b_abs,621
1773674056,pure-ftpd,chatafl_opt,3,l_per,19.1
1773674056,pure-ftpd,chatafl_opt,3,l_abs,1236
1773674056,pure-ftpd,chatafl_opt,3,b_per,13.2
1773674056,pure-ftpd,chatafl_opt,3,b_abs,621
1773674058,pure-ftpd,chatafl_opt,3,l_per,19.1
1773674058,pure-ftpd,chatafl_opt,3,l_abs,1236
1773674058,pure-ftpd,chatafl_opt,3,b_per,13.2
1773674058,pure-ftpd,chatafl_opt,3,b_abs,621
1773674058,pure-ftpd,chatafl_opt,3,l_per,19.1
1773674058,pure-ftpd,chatafl_opt,3,l_abs,1236
1773674058,pure-ftpd,chatafl_opt,3,b_per,13.2
1773674058,pure-ftpd,chatafl_opt,3,b_abs,621
1773674059,pure-ftpd,chatafl_opt,3,l_per,19.5
1773674059,pure-ftpd,chatafl_opt,3,l_abs,1268
1773674059,pure-ftpd,chatafl_opt,3,b_per,13.5
1773674059,pure-ftpd,chatafl_opt,3,b_abs,637
1773674059,pure-ftpd,chatafl_opt,3,l_per,19.5
1773674059,pure-ftpd,chatafl_opt,3,l_abs,1268
1773674059,pure-ftpd,chatafl_opt,3,b_per,13.5
1773674059,pure-ftpd,chatafl_opt,3,b_abs,637
1773674061,pure-ftpd,chatafl_opt,3,l_per,19.5
1773674061,pure-ftpd,chatafl_opt,3,l_abs,1268
1773674061,pure-ftpd,chatafl_opt,3,b_per,13.5
1773674061,pure-ftpd,chatafl_opt,3,b_abs,637
1773674061,pure-ftpd,chatafl_opt,3,l_per,19.5
1773674061,pure-ftpd,chatafl_opt,3,l_abs,1268
1773674061,pure-ftpd,chatafl_opt,3,b_per,13.5
1773674061,pure-ftpd,chatafl_opt,3,b_abs,637
1773674062,pure-ftpd,chatafl_opt,3,l_per,19.8
1773674062,pure-ftpd,chatafl_opt,3,l_abs,1288
1773674062,pure-ftpd,chatafl_opt,3,b_per,13.7
1773674062,pure-ftpd,chatafl_opt,3,b_abs,646
1773674062,pure-ftpd,chatafl_opt,3,l_per,20.5
1773674062,pure-ftpd,chatafl_opt,3,l_abs,1330
1773674062,pure-ftpd,chatafl_opt,3,b_per,14.2
1773674062,pure-ftpd,chatafl_opt,3,b_abs,670
1773674063,pure-ftpd,chatafl_opt,3,l_per,20.5
1773674063,pure-ftpd,chatafl_opt,3,l_abs,1330
1773674063,pure-ftpd,chatafl_opt,3,b_per,14.2
1773674063,pure-ftpd,chatafl_opt,3,b_abs,670
1773674063,pure-ftpd,chatafl_opt,3,l_per,20.5
1773674063,pure-ftpd,chatafl_opt,3,l_abs,1330
1773674063,pure-ftpd,chatafl_opt,3,b_per,14.2
1773674063,pure-ftpd,chatafl_opt,3,b_abs,670
1773674063,pure-ftpd,chatafl_opt,3,l_per,20.5
1773674063,pure-ftpd,chatafl_opt,3,l_abs,1331
1773674063,pure-ftpd,chatafl_opt,3,b_per,14.3
1773674063,pure-ftpd,chatafl_opt,3,b_abs,671
1773674064,pure-ftpd,chatafl_opt,3,l_per,20.5
1773674064,pure-ftpd,chatafl_opt,3,l_abs,1331
1773674064,pure-ftpd,chatafl_opt,3,b_per,14.3
1773674064,pure-ftpd,chatafl_opt,3,b_abs,671
1773674064,pure-ftpd,chatafl_opt,3,l_per,20.5
1773674064,pure-ftpd,chatafl_opt,3,l_abs,1331
1773674064,pure-ftpd,chatafl_opt,3,b_per,14.3
1773674064,pure-ftpd,chatafl_opt,3,b_abs,671
1773674065,pure-ftpd,chatafl_opt,3,l_per,20.5
1773674065,pure-ftpd,chatafl_opt,3,l_abs,1331
1773674065,pure-ftpd,chatafl_opt,3,b_per,14.3
1773674065,pure-ftpd,chatafl_opt,3,b_abs,671
1773674065,pure-ftpd,chatafl_opt,3,l_per,20.5
1773674065,pure-ftpd,chatafl_opt,3,l_abs,1331
1773674065,pure-ftpd,chatafl_opt,3,b_per,14.3
1773674065,pure-ftpd,chatafl_opt,3,b_abs,671
1773674066,pure-ftpd,chatafl_opt,3,l_per,20.5
1773674066,pure-ftpd,chatafl_opt,3,l_abs,1331
1773674066,pure-ftpd,chatafl_opt,3,b_per,14.3
1773674066,pure-ftpd,chatafl_opt,3,b_abs,671
1773674066,pure-ftpd,chatafl_opt,3,l_per,20.5
1773674066,pure-ftpd,chatafl_opt,3,l_abs,1331
1773674066,pure-ftpd,chatafl_opt,3,b_per,14.3
1773674066,pure-ftpd,chatafl_opt,3,b_abs,671
1773674067,pure-ftpd,chatafl_opt,3,l_per,20.5
1773674067,pure-ftpd,chatafl_opt,3,l_abs,1331
1773674067,pure-ftpd,chatafl_opt,3,b_per,14.3
1773674067,pure-ftpd,chatafl_opt,3,b_abs,671
1773674067,pure-ftpd,chatafl_opt,3,l_per,20.5
1773674067,pure-ftpd,chatafl_opt,3,l_abs,1331
1773674067,pure-ftpd,chatafl_opt,3,b_per,14.3
1773674067,pure-ftpd,chatafl_opt,3,b_abs,671
1773674068,pure-ftpd,chatafl_opt,3,l_per,20.5
1773674068,pure-ftpd,chatafl_opt,3,l_abs,1331
1773674068,pure-ftpd,chatafl_opt,3,b_per,14.3
1773674068,pure-ftpd,chatafl_opt,3,b_abs,671
1773674068,pure-ftpd,chatafl_opt,3,l_per,20.5
1773674068,pure-ftpd,chatafl_opt,3,l_abs,1331
1773674068,pure-ftpd,chatafl_opt,3,b_per,14.3
1773674068,pure-ftpd,chatafl_opt,3,b_abs,671
1773674069,pure-ftpd,chatafl_opt,3,l_per,20.5
1773674069,pure-ftpd,chatafl_opt,3,l_abs,1331
1773674069,pure-ftpd,chatafl_opt,3,b_per,14.3
1773674069,pure-ftpd,chatafl_opt,3,b_abs,671
1773674069,pure-ftpd,chatafl_opt,3,l_per,20.5
1773674069,pure-ftpd,chatafl_opt,3,l_abs,1331
1773674069,pure-ftpd,chatafl_opt,3,b_per,14.3
1773674069,pure-ftpd,chatafl_opt,3,b_abs,671
1773674069,pure-ftpd,chatafl_opt,3,l_per,20.5
1773674069,pure-ftpd,chatafl_opt,3,l_abs,1331
1773674069,pure-ftpd,chatafl_opt,3,b_per,14.3
1773674069,pure-ftpd,chatafl_opt,3,b_abs,671
1773674070,pure-ftpd,chatafl_opt,3,l_per,20.5
1773674070,pure-ftpd,chatafl_opt,3,l_abs,1331
1773674070,pure-ftpd,chatafl_opt,3,b_per,14.3
1773674070,pure-ftpd,chatafl_opt,3,b_abs,671
1773674070,pure-ftpd,chatafl_opt,3,l_per,20.5
1773674070,pure-ftpd,chatafl_opt,3,l_abs,1331
1773674070,pure-ftpd,chatafl_opt,3,b_per,14.3
1773674070,pure-ftpd,chatafl_opt,3,b_abs,671
1773674071,pure-ftpd,chatafl_opt,3,l_per,20.5
1773674071,pure-ftpd,chatafl_opt,3,l_abs,1331
1773674071,pure-ftpd,chatafl_opt,3,b_per,14.3
1773674071,pure-ftpd,chatafl_opt,3,b_abs,671
1773674071,pure-ftpd,chatafl_opt,3,l_per,20.5
1773674071,pure-ftpd,chatafl_opt,3,l_abs,1331
1773674071,pure-ftpd,chatafl_opt,3,b_per,14.3
1773674071,pure-ftpd,chatafl_opt,3,b_abs,671
1773674071,pure-ftpd,chatafl_opt,3,l_per,20.5
1773674071,pure-ftpd,chatafl_opt,3,l_abs,1331
1773674071,pure-ftpd,chatafl_opt,3,b_per,14.3
1773674071,pure-ftpd,chatafl_opt,3,b_abs,671
1773674072,pure-ftpd,chatafl_opt,3,l_per,20.5
1773674072,pure-ftpd,chatafl_opt,3,l_abs,1331
1773674072,pure-ftpd,chatafl_opt,3,b_per,14.3
1773674072,pure-ftpd,chatafl_opt,3,b_abs,671
1773674072,pure-ftpd,chatafl_opt,3,l_per,20.5
1773674072,pure-ftpd,chatafl_opt,3,l_abs,1331
1773674072,pure-ftpd,chatafl_opt,3,b_per,14.3
1773674072,pure-ftpd,chatafl_opt,3,b_abs,672
1773674073,pure-ftpd,chatafl_opt,3,l_per,20.5
1773674073,pure-ftpd,chatafl_opt,3,l_abs,1331
1773674073,pure-ftpd,chatafl_opt,3,b_per,14.3
1773674073,pure-ftpd,chatafl_opt,3,b_abs,672
1773674073,pure-ftpd,chatafl_opt,3,l_per,20.5
1773674073,pure-ftpd,chatafl_opt,3,l_abs,1331
1773674073,pure-ftpd,chatafl_opt,3,b_per,14.3
1773674073,pure-ftpd,chatafl_opt,3,b_abs,672
1773674074,pure-ftpd,chatafl_opt,3,l_per,20.5
1773674074,pure-ftpd,chatafl_opt,3,l_abs,1331
1773674074,pure-ftpd,chatafl_opt,3,b_per,14.3
1773674074,pure-ftpd,chatafl_opt,3,b_abs,672
1773674074,pure-ftpd,chatafl_opt,3,l_per,20.8
1773674074,pure-ftpd,chatafl_opt,3,l_abs,1349
1773674074,pure-ftpd,chatafl_opt,3,b_per,14.4
1773674074,pure-ftpd,chatafl_opt,3,b_abs,678
1773674075,pure-ftpd,chatafl_opt,3,l_per,20.8
1773674075,pure-ftpd,chatafl_opt,3,l_abs,1349
1773674075,pure-ftpd,chatafl_opt,3,b_per,14.4
1773674075,pure-ftpd,chatafl_opt,3,b_abs,678
1773674077,pure-ftpd,chatafl_opt,3,l_per,20.8
1773674077,pure-ftpd,chatafl_opt,3,l_abs,1349
1773674077,pure-ftpd,chatafl_opt,3,b_per,14.4
1773674077,pure-ftpd,chatafl_opt,3,b_abs,678
1773674077,pure-ftpd,chatafl_opt,3,l_per,20.8
1773674077,pure-ftpd,chatafl_opt,3,l_abs,1349
1773674077,pure-ftpd,chatafl_opt,3,b_per,14.4
1773674077,pure-ftpd,chatafl_opt,3,b_abs,678
1773674078,pure-ftpd,chatafl_opt,3,l_per,20.8
1773674078,pure-ftpd,chatafl_opt,3,l_abs,1349
1773674078,pure-ftpd,chatafl_opt,3,b_per,14.4
1773674078,pure-ftpd,chatafl_opt,3,b_abs,678
1773674078,pure-ftpd,chatafl_opt,3,l_per,20.8
1773674078,pure-ftpd,chatafl_opt,3,l_abs,1349
1773674078,pure-ftpd,chatafl_opt,3,b_per,14.4
1773674078,pure-ftpd,chatafl_opt,3,b_abs,678
1773674078,pure-ftpd,chatafl_opt,3,l_per,20.8
1773674078,pure-ftpd,chatafl_opt,3,l_abs,1349
1773674078,pure-ftpd,chatafl_opt,3,b_per,14.4
1773674078,pure-ftpd,chatafl_opt,3,b_abs,678
1773674079,pure-ftpd,chatafl_opt,3,l_per,20.9
1773674079,pure-ftpd,chatafl_opt,3,l_abs,1357
1773674079,pure-ftpd,chatafl_opt,3,b_per,14.5
1773674079,pure-ftpd,chatafl_opt,3,b_abs,684
1773674079,pure-ftpd,chatafl_opt,3,l_per,21.0
1773674079,pure-ftpd,chatafl_opt,3,l_abs,1363
1773674079,pure-ftpd,chatafl_opt,3,b_per,14.6
1773674079,pure-ftpd,chatafl_opt,3,b_abs,689
1773674080,pure-ftpd,chatafl_opt,3,l_per,21.0
1773674080,pure-ftpd,chatafl_opt,3,l_abs,1363
1773674080,pure-ftpd,chatafl_opt,3,b_per,14.6
1773674080,pure-ftpd,chatafl_opt,3,b_abs,689
1773674080,pure-ftpd,chatafl_opt,3,l_per,21.0
1773674080,pure-ftpd,chatafl_opt,3,l_abs,1363
1773674080,pure-ftpd,chatafl_opt,3,b_per,14.6
1773674080,pure-ftpd,chatafl_opt,3,b_abs,689
1773674081,pure-ftpd,chatafl_opt,3,l_per,21.0
1773674081,pure-ftpd,chatafl_opt,3,l_abs,1363
1773674081,pure-ftpd,chatafl_opt,3,b_per,14.6
1773674081,pure-ftpd,chatafl_opt,3,b_abs,689
1773674081,pure-ftpd,chatafl_opt,3,l_per,21.0
1773674081,pure-ftpd,chatafl_opt,3,l_abs,1363
1773674081,pure-ftpd,chatafl_opt,3,b_per,14.6
1773674081,pure-ftpd,chatafl_opt,3,b_abs,689
1773674082,pure-ftpd,chatafl_opt,3,l_per,21.0
1773674082,pure-ftpd,chatafl_opt,3,l_abs,1363
1773674082,pure-ftpd,chatafl_opt,3,b_per,14.6
1773674082,pure-ftpd,chatafl_opt,3,b_abs,689
1773674082,pure-ftpd,chatafl_opt,3,l_per,21.0
1773674082,pure-ftpd,chatafl_opt,3,l_abs,1365
1773674082,pure-ftpd,chatafl_opt,3,b_per,14.7
1773674082,pure-ftpd,chatafl_opt,3,b_abs,691
1773674082,pure-ftpd,chatafl_opt,3,l_per,21.0
1773674082,pure-ftpd,chatafl_opt,3,l_abs,1365
1773674082,pure-ftpd,chatafl_opt,3,b_per,14.7
1773674082,pure-ftpd,chatafl_opt,3,b_abs,691
1773674083,pure-ftpd,chatafl_opt,3,l_per,21.0
1773674083,pure-ftpd,chatafl_opt,3,l_abs,1365
1773674083,pure-ftpd,chatafl_opt,3,b_per,14.7
1773674083,pure-ftpd,chatafl_opt,3,b_abs,691
1773674083,pure-ftpd,chatafl_opt,3,l_per,21.0
1773674083,pure-ftpd,chatafl_opt,3,l_abs,1365
1773674083,pure-ftpd,chatafl_opt,3,b_per,14.7
1773674083,pure-ftpd,chatafl_opt,3,b_abs,691
1773674084,pure-ftpd,chatafl_opt,3,l_per,21.0
1773674084,pure-ftpd,chatafl_opt,3,l_abs,1365
1773674084,pure-ftpd,chatafl_opt,3,b_per,14.7
1773674084,pure-ftpd,chatafl_opt,3,b_abs,691
1773674086,pure-ftpd,chatafl_opt,3,l_per,21.0
1773674086,pure-ftpd,chatafl_opt,3,l_abs,1365
1773674086,pure-ftpd,chatafl_opt,3,b_per,14.7
1773674086,pure-ftpd,chatafl_opt,3,b_abs,691
1773674086,pure-ftpd,chatafl_opt,3,l_per,21.0
1773674086,pure-ftpd,chatafl_opt,3,l_abs,1365
1773674086,pure-ftpd,chatafl_opt,3,b_per,14.7
1773674086,pure-ftpd,chatafl_opt,3,b_abs,691
1773674087,pure-ftpd,chatafl_opt,3,l_per,21.0
1773674087,pure-ftpd,chatafl_opt,3,l_abs,1365
1773674087,pure-ftpd,chatafl_opt,3,b_per,14.7
1773674087,pure-ftpd,chatafl_opt,3,b_abs,691
1773674087,pure-ftpd,chatafl_opt,3,l_per,21.0
1773674087,pure-ftpd,chatafl_opt,3,l_abs,1365
1773674087,pure-ftpd,chatafl_opt,3,b_per,14.7
1773674087,pure-ftpd,chatafl_opt,3,b_abs,691
1773674088,pure-ftpd,chatafl_opt,3,l_per,21.0
1773674088,pure-ftpd,chatafl_opt,3,l_abs,1365
1773674088,pure-ftpd,chatafl_opt,3,b_per,14.7
1773674088,pure-ftpd,chatafl_opt,3,b_abs,691
1773674088,pure-ftpd,chatafl_opt,3,l_per,21.0
1773674088,pure-ftpd,chatafl_opt,3,l_abs,1365
1773674088,pure-ftpd,chatafl_opt,3,b_per,14.7
1773674088,pure-ftpd,chatafl_opt,3,b_abs,691
1773674089,pure-ftpd,chatafl_opt,3,l_per,21.0
1773674089,pure-ftpd,chatafl_opt,3,l_abs,1365
1773674089,pure-ftpd,chatafl_opt,3,b_per,14.7
1773674089,pure-ftpd,chatafl_opt,3,b_abs,691
1773674089,pure-ftpd,chatafl_opt,3,l_per,21.0
1773674089,pure-ftpd,chatafl_opt,3,l_abs,1365
1773674089,pure-ftpd,chatafl_opt,3,b_per,14.7
1773674089,pure-ftpd,chatafl_opt,3,b_abs,691
1773674089,pure-ftpd,chatafl_opt,3,l_per,21.0
1773674089,pure-ftpd,chatafl_opt,3,l_abs,1365
1773674089,pure-ftpd,chatafl_opt,3,b_per,14.7
1773674089,pure-ftpd,chatafl_opt,3,b_abs,691
1773674090,pure-ftpd,chatafl_opt,3,l_per,21.0
1773674090,pure-ftpd,chatafl_opt,3,l_abs,1365
1773674090,pure-ftpd,chatafl_opt,3,b_per,14.7
1773674090,pure-ftpd,chatafl_opt,3,b_abs,691
1773674090,pure-ftpd,chatafl_opt,3,l_per,21.0
1773674090,pure-ftpd,chatafl_opt,3,l_abs,1366
1773674090,pure-ftpd,chatafl_opt,3,b_per,14.7
1773674090,pure-ftpd,chatafl_opt,3,b_abs,692
1773674091,pure-ftpd,chatafl_opt,3,l_per,21.0
1773674091,pure-ftpd,chatafl_opt,3,l_abs,1366
1773674091,pure-ftpd,chatafl_opt,3,b_per,14.7
1773674091,pure-ftpd,chatafl_opt,3,b_abs,692
1773674091,pure-ftpd,chatafl_opt,3,l_per,21.0
1773674091,pure-ftpd,chatafl_opt,3,l_abs,1366
1773674091,pure-ftpd,chatafl_opt,3,b_per,14.7
1773674091,pure-ftpd,chatafl_opt,3,b_abs,692
1773674094,pure-ftpd,chatafl_opt,3,l_per,21.0
1773674094,pure-ftpd,chatafl_opt,3,l_abs,1366
1773674094,pure-ftpd,chatafl_opt,3,b_per,14.7
1773674094,pure-ftpd,chatafl_opt,3,b_abs,692
1773674095,pure-ftpd,chatafl_opt,3,l_per,21.0
1773674095,pure-ftpd,chatafl_opt,3,l_abs,1366
1773674095,pure-ftpd,chatafl_opt,3,b_per,14.7
1773674095,pure-ftpd,chatafl_opt,3,b_abs,692
1773674095,pure-ftpd,chatafl_opt,3,l_per,21.0
1773674095,pure-ftpd,chatafl_opt,3,l_abs,1366
1773674095,pure-ftpd,chatafl_opt,3,b_per,14.7
1773674095,pure-ftpd,chatafl_opt,3,b_abs,692
1773674096,pure-ftpd,chatafl_opt,3,l_per,21.0
1773674096,pure-ftpd,chatafl_opt,3,l_abs,1366
1773674096,pure-ftpd,chatafl_opt,3,b_per,14.7
1773674096,pure-ftpd,chatafl_opt,3,b_abs,692
1773674096,pure-ftpd,chatafl_opt,3,l_per,21.0
1773674096,pure-ftpd,chatafl_opt,3,l_abs,1366
1773674096,pure-ftpd,chatafl_opt,3,b_per,14.7
1773674096,pure-ftpd,chatafl_opt,3,b_abs,692
1773674097,pure-ftpd,chatafl_opt,3,l_per,21.0
1773674097,pure-ftpd,chatafl_opt,3,l_abs,1366
1773674097,pure-ftpd,chatafl_opt,3,b_per,14.7
1773674097,pure-ftpd,chatafl_opt,3,b_abs,692
1773674097,pure-ftpd,chatafl_opt,3,l_per,21.0
1773674097,pure-ftpd,chatafl_opt,3,l_abs,1366
1773674097,pure-ftpd,chatafl_opt,3,b_per,14.7
1773674097,pure-ftpd,chatafl_opt,3,b_abs,692
1773674098,pure-ftpd,chatafl_opt,3,l_per,21.0
1773674098,pure-ftpd,chatafl_opt,3,l_abs,1366
1773674098,pure-ftpd,chatafl_opt,3,b_per,14.7
1773674098,pure-ftpd,chatafl_opt,3,b_abs,692
1773674098,pure-ftpd,chatafl_opt,3,l_per,21.0
1773674098,pure-ftpd,chatafl_opt,3,l_abs,1366
1773674098,pure-ftpd,chatafl_opt,3,b_per,14.7
1773674098,pure-ftpd,chatafl_opt,3,b_abs,692
1773674099,pure-ftpd,chatafl_opt,3,l_per,21.0
1773674099,pure-ftpd,chatafl_opt,3,l_abs,1366
1773674099,pure-ftpd,chatafl_opt,3,b_per,14.7
1773674099,pure-ftpd,chatafl_opt,3,b_abs,692
1773674099,pure-ftpd,chatafl_opt,3,l_per,21.0
1773674099,pure-ftpd,chatafl_opt,3,l_abs,1366
1773674099,pure-ftpd,chatafl_opt,3,b_per,14.7
1773674099,pure-ftpd,chatafl_opt,3,b_abs,692
1773674100,pure-ftpd,chatafl_opt,3,l_per,21.0
1773674100,pure-ftpd,chatafl_opt,3,l_abs,1366
1773674100,pure-ftpd,chatafl_opt,3,b_per,14.7
1773674100,pure-ftpd,chatafl_opt,3,b_abs,692
1773674100,pure-ftpd,chatafl_opt,3,l_per,21.0
1773674100,pure-ftpd,chatafl_opt,3,l_abs,1366
1773674100,pure-ftpd,chatafl_opt,3,b_per,14.7
1773674100,pure-ftpd,chatafl_opt,3,b_abs,692
1773674104,pure-ftpd,chatafl_opt,3,l_per,21.0
1773674104,pure-ftpd,chatafl_opt,3,l_abs,1366
1773674104,pure-ftpd,chatafl_opt,3,b_per,14.7
1773674104,pure-ftpd,chatafl_opt,3,b_abs,692
1773674104,pure-ftpd,chatafl_opt,3,l_per,21.0
1773674104,pure-ftpd,chatafl_opt,3,l_abs,1366
1773674104,pure-ftpd,chatafl_opt,3,b_per,14.7
1773674104,pure-ftpd,chatafl_opt,3,b_abs,692
1773674105,pure-ftpd,chatafl_opt,3,l_per,21.0
1773674105,pure-ftpd,chatafl_opt,3,l_abs,1366
1773674105,pure-ftpd,chatafl_opt,3,b_per,14.7
1773674105,pure-ftpd,chatafl_opt,3,b_abs,692
1773674105,pure-ftpd,chatafl_opt,3,l_per,21.0
1773674105,pure-ftpd,chatafl_opt,3,l_abs,1366
1773674105,pure-ftpd,chatafl_opt,3,b_per,14.7
1773674105,pure-ftpd,chatafl_opt,3,b_abs,693
1773674106,pure-ftpd,chatafl_opt,3,l_per,21.0
1773674106,pure-ftpd,chatafl_opt,3,l_abs,1366
1773674106,pure-ftpd,chatafl_opt,3,b_per,14.7
1773674106,pure-ftpd,chatafl_opt,3,b_abs,693
1773674106,pure-ftpd,chatafl_opt,3,l_per,21.0
1773674106,pure-ftpd,chatafl_opt,3,l_abs,1366
1773674106,pure-ftpd,chatafl_opt,3,b_per,14.7
1773674106,pure-ftpd,chatafl_opt,3,b_abs,693
1773674107,pure-ftpd,chatafl_opt,3,l_per,21.0
1773674107,pure-ftpd,chatafl_opt,3,l_abs,1366
1773674107,pure-ftpd,chatafl_opt,3,b_per,14.7
1773674107,pure-ftpd,chatafl_opt,3,b_abs,693
1773674107,pure-ftpd,chatafl_opt,3,l_per,21.0
1773674107,pure-ftpd,chatafl_opt,3,l_abs,1366
1773674107,pure-ftpd,chatafl_opt,3,b_per,14.7
1773674107,pure-ftpd,chatafl_opt,3,b_abs,693
1773674108,pure-ftpd,chatafl_opt,3,l_per,21.0
1773674108,pure-ftpd,chatafl_opt,3,l_abs,1366
1773674108,pure-ftpd,chatafl_opt,3,b_per,14.7
1773674108,pure-ftpd,chatafl_opt,3,b_abs,693
1773674108,pure-ftpd,chatafl_opt,3,l_per,21.0
1773674108,pure-ftpd,chatafl_opt,3,l_abs,1366
1773674108,pure-ftpd,chatafl_opt,3,b_per,14.7
1773674108,pure-ftpd,chatafl_opt,3,b_abs,693
1773674109,pure-ftpd,chatafl_opt,3,l_per,21.0
1773674109,pure-ftpd,chatafl_opt,3,l_abs,1366
1773674109,pure-ftpd,chatafl_opt,3,b_per,14.7
1773674109,pure-ftpd,chatafl_opt,3,b_abs,693
1773674109,pure-ftpd,chatafl_opt,3,l_per,21.0
1773674109,pure-ftpd,chatafl_opt,3,l_abs,1366
1773674109,pure-ftpd,chatafl_opt,3,b_per,14.7
1773674109,pure-ftpd,chatafl_opt,3,b_abs,693
1773674110,pure-ftpd,chatafl_opt,3,l_per,21.0
1773674110,pure-ftpd,chatafl_opt,3,l_abs,1366
1773674110,pure-ftpd,chatafl_opt,3,b_per,14.7
1773674110,pure-ftpd,chatafl_opt,3,b_abs,693
1773674110,pure-ftpd,chatafl_opt,3,l_per,21.0
1773674110,pure-ftpd,chatafl_opt,3,l_abs,1366
1773674110,pure-ftpd,chatafl_opt,3,b_per,14.7
1773674110,pure-ftpd,chatafl_opt,3,b_abs,693
1773674111,pure-ftpd,chatafl_opt,3,l_per,21.0
1773674111,pure-ftpd,chatafl_opt,3,l_abs,1366
1773674111,pure-ftpd,chatafl_opt,3,b_per,14.7
1773674111,pure-ftpd,chatafl_opt,3,b_abs,693
1773674111,pure-ftpd,chatafl_opt,3,l_per,21.0
1773674111,pure-ftpd,chatafl_opt,3,l_abs,1366
1773674111,pure-ftpd,chatafl_opt,3,b_per,14.7
1773674111,pure-ftpd,chatafl_opt,3,b_abs,693
1773674112,pure-ftpd,chatafl_opt,3,l_per,21.0
1773674112,pure-ftpd,chatafl_opt,3,l_abs,1366
1773674112,pure-ftpd,chatafl_opt,3,b_per,14.7
1773674112,pure-ftpd,chatafl_opt,3,b_abs,693
1773674113,pure-ftpd,chatafl_opt,3,l_per,21.0
1773674113,pure-ftpd,chatafl_opt,3,l_abs,1366
1773674113,pure-ftpd,chatafl_opt,3,b_per,14.7
1773674113,pure-ftpd,chatafl_opt,3,b_abs,693
1773674113,pure-ftpd,chatafl_opt,3,l_per,21.0
1773674113,pure-ftpd,chatafl_opt,3,l_abs,1366
1773674113,pure-ftpd,chatafl_opt,3,b_per,14.7
1773674113,pure-ftpd,chatafl_opt,3,b_abs,693
1773674113,pure-ftpd,chatafl_opt,3,l_per,21.0
1773674113,pure-ftpd,chatafl_opt,3,l_abs,1366
1773674113,pure-ftpd,chatafl_opt,3,b_per,14.7
1773674113,pure-ftpd,chatafl_opt,3,b_abs,693
1773674114,pure-ftpd,chatafl_opt,3,l_per,21.0
1773674114,pure-ftpd,chatafl_opt,3,l_abs,1366
1773674114,pure-ftpd,chatafl_opt,3,b_per,14.7
1773674114,pure-ftpd,chatafl_opt,3,b_abs,693
1773674114,pure-ftpd,chatafl_opt,3,l_per,21.0
1773674114,pure-ftpd,chatafl_opt,3,l_abs,1366
1773674114,pure-ftpd,chatafl_opt,3,b_per,14.7
1773674114,pure-ftpd,chatafl_opt,3,b_abs,693
1773674115,pure-ftpd,chatafl_opt,3,l_per,21.0
1773674115,pure-ftpd,chatafl_opt,3,l_abs,1366
1773674115,pure-ftpd,chatafl_opt,3,b_per,14.7
1773674115,pure-ftpd,chatafl_opt,3,b_abs,693
1773674115,pure-ftpd,chatafl_opt,3,l_per,21.0
1773674115,pure-ftpd,chatafl_opt,3,l_abs,1366
1773674115,pure-ftpd,chatafl_opt,3,b_per,14.7
1773674115,pure-ftpd,chatafl_opt,3,b_abs,693
1773674116,pure-ftpd,chatafl_opt,3,l_per,21.0
1773674116,pure-ftpd,chatafl_opt,3,l_abs,1366
1773674116,pure-ftpd,chatafl_opt,3,b_per,14.7
1773674116,pure-ftpd,chatafl_opt,3,b_abs,693
1773674116,pure-ftpd,chatafl_opt,3,l_per,21.0
1773674116,pure-ftpd,chatafl_opt,3,l_abs,1366
1773674116,pure-ftpd,chatafl_opt,3,b_per,14.7
1773674116,pure-ftpd,chatafl_opt,3,b_abs,693
1773674117,pure-ftpd,chatafl_opt,3,l_per,21.0
1773674117,pure-ftpd,chatafl_opt,3,l_abs,1366
1773674117,pure-ftpd,chatafl_opt,3,b_per,14.7
1773674117,pure-ftpd,chatafl_opt,3,b_abs,693
1773674117,pure-ftpd,chatafl_opt,3,l_per,21.0
1773674117,pure-ftpd,chatafl_opt,3,l_abs,1366
1773674117,pure-ftpd,chatafl_opt,3,b_per,14.7
1773674117,pure-ftpd,chatafl_opt,3,b_abs,693
1773674118,pure-ftpd,chatafl_opt,3,l_per,21.0
1773674118,pure-ftpd,chatafl_opt,3,l_abs,1366
1773674118,pure-ftpd,chatafl_opt,3,b_per,14.7
1773674118,pure-ftpd,chatafl_opt,3,b_abs,693
1773674118,pure-ftpd,chatafl_opt,3,l_per,21.0
1773674118,pure-ftpd,chatafl_opt,3,l_abs,1366
1773674118,pure-ftpd,chatafl_opt,3,b_per,14.7
1773674118,pure-ftpd,chatafl_opt,3,b_abs,693
1773674119,pure-ftpd,chatafl_opt,3,l_per,21.1
1773674119,pure-ftpd,chatafl_opt,3,l_abs,1368
1773674119,pure-ftpd,chatafl_opt,3,b_per,14.8
1773674119,pure-ftpd,chatafl_opt,3,b_abs,695
1773674119,pure-ftpd,chatafl_opt,3,l_per,21.1
1773674119,pure-ftpd,chatafl_opt,3,l_abs,1368
1773674119,pure-ftpd,chatafl_opt,3,b_per,14.8
1773674119,pure-ftpd,chatafl_opt,3,b_abs,695
1773674119,pure-ftpd,chatafl_opt,3,l_per,21.1
1773674119,pure-ftpd,chatafl_opt,3,l_abs,1368
1773674119,pure-ftpd,chatafl_opt,3,b_per,14.8
1773674119,pure-ftpd,chatafl_opt,3,b_abs,695
1773674120,pure-ftpd,chatafl_opt,3,l_per,21.1
1773674120,pure-ftpd,chatafl_opt,3,l_abs,1368
1773674120,pure-ftpd,chatafl_opt,3,b_per,14.8
1773674120,pure-ftpd,chatafl_opt,3,b_abs,695
1773674120,pure-ftpd,chatafl_opt,3,l_per,21.1
1773674120,pure-ftpd,chatafl_opt,3,l_abs,1368
1773674120,pure-ftpd,chatafl_opt,3,b_per,14.8
1773674120,pure-ftpd,chatafl_opt,3,b_abs,695
1773674123,pure-ftpd,chatafl_opt,3,l_per,21.1
1773674123,pure-ftpd,chatafl_opt,3,l_abs,1369
1773674123,pure-ftpd,chatafl_opt,3,b_per,14.8
1773674123,pure-ftpd,chatafl_opt,3,b_abs,696
1773674123,pure-ftpd,chatafl_opt,3,l_per,21.1
1773674123,pure-ftpd,chatafl_opt,3,l_abs,1369
1773674123,pure-ftpd,chatafl_opt,3,b_per,14.8
1773674123,pure-ftpd,chatafl_opt,3,b_abs,696
1773674124,pure-ftpd,chatafl_opt,3,l_per,21.1
1773674124,pure-ftpd,chatafl_opt,3,l_abs,1369
1773674124,pure-ftpd,chatafl_opt,3,b_per,14.8
1773674124,pure-ftpd,chatafl_opt,3,b_abs,696
1773674125,pure-ftpd,chatafl_opt,3,l_per,21.1
1773674125,pure-ftpd,chatafl_opt,3,l_abs,1369
1773674125,pure-ftpd,chatafl_opt,3,b_per,14.8
1773674125,pure-ftpd,chatafl_opt,3,b_abs,696
1773674125,pure-ftpd,chatafl_opt,3,l_per,21.1
1773674125,pure-ftpd,chatafl_opt,3,l_abs,1369
1773674125,pure-ftpd,chatafl_opt,3,b_per,14.8
1773674125,pure-ftpd,chatafl_opt,3,b_abs,696
1773674125,pure-ftpd,chatafl_opt,3,l_per,21.1
1773674125,pure-ftpd,chatafl_opt,3,l_abs,1369
1773674125,pure-ftpd,chatafl_opt,3,b_per,14.8
1773674125,pure-ftpd,chatafl_opt,3,b_abs,696
1773674126,pure-ftpd,chatafl_opt,3,l_per,21.1
1773674126,pure-ftpd,chatafl_opt,3,l_abs,1369
1773674126,pure-ftpd,chatafl_opt,3,b_per,14.8
1773674126,pure-ftpd,chatafl_opt,3,b_abs,696
1773674126,pure-ftpd,chatafl_opt,3,l_per,21.1
1773674126,pure-ftpd,chatafl_opt,3,l_abs,1369
1773674126,pure-ftpd,chatafl_opt,3,b_per,14.8
1773674126,pure-ftpd,chatafl_opt,3,b_abs,696
1773674127,pure-ftpd,chatafl_opt,3,l_per,21.1
1773674127,pure-ftpd,chatafl_opt,3,l_abs,1369
1773674127,pure-ftpd,chatafl_opt,3,b_per,14.8
1773674127,pure-ftpd,chatafl_opt,3,b_abs,696
1773674127,pure-ftpd,chatafl_opt,3,l_per,21.1
1773674127,pure-ftpd,chatafl_opt,3,l_abs,1369
1773674127,pure-ftpd,chatafl_opt,3,b_per,14.8
1773674127,pure-ftpd,chatafl_opt,3,b_abs,696
1773674128,pure-ftpd,chatafl_opt,3,l_per,21.1
1773674128,pure-ftpd,chatafl_opt,3,l_abs,1369
1773674128,pure-ftpd,chatafl_opt,3,b_per,14.8
1773674128,pure-ftpd,chatafl_opt,3,b_abs,696
1773674128,pure-ftpd,chatafl_opt,3,l_per,21.1
1773674128,pure-ftpd,chatafl_opt,3,l_abs,1369
1773674128,pure-ftpd,chatafl_opt,3,b_per,14.8
1773674128,pure-ftpd,chatafl_opt,3,b_abs,696
1773674129,pure-ftpd,chatafl_opt,3,l_per,21.1
1773674129,pure-ftpd,chatafl_opt,3,l_abs,1369
1773674129,pure-ftpd,chatafl_opt,3,b_per,14.8
1773674129,pure-ftpd,chatafl_opt,3,b_abs,696
1773674129,pure-ftpd,chatafl_opt,3,l_per,21.1
1773674129,pure-ftpd,chatafl_opt,3,l_abs,1369
1773674129,pure-ftpd,chatafl_opt,3,b_per,14.8
1773674129,pure-ftpd,chatafl_opt,3,b_abs,696
1773674130,pure-ftpd,chatafl_opt,3,l_per,21.1
1773674130,pure-ftpd,chatafl_opt,3,l_abs,1369
1773674130,pure-ftpd,chatafl_opt,3,b_per,14.8
1773674130,pure-ftpd,chatafl_opt,3,b_abs,696
1773674130,pure-ftpd,chatafl_opt,3,l_per,21.1
1773674130,pure-ftpd,chatafl_opt,3,l_abs,1369
1773674130,pure-ftpd,chatafl_opt,3,b_per,14.8
1773674130,pure-ftpd,chatafl_opt,3,b_abs,696
1773674131,pure-ftpd,chatafl_opt,3,l_per,21.1
1773674131,pure-ftpd,chatafl_opt,3,l_abs,1369
1773674131,pure-ftpd,chatafl_opt,3,b_per,14.8
1773674131,pure-ftpd,chatafl_opt,3,b_abs,696
1773674131,pure-ftpd,chatafl_opt,3,l_per,21.1
1773674131,pure-ftpd,chatafl_opt,3,l_abs,1369
1773674131,pure-ftpd,chatafl_opt,3,b_per,14.8
1773674131,pure-ftpd,chatafl_opt,3,b_abs,696
1773674133,pure-ftpd,chatafl_opt,3,l_per,21.3
1773674133,pure-ftpd,chatafl_opt,3,l_abs,1382
1773674133,pure-ftpd,chatafl_opt,3,b_per,14.9
1773674133,pure-ftpd,chatafl_opt,3,b_abs,699
1773674133,pure-ftpd,chatafl_opt,3,l_per,21.3
1773674133,pure-ftpd,chatafl_opt,3,l_abs,1382
1773674133,pure-ftpd,chatafl_opt,3,b_per,14.9
1773674133,pure-ftpd,chatafl_opt,3,b_abs,699
1773674134,pure-ftpd,chatafl_opt,3,l_per,21.3
1773674134,pure-ftpd,chatafl_opt,3,l_abs,1382
1773674134,pure-ftpd,chatafl_opt,3,b_per,14.9
1773674134,pure-ftpd,chatafl_opt,3,b_abs,699
1773674134,pure-ftpd,chatafl_opt,3,l_per,21.3
1773674134,pure-ftpd,chatafl_opt,3,l_abs,1382
1773674134,pure-ftpd,chatafl_opt,3,b_per,14.9
1773674134,pure-ftpd,chatafl_opt,3,b_abs,699
1773674135,pure-ftpd,chatafl_opt,3,l_per,21.3
1773674135,pure-ftpd,chatafl_opt,3,l_abs,1382
1773674135,pure-ftpd,chatafl_opt,3,b_per,14.9
1773674135,pure-ftpd,chatafl_opt,3,b_abs,699
1773674135,pure-ftpd,chatafl_opt,3,l_per,21.3
1773674135,pure-ftpd,chatafl_opt,3,l_abs,1382
1773674135,pure-ftpd,chatafl_opt,3,b_per,14.9
1773674135,pure-ftpd,chatafl_opt,3,b_abs,699
1773674136,pure-ftpd,chatafl_opt,3,l_per,21.3
1773674136,pure-ftpd,chatafl_opt,3,l_abs,1382
1773674136,pure-ftpd,chatafl_opt,3,b_per,14.9
1773674136,pure-ftpd,chatafl_opt,3,b_abs,699
1773674136,pure-ftpd,chatafl_opt,3,l_per,21.3
1773674136,pure-ftpd,chatafl_opt,3,l_abs,1382
1773674136,pure-ftpd,chatafl_opt,3,b_per,14.9
1773674136,pure-ftpd,chatafl_opt,3,b_abs,699
1773674137,pure-ftpd,chatafl_opt,3,l_per,21.3
1773674137,pure-ftpd,chatafl_opt,3,l_abs,1382
1773674137,pure-ftpd,chatafl_opt,3,b_per,14.9
1773674137,pure-ftpd,chatafl_opt,3,b_abs,699
1773674137,pure-ftpd,chatafl_opt,3,l_per,21.3
1773674137,pure-ftpd,chatafl_opt,3,l_abs,1382
1773674137,pure-ftpd,chatafl_opt,3,b_per,14.9
1773674137,pure-ftpd,chatafl_opt,3,b_abs,699
1773674138,pure-ftpd,chatafl_opt,3,l_per,21.3
1773674138,pure-ftpd,chatafl_opt,3,l_abs,1382
1773674138,pure-ftpd,chatafl_opt,3,b_per,14.9
1773674138,pure-ftpd,chatafl_opt,3,b_abs,699
1773674138,pure-ftpd,chatafl_opt,3,l_per,21.3
1773674138,pure-ftpd,chatafl_opt,3,l_abs,1382
1773674138,pure-ftpd,chatafl_opt,3,b_per,14.9
1773674138,pure-ftpd,chatafl_opt,3,b_abs,699
1773674140,pure-ftpd,chatafl_opt,3,l_per,21.3
1773674140,pure-ftpd,chatafl_opt,3,l_abs,1382
1773674140,pure-ftpd,chatafl_opt,3,b_per,14.9
1773674140,pure-ftpd,chatafl_opt,3,b_abs,699
1773674141,pure-ftpd,chatafl_opt,3,l_per,21.3
1773674141,pure-ftpd,chatafl_opt,3,l_abs,1382
1773674141,pure-ftpd,chatafl_opt,3,b_per,14.9
1773674141,pure-ftpd,chatafl_opt,3,b_abs,699
1773674141,pure-ftpd,chatafl_opt,3,l_per,21.3
1773674141,pure-ftpd,chatafl_opt,3,l_abs,1382
1773674141,pure-ftpd,chatafl_opt,3,b_per,14.9
1773674141,pure-ftpd,chatafl_opt,3,b_abs,699
1773674142,pure-ftpd,chatafl_opt,3,l_per,21.3
1773674142,pure-ftpd,chatafl_opt,3,l_abs,1382
1773674142,pure-ftpd,chatafl_opt,3,b_per,14.9
1773674142,pure-ftpd,chatafl_opt,3,b_abs,699
1773674142,pure-ftpd,chatafl_opt,3,l_per,21.3
1773674142,pure-ftpd,chatafl_opt,3,l_abs,1382
1773674142,pure-ftpd,chatafl_opt,3,b_per,14.9
1773674142,pure-ftpd,chatafl_opt,3,b_abs,699
1773674142,pure-ftpd,chatafl_opt,3,l_per,21.3
1773674142,pure-ftpd,chatafl_opt,3,l_abs,1382
1773674142,pure-ftpd,chatafl_opt,3,b_per,14.9
1773674142,pure-ftpd,chatafl_opt,3,b_abs,699
1773674143,pure-ftpd,chatafl_opt,3,l_per,21.3
1773674143,pure-ftpd,chatafl_opt,3,l_abs,1382
1773674143,pure-ftpd,chatafl_opt,3,b_per,14.9
1773674143,pure-ftpd,chatafl_opt,3,b_abs,699
1773674144,pure-ftpd,chatafl_opt,3,l_per,21.3
1773674144,pure-ftpd,chatafl_opt,3,l_abs,1382
1773674144,pure-ftpd,chatafl_opt,3,b_per,14.9
1773674144,pure-ftpd,chatafl_opt,3,b_abs,699
1773674144,pure-ftpd,chatafl_opt,3,l_per,21.3
1773674144,pure-ftpd,chatafl_opt,3,l_abs,1382
1773674144,pure-ftpd,chatafl_opt,3,b_per,14.9
1773674144,pure-ftpd,chatafl_opt,3,b_abs,699
1773674145,pure-ftpd,chatafl_opt,3,l_per,21.3
1773674145,pure-ftpd,chatafl_opt,3,l_abs,1382
1773674145,pure-ftpd,chatafl_opt,3,b_per,14.9
1773674145,pure-ftpd,chatafl_opt,3,b_abs,699
1773674145,pure-ftpd,chatafl_opt,3,l_per,21.3
1773674145,pure-ftpd,chatafl_opt,3,l_abs,1382
1773674145,pure-ftpd,chatafl_opt,3,b_per,14.9
1773674145,pure-ftpd,chatafl_opt,3,b_abs,699
1773674146,pure-ftpd,chatafl_opt,3,l_per,21.3
1773674146,pure-ftpd,chatafl_opt,3,l_abs,1382
1773674146,pure-ftpd,chatafl_opt,3,b_per,14.9
1773674146,pure-ftpd,chatafl_opt,3,b_abs,699
1773674148,pure-ftpd,chatafl_opt,3,l_per,21.3
1773674148,pure-ftpd,chatafl_opt,3,l_abs,1382
1773674148,pure-ftpd,chatafl_opt,3,b_per,14.9
1773674148,pure-ftpd,chatafl_opt,3,b_abs,699
1773674149,pure-ftpd,chatafl_opt,3,l_per,21.3
1773674149,pure-ftpd,chatafl_opt,3,l_abs,1382
1773674149,pure-ftpd,chatafl_opt,3,b_per,14.9
1773674149,pure-ftpd,chatafl_opt,3,b_abs,699
1773674149,pure-ftpd,chatafl_opt,3,l_per,21.3
1773674149,pure-ftpd,chatafl_opt,3,l_abs,1382
1773674149,pure-ftpd,chatafl_opt,3,b_per,14.9
1773674149,pure-ftpd,chatafl_opt,3,b_abs,699
1773674152,pure-ftpd,chatafl_opt,3,l_per,21.3
1773674152,pure-ftpd,chatafl_opt,3,l_abs,1382
1773674152,pure-ftpd,chatafl_opt,3,b_per,14.9
1773674152,pure-ftpd,chatafl_opt,3,b_abs,699
1773674152,pure-ftpd,chatafl_opt,3,l_per,21.3
1773674152,pure-ftpd,chatafl_opt,3,l_abs,1382
1773674152,pure-ftpd,chatafl_opt,3,b_per,14.9
1773674152,pure-ftpd,chatafl_opt,3,b_abs,699
1773674066,pure-ftpd,chatafl_opt,3,l_per,21.3
1773674066,pure-ftpd,chatafl_opt,3,l_abs,1382
1773674066,pure-ftpd,chatafl_opt,3,b_per,14.9
1773674066,pure-ftpd,chatafl_opt,3,b_abs,699
1773674087,pure-ftpd,chatafl_opt,3,l_per,21.3
1773674087,pure-ftpd,chatafl_opt,3,l_abs,1382
1773674087,pure-ftpd,chatafl_opt,3,b_per,14.9
1773674087,pure-ftpd,chatafl_opt,3,b_abs,699
1773674113,pure-ftpd,chatafl_opt,3,l_per,21.3
1773674113,pure-ftpd,chatafl_opt,3,l_abs,1382
1773674113,pure-ftpd,chatafl_opt,3,b_per,14.9
1773674113,pure-ftpd,chatafl_opt,3,b_abs,701
1773674135,pure-ftpd,chatafl_opt,3,l_per,21.3
1773674135,pure-ftpd,chatafl_opt,3,l_abs,1382
1773674135,pure-ftpd,chatafl_opt,3,b_per,14.9
1773674135,pure-ftpd,chatafl_opt,3,b_abs,701
1773674456,pure-ftpd,chatafl_opt,3,l_per,21.8
1773674456,pure-ftpd,chatafl_opt,3,l_abs,1414
1773674456,pure-ftpd,chatafl_opt,3,b_per,15.3
1773674456,pure-ftpd,chatafl_opt,3,b_abs,718
1773674648,pure-ftpd,chatafl_opt,3,l_per,21.8
1773674648,pure-ftpd,chatafl_opt,3,l_abs,1415
1773674648,pure-ftpd,chatafl_opt,3,b_per,15.3
1773674648,pure-ftpd,chatafl_opt,3,b_abs,720
1773674863,pure-ftpd,chatafl_opt,3,l_per,22.2
1773674863,pure-ftpd,chatafl_opt,3,l_abs,1444
1773674863,pure-ftpd,chatafl_opt,3,b_per,15.7
1773674863,pure-ftpd,chatafl_opt,3,b_abs,738
1773675168,pure-ftpd,chatafl_opt,3,l_per,23.1
1773675168,pure-ftpd,chatafl_opt,3,l_abs,1499
1773675168,pure-ftpd,chatafl_opt,3,b_per,16.6
1773675168,pure-ftpd,chatafl_opt,3,b_abs,780
1773675575,pure-ftpd,chatafl_opt,3,l_per,23.8
1773675575,pure-ftpd,chatafl_opt,3,l_abs,1543
1773675575,pure-ftpd,chatafl_opt,3,b_per,17.2
1773675575,pure-ftpd,chatafl_opt,3,b_abs,808
1773675998,pure-ftpd,chatafl_opt,3,l_per,25.9
1773675998,pure-ftpd,chatafl_opt,3,l_abs,1685
1773675998,pure-ftpd,chatafl_opt,3,b_per,19.0
1773675998,pure-ftpd,chatafl_opt,3,b_abs,893
1773676465,pure-ftpd,chatafl_opt,3,l_per,26.2
1773676465,pure-ftpd,chatafl_opt,3,l_abs,1699
1773676465,pure-ftpd,chatafl_opt,3,b_per,19.2
1773676465,pure-ftpd,chatafl_opt,3,b_abs,904
1773677346,pure-ftpd,chatafl_opt,3,l_per,26.3
1773677346,pure-ftpd,chatafl_opt,3,l_abs,1707
1773677346,pure-ftpd,chatafl_opt,3,b_per,19.3
1773677346,pure-ftpd,chatafl_opt,3,b_abs,910
1773678177,pure-ftpd,chatafl_opt,3,l_per,26.6
1773678177,pure-ftpd,chatafl_opt,3,l_abs,1728
1773678177,pure-ftpd,chatafl_opt,3,b_per,19.7
1773678177,pure-ftpd,chatafl_opt,3,b_abs,927
1773679101,pure-ftpd,chatafl_opt,3,l_per,26.7
1773679101,pure-ftpd,chatafl_opt,3,l_abs,1735
1773679101,pure-ftpd,chatafl_opt,3,b_per,19.9
1773679101,pure-ftpd,chatafl_opt,3,b_abs,936
1773680347,pure-ftpd,chatafl_opt,3,l_per,26.7
1773680347,pure-ftpd,chatafl_opt,3,l_abs,1737
1773680347,pure-ftpd,chatafl_opt,3,b_per,20.0
1773680347,pure-ftpd,chatafl_opt,3,b_abs,939
1773681061,pure-ftpd,chatafl_opt,3,l_per,26.9
1773681061,pure-ftpd,chatafl_opt,3,l_abs,1745
1773681061,pure-ftpd,chatafl_opt,3,b_per,20.0
1773681061,pure-ftpd,chatafl_opt,3,b_abs,943
1773682366,pure-ftpd,chatafl_opt,3,l_per,26.9
1773682366,pure-ftpd,chatafl_opt,3,l_abs,1747
1773682366,pure-ftpd,chatafl_opt,3,b_per,20.1
1773682366,pure-ftpd,chatafl_opt,3,b_abs,945
1773683802,pure-ftpd,chatafl_opt,3,l_per,31.7
1773683802,pure-ftpd,chatafl_opt,3,l_abs,2058
1773683802,pure-ftpd,chatafl_opt,3,b_per,24.0
1773683802,pure-ftpd,chatafl_opt,3,b_abs,1130
1773685027,pure-ftpd,chatafl_opt,3,l_per,31.7
1773685027,pure-ftpd,chatafl_opt,3,l_abs,2060
1773685027,pure-ftpd,chatafl_opt,3,b_per,24.0
1773685027,pure-ftpd,chatafl_opt,3,b_abs,1131
1773686818,pure-ftpd,chatafl_opt,3,l_per,31.8
1773686818,pure-ftpd,chatafl_opt,3,l_abs,2068
1773686818,pure-ftpd,chatafl_opt,3,b_per,24.1
1773686818,pure-ftpd,chatafl_opt,3,b_abs,1135
1773689904,pure-ftpd,chatafl_opt,3,l_per,32.3
1773689904,pure-ftpd,chatafl_opt,3,l_abs,2098
1773689904,pure-ftpd,chatafl_opt,3,b_per,24.5
1773689904,pure-ftpd,chatafl_opt,3,b_abs,1154
1773691867,pure-ftpd,chatafl_opt,3,l_per,32.3
1773691867,pure-ftpd,chatafl_opt,3,l_abs,2098
1773691867,pure-ftpd,chatafl_opt,3,b_per,24.5
1773691867,pure-ftpd,chatafl_opt,3,b_abs,1154
1773694307,pure-ftpd,chatafl_opt,3,l_per,32.4
1773694307,pure-ftpd,chatafl_opt,3,l_abs,2104
1773694307,pure-ftpd,chatafl_opt,3,b_per,24.7
1773694307,pure-ftpd,chatafl_opt,3,b_abs,1163
1773697491,pure-ftpd,chatafl_opt,3,l_per,32.5
1773697491,pure-ftpd,chatafl_opt,3,l_abs,2110
1773697491,pure-ftpd,chatafl_opt,3,b_per,24.9
1773697491,pure-ftpd,chatafl_opt,3,b_abs,1172
1773700156,pure-ftpd,chatafl_opt,3,l_per,32.6
1773700156,pure-ftpd,chatafl_opt,3,l_abs,2119
1773700156,pure-ftpd,chatafl_opt,3,b_per,25.1
1773700156,pure-ftpd,chatafl_opt,3,b_abs,1180
1773703495,pure-ftpd,chatafl_opt,3,l_per,32.7
1773703495,pure-ftpd,chatafl_opt,3,l_abs,2126
1773703495,pure-ftpd,chatafl_opt,3,b_per,25.2
1773703495,pure-ftpd,chatafl_opt,3,b_abs,1184
1773706662,pure-ftpd,chatafl_opt,3,l_per,33.1
1773706662,pure-ftpd,chatafl_opt,3,l_abs,2150
1773706662,pure-ftpd,chatafl_opt,3,b_per,25.7
1773706662,pure-ftpd,chatafl_opt,3,b_abs,1210
1773709463,pure-ftpd,chatafl_opt,3,l_per,33.2
1773709463,pure-ftpd,chatafl_opt,3,l_abs,2155
1773709463,pure-ftpd,chatafl_opt,3,b_per,25.9
1773709463,pure-ftpd,chatafl_opt,3,b_abs,1218
1773712903,pure-ftpd,chatafl_opt,3,l_per,33.2
1773712903,pure-ftpd,chatafl_opt,3,l_abs,2157
1773712903,pure-ftpd,chatafl_opt,3,b_per,26.0
1773712903,pure-ftpd,chatafl_opt,3,b_abs,1223
1773716597,pure-ftpd,chatafl_opt,3,l_per,33.4
1773716597,pure-ftpd,chatafl_opt,3,l_abs,2168
1773716597,pure-ftpd,chatafl_opt,3,b_per,26.2
1773716597,pure-ftpd,chatafl_opt,3,b_abs,1232
1773718949,pure-ftpd,chatafl_opt,3,l_per,33.5
1773718949,pure-ftpd,chatafl_opt,3,l_abs,2173
1773718949,pure-ftpd,chatafl_opt,3,b_per,26.2
1773718949,pure-ftpd,chatafl_opt,3,b_abs,1235
1773721051,pure-ftpd,chatafl_opt,3,l_per,33.8
1773721051,pure-ftpd,chatafl_opt,3,l_abs,2193
1773721051,pure-ftpd,chatafl_opt,3,b_per,26.5
1773721051,pure-ftpd,chatafl_opt,3,b_abs,1247
1773724244,pure-ftpd,chatafl_opt,3,l_per,33.8
1773724244,pure-ftpd,chatafl_opt,3,l_abs,2196
1773724244,pure-ftpd,chatafl_opt,3,b_per,26.6
1773724244,pure-ftpd,chatafl_opt,3,b_abs,1250
1773729466,pure-ftpd,chatafl_opt,3,l_per,33.8
1773729466,pure-ftpd,chatafl_opt,3,l_abs,2196
1773729466,pure-ftpd,chatafl_opt,3,b_per,26.6
1773729466,pure-ftpd,chatafl_opt,3,b_abs,1251
1773739156,pure-ftpd,chatafl_opt,3,l_per,33.8
1773739156,pure-ftpd,chatafl_opt,3,l_abs,2197
1773739156,pure-ftpd,chatafl_opt,3,b_per,26.7
1773739156,pure-ftpd,chatafl_opt,3,b_abs,1254
1773749265,pure-ftpd,chatafl_opt,3,l_per,33.9
1773749265,pure-ftpd,chatafl_opt,3,l_abs,2199
1773749265,pure-ftpd,chatafl_opt,3,b_per,26.7
1773749265,pure-ftpd,chatafl_opt,3,b_abs,1258
1773756590,pure-ftpd,chatafl_opt,3,l_per,33.9
1773756590,pure-ftpd,chatafl_opt,3,l_abs,2199
1773756590,pure-ftpd,chatafl_opt,3,b_per,26.7
1773756590,pure-ftpd,chatafl_opt,3,b_abs,1258
1773762578,pure-ftpd,chatafl_opt,3,l_per,33.9
1773762578,pure-ftpd,chatafl_opt,3,l_abs,2199
1773762578,pure-ftpd,chatafl_opt,3,b_per,26.8
1773762578,pure-ftpd,chatafl_opt,3,b_abs,1259
