# unix_time, cycles_done, cur_path, paths_total, pending_total, pending_favs, map_size, unique_crashes, unique_hangs, max_depth, execs_per_sec, n_nodes, n_edges, chat_times, llm_calls, llm_prompt_tok, llm_compl_tok, llm_dedup, hyp_fitness, hyp_success, hyp_failure, mqtt_diff_avg, mqtt_diff_last, mqtt_diff_pos
1777098648, 0, 0, 461, 461, 31, 6.41%, 0, 0, 2, 4.54, 14, 94, 0, 370, 103787, 39368, 0, 0.000, 0, 0, 0.000000, 0.000000, 0, 0, 0, 0, 0, 0, 0, 0
1777098653, 0, 0, 463, 463, 31, 6.73%, 0, 0, 2, 5.63, 15, 97, 0, 370, 103787, 39368, 0, 0.000, 0, 0, 0.000000, 0.000000, 0, 0, 0, 0, 0, 0, 0, 0
1777098658, 0, 0, 466, 466, 31, 6.74%, 0, 0, 2, 5.64, 15, 99, 0, 370, 103787, 39368, 0, 0.000, 0, 0, 0.000000, 0.000000, 0, 0, 0, 0, 0, 0, 0, 0
1777098663, 0, 0, 468, 468, 31, 6.81%, 0, 0, 2, 4.93, 15, 100, 0, 370, 103787, 39368, 0, 0.000, 0, 0, 0.000000, 0.000000, 0, 0, 0, 0, 0, 0, 0, 0
1777098668, 0, 0, 471, 471, 31, 6.82%, 0, 0, 2, 5.29, 15, 102, 0, 370, 103787, 39368, 0, 0.000, 0, 0, 0.000000, 0.000000, 0, 0, 0, 0, 0, 0, 0, 0
1777098674, 0, 0, 474, 474, 31, 6.85%, 0, 0, 2, 6.16, 15, 103, 0, 370, 103787, 39368, 0, 0.000, 0, 0, 0.000000, 0.000000, 0, 0, 0, 0, 0, 0, 0, 0
1777098679, 0, 0, 476, 476, 31, 6.85%, 0, 0, 2, 5.71, 15, 103, 0, 370, 103787, 39368, 0, 0.000, 0, 0, 0.000000, 0.000000, 0, 0, 0, 0, 0, 0, 0, 0
1777098684, 0, 0, 477, 477, 31, 6.86%, 0, 0, 2, 5.46, 15, 103, 0, 370, 103787, 39368, 0, 0.000, 0, 0, 0.000000, 0.000000, 0, 0, 0, 0, 0, 0, 0, 0
1777098690, 0, 0, 479, 479, 31, 6.86%, 0, 0, 2, 5.23, 15, 103, 0, 370, 103787, 39368, 0, 0.000, 0, 0, 0.000000, 0.000000, 0, 0, 0, 0, 0, 0, 0, 0
1777098695, 0, 0, 480, 480, 31, 6.87%, 0, 0, 2, 5.56, 15, 103, 0, 370, 103787, 39368, 0, 0.000, 0, 0, 0.000000, 0.000000, 0, 0, 0, 0, 0, 0, 0, 0
1777098700, 0, 0, 482, 482, 31, 6.88%, 0, 0, 2, 5.55, 15, 103, 0, 370, 103787, 39368, 0, 0.000, 0, 0, 0.000000, 0.000000, 0, 0, 0, 0, 0, 0, 0, 0
1777098705, 0, 0, 484, 484, 31, 6.88%, 0, 0, 2, 5.65, 15, 105, 0, 370, 103787, 39368, 0, 0.000, 0, 0, 0.000000, 0.000000, 0, 0, 0, 0, 0, 0, 0, 0
1777098710, 0, 0, 486, 486, 31, 6.88%, 0, 0, 2, 5.46, 15, 105, 0, 370, 103787, 39368, 0, 0.000, 0, 0, 0.000000, 0.000000, 0, 0, 0, 0, 0, 0, 0, 0
1777098715, 0, 0, 489, 489, 31, 6.91%, 0, 0, 2, 5.95, 15, 105, 0, 370, 103787, 39368, 0, 0.000, 0, 0, 0.000000, 0.000000, 0, 0, 0, 0, 0, 0, 0, 0
1777098726, 0, 0, 490, 490, 31, 6.93%, 0, 0, 2, 5.64, 15, 105, 0, 370, 103787, 39368, 0, 0.000, 0, 0, 0.000000, 0.000000, 0, 0, 0, 0, 0, 0, 0, 0
1777098736, 0, 0, 491, 491, 31, 6.94%, 0, 0, 2, 4.78, 15, 105, 0, 370, 103787, 39368, 0, 0.000, 0, 0, 0.000000, 0.000000, 0, 0, 0, 0, 0, 0, 0, 0
1777098741, 0, 0, 492, 492, 31, 6.94%, 0, 0, 2, 5.81, 15, 105, 0, 370, 103787, 39368, 0, 0.000, 0, 0, 0.000000, 0.000000, 0, 0, 0, 0, 0, 0, 0, 0
1777098752, 0, 0, 494, 494, 31, 6.96%, 0, 0, 2, 5.78, 15, 105, 0, 370, 103787, 39368, 0, 0.000, 0, 0, 0.000000, 0.000000, 0, 0, 0, 0, 0, 0, 0, 0
1777098757, 0, 0, 496, 496, 31, 6.97%, 0, 0, 2, 6.05, 15, 105, 0, 370, 103787, 39368, 0, 0.000, 0, 0, 0.000000, 0.000000, 0, 0, 0, 0, 0, 0, 0, 0
1777098763, 0, 0, 500, 500, 31, 7.00%, 0, 0, 2, 6.48, 15, 106, 0, 370, 103787, 39368, 0, 0.000, 0, 0, 0.000000, 0.000000, 0, 0, 0, 0, 0, 0, 0, 0
1777098774, 0, 0, 501, 501, 31, 7.01%, 0, 0, 2, 0.66, 15, 106, 0, 370, 103787, 39368, 0, 0.000, 0, 0, 0.000000, 0.000000, 0, 0, 0, 0, 0, 0, 0, 0
1777098779, 0, 0, 502, 502, 31, 7.01%, 0, 0, 2, 6.34, 15, 106, 0, 370, 103787, 39368, 0, 0.000, 0, 0, 0.000000, 0.000000, 0, 0, 0, 0, 0, 0, 0, 0
1777098785, 0, 0, 503, 503, 31, 7.02%, 0, 0, 2, 1.87, 16, 107, 0, 370, 103787, 39368, 0, 0.000, 0, 0, 0.000000, 0.000000, 0, 0, 0, 0, 0, 0, 0, 0
1777098790, 0, 0, 504, 504, 31, 7.03%, 0, 0, 2, 4.55, 16, 107, 0, 370, 103787, 39368, 0, 0.000, 0, 0, 0.000000, 0.000000, 0, 0, 0, 0, 0, 0, 0, 0
1777098795, 0, 0, 505, 505, 31, 7.03%, 0, 0, 2, 5.22, 16, 107, 0, 370, 103787, 39368, 0, 0.000, 0, 0, 0.000000, 0.000000, 0, 0, 0, 0, 0, 0, 0, 0
1777098800, 0, 0, 506, 506, 31, 7.04%, 0, 0, 2, 5.26, 16, 107, 0, 370, 103787, 39368, 0, 0.000, 0, 0, 0.000000, 0.000000, 0, 0, 0, 0, 0, 0, 0, 0
1777098805, 0, 0, 507, 507, 31, 7.04%, 0, 0, 2, 5.81, 16, 107, 0, 370, 103787, 39368, 0, 0.000, 0, 0, 0.000000, 0.000000, 0, 0, 0, 0, 0, 0, 0, 0
1777098816, 0, 0, 509, 509, 31, 7.04%, 0, 0, 2, 5.24, 16, 107, 0, 370, 103787, 39368, 0, 0.000, 0, 0, 0.000000, 0.000000, 0, 0, 0, 0, 0, 0, 0, 0
1777098821, 0, 0, 511, 511, 31, 7.05%, 0, 0, 2, 6.03, 16, 107, 0, 370, 103787, 39368, 0, 0.000, 0, 0, 0.000000, 0.000000, 0, 0, 0, 0, 0, 0, 0, 0
1777098832, 0, 0, 512, 512, 31, 7.05%, 0, 0, 2, 5.50, 16, 107, 0, 370, 103787, 39368, 0, 0.000, 0, 0, 0.000000, 0.000000, 0, 0, 0, 0, 0, 0, 0, 0
1777098889, 0, 0, 513, 513, 31, 7.05%, 0, 0, 2, 0.66, 16, 107, 0, 370, 103787, 39368, 0, 0.000, 0, 0, 0.000000, 0.000000, 0, 0, 0, 0, 0, 0, 1, 0
1777098899, 0, 0, 515, 515, 31, 7.05%, 0, 0, 2, 5.25, 16, 107, 0, 370, 103787, 39368, 0, 0.000, 0, 0, 0.000000, 0.000000, 0, 0, 0, 0, 0, 0, 1, 0
1777098904, 0, 0, 516, 516, 31, 7.05%, 0, 0, 2, 5.51, 16, 107, 0, 370, 103787, 39368, 0, 0.000, 0, 0, 0.000000, 0.000000, 0, 0, 0, 0, 0, 0, 1, 0
1777098909, 0, 0, 518, 518, 31, 7.06%, 0, 0, 2, 5.94, 16, 107, 0, 370, 103787, 39368, 0, 0.000, 0, 0, 0.000000, 0.000000, 0, 0, 0, 0, 0, 0, 1, 0
1777098915, 0, 0, 519, 519, 31, 7.06%, 0, 0, 2, 5.81, 16, 107, 0, 370, 103787, 39368, 0, 0.000, 0, 0, 0.000000, 0.000000, 0, 0, 0, 0, 0, 0, 1, 0
1777098925, 0, 0, 520, 520, 31, 7.08%, 0, 0, 2, 5.81, 16, 107, 0, 370, 103787, 39368, 0, 0.000, 0, 0, 0.000000, 0.000000, 0, 0, 0, 0, 0, 0, 1, 0
1777098935, 0, 0, 522, 522, 31, 7.09%, 0, 0, 2, 5.48, 16, 107, 0, 370, 103787, 39368, 0, 0.000, 0, 0, 0.000000, 0.000000, 0, 0, 0, 0, 0, 0, 1, 0
1777098940, 0, 0, 523, 523, 31, 7.10%, 0, 0, 2, 5.60, 16, 107, 0, 370, 103787, 39368, 0, 0.000, 0, 0, 0.000000, 0.000000, 0, 0, 0, 0, 0, 0, 1, 0
1777098951, 0, 0, 524, 524, 31, 7.10%, 0, 0, 2, 5.31, 16, 107, 0, 370, 103787, 39368, 0, 0.000, 0, 0, 0.000000, 0.000000, 0, 0, 0, 0, 0, 0, 1, 0
1777098956, 0, 0, 525, 525, 31, 7.10%, 0, 0, 2, 1.12, 16, 107, 0, 370, 103787, 39368, 0, 0.000, 0, 0, 0.000000, 0.000000, 0, 0, 0, 0, 0, 0, 1, 0
1777098966, 0, 0, 527, 527, 31, 7.10%, 0, 0, 2, 6.15, 16, 107, 0, 370, 103787, 39368, 0, 0.000, 0, 0, 0.000000, 0.000000, 0, 0, 0, 0, 0, 0, 1, 0
1777098972, 0, 0, 528, 528, 31, 7.11%, 0, 0, 2, 5.90, 16, 107, 0, 370, 103787, 39368, 0, 0.000, 0, 0, 0.000000, 0.000000, 0, 0, 0, 0, 0, 0, 1, 0
1777099004, 0, 0, 529, 529, 31, 7.12%, 0, 0, 2, 0.65, 16, 107, 0, 370, 103787, 39368, 0, 0.000, 0, 0, 0.000000, 0.000000, 0, 0, 0, 0, 0, 0, 1, 0
1777099009, 0, 0, 530, 530, 31, 7.13%, 0, 0, 2, 6.40, 16, 107, 0, 370, 103787, 39368, 0, 0.000, 0, 0, 0.000000, 0.000000, 0, 0, 0, 0, 0, 0, 1, 0
1777099014, 0, 0, 531, 531, 31, 7.13%, 0, 0, 2, 5.59, 16, 107, 0, 370, 103787, 39368, 0, 0.000, 0, 0, 0.000000, 0.000000, 0, 0, 0, 0, 0, 0, 1, 0
1777099025, 0, 0, 532, 532, 31, 7.14%, 0, 0, 2, 5.45, 16, 107, 0, 370, 103787, 39368, 0, 0.000, 0, 0, 0.000000, 0.000000, 0, 0, 0, 0, 0, 0, 1, 0
1777099030, 0, 0, 534, 534, 31, 7.14%, 0, 0, 2, 5.54, 16, 107, 0, 370, 103787, 39368, 0, 0.000, 0, 0, 0.000000, 0.000000, 0, 0, 0, 0, 0, 0, 1, 0
1777099040, 0, 0, 535, 535, 31, 7.14%, 0, 0, 2, 4.65, 16, 107, 0, 370, 103787, 39368, 0, 0.000, 0, 0, 0.000000, 0.000000, 0, 0, 0, 0, 0, 0, 1, 0
1777099050, 0, 0, 537, 537, 31, 7.15%, 0, 0, 2, 5.76, 16, 107, 0, 370, 103787, 39368, 0, 0.000, 0, 0, 0.000000, 0.000000, 0, 0, 0, 0, 0, 0, 1, 0
1777099076, 0, 0, 539, 539, 31, 7.15%, 0, 0, 2, 4.52, 16, 107, 0, 370, 103787, 39368, 0, 0.000, 0, 0, 0.000000, 0.000000, 0, 0, 0, 0, 0, 0, 1, 0
1777099081, 0, 0, 540, 540, 31, 7.16%, 0, 0, 2, 5.50, 16, 107, 0, 370, 103787, 39368, 0, 0.000, 0, 0, 0.000000, 0.000000, 0, 0, 0, 0, 0, 0, 1, 0
1777099087, 0, 0, 541, 541, 31, 7.16%, 0, 0, 2, 6.24, 16, 107, 0, 370, 103787, 39368, 0, 0.000, 0, 0, 0.000000, 0.000000, 0, 0, 0, 0, 0, 0, 1, 0
1777099097, 0, 0, 542, 542, 31, 7.16%, 0, 0, 2, 5.64, 16, 107, 0, 370, 103787, 39368, 0, 0.000, 0, 0, 0.000000, 0.000000, 0, 0, 0, 0, 0, 0, 1, 0
1777099123, 0, 0, 543, 543, 31, 7.16%, 0, 0, 2, 5.85, 16, 107, 0, 370, 103787, 39368, 0, 0.000, 0, 0, 0.000000, 0.000000, 0, 0, 0, 0, 0, 0, 1, 0
1777099128, 0, 0, 544, 544, 31, 7.16%, 0, 0, 2, 5.80, 16, 107, 0, 370, 103787, 39368, 0, 0.000, 0, 0, 0.000000, 0.000000, 0, 0, 0, 0, 0, 0, 1, 0
1777099139, 0, 0, 545, 545, 31, 7.16%, 0, 0, 2, 5.87, 16, 107, 0, 370, 103787, 39368, 0, 0.000, 0, 0, 0.000000, 0.000000, 0, 0, 0, 0, 0, 0, 1, 0
1777099144, 0, 0, 546, 546, 31, 7.17%, 0, 0, 2, 5.55, 16, 108, 0, 370, 103787, 39368, 0, 0.000, 0, 0, 0.000000, 0.000000, 0, 0, 0, 0, 0, 0, 1, 0
1777099149, 0, 0, 547, 547, 31, 7.17%, 0, 0, 2, 5.61, 16, 108, 0, 370, 103787, 39368, 0, 0.000, 0, 0, 0.000000, 0.000000, 0, 0, 0, 0, 0, 0, 1, 0
1777099181, 0, 0, 548, 548, 31, 7.17%, 0, 0, 2, 5.76, 16, 108, 0, 370, 103787, 39368, 0, 0.000, 0, 0, 0.000000, 0.000000, 0, 0, 0, 0, 0, 0, 1, 0
1777099186, 0, 0, 549, 549, 31, 7.17%, 0, 0, 2, 6.49, 16, 108, 0, 370, 103787, 39368, 0, 0.000, 0, 0, 0.000000, 0.000000, 0, 0, 0, 0, 0, 0, 1, 0
1777099191, 0, 0, 550, 550, 31, 7.18%, 0, 0, 2, 6.01, 16, 108, 0, 370, 103787, 39368, 0, 0.000, 0, 0, 0.000000, 0.000000, 0, 0, 0, 0, 0, 0, 1, 0
1777099197, 0, 0, 552, 552, 31, 7.18%, 0, 0, 2, 5.84, 16, 108, 0, 370, 103787, 39368, 0, 0.000, 0, 0, 0.000000, 0.000000, 0, 0, 0, 0, 0, 0, 1, 0
1777099207, 0, 0, 553, 553, 31, 7.18%, 0, 0, 2, 3.76, 16, 108, 0, 370, 103787, 39368, 0, 0.000, 0, 0, 0.000000, 0.000000, 0, 0, 0, 0, 0, 0, 1, 0
1777099228, 0, 0, 554, 554, 31, 7.18%, 0, 0, 2, 5.87, 16, 108, 0, 370, 103787, 39368, 0, 0.000, 0, 0, 0.000000, 0.000000, 0, 0, 0, 0, 0, 0, 1, 0
1777099260, 0, 0, 555, 555, 31, 7.19%, 0, 0, 2, 1.11, 16, 108, 0, 370, 103787, 39368, 0, 0.000, 0, 0, 0.000000, 0.000000, 0, 0, 0, 0, 0, 0, 1, 0
1777099281, 0, 0, 557, 557, 31, 7.19%, 0, 0, 2, 6.02, 16, 108, 0, 370, 103787, 39368, 0, 0.000, 0, 0, 0.000000, 0.000000, 0, 0, 0, 0, 0, 0, 1, 0
1777099291, 0, 0, 558, 558, 31, 7.19%, 0, 0, 2, 5.76, 16, 108, 0, 370, 103787, 39368, 0, 0.000, 0, 0, 0.000000, 0.000000, 0, 0, 0, 0, 0, 0, 1, 0
1777099297, 0, 0, 559, 559, 31, 7.19%, 0, 0, 2, 1.13, 16, 108, 0, 370, 103787, 39368, 0, 0.000, 0, 0, 0.000000, 0.000000, 0, 0, 0, 0, 0, 0, 1, 0
1777099318, 0, 0, 560, 560, 31, 7.19%, 0, 0, 2, 5.26, 16, 108, 0, 370, 103787, 39368, 0, 0.000, 0, 0, 0.000000, 0.000000, 0, 0, 0, 0, 0, 0, 1, 0
1777099323, 0, 0, 561, 561, 31, 7.20%, 0, 0, 2, 5.45, 16, 108, 0, 370, 103787, 39368, 0, 0.000, 0, 0, 0.000000, 0.000000, 0, 0, 0, 0, 0, 0, 1, 0
1777099338, 0, 0, 562, 562, 31, 7.20%, 0, 0, 2, 6.74, 16, 108, 0, 370, 103787, 39368, 0, 0.000, 0, 0, 0.000000, 0.000000, 0, 0, 0, 0, 0, 0, 1, 0
1777099370, 0, 0, 563, 563, 31, 7.20%, 0, 0, 2, 5.74, 16, 108, 0, 370, 103787, 39368, 0, 0.000, 0, 0, 0.000000, 0.000000, 0, 0, 0, 0, 0, 0, 1, 0
1777099375, 0, 0, 564, 564, 31, 7.21%, 0, 0, 2, 3.07, 16, 108, 0, 370, 103787, 39368, 0, 0.000, 0, 0, 0.000000, 0.000000, 0, 0, 0, 0, 0, 0, 1, 0
1777099380, 0, 0, 565, 565, 31, 7.21%, 0, 0, 2, 5.01, 16, 108, 0, 370, 103787, 39368, 0, 0.000, 0, 0, 0.000000, 0.000000, 0, 0, 0, 0, 0, 0, 1, 0
1777099386, 0, 0, 566, 566, 31, 7.21%, 0, 0, 2, 5.46, 16, 108, 0, 370, 103787, 39368, 0, 0.000, 0, 0, 0.000000, 0.000000, 0, 0, 0, 0, 0, 0, 1, 0
1777099396, 0, 0, 567, 567, 31, 7.21%, 0, 0, 2, 5.50, 16, 108, 0, 370, 103787, 39368, 0, 0.000, 0, 0, 0.000000, 0.000000, 0, 0, 0, 0, 0, 0, 1, 0
1777099412, 0, 0, 568, 568, 31, 7.23%, 0, 0, 2, 6.72, 16, 108, 0, 370, 103787, 39368, 0, 0.000, 0, 0, 0.000000, 0.000000, 0, 0, 0, 0, 0, 0, 1, 0
1777099417, 0, 0, 569, 569, 31, 7.23%, 0, 0, 2, 6.09, 16, 108, 0, 370, 103787, 39368, 0, 0.000, 0, 0, 0.000000, 0.000000, 0, 0, 0, 0, 0, 0, 1, 0
1777099422, 0, 0, 570, 570, 31, 7.23%, 0, 0, 2, 5.84, 16, 108, 0, 370, 103787, 39368, 0, 0.000, 0, 0, 0.000000, 0.000000, 0, 0, 0, 0, 0, 0, 1, 0
1777099432, 0, 0, 571, 571, 31, 7.24%, 0, 0, 2, 5.98, 16, 108, 0, 370, 103787, 39368, 0, 0.000, 0, 0, 0.000000, 0.000000, 0, 0, 0, 0, 0, 0, 1, 0
1777099443, 0, 0, 572, 572, 31, 7.24%, 0, 0, 2, 5.64, 16, 108, 0, 370, 103787, 39368, 0, 0.000, 0, 0, 0.000000, 0.000000, 0, 0, 0, 0, 0, 0, 1, 0
1777099448, 0, 0, 573, 573, 31, 7.24%, 0, 0, 2, 6.02, 16, 108, 0, 370, 103787, 39368, 0, 0.000, 0, 0, 0.000000, 0.000000, 0, 0, 0, 0, 0, 0, 1, 0
1777099500, 0, 0, 574, 574, 31, 7.24%, 0, 0, 2, 5.68, 16, 108, 0, 370, 103787, 39368, 0, 0.000, 0, 0, 0.000000, 0.000000, 0, 0, 0, 0, 0, 0, 2, 0
1777099525, 0, 0, 576, 576, 31, 7.25%, 0, 0, 2, 10.15, 16, 108, 0, 370, 103787, 39368, 0, 0.000, 0, 0, 0.000000, 0.000000, 0, 0, 0, 0, 0, 0, 2, 0
1777099541, 0, 0, 577, 577, 31, 7.25%, 0, 0, 2, 6.13, 16, 108, 0, 370, 103787, 39368, 0, 0.000, 0, 0, 0.000000, 0.000000, 0, 0, 0, 0, 0, 0, 2, 0
1777099562, 0, 0, 578, 578, 31, 7.25%, 0, 0, 2, 5.38, 16, 108, 0, 370, 103787, 39368, 0, 0.000, 0, 0, 0.000000, 0.000000, 0, 0, 0, 0, 0, 0, 2, 0
1777099577, 0, 0, 579, 579, 31, 7.26%, 0, 0, 2, 5.24, 16, 108, 0, 370, 103787, 39368, 0, 0.000, 0, 0, 0.000000, 0.000000, 0, 0, 0, 0, 0, 0, 2, 0
1777099593, 0, 0, 580, 580, 31, 7.26%, 0, 0, 2, 6.14, 16, 108, 0, 370, 103787, 39368, 0, 0.000, 0, 0, 0.000000, 0.000000, 0, 0, 0, 0, 0, 0, 2, 0
1777099598, 0, 0, 581, 581, 31, 7.26%, 0, 0, 2, 1.13, 16, 108, 0, 370, 103787, 39368, 0, 0.000, 0, 0, 0.000000, 0.000000, 0, 0, 0, 0, 0, 0, 2, 0
1777099634, 0, 0, 582, 582, 31, 7.26%, 0, 0, 2, 6.18, 16, 108, 0, 370, 103787, 39368, 0, 0.000, 0, 0, 0.000000, 0.000000, 0, 0, 0, 0, 0, 0, 2, 0
1777099639, 0, 0, 583, 583, 31, 7.26%, 0, 0, 2, 9.84, 16, 108, 0, 370, 103787, 39368, 0, 0.000, 0, 0, 0.000000, 0.000000, 0, 0, 0, 0, 0, 0, 2, 0
1777099645, 0, 0, 584, 584, 31, 7.26%, 0, 0, 2, 0.65, 16, 108, 0, 370, 103787, 39368, 0, 0.000, 0, 0, 0.000000, 0.000000, 0, 0, 0, 0, 0, 0, 2, 0
1777099676, 0, 0, 585, 585, 31, 7.27%, 0, 0, 2, 5.81, 16, 108, 0, 370, 103787, 39368, 0, 0.000, 0, 0, 0.000000, 0.000000, 0, 0, 0, 0, 0, 0, 2, 0
1777099698, 0, 0, 587, 587, 31, 7.27%, 0, 0, 2, 5.51, 16, 108, 0, 370, 103787, 39368, 0, 0.000, 0, 0, 0.000000, 0.000000, 0, 0, 0, 0, 0, 0, 2, 0
1777099703, 0, 0, 588, 588, 31, 7.27%, 0, 0, 2, 5.21, 16, 109, 0, 370, 103787, 39368, 0, 0.000, 0, 0, 0.000000, 0.000000, 0, 0, 0, 0, 0, 0, 2, 0
1777099713, 0, 0, 589, 589, 31, 7.27%, 0, 0, 2, 6.59, 16, 109, 0, 370, 103787, 39368, 0, 0.000, 0, 0, 0.000000, 0.000000, 0, 0, 0, 0, 0, 0, 2, 0
1777099750, 0, 0, 590, 590, 31, 7.27%, 0, 0, 2, 10.66, 16, 109, 0, 370, 103787, 39368, 0, 0.000, 0, 0, 0.000000, 0.000000, 0, 0, 0, 0, 0, 0, 2, 0
1777099760, 0, 0, 591, 591, 31, 7.27%, 0, 0, 2, 7.70, 16, 109, 0, 370, 103787, 39368, 0, 0.000, 0, 0, 0.000000, 0.000000, 0, 0, 0, 0, 0, 0, 2, 0
1777099770, 0, 0, 593, 593, 31, 7.28%, 0, 0, 2, 3.83, 16, 109, 0, 370, 103787, 39368, 0, 0.000, 0, 0, 0.000000, 0.000000, 0, 0, 0, 0, 0, 0, 2, 0
1777099780, 0, 0, 594, 594, 31, 7.28%, 0, 0, 2, 5.65, 16, 110, 0, 370, 103787, 39368, 0, 0.000, 0, 0, 0.000000, 0.000000, 0, 0, 0, 0, 0, 0, 2, 0
1777099791, 0, 0, 595, 595, 31, 7.28%, 0, 0, 2, 6.06, 16, 110, 0, 370, 103787, 39368, 0, 0.000, 0, 0, 0.000000, 0.000000, 0, 0, 0, 0, 0, 0, 2, 0
1777099812, 0, 0, 596, 596, 31, 7.28%, 0, 0, 2, 5.82, 16, 110, 0, 370, 103787, 39368, 0, 0.000, 0, 0, 0.000000, 0.000000, 0, 0, 0, 0, 0, 0, 2, 0
1777099848, 0, 0, 597, 597, 31, 7.29%, 0, 0, 2, 6.14, 16, 110, 0, 370, 103787, 39368, 0, 0.000, 0, 0, 0.000000, 0.000000, 0, 0, 0, 0, 0, 0, 2, 0
1777099858, 0, 0, 598, 598, 31, 7.30%, 0, 0, 2, 5.69, 16, 110, 0, 370, 103787, 39368, 0, 0.000, 0, 0, 0.000000, 0.000000, 0, 0, 0, 0, 0, 0, 2, 0
1777099873, 0, 0, 599, 599, 31, 7.30%, 0, 0, 2, 5.59, 16, 110, 0, 370, 103787, 39368, 0, 0.000, 0, 0, 0.000000, 0.000000, 0, 0, 0, 0, 0, 0, 2, 0
1777099894, 0, 0, 600, 600, 31, 7.30%, 0, 0, 2, 6.26, 16, 110, 0, 370, 103787, 39368, 0, 0.000, 0, 0, 0.000000, 0.000000, 0, 0, 0, 0, 0, 0, 2, 0
1777099936, 0, 0, 601, 601, 31, 7.30%, 0, 0, 2, 5.74, 16, 110, 0, 370, 103787, 39368, 0, 0.000, 0, 0, 0.000000, 0.000000, 0, 0, 0, 0, 0, 0, 3, 0
1777099957, 0, 0, 602, 602, 31, 7.30%, 0, 0, 2, 5.25, 16, 110, 0, 370, 103787, 39368, 0, 0.000, 0, 0, 0.000000, 0.000000, 0, 0, 0, 0, 0, 0, 3, 0
1777099988, 0, 0, 603, 603, 31, 7.30%, 0, 0, 2, 6.00, 16, 110, 0, 370, 103787, 39368, 0, 0.000, 0, 0, 0.000000, 0.000000, 0, 0, 0, 0, 0, 0, 3, 0
1777099999, 0, 0, 604, 604, 31, 7.31%, 0, 0, 2, 5.79, 16, 110, 0, 370, 103787, 39368, 0, 0.000, 0, 0, 0.000000, 0.000000, 0, 0, 0, 0, 0, 0, 3, 0
1777100020, 0, 0, 605, 605, 31, 7.31%, 0, 0, 2, 0.66, 16, 110, 0, 370, 103787, 39368, 0, 0.000, 0, 0, 0.000000, 0.000000, 0, 0, 0, 0, 0, 0, 3, 0
1777100046, 0, 0, 606, 606, 31, 7.31%, 0, 0, 2, 5.45, 16, 110, 0, 370, 103787, 39368, 0, 0.000, 0, 0, 0.000000, 0.000000, 0, 0, 0, 0, 0, 0, 3, 0
1777100051, 0, 0, 607, 607, 31, 7.31%, 0, 0, 2, 3.02, 16, 110, 0, 370, 103787, 39368, 0, 0.000, 0, 0, 0.000000, 0.000000, 0, 0, 0, 0, 0, 0, 3, 0
1777100067, 0, 0, 608, 608, 31, 7.31%, 0, 0, 2, 5.57, 16, 110, 0, 370, 103787, 39368, 0, 0.000, 0, 0, 0.000000, 0.000000, 0, 0, 0, 0, 0, 0, 3, 0
1777100077, 0, 0, 609, 609, 31, 7.31%, 0, 0, 2, 5.50, 16, 110, 0, 370, 103787, 39368, 0, 0.000, 0, 0, 0.000000, 0.000000, 0, 0, 0, 0, 0, 0, 3, 0
1777100087, 0, 0, 610, 610, 31, 7.32%, 0, 0, 2, 1.13, 16, 110, 0, 370, 103787, 39368, 0, 0.000, 0, 0, 0.000000, 0.000000, 0, 0, 0, 0, 0, 0, 3, 0
1777100108, 0, 0, 611, 611, 31, 7.32%, 0, 0, 2, 1.92, 16, 110, 0, 370, 103787, 39368, 0, 0.000, 0, 0, 0.000000, 0.000000, 0, 0, 0, 0, 0, 0, 3, 0
1777100129, 0, 0, 612, 612, 31, 7.33%, 0, 0, 2, 5.48, 16, 112, 0, 370, 103787, 39368, 0, 0.000, 0, 0, 0.000000, 0.000000, 0, 0, 0, 0, 0, 0, 3, 0
1777100145, 0, 0, 613, 613, 31, 7.33%, 0, 0, 2, 5.77, 16, 112, 0, 370, 103787, 39368, 0, 0.000, 0, 0, 0.000000, 0.000000, 0, 0, 0, 0, 0, 0, 3, 0
1777100165, 0, 0, 614, 614, 31, 7.33%, 0, 0, 2, 5.85, 16, 112, 0, 370, 103787, 39368, 0, 0.000, 0, 0, 0.000000, 0.000000, 0, 0, 0, 0, 0, 0, 3, 0
1777100170, 0, 0, 615, 615, 31, 7.33%, 0, 0, 2, 6.30, 16, 112, 0, 370, 103787, 39368, 0, 0.000, 0, 0, 0.000000, 0.000000, 0, 0, 0, 0, 0, 0, 3, 0
1777100212, 0, 0, 616, 616, 31, 7.33%, 0, 0, 2, 5.85, 16, 112, 0, 370, 103787, 39368, 0, 0.000, 0, 0, 0.000000, 0.000000, 0, 0, 0, 0, 0, 0, 4, 0
1777100217, 0, 0, 617, 617, 31, 7.33%, 0, 0, 2, 5.63, 16, 113, 0, 370, 103787, 39368, 0, 0.000, 0, 0, 0.000000, 0.000000, 0, 0, 0, 0, 0, 0, 4, 0
1777100248, 0, 0, 618, 618, 31, 7.33%, 0, 0, 2, 6.18, 16, 113, 0, 370, 103787, 39368, 0, 0.000, 0, 0, 0.000000, 0.000000, 0, 0, 0, 0, 0, 0, 4, 0
1777100253, 0, 0, 619, 619, 31, 7.34%, 0, 0, 2, 5.25, 16, 113, 0, 370, 103787, 39368, 0, 0.000, 0, 0, 0.000000, 0.000000, 0, 0, 0, 0, 0, 0, 4, 0
1777100258, 0, 0, 620, 620, 31, 7.34%, 0, 0, 2, 5.51, 16, 113, 0, 370, 103787, 39368, 0, 0.000, 0, 0, 0.000000, 0.000000, 0, 0, 0, 0, 0, 0, 4, 0
1777100269, 0, 0, 621, 621, 31, 7.34%, 0, 0, 2, 5.43, 16, 113, 0, 370, 103787, 39368, 0, 0.000, 0, 0, 0.000000, 0.000000, 0, 0, 0, 0, 0, 0, 4, 0
1777100279, 0, 0, 622, 622, 31, 7.34%, 0, 0, 2, 1.85, 16, 113, 0, 370, 103787, 39368, 0, 0.000, 0, 0, 0.000000, 0.000000, 0, 0, 0, 0, 0, 0, 4, 0
1777100325, 0, 0, 623, 623, 31, 7.35%, 0, 0, 2, 5.50, 16, 113, 0, 370, 103787, 39368, 0, 0.000, 0, 0, 0.000000, 0.000000, 0, 0, 0, 0, 0, 0, 5, 0
1777100388, 0, 0, 624, 624, 31, 7.42%, 0, 0, 2, 5.36, 16, 117, 0, 370, 103787, 39368, 0, 0.000, 0, 0, 0.000000, 0.000000, 0, 0, 0, 0, 0, 0, 6, 0
1777100429, 0, 0, 625, 625, 31, 7.42%, 0, 0, 2, 5.25, 16, 117, 0, 370, 103787, 39368, 0, 0.000, 0, 0, 0.000000, 0.000000, 0, 0, 0, 0, 0, 0, 7, 0
1777100486, 0, 0, 626, 626, 31, 7.42%, 0, 0, 2, 5.02, 16, 117, 0, 370, 103787, 39368, 0, 0.000, 0, 0, 0.000000, 0.000000, 0, 0, 0, 0, 0, 0, 8, 0
1777100517, 0, 0, 627, 627, 31, 7.42%, 0, 0, 2, 0.66, 16, 117, 0, 370, 103787, 39368, 0, 0.000, 0, 0, 0.000000, 0.000000, 0, 0, 0, 0, 0, 0, 8, 0
1777100528, 0, 0, 628, 628, 31, 7.42%, 0, 0, 2, 5.71, 16, 117, 0, 370, 103787, 39368, 0, 0.000, 0, 0, 0.000000, 0.000000, 0, 0, 0, 0, 0, 0, 8, 0
1777100533, 0, 0, 629, 629, 31, 7.42%, 0, 0, 2, 5.91, 16, 117, 0, 370, 103787, 39368, 0, 0.000, 0, 0, 0.000000, 0.000000, 0, 0, 0, 0, 0, 0, 8, 0
1777100627, 0, 0, 630, 630, 31, 7.42%, 0, 0, 2, 7.22, 16, 117, 0, 370, 103787, 39368, 0, 0.000, 0, 0, 0.000000, 0.000000, 0, 0, 0, 0, 0, 0, 10, 0
1777100637, 0, 0, 631, 631, 31, 7.42%, 0, 0, 2, 5.71, 16, 117, 0, 370, 103787, 39368, 0, 0.000, 0, 0, 0.000000, 0.000000, 0, 0, 0, 0, 0, 0, 10, 0
1777100653, 0, 0, 632, 632, 31, 7.42%, 0, 0, 2, 5.58, 16, 117, 0, 370, 103787, 39368, 0, 0.000, 0, 0, 0.000000, 0.000000, 0, 0, 0, 0, 0, 0, 10, 0
1777100699, 0, 0, 633, 633, 31, 7.43%, 0, 0, 2, 5.68, 16, 117, 0, 370, 103787, 39368, 0, 0.000, 0, 0, 0.000000, 0.000000, 0, 0, 0, 0, 0, 0, 11, 0
1777100705, 0, 0, 634, 634, 31, 7.43%, 0, 0, 2, 5.07, 16, 117, 0, 370, 103787, 39368, 0, 0.000, 0, 0, 0.000000, 0.000000, 0, 0, 0, 0, 0, 0, 11, 0
1777100725, 0, 0, 635, 635, 31, 7.43%, 0, 0, 2, 5.26, 16, 117, 0, 370, 103787, 39368, 0, 0.000, 0, 0, 0.000000, 0.000000, 0, 0, 0, 0, 0, 0, 11, 0
1777100757, 0, 0, 636, 636, 31, 7.43%, 0, 0, 2, 5.46, 16, 117, 0, 370, 103787, 39368, 0, 0.000, 0, 0, 0.000000, 0.000000, 0, 0, 0, 0, 0, 0, 11, 0
1777100804, 0, 0, 637, 637, 31, 7.44%, 0, 0, 2, 5.81, 16, 117, 0, 370, 103787, 39368, 0, 0.000, 0, 0, 0.000000, 0.000000, 0, 0, 0, 0, 0, 0, 12, 0
1777100830, 0, 0, 638, 638, 31, 7.44%, 0, 0, 2, 6.15, 16, 117, 0, 370, 103787, 39368, 0, 0.000, 0, 0, 0.000000, 0.000000, 0, 0, 0, 0, 0, 0, 12, 0
1777100924, 1, 24, 638, 637, 0, 7.44%, 0, 0, 2, 0.13, 16, 117, 0, 370, 103787, 39368, 0, 0.500, 0, 0, 0.000000, 0.000000, 0, 0, 0, 0, 0, 0, 14, 0
1777100929, 1, 24, 641, 640, 0, 7.44%, 0, 0, 2, 7.29, 16, 117, 0, 370, 103787, 39368, 0, 0.500, 0, 0, 0.000000, 0.000000, 0, 0, 0, 0, 0, 0, 14, 0
1777100934, 1, 24, 643, 642, 0, 7.44%, 0, 0, 2, 8.38, 16, 117, 0, 370, 103787, 39368, 0, 0.500, 0, 0, 0.000000, 0.000000, 0, 0, 0, 0, 0, 0, 14, 0
1777100939, 1, 24, 644, 643, 0, 7.44%, 0, 0, 2, 0.66, 16, 117, 0, 370, 103787, 39368, 0, 0.500, 0, 0, 0.000000, 0.000000, 0, 0, 0, 0, 0, 0, 14, 0
1777100945, 1, 24, 647, 646, 0, 7.45%, 0, 0, 2, 4.91, 16, 117, 0, 370, 103787, 39368, 0, 0.500, 0, 0, 0.000000, 0.000000, 0, 0, 0, 0, 0, 0, 14, 0
1777100950, 1, 24, 648, 647, 0, 7.45%, 0, 0, 2, 5.02, 16, 117, 0, 370, 103787, 39368, 0, 0.500, 0, 0, 0.000000, 0.000000, 0, 0, 0, 0, 0, 0, 14, 0
1777100955, 1, 24, 650, 649, 0, 7.46%, 0, 0, 2, 5.92, 16, 118, 0, 370, 103787, 39368, 0, 0.500, 0, 0, 0.000000, 0.000000, 0, 0, 0, 0, 0, 0, 14, 0
1777100960, 1, 24, 651, 650, 0, 7.46%, 0, 0, 2, 5.85, 16, 118, 0, 370, 103787, 39368, 0, 0.500, 0, 0, 0.000000, 0.000000, 0, 0, 0, 0, 0, 0, 14, 0
1777100971, 1, 24, 652, 651, 0, 7.46%, 0, 0, 2, 3.70, 16, 118, 0, 370, 103787, 39368, 0, 0.500, 0, 0, 0.000000, 0.000000, 0, 0, 0, 0, 0, 0, 14, 0
1777100977, 1, 24, 654, 653, 0, 7.46%, 0, 0, 2, 4.61, 16, 118, 0, 370, 103787, 39368, 0, 0.500, 0, 0, 0.000000, 0.000000, 0, 0, 0, 0, 0, 0, 14, 0
1777100997, 1, 24, 655, 654, 0, 7.46%, 0, 0, 2, 5.62, 16, 118, 0, 370, 103787, 39368, 0, 0.441, 2, 3, 0.000000, 0.000000, 0, 0, 0, 0, 0, 0, 14, 0
1777101002, 1, 24, 656, 655, 0, 7.46%, 0, 0, 2, 5.99, 16, 118, 0, 370, 103787, 39368, 0, 0.441, 2, 3, 0.000000, 0.000000, 0, 0, 0, 0, 0, 0, 14, 0
1777101013, 1, 24, 657, 656, 0, 7.47%, 0, 0, 2, 0.66, 16, 118, 0, 370, 103787, 39368, 0, 0.441, 2, 3, 0.000000, 0.000000, 0, 0, 0, 0, 0, 0, 14, 0
1777101039, 1, 24, 658, 657, 0, 7.47%, 0, 0, 2, 5.42, 16, 118, 0, 370, 103787, 39368, 0, 0.441, 2, 3, 0.000000, 0.000000, 0, 0, 0, 0, 0, 0, 14, 0
1777101044, 1, 24, 660, 659, 0, 7.47%, 0, 0, 2, 5.76, 16, 118, 0, 370, 103787, 39368, 0, 0.441, 2, 3, 0.000000, 0.000000, 0, 0, 0, 0, 0, 0, 14, 0
1777101056, 1, 24, 661, 660, 0, 7.47%, 0, 0, 2, 7.62, 16, 118, 0, 370, 103787, 39368, 0, 0.441, 2, 3, 0.000000, 0.000000, 0, 0, 0, 0, 0, 0, 14, 0
1777101071, 1, 24, 662, 661, 0, 7.47%, 0, 0, 2, 5.48, 16, 118, 0, 370, 103787, 39368, 0, 0.441, 2, 3, 0.000000, 0.000000, 0, 0, 0, 0, 0, 0, 14, 0
1777101082, 1, 24, 663, 662, 0, 7.47%, 0, 0, 2, 5.94, 16, 118, 0, 370, 103787, 39368, 0, 0.455, 6, 11, 0.000000, 0.000000, 0, 0, 0, 0, 0, 0, 14, 0
1777101102, 1, 24, 664, 663, 0, 7.48%, 0, 0, 2, 5.75, 16, 118, 0, 370, 103787, 39368, 0, 0.455, 6, 11, 0.000000, 0.000000, 0, 0, 0, 0, 0, 0, 14, 0
1777101113, 1, 24, 665, 664, 0, 7.48%, 0, 0, 2, 6.14, 16, 118, 0, 370, 103787, 39368, 0, 0.455, 6, 11, 0.000000, 0.000000, 0, 0, 0, 0, 0, 0, 14, 0
1777101118, 1, 24, 666, 665, 0, 7.48%, 0, 0, 2, 5.71, 16, 118, 0, 370, 103787, 39368, 0, 0.455, 6, 11, 0.000000, 0.000000, 0, 0, 0, 0, 0, 0, 14, 0
1777101129, 1, 24, 667, 666, 0, 7.48%, 0, 0, 2, 7.15, 16, 118, 0, 370, 103787, 39368, 0, 0.455, 6, 11, 0.000000, 0.000000, 0, 0, 0, 0, 0, 0, 14, 0
1777101139, 1, 24, 668, 667, 0, 7.48%, 0, 0, 2, 6.44, 16, 118, 0, 370, 103787, 39368, 0, 0.455, 6, 11, 0.000000, 0.000000, 0, 0, 0, 0, 0, 0, 14, 0
1777101165, 1, 24, 669, 668, 0, 7.48%, 0, 0, 2, 5.88, 16, 118, 0, 370, 103787, 39368, 0, 0.455, 6, 11, 0.000000, 0.000000, 0, 0, 0, 0, 0, 0, 14, 0
1777101181, 1, 24, 670, 669, 0, 7.48%, 0, 0, 2, 5.80, 16, 118, 0, 370, 103787, 39368, 0, 0.458, 6, 12, 0.000000, 0.000000, 0, 0, 0, 0, 0, 0, 14, 0
1777101186, 1, 24, 671, 670, 0, 7.48%, 0, 0, 2, 1.09, 16, 118, 0, 370, 103787, 39368, 0, 0.458, 6, 12, 0.000000, 0.000000, 0, 0, 0, 0, 0, 0, 14, 0
1777101191, 1, 24, 672, 671, 0, 7.48%, 0, 0, 2, 7.55, 16, 118, 0, 370, 103787, 39368, 0, 0.458, 6, 12, 0.000000, 0.000000, 0, 0, 0, 0, 0, 0, 14, 0
1777101223, 1, 24, 673, 672, 0, 7.48%, 0, 0, 2, 1.10, 16, 118, 0, 370, 103787, 39368, 0, 0.458, 6, 12, 0.000000, 0.000000, 0, 0, 0, 0, 0, 0, 14, 0
1777101228, 1, 24, 674, 673, 0, 7.48%, 0, 0, 2, 5.80, 16, 118, 0, 370, 103787, 39368, 0, 0.458, 6, 12, 0.000000, 0.000000, 0, 0, 0, 0, 0, 0, 14, 0
1777101259, 1, 24, 675, 674, 0, 7.49%, 0, 0, 2, 6.04, 16, 118, 0, 370, 103787, 39368, 0, 0.458, 6, 12, 0.000000, 0.000000, 0, 0, 0, 0, 0, 0, 14, 0
1777101264, 1, 24, 676, 675, 0, 7.49%, 0, 0, 2, 6.31, 16, 118, 0, 370, 103787, 39368, 0, 0.461, 6, 13, 0.000000, 0.000000, 0, 0, 0, 0, 0, 0, 14, 0
1777101269, 1, 24, 677, 676, 0, 7.49%, 0, 0, 2, 5.69, 16, 118, 0, 370, 103787, 39368, 0, 0.461, 6, 13, 0.000000, 0.000000, 0, 0, 0, 0, 0, 0, 14, 0
1777101320, 1, 24, 678, 677, 0, 7.49%, 0, 0, 2, 5.70, 16, 118, 0, 370, 103787, 39368, 0, 0.461, 6, 13, 0.000000, 0.000000, 0, 0, 0, 0, 0, 0, 15, 0
1777101325, 1, 24, 679, 678, 0, 7.49%, 0, 0, 2, 5.65, 16, 118, 0, 370, 103787, 39368, 0, 0.461, 6, 13, 0.000000, 0.000000, 0, 0, 0, 0, 0, 0, 15, 0
1777101351, 1, 24, 680, 679, 0, 7.49%, 0, 0, 2, 6.71, 16, 118, 0, 370, 103787, 39368, 0, 0.461, 6, 13, 0.000000, 0.000000, 0, 0, 0, 0, 0, 0, 15, 0
1777101377, 1, 24, 681, 680, 0, 7.50%, 0, 0, 2, 7.12, 16, 118, 0, 370, 103787, 39368, 0, 0.461, 6, 13, 0.000000, 0.000000, 0, 0, 0, 0, 0, 0, 15, 0
1777101382, 1, 24, 682, 681, 0, 7.50%, 0, 0, 2, 4.79, 16, 118, 0, 370, 103787, 39368, 0, 0.461, 6, 13, 0.000000, 0.000000, 0, 0, 0, 0, 0, 0, 15, 0
1777101527, 1, 24, 683, 682, 0, 7.50%, 0, 0, 2, 5.64, 16, 118, 0, 370, 103787, 39368, 0, 0.461, 6, 13, 0.000000, 0.000000, 0, 0, 0, 0, 0, 0, 18, 0
1777101537, 1, 24, 684, 683, 0, 7.50%, 0, 0, 2, 6.20, 16, 118, 0, 370, 103787, 39368, 0, 0.462, 6, 14, 0.000000, 0.000000, 0, 0, 0, 0, 0, 0, 18, 0
1777101543, 1, 24, 685, 684, 0, 7.50%, 0, 0, 2, 5.98, 16, 118, 0, 370, 103787, 39368, 0, 0.462, 6, 14, 0.000000, 0.000000, 0, 0, 0, 0, 0, 0, 18, 0
1777101553, 1, 24, 686, 685, 0, 7.50%, 0, 0, 2, 5.50, 16, 118, 0, 370, 103787, 39368, 0, 0.462, 6, 14, 0.000000, 0.000000, 0, 0, 0, 0, 0, 0, 18, 0
1777101563, 1, 24, 687, 686, 0, 7.50%, 0, 0, 2, 6.06, 16, 118, 0, 370, 103787, 39368, 0, 0.462, 6, 14, 0.000000, 0.000000, 0, 0, 0, 0, 0, 0, 18, 0
1777101590, 1, 24, 688, 687, 0, 7.50%, 0, 0, 2, 1.12, 16, 118, 0, 370, 103787, 39368, 0, 0.462, 6, 14, 0.000000, 0.000000, 0, 0, 0, 0, 0, 0, 18, 0
1777101615, 1, 24, 689, 688, 0, 7.51%, 0, 0, 2, 6.02, 16, 118, 0, 370, 103787, 39368, 0, 0.462, 6, 14, 0.000000, 0.000000, 0, 0, 0, 0, 0, 0, 18, 0
1777101647, 1, 24, 690, 689, 0, 7.51%, 0, 0, 2, 12.35, 16, 118, 0, 370, 103787, 39368, 0, 0.468, 6, 16, 0.000000, 0.000000, 0, 0, 0, 0, 0, 0, 18, 0
1777101694, 1, 24, 691, 690, 0, 7.51%, 0, 0, 2, 6.04, 16, 118, 0, 370, 103787, 39368, 0, 0.468, 6, 16, 0.000000, 0.000000, 0, 0, 0, 0, 0, 0, 19, 0
1777101709, 1, 24, 692, 691, 0, 7.51%, 0, 0, 2, 6.26, 16, 118, 0, 370, 103787, 39368, 0, 0.468, 6, 16, 0.000000, 0.000000, 0, 0, 0, 0, 0, 0, 19, 0
1777101760, 1, 24, 693, 692, 0, 7.52%, 0, 0, 2, 6.34, 16, 118, 0, 370, 103787, 39368, 0, 0.469, 8, 20, 0.000000, 0.000000, 0, 0, 0, 0, 0, 0, 20, 0
1777101797, 1, 24, 694, 693, 0, 7.52%, 0, 0, 2, 6.06, 16, 118, 0, 370, 103787, 39368, 0, 0.469, 8, 20, 0.000000, 0.000000, 0, 0, 0, 0, 0, 0, 21, 0
1777101818, 1, 24, 695, 694, 0, 7.54%, 0, 0, 2, 2.88, 16, 118, 0, 370, 103787, 39368, 0, 0.466, 11, 23, 0.000000, 0.000000, 0, 0, 0, 0, 0, 0, 21, 0
1777101828, 1, 24, 696, 695, 0, 7.54%, 0, 0, 2, 5.90, 16, 118, 0, 370, 103787, 39368, 0, 0.466, 11, 23, 0.000000, 0.000000, 0, 0, 0, 0, 0, 0, 21, 0
1777101864, 1, 24, 697, 696, 0, 7.54%, 0, 0, 2, 6.36, 16, 118, 0, 370, 103787, 39368, 0, 0.466, 11, 23, 0.000000, 0.000000, 0, 0, 0, 0, 0, 0, 21, 0
1777101996, 1, 24, 698, 697, 0, 7.54%, 0, 0, 2, 5.45, 16, 118, 0, 370, 103787, 39368, 0, 0.463, 13, 26, 0.000000, 0.000000, 0, 0, 0, 0, 0, 0, 24, 0
1777102001, 1, 24, 699, 698, 0, 7.54%, 0, 0, 2, 5.74, 16, 118, 0, 370, 103787, 39368, 0, 0.463, 13, 26, 0.000000, 0.000000, 0, 0, 0, 0, 0, 0, 24, 0
1777102063, 1, 24, 700, 699, 0, 7.54%, 0, 0, 2, 6.57, 16, 118, 0, 370, 103787, 39368, 0, 0.463, 13, 26, 0.000000, 0.000000, 0, 0, 0, 0, 0, 0, 25, 0
1777102099, 1, 24, 701, 700, 0, 7.54%, 0, 0, 2, 3.04, 16, 118, 0, 370, 103787, 39368, 0, 0.464, 13, 27, 0.000000, 0.000000, 0, 0, 0, 0, 0, 0, 25, 0
1777102104, 1, 24, 702, 701, 0, 7.54%, 0, 0, 2, 5.25, 16, 118, 0, 370, 103787, 39368, 0, 0.464, 13, 27, 0.000000, 0.000000, 0, 0, 0, 0, 0, 0, 25, 0
1777102131, 1, 24, 703, 702, 0, 7.55%, 0, 0, 2, 6.42, 16, 118, 0, 370, 103787, 39368, 0, 0.464, 13, 27, 0.000000, 0.000000, 0, 0, 0, 0, 0, 0, 25, 0
1777102179, 1, 24, 704, 703, 0, 7.55%, 0, 0, 2, 4.90, 16, 119, 0, 370, 103787, 39368, 0, 0.462, 17, 34, 0.000000, 0.000000, 0, 0, 0, 0, 0, 0, 26, 0
1777102240, 1, 24, 705, 704, 0, 7.55%, 0, 0, 2, 6.47, 16, 119, 0, 370, 103787, 39368, 0, 0.462, 17, 34, 0.000000, 0.000000, 0, 0, 0, 0, 0, 0, 27, 0
1777102293, 1, 24, 706, 705, 0, 7.55%, 0, 0, 2, 5.52, 16, 119, 0, 370, 103787, 39368, 0, 0.463, 17, 35, 0.000000, 0.000000, 0, 0, 0, 0, 0, 0, 28, 0
1777102365, 1, 24, 707, 706, 0, 7.55%, 0, 0, 2, 6.08, 16, 119, 0, 370, 103787, 39368, 0, 0.464, 17, 36, 0.000000, 0.000000, 0, 0, 0, 0, 0, 0, 29, 0
1777102412, 1, 24, 708, 707, 0, 7.55%, 0, 0, 2, 5.65, 16, 119, 0, 370, 103787, 39368, 0, 0.464, 17, 36, 0.000000, 0.000000, 0, 0, 0, 0, 0, 0, 30, 0
1777102417, 1, 24, 709, 708, 0, 7.55%, 0, 0, 2, 5.36, 16, 119, 0, 370, 103787, 39368, 0, 0.464, 17, 36, 0.000000, 0.000000, 0, 0, 0, 0, 0, 0, 30, 0
1777102438, 1, 24, 710, 709, 0, 7.55%, 0, 0, 2, 5.62, 16, 119, 0, 370, 103787, 39368, 0, 0.464, 17, 36, 0.000000, 0.000000, 0, 0, 0, 0, 0, 0, 30, 0
1777102458, 1, 24, 711, 710, 0, 7.55%, 0, 0, 2, 4.09, 16, 119, 0, 370, 103787, 39368, 0, 0.467, 17, 38, 0.000000, 0.000000, 0, 0, 0, 0, 0, 0, 30, 0
1777102494, 1, 24, 712, 711, 0, 7.55%, 0, 0, 2, 5.50, 16, 119, 0, 370, 103787, 39368, 0, 0.467, 17, 38, 0.000000, 0.000000, 0, 0, 0, 0, 0, 0, 30, 0
1777102536, 1, 24, 713, 712, 0, 7.56%, 0, 0, 2, 5.72, 16, 119, 0, 370, 103787, 39368, 0, 0.467, 17, 38, 0.000000, 0.000000, 0, 0, 0, 0, 0, 0, 31, 0
1777102614, 1, 24, 714, 713, 0, 7.56%, 0, 0, 2, 6.02, 16, 119, 0, 370, 103787, 39368, 0, 0.463, 21, 44, 0.000000, 0.000000, 0, 0, 0, 0, 0, 0, 33, 0
1777102625, 1, 24, 715, 714, 0, 7.56%, 0, 0, 2, 2.26, 16, 119, 0, 370, 103787, 39368, 0, 0.463, 21, 44, 0.000000, 0.000000, 0, 0, 0, 0, 0, 0, 33, 0
1777102635, 1, 24, 716, 715, 0, 7.56%, 0, 0, 2, 4.93, 16, 119, 0, 370, 103787, 39368, 0, 0.463, 21, 44, 0.000000, 0.000000, 0, 0, 0, 0, 0, 0, 33, 0
1777102645, 1, 24, 717, 716, 0, 7.57%, 0, 0, 2, 5.55, 16, 119, 0, 370, 103787, 39368, 0, 0.462, 23, 47, 0.000000, 0.000000, 0, 0, 0, 0, 0, 0, 33, 0
1777102682, 1, 24, 718, 717, 0, 7.57%, 0, 0, 2, 5.62, 16, 119, 0, 370, 103787, 39368, 0, 0.462, 23, 47, 0.000000, 0.000000, 0, 0, 0, 0, 0, 0, 33, 0
1777102739, 1, 24, 719, 718, 0, 7.57%, 0, 0, 2, 5.66, 16, 119, 0, 370, 103787, 39368, 0, 0.462, 23, 47, 0.000000, 0.000000, 0, 0, 0, 0, 0, 0, 34, 0
1777102750, 1, 24, 720, 719, 0, 7.57%, 0, 0, 2, 5.70, 16, 119, 0, 370, 103787, 39368, 0, 0.462, 23, 47, 0.000000, 0.000000, 0, 0, 0, 0, 0, 0, 34, 0
1777102765, 3, 0, 721, 719, 1, 7.58%, 0, 0, 2, 5.42, 16, 119, 0, 370, 103787, 39368, 0, 0.462, 23, 47, 0.000000, 0.000000, 0, 0, 0, 0, 0, 0, 34, 0
1777102801, 3, 0, 722, 720, 1, 7.58%, 0, 0, 2, 5.45, 16, 119, 0, 370, 103787, 39368, 0, 0.462, 23, 47, 0.000000, 0.000000, 0, 0, 0, 0, 0, 0, 34, 0
1777102817, 3, 0, 723, 721, 1, 7.58%, 0, 0, 2, 5.84, 16, 119, 0, 370, 103787, 39368, 0, 0.462, 23, 47, 0.000000, 0.000000, 0, 0, 0, 0, 0, 0, 34, 0
1777102899, 3, 0, 724, 722, 1, 7.59%, 0, 0, 2, 4.70, 16, 119, 0, 370, 103787, 39368, 0, 0.462, 25, 50, 0.000000, 0.000000, 0, 0, 0, 0, 0, 0, 36, 0
1777102987, 3, 0, 725, 723, 1, 7.59%, 0, 0, 2, 5.46, 16, 119, 0, 370, 103787, 39368, 0, 0.462, 25, 50, 0.000000, 0.000000, 0, 0, 0, 0, 0, 0, 38, 0
1777103034, 3, 0, 726, 724, 1, 7.59%, 0, 0, 2, 5.58, 16, 119, 0, 370, 103787, 39368, 0, 0.464, 25, 53, 0.000000, 0.000000, 0, 0, 0, 0, 0, 0, 39, 0
1777103055, 3, 0, 727, 725, 1, 7.59%, 0, 0, 2, 5.45, 16, 119, 0, 370, 103787, 39368, 0, 0.464, 25, 53, 0.000000, 0.000000, 0, 0, 0, 0, 0, 0, 39, 0
1777103065, 3, 0, 728, 726, 1, 7.59%, 0, 0, 2, 5.18, 16, 119, 0, 370, 103787, 39368, 0, 0.464, 25, 53, 0.000000, 0.000000, 0, 0, 0, 0, 0, 0, 39, 0
1777103117, 3, 0, 729, 727, 1, 7.59%, 0, 0, 2, 5.22, 16, 119, 0, 370, 103787, 39368, 0, 0.464, 25, 53, 0.000000, 0.000000, 0, 0, 0, 0, 0, 0, 40, 0
1777103143, 3, 0, 730, 728, 1, 7.60%, 0, 0, 2, 5.50, 16, 119, 0, 370, 103787, 39368, 0, 0.464, 25, 53, 0.000000, 0.000000, 0, 0, 0, 0, 0, 0, 40, 0
1777103206, 3, 0, 731, 729, 1, 7.60%, 0, 0, 2, 3.51, 16, 119, 0, 370, 103787, 39368, 0, 0.464, 25, 53, 0.000000, 0.000000, 0, 0, 0, 0, 0, 0, 41, 0
1777103211, 3, 0, 732, 730, 1, 7.60%, 0, 0, 2, 4.77, 16, 119, 0, 370, 103787, 39368, 0, 0.464, 25, 53, 0.000000, 0.000000, 0, 0, 0, 0, 0, 0, 41, 0
1777103242, 3, 0, 733, 731, 1, 7.60%, 0, 0, 2, 6.29, 16, 120, 0, 370, 103787, 39368, 0, 0.464, 25, 53, 0.000315, 1.000000, 7, 0, 0, 0, 0, 0, 41, 0
1777103247, 3, 0, 733, 731, 1, 7.60%, 0, 0, 2, 5.76, 16, 120, 0, 370, 103787, 39368, 0, 0.464, 25, 53, 0.001617, 1.000000, 36, 0, 0, 0, 0, 0, 41, 0
1777103252, 3, 0, 733, 731, 1, 7.60%, 0, 0, 2, 5.01, 16, 120, 0, 370, 103787, 39368, 0, 0.464, 25, 53, 0.002468, 1.000000, 55, 0, 0, 0, 0, 0, 41, 0
1777103257, 3, 0, 733, 731, 1, 7.60%, 0, 0, 2, 5.25, 16, 120, 0, 370, 103787, 39368, 0, 0.464, 25, 53, 0.003675, 1.000000, 82, 0, 0, 0, 0, 0, 41, 0
1777103262, 3, 0, 733, 731, 1, 7.60%, 0, 0, 2, 4.98, 16, 120, 0, 370, 103787, 39368, 0, 0.464, 25, 53, 0.004745, 1.000000, 106, 0, 0, 0, 0, 0, 41, 0
1777103267, 3, 0, 733, 731, 1, 7.60%, 0, 0, 2, 5.46, 16, 120, 0, 370, 103787, 39368, 0, 0.464, 25, 53, 0.006080, 1.000000, 136, 0, 0, 0, 0, 0, 41, 0
1777103272, 3, 0, 734, 732, 1, 7.60%, 0, 0, 2, 5.48, 16, 120, 0, 370, 103787, 39368, 0, 0.464, 25, 53, 0.006924, 1.000000, 155, 0, 0, 0, 0, 0, 41, 0
1777103278, 3, 0, 734, 732, 1, 7.60%, 0, 0, 2, 5.24, 16, 120, 0, 370, 103787, 39368, 0, 0.464, 25, 53, 0.008120, 1.000000, 182, 0, 0, 0, 0, 0, 41, 0
1777103283, 3, 0, 734, 732, 1, 7.60%, 0, 0, 2, 2.27, 16, 120, 0, 370, 103787, 39368, 0, 0.464, 25, 53, 0.009181, 1.000000, 206, 0, 0, 0, 0, 0, 41, 0
1777103288, 3, 0, 735, 733, 1, 7.60%, 0, 0, 2, 4.72, 16, 120, 0, 370, 103787, 39368, 0, 0.464, 25, 53, 0.010151, 1.000000, 228, 0, 0, 0, 0, 0, 41, 0
1777103293, 3, 0, 735, 733, 1, 7.60%, 0, 0, 2, 4.38, 16, 120, 0, 370, 103787, 39368, 0, 0.464, 25, 53, 0.011032, 1.000000, 248, 0, 0, 0, 0, 0, 41, 0
1777103298, 3, 0, 735, 733, 1, 7.60%, 0, 0, 2, 4.85, 16, 120, 0, 370, 103787, 39368, 0, 0.464, 25, 53, 0.012175, 1.000000, 274, 0, 0, 0, 0, 0, 41, 0
1777103304, 3, 0, 735, 733, 1, 7.60%, 0, 0, 2, 4.94, 16, 120, 0, 370, 103787, 39368, 0, 0.464, 25, 53, 0.013227, 1.000000, 298, 0, 0, 0, 0, 0, 41, 0
1777103309, 3, 0, 735, 733, 1, 7.60%, 0, 0, 2, 5.51, 16, 120, 0, 370, 103787, 39368, 0, 0.464, 25, 53, 0.014539, 1.000000, 328, 0, 0, 0, 0, 0, 41, 0
1777103314, 3, 0, 735, 733, 1, 7.60%, 0, 0, 2, 5.14, 16, 120, 0, 370, 103787, 39368, 0, 0.464, 25, 53, 0.015586, 1.000000, 352, 0, 0, 0, 0, 0, 41, 0
1777103319, 3, 0, 736, 734, 1, 7.60%, 0, 0, 2, 5.57, 16, 120, 0, 370, 103787, 39368, 0, 0.464, 25, 53, 0.016501, 1.000000, 373, 0, 0, 0, 0, 0, 41, 0
1777103324, 3, 0, 736, 734, 1, 7.60%, 0, 0, 2, 6.04, 16, 120, 0, 370, 103787, 39368, 0, 0.463, 27, 56, 0.017544, 1.000000, 397, 0, 0, 0, 0, 0, 41, 0
1777103329, 3, 0, 736, 734, 1, 7.60%, 0, 0, 2, 5.39, 16, 120, 0, 370, 103787, 39368, 0, 0.463, 27, 56, 0.018715, 1.000000, 424, 0, 0, 0, 0, 0, 41, 0
1777103334, 3, 0, 736, 734, 1, 7.60%, 0, 0, 2, 5.40, 16, 120, 0, 370, 103787, 39368, 0, 0.463, 27, 56, 0.019580, 1.000000, 444, 0, 0, 0, 0, 0, 41, 0
1777103340, 3, 0, 736, 734, 1, 7.60%, 0, 0, 2, 5.63, 16, 120, 0, 370, 103787, 39368, 0, 0.463, 27, 56, 0.020919, 1.000000, 475, 0, 0, 0, 0, 0, 41, 0
1777103345, 3, 0, 736, 734, 1, 7.60%, 0, 0, 2, 5.48, 16, 120, 0, 370, 103787, 39368, 0, 0.463, 27, 56, 0.021995, 1.000000, 500, 0, 0, 0, 0, 0, 41, 0
1777103350, 3, 0, 736, 734, 1, 7.60%, 0, 0, 2, 5.53, 16, 120, 0, 370, 103787, 39368, 0, 0.463, 27, 56, 0.023199, 1.000000, 528, 0, 0, 0, 0, 0, 41, 0
1777103355, 3, 0, 736, 734, 1, 7.60%, 0, 0, 2, 5.57, 16, 120, 0, 370, 103787, 39368, 0, 0.463, 27, 56, 0.024356, 1.000000, 555, 0, 0, 0, 0, 0, 41, 0
1777103361, 3, 0, 736, 734, 1, 7.60%, 0, 0, 2, 5.12, 16, 120, 0, 370, 103787, 39368, 0, 0.463, 27, 56, 0.025468, 1.000000, 581, 0, 0, 0, 0, 0, 42, 0
1777103366, 3, 0, 736, 734, 1, 7.60%, 0, 0, 2, 5.20, 16, 120, 0, 370, 103787, 39368, 0, 0.463, 27, 56, 0.026620, 1.000000, 608, 0, 0, 0, 0, 0, 42, 0
1777103371, 3, 0, 736, 734, 1, 7.60%, 0, 0, 2, 0.66, 16, 120, 0, 370, 103787, 39368, 0, 0.463, 27, 56, 0.027599, 1.000000, 631, 0, 0, 0, 0, 0, 42, 0
1777103377, 3, 0, 736, 734, 1, 7.60%, 0, 0, 2, 5.29, 16, 120, 0, 370, 103787, 39368, 0, 0.463, 27, 56, 0.028831, 1.000000, 660, 0, 0, 0, 0, 0, 42, 0
1777103382, 3, 0, 736, 734, 1, 7.60%, 0, 0, 2, 5.18, 16, 120, 0, 370, 103787, 39368, 0, 0.463, 27, 56, 0.029933, 1.000000, 686, 0, 0, 0, 0, 0, 42, 0
1777103387, 3, 0, 736, 734, 1, 7.60%, 0, 0, 2, 5.19, 16, 120, 0, 370, 103787, 39368, 0, 0.463, 27, 56, 0.031074, 1.000000, 713, 0, 0, 0, 0, 0, 42, 0
1777103392, 3, 0, 736, 734, 1, 7.60%, 0, 0, 2, 5.48, 16, 120, 0, 370, 103787, 39368, 0, 0.463, 27, 56, 0.032213, 1.000000, 740, 0, 0, 0, 0, 0, 42, 0
1777103397, 3, 0, 736, 734, 1, 7.60%, 0, 0, 2, 5.46, 16, 120, 0, 370, 103787, 39368, 0, 0.463, 27, 56, 0.033391, 1.000000, 768, 0, 0, 0, 0, 0, 42, 0
1777103402, 3, 0, 736, 734, 1, 7.60%, 0, 0, 2, 6.79, 16, 120, 0, 370, 103787, 39368, 0, 0.463, 27, 56, 0.034399, 1.000000, 792, 0, 0, 0, 0, 0, 43, 0
1777103407, 3, 0, 736, 734, 1, 7.60%, 0, 0, 2, 5.65, 16, 120, 0, 370, 103787, 39368, 0, 0.463, 27, 56, 0.035488, 1.000000, 818, 0, 0, 0, 0, 0, 43, 0
1777103412, 3, 0, 736, 734, 1, 7.60%, 0, 0, 2, 6.57, 16, 120, 0, 370, 103787, 39368, 0, 0.463, 27, 56, 0.036324, 1.000000, 838, 0, 0, 0, 0, 0, 43, 0
1777103417, 3, 0, 736, 734, 1, 7.60%, 0, 0, 2, 5.72, 16, 120, 0, 370, 103787, 39368, 0, 0.463, 27, 56, 0.037492, 1.000000, 866, 0, 0, 0, 0, 0, 43, 0
1777103423, 3, 0, 736, 734, 1, 7.60%, 0, 0, 2, 5.43, 16, 120, 0, 370, 103787, 39368, 0, 0.465, 27, 58, 0.038575, 1.000000, 892, 0, 0, 0, 0, 0, 43, 0
1777103428, 3, 0, 737, 735, 1, 7.61%, 0, 0, 2, 5.49, 16, 120, 0, 370, 103787, 39368, 0, 0.465, 27, 58, 0.039447, 1.000000, 913, 0, 0, 0, 0, 0, 43, 0
1777103433, 3, 0, 737, 735, 1, 7.61%, 0, 0, 2, 5.04, 16, 120, 0, 370, 103787, 39368, 0, 0.465, 27, 58, 0.040401, 1.000000, 936, 0, 0, 0, 0, 0, 43, 0
1777103438, 3, 0, 737, 735, 1, 7.61%, 0, 0, 2, 5.35, 16, 120, 0, 370, 103787, 39368, 0, 0.465, 27, 58, 0.041559, 1.000000, 964, 0, 0, 0, 0, 0, 43, 0
1777103443, 3, 0, 737, 735, 1, 7.61%, 0, 0, 2, 5.34, 16, 120, 0, 370, 103787, 39368, 0, 0.465, 27, 58, 0.042550, 1.000000, 988, 0, 0, 0, 0, 0, 43, 0
1777103448, 3, 0, 737, 735, 1, 7.61%, 0, 0, 2, 5.28, 16, 120, 0, 370, 103787, 39368, 0, 0.465, 27, 58, 0.043703, 1.000000, 1016, 0, 0, 0, 0, 0, 43, 0
1777103453, 3, 0, 738, 736, 1, 7.61%, 0, 0, 2, 6.99, 16, 120, 0, 370, 103787, 39368, 0, 0.465, 27, 58, 0.044237, 1.000000, 1029, 0, 0, 0, 0, 0, 43, 0
1777103459, 3, 0, 738, 736, 1, 7.61%, 0, 0, 2, 6.00, 16, 120, 0, 370, 103787, 39368, 0, 0.465, 27, 58, 0.045427, 1.000000, 1058, 0, 0, 0, 0, 0, 43, 0
1777103464, 3, 0, 738, 736, 1, 7.61%, 0, 0, 2, 5.60, 16, 120, 0, 370, 103787, 39368, 0, 0.465, 27, 58, 0.046451, 1.000000, 1083, 0, 0, 0, 0, 0, 43, 0
1777103469, 3, 0, 738, 736, 1, 7.61%, 0, 0, 2, 5.22, 16, 120, 0, 370, 103787, 39368, 0, 0.465, 27, 58, 0.047513, 1.000000, 1109, 0, 0, 0, 0, 0, 43, 0
1777103474, 3, 0, 738, 736, 1, 7.61%, 0, 0, 2, 5.20, 16, 120, 0, 370, 103787, 39368, 0, 0.465, 27, 58, 0.048573, 1.000000, 1135, 0, 0, 0, 0, 0, 43, 0
1777103480, 3, 0, 738, 736, 1, 7.61%, 0, 0, 2, 1.06, 16, 120, 0, 370, 103787, 39368, 0, 0.465, 27, 58, 0.049793, 1.000000, 1165, 0, 0, 0, 0, 0, 43, 0
1777103485, 3, 0, 738, 736, 1, 7.61%, 0, 0, 2, 5.46, 16, 120, 0, 370, 103787, 39368, 0, 0.465, 27, 58, 0.050888, 1.000000, 1192, 0, 0, 0, 0, 0, 43, 0
1777103490, 3, 0, 739, 737, 1, 7.61%, 0, 0, 2, 5.09, 16, 120, 0, 370, 103787, 39368, 0, 0.465, 27, 58, 0.051819, 1.000000, 1215, 0, 0, 0, 0, 0, 43, 0
1777103496, 3, 0, 739, 737, 1, 7.61%, 0, 0, 2, 5.12, 16, 120, 0, 370, 103787, 39368, 0, 0.465, 27, 58, 0.052587, 1.000000, 1234, 0, 0, 0, 0, 0, 43, 0
1777103501, 3, 0, 739, 737, 1, 7.61%, 0, 0, 2, 4.78, 16, 120, 0, 370, 103787, 39368, 0, 0.465, 27, 58, 0.053514, 1.000000, 1257, 0, 0, 0, 0, 0, 43, 0
1777103506, 3, 0, 739, 737, 1, 7.61%, 0, 0, 2, 4.96, 16, 120, 0, 370, 103787, 39368, 0, 0.465, 27, 58, 0.054601, 1.000000, 1284, 0, 0, 0, 0, 0, 43, 0
1777103511, 3, 0, 739, 737, 1, 7.61%, 0, 0, 2, 5.02, 16, 120, 0, 370, 103787, 39368, 0, 0.465, 27, 58, 0.055605, 1.000000, 1309, 0, 0, 0, 0, 0, 43, 0
1777103516, 3, 0, 740, 738, 1, 7.61%, 0, 0, 2, 5.55, 16, 120, 0, 370, 103787, 39368, 0, 0.465, 27, 58, 0.056487, 1.000000, 1331, 0, 0, 0, 0, 0, 43, 0
1777103522, 3, 0, 740, 738, 1, 7.61%, 0, 0, 2, 5.22, 16, 120, 0, 370, 103787, 39368, 0, 0.466, 27, 60, 0.057407, 1.000000, 1354, 0, 0, 0, 0, 0, 43, 0
1777103527, 3, 0, 740, 738, 1, 7.61%, 0, 0, 2, 5.13, 16, 120, 0, 370, 103787, 39368, 0, 0.466, 27, 60, 0.058525, 1.000000, 1382, 0, 0, 0, 0, 0, 43, 0
1777103532, 3, 0, 741, 739, 1, 7.61%, 0, 0, 2, 4.98, 16, 120, 0, 370, 103787, 39368, 0, 0.466, 27, 60, 0.059202, 0.766607, 1399, 0, 0, 0, 0, 0, 43, 0
1777103537, 3, 0, 741, 739, 1, 7.61%, 0, 0, 2, 5.03, 16, 120, 0, 370, 103787, 39368, 0, 0.466, 27, 60, 0.060077, 1.000000, 1421, 0, 0, 0, 0, 0, 43, 0
1777103542, 3, 0, 741, 739, 1, 7.61%, 0, 0, 2, 5.24, 16, 120, 0, 370, 103787, 39368, 0, 0.466, 27, 60, 0.061149, 1.000000, 1448, 0, 0, 0, 0, 0, 43, 0
1777103548, 3, 0, 741, 739, 1, 7.61%, 0, 0, 2, 5.21, 16, 120, 0, 370, 103787, 39368, 0, 0.466, 27, 60, 0.062257, 1.000000, 1476, 0, 0, 0, 0, 0, 43, 0
1777103553, 3, 0, 741, 739, 1, 7.61%, 0, 0, 2, 5.46, 16, 120, 0, 370, 103787, 39368, 0, 0.466, 27, 60, 0.063285, 1.000000, 1502, 0, 0, 0, 0, 0, 43, 0
1777103558, 3, 0, 741, 739, 1, 7.61%, 0, 0, 2, 5.58, 16, 120, 0, 370, 103787, 39368, 0, 0.466, 27, 60, 0.064467, 1.000000, 1532, 0, 0, 0, 0, 0, 43, 0
1777103563, 3, 0, 741, 739, 1, 7.61%, 0, 0, 2, 5.76, 16, 120, 0, 370, 103787, 39368, 0, 0.466, 27, 60, 0.065333, 1.000000, 1554, 0, 0, 0, 0, 0, 43, 0
1777103568, 3, 0, 742, 740, 1, 7.62%, 0, 0, 2, 5.74, 16, 120, 0, 370, 103787, 39368, 0, 0.466, 27, 60, 0.066196, 1.000000, 1576, 0, 0, 0, 0, 0, 43, 0
1777103574, 3, 0, 742, 740, 1, 7.62%, 0, 0, 2, 5.45, 16, 120, 0, 370, 103787, 39368, 0, 0.466, 27, 60, 0.066980, 1.000000, 1596, 0, 0, 0, 0, 0, 43, 0
1777103579, 3, 0, 742, 740, 1, 7.62%, 0, 0, 2, 5.09, 16, 120, 0, 370, 103787, 39368, 0, 0.466, 27, 60, 0.067997, 1.000000, 1622, 0, 0, 0, 0, 0, 43, 0
1777103584, 3, 0, 742, 740, 1, 7.62%, 0, 0, 2, 4.98, 16, 120, 0, 370, 103787, 39368, 0, 0.466, 27, 60, 0.068934, 1.000000, 1646, 0, 0, 0, 0, 0, 43, 0
1777103589, 3, 0, 742, 740, 1, 7.62%, 0, 0, 2, 5.41, 16, 120, 0, 370, 103787, 39368, 0, 0.466, 27, 60, 0.070102, 1.000000, 1676, 0, 0, 0, 0, 0, 43, 0
1777103594, 3, 0, 742, 740, 1, 7.62%, 0, 0, 2, 5.19, 16, 120, 0, 370, 103787, 39368, 0, 0.466, 27, 60, 0.071035, 1.000000, 1700, 0, 0, 0, 0, 0, 43, 0
1777103599, 3, 0, 743, 741, 1, 7.62%, 0, 0, 2, 5.40, 16, 120, 0, 370, 103787, 39368, 0, 0.466, 27, 60, 0.071810, 1.000000, 1720, 0, 0, 0, 0, 0, 43, 0
1777103605, 3, 0, 743, 741, 1, 7.62%, 0, 0, 2, 5.08, 16, 120, 0, 370, 103787, 39368, 0, 0.466, 27, 60, 0.072701, 1.000000, 1743, 0, 0, 0, 0, 0, 43, 0
1777103610, 3, 0, 743, 741, 1, 7.62%, 0, 0, 2, 5.14, 16, 120, 0, 370, 103787, 39368, 0, 0.466, 27, 60, 0.073744, 1.000000, 1770, 0, 0, 0, 0, 0, 43, 0
1777103615, 3, 0, 743, 741, 1, 7.62%, 0, 0, 2, 4.96, 16, 120, 0, 370, 103787, 39368, 0, 0.466, 27, 60, 0.074515, 1.000000, 1790, 0, 0, 0, 0, 0, 43, 0
1777103620, 3, 0, 743, 741, 1, 7.62%, 0, 0, 2, 5.10, 16, 120, 0, 370, 103787, 39368, 0, 0.466, 27, 60, 0.075554, 1.000000, 1817, 0, 0, 0, 0, 0, 43, 0
1777103625, 3, 0, 743, 741, 1, 7.62%, 0, 0, 2, 5.42, 16, 120, 0, 370, 103787, 39368, 0, 0.466, 28, 60, 0.076591, 1.000000, 1844, 0, 0, 0, 0, 0, 43, 0
1777103631, 3, 0, 743, 741, 1, 7.62%, 0, 0, 2, 5.78, 16, 120, 0, 370, 103787, 39368, 0, 0.466, 28, 60, 0.077740, 1.000000, 1874, 0, 0, 0, 0, 0, 43, 0
1777103636, 3, 0, 743, 741, 1, 7.62%, 0, 0, 2, 5.72, 16, 120, 0, 370, 103787, 39368, 0, 0.466, 28, 60, 0.078810, 1.000000, 1902, 0, 0, 0, 0, 0, 43, 0
1777103641, 3, 0, 743, 741, 1, 7.62%, 0, 0, 2, 5.65, 16, 120, 0, 370, 103787, 39368, 0, 0.466, 28, 60, 0.079763, 1.000000, 1927, 0, 0, 0, 0, 0, 44, 0
1777103646, 3, 0, 743, 741, 1, 7.62%, 0, 0, 2, 5.27, 16, 120, 0, 370, 103787, 39368, 0, 0.466, 28, 60, 0.080753, 1.000000, 1953, 0, 0, 0, 0, 0, 44, 0
1777103652, 3, 0, 744, 742, 1, 7.62%, 0, 0, 2, 0.65, 16, 120, 0, 370, 103787, 39368, 0, 0.466, 28, 60, 0.081588, 1.000000, 1975, 0, 0, 0, 0, 0, 44, 0
1777103657, 3, 0, 744, 742, 1, 7.62%, 0, 0, 2, 4.78, 16, 120, 0, 370, 103787, 39368, 0, 0.466, 28, 60, 0.082308, 1.000000, 1994, 0, 0, 0, 0, 0, 44, 0
1777103662, 3, 0, 744, 742, 1, 7.62%, 0, 0, 2, 4.65, 16, 120, 0, 370, 103787, 39368, 0, 0.466, 28, 60, 0.083179, 1.000000, 2017, 0, 0, 0, 0, 0, 44, 0
1777103667, 3, 0, 744, 742, 1, 7.62%, 0, 0, 2, 4.92, 16, 120, 0, 370, 103787, 39368, 0, 0.466, 28, 60, 0.084198, 1.000000, 2044, 0, 0, 0, 0, 0, 44, 0
1777103673, 3, 0, 744, 742, 1, 7.62%, 0, 0, 2, 4.85, 16, 120, 0, 370, 103787, 39368, 0, 0.466, 28, 60, 0.085103, 1.000000, 2068, 0, 0, 0, 0, 0, 44, 0
1777103678, 3, 0, 744, 742, 1, 7.62%, 0, 0, 2, 5.45, 16, 120, 0, 370, 103787, 39368, 0, 0.466, 28, 60, 0.086231, 1.000000, 2098, 0, 0, 0, 0, 0, 44, 0
1777103683, 3, 0, 744, 742, 1, 7.62%, 0, 0, 2, 1.89, 16, 120, 0, 370, 103787, 39368, 0, 0.466, 28, 60, 0.087131, 1.000000, 2122, 0, 0, 0, 0, 0, 44, 0
1777103688, 3, 0, 744, 742, 1, 7.62%, 0, 0, 2, 4.48, 16, 120, 0, 370, 103787, 39368, 0, 0.466, 28, 60, 0.088217, 1.000000, 2151, 0, 0, 0, 0, 0, 44, 0
1777103693, 3, 0, 744, 742, 1, 7.62%, 0, 0, 2, 6.27, 16, 120, 0, 370, 103787, 39368, 0, 0.466, 28, 60, 0.089002, 1.000000, 2172, 0, 0, 0, 0, 0, 44, 0
1777103698, 3, 0, 745, 743, 1, 7.62%, 0, 0, 2, 5.63, 16, 120, 0, 370, 103787, 39368, 0, 0.466, 28, 60, 0.089748, 1.000000, 2192, 0, 0, 0, 0, 0, 45, 0
1777103703, 3, 0, 745, 743, 1, 7.62%, 0, 0, 2, 5.22, 16, 120, 0, 370, 103787, 39368, 0, 0.466, 28, 60, 0.090641, 1.000000, 2216, 0, 0, 0, 0, 0, 45, 0
1777103709, 3, 0, 745, 743, 1, 7.62%, 0, 0, 2, 5.20, 16, 120, 0, 370, 103787, 39368, 0, 0.466, 28, 60, 0.091682, 1.000000, 2244, 0, 0, 0, 0, 0, 45, 0
1777103714, 3, 0, 745, 743, 1, 7.62%, 0, 0, 2, 5.09, 16, 120, 0, 370, 103787, 39368, 0, 0.466, 28, 60, 0.092571, 1.000000, 2268, 0, 0, 0, 0, 0, 45, 0
1777103719, 3, 0, 745, 743, 1, 7.62%, 0, 0, 2, 5.22, 16, 120, 0, 370, 103787, 39368, 0, 0.466, 28, 60, 0.093607, 1.000000, 2296, 0, 0, 0, 0, 0, 45, 0
1777103724, 3, 0, 745, 743, 1, 7.62%, 0, 0, 2, 5.51, 16, 120, 0, 370, 103787, 39368, 0, 0.468, 28, 62, 0.094567, 1.000000, 2322, 0, 0, 0, 0, 0, 45, 0
1777103729, 3, 0, 745, 743, 1, 7.62%, 0, 0, 2, 5.55, 16, 120, 0, 370, 103787, 39368, 0, 0.468, 28, 62, 0.095672, 1.000000, 2352, 0, 0, 0, 0, 0, 45, 0
1777103734, 3, 0, 745, 743, 1, 7.62%, 0, 0, 2, 5.54, 16, 120, 0, 370, 103787, 39368, 0, 0.468, 28, 62, 0.096444, 1.000000, 2373, 0, 0, 0, 0, 0, 45, 0
1777103739, 3, 0, 745, 743, 1, 7.62%, 0, 0, 2, 5.21, 16, 120, 0, 370, 103787, 39368, 0, 0.468, 28, 62, 0.097398, 1.000000, 2399, 0, 0, 0, 0, 0, 46, 0
1777103745, 3, 0, 745, 743, 1, 7.62%, 0, 0, 2, 5.10, 16, 120, 0, 370, 103787, 39368, 0, 0.468, 28, 62, 0.098313, 1.000000, 2424, 0, 0, 0, 0, 0, 46, 0
1777103750, 3, 0, 745, 743, 1, 7.62%, 0, 0, 2, 5.20, 16, 120, 0, 370, 103787, 39368, 0, 0.468, 28, 62, 0.099263, 1.000000, 2450, 0, 0, 0, 0, 0, 46, 0
1777103755, 3, 0, 746, 744, 1, 7.62%, 0, 0, 2, 5.39, 16, 120, 0, 370, 103787, 39368, 0, 0.468, 28, 62, 0.099955, 0.618617, 2469, 0, 0, 0, 0, 0, 46, 0
1777103760, 3, 0, 746, 744, 1, 7.62%, 0, 0, 2, 5.26, 16, 120, 0, 370, 103787, 39368, 0, 0.468, 28, 62, 0.100938, 1.000000, 2496, 0, 0, 0, 0, 0, 46, 0
1777103765, 3, 0, 746, 744, 1, 7.62%, 0, 0, 2, 3.35, 16, 120, 0, 370, 103787, 39368, 0, 0.468, 28, 62, 0.101774, 1.000000, 2519, 0, 0, 0, 0, 0, 46, 0
1777103770, 3, 0, 746, 744, 1, 7.62%, 0, 0, 2, 4.58, 16, 120, 0, 370, 103787, 39368, 0, 0.468, 28, 62, 0.102752, 1.000000, 2546, 0, 0, 0, 0, 0, 46, 0
1777103775, 3, 0, 746, 744, 1, 7.62%, 0, 0, 2, 4.84, 16, 120, 0, 370, 103787, 39368, 0, 0.468, 28, 62, 0.103440, 1.000000, 2565, 0, 0, 0, 0, 0, 46, 0
1777103780, 3, 0, 747, 745, 1, 7.62%, 0, 0, 2, 5.23, 16, 120, 0, 370, 103787, 39368, 0, 0.468, 28, 62, 0.104451, 0.931000, 2593, 0, 0, 0, 0, 0, 46, 0
1777103785, 3, 0, 747, 745, 1, 7.62%, 0, 0, 2, 5.15, 16, 120, 0, 370, 103787, 39368, 0, 0.468, 28, 62, 0.105064, 1.000000, 2610, 0, 0, 0, 0, 0, 46, 0
1777103790, 3, 0, 747, 745, 1, 7.62%, 0, 0, 2, 5.13, 16, 120, 0, 370, 103787, 39368, 0, 0.468, 28, 62, 0.106000, 1.000000, 2636, 0, 0, 0, 0, 0, 46, 0
1777103796, 3, 0, 747, 745, 1, 7.62%, 0, 0, 2, 4.98, 16, 120, 0, 370, 103787, 39368, 0, 0.468, 28, 62, 0.106862, 1.000000, 2660, 0, 0, 0, 0, 0, 46, 0
1777103801, 3, 0, 747, 745, 1, 7.62%, 0, 0, 2, 5.09, 16, 120, 0, 370, 103787, 39368, 0, 0.468, 28, 62, 0.107865, 1.000000, 2688, 0, 0, 0, 0, 0, 46, 0
1777103806, 3, 0, 747, 745, 1, 7.62%, 0, 0, 2, 6.85, 16, 120, 0, 370, 103787, 39368, 0, 0.468, 28, 62, 0.108724, 1.000000, 2712, 0, 0, 0, 0, 0, 46, 0
1777103811, 3, 0, 747, 745, 1, 7.62%, 0, 0, 2, 5.89, 16, 120, 0, 370, 103787, 39368, 0, 0.468, 28, 62, 0.109723, 1.000000, 2740, 0, 0, 0, 0, 0, 46, 0
1777103816, 3, 0, 748, 746, 1, 7.62%, 0, 0, 2, 6.17, 16, 120, 0, 370, 103787, 39368, 0, 0.468, 28, 62, 0.110257, 1.000000, 2755, 0, 0, 0, 0, 0, 46, 0
1777103822, 3, 0, 748, 746, 1, 7.62%, 0, 0, 2, 5.58, 16, 120, 0, 370, 103787, 39368, 0, 0.469, 28, 63, 0.111324, 1.000000, 2785, 0, 0, 0, 0, 0, 46, 0
1777103827, 3, 0, 748, 746, 1, 7.62%, 0, 0, 2, 5.77, 16, 120, 0, 370, 103787, 39368, 0, 0.469, 28, 63, 0.112424, 1.000000, 2816, 0, 0, 0, 0, 0, 46, 0
1777103832, 3, 0, 748, 746, 1, 7.62%, 0, 0, 2, 5.37, 16, 120, 0, 370, 103787, 39368, 0, 0.469, 28, 63, 0.113309, 1.000000, 2841, 0, 0, 0, 0, 0, 46, 0
1777103838, 3, 0, 748, 746, 1, 7.62%, 0, 0, 2, 5.49, 16, 120, 0, 370, 103787, 39368, 0, 0.469, 28, 63, 0.114334, 1.000000, 2870, 0, 0, 0, 0, 0, 46, 0
1777103843, 3, 0, 748, 746, 1, 7.62%, 0, 0, 2, 5.19, 16, 120, 0, 370, 103787, 39368, 0, 0.469, 28, 63, 0.115179, 1.000000, 2894, 0, 0, 0, 0, 0, 46, 0
1777103848, 3, 0, 748, 746, 1, 7.62%, 0, 0, 2, 5.46, 16, 120, 0, 370, 103787, 39368, 0, 0.469, 28, 63, 0.116235, 1.000000, 2924, 0, 0, 0, 0, 0, 46, 0
1777103853, 3, 0, 748, 746, 1, 7.62%, 0, 0, 2, 7.65, 16, 120, 0, 370, 103787, 39368, 0, 0.469, 28, 63, 0.116972, 1.000000, 2945, 0, 0, 0, 0, 0, 47, 0
1777103859, 3, 0, 749, 747, 1, 7.63%, 0, 0, 2, 6.23, 16, 120, 0, 370, 103787, 39368, 0, 0.469, 28, 63, 0.117708, 1.000000, 2966, 0, 0, 0, 0, 0, 47, 0
1777103864, 3, 0, 749, 747, 1, 7.63%, 0, 0, 2, 5.43, 16, 120, 0, 370, 103787, 39368, 0, 0.469, 28, 63, 0.118582, 1.000000, 2991, 0, 0, 0, 0, 0, 47, 0
1777103869, 3, 0, 749, 747, 1, 7.63%, 0, 0, 2, 5.44, 16, 120, 0, 370, 103787, 39368, 0, 0.469, 28, 63, 0.119594, 1.000000, 3020, 0, 0, 0, 0, 0, 47, 0
1777103874, 3, 0, 749, 747, 1, 7.63%, 0, 0, 2, 5.33, 16, 120, 0, 370, 103787, 39368, 0, 0.469, 28, 63, 0.120500, 1.000000, 3046, 0, 0, 0, 0, 0, 47, 0
1777103879, 3, 0, 750, 748, 1, 7.63%, 0, 0, 2, 5.85, 16, 120, 0, 370, 103787, 39368, 0, 0.469, 28, 63, 0.121265, 1.000000, 3068, 0, 0, 0, 0, 0, 47, 0
1777103885, 3, 0, 750, 748, 1, 7.63%, 0, 0, 2, 3.64, 16, 120, 0, 370, 103787, 39368, 0, 0.469, 28, 63, 0.122098, 1.000000, 3092, 0, 0, 0, 0, 0, 47, 0
1777103891, 3, 0, 750, 748, 1, 7.63%, 0, 0, 2, 0.66, 16, 120, 0, 370, 103787, 39368, 0, 0.469, 28, 63, 0.123033, 1.000000, 3119, 0, 0, 0, 0, 0, 47, 0
1777103896, 3, 0, 750, 748, 1, 7.63%, 0, 0, 2, 6.23, 16, 120, 0, 370, 103787, 39368, 0, 0.469, 28, 63, 0.124069, 1.000000, 3149, 0, 0, 0, 0, 0, 47, 0
1777103901, 3, 0, 750, 748, 1, 7.63%, 0, 0, 2, 5.46, 16, 120, 0, 370, 103787, 39368, 0, 0.469, 28, 63, 0.124931, 1.000000, 3174, 0, 0, 0, 0, 0, 47, 0
1777103906, 3, 0, 750, 748, 1, 7.63%, 0, 0, 2, 5.39, 16, 120, 0, 370, 103787, 39368, 0, 0.469, 28, 63, 0.125894, 1.000000, 3202, 0, 0, 0, 0, 0, 47, 0
1777103912, 3, 0, 750, 748, 1, 7.63%, 0, 0, 2, 5.26, 16, 120, 0, 370, 103787, 39368, 0, 0.469, 28, 63, 0.126787, 1.000000, 3228, 0, 0, 0, 0, 0, 47, 0
1777103917, 3, 0, 750, 748, 1, 7.63%, 0, 0, 2, 5.35, 16, 120, 0, 370, 103787, 39368, 0, 0.469, 28, 63, 0.127746, 1.000000, 3256, 0, 0, 0, 0, 0, 47, 0
1777103922, 3, 0, 750, 748, 1, 7.63%, 0, 0, 2, 5.09, 16, 120, 0, 370, 103787, 39368, 0, 0.469, 29, 63, 0.128533, 1.000000, 3279, 0, 0, 0, 0, 0, 48, 0
1777103927, 3, 0, 750, 748, 1, 7.63%, 0, 0, 2, 5.11, 16, 120, 0, 370, 103787, 39368, 0, 0.469, 29, 63, 0.129454, 1.000000, 3306, 0, 0, 0, 0, 0, 48, 0
1777103932, 3, 0, 750, 748, 1, 7.63%, 0, 0, 2, 6.57, 16, 120, 0, 370, 103787, 39368, 0, 0.469, 29, 63, 0.130135, 1.000000, 3326, 0, 0, 0, 0, 0, 48, 0
1777103937, 3, 0, 750, 748, 1, 7.63%, 0, 0, 2, 5.65, 16, 120, 0, 370, 103787, 39368, 0, 0.469, 29, 63, 0.131053, 1.000000, 3353, 0, 0, 0, 0, 0, 48, 0
1777103942, 3, 0, 750, 748, 1, 7.63%, 0, 0, 2, 5.62, 16, 120, 0, 370, 103787, 39368, 0, 0.469, 29, 63, 0.131969, 1.000000, 3380, 0, 0, 0, 0, 0, 48, 0
1777103947, 3, 0, 750, 748, 1, 7.63%, 0, 0, 2, 5.69, 16, 120, 0, 370, 103787, 39368, 0, 0.469, 29, 63, 0.132985, 1.000000, 3410, 0, 0, 0, 0, 0, 48, 0
1777103952, 3, 0, 750, 748, 1, 7.63%, 0, 0, 2, 5.35, 16, 120, 0, 370, 103787, 39368, 0, 0.469, 29, 63, 0.133829, 1.000000, 3435, 0, 0, 0, 0, 0, 48, 0
1777103958, 3, 0, 750, 748, 1, 7.63%, 0, 0, 2, 5.57, 16, 120, 0, 370, 103787, 39368, 0, 0.469, 29, 63, 0.134807, 1.000000, 3464, 0, 0, 0, 0, 0, 49, 0
1777103963, 3, 0, 750, 748, 1, 7.63%, 0, 0, 2, 5.74, 16, 120, 0, 370, 103787, 39368, 0, 0.469, 29, 63, 0.135547, 1.000000, 3486, 0, 0, 0, 0, 0, 49, 0
1777103968, 3, 0, 750, 748, 1, 7.63%, 0, 0, 2, 5.47, 16, 120, 0, 370, 103787, 39368, 0, 0.469, 29, 63, 0.136487, 1.000000, 3514, 0, 0, 0, 0, 0, 49, 0
1777103973, 3, 0, 750, 748, 1, 7.63%, 0, 0, 2, 5.02, 16, 120, 0, 370, 103787, 39368, 0, 0.469, 29, 63, 0.137157, 1.000000, 3534, 0, 0, 0, 0, 0, 49, 0
1777103978, 3, 0, 750, 748, 1, 7.63%, 0, 0, 2, 5.06, 16, 120, 0, 370, 103787, 39368, 0, 0.469, 29, 63, 0.138061, 1.000000, 3561, 0, 0, 0, 0, 0, 49, 0
1777103983, 3, 0, 751, 749, 1, 7.63%, 0, 0, 2, 5.33, 16, 120, 0, 370, 103787, 39368, 0, 0.469, 29, 63, 0.138695, 1.000000, 3580, 0, 0, 0, 0, 0, 49, 0
1777103989, 3, 0, 751, 749, 1, 7.63%, 0, 0, 2, 5.29, 16, 120, 0, 370, 103787, 39368, 0, 0.469, 29, 63, 0.139595, 1.000000, 3607, 0, 0, 0, 0, 0, 49, 0
1777103994, 3, 0, 752, 750, 1, 7.63%, 0, 0, 2, 5.26, 16, 120, 0, 370, 103787, 39368, 0, 0.469, 29, 63, 0.140161, 1.000000, 3624, 0, 0, 0, 0, 0, 49, 0
1777103999, 3, 0, 752, 750, 1, 7.63%, 0, 0, 2, 5.41, 16, 120, 0, 370, 103787, 39368, 0, 0.469, 29, 63, 0.141091, 1.000000, 3652, 0, 0, 0, 0, 0, 49, 0
1777104004, 3, 0, 752, 750, 1, 7.63%, 0, 0, 2, 6.67, 16, 120, 0, 370, 103787, 39368, 0, 0.469, 29, 63, 0.141887, 1.000000, 3676, 0, 0, 0, 0, 0, 49, 0
1777104010, 3, 0, 752, 750, 1, 7.63%, 0, 0, 2, 5.51, 16, 120, 0, 370, 103787, 39368, 0, 0.469, 29, 63, 0.142780, 1.000000, 3703, 0, 0, 0, 0, 0, 49, 0
1777104015, 3, 0, 752, 750, 1, 7.63%, 0, 0, 2, 5.38, 16, 120, 0, 370, 103787, 39368, 0, 0.469, 29, 63, 0.143672, 1.000000, 3730, 0, 0, 0, 0, 0, 49, 0
1777104020, 3, 0, 752, 750, 1, 7.63%, 0, 0, 2, 4.99, 16, 120, 0, 370, 103787, 39368, 0, 0.469, 29, 63, 0.144429, 1.000000, 3753, 0, 0, 0, 0, 0, 49, 0
1777104025, 3, 0, 752, 750, 1, 7.63%, 0, 0, 2, 5.31, 16, 120, 0, 370, 103787, 39368, 0, 0.469, 29, 63, 0.145350, 1.000000, 3781, 0, 0, 0, 0, 0, 49, 0
1777104031, 3, 0, 754, 752, 21, 7.64%, 0, 0, 2, 5.14, 16, 122, 0, 370, 103787, 39368, 0, 0.469, 29, 63, 0.145646, 0.587686, 3790, 0, 0, 0, 0, 0, 49, 0
1777104036, 3, 0, 756, 754, 21, 7.64%, 0, 0, 2, 5.40, 16, 123, 0, 370, 103787, 39368, 0, 0.469, 29, 63, 0.146040, 1.000000, 3802, 0, 0, 0, 0, 0, 49, 0
1777104041, 3, 0, 756, 754, 21, 7.64%, 0, 0, 2, 7.65, 16, 123, 0, 370, 103787, 39368, 0, 0.469, 29, 63, 0.146892, 1.000000, 3828, 0, 0, 0, 0, 0, 49, 0
1777104046, 3, 0, 757, 755, 21, 7.64%, 0, 0, 2, 6.05, 16, 123, 0, 370, 103787, 39368, 0, 0.469, 29, 63, 0.147481, 1.000000, 3846, 0, 0, 0, 0, 0, 49, 0
1777104051, 3, 0, 759, 757, 21, 7.64%, 0, 0, 2, 5.67, 16, 125, 0, 370, 103787, 39368, 0, 0.469, 29, 63, 0.147775, 0.766607, 3855, 0, 0, 0, 0, 0, 49, 0
1777104056, 3, 0, 761, 759, 21, 7.64%, 0, 0, 2, 5.89, 16, 127, 0, 370, 103787, 39368, 0, 0.469, 29, 63, 0.148232, 0.713711, 3869, 0, 0, 0, 0, 0, 49, 0
1777104061, 3, 0, 762, 760, 21, 7.64%, 0, 0, 2, 5.53, 16, 127, 0, 370, 103787, 39368, 0, 0.469, 29, 63, 0.148754, 0.618617, 3885, 0, 0, 0, 0, 0, 49, 0
1777104066, 3, 0, 763, 761, 21, 7.64%, 0, 0, 2, 5.22, 16, 127, 0, 370, 103787, 39368, 0, 0.469, 29, 63, 0.149307, 1.000000, 3902, 0, 0, 0, 0, 0, 49, 0
1777104071, 3, 0, 763, 761, 21, 7.64%, 0, 0, 2, 5.39, 16, 127, 0, 370, 103787, 39368, 0, 0.469, 29, 63, 0.150153, 1.000000, 3928, 0, 0, 0, 0, 0, 49, 0
1777104076, 3, 0, 764, 762, 21, 7.64%, 0, 0, 2, 5.39, 16, 128, 0, 370, 103787, 39368, 0, 0.469, 29, 63, 0.150802, 1.000000, 3948, 0, 0, 0, 0, 0, 49, 0
1777104082, 3, 0, 765, 763, 21, 7.64%, 0, 0, 2, 5.86, 16, 128, 0, 370, 103787, 39368, 0, 0.469, 29, 63, 0.151288, 1.000000, 3963, 0, 0, 0, 0, 0, 49, 0
1777104087, 3, 0, 766, 764, 21, 7.64%, 0, 0, 2, 5.50, 16, 129, 0, 370, 103787, 39368, 0, 0.469, 29, 63, 0.151904, 1.000000, 3982, 0, 0, 0, 0, 0, 49, 0
1777104092, 3, 0, 766, 764, 21, 7.64%, 0, 0, 2, 7.61, 16, 129, 0, 370, 103787, 39368, 0, 0.469, 29, 63, 0.152615, 1.000000, 4004, 0, 0, 0, 0, 0, 49, 0
1777104097, 3, 0, 767, 765, 21, 7.64%, 0, 0, 2, 5.98, 16, 129, 0, 370, 103787, 39368, 0, 0.469, 29, 63, 0.153196, 1.000000, 4022, 0, 0, 0, 0, 0, 49, 0
1777104102, 3, 0, 768, 766, 21, 7.64%, 0, 0, 2, 5.70, 16, 129, 0, 370, 103787, 39368, 0, 0.469, 29, 63, 0.153776, 1.000000, 4040, 0, 0, 0, 0, 0, 49, 0
1777104107, 3, 0, 769, 767, 21, 7.64%, 0, 0, 2, 5.20, 16, 129, 0, 370, 103787, 39368, 0, 0.469, 29, 63, 0.154355, 1.000000, 4058, 0, 0, 0, 0, 0, 49, 0
1777104112, 3, 0, 769, 767, 21, 7.64%, 0, 0, 2, 5.42, 16, 129, 0, 370, 103787, 39368, 0, 0.469, 29, 63, 0.155191, 1.000000, 4084, 0, 0, 0, 0, 0, 49, 0
1777104117, 3, 0, 770, 768, 21, 7.64%, 0, 0, 2, 5.42, 16, 129, 0, 370, 103787, 39368, 0, 0.469, 29, 63, 0.155832, 1.000000, 4104, 0, 0, 0, 0, 0, 49, 0
1777104122, 3, 0, 770, 768, 21, 7.64%, 0, 0, 2, 5.30, 16, 129, 0, 370, 103787, 39368, 0, 0.471, 29, 65, 0.156601, 1.000000, 4128, 0, 0, 0, 0, 0, 49, 0
1777104127, 3, 0, 770, 768, 21, 7.64%, 0, 0, 2, 5.34, 16, 129, 0, 370, 103787, 39368, 0, 0.471, 29, 65, 0.157496, 1.000000, 4156, 0, 0, 0, 0, 0, 49, 0
1777104133, 3, 0, 770, 768, 21, 7.64%, 0, 0, 2, 5.10, 16, 129, 0, 370, 103787, 39368, 0, 0.471, 29, 65, 0.158134, 1.000000, 4176, 0, 0, 0, 0, 0, 49, 0
1777104138, 3, 0, 770, 768, 21, 7.64%, 0, 0, 2, 5.46, 16, 129, 0, 370, 103787, 39368, 0, 0.471, 29, 65, 0.159057, 1.000000, 4205, 0, 0, 0, 0, 0, 49, 0
1777104143, 3, 0, 772, 770, 21, 7.64%, 0, 0, 2, 5.24, 16, 129, 0, 370, 103787, 39368, 0, 0.471, 29, 65, 0.159312, 1.000000, 4213, 0, 0, 0, 0, 0, 49, 0
1777104148, 3, 0, 774, 772, 21, 7.65%, 0, 0, 2, 5.48, 16, 129, 0, 370, 103787, 39368, 0, 0.471, 29, 65, 0.159725, 0.587686, 4226, 0, 0, 0, 0, 0, 49, 0
1777104153, 3, 0, 774, 772, 21, 7.65%, 0, 0, 2, 5.61, 16, 129, 0, 370, 103787, 39368, 0, 0.471, 29, 65, 0.160613, 1.000000, 4254, 0, 0, 0, 0, 0, 49, 0
1777104158, 3, 0, 775, 773, 21, 7.65%, 0, 0, 2, 1.85, 16, 129, 0, 370, 103787, 39368, 0, 0.471, 29, 65, 0.161247, 1.000000, 4274, 0, 0, 0, 0, 0, 49, 0
1777104163, 3, 0, 775, 773, 21, 7.65%, 0, 0, 2, 4.68, 16, 129, 0, 370, 103787, 39368, 0, 0.471, 29, 65, 0.162226, 1.000000, 4305, 0, 0, 0, 0, 0, 49, 0
1777104168, 3, 0, 776, 774, 21, 7.65%, 0, 0, 2, 4.98, 16, 129, 0, 370, 103787, 39368, 0, 0.471, 29, 65, 0.162637, 1.000000, 4318, 0, 0, 0, 0, 0, 49, 0
1777104173, 3, 0, 777, 775, 21, 7.65%, 0, 0, 2, 5.08, 16, 129, 0, 370, 103787, 39368, 0, 0.471, 29, 65, 0.163235, 0.587686, 4337, 0, 0, 0, 0, 0, 49, 0
1777104179, 3, 0, 777, 775, 21, 7.65%, 0, 0, 2, 4.97, 16, 129, 0, 370, 103787, 39368, 0, 0.471, 29, 65, 0.164022, 1.000000, 4362, 0, 0, 0, 0, 0, 49, 0
1777104184, 3, 0, 777, 775, 21, 7.65%, 0, 0, 2, 5.18, 16, 129, 0, 370, 103787, 39368, 0, 0.471, 29, 65, 0.164901, 1.000000, 4390, 0, 0, 0, 0, 0, 49, 0
1777104189, 3, 0, 778, 776, 21, 7.66%, 0, 0, 2, 4.97, 16, 130, 0, 370, 103787, 39368, 0, 0.471, 29, 65, 0.165403, 1.000000, 4406, 0, 0, 0, 0, 0, 49, 0
1777104194, 3, 0, 778, 776, 21, 7.66%, 0, 0, 2, 5.38, 16, 130, 0, 370, 103787, 39368, 0, 0.471, 29, 65, 0.166310, 1.000000, 4435, 0, 0, 0, 0, 0, 49, 0
1777104199, 3, 0, 778, 776, 21, 7.66%, 0, 0, 2, 5.65, 16, 130, 0, 370, 103787, 39368, 0, 0.471, 29, 65, 0.167091, 1.000000, 4460, 0, 0, 0, 0, 0, 49, 0
1777104204, 3, 0, 780, 778, 21, 7.66%, 0, 0, 2, 5.75, 16, 130, 0, 370, 103787, 39368, 0, 0.471, 29, 65, 0.167621, 0.806954, 4477, 0, 0, 0, 0, 0, 49, 0
1777104209, 3, 0, 780, 778, 21, 7.66%, 0, 0, 2, 4.44, 16, 130, 0, 370, 103787, 39368, 0, 0.471, 29, 65, 0.168151, 1.000000, 4494, 0, 0, 0, 0, 0, 49, 0
1777104215, 3, 0, 780, 778, 21, 7.66%, 0, 0, 2, 5.05, 16, 130, 0, 370, 103787, 39368, 0, 0.471, 29, 65, 0.169021, 1.000000, 4522, 0, 0, 0, 0, 0, 49, 0
1777104220, 3, 0, 780, 778, 21, 7.66%, 0, 0, 2, 4.90, 16, 130, 0, 370, 103787, 39368, 0, 0.471, 29, 65, 0.169766, 1.000000, 4546, 0, 0, 0, 0, 0, 49, 0
1777104225, 3, 0, 781, 779, 21, 7.66%, 0, 0, 2, 5.16, 16, 130, 0, 370, 103787, 39368, 0, 0.471, 29, 65, 0.170510, 0.713711, 4570, 0, 0, 0, 0, 0, 49, 0
1777104230, 3, 0, 781, 779, 21, 7.66%, 0, 0, 2, 5.39, 16, 130, 0, 370, 103787, 39368, 0, 0.471, 29, 65, 0.171221, 1.000000, 4593, 0, 0, 0, 0, 0, 49, 0
1777104236, 3, 0, 782, 780, 21, 7.66%, 0, 0, 2, 5.22, 16, 130, 0, 370, 103787, 39368, 0, 0.471, 29, 65, 0.171807, 1.000000, 4612, 0, 0, 0, 0, 0, 49, 0
1777104241, 3, 0, 782, 780, 21, 7.66%, 0, 0, 2, 5.28, 16, 130, 0, 370, 103787, 39368, 0, 0.471, 29, 65, 0.172547, 1.000000, 4636, 0, 0, 0, 0, 0, 49, 0
1777104247, 3, 0, 783, 781, 21, 7.67%, 0, 0, 2, 0.67, 16, 130, 0, 370, 103787, 39368, 0, 0.471, 29, 65, 0.173193, 0.664465, 4657, 0, 0, 0, 0, 0, 49, 0
1777104252, 3, 0, 785, 783, 21, 7.67%, 0, 0, 2, 5.60, 16, 130, 0, 370, 103787, 39368, 0, 0.471, 29, 65, 0.173439, 1.000000, 4665, 0, 0, 0, 0, 0, 49, 0
1777104257, 3, 0, 785, 783, 21, 7.67%, 0, 0, 2, 5.24, 16, 130, 0, 370, 103787, 39368, 0, 0.471, 29, 65, 0.174238, 1.000000, 4691, 0, 0, 0, 0, 0, 49, 0
1777104263, 3, 0, 785, 783, 21, 7.67%, 0, 0, 2, 5.57, 16, 130, 0, 370, 103787, 39368, 0, 0.471, 29, 65, 0.175126, 1.000000, 4720, 0, 0, 0, 0, 0, 49, 0
1777104268, 3, 0, 785, 783, 21, 7.67%, 0, 0, 2, 5.30, 16, 130, 0, 370, 103787, 39368, 0, 0.471, 29, 65, 0.175891, 1.000000, 4745, 0, 0, 0, 0, 0, 49, 0
1777104273, 3, 0, 785, 783, 21, 7.67%, 0, 0, 2, 5.35, 16, 130, 0, 370, 103787, 39368, 0, 0.471, 29, 65, 0.176776, 1.000000, 4774, 0, 0, 0, 0, 0, 49, 0
1777104278, 3, 0, 785, 783, 21, 7.67%, 0, 0, 2, 5.65, 16, 130, 0, 370, 103787, 39368, 0, 0.471, 29, 65, 0.177506, 1.000000, 4798, 0, 0, 0, 0, 0, 49, 0
1777104283, 3, 0, 785, 783, 21, 7.67%, 0, 0, 2, 5.64, 16, 130, 0, 370, 103787, 39368, 0, 0.471, 29, 65, 0.178418, 1.000000, 4828, 0, 0, 0, 0, 0, 49, 0
1777104288, 3, 0, 785, 783, 21, 7.67%, 0, 0, 2, 5.30, 16, 130, 0, 370, 103787, 39368, 0, 0.471, 29, 65, 0.179025, 1.000000, 4848, 0, 0, 0, 0, 0, 49, 0
1777104294, 3, 0, 785, 783, 21, 7.67%, 0, 0, 2, 5.40, 16, 130, 0, 370, 103787, 39368, 0, 0.471, 29, 65, 0.179873, 1.000000, 4876, 0, 0, 0, 0, 0, 50, 0
1777104299, 3, 0, 785, 783, 21, 7.67%, 0, 0, 2, 5.19, 16, 130, 0, 370, 103787, 39368, 0, 0.471, 29, 65, 0.180599, 1.000000, 4900, 0, 0, 0, 0, 0, 50, 0
1777104304, 3, 0, 785, 783, 21, 7.67%, 0, 0, 2, 5.36, 16, 130, 0, 370, 103787, 39368, 0, 0.471, 29, 65, 0.181443, 1.000000, 4928, 0, 0, 0, 0, 0, 50, 0
1777104309, 3, 0, 785, 783, 21, 7.67%, 0, 0, 2, 5.24, 16, 130, 0, 370, 103787, 39368, 0, 0.471, 29, 65, 0.182196, 1.000000, 4953, 0, 0, 0, 0, 0, 50, 0
1777104314, 3, 0, 786, 784, 21, 7.67%, 0, 0, 2, 5.31, 16, 130, 0, 370, 103787, 39368, 0, 0.471, 29, 65, 0.182827, 1.000000, 4974, 0, 0, 0, 0, 0, 50, 0
1777104319, 3, 0, 787, 785, 21, 7.67%, 0, 0, 2, 5.71, 16, 130, 0, 370, 103787, 39368, 0, 0.472, 29, 67, 0.183338, 1.000000, 4991, 0, 0, 0, 0, 0, 50, 0
1777104325, 3, 0, 787, 785, 21, 7.67%, 0, 0, 2, 5.71, 16, 130, 0, 370, 103787, 39368, 0, 0.472, 29, 67, 0.184207, 1.000000, 5020, 0, 0, 0, 0, 0, 50, 0
1777104330, 3, 0, 787, 785, 21, 7.67%, 0, 0, 2, 6.08, 16, 130, 0, 370, 103787, 39368, 0, 0.472, 29, 67, 0.184865, 1.000000, 5042, 0, 0, 0, 0, 0, 50, 0
1777104335, 3, 0, 788, 786, 21, 7.67%, 0, 0, 2, 5.89, 16, 130, 0, 370, 103787, 39368, 0, 0.472, 29, 67, 0.185671, 0.866761, 5069, 0, 0, 0, 0, 0, 50, 0
1777104340, 3, 0, 788, 786, 21, 7.67%, 0, 0, 2, 5.69, 16, 130, 0, 370, 103787, 39368, 0, 0.472, 29, 67, 0.186297, 1.000000, 5090, 0, 0, 0, 0, 0, 50, 0
1777104345, 3, 0, 788, 786, 21, 7.67%, 0, 0, 2, 5.37, 16, 130, 0, 370, 103787, 39368, 0, 0.472, 29, 67, 0.187041, 1.000000, 5115, 0, 0, 0, 0, 0, 50, 0
1777104351, 3, 0, 788, 786, 21, 7.67%, 0, 0, 2, 5.22, 16, 130, 0, 370, 103787, 39368, 0, 0.472, 29, 67, 0.187872, 1.000000, 5143, 0, 0, 0, 0, 0, 50, 0
1777104356, 3, 0, 788, 786, 21, 7.67%, 0, 0, 2, 1.55, 16, 130, 0, 370, 103787, 39368, 0, 0.472, 29, 67, 0.188613, 1.000000, 5168, 0, 0, 0, 0, 0, 50, 0
1777104361, 3, 0, 788, 786, 21, 7.67%, 0, 0, 2, 4.19, 16, 130, 0, 370, 103787, 39368, 0, 0.472, 29, 67, 0.189441, 1.000000, 5196, 0, 0, 0, 0, 0, 50, 0
1777104366, 3, 0, 788, 786, 21, 7.67%, 0, 0, 2, 5.45, 16, 130, 0, 370, 103787, 39368, 0, 0.472, 29, 67, 0.190062, 1.000000, 5217, 0, 0, 0, 0, 0, 50, 0
1777104371, 3, 0, 788, 786, 21, 7.67%, 0, 0, 2, 5.85, 16, 130, 0, 370, 103787, 39368, 0, 0.472, 29, 67, 0.190975, 1.000000, 5248, 0, 0, 0, 0, 0, 50, 0
1777104376, 3, 0, 788, 786, 21, 7.67%, 0, 0, 2, 5.42, 16, 130, 0, 370, 103787, 39368, 0, 0.472, 29, 67, 0.191711, 1.000000, 5273, 0, 0, 0, 0, 0, 51, 0
1777104382, 3, 0, 788, 786, 21, 7.67%, 0, 0, 2, 5.56, 16, 130, 0, 370, 103787, 39368, 0, 0.472, 29, 67, 0.192591, 1.000000, 5303, 0, 0, 0, 0, 0, 51, 0
1777104387, 3, 0, 788, 786, 21, 7.67%, 0, 0, 2, 5.35, 16, 130, 0, 370, 103787, 39368, 0, 0.472, 29, 67, 0.193324, 1.000000, 5328, 0, 0, 0, 0, 0, 51, 0
1777104392, 3, 0, 788, 786, 21, 7.67%, 0, 0, 2, 5.43, 16, 130, 0, 370, 103787, 39368, 0, 0.472, 29, 67, 0.194142, 1.000000, 5356, 0, 0, 0, 0, 0, 51, 0
1777104397, 3, 0, 789, 787, 21, 7.67%, 0, 0, 2, 5.48, 16, 130, 0, 370, 103787, 39368, 0, 0.472, 29, 67, 0.194551, 1.000000, 5370, 0, 0, 0, 0, 0, 51, 0
1777104402, 3, 0, 789, 787, 21, 7.67%, 0, 0, 2, 5.52, 16, 130, 0, 370, 103787, 39368, 0, 0.472, 29, 67, 0.195367, 1.000000, 5398, 0, 0, 0, 0, 0, 51, 0
1777104407, 3, 0, 789, 787, 21, 7.67%, 0, 0, 2, 5.32, 16, 130, 0, 370, 103787, 39368, 0, 0.472, 29, 67, 0.196008, 1.000000, 5420, 0, 0, 0, 0, 0, 51, 0
1777104413, 3, 0, 789, 787, 21, 7.67%, 0, 0, 2, 5.39, 16, 130, 0, 370, 103787, 39368, 0, 0.472, 29, 67, 0.196821, 1.000000, 5448, 0, 0, 0, 0, 0, 51, 0
1777104418, 3, 0, 789, 787, 21, 7.67%, 0, 0, 2, 5.55, 16, 130, 0, 370, 103787, 39368, 0, 0.472, 29, 67, 0.197632, 1.000000, 5476, 0, 0, 0, 0, 0, 51, 0
1777104423, 3, 0, 789, 787, 21, 7.67%, 0, 0, 2, 5.44, 16, 130, 0, 370, 103787, 39368, 0, 0.472, 29, 67, 0.198442, 1.000000, 5504, 0, 0, 0, 0, 0, 51, 0
1777104428, 3, 0, 789, 787, 21, 7.67%, 0, 0, 2, 5.62, 16, 130, 0, 370, 103787, 39368, 0, 0.472, 29, 67, 0.199251, 1.000000, 5532, 0, 0, 0, 0, 0, 51, 0
1777104434, 3, 0, 789, 787, 21, 7.67%, 0, 0, 2, 1.09, 16, 130, 0, 370, 103787, 39368, 0, 0.472, 29, 67, 0.199971, 1.000000, 5557, 0, 0, 0, 0, 0, 51, 0
1777104439, 3, 0, 790, 788, 21, 7.67%, 0, 0, 2, 5.42, 16, 130, 0, 370, 103787, 39368, 0, 0.472, 29, 67, 0.200547, 1.000000, 5577, 0, 0, 0, 0, 0, 52, 0
1777104444, 3, 0, 790, 788, 21, 7.67%, 0, 0, 2, 0.66, 16, 130, 0, 370, 103787, 39368, 0, 0.472, 29, 67, 0.201179, 1.000000, 5599, 0, 0, 0, 0, 0, 52, 0
1777104449, 3, 0, 790, 788, 21, 7.67%, 0, 0, 2, 6.92, 16, 130, 0, 370, 103787, 39368, 0, 0.472, 29, 67, 0.202039, 1.000000, 5629, 0, 0, 0, 0, 0, 52, 0
1777104454, 3, 0, 790, 788, 21, 7.67%, 0, 0, 2, 5.66, 16, 130, 0, 370, 103787, 39368, 0, 0.472, 29, 67, 0.202725, 1.000000, 5653, 0, 0, 0, 0, 0, 52, 0
1777104459, 3, 0, 791, 789, 21, 7.67%, 0, 0, 2, 5.70, 16, 130, 0, 370, 103787, 39368, 0, 0.472, 29, 67, 0.203525, 1.000000, 5681, 0, 0, 0, 0, 0, 52, 0
1777104465, 3, 0, 791, 789, 21, 7.67%, 0, 0, 2, 5.45, 16, 130, 0, 370, 103787, 39368, 0, 0.472, 29, 67, 0.204039, 1.000000, 5699, 0, 0, 0, 0, 0, 52, 0
1777104470, 3, 0, 791, 789, 21, 7.67%, 0, 0, 2, 5.68, 16, 130, 0, 370, 103787, 39368, 0, 0.472, 29, 67, 0.204864, 1.000000, 5728, 0, 0, 0, 0, 0, 52, 0
1777104475, 3, 0, 791, 789, 21, 7.67%, 0, 0, 2, 2.26, 16, 130, 0, 370, 103787, 39368, 0, 0.472, 29, 67, 0.205489, 1.000000, 5750, 0, 0, 0, 0, 0, 52, 0
1777104480, 3, 0, 791, 789, 21, 7.67%, 0, 0, 2, 4.28, 16, 130, 0, 370, 103787, 39368, 0, 0.472, 29, 67, 0.206283, 1.000000, 5778, 0, 0, 0, 0, 0, 52, 0
1777104485, 3, 0, 791, 789, 21, 7.67%, 0, 0, 2, 5.10, 16, 130, 0, 370, 103787, 39368, 0, 0.472, 29, 67, 0.206878, 1.000000, 5799, 0, 0, 0, 0, 0, 52, 0
1777104490, 3, 0, 792, 790, 21, 7.67%, 0, 0, 2, 5.27, 16, 130, 0, 370, 103787, 39368, 0, 0.472, 29, 67, 0.207415, 1.000000, 5818, 0, 0, 0, 0, 0, 52, 0
1777104495, 3, 0, 792, 790, 21, 7.67%, 0, 0, 2, 5.00, 16, 130, 0, 370, 103787, 39368, 0, 0.472, 29, 67, 0.208093, 1.000000, 5842, 0, 0, 0, 0, 0, 52, 0
1777104500, 3, 0, 792, 790, 21, 7.67%, 0, 0, 2, 5.51, 16, 130, 0, 370, 103787, 39368, 0, 0.472, 29, 67, 0.208938, 1.000000, 5872, 0, 0, 0, 0, 0, 52, 0
1777104506, 3, 0, 792, 790, 21, 7.67%, 0, 0, 2, 5.26, 16, 130, 0, 370, 103787, 39368, 0, 0.472, 29, 67, 0.209669, 1.000000, 5898, 0, 0, 0, 0, 0, 52, 0
1777104511, 3, 0, 792, 790, 21, 7.67%, 0, 0, 2, 5.38, 16, 130, 0, 370, 103787, 39368, 0, 0.472, 29, 67, 0.210455, 1.000000, 5926, 0, 0, 0, 0, 0, 52, 0
1777104516, 3, 0, 792, 790, 21, 7.67%, 0, 0, 2, 5.23, 16, 130, 0, 370, 103787, 39368, 0, 0.472, 30, 67, 0.211128, 1.000000, 5950, 0, 0, 0, 0, 0, 52, 0
1777104521, 3, 0, 792, 790, 21, 7.67%, 0, 0, 2, 5.44, 16, 130, 0, 370, 103787, 39368, 0, 0.472, 30, 67, 0.211911, 1.000000, 5978, 0, 0, 0, 0, 0, 52, 0
1777104526, 3, 0, 792, 790, 21, 7.67%, 0, 0, 2, 7.21, 16, 130, 0, 370, 103787, 39368, 0, 0.472, 30, 67, 0.212525, 1.000000, 6000, 0, 0, 0, 0, 0, 52, 0
1777104531, 3, 0, 792, 790, 21, 7.67%, 0, 0, 2, 6.32, 16, 130, 0, 370, 103787, 39368, 0, 0.472, 30, 67, 0.213361, 1.000000, 6030, 0, 0, 0, 0, 0, 53, 0
1777104537, 3, 0, 793, 791, 21, 7.67%, 0, 0, 2, 5.39, 16, 130, 0, 370, 103787, 39368, 0, 0.472, 30, 67, 0.213806, 1.000000, 6046, 0, 0, 0, 0, 0, 53, 0
1777104542, 3, 0, 793, 791, 21, 7.67%, 0, 0, 2, 5.34, 16, 130, 0, 370, 103787, 39368, 0, 0.472, 30, 67, 0.214556, 1.000000, 6073, 0, 0, 0, 0, 0, 53, 0
1777104547, 3, 0, 793, 791, 21, 7.67%, 0, 0, 2, 5.47, 16, 130, 0, 370, 103787, 39368, 0, 0.472, 30, 67, 0.215277, 1.000000, 6099, 0, 0, 0, 0, 0, 53, 0
1777104552, 3, 0, 793, 791, 21, 7.67%, 0, 0, 2, 1.09, 16, 130, 0, 370, 103787, 39368, 0, 0.472, 30, 67, 0.215996, 1.000000, 6125, 0, 0, 0, 0, 0, 53, 0
1777104557, 3, 0, 793, 791, 21, 7.67%, 0, 0, 2, 5.96, 16, 130, 0, 370, 103787, 39368, 0, 0.472, 30, 67, 0.216825, 1.000000, 6155, 0, 0, 0, 0, 0, 53, 0
1777104562, 3, 0, 793, 791, 21, 7.67%, 0, 0, 2, 6.23, 16, 130, 0, 370, 103787, 39368, 0, 0.472, 30, 67, 0.217459, 1.000000, 6178, 0, 0, 0, 0, 0, 53, 0
1777104568, 3, 0, 793, 791, 21, 7.67%, 0, 0, 2, 5.83, 16, 130, 0, 370, 103787, 39368, 0, 0.472, 30, 67, 0.218257, 1.000000, 6207, 0, 0, 0, 0, 0, 53, 0
1777104573, 3, 0, 793, 791, 21, 7.67%, 0, 0, 2, 5.41, 16, 130, 0, 370, 103787, 39368, 0, 0.472, 30, 67, 0.218943, 1.000000, 6232, 0, 0, 0, 0, 0, 53, 0
1777104578, 3, 0, 793, 791, 21, 7.67%, 0, 0, 2, 5.48, 16, 130, 0, 370, 103787, 39368, 0, 0.472, 30, 67, 0.219738, 1.000000, 6261, 0, 0, 0, 0, 0, 54, 0
1777104583, 3, 0, 793, 791, 21, 7.67%, 0, 0, 2, 5.60, 16, 130, 0, 370, 103787, 39368, 0, 0.472, 30, 67, 0.220477, 1.000000, 6288, 0, 0, 0, 0, 0, 54, 0
1777104588, 3, 0, 793, 791, 21, 7.67%, 0, 0, 2, 5.63, 16, 130, 0, 370, 103787, 39368, 0, 0.472, 30, 67, 0.221296, 1.000000, 6318, 0, 0, 0, 0, 0, 54, 0
1777104594, 3, 0, 793, 791, 21, 7.67%, 0, 0, 2, 3.18, 16, 130, 0, 370, 103787, 39368, 0, 0.472, 30, 67, 0.221950, 1.000000, 6342, 0, 0, 0, 0, 0, 54, 0
1777104599, 3, 0, 793, 791, 21, 7.67%, 0, 0, 2, 4.76, 16, 130, 0, 370, 103787, 39368, 0, 0.472, 30, 67, 0.222766, 1.000000, 6372, 0, 0, 0, 0, 0, 54, 0
1777104604, 3, 0, 794, 792, 21, 7.67%, 0, 0, 2, 5.11, 16, 131, 0, 370, 103787, 39368, 0, 0.472, 30, 67, 0.223065, 1.000000, 6383, 0, 0, 0, 0, 0, 54, 0
1777104609, 3, 0, 794, 792, 21, 7.67%, 0, 0, 2, 5.36, 16, 131, 0, 370, 103787, 39368, 0, 0.472, 30, 67, 0.223851, 1.000000, 6412, 0, 0, 0, 0, 0, 54, 0
1777104614, 3, 0, 795, 793, 21, 7.67%, 0, 0, 2, 5.12, 16, 131, 0, 370, 103787, 39368, 0, 0.472, 31, 67, 0.224285, 0.587686, 6428, 0, 0, 0, 0, 0, 54, 0
1777104619, 3, 0, 795, 793, 21, 7.67%, 0, 0, 2, 5.49, 16, 131, 0, 370, 103787, 39368, 0, 0.472, 31, 67, 0.225069, 1.000000, 6457, 0, 0, 0, 0, 0, 54, 0
1777104625, 3, 0, 795, 793, 21, 7.67%, 0, 0, 2, 5.40, 16, 131, 0, 370, 103787, 39368, 0, 0.472, 31, 67, 0.225744, 1.000000, 6482, 0, 0, 0, 0, 0, 54, 0
1777104630, 3, 0, 795, 793, 21, 7.67%, 0, 0, 2, 5.14, 16, 131, 0, 370, 103787, 39368, 0, 0.472, 31, 67, 0.226471, 1.000000, 6509, 0, 0, 0, 0, 0, 54, 0
1777104636, 3, 0, 795, 793, 21, 7.67%, 0, 0, 2, 5.40, 16, 131, 0, 370, 103787, 39368, 0, 0.472, 31, 67, 0.227251, 1.000000, 6538, 0, 0, 0, 0, 0, 54, 0
1777104641, 3, 0, 795, 793, 21, 7.67%, 0, 0, 2, 0.66, 16, 131, 0, 370, 103787, 39368, 0, 0.472, 31, 67, 0.227814, 1.000000, 6559, 0, 0, 0, 0, 0, 54, 0
1777104646, 3, 0, 795, 793, 21, 7.67%, 0, 0, 2, 5.50, 16, 131, 0, 370, 103787, 39368, 0, 0.472, 31, 67, 0.228591, 1.000000, 6588, 0, 0, 0, 0, 0, 54, 0
1777104651, 3, 0, 795, 793, 21, 7.67%, 0, 0, 2, 5.45, 16, 131, 0, 370, 103787, 39368, 0, 0.472, 31, 67, 0.229287, 1.000000, 6614, 0, 0, 0, 0, 0, 54, 0
1777104656, 3, 0, 795, 793, 21, 7.67%, 0, 0, 2, 5.52, 16, 131, 0, 370, 103787, 39368, 0, 0.472, 31, 67, 0.230034, 1.000000, 6642, 0, 0, 0, 0, 0, 55, 0
1777104661, 3, 0, 795, 793, 21, 7.67%, 0, 0, 2, 5.10, 16, 131, 0, 370, 103787, 39368, 0, 0.472, 31, 67, 0.230700, 1.000000, 6667, 0, 0, 0, 0, 0, 55, 0
1777104667, 3, 0, 795, 793, 21, 7.67%, 0, 0, 2, 5.24, 16, 131, 0, 370, 103787, 39368, 0, 0.472, 31, 67, 0.231418, 1.000000, 6694, 0, 0, 0, 0, 0, 55, 0
1777104672, 3, 0, 795, 793, 21, 7.67%, 0, 0, 2, 5.29, 16, 131, 0, 370, 103787, 39368, 0, 0.472, 31, 67, 0.232082, 1.000000, 6719, 0, 0, 0, 0, 0, 55, 0
1777104677, 3, 0, 795, 793, 21, 7.67%, 0, 0, 2, 5.50, 16, 131, 0, 370, 103787, 39368, 0, 0.472, 31, 67, 0.232850, 1.000000, 6748, 0, 0, 0, 0, 0, 55, 0
1777104682, 3, 0, 795, 793, 21, 7.67%, 0, 0, 2, 4.73, 16, 131, 0, 370, 103787, 39368, 0, 0.472, 31, 67, 0.233379, 1.000000, 6768, 0, 0, 0, 0, 0, 55, 0
1777104687, 3, 0, 795, 793, 21, 7.67%, 0, 0, 2, 5.31, 16, 131, 0, 370, 103787, 39368, 0, 0.472, 31, 67, 0.234119, 1.000000, 6796, 0, 0, 0, 0, 0, 55, 0
1777104692, 3, 0, 795, 793, 21, 7.67%, 0, 0, 2, 5.15, 16, 131, 0, 370, 103787, 39368, 0, 0.472, 31, 67, 0.234751, 1.000000, 6820, 0, 0, 0, 0, 0, 55, 0
1777104697, 3, 0, 795, 793, 21, 7.67%, 0, 0, 2, 5.32, 16, 131, 0, 370, 103787, 39368, 0, 0.472, 31, 67, 0.235488, 1.000000, 6848, 0, 0, 0, 0, 0, 56, 0
1777104702, 3, 0, 795, 793, 21, 7.67%, 0, 0, 2, 5.25, 16, 131, 0, 370, 103787, 39368, 0, 0.472, 31, 67, 0.236145, 1.000000, 6873, 0, 0, 0, 0, 0, 56, 0
1777104707, 3, 0, 795, 793, 21, 7.67%, 0, 0, 2, 5.50, 16, 131, 0, 370, 103787, 39368, 0, 0.472, 31, 67, 0.236932, 1.000000, 6903, 0, 0, 0, 0, 0, 56, 0
1777104712, 3, 0, 795, 793, 21, 7.67%, 0, 0, 2, 5.65, 16, 131, 0, 370, 103787, 39368, 0, 0.478, 31, 75, 0.237560, 1.000000, 6927, 0, 0, 0, 0, 0, 56, 0
1777104718, 3, 0, 795, 793, 21, 7.67%, 0, 0, 2, 5.90, 16, 131, 0, 370, 103787, 39368, 0, 0.478, 31, 75, 0.238369, 1.000000, 6958, 0, 0, 0, 0, 0, 56, 0
1777104723, 3, 0, 795, 793, 21, 7.67%, 0, 0, 2, 5.86, 16, 131, 0, 370, 103787, 39368, 0, 0.478, 31, 75, 0.238943, 1.000000, 6980, 0, 0, 0, 0, 0, 56, 0
1777104729, 3, 0, 796, 794, 21, 7.68%, 0, 0, 2, 5.64, 16, 131, 0, 370, 103787, 39368, 0, 0.478, 31, 75, 0.239490, 1.000000, 7001, 0, 0, 0, 0, 0, 56, 0
1777104734, 3, 0, 796, 794, 21, 7.68%, 0, 0, 2, 5.48, 16, 131, 0, 370, 103787, 39368, 0, 0.478, 31, 75, 0.240217, 1.000000, 7029, 0, 0, 0, 0, 0, 56, 0
1777104739, 3, 0, 796, 794, 21, 7.68%, 0, 0, 2, 5.26, 16, 131, 0, 370, 103787, 39368, 0, 0.478, 31, 75, 0.240918, 1.000000, 7056, 0, 0, 0, 0, 0, 56, 0
1777104744, 3, 0, 797, 795, 21, 7.68%, 0, 0, 2, 5.57, 16, 131, 0, 370, 103787, 39368, 0, 0.478, 31, 75, 0.241488, 1.000000, 7078, 0, 0, 0, 0, 0, 56, 0
1777104750, 3, 0, 797, 795, 21, 7.68%, 0, 0, 2, 2.77, 16, 131, 0, 370, 103787, 39368, 0, 0.478, 31, 75, 0.242211, 1.000000, 7106, 0, 0, 0, 0, 0, 56, 0
1777104755, 3, 0, 797, 795, 21, 7.68%, 0, 0, 2, 4.39, 16, 131, 0, 370, 103787, 39368, 0, 0.478, 31, 75, 0.242934, 1.000000, 7134, 0, 0, 0, 0, 0, 56, 0
1777104760, 3, 0, 797, 795, 21, 7.68%, 0, 0, 2, 5.60, 16, 131, 0, 370, 103787, 39368, 0, 0.478, 31, 75, 0.243501, 1.000000, 7156, 0, 0, 0, 0, 0, 56, 0
1777104765, 3, 0, 797, 795, 21, 7.68%, 0, 0, 2, 5.82, 16, 131, 0, 370, 103787, 39368, 0, 0.478, 31, 75, 0.244272, 1.000000, 7186, 0, 0, 0, 0, 0, 56, 0
1777104770, 3, 0, 797, 795, 21, 7.68%, 0, 0, 2, 5.58, 16, 131, 0, 370, 103787, 39368, 0, 0.478, 31, 75, 0.244940, 1.000000, 7212, 0, 0, 0, 0, 0, 56, 0
1777104776, 3, 0, 797, 795, 21, 7.68%, 0, 0, 2, 5.70, 16, 131, 0, 370, 103787, 39368, 0, 0.478, 31, 75, 0.245682, 1.000000, 7241, 0, 0, 0, 0, 0, 56, 0
1777104781, 3, 0, 797, 795, 21, 7.68%, 0, 0, 2, 5.42, 16, 131, 0, 370, 103787, 39368, 0, 0.478, 31, 75, 0.246347, 1.000000, 7267, 0, 0, 0, 0, 0, 57, 0
1777104787, 3, 0, 798, 796, 21, 7.68%, 0, 0, 2, 4.99, 16, 131, 0, 370, 103787, 39368, 0, 0.478, 31, 75, 0.246807, 1.000000, 7285, 0, 0, 0, 0, 0, 57, 0
1777104792, 3, 0, 799, 797, 21, 7.68%, 0, 0, 2, 5.20, 16, 131, 0, 370, 103787, 39368, 0, 0.478, 31, 75, 0.247317, 0.587686, 7305, 0, 0, 0, 0, 0, 57, 0
1777104797, 3, 0, 799, 797, 21, 7.68%, 0, 0, 2, 5.09, 16, 131, 0, 370, 103787, 39368, 0, 0.478, 31, 75, 0.247877, 1.000000, 7327, 0, 0, 0, 0, 0, 57, 0
1777104802, 3, 0, 800, 798, 21, 7.68%, 0, 0, 2, 5.11, 16, 131, 0, 370, 103787, 39368, 0, 0.478, 31, 75, 0.248360, 1.000000, 7346, 0, 0, 0, 0, 0, 57, 0
1777104807, 3, 0, 801, 799, 21, 7.68%, 0, 0, 2, 5.51, 16, 131, 0, 370, 103787, 39368, 0, 0.478, 31, 75, 0.248843, 0.587686, 7365, 0, 0, 0, 0, 0, 57, 0
1777104813, 3, 0, 801, 799, 21, 7.68%, 0, 0, 2, 5.61, 16, 131, 0, 370, 103787, 39368, 0, 0.478, 31, 75, 0.249603, 1.000000, 7395, 0, 0, 0, 0, 0, 57, 0
1777104818, 3, 0, 801, 799, 21, 7.68%, 0, 0, 2, 5.27, 16, 131, 0, 370, 103787, 39368, 0, 0.478, 31, 75, 0.250236, 1.000000, 7420, 0, 0, 0, 0, 0, 57, 0
1777104823, 3, 0, 801, 799, 21, 7.68%, 0, 0, 2, 5.57, 16, 131, 0, 370, 103787, 39368, 0, 0.478, 31, 75, 0.250969, 1.000000, 7449, 0, 0, 0, 0, 0, 57, 0
1777104828, 3, 0, 801, 799, 21, 7.68%, 0, 0, 2, 2.57, 16, 131, 0, 370, 103787, 39368, 0, 0.478, 31, 75, 0.251574, 1.000000, 7473, 0, 0, 0, 0, 0, 57, 0
1777104833, 3, 0, 801, 799, 21, 7.68%, 0, 0, 2, 4.87, 16, 131, 0, 370, 103787, 39368, 0, 0.478, 31, 75, 0.252354, 1.000000, 7504, 0, 0, 0, 0, 0, 57, 0
1777104838, 3, 0, 801, 799, 21, 7.68%, 0, 0, 2, 5.02, 16, 131, 0, 370, 103787, 39368, 0, 0.478, 31, 75, 0.252882, 1.000000, 7525, 0, 0, 0, 0, 0, 57, 0
1777104844, 3, 0, 801, 799, 21, 7.68%, 0, 0, 2, 5.18, 16, 131, 0, 370, 103787, 39368, 0, 0.478, 31, 75, 0.253584, 1.000000, 7553, 0, 0, 0, 0, 0, 57, 0
1777104849, 3, 0, 801, 799, 21, 7.68%, 0, 0, 2, 5.18, 16, 131, 0, 370, 103787, 39368, 0, 0.478, 31, 75, 0.254210, 1.000000, 7578, 0, 0, 0, 0, 0, 58, 0
1777104854, 3, 0, 801, 799, 21, 7.68%, 0, 0, 2, 5.30, 16, 131, 0, 370, 103787, 39368, 0, 0.478, 31, 75, 0.254910, 1.000000, 7606, 0, 0, 0, 0, 0, 58, 0
1777104859, 3, 0, 801, 799, 21, 7.68%, 0, 0, 2, 5.29, 16, 131, 0, 370, 103787, 39368, 0, 0.478, 31, 75, 0.255559, 1.000000, 7632, 0, 0, 0, 0, 0, 58, 0
1777104864, 3, 0, 801, 799, 21, 7.68%, 0, 0, 2, 5.41, 16, 131, 0, 370, 103787, 39368, 0, 0.478, 31, 75, 0.256256, 1.000000, 7660, 0, 0, 0, 0, 0, 58, 0
1777104869, 3, 0, 801, 799, 21, 7.68%, 0, 0, 2, 5.41, 16, 131, 0, 370, 103787, 39368, 0, 0.478, 31, 75, 0.256877, 1.000000, 7685, 0, 0, 0, 0, 0, 58, 0
1777104875, 3, 0, 801, 799, 21, 7.68%, 0, 0, 2, 0.67, 16, 131, 0, 370, 103787, 39368, 0, 0.478, 31, 75, 0.257523, 1.000000, 7711, 0, 0, 0, 0, 0, 58, 0
1777104880, 3, 0, 801, 799, 21, 7.68%, 0, 0, 2, 5.67, 16, 131, 0, 370, 103787, 39368, 0, 0.478, 31, 75, 0.258241, 1.000000, 7740, 0, 0, 0, 0, 0, 58, 0
1777104885, 3, 0, 801, 799, 21, 7.68%, 0, 0, 2, 6.10, 16, 131, 0, 370, 103787, 39368, 0, 0.478, 31, 75, 0.258859, 1.000000, 7765, 0, 0, 0, 0, 0, 59, 0
1777104891, 3, 0, 801, 799, 21, 7.68%, 0, 0, 2, 5.71, 16, 131, 0, 370, 103787, 39368, 0, 0.478, 31, 75, 0.259550, 1.000000, 7793, 0, 0, 0, 0, 0, 59, 0
1777104896, 3, 0, 801, 799, 21, 7.68%, 0, 0, 2, 5.42, 16, 131, 0, 370, 103787, 39368, 0, 0.478, 31, 75, 0.260191, 1.000000, 7819, 0, 0, 0, 0, 0, 59, 0
1777104901, 3, 0, 801, 799, 21, 7.68%, 0, 0, 2, 5.47, 16, 131, 0, 370, 103787, 39368, 0, 0.478, 31, 75, 0.260904, 1.000000, 7848, 0, 0, 0, 0, 0, 59, 0
1777104906, 3, 0, 801, 799, 21, 7.68%, 0, 0, 2, 7.58, 16, 131, 0, 370, 103787, 39368, 0, 0.481, 31, 81, 0.261543, 1.000000, 7874, 0, 0, 0, 0, 0, 59, 0
1777104911, 3, 0, 801, 799, 21, 7.68%, 0, 0, 2, 6.35, 16, 131, 0, 370, 103787, 39368, 0, 0.481, 31, 81, 0.262253, 1.000000, 7903, 0, 0, 0, 0, 0, 59, 0
1777104916, 3, 0, 801, 799, 21, 7.68%, 0, 0, 2, 4.59, 16, 131, 0, 370, 103787, 39368, 0, 0.481, 31, 81, 0.262767, 1.000000, 7924, 0, 0, 0, 0, 0, 59, 0
1777104921, 3, 0, 801, 799, 21, 7.68%, 0, 0, 2, 5.28, 16, 131, 0, 370, 103787, 39368, 0, 0.481, 31, 81, 0.263475, 1.000000, 7953, 0, 0, 0, 0, 0, 59, 0
1777104926, 3, 0, 801, 799, 21, 7.68%, 0, 0, 2, 5.11, 16, 131, 0, 370, 103787, 39368, 0, 0.481, 31, 81, 0.264060, 1.000000, 7977, 0, 0, 0, 0, 0, 60, 0
1777104931, 3, 0, 802, 800, 21, 7.68%, 0, 0, 2, 5.32, 16, 131, 0, 370, 103787, 39368, 0, 0.481, 31, 81, 0.264645, 0.806954, 8001, 0, 0, 0, 0, 0, 60, 0
1777104937, 3, 0, 802, 800, 21, 7.68%, 0, 0, 2, 5.59, 16, 131, 0, 370, 103787, 39368, 0, 0.481, 31, 81, 0.265204, 1.000000, 8024, 0, 0, 0, 0, 0, 60, 0
1777104942, 3, 0, 802, 800, 21, 7.68%, 0, 0, 2, 5.44, 16, 131, 0, 370, 103787, 39368, 0, 0.481, 31, 81, 0.265883, 1.000000, 8052, 0, 0, 0, 0, 0, 60, 0
1777104947, 3, 0, 803, 801, 21, 7.68%, 0, 0, 2, 3.27, 16, 131, 0, 370, 103787, 39368, 0, 0.481, 31, 81, 0.266222, 1.000000, 8066, 0, 0, 0, 0, 0, 60, 0
1777104953, 3, 0, 803, 801, 21, 7.68%, 0, 0, 2, 0.65, 16, 131, 0, 370, 103787, 39368, 0, 0.481, 31, 81, 0.266924, 1.000000, 8095, 0, 0, 0, 0, 0, 60, 0
1777104959, 3, 0, 803, 801, 21, 7.68%, 0, 0, 2, 5.44, 16, 131, 0, 370, 103787, 39368, 0, 0.481, 31, 81, 0.267600, 1.000000, 8123, 0, 0, 0, 0, 0, 60, 0
1777104964, 3, 0, 803, 801, 21, 7.68%, 0, 0, 2, 5.37, 16, 131, 0, 370, 103787, 39368, 0, 0.481, 31, 81, 0.268227, 1.000000, 8149, 0, 0, 0, 0, 0, 60, 0
1777104969, 3, 0, 803, 801, 21, 7.68%, 0, 0, 2, 5.33, 16, 131, 0, 370, 103787, 39368, 0, 0.481, 31, 81, 0.268877, 1.000000, 8176, 0, 0, 0, 0, 0, 60, 0
1777104974, 3, 0, 803, 801, 21, 7.68%, 0, 0, 2, 5.04, 16, 131, 0, 370, 103787, 39368, 0, 0.481, 31, 81, 0.269453, 1.000000, 8200, 0, 0, 0, 0, 0, 60, 0
1777104979, 3, 0, 803, 801, 21, 7.68%, 0, 0, 2, 5.39, 16, 131, 0, 370, 103787, 39368, 0, 0.481, 31, 81, 0.270149, 1.000000, 8229, 0, 0, 0, 0, 0, 60, 0
1777104984, 3, 0, 803, 801, 21, 7.68%, 0, 0, 2, 6.26, 16, 131, 0, 370, 103787, 39368, 0, 0.481, 31, 81, 0.270699, 1.000000, 8252, 0, 0, 0, 0, 0, 60, 0
1777104989, 3, 0, 803, 801, 21, 7.68%, 0, 0, 2, 5.77, 16, 131, 0, 370, 103787, 39368, 0, 0.481, 31, 81, 0.271393, 1.000000, 8281, 0, 0, 0, 0, 0, 61, 0
1777104995, 3, 0, 803, 801, 21, 7.68%, 0, 0, 2, 6.79, 16, 131, 0, 370, 103787, 39368, 0, 0.481, 31, 81, 0.271894, 1.000000, 8302, 0, 0, 0, 0, 0, 61, 0
1777105000, 3, 0, 803, 801, 21, 7.68%, 0, 0, 2, 6.12, 16, 131, 0, 370, 103787, 39368, 0, 0.481, 31, 81, 0.272608, 1.000000, 8332, 0, 0, 0, 0, 0, 61, 0
1777105005, 3, 0, 803, 801, 21, 7.68%, 0, 0, 2, 5.49, 16, 131, 0, 370, 103787, 39368, 0, 0.481, 32, 81, 0.273203, 1.000000, 8357, 0, 0, 0, 0, 0, 61, 0
1777105010, 3, 0, 803, 801, 21, 7.68%, 0, 0, 2, 5.44, 16, 131, 0, 370, 103787, 39368, 0, 0.481, 32, 81, 0.273867, 1.000000, 8385, 0, 0, 0, 0, 0, 61, 0
1777105015, 3, 0, 803, 801, 21, 7.68%, 0, 0, 2, 5.58, 16, 131, 0, 370, 103787, 39368, 0, 0.481, 32, 81, 0.274507, 1.000000, 8412, 0, 0, 0, 0, 0, 61, 0
1777105020, 3, 0, 803, 801, 21, 7.68%, 0, 0, 2, 5.26, 16, 131, 0, 370, 103787, 39368, 0, 0.481, 32, 81, 0.275122, 1.000000, 8438, 0, 0, 0, 0, 0, 61, 0
1777105026, 3, 0, 803, 801, 21, 7.68%, 0, 0, 2, 5.36, 16, 131, 0, 370, 103787, 39368, 0, 0.481, 32, 81, 0.275736, 1.000000, 8464, 0, 0, 0, 0, 0, 62, 0
1777105031, 3, 0, 803, 801, 21, 7.68%, 0, 0, 2, 5.57, 16, 131, 0, 370, 103787, 39368, 0, 0.481, 32, 81, 0.276396, 1.000000, 8492, 0, 0, 0, 0, 0, 62, 0
1777105036, 3, 0, 803, 801, 21, 7.68%, 0, 0, 2, 5.45, 16, 131, 0, 370, 103787, 39368, 0, 0.481, 32, 81, 0.276914, 1.000000, 8514, 0, 0, 0, 0, 0, 62, 0
1777105041, 3, 0, 803, 801, 21, 7.68%, 0, 0, 2, 5.37, 16, 131, 0, 370, 103787, 39368, 0, 0.481, 32, 81, 0.277572, 1.000000, 8542, 0, 0, 0, 0, 0, 62, 0
1777105046, 3, 0, 803, 801, 21, 7.68%, 0, 0, 2, 5.37, 16, 131, 0, 370, 103787, 39368, 0, 0.481, 32, 81, 0.278182, 1.000000, 8568, 0, 0, 0, 0, 0, 62, 0
1777105052, 3, 0, 803, 801, 21, 7.68%, 0, 0, 2, 5.14, 16, 131, 0, 370, 103787, 39368, 0, 0.481, 32, 81, 0.278814, 1.000000, 8595, 0, 0, 0, 0, 0, 62, 0
1777105057, 3, 0, 803, 801, 21, 7.68%, 0, 0, 2, 5.37, 16, 131, 0, 370, 103787, 39368, 0, 0.481, 32, 81, 0.279492, 1.000000, 8624, 0, 0, 0, 0, 0, 62, 0
1777105062, 3, 0, 803, 801, 21, 7.68%, 0, 0, 2, 1.46, 16, 131, 0, 370, 103787, 39368, 0, 0.481, 32, 81, 0.280052, 1.000000, 8648, 0, 0, 0, 0, 0, 62, 0
1777105067, 3, 0, 803, 801, 21, 7.68%, 0, 0, 2, 3.93, 16, 131, 0, 370, 103787, 39368, 0, 0.481, 32, 81, 0.280704, 1.000000, 8676, 0, 0, 0, 0, 0, 63, 0
1777105073, 3, 0, 803, 801, 21, 7.68%, 0, 0, 2, 4.47, 16, 131, 0, 370, 103787, 39368, 0, 0.481, 32, 81, 0.281216, 1.000000, 8698, 0, 0, 0, 0, 0, 63, 0
1777105078, 3, 0, 803, 801, 21, 7.68%, 0, 0, 2, 5.07, 16, 131, 0, 370, 103787, 39368, 0, 0.481, 32, 81, 0.281866, 1.000000, 8726, 0, 0, 0, 0, 0, 63, 0
1777105083, 3, 0, 803, 801, 21, 7.68%, 0, 0, 2, 5.23, 16, 131, 0, 370, 103787, 39368, 0, 0.481, 32, 81, 0.282468, 1.000000, 8752, 0, 0, 0, 0, 0, 63, 0
1777105088, 3, 0, 803, 801, 21, 7.68%, 0, 0, 2, 5.48, 16, 131, 0, 370, 103787, 39368, 0, 0.481, 32, 81, 0.283139, 1.000000, 8781, 0, 0, 0, 0, 0, 63, 0
1777105093, 3, 0, 803, 801, 21, 7.68%, 0, 0, 2, 5.34, 16, 131, 0, 370, 103787, 39368, 0, 0.481, 32, 81, 0.283740, 1.000000, 8807, 0, 0, 0, 0, 0, 63, 0
1777105099, 3, 0, 804, 802, 21, 7.68%, 0, 0, 2, 5.51, 16, 131, 0, 370, 103787, 39368, 0, 0.481, 32, 81, 0.284247, 1.000000, 8829, 0, 0, 0, 0, 0, 63, 0
1777105104, 3, 0, 804, 802, 21, 7.68%, 0, 0, 2, 5.49, 16, 131, 0, 370, 103787, 39368, 0, 0.482, 32, 83, 0.284800, 1.000000, 8853, 0, 0, 0, 0, 0, 63, 0
1777105109, 3, 0, 804, 802, 21, 7.68%, 0, 0, 2, 5.57, 16, 131, 0, 370, 103787, 39368, 0, 0.482, 32, 83, 0.285466, 1.000000, 8882, 0, 0, 0, 0, 0, 63, 0
1777105114, 3, 0, 804, 802, 21, 7.68%, 0, 0, 2, 5.92, 16, 131, 0, 370, 103787, 39368, 0, 0.482, 32, 83, 0.285971, 1.000000, 8904, 0, 0, 0, 0, 0, 63, 0
1777105120, 3, 0, 804, 802, 21, 7.68%, 0, 0, 2, 5.88, 16, 131, 0, 370, 103787, 39368, 0, 0.482, 32, 83, 0.286659, 1.000000, 8934, 0, 0, 0, 0, 0, 63, 0
1777105125, 3, 0, 804, 802, 21, 7.68%, 0, 0, 2, 6.03, 16, 131, 0, 370, 103787, 39368, 0, 0.482, 32, 83, 0.287299, 1.000000, 8962, 0, 0, 0, 0, 0, 63, 0
1777105130, 3, 0, 804, 802, 21, 7.68%, 0, 0, 2, 5.57, 16, 131, 0, 370, 103787, 39368, 0, 0.482, 32, 83, 0.287892, 1.000000, 8988, 0, 0, 0, 0, 0, 63, 0
1777105135, 3, 0, 804, 802, 21, 7.68%, 0, 0, 2, 5.88, 16, 131, 0, 370, 103787, 39368, 0, 0.482, 32, 83, 0.288622, 1.000000, 9020, 0, 0, 0, 0, 0, 63, 0
1777105140, 3, 0, 805, 803, 21, 7.69%, 0, 0, 2, 5.68, 16, 131, 0, 370, 103787, 39368, 0, 0.482, 32, 83, 0.289008, 0.713711, 9037, 0, 0, 0, 0, 0, 64, 0
1777105145, 3, 0, 806, 804, 21, 7.69%, 0, 0, 2, 5.79, 16, 131, 0, 370, 103787, 39368, 0, 0.482, 32, 83, 0.289440, 1.000000, 9056, 0, 0, 0, 0, 0, 64, 0
1777105150, 3, 0, 806, 804, 21, 7.69%, 0, 0, 2, 5.57, 16, 131, 0, 370, 103787, 39368, 0, 0.482, 32, 83, 0.289894, 1.000000, 9076, 0, 0, 0, 0, 0, 64, 0
1777105156, 3, 0, 806, 804, 21, 7.69%, 0, 0, 2, 5.29, 16, 131, 0, 370, 103787, 39368, 0, 0.482, 32, 83, 0.290528, 1.000000, 9104, 0, 0, 0, 0, 0, 64, 0
1777105161, 3, 0, 806, 804, 21, 7.69%, 0, 0, 2, 5.24, 16, 131, 0, 370, 103787, 39368, 0, 0.482, 32, 83, 0.291117, 1.000000, 9130, 0, 0, 0, 0, 0, 64, 0
1777105166, 3, 0, 806, 804, 21, 7.69%, 0, 0, 2, 5.54, 16, 131, 0, 370, 103787, 39368, 0, 0.482, 32, 83, 0.291772, 1.000000, 9159, 0, 0, 0, 0, 0, 64, 0
1777105171, 3, 0, 806, 804, 21, 7.69%, 0, 0, 2, 5.52, 16, 131, 0, 370, 103787, 39368, 0, 0.482, 32, 83, 0.292380, 1.000000, 9186, 0, 0, 0, 0, 0, 64, 0
1777105177, 3, 0, 806, 804, 21, 7.69%, 0, 0, 2, 5.37, 16, 131, 0, 370, 103787, 39368, 0, 0.482, 32, 83, 0.293010, 1.000000, 9214, 0, 0, 0, 0, 0, 64, 0
1777105182, 3, 0, 806, 804, 21, 7.69%, 0, 0, 2, 5.24, 16, 131, 0, 370, 103787, 39368, 0, 0.482, 32, 83, 0.293549, 1.000000, 9238, 0, 0, 0, 0, 0, 64, 0
1777105187, 3, 0, 807, 805, 21, 7.69%, 0, 0, 2, 5.35, 16, 131, 0, 370, 103787, 39368, 0, 0.482, 32, 83, 0.293998, 1.000000, 9258, 0, 0, 0, 0, 0, 65, 0
1777105192, 3, 0, 807, 805, 21, 7.69%, 0, 0, 2, 6.09, 16, 131, 0, 370, 103787, 39368, 0, 0.482, 32, 83, 0.294469, 1.000000, 9279, 0, 0, 0, 0, 0, 65, 0
1777105197, 3, 0, 807, 805, 21, 7.69%, 0, 0, 2, 5.66, 16, 131, 0, 370, 103787, 39368, 0, 0.482, 32, 83, 0.295117, 1.000000, 9308, 0, 0, 0, 0, 0, 65, 0
1777105202, 3, 0, 808, 806, 21, 7.69%, 0, 0, 2, 5.53, 16, 131, 0, 370, 103787, 39368, 0, 0.482, 32, 83, 0.295519, 1.000000, 9326, 0, 0, 0, 0, 0, 65, 0
1777105207, 3, 0, 808, 806, 21, 7.69%, 0, 0, 2, 5.43, 16, 131, 0, 370, 103787, 39368, 0, 0.482, 32, 83, 0.296144, 1.000000, 9354, 0, 0, 0, 0, 0, 65, 0
1777105212, 3, 0, 809, 807, 21, 7.69%, 0, 0, 2, 5.54, 16, 131, 0, 370, 103787, 39368, 0, 0.482, 32, 83, 0.296545, 1.000000, 9372, 0, 0, 0, 0, 0, 65, 0
1777105218, 3, 0, 809, 807, 21, 7.69%, 0, 0, 2, 1.00, 16, 131, 0, 370, 103787, 39368, 0, 0.482, 32, 83, 0.297101, 1.000000, 9397, 0, 0, 0, 0, 0, 65, 0
1777105223, 3, 0, 809, 807, 21, 7.69%, 0, 0, 2, 5.25, 16, 131, 0, 370, 103787, 39368, 0, 0.482, 32, 83, 0.297700, 1.000000, 9424, 0, 0, 0, 0, 0, 65, 0
1777105228, 3, 0, 809, 807, 21, 7.69%, 0, 0, 2, 0.66, 16, 131, 0, 370, 103787, 39368, 0, 0.482, 32, 83, 0.298210, 1.000000, 9447, 0, 0, 0, 0, 0, 65, 0
1777105233, 3, 0, 810, 808, 21, 7.70%, 0, 0, 2, 5.94, 16, 131, 0, 370, 103787, 39368, 0, 0.482, 32, 83, 0.298719, 1.000000, 9470, 0, 0, 0, 0, 0, 65, 0
1777105238, 3, 0, 810, 808, 21, 7.70%, 0, 0, 2, 5.62, 16, 131, 0, 370, 103787, 39368, 0, 0.482, 32, 83, 0.299294, 1.000000, 9496, 0, 0, 0, 0, 0, 65, 0
1777105244, 3, 0, 810, 808, 21, 7.70%, 0, 0, 2, 5.62, 16, 131, 0, 370, 103787, 39368, 0, 0.482, 32, 83, 0.299956, 1.000000, 9526, 0, 0, 0, 0, 0, 65, 0
1777105249, 3, 0, 810, 808, 21, 7.70%, 0, 0, 2, 5.28, 16, 131, 0, 370, 103787, 39368, 0, 0.482, 32, 83, 0.300529, 1.000000, 9552, 0, 0, 0, 0, 0, 65, 0
1777105254, 3, 0, 810, 808, 21, 7.70%, 0, 0, 2, 5.29, 16, 131, 0, 370, 103787, 39368, 0, 0.482, 32, 83, 0.301122, 1.000000, 9579, 0, 0, 0, 0, 0, 65, 0
1777105260, 3, 0, 810, 808, 21, 7.70%, 0, 0, 2, 5.55, 16, 131, 0, 370, 103787, 39368, 0, 0.482, 32, 83, 0.301671, 1.000000, 9604, 0, 0, 0, 0, 0, 65, 0
1777105265, 3, 0, 810, 808, 21, 7.70%, 0, 0, 2, 5.51, 16, 131, 0, 370, 103787, 39368, 0, 0.482, 32, 83, 0.302285, 1.000000, 9632, 0, 0, 0, 0, 0, 65, 0
1777105270, 3, 0, 810, 808, 21, 7.70%, 0, 0, 2, 6.13, 16, 131, 0, 370, 103787, 39368, 0, 0.482, 32, 83, 0.302766, 1.000000, 9654, 0, 0, 0, 0, 0, 66, 0
1777105275, 3, 0, 811, 809, 21, 7.70%, 0, 0, 2, 6.10, 16, 131, 0, 370, 103787, 39368, 0, 0.482, 32, 83, 0.303356, 0.806954, 9681, 0, 0, 0, 0, 0, 66, 0
1777105280, 3, 0, 811, 809, 21, 7.70%, 0, 0, 2, 5.42, 16, 131, 0, 370, 103787, 39368, 0, 0.482, 32, 83, 0.303771, 1.000000, 9700, 0, 0, 0, 0, 0, 66, 0
1777105285, 3, 0, 811, 809, 21, 7.70%, 0, 0, 2, 5.71, 16, 131, 0, 370, 103787, 39368, 0, 0.482, 32, 83, 0.304424, 1.000000, 9730, 0, 0, 0, 0, 0, 66, 0
1777105291, 3, 0, 811, 809, 21, 7.70%, 0, 0, 2, 5.47, 16, 131, 0, 370, 103787, 39368, 0, 0.482, 32, 83, 0.304989, 1.000000, 9756, 0, 0, 0, 0, 0, 66, 0
1777105296, 3, 0, 811, 809, 21, 7.70%, 0, 0, 2, 5.04, 16, 131, 0, 370, 103787, 39368, 0, 0.482, 32, 83, 0.305532, 1.000000, 9781, 0, 0, 0, 0, 0, 66, 0
1777105301, 3, 0, 811, 809, 21, 7.70%, 0, 0, 2, 5.66, 16, 131, 0, 370, 103787, 39368, 0, 0.482, 32, 83, 0.306182, 1.000000, 9811, 0, 0, 0, 0, 0, 66, 0
1777105306, 3, 0, 811, 809, 21, 7.70%, 0, 0, 2, 4.46, 16, 131, 0, 370, 103787, 39368, 0, 0.482, 32, 83, 0.306637, 1.000000, 9832, 0, 0, 0, 0, 0, 66, 0
1777105312, 3, 0, 811, 809, 21, 7.70%, 0, 0, 2, 5.42, 16, 131, 0, 370, 103787, 39368, 0, 0.482, 32, 83, 0.307306, 1.000000, 9863, 0, 0, 0, 0, 0, 66, 0
1777105317, 3, 0, 811, 809, 21, 7.70%, 0, 0, 2, 5.34, 16, 131, 0, 370, 103787, 39368, 0, 0.482, 32, 83, 0.307846, 1.000000, 9888, 0, 0, 0, 0, 0, 67, 0
1777105322, 3, 0, 811, 809, 21, 7.70%, 0, 0, 2, 5.36, 16, 131, 0, 370, 103787, 39368, 0, 0.482, 32, 83, 0.308448, 1.000000, 9916, 0, 0, 0, 0, 0, 67, 0
1777105327, 3, 0, 811, 809, 9, 7.70%, 0, 0, 2, 5.18, 16, 131, 0, 370, 103787, 39368, 0, 0.482, 32, 83, 0.308986, 1.000000, 9941, 0, 0, 0, 0, 0, 67, 0
1777105332, 3, 0, 812, 810, 9, 7.70%, 0, 0, 2, 5.54, 16, 131, 0, 370, 103787, 39368, 0, 0.482, 32, 83, 0.309501, 0.713711, 9965, 0, 0, 0, 0, 0, 67, 0
1777105337, 3, 0, 812, 810, 9, 7.70%, 0, 0, 2, 2.80, 16, 131, 0, 370, 103787, 39368, 0, 0.482, 32, 83, 0.309951, 1.000000, 9986, 0, 0, 0, 0, 0, 67, 0
1777105342, 3, 0, 812, 810, 9, 7.70%, 0, 0, 2, 4.41, 16, 131, 0, 370, 103787, 39368, 0, 0.482, 32, 83, 0.310550, 1.000000, 10014, 0, 0, 0, 0, 0, 67, 0
1777105347, 3, 0, 812, 810, 9, 7.70%, 0, 0, 2, 6.99, 16, 131, 0, 370, 103787, 39368, 0, 0.482, 32, 83, 0.310977, 1.000000, 10034, 0, 0, 0, 0, 0, 67, 0
1777105353, 3, 0, 812, 810, 9, 7.70%, 0, 0, 2, 6.06, 16, 131, 0, 370, 103787, 39368, 0, 0.482, 32, 83, 0.311618, 1.000000, 10064, 0, 0, 0, 0, 0, 67, 0
1777105358, 3, 0, 812, 810, 9, 7.70%, 0, 0, 2, 5.45, 16, 131, 0, 370, 103787, 39368, 0, 0.482, 32, 83, 0.312129, 1.000000, 10088, 0, 0, 0, 0, 0, 67, 0
1777105363, 3, 0, 812, 810, 9, 7.70%, 0, 0, 2, 5.52, 16, 131, 0, 370, 103787, 39368, 0, 0.482, 32, 83, 0.312724, 1.000000, 10116, 0, 0, 0, 0, 0, 67, 0
1777105368, 3, 0, 812, 810, 9, 7.70%, 0, 0, 2, 5.28, 16, 131, 0, 370, 103787, 39368, 0, 0.482, 32, 83, 0.313276, 1.000000, 10142, 0, 0, 0, 0, 0, 67, 0
1777105374, 3, 0, 813, 811, 9, 7.70%, 0, 0, 2, 5.33, 16, 131, 0, 370, 103787, 39368, 0, 0.482, 32, 83, 0.313848, 0.931000, 10169, 0, 0, 0, 0, 0, 68, 0
1777105379, 3, 0, 813, 811, 9, 7.70%, 0, 0, 2, 5.99, 16, 131, 0, 370, 103787, 39368, 0, 0.482, 32, 83, 0.314208, 1.000000, 10186, 0, 0, 0, 0, 0, 68, 0
1777105384, 3, 0, 813, 811, 9, 7.70%, 0, 0, 2, 5.62, 16, 131, 0, 370, 103787, 39368, 0, 0.482, 32, 83, 0.314800, 1.000000, 10214, 0, 0, 0, 0, 0, 68, 0
1777105389, 3, 0, 813, 811, 9, 7.70%, 0, 0, 2, 5.33, 16, 131, 0, 370, 103787, 39368, 0, 0.482, 32, 83, 0.315243, 1.000000, 10235, 0, 0, 0, 0, 0, 68, 0
1777105394, 3, 0, 813, 811, 9, 7.70%, 0, 0, 2, 5.44, 16, 131, 0, 370, 103787, 39368, 0, 0.482, 32, 83, 0.315854, 1.000000, 10264, 0, 0, 0, 0, 0, 68, 0
1777105399, 3, 0, 813, 811, 9, 7.70%, 0, 0, 2, 5.15, 16, 131, 0, 370, 103787, 39368, 0, 0.482, 32, 83, 0.316338, 1.000000, 10287, 0, 0, 0, 0, 0, 68, 0
1777105404, 3, 0, 813, 811, 9, 7.70%, 0, 0, 2, 5.11, 16, 131, 0, 370, 103787, 39368, 0, 0.482, 32, 83, 0.316905, 1.000000, 10314, 0, 0, 0, 0, 0, 68, 0
1777105410, 3, 0, 813, 811, 9, 7.70%, 0, 0, 2, 5.21, 16, 131, 0, 370, 103787, 39368, 0, 0.482, 32, 83, 0.317451, 1.000000, 10340, 0, 0, 0, 0, 0, 68, 0
1777105415, 3, 0, 814, 812, 9, 7.70%, 0, 0, 2, 5.28, 16, 131, 0, 370, 103787, 39368, 0, 0.482, 32, 83, 0.317974, 1.000000, 10365, 0, 0, 0, 0, 0, 68, 0
1777105420, 3, 0, 814, 812, 9, 7.70%, 0, 0, 2, 5.46, 16, 131, 0, 370, 103787, 39368, 0, 0.482, 32, 83, 0.318413, 1.000000, 10386, 0, 0, 0, 0, 0, 68, 0
1777105425, 3, 0, 814, 812, 9, 7.70%, 0, 0, 2, 0.66, 16, 131, 0, 370, 103787, 39368, 0, 0.482, 32, 83, 0.318852, 1.000000, 10407, 0, 0, 0, 0, 0, 68, 0
1777105431, 3, 0, 814, 812, 9, 7.70%, 0, 0, 2, 5.44, 16, 131, 0, 370, 103787, 39368, 0, 0.482, 32, 83, 0.319456, 1.000000, 10436, 0, 0, 0, 0, 0, 68, 0
1777105436, 3, 0, 814, 812, 9, 7.70%, 0, 0, 2, 5.45, 16, 131, 0, 370, 103787, 39368, 0, 0.482, 32, 83, 0.319998, 1.000000, 10462, 0, 0, 0, 0, 0, 68, 0
1777105441, 3, 0, 814, 812, 9, 7.70%, 0, 0, 2, 5.21, 16, 131, 0, 370, 103787, 39368, 0, 0.482, 32, 83, 0.320538, 1.000000, 10488, 0, 0, 0, 0, 0, 68, 0
1777105446, 3, 0, 814, 812, 9, 7.70%, 0, 0, 2, 5.19, 16, 131, 0, 370, 103787, 39368, 0, 0.482, 32, 83, 0.321077, 1.000000, 10514, 0, 0, 0, 0, 0, 68, 0
1777105451, 3, 0, 814, 812, 9, 7.70%, 0, 0, 2, 5.37, 16, 131, 0, 370, 103787, 39368, 0, 0.482, 32, 83, 0.321678, 1.000000, 10543, 0, 0, 0, 0, 0, 68, 0
1777105457, 3, 0, 814, 812, 9, 7.70%, 0, 0, 2, 5.11, 16, 131, 0, 370, 103787, 39368, 0, 0.482, 32, 83, 0.322174, 1.000000, 10567, 0, 0, 0, 0, 0, 69, 0
1777105462, 3, 0, 814, 812, 9, 7.70%, 0, 0, 2, 5.11, 16, 131, 0, 370, 103787, 39368, 0, 0.482, 32, 83, 0.322732, 1.000000, 10594, 0, 0, 0, 0, 0, 69, 0
1777105467, 3, 0, 814, 812, 9, 7.70%, 0, 0, 2, 5.06, 16, 131, 0, 370, 103787, 39368, 0, 0.482, 32, 83, 0.323165, 1.000000, 10615, 0, 0, 0, 0, 0, 69, 0
1777105472, 3, 0, 814, 812, 9, 7.70%, 0, 0, 2, 5.20, 16, 131, 0, 370, 103787, 39368, 0, 0.482, 32, 83, 0.323721, 1.000000, 10642, 0, 0, 0, 0, 0, 69, 0
1777105477, 3, 0, 814, 812, 9, 7.70%, 0, 0, 2, 5.13, 16, 131, 0, 370, 103787, 39368, 0, 0.482, 32, 83, 0.324214, 1.000000, 10666, 0, 0, 0, 0, 0, 69, 0
1777105482, 3, 0, 814, 812, 9, 7.70%, 0, 0, 2, 5.29, 16, 131, 0, 370, 103787, 39368, 0, 0.482, 32, 83, 0.324789, 1.000000, 10694, 0, 0, 0, 0, 0, 69, 0
1777105488, 3, 0, 815, 813, 9, 7.71%, 0, 0, 2, 5.12, 16, 131, 0, 370, 103787, 39368, 0, 0.482, 32, 83, 0.325158, 1.000000, 10712, 0, 0, 0, 0, 0, 69, 0
1777105493, 3, 0, 816, 814, 9, 7.71%, 0, 0, 2, 5.26, 16, 131, 0, 370, 103787, 39368, 0, 0.482, 32, 83, 0.325567, 1.000000, 10732, 0, 0, 0, 0, 0, 69, 0
1777105498, 3, 0, 816, 814, 9, 7.71%, 0, 0, 2, 5.16, 16, 131, 0, 370, 103787, 39368, 0, 0.483, 32, 85, 0.326058, 1.000000, 10756, 0, 0, 0, 0, 0, 69, 0
1777105503, 3, 0, 816, 814, 9, 7.71%, 0, 0, 2, 5.22, 16, 131, 0, 370, 103787, 39368, 0, 0.483, 32, 85, 0.326630, 1.000000, 10784, 0, 0, 0, 0, 0, 69, 0
1777105509, 3, 0, 816, 814, 9, 7.71%, 0, 0, 2, 5.04, 16, 131, 0, 370, 103787, 39368, 0, 0.483, 32, 85, 0.327037, 1.000000, 10804, 0, 0, 0, 0, 0, 69, 0
1777105514, 3, 0, 816, 814, 9, 7.71%, 0, 0, 2, 5.21, 16, 131, 0, 370, 103787, 39368, 0, 0.483, 32, 85, 0.327587, 1.000000, 10831, 0, 0, 0, 0, 0, 69, 0
1777105519, 3, 0, 816, 814, 9, 7.71%, 0, 0, 2, 5.26, 16, 131, 0, 370, 103787, 39368, 0, 0.483, 32, 85, 0.328095, 1.000000, 10856, 0, 0, 0, 0, 0, 69, 0
1777105524, 3, 0, 816, 814, 9, 7.71%, 0, 0, 2, 5.48, 16, 131, 0, 370, 103787, 39368, 0, 0.483, 32, 85, 0.328663, 1.000000, 10884, 0, 0, 0, 0, 0, 69, 0
1777105529, 3, 0, 817, 815, 9, 7.71%, 0, 0, 2, 5.26, 16, 131, 0, 370, 103787, 39368, 0, 0.483, 32, 85, 0.328987, 1.000000, 10900, 0, 0, 0, 0, 0, 69, 0
1777105534, 3, 0, 817, 815, 9, 7.71%, 0, 0, 2, 5.23, 16, 131, 0, 370, 103787, 39368, 0, 0.483, 32, 85, 0.329554, 1.000000, 10928, 0, 0, 0, 0, 0, 69, 0
1777105539, 3, 0, 817, 815, 9, 7.71%, 0, 0, 2, 3.36, 16, 131, 0, 370, 103787, 39368, 0, 0.483, 32, 85, 0.330039, 1.000000, 10952, 0, 0, 0, 0, 0, 69, 0
1777105545, 3, 0, 817, 815, 9, 7.71%, 0, 0, 2, 4.68, 16, 131, 0, 370, 103787, 39368, 0, 0.483, 32, 85, 0.330603, 1.000000, 10980, 0, 0, 0, 0, 0, 69, 0
1777105550, 3, 0, 817, 815, 9, 7.71%, 0, 0, 2, 6.24, 16, 131, 0, 370, 103787, 39368, 0, 0.483, 32, 85, 0.331047, 1.000000, 11002, 0, 0, 0, 0, 0, 69, 0
1777105555, 3, 0, 817, 815, 9, 7.71%, 0, 0, 2, 5.71, 16, 131, 0, 370, 103787, 39368, 0, 0.483, 32, 85, 0.331610, 1.000000, 11030, 0, 0, 0, 0, 0, 69, 0
1777105560, 3, 0, 817, 815, 9, 7.71%, 0, 0, 2, 5.61, 16, 131, 0, 370, 103787, 39368, 0, 0.483, 32, 85, 0.332132, 1.000000, 11056, 0, 0, 0, 0, 0, 69, 0
1777105565, 3, 0, 817, 815, 9, 7.71%, 0, 0, 2, 5.41, 16, 131, 0, 370, 103787, 39368, 0, 0.483, 32, 85, 0.332673, 1.000000, 11083, 0, 0, 0, 0, 0, 69, 0
1777105570, 3, 0, 817, 815, 9, 7.71%, 0, 0, 2, 5.39, 16, 131, 0, 370, 103787, 39368, 0, 0.483, 32, 85, 0.333213, 1.000000, 11110, 0, 0, 0, 0, 0, 70, 0
1777105576, 3, 0, 817, 815, 9, 7.71%, 0, 0, 2, 1.61, 16, 131, 0, 370, 103787, 39368, 0, 0.483, 32, 85, 0.333733, 1.000000, 11136, 0, 0, 0, 0, 0, 70, 0
1777105581, 3, 0, 817, 815, 9, 7.71%, 0, 0, 2, 4.26, 16, 131, 0, 370, 103787, 39368, 0, 0.483, 32, 85, 0.334311, 1.000000, 11165, 0, 0, 0, 0, 0, 70, 0
1777105586, 3, 0, 817, 815, 9, 7.71%, 0, 0, 2, 5.46, 16, 131, 0, 370, 103787, 39368, 0, 0.483, 32, 85, 0.334730, 1.000000, 11186, 0, 0, 0, 0, 0, 70, 0
1777105591, 3, 0, 817, 815, 9, 7.71%, 0, 0, 2, 5.32, 16, 131, 0, 370, 103787, 39368, 0, 0.483, 32, 85, 0.335247, 1.000000, 11212, 0, 0, 0, 0, 0, 70, 0
1777105596, 3, 0, 817, 815, 9, 7.71%, 0, 0, 2, 5.22, 16, 131, 0, 370, 103787, 39368, 0, 0.483, 32, 85, 0.335763, 1.000000, 11238, 0, 0, 0, 0, 0, 70, 0
1777105601, 3, 0, 817, 815, 9, 7.71%, 0, 0, 2, 5.72, 16, 131, 0, 370, 103787, 39368, 0, 0.483, 32, 85, 0.336358, 1.000000, 11268, 0, 0, 0, 0, 0, 70, 0
1777105607, 3, 0, 817, 815, 9, 7.71%, 0, 0, 2, 5.60, 16, 131, 0, 370, 103787, 39368, 0, 0.483, 32, 85, 0.336912, 1.000000, 11296, 0, 0, 0, 0, 0, 71, 0
1777105612, 3, 0, 817, 815, 9, 7.71%, 0, 0, 2, 5.26, 16, 131, 0, 370, 103787, 39368, 0, 0.483, 32, 85, 0.337446, 1.000000, 11323, 0, 0, 0, 0, 0, 71, 0
1777105617, 3, 0, 817, 815, 9, 7.71%, 0, 0, 2, 5.75, 16, 131, 0, 370, 103787, 39368, 0, 0.483, 32, 85, 0.337900, 1.000000, 11346, 0, 0, 0, 0, 0, 71, 0
1777105622, 3, 0, 817, 815, 9, 7.71%, 0, 0, 2, 5.38, 16, 131, 0, 370, 103787, 39368, 0, 0.483, 32, 85, 0.338451, 1.000000, 11374, 0, 0, 0, 0, 0, 71, 0
1777105628, 3, 0, 817, 815, 9, 7.71%, 0, 0, 2, 5.24, 16, 131, 0, 370, 103787, 39368, 0, 0.483, 32, 85, 0.338884, 1.000000, 11396, 0, 0, 0, 0, 0, 71, 0
1777105633, 3, 0, 817, 815, 9, 7.71%, 0, 0, 2, 5.42, 16, 131, 0, 370, 103787, 39368, 0, 0.483, 32, 85, 0.339454, 1.000000, 11425, 0, 0, 0, 0, 0, 71, 0
1777105638, 3, 0, 817, 815, 9, 7.71%, 0, 0, 2, 5.16, 16, 131, 0, 370, 103787, 39368, 0, 0.483, 32, 85, 0.339925, 1.000000, 11449, 0, 0, 0, 0, 0, 71, 0
1777105643, 3, 0, 817, 815, 9, 7.71%, 0, 0, 2, 5.43, 16, 131, 0, 370, 103787, 39368, 0, 0.483, 32, 85, 0.340473, 1.000000, 11477, 0, 0, 0, 0, 0, 71, 0
1777105648, 3, 0, 817, 815, 9, 7.71%, 0, 0, 2, 5.45, 16, 131, 0, 370, 103787, 39368, 0, 0.483, 32, 85, 0.341001, 1.000000, 11504, 0, 0, 0, 0, 0, 72, 0
1777105653, 3, 0, 817, 815, 9, 7.71%, 0, 0, 2, 5.27, 16, 131, 0, 370, 103787, 39368, 0, 0.483, 32, 85, 0.341528, 1.000000, 11531, 0, 0, 0, 0, 0, 72, 0
1777105659, 3, 0, 817, 815, 9, 7.71%, 0, 0, 2, 5.22, 16, 131, 0, 370, 103787, 39368, 0, 0.483, 32, 85, 0.342015, 1.000000, 11556, 0, 0, 0, 0, 0, 72, 0
1777105665, 3, 0, 817, 815, 9, 7.71%, 0, 0, 2, 0.64, 16, 131, 0, 370, 103787, 39368, 0, 0.483, 32, 85, 0.342540, 1.000000, 11583, 0, 0, 0, 0, 0, 72, 0
1777105670, 3, 0, 817, 815, 9, 7.71%, 0, 0, 2, 5.49, 16, 131, 0, 370, 103787, 39368, 0, 0.483, 32, 85, 0.343065, 1.000000, 11610, 0, 0, 0, 0, 0, 72, 0
1777105676, 3, 0, 817, 815, 9, 7.71%, 0, 0, 2, 5.29, 16, 131, 0, 370, 103787, 39368, 0, 0.483, 32, 85, 0.343550, 1.000000, 11635, 0, 0, 0, 0, 0, 72, 0
1777105681, 3, 0, 817, 815, 9, 7.71%, 0, 0, 2, 5.40, 16, 131, 0, 370, 103787, 39368, 0, 0.483, 32, 85, 0.344092, 1.000000, 11663, 0, 0, 0, 0, 0, 72, 0
1777105686, 3, 0, 817, 815, 9, 7.71%, 0, 0, 2, 5.24, 16, 131, 0, 370, 103787, 39368, 0, 0.483, 32, 85, 0.344575, 1.000000, 11688, 0, 0, 0, 0, 0, 73, 0
1777105691, 3, 0, 817, 815, 9, 7.71%, 0, 0, 2, 5.32, 16, 131, 0, 370, 103787, 39368, 0, 0.483, 32, 85, 0.345097, 1.000000, 11715, 0, 0, 0, 0, 0, 73, 0
1777105696, 3, 0, 817, 815, 9, 7.71%, 0, 0, 2, 4.96, 16, 131, 0, 370, 103787, 39368, 0, 0.481, 34, 88, 0.345521, 1.000000, 11737, 0, 0, 0, 0, 0, 73, 0
1777105701, 3, 0, 817, 815, 9, 7.71%, 0, 0, 2, 5.28, 16, 131, 0, 370, 103787, 39368, 0, 0.481, 34, 88, 0.346079, 1.000000, 11766, 0, 0, 0, 0, 0, 73, 0
1777105706, 3, 0, 817, 815, 9, 7.71%, 0, 0, 2, 4.48, 16, 131, 0, 370, 103787, 39368, 0, 0.481, 34, 88, 0.346464, 1.000000, 11786, 0, 0, 0, 0, 0, 73, 0
1777105711, 3, 0, 817, 815, 9, 7.71%, 0, 0, 2, 5.23, 16, 131, 0, 370, 103787, 39368, 0, 0.481, 34, 88, 0.347039, 1.000000, 11816, 0, 0, 0, 0, 0, 73, 0
1777105716, 3, 0, 817, 815, 9, 7.71%, 0, 0, 2, 5.29, 16, 131, 0, 370, 103787, 39368, 0, 0.481, 34, 88, 0.347519, 1.000000, 11841, 0, 0, 0, 0, 0, 73, 0
1777105722, 3, 0, 817, 815, 9, 7.71%, 0, 0, 2, 5.51, 16, 131, 0, 370, 103787, 39368, 0, 0.481, 34, 88, 0.348073, 1.000000, 11870, 0, 0, 0, 0, 0, 73, 0
1777105727, 3, 0, 817, 815, 9, 7.71%, 0, 0, 2, 5.46, 16, 131, 0, 370, 103787, 39368, 0, 0.481, 34, 88, 0.348589, 1.000000, 11897, 0, 0, 0, 0, 0, 74, 0
1777105732, 3, 0, 817, 815, 9, 7.71%, 0, 0, 2, 5.36, 16, 131, 0, 370, 103787, 39368, 0, 0.481, 34, 88, 0.349104, 1.000000, 11924, 0, 0, 0, 0, 0, 74, 0
1777105737, 3, 0, 817, 815, 9, 7.71%, 0, 0, 2, 6.25, 16, 131, 0, 370, 103787, 39368, 0, 0.481, 34, 88, 0.349599, 1.000000, 11950, 0, 0, 0, 0, 0, 74, 0
1777105742, 3, 0, 817, 815, 9, 7.71%, 0, 0, 2, 5.86, 16, 131, 0, 370, 103787, 39368, 0, 0.481, 34, 88, 0.350170, 1.000000, 11980, 0, 0, 0, 0, 0, 74, 0
1777105748, 3, 0, 817, 815, 9, 7.71%, 0, 0, 2, 5.27, 16, 131, 0, 370, 103787, 39368, 0, 0.481, 34, 88, 0.350587, 1.000000, 12002, 0, 0, 0, 0, 0, 74, 0
1777105753, 3, 0, 817, 815, 9, 7.71%, 0, 0, 2, 5.32, 16, 131, 0, 370, 103787, 39368, 0, 0.481, 34, 88, 0.351118, 1.000000, 12030, 0, 0, 0, 0, 0, 74, 0
1777105758, 3, 0, 817, 815, 9, 7.71%, 0, 0, 2, 5.19, 16, 131, 0, 370, 103787, 39368, 0, 0.481, 34, 88, 0.351553, 1.000000, 12053, 0, 0, 0, 0, 0, 74, 0
1777105763, 3, 0, 817, 815, 9, 7.71%, 0, 0, 2, 5.33, 16, 131, 0, 370, 103787, 39368, 0, 0.481, 34, 88, 0.352101, 1.000000, 12082, 0, 0, 0, 0, 0, 74, 0
1777105768, 3, 0, 817, 815, 9, 7.71%, 0, 0, 2, 5.20, 16, 131, 0, 370, 103787, 39368, 0, 0.481, 34, 88, 0.352554, 1.000000, 12106, 0, 0, 0, 0, 0, 75, 0
1777105774, 3, 0, 817, 815, 9, 7.71%, 0, 0, 2, 1.00, 16, 131, 0, 370, 103787, 39368, 0, 0.481, 34, 88, 0.353063, 1.000000, 12133, 0, 0, 0, 0, 0, 75, 0
1777105779, 3, 0, 817, 815, 9, 7.71%, 0, 0, 2, 3.67, 16, 131, 0, 370, 103787, 39368, 0, 0.481, 34, 88, 0.353552, 1.000000, 12159, 0, 0, 0, 0, 0, 75, 0
1777105785, 3, 0, 817, 815, 9, 7.71%, 0, 0, 2, 4.44, 16, 131, 0, 370, 103787, 39368, 0, 0.481, 34, 88, 0.354003, 1.000000, 12183, 0, 0, 0, 0, 0, 75, 0
1777105790, 3, 0, 817, 815, 9, 7.71%, 0, 0, 2, 5.23, 16, 131, 0, 370, 103787, 39368, 0, 0.481, 34, 88, 0.354547, 1.000000, 12212, 0, 0, 0, 0, 0, 75, 0
1777105795, 3, 0, 817, 815, 9, 7.71%, 0, 0, 2, 5.34, 16, 131, 0, 370, 103787, 39368, 0, 0.481, 34, 88, 0.355033, 1.000000, 12238, 0, 0, 0, 0, 0, 75, 0
1777105800, 3, 0, 817, 815, 9, 7.71%, 0, 0, 2, 5.58, 16, 131, 0, 370, 103787, 39368, 0, 0.481, 34, 88, 0.355594, 1.000000, 12268, 0, 0, 0, 0, 0, 75, 0
1777105805, 3, 0, 817, 815, 9, 7.71%, 0, 0, 2, 5.37, 16, 131, 0, 370, 103787, 39368, 0, 0.481, 34, 88, 0.356061, 1.000000, 12293, 0, 0, 0, 0, 0, 76, 0
1777105810, 3, 0, 817, 815, 9, 7.71%, 0, 0, 2, 5.29, 16, 131, 0, 370, 103787, 39368, 0, 0.481, 34, 88, 0.356564, 1.000000, 12320, 0, 0, 0, 0, 0, 76, 0
1777105815, 3, 0, 817, 815, 9, 7.71%, 0, 0, 2, 5.18, 16, 131, 0, 370, 103787, 39368, 0, 0.481, 34, 88, 0.357011, 1.000000, 12344, 0, 0, 0, 0, 0, 76, 0
1777105821, 3, 0, 817, 815, 9, 7.71%, 0, 0, 2, 5.48, 16, 131, 0, 370, 103787, 39368, 0, 0.481, 34, 88, 0.357568, 1.000000, 12374, 0, 0, 0, 0, 0, 76, 0
1777105826, 3, 0, 817, 815, 9, 7.71%, 0, 0, 2, 5.16, 16, 131, 0, 370, 103787, 39368, 0, 0.481, 34, 88, 0.357958, 1.000000, 12395, 0, 0, 0, 0, 0, 76, 0
1777105831, 3, 0, 818, 816, 9, 7.71%, 0, 0, 2, 5.28, 16, 131, 0, 370, 103787, 39368, 0, 0.481, 34, 88, 0.358310, 1.000000, 12414, 0, 0, 0, 0, 0, 76, 0
1777105836, 3, 0, 818, 816, 9, 7.71%, 0, 0, 2, 5.04, 16, 131, 0, 370, 103787, 39368, 0, 0.481, 34, 88, 0.358754, 1.000000, 12438, 0, 0, 0, 0, 0, 76, 0
1777105841, 3, 0, 818, 816, 9, 7.71%, 0, 0, 2, 5.43, 16, 131, 0, 370, 103787, 39368, 0, 0.481, 34, 88, 0.359290, 1.000000, 12467, 0, 0, 0, 0, 0, 76, 0
1777105846, 3, 0, 818, 816, 9, 7.71%, 0, 0, 2, 5.25, 16, 131, 0, 370, 103787, 39368, 0, 0.481, 34, 88, 0.359751, 1.000000, 12492, 0, 0, 0, 0, 0, 76, 0
1777105852, 3, 0, 818, 816, 9, 7.71%, 0, 0, 2, 5.35, 16, 131, 0, 370, 103787, 39368, 0, 0.481, 34, 88, 0.360267, 1.000000, 12520, 0, 0, 0, 0, 0, 76, 0
1777105857, 3, 0, 818, 816, 9, 7.71%, 0, 0, 2, 6.03, 16, 131, 0, 370, 103787, 39368, 0, 0.481, 34, 88, 0.360727, 1.000000, 12545, 0, 0, 0, 0, 0, 76, 0
1777105862, 3, 0, 818, 816, 9, 7.71%, 0, 0, 2, 5.58, 16, 131, 0, 370, 103787, 39368, 0, 0.481, 34, 88, 0.361223, 1.000000, 12572, 0, 0, 0, 0, 0, 76, 0
1777105867, 3, 0, 818, 816, 9, 7.71%, 0, 0, 2, 4.78, 16, 131, 0, 370, 103787, 39368, 0, 0.481, 34, 88, 0.361626, 1.000000, 12594, 0, 0, 0, 0, 0, 76, 0
1777105872, 3, 0, 818, 816, 9, 7.71%, 0, 0, 2, 5.10, 16, 131, 0, 370, 103787, 39368, 0, 0.481, 34, 88, 0.362121, 1.000000, 12621, 0, 0, 0, 0, 0, 77, 0
1777105878, 3, 0, 818, 816, 9, 7.71%, 0, 0, 2, 5.11, 16, 131, 0, 370, 103787, 39368, 0, 0.481, 34, 88, 0.362578, 1.000000, 12646, 0, 0, 0, 0, 0, 77, 0
1777105883, 3, 0, 818, 816, 9, 7.71%, 0, 0, 2, 5.21, 16, 131, 0, 370, 103787, 39368, 0, 0.481, 34, 88, 0.363089, 1.000000, 12674, 0, 0, 0, 0, 0, 77, 0
1777105888, 3, 0, 818, 816, 9, 7.71%, 0, 0, 2, 5.26, 16, 131, 0, 370, 103787, 39368, 0, 0.481, 34, 88, 0.363563, 1.000000, 12700, 0, 0, 0, 0, 0, 77, 0
1777105893, 3, 0, 818, 816, 9, 7.71%, 0, 0, 2, 5.11, 16, 131, 0, 370, 103787, 39368, 0, 0.481, 34, 88, 0.364019, 1.000000, 12725, 0, 0, 0, 0, 0, 77, 0
1777105898, 3, 0, 818, 816, 9, 7.71%, 0, 0, 2, 5.42, 16, 131, 0, 370, 103787, 39368, 0, 0.481, 34, 88, 0.364528, 1.000000, 12753, 0, 0, 0, 0, 0, 77, 0
1777105904, 3, 0, 818, 816, 9, 7.71%, 0, 0, 2, 0.66, 16, 131, 0, 370, 103787, 39368, 0, 0.481, 34, 88, 0.364927, 1.000000, 12775, 0, 0, 0, 0, 0, 77, 0
1777105909, 3, 0, 818, 816, 9, 7.71%, 0, 0, 2, 5.62, 16, 131, 0, 370, 103787, 39368, 0, 0.481, 34, 88, 0.365453, 1.000000, 12804, 0, 0, 0, 0, 0, 77, 0
1777105914, 3, 0, 818, 816, 9, 7.71%, 0, 0, 2, 5.23, 16, 131, 0, 370, 103787, 39368, 0, 0.481, 34, 88, 0.365887, 1.000000, 12828, 0, 0, 0, 0, 0, 78, 0
1777105919, 3, 0, 818, 816, 9, 7.71%, 0, 0, 2, 5.21, 16, 131, 0, 370, 103787, 39368, 0, 0.481, 34, 88, 0.366375, 1.000000, 12855, 0, 0, 0, 0, 0, 78, 0
1777105924, 3, 0, 818, 816, 9, 7.71%, 0, 0, 2, 5.04, 16, 131, 0, 370, 103787, 39368, 0, 0.481, 34, 88, 0.366826, 1.000000, 12880, 0, 0, 0, 0, 0, 78, 0
1777105930, 3, 0, 818, 816, 9, 7.71%, 0, 0, 2, 5.34, 16, 131, 0, 370, 103787, 39368, 0, 0.481, 34, 88, 0.367367, 1.000000, 12910, 0, 0, 0, 0, 0, 78, 0
1777105935, 3, 0, 818, 816, 9, 7.71%, 0, 0, 2, 5.25, 16, 131, 0, 370, 103787, 39368, 0, 0.481, 34, 88, 0.367798, 1.000000, 12934, 0, 0, 0, 0, 0, 78, 0
1777105940, 3, 0, 819, 817, 9, 7.71%, 0, 0, 2, 5.86, 16, 131, 0, 370, 103787, 39368, 0, 0.481, 34, 88, 0.368212, 1.000000, 12957, 0, 0, 0, 0, 0, 78, 0
1777105945, 3, 0, 819, 817, 9, 7.71%, 0, 0, 2, 4.54, 16, 131, 0, 370, 103787, 39368, 0, 0.481, 34, 88, 0.368588, 1.000000, 12978, 0, 0, 0, 0, 0, 78, 0
1777105950, 3, 0, 819, 817, 9, 7.71%, 0, 0, 2, 4.99, 16, 131, 0, 370, 103787, 39368, 0, 0.481, 34, 88, 0.369072, 1.000000, 13005, 0, 0, 0, 0, 0, 78, 0
1777105955, 3, 0, 819, 817, 9, 7.71%, 0, 0, 2, 5.13, 16, 131, 0, 370, 103787, 39368, 0, 0.481, 34, 88, 0.369502, 1.000000, 13029, 0, 0, 0, 0, 0, 78, 0
1777105961, 3, 0, 819, 817, 9, 7.71%, 0, 0, 2, 5.39, 16, 131, 0, 370, 103787, 39368, 0, 0.481, 34, 88, 0.370020, 1.000000, 13058, 0, 0, 0, 0, 0, 78, 0
1777105966, 3, 0, 819, 817, 9, 7.71%, 0, 0, 2, 5.33, 16, 131, 0, 370, 103787, 39368, 0, 0.481, 34, 88, 0.370484, 1.000000, 13084, 0, 0, 0, 0, 0, 78, 0
1777105971, 3, 0, 819, 817, 9, 7.71%, 0, 0, 2, 5.60, 16, 131, 0, 370, 103787, 39368, 0, 0.481, 34, 88, 0.371018, 1.000000, 13114, 0, 0, 0, 0, 0, 78, 0
1777105976, 3, 0, 819, 817, 9, 7.71%, 0, 0, 2, 6.63, 16, 131, 0, 370, 103787, 39368, 0, 0.481, 34, 88, 0.371445, 1.000000, 13138, 0, 0, 0, 0, 0, 78, 0
1777105983, 3, 0, 819, 817, 9, 7.71%, 0, 0, 2, 0.65, 16, 131, 0, 370, 103787, 39368, 0, 0.481, 34, 88, 0.371960, 1.000000, 13167, 0, 0, 0, 0, 0, 79, 0
1777105988, 3, 0, 819, 817, 9, 7.71%, 0, 0, 2, 5.19, 16, 131, 0, 370, 103787, 39368, 0, 0.481, 34, 88, 0.372474, 1.000000, 13196, 0, 0, 0, 0, 0, 79, 0
1777105993, 3, 0, 819, 817, 9, 7.71%, 0, 0, 2, 4.93, 16, 131, 0, 370, 103787, 39368, 0, 0.482, 34, 90, 0.372899, 1.000000, 13220, 0, 0, 0, 0, 0, 79, 0
1777105998, 3, 0, 820, 818, 9, 7.72%, 0, 0, 2, 5.26, 16, 131, 0, 370, 103787, 39368, 0, 0.482, 34, 90, 0.373340, 0.766607, 13245, 0, 0, 0, 0, 0, 79, 0
1777106004, 3, 0, 821, 819, 9, 7.72%, 0, 0, 2, 5.27, 16, 131, 0, 370, 103787, 39368, 0, 0.482, 34, 90, 0.373605, 1.000000, 13260, 0, 0, 0, 0, 0, 79, 0
1777106009, 3, 0, 821, 819, 9, 7.72%, 0, 0, 2, 5.44, 16, 131, 0, 370, 103787, 39368, 0, 0.482, 34, 90, 0.374099, 1.000000, 13288, 0, 0, 0, 0, 0, 79, 0
1777106014, 3, 0, 821, 819, 9, 7.72%, 0, 0, 2, 5.17, 16, 131, 0, 370, 103787, 39368, 0, 0.482, 34, 90, 0.374522, 1.000000, 13312, 0, 0, 0, 0, 0, 79, 0
1777106019, 3, 0, 821, 819, 9, 7.72%, 0, 0, 2, 5.40, 16, 131, 0, 370, 103787, 39368, 0, 0.482, 34, 90, 0.375032, 1.000000, 13341, 0, 0, 0, 0, 0, 79, 0
1777106024, 3, 0, 822, 820, 9, 7.72%, 0, 0, 2, 5.64, 16, 131, 0, 370, 103787, 39368, 0, 0.482, 34, 90, 0.375313, 0.713711, 13357, 0, 0, 0, 0, 0, 79, 0
1777106030, 3, 0, 822, 820, 9, 7.72%, 0, 0, 2, 5.67, 16, 131, 0, 370, 103787, 39368, 0, 0.482, 34, 90, 0.375786, 1.000000, 13384, 0, 0, 0, 0, 0, 79, 0
1777106035, 3, 0, 822, 820, 9, 7.72%, 0, 0, 2, 5.62, 16, 131, 0, 370, 103787, 39368, 0, 0.482, 34, 90, 0.376277, 1.000000, 13412, 0, 0, 0, 0, 0, 79, 0
1777106040, 3, 0, 823, 821, 9, 7.72%, 0, 0, 2, 5.94, 16, 131, 0, 370, 103787, 39368, 0, 0.482, 34, 90, 0.376661, 1.000000, 13434, 0, 0, 0, 0, 0, 79, 0
1777106045, 3, 0, 823, 821, 9, 7.72%, 0, 0, 2, 5.40, 16, 131, 0, 370, 103787, 39368, 0, 0.482, 34, 90, 0.377080, 1.000000, 13458, 0, 0, 0, 0, 0, 79, 0
1777106051, 3, 0, 823, 821, 9, 7.72%, 0, 0, 2, 1.05, 16, 131, 0, 370, 103787, 39368, 0, 0.482, 34, 90, 0.377551, 1.000000, 13485, 0, 0, 0, 0, 0, 79, 0
1777106056, 3, 0, 823, 821, 9, 7.72%, 0, 0, 2, 5.49, 16, 131, 0, 370, 103787, 39368, 0, 0.482, 34, 90, 0.378021, 1.000000, 13512, 0, 0, 0, 0, 0, 79, 0
1777106061, 3, 0, 823, 821, 9, 7.72%, 0, 0, 2, 0.66, 16, 131, 0, 370, 103787, 39368, 0, 0.482, 34, 90, 0.378421, 1.000000, 13535, 0, 0, 0, 0, 0, 79, 0
1777106067, 3, 0, 823, 821, 9, 7.72%, 0, 0, 2, 5.01, 16, 131, 0, 370, 103787, 39368, 0, 0.482, 34, 90, 0.378890, 1.000000, 13562, 0, 0, 0, 0, 0, 79, 0
1777106072, 3, 0, 823, 821, 9, 7.72%, 0, 0, 2, 5.00, 16, 131, 0, 370, 103787, 39368, 0, 0.482, 34, 90, 0.379324, 1.000000, 13587, 0, 0, 0, 0, 0, 79, 0
1777106077, 3, 0, 823, 821, 9, 7.72%, 0, 0, 2, 5.22, 16, 131, 0, 370, 103787, 39368, 0, 0.482, 34, 90, 0.379791, 1.000000, 13614, 0, 0, 0, 0, 0, 79, 0
1777106082, 3, 0, 823, 821, 9, 7.72%, 0, 0, 2, 5.12, 16, 131, 0, 370, 103787, 39368, 0, 0.482, 34, 90, 0.380206, 1.000000, 13638, 0, 0, 0, 0, 0, 80, 0
1777106087, 3, 0, 823, 821, 9, 7.72%, 0, 0, 2, 5.55, 16, 131, 0, 370, 103787, 39368, 0, 0.482, 34, 90, 0.380724, 1.000000, 13668, 0, 0, 0, 0, 0, 80, 0
1777106092, 3, 0, 823, 821, 9, 7.72%, 0, 0, 2, 1.96, 16, 131, 0, 370, 103787, 39368, 0, 0.482, 34, 90, 0.381121, 1.000000, 13691, 0, 0, 0, 0, 0, 80, 0
1777106098, 3, 0, 823, 821, 9, 7.72%, 0, 0, 2, 4.41, 16, 131, 0, 370, 103787, 39368, 0, 0.482, 34, 90, 0.381620, 1.000000, 13720, 0, 0, 0, 0, 0, 80, 0
1777106103, 3, 0, 823, 821, 9, 7.72%, 0, 0, 2, 4.77, 16, 131, 0, 370, 103787, 39368, 0, 0.482, 34, 90, 0.381981, 1.000000, 13741, 0, 0, 0, 0, 0, 80, 0
1777106108, 3, 0, 823, 821, 9, 7.72%, 0, 0, 2, 5.50, 16, 131, 0, 370, 103787, 39368, 0, 0.482, 34, 90, 0.382513, 1.000000, 13772, 0, 0, 0, 0, 0, 80, 0
1777106113, 3, 0, 823, 821, 9, 7.72%, 0, 0, 2, 5.44, 16, 131, 0, 370, 103787, 39368, 0, 0.482, 34, 90, 0.382959, 1.000000, 13798, 0, 0, 0, 0, 0, 80, 0
1777106118, 3, 0, 823, 821, 9, 7.72%, 0, 0, 2, 5.36, 16, 131, 0, 370, 103787, 39368, 0, 0.482, 34, 90, 0.383438, 1.000000, 13826, 0, 0, 0, 0, 0, 81, 0
1777106123, 3, 0, 823, 821, 9, 7.72%, 0, 0, 2, 5.51, 16, 131, 0, 370, 103787, 39368, 0, 0.482, 34, 90, 0.383882, 1.000000, 13852, 0, 0, 0, 0, 0, 81, 0
1777106129, 3, 0, 823, 821, 9, 7.72%, 0, 0, 2, 5.41, 16, 131, 0, 370, 103787, 39368, 0, 0.482, 34, 90, 0.384360, 1.000000, 13880, 0, 0, 0, 0, 0, 81, 0
1777106134, 3, 0, 823, 821, 9, 7.72%, 0, 0, 2, 5.30, 16, 131, 0, 370, 103787, 39368, 0, 0.482, 34, 90, 0.384786, 1.000000, 13905, 0, 0, 0, 0, 0, 81, 0
1777106139, 3, 0, 823, 821, 9, 7.72%, 0, 0, 2, 5.44, 16, 131, 0, 370, 103787, 39368, 0, 0.482, 34, 90, 0.385279, 1.000000, 13934, 0, 0, 0, 0, 0, 81, 0
1777106144, 3, 0, 823, 821, 9, 7.72%, 0, 0, 2, 5.33, 16, 131, 0, 370, 103787, 39368, 0, 0.482, 34, 90, 0.385636, 1.000000, 13955, 0, 0, 0, 0, 0, 81, 0
1777106149, 3, 0, 823, 821, 9, 7.72%, 0, 0, 2, 5.46, 16, 131, 0, 370, 103787, 39368, 0, 0.482, 34, 90, 0.386128, 1.000000, 13984, 0, 0, 0, 0, 0, 81, 0
1777106155, 3, 0, 823, 821, 9, 7.72%, 0, 0, 2, 5.57, 16, 131, 0, 370, 103787, 39368, 0, 0.482, 34, 90, 0.386568, 1.000000, 14010, 0, 0, 0, 0, 0, 81, 0
1777106160, 3, 0, 823, 821, 9, 7.72%, 0, 0, 2, 5.33, 16, 131, 0, 370, 103787, 39368, 0, 0.482, 34, 90, 0.386991, 1.000000, 14035, 0, 0, 0, 0, 0, 82, 0
1777106165, 3, 0, 823, 821, 9, 7.72%, 0, 0, 2, 5.97, 16, 131, 0, 370, 103787, 39368, 0, 0.482, 34, 90, 0.387514, 1.000000, 14066, 0, 0, 0, 0, 0, 82, 0
1777106170, 3, 0, 823, 821, 9, 7.72%, 0, 0, 2, 6.03, 16, 131, 0, 370, 103787, 39368, 0, 0.482, 34, 90, 0.387919, 1.000000, 14090, 0, 0, 0, 0, 0, 82, 0
1777106175, 3, 0, 823, 821, 9, 7.72%, 0, 0, 2, 5.82, 16, 131, 0, 370, 103787, 39368, 0, 0.482, 34, 90, 0.388391, 1.000000, 14118, 0, 0, 0, 0, 0, 82, 0
1777106180, 3, 0, 823, 821, 9, 7.72%, 0, 0, 2, 5.64, 16, 131, 0, 370, 103787, 39368, 0, 0.482, 34, 90, 0.388777, 1.000000, 14141, 0, 0, 0, 0, 0, 82, 0
1777106185, 3, 0, 823, 821, 9, 7.72%, 0, 0, 2, 5.43, 16, 131, 0, 370, 103787, 39368, 0, 0.482, 34, 90, 0.389248, 1.000000, 14169, 0, 0, 0, 0, 0, 82, 0
1777106190, 3, 0, 823, 821, 9, 7.72%, 0, 0, 2, 5.38, 16, 131, 0, 370, 103787, 39368, 0, 0.483, 34, 91, 0.389667, 1.000000, 14194, 0, 0, 0, 0, 0, 82, 0
1777106195, 3, 0, 823, 821, 9, 7.72%, 0, 0, 2, 5.57, 16, 131, 0, 370, 103787, 39368, 0, 0.483, 34, 91, 0.390152, 1.000000, 14223, 0, 0, 0, 0, 0, 83, 0
1777106201, 3, 0, 823, 821, 9, 7.72%, 0, 0, 2, 5.43, 16, 131, 0, 370, 103787, 39368, 0, 0.483, 34, 91, 0.390570, 1.000000, 14248, 0, 0, 0, 0, 0, 83, 0
1777106206, 3, 0, 823, 821, 9, 7.72%, 0, 0, 2, 5.57, 16, 131, 0, 370, 103787, 39368, 0, 0.483, 34, 91, 0.391038, 1.000000, 14276, 0, 0, 0, 0, 0, 83, 0
1777106211, 3, 0, 823, 821, 9, 7.72%, 0, 0, 2, 3.07, 16, 131, 0, 370, 103787, 39368, 0, 0.483, 34, 91, 0.391438, 1.000000, 14300, 0, 0, 0, 0, 0, 83, 0
1777106216, 3, 0, 823, 821, 9, 7.72%, 0, 0, 2, 4.47, 16, 131, 0, 370, 103787, 39368, 0, 0.483, 34, 91, 0.391904, 1.000000, 14328, 0, 0, 0, 0, 0, 83, 0
1777106221, 3, 0, 823, 821, 9, 7.72%, 0, 0, 2, 5.03, 16, 131, 0, 370, 103787, 39368, 0, 0.483, 34, 91, 0.392253, 1.000000, 14349, 0, 0, 0, 0, 0, 83, 0
1777106226, 3, 0, 823, 821, 9, 7.72%, 0, 0, 2, 5.40, 16, 131, 0, 370, 103787, 39368, 0, 0.483, 34, 91, 0.392751, 1.000000, 14379, 0, 0, 0, 0, 0, 83, 0
1777106232, 3, 0, 823, 821, 9, 7.72%, 0, 0, 2, 5.46, 16, 131, 0, 370, 103787, 39368, 0, 0.483, 34, 91, 0.393182, 1.000000, 14405, 0, 0, 0, 0, 0, 83, 0
1777106237, 3, 0, 823, 821, 9, 7.72%, 0, 0, 2, 5.36, 16, 131, 0, 370, 103787, 39368, 0, 0.483, 34, 91, 0.393678, 1.000000, 14435, 0, 0, 0, 0, 0, 84, 0
1777106243, 3, 0, 823, 821, 9, 7.72%, 0, 0, 2, 5.12, 16, 131, 0, 370, 103787, 39368, 0, 0.483, 34, 91, 0.394124, 1.000000, 14462, 0, 0, 0, 0, 0, 84, 0
1777106248, 3, 0, 823, 821, 9, 7.72%, 0, 0, 2, 5.16, 16, 131, 0, 370, 103787, 39368, 0, 0.483, 34, 91, 0.394520, 1.000000, 14486, 0, 0, 0, 0, 0, 84, 0
1777106253, 3, 0, 823, 821, 9, 7.72%, 0, 0, 2, 5.51, 16, 131, 0, 370, 103787, 39368, 0, 0.483, 34, 91, 0.395015, 1.000000, 14516, 0, 0, 0, 0, 0, 84, 0
1777106258, 3, 0, 823, 821, 9, 7.72%, 0, 0, 2, 5.62, 16, 131, 0, 370, 103787, 39368, 0, 0.483, 34, 91, 0.395360, 1.000000, 14537, 0, 0, 0, 0, 0, 84, 0
1777106263, 3, 0, 823, 821, 9, 7.72%, 0, 0, 2, 5.65, 16, 131, 0, 370, 103787, 39368, 0, 0.483, 34, 91, 0.395837, 1.000000, 14566, 0, 0, 0, 0, 0, 84, 0
1777106268, 3, 0, 823, 821, 9, 7.72%, 0, 0, 2, 5.51, 16, 131, 0, 370, 103787, 39368, 0, 0.483, 34, 91, 0.396263, 1.000000, 14592, 0, 0, 0, 0, 0, 84, 0
1777106274, 3, 0, 823, 821, 9, 7.72%, 0, 0, 2, 5.57, 16, 131, 0, 370, 103787, 39368, 0, 0.483, 34, 91, 0.396755, 1.000000, 14622, 0, 0, 0, 0, 0, 85, 0
1777106279, 3, 0, 823, 821, 9, 7.72%, 0, 0, 2, 5.09, 16, 131, 0, 370, 103787, 39368, 0, 0.483, 34, 91, 0.397147, 1.000000, 14646, 0, 0, 0, 0, 0, 85, 0
1777106284, 3, 0, 823, 821, 9, 7.72%, 0, 0, 2, 5.20, 16, 131, 0, 370, 103787, 39368, 0, 0.483, 34, 91, 0.397605, 1.000000, 14674, 0, 0, 0, 0, 0, 85, 0
1777106289, 3, 0, 823, 821, 9, 7.72%, 0, 0, 2, 5.92, 16, 131, 0, 370, 103787, 39368, 0, 0.481, 36, 94, 0.398029, 1.000000, 14700, 0, 0, 0, 0, 0, 85, 0
1777106294, 3, 0, 823, 821, 9, 7.72%, 0, 0, 2, 5.78, 16, 131, 0, 370, 103787, 39368, 0, 0.481, 36, 94, 0.398485, 1.000000, 14728, 0, 0, 0, 0, 0, 85, 0
1777106300, 3, 0, 823, 821, 9, 7.72%, 0, 0, 2, 5.05, 16, 131, 0, 370, 103787, 39368, 0, 0.481, 36, 94, 0.398843, 1.000000, 14750, 0, 0, 0, 0, 0, 85, 0
1777106305, 3, 0, 823, 821, 9, 7.72%, 0, 0, 2, 5.33, 16, 131, 0, 370, 103787, 39368, 0, 0.481, 36, 94, 0.399297, 1.000000, 14778, 0, 0, 0, 0, 0, 85, 0
1777106310, 3, 0, 823, 821, 9, 7.72%, 0, 0, 2, 5.41, 16, 131, 0, 370, 103787, 39368, 0, 0.481, 36, 94, 0.399719, 1.000000, 14804, 0, 0, 0, 0, 0, 85, 0
1777106315, 3, 0, 823, 821, 9, 7.72%, 0, 0, 2, 5.44, 16, 131, 0, 370, 103787, 39368, 0, 0.481, 36, 94, 0.400173, 1.000000, 14832, 0, 0, 0, 0, 0, 86, 0
1777106320, 3, 0, 823, 821, 9, 7.72%, 0, 0, 2, 5.45, 16, 131, 0, 370, 103787, 39368, 0, 0.481, 36, 94, 0.400593, 1.000000, 14858, 0, 0, 0, 0, 0, 86, 0
1777106326, 3, 0, 823, 821, 9, 7.72%, 0, 0, 2, 1.04, 16, 131, 0, 370, 103787, 39368, 0, 0.481, 36, 94, 0.401029, 1.000000, 14885, 0, 0, 0, 0, 0, 86, 0
1777106331, 3, 0, 823, 821, 9, 7.72%, 0, 0, 2, 3.78, 16, 131, 0, 370, 103787, 39368, 0, 0.481, 36, 94, 0.401465, 1.000000, 14912, 0, 0, 0, 0, 0, 86, 0
1777106337, 3, 0, 823, 821, 9, 7.72%, 0, 0, 2, 0.65, 16, 131, 0, 370, 103787, 39368, 0, 0.481, 36, 94, 0.401835, 1.000000, 14935, 0, 0, 0, 0, 0, 86, 0
1777106342, 3, 0, 823, 821, 9, 7.72%, 0, 0, 2, 5.79, 16, 131, 0, 370, 103787, 39368, 0, 0.481, 36, 94, 0.402333, 1.000000, 14966, 0, 0, 0, 0, 0, 86, 0
1777106347, 3, 0, 823, 821, 9, 7.72%, 0, 0, 2, 5.53, 16, 131, 0, 370, 103787, 39368, 0, 0.481, 36, 94, 0.402751, 1.000000, 14992, 0, 0, 0, 0, 0, 86, 0
1777106352, 3, 0, 823, 821, 9, 7.72%, 0, 0, 2, 5.65, 16, 131, 0, 370, 103787, 39368, 0, 0.481, 36, 94, 0.403232, 1.000000, 15022, 0, 0, 0, 0, 0, 87, 0
1777106358, 3, 0, 823, 821, 9, 7.72%, 0, 0, 2, 5.25, 16, 131, 0, 370, 103787, 39368, 0, 0.481, 36, 94, 0.403632, 1.000000, 15047, 0, 0, 0, 0, 0, 87, 0
1777106363, 3, 0, 823, 821, 9, 7.72%, 0, 0, 2, 5.30, 16, 131, 0, 370, 103787, 39368, 0, 0.481, 36, 94, 0.404064, 1.000000, 15074, 0, 0, 0, 0, 0, 87, 0
1777106368, 3, 0, 823, 821, 9, 7.72%, 0, 0, 2, 5.16, 16, 131, 0, 370, 103787, 39368, 0, 0.481, 36, 94, 0.404447, 1.000000, 15098, 0, 0, 0, 0, 0, 87, 0
1777106373, 3, 0, 823, 821, 9, 7.72%, 0, 0, 2, 5.24, 16, 131, 0, 370, 103787, 39368, 0, 0.481, 36, 94, 0.404893, 1.000000, 15126, 0, 0, 0, 0, 0, 87, 0
1777106378, 3, 0, 823, 821, 9, 7.72%, 0, 0, 2, 5.55, 16, 131, 0, 370, 103787, 39368, 0, 0.481, 36, 94, 0.405212, 1.000000, 15146, 0, 0, 0, 0, 0, 87, 0
1777106383, 3, 0, 823, 821, 9, 7.72%, 0, 0, 2, 5.65, 16, 131, 0, 370, 103787, 39368, 0, 0.481, 36, 94, 0.405689, 1.000000, 15176, 0, 0, 0, 0, 0, 87, 0
1777106389, 3, 0, 824, 822, 9, 7.73%, 0, 0, 2, 5.15, 16, 131, 0, 370, 103787, 39368, 0, 0.480, 40, 97, 0.405943, 0.587686, 15192, 0, 0, 0, 0, 0, 87, 0
1777106394, 3, 0, 824, 822, 9, 7.73%, 0, 0, 2, 5.58, 16, 131, 0, 370, 103787, 39368, 0, 0.480, 40, 97, 0.406419, 1.000000, 15222, 0, 0, 0, 0, 0, 87, 0
1777106399, 3, 0, 824, 822, 9, 7.73%, 0, 0, 2, 5.60, 16, 131, 0, 370, 103787, 39368, 0, 0.480, 40, 97, 0.406830, 1.000000, 15248, 0, 0, 0, 0, 0, 87, 0
1777106405, 3, 0, 824, 822, 9, 7.73%, 0, 0, 2, 1.05, 16, 131, 0, 370, 103787, 39368, 0, 0.480, 40, 97, 0.407289, 1.000000, 15277, 0, 0, 0, 0, 0, 87, 0
1777106410, 3, 0, 824, 822, 9, 7.73%, 0, 0, 2, 6.14, 16, 131, 0, 370, 103787, 39368, 0, 0.480, 40, 97, 0.407778, 1.000000, 15308, 0, 0, 0, 0, 0, 87, 0
1777106415, 3, 0, 824, 822, 9, 7.73%, 0, 0, 2, 5.37, 16, 131, 0, 370, 103787, 39368, 0, 0.480, 40, 97, 0.408094, 1.000000, 15328, 0, 0, 0, 0, 0, 87, 0
1777106420, 3, 0, 824, 822, 9, 7.73%, 0, 0, 2, 5.42, 16, 131, 0, 370, 103787, 39368, 0, 0.480, 40, 97, 0.408535, 1.000000, 15356, 0, 0, 0, 0, 0, 87, 0
1777106425, 3, 0, 825, 823, 9, 7.73%, 0, 0, 2, 5.15, 16, 131, 0, 370, 103787, 39368, 0, 0.480, 40, 97, 0.408865, 0.806954, 15377, 0, 0, 0, 0, 0, 87, 0
1777106430, 3, 0, 825, 823, 9, 7.73%, 0, 0, 2, 5.45, 16, 131, 0, 370, 103787, 39368, 0, 0.480, 40, 97, 0.409226, 1.000000, 15400, 0, 0, 0, 0, 0, 87, 0
1777106435, 3, 0, 825, 823, 9, 7.73%, 0, 0, 2, 5.08, 16, 131, 0, 370, 103787, 39368, 0, 0.480, 40, 97, 0.409603, 1.000000, 15424, 0, 0, 0, 0, 0, 87, 0
1777106440, 3, 0, 825, 823, 9, 7.73%, 0, 0, 2, 5.62, 16, 131, 0, 370, 103787, 39368, 0, 0.480, 40, 97, 0.410073, 1.000000, 15454, 0, 0, 0, 0, 0, 87, 0
1777106446, 3, 0, 825, 823, 9, 7.73%, 0, 0, 2, 5.04, 16, 131, 0, 370, 103787, 39368, 0, 0.480, 40, 97, 0.410448, 1.000000, 15478, 0, 0, 0, 0, 0, 87, 0
1777106451, 3, 0, 825, 823, 9, 7.73%, 0, 0, 2, 5.58, 16, 131, 0, 370, 103787, 39368, 0, 0.480, 40, 97, 0.410917, 1.000000, 15508, 0, 0, 0, 0, 0, 87, 0
1777106456, 3, 0, 825, 823, 9, 7.73%, 0, 0, 2, 4.60, 16, 131, 0, 370, 103787, 39368, 0, 0.480, 40, 97, 0.411260, 1.000000, 15530, 0, 0, 0, 0, 0, 87, 0
