time,subject,fuzzer,run,state_type,state
1776240306,mosquitto-v2.0.18,chatafl_opt,1,nodes,14
1776240306,mosquitto-v2.0.18,chatafl_opt,1,edges,53
1776240311,mosquitto-v2.0.18,chatafl_opt,1,nodes,14
1776240311,mosquitto-v2.0.18,chatafl_opt,1,edges,53
1776240316,mosquitto-v2.0.18,chatafl_opt,1,nodes,14
1776240316,mosquitto-v2.0.18,chatafl_opt,1,edges,53
1776240321,mosquitto-v2.0.18,chatafl_opt,1,nodes,14
1776240321,mosquitto-v2.0.18,chatafl_opt,1,edges,53
1776240326,mosquitto-v2.0.18,chatafl_opt,1,nodes,14
1776240326,mosquitto-v2.0.18,chatafl_opt,1,edges,53
1776240331,mosquitto-v2.0.18,chatafl_opt,1,nodes,15
1776240331,mosquitto-v2.0.18,chatafl_opt,1,edges,55
1776240336,mosquitto-v2.0.18,chatafl_opt,1,nodes,15
1776240336,mosquitto-v2.0.18,chatafl_opt,1,edges,55
1776240341,mosquitto-v2.0.18,chatafl_opt,1,nodes,15
1776240341,mosquitto-v2.0.18,chatafl_opt,1,edges,55
1776240347,mosquitto-v2.0.18,chatafl_opt,1,nodes,15
1776240347,mosquitto-v2.0.18,chatafl_opt,1,edges,55
1776240352,mosquitto-v2.0.18,chatafl_opt,1,nodes,15
1776240352,mosquitto-v2.0.18,chatafl_opt,1,edges,55
1776240357,mosquitto-v2.0.18,chatafl_opt,1,nodes,15
1776240357,mosquitto-v2.0.18,chatafl_opt,1,edges,55
1776240362,mosquitto-v2.0.18,chatafl_opt,1,nodes,15
1776240362,mosquitto-v2.0.18,chatafl_opt,1,edges,57
1776240367,mosquitto-v2.0.18,chatafl_opt,1,nodes,15
1776240367,mosquitto-v2.0.18,chatafl_opt,1,edges,57
1776240372,mosquitto-v2.0.18,chatafl_opt,1,nodes,15
1776240372,mosquitto-v2.0.18,chatafl_opt,1,edges,57
1776240377,mosquitto-v2.0.18,chatafl_opt,1,nodes,15
1776240377,mosquitto-v2.0.18,chatafl_opt,1,edges,57
1776240388,mosquitto-v2.0.18,chatafl_opt,1,nodes,15
1776240388,mosquitto-v2.0.18,chatafl_opt,1,edges,57
1776240393,mosquitto-v2.0.18,chatafl_opt,1,nodes,15
1776240393,mosquitto-v2.0.18,chatafl_opt,1,edges,57
1776240398,mosquitto-v2.0.18,chatafl_opt,1,nodes,15
1776240398,mosquitto-v2.0.18,chatafl_opt,1,edges,57
1776240413,mosquitto-v2.0.18,chatafl_opt,1,nodes,15
1776240413,mosquitto-v2.0.18,chatafl_opt,1,edges,57
1776240418,mosquitto-v2.0.18,chatafl_opt,1,nodes,15
1776240418,mosquitto-v2.0.18,chatafl_opt,1,edges,57
1776240423,mosquitto-v2.0.18,chatafl_opt,1,nodes,15
1776240423,mosquitto-v2.0.18,chatafl_opt,1,edges,57
1776240429,mosquitto-v2.0.18,chatafl_opt,1,nodes,15
1776240429,mosquitto-v2.0.18,chatafl_opt,1,edges,57
1776240439,mosquitto-v2.0.18,chatafl_opt,1,nodes,15
1776240439,mosquitto-v2.0.18,chatafl_opt,1,edges,57
1776240444,mosquitto-v2.0.18,chatafl_opt,1,nodes,15
1776240444,mosquitto-v2.0.18,chatafl_opt,1,edges,57
1776240454,mosquitto-v2.0.18,chatafl_opt,1,nodes,16
1776240454,mosquitto-v2.0.18,chatafl_opt,1,edges,58
1776240459,mosquitto-v2.0.18,chatafl_opt,1,nodes,16
1776240459,mosquitto-v2.0.18,chatafl_opt,1,edges,58
1776240479,mosquitto-v2.0.18,chatafl_opt,1,nodes,16
1776240479,mosquitto-v2.0.18,chatafl_opt,1,edges,58
1776240484,mosquitto-v2.0.18,chatafl_opt,1,nodes,16
1776240484,mosquitto-v2.0.18,chatafl_opt,1,edges,58
1776240500,mosquitto-v2.0.18,chatafl_opt,1,nodes,17
1776240500,mosquitto-v2.0.18,chatafl_opt,1,edges,59
1776240520,mosquitto-v2.0.18,chatafl_opt,1,nodes,17
1776240520,mosquitto-v2.0.18,chatafl_opt,1,edges,59
1776240525,mosquitto-v2.0.18,chatafl_opt,1,nodes,17
1776240525,mosquitto-v2.0.18,chatafl_opt,1,edges,59
1776240541,mosquitto-v2.0.18,chatafl_opt,1,nodes,17
1776240541,mosquitto-v2.0.18,chatafl_opt,1,edges,59
1776240546,mosquitto-v2.0.18,chatafl_opt,1,nodes,17
1776240546,mosquitto-v2.0.18,chatafl_opt,1,edges,59
1776240556,mosquitto-v2.0.18,chatafl_opt,1,nodes,17
1776240556,mosquitto-v2.0.18,chatafl_opt,1,edges,59
1776240582,mosquitto-v2.0.18,chatafl_opt,1,nodes,17
1776240582,mosquitto-v2.0.18,chatafl_opt,1,edges,59
1776240603,mosquitto-v2.0.18,chatafl_opt,1,nodes,17
1776240603,mosquitto-v2.0.18,chatafl_opt,1,edges,59
1776240613,mosquitto-v2.0.18,chatafl_opt,1,nodes,17
1776240613,mosquitto-v2.0.18,chatafl_opt,1,edges,59
1776240623,mosquitto-v2.0.18,chatafl_opt,1,nodes,17
1776240623,mosquitto-v2.0.18,chatafl_opt,1,edges,59
1776240628,mosquitto-v2.0.18,chatafl_opt,1,nodes,17
1776240628,mosquitto-v2.0.18,chatafl_opt,1,edges,59
1776240633,mosquitto-v2.0.18,chatafl_opt,1,nodes,17
1776240633,mosquitto-v2.0.18,chatafl_opt,1,edges,59
1776240659,mosquitto-v2.0.18,chatafl_opt,1,nodes,17
1776240659,mosquitto-v2.0.18,chatafl_opt,1,edges,59
1776240664,mosquitto-v2.0.18,chatafl_opt,1,nodes,17
1776240664,mosquitto-v2.0.18,chatafl_opt,1,edges,59
1776240685,mosquitto-v2.0.18,chatafl_opt,1,nodes,17
1776240685,mosquitto-v2.0.18,chatafl_opt,1,edges,59
1776240695,mosquitto-v2.0.18,chatafl_opt,1,nodes,17
1776240695,mosquitto-v2.0.18,chatafl_opt,1,edges,59
1776240700,mosquitto-v2.0.18,chatafl_opt,1,nodes,17
1776240700,mosquitto-v2.0.18,chatafl_opt,1,edges,59
1776240710,mosquitto-v2.0.18,chatafl_opt,1,nodes,17
1776240710,mosquitto-v2.0.18,chatafl_opt,1,edges,59
1776240721,mosquitto-v2.0.18,chatafl_opt,1,nodes,17
1776240721,mosquitto-v2.0.18,chatafl_opt,1,edges,59
1776240731,mosquitto-v2.0.18,chatafl_opt,1,nodes,17
1776240731,mosquitto-v2.0.18,chatafl_opt,1,edges,59
1776240747,mosquitto-v2.0.18,chatafl_opt,1,nodes,17
1776240747,mosquitto-v2.0.18,chatafl_opt,1,edges,59
1776240757,mosquitto-v2.0.18,chatafl_opt,1,nodes,17
1776240757,mosquitto-v2.0.18,chatafl_opt,1,edges,59
1776240762,mosquitto-v2.0.18,chatafl_opt,1,nodes,17
1776240762,mosquitto-v2.0.18,chatafl_opt,1,edges,59
1776240767,mosquitto-v2.0.18,chatafl_opt,1,nodes,17
1776240767,mosquitto-v2.0.18,chatafl_opt,1,edges,59
1776240777,mosquitto-v2.0.18,chatafl_opt,1,nodes,17
1776240777,mosquitto-v2.0.18,chatafl_opt,1,edges,59
1776240788,mosquitto-v2.0.18,chatafl_opt,1,nodes,17
1776240788,mosquitto-v2.0.18,chatafl_opt,1,edges,59
1776240793,mosquitto-v2.0.18,chatafl_opt,1,nodes,17
1776240793,mosquitto-v2.0.18,chatafl_opt,1,edges,59
1776240798,mosquitto-v2.0.18,chatafl_opt,1,nodes,17
1776240798,mosquitto-v2.0.18,chatafl_opt,1,edges,59
1776240808,mosquitto-v2.0.18,chatafl_opt,1,nodes,17
1776240808,mosquitto-v2.0.18,chatafl_opt,1,edges,59
1776240818,mosquitto-v2.0.18,chatafl_opt,1,nodes,17
1776240818,mosquitto-v2.0.18,chatafl_opt,1,edges,59
1776240834,mosquitto-v2.0.18,chatafl_opt,1,nodes,17
1776240834,mosquitto-v2.0.18,chatafl_opt,1,edges,59
1776240839,mosquitto-v2.0.18,chatafl_opt,1,nodes,17
1776240839,mosquitto-v2.0.18,chatafl_opt,1,edges,59
1776240849,mosquitto-v2.0.18,chatafl_opt,1,nodes,17
1776240849,mosquitto-v2.0.18,chatafl_opt,1,edges,59
1776240854,mosquitto-v2.0.18,chatafl_opt,1,nodes,17
1776240854,mosquitto-v2.0.18,chatafl_opt,1,edges,59
1776240865,mosquitto-v2.0.18,chatafl_opt,1,nodes,17
1776240865,mosquitto-v2.0.18,chatafl_opt,1,edges,59
1776240880,mosquitto-v2.0.18,chatafl_opt,1,nodes,17
1776240880,mosquitto-v2.0.18,chatafl_opt,1,edges,59
1776240885,mosquitto-v2.0.18,chatafl_opt,1,nodes,17
1776240885,mosquitto-v2.0.18,chatafl_opt,1,edges,59
1776240891,mosquitto-v2.0.18,chatafl_opt,1,nodes,17
1776240891,mosquitto-v2.0.18,chatafl_opt,1,edges,59
1776240896,mosquitto-v2.0.18,chatafl_opt,1,nodes,17
1776240896,mosquitto-v2.0.18,chatafl_opt,1,edges,59
1776240901,mosquitto-v2.0.18,chatafl_opt,1,nodes,17
1776240901,mosquitto-v2.0.18,chatafl_opt,1,edges,59
1776240906,mosquitto-v2.0.18,chatafl_opt,1,nodes,17
1776240906,mosquitto-v2.0.18,chatafl_opt,1,edges,59
1776240937,mosquitto-v2.0.18,chatafl_opt,1,nodes,17
1776240937,mosquitto-v2.0.18,chatafl_opt,1,edges,59
1776240942,mosquitto-v2.0.18,chatafl_opt,1,nodes,17
1776240942,mosquitto-v2.0.18,chatafl_opt,1,edges,59
1776240947,mosquitto-v2.0.18,chatafl_opt,1,nodes,17
1776240947,mosquitto-v2.0.18,chatafl_opt,1,edges,59
1776240952,mosquitto-v2.0.18,chatafl_opt,1,nodes,17
1776240952,mosquitto-v2.0.18,chatafl_opt,1,edges,59
1776240957,mosquitto-v2.0.18,chatafl_opt,1,nodes,17
1776240957,mosquitto-v2.0.18,chatafl_opt,1,edges,59
1776240962,mosquitto-v2.0.18,chatafl_opt,1,nodes,17
1776240962,mosquitto-v2.0.18,chatafl_opt,1,edges,59
1776240973,mosquitto-v2.0.18,chatafl_opt,1,nodes,17
1776240973,mosquitto-v2.0.18,chatafl_opt,1,edges,59
1776240983,mosquitto-v2.0.18,chatafl_opt,1,nodes,17
1776240983,mosquitto-v2.0.18,chatafl_opt,1,edges,59
1776240993,mosquitto-v2.0.18,chatafl_opt,1,nodes,17
1776240993,mosquitto-v2.0.18,chatafl_opt,1,edges,59
1776241003,mosquitto-v2.0.18,chatafl_opt,1,nodes,17
1776241003,mosquitto-v2.0.18,chatafl_opt,1,edges,59
1776241008,mosquitto-v2.0.18,chatafl_opt,1,nodes,17
1776241008,mosquitto-v2.0.18,chatafl_opt,1,edges,59
1776241029,mosquitto-v2.0.18,chatafl_opt,1,nodes,17
1776241029,mosquitto-v2.0.18,chatafl_opt,1,edges,59
1776241039,mosquitto-v2.0.18,chatafl_opt,1,nodes,17
1776241039,mosquitto-v2.0.18,chatafl_opt,1,edges,59
1776241049,mosquitto-v2.0.18,chatafl_opt,1,nodes,17
1776241049,mosquitto-v2.0.18,chatafl_opt,1,edges,59
1776241055,mosquitto-v2.0.18,chatafl_opt,1,nodes,17
1776241055,mosquitto-v2.0.18,chatafl_opt,1,edges,59
1776241065,mosquitto-v2.0.18,chatafl_opt,1,nodes,17
1776241065,mosquitto-v2.0.18,chatafl_opt,1,edges,59
1776241075,mosquitto-v2.0.18,chatafl_opt,1,nodes,17
1776241075,mosquitto-v2.0.18,chatafl_opt,1,edges,59
1776241080,mosquitto-v2.0.18,chatafl_opt,1,nodes,17
1776241080,mosquitto-v2.0.18,chatafl_opt,1,edges,59
1776241085,mosquitto-v2.0.18,chatafl_opt,1,nodes,17
1776241085,mosquitto-v2.0.18,chatafl_opt,1,edges,59
1776241090,mosquitto-v2.0.18,chatafl_opt,1,nodes,17
1776241090,mosquitto-v2.0.18,chatafl_opt,1,edges,59
1776241095,mosquitto-v2.0.18,chatafl_opt,1,nodes,17
1776241095,mosquitto-v2.0.18,chatafl_opt,1,edges,59
1776241100,mosquitto-v2.0.18,chatafl_opt,1,nodes,17
1776241100,mosquitto-v2.0.18,chatafl_opt,1,edges,59
1776241105,mosquitto-v2.0.18,chatafl_opt,1,nodes,17
1776241105,mosquitto-v2.0.18,chatafl_opt,1,edges,59
1776241110,mosquitto-v2.0.18,chatafl_opt,1,nodes,17
1776241110,mosquitto-v2.0.18,chatafl_opt,1,edges,59
1776241116,mosquitto-v2.0.18,chatafl_opt,1,nodes,17
1776241116,mosquitto-v2.0.18,chatafl_opt,1,edges,59
1776241121,mosquitto-v2.0.18,chatafl_opt,1,nodes,17
1776241121,mosquitto-v2.0.18,chatafl_opt,1,edges,59
1776241126,mosquitto-v2.0.18,chatafl_opt,1,nodes,17
1776241126,mosquitto-v2.0.18,chatafl_opt,1,edges,59
1776241131,mosquitto-v2.0.18,chatafl_opt,1,nodes,17
1776241131,mosquitto-v2.0.18,chatafl_opt,1,edges,59
1776241136,mosquitto-v2.0.18,chatafl_opt,1,nodes,17
1776241136,mosquitto-v2.0.18,chatafl_opt,1,edges,59
1776241141,mosquitto-v2.0.18,chatafl_opt,1,nodes,17
1776241141,mosquitto-v2.0.18,chatafl_opt,1,edges,59
1776241146,mosquitto-v2.0.18,chatafl_opt,1,nodes,17
1776241146,mosquitto-v2.0.18,chatafl_opt,1,edges,59
1776241151,mosquitto-v2.0.18,chatafl_opt,1,nodes,17
1776241151,mosquitto-v2.0.18,chatafl_opt,1,edges,59
1776241156,mosquitto-v2.0.18,chatafl_opt,1,nodes,17
1776241156,mosquitto-v2.0.18,chatafl_opt,1,edges,59
1776241162,mosquitto-v2.0.18,chatafl_opt,1,nodes,17
1776241162,mosquitto-v2.0.18,chatafl_opt,1,edges,59
1776241167,mosquitto-v2.0.18,chatafl_opt,1,nodes,17
1776241167,mosquitto-v2.0.18,chatafl_opt,1,edges,59
1776241172,mosquitto-v2.0.18,chatafl_opt,1,nodes,17
1776241172,mosquitto-v2.0.18,chatafl_opt,1,edges,59
1776241177,mosquitto-v2.0.18,chatafl_opt,1,nodes,17
1776241177,mosquitto-v2.0.18,chatafl_opt,1,edges,59
1776241182,mosquitto-v2.0.18,chatafl_opt,1,nodes,17
1776241182,mosquitto-v2.0.18,chatafl_opt,1,edges,59
1776241187,mosquitto-v2.0.18,chatafl_opt,1,nodes,17
1776241187,mosquitto-v2.0.18,chatafl_opt,1,edges,59
1776241192,mosquitto-v2.0.18,chatafl_opt,1,nodes,17
1776241192,mosquitto-v2.0.18,chatafl_opt,1,edges,59
1776241197,mosquitto-v2.0.18,chatafl_opt,1,nodes,17
1776241197,mosquitto-v2.0.18,chatafl_opt,1,edges,59
1776241203,mosquitto-v2.0.18,chatafl_opt,1,nodes,17
1776241203,mosquitto-v2.0.18,chatafl_opt,1,edges,59
1776241208,mosquitto-v2.0.18,chatafl_opt,1,nodes,17
1776241208,mosquitto-v2.0.18,chatafl_opt,1,edges,59
1776241213,mosquitto-v2.0.18,chatafl_opt,1,nodes,17
1776241213,mosquitto-v2.0.18,chatafl_opt,1,edges,59
1776241218,mosquitto-v2.0.18,chatafl_opt,1,nodes,17
1776241218,mosquitto-v2.0.18,chatafl_opt,1,edges,59
1776241223,mosquitto-v2.0.18,chatafl_opt,1,nodes,17
1776241223,mosquitto-v2.0.18,chatafl_opt,1,edges,59
1776241228,mosquitto-v2.0.18,chatafl_opt,1,nodes,17
1776241228,mosquitto-v2.0.18,chatafl_opt,1,edges,59
1776241233,mosquitto-v2.0.18,chatafl_opt,1,nodes,17
1776241233,mosquitto-v2.0.18,chatafl_opt,1,edges,59
1776241239,mosquitto-v2.0.18,chatafl_opt,1,nodes,17
1776241239,mosquitto-v2.0.18,chatafl_opt,1,edges,59
1776241244,mosquitto-v2.0.18,chatafl_opt,1,nodes,17
1776241244,mosquitto-v2.0.18,chatafl_opt,1,edges,59
1776241249,mosquitto-v2.0.18,chatafl_opt,1,nodes,17
1776241249,mosquitto-v2.0.18,chatafl_opt,1,edges,59
1776241254,mosquitto-v2.0.18,chatafl_opt,1,nodes,17
1776241254,mosquitto-v2.0.18,chatafl_opt,1,edges,59
1776241259,mosquitto-v2.0.18,chatafl_opt,1,nodes,17
1776241259,mosquitto-v2.0.18,chatafl_opt,1,edges,59
1776241264,mosquitto-v2.0.18,chatafl_opt,1,nodes,17
1776241264,mosquitto-v2.0.18,chatafl_opt,1,edges,59
1776241269,mosquitto-v2.0.18,chatafl_opt,1,nodes,17
1776241269,mosquitto-v2.0.18,chatafl_opt,1,edges,59
1776241274,mosquitto-v2.0.18,chatafl_opt,1,nodes,17
1776241274,mosquitto-v2.0.18,chatafl_opt,1,edges,59
1776241280,mosquitto-v2.0.18,chatafl_opt,1,nodes,17
1776241280,mosquitto-v2.0.18,chatafl_opt,1,edges,59
1776241285,mosquitto-v2.0.18,chatafl_opt,1,nodes,17
1776241285,mosquitto-v2.0.18,chatafl_opt,1,edges,59
1776241290,mosquitto-v2.0.18,chatafl_opt,1,nodes,17
1776241290,mosquitto-v2.0.18,chatafl_opt,1,edges,59
1776241295,mosquitto-v2.0.18,chatafl_opt,1,nodes,17
1776241295,mosquitto-v2.0.18,chatafl_opt,1,edges,59
1776241300,mosquitto-v2.0.18,chatafl_opt,1,nodes,17
1776241300,mosquitto-v2.0.18,chatafl_opt,1,edges,59
1776241305,mosquitto-v2.0.18,chatafl_opt,1,nodes,17
1776241305,mosquitto-v2.0.18,chatafl_opt,1,edges,59
1776241310,mosquitto-v2.0.18,chatafl_opt,1,nodes,17
1776241310,mosquitto-v2.0.18,chatafl_opt,1,edges,59
1776241316,mosquitto-v2.0.18,chatafl_opt,1,nodes,17
1776241316,mosquitto-v2.0.18,chatafl_opt,1,edges,59
1776241321,mosquitto-v2.0.18,chatafl_opt,1,nodes,17
1776241321,mosquitto-v2.0.18,chatafl_opt,1,edges,59
1776241326,mosquitto-v2.0.18,chatafl_opt,1,nodes,17
1776241326,mosquitto-v2.0.18,chatafl_opt,1,edges,59
1776241331,mosquitto-v2.0.18,chatafl_opt,1,nodes,17
1776241331,mosquitto-v2.0.18,chatafl_opt,1,edges,59
1776241336,mosquitto-v2.0.18,chatafl_opt,1,nodes,17
1776241336,mosquitto-v2.0.18,chatafl_opt,1,edges,59
1776241341,mosquitto-v2.0.18,chatafl_opt,1,nodes,17
1776241341,mosquitto-v2.0.18,chatafl_opt,1,edges,59
1776241350,mosquitto-v2.0.18,chatafl_opt,1,nodes,17
1776241350,mosquitto-v2.0.18,chatafl_opt,1,edges,59
1776241355,mosquitto-v2.0.18,chatafl_opt,1,nodes,17
1776241355,mosquitto-v2.0.18,chatafl_opt,1,edges,59
1776241360,mosquitto-v2.0.18,chatafl_opt,1,nodes,17
1776241360,mosquitto-v2.0.18,chatafl_opt,1,edges,59
1776241365,mosquitto-v2.0.18,chatafl_opt,1,nodes,17
1776241365,mosquitto-v2.0.18,chatafl_opt,1,edges,59
1776241370,mosquitto-v2.0.18,chatafl_opt,1,nodes,17
1776241370,mosquitto-v2.0.18,chatafl_opt,1,edges,59
1776241375,mosquitto-v2.0.18,chatafl_opt,1,nodes,17
1776241375,mosquitto-v2.0.18,chatafl_opt,1,edges,59
1776241380,mosquitto-v2.0.18,chatafl_opt,1,nodes,17
1776241380,mosquitto-v2.0.18,chatafl_opt,1,edges,59
1776241385,mosquitto-v2.0.18,chatafl_opt,1,nodes,17
1776241385,mosquitto-v2.0.18,chatafl_opt,1,edges,59
1776241391,mosquitto-v2.0.18,chatafl_opt,1,nodes,17
1776241391,mosquitto-v2.0.18,chatafl_opt,1,edges,59
1776241396,mosquitto-v2.0.18,chatafl_opt,1,nodes,17
1776241396,mosquitto-v2.0.18,chatafl_opt,1,edges,59
1776241401,mosquitto-v2.0.18,chatafl_opt,1,nodes,17
1776241401,mosquitto-v2.0.18,chatafl_opt,1,edges,59
1776241406,mosquitto-v2.0.18,chatafl_opt,1,nodes,17
1776241406,mosquitto-v2.0.18,chatafl_opt,1,edges,59
1776241411,mosquitto-v2.0.18,chatafl_opt,1,nodes,17
1776241411,mosquitto-v2.0.18,chatafl_opt,1,edges,59
1776241417,mosquitto-v2.0.18,chatafl_opt,1,nodes,17
1776241417,mosquitto-v2.0.18,chatafl_opt,1,edges,59
1776241422,mosquitto-v2.0.18,chatafl_opt,1,nodes,17
1776241422,mosquitto-v2.0.18,chatafl_opt,1,edges,59
1776241427,mosquitto-v2.0.18,chatafl_opt,1,nodes,17
1776241427,mosquitto-v2.0.18,chatafl_opt,1,edges,59
1776241432,mosquitto-v2.0.18,chatafl_opt,1,nodes,17
1776241432,mosquitto-v2.0.18,chatafl_opt,1,edges,59
1776241437,mosquitto-v2.0.18,chatafl_opt,1,nodes,17
1776241437,mosquitto-v2.0.18,chatafl_opt,1,edges,59
1776241442,mosquitto-v2.0.18,chatafl_opt,1,nodes,17
1776241442,mosquitto-v2.0.18,chatafl_opt,1,edges,59
1776241447,mosquitto-v2.0.18,chatafl_opt,1,nodes,17
1776241447,mosquitto-v2.0.18,chatafl_opt,1,edges,59
1776241453,mosquitto-v2.0.18,chatafl_opt,1,nodes,17
1776241453,mosquitto-v2.0.18,chatafl_opt,1,edges,59
1776241458,mosquitto-v2.0.18,chatafl_opt,1,nodes,17
1776241458,mosquitto-v2.0.18,chatafl_opt,1,edges,59
1776241463,mosquitto-v2.0.18,chatafl_opt,1,nodes,17
1776241463,mosquitto-v2.0.18,chatafl_opt,1,edges,59
1776241468,mosquitto-v2.0.18,chatafl_opt,1,nodes,17
1776241468,mosquitto-v2.0.18,chatafl_opt,1,edges,59
1776241473,mosquitto-v2.0.18,chatafl_opt,1,nodes,17
1776241473,mosquitto-v2.0.18,chatafl_opt,1,edges,59
1776241478,mosquitto-v2.0.18,chatafl_opt,1,nodes,17
1776241478,mosquitto-v2.0.18,chatafl_opt,1,edges,59
1776241484,mosquitto-v2.0.18,chatafl_opt,1,nodes,17
1776241484,mosquitto-v2.0.18,chatafl_opt,1,edges,59
1776241489,mosquitto-v2.0.18,chatafl_opt,1,nodes,17
1776241489,mosquitto-v2.0.18,chatafl_opt,1,edges,59
1776241494,mosquitto-v2.0.18,chatafl_opt,1,nodes,17
1776241494,mosquitto-v2.0.18,chatafl_opt,1,edges,59
1776241499,mosquitto-v2.0.18,chatafl_opt,1,nodes,17
1776241499,mosquitto-v2.0.18,chatafl_opt,1,edges,59
1776241504,mosquitto-v2.0.18,chatafl_opt,1,nodes,17
1776241504,mosquitto-v2.0.18,chatafl_opt,1,edges,59
1776241509,mosquitto-v2.0.18,chatafl_opt,1,nodes,17
1776241509,mosquitto-v2.0.18,chatafl_opt,1,edges,59
1776241514,mosquitto-v2.0.18,chatafl_opt,1,nodes,17
1776241514,mosquitto-v2.0.18,chatafl_opt,1,edges,59
1776241520,mosquitto-v2.0.18,chatafl_opt,1,nodes,17
1776241520,mosquitto-v2.0.18,chatafl_opt,1,edges,59
1776241525,mosquitto-v2.0.18,chatafl_opt,1,nodes,17
1776241525,mosquitto-v2.0.18,chatafl_opt,1,edges,59
1776241530,mosquitto-v2.0.18,chatafl_opt,1,nodes,17
1776241530,mosquitto-v2.0.18,chatafl_opt,1,edges,59
1776241535,mosquitto-v2.0.18,chatafl_opt,1,nodes,17
1776241535,mosquitto-v2.0.18,chatafl_opt,1,edges,59
1776241540,mosquitto-v2.0.18,chatafl_opt,1,nodes,17
1776241540,mosquitto-v2.0.18,chatafl_opt,1,edges,59
1776241545,mosquitto-v2.0.18,chatafl_opt,1,nodes,17
1776241545,mosquitto-v2.0.18,chatafl_opt,1,edges,59
1776241551,mosquitto-v2.0.18,chatafl_opt,1,nodes,17
1776241551,mosquitto-v2.0.18,chatafl_opt,1,edges,59
1776241556,mosquitto-v2.0.18,chatafl_opt,1,nodes,17
1776241556,mosquitto-v2.0.18,chatafl_opt,1,edges,59
1776241561,mosquitto-v2.0.18,chatafl_opt,1,nodes,17
1776241561,mosquitto-v2.0.18,chatafl_opt,1,edges,59
1776241566,mosquitto-v2.0.18,chatafl_opt,1,nodes,17
1776241566,mosquitto-v2.0.18,chatafl_opt,1,edges,59
1776241571,mosquitto-v2.0.18,chatafl_opt,1,nodes,17
1776241571,mosquitto-v2.0.18,chatafl_opt,1,edges,59
1776241576,mosquitto-v2.0.18,chatafl_opt,1,nodes,17
1776241576,mosquitto-v2.0.18,chatafl_opt,1,edges,59
1776241581,mosquitto-v2.0.18,chatafl_opt,1,nodes,17
1776241581,mosquitto-v2.0.18,chatafl_opt,1,edges,59
1776241586,mosquitto-v2.0.18,chatafl_opt,1,nodes,17
1776241586,mosquitto-v2.0.18,chatafl_opt,1,edges,59
1776241592,mosquitto-v2.0.18,chatafl_opt,1,nodes,17
1776241592,mosquitto-v2.0.18,chatafl_opt,1,edges,59
1776241597,mosquitto-v2.0.18,chatafl_opt,1,nodes,17
1776241597,mosquitto-v2.0.18,chatafl_opt,1,edges,59
1776241602,mosquitto-v2.0.18,chatafl_opt,1,nodes,17
1776241602,mosquitto-v2.0.18,chatafl_opt,1,edges,59
1776241607,mosquitto-v2.0.18,chatafl_opt,1,nodes,17
1776241607,mosquitto-v2.0.18,chatafl_opt,1,edges,59
1776241612,mosquitto-v2.0.18,chatafl_opt,1,nodes,17
1776241612,mosquitto-v2.0.18,chatafl_opt,1,edges,59
1776241617,mosquitto-v2.0.18,chatafl_opt,1,nodes,17
1776241617,mosquitto-v2.0.18,chatafl_opt,1,edges,59
1776241623,mosquitto-v2.0.18,chatafl_opt,1,nodes,17
1776241623,mosquitto-v2.0.18,chatafl_opt,1,edges,59
1776241628,mosquitto-v2.0.18,chatafl_opt,1,nodes,17
1776241628,mosquitto-v2.0.18,chatafl_opt,1,edges,59
1776241633,mosquitto-v2.0.18,chatafl_opt,1,nodes,17
1776241633,mosquitto-v2.0.18,chatafl_opt,1,edges,59
1776241638,mosquitto-v2.0.18,chatafl_opt,1,nodes,17
1776241638,mosquitto-v2.0.18,chatafl_opt,1,edges,59
1776241643,mosquitto-v2.0.18,chatafl_opt,1,nodes,17
1776241643,mosquitto-v2.0.18,chatafl_opt,1,edges,59
1776241648,mosquitto-v2.0.18,chatafl_opt,1,nodes,17
1776241648,mosquitto-v2.0.18,chatafl_opt,1,edges,59
1776241653,mosquitto-v2.0.18,chatafl_opt,1,nodes,17
1776241653,mosquitto-v2.0.18,chatafl_opt,1,edges,59
1776241659,mosquitto-v2.0.18,chatafl_opt,1,nodes,17
1776241659,mosquitto-v2.0.18,chatafl_opt,1,edges,59
1776241664,mosquitto-v2.0.18,chatafl_opt,1,nodes,17
1776241664,mosquitto-v2.0.18,chatafl_opt,1,edges,59
1776241669,mosquitto-v2.0.18,chatafl_opt,1,nodes,17
1776241669,mosquitto-v2.0.18,chatafl_opt,1,edges,59
1776241674,mosquitto-v2.0.18,chatafl_opt,1,nodes,17
1776241674,mosquitto-v2.0.18,chatafl_opt,1,edges,59
1776241679,mosquitto-v2.0.18,chatafl_opt,1,nodes,17
1776241679,mosquitto-v2.0.18,chatafl_opt,1,edges,59
1776241684,mosquitto-v2.0.18,chatafl_opt,1,nodes,17
1776241684,mosquitto-v2.0.18,chatafl_opt,1,edges,59
1776241689,mosquitto-v2.0.18,chatafl_opt,1,nodes,17
1776241689,mosquitto-v2.0.18,chatafl_opt,1,edges,59
1776241694,mosquitto-v2.0.18,chatafl_opt,1,nodes,17
1776241694,mosquitto-v2.0.18,chatafl_opt,1,edges,59
1776241700,mosquitto-v2.0.18,chatafl_opt,1,nodes,17
1776241700,mosquitto-v2.0.18,chatafl_opt,1,edges,60
1776241705,mosquitto-v2.0.18,chatafl_opt,1,nodes,17
1776241705,mosquitto-v2.0.18,chatafl_opt,1,edges,60
1776241710,mosquitto-v2.0.18,chatafl_opt,1,nodes,17
1776241710,mosquitto-v2.0.18,chatafl_opt,1,edges,60
1776241715,mosquitto-v2.0.18,chatafl_opt,1,nodes,17
1776241715,mosquitto-v2.0.18,chatafl_opt,1,edges,60
1776241720,mosquitto-v2.0.18,chatafl_opt,1,nodes,17
1776241720,mosquitto-v2.0.18,chatafl_opt,1,edges,60
1776241725,mosquitto-v2.0.18,chatafl_opt,1,nodes,17
1776241725,mosquitto-v2.0.18,chatafl_opt,1,edges,60
1776241731,mosquitto-v2.0.18,chatafl_opt,1,nodes,17
1776241731,mosquitto-v2.0.18,chatafl_opt,1,edges,60
1776241736,mosquitto-v2.0.18,chatafl_opt,1,nodes,17
1776241736,mosquitto-v2.0.18,chatafl_opt,1,edges,60
1776241741,mosquitto-v2.0.18,chatafl_opt,1,nodes,17
1776241741,mosquitto-v2.0.18,chatafl_opt,1,edges,60
1776241746,mosquitto-v2.0.18,chatafl_opt,1,nodes,17
1776241746,mosquitto-v2.0.18,chatafl_opt,1,edges,60
1776241751,mosquitto-v2.0.18,chatafl_opt,1,nodes,17
1776241751,mosquitto-v2.0.18,chatafl_opt,1,edges,60
1776241756,mosquitto-v2.0.18,chatafl_opt,1,nodes,17
1776241756,mosquitto-v2.0.18,chatafl_opt,1,edges,60
1776241761,mosquitto-v2.0.18,chatafl_opt,1,nodes,17
1776241761,mosquitto-v2.0.18,chatafl_opt,1,edges,60
1776241766,mosquitto-v2.0.18,chatafl_opt,1,nodes,17
1776241766,mosquitto-v2.0.18,chatafl_opt,1,edges,60
1776241772,mosquitto-v2.0.18,chatafl_opt,1,nodes,17
1776241772,mosquitto-v2.0.18,chatafl_opt,1,edges,60
1776241777,mosquitto-v2.0.18,chatafl_opt,1,nodes,17
1776241777,mosquitto-v2.0.18,chatafl_opt,1,edges,60
1776241782,mosquitto-v2.0.18,chatafl_opt,1,nodes,17
1776241782,mosquitto-v2.0.18,chatafl_opt,1,edges,60
1776241787,mosquitto-v2.0.18,chatafl_opt,1,nodes,17
1776241787,mosquitto-v2.0.18,chatafl_opt,1,edges,60
1776241792,mosquitto-v2.0.18,chatafl_opt,1,nodes,17
1776241792,mosquitto-v2.0.18,chatafl_opt,1,edges,60
1776241797,mosquitto-v2.0.18,chatafl_opt,1,nodes,17
1776241797,mosquitto-v2.0.18,chatafl_opt,1,edges,60
1776241802,mosquitto-v2.0.18,chatafl_opt,1,nodes,17
1776241802,mosquitto-v2.0.18,chatafl_opt,1,edges,60
1776241807,mosquitto-v2.0.18,chatafl_opt,1,nodes,17
1776241807,mosquitto-v2.0.18,chatafl_opt,1,edges,60
1776241812,mosquitto-v2.0.18,chatafl_opt,1,nodes,17
1776241812,mosquitto-v2.0.18,chatafl_opt,1,edges,60
1776241817,mosquitto-v2.0.18,chatafl_opt,1,nodes,17
1776241817,mosquitto-v2.0.18,chatafl_opt,1,edges,60
1776241823,mosquitto-v2.0.18,chatafl_opt,1,nodes,17
1776241823,mosquitto-v2.0.18,chatafl_opt,1,edges,60
1776241828,mosquitto-v2.0.18,chatafl_opt,1,nodes,17
1776241828,mosquitto-v2.0.18,chatafl_opt,1,edges,60
1776241833,mosquitto-v2.0.18,chatafl_opt,1,nodes,17
1776241833,mosquitto-v2.0.18,chatafl_opt,1,edges,60
1776241838,mosquitto-v2.0.18,chatafl_opt,1,nodes,17
1776241838,mosquitto-v2.0.18,chatafl_opt,1,edges,60
1776241843,mosquitto-v2.0.18,chatafl_opt,1,nodes,17
1776241843,mosquitto-v2.0.18,chatafl_opt,1,edges,60
1776241849,mosquitto-v2.0.18,chatafl_opt,1,nodes,17
1776241849,mosquitto-v2.0.18,chatafl_opt,1,edges,60
1776241854,mosquitto-v2.0.18,chatafl_opt,1,nodes,17
1776241854,mosquitto-v2.0.18,chatafl_opt,1,edges,60
1776241859,mosquitto-v2.0.18,chatafl_opt,1,nodes,17
1776241859,mosquitto-v2.0.18,chatafl_opt,1,edges,60
1776241864,mosquitto-v2.0.18,chatafl_opt,1,nodes,17
1776241864,mosquitto-v2.0.18,chatafl_opt,1,edges,60
1776241869,mosquitto-v2.0.18,chatafl_opt,1,nodes,17
1776241869,mosquitto-v2.0.18,chatafl_opt,1,edges,60
1776241874,mosquitto-v2.0.18,chatafl_opt,1,nodes,17
1776241874,mosquitto-v2.0.18,chatafl_opt,1,edges,60
1776241880,mosquitto-v2.0.18,chatafl_opt,1,nodes,17
1776241880,mosquitto-v2.0.18,chatafl_opt,1,edges,60
1776241885,mosquitto-v2.0.18,chatafl_opt,1,nodes,17
1776241885,mosquitto-v2.0.18,chatafl_opt,1,edges,60
1776241890,mosquitto-v2.0.18,chatafl_opt,1,nodes,17
1776241890,mosquitto-v2.0.18,chatafl_opt,1,edges,60
1776241895,mosquitto-v2.0.18,chatafl_opt,1,nodes,17
1776241895,mosquitto-v2.0.18,chatafl_opt,1,edges,62
1776241900,mosquitto-v2.0.18,chatafl_opt,1,nodes,17
1776241900,mosquitto-v2.0.18,chatafl_opt,1,edges,62
1776241906,mosquitto-v2.0.18,chatafl_opt,1,nodes,17
1776241906,mosquitto-v2.0.18,chatafl_opt,1,edges,62
1776241911,mosquitto-v2.0.18,chatafl_opt,1,nodes,17
1776241911,mosquitto-v2.0.18,chatafl_opt,1,edges,62
1776241916,mosquitto-v2.0.18,chatafl_opt,1,nodes,17
1776241916,mosquitto-v2.0.18,chatafl_opt,1,edges,62
1776241921,mosquitto-v2.0.18,chatafl_opt,1,nodes,17
1776241921,mosquitto-v2.0.18,chatafl_opt,1,edges,62
1776241926,mosquitto-v2.0.18,chatafl_opt,1,nodes,17
1776241926,mosquitto-v2.0.18,chatafl_opt,1,edges,62
1776241932,mosquitto-v2.0.18,chatafl_opt,1,nodes,17
1776241932,mosquitto-v2.0.18,chatafl_opt,1,edges,62
1776241937,mosquitto-v2.0.18,chatafl_opt,1,nodes,17
1776241937,mosquitto-v2.0.18,chatafl_opt,1,edges,62
1776241942,mosquitto-v2.0.18,chatafl_opt,1,nodes,17
1776241942,mosquitto-v2.0.18,chatafl_opt,1,edges,62
1776241947,mosquitto-v2.0.18,chatafl_opt,1,nodes,17
1776241947,mosquitto-v2.0.18,chatafl_opt,1,edges,62
1776241952,mosquitto-v2.0.18,chatafl_opt,1,nodes,17
1776241952,mosquitto-v2.0.18,chatafl_opt,1,edges,62
1776241957,mosquitto-v2.0.18,chatafl_opt,1,nodes,17
1776241957,mosquitto-v2.0.18,chatafl_opt,1,edges,62
1776241962,mosquitto-v2.0.18,chatafl_opt,1,nodes,17
1776241962,mosquitto-v2.0.18,chatafl_opt,1,edges,62
1776241967,mosquitto-v2.0.18,chatafl_opt,1,nodes,17
1776241967,mosquitto-v2.0.18,chatafl_opt,1,edges,62
1776241972,mosquitto-v2.0.18,chatafl_opt,1,nodes,17
1776241972,mosquitto-v2.0.18,chatafl_opt,1,edges,62
1776241977,mosquitto-v2.0.18,chatafl_opt,1,nodes,17
1776241977,mosquitto-v2.0.18,chatafl_opt,1,edges,62
1776241982,mosquitto-v2.0.18,chatafl_opt,1,nodes,17
1776241982,mosquitto-v2.0.18,chatafl_opt,1,edges,62
1776241987,mosquitto-v2.0.18,chatafl_opt,1,nodes,17
1776241987,mosquitto-v2.0.18,chatafl_opt,1,edges,62
1776241993,mosquitto-v2.0.18,chatafl_opt,1,nodes,17
1776241993,mosquitto-v2.0.18,chatafl_opt,1,edges,63
1776241998,mosquitto-v2.0.18,chatafl_opt,1,nodes,17
1776241998,mosquitto-v2.0.18,chatafl_opt,1,edges,63
1776242003,mosquitto-v2.0.18,chatafl_opt,1,nodes,17
1776242003,mosquitto-v2.0.18,chatafl_opt,1,edges,63
1776242008,mosquitto-v2.0.18,chatafl_opt,1,nodes,17
1776242008,mosquitto-v2.0.18,chatafl_opt,1,edges,63
1776242013,mosquitto-v2.0.18,chatafl_opt,1,nodes,17
1776242013,mosquitto-v2.0.18,chatafl_opt,1,edges,63
1776242019,mosquitto-v2.0.18,chatafl_opt,1,nodes,17
1776242019,mosquitto-v2.0.18,chatafl_opt,1,edges,63
1776242024,mosquitto-v2.0.18,chatafl_opt,1,nodes,17
1776242024,mosquitto-v2.0.18,chatafl_opt,1,edges,63
1776242029,mosquitto-v2.0.18,chatafl_opt,1,nodes,17
1776242029,mosquitto-v2.0.18,chatafl_opt,1,edges,63
1776242034,mosquitto-v2.0.18,chatafl_opt,1,nodes,17
1776242034,mosquitto-v2.0.18,chatafl_opt,1,edges,63
1776242039,mosquitto-v2.0.18,chatafl_opt,1,nodes,17
1776242039,mosquitto-v2.0.18,chatafl_opt,1,edges,63
1776242045,mosquitto-v2.0.18,chatafl_opt,1,nodes,17
1776242045,mosquitto-v2.0.18,chatafl_opt,1,edges,63
1776242050,mosquitto-v2.0.18,chatafl_opt,1,nodes,17
1776242050,mosquitto-v2.0.18,chatafl_opt,1,edges,63
1776242055,mosquitto-v2.0.18,chatafl_opt,1,nodes,17
1776242055,mosquitto-v2.0.18,chatafl_opt,1,edges,63
1776242060,mosquitto-v2.0.18,chatafl_opt,1,nodes,17
1776242060,mosquitto-v2.0.18,chatafl_opt,1,edges,63
1776242065,mosquitto-v2.0.18,chatafl_opt,1,nodes,17
1776242065,mosquitto-v2.0.18,chatafl_opt,1,edges,63
1776242070,mosquitto-v2.0.18,chatafl_opt,1,nodes,17
1776242070,mosquitto-v2.0.18,chatafl_opt,1,edges,64
1776242075,mosquitto-v2.0.18,chatafl_opt,1,nodes,17
1776242075,mosquitto-v2.0.18,chatafl_opt,1,edges,64
1776242080,mosquitto-v2.0.18,chatafl_opt,1,nodes,17
1776242080,mosquitto-v2.0.18,chatafl_opt,1,edges,64
1776242086,mosquitto-v2.0.18,chatafl_opt,1,nodes,17
1776242086,mosquitto-v2.0.18,chatafl_opt,1,edges,64
1776242091,mosquitto-v2.0.18,chatafl_opt,1,nodes,17
1776242091,mosquitto-v2.0.18,chatafl_opt,1,edges,64
1776242096,mosquitto-v2.0.18,chatafl_opt,1,nodes,17
1776242096,mosquitto-v2.0.18,chatafl_opt,1,edges,64
1776242101,mosquitto-v2.0.18,chatafl_opt,1,nodes,17
1776242101,mosquitto-v2.0.18,chatafl_opt,1,edges,64
1776242106,mosquitto-v2.0.18,chatafl_opt,1,nodes,17
1776242106,mosquitto-v2.0.18,chatafl_opt,1,edges,64
1776242111,mosquitto-v2.0.18,chatafl_opt,1,nodes,17
1776242111,mosquitto-v2.0.18,chatafl_opt,1,edges,64
1776242117,mosquitto-v2.0.18,chatafl_opt,1,nodes,17
1776242117,mosquitto-v2.0.18,chatafl_opt,1,edges,64
1776242122,mosquitto-v2.0.18,chatafl_opt,1,nodes,17
1776242122,mosquitto-v2.0.18,chatafl_opt,1,edges,64
1776242127,mosquitto-v2.0.18,chatafl_opt,1,nodes,17
1776242127,mosquitto-v2.0.18,chatafl_opt,1,edges,64
1776242132,mosquitto-v2.0.18,chatafl_opt,1,nodes,17
1776242132,mosquitto-v2.0.18,chatafl_opt,1,edges,64
1776242137,mosquitto-v2.0.18,chatafl_opt,1,nodes,17
1776242137,mosquitto-v2.0.18,chatafl_opt,1,edges,64
1776242142,mosquitto-v2.0.18,chatafl_opt,1,nodes,17
1776242142,mosquitto-v2.0.18,chatafl_opt,1,edges,64
1776242147,mosquitto-v2.0.18,chatafl_opt,1,nodes,17
1776242147,mosquitto-v2.0.18,chatafl_opt,1,edges,64
1776242152,mosquitto-v2.0.18,chatafl_opt,1,nodes,17
1776242152,mosquitto-v2.0.18,chatafl_opt,1,edges,64
1776242157,mosquitto-v2.0.18,chatafl_opt,1,nodes,17
1776242157,mosquitto-v2.0.18,chatafl_opt,1,edges,64
1776242163,mosquitto-v2.0.18,chatafl_opt,1,nodes,17
1776242163,mosquitto-v2.0.18,chatafl_opt,1,edges,64
1776242168,mosquitto-v2.0.18,chatafl_opt,1,nodes,17
1776242168,mosquitto-v2.0.18,chatafl_opt,1,edges,64
1776242173,mosquitto-v2.0.18,chatafl_opt,1,nodes,17
1776242173,mosquitto-v2.0.18,chatafl_opt,1,edges,64
1776242178,mosquitto-v2.0.18,chatafl_opt,1,nodes,17
1776242178,mosquitto-v2.0.18,chatafl_opt,1,edges,64
1776242183,mosquitto-v2.0.18,chatafl_opt,1,nodes,17
1776242183,mosquitto-v2.0.18,chatafl_opt,1,edges,64
1776242188,mosquitto-v2.0.18,chatafl_opt,1,nodes,17
1776242188,mosquitto-v2.0.18,chatafl_opt,1,edges,64
1776242194,mosquitto-v2.0.18,chatafl_opt,1,nodes,17
1776242194,mosquitto-v2.0.18,chatafl_opt,1,edges,64
1776242199,mosquitto-v2.0.18,chatafl_opt,1,nodes,17
1776242199,mosquitto-v2.0.18,chatafl_opt,1,edges,64
1776242204,mosquitto-v2.0.18,chatafl_opt,1,nodes,17
1776242204,mosquitto-v2.0.18,chatafl_opt,1,edges,64
1776242209,mosquitto-v2.0.18,chatafl_opt,1,nodes,17
1776242209,mosquitto-v2.0.18,chatafl_opt,1,edges,64
1776242214,mosquitto-v2.0.18,chatafl_opt,1,nodes,17
1776242214,mosquitto-v2.0.18,chatafl_opt,1,edges,64
1776242219,mosquitto-v2.0.18,chatafl_opt,1,nodes,17
1776242219,mosquitto-v2.0.18,chatafl_opt,1,edges,64
1776242224,mosquitto-v2.0.18,chatafl_opt,1,nodes,17
1776242224,mosquitto-v2.0.18,chatafl_opt,1,edges,64
1776242229,mosquitto-v2.0.18,chatafl_opt,1,nodes,17
1776242229,mosquitto-v2.0.18,chatafl_opt,1,edges,64
1776242234,mosquitto-v2.0.18,chatafl_opt,1,nodes,17
1776242234,mosquitto-v2.0.18,chatafl_opt,1,edges,64
1776242239,mosquitto-v2.0.18,chatafl_opt,1,nodes,17
1776242239,mosquitto-v2.0.18,chatafl_opt,1,edges,64
1776242245,mosquitto-v2.0.18,chatafl_opt,1,nodes,17
1776242245,mosquitto-v2.0.18,chatafl_opt,1,edges,64
1776242250,mosquitto-v2.0.18,chatafl_opt,1,nodes,17
1776242250,mosquitto-v2.0.18,chatafl_opt,1,edges,64
1776242255,mosquitto-v2.0.18,chatafl_opt,1,nodes,17
1776242255,mosquitto-v2.0.18,chatafl_opt,1,edges,64
1776242260,mosquitto-v2.0.18,chatafl_opt,1,nodes,17
1776242260,mosquitto-v2.0.18,chatafl_opt,1,edges,64
1776242265,mosquitto-v2.0.18,chatafl_opt,1,nodes,17
1776242265,mosquitto-v2.0.18,chatafl_opt,1,edges,64
1776242270,mosquitto-v2.0.18,chatafl_opt,1,nodes,17
1776242270,mosquitto-v2.0.18,chatafl_opt,1,edges,64
1776242275,mosquitto-v2.0.18,chatafl_opt,1,nodes,17
1776242275,mosquitto-v2.0.18,chatafl_opt,1,edges,64
1776242280,mosquitto-v2.0.18,chatafl_opt,1,nodes,17
1776242280,mosquitto-v2.0.18,chatafl_opt,1,edges,64
1776242286,mosquitto-v2.0.18,chatafl_opt,1,nodes,17
1776242286,mosquitto-v2.0.18,chatafl_opt,1,edges,64
1776242291,mosquitto-v2.0.18,chatafl_opt,1,nodes,17
1776242291,mosquitto-v2.0.18,chatafl_opt,1,edges,64
1776242296,mosquitto-v2.0.18,chatafl_opt,1,nodes,17
1776242296,mosquitto-v2.0.18,chatafl_opt,1,edges,64
1776242301,mosquitto-v2.0.18,chatafl_opt,1,nodes,17
1776242301,mosquitto-v2.0.18,chatafl_opt,1,edges,64
1776242306,mosquitto-v2.0.18,chatafl_opt,1,nodes,17
1776242306,mosquitto-v2.0.18,chatafl_opt,1,edges,64
1776242311,mosquitto-v2.0.18,chatafl_opt,1,nodes,17
1776242311,mosquitto-v2.0.18,chatafl_opt,1,edges,64
1776242316,mosquitto-v2.0.18,chatafl_opt,1,nodes,17
1776242316,mosquitto-v2.0.18,chatafl_opt,1,edges,64
1776242321,mosquitto-v2.0.18,chatafl_opt,1,nodes,17
1776242321,mosquitto-v2.0.18,chatafl_opt,1,edges,64
1776242327,mosquitto-v2.0.18,chatafl_opt,1,nodes,17
1776242327,mosquitto-v2.0.18,chatafl_opt,1,edges,64
1776242332,mosquitto-v2.0.18,chatafl_opt,1,nodes,17
1776242332,mosquitto-v2.0.18,chatafl_opt,1,edges,64
1776242337,mosquitto-v2.0.18,chatafl_opt,1,nodes,17
1776242337,mosquitto-v2.0.18,chatafl_opt,1,edges,64
1776242342,mosquitto-v2.0.18,chatafl_opt,1,nodes,17
1776242342,mosquitto-v2.0.18,chatafl_opt,1,edges,64
1776242347,mosquitto-v2.0.18,chatafl_opt,1,nodes,17
1776242347,mosquitto-v2.0.18,chatafl_opt,1,edges,64
1776242352,mosquitto-v2.0.18,chatafl_opt,1,nodes,17
1776242352,mosquitto-v2.0.18,chatafl_opt,1,edges,64
1776242357,mosquitto-v2.0.18,chatafl_opt,1,nodes,17
1776242357,mosquitto-v2.0.18,chatafl_opt,1,edges,64
1776242362,mosquitto-v2.0.18,chatafl_opt,1,nodes,17
1776242362,mosquitto-v2.0.18,chatafl_opt,1,edges,64
1776242367,mosquitto-v2.0.18,chatafl_opt,1,nodes,17
1776242367,mosquitto-v2.0.18,chatafl_opt,1,edges,64
1776242373,mosquitto-v2.0.18,chatafl_opt,1,nodes,17
1776242373,mosquitto-v2.0.18,chatafl_opt,1,edges,64
1776242378,mosquitto-v2.0.18,chatafl_opt,1,nodes,17
1776242378,mosquitto-v2.0.18,chatafl_opt,1,edges,64
1776242383,mosquitto-v2.0.18,chatafl_opt,1,nodes,17
1776242383,mosquitto-v2.0.18,chatafl_opt,1,edges,64
1776242388,mosquitto-v2.0.18,chatafl_opt,1,nodes,17
1776242388,mosquitto-v2.0.18,chatafl_opt,1,edges,64
1776242393,mosquitto-v2.0.18,chatafl_opt,1,nodes,17
1776242393,mosquitto-v2.0.18,chatafl_opt,1,edges,64
1776242398,mosquitto-v2.0.18,chatafl_opt,1,nodes,17
1776242398,mosquitto-v2.0.18,chatafl_opt,1,edges,64
1776242403,mosquitto-v2.0.18,chatafl_opt,1,nodes,17
1776242403,mosquitto-v2.0.18,chatafl_opt,1,edges,64
1776242408,mosquitto-v2.0.18,chatafl_opt,1,nodes,17
1776242408,mosquitto-v2.0.18,chatafl_opt,1,edges,64
1776242413,mosquitto-v2.0.18,chatafl_opt,1,nodes,17
1776242413,mosquitto-v2.0.18,chatafl_opt,1,edges,64
1776242419,mosquitto-v2.0.18,chatafl_opt,1,nodes,17
1776242419,mosquitto-v2.0.18,chatafl_opt,1,edges,64
1776242424,mosquitto-v2.0.18,chatafl_opt,1,nodes,17
1776242424,mosquitto-v2.0.18,chatafl_opt,1,edges,64
1776242429,mosquitto-v2.0.18,chatafl_opt,1,nodes,17
1776242429,mosquitto-v2.0.18,chatafl_opt,1,edges,64
1776242434,mosquitto-v2.0.18,chatafl_opt,1,nodes,17
1776242434,mosquitto-v2.0.18,chatafl_opt,1,edges,64
1776242439,mosquitto-v2.0.18,chatafl_opt,1,nodes,17
1776242439,mosquitto-v2.0.18,chatafl_opt,1,edges,64
1776242444,mosquitto-v2.0.18,chatafl_opt,1,nodes,17
1776242444,mosquitto-v2.0.18,chatafl_opt,1,edges,64
1776242449,mosquitto-v2.0.18,chatafl_opt,1,nodes,17
1776242449,mosquitto-v2.0.18,chatafl_opt,1,edges,64
1776242454,mosquitto-v2.0.18,chatafl_opt,1,nodes,17
1776242454,mosquitto-v2.0.18,chatafl_opt,1,edges,64
1776242459,mosquitto-v2.0.18,chatafl_opt,1,nodes,17
1776242459,mosquitto-v2.0.18,chatafl_opt,1,edges,64
1776242464,mosquitto-v2.0.18,chatafl_opt,1,nodes,17
1776242464,mosquitto-v2.0.18,chatafl_opt,1,edges,64
1776242469,mosquitto-v2.0.18,chatafl_opt,1,nodes,17
1776242469,mosquitto-v2.0.18,chatafl_opt,1,edges,64
1776242475,mosquitto-v2.0.18,chatafl_opt,1,nodes,17
1776242475,mosquitto-v2.0.18,chatafl_opt,1,edges,64
1776242480,mosquitto-v2.0.18,chatafl_opt,1,nodes,17
1776242480,mosquitto-v2.0.18,chatafl_opt,1,edges,64
1776242485,mosquitto-v2.0.18,chatafl_opt,1,nodes,17
1776242485,mosquitto-v2.0.18,chatafl_opt,1,edges,64
1776242490,mosquitto-v2.0.18,chatafl_opt,1,nodes,17
1776242490,mosquitto-v2.0.18,chatafl_opt,1,edges,64
1776242495,mosquitto-v2.0.18,chatafl_opt,1,nodes,17
1776242495,mosquitto-v2.0.18,chatafl_opt,1,edges,64
1776242500,mosquitto-v2.0.18,chatafl_opt,1,nodes,17
1776242500,mosquitto-v2.0.18,chatafl_opt,1,edges,64
1776242505,mosquitto-v2.0.18,chatafl_opt,1,nodes,17
1776242505,mosquitto-v2.0.18,chatafl_opt,1,edges,64
1776242511,mosquitto-v2.0.18,chatafl_opt,1,nodes,17
1776242511,mosquitto-v2.0.18,chatafl_opt,1,edges,64
1776242516,mosquitto-v2.0.18,chatafl_opt,1,nodes,17
1776242516,mosquitto-v2.0.18,chatafl_opt,1,edges,64
1776242521,mosquitto-v2.0.18,chatafl_opt,1,nodes,17
1776242521,mosquitto-v2.0.18,chatafl_opt,1,edges,64
1776242526,mosquitto-v2.0.18,chatafl_opt,1,nodes,17
1776242526,mosquitto-v2.0.18,chatafl_opt,1,edges,64
1776242531,mosquitto-v2.0.18,chatafl_opt,1,nodes,17
1776242531,mosquitto-v2.0.18,chatafl_opt,1,edges,64
1776242536,mosquitto-v2.0.18,chatafl_opt,1,nodes,17
1776242536,mosquitto-v2.0.18,chatafl_opt,1,edges,64
1776242541,mosquitto-v2.0.18,chatafl_opt,1,nodes,17
1776242541,mosquitto-v2.0.18,chatafl_opt,1,edges,64
1776242546,mosquitto-v2.0.18,chatafl_opt,1,nodes,17
1776242546,mosquitto-v2.0.18,chatafl_opt,1,edges,64
1776242551,mosquitto-v2.0.18,chatafl_opt,1,nodes,17
1776242551,mosquitto-v2.0.18,chatafl_opt,1,edges,64
1776242556,mosquitto-v2.0.18,chatafl_opt,1,nodes,17
1776242556,mosquitto-v2.0.18,chatafl_opt,1,edges,64
1776242561,mosquitto-v2.0.18,chatafl_opt,1,nodes,17
1776242561,mosquitto-v2.0.18,chatafl_opt,1,edges,64
1776242567,mosquitto-v2.0.18,chatafl_opt,1,nodes,17
1776242567,mosquitto-v2.0.18,chatafl_opt,1,edges,64
1776242572,mosquitto-v2.0.18,chatafl_opt,1,nodes,17
1776242572,mosquitto-v2.0.18,chatafl_opt,1,edges,64
1776242577,mosquitto-v2.0.18,chatafl_opt,1,nodes,17
1776242577,mosquitto-v2.0.18,chatafl_opt,1,edges,64
1776242582,mosquitto-v2.0.18,chatafl_opt,1,nodes,17
1776242582,mosquitto-v2.0.18,chatafl_opt,1,edges,64
1776242587,mosquitto-v2.0.18,chatafl_opt,1,nodes,17
1776242587,mosquitto-v2.0.18,chatafl_opt,1,edges,64
1776242592,mosquitto-v2.0.18,chatafl_opt,1,nodes,17
1776242592,mosquitto-v2.0.18,chatafl_opt,1,edges,64
1776242597,mosquitto-v2.0.18,chatafl_opt,1,nodes,17
1776242597,mosquitto-v2.0.18,chatafl_opt,1,edges,64
1776242603,mosquitto-v2.0.18,chatafl_opt,1,nodes,17
1776242603,mosquitto-v2.0.18,chatafl_opt,1,edges,64
1776242608,mosquitto-v2.0.18,chatafl_opt,1,nodes,17
1776242608,mosquitto-v2.0.18,chatafl_opt,1,edges,64
1776242613,mosquitto-v2.0.18,chatafl_opt,1,nodes,17
1776242613,mosquitto-v2.0.18,chatafl_opt,1,edges,64
1776242618,mosquitto-v2.0.18,chatafl_opt,1,nodes,17
1776242618,mosquitto-v2.0.18,chatafl_opt,1,edges,64
1776242623,mosquitto-v2.0.18,chatafl_opt,1,nodes,17
1776242623,mosquitto-v2.0.18,chatafl_opt,1,edges,64
1776242628,mosquitto-v2.0.18,chatafl_opt,1,nodes,17
1776242628,mosquitto-v2.0.18,chatafl_opt,1,edges,64
1776242633,mosquitto-v2.0.18,chatafl_opt,1,nodes,17
1776242633,mosquitto-v2.0.18,chatafl_opt,1,edges,64
1776242639,mosquitto-v2.0.18,chatafl_opt,1,nodes,17
1776242639,mosquitto-v2.0.18,chatafl_opt,1,edges,64
1776242644,mosquitto-v2.0.18,chatafl_opt,1,nodes,17
1776242644,mosquitto-v2.0.18,chatafl_opt,1,edges,64
1776242649,mosquitto-v2.0.18,chatafl_opt,1,nodes,17
1776242649,mosquitto-v2.0.18,chatafl_opt,1,edges,64
1776242654,mosquitto-v2.0.18,chatafl_opt,1,nodes,17
1776242654,mosquitto-v2.0.18,chatafl_opt,1,edges,64
1776242659,mosquitto-v2.0.18,chatafl_opt,1,nodes,17
1776242659,mosquitto-v2.0.18,chatafl_opt,1,edges,64
1776242664,mosquitto-v2.0.18,chatafl_opt,1,nodes,17
1776242664,mosquitto-v2.0.18,chatafl_opt,1,edges,64
1776242669,mosquitto-v2.0.18,chatafl_opt,1,nodes,17
1776242669,mosquitto-v2.0.18,chatafl_opt,1,edges,64
1776242675,mosquitto-v2.0.18,chatafl_opt,1,nodes,17
1776242675,mosquitto-v2.0.18,chatafl_opt,1,edges,64
1776242680,mosquitto-v2.0.18,chatafl_opt,1,nodes,17
1776242680,mosquitto-v2.0.18,chatafl_opt,1,edges,64
1776242685,mosquitto-v2.0.18,chatafl_opt,1,nodes,17
1776242685,mosquitto-v2.0.18,chatafl_opt,1,edges,64
1776242690,mosquitto-v2.0.18,chatafl_opt,1,nodes,17
1776242690,mosquitto-v2.0.18,chatafl_opt,1,edges,64
1776242695,mosquitto-v2.0.18,chatafl_opt,1,nodes,17
1776242695,mosquitto-v2.0.18,chatafl_opt,1,edges,64
1776242700,mosquitto-v2.0.18,chatafl_opt,1,nodes,17
1776242700,mosquitto-v2.0.18,chatafl_opt,1,edges,64
1776242705,mosquitto-v2.0.18,chatafl_opt,1,nodes,17
1776242705,mosquitto-v2.0.18,chatafl_opt,1,edges,64
1776242711,mosquitto-v2.0.18,chatafl_opt,1,nodes,17
1776242711,mosquitto-v2.0.18,chatafl_opt,1,edges,64
1776242716,mosquitto-v2.0.18,chatafl_opt,1,nodes,17
1776242716,mosquitto-v2.0.18,chatafl_opt,1,edges,64
1776242721,mosquitto-v2.0.18,chatafl_opt,1,nodes,17
1776242721,mosquitto-v2.0.18,chatafl_opt,1,edges,64
1776242726,mosquitto-v2.0.18,chatafl_opt,1,nodes,17
1776242726,mosquitto-v2.0.18,chatafl_opt,1,edges,64
1776242731,mosquitto-v2.0.18,chatafl_opt,1,nodes,17
1776242731,mosquitto-v2.0.18,chatafl_opt,1,edges,64
1776242736,mosquitto-v2.0.18,chatafl_opt,1,nodes,17
1776242736,mosquitto-v2.0.18,chatafl_opt,1,edges,64
1776242741,mosquitto-v2.0.18,chatafl_opt,1,nodes,17
1776242741,mosquitto-v2.0.18,chatafl_opt,1,edges,64
1776242746,mosquitto-v2.0.18,chatafl_opt,1,nodes,17
1776242746,mosquitto-v2.0.18,chatafl_opt,1,edges,64
1776242751,mosquitto-v2.0.18,chatafl_opt,1,nodes,17
1776242751,mosquitto-v2.0.18,chatafl_opt,1,edges,64
1776242757,mosquitto-v2.0.18,chatafl_opt,1,nodes,17
1776242757,mosquitto-v2.0.18,chatafl_opt,1,edges,64
1776242762,mosquitto-v2.0.18,chatafl_opt,1,nodes,17
1776242762,mosquitto-v2.0.18,chatafl_opt,1,edges,64
1776242767,mosquitto-v2.0.18,chatafl_opt,1,nodes,17
1776242767,mosquitto-v2.0.18,chatafl_opt,1,edges,64
1776242772,mosquitto-v2.0.18,chatafl_opt,1,nodes,17
1776242772,mosquitto-v2.0.18,chatafl_opt,1,edges,64
1776242777,mosquitto-v2.0.18,chatafl_opt,1,nodes,17
1776242777,mosquitto-v2.0.18,chatafl_opt,1,edges,64
1776242782,mosquitto-v2.0.18,chatafl_opt,1,nodes,17
1776242782,mosquitto-v2.0.18,chatafl_opt,1,edges,64
1776242787,mosquitto-v2.0.18,chatafl_opt,1,nodes,17
1776242787,mosquitto-v2.0.18,chatafl_opt,1,edges,64
1776242792,mosquitto-v2.0.18,chatafl_opt,1,nodes,17
1776242792,mosquitto-v2.0.18,chatafl_opt,1,edges,64
1776242797,mosquitto-v2.0.18,chatafl_opt,1,nodes,17
1776242797,mosquitto-v2.0.18,chatafl_opt,1,edges,64
1776242803,mosquitto-v2.0.18,chatafl_opt,1,nodes,17
1776242803,mosquitto-v2.0.18,chatafl_opt,1,edges,64
1776242808,mosquitto-v2.0.18,chatafl_opt,1,nodes,17
1776242808,mosquitto-v2.0.18,chatafl_opt,1,edges,64
1776242813,mosquitto-v2.0.18,chatafl_opt,1,nodes,17
1776242813,mosquitto-v2.0.18,chatafl_opt,1,edges,64
1776242818,mosquitto-v2.0.18,chatafl_opt,1,nodes,17
1776242818,mosquitto-v2.0.18,chatafl_opt,1,edges,64
1776242823,mosquitto-v2.0.18,chatafl_opt,1,nodes,17
1776242823,mosquitto-v2.0.18,chatafl_opt,1,edges,64
1776242828,mosquitto-v2.0.18,chatafl_opt,1,nodes,17
1776242828,mosquitto-v2.0.18,chatafl_opt,1,edges,64
1776242833,mosquitto-v2.0.18,chatafl_opt,1,nodes,17
1776242833,mosquitto-v2.0.18,chatafl_opt,1,edges,64
1776242838,mosquitto-v2.0.18,chatafl_opt,1,nodes,17
1776242838,mosquitto-v2.0.18,chatafl_opt,1,edges,64
1776242843,mosquitto-v2.0.18,chatafl_opt,1,nodes,17
1776242843,mosquitto-v2.0.18,chatafl_opt,1,edges,64
1776242848,mosquitto-v2.0.18,chatafl_opt,1,nodes,17
1776242848,mosquitto-v2.0.18,chatafl_opt,1,edges,64
1776242854,mosquitto-v2.0.18,chatafl_opt,1,nodes,17
1776242854,mosquitto-v2.0.18,chatafl_opt,1,edges,64
1776242864,mosquitto-v2.0.18,chatafl_opt,1,nodes,17
1776242864,mosquitto-v2.0.18,chatafl_opt,1,edges,64
1776242869,mosquitto-v2.0.18,chatafl_opt,1,nodes,17
1776242869,mosquitto-v2.0.18,chatafl_opt,1,edges,64
1776242874,mosquitto-v2.0.18,chatafl_opt,1,nodes,17
1776242874,mosquitto-v2.0.18,chatafl_opt,1,edges,64
1776242879,mosquitto-v2.0.18,chatafl_opt,1,nodes,17
1776242879,mosquitto-v2.0.18,chatafl_opt,1,edges,64
1776242884,mosquitto-v2.0.18,chatafl_opt,1,nodes,17
1776242884,mosquitto-v2.0.18,chatafl_opt,1,edges,64
1776242889,mosquitto-v2.0.18,chatafl_opt,1,nodes,17
1776242889,mosquitto-v2.0.18,chatafl_opt,1,edges,64
1776242895,mosquitto-v2.0.18,chatafl_opt,1,nodes,17
1776242895,mosquitto-v2.0.18,chatafl_opt,1,edges,64
1776242900,mosquitto-v2.0.18,chatafl_opt,1,nodes,17
1776242900,mosquitto-v2.0.18,chatafl_opt,1,edges,64
1776242905,mosquitto-v2.0.18,chatafl_opt,1,nodes,17
1776242905,mosquitto-v2.0.18,chatafl_opt,1,edges,64
1776242910,mosquitto-v2.0.18,chatafl_opt,1,nodes,17
1776242910,mosquitto-v2.0.18,chatafl_opt,1,edges,64
1776242915,mosquitto-v2.0.18,chatafl_opt,1,nodes,17
1776242915,mosquitto-v2.0.18,chatafl_opt,1,edges,64
1776242920,mosquitto-v2.0.18,chatafl_opt,1,nodes,17
1776242920,mosquitto-v2.0.18,chatafl_opt,1,edges,64
1776242926,mosquitto-v2.0.18,chatafl_opt,1,nodes,17
1776242926,mosquitto-v2.0.18,chatafl_opt,1,edges,64
1776242931,mosquitto-v2.0.18,chatafl_opt,1,nodes,17
1776242931,mosquitto-v2.0.18,chatafl_opt,1,edges,64
1776242936,mosquitto-v2.0.18,chatafl_opt,1,nodes,17
1776242936,mosquitto-v2.0.18,chatafl_opt,1,edges,64
1776242941,mosquitto-v2.0.18,chatafl_opt,1,nodes,17
1776242941,mosquitto-v2.0.18,chatafl_opt,1,edges,64
1776242946,mosquitto-v2.0.18,chatafl_opt,1,nodes,17
1776242946,mosquitto-v2.0.18,chatafl_opt,1,edges,64
1776242951,mosquitto-v2.0.18,chatafl_opt,1,nodes,17
1776242951,mosquitto-v2.0.18,chatafl_opt,1,edges,64
1776242956,mosquitto-v2.0.18,chatafl_opt,1,nodes,17
1776242956,mosquitto-v2.0.18,chatafl_opt,1,edges,64
1776242961,mosquitto-v2.0.18,chatafl_opt,1,nodes,17
1776242961,mosquitto-v2.0.18,chatafl_opt,1,edges,64
1776242966,mosquitto-v2.0.18,chatafl_opt,1,nodes,17
1776242966,mosquitto-v2.0.18,chatafl_opt,1,edges,64
1776242971,mosquitto-v2.0.18,chatafl_opt,1,nodes,17
1776242971,mosquitto-v2.0.18,chatafl_opt,1,edges,64
1776242976,mosquitto-v2.0.18,chatafl_opt,1,nodes,17
1776242976,mosquitto-v2.0.18,chatafl_opt,1,edges,64
1776242982,mosquitto-v2.0.18,chatafl_opt,1,nodes,17
1776242982,mosquitto-v2.0.18,chatafl_opt,1,edges,64
1776242987,mosquitto-v2.0.18,chatafl_opt,1,nodes,17
1776242987,mosquitto-v2.0.18,chatafl_opt,1,edges,64
1776242992,mosquitto-v2.0.18,chatafl_opt,1,nodes,17
1776242992,mosquitto-v2.0.18,chatafl_opt,1,edges,64
1776242997,mosquitto-v2.0.18,chatafl_opt,1,nodes,17
1776242997,mosquitto-v2.0.18,chatafl_opt,1,edges,64
1776243002,mosquitto-v2.0.18,chatafl_opt,1,nodes,17
1776243002,mosquitto-v2.0.18,chatafl_opt,1,edges,64
1776243007,mosquitto-v2.0.18,chatafl_opt,1,nodes,17
1776243007,mosquitto-v2.0.18,chatafl_opt,1,edges,64
1776243012,mosquitto-v2.0.18,chatafl_opt,1,nodes,17
1776243012,mosquitto-v2.0.18,chatafl_opt,1,edges,64
1776243017,mosquitto-v2.0.18,chatafl_opt,1,nodes,17
1776243017,mosquitto-v2.0.18,chatafl_opt,1,edges,64
1776243022,mosquitto-v2.0.18,chatafl_opt,1,nodes,17
1776243022,mosquitto-v2.0.18,chatafl_opt,1,edges,64
1776243027,mosquitto-v2.0.18,chatafl_opt,1,nodes,17
1776243027,mosquitto-v2.0.18,chatafl_opt,1,edges,64
1776243033,mosquitto-v2.0.18,chatafl_opt,1,nodes,17
1776243033,mosquitto-v2.0.18,chatafl_opt,1,edges,64
1776243038,mosquitto-v2.0.18,chatafl_opt,1,nodes,17
1776243038,mosquitto-v2.0.18,chatafl_opt,1,edges,64
1776243043,mosquitto-v2.0.18,chatafl_opt,1,nodes,17
1776243043,mosquitto-v2.0.18,chatafl_opt,1,edges,64
1776243048,mosquitto-v2.0.18,chatafl_opt,1,nodes,17
1776243048,mosquitto-v2.0.18,chatafl_opt,1,edges,64
1776243053,mosquitto-v2.0.18,chatafl_opt,1,nodes,17
1776243053,mosquitto-v2.0.18,chatafl_opt,1,edges,64
1776243058,mosquitto-v2.0.18,chatafl_opt,1,nodes,17
1776243058,mosquitto-v2.0.18,chatafl_opt,1,edges,64
1776243063,mosquitto-v2.0.18,chatafl_opt,1,nodes,17
1776243063,mosquitto-v2.0.18,chatafl_opt,1,edges,64
1776243068,mosquitto-v2.0.18,chatafl_opt,1,nodes,17
1776243068,mosquitto-v2.0.18,chatafl_opt,1,edges,64
1776243073,mosquitto-v2.0.18,chatafl_opt,1,nodes,17
1776243073,mosquitto-v2.0.18,chatafl_opt,1,edges,64
1776243079,mosquitto-v2.0.18,chatafl_opt,1,nodes,17
1776243079,mosquitto-v2.0.18,chatafl_opt,1,edges,64
1776243084,mosquitto-v2.0.18,chatafl_opt,1,nodes,17
1776243084,mosquitto-v2.0.18,chatafl_opt,1,edges,64
1776243089,mosquitto-v2.0.18,chatafl_opt,1,nodes,17
1776243089,mosquitto-v2.0.18,chatafl_opt,1,edges,64
1776243094,mosquitto-v2.0.18,chatafl_opt,1,nodes,17
1776243094,mosquitto-v2.0.18,chatafl_opt,1,edges,64
1776243099,mosquitto-v2.0.18,chatafl_opt,1,nodes,17
1776243099,mosquitto-v2.0.18,chatafl_opt,1,edges,64
1776243104,mosquitto-v2.0.18,chatafl_opt,1,nodes,17
1776243104,mosquitto-v2.0.18,chatafl_opt,1,edges,64
1776243109,mosquitto-v2.0.18,chatafl_opt,1,nodes,17
1776243109,mosquitto-v2.0.18,chatafl_opt,1,edges,64
1776243114,mosquitto-v2.0.18,chatafl_opt,1,nodes,17
1776243114,mosquitto-v2.0.18,chatafl_opt,1,edges,64
1776243119,mosquitto-v2.0.18,chatafl_opt,1,nodes,17
1776243119,mosquitto-v2.0.18,chatafl_opt,1,edges,64
1776243124,mosquitto-v2.0.18,chatafl_opt,1,nodes,17
1776243124,mosquitto-v2.0.18,chatafl_opt,1,edges,64
1776243129,mosquitto-v2.0.18,chatafl_opt,1,nodes,17
1776243129,mosquitto-v2.0.18,chatafl_opt,1,edges,64
1776243134,mosquitto-v2.0.18,chatafl_opt,1,nodes,17
1776243134,mosquitto-v2.0.18,chatafl_opt,1,edges,64
1776243139,mosquitto-v2.0.18,chatafl_opt,1,nodes,17
1776243139,mosquitto-v2.0.18,chatafl_opt,1,edges,64
1776243145,mosquitto-v2.0.18,chatafl_opt,1,nodes,17
1776243145,mosquitto-v2.0.18,chatafl_opt,1,edges,64
1776243150,mosquitto-v2.0.18,chatafl_opt,1,nodes,17
1776243150,mosquitto-v2.0.18,chatafl_opt,1,edges,64
1776243155,mosquitto-v2.0.18,chatafl_opt,1,nodes,17
1776243155,mosquitto-v2.0.18,chatafl_opt,1,edges,64
1776243160,mosquitto-v2.0.18,chatafl_opt,1,nodes,17
1776243160,mosquitto-v2.0.18,chatafl_opt,1,edges,64
1776243165,mosquitto-v2.0.18,chatafl_opt,1,nodes,17
1776243165,mosquitto-v2.0.18,chatafl_opt,1,edges,64
1776243170,mosquitto-v2.0.18,chatafl_opt,1,nodes,17
1776243170,mosquitto-v2.0.18,chatafl_opt,1,edges,64
1776243175,mosquitto-v2.0.18,chatafl_opt,1,nodes,17
1776243175,mosquitto-v2.0.18,chatafl_opt,1,edges,64
1776243181,mosquitto-v2.0.18,chatafl_opt,1,nodes,17
1776243181,mosquitto-v2.0.18,chatafl_opt,1,edges,64
1776243186,mosquitto-v2.0.18,chatafl_opt,1,nodes,17
1776243186,mosquitto-v2.0.18,chatafl_opt,1,edges,64
1776243191,mosquitto-v2.0.18,chatafl_opt,1,nodes,17
1776243191,mosquitto-v2.0.18,chatafl_opt,1,edges,64
1776243196,mosquitto-v2.0.18,chatafl_opt,1,nodes,17
1776243196,mosquitto-v2.0.18,chatafl_opt,1,edges,64
1776243201,mosquitto-v2.0.18,chatafl_opt,1,nodes,17
1776243201,mosquitto-v2.0.18,chatafl_opt,1,edges,64
1776243206,mosquitto-v2.0.18,chatafl_opt,1,nodes,17
1776243206,mosquitto-v2.0.18,chatafl_opt,1,edges,64
1776243211,mosquitto-v2.0.18,chatafl_opt,1,nodes,17
1776243211,mosquitto-v2.0.18,chatafl_opt,1,edges,64
1776243217,mosquitto-v2.0.18,chatafl_opt,1,nodes,17
1776243217,mosquitto-v2.0.18,chatafl_opt,1,edges,64
1776243222,mosquitto-v2.0.18,chatafl_opt,1,nodes,17
1776243222,mosquitto-v2.0.18,chatafl_opt,1,edges,64
1776243227,mosquitto-v2.0.18,chatafl_opt,1,nodes,17
1776243227,mosquitto-v2.0.18,chatafl_opt,1,edges,64
1776243232,mosquitto-v2.0.18,chatafl_opt,1,nodes,17
1776243232,mosquitto-v2.0.18,chatafl_opt,1,edges,64
1776243237,mosquitto-v2.0.18,chatafl_opt,1,nodes,17
1776243237,mosquitto-v2.0.18,chatafl_opt,1,edges,64
1776243242,mosquitto-v2.0.18,chatafl_opt,1,nodes,17
1776243242,mosquitto-v2.0.18,chatafl_opt,1,edges,64
1776243247,mosquitto-v2.0.18,chatafl_opt,1,nodes,17
1776243247,mosquitto-v2.0.18,chatafl_opt,1,edges,64
1776243252,mosquitto-v2.0.18,chatafl_opt,1,nodes,17
1776243252,mosquitto-v2.0.18,chatafl_opt,1,edges,64
1776243258,mosquitto-v2.0.18,chatafl_opt,1,nodes,17
1776243258,mosquitto-v2.0.18,chatafl_opt,1,edges,64
1776243263,mosquitto-v2.0.18,chatafl_opt,1,nodes,17
1776243263,mosquitto-v2.0.18,chatafl_opt,1,edges,64
1776243268,mosquitto-v2.0.18,chatafl_opt,1,nodes,17
1776243268,mosquitto-v2.0.18,chatafl_opt,1,edges,64
1776243273,mosquitto-v2.0.18,chatafl_opt,1,nodes,17
1776243273,mosquitto-v2.0.18,chatafl_opt,1,edges,64
1776243278,mosquitto-v2.0.18,chatafl_opt,1,nodes,17
1776243278,mosquitto-v2.0.18,chatafl_opt,1,edges,64
1776243283,mosquitto-v2.0.18,chatafl_opt,1,nodes,17
1776243283,mosquitto-v2.0.18,chatafl_opt,1,edges,64
1776243289,mosquitto-v2.0.18,chatafl_opt,1,nodes,17
1776243289,mosquitto-v2.0.18,chatafl_opt,1,edges,64
1776243294,mosquitto-v2.0.18,chatafl_opt,1,nodes,17
1776243294,mosquitto-v2.0.18,chatafl_opt,1,edges,64
1776243299,mosquitto-v2.0.18,chatafl_opt,1,nodes,17
1776243299,mosquitto-v2.0.18,chatafl_opt,1,edges,64
1776243304,mosquitto-v2.0.18,chatafl_opt,1,nodes,17
1776243304,mosquitto-v2.0.18,chatafl_opt,1,edges,64
1776243309,mosquitto-v2.0.18,chatafl_opt,1,nodes,17
1776243309,mosquitto-v2.0.18,chatafl_opt,1,edges,64
1776243314,mosquitto-v2.0.18,chatafl_opt,1,nodes,17
1776243314,mosquitto-v2.0.18,chatafl_opt,1,edges,64
1776243319,mosquitto-v2.0.18,chatafl_opt,1,nodes,17
1776243319,mosquitto-v2.0.18,chatafl_opt,1,edges,64
1776243324,mosquitto-v2.0.18,chatafl_opt,1,nodes,17
1776243324,mosquitto-v2.0.18,chatafl_opt,1,edges,64
1776243329,mosquitto-v2.0.18,chatafl_opt,1,nodes,17
1776243329,mosquitto-v2.0.18,chatafl_opt,1,edges,64
1776243334,mosquitto-v2.0.18,chatafl_opt,1,nodes,17
1776243334,mosquitto-v2.0.18,chatafl_opt,1,edges,64
1776243339,mosquitto-v2.0.18,chatafl_opt,1,nodes,17
1776243339,mosquitto-v2.0.18,chatafl_opt,1,edges,64
1776243344,mosquitto-v2.0.18,chatafl_opt,1,nodes,17
1776243344,mosquitto-v2.0.18,chatafl_opt,1,edges,64
1776243350,mosquitto-v2.0.18,chatafl_opt,1,nodes,17
1776243350,mosquitto-v2.0.18,chatafl_opt,1,edges,64
1776243355,mosquitto-v2.0.18,chatafl_opt,1,nodes,17
1776243355,mosquitto-v2.0.18,chatafl_opt,1,edges,64
1776243360,mosquitto-v2.0.18,chatafl_opt,1,nodes,17
1776243360,mosquitto-v2.0.18,chatafl_opt,1,edges,64
1776243365,mosquitto-v2.0.18,chatafl_opt,1,nodes,17
1776243365,mosquitto-v2.0.18,chatafl_opt,1,edges,64
1776243370,mosquitto-v2.0.18,chatafl_opt,1,nodes,17
1776243370,mosquitto-v2.0.18,chatafl_opt,1,edges,64
1776243375,mosquitto-v2.0.18,chatafl_opt,1,nodes,17
1776243375,mosquitto-v2.0.18,chatafl_opt,1,edges,64
1776243380,mosquitto-v2.0.18,chatafl_opt,1,nodes,17
1776243380,mosquitto-v2.0.18,chatafl_opt,1,edges,64
1776243385,mosquitto-v2.0.18,chatafl_opt,1,nodes,17
1776243385,mosquitto-v2.0.18,chatafl_opt,1,edges,64
1776243390,mosquitto-v2.0.18,chatafl_opt,1,nodes,17
1776243390,mosquitto-v2.0.18,chatafl_opt,1,edges,64
1776243396,mosquitto-v2.0.18,chatafl_opt,1,nodes,17
1776243396,mosquitto-v2.0.18,chatafl_opt,1,edges,64
1776243401,mosquitto-v2.0.18,chatafl_opt,1,nodes,17
1776243401,mosquitto-v2.0.18,chatafl_opt,1,edges,64
1776243406,mosquitto-v2.0.18,chatafl_opt,1,nodes,17
1776243406,mosquitto-v2.0.18,chatafl_opt,1,edges,64
1776243411,mosquitto-v2.0.18,chatafl_opt,1,nodes,17
1776243411,mosquitto-v2.0.18,chatafl_opt,1,edges,64
1776243416,mosquitto-v2.0.18,chatafl_opt,1,nodes,17
1776243416,mosquitto-v2.0.18,chatafl_opt,1,edges,64
1776243421,mosquitto-v2.0.18,chatafl_opt,1,nodes,17
1776243421,mosquitto-v2.0.18,chatafl_opt,1,edges,64
1776243427,mosquitto-v2.0.18,chatafl_opt,1,nodes,17
1776243427,mosquitto-v2.0.18,chatafl_opt,1,edges,64
1776243432,mosquitto-v2.0.18,chatafl_opt,1,nodes,17
1776243432,mosquitto-v2.0.18,chatafl_opt,1,edges,64
1776243437,mosquitto-v2.0.18,chatafl_opt,1,nodes,17
1776243437,mosquitto-v2.0.18,chatafl_opt,1,edges,64
1776243442,mosquitto-v2.0.18,chatafl_opt,1,nodes,17
1776243442,mosquitto-v2.0.18,chatafl_opt,1,edges,64
1776243447,mosquitto-v2.0.18,chatafl_opt,1,nodes,17
1776243447,mosquitto-v2.0.18,chatafl_opt,1,edges,64
1776243452,mosquitto-v2.0.18,chatafl_opt,1,nodes,17
1776243452,mosquitto-v2.0.18,chatafl_opt,1,edges,64
1776243457,mosquitto-v2.0.18,chatafl_opt,1,nodes,17
1776243457,mosquitto-v2.0.18,chatafl_opt,1,edges,64
1776243462,mosquitto-v2.0.18,chatafl_opt,1,nodes,17
1776243462,mosquitto-v2.0.18,chatafl_opt,1,edges,64
1776243468,mosquitto-v2.0.18,chatafl_opt,1,nodes,17
1776243468,mosquitto-v2.0.18,chatafl_opt,1,edges,64
1776243473,mosquitto-v2.0.18,chatafl_opt,1,nodes,17
1776243473,mosquitto-v2.0.18,chatafl_opt,1,edges,64
1776243478,mosquitto-v2.0.18,chatafl_opt,1,nodes,17
1776243478,mosquitto-v2.0.18,chatafl_opt,1,edges,64
1776243483,mosquitto-v2.0.18,chatafl_opt,1,nodes,17
1776243483,mosquitto-v2.0.18,chatafl_opt,1,edges,64
1776243488,mosquitto-v2.0.18,chatafl_opt,1,nodes,17
1776243488,mosquitto-v2.0.18,chatafl_opt,1,edges,64
1776243493,mosquitto-v2.0.18,chatafl_opt,1,nodes,17
1776243493,mosquitto-v2.0.18,chatafl_opt,1,edges,64
1776243498,mosquitto-v2.0.18,chatafl_opt,1,nodes,17
1776243498,mosquitto-v2.0.18,chatafl_opt,1,edges,64
1776243504,mosquitto-v2.0.18,chatafl_opt,1,nodes,17
1776243504,mosquitto-v2.0.18,chatafl_opt,1,edges,64
1776243509,mosquitto-v2.0.18,chatafl_opt,1,nodes,17
1776243509,mosquitto-v2.0.18,chatafl_opt,1,edges,64
1776243514,mosquitto-v2.0.18,chatafl_opt,1,nodes,17
1776243514,mosquitto-v2.0.18,chatafl_opt,1,edges,64
1776243519,mosquitto-v2.0.18,chatafl_opt,1,nodes,17
1776243519,mosquitto-v2.0.18,chatafl_opt,1,edges,64
1776243524,mosquitto-v2.0.18,chatafl_opt,1,nodes,17
1776243524,mosquitto-v2.0.18,chatafl_opt,1,edges,64
1776243529,mosquitto-v2.0.18,chatafl_opt,1,nodes,17
1776243529,mosquitto-v2.0.18,chatafl_opt,1,edges,64
1776243534,mosquitto-v2.0.18,chatafl_opt,1,nodes,17
1776243534,mosquitto-v2.0.18,chatafl_opt,1,edges,64
1776243539,mosquitto-v2.0.18,chatafl_opt,1,nodes,17
1776243539,mosquitto-v2.0.18,chatafl_opt,1,edges,64
1776243545,mosquitto-v2.0.18,chatafl_opt,1,nodes,17
1776243545,mosquitto-v2.0.18,chatafl_opt,1,edges,64
1776243550,mosquitto-v2.0.18,chatafl_opt,1,nodes,17
1776243550,mosquitto-v2.0.18,chatafl_opt,1,edges,64
1776243555,mosquitto-v2.0.18,chatafl_opt,1,nodes,17
1776243555,mosquitto-v2.0.18,chatafl_opt,1,edges,64
1776243560,mosquitto-v2.0.18,chatafl_opt,1,nodes,17
1776243560,mosquitto-v2.0.18,chatafl_opt,1,edges,64
1776243565,mosquitto-v2.0.18,chatafl_opt,1,nodes,17
1776243565,mosquitto-v2.0.18,chatafl_opt,1,edges,64
1776243570,mosquitto-v2.0.18,chatafl_opt,1,nodes,17
1776243570,mosquitto-v2.0.18,chatafl_opt,1,edges,64
1776243575,mosquitto-v2.0.18,chatafl_opt,1,nodes,17
1776243575,mosquitto-v2.0.18,chatafl_opt,1,edges,64
1776243580,mosquitto-v2.0.18,chatafl_opt,1,nodes,17
1776243580,mosquitto-v2.0.18,chatafl_opt,1,edges,64
1776243586,mosquitto-v2.0.18,chatafl_opt,1,nodes,17
1776243586,mosquitto-v2.0.18,chatafl_opt,1,edges,64
1776243591,mosquitto-v2.0.18,chatafl_opt,1,nodes,17
1776243591,mosquitto-v2.0.18,chatafl_opt,1,edges,64
1776243596,mosquitto-v2.0.18,chatafl_opt,1,nodes,17
1776243596,mosquitto-v2.0.18,chatafl_opt,1,edges,64
1776243601,mosquitto-v2.0.18,chatafl_opt,1,nodes,17
1776243601,mosquitto-v2.0.18,chatafl_opt,1,edges,64
1776243606,mosquitto-v2.0.18,chatafl_opt,1,nodes,17
1776243606,mosquitto-v2.0.18,chatafl_opt,1,edges,64
1776243611,mosquitto-v2.0.18,chatafl_opt,1,nodes,17
1776243611,mosquitto-v2.0.18,chatafl_opt,1,edges,64
1776240337,mosquitto-v2.0.18,chatafl_opt,2,nodes,14
1776240337,mosquitto-v2.0.18,chatafl_opt,2,edges,54
1776240347,mosquitto-v2.0.18,chatafl_opt,2,nodes,14
1776240347,mosquitto-v2.0.18,chatafl_opt,2,edges,54
1776240352,mosquitto-v2.0.18,chatafl_opt,2,nodes,14
1776240352,mosquitto-v2.0.18,chatafl_opt,2,edges,54
1776240357,mosquitto-v2.0.18,chatafl_opt,2,nodes,15
1776240357,mosquitto-v2.0.18,chatafl_opt,2,edges,56
1776240362,mosquitto-v2.0.18,chatafl_opt,2,nodes,15
1776240362,mosquitto-v2.0.18,chatafl_opt,2,edges,56
1776240367,mosquitto-v2.0.18,chatafl_opt,2,nodes,15
1776240367,mosquitto-v2.0.18,chatafl_opt,2,edges,56
1776240378,mosquitto-v2.0.18,chatafl_opt,2,nodes,15
1776240378,mosquitto-v2.0.18,chatafl_opt,2,edges,56
1776240383,mosquitto-v2.0.18,chatafl_opt,2,nodes,15
1776240383,mosquitto-v2.0.18,chatafl_opt,2,edges,56
1776240388,mosquitto-v2.0.18,chatafl_opt,2,nodes,15
1776240388,mosquitto-v2.0.18,chatafl_opt,2,edges,56
1776240393,mosquitto-v2.0.18,chatafl_opt,2,nodes,15
1776240393,mosquitto-v2.0.18,chatafl_opt,2,edges,57
1776240398,mosquitto-v2.0.18,chatafl_opt,2,nodes,15
1776240398,mosquitto-v2.0.18,chatafl_opt,2,edges,57
1776240403,mosquitto-v2.0.18,chatafl_opt,2,nodes,15
1776240403,mosquitto-v2.0.18,chatafl_opt,2,edges,57
1776240408,mosquitto-v2.0.18,chatafl_opt,2,nodes,15
1776240408,mosquitto-v2.0.18,chatafl_opt,2,edges,57
1776240413,mosquitto-v2.0.18,chatafl_opt,2,nodes,15
1776240413,mosquitto-v2.0.18,chatafl_opt,2,edges,57
1776240418,mosquitto-v2.0.18,chatafl_opt,2,nodes,15
1776240418,mosquitto-v2.0.18,chatafl_opt,2,edges,57
1776240424,mosquitto-v2.0.18,chatafl_opt,2,nodes,15
1776240424,mosquitto-v2.0.18,chatafl_opt,2,edges,57
1776240429,mosquitto-v2.0.18,chatafl_opt,2,nodes,15
1776240429,mosquitto-v2.0.18,chatafl_opt,2,edges,57
1776240439,mosquitto-v2.0.18,chatafl_opt,2,nodes,15
1776240439,mosquitto-v2.0.18,chatafl_opt,2,edges,57
1776240444,mosquitto-v2.0.18,chatafl_opt,2,nodes,15
1776240444,mosquitto-v2.0.18,chatafl_opt,2,edges,57
1776240449,mosquitto-v2.0.18,chatafl_opt,2,nodes,16
1776240449,mosquitto-v2.0.18,chatafl_opt,2,edges,58
1776240455,mosquitto-v2.0.18,chatafl_opt,2,nodes,16
1776240455,mosquitto-v2.0.18,chatafl_opt,2,edges,58
1776240465,mosquitto-v2.0.18,chatafl_opt,2,nodes,16
1776240465,mosquitto-v2.0.18,chatafl_opt,2,edges,58
1776240470,mosquitto-v2.0.18,chatafl_opt,2,nodes,16
1776240470,mosquitto-v2.0.18,chatafl_opt,2,edges,58
1776240480,mosquitto-v2.0.18,chatafl_opt,2,nodes,16
1776240480,mosquitto-v2.0.18,chatafl_opt,2,edges,58
1776240490,mosquitto-v2.0.18,chatafl_opt,2,nodes,16
1776240490,mosquitto-v2.0.18,chatafl_opt,2,edges,58
1776240500,mosquitto-v2.0.18,chatafl_opt,2,nodes,16
1776240500,mosquitto-v2.0.18,chatafl_opt,2,edges,58
1776240510,mosquitto-v2.0.18,chatafl_opt,2,nodes,16
1776240510,mosquitto-v2.0.18,chatafl_opt,2,edges,58
1776240515,mosquitto-v2.0.18,chatafl_opt,2,nodes,16
1776240515,mosquitto-v2.0.18,chatafl_opt,2,edges,58
1776240521,mosquitto-v2.0.18,chatafl_opt,2,nodes,16
1776240521,mosquitto-v2.0.18,chatafl_opt,2,edges,58
1776240526,mosquitto-v2.0.18,chatafl_opt,2,nodes,16
1776240526,mosquitto-v2.0.18,chatafl_opt,2,edges,58
1776240531,mosquitto-v2.0.18,chatafl_opt,2,nodes,16
1776240531,mosquitto-v2.0.18,chatafl_opt,2,edges,58
1776240541,mosquitto-v2.0.18,chatafl_opt,2,nodes,16
1776240541,mosquitto-v2.0.18,chatafl_opt,2,edges,58
1776240546,mosquitto-v2.0.18,chatafl_opt,2,nodes,16
1776240546,mosquitto-v2.0.18,chatafl_opt,2,edges,58
1776240556,mosquitto-v2.0.18,chatafl_opt,2,nodes,16
1776240556,mosquitto-v2.0.18,chatafl_opt,2,edges,58
1776240567,mosquitto-v2.0.18,chatafl_opt,2,nodes,16
1776240567,mosquitto-v2.0.18,chatafl_opt,2,edges,58
1776240593,mosquitto-v2.0.18,chatafl_opt,2,nodes,16
1776240593,mosquitto-v2.0.18,chatafl_opt,2,edges,58
1776240598,mosquitto-v2.0.18,chatafl_opt,2,nodes,16
1776240598,mosquitto-v2.0.18,chatafl_opt,2,edges,58
1776240623,mosquitto-v2.0.18,chatafl_opt,2,nodes,16
1776240623,mosquitto-v2.0.18,chatafl_opt,2,edges,58
1776240628,mosquitto-v2.0.18,chatafl_opt,2,nodes,16
1776240628,mosquitto-v2.0.18,chatafl_opt,2,edges,58
1776240639,mosquitto-v2.0.18,chatafl_opt,2,nodes,16
1776240639,mosquitto-v2.0.18,chatafl_opt,2,edges,58
1776240654,mosquitto-v2.0.18,chatafl_opt,2,nodes,16
1776240654,mosquitto-v2.0.18,chatafl_opt,2,edges,58
1776240690,mosquitto-v2.0.18,chatafl_opt,2,nodes,16
1776240690,mosquitto-v2.0.18,chatafl_opt,2,edges,58
1776240695,mosquitto-v2.0.18,chatafl_opt,2,nodes,16
1776240695,mosquitto-v2.0.18,chatafl_opt,2,edges,58
1776240706,mosquitto-v2.0.18,chatafl_opt,2,nodes,16
1776240706,mosquitto-v2.0.18,chatafl_opt,2,edges,58
1776240711,mosquitto-v2.0.18,chatafl_opt,2,nodes,16
1776240711,mosquitto-v2.0.18,chatafl_opt,2,edges,58
1776240721,mosquitto-v2.0.18,chatafl_opt,2,nodes,16
1776240721,mosquitto-v2.0.18,chatafl_opt,2,edges,58
1776240731,mosquitto-v2.0.18,chatafl_opt,2,nodes,16
1776240731,mosquitto-v2.0.18,chatafl_opt,2,edges,58
1776240736,mosquitto-v2.0.18,chatafl_opt,2,nodes,16
1776240736,mosquitto-v2.0.18,chatafl_opt,2,edges,58
1776240741,mosquitto-v2.0.18,chatafl_opt,2,nodes,16
1776240741,mosquitto-v2.0.18,chatafl_opt,2,edges,58
1776240746,mosquitto-v2.0.18,chatafl_opt,2,nodes,16
1776240746,mosquitto-v2.0.18,chatafl_opt,2,edges,58
1776240751,mosquitto-v2.0.18,chatafl_opt,2,nodes,16
1776240751,mosquitto-v2.0.18,chatafl_opt,2,edges,58
1776240757,mosquitto-v2.0.18,chatafl_opt,2,nodes,16
1776240757,mosquitto-v2.0.18,chatafl_opt,2,edges,58
1776240762,mosquitto-v2.0.18,chatafl_opt,2,nodes,16
1776240762,mosquitto-v2.0.18,chatafl_opt,2,edges,58
1776240767,mosquitto-v2.0.18,chatafl_opt,2,nodes,16
1776240767,mosquitto-v2.0.18,chatafl_opt,2,edges,58
1776240777,mosquitto-v2.0.18,chatafl_opt,2,nodes,16
1776240777,mosquitto-v2.0.18,chatafl_opt,2,edges,58
1776240792,mosquitto-v2.0.18,chatafl_opt,2,nodes,16
1776240792,mosquitto-v2.0.18,chatafl_opt,2,edges,58
1776240797,mosquitto-v2.0.18,chatafl_opt,2,nodes,16
1776240797,mosquitto-v2.0.18,chatafl_opt,2,edges,58
1776240808,mosquitto-v2.0.18,chatafl_opt,2,nodes,16
1776240808,mosquitto-v2.0.18,chatafl_opt,2,edges,58
1776240813,mosquitto-v2.0.18,chatafl_opt,2,nodes,16
1776240813,mosquitto-v2.0.18,chatafl_opt,2,edges,58
1776240818,mosquitto-v2.0.18,chatafl_opt,2,nodes,16
1776240818,mosquitto-v2.0.18,chatafl_opt,2,edges,58
1776240823,mosquitto-v2.0.18,chatafl_opt,2,nodes,16
1776240823,mosquitto-v2.0.18,chatafl_opt,2,edges,58
1776240828,mosquitto-v2.0.18,chatafl_opt,2,nodes,16
1776240828,mosquitto-v2.0.18,chatafl_opt,2,edges,58
1776240833,mosquitto-v2.0.18,chatafl_opt,2,nodes,16
1776240833,mosquitto-v2.0.18,chatafl_opt,2,edges,58
1776240838,mosquitto-v2.0.18,chatafl_opt,2,nodes,16
1776240838,mosquitto-v2.0.18,chatafl_opt,2,edges,58
1776240843,mosquitto-v2.0.18,chatafl_opt,2,nodes,16
1776240843,mosquitto-v2.0.18,chatafl_opt,2,edges,58
1776240849,mosquitto-v2.0.18,chatafl_opt,2,nodes,16
1776240849,mosquitto-v2.0.18,chatafl_opt,2,edges,58
1776240854,mosquitto-v2.0.18,chatafl_opt,2,nodes,16
1776240854,mosquitto-v2.0.18,chatafl_opt,2,edges,58
1776240859,mosquitto-v2.0.18,chatafl_opt,2,nodes,16
1776240859,mosquitto-v2.0.18,chatafl_opt,2,edges,58
1776240864,mosquitto-v2.0.18,chatafl_opt,2,nodes,16
1776240864,mosquitto-v2.0.18,chatafl_opt,2,edges,58
1776240869,mosquitto-v2.0.18,chatafl_opt,2,nodes,16
1776240869,mosquitto-v2.0.18,chatafl_opt,2,edges,58
1776240874,mosquitto-v2.0.18,chatafl_opt,2,nodes,16
1776240874,mosquitto-v2.0.18,chatafl_opt,2,edges,58
1776240880,mosquitto-v2.0.18,chatafl_opt,2,nodes,16
1776240880,mosquitto-v2.0.18,chatafl_opt,2,edges,58
1776240885,mosquitto-v2.0.18,chatafl_opt,2,nodes,16
1776240885,mosquitto-v2.0.18,chatafl_opt,2,edges,58
1776240890,mosquitto-v2.0.18,chatafl_opt,2,nodes,16
1776240890,mosquitto-v2.0.18,chatafl_opt,2,edges,58
1776240900,mosquitto-v2.0.18,chatafl_opt,2,nodes,16
1776240900,mosquitto-v2.0.18,chatafl_opt,2,edges,58
1776240905,mosquitto-v2.0.18,chatafl_opt,2,nodes,16
1776240905,mosquitto-v2.0.18,chatafl_opt,2,edges,58
1776240936,mosquitto-v2.0.18,chatafl_opt,2,nodes,16
1776240936,mosquitto-v2.0.18,chatafl_opt,2,edges,58
1776240941,mosquitto-v2.0.18,chatafl_opt,2,nodes,16
1776240941,mosquitto-v2.0.18,chatafl_opt,2,edges,58
1776240946,mosquitto-v2.0.18,chatafl_opt,2,nodes,16
1776240946,mosquitto-v2.0.18,chatafl_opt,2,edges,58
1776240951,mosquitto-v2.0.18,chatafl_opt,2,nodes,16
1776240951,mosquitto-v2.0.18,chatafl_opt,2,edges,58
1776240962,mosquitto-v2.0.18,chatafl_opt,2,nodes,16
1776240962,mosquitto-v2.0.18,chatafl_opt,2,edges,58
1776240972,mosquitto-v2.0.18,chatafl_opt,2,nodes,16
1776240972,mosquitto-v2.0.18,chatafl_opt,2,edges,58
1776240982,mosquitto-v2.0.18,chatafl_opt,2,nodes,16
1776240982,mosquitto-v2.0.18,chatafl_opt,2,edges,58
1776240992,mosquitto-v2.0.18,chatafl_opt,2,nodes,16
1776240992,mosquitto-v2.0.18,chatafl_opt,2,edges,58
1776240998,mosquitto-v2.0.18,chatafl_opt,2,nodes,16
1776240998,mosquitto-v2.0.18,chatafl_opt,2,edges,58
1776241003,mosquitto-v2.0.18,chatafl_opt,2,nodes,16
1776241003,mosquitto-v2.0.18,chatafl_opt,2,edges,58
1776241008,mosquitto-v2.0.18,chatafl_opt,2,nodes,16
1776241008,mosquitto-v2.0.18,chatafl_opt,2,edges,58
1776241013,mosquitto-v2.0.18,chatafl_opt,2,nodes,16
1776241013,mosquitto-v2.0.18,chatafl_opt,2,edges,58
1776241023,mosquitto-v2.0.18,chatafl_opt,2,nodes,16
1776241023,mosquitto-v2.0.18,chatafl_opt,2,edges,58
1776241033,mosquitto-v2.0.18,chatafl_opt,2,nodes,16
1776241033,mosquitto-v2.0.18,chatafl_opt,2,edges,58
1776241044,mosquitto-v2.0.18,chatafl_opt,2,nodes,16
1776241044,mosquitto-v2.0.18,chatafl_opt,2,edges,58
1776241065,mosquitto-v2.0.18,chatafl_opt,2,nodes,16
1776241065,mosquitto-v2.0.18,chatafl_opt,2,edges,58
1776241070,mosquitto-v2.0.18,chatafl_opt,2,nodes,16
1776241070,mosquitto-v2.0.18,chatafl_opt,2,edges,58
1776241075,mosquitto-v2.0.18,chatafl_opt,2,nodes,16
1776241075,mosquitto-v2.0.18,chatafl_opt,2,edges,58
1776241080,mosquitto-v2.0.18,chatafl_opt,2,nodes,16
1776241080,mosquitto-v2.0.18,chatafl_opt,2,edges,58
1776241085,mosquitto-v2.0.18,chatafl_opt,2,nodes,16
1776241085,mosquitto-v2.0.18,chatafl_opt,2,edges,58
1776241090,mosquitto-v2.0.18,chatafl_opt,2,nodes,16
1776241090,mosquitto-v2.0.18,chatafl_opt,2,edges,58
1776241095,mosquitto-v2.0.18,chatafl_opt,2,nodes,16
1776241095,mosquitto-v2.0.18,chatafl_opt,2,edges,58
1776241101,mosquitto-v2.0.18,chatafl_opt,2,nodes,16
1776241101,mosquitto-v2.0.18,chatafl_opt,2,edges,58
1776241106,mosquitto-v2.0.18,chatafl_opt,2,nodes,16
1776241106,mosquitto-v2.0.18,chatafl_opt,2,edges,58
1776241111,mosquitto-v2.0.18,chatafl_opt,2,nodes,16
1776241111,mosquitto-v2.0.18,chatafl_opt,2,edges,58
1776241116,mosquitto-v2.0.18,chatafl_opt,2,nodes,16
1776241116,mosquitto-v2.0.18,chatafl_opt,2,edges,58
1776241122,mosquitto-v2.0.18,chatafl_opt,2,nodes,16
1776241122,mosquitto-v2.0.18,chatafl_opt,2,edges,58
1776241127,mosquitto-v2.0.18,chatafl_opt,2,nodes,16
1776241127,mosquitto-v2.0.18,chatafl_opt,2,edges,58
1776241132,mosquitto-v2.0.18,chatafl_opt,2,nodes,16
1776241132,mosquitto-v2.0.18,chatafl_opt,2,edges,58
1776241142,mosquitto-v2.0.18,chatafl_opt,2,nodes,16
1776241142,mosquitto-v2.0.18,chatafl_opt,2,edges,58
1776241147,mosquitto-v2.0.18,chatafl_opt,2,nodes,16
1776241147,mosquitto-v2.0.18,chatafl_opt,2,edges,58
1776241152,mosquitto-v2.0.18,chatafl_opt,2,nodes,16
1776241152,mosquitto-v2.0.18,chatafl_opt,2,edges,58
1776241157,mosquitto-v2.0.18,chatafl_opt,2,nodes,16
1776241157,mosquitto-v2.0.18,chatafl_opt,2,edges,58
1776241162,mosquitto-v2.0.18,chatafl_opt,2,nodes,16
1776241162,mosquitto-v2.0.18,chatafl_opt,2,edges,58
1776241167,mosquitto-v2.0.18,chatafl_opt,2,nodes,16
1776241167,mosquitto-v2.0.18,chatafl_opt,2,edges,58
1776241173,mosquitto-v2.0.18,chatafl_opt,2,nodes,16
1776241173,mosquitto-v2.0.18,chatafl_opt,2,edges,58
1776241178,mosquitto-v2.0.18,chatafl_opt,2,nodes,16
1776241178,mosquitto-v2.0.18,chatafl_opt,2,edges,58
1776241183,mosquitto-v2.0.18,chatafl_opt,2,nodes,16
1776241183,mosquitto-v2.0.18,chatafl_opt,2,edges,58
1776241188,mosquitto-v2.0.18,chatafl_opt,2,nodes,16
1776241188,mosquitto-v2.0.18,chatafl_opt,2,edges,58
1776241193,mosquitto-v2.0.18,chatafl_opt,2,nodes,16
1776241193,mosquitto-v2.0.18,chatafl_opt,2,edges,58
1776241199,mosquitto-v2.0.18,chatafl_opt,2,nodes,16
1776241199,mosquitto-v2.0.18,chatafl_opt,2,edges,58
1776241204,mosquitto-v2.0.18,chatafl_opt,2,nodes,16
1776241204,mosquitto-v2.0.18,chatafl_opt,2,edges,58
1776241209,mosquitto-v2.0.18,chatafl_opt,2,nodes,16
1776241209,mosquitto-v2.0.18,chatafl_opt,2,edges,58
1776241214,mosquitto-v2.0.18,chatafl_opt,2,nodes,16
1776241214,mosquitto-v2.0.18,chatafl_opt,2,edges,58
1776241219,mosquitto-v2.0.18,chatafl_opt,2,nodes,16
1776241219,mosquitto-v2.0.18,chatafl_opt,2,edges,58
1776241224,mosquitto-v2.0.18,chatafl_opt,2,nodes,16
1776241224,mosquitto-v2.0.18,chatafl_opt,2,edges,58
1776241230,mosquitto-v2.0.18,chatafl_opt,2,nodes,16
1776241230,mosquitto-v2.0.18,chatafl_opt,2,edges,58
1776241235,mosquitto-v2.0.18,chatafl_opt,2,nodes,16
1776241235,mosquitto-v2.0.18,chatafl_opt,2,edges,58
1776241240,mosquitto-v2.0.18,chatafl_opt,2,nodes,16
1776241240,mosquitto-v2.0.18,chatafl_opt,2,edges,58
1776241245,mosquitto-v2.0.18,chatafl_opt,2,nodes,16
1776241245,mosquitto-v2.0.18,chatafl_opt,2,edges,58
1776241250,mosquitto-v2.0.18,chatafl_opt,2,nodes,16
1776241250,mosquitto-v2.0.18,chatafl_opt,2,edges,58
1776241255,mosquitto-v2.0.18,chatafl_opt,2,nodes,16
1776241255,mosquitto-v2.0.18,chatafl_opt,2,edges,58
1776241260,mosquitto-v2.0.18,chatafl_opt,2,nodes,16
1776241260,mosquitto-v2.0.18,chatafl_opt,2,edges,58
1776241265,mosquitto-v2.0.18,chatafl_opt,2,nodes,16
1776241265,mosquitto-v2.0.18,chatafl_opt,2,edges,58
1776241270,mosquitto-v2.0.18,chatafl_opt,2,nodes,16
1776241270,mosquitto-v2.0.18,chatafl_opt,2,edges,58
1776241276,mosquitto-v2.0.18,chatafl_opt,2,nodes,16
1776241276,mosquitto-v2.0.18,chatafl_opt,2,edges,58
1776241281,mosquitto-v2.0.18,chatafl_opt,2,nodes,16
1776241281,mosquitto-v2.0.18,chatafl_opt,2,edges,58
1776241286,mosquitto-v2.0.18,chatafl_opt,2,nodes,16
1776241286,mosquitto-v2.0.18,chatafl_opt,2,edges,58
1776241291,mosquitto-v2.0.18,chatafl_opt,2,nodes,16
1776241291,mosquitto-v2.0.18,chatafl_opt,2,edges,58
1776241296,mosquitto-v2.0.18,chatafl_opt,2,nodes,16
1776241296,mosquitto-v2.0.18,chatafl_opt,2,edges,58
1776241301,mosquitto-v2.0.18,chatafl_opt,2,nodes,16
1776241301,mosquitto-v2.0.18,chatafl_opt,2,edges,58
1776241306,mosquitto-v2.0.18,chatafl_opt,2,nodes,16
1776241306,mosquitto-v2.0.18,chatafl_opt,2,edges,58
1776241312,mosquitto-v2.0.18,chatafl_opt,2,nodes,16
1776241312,mosquitto-v2.0.18,chatafl_opt,2,edges,58
1776241317,mosquitto-v2.0.18,chatafl_opt,2,nodes,16
1776241317,mosquitto-v2.0.18,chatafl_opt,2,edges,58
1776241322,mosquitto-v2.0.18,chatafl_opt,2,nodes,16
1776241322,mosquitto-v2.0.18,chatafl_opt,2,edges,58
1776241327,mosquitto-v2.0.18,chatafl_opt,2,nodes,16
1776241327,mosquitto-v2.0.18,chatafl_opt,2,edges,58
1776241332,mosquitto-v2.0.18,chatafl_opt,2,nodes,16
1776241332,mosquitto-v2.0.18,chatafl_opt,2,edges,58
1776241337,mosquitto-v2.0.18,chatafl_opt,2,nodes,16
1776241337,mosquitto-v2.0.18,chatafl_opt,2,edges,59
1776241342,mosquitto-v2.0.18,chatafl_opt,2,nodes,16
1776241342,mosquitto-v2.0.18,chatafl_opt,2,edges,59
1776241347,mosquitto-v2.0.18,chatafl_opt,2,nodes,16
1776241347,mosquitto-v2.0.18,chatafl_opt,2,edges,59
1776241352,mosquitto-v2.0.18,chatafl_opt,2,nodes,16
1776241352,mosquitto-v2.0.18,chatafl_opt,2,edges,59
1776241357,mosquitto-v2.0.18,chatafl_opt,2,nodes,16
1776241357,mosquitto-v2.0.18,chatafl_opt,2,edges,59
1776241363,mosquitto-v2.0.18,chatafl_opt,2,nodes,16
1776241363,mosquitto-v2.0.18,chatafl_opt,2,edges,59
1776241368,mosquitto-v2.0.18,chatafl_opt,2,nodes,16
1776241368,mosquitto-v2.0.18,chatafl_opt,2,edges,59
1776241373,mosquitto-v2.0.18,chatafl_opt,2,nodes,16
1776241373,mosquitto-v2.0.18,chatafl_opt,2,edges,59
1776241378,mosquitto-v2.0.18,chatafl_opt,2,nodes,16
1776241378,mosquitto-v2.0.18,chatafl_opt,2,edges,59
1776241383,mosquitto-v2.0.18,chatafl_opt,2,nodes,16
1776241383,mosquitto-v2.0.18,chatafl_opt,2,edges,59
1776241388,mosquitto-v2.0.18,chatafl_opt,2,nodes,16
1776241388,mosquitto-v2.0.18,chatafl_opt,2,edges,59
1776241394,mosquitto-v2.0.18,chatafl_opt,2,nodes,16
1776241394,mosquitto-v2.0.18,chatafl_opt,2,edges,59
1776241399,mosquitto-v2.0.18,chatafl_opt,2,nodes,16
1776241399,mosquitto-v2.0.18,chatafl_opt,2,edges,59
1776241404,mosquitto-v2.0.18,chatafl_opt,2,nodes,16
1776241404,mosquitto-v2.0.18,chatafl_opt,2,edges,59
1776241409,mosquitto-v2.0.18,chatafl_opt,2,nodes,16
1776241409,mosquitto-v2.0.18,chatafl_opt,2,edges,59
1776241414,mosquitto-v2.0.18,chatafl_opt,2,nodes,16
1776241414,mosquitto-v2.0.18,chatafl_opt,2,edges,59
1776241420,mosquitto-v2.0.18,chatafl_opt,2,nodes,16
1776241420,mosquitto-v2.0.18,chatafl_opt,2,edges,59
1776241425,mosquitto-v2.0.18,chatafl_opt,2,nodes,16
1776241425,mosquitto-v2.0.18,chatafl_opt,2,edges,60
1776241430,mosquitto-v2.0.18,chatafl_opt,2,nodes,16
1776241430,mosquitto-v2.0.18,chatafl_opt,2,edges,60
1776241435,mosquitto-v2.0.18,chatafl_opt,2,nodes,16
1776241435,mosquitto-v2.0.18,chatafl_opt,2,edges,60
1776241440,mosquitto-v2.0.18,chatafl_opt,2,nodes,16
1776241440,mosquitto-v2.0.18,chatafl_opt,2,edges,60
1776241445,mosquitto-v2.0.18,chatafl_opt,2,nodes,16
1776241445,mosquitto-v2.0.18,chatafl_opt,2,edges,60
1776241451,mosquitto-v2.0.18,chatafl_opt,2,nodes,16
1776241451,mosquitto-v2.0.18,chatafl_opt,2,edges,60
1776241456,mosquitto-v2.0.18,chatafl_opt,2,nodes,16
1776241456,mosquitto-v2.0.18,chatafl_opt,2,edges,60
1776241461,mosquitto-v2.0.18,chatafl_opt,2,nodes,16
1776241461,mosquitto-v2.0.18,chatafl_opt,2,edges,60
1776241466,mosquitto-v2.0.18,chatafl_opt,2,nodes,16
1776241466,mosquitto-v2.0.18,chatafl_opt,2,edges,60
1776241471,mosquitto-v2.0.18,chatafl_opt,2,nodes,16
1776241471,mosquitto-v2.0.18,chatafl_opt,2,edges,60
1776241476,mosquitto-v2.0.18,chatafl_opt,2,nodes,16
1776241476,mosquitto-v2.0.18,chatafl_opt,2,edges,60
1776241482,mosquitto-v2.0.18,chatafl_opt,2,nodes,16
1776241482,mosquitto-v2.0.18,chatafl_opt,2,edges,60
1776241487,mosquitto-v2.0.18,chatafl_opt,2,nodes,16
1776241487,mosquitto-v2.0.18,chatafl_opt,2,edges,60
1776241492,mosquitto-v2.0.18,chatafl_opt,2,nodes,16
1776241492,mosquitto-v2.0.18,chatafl_opt,2,edges,60
1776241497,mosquitto-v2.0.18,chatafl_opt,2,nodes,16
1776241497,mosquitto-v2.0.18,chatafl_opt,2,edges,60
1776241502,mosquitto-v2.0.18,chatafl_opt,2,nodes,16
1776241502,mosquitto-v2.0.18,chatafl_opt,2,edges,60
1776241507,mosquitto-v2.0.18,chatafl_opt,2,nodes,16
1776241507,mosquitto-v2.0.18,chatafl_opt,2,edges,61
1776241513,mosquitto-v2.0.18,chatafl_opt,2,nodes,16
1776241513,mosquitto-v2.0.18,chatafl_opt,2,edges,61
1776241518,mosquitto-v2.0.18,chatafl_opt,2,nodes,16
1776241518,mosquitto-v2.0.18,chatafl_opt,2,edges,61
1776241523,mosquitto-v2.0.18,chatafl_opt,2,nodes,16
1776241523,mosquitto-v2.0.18,chatafl_opt,2,edges,61
1776241528,mosquitto-v2.0.18,chatafl_opt,2,nodes,16
1776241528,mosquitto-v2.0.18,chatafl_opt,2,edges,61
1776241533,mosquitto-v2.0.18,chatafl_opt,2,nodes,16
1776241533,mosquitto-v2.0.18,chatafl_opt,2,edges,61
1776241538,mosquitto-v2.0.18,chatafl_opt,2,nodes,16
1776241538,mosquitto-v2.0.18,chatafl_opt,2,edges,61
1776241543,mosquitto-v2.0.18,chatafl_opt,2,nodes,16
1776241543,mosquitto-v2.0.18,chatafl_opt,2,edges,61
1776241548,mosquitto-v2.0.18,chatafl_opt,2,nodes,16
1776241548,mosquitto-v2.0.18,chatafl_opt,2,edges,62
1776241554,mosquitto-v2.0.18,chatafl_opt,2,nodes,16
1776241554,mosquitto-v2.0.18,chatafl_opt,2,edges,62
1776241559,mosquitto-v2.0.18,chatafl_opt,2,nodes,16
1776241559,mosquitto-v2.0.18,chatafl_opt,2,edges,62
1776241564,mosquitto-v2.0.18,chatafl_opt,2,nodes,16
1776241564,mosquitto-v2.0.18,chatafl_opt,2,edges,62
1776241569,mosquitto-v2.0.18,chatafl_opt,2,nodes,16
1776241569,mosquitto-v2.0.18,chatafl_opt,2,edges,62
1776241574,mosquitto-v2.0.18,chatafl_opt,2,nodes,16
1776241574,mosquitto-v2.0.18,chatafl_opt,2,edges,62
1776241579,mosquitto-v2.0.18,chatafl_opt,2,nodes,16
1776241579,mosquitto-v2.0.18,chatafl_opt,2,edges,62
1776241584,mosquitto-v2.0.18,chatafl_opt,2,nodes,16
1776241584,mosquitto-v2.0.18,chatafl_opt,2,edges,62
1776241589,mosquitto-v2.0.18,chatafl_opt,2,nodes,16
1776241589,mosquitto-v2.0.18,chatafl_opt,2,edges,62
1776241595,mosquitto-v2.0.18,chatafl_opt,2,nodes,16
1776241595,mosquitto-v2.0.18,chatafl_opt,2,edges,62
1776241600,mosquitto-v2.0.18,chatafl_opt,2,nodes,16
1776241600,mosquitto-v2.0.18,chatafl_opt,2,edges,62
1776241605,mosquitto-v2.0.18,chatafl_opt,2,nodes,16
1776241605,mosquitto-v2.0.18,chatafl_opt,2,edges,62
1776241610,mosquitto-v2.0.18,chatafl_opt,2,nodes,16
1776241610,mosquitto-v2.0.18,chatafl_opt,2,edges,62
1776241615,mosquitto-v2.0.18,chatafl_opt,2,nodes,16
1776241615,mosquitto-v2.0.18,chatafl_opt,2,edges,62
1776241620,mosquitto-v2.0.18,chatafl_opt,2,nodes,16
1776241620,mosquitto-v2.0.18,chatafl_opt,2,edges,62
1776241625,mosquitto-v2.0.18,chatafl_opt,2,nodes,16
1776241625,mosquitto-v2.0.18,chatafl_opt,2,edges,62
1776241630,mosquitto-v2.0.18,chatafl_opt,2,nodes,16
1776241630,mosquitto-v2.0.18,chatafl_opt,2,edges,62
1776241636,mosquitto-v2.0.18,chatafl_opt,2,nodes,16
1776241636,mosquitto-v2.0.18,chatafl_opt,2,edges,62
1776241641,mosquitto-v2.0.18,chatafl_opt,2,nodes,16
1776241641,mosquitto-v2.0.18,chatafl_opt,2,edges,62
1776241646,mosquitto-v2.0.18,chatafl_opt,2,nodes,16
1776241646,mosquitto-v2.0.18,chatafl_opt,2,edges,62
1776241651,mosquitto-v2.0.18,chatafl_opt,2,nodes,16
1776241651,mosquitto-v2.0.18,chatafl_opt,2,edges,62
1776241656,mosquitto-v2.0.18,chatafl_opt,2,nodes,16
1776241656,mosquitto-v2.0.18,chatafl_opt,2,edges,62
1776241661,mosquitto-v2.0.18,chatafl_opt,2,nodes,16
1776241661,mosquitto-v2.0.18,chatafl_opt,2,edges,62
1776241666,mosquitto-v2.0.18,chatafl_opt,2,nodes,16
1776241666,mosquitto-v2.0.18,chatafl_opt,2,edges,62
1776241671,mosquitto-v2.0.18,chatafl_opt,2,nodes,16
1776241671,mosquitto-v2.0.18,chatafl_opt,2,edges,62
1776241677,mosquitto-v2.0.18,chatafl_opt,2,nodes,16
1776241677,mosquitto-v2.0.18,chatafl_opt,2,edges,62
1776241682,mosquitto-v2.0.18,chatafl_opt,2,nodes,16
1776241682,mosquitto-v2.0.18,chatafl_opt,2,edges,62
1776241687,mosquitto-v2.0.18,chatafl_opt,2,nodes,16
1776241687,mosquitto-v2.0.18,chatafl_opt,2,edges,62
1776241692,mosquitto-v2.0.18,chatafl_opt,2,nodes,16
1776241692,mosquitto-v2.0.18,chatafl_opt,2,edges,62
1776241697,mosquitto-v2.0.18,chatafl_opt,2,nodes,16
1776241697,mosquitto-v2.0.18,chatafl_opt,2,edges,62
1776241702,mosquitto-v2.0.18,chatafl_opt,2,nodes,16
1776241702,mosquitto-v2.0.18,chatafl_opt,2,edges,62
1776241707,mosquitto-v2.0.18,chatafl_opt,2,nodes,16
1776241707,mosquitto-v2.0.18,chatafl_opt,2,edges,62
1776241712,mosquitto-v2.0.18,chatafl_opt,2,nodes,16
1776241712,mosquitto-v2.0.18,chatafl_opt,2,edges,62
1776241717,mosquitto-v2.0.18,chatafl_opt,2,nodes,16
1776241717,mosquitto-v2.0.18,chatafl_opt,2,edges,62
1776241723,mosquitto-v2.0.18,chatafl_opt,2,nodes,16
1776241723,mosquitto-v2.0.18,chatafl_opt,2,edges,62
1776241728,mosquitto-v2.0.18,chatafl_opt,2,nodes,16
1776241728,mosquitto-v2.0.18,chatafl_opt,2,edges,62
1776241733,mosquitto-v2.0.18,chatafl_opt,2,nodes,16
1776241733,mosquitto-v2.0.18,chatafl_opt,2,edges,62
1776241738,mosquitto-v2.0.18,chatafl_opt,2,nodes,16
1776241738,mosquitto-v2.0.18,chatafl_opt,2,edges,62
1776241743,mosquitto-v2.0.18,chatafl_opt,2,nodes,16
1776241743,mosquitto-v2.0.18,chatafl_opt,2,edges,62
1776241748,mosquitto-v2.0.18,chatafl_opt,2,nodes,16
1776241748,mosquitto-v2.0.18,chatafl_opt,2,edges,62
1776241754,mosquitto-v2.0.18,chatafl_opt,2,nodes,16
1776241754,mosquitto-v2.0.18,chatafl_opt,2,edges,62
1776241759,mosquitto-v2.0.18,chatafl_opt,2,nodes,16
1776241759,mosquitto-v2.0.18,chatafl_opt,2,edges,62
1776241764,mosquitto-v2.0.18,chatafl_opt,2,nodes,16
1776241764,mosquitto-v2.0.18,chatafl_opt,2,edges,62
1776241769,mosquitto-v2.0.18,chatafl_opt,2,nodes,16
1776241769,mosquitto-v2.0.18,chatafl_opt,2,edges,62
1776241774,mosquitto-v2.0.18,chatafl_opt,2,nodes,16
1776241774,mosquitto-v2.0.18,chatafl_opt,2,edges,62
1776241779,mosquitto-v2.0.18,chatafl_opt,2,nodes,16
1776241779,mosquitto-v2.0.18,chatafl_opt,2,edges,62
1776241785,mosquitto-v2.0.18,chatafl_opt,2,nodes,16
1776241785,mosquitto-v2.0.18,chatafl_opt,2,edges,62
1776241790,mosquitto-v2.0.18,chatafl_opt,2,nodes,16
1776241790,mosquitto-v2.0.18,chatafl_opt,2,edges,62
1776241795,mosquitto-v2.0.18,chatafl_opt,2,nodes,16
1776241795,mosquitto-v2.0.18,chatafl_opt,2,edges,62
1776241800,mosquitto-v2.0.18,chatafl_opt,2,nodes,16
1776241800,mosquitto-v2.0.18,chatafl_opt,2,edges,62
1776241805,mosquitto-v2.0.18,chatafl_opt,2,nodes,16
1776241805,mosquitto-v2.0.18,chatafl_opt,2,edges,62
1776241810,mosquitto-v2.0.18,chatafl_opt,2,nodes,16
1776241810,mosquitto-v2.0.18,chatafl_opt,2,edges,62
1776241815,mosquitto-v2.0.18,chatafl_opt,2,nodes,16
1776241815,mosquitto-v2.0.18,chatafl_opt,2,edges,62
1776241820,mosquitto-v2.0.18,chatafl_opt,2,nodes,16
1776241820,mosquitto-v2.0.18,chatafl_opt,2,edges,62
1776241825,mosquitto-v2.0.18,chatafl_opt,2,nodes,16
1776241825,mosquitto-v2.0.18,chatafl_opt,2,edges,62
1776241831,mosquitto-v2.0.18,chatafl_opt,2,nodes,16
1776241831,mosquitto-v2.0.18,chatafl_opt,2,edges,62
1776241836,mosquitto-v2.0.18,chatafl_opt,2,nodes,16
1776241836,mosquitto-v2.0.18,chatafl_opt,2,edges,62
1776241841,mosquitto-v2.0.18,chatafl_opt,2,nodes,16
1776241841,mosquitto-v2.0.18,chatafl_opt,2,edges,62
1776241846,mosquitto-v2.0.18,chatafl_opt,2,nodes,16
1776241846,mosquitto-v2.0.18,chatafl_opt,2,edges,62
1776241851,mosquitto-v2.0.18,chatafl_opt,2,nodes,16
1776241851,mosquitto-v2.0.18,chatafl_opt,2,edges,62
1776241856,mosquitto-v2.0.18,chatafl_opt,2,nodes,16
1776241856,mosquitto-v2.0.18,chatafl_opt,2,edges,62
1776241861,mosquitto-v2.0.18,chatafl_opt,2,nodes,16
1776241861,mosquitto-v2.0.18,chatafl_opt,2,edges,62
1776241866,mosquitto-v2.0.18,chatafl_opt,2,nodes,16
1776241866,mosquitto-v2.0.18,chatafl_opt,2,edges,62
1776241872,mosquitto-v2.0.18,chatafl_opt,2,nodes,16
1776241872,mosquitto-v2.0.18,chatafl_opt,2,edges,62
1776241877,mosquitto-v2.0.18,chatafl_opt,2,nodes,16
1776241877,mosquitto-v2.0.18,chatafl_opt,2,edges,62
1776241882,mosquitto-v2.0.18,chatafl_opt,2,nodes,16
1776241882,mosquitto-v2.0.18,chatafl_opt,2,edges,62
1776241887,mosquitto-v2.0.18,chatafl_opt,2,nodes,16
1776241887,mosquitto-v2.0.18,chatafl_opt,2,edges,62
1776241892,mosquitto-v2.0.18,chatafl_opt,2,nodes,16
1776241892,mosquitto-v2.0.18,chatafl_opt,2,edges,62
1776241897,mosquitto-v2.0.18,chatafl_opt,2,nodes,16
1776241897,mosquitto-v2.0.18,chatafl_opt,2,edges,62
1776241902,mosquitto-v2.0.18,chatafl_opt,2,nodes,16
1776241902,mosquitto-v2.0.18,chatafl_opt,2,edges,62
1776241907,mosquitto-v2.0.18,chatafl_opt,2,nodes,16
1776241907,mosquitto-v2.0.18,chatafl_opt,2,edges,62
1776241912,mosquitto-v2.0.18,chatafl_opt,2,nodes,16
1776241912,mosquitto-v2.0.18,chatafl_opt,2,edges,62
1776241917,mosquitto-v2.0.18,chatafl_opt,2,nodes,16
1776241917,mosquitto-v2.0.18,chatafl_opt,2,edges,62
1776241928,mosquitto-v2.0.18,chatafl_opt,2,nodes,16
1776241928,mosquitto-v2.0.18,chatafl_opt,2,edges,62
1776241933,mosquitto-v2.0.18,chatafl_opt,2,nodes,16
1776241933,mosquitto-v2.0.18,chatafl_opt,2,edges,62
1776241938,mosquitto-v2.0.18,chatafl_opt,2,nodes,16
1776241938,mosquitto-v2.0.18,chatafl_opt,2,edges,62
1776241944,mosquitto-v2.0.18,chatafl_opt,2,nodes,16
1776241944,mosquitto-v2.0.18,chatafl_opt,2,edges,62
1776241949,mosquitto-v2.0.18,chatafl_opt,2,nodes,16
1776241949,mosquitto-v2.0.18,chatafl_opt,2,edges,62
1776241954,mosquitto-v2.0.18,chatafl_opt,2,nodes,16
1776241954,mosquitto-v2.0.18,chatafl_opt,2,edges,62
1776241959,mosquitto-v2.0.18,chatafl_opt,2,nodes,16
1776241959,mosquitto-v2.0.18,chatafl_opt,2,edges,62
1776241964,mosquitto-v2.0.18,chatafl_opt,2,nodes,16
1776241964,mosquitto-v2.0.18,chatafl_opt,2,edges,62
1776241969,mosquitto-v2.0.18,chatafl_opt,2,nodes,16
1776241969,mosquitto-v2.0.18,chatafl_opt,2,edges,62
1776241974,mosquitto-v2.0.18,chatafl_opt,2,nodes,16
1776241974,mosquitto-v2.0.18,chatafl_opt,2,edges,62
1776241980,mosquitto-v2.0.18,chatafl_opt,2,nodes,16
1776241980,mosquitto-v2.0.18,chatafl_opt,2,edges,62
1776241990,mosquitto-v2.0.18,chatafl_opt,2,nodes,16
1776241990,mosquitto-v2.0.18,chatafl_opt,2,edges,63
1776241995,mosquitto-v2.0.18,chatafl_opt,2,nodes,16
1776241995,mosquitto-v2.0.18,chatafl_opt,2,edges,63
1776242000,mosquitto-v2.0.18,chatafl_opt,2,nodes,16
1776242000,mosquitto-v2.0.18,chatafl_opt,2,edges,63
1776242005,mosquitto-v2.0.18,chatafl_opt,2,nodes,16
1776242005,mosquitto-v2.0.18,chatafl_opt,2,edges,63
1776242010,mosquitto-v2.0.18,chatafl_opt,2,nodes,16
1776242010,mosquitto-v2.0.18,chatafl_opt,2,edges,63
1776242016,mosquitto-v2.0.18,chatafl_opt,2,nodes,16
1776242016,mosquitto-v2.0.18,chatafl_opt,2,edges,65
1776242021,mosquitto-v2.0.18,chatafl_opt,2,nodes,16
1776242021,mosquitto-v2.0.18,chatafl_opt,2,edges,65
1776242026,mosquitto-v2.0.18,chatafl_opt,2,nodes,16
1776242026,mosquitto-v2.0.18,chatafl_opt,2,edges,65
1776242031,mosquitto-v2.0.18,chatafl_opt,2,nodes,16
1776242031,mosquitto-v2.0.18,chatafl_opt,2,edges,65
1776242036,mosquitto-v2.0.18,chatafl_opt,2,nodes,16
1776242036,mosquitto-v2.0.18,chatafl_opt,2,edges,66
1776242042,mosquitto-v2.0.18,chatafl_opt,2,nodes,16
1776242042,mosquitto-v2.0.18,chatafl_opt,2,edges,66
1776242047,mosquitto-v2.0.18,chatafl_opt,2,nodes,16
1776242047,mosquitto-v2.0.18,chatafl_opt,2,edges,66
1776242052,mosquitto-v2.0.18,chatafl_opt,2,nodes,16
1776242052,mosquitto-v2.0.18,chatafl_opt,2,edges,66
1776242057,mosquitto-v2.0.18,chatafl_opt,2,nodes,16
1776242057,mosquitto-v2.0.18,chatafl_opt,2,edges,66
1776242062,mosquitto-v2.0.18,chatafl_opt,2,nodes,16
1776242062,mosquitto-v2.0.18,chatafl_opt,2,edges,66
1776242068,mosquitto-v2.0.18,chatafl_opt,2,nodes,16
1776242068,mosquitto-v2.0.18,chatafl_opt,2,edges,66
1776242073,mosquitto-v2.0.18,chatafl_opt,2,nodes,16
1776242073,mosquitto-v2.0.18,chatafl_opt,2,edges,67
1776242078,mosquitto-v2.0.18,chatafl_opt,2,nodes,16
1776242078,mosquitto-v2.0.18,chatafl_opt,2,edges,67
1776242083,mosquitto-v2.0.18,chatafl_opt,2,nodes,16
1776242083,mosquitto-v2.0.18,chatafl_opt,2,edges,67
1776242088,mosquitto-v2.0.18,chatafl_opt,2,nodes,16
1776242088,mosquitto-v2.0.18,chatafl_opt,2,edges,67
1776242094,mosquitto-v2.0.18,chatafl_opt,2,nodes,16
1776242094,mosquitto-v2.0.18,chatafl_opt,2,edges,67
1776242099,mosquitto-v2.0.18,chatafl_opt,2,nodes,16
1776242099,mosquitto-v2.0.18,chatafl_opt,2,edges,67
1776242109,mosquitto-v2.0.18,chatafl_opt,2,nodes,16
1776242109,mosquitto-v2.0.18,chatafl_opt,2,edges,67
1776242114,mosquitto-v2.0.18,chatafl_opt,2,nodes,16
1776242114,mosquitto-v2.0.18,chatafl_opt,2,edges,67
1776242120,mosquitto-v2.0.18,chatafl_opt,2,nodes,16
1776242120,mosquitto-v2.0.18,chatafl_opt,2,edges,67
1776242125,mosquitto-v2.0.18,chatafl_opt,2,nodes,16
1776242125,mosquitto-v2.0.18,chatafl_opt,2,edges,67
1776242130,mosquitto-v2.0.18,chatafl_opt,2,nodes,16
1776242130,mosquitto-v2.0.18,chatafl_opt,2,edges,67
1776242135,mosquitto-v2.0.18,chatafl_opt,2,nodes,16
1776242135,mosquitto-v2.0.18,chatafl_opt,2,edges,67
1776242140,mosquitto-v2.0.18,chatafl_opt,2,nodes,16
1776242140,mosquitto-v2.0.18,chatafl_opt,2,edges,67
1776242145,mosquitto-v2.0.18,chatafl_opt,2,nodes,16
1776242145,mosquitto-v2.0.18,chatafl_opt,2,edges,67
1776242151,mosquitto-v2.0.18,chatafl_opt,2,nodes,16
1776242151,mosquitto-v2.0.18,chatafl_opt,2,edges,67
1776242156,mosquitto-v2.0.18,chatafl_opt,2,nodes,16
1776242156,mosquitto-v2.0.18,chatafl_opt,2,edges,67
1776242161,mosquitto-v2.0.18,chatafl_opt,2,nodes,16
1776242161,mosquitto-v2.0.18,chatafl_opt,2,edges,67
1776242166,mosquitto-v2.0.18,chatafl_opt,2,nodes,16
1776242166,mosquitto-v2.0.18,chatafl_opt,2,edges,67
1776242171,mosquitto-v2.0.18,chatafl_opt,2,nodes,16
1776242171,mosquitto-v2.0.18,chatafl_opt,2,edges,67
1776242177,mosquitto-v2.0.18,chatafl_opt,2,nodes,16
1776242177,mosquitto-v2.0.18,chatafl_opt,2,edges,67
1776242182,mosquitto-v2.0.18,chatafl_opt,2,nodes,16
1776242182,mosquitto-v2.0.18,chatafl_opt,2,edges,67
1776242187,mosquitto-v2.0.18,chatafl_opt,2,nodes,16
1776242187,mosquitto-v2.0.18,chatafl_opt,2,edges,67
1776242192,mosquitto-v2.0.18,chatafl_opt,2,nodes,16
1776242192,mosquitto-v2.0.18,chatafl_opt,2,edges,67
1776242197,mosquitto-v2.0.18,chatafl_opt,2,nodes,16
1776242197,mosquitto-v2.0.18,chatafl_opt,2,edges,67
1776242202,mosquitto-v2.0.18,chatafl_opt,2,nodes,16
1776242202,mosquitto-v2.0.18,chatafl_opt,2,edges,67
1776242207,mosquitto-v2.0.18,chatafl_opt,2,nodes,16
1776242207,mosquitto-v2.0.18,chatafl_opt,2,edges,67
1776242213,mosquitto-v2.0.18,chatafl_opt,2,nodes,16
1776242213,mosquitto-v2.0.18,chatafl_opt,2,edges,67
1776242218,mosquitto-v2.0.18,chatafl_opt,2,nodes,16
1776242218,mosquitto-v2.0.18,chatafl_opt,2,edges,69
1776242223,mosquitto-v2.0.18,chatafl_opt,2,nodes,16
1776242223,mosquitto-v2.0.18,chatafl_opt,2,edges,69
1776242228,mosquitto-v2.0.18,chatafl_opt,2,nodes,16
1776242228,mosquitto-v2.0.18,chatafl_opt,2,edges,69
1776242233,mosquitto-v2.0.18,chatafl_opt,2,nodes,16
1776242233,mosquitto-v2.0.18,chatafl_opt,2,edges,69
1776242238,mosquitto-v2.0.18,chatafl_opt,2,nodes,16
1776242238,mosquitto-v2.0.18,chatafl_opt,2,edges,69
1776242243,mosquitto-v2.0.18,chatafl_opt,2,nodes,16
1776242243,mosquitto-v2.0.18,chatafl_opt,2,edges,69
1776242248,mosquitto-v2.0.18,chatafl_opt,2,nodes,16
1776242248,mosquitto-v2.0.18,chatafl_opt,2,edges,69
1776242253,mosquitto-v2.0.18,chatafl_opt,2,nodes,16
1776242253,mosquitto-v2.0.18,chatafl_opt,2,edges,69
1776242259,mosquitto-v2.0.18,chatafl_opt,2,nodes,16
1776242259,mosquitto-v2.0.18,chatafl_opt,2,edges,69
1776242264,mosquitto-v2.0.18,chatafl_opt,2,nodes,16
1776242264,mosquitto-v2.0.18,chatafl_opt,2,edges,69
1776242269,mosquitto-v2.0.18,chatafl_opt,2,nodes,16
1776242269,mosquitto-v2.0.18,chatafl_opt,2,edges,69
1776242274,mosquitto-v2.0.18,chatafl_opt,2,nodes,16
1776242274,mosquitto-v2.0.18,chatafl_opt,2,edges,69
1776242279,mosquitto-v2.0.18,chatafl_opt,2,nodes,16
1776242279,mosquitto-v2.0.18,chatafl_opt,2,edges,70
1776242284,mosquitto-v2.0.18,chatafl_opt,2,nodes,16
1776242284,mosquitto-v2.0.18,chatafl_opt,2,edges,70
1776242289,mosquitto-v2.0.18,chatafl_opt,2,nodes,16
1776242289,mosquitto-v2.0.18,chatafl_opt,2,edges,70
1776242294,mosquitto-v2.0.18,chatafl_opt,2,nodes,16
1776242294,mosquitto-v2.0.18,chatafl_opt,2,edges,70
1776242299,mosquitto-v2.0.18,chatafl_opt,2,nodes,16
1776242299,mosquitto-v2.0.18,chatafl_opt,2,edges,70
1776242305,mosquitto-v2.0.18,chatafl_opt,2,nodes,16
1776242305,mosquitto-v2.0.18,chatafl_opt,2,edges,70
1776242310,mosquitto-v2.0.18,chatafl_opt,2,nodes,16
1776242310,mosquitto-v2.0.18,chatafl_opt,2,edges,70
1776242315,mosquitto-v2.0.18,chatafl_opt,2,nodes,16
1776242315,mosquitto-v2.0.18,chatafl_opt,2,edges,70
1776242320,mosquitto-v2.0.18,chatafl_opt,2,nodes,16
1776242320,mosquitto-v2.0.18,chatafl_opt,2,edges,70
1776242325,mosquitto-v2.0.18,chatafl_opt,2,nodes,16
1776242325,mosquitto-v2.0.18,chatafl_opt,2,edges,70
1776242330,mosquitto-v2.0.18,chatafl_opt,2,nodes,16
1776242330,mosquitto-v2.0.18,chatafl_opt,2,edges,70
1776242335,mosquitto-v2.0.18,chatafl_opt,2,nodes,16
1776242335,mosquitto-v2.0.18,chatafl_opt,2,edges,70
1776242340,mosquitto-v2.0.18,chatafl_opt,2,nodes,16
1776242340,mosquitto-v2.0.18,chatafl_opt,2,edges,70
1776242346,mosquitto-v2.0.18,chatafl_opt,2,nodes,16
1776242346,mosquitto-v2.0.18,chatafl_opt,2,edges,70
1776242351,mosquitto-v2.0.18,chatafl_opt,2,nodes,16
1776242351,mosquitto-v2.0.18,chatafl_opt,2,edges,70
1776242356,mosquitto-v2.0.18,chatafl_opt,2,nodes,16
1776242356,mosquitto-v2.0.18,chatafl_opt,2,edges,70
1776242361,mosquitto-v2.0.18,chatafl_opt,2,nodes,16
1776242361,mosquitto-v2.0.18,chatafl_opt,2,edges,70
1776242366,mosquitto-v2.0.18,chatafl_opt,2,nodes,16
1776242366,mosquitto-v2.0.18,chatafl_opt,2,edges,70
1776242371,mosquitto-v2.0.18,chatafl_opt,2,nodes,16
1776242371,mosquitto-v2.0.18,chatafl_opt,2,edges,70
1776242376,mosquitto-v2.0.18,chatafl_opt,2,nodes,16
1776242376,mosquitto-v2.0.18,chatafl_opt,2,edges,70
1776242381,mosquitto-v2.0.18,chatafl_opt,2,nodes,16
1776242381,mosquitto-v2.0.18,chatafl_opt,2,edges,70
1776242386,mosquitto-v2.0.18,chatafl_opt,2,nodes,16
1776242386,mosquitto-v2.0.18,chatafl_opt,2,edges,70
1776242392,mosquitto-v2.0.18,chatafl_opt,2,nodes,16
1776242392,mosquitto-v2.0.18,chatafl_opt,2,edges,70
1776242397,mosquitto-v2.0.18,chatafl_opt,2,nodes,16
1776242397,mosquitto-v2.0.18,chatafl_opt,2,edges,70
1776242402,mosquitto-v2.0.18,chatafl_opt,2,nodes,16
1776242402,mosquitto-v2.0.18,chatafl_opt,2,edges,70
1776242407,mosquitto-v2.0.18,chatafl_opt,2,nodes,16
1776242407,mosquitto-v2.0.18,chatafl_opt,2,edges,70
1776242412,mosquitto-v2.0.18,chatafl_opt,2,nodes,16
1776242412,mosquitto-v2.0.18,chatafl_opt,2,edges,70
1776242417,mosquitto-v2.0.18,chatafl_opt,2,nodes,16
1776242417,mosquitto-v2.0.18,chatafl_opt,2,edges,70
1776242422,mosquitto-v2.0.18,chatafl_opt,2,nodes,16
1776242422,mosquitto-v2.0.18,chatafl_opt,2,edges,70
1776242427,mosquitto-v2.0.18,chatafl_opt,2,nodes,16
1776242427,mosquitto-v2.0.18,chatafl_opt,2,edges,70
1776242432,mosquitto-v2.0.18,chatafl_opt,2,nodes,16
1776242432,mosquitto-v2.0.18,chatafl_opt,2,edges,70
1776242438,mosquitto-v2.0.18,chatafl_opt,2,nodes,16
1776242438,mosquitto-v2.0.18,chatafl_opt,2,edges,70
1776242443,mosquitto-v2.0.18,chatafl_opt,2,nodes,16
1776242443,mosquitto-v2.0.18,chatafl_opt,2,edges,70
1776242448,mosquitto-v2.0.18,chatafl_opt,2,nodes,16
1776242448,mosquitto-v2.0.18,chatafl_opt,2,edges,70
1776242453,mosquitto-v2.0.18,chatafl_opt,2,nodes,16
1776242453,mosquitto-v2.0.18,chatafl_opt,2,edges,70
1776242458,mosquitto-v2.0.18,chatafl_opt,2,nodes,16
1776242458,mosquitto-v2.0.18,chatafl_opt,2,edges,70
1776242463,mosquitto-v2.0.18,chatafl_opt,2,nodes,16
1776242463,mosquitto-v2.0.18,chatafl_opt,2,edges,70
1776242468,mosquitto-v2.0.18,chatafl_opt,2,nodes,16
1776242468,mosquitto-v2.0.18,chatafl_opt,2,edges,70
1776242474,mosquitto-v2.0.18,chatafl_opt,2,nodes,16
1776242474,mosquitto-v2.0.18,chatafl_opt,2,edges,70
1776242479,mosquitto-v2.0.18,chatafl_opt,2,nodes,16
1776242479,mosquitto-v2.0.18,chatafl_opt,2,edges,70
1776242484,mosquitto-v2.0.18,chatafl_opt,2,nodes,16
1776242484,mosquitto-v2.0.18,chatafl_opt,2,edges,70
1776242489,mosquitto-v2.0.18,chatafl_opt,2,nodes,16
1776242489,mosquitto-v2.0.18,chatafl_opt,2,edges,70
1776242494,mosquitto-v2.0.18,chatafl_opt,2,nodes,16
1776242494,mosquitto-v2.0.18,chatafl_opt,2,edges,70
1776242499,mosquitto-v2.0.18,chatafl_opt,2,nodes,16
1776242499,mosquitto-v2.0.18,chatafl_opt,2,edges,70
1776242504,mosquitto-v2.0.18,chatafl_opt,2,nodes,16
1776242504,mosquitto-v2.0.18,chatafl_opt,2,edges,70
1776242509,mosquitto-v2.0.18,chatafl_opt,2,nodes,16
1776242509,mosquitto-v2.0.18,chatafl_opt,2,edges,70
1776242515,mosquitto-v2.0.18,chatafl_opt,2,nodes,16
1776242515,mosquitto-v2.0.18,chatafl_opt,2,edges,70
1776242520,mosquitto-v2.0.18,chatafl_opt,2,nodes,16
1776242520,mosquitto-v2.0.18,chatafl_opt,2,edges,70
1776242525,mosquitto-v2.0.18,chatafl_opt,2,nodes,16
1776242525,mosquitto-v2.0.18,chatafl_opt,2,edges,70
1776242530,mosquitto-v2.0.18,chatafl_opt,2,nodes,16
1776242530,mosquitto-v2.0.18,chatafl_opt,2,edges,70
1776242535,mosquitto-v2.0.18,chatafl_opt,2,nodes,16
1776242535,mosquitto-v2.0.18,chatafl_opt,2,edges,70
1776242540,mosquitto-v2.0.18,chatafl_opt,2,nodes,16
1776242540,mosquitto-v2.0.18,chatafl_opt,2,edges,70
1776242545,mosquitto-v2.0.18,chatafl_opt,2,nodes,16
1776242545,mosquitto-v2.0.18,chatafl_opt,2,edges,70
1776242550,mosquitto-v2.0.18,chatafl_opt,2,nodes,16
1776242550,mosquitto-v2.0.18,chatafl_opt,2,edges,71
1776242556,mosquitto-v2.0.18,chatafl_opt,2,nodes,16
1776242556,mosquitto-v2.0.18,chatafl_opt,2,edges,71
1776242561,mosquitto-v2.0.18,chatafl_opt,2,nodes,16
1776242561,mosquitto-v2.0.18,chatafl_opt,2,edges,71
1776242566,mosquitto-v2.0.18,chatafl_opt,2,nodes,16
1776242566,mosquitto-v2.0.18,chatafl_opt,2,edges,71
1776242571,mosquitto-v2.0.18,chatafl_opt,2,nodes,16
1776242571,mosquitto-v2.0.18,chatafl_opt,2,edges,71
1776242576,mosquitto-v2.0.18,chatafl_opt,2,nodes,16
1776242576,mosquitto-v2.0.18,chatafl_opt,2,edges,71
1776242581,mosquitto-v2.0.18,chatafl_opt,2,nodes,16
1776242581,mosquitto-v2.0.18,chatafl_opt,2,edges,71
1776242586,mosquitto-v2.0.18,chatafl_opt,2,nodes,16
1776242586,mosquitto-v2.0.18,chatafl_opt,2,edges,71
1776242591,mosquitto-v2.0.18,chatafl_opt,2,nodes,16
1776242591,mosquitto-v2.0.18,chatafl_opt,2,edges,71
1776242597,mosquitto-v2.0.18,chatafl_opt,2,nodes,16
1776242597,mosquitto-v2.0.18,chatafl_opt,2,edges,71
1776242602,mosquitto-v2.0.18,chatafl_opt,2,nodes,16
1776242602,mosquitto-v2.0.18,chatafl_opt,2,edges,71
1776242607,mosquitto-v2.0.18,chatafl_opt,2,nodes,16
1776242607,mosquitto-v2.0.18,chatafl_opt,2,edges,71
1776242612,mosquitto-v2.0.18,chatafl_opt,2,nodes,16
1776242612,mosquitto-v2.0.18,chatafl_opt,2,edges,71
1776242617,mosquitto-v2.0.18,chatafl_opt,2,nodes,16
1776242617,mosquitto-v2.0.18,chatafl_opt,2,edges,71
1776242622,mosquitto-v2.0.18,chatafl_opt,2,nodes,16
1776242622,mosquitto-v2.0.18,chatafl_opt,2,edges,71
1776242627,mosquitto-v2.0.18,chatafl_opt,2,nodes,16
1776242627,mosquitto-v2.0.18,chatafl_opt,2,edges,71
1776242632,mosquitto-v2.0.18,chatafl_opt,2,nodes,16
1776242632,mosquitto-v2.0.18,chatafl_opt,2,edges,71
1776242638,mosquitto-v2.0.18,chatafl_opt,2,nodes,16
1776242638,mosquitto-v2.0.18,chatafl_opt,2,edges,71
1776242643,mosquitto-v2.0.18,chatafl_opt,2,nodes,16
1776242643,mosquitto-v2.0.18,chatafl_opt,2,edges,71
1776242648,mosquitto-v2.0.18,chatafl_opt,2,nodes,16
1776242648,mosquitto-v2.0.18,chatafl_opt,2,edges,71
1776242653,mosquitto-v2.0.18,chatafl_opt,2,nodes,16
1776242653,mosquitto-v2.0.18,chatafl_opt,2,edges,71
1776242658,mosquitto-v2.0.18,chatafl_opt,2,nodes,16
1776242658,mosquitto-v2.0.18,chatafl_opt,2,edges,71
1776242663,mosquitto-v2.0.18,chatafl_opt,2,nodes,16
1776242663,mosquitto-v2.0.18,chatafl_opt,2,edges,71
1776242669,mosquitto-v2.0.18,chatafl_opt,2,nodes,16
1776242669,mosquitto-v2.0.18,chatafl_opt,2,edges,71
1776242674,mosquitto-v2.0.18,chatafl_opt,2,nodes,16
1776242674,mosquitto-v2.0.18,chatafl_opt,2,edges,71
1776242679,mosquitto-v2.0.18,chatafl_opt,2,nodes,16
1776242679,mosquitto-v2.0.18,chatafl_opt,2,edges,71
1776242684,mosquitto-v2.0.18,chatafl_opt,2,nodes,16
1776242684,mosquitto-v2.0.18,chatafl_opt,2,edges,71
1776242689,mosquitto-v2.0.18,chatafl_opt,2,nodes,16
1776242689,mosquitto-v2.0.18,chatafl_opt,2,edges,71
1776242694,mosquitto-v2.0.18,chatafl_opt,2,nodes,16
1776242694,mosquitto-v2.0.18,chatafl_opt,2,edges,71
1776242699,mosquitto-v2.0.18,chatafl_opt,2,nodes,16
1776242699,mosquitto-v2.0.18,chatafl_opt,2,edges,71
1776242704,mosquitto-v2.0.18,chatafl_opt,2,nodes,16
1776242704,mosquitto-v2.0.18,chatafl_opt,2,edges,71
1776242709,mosquitto-v2.0.18,chatafl_opt,2,nodes,16
1776242709,mosquitto-v2.0.18,chatafl_opt,2,edges,71
1776242714,mosquitto-v2.0.18,chatafl_opt,2,nodes,16
1776242714,mosquitto-v2.0.18,chatafl_opt,2,edges,71
1776242719,mosquitto-v2.0.18,chatafl_opt,2,nodes,16
1776242719,mosquitto-v2.0.18,chatafl_opt,2,edges,71
1776242725,mosquitto-v2.0.18,chatafl_opt,2,nodes,16
1776242725,mosquitto-v2.0.18,chatafl_opt,2,edges,71
1776242730,mosquitto-v2.0.18,chatafl_opt,2,nodes,16
1776242730,mosquitto-v2.0.18,chatafl_opt,2,edges,71
1776242735,mosquitto-v2.0.18,chatafl_opt,2,nodes,16
1776242735,mosquitto-v2.0.18,chatafl_opt,2,edges,71
1776242740,mosquitto-v2.0.18,chatafl_opt,2,nodes,16
1776242740,mosquitto-v2.0.18,chatafl_opt,2,edges,71
1776242745,mosquitto-v2.0.18,chatafl_opt,2,nodes,16
1776242745,mosquitto-v2.0.18,chatafl_opt,2,edges,71
1776242751,mosquitto-v2.0.18,chatafl_opt,2,nodes,16
1776242751,mosquitto-v2.0.18,chatafl_opt,2,edges,71
1776242756,mosquitto-v2.0.18,chatafl_opt,2,nodes,16
1776242756,mosquitto-v2.0.18,chatafl_opt,2,edges,71
1776242761,mosquitto-v2.0.18,chatafl_opt,2,nodes,16
1776242761,mosquitto-v2.0.18,chatafl_opt,2,edges,71
1776242766,mosquitto-v2.0.18,chatafl_opt,2,nodes,16
1776242766,mosquitto-v2.0.18,chatafl_opt,2,edges,71
1776242771,mosquitto-v2.0.18,chatafl_opt,2,nodes,16
1776242771,mosquitto-v2.0.18,chatafl_opt,2,edges,71
1776242776,mosquitto-v2.0.18,chatafl_opt,2,nodes,16
1776242776,mosquitto-v2.0.18,chatafl_opt,2,edges,71
1776242781,mosquitto-v2.0.18,chatafl_opt,2,nodes,16
1776242781,mosquitto-v2.0.18,chatafl_opt,2,edges,71
1776242787,mosquitto-v2.0.18,chatafl_opt,2,nodes,16
1776242787,mosquitto-v2.0.18,chatafl_opt,2,edges,71
1776242792,mosquitto-v2.0.18,chatafl_opt,2,nodes,16
1776242792,mosquitto-v2.0.18,chatafl_opt,2,edges,71
1776242797,mosquitto-v2.0.18,chatafl_opt,2,nodes,16
1776242797,mosquitto-v2.0.18,chatafl_opt,2,edges,71
1776242802,mosquitto-v2.0.18,chatafl_opt,2,nodes,16
1776242802,mosquitto-v2.0.18,chatafl_opt,2,edges,71
1776242807,mosquitto-v2.0.18,chatafl_opt,2,nodes,16
1776242807,mosquitto-v2.0.18,chatafl_opt,2,edges,71
1776242812,mosquitto-v2.0.18,chatafl_opt,2,nodes,16
1776242812,mosquitto-v2.0.18,chatafl_opt,2,edges,71
1776242818,mosquitto-v2.0.18,chatafl_opt,2,nodes,16
1776242818,mosquitto-v2.0.18,chatafl_opt,2,edges,71
1776242823,mosquitto-v2.0.18,chatafl_opt,2,nodes,16
1776242823,mosquitto-v2.0.18,chatafl_opt,2,edges,71
1776242828,mosquitto-v2.0.18,chatafl_opt,2,nodes,16
1776242828,mosquitto-v2.0.18,chatafl_opt,2,edges,71
1776242833,mosquitto-v2.0.18,chatafl_opt,2,nodes,16
1776242833,mosquitto-v2.0.18,chatafl_opt,2,edges,71
1776242838,mosquitto-v2.0.18,chatafl_opt,2,nodes,16
1776242838,mosquitto-v2.0.18,chatafl_opt,2,edges,71
1776242843,mosquitto-v2.0.18,chatafl_opt,2,nodes,16
1776242843,mosquitto-v2.0.18,chatafl_opt,2,edges,71
1776242848,mosquitto-v2.0.18,chatafl_opt,2,nodes,16
1776242848,mosquitto-v2.0.18,chatafl_opt,2,edges,71
1776242853,mosquitto-v2.0.18,chatafl_opt,2,nodes,16
1776242853,mosquitto-v2.0.18,chatafl_opt,2,edges,71
1776242859,mosquitto-v2.0.18,chatafl_opt,2,nodes,16
1776242859,mosquitto-v2.0.18,chatafl_opt,2,edges,71
1776242864,mosquitto-v2.0.18,chatafl_opt,2,nodes,16
1776242864,mosquitto-v2.0.18,chatafl_opt,2,edges,71
1776242869,mosquitto-v2.0.18,chatafl_opt,2,nodes,16
1776242869,mosquitto-v2.0.18,chatafl_opt,2,edges,71
1776242874,mosquitto-v2.0.18,chatafl_opt,2,nodes,16
1776242874,mosquitto-v2.0.18,chatafl_opt,2,edges,71
1776242880,mosquitto-v2.0.18,chatafl_opt,2,nodes,16
1776242880,mosquitto-v2.0.18,chatafl_opt,2,edges,71
1776242885,mosquitto-v2.0.18,chatafl_opt,2,nodes,16
1776242885,mosquitto-v2.0.18,chatafl_opt,2,edges,71
1776242890,mosquitto-v2.0.18,chatafl_opt,2,nodes,16
1776242890,mosquitto-v2.0.18,chatafl_opt,2,edges,71
1776242895,mosquitto-v2.0.18,chatafl_opt,2,nodes,16
1776242895,mosquitto-v2.0.18,chatafl_opt,2,edges,71
1776242900,mosquitto-v2.0.18,chatafl_opt,2,nodes,16
1776242900,mosquitto-v2.0.18,chatafl_opt,2,edges,71
1776242905,mosquitto-v2.0.18,chatafl_opt,2,nodes,16
1776242905,mosquitto-v2.0.18,chatafl_opt,2,edges,71
1776242910,mosquitto-v2.0.18,chatafl_opt,2,nodes,16
1776242910,mosquitto-v2.0.18,chatafl_opt,2,edges,71
1776242915,mosquitto-v2.0.18,chatafl_opt,2,nodes,16
1776242915,mosquitto-v2.0.18,chatafl_opt,2,edges,71
1776242921,mosquitto-v2.0.18,chatafl_opt,2,nodes,16
1776242921,mosquitto-v2.0.18,chatafl_opt,2,edges,71
1776242926,mosquitto-v2.0.18,chatafl_opt,2,nodes,16
1776242926,mosquitto-v2.0.18,chatafl_opt,2,edges,71
1776242931,mosquitto-v2.0.18,chatafl_opt,2,nodes,16
1776242931,mosquitto-v2.0.18,chatafl_opt,2,edges,71
1776242936,mosquitto-v2.0.18,chatafl_opt,2,nodes,16
1776242936,mosquitto-v2.0.18,chatafl_opt,2,edges,71
1776242941,mosquitto-v2.0.18,chatafl_opt,2,nodes,16
1776242941,mosquitto-v2.0.18,chatafl_opt,2,edges,71
1776242947,mosquitto-v2.0.18,chatafl_opt,2,nodes,16
1776242947,mosquitto-v2.0.18,chatafl_opt,2,edges,71
1776242952,mosquitto-v2.0.18,chatafl_opt,2,nodes,16
1776242952,mosquitto-v2.0.18,chatafl_opt,2,edges,71
1776242957,mosquitto-v2.0.18,chatafl_opt,2,nodes,16
1776242957,mosquitto-v2.0.18,chatafl_opt,2,edges,71
1776242962,mosquitto-v2.0.18,chatafl_opt,2,nodes,16
1776242962,mosquitto-v2.0.18,chatafl_opt,2,edges,71
1776242967,mosquitto-v2.0.18,chatafl_opt,2,nodes,16
1776242967,mosquitto-v2.0.18,chatafl_opt,2,edges,71
1776242972,mosquitto-v2.0.18,chatafl_opt,2,nodes,16
1776242972,mosquitto-v2.0.18,chatafl_opt,2,edges,71
1776242977,mosquitto-v2.0.18,chatafl_opt,2,nodes,16
1776242977,mosquitto-v2.0.18,chatafl_opt,2,edges,71
1776242982,mosquitto-v2.0.18,chatafl_opt,2,nodes,16
1776242982,mosquitto-v2.0.18,chatafl_opt,2,edges,71
1776242987,mosquitto-v2.0.18,chatafl_opt,2,nodes,16
1776242987,mosquitto-v2.0.18,chatafl_opt,2,edges,71
1776242993,mosquitto-v2.0.18,chatafl_opt,2,nodes,16
1776242993,mosquitto-v2.0.18,chatafl_opt,2,edges,71
1776242998,mosquitto-v2.0.18,chatafl_opt,2,nodes,16
1776242998,mosquitto-v2.0.18,chatafl_opt,2,edges,71
1776243003,mosquitto-v2.0.18,chatafl_opt,2,nodes,16
1776243003,mosquitto-v2.0.18,chatafl_opt,2,edges,71
1776243008,mosquitto-v2.0.18,chatafl_opt,2,nodes,16
1776243008,mosquitto-v2.0.18,chatafl_opt,2,edges,71
1776243013,mosquitto-v2.0.18,chatafl_opt,2,nodes,16
1776243013,mosquitto-v2.0.18,chatafl_opt,2,edges,71
1776243018,mosquitto-v2.0.18,chatafl_opt,2,nodes,16
1776243018,mosquitto-v2.0.18,chatafl_opt,2,edges,71
1776243023,mosquitto-v2.0.18,chatafl_opt,2,nodes,16
1776243023,mosquitto-v2.0.18,chatafl_opt,2,edges,71
1776243028,mosquitto-v2.0.18,chatafl_opt,2,nodes,16
1776243028,mosquitto-v2.0.18,chatafl_opt,2,edges,71
1776243033,mosquitto-v2.0.18,chatafl_opt,2,nodes,16
1776243033,mosquitto-v2.0.18,chatafl_opt,2,edges,71
1776243039,mosquitto-v2.0.18,chatafl_opt,2,nodes,16
1776243039,mosquitto-v2.0.18,chatafl_opt,2,edges,71
1776243044,mosquitto-v2.0.18,chatafl_opt,2,nodes,16
1776243044,mosquitto-v2.0.18,chatafl_opt,2,edges,71
1776243049,mosquitto-v2.0.18,chatafl_opt,2,nodes,16
1776243049,mosquitto-v2.0.18,chatafl_opt,2,edges,71
1776243054,mosquitto-v2.0.18,chatafl_opt,2,nodes,16
1776243054,mosquitto-v2.0.18,chatafl_opt,2,edges,71
1776243059,mosquitto-v2.0.18,chatafl_opt,2,nodes,16
1776243059,mosquitto-v2.0.18,chatafl_opt,2,edges,71
1776243064,mosquitto-v2.0.18,chatafl_opt,2,nodes,16
1776243064,mosquitto-v2.0.18,chatafl_opt,2,edges,71
1776243069,mosquitto-v2.0.18,chatafl_opt,2,nodes,16
1776243069,mosquitto-v2.0.18,chatafl_opt,2,edges,71
1776243074,mosquitto-v2.0.18,chatafl_opt,2,nodes,16
1776243074,mosquitto-v2.0.18,chatafl_opt,2,edges,71
1776243080,mosquitto-v2.0.18,chatafl_opt,2,nodes,16
1776243080,mosquitto-v2.0.18,chatafl_opt,2,edges,71
1776243085,mosquitto-v2.0.18,chatafl_opt,2,nodes,16
1776243085,mosquitto-v2.0.18,chatafl_opt,2,edges,71
1776243090,mosquitto-v2.0.18,chatafl_opt,2,nodes,16
1776243090,mosquitto-v2.0.18,chatafl_opt,2,edges,71
1776243095,mosquitto-v2.0.18,chatafl_opt,2,nodes,16
1776243095,mosquitto-v2.0.18,chatafl_opt,2,edges,71
1776243100,mosquitto-v2.0.18,chatafl_opt,2,nodes,16
1776243100,mosquitto-v2.0.18,chatafl_opt,2,edges,71
1776243105,mosquitto-v2.0.18,chatafl_opt,2,nodes,16
1776243105,mosquitto-v2.0.18,chatafl_opt,2,edges,71
1776243110,mosquitto-v2.0.18,chatafl_opt,2,nodes,16
1776243110,mosquitto-v2.0.18,chatafl_opt,2,edges,71
1776243116,mosquitto-v2.0.18,chatafl_opt,2,nodes,16
1776243116,mosquitto-v2.0.18,chatafl_opt,2,edges,71
1776243121,mosquitto-v2.0.18,chatafl_opt,2,nodes,16
1776243121,mosquitto-v2.0.18,chatafl_opt,2,edges,71
1776243126,mosquitto-v2.0.18,chatafl_opt,2,nodes,16
1776243126,mosquitto-v2.0.18,chatafl_opt,2,edges,71
1776243131,mosquitto-v2.0.18,chatafl_opt,2,nodes,16
1776243131,mosquitto-v2.0.18,chatafl_opt,2,edges,71
1776243136,mosquitto-v2.0.18,chatafl_opt,2,nodes,16
1776243136,mosquitto-v2.0.18,chatafl_opt,2,edges,71
1776243141,mosquitto-v2.0.18,chatafl_opt,2,nodes,16
1776243141,mosquitto-v2.0.18,chatafl_opt,2,edges,71
1776243146,mosquitto-v2.0.18,chatafl_opt,2,nodes,16
1776243146,mosquitto-v2.0.18,chatafl_opt,2,edges,71
1776243152,mosquitto-v2.0.18,chatafl_opt,2,nodes,16
1776243152,mosquitto-v2.0.18,chatafl_opt,2,edges,71
1776243157,mosquitto-v2.0.18,chatafl_opt,2,nodes,16
1776243157,mosquitto-v2.0.18,chatafl_opt,2,edges,71
1776243162,mosquitto-v2.0.18,chatafl_opt,2,nodes,16
1776243162,mosquitto-v2.0.18,chatafl_opt,2,edges,71
1776243167,mosquitto-v2.0.18,chatafl_opt,2,nodes,16
1776243167,mosquitto-v2.0.18,chatafl_opt,2,edges,71
1776243172,mosquitto-v2.0.18,chatafl_opt,2,nodes,16
1776243172,mosquitto-v2.0.18,chatafl_opt,2,edges,71
1776243177,mosquitto-v2.0.18,chatafl_opt,2,nodes,16
1776243177,mosquitto-v2.0.18,chatafl_opt,2,edges,71
1776243182,mosquitto-v2.0.18,chatafl_opt,2,nodes,16
1776243182,mosquitto-v2.0.18,chatafl_opt,2,edges,71
1776243187,mosquitto-v2.0.18,chatafl_opt,2,nodes,16
1776243187,mosquitto-v2.0.18,chatafl_opt,2,edges,71
1776243193,mosquitto-v2.0.18,chatafl_opt,2,nodes,16
1776243193,mosquitto-v2.0.18,chatafl_opt,2,edges,71
1776243198,mosquitto-v2.0.18,chatafl_opt,2,nodes,16
1776243198,mosquitto-v2.0.18,chatafl_opt,2,edges,71
1776243203,mosquitto-v2.0.18,chatafl_opt,2,nodes,16
1776243203,mosquitto-v2.0.18,chatafl_opt,2,edges,71
1776243208,mosquitto-v2.0.18,chatafl_opt,2,nodes,16
1776243208,mosquitto-v2.0.18,chatafl_opt,2,edges,71
1776243213,mosquitto-v2.0.18,chatafl_opt,2,nodes,16
1776243213,mosquitto-v2.0.18,chatafl_opt,2,edges,71
1776243218,mosquitto-v2.0.18,chatafl_opt,2,nodes,16
1776243218,mosquitto-v2.0.18,chatafl_opt,2,edges,71
1776243224,mosquitto-v2.0.18,chatafl_opt,2,nodes,16
1776243224,mosquitto-v2.0.18,chatafl_opt,2,edges,71
1776243229,mosquitto-v2.0.18,chatafl_opt,2,nodes,16
1776243229,mosquitto-v2.0.18,chatafl_opt,2,edges,71
1776243234,mosquitto-v2.0.18,chatafl_opt,2,nodes,16
1776243234,mosquitto-v2.0.18,chatafl_opt,2,edges,71
1776243239,mosquitto-v2.0.18,chatafl_opt,2,nodes,16
1776243239,mosquitto-v2.0.18,chatafl_opt,2,edges,71
1776243244,mosquitto-v2.0.18,chatafl_opt,2,nodes,16
1776243244,mosquitto-v2.0.18,chatafl_opt,2,edges,71
1776243249,mosquitto-v2.0.18,chatafl_opt,2,nodes,16
1776243249,mosquitto-v2.0.18,chatafl_opt,2,edges,71
1776243254,mosquitto-v2.0.18,chatafl_opt,2,nodes,16
1776243254,mosquitto-v2.0.18,chatafl_opt,2,edges,71
1776243260,mosquitto-v2.0.18,chatafl_opt,2,nodes,16
1776243260,mosquitto-v2.0.18,chatafl_opt,2,edges,71
1776243265,mosquitto-v2.0.18,chatafl_opt,2,nodes,16
1776243265,mosquitto-v2.0.18,chatafl_opt,2,edges,71
1776243270,mosquitto-v2.0.18,chatafl_opt,2,nodes,16
1776243270,mosquitto-v2.0.18,chatafl_opt,2,edges,71
1776243275,mosquitto-v2.0.18,chatafl_opt,2,nodes,16
1776243275,mosquitto-v2.0.18,chatafl_opt,2,edges,71
1776243280,mosquitto-v2.0.18,chatafl_opt,2,nodes,16
1776243280,mosquitto-v2.0.18,chatafl_opt,2,edges,71
1776243291,mosquitto-v2.0.18,chatafl_opt,2,nodes,16
1776243291,mosquitto-v2.0.18,chatafl_opt,2,edges,71
1776243296,mosquitto-v2.0.18,chatafl_opt,2,nodes,16
1776243296,mosquitto-v2.0.18,chatafl_opt,2,edges,71
1776243301,mosquitto-v2.0.18,chatafl_opt,2,nodes,16
1776243301,mosquitto-v2.0.18,chatafl_opt,2,edges,71
1776243306,mosquitto-v2.0.18,chatafl_opt,2,nodes,16
1776243306,mosquitto-v2.0.18,chatafl_opt,2,edges,71
1776243311,mosquitto-v2.0.18,chatafl_opt,2,nodes,16
1776243311,mosquitto-v2.0.18,chatafl_opt,2,edges,71
1776243316,mosquitto-v2.0.18,chatafl_opt,2,nodes,16
1776243316,mosquitto-v2.0.18,chatafl_opt,2,edges,71
1776243321,mosquitto-v2.0.18,chatafl_opt,2,nodes,16
1776243321,mosquitto-v2.0.18,chatafl_opt,2,edges,71
1776243327,mosquitto-v2.0.18,chatafl_opt,2,nodes,16
1776243327,mosquitto-v2.0.18,chatafl_opt,2,edges,71
1776243337,mosquitto-v2.0.18,chatafl_opt,2,nodes,16
1776243337,mosquitto-v2.0.18,chatafl_opt,2,edges,71
1776243342,mosquitto-v2.0.18,chatafl_opt,2,nodes,16
1776243342,mosquitto-v2.0.18,chatafl_opt,2,edges,71
1776243347,mosquitto-v2.0.18,chatafl_opt,2,nodes,16
1776243347,mosquitto-v2.0.18,chatafl_opt,2,edges,71
1776243352,mosquitto-v2.0.18,chatafl_opt,2,nodes,16
1776243352,mosquitto-v2.0.18,chatafl_opt,2,edges,71
1776243358,mosquitto-v2.0.18,chatafl_opt,2,nodes,16
1776243358,mosquitto-v2.0.18,chatafl_opt,2,edges,71
1776243363,mosquitto-v2.0.18,chatafl_opt,2,nodes,16
1776243363,mosquitto-v2.0.18,chatafl_opt,2,edges,71
1776243368,mosquitto-v2.0.18,chatafl_opt,2,nodes,16
1776243368,mosquitto-v2.0.18,chatafl_opt,2,edges,71
1776243373,mosquitto-v2.0.18,chatafl_opt,2,nodes,16
1776243373,mosquitto-v2.0.18,chatafl_opt,2,edges,71
1776243378,mosquitto-v2.0.18,chatafl_opt,2,nodes,16
1776243378,mosquitto-v2.0.18,chatafl_opt,2,edges,71
1776243383,mosquitto-v2.0.18,chatafl_opt,2,nodes,16
1776243383,mosquitto-v2.0.18,chatafl_opt,2,edges,71
1776243388,mosquitto-v2.0.18,chatafl_opt,2,nodes,16
1776243388,mosquitto-v2.0.18,chatafl_opt,2,edges,71
1776243394,mosquitto-v2.0.18,chatafl_opt,2,nodes,16
1776243394,mosquitto-v2.0.18,chatafl_opt,2,edges,71
1776243399,mosquitto-v2.0.18,chatafl_opt,2,nodes,16
1776243399,mosquitto-v2.0.18,chatafl_opt,2,edges,71
1776243404,mosquitto-v2.0.18,chatafl_opt,2,nodes,16
1776243404,mosquitto-v2.0.18,chatafl_opt,2,edges,71
1776243409,mosquitto-v2.0.18,chatafl_opt,2,nodes,16
1776243409,mosquitto-v2.0.18,chatafl_opt,2,edges,71
1776243414,mosquitto-v2.0.18,chatafl_opt,2,nodes,16
1776243414,mosquitto-v2.0.18,chatafl_opt,2,edges,71
1776243419,mosquitto-v2.0.18,chatafl_opt,2,nodes,16
1776243419,mosquitto-v2.0.18,chatafl_opt,2,edges,71
1776243425,mosquitto-v2.0.18,chatafl_opt,2,nodes,16
1776243425,mosquitto-v2.0.18,chatafl_opt,2,edges,71
1776243435,mosquitto-v2.0.18,chatafl_opt,2,nodes,16
1776243435,mosquitto-v2.0.18,chatafl_opt,2,edges,71
1776243440,mosquitto-v2.0.18,chatafl_opt,2,nodes,16
1776243440,mosquitto-v2.0.18,chatafl_opt,2,edges,71
1776243445,mosquitto-v2.0.18,chatafl_opt,2,nodes,16
1776243445,mosquitto-v2.0.18,chatafl_opt,2,edges,71
1776243450,mosquitto-v2.0.18,chatafl_opt,2,nodes,16
1776243450,mosquitto-v2.0.18,chatafl_opt,2,edges,71
1776243455,mosquitto-v2.0.18,chatafl_opt,2,nodes,16
1776243455,mosquitto-v2.0.18,chatafl_opt,2,edges,71
1776243460,mosquitto-v2.0.18,chatafl_opt,2,nodes,16
1776243460,mosquitto-v2.0.18,chatafl_opt,2,edges,71
1776243465,mosquitto-v2.0.18,chatafl_opt,2,nodes,16
1776243465,mosquitto-v2.0.18,chatafl_opt,2,edges,71
1776243470,mosquitto-v2.0.18,chatafl_opt,2,nodes,16
1776243470,mosquitto-v2.0.18,chatafl_opt,2,edges,71
1776243475,mosquitto-v2.0.18,chatafl_opt,2,nodes,16
1776243475,mosquitto-v2.0.18,chatafl_opt,2,edges,71
1776243481,mosquitto-v2.0.18,chatafl_opt,2,nodes,16
1776243481,mosquitto-v2.0.18,chatafl_opt,2,edges,71
1776243486,mosquitto-v2.0.18,chatafl_opt,2,nodes,16
1776243486,mosquitto-v2.0.18,chatafl_opt,2,edges,71
1776243491,mosquitto-v2.0.18,chatafl_opt,2,nodes,16
1776243491,mosquitto-v2.0.18,chatafl_opt,2,edges,71
1776243496,mosquitto-v2.0.18,chatafl_opt,2,nodes,16
1776243496,mosquitto-v2.0.18,chatafl_opt,2,edges,71
1776243501,mosquitto-v2.0.18,chatafl_opt,2,nodes,16
1776243501,mosquitto-v2.0.18,chatafl_opt,2,edges,71
1776243506,mosquitto-v2.0.18,chatafl_opt,2,nodes,16
1776243506,mosquitto-v2.0.18,chatafl_opt,2,edges,71
1776243512,mosquitto-v2.0.18,chatafl_opt,2,nodes,16
1776243512,mosquitto-v2.0.18,chatafl_opt,2,edges,71
1776243517,mosquitto-v2.0.18,chatafl_opt,2,nodes,16
1776243517,mosquitto-v2.0.18,chatafl_opt,2,edges,71
1776243522,mosquitto-v2.0.18,chatafl_opt,2,nodes,16
1776243522,mosquitto-v2.0.18,chatafl_opt,2,edges,72
1776243527,mosquitto-v2.0.18,chatafl_opt,2,nodes,16
1776243527,mosquitto-v2.0.18,chatafl_opt,2,edges,72
1776243532,mosquitto-v2.0.18,chatafl_opt,2,nodes,16
1776243532,mosquitto-v2.0.18,chatafl_opt,2,edges,72
1776243537,mosquitto-v2.0.18,chatafl_opt,2,nodes,16
1776243537,mosquitto-v2.0.18,chatafl_opt,2,edges,72
1776243542,mosquitto-v2.0.18,chatafl_opt,2,nodes,16
1776243542,mosquitto-v2.0.18,chatafl_opt,2,edges,72
1776243547,mosquitto-v2.0.18,chatafl_opt,2,nodes,16
1776243547,mosquitto-v2.0.18,chatafl_opt,2,edges,72
1776243552,mosquitto-v2.0.18,chatafl_opt,2,nodes,16
1776243552,mosquitto-v2.0.18,chatafl_opt,2,edges,72
1776243558,mosquitto-v2.0.18,chatafl_opt,2,nodes,16
1776243558,mosquitto-v2.0.18,chatafl_opt,2,edges,72
1776243563,mosquitto-v2.0.18,chatafl_opt,2,nodes,16
1776243563,mosquitto-v2.0.18,chatafl_opt,2,edges,72
1776243568,mosquitto-v2.0.18,chatafl_opt,2,nodes,16
1776243568,mosquitto-v2.0.18,chatafl_opt,2,edges,72
1776243573,mosquitto-v2.0.18,chatafl_opt,2,nodes,16
1776243573,mosquitto-v2.0.18,chatafl_opt,2,edges,72
1776243578,mosquitto-v2.0.18,chatafl_opt,2,nodes,16
1776243578,mosquitto-v2.0.18,chatafl_opt,2,edges,72
1776243583,mosquitto-v2.0.18,chatafl_opt,2,nodes,16
1776243583,mosquitto-v2.0.18,chatafl_opt,2,edges,72
1776243588,mosquitto-v2.0.18,chatafl_opt,2,nodes,16
1776243588,mosquitto-v2.0.18,chatafl_opt,2,edges,72
1776243594,mosquitto-v2.0.18,chatafl_opt,2,nodes,16
1776243594,mosquitto-v2.0.18,chatafl_opt,2,edges,72
1776243599,mosquitto-v2.0.18,chatafl_opt,2,nodes,16
1776243599,mosquitto-v2.0.18,chatafl_opt,2,edges,72
1776243604,mosquitto-v2.0.18,chatafl_opt,2,nodes,16
1776243604,mosquitto-v2.0.18,chatafl_opt,2,edges,72
1776243609,mosquitto-v2.0.18,chatafl_opt,2,nodes,16
1776243609,mosquitto-v2.0.18,chatafl_opt,2,edges,72
