time,subject,fuzzer,run,state_type,state
1773088113,kamailio,aflnet,1,nodes,4
1773088113,kamailio,aflnet,1,edges,4
1773088123,kamailio,aflnet,1,nodes,4
1773088123,kamailio,aflnet,1,edges,4
1773088128,kamailio,aflnet,1,nodes,4
1773088128,kamailio,aflnet,1,edges,4
1773088133,kamailio,aflnet,1,nodes,4
1773088133,kamailio,aflnet,1,edges,4
1773088143,kamailio,aflnet,1,nodes,4
1773088143,kamailio,aflnet,1,edges,4
1773088154,kamailio,aflnet,1,nodes,4
1773088154,kamailio,aflnet,1,edges,4
1773088159,kamailio,aflnet,1,nodes,4
1773088159,kamailio,aflnet,1,edges,4
1773088164,kamailio,aflnet,1,nodes,4
1773088164,kamailio,aflnet,1,edges,4
1773088169,kamailio,aflnet,1,nodes,4
1773088169,kamailio,aflnet,1,edges,4
1773088174,kamailio,aflnet,1,nodes,4
1773088174,kamailio,aflnet,1,edges,4
1773088179,kamailio,aflnet,1,nodes,4
1773088179,kamailio,aflnet,1,edges,4
1773088184,kamailio,aflnet,1,nodes,4
1773088184,kamailio,aflnet,1,edges,4
1773088189,kamailio,aflnet,1,nodes,4
1773088189,kamailio,aflnet,1,edges,4
1773088194,kamailio,aflnet,1,nodes,4
1773088194,kamailio,aflnet,1,edges,4
1773088200,kamailio,aflnet,1,nodes,4
1773088200,kamailio,aflnet,1,edges,4
1773088205,kamailio,aflnet,1,nodes,4
1773088205,kamailio,aflnet,1,edges,4
1773088210,kamailio,aflnet,1,nodes,4
1773088210,kamailio,aflnet,1,edges,4
1773088215,kamailio,aflnet,1,nodes,4
1773088215,kamailio,aflnet,1,edges,4
1773088220,kamailio,aflnet,1,nodes,6
1773088220,kamailio,aflnet,1,edges,8
1773088225,kamailio,aflnet,1,nodes,6
1773088225,kamailio,aflnet,1,edges,8
1773088230,kamailio,aflnet,1,nodes,6
1773088230,kamailio,aflnet,1,edges,8
1773088235,kamailio,aflnet,1,nodes,6
1773088235,kamailio,aflnet,1,edges,8
1773088241,kamailio,aflnet,1,nodes,6
1773088241,kamailio,aflnet,1,edges,8
1773088246,kamailio,aflnet,1,nodes,6
1773088246,kamailio,aflnet,1,edges,8
1773088251,kamailio,aflnet,1,nodes,6
1773088251,kamailio,aflnet,1,edges,8
1773088256,kamailio,aflnet,1,nodes,6
1773088256,kamailio,aflnet,1,edges,8
1773088261,kamailio,aflnet,1,nodes,6
1773088261,kamailio,aflnet,1,edges,8
1773088266,kamailio,aflnet,1,nodes,6
1773088266,kamailio,aflnet,1,edges,8
1773088271,kamailio,aflnet,1,nodes,6
1773088271,kamailio,aflnet,1,edges,8
1773088276,kamailio,aflnet,1,nodes,6
1773088276,kamailio,aflnet,1,edges,8
1773088281,kamailio,aflnet,1,nodes,6
1773088281,kamailio,aflnet,1,edges,8
1773088286,kamailio,aflnet,1,nodes,6
1773088286,kamailio,aflnet,1,edges,8
1773088292,kamailio,aflnet,1,nodes,6
1773088292,kamailio,aflnet,1,edges,8
1773088297,kamailio,aflnet,1,nodes,6
1773088297,kamailio,aflnet,1,edges,8
1773088302,kamailio,aflnet,1,nodes,6
1773088302,kamailio,aflnet,1,edges,8
1773088307,kamailio,aflnet,1,nodes,6
1773088307,kamailio,aflnet,1,edges,8
1773088312,kamailio,aflnet,1,nodes,6
1773088312,kamailio,aflnet,1,edges,8
1773088317,kamailio,aflnet,1,nodes,6
1773088317,kamailio,aflnet,1,edges,8
1773088322,kamailio,aflnet,1,nodes,6
1773088322,kamailio,aflnet,1,edges,8
1773088327,kamailio,aflnet,1,nodes,6
1773088327,kamailio,aflnet,1,edges,8
1773088332,kamailio,aflnet,1,nodes,6
1773088332,kamailio,aflnet,1,edges,8
1773088338,kamailio,aflnet,1,nodes,6
1773088338,kamailio,aflnet,1,edges,8
1773088343,kamailio,aflnet,1,nodes,6
1773088343,kamailio,aflnet,1,edges,8
1773088348,kamailio,aflnet,1,nodes,6
1773088348,kamailio,aflnet,1,edges,8
1773088353,kamailio,aflnet,1,nodes,6
1773088353,kamailio,aflnet,1,edges,8
1773088358,kamailio,aflnet,1,nodes,6
1773088358,kamailio,aflnet,1,edges,8
1773088363,kamailio,aflnet,1,nodes,6
1773088363,kamailio,aflnet,1,edges,8
1773088368,kamailio,aflnet,1,nodes,6
1773088368,kamailio,aflnet,1,edges,8
1773088373,kamailio,aflnet,1,nodes,6
1773088373,kamailio,aflnet,1,edges,8
1773088378,kamailio,aflnet,1,nodes,6
1773088378,kamailio,aflnet,1,edges,8
1773088384,kamailio,aflnet,1,nodes,6
1773088384,kamailio,aflnet,1,edges,8
1773088389,kamailio,aflnet,1,nodes,6
1773088389,kamailio,aflnet,1,edges,8
1773088399,kamailio,aflnet,1,nodes,7
1773088399,kamailio,aflnet,1,edges,11
1773088404,kamailio,aflnet,1,nodes,7
1773088404,kamailio,aflnet,1,edges,11
1773088409,kamailio,aflnet,1,nodes,7
1773088409,kamailio,aflnet,1,edges,11
1773088414,kamailio,aflnet,1,nodes,7
1773088414,kamailio,aflnet,1,edges,11
1773088419,kamailio,aflnet,1,nodes,7
1773088419,kamailio,aflnet,1,edges,11
1773088424,kamailio,aflnet,1,nodes,7
1773088424,kamailio,aflnet,1,edges,11
1773088429,kamailio,aflnet,1,nodes,7
1773088429,kamailio,aflnet,1,edges,11
1773088439,kamailio,aflnet,1,nodes,7
1773088439,kamailio,aflnet,1,edges,11
1773088444,kamailio,aflnet,1,nodes,7
1773088444,kamailio,aflnet,1,edges,11
1773088449,kamailio,aflnet,1,nodes,7
1773088449,kamailio,aflnet,1,edges,11
1773088454,kamailio,aflnet,1,nodes,7
1773088454,kamailio,aflnet,1,edges,11
1773088460,kamailio,aflnet,1,nodes,7
1773088460,kamailio,aflnet,1,edges,11
1773088465,kamailio,aflnet,1,nodes,7
1773088465,kamailio,aflnet,1,edges,11
1773088470,kamailio,aflnet,1,nodes,7
1773088470,kamailio,aflnet,1,edges,11
1773088475,kamailio,aflnet,1,nodes,7
1773088475,kamailio,aflnet,1,edges,11
1773088480,kamailio,aflnet,1,nodes,7
1773088480,kamailio,aflnet,1,edges,11
1773088485,kamailio,aflnet,1,nodes,7
1773088485,kamailio,aflnet,1,edges,11
1773088490,kamailio,aflnet,1,nodes,7
1773088490,kamailio,aflnet,1,edges,11
1773088495,kamailio,aflnet,1,nodes,7
1773088495,kamailio,aflnet,1,edges,11
1773088501,kamailio,aflnet,1,nodes,7
1773088501,kamailio,aflnet,1,edges,11
1773088506,kamailio,aflnet,1,nodes,7
1773088506,kamailio,aflnet,1,edges,11
1773088511,kamailio,aflnet,1,nodes,7
1773088511,kamailio,aflnet,1,edges,11
1773088516,kamailio,aflnet,1,nodes,7
1773088516,kamailio,aflnet,1,edges,11
1773088521,kamailio,aflnet,1,nodes,7
1773088521,kamailio,aflnet,1,edges,11
1773088526,kamailio,aflnet,1,nodes,7
1773088526,kamailio,aflnet,1,edges,11
1773088531,kamailio,aflnet,1,nodes,7
1773088531,kamailio,aflnet,1,edges,11
1773088536,kamailio,aflnet,1,nodes,7
1773088536,kamailio,aflnet,1,edges,11
1773088541,kamailio,aflnet,1,nodes,7
1773088541,kamailio,aflnet,1,edges,11
1773088546,kamailio,aflnet,1,nodes,7
1773088546,kamailio,aflnet,1,edges,11
1773088552,kamailio,aflnet,1,nodes,7
1773088552,kamailio,aflnet,1,edges,11
1773088557,kamailio,aflnet,1,nodes,7
1773088557,kamailio,aflnet,1,edges,11
1773088562,kamailio,aflnet,1,nodes,7
1773088562,kamailio,aflnet,1,edges,13
1773088572,kamailio,aflnet,1,nodes,7
1773088572,kamailio,aflnet,1,edges,14
1773088577,kamailio,aflnet,1,nodes,7
1773088577,kamailio,aflnet,1,edges,15
1773088583,kamailio,aflnet,1,nodes,7
1773088583,kamailio,aflnet,1,edges,15
1773088588,kamailio,aflnet,1,nodes,7
1773088588,kamailio,aflnet,1,edges,16
1773088593,kamailio,aflnet,1,nodes,7
1773088593,kamailio,aflnet,1,edges,16
1773088603,kamailio,aflnet,1,nodes,7
1773088603,kamailio,aflnet,1,edges,16
1773088608,kamailio,aflnet,1,nodes,7
1773088608,kamailio,aflnet,1,edges,16
1773088614,kamailio,aflnet,1,nodes,7
1773088614,kamailio,aflnet,1,edges,16
1773088619,kamailio,aflnet,1,nodes,7
1773088619,kamailio,aflnet,1,edges,16
1773088624,kamailio,aflnet,1,nodes,7
1773088624,kamailio,aflnet,1,edges,16
1773088629,kamailio,aflnet,1,nodes,7
1773088629,kamailio,aflnet,1,edges,16
1773088634,kamailio,aflnet,1,nodes,7
1773088634,kamailio,aflnet,1,edges,16
1773088640,kamailio,aflnet,1,nodes,7
1773088640,kamailio,aflnet,1,edges,16
1773088645,kamailio,aflnet,1,nodes,7
1773088645,kamailio,aflnet,1,edges,16
1773088650,kamailio,aflnet,1,nodes,7
1773088650,kamailio,aflnet,1,edges,16
1773088655,kamailio,aflnet,1,nodes,7
1773088655,kamailio,aflnet,1,edges,16
1773088661,kamailio,aflnet,1,nodes,7
1773088661,kamailio,aflnet,1,edges,16
1773088666,kamailio,aflnet,1,nodes,7
1773088666,kamailio,aflnet,1,edges,16
1773088671,kamailio,aflnet,1,nodes,7
1773088671,kamailio,aflnet,1,edges,16
1773088676,kamailio,aflnet,1,nodes,7
1773088676,kamailio,aflnet,1,edges,16
1773088681,kamailio,aflnet,1,nodes,7
1773088681,kamailio,aflnet,1,edges,16
1773088686,kamailio,aflnet,1,nodes,7
1773088686,kamailio,aflnet,1,edges,16
1773088691,kamailio,aflnet,1,nodes,7
1773088691,kamailio,aflnet,1,edges,16
1773088702,kamailio,aflnet,1,nodes,8
1773088702,kamailio,aflnet,1,edges,20
1773088707,kamailio,aflnet,1,nodes,8
1773088707,kamailio,aflnet,1,edges,20
1773088718,kamailio,aflnet,1,nodes,8
1773088718,kamailio,aflnet,1,edges,21
1773088728,kamailio,aflnet,1,nodes,8
1773088728,kamailio,aflnet,1,edges,21
1773088733,kamailio,aflnet,1,nodes,8
1773088733,kamailio,aflnet,1,edges,21
1773088738,kamailio,aflnet,1,nodes,8
1773088738,kamailio,aflnet,1,edges,21
1773088743,kamailio,aflnet,1,nodes,8
1773088743,kamailio,aflnet,1,edges,21
1773088753,kamailio,aflnet,1,nodes,8
1773088753,kamailio,aflnet,1,edges,21
1773088759,kamailio,aflnet,1,nodes,8
1773088759,kamailio,aflnet,1,edges,21
1773088764,kamailio,aflnet,1,nodes,8
1773088764,kamailio,aflnet,1,edges,21
1773088769,kamailio,aflnet,1,nodes,8
1773088769,kamailio,aflnet,1,edges,21
1773088774,kamailio,aflnet,1,nodes,8
1773088774,kamailio,aflnet,1,edges,22
1773088779,kamailio,aflnet,1,nodes,8
1773088779,kamailio,aflnet,1,edges,22
1773088789,kamailio,aflnet,1,nodes,8
1773088789,kamailio,aflnet,1,edges,22
1773088795,kamailio,aflnet,1,nodes,8
1773088795,kamailio,aflnet,1,edges,22
1773088800,kamailio,aflnet,1,nodes,8
1773088800,kamailio,aflnet,1,edges,22
1773088805,kamailio,aflnet,1,nodes,8
1773088805,kamailio,aflnet,1,edges,22
1773088810,kamailio,aflnet,1,nodes,8
1773088810,kamailio,aflnet,1,edges,22
1773088816,kamailio,aflnet,1,nodes,8
1773088816,kamailio,aflnet,1,edges,23
1773088821,kamailio,aflnet,1,nodes,8
1773088821,kamailio,aflnet,1,edges,23
1773088826,kamailio,aflnet,1,nodes,8
1773088826,kamailio,aflnet,1,edges,23
1773088831,kamailio,aflnet,1,nodes,8
1773088831,kamailio,aflnet,1,edges,23
1773088837,kamailio,aflnet,1,nodes,8
1773088837,kamailio,aflnet,1,edges,24
1773088842,kamailio,aflnet,1,nodes,8
1773088842,kamailio,aflnet,1,edges,24
1773088847,kamailio,aflnet,1,nodes,8
1773088847,kamailio,aflnet,1,edges,24
1773088852,kamailio,aflnet,1,nodes,8
1773088852,kamailio,aflnet,1,edges,24
1773088857,kamailio,aflnet,1,nodes,8
1773088857,kamailio,aflnet,1,edges,24
1773088862,kamailio,aflnet,1,nodes,8
1773088862,kamailio,aflnet,1,edges,24
1773088867,kamailio,aflnet,1,nodes,8
1773088867,kamailio,aflnet,1,edges,24
1773088872,kamailio,aflnet,1,nodes,8
1773088872,kamailio,aflnet,1,edges,24
1773088877,kamailio,aflnet,1,nodes,8
1773088877,kamailio,aflnet,1,edges,24
1773088883,kamailio,aflnet,1,nodes,8
1773088883,kamailio,aflnet,1,edges,24
1773088888,kamailio,aflnet,1,nodes,8
1773088888,kamailio,aflnet,1,edges,24
1773088893,kamailio,aflnet,1,nodes,8
1773088893,kamailio,aflnet,1,edges,24
1773088898,kamailio,aflnet,1,nodes,8
1773088898,kamailio,aflnet,1,edges,24
1773088903,kamailio,aflnet,1,nodes,9
1773088903,kamailio,aflnet,1,edges,26
1773088908,kamailio,aflnet,1,nodes,9
1773088908,kamailio,aflnet,1,edges,26
1773088913,kamailio,aflnet,1,nodes,9
1773088913,kamailio,aflnet,1,edges,26
1773088919,kamailio,aflnet,1,nodes,9
1773088919,kamailio,aflnet,1,edges,26
1773088924,kamailio,aflnet,1,nodes,9
1773088924,kamailio,aflnet,1,edges,26
1773088929,kamailio,aflnet,1,nodes,9
1773088929,kamailio,aflnet,1,edges,26
1773088934,kamailio,aflnet,1,nodes,9
1773088934,kamailio,aflnet,1,edges,26
1773088940,kamailio,aflnet,1,nodes,9
1773088940,kamailio,aflnet,1,edges,26
1773088945,kamailio,aflnet,1,nodes,9
1773088945,kamailio,aflnet,1,edges,26
1773088950,kamailio,aflnet,1,nodes,9
1773088950,kamailio,aflnet,1,edges,26
1773088955,kamailio,aflnet,1,nodes,9
1773088955,kamailio,aflnet,1,edges,27
1773088960,kamailio,aflnet,1,nodes,9
1773088960,kamailio,aflnet,1,edges,27
1773088966,kamailio,aflnet,1,nodes,9
1773088966,kamailio,aflnet,1,edges,27
1773088971,kamailio,aflnet,1,nodes,9
1773088971,kamailio,aflnet,1,edges,27
1773088976,kamailio,aflnet,1,nodes,9
1773088976,kamailio,aflnet,1,edges,27
1773088981,kamailio,aflnet,1,nodes,9
1773088981,kamailio,aflnet,1,edges,27
1773088986,kamailio,aflnet,1,nodes,9
1773088986,kamailio,aflnet,1,edges,27
1773088996,kamailio,aflnet,1,nodes,9
1773088996,kamailio,aflnet,1,edges,27
1773089002,kamailio,aflnet,1,nodes,9
1773089002,kamailio,aflnet,1,edges,30
1773089012,kamailio,aflnet,1,nodes,9
1773089012,kamailio,aflnet,1,edges,30
1773089017,kamailio,aflnet,1,nodes,9
1773089017,kamailio,aflnet,1,edges,30
1773089023,kamailio,aflnet,1,nodes,9
1773089023,kamailio,aflnet,1,edges,30
1773089028,kamailio,aflnet,1,nodes,9
1773089028,kamailio,aflnet,1,edges,30
1773089033,kamailio,aflnet,1,nodes,9
1773089033,kamailio,aflnet,1,edges,30
1773089038,kamailio,aflnet,1,nodes,9
1773089038,kamailio,aflnet,1,edges,30
1773089043,kamailio,aflnet,1,nodes,9
1773089043,kamailio,aflnet,1,edges,30
1773089049,kamailio,aflnet,1,nodes,9
1773089049,kamailio,aflnet,1,edges,30
1773089054,kamailio,aflnet,1,nodes,9
1773089054,kamailio,aflnet,1,edges,30
1773089059,kamailio,aflnet,1,nodes,9
1773089059,kamailio,aflnet,1,edges,30
1773089064,kamailio,aflnet,1,nodes,9
1773089064,kamailio,aflnet,1,edges,30
1773089069,kamailio,aflnet,1,nodes,9
1773089069,kamailio,aflnet,1,edges,30
1773089074,kamailio,aflnet,1,nodes,9
1773089074,kamailio,aflnet,1,edges,30
1773089079,kamailio,aflnet,1,nodes,9
1773089079,kamailio,aflnet,1,edges,30
1773089084,kamailio,aflnet,1,nodes,9
1773089084,kamailio,aflnet,1,edges,30
1773089090,kamailio,aflnet,1,nodes,9
1773089090,kamailio,aflnet,1,edges,30
1773089095,kamailio,aflnet,1,nodes,9
1773089095,kamailio,aflnet,1,edges,30
1773089100,kamailio,aflnet,1,nodes,9
1773089100,kamailio,aflnet,1,edges,30
1773089105,kamailio,aflnet,1,nodes,9
1773089105,kamailio,aflnet,1,edges,30
1773089110,kamailio,aflnet,1,nodes,9
1773089110,kamailio,aflnet,1,edges,30
1773089115,kamailio,aflnet,1,nodes,9
1773089115,kamailio,aflnet,1,edges,30
1773089121,kamailio,aflnet,1,nodes,9
1773089121,kamailio,aflnet,1,edges,30
1773089126,kamailio,aflnet,1,nodes,9
1773089126,kamailio,aflnet,1,edges,30
1773089131,kamailio,aflnet,1,nodes,9
1773089131,kamailio,aflnet,1,edges,30
1773089136,kamailio,aflnet,1,nodes,9
1773089136,kamailio,aflnet,1,edges,30
1773089141,kamailio,aflnet,1,nodes,9
1773089141,kamailio,aflnet,1,edges,30
1773089146,kamailio,aflnet,1,nodes,9
1773089146,kamailio,aflnet,1,edges,30
1773089151,kamailio,aflnet,1,nodes,9
1773089151,kamailio,aflnet,1,edges,30
1773089157,kamailio,aflnet,1,nodes,9
1773089157,kamailio,aflnet,1,edges,30
1773089162,kamailio,aflnet,1,nodes,9
1773089162,kamailio,aflnet,1,edges,30
1773089172,kamailio,aflnet,1,nodes,9
1773089172,kamailio,aflnet,1,edges,30
1773089177,kamailio,aflnet,1,nodes,9
1773089177,kamailio,aflnet,1,edges,30
1773089182,kamailio,aflnet,1,nodes,9
1773089182,kamailio,aflnet,1,edges,30
1773089188,kamailio,aflnet,1,nodes,9
1773089188,kamailio,aflnet,1,edges,30
1773089193,kamailio,aflnet,1,nodes,9
1773089193,kamailio,aflnet,1,edges,30
1773089198,kamailio,aflnet,1,nodes,9
1773089198,kamailio,aflnet,1,edges,30
1773089203,kamailio,aflnet,1,nodes,9
1773089203,kamailio,aflnet,1,edges,30
1773089209,kamailio,aflnet,1,nodes,9
1773089209,kamailio,aflnet,1,edges,32
1773089214,kamailio,aflnet,1,nodes,9
1773089214,kamailio,aflnet,1,edges,32
1773089219,kamailio,aflnet,1,nodes,9
1773089219,kamailio,aflnet,1,edges,32
1773089224,kamailio,aflnet,1,nodes,9
1773089224,kamailio,aflnet,1,edges,32
1773089229,kamailio,aflnet,1,nodes,9
1773089229,kamailio,aflnet,1,edges,32
1773089235,kamailio,aflnet,1,nodes,9
1773089235,kamailio,aflnet,1,edges,32
1773089240,kamailio,aflnet,1,nodes,9
1773089240,kamailio,aflnet,1,edges,32
1773089245,kamailio,aflnet,1,nodes,9
1773089245,kamailio,aflnet,1,edges,32
1773089250,kamailio,aflnet,1,nodes,9
1773089250,kamailio,aflnet,1,edges,32
1773089255,kamailio,aflnet,1,nodes,9
1773089255,kamailio,aflnet,1,edges,32
1773089260,kamailio,aflnet,1,nodes,9
1773089260,kamailio,aflnet,1,edges,32
1773089265,kamailio,aflnet,1,nodes,9
1773089265,kamailio,aflnet,1,edges,32
1773089271,kamailio,aflnet,1,nodes,9
1773089271,kamailio,aflnet,1,edges,32
1773089281,kamailio,aflnet,1,nodes,9
1773089281,kamailio,aflnet,1,edges,32
1773089292,kamailio,aflnet,1,nodes,9
1773089292,kamailio,aflnet,1,edges,32
1773089297,kamailio,aflnet,1,nodes,9
1773089297,kamailio,aflnet,1,edges,33
1773089302,kamailio,aflnet,1,nodes,9
1773089302,kamailio,aflnet,1,edges,33
1773089307,kamailio,aflnet,1,nodes,9
1773089307,kamailio,aflnet,1,edges,33
1773089313,kamailio,aflnet,1,nodes,9
1773089313,kamailio,aflnet,1,edges,33
1773089318,kamailio,aflnet,1,nodes,9
1773089318,kamailio,aflnet,1,edges,33
1773089323,kamailio,aflnet,1,nodes,9
1773089323,kamailio,aflnet,1,edges,33
1773089328,kamailio,aflnet,1,nodes,9
1773089328,kamailio,aflnet,1,edges,33
1773089333,kamailio,aflnet,1,nodes,9
1773089333,kamailio,aflnet,1,edges,33
1773089338,kamailio,aflnet,1,nodes,9
1773089338,kamailio,aflnet,1,edges,33
1773089344,kamailio,aflnet,1,nodes,9
1773089344,kamailio,aflnet,1,edges,33
1773089349,kamailio,aflnet,1,nodes,9
1773089349,kamailio,aflnet,1,edges,33
1773089354,kamailio,aflnet,1,nodes,9
1773089354,kamailio,aflnet,1,edges,33
1773089359,kamailio,aflnet,1,nodes,9
1773089359,kamailio,aflnet,1,edges,33
1773089365,kamailio,aflnet,1,nodes,9
1773089365,kamailio,aflnet,1,edges,33
1773089370,kamailio,aflnet,1,nodes,9
1773089370,kamailio,aflnet,1,edges,33
1773089375,kamailio,aflnet,1,nodes,9
1773089375,kamailio,aflnet,1,edges,33
1773089380,kamailio,aflnet,1,nodes,9
1773089380,kamailio,aflnet,1,edges,33
1773089385,kamailio,aflnet,1,nodes,9
1773089385,kamailio,aflnet,1,edges,33
1773089396,kamailio,aflnet,1,nodes,9
1773089396,kamailio,aflnet,1,edges,33
1773089401,kamailio,aflnet,1,nodes,9
1773089401,kamailio,aflnet,1,edges,33
1773089406,kamailio,aflnet,1,nodes,9
1773089406,kamailio,aflnet,1,edges,33
1773089411,kamailio,aflnet,1,nodes,9
1773089411,kamailio,aflnet,1,edges,33
1773089416,kamailio,aflnet,1,nodes,9
1773089416,kamailio,aflnet,1,edges,33
1773089427,kamailio,aflnet,1,nodes,9
1773089427,kamailio,aflnet,1,edges,33
1773089432,kamailio,aflnet,1,nodes,10
1773089432,kamailio,aflnet,1,edges,36
1773089437,kamailio,aflnet,1,nodes,10
1773089437,kamailio,aflnet,1,edges,36
1773089442,kamailio,aflnet,1,nodes,10
1773089442,kamailio,aflnet,1,edges,36
1773089447,kamailio,aflnet,1,nodes,10
1773089447,kamailio,aflnet,1,edges,36
1773089452,kamailio,aflnet,1,nodes,10
1773089452,kamailio,aflnet,1,edges,36
1773089458,kamailio,aflnet,1,nodes,10
1773089458,kamailio,aflnet,1,edges,36
1773089463,kamailio,aflnet,1,nodes,10
1773089463,kamailio,aflnet,1,edges,36
1773089468,kamailio,aflnet,1,nodes,10
1773089468,kamailio,aflnet,1,edges,36
1773089473,kamailio,aflnet,1,nodes,11
1773089473,kamailio,aflnet,1,edges,39
1773089478,kamailio,aflnet,1,nodes,11
1773089478,kamailio,aflnet,1,edges,39
1773089484,kamailio,aflnet,1,nodes,11
1773089484,kamailio,aflnet,1,edges,39
1773089489,kamailio,aflnet,1,nodes,11
1773089489,kamailio,aflnet,1,edges,39
1773089494,kamailio,aflnet,1,nodes,11
1773089494,kamailio,aflnet,1,edges,39
1773089499,kamailio,aflnet,1,nodes,11
1773089499,kamailio,aflnet,1,edges,39
1773089504,kamailio,aflnet,1,nodes,11
1773089504,kamailio,aflnet,1,edges,39
1773089510,kamailio,aflnet,1,nodes,11
1773089510,kamailio,aflnet,1,edges,39
1773089515,kamailio,aflnet,1,nodes,11
1773089515,kamailio,aflnet,1,edges,39
1773089520,kamailio,aflnet,1,nodes,11
1773089520,kamailio,aflnet,1,edges,39
1773089525,kamailio,aflnet,1,nodes,11
1773089525,kamailio,aflnet,1,edges,39
1773089530,kamailio,aflnet,1,nodes,11
1773089530,kamailio,aflnet,1,edges,39
1773089541,kamailio,aflnet,1,nodes,11
1773089541,kamailio,aflnet,1,edges,39
1773089546,kamailio,aflnet,1,nodes,11
1773089546,kamailio,aflnet,1,edges,39
1773089551,kamailio,aflnet,1,nodes,11
1773089551,kamailio,aflnet,1,edges,39
1773089556,kamailio,aflnet,1,nodes,11
1773089556,kamailio,aflnet,1,edges,39
1773089561,kamailio,aflnet,1,nodes,11
1773089561,kamailio,aflnet,1,edges,39
1773089567,kamailio,aflnet,1,nodes,11
1773089567,kamailio,aflnet,1,edges,39
1773089572,kamailio,aflnet,1,nodes,11
1773089572,kamailio,aflnet,1,edges,39
1773089577,kamailio,aflnet,1,nodes,11
1773089577,kamailio,aflnet,1,edges,39
1773089587,kamailio,aflnet,1,nodes,11
1773089587,kamailio,aflnet,1,edges,39
1773089592,kamailio,aflnet,1,nodes,11
1773089592,kamailio,aflnet,1,edges,39
1773089598,kamailio,aflnet,1,nodes,11
1773089598,kamailio,aflnet,1,edges,39
1773089603,kamailio,aflnet,1,nodes,11
1773089603,kamailio,aflnet,1,edges,39
1773089608,kamailio,aflnet,1,nodes,11
1773089608,kamailio,aflnet,1,edges,39
1773089613,kamailio,aflnet,1,nodes,11
1773089613,kamailio,aflnet,1,edges,39
1773089618,kamailio,aflnet,1,nodes,11
1773089618,kamailio,aflnet,1,edges,39
1773089624,kamailio,aflnet,1,nodes,11
1773089624,kamailio,aflnet,1,edges,39
1773089634,kamailio,aflnet,1,nodes,11
1773089634,kamailio,aflnet,1,edges,39
1773089639,kamailio,aflnet,1,nodes,11
1773089639,kamailio,aflnet,1,edges,39
1773089644,kamailio,aflnet,1,nodes,11
1773089644,kamailio,aflnet,1,edges,39
1773089655,kamailio,aflnet,1,nodes,11
1773089655,kamailio,aflnet,1,edges,39
1773089660,kamailio,aflnet,1,nodes,11
1773089660,kamailio,aflnet,1,edges,39
1773089665,kamailio,aflnet,1,nodes,11
1773089665,kamailio,aflnet,1,edges,39
1773089675,kamailio,aflnet,1,nodes,11
1773089675,kamailio,aflnet,1,edges,39
1773089681,kamailio,aflnet,1,nodes,11
1773089681,kamailio,aflnet,1,edges,39
1773089686,kamailio,aflnet,1,nodes,11
1773089686,kamailio,aflnet,1,edges,39
1773089691,kamailio,aflnet,1,nodes,11
1773089691,kamailio,aflnet,1,edges,39
1773089707,kamailio,aflnet,1,nodes,11
1773089707,kamailio,aflnet,1,edges,39
1773089712,kamailio,aflnet,1,nodes,11
1773089712,kamailio,aflnet,1,edges,39
1773089717,kamailio,aflnet,1,nodes,11
1773089717,kamailio,aflnet,1,edges,39
1773089722,kamailio,aflnet,1,nodes,11
1773089722,kamailio,aflnet,1,edges,40
1773089727,kamailio,aflnet,1,nodes,11
1773089727,kamailio,aflnet,1,edges,40
1773089733,kamailio,aflnet,1,nodes,11
1773089733,kamailio,aflnet,1,edges,40
1773089738,kamailio,aflnet,1,nodes,11
1773089738,kamailio,aflnet,1,edges,40
1773089743,kamailio,aflnet,1,nodes,11
1773089743,kamailio,aflnet,1,edges,40
1773089748,kamailio,aflnet,1,nodes,11
1773089748,kamailio,aflnet,1,edges,40
1773089753,kamailio,aflnet,1,nodes,11
1773089753,kamailio,aflnet,1,edges,40
1773089759,kamailio,aflnet,1,nodes,11
1773089759,kamailio,aflnet,1,edges,40
1773089764,kamailio,aflnet,1,nodes,11
1773089764,kamailio,aflnet,1,edges,41
1773089769,kamailio,aflnet,1,nodes,11
1773089769,kamailio,aflnet,1,edges,41
1773089774,kamailio,aflnet,1,nodes,11
1773089774,kamailio,aflnet,1,edges,41
1773089779,kamailio,aflnet,1,nodes,11
1773089779,kamailio,aflnet,1,edges,41
1773089785,kamailio,aflnet,1,nodes,11
1773089785,kamailio,aflnet,1,edges,41
1773089790,kamailio,aflnet,1,nodes,11
1773089790,kamailio,aflnet,1,edges,41
1773089795,kamailio,aflnet,1,nodes,11
1773089795,kamailio,aflnet,1,edges,41
1773089800,kamailio,aflnet,1,nodes,11
1773089800,kamailio,aflnet,1,edges,41
1773089805,kamailio,aflnet,1,nodes,11
1773089805,kamailio,aflnet,1,edges,41
1773089810,kamailio,aflnet,1,nodes,11
1773089810,kamailio,aflnet,1,edges,41
1773089815,kamailio,aflnet,1,nodes,11
1773089815,kamailio,aflnet,1,edges,41
1773089821,kamailio,aflnet,1,nodes,11
1773089821,kamailio,aflnet,1,edges,41
1773089831,kamailio,aflnet,1,nodes,11
1773089831,kamailio,aflnet,1,edges,41
1773089836,kamailio,aflnet,1,nodes,11
1773089836,kamailio,aflnet,1,edges,41
1773089841,kamailio,aflnet,1,nodes,11
1773089841,kamailio,aflnet,1,edges,41
1773089852,kamailio,aflnet,1,nodes,11
1773089852,kamailio,aflnet,1,edges,41
1773089857,kamailio,aflnet,1,nodes,11
1773089857,kamailio,aflnet,1,edges,41
1773089862,kamailio,aflnet,1,nodes,11
1773089862,kamailio,aflnet,1,edges,41
1773089867,kamailio,aflnet,1,nodes,11
1773089867,kamailio,aflnet,1,edges,41
1773089872,kamailio,aflnet,1,nodes,11
1773089872,kamailio,aflnet,1,edges,41
1773089878,kamailio,aflnet,1,nodes,11
1773089878,kamailio,aflnet,1,edges,41
1773089883,kamailio,aflnet,1,nodes,11
1773089883,kamailio,aflnet,1,edges,41
1773089888,kamailio,aflnet,1,nodes,11
1773089888,kamailio,aflnet,1,edges,41
1773089893,kamailio,aflnet,1,nodes,11
1773089893,kamailio,aflnet,1,edges,41
1773089903,kamailio,aflnet,1,nodes,11
1773089903,kamailio,aflnet,1,edges,41
1773089914,kamailio,aflnet,1,nodes,11
1773089914,kamailio,aflnet,1,edges,41
1773089919,kamailio,aflnet,1,nodes,11
1773089919,kamailio,aflnet,1,edges,41
1773089924,kamailio,aflnet,1,nodes,11
1773089924,kamailio,aflnet,1,edges,41
1773089930,kamailio,aflnet,1,nodes,11
1773089930,kamailio,aflnet,1,edges,41
1773089935,kamailio,aflnet,1,nodes,11
1773089935,kamailio,aflnet,1,edges,41
1773089940,kamailio,aflnet,1,nodes,11
1773089940,kamailio,aflnet,1,edges,41
1773089945,kamailio,aflnet,1,nodes,11
1773089945,kamailio,aflnet,1,edges,41
1773089950,kamailio,aflnet,1,nodes,11
1773089950,kamailio,aflnet,1,edges,41
1773089956,kamailio,aflnet,1,nodes,11
1773089956,kamailio,aflnet,1,edges,41
1773089961,kamailio,aflnet,1,nodes,11
1773089961,kamailio,aflnet,1,edges,41
1773089971,kamailio,aflnet,1,nodes,11
1773089971,kamailio,aflnet,1,edges,41
1773089976,kamailio,aflnet,1,nodes,11
1773089976,kamailio,aflnet,1,edges,41
1773089982,kamailio,aflnet,1,nodes,11
1773089982,kamailio,aflnet,1,edges,41
1773089987,kamailio,aflnet,1,nodes,11
1773089987,kamailio,aflnet,1,edges,41
1773089992,kamailio,aflnet,1,nodes,11
1773089992,kamailio,aflnet,1,edges,41
1773089997,kamailio,aflnet,1,nodes,11
1773089997,kamailio,aflnet,1,edges,41
1773090003,kamailio,aflnet,1,nodes,11
1773090003,kamailio,aflnet,1,edges,41
1773090008,kamailio,aflnet,1,nodes,11
1773090008,kamailio,aflnet,1,edges,41
1773090018,kamailio,aflnet,1,nodes,11
1773090018,kamailio,aflnet,1,edges,41
1773090024,kamailio,aflnet,1,nodes,11
1773090024,kamailio,aflnet,1,edges,41
1773090029,kamailio,aflnet,1,nodes,11
1773090029,kamailio,aflnet,1,edges,41
1773090034,kamailio,aflnet,1,nodes,11
1773090034,kamailio,aflnet,1,edges,41
1773090039,kamailio,aflnet,1,nodes,11
1773090039,kamailio,aflnet,1,edges,41
1773090044,kamailio,aflnet,1,nodes,11
1773090044,kamailio,aflnet,1,edges,41
1773090055,kamailio,aflnet,1,nodes,11
1773090055,kamailio,aflnet,1,edges,41
1773090060,kamailio,aflnet,1,nodes,11
1773090060,kamailio,aflnet,1,edges,41
1773090071,kamailio,aflnet,1,nodes,11
1773090071,kamailio,aflnet,1,edges,41
1773090076,kamailio,aflnet,1,nodes,11
1773090076,kamailio,aflnet,1,edges,41
1773090081,kamailio,aflnet,1,nodes,11
1773090081,kamailio,aflnet,1,edges,41
1773090086,kamailio,aflnet,1,nodes,11
1773090086,kamailio,aflnet,1,edges,41
1773090091,kamailio,aflnet,1,nodes,11
1773090091,kamailio,aflnet,1,edges,41
1773090096,kamailio,aflnet,1,nodes,11
1773090096,kamailio,aflnet,1,edges,41
1773090101,kamailio,aflnet,1,nodes,11
1773090101,kamailio,aflnet,1,edges,41
1773090107,kamailio,aflnet,1,nodes,11
1773090107,kamailio,aflnet,1,edges,41
1773090112,kamailio,aflnet,1,nodes,11
1773090112,kamailio,aflnet,1,edges,41
1773090127,kamailio,aflnet,1,nodes,11
1773090127,kamailio,aflnet,1,edges,41
1773090133,kamailio,aflnet,1,nodes,11
1773090133,kamailio,aflnet,1,edges,41
1773090143,kamailio,aflnet,1,nodes,11
1773090143,kamailio,aflnet,1,edges,41
1773090153,kamailio,aflnet,1,nodes,11
1773090153,kamailio,aflnet,1,edges,41
1773090169,kamailio,aflnet,1,nodes,11
1773090169,kamailio,aflnet,1,edges,41
1773090174,kamailio,aflnet,1,nodes,11
1773090174,kamailio,aflnet,1,edges,41
1773090184,kamailio,aflnet,1,nodes,11
1773090184,kamailio,aflnet,1,edges,41
1773090194,kamailio,aflnet,1,nodes,11
1773090194,kamailio,aflnet,1,edges,41
1773090199,kamailio,aflnet,1,nodes,11
1773090199,kamailio,aflnet,1,edges,41
1773090220,kamailio,aflnet,1,nodes,11
1773090220,kamailio,aflnet,1,edges,41
1773090231,kamailio,aflnet,1,nodes,11
1773090231,kamailio,aflnet,1,edges,41
1773090236,kamailio,aflnet,1,nodes,11
1773090236,kamailio,aflnet,1,edges,44
1773090241,kamailio,aflnet,1,nodes,11
1773090241,kamailio,aflnet,1,edges,44
1773090247,kamailio,aflnet,1,nodes,11
1773090247,kamailio,aflnet,1,edges,44
1773090262,kamailio,aflnet,1,nodes,11
1773090262,kamailio,aflnet,1,edges,44
1773090278,kamailio,aflnet,1,nodes,11
1773090278,kamailio,aflnet,1,edges,44
1773090284,kamailio,aflnet,1,nodes,11
1773090284,kamailio,aflnet,1,edges,44
1773090289,kamailio,aflnet,1,nodes,11
1773090289,kamailio,aflnet,1,edges,44
1773090309,kamailio,aflnet,1,nodes,11
1773090309,kamailio,aflnet,1,edges,44
1773090320,kamailio,aflnet,1,nodes,11
1773090320,kamailio,aflnet,1,edges,44
1773090336,kamailio,aflnet,1,nodes,11
1773090336,kamailio,aflnet,1,edges,44
1773090351,kamailio,aflnet,1,nodes,11
1773090351,kamailio,aflnet,1,edges,44
1773090357,kamailio,aflnet,1,nodes,11
1773090357,kamailio,aflnet,1,edges,44
1773090362,kamailio,aflnet,1,nodes,11
1773090362,kamailio,aflnet,1,edges,45
1773090367,kamailio,aflnet,1,nodes,11
1773090367,kamailio,aflnet,1,edges,45
1773090377,kamailio,aflnet,1,nodes,11
1773090377,kamailio,aflnet,1,edges,45
1773090382,kamailio,aflnet,1,nodes,11
1773090382,kamailio,aflnet,1,edges,45
1773090387,kamailio,aflnet,1,nodes,11
1773090387,kamailio,aflnet,1,edges,45
1773090398,kamailio,aflnet,1,nodes,11
1773090398,kamailio,aflnet,1,edges,45
1773090403,kamailio,aflnet,1,nodes,11
1773090403,kamailio,aflnet,1,edges,45
1773090408,kamailio,aflnet,1,nodes,11
1773090408,kamailio,aflnet,1,edges,45
1773090413,kamailio,aflnet,1,nodes,11
1773090413,kamailio,aflnet,1,edges,45
1773090419,kamailio,aflnet,1,nodes,11
1773090419,kamailio,aflnet,1,edges,45
1773090424,kamailio,aflnet,1,nodes,11
1773090424,kamailio,aflnet,1,edges,45
1773090429,kamailio,aflnet,1,nodes,11
1773090429,kamailio,aflnet,1,edges,45
1773090434,kamailio,aflnet,1,nodes,11
1773090434,kamailio,aflnet,1,edges,45
1773090440,kamailio,aflnet,1,nodes,11
1773090440,kamailio,aflnet,1,edges,45
1773090445,kamailio,aflnet,1,nodes,11
1773090445,kamailio,aflnet,1,edges,45
1773090450,kamailio,aflnet,1,nodes,11
1773090450,kamailio,aflnet,1,edges,45
1773090456,kamailio,aflnet,1,nodes,11
1773090456,kamailio,aflnet,1,edges,45
1773090466,kamailio,aflnet,1,nodes,11
1773090466,kamailio,aflnet,1,edges,45
1773090481,kamailio,aflnet,1,nodes,11
1773090481,kamailio,aflnet,1,edges,45
1773090487,kamailio,aflnet,1,nodes,11
1773090487,kamailio,aflnet,1,edges,45
1773090492,kamailio,aflnet,1,nodes,11
1773090492,kamailio,aflnet,1,edges,45
1773090497,kamailio,aflnet,1,nodes,11
1773090497,kamailio,aflnet,1,edges,45
1773090508,kamailio,aflnet,1,nodes,11
1773090508,kamailio,aflnet,1,edges,45
1773090518,kamailio,aflnet,1,nodes,11
1773090518,kamailio,aflnet,1,edges,45
1773090529,kamailio,aflnet,1,nodes,11
1773090529,kamailio,aflnet,1,edges,45
1773090539,kamailio,aflnet,1,nodes,11
1773090539,kamailio,aflnet,1,edges,45
1773090544,kamailio,aflnet,1,nodes,11
1773090544,kamailio,aflnet,1,edges,45
1773090549,kamailio,aflnet,1,nodes,11
1773090549,kamailio,aflnet,1,edges,45
1773090554,kamailio,aflnet,1,nodes,11
1773090554,kamailio,aflnet,1,edges,45
1773090560,kamailio,aflnet,1,nodes,11
1773090560,kamailio,aflnet,1,edges,45
1773090565,kamailio,aflnet,1,nodes,11
1773090565,kamailio,aflnet,1,edges,45
1773090575,kamailio,aflnet,1,nodes,11
1773090575,kamailio,aflnet,1,edges,45
1773090586,kamailio,aflnet,1,nodes,11
1773090586,kamailio,aflnet,1,edges,45
1773090591,kamailio,aflnet,1,nodes,11
1773090591,kamailio,aflnet,1,edges,45
1773090602,kamailio,aflnet,1,nodes,11
1773090602,kamailio,aflnet,1,edges,45
1773090607,kamailio,aflnet,1,nodes,11
1773090607,kamailio,aflnet,1,edges,45
1773090612,kamailio,aflnet,1,nodes,11
1773090612,kamailio,aflnet,1,edges,45
1773090622,kamailio,aflnet,1,nodes,11
1773090622,kamailio,aflnet,1,edges,45
1773090632,kamailio,aflnet,1,nodes,11
1773090632,kamailio,aflnet,1,edges,45
1773090638,kamailio,aflnet,1,nodes,11
1773090638,kamailio,aflnet,1,edges,45
1773090643,kamailio,aflnet,1,nodes,11
1773090643,kamailio,aflnet,1,edges,45
1773090648,kamailio,aflnet,1,nodes,11
1773090648,kamailio,aflnet,1,edges,45
1773090653,kamailio,aflnet,1,nodes,11
1773090653,kamailio,aflnet,1,edges,45
1773090658,kamailio,aflnet,1,nodes,11
1773090658,kamailio,aflnet,1,edges,45
1773090669,kamailio,aflnet,1,nodes,11
1773090669,kamailio,aflnet,1,edges,45
1773090674,kamailio,aflnet,1,nodes,11
1773090674,kamailio,aflnet,1,edges,45
1773090689,kamailio,aflnet,1,nodes,11
1773090689,kamailio,aflnet,1,edges,45
1773090699,kamailio,aflnet,1,nodes,11
1773090699,kamailio,aflnet,1,edges,45
1773090705,kamailio,aflnet,1,nodes,11
1773090705,kamailio,aflnet,1,edges,45
1773090710,kamailio,aflnet,1,nodes,11
1773090710,kamailio,aflnet,1,edges,45
1773090715,kamailio,aflnet,1,nodes,11
1773090715,kamailio,aflnet,1,edges,46
1773090720,kamailio,aflnet,1,nodes,11
1773090720,kamailio,aflnet,1,edges,46
1773090726,kamailio,aflnet,1,nodes,11
1773090726,kamailio,aflnet,1,edges,47
1773090731,kamailio,aflnet,1,nodes,11
1773090731,kamailio,aflnet,1,edges,47
1773090736,kamailio,aflnet,1,nodes,11
1773090736,kamailio,aflnet,1,edges,47
1773090741,kamailio,aflnet,1,nodes,11
1773090741,kamailio,aflnet,1,edges,47
1773090746,kamailio,aflnet,1,nodes,11
1773090746,kamailio,aflnet,1,edges,47
1773090751,kamailio,aflnet,1,nodes,11
1773090751,kamailio,aflnet,1,edges,48
1773090757,kamailio,aflnet,1,nodes,11
1773090757,kamailio,aflnet,1,edges,48
1773090772,kamailio,aflnet,1,nodes,11
1773090772,kamailio,aflnet,1,edges,48
1773090778,kamailio,aflnet,1,nodes,11
1773090778,kamailio,aflnet,1,edges,48
1773090788,kamailio,aflnet,1,nodes,11
1773090788,kamailio,aflnet,1,edges,48
1773090793,kamailio,aflnet,1,nodes,11
1773090793,kamailio,aflnet,1,edges,48
1773090803,kamailio,aflnet,1,nodes,11
1773090803,kamailio,aflnet,1,edges,48
1773090808,kamailio,aflnet,1,nodes,11
1773090808,kamailio,aflnet,1,edges,48
1773090813,kamailio,aflnet,1,nodes,11
1773090813,kamailio,aflnet,1,edges,48
1773090819,kamailio,aflnet,1,nodes,11
1773090819,kamailio,aflnet,1,edges,48
1773090824,kamailio,aflnet,1,nodes,11
1773090824,kamailio,aflnet,1,edges,48
1773090829,kamailio,aflnet,1,nodes,11
1773090829,kamailio,aflnet,1,edges,48
1773090834,kamailio,aflnet,1,nodes,11
1773090834,kamailio,aflnet,1,edges,48
1773090839,kamailio,aflnet,1,nodes,11
1773090839,kamailio,aflnet,1,edges,48
1773090845,kamailio,aflnet,1,nodes,11
1773090845,kamailio,aflnet,1,edges,48
1773090850,kamailio,aflnet,1,nodes,11
1773090850,kamailio,aflnet,1,edges,48
1773090855,kamailio,aflnet,1,nodes,11
1773090855,kamailio,aflnet,1,edges,48
1773090860,kamailio,aflnet,1,nodes,11
1773090860,kamailio,aflnet,1,edges,49
1773090865,kamailio,aflnet,1,nodes,11
1773090865,kamailio,aflnet,1,edges,49
1773090871,kamailio,aflnet,1,nodes,11
1773090871,kamailio,aflnet,1,edges,49
1773090876,kamailio,aflnet,1,nodes,11
1773090876,kamailio,aflnet,1,edges,49
1773090881,kamailio,aflnet,1,nodes,11
1773090881,kamailio,aflnet,1,edges,49
1773090886,kamailio,aflnet,1,nodes,11
1773090886,kamailio,aflnet,1,edges,49
1773090891,kamailio,aflnet,1,nodes,11
1773090891,kamailio,aflnet,1,edges,49
1773090896,kamailio,aflnet,1,nodes,11
1773090896,kamailio,aflnet,1,edges,49
1773090928,kamailio,aflnet,1,nodes,11
1773090928,kamailio,aflnet,1,edges,49
1773090944,kamailio,aflnet,1,nodes,11
1773090944,kamailio,aflnet,1,edges,49
1773090970,kamailio,aflnet,1,nodes,11
1773090970,kamailio,aflnet,1,edges,49
1773090975,kamailio,aflnet,1,nodes,11
1773090975,kamailio,aflnet,1,edges,49
1773091002,kamailio,aflnet,1,nodes,11
1773091002,kamailio,aflnet,1,edges,49
1773091007,kamailio,aflnet,1,nodes,11
1773091007,kamailio,aflnet,1,edges,49
1773091023,kamailio,aflnet,1,nodes,11
1773091023,kamailio,aflnet,1,edges,49
1773091028,kamailio,aflnet,1,nodes,11
1773091028,kamailio,aflnet,1,edges,49
1773091033,kamailio,aflnet,1,nodes,11
1773091033,kamailio,aflnet,1,edges,49
1773091044,kamailio,aflnet,1,nodes,11
1773091044,kamailio,aflnet,1,edges,49
1773091049,kamailio,aflnet,1,nodes,11
1773091049,kamailio,aflnet,1,edges,49
1773091059,kamailio,aflnet,1,nodes,11
1773091059,kamailio,aflnet,1,edges,49
1773091065,kamailio,aflnet,1,nodes,11
1773091065,kamailio,aflnet,1,edges,49
1773091070,kamailio,aflnet,1,nodes,11
1773091070,kamailio,aflnet,1,edges,49
1773091080,kamailio,aflnet,1,nodes,11
1773091080,kamailio,aflnet,1,edges,49
1773091085,kamailio,aflnet,1,nodes,11
1773091085,kamailio,aflnet,1,edges,49
1773091101,kamailio,aflnet,1,nodes,11
1773091101,kamailio,aflnet,1,edges,49
1773091111,kamailio,aflnet,1,nodes,11
1773091111,kamailio,aflnet,1,edges,49
1773091122,kamailio,aflnet,1,nodes,11
1773091122,kamailio,aflnet,1,edges,49
1773091127,kamailio,aflnet,1,nodes,11
1773091127,kamailio,aflnet,1,edges,49
1773091132,kamailio,aflnet,1,nodes,11
1773091132,kamailio,aflnet,1,edges,49
1773091142,kamailio,aflnet,1,nodes,11
1773091142,kamailio,aflnet,1,edges,49
1773091147,kamailio,aflnet,1,nodes,11
1773091147,kamailio,aflnet,1,edges,49
1773091153,kamailio,aflnet,1,nodes,11
1773091153,kamailio,aflnet,1,edges,49
1773091163,kamailio,aflnet,1,nodes,11
1773091163,kamailio,aflnet,1,edges,49
1773091168,kamailio,aflnet,1,nodes,11
1773091168,kamailio,aflnet,1,edges,49
1773091178,kamailio,aflnet,1,nodes,11
1773091178,kamailio,aflnet,1,edges,49
1773091183,kamailio,aflnet,1,nodes,11
1773091183,kamailio,aflnet,1,edges,49
1773091193,kamailio,aflnet,1,nodes,11
1773091193,kamailio,aflnet,1,edges,49
1773091199,kamailio,aflnet,1,nodes,11
1773091199,kamailio,aflnet,1,edges,49
1773091209,kamailio,aflnet,1,nodes,11
1773091209,kamailio,aflnet,1,edges,50
1773091214,kamailio,aflnet,1,nodes,11
1773091214,kamailio,aflnet,1,edges,50
1773091219,kamailio,aflnet,1,nodes,11
1773091219,kamailio,aflnet,1,edges,50
1773091224,kamailio,aflnet,1,nodes,11
1773091224,kamailio,aflnet,1,edges,50
1773091229,kamailio,aflnet,1,nodes,11
1773091229,kamailio,aflnet,1,edges,50
1773091235,kamailio,aflnet,1,nodes,11
1773091235,kamailio,aflnet,1,edges,50
1773091240,kamailio,aflnet,1,nodes,11
1773091240,kamailio,aflnet,1,edges,50
1773091245,kamailio,aflnet,1,nodes,11
1773091245,kamailio,aflnet,1,edges,50
1773091251,kamailio,aflnet,1,nodes,11
1773091251,kamailio,aflnet,1,edges,50
1773091261,kamailio,aflnet,1,nodes,11
1773091261,kamailio,aflnet,1,edges,50
1773091271,kamailio,aflnet,1,nodes,11
1773091271,kamailio,aflnet,1,edges,50
1773091276,kamailio,aflnet,1,nodes,11
1773091276,kamailio,aflnet,1,edges,50
1773091287,kamailio,aflnet,1,nodes,11
1773091287,kamailio,aflnet,1,edges,50
1773091297,kamailio,aflnet,1,nodes,11
1773091297,kamailio,aflnet,1,edges,50
1773091313,kamailio,aflnet,1,nodes,11
1773091313,kamailio,aflnet,1,edges,50
1773091318,kamailio,aflnet,1,nodes,11
1773091318,kamailio,aflnet,1,edges,50
1773091328,kamailio,aflnet,1,nodes,11
1773091328,kamailio,aflnet,1,edges,50
1773091333,kamailio,aflnet,1,nodes,11
1773091333,kamailio,aflnet,1,edges,50
1773091344,kamailio,aflnet,1,nodes,11
1773091344,kamailio,aflnet,1,edges,50
1773091354,kamailio,aflnet,1,nodes,11
1773091354,kamailio,aflnet,1,edges,50
1773091360,kamailio,aflnet,1,nodes,11
1773091360,kamailio,aflnet,1,edges,50
1773091365,kamailio,aflnet,1,nodes,11
1773091365,kamailio,aflnet,1,edges,50
1773091375,kamailio,aflnet,1,nodes,11
1773091375,kamailio,aflnet,1,edges,50
1773091380,kamailio,aflnet,1,nodes,11
1773091380,kamailio,aflnet,1,edges,50
1773091385,kamailio,aflnet,1,nodes,11
1773091385,kamailio,aflnet,1,edges,50
1773091390,kamailio,aflnet,1,nodes,11
1773091390,kamailio,aflnet,1,edges,50
1773091400,kamailio,aflnet,1,nodes,11
1773091400,kamailio,aflnet,1,edges,50
1773091406,kamailio,aflnet,1,nodes,11
1773091406,kamailio,aflnet,1,edges,50
1773091416,kamailio,aflnet,1,nodes,11
1773091416,kamailio,aflnet,1,edges,50
1773091436,kamailio,aflnet,1,nodes,11
1773091436,kamailio,aflnet,1,edges,50
1773091442,kamailio,aflnet,1,nodes,11
1773091442,kamailio,aflnet,1,edges,50
1773091452,kamailio,aflnet,1,nodes,11
1773091452,kamailio,aflnet,1,edges,50
1773091457,kamailio,aflnet,1,nodes,11
1773091457,kamailio,aflnet,1,edges,50
1773091462,kamailio,aflnet,1,nodes,11
1773091462,kamailio,aflnet,1,edges,50
1773091467,kamailio,aflnet,1,nodes,11
1773091467,kamailio,aflnet,1,edges,50
1773091472,kamailio,aflnet,1,nodes,11
1773091472,kamailio,aflnet,1,edges,50
1773091478,kamailio,aflnet,1,nodes,11
1773091478,kamailio,aflnet,1,edges,50
1773091483,kamailio,aflnet,1,nodes,11
1773091483,kamailio,aflnet,1,edges,50
1773091488,kamailio,aflnet,1,nodes,11
1773091488,kamailio,aflnet,1,edges,50
1773091493,kamailio,aflnet,1,nodes,11
1773091493,kamailio,aflnet,1,edges,50
1773091508,kamailio,aflnet,1,nodes,11
1773091508,kamailio,aflnet,1,edges,50
1773091519,kamailio,aflnet,1,nodes,11
1773091519,kamailio,aflnet,1,edges,50
1773091534,kamailio,aflnet,1,nodes,11
1773091534,kamailio,aflnet,1,edges,50
1773091545,kamailio,aflnet,1,nodes,11
1773091545,kamailio,aflnet,1,edges,50
1773091550,kamailio,aflnet,1,nodes,11
1773091550,kamailio,aflnet,1,edges,50
1773091555,kamailio,aflnet,1,nodes,11
1773091555,kamailio,aflnet,1,edges,50
1773091561,kamailio,aflnet,1,nodes,11
1773091561,kamailio,aflnet,1,edges,50
1773091576,kamailio,aflnet,1,nodes,11
1773091576,kamailio,aflnet,1,edges,50
1773091587,kamailio,aflnet,1,nodes,11
1773091587,kamailio,aflnet,1,edges,50
1773091592,kamailio,aflnet,1,nodes,11
1773091592,kamailio,aflnet,1,edges,50
1773091602,kamailio,aflnet,1,nodes,11
1773091602,kamailio,aflnet,1,edges,50
1773091617,kamailio,aflnet,1,nodes,11
1773091617,kamailio,aflnet,1,edges,50
1773091623,kamailio,aflnet,1,nodes,11
1773091623,kamailio,aflnet,1,edges,50
1773091633,kamailio,aflnet,1,nodes,11
1773091633,kamailio,aflnet,1,edges,50
1773091638,kamailio,aflnet,1,nodes,11
1773091638,kamailio,aflnet,1,edges,50
1773091643,kamailio,aflnet,1,nodes,11
1773091643,kamailio,aflnet,1,edges,50
1773091654,kamailio,aflnet,1,nodes,11
1773091654,kamailio,aflnet,1,edges,50
1773091659,kamailio,aflnet,1,nodes,11
1773091659,kamailio,aflnet,1,edges,50
1773091664,kamailio,aflnet,1,nodes,11
1773091664,kamailio,aflnet,1,edges,50
1773091674,kamailio,aflnet,1,nodes,11
1773091674,kamailio,aflnet,1,edges,50
1773091680,kamailio,aflnet,1,nodes,11
1773091680,kamailio,aflnet,1,edges,50
1773091685,kamailio,aflnet,1,nodes,11
1773091685,kamailio,aflnet,1,edges,50
1773091690,kamailio,aflnet,1,nodes,11
1773091690,kamailio,aflnet,1,edges,50
1773091700,kamailio,aflnet,1,nodes,11
1773091700,kamailio,aflnet,1,edges,50
1773091706,kamailio,aflnet,1,nodes,11
1773091706,kamailio,aflnet,1,edges,50
1773091711,kamailio,aflnet,1,nodes,11
1773091711,kamailio,aflnet,1,edges,50
1773091716,kamailio,aflnet,1,nodes,11
1773091716,kamailio,aflnet,1,edges,50
1773091721,kamailio,aflnet,1,nodes,11
1773091721,kamailio,aflnet,1,edges,50
1773091726,kamailio,aflnet,1,nodes,11
1773091726,kamailio,aflnet,1,edges,50
1773091732,kamailio,aflnet,1,nodes,11
1773091732,kamailio,aflnet,1,edges,50
1773091742,kamailio,aflnet,1,nodes,11
1773091742,kamailio,aflnet,1,edges,50
1773091747,kamailio,aflnet,1,nodes,11
1773091747,kamailio,aflnet,1,edges,50
1773091758,kamailio,aflnet,1,nodes,11
1773091758,kamailio,aflnet,1,edges,50
1773091768,kamailio,aflnet,1,nodes,11
1773091768,kamailio,aflnet,1,edges,51
1773091773,kamailio,aflnet,1,nodes,11
1773091773,kamailio,aflnet,1,edges,51
1773091784,kamailio,aflnet,1,nodes,11
1773091784,kamailio,aflnet,1,edges,51
1773091789,kamailio,aflnet,1,nodes,11
1773091789,kamailio,aflnet,1,edges,51
1773091795,kamailio,aflnet,1,nodes,11
1773091795,kamailio,aflnet,1,edges,51
1773091805,kamailio,aflnet,1,nodes,11
1773091805,kamailio,aflnet,1,edges,51
1773091810,kamailio,aflnet,1,nodes,11
1773091810,kamailio,aflnet,1,edges,51
1773091821,kamailio,aflnet,1,nodes,11
1773091821,kamailio,aflnet,1,edges,51
1773091831,kamailio,aflnet,1,nodes,11
1773091831,kamailio,aflnet,1,edges,51
1773091842,kamailio,aflnet,1,nodes,11
1773091842,kamailio,aflnet,1,edges,51
1773091852,kamailio,aflnet,1,nodes,11
1773091852,kamailio,aflnet,1,edges,51
1773091874,kamailio,aflnet,1,nodes,11
1773091874,kamailio,aflnet,1,edges,51
1773091879,kamailio,aflnet,1,nodes,11
1773091879,kamailio,aflnet,1,edges,51
1773091884,kamailio,aflnet,1,nodes,11
1773091884,kamailio,aflnet,1,edges,51
1773091889,kamailio,aflnet,1,nodes,11
1773091889,kamailio,aflnet,1,edges,51
1773091895,kamailio,aflnet,1,nodes,11
1773091895,kamailio,aflnet,1,edges,51
1773091900,kamailio,aflnet,1,nodes,11
1773091900,kamailio,aflnet,1,edges,51
1773091915,kamailio,aflnet,1,nodes,11
1773091915,kamailio,aflnet,1,edges,51
1773091920,kamailio,aflnet,1,nodes,11
1773091920,kamailio,aflnet,1,edges,51
1773091925,kamailio,aflnet,1,nodes,11
1773091925,kamailio,aflnet,1,edges,51
1773091930,kamailio,aflnet,1,nodes,11
1773091930,kamailio,aflnet,1,edges,51
1773091936,kamailio,aflnet,1,nodes,11
1773091936,kamailio,aflnet,1,edges,51
1773091952,kamailio,aflnet,1,nodes,11
1773091952,kamailio,aflnet,1,edges,51
1773091957,kamailio,aflnet,1,nodes,11
1773091957,kamailio,aflnet,1,edges,51
1773091972,kamailio,aflnet,1,nodes,11
1773091972,kamailio,aflnet,1,edges,51
1773091978,kamailio,aflnet,1,nodes,11
1773091978,kamailio,aflnet,1,edges,51
1773091983,kamailio,aflnet,1,nodes,11
1773091983,kamailio,aflnet,1,edges,51
1773091988,kamailio,aflnet,1,nodes,11
1773091988,kamailio,aflnet,1,edges,51
1773091993,kamailio,aflnet,1,nodes,11
1773091993,kamailio,aflnet,1,edges,51
1773092014,kamailio,aflnet,1,nodes,11
1773092014,kamailio,aflnet,1,edges,51
1773092019,kamailio,aflnet,1,nodes,11
1773092019,kamailio,aflnet,1,edges,51
1773092025,kamailio,aflnet,1,nodes,11
1773092025,kamailio,aflnet,1,edges,51
1773092030,kamailio,aflnet,1,nodes,11
1773092030,kamailio,aflnet,1,edges,51
1773092035,kamailio,aflnet,1,nodes,11
1773092035,kamailio,aflnet,1,edges,51
1773092040,kamailio,aflnet,1,nodes,11
1773092040,kamailio,aflnet,1,edges,51
1773092045,kamailio,aflnet,1,nodes,11
1773092045,kamailio,aflnet,1,edges,51
1773092051,kamailio,aflnet,1,nodes,11
1773092051,kamailio,aflnet,1,edges,51
1773092056,kamailio,aflnet,1,nodes,11
1773092056,kamailio,aflnet,1,edges,51
1773092061,kamailio,aflnet,1,nodes,11
1773092061,kamailio,aflnet,1,edges,51
1773092072,kamailio,aflnet,1,nodes,11
1773092072,kamailio,aflnet,1,edges,51
1773092129,kamailio,aflnet,1,nodes,11
1773092129,kamailio,aflnet,1,edges,51
1773092134,kamailio,aflnet,1,nodes,11
1773092134,kamailio,aflnet,1,edges,51
1773092145,kamailio,aflnet,1,nodes,11
1773092145,kamailio,aflnet,1,edges,51
1773092150,kamailio,aflnet,1,nodes,11
1773092150,kamailio,aflnet,1,edges,51
1773092155,kamailio,aflnet,1,nodes,11
1773092155,kamailio,aflnet,1,edges,51
1773092161,kamailio,aflnet,1,nodes,11
1773092161,kamailio,aflnet,1,edges,51
1773092166,kamailio,aflnet,1,nodes,11
1773092166,kamailio,aflnet,1,edges,51
1773092176,kamailio,aflnet,1,nodes,11
1773092176,kamailio,aflnet,1,edges,51
1773092181,kamailio,aflnet,1,nodes,11
1773092181,kamailio,aflnet,1,edges,51
1773092187,kamailio,aflnet,1,nodes,11
1773092187,kamailio,aflnet,1,edges,51
1773092203,kamailio,aflnet,1,nodes,11
1773092203,kamailio,aflnet,1,edges,51
1773092208,kamailio,aflnet,1,nodes,11
1773092208,kamailio,aflnet,1,edges,51
1773092213,kamailio,aflnet,1,nodes,11
1773092213,kamailio,aflnet,1,edges,51
1773092223,kamailio,aflnet,1,nodes,11
1773092223,kamailio,aflnet,1,edges,51
1773092239,kamailio,aflnet,1,nodes,11
1773092239,kamailio,aflnet,1,edges,51
1773092244,kamailio,aflnet,1,nodes,11
1773092244,kamailio,aflnet,1,edges,51
1773092250,kamailio,aflnet,1,nodes,11
1773092250,kamailio,aflnet,1,edges,51
1773092255,kamailio,aflnet,1,nodes,11
1773092255,kamailio,aflnet,1,edges,51
1773092260,kamailio,aflnet,1,nodes,11
1773092260,kamailio,aflnet,1,edges,51
1773092266,kamailio,aflnet,1,nodes,11
1773092266,kamailio,aflnet,1,edges,51
1773092271,kamailio,aflnet,1,nodes,11
1773092271,kamailio,aflnet,1,edges,51
1773092276,kamailio,aflnet,1,nodes,11
1773092276,kamailio,aflnet,1,edges,51
1773092291,kamailio,aflnet,1,nodes,11
1773092291,kamailio,aflnet,1,edges,51
1773092297,kamailio,aflnet,1,nodes,11
1773092297,kamailio,aflnet,1,edges,51
1773092302,kamailio,aflnet,1,nodes,11
1773092302,kamailio,aflnet,1,edges,51
1773092312,kamailio,aflnet,1,nodes,11
1773092312,kamailio,aflnet,1,edges,51
1773092318,kamailio,aflnet,1,nodes,11
1773092318,kamailio,aflnet,1,edges,51
1773092323,kamailio,aflnet,1,nodes,11
1773092323,kamailio,aflnet,1,edges,51
1773092328,kamailio,aflnet,1,nodes,11
1773092328,kamailio,aflnet,1,edges,51
1773092338,kamailio,aflnet,1,nodes,11
1773092338,kamailio,aflnet,1,edges,51
1773092349,kamailio,aflnet,1,nodes,11
1773092349,kamailio,aflnet,1,edges,51
1773092354,kamailio,aflnet,1,nodes,11
1773092354,kamailio,aflnet,1,edges,51
1773092359,kamailio,aflnet,1,nodes,11
1773092359,kamailio,aflnet,1,edges,51
1773092364,kamailio,aflnet,1,nodes,11
1773092364,kamailio,aflnet,1,edges,51
1773092389,kamailio,aflnet,1,nodes,11
1773092389,kamailio,aflnet,1,edges,51
1773092394,kamailio,aflnet,1,nodes,11
1773092394,kamailio,aflnet,1,edges,51
1773092421,kamailio,aflnet,1,nodes,11
1773092421,kamailio,aflnet,1,edges,51
1773092442,kamailio,aflnet,1,nodes,11
1773092442,kamailio,aflnet,1,edges,51
1773092447,kamailio,aflnet,1,nodes,11
1773092447,kamailio,aflnet,1,edges,51
1773092452,kamailio,aflnet,1,nodes,11
1773092452,kamailio,aflnet,1,edges,51
1773092457,kamailio,aflnet,1,nodes,11
1773092457,kamailio,aflnet,1,edges,51
1773092472,kamailio,aflnet,1,nodes,11
1773092472,kamailio,aflnet,1,edges,51
1773092477,kamailio,aflnet,1,nodes,11
1773092477,kamailio,aflnet,1,edges,51
1773092483,kamailio,aflnet,1,nodes,11
1773092483,kamailio,aflnet,1,edges,51
1773092488,kamailio,aflnet,1,nodes,11
1773092488,kamailio,aflnet,1,edges,51
1773092503,kamailio,aflnet,1,nodes,11
1773092503,kamailio,aflnet,1,edges,51
1773092508,kamailio,aflnet,1,nodes,11
1773092508,kamailio,aflnet,1,edges,51
1773092518,kamailio,aflnet,1,nodes,11
1773092518,kamailio,aflnet,1,edges,51
1773092529,kamailio,aflnet,1,nodes,11
1773092529,kamailio,aflnet,1,edges,51
1773092534,kamailio,aflnet,1,nodes,11
1773092534,kamailio,aflnet,1,edges,51
1773092539,kamailio,aflnet,1,nodes,11
1773092539,kamailio,aflnet,1,edges,51
1773092544,kamailio,aflnet,1,nodes,11
1773092544,kamailio,aflnet,1,edges,51
1773092549,kamailio,aflnet,1,nodes,11
1773092549,kamailio,aflnet,1,edges,51
1773092554,kamailio,aflnet,1,nodes,11
1773092554,kamailio,aflnet,1,edges,51
1773092569,kamailio,aflnet,1,nodes,11
1773092569,kamailio,aflnet,1,edges,51
1773092585,kamailio,aflnet,1,nodes,11
1773092585,kamailio,aflnet,1,edges,51
1773092595,kamailio,aflnet,1,nodes,11
1773092595,kamailio,aflnet,1,edges,51
1773092601,kamailio,aflnet,1,nodes,11
1773092601,kamailio,aflnet,1,edges,51
1773092611,kamailio,aflnet,1,nodes,11
1773092611,kamailio,aflnet,1,edges,51
1773092621,kamailio,aflnet,1,nodes,11
1773092621,kamailio,aflnet,1,edges,51
1773092627,kamailio,aflnet,1,nodes,11
1773092627,kamailio,aflnet,1,edges,51
1773092632,kamailio,aflnet,1,nodes,11
1773092632,kamailio,aflnet,1,edges,51
1773092637,kamailio,aflnet,1,nodes,11
1773092637,kamailio,aflnet,1,edges,51
1773092652,kamailio,aflnet,1,nodes,11
1773092652,kamailio,aflnet,1,edges,51
1773092668,kamailio,aflnet,1,nodes,11
1773092668,kamailio,aflnet,1,edges,51
1773092673,kamailio,aflnet,1,nodes,11
1773092673,kamailio,aflnet,1,edges,51
1773092678,kamailio,aflnet,1,nodes,11
1773092678,kamailio,aflnet,1,edges,51
1773092684,kamailio,aflnet,1,nodes,11
1773092684,kamailio,aflnet,1,edges,51
1773092689,kamailio,aflnet,1,nodes,11
1773092689,kamailio,aflnet,1,edges,51
1773092694,kamailio,aflnet,1,nodes,11
1773092694,kamailio,aflnet,1,edges,51
1773092699,kamailio,aflnet,1,nodes,11
1773092699,kamailio,aflnet,1,edges,51
1773092726,kamailio,aflnet,1,nodes,11
1773092726,kamailio,aflnet,1,edges,51
1773092731,kamailio,aflnet,1,nodes,11
1773092731,kamailio,aflnet,1,edges,51
1773092736,kamailio,aflnet,1,nodes,11
1773092736,kamailio,aflnet,1,edges,51
1773092741,kamailio,aflnet,1,nodes,11
1773092741,kamailio,aflnet,1,edges,51
1773092746,kamailio,aflnet,1,nodes,11
1773092746,kamailio,aflnet,1,edges,51
1773092751,kamailio,aflnet,1,nodes,11
1773092751,kamailio,aflnet,1,edges,51
1773092756,kamailio,aflnet,1,nodes,11
1773092756,kamailio,aflnet,1,edges,51
1773092762,kamailio,aflnet,1,nodes,11
1773092762,kamailio,aflnet,1,edges,51
1773092767,kamailio,aflnet,1,nodes,11
1773092767,kamailio,aflnet,1,edges,51
1773092772,kamailio,aflnet,1,nodes,11
1773092772,kamailio,aflnet,1,edges,51
1773092777,kamailio,aflnet,1,nodes,11
1773092777,kamailio,aflnet,1,edges,51
1773092783,kamailio,aflnet,1,nodes,11
1773092783,kamailio,aflnet,1,edges,51
1773092798,kamailio,aflnet,1,nodes,11
1773092798,kamailio,aflnet,1,edges,51
1773092803,kamailio,aflnet,1,nodes,11
1773092803,kamailio,aflnet,1,edges,51
1773092808,kamailio,aflnet,1,nodes,11
1773092808,kamailio,aflnet,1,edges,51
1773092814,kamailio,aflnet,1,nodes,11
1773092814,kamailio,aflnet,1,edges,51
1773092819,kamailio,aflnet,1,nodes,11
1773092819,kamailio,aflnet,1,edges,51
1773092824,kamailio,aflnet,1,nodes,11
1773092824,kamailio,aflnet,1,edges,51
1773092829,kamailio,aflnet,1,nodes,11
1773092829,kamailio,aflnet,1,edges,51
1773092839,kamailio,aflnet,1,nodes,11
1773092839,kamailio,aflnet,1,edges,51
1773092844,kamailio,aflnet,1,nodes,11
1773092844,kamailio,aflnet,1,edges,52
1773092855,kamailio,aflnet,1,nodes,11
1773092855,kamailio,aflnet,1,edges,52
1773092870,kamailio,aflnet,1,nodes,11
1773092870,kamailio,aflnet,1,edges,52
1773092896,kamailio,aflnet,1,nodes,11
1773092896,kamailio,aflnet,1,edges,52
1773092912,kamailio,aflnet,1,nodes,11
1773092912,kamailio,aflnet,1,edges,53
1773092917,kamailio,aflnet,1,nodes,11
1773092917,kamailio,aflnet,1,edges,53
1773092922,kamailio,aflnet,1,nodes,11
1773092922,kamailio,aflnet,1,edges,53
1773092932,kamailio,aflnet,1,nodes,11
1773092932,kamailio,aflnet,1,edges,53
1773092948,kamailio,aflnet,1,nodes,11
1773092948,kamailio,aflnet,1,edges,53
1773092953,kamailio,aflnet,1,nodes,11
1773092953,kamailio,aflnet,1,edges,53
1773092958,kamailio,aflnet,1,nodes,11
1773092958,kamailio,aflnet,1,edges,53
1773092963,kamailio,aflnet,1,nodes,11
1773092963,kamailio,aflnet,1,edges,53
1773092968,kamailio,aflnet,1,nodes,11
1773092968,kamailio,aflnet,1,edges,53
1773092973,kamailio,aflnet,1,nodes,11
1773092973,kamailio,aflnet,1,edges,55
1773092989,kamailio,aflnet,1,nodes,11
1773092989,kamailio,aflnet,1,edges,55
1773092999,kamailio,aflnet,1,nodes,11
1773092999,kamailio,aflnet,1,edges,55
1773093010,kamailio,aflnet,1,nodes,11
1773093010,kamailio,aflnet,1,edges,55
1773093025,kamailio,aflnet,1,nodes,11
1773093025,kamailio,aflnet,1,edges,55
1773093045,kamailio,aflnet,1,nodes,11
1773093045,kamailio,aflnet,1,edges,55
1773093050,kamailio,aflnet,1,nodes,11
1773093050,kamailio,aflnet,1,edges,55
1773093071,kamailio,aflnet,1,nodes,11
1773093071,kamailio,aflnet,1,edges,55
1773093076,kamailio,aflnet,1,nodes,11
1773093076,kamailio,aflnet,1,edges,55
1773093081,kamailio,aflnet,1,nodes,11
1773093081,kamailio,aflnet,1,edges,55
1773093086,kamailio,aflnet,1,nodes,11
1773093086,kamailio,aflnet,1,edges,55
1773093091,kamailio,aflnet,1,nodes,11
1773093091,kamailio,aflnet,1,edges,55
1773093097,kamailio,aflnet,1,nodes,11
1773093097,kamailio,aflnet,1,edges,55
1773093107,kamailio,aflnet,1,nodes,11
1773093107,kamailio,aflnet,1,edges,55
1773093112,kamailio,aflnet,1,nodes,11
1773093112,kamailio,aflnet,1,edges,55
1773093123,kamailio,aflnet,1,nodes,11
1773093123,kamailio,aflnet,1,edges,55
1773093128,kamailio,aflnet,1,nodes,11
1773093128,kamailio,aflnet,1,edges,55
1773093133,kamailio,aflnet,1,nodes,11
1773093133,kamailio,aflnet,1,edges,56
1773093143,kamailio,aflnet,1,nodes,11
1773093143,kamailio,aflnet,1,edges,56
1773093148,kamailio,aflnet,1,nodes,11
1773093148,kamailio,aflnet,1,edges,56
1773093154,kamailio,aflnet,1,nodes,11
1773093154,kamailio,aflnet,1,edges,56
1773093159,kamailio,aflnet,1,nodes,11
1773093159,kamailio,aflnet,1,edges,56
1773093164,kamailio,aflnet,1,nodes,11
1773093164,kamailio,aflnet,1,edges,56
1773093169,kamailio,aflnet,1,nodes,11
1773093169,kamailio,aflnet,1,edges,56
1773093179,kamailio,aflnet,1,nodes,11
1773093179,kamailio,aflnet,1,edges,56
1773093184,kamailio,aflnet,1,nodes,11
1773093184,kamailio,aflnet,1,edges,56
1773093205,kamailio,aflnet,1,nodes,11
1773093205,kamailio,aflnet,1,edges,56
1773093210,kamailio,aflnet,1,nodes,11
1773093210,kamailio,aflnet,1,edges,56
1773093215,kamailio,aflnet,1,nodes,11
1773093215,kamailio,aflnet,1,edges,56
1773093225,kamailio,aflnet,1,nodes,11
1773093225,kamailio,aflnet,1,edges,56
1773093231,kamailio,aflnet,1,nodes,11
1773093231,kamailio,aflnet,1,edges,56
1773093241,kamailio,aflnet,1,nodes,11
1773093241,kamailio,aflnet,1,edges,56
1773093252,kamailio,aflnet,1,nodes,11
1773093252,kamailio,aflnet,1,edges,56
1773093262,kamailio,aflnet,1,nodes,11
1773093262,kamailio,aflnet,1,edges,56
1773093272,kamailio,aflnet,1,nodes,11
1773093272,kamailio,aflnet,1,edges,56
1773093282,kamailio,aflnet,1,nodes,11
1773093282,kamailio,aflnet,1,edges,56
1773093288,kamailio,aflnet,1,nodes,11
1773093288,kamailio,aflnet,1,edges,56
1773093293,kamailio,aflnet,1,nodes,11
1773093293,kamailio,aflnet,1,edges,56
1773093298,kamailio,aflnet,1,nodes,11
1773093298,kamailio,aflnet,1,edges,56
1773093303,kamailio,aflnet,1,nodes,11
1773093303,kamailio,aflnet,1,edges,56
1773093313,kamailio,aflnet,1,nodes,11
1773093313,kamailio,aflnet,1,edges,56
1773093318,kamailio,aflnet,1,nodes,11
1773093318,kamailio,aflnet,1,edges,56
1773093343,kamailio,aflnet,1,nodes,11
1773093343,kamailio,aflnet,1,edges,56
1773093348,kamailio,aflnet,1,nodes,11
1773093348,kamailio,aflnet,1,edges,56
1773093359,kamailio,aflnet,1,nodes,11
1773093359,kamailio,aflnet,1,edges,56
1773093364,kamailio,aflnet,1,nodes,11
1773093364,kamailio,aflnet,1,edges,56
1773093374,kamailio,aflnet,1,nodes,11
1773093374,kamailio,aflnet,1,edges,56
1773093384,kamailio,aflnet,1,nodes,11
1773093384,kamailio,aflnet,1,edges,56
1773093389,kamailio,aflnet,1,nodes,11
1773093389,kamailio,aflnet,1,edges,56
1773093400,kamailio,aflnet,1,nodes,11
1773093400,kamailio,aflnet,1,edges,56
1773093405,kamailio,aflnet,1,nodes,11
1773093405,kamailio,aflnet,1,edges,56
1773093410,kamailio,aflnet,1,nodes,11
1773093410,kamailio,aflnet,1,edges,56
1773093415,kamailio,aflnet,1,nodes,11
1773093415,kamailio,aflnet,1,edges,57
1773093420,kamailio,aflnet,1,nodes,11
1773093420,kamailio,aflnet,1,edges,57
1773093430,kamailio,aflnet,1,nodes,11
1773093430,kamailio,aflnet,1,edges,57
1773093446,kamailio,aflnet,1,nodes,11
1773093446,kamailio,aflnet,1,edges,57
1773093451,kamailio,aflnet,1,nodes,11
1773093451,kamailio,aflnet,1,edges,57
1773093456,kamailio,aflnet,1,nodes,11
1773093456,kamailio,aflnet,1,edges,57
1773093466,kamailio,aflnet,1,nodes,11
1773093466,kamailio,aflnet,1,edges,57
1773093471,kamailio,aflnet,1,nodes,11
1773093471,kamailio,aflnet,1,edges,57
1773093482,kamailio,aflnet,1,nodes,11
1773093482,kamailio,aflnet,1,edges,57
1773093487,kamailio,aflnet,1,nodes,11
1773093487,kamailio,aflnet,1,edges,57
1773093492,kamailio,aflnet,1,nodes,11
1773093492,kamailio,aflnet,1,edges,57
1773093502,kamailio,aflnet,1,nodes,11
1773093502,kamailio,aflnet,1,edges,57
1773093513,kamailio,aflnet,1,nodes,11
1773093513,kamailio,aflnet,1,edges,57
1773093518,kamailio,aflnet,1,nodes,11
1773093518,kamailio,aflnet,1,edges,57
1773093523,kamailio,aflnet,1,nodes,11
1773093523,kamailio,aflnet,1,edges,57
1773093528,kamailio,aflnet,1,nodes,12
1773093528,kamailio,aflnet,1,edges,59
1773093543,kamailio,aflnet,1,nodes,12
1773093543,kamailio,aflnet,1,edges,59
1773093548,kamailio,aflnet,1,nodes,12
1773093548,kamailio,aflnet,1,edges,59
1773093559,kamailio,aflnet,1,nodes,12
1773093559,kamailio,aflnet,1,edges,59
1773093564,kamailio,aflnet,1,nodes,12
1773093564,kamailio,aflnet,1,edges,59
1773093574,kamailio,aflnet,1,nodes,12
1773093574,kamailio,aflnet,1,edges,59
1773093585,kamailio,aflnet,1,nodes,12
1773093585,kamailio,aflnet,1,edges,61
1773093590,kamailio,aflnet,1,nodes,12
1773093590,kamailio,aflnet,1,edges,61
1773093600,kamailio,aflnet,1,nodes,12
1773093600,kamailio,aflnet,1,edges,61
1773093605,kamailio,aflnet,1,nodes,12
1773093605,kamailio,aflnet,1,edges,61
1773093615,kamailio,aflnet,1,nodes,12
1773093615,kamailio,aflnet,1,edges,61
1773093626,kamailio,aflnet,1,nodes,12
1773093626,kamailio,aflnet,1,edges,61
1773093631,kamailio,aflnet,1,nodes,12
1773093631,kamailio,aflnet,1,edges,61
1773093641,kamailio,aflnet,1,nodes,12
1773093641,kamailio,aflnet,1,edges,61
1773093652,kamailio,aflnet,1,nodes,12
1773093652,kamailio,aflnet,1,edges,61
1773093662,kamailio,aflnet,1,nodes,12
1773093662,kamailio,aflnet,1,edges,61
1773093667,kamailio,aflnet,1,nodes,12
1773093667,kamailio,aflnet,1,edges,61
1773093682,kamailio,aflnet,1,nodes,12
1773093682,kamailio,aflnet,1,edges,61
1773093698,kamailio,aflnet,1,nodes,12
1773093698,kamailio,aflnet,1,edges,61
1773093708,kamailio,aflnet,1,nodes,12
1773093708,kamailio,aflnet,1,edges,62
1773093719,kamailio,aflnet,1,nodes,12
1773093719,kamailio,aflnet,1,edges,62
1773093729,kamailio,aflnet,1,nodes,12
1773093729,kamailio,aflnet,1,edges,62
1773093745,kamailio,aflnet,1,nodes,12
1773093745,kamailio,aflnet,1,edges,62
1773093760,kamailio,aflnet,1,nodes,12
1773093760,kamailio,aflnet,1,edges,62
1773093770,kamailio,aflnet,1,nodes,12
1773093770,kamailio,aflnet,1,edges,62
1773093786,kamailio,aflnet,1,nodes,12
1773093786,kamailio,aflnet,1,edges,62
1773093802,kamailio,aflnet,1,nodes,12
1773093802,kamailio,aflnet,1,edges,62
1773093812,kamailio,aflnet,1,nodes,12
1773093812,kamailio,aflnet,1,edges,62
1773093822,kamailio,aflnet,1,nodes,12
1773093822,kamailio,aflnet,1,edges,62
1773093833,kamailio,aflnet,1,nodes,12
1773093833,kamailio,aflnet,1,edges,62
1773093843,kamailio,aflnet,1,nodes,12
1773093843,kamailio,aflnet,1,edges,62
1773093890,kamailio,aflnet,1,nodes,12
1773093890,kamailio,aflnet,1,edges,62
1773093901,kamailio,aflnet,1,nodes,12
1773093901,kamailio,aflnet,1,edges,62
1773093916,kamailio,aflnet,1,nodes,12
1773093916,kamailio,aflnet,1,edges,62
1773093926,kamailio,aflnet,1,nodes,12
1773093926,kamailio,aflnet,1,edges,62
1773093947,kamailio,aflnet,1,nodes,12
1773093947,kamailio,aflnet,1,edges,62
1773093958,kamailio,aflnet,1,nodes,12
1773093958,kamailio,aflnet,1,edges,62
1773093973,kamailio,aflnet,1,nodes,12
1773093973,kamailio,aflnet,1,edges,62
1773093994,kamailio,aflnet,1,nodes,12
1773093994,kamailio,aflnet,1,edges,62
1773094020,kamailio,aflnet,1,nodes,12
1773094020,kamailio,aflnet,1,edges,62
1773094041,kamailio,aflnet,1,nodes,12
1773094041,kamailio,aflnet,1,edges,62
1773094051,kamailio,aflnet,1,nodes,12
1773094051,kamailio,aflnet,1,edges,62
1773094062,kamailio,aflnet,1,nodes,12
1773094062,kamailio,aflnet,1,edges,62
1773094072,kamailio,aflnet,1,nodes,12
1773094072,kamailio,aflnet,1,edges,62
1773094082,kamailio,aflnet,1,nodes,12
1773094082,kamailio,aflnet,1,edges,62
1773094087,kamailio,aflnet,1,nodes,12
1773094087,kamailio,aflnet,1,edges,62
1773094098,kamailio,aflnet,1,nodes,12
1773094098,kamailio,aflnet,1,edges,62
1773088113,kamailio,aflnet,2,nodes,4
1773088113,kamailio,aflnet,2,edges,4
1773088123,kamailio,aflnet,2,nodes,4
1773088123,kamailio,aflnet,2,edges,4
1773088129,kamailio,aflnet,2,nodes,4
1773088129,kamailio,aflnet,2,edges,4
1773088134,kamailio,aflnet,2,nodes,4
1773088134,kamailio,aflnet,2,edges,4
1773088144,kamailio,aflnet,2,nodes,4
1773088144,kamailio,aflnet,2,edges,4
1773088149,kamailio,aflnet,2,nodes,5
1773088149,kamailio,aflnet,2,edges,6
1773088159,kamailio,aflnet,2,nodes,5
1773088159,kamailio,aflnet,2,edges,6
1773088164,kamailio,aflnet,2,nodes,5
1773088164,kamailio,aflnet,2,edges,6
1773088170,kamailio,aflnet,2,nodes,5
1773088170,kamailio,aflnet,2,edges,6
1773088175,kamailio,aflnet,2,nodes,5
1773088175,kamailio,aflnet,2,edges,6
1773088180,kamailio,aflnet,2,nodes,6
1773088180,kamailio,aflnet,2,edges,8
1773088185,kamailio,aflnet,2,nodes,6
1773088185,kamailio,aflnet,2,edges,8
1773088190,kamailio,aflnet,2,nodes,6
1773088190,kamailio,aflnet,2,edges,8
1773088195,kamailio,aflnet,2,nodes,6
1773088195,kamailio,aflnet,2,edges,8
1773088200,kamailio,aflnet,2,nodes,6
1773088200,kamailio,aflnet,2,edges,8
1773088205,kamailio,aflnet,2,nodes,6
1773088205,kamailio,aflnet,2,edges,8
1773088211,kamailio,aflnet,2,nodes,6
1773088211,kamailio,aflnet,2,edges,8
1773088221,kamailio,aflnet,2,nodes,6
1773088221,kamailio,aflnet,2,edges,8
1773088226,kamailio,aflnet,2,nodes,6
1773088226,kamailio,aflnet,2,edges,8
1773088231,kamailio,aflnet,2,nodes,6
1773088231,kamailio,aflnet,2,edges,8
1773088236,kamailio,aflnet,2,nodes,6
1773088236,kamailio,aflnet,2,edges,8
1773088241,kamailio,aflnet,2,nodes,6
1773088241,kamailio,aflnet,2,edges,8
1773088246,kamailio,aflnet,2,nodes,6
1773088246,kamailio,aflnet,2,edges,8
1773088251,kamailio,aflnet,2,nodes,6
1773088251,kamailio,aflnet,2,edges,8
1773088257,kamailio,aflnet,2,nodes,6
1773088257,kamailio,aflnet,2,edges,8
1773088262,kamailio,aflnet,2,nodes,6
1773088262,kamailio,aflnet,2,edges,8
1773088267,kamailio,aflnet,2,nodes,6
1773088267,kamailio,aflnet,2,edges,8
1773088272,kamailio,aflnet,2,nodes,6
1773088272,kamailio,aflnet,2,edges,8
1773088277,kamailio,aflnet,2,nodes,6
1773088277,kamailio,aflnet,2,edges,8
1773088282,kamailio,aflnet,2,nodes,6
1773088282,kamailio,aflnet,2,edges,8
1773088287,kamailio,aflnet,2,nodes,6
1773088287,kamailio,aflnet,2,edges,8
1773088293,kamailio,aflnet,2,nodes,6
1773088293,kamailio,aflnet,2,edges,8
1773088298,kamailio,aflnet,2,nodes,6
1773088298,kamailio,aflnet,2,edges,8
1773088303,kamailio,aflnet,2,nodes,6
1773088303,kamailio,aflnet,2,edges,8
1773088308,kamailio,aflnet,2,nodes,6
1773088308,kamailio,aflnet,2,edges,8
1773088313,kamailio,aflnet,2,nodes,6
1773088313,kamailio,aflnet,2,edges,8
1773088318,kamailio,aflnet,2,nodes,6
1773088318,kamailio,aflnet,2,edges,8
1773088323,kamailio,aflnet,2,nodes,6
1773088323,kamailio,aflnet,2,edges,8
1773088328,kamailio,aflnet,2,nodes,6
1773088328,kamailio,aflnet,2,edges,8
1773088333,kamailio,aflnet,2,nodes,6
1773088333,kamailio,aflnet,2,edges,8
1773088338,kamailio,aflnet,2,nodes,6
1773088338,kamailio,aflnet,2,edges,8
1773088343,kamailio,aflnet,2,nodes,6
1773088343,kamailio,aflnet,2,edges,8
1773088348,kamailio,aflnet,2,nodes,6
1773088348,kamailio,aflnet,2,edges,8
1773088354,kamailio,aflnet,2,nodes,6
1773088354,kamailio,aflnet,2,edges,8
1773088359,kamailio,aflnet,2,nodes,6
1773088359,kamailio,aflnet,2,edges,8
1773088364,kamailio,aflnet,2,nodes,6
1773088364,kamailio,aflnet,2,edges,8
1773088369,kamailio,aflnet,2,nodes,6
1773088369,kamailio,aflnet,2,edges,8
1773088374,kamailio,aflnet,2,nodes,6
1773088374,kamailio,aflnet,2,edges,8
1773088379,kamailio,aflnet,2,nodes,6
1773088379,kamailio,aflnet,2,edges,8
1773088384,kamailio,aflnet,2,nodes,6
1773088384,kamailio,aflnet,2,edges,8
1773088389,kamailio,aflnet,2,nodes,6
1773088389,kamailio,aflnet,2,edges,8
1773088394,kamailio,aflnet,2,nodes,6
1773088394,kamailio,aflnet,2,edges,8
1773088399,kamailio,aflnet,2,nodes,6
1773088399,kamailio,aflnet,2,edges,8
1773088409,kamailio,aflnet,2,nodes,6
1773088409,kamailio,aflnet,2,edges,8
1773088414,kamailio,aflnet,2,nodes,6
1773088414,kamailio,aflnet,2,edges,8
1773088420,kamailio,aflnet,2,nodes,6
1773088420,kamailio,aflnet,2,edges,8
1773088425,kamailio,aflnet,2,nodes,6
1773088425,kamailio,aflnet,2,edges,8
1773088435,kamailio,aflnet,2,nodes,6
1773088435,kamailio,aflnet,2,edges,8
1773088440,kamailio,aflnet,2,nodes,7
1773088440,kamailio,aflnet,2,edges,10
1773088450,kamailio,aflnet,2,nodes,7
1773088450,kamailio,aflnet,2,edges,10
1773088456,kamailio,aflnet,2,nodes,7
1773088456,kamailio,aflnet,2,edges,10
1773088461,kamailio,aflnet,2,nodes,7
1773088461,kamailio,aflnet,2,edges,10
1773088466,kamailio,aflnet,2,nodes,7
1773088466,kamailio,aflnet,2,edges,10
1773088471,kamailio,aflnet,2,nodes,7
1773088471,kamailio,aflnet,2,edges,10
1773088476,kamailio,aflnet,2,nodes,7
1773088476,kamailio,aflnet,2,edges,10
1773088481,kamailio,aflnet,2,nodes,7
1773088481,kamailio,aflnet,2,edges,10
1773088486,kamailio,aflnet,2,nodes,7
1773088486,kamailio,aflnet,2,edges,10
1773088491,kamailio,aflnet,2,nodes,7
1773088491,kamailio,aflnet,2,edges,10
1773088496,kamailio,aflnet,2,nodes,7
1773088496,kamailio,aflnet,2,edges,10
1773088501,kamailio,aflnet,2,nodes,7
1773088501,kamailio,aflnet,2,edges,10
1773088507,kamailio,aflnet,2,nodes,7
1773088507,kamailio,aflnet,2,edges,10
1773088512,kamailio,aflnet,2,nodes,7
1773088512,kamailio,aflnet,2,edges,10
1773088517,kamailio,aflnet,2,nodes,7
1773088517,kamailio,aflnet,2,edges,10
1773088522,kamailio,aflnet,2,nodes,7
1773088522,kamailio,aflnet,2,edges,10
1773088527,kamailio,aflnet,2,nodes,7
1773088527,kamailio,aflnet,2,edges,10
1773088532,kamailio,aflnet,2,nodes,7
1773088532,kamailio,aflnet,2,edges,10
1773088542,kamailio,aflnet,2,nodes,7
1773088542,kamailio,aflnet,2,edges,10
1773088552,kamailio,aflnet,2,nodes,7
1773088552,kamailio,aflnet,2,edges,10
1773088557,kamailio,aflnet,2,nodes,8
1773088557,kamailio,aflnet,2,edges,12
1773088563,kamailio,aflnet,2,nodes,8
1773088563,kamailio,aflnet,2,edges,12
1773088568,kamailio,aflnet,2,nodes,8
1773088568,kamailio,aflnet,2,edges,12
1773088573,kamailio,aflnet,2,nodes,8
1773088573,kamailio,aflnet,2,edges,13
1773088578,kamailio,aflnet,2,nodes,8
1773088578,kamailio,aflnet,2,edges,14
1773088588,kamailio,aflnet,2,nodes,8
1773088588,kamailio,aflnet,2,edges,15
1773088594,kamailio,aflnet,2,nodes,8
1773088594,kamailio,aflnet,2,edges,15
1773088599,kamailio,aflnet,2,nodes,8
1773088599,kamailio,aflnet,2,edges,15
1773088604,kamailio,aflnet,2,nodes,9
1773088604,kamailio,aflnet,2,edges,19
1773088615,kamailio,aflnet,2,nodes,9
1773088615,kamailio,aflnet,2,edges,19
1773088620,kamailio,aflnet,2,nodes,9
1773088620,kamailio,aflnet,2,edges,19
1773088625,kamailio,aflnet,2,nodes,9
1773088625,kamailio,aflnet,2,edges,19
1773088630,kamailio,aflnet,2,nodes,9
1773088630,kamailio,aflnet,2,edges,20
1773088635,kamailio,aflnet,2,nodes,9
1773088635,kamailio,aflnet,2,edges,20
1773088640,kamailio,aflnet,2,nodes,9
1773088640,kamailio,aflnet,2,edges,20
1773088646,kamailio,aflnet,2,nodes,9
1773088646,kamailio,aflnet,2,edges,21
1773088651,kamailio,aflnet,2,nodes,9
1773088651,kamailio,aflnet,2,edges,21
1773088656,kamailio,aflnet,2,nodes,9
1773088656,kamailio,aflnet,2,edges,22
1773088661,kamailio,aflnet,2,nodes,9
1773088661,kamailio,aflnet,2,edges,22
1773088666,kamailio,aflnet,2,nodes,9
1773088666,kamailio,aflnet,2,edges,23
1773088671,kamailio,aflnet,2,nodes,9
1773088671,kamailio,aflnet,2,edges,23
1773088676,kamailio,aflnet,2,nodes,9
1773088676,kamailio,aflnet,2,edges,23
1773088682,kamailio,aflnet,2,nodes,9
1773088682,kamailio,aflnet,2,edges,23
1773088687,kamailio,aflnet,2,nodes,9
1773088687,kamailio,aflnet,2,edges,23
1773088692,kamailio,aflnet,2,nodes,9
1773088692,kamailio,aflnet,2,edges,23
1773088702,kamailio,aflnet,2,nodes,9
1773088702,kamailio,aflnet,2,edges,24
1773088708,kamailio,aflnet,2,nodes,9
1773088708,kamailio,aflnet,2,edges,24
1773088713,kamailio,aflnet,2,nodes,9
1773088713,kamailio,aflnet,2,edges,24
1773088718,kamailio,aflnet,2,nodes,9
1773088718,kamailio,aflnet,2,edges,24
1773088728,kamailio,aflnet,2,nodes,9
1773088728,kamailio,aflnet,2,edges,24
1773088739,kamailio,aflnet,2,nodes,9
1773088739,kamailio,aflnet,2,edges,24
1773088744,kamailio,aflnet,2,nodes,9
1773088744,kamailio,aflnet,2,edges,24
1773088749,kamailio,aflnet,2,nodes,9
1773088749,kamailio,aflnet,2,edges,24
1773088754,kamailio,aflnet,2,nodes,9
1773088754,kamailio,aflnet,2,edges,24
1773088759,kamailio,aflnet,2,nodes,9
1773088759,kamailio,aflnet,2,edges,24
1773088764,kamailio,aflnet,2,nodes,9
1773088764,kamailio,aflnet,2,edges,24
1773088770,kamailio,aflnet,2,nodes,9
1773088770,kamailio,aflnet,2,edges,24
1773088775,kamailio,aflnet,2,nodes,9
1773088775,kamailio,aflnet,2,edges,24
1773088780,kamailio,aflnet,2,nodes,9
1773088780,kamailio,aflnet,2,edges,24
1773088785,kamailio,aflnet,2,nodes,9
1773088785,kamailio,aflnet,2,edges,24
1773088791,kamailio,aflnet,2,nodes,9
1773088791,kamailio,aflnet,2,edges,24
1773088796,kamailio,aflnet,2,nodes,11
1773088796,kamailio,aflnet,2,edges,28
1773088801,kamailio,aflnet,2,nodes,11
1773088801,kamailio,aflnet,2,edges,28
1773088806,kamailio,aflnet,2,nodes,11
1773088806,kamailio,aflnet,2,edges,28
1773088811,kamailio,aflnet,2,nodes,11
1773088811,kamailio,aflnet,2,edges,28
1773088817,kamailio,aflnet,2,nodes,11
1773088817,kamailio,aflnet,2,edges,28
1773088822,kamailio,aflnet,2,nodes,11
1773088822,kamailio,aflnet,2,edges,28
1773088827,kamailio,aflnet,2,nodes,11
1773088827,kamailio,aflnet,2,edges,30
1773088832,kamailio,aflnet,2,nodes,11
1773088832,kamailio,aflnet,2,edges,30
1773088837,kamailio,aflnet,2,nodes,11
1773088837,kamailio,aflnet,2,edges,30
1773088842,kamailio,aflnet,2,nodes,11
1773088842,kamailio,aflnet,2,edges,30
1773088847,kamailio,aflnet,2,nodes,11
1773088847,kamailio,aflnet,2,edges,30
1773088852,kamailio,aflnet,2,nodes,11
1773088852,kamailio,aflnet,2,edges,30
1773088857,kamailio,aflnet,2,nodes,11
1773088857,kamailio,aflnet,2,edges,30
1773088863,kamailio,aflnet,2,nodes,11
1773088863,kamailio,aflnet,2,edges,30
1773088868,kamailio,aflnet,2,nodes,11
1773088868,kamailio,aflnet,2,edges,30
1773088873,kamailio,aflnet,2,nodes,11
1773088873,kamailio,aflnet,2,edges,30
1773088878,kamailio,aflnet,2,nodes,11
1773088878,kamailio,aflnet,2,edges,30
1773088883,kamailio,aflnet,2,nodes,11
1773088883,kamailio,aflnet,2,edges,30
1773088888,kamailio,aflnet,2,nodes,11
1773088888,kamailio,aflnet,2,edges,30
1773088894,kamailio,aflnet,2,nodes,11
1773088894,kamailio,aflnet,2,edges,30
1773088899,kamailio,aflnet,2,nodes,11
1773088899,kamailio,aflnet,2,edges,32
1773088904,kamailio,aflnet,2,nodes,11
1773088904,kamailio,aflnet,2,edges,32
1773088909,kamailio,aflnet,2,nodes,11
1773088909,kamailio,aflnet,2,edges,32
1773088914,kamailio,aflnet,2,nodes,11
1773088914,kamailio,aflnet,2,edges,32
1773088919,kamailio,aflnet,2,nodes,11
1773088919,kamailio,aflnet,2,edges,32
1773088924,kamailio,aflnet,2,nodes,11
1773088924,kamailio,aflnet,2,edges,32
1773088930,kamailio,aflnet,2,nodes,11
1773088930,kamailio,aflnet,2,edges,32
1773088935,kamailio,aflnet,2,nodes,11
1773088935,kamailio,aflnet,2,edges,33
1773088940,kamailio,aflnet,2,nodes,11
1773088940,kamailio,aflnet,2,edges,33
1773088945,kamailio,aflnet,2,nodes,11
1773088945,kamailio,aflnet,2,edges,33
1773088950,kamailio,aflnet,2,nodes,11
1773088950,kamailio,aflnet,2,edges,33
1773088956,kamailio,aflnet,2,nodes,11
1773088956,kamailio,aflnet,2,edges,35
1773088961,kamailio,aflnet,2,nodes,11
1773088961,kamailio,aflnet,2,edges,35
1773088966,kamailio,aflnet,2,nodes,11
1773088966,kamailio,aflnet,2,edges,35
1773088971,kamailio,aflnet,2,nodes,11
1773088971,kamailio,aflnet,2,edges,35
1773088976,kamailio,aflnet,2,nodes,11
1773088976,kamailio,aflnet,2,edges,36
1773088981,kamailio,aflnet,2,nodes,11
1773088981,kamailio,aflnet,2,edges,36
1773088986,kamailio,aflnet,2,nodes,11
1773088986,kamailio,aflnet,2,edges,36
1773088992,kamailio,aflnet,2,nodes,11
1773088992,kamailio,aflnet,2,edges,40
1773088997,kamailio,aflnet,2,nodes,11
1773088997,kamailio,aflnet,2,edges,40
1773089002,kamailio,aflnet,2,nodes,11
1773089002,kamailio,aflnet,2,edges,40
1773089007,kamailio,aflnet,2,nodes,11
1773089007,kamailio,aflnet,2,edges,40
1773089012,kamailio,aflnet,2,nodes,11
1773089012,kamailio,aflnet,2,edges,40
1773089018,kamailio,aflnet,2,nodes,11
1773089018,kamailio,aflnet,2,edges,40
1773089023,kamailio,aflnet,2,nodes,11
1773089023,kamailio,aflnet,2,edges,41
1773089033,kamailio,aflnet,2,nodes,11
1773089033,kamailio,aflnet,2,edges,41
1773089038,kamailio,aflnet,2,nodes,11
1773089038,kamailio,aflnet,2,edges,41
1773089044,kamailio,aflnet,2,nodes,11
1773089044,kamailio,aflnet,2,edges,41
1773089049,kamailio,aflnet,2,nodes,12
1773089049,kamailio,aflnet,2,edges,45
1773089054,kamailio,aflnet,2,nodes,12
1773089054,kamailio,aflnet,2,edges,45
1773089059,kamailio,aflnet,2,nodes,12
1773089059,kamailio,aflnet,2,edges,45
1773089064,kamailio,aflnet,2,nodes,12
1773089064,kamailio,aflnet,2,edges,45
1773089070,kamailio,aflnet,2,nodes,12
1773089070,kamailio,aflnet,2,edges,45
1773089075,kamailio,aflnet,2,nodes,12
1773089075,kamailio,aflnet,2,edges,45
1773089080,kamailio,aflnet,2,nodes,12
1773089080,kamailio,aflnet,2,edges,45
1773089085,kamailio,aflnet,2,nodes,12
1773089085,kamailio,aflnet,2,edges,45
1773089091,kamailio,aflnet,2,nodes,12
1773089091,kamailio,aflnet,2,edges,45
1773089096,kamailio,aflnet,2,nodes,12
1773089096,kamailio,aflnet,2,edges,46
1773089101,kamailio,aflnet,2,nodes,12
1773089101,kamailio,aflnet,2,edges,47
1773089106,kamailio,aflnet,2,nodes,12
1773089106,kamailio,aflnet,2,edges,47
1773089111,kamailio,aflnet,2,nodes,12
1773089111,kamailio,aflnet,2,edges,47
1773089116,kamailio,aflnet,2,nodes,12
1773089116,kamailio,aflnet,2,edges,47
1773089121,kamailio,aflnet,2,nodes,12
1773089121,kamailio,aflnet,2,edges,47
1773089126,kamailio,aflnet,2,nodes,12
1773089126,kamailio,aflnet,2,edges,48
1773089132,kamailio,aflnet,2,nodes,12
1773089132,kamailio,aflnet,2,edges,48
1773089137,kamailio,aflnet,2,nodes,12
1773089137,kamailio,aflnet,2,edges,48
1773089142,kamailio,aflnet,2,nodes,12
1773089142,kamailio,aflnet,2,edges,48
1773089147,kamailio,aflnet,2,nodes,12
1773089147,kamailio,aflnet,2,edges,48
1773089152,kamailio,aflnet,2,nodes,12
1773089152,kamailio,aflnet,2,edges,48
1773089158,kamailio,aflnet,2,nodes,12
1773089158,kamailio,aflnet,2,edges,48
1773089163,kamailio,aflnet,2,nodes,12
1773089163,kamailio,aflnet,2,edges,48
1773089168,kamailio,aflnet,2,nodes,12
1773089168,kamailio,aflnet,2,edges,48
1773089173,kamailio,aflnet,2,nodes,12
1773089173,kamailio,aflnet,2,edges,48
1773089178,kamailio,aflnet,2,nodes,12
1773089178,kamailio,aflnet,2,edges,48
1773089183,kamailio,aflnet,2,nodes,12
1773089183,kamailio,aflnet,2,edges,48
1773089189,kamailio,aflnet,2,nodes,12
1773089189,kamailio,aflnet,2,edges,48
1773089194,kamailio,aflnet,2,nodes,12
1773089194,kamailio,aflnet,2,edges,48
1773089199,kamailio,aflnet,2,nodes,12
1773089199,kamailio,aflnet,2,edges,48
1773089204,kamailio,aflnet,2,nodes,12
1773089204,kamailio,aflnet,2,edges,48
1773089209,kamailio,aflnet,2,nodes,12
1773089209,kamailio,aflnet,2,edges,48
1773089214,kamailio,aflnet,2,nodes,12
1773089214,kamailio,aflnet,2,edges,48
1773089220,kamailio,aflnet,2,nodes,12
1773089220,kamailio,aflnet,2,edges,48
1773089225,kamailio,aflnet,2,nodes,12
1773089225,kamailio,aflnet,2,edges,48
1773089230,kamailio,aflnet,2,nodes,12
1773089230,kamailio,aflnet,2,edges,48
1773089235,kamailio,aflnet,2,nodes,12
1773089235,kamailio,aflnet,2,edges,48
1773089240,kamailio,aflnet,2,nodes,12
1773089240,kamailio,aflnet,2,edges,48
1773089245,kamailio,aflnet,2,nodes,12
1773089245,kamailio,aflnet,2,edges,48
1773089250,kamailio,aflnet,2,nodes,12
1773089250,kamailio,aflnet,2,edges,48
1773089255,kamailio,aflnet,2,nodes,12
1773089255,kamailio,aflnet,2,edges,48
1773089261,kamailio,aflnet,2,nodes,12
1773089261,kamailio,aflnet,2,edges,48
1773089266,kamailio,aflnet,2,nodes,12
1773089266,kamailio,aflnet,2,edges,48
1773089271,kamailio,aflnet,2,nodes,12
1773089271,kamailio,aflnet,2,edges,48
1773089276,kamailio,aflnet,2,nodes,12
1773089276,kamailio,aflnet,2,edges,48
1773089282,kamailio,aflnet,2,nodes,12
1773089282,kamailio,aflnet,2,edges,48
1773089287,kamailio,aflnet,2,nodes,12
1773089287,kamailio,aflnet,2,edges,48
1773089292,kamailio,aflnet,2,nodes,12
1773089292,kamailio,aflnet,2,edges,49
1773089297,kamailio,aflnet,2,nodes,12
1773089297,kamailio,aflnet,2,edges,49
1773089302,kamailio,aflnet,2,nodes,12
1773089302,kamailio,aflnet,2,edges,49
1773089307,kamailio,aflnet,2,nodes,12
1773089307,kamailio,aflnet,2,edges,49
1773089313,kamailio,aflnet,2,nodes,12
1773089313,kamailio,aflnet,2,edges,49
1773089318,kamailio,aflnet,2,nodes,12
1773089318,kamailio,aflnet,2,edges,49
1773089323,kamailio,aflnet,2,nodes,12
1773089323,kamailio,aflnet,2,edges,49
1773089329,kamailio,aflnet,2,nodes,12
1773089329,kamailio,aflnet,2,edges,49
1773089334,kamailio,aflnet,2,nodes,12
1773089334,kamailio,aflnet,2,edges,49
1773089339,kamailio,aflnet,2,nodes,12
1773089339,kamailio,aflnet,2,edges,49
1773089344,kamailio,aflnet,2,nodes,12
1773089344,kamailio,aflnet,2,edges,49
1773089349,kamailio,aflnet,2,nodes,12
1773089349,kamailio,aflnet,2,edges,49
1773089354,kamailio,aflnet,2,nodes,12
1773089354,kamailio,aflnet,2,edges,49
1773089359,kamailio,aflnet,2,nodes,12
1773089359,kamailio,aflnet,2,edges,49
1773089364,kamailio,aflnet,2,nodes,12
1773089364,kamailio,aflnet,2,edges,49
1773089370,kamailio,aflnet,2,nodes,12
1773089370,kamailio,aflnet,2,edges,49
1773089375,kamailio,aflnet,2,nodes,12
1773089375,kamailio,aflnet,2,edges,49
1773089380,kamailio,aflnet,2,nodes,12
1773089380,kamailio,aflnet,2,edges,49
1773089385,kamailio,aflnet,2,nodes,12
1773089385,kamailio,aflnet,2,edges,49
1773089390,kamailio,aflnet,2,nodes,12
1773089390,kamailio,aflnet,2,edges,49
1773089396,kamailio,aflnet,2,nodes,12
1773089396,kamailio,aflnet,2,edges,49
1773089401,kamailio,aflnet,2,nodes,12
1773089401,kamailio,aflnet,2,edges,49
1773089406,kamailio,aflnet,2,nodes,12
1773089406,kamailio,aflnet,2,edges,49
1773089411,kamailio,aflnet,2,nodes,12
1773089411,kamailio,aflnet,2,edges,49
1773089416,kamailio,aflnet,2,nodes,12
1773089416,kamailio,aflnet,2,edges,49
1773089421,kamailio,aflnet,2,nodes,12
1773089421,kamailio,aflnet,2,edges,49
1773089427,kamailio,aflnet,2,nodes,12
1773089427,kamailio,aflnet,2,edges,49
1773089432,kamailio,aflnet,2,nodes,12
1773089432,kamailio,aflnet,2,edges,49
1773089437,kamailio,aflnet,2,nodes,12
1773089437,kamailio,aflnet,2,edges,49
1773089442,kamailio,aflnet,2,nodes,12
1773089442,kamailio,aflnet,2,edges,49
1773089447,kamailio,aflnet,2,nodes,12
1773089447,kamailio,aflnet,2,edges,49
1773089452,kamailio,aflnet,2,nodes,12
1773089452,kamailio,aflnet,2,edges,49
1773089458,kamailio,aflnet,2,nodes,12
1773089458,kamailio,aflnet,2,edges,49
1773089463,kamailio,aflnet,2,nodes,12
1773089463,kamailio,aflnet,2,edges,49
1773089468,kamailio,aflnet,2,nodes,12
1773089468,kamailio,aflnet,2,edges,49
1773089473,kamailio,aflnet,2,nodes,12
1773089473,kamailio,aflnet,2,edges,49
1773089478,kamailio,aflnet,2,nodes,12
1773089478,kamailio,aflnet,2,edges,49
1773089484,kamailio,aflnet,2,nodes,12
1773089484,kamailio,aflnet,2,edges,49
1773089489,kamailio,aflnet,2,nodes,12
1773089489,kamailio,aflnet,2,edges,49
1773089494,kamailio,aflnet,2,nodes,12
1773089494,kamailio,aflnet,2,edges,49
1773089499,kamailio,aflnet,2,nodes,12
1773089499,kamailio,aflnet,2,edges,49
1773089504,kamailio,aflnet,2,nodes,12
1773089504,kamailio,aflnet,2,edges,49
1773089510,kamailio,aflnet,2,nodes,12
1773089510,kamailio,aflnet,2,edges,49
1773089515,kamailio,aflnet,2,nodes,12
1773089515,kamailio,aflnet,2,edges,49
1773089520,kamailio,aflnet,2,nodes,12
1773089520,kamailio,aflnet,2,edges,49
1773089525,kamailio,aflnet,2,nodes,12
1773089525,kamailio,aflnet,2,edges,49
1773089530,kamailio,aflnet,2,nodes,12
1773089530,kamailio,aflnet,2,edges,49
1773089540,kamailio,aflnet,2,nodes,12
1773089540,kamailio,aflnet,2,edges,49
1773089546,kamailio,aflnet,2,nodes,12
1773089546,kamailio,aflnet,2,edges,49
1773089551,kamailio,aflnet,2,nodes,12
1773089551,kamailio,aflnet,2,edges,49
1773089556,kamailio,aflnet,2,nodes,12
1773089556,kamailio,aflnet,2,edges,49
1773089561,kamailio,aflnet,2,nodes,12
1773089561,kamailio,aflnet,2,edges,49
1773089566,kamailio,aflnet,2,nodes,12
1773089566,kamailio,aflnet,2,edges,49
1773089571,kamailio,aflnet,2,nodes,12
1773089571,kamailio,aflnet,2,edges,49
1773089576,kamailio,aflnet,2,nodes,12
1773089576,kamailio,aflnet,2,edges,49
1773089586,kamailio,aflnet,2,nodes,12
1773089586,kamailio,aflnet,2,edges,49
1773089592,kamailio,aflnet,2,nodes,12
1773089592,kamailio,aflnet,2,edges,49
1773089597,kamailio,aflnet,2,nodes,12
1773089597,kamailio,aflnet,2,edges,49
1773089602,kamailio,aflnet,2,nodes,12
1773089602,kamailio,aflnet,2,edges,49
1773089607,kamailio,aflnet,2,nodes,12
1773089607,kamailio,aflnet,2,edges,49
1773089612,kamailio,aflnet,2,nodes,12
1773089612,kamailio,aflnet,2,edges,49
1773089617,kamailio,aflnet,2,nodes,12
1773089617,kamailio,aflnet,2,edges,49
1773089622,kamailio,aflnet,2,nodes,12
1773089622,kamailio,aflnet,2,edges,49
1773089628,kamailio,aflnet,2,nodes,12
1773089628,kamailio,aflnet,2,edges,49
1773089633,kamailio,aflnet,2,nodes,12
1773089633,kamailio,aflnet,2,edges,49
1773089638,kamailio,aflnet,2,nodes,12
1773089638,kamailio,aflnet,2,edges,49
1773089643,kamailio,aflnet,2,nodes,12
1773089643,kamailio,aflnet,2,edges,49
1773089648,kamailio,aflnet,2,nodes,12
1773089648,kamailio,aflnet,2,edges,49
1773089659,kamailio,aflnet,2,nodes,12
1773089659,kamailio,aflnet,2,edges,49
1773089664,kamailio,aflnet,2,nodes,12
1773089664,kamailio,aflnet,2,edges,49
1773089669,kamailio,aflnet,2,nodes,12
1773089669,kamailio,aflnet,2,edges,49
1773089674,kamailio,aflnet,2,nodes,12
1773089674,kamailio,aflnet,2,edges,49
1773089684,kamailio,aflnet,2,nodes,12
1773089684,kamailio,aflnet,2,edges,49
1773089690,kamailio,aflnet,2,nodes,12
1773089690,kamailio,aflnet,2,edges,49
1773089700,kamailio,aflnet,2,nodes,12
1773089700,kamailio,aflnet,2,edges,49
1773089705,kamailio,aflnet,2,nodes,12
1773089705,kamailio,aflnet,2,edges,49
1773089710,kamailio,aflnet,2,nodes,12
1773089710,kamailio,aflnet,2,edges,49
1773089715,kamailio,aflnet,2,nodes,12
1773089715,kamailio,aflnet,2,edges,49
1773089721,kamailio,aflnet,2,nodes,12
1773089721,kamailio,aflnet,2,edges,49
1773089726,kamailio,aflnet,2,nodes,12
1773089726,kamailio,aflnet,2,edges,49
1773089731,kamailio,aflnet,2,nodes,12
1773089731,kamailio,aflnet,2,edges,49
1773089741,kamailio,aflnet,2,nodes,12
1773089741,kamailio,aflnet,2,edges,49
1773089746,kamailio,aflnet,2,nodes,12
1773089746,kamailio,aflnet,2,edges,49
1773089752,kamailio,aflnet,2,nodes,12
1773089752,kamailio,aflnet,2,edges,49
1773089757,kamailio,aflnet,2,nodes,12
1773089757,kamailio,aflnet,2,edges,49
1773089762,kamailio,aflnet,2,nodes,12
1773089762,kamailio,aflnet,2,edges,49
1773089772,kamailio,aflnet,2,nodes,12
1773089772,kamailio,aflnet,2,edges,49
1773089777,kamailio,aflnet,2,nodes,12
1773089777,kamailio,aflnet,2,edges,49
1773089788,kamailio,aflnet,2,nodes,12
1773089788,kamailio,aflnet,2,edges,49
1773089793,kamailio,aflnet,2,nodes,12
1773089793,kamailio,aflnet,2,edges,49
1773089798,kamailio,aflnet,2,nodes,12
1773089798,kamailio,aflnet,2,edges,49
1773089803,kamailio,aflnet,2,nodes,12
1773089803,kamailio,aflnet,2,edges,49
1773089808,kamailio,aflnet,2,nodes,12
1773089808,kamailio,aflnet,2,edges,49
1773089819,kamailio,aflnet,2,nodes,12
1773089819,kamailio,aflnet,2,edges,49
1773089824,kamailio,aflnet,2,nodes,12
1773089824,kamailio,aflnet,2,edges,49
1773089834,kamailio,aflnet,2,nodes,12
1773089834,kamailio,aflnet,2,edges,49
1773089840,kamailio,aflnet,2,nodes,12
1773089840,kamailio,aflnet,2,edges,49
1773089845,kamailio,aflnet,2,nodes,12
1773089845,kamailio,aflnet,2,edges,49
1773089850,kamailio,aflnet,2,nodes,12
1773089850,kamailio,aflnet,2,edges,49
1773089855,kamailio,aflnet,2,nodes,12
1773089855,kamailio,aflnet,2,edges,49
1773089860,kamailio,aflnet,2,nodes,12
1773089860,kamailio,aflnet,2,edges,49
1773089866,kamailio,aflnet,2,nodes,12
1773089866,kamailio,aflnet,2,edges,49
1773089876,kamailio,aflnet,2,nodes,12
1773089876,kamailio,aflnet,2,edges,50
1773089886,kamailio,aflnet,2,nodes,12
1773089886,kamailio,aflnet,2,edges,50
1773089892,kamailio,aflnet,2,nodes,12
1773089892,kamailio,aflnet,2,edges,50
1773089897,kamailio,aflnet,2,nodes,12
1773089897,kamailio,aflnet,2,edges,51
1773089902,kamailio,aflnet,2,nodes,12
1773089902,kamailio,aflnet,2,edges,51
1773089908,kamailio,aflnet,2,nodes,12
1773089908,kamailio,aflnet,2,edges,51
1773089913,kamailio,aflnet,2,nodes,12
1773089913,kamailio,aflnet,2,edges,51
1773089923,kamailio,aflnet,2,nodes,12
1773089923,kamailio,aflnet,2,edges,51
1773089929,kamailio,aflnet,2,nodes,12
1773089929,kamailio,aflnet,2,edges,51
1773089934,kamailio,aflnet,2,nodes,12
1773089934,kamailio,aflnet,2,edges,51
1773089939,kamailio,aflnet,2,nodes,12
1773089939,kamailio,aflnet,2,edges,51
1773089944,kamailio,aflnet,2,nodes,12
1773089944,kamailio,aflnet,2,edges,51
1773089949,kamailio,aflnet,2,nodes,12
1773089949,kamailio,aflnet,2,edges,51
1773089965,kamailio,aflnet,2,nodes,12
1773089965,kamailio,aflnet,2,edges,51
1773089970,kamailio,aflnet,2,nodes,12
1773089970,kamailio,aflnet,2,edges,53
1773089975,kamailio,aflnet,2,nodes,12
1773089975,kamailio,aflnet,2,edges,53
1773089980,kamailio,aflnet,2,nodes,12
1773089980,kamailio,aflnet,2,edges,53
1773089985,kamailio,aflnet,2,nodes,12
1773089985,kamailio,aflnet,2,edges,53
1773089991,kamailio,aflnet,2,nodes,12
1773089991,kamailio,aflnet,2,edges,53
1773089996,kamailio,aflnet,2,nodes,12
1773089996,kamailio,aflnet,2,edges,53
1773090001,kamailio,aflnet,2,nodes,12
1773090001,kamailio,aflnet,2,edges,53
1773090006,kamailio,aflnet,2,nodes,12
1773090006,kamailio,aflnet,2,edges,53
1773090011,kamailio,aflnet,2,nodes,12
1773090011,kamailio,aflnet,2,edges,53
1773090016,kamailio,aflnet,2,nodes,12
1773090016,kamailio,aflnet,2,edges,53
1773090021,kamailio,aflnet,2,nodes,12
1773090021,kamailio,aflnet,2,edges,53
1773090032,kamailio,aflnet,2,nodes,12
1773090032,kamailio,aflnet,2,edges,53
1773090037,kamailio,aflnet,2,nodes,12
1773090037,kamailio,aflnet,2,edges,53
1773090042,kamailio,aflnet,2,nodes,12
1773090042,kamailio,aflnet,2,edges,53
1773090047,kamailio,aflnet,2,nodes,12
1773090047,kamailio,aflnet,2,edges,53
1773090052,kamailio,aflnet,2,nodes,12
1773090052,kamailio,aflnet,2,edges,53
1773090063,kamailio,aflnet,2,nodes,12
1773090063,kamailio,aflnet,2,edges,54
1773090073,kamailio,aflnet,2,nodes,12
1773090073,kamailio,aflnet,2,edges,54
1773090078,kamailio,aflnet,2,nodes,12
1773090078,kamailio,aflnet,2,edges,54
1773090083,kamailio,aflnet,2,nodes,12
1773090083,kamailio,aflnet,2,edges,54
1773090094,kamailio,aflnet,2,nodes,12
1773090094,kamailio,aflnet,2,edges,54
1773090104,kamailio,aflnet,2,nodes,12
1773090104,kamailio,aflnet,2,edges,54
1773090109,kamailio,aflnet,2,nodes,12
1773090109,kamailio,aflnet,2,edges,54
1773090115,kamailio,aflnet,2,nodes,12
1773090115,kamailio,aflnet,2,edges,54
1773090120,kamailio,aflnet,2,nodes,12
1773090120,kamailio,aflnet,2,edges,55
1773090125,kamailio,aflnet,2,nodes,12
1773090125,kamailio,aflnet,2,edges,56
1773090135,kamailio,aflnet,2,nodes,12
1773090135,kamailio,aflnet,2,edges,56
1773090140,kamailio,aflnet,2,nodes,12
1773090140,kamailio,aflnet,2,edges,56
1773090145,kamailio,aflnet,2,nodes,12
1773090145,kamailio,aflnet,2,edges,56
1773090151,kamailio,aflnet,2,nodes,12
1773090151,kamailio,aflnet,2,edges,56
1773090156,kamailio,aflnet,2,nodes,12
1773090156,kamailio,aflnet,2,edges,56
1773090161,kamailio,aflnet,2,nodes,12
1773090161,kamailio,aflnet,2,edges,56
1773090166,kamailio,aflnet,2,nodes,12
1773090166,kamailio,aflnet,2,edges,56
1773090171,kamailio,aflnet,2,nodes,12
1773090171,kamailio,aflnet,2,edges,56
1773090181,kamailio,aflnet,2,nodes,12
1773090181,kamailio,aflnet,2,edges,56
1773090187,kamailio,aflnet,2,nodes,12
1773090187,kamailio,aflnet,2,edges,56
1773090192,kamailio,aflnet,2,nodes,12
1773090192,kamailio,aflnet,2,edges,56
1773090197,kamailio,aflnet,2,nodes,12
1773090197,kamailio,aflnet,2,edges,57
1773090207,kamailio,aflnet,2,nodes,12
1773090207,kamailio,aflnet,2,edges,57
1773090222,kamailio,aflnet,2,nodes,12
1773090222,kamailio,aflnet,2,edges,57
1773090228,kamailio,aflnet,2,nodes,12
1773090228,kamailio,aflnet,2,edges,57
1773090233,kamailio,aflnet,2,nodes,12
1773090233,kamailio,aflnet,2,edges,57
1773090243,kamailio,aflnet,2,nodes,12
1773090243,kamailio,aflnet,2,edges,57
1773090254,kamailio,aflnet,2,nodes,12
1773090254,kamailio,aflnet,2,edges,57
1773090264,kamailio,aflnet,2,nodes,12
1773090264,kamailio,aflnet,2,edges,57
1773090269,kamailio,aflnet,2,nodes,12
1773090269,kamailio,aflnet,2,edges,57
1773090274,kamailio,aflnet,2,nodes,12
1773090274,kamailio,aflnet,2,edges,57
1773090279,kamailio,aflnet,2,nodes,12
1773090279,kamailio,aflnet,2,edges,57
1773090284,kamailio,aflnet,2,nodes,12
1773090284,kamailio,aflnet,2,edges,57
1773090300,kamailio,aflnet,2,nodes,12
1773090300,kamailio,aflnet,2,edges,57
1773090305,kamailio,aflnet,2,nodes,12
1773090305,kamailio,aflnet,2,edges,57
1773090310,kamailio,aflnet,2,nodes,12
1773090310,kamailio,aflnet,2,edges,57
1773090315,kamailio,aflnet,2,nodes,12
1773090315,kamailio,aflnet,2,edges,57
1773090320,kamailio,aflnet,2,nodes,12
1773090320,kamailio,aflnet,2,edges,57
1773090331,kamailio,aflnet,2,nodes,12
1773090331,kamailio,aflnet,2,edges,57
1773090336,kamailio,aflnet,2,nodes,12
1773090336,kamailio,aflnet,2,edges,57
1773090341,kamailio,aflnet,2,nodes,12
1773090341,kamailio,aflnet,2,edges,57
1773090346,kamailio,aflnet,2,nodes,12
1773090346,kamailio,aflnet,2,edges,57
1773090352,kamailio,aflnet,2,nodes,12
1773090352,kamailio,aflnet,2,edges,57
1773090357,kamailio,aflnet,2,nodes,12
1773090357,kamailio,aflnet,2,edges,57
1773090362,kamailio,aflnet,2,nodes,12
1773090362,kamailio,aflnet,2,edges,57
1773090372,kamailio,aflnet,2,nodes,12
1773090372,kamailio,aflnet,2,edges,57
1773090404,kamailio,aflnet,2,nodes,12
1773090404,kamailio,aflnet,2,edges,57
1773090409,kamailio,aflnet,2,nodes,12
1773090409,kamailio,aflnet,2,edges,57
1773090425,kamailio,aflnet,2,nodes,12
1773090425,kamailio,aflnet,2,edges,57
1773090435,kamailio,aflnet,2,nodes,12
1773090435,kamailio,aflnet,2,edges,57
1773090440,kamailio,aflnet,2,nodes,12
1773090440,kamailio,aflnet,2,edges,57
1773090446,kamailio,aflnet,2,nodes,12
1773090446,kamailio,aflnet,2,edges,57
1773090451,kamailio,aflnet,2,nodes,12
1773090451,kamailio,aflnet,2,edges,57
1773090456,kamailio,aflnet,2,nodes,12
1773090456,kamailio,aflnet,2,edges,57
1773090462,kamailio,aflnet,2,nodes,12
1773090462,kamailio,aflnet,2,edges,57
1773090467,kamailio,aflnet,2,nodes,12
1773090467,kamailio,aflnet,2,edges,57
1773090477,kamailio,aflnet,2,nodes,12
1773090477,kamailio,aflnet,2,edges,57
1773090482,kamailio,aflnet,2,nodes,12
1773090482,kamailio,aflnet,2,edges,57
1773090487,kamailio,aflnet,2,nodes,12
1773090487,kamailio,aflnet,2,edges,57
1773090493,kamailio,aflnet,2,nodes,12
1773090493,kamailio,aflnet,2,edges,57
1773090508,kamailio,aflnet,2,nodes,12
1773090508,kamailio,aflnet,2,edges,57
1773090513,kamailio,aflnet,2,nodes,12
1773090513,kamailio,aflnet,2,edges,57
1773090518,kamailio,aflnet,2,nodes,12
1773090518,kamailio,aflnet,2,edges,57
1773090524,kamailio,aflnet,2,nodes,12
1773090524,kamailio,aflnet,2,edges,57
1773090529,kamailio,aflnet,2,nodes,12
1773090529,kamailio,aflnet,2,edges,57
1773090534,kamailio,aflnet,2,nodes,12
1773090534,kamailio,aflnet,2,edges,57
1773090539,kamailio,aflnet,2,nodes,12
1773090539,kamailio,aflnet,2,edges,57
1773090545,kamailio,aflnet,2,nodes,12
1773090545,kamailio,aflnet,2,edges,57
1773090555,kamailio,aflnet,2,nodes,12
1773090555,kamailio,aflnet,2,edges,57
1773090560,kamailio,aflnet,2,nodes,12
1773090560,kamailio,aflnet,2,edges,57
1773090565,kamailio,aflnet,2,nodes,12
1773090565,kamailio,aflnet,2,edges,57
1773090570,kamailio,aflnet,2,nodes,12
1773090570,kamailio,aflnet,2,edges,58
1773090575,kamailio,aflnet,2,nodes,12
1773090575,kamailio,aflnet,2,edges,58
1773090581,kamailio,aflnet,2,nodes,12
1773090581,kamailio,aflnet,2,edges,58
1773090586,kamailio,aflnet,2,nodes,12
1773090586,kamailio,aflnet,2,edges,58
1773090591,kamailio,aflnet,2,nodes,12
1773090591,kamailio,aflnet,2,edges,58
1773090596,kamailio,aflnet,2,nodes,12
1773090596,kamailio,aflnet,2,edges,58
1773090606,kamailio,aflnet,2,nodes,12
1773090606,kamailio,aflnet,2,edges,58
1773090612,kamailio,aflnet,2,nodes,12
1773090612,kamailio,aflnet,2,edges,58
1773090617,kamailio,aflnet,2,nodes,12
1773090617,kamailio,aflnet,2,edges,58
1773090622,kamailio,aflnet,2,nodes,12
1773090622,kamailio,aflnet,2,edges,58
1773090627,kamailio,aflnet,2,nodes,12
1773090627,kamailio,aflnet,2,edges,58
1773090632,kamailio,aflnet,2,nodes,12
1773090632,kamailio,aflnet,2,edges,58
1773090637,kamailio,aflnet,2,nodes,12
1773090637,kamailio,aflnet,2,edges,58
1773090648,kamailio,aflnet,2,nodes,12
1773090648,kamailio,aflnet,2,edges,58
1773090653,kamailio,aflnet,2,nodes,12
1773090653,kamailio,aflnet,2,edges,58
1773090658,kamailio,aflnet,2,nodes,12
1773090658,kamailio,aflnet,2,edges,58
1773090668,kamailio,aflnet,2,nodes,12
1773090668,kamailio,aflnet,2,edges,58
1773090673,kamailio,aflnet,2,nodes,12
1773090673,kamailio,aflnet,2,edges,58
1773090684,kamailio,aflnet,2,nodes,12
1773090684,kamailio,aflnet,2,edges,58
1773090689,kamailio,aflnet,2,nodes,12
1773090689,kamailio,aflnet,2,edges,58
1773090694,kamailio,aflnet,2,nodes,12
1773090694,kamailio,aflnet,2,edges,58
1773090699,kamailio,aflnet,2,nodes,12
1773090699,kamailio,aflnet,2,edges,58
1773090709,kamailio,aflnet,2,nodes,12
1773090709,kamailio,aflnet,2,edges,58
1773090715,kamailio,aflnet,2,nodes,12
1773090715,kamailio,aflnet,2,edges,58
1773090720,kamailio,aflnet,2,nodes,12
1773090720,kamailio,aflnet,2,edges,58
1773090725,kamailio,aflnet,2,nodes,12
1773090725,kamailio,aflnet,2,edges,58
1773090730,kamailio,aflnet,2,nodes,12
1773090730,kamailio,aflnet,2,edges,58
1773090735,kamailio,aflnet,2,nodes,12
1773090735,kamailio,aflnet,2,edges,58
1773090741,kamailio,aflnet,2,nodes,12
1773090741,kamailio,aflnet,2,edges,58
1773090746,kamailio,aflnet,2,nodes,12
1773090746,kamailio,aflnet,2,edges,58
1773090751,kamailio,aflnet,2,nodes,12
1773090751,kamailio,aflnet,2,edges,58
1773090756,kamailio,aflnet,2,nodes,12
1773090756,kamailio,aflnet,2,edges,58
1773090761,kamailio,aflnet,2,nodes,12
1773090761,kamailio,aflnet,2,edges,58
1773090766,kamailio,aflnet,2,nodes,12
1773090766,kamailio,aflnet,2,edges,58
1773090776,kamailio,aflnet,2,nodes,12
1773090776,kamailio,aflnet,2,edges,58
1773090782,kamailio,aflnet,2,nodes,12
1773090782,kamailio,aflnet,2,edges,58
1773090787,kamailio,aflnet,2,nodes,12
1773090787,kamailio,aflnet,2,edges,58
1773090797,kamailio,aflnet,2,nodes,12
1773090797,kamailio,aflnet,2,edges,58
1773090802,kamailio,aflnet,2,nodes,12
1773090802,kamailio,aflnet,2,edges,58
1773090807,kamailio,aflnet,2,nodes,12
1773090807,kamailio,aflnet,2,edges,59
1773090817,kamailio,aflnet,2,nodes,12
1773090817,kamailio,aflnet,2,edges,59
1773090822,kamailio,aflnet,2,nodes,12
1773090822,kamailio,aflnet,2,edges,59
1773090827,kamailio,aflnet,2,nodes,12
1773090827,kamailio,aflnet,2,edges,59
1773090832,kamailio,aflnet,2,nodes,12
1773090832,kamailio,aflnet,2,edges,60
1773090837,kamailio,aflnet,2,nodes,12
1773090837,kamailio,aflnet,2,edges,60
1773090843,kamailio,aflnet,2,nodes,12
1773090843,kamailio,aflnet,2,edges,60
1773090848,kamailio,aflnet,2,nodes,12
1773090848,kamailio,aflnet,2,edges,60
1773090858,kamailio,aflnet,2,nodes,12
1773090858,kamailio,aflnet,2,edges,60
1773090863,kamailio,aflnet,2,nodes,12
1773090863,kamailio,aflnet,2,edges,60
1773090868,kamailio,aflnet,2,nodes,12
1773090868,kamailio,aflnet,2,edges,60
1773090879,kamailio,aflnet,2,nodes,12
1773090879,kamailio,aflnet,2,edges,60
1773090884,kamailio,aflnet,2,nodes,12
1773090884,kamailio,aflnet,2,edges,60
1773090889,kamailio,aflnet,2,nodes,12
1773090889,kamailio,aflnet,2,edges,60
1773090894,kamailio,aflnet,2,nodes,12
1773090894,kamailio,aflnet,2,edges,60
1773090899,kamailio,aflnet,2,nodes,12
1773090899,kamailio,aflnet,2,edges,60
1773090904,kamailio,aflnet,2,nodes,12
1773090904,kamailio,aflnet,2,edges,60
1773090909,kamailio,aflnet,2,nodes,12
1773090909,kamailio,aflnet,2,edges,60
1773090915,kamailio,aflnet,2,nodes,12
1773090915,kamailio,aflnet,2,edges,60
1773090920,kamailio,aflnet,2,nodes,12
1773090920,kamailio,aflnet,2,edges,60
1773090925,kamailio,aflnet,2,nodes,12
1773090925,kamailio,aflnet,2,edges,60
1773090930,kamailio,aflnet,2,nodes,12
1773090930,kamailio,aflnet,2,edges,60
1773090935,kamailio,aflnet,2,nodes,12
1773090935,kamailio,aflnet,2,edges,60
1773090940,kamailio,aflnet,2,nodes,12
1773090940,kamailio,aflnet,2,edges,60
1773090945,kamailio,aflnet,2,nodes,12
1773090945,kamailio,aflnet,2,edges,60
1773090950,kamailio,aflnet,2,nodes,12
1773090950,kamailio,aflnet,2,edges,60
1773090955,kamailio,aflnet,2,nodes,12
1773090955,kamailio,aflnet,2,edges,60
1773090960,kamailio,aflnet,2,nodes,12
1773090960,kamailio,aflnet,2,edges,60
1773090965,kamailio,aflnet,2,nodes,12
1773090965,kamailio,aflnet,2,edges,60
1773090970,kamailio,aflnet,2,nodes,12
1773090970,kamailio,aflnet,2,edges,61
1773090981,kamailio,aflnet,2,nodes,12
1773090981,kamailio,aflnet,2,edges,61
1773090986,kamailio,aflnet,2,nodes,12
1773090986,kamailio,aflnet,2,edges,61
1773091001,kamailio,aflnet,2,nodes,12
1773091001,kamailio,aflnet,2,edges,61
1773091011,kamailio,aflnet,2,nodes,12
1773091011,kamailio,aflnet,2,edges,61
1773091017,kamailio,aflnet,2,nodes,12
1773091017,kamailio,aflnet,2,edges,61
1773091027,kamailio,aflnet,2,nodes,12
1773091027,kamailio,aflnet,2,edges,63
1773091032,kamailio,aflnet,2,nodes,12
1773091032,kamailio,aflnet,2,edges,63
1773091047,kamailio,aflnet,2,nodes,12
1773091047,kamailio,aflnet,2,edges,63
1773091057,kamailio,aflnet,2,nodes,12
1773091057,kamailio,aflnet,2,edges,63
1773091063,kamailio,aflnet,2,nodes,12
1773091063,kamailio,aflnet,2,edges,63
1773091068,kamailio,aflnet,2,nodes,12
1773091068,kamailio,aflnet,2,edges,63
1773091073,kamailio,aflnet,2,nodes,12
1773091073,kamailio,aflnet,2,edges,63
1773091078,kamailio,aflnet,2,nodes,12
1773091078,kamailio,aflnet,2,edges,63
1773091083,kamailio,aflnet,2,nodes,12
1773091083,kamailio,aflnet,2,edges,63
1773091093,kamailio,aflnet,2,nodes,12
1773091093,kamailio,aflnet,2,edges,63
1773091108,kamailio,aflnet,2,nodes,12
1773091108,kamailio,aflnet,2,edges,63
1773091119,kamailio,aflnet,2,nodes,12
1773091119,kamailio,aflnet,2,edges,63
1773091124,kamailio,aflnet,2,nodes,12
1773091124,kamailio,aflnet,2,edges,63
1773091129,kamailio,aflnet,2,nodes,12
1773091129,kamailio,aflnet,2,edges,63
1773091139,kamailio,aflnet,2,nodes,12
1773091139,kamailio,aflnet,2,edges,63
1773091144,kamailio,aflnet,2,nodes,12
1773091144,kamailio,aflnet,2,edges,63
1773091149,kamailio,aflnet,2,nodes,12
1773091149,kamailio,aflnet,2,edges,63
1773091154,kamailio,aflnet,2,nodes,12
1773091154,kamailio,aflnet,2,edges,63
1773091165,kamailio,aflnet,2,nodes,12
1773091165,kamailio,aflnet,2,edges,63
1773091170,kamailio,aflnet,2,nodes,12
1773091170,kamailio,aflnet,2,edges,63
1773091175,kamailio,aflnet,2,nodes,12
1773091175,kamailio,aflnet,2,edges,63
1773091180,kamailio,aflnet,2,nodes,12
1773091180,kamailio,aflnet,2,edges,63
1773091185,kamailio,aflnet,2,nodes,12
1773091185,kamailio,aflnet,2,edges,63
1773091190,kamailio,aflnet,2,nodes,12
1773091190,kamailio,aflnet,2,edges,64
1773091195,kamailio,aflnet,2,nodes,12
1773091195,kamailio,aflnet,2,edges,64
1773091200,kamailio,aflnet,2,nodes,12
1773091200,kamailio,aflnet,2,edges,64
1773091211,kamailio,aflnet,2,nodes,12
1773091211,kamailio,aflnet,2,edges,64
1773091216,kamailio,aflnet,2,nodes,12
1773091216,kamailio,aflnet,2,edges,64
1773091226,kamailio,aflnet,2,nodes,12
1773091226,kamailio,aflnet,2,edges,64
1773091232,kamailio,aflnet,2,nodes,12
1773091232,kamailio,aflnet,2,edges,64
1773091252,kamailio,aflnet,2,nodes,12
1773091252,kamailio,aflnet,2,edges,64
1773091257,kamailio,aflnet,2,nodes,12
1773091257,kamailio,aflnet,2,edges,64
1773091267,kamailio,aflnet,2,nodes,12
1773091267,kamailio,aflnet,2,edges,64
1773091273,kamailio,aflnet,2,nodes,12
1773091273,kamailio,aflnet,2,edges,64
1773091278,kamailio,aflnet,2,nodes,12
1773091278,kamailio,aflnet,2,edges,64
1773091283,kamailio,aflnet,2,nodes,12
1773091283,kamailio,aflnet,2,edges,64
1773091288,kamailio,aflnet,2,nodes,12
1773091288,kamailio,aflnet,2,edges,64
1773091293,kamailio,aflnet,2,nodes,12
1773091293,kamailio,aflnet,2,edges,64
1773091303,kamailio,aflnet,2,nodes,12
1773091303,kamailio,aflnet,2,edges,64
1773091308,kamailio,aflnet,2,nodes,12
1773091308,kamailio,aflnet,2,edges,64
1773091313,kamailio,aflnet,2,nodes,12
1773091313,kamailio,aflnet,2,edges,64
1773091324,kamailio,aflnet,2,nodes,12
1773091324,kamailio,aflnet,2,edges,64
1773091329,kamailio,aflnet,2,nodes,12
1773091329,kamailio,aflnet,2,edges,64
1773091344,kamailio,aflnet,2,nodes,12
1773091344,kamailio,aflnet,2,edges,64
1773091355,kamailio,aflnet,2,nodes,12
1773091355,kamailio,aflnet,2,edges,64
1773091365,kamailio,aflnet,2,nodes,12
1773091365,kamailio,aflnet,2,edges,64
1773091370,kamailio,aflnet,2,nodes,12
1773091370,kamailio,aflnet,2,edges,64
1773091375,kamailio,aflnet,2,nodes,12
1773091375,kamailio,aflnet,2,edges,64
1773091385,kamailio,aflnet,2,nodes,12
1773091385,kamailio,aflnet,2,edges,64
1773091390,kamailio,aflnet,2,nodes,12
1773091390,kamailio,aflnet,2,edges,64
1773091396,kamailio,aflnet,2,nodes,12
1773091396,kamailio,aflnet,2,edges,64
1773091401,kamailio,aflnet,2,nodes,12
1773091401,kamailio,aflnet,2,edges,64
1773091411,kamailio,aflnet,2,nodes,12
1773091411,kamailio,aflnet,2,edges,64
1773091442,kamailio,aflnet,2,nodes,12
1773091442,kamailio,aflnet,2,edges,64
1773091452,kamailio,aflnet,2,nodes,12
1773091452,kamailio,aflnet,2,edges,64
1773091462,kamailio,aflnet,2,nodes,12
1773091462,kamailio,aflnet,2,edges,64
1773091478,kamailio,aflnet,2,nodes,12
1773091478,kamailio,aflnet,2,edges,64
1773091483,kamailio,aflnet,2,nodes,12
1773091483,kamailio,aflnet,2,edges,64
1773091488,kamailio,aflnet,2,nodes,12
1773091488,kamailio,aflnet,2,edges,64
1773091493,kamailio,aflnet,2,nodes,12
1773091493,kamailio,aflnet,2,edges,64
1773091498,kamailio,aflnet,2,nodes,12
1773091498,kamailio,aflnet,2,edges,64
1773091503,kamailio,aflnet,2,nodes,12
1773091503,kamailio,aflnet,2,edges,64
1773091508,kamailio,aflnet,2,nodes,12
1773091508,kamailio,aflnet,2,edges,64
1773091514,kamailio,aflnet,2,nodes,12
1773091514,kamailio,aflnet,2,edges,64
1773091519,kamailio,aflnet,2,nodes,12
1773091519,kamailio,aflnet,2,edges,64
1773091524,kamailio,aflnet,2,nodes,12
1773091524,kamailio,aflnet,2,edges,64
1773091529,kamailio,aflnet,2,nodes,12
1773091529,kamailio,aflnet,2,edges,64
1773091539,kamailio,aflnet,2,nodes,12
1773091539,kamailio,aflnet,2,edges,64
1773091549,kamailio,aflnet,2,nodes,12
1773091549,kamailio,aflnet,2,edges,64
1773091555,kamailio,aflnet,2,nodes,12
1773091555,kamailio,aflnet,2,edges,64
1773091580,kamailio,aflnet,2,nodes,12
1773091580,kamailio,aflnet,2,edges,64
1773091585,kamailio,aflnet,2,nodes,12
1773091585,kamailio,aflnet,2,edges,64
1773091591,kamailio,aflnet,2,nodes,12
1773091591,kamailio,aflnet,2,edges,64
1773091596,kamailio,aflnet,2,nodes,12
1773091596,kamailio,aflnet,2,edges,64
1773091601,kamailio,aflnet,2,nodes,12
1773091601,kamailio,aflnet,2,edges,64
1773091632,kamailio,aflnet,2,nodes,12
1773091632,kamailio,aflnet,2,edges,64
1773091647,kamailio,aflnet,2,nodes,12
1773091647,kamailio,aflnet,2,edges,64
1773091652,kamailio,aflnet,2,nodes,12
1773091652,kamailio,aflnet,2,edges,64
1773091657,kamailio,aflnet,2,nodes,12
1773091657,kamailio,aflnet,2,edges,64
1773091662,kamailio,aflnet,2,nodes,12
1773091662,kamailio,aflnet,2,edges,64
1773091667,kamailio,aflnet,2,nodes,12
1773091667,kamailio,aflnet,2,edges,64
1773091672,kamailio,aflnet,2,nodes,12
1773091672,kamailio,aflnet,2,edges,64
1773091677,kamailio,aflnet,2,nodes,12
1773091677,kamailio,aflnet,2,edges,64
1773091687,kamailio,aflnet,2,nodes,12
1773091687,kamailio,aflnet,2,edges,64
1773091703,kamailio,aflnet,2,nodes,12
1773091703,kamailio,aflnet,2,edges,64
1773091713,kamailio,aflnet,2,nodes,12
1773091713,kamailio,aflnet,2,edges,64
1773091723,kamailio,aflnet,2,nodes,12
1773091723,kamailio,aflnet,2,edges,64
1773091733,kamailio,aflnet,2,nodes,12
1773091733,kamailio,aflnet,2,edges,64
1773091769,kamailio,aflnet,2,nodes,12
1773091769,kamailio,aflnet,2,edges,64
1773091779,kamailio,aflnet,2,nodes,12
1773091779,kamailio,aflnet,2,edges,64
1773091825,kamailio,aflnet,2,nodes,12
1773091825,kamailio,aflnet,2,edges,64
1773091830,kamailio,aflnet,2,nodes,12
1773091830,kamailio,aflnet,2,edges,65
1773091835,kamailio,aflnet,2,nodes,12
1773091835,kamailio,aflnet,2,edges,65
1773091840,kamailio,aflnet,2,nodes,12
1773091840,kamailio,aflnet,2,edges,65
1773091845,kamailio,aflnet,2,nodes,12
1773091845,kamailio,aflnet,2,edges,66
1773091850,kamailio,aflnet,2,nodes,12
1773091850,kamailio,aflnet,2,edges,66
1773091856,kamailio,aflnet,2,nodes,12
1773091856,kamailio,aflnet,2,edges,66
1773091861,kamailio,aflnet,2,nodes,12
1773091861,kamailio,aflnet,2,edges,66
1773091866,kamailio,aflnet,2,nodes,12
1773091866,kamailio,aflnet,2,edges,66
1773091876,kamailio,aflnet,2,nodes,12
1773091876,kamailio,aflnet,2,edges,66
1773091886,kamailio,aflnet,2,nodes,12
1773091886,kamailio,aflnet,2,edges,66
1773091891,kamailio,aflnet,2,nodes,12
1773091891,kamailio,aflnet,2,edges,66
1773091901,kamailio,aflnet,2,nodes,12
1773091901,kamailio,aflnet,2,edges,66
1773091912,kamailio,aflnet,2,nodes,12
1773091912,kamailio,aflnet,2,edges,66
1773091917,kamailio,aflnet,2,nodes,12
1773091917,kamailio,aflnet,2,edges,67
1773091922,kamailio,aflnet,2,nodes,12
1773091922,kamailio,aflnet,2,edges,67
1773091932,kamailio,aflnet,2,nodes,12
1773091932,kamailio,aflnet,2,edges,67
1773091937,kamailio,aflnet,2,nodes,12
1773091937,kamailio,aflnet,2,edges,67
1773091942,kamailio,aflnet,2,nodes,12
1773091942,kamailio,aflnet,2,edges,67
1773091947,kamailio,aflnet,2,nodes,12
1773091947,kamailio,aflnet,2,edges,67
1773091952,kamailio,aflnet,2,nodes,12
1773091952,kamailio,aflnet,2,edges,67
1773091958,kamailio,aflnet,2,nodes,12
1773091958,kamailio,aflnet,2,edges,67
1773091963,kamailio,aflnet,2,nodes,12
1773091963,kamailio,aflnet,2,edges,67
1773091973,kamailio,aflnet,2,nodes,12
1773091973,kamailio,aflnet,2,edges,67
1773091988,kamailio,aflnet,2,nodes,12
1773091988,kamailio,aflnet,2,edges,67
1773091999,kamailio,aflnet,2,nodes,12
1773091999,kamailio,aflnet,2,edges,67
1773092009,kamailio,aflnet,2,nodes,12
1773092009,kamailio,aflnet,2,edges,67
1773092019,kamailio,aflnet,2,nodes,12
1773092019,kamailio,aflnet,2,edges,67
1773092024,kamailio,aflnet,2,nodes,12
1773092024,kamailio,aflnet,2,edges,67
1773092029,kamailio,aflnet,2,nodes,12
1773092029,kamailio,aflnet,2,edges,67
1773092039,kamailio,aflnet,2,nodes,12
1773092039,kamailio,aflnet,2,edges,67
1773092055,kamailio,aflnet,2,nodes,12
1773092055,kamailio,aflnet,2,edges,68
1773092065,kamailio,aflnet,2,nodes,12
1773092065,kamailio,aflnet,2,edges,68
1773092070,kamailio,aflnet,2,nodes,12
1773092070,kamailio,aflnet,2,edges,68
1773092080,kamailio,aflnet,2,nodes,12
1773092080,kamailio,aflnet,2,edges,68
1773092100,kamailio,aflnet,2,nodes,12
1773092100,kamailio,aflnet,2,edges,68
1773092111,kamailio,aflnet,2,nodes,12
1773092111,kamailio,aflnet,2,edges,68
1773092121,kamailio,aflnet,2,nodes,12
1773092121,kamailio,aflnet,2,edges,68
1773092136,kamailio,aflnet,2,nodes,12
1773092136,kamailio,aflnet,2,edges,68
1773092147,kamailio,aflnet,2,nodes,12
1773092147,kamailio,aflnet,2,edges,68
1773092157,kamailio,aflnet,2,nodes,12
1773092157,kamailio,aflnet,2,edges,68
1773092167,kamailio,aflnet,2,nodes,12
1773092167,kamailio,aflnet,2,edges,68
1773092172,kamailio,aflnet,2,nodes,12
1773092172,kamailio,aflnet,2,edges,68
1773092182,kamailio,aflnet,2,nodes,12
1773092182,kamailio,aflnet,2,edges,68
1773092193,kamailio,aflnet,2,nodes,12
1773092193,kamailio,aflnet,2,edges,68
1773092203,kamailio,aflnet,2,nodes,12
1773092203,kamailio,aflnet,2,edges,68
1773092208,kamailio,aflnet,2,nodes,12
1773092208,kamailio,aflnet,2,edges,68
1773092214,kamailio,aflnet,2,nodes,12
1773092214,kamailio,aflnet,2,edges,68
1773092224,kamailio,aflnet,2,nodes,12
1773092224,kamailio,aflnet,2,edges,68
1773092229,kamailio,aflnet,2,nodes,12
1773092229,kamailio,aflnet,2,edges,68
1773092244,kamailio,aflnet,2,nodes,12
1773092244,kamailio,aflnet,2,edges,68
1773092249,kamailio,aflnet,2,nodes,12
1773092249,kamailio,aflnet,2,edges,68
1773092285,kamailio,aflnet,2,nodes,12
1773092285,kamailio,aflnet,2,edges,68
1773092296,kamailio,aflnet,2,nodes,12
1773092296,kamailio,aflnet,2,edges,68
1773092326,kamailio,aflnet,2,nodes,12
1773092326,kamailio,aflnet,2,edges,68
1773092332,kamailio,aflnet,2,nodes,12
1773092332,kamailio,aflnet,2,edges,68
1773092347,kamailio,aflnet,2,nodes,12
1773092347,kamailio,aflnet,2,edges,68
1773092352,kamailio,aflnet,2,nodes,12
1773092352,kamailio,aflnet,2,edges,68
1773092362,kamailio,aflnet,2,nodes,12
1773092362,kamailio,aflnet,2,edges,68
1773092383,kamailio,aflnet,2,nodes,12
1773092383,kamailio,aflnet,2,edges,68
1773092393,kamailio,aflnet,2,nodes,12
1773092393,kamailio,aflnet,2,edges,68
1773092423,kamailio,aflnet,2,nodes,13
1773092423,kamailio,aflnet,2,edges,71
1773092434,kamailio,aflnet,2,nodes,13
1773092434,kamailio,aflnet,2,edges,71
1773092439,kamailio,aflnet,2,nodes,13
1773092439,kamailio,aflnet,2,edges,71
1773092454,kamailio,aflnet,2,nodes,13
1773092454,kamailio,aflnet,2,edges,71
1773092464,kamailio,aflnet,2,nodes,13
1773092464,kamailio,aflnet,2,edges,71
1773092469,kamailio,aflnet,2,nodes,13
1773092469,kamailio,aflnet,2,edges,71
1773092475,kamailio,aflnet,2,nodes,13
1773092475,kamailio,aflnet,2,edges,71
1773092480,kamailio,aflnet,2,nodes,13
1773092480,kamailio,aflnet,2,edges,71
1773092500,kamailio,aflnet,2,nodes,13
1773092500,kamailio,aflnet,2,edges,71
1773092510,kamailio,aflnet,2,nodes,13
1773092510,kamailio,aflnet,2,edges,71
1773092516,kamailio,aflnet,2,nodes,13
1773092516,kamailio,aflnet,2,edges,72
1773092521,kamailio,aflnet,2,nodes,13
1773092521,kamailio,aflnet,2,edges,72
1773092536,kamailio,aflnet,2,nodes,13
1773092536,kamailio,aflnet,2,edges,72
1773092541,kamailio,aflnet,2,nodes,13
1773092541,kamailio,aflnet,2,edges,72
1773092561,kamailio,aflnet,2,nodes,13
1773092561,kamailio,aflnet,2,edges,72
1773092572,kamailio,aflnet,2,nodes,13
1773092572,kamailio,aflnet,2,edges,72
1773092577,kamailio,aflnet,2,nodes,13
1773092577,kamailio,aflnet,2,edges,72
1773092582,kamailio,aflnet,2,nodes,13
1773092582,kamailio,aflnet,2,edges,72
1773092587,kamailio,aflnet,2,nodes,13
1773092587,kamailio,aflnet,2,edges,72
1773092597,kamailio,aflnet,2,nodes,13
1773092597,kamailio,aflnet,2,edges,72
1773092603,kamailio,aflnet,2,nodes,13
1773092603,kamailio,aflnet,2,edges,72
1773092608,kamailio,aflnet,2,nodes,13
1773092608,kamailio,aflnet,2,edges,72
1773092618,kamailio,aflnet,2,nodes,13
1773092618,kamailio,aflnet,2,edges,72
1773092644,kamailio,aflnet,2,nodes,13
1773092644,kamailio,aflnet,2,edges,72
1773092664,kamailio,aflnet,2,nodes,13
1773092664,kamailio,aflnet,2,edges,72
1773092670,kamailio,aflnet,2,nodes,13
1773092670,kamailio,aflnet,2,edges,72
1773092680,kamailio,aflnet,2,nodes,13
1773092680,kamailio,aflnet,2,edges,72
1773092685,kamailio,aflnet,2,nodes,13
1773092685,kamailio,aflnet,2,edges,72
1773092695,kamailio,aflnet,2,nodes,13
1773092695,kamailio,aflnet,2,edges,72
1773092705,kamailio,aflnet,2,nodes,13
1773092705,kamailio,aflnet,2,edges,72
1773092710,kamailio,aflnet,2,nodes,13
1773092710,kamailio,aflnet,2,edges,72
1773092715,kamailio,aflnet,2,nodes,13
1773092715,kamailio,aflnet,2,edges,72
1773092726,kamailio,aflnet,2,nodes,13
1773092726,kamailio,aflnet,2,edges,72
1773092736,kamailio,aflnet,2,nodes,13
1773092736,kamailio,aflnet,2,edges,72
1773092741,kamailio,aflnet,2,nodes,13
1773092741,kamailio,aflnet,2,edges,72
1773092751,kamailio,aflnet,2,nodes,13
1773092751,kamailio,aflnet,2,edges,72
1773092757,kamailio,aflnet,2,nodes,13
1773092757,kamailio,aflnet,2,edges,72
1773092762,kamailio,aflnet,2,nodes,13
1773092762,kamailio,aflnet,2,edges,72
1773092792,kamailio,aflnet,2,nodes,13
1773092792,kamailio,aflnet,2,edges,73
1773092802,kamailio,aflnet,2,nodes,13
1773092802,kamailio,aflnet,2,edges,74
1773092807,kamailio,aflnet,2,nodes,13
1773092807,kamailio,aflnet,2,edges,74
1773092817,kamailio,aflnet,2,nodes,13
1773092817,kamailio,aflnet,2,edges,74
1773092823,kamailio,aflnet,2,nodes,13
1773092823,kamailio,aflnet,2,edges,74
1773092828,kamailio,aflnet,2,nodes,13
1773092828,kamailio,aflnet,2,edges,74
1773092838,kamailio,aflnet,2,nodes,13
1773092838,kamailio,aflnet,2,edges,74
1773092843,kamailio,aflnet,2,nodes,13
1773092843,kamailio,aflnet,2,edges,74
1773092848,kamailio,aflnet,2,nodes,13
1773092848,kamailio,aflnet,2,edges,74
1773092854,kamailio,aflnet,2,nodes,13
1773092854,kamailio,aflnet,2,edges,74
1773092864,kamailio,aflnet,2,nodes,13
1773092864,kamailio,aflnet,2,edges,74
1773092869,kamailio,aflnet,2,nodes,13
1773092869,kamailio,aflnet,2,edges,75
1773092874,kamailio,aflnet,2,nodes,13
1773092874,kamailio,aflnet,2,edges,75
1773092880,kamailio,aflnet,2,nodes,13
1773092880,kamailio,aflnet,2,edges,75
1773092885,kamailio,aflnet,2,nodes,13
1773092885,kamailio,aflnet,2,edges,75
1773092895,kamailio,aflnet,2,nodes,13
1773092895,kamailio,aflnet,2,edges,75
1773092900,kamailio,aflnet,2,nodes,13
1773092900,kamailio,aflnet,2,edges,75
1773092905,kamailio,aflnet,2,nodes,13
1773092905,kamailio,aflnet,2,edges,75
1773092910,kamailio,aflnet,2,nodes,13
1773092910,kamailio,aflnet,2,edges,75
1773092921,kamailio,aflnet,2,nodes,13
1773092921,kamailio,aflnet,2,edges,75
1773092926,kamailio,aflnet,2,nodes,13
1773092926,kamailio,aflnet,2,edges,75
1773092931,kamailio,aflnet,2,nodes,13
1773092931,kamailio,aflnet,2,edges,75
1773092937,kamailio,aflnet,2,nodes,13
1773092937,kamailio,aflnet,2,edges,75
1773092942,kamailio,aflnet,2,nodes,13
1773092942,kamailio,aflnet,2,edges,75
1773092947,kamailio,aflnet,2,nodes,13
1773092947,kamailio,aflnet,2,edges,75
1773092968,kamailio,aflnet,2,nodes,13
1773092968,kamailio,aflnet,2,edges,75
1773092973,kamailio,aflnet,2,nodes,13
1773092973,kamailio,aflnet,2,edges,75
1773092978,kamailio,aflnet,2,nodes,13
1773092978,kamailio,aflnet,2,edges,75
1773092983,kamailio,aflnet,2,nodes,13
1773092983,kamailio,aflnet,2,edges,75
1773092988,kamailio,aflnet,2,nodes,13
1773092988,kamailio,aflnet,2,edges,75
1773092994,kamailio,aflnet,2,nodes,13
1773092994,kamailio,aflnet,2,edges,75
1773092999,kamailio,aflnet,2,nodes,13
1773092999,kamailio,aflnet,2,edges,75
1773093009,kamailio,aflnet,2,nodes,13
1773093009,kamailio,aflnet,2,edges,75
1773093014,kamailio,aflnet,2,nodes,13
1773093014,kamailio,aflnet,2,edges,75
1773093020,kamailio,aflnet,2,nodes,13
1773093020,kamailio,aflnet,2,edges,75
1773093025,kamailio,aflnet,2,nodes,13
1773093025,kamailio,aflnet,2,edges,75
1773093045,kamailio,aflnet,2,nodes,13
1773093045,kamailio,aflnet,2,edges,75
1773093061,kamailio,aflnet,2,nodes,13
1773093061,kamailio,aflnet,2,edges,75
1773093066,kamailio,aflnet,2,nodes,13
1773093066,kamailio,aflnet,2,edges,75
1773093076,kamailio,aflnet,2,nodes,13
1773093076,kamailio,aflnet,2,edges,75
1773093082,kamailio,aflnet,2,nodes,13
1773093082,kamailio,aflnet,2,edges,75
1773093087,kamailio,aflnet,2,nodes,13
1773093087,kamailio,aflnet,2,edges,75
1773093092,kamailio,aflnet,2,nodes,13
1773093092,kamailio,aflnet,2,edges,75
1773093102,kamailio,aflnet,2,nodes,13
1773093102,kamailio,aflnet,2,edges,75
1773093123,kamailio,aflnet,2,nodes,13
1773093123,kamailio,aflnet,2,edges,75
1773093139,kamailio,aflnet,2,nodes,13
1773093139,kamailio,aflnet,2,edges,75
1773093149,kamailio,aflnet,2,nodes,13
1773093149,kamailio,aflnet,2,edges,75
1773093154,kamailio,aflnet,2,nodes,13
1773093154,kamailio,aflnet,2,edges,75
1773093159,kamailio,aflnet,2,nodes,13
1773093159,kamailio,aflnet,2,edges,75
1773093174,kamailio,aflnet,2,nodes,13
1773093174,kamailio,aflnet,2,edges,75
1773093179,kamailio,aflnet,2,nodes,13
1773093179,kamailio,aflnet,2,edges,75
1773093195,kamailio,aflnet,2,nodes,13
1773093195,kamailio,aflnet,2,edges,75
1773093200,kamailio,aflnet,2,nodes,13
1773093200,kamailio,aflnet,2,edges,75
1773093205,kamailio,aflnet,2,nodes,13
1773093205,kamailio,aflnet,2,edges,75
1773093210,kamailio,aflnet,2,nodes,13
1773093210,kamailio,aflnet,2,edges,75
1773093215,kamailio,aflnet,2,nodes,13
1773093215,kamailio,aflnet,2,edges,76
1773093220,kamailio,aflnet,2,nodes,13
1773093220,kamailio,aflnet,2,edges,76
1773093225,kamailio,aflnet,2,nodes,13
1773093225,kamailio,aflnet,2,edges,76
1773093241,kamailio,aflnet,2,nodes,13
1773093241,kamailio,aflnet,2,edges,76
1773093246,kamailio,aflnet,2,nodes,13
1773093246,kamailio,aflnet,2,edges,76
1773093252,kamailio,aflnet,2,nodes,13
1773093252,kamailio,aflnet,2,edges,76
1773093262,kamailio,aflnet,2,nodes,13
1773093262,kamailio,aflnet,2,edges,76
1773093267,kamailio,aflnet,2,nodes,13
1773093267,kamailio,aflnet,2,edges,76
1773093282,kamailio,aflnet,2,nodes,13
1773093282,kamailio,aflnet,2,edges,76
1773093293,kamailio,aflnet,2,nodes,13
1773093293,kamailio,aflnet,2,edges,76
1773093303,kamailio,aflnet,2,nodes,13
1773093303,kamailio,aflnet,2,edges,76
1773093318,kamailio,aflnet,2,nodes,13
1773093318,kamailio,aflnet,2,edges,76
1773093324,kamailio,aflnet,2,nodes,13
1773093324,kamailio,aflnet,2,edges,76
1773093334,kamailio,aflnet,2,nodes,13
1773093334,kamailio,aflnet,2,edges,76
1773093339,kamailio,aflnet,2,nodes,13
1773093339,kamailio,aflnet,2,edges,77
1773093350,kamailio,aflnet,2,nodes,13
1773093350,kamailio,aflnet,2,edges,77
1773093365,kamailio,aflnet,2,nodes,13
1773093365,kamailio,aflnet,2,edges,77
1773093370,kamailio,aflnet,2,nodes,13
1773093370,kamailio,aflnet,2,edges,77
1773093391,kamailio,aflnet,2,nodes,13
1773093391,kamailio,aflnet,2,edges,77
1773093406,kamailio,aflnet,2,nodes,13
1773093406,kamailio,aflnet,2,edges,77
1773093412,kamailio,aflnet,2,nodes,13
1773093412,kamailio,aflnet,2,edges,77
1773093422,kamailio,aflnet,2,nodes,13
1773093422,kamailio,aflnet,2,edges,77
1773093432,kamailio,aflnet,2,nodes,13
1773093432,kamailio,aflnet,2,edges,77
1773093437,kamailio,aflnet,2,nodes,13
1773093437,kamailio,aflnet,2,edges,77
1773093453,kamailio,aflnet,2,nodes,13
1773093453,kamailio,aflnet,2,edges,77
1773093469,kamailio,aflnet,2,nodes,13
1773093469,kamailio,aflnet,2,edges,77
1773093474,kamailio,aflnet,2,nodes,13
1773093474,kamailio,aflnet,2,edges,77
1773093500,kamailio,aflnet,2,nodes,13
1773093500,kamailio,aflnet,2,edges,77
1773093510,kamailio,aflnet,2,nodes,13
1773093510,kamailio,aflnet,2,edges,77
1773093516,kamailio,aflnet,2,nodes,13
1773093516,kamailio,aflnet,2,edges,77
1773093542,kamailio,aflnet,2,nodes,13
1773093542,kamailio,aflnet,2,edges,77
1773093547,kamailio,aflnet,2,nodes,13
1773093547,kamailio,aflnet,2,edges,77
1773093562,kamailio,aflnet,2,nodes,13
1773093562,kamailio,aflnet,2,edges,77
1773093582,kamailio,aflnet,2,nodes,13
1773093582,kamailio,aflnet,2,edges,77
1773093593,kamailio,aflnet,2,nodes,13
1773093593,kamailio,aflnet,2,edges,77
1773093603,kamailio,aflnet,2,nodes,13
1773093603,kamailio,aflnet,2,edges,77
1773093614,kamailio,aflnet,2,nodes,13
1773093614,kamailio,aflnet,2,edges,77
1773093619,kamailio,aflnet,2,nodes,13
1773093619,kamailio,aflnet,2,edges,77
1773093629,kamailio,aflnet,2,nodes,13
1773093629,kamailio,aflnet,2,edges,77
1773093640,kamailio,aflnet,2,nodes,13
1773093640,kamailio,aflnet,2,edges,77
1773093645,kamailio,aflnet,2,nodes,13
1773093645,kamailio,aflnet,2,edges,77
1773093661,kamailio,aflnet,2,nodes,13
1773093661,kamailio,aflnet,2,edges,77
1773093671,kamailio,aflnet,2,nodes,13
1773093671,kamailio,aflnet,2,edges,77
1773093676,kamailio,aflnet,2,nodes,13
1773093676,kamailio,aflnet,2,edges,77
1773093687,kamailio,aflnet,2,nodes,13
1773093687,kamailio,aflnet,2,edges,77
1773093708,kamailio,aflnet,2,nodes,13
1773093708,kamailio,aflnet,2,edges,77
1773093713,kamailio,aflnet,2,nodes,13
1773093713,kamailio,aflnet,2,edges,77
1773093723,kamailio,aflnet,2,nodes,13
1773093723,kamailio,aflnet,2,edges,77
1773093728,kamailio,aflnet,2,nodes,13
1773093728,kamailio,aflnet,2,edges,77
1773093733,kamailio,aflnet,2,nodes,13
1773093733,kamailio,aflnet,2,edges,77
1773093738,kamailio,aflnet,2,nodes,13
1773093738,kamailio,aflnet,2,edges,77
1773093744,kamailio,aflnet,2,nodes,13
1773093744,kamailio,aflnet,2,edges,77
1773093749,kamailio,aflnet,2,nodes,13
1773093749,kamailio,aflnet,2,edges,77
1773093754,kamailio,aflnet,2,nodes,13
1773093754,kamailio,aflnet,2,edges,77
1773093759,kamailio,aflnet,2,nodes,13
1773093759,kamailio,aflnet,2,edges,77
1773093765,kamailio,aflnet,2,nodes,13
1773093765,kamailio,aflnet,2,edges,77
1773093780,kamailio,aflnet,2,nodes,13
1773093780,kamailio,aflnet,2,edges,77
1773093790,kamailio,aflnet,2,nodes,13
1773093790,kamailio,aflnet,2,edges,77
1773093796,kamailio,aflnet,2,nodes,13
1773093796,kamailio,aflnet,2,edges,77
1773093806,kamailio,aflnet,2,nodes,13
1773093806,kamailio,aflnet,2,edges,77
1773093811,kamailio,aflnet,2,nodes,13
1773093811,kamailio,aflnet,2,edges,77
1773093816,kamailio,aflnet,2,nodes,13
1773093816,kamailio,aflnet,2,edges,77
1773093826,kamailio,aflnet,2,nodes,13
1773093826,kamailio,aflnet,2,edges,77
1773093852,kamailio,aflnet,2,nodes,13
1773093852,kamailio,aflnet,2,edges,77
1773093857,kamailio,aflnet,2,nodes,13
1773093857,kamailio,aflnet,2,edges,77
1773093862,kamailio,aflnet,2,nodes,13
1773093862,kamailio,aflnet,2,edges,77
1773093868,kamailio,aflnet,2,nodes,13
1773093868,kamailio,aflnet,2,edges,77
1773093878,kamailio,aflnet,2,nodes,13
1773093878,kamailio,aflnet,2,edges,77
1773093883,kamailio,aflnet,2,nodes,13
1773093883,kamailio,aflnet,2,edges,77
1773093888,kamailio,aflnet,2,nodes,13
1773093888,kamailio,aflnet,2,edges,77
1773093894,kamailio,aflnet,2,nodes,13
1773093894,kamailio,aflnet,2,edges,78
1773093899,kamailio,aflnet,2,nodes,13
1773093899,kamailio,aflnet,2,edges,78
1773093919,kamailio,aflnet,2,nodes,13
1773093919,kamailio,aflnet,2,edges,78
1773093924,kamailio,aflnet,2,nodes,13
1773093924,kamailio,aflnet,2,edges,78
1773093929,kamailio,aflnet,2,nodes,13
1773093929,kamailio,aflnet,2,edges,78
1773093940,kamailio,aflnet,2,nodes,13
1773093940,kamailio,aflnet,2,edges,78
1773093945,kamailio,aflnet,2,nodes,13
1773093945,kamailio,aflnet,2,edges,78
1773093965,kamailio,aflnet,2,nodes,13
1773093965,kamailio,aflnet,2,edges,78
1773093991,kamailio,aflnet,2,nodes,13
1773093991,kamailio,aflnet,2,edges,78
1773093996,kamailio,aflnet,2,nodes,13
1773093996,kamailio,aflnet,2,edges,78
1773094001,kamailio,aflnet,2,nodes,13
1773094001,kamailio,aflnet,2,edges,78
1773094012,kamailio,aflnet,2,nodes,13
1773094012,kamailio,aflnet,2,edges,78
1773094032,kamailio,aflnet,2,nodes,13
1773094032,kamailio,aflnet,2,edges,78
1773094043,kamailio,aflnet,2,nodes,13
1773094043,kamailio,aflnet,2,edges,78
1773094053,kamailio,aflnet,2,nodes,13
1773094053,kamailio,aflnet,2,edges,78
1773094058,kamailio,aflnet,2,nodes,13
1773094058,kamailio,aflnet,2,edges,78
1773094068,kamailio,aflnet,2,nodes,13
1773094068,kamailio,aflnet,2,edges,78
1773094073,kamailio,aflnet,2,nodes,13
1773094073,kamailio,aflnet,2,edges,78
1773094084,kamailio,aflnet,2,nodes,13
1773094084,kamailio,aflnet,2,edges,78
1773094089,kamailio,aflnet,2,nodes,13
1773094089,kamailio,aflnet,2,edges,78
1773094094,kamailio,aflnet,2,nodes,13
1773094094,kamailio,aflnet,2,edges,78
1773088977,kamailio,chatafl,1,nodes,5
1773088977,kamailio,chatafl,1,edges,11
1773088982,kamailio,chatafl,1,nodes,5
1773088982,kamailio,chatafl,1,edges,11
1773088987,kamailio,chatafl,1,nodes,5
1773088987,kamailio,chatafl,1,edges,11
1773088993,kamailio,chatafl,1,nodes,5
1773088993,kamailio,chatafl,1,edges,11
1773088998,kamailio,chatafl,1,nodes,5
1773088998,kamailio,chatafl,1,edges,11
1773089003,kamailio,chatafl,1,nodes,5
1773089003,kamailio,chatafl,1,edges,11
1773089009,kamailio,chatafl,1,nodes,5
1773089009,kamailio,chatafl,1,edges,11
1773089014,kamailio,chatafl,1,nodes,5
1773089014,kamailio,chatafl,1,edges,11
1773089019,kamailio,chatafl,1,nodes,5
1773089019,kamailio,chatafl,1,edges,11
1773089024,kamailio,chatafl,1,nodes,5
1773089024,kamailio,chatafl,1,edges,11
1773089030,kamailio,chatafl,1,nodes,5
1773089030,kamailio,chatafl,1,edges,11
1773089035,kamailio,chatafl,1,nodes,5
1773089035,kamailio,chatafl,1,edges,11
1773089040,kamailio,chatafl,1,nodes,5
1773089040,kamailio,chatafl,1,edges,11
1773089056,kamailio,chatafl,1,nodes,5
1773089056,kamailio,chatafl,1,edges,11
1773089061,kamailio,chatafl,1,nodes,5
1773089061,kamailio,chatafl,1,edges,11
1773089071,kamailio,chatafl,1,nodes,5
1773089071,kamailio,chatafl,1,edges,11
1773089087,kamailio,chatafl,1,nodes,5
1773089087,kamailio,chatafl,1,edges,11
1773089092,kamailio,chatafl,1,nodes,5
1773089092,kamailio,chatafl,1,edges,11
1773089097,kamailio,chatafl,1,nodes,5
1773089097,kamailio,chatafl,1,edges,11
1773089112,kamailio,chatafl,1,nodes,5
1773089112,kamailio,chatafl,1,edges,11
1773089123,kamailio,chatafl,1,nodes,5
1773089123,kamailio,chatafl,1,edges,11
1773089133,kamailio,chatafl,1,nodes,5
1773089133,kamailio,chatafl,1,edges,11
1773089144,kamailio,chatafl,1,nodes,5
1773089144,kamailio,chatafl,1,edges,11
1773089154,kamailio,chatafl,1,nodes,5
1773089154,kamailio,chatafl,1,edges,11
1773089165,kamailio,chatafl,1,nodes,5
1773089165,kamailio,chatafl,1,edges,11
1773089175,kamailio,chatafl,1,nodes,5
1773089175,kamailio,chatafl,1,edges,11
1773089180,kamailio,chatafl,1,nodes,5
1773089180,kamailio,chatafl,1,edges,11
1773089196,kamailio,chatafl,1,nodes,5
1773089196,kamailio,chatafl,1,edges,11
1773089206,kamailio,chatafl,1,nodes,5
1773089206,kamailio,chatafl,1,edges,13
1773089211,kamailio,chatafl,1,nodes,5
1773089211,kamailio,chatafl,1,edges,13
1773089216,kamailio,chatafl,1,nodes,5
1773089216,kamailio,chatafl,1,edges,13
1773089227,kamailio,chatafl,1,nodes,5
1773089227,kamailio,chatafl,1,edges,13
1773089232,kamailio,chatafl,1,nodes,5
1773089232,kamailio,chatafl,1,edges,13
1773089242,kamailio,chatafl,1,nodes,5
1773089242,kamailio,chatafl,1,edges,14
1773089247,kamailio,chatafl,1,nodes,6
1773089247,kamailio,chatafl,1,edges,16
1773089252,kamailio,chatafl,1,nodes,6
1773089252,kamailio,chatafl,1,edges,16
1773089257,kamailio,chatafl,1,nodes,6
1773089257,kamailio,chatafl,1,edges,17
1773089262,kamailio,chatafl,1,nodes,6
1773089262,kamailio,chatafl,1,edges,18
1773089267,kamailio,chatafl,1,nodes,6
1773089267,kamailio,chatafl,1,edges,20
1773089272,kamailio,chatafl,1,nodes,6
1773089272,kamailio,chatafl,1,edges,20
1773089278,kamailio,chatafl,1,nodes,6
1773089278,kamailio,chatafl,1,edges,20
1773089283,kamailio,chatafl,1,nodes,6
1773089283,kamailio,chatafl,1,edges,20
1773089288,kamailio,chatafl,1,nodes,6
1773089288,kamailio,chatafl,1,edges,20
1773089293,kamailio,chatafl,1,nodes,6
1773089293,kamailio,chatafl,1,edges,20
1773089298,kamailio,chatafl,1,nodes,6
1773089298,kamailio,chatafl,1,edges,20
1773089303,kamailio,chatafl,1,nodes,6
1773089303,kamailio,chatafl,1,edges,20
1773089308,kamailio,chatafl,1,nodes,6
1773089308,kamailio,chatafl,1,edges,20
1773089313,kamailio,chatafl,1,nodes,6
1773089313,kamailio,chatafl,1,edges,20
1773089319,kamailio,chatafl,1,nodes,6
1773089319,kamailio,chatafl,1,edges,20
1773089324,kamailio,chatafl,1,nodes,6
1773089324,kamailio,chatafl,1,edges,20
1773089329,kamailio,chatafl,1,nodes,6
1773089329,kamailio,chatafl,1,edges,20
1773089334,kamailio,chatafl,1,nodes,6
1773089334,kamailio,chatafl,1,edges,20
1773089339,kamailio,chatafl,1,nodes,6
1773089339,kamailio,chatafl,1,edges,20
1773089344,kamailio,chatafl,1,nodes,6
1773089344,kamailio,chatafl,1,edges,20
1773089350,kamailio,chatafl,1,nodes,6
1773089350,kamailio,chatafl,1,edges,20
1773089355,kamailio,chatafl,1,nodes,6
1773089355,kamailio,chatafl,1,edges,20
1773089360,kamailio,chatafl,1,nodes,6
1773089360,kamailio,chatafl,1,edges,20
1773089365,kamailio,chatafl,1,nodes,6
1773089365,kamailio,chatafl,1,edges,20
1773089370,kamailio,chatafl,1,nodes,6
1773089370,kamailio,chatafl,1,edges,20
1773089375,kamailio,chatafl,1,nodes,6
1773089375,kamailio,chatafl,1,edges,22
1773089380,kamailio,chatafl,1,nodes,6
1773089380,kamailio,chatafl,1,edges,22
1773089386,kamailio,chatafl,1,nodes,6
1773089386,kamailio,chatafl,1,edges,22
1773089391,kamailio,chatafl,1,nodes,6
1773089391,kamailio,chatafl,1,edges,22
1773089396,kamailio,chatafl,1,nodes,7
1773089396,kamailio,chatafl,1,edges,24
1773089401,kamailio,chatafl,1,nodes,7
1773089401,kamailio,chatafl,1,edges,24
1773089406,kamailio,chatafl,1,nodes,7
1773089406,kamailio,chatafl,1,edges,24
1773089411,kamailio,chatafl,1,nodes,7
1773089411,kamailio,chatafl,1,edges,24
1773089416,kamailio,chatafl,1,nodes,7
1773089416,kamailio,chatafl,1,edges,24
1773089421,kamailio,chatafl,1,nodes,7
1773089421,kamailio,chatafl,1,edges,24
1773089426,kamailio,chatafl,1,nodes,7
1773089426,kamailio,chatafl,1,edges,24
1773089432,kamailio,chatafl,1,nodes,7
1773089432,kamailio,chatafl,1,edges,24
1773089437,kamailio,chatafl,1,nodes,7
1773089437,kamailio,chatafl,1,edges,24
1773089442,kamailio,chatafl,1,nodes,7
1773089442,kamailio,chatafl,1,edges,24
1773089447,kamailio,chatafl,1,nodes,7
1773089447,kamailio,chatafl,1,edges,24
1773089452,kamailio,chatafl,1,nodes,7
1773089452,kamailio,chatafl,1,edges,24
1773089458,kamailio,chatafl,1,nodes,7
1773089458,kamailio,chatafl,1,edges,24
1773089463,kamailio,chatafl,1,nodes,7
1773089463,kamailio,chatafl,1,edges,24
1773089468,kamailio,chatafl,1,nodes,7
1773089468,kamailio,chatafl,1,edges,24
1773089473,kamailio,chatafl,1,nodes,7
1773089473,kamailio,chatafl,1,edges,24
1773089483,kamailio,chatafl,1,nodes,7
1773089483,kamailio,chatafl,1,edges,24
1773089488,kamailio,chatafl,1,nodes,7
1773089488,kamailio,chatafl,1,edges,24
1773089493,kamailio,chatafl,1,nodes,7
1773089493,kamailio,chatafl,1,edges,24
1773089498,kamailio,chatafl,1,nodes,7
1773089498,kamailio,chatafl,1,edges,24
1773089503,kamailio,chatafl,1,nodes,7
1773089503,kamailio,chatafl,1,edges,24
1773089509,kamailio,chatafl,1,nodes,7
1773089509,kamailio,chatafl,1,edges,24
1773089514,kamailio,chatafl,1,nodes,7
1773089514,kamailio,chatafl,1,edges,24
1773089519,kamailio,chatafl,1,nodes,7
1773089519,kamailio,chatafl,1,edges,24
1773089524,kamailio,chatafl,1,nodes,7
1773089524,kamailio,chatafl,1,edges,24
1773089529,kamailio,chatafl,1,nodes,7
1773089529,kamailio,chatafl,1,edges,24
1773089534,kamailio,chatafl,1,nodes,7
1773089534,kamailio,chatafl,1,edges,24
1773089539,kamailio,chatafl,1,nodes,7
1773089539,kamailio,chatafl,1,edges,24
1773089544,kamailio,chatafl,1,nodes,7
1773089544,kamailio,chatafl,1,edges,24
1773089549,kamailio,chatafl,1,nodes,7
1773089549,kamailio,chatafl,1,edges,24
1773089554,kamailio,chatafl,1,nodes,7
1773089554,kamailio,chatafl,1,edges,25
1773089560,kamailio,chatafl,1,nodes,7
1773089560,kamailio,chatafl,1,edges,25
1773089565,kamailio,chatafl,1,nodes,7
1773089565,kamailio,chatafl,1,edges,25
1773089570,kamailio,chatafl,1,nodes,7
1773089570,kamailio,chatafl,1,edges,25
1773089575,kamailio,chatafl,1,nodes,7
1773089575,kamailio,chatafl,1,edges,25
1773089580,kamailio,chatafl,1,nodes,7
1773089580,kamailio,chatafl,1,edges,25
1773089585,kamailio,chatafl,1,nodes,7
1773089585,kamailio,chatafl,1,edges,25
1773089590,kamailio,chatafl,1,nodes,7
1773089590,kamailio,chatafl,1,edges,25
1773089595,kamailio,chatafl,1,nodes,7
1773089595,kamailio,chatafl,1,edges,25
1773089601,kamailio,chatafl,1,nodes,7
1773089601,kamailio,chatafl,1,edges,25
1773089606,kamailio,chatafl,1,nodes,7
1773089606,kamailio,chatafl,1,edges,25
1773089611,kamailio,chatafl,1,nodes,7
1773089611,kamailio,chatafl,1,edges,25
1773089616,kamailio,chatafl,1,nodes,7
1773089616,kamailio,chatafl,1,edges,25
1773089621,kamailio,chatafl,1,nodes,7
1773089621,kamailio,chatafl,1,edges,25
1773089626,kamailio,chatafl,1,nodes,7
1773089626,kamailio,chatafl,1,edges,25
1773089631,kamailio,chatafl,1,nodes,7
1773089631,kamailio,chatafl,1,edges,25
1773089637,kamailio,chatafl,1,nodes,7
1773089637,kamailio,chatafl,1,edges,25
1773089642,kamailio,chatafl,1,nodes,7
1773089642,kamailio,chatafl,1,edges,25
1773089647,kamailio,chatafl,1,nodes,7
1773089647,kamailio,chatafl,1,edges,25
1773089652,kamailio,chatafl,1,nodes,7
1773089652,kamailio,chatafl,1,edges,26
1773089657,kamailio,chatafl,1,nodes,7
1773089657,kamailio,chatafl,1,edges,26
1773089668,kamailio,chatafl,1,nodes,7
1773089668,kamailio,chatafl,1,edges,26
1773089673,kamailio,chatafl,1,nodes,7
1773089673,kamailio,chatafl,1,edges,26
1773089678,kamailio,chatafl,1,nodes,7
1773089678,kamailio,chatafl,1,edges,27
1773089683,kamailio,chatafl,1,nodes,7
1773089683,kamailio,chatafl,1,edges,28
1773089693,kamailio,chatafl,1,nodes,7
1773089693,kamailio,chatafl,1,edges,28
1773089698,kamailio,chatafl,1,nodes,7
1773089698,kamailio,chatafl,1,edges,28
1773089704,kamailio,chatafl,1,nodes,7
1773089704,kamailio,chatafl,1,edges,28
1773089709,kamailio,chatafl,1,nodes,8
1773089709,kamailio,chatafl,1,edges,30
1773089714,kamailio,chatafl,1,nodes,8
1773089714,kamailio,chatafl,1,edges,30
1773089719,kamailio,chatafl,1,nodes,8
1773089719,kamailio,chatafl,1,edges,30
1773089724,kamailio,chatafl,1,nodes,8
1773089724,kamailio,chatafl,1,edges,30
1773089729,kamailio,chatafl,1,nodes,8
1773089729,kamailio,chatafl,1,edges,30
1773089734,kamailio,chatafl,1,nodes,8
1773089734,kamailio,chatafl,1,edges,30
1773089739,kamailio,chatafl,1,nodes,8
1773089739,kamailio,chatafl,1,edges,30
1773089744,kamailio,chatafl,1,nodes,9
1773089744,kamailio,chatafl,1,edges,34
1773089749,kamailio,chatafl,1,nodes,9
1773089749,kamailio,chatafl,1,edges,34
1773089755,kamailio,chatafl,1,nodes,9
1773089755,kamailio,chatafl,1,edges,34
1773089760,kamailio,chatafl,1,nodes,9
1773089760,kamailio,chatafl,1,edges,34
1773089765,kamailio,chatafl,1,nodes,9
1773089765,kamailio,chatafl,1,edges,35
1773089770,kamailio,chatafl,1,nodes,9
1773089770,kamailio,chatafl,1,edges,35
1773089780,kamailio,chatafl,1,nodes,9
1773089780,kamailio,chatafl,1,edges,35
1773089785,kamailio,chatafl,1,nodes,9
1773089785,kamailio,chatafl,1,edges,35
1773089790,kamailio,chatafl,1,nodes,9
1773089790,kamailio,chatafl,1,edges,35
1773089795,kamailio,chatafl,1,nodes,9
1773089795,kamailio,chatafl,1,edges,35
1773089801,kamailio,chatafl,1,nodes,9
1773089801,kamailio,chatafl,1,edges,35
1773089806,kamailio,chatafl,1,nodes,9
1773089806,kamailio,chatafl,1,edges,35
1773089811,kamailio,chatafl,1,nodes,9
1773089811,kamailio,chatafl,1,edges,35
1773089816,kamailio,chatafl,1,nodes,9
1773089816,kamailio,chatafl,1,edges,35
1773089821,kamailio,chatafl,1,nodes,9
1773089821,kamailio,chatafl,1,edges,35
1773089826,kamailio,chatafl,1,nodes,9
1773089826,kamailio,chatafl,1,edges,35
1773089831,kamailio,chatafl,1,nodes,9
1773089831,kamailio,chatafl,1,edges,35
1773089836,kamailio,chatafl,1,nodes,9
1773089836,kamailio,chatafl,1,edges,35
1773089841,kamailio,chatafl,1,nodes,9
1773089841,kamailio,chatafl,1,edges,35
1773089847,kamailio,chatafl,1,nodes,9
1773089847,kamailio,chatafl,1,edges,35
1773089852,kamailio,chatafl,1,nodes,9
1773089852,kamailio,chatafl,1,edges,35
1773089857,kamailio,chatafl,1,nodes,9
1773089857,kamailio,chatafl,1,edges,35
1773089862,kamailio,chatafl,1,nodes,9
1773089862,kamailio,chatafl,1,edges,35
1773089867,kamailio,chatafl,1,nodes,9
1773089867,kamailio,chatafl,1,edges,35
1773089872,kamailio,chatafl,1,nodes,9
1773089872,kamailio,chatafl,1,edges,35
1773089877,kamailio,chatafl,1,nodes,9
1773089877,kamailio,chatafl,1,edges,35
1773089882,kamailio,chatafl,1,nodes,9
1773089882,kamailio,chatafl,1,edges,35
1773089887,kamailio,chatafl,1,nodes,9
1773089887,kamailio,chatafl,1,edges,35
1773089898,kamailio,chatafl,1,nodes,9
1773089898,kamailio,chatafl,1,edges,35
1773089903,kamailio,chatafl,1,nodes,9
1773089903,kamailio,chatafl,1,edges,35
1773089908,kamailio,chatafl,1,nodes,9
1773089908,kamailio,chatafl,1,edges,35
1773089913,kamailio,chatafl,1,nodes,9
1773089913,kamailio,chatafl,1,edges,35
1773089918,kamailio,chatafl,1,nodes,9
1773089918,kamailio,chatafl,1,edges,35
1773089923,kamailio,chatafl,1,nodes,9
1773089923,kamailio,chatafl,1,edges,35
1773089928,kamailio,chatafl,1,nodes,9
1773089928,kamailio,chatafl,1,edges,35
1773089934,kamailio,chatafl,1,nodes,9
1773089934,kamailio,chatafl,1,edges,35
1773089939,kamailio,chatafl,1,nodes,9
1773089939,kamailio,chatafl,1,edges,35
1773089944,kamailio,chatafl,1,nodes,9
1773089944,kamailio,chatafl,1,edges,35
1773089949,kamailio,chatafl,1,nodes,9
1773089949,kamailio,chatafl,1,edges,35
1773089954,kamailio,chatafl,1,nodes,9
1773089954,kamailio,chatafl,1,edges,35
1773089959,kamailio,chatafl,1,nodes,9
1773089959,kamailio,chatafl,1,edges,35
1773089964,kamailio,chatafl,1,nodes,9
1773089964,kamailio,chatafl,1,edges,35
1773089974,kamailio,chatafl,1,nodes,9
1773089974,kamailio,chatafl,1,edges,35
1773089979,kamailio,chatafl,1,nodes,9
1773089979,kamailio,chatafl,1,edges,35
1773089985,kamailio,chatafl,1,nodes,9
1773089985,kamailio,chatafl,1,edges,35
1773089990,kamailio,chatafl,1,nodes,9
1773089990,kamailio,chatafl,1,edges,35
1773089995,kamailio,chatafl,1,nodes,9
1773089995,kamailio,chatafl,1,edges,35
1773090000,kamailio,chatafl,1,nodes,9
1773090000,kamailio,chatafl,1,edges,35
1773090005,kamailio,chatafl,1,nodes,9
1773090005,kamailio,chatafl,1,edges,35
1773090010,kamailio,chatafl,1,nodes,9
1773090010,kamailio,chatafl,1,edges,35
1773090015,kamailio,chatafl,1,nodes,9
1773090015,kamailio,chatafl,1,edges,35
1773090021,kamailio,chatafl,1,nodes,9
1773090021,kamailio,chatafl,1,edges,35
1773090026,kamailio,chatafl,1,nodes,9
1773090026,kamailio,chatafl,1,edges,35
1773090031,kamailio,chatafl,1,nodes,9
1773090031,kamailio,chatafl,1,edges,35
1773090036,kamailio,chatafl,1,nodes,9
1773090036,kamailio,chatafl,1,edges,35
1773090041,kamailio,chatafl,1,nodes,9
1773090041,kamailio,chatafl,1,edges,35
1773090046,kamailio,chatafl,1,nodes,9
1773090046,kamailio,chatafl,1,edges,35
1773090051,kamailio,chatafl,1,nodes,9
1773090051,kamailio,chatafl,1,edges,35
1773090056,kamailio,chatafl,1,nodes,9
1773090056,kamailio,chatafl,1,edges,35
1773090061,kamailio,chatafl,1,nodes,9
1773090061,kamailio,chatafl,1,edges,35
1773090066,kamailio,chatafl,1,nodes,9
1773090066,kamailio,chatafl,1,edges,35
1773090077,kamailio,chatafl,1,nodes,9
1773090077,kamailio,chatafl,1,edges,35
1773090082,kamailio,chatafl,1,nodes,9
1773090082,kamailio,chatafl,1,edges,35
1773090087,kamailio,chatafl,1,nodes,9
1773090087,kamailio,chatafl,1,edges,35
1773090092,kamailio,chatafl,1,nodes,9
1773090092,kamailio,chatafl,1,edges,35
1773090097,kamailio,chatafl,1,nodes,9
1773090097,kamailio,chatafl,1,edges,35
1773090102,kamailio,chatafl,1,nodes,9
1773090102,kamailio,chatafl,1,edges,35
1773090107,kamailio,chatafl,1,nodes,9
1773090107,kamailio,chatafl,1,edges,35
1773090112,kamailio,chatafl,1,nodes,9
1773090112,kamailio,chatafl,1,edges,35
1773090117,kamailio,chatafl,1,nodes,9
1773090117,kamailio,chatafl,1,edges,35
1773090123,kamailio,chatafl,1,nodes,9
1773090123,kamailio,chatafl,1,edges,35
1773090128,kamailio,chatafl,1,nodes,9
1773090128,kamailio,chatafl,1,edges,35
1773090133,kamailio,chatafl,1,nodes,9
1773090133,kamailio,chatafl,1,edges,35
1773090138,kamailio,chatafl,1,nodes,9
1773090138,kamailio,chatafl,1,edges,35
1773090143,kamailio,chatafl,1,nodes,9
1773090143,kamailio,chatafl,1,edges,35
1773090148,kamailio,chatafl,1,nodes,9
1773090148,kamailio,chatafl,1,edges,35
1773090153,kamailio,chatafl,1,nodes,9
1773090153,kamailio,chatafl,1,edges,35
1773090158,kamailio,chatafl,1,nodes,9
1773090158,kamailio,chatafl,1,edges,35
1773090163,kamailio,chatafl,1,nodes,9
1773090163,kamailio,chatafl,1,edges,35
1773090169,kamailio,chatafl,1,nodes,9
1773090169,kamailio,chatafl,1,edges,35
1773090179,kamailio,chatafl,1,nodes,9
1773090179,kamailio,chatafl,1,edges,35
1773090184,kamailio,chatafl,1,nodes,9
1773090184,kamailio,chatafl,1,edges,35
1773090189,kamailio,chatafl,1,nodes,9
1773090189,kamailio,chatafl,1,edges,35
1773090194,kamailio,chatafl,1,nodes,9
1773090194,kamailio,chatafl,1,edges,35
1773090199,kamailio,chatafl,1,nodes,9
1773090199,kamailio,chatafl,1,edges,35
1773090209,kamailio,chatafl,1,nodes,9
1773090209,kamailio,chatafl,1,edges,35
1773090224,kamailio,chatafl,1,nodes,9
1773090224,kamailio,chatafl,1,edges,35
1773090229,kamailio,chatafl,1,nodes,9
1773090229,kamailio,chatafl,1,edges,35
1773090235,kamailio,chatafl,1,nodes,9
1773090235,kamailio,chatafl,1,edges,35
1773090240,kamailio,chatafl,1,nodes,9
1773090240,kamailio,chatafl,1,edges,35
1773090250,kamailio,chatafl,1,nodes,9
1773090250,kamailio,chatafl,1,edges,35
1773090255,kamailio,chatafl,1,nodes,9
1773090255,kamailio,chatafl,1,edges,35
1773090260,kamailio,chatafl,1,nodes,9
1773090260,kamailio,chatafl,1,edges,35
1773090265,kamailio,chatafl,1,nodes,9
1773090265,kamailio,chatafl,1,edges,35
1773090276,kamailio,chatafl,1,nodes,9
1773090276,kamailio,chatafl,1,edges,35
1773090281,kamailio,chatafl,1,nodes,9
1773090281,kamailio,chatafl,1,edges,35
1773090286,kamailio,chatafl,1,nodes,9
1773090286,kamailio,chatafl,1,edges,35
1773090291,kamailio,chatafl,1,nodes,9
1773090291,kamailio,chatafl,1,edges,35
1773090296,kamailio,chatafl,1,nodes,9
1773090296,kamailio,chatafl,1,edges,35
1773090301,kamailio,chatafl,1,nodes,9
1773090301,kamailio,chatafl,1,edges,35
1773090306,kamailio,chatafl,1,nodes,9
1773090306,kamailio,chatafl,1,edges,35
1773090316,kamailio,chatafl,1,nodes,9
1773090316,kamailio,chatafl,1,edges,35
1773090321,kamailio,chatafl,1,nodes,9
1773090321,kamailio,chatafl,1,edges,35
1773090326,kamailio,chatafl,1,nodes,9
1773090326,kamailio,chatafl,1,edges,35
1773090331,kamailio,chatafl,1,nodes,9
1773090331,kamailio,chatafl,1,edges,35
1773090337,kamailio,chatafl,1,nodes,9
1773090337,kamailio,chatafl,1,edges,35
1773090347,kamailio,chatafl,1,nodes,9
1773090347,kamailio,chatafl,1,edges,35
1773090357,kamailio,chatafl,1,nodes,9
1773090357,kamailio,chatafl,1,edges,35
1773090362,kamailio,chatafl,1,nodes,9
1773090362,kamailio,chatafl,1,edges,35
1773090367,kamailio,chatafl,1,nodes,9
1773090367,kamailio,chatafl,1,edges,35
1773090377,kamailio,chatafl,1,nodes,9
1773090377,kamailio,chatafl,1,edges,35
1773090382,kamailio,chatafl,1,nodes,9
1773090382,kamailio,chatafl,1,edges,35
1773090387,kamailio,chatafl,1,nodes,9
1773090387,kamailio,chatafl,1,edges,35
1773090398,kamailio,chatafl,1,nodes,9
1773090398,kamailio,chatafl,1,edges,35
1773090403,kamailio,chatafl,1,nodes,9
1773090403,kamailio,chatafl,1,edges,35
1773090408,kamailio,chatafl,1,nodes,9
1773090408,kamailio,chatafl,1,edges,35
1773090418,kamailio,chatafl,1,nodes,9
1773090418,kamailio,chatafl,1,edges,35
1773090423,kamailio,chatafl,1,nodes,9
1773090423,kamailio,chatafl,1,edges,35
1773090428,kamailio,chatafl,1,nodes,9
1773090428,kamailio,chatafl,1,edges,35
1773090433,kamailio,chatafl,1,nodes,9
1773090433,kamailio,chatafl,1,edges,35
1773090438,kamailio,chatafl,1,nodes,9
1773090438,kamailio,chatafl,1,edges,35
1773090444,kamailio,chatafl,1,nodes,9
1773090444,kamailio,chatafl,1,edges,35
1773090449,kamailio,chatafl,1,nodes,9
1773090449,kamailio,chatafl,1,edges,35
1773090454,kamailio,chatafl,1,nodes,9
1773090454,kamailio,chatafl,1,edges,35
1773090464,kamailio,chatafl,1,nodes,9
1773090464,kamailio,chatafl,1,edges,35
1773090474,kamailio,chatafl,1,nodes,9
1773090474,kamailio,chatafl,1,edges,35
1773090484,kamailio,chatafl,1,nodes,9
1773090484,kamailio,chatafl,1,edges,35
1773090490,kamailio,chatafl,1,nodes,9
1773090490,kamailio,chatafl,1,edges,35
1773090495,kamailio,chatafl,1,nodes,9
1773090495,kamailio,chatafl,1,edges,35
1773090500,kamailio,chatafl,1,nodes,9
1773090500,kamailio,chatafl,1,edges,35
1773090505,kamailio,chatafl,1,nodes,10
1773090505,kamailio,chatafl,1,edges,37
1773090515,kamailio,chatafl,1,nodes,10
1773090515,kamailio,chatafl,1,edges,37
1773090520,kamailio,chatafl,1,nodes,10
1773090520,kamailio,chatafl,1,edges,37
1773090526,kamailio,chatafl,1,nodes,10
1773090526,kamailio,chatafl,1,edges,37
1773090531,kamailio,chatafl,1,nodes,10
1773090531,kamailio,chatafl,1,edges,37
1773090536,kamailio,chatafl,1,nodes,10
1773090536,kamailio,chatafl,1,edges,37
1773090541,kamailio,chatafl,1,nodes,10
1773090541,kamailio,chatafl,1,edges,37
1773090546,kamailio,chatafl,1,nodes,10
1773090546,kamailio,chatafl,1,edges,37
1773090551,kamailio,chatafl,1,nodes,10
1773090551,kamailio,chatafl,1,edges,37
1773090556,kamailio,chatafl,1,nodes,10
1773090556,kamailio,chatafl,1,edges,37
1773090562,kamailio,chatafl,1,nodes,10
1773090562,kamailio,chatafl,1,edges,37
1773090567,kamailio,chatafl,1,nodes,10
1773090567,kamailio,chatafl,1,edges,37
1773090572,kamailio,chatafl,1,nodes,10
1773090572,kamailio,chatafl,1,edges,37
1773090577,kamailio,chatafl,1,nodes,10
1773090577,kamailio,chatafl,1,edges,37
1773090587,kamailio,chatafl,1,nodes,10
1773090587,kamailio,chatafl,1,edges,37
1773090597,kamailio,chatafl,1,nodes,10
1773090597,kamailio,chatafl,1,edges,37
1773090602,kamailio,chatafl,1,nodes,10
1773090602,kamailio,chatafl,1,edges,37
1773090612,kamailio,chatafl,1,nodes,10
1773090612,kamailio,chatafl,1,edges,37
1773090617,kamailio,chatafl,1,nodes,10
1773090617,kamailio,chatafl,1,edges,37
1773090623,kamailio,chatafl,1,nodes,10
1773090623,kamailio,chatafl,1,edges,38
1773090628,kamailio,chatafl,1,nodes,10
1773090628,kamailio,chatafl,1,edges,38
1773090633,kamailio,chatafl,1,nodes,10
1773090633,kamailio,chatafl,1,edges,38
1773090638,kamailio,chatafl,1,nodes,10
1773090638,kamailio,chatafl,1,edges,38
1773090643,kamailio,chatafl,1,nodes,10
1773090643,kamailio,chatafl,1,edges,38
1773090648,kamailio,chatafl,1,nodes,10
1773090648,kamailio,chatafl,1,edges,38
1773090653,kamailio,chatafl,1,nodes,10
1773090653,kamailio,chatafl,1,edges,38
1773090664,kamailio,chatafl,1,nodes,10
1773090664,kamailio,chatafl,1,edges,38
1773090669,kamailio,chatafl,1,nodes,10
1773090669,kamailio,chatafl,1,edges,38
1773090674,kamailio,chatafl,1,nodes,10
1773090674,kamailio,chatafl,1,edges,38
1773090679,kamailio,chatafl,1,nodes,10
1773090679,kamailio,chatafl,1,edges,38
1773090684,kamailio,chatafl,1,nodes,10
1773090684,kamailio,chatafl,1,edges,38
1773090689,kamailio,chatafl,1,nodes,10
1773090689,kamailio,chatafl,1,edges,38
1773090695,kamailio,chatafl,1,nodes,10
1773090695,kamailio,chatafl,1,edges,38
1773090700,kamailio,chatafl,1,nodes,10
1773090700,kamailio,chatafl,1,edges,38
1773090705,kamailio,chatafl,1,nodes,10
1773090705,kamailio,chatafl,1,edges,38
1773090715,kamailio,chatafl,1,nodes,10
1773090715,kamailio,chatafl,1,edges,38
1773090720,kamailio,chatafl,1,nodes,11
1773090720,kamailio,chatafl,1,edges,41
1773090731,kamailio,chatafl,1,nodes,11
1773090731,kamailio,chatafl,1,edges,41
1773090736,kamailio,chatafl,1,nodes,11
1773090736,kamailio,chatafl,1,edges,41
1773090741,kamailio,chatafl,1,nodes,11
1773090741,kamailio,chatafl,1,edges,41
1773090746,kamailio,chatafl,1,nodes,11
1773090746,kamailio,chatafl,1,edges,41
1773090751,kamailio,chatafl,1,nodes,11
1773090751,kamailio,chatafl,1,edges,41
1773090756,kamailio,chatafl,1,nodes,11
1773090756,kamailio,chatafl,1,edges,41
1773090761,kamailio,chatafl,1,nodes,11
1773090761,kamailio,chatafl,1,edges,41
1773090766,kamailio,chatafl,1,nodes,11
1773090766,kamailio,chatafl,1,edges,41
1773090771,kamailio,chatafl,1,nodes,11
1773090771,kamailio,chatafl,1,edges,41
1773090776,kamailio,chatafl,1,nodes,11
1773090776,kamailio,chatafl,1,edges,41
1773090782,kamailio,chatafl,1,nodes,11
1773090782,kamailio,chatafl,1,edges,41
1773090787,kamailio,chatafl,1,nodes,11
1773090787,kamailio,chatafl,1,edges,41
1773090797,kamailio,chatafl,1,nodes,11
1773090797,kamailio,chatafl,1,edges,41
1773090807,kamailio,chatafl,1,nodes,11
1773090807,kamailio,chatafl,1,edges,41
1773090812,kamailio,chatafl,1,nodes,11
1773090812,kamailio,chatafl,1,edges,41
1773090817,kamailio,chatafl,1,nodes,11
1773090817,kamailio,chatafl,1,edges,41
1773090828,kamailio,chatafl,1,nodes,11
1773090828,kamailio,chatafl,1,edges,41
1773090833,kamailio,chatafl,1,nodes,11
1773090833,kamailio,chatafl,1,edges,41
1773090838,kamailio,chatafl,1,nodes,11
1773090838,kamailio,chatafl,1,edges,41
1773090843,kamailio,chatafl,1,nodes,11
1773090843,kamailio,chatafl,1,edges,41
1773090848,kamailio,chatafl,1,nodes,11
1773090848,kamailio,chatafl,1,edges,41
1773090853,kamailio,chatafl,1,nodes,11
1773090853,kamailio,chatafl,1,edges,41
1773090858,kamailio,chatafl,1,nodes,11
1773090858,kamailio,chatafl,1,edges,41
1773090863,kamailio,chatafl,1,nodes,11
1773090863,kamailio,chatafl,1,edges,41
1773090868,kamailio,chatafl,1,nodes,11
1773090868,kamailio,chatafl,1,edges,41
1773090873,kamailio,chatafl,1,nodes,11
1773090873,kamailio,chatafl,1,edges,41
1773090879,kamailio,chatafl,1,nodes,11
1773090879,kamailio,chatafl,1,edges,41
1773090884,kamailio,chatafl,1,nodes,11
1773090884,kamailio,chatafl,1,edges,41
1773090894,kamailio,chatafl,1,nodes,11
1773090894,kamailio,chatafl,1,edges,41
1773090904,kamailio,chatafl,1,nodes,11
1773090904,kamailio,chatafl,1,edges,41
1773090909,kamailio,chatafl,1,nodes,11
1773090909,kamailio,chatafl,1,edges,41
1773090914,kamailio,chatafl,1,nodes,11
1773090914,kamailio,chatafl,1,edges,41
1773090920,kamailio,chatafl,1,nodes,11
1773090920,kamailio,chatafl,1,edges,41
1773090940,kamailio,chatafl,1,nodes,11
1773090940,kamailio,chatafl,1,edges,41
1773090945,kamailio,chatafl,1,nodes,11
1773090945,kamailio,chatafl,1,edges,41
1773090950,kamailio,chatafl,1,nodes,11
1773090950,kamailio,chatafl,1,edges,41
1773090966,kamailio,chatafl,1,nodes,11
1773090966,kamailio,chatafl,1,edges,41
1773090987,kamailio,chatafl,1,nodes,11
1773090987,kamailio,chatafl,1,edges,41
1773090992,kamailio,chatafl,1,nodes,11
1773090992,kamailio,chatafl,1,edges,41
1773091008,kamailio,chatafl,1,nodes,11
1773091008,kamailio,chatafl,1,edges,41
1773091018,kamailio,chatafl,1,nodes,11
1773091018,kamailio,chatafl,1,edges,41
1773091028,kamailio,chatafl,1,nodes,11
1773091028,kamailio,chatafl,1,edges,41
1773091038,kamailio,chatafl,1,nodes,11
1773091038,kamailio,chatafl,1,edges,41
1773091064,kamailio,chatafl,1,nodes,11
1773091064,kamailio,chatafl,1,edges,41
1773091069,kamailio,chatafl,1,nodes,11
1773091069,kamailio,chatafl,1,edges,41
1773091079,kamailio,chatafl,1,nodes,11
1773091079,kamailio,chatafl,1,edges,41
1773091084,kamailio,chatafl,1,nodes,11
1773091084,kamailio,chatafl,1,edges,41
1773091089,kamailio,chatafl,1,nodes,11
1773091089,kamailio,chatafl,1,edges,41
1773091099,kamailio,chatafl,1,nodes,11
1773091099,kamailio,chatafl,1,edges,41
1773091104,kamailio,chatafl,1,nodes,11
1773091104,kamailio,chatafl,1,edges,41
1773091115,kamailio,chatafl,1,nodes,11
1773091115,kamailio,chatafl,1,edges,41
1773091120,kamailio,chatafl,1,nodes,11
1773091120,kamailio,chatafl,1,edges,41
1773091130,kamailio,chatafl,1,nodes,11
1773091130,kamailio,chatafl,1,edges,41
1773091135,kamailio,chatafl,1,nodes,11
1773091135,kamailio,chatafl,1,edges,41
1773091146,kamailio,chatafl,1,nodes,11
1773091146,kamailio,chatafl,1,edges,41
1773091151,kamailio,chatafl,1,nodes,11
1773091151,kamailio,chatafl,1,edges,41
1773091156,kamailio,chatafl,1,nodes,11
1773091156,kamailio,chatafl,1,edges,41
1773091166,kamailio,chatafl,1,nodes,11
1773091166,kamailio,chatafl,1,edges,41
1773091177,kamailio,chatafl,1,nodes,11
1773091177,kamailio,chatafl,1,edges,41
1773091182,kamailio,chatafl,1,nodes,11
1773091182,kamailio,chatafl,1,edges,41
1773091187,kamailio,chatafl,1,nodes,11
1773091187,kamailio,chatafl,1,edges,41
1773091192,kamailio,chatafl,1,nodes,11
1773091192,kamailio,chatafl,1,edges,41
1773091197,kamailio,chatafl,1,nodes,11
1773091197,kamailio,chatafl,1,edges,41
1773091208,kamailio,chatafl,1,nodes,11
1773091208,kamailio,chatafl,1,edges,41
1773091213,kamailio,chatafl,1,nodes,11
1773091213,kamailio,chatafl,1,edges,41
1773091218,kamailio,chatafl,1,nodes,11
1773091218,kamailio,chatafl,1,edges,41
1773091223,kamailio,chatafl,1,nodes,11
1773091223,kamailio,chatafl,1,edges,41
1773091228,kamailio,chatafl,1,nodes,11
1773091228,kamailio,chatafl,1,edges,41
1773091238,kamailio,chatafl,1,nodes,11
1773091238,kamailio,chatafl,1,edges,41
1773091243,kamailio,chatafl,1,nodes,11
1773091243,kamailio,chatafl,1,edges,43
1773091248,kamailio,chatafl,1,nodes,11
1773091248,kamailio,chatafl,1,edges,43
1773091254,kamailio,chatafl,1,nodes,11
1773091254,kamailio,chatafl,1,edges,43
1773091259,kamailio,chatafl,1,nodes,11
1773091259,kamailio,chatafl,1,edges,43
1773091264,kamailio,chatafl,1,nodes,11
1773091264,kamailio,chatafl,1,edges,43
1773091269,kamailio,chatafl,1,nodes,11
1773091269,kamailio,chatafl,1,edges,43
1773091274,kamailio,chatafl,1,nodes,11
1773091274,kamailio,chatafl,1,edges,43
1773091279,kamailio,chatafl,1,nodes,11
1773091279,kamailio,chatafl,1,edges,43
1773091285,kamailio,chatafl,1,nodes,11
1773091285,kamailio,chatafl,1,edges,43
1773091295,kamailio,chatafl,1,nodes,11
1773091295,kamailio,chatafl,1,edges,43
1773091316,kamailio,chatafl,1,nodes,11
1773091316,kamailio,chatafl,1,edges,43
1773091326,kamailio,chatafl,1,nodes,11
1773091326,kamailio,chatafl,1,edges,43
1773091331,kamailio,chatafl,1,nodes,11
1773091331,kamailio,chatafl,1,edges,43
1773091341,kamailio,chatafl,1,nodes,11
1773091341,kamailio,chatafl,1,edges,43
1773091351,kamailio,chatafl,1,nodes,11
1773091351,kamailio,chatafl,1,edges,43
1773091362,kamailio,chatafl,1,nodes,11
1773091362,kamailio,chatafl,1,edges,43
1773091372,kamailio,chatafl,1,nodes,11
1773091372,kamailio,chatafl,1,edges,44
1773091377,kamailio,chatafl,1,nodes,11
1773091377,kamailio,chatafl,1,edges,45
1773091382,kamailio,chatafl,1,nodes,11
1773091382,kamailio,chatafl,1,edges,45
1773091397,kamailio,chatafl,1,nodes,11
1773091397,kamailio,chatafl,1,edges,46
1773091403,kamailio,chatafl,1,nodes,11
1773091403,kamailio,chatafl,1,edges,46
1773091408,kamailio,chatafl,1,nodes,11
1773091408,kamailio,chatafl,1,edges,46
1773091413,kamailio,chatafl,1,nodes,11
1773091413,kamailio,chatafl,1,edges,46
1773091418,kamailio,chatafl,1,nodes,11
1773091418,kamailio,chatafl,1,edges,46
1773091423,kamailio,chatafl,1,nodes,11
1773091423,kamailio,chatafl,1,edges,46
1773091428,kamailio,chatafl,1,nodes,11
1773091428,kamailio,chatafl,1,edges,46
1773091433,kamailio,chatafl,1,nodes,11
1773091433,kamailio,chatafl,1,edges,46
1773091438,kamailio,chatafl,1,nodes,11
1773091438,kamailio,chatafl,1,edges,46
1773091443,kamailio,chatafl,1,nodes,11
1773091443,kamailio,chatafl,1,edges,46
1773091449,kamailio,chatafl,1,nodes,11
1773091449,kamailio,chatafl,1,edges,46
1773091459,kamailio,chatafl,1,nodes,11
1773091459,kamailio,chatafl,1,edges,46
1773091464,kamailio,chatafl,1,nodes,11
1773091464,kamailio,chatafl,1,edges,46
1773091469,kamailio,chatafl,1,nodes,11
1773091469,kamailio,chatafl,1,edges,46
1773091474,kamailio,chatafl,1,nodes,11
1773091474,kamailio,chatafl,1,edges,46
1773091495,kamailio,chatafl,1,nodes,11
1773091495,kamailio,chatafl,1,edges,46
1773091500,kamailio,chatafl,1,nodes,11
1773091500,kamailio,chatafl,1,edges,46
1773091505,kamailio,chatafl,1,nodes,11
1773091505,kamailio,chatafl,1,edges,46
1773091515,kamailio,chatafl,1,nodes,11
1773091515,kamailio,chatafl,1,edges,46
1773091520,kamailio,chatafl,1,nodes,11
1773091520,kamailio,chatafl,1,edges,46
1773091530,kamailio,chatafl,1,nodes,11
1773091530,kamailio,chatafl,1,edges,46
1773091535,kamailio,chatafl,1,nodes,11
1773091535,kamailio,chatafl,1,edges,46
1773091561,kamailio,chatafl,1,nodes,11
1773091561,kamailio,chatafl,1,edges,46
1773091566,kamailio,chatafl,1,nodes,11
1773091566,kamailio,chatafl,1,edges,46
1773091576,kamailio,chatafl,1,nodes,11
1773091576,kamailio,chatafl,1,edges,46
1773091581,kamailio,chatafl,1,nodes,11
1773091581,kamailio,chatafl,1,edges,46
1773091586,kamailio,chatafl,1,nodes,11
1773091586,kamailio,chatafl,1,edges,46
1773091591,kamailio,chatafl,1,nodes,11
1773091591,kamailio,chatafl,1,edges,46
1773091596,kamailio,chatafl,1,nodes,11
1773091596,kamailio,chatafl,1,edges,46
1773091601,kamailio,chatafl,1,nodes,11
1773091601,kamailio,chatafl,1,edges,46
1773091607,kamailio,chatafl,1,nodes,11
1773091607,kamailio,chatafl,1,edges,46
1773091612,kamailio,chatafl,1,nodes,11
1773091612,kamailio,chatafl,1,edges,46
1773091617,kamailio,chatafl,1,nodes,11
1773091617,kamailio,chatafl,1,edges,46
1773091627,kamailio,chatafl,1,nodes,11
1773091627,kamailio,chatafl,1,edges,46
1773091632,kamailio,chatafl,1,nodes,11
1773091632,kamailio,chatafl,1,edges,46
1773091643,kamailio,chatafl,1,nodes,11
1773091643,kamailio,chatafl,1,edges,46
1773091648,kamailio,chatafl,1,nodes,11
1773091648,kamailio,chatafl,1,edges,46
1773091663,kamailio,chatafl,1,nodes,11
1773091663,kamailio,chatafl,1,edges,46
1773091668,kamailio,chatafl,1,nodes,11
1773091668,kamailio,chatafl,1,edges,46
1773091673,kamailio,chatafl,1,nodes,11
1773091673,kamailio,chatafl,1,edges,46
1773091684,kamailio,chatafl,1,nodes,11
1773091684,kamailio,chatafl,1,edges,46
1773091689,kamailio,chatafl,1,nodes,11
1773091689,kamailio,chatafl,1,edges,46
1773091694,kamailio,chatafl,1,nodes,11
1773091694,kamailio,chatafl,1,edges,46
1773091699,kamailio,chatafl,1,nodes,11
1773091699,kamailio,chatafl,1,edges,46
1773091704,kamailio,chatafl,1,nodes,11
1773091704,kamailio,chatafl,1,edges,46
1773091715,kamailio,chatafl,1,nodes,11
1773091715,kamailio,chatafl,1,edges,46
1773091725,kamailio,chatafl,1,nodes,11
1773091725,kamailio,chatafl,1,edges,46
1773091730,kamailio,chatafl,1,nodes,11
1773091730,kamailio,chatafl,1,edges,46
1773091735,kamailio,chatafl,1,nodes,11
1773091735,kamailio,chatafl,1,edges,46
1773091740,kamailio,chatafl,1,nodes,11
1773091740,kamailio,chatafl,1,edges,46
1773091756,kamailio,chatafl,1,nodes,11
1773091756,kamailio,chatafl,1,edges,46
1773091761,kamailio,chatafl,1,nodes,11
1773091761,kamailio,chatafl,1,edges,46
1773091766,kamailio,chatafl,1,nodes,11
1773091766,kamailio,chatafl,1,edges,46
1773091771,kamailio,chatafl,1,nodes,11
1773091771,kamailio,chatafl,1,edges,46
1773091776,kamailio,chatafl,1,nodes,11
1773091776,kamailio,chatafl,1,edges,46
1773091781,kamailio,chatafl,1,nodes,11
1773091781,kamailio,chatafl,1,edges,46
1773091787,kamailio,chatafl,1,nodes,11
1773091787,kamailio,chatafl,1,edges,46
1773091792,kamailio,chatafl,1,nodes,11
1773091792,kamailio,chatafl,1,edges,46
1773091797,kamailio,chatafl,1,nodes,11
1773091797,kamailio,chatafl,1,edges,46
1773091802,kamailio,chatafl,1,nodes,11
1773091802,kamailio,chatafl,1,edges,46
1773091807,kamailio,chatafl,1,nodes,11
1773091807,kamailio,chatafl,1,edges,46
1773091817,kamailio,chatafl,1,nodes,11
1773091817,kamailio,chatafl,1,edges,46
1773091822,kamailio,chatafl,1,nodes,11
1773091822,kamailio,chatafl,1,edges,46
1773091827,kamailio,chatafl,1,nodes,11
1773091827,kamailio,chatafl,1,edges,46
1773091832,kamailio,chatafl,1,nodes,11
1773091832,kamailio,chatafl,1,edges,46
1773091843,kamailio,chatafl,1,nodes,11
1773091843,kamailio,chatafl,1,edges,46
1773091848,kamailio,chatafl,1,nodes,11
1773091848,kamailio,chatafl,1,edges,46
1773091853,kamailio,chatafl,1,nodes,11
1773091853,kamailio,chatafl,1,edges,46
1773091858,kamailio,chatafl,1,nodes,11
1773091858,kamailio,chatafl,1,edges,46
1773091863,kamailio,chatafl,1,nodes,11
1773091863,kamailio,chatafl,1,edges,46
1773091873,kamailio,chatafl,1,nodes,11
1773091873,kamailio,chatafl,1,edges,46
1773091878,kamailio,chatafl,1,nodes,11
1773091878,kamailio,chatafl,1,edges,46
1773091888,kamailio,chatafl,1,nodes,11
1773091888,kamailio,chatafl,1,edges,46
1773091899,kamailio,chatafl,1,nodes,11
1773091899,kamailio,chatafl,1,edges,46
1773091909,kamailio,chatafl,1,nodes,11
1773091909,kamailio,chatafl,1,edges,46
1773091914,kamailio,chatafl,1,nodes,11
1773091914,kamailio,chatafl,1,edges,46
1773091919,kamailio,chatafl,1,nodes,11
1773091919,kamailio,chatafl,1,edges,46
1773091924,kamailio,chatafl,1,nodes,11
1773091924,kamailio,chatafl,1,edges,46
1773091935,kamailio,chatafl,1,nodes,11
1773091935,kamailio,chatafl,1,edges,46
1773091940,kamailio,chatafl,1,nodes,11
1773091940,kamailio,chatafl,1,edges,46
1773091950,kamailio,chatafl,1,nodes,11
1773091950,kamailio,chatafl,1,edges,46
1773091955,kamailio,chatafl,1,nodes,11
1773091955,kamailio,chatafl,1,edges,46
1773091965,kamailio,chatafl,1,nodes,11
1773091965,kamailio,chatafl,1,edges,46
1773091976,kamailio,chatafl,1,nodes,11
1773091976,kamailio,chatafl,1,edges,46
1773091981,kamailio,chatafl,1,nodes,11
1773091981,kamailio,chatafl,1,edges,46
1773091991,kamailio,chatafl,1,nodes,11
1773091991,kamailio,chatafl,1,edges,46
1773092002,kamailio,chatafl,1,nodes,11
1773092002,kamailio,chatafl,1,edges,46
1773092007,kamailio,chatafl,1,nodes,11
1773092007,kamailio,chatafl,1,edges,46
1773092017,kamailio,chatafl,1,nodes,11
1773092017,kamailio,chatafl,1,edges,46
1773092022,kamailio,chatafl,1,nodes,11
1773092022,kamailio,chatafl,1,edges,46
1773092027,kamailio,chatafl,1,nodes,11
1773092027,kamailio,chatafl,1,edges,46
1773092038,kamailio,chatafl,1,nodes,11
1773092038,kamailio,chatafl,1,edges,46
1773092043,kamailio,chatafl,1,nodes,11
1773092043,kamailio,chatafl,1,edges,46
1773092048,kamailio,chatafl,1,nodes,11
1773092048,kamailio,chatafl,1,edges,47
1773092058,kamailio,chatafl,1,nodes,11
1773092058,kamailio,chatafl,1,edges,47
1773092064,kamailio,chatafl,1,nodes,11
1773092064,kamailio,chatafl,1,edges,47
1773092074,kamailio,chatafl,1,nodes,11
1773092074,kamailio,chatafl,1,edges,47
1773092079,kamailio,chatafl,1,nodes,11
1773092079,kamailio,chatafl,1,edges,47
1773092084,kamailio,chatafl,1,nodes,11
1773092084,kamailio,chatafl,1,edges,47
1773092090,kamailio,chatafl,1,nodes,11
1773092090,kamailio,chatafl,1,edges,47
1773092100,kamailio,chatafl,1,nodes,12
1773092100,kamailio,chatafl,1,edges,49
1773092105,kamailio,chatafl,1,nodes,12
1773092105,kamailio,chatafl,1,edges,49
1773092110,kamailio,chatafl,1,nodes,12
1773092110,kamailio,chatafl,1,edges,49
1773092125,kamailio,chatafl,1,nodes,12
1773092125,kamailio,chatafl,1,edges,49
1773092131,kamailio,chatafl,1,nodes,12
1773092131,kamailio,chatafl,1,edges,49
1773092141,kamailio,chatafl,1,nodes,12
1773092141,kamailio,chatafl,1,edges,49
1773092152,kamailio,chatafl,1,nodes,12
1773092152,kamailio,chatafl,1,edges,49
1773092157,kamailio,chatafl,1,nodes,12
1773092157,kamailio,chatafl,1,edges,49
1773092167,kamailio,chatafl,1,nodes,12
1773092167,kamailio,chatafl,1,edges,49
1773092172,kamailio,chatafl,1,nodes,12
1773092172,kamailio,chatafl,1,edges,49
1773092178,kamailio,chatafl,1,nodes,12
1773092178,kamailio,chatafl,1,edges,49
1773092188,kamailio,chatafl,1,nodes,12
1773092188,kamailio,chatafl,1,edges,49
1773092193,kamailio,chatafl,1,nodes,12
1773092193,kamailio,chatafl,1,edges,49
1773092208,kamailio,chatafl,1,nodes,12
1773092208,kamailio,chatafl,1,edges,49
1773092213,kamailio,chatafl,1,nodes,12
1773092213,kamailio,chatafl,1,edges,49
1773092219,kamailio,chatafl,1,nodes,12
1773092219,kamailio,chatafl,1,edges,49
1773092224,kamailio,chatafl,1,nodes,12
1773092224,kamailio,chatafl,1,edges,49
1773092229,kamailio,chatafl,1,nodes,12
1773092229,kamailio,chatafl,1,edges,49
1773092234,kamailio,chatafl,1,nodes,12
1773092234,kamailio,chatafl,1,edges,49
1773092239,kamailio,chatafl,1,nodes,12
1773092239,kamailio,chatafl,1,edges,49
1773092254,kamailio,chatafl,1,nodes,12
1773092254,kamailio,chatafl,1,edges,49
1773092259,kamailio,chatafl,1,nodes,12
1773092259,kamailio,chatafl,1,edges,49
1773092264,kamailio,chatafl,1,nodes,12
1773092264,kamailio,chatafl,1,edges,49
1773092275,kamailio,chatafl,1,nodes,12
1773092275,kamailio,chatafl,1,edges,49
1773092280,kamailio,chatafl,1,nodes,12
1773092280,kamailio,chatafl,1,edges,49
1773092285,kamailio,chatafl,1,nodes,12
1773092285,kamailio,chatafl,1,edges,49
1773092290,kamailio,chatafl,1,nodes,12
1773092290,kamailio,chatafl,1,edges,49
1773092295,kamailio,chatafl,1,nodes,12
1773092295,kamailio,chatafl,1,edges,49
1773092300,kamailio,chatafl,1,nodes,12
1773092300,kamailio,chatafl,1,edges,49
1773092320,kamailio,chatafl,1,nodes,12
1773092320,kamailio,chatafl,1,edges,49
1773092325,kamailio,chatafl,1,nodes,12
1773092325,kamailio,chatafl,1,edges,49
1773092331,kamailio,chatafl,1,nodes,12
1773092331,kamailio,chatafl,1,edges,49
1773092356,kamailio,chatafl,1,nodes,12
1773092356,kamailio,chatafl,1,edges,49
1773092361,kamailio,chatafl,1,nodes,12
1773092361,kamailio,chatafl,1,edges,49
1773092366,kamailio,chatafl,1,nodes,12
1773092366,kamailio,chatafl,1,edges,49
1773092371,kamailio,chatafl,1,nodes,12
1773092371,kamailio,chatafl,1,edges,49
1773092377,kamailio,chatafl,1,nodes,12
1773092377,kamailio,chatafl,1,edges,49
1773092382,kamailio,chatafl,1,nodes,12
1773092382,kamailio,chatafl,1,edges,49
1773092387,kamailio,chatafl,1,nodes,12
1773092387,kamailio,chatafl,1,edges,49
1773092392,kamailio,chatafl,1,nodes,12
1773092392,kamailio,chatafl,1,edges,49
1773092397,kamailio,chatafl,1,nodes,12
1773092397,kamailio,chatafl,1,edges,49
1773092402,kamailio,chatafl,1,nodes,12
1773092402,kamailio,chatafl,1,edges,49
1773092407,kamailio,chatafl,1,nodes,12
1773092407,kamailio,chatafl,1,edges,49
1773092418,kamailio,chatafl,1,nodes,12
1773092418,kamailio,chatafl,1,edges,49
1773092423,kamailio,chatafl,1,nodes,12
1773092423,kamailio,chatafl,1,edges,49
1773092428,kamailio,chatafl,1,nodes,12
1773092428,kamailio,chatafl,1,edges,49
1773092433,kamailio,chatafl,1,nodes,12
1773092433,kamailio,chatafl,1,edges,49
1773092438,kamailio,chatafl,1,nodes,12
1773092438,kamailio,chatafl,1,edges,49
1773092443,kamailio,chatafl,1,nodes,12
1773092443,kamailio,chatafl,1,edges,49
1773092448,kamailio,chatafl,1,nodes,12
1773092448,kamailio,chatafl,1,edges,49
1773092453,kamailio,chatafl,1,nodes,12
1773092453,kamailio,chatafl,1,edges,49
1773092458,kamailio,chatafl,1,nodes,12
1773092458,kamailio,chatafl,1,edges,49
1773092464,kamailio,chatafl,1,nodes,12
1773092464,kamailio,chatafl,1,edges,49
1773092469,kamailio,chatafl,1,nodes,12
1773092469,kamailio,chatafl,1,edges,49
1773092474,kamailio,chatafl,1,nodes,12
1773092474,kamailio,chatafl,1,edges,49
1773092479,kamailio,chatafl,1,nodes,12
1773092479,kamailio,chatafl,1,edges,49
1773092485,kamailio,chatafl,1,nodes,12
1773092485,kamailio,chatafl,1,edges,49
1773092490,kamailio,chatafl,1,nodes,12
1773092490,kamailio,chatafl,1,edges,49
1773092495,kamailio,chatafl,1,nodes,12
1773092495,kamailio,chatafl,1,edges,50
1773092500,kamailio,chatafl,1,nodes,12
1773092500,kamailio,chatafl,1,edges,50
1773092510,kamailio,chatafl,1,nodes,12
1773092510,kamailio,chatafl,1,edges,50
1773092515,kamailio,chatafl,1,nodes,12
1773092515,kamailio,chatafl,1,edges,50
1773092520,kamailio,chatafl,1,nodes,12
1773092520,kamailio,chatafl,1,edges,50
1773092525,kamailio,chatafl,1,nodes,12
1773092525,kamailio,chatafl,1,edges,50
1773092530,kamailio,chatafl,1,nodes,12
1773092530,kamailio,chatafl,1,edges,50
1773092535,kamailio,chatafl,1,nodes,12
1773092535,kamailio,chatafl,1,edges,50
1773092540,kamailio,chatafl,1,nodes,12
1773092540,kamailio,chatafl,1,edges,50
1773092545,kamailio,chatafl,1,nodes,12
1773092545,kamailio,chatafl,1,edges,50
1773092551,kamailio,chatafl,1,nodes,12
1773092551,kamailio,chatafl,1,edges,50
1773092556,kamailio,chatafl,1,nodes,12
1773092556,kamailio,chatafl,1,edges,50
1773092561,kamailio,chatafl,1,nodes,12
1773092561,kamailio,chatafl,1,edges,50
1773092566,kamailio,chatafl,1,nodes,12
1773092566,kamailio,chatafl,1,edges,50
1773092571,kamailio,chatafl,1,nodes,12
1773092571,kamailio,chatafl,1,edges,50
1773092576,kamailio,chatafl,1,nodes,12
1773092576,kamailio,chatafl,1,edges,50
1773092586,kamailio,chatafl,1,nodes,12
1773092586,kamailio,chatafl,1,edges,50
1773092591,kamailio,chatafl,1,nodes,12
1773092591,kamailio,chatafl,1,edges,50
1773092602,kamailio,chatafl,1,nodes,12
1773092602,kamailio,chatafl,1,edges,50
1773092612,kamailio,chatafl,1,nodes,12
1773092612,kamailio,chatafl,1,edges,50
1773092617,kamailio,chatafl,1,nodes,12
1773092617,kamailio,chatafl,1,edges,50
1773092622,kamailio,chatafl,1,nodes,12
1773092622,kamailio,chatafl,1,edges,50
1773092632,kamailio,chatafl,1,nodes,12
1773092632,kamailio,chatafl,1,edges,50
1773092642,kamailio,chatafl,1,nodes,12
1773092642,kamailio,chatafl,1,edges,50
1773092647,kamailio,chatafl,1,nodes,12
1773092647,kamailio,chatafl,1,edges,50
1773092663,kamailio,chatafl,1,nodes,12
1773092663,kamailio,chatafl,1,edges,50
1773092668,kamailio,chatafl,1,nodes,12
1773092668,kamailio,chatafl,1,edges,50
1773092693,kamailio,chatafl,1,nodes,12
1773092693,kamailio,chatafl,1,edges,50
1773092703,kamailio,chatafl,1,nodes,12
1773092703,kamailio,chatafl,1,edges,50
1773092714,kamailio,chatafl,1,nodes,12
1773092714,kamailio,chatafl,1,edges,50
1773092719,kamailio,chatafl,1,nodes,12
1773092719,kamailio,chatafl,1,edges,50
1773092734,kamailio,chatafl,1,nodes,12
1773092734,kamailio,chatafl,1,edges,50
1773092739,kamailio,chatafl,1,nodes,12
1773092739,kamailio,chatafl,1,edges,50
1773092744,kamailio,chatafl,1,nodes,12
1773092744,kamailio,chatafl,1,edges,50
1773092749,kamailio,chatafl,1,nodes,12
1773092749,kamailio,chatafl,1,edges,50
1773092755,kamailio,chatafl,1,nodes,12
1773092755,kamailio,chatafl,1,edges,50
1773092760,kamailio,chatafl,1,nodes,12
1773092760,kamailio,chatafl,1,edges,50
1773092775,kamailio,chatafl,1,nodes,12
1773092775,kamailio,chatafl,1,edges,50
1773092780,kamailio,chatafl,1,nodes,12
1773092780,kamailio,chatafl,1,edges,50
1773092785,kamailio,chatafl,1,nodes,12
1773092785,kamailio,chatafl,1,edges,50
1773092790,kamailio,chatafl,1,nodes,12
1773092790,kamailio,chatafl,1,edges,50
1773092795,kamailio,chatafl,1,nodes,12
1773092795,kamailio,chatafl,1,edges,50
1773092800,kamailio,chatafl,1,nodes,12
1773092800,kamailio,chatafl,1,edges,50
1773092810,kamailio,chatafl,1,nodes,12
1773092810,kamailio,chatafl,1,edges,50
1773092821,kamailio,chatafl,1,nodes,12
1773092821,kamailio,chatafl,1,edges,50
1773092846,kamailio,chatafl,1,nodes,12
1773092846,kamailio,chatafl,1,edges,50
1773092856,kamailio,chatafl,1,nodes,12
1773092856,kamailio,chatafl,1,edges,50
1773092861,kamailio,chatafl,1,nodes,12
1773092861,kamailio,chatafl,1,edges,50
1773092866,kamailio,chatafl,1,nodes,12
1773092866,kamailio,chatafl,1,edges,50
1773092876,kamailio,chatafl,1,nodes,12
1773092876,kamailio,chatafl,1,edges,50
1773092886,kamailio,chatafl,1,nodes,12
1773092886,kamailio,chatafl,1,edges,50
1773092897,kamailio,chatafl,1,nodes,12
1773092897,kamailio,chatafl,1,edges,50
1773092902,kamailio,chatafl,1,nodes,12
1773092902,kamailio,chatafl,1,edges,50
1773092912,kamailio,chatafl,1,nodes,12
1773092912,kamailio,chatafl,1,edges,50
1773092917,kamailio,chatafl,1,nodes,12
1773092917,kamailio,chatafl,1,edges,50
1773092922,kamailio,chatafl,1,nodes,12
1773092922,kamailio,chatafl,1,edges,50
1773092933,kamailio,chatafl,1,nodes,12
1773092933,kamailio,chatafl,1,edges,50
1773092943,kamailio,chatafl,1,nodes,12
1773092943,kamailio,chatafl,1,edges,50
1773092953,kamailio,chatafl,1,nodes,12
1773092953,kamailio,chatafl,1,edges,50
1773092958,kamailio,chatafl,1,nodes,12
1773092958,kamailio,chatafl,1,edges,50
1773092963,kamailio,chatafl,1,nodes,12
1773092963,kamailio,chatafl,1,edges,50
1773092978,kamailio,chatafl,1,nodes,12
1773092978,kamailio,chatafl,1,edges,50
1773092984,kamailio,chatafl,1,nodes,12
1773092984,kamailio,chatafl,1,edges,50
1773092989,kamailio,chatafl,1,nodes,12
1773092989,kamailio,chatafl,1,edges,50
1773093004,kamailio,chatafl,1,nodes,12
1773093004,kamailio,chatafl,1,edges,50
1773093014,kamailio,chatafl,1,nodes,12
1773093014,kamailio,chatafl,1,edges,50
1773093019,kamailio,chatafl,1,nodes,12
1773093019,kamailio,chatafl,1,edges,50
1773093024,kamailio,chatafl,1,nodes,12
1773093024,kamailio,chatafl,1,edges,50
1773093029,kamailio,chatafl,1,nodes,12
1773093029,kamailio,chatafl,1,edges,50
1773093045,kamailio,chatafl,1,nodes,12
1773093045,kamailio,chatafl,1,edges,50
1773093055,kamailio,chatafl,1,nodes,12
1773093055,kamailio,chatafl,1,edges,50
1773093075,kamailio,chatafl,1,nodes,12
1773093075,kamailio,chatafl,1,edges,50
1773093080,kamailio,chatafl,1,nodes,12
1773093080,kamailio,chatafl,1,edges,50
1773093085,kamailio,chatafl,1,nodes,12
1773093085,kamailio,chatafl,1,edges,50
1773093100,kamailio,chatafl,1,nodes,12
1773093100,kamailio,chatafl,1,edges,50
1773093121,kamailio,chatafl,1,nodes,12
1773093121,kamailio,chatafl,1,edges,50
1773093131,kamailio,chatafl,1,nodes,12
1773093131,kamailio,chatafl,1,edges,50
1773093136,kamailio,chatafl,1,nodes,12
1773093136,kamailio,chatafl,1,edges,50
1773093142,kamailio,chatafl,1,nodes,12
1773093142,kamailio,chatafl,1,edges,50
1773093147,kamailio,chatafl,1,nodes,12
1773093147,kamailio,chatafl,1,edges,50
1773093152,kamailio,chatafl,1,nodes,12
1773093152,kamailio,chatafl,1,edges,51
1773093162,kamailio,chatafl,1,nodes,12
1773093162,kamailio,chatafl,1,edges,51
1773093167,kamailio,chatafl,1,nodes,12
1773093167,kamailio,chatafl,1,edges,51
1773093172,kamailio,chatafl,1,nodes,12
1773093172,kamailio,chatafl,1,edges,51
1773093177,kamailio,chatafl,1,nodes,12
1773093177,kamailio,chatafl,1,edges,51
1773093182,kamailio,chatafl,1,nodes,12
1773093182,kamailio,chatafl,1,edges,51
1773093187,kamailio,chatafl,1,nodes,12
1773093187,kamailio,chatafl,1,edges,51
1773093192,kamailio,chatafl,1,nodes,12
1773093192,kamailio,chatafl,1,edges,51
1773093198,kamailio,chatafl,1,nodes,12
1773093198,kamailio,chatafl,1,edges,51
1773093203,kamailio,chatafl,1,nodes,12
1773093203,kamailio,chatafl,1,edges,51
1773093208,kamailio,chatafl,1,nodes,12
1773093208,kamailio,chatafl,1,edges,51
1773093213,kamailio,chatafl,1,nodes,12
1773093213,kamailio,chatafl,1,edges,51
1773093218,kamailio,chatafl,1,nodes,12
1773093218,kamailio,chatafl,1,edges,51
1773093223,kamailio,chatafl,1,nodes,12
1773093223,kamailio,chatafl,1,edges,51
1773093228,kamailio,chatafl,1,nodes,12
1773093228,kamailio,chatafl,1,edges,51
1773093234,kamailio,chatafl,1,nodes,12
1773093234,kamailio,chatafl,1,edges,51
1773093239,kamailio,chatafl,1,nodes,12
1773093239,kamailio,chatafl,1,edges,51
1773093249,kamailio,chatafl,1,nodes,12
1773093249,kamailio,chatafl,1,edges,51
1773093254,kamailio,chatafl,1,nodes,12
1773093254,kamailio,chatafl,1,edges,51
1773093259,kamailio,chatafl,1,nodes,12
1773093259,kamailio,chatafl,1,edges,52
1773093264,kamailio,chatafl,1,nodes,12
1773093264,kamailio,chatafl,1,edges,52
1773093269,kamailio,chatafl,1,nodes,12
1773093269,kamailio,chatafl,1,edges,52
1773093285,kamailio,chatafl,1,nodes,12
1773093285,kamailio,chatafl,1,edges,52
1773093290,kamailio,chatafl,1,nodes,12
1773093290,kamailio,chatafl,1,edges,52
1773093300,kamailio,chatafl,1,nodes,12
1773093300,kamailio,chatafl,1,edges,52
1773093305,kamailio,chatafl,1,nodes,12
1773093305,kamailio,chatafl,1,edges,52
1773093310,kamailio,chatafl,1,nodes,12
1773093310,kamailio,chatafl,1,edges,52
1773093316,kamailio,chatafl,1,nodes,12
1773093316,kamailio,chatafl,1,edges,53
1773093326,kamailio,chatafl,1,nodes,12
1773093326,kamailio,chatafl,1,edges,53
1773093331,kamailio,chatafl,1,nodes,12
1773093331,kamailio,chatafl,1,edges,53
1773093336,kamailio,chatafl,1,nodes,12
1773093336,kamailio,chatafl,1,edges,53
1773093341,kamailio,chatafl,1,nodes,12
1773093341,kamailio,chatafl,1,edges,53
1773093347,kamailio,chatafl,1,nodes,12
1773093347,kamailio,chatafl,1,edges,53
1773093352,kamailio,chatafl,1,nodes,12
1773093352,kamailio,chatafl,1,edges,53
1773093357,kamailio,chatafl,1,nodes,12
1773093357,kamailio,chatafl,1,edges,53
1773093362,kamailio,chatafl,1,nodes,12
1773093362,kamailio,chatafl,1,edges,53
1773093367,kamailio,chatafl,1,nodes,12
1773093367,kamailio,chatafl,1,edges,53
1773093372,kamailio,chatafl,1,nodes,12
1773093372,kamailio,chatafl,1,edges,53
1773093377,kamailio,chatafl,1,nodes,12
1773093377,kamailio,chatafl,1,edges,53
1773093382,kamailio,chatafl,1,nodes,12
1773093382,kamailio,chatafl,1,edges,54
1773093388,kamailio,chatafl,1,nodes,12
1773093388,kamailio,chatafl,1,edges,54
1773093403,kamailio,chatafl,1,nodes,12
1773093403,kamailio,chatafl,1,edges,54
1773093408,kamailio,chatafl,1,nodes,12
1773093408,kamailio,chatafl,1,edges,55
1773093413,kamailio,chatafl,1,nodes,12
1773093413,kamailio,chatafl,1,edges,55
1773093423,kamailio,chatafl,1,nodes,12
1773093423,kamailio,chatafl,1,edges,55
1773093434,kamailio,chatafl,1,nodes,12
1773093434,kamailio,chatafl,1,edges,55
1773093439,kamailio,chatafl,1,nodes,12
1773093439,kamailio,chatafl,1,edges,55
1773093444,kamailio,chatafl,1,nodes,12
1773093444,kamailio,chatafl,1,edges,55
1773093449,kamailio,chatafl,1,nodes,12
1773093449,kamailio,chatafl,1,edges,55
1773093454,kamailio,chatafl,1,nodes,12
1773093454,kamailio,chatafl,1,edges,55
1773093460,kamailio,chatafl,1,nodes,12
1773093460,kamailio,chatafl,1,edges,55
1773093465,kamailio,chatafl,1,nodes,12
1773093465,kamailio,chatafl,1,edges,55
1773093470,kamailio,chatafl,1,nodes,12
1773093470,kamailio,chatafl,1,edges,55
1773093475,kamailio,chatafl,1,nodes,12
1773093475,kamailio,chatafl,1,edges,55
1773093480,kamailio,chatafl,1,nodes,12
1773093480,kamailio,chatafl,1,edges,55
1773093485,kamailio,chatafl,1,nodes,12
1773093485,kamailio,chatafl,1,edges,55
1773093500,kamailio,chatafl,1,nodes,12
1773093500,kamailio,chatafl,1,edges,55
1773093511,kamailio,chatafl,1,nodes,12
1773093511,kamailio,chatafl,1,edges,55
1773093516,kamailio,chatafl,1,nodes,12
1773093516,kamailio,chatafl,1,edges,55
1773093526,kamailio,chatafl,1,nodes,12
1773093526,kamailio,chatafl,1,edges,55
1773093546,kamailio,chatafl,1,nodes,12
1773093546,kamailio,chatafl,1,edges,55
1773093551,kamailio,chatafl,1,nodes,12
1773093551,kamailio,chatafl,1,edges,55
1773093556,kamailio,chatafl,1,nodes,12
1773093556,kamailio,chatafl,1,edges,55
1773093562,kamailio,chatafl,1,nodes,12
1773093562,kamailio,chatafl,1,edges,55
1773093577,kamailio,chatafl,1,nodes,12
1773093577,kamailio,chatafl,1,edges,55
1773093597,kamailio,chatafl,1,nodes,12
1773093597,kamailio,chatafl,1,edges,55
1773093612,kamailio,chatafl,1,nodes,12
1773093612,kamailio,chatafl,1,edges,55
1773093623,kamailio,chatafl,1,nodes,12
1773093623,kamailio,chatafl,1,edges,55
1773093628,kamailio,chatafl,1,nodes,12
1773093628,kamailio,chatafl,1,edges,55
1773093633,kamailio,chatafl,1,nodes,12
1773093633,kamailio,chatafl,1,edges,55
1773093638,kamailio,chatafl,1,nodes,12
1773093638,kamailio,chatafl,1,edges,55
1773093643,kamailio,chatafl,1,nodes,12
1773093643,kamailio,chatafl,1,edges,55
1773093648,kamailio,chatafl,1,nodes,12
1773093648,kamailio,chatafl,1,edges,55
1773093654,kamailio,chatafl,1,nodes,12
1773093654,kamailio,chatafl,1,edges,55
1773093659,kamailio,chatafl,1,nodes,12
1773093659,kamailio,chatafl,1,edges,55
1773093664,kamailio,chatafl,1,nodes,12
1773093664,kamailio,chatafl,1,edges,55
1773093669,kamailio,chatafl,1,nodes,12
1773093669,kamailio,chatafl,1,edges,55
1773093674,kamailio,chatafl,1,nodes,12
1773093674,kamailio,chatafl,1,edges,55
1773093684,kamailio,chatafl,1,nodes,12
1773093684,kamailio,chatafl,1,edges,55
1773093689,kamailio,chatafl,1,nodes,13
1773093689,kamailio,chatafl,1,edges,57
1773093720,kamailio,chatafl,1,nodes,13
1773093720,kamailio,chatafl,1,edges,57
1773093725,kamailio,chatafl,1,nodes,13
1773093725,kamailio,chatafl,1,edges,57
1773093746,kamailio,chatafl,1,nodes,13
1773093746,kamailio,chatafl,1,edges,57
1773093751,kamailio,chatafl,1,nodes,13
1773093751,kamailio,chatafl,1,edges,57
1773093756,kamailio,chatafl,1,nodes,13
1773093756,kamailio,chatafl,1,edges,57
1773093761,kamailio,chatafl,1,nodes,13
1773093761,kamailio,chatafl,1,edges,57
1773093771,kamailio,chatafl,1,nodes,13
1773093771,kamailio,chatafl,1,edges,57
1773093776,kamailio,chatafl,1,nodes,13
1773093776,kamailio,chatafl,1,edges,57
1773093787,kamailio,chatafl,1,nodes,13
1773093787,kamailio,chatafl,1,edges,57
1773093797,kamailio,chatafl,1,nodes,13
1773093797,kamailio,chatafl,1,edges,57
1773093807,kamailio,chatafl,1,nodes,13
1773093807,kamailio,chatafl,1,edges,57
1773093817,kamailio,chatafl,1,nodes,13
1773093817,kamailio,chatafl,1,edges,57
1773093822,kamailio,chatafl,1,nodes,13
1773093822,kamailio,chatafl,1,edges,57
1773093833,kamailio,chatafl,1,nodes,13
1773093833,kamailio,chatafl,1,edges,57
1773093843,kamailio,chatafl,1,nodes,13
1773093843,kamailio,chatafl,1,edges,57
1773093853,kamailio,chatafl,1,nodes,13
1773093853,kamailio,chatafl,1,edges,57
1773093858,kamailio,chatafl,1,nodes,13
1773093858,kamailio,chatafl,1,edges,57
1773093868,kamailio,chatafl,1,nodes,13
1773093868,kamailio,chatafl,1,edges,57
1773093873,kamailio,chatafl,1,nodes,13
1773093873,kamailio,chatafl,1,edges,57
1773093879,kamailio,chatafl,1,nodes,13
1773093879,kamailio,chatafl,1,edges,57
1773093884,kamailio,chatafl,1,nodes,13
1773093884,kamailio,chatafl,1,edges,57
1773093894,kamailio,chatafl,1,nodes,13
1773093894,kamailio,chatafl,1,edges,57
1773093899,kamailio,chatafl,1,nodes,13
1773093899,kamailio,chatafl,1,edges,57
1773093904,kamailio,chatafl,1,nodes,13
1773093904,kamailio,chatafl,1,edges,57
1773093914,kamailio,chatafl,1,nodes,13
1773093914,kamailio,chatafl,1,edges,57
1773093930,kamailio,chatafl,1,nodes,13
1773093930,kamailio,chatafl,1,edges,57
1773093940,kamailio,chatafl,1,nodes,13
1773093940,kamailio,chatafl,1,edges,57
1773093955,kamailio,chatafl,1,nodes,13
1773093955,kamailio,chatafl,1,edges,57
1773093960,kamailio,chatafl,1,nodes,13
1773093960,kamailio,chatafl,1,edges,57
1773093971,kamailio,chatafl,1,nodes,13
1773093971,kamailio,chatafl,1,edges,57
1773093986,kamailio,chatafl,1,nodes,13
1773093986,kamailio,chatafl,1,edges,57
1773094006,kamailio,chatafl,1,nodes,13
1773094006,kamailio,chatafl,1,edges,57
1773094037,kamailio,chatafl,1,nodes,13
1773094037,kamailio,chatafl,1,edges,57
1773094052,kamailio,chatafl,1,nodes,13
1773094052,kamailio,chatafl,1,edges,57
1773094067,kamailio,chatafl,1,nodes,13
1773094067,kamailio,chatafl,1,edges,57
1773094073,kamailio,chatafl,1,nodes,13
1773094073,kamailio,chatafl,1,edges,57
1773094078,kamailio,chatafl,1,nodes,13
1773094078,kamailio,chatafl,1,edges,57
1773094093,kamailio,chatafl,1,nodes,13
1773094093,kamailio,chatafl,1,edges,57
1773094098,kamailio,chatafl,1,nodes,13
1773094098,kamailio,chatafl,1,edges,57
1773088984,kamailio,chatafl,2,nodes,5
1773088984,kamailio,chatafl,2,edges,12
1773088989,kamailio,chatafl,2,nodes,5
1773088989,kamailio,chatafl,2,edges,12
1773088994,kamailio,chatafl,2,nodes,5
1773088994,kamailio,chatafl,2,edges,12
1773089000,kamailio,chatafl,2,nodes,5
1773089000,kamailio,chatafl,2,edges,12
1773089005,kamailio,chatafl,2,nodes,5
1773089005,kamailio,chatafl,2,edges,12
1773089010,kamailio,chatafl,2,nodes,5
1773089010,kamailio,chatafl,2,edges,12
1773089016,kamailio,chatafl,2,nodes,5
1773089016,kamailio,chatafl,2,edges,12
1773089021,kamailio,chatafl,2,nodes,5
1773089021,kamailio,chatafl,2,edges,12
1773089026,kamailio,chatafl,2,nodes,5
1773089026,kamailio,chatafl,2,edges,12
1773089031,kamailio,chatafl,2,nodes,5
1773089031,kamailio,chatafl,2,edges,12
1773089036,kamailio,chatafl,2,nodes,5
1773089036,kamailio,chatafl,2,edges,12
1773089041,kamailio,chatafl,2,nodes,5
1773089041,kamailio,chatafl,2,edges,12
1773089052,kamailio,chatafl,2,nodes,5
1773089052,kamailio,chatafl,2,edges,12
1773089057,kamailio,chatafl,2,nodes,5
1773089057,kamailio,chatafl,2,edges,12
1773089062,kamailio,chatafl,2,nodes,5
1773089062,kamailio,chatafl,2,edges,12
1773089068,kamailio,chatafl,2,nodes,5
1773089068,kamailio,chatafl,2,edges,12
1773089073,kamailio,chatafl,2,nodes,5
1773089073,kamailio,chatafl,2,edges,12
1773089083,kamailio,chatafl,2,nodes,5
1773089083,kamailio,chatafl,2,edges,12
1773089088,kamailio,chatafl,2,nodes,5
1773089088,kamailio,chatafl,2,edges,12
1773089093,kamailio,chatafl,2,nodes,5
1773089093,kamailio,chatafl,2,edges,12
1773089099,kamailio,chatafl,2,nodes,5
1773089099,kamailio,chatafl,2,edges,12
1773089104,kamailio,chatafl,2,nodes,5
1773089104,kamailio,chatafl,2,edges,12
1773089109,kamailio,chatafl,2,nodes,5
1773089109,kamailio,chatafl,2,edges,12
1773089120,kamailio,chatafl,2,nodes,5
1773089120,kamailio,chatafl,2,edges,12
1773089125,kamailio,chatafl,2,nodes,5
1773089125,kamailio,chatafl,2,edges,12
1773089141,kamailio,chatafl,2,nodes,5
1773089141,kamailio,chatafl,2,edges,12
1773089146,kamailio,chatafl,2,nodes,5
1773089146,kamailio,chatafl,2,edges,12
1773089151,kamailio,chatafl,2,nodes,5
1773089151,kamailio,chatafl,2,edges,12
1773089166,kamailio,chatafl,2,nodes,5
1773089166,kamailio,chatafl,2,edges,12
1773089182,kamailio,chatafl,2,nodes,5
1773089182,kamailio,chatafl,2,edges,12
1773089187,kamailio,chatafl,2,nodes,6
1773089187,kamailio,chatafl,2,edges,13
1773089208,kamailio,chatafl,2,nodes,6
1773089208,kamailio,chatafl,2,edges,13
1773089214,kamailio,chatafl,2,nodes,6
1773089214,kamailio,chatafl,2,edges,13
1773089219,kamailio,chatafl,2,nodes,6
1773089219,kamailio,chatafl,2,edges,14
1773089224,kamailio,chatafl,2,nodes,6
1773089224,kamailio,chatafl,2,edges,15
1773089229,kamailio,chatafl,2,nodes,6
1773089229,kamailio,chatafl,2,edges,15
1773089234,kamailio,chatafl,2,nodes,6
1773089234,kamailio,chatafl,2,edges,15
1773089239,kamailio,chatafl,2,nodes,6
1773089239,kamailio,chatafl,2,edges,15
1773089245,kamailio,chatafl,2,nodes,6
1773089245,kamailio,chatafl,2,edges,15
1773089250,kamailio,chatafl,2,nodes,7
1773089250,kamailio,chatafl,2,edges,17
1773089255,kamailio,chatafl,2,nodes,7
1773089255,kamailio,chatafl,2,edges,19
1773089260,kamailio,chatafl,2,nodes,7
1773089260,kamailio,chatafl,2,edges,20
1773089265,kamailio,chatafl,2,nodes,7
1773089265,kamailio,chatafl,2,edges,20
1773089270,kamailio,chatafl,2,nodes,7
1773089270,kamailio,chatafl,2,edges,20
1773089276,kamailio,chatafl,2,nodes,7
1773089276,kamailio,chatafl,2,edges,20
1773089281,kamailio,chatafl,2,nodes,7
1773089281,kamailio,chatafl,2,edges,20
1773089286,kamailio,chatafl,2,nodes,7
1773089286,kamailio,chatafl,2,edges,20
1773089291,kamailio,chatafl,2,nodes,7
1773089291,kamailio,chatafl,2,edges,20
1773089297,kamailio,chatafl,2,nodes,7
1773089297,kamailio,chatafl,2,edges,20
1773089302,kamailio,chatafl,2,nodes,7
1773089302,kamailio,chatafl,2,edges,20
1773089307,kamailio,chatafl,2,nodes,7
1773089307,kamailio,chatafl,2,edges,20
1773089312,kamailio,chatafl,2,nodes,7
1773089312,kamailio,chatafl,2,edges,20
1773089317,kamailio,chatafl,2,nodes,7
1773089317,kamailio,chatafl,2,edges,20
1773089322,kamailio,chatafl,2,nodes,7
1773089322,kamailio,chatafl,2,edges,20
1773089328,kamailio,chatafl,2,nodes,7
1773089328,kamailio,chatafl,2,edges,20
1773089333,kamailio,chatafl,2,nodes,7
1773089333,kamailio,chatafl,2,edges,20
1773089338,kamailio,chatafl,2,nodes,7
1773089338,kamailio,chatafl,2,edges,20
1773089343,kamailio,chatafl,2,nodes,7
1773089343,kamailio,chatafl,2,edges,20
1773089348,kamailio,chatafl,2,nodes,7
1773089348,kamailio,chatafl,2,edges,20
1773089353,kamailio,chatafl,2,nodes,7
1773089353,kamailio,chatafl,2,edges,20
1773089358,kamailio,chatafl,2,nodes,7
1773089358,kamailio,chatafl,2,edges,20
1773089364,kamailio,chatafl,2,nodes,7
1773089364,kamailio,chatafl,2,edges,20
1773089369,kamailio,chatafl,2,nodes,7
1773089369,kamailio,chatafl,2,edges,20
1773089374,kamailio,chatafl,2,nodes,7
1773089374,kamailio,chatafl,2,edges,20
1773089379,kamailio,chatafl,2,nodes,7
1773089379,kamailio,chatafl,2,edges,20
1773089384,kamailio,chatafl,2,nodes,7
1773089384,kamailio,chatafl,2,edges,20
1773089389,kamailio,chatafl,2,nodes,7
1773089389,kamailio,chatafl,2,edges,20
1773089395,kamailio,chatafl,2,nodes,7
1773089395,kamailio,chatafl,2,edges,20
1773089400,kamailio,chatafl,2,nodes,7
1773089400,kamailio,chatafl,2,edges,20
1773089405,kamailio,chatafl,2,nodes,7
1773089405,kamailio,chatafl,2,edges,20
1773089410,kamailio,chatafl,2,nodes,7
1773089410,kamailio,chatafl,2,edges,20
1773089415,kamailio,chatafl,2,nodes,7
1773089415,kamailio,chatafl,2,edges,20
1773089420,kamailio,chatafl,2,nodes,8
1773089420,kamailio,chatafl,2,edges,24
1773089426,kamailio,chatafl,2,nodes,8
1773089426,kamailio,chatafl,2,edges,24
1773089431,kamailio,chatafl,2,nodes,8
1773089431,kamailio,chatafl,2,edges,24
1773089436,kamailio,chatafl,2,nodes,8
1773089436,kamailio,chatafl,2,edges,24
1773089441,kamailio,chatafl,2,nodes,8
1773089441,kamailio,chatafl,2,edges,24
1773089446,kamailio,chatafl,2,nodes,8
1773089446,kamailio,chatafl,2,edges,24
1773089452,kamailio,chatafl,2,nodes,8
1773089452,kamailio,chatafl,2,edges,24
1773089457,kamailio,chatafl,2,nodes,8
1773089457,kamailio,chatafl,2,edges,25
1773089462,kamailio,chatafl,2,nodes,8
1773089462,kamailio,chatafl,2,edges,25
1773089467,kamailio,chatafl,2,nodes,8
1773089467,kamailio,chatafl,2,edges,25
1773089472,kamailio,chatafl,2,nodes,8
1773089472,kamailio,chatafl,2,edges,25
1773089478,kamailio,chatafl,2,nodes,8
1773089478,kamailio,chatafl,2,edges,25
1773089488,kamailio,chatafl,2,nodes,8
1773089488,kamailio,chatafl,2,edges,25
1773089493,kamailio,chatafl,2,nodes,8
1773089493,kamailio,chatafl,2,edges,25
1773089499,kamailio,chatafl,2,nodes,8
1773089499,kamailio,chatafl,2,edges,25
1773089504,kamailio,chatafl,2,nodes,8
1773089504,kamailio,chatafl,2,edges,25
1773089509,kamailio,chatafl,2,nodes,9
1773089509,kamailio,chatafl,2,edges,28
1773089514,kamailio,chatafl,2,nodes,9
1773089514,kamailio,chatafl,2,edges,28
1773089519,kamailio,chatafl,2,nodes,9
1773089519,kamailio,chatafl,2,edges,28
1773089524,kamailio,chatafl,2,nodes,9
1773089524,kamailio,chatafl,2,edges,28
1773089529,kamailio,chatafl,2,nodes,9
1773089529,kamailio,chatafl,2,edges,28
1773089535,kamailio,chatafl,2,nodes,9
1773089535,kamailio,chatafl,2,edges,28
1773089545,kamailio,chatafl,2,nodes,9
1773089545,kamailio,chatafl,2,edges,30
1773089550,kamailio,chatafl,2,nodes,9
1773089550,kamailio,chatafl,2,edges,30
1773089555,kamailio,chatafl,2,nodes,9
1773089555,kamailio,chatafl,2,edges,30
1773089561,kamailio,chatafl,2,nodes,9
1773089561,kamailio,chatafl,2,edges,30
1773089566,kamailio,chatafl,2,nodes,9
1773089566,kamailio,chatafl,2,edges,30
1773089571,kamailio,chatafl,2,nodes,9
1773089571,kamailio,chatafl,2,edges,30
1773089576,kamailio,chatafl,2,nodes,9
1773089576,kamailio,chatafl,2,edges,30
1773089581,kamailio,chatafl,2,nodes,9
1773089581,kamailio,chatafl,2,edges,30
1773089587,kamailio,chatafl,2,nodes,9
1773089587,kamailio,chatafl,2,edges,30
1773089592,kamailio,chatafl,2,nodes,9
1773089592,kamailio,chatafl,2,edges,31
1773089597,kamailio,chatafl,2,nodes,9
1773089597,kamailio,chatafl,2,edges,31
1773089602,kamailio,chatafl,2,nodes,9
1773089602,kamailio,chatafl,2,edges,31
1773089607,kamailio,chatafl,2,nodes,9
1773089607,kamailio,chatafl,2,edges,31
1773089612,kamailio,chatafl,2,nodes,9
1773089612,kamailio,chatafl,2,edges,31
1773089618,kamailio,chatafl,2,nodes,9
1773089618,kamailio,chatafl,2,edges,31
1773089623,kamailio,chatafl,2,nodes,9
1773089623,kamailio,chatafl,2,edges,31
1773089628,kamailio,chatafl,2,nodes,9
1773089628,kamailio,chatafl,2,edges,31
1773089633,kamailio,chatafl,2,nodes,9
1773089633,kamailio,chatafl,2,edges,31
1773089638,kamailio,chatafl,2,nodes,9
1773089638,kamailio,chatafl,2,edges,31
1773089643,kamailio,chatafl,2,nodes,9
1773089643,kamailio,chatafl,2,edges,31
1773089648,kamailio,chatafl,2,nodes,9
1773089648,kamailio,chatafl,2,edges,31
1773089653,kamailio,chatafl,2,nodes,9
1773089653,kamailio,chatafl,2,edges,31
1773089658,kamailio,chatafl,2,nodes,9
1773089658,kamailio,chatafl,2,edges,31
1773089663,kamailio,chatafl,2,nodes,9
1773089663,kamailio,chatafl,2,edges,31
1773089669,kamailio,chatafl,2,nodes,9
1773089669,kamailio,chatafl,2,edges,31
1773089674,kamailio,chatafl,2,nodes,9
1773089674,kamailio,chatafl,2,edges,31
1773089679,kamailio,chatafl,2,nodes,9
1773089679,kamailio,chatafl,2,edges,31
1773089684,kamailio,chatafl,2,nodes,9
1773089684,kamailio,chatafl,2,edges,31
1773089690,kamailio,chatafl,2,nodes,9
1773089690,kamailio,chatafl,2,edges,31
1773089695,kamailio,chatafl,2,nodes,9
1773089695,kamailio,chatafl,2,edges,31
1773089700,kamailio,chatafl,2,nodes,9
1773089700,kamailio,chatafl,2,edges,31
1773089705,kamailio,chatafl,2,nodes,9
1773089705,kamailio,chatafl,2,edges,31
1773089710,kamailio,chatafl,2,nodes,9
1773089710,kamailio,chatafl,2,edges,31
1773089715,kamailio,chatafl,2,nodes,10
1773089715,kamailio,chatafl,2,edges,33
1773089726,kamailio,chatafl,2,nodes,10
1773089726,kamailio,chatafl,2,edges,33
1773089731,kamailio,chatafl,2,nodes,10
1773089731,kamailio,chatafl,2,edges,33
1773089736,kamailio,chatafl,2,nodes,10
1773089736,kamailio,chatafl,2,edges,33
1773089741,kamailio,chatafl,2,nodes,10
1773089741,kamailio,chatafl,2,edges,33
1773089746,kamailio,chatafl,2,nodes,10
1773089746,kamailio,chatafl,2,edges,33
1773089751,kamailio,chatafl,2,nodes,10
1773089751,kamailio,chatafl,2,edges,33
1773089756,kamailio,chatafl,2,nodes,10
1773089756,kamailio,chatafl,2,edges,33
1773089761,kamailio,chatafl,2,nodes,10
1773089761,kamailio,chatafl,2,edges,33
1773089766,kamailio,chatafl,2,nodes,10
1773089766,kamailio,chatafl,2,edges,33
1773089771,kamailio,chatafl,2,nodes,10
1773089771,kamailio,chatafl,2,edges,35
1773089777,kamailio,chatafl,2,nodes,10
1773089777,kamailio,chatafl,2,edges,35
1773089787,kamailio,chatafl,2,nodes,10
1773089787,kamailio,chatafl,2,edges,36
1773089792,kamailio,chatafl,2,nodes,10
1773089792,kamailio,chatafl,2,edges,36
1773089802,kamailio,chatafl,2,nodes,10
1773089802,kamailio,chatafl,2,edges,36
1773089807,kamailio,chatafl,2,nodes,10
1773089807,kamailio,chatafl,2,edges,36
1773089812,kamailio,chatafl,2,nodes,10
1773089812,kamailio,chatafl,2,edges,36
1773089817,kamailio,chatafl,2,nodes,10
1773089817,kamailio,chatafl,2,edges,36
1773089822,kamailio,chatafl,2,nodes,10
1773089822,kamailio,chatafl,2,edges,36
1773089827,kamailio,chatafl,2,nodes,11
1773089827,kamailio,chatafl,2,edges,38
1773089833,kamailio,chatafl,2,nodes,11
1773089833,kamailio,chatafl,2,edges,38
1773089838,kamailio,chatafl,2,nodes,11
1773089838,kamailio,chatafl,2,edges,38
1773089843,kamailio,chatafl,2,nodes,11
1773089843,kamailio,chatafl,2,edges,38
1773089848,kamailio,chatafl,2,nodes,11
1773089848,kamailio,chatafl,2,edges,38
1773089853,kamailio,chatafl,2,nodes,11
1773089853,kamailio,chatafl,2,edges,38
1773089858,kamailio,chatafl,2,nodes,11
1773089858,kamailio,chatafl,2,edges,38
1773089863,kamailio,chatafl,2,nodes,11
1773089863,kamailio,chatafl,2,edges,38
1773089868,kamailio,chatafl,2,nodes,11
1773089868,kamailio,chatafl,2,edges,38
1773089873,kamailio,chatafl,2,nodes,11
1773089873,kamailio,chatafl,2,edges,38
1773089879,kamailio,chatafl,2,nodes,11
1773089879,kamailio,chatafl,2,edges,38
1773089884,kamailio,chatafl,2,nodes,11
1773089884,kamailio,chatafl,2,edges,38
1773089889,kamailio,chatafl,2,nodes,11
1773089889,kamailio,chatafl,2,edges,38
1773089894,kamailio,chatafl,2,nodes,11
1773089894,kamailio,chatafl,2,edges,38
1773089899,kamailio,chatafl,2,nodes,11
1773089899,kamailio,chatafl,2,edges,38
1773089904,kamailio,chatafl,2,nodes,11
1773089904,kamailio,chatafl,2,edges,38
1773089909,kamailio,chatafl,2,nodes,11
1773089909,kamailio,chatafl,2,edges,38
1773089914,kamailio,chatafl,2,nodes,11
1773089914,kamailio,chatafl,2,edges,38
1773089919,kamailio,chatafl,2,nodes,11
1773089919,kamailio,chatafl,2,edges,38
1773089925,kamailio,chatafl,2,nodes,11
1773089925,kamailio,chatafl,2,edges,38
1773089930,kamailio,chatafl,2,nodes,11
1773089930,kamailio,chatafl,2,edges,38
1773089935,kamailio,chatafl,2,nodes,11
1773089935,kamailio,chatafl,2,edges,38
1773089940,kamailio,chatafl,2,nodes,11
1773089940,kamailio,chatafl,2,edges,38
1773089945,kamailio,chatafl,2,nodes,11
1773089945,kamailio,chatafl,2,edges,38
1773089950,kamailio,chatafl,2,nodes,11
1773089950,kamailio,chatafl,2,edges,38
1773089956,kamailio,chatafl,2,nodes,11
1773089956,kamailio,chatafl,2,edges,38
1773089961,kamailio,chatafl,2,nodes,11
1773089961,kamailio,chatafl,2,edges,38
1773089966,kamailio,chatafl,2,nodes,11
1773089966,kamailio,chatafl,2,edges,38
1773089971,kamailio,chatafl,2,nodes,11
1773089971,kamailio,chatafl,2,edges,38
1773089976,kamailio,chatafl,2,nodes,12
1773089976,kamailio,chatafl,2,edges,40
1773089981,kamailio,chatafl,2,nodes,12
1773089981,kamailio,chatafl,2,edges,40
1773089992,kamailio,chatafl,2,nodes,12
1773089992,kamailio,chatafl,2,edges,40
1773089997,kamailio,chatafl,2,nodes,12
1773089997,kamailio,chatafl,2,edges,40
1773090002,kamailio,chatafl,2,nodes,12
1773090002,kamailio,chatafl,2,edges,40
1773090007,kamailio,chatafl,2,nodes,12
1773090007,kamailio,chatafl,2,edges,40
1773090012,kamailio,chatafl,2,nodes,12
1773090012,kamailio,chatafl,2,edges,40
1773090017,kamailio,chatafl,2,nodes,12
1773090017,kamailio,chatafl,2,edges,40
1773090023,kamailio,chatafl,2,nodes,12
1773090023,kamailio,chatafl,2,edges,40
1773090028,kamailio,chatafl,2,nodes,12
1773090028,kamailio,chatafl,2,edges,40
1773090033,kamailio,chatafl,2,nodes,12
1773090033,kamailio,chatafl,2,edges,40
1773090038,kamailio,chatafl,2,nodes,12
1773090038,kamailio,chatafl,2,edges,40
1773090043,kamailio,chatafl,2,nodes,12
1773090043,kamailio,chatafl,2,edges,40
1773090048,kamailio,chatafl,2,nodes,12
1773090048,kamailio,chatafl,2,edges,40
1773090053,kamailio,chatafl,2,nodes,12
1773090053,kamailio,chatafl,2,edges,40
1773090058,kamailio,chatafl,2,nodes,12
1773090058,kamailio,chatafl,2,edges,40
1773090063,kamailio,chatafl,2,nodes,12
1773090063,kamailio,chatafl,2,edges,40
1773090068,kamailio,chatafl,2,nodes,12
1773090068,kamailio,chatafl,2,edges,40
1773090073,kamailio,chatafl,2,nodes,12
1773090073,kamailio,chatafl,2,edges,40
1773090079,kamailio,chatafl,2,nodes,12
1773090079,kamailio,chatafl,2,edges,40
1773090084,kamailio,chatafl,2,nodes,12
1773090084,kamailio,chatafl,2,edges,40
1773090089,kamailio,chatafl,2,nodes,12
1773090089,kamailio,chatafl,2,edges,40
1773090099,kamailio,chatafl,2,nodes,12
1773090099,kamailio,chatafl,2,edges,40
1773090104,kamailio,chatafl,2,nodes,12
1773090104,kamailio,chatafl,2,edges,40
1773090115,kamailio,chatafl,2,nodes,12
1773090115,kamailio,chatafl,2,edges,40
1773090120,kamailio,chatafl,2,nodes,12
1773090120,kamailio,chatafl,2,edges,40
1773090125,kamailio,chatafl,2,nodes,12
1773090125,kamailio,chatafl,2,edges,40
1773090131,kamailio,chatafl,2,nodes,12
1773090131,kamailio,chatafl,2,edges,40
1773090136,kamailio,chatafl,2,nodes,12
1773090136,kamailio,chatafl,2,edges,40
1773090141,kamailio,chatafl,2,nodes,12
1773090141,kamailio,chatafl,2,edges,40
1773090146,kamailio,chatafl,2,nodes,12
1773090146,kamailio,chatafl,2,edges,40
1773090151,kamailio,chatafl,2,nodes,12
1773090151,kamailio,chatafl,2,edges,40
1773090156,kamailio,chatafl,2,nodes,12
1773090156,kamailio,chatafl,2,edges,40
1773090162,kamailio,chatafl,2,nodes,12
1773090162,kamailio,chatafl,2,edges,40
1773090167,kamailio,chatafl,2,nodes,12
1773090167,kamailio,chatafl,2,edges,40
1773090172,kamailio,chatafl,2,nodes,12
1773090172,kamailio,chatafl,2,edges,40
1773090177,kamailio,chatafl,2,nodes,12
1773090177,kamailio,chatafl,2,edges,40
1773090182,kamailio,chatafl,2,nodes,12
1773090182,kamailio,chatafl,2,edges,40
1773090187,kamailio,chatafl,2,nodes,12
1773090187,kamailio,chatafl,2,edges,40
1773090192,kamailio,chatafl,2,nodes,12
1773090192,kamailio,chatafl,2,edges,40
1773090198,kamailio,chatafl,2,nodes,12
1773090198,kamailio,chatafl,2,edges,40
1773090203,kamailio,chatafl,2,nodes,12
1773090203,kamailio,chatafl,2,edges,40
1773090213,kamailio,chatafl,2,nodes,12
1773090213,kamailio,chatafl,2,edges,40
1773090218,kamailio,chatafl,2,nodes,12
1773090218,kamailio,chatafl,2,edges,40
1773090223,kamailio,chatafl,2,nodes,12
1773090223,kamailio,chatafl,2,edges,40
1773090228,kamailio,chatafl,2,nodes,12
1773090228,kamailio,chatafl,2,edges,40
1773090233,kamailio,chatafl,2,nodes,12
1773090233,kamailio,chatafl,2,edges,40
1773090238,kamailio,chatafl,2,nodes,12
1773090238,kamailio,chatafl,2,edges,40
1773090244,kamailio,chatafl,2,nodes,12
1773090244,kamailio,chatafl,2,edges,40
1773090249,kamailio,chatafl,2,nodes,12
1773090249,kamailio,chatafl,2,edges,40
1773090254,kamailio,chatafl,2,nodes,12
1773090254,kamailio,chatafl,2,edges,40
1773090259,kamailio,chatafl,2,nodes,12
1773090259,kamailio,chatafl,2,edges,40
1773090269,kamailio,chatafl,2,nodes,12
1773090269,kamailio,chatafl,2,edges,40
1773090274,kamailio,chatafl,2,nodes,12
1773090274,kamailio,chatafl,2,edges,40
1773090279,kamailio,chatafl,2,nodes,12
1773090279,kamailio,chatafl,2,edges,40
1773090285,kamailio,chatafl,2,nodes,12
1773090285,kamailio,chatafl,2,edges,40
1773090290,kamailio,chatafl,2,nodes,12
1773090290,kamailio,chatafl,2,edges,40
1773090295,kamailio,chatafl,2,nodes,12
1773090295,kamailio,chatafl,2,edges,40
1773090300,kamailio,chatafl,2,nodes,12
1773090300,kamailio,chatafl,2,edges,40
1773090305,kamailio,chatafl,2,nodes,12
1773090305,kamailio,chatafl,2,edges,40
1773090310,kamailio,chatafl,2,nodes,12
1773090310,kamailio,chatafl,2,edges,40
1773090315,kamailio,chatafl,2,nodes,12
1773090315,kamailio,chatafl,2,edges,40
1773090320,kamailio,chatafl,2,nodes,12
1773090320,kamailio,chatafl,2,edges,40
1773090325,kamailio,chatafl,2,nodes,12
1773090325,kamailio,chatafl,2,edges,40
1773090331,kamailio,chatafl,2,nodes,12
1773090331,kamailio,chatafl,2,edges,40
1773090336,kamailio,chatafl,2,nodes,12
1773090336,kamailio,chatafl,2,edges,40
1773090341,kamailio,chatafl,2,nodes,12
1773090341,kamailio,chatafl,2,edges,40
1773090351,kamailio,chatafl,2,nodes,12
1773090351,kamailio,chatafl,2,edges,40
1773090356,kamailio,chatafl,2,nodes,12
1773090356,kamailio,chatafl,2,edges,40
1773090361,kamailio,chatafl,2,nodes,12
1773090361,kamailio,chatafl,2,edges,40
1773090367,kamailio,chatafl,2,nodes,12
1773090367,kamailio,chatafl,2,edges,40
1773090372,kamailio,chatafl,2,nodes,12
1773090372,kamailio,chatafl,2,edges,40
1773090377,kamailio,chatafl,2,nodes,12
1773090377,kamailio,chatafl,2,edges,40
1773090382,kamailio,chatafl,2,nodes,12
1773090382,kamailio,chatafl,2,edges,40
1773090392,kamailio,chatafl,2,nodes,12
1773090392,kamailio,chatafl,2,edges,40
1773090397,kamailio,chatafl,2,nodes,12
1773090397,kamailio,chatafl,2,edges,40
1773090402,kamailio,chatafl,2,nodes,12
1773090402,kamailio,chatafl,2,edges,42
1773090407,kamailio,chatafl,2,nodes,12
1773090407,kamailio,chatafl,2,edges,42
1773090413,kamailio,chatafl,2,nodes,12
1773090413,kamailio,chatafl,2,edges,42
1773090418,kamailio,chatafl,2,nodes,12
1773090418,kamailio,chatafl,2,edges,42
1773090423,kamailio,chatafl,2,nodes,12
1773090423,kamailio,chatafl,2,edges,42
1773090428,kamailio,chatafl,2,nodes,12
1773090428,kamailio,chatafl,2,edges,42
1773090433,kamailio,chatafl,2,nodes,12
1773090433,kamailio,chatafl,2,edges,42
1773090438,kamailio,chatafl,2,nodes,12
1773090438,kamailio,chatafl,2,edges,43
1773090444,kamailio,chatafl,2,nodes,12
1773090444,kamailio,chatafl,2,edges,43
1773090449,kamailio,chatafl,2,nodes,12
1773090449,kamailio,chatafl,2,edges,43
1773090459,kamailio,chatafl,2,nodes,12
1773090459,kamailio,chatafl,2,edges,43
1773090464,kamailio,chatafl,2,nodes,12
1773090464,kamailio,chatafl,2,edges,43
1773090469,kamailio,chatafl,2,nodes,12
1773090469,kamailio,chatafl,2,edges,43
1773090474,kamailio,chatafl,2,nodes,12
1773090474,kamailio,chatafl,2,edges,44
1773090480,kamailio,chatafl,2,nodes,12
1773090480,kamailio,chatafl,2,edges,44
1773090485,kamailio,chatafl,2,nodes,12
1773090485,kamailio,chatafl,2,edges,44
1773090495,kamailio,chatafl,2,nodes,12
1773090495,kamailio,chatafl,2,edges,44
1773090500,kamailio,chatafl,2,nodes,12
1773090500,kamailio,chatafl,2,edges,44
1773090505,kamailio,chatafl,2,nodes,12
1773090505,kamailio,chatafl,2,edges,44
1773090510,kamailio,chatafl,2,nodes,12
1773090510,kamailio,chatafl,2,edges,44
1773090515,kamailio,chatafl,2,nodes,12
1773090515,kamailio,chatafl,2,edges,44
1773090520,kamailio,chatafl,2,nodes,12
1773090520,kamailio,chatafl,2,edges,44
1773090525,kamailio,chatafl,2,nodes,12
1773090525,kamailio,chatafl,2,edges,44
1773090530,kamailio,chatafl,2,nodes,12
1773090530,kamailio,chatafl,2,edges,44
1773090536,kamailio,chatafl,2,nodes,12
1773090536,kamailio,chatafl,2,edges,44
1773090546,kamailio,chatafl,2,nodes,12
1773090546,kamailio,chatafl,2,edges,44
1773090551,kamailio,chatafl,2,nodes,12
1773090551,kamailio,chatafl,2,edges,44
1773090556,kamailio,chatafl,2,nodes,12
1773090556,kamailio,chatafl,2,edges,44
1773090561,kamailio,chatafl,2,nodes,12
1773090561,kamailio,chatafl,2,edges,44
1773090566,kamailio,chatafl,2,nodes,12
1773090566,kamailio,chatafl,2,edges,44
1773090571,kamailio,chatafl,2,nodes,12
1773090571,kamailio,chatafl,2,edges,44
1773090576,kamailio,chatafl,2,nodes,12
1773090576,kamailio,chatafl,2,edges,44
1773090581,kamailio,chatafl,2,nodes,12
1773090581,kamailio,chatafl,2,edges,44
1773090586,kamailio,chatafl,2,nodes,12
1773090586,kamailio,chatafl,2,edges,44
1773090591,kamailio,chatafl,2,nodes,13
1773090591,kamailio,chatafl,2,edges,46
1773090607,kamailio,chatafl,2,nodes,13
1773090607,kamailio,chatafl,2,edges,46
1773090612,kamailio,chatafl,2,nodes,13
1773090612,kamailio,chatafl,2,edges,46
1773090617,kamailio,chatafl,2,nodes,13
1773090617,kamailio,chatafl,2,edges,46
1773090622,kamailio,chatafl,2,nodes,13
1773090622,kamailio,chatafl,2,edges,46
1773090627,kamailio,chatafl,2,nodes,13
1773090627,kamailio,chatafl,2,edges,46
1773090632,kamailio,chatafl,2,nodes,13
1773090632,kamailio,chatafl,2,edges,46
1773090637,kamailio,chatafl,2,nodes,13
1773090637,kamailio,chatafl,2,edges,46
1773090643,kamailio,chatafl,2,nodes,13
1773090643,kamailio,chatafl,2,edges,46
1773090648,kamailio,chatafl,2,nodes,13
1773090648,kamailio,chatafl,2,edges,46
1773090653,kamailio,chatafl,2,nodes,13
1773090653,kamailio,chatafl,2,edges,46
1773090658,kamailio,chatafl,2,nodes,13
1773090658,kamailio,chatafl,2,edges,46
1773090663,kamailio,chatafl,2,nodes,13
1773090663,kamailio,chatafl,2,edges,46
1773090668,kamailio,chatafl,2,nodes,13
1773090668,kamailio,chatafl,2,edges,46
1773090673,kamailio,chatafl,2,nodes,13
1773090673,kamailio,chatafl,2,edges,46
1773090678,kamailio,chatafl,2,nodes,13
1773090678,kamailio,chatafl,2,edges,46
1773090683,kamailio,chatafl,2,nodes,13
1773090683,kamailio,chatafl,2,edges,46
1773090689,kamailio,chatafl,2,nodes,13
1773090689,kamailio,chatafl,2,edges,46
1773090694,kamailio,chatafl,2,nodes,13
1773090694,kamailio,chatafl,2,edges,46
1773090704,kamailio,chatafl,2,nodes,13
1773090704,kamailio,chatafl,2,edges,46
1773090709,kamailio,chatafl,2,nodes,13
1773090709,kamailio,chatafl,2,edges,46
1773090714,kamailio,chatafl,2,nodes,13
1773090714,kamailio,chatafl,2,edges,46
1773090719,kamailio,chatafl,2,nodes,13
1773090719,kamailio,chatafl,2,edges,46
1773090730,kamailio,chatafl,2,nodes,13
1773090730,kamailio,chatafl,2,edges,46
1773090735,kamailio,chatafl,2,nodes,13
1773090735,kamailio,chatafl,2,edges,46
1773090740,kamailio,chatafl,2,nodes,13
1773090740,kamailio,chatafl,2,edges,46
1773090745,kamailio,chatafl,2,nodes,13
1773090745,kamailio,chatafl,2,edges,46
1773090750,kamailio,chatafl,2,nodes,13
1773090750,kamailio,chatafl,2,edges,46
1773090761,kamailio,chatafl,2,nodes,13
1773090761,kamailio,chatafl,2,edges,46
1773090771,kamailio,chatafl,2,nodes,13
1773090771,kamailio,chatafl,2,edges,48
1773090776,kamailio,chatafl,2,nodes,13
1773090776,kamailio,chatafl,2,edges,48
1773090781,kamailio,chatafl,2,nodes,13
1773090781,kamailio,chatafl,2,edges,48
1773090786,kamailio,chatafl,2,nodes,13
1773090786,kamailio,chatafl,2,edges,48
1773090792,kamailio,chatafl,2,nodes,13
1773090792,kamailio,chatafl,2,edges,48
1773090802,kamailio,chatafl,2,nodes,13
1773090802,kamailio,chatafl,2,edges,48
1773090807,kamailio,chatafl,2,nodes,13
1773090807,kamailio,chatafl,2,edges,48
1773090812,kamailio,chatafl,2,nodes,13
1773090812,kamailio,chatafl,2,edges,48
1773090823,kamailio,chatafl,2,nodes,13
1773090823,kamailio,chatafl,2,edges,48
1773090828,kamailio,chatafl,2,nodes,13
1773090828,kamailio,chatafl,2,edges,48
1773090833,kamailio,chatafl,2,nodes,13
1773090833,kamailio,chatafl,2,edges,48
1773090838,kamailio,chatafl,2,nodes,13
1773090838,kamailio,chatafl,2,edges,48
1773090843,kamailio,chatafl,2,nodes,13
1773090843,kamailio,chatafl,2,edges,48
1773090848,kamailio,chatafl,2,nodes,13
1773090848,kamailio,chatafl,2,edges,48
1773090853,kamailio,chatafl,2,nodes,13
1773090853,kamailio,chatafl,2,edges,48
1773090858,kamailio,chatafl,2,nodes,13
1773090858,kamailio,chatafl,2,edges,48
1773090863,kamailio,chatafl,2,nodes,13
1773090863,kamailio,chatafl,2,edges,48
1773090869,kamailio,chatafl,2,nodes,13
1773090869,kamailio,chatafl,2,edges,48
1773090874,kamailio,chatafl,2,nodes,13
1773090874,kamailio,chatafl,2,edges,48
1773090884,kamailio,chatafl,2,nodes,13
1773090884,kamailio,chatafl,2,edges,48
1773090889,kamailio,chatafl,2,nodes,13
1773090889,kamailio,chatafl,2,edges,48
1773090894,kamailio,chatafl,2,nodes,13
1773090894,kamailio,chatafl,2,edges,48
1773090899,kamailio,chatafl,2,nodes,13
1773090899,kamailio,chatafl,2,edges,48
1773090909,kamailio,chatafl,2,nodes,13
1773090909,kamailio,chatafl,2,edges,48
1773090914,kamailio,chatafl,2,nodes,13
1773090914,kamailio,chatafl,2,edges,48
1773090919,kamailio,chatafl,2,nodes,13
1773090919,kamailio,chatafl,2,edges,48
1773090925,kamailio,chatafl,2,nodes,13
1773090925,kamailio,chatafl,2,edges,48
1773090930,kamailio,chatafl,2,nodes,13
1773090930,kamailio,chatafl,2,edges,48
1773090940,kamailio,chatafl,2,nodes,13
1773090940,kamailio,chatafl,2,edges,48
1773090945,kamailio,chatafl,2,nodes,13
1773090945,kamailio,chatafl,2,edges,48
1773090950,kamailio,chatafl,2,nodes,13
1773090950,kamailio,chatafl,2,edges,48
1773090956,kamailio,chatafl,2,nodes,13
1773090956,kamailio,chatafl,2,edges,48
1773090961,kamailio,chatafl,2,nodes,13
1773090961,kamailio,chatafl,2,edges,48
1773090966,kamailio,chatafl,2,nodes,13
1773090966,kamailio,chatafl,2,edges,48
1773090976,kamailio,chatafl,2,nodes,13
1773090976,kamailio,chatafl,2,edges,48
1773090981,kamailio,chatafl,2,nodes,13
1773090981,kamailio,chatafl,2,edges,48
1773090987,kamailio,chatafl,2,nodes,13
1773090987,kamailio,chatafl,2,edges,48
1773090992,kamailio,chatafl,2,nodes,13
1773090992,kamailio,chatafl,2,edges,48
1773090997,kamailio,chatafl,2,nodes,13
1773090997,kamailio,chatafl,2,edges,48
1773091007,kamailio,chatafl,2,nodes,13
1773091007,kamailio,chatafl,2,edges,48
1773091018,kamailio,chatafl,2,nodes,13
1773091018,kamailio,chatafl,2,edges,48
1773091028,kamailio,chatafl,2,nodes,13
1773091028,kamailio,chatafl,2,edges,48
1773091033,kamailio,chatafl,2,nodes,13
1773091033,kamailio,chatafl,2,edges,48
1773091038,kamailio,chatafl,2,nodes,13
1773091038,kamailio,chatafl,2,edges,48
1773091054,kamailio,chatafl,2,nodes,13
1773091054,kamailio,chatafl,2,edges,48
1773091059,kamailio,chatafl,2,nodes,13
1773091059,kamailio,chatafl,2,edges,48
1773091064,kamailio,chatafl,2,nodes,13
1773091064,kamailio,chatafl,2,edges,48
1773091069,kamailio,chatafl,2,nodes,13
1773091069,kamailio,chatafl,2,edges,48
1773091074,kamailio,chatafl,2,nodes,13
1773091074,kamailio,chatafl,2,edges,48
1773091079,kamailio,chatafl,2,nodes,13
1773091079,kamailio,chatafl,2,edges,48
1773091084,kamailio,chatafl,2,nodes,13
1773091084,kamailio,chatafl,2,edges,48
1773091089,kamailio,chatafl,2,nodes,13
1773091089,kamailio,chatafl,2,edges,48
1773091094,kamailio,chatafl,2,nodes,13
1773091094,kamailio,chatafl,2,edges,48
1773091105,kamailio,chatafl,2,nodes,13
1773091105,kamailio,chatafl,2,edges,48
1773091110,kamailio,chatafl,2,nodes,13
1773091110,kamailio,chatafl,2,edges,48
1773091120,kamailio,chatafl,2,nodes,13
1773091120,kamailio,chatafl,2,edges,48
1773091125,kamailio,chatafl,2,nodes,13
1773091125,kamailio,chatafl,2,edges,48
1773091135,kamailio,chatafl,2,nodes,13
1773091135,kamailio,chatafl,2,edges,48
1773091140,kamailio,chatafl,2,nodes,13
1773091140,kamailio,chatafl,2,edges,48
1773091146,kamailio,chatafl,2,nodes,13
1773091146,kamailio,chatafl,2,edges,48
1773091151,kamailio,chatafl,2,nodes,13
1773091151,kamailio,chatafl,2,edges,48
1773091156,kamailio,chatafl,2,nodes,13
1773091156,kamailio,chatafl,2,edges,48
1773091166,kamailio,chatafl,2,nodes,13
1773091166,kamailio,chatafl,2,edges,48
1773091171,kamailio,chatafl,2,nodes,13
1773091171,kamailio,chatafl,2,edges,48
1773091176,kamailio,chatafl,2,nodes,13
1773091176,kamailio,chatafl,2,edges,48
1773091181,kamailio,chatafl,2,nodes,13
1773091181,kamailio,chatafl,2,edges,48
1773091186,kamailio,chatafl,2,nodes,13
1773091186,kamailio,chatafl,2,edges,48
1773091197,kamailio,chatafl,2,nodes,13
1773091197,kamailio,chatafl,2,edges,48
1773091202,kamailio,chatafl,2,nodes,13
1773091202,kamailio,chatafl,2,edges,48
1773091207,kamailio,chatafl,2,nodes,13
1773091207,kamailio,chatafl,2,edges,48
1773091212,kamailio,chatafl,2,nodes,13
1773091212,kamailio,chatafl,2,edges,48
1773091217,kamailio,chatafl,2,nodes,13
1773091217,kamailio,chatafl,2,edges,48
1773091238,kamailio,chatafl,2,nodes,13
1773091238,kamailio,chatafl,2,edges,48
1773091243,kamailio,chatafl,2,nodes,13
1773091243,kamailio,chatafl,2,edges,48
1773091248,kamailio,chatafl,2,nodes,13
1773091248,kamailio,chatafl,2,edges,48
1773091253,kamailio,chatafl,2,nodes,13
1773091253,kamailio,chatafl,2,edges,48
1773091280,kamailio,chatafl,2,nodes,13
1773091280,kamailio,chatafl,2,edges,48
1773091290,kamailio,chatafl,2,nodes,13
1773091290,kamailio,chatafl,2,edges,48
1773091306,kamailio,chatafl,2,nodes,13
1773091306,kamailio,chatafl,2,edges,48
1773091348,kamailio,chatafl,2,nodes,13
1773091348,kamailio,chatafl,2,edges,48
1773091369,kamailio,chatafl,2,nodes,13
1773091369,kamailio,chatafl,2,edges,48
1773091411,kamailio,chatafl,2,nodes,13
1773091411,kamailio,chatafl,2,edges,48
1773091416,kamailio,chatafl,2,nodes,13
1773091416,kamailio,chatafl,2,edges,48
1773091421,kamailio,chatafl,2,nodes,13
1773091421,kamailio,chatafl,2,edges,48
1773091426,kamailio,chatafl,2,nodes,13
1773091426,kamailio,chatafl,2,edges,48
1773091432,kamailio,chatafl,2,nodes,13
1773091432,kamailio,chatafl,2,edges,48
1773091437,kamailio,chatafl,2,nodes,13
1773091437,kamailio,chatafl,2,edges,48
1773091442,kamailio,chatafl,2,nodes,13
1773091442,kamailio,chatafl,2,edges,48
1773091447,kamailio,chatafl,2,nodes,13
1773091447,kamailio,chatafl,2,edges,48
1773091452,kamailio,chatafl,2,nodes,13
1773091452,kamailio,chatafl,2,edges,48
1773091457,kamailio,chatafl,2,nodes,13
1773091457,kamailio,chatafl,2,edges,48
1773091462,kamailio,chatafl,2,nodes,13
1773091462,kamailio,chatafl,2,edges,48
1773091467,kamailio,chatafl,2,nodes,13
1773091467,kamailio,chatafl,2,edges,48
1773091473,kamailio,chatafl,2,nodes,13
1773091473,kamailio,chatafl,2,edges,48
1773091478,kamailio,chatafl,2,nodes,13
1773091478,kamailio,chatafl,2,edges,48
1773091483,kamailio,chatafl,2,nodes,13
1773091483,kamailio,chatafl,2,edges,48
1773091488,kamailio,chatafl,2,nodes,13
1773091488,kamailio,chatafl,2,edges,48
1773091493,kamailio,chatafl,2,nodes,13
1773091493,kamailio,chatafl,2,edges,48
1773091498,kamailio,chatafl,2,nodes,13
1773091498,kamailio,chatafl,2,edges,48
1773091503,kamailio,chatafl,2,nodes,13
1773091503,kamailio,chatafl,2,edges,48
1773091508,kamailio,chatafl,2,nodes,13
1773091508,kamailio,chatafl,2,edges,48
1773091513,kamailio,chatafl,2,nodes,13
1773091513,kamailio,chatafl,2,edges,48
1773091519,kamailio,chatafl,2,nodes,13
1773091519,kamailio,chatafl,2,edges,48
1773091524,kamailio,chatafl,2,nodes,13
1773091524,kamailio,chatafl,2,edges,48
1773091529,kamailio,chatafl,2,nodes,13
1773091529,kamailio,chatafl,2,edges,48
1773091534,kamailio,chatafl,2,nodes,13
1773091534,kamailio,chatafl,2,edges,48
1773091539,kamailio,chatafl,2,nodes,13
1773091539,kamailio,chatafl,2,edges,49
1773091545,kamailio,chatafl,2,nodes,13
1773091545,kamailio,chatafl,2,edges,49
1773091560,kamailio,chatafl,2,nodes,13
1773091560,kamailio,chatafl,2,edges,49
1773091565,kamailio,chatafl,2,nodes,13
1773091565,kamailio,chatafl,2,edges,49
1773091570,kamailio,chatafl,2,nodes,13
1773091570,kamailio,chatafl,2,edges,49
1773091575,kamailio,chatafl,2,nodes,13
1773091575,kamailio,chatafl,2,edges,49
1773091580,kamailio,chatafl,2,nodes,13
1773091580,kamailio,chatafl,2,edges,49
1773091586,kamailio,chatafl,2,nodes,13
1773091586,kamailio,chatafl,2,edges,49
1773091601,kamailio,chatafl,2,nodes,13
1773091601,kamailio,chatafl,2,edges,49
1773091611,kamailio,chatafl,2,nodes,13
1773091611,kamailio,chatafl,2,edges,49
1773091622,kamailio,chatafl,2,nodes,13
1773091622,kamailio,chatafl,2,edges,49
1773091627,kamailio,chatafl,2,nodes,13
1773091627,kamailio,chatafl,2,edges,49
1773091632,kamailio,chatafl,2,nodes,13
1773091632,kamailio,chatafl,2,edges,49
1773091637,kamailio,chatafl,2,nodes,13
1773091637,kamailio,chatafl,2,edges,49
1773091643,kamailio,chatafl,2,nodes,13
1773091643,kamailio,chatafl,2,edges,49
1773091653,kamailio,chatafl,2,nodes,13
1773091653,kamailio,chatafl,2,edges,49
1773091658,kamailio,chatafl,2,nodes,13
1773091658,kamailio,chatafl,2,edges,49
1773091668,kamailio,chatafl,2,nodes,13
1773091668,kamailio,chatafl,2,edges,49
1773091679,kamailio,chatafl,2,nodes,13
1773091679,kamailio,chatafl,2,edges,49
1773091684,kamailio,chatafl,2,nodes,13
1773091684,kamailio,chatafl,2,edges,49
1773091689,kamailio,chatafl,2,nodes,13
1773091689,kamailio,chatafl,2,edges,49
1773091699,kamailio,chatafl,2,nodes,13
1773091699,kamailio,chatafl,2,edges,49
1773091705,kamailio,chatafl,2,nodes,13
1773091705,kamailio,chatafl,2,edges,49
1773091715,kamailio,chatafl,2,nodes,13
1773091715,kamailio,chatafl,2,edges,50
1773091720,kamailio,chatafl,2,nodes,13
1773091720,kamailio,chatafl,2,edges,50
1773091730,kamailio,chatafl,2,nodes,13
1773091730,kamailio,chatafl,2,edges,50
1773091741,kamailio,chatafl,2,nodes,13
1773091741,kamailio,chatafl,2,edges,50
1773091746,kamailio,chatafl,2,nodes,13
1773091746,kamailio,chatafl,2,edges,50
1773091756,kamailio,chatafl,2,nodes,13
1773091756,kamailio,chatafl,2,edges,50
1773091761,kamailio,chatafl,2,nodes,13
1773091761,kamailio,chatafl,2,edges,50
1773091766,kamailio,chatafl,2,nodes,13
1773091766,kamailio,chatafl,2,edges,50
1773091772,kamailio,chatafl,2,nodes,13
1773091772,kamailio,chatafl,2,edges,50
1773091777,kamailio,chatafl,2,nodes,13
1773091777,kamailio,chatafl,2,edges,50
1773091782,kamailio,chatafl,2,nodes,13
1773091782,kamailio,chatafl,2,edges,50
1773091787,kamailio,chatafl,2,nodes,13
1773091787,kamailio,chatafl,2,edges,50
1773091792,kamailio,chatafl,2,nodes,13
1773091792,kamailio,chatafl,2,edges,50
1773091797,kamailio,chatafl,2,nodes,13
1773091797,kamailio,chatafl,2,edges,50
1773091808,kamailio,chatafl,2,nodes,13
1773091808,kamailio,chatafl,2,edges,52
1773091818,kamailio,chatafl,2,nodes,13
1773091818,kamailio,chatafl,2,edges,52
1773091823,kamailio,chatafl,2,nodes,13
1773091823,kamailio,chatafl,2,edges,52
1773091833,kamailio,chatafl,2,nodes,13
1773091833,kamailio,chatafl,2,edges,52
1773091839,kamailio,chatafl,2,nodes,13
1773091839,kamailio,chatafl,2,edges,52
1773091854,kamailio,chatafl,2,nodes,13
1773091854,kamailio,chatafl,2,edges,52
1773091859,kamailio,chatafl,2,nodes,13
1773091859,kamailio,chatafl,2,edges,52
1773091864,kamailio,chatafl,2,nodes,13
1773091864,kamailio,chatafl,2,edges,52
1773091875,kamailio,chatafl,2,nodes,13
1773091875,kamailio,chatafl,2,edges,52
1773091885,kamailio,chatafl,2,nodes,13
1773091885,kamailio,chatafl,2,edges,52
1773091890,kamailio,chatafl,2,nodes,13
1773091890,kamailio,chatafl,2,edges,52
1773091900,kamailio,chatafl,2,nodes,13
1773091900,kamailio,chatafl,2,edges,52
1773091905,kamailio,chatafl,2,nodes,13
1773091905,kamailio,chatafl,2,edges,52
1773091911,kamailio,chatafl,2,nodes,13
1773091911,kamailio,chatafl,2,edges,52
1773091916,kamailio,chatafl,2,nodes,13
1773091916,kamailio,chatafl,2,edges,52
1773091921,kamailio,chatafl,2,nodes,13
1773091921,kamailio,chatafl,2,edges,52
1773091926,kamailio,chatafl,2,nodes,13
1773091926,kamailio,chatafl,2,edges,52
1773091931,kamailio,chatafl,2,nodes,13
1773091931,kamailio,chatafl,2,edges,52
1773091936,kamailio,chatafl,2,nodes,13
1773091936,kamailio,chatafl,2,edges,52
1773091942,kamailio,chatafl,2,nodes,13
1773091942,kamailio,chatafl,2,edges,52
1773091947,kamailio,chatafl,2,nodes,13
1773091947,kamailio,chatafl,2,edges,52
1773091952,kamailio,chatafl,2,nodes,13
1773091952,kamailio,chatafl,2,edges,52
1773091967,kamailio,chatafl,2,nodes,13
1773091967,kamailio,chatafl,2,edges,52
1773091972,kamailio,chatafl,2,nodes,13
1773091972,kamailio,chatafl,2,edges,52
1773091978,kamailio,chatafl,2,nodes,13
1773091978,kamailio,chatafl,2,edges,52
1773091983,kamailio,chatafl,2,nodes,13
1773091983,kamailio,chatafl,2,edges,52
1773091988,kamailio,chatafl,2,nodes,13
1773091988,kamailio,chatafl,2,edges,52
1773091999,kamailio,chatafl,2,nodes,13
1773091999,kamailio,chatafl,2,edges,52
1773092009,kamailio,chatafl,2,nodes,13
1773092009,kamailio,chatafl,2,edges,52
1773092015,kamailio,chatafl,2,nodes,13
1773092015,kamailio,chatafl,2,edges,52
1773092020,kamailio,chatafl,2,nodes,13
1773092020,kamailio,chatafl,2,edges,52
1773092025,kamailio,chatafl,2,nodes,13
1773092025,kamailio,chatafl,2,edges,52
1773092035,kamailio,chatafl,2,nodes,13
1773092035,kamailio,chatafl,2,edges,52
1773092045,kamailio,chatafl,2,nodes,13
1773092045,kamailio,chatafl,2,edges,52
1773092050,kamailio,chatafl,2,nodes,13
1773092050,kamailio,chatafl,2,edges,52
1773092056,kamailio,chatafl,2,nodes,13
1773092056,kamailio,chatafl,2,edges,52
1773092061,kamailio,chatafl,2,nodes,13
1773092061,kamailio,chatafl,2,edges,52
1773092066,kamailio,chatafl,2,nodes,13
1773092066,kamailio,chatafl,2,edges,52
1773092076,kamailio,chatafl,2,nodes,13
1773092076,kamailio,chatafl,2,edges,52
1773092081,kamailio,chatafl,2,nodes,13
1773092081,kamailio,chatafl,2,edges,52
1773092086,kamailio,chatafl,2,nodes,13
1773092086,kamailio,chatafl,2,edges,52
1773092091,kamailio,chatafl,2,nodes,13
1773092091,kamailio,chatafl,2,edges,52
1773092096,kamailio,chatafl,2,nodes,13
1773092096,kamailio,chatafl,2,edges,52
1773092101,kamailio,chatafl,2,nodes,13
1773092101,kamailio,chatafl,2,edges,52
1773092112,kamailio,chatafl,2,nodes,13
1773092112,kamailio,chatafl,2,edges,52
1773092117,kamailio,chatafl,2,nodes,13
1773092117,kamailio,chatafl,2,edges,52
1773092127,kamailio,chatafl,2,nodes,13
1773092127,kamailio,chatafl,2,edges,52
1773092133,kamailio,chatafl,2,nodes,13
1773092133,kamailio,chatafl,2,edges,52
1773092138,kamailio,chatafl,2,nodes,13
1773092138,kamailio,chatafl,2,edges,52
1773092143,kamailio,chatafl,2,nodes,13
1773092143,kamailio,chatafl,2,edges,52
1773092148,kamailio,chatafl,2,nodes,13
1773092148,kamailio,chatafl,2,edges,52
1773092158,kamailio,chatafl,2,nodes,13
1773092158,kamailio,chatafl,2,edges,52
1773092169,kamailio,chatafl,2,nodes,13
1773092169,kamailio,chatafl,2,edges,52
1773092189,kamailio,chatafl,2,nodes,13
1773092189,kamailio,chatafl,2,edges,52
1773092195,kamailio,chatafl,2,nodes,13
1773092195,kamailio,chatafl,2,edges,52
1773092200,kamailio,chatafl,2,nodes,13
1773092200,kamailio,chatafl,2,edges,52
1773092205,kamailio,chatafl,2,nodes,13
1773092205,kamailio,chatafl,2,edges,52
1773092210,kamailio,chatafl,2,nodes,13
1773092210,kamailio,chatafl,2,edges,52
1773092220,kamailio,chatafl,2,nodes,13
1773092220,kamailio,chatafl,2,edges,52
1773092225,kamailio,chatafl,2,nodes,13
1773092225,kamailio,chatafl,2,edges,52
1773092231,kamailio,chatafl,2,nodes,13
1773092231,kamailio,chatafl,2,edges,52
1773092236,kamailio,chatafl,2,nodes,13
1773092236,kamailio,chatafl,2,edges,52
1773092246,kamailio,chatafl,2,nodes,13
1773092246,kamailio,chatafl,2,edges,52
1773092257,kamailio,chatafl,2,nodes,13
1773092257,kamailio,chatafl,2,edges,52
1773092262,kamailio,chatafl,2,nodes,13
1773092262,kamailio,chatafl,2,edges,52
1773092267,kamailio,chatafl,2,nodes,13
1773092267,kamailio,chatafl,2,edges,52
1773092272,kamailio,chatafl,2,nodes,13
1773092272,kamailio,chatafl,2,edges,52
1773092277,kamailio,chatafl,2,nodes,13
1773092277,kamailio,chatafl,2,edges,52
1773092282,kamailio,chatafl,2,nodes,13
1773092282,kamailio,chatafl,2,edges,52
1773092288,kamailio,chatafl,2,nodes,13
1773092288,kamailio,chatafl,2,edges,52
1773092293,kamailio,chatafl,2,nodes,13
1773092293,kamailio,chatafl,2,edges,52
1773092303,kamailio,chatafl,2,nodes,13
1773092303,kamailio,chatafl,2,edges,52
1773092308,kamailio,chatafl,2,nodes,13
1773092308,kamailio,chatafl,2,edges,52
1773092313,kamailio,chatafl,2,nodes,13
1773092313,kamailio,chatafl,2,edges,52
1773092318,kamailio,chatafl,2,nodes,13
1773092318,kamailio,chatafl,2,edges,52
1773092324,kamailio,chatafl,2,nodes,13
1773092324,kamailio,chatafl,2,edges,52
1773092329,kamailio,chatafl,2,nodes,13
1773092329,kamailio,chatafl,2,edges,52
1773092339,kamailio,chatafl,2,nodes,13
1773092339,kamailio,chatafl,2,edges,52
1773092344,kamailio,chatafl,2,nodes,13
1773092344,kamailio,chatafl,2,edges,52
1773092349,kamailio,chatafl,2,nodes,13
1773092349,kamailio,chatafl,2,edges,52
1773092354,kamailio,chatafl,2,nodes,13
1773092354,kamailio,chatafl,2,edges,52
1773092359,kamailio,chatafl,2,nodes,13
1773092359,kamailio,chatafl,2,edges,52
1773092365,kamailio,chatafl,2,nodes,13
1773092365,kamailio,chatafl,2,edges,52
1773092370,kamailio,chatafl,2,nodes,13
1773092370,kamailio,chatafl,2,edges,52
1773092375,kamailio,chatafl,2,nodes,13
1773092375,kamailio,chatafl,2,edges,52
1773092385,kamailio,chatafl,2,nodes,13
1773092385,kamailio,chatafl,2,edges,52
1773092390,kamailio,chatafl,2,nodes,13
1773092390,kamailio,chatafl,2,edges,52
1773092395,kamailio,chatafl,2,nodes,13
1773092395,kamailio,chatafl,2,edges,52
1773092401,kamailio,chatafl,2,nodes,13
1773092401,kamailio,chatafl,2,edges,52
1773092406,kamailio,chatafl,2,nodes,13
1773092406,kamailio,chatafl,2,edges,52
1773092411,kamailio,chatafl,2,nodes,13
1773092411,kamailio,chatafl,2,edges,52
1773092416,kamailio,chatafl,2,nodes,13
1773092416,kamailio,chatafl,2,edges,52
1773092421,kamailio,chatafl,2,nodes,13
1773092421,kamailio,chatafl,2,edges,52
1773092426,kamailio,chatafl,2,nodes,13
1773092426,kamailio,chatafl,2,edges,52
1773092431,kamailio,chatafl,2,nodes,13
1773092431,kamailio,chatafl,2,edges,52
1773092436,kamailio,chatafl,2,nodes,13
1773092436,kamailio,chatafl,2,edges,52
1773092442,kamailio,chatafl,2,nodes,13
1773092442,kamailio,chatafl,2,edges,52
1773092447,kamailio,chatafl,2,nodes,13
1773092447,kamailio,chatafl,2,edges,52
1773092452,kamailio,chatafl,2,nodes,13
1773092452,kamailio,chatafl,2,edges,52
1773092462,kamailio,chatafl,2,nodes,13
1773092462,kamailio,chatafl,2,edges,52
1773092473,kamailio,chatafl,2,nodes,13
1773092473,kamailio,chatafl,2,edges,52
1773092478,kamailio,chatafl,2,nodes,13
1773092478,kamailio,chatafl,2,edges,52
1773092483,kamailio,chatafl,2,nodes,13
1773092483,kamailio,chatafl,2,edges,52
1773092488,kamailio,chatafl,2,nodes,13
1773092488,kamailio,chatafl,2,edges,52
1773092498,kamailio,chatafl,2,nodes,13
1773092498,kamailio,chatafl,2,edges,52
1773092514,kamailio,chatafl,2,nodes,13
1773092514,kamailio,chatafl,2,edges,52
1773092519,kamailio,chatafl,2,nodes,13
1773092519,kamailio,chatafl,2,edges,52
1773092524,kamailio,chatafl,2,nodes,13
1773092524,kamailio,chatafl,2,edges,52
1773092529,kamailio,chatafl,2,nodes,13
1773092529,kamailio,chatafl,2,edges,52
1773092535,kamailio,chatafl,2,nodes,13
1773092535,kamailio,chatafl,2,edges,52
1773092545,kamailio,chatafl,2,nodes,13
1773092545,kamailio,chatafl,2,edges,52
1773092550,kamailio,chatafl,2,nodes,13
1773092550,kamailio,chatafl,2,edges,52
1773092555,kamailio,chatafl,2,nodes,13
1773092555,kamailio,chatafl,2,edges,52
1773092565,kamailio,chatafl,2,nodes,13
1773092565,kamailio,chatafl,2,edges,52
1773092570,kamailio,chatafl,2,nodes,13
1773092570,kamailio,chatafl,2,edges,52
1773092575,kamailio,chatafl,2,nodes,13
1773092575,kamailio,chatafl,2,edges,52
1773092581,kamailio,chatafl,2,nodes,13
1773092581,kamailio,chatafl,2,edges,52
1773092586,kamailio,chatafl,2,nodes,13
1773092586,kamailio,chatafl,2,edges,52
1773092591,kamailio,chatafl,2,nodes,13
1773092591,kamailio,chatafl,2,edges,52
1773092596,kamailio,chatafl,2,nodes,13
1773092596,kamailio,chatafl,2,edges,52
1773092606,kamailio,chatafl,2,nodes,13
1773092606,kamailio,chatafl,2,edges,52
1773092612,kamailio,chatafl,2,nodes,13
1773092612,kamailio,chatafl,2,edges,52
1773092617,kamailio,chatafl,2,nodes,13
1773092617,kamailio,chatafl,2,edges,52
1773092622,kamailio,chatafl,2,nodes,13
1773092622,kamailio,chatafl,2,edges,52
1773092632,kamailio,chatafl,2,nodes,13
1773092632,kamailio,chatafl,2,edges,52
1773092637,kamailio,chatafl,2,nodes,13
1773092637,kamailio,chatafl,2,edges,52
1773092643,kamailio,chatafl,2,nodes,13
1773092643,kamailio,chatafl,2,edges,52
1773092648,kamailio,chatafl,2,nodes,13
1773092648,kamailio,chatafl,2,edges,52
1773092653,kamailio,chatafl,2,nodes,13
1773092653,kamailio,chatafl,2,edges,52
1773092658,kamailio,chatafl,2,nodes,13
1773092658,kamailio,chatafl,2,edges,52
1773092678,kamailio,chatafl,2,nodes,13
1773092678,kamailio,chatafl,2,edges,52
1773092684,kamailio,chatafl,2,nodes,13
1773092684,kamailio,chatafl,2,edges,52
1773092689,kamailio,chatafl,2,nodes,13
1773092689,kamailio,chatafl,2,edges,52
1773092699,kamailio,chatafl,2,nodes,13
1773092699,kamailio,chatafl,2,edges,52
1773092714,kamailio,chatafl,2,nodes,13
1773092714,kamailio,chatafl,2,edges,52
1773092719,kamailio,chatafl,2,nodes,13
1773092719,kamailio,chatafl,2,edges,52
1773092725,kamailio,chatafl,2,nodes,13
1773092725,kamailio,chatafl,2,edges,52
1773092730,kamailio,chatafl,2,nodes,13
1773092730,kamailio,chatafl,2,edges,52
1773092735,kamailio,chatafl,2,nodes,13
1773092735,kamailio,chatafl,2,edges,52
1773092750,kamailio,chatafl,2,nodes,13
1773092750,kamailio,chatafl,2,edges,52
1773092761,kamailio,chatafl,2,nodes,13
1773092761,kamailio,chatafl,2,edges,52
1773092766,kamailio,chatafl,2,nodes,13
1773092766,kamailio,chatafl,2,edges,52
1773092771,kamailio,chatafl,2,nodes,13
1773092771,kamailio,chatafl,2,edges,52
1773092781,kamailio,chatafl,2,nodes,13
1773092781,kamailio,chatafl,2,edges,52
1773092786,kamailio,chatafl,2,nodes,13
1773092786,kamailio,chatafl,2,edges,52
1773092791,kamailio,chatafl,2,nodes,13
1773092791,kamailio,chatafl,2,edges,52
1773092801,kamailio,chatafl,2,nodes,13
1773092801,kamailio,chatafl,2,edges,52
1773092806,kamailio,chatafl,2,nodes,13
1773092806,kamailio,chatafl,2,edges,52
1773092822,kamailio,chatafl,2,nodes,13
1773092822,kamailio,chatafl,2,edges,52
1773092827,kamailio,chatafl,2,nodes,13
1773092827,kamailio,chatafl,2,edges,52
1773092843,kamailio,chatafl,2,nodes,13
1773092843,kamailio,chatafl,2,edges,52
1773092858,kamailio,chatafl,2,nodes,13
1773092858,kamailio,chatafl,2,edges,52
1773092863,kamailio,chatafl,2,nodes,13
1773092863,kamailio,chatafl,2,edges,52
1773092868,kamailio,chatafl,2,nodes,13
1773092868,kamailio,chatafl,2,edges,52
1773092878,kamailio,chatafl,2,nodes,13
1773092878,kamailio,chatafl,2,edges,52
1773092884,kamailio,chatafl,2,nodes,13
1773092884,kamailio,chatafl,2,edges,52
1773092889,kamailio,chatafl,2,nodes,13
1773092889,kamailio,chatafl,2,edges,52
1773092894,kamailio,chatafl,2,nodes,13
1773092894,kamailio,chatafl,2,edges,54
1773092899,kamailio,chatafl,2,nodes,13
1773092899,kamailio,chatafl,2,edges,54
1773092904,kamailio,chatafl,2,nodes,13
1773092904,kamailio,chatafl,2,edges,54
1773092909,kamailio,chatafl,2,nodes,13
1773092909,kamailio,chatafl,2,edges,54
1773092919,kamailio,chatafl,2,nodes,13
1773092919,kamailio,chatafl,2,edges,54
1773092925,kamailio,chatafl,2,nodes,13
1773092925,kamailio,chatafl,2,edges,54
1773092940,kamailio,chatafl,2,nodes,13
1773092940,kamailio,chatafl,2,edges,54
1773092950,kamailio,chatafl,2,nodes,13
1773092950,kamailio,chatafl,2,edges,54
1773092960,kamailio,chatafl,2,nodes,13
1773092960,kamailio,chatafl,2,edges,54
1773092965,kamailio,chatafl,2,nodes,13
1773092965,kamailio,chatafl,2,edges,54
1773092971,kamailio,chatafl,2,nodes,13
1773092971,kamailio,chatafl,2,edges,55
1773092981,kamailio,chatafl,2,nodes,13
1773092981,kamailio,chatafl,2,edges,55
1773092992,kamailio,chatafl,2,nodes,13
1773092992,kamailio,chatafl,2,edges,55
1773093002,kamailio,chatafl,2,nodes,13
1773093002,kamailio,chatafl,2,edges,55
1773093028,kamailio,chatafl,2,nodes,13
1773093028,kamailio,chatafl,2,edges,55
1773093033,kamailio,chatafl,2,nodes,13
1773093033,kamailio,chatafl,2,edges,55
1773093038,kamailio,chatafl,2,nodes,13
1773093038,kamailio,chatafl,2,edges,55
1773093043,kamailio,chatafl,2,nodes,13
1773093043,kamailio,chatafl,2,edges,55
1773093048,kamailio,chatafl,2,nodes,13
1773093048,kamailio,chatafl,2,edges,55
1773093058,kamailio,chatafl,2,nodes,13
1773093058,kamailio,chatafl,2,edges,55
1773093063,kamailio,chatafl,2,nodes,13
1773093063,kamailio,chatafl,2,edges,55
1773093069,kamailio,chatafl,2,nodes,13
1773093069,kamailio,chatafl,2,edges,55
1773093074,kamailio,chatafl,2,nodes,13
1773093074,kamailio,chatafl,2,edges,55
1773093084,kamailio,chatafl,2,nodes,13
1773093084,kamailio,chatafl,2,edges,55
1773093089,kamailio,chatafl,2,nodes,13
1773093089,kamailio,chatafl,2,edges,55
1773093109,kamailio,chatafl,2,nodes,13
1773093109,kamailio,chatafl,2,edges,55
1773093114,kamailio,chatafl,2,nodes,13
1773093114,kamailio,chatafl,2,edges,55
1773093120,kamailio,chatafl,2,nodes,13
1773093120,kamailio,chatafl,2,edges,55
1773093125,kamailio,chatafl,2,nodes,13
1773093125,kamailio,chatafl,2,edges,55
1773093135,kamailio,chatafl,2,nodes,13
1773093135,kamailio,chatafl,2,edges,55
1773093140,kamailio,chatafl,2,nodes,13
1773093140,kamailio,chatafl,2,edges,55
1773093146,kamailio,chatafl,2,nodes,13
1773093146,kamailio,chatafl,2,edges,55
1773093151,kamailio,chatafl,2,nodes,13
1773093151,kamailio,chatafl,2,edges,55
1773093166,kamailio,chatafl,2,nodes,13
1773093166,kamailio,chatafl,2,edges,55
1773093171,kamailio,chatafl,2,nodes,13
1773093171,kamailio,chatafl,2,edges,55
1773093176,kamailio,chatafl,2,nodes,13
1773093176,kamailio,chatafl,2,edges,55
1773093187,kamailio,chatafl,2,nodes,13
1773093187,kamailio,chatafl,2,edges,55
1773093197,kamailio,chatafl,2,nodes,13
1773093197,kamailio,chatafl,2,edges,55
1773093202,kamailio,chatafl,2,nodes,13
1773093202,kamailio,chatafl,2,edges,55
1773093207,kamailio,chatafl,2,nodes,13
1773093207,kamailio,chatafl,2,edges,55
1773093213,kamailio,chatafl,2,nodes,13
1773093213,kamailio,chatafl,2,edges,55
1773093228,kamailio,chatafl,2,nodes,13
1773093228,kamailio,chatafl,2,edges,55
1773093238,kamailio,chatafl,2,nodes,13
1773093238,kamailio,chatafl,2,edges,55
1773093253,kamailio,chatafl,2,nodes,13
1773093253,kamailio,chatafl,2,edges,55
1773093259,kamailio,chatafl,2,nodes,13
1773093259,kamailio,chatafl,2,edges,55
1773093264,kamailio,chatafl,2,nodes,13
1773093264,kamailio,chatafl,2,edges,55
1773093269,kamailio,chatafl,2,nodes,13
1773093269,kamailio,chatafl,2,edges,55
1773093274,kamailio,chatafl,2,nodes,13
1773093274,kamailio,chatafl,2,edges,55
1773093284,kamailio,chatafl,2,nodes,13
1773093284,kamailio,chatafl,2,edges,55
1773093294,kamailio,chatafl,2,nodes,13
1773093294,kamailio,chatafl,2,edges,55
1773093299,kamailio,chatafl,2,nodes,13
1773093299,kamailio,chatafl,2,edges,55
1773093305,kamailio,chatafl,2,nodes,13
1773093305,kamailio,chatafl,2,edges,55
1773093310,kamailio,chatafl,2,nodes,13
1773093310,kamailio,chatafl,2,edges,55
1773093315,kamailio,chatafl,2,nodes,13
1773093315,kamailio,chatafl,2,edges,55
1773093326,kamailio,chatafl,2,nodes,13
1773093326,kamailio,chatafl,2,edges,55
1773093346,kamailio,chatafl,2,nodes,13
1773093346,kamailio,chatafl,2,edges,55
1773093351,kamailio,chatafl,2,nodes,13
1773093351,kamailio,chatafl,2,edges,55
1773093356,kamailio,chatafl,2,nodes,13
1773093356,kamailio,chatafl,2,edges,55
1773093366,kamailio,chatafl,2,nodes,13
1773093366,kamailio,chatafl,2,edges,55
1773093371,kamailio,chatafl,2,nodes,13
1773093371,kamailio,chatafl,2,edges,55
1773093377,kamailio,chatafl,2,nodes,14
1773093377,kamailio,chatafl,2,edges,57
1773093387,kamailio,chatafl,2,nodes,14
1773093387,kamailio,chatafl,2,edges,57
1773093392,kamailio,chatafl,2,nodes,14
1773093392,kamailio,chatafl,2,edges,57
1773093397,kamailio,chatafl,2,nodes,14
1773093397,kamailio,chatafl,2,edges,57
1773093408,kamailio,chatafl,2,nodes,14
1773093408,kamailio,chatafl,2,edges,57
1773093413,kamailio,chatafl,2,nodes,14
1773093413,kamailio,chatafl,2,edges,57
1773093418,kamailio,chatafl,2,nodes,14
1773093418,kamailio,chatafl,2,edges,57
1773093428,kamailio,chatafl,2,nodes,14
1773093428,kamailio,chatafl,2,edges,57
1773093434,kamailio,chatafl,2,nodes,14
1773093434,kamailio,chatafl,2,edges,57
1773093439,kamailio,chatafl,2,nodes,14
1773093439,kamailio,chatafl,2,edges,57
1773093444,kamailio,chatafl,2,nodes,14
1773093444,kamailio,chatafl,2,edges,58
1773093449,kamailio,chatafl,2,nodes,14
1773093449,kamailio,chatafl,2,edges,58
1773093455,kamailio,chatafl,2,nodes,14
1773093455,kamailio,chatafl,2,edges,58
1773093465,kamailio,chatafl,2,nodes,14
1773093465,kamailio,chatafl,2,edges,58
1773093470,kamailio,chatafl,2,nodes,14
1773093470,kamailio,chatafl,2,edges,58
1773093475,kamailio,chatafl,2,nodes,14
1773093475,kamailio,chatafl,2,edges,58
1773093491,kamailio,chatafl,2,nodes,14
1773093491,kamailio,chatafl,2,edges,58
1773093501,kamailio,chatafl,2,nodes,14
1773093501,kamailio,chatafl,2,edges,58
1773093506,kamailio,chatafl,2,nodes,14
1773093506,kamailio,chatafl,2,edges,58
1773093511,kamailio,chatafl,2,nodes,14
1773093511,kamailio,chatafl,2,edges,58
1773093516,kamailio,chatafl,2,nodes,14
1773093516,kamailio,chatafl,2,edges,58
1773093521,kamailio,chatafl,2,nodes,14
1773093521,kamailio,chatafl,2,edges,58
1773093526,kamailio,chatafl,2,nodes,14
1773093526,kamailio,chatafl,2,edges,58
1773093531,kamailio,chatafl,2,nodes,14
1773093531,kamailio,chatafl,2,edges,58
1773093536,kamailio,chatafl,2,nodes,14
1773093536,kamailio,chatafl,2,edges,59
1773093542,kamailio,chatafl,2,nodes,14
1773093542,kamailio,chatafl,2,edges,59
1773093547,kamailio,chatafl,2,nodes,14
1773093547,kamailio,chatafl,2,edges,59
1773093552,kamailio,chatafl,2,nodes,14
1773093552,kamailio,chatafl,2,edges,59
1773093557,kamailio,chatafl,2,nodes,14
1773093557,kamailio,chatafl,2,edges,59
1773093568,kamailio,chatafl,2,nodes,14
1773093568,kamailio,chatafl,2,edges,59
1773093578,kamailio,chatafl,2,nodes,14
1773093578,kamailio,chatafl,2,edges,59
1773093583,kamailio,chatafl,2,nodes,14
1773093583,kamailio,chatafl,2,edges,59
1773093588,kamailio,chatafl,2,nodes,14
1773093588,kamailio,chatafl,2,edges,59
1773093598,kamailio,chatafl,2,nodes,14
1773093598,kamailio,chatafl,2,edges,59
1773093603,kamailio,chatafl,2,nodes,14
1773093603,kamailio,chatafl,2,edges,59
1773093608,kamailio,chatafl,2,nodes,14
1773093608,kamailio,chatafl,2,edges,59
1773093614,kamailio,chatafl,2,nodes,14
1773093614,kamailio,chatafl,2,edges,59
1773093619,kamailio,chatafl,2,nodes,14
1773093619,kamailio,chatafl,2,edges,59
1773093624,kamailio,chatafl,2,nodes,14
1773093624,kamailio,chatafl,2,edges,59
1773093634,kamailio,chatafl,2,nodes,14
1773093634,kamailio,chatafl,2,edges,59
1773093644,kamailio,chatafl,2,nodes,14
1773093644,kamailio,chatafl,2,edges,59
1773093650,kamailio,chatafl,2,nodes,14
1773093650,kamailio,chatafl,2,edges,59
1773093660,kamailio,chatafl,2,nodes,14
1773093660,kamailio,chatafl,2,edges,59
1773093665,kamailio,chatafl,2,nodes,14
1773093665,kamailio,chatafl,2,edges,59
1773093670,kamailio,chatafl,2,nodes,14
1773093670,kamailio,chatafl,2,edges,59
1773093675,kamailio,chatafl,2,nodes,14
1773093675,kamailio,chatafl,2,edges,59
1773093680,kamailio,chatafl,2,nodes,14
1773093680,kamailio,chatafl,2,edges,59
1773093686,kamailio,chatafl,2,nodes,14
1773093686,kamailio,chatafl,2,edges,59
1773093691,kamailio,chatafl,2,nodes,14
1773093691,kamailio,chatafl,2,edges,59
1773093701,kamailio,chatafl,2,nodes,14
1773093701,kamailio,chatafl,2,edges,61
1773093706,kamailio,chatafl,2,nodes,14
1773093706,kamailio,chatafl,2,edges,61
1773093711,kamailio,chatafl,2,nodes,14
1773093711,kamailio,chatafl,2,edges,61
1773093717,kamailio,chatafl,2,nodes,14
1773093717,kamailio,chatafl,2,edges,61
1773093722,kamailio,chatafl,2,nodes,14
1773093722,kamailio,chatafl,2,edges,61
1773093732,kamailio,chatafl,2,nodes,14
1773093732,kamailio,chatafl,2,edges,61
1773093743,kamailio,chatafl,2,nodes,14
1773093743,kamailio,chatafl,2,edges,61
1773093748,kamailio,chatafl,2,nodes,14
1773093748,kamailio,chatafl,2,edges,61
1773093753,kamailio,chatafl,2,nodes,14
1773093753,kamailio,chatafl,2,edges,61
1773093758,kamailio,chatafl,2,nodes,14
1773093758,kamailio,chatafl,2,edges,61
1773093764,kamailio,chatafl,2,nodes,14
1773093764,kamailio,chatafl,2,edges,61
1773093769,kamailio,chatafl,2,nodes,14
1773093769,kamailio,chatafl,2,edges,61
1773093774,kamailio,chatafl,2,nodes,14
1773093774,kamailio,chatafl,2,edges,61
1773093789,kamailio,chatafl,2,nodes,14
1773093789,kamailio,chatafl,2,edges,61
1773093795,kamailio,chatafl,2,nodes,14
1773093795,kamailio,chatafl,2,edges,61
1773093800,kamailio,chatafl,2,nodes,14
1773093800,kamailio,chatafl,2,edges,61
1773093805,kamailio,chatafl,2,nodes,14
1773093805,kamailio,chatafl,2,edges,61
1773093815,kamailio,chatafl,2,nodes,14
1773093815,kamailio,chatafl,2,edges,61
1773093820,kamailio,chatafl,2,nodes,14
1773093820,kamailio,chatafl,2,edges,61
1773093826,kamailio,chatafl,2,nodes,14
1773093826,kamailio,chatafl,2,edges,61
1773093831,kamailio,chatafl,2,nodes,14
1773093831,kamailio,chatafl,2,edges,61
1773093836,kamailio,chatafl,2,nodes,14
1773093836,kamailio,chatafl,2,edges,61
1773093841,kamailio,chatafl,2,nodes,14
1773093841,kamailio,chatafl,2,edges,61
1773093852,kamailio,chatafl,2,nodes,14
1773093852,kamailio,chatafl,2,edges,61
1773093857,kamailio,chatafl,2,nodes,14
1773093857,kamailio,chatafl,2,edges,61
1773093873,kamailio,chatafl,2,nodes,14
1773093873,kamailio,chatafl,2,edges,61
1773093878,kamailio,chatafl,2,nodes,14
1773093878,kamailio,chatafl,2,edges,62
1773093883,kamailio,chatafl,2,nodes,14
1773093883,kamailio,chatafl,2,edges,62
1773093888,kamailio,chatafl,2,nodes,14
1773093888,kamailio,chatafl,2,edges,62
1773093893,kamailio,chatafl,2,nodes,14
1773093893,kamailio,chatafl,2,edges,62
1773093903,kamailio,chatafl,2,nodes,14
1773093903,kamailio,chatafl,2,edges,62
1773093908,kamailio,chatafl,2,nodes,14
1773093908,kamailio,chatafl,2,edges,62
1773093913,kamailio,chatafl,2,nodes,14
1773093913,kamailio,chatafl,2,edges,62
1773093924,kamailio,chatafl,2,nodes,14
1773093924,kamailio,chatafl,2,edges,62
1773093934,kamailio,chatafl,2,nodes,14
1773093934,kamailio,chatafl,2,edges,62
1773093949,kamailio,chatafl,2,nodes,14
1773093949,kamailio,chatafl,2,edges,62
1773093965,kamailio,chatafl,2,nodes,14
1773093965,kamailio,chatafl,2,edges,62
1773093970,kamailio,chatafl,2,nodes,14
1773093970,kamailio,chatafl,2,edges,62
1773093975,kamailio,chatafl,2,nodes,14
1773093975,kamailio,chatafl,2,edges,62
1773093985,kamailio,chatafl,2,nodes,14
1773093985,kamailio,chatafl,2,edges,62
1773093990,kamailio,chatafl,2,nodes,14
1773093990,kamailio,chatafl,2,edges,62
1773094006,kamailio,chatafl,2,nodes,14
1773094006,kamailio,chatafl,2,edges,62
1773094022,kamailio,chatafl,2,nodes,14
1773094022,kamailio,chatafl,2,edges,62
1773094042,kamailio,chatafl,2,nodes,14
1773094042,kamailio,chatafl,2,edges,62
1773094053,kamailio,chatafl,2,nodes,14
1773094053,kamailio,chatafl,2,edges,62
1773094058,kamailio,chatafl,2,nodes,14
1773094058,kamailio,chatafl,2,edges,62
1773094083,kamailio,chatafl,2,nodes,14
1773094083,kamailio,chatafl,2,edges,62
1773094093,kamailio,chatafl,2,nodes,14
1773094093,kamailio,chatafl,2,edges,62
1773088370,kamailio,chatafl_opt,1,nodes,5
1773088370,kamailio,chatafl_opt,1,edges,17
1773088376,kamailio,chatafl_opt,1,nodes,5
1773088376,kamailio,chatafl_opt,1,edges,17
1773088381,kamailio,chatafl_opt,1,nodes,5
1773088381,kamailio,chatafl_opt,1,edges,17
1773088386,kamailio,chatafl_opt,1,nodes,5
1773088386,kamailio,chatafl_opt,1,edges,17
1773088391,kamailio,chatafl_opt,1,nodes,5
1773088391,kamailio,chatafl_opt,1,edges,17
1773088396,kamailio,chatafl_opt,1,nodes,5
1773088396,kamailio,chatafl_opt,1,edges,17
1773088401,kamailio,chatafl_opt,1,nodes,5
1773088401,kamailio,chatafl_opt,1,edges,17
1773088406,kamailio,chatafl_opt,1,nodes,5
1773088406,kamailio,chatafl_opt,1,edges,17
1773088411,kamailio,chatafl_opt,1,nodes,5
1773088411,kamailio,chatafl_opt,1,edges,17
1773088416,kamailio,chatafl_opt,1,nodes,5
1773088416,kamailio,chatafl_opt,1,edges,17
1773088422,kamailio,chatafl_opt,1,nodes,5
1773088422,kamailio,chatafl_opt,1,edges,17
1773088427,kamailio,chatafl_opt,1,nodes,5
1773088427,kamailio,chatafl_opt,1,edges,17
1773088432,kamailio,chatafl_opt,1,nodes,5
1773088432,kamailio,chatafl_opt,1,edges,17
1773088437,kamailio,chatafl_opt,1,nodes,5
1773088437,kamailio,chatafl_opt,1,edges,17
1773088442,kamailio,chatafl_opt,1,nodes,5
1773088442,kamailio,chatafl_opt,1,edges,17
1773088447,kamailio,chatafl_opt,1,nodes,5
1773088447,kamailio,chatafl_opt,1,edges,17
1773088452,kamailio,chatafl_opt,1,nodes,5
1773088452,kamailio,chatafl_opt,1,edges,17
1773088458,kamailio,chatafl_opt,1,nodes,5
1773088458,kamailio,chatafl_opt,1,edges,17
1773088463,kamailio,chatafl_opt,1,nodes,5
1773088463,kamailio,chatafl_opt,1,edges,17
1773088468,kamailio,chatafl_opt,1,nodes,5
1773088468,kamailio,chatafl_opt,1,edges,17
1773088473,kamailio,chatafl_opt,1,nodes,5
1773088473,kamailio,chatafl_opt,1,edges,17
1773088478,kamailio,chatafl_opt,1,nodes,5
1773088478,kamailio,chatafl_opt,1,edges,17
1773088483,kamailio,chatafl_opt,1,nodes,5
1773088483,kamailio,chatafl_opt,1,edges,17
1773088489,kamailio,chatafl_opt,1,nodes,5
1773088489,kamailio,chatafl_opt,1,edges,17
1773088494,kamailio,chatafl_opt,1,nodes,5
1773088494,kamailio,chatafl_opt,1,edges,17
1773088499,kamailio,chatafl_opt,1,nodes,5
1773088499,kamailio,chatafl_opt,1,edges,17
1773088504,kamailio,chatafl_opt,1,nodes,5
1773088504,kamailio,chatafl_opt,1,edges,17
1773088509,kamailio,chatafl_opt,1,nodes,5
1773088509,kamailio,chatafl_opt,1,edges,17
1773088514,kamailio,chatafl_opt,1,nodes,5
1773088514,kamailio,chatafl_opt,1,edges,17
1773088519,kamailio,chatafl_opt,1,nodes,5
1773088519,kamailio,chatafl_opt,1,edges,17
1773088524,kamailio,chatafl_opt,1,nodes,5
1773088524,kamailio,chatafl_opt,1,edges,17
1773088530,kamailio,chatafl_opt,1,nodes,5
1773088530,kamailio,chatafl_opt,1,edges,17
1773088535,kamailio,chatafl_opt,1,nodes,5
1773088535,kamailio,chatafl_opt,1,edges,17
1773088540,kamailio,chatafl_opt,1,nodes,5
1773088540,kamailio,chatafl_opt,1,edges,17
1773088545,kamailio,chatafl_opt,1,nodes,6
1773088545,kamailio,chatafl_opt,1,edges,20
1773088550,kamailio,chatafl_opt,1,nodes,7
1773088550,kamailio,chatafl_opt,1,edges,22
1773088555,kamailio,chatafl_opt,1,nodes,7
1773088555,kamailio,chatafl_opt,1,edges,22
1773088566,kamailio,chatafl_opt,1,nodes,7
1773088566,kamailio,chatafl_opt,1,edges,22
1773088571,kamailio,chatafl_opt,1,nodes,7
1773088571,kamailio,chatafl_opt,1,edges,22
1773088577,kamailio,chatafl_opt,1,nodes,7
1773088577,kamailio,chatafl_opt,1,edges,22
1773088582,kamailio,chatafl_opt,1,nodes,7
1773088582,kamailio,chatafl_opt,1,edges,22
1773088587,kamailio,chatafl_opt,1,nodes,7
1773088587,kamailio,chatafl_opt,1,edges,22
1773088592,kamailio,chatafl_opt,1,nodes,7
1773088592,kamailio,chatafl_opt,1,edges,22
1773088597,kamailio,chatafl_opt,1,nodes,7
1773088597,kamailio,chatafl_opt,1,edges,22
1773088602,kamailio,chatafl_opt,1,nodes,7
1773088602,kamailio,chatafl_opt,1,edges,22
1773088607,kamailio,chatafl_opt,1,nodes,7
1773088607,kamailio,chatafl_opt,1,edges,22
1773088613,kamailio,chatafl_opt,1,nodes,7
1773088613,kamailio,chatafl_opt,1,edges,22
1773088618,kamailio,chatafl_opt,1,nodes,7
1773088618,kamailio,chatafl_opt,1,edges,22
1773088623,kamailio,chatafl_opt,1,nodes,7
1773088623,kamailio,chatafl_opt,1,edges,22
1773088628,kamailio,chatafl_opt,1,nodes,7
1773088628,kamailio,chatafl_opt,1,edges,22
1773088634,kamailio,chatafl_opt,1,nodes,7
1773088634,kamailio,chatafl_opt,1,edges,22
1773088639,kamailio,chatafl_opt,1,nodes,7
1773088639,kamailio,chatafl_opt,1,edges,22
1773088644,kamailio,chatafl_opt,1,nodes,7
1773088644,kamailio,chatafl_opt,1,edges,22
1773088650,kamailio,chatafl_opt,1,nodes,7
1773088650,kamailio,chatafl_opt,1,edges,22
1773088655,kamailio,chatafl_opt,1,nodes,7
1773088655,kamailio,chatafl_opt,1,edges,22
1773088660,kamailio,chatafl_opt,1,nodes,7
1773088660,kamailio,chatafl_opt,1,edges,22
1773088665,kamailio,chatafl_opt,1,nodes,7
1773088665,kamailio,chatafl_opt,1,edges,22
1773088670,kamailio,chatafl_opt,1,nodes,7
1773088670,kamailio,chatafl_opt,1,edges,22
1773088675,kamailio,chatafl_opt,1,nodes,7
1773088675,kamailio,chatafl_opt,1,edges,22
1773088681,kamailio,chatafl_opt,1,nodes,7
1773088681,kamailio,chatafl_opt,1,edges,22
1773088686,kamailio,chatafl_opt,1,nodes,7
1773088686,kamailio,chatafl_opt,1,edges,22
1773088696,kamailio,chatafl_opt,1,nodes,7
1773088696,kamailio,chatafl_opt,1,edges,22
1773088701,kamailio,chatafl_opt,1,nodes,7
1773088701,kamailio,chatafl_opt,1,edges,22
1773088706,kamailio,chatafl_opt,1,nodes,7
1773088706,kamailio,chatafl_opt,1,edges,22
1773088711,kamailio,chatafl_opt,1,nodes,7
1773088711,kamailio,chatafl_opt,1,edges,22
1773088716,kamailio,chatafl_opt,1,nodes,7
1773088716,kamailio,chatafl_opt,1,edges,22
1773088721,kamailio,chatafl_opt,1,nodes,7
1773088721,kamailio,chatafl_opt,1,edges,22
1773088727,kamailio,chatafl_opt,1,nodes,7
1773088727,kamailio,chatafl_opt,1,edges,22
1773088732,kamailio,chatafl_opt,1,nodes,7
1773088732,kamailio,chatafl_opt,1,edges,22
1773088737,kamailio,chatafl_opt,1,nodes,7
1773088737,kamailio,chatafl_opt,1,edges,22
1773088742,kamailio,chatafl_opt,1,nodes,7
1773088742,kamailio,chatafl_opt,1,edges,22
1773088747,kamailio,chatafl_opt,1,nodes,7
1773088747,kamailio,chatafl_opt,1,edges,22
1773088753,kamailio,chatafl_opt,1,nodes,7
1773088753,kamailio,chatafl_opt,1,edges,22
1773088758,kamailio,chatafl_opt,1,nodes,7
1773088758,kamailio,chatafl_opt,1,edges,22
1773088763,kamailio,chatafl_opt,1,nodes,7
1773088763,kamailio,chatafl_opt,1,edges,22
1773088768,kamailio,chatafl_opt,1,nodes,7
1773088768,kamailio,chatafl_opt,1,edges,22
1773088778,kamailio,chatafl_opt,1,nodes,7
1773088778,kamailio,chatafl_opt,1,edges,22
1773088788,kamailio,chatafl_opt,1,nodes,7
1773088788,kamailio,chatafl_opt,1,edges,22
1773088793,kamailio,chatafl_opt,1,nodes,7
1773088793,kamailio,chatafl_opt,1,edges,22
1773088798,kamailio,chatafl_opt,1,nodes,7
1773088798,kamailio,chatafl_opt,1,edges,22
1773088804,kamailio,chatafl_opt,1,nodes,7
1773088804,kamailio,chatafl_opt,1,edges,23
1773088809,kamailio,chatafl_opt,1,nodes,7
1773088809,kamailio,chatafl_opt,1,edges,23
1773088814,kamailio,chatafl_opt,1,nodes,7
1773088814,kamailio,chatafl_opt,1,edges,23
1773088819,kamailio,chatafl_opt,1,nodes,7
1773088819,kamailio,chatafl_opt,1,edges,23
1773088824,kamailio,chatafl_opt,1,nodes,7
1773088824,kamailio,chatafl_opt,1,edges,24
1773088829,kamailio,chatafl_opt,1,nodes,7
1773088829,kamailio,chatafl_opt,1,edges,24
1773088834,kamailio,chatafl_opt,1,nodes,7
1773088834,kamailio,chatafl_opt,1,edges,24
1773088839,kamailio,chatafl_opt,1,nodes,7
1773088839,kamailio,chatafl_opt,1,edges,24
1773088844,kamailio,chatafl_opt,1,nodes,7
1773088844,kamailio,chatafl_opt,1,edges,24
1773088849,kamailio,chatafl_opt,1,nodes,7
1773088849,kamailio,chatafl_opt,1,edges,25
1773088859,kamailio,chatafl_opt,1,nodes,7
1773088859,kamailio,chatafl_opt,1,edges,25
1773088865,kamailio,chatafl_opt,1,nodes,7
1773088865,kamailio,chatafl_opt,1,edges,26
1773088870,kamailio,chatafl_opt,1,nodes,7
1773088870,kamailio,chatafl_opt,1,edges,26
1773088875,kamailio,chatafl_opt,1,nodes,7
1773088875,kamailio,chatafl_opt,1,edges,26
1773088880,kamailio,chatafl_opt,1,nodes,7
1773088880,kamailio,chatafl_opt,1,edges,26
1773088885,kamailio,chatafl_opt,1,nodes,7
1773088885,kamailio,chatafl_opt,1,edges,26
1773088890,kamailio,chatafl_opt,1,nodes,7
1773088890,kamailio,chatafl_opt,1,edges,26
1773088895,kamailio,chatafl_opt,1,nodes,9
1773088895,kamailio,chatafl_opt,1,edges,29
1773088900,kamailio,chatafl_opt,1,nodes,9
1773088900,kamailio,chatafl_opt,1,edges,29
1773088906,kamailio,chatafl_opt,1,nodes,9
1773088906,kamailio,chatafl_opt,1,edges,30
1773088911,kamailio,chatafl_opt,1,nodes,9
1773088911,kamailio,chatafl_opt,1,edges,30
1773088916,kamailio,chatafl_opt,1,nodes,9
1773088916,kamailio,chatafl_opt,1,edges,30
1773088921,kamailio,chatafl_opt,1,nodes,9
1773088921,kamailio,chatafl_opt,1,edges,30
1773088931,kamailio,chatafl_opt,1,nodes,9
1773088931,kamailio,chatafl_opt,1,edges,30
1773088936,kamailio,chatafl_opt,1,nodes,9
1773088936,kamailio,chatafl_opt,1,edges,30
1773088942,kamailio,chatafl_opt,1,nodes,9
1773088942,kamailio,chatafl_opt,1,edges,30
1773088947,kamailio,chatafl_opt,1,nodes,9
1773088947,kamailio,chatafl_opt,1,edges,30
1773088952,kamailio,chatafl_opt,1,nodes,9
1773088952,kamailio,chatafl_opt,1,edges,30
1773088957,kamailio,chatafl_opt,1,nodes,9
1773088957,kamailio,chatafl_opt,1,edges,30
1773088962,kamailio,chatafl_opt,1,nodes,9
1773088962,kamailio,chatafl_opt,1,edges,30
1773088967,kamailio,chatafl_opt,1,nodes,9
1773088967,kamailio,chatafl_opt,1,edges,30
1773088972,kamailio,chatafl_opt,1,nodes,9
1773088972,kamailio,chatafl_opt,1,edges,30
1773088977,kamailio,chatafl_opt,1,nodes,9
1773088977,kamailio,chatafl_opt,1,edges,30
1773088983,kamailio,chatafl_opt,1,nodes,9
1773088983,kamailio,chatafl_opt,1,edges,30
1773088988,kamailio,chatafl_opt,1,nodes,9
1773088988,kamailio,chatafl_opt,1,edges,30
1773088993,kamailio,chatafl_opt,1,nodes,9
1773088993,kamailio,chatafl_opt,1,edges,30
1773088998,kamailio,chatafl_opt,1,nodes,9
1773088998,kamailio,chatafl_opt,1,edges,30
1773089003,kamailio,chatafl_opt,1,nodes,9
1773089003,kamailio,chatafl_opt,1,edges,30
1773089008,kamailio,chatafl_opt,1,nodes,9
1773089008,kamailio,chatafl_opt,1,edges,30
1773089013,kamailio,chatafl_opt,1,nodes,9
1773089013,kamailio,chatafl_opt,1,edges,30
1773089018,kamailio,chatafl_opt,1,nodes,9
1773089018,kamailio,chatafl_opt,1,edges,30
1773089023,kamailio,chatafl_opt,1,nodes,9
1773089023,kamailio,chatafl_opt,1,edges,31
1773089029,kamailio,chatafl_opt,1,nodes,9
1773089029,kamailio,chatafl_opt,1,edges,31
1773089034,kamailio,chatafl_opt,1,nodes,9
1773089034,kamailio,chatafl_opt,1,edges,31
1773089039,kamailio,chatafl_opt,1,nodes,9
1773089039,kamailio,chatafl_opt,1,edges,31
1773089044,kamailio,chatafl_opt,1,nodes,9
1773089044,kamailio,chatafl_opt,1,edges,31
1773089049,kamailio,chatafl_opt,1,nodes,9
1773089049,kamailio,chatafl_opt,1,edges,31
1773089054,kamailio,chatafl_opt,1,nodes,9
1773089054,kamailio,chatafl_opt,1,edges,31
1773089059,kamailio,chatafl_opt,1,nodes,10
1773089059,kamailio,chatafl_opt,1,edges,34
1773089064,kamailio,chatafl_opt,1,nodes,10
1773089064,kamailio,chatafl_opt,1,edges,34
1773089069,kamailio,chatafl_opt,1,nodes,10
1773089069,kamailio,chatafl_opt,1,edges,34
1773089074,kamailio,chatafl_opt,1,nodes,10
1773089074,kamailio,chatafl_opt,1,edges,34
1773089079,kamailio,chatafl_opt,1,nodes,10
1773089079,kamailio,chatafl_opt,1,edges,34
1773089084,kamailio,chatafl_opt,1,nodes,10
1773089084,kamailio,chatafl_opt,1,edges,34
1773089090,kamailio,chatafl_opt,1,nodes,10
1773089090,kamailio,chatafl_opt,1,edges,34
1773089095,kamailio,chatafl_opt,1,nodes,10
1773089095,kamailio,chatafl_opt,1,edges,34
1773089100,kamailio,chatafl_opt,1,nodes,10
1773089100,kamailio,chatafl_opt,1,edges,34
1773089105,kamailio,chatafl_opt,1,nodes,10
1773089105,kamailio,chatafl_opt,1,edges,34
1773089110,kamailio,chatafl_opt,1,nodes,10
1773089110,kamailio,chatafl_opt,1,edges,34
1773089115,kamailio,chatafl_opt,1,nodes,10
1773089115,kamailio,chatafl_opt,1,edges,34
1773089120,kamailio,chatafl_opt,1,nodes,10
1773089120,kamailio,chatafl_opt,1,edges,34
1773089125,kamailio,chatafl_opt,1,nodes,10
1773089125,kamailio,chatafl_opt,1,edges,34
1773089130,kamailio,chatafl_opt,1,nodes,10
1773089130,kamailio,chatafl_opt,1,edges,35
1773089135,kamailio,chatafl_opt,1,nodes,10
1773089135,kamailio,chatafl_opt,1,edges,35
1773089140,kamailio,chatafl_opt,1,nodes,10
1773089140,kamailio,chatafl_opt,1,edges,35
1773089145,kamailio,chatafl_opt,1,nodes,10
1773089145,kamailio,chatafl_opt,1,edges,35
1773089156,kamailio,chatafl_opt,1,nodes,10
1773089156,kamailio,chatafl_opt,1,edges,35
1773089161,kamailio,chatafl_opt,1,nodes,10
1773089161,kamailio,chatafl_opt,1,edges,35
1773089166,kamailio,chatafl_opt,1,nodes,10
1773089166,kamailio,chatafl_opt,1,edges,35
1773089171,kamailio,chatafl_opt,1,nodes,10
1773089171,kamailio,chatafl_opt,1,edges,35
1773089176,kamailio,chatafl_opt,1,nodes,10
1773089176,kamailio,chatafl_opt,1,edges,35
1773089181,kamailio,chatafl_opt,1,nodes,10
1773089181,kamailio,chatafl_opt,1,edges,35
1773089186,kamailio,chatafl_opt,1,nodes,10
1773089186,kamailio,chatafl_opt,1,edges,35
1773089191,kamailio,chatafl_opt,1,nodes,10
1773089191,kamailio,chatafl_opt,1,edges,35
1773089196,kamailio,chatafl_opt,1,nodes,10
1773089196,kamailio,chatafl_opt,1,edges,35
1773089201,kamailio,chatafl_opt,1,nodes,10
1773089201,kamailio,chatafl_opt,1,edges,35
1773089207,kamailio,chatafl_opt,1,nodes,10
1773089207,kamailio,chatafl_opt,1,edges,35
1773089212,kamailio,chatafl_opt,1,nodes,10
1773089212,kamailio,chatafl_opt,1,edges,35
1773089217,kamailio,chatafl_opt,1,nodes,10
1773089217,kamailio,chatafl_opt,1,edges,35
1773089222,kamailio,chatafl_opt,1,nodes,10
1773089222,kamailio,chatafl_opt,1,edges,35
1773089227,kamailio,chatafl_opt,1,nodes,10
1773089227,kamailio,chatafl_opt,1,edges,37
1773089232,kamailio,chatafl_opt,1,nodes,10
1773089232,kamailio,chatafl_opt,1,edges,37
1773089237,kamailio,chatafl_opt,1,nodes,10
1773089237,kamailio,chatafl_opt,1,edges,37
1773089242,kamailio,chatafl_opt,1,nodes,10
1773089242,kamailio,chatafl_opt,1,edges,38
1773089248,kamailio,chatafl_opt,1,nodes,11
1773089248,kamailio,chatafl_opt,1,edges,40
1773089253,kamailio,chatafl_opt,1,nodes,11
1773089253,kamailio,chatafl_opt,1,edges,40
1773089258,kamailio,chatafl_opt,1,nodes,11
1773089258,kamailio,chatafl_opt,1,edges,41
1773089263,kamailio,chatafl_opt,1,nodes,11
1773089263,kamailio,chatafl_opt,1,edges,41
1773089268,kamailio,chatafl_opt,1,nodes,11
1773089268,kamailio,chatafl_opt,1,edges,41
1773089273,kamailio,chatafl_opt,1,nodes,11
1773089273,kamailio,chatafl_opt,1,edges,41
1773089278,kamailio,chatafl_opt,1,nodes,11
1773089278,kamailio,chatafl_opt,1,edges,41
1773089283,kamailio,chatafl_opt,1,nodes,11
1773089283,kamailio,chatafl_opt,1,edges,41
1773089288,kamailio,chatafl_opt,1,nodes,11
1773089288,kamailio,chatafl_opt,1,edges,41
1773089294,kamailio,chatafl_opt,1,nodes,11
1773089294,kamailio,chatafl_opt,1,edges,42
1773089299,kamailio,chatafl_opt,1,nodes,11
1773089299,kamailio,chatafl_opt,1,edges,42
1773089304,kamailio,chatafl_opt,1,nodes,11
1773089304,kamailio,chatafl_opt,1,edges,42
1773089309,kamailio,chatafl_opt,1,nodes,11
1773089309,kamailio,chatafl_opt,1,edges,42
1773089314,kamailio,chatafl_opt,1,nodes,11
1773089314,kamailio,chatafl_opt,1,edges,42
1773089319,kamailio,chatafl_opt,1,nodes,11
1773089319,kamailio,chatafl_opt,1,edges,42
1773089324,kamailio,chatafl_opt,1,nodes,11
1773089324,kamailio,chatafl_opt,1,edges,42
1773089330,kamailio,chatafl_opt,1,nodes,11
1773089330,kamailio,chatafl_opt,1,edges,42
1773089335,kamailio,chatafl_opt,1,nodes,11
1773089335,kamailio,chatafl_opt,1,edges,42
1773089340,kamailio,chatafl_opt,1,nodes,11
1773089340,kamailio,chatafl_opt,1,edges,42
1773089345,kamailio,chatafl_opt,1,nodes,11
1773089345,kamailio,chatafl_opt,1,edges,42
1773089350,kamailio,chatafl_opt,1,nodes,11
1773089350,kamailio,chatafl_opt,1,edges,42
1773089355,kamailio,chatafl_opt,1,nodes,11
1773089355,kamailio,chatafl_opt,1,edges,42
1773089361,kamailio,chatafl_opt,1,nodes,11
1773089361,kamailio,chatafl_opt,1,edges,42
1773089366,kamailio,chatafl_opt,1,nodes,11
1773089366,kamailio,chatafl_opt,1,edges,42
1773089371,kamailio,chatafl_opt,1,nodes,11
1773089371,kamailio,chatafl_opt,1,edges,42
1773089376,kamailio,chatafl_opt,1,nodes,11
1773089376,kamailio,chatafl_opt,1,edges,42
1773089381,kamailio,chatafl_opt,1,nodes,11
1773089381,kamailio,chatafl_opt,1,edges,42
1773089386,kamailio,chatafl_opt,1,nodes,11
1773089386,kamailio,chatafl_opt,1,edges,42
1773089391,kamailio,chatafl_opt,1,nodes,11
1773089391,kamailio,chatafl_opt,1,edges,42
1773089397,kamailio,chatafl_opt,1,nodes,11
1773089397,kamailio,chatafl_opt,1,edges,42
1773089407,kamailio,chatafl_opt,1,nodes,11
1773089407,kamailio,chatafl_opt,1,edges,42
1773089412,kamailio,chatafl_opt,1,nodes,11
1773089412,kamailio,chatafl_opt,1,edges,42
1773089417,kamailio,chatafl_opt,1,nodes,11
1773089417,kamailio,chatafl_opt,1,edges,42
1773089422,kamailio,chatafl_opt,1,nodes,11
1773089422,kamailio,chatafl_opt,1,edges,42
1773089428,kamailio,chatafl_opt,1,nodes,11
1773089428,kamailio,chatafl_opt,1,edges,42
1773089433,kamailio,chatafl_opt,1,nodes,11
1773089433,kamailio,chatafl_opt,1,edges,42
1773089438,kamailio,chatafl_opt,1,nodes,11
1773089438,kamailio,chatafl_opt,1,edges,42
1773089443,kamailio,chatafl_opt,1,nodes,11
1773089443,kamailio,chatafl_opt,1,edges,42
1773089448,kamailio,chatafl_opt,1,nodes,11
1773089448,kamailio,chatafl_opt,1,edges,42
1773089458,kamailio,chatafl_opt,1,nodes,11
1773089458,kamailio,chatafl_opt,1,edges,42
1773089463,kamailio,chatafl_opt,1,nodes,11
1773089463,kamailio,chatafl_opt,1,edges,42
1773089468,kamailio,chatafl_opt,1,nodes,11
1773089468,kamailio,chatafl_opt,1,edges,42
1773089473,kamailio,chatafl_opt,1,nodes,11
1773089473,kamailio,chatafl_opt,1,edges,42
1773089478,kamailio,chatafl_opt,1,nodes,11
1773089478,kamailio,chatafl_opt,1,edges,42
1773089484,kamailio,chatafl_opt,1,nodes,11
1773089484,kamailio,chatafl_opt,1,edges,42
1773089489,kamailio,chatafl_opt,1,nodes,11
1773089489,kamailio,chatafl_opt,1,edges,42
1773089494,kamailio,chatafl_opt,1,nodes,11
1773089494,kamailio,chatafl_opt,1,edges,42
1773089499,kamailio,chatafl_opt,1,nodes,11
1773089499,kamailio,chatafl_opt,1,edges,42
1773089504,kamailio,chatafl_opt,1,nodes,11
1773089504,kamailio,chatafl_opt,1,edges,42
1773089509,kamailio,chatafl_opt,1,nodes,11
1773089509,kamailio,chatafl_opt,1,edges,42
1773089515,kamailio,chatafl_opt,1,nodes,11
1773089515,kamailio,chatafl_opt,1,edges,42
1773089520,kamailio,chatafl_opt,1,nodes,11
1773089520,kamailio,chatafl_opt,1,edges,42
1773089525,kamailio,chatafl_opt,1,nodes,11
1773089525,kamailio,chatafl_opt,1,edges,42
1773089530,kamailio,chatafl_opt,1,nodes,11
1773089530,kamailio,chatafl_opt,1,edges,42
1773089536,kamailio,chatafl_opt,1,nodes,11
1773089536,kamailio,chatafl_opt,1,edges,42
1773089541,kamailio,chatafl_opt,1,nodes,11
1773089541,kamailio,chatafl_opt,1,edges,42
1773089546,kamailio,chatafl_opt,1,nodes,11
1773089546,kamailio,chatafl_opt,1,edges,42
1773089551,kamailio,chatafl_opt,1,nodes,11
1773089551,kamailio,chatafl_opt,1,edges,42
1773089556,kamailio,chatafl_opt,1,nodes,11
1773089556,kamailio,chatafl_opt,1,edges,42
1773089561,kamailio,chatafl_opt,1,nodes,11
1773089561,kamailio,chatafl_opt,1,edges,42
1773089566,kamailio,chatafl_opt,1,nodes,11
1773089566,kamailio,chatafl_opt,1,edges,42
1773089571,kamailio,chatafl_opt,1,nodes,11
1773089571,kamailio,chatafl_opt,1,edges,42
1773089576,kamailio,chatafl_opt,1,nodes,11
1773089576,kamailio,chatafl_opt,1,edges,42
1773089581,kamailio,chatafl_opt,1,nodes,11
1773089581,kamailio,chatafl_opt,1,edges,42
1773089587,kamailio,chatafl_opt,1,nodes,11
1773089587,kamailio,chatafl_opt,1,edges,42
1773089592,kamailio,chatafl_opt,1,nodes,11
1773089592,kamailio,chatafl_opt,1,edges,42
1773089597,kamailio,chatafl_opt,1,nodes,11
1773089597,kamailio,chatafl_opt,1,edges,42
1773089602,kamailio,chatafl_opt,1,nodes,11
1773089602,kamailio,chatafl_opt,1,edges,42
1773089607,kamailio,chatafl_opt,1,nodes,11
1773089607,kamailio,chatafl_opt,1,edges,42
1773089613,kamailio,chatafl_opt,1,nodes,11
1773089613,kamailio,chatafl_opt,1,edges,42
1773089618,kamailio,chatafl_opt,1,nodes,11
1773089618,kamailio,chatafl_opt,1,edges,42
1773089623,kamailio,chatafl_opt,1,nodes,11
1773089623,kamailio,chatafl_opt,1,edges,42
1773089628,kamailio,chatafl_opt,1,nodes,11
1773089628,kamailio,chatafl_opt,1,edges,42
1773089633,kamailio,chatafl_opt,1,nodes,11
1773089633,kamailio,chatafl_opt,1,edges,42
1773089638,kamailio,chatafl_opt,1,nodes,11
1773089638,kamailio,chatafl_opt,1,edges,42
1773089643,kamailio,chatafl_opt,1,nodes,11
1773089643,kamailio,chatafl_opt,1,edges,42
1773089649,kamailio,chatafl_opt,1,nodes,11
1773089649,kamailio,chatafl_opt,1,edges,42
1773089654,kamailio,chatafl_opt,1,nodes,11
1773089654,kamailio,chatafl_opt,1,edges,42
1773089659,kamailio,chatafl_opt,1,nodes,11
1773089659,kamailio,chatafl_opt,1,edges,42
1773089669,kamailio,chatafl_opt,1,nodes,11
1773089669,kamailio,chatafl_opt,1,edges,42
1773089674,kamailio,chatafl_opt,1,nodes,11
1773089674,kamailio,chatafl_opt,1,edges,42
1773089680,kamailio,chatafl_opt,1,nodes,11
1773089680,kamailio,chatafl_opt,1,edges,42
1773089685,kamailio,chatafl_opt,1,nodes,11
1773089685,kamailio,chatafl_opt,1,edges,42
1773089690,kamailio,chatafl_opt,1,nodes,11
1773089690,kamailio,chatafl_opt,1,edges,42
1773089695,kamailio,chatafl_opt,1,nodes,11
1773089695,kamailio,chatafl_opt,1,edges,42
1773089700,kamailio,chatafl_opt,1,nodes,11
1773089700,kamailio,chatafl_opt,1,edges,42
1773089705,kamailio,chatafl_opt,1,nodes,11
1773089705,kamailio,chatafl_opt,1,edges,42
1773089710,kamailio,chatafl_opt,1,nodes,11
1773089710,kamailio,chatafl_opt,1,edges,42
1773089715,kamailio,chatafl_opt,1,nodes,11
1773089715,kamailio,chatafl_opt,1,edges,42
1773089720,kamailio,chatafl_opt,1,nodes,11
1773089720,kamailio,chatafl_opt,1,edges,42
1773089726,kamailio,chatafl_opt,1,nodes,11
1773089726,kamailio,chatafl_opt,1,edges,42
1773089731,kamailio,chatafl_opt,1,nodes,11
1773089731,kamailio,chatafl_opt,1,edges,42
1773089736,kamailio,chatafl_opt,1,nodes,11
1773089736,kamailio,chatafl_opt,1,edges,42
1773089741,kamailio,chatafl_opt,1,nodes,11
1773089741,kamailio,chatafl_opt,1,edges,42
1773089746,kamailio,chatafl_opt,1,nodes,11
1773089746,kamailio,chatafl_opt,1,edges,42
1773089751,kamailio,chatafl_opt,1,nodes,11
1773089751,kamailio,chatafl_opt,1,edges,42
1773089756,kamailio,chatafl_opt,1,nodes,11
1773089756,kamailio,chatafl_opt,1,edges,42
1773089761,kamailio,chatafl_opt,1,nodes,11
1773089761,kamailio,chatafl_opt,1,edges,42
1773089766,kamailio,chatafl_opt,1,nodes,11
1773089766,kamailio,chatafl_opt,1,edges,42
1773089771,kamailio,chatafl_opt,1,nodes,11
1773089771,kamailio,chatafl_opt,1,edges,42
1773089777,kamailio,chatafl_opt,1,nodes,11
1773089777,kamailio,chatafl_opt,1,edges,42
1773089782,kamailio,chatafl_opt,1,nodes,11
1773089782,kamailio,chatafl_opt,1,edges,42
1773089792,kamailio,chatafl_opt,1,nodes,11
1773089792,kamailio,chatafl_opt,1,edges,43
1773089797,kamailio,chatafl_opt,1,nodes,11
1773089797,kamailio,chatafl_opt,1,edges,43
1773089802,kamailio,chatafl_opt,1,nodes,11
1773089802,kamailio,chatafl_opt,1,edges,43
1773089808,kamailio,chatafl_opt,1,nodes,12
1773089808,kamailio,chatafl_opt,1,edges,45
1773089813,kamailio,chatafl_opt,1,nodes,12
1773089813,kamailio,chatafl_opt,1,edges,45
1773089818,kamailio,chatafl_opt,1,nodes,12
1773089818,kamailio,chatafl_opt,1,edges,45
1773089823,kamailio,chatafl_opt,1,nodes,12
1773089823,kamailio,chatafl_opt,1,edges,45
1773089828,kamailio,chatafl_opt,1,nodes,12
1773089828,kamailio,chatafl_opt,1,edges,45
1773089833,kamailio,chatafl_opt,1,nodes,12
1773089833,kamailio,chatafl_opt,1,edges,45
1773089838,kamailio,chatafl_opt,1,nodes,12
1773089838,kamailio,chatafl_opt,1,edges,45
1773089843,kamailio,chatafl_opt,1,nodes,12
1773089843,kamailio,chatafl_opt,1,edges,45
1773089848,kamailio,chatafl_opt,1,nodes,13
1773089848,kamailio,chatafl_opt,1,edges,47
1773089854,kamailio,chatafl_opt,1,nodes,13
1773089854,kamailio,chatafl_opt,1,edges,47
1773089859,kamailio,chatafl_opt,1,nodes,13
1773089859,kamailio,chatafl_opt,1,edges,47
1773089864,kamailio,chatafl_opt,1,nodes,13
1773089864,kamailio,chatafl_opt,1,edges,47
1773089869,kamailio,chatafl_opt,1,nodes,13
1773089869,kamailio,chatafl_opt,1,edges,47
1773089874,kamailio,chatafl_opt,1,nodes,13
1773089874,kamailio,chatafl_opt,1,edges,47
1773089879,kamailio,chatafl_opt,1,nodes,13
1773089879,kamailio,chatafl_opt,1,edges,47
1773089884,kamailio,chatafl_opt,1,nodes,13
1773089884,kamailio,chatafl_opt,1,edges,47
1773089889,kamailio,chatafl_opt,1,nodes,13
1773089889,kamailio,chatafl_opt,1,edges,47
1773089895,kamailio,chatafl_opt,1,nodes,13
1773089895,kamailio,chatafl_opt,1,edges,47
1773089900,kamailio,chatafl_opt,1,nodes,13
1773089900,kamailio,chatafl_opt,1,edges,47
1773089905,kamailio,chatafl_opt,1,nodes,13
1773089905,kamailio,chatafl_opt,1,edges,47
1773089910,kamailio,chatafl_opt,1,nodes,13
1773089910,kamailio,chatafl_opt,1,edges,47
1773089915,kamailio,chatafl_opt,1,nodes,13
1773089915,kamailio,chatafl_opt,1,edges,47
1773089920,kamailio,chatafl_opt,1,nodes,13
1773089920,kamailio,chatafl_opt,1,edges,47
1773089926,kamailio,chatafl_opt,1,nodes,13
1773089926,kamailio,chatafl_opt,1,edges,47
1773089931,kamailio,chatafl_opt,1,nodes,13
1773089931,kamailio,chatafl_opt,1,edges,47
1773089936,kamailio,chatafl_opt,1,nodes,13
1773089936,kamailio,chatafl_opt,1,edges,47
1773089941,kamailio,chatafl_opt,1,nodes,13
1773089941,kamailio,chatafl_opt,1,edges,47
1773089946,kamailio,chatafl_opt,1,nodes,13
1773089946,kamailio,chatafl_opt,1,edges,47
1773089951,kamailio,chatafl_opt,1,nodes,13
1773089951,kamailio,chatafl_opt,1,edges,47
1773089957,kamailio,chatafl_opt,1,nodes,13
1773089957,kamailio,chatafl_opt,1,edges,47
1773089962,kamailio,chatafl_opt,1,nodes,13
1773089962,kamailio,chatafl_opt,1,edges,47
1773089967,kamailio,chatafl_opt,1,nodes,13
1773089967,kamailio,chatafl_opt,1,edges,47
1773089972,kamailio,chatafl_opt,1,nodes,13
1773089972,kamailio,chatafl_opt,1,edges,47
1773089977,kamailio,chatafl_opt,1,nodes,13
1773089977,kamailio,chatafl_opt,1,edges,47
1773089987,kamailio,chatafl_opt,1,nodes,13
1773089987,kamailio,chatafl_opt,1,edges,47
1773089993,kamailio,chatafl_opt,1,nodes,13
1773089993,kamailio,chatafl_opt,1,edges,47
1773089998,kamailio,chatafl_opt,1,nodes,13
1773089998,kamailio,chatafl_opt,1,edges,47
1773090003,kamailio,chatafl_opt,1,nodes,13
1773090003,kamailio,chatafl_opt,1,edges,47
1773090008,kamailio,chatafl_opt,1,nodes,13
1773090008,kamailio,chatafl_opt,1,edges,47
1773090013,kamailio,chatafl_opt,1,nodes,13
1773090013,kamailio,chatafl_opt,1,edges,47
1773090018,kamailio,chatafl_opt,1,nodes,13
1773090018,kamailio,chatafl_opt,1,edges,47
1773090023,kamailio,chatafl_opt,1,nodes,13
1773090023,kamailio,chatafl_opt,1,edges,47
1773090028,kamailio,chatafl_opt,1,nodes,13
1773090028,kamailio,chatafl_opt,1,edges,47
1773090034,kamailio,chatafl_opt,1,nodes,13
1773090034,kamailio,chatafl_opt,1,edges,47
1773090044,kamailio,chatafl_opt,1,nodes,13
1773090044,kamailio,chatafl_opt,1,edges,47
1773090049,kamailio,chatafl_opt,1,nodes,13
1773090049,kamailio,chatafl_opt,1,edges,47
1773090054,kamailio,chatafl_opt,1,nodes,13
1773090054,kamailio,chatafl_opt,1,edges,47
1773090059,kamailio,chatafl_opt,1,nodes,13
1773090059,kamailio,chatafl_opt,1,edges,47
1773090064,kamailio,chatafl_opt,1,nodes,13
1773090064,kamailio,chatafl_opt,1,edges,47
1773090069,kamailio,chatafl_opt,1,nodes,13
1773090069,kamailio,chatafl_opt,1,edges,47
1773090075,kamailio,chatafl_opt,1,nodes,13
1773090075,kamailio,chatafl_opt,1,edges,47
1773090085,kamailio,chatafl_opt,1,nodes,13
1773090085,kamailio,chatafl_opt,1,edges,47
1773090090,kamailio,chatafl_opt,1,nodes,13
1773090090,kamailio,chatafl_opt,1,edges,47
1773090095,kamailio,chatafl_opt,1,nodes,13
1773090095,kamailio,chatafl_opt,1,edges,47
1773090100,kamailio,chatafl_opt,1,nodes,13
1773090100,kamailio,chatafl_opt,1,edges,47
1773090105,kamailio,chatafl_opt,1,nodes,13
1773090105,kamailio,chatafl_opt,1,edges,47
1773090110,kamailio,chatafl_opt,1,nodes,13
1773090110,kamailio,chatafl_opt,1,edges,47
1773090115,kamailio,chatafl_opt,1,nodes,13
1773090115,kamailio,chatafl_opt,1,edges,47
1773090120,kamailio,chatafl_opt,1,nodes,13
1773090120,kamailio,chatafl_opt,1,edges,47
1773090125,kamailio,chatafl_opt,1,nodes,13
1773090125,kamailio,chatafl_opt,1,edges,47
1773090130,kamailio,chatafl_opt,1,nodes,13
1773090130,kamailio,chatafl_opt,1,edges,47
1773090136,kamailio,chatafl_opt,1,nodes,13
1773090136,kamailio,chatafl_opt,1,edges,47
1773090141,kamailio,chatafl_opt,1,nodes,13
1773090141,kamailio,chatafl_opt,1,edges,47
1773090146,kamailio,chatafl_opt,1,nodes,13
1773090146,kamailio,chatafl_opt,1,edges,47
1773090151,kamailio,chatafl_opt,1,nodes,13
1773090151,kamailio,chatafl_opt,1,edges,47
1773090156,kamailio,chatafl_opt,1,nodes,13
1773090156,kamailio,chatafl_opt,1,edges,47
1773090166,kamailio,chatafl_opt,1,nodes,13
1773090166,kamailio,chatafl_opt,1,edges,47
1773090172,kamailio,chatafl_opt,1,nodes,13
1773090172,kamailio,chatafl_opt,1,edges,47
1773090177,kamailio,chatafl_opt,1,nodes,13
1773090177,kamailio,chatafl_opt,1,edges,47
1773090182,kamailio,chatafl_opt,1,nodes,13
1773090182,kamailio,chatafl_opt,1,edges,47
1773090187,kamailio,chatafl_opt,1,nodes,13
1773090187,kamailio,chatafl_opt,1,edges,47
1773090192,kamailio,chatafl_opt,1,nodes,13
1773090192,kamailio,chatafl_opt,1,edges,47
1773090197,kamailio,chatafl_opt,1,nodes,13
1773090197,kamailio,chatafl_opt,1,edges,47
1773090202,kamailio,chatafl_opt,1,nodes,13
1773090202,kamailio,chatafl_opt,1,edges,47
1773090208,kamailio,chatafl_opt,1,nodes,13
1773090208,kamailio,chatafl_opt,1,edges,47
1773090218,kamailio,chatafl_opt,1,nodes,13
1773090218,kamailio,chatafl_opt,1,edges,47
1773090223,kamailio,chatafl_opt,1,nodes,13
1773090223,kamailio,chatafl_opt,1,edges,47
1773090228,kamailio,chatafl_opt,1,nodes,13
1773090228,kamailio,chatafl_opt,1,edges,47
1773090233,kamailio,chatafl_opt,1,nodes,13
1773090233,kamailio,chatafl_opt,1,edges,47
1773090238,kamailio,chatafl_opt,1,nodes,13
1773090238,kamailio,chatafl_opt,1,edges,47
1773090243,kamailio,chatafl_opt,1,nodes,13
1773090243,kamailio,chatafl_opt,1,edges,47
1773090249,kamailio,chatafl_opt,1,nodes,13
1773090249,kamailio,chatafl_opt,1,edges,47
1773090259,kamailio,chatafl_opt,1,nodes,13
1773090259,kamailio,chatafl_opt,1,edges,47
1773090264,kamailio,chatafl_opt,1,nodes,13
1773090264,kamailio,chatafl_opt,1,edges,47
1773090269,kamailio,chatafl_opt,1,nodes,13
1773090269,kamailio,chatafl_opt,1,edges,47
1773090274,kamailio,chatafl_opt,1,nodes,13
1773090274,kamailio,chatafl_opt,1,edges,47
1773090279,kamailio,chatafl_opt,1,nodes,13
1773090279,kamailio,chatafl_opt,1,edges,47
1773090295,kamailio,chatafl_opt,1,nodes,13
1773090295,kamailio,chatafl_opt,1,edges,47
1773090300,kamailio,chatafl_opt,1,nodes,13
1773090300,kamailio,chatafl_opt,1,edges,47
1773090305,kamailio,chatafl_opt,1,nodes,13
1773090305,kamailio,chatafl_opt,1,edges,47
1773090310,kamailio,chatafl_opt,1,nodes,13
1773090310,kamailio,chatafl_opt,1,edges,47
1773090315,kamailio,chatafl_opt,1,nodes,13
1773090315,kamailio,chatafl_opt,1,edges,47
1773090320,kamailio,chatafl_opt,1,nodes,13
1773090320,kamailio,chatafl_opt,1,edges,47
1773090325,kamailio,chatafl_opt,1,nodes,13
1773090325,kamailio,chatafl_opt,1,edges,47
1773090330,kamailio,chatafl_opt,1,nodes,13
1773090330,kamailio,chatafl_opt,1,edges,47
1773090341,kamailio,chatafl_opt,1,nodes,13
1773090341,kamailio,chatafl_opt,1,edges,47
1773090346,kamailio,chatafl_opt,1,nodes,13
1773090346,kamailio,chatafl_opt,1,edges,47
1773090351,kamailio,chatafl_opt,1,nodes,13
1773090351,kamailio,chatafl_opt,1,edges,47
1773090356,kamailio,chatafl_opt,1,nodes,13
1773090356,kamailio,chatafl_opt,1,edges,47
1773090361,kamailio,chatafl_opt,1,nodes,13
1773090361,kamailio,chatafl_opt,1,edges,47
1773090366,kamailio,chatafl_opt,1,nodes,13
1773090366,kamailio,chatafl_opt,1,edges,48
1773090371,kamailio,chatafl_opt,1,nodes,13
1773090371,kamailio,chatafl_opt,1,edges,48
1773090382,kamailio,chatafl_opt,1,nodes,13
1773090382,kamailio,chatafl_opt,1,edges,48
1773090392,kamailio,chatafl_opt,1,nodes,13
1773090392,kamailio,chatafl_opt,1,edges,48
1773090397,kamailio,chatafl_opt,1,nodes,13
1773090397,kamailio,chatafl_opt,1,edges,48
1773090407,kamailio,chatafl_opt,1,nodes,13
1773090407,kamailio,chatafl_opt,1,edges,48
1773090413,kamailio,chatafl_opt,1,nodes,13
1773090413,kamailio,chatafl_opt,1,edges,48
1773090418,kamailio,chatafl_opt,1,nodes,13
1773090418,kamailio,chatafl_opt,1,edges,48
1773090423,kamailio,chatafl_opt,1,nodes,13
1773090423,kamailio,chatafl_opt,1,edges,48
1773090428,kamailio,chatafl_opt,1,nodes,13
1773090428,kamailio,chatafl_opt,1,edges,48
1773090433,kamailio,chatafl_opt,1,nodes,13
1773090433,kamailio,chatafl_opt,1,edges,48
1773090438,kamailio,chatafl_opt,1,nodes,13
1773090438,kamailio,chatafl_opt,1,edges,48
1773090449,kamailio,chatafl_opt,1,nodes,13
1773090449,kamailio,chatafl_opt,1,edges,48
1773090454,kamailio,chatafl_opt,1,nodes,13
1773090454,kamailio,chatafl_opt,1,edges,48
1773090459,kamailio,chatafl_opt,1,nodes,13
1773090459,kamailio,chatafl_opt,1,edges,48
1773090469,kamailio,chatafl_opt,1,nodes,13
1773090469,kamailio,chatafl_opt,1,edges,48
1773090474,kamailio,chatafl_opt,1,nodes,13
1773090474,kamailio,chatafl_opt,1,edges,48
1773090484,kamailio,chatafl_opt,1,nodes,13
1773090484,kamailio,chatafl_opt,1,edges,48
1773090490,kamailio,chatafl_opt,1,nodes,13
1773090490,kamailio,chatafl_opt,1,edges,48
1773090495,kamailio,chatafl_opt,1,nodes,13
1773090495,kamailio,chatafl_opt,1,edges,48
1773090500,kamailio,chatafl_opt,1,nodes,13
1773090500,kamailio,chatafl_opt,1,edges,48
1773090510,kamailio,chatafl_opt,1,nodes,13
1773090510,kamailio,chatafl_opt,1,edges,48
1773090515,kamailio,chatafl_opt,1,nodes,13
1773090515,kamailio,chatafl_opt,1,edges,48
1773090521,kamailio,chatafl_opt,1,nodes,13
1773090521,kamailio,chatafl_opt,1,edges,48
1773090526,kamailio,chatafl_opt,1,nodes,13
1773090526,kamailio,chatafl_opt,1,edges,48
1773090531,kamailio,chatafl_opt,1,nodes,13
1773090531,kamailio,chatafl_opt,1,edges,48
1773090541,kamailio,chatafl_opt,1,nodes,13
1773090541,kamailio,chatafl_opt,1,edges,48
1773090546,kamailio,chatafl_opt,1,nodes,13
1773090546,kamailio,chatafl_opt,1,edges,48
1773090552,kamailio,chatafl_opt,1,nodes,13
1773090552,kamailio,chatafl_opt,1,edges,48
1773090557,kamailio,chatafl_opt,1,nodes,13
1773090557,kamailio,chatafl_opt,1,edges,48
1773090562,kamailio,chatafl_opt,1,nodes,13
1773090562,kamailio,chatafl_opt,1,edges,48
1773090567,kamailio,chatafl_opt,1,nodes,13
1773090567,kamailio,chatafl_opt,1,edges,48
1773090572,kamailio,chatafl_opt,1,nodes,13
1773090572,kamailio,chatafl_opt,1,edges,48
1773090577,kamailio,chatafl_opt,1,nodes,13
1773090577,kamailio,chatafl_opt,1,edges,48
1773090582,kamailio,chatafl_opt,1,nodes,13
1773090582,kamailio,chatafl_opt,1,edges,48
1773090587,kamailio,chatafl_opt,1,nodes,13
1773090587,kamailio,chatafl_opt,1,edges,48
1773090592,kamailio,chatafl_opt,1,nodes,13
1773090592,kamailio,chatafl_opt,1,edges,48
1773090598,kamailio,chatafl_opt,1,nodes,13
1773090598,kamailio,chatafl_opt,1,edges,48
1773090608,kamailio,chatafl_opt,1,nodes,13
1773090608,kamailio,chatafl_opt,1,edges,48
1773090618,kamailio,chatafl_opt,1,nodes,13
1773090618,kamailio,chatafl_opt,1,edges,48
1773090623,kamailio,chatafl_opt,1,nodes,13
1773090623,kamailio,chatafl_opt,1,edges,48
1773090628,kamailio,chatafl_opt,1,nodes,13
1773090628,kamailio,chatafl_opt,1,edges,48
1773090643,kamailio,chatafl_opt,1,nodes,13
1773090643,kamailio,chatafl_opt,1,edges,48
1773090654,kamailio,chatafl_opt,1,nodes,13
1773090654,kamailio,chatafl_opt,1,edges,49
1773090659,kamailio,chatafl_opt,1,nodes,13
1773090659,kamailio,chatafl_opt,1,edges,49
1773090664,kamailio,chatafl_opt,1,nodes,13
1773090664,kamailio,chatafl_opt,1,edges,49
1773090669,kamailio,chatafl_opt,1,nodes,13
1773090669,kamailio,chatafl_opt,1,edges,49
1773090674,kamailio,chatafl_opt,1,nodes,13
1773090674,kamailio,chatafl_opt,1,edges,49
1773090679,kamailio,chatafl_opt,1,nodes,13
1773090679,kamailio,chatafl_opt,1,edges,49
1773090684,kamailio,chatafl_opt,1,nodes,13
1773090684,kamailio,chatafl_opt,1,edges,49
1773090689,kamailio,chatafl_opt,1,nodes,13
1773090689,kamailio,chatafl_opt,1,edges,49
1773090694,kamailio,chatafl_opt,1,nodes,13
1773090694,kamailio,chatafl_opt,1,edges,49
1773090699,kamailio,chatafl_opt,1,nodes,13
1773090699,kamailio,chatafl_opt,1,edges,49
1773090710,kamailio,chatafl_opt,1,nodes,13
1773090710,kamailio,chatafl_opt,1,edges,49
1773090715,kamailio,chatafl_opt,1,nodes,13
1773090715,kamailio,chatafl_opt,1,edges,49
1773090720,kamailio,chatafl_opt,1,nodes,13
1773090720,kamailio,chatafl_opt,1,edges,49
1773090725,kamailio,chatafl_opt,1,nodes,13
1773090725,kamailio,chatafl_opt,1,edges,49
1773090730,kamailio,chatafl_opt,1,nodes,13
1773090730,kamailio,chatafl_opt,1,edges,49
1773090735,kamailio,chatafl_opt,1,nodes,13
1773090735,kamailio,chatafl_opt,1,edges,49
1773090740,kamailio,chatafl_opt,1,nodes,13
1773090740,kamailio,chatafl_opt,1,edges,49
1773090745,kamailio,chatafl_opt,1,nodes,13
1773090745,kamailio,chatafl_opt,1,edges,49
1773090761,kamailio,chatafl_opt,1,nodes,13
1773090761,kamailio,chatafl_opt,1,edges,49
1773090771,kamailio,chatafl_opt,1,nodes,13
1773090771,kamailio,chatafl_opt,1,edges,49
1773090776,kamailio,chatafl_opt,1,nodes,13
1773090776,kamailio,chatafl_opt,1,edges,49
1773090781,kamailio,chatafl_opt,1,nodes,13
1773090781,kamailio,chatafl_opt,1,edges,49
1773090786,kamailio,chatafl_opt,1,nodes,13
1773090786,kamailio,chatafl_opt,1,edges,49
1773090791,kamailio,chatafl_opt,1,nodes,13
1773090791,kamailio,chatafl_opt,1,edges,49
1773090801,kamailio,chatafl_opt,1,nodes,13
1773090801,kamailio,chatafl_opt,1,edges,49
1773090806,kamailio,chatafl_opt,1,nodes,13
1773090806,kamailio,chatafl_opt,1,edges,49
1773090811,kamailio,chatafl_opt,1,nodes,13
1773090811,kamailio,chatafl_opt,1,edges,49
1773090817,kamailio,chatafl_opt,1,nodes,13
1773090817,kamailio,chatafl_opt,1,edges,49
1773090822,kamailio,chatafl_opt,1,nodes,13
1773090822,kamailio,chatafl_opt,1,edges,49
1773090832,kamailio,chatafl_opt,1,nodes,13
1773090832,kamailio,chatafl_opt,1,edges,49
1773090837,kamailio,chatafl_opt,1,nodes,13
1773090837,kamailio,chatafl_opt,1,edges,49
1773090842,kamailio,chatafl_opt,1,nodes,13
1773090842,kamailio,chatafl_opt,1,edges,49
1773090853,kamailio,chatafl_opt,1,nodes,13
1773090853,kamailio,chatafl_opt,1,edges,49
1773090858,kamailio,chatafl_opt,1,nodes,13
1773090858,kamailio,chatafl_opt,1,edges,49
1773090863,kamailio,chatafl_opt,1,nodes,13
1773090863,kamailio,chatafl_opt,1,edges,49
1773090873,kamailio,chatafl_opt,1,nodes,13
1773090873,kamailio,chatafl_opt,1,edges,49
1773090878,kamailio,chatafl_opt,1,nodes,13
1773090878,kamailio,chatafl_opt,1,edges,49
1773090883,kamailio,chatafl_opt,1,nodes,13
1773090883,kamailio,chatafl_opt,1,edges,49
1773090893,kamailio,chatafl_opt,1,nodes,13
1773090893,kamailio,chatafl_opt,1,edges,49
1773090898,kamailio,chatafl_opt,1,nodes,13
1773090898,kamailio,chatafl_opt,1,edges,49
1773090904,kamailio,chatafl_opt,1,nodes,13
1773090904,kamailio,chatafl_opt,1,edges,49
1773090909,kamailio,chatafl_opt,1,nodes,13
1773090909,kamailio,chatafl_opt,1,edges,49
1773090914,kamailio,chatafl_opt,1,nodes,13
1773090914,kamailio,chatafl_opt,1,edges,49
1773090919,kamailio,chatafl_opt,1,nodes,13
1773090919,kamailio,chatafl_opt,1,edges,49
1773090929,kamailio,chatafl_opt,1,nodes,13
1773090929,kamailio,chatafl_opt,1,edges,49
1773090945,kamailio,chatafl_opt,1,nodes,13
1773090945,kamailio,chatafl_opt,1,edges,49
1773090950,kamailio,chatafl_opt,1,nodes,13
1773090950,kamailio,chatafl_opt,1,edges,49
1773090955,kamailio,chatafl_opt,1,nodes,13
1773090955,kamailio,chatafl_opt,1,edges,49
1773090960,kamailio,chatafl_opt,1,nodes,13
1773090960,kamailio,chatafl_opt,1,edges,49
1773090965,kamailio,chatafl_opt,1,nodes,13
1773090965,kamailio,chatafl_opt,1,edges,49
1773090975,kamailio,chatafl_opt,1,nodes,13
1773090975,kamailio,chatafl_opt,1,edges,49
1773090986,kamailio,chatafl_opt,1,nodes,13
1773090986,kamailio,chatafl_opt,1,edges,49
1773090991,kamailio,chatafl_opt,1,nodes,13
1773090991,kamailio,chatafl_opt,1,edges,49
1773090996,kamailio,chatafl_opt,1,nodes,13
1773090996,kamailio,chatafl_opt,1,edges,51
1773091001,kamailio,chatafl_opt,1,nodes,13
1773091001,kamailio,chatafl_opt,1,edges,51
1773091006,kamailio,chatafl_opt,1,nodes,13
1773091006,kamailio,chatafl_opt,1,edges,51
1773091016,kamailio,chatafl_opt,1,nodes,13
1773091016,kamailio,chatafl_opt,1,edges,51
1773091021,kamailio,chatafl_opt,1,nodes,13
1773091021,kamailio,chatafl_opt,1,edges,51
1773091026,kamailio,chatafl_opt,1,nodes,13
1773091026,kamailio,chatafl_opt,1,edges,51
1773091031,kamailio,chatafl_opt,1,nodes,13
1773091031,kamailio,chatafl_opt,1,edges,51
1773091037,kamailio,chatafl_opt,1,nodes,13
1773091037,kamailio,chatafl_opt,1,edges,51
1773091042,kamailio,chatafl_opt,1,nodes,13
1773091042,kamailio,chatafl_opt,1,edges,51
1773091047,kamailio,chatafl_opt,1,nodes,13
1773091047,kamailio,chatafl_opt,1,edges,51
1773091052,kamailio,chatafl_opt,1,nodes,13
1773091052,kamailio,chatafl_opt,1,edges,51
1773091062,kamailio,chatafl_opt,1,nodes,13
1773091062,kamailio,chatafl_opt,1,edges,51
1773091067,kamailio,chatafl_opt,1,nodes,13
1773091067,kamailio,chatafl_opt,1,edges,51
1773091073,kamailio,chatafl_opt,1,nodes,13
1773091073,kamailio,chatafl_opt,1,edges,51
1773091078,kamailio,chatafl_opt,1,nodes,13
1773091078,kamailio,chatafl_opt,1,edges,51
1773091088,kamailio,chatafl_opt,1,nodes,13
1773091088,kamailio,chatafl_opt,1,edges,51
1773091093,kamailio,chatafl_opt,1,nodes,13
1773091093,kamailio,chatafl_opt,1,edges,51
1773091098,kamailio,chatafl_opt,1,nodes,13
1773091098,kamailio,chatafl_opt,1,edges,51
1773091109,kamailio,chatafl_opt,1,nodes,13
1773091109,kamailio,chatafl_opt,1,edges,52
1773091124,kamailio,chatafl_opt,1,nodes,13
1773091124,kamailio,chatafl_opt,1,edges,52
1773091129,kamailio,chatafl_opt,1,nodes,13
1773091129,kamailio,chatafl_opt,1,edges,52
1773091139,kamailio,chatafl_opt,1,nodes,13
1773091139,kamailio,chatafl_opt,1,edges,52
1773091149,kamailio,chatafl_opt,1,nodes,13
1773091149,kamailio,chatafl_opt,1,edges,52
1773091154,kamailio,chatafl_opt,1,nodes,13
1773091154,kamailio,chatafl_opt,1,edges,52
1773091159,kamailio,chatafl_opt,1,nodes,13
1773091159,kamailio,chatafl_opt,1,edges,52
1773091164,kamailio,chatafl_opt,1,nodes,13
1773091164,kamailio,chatafl_opt,1,edges,52
1773091175,kamailio,chatafl_opt,1,nodes,13
1773091175,kamailio,chatafl_opt,1,edges,52
1773091180,kamailio,chatafl_opt,1,nodes,13
1773091180,kamailio,chatafl_opt,1,edges,52
1773091185,kamailio,chatafl_opt,1,nodes,13
1773091185,kamailio,chatafl_opt,1,edges,52
1773091190,kamailio,chatafl_opt,1,nodes,13
1773091190,kamailio,chatafl_opt,1,edges,52
1773091200,kamailio,chatafl_opt,1,nodes,13
1773091200,kamailio,chatafl_opt,1,edges,52
1773091205,kamailio,chatafl_opt,1,nodes,13
1773091205,kamailio,chatafl_opt,1,edges,52
1773091211,kamailio,chatafl_opt,1,nodes,13
1773091211,kamailio,chatafl_opt,1,edges,52
1773091221,kamailio,chatafl_opt,1,nodes,13
1773091221,kamailio,chatafl_opt,1,edges,52
1773091231,kamailio,chatafl_opt,1,nodes,13
1773091231,kamailio,chatafl_opt,1,edges,52
1773091236,kamailio,chatafl_opt,1,nodes,13
1773091236,kamailio,chatafl_opt,1,edges,52
1773091252,kamailio,chatafl_opt,1,nodes,13
1773091252,kamailio,chatafl_opt,1,edges,52
1773091257,kamailio,chatafl_opt,1,nodes,13
1773091257,kamailio,chatafl_opt,1,edges,52
1773091262,kamailio,chatafl_opt,1,nodes,13
1773091262,kamailio,chatafl_opt,1,edges,52
1773091267,kamailio,chatafl_opt,1,nodes,13
1773091267,kamailio,chatafl_opt,1,edges,52
1773091272,kamailio,chatafl_opt,1,nodes,13
1773091272,kamailio,chatafl_opt,1,edges,52
1773091277,kamailio,chatafl_opt,1,nodes,13
1773091277,kamailio,chatafl_opt,1,edges,52
1773091282,kamailio,chatafl_opt,1,nodes,13
1773091282,kamailio,chatafl_opt,1,edges,52
1773091287,kamailio,chatafl_opt,1,nodes,13
1773091287,kamailio,chatafl_opt,1,edges,52
1773091293,kamailio,chatafl_opt,1,nodes,13
1773091293,kamailio,chatafl_opt,1,edges,52
1773091298,kamailio,chatafl_opt,1,nodes,13
1773091298,kamailio,chatafl_opt,1,edges,52
1773091303,kamailio,chatafl_opt,1,nodes,13
1773091303,kamailio,chatafl_opt,1,edges,52
1773091308,kamailio,chatafl_opt,1,nodes,13
1773091308,kamailio,chatafl_opt,1,edges,52
1773091313,kamailio,chatafl_opt,1,nodes,13
1773091313,kamailio,chatafl_opt,1,edges,52
1773091318,kamailio,chatafl_opt,1,nodes,13
1773091318,kamailio,chatafl_opt,1,edges,52
1773091324,kamailio,chatafl_opt,1,nodes,13
1773091324,kamailio,chatafl_opt,1,edges,52
1773091329,kamailio,chatafl_opt,1,nodes,13
1773091329,kamailio,chatafl_opt,1,edges,52
1773091334,kamailio,chatafl_opt,1,nodes,13
1773091334,kamailio,chatafl_opt,1,edges,52
1773091339,kamailio,chatafl_opt,1,nodes,13
1773091339,kamailio,chatafl_opt,1,edges,52
1773091344,kamailio,chatafl_opt,1,nodes,13
1773091344,kamailio,chatafl_opt,1,edges,52
1773091349,kamailio,chatafl_opt,1,nodes,13
1773091349,kamailio,chatafl_opt,1,edges,52
1773091354,kamailio,chatafl_opt,1,nodes,13
1773091354,kamailio,chatafl_opt,1,edges,52
1773091359,kamailio,chatafl_opt,1,nodes,13
1773091359,kamailio,chatafl_opt,1,edges,52
1773091364,kamailio,chatafl_opt,1,nodes,13
1773091364,kamailio,chatafl_opt,1,edges,52
1773091369,kamailio,chatafl_opt,1,nodes,13
1773091369,kamailio,chatafl_opt,1,edges,52
1773091380,kamailio,chatafl_opt,1,nodes,13
1773091380,kamailio,chatafl_opt,1,edges,52
1773091385,kamailio,chatafl_opt,1,nodes,13
1773091385,kamailio,chatafl_opt,1,edges,52
1773091390,kamailio,chatafl_opt,1,nodes,13
1773091390,kamailio,chatafl_opt,1,edges,52
1773091396,kamailio,chatafl_opt,1,nodes,13
1773091396,kamailio,chatafl_opt,1,edges,52
1773091401,kamailio,chatafl_opt,1,nodes,13
1773091401,kamailio,chatafl_opt,1,edges,52
1773091411,kamailio,chatafl_opt,1,nodes,13
1773091411,kamailio,chatafl_opt,1,edges,52
1773091416,kamailio,chatafl_opt,1,nodes,13
1773091416,kamailio,chatafl_opt,1,edges,52
1773091427,kamailio,chatafl_opt,1,nodes,13
1773091427,kamailio,chatafl_opt,1,edges,52
1773091432,kamailio,chatafl_opt,1,nodes,13
1773091432,kamailio,chatafl_opt,1,edges,52
1773091437,kamailio,chatafl_opt,1,nodes,13
1773091437,kamailio,chatafl_opt,1,edges,52
1773091447,kamailio,chatafl_opt,1,nodes,13
1773091447,kamailio,chatafl_opt,1,edges,52
1773091452,kamailio,chatafl_opt,1,nodes,13
1773091452,kamailio,chatafl_opt,1,edges,52
1773091457,kamailio,chatafl_opt,1,nodes,13
1773091457,kamailio,chatafl_opt,1,edges,52
1773091462,kamailio,chatafl_opt,1,nodes,13
1773091462,kamailio,chatafl_opt,1,edges,52
1773091468,kamailio,chatafl_opt,1,nodes,13
1773091468,kamailio,chatafl_opt,1,edges,52
1773091473,kamailio,chatafl_opt,1,nodes,13
1773091473,kamailio,chatafl_opt,1,edges,52
1773091478,kamailio,chatafl_opt,1,nodes,13
1773091478,kamailio,chatafl_opt,1,edges,52
1773091483,kamailio,chatafl_opt,1,nodes,13
1773091483,kamailio,chatafl_opt,1,edges,52
1773091488,kamailio,chatafl_opt,1,nodes,13
1773091488,kamailio,chatafl_opt,1,edges,52
1773091493,kamailio,chatafl_opt,1,nodes,13
1773091493,kamailio,chatafl_opt,1,edges,52
1773091498,kamailio,chatafl_opt,1,nodes,13
1773091498,kamailio,chatafl_opt,1,edges,52
1773091504,kamailio,chatafl_opt,1,nodes,13
1773091504,kamailio,chatafl_opt,1,edges,52
1773091509,kamailio,chatafl_opt,1,nodes,13
1773091509,kamailio,chatafl_opt,1,edges,52
1773091519,kamailio,chatafl_opt,1,nodes,13
1773091519,kamailio,chatafl_opt,1,edges,52
1773091524,kamailio,chatafl_opt,1,nodes,13
1773091524,kamailio,chatafl_opt,1,edges,52
1773091529,kamailio,chatafl_opt,1,nodes,13
1773091529,kamailio,chatafl_opt,1,edges,52
1773091535,kamailio,chatafl_opt,1,nodes,13
1773091535,kamailio,chatafl_opt,1,edges,52
1773091540,kamailio,chatafl_opt,1,nodes,13
1773091540,kamailio,chatafl_opt,1,edges,52
1773091550,kamailio,chatafl_opt,1,nodes,13
1773091550,kamailio,chatafl_opt,1,edges,52
1773091555,kamailio,chatafl_opt,1,nodes,13
1773091555,kamailio,chatafl_opt,1,edges,52
1773091560,kamailio,chatafl_opt,1,nodes,13
1773091560,kamailio,chatafl_opt,1,edges,52
1773091565,kamailio,chatafl_opt,1,nodes,13
1773091565,kamailio,chatafl_opt,1,edges,52
1773091570,kamailio,chatafl_opt,1,nodes,13
1773091570,kamailio,chatafl_opt,1,edges,52
1773091580,kamailio,chatafl_opt,1,nodes,13
1773091580,kamailio,chatafl_opt,1,edges,52
1773091586,kamailio,chatafl_opt,1,nodes,13
1773091586,kamailio,chatafl_opt,1,edges,52
1773091596,kamailio,chatafl_opt,1,nodes,13
1773091596,kamailio,chatafl_opt,1,edges,52
1773091606,kamailio,chatafl_opt,1,nodes,13
1773091606,kamailio,chatafl_opt,1,edges,52
1773091611,kamailio,chatafl_opt,1,nodes,13
1773091611,kamailio,chatafl_opt,1,edges,52
1773091616,kamailio,chatafl_opt,1,nodes,13
1773091616,kamailio,chatafl_opt,1,edges,52
1773091621,kamailio,chatafl_opt,1,nodes,13
1773091621,kamailio,chatafl_opt,1,edges,52
1773091626,kamailio,chatafl_opt,1,nodes,13
1773091626,kamailio,chatafl_opt,1,edges,52
1773091637,kamailio,chatafl_opt,1,nodes,13
1773091637,kamailio,chatafl_opt,1,edges,53
1773091642,kamailio,chatafl_opt,1,nodes,13
1773091642,kamailio,chatafl_opt,1,edges,53
1773091657,kamailio,chatafl_opt,1,nodes,13
1773091657,kamailio,chatafl_opt,1,edges,53
1773091662,kamailio,chatafl_opt,1,nodes,13
1773091662,kamailio,chatafl_opt,1,edges,53
1773091667,kamailio,chatafl_opt,1,nodes,13
1773091667,kamailio,chatafl_opt,1,edges,53
1773091672,kamailio,chatafl_opt,1,nodes,13
1773091672,kamailio,chatafl_opt,1,edges,53
1773091678,kamailio,chatafl_opt,1,nodes,13
1773091678,kamailio,chatafl_opt,1,edges,53
1773091693,kamailio,chatafl_opt,1,nodes,13
1773091693,kamailio,chatafl_opt,1,edges,53
1773091698,kamailio,chatafl_opt,1,nodes,13
1773091698,kamailio,chatafl_opt,1,edges,53
1773091703,kamailio,chatafl_opt,1,nodes,13
1773091703,kamailio,chatafl_opt,1,edges,53
1773091713,kamailio,chatafl_opt,1,nodes,13
1773091713,kamailio,chatafl_opt,1,edges,53
1773091724,kamailio,chatafl_opt,1,nodes,13
1773091724,kamailio,chatafl_opt,1,edges,53
1773091734,kamailio,chatafl_opt,1,nodes,13
1773091734,kamailio,chatafl_opt,1,edges,53
1773091739,kamailio,chatafl_opt,1,nodes,13
1773091739,kamailio,chatafl_opt,1,edges,53
1773091744,kamailio,chatafl_opt,1,nodes,13
1773091744,kamailio,chatafl_opt,1,edges,53
1773091749,kamailio,chatafl_opt,1,nodes,13
1773091749,kamailio,chatafl_opt,1,edges,53
1773091755,kamailio,chatafl_opt,1,nodes,13
1773091755,kamailio,chatafl_opt,1,edges,53
1773091760,kamailio,chatafl_opt,1,nodes,13
1773091760,kamailio,chatafl_opt,1,edges,53
1773091775,kamailio,chatafl_opt,1,nodes,13
1773091775,kamailio,chatafl_opt,1,edges,53
1773091785,kamailio,chatafl_opt,1,nodes,13
1773091785,kamailio,chatafl_opt,1,edges,53
1773091790,kamailio,chatafl_opt,1,nodes,13
1773091790,kamailio,chatafl_opt,1,edges,53
1773091796,kamailio,chatafl_opt,1,nodes,13
1773091796,kamailio,chatafl_opt,1,edges,53
1773091801,kamailio,chatafl_opt,1,nodes,13
1773091801,kamailio,chatafl_opt,1,edges,53
1773091806,kamailio,chatafl_opt,1,nodes,13
1773091806,kamailio,chatafl_opt,1,edges,53
1773091811,kamailio,chatafl_opt,1,nodes,13
1773091811,kamailio,chatafl_opt,1,edges,53
1773091816,kamailio,chatafl_opt,1,nodes,13
1773091816,kamailio,chatafl_opt,1,edges,53
1773091821,kamailio,chatafl_opt,1,nodes,13
1773091821,kamailio,chatafl_opt,1,edges,53
1773091827,kamailio,chatafl_opt,1,nodes,13
1773091827,kamailio,chatafl_opt,1,edges,53
1773091832,kamailio,chatafl_opt,1,nodes,13
1773091832,kamailio,chatafl_opt,1,edges,53
1773091837,kamailio,chatafl_opt,1,nodes,13
1773091837,kamailio,chatafl_opt,1,edges,53
1773091842,kamailio,chatafl_opt,1,nodes,13
1773091842,kamailio,chatafl_opt,1,edges,53
1773091852,kamailio,chatafl_opt,1,nodes,13
1773091852,kamailio,chatafl_opt,1,edges,53
1773091857,kamailio,chatafl_opt,1,nodes,13
1773091857,kamailio,chatafl_opt,1,edges,53
1773091862,kamailio,chatafl_opt,1,nodes,13
1773091862,kamailio,chatafl_opt,1,edges,53
1773091878,kamailio,chatafl_opt,1,nodes,13
1773091878,kamailio,chatafl_opt,1,edges,53
1773091883,kamailio,chatafl_opt,1,nodes,13
1773091883,kamailio,chatafl_opt,1,edges,53
1773091893,kamailio,chatafl_opt,1,nodes,13
1773091893,kamailio,chatafl_opt,1,edges,53
1773091899,kamailio,chatafl_opt,1,nodes,13
1773091899,kamailio,chatafl_opt,1,edges,53
1773091909,kamailio,chatafl_opt,1,nodes,13
1773091909,kamailio,chatafl_opt,1,edges,53
1773091914,kamailio,chatafl_opt,1,nodes,13
1773091914,kamailio,chatafl_opt,1,edges,53
1773091919,kamailio,chatafl_opt,1,nodes,13
1773091919,kamailio,chatafl_opt,1,edges,53
1773091924,kamailio,chatafl_opt,1,nodes,13
1773091924,kamailio,chatafl_opt,1,edges,53
1773091929,kamailio,chatafl_opt,1,nodes,13
1773091929,kamailio,chatafl_opt,1,edges,53
1773091934,kamailio,chatafl_opt,1,nodes,13
1773091934,kamailio,chatafl_opt,1,edges,53
1773091940,kamailio,chatafl_opt,1,nodes,13
1773091940,kamailio,chatafl_opt,1,edges,53
1773091945,kamailio,chatafl_opt,1,nodes,13
1773091945,kamailio,chatafl_opt,1,edges,53
1773091950,kamailio,chatafl_opt,1,nodes,13
1773091950,kamailio,chatafl_opt,1,edges,53
1773091960,kamailio,chatafl_opt,1,nodes,13
1773091960,kamailio,chatafl_opt,1,edges,53
1773091970,kamailio,chatafl_opt,1,nodes,13
1773091970,kamailio,chatafl_opt,1,edges,53
1773091975,kamailio,chatafl_opt,1,nodes,13
1773091975,kamailio,chatafl_opt,1,edges,53
1773091981,kamailio,chatafl_opt,1,nodes,13
1773091981,kamailio,chatafl_opt,1,edges,53
1773091986,kamailio,chatafl_opt,1,nodes,13
1773091986,kamailio,chatafl_opt,1,edges,53
1773091991,kamailio,chatafl_opt,1,nodes,13
1773091991,kamailio,chatafl_opt,1,edges,53
1773091996,kamailio,chatafl_opt,1,nodes,13
1773091996,kamailio,chatafl_opt,1,edges,53
1773092006,kamailio,chatafl_opt,1,nodes,13
1773092006,kamailio,chatafl_opt,1,edges,53
1773092012,kamailio,chatafl_opt,1,nodes,13
1773092012,kamailio,chatafl_opt,1,edges,53
1773092022,kamailio,chatafl_opt,1,nodes,13
1773092022,kamailio,chatafl_opt,1,edges,53
1773092032,kamailio,chatafl_opt,1,nodes,13
1773092032,kamailio,chatafl_opt,1,edges,53
1773092037,kamailio,chatafl_opt,1,nodes,13
1773092037,kamailio,chatafl_opt,1,edges,53
1773092042,kamailio,chatafl_opt,1,nodes,13
1773092042,kamailio,chatafl_opt,1,edges,53
1773092047,kamailio,chatafl_opt,1,nodes,13
1773092047,kamailio,chatafl_opt,1,edges,53
1773092052,kamailio,chatafl_opt,1,nodes,13
1773092052,kamailio,chatafl_opt,1,edges,53
1773092058,kamailio,chatafl_opt,1,nodes,13
1773092058,kamailio,chatafl_opt,1,edges,53
1773092063,kamailio,chatafl_opt,1,nodes,13
1773092063,kamailio,chatafl_opt,1,edges,53
1773092068,kamailio,chatafl_opt,1,nodes,13
1773092068,kamailio,chatafl_opt,1,edges,53
1773092073,kamailio,chatafl_opt,1,nodes,13
1773092073,kamailio,chatafl_opt,1,edges,53
1773092078,kamailio,chatafl_opt,1,nodes,13
1773092078,kamailio,chatafl_opt,1,edges,53
1773092088,kamailio,chatafl_opt,1,nodes,13
1773092088,kamailio,chatafl_opt,1,edges,53
1773092098,kamailio,chatafl_opt,1,nodes,13
1773092098,kamailio,chatafl_opt,1,edges,53
1773092103,kamailio,chatafl_opt,1,nodes,13
1773092103,kamailio,chatafl_opt,1,edges,53
1773092108,kamailio,chatafl_opt,1,nodes,13
1773092108,kamailio,chatafl_opt,1,edges,53
1773092119,kamailio,chatafl_opt,1,nodes,13
1773092119,kamailio,chatafl_opt,1,edges,53
1773092124,kamailio,chatafl_opt,1,nodes,13
1773092124,kamailio,chatafl_opt,1,edges,53
1773092129,kamailio,chatafl_opt,1,nodes,13
1773092129,kamailio,chatafl_opt,1,edges,53
1773092144,kamailio,chatafl_opt,1,nodes,13
1773092144,kamailio,chatafl_opt,1,edges,53
1773092155,kamailio,chatafl_opt,1,nodes,13
1773092155,kamailio,chatafl_opt,1,edges,53
1773092165,kamailio,chatafl_opt,1,nodes,13
1773092165,kamailio,chatafl_opt,1,edges,55
1773092175,kamailio,chatafl_opt,1,nodes,13
1773092175,kamailio,chatafl_opt,1,edges,55
1773092180,kamailio,chatafl_opt,1,nodes,13
1773092180,kamailio,chatafl_opt,1,edges,55
1773092185,kamailio,chatafl_opt,1,nodes,13
1773092185,kamailio,chatafl_opt,1,edges,55
1773092196,kamailio,chatafl_opt,1,nodes,13
1773092196,kamailio,chatafl_opt,1,edges,55
1773092201,kamailio,chatafl_opt,1,nodes,13
1773092201,kamailio,chatafl_opt,1,edges,55
1773092206,kamailio,chatafl_opt,1,nodes,13
1773092206,kamailio,chatafl_opt,1,edges,55
1773092211,kamailio,chatafl_opt,1,nodes,13
1773092211,kamailio,chatafl_opt,1,edges,55
1773092216,kamailio,chatafl_opt,1,nodes,13
1773092216,kamailio,chatafl_opt,1,edges,55
1773092226,kamailio,chatafl_opt,1,nodes,13
1773092226,kamailio,chatafl_opt,1,edges,55
1773092231,kamailio,chatafl_opt,1,nodes,13
1773092231,kamailio,chatafl_opt,1,edges,56
1773092237,kamailio,chatafl_opt,1,nodes,13
1773092237,kamailio,chatafl_opt,1,edges,57
1773092247,kamailio,chatafl_opt,1,nodes,13
1773092247,kamailio,chatafl_opt,1,edges,57
1773092252,kamailio,chatafl_opt,1,nodes,13
1773092252,kamailio,chatafl_opt,1,edges,57
1773092257,kamailio,chatafl_opt,1,nodes,13
1773092257,kamailio,chatafl_opt,1,edges,57
1773092262,kamailio,chatafl_opt,1,nodes,13
1773092262,kamailio,chatafl_opt,1,edges,57
1773092268,kamailio,chatafl_opt,1,nodes,13
1773092268,kamailio,chatafl_opt,1,edges,57
1773092278,kamailio,chatafl_opt,1,nodes,13
1773092278,kamailio,chatafl_opt,1,edges,57
1773092283,kamailio,chatafl_opt,1,nodes,13
1773092283,kamailio,chatafl_opt,1,edges,57
1773092293,kamailio,chatafl_opt,1,nodes,13
1773092293,kamailio,chatafl_opt,1,edges,57
1773092298,kamailio,chatafl_opt,1,nodes,13
1773092298,kamailio,chatafl_opt,1,edges,57
1773092303,kamailio,chatafl_opt,1,nodes,13
1773092303,kamailio,chatafl_opt,1,edges,57
1773092309,kamailio,chatafl_opt,1,nodes,13
1773092309,kamailio,chatafl_opt,1,edges,57
1773092314,kamailio,chatafl_opt,1,nodes,13
1773092314,kamailio,chatafl_opt,1,edges,57
1773092319,kamailio,chatafl_opt,1,nodes,13
1773092319,kamailio,chatafl_opt,1,edges,57
1773092329,kamailio,chatafl_opt,1,nodes,13
1773092329,kamailio,chatafl_opt,1,edges,57
1773092344,kamailio,chatafl_opt,1,nodes,13
1773092344,kamailio,chatafl_opt,1,edges,57
1773092349,kamailio,chatafl_opt,1,nodes,13
1773092349,kamailio,chatafl_opt,1,edges,57
1773092364,kamailio,chatafl_opt,1,nodes,13
1773092364,kamailio,chatafl_opt,1,edges,57
1773092375,kamailio,chatafl_opt,1,nodes,13
1773092375,kamailio,chatafl_opt,1,edges,57
1773092380,kamailio,chatafl_opt,1,nodes,13
1773092380,kamailio,chatafl_opt,1,edges,57
1773092385,kamailio,chatafl_opt,1,nodes,13
1773092385,kamailio,chatafl_opt,1,edges,57
1773092390,kamailio,chatafl_opt,1,nodes,13
1773092390,kamailio,chatafl_opt,1,edges,57
1773092410,kamailio,chatafl_opt,1,nodes,13
1773092410,kamailio,chatafl_opt,1,edges,57
1773092415,kamailio,chatafl_opt,1,nodes,13
1773092415,kamailio,chatafl_opt,1,edges,57
1773092420,kamailio,chatafl_opt,1,nodes,13
1773092420,kamailio,chatafl_opt,1,edges,57
1773092425,kamailio,chatafl_opt,1,nodes,13
1773092425,kamailio,chatafl_opt,1,edges,57
1773092431,kamailio,chatafl_opt,1,nodes,13
1773092431,kamailio,chatafl_opt,1,edges,57
1773092441,kamailio,chatafl_opt,1,nodes,13
1773092441,kamailio,chatafl_opt,1,edges,57
1773092446,kamailio,chatafl_opt,1,nodes,13
1773092446,kamailio,chatafl_opt,1,edges,57
1773092451,kamailio,chatafl_opt,1,nodes,13
1773092451,kamailio,chatafl_opt,1,edges,57
1773092457,kamailio,chatafl_opt,1,nodes,13
1773092457,kamailio,chatafl_opt,1,edges,57
1773092462,kamailio,chatafl_opt,1,nodes,13
1773092462,kamailio,chatafl_opt,1,edges,57
1773092467,kamailio,chatafl_opt,1,nodes,13
1773092467,kamailio,chatafl_opt,1,edges,57
1773092472,kamailio,chatafl_opt,1,nodes,13
1773092472,kamailio,chatafl_opt,1,edges,57
1773092477,kamailio,chatafl_opt,1,nodes,13
1773092477,kamailio,chatafl_opt,1,edges,57
1773092487,kamailio,chatafl_opt,1,nodes,13
1773092487,kamailio,chatafl_opt,1,edges,57
1773092493,kamailio,chatafl_opt,1,nodes,13
1773092493,kamailio,chatafl_opt,1,edges,58
1773092498,kamailio,chatafl_opt,1,nodes,13
1773092498,kamailio,chatafl_opt,1,edges,58
1773092503,kamailio,chatafl_opt,1,nodes,13
1773092503,kamailio,chatafl_opt,1,edges,58
1773092513,kamailio,chatafl_opt,1,nodes,13
1773092513,kamailio,chatafl_opt,1,edges,59
1773092518,kamailio,chatafl_opt,1,nodes,13
1773092518,kamailio,chatafl_opt,1,edges,59
1773092528,kamailio,chatafl_opt,1,nodes,13
1773092528,kamailio,chatafl_opt,1,edges,59
1773092533,kamailio,chatafl_opt,1,nodes,13
1773092533,kamailio,chatafl_opt,1,edges,59
1773092549,kamailio,chatafl_opt,1,nodes,13
1773092549,kamailio,chatafl_opt,1,edges,59
1773092559,kamailio,chatafl_opt,1,nodes,13
1773092559,kamailio,chatafl_opt,1,edges,59
1773092564,kamailio,chatafl_opt,1,nodes,13
1773092564,kamailio,chatafl_opt,1,edges,59
1773092569,kamailio,chatafl_opt,1,nodes,13
1773092569,kamailio,chatafl_opt,1,edges,59
1773092585,kamailio,chatafl_opt,1,nodes,13
1773092585,kamailio,chatafl_opt,1,edges,59
1773092595,kamailio,chatafl_opt,1,nodes,13
1773092595,kamailio,chatafl_opt,1,edges,59
1773092600,kamailio,chatafl_opt,1,nodes,13
1773092600,kamailio,chatafl_opt,1,edges,59
1773092611,kamailio,chatafl_opt,1,nodes,13
1773092611,kamailio,chatafl_opt,1,edges,59
1773092626,kamailio,chatafl_opt,1,nodes,13
1773092626,kamailio,chatafl_opt,1,edges,59
1773092641,kamailio,chatafl_opt,1,nodes,13
1773092641,kamailio,chatafl_opt,1,edges,59
1773092647,kamailio,chatafl_opt,1,nodes,13
1773092647,kamailio,chatafl_opt,1,edges,59
1773092652,kamailio,chatafl_opt,1,nodes,13
1773092652,kamailio,chatafl_opt,1,edges,59
1773092682,kamailio,chatafl_opt,1,nodes,13
1773092682,kamailio,chatafl_opt,1,edges,59
1773092703,kamailio,chatafl_opt,1,nodes,13
1773092703,kamailio,chatafl_opt,1,edges,59
1773092708,kamailio,chatafl_opt,1,nodes,13
1773092708,kamailio,chatafl_opt,1,edges,59
1773092718,kamailio,chatafl_opt,1,nodes,13
1773092718,kamailio,chatafl_opt,1,edges,59
1773092744,kamailio,chatafl_opt,1,nodes,13
1773092744,kamailio,chatafl_opt,1,edges,59
1773092806,kamailio,chatafl_opt,1,nodes,13
1773092806,kamailio,chatafl_opt,1,edges,59
1773092827,kamailio,chatafl_opt,1,nodes,13
1773092827,kamailio,chatafl_opt,1,edges,59
1773092832,kamailio,chatafl_opt,1,nodes,13
1773092832,kamailio,chatafl_opt,1,edges,61
1773092837,kamailio,chatafl_opt,1,nodes,13
1773092837,kamailio,chatafl_opt,1,edges,61
1773092848,kamailio,chatafl_opt,1,nodes,13
1773092848,kamailio,chatafl_opt,1,edges,61
1773092853,kamailio,chatafl_opt,1,nodes,13
1773092853,kamailio,chatafl_opt,1,edges,61
1773092868,kamailio,chatafl_opt,1,nodes,13
1773092868,kamailio,chatafl_opt,1,edges,61
1773092874,kamailio,chatafl_opt,1,nodes,13
1773092874,kamailio,chatafl_opt,1,edges,61
1773092879,kamailio,chatafl_opt,1,nodes,13
1773092879,kamailio,chatafl_opt,1,edges,61
1773092884,kamailio,chatafl_opt,1,nodes,13
1773092884,kamailio,chatafl_opt,1,edges,61
1773092889,kamailio,chatafl_opt,1,nodes,13
1773092889,kamailio,chatafl_opt,1,edges,61
1773092894,kamailio,chatafl_opt,1,nodes,13
1773092894,kamailio,chatafl_opt,1,edges,61
1773092899,kamailio,chatafl_opt,1,nodes,13
1773092899,kamailio,chatafl_opt,1,edges,61
1773092904,kamailio,chatafl_opt,1,nodes,13
1773092904,kamailio,chatafl_opt,1,edges,61
1773092915,kamailio,chatafl_opt,1,nodes,13
1773092915,kamailio,chatafl_opt,1,edges,61
1773092920,kamailio,chatafl_opt,1,nodes,13
1773092920,kamailio,chatafl_opt,1,edges,61
1773092925,kamailio,chatafl_opt,1,nodes,13
1773092925,kamailio,chatafl_opt,1,edges,61
1773092930,kamailio,chatafl_opt,1,nodes,13
1773092930,kamailio,chatafl_opt,1,edges,61
1773092940,kamailio,chatafl_opt,1,nodes,13
1773092940,kamailio,chatafl_opt,1,edges,61
1773092951,kamailio,chatafl_opt,1,nodes,13
1773092951,kamailio,chatafl_opt,1,edges,61
1773092976,kamailio,chatafl_opt,1,nodes,13
1773092976,kamailio,chatafl_opt,1,edges,61
1773092992,kamailio,chatafl_opt,1,nodes,13
1773092992,kamailio,chatafl_opt,1,edges,61
1773093007,kamailio,chatafl_opt,1,nodes,13
1773093007,kamailio,chatafl_opt,1,edges,61
1773093033,kamailio,chatafl_opt,1,nodes,13
1773093033,kamailio,chatafl_opt,1,edges,61
1773093043,kamailio,chatafl_opt,1,nodes,13
1773093043,kamailio,chatafl_opt,1,edges,61
1773093058,kamailio,chatafl_opt,1,nodes,13
1773093058,kamailio,chatafl_opt,1,edges,61
1773093074,kamailio,chatafl_opt,1,nodes,13
1773093074,kamailio,chatafl_opt,1,edges,61
1773093079,kamailio,chatafl_opt,1,nodes,13
1773093079,kamailio,chatafl_opt,1,edges,61
1773093099,kamailio,chatafl_opt,1,nodes,13
1773093099,kamailio,chatafl_opt,1,edges,61
1773093104,kamailio,chatafl_opt,1,nodes,13
1773093104,kamailio,chatafl_opt,1,edges,61
1773093109,kamailio,chatafl_opt,1,nodes,13
1773093109,kamailio,chatafl_opt,1,edges,61
1773093114,kamailio,chatafl_opt,1,nodes,13
1773093114,kamailio,chatafl_opt,1,edges,61
1773093130,kamailio,chatafl_opt,1,nodes,13
1773093130,kamailio,chatafl_opt,1,edges,61
1773093135,kamailio,chatafl_opt,1,nodes,13
1773093135,kamailio,chatafl_opt,1,edges,62
1773093140,kamailio,chatafl_opt,1,nodes,13
1773093140,kamailio,chatafl_opt,1,edges,62
1773093155,kamailio,chatafl_opt,1,nodes,13
1773093155,kamailio,chatafl_opt,1,edges,62
1773093165,kamailio,chatafl_opt,1,nodes,13
1773093165,kamailio,chatafl_opt,1,edges,62
1773093171,kamailio,chatafl_opt,1,nodes,13
1773093171,kamailio,chatafl_opt,1,edges,62
1773093176,kamailio,chatafl_opt,1,nodes,13
1773093176,kamailio,chatafl_opt,1,edges,62
1773093186,kamailio,chatafl_opt,1,nodes,13
1773093186,kamailio,chatafl_opt,1,edges,62
1773093201,kamailio,chatafl_opt,1,nodes,13
1773093201,kamailio,chatafl_opt,1,edges,62
1773093207,kamailio,chatafl_opt,1,nodes,13
1773093207,kamailio,chatafl_opt,1,edges,62
1773093212,kamailio,chatafl_opt,1,nodes,13
1773093212,kamailio,chatafl_opt,1,edges,62
1773093237,kamailio,chatafl_opt,1,nodes,13
1773093237,kamailio,chatafl_opt,1,edges,62
1773093263,kamailio,chatafl_opt,1,nodes,13
1773093263,kamailio,chatafl_opt,1,edges,62
1773093278,kamailio,chatafl_opt,1,nodes,13
1773093278,kamailio,chatafl_opt,1,edges,62
1773093294,kamailio,chatafl_opt,1,nodes,13
1773093294,kamailio,chatafl_opt,1,edges,62
1773093299,kamailio,chatafl_opt,1,nodes,13
1773093299,kamailio,chatafl_opt,1,edges,62
1773093319,kamailio,chatafl_opt,1,nodes,13
1773093319,kamailio,chatafl_opt,1,edges,62
1773093324,kamailio,chatafl_opt,1,nodes,13
1773093324,kamailio,chatafl_opt,1,edges,62
1773093330,kamailio,chatafl_opt,1,nodes,13
1773093330,kamailio,chatafl_opt,1,edges,62
1773093335,kamailio,chatafl_opt,1,nodes,13
1773093335,kamailio,chatafl_opt,1,edges,62
1773093340,kamailio,chatafl_opt,1,nodes,13
1773093340,kamailio,chatafl_opt,1,edges,62
1773093350,kamailio,chatafl_opt,1,nodes,13
1773093350,kamailio,chatafl_opt,1,edges,62
1773093355,kamailio,chatafl_opt,1,nodes,13
1773093355,kamailio,chatafl_opt,1,edges,62
1773093360,kamailio,chatafl_opt,1,nodes,13
1773093360,kamailio,chatafl_opt,1,edges,62
1773093371,kamailio,chatafl_opt,1,nodes,13
1773093371,kamailio,chatafl_opt,1,edges,62
1773093376,kamailio,chatafl_opt,1,nodes,13
1773093376,kamailio,chatafl_opt,1,edges,62
1773093412,kamailio,chatafl_opt,1,nodes,13
1773093412,kamailio,chatafl_opt,1,edges,62
1773093422,kamailio,chatafl_opt,1,nodes,13
1773093422,kamailio,chatafl_opt,1,edges,62
1773093427,kamailio,chatafl_opt,1,nodes,13
1773093427,kamailio,chatafl_opt,1,edges,62
1773093432,kamailio,chatafl_opt,1,nodes,13
1773093432,kamailio,chatafl_opt,1,edges,62
1773093442,kamailio,chatafl_opt,1,nodes,13
1773093442,kamailio,chatafl_opt,1,edges,62
1773093447,kamailio,chatafl_opt,1,nodes,13
1773093447,kamailio,chatafl_opt,1,edges,62
1773093452,kamailio,chatafl_opt,1,nodes,13
1773093452,kamailio,chatafl_opt,1,edges,62
1773093462,kamailio,chatafl_opt,1,nodes,13
1773093462,kamailio,chatafl_opt,1,edges,62
1773093468,kamailio,chatafl_opt,1,nodes,13
1773093468,kamailio,chatafl_opt,1,edges,62
1773093473,kamailio,chatafl_opt,1,nodes,13
1773093473,kamailio,chatafl_opt,1,edges,62
1773093483,kamailio,chatafl_opt,1,nodes,13
1773093483,kamailio,chatafl_opt,1,edges,62
1773093488,kamailio,chatafl_opt,1,nodes,13
1773093488,kamailio,chatafl_opt,1,edges,62
1773093509,kamailio,chatafl_opt,1,nodes,13
1773093509,kamailio,chatafl_opt,1,edges,62
1773093529,kamailio,chatafl_opt,1,nodes,13
1773093529,kamailio,chatafl_opt,1,edges,62
1773093534,kamailio,chatafl_opt,1,nodes,13
1773093534,kamailio,chatafl_opt,1,edges,62
1773093555,kamailio,chatafl_opt,1,nodes,13
1773093555,kamailio,chatafl_opt,1,edges,62
1773093560,kamailio,chatafl_opt,1,nodes,13
1773093560,kamailio,chatafl_opt,1,edges,62
1773093575,kamailio,chatafl_opt,1,nodes,13
1773093575,kamailio,chatafl_opt,1,edges,62
1773093590,kamailio,chatafl_opt,1,nodes,13
1773093590,kamailio,chatafl_opt,1,edges,62
1773093595,kamailio,chatafl_opt,1,nodes,13
1773093595,kamailio,chatafl_opt,1,edges,62
1773093600,kamailio,chatafl_opt,1,nodes,13
1773093600,kamailio,chatafl_opt,1,edges,62
1773093611,kamailio,chatafl_opt,1,nodes,13
1773093611,kamailio,chatafl_opt,1,edges,62
1773093621,kamailio,chatafl_opt,1,nodes,13
1773093621,kamailio,chatafl_opt,1,edges,62
1773093631,kamailio,chatafl_opt,1,nodes,13
1773093631,kamailio,chatafl_opt,1,edges,62
1773093662,kamailio,chatafl_opt,1,nodes,13
1773093662,kamailio,chatafl_opt,1,edges,62
1773093667,kamailio,chatafl_opt,1,nodes,13
1773093667,kamailio,chatafl_opt,1,edges,62
1773093677,kamailio,chatafl_opt,1,nodes,13
1773093677,kamailio,chatafl_opt,1,edges,62
1773093682,kamailio,chatafl_opt,1,nodes,13
1773093682,kamailio,chatafl_opt,1,edges,62
1773093702,kamailio,chatafl_opt,1,nodes,13
1773093702,kamailio,chatafl_opt,1,edges,62
1773093734,kamailio,chatafl_opt,1,nodes,13
1773093734,kamailio,chatafl_opt,1,edges,62
1773093744,kamailio,chatafl_opt,1,nodes,13
1773093744,kamailio,chatafl_opt,1,edges,62
1773093759,kamailio,chatafl_opt,1,nodes,13
1773093759,kamailio,chatafl_opt,1,edges,62
1773093764,kamailio,chatafl_opt,1,nodes,13
1773093764,kamailio,chatafl_opt,1,edges,62
1773093769,kamailio,chatafl_opt,1,nodes,13
1773093769,kamailio,chatafl_opt,1,edges,62
1773093774,kamailio,chatafl_opt,1,nodes,13
1773093774,kamailio,chatafl_opt,1,edges,62
1773093780,kamailio,chatafl_opt,1,nodes,13
1773093780,kamailio,chatafl_opt,1,edges,62
1773093785,kamailio,chatafl_opt,1,nodes,13
1773093785,kamailio,chatafl_opt,1,edges,62
1773093790,kamailio,chatafl_opt,1,nodes,13
1773093790,kamailio,chatafl_opt,1,edges,62
1773093795,kamailio,chatafl_opt,1,nodes,13
1773093795,kamailio,chatafl_opt,1,edges,62
1773093800,kamailio,chatafl_opt,1,nodes,13
1773093800,kamailio,chatafl_opt,1,edges,62
1773093805,kamailio,chatafl_opt,1,nodes,13
1773093805,kamailio,chatafl_opt,1,edges,63
1773093815,kamailio,chatafl_opt,1,nodes,13
1773093815,kamailio,chatafl_opt,1,edges,63
1773093821,kamailio,chatafl_opt,1,nodes,13
1773093821,kamailio,chatafl_opt,1,edges,63
1773093826,kamailio,chatafl_opt,1,nodes,13
1773093826,kamailio,chatafl_opt,1,edges,63
1773093831,kamailio,chatafl_opt,1,nodes,13
1773093831,kamailio,chatafl_opt,1,edges,63
1773093836,kamailio,chatafl_opt,1,nodes,13
1773093836,kamailio,chatafl_opt,1,edges,63
1773093841,kamailio,chatafl_opt,1,nodes,13
1773093841,kamailio,chatafl_opt,1,edges,63
1773093846,kamailio,chatafl_opt,1,nodes,13
1773093846,kamailio,chatafl_opt,1,edges,63
1773093857,kamailio,chatafl_opt,1,nodes,13
1773093857,kamailio,chatafl_opt,1,edges,63
1773093862,kamailio,chatafl_opt,1,nodes,13
1773093862,kamailio,chatafl_opt,1,edges,63
1773093867,kamailio,chatafl_opt,1,nodes,13
1773093867,kamailio,chatafl_opt,1,edges,63
1773093872,kamailio,chatafl_opt,1,nodes,13
1773093872,kamailio,chatafl_opt,1,edges,63
1773093877,kamailio,chatafl_opt,1,nodes,13
1773093877,kamailio,chatafl_opt,1,edges,63
1773093887,kamailio,chatafl_opt,1,nodes,13
1773093887,kamailio,chatafl_opt,1,edges,63
1773093892,kamailio,chatafl_opt,1,nodes,13
1773093892,kamailio,chatafl_opt,1,edges,63
1773093903,kamailio,chatafl_opt,1,nodes,13
1773093903,kamailio,chatafl_opt,1,edges,63
1773093908,kamailio,chatafl_opt,1,nodes,13
1773093908,kamailio,chatafl_opt,1,edges,63
1773093918,kamailio,chatafl_opt,1,nodes,13
1773093918,kamailio,chatafl_opt,1,edges,65
1773093923,kamailio,chatafl_opt,1,nodes,13
1773093923,kamailio,chatafl_opt,1,edges,65
1773093928,kamailio,chatafl_opt,1,nodes,13
1773093928,kamailio,chatafl_opt,1,edges,65
1773093933,kamailio,chatafl_opt,1,nodes,13
1773093933,kamailio,chatafl_opt,1,edges,65
1773093943,kamailio,chatafl_opt,1,nodes,13
1773093943,kamailio,chatafl_opt,1,edges,65
1773093949,kamailio,chatafl_opt,1,nodes,13
1773093949,kamailio,chatafl_opt,1,edges,65
1773093959,kamailio,chatafl_opt,1,nodes,13
1773093959,kamailio,chatafl_opt,1,edges,65
1773093964,kamailio,chatafl_opt,1,nodes,13
1773093964,kamailio,chatafl_opt,1,edges,65
1773093969,kamailio,chatafl_opt,1,nodes,13
1773093969,kamailio,chatafl_opt,1,edges,65
1773093974,kamailio,chatafl_opt,1,nodes,13
1773093974,kamailio,chatafl_opt,1,edges,65
1773093979,kamailio,chatafl_opt,1,nodes,13
1773093979,kamailio,chatafl_opt,1,edges,65
1773093990,kamailio,chatafl_opt,1,nodes,13
1773093990,kamailio,chatafl_opt,1,edges,65
1773094000,kamailio,chatafl_opt,1,nodes,13
1773094000,kamailio,chatafl_opt,1,edges,65
1773094006,kamailio,chatafl_opt,1,nodes,13
1773094006,kamailio,chatafl_opt,1,edges,65
1773094026,kamailio,chatafl_opt,1,nodes,13
1773094026,kamailio,chatafl_opt,1,edges,65
1773094031,kamailio,chatafl_opt,1,nodes,13
1773094031,kamailio,chatafl_opt,1,edges,65
1773094036,kamailio,chatafl_opt,1,nodes,13
1773094036,kamailio,chatafl_opt,1,edges,65
1773094047,kamailio,chatafl_opt,1,nodes,13
1773094047,kamailio,chatafl_opt,1,edges,65
1773094052,kamailio,chatafl_opt,1,nodes,13
1773094052,kamailio,chatafl_opt,1,edges,65
1773094067,kamailio,chatafl_opt,1,nodes,13
1773094067,kamailio,chatafl_opt,1,edges,65
1773094072,kamailio,chatafl_opt,1,nodes,13
1773094072,kamailio,chatafl_opt,1,edges,65
1773094082,kamailio,chatafl_opt,1,nodes,13
1773094082,kamailio,chatafl_opt,1,edges,65
1773094087,kamailio,chatafl_opt,1,nodes,13
1773094087,kamailio,chatafl_opt,1,edges,65
1773094093,kamailio,chatafl_opt,1,nodes,13
1773094093,kamailio,chatafl_opt,1,edges,65
1773088376,kamailio,chatafl_opt,2,nodes,6
1773088376,kamailio,chatafl_opt,2,edges,20
1773088381,kamailio,chatafl_opt,2,nodes,6
1773088381,kamailio,chatafl_opt,2,edges,20
1773088386,kamailio,chatafl_opt,2,nodes,6
1773088386,kamailio,chatafl_opt,2,edges,20
1773088392,kamailio,chatafl_opt,2,nodes,6
1773088392,kamailio,chatafl_opt,2,edges,20
1773088397,kamailio,chatafl_opt,2,nodes,6
1773088397,kamailio,chatafl_opt,2,edges,20
1773088402,kamailio,chatafl_opt,2,nodes,6
1773088402,kamailio,chatafl_opt,2,edges,20
1773088407,kamailio,chatafl_opt,2,nodes,6
1773088407,kamailio,chatafl_opt,2,edges,20
1773088412,kamailio,chatafl_opt,2,nodes,7
1773088412,kamailio,chatafl_opt,2,edges,22
1773088418,kamailio,chatafl_opt,2,nodes,7
1773088418,kamailio,chatafl_opt,2,edges,22
1773088423,kamailio,chatafl_opt,2,nodes,7
1773088423,kamailio,chatafl_opt,2,edges,22
1773088428,kamailio,chatafl_opt,2,nodes,7
1773088428,kamailio,chatafl_opt,2,edges,22
1773088434,kamailio,chatafl_opt,2,nodes,7
1773088434,kamailio,chatafl_opt,2,edges,22
1773088439,kamailio,chatafl_opt,2,nodes,7
1773088439,kamailio,chatafl_opt,2,edges,22
1773088444,kamailio,chatafl_opt,2,nodes,7
1773088444,kamailio,chatafl_opt,2,edges,22
1773088449,kamailio,chatafl_opt,2,nodes,7
1773088449,kamailio,chatafl_opt,2,edges,22
1773088454,kamailio,chatafl_opt,2,nodes,7
1773088454,kamailio,chatafl_opt,2,edges,22
1773088460,kamailio,chatafl_opt,2,nodes,7
1773088460,kamailio,chatafl_opt,2,edges,22
1773088465,kamailio,chatafl_opt,2,nodes,7
1773088465,kamailio,chatafl_opt,2,edges,22
1773088475,kamailio,chatafl_opt,2,nodes,7
1773088475,kamailio,chatafl_opt,2,edges,22
1773088480,kamailio,chatafl_opt,2,nodes,7
1773088480,kamailio,chatafl_opt,2,edges,22
1773088485,kamailio,chatafl_opt,2,nodes,7
1773088485,kamailio,chatafl_opt,2,edges,22
1773088496,kamailio,chatafl_opt,2,nodes,7
1773088496,kamailio,chatafl_opt,2,edges,22
1773088501,kamailio,chatafl_opt,2,nodes,7
1773088501,kamailio,chatafl_opt,2,edges,22
1773088506,kamailio,chatafl_opt,2,nodes,7
1773088506,kamailio,chatafl_opt,2,edges,22
1773088511,kamailio,chatafl_opt,2,nodes,7
1773088511,kamailio,chatafl_opt,2,edges,22
1773088516,kamailio,chatafl_opt,2,nodes,7
1773088516,kamailio,chatafl_opt,2,edges,22
1773088522,kamailio,chatafl_opt,2,nodes,7
1773088522,kamailio,chatafl_opt,2,edges,22
1773088527,kamailio,chatafl_opt,2,nodes,7
1773088527,kamailio,chatafl_opt,2,edges,22
1773088532,kamailio,chatafl_opt,2,nodes,7
1773088532,kamailio,chatafl_opt,2,edges,22
1773088537,kamailio,chatafl_opt,2,nodes,7
1773088537,kamailio,chatafl_opt,2,edges,22
1773088542,kamailio,chatafl_opt,2,nodes,7
1773088542,kamailio,chatafl_opt,2,edges,22
1773088548,kamailio,chatafl_opt,2,nodes,7
1773088548,kamailio,chatafl_opt,2,edges,22
1773088558,kamailio,chatafl_opt,2,nodes,7
1773088558,kamailio,chatafl_opt,2,edges,22
1773088563,kamailio,chatafl_opt,2,nodes,7
1773088563,kamailio,chatafl_opt,2,edges,22
1773088568,kamailio,chatafl_opt,2,nodes,7
1773088568,kamailio,chatafl_opt,2,edges,22
1773088574,kamailio,chatafl_opt,2,nodes,7
1773088574,kamailio,chatafl_opt,2,edges,22
1773088579,kamailio,chatafl_opt,2,nodes,8
1773088579,kamailio,chatafl_opt,2,edges,25
1773088584,kamailio,chatafl_opt,2,nodes,8
1773088584,kamailio,chatafl_opt,2,edges,25
1773088589,kamailio,chatafl_opt,2,nodes,8
1773088589,kamailio,chatafl_opt,2,edges,25
1773088595,kamailio,chatafl_opt,2,nodes,8
1773088595,kamailio,chatafl_opt,2,edges,25
1773088600,kamailio,chatafl_opt,2,nodes,8
1773088600,kamailio,chatafl_opt,2,edges,25
1773088605,kamailio,chatafl_opt,2,nodes,8
1773088605,kamailio,chatafl_opt,2,edges,25
1773088610,kamailio,chatafl_opt,2,nodes,8
1773088610,kamailio,chatafl_opt,2,edges,25
1773088615,kamailio,chatafl_opt,2,nodes,8
1773088615,kamailio,chatafl_opt,2,edges,25
1773088620,kamailio,chatafl_opt,2,nodes,8
1773088620,kamailio,chatafl_opt,2,edges,25
1773088626,kamailio,chatafl_opt,2,nodes,8
1773088626,kamailio,chatafl_opt,2,edges,25
1773088631,kamailio,chatafl_opt,2,nodes,8
1773088631,kamailio,chatafl_opt,2,edges,25
1773088636,kamailio,chatafl_opt,2,nodes,8
1773088636,kamailio,chatafl_opt,2,edges,25
1773088641,kamailio,chatafl_opt,2,nodes,8
1773088641,kamailio,chatafl_opt,2,edges,25
1773088646,kamailio,chatafl_opt,2,nodes,8
1773088646,kamailio,chatafl_opt,2,edges,25
1773088651,kamailio,chatafl_opt,2,nodes,8
1773088651,kamailio,chatafl_opt,2,edges,25
1773088657,kamailio,chatafl_opt,2,nodes,8
1773088657,kamailio,chatafl_opt,2,edges,25
1773088662,kamailio,chatafl_opt,2,nodes,8
1773088662,kamailio,chatafl_opt,2,edges,25
1773088667,kamailio,chatafl_opt,2,nodes,8
1773088667,kamailio,chatafl_opt,2,edges,25
1773088672,kamailio,chatafl_opt,2,nodes,8
1773088672,kamailio,chatafl_opt,2,edges,25
1773088677,kamailio,chatafl_opt,2,nodes,8
1773088677,kamailio,chatafl_opt,2,edges,25
1773088682,kamailio,chatafl_opt,2,nodes,8
1773088682,kamailio,chatafl_opt,2,edges,25
1773088687,kamailio,chatafl_opt,2,nodes,8
1773088687,kamailio,chatafl_opt,2,edges,25
1773088693,kamailio,chatafl_opt,2,nodes,8
1773088693,kamailio,chatafl_opt,2,edges,25
1773088698,kamailio,chatafl_opt,2,nodes,8
1773088698,kamailio,chatafl_opt,2,edges,25
1773088703,kamailio,chatafl_opt,2,nodes,8
1773088703,kamailio,chatafl_opt,2,edges,25
1773088708,kamailio,chatafl_opt,2,nodes,8
1773088708,kamailio,chatafl_opt,2,edges,25
1773088713,kamailio,chatafl_opt,2,nodes,8
1773088713,kamailio,chatafl_opt,2,edges,25
1773088718,kamailio,chatafl_opt,2,nodes,8
1773088718,kamailio,chatafl_opt,2,edges,25
1773088724,kamailio,chatafl_opt,2,nodes,8
1773088724,kamailio,chatafl_opt,2,edges,25
1773088729,kamailio,chatafl_opt,2,nodes,8
1773088729,kamailio,chatafl_opt,2,edges,25
1773088734,kamailio,chatafl_opt,2,nodes,8
1773088734,kamailio,chatafl_opt,2,edges,25
1773088739,kamailio,chatafl_opt,2,nodes,8
1773088739,kamailio,chatafl_opt,2,edges,25
1773088744,kamailio,chatafl_opt,2,nodes,8
1773088744,kamailio,chatafl_opt,2,edges,25
1773088755,kamailio,chatafl_opt,2,nodes,8
1773088755,kamailio,chatafl_opt,2,edges,25
1773088760,kamailio,chatafl_opt,2,nodes,8
1773088760,kamailio,chatafl_opt,2,edges,25
1773088765,kamailio,chatafl_opt,2,nodes,8
1773088765,kamailio,chatafl_opt,2,edges,25
1773088770,kamailio,chatafl_opt,2,nodes,8
1773088770,kamailio,chatafl_opt,2,edges,25
1773088775,kamailio,chatafl_opt,2,nodes,8
1773088775,kamailio,chatafl_opt,2,edges,25
1773088780,kamailio,chatafl_opt,2,nodes,8
1773088780,kamailio,chatafl_opt,2,edges,25
1773088791,kamailio,chatafl_opt,2,nodes,8
1773088791,kamailio,chatafl_opt,2,edges,25
1773088796,kamailio,chatafl_opt,2,nodes,8
1773088796,kamailio,chatafl_opt,2,edges,25
1773088801,kamailio,chatafl_opt,2,nodes,8
1773088801,kamailio,chatafl_opt,2,edges,25
1773088806,kamailio,chatafl_opt,2,nodes,8
1773088806,kamailio,chatafl_opt,2,edges,25
1773088811,kamailio,chatafl_opt,2,nodes,8
1773088811,kamailio,chatafl_opt,2,edges,25
1773088821,kamailio,chatafl_opt,2,nodes,8
1773088821,kamailio,chatafl_opt,2,edges,26
1773088826,kamailio,chatafl_opt,2,nodes,8
1773088826,kamailio,chatafl_opt,2,edges,26
1773088831,kamailio,chatafl_opt,2,nodes,8
1773088831,kamailio,chatafl_opt,2,edges,26
1773088837,kamailio,chatafl_opt,2,nodes,8
1773088837,kamailio,chatafl_opt,2,edges,26
1773088842,kamailio,chatafl_opt,2,nodes,9
1773088842,kamailio,chatafl_opt,2,edges,29
1773088847,kamailio,chatafl_opt,2,nodes,9
1773088847,kamailio,chatafl_opt,2,edges,30
1773088852,kamailio,chatafl_opt,2,nodes,9
1773088852,kamailio,chatafl_opt,2,edges,30
1773088857,kamailio,chatafl_opt,2,nodes,9
1773088857,kamailio,chatafl_opt,2,edges,30
1773088862,kamailio,chatafl_opt,2,nodes,9
1773088862,kamailio,chatafl_opt,2,edges,30
1773088867,kamailio,chatafl_opt,2,nodes,9
1773088867,kamailio,chatafl_opt,2,edges,30
1773088873,kamailio,chatafl_opt,2,nodes,9
1773088873,kamailio,chatafl_opt,2,edges,30
1773088878,kamailio,chatafl_opt,2,nodes,9
1773088878,kamailio,chatafl_opt,2,edges,30
1773088883,kamailio,chatafl_opt,2,nodes,9
1773088883,kamailio,chatafl_opt,2,edges,30
1773088888,kamailio,chatafl_opt,2,nodes,9
1773088888,kamailio,chatafl_opt,2,edges,30
1773088893,kamailio,chatafl_opt,2,nodes,9
1773088893,kamailio,chatafl_opt,2,edges,30
1773088898,kamailio,chatafl_opt,2,nodes,9
1773088898,kamailio,chatafl_opt,2,edges,30
1773088903,kamailio,chatafl_opt,2,nodes,9
1773088903,kamailio,chatafl_opt,2,edges,31
1773088909,kamailio,chatafl_opt,2,nodes,9
1773088909,kamailio,chatafl_opt,2,edges,31
1773088914,kamailio,chatafl_opt,2,nodes,9
1773088914,kamailio,chatafl_opt,2,edges,31
1773088919,kamailio,chatafl_opt,2,nodes,9
1773088919,kamailio,chatafl_opt,2,edges,31
1773088924,kamailio,chatafl_opt,2,nodes,9
1773088924,kamailio,chatafl_opt,2,edges,31
1773088929,kamailio,chatafl_opt,2,nodes,9
1773088929,kamailio,chatafl_opt,2,edges,31
1773088934,kamailio,chatafl_opt,2,nodes,10
1773088934,kamailio,chatafl_opt,2,edges,34
1773088939,kamailio,chatafl_opt,2,nodes,10
1773088939,kamailio,chatafl_opt,2,edges,34
1773088944,kamailio,chatafl_opt,2,nodes,10
1773088944,kamailio,chatafl_opt,2,edges,34
1773088949,kamailio,chatafl_opt,2,nodes,11
1773088949,kamailio,chatafl_opt,2,edges,36
1773088955,kamailio,chatafl_opt,2,nodes,11
1773088955,kamailio,chatafl_opt,2,edges,36
1773088960,kamailio,chatafl_opt,2,nodes,11
1773088960,kamailio,chatafl_opt,2,edges,36
1773088965,kamailio,chatafl_opt,2,nodes,11
1773088965,kamailio,chatafl_opt,2,edges,36
1773088970,kamailio,chatafl_opt,2,nodes,11
1773088970,kamailio,chatafl_opt,2,edges,36
1773088975,kamailio,chatafl_opt,2,nodes,11
1773088975,kamailio,chatafl_opt,2,edges,36
1773088980,kamailio,chatafl_opt,2,nodes,11
1773088980,kamailio,chatafl_opt,2,edges,36
1773088985,kamailio,chatafl_opt,2,nodes,11
1773088985,kamailio,chatafl_opt,2,edges,36
1773088991,kamailio,chatafl_opt,2,nodes,11
1773088991,kamailio,chatafl_opt,2,edges,36
1773088996,kamailio,chatafl_opt,2,nodes,12
1773088996,kamailio,chatafl_opt,2,edges,40
1773089001,kamailio,chatafl_opt,2,nodes,12
1773089001,kamailio,chatafl_opt,2,edges,41
1773089006,kamailio,chatafl_opt,2,nodes,12
1773089006,kamailio,chatafl_opt,2,edges,41
1773089011,kamailio,chatafl_opt,2,nodes,12
1773089011,kamailio,chatafl_opt,2,edges,42
1773089016,kamailio,chatafl_opt,2,nodes,12
1773089016,kamailio,chatafl_opt,2,edges,42
1773089021,kamailio,chatafl_opt,2,nodes,12
1773089021,kamailio,chatafl_opt,2,edges,42
1773089026,kamailio,chatafl_opt,2,nodes,12
1773089026,kamailio,chatafl_opt,2,edges,42
1773089031,kamailio,chatafl_opt,2,nodes,12
1773089031,kamailio,chatafl_opt,2,edges,42
1773089036,kamailio,chatafl_opt,2,nodes,12
1773089036,kamailio,chatafl_opt,2,edges,42
1773089041,kamailio,chatafl_opt,2,nodes,12
1773089041,kamailio,chatafl_opt,2,edges,42
1773089047,kamailio,chatafl_opt,2,nodes,12
1773089047,kamailio,chatafl_opt,2,edges,42
1773089052,kamailio,chatafl_opt,2,nodes,12
1773089052,kamailio,chatafl_opt,2,edges,42
1773089057,kamailio,chatafl_opt,2,nodes,12
1773089057,kamailio,chatafl_opt,2,edges,42
1773089062,kamailio,chatafl_opt,2,nodes,12
1773089062,kamailio,chatafl_opt,2,edges,42
1773089067,kamailio,chatafl_opt,2,nodes,12
1773089067,kamailio,chatafl_opt,2,edges,42
1773089072,kamailio,chatafl_opt,2,nodes,12
1773089072,kamailio,chatafl_opt,2,edges,42
1773089078,kamailio,chatafl_opt,2,nodes,12
1773089078,kamailio,chatafl_opt,2,edges,42
1773089083,kamailio,chatafl_opt,2,nodes,12
1773089083,kamailio,chatafl_opt,2,edges,42
1773089088,kamailio,chatafl_opt,2,nodes,12
1773089088,kamailio,chatafl_opt,2,edges,43
1773089093,kamailio,chatafl_opt,2,nodes,12
1773089093,kamailio,chatafl_opt,2,edges,43
1773089103,kamailio,chatafl_opt,2,nodes,12
1773089103,kamailio,chatafl_opt,2,edges,43
1773089109,kamailio,chatafl_opt,2,nodes,12
1773089109,kamailio,chatafl_opt,2,edges,46
1773089114,kamailio,chatafl_opt,2,nodes,12
1773089114,kamailio,chatafl_opt,2,edges,46
1773089119,kamailio,chatafl_opt,2,nodes,12
1773089119,kamailio,chatafl_opt,2,edges,46
1773089124,kamailio,chatafl_opt,2,nodes,12
1773089124,kamailio,chatafl_opt,2,edges,46
1773089129,kamailio,chatafl_opt,2,nodes,12
1773089129,kamailio,chatafl_opt,2,edges,46
1773089134,kamailio,chatafl_opt,2,nodes,12
1773089134,kamailio,chatafl_opt,2,edges,46
1773089139,kamailio,chatafl_opt,2,nodes,12
1773089139,kamailio,chatafl_opt,2,edges,46
1773089149,kamailio,chatafl_opt,2,nodes,12
1773089149,kamailio,chatafl_opt,2,edges,46
1773089154,kamailio,chatafl_opt,2,nodes,12
1773089154,kamailio,chatafl_opt,2,edges,46
1773089159,kamailio,chatafl_opt,2,nodes,12
1773089159,kamailio,chatafl_opt,2,edges,46
1773089165,kamailio,chatafl_opt,2,nodes,12
1773089165,kamailio,chatafl_opt,2,edges,46
1773089170,kamailio,chatafl_opt,2,nodes,12
1773089170,kamailio,chatafl_opt,2,edges,46
1773089175,kamailio,chatafl_opt,2,nodes,12
1773089175,kamailio,chatafl_opt,2,edges,46
1773089180,kamailio,chatafl_opt,2,nodes,12
1773089180,kamailio,chatafl_opt,2,edges,46
1773089185,kamailio,chatafl_opt,2,nodes,12
1773089185,kamailio,chatafl_opt,2,edges,46
1773089190,kamailio,chatafl_opt,2,nodes,12
1773089190,kamailio,chatafl_opt,2,edges,46
1773089195,kamailio,chatafl_opt,2,nodes,12
1773089195,kamailio,chatafl_opt,2,edges,46
1773089200,kamailio,chatafl_opt,2,nodes,12
1773089200,kamailio,chatafl_opt,2,edges,46
1773089205,kamailio,chatafl_opt,2,nodes,12
1773089205,kamailio,chatafl_opt,2,edges,46
1773089210,kamailio,chatafl_opt,2,nodes,12
1773089210,kamailio,chatafl_opt,2,edges,46
1773089215,kamailio,chatafl_opt,2,nodes,12
1773089215,kamailio,chatafl_opt,2,edges,46
1773089221,kamailio,chatafl_opt,2,nodes,12
1773089221,kamailio,chatafl_opt,2,edges,46
1773089226,kamailio,chatafl_opt,2,nodes,12
1773089226,kamailio,chatafl_opt,2,edges,46
1773089231,kamailio,chatafl_opt,2,nodes,12
1773089231,kamailio,chatafl_opt,2,edges,46
1773089236,kamailio,chatafl_opt,2,nodes,12
1773089236,kamailio,chatafl_opt,2,edges,46
1773089241,kamailio,chatafl_opt,2,nodes,12
1773089241,kamailio,chatafl_opt,2,edges,47
1773089246,kamailio,chatafl_opt,2,nodes,12
1773089246,kamailio,chatafl_opt,2,edges,47
1773089252,kamailio,chatafl_opt,2,nodes,12
1773089252,kamailio,chatafl_opt,2,edges,47
1773089257,kamailio,chatafl_opt,2,nodes,12
1773089257,kamailio,chatafl_opt,2,edges,47
1773089262,kamailio,chatafl_opt,2,nodes,12
1773089262,kamailio,chatafl_opt,2,edges,47
1773089267,kamailio,chatafl_opt,2,nodes,12
1773089267,kamailio,chatafl_opt,2,edges,47
1773089272,kamailio,chatafl_opt,2,nodes,12
1773089272,kamailio,chatafl_opt,2,edges,47
1773089277,kamailio,chatafl_opt,2,nodes,12
1773089277,kamailio,chatafl_opt,2,edges,47
1773089282,kamailio,chatafl_opt,2,nodes,12
1773089282,kamailio,chatafl_opt,2,edges,47
1773089287,kamailio,chatafl_opt,2,nodes,12
1773089287,kamailio,chatafl_opt,2,edges,47
1773089293,kamailio,chatafl_opt,2,nodes,12
1773089293,kamailio,chatafl_opt,2,edges,47
1773089298,kamailio,chatafl_opt,2,nodes,12
1773089298,kamailio,chatafl_opt,2,edges,47
1773089303,kamailio,chatafl_opt,2,nodes,12
1773089303,kamailio,chatafl_opt,2,edges,47
1773089308,kamailio,chatafl_opt,2,nodes,12
1773089308,kamailio,chatafl_opt,2,edges,47
1773089313,kamailio,chatafl_opt,2,nodes,12
1773089313,kamailio,chatafl_opt,2,edges,47
1773089318,kamailio,chatafl_opt,2,nodes,12
1773089318,kamailio,chatafl_opt,2,edges,47
1773089323,kamailio,chatafl_opt,2,nodes,12
1773089323,kamailio,chatafl_opt,2,edges,47
1773089329,kamailio,chatafl_opt,2,nodes,12
1773089329,kamailio,chatafl_opt,2,edges,47
1773089334,kamailio,chatafl_opt,2,nodes,12
1773089334,kamailio,chatafl_opt,2,edges,47
1773089339,kamailio,chatafl_opt,2,nodes,12
1773089339,kamailio,chatafl_opt,2,edges,47
1773089344,kamailio,chatafl_opt,2,nodes,12
1773089344,kamailio,chatafl_opt,2,edges,47
1773089349,kamailio,chatafl_opt,2,nodes,12
1773089349,kamailio,chatafl_opt,2,edges,47
1773089354,kamailio,chatafl_opt,2,nodes,12
1773089354,kamailio,chatafl_opt,2,edges,47
1773089359,kamailio,chatafl_opt,2,nodes,12
1773089359,kamailio,chatafl_opt,2,edges,48
1773089364,kamailio,chatafl_opt,2,nodes,12
1773089364,kamailio,chatafl_opt,2,edges,48
1773089369,kamailio,chatafl_opt,2,nodes,12
1773089369,kamailio,chatafl_opt,2,edges,48
1773089375,kamailio,chatafl_opt,2,nodes,12
1773089375,kamailio,chatafl_opt,2,edges,48
1773089380,kamailio,chatafl_opt,2,nodes,12
1773089380,kamailio,chatafl_opt,2,edges,48
1773089390,kamailio,chatafl_opt,2,nodes,12
1773089390,kamailio,chatafl_opt,2,edges,48
1773089395,kamailio,chatafl_opt,2,nodes,12
1773089395,kamailio,chatafl_opt,2,edges,48
1773089400,kamailio,chatafl_opt,2,nodes,12
1773089400,kamailio,chatafl_opt,2,edges,48
1773089405,kamailio,chatafl_opt,2,nodes,12
1773089405,kamailio,chatafl_opt,2,edges,48
1773089410,kamailio,chatafl_opt,2,nodes,12
1773089410,kamailio,chatafl_opt,2,edges,48
1773089416,kamailio,chatafl_opt,2,nodes,12
1773089416,kamailio,chatafl_opt,2,edges,48
1773089421,kamailio,chatafl_opt,2,nodes,12
1773089421,kamailio,chatafl_opt,2,edges,48
1773089426,kamailio,chatafl_opt,2,nodes,12
1773089426,kamailio,chatafl_opt,2,edges,48
1773089431,kamailio,chatafl_opt,2,nodes,12
1773089431,kamailio,chatafl_opt,2,edges,48
1773089436,kamailio,chatafl_opt,2,nodes,12
1773089436,kamailio,chatafl_opt,2,edges,48
1773089446,kamailio,chatafl_opt,2,nodes,12
1773089446,kamailio,chatafl_opt,2,edges,48
1773089451,kamailio,chatafl_opt,2,nodes,12
1773089451,kamailio,chatafl_opt,2,edges,48
1773089457,kamailio,chatafl_opt,2,nodes,12
1773089457,kamailio,chatafl_opt,2,edges,48
1773089462,kamailio,chatafl_opt,2,nodes,12
1773089462,kamailio,chatafl_opt,2,edges,48
1773089467,kamailio,chatafl_opt,2,nodes,12
1773089467,kamailio,chatafl_opt,2,edges,48
1773089472,kamailio,chatafl_opt,2,nodes,12
1773089472,kamailio,chatafl_opt,2,edges,48
1773089477,kamailio,chatafl_opt,2,nodes,12
1773089477,kamailio,chatafl_opt,2,edges,48
1773089482,kamailio,chatafl_opt,2,nodes,12
1773089482,kamailio,chatafl_opt,2,edges,48
1773089487,kamailio,chatafl_opt,2,nodes,12
1773089487,kamailio,chatafl_opt,2,edges,48
1773089492,kamailio,chatafl_opt,2,nodes,12
1773089492,kamailio,chatafl_opt,2,edges,48
1773089498,kamailio,chatafl_opt,2,nodes,12
1773089498,kamailio,chatafl_opt,2,edges,48
1773089503,kamailio,chatafl_opt,2,nodes,12
1773089503,kamailio,chatafl_opt,2,edges,48
1773089508,kamailio,chatafl_opt,2,nodes,12
1773089508,kamailio,chatafl_opt,2,edges,48
1773089513,kamailio,chatafl_opt,2,nodes,12
1773089513,kamailio,chatafl_opt,2,edges,48
1773089518,kamailio,chatafl_opt,2,nodes,12
1773089518,kamailio,chatafl_opt,2,edges,48
1773089523,kamailio,chatafl_opt,2,nodes,12
1773089523,kamailio,chatafl_opt,2,edges,48
1773089528,kamailio,chatafl_opt,2,nodes,12
1773089528,kamailio,chatafl_opt,2,edges,48
1773089533,kamailio,chatafl_opt,2,nodes,12
1773089533,kamailio,chatafl_opt,2,edges,48
1773089538,kamailio,chatafl_opt,2,nodes,12
1773089538,kamailio,chatafl_opt,2,edges,48
1773089544,kamailio,chatafl_opt,2,nodes,12
1773089544,kamailio,chatafl_opt,2,edges,48
1773089549,kamailio,chatafl_opt,2,nodes,12
1773089549,kamailio,chatafl_opt,2,edges,48
1773089554,kamailio,chatafl_opt,2,nodes,12
1773089554,kamailio,chatafl_opt,2,edges,48
1773089559,kamailio,chatafl_opt,2,nodes,12
1773089559,kamailio,chatafl_opt,2,edges,48
1773089564,kamailio,chatafl_opt,2,nodes,12
1773089564,kamailio,chatafl_opt,2,edges,48
1773089569,kamailio,chatafl_opt,2,nodes,12
1773089569,kamailio,chatafl_opt,2,edges,48
1773089574,kamailio,chatafl_opt,2,nodes,12
1773089574,kamailio,chatafl_opt,2,edges,48
1773089579,kamailio,chatafl_opt,2,nodes,12
1773089579,kamailio,chatafl_opt,2,edges,48
1773089585,kamailio,chatafl_opt,2,nodes,12
1773089585,kamailio,chatafl_opt,2,edges,48
1773089590,kamailio,chatafl_opt,2,nodes,12
1773089590,kamailio,chatafl_opt,2,edges,48
1773089595,kamailio,chatafl_opt,2,nodes,12
1773089595,kamailio,chatafl_opt,2,edges,48
1773089600,kamailio,chatafl_opt,2,nodes,12
1773089600,kamailio,chatafl_opt,2,edges,48
1773089605,kamailio,chatafl_opt,2,nodes,12
1773089605,kamailio,chatafl_opt,2,edges,48
1773089610,kamailio,chatafl_opt,2,nodes,12
1773089610,kamailio,chatafl_opt,2,edges,48
1773089615,kamailio,chatafl_opt,2,nodes,12
1773089615,kamailio,chatafl_opt,2,edges,48
1773089620,kamailio,chatafl_opt,2,nodes,12
1773089620,kamailio,chatafl_opt,2,edges,48
1773089631,kamailio,chatafl_opt,2,nodes,12
1773089631,kamailio,chatafl_opt,2,edges,48
1773089636,kamailio,chatafl_opt,2,nodes,12
1773089636,kamailio,chatafl_opt,2,edges,50
1773089641,kamailio,chatafl_opt,2,nodes,12
1773089641,kamailio,chatafl_opt,2,edges,50
1773089646,kamailio,chatafl_opt,2,nodes,12
1773089646,kamailio,chatafl_opt,2,edges,50
1773089651,kamailio,chatafl_opt,2,nodes,12
1773089651,kamailio,chatafl_opt,2,edges,50
1773089656,kamailio,chatafl_opt,2,nodes,12
1773089656,kamailio,chatafl_opt,2,edges,50
1773089661,kamailio,chatafl_opt,2,nodes,12
1773089661,kamailio,chatafl_opt,2,edges,50
1773089666,kamailio,chatafl_opt,2,nodes,12
1773089666,kamailio,chatafl_opt,2,edges,50
1773089671,kamailio,chatafl_opt,2,nodes,12
1773089671,kamailio,chatafl_opt,2,edges,50
1773089676,kamailio,chatafl_opt,2,nodes,12
1773089676,kamailio,chatafl_opt,2,edges,50
1773089682,kamailio,chatafl_opt,2,nodes,12
1773089682,kamailio,chatafl_opt,2,edges,50
1773089687,kamailio,chatafl_opt,2,nodes,12
1773089687,kamailio,chatafl_opt,2,edges,50
1773089692,kamailio,chatafl_opt,2,nodes,12
1773089692,kamailio,chatafl_opt,2,edges,50
1773089697,kamailio,chatafl_opt,2,nodes,12
1773089697,kamailio,chatafl_opt,2,edges,50
1773089702,kamailio,chatafl_opt,2,nodes,12
1773089702,kamailio,chatafl_opt,2,edges,50
1773089707,kamailio,chatafl_opt,2,nodes,12
1773089707,kamailio,chatafl_opt,2,edges,50
1773089712,kamailio,chatafl_opt,2,nodes,12
1773089712,kamailio,chatafl_opt,2,edges,50
1773089717,kamailio,chatafl_opt,2,nodes,12
1773089717,kamailio,chatafl_opt,2,edges,50
1773089723,kamailio,chatafl_opt,2,nodes,12
1773089723,kamailio,chatafl_opt,2,edges,50
1773089728,kamailio,chatafl_opt,2,nodes,12
1773089728,kamailio,chatafl_opt,2,edges,50
1773089738,kamailio,chatafl_opt,2,nodes,12
1773089738,kamailio,chatafl_opt,2,edges,50
1773089748,kamailio,chatafl_opt,2,nodes,12
1773089748,kamailio,chatafl_opt,2,edges,50
1773089753,kamailio,chatafl_opt,2,nodes,12
1773089753,kamailio,chatafl_opt,2,edges,50
1773089758,kamailio,chatafl_opt,2,nodes,12
1773089758,kamailio,chatafl_opt,2,edges,50
1773089764,kamailio,chatafl_opt,2,nodes,12
1773089764,kamailio,chatafl_opt,2,edges,50
1773089769,kamailio,chatafl_opt,2,nodes,12
1773089769,kamailio,chatafl_opt,2,edges,50
1773089774,kamailio,chatafl_opt,2,nodes,12
1773089774,kamailio,chatafl_opt,2,edges,50
1773089779,kamailio,chatafl_opt,2,nodes,12
1773089779,kamailio,chatafl_opt,2,edges,50
1773089784,kamailio,chatafl_opt,2,nodes,12
1773089784,kamailio,chatafl_opt,2,edges,50
1773089789,kamailio,chatafl_opt,2,nodes,12
1773089789,kamailio,chatafl_opt,2,edges,50
1773089794,kamailio,chatafl_opt,2,nodes,13
1773089794,kamailio,chatafl_opt,2,edges,52
1773089804,kamailio,chatafl_opt,2,nodes,13
1773089804,kamailio,chatafl_opt,2,edges,52
1773089810,kamailio,chatafl_opt,2,nodes,13
1773089810,kamailio,chatafl_opt,2,edges,52
1773089815,kamailio,chatafl_opt,2,nodes,13
1773089815,kamailio,chatafl_opt,2,edges,52
1773089820,kamailio,chatafl_opt,2,nodes,13
1773089820,kamailio,chatafl_opt,2,edges,54
1773089825,kamailio,chatafl_opt,2,nodes,13
1773089825,kamailio,chatafl_opt,2,edges,54
1773089830,kamailio,chatafl_opt,2,nodes,13
1773089830,kamailio,chatafl_opt,2,edges,54
1773089835,kamailio,chatafl_opt,2,nodes,13
1773089835,kamailio,chatafl_opt,2,edges,54
1773089840,kamailio,chatafl_opt,2,nodes,13
1773089840,kamailio,chatafl_opt,2,edges,54
1773089845,kamailio,chatafl_opt,2,nodes,13
1773089845,kamailio,chatafl_opt,2,edges,54
1773089851,kamailio,chatafl_opt,2,nodes,13
1773089851,kamailio,chatafl_opt,2,edges,54
1773089856,kamailio,chatafl_opt,2,nodes,13
1773089856,kamailio,chatafl_opt,2,edges,54
1773089866,kamailio,chatafl_opt,2,nodes,13
1773089866,kamailio,chatafl_opt,2,edges,54
1773089871,kamailio,chatafl_opt,2,nodes,13
1773089871,kamailio,chatafl_opt,2,edges,54
1773089881,kamailio,chatafl_opt,2,nodes,13
1773089881,kamailio,chatafl_opt,2,edges,54
1773089886,kamailio,chatafl_opt,2,nodes,13
1773089886,kamailio,chatafl_opt,2,edges,54
1773089897,kamailio,chatafl_opt,2,nodes,13
1773089897,kamailio,chatafl_opt,2,edges,54
1773089902,kamailio,chatafl_opt,2,nodes,13
1773089902,kamailio,chatafl_opt,2,edges,54
1773089907,kamailio,chatafl_opt,2,nodes,13
1773089907,kamailio,chatafl_opt,2,edges,54
1773089912,kamailio,chatafl_opt,2,nodes,13
1773089912,kamailio,chatafl_opt,2,edges,54
1773089917,kamailio,chatafl_opt,2,nodes,13
1773089917,kamailio,chatafl_opt,2,edges,54
1773089922,kamailio,chatafl_opt,2,nodes,13
1773089922,kamailio,chatafl_opt,2,edges,54
1773089927,kamailio,chatafl_opt,2,nodes,13
1773089927,kamailio,chatafl_opt,2,edges,54
1773089932,kamailio,chatafl_opt,2,nodes,13
1773089932,kamailio,chatafl_opt,2,edges,54
1773089937,kamailio,chatafl_opt,2,nodes,13
1773089937,kamailio,chatafl_opt,2,edges,54
1773089942,kamailio,chatafl_opt,2,nodes,13
1773089942,kamailio,chatafl_opt,2,edges,54
1773089948,kamailio,chatafl_opt,2,nodes,13
1773089948,kamailio,chatafl_opt,2,edges,54
1773089953,kamailio,chatafl_opt,2,nodes,13
1773089953,kamailio,chatafl_opt,2,edges,54
1773089958,kamailio,chatafl_opt,2,nodes,13
1773089958,kamailio,chatafl_opt,2,edges,54
1773089963,kamailio,chatafl_opt,2,nodes,13
1773089963,kamailio,chatafl_opt,2,edges,54
1773089968,kamailio,chatafl_opt,2,nodes,13
1773089968,kamailio,chatafl_opt,2,edges,54
1773089973,kamailio,chatafl_opt,2,nodes,13
1773089973,kamailio,chatafl_opt,2,edges,54
1773089978,kamailio,chatafl_opt,2,nodes,13
1773089978,kamailio,chatafl_opt,2,edges,54
1773089984,kamailio,chatafl_opt,2,nodes,13
1773089984,kamailio,chatafl_opt,2,edges,54
1773089989,kamailio,chatafl_opt,2,nodes,13
1773089989,kamailio,chatafl_opt,2,edges,54
1773089994,kamailio,chatafl_opt,2,nodes,13
1773089994,kamailio,chatafl_opt,2,edges,54
1773089999,kamailio,chatafl_opt,2,nodes,13
1773089999,kamailio,chatafl_opt,2,edges,54
1773090004,kamailio,chatafl_opt,2,nodes,13
1773090004,kamailio,chatafl_opt,2,edges,54
1773090009,kamailio,chatafl_opt,2,nodes,13
1773090009,kamailio,chatafl_opt,2,edges,54
1773090014,kamailio,chatafl_opt,2,nodes,13
1773090014,kamailio,chatafl_opt,2,edges,54
1773090019,kamailio,chatafl_opt,2,nodes,13
1773090019,kamailio,chatafl_opt,2,edges,54
1773090024,kamailio,chatafl_opt,2,nodes,13
1773090024,kamailio,chatafl_opt,2,edges,54
1773090035,kamailio,chatafl_opt,2,nodes,13
1773090035,kamailio,chatafl_opt,2,edges,54
1773090040,kamailio,chatafl_opt,2,nodes,13
1773090040,kamailio,chatafl_opt,2,edges,54
1773090045,kamailio,chatafl_opt,2,nodes,13
1773090045,kamailio,chatafl_opt,2,edges,54
1773090050,kamailio,chatafl_opt,2,nodes,13
1773090050,kamailio,chatafl_opt,2,edges,54
1773090055,kamailio,chatafl_opt,2,nodes,13
1773090055,kamailio,chatafl_opt,2,edges,54
1773090060,kamailio,chatafl_opt,2,nodes,13
1773090060,kamailio,chatafl_opt,2,edges,54
1773090065,kamailio,chatafl_opt,2,nodes,13
1773090065,kamailio,chatafl_opt,2,edges,54
1773090070,kamailio,chatafl_opt,2,nodes,13
1773090070,kamailio,chatafl_opt,2,edges,54
1773090075,kamailio,chatafl_opt,2,nodes,13
1773090075,kamailio,chatafl_opt,2,edges,54
1773090080,kamailio,chatafl_opt,2,nodes,13
1773090080,kamailio,chatafl_opt,2,edges,54
1773090085,kamailio,chatafl_opt,2,nodes,13
1773090085,kamailio,chatafl_opt,2,edges,54
1773090091,kamailio,chatafl_opt,2,nodes,13
1773090091,kamailio,chatafl_opt,2,edges,54
1773090101,kamailio,chatafl_opt,2,nodes,13
1773090101,kamailio,chatafl_opt,2,edges,55
1773090106,kamailio,chatafl_opt,2,nodes,13
1773090106,kamailio,chatafl_opt,2,edges,55
1773090111,kamailio,chatafl_opt,2,nodes,13
1773090111,kamailio,chatafl_opt,2,edges,55
1773090116,kamailio,chatafl_opt,2,nodes,13
1773090116,kamailio,chatafl_opt,2,edges,55
1773090121,kamailio,chatafl_opt,2,nodes,13
1773090121,kamailio,chatafl_opt,2,edges,55
1773090126,kamailio,chatafl_opt,2,nodes,13
1773090126,kamailio,chatafl_opt,2,edges,55
1773090131,kamailio,chatafl_opt,2,nodes,13
1773090131,kamailio,chatafl_opt,2,edges,55
1773090137,kamailio,chatafl_opt,2,nodes,13
1773090137,kamailio,chatafl_opt,2,edges,55
1773090142,kamailio,chatafl_opt,2,nodes,13
1773090142,kamailio,chatafl_opt,2,edges,55
1773090147,kamailio,chatafl_opt,2,nodes,13
1773090147,kamailio,chatafl_opt,2,edges,55
1773090152,kamailio,chatafl_opt,2,nodes,13
1773090152,kamailio,chatafl_opt,2,edges,55
1773090157,kamailio,chatafl_opt,2,nodes,13
1773090157,kamailio,chatafl_opt,2,edges,55
1773090162,kamailio,chatafl_opt,2,nodes,13
1773090162,kamailio,chatafl_opt,2,edges,55
1773090167,kamailio,chatafl_opt,2,nodes,13
1773090167,kamailio,chatafl_opt,2,edges,55
1773090172,kamailio,chatafl_opt,2,nodes,13
1773090172,kamailio,chatafl_opt,2,edges,55
1773090177,kamailio,chatafl_opt,2,nodes,13
1773090177,kamailio,chatafl_opt,2,edges,55
1773090183,kamailio,chatafl_opt,2,nodes,13
1773090183,kamailio,chatafl_opt,2,edges,55
1773090188,kamailio,chatafl_opt,2,nodes,13
1773090188,kamailio,chatafl_opt,2,edges,55
1773090198,kamailio,chatafl_opt,2,nodes,13
1773090198,kamailio,chatafl_opt,2,edges,55
1773090203,kamailio,chatafl_opt,2,nodes,13
1773090203,kamailio,chatafl_opt,2,edges,55
1773090208,kamailio,chatafl_opt,2,nodes,13
1773090208,kamailio,chatafl_opt,2,edges,55
1773090214,kamailio,chatafl_opt,2,nodes,13
1773090214,kamailio,chatafl_opt,2,edges,55
1773090219,kamailio,chatafl_opt,2,nodes,13
1773090219,kamailio,chatafl_opt,2,edges,55
1773090224,kamailio,chatafl_opt,2,nodes,13
1773090224,kamailio,chatafl_opt,2,edges,55
1773090229,kamailio,chatafl_opt,2,nodes,13
1773090229,kamailio,chatafl_opt,2,edges,55
1773090234,kamailio,chatafl_opt,2,nodes,13
1773090234,kamailio,chatafl_opt,2,edges,55
1773090249,kamailio,chatafl_opt,2,nodes,13
1773090249,kamailio,chatafl_opt,2,edges,55
1773090254,kamailio,chatafl_opt,2,nodes,13
1773090254,kamailio,chatafl_opt,2,edges,55
1773090260,kamailio,chatafl_opt,2,nodes,13
1773090260,kamailio,chatafl_opt,2,edges,55
1773090265,kamailio,chatafl_opt,2,nodes,13
1773090265,kamailio,chatafl_opt,2,edges,55
1773090270,kamailio,chatafl_opt,2,nodes,13
1773090270,kamailio,chatafl_opt,2,edges,55
1773090275,kamailio,chatafl_opt,2,nodes,13
1773090275,kamailio,chatafl_opt,2,edges,55
1773090280,kamailio,chatafl_opt,2,nodes,13
1773090280,kamailio,chatafl_opt,2,edges,55
1773090285,kamailio,chatafl_opt,2,nodes,13
1773090285,kamailio,chatafl_opt,2,edges,55
1773090290,kamailio,chatafl_opt,2,nodes,13
1773090290,kamailio,chatafl_opt,2,edges,55
1773090295,kamailio,chatafl_opt,2,nodes,13
1773090295,kamailio,chatafl_opt,2,edges,55
1773090301,kamailio,chatafl_opt,2,nodes,13
1773090301,kamailio,chatafl_opt,2,edges,55
1773090306,kamailio,chatafl_opt,2,nodes,13
1773090306,kamailio,chatafl_opt,2,edges,55
1773090311,kamailio,chatafl_opt,2,nodes,13
1773090311,kamailio,chatafl_opt,2,edges,55
1773090316,kamailio,chatafl_opt,2,nodes,13
1773090316,kamailio,chatafl_opt,2,edges,55
1773090321,kamailio,chatafl_opt,2,nodes,13
1773090321,kamailio,chatafl_opt,2,edges,55
1773090331,kamailio,chatafl_opt,2,nodes,13
1773090331,kamailio,chatafl_opt,2,edges,55
1773090337,kamailio,chatafl_opt,2,nodes,13
1773090337,kamailio,chatafl_opt,2,edges,55
1773090342,kamailio,chatafl_opt,2,nodes,13
1773090342,kamailio,chatafl_opt,2,edges,55
1773090347,kamailio,chatafl_opt,2,nodes,13
1773090347,kamailio,chatafl_opt,2,edges,55
1773090352,kamailio,chatafl_opt,2,nodes,13
1773090352,kamailio,chatafl_opt,2,edges,55
1773090357,kamailio,chatafl_opt,2,nodes,13
1773090357,kamailio,chatafl_opt,2,edges,55
1773090362,kamailio,chatafl_opt,2,nodes,13
1773090362,kamailio,chatafl_opt,2,edges,55
1773090367,kamailio,chatafl_opt,2,nodes,13
1773090367,kamailio,chatafl_opt,2,edges,55
1773090372,kamailio,chatafl_opt,2,nodes,13
1773090372,kamailio,chatafl_opt,2,edges,55
1773090377,kamailio,chatafl_opt,2,nodes,13
1773090377,kamailio,chatafl_opt,2,edges,55
1773090382,kamailio,chatafl_opt,2,nodes,13
1773090382,kamailio,chatafl_opt,2,edges,55
1773090387,kamailio,chatafl_opt,2,nodes,13
1773090387,kamailio,chatafl_opt,2,edges,55
1773090392,kamailio,chatafl_opt,2,nodes,13
1773090392,kamailio,chatafl_opt,2,edges,55
1773090397,kamailio,chatafl_opt,2,nodes,13
1773090397,kamailio,chatafl_opt,2,edges,55
1773090403,kamailio,chatafl_opt,2,nodes,13
1773090403,kamailio,chatafl_opt,2,edges,55
1773090413,kamailio,chatafl_opt,2,nodes,13
1773090413,kamailio,chatafl_opt,2,edges,55
1773090423,kamailio,chatafl_opt,2,nodes,13
1773090423,kamailio,chatafl_opt,2,edges,55
1773090428,kamailio,chatafl_opt,2,nodes,13
1773090428,kamailio,chatafl_opt,2,edges,55
1773090433,kamailio,chatafl_opt,2,nodes,13
1773090433,kamailio,chatafl_opt,2,edges,55
1773090439,kamailio,chatafl_opt,2,nodes,13
1773090439,kamailio,chatafl_opt,2,edges,55
1773090444,kamailio,chatafl_opt,2,nodes,13
1773090444,kamailio,chatafl_opt,2,edges,55
1773090449,kamailio,chatafl_opt,2,nodes,13
1773090449,kamailio,chatafl_opt,2,edges,55
1773090454,kamailio,chatafl_opt,2,nodes,13
1773090454,kamailio,chatafl_opt,2,edges,55
1773090459,kamailio,chatafl_opt,2,nodes,13
1773090459,kamailio,chatafl_opt,2,edges,55
1773090464,kamailio,chatafl_opt,2,nodes,13
1773090464,kamailio,chatafl_opt,2,edges,55
1773090469,kamailio,chatafl_opt,2,nodes,13
1773090469,kamailio,chatafl_opt,2,edges,55
1773090474,kamailio,chatafl_opt,2,nodes,13
1773090474,kamailio,chatafl_opt,2,edges,55
1773090480,kamailio,chatafl_opt,2,nodes,13
1773090480,kamailio,chatafl_opt,2,edges,55
1773090485,kamailio,chatafl_opt,2,nodes,13
1773090485,kamailio,chatafl_opt,2,edges,55
1773090490,kamailio,chatafl_opt,2,nodes,13
1773090490,kamailio,chatafl_opt,2,edges,55
1773090495,kamailio,chatafl_opt,2,nodes,13
1773090495,kamailio,chatafl_opt,2,edges,55
1773090500,kamailio,chatafl_opt,2,nodes,13
1773090500,kamailio,chatafl_opt,2,edges,55
1773090505,kamailio,chatafl_opt,2,nodes,13
1773090505,kamailio,chatafl_opt,2,edges,55
1773090510,kamailio,chatafl_opt,2,nodes,13
1773090510,kamailio,chatafl_opt,2,edges,55
1773090515,kamailio,chatafl_opt,2,nodes,13
1773090515,kamailio,chatafl_opt,2,edges,55
1773090520,kamailio,chatafl_opt,2,nodes,13
1773090520,kamailio,chatafl_opt,2,edges,55
1773090525,kamailio,chatafl_opt,2,nodes,13
1773090525,kamailio,chatafl_opt,2,edges,55
1773090531,kamailio,chatafl_opt,2,nodes,13
1773090531,kamailio,chatafl_opt,2,edges,55
1773090536,kamailio,chatafl_opt,2,nodes,13
1773090536,kamailio,chatafl_opt,2,edges,55
1773090541,kamailio,chatafl_opt,2,nodes,13
1773090541,kamailio,chatafl_opt,2,edges,55
1773090546,kamailio,chatafl_opt,2,nodes,13
1773090546,kamailio,chatafl_opt,2,edges,55
1773090551,kamailio,chatafl_opt,2,nodes,13
1773090551,kamailio,chatafl_opt,2,edges,55
1773090556,kamailio,chatafl_opt,2,nodes,13
1773090556,kamailio,chatafl_opt,2,edges,55
1773090561,kamailio,chatafl_opt,2,nodes,13
1773090561,kamailio,chatafl_opt,2,edges,55
1773090566,kamailio,chatafl_opt,2,nodes,13
1773090566,kamailio,chatafl_opt,2,edges,55
1773090571,kamailio,chatafl_opt,2,nodes,13
1773090571,kamailio,chatafl_opt,2,edges,55
1773090576,kamailio,chatafl_opt,2,nodes,13
1773090576,kamailio,chatafl_opt,2,edges,55
1773090582,kamailio,chatafl_opt,2,nodes,13
1773090582,kamailio,chatafl_opt,2,edges,55
1773090587,kamailio,chatafl_opt,2,nodes,13
1773090587,kamailio,chatafl_opt,2,edges,55
1773090592,kamailio,chatafl_opt,2,nodes,13
1773090592,kamailio,chatafl_opt,2,edges,55
1773090597,kamailio,chatafl_opt,2,nodes,13
1773090597,kamailio,chatafl_opt,2,edges,55
1773090602,kamailio,chatafl_opt,2,nodes,13
1773090602,kamailio,chatafl_opt,2,edges,55
1773090607,kamailio,chatafl_opt,2,nodes,13
1773090607,kamailio,chatafl_opt,2,edges,55
1773090612,kamailio,chatafl_opt,2,nodes,13
1773090612,kamailio,chatafl_opt,2,edges,55
1773090618,kamailio,chatafl_opt,2,nodes,13
1773090618,kamailio,chatafl_opt,2,edges,55
1773090623,kamailio,chatafl_opt,2,nodes,13
1773090623,kamailio,chatafl_opt,2,edges,55
1773090628,kamailio,chatafl_opt,2,nodes,13
1773090628,kamailio,chatafl_opt,2,edges,55
1773090633,kamailio,chatafl_opt,2,nodes,13
1773090633,kamailio,chatafl_opt,2,edges,55
1773090638,kamailio,chatafl_opt,2,nodes,13
1773090638,kamailio,chatafl_opt,2,edges,55
1773090643,kamailio,chatafl_opt,2,nodes,13
1773090643,kamailio,chatafl_opt,2,edges,55
1773090648,kamailio,chatafl_opt,2,nodes,13
1773090648,kamailio,chatafl_opt,2,edges,55
1773090654,kamailio,chatafl_opt,2,nodes,13
1773090654,kamailio,chatafl_opt,2,edges,55
1773090659,kamailio,chatafl_opt,2,nodes,13
1773090659,kamailio,chatafl_opt,2,edges,55
1773090664,kamailio,chatafl_opt,2,nodes,13
1773090664,kamailio,chatafl_opt,2,edges,55
1773090669,kamailio,chatafl_opt,2,nodes,13
1773090669,kamailio,chatafl_opt,2,edges,55
1773090674,kamailio,chatafl_opt,2,nodes,13
1773090674,kamailio,chatafl_opt,2,edges,55
1773090684,kamailio,chatafl_opt,2,nodes,13
1773090684,kamailio,chatafl_opt,2,edges,56
1773090689,kamailio,chatafl_opt,2,nodes,13
1773090689,kamailio,chatafl_opt,2,edges,56
1773090700,kamailio,chatafl_opt,2,nodes,13
1773090700,kamailio,chatafl_opt,2,edges,56
1773090710,kamailio,chatafl_opt,2,nodes,13
1773090710,kamailio,chatafl_opt,2,edges,56
1773090715,kamailio,chatafl_opt,2,nodes,13
1773090715,kamailio,chatafl_opt,2,edges,56
1773090720,kamailio,chatafl_opt,2,nodes,13
1773090720,kamailio,chatafl_opt,2,edges,56
1773090725,kamailio,chatafl_opt,2,nodes,13
1773090725,kamailio,chatafl_opt,2,edges,56
1773090731,kamailio,chatafl_opt,2,nodes,13
1773090731,kamailio,chatafl_opt,2,edges,56
1773090736,kamailio,chatafl_opt,2,nodes,13
1773090736,kamailio,chatafl_opt,2,edges,56
1773090741,kamailio,chatafl_opt,2,nodes,13
1773090741,kamailio,chatafl_opt,2,edges,56
1773090751,kamailio,chatafl_opt,2,nodes,13
1773090751,kamailio,chatafl_opt,2,edges,56
1773090756,kamailio,chatafl_opt,2,nodes,13
1773090756,kamailio,chatafl_opt,2,edges,56
1773090762,kamailio,chatafl_opt,2,nodes,13
1773090762,kamailio,chatafl_opt,2,edges,56
1773090772,kamailio,chatafl_opt,2,nodes,13
1773090772,kamailio,chatafl_opt,2,edges,56
1773090777,kamailio,chatafl_opt,2,nodes,13
1773090777,kamailio,chatafl_opt,2,edges,56
1773090782,kamailio,chatafl_opt,2,nodes,13
1773090782,kamailio,chatafl_opt,2,edges,56
1773090787,kamailio,chatafl_opt,2,nodes,13
1773090787,kamailio,chatafl_opt,2,edges,56
1773090792,kamailio,chatafl_opt,2,nodes,13
1773090792,kamailio,chatafl_opt,2,edges,56
1773090797,kamailio,chatafl_opt,2,nodes,13
1773090797,kamailio,chatafl_opt,2,edges,56
1773090808,kamailio,chatafl_opt,2,nodes,13
1773090808,kamailio,chatafl_opt,2,edges,56
1773090813,kamailio,chatafl_opt,2,nodes,13
1773090813,kamailio,chatafl_opt,2,edges,56
1773090818,kamailio,chatafl_opt,2,nodes,13
1773090818,kamailio,chatafl_opt,2,edges,56
1773090823,kamailio,chatafl_opt,2,nodes,13
1773090823,kamailio,chatafl_opt,2,edges,56
1773090828,kamailio,chatafl_opt,2,nodes,13
1773090828,kamailio,chatafl_opt,2,edges,56
1773090833,kamailio,chatafl_opt,2,nodes,13
1773090833,kamailio,chatafl_opt,2,edges,56
1773090838,kamailio,chatafl_opt,2,nodes,13
1773090838,kamailio,chatafl_opt,2,edges,56
1773090848,kamailio,chatafl_opt,2,nodes,13
1773090848,kamailio,chatafl_opt,2,edges,56
1773090859,kamailio,chatafl_opt,2,nodes,13
1773090859,kamailio,chatafl_opt,2,edges,56
1773090864,kamailio,chatafl_opt,2,nodes,13
1773090864,kamailio,chatafl_opt,2,edges,57
1773090869,kamailio,chatafl_opt,2,nodes,13
1773090869,kamailio,chatafl_opt,2,edges,57
1773090879,kamailio,chatafl_opt,2,nodes,13
1773090879,kamailio,chatafl_opt,2,edges,57
1773090884,kamailio,chatafl_opt,2,nodes,13
1773090884,kamailio,chatafl_opt,2,edges,57
1773090890,kamailio,chatafl_opt,2,nodes,13
1773090890,kamailio,chatafl_opt,2,edges,57
1773090900,kamailio,chatafl_opt,2,nodes,13
1773090900,kamailio,chatafl_opt,2,edges,57
1773090905,kamailio,chatafl_opt,2,nodes,13
1773090905,kamailio,chatafl_opt,2,edges,57
1773090910,kamailio,chatafl_opt,2,nodes,13
1773090910,kamailio,chatafl_opt,2,edges,57
1773090915,kamailio,chatafl_opt,2,nodes,13
1773090915,kamailio,chatafl_opt,2,edges,57
1773090920,kamailio,chatafl_opt,2,nodes,13
1773090920,kamailio,chatafl_opt,2,edges,57
1773090926,kamailio,chatafl_opt,2,nodes,13
1773090926,kamailio,chatafl_opt,2,edges,57
1773090931,kamailio,chatafl_opt,2,nodes,13
1773090931,kamailio,chatafl_opt,2,edges,57
1773090936,kamailio,chatafl_opt,2,nodes,13
1773090936,kamailio,chatafl_opt,2,edges,57
1773090941,kamailio,chatafl_opt,2,nodes,13
1773090941,kamailio,chatafl_opt,2,edges,57
1773090946,kamailio,chatafl_opt,2,nodes,13
1773090946,kamailio,chatafl_opt,2,edges,57
1773090951,kamailio,chatafl_opt,2,nodes,13
1773090951,kamailio,chatafl_opt,2,edges,57
1773090956,kamailio,chatafl_opt,2,nodes,13
1773090956,kamailio,chatafl_opt,2,edges,57
1773090961,kamailio,chatafl_opt,2,nodes,13
1773090961,kamailio,chatafl_opt,2,edges,57
1773090967,kamailio,chatafl_opt,2,nodes,13
1773090967,kamailio,chatafl_opt,2,edges,57
1773090972,kamailio,chatafl_opt,2,nodes,13
1773090972,kamailio,chatafl_opt,2,edges,57
1773090977,kamailio,chatafl_opt,2,nodes,13
1773090977,kamailio,chatafl_opt,2,edges,57
1773090982,kamailio,chatafl_opt,2,nodes,13
1773090982,kamailio,chatafl_opt,2,edges,57
1773090987,kamailio,chatafl_opt,2,nodes,13
1773090987,kamailio,chatafl_opt,2,edges,57
1773090992,kamailio,chatafl_opt,2,nodes,13
1773090992,kamailio,chatafl_opt,2,edges,57
1773090997,kamailio,chatafl_opt,2,nodes,13
1773090997,kamailio,chatafl_opt,2,edges,57
1773091002,kamailio,chatafl_opt,2,nodes,13
1773091002,kamailio,chatafl_opt,2,edges,57
1773091007,kamailio,chatafl_opt,2,nodes,13
1773091007,kamailio,chatafl_opt,2,edges,57
1773091012,kamailio,chatafl_opt,2,nodes,13
1773091012,kamailio,chatafl_opt,2,edges,57
1773091028,kamailio,chatafl_opt,2,nodes,13
1773091028,kamailio,chatafl_opt,2,edges,57
1773091033,kamailio,chatafl_opt,2,nodes,13
1773091033,kamailio,chatafl_opt,2,edges,57
1773091038,kamailio,chatafl_opt,2,nodes,13
1773091038,kamailio,chatafl_opt,2,edges,57
1773091043,kamailio,chatafl_opt,2,nodes,13
1773091043,kamailio,chatafl_opt,2,edges,57
1773091048,kamailio,chatafl_opt,2,nodes,13
1773091048,kamailio,chatafl_opt,2,edges,57
1773091053,kamailio,chatafl_opt,2,nodes,13
1773091053,kamailio,chatafl_opt,2,edges,57
1773091064,kamailio,chatafl_opt,2,nodes,13
1773091064,kamailio,chatafl_opt,2,edges,57
1773091069,kamailio,chatafl_opt,2,nodes,13
1773091069,kamailio,chatafl_opt,2,edges,57
1773091074,kamailio,chatafl_opt,2,nodes,13
1773091074,kamailio,chatafl_opt,2,edges,58
1773091084,kamailio,chatafl_opt,2,nodes,13
1773091084,kamailio,chatafl_opt,2,edges,58
1773091089,kamailio,chatafl_opt,2,nodes,13
1773091089,kamailio,chatafl_opt,2,edges,58
1773091094,kamailio,chatafl_opt,2,nodes,13
1773091094,kamailio,chatafl_opt,2,edges,58
1773091099,kamailio,chatafl_opt,2,nodes,13
1773091099,kamailio,chatafl_opt,2,edges,58
1773091105,kamailio,chatafl_opt,2,nodes,13
1773091105,kamailio,chatafl_opt,2,edges,58
1773091110,kamailio,chatafl_opt,2,nodes,13
1773091110,kamailio,chatafl_opt,2,edges,58
1773091115,kamailio,chatafl_opt,2,nodes,13
1773091115,kamailio,chatafl_opt,2,edges,58
1773091120,kamailio,chatafl_opt,2,nodes,13
1773091120,kamailio,chatafl_opt,2,edges,58
1773091125,kamailio,chatafl_opt,2,nodes,13
1773091125,kamailio,chatafl_opt,2,edges,58
1773091131,kamailio,chatafl_opt,2,nodes,13
1773091131,kamailio,chatafl_opt,2,edges,58
1773091141,kamailio,chatafl_opt,2,nodes,13
1773091141,kamailio,chatafl_opt,2,edges,58
1773091146,kamailio,chatafl_opt,2,nodes,13
1773091146,kamailio,chatafl_opt,2,edges,58
1773091151,kamailio,chatafl_opt,2,nodes,13
1773091151,kamailio,chatafl_opt,2,edges,58
1773091156,kamailio,chatafl_opt,2,nodes,13
1773091156,kamailio,chatafl_opt,2,edges,58
1773091161,kamailio,chatafl_opt,2,nodes,13
1773091161,kamailio,chatafl_opt,2,edges,58
1773091166,kamailio,chatafl_opt,2,nodes,13
1773091166,kamailio,chatafl_opt,2,edges,58
1773091172,kamailio,chatafl_opt,2,nodes,13
1773091172,kamailio,chatafl_opt,2,edges,58
1773091182,kamailio,chatafl_opt,2,nodes,13
1773091182,kamailio,chatafl_opt,2,edges,58
1773091187,kamailio,chatafl_opt,2,nodes,13
1773091187,kamailio,chatafl_opt,2,edges,58
1773091198,kamailio,chatafl_opt,2,nodes,13
1773091198,kamailio,chatafl_opt,2,edges,58
1773091203,kamailio,chatafl_opt,2,nodes,13
1773091203,kamailio,chatafl_opt,2,edges,58
1773091208,kamailio,chatafl_opt,2,nodes,13
1773091208,kamailio,chatafl_opt,2,edges,58
1773091213,kamailio,chatafl_opt,2,nodes,13
1773091213,kamailio,chatafl_opt,2,edges,58
1773091218,kamailio,chatafl_opt,2,nodes,13
1773091218,kamailio,chatafl_opt,2,edges,58
1773091233,kamailio,chatafl_opt,2,nodes,13
1773091233,kamailio,chatafl_opt,2,edges,58
1773091238,kamailio,chatafl_opt,2,nodes,13
1773091238,kamailio,chatafl_opt,2,edges,58
1773091243,kamailio,chatafl_opt,2,nodes,13
1773091243,kamailio,chatafl_opt,2,edges,58
1773091249,kamailio,chatafl_opt,2,nodes,13
1773091249,kamailio,chatafl_opt,2,edges,58
1773091259,kamailio,chatafl_opt,2,nodes,13
1773091259,kamailio,chatafl_opt,2,edges,58
1773091264,kamailio,chatafl_opt,2,nodes,13
1773091264,kamailio,chatafl_opt,2,edges,58
1773091269,kamailio,chatafl_opt,2,nodes,13
1773091269,kamailio,chatafl_opt,2,edges,58
1773091280,kamailio,chatafl_opt,2,nodes,13
1773091280,kamailio,chatafl_opt,2,edges,58
1773091285,kamailio,chatafl_opt,2,nodes,13
1773091285,kamailio,chatafl_opt,2,edges,58
1773091290,kamailio,chatafl_opt,2,nodes,13
1773091290,kamailio,chatafl_opt,2,edges,58
1773091295,kamailio,chatafl_opt,2,nodes,13
1773091295,kamailio,chatafl_opt,2,edges,58
1773091300,kamailio,chatafl_opt,2,nodes,13
1773091300,kamailio,chatafl_opt,2,edges,58
1773091305,kamailio,chatafl_opt,2,nodes,13
1773091305,kamailio,chatafl_opt,2,edges,58
1773091310,kamailio,chatafl_opt,2,nodes,13
1773091310,kamailio,chatafl_opt,2,edges,58
1773091321,kamailio,chatafl_opt,2,nodes,13
1773091321,kamailio,chatafl_opt,2,edges,58
1773091326,kamailio,chatafl_opt,2,nodes,13
1773091326,kamailio,chatafl_opt,2,edges,58
1773091336,kamailio,chatafl_opt,2,nodes,13
1773091336,kamailio,chatafl_opt,2,edges,58
1773091341,kamailio,chatafl_opt,2,nodes,13
1773091341,kamailio,chatafl_opt,2,edges,58
1773091346,kamailio,chatafl_opt,2,nodes,13
1773091346,kamailio,chatafl_opt,2,edges,58
1773091351,kamailio,chatafl_opt,2,nodes,13
1773091351,kamailio,chatafl_opt,2,edges,58
1773091356,kamailio,chatafl_opt,2,nodes,13
1773091356,kamailio,chatafl_opt,2,edges,58
1773091366,kamailio,chatafl_opt,2,nodes,13
1773091366,kamailio,chatafl_opt,2,edges,58
1773091372,kamailio,chatafl_opt,2,nodes,13
1773091372,kamailio,chatafl_opt,2,edges,58
1773091377,kamailio,chatafl_opt,2,nodes,13
1773091377,kamailio,chatafl_opt,2,edges,58
1773091382,kamailio,chatafl_opt,2,nodes,13
1773091382,kamailio,chatafl_opt,2,edges,58
1773091397,kamailio,chatafl_opt,2,nodes,13
1773091397,kamailio,chatafl_opt,2,edges,58
1773091402,kamailio,chatafl_opt,2,nodes,13
1773091402,kamailio,chatafl_opt,2,edges,58
1773091407,kamailio,chatafl_opt,2,nodes,13
1773091407,kamailio,chatafl_opt,2,edges,58
1773091413,kamailio,chatafl_opt,2,nodes,13
1773091413,kamailio,chatafl_opt,2,edges,58
1773091418,kamailio,chatafl_opt,2,nodes,13
1773091418,kamailio,chatafl_opt,2,edges,58
1773091428,kamailio,chatafl_opt,2,nodes,13
1773091428,kamailio,chatafl_opt,2,edges,58
1773091433,kamailio,chatafl_opt,2,nodes,13
1773091433,kamailio,chatafl_opt,2,edges,58
1773091438,kamailio,chatafl_opt,2,nodes,13
1773091438,kamailio,chatafl_opt,2,edges,58
1773091443,kamailio,chatafl_opt,2,nodes,13
1773091443,kamailio,chatafl_opt,2,edges,58
1773091448,kamailio,chatafl_opt,2,nodes,13
1773091448,kamailio,chatafl_opt,2,edges,58
1773091454,kamailio,chatafl_opt,2,nodes,13
1773091454,kamailio,chatafl_opt,2,edges,58
1773091459,kamailio,chatafl_opt,2,nodes,13
1773091459,kamailio,chatafl_opt,2,edges,58
1773091464,kamailio,chatafl_opt,2,nodes,13
1773091464,kamailio,chatafl_opt,2,edges,58
1773091469,kamailio,chatafl_opt,2,nodes,13
1773091469,kamailio,chatafl_opt,2,edges,58
1773091474,kamailio,chatafl_opt,2,nodes,13
1773091474,kamailio,chatafl_opt,2,edges,59
1773091479,kamailio,chatafl_opt,2,nodes,13
1773091479,kamailio,chatafl_opt,2,edges,59
1773091489,kamailio,chatafl_opt,2,nodes,13
1773091489,kamailio,chatafl_opt,2,edges,59
1773091495,kamailio,chatafl_opt,2,nodes,13
1773091495,kamailio,chatafl_opt,2,edges,59
1773091500,kamailio,chatafl_opt,2,nodes,13
1773091500,kamailio,chatafl_opt,2,edges,59
1773091505,kamailio,chatafl_opt,2,nodes,13
1773091505,kamailio,chatafl_opt,2,edges,59
1773091510,kamailio,chatafl_opt,2,nodes,13
1773091510,kamailio,chatafl_opt,2,edges,59
1773091525,kamailio,chatafl_opt,2,nodes,13
1773091525,kamailio,chatafl_opt,2,edges,59
1773091536,kamailio,chatafl_opt,2,nodes,13
1773091536,kamailio,chatafl_opt,2,edges,59
1773091546,kamailio,chatafl_opt,2,nodes,13
1773091546,kamailio,chatafl_opt,2,edges,59
1773091551,kamailio,chatafl_opt,2,nodes,13
1773091551,kamailio,chatafl_opt,2,edges,59
1773091556,kamailio,chatafl_opt,2,nodes,13
1773091556,kamailio,chatafl_opt,2,edges,59
1773091566,kamailio,chatafl_opt,2,nodes,13
1773091566,kamailio,chatafl_opt,2,edges,59
1773091571,kamailio,chatafl_opt,2,nodes,13
1773091571,kamailio,chatafl_opt,2,edges,59
1773091576,kamailio,chatafl_opt,2,nodes,13
1773091576,kamailio,chatafl_opt,2,edges,59
1773091597,kamailio,chatafl_opt,2,nodes,13
1773091597,kamailio,chatafl_opt,2,edges,59
1773091602,kamailio,chatafl_opt,2,nodes,13
1773091602,kamailio,chatafl_opt,2,edges,59
1773091612,kamailio,chatafl_opt,2,nodes,13
1773091612,kamailio,chatafl_opt,2,edges,59
1773091618,kamailio,chatafl_opt,2,nodes,13
1773091618,kamailio,chatafl_opt,2,edges,59
1773091623,kamailio,chatafl_opt,2,nodes,13
1773091623,kamailio,chatafl_opt,2,edges,59
1773091628,kamailio,chatafl_opt,2,nodes,13
1773091628,kamailio,chatafl_opt,2,edges,59
1773091633,kamailio,chatafl_opt,2,nodes,13
1773091633,kamailio,chatafl_opt,2,edges,59
1773091644,kamailio,chatafl_opt,2,nodes,13
1773091644,kamailio,chatafl_opt,2,edges,59
1773091649,kamailio,chatafl_opt,2,nodes,13
1773091649,kamailio,chatafl_opt,2,edges,59
1773091659,kamailio,chatafl_opt,2,nodes,13
1773091659,kamailio,chatafl_opt,2,edges,59
1773091664,kamailio,chatafl_opt,2,nodes,13
1773091664,kamailio,chatafl_opt,2,edges,59
1773091669,kamailio,chatafl_opt,2,nodes,13
1773091669,kamailio,chatafl_opt,2,edges,59
1773091674,kamailio,chatafl_opt,2,nodes,13
1773091674,kamailio,chatafl_opt,2,edges,59
1773091679,kamailio,chatafl_opt,2,nodes,13
1773091679,kamailio,chatafl_opt,2,edges,59
1773091685,kamailio,chatafl_opt,2,nodes,13
1773091685,kamailio,chatafl_opt,2,edges,59
1773091700,kamailio,chatafl_opt,2,nodes,13
1773091700,kamailio,chatafl_opt,2,edges,59
1773091705,kamailio,chatafl_opt,2,nodes,13
1773091705,kamailio,chatafl_opt,2,edges,59
1773091710,kamailio,chatafl_opt,2,nodes,13
1773091710,kamailio,chatafl_opt,2,edges,59
1773091715,kamailio,chatafl_opt,2,nodes,13
1773091715,kamailio,chatafl_opt,2,edges,59
1773091726,kamailio,chatafl_opt,2,nodes,13
1773091726,kamailio,chatafl_opt,2,edges,59
1773091731,kamailio,chatafl_opt,2,nodes,13
1773091731,kamailio,chatafl_opt,2,edges,60
1773091736,kamailio,chatafl_opt,2,nodes,13
1773091736,kamailio,chatafl_opt,2,edges,60
1773091746,kamailio,chatafl_opt,2,nodes,13
1773091746,kamailio,chatafl_opt,2,edges,60
1773091752,kamailio,chatafl_opt,2,nodes,13
1773091752,kamailio,chatafl_opt,2,edges,60
1773091757,kamailio,chatafl_opt,2,nodes,13
1773091757,kamailio,chatafl_opt,2,edges,60
1773091762,kamailio,chatafl_opt,2,nodes,13
1773091762,kamailio,chatafl_opt,2,edges,60
1773091767,kamailio,chatafl_opt,2,nodes,13
1773091767,kamailio,chatafl_opt,2,edges,60
1773091777,kamailio,chatafl_opt,2,nodes,13
1773091777,kamailio,chatafl_opt,2,edges,60
1773091788,kamailio,chatafl_opt,2,nodes,13
1773091788,kamailio,chatafl_opt,2,edges,60
1773091793,kamailio,chatafl_opt,2,nodes,13
1773091793,kamailio,chatafl_opt,2,edges,60
1773091798,kamailio,chatafl_opt,2,nodes,13
1773091798,kamailio,chatafl_opt,2,edges,60
1773091803,kamailio,chatafl_opt,2,nodes,13
1773091803,kamailio,chatafl_opt,2,edges,60
1773091808,kamailio,chatafl_opt,2,nodes,13
1773091808,kamailio,chatafl_opt,2,edges,60
1773091813,kamailio,chatafl_opt,2,nodes,13
1773091813,kamailio,chatafl_opt,2,edges,60
1773091818,kamailio,chatafl_opt,2,nodes,13
1773091818,kamailio,chatafl_opt,2,edges,60
1773091823,kamailio,chatafl_opt,2,nodes,13
1773091823,kamailio,chatafl_opt,2,edges,60
1773091829,kamailio,chatafl_opt,2,nodes,13
1773091829,kamailio,chatafl_opt,2,edges,60
1773091834,kamailio,chatafl_opt,2,nodes,13
1773091834,kamailio,chatafl_opt,2,edges,60
1773091839,kamailio,chatafl_opt,2,nodes,13
1773091839,kamailio,chatafl_opt,2,edges,61
1773091844,kamailio,chatafl_opt,2,nodes,13
1773091844,kamailio,chatafl_opt,2,edges,61
1773091849,kamailio,chatafl_opt,2,nodes,13
1773091849,kamailio,chatafl_opt,2,edges,61
1773091854,kamailio,chatafl_opt,2,nodes,13
1773091854,kamailio,chatafl_opt,2,edges,61
1773091859,kamailio,chatafl_opt,2,nodes,13
1773091859,kamailio,chatafl_opt,2,edges,61
1773091864,kamailio,chatafl_opt,2,nodes,13
1773091864,kamailio,chatafl_opt,2,edges,61
1773091874,kamailio,chatafl_opt,2,nodes,13
1773091874,kamailio,chatafl_opt,2,edges,61
1773091884,kamailio,chatafl_opt,2,nodes,13
1773091884,kamailio,chatafl_opt,2,edges,61
1773091890,kamailio,chatafl_opt,2,nodes,13
1773091890,kamailio,chatafl_opt,2,edges,61
1773091895,kamailio,chatafl_opt,2,nodes,13
1773091895,kamailio,chatafl_opt,2,edges,61
1773091900,kamailio,chatafl_opt,2,nodes,13
1773091900,kamailio,chatafl_opt,2,edges,61
1773091910,kamailio,chatafl_opt,2,nodes,13
1773091910,kamailio,chatafl_opt,2,edges,61
1773091916,kamailio,chatafl_opt,2,nodes,13
1773091916,kamailio,chatafl_opt,2,edges,61
1773091921,kamailio,chatafl_opt,2,nodes,13
1773091921,kamailio,chatafl_opt,2,edges,61
1773091926,kamailio,chatafl_opt,2,nodes,13
1773091926,kamailio,chatafl_opt,2,edges,61
1773091936,kamailio,chatafl_opt,2,nodes,13
1773091936,kamailio,chatafl_opt,2,edges,61
1773091941,kamailio,chatafl_opt,2,nodes,13
1773091941,kamailio,chatafl_opt,2,edges,61
1773091946,kamailio,chatafl_opt,2,nodes,13
1773091946,kamailio,chatafl_opt,2,edges,61
1773091951,kamailio,chatafl_opt,2,nodes,13
1773091951,kamailio,chatafl_opt,2,edges,61
1773091956,kamailio,chatafl_opt,2,nodes,13
1773091956,kamailio,chatafl_opt,2,edges,61
1773091962,kamailio,chatafl_opt,2,nodes,13
1773091962,kamailio,chatafl_opt,2,edges,61
1773091967,kamailio,chatafl_opt,2,nodes,13
1773091967,kamailio,chatafl_opt,2,edges,61
1773091972,kamailio,chatafl_opt,2,nodes,13
1773091972,kamailio,chatafl_opt,2,edges,61
1773091977,kamailio,chatafl_opt,2,nodes,13
1773091977,kamailio,chatafl_opt,2,edges,61
1773091982,kamailio,chatafl_opt,2,nodes,13
1773091982,kamailio,chatafl_opt,2,edges,61
1773091988,kamailio,chatafl_opt,2,nodes,13
1773091988,kamailio,chatafl_opt,2,edges,61
1773091993,kamailio,chatafl_opt,2,nodes,13
1773091993,kamailio,chatafl_opt,2,edges,62
1773092003,kamailio,chatafl_opt,2,nodes,13
1773092003,kamailio,chatafl_opt,2,edges,62
1773092018,kamailio,chatafl_opt,2,nodes,13
1773092018,kamailio,chatafl_opt,2,edges,62
1773092029,kamailio,chatafl_opt,2,nodes,13
1773092029,kamailio,chatafl_opt,2,edges,62
1773092034,kamailio,chatafl_opt,2,nodes,13
1773092034,kamailio,chatafl_opt,2,edges,62
1773092039,kamailio,chatafl_opt,2,nodes,13
1773092039,kamailio,chatafl_opt,2,edges,62
1773092044,kamailio,chatafl_opt,2,nodes,13
1773092044,kamailio,chatafl_opt,2,edges,62
1773092055,kamailio,chatafl_opt,2,nodes,13
1773092055,kamailio,chatafl_opt,2,edges,62
1773092060,kamailio,chatafl_opt,2,nodes,13
1773092060,kamailio,chatafl_opt,2,edges,63
1773092065,kamailio,chatafl_opt,2,nodes,13
1773092065,kamailio,chatafl_opt,2,edges,63
1773092070,kamailio,chatafl_opt,2,nodes,13
1773092070,kamailio,chatafl_opt,2,edges,63
1773092080,kamailio,chatafl_opt,2,nodes,13
1773092080,kamailio,chatafl_opt,2,edges,63
1773092085,kamailio,chatafl_opt,2,nodes,13
1773092085,kamailio,chatafl_opt,2,edges,63
1773092090,kamailio,chatafl_opt,2,nodes,13
1773092090,kamailio,chatafl_opt,2,edges,63
1773092095,kamailio,chatafl_opt,2,nodes,13
1773092095,kamailio,chatafl_opt,2,edges,63
1773092100,kamailio,chatafl_opt,2,nodes,13
1773092100,kamailio,chatafl_opt,2,edges,63
1773092105,kamailio,chatafl_opt,2,nodes,13
1773092105,kamailio,chatafl_opt,2,edges,63
1773092111,kamailio,chatafl_opt,2,nodes,13
1773092111,kamailio,chatafl_opt,2,edges,63
1773092121,kamailio,chatafl_opt,2,nodes,13
1773092121,kamailio,chatafl_opt,2,edges,63
1773092126,kamailio,chatafl_opt,2,nodes,13
1773092126,kamailio,chatafl_opt,2,edges,64
1773092131,kamailio,chatafl_opt,2,nodes,13
1773092131,kamailio,chatafl_opt,2,edges,64
1773092136,kamailio,chatafl_opt,2,nodes,13
1773092136,kamailio,chatafl_opt,2,edges,64
1773092146,kamailio,chatafl_opt,2,nodes,13
1773092146,kamailio,chatafl_opt,2,edges,64
1773092151,kamailio,chatafl_opt,2,nodes,13
1773092151,kamailio,chatafl_opt,2,edges,64
1773092157,kamailio,chatafl_opt,2,nodes,13
1773092157,kamailio,chatafl_opt,2,edges,64
1773092162,kamailio,chatafl_opt,2,nodes,13
1773092162,kamailio,chatafl_opt,2,edges,64
1773092167,kamailio,chatafl_opt,2,nodes,13
1773092167,kamailio,chatafl_opt,2,edges,64
1773092177,kamailio,chatafl_opt,2,nodes,13
1773092177,kamailio,chatafl_opt,2,edges,64
1773092182,kamailio,chatafl_opt,2,nodes,13
1773092182,kamailio,chatafl_opt,2,edges,64
1773092187,kamailio,chatafl_opt,2,nodes,13
1773092187,kamailio,chatafl_opt,2,edges,64
1773092193,kamailio,chatafl_opt,2,nodes,13
1773092193,kamailio,chatafl_opt,2,edges,64
1773092203,kamailio,chatafl_opt,2,nodes,13
1773092203,kamailio,chatafl_opt,2,edges,65
1773092213,kamailio,chatafl_opt,2,nodes,13
1773092213,kamailio,chatafl_opt,2,edges,66
1773092218,kamailio,chatafl_opt,2,nodes,13
1773092218,kamailio,chatafl_opt,2,edges,66
1773092223,kamailio,chatafl_opt,2,nodes,13
1773092223,kamailio,chatafl_opt,2,edges,66
1773092229,kamailio,chatafl_opt,2,nodes,13
1773092229,kamailio,chatafl_opt,2,edges,66
1773092239,kamailio,chatafl_opt,2,nodes,13
1773092239,kamailio,chatafl_opt,2,edges,66
1773092249,kamailio,chatafl_opt,2,nodes,13
1773092249,kamailio,chatafl_opt,2,edges,66
1773092259,kamailio,chatafl_opt,2,nodes,13
1773092259,kamailio,chatafl_opt,2,edges,66
1773092264,kamailio,chatafl_opt,2,nodes,13
1773092264,kamailio,chatafl_opt,2,edges,66
1773092269,kamailio,chatafl_opt,2,nodes,13
1773092269,kamailio,chatafl_opt,2,edges,66
1773092275,kamailio,chatafl_opt,2,nodes,13
1773092275,kamailio,chatafl_opt,2,edges,66
1773092295,kamailio,chatafl_opt,2,nodes,13
1773092295,kamailio,chatafl_opt,2,edges,67
1773092300,kamailio,chatafl_opt,2,nodes,13
1773092300,kamailio,chatafl_opt,2,edges,67
1773092305,kamailio,chatafl_opt,2,nodes,13
1773092305,kamailio,chatafl_opt,2,edges,67
1773092310,kamailio,chatafl_opt,2,nodes,13
1773092310,kamailio,chatafl_opt,2,edges,67
1773092315,kamailio,chatafl_opt,2,nodes,13
1773092315,kamailio,chatafl_opt,2,edges,67
1773092326,kamailio,chatafl_opt,2,nodes,13
1773092326,kamailio,chatafl_opt,2,edges,67
1773092331,kamailio,chatafl_opt,2,nodes,13
1773092331,kamailio,chatafl_opt,2,edges,67
1773092336,kamailio,chatafl_opt,2,nodes,13
1773092336,kamailio,chatafl_opt,2,edges,67
1773092341,kamailio,chatafl_opt,2,nodes,13
1773092341,kamailio,chatafl_opt,2,edges,67
1773092346,kamailio,chatafl_opt,2,nodes,13
1773092346,kamailio,chatafl_opt,2,edges,67
1773092351,kamailio,chatafl_opt,2,nodes,13
1773092351,kamailio,chatafl_opt,2,edges,67
1773092361,kamailio,chatafl_opt,2,nodes,13
1773092361,kamailio,chatafl_opt,2,edges,67
1773092377,kamailio,chatafl_opt,2,nodes,13
1773092377,kamailio,chatafl_opt,2,edges,67
1773092387,kamailio,chatafl_opt,2,nodes,13
1773092387,kamailio,chatafl_opt,2,edges,67
1773092397,kamailio,chatafl_opt,2,nodes,13
1773092397,kamailio,chatafl_opt,2,edges,67
1773092402,kamailio,chatafl_opt,2,nodes,13
1773092402,kamailio,chatafl_opt,2,edges,67
1773092412,kamailio,chatafl_opt,2,nodes,13
1773092412,kamailio,chatafl_opt,2,edges,67
1773092417,kamailio,chatafl_opt,2,nodes,13
1773092417,kamailio,chatafl_opt,2,edges,67
1773092423,kamailio,chatafl_opt,2,nodes,13
1773092423,kamailio,chatafl_opt,2,edges,67
1773092428,kamailio,chatafl_opt,2,nodes,13
1773092428,kamailio,chatafl_opt,2,edges,67
1773092433,kamailio,chatafl_opt,2,nodes,13
1773092433,kamailio,chatafl_opt,2,edges,67
1773092438,kamailio,chatafl_opt,2,nodes,13
1773092438,kamailio,chatafl_opt,2,edges,67
1773092443,kamailio,chatafl_opt,2,nodes,13
1773092443,kamailio,chatafl_opt,2,edges,67
1773092448,kamailio,chatafl_opt,2,nodes,13
1773092448,kamailio,chatafl_opt,2,edges,67
1773092453,kamailio,chatafl_opt,2,nodes,13
1773092453,kamailio,chatafl_opt,2,edges,67
1773092463,kamailio,chatafl_opt,2,nodes,13
1773092463,kamailio,chatafl_opt,2,edges,67
1773092469,kamailio,chatafl_opt,2,nodes,13
1773092469,kamailio,chatafl_opt,2,edges,67
1773092474,kamailio,chatafl_opt,2,nodes,13
1773092474,kamailio,chatafl_opt,2,edges,67
1773092479,kamailio,chatafl_opt,2,nodes,13
1773092479,kamailio,chatafl_opt,2,edges,67
1773092484,kamailio,chatafl_opt,2,nodes,13
1773092484,kamailio,chatafl_opt,2,edges,67
1773092489,kamailio,chatafl_opt,2,nodes,13
1773092489,kamailio,chatafl_opt,2,edges,67
1773092494,kamailio,chatafl_opt,2,nodes,13
1773092494,kamailio,chatafl_opt,2,edges,67
1773092499,kamailio,chatafl_opt,2,nodes,13
1773092499,kamailio,chatafl_opt,2,edges,67
1773092504,kamailio,chatafl_opt,2,nodes,13
1773092504,kamailio,chatafl_opt,2,edges,67
1773092519,kamailio,chatafl_opt,2,nodes,13
1773092519,kamailio,chatafl_opt,2,edges,67
1773092524,kamailio,chatafl_opt,2,nodes,13
1773092524,kamailio,chatafl_opt,2,edges,67
1773092534,kamailio,chatafl_opt,2,nodes,13
1773092534,kamailio,chatafl_opt,2,edges,67
1773092540,kamailio,chatafl_opt,2,nodes,13
1773092540,kamailio,chatafl_opt,2,edges,67
1773092545,kamailio,chatafl_opt,2,nodes,13
1773092545,kamailio,chatafl_opt,2,edges,67
1773092550,kamailio,chatafl_opt,2,nodes,13
1773092550,kamailio,chatafl_opt,2,edges,67
1773092555,kamailio,chatafl_opt,2,nodes,13
1773092555,kamailio,chatafl_opt,2,edges,67
1773092560,kamailio,chatafl_opt,2,nodes,13
1773092560,kamailio,chatafl_opt,2,edges,67
1773092565,kamailio,chatafl_opt,2,nodes,13
1773092565,kamailio,chatafl_opt,2,edges,67
1773092570,kamailio,chatafl_opt,2,nodes,13
1773092570,kamailio,chatafl_opt,2,edges,67
1773092575,kamailio,chatafl_opt,2,nodes,13
1773092575,kamailio,chatafl_opt,2,edges,67
1773092580,kamailio,chatafl_opt,2,nodes,13
1773092580,kamailio,chatafl_opt,2,edges,67
1773092591,kamailio,chatafl_opt,2,nodes,13
1773092591,kamailio,chatafl_opt,2,edges,67
1773092601,kamailio,chatafl_opt,2,nodes,13
1773092601,kamailio,chatafl_opt,2,edges,67
1773092611,kamailio,chatafl_opt,2,nodes,13
1773092611,kamailio,chatafl_opt,2,edges,67
1773092616,kamailio,chatafl_opt,2,nodes,13
1773092616,kamailio,chatafl_opt,2,edges,67
1773092621,kamailio,chatafl_opt,2,nodes,13
1773092621,kamailio,chatafl_opt,2,edges,67
1773092626,kamailio,chatafl_opt,2,nodes,13
1773092626,kamailio,chatafl_opt,2,edges,67
1773092631,kamailio,chatafl_opt,2,nodes,13
1773092631,kamailio,chatafl_opt,2,edges,67
1773092642,kamailio,chatafl_opt,2,nodes,13
1773092642,kamailio,chatafl_opt,2,edges,67
1773092652,kamailio,chatafl_opt,2,nodes,13
1773092652,kamailio,chatafl_opt,2,edges,67
1773092657,kamailio,chatafl_opt,2,nodes,13
1773092657,kamailio,chatafl_opt,2,edges,67
1773092667,kamailio,chatafl_opt,2,nodes,13
1773092667,kamailio,chatafl_opt,2,edges,67
1773092673,kamailio,chatafl_opt,2,nodes,13
1773092673,kamailio,chatafl_opt,2,edges,67
1773092678,kamailio,chatafl_opt,2,nodes,13
1773092678,kamailio,chatafl_opt,2,edges,67
1773092683,kamailio,chatafl_opt,2,nodes,13
1773092683,kamailio,chatafl_opt,2,edges,67
1773092693,kamailio,chatafl_opt,2,nodes,13
1773092693,kamailio,chatafl_opt,2,edges,67
1773092698,kamailio,chatafl_opt,2,nodes,13
1773092698,kamailio,chatafl_opt,2,edges,67
1773092703,kamailio,chatafl_opt,2,nodes,13
1773092703,kamailio,chatafl_opt,2,edges,67
1773092709,kamailio,chatafl_opt,2,nodes,13
1773092709,kamailio,chatafl_opt,2,edges,67
1773092714,kamailio,chatafl_opt,2,nodes,13
1773092714,kamailio,chatafl_opt,2,edges,67
1773092724,kamailio,chatafl_opt,2,nodes,13
1773092724,kamailio,chatafl_opt,2,edges,67
1773092729,kamailio,chatafl_opt,2,nodes,13
1773092729,kamailio,chatafl_opt,2,edges,68
1773092734,kamailio,chatafl_opt,2,nodes,13
1773092734,kamailio,chatafl_opt,2,edges,68
1773092744,kamailio,chatafl_opt,2,nodes,13
1773092744,kamailio,chatafl_opt,2,edges,68
1773092749,kamailio,chatafl_opt,2,nodes,13
1773092749,kamailio,chatafl_opt,2,edges,68
1773092755,kamailio,chatafl_opt,2,nodes,13
1773092755,kamailio,chatafl_opt,2,edges,68
1773092765,kamailio,chatafl_opt,2,nodes,13
1773092765,kamailio,chatafl_opt,2,edges,68
1773092775,kamailio,chatafl_opt,2,nodes,13
1773092775,kamailio,chatafl_opt,2,edges,69
1773092780,kamailio,chatafl_opt,2,nodes,13
1773092780,kamailio,chatafl_opt,2,edges,69
1773092785,kamailio,chatafl_opt,2,nodes,13
1773092785,kamailio,chatafl_opt,2,edges,69
1773092791,kamailio,chatafl_opt,2,nodes,13
1773092791,kamailio,chatafl_opt,2,edges,69
1773092801,kamailio,chatafl_opt,2,nodes,13
1773092801,kamailio,chatafl_opt,2,edges,69
1773092806,kamailio,chatafl_opt,2,nodes,13
1773092806,kamailio,chatafl_opt,2,edges,69
1773092811,kamailio,chatafl_opt,2,nodes,13
1773092811,kamailio,chatafl_opt,2,edges,69
1773092821,kamailio,chatafl_opt,2,nodes,13
1773092821,kamailio,chatafl_opt,2,edges,69
1773092826,kamailio,chatafl_opt,2,nodes,13
1773092826,kamailio,chatafl_opt,2,edges,69
1773092842,kamailio,chatafl_opt,2,nodes,13
1773092842,kamailio,chatafl_opt,2,edges,69
1773092857,kamailio,chatafl_opt,2,nodes,13
1773092857,kamailio,chatafl_opt,2,edges,69
1773092867,kamailio,chatafl_opt,2,nodes,13
1773092867,kamailio,chatafl_opt,2,edges,69
1773092883,kamailio,chatafl_opt,2,nodes,13
1773092883,kamailio,chatafl_opt,2,edges,69
1773092888,kamailio,chatafl_opt,2,nodes,13
1773092888,kamailio,chatafl_opt,2,edges,69
1773092893,kamailio,chatafl_opt,2,nodes,13
1773092893,kamailio,chatafl_opt,2,edges,70
1773092903,kamailio,chatafl_opt,2,nodes,13
1773092903,kamailio,chatafl_opt,2,edges,70
1773092918,kamailio,chatafl_opt,2,nodes,13
1773092918,kamailio,chatafl_opt,2,edges,70
1773092934,kamailio,chatafl_opt,2,nodes,13
1773092934,kamailio,chatafl_opt,2,edges,70
1773092944,kamailio,chatafl_opt,2,nodes,13
1773092944,kamailio,chatafl_opt,2,edges,70
1773092949,kamailio,chatafl_opt,2,nodes,13
1773092949,kamailio,chatafl_opt,2,edges,70
1773092954,kamailio,chatafl_opt,2,nodes,13
1773092954,kamailio,chatafl_opt,2,edges,70
1773092970,kamailio,chatafl_opt,2,nodes,13
1773092970,kamailio,chatafl_opt,2,edges,71
1773092975,kamailio,chatafl_opt,2,nodes,13
1773092975,kamailio,chatafl_opt,2,edges,71
1773092991,kamailio,chatafl_opt,2,nodes,13
1773092991,kamailio,chatafl_opt,2,edges,71
1773092996,kamailio,chatafl_opt,2,nodes,13
1773092996,kamailio,chatafl_opt,2,edges,71
1773093001,kamailio,chatafl_opt,2,nodes,13
1773093001,kamailio,chatafl_opt,2,edges,71
1773093006,kamailio,chatafl_opt,2,nodes,13
1773093006,kamailio,chatafl_opt,2,edges,71
1773093011,kamailio,chatafl_opt,2,nodes,13
1773093011,kamailio,chatafl_opt,2,edges,71
1773093016,kamailio,chatafl_opt,2,nodes,13
1773093016,kamailio,chatafl_opt,2,edges,71
1773093021,kamailio,chatafl_opt,2,nodes,13
1773093021,kamailio,chatafl_opt,2,edges,71
1773093031,kamailio,chatafl_opt,2,nodes,13
1773093031,kamailio,chatafl_opt,2,edges,71
1773093042,kamailio,chatafl_opt,2,nodes,13
1773093042,kamailio,chatafl_opt,2,edges,71
1773093057,kamailio,chatafl_opt,2,nodes,13
1773093057,kamailio,chatafl_opt,2,edges,71
1773093062,kamailio,chatafl_opt,2,nodes,13
1773093062,kamailio,chatafl_opt,2,edges,71
1773093067,kamailio,chatafl_opt,2,nodes,13
1773093067,kamailio,chatafl_opt,2,edges,71
1773093072,kamailio,chatafl_opt,2,nodes,13
1773093072,kamailio,chatafl_opt,2,edges,71
1773093077,kamailio,chatafl_opt,2,nodes,13
1773093077,kamailio,chatafl_opt,2,edges,71
1773093083,kamailio,chatafl_opt,2,nodes,13
1773093083,kamailio,chatafl_opt,2,edges,71
1773093093,kamailio,chatafl_opt,2,nodes,13
1773093093,kamailio,chatafl_opt,2,edges,71
1773093098,kamailio,chatafl_opt,2,nodes,13
1773093098,kamailio,chatafl_opt,2,edges,71
1773093108,kamailio,chatafl_opt,2,nodes,13
1773093108,kamailio,chatafl_opt,2,edges,71
1773093118,kamailio,chatafl_opt,2,nodes,13
1773093118,kamailio,chatafl_opt,2,edges,71
1773093123,kamailio,chatafl_opt,2,nodes,13
1773093123,kamailio,chatafl_opt,2,edges,71
1773093129,kamailio,chatafl_opt,2,nodes,13
1773093129,kamailio,chatafl_opt,2,edges,71
1773093149,kamailio,chatafl_opt,2,nodes,13
1773093149,kamailio,chatafl_opt,2,edges,71
1773093154,kamailio,chatafl_opt,2,nodes,13
1773093154,kamailio,chatafl_opt,2,edges,71
1773093160,kamailio,chatafl_opt,2,nodes,13
1773093160,kamailio,chatafl_opt,2,edges,72
1773093165,kamailio,chatafl_opt,2,nodes,13
1773093165,kamailio,chatafl_opt,2,edges,73
1773093170,kamailio,chatafl_opt,2,nodes,13
1773093170,kamailio,chatafl_opt,2,edges,73
1773093185,kamailio,chatafl_opt,2,nodes,13
1773093185,kamailio,chatafl_opt,2,edges,73
1773093211,kamailio,chatafl_opt,2,nodes,13
1773093211,kamailio,chatafl_opt,2,edges,73
1773093221,kamailio,chatafl_opt,2,nodes,13
1773093221,kamailio,chatafl_opt,2,edges,73
1773093232,kamailio,chatafl_opt,2,nodes,13
1773093232,kamailio,chatafl_opt,2,edges,73
1773093237,kamailio,chatafl_opt,2,nodes,13
1773093237,kamailio,chatafl_opt,2,edges,73
1773093268,kamailio,chatafl_opt,2,nodes,13
1773093268,kamailio,chatafl_opt,2,edges,73
1773093283,kamailio,chatafl_opt,2,nodes,13
1773093283,kamailio,chatafl_opt,2,edges,73
1773093288,kamailio,chatafl_opt,2,nodes,13
1773093288,kamailio,chatafl_opt,2,edges,73
1773093293,kamailio,chatafl_opt,2,nodes,13
1773093293,kamailio,chatafl_opt,2,edges,73
1773093308,kamailio,chatafl_opt,2,nodes,13
1773093308,kamailio,chatafl_opt,2,edges,73
1773093313,kamailio,chatafl_opt,2,nodes,13
1773093313,kamailio,chatafl_opt,2,edges,73
1773093344,kamailio,chatafl_opt,2,nodes,13
1773093344,kamailio,chatafl_opt,2,edges,73
1773093354,kamailio,chatafl_opt,2,nodes,13
1773093354,kamailio,chatafl_opt,2,edges,73
1773093364,kamailio,chatafl_opt,2,nodes,13
1773093364,kamailio,chatafl_opt,2,edges,73
1773093390,kamailio,chatafl_opt,2,nodes,13
1773093390,kamailio,chatafl_opt,2,edges,73
1773093400,kamailio,chatafl_opt,2,nodes,13
1773093400,kamailio,chatafl_opt,2,edges,73
1773093405,kamailio,chatafl_opt,2,nodes,13
1773093405,kamailio,chatafl_opt,2,edges,73
1773093415,kamailio,chatafl_opt,2,nodes,13
1773093415,kamailio,chatafl_opt,2,edges,75
1773093420,kamailio,chatafl_opt,2,nodes,13
1773093420,kamailio,chatafl_opt,2,edges,75
1773093425,kamailio,chatafl_opt,2,nodes,13
1773093425,kamailio,chatafl_opt,2,edges,75
1773093431,kamailio,chatafl_opt,2,nodes,13
1773093431,kamailio,chatafl_opt,2,edges,75
1773093436,kamailio,chatafl_opt,2,nodes,13
1773093436,kamailio,chatafl_opt,2,edges,75
1773093441,kamailio,chatafl_opt,2,nodes,13
1773093441,kamailio,chatafl_opt,2,edges,75
1773093446,kamailio,chatafl_opt,2,nodes,13
1773093446,kamailio,chatafl_opt,2,edges,75
1773093451,kamailio,chatafl_opt,2,nodes,13
1773093451,kamailio,chatafl_opt,2,edges,75
1773093456,kamailio,chatafl_opt,2,nodes,13
1773093456,kamailio,chatafl_opt,2,edges,75
1773093461,kamailio,chatafl_opt,2,nodes,13
1773093461,kamailio,chatafl_opt,2,edges,75
1773093471,kamailio,chatafl_opt,2,nodes,13
1773093471,kamailio,chatafl_opt,2,edges,75
1773093477,kamailio,chatafl_opt,2,nodes,13
1773093477,kamailio,chatafl_opt,2,edges,75
1773093482,kamailio,chatafl_opt,2,nodes,13
1773093482,kamailio,chatafl_opt,2,edges,75
1773093487,kamailio,chatafl_opt,2,nodes,13
1773093487,kamailio,chatafl_opt,2,edges,75
1773093492,kamailio,chatafl_opt,2,nodes,13
1773093492,kamailio,chatafl_opt,2,edges,75
1773093497,kamailio,chatafl_opt,2,nodes,13
1773093497,kamailio,chatafl_opt,2,edges,75
1773093502,kamailio,chatafl_opt,2,nodes,13
1773093502,kamailio,chatafl_opt,2,edges,75
1773093517,kamailio,chatafl_opt,2,nodes,13
1773093517,kamailio,chatafl_opt,2,edges,75
1773093532,kamailio,chatafl_opt,2,nodes,13
1773093532,kamailio,chatafl_opt,2,edges,75
1773093538,kamailio,chatafl_opt,2,nodes,13
1773093538,kamailio,chatafl_opt,2,edges,75
1773093543,kamailio,chatafl_opt,2,nodes,13
1773093543,kamailio,chatafl_opt,2,edges,75
1773093553,kamailio,chatafl_opt,2,nodes,13
1773093553,kamailio,chatafl_opt,2,edges,75
1773093558,kamailio,chatafl_opt,2,nodes,13
1773093558,kamailio,chatafl_opt,2,edges,75
1773093563,kamailio,chatafl_opt,2,nodes,13
1773093563,kamailio,chatafl_opt,2,edges,75
1773093568,kamailio,chatafl_opt,2,nodes,13
1773093568,kamailio,chatafl_opt,2,edges,75
1773093573,kamailio,chatafl_opt,2,nodes,13
1773093573,kamailio,chatafl_opt,2,edges,75
1773093584,kamailio,chatafl_opt,2,nodes,13
1773093584,kamailio,chatafl_opt,2,edges,75
1773093594,kamailio,chatafl_opt,2,nodes,13
1773093594,kamailio,chatafl_opt,2,edges,75
1773093599,kamailio,chatafl_opt,2,nodes,13
1773093599,kamailio,chatafl_opt,2,edges,75
1773093604,kamailio,chatafl_opt,2,nodes,13
1773093604,kamailio,chatafl_opt,2,edges,75
1773093615,kamailio,chatafl_opt,2,nodes,13
1773093615,kamailio,chatafl_opt,2,edges,75
1773093620,kamailio,chatafl_opt,2,nodes,13
1773093620,kamailio,chatafl_opt,2,edges,75
1773093625,kamailio,chatafl_opt,2,nodes,13
1773093625,kamailio,chatafl_opt,2,edges,76
1773093630,kamailio,chatafl_opt,2,nodes,13
1773093630,kamailio,chatafl_opt,2,edges,76
1773093635,kamailio,chatafl_opt,2,nodes,13
1773093635,kamailio,chatafl_opt,2,edges,76
1773093646,kamailio,chatafl_opt,2,nodes,13
1773093646,kamailio,chatafl_opt,2,edges,76
1773093661,kamailio,chatafl_opt,2,nodes,13
1773093661,kamailio,chatafl_opt,2,edges,76
1773093666,kamailio,chatafl_opt,2,nodes,13
1773093666,kamailio,chatafl_opt,2,edges,76
1773093671,kamailio,chatafl_opt,2,nodes,13
1773093671,kamailio,chatafl_opt,2,edges,76
1773093676,kamailio,chatafl_opt,2,nodes,13
1773093676,kamailio,chatafl_opt,2,edges,76
1773093686,kamailio,chatafl_opt,2,nodes,13
1773093686,kamailio,chatafl_opt,2,edges,77
1773093691,kamailio,chatafl_opt,2,nodes,13
1773093691,kamailio,chatafl_opt,2,edges,77
1773093697,kamailio,chatafl_opt,2,nodes,13
1773093697,kamailio,chatafl_opt,2,edges,77
1773093707,kamailio,chatafl_opt,2,nodes,13
1773093707,kamailio,chatafl_opt,2,edges,77
1773093722,kamailio,chatafl_opt,2,nodes,13
1773093722,kamailio,chatafl_opt,2,edges,77
1773093727,kamailio,chatafl_opt,2,nodes,13
1773093727,kamailio,chatafl_opt,2,edges,77
1773093743,kamailio,chatafl_opt,2,nodes,13
1773093743,kamailio,chatafl_opt,2,edges,77
1773093763,kamailio,chatafl_opt,2,nodes,13
1773093763,kamailio,chatafl_opt,2,edges,77
1773093784,kamailio,chatafl_opt,2,nodes,13
1773093784,kamailio,chatafl_opt,2,edges,77
1773093799,kamailio,chatafl_opt,2,nodes,13
1773093799,kamailio,chatafl_opt,2,edges,77
1773093809,kamailio,chatafl_opt,2,nodes,13
1773093809,kamailio,chatafl_opt,2,edges,77
1773093825,kamailio,chatafl_opt,2,nodes,13
1773093825,kamailio,chatafl_opt,2,edges,77
1773093830,kamailio,chatafl_opt,2,nodes,13
1773093830,kamailio,chatafl_opt,2,edges,77
1773093835,kamailio,chatafl_opt,2,nodes,13
1773093835,kamailio,chatafl_opt,2,edges,77
1773093840,kamailio,chatafl_opt,2,nodes,13
1773093840,kamailio,chatafl_opt,2,edges,77
1773093845,kamailio,chatafl_opt,2,nodes,13
1773093845,kamailio,chatafl_opt,2,edges,77
1773093850,kamailio,chatafl_opt,2,nodes,13
1773093850,kamailio,chatafl_opt,2,edges,77
1773093855,kamailio,chatafl_opt,2,nodes,13
1773093855,kamailio,chatafl_opt,2,edges,77
1773093861,kamailio,chatafl_opt,2,nodes,13
1773093861,kamailio,chatafl_opt,2,edges,77
1773093866,kamailio,chatafl_opt,2,nodes,13
1773093866,kamailio,chatafl_opt,2,edges,77
1773093871,kamailio,chatafl_opt,2,nodes,13
1773093871,kamailio,chatafl_opt,2,edges,77
1773093876,kamailio,chatafl_opt,2,nodes,13
1773093876,kamailio,chatafl_opt,2,edges,77
1773093881,kamailio,chatafl_opt,2,nodes,13
1773093881,kamailio,chatafl_opt,2,edges,77
1773093887,kamailio,chatafl_opt,2,nodes,13
1773093887,kamailio,chatafl_opt,2,edges,77
1773093892,kamailio,chatafl_opt,2,nodes,13
1773093892,kamailio,chatafl_opt,2,edges,77
1773093897,kamailio,chatafl_opt,2,nodes,13
1773093897,kamailio,chatafl_opt,2,edges,77
1773093902,kamailio,chatafl_opt,2,nodes,13
1773093902,kamailio,chatafl_opt,2,edges,77
1773093917,kamailio,chatafl_opt,2,nodes,13
1773093917,kamailio,chatafl_opt,2,edges,77
1773093933,kamailio,chatafl_opt,2,nodes,13
1773093933,kamailio,chatafl_opt,2,edges,77
1773093948,kamailio,chatafl_opt,2,nodes,14
1773093948,kamailio,chatafl_opt,2,edges,79
1773093958,kamailio,chatafl_opt,2,nodes,14
1773093958,kamailio,chatafl_opt,2,edges,79
1773093963,kamailio,chatafl_opt,2,nodes,14
1773093963,kamailio,chatafl_opt,2,edges,79
1773093969,kamailio,chatafl_opt,2,nodes,14
1773093969,kamailio,chatafl_opt,2,edges,79
1773093974,kamailio,chatafl_opt,2,nodes,14
1773093974,kamailio,chatafl_opt,2,edges,79
1773093984,kamailio,chatafl_opt,2,nodes,14
1773093984,kamailio,chatafl_opt,2,edges,79
1773093989,kamailio,chatafl_opt,2,nodes,14
1773093989,kamailio,chatafl_opt,2,edges,79
1773093994,kamailio,chatafl_opt,2,nodes,14
1773093994,kamailio,chatafl_opt,2,edges,79
1773094005,kamailio,chatafl_opt,2,nodes,14
1773094005,kamailio,chatafl_opt,2,edges,79
1773094010,kamailio,chatafl_opt,2,nodes,14
1773094010,kamailio,chatafl_opt,2,edges,79
1773094020,kamailio,chatafl_opt,2,nodes,14
1773094020,kamailio,chatafl_opt,2,edges,79
1773094025,kamailio,chatafl_opt,2,nodes,14
1773094025,kamailio,chatafl_opt,2,edges,79
1773094036,kamailio,chatafl_opt,2,nodes,14
1773094036,kamailio,chatafl_opt,2,edges,79
1773094056,kamailio,chatafl_opt,2,nodes,14
1773094056,kamailio,chatafl_opt,2,edges,79
1773094087,kamailio,chatafl_opt,2,nodes,14
1773094087,kamailio,chatafl_opt,2,edges,79
1773094102,kamailio,chatafl_opt,2,nodes,14
1773094102,kamailio,chatafl_opt,2,edges,79
