# unix_time, cycles_done, cur_path, paths_total, pending_total, pending_favs, map_size, unique_crashes, unique_hangs, max_depth, execs_per_sec, n_nodes, n_edges, chat_times, llm_calls, llm_prompt_tok, llm_compl_tok, llm_dedup, hyp_fitness, hyp_success, hyp_failure, mqtt_diff_avg, mqtt_diff_last, mqtt_diff_pos
1776613272, 0, 1, 461, 461, 31, 6.89%, 0, 0, 2, 4.78, 14, 85, 0, 370, 103260, 38733, 0, 0.000, 0, 0, 0.000000, 0.000000, 0, 0, 0, 0, 0, 0, 0, 0
1776613277, 0, 1, 463, 463, 31, 7.19%, 0, 0, 2, 7.66, 15, 89, 0, 370, 103260, 38733, 0, 0.000, 0, 0, 0.000000, 0.000000, 0, 0, 0, 0, 0, 0, 0, 0
1776613283, 0, 1, 466, 466, 31, 7.21%, 0, 0, 2, 6.55, 15, 89, 0, 370, 103260, 38733, 0, 0.000, 0, 0, 0.000000, 0.000000, 0, 0, 0, 0, 0, 0, 0, 0
1776613288, 0, 1, 469, 469, 31, 7.27%, 0, 0, 2, 2.43, 15, 90, 0, 370, 103260, 38733, 0, 0.000, 0, 0, 0.000000, 0.000000, 0, 0, 0, 0, 0, 0, 0, 0
1776613293, 0, 1, 472, 472, 31, 7.28%, 0, 0, 2, 4.79, 15, 92, 0, 370, 103260, 38733, 0, 0.000, 0, 0, 0.000000, 0.000000, 0, 0, 0, 0, 0, 0, 0, 0
1776613298, 0, 1, 474, 474, 31, 7.29%, 0, 0, 2, 5.27, 15, 92, 0, 370, 103260, 38733, 0, 0.000, 0, 0, 0.000000, 0.000000, 0, 0, 0, 0, 0, 0, 0, 0
1776613303, 0, 1, 476, 476, 31, 7.30%, 0, 0, 2, 5.93, 15, 92, 0, 370, 103260, 38733, 0, 0.000, 0, 0, 0.000000, 0.000000, 0, 0, 0, 0, 0, 0, 0, 0
1776613309, 0, 1, 478, 478, 31, 7.30%, 0, 0, 2, 6.04, 15, 92, 0, 370, 103260, 38733, 0, 0.000, 0, 0, 0.000000, 0.000000, 0, 0, 0, 0, 0, 0, 0, 0
1776613314, 0, 1, 480, 480, 31, 7.31%, 0, 0, 2, 5.90, 15, 92, 0, 370, 103260, 38733, 0, 0.000, 0, 0, 0.000000, 0.000000, 0, 0, 0, 0, 0, 0, 0, 0
1776613319, 0, 1, 482, 482, 31, 7.31%, 0, 0, 2, 5.82, 15, 92, 0, 370, 103260, 38733, 0, 0.000, 0, 0, 0.000000, 0.000000, 0, 0, 0, 0, 0, 0, 0, 0
1776613324, 0, 1, 484, 484, 31, 7.31%, 0, 0, 2, 4.90, 15, 93, 0, 370, 103260, 38733, 0, 0.000, 0, 0, 0.000000, 0.000000, 0, 0, 0, 0, 0, 0, 0, 0
1776613330, 0, 1, 485, 485, 31, 7.32%, 0, 0, 2, 5.70, 15, 93, 0, 370, 103260, 38733, 0, 0.000, 0, 0, 0.000000, 0.000000, 0, 0, 0, 0, 0, 0, 0, 0
1776613335, 0, 1, 487, 487, 31, 7.32%, 0, 0, 2, 5.66, 15, 93, 0, 370, 103260, 38733, 0, 0.000, 0, 0, 0.000000, 0.000000, 0, 0, 0, 0, 0, 0, 0, 0
1776613340, 0, 1, 488, 488, 31, 7.32%, 0, 0, 2, 5.78, 15, 93, 0, 370, 103260, 38733, 0, 0.000, 0, 0, 0.000000, 0.000000, 0, 0, 0, 0, 0, 0, 0, 0
1776613345, 0, 1, 490, 490, 31, 7.33%, 0, 0, 2, 5.60, 15, 93, 0, 370, 103260, 38733, 0, 0.000, 0, 0, 0.000000, 0.000000, 0, 0, 0, 0, 0, 0, 0, 0
1776613351, 0, 1, 493, 493, 31, 7.33%, 0, 0, 2, 1.00, 15, 93, 0, 370, 103260, 38733, 0, 0.000, 0, 0, 0.000000, 0.000000, 0, 0, 0, 0, 0, 0, 0, 0
1776613361, 0, 1, 494, 494, 31, 7.34%, 0, 0, 2, 8.31, 15, 93, 0, 370, 103260, 38733, 0, 0.000, 0, 0, 0.000000, 0.000000, 0, 0, 0, 0, 0, 0, 0, 0
1776613366, 0, 1, 495, 495, 31, 7.34%, 0, 0, 2, 6.69, 15, 95, 0, 370, 103260, 38733, 0, 0.000, 0, 0, 0.000000, 0.000000, 0, 0, 0, 0, 0, 0, 0, 0
1776613371, 0, 1, 496, 496, 31, 7.35%, 0, 0, 2, 6.15, 15, 95, 0, 370, 103260, 38733, 0, 0.000, 0, 0, 0.000000, 0.000000, 0, 0, 0, 0, 0, 0, 0, 0
1776613377, 0, 1, 499, 499, 31, 7.35%, 0, 0, 2, 5.87, 15, 96, 0, 370, 103260, 38733, 0, 0.000, 0, 0, 0.000000, 0.000000, 0, 0, 0, 0, 0, 0, 0, 0
1776613382, 0, 1, 501, 501, 31, 7.35%, 0, 0, 2, 5.55, 15, 96, 0, 370, 103260, 38733, 0, 0.000, 0, 0, 0.000000, 0.000000, 0, 0, 0, 0, 0, 0, 0, 0
1776613387, 0, 1, 502, 502, 31, 7.35%, 0, 0, 2, 5.89, 15, 96, 0, 370, 103260, 38733, 0, 0.000, 0, 0, 0.000000, 0.000000, 0, 0, 0, 0, 0, 0, 0, 0
1776613392, 0, 1, 503, 503, 31, 7.35%, 0, 0, 2, 5.67, 15, 96, 0, 370, 103260, 38733, 0, 0.000, 0, 0, 0.000000, 0.000000, 0, 0, 0, 0, 0, 0, 0, 0
1776613398, 0, 1, 504, 504, 31, 7.39%, 0, 0, 2, 0.65, 15, 96, 0, 370, 103260, 38733, 0, 0.000, 0, 0, 0.000000, 0.000000, 0, 0, 0, 0, 0, 0, 0, 0
1776613403, 0, 1, 505, 505, 31, 7.39%, 0, 0, 2, 4.98, 15, 96, 0, 370, 103260, 38733, 0, 0.000, 0, 0, 0.000000, 0.000000, 0, 0, 0, 0, 0, 0, 0, 0
1776613409, 0, 1, 507, 507, 31, 7.39%, 0, 0, 2, 5.28, 15, 96, 0, 370, 103260, 38733, 0, 0.000, 0, 0, 0.000000, 0.000000, 0, 0, 0, 0, 0, 0, 0, 0
1776613414, 0, 1, 509, 509, 31, 7.40%, 0, 0, 2, 6.42, 15, 96, 0, 370, 103260, 38733, 0, 0.000, 0, 0, 0.000000, 0.000000, 0, 0, 0, 0, 0, 0, 0, 0
1776613424, 0, 1, 511, 511, 31, 7.41%, 0, 0, 2, 5.93, 16, 97, 0, 370, 103260, 38733, 0, 0.000, 0, 0, 0.000000, 0.000000, 0, 0, 0, 0, 0, 0, 0, 0
1776613435, 0, 1, 514, 514, 31, 7.42%, 0, 0, 2, 0.67, 16, 98, 0, 370, 103260, 38733, 0, 0.000, 0, 0, 0.000000, 0.000000, 0, 0, 0, 0, 0, 0, 0, 0
1776613441, 0, 1, 515, 515, 31, 7.42%, 0, 0, 2, 5.94, 16, 98, 0, 370, 103260, 38733, 0, 0.000, 0, 0, 0.000000, 0.000000, 0, 0, 0, 0, 0, 0, 0, 0
1776613451, 0, 1, 516, 516, 31, 7.43%, 0, 0, 2, 5.73, 16, 98, 0, 370, 103260, 38733, 0, 0.000, 0, 0, 0.000000, 0.000000, 0, 0, 0, 0, 0, 0, 0, 0
1776613456, 0, 1, 517, 517, 31, 7.43%, 0, 0, 2, 5.42, 16, 98, 0, 370, 103260, 38733, 0, 0.000, 0, 0, 0.000000, 0.000000, 0, 0, 0, 0, 0, 0, 0, 0
1776613461, 0, 1, 518, 518, 31, 7.44%, 0, 0, 2, 5.87, 16, 98, 0, 370, 103260, 38733, 0, 0.000, 0, 0, 0.000000, 0.000000, 0, 0, 0, 0, 0, 0, 0, 0
1776613467, 0, 1, 519, 519, 31, 7.44%, 0, 0, 2, 6.20, 16, 98, 0, 370, 103260, 38733, 0, 0.000, 0, 0, 0.000000, 0.000000, 0, 0, 0, 0, 0, 0, 0, 0
1776613473, 0, 1, 521, 521, 31, 7.45%, 0, 0, 2, 0.66, 16, 98, 0, 370, 103260, 38733, 0, 0.000, 0, 0, 0.000000, 0.000000, 0, 0, 0, 0, 0, 0, 0, 0
1776613494, 0, 1, 523, 523, 31, 7.46%, 0, 0, 2, 5.96, 16, 98, 0, 370, 103260, 38733, 0, 0.000, 0, 0, 0.000000, 0.000000, 0, 0, 0, 0, 0, 0, 0, 0
1776613499, 0, 1, 524, 524, 31, 7.46%, 0, 0, 2, 5.94, 16, 98, 0, 370, 103260, 38733, 0, 0.000, 0, 0, 0.000000, 0.000000, 0, 0, 0, 0, 0, 0, 0, 0
1776613511, 0, 1, 526, 526, 31, 7.47%, 0, 0, 2, 0.66, 16, 98, 0, 370, 103260, 38733, 0, 0.000, 0, 0, 0.000000, 0.000000, 0, 0, 0, 0, 0, 0, 0, 0
1776613521, 0, 1, 527, 527, 31, 7.48%, 0, 0, 2, 5.80, 16, 98, 0, 370, 103260, 38733, 0, 0.000, 0, 0, 0.000000, 0.000000, 0, 0, 0, 0, 0, 0, 0, 0
1776613526, 0, 1, 528, 528, 31, 7.48%, 0, 0, 2, 5.94, 16, 99, 0, 370, 103260, 38733, 0, 0.000, 0, 0, 0.000000, 0.000000, 0, 0, 0, 0, 0, 0, 0, 0
1776613531, 0, 1, 529, 529, 31, 7.48%, 0, 0, 2, 5.66, 16, 99, 0, 370, 103260, 38733, 0, 0.000, 0, 0, 0.000000, 0.000000, 0, 0, 0, 0, 0, 0, 0, 0
1776613537, 0, 1, 530, 530, 31, 7.48%, 0, 0, 2, 5.87, 16, 100, 0, 370, 103260, 38733, 0, 0.000, 0, 0, 0.000000, 0.000000, 0, 0, 0, 0, 0, 0, 0, 0
1776613542, 0, 1, 531, 531, 31, 7.49%, 0, 0, 2, 3.63, 16, 100, 0, 370, 103260, 38733, 0, 0.000, 0, 0, 0.000000, 0.000000, 0, 0, 0, 0, 0, 0, 0, 0
1776613548, 0, 1, 532, 532, 31, 7.49%, 0, 0, 2, 0.66, 16, 100, 0, 370, 103260, 38733, 0, 0.000, 0, 0, 0.000000, 0.000000, 0, 0, 0, 0, 0, 0, 0, 0
1776613553, 0, 1, 534, 534, 31, 7.49%, 0, 0, 2, 5.27, 16, 101, 0, 370, 103260, 38733, 0, 0.000, 0, 0, 0.000000, 0.000000, 0, 0, 0, 0, 0, 0, 0, 0
1776613558, 0, 1, 536, 536, 31, 7.50%, 0, 0, 2, 5.78, 16, 101, 0, 370, 103260, 38733, 0, 0.000, 0, 0, 0.000000, 0.000000, 0, 0, 0, 0, 0, 0, 0, 0
1776613574, 0, 1, 538, 538, 31, 7.50%, 0, 0, 2, 5.95, 16, 101, 0, 370, 103260, 38733, 0, 0.000, 0, 0, 0.000000, 0.000000, 0, 0, 0, 0, 0, 0, 0, 0
1776613585, 0, 1, 540, 540, 31, 7.50%, 0, 0, 2, 0.67, 16, 103, 0, 370, 103260, 38733, 0, 0.000, 0, 0, 0.000000, 0.000000, 0, 0, 0, 0, 0, 0, 0, 0
1776613590, 0, 1, 541, 541, 31, 7.52%, 0, 0, 2, 7.23, 16, 103, 0, 370, 103260, 38733, 0, 0.000, 0, 0, 0.000000, 0.000000, 0, 0, 0, 0, 0, 0, 0, 0
1776613595, 0, 1, 542, 542, 31, 7.59%, 0, 0, 2, 6.10, 16, 104, 0, 370, 103260, 38733, 0, 0.000, 0, 0, 0.000000, 0.000000, 0, 0, 0, 0, 0, 0, 0, 0
1776613600, 0, 1, 543, 543, 31, 7.59%, 0, 0, 2, 5.98, 16, 104, 0, 370, 103260, 38733, 0, 0.000, 0, 0, 0.000000, 0.000000, 0, 0, 0, 0, 0, 0, 0, 0
1776613621, 0, 1, 544, 544, 31, 7.59%, 0, 0, 2, 4.22, 16, 104, 0, 370, 103260, 38733, 0, 0.000, 0, 0, 0.000000, 0.000000, 0, 0, 0, 0, 0, 0, 0, 0
1776613631, 0, 1, 545, 545, 31, 7.59%, 0, 0, 2, 5.41, 16, 104, 0, 370, 103260, 38733, 0, 0.000, 0, 0, 0.000000, 0.000000, 0, 0, 0, 0, 0, 0, 0, 0
1776613641, 0, 1, 546, 546, 31, 7.61%, 0, 0, 2, 5.55, 16, 104, 0, 370, 103260, 38733, 0, 0.000, 0, 0, 0.000000, 0.000000, 0, 0, 0, 0, 0, 0, 0, 0
1776613647, 0, 1, 547, 547, 31, 7.61%, 0, 0, 2, 6.15, 16, 104, 0, 370, 103260, 38733, 0, 0.000, 0, 0, 0.000000, 0.000000, 0, 0, 0, 0, 0, 0, 0, 0
1776613652, 0, 1, 549, 549, 31, 7.61%, 0, 0, 2, 6.14, 16, 104, 0, 370, 103260, 38733, 0, 0.000, 0, 0, 0.000000, 0.000000, 0, 0, 0, 0, 0, 0, 0, 0
1776613668, 0, 1, 550, 550, 31, 7.62%, 0, 0, 2, 5.48, 16, 104, 0, 370, 103260, 38733, 0, 0.000, 0, 0, 0.000000, 0.000000, 0, 0, 0, 0, 0, 0, 0, 0
1776613678, 0, 1, 551, 551, 31, 7.62%, 0, 0, 2, 5.94, 16, 104, 0, 370, 103260, 38733, 0, 0.000, 0, 0, 0.000000, 0.000000, 0, 0, 0, 0, 0, 0, 0, 0
1776613689, 0, 1, 552, 552, 31, 7.62%, 0, 0, 2, 9.59, 16, 104, 0, 370, 103260, 38733, 0, 0.000, 0, 0, 0.000000, 0.000000, 0, 0, 0, 0, 0, 0, 0, 0
1776613700, 0, 1, 553, 553, 31, 7.62%, 0, 0, 2, 6.16, 16, 104, 0, 370, 103260, 38733, 0, 0.000, 0, 0, 0.000000, 0.000000, 0, 0, 0, 0, 0, 0, 0, 0
1776613705, 0, 1, 554, 554, 31, 7.62%, 0, 0, 2, 5.50, 16, 104, 0, 370, 103260, 38733, 0, 0.000, 0, 0, 0.000000, 0.000000, 0, 0, 0, 0, 0, 0, 0, 0
1776613715, 0, 1, 555, 555, 31, 7.63%, 0, 0, 2, 5.90, 16, 104, 0, 370, 103260, 38733, 0, 0.000, 0, 0, 0.000000, 0.000000, 0, 0, 0, 0, 0, 0, 0, 0
1776613720, 0, 1, 556, 556, 31, 7.63%, 0, 0, 2, 6.28, 16, 104, 0, 370, 103260, 38733, 0, 0.000, 0, 0, 0.000000, 0.000000, 0, 0, 0, 0, 0, 0, 0, 0
1776613732, 0, 1, 557, 557, 31, 7.63%, 0, 0, 2, 0.66, 16, 104, 0, 370, 103260, 38733, 0, 0.000, 0, 0, 0.000000, 0.000000, 0, 0, 0, 0, 0, 0, 0, 0
1776613747, 0, 1, 558, 558, 31, 7.64%, 0, 0, 2, 6.23, 16, 104, 0, 370, 103260, 38733, 0, 0.000, 0, 0, 0.000000, 0.000000, 0, 0, 0, 0, 0, 0, 0, 0
1776613752, 0, 1, 560, 560, 31, 7.64%, 0, 0, 2, 5.69, 16, 104, 0, 370, 103260, 38733, 0, 0.000, 0, 0, 0.000000, 0.000000, 0, 0, 0, 0, 0, 0, 0, 0
1776613768, 0, 1, 561, 561, 31, 7.64%, 0, 0, 2, 0.66, 16, 104, 0, 370, 103260, 38733, 0, 0.000, 0, 0, 0.000000, 0.000000, 0, 0, 0, 0, 0, 0, 0, 0
1776613774, 0, 1, 562, 562, 31, 7.65%, 0, 0, 2, 5.33, 16, 104, 0, 370, 103260, 38733, 0, 0.000, 0, 0, 0.000000, 0.000000, 0, 0, 0, 0, 0, 0, 0, 0
1776613779, 0, 1, 563, 563, 31, 7.65%, 0, 0, 2, 5.50, 16, 105, 0, 370, 103260, 38733, 0, 0.000, 0, 0, 0.000000, 0.000000, 0, 0, 0, 0, 0, 0, 0, 0
1776613784, 0, 1, 564, 564, 31, 7.65%, 0, 0, 2, 5.47, 16, 105, 0, 370, 103260, 38733, 0, 0.000, 0, 0, 0.000000, 0.000000, 0, 0, 0, 0, 0, 0, 0, 0
1776613805, 0, 1, 566, 566, 31, 7.65%, 0, 0, 2, 6.12, 16, 105, 0, 370, 103260, 38733, 0, 0.000, 0, 0, 0.000000, 0.000000, 0, 0, 0, 0, 0, 0, 0, 0
1776613815, 0, 1, 567, 567, 31, 7.66%, 0, 0, 2, 1.76, 16, 105, 0, 370, 103260, 38733, 0, 0.000, 0, 0, 0.000000, 0.000000, 0, 0, 0, 0, 0, 0, 0, 0
1776613820, 0, 1, 568, 568, 31, 7.66%, 0, 0, 2, 4.63, 16, 105, 0, 370, 103260, 38733, 0, 0.000, 0, 0, 0.000000, 0.000000, 0, 0, 0, 0, 0, 0, 0, 0
1776613826, 0, 1, 569, 569, 31, 7.66%, 0, 0, 2, 5.40, 16, 105, 0, 370, 103260, 38733, 0, 0.000, 0, 0, 0.000000, 0.000000, 0, 0, 0, 0, 0, 0, 0, 0
1776613831, 0, 1, 570, 570, 31, 7.67%, 0, 0, 2, 6.07, 16, 105, 0, 370, 103260, 38733, 0, 0.000, 0, 0, 0.000000, 0.000000, 0, 0, 0, 0, 0, 0, 0, 0
1776613853, 0, 1, 571, 571, 31, 7.67%, 0, 0, 2, 5.62, 16, 105, 0, 370, 103260, 38733, 0, 0.000, 0, 0, 0.000000, 0.000000, 0, 0, 0, 0, 0, 0, 0, 0
1776613863, 0, 1, 572, 572, 31, 7.67%, 0, 0, 2, 5.71, 16, 105, 0, 370, 103260, 38733, 0, 0.000, 0, 0, 0.000000, 0.000000, 0, 0, 0, 0, 0, 0, 0, 0
1776613874, 0, 1, 573, 573, 31, 7.67%, 0, 0, 2, 6.16, 16, 105, 0, 370, 103260, 38733, 0, 0.000, 0, 0, 0.000000, 0.000000, 0, 0, 0, 0, 0, 0, 0, 0
1776613879, 0, 1, 574, 574, 31, 7.67%, 0, 0, 2, 0.66, 16, 105, 0, 370, 103260, 38733, 0, 0.000, 0, 0, 0.000000, 0.000000, 0, 0, 0, 0, 0, 0, 0, 0
1776613884, 0, 1, 575, 575, 31, 7.67%, 0, 0, 2, 5.22, 16, 105, 0, 370, 103260, 38733, 0, 0.000, 0, 0, 0.000000, 0.000000, 0, 0, 0, 0, 0, 0, 0, 0
1776613889, 0, 1, 576, 576, 31, 7.67%, 0, 0, 2, 5.33, 16, 105, 0, 370, 103260, 38733, 0, 0.000, 0, 0, 0.000000, 0.000000, 0, 0, 0, 0, 0, 0, 0, 0
1776613905, 0, 1, 577, 577, 31, 7.68%, 0, 0, 2, 6.21, 16, 105, 0, 370, 103260, 38733, 0, 0.000, 0, 0, 0.000000, 0.000000, 0, 0, 0, 0, 0, 0, 0, 0
1776613916, 0, 1, 578, 578, 31, 7.68%, 0, 0, 2, 0.66, 16, 105, 0, 370, 103260, 38733, 0, 0.000, 0, 0, 0.000000, 0.000000, 0, 0, 0, 0, 0, 0, 0, 0
1776613952, 0, 1, 579, 579, 31, 7.68%, 0, 0, 2, 1.18, 16, 105, 0, 370, 103260, 38733, 0, 0.000, 0, 0, 0.000000, 0.000000, 0, 0, 0, 0, 0, 0, 0, 0
1776613957, 0, 1, 580, 580, 31, 7.68%, 0, 0, 2, 4.69, 16, 105, 0, 370, 103260, 38733, 0, 0.000, 0, 0, 0.000000, 0.000000, 0, 0, 0, 0, 0, 0, 0, 0
1776613962, 0, 1, 581, 581, 31, 7.68%, 0, 0, 2, 5.37, 16, 105, 0, 370, 103260, 38733, 0, 0.000, 0, 0, 0.000000, 0.000000, 0, 0, 0, 0, 0, 0, 0, 0
1776613973, 0, 1, 582, 582, 31, 7.68%, 0, 0, 2, 6.14, 16, 105, 0, 370, 103260, 38733, 0, 0.000, 0, 0, 0.000000, 0.000000, 0, 0, 0, 0, 0, 0, 0, 0
1776613978, 0, 1, 583, 583, 31, 7.68%, 0, 0, 2, 1.10, 16, 105, 0, 370, 103260, 38733, 0, 0.000, 0, 0, 0.000000, 0.000000, 0, 0, 0, 0, 0, 0, 0, 0
1776613988, 0, 1, 584, 584, 31, 7.69%, 0, 0, 2, 2.04, 16, 105, 0, 370, 103260, 38733, 0, 0.000, 0, 0, 0.000000, 0.000000, 0, 0, 0, 0, 0, 0, 0, 0
1776613994, 0, 1, 585, 585, 31, 7.69%, 0, 0, 2, 4.35, 16, 106, 0, 370, 103260, 38733, 0, 0.000, 0, 0, 0.000343, 1.000000, 1, 0, 0, 0, 0, 0, 0, 0
1776613999, 0, 1, 585, 585, 31, 7.70%, 0, 0, 2, 5.51, 16, 106, 0, 370, 103260, 38733, 0, 0.000, 0, 0, 0.007498, 1.000000, 22, 0, 0, 0, 0, 0, 0, 0
1776614004, 0, 1, 585, 585, 31, 7.70%, 0, 0, 2, 6.28, 16, 106, 0, 370, 103260, 38733, 0, 0.000, 0, 0, 0.018868, 1.000000, 56, 0, 0, 0, 0, 0, 0, 0
1776614009, 0, 1, 586, 586, 31, 7.70%, 0, 0, 2, 5.82, 16, 106, 0, 370, 103260, 38733, 0, 0.000, 0, 0, 0.024782, 1.000000, 74, 0, 0, 0, 0, 0, 0, 0
1776614014, 0, 1, 586, 586, 31, 7.70%, 0, 0, 2, 1.11, 16, 106, 0, 370, 103260, 38733, 0, 0.000, 0, 0, 0.033521, 1.000000, 101, 0, 0, 0, 0, 0, 0, 0
1776614019, 0, 1, 586, 586, 31, 7.70%, 0, 0, 2, 7.45, 16, 106, 0, 370, 103260, 38733, 0, 0.000, 0, 0, 0.043992, 1.000000, 134, 0, 0, 0, 0, 0, 0, 0
1776614025, 0, 1, 587, 587, 31, 7.70%, 0, 0, 2, 4.69, 16, 106, 0, 370, 103260, 38733, 0, 0.000, 0, 0, 0.049298, 0.631242, 151, 0, 0, 0, 0, 0, 0, 0
1776614030, 0, 1, 587, 587, 31, 7.70%, 0, 0, 2, 5.66, 16, 106, 0, 370, 103260, 38733, 0, 0.000, 0, 0, 0.058824, 1.000000, 182, 0, 0, 0, 0, 0, 0, 0
1776614035, 0, 1, 588, 588, 31, 7.70%, 0, 0, 2, 6.42, 16, 106, 0, 370, 103260, 38733, 0, 0.000, 0, 0, 0.066068, 1.000000, 206, 0, 0, 0, 0, 0, 0, 0
1776614040, 0, 1, 589, 589, 31, 7.70%, 0, 0, 2, 6.29, 16, 106, 0, 370, 103260, 38733, 0, 0.000, 0, 0, 0.072316, 1.000000, 227, 0, 0, 0, 0, 0, 0, 0
1776614045, 0, 1, 589, 589, 31, 7.70%, 0, 0, 2, 6.24, 16, 106, 0, 370, 103260, 38733, 0, 0.000, 0, 0, 0.081388, 1.000000, 258, 0, 0, 0, 0, 0, 0, 0
1776614050, 0, 1, 589, 589, 31, 7.70%, 0, 0, 2, 5.96, 16, 106, 0, 370, 103260, 38733, 0, 0.000, 0, 0, 0.088861, 1.000000, 284, 0, 0, 0, 0, 0, 0, 0
1776614056, 0, 1, 589, 589, 31, 7.70%, 0, 0, 2, 6.04, 16, 106, 0, 370, 103260, 38733, 0, 0.000, 0, 0, 0.097893, 1.000000, 316, 0, 0, 0, 0, 0, 0, 0
1776614061, 0, 1, 589, 589, 31, 7.70%, 0, 0, 2, 5.43, 16, 106, 0, 370, 103260, 38733, 0, 0.000, 0, 0, 0.104551, 1.000000, 340, 0, 0, 0, 0, 0, 0, 0
1776614066, 0, 1, 589, 589, 31, 7.70%, 0, 0, 2, 5.83, 16, 106, 0, 370, 103260, 38733, 0, 0.000, 0, 0, 0.112736, 1.000000, 370, 0, 0, 0, 0, 0, 0, 0
1776614071, 0, 1, 589, 589, 31, 7.70%, 0, 0, 2, 6.11, 16, 106, 0, 370, 103260, 38733, 0, 0.000, 0, 0, 0.120242, 1.000000, 398, 0, 0, 0, 0, 0, 0, 0
1776614076, 0, 1, 589, 589, 31, 7.70%, 0, 0, 2, 5.74, 16, 106, 0, 370, 103260, 38733, 0, 0.000, 0, 0, 0.127883, 1.000000, 427, 0, 0, 0, 0, 0, 1, 0
1776614082, 0, 1, 591, 591, 31, 7.71%, 0, 0, 2, 6.02, 16, 106, 0, 370, 103260, 38733, 0, 0.000, 0, 0, 0.133591, 0.806954, 449, 0, 0, 0, 0, 0, 1, 0
1776614087, 0, 1, 591, 591, 31, 7.71%, 0, 0, 2, 6.59, 16, 106, 0, 370, 103260, 38733, 0, 0.000, 0, 0, 0.139988, 1.000000, 474, 0, 0, 0, 0, 0, 1, 0
1776614092, 0, 1, 591, 591, 31, 7.71%, 0, 0, 2, 6.44, 16, 106, 0, 370, 103260, 38733, 0, 0.000, 0, 0, 0.148040, 1.000000, 506, 0, 0, 0, 0, 0, 1, 0
1776614097, 0, 1, 591, 591, 31, 7.71%, 0, 0, 2, 5.97, 16, 106, 0, 370, 103260, 38733, 0, 0.000, 0, 0, 0.153488, 1.000000, 528, 0, 0, 0, 0, 0, 1, 0
1776614103, 0, 1, 592, 592, 31, 7.71%, 0, 0, 2, 6.18, 16, 106, 0, 370, 103260, 38733, 0, 0.000, 0, 0, 0.159596, 1.000000, 553, 0, 0, 0, 0, 0, 1, 0
1776614108, 0, 1, 594, 594, 31, 7.71%, 0, 0, 2, 6.85, 16, 106, 0, 370, 103260, 38733, 0, 0.000, 0, 0, 0.164659, 1.000000, 574, 0, 0, 0, 0, 0, 1, 0
1776614113, 0, 1, 595, 595, 31, 7.72%, 0, 0, 2, 6.25, 16, 106, 0, 370, 103260, 38733, 0, 0.000, 0, 0, 0.169424, 0.587686, 594, 0, 0, 0, 0, 0, 1, 0
1776614118, 0, 1, 595, 595, 31, 7.72%, 0, 0, 2, 6.19, 16, 106, 0, 370, 103260, 38733, 0, 0.000, 0, 0, 0.176471, 1.000000, 624, 0, 0, 0, 0, 0, 1, 0
1776614124, 0, 1, 596, 596, 31, 7.72%, 0, 0, 2, 5.74, 16, 106, 0, 370, 103260, 38733, 0, 0.000, 0, 0, 0.180642, 1.000000, 642, 0, 0, 0, 0, 0, 1, 0
1776614130, 0, 1, 596, 596, 31, 7.72%, 0, 0, 2, 0.65, 16, 106, 0, 370, 103260, 38733, 0, 0.000, 0, 0, 0.187273, 1.000000, 671, 0, 0, 0, 0, 0, 1, 0
1776614135, 0, 1, 596, 596, 31, 7.72%, 0, 0, 2, 5.61, 16, 106, 0, 370, 103260, 38733, 0, 0.000, 0, 0, 0.194245, 1.000000, 702, 0, 0, 0, 0, 0, 1, 0
1776614140, 0, 1, 597, 597, 31, 7.72%, 0, 0, 2, 5.42, 16, 106, 0, 370, 103260, 38733, 0, 0.000, 0, 0, 0.198238, 1.000000, 720, 0, 0, 0, 0, 0, 1, 0
1776614145, 0, 1, 597, 597, 31, 7.72%, 0, 0, 2, 6.55, 16, 106, 0, 370, 103260, 38733, 0, 0.000, 0, 0, 0.205890, 1.000000, 755, 0, 0, 0, 0, 0, 1, 0
1776614150, 0, 1, 597, 597, 31, 7.72%, 0, 0, 2, 5.99, 16, 106, 0, 370, 103260, 38733, 0, 0.000, 0, 0, 0.211695, 1.000000, 782, 0, 0, 0, 0, 0, 1, 0
1776614156, 0, 1, 597, 597, 31, 7.72%, 0, 0, 2, 0.99, 16, 106, 0, 370, 103260, 38733, 0, 0.000, 0, 0, 0.218255, 1.000000, 813, 0, 0, 0, 0, 0, 1, 0
1776614161, 0, 1, 597, 597, 31, 7.72%, 0, 0, 2, 6.07, 16, 106, 0, 370, 103260, 38733, 0, 0.000, 0, 0, 0.224707, 1.000000, 844, 0, 0, 0, 0, 0, 1, 0
1776614166, 0, 1, 598, 598, 31, 7.73%, 0, 0, 2, 5.01, 16, 106, 0, 370, 103260, 38733, 0, 0.000, 0, 0, 0.227586, 1.000000, 858, 0, 0, 0, 0, 0, 1, 0
1776614171, 0, 1, 599, 599, 31, 7.73%, 0, 0, 2, 6.06, 16, 106, 0, 370, 103260, 38733, 0, 0.000, 0, 0, 0.232877, 1.000000, 884, 0, 0, 0, 0, 0, 1, 0
1776614177, 0, 1, 599, 599, 31, 7.73%, 0, 0, 2, 5.96, 16, 106, 0, 370, 103260, 38733, 0, 0.000, 0, 0, 0.238494, 1.000000, 912, 0, 0, 0, 0, 0, 1, 0
1776614182, 0, 1, 599, 599, 31, 7.73%, 0, 0, 2, 6.29, 16, 106, 0, 370, 103260, 38733, 0, 0.000, 0, 0, 0.244813, 1.000000, 944, 0, 0, 0, 0, 0, 1, 0
1776614187, 0, 1, 600, 600, 31, 7.73%, 0, 0, 2, 6.62, 16, 106, 0, 370, 103260, 38733, 0, 0.000, 0, 0, 0.249485, 1.000000, 968, 0, 0, 0, 0, 0, 1, 0
1776614192, 0, 1, 600, 600, 31, 7.73%, 0, 0, 2, 8.57, 16, 106, 0, 370, 103260, 38733, 0, 0.000, 0, 0, 0.254480, 1.000000, 994, 0, 0, 0, 0, 0, 1, 0
1776614197, 0, 1, 601, 601, 31, 7.73%, 0, 0, 2, 7.06, 16, 106, 0, 370, 103260, 38733, 0, 0.000, 0, 0, 0.259598, 0.713711, 1021, 0, 0, 0, 0, 0, 1, 0
1776614203, 0, 1, 602, 602, 31, 7.73%, 0, 0, 2, 6.06, 16, 106, 0, 370, 103260, 38733, 0, 0.000, 0, 0, 0.261663, 1.000000, 1032, 0, 0, 0, 0, 0, 1, 0
1776614208, 0, 1, 602, 602, 31, 7.73%, 0, 0, 2, 6.08, 16, 106, 0, 370, 103260, 38733, 0, 0.000, 0, 0, 0.267606, 1.000000, 1064, 0, 0, 0, 0, 0, 1, 0
1776614213, 0, 1, 603, 603, 31, 7.74%, 0, 0, 2, 6.31, 16, 106, 0, 370, 103260, 38733, 0, 0.000, 0, 0, 0.271271, 0.587686, 1084, 0, 0, 0, 0, 0, 1, 0
1776614218, 0, 1, 604, 604, 31, 7.74%, 0, 0, 2, 6.52, 16, 106, 0, 370, 103260, 38733, 0, 0.000, 0, 0, 0.275442, 1.000000, 1107, 0, 0, 0, 0, 0, 1, 0
1776614223, 0, 1, 604, 604, 31, 7.74%, 0, 0, 2, 6.41, 16, 106, 0, 370, 103260, 38733, 0, 0.000, 0, 0, 0.280988, 1.000000, 1138, 0, 0, 0, 0, 0, 1, 0
1776614228, 0, 1, 604, 604, 31, 7.74%, 0, 0, 2, 6.95, 16, 106, 0, 370, 103260, 38733, 0, 0.000, 0, 0, 0.285574, 1.000000, 1164, 0, 0, 0, 0, 0, 1, 0
1776614233, 0, 1, 605, 605, 31, 7.74%, 0, 0, 2, 6.59, 16, 106, 0, 370, 103260, 38733, 0, 0.000, 0, 0, 0.289756, 1.000000, 1188, 0, 0, 0, 0, 0, 1, 0
1776614238, 0, 1, 606, 606, 31, 7.74%, 0, 0, 2, 5.13, 16, 106, 0, 370, 103260, 38733, 0, 0.000, 0, 0, 0.292173, 1.000000, 1202, 0, 0, 0, 0, 0, 1, 0
1776614244, 0, 1, 606, 606, 31, 7.74%, 0, 0, 2, 5.97, 16, 106, 0, 370, 103260, 38733, 0, 0.000, 0, 0, 0.297975, 1.000000, 1236, 0, 0, 0, 0, 0, 1, 0
1776614249, 0, 1, 607, 607, 31, 7.74%, 0, 0, 2, 5.71, 16, 106, 0, 370, 103260, 38733, 0, 0.000, 0, 0, 0.301008, 1.000000, 1254, 0, 0, 0, 0, 0, 1, 0
1776614254, 0, 1, 607, 607, 31, 7.74%, 0, 0, 2, 5.88, 16, 106, 0, 370, 103260, 38733, 0, 0.000, 0, 0, 0.305840, 1.000000, 1283, 0, 0, 0, 0, 0, 1, 0
1776614259, 0, 1, 608, 608, 31, 7.74%, 0, 0, 2, 6.17, 16, 106, 0, 370, 103260, 38733, 0, 0.000, 0, 0, 0.309625, 1.000000, 1306, 0, 0, 0, 0, 0, 1, 0
1776614264, 0, 1, 608, 608, 31, 7.74%, 0, 0, 2, 8.79, 16, 106, 0, 370, 103260, 38733, 0, 0.000, 0, 0, 0.313855, 1.000000, 1332, 0, 0, 0, 0, 0, 1, 0
1776614269, 0, 1, 609, 609, 31, 7.74%, 0, 0, 2, 7.41, 16, 106, 0, 370, 103260, 38733, 0, 0.000, 0, 0, 0.318352, 1.000000, 1360, 0, 0, 0, 0, 0, 1, 0
1776614275, 0, 1, 610, 610, 31, 7.74%, 0, 0, 2, 7.45, 16, 106, 0, 370, 103260, 38733, 0, 0.000, 0, 0, 0.321212, 1.000000, 1378, 0, 0, 0, 0, 0, 1, 0
1776614280, 0, 1, 610, 610, 31, 7.74%, 0, 0, 2, 6.57, 16, 106, 0, 370, 103260, 38733, 0, 0.000, 0, 0, 0.325926, 1.000000, 1408, 0, 0, 0, 0, 0, 1, 0
1776614285, 0, 1, 611, 611, 31, 7.74%, 0, 0, 2, 6.07, 16, 106, 0, 370, 103260, 38733, 0, 0.000, 0, 0, 0.329804, 0.806954, 1433, 0, 0, 0, 0, 0, 1, 0
1776614290, 0, 1, 611, 611, 31, 7.74%, 0, 0, 2, 5.87, 16, 106, 0, 370, 103260, 38733, 0, 0.000, 0, 0, 0.333181, 1.000000, 1455, 0, 0, 0, 0, 0, 1, 0
1776614295, 0, 1, 611, 611, 31, 7.74%, 0, 0, 2, 5.98, 16, 106, 0, 370, 103260, 38733, 0, 0.000, 0, 0, 0.337881, 1.000000, 1486, 0, 0, 0, 0, 0, 1, 0
1776614301, 0, 1, 612, 612, 31, 7.74%, 0, 0, 2, 5.70, 16, 106, 0, 370, 103260, 38733, 0, 0.000, 0, 0, 0.340878, 1.000000, 1506, 0, 0, 0, 0, 0, 1, 0
1776614306, 0, 1, 612, 612, 31, 7.74%, 0, 0, 2, 6.04, 16, 106, 0, 370, 103260, 38733, 0, 0.000, 0, 0, 0.345618, 1.000000, 1538, 0, 0, 0, 0, 0, 1, 0
1776614311, 0, 1, 612, 612, 31, 7.74%, 0, 0, 2, 4.90, 16, 106, 0, 370, 103260, 38733, 0, 0.000, 0, 0, 0.349128, 1.000000, 1562, 0, 0, 0, 0, 0, 1, 0
1776614317, 0, 1, 612, 612, 31, 7.74%, 0, 0, 2, 5.57, 16, 106, 0, 370, 103260, 38733, 0, 0.000, 0, 0, 0.353464, 1.000000, 1592, 0, 0, 0, 0, 0, 1, 0
1776614322, 0, 1, 612, 612, 31, 7.74%, 0, 0, 2, 5.91, 16, 106, 0, 370, 103260, 38733, 0, 0.000, 0, 0, 0.357742, 1.000000, 1622, 0, 0, 0, 0, 0, 1, 0
1776614327, 0, 1, 613, 613, 31, 7.75%, 0, 0, 2, 6.19, 16, 106, 0, 370, 103260, 38733, 0, 0.000, 0, 0, 0.360703, 0.631242, 1643, 0, 0, 0, 0, 0, 1, 0
1776614332, 0, 1, 613, 613, 31, 7.75%, 0, 0, 2, 6.29, 16, 106, 0, 370, 103260, 38733, 0, 0.000, 0, 0, 0.365024, 1.000000, 1674, 0, 0, 0, 0, 0, 1, 0
1776614337, 0, 1, 613, 613, 31, 7.75%, 0, 0, 2, 6.49, 16, 106, 0, 370, 103260, 38733, 0, 0.000, 0, 0, 0.368877, 1.000000, 1702, 0, 0, 0, 0, 0, 1, 0
1776614342, 0, 1, 613, 613, 31, 7.75%, 0, 0, 2, 6.34, 16, 106, 0, 370, 103260, 38733, 0, 0.000, 0, 0, 0.372954, 1.000000, 1732, 0, 0, 0, 0, 0, 1, 0
1776614347, 0, 1, 615, 615, 31, 7.75%, 0, 0, 2, 6.22, 16, 106, 0, 370, 103260, 38733, 0, 0.000, 0, 0, 0.374570, 1.000000, 1744, 0, 0, 0, 0, 0, 1, 0
1776614353, 0, 1, 615, 615, 31, 7.75%, 0, 0, 2, 6.29, 16, 106, 0, 370, 103260, 38733, 0, 0.000, 0, 0, 0.378574, 1.000000, 1774, 0, 0, 0, 0, 0, 1, 0
1776614358, 0, 1, 615, 615, 31, 7.75%, 0, 0, 2, 6.41, 16, 106, 0, 370, 103260, 38733, 0, 0.000, 0, 0, 0.383051, 1.000000, 1808, 0, 0, 0, 0, 0, 1, 0
1776614363, 0, 1, 615, 615, 31, 7.75%, 0, 0, 2, 5.93, 16, 106, 0, 370, 103260, 38733, 0, 0.000, 0, 0, 0.386431, 1.000000, 1834, 0, 0, 0, 0, 0, 1, 0
1776614368, 0, 1, 615, 615, 31, 7.75%, 0, 0, 2, 6.39, 16, 106, 0, 370, 103260, 38733, 0, 0.000, 0, 0, 0.390795, 1.000000, 1868, 0, 0, 0, 0, 0, 1, 0
1776614373, 0, 1, 615, 615, 31, 7.75%, 0, 0, 2, 6.33, 16, 106, 0, 370, 103260, 38733, 0, 0.000, 0, 0, 0.394343, 1.000000, 1896, 0, 0, 0, 0, 0, 1, 0
1776614379, 0, 1, 615, 615, 31, 7.75%, 0, 0, 2, 0.65, 16, 106, 0, 370, 103260, 38733, 0, 0.000, 0, 0, 0.397226, 1.000000, 1919, 0, 0, 0, 0, 0, 1, 0
1776614384, 0, 1, 615, 615, 31, 7.75%, 0, 0, 2, 6.46, 16, 106, 0, 370, 103260, 38733, 0, 0.000, 0, 0, 0.401316, 1.000000, 1952, 0, 0, 0, 0, 0, 2, 0
1776614389, 0, 1, 615, 615, 31, 7.75%, 0, 0, 2, 5.67, 16, 106, 0, 370, 103260, 38733, 0, 0.000, 0, 0, 0.404499, 1.000000, 1978, 0, 0, 0, 0, 0, 2, 0
1776614394, 0, 1, 615, 615, 31, 7.75%, 0, 0, 2, 5.90, 16, 106, 0, 370, 103260, 38733, 0, 0.000, 0, 0, 0.408130, 1.000000, 2008, 0, 0, 0, 0, 0, 2, 0
1776614400, 0, 1, 615, 615, 31, 7.75%, 0, 0, 2, 5.78, 16, 106, 0, 370, 103260, 38733, 0, 0.000, 0, 0, 0.411479, 1.000000, 2036, 0, 0, 0, 0, 0, 2, 0
1776614405, 0, 1, 615, 615, 31, 7.75%, 0, 0, 2, 6.11, 16, 106, 0, 370, 103260, 38733, 0, 0.000, 0, 0, 0.415261, 1.000000, 2068, 0, 0, 0, 0, 0, 2, 0
1776614410, 0, 1, 615, 615, 31, 7.75%, 0, 0, 2, 5.94, 16, 106, 0, 370, 103260, 38733, 0, 0.000, 0, 0, 0.418298, 1.000000, 2094, 0, 0, 0, 0, 0, 2, 0
1776614415, 0, 1, 616, 616, 31, 7.75%, 0, 0, 2, 0.65, 16, 106, 0, 370, 103260, 38733, 0, 0.000, 0, 0, 0.421189, 1.000000, 2119, 0, 0, 0, 0, 0, 2, 0
1776614420, 0, 1, 616, 616, 31, 7.75%, 0, 0, 2, 6.09, 16, 106, 0, 370, 103260, 38733, 0, 0.000, 0, 0, 0.423709, 1.000000, 2141, 0, 0, 0, 0, 0, 2, 0
1776614426, 0, 1, 617, 617, 31, 7.75%, 0, 0, 2, 5.69, 16, 106, 0, 370, 103260, 38733, 0, 0.000, 0, 0, 0.425981, 0.618617, 2161, 0, 0, 0, 0, 0, 2, 0
1776614431, 0, 1, 617, 617, 31, 7.75%, 0, 0, 2, 6.06, 16, 106, 0, 370, 103260, 38733, 0, 0.000, 0, 0, 0.429467, 1.000000, 2192, 0, 0, 0, 0, 0, 2, 0
1776614436, 0, 1, 618, 618, 31, 7.75%, 0, 0, 2, 5.90, 16, 106, 0, 370, 103260, 38733, 0, 0.000, 0, 0, 0.431694, 1.000000, 2212, 0, 0, 0, 0, 0, 2, 0
1776614442, 0, 1, 619, 619, 31, 7.75%, 0, 0, 2, 1.09, 16, 106, 0, 370, 103260, 38733, 0, 0.000, 0, 0, 0.434453, 1.000000, 2237, 0, 0, 0, 0, 0, 2, 0
1776614447, 0, 1, 619, 619, 31, 7.75%, 0, 0, 2, 5.99, 16, 106, 0, 370, 103260, 38733, 0, 0.000, 0, 0, 0.437838, 1.000000, 2268, 0, 0, 0, 0, 0, 2, 0
1776614452, 0, 1, 619, 619, 31, 7.75%, 0, 0, 2, 4.85, 16, 106, 0, 370, 103260, 38733, 0, 0.000, 0, 0, 0.440215, 1.000000, 2290, 0, 0, 0, 0, 0, 2, 0
1776614457, 0, 1, 619, 619, 31, 7.75%, 0, 0, 2, 5.61, 16, 106, 0, 370, 103260, 38733, 0, 0.000, 0, 0, 0.443425, 1.000000, 2320, 0, 0, 0, 0, 0, 2, 0
1776614462, 0, 1, 619, 619, 31, 7.75%, 0, 0, 2, 5.87, 16, 106, 0, 370, 103260, 38733, 0, 0.000, 0, 0, 0.446388, 1.000000, 2348, 0, 0, 0, 0, 0, 2, 0
1776614467, 0, 1, 620, 620, 31, 7.76%, 0, 0, 2, 5.71, 16, 106, 0, 370, 103260, 38733, 0, 0.000, 0, 0, 0.448485, 1.000000, 2368, 0, 0, 0, 0, 0, 2, 0
1776614472, 0, 1, 621, 621, 31, 7.76%, 0, 0, 2, 5.64, 16, 106, 0, 370, 103260, 38733, 0, 0.000, 0, 0, 0.450566, 1.000000, 2388, 0, 0, 0, 0, 0, 2, 0
1776614478, 0, 1, 621, 621, 31, 7.76%, 0, 0, 2, 6.12, 16, 106, 0, 370, 103260, 38733, 0, 0.000, 0, 0, 0.453863, 1.000000, 2420, 0, 0, 0, 0, 0, 2, 0
1776614483, 0, 1, 622, 622, 31, 7.76%, 0, 0, 2, 7.13, 16, 106, 0, 370, 103260, 38733, 0, 0.000, 0, 0, 0.455904, 1.000000, 2440, 0, 0, 0, 0, 0, 2, 0
1776614488, 0, 1, 623, 623, 31, 7.76%, 0, 0, 2, 0.67, 16, 107, 0, 370, 103260, 38733, 0, 0.000, 0, 0, 0.457829, 0.766607, 2459, 0, 0, 0, 0, 0, 2, 0
1776614493, 0, 1, 623, 623, 31, 7.76%, 0, 0, 2, 7.04, 16, 107, 0, 370, 103260, 38733, 0, 0.000, 0, 0, 0.460641, 1.000000, 2487, 0, 0, 0, 0, 0, 2, 0
1776614498, 0, 1, 623, 623, 31, 7.76%, 0, 0, 2, 5.97, 16, 107, 0, 370, 103260, 38733, 0, 0.000, 0, 0, 0.463127, 1.000000, 2512, 0, 0, 0, 0, 0, 2, 0
1776614503, 0, 1, 623, 623, 31, 7.76%, 0, 0, 2, 6.04, 16, 107, 0, 370, 103260, 38733, 0, 0.000, 0, 0, 0.466080, 1.000000, 2542, 0, 0, 0, 0, 0, 2, 0
1776614508, 0, 1, 623, 623, 31, 7.76%, 0, 0, 2, 5.94, 16, 107, 0, 370, 103260, 38733, 0, 0.000, 0, 0, 0.468807, 1.000000, 2570, 0, 0, 0, 0, 0, 2, 0
1776614513, 0, 1, 623, 623, 31, 7.76%, 0, 0, 2, 6.25, 16, 107, 0, 370, 103260, 38733, 0, 0.000, 0, 0, 0.471890, 1.000000, 2602, 0, 0, 0, 0, 0, 2, 0
1776614518, 0, 1, 623, 623, 31, 7.76%, 0, 0, 2, 7.25, 16, 107, 0, 370, 103260, 38733, 0, 0.000, 0, 0, 0.474463, 1.000000, 2629, 0, 0, 0, 0, 0, 2, 0
1776614524, 0, 1, 623, 623, 31, 7.76%, 0, 0, 2, 0.66, 16, 107, 0, 370, 103260, 38733, 0, 0.000, 0, 0, 0.476918, 1.000000, 2655, 0, 0, 0, 0, 0, 2, 0
1776614529, 0, 1, 623, 623, 31, 7.76%, 0, 0, 2, 6.56, 16, 107, 0, 370, 103260, 38733, 0, 0.000, 0, 0, 0.480000, 1.000000, 2688, 0, 0, 0, 0, 0, 3, 0
1776614534, 0, 1, 623, 623, 31, 7.76%, 0, 0, 2, 6.34, 16, 107, 0, 370, 103260, 38733, 0, 0.000, 0, 0, 0.482587, 1.000000, 2716, 0, 0, 0, 0, 0, 3, 0
1776614539, 0, 1, 623, 623, 31, 7.76%, 0, 0, 2, 6.00, 16, 107, 0, 370, 103260, 38733, 0, 0.000, 0, 0, 0.485331, 1.000000, 2746, 0, 0, 0, 0, 0, 3, 0
1776614545, 0, 1, 623, 623, 31, 7.76%, 0, 0, 2, 5.88, 16, 107, 0, 370, 103260, 38733, 0, 0.000, 0, 0, 0.487865, 1.000000, 2774, 0, 0, 0, 0, 0, 3, 0
1776614550, 0, 1, 624, 624, 31, 7.76%, 0, 0, 2, 6.13, 16, 107, 0, 370, 103260, 38733, 0, 0.000, 0, 0, 0.489928, 1.000000, 2797, 0, 0, 0, 0, 0, 3, 0
1776614555, 0, 1, 624, 624, 31, 7.76%, 0, 0, 2, 6.12, 16, 107, 0, 370, 103260, 38733, 0, 0.000, 0, 0, 0.492683, 1.000000, 2828, 0, 0, 0, 0, 0, 3, 0
1776614560, 0, 1, 624, 624, 31, 7.76%, 0, 0, 2, 4.39, 16, 107, 0, 370, 103260, 38733, 0, 0.000, 0, 0, 0.494620, 1.000000, 2850, 0, 0, 0, 0, 0, 3, 0
1776614565, 0, 1, 624, 624, 31, 7.76%, 0, 0, 2, 5.45, 16, 107, 0, 370, 103260, 38733, 0, 0.000, 0, 0, 0.497238, 1.000000, 2880, 0, 0, 0, 0, 0, 3, 0
1776614570, 0, 1, 625, 625, 31, 7.77%, 0, 0, 2, 5.60, 16, 107, 0, 370, 103260, 38733, 0, 0.000, 0, 0, 0.499140, 0.766607, 2902, 0, 0, 0, 0, 0, 3, 0
1776614576, 0, 1, 625, 625, 31, 7.77%, 0, 0, 2, 6.01, 16, 107, 0, 370, 103260, 38733, 0, 0.000, 0, 0, 0.501541, 1.000000, 2930, 0, 0, 0, 0, 0, 3, 0
1776614581, 0, 1, 625, 625, 31, 7.77%, 0, 0, 2, 5.96, 16, 107, 0, 370, 103260, 38733, 0, 0.000, 0, 0, 0.503918, 1.000000, 2958, 0, 0, 0, 0, 0, 3, 0
1776614587, 0, 1, 625, 625, 31, 7.77%, 0, 0, 2, 1.00, 16, 107, 0, 370, 103260, 38733, 0, 0.000, 0, 0, 0.506524, 1.000000, 2989, 0, 0, 0, 0, 0, 3, 0
1776614592, 0, 1, 625, 625, 31, 7.77%, 0, 0, 2, 6.15, 16, 107, 0, 370, 103260, 38733, 0, 0.000, 0, 0, 0.509103, 1.000000, 3020, 0, 0, 0, 0, 0, 3, 0
1776614597, 0, 1, 626, 626, 31, 7.77%, 0, 0, 2, 6.68, 16, 107, 0, 370, 103260, 38733, 0, 0.000, 0, 0, 0.510670, 0.631242, 3039, 0, 0, 0, 0, 0, 3, 0
1776614602, 0, 1, 626, 626, 31, 7.77%, 0, 0, 2, 6.27, 16, 107, 0, 370, 103260, 38733, 0, 0.000, 0, 0, 0.513206, 1.000000, 3070, 0, 0, 0, 0, 0, 3, 0
1776614608, 0, 1, 626, 626, 31, 7.77%, 0, 0, 2, 7.17, 16, 107, 0, 370, 103260, 38733, 0, 0.000, 0, 0, 0.515313, 1.000000, 3096, 0, 0, 0, 0, 0, 3, 0
1776614613, 0, 1, 627, 627, 31, 7.77%, 0, 0, 2, 6.36, 16, 107, 0, 370, 103260, 38733, 0, 0.000, 0, 0, 0.517081, 1.000000, 3118, 0, 0, 0, 0, 0, 3, 0
1776614618, 0, 1, 627, 627, 31, 7.77%, 0, 0, 2, 5.88, 16, 107, 0, 370, 103260, 38733, 0, 0.000, 0, 0, 0.519155, 1.000000, 3144, 0, 0, 0, 0, 0, 3, 0
1776614623, 0, 1, 627, 627, 31, 7.77%, 0, 0, 2, 1.12, 16, 107, 0, 370, 103260, 38733, 0, 0.000, 0, 0, 0.521446, 1.000000, 3173, 0, 0, 0, 0, 0, 3, 0
1776614629, 0, 1, 628, 628, 31, 7.77%, 0, 0, 2, 7.55, 16, 107, 0, 370, 103260, 38733, 0, 0.000, 0, 0, 0.523716, 1.000000, 3202, 0, 0, 0, 0, 0, 3, 0
1776614634, 0, 1, 628, 628, 31, 7.77%, 0, 0, 2, 7.10, 16, 107, 0, 370, 103260, 38733, 0, 0.000, 0, 0, 0.525578, 1.000000, 3226, 0, 0, 0, 0, 0, 3, 0
1776614639, 0, 1, 628, 628, 31, 7.77%, 0, 0, 2, 6.32, 16, 107, 0, 370, 103260, 38733, 0, 0.000, 0, 0, 0.527886, 1.000000, 3256, 0, 0, 0, 0, 0, 3, 0
1776614644, 0, 1, 628, 628, 31, 7.77%, 0, 0, 2, 3.09, 16, 107, 0, 370, 103260, 38733, 0, 0.000, 0, 0, 0.529868, 1.000000, 3282, 0, 0, 0, 0, 0, 3, 0
1776614650, 0, 1, 628, 628, 31, 7.77%, 0, 0, 2, 4.80, 16, 107, 0, 370, 103260, 38733, 0, 0.000, 0, 0, 0.532134, 1.000000, 3312, 0, 0, 0, 0, 0, 3, 0
1776614655, 0, 1, 628, 628, 31, 7.77%, 0, 0, 2, 5.24, 16, 107, 0, 370, 103260, 38733, 0, 0.000, 0, 0, 0.534080, 1.000000, 3338, 0, 0, 0, 0, 0, 3, 0
1776614660, 0, 1, 628, 628, 31, 7.77%, 0, 0, 2, 1.10, 16, 107, 0, 370, 103260, 38733, 0, 0.000, 0, 0, 0.536084, 1.000000, 3365, 0, 0, 0, 0, 0, 3, 0
1776614666, 0, 1, 629, 629, 31, 7.78%, 0, 0, 2, 5.84, 16, 107, 0, 370, 103260, 38733, 0, 0.000, 0, 0, 0.537778, 1.000000, 3388, 0, 0, 0, 0, 0, 3, 0
1776614671, 0, 1, 629, 629, 31, 7.78%, 0, 0, 2, 4.35, 16, 107, 0, 370, 103260, 38733, 0, 0.000, 0, 0, 0.539386, 1.000000, 3410, 0, 0, 0, 0, 0, 3, 0
1776614676, 0, 1, 629, 629, 31, 7.78%, 0, 0, 2, 5.07, 16, 107, 0, 370, 103260, 38733, 0, 0.000, 0, 0, 0.541417, 1.000000, 3438, 0, 0, 0, 0, 0, 3, 0
1776614681, 0, 1, 629, 629, 31, 7.78%, 0, 0, 2, 5.54, 16, 107, 0, 370, 103260, 38733, 0, 0.000, 0, 0, 0.543359, 1.000000, 3465, 0, 0, 0, 0, 0, 3, 0
1776614686, 0, 1, 629, 629, 31, 7.78%, 0, 0, 2, 5.94, 16, 107, 0, 370, 103260, 38733, 0, 0.000, 0, 0, 0.545568, 1.000000, 3496, 0, 0, 0, 0, 0, 3, 0
1776614691, 0, 1, 630, 630, 31, 7.78%, 0, 0, 2, 5.48, 16, 107, 0, 370, 103260, 38733, 0, 0.000, 0, 0, 0.546841, 1.000000, 3514, 0, 0, 0, 0, 0, 3, 0
1776614696, 0, 1, 630, 630, 31, 7.78%, 0, 0, 2, 5.72, 16, 107, 0, 370, 103260, 38733, 0, 0.000, 0, 0, 0.548947, 1.000000, 3544, 0, 0, 0, 0, 0, 3, 0
1776614701, 0, 1, 631, 631, 31, 7.78%, 0, 0, 2, 3.11, 16, 107, 0, 370, 103260, 38733, 0, 0.000, 0, 0, 0.550409, 0.806954, 3565, 0, 0, 0, 0, 0, 3, 0
1776614707, 0, 1, 631, 631, 31, 7.78%, 0, 0, 2, 4.82, 16, 107, 0, 370, 103260, 38733, 0, 0.000, 0, 0, 0.552138, 1.000000, 3590, 0, 0, 0, 0, 0, 3, 0
1776614712, 0, 1, 631, 631, 31, 7.78%, 0, 0, 2, 5.60, 16, 107, 0, 370, 103260, 38733, 0, 0.000, 0, 0, 0.553785, 1.000000, 3614, 0, 0, 0, 0, 0, 3, 0
1776614717, 0, 1, 631, 631, 31, 7.78%, 0, 0, 2, 5.41, 16, 107, 0, 370, 103260, 38733, 0, 0.000, 0, 0, 0.555623, 1.000000, 3641, 0, 0, 0, 0, 0, 3, 0
1776614722, 0, 1, 631, 631, 31, 7.78%, 0, 0, 2, 5.78, 16, 107, 0, 370, 103260, 38733, 0, 0.000, 0, 0, 0.557716, 1.000000, 3672, 0, 0, 0, 0, 0, 3, 0
1776614728, 0, 1, 631, 631, 31, 7.78%, 0, 0, 2, 5.46, 16, 107, 0, 370, 103260, 38733, 0, 0.000, 0, 0, 0.559455, 1.000000, 3698, 0, 0, 0, 0, 0, 3, 0
1776614733, 0, 1, 631, 631, 31, 7.78%, 0, 0, 2, 5.84, 16, 107, 0, 370, 103260, 38733, 0, 0.000, 0, 0, 0.561446, 1.000000, 3728, 0, 0, 0, 0, 0, 3, 0
1776614738, 0, 1, 632, 632, 31, 7.78%, 0, 0, 2, 5.74, 16, 107, 0, 370, 103260, 38733, 0, 0.000, 0, 0, 0.562500, 1.000000, 3744, 0, 0, 0, 0, 0, 3, 0
1776614743, 0, 1, 632, 632, 31, 7.78%, 0, 0, 2, 5.74, 16, 107, 0, 370, 103260, 38733, 0, 0.000, 0, 0, 0.564463, 1.000000, 3774, 0, 0, 0, 0, 0, 3, 0
1776614748, 0, 1, 633, 633, 31, 7.78%, 0, 0, 2, 6.62, 16, 107, 0, 370, 103260, 38733, 0, 0.000, 0, 0, 0.565373, 1.000000, 3788, 0, 0, 0, 0, 0, 3, 0
1776614753, 0, 1, 633, 633, 31, 7.78%, 0, 0, 2, 5.98, 16, 107, 0, 370, 103260, 38733, 0, 0.000, 0, 0, 0.567182, 1.000000, 3816, 0, 0, 0, 0, 0, 3, 0
1776614758, 0, 1, 633, 633, 31, 7.78%, 0, 0, 2, 5.84, 16, 107, 0, 370, 103260, 38733, 0, 0.000, 0, 0, 0.568976, 1.000000, 3844, 0, 0, 0, 0, 0, 3, 0
1776614764, 0, 1, 633, 633, 31, 7.78%, 0, 0, 2, 5.72, 16, 107, 0, 370, 103260, 38733, 0, 0.000, 0, 0, 0.570881, 1.000000, 3874, 0, 0, 0, 0, 0, 3, 0
1776614769, 0, 1, 633, 633, 31, 7.78%, 0, 0, 2, 5.74, 16, 107, 0, 370, 103260, 38733, 0, 0.000, 0, 0, 0.572519, 1.000000, 3900, 0, 0, 0, 0, 0, 3, 0
1776614774, 0, 1, 633, 633, 31, 7.78%, 0, 0, 2, 1.12, 16, 107, 0, 370, 103260, 38733, 0, 0.000, 0, 0, 0.574082, 1.000000, 3925, 0, 0, 0, 0, 0, 3, 0
1776614779, 0, 1, 634, 634, 31, 7.78%, 0, 0, 2, 5.81, 16, 107, 0, 370, 103260, 38733, 0, 0.000, 0, 0, 0.575386, 1.000000, 3946, 0, 0, 0, 0, 0, 3, 0
1776614784, 0, 1, 634, 634, 31, 7.78%, 0, 0, 2, 6.47, 16, 107, 0, 370, 103260, 38733, 0, 0.000, 0, 0, 0.576806, 1.000000, 3969, 0, 0, 0, 0, 0, 3, 0
1776614790, 0, 1, 634, 634, 31, 7.78%, 0, 0, 2, 6.14, 16, 107, 0, 370, 103260, 38733, 0, 0.000, 0, 0, 0.578704, 1.000000, 4000, 0, 0, 0, 0, 0, 3, 0
1776614795, 0, 1, 635, 635, 31, 7.78%, 0, 0, 2, 6.75, 16, 107, 0, 370, 103260, 38733, 0, 0.000, 0, 0, 0.580161, 1.000000, 4024, 0, 0, 0, 0, 0, 3, 0
1776614800, 0, 1, 635, 635, 31, 7.78%, 0, 0, 2, 6.56, 16, 107, 0, 370, 103260, 38733, 0, 0.000, 0, 0, 0.582090, 1.000000, 4056, 0, 0, 0, 0, 0, 3, 0
1776614805, 0, 1, 635, 635, 31, 7.78%, 0, 0, 2, 5.89, 16, 107, 0, 370, 103260, 38733, 0, 0.000, 0, 0, 0.583643, 1.000000, 4082, 0, 0, 0, 0, 0, 3, 0
1776614810, 0, 1, 635, 635, 31, 7.78%, 0, 0, 2, 1.11, 16, 107, 0, 370, 103260, 38733, 0, 0.000, 0, 0, 0.585244, 1.000000, 4109, 0, 0, 0, 0, 0, 3, 0
1776614815, 0, 1, 636, 636, 31, 7.78%, 0, 0, 2, 6.27, 16, 107, 0, 370, 103260, 38733, 0, 0.000, 0, 0, 0.586481, 1.000000, 4130, 0, 0, 0, 0, 0, 3, 0
1776614820, 0, 1, 637, 637, 31, 7.78%, 0, 0, 2, 4.88, 16, 107, 0, 370, 103260, 38733, 0, 0.000, 0, 0, 0.587711, 0.931000, 4151, 0, 0, 0, 0, 0, 3, 0
1776614825, 0, 1, 637, 637, 31, 7.78%, 0, 0, 2, 5.70, 16, 107, 0, 370, 103260, 38733, 0, 0.000, 0, 0, 0.589107, 1.000000, 4175, 0, 0, 0, 0, 0, 3, 0
1776614831, 0, 1, 639, 639, 31, 7.79%, 0, 0, 2, 5.39, 16, 107, 0, 370, 103260, 38733, 0, 0.000, 0, 0, 0.589686, 0.618617, 4185, 0, 0, 0, 0, 0, 3, 0
1776614836, 0, 1, 639, 639, 31, 7.79%, 0, 0, 2, 5.72, 16, 107, 0, 370, 103260, 38733, 0, 0.000, 0, 0, 0.591356, 1.000000, 4214, 0, 0, 0, 0, 0, 3, 0
1776614841, 0, 1, 639, 639, 31, 7.79%, 0, 0, 2, 5.41, 16, 107, 0, 370, 103260, 38733, 0, 0.000, 0, 0, 0.592841, 1.000000, 4240, 0, 0, 0, 0, 0, 3, 0
1776614846, 0, 1, 639, 639, 31, 7.79%, 0, 0, 2, 5.74, 16, 107, 0, 370, 103260, 38733, 0, 0.000, 0, 0, 0.594542, 1.000000, 4270, 0, 0, 0, 0, 0, 3, 0
1776614851, 0, 1, 639, 639, 31, 7.79%, 0, 0, 2, 2.99, 16, 107, 0, 370, 103260, 38733, 0, 0.000, 0, 0, 0.595892, 1.000000, 4294, 0, 0, 0, 0, 0, 3, 0
1776614856, 0, 1, 639, 639, 31, 7.79%, 0, 0, 2, 5.20, 16, 107, 0, 370, 103260, 38733, 0, 0.000, 0, 0, 0.597679, 1.000000, 4326, 0, 0, 0, 0, 0, 3, 0
1776614862, 0, 1, 640, 640, 31, 7.79%, 0, 0, 2, 6.72, 16, 107, 0, 370, 103260, 38733, 0, 0.000, 0, 0, 0.598456, 1.000000, 4340, 0, 0, 0, 0, 0, 3, 0
1776614867, 0, 1, 641, 641, 31, 7.79%, 0, 0, 2, 1.17, 16, 107, 0, 370, 103260, 38733, 0, 0.000, 0, 0, 0.600055, 1.000000, 4369, 0, 0, 0, 0, 0, 3, 0
1776614872, 0, 1, 641, 641, 31, 7.79%, 0, 0, 2, 4.43, 16, 107, 0, 370, 103260, 38733, 0, 0.000, 0, 0, 0.601314, 1.000000, 4392, 0, 0, 0, 0, 0, 3, 0
1776614878, 0, 1, 641, 641, 31, 7.79%, 0, 0, 2, 5.40, 16, 107, 0, 370, 103260, 38733, 0, 0.000, 0, 0, 0.602945, 1.000000, 4422, 0, 0, 0, 0, 0, 3, 0
1776614883, 0, 1, 641, 641, 31, 7.79%, 0, 0, 2, 5.62, 16, 107, 0, 370, 103260, 38733, 0, 0.000, 0, 0, 0.604563, 1.000000, 4452, 0, 0, 0, 0, 0, 3, 0
1776614888, 0, 1, 641, 641, 31, 7.79%, 0, 0, 2, 5.82, 16, 107, 0, 370, 103260, 38733, 0, 0.000, 0, 0, 0.605954, 1.000000, 4478, 0, 0, 0, 0, 0, 3, 0
1776614893, 0, 1, 641, 641, 31, 7.79%, 0, 0, 2, 5.83, 16, 107, 0, 370, 103260, 38733, 0, 0.000, 0, 0, 0.607547, 1.000000, 4508, 0, 0, 0, 0, 0, 3, 0
1776614898, 0, 1, 642, 642, 31, 7.79%, 0, 0, 2, 5.28, 16, 107, 0, 370, 103260, 38733, 0, 0.000, 0, 0, 0.608234, 1.000000, 4521, 0, 0, 0, 0, 0, 3, 0
1776614904, 0, 1, 642, 642, 31, 7.79%, 0, 0, 2, 5.48, 16, 107, 0, 370, 103260, 38733, 0, 0.000, 0, 0, 0.609756, 1.000000, 4550, 0, 0, 0, 0, 0, 3, 0
1776614909, 0, 1, 642, 642, 31, 7.79%, 0, 0, 2, 5.54, 16, 107, 0, 370, 103260, 38733, 0, 0.000, 0, 0, 0.611111, 1.000000, 4576, 0, 0, 0, 0, 0, 3, 0
1776614914, 0, 1, 642, 642, 31, 7.79%, 0, 0, 2, 5.44, 16, 107, 0, 370, 103260, 38733, 0, 0.000, 0, 0, 0.612508, 1.000000, 4603, 0, 0, 0, 0, 0, 3, 0
1776614919, 0, 1, 642, 642, 31, 7.79%, 0, 0, 2, 5.62, 16, 107, 0, 370, 103260, 38733, 0, 0.000, 0, 0, 0.613998, 1.000000, 4632, 0, 0, 0, 0, 0, 3, 0
1776614924, 0, 1, 642, 642, 31, 7.79%, 0, 0, 2, 1.88, 16, 107, 0, 370, 103260, 38733, 0, 0.000, 0, 0, 0.615324, 1.000000, 4658, 0, 0, 0, 0, 0, 3, 0
1776614929, 0, 1, 642, 642, 31, 7.79%, 0, 0, 2, 4.04, 16, 107, 0, 370, 103260, 38733, 0, 0.000, 0, 0, 0.616741, 1.000000, 4686, 0, 0, 0, 0, 0, 3, 0
1776614935, 0, 1, 642, 642, 31, 7.79%, 0, 0, 2, 5.10, 16, 107, 0, 370, 103260, 38733, 0, 0.000, 0, 0, 0.617848, 1.000000, 4708, 0, 0, 0, 0, 0, 3, 0
1776614940, 0, 1, 642, 642, 31, 7.79%, 0, 0, 2, 5.70, 16, 107, 0, 370, 103260, 38733, 0, 0.000, 0, 0, 0.619346, 1.000000, 4738, 0, 0, 0, 0, 0, 4, 0
1776614945, 0, 1, 643, 643, 31, 7.79%, 0, 0, 2, 5.79, 16, 107, 0, 370, 103260, 38733, 0, 0.000, 0, 0, 0.620339, 1.000000, 4758, 0, 0, 0, 0, 0, 4, 0
1776614950, 0, 1, 643, 643, 31, 7.79%, 0, 0, 2, 5.96, 16, 107, 0, 370, 103260, 38733, 0, 0.000, 0, 0, 0.621916, 1.000000, 4790, 0, 0, 0, 0, 0, 4, 0
1776614955, 0, 1, 643, 643, 31, 7.79%, 0, 0, 2, 5.76, 16, 107, 0, 370, 103260, 38733, 0, 0.000, 0, 0, 0.623188, 1.000000, 4816, 0, 0, 0, 0, 0, 4, 0
1776614961, 0, 1, 644, 644, 31, 7.79%, 0, 0, 2, 0.99, 16, 107, 0, 370, 103260, 38733, 0, 0.000, 0, 0, 0.624597, 1.000000, 4845, 0, 0, 0, 0, 0, 4, 0
1776614966, 0, 1, 644, 644, 31, 7.79%, 0, 0, 2, 9.06, 16, 107, 0, 370, 103260, 38733, 0, 0.000, 0, 0, 0.625803, 1.000000, 4870, 0, 0, 0, 0, 0, 4, 0
1776614971, 0, 1, 644, 644, 31, 7.79%, 0, 0, 2, 6.10, 16, 107, 0, 370, 103260, 38733, 0, 0.000, 0, 0, 0.626858, 1.000000, 4892, 0, 0, 0, 0, 0, 4, 0
1776614977, 0, 1, 644, 644, 31, 7.79%, 0, 0, 2, 6.02, 16, 107, 0, 370, 103260, 38733, 0, 0.000, 0, 0, 0.628287, 1.000000, 4922, 0, 0, 0, 0, 0, 4, 0
1776614982, 0, 1, 645, 645, 31, 7.80%, 0, 0, 2, 5.49, 16, 108, 0, 370, 103260, 38733, 0, 0.000, 0, 0, 0.629045, 1.000000, 4938, 0, 0, 0, 0, 0, 4, 0
1776614987, 0, 1, 646, 646, 31, 7.80%, 0, 0, 2, 5.59, 16, 108, 0, 370, 103260, 38733, 0, 0.000, 0, 0, 0.629987, 1.000000, 4958, 0, 0, 0, 0, 0, 4, 0
1776614992, 0, 1, 646, 646, 31, 7.80%, 0, 0, 2, 5.25, 16, 108, 0, 370, 103260, 38733, 0, 0.000, 0, 0, 0.631112, 1.000000, 4982, 0, 0, 0, 0, 0, 4, 0
1776614997, 0, 1, 646, 646, 31, 7.80%, 0, 0, 2, 5.51, 16, 108, 0, 370, 103260, 38733, 0, 0.000, 0, 0, 0.632509, 1.000000, 5012, 0, 0, 0, 0, 0, 4, 0
1776615002, 0, 1, 647, 647, 31, 7.80%, 0, 0, 2, 5.62, 16, 108, 0, 370, 103260, 38733, 0, 0.000, 0, 0, 0.633342, 1.000000, 5030, 0, 0, 0, 0, 0, 4, 0
1776615007, 0, 1, 648, 648, 31, 7.80%, 0, 0, 2, 5.49, 16, 108, 0, 370, 103260, 38733, 0, 0.000, 0, 0, 0.634584, 1.000000, 5057, 0, 0, 0, 0, 0, 4, 0
1776615013, 0, 1, 648, 648, 31, 7.80%, 0, 0, 2, 6.02, 16, 108, 0, 370, 103260, 38733, 0, 0.000, 0, 0, 0.635179, 1.000000, 5070, 0, 0, 0, 0, 0, 4, 0
1776615018, 0, 1, 649, 649, 31, 7.80%, 0, 0, 2, 5.90, 16, 108, 0, 370, 103260, 38733, 0, 0.000, 0, 0, 0.636182, 1.000000, 5092, 0, 0, 0, 0, 0, 4, 0
1776615023, 0, 1, 650, 650, 31, 7.80%, 0, 0, 2, 5.75, 16, 108, 0, 370, 103260, 38733, 0, 0.000, 0, 0, 0.637315, 0.866761, 5117, 0, 0, 0, 0, 0, 4, 0
1776615029, 0, 1, 650, 650, 31, 7.80%, 0, 0, 2, 5.37, 16, 108, 0, 370, 103260, 38733, 0, 0.000, 0, 0, 0.638306, 1.000000, 5139, 0, 0, 0, 0, 0, 4, 0
1776615034, 0, 1, 650, 650, 31, 7.80%, 0, 0, 2, 5.55, 16, 108, 0, 370, 103260, 38733, 0, 0.000, 0, 0, 0.639604, 1.000000, 5168, 0, 0, 0, 0, 0, 4, 0
1776615039, 0, 1, 650, 650, 31, 7.80%, 0, 0, 2, 7.30, 16, 108, 0, 370, 103260, 38733, 0, 0.000, 0, 0, 0.640760, 1.000000, 5194, 0, 0, 0, 0, 0, 4, 0
1776615044, 0, 1, 650, 650, 31, 7.80%, 0, 0, 2, 6.20, 16, 108, 0, 370, 103260, 38733, 0, 0.000, 0, 0, 0.641997, 1.000000, 5222, 0, 0, 0, 0, 0, 4, 0
1776615049, 0, 1, 650, 650, 31, 7.80%, 0, 0, 2, 6.41, 16, 108, 0, 370, 103260, 38733, 0, 0.000, 0, 0, 0.642962, 1.000000, 5244, 0, 0, 0, 0, 0, 4, 0
1776615055, 0, 1, 650, 650, 31, 7.80%, 0, 0, 2, 5.94, 16, 108, 0, 370, 103260, 38733, 0, 0.000, 0, 0, 0.644271, 1.000000, 5274, 0, 0, 0, 0, 0, 4, 0
1776615060, 0, 1, 650, 650, 31, 7.80%, 0, 0, 2, 5.47, 16, 108, 0, 370, 103260, 38733, 0, 0.000, 0, 0, 0.645311, 1.000000, 5298, 0, 0, 0, 0, 0, 4, 0
1776615065, 0, 1, 650, 650, 31, 7.80%, 0, 0, 2, 5.61, 16, 108, 0, 370, 103260, 38733, 0, 0.000, 0, 0, 0.646602, 1.000000, 5328, 0, 0, 0, 0, 0, 5, 0
1776615070, 0, 1, 650, 650, 31, 7.80%, 0, 0, 2, 5.61, 16, 108, 0, 370, 103260, 38733, 0, 0.000, 0, 0, 0.647714, 1.000000, 5354, 0, 0, 0, 0, 0, 5, 0
1776615075, 0, 1, 650, 650, 31, 7.80%, 0, 0, 2, 5.72, 16, 108, 0, 370, 103260, 38733, 0, 0.000, 0, 0, 0.648987, 1.000000, 5384, 0, 0, 0, 0, 0, 5, 0
1776615080, 0, 1, 652, 652, 31, 7.80%, 0, 0, 2, 6.21, 16, 108, 0, 370, 103260, 38733, 0, 0.000, 0, 0, 0.649537, 0.806954, 5397, 0, 0, 0, 0, 0, 5, 0
1776615085, 0, 1, 652, 652, 31, 7.80%, 0, 0, 2, 5.81, 16, 108, 0, 370, 103260, 38733, 0, 0.000, 0, 0, 0.650504, 1.000000, 5420, 0, 0, 0, 0, 0, 5, 0
1776615090, 0, 1, 652, 652, 31, 7.80%, 0, 0, 2, 5.72, 16, 108, 0, 370, 103260, 38733, 0, 0.000, 0, 0, 0.651424, 1.000000, 5442, 0, 0, 0, 0, 0, 5, 0
1776615096, 0, 1, 652, 652, 31, 7.80%, 0, 0, 2, 5.77, 16, 108, 0, 370, 103260, 38733, 0, 0.000, 0, 0, 0.652672, 1.000000, 5472, 0, 0, 0, 0, 0, 5, 0
1776615101, 0, 1, 652, 652, 31, 7.80%, 0, 0, 2, 5.46, 16, 108, 0, 370, 103260, 38733, 0, 0.000, 0, 0, 0.653746, 1.000000, 5498, 0, 0, 0, 0, 0, 5, 0
1776615106, 0, 1, 652, 652, 31, 7.80%, 0, 0, 2, 5.74, 16, 108, 0, 370, 103260, 38733, 0, 0.000, 0, 0, 0.654935, 1.000000, 5527, 0, 0, 0, 0, 0, 5, 0
1776615111, 0, 1, 652, 652, 31, 7.80%, 0, 0, 2, 5.52, 16, 108, 0, 370, 103260, 38733, 0, 0.000, 0, 0, 0.656077, 1.000000, 5555, 0, 0, 0, 0, 0, 5, 0
1776615117, 0, 1, 653, 653, 31, 7.81%, 0, 0, 2, 7.97, 16, 108, 0, 370, 103260, 38733, 0, 0.000, 0, 0, 0.656887, 0.631242, 5575, 0, 0, 0, 0, 0, 5, 0
1776615122, 0, 1, 653, 653, 31, 7.81%, 0, 0, 2, 6.62, 16, 108, 0, 370, 103260, 38733, 0, 0.000, 0, 0, 0.658055, 1.000000, 5604, 0, 0, 0, 0, 0, 5, 0
1776615127, 0, 1, 654, 654, 31, 7.81%, 0, 0, 2, 4.28, 16, 108, 0, 370, 103260, 38733, 0, 0.000, 0, 0, 0.658537, 1.000000, 5616, 0, 0, 0, 0, 0, 5, 0
1776615132, 0, 1, 654, 654, 31, 7.81%, 0, 0, 2, 5.70, 16, 108, 0, 370, 103260, 38733, 0, 0.000, 0, 0, 0.659813, 1.000000, 5648, 0, 0, 0, 0, 0, 5, 0
1776615137, 0, 1, 654, 654, 31, 7.81%, 0, 0, 2, 5.69, 16, 108, 0, 370, 103260, 38733, 0, 0.000, 0, 0, 0.660843, 1.000000, 5674, 0, 0, 0, 0, 0, 5, 0
1776615142, 0, 1, 654, 654, 31, 7.81%, 0, 0, 2, 6.03, 16, 108, 0, 370, 103260, 38733, 0, 0.000, 0, 0, 0.662024, 1.000000, 5704, 0, 0, 0, 0, 0, 5, 0
1776615147, 0, 1, 654, 654, 31, 7.81%, 0, 0, 2, 5.82, 16, 108, 0, 370, 103260, 38733, 0, 0.000, 0, 0, 0.663041, 1.000000, 5730, 0, 0, 0, 0, 0, 5, 0
1776615152, 0, 1, 654, 654, 31, 7.81%, 0, 0, 2, 0.99, 16, 108, 0, 370, 103260, 38733, 0, 0.000, 0, 0, 0.664090, 1.000000, 5757, 0, 0, 0, 0, 0, 5, 0
1776615158, 0, 1, 654, 654, 31, 7.81%, 0, 0, 2, 5.73, 16, 108, 0, 370, 103260, 38733, 0, 0.000, 0, 0, 0.665210, 1.000000, 5786, 0, 0, 0, 0, 0, 5, 0
1776615163, 0, 1, 654, 654, 31, 7.81%, 0, 0, 2, 0.66, 16, 108, 0, 370, 103260, 38733, 0, 0.000, 0, 0, 0.666017, 1.000000, 5807, 0, 0, 0, 0, 0, 5, 0
1776615168, 0, 1, 654, 654, 31, 7.81%, 0, 0, 2, 5.57, 16, 108, 0, 370, 103260, 38733, 0, 0.000, 0, 0, 0.667124, 1.000000, 5836, 0, 0, 0, 0, 0, 6, 0
1776615173, 0, 1, 654, 654, 31, 7.81%, 0, 0, 2, 5.30, 16, 108, 0, 370, 103260, 38733, 0, 0.000, 0, 0, 0.668110, 1.000000, 5862, 0, 0, 0, 0, 0, 6, 0
1776615178, 0, 1, 654, 654, 31, 7.81%, 0, 0, 2, 5.60, 16, 108, 0, 370, 103260, 38733, 0, 0.000, 0, 0, 0.669241, 1.000000, 5892, 0, 0, 0, 0, 0, 6, 0
1776615184, 0, 1, 654, 654, 31, 7.81%, 0, 0, 2, 5.61, 16, 108, 0, 370, 103260, 38733, 0, 0.000, 0, 0, 0.670215, 1.000000, 5918, 0, 0, 0, 0, 0, 6, 0
1776615189, 0, 1, 655, 655, 31, 7.81%, 0, 0, 2, 5.77, 16, 108, 0, 370, 103260, 38733, 0, 0.000, 0, 0, 0.671035, 1.000000, 5940, 0, 0, 0, 0, 0, 6, 0
1776615194, 0, 1, 655, 655, 31, 7.81%, 0, 0, 2, 7.29, 16, 108, 0, 370, 103260, 38733, 0, 0.000, 0, 0, 0.672072, 1.000000, 5968, 0, 0, 0, 0, 0, 6, 0
1776615199, 0, 1, 655, 655, 31, 7.81%, 0, 0, 2, 6.37, 16, 108, 0, 370, 103260, 38733, 0, 0.000, 0, 0, 0.673176, 1.000000, 5998, 0, 0, 0, 0, 0, 6, 0
1776615204, 0, 1, 655, 655, 31, 7.81%, 0, 0, 2, 6.68, 16, 108, 0, 370, 103260, 38733, 0, 0.000, 0, 0, 0.674054, 1.000000, 6022, 0, 0, 0, 0, 0, 6, 0
1776615209, 0, 1, 655, 655, 31, 7.81%, 0, 0, 2, 6.32, 16, 108, 0, 370, 103260, 38733, 0, 0.000, 0, 0, 0.675073, 1.000000, 6050, 0, 0, 0, 0, 0, 6, 0
1776615215, 0, 1, 655, 655, 31, 7.81%, 0, 0, 2, 6.07, 16, 108, 0, 370, 103260, 38733, 0, 0.000, 0, 0, 0.676157, 1.000000, 6080, 0, 0, 0, 0, 0, 6, 0
1776615220, 0, 1, 656, 656, 31, 7.82%, 0, 0, 2, 5.83, 16, 108, 0, 370, 103260, 38733, 0, 0.000, 0, 0, 0.676875, 1.000000, 6100, 0, 0, 0, 0, 0, 6, 0
1776615225, 0, 1, 657, 657, 31, 7.82%, 0, 0, 2, 5.75, 16, 108, 0, 370, 103260, 38733, 0, 0.000, 0, 0, 0.677591, 1.000000, 6120, 0, 0, 0, 0, 0, 6, 0
1776615230, 0, 1, 657, 657, 31, 7.82%, 0, 0, 2, 6.15, 16, 108, 0, 370, 103260, 38733, 0, 0.000, 0, 0, 0.678516, 1.000000, 6146, 0, 0, 0, 0, 0, 6, 0
1776615235, 0, 1, 657, 657, 31, 7.82%, 0, 0, 2, 6.05, 16, 108, 0, 370, 103260, 38733, 0, 0.000, 0, 0, 0.679648, 1.000000, 6178, 0, 0, 0, 0, 0, 6, 0
1776615241, 0, 1, 659, 659, 31, 7.82%, 0, 0, 2, 4.85, 16, 108, 0, 370, 103260, 38733, 0, 0.000, 0, 0, 0.680035, 0.806954, 6189, 0, 0, 0, 0, 0, 6, 0
1776615246, 0, 1, 659, 659, 31, 7.82%, 0, 0, 2, 5.48, 16, 108, 0, 370, 103260, 38733, 0, 0.000, 0, 0, 0.680912, 1.000000, 6214, 0, 0, 0, 0, 0, 6, 0
1776615251, 0, 1, 659, 659, 31, 7.82%, 0, 0, 2, 5.60, 16, 108, 0, 370, 103260, 38733, 0, 0.000, 0, 0, 0.681818, 1.000000, 6240, 0, 0, 0, 0, 0, 6, 0
1776615256, 0, 1, 660, 660, 31, 7.82%, 0, 0, 2, 5.36, 16, 108, 0, 370, 103260, 38733, 0, 0.000, 0, 0, 0.682754, 1.000000, 6267, 0, 0, 0, 0, 0, 6, 0
1776615261, 0, 1, 661, 661, 31, 7.82%, 0, 0, 2, 5.94, 16, 108, 0, 370, 103260, 38733, 0, 0.000, 0, 0, 0.683547, 1.000000, 6290, 0, 0, 0, 0, 0, 6, 0
1776615267, 0, 1, 661, 661, 31, 7.82%, 0, 0, 2, 6.04, 16, 108, 0, 370, 103260, 38733, 0, 0.000, 0, 0, 0.684302, 1.000000, 6312, 0, 0, 0, 0, 0, 6, 0
1776615272, 0, 1, 661, 661, 31, 7.82%, 0, 0, 2, 6.04, 16, 108, 0, 370, 103260, 38733, 0, 0.000, 0, 0, 0.685325, 1.000000, 6342, 0, 0, 0, 0, 0, 6, 0
1776615277, 0, 1, 662, 662, 31, 7.82%, 0, 0, 2, 5.64, 16, 108, 0, 370, 103260, 38733, 0, 0.000, 0, 0, 0.685801, 1.000000, 6356, 0, 0, 0, 0, 0, 6, 0
1776615282, 0, 1, 662, 662, 31, 7.82%, 0, 0, 2, 6.28, 16, 108, 0, 370, 103260, 38733, 0, 0.000, 0, 0, 0.686949, 1.000000, 6390, 0, 0, 0, 0, 0, 6, 0
1776615287, 0, 1, 662, 662, 31, 7.82%, 0, 0, 2, 5.84, 16, 108, 0, 370, 103260, 38733, 0, 0.000, 0, 0, 0.687822, 1.000000, 6416, 0, 0, 0, 0, 0, 6, 0
1776615293, 0, 1, 662, 662, 31, 7.82%, 0, 0, 2, 5.64, 16, 108, 0, 370, 103260, 38733, 0, 0.000, 0, 0, 0.688723, 1.000000, 6443, 0, 0, 0, 0, 0, 6, 0
1776615298, 0, 1, 662, 662, 31, 7.82%, 0, 0, 2, 5.50, 16, 108, 0, 370, 103260, 38733, 0, 0.000, 0, 0, 0.689618, 1.000000, 6470, 0, 0, 0, 0, 0, 6, 0
1776615303, 0, 1, 662, 662, 31, 7.82%, 0, 0, 2, 5.52, 16, 108, 0, 370, 103260, 38733, 0, 0.000, 0, 0, 0.690443, 1.000000, 6495, 0, 0, 0, 0, 0, 6, 0
1776615308, 0, 1, 662, 662, 31, 7.82%, 0, 0, 2, 5.71, 16, 108, 0, 370, 103260, 38733, 0, 0.000, 0, 0, 0.691460, 1.000000, 6526, 0, 0, 0, 0, 0, 6, 0
1776615313, 0, 1, 662, 662, 31, 7.82%, 0, 0, 2, 5.69, 16, 108, 0, 370, 103260, 38733, 0, 0.000, 0, 0, 0.692178, 1.000000, 6548, 0, 0, 0, 0, 0, 6, 0
1776615319, 0, 1, 662, 662, 31, 7.82%, 0, 0, 2, 5.86, 16, 108, 0, 370, 103260, 38733, 0, 0.000, 0, 0, 0.693215, 1.000000, 6580, 0, 0, 0, 0, 0, 7, 0
1776615324, 0, 1, 663, 663, 31, 7.83%, 0, 0, 2, 5.58, 16, 108, 0, 370, 103260, 38733, 0, 0.000, 0, 0, 0.693796, 1.000000, 6598, 0, 0, 0, 0, 0, 7, 0
1776615329, 0, 1, 663, 663, 31, 7.83%, 0, 0, 2, 5.61, 16, 108, 0, 370, 103260, 38733, 0, 0.000, 0, 0, 0.694759, 1.000000, 6628, 0, 0, 0, 0, 0, 7, 0
1776615334, 0, 1, 663, 663, 31, 7.83%, 0, 0, 2, 5.96, 16, 108, 0, 370, 103260, 38733, 0, 0.000, 0, 0, 0.695684, 1.000000, 6657, 0, 0, 0, 0, 0, 7, 0
1776615340, 0, 1, 663, 663, 31, 7.83%, 0, 0, 2, 1.12, 16, 108, 0, 370, 103260, 38733, 0, 0.000, 0, 0, 0.696572, 1.000000, 6685, 0, 0, 0, 0, 0, 7, 0
1776615345, 0, 50, 665, 664, 0, 7.83%, 0, 0, 2, 6.42, 16, 109, 0, 370, 103260, 38733, 0, 0.000, 0, 0, 0.697077, 0.766607, 6701, 0, 0, 0, 0, 0, 7, 0
1776615350, 0, 50, 666, 665, 0, 7.83%, 0, 0, 2, 0.66, 16, 109, 0, 370, 103260, 38733, 0, 0.000, 0, 0, 0.697643, 1.000000, 6719, 0, 0, 0, 0, 0, 7, 0
1776615355, 0, 50, 666, 665, 0, 7.83%, 0, 0, 2, 6.81, 16, 109, 0, 370, 103260, 38733, 0, 0.000, 0, 0, 0.698395, 1.000000, 6743, 0, 0, 0, 0, 0, 7, 0
1776615360, 0, 50, 666, 665, 0, 7.83%, 0, 0, 2, 2.10, 16, 109, 0, 370, 103260, 38733, 0, 0.000, 0, 0, 0.699142, 1.000000, 6767, 0, 0, 0, 0, 0, 7, 0
1776615366, 0, 50, 666, 665, 0, 7.83%, 0, 0, 2, 4.42, 16, 109, 0, 370, 103260, 38733, 0, 0.000, 0, 0, 0.700072, 1.000000, 6797, 0, 0, 0, 0, 0, 7, 0
1776615371, 0, 50, 667, 666, 0, 7.83%, 0, 0, 2, 4.88, 16, 109, 0, 370, 103260, 38733, 0, 0.000, 0, 0, 0.700596, 1.000000, 6814, 0, 0, 0, 0, 0, 7, 0
1776615376, 0, 50, 667, 666, 0, 7.83%, 0, 0, 2, 5.43, 16, 109, 0, 370, 103260, 38733, 0, 0.000, 0, 0, 0.701517, 1.000000, 6844, 0, 0, 0, 0, 0, 7, 0
1776615381, 0, 50, 668, 667, 0, 7.84%, 0, 0, 2, 2.96, 16, 109, 0, 370, 103260, 38733, 0, 0.000, 0, 0, 0.702006, 1.000000, 6860, 0, 0, 0, 0, 0, 7, 0
1776615386, 0, 50, 668, 667, 0, 7.84%, 0, 0, 2, 5.14, 16, 109, 0, 370, 103260, 38733, 0, 0.000, 0, 0, 0.702978, 1.000000, 6892, 0, 0, 0, 0, 0, 7, 0
1776615391, 0, 50, 668, 667, 0, 7.84%, 0, 0, 2, 6.63, 16, 109, 0, 370, 103260, 38733, 0, 0.000, 0, 0, 0.703613, 1.000000, 6913, 0, 0, 0, 0, 0, 7, 0
1776615396, 0, 50, 668, 667, 0, 7.84%, 0, 0, 2, 6.14, 16, 109, 0, 370, 103260, 38733, 0, 0.000, 0, 0, 0.704545, 1.000000, 6944, 0, 0, 0, 0, 0, 7, 0
1776615401, 0, 50, 669, 668, 0, 7.84%, 0, 0, 2, 5.57, 16, 109, 0, 370, 103260, 38733, 0, 0.000, 0, 0, 0.705054, 1.000000, 6961, 0, 0, 0, 0, 0, 7, 0
1776615406, 0, 50, 669, 668, 0, 7.84%, 0, 0, 2, 5.31, 16, 109, 0, 370, 103260, 38733, 0, 0.000, 0, 0, 0.705829, 1.000000, 6987, 0, 0, 0, 0, 0, 7, 0
1776615411, 0, 50, 669, 668, 0, 7.84%, 0, 0, 2, 5.58, 16, 109, 0, 370, 103260, 38733, 0, 0.000, 0, 0, 0.706688, 1.000000, 7016, 0, 0, 0, 0, 0, 7, 0
1776615417, 0, 50, 670, 669, 0, 7.84%, 0, 0, 2, 1.83, 16, 109, 0, 370, 103260, 38733, 0, 0.000, 0, 0, 0.707307, 0.713711, 7037, 0, 0, 0, 0, 0, 7, 0
1776615422, 0, 50, 670, 669, 0, 7.84%, 0, 0, 2, 4.55, 16, 109, 0, 370, 103260, 38733, 0, 0.000, 0, 0, 0.708099, 1.000000, 7064, 0, 0, 0, 0, 0, 7, 0
1776615427, 0, 50, 670, 669, 0, 7.84%, 0, 0, 2, 5.49, 16, 109, 0, 370, 103260, 38733, 0, 0.000, 0, 0, 0.708742, 1.000000, 7086, 0, 0, 0, 0, 0, 7, 0
1776615432, 0, 50, 670, 669, 0, 7.84%, 0, 0, 2, 5.70, 16, 109, 0, 370, 103260, 38733, 0, 0.000, 0, 0, 0.709613, 1.000000, 7116, 0, 0, 0, 0, 0, 7, 0
1776615437, 0, 50, 670, 669, 0, 7.84%, 0, 0, 2, 5.24, 16, 109, 0, 370, 103260, 38733, 0, 0.000, 0, 0, 0.710335, 1.000000, 7141, 0, 0, 0, 0, 0, 7, 0
1776615442, 0, 50, 671, 670, 0, 7.84%, 0, 0, 2, 5.92, 16, 109, 0, 370, 103260, 38733, 0, 0.000, 0, 0, 0.711025, 1.000000, 7165, 0, 0, 0, 0, 0, 7, 0
1776615447, 0, 50, 672, 671, 0, 7.84%, 0, 0, 2, 5.58, 16, 109, 0, 370, 103260, 38733, 0, 0.000, 0, 0, 0.711540, 1.000000, 7183, 0, 0, 0, 0, 0, 7, 0
1776615453, 0, 50, 673, 672, 0, 7.84%, 0, 0, 2, 0.95, 16, 109, 0, 370, 103260, 38733, 0, 0.000, 0, 0, 0.712395, 1.000000, 7213, 0, 0, 0, 0, 0, 7, 0
1776615458, 0, 50, 673, 672, 0, 7.84%, 0, 0, 2, 5.76, 16, 109, 0, 370, 103260, 38733, 0, 0.000, 0, 0, 0.712990, 1.000000, 7234, 0, 0, 0, 0, 0, 7, 0
1776615463, 0, 50, 673, 672, 0, 7.84%, 0, 0, 2, 4.46, 16, 109, 0, 370, 103260, 38733, 0, 0.000, 0, 0, 0.713611, 1.000000, 7256, 0, 0, 0, 0, 0, 7, 0
1776615468, 0, 50, 673, 672, 0, 7.84%, 0, 0, 2, 5.55, 16, 109, 0, 370, 103260, 38733, 0, 0.000, 0, 0, 0.714426, 1.000000, 7285, 0, 0, 0, 0, 0, 7, 0
1776615474, 0, 50, 674, 673, 0, 7.84%, 0, 0, 2, 5.30, 16, 109, 0, 370, 103260, 38733, 0, 0.000, 0, 0, 0.714985, 0.664465, 7305, 0, 0, 0, 0, 0, 7, 0
1776615479, 0, 50, 674, 673, 0, 7.84%, 0, 0, 2, 5.55, 16, 109, 0, 370, 103260, 38733, 0, 0.000, 0, 0, 0.715792, 1.000000, 7334, 0, 0, 0, 0, 0, 7, 0
1776615484, 0, 50, 675, 674, 0, 7.84%, 0, 0, 2, 5.97, 16, 109, 0, 370, 103260, 38733, 0, 0.000, 0, 0, 0.716428, 0.713711, 7357, 0, 0, 0, 0, 0, 7, 0
1776615489, 0, 50, 675, 674, 0, 7.84%, 0, 0, 2, 5.87, 16, 109, 0, 370, 103260, 38733, 0, 0.000, 0, 0, 0.717199, 1.000000, 7385, 0, 0, 0, 0, 0, 7, 0
1776615495, 0, 50, 675, 674, 0, 7.84%, 0, 0, 2, 3.36, 16, 109, 0, 370, 103260, 38733, 0, 0.000, 0, 0, 0.717857, 1.000000, 7409, 0, 0, 0, 0, 0, 7, 0
1776615501, 0, 50, 675, 674, 0, 7.84%, 0, 0, 2, 4.53, 16, 109, 0, 370, 103260, 38733, 0, 0.000, 0, 0, 0.718675, 1.000000, 7439, 0, 0, 0, 0, 0, 7, 0
1776615507, 0, 50, 676, 675, 0, 7.84%, 0, 0, 2, 5.50, 16, 109, 0, 370, 103260, 38733, 0, 0.000, 0, 0, 0.719379, 0.713711, 7465, 0, 0, 0, 0, 0, 7, 0
1776615512, 0, 50, 676, 675, 0, 7.84%, 0, 0, 2, 5.31, 16, 109, 0, 370, 103260, 38733, 0, 0.000, 0, 0, 0.720000, 1.000000, 7488, 0, 0, 0, 0, 0, 7, 0
1776615517, 0, 50, 676, 675, 0, 7.84%, 0, 0, 2, 5.81, 16, 109, 0, 370, 103260, 38733, 0, 0.000, 0, 0, 0.720832, 1.000000, 7519, 0, 0, 0, 0, 0, 7, 0
1776615522, 0, 50, 677, 676, 0, 7.84%, 0, 0, 2, 5.81, 16, 109, 0, 370, 103260, 38733, 0, 0.000, 0, 0, 0.721393, 1.000000, 7540, 0, 0, 0, 0, 0, 7, 0
1776615528, 0, 50, 677, 676, 0, 7.84%, 0, 0, 2, 5.56, 16, 109, 0, 370, 103260, 38733, 0, 0.000, 0, 0, 0.722164, 1.000000, 7569, 0, 0, 0, 0, 0, 7, 0
1776615533, 0, 50, 677, 676, 0, 7.84%, 0, 0, 2, 5.71, 16, 109, 0, 370, 103260, 38733, 0, 0.000, 0, 0, 0.722825, 1.000000, 7594, 0, 0, 0, 0, 0, 7, 0
1776615539, 0, 50, 677, 676, 0, 7.84%, 0, 0, 2, 0.66, 16, 109, 0, 370, 103260, 38733, 0, 0.000, 0, 0, 0.723588, 1.000000, 7623, 0, 0, 0, 0, 0, 7, 0
1776615544, 0, 50, 677, 676, 0, 7.84%, 0, 0, 2, 6.31, 16, 109, 0, 370, 103260, 38733, 0, 0.000, 0, 0, 0.724347, 1.000000, 7652, 0, 0, 0, 0, 0, 7, 0
1776615549, 0, 50, 678, 677, 0, 7.85%, 0, 0, 2, 5.64, 16, 109, 0, 370, 103260, 38733, 0, 0.000, 0, 0, 0.724894, 0.766607, 7673, 0, 0, 0, 0, 0, 7, 0
1776615554, 0, 50, 678, 677, 0, 7.85%, 0, 0, 2, 5.72, 16, 109, 0, 370, 103260, 38733, 0, 0.000, 0, 0, 0.725568, 1.000000, 7699, 0, 0, 0, 0, 0, 7, 0
1776615559, 0, 50, 678, 677, 0, 7.85%, 0, 0, 2, 5.29, 16, 109, 0, 370, 103260, 38733, 0, 0.000, 0, 0, 0.726213, 1.000000, 7724, 0, 0, 0, 0, 0, 7, 0
1776615564, 0, 50, 678, 677, 0, 7.85%, 0, 0, 2, 5.87, 16, 109, 0, 370, 103260, 38733, 0, 0.000, 0, 0, 0.727034, 1.000000, 7756, 0, 0, 0, 0, 0, 7, 0
1776615570, 0, 50, 678, 677, 0, 7.85%, 0, 0, 2, 5.67, 16, 109, 0, 370, 103260, 38733, 0, 0.000, 0, 0, 0.727698, 1.000000, 7782, 0, 0, 0, 0, 0, 7, 0
1776615575, 0, 50, 678, 677, 0, 7.85%, 0, 0, 2, 5.57, 16, 109, 0, 370, 103260, 38733, 0, 0.000, 0, 0, 0.728409, 1.000000, 7810, 0, 0, 0, 0, 0, 7, 0
1776615580, 0, 50, 679, 678, 0, 7.85%, 0, 0, 2, 5.22, 16, 109, 0, 370, 103260, 38733, 0, 0.000, 0, 0, 0.728763, 1.000000, 7824, 0, 0, 0, 0, 0, 7, 0
1776615585, 0, 50, 680, 679, 0, 7.85%, 0, 0, 2, 5.68, 16, 109, 0, 370, 103260, 38733, 0, 0.000, 0, 0, 0.729343, 1.000000, 7847, 0, 0, 0, 0, 0, 7, 0
1776615590, 0, 50, 681, 680, 0, 7.85%, 0, 0, 2, 5.75, 16, 109, 0, 370, 103260, 38733, 0, 0.000, 0, 0, 0.729820, 1.000000, 7866, 0, 0, 0, 0, 0, 7, 0
1776615596, 0, 50, 682, 681, 0, 7.85%, 0, 0, 2, 5.68, 16, 109, 0, 370, 103260, 38733, 0, 0.000, 0, 0, 0.730345, 1.000000, 7887, 0, 0, 0, 0, 0, 7, 0
1776615601, 0, 50, 682, 681, 0, 7.85%, 0, 0, 2, 5.56, 16, 109, 0, 370, 103260, 38733, 0, 0.000, 0, 0, 0.731068, 1.000000, 7916, 0, 0, 0, 0, 0, 7, 0
1776615606, 0, 50, 684, 683, 0, 7.85%, 0, 0, 2, 6.70, 16, 109, 0, 370, 103260, 38733, 0, 0.000, 0, 0, 0.731341, 1.000000, 7927, 0, 0, 0, 0, 0, 7, 0
1776615611, 0, 50, 684, 683, 0, 7.85%, 0, 0, 2, 5.95, 16, 109, 0, 370, 103260, 38733, 0, 0.000, 0, 0, 0.732057, 1.000000, 7956, 0, 0, 0, 0, 0, 7, 0
1776615616, 0, 50, 685, 684, 0, 7.86%, 0, 0, 2, 5.95, 16, 109, 0, 370, 103260, 38733, 0, 0.000, 0, 0, 0.732427, 1.000000, 7971, 0, 0, 0, 0, 0, 7, 0
1776615621, 0, 50, 687, 686, 0, 7.86%, 0, 0, 2, 5.59, 16, 109, 0, 370, 103260, 38733, 0, 0.000, 0, 0, 0.732869, 0.866761, 7989, 0, 0, 0, 0, 0, 7, 0
1776615626, 0, 50, 689, 688, 0, 7.86%, 0, 0, 2, 5.43, 16, 109, 0, 370, 103260, 38733, 0, 0.000, 0, 0, 0.732991, 0.664465, 7994, 0, 0, 0, 0, 0, 7, 0
1776615632, 0, 50, 690, 689, 0, 7.86%, 0, 0, 2, 5.47, 16, 109, 0, 370, 103260, 38733, 0, 0.000, 0, 0, 0.733431, 1.000000, 8012, 0, 0, 0, 0, 0, 7, 0
1776615637, 0, 50, 691, 690, 0, 7.86%, 0, 0, 2, 5.34, 16, 109, 0, 370, 103260, 38733, 0, 0.000, 0, 0, 0.733845, 1.000000, 8029, 0, 0, 0, 0, 0, 7, 0
1776615642, 0, 50, 693, 692, 0, 7.86%, 0, 0, 2, 5.56, 16, 109, 0, 370, 103260, 38733, 0, 0.000, 0, 0, 0.734185, 1.000000, 8043, 0, 0, 0, 0, 0, 7, 0
1776615647, 0, 50, 693, 692, 0, 7.86%, 0, 0, 2, 5.69, 16, 109, 0, 370, 103260, 38733, 0, 0.000, 0, 0, 0.734839, 1.000000, 8070, 0, 0, 0, 0, 0, 7, 0
1776615653, 0, 50, 695, 694, 0, 7.86%, 0, 0, 2, 0.66, 16, 109, 0, 370, 103260, 38733, 0, 0.000, 0, 0, 0.735249, 1.000000, 8087, 0, 0, 0, 0, 0, 7, 0
1776615658, 0, 50, 695, 694, 0, 7.86%, 0, 0, 2, 5.51, 16, 109, 0, 370, 103260, 38733, 0, 0.000, 0, 0, 0.735753, 1.000000, 8108, 0, 0, 0, 0, 0, 7, 0
1776615663, 0, 50, 696, 695, 0, 7.86%, 0, 0, 2, 5.38, 16, 109, 0, 370, 103260, 38733, 0, 0.000, 0, 0, 0.736256, 0.664465, 8129, 0, 0, 0, 0, 0, 7, 0
1776615668, 0, 50, 696, 695, 0, 7.86%, 0, 0, 2, 5.65, 16, 109, 0, 370, 103260, 38733, 0, 0.000, 0, 0, 0.736923, 1.000000, 8157, 0, 0, 0, 0, 0, 7, 0
1776615673, 0, 50, 697, 696, 0, 7.86%, 0, 0, 2, 5.59, 16, 109, 0, 370, 103260, 38733, 0, 0.000, 0, 0, 0.737397, 1.000000, 8177, 0, 0, 0, 0, 0, 7, 0
1776615678, 0, 50, 698, 697, 0, 7.86%, 0, 0, 2, 5.50, 16, 109, 0, 370, 103260, 38733, 0, 0.000, 0, 0, 0.737870, 1.000000, 8197, 0, 0, 0, 0, 0, 7, 0
1776615683, 0, 50, 698, 697, 0, 7.86%, 0, 0, 2, 5.56, 16, 109, 0, 370, 103260, 38733, 0, 0.000, 0, 0, 0.738435, 1.000000, 8221, 0, 0, 0, 0, 0, 7, 0
1776615689, 0, 50, 698, 697, 0, 7.86%, 0, 0, 2, 5.68, 16, 109, 0, 370, 103260, 38733, 0, 0.000, 0, 0, 0.739138, 1.000000, 8251, 0, 0, 0, 0, 0, 7, 0
1776615694, 0, 50, 699, 698, 0, 7.86%, 0, 0, 2, 5.26, 16, 109, 0, 370, 103260, 38733, 0, 0.000, 0, 0, 0.739418, 1.000000, 8263, 0, 0, 0, 0, 0, 7, 0
1776615699, 0, 50, 700, 699, 0, 7.86%, 0, 0, 2, 5.45, 16, 109, 0, 370, 103260, 38733, 0, 0.000, 0, 0, 0.740046, 0.866761, 8290, 0, 0, 0, 0, 0, 7, 0
1776615704, 0, 50, 700, 699, 0, 7.86%, 0, 0, 2, 5.52, 16, 109, 0, 370, 103260, 38733, 0, 0.000, 0, 0, 0.740533, 1.000000, 8311, 0, 0, 0, 0, 0, 7, 0
1776615709, 0, 50, 701, 700, 0, 7.86%, 0, 0, 2, 5.77, 16, 109, 0, 370, 103260, 38733, 0, 0.000, 0, 0, 0.740994, 1.000000, 8331, 0, 0, 0, 0, 0, 7, 0
1776615714, 0, 50, 702, 701, 0, 7.87%, 0, 0, 2, 5.68, 16, 109, 0, 370, 103260, 38733, 0, 0.000, 0, 0, 0.741477, 1.000000, 8352, 0, 0, 0, 0, 0, 7, 0
1776615720, 0, 50, 702, 701, 0, 7.87%, 0, 0, 2, 1.56, 16, 109, 0, 370, 103260, 38733, 0, 0.000, 0, 0, 0.742027, 1.000000, 8376, 0, 0, 0, 0, 0, 7, 0
1776615725, 0, 50, 702, 701, 0, 7.87%, 0, 0, 2, 4.51, 16, 109, 0, 370, 103260, 38733, 0, 0.000, 0, 0, 0.742733, 1.000000, 8407, 0, 0, 0, 0, 0, 7, 0
1776615730, 0, 50, 704, 703, 0, 7.87%, 0, 0, 2, 4.95, 16, 109, 0, 370, 103260, 38733, 0, 0.000, 0, 0, 0.742915, 0.713711, 8415, 0, 0, 0, 0, 0, 7, 0
1776615735, 0, 50, 704, 703, 0, 7.87%, 0, 0, 2, 5.43, 16, 109, 0, 370, 103260, 38733, 0, 0.000, 0, 0, 0.743504, 1.000000, 8441, 0, 0, 0, 0, 0, 7, 0
1776615740, 0, 50, 705, 704, 0, 7.87%, 0, 0, 2, 5.52, 16, 109, 0, 370, 103260, 38733, 0, 0.000, 0, 0, 0.743932, 1.000000, 8460, 0, 0, 0, 0, 0, 7, 0
1776615745, 0, 50, 705, 704, 0, 7.87%, 0, 0, 2, 5.71, 16, 109, 0, 370, 103260, 38733, 0, 0.000, 0, 0, 0.744606, 1.000000, 8490, 0, 0, 0, 0, 0, 7, 0
1776615750, 0, 50, 707, 706, 0, 7.87%, 0, 0, 2, 5.47, 16, 109, 0, 370, 103260, 38733, 0, 0.000, 0, 0, 0.744964, 0.866761, 8506, 0, 0, 0, 0, 0, 7, 0
1776615756, 0, 50, 707, 706, 0, 7.87%, 0, 0, 2, 5.89, 16, 109, 0, 370, 103260, 38733, 0, 0.000, 0, 0, 0.745544, 1.000000, 8532, 0, 0, 0, 0, 0, 7, 0
1776615761, 0, 50, 707, 706, 0, 7.87%, 0, 0, 2, 3.86, 16, 109, 0, 370, 103260, 38733, 0, 0.000, 0, 0, 0.746098, 1.000000, 8557, 0, 0, 0, 0, 0, 7, 0
1776615767, 0, 50, 708, 707, 0, 7.87%, 0, 0, 2, 0.66, 16, 109, 0, 370, 103260, 38733, 0, 0.000, 0, 0, 0.746672, 1.000000, 8583, 0, 0, 0, 0, 0, 7, 0
1776615772, 0, 50, 709, 708, 0, 7.87%, 0, 0, 2, 6.23, 16, 109, 0, 370, 103260, 38733, 0, 0.000, 0, 0, 0.747003, 1.000000, 8598, 0, 0, 0, 0, 0, 7, 0
1776615777, 0, 50, 710, 709, 0, 7.87%, 0, 0, 2, 5.85, 16, 109, 0, 370, 103260, 38733, 0, 0.000, 0, 0, 0.747398, 1.000000, 8616, 0, 0, 0, 0, 0, 7, 0
1776615782, 0, 50, 711, 710, 0, 7.87%, 0, 0, 2, 5.51, 16, 109, 0, 370, 103260, 38733, 0, 0.000, 0, 0, 0.747879, 0.664465, 8638, 0, 0, 0, 0, 0, 7, 0
1776615787, 0, 50, 712, 711, 0, 7.87%, 0, 0, 2, 5.49, 16, 109, 0, 370, 103260, 38733, 0, 0.000, 0, 0, 0.748228, 1.000000, 8654, 0, 0, 0, 0, 0, 7, 0
1776615792, 0, 50, 713, 712, 0, 7.88%, 0, 0, 2, 5.63, 16, 109, 0, 370, 103260, 38733, 0, 0.000, 0, 0, 0.748684, 1.000000, 8675, 0, 0, 0, 0, 0, 7, 0
1776615797, 0, 50, 714, 713, 0, 7.88%, 0, 0, 2, 5.82, 16, 109, 0, 370, 103260, 38733, 0, 0.000, 0, 0, 0.749095, 1.000000, 8694, 0, 0, 0, 0, 0, 7, 0
1776615803, 0, 50, 715, 714, 0, 7.88%, 0, 0, 2, 5.80, 16, 109, 0, 370, 103260, 38733, 0, 0.000, 0, 0, 0.749570, 1.000000, 8716, 0, 0, 0, 0, 0, 7, 0
1776615808, 0, 50, 716, 715, 0, 7.88%, 0, 0, 2, 5.72, 16, 110, 0, 370, 103260, 38733, 0, 0.000, 0, 0, 0.749893, 1.000000, 8731, 0, 0, 0, 0, 0, 7, 0
1776615813, 0, 50, 717, 716, 0, 7.88%, 0, 0, 2, 5.62, 16, 110, 0, 370, 103260, 38733, 0, 0.000, 0, 0, 0.750343, 1.000000, 8752, 0, 0, 0, 0, 0, 7, 0
1776615818, 0, 50, 718, 717, 0, 7.88%, 0, 0, 2, 5.66, 16, 110, 0, 370, 103260, 38733, 0, 0.000, 0, 0, 0.750728, 0.587686, 8770, 0, 0, 0, 0, 0, 7, 0
1776615823, 0, 50, 719, 718, 0, 7.88%, 0, 0, 2, 5.48, 16, 110, 0, 370, 103260, 38733, 0, 0.000, 0, 0, 0.751239, 0.823423, 8794, 0, 0, 0, 0, 0, 7, 0
1776615828, 0, 50, 720, 719, 0, 7.88%, 0, 0, 2, 5.92, 16, 110, 0, 370, 103260, 38733, 0, 0.000, 0, 0, 0.751621, 1.000000, 8812, 0, 0, 0, 0, 0, 7, 0
1776615834, 0, 50, 722, 721, 0, 7.88%, 0, 0, 2, 6.48, 16, 110, 0, 370, 103260, 38733, 0, 0.000, 0, 0, 0.752001, 0.931000, 8830, 0, 0, 0, 0, 0, 7, 0
1776615839, 0, 50, 724, 723, 0, 7.88%, 0, 0, 2, 5.58, 16, 110, 0, 370, 103260, 38733, 0, 0.000, 0, 0, 0.752149, 0.713711, 8837, 0, 0, 0, 0, 0, 7, 0
1776615844, 0, 50, 724, 723, 0, 7.88%, 0, 0, 2, 5.50, 16, 110, 0, 370, 103260, 38733, 0, 0.000, 0, 0, 0.752549, 1.000000, 8856, 0, 0, 0, 0, 0, 7, 0
1776615849, 0, 50, 724, 723, 0, 7.88%, 0, 0, 2, 5.34, 16, 110, 0, 370, 103260, 38733, 0, 0.000, 0, 0, 0.753137, 1.000000, 8884, 0, 0, 0, 0, 0, 7, 0
1776615854, 0, 50, 725, 724, 0, 7.88%, 0, 0, 2, 5.24, 16, 110, 0, 370, 103260, 38733, 0, 0.000, 0, 0, 0.753492, 0.587686, 8901, 0, 0, 0, 0, 0, 7, 0
1776615859, 0, 50, 727, 726, 0, 7.88%, 0, 0, 2, 5.62, 16, 110, 0, 370, 103260, 38733, 0, 0.000, 0, 0, 0.753888, 0.823423, 8920, 0, 0, 0, 0, 0, 7, 0
1776615864, 0, 50, 728, 727, 0, 7.88%, 0, 0, 2, 5.43, 16, 110, 0, 370, 103260, 38733, 0, 0.000, 0, 0, 0.754158, 1.000000, 8933, 0, 0, 0, 0, 0, 7, 0
1776615870, 0, 50, 728, 727, 0, 7.88%, 0, 0, 2, 1.05, 16, 110, 0, 370, 103260, 38733, 0, 0.000, 0, 0, 0.754820, 1.000000, 8965, 0, 0, 0, 0, 0, 7, 0
1776615875, 0, 50, 728, 727, 0, 7.88%, 0, 0, 2, 4.36, 16, 110, 0, 370, 103260, 38733, 0, 0.000, 0, 0, 0.755438, 1.000000, 8995, 0, 0, 0, 0, 0, 7, 0
1776615881, 0, 50, 728, 727, 0, 7.88%, 0, 0, 2, 6.33, 16, 110, 0, 370, 103260, 38733, 0, 0.000, 0, 0, 0.755889, 1.000000, 9017, 0, 0, 0, 0, 0, 7, 0
1776615886, 0, 50, 729, 728, 0, 7.88%, 0, 0, 2, 5.78, 16, 110, 0, 370, 103260, 38733, 0, 0.000, 0, 0, 0.756400, 0.823423, 9042, 0, 0, 0, 0, 0, 7, 0
1776615891, 0, 50, 730, 729, 0, 7.88%, 0, 0, 2, 5.44, 16, 110, 0, 370, 103260, 38733, 0, 0.000, 0, 0, 0.756644, 1.000000, 9054, 0, 0, 0, 0, 0, 7, 0
1776615896, 0, 50, 730, 729, 0, 7.88%, 0, 0, 2, 5.76, 16, 110, 0, 370, 103260, 38733, 0, 0.000, 0, 0, 0.757252, 1.000000, 9084, 0, 0, 0, 0, 0, 7, 0
1776615901, 0, 50, 732, 731, 0, 7.88%, 0, 0, 2, 5.67, 16, 110, 0, 370, 103260, 38733, 0, 0.000, 0, 0, 0.757616, 0.866761, 9102, 0, 0, 0, 0, 0, 7, 0
1776615906, 0, 50, 734, 733, 0, 7.88%, 0, 0, 2, 5.31, 16, 110, 0, 370, 103260, 38733, 0, 0.000, 0, 0, 0.757858, 0.866761, 9114, 0, 0, 0, 0, 0, 7, 0
1776615911, 0, 50, 735, 734, 0, 7.88%, 0, 0, 2, 7.92, 16, 110, 0, 370, 103260, 38733, 0, 0.000, 0, 0, 0.758059, 1.000000, 9124, 0, 0, 0, 0, 0, 7, 0
1776615917, 0, 50, 736, 735, 0, 7.88%, 0, 0, 2, 6.35, 16, 110, 0, 370, 103260, 38733, 0, 0.000, 0, 0, 0.758661, 0.931000, 9154, 0, 0, 0, 0, 0, 7, 0
1776615922, 0, 50, 737, 736, 0, 7.88%, 0, 0, 2, 6.08, 16, 110, 0, 370, 103260, 38733, 0, 0.000, 0, 0, 0.758821, 0.587686, 9162, 0, 0, 0, 0, 0, 7, 0
1776615927, 0, 50, 738, 737, 0, 7.88%, 0, 0, 2, 6.06, 16, 110, 0, 370, 103260, 38733, 0, 0.000, 0, 0, 0.759259, 1.000000, 9184, 0, 0, 0, 0, 0, 7, 0
1776615932, 0, 50, 740, 739, 0, 7.88%, 0, 0, 2, 5.71, 16, 110, 0, 370, 103260, 38733, 0, 0.000, 0, 0, 0.759538, 0.713711, 9198, 0, 0, 0, 0, 0, 7, 0
1776615938, 0, 50, 741, 740, 0, 7.88%, 0, 0, 2, 5.19, 16, 110, 0, 370, 103260, 38733, 0, 0.000, 0, 0, 0.759815, 1.000000, 9212, 0, 0, 0, 0, 0, 7, 0
1776615943, 0, 50, 742, 741, 0, 7.88%, 0, 0, 2, 5.44, 16, 110, 0, 370, 103260, 38733, 0, 0.000, 0, 0, 0.760211, 1.000000, 9232, 0, 0, 0, 0, 0, 7, 0
1776615948, 0, 50, 743, 742, 0, 7.88%, 0, 0, 2, 7.35, 16, 110, 0, 370, 103260, 38733, 0, 0.000, 0, 0, 0.760546, 0.618617, 9249, 0, 0, 0, 0, 0, 7, 0
1776615953, 0, 50, 745, 744, 0, 7.88%, 0, 0, 2, 6.43, 16, 110, 0, 370, 103260, 38733, 0, 0.000, 0, 0, 0.760880, 0.766607, 9266, 0, 0, 0, 0, 0, 7, 0
1776615958, 0, 50, 746, 745, 0, 7.88%, 0, 0, 2, 9.36, 16, 110, 0, 370, 103260, 38733, 0, 0.000, 0, 0, 0.761135, 1.000000, 9279, 0, 0, 0, 0, 0, 7, 0
1776615963, 0, 50, 748, 747, 0, 7.88%, 0, 0, 2, 7.22, 16, 110, 0, 370, 103260, 38733, 0, 0.000, 0, 0, 0.761468, 1.000000, 9296, 0, 0, 0, 0, 0, 7, 0
1776615968, 0, 50, 748, 747, 0, 7.88%, 0, 0, 2, 3.48, 16, 110, 0, 370, 103260, 38733, 0, 0.000, 0, 0, 0.761994, 1.000000, 9323, 0, 0, 0, 0, 0, 7, 0
1776615973, 0, 50, 748, 747, 0, 7.88%, 0, 0, 2, 5.19, 16, 110, 0, 370, 103260, 38733, 0, 0.000, 0, 0, 0.762576, 1.000000, 9353, 0, 0, 0, 0, 0, 7, 0
1776615979, 0, 50, 749, 748, 0, 7.88%, 0, 0, 2, 5.43, 16, 110, 0, 370, 103260, 38733, 0, 0.000, 0, 0, 0.762944, 1.000000, 9372, 0, 0, 0, 0, 0, 7, 0
1776615984, 0, 50, 750, 749, 0, 7.88%, 0, 0, 2, 5.36, 16, 110, 0, 370, 103260, 38733, 0, 0.000, 0, 0, 0.763367, 0.713711, 9394, 0, 0, 0, 0, 0, 7, 0
1776615989, 0, 50, 752, 751, 0, 7.88%, 0, 0, 2, 5.60, 16, 110, 0, 370, 103260, 38733, 0, 0.000, 0, 0, 0.763560, 0.587686, 9404, 0, 0, 0, 0, 0, 7, 0
1776615994, 0, 50, 753, 752, 0, 7.88%, 0, 0, 2, 5.62, 16, 110, 0, 370, 103260, 38733, 0, 0.000, 0, 0, 0.763866, 1.000000, 9420, 0, 0, 0, 0, 0, 7, 0
1776615999, 0, 50, 753, 752, 0, 7.88%, 0, 0, 2, 5.81, 16, 110, 0, 370, 103260, 38733, 0, 0.000, 0, 0, 0.764439, 1.000000, 9450, 0, 0, 0, 0, 0, 7, 0
1776616004, 0, 50, 754, 753, 0, 7.88%, 0, 0, 2, 5.59, 16, 110, 0, 370, 103260, 38733, 0, 0.000, 0, 0, 0.764782, 1.000000, 9468, 0, 0, 0, 0, 0, 7, 0
1776616009, 0, 50, 755, 754, 0, 7.88%, 0, 0, 2, 5.58, 16, 110, 0, 370, 103260, 38733, 0, 0.000, 0, 0, 0.765180, 1.000000, 9489, 0, 0, 0, 0, 0, 7, 0
1776616014, 0, 50, 756, 755, 0, 7.88%, 0, 0, 2, 5.59, 16, 110, 0, 370, 103260, 38733, 0, 0.000, 0, 0, 0.765539, 1.000000, 9508, 0, 0, 0, 0, 0, 7, 0
1776616020, 0, 50, 757, 756, 0, 7.88%, 0, 0, 2, 5.56, 16, 110, 0, 370, 103260, 38733, 0, 0.000, 0, 0, 0.765954, 0.631242, 9530, 0, 0, 0, 0, 0, 7, 0
1776616025, 0, 50, 759, 758, 0, 7.88%, 0, 0, 2, 5.89, 16, 110, 0, 370, 103260, 38733, 0, 0.000, 0, 0, 0.766217, 0.728276, 9544, 0, 0, 0, 0, 0, 7, 0
1776616031, 0, 50, 760, 759, 0, 7.88%, 0, 0, 2, 5.48, 16, 110, 0, 370, 103260, 38733, 0, 0.000, 0, 0, 0.766648, 1.000000, 9567, 0, 0, 0, 0, 0, 7, 0
1776616036, 0, 50, 760, 759, 0, 7.88%, 0, 0, 2, 5.44, 16, 110, 0, 370, 103260, 38733, 0, 0.000, 0, 0, 0.767003, 1.000000, 9586, 0, 0, 0, 0, 0, 7, 0
1776616041, 0, 50, 760, 759, 0, 7.88%, 0, 0, 2, 5.21, 16, 110, 0, 370, 103260, 38733, 0, 0.000, 0, 0, 0.767486, 1.000000, 9612, 0, 0, 0, 0, 0, 7, 0
1776616046, 0, 50, 760, 759, 0, 7.88%, 0, 0, 2, 5.58, 16, 110, 0, 370, 103260, 38733, 0, 0.000, 0, 0, 0.768042, 1.000000, 9642, 0, 0, 0, 0, 0, 7, 0
1776616052, 0, 50, 760, 759, 0, 7.88%, 0, 0, 2, 5.60, 16, 110, 0, 370, 103260, 38733, 0, 0.000, 0, 0, 0.768558, 1.000000, 9670, 0, 0, 0, 0, 0, 7, 0
1776616057, 0, 50, 761, 760, 0, 7.88%, 0, 0, 2, 5.38, 16, 110, 0, 370, 103260, 38733, 0, 0.000, 0, 0, 0.768999, 0.713711, 9694, 0, 0, 0, 0, 0, 7, 0
1776616062, 0, 50, 763, 762, 0, 7.88%, 0, 0, 2, 5.78, 16, 110, 0, 370, 103260, 38733, 0, 0.000, 0, 0, 0.769237, 1.000000, 9707, 0, 0, 0, 0, 0, 7, 0
1776616067, 0, 50, 764, 763, 0, 7.88%, 0, 0, 2, 5.95, 16, 110, 0, 370, 103260, 38733, 0, 0.000, 0, 0, 0.769511, 1.000000, 9722, 0, 0, 0, 0, 0, 7, 0
1776616073, 0, 50, 764, 763, 0, 7.88%, 0, 0, 2, 5.63, 16, 110, 0, 370, 103260, 38733, 0, 0.000, 0, 0, 0.769912, 1.000000, 9744, 0, 0, 0, 0, 0, 7, 0
1776616078, 0, 50, 764, 763, 0, 7.88%, 0, 0, 2, 5.69, 16, 110, 0, 370, 103260, 38733, 0, 0.000, 0, 0, 0.770474, 1.000000, 9775, 0, 0, 0, 0, 0, 7, 0
1776616083, 0, 50, 765, 764, 0, 7.88%, 0, 0, 2, 5.66, 16, 110, 0, 370, 103260, 38733, 0, 0.000, 0, 0, 0.770799, 1.000000, 9793, 0, 0, 0, 0, 0, 7, 0
1776616088, 0, 50, 765, 764, 0, 7.88%, 0, 0, 2, 5.44, 16, 110, 0, 370, 103260, 38733, 0, 0.000, 0, 0, 0.771267, 1.000000, 9819, 0, 0, 0, 0, 0, 7, 0
1776616093, 0, 50, 765, 764, 0, 7.88%, 0, 0, 2, 5.44, 16, 110, 0, 370, 103260, 38733, 0, 0.000, 0, 0, 0.771787, 1.000000, 9848, 0, 0, 0, 0, 0, 7, 0
1776616098, 0, 50, 766, 765, 0, 7.88%, 0, 0, 2, 6.66, 16, 110, 0, 370, 103260, 38733, 0, 0.000, 0, 0, 0.772162, 0.806954, 9869, 0, 0, 0, 0, 0, 7, 0
1776616104, 0, 50, 766, 765, 0, 7.88%, 0, 0, 2, 6.13, 16, 110, 0, 370, 103260, 38733, 0, 0.000, 0, 0, 0.772642, 1.000000, 9896, 0, 0, 0, 0, 0, 7, 0
1776616109, 0, 50, 768, 767, 0, 7.88%, 0, 0, 2, 6.55, 16, 110, 0, 370, 103260, 38733, 0, 0.000, 0, 0, 0.772731, 1.000000, 9901, 0, 0, 0, 0, 0, 7, 0
1776616114, 0, 50, 768, 767, 0, 7.88%, 0, 0, 2, 6.21, 16, 110, 0, 370, 103260, 38733, 0, 0.000, 0, 0, 0.773279, 1.000000, 9932, 0, 0, 0, 0, 0, 7, 0
1776616119, 0, 50, 769, 768, 0, 7.88%, 0, 0, 2, 5.80, 16, 110, 0, 370, 103260, 38733, 0, 0.000, 0, 0, 0.773614, 1.000000, 9951, 0, 0, 0, 0, 0, 7, 0
1776616124, 0, 50, 770, 769, 0, 7.89%, 0, 0, 2, 5.87, 16, 110, 0, 370, 103260, 38733, 0, 0.000, 0, 0, 0.774001, 1.000000, 9973, 0, 0, 0, 0, 0, 7, 0
1776616129, 0, 50, 771, 770, 0, 7.89%, 0, 0, 2, 5.97, 16, 110, 0, 370, 103260, 38733, 0, 0.000, 0, 0, 0.774386, 1.000000, 9995, 0, 0, 0, 0, 0, 7, 0
1776616135, 0, 50, 771, 770, 0, 7.89%, 0, 0, 2, 5.47, 16, 110, 0, 370, 103260, 38733, 0, 0.000, 0, 0, 0.774840, 1.000000, 10021, 0, 0, 0, 0, 0, 7, 0
1776616140, 0, 50, 772, 771, 0, 7.89%, 0, 0, 2, 5.57, 16, 110, 0, 370, 103260, 38733, 0, 0.000, 0, 0, 0.775257, 0.713711, 10045, 0, 0, 0, 0, 0, 7, 0
1776616145, 0, 50, 772, 771, 0, 7.89%, 0, 0, 2, 0.66, 16, 110, 0, 370, 103260, 38733, 0, 0.000, 0, 0, 0.775568, 1.000000, 10063, 0, 0, 0, 0, 0, 7, 0
1776616150, 0, 50, 772, 771, 0, 7.89%, 0, 0, 2, 5.85, 16, 110, 0, 370, 103260, 38733, 0, 0.000, 0, 0, 0.776103, 1.000000, 10094, 0, 0, 0, 0, 0, 7, 0
1776616156, 0, 50, 773, 772, 0, 7.89%, 0, 0, 2, 5.54, 16, 110, 0, 370, 103260, 38733, 0, 0.000, 0, 0, 0.776430, 0.618617, 10113, 0, 0, 0, 0, 0, 7, 0
1776616161, 0, 50, 774, 773, 0, 7.89%, 0, 0, 2, 5.67, 16, 110, 0, 370, 103260, 38733, 0, 0.000, 0, 0, 0.776927, 1.000000, 10142, 0, 0, 0, 0, 0, 7, 0
1776616166, 0, 50, 775, 774, 0, 7.89%, 0, 0, 2, 5.30, 16, 110, 0, 370, 103260, 38733, 0, 0.000, 0, 0, 0.777200, 0.866761, 10158, 0, 0, 0, 0, 0, 7, 0
1776616171, 0, 50, 776, 775, 0, 7.89%, 0, 0, 2, 5.45, 16, 110, 0, 370, 103260, 38733, 0, 0.000, 0, 0, 0.777455, 1.000000, 10173, 0, 0, 0, 0, 0, 7, 0
1776616176, 0, 50, 777, 776, 0, 7.89%, 0, 0, 2, 6.06, 16, 110, 0, 370, 103260, 38733, 0, 0.000, 0, 0, 0.777744, 1.000000, 10190, 0, 0, 0, 0, 0, 7, 0
1776616181, 0, 50, 778, 777, 0, 7.89%, 0, 0, 2, 5.88, 16, 110, 0, 370, 103260, 38733, 0, 0.000, 0, 0, 0.778116, 1.000000, 10212, 0, 0, 0, 0, 0, 7, 0
1776616187, 0, 50, 779, 778, 0, 7.89%, 0, 0, 2, 3.48, 16, 110, 0, 370, 103260, 38733, 0, 0.000, 0, 0, 0.778353, 1.000000, 10226, 0, 0, 0, 0, 0, 7, 0
1776616192, 0, 50, 780, 779, 0, 7.89%, 0, 0, 2, 5.01, 16, 110, 0, 370, 103260, 38733, 0, 0.000, 0, 0, 0.778757, 0.766607, 10250, 0, 0, 0, 0, 0, 7, 0
1776616198, 0, 50, 781, 780, 0, 7.89%, 0, 0, 2, 5.63, 16, 110, 0, 370, 103260, 38733, 0, 0.000, 0, 0, 0.779126, 1.000000, 10272, 0, 0, 0, 0, 0, 7, 0
1776616203, 0, 50, 783, 782, 0, 7.89%, 0, 0, 2, 5.49, 16, 110, 0, 370, 103260, 38733, 0, 0.000, 0, 0, 0.779327, 0.678025, 10284, 0, 0, 0, 0, 0, 7, 0
1776616208, 0, 50, 785, 784, 0, 7.89%, 0, 0, 2, 5.73, 16, 110, 0, 370, 103260, 38733, 0, 0.000, 0, 0, 0.779528, 1.000000, 10296, 0, 0, 0, 0, 0, 7, 0
1776616213, 0, 50, 785, 784, 0, 7.89%, 0, 0, 2, 2.69, 16, 110, 0, 370, 103260, 38733, 0, 0.000, 0, 0, 0.779911, 1.000000, 10319, 0, 0, 0, 0, 0, 7, 0
1776616218, 0, 50, 786, 785, 0, 7.89%, 0, 0, 2, 4.71, 16, 110, 0, 370, 103260, 38733, 0, 0.000, 0, 0, 0.780276, 1.000000, 10341, 0, 0, 0, 0, 0, 7, 0
1776616223, 0, 50, 787, 786, 0, 7.89%, 0, 0, 2, 7.11, 16, 110, 0, 370, 103260, 38733, 0, 0.000, 0, 0, 0.780525, 1.000000, 10356, 0, 0, 0, 0, 0, 7, 0
1776616228, 0, 50, 788, 787, 0, 7.89%, 0, 0, 2, 6.02, 16, 110, 0, 370, 103260, 38733, 0, 0.000, 0, 0, 0.780871, 1.000000, 10377, 0, 0, 0, 0, 0, 7, 0
1776616233, 0, 50, 789, 788, 0, 7.89%, 0, 0, 2, 5.86, 16, 110, 0, 370, 103260, 38733, 0, 0.000, 0, 0, 0.781217, 0.713711, 10398, 0, 0, 0, 0, 0, 7, 0
1776616239, 0, 50, 790, 789, 0, 7.89%, 0, 0, 2, 5.76, 16, 110, 0, 370, 103260, 38733, 0, 0.000, 0, 0, 0.781529, 1.000000, 10417, 0, 0, 0, 0, 0, 7, 0
1776616244, 0, 50, 790, 789, 0, 7.89%, 0, 0, 2, 5.53, 16, 110, 0, 370, 103260, 38733, 0, 0.000, 0, 0, 0.781938, 1.000000, 10442, 0, 0, 0, 0, 0, 7, 0
1776616249, 0, 50, 791, 790, 0, 7.89%, 0, 0, 2, 1.05, 16, 110, 0, 370, 103260, 38733, 0, 0.000, 0, 0, 0.782378, 1.000000, 10469, 0, 0, 0, 0, 0, 7, 0
1776616254, 0, 50, 791, 790, 0, 7.89%, 0, 0, 2, 6.23, 16, 110, 0, 370, 103260, 38733, 0, 0.000, 0, 0, 0.782751, 1.000000, 10492, 0, 0, 0, 0, 0, 7, 0
1776616259, 0, 50, 793, 792, 0, 7.89%, 0, 0, 2, 7.35, 16, 110, 0, 370, 103260, 38733, 0, 0.000, 0, 0, 0.782930, 0.766607, 10503, 0, 0, 0, 0, 0, 7, 0
1776616265, 0, 50, 794, 793, 0, 7.89%, 0, 0, 2, 6.28, 16, 110, 0, 370, 103260, 38733, 0, 0.000, 0, 0, 0.783285, 0.766607, 10525, 0, 0, 0, 0, 0, 7, 0
1776616270, 0, 50, 794, 793, 0, 7.89%, 0, 0, 2, 5.65, 16, 110, 0, 370, 103260, 38733, 0, 0.000, 0, 0, 0.783623, 1.000000, 10546, 0, 0, 0, 0, 0, 7, 0
1776616275, 0, 50, 794, 793, 0, 7.89%, 0, 0, 2, 5.73, 16, 110, 0, 370, 103260, 38733, 0, 0.000, 0, 0, 0.784104, 1.000000, 10576, 0, 0, 0, 0, 0, 7, 0
1776616280, 0, 50, 795, 794, 0, 7.89%, 0, 0, 2, 5.37, 16, 110, 0, 370, 103260, 38733, 0, 0.000, 0, 0, 0.784376, 1.000000, 10593, 0, 0, 0, 0, 0, 7, 0
1776616285, 0, 50, 795, 794, 0, 7.89%, 0, 0, 2, 5.64, 16, 110, 0, 370, 103260, 38733, 0, 0.000, 0, 0, 0.784854, 1.000000, 10623, 0, 0, 0, 0, 0, 7, 0
1776616290, 0, 50, 796, 795, 0, 7.89%, 0, 0, 2, 6.02, 16, 110, 0, 370, 103260, 38733, 0, 0.000, 0, 0, 0.785124, 1.000000, 10640, 0, 0, 0, 0, 0, 7, 0
1776616295, 0, 50, 796, 795, 0, 7.89%, 0, 0, 2, 5.75, 16, 110, 0, 370, 103260, 38733, 0, 0.000, 0, 0, 0.785583, 1.000000, 10669, 0, 0, 0, 0, 0, 7, 0
1776616301, 0, 50, 797, 796, 0, 7.89%, 0, 0, 2, 5.52, 16, 110, 0, 370, 103260, 38733, 0, 0.000, 0, 0, 0.785788, 1.000000, 10682, 0, 0, 0, 0, 0, 7, 0
1776616306, 0, 50, 797, 796, 0, 7.89%, 0, 0, 2, 1.14, 16, 110, 0, 370, 103260, 38733, 0, 0.000, 0, 0, 0.786275, 1.000000, 10713, 0, 0, 0, 0, 0, 7, 0
1776616311, 0, 50, 797, 796, 0, 7.89%, 0, 0, 2, 4.25, 16, 110, 0, 370, 103260, 38733, 0, 0.000, 0, 0, 0.786729, 1.000000, 10742, 0, 0, 0, 0, 0, 7, 0
1776616317, 0, 50, 798, 797, 0, 7.89%, 0, 0, 2, 5.11, 16, 110, 0, 370, 103260, 38733, 0, 0.000, 0, 0, 0.787088, 0.713711, 10765, 0, 0, 0, 0, 0, 7, 0
1776616322, 0, 50, 799, 798, 0, 7.89%, 0, 0, 2, 5.41, 16, 110, 0, 370, 103260, 38733, 0, 0.000, 0, 0, 0.787368, 1.000000, 10783, 0, 0, 0, 0, 0, 7, 0
1776616327, 0, 50, 801, 800, 0, 7.90%, 0, 0, 2, 5.37, 16, 110, 0, 370, 103260, 38733, 0, 0.000, 0, 0, 0.787507, 1.000000, 10792, 0, 0, 0, 0, 0, 7, 0
1776616332, 0, 50, 802, 801, 0, 7.90%, 0, 0, 2, 5.50, 16, 110, 0, 370, 103260, 38733, 0, 0.000, 0, 0, 0.787848, 1.000000, 10814, 0, 0, 0, 0, 0, 7, 0
1776616337, 0, 50, 803, 802, 0, 7.90%, 0, 0, 2, 5.91, 16, 110, 0, 370, 103260, 38733, 0, 0.000, 0, 0, 0.788033, 1.000000, 10826, 0, 0, 0, 0, 0, 7, 0
1776616343, 0, 50, 803, 802, 0, 7.90%, 0, 0, 2, 5.63, 16, 110, 0, 370, 103260, 38733, 0, 0.000, 0, 0, 0.788480, 1.000000, 10855, 0, 0, 0, 0, 0, 7, 0
1776616348, 0, 50, 805, 804, 0, 7.90%, 0, 0, 2, 5.52, 16, 110, 0, 370, 103260, 38733, 0, 0.000, 0, 0, 0.788741, 0.950000, 10872, 0, 0, 0, 0, 0, 7, 0
1776616353, 0, 50, 806, 805, 0, 7.90%, 0, 0, 2, 5.77, 16, 110, 0, 370, 103260, 38733, 0, 0.000, 0, 0, 0.788986, 1.000000, 10888, 0, 0, 0, 0, 0, 7, 0
1776616358, 0, 50, 806, 805, 0, 7.90%, 0, 0, 2, 5.61, 16, 110, 0, 370, 103260, 38733, 0, 0.000, 0, 0, 0.789398, 1.000000, 10915, 0, 0, 0, 0, 0, 7, 0
1776616364, 0, 50, 807, 806, 0, 7.90%, 0, 0, 2, 0.98, 16, 110, 0, 370, 103260, 38733, 0, 0.000, 0, 0, 0.789793, 1.000000, 10941, 0, 0, 0, 0, 0, 7, 0
1776616369, 0, 50, 808, 807, 0, 7.90%, 0, 0, 2, 5.64, 16, 110, 0, 370, 103260, 38733, 0, 0.000, 0, 0, 0.789975, 1.000000, 10953, 0, 0, 0, 0, 0, 7, 0
1776616374, 0, 50, 809, 808, 0, 7.90%, 0, 0, 2, 0.66, 16, 110, 0, 370, 103260, 38733, 0, 0.000, 0, 0, 0.790307, 1.000000, 10975, 0, 0, 0, 0, 0, 7, 0
1776616379, 0, 50, 809, 808, 0, 7.90%, 0, 0, 2, 6.23, 16, 110, 0, 370, 103260, 38733, 0, 0.000, 0, 0, 0.790639, 1.000000, 10997, 0, 0, 0, 0, 0, 7, 0
1776616384, 0, 50, 809, 808, 0, 7.90%, 0, 0, 2, 5.65, 16, 110, 0, 370, 103260, 38733, 0, 0.000, 0, 0, 0.791045, 1.000000, 11024, 0, 0, 0, 0, 0, 7, 0
1776616390, 0, 50, 810, 809, 0, 7.90%, 0, 0, 2, 5.65, 16, 110, 0, 370, 103260, 38733, 0, 0.000, 0, 0, 0.791374, 1.000000, 11046, 0, 0, 0, 0, 0, 7, 0
1776616395, 0, 50, 812, 811, 0, 7.90%, 0, 0, 2, 5.51, 16, 110, 0, 370, 103260, 38733, 0, 0.000, 0, 0, 0.791613, 0.866761, 11062, 0, 0, 0, 0, 0, 7, 0
1776616400, 0, 50, 813, 812, 0, 7.90%, 0, 0, 2, 5.73, 16, 110, 0, 370, 103260, 38733, 0, 0.000, 0, 0, 0.791955, 0.866761, 11085, 0, 0, 0, 0, 0, 7, 0
1776616405, 0, 50, 814, 813, 0, 7.90%, 0, 0, 2, 5.60, 16, 110, 0, 370, 103260, 38733, 0, 0.000, 0, 0, 0.792119, 1.000000, 11096, 0, 0, 0, 0, 0, 7, 0
1776616410, 0, 50, 814, 813, 0, 7.90%, 0, 0, 2, 5.63, 16, 110, 0, 370, 103260, 38733, 0, 0.000, 0, 0, 0.792563, 1.000000, 11126, 0, 0, 0, 0, 0, 7, 0
1776616415, 0, 50, 814, 813, 0, 7.90%, 0, 0, 2, 5.30, 16, 110, 0, 370, 103260, 38733, 0, 0.000, 0, 0, 0.792888, 1.000000, 11148, 0, 0, 0, 0, 0, 7, 0
1776616421, 0, 50, 816, 815, 0, 7.90%, 0, 0, 2, 5.20, 16, 110, 0, 370, 103260, 38733, 0, 0.000, 0, 0, 0.793197, 1.000000, 11169, 0, 0, 0, 0, 0, 7, 0
1776616426, 0, 50, 816, 815, 0, 7.90%, 0, 0, 2, 5.63, 16, 110, 0, 370, 103260, 38733, 0, 0.000, 0, 0, 0.793534, 1.000000, 11192, 0, 0, 0, 0, 0, 7, 0
1776616431, 0, 50, 816, 815, 0, 7.90%, 0, 0, 2, 5.22, 16, 110, 0, 370, 103260, 38733, 0, 0.000, 0, 0, 0.793899, 1.000000, 11217, 0, 0, 0, 0, 0, 7, 0
1776616437, 0, 50, 816, 815, 0, 7.90%, 0, 0, 2, 5.63, 16, 110, 0, 370, 103260, 38733, 0, 0.000, 0, 0, 0.794336, 1.000000, 11247, 0, 0, 0, 0, 0, 7, 0
1776616442, 0, 50, 818, 817, 0, 7.90%, 0, 0, 2, 2.53, 16, 110, 0, 370, 103260, 38733, 0, 0.000, 0, 0, 0.794452, 1.000000, 11255, 0, 0, 0, 0, 0, 7, 0
1776616447, 0, 50, 819, 818, 0, 7.90%, 0, 0, 2, 4.98, 16, 110, 0, 370, 103260, 38733, 0, 0.000, 0, 0, 0.794814, 0.678025, 11280, 0, 0, 0, 0, 0, 7, 0
1776616452, 0, 50, 819, 818, 0, 7.90%, 0, 0, 2, 5.25, 16, 110, 0, 370, 103260, 38733, 0, 0.000, 0, 0, 0.795117, 1.000000, 11301, 0, 0, 0, 0, 0, 7, 0
1776616457, 0, 50, 820, 819, 0, 7.90%, 0, 0, 2, 5.91, 16, 110, 0, 370, 103260, 38733, 0, 0.000, 0, 0, 0.795448, 1.000000, 11324, 0, 0, 0, 0, 0, 7, 0
1776616463, 0, 50, 820, 819, 0, 7.90%, 0, 0, 2, 5.80, 16, 110, 0, 370, 103260, 38733, 0, 0.000, 0, 0, 0.795850, 1.000000, 11352, 0, 0, 0, 0, 0, 7, 0
1776616468, 0, 50, 821, 820, 0, 7.90%, 0, 0, 2, 5.74, 16, 110, 0, 370, 103260, 38733, 0, 0.000, 0, 0, 0.796150, 0.618617, 11373, 0, 0, 0, 0, 0, 7, 0
1776616473, 0, 50, 821, 820, 0, 7.90%, 0, 0, 2, 5.60, 16, 110, 0, 370, 103260, 38733, 0, 0.000, 0, 0, 0.796563, 1.000000, 11402, 0, 0, 0, 0, 0, 7, 0
1776616478, 0, 50, 822, 821, 0, 7.90%, 0, 0, 2, 6.29, 16, 110, 0, 370, 103260, 38733, 0, 0.000, 0, 0, 0.796832, 0.664465, 11421, 0, 0, 0, 0, 0, 7, 0
1776616483, 0, 50, 822, 821, 0, 7.90%, 0, 0, 2, 6.04, 16, 110, 0, 370, 103260, 38733, 0, 0.000, 0, 0, 0.797229, 1.000000, 11449, 0, 0, 0, 0, 0, 7, 0
1776616488, 0, 50, 823, 822, 0, 7.90%, 0, 0, 2, 5.34, 16, 110, 0, 370, 103260, 38733, 0, 0.000, 0, 0, 0.797426, 0.678025, 11463, 0, 0, 0, 0, 0, 7, 0
1776616493, 0, 50, 823, 822, 0, 7.90%, 0, 0, 2, 5.58, 16, 110, 0, 370, 103260, 38733, 0, 0.000, 0, 0, 0.797806, 1.000000, 11490, 0, 0, 0, 0, 0, 7, 0
1776616498, 0, 50, 823, 822, 0, 7.90%, 0, 0, 2, 2.65, 16, 110, 0, 370, 103260, 38733, 0, 0.000, 0, 0, 0.798170, 1.000000, 11516, 0, 0, 0, 0, 0, 7, 0
1776616503, 0, 50, 823, 822, 0, 7.90%, 0, 0, 2, 4.92, 16, 110, 0, 370, 103260, 38733, 0, 0.000, 0, 0, 0.798589, 1.000000, 11546, 0, 0, 0, 0, 0, 7, 0
1776616508, 0, 50, 824, 823, 0, 7.90%, 0, 0, 2, 5.29, 16, 110, 0, 370, 103260, 38733, 0, 0.000, 0, 0, 0.798839, 1.000000, 11564, 0, 0, 0, 0, 0, 7, 0
1776616513, 0, 50, 824, 823, 0, 7.90%, 0, 0, 2, 5.45, 16, 110, 0, 370, 103260, 38733, 0, 0.000, 0, 0, 0.799228, 1.000000, 11592, 0, 0, 0, 0, 0, 7, 0
1776616518, 0, 50, 825, 824, 0, 7.90%, 0, 0, 2, 5.78, 16, 110, 0, 370, 103260, 38733, 0, 0.000, 0, 0, 0.799449, 1.000000, 11608, 0, 0, 0, 0, 0, 7, 0
1776616523, 0, 50, 825, 824, 0, 7.90%, 0, 0, 2, 5.62, 16, 110, 0, 370, 103260, 38733, 0, 0.000, 0, 0, 0.799849, 1.000000, 11637, 0, 0, 0, 0, 0, 7, 0
1776616529, 0, 50, 825, 824, 0, 7.90%, 0, 0, 2, 5.31, 16, 110, 0, 370, 103260, 38733, 0, 0.000, 0, 0, 0.800137, 1.000000, 11658, 0, 0, 0, 0, 0, 7, 0
1776616534, 0, 50, 826, 825, 0, 7.90%, 0, 0, 2, 5.74, 16, 110, 0, 370, 103260, 38733, 0, 0.000, 0, 0, 0.800439, 1.000000, 11680, 0, 0, 0, 0, 0, 7, 0
1776616539, 0, 50, 826, 825, 0, 7.90%, 0, 0, 2, 5.64, 16, 110, 0, 370, 103260, 38733, 0, 0.000, 0, 0, 0.800766, 1.000000, 11704, 0, 0, 0, 0, 0, 7, 0
1776616544, 0, 50, 826, 825, 0, 7.90%, 0, 0, 2, 5.67, 16, 110, 0, 370, 103260, 38733, 0, 0.000, 0, 0, 0.801134, 1.000000, 11731, 0, 0, 0, 0, 0, 7, 0
1776616549, 0, 50, 826, 825, 0, 7.90%, 0, 0, 2, 5.77, 16, 110, 0, 370, 103260, 38733, 0, 0.000, 0, 0, 0.801540, 1.000000, 11761, 0, 0, 0, 0, 0, 7, 0
1776616554, 0, 50, 827, 826, 0, 7.90%, 0, 0, 2, 6.71, 16, 110, 0, 370, 103260, 38733, 0, 0.000, 0, 0, 0.801810, 0.618617, 11781, 0, 0, 0, 0, 0, 7, 0
1776616559, 0, 50, 828, 827, 0, 7.90%, 0, 0, 2, 6.32, 16, 110, 0, 370, 103260, 38733, 0, 0.000, 0, 0, 0.802120, 1.000000, 11804, 0, 0, 0, 0, 0, 7, 0
1776616564, 0, 50, 828, 827, 0, 7.90%, 0, 0, 2, 2.35, 16, 110, 0, 370, 103260, 38733, 0, 0.000, 0, 0, 0.802389, 1.000000, 11824, 0, 0, 0, 0, 0, 7, 0
1776616570, 0, 50, 829, 828, 0, 7.91%, 0, 0, 2, 4.67, 16, 110, 0, 370, 103260, 38733, 0, 0.000, 0, 0, 0.802683, 1.000000, 11846, 0, 0, 0, 0, 0, 7, 0
1776616575, 0, 50, 830, 829, 0, 7.91%, 0, 0, 2, 5.60, 16, 110, 0, 370, 103260, 38733, 0, 0.000, 0, 0, 0.802950, 1.000000, 11866, 0, 0, 0, 0, 0, 7, 0
1776616580, 0, 50, 830, 829, 0, 7.91%, 0, 0, 2, 5.49, 16, 110, 0, 370, 103260, 38733, 0, 0.000, 0, 0, 0.803323, 1.000000, 11894, 0, 0, 0, 0, 0, 7, 0
1776616585, 0, 50, 830, 829, 0, 7.91%, 0, 0, 2, 5.41, 16, 110, 0, 370, 103260, 38733, 0, 0.000, 0, 0, 0.803668, 1.000000, 11920, 0, 0, 0, 0, 0, 7, 0
1776616591, 0, 50, 831, 830, 0, 7.91%, 0, 0, 2, 1.05, 16, 110, 0, 370, 103260, 38733, 0, 0.000, 0, 0, 0.803945, 1.000000, 11941, 0, 0, 0, 0, 0, 7, 0
1776616596, 0, 50, 831, 830, 0, 7.91%, 0, 0, 2, 4.12, 16, 110, 0, 370, 103260, 38733, 0, 0.000, 0, 0, 0.804327, 1.000000, 11970, 0, 0, 0, 0, 0, 7, 0
1776616601, 0, 50, 832, 831, 0, 7.91%, 0, 0, 2, 4.81, 16, 110, 0, 370, 103260, 38733, 0, 0.000, 0, 0, 0.804551, 0.713711, 11987, 0, 0, 0, 0, 0, 7, 0
1776616606, 0, 50, 832, 831, 0, 7.91%, 0, 0, 2, 5.44, 16, 110, 0, 370, 103260, 38733, 0, 0.000, 0, 0, 0.804904, 1.000000, 12014, 0, 0, 0, 0, 0, 7, 0
1776616611, 0, 50, 833, 832, 0, 7.91%, 0, 0, 2, 5.30, 16, 110, 0, 370, 103260, 38733, 0, 0.000, 0, 0, 0.805152, 0.664465, 12033, 0, 0, 0, 0, 0, 7, 0
1776616616, 0, 50, 835, 834, 0, 7.91%, 0, 0, 2, 5.86, 16, 110, 0, 370, 103260, 38733, 0, 0.000, 0, 0, 0.805413, 0.931000, 12053, 0, 0, 0, 0, 0, 7, 0
1776616621, 0, 50, 835, 834, 0, 7.91%, 0, 0, 2, 5.53, 16, 110, 0, 370, 103260, 38733, 0, 0.000, 0, 0, 0.805659, 1.000000, 12072, 0, 0, 0, 0, 0, 7, 0
1776616626, 0, 50, 835, 834, 0, 7.91%, 0, 0, 2, 5.83, 16, 110, 0, 370, 103260, 38733, 0, 0.000, 0, 0, 0.806048, 1.000000, 12102, 0, 0, 0, 0, 0, 7, 0
1776616632, 0, 50, 836, 835, 0, 7.91%, 0, 0, 2, 8.36, 16, 110, 0, 370, 103260, 38733, 0, 0.000, 0, 0, 0.806293, 1.000000, 12121, 0, 0, 0, 0, 0, 7, 0
1776616638, 0, 50, 836, 835, 0, 7.91%, 0, 0, 2, 0.66, 16, 110, 0, 370, 103260, 38733, 0, 0.000, 0, 0, 0.806679, 1.000000, 12151, 0, 0, 0, 0, 0, 7, 0
1776616643, 0, 50, 836, 835, 0, 7.91%, 0, 0, 2, 5.36, 16, 110, 0, 370, 103260, 38733, 0, 0.000, 0, 0, 0.807076, 1.000000, 12182, 0, 0, 0, 0, 0, 7, 0
1776616649, 0, 50, 837, 836, 0, 7.91%, 0, 0, 2, 5.41, 16, 110, 0, 370, 103260, 38733, 0, 0.000, 0, 0, 0.807318, 0.618617, 12201, 0, 0, 0, 0, 0, 7, 0
1776616654, 0, 50, 837, 836, 0, 7.91%, 0, 0, 2, 5.86, 16, 110, 0, 370, 103260, 38733, 0, 0.000, 0, 0, 0.807700, 1.000000, 12231, 0, 0, 0, 0, 0, 7, 0
1776616659, 0, 50, 837, 836, 0, 7.91%, 0, 0, 2, 5.84, 16, 110, 0, 370, 103260, 38733, 0, 0.000, 0, 0, 0.808067, 1.000000, 12260, 0, 0, 0, 0, 0, 7, 0
1776616664, 0, 50, 838, 837, 0, 7.91%, 0, 0, 2, 5.55, 16, 110, 0, 370, 103260, 38733, 0, 0.000, 0, 0, 0.808320, 1.000000, 12280, 0, 0, 0, 0, 0, 7, 0
1776616669, 0, 50, 838, 837, 0, 7.91%, 0, 0, 2, 6.54, 16, 110, 0, 370, 103260, 38733, 0, 0.000, 0, 0, 0.808660, 1.000000, 12307, 0, 0, 0, 0, 0, 7, 0
1776616675, 0, 50, 838, 837, 0, 7.91%, 0, 0, 2, 0.66, 16, 110, 0, 370, 103260, 38733, 0, 0.000, 0, 0, 0.809012, 1.000000, 12335, 0, 0, 0, 0, 0, 7, 0
1776616681, 0, 50, 838, 837, 0, 7.91%, 0, 0, 2, 5.35, 16, 110, 0, 370, 103260, 38733, 0, 0.000, 0, 0, 0.809374, 1.000000, 12364, 0, 0, 0, 0, 0, 7, 0
1776616686, 0, 50, 838, 837, 0, 7.91%, 0, 0, 2, 5.42, 16, 110, 0, 370, 103260, 38733, 0, 0.000, 0, 0, 0.809698, 1.000000, 12390, 0, 0, 0, 0, 0, 7, 0
1776616691, 0, 50, 838, 837, 0, 7.91%, 0, 0, 2, 5.67, 16, 110, 0, 370, 103260, 38733, 0, 0.000, 0, 0, 0.810070, 1.000000, 12420, 0, 0, 0, 0, 0, 7, 0
1776616696, 0, 50, 840, 839, 0, 7.91%, 0, 0, 2, 5.46, 16, 110, 0, 370, 103260, 38733, 0, 0.000, 0, 0, 0.810293, 1.000000, 12438, 0, 0, 0, 0, 0, 7, 0
1776616701, 0, 50, 840, 839, 0, 7.91%, 0, 0, 2, 5.61, 16, 110, 0, 370, 103260, 38733, 0, 0.000, 0, 0, 0.810565, 1.000000, 12460, 0, 0, 0, 0, 0, 7, 0
1776616706, 0, 50, 840, 839, 0, 7.91%, 0, 0, 2, 5.59, 16, 110, 0, 370, 103260, 38733, 0, 0.000, 0, 0, 0.810860, 1.000000, 12484, 0, 0, 0, 0, 0, 7, 0
1776616712, 0, 50, 841, 840, 0, 7.91%, 0, 0, 2, 5.71, 16, 110, 0, 370, 103260, 38733, 0, 0.000, 0, 0, 0.811216, 0.931000, 12513, 0, 0, 0, 0, 0, 7, 0
1776616717, 0, 50, 841, 840, 0, 7.91%, 0, 0, 2, 6.95, 16, 110, 0, 370, 103260, 38733, 0, 0.000, 0, 0, 0.811411, 1.000000, 12529, 0, 0, 0, 0, 0, 7, 0
1776616722, 0, 50, 842, 841, 0, 7.91%, 0, 0, 2, 6.50, 16, 110, 0, 370, 103260, 38733, 0, 0.000, 0, 0, 0.811692, 1.000000, 12552, 0, 0, 0, 0, 0, 7, 0
1776616727, 0, 50, 842, 841, 0, 7.91%, 0, 0, 2, 3.77, 16, 110, 0, 370, 103260, 38733, 0, 0.000, 0, 0, 0.811983, 1.000000, 12576, 0, 0, 0, 0, 0, 7, 0
1776616732, 0, 50, 843, 842, 0, 7.91%, 0, 0, 2, 4.80, 16, 110, 0, 370, 103260, 38733, 0, 0.000, 0, 0, 0.812214, 1.000000, 12595, 0, 0, 0, 0, 0, 7, 0
1776616737, 0, 50, 843, 842, 0, 7.91%, 0, 0, 2, 5.36, 16, 110, 0, 370, 103260, 38733, 0, 0.000, 0, 0, 0.812564, 1.000000, 12624, 0, 0, 0, 0, 0, 7, 0
1776616742, 0, 50, 843, 842, 0, 7.91%, 0, 0, 2, 6.71, 16, 110, 0, 370, 103260, 38733, 0, 0.000, 0, 0, 0.812853, 1.000000, 12648, 0, 0, 0, 0, 0, 7, 0
1776616748, 0, 50, 843, 842, 0, 7.91%, 0, 0, 2, 6.29, 16, 110, 0, 370, 103260, 38733, 0, 0.000, 0, 0, 0.813226, 1.000000, 12679, 0, 0, 0, 0, 0, 7, 0
1776616753, 0, 50, 843, 842, 0, 7.91%, 0, 0, 2, 6.67, 16, 110, 0, 370, 103260, 38733, 0, 0.000, 0, 0, 0.813513, 1.000000, 12703, 0, 0, 0, 0, 0, 7, 0
1776616758, 0, 50, 843, 842, 0, 7.91%, 0, 0, 2, 6.14, 16, 110, 0, 370, 103260, 38733, 0, 0.000, 0, 0, 0.813870, 1.000000, 12733, 0, 0, 0, 0, 0, 7, 0
1776616763, 0, 50, 843, 842, 0, 7.91%, 0, 0, 2, 5.97, 16, 110, 0, 370, 103260, 38733, 0, 0.000, 0, 0, 0.814191, 1.000000, 12760, 0, 0, 0, 0, 0, 7, 0
1776616768, 0, 50, 843, 842, 0, 7.91%, 0, 0, 2, 5.84, 16, 110, 0, 370, 103260, 38733, 0, 0.000, 0, 0, 0.814546, 1.000000, 12790, 0, 0, 0, 0, 0, 8, 0
1776616773, 0, 50, 843, 842, 0, 7.91%, 0, 0, 2, 5.47, 16, 110, 0, 370, 103260, 38733, 0, 0.000, 0, 0, 0.814852, 1.000000, 12816, 0, 0, 0, 0, 0, 8, 0
1776616779, 1, 1, 845, 843, 25, 7.91%, 0, 0, 2, 0.98, 16, 110, 0, 370, 103260, 38733, 0, 0.000, 0, 0, 0.815099, 1.000000, 12837, 0, 0, 0, 0, 0, 8, 0
1776616784, 1, 1, 845, 843, 25, 7.91%, 0, 0, 2, 6.00, 16, 110, 0, 370, 103260, 38733, 0, 0.000, 0, 0, 0.815381, 1.000000, 12861, 0, 0, 0, 0, 0, 8, 0
1776616789, 1, 1, 846, 844, 25, 7.91%, 0, 0, 2, 5.07, 16, 110, 0, 370, 103260, 38733, 0, 0.000, 0, 0, 0.815568, 1.000000, 12877, 0, 0, 0, 0, 0, 8, 0
1776616795, 1, 1, 847, 845, 25, 7.91%, 0, 0, 2, 5.24, 16, 110, 0, 370, 103260, 38733, 0, 0.000, 0, 0, 0.815789, 1.000000, 12896, 0, 0, 0, 0, 0, 8, 0
1776616800, 1, 1, 849, 847, 25, 7.93%, 0, 0, 2, 5.40, 16, 110, 0, 370, 103260, 38733, 0, 0.000, 0, 0, 0.815941, 0.713711, 12909, 0, 0, 0, 0, 0, 8, 0
1776616805, 1, 1, 850, 848, 25, 7.93%, 0, 0, 2, 5.79, 16, 110, 0, 370, 103260, 38733, 0, 0.000, 0, 0, 0.816162, 1.000000, 12928, 0, 0, 0, 0, 0, 8, 0
1776616810, 1, 1, 851, 849, 25, 7.93%, 0, 0, 2, 6.07, 16, 110, 0, 370, 103260, 38733, 0, 0.000, 0, 0, 0.816428, 1.000000, 12951, 0, 0, 0, 0, 0, 8, 0
1776616816, 1, 1, 852, 850, 25, 7.93%, 0, 0, 2, 5.65, 16, 110, 0, 370, 103260, 38733, 0, 0.000, 0, 0, 0.816775, 1.000000, 12981, 0, 0, 0, 0, 0, 8, 0
1776616821, 1, 1, 852, 850, 25, 7.93%, 0, 0, 2, 6.22, 16, 110, 0, 370, 103260, 38733, 0, 0.000, 0, 0, 0.817062, 1.000000, 13006, 0, 0, 0, 0, 0, 8, 0
1776616826, 1, 1, 854, 852, 25, 7.93%, 0, 0, 2, 2.13, 16, 110, 0, 370, 103260, 38733, 0, 0.000, 0, 0, 0.817166, 0.931000, 13015, 0, 0, 0, 0, 0, 8, 0
1776616831, 1, 1, 855, 853, 25, 7.93%, 0, 0, 2, 4.41, 16, 110, 0, 370, 103260, 38733, 0, 0.000, 0, 0, 0.817407, 1.000000, 13036, 0, 0, 0, 0, 0, 8, 0
1776616836, 1, 1, 856, 854, 25, 7.93%, 0, 0, 2, 5.07, 16, 110, 0, 370, 103260, 38733, 0, 0.000, 0, 0, 0.817647, 0.713711, 13057, 0, 0, 0, 0, 0, 8, 0
1776616841, 1, 1, 856, 854, 25, 7.93%, 0, 0, 2, 6.00, 16, 110, 0, 370, 103260, 38733, 0, 0.000, 0, 0, 0.817977, 1.000000, 13086, 0, 0, 0, 0, 0, 8, 0
1776616847, 1, 1, 857, 855, 25, 7.93%, 0, 0, 2, 5.84, 16, 110, 0, 370, 103260, 38733, 0, 0.000, 0, 0, 0.818205, 1.000000, 13106, 0, 0, 0, 0, 0, 8, 0
1776616852, 1, 1, 859, 857, 25, 7.94%, 0, 0, 2, 5.61, 16, 110, 0, 370, 103260, 38733, 0, 0.000, 0, 0, 0.818420, 1.000000, 13125, 0, 0, 0, 0, 0, 8, 0
1776616857, 1, 1, 859, 857, 25, 7.94%, 0, 0, 2, 6.21, 16, 110, 0, 370, 103260, 38733, 0, 0.000, 0, 0, 0.818680, 1.000000, 13148, 0, 0, 0, 0, 0, 8, 0
1776616862, 1, 1, 859, 857, 25, 7.94%, 0, 0, 2, 9.38, 16, 110, 0, 370, 103260, 38733, 0, 0.000, 0, 0, 0.818973, 1.000000, 13174, 0, 0, 0, 0, 0, 8, 0
1776616868, 1, 1, 859, 857, 25, 7.94%, 0, 0, 2, 7.25, 16, 110, 0, 370, 103260, 38733, 0, 0.000, 0, 0, 0.819332, 1.000000, 13206, 0, 0, 0, 0, 0, 8, 0
1776616873, 1, 1, 860, 858, 25, 7.94%, 0, 0, 2, 6.25, 16, 110, 0, 370, 103260, 38733, 0, 0.000, 0, 0, 0.819534, 1.000000, 13224, 0, 0, 0, 0, 0, 8, 0
1776616878, 1, 1, 861, 859, 25, 7.94%, 0, 0, 2, 6.16, 16, 110, 0, 370, 103260, 38733, 0, 0.000, 0, 0, 0.819780, 1.000000, 13246, 0, 0, 0, 0, 0, 8, 0
1776616883, 1, 1, 862, 860, 25, 7.94%, 0, 0, 2, 5.73, 16, 110, 0, 370, 103260, 38733, 0, 0.000, 0, 0, 0.819980, 1.000000, 13264, 0, 0, 0, 0, 0, 8, 0
1776616888, 1, 1, 863, 861, 25, 7.94%, 0, 0, 2, 1.09, 16, 110, 0, 370, 103260, 38733, 0, 0.000, 0, 0, 0.820258, 0.766607, 13289, 0, 0, 0, 0, 0, 8, 0
1776616893, 1, 1, 863, 861, 25, 7.94%, 0, 0, 2, 6.00, 16, 110, 0, 370, 103260, 38733, 0, 0.000, 0, 0, 0.820568, 1.000000, 13317, 0, 0, 0, 0, 0, 8, 0
1776616898, 1, 1, 865, 863, 25, 7.94%, 0, 0, 2, 1.38, 16, 110, 0, 370, 103260, 38733, 0, 0.000, 0, 0, 0.820679, 0.884450, 13327, 0, 0, 0, 0, 0, 8, 0
1776616904, 1, 1, 866, 864, 25, 7.94%, 0, 0, 2, 4.78, 16, 111, 0, 370, 103260, 38733, 0, 0.000, 0, 0, 0.820888, 1.000000, 13346, 0, 0, 0, 0, 0, 8, 0
1776616909, 1, 1, 867, 865, 25, 7.94%, 0, 0, 2, 5.38, 16, 111, 0, 370, 103260, 38733, 0, 0.000, 0, 0, 0.821130, 1.000000, 13368, 0, 0, 0, 0, 0, 8, 0
1776616914, 1, 1, 867, 865, 25, 7.94%, 0, 0, 2, 5.84, 16, 111, 0, 370, 103260, 38733, 0, 0.000, 0, 0, 0.821459, 1.000000, 13398, 0, 0, 0, 0, 0, 8, 0
1776616919, 1, 1, 867, 865, 25, 7.94%, 0, 0, 2, 6.23, 16, 111, 0, 370, 103260, 38733, 0, 0.000, 0, 0, 0.821776, 1.000000, 13427, 0, 0, 0, 0, 0, 8, 0
1776616925, 1, 1, 867, 865, 25, 7.94%, 0, 0, 2, 0.97, 16, 111, 0, 370, 103260, 38733, 0, 0.000, 0, 0, 0.822059, 1.000000, 13453, 0, 0, 0, 0, 0, 8, 0
1776616930, 1, 1, 867, 865, 25, 7.94%, 0, 0, 2, 6.63, 16, 111, 0, 370, 103260, 38733, 0, 0.000, 0, 0, 0.822439, 1.000000, 13488, 0, 0, 0, 0, 0, 8, 0
1776616935, 1, 1, 868, 866, 25, 7.94%, 0, 0, 2, 2.18, 16, 111, 0, 370, 103260, 38733, 0, 0.000, 0, 0, 0.822601, 0.631242, 13503, 0, 0, 0, 0, 0, 8, 0
1776616940, 1, 1, 869, 867, 25, 7.94%, 0, 0, 2, 4.75, 16, 111, 0, 370, 103260, 38733, 0, 0.000, 0, 0, 0.822839, 1.000000, 13525, 0, 0, 1, 0, 0, 8, 1
1776616946, 1, 1, 869, 867, 25, 7.94%, 0, 0, 2, 5.40, 16, 111, 0, 370, 103260, 38733, 0, 0.000, 0, 0, 0.823140, 1.000000, 13553, 0, 0, 1, 0, 0, 8, 1
1776616951, 1, 1, 869, 867, 25, 7.94%, 0, 0, 2, 5.50, 16, 111, 0, 370, 103260, 38733, 0, 0.000, 0, 0, 0.823462, 1.000000, 13583, 0, 0, 1, 0, 0, 8, 1
1776616956, 1, 1, 869, 867, 25, 7.94%, 0, 0, 2, 5.60, 16, 111, 0, 370, 103260, 38733, 0, 0.000, 0, 0, 0.823761, 1.000000, 13611, 0, 0, 1, 0, 0, 8, 1
1776616961, 1, 1, 871, 869, 25, 7.94%, 0, 0, 2, 6.19, 16, 111, 0, 370, 103260, 38733, 0, 0.000, 0, 0, 0.823953, 0.866761, 13629, 0, 0, 1, 1, 0, 8, 1
1776616966, 1, 1, 871, 869, 25, 7.94%, 0, 0, 2, 5.94, 16, 111, 0, 370, 103260, 38733, 0, 0.000, 0, 0, 0.824197, 1.000000, 13652, 0, 0, 1, 1, 0, 8, 1
1776616972, 1, 1, 872, 870, 25, 7.94%, 0, 0, 2, 5.54, 16, 111, 0, 370, 103260, 38733, 0, 0.000, 0, 0, 0.824398, 0.823423, 13671, 0, 0, 1, 1, 0, 8, 1
1776616977, 1, 1, 874, 872, 25, 7.94%, 0, 0, 2, 6.19, 16, 111, 0, 370, 103260, 38733, 0, 0.000, 0, 0, 0.824610, 1.000000, 13691, 0, 0, 1, 1, 0, 8, 1
1776616982, 1, 1, 874, 872, 25, 7.94%, 0, 0, 2, 5.96, 16, 111, 0, 370, 103260, 38733, 0, 0.000, 0, 0, 0.824821, 1.000000, 13711, 0, 0, 1, 1, 0, 8, 1
1776616987, 1, 1, 874, 872, 25, 7.94%, 0, 0, 2, 5.98, 16, 111, 0, 370, 103260, 38733, 0, 0.000, 0, 0, 0.825147, 1.000000, 13742, 0, 0, 1, 1, 0, 8, 1
1776616992, 1, 1, 875, 873, 25, 7.94%, 0, 0, 2, 5.72, 16, 111, 0, 370, 103260, 38733, 0, 0.000, 0, 0, 0.825336, 1.000000, 13760, 0, 0, 1, 1, 0, 8, 1
1776616998, 1, 1, 875, 873, 25, 7.94%, 0, 0, 2, 5.72, 16, 111, 0, 370, 103260, 38733, 0, 0.000, 0, 0, 0.825639, 1.000000, 13789, 0, 0, 1, 1, 0, 8, 1
1776617003, 1, 1, 876, 874, 25, 7.94%, 0, 0, 2, 5.91, 16, 111, 0, 370, 103260, 38733, 0, 0.000, 0, 0, 0.825869, 1.000000, 13811, 0, 0, 1, 1, 0, 8, 1
1776617008, 1, 1, 877, 875, 25, 7.94%, 0, 0, 2, 5.36, 16, 111, 0, 370, 103260, 38733, 0, 0.000, 0, 0, 0.826066, 1.000000, 13830, 0, 0, 1, 1, 0, 8, 1
1776617013, 1, 1, 877, 875, 25, 7.94%, 0, 0, 2, 6.23, 16, 111, 0, 370, 103260, 38733, 0, 0.000, 0, 0, 0.826367, 1.000000, 13859, 0, 0, 1, 1, 0, 8, 1
1776617018, 1, 1, 877, 875, 25, 7.94%, 0, 0, 2, 5.98, 16, 111, 0, 370, 103260, 38733, 0, 0.000, 0, 0, 0.826656, 1.000000, 13887, 0, 0, 1, 1, 0, 8, 1
1776617023, 1, 1, 877, 875, 25, 7.94%, 0, 0, 2, 6.15, 16, 111, 0, 370, 103260, 38733, 0, 0.000, 0, 0, 0.826965, 1.000000, 13917, 0, 0, 1, 1, 0, 8, 1
1776617028, 1, 1, 878, 876, 25, 7.95%, 0, 0, 2, 6.03, 16, 111, 0, 370, 103260, 38733, 0, 0.000, 0, 0, 0.827222, 0.823423, 13942, 0, 0, 1, 1, 0, 8, 1
1776617034, 1, 1, 878, 876, 25, 7.95%, 0, 0, 2, 5.57, 16, 111, 0, 370, 103260, 38733, 0, 0.000, 0, 0, 0.827457, 1.000000, 13965, 0, 0, 1, 1, 0, 8, 1
1776617039, 1, 1, 878, 876, 25, 7.95%, 0, 0, 2, 5.85, 16, 111, 0, 370, 103260, 38733, 0, 0.000, 0, 0, 0.827764, 1.000000, 13995, 0, 0, 1, 1, 0, 8, 1
1776617045, 1, 1, 879, 877, 25, 7.95%, 0, 0, 2, 5.54, 16, 111, 0, 370, 103260, 38733, 0, 0.000, 0, 0, 0.827967, 0.766607, 14015, 0, 0, 1, 1, 0, 8, 1
1776617050, 1, 1, 879, 877, 25, 7.95%, 0, 0, 2, 5.74, 16, 111, 0, 370, 103260, 38733, 0, 0.000, 0, 0, 0.828231, 1.000000, 14041, 0, 0, 1, 1, 0, 8, 1
1776617055, 1, 1, 880, 878, 25, 7.95%, 0, 0, 2, 5.90, 16, 111, 0, 370, 103260, 38733, 0, 0.000, 0, 0, 0.828504, 0.884450, 14068, 0, 0, 1, 1, 0, 8, 1
1776617060, 1, 1, 880, 878, 25, 7.95%, 0, 0, 2, 5.83, 16, 111, 0, 370, 103260, 38733, 0, 0.000, 0, 0, 0.828736, 1.000000, 14091, 0, 0, 1, 1, 0, 8, 1
1776617065, 1, 1, 881, 879, 25, 7.95%, 0, 0, 2, 6.19, 16, 111, 0, 370, 103260, 38733, 0, 0.000, 0, 0, 0.828957, 1.000000, 14113, 0, 0, 1, 1, 0, 8, 1
1776617071, 1, 1, 881, 879, 25, 7.95%, 0, 0, 2, 5.92, 16, 111, 0, 370, 103260, 38733, 0, 0.000, 0, 0, 0.829238, 1.000000, 14141, 0, 0, 1, 1, 0, 8, 1
1776617076, 1, 1, 881, 879, 25, 7.95%, 0, 0, 2, 6.00, 16, 111, 0, 370, 103260, 38733, 0, 0.000, 0, 0, 0.829558, 1.000000, 14173, 0, 0, 1, 1, 0, 8, 1
1776617081, 1, 1, 881, 879, 25, 7.95%, 0, 0, 2, 7.29, 16, 111, 0, 370, 103260, 38733, 0, 0.000, 0, 0, 0.829797, 1.000000, 14197, 0, 0, 1, 1, 0, 8, 1
1776617086, 1, 1, 881, 879, 25, 7.95%, 0, 0, 2, 6.33, 16, 111, 0, 370, 103260, 38733, 0, 0.000, 0, 0, 0.830105, 1.000000, 14228, 0, 0, 1, 1, 0, 8, 1
1776617091, 1, 1, 882, 880, 25, 7.95%, 0, 0, 2, 2.99, 16, 111, 0, 370, 103260, 38733, 0, 0.000, 0, 0, 0.830293, 1.000000, 14247, 0, 0, 1, 1, 0, 8, 1
1776617096, 1, 1, 883, 881, 25, 7.96%, 0, 0, 2, 5.34, 16, 111, 0, 370, 103260, 38733, 0, 0.000, 0, 0, 0.830530, 1.000000, 14271, 0, 0, 1, 1, 0, 8, 1
1776617102, 1, 1, 883, 881, 25, 7.96%, 0, 0, 2, 5.74, 16, 111, 0, 370, 103260, 38733, 0, 0.000, 0, 0, 0.830806, 1.000000, 14299, 0, 0, 1, 1, 0, 8, 1
1776617107, 1, 1, 883, 881, 25, 7.96%, 0, 0, 2, 5.22, 16, 111, 0, 370, 103260, 38733, 0, 0.000, 0, 0, 0.831081, 1.000000, 14327, 0, 0, 1, 1, 0, 8, 1
1776617112, 1, 1, 884, 882, 25, 7.96%, 0, 0, 2, 5.50, 16, 111, 0, 370, 103260, 38733, 0, 0.000, 0, 0, 0.831286, 1.000000, 14348, 0, 0, 1, 1, 0, 8, 1
1776617117, 1, 1, 884, 882, 25, 7.96%, 0, 0, 2, 5.30, 16, 111, 0, 370, 103260, 38733, 0, 0.000, 0, 0, 0.831491, 1.000000, 14369, 0, 0, 1, 1, 0, 8, 1
1776617122, 1, 1, 885, 883, 25, 7.96%, 0, 0, 2, 6.14, 16, 111, 0, 370, 103260, 38733, 0, 0.000, 0, 0, 0.831744, 1.000000, 14395, 0, 0, 1, 1, 0, 8, 1
1776617127, 1, 1, 885, 883, 25, 7.96%, 0, 0, 2, 5.89, 16, 111, 0, 370, 103260, 38733, 0, 0.000, 0, 0, 0.832006, 1.000000, 14422, 0, 0, 1, 1, 0, 8, 1
1776617133, 1, 1, 885, 883, 25, 7.96%, 0, 0, 2, 5.85, 16, 111, 0, 370, 103260, 38733, 0, 0.000, 0, 0, 0.832297, 1.000000, 14452, 0, 0, 1, 1, 0, 8, 1
1776617138, 1, 1, 885, 883, 25, 7.96%, 0, 0, 2, 5.84, 16, 111, 0, 370, 103260, 38733, 0, 0.000, 0, 0, 0.832557, 1.000000, 14479, 0, 0, 1, 1, 0, 8, 1
1776617143, 1, 1, 886, 884, 25, 7.96%, 0, 0, 2, 0.99, 16, 111, 0, 370, 103260, 38733, 0, 0.000, 0, 0, 0.832769, 1.000000, 14501, 0, 0, 1, 1, 0, 8, 1
1776617148, 1, 1, 886, 884, 25, 7.96%, 0, 0, 2, 6.95, 16, 111, 0, 370, 103260, 38733, 0, 0.000, 0, 0, 0.833066, 1.000000, 14532, 0, 0, 1, 1, 0, 8, 1
1776617153, 1, 1, 887, 885, 25, 7.96%, 0, 0, 2, 4.95, 16, 111, 0, 370, 103260, 38733, 0, 0.000, 0, 0, 0.833247, 0.931000, 14551, 0, 0, 1, 1, 0, 8, 1
1776617159, 1, 1, 887, 885, 25, 7.96%, 0, 0, 2, 5.98, 16, 111, 0, 370, 103260, 38733, 0, 0.000, 0, 0, 0.833524, 1.000000, 14580, 0, 0, 1, 1, 0, 8, 1
1776617164, 1, 1, 888, 886, 25, 7.96%, 0, 0, 2, 5.98, 16, 112, 0, 370, 103260, 38733, 0, 0.000, 0, 0, 0.833705, 1.000000, 14599, 0, 0, 1, 1, 0, 8, 1
1776617169, 1, 1, 888, 886, 25, 7.96%, 0, 0, 2, 6.06, 16, 112, 0, 370, 103260, 38733, 0, 0.000, 0, 0, 0.833989, 1.000000, 14629, 0, 0, 1, 1, 0, 8, 1
1776617174, 1, 1, 889, 887, 25, 7.96%, 0, 0, 2, 5.97, 16, 112, 0, 370, 103260, 38733, 0, 0.000, 0, 0, 0.834169, 1.000000, 14648, 0, 0, 1, 1, 0, 8, 1
1776617180, 1, 1, 889, 887, 25, 7.96%, 0, 0, 2, 1.10, 16, 112, 0, 370, 103260, 38733, 0, 0.000, 0, 0, 0.834442, 1.000000, 14677, 0, 0, 1, 1, 0, 8, 1
1776617185, 1, 1, 891, 889, 25, 7.96%, 0, 0, 2, 5.77, 16, 112, 0, 370, 103260, 38733, 0, 0.000, 0, 0, 0.834611, 0.766607, 14695, 0, 0, 1, 1, 0, 8, 1
1776617190, 1, 1, 891, 889, 25, 7.96%, 0, 0, 2, 5.47, 16, 112, 0, 370, 103260, 38733, 0, 0.000, 0, 0, 0.834780, 1.000000, 14713, 0, 0, 1, 1, 0, 8, 1
1776617195, 1, 1, 892, 890, 25, 7.96%, 0, 0, 2, 5.88, 16, 112, 0, 370, 103260, 38733, 0, 0.000, 0, 0, 0.834995, 1.000000, 14736, 0, 0, 1, 1, 0, 8, 1
1776617200, 1, 1, 893, 891, 25, 7.96%, 0, 0, 2, 5.61, 16, 112, 0, 370, 103260, 38733, 0, 0.000, 0, 0, 0.835173, 1.000000, 14755, 0, 0, 1, 1, 0, 8, 1
1776617205, 1, 1, 894, 892, 25, 7.96%, 0, 0, 2, 6.03, 16, 112, 0, 370, 103260, 38733, 0, 0.000, 0, 0, 0.835397, 1.000000, 14779, 0, 0, 1, 1, 0, 8, 1
1776617211, 1, 1, 894, 892, 25, 7.96%, 0, 0, 2, 5.85, 16, 112, 0, 370, 103260, 38733, 0, 0.000, 0, 0, 0.835657, 1.000000, 14807, 0, 0, 1, 1, 0, 8, 1
1776617216, 1, 1, 895, 893, 25, 7.96%, 0, 0, 2, 5.91, 16, 112, 0, 370, 103260, 38733, 0, 0.000, 0, 0, 0.835860, 1.000000, 14829, 0, 0, 1, 1, 0, 8, 1
1776617221, 1, 1, 895, 893, 25, 7.96%, 0, 0, 2, 5.85, 16, 112, 0, 370, 103260, 38733, 0, 0.000, 0, 0, 0.836128, 1.000000, 14858, 0, 0, 1, 1, 0, 8, 1
1776617226, 1, 1, 896, 894, 25, 7.96%, 0, 0, 2, 5.64, 16, 112, 0, 370, 103260, 38733, 0, 0.000, 0, 0, 0.836340, 1.000000, 14881, 0, 0, 1, 1, 0, 8, 1
1776617232, 1, 1, 896, 894, 25, 7.96%, 0, 0, 2, 5.91, 16, 112, 0, 370, 103260, 38733, 0, 0.000, 0, 0, 0.836542, 1.000000, 14903, 0, 0, 1, 1, 0, 8, 1
1776617237, 1, 1, 897, 895, 25, 7.96%, 0, 0, 2, 6.90, 16, 112, 0, 370, 103260, 38733, 0, 0.000, 0, 0, 0.836707, 0.587686, 14921, 0, 0, 1, 1, 0, 8, 1
1776617242, 1, 1, 898, 896, 25, 7.96%, 0, 0, 2, 6.23, 16, 112, 0, 370, 103260, 38733, 0, 0.000, 0, 0, 0.836908, 1.000000, 14943, 0, 0, 1, 1, 0, 8, 1
1776617247, 1, 1, 899, 897, 25, 7.96%, 0, 0, 2, 5.78, 16, 112, 0, 370, 103260, 38733, 0, 0.000, 0, 0, 0.837064, 1.000000, 14960, 0, 0, 1, 1, 0, 8, 1
1776617252, 1, 1, 899, 897, 25, 7.96%, 0, 0, 2, 5.82, 16, 112, 0, 370, 103260, 38733, 0, 0.000, 0, 0, 0.837328, 1.000000, 14989, 0, 0, 1, 1, 0, 8, 1
1776617257, 1, 1, 899, 897, 25, 7.96%, 0, 0, 2, 5.48, 16, 112, 0, 370, 103260, 38733, 0, 0.000, 0, 0, 0.837545, 1.000000, 15013, 0, 0, 1, 1, 0, 8, 1
1776617262, 1, 1, 899, 897, 25, 7.96%, 0, 0, 2, 5.87, 16, 112, 0, 370, 103260, 38733, 0, 0.000, 0, 0, 0.837844, 1.000000, 15046, 0, 0, 1, 1, 0, 8, 1
1776617268, 1, 1, 900, 898, 25, 7.96%, 0, 0, 2, 5.17, 16, 112, 0, 370, 103260, 38733, 0, 0.000, 0, 0, 0.838015, 0.806954, 15065, 0, 0, 1, 1, 0, 8, 1
1776617273, 1, 1, 901, 899, 25, 7.96%, 0, 0, 2, 5.30, 16, 112, 0, 370, 103260, 38733, 0, 0.000, 0, 0, 0.838141, 1.000000, 15079, 0, 0, 1, 1, 0, 8, 1
1776617278, 1, 1, 902, 900, 25, 7.96%, 0, 0, 2, 5.93, 16, 112, 0, 370, 103260, 38733, 0, 0.000, 0, 0, 0.838321, 1.000000, 15099, 0, 0, 1, 1, 0, 8, 1
1776617283, 1, 1, 904, 902, 25, 7.96%, 0, 0, 2, 5.52, 16, 112, 0, 370, 103260, 38733, 0, 0.000, 0, 0, 0.838465, 0.884450, 15115, 0, 0, 1, 1, 0, 8, 1
1776617288, 1, 1, 905, 903, 25, 7.96%, 0, 0, 2, 5.51, 16, 112, 0, 370, 103260, 38733, 0, 0.000, 0, 0, 0.838599, 1.000000, 15130, 0, 0, 1, 1, 0, 8, 1
1776617293, 1, 1, 906, 904, 25, 7.96%, 0, 0, 2, 6.43, 16, 112, 0, 370, 103260, 38733, 0, 0.000, 0, 0, 0.838786, 1.000000, 15151, 0, 0, 1, 1, 0, 8, 1
1776617298, 1, 1, 906, 904, 25, 7.96%, 0, 0, 2, 6.20, 16, 112, 0, 370, 103260, 38733, 0, 0.000, 0, 0, 0.839054, 1.000000, 15181, 0, 0, 1, 1, 0, 8, 1
1776617304, 1, 1, 906, 904, 25, 7.96%, 0, 0, 2, 2.92, 16, 112, 0, 370, 103260, 38733, 0, 0.000, 0, 0, 0.839258, 1.000000, 15204, 0, 0, 1, 1, 0, 8, 1
1776617309, 1, 1, 908, 906, 25, 7.96%, 0, 0, 2, 4.69, 16, 112, 0, 370, 103260, 38733, 0, 0.000, 0, 0, 0.839409, 0.806954, 15221, 0, 0, 1, 1, 0, 8, 1
1776617314, 1, 1, 909, 907, 25, 7.96%, 0, 0, 2, 5.08, 16, 112, 0, 370, 103260, 38733, 0, 0.000, 0, 0, 0.839515, 1.000000, 15233, 0, 0, 1, 1, 0, 8, 1
1776617319, 1, 1, 910, 908, 25, 7.96%, 0, 0, 2, 5.79, 16, 112, 0, 370, 103260, 38733, 0, 0.000, 0, 0, 0.839736, 0.664465, 15258, 0, 0, 1, 1, 0, 8, 1
1776617324, 1, 1, 911, 909, 25, 7.96%, 0, 0, 2, 6.26, 16, 112, 0, 370, 103260, 38733, 0, 0.000, 0, 0, 0.839912, 1.000000, 15278, 0, 0, 1, 1, 0, 8, 1
1776617329, 1, 1, 911, 909, 25, 7.96%, 0, 0, 2, 5.64, 16, 112, 0, 370, 103260, 38733, 0, 0.000, 0, 0, 0.840114, 1.000000, 15301, 0, 0, 1, 1, 0, 8, 1
1776617334, 1, 1, 913, 911, 25, 7.96%, 0, 0, 2, 6.19, 16, 112, 0, 370, 103260, 38733, 0, 0.000, 0, 0, 0.840255, 1.000000, 15317, 0, 0, 1, 1, 0, 8, 1
1776617339, 1, 1, 915, 913, 25, 7.96%, 0, 0, 2, 12.25, 16, 112, 0, 370, 103260, 38733, 0, 0.000, 0, 0, 0.840351, 0.664465, 15328, 0, 0, 1, 1, 0, 8, 1
1776617344, 1, 1, 917, 915, 25, 7.96%, 0, 0, 2, 8.13, 16, 112, 0, 370, 103260, 38733, 0, 0.000, 0, 0, 0.840465, 0.587686, 15341, 0, 0, 1, 1, 0, 8, 1
1776617350, 1, 1, 918, 916, 25, 7.96%, 0, 0, 2, 3.22, 16, 112, 0, 370, 103260, 38733, 0, 0.000, 0, 0, 0.840630, 1.000000, 15360, 0, 0, 1, 1, 0, 8, 1
1776617355, 1, 1, 921, 919, 25, 7.96%, 0, 0, 2, 4.86, 16, 112, 0, 370, 103260, 38733, 0, 0.000, 0, 0, 0.840735, 0.884450, 15372, 0, 0, 1, 1, 0, 8, 1
1776617360, 1, 1, 922, 920, 25, 7.96%, 0, 0, 2, 5.31, 16, 112, 0, 370, 103260, 38733, 0, 0.000, 0, 0, 0.840848, 1.000000, 15385, 0, 0, 1, 1, 0, 8, 1
1776617366, 1, 1, 923, 921, 25, 7.96%, 0, 0, 2, 5.24, 16, 112, 0, 370, 103260, 38733, 0, 0.000, 0, 0, 0.841022, 1.000000, 15405, 0, 0, 1, 1, 0, 8, 1
1776617371, 1, 1, 923, 921, 25, 7.96%, 0, 0, 2, 5.55, 16, 112, 0, 370, 103260, 38733, 0, 0.000, 0, 0, 0.841273, 1.000000, 15434, 0, 0, 1, 1, 0, 8, 1
1776617376, 1, 1, 924, 922, 25, 7.96%, 0, 0, 2, 6.76, 16, 112, 0, 370, 103260, 38733, 0, 0.000, 0, 0, 0.841429, 0.728276, 15452, 0, 0, 1, 1, 0, 8, 1
1776617381, 1, 1, 925, 923, 25, 7.96%, 0, 0, 2, 6.47, 16, 112, 0, 370, 103260, 38733, 0, 0.000, 0, 0, 0.841619, 1.000000, 15474, 0, 0, 1, 1, 0, 8, 1
1776617387, 1, 1, 926, 924, 25, 7.96%, 0, 0, 2, 5.83, 16, 112, 0, 370, 103260, 38733, 0, 0.000, 0, 0, 0.841782, 1.000000, 15493, 0, 0, 1, 1, 0, 8, 1
1776617392, 1, 1, 926, 924, 25, 7.96%, 0, 0, 2, 6.25, 16, 112, 0, 370, 103260, 38733, 0, 0.000, 0, 0, 0.842065, 1.000000, 15526, 0, 0, 1, 1, 0, 8, 1
1776617397, 1, 1, 927, 925, 25, 7.96%, 0, 0, 2, 5.87, 16, 112, 0, 370, 103260, 38733, 0, 0.000, 0, 0, 0.842245, 0.713711, 15547, 0, 0, 1, 1, 0, 8, 1
1776617402, 1, 1, 927, 925, 25, 7.96%, 0, 0, 2, 5.78, 16, 112, 0, 370, 103260, 38733, 0, 0.000, 0, 0, 0.842467, 1.000000, 15573, 0, 0, 1, 1, 0, 8, 1
1776617407, 1, 1, 927, 925, 25, 7.96%, 0, 0, 2, 5.59, 16, 112, 0, 370, 103260, 38733, 0, 0.000, 0, 0, 0.842705, 1.000000, 15601, 0, 0, 1, 1, 0, 8, 1
1776617413, 1, 1, 928, 926, 25, 7.96%, 0, 0, 2, 5.93, 16, 112, 0, 370, 103260, 38733, 0, 0.000, 0, 0, 0.842841, 1.000000, 15617, 0, 0, 1, 1, 0, 8, 1
1776617418, 1, 1, 928, 926, 25, 7.96%, 0, 0, 2, 5.96, 16, 112, 0, 370, 103260, 38733, 0, 0.000, 0, 0, 0.843103, 1.000000, 15648, 0, 0, 1, 1, 0, 8, 1
1776617423, 1, 1, 928, 926, 25, 7.96%, 0, 0, 2, 6.58, 16, 112, 0, 370, 103260, 38733, 0, 0.000, 0, 0, 0.843357, 1.000000, 15678, 0, 0, 1, 1, 0, 8, 1
1776617428, 1, 1, 928, 926, 25, 7.96%, 0, 0, 2, 5.93, 16, 112, 0, 370, 103260, 38733, 0, 0.000, 0, 0, 0.843592, 1.000000, 15706, 0, 0, 1, 1, 0, 8, 1
1776617433, 1, 1, 928, 926, 25, 7.96%, 0, 0, 2, 6.42, 16, 112, 0, 370, 103260, 38733, 0, 0.000, 0, 0, 0.843852, 1.000000, 15737, 0, 0, 1, 1, 0, 8, 1
1776617438, 1, 1, 928, 926, 25, 7.96%, 0, 0, 2, 1.06, 16, 112, 0, 370, 103260, 38733, 0, 0.000, 0, 0, 0.844086, 1.000000, 15765, 0, 0, 1, 1, 0, 8, 1
1776617444, 1, 1, 928, 926, 25, 7.96%, 0, 0, 2, 5.47, 16, 112, 0, 370, 103260, 38733, 0, 0.000, 0, 0, 0.844328, 1.000000, 15794, 0, 0, 1, 1, 0, 8, 1
1776617449, 1, 1, 930, 928, 25, 7.96%, 0, 0, 2, 7.74, 16, 112, 0, 370, 103260, 38733, 0, 0.000, 0, 0, 0.844436, 1.000000, 15807, 0, 0, 1, 1, 0, 9, 1
1776617454, 1, 1, 930, 928, 25, 7.96%, 0, 0, 2, 6.76, 16, 112, 0, 370, 103260, 38733, 0, 0.000, 0, 0, 0.844685, 1.000000, 15837, 0, 0, 1, 1, 0, 9, 2
1776617459, 1, 1, 930, 928, 25, 7.96%, 0, 0, 2, 5.93, 16, 112, 0, 370, 103260, 38733, 0, 0.000, 0, 0, 0.844908, 1.000000, 15864, 0, 0, 1, 1, 0, 9, 2
1776617464, 1, 1, 930, 928, 25, 7.96%, 0, 0, 2, 5.88, 16, 112, 0, 370, 103260, 38733, 0, 0.000, 0, 0, 0.845156, 1.000000, 15894, 0, 0, 1, 1, 0, 9, 2
1776617469, 1, 1, 931, 929, 25, 7.96%, 0, 0, 2, 5.61, 16, 112, 0, 370, 103260, 38733, 0, 0.000, 0, 0, 0.845296, 1.000000, 15911, 0, 0, 1, 1, 0, 9, 2
1776617475, 1, 1, 931, 929, 25, 7.96%, 0, 0, 2, 5.53, 16, 112, 0, 370, 103260, 38733, 0, 0.000, 0, 0, 0.845542, 1.000000, 15941, 0, 0, 1, 1, 0, 9, 2
1776617480, 1, 1, 931, 929, 25, 7.96%, 0, 0, 2, 5.53, 16, 112, 0, 370, 103260, 38733, 0, 0.000, 0, 0, 0.845779, 1.000000, 15970, 0, 0, 1, 1, 0, 9, 2
1776617485, 1, 1, 932, 930, 25, 7.96%, 0, 0, 2, 5.39, 16, 112, 0, 370, 103260, 38733, 0, 0.000, 0, 0, 0.845950, 0.884450, 15991, 0, 0, 1, 1, 0, 9, 2
1776617491, 1, 1, 932, 930, 25, 7.96%, 0, 0, 2, 5.65, 16, 112, 0, 370, 103260, 38733, 0, 0.000, 0, 0, 0.846138, 1.000000, 16014, 0, 0, 1, 1, 0, 9, 2
1776617496, 1, 1, 932, 930, 25, 7.96%, 0, 0, 2, 5.58, 16, 112, 0, 370, 103260, 38733, 0, 0.000, 0, 0, 0.846357, 1.000000, 16041, 0, 0, 1, 1, 0, 9, 2
1776617501, 1, 1, 932, 930, 25, 7.96%, 0, 0, 2, 6.09, 16, 112, 0, 370, 103260, 38733, 0, 0.000, 0, 0, 0.846616, 1.000000, 16073, 0, 0, 1, 1, 0, 9, 2
1776617506, 1, 1, 932, 930, 25, 7.96%, 0, 0, 2, 5.57, 16, 112, 0, 370, 103260, 38733, 0, 0.000, 0, 0, 0.846826, 1.000000, 16099, 0, 0, 1, 1, 0, 9, 2
1776617511, 1, 1, 933, 931, 25, 7.96%, 0, 0, 2, 6.37, 16, 112, 0, 370, 103260, 38733, 0, 0.000, 0, 0, 0.847027, 1.000000, 16124, 0, 0, 1, 1, 0, 9, 2
1776617516, 1, 1, 933, 931, 25, 7.96%, 0, 0, 2, 6.30, 16, 112, 0, 370, 103260, 38733, 0, 0.000, 0, 0, 0.847251, 1.000000, 16152, 0, 0, 1, 1, 0, 9, 2
1776617522, 1, 1, 935, 933, 25, 7.96%, 0, 0, 2, 5.43, 16, 112, 0, 370, 103260, 38733, 0, 0.000, 0, 0, 0.847371, 1.000000, 16167, 0, 0, 1, 1, 0, 9, 2
1776617527, 1, 1, 936, 934, 25, 7.96%, 0, 0, 2, 6.28, 16, 112, 0, 370, 103260, 38733, 0, 0.000, 0, 0, 0.847507, 1.000000, 16184, 0, 0, 1, 1, 0, 9, 2
1776617532, 1, 1, 936, 934, 25, 7.96%, 0, 0, 2, 6.16, 16, 112, 0, 370, 103260, 38733, 0, 0.000, 0, 0, 0.847731, 1.000000, 16212, 0, 0, 1, 1, 0, 9, 2
1776617537, 1, 1, 936, 934, 25, 7.96%, 0, 0, 2, 6.31, 16, 112, 0, 370, 103260, 38733, 0, 0.000, 0, 0, 0.847993, 1.000000, 16245, 0, 0, 1, 1, 0, 9, 2
1776617542, 1, 1, 937, 935, 25, 7.96%, 0, 0, 2, 6.51, 16, 112, 0, 370, 103260, 38733, 0, 0.000, 0, 0, 0.848167, 1.000000, 16267, 0, 0, 1, 1, 0, 9, 2
1776617548, 1, 1, 938, 936, 25, 7.96%, 0, 0, 2, 5.39, 16, 112, 0, 370, 103260, 38733, 0, 0.000, 0, 0, 0.848310, 1.000000, 16285, 0, 0, 1, 1, 0, 9, 2
1776617553, 1, 1, 938, 936, 25, 7.96%, 0, 0, 2, 5.70, 16, 112, 0, 370, 103260, 38733, 0, 0.000, 0, 0, 0.848554, 1.000000, 16316, 0, 0, 1, 1, 0, 9, 2
1776617558, 1, 1, 939, 937, 25, 7.96%, 0, 0, 2, 7.73, 16, 112, 0, 370, 103260, 38733, 0, 0.000, 0, 0, 0.848704, 0.766607, 16335, 0, 0, 1, 1, 0, 9, 2
1776617564, 1, 1, 939, 937, 25, 7.96%, 0, 0, 2, 6.51, 16, 112, 0, 370, 103260, 38733, 0, 0.000, 0, 0, 0.848908, 1.000000, 16361, 0, 0, 1, 1, 0, 9, 2
1776617569, 1, 1, 939, 937, 25, 7.96%, 0, 0, 2, 5.67, 16, 112, 0, 370, 103260, 38733, 0, 0.000, 0, 0, 0.849111, 1.000000, 16387, 0, 0, 1, 1, 0, 9, 2
1776617574, 1, 1, 939, 937, 25, 7.96%, 0, 0, 2, 6.00, 16, 112, 0, 370, 103260, 38733, 0, 0.000, 0, 0, 0.849353, 1.000000, 16418, 0, 0, 1, 1, 0, 9, 2
1776617579, 1, 1, 940, 938, 25, 7.96%, 0, 0, 2, 5.69, 16, 112, 0, 370, 103260, 38733, 0, 0.000, 0, 0, 0.849493, 1.000000, 16436, 0, 0, 1, 1, 0, 9, 2
1776617584, 1, 1, 940, 938, 25, 7.96%, 0, 0, 2, 6.01, 16, 112, 0, 370, 103260, 38733, 0, 0.000, 0, 0, 0.849734, 1.000000, 16467, 0, 0, 1, 1, 0, 9, 2
1776617589, 1, 1, 941, 939, 25, 7.96%, 0, 0, 2, 5.82, 16, 112, 0, 370, 103260, 38733, 0, 0.000, 0, 0, 0.849881, 0.766607, 16486, 0, 0, 1, 1, 0, 9, 2
1776617595, 1, 1, 942, 940, 25, 7.96%, 0, 0, 2, 5.44, 16, 112, 0, 370, 103260, 38733, 0, 0.000, 0, 0, 0.850075, 1.000000, 16511, 0, 0, 1, 1, 0, 9, 2
1776617600, 1, 1, 942, 940, 25, 7.96%, 0, 0, 2, 5.76, 16, 112, 0, 370, 103260, 38733, 0, 0.000, 0, 0, 0.850244, 1.000000, 16533, 0, 0, 1, 1, 0, 9, 2
1776617606, 1, 1, 943, 941, 25, 7.96%, 0, 0, 2, 5.59, 16, 112, 0, 370, 103260, 38733, 0, 0.000, 0, 0, 0.850429, 0.806954, 16557, 0, 0, 1, 1, 0, 9, 2
1776617611, 1, 1, 943, 941, 25, 7.96%, 0, 0, 2, 5.86, 16, 112, 0, 370, 103260, 38733, 0, 0.000, 0, 0, 0.850628, 1.000000, 16583, 0, 0, 1, 1, 0, 9, 2
1776617616, 1, 1, 944, 942, 25, 7.96%, 0, 0, 2, 5.78, 16, 112, 0, 370, 103260, 38733, 0, 0.000, 0, 0, 0.850781, 1.000000, 16603, 0, 0, 1, 1, 0, 9, 2
1776617621, 1, 1, 944, 942, 25, 7.96%, 0, 0, 2, 5.98, 16, 112, 0, 370, 103260, 38733, 0, 0.000, 0, 0, 0.851018, 1.000000, 16634, 0, 0, 1, 1, 0, 9, 2
1776617626, 1, 1, 944, 942, 25, 7.96%, 0, 0, 2, 5.83, 16, 112, 0, 370, 103260, 38733, 0, 0.000, 0, 0, 0.851208, 1.000000, 16659, 0, 0, 1, 1, 0, 9, 2
1776617632, 1, 1, 945, 943, 25, 7.96%, 0, 0, 2, 0.66, 16, 112, 0, 370, 103260, 38733, 0, 0.000, 0, 0, 0.851360, 0.587686, 16679, 0, 0, 1, 1, 0, 9, 2
1776617638, 1, 1, 945, 943, 25, 7.96%, 0, 0, 2, 6.09, 16, 112, 0, 370, 103260, 38733, 0, 0.000, 0, 0, 0.851603, 1.000000, 16711, 0, 0, 1, 1, 0, 9, 2
1776617643, 1, 1, 945, 943, 25, 7.96%, 0, 0, 2, 6.07, 16, 112, 0, 370, 103260, 38733, 0, 0.000, 0, 0, 0.851799, 1.000000, 16737, 0, 0, 1, 1, 0, 9, 2
1776617648, 1, 1, 945, 943, 25, 7.96%, 0, 0, 2, 6.44, 16, 112, 0, 370, 103260, 38733, 0, 0.000, 0, 0, 0.852048, 1.000000, 16770, 0, 0, 1, 1, 0, 9, 2
1776617653, 1, 1, 946, 944, 25, 7.96%, 0, 0, 2, 5.87, 16, 112, 0, 370, 103260, 38733, 0, 0.000, 0, 0, 0.852190, 1.000000, 16789, 0, 0, 1, 1, 0, 9, 2
1776617659, 1, 1, 946, 944, 25, 7.96%, 0, 0, 2, 5.94, 16, 112, 0, 370, 103260, 38733, 0, 0.000, 0, 0, 0.852430, 1.000000, 16821, 0, 0, 1, 1, 0, 9, 2
1776617664, 1, 1, 946, 944, 25, 7.96%, 0, 0, 2, 6.12, 16, 112, 0, 370, 103260, 38733, 0, 0.000, 0, 0, 0.852669, 1.000000, 16853, 0, 0, 1, 1, 0, 9, 2
1776617669, 1, 1, 946, 944, 25, 7.96%, 0, 0, 2, 5.51, 16, 112, 0, 370, 103260, 38733, 0, 0.000, 0, 0, 0.852825, 1.000000, 16874, 0, 0, 1, 1, 0, 9, 2
1776617674, 1, 1, 946, 944, 25, 7.96%, 0, 0, 2, 5.84, 16, 112, 0, 370, 103260, 38733, 0, 0.000, 0, 0, 0.853055, 1.000000, 16905, 0, 0, 1, 1, 0, 9, 2
1776617679, 1, 1, 947, 945, 25, 7.96%, 0, 0, 2, 5.60, 16, 112, 0, 370, 103260, 38733, 0, 0.000, 0, 0, 0.853248, 0.931000, 16931, 0, 0, 1, 1, 0, 9, 2
1776617684, 1, 1, 947, 945, 25, 7.96%, 0, 0, 2, 5.68, 16, 112, 0, 370, 103260, 38733, 0, 0.000, 0, 0, 0.853411, 1.000000, 16953, 0, 0, 1, 1, 0, 9, 2
1776617690, 1, 1, 947, 945, 25, 7.96%, 0, 0, 2, 5.93, 16, 112, 0, 370, 103260, 38733, 0, 0.000, 0, 0, 0.853632, 1.000000, 16983, 0, 0, 1, 1, 0, 9, 2
1776617696, 1, 1, 948, 946, 25, 7.97%, 0, 0, 2, 5.69, 16, 112, 0, 370, 103260, 38733, 0, 0.000, 0, 0, 0.853793, 1.000000, 17005, 0, 0, 1, 1, 0, 9, 2
1776617701, 1, 1, 948, 946, 25, 7.97%, 0, 0, 2, 5.97, 16, 112, 0, 370, 103260, 38733, 0, 0.000, 0, 0, 0.854020, 1.000000, 17036, 0, 0, 1, 1, 0, 9, 2
1776617706, 1, 1, 949, 947, 25, 7.97%, 0, 0, 2, 1.70, 16, 112, 0, 370, 103260, 38733, 0, 0.000, 0, 0, 0.854159, 0.866761, 17055, 0, 0, 1, 1, 0, 9, 2
1776617711, 1, 1, 949, 947, 25, 7.97%, 0, 0, 2, 4.51, 16, 112, 0, 370, 103260, 38733, 0, 0.000, 0, 0, 0.854364, 1.000000, 17083, 0, 0, 1, 1, 0, 9, 2
1776617716, 1, 1, 949, 947, 25, 7.97%, 0, 0, 2, 4.84, 16, 112, 0, 370, 103260, 38733, 0, 0.000, 0, 0, 0.854538, 1.000000, 17107, 0, 0, 1, 1, 0, 9, 2
1776617722, 1, 1, 950, 948, 25, 7.97%, 0, 0, 2, 5.34, 16, 112, 0, 370, 103260, 38733, 0, 0.000, 0, 0, 0.854698, 1.000000, 17129, 0, 0, 1, 1, 0, 9, 2
1776617727, 1, 1, 951, 949, 25, 7.97%, 0, 0, 2, 6.34, 16, 112, 0, 370, 103260, 38733, 0, 0.000, 0, 0, 0.854864, 1.000000, 17152, 0, 0, 1, 1, 0, 9, 2
1776617732, 1, 1, 951, 949, 25, 7.97%, 0, 0, 2, 5.87, 16, 112, 0, 370, 103260, 38733, 0, 0.000, 0, 0, 0.855074, 1.000000, 17181, 0, 0, 1, 1, 0, 9, 2
1776617738, 1, 1, 952, 950, 25, 7.97%, 0, 0, 2, 6.24, 16, 112, 0, 370, 103260, 38733, 0, 0.000, 0, 0, 0.855290, 0.766607, 17211, 0, 0, 1, 1, 0, 9, 2
1776617743, 1, 1, 952, 950, 25, 7.97%, 0, 0, 2, 7.02, 16, 112, 0, 370, 103260, 38733, 0, 0.000, 0, 0, 0.855419, 1.000000, 17229, 0, 0, 1, 1, 0, 9, 2
1776617748, 1, 1, 954, 952, 25, 7.97%, 0, 0, 2, 6.42, 16, 112, 0, 370, 103260, 38733, 0, 0.000, 0, 0, 0.855527, 0.866761, 17244, 0, 0, 1, 1, 0, 9, 2
1776617753, 1, 1, 954, 952, 25, 7.97%, 0, 0, 2, 6.44, 16, 112, 0, 370, 103260, 38733, 0, 0.000, 0, 0, 0.855727, 1.000000, 17272, 0, 0, 1, 1, 0, 9, 2
1776617758, 1, 1, 954, 952, 25, 7.97%, 0, 0, 2, 6.24, 16, 112, 0, 370, 103260, 38733, 0, 0.000, 0, 0, 0.855949, 1.000000, 17303, 0, 0, 1, 1, 0, 9, 2
1776617763, 1, 1, 955, 953, 25, 7.97%, 0, 0, 2, 6.46, 16, 112, 0, 370, 103260, 38733, 0, 0.000, 0, 0, 0.856105, 1.000000, 17325, 0, 0, 1, 1, 0, 9, 2
1776617768, 1, 1, 955, 953, 25, 7.97%, 0, 0, 2, 5.85, 16, 112, 0, 370, 103260, 38733, 0, 0.000, 0, 0, 0.856290, 1.000000, 17351, 0, 0, 1, 1, 0, 9, 2
1776617773, 1, 1, 956, 954, 25, 7.97%, 0, 0, 2, 6.84, 16, 112, 0, 370, 103260, 38733, 0, 0.000, 0, 0, 0.856495, 1.000000, 17380, 0, 0, 1, 1, 0, 9, 2
1776617778, 1, 1, 956, 954, 25, 7.97%, 0, 0, 2, 7.62, 16, 112, 0, 370, 103260, 38733, 0, 0.000, 0, 0, 0.856658, 1.000000, 17403, 0, 0, 1, 1, 0, 9, 2
1776617784, 1, 1, 957, 955, 25, 7.97%, 0, 0, 2, 6.38, 16, 112, 0, 370, 103260, 38733, 0, 0.000, 0, 0, 0.856806, 1.000000, 17424, 0, 0, 1, 1, 0, 9, 2
1776617789, 1, 1, 958, 956, 25, 7.97%, 0, 0, 2, 5.89, 16, 112, 0, 370, 103260, 38733, 0, 0.000, 0, 0, 0.856967, 0.866761, 17447, 0, 0, 1, 1, 0, 9, 2
1776617794, 1, 1, 958, 956, 25, 7.97%, 0, 0, 2, 5.80, 16, 112, 0, 370, 103260, 38733, 0, 0.000, 0, 0, 0.857143, 1.000000, 17472, 0, 0, 1, 1, 0, 9, 2
1776617799, 1, 1, 959, 957, 25, 7.97%, 0, 0, 2, 5.77, 16, 112, 0, 370, 103260, 38733, 0, 0.000, 0, 0, 0.857276, 1.000000, 17491, 0, 0, 1, 1, 0, 9, 2
1776617804, 1, 1, 959, 957, 25, 7.97%, 0, 0, 2, 5.65, 16, 112, 0, 370, 103260, 38733, 0, 0.000, 0, 0, 0.857458, 1.000000, 17517, 0, 0, 1, 1, 0, 9, 2
1776617809, 1, 1, 960, 958, 25, 7.97%, 0, 0, 2, 5.62, 16, 112, 0, 370, 103260, 38733, 0, 0.000, 0, 0, 0.857604, 0.631242, 17538, 0, 0, 1, 1, 0, 9, 2
1776617814, 1, 1, 960, 958, 25, 7.97%, 0, 0, 2, 5.46, 16, 112, 0, 370, 103260, 38733, 0, 0.000, 0, 0, 0.857750, 1.000000, 17559, 0, 0, 1, 1, 0, 9, 2
1776617820, 1, 1, 960, 958, 25, 7.97%, 0, 0, 2, 6.02, 16, 112, 0, 370, 103260, 38733, 0, 0.000, 0, 0, 0.857965, 1.000000, 17590, 0, 0, 1, 1, 0, 9, 2
1776617825, 1, 1, 960, 958, 25, 7.97%, 0, 0, 2, 5.71, 16, 112, 0, 370, 103260, 38733, 0, 0.000, 0, 0, 0.858145, 1.000000, 17616, 0, 0, 1, 1, 0, 9, 2
1776617830, 1, 1, 962, 960, 25, 7.97%, 0, 0, 2, 5.89, 16, 112, 0, 370, 103260, 38733, 0, 0.000, 0, 0, 0.858255, 1.000000, 17632, 0, 0, 1, 1, 0, 9, 2
1776617835, 1, 1, 964, 962, 25, 7.97%, 0, 0, 2, 5.89, 16, 112, 0, 370, 103260, 38733, 0, 0.000, 0, 0, 0.858338, 1.000000, 17644, 0, 0, 1, 1, 0, 9, 2
1776617840, 1, 1, 964, 962, 25, 7.97%, 0, 0, 2, 6.27, 16, 112, 0, 370, 103260, 38733, 0, 0.000, 0, 0, 0.858552, 1.000000, 17675, 0, 0, 1, 1, 0, 9, 2
1776617845, 1, 1, 964, 962, 25, 7.97%, 0, 0, 2, 5.49, 16, 112, 0, 370, 103260, 38733, 0, 0.000, 0, 0, 0.858716, 1.000000, 17699, 0, 0, 1, 1, 0, 9, 2
1776617852, 1, 1, 964, 962, 25, 7.97%, 0, 0, 2, 0.66, 16, 112, 0, 370, 103260, 38733, 0, 0.000, 0, 0, 0.858908, 1.000000, 17727, 0, 0, 1, 1, 0, 9, 2
1776617857, 1, 1, 966, 964, 25, 7.97%, 0, 0, 2, 5.60, 16, 112, 0, 370, 103260, 38733, 0, 0.000, 0, 0, 0.859004, 1.000000, 17741, 0, 0, 1, 1, 0, 9, 2
1776617862, 1, 1, 968, 966, 25, 7.97%, 0, 0, 2, 5.80, 16, 112, 0, 370, 103260, 38733, 0, 0.000, 0, 0, 0.859085, 0.618617, 17753, 0, 0, 1, 1, 0, 9, 2
1776617867, 1, 1, 968, 966, 25, 7.97%, 0, 0, 2, 5.86, 16, 112, 0, 370, 103260, 38733, 0, 0.000, 0, 0, 0.859290, 1.000000, 17783, 0, 0, 1, 1, 0, 9, 2
1776617872, 1, 1, 970, 968, 25, 7.97%, 0, 0, 2, 5.63, 16, 112, 0, 370, 103260, 38733, 0, 0.000, 0, 0, 0.859412, 0.931000, 17801, 0, 0, 1, 1, 0, 9, 2
1776617877, 1, 1, 970, 968, 25, 7.97%, 0, 0, 2, 5.77, 16, 112, 0, 370, 103260, 38733, 0, 0.000, 0, 0, 0.859561, 1.000000, 17823, 0, 0, 1, 1, 0, 9, 2
1776617883, 1, 1, 971, 969, 25, 7.97%, 0, 0, 2, 5.88, 16, 112, 0, 370, 103260, 38733, 0, 0.000, 0, 0, 0.859683, 1.000000, 17841, 0, 0, 1, 1, 0, 9, 2
1776617888, 1, 1, 971, 969, 25, 7.97%, 0, 0, 2, 5.67, 16, 112, 0, 370, 103260, 38733, 0, 0.000, 0, 0, 0.859872, 1.000000, 17869, 0, 0, 1, 1, 0, 9, 2
1776617893, 1, 1, 972, 970, 25, 7.97%, 0, 0, 2, 5.48, 16, 112, 0, 370, 103260, 38733, 0, 0.000, 0, 0, 0.859960, 1.000000, 17882, 0, 0, 1, 1, 0, 9, 2
1776617899, 1, 1, 972, 970, 25, 7.97%, 0, 0, 2, 5.43, 16, 112, 0, 370, 103260, 38733, 0, 0.000, 0, 0, 0.860168, 1.000000, 17913, 0, 0, 1, 1, 0, 9, 2
1776617904, 1, 1, 973, 971, 25, 7.97%, 0, 0, 2, 6.53, 16, 112, 0, 370, 103260, 38733, 0, 0.000, 0, 0, 0.860363, 1.000000, 17942, 0, 0, 1, 1, 0, 9, 2
1776617909, 1, 1, 973, 971, 25, 7.97%, 0, 0, 2, 5.90, 16, 112, 0, 370, 103260, 38733, 0, 0.000, 0, 0, 0.860550, 1.000000, 17970, 0, 0, 1, 1, 0, 9, 2
1776617914, 1, 1, 973, 971, 25, 7.97%, 0, 0, 2, 6.00, 16, 112, 0, 370, 103260, 38733, 0, 0.000, 0, 0, 0.860756, 1.000000, 18001, 0, 0, 1, 1, 0, 9, 2
1776617919, 1, 1, 973, 971, 25, 7.97%, 0, 0, 2, 6.01, 16, 112, 0, 370, 103260, 38733, 0, 0.000, 0, 0, 0.860929, 1.000000, 18027, 0, 0, 1, 1, 0, 9, 2
1776617925, 1, 1, 975, 973, 25, 7.97%, 0, 0, 2, 0.66, 16, 112, 0, 370, 103260, 38733, 0, 0.000, 0, 0, 0.861062, 1.000000, 18047, 0, 0, 1, 1, 0, 9, 2
1776617930, 1, 1, 976, 974, 25, 7.97%, 0, 0, 2, 5.91, 16, 112, 0, 370, 103260, 38733, 0, 0.000, 0, 0, 0.861168, 1.000000, 18063, 0, 0, 1, 1, 0, 9, 2
1776617936, 1, 1, 976, 974, 25, 7.97%, 0, 0, 2, 6.03, 16, 112, 0, 370, 103260, 38733, 0, 0.000, 0, 0, 0.861366, 1.000000, 18093, 0, 0, 1, 1, 0, 9, 2
1776617941, 1, 1, 977, 975, 25, 7.97%, 0, 0, 2, 5.82, 16, 112, 0, 370, 103260, 38733, 0, 0.000, 0, 0, 0.861531, 0.664465, 18118, 0, 0, 1, 1, 0, 9, 2
1776617946, 1, 1, 977, 975, 25, 7.97%, 0, 0, 2, 5.93, 16, 112, 0, 370, 103260, 38733, 0, 0.000, 0, 0, 0.861709, 1.000000, 18145, 0, 0, 1, 1, 0, 9, 2
1776617952, 1, 1, 977, 975, 25, 7.97%, 0, 0, 2, 1.10, 16, 112, 0, 370, 103260, 38733, 0, 0.000, 0, 0, 0.861892, 1.000000, 18173, 0, 0, 1, 1, 0, 9, 2
1776617957, 1, 1, 977, 975, 25, 7.97%, 0, 0, 2, 6.54, 16, 112, 0, 370, 103260, 38733, 0, 0.000, 0, 0, 0.862095, 1.000000, 18204, 0, 0, 1, 1, 0, 9, 2
1776617962, 1, 1, 977, 975, 25, 7.97%, 0, 0, 2, 5.99, 16, 112, 0, 370, 103260, 38733, 0, 0.000, 0, 0, 0.862252, 1.000000, 18228, 0, 0, 1, 1, 0, 9, 2
1776617967, 1, 1, 977, 975, 25, 7.97%, 0, 0, 2, 6.27, 16, 112, 0, 370, 103260, 38733, 0, 0.000, 0, 0, 0.862466, 1.000000, 18261, 0, 0, 1, 1, 0, 9, 2
1776617973, 1, 1, 977, 975, 25, 7.97%, 0, 0, 2, 5.72, 16, 112, 0, 370, 103260, 38733, 0, 0.000, 0, 0, 0.862635, 1.000000, 18287, 0, 0, 1, 1, 0, 9, 2
1776617978, 1, 1, 977, 975, 25, 7.97%, 0, 0, 2, 5.60, 16, 112, 0, 370, 103260, 38733, 0, 0.000, 0, 0, 0.862823, 1.000000, 18316, 0, 0, 1, 1, 0, 9, 2
1776617983, 1, 1, 978, 976, 25, 7.97%, 0, 0, 2, 5.86, 16, 112, 0, 370, 103260, 38733, 0, 0.000, 0, 0, 0.862952, 1.000000, 18336, 0, 0, 1, 1, 0, 9, 2
1776617988, 1, 1, 978, 976, 25, 7.97%, 0, 0, 2, 5.84, 16, 112, 0, 370, 103260, 38733, 0, 0.000, 0, 0, 0.863139, 1.000000, 18365, 0, 0, 1, 1, 0, 9, 2
1776617994, 1, 1, 979, 977, 25, 7.97%, 0, 0, 2, 6.49, 16, 112, 0, 370, 103260, 38733, 0, 0.000, 0, 0, 0.863306, 1.000000, 18391, 0, 0, 1, 1, 0, 9, 2
1776617999, 1, 1, 979, 977, 25, 7.97%, 0, 0, 2, 2.24, 16, 112, 0, 370, 103260, 38733, 0, 0.000, 0, 0, 0.863459, 1.000000, 18415, 0, 0, 1, 1, 0, 9, 2
1776618004, 1, 1, 980, 978, 25, 7.97%, 0, 0, 2, 4.28, 16, 112, 0, 370, 103260, 38733, 0, 0.000, 0, 0, 0.863594, 1.000000, 18436, 0, 0, 1, 1, 0, 9, 2
1776618009, 1, 1, 980, 978, 25, 7.97%, 0, 0, 2, 5.52, 16, 112, 0, 370, 103260, 38733, 0, 0.000, 0, 0, 0.863779, 1.000000, 18465, 0, 0, 1, 1, 0, 9, 2
1776618014, 1, 1, 981, 979, 25, 7.97%, 0, 0, 2, 6.01, 16, 112, 0, 370, 103260, 38733, 0, 0.000, 0, 0, 0.863982, 1.000000, 18497, 0, 0, 1, 1, 0, 9, 2
1776618019, 1, 1, 981, 979, 25, 7.97%, 0, 0, 2, 5.85, 16, 112, 0, 370, 103260, 38733, 0, 0.000, 0, 0, 0.864103, 1.000000, 18516, 0, 0, 1, 1, 0, 9, 2
1776618025, 1, 1, 982, 980, 25, 7.97%, 0, 0, 2, 9.35, 16, 112, 0, 370, 103260, 38733, 0, 0.000, 0, 0, 0.864261, 0.806954, 18541, 0, 0, 1, 1, 0, 9, 2
1776618030, 1, 1, 982, 980, 25, 7.97%, 0, 0, 2, 7.18, 16, 112, 0, 370, 103260, 38733, 0, 0.000, 0, 0, 0.864426, 1.000000, 18567, 0, 0, 1, 1, 0, 9, 2
1776618035, 1, 1, 983, 981, 25, 7.97%, 0, 0, 2, 6.94, 16, 112, 0, 370, 103260, 38733, 0, 0.000, 0, 0, 0.864527, 1.000000, 18583, 0, 0, 1, 1, 0, 9, 2
1776618040, 1, 1, 984, 982, 25, 7.97%, 0, 0, 2, 6.40, 16, 112, 0, 370, 103260, 38733, 0, 0.000, 0, 0, 0.864665, 1.000000, 18605, 0, 0, 1, 1, 0, 9, 2
1776618046, 1, 1, 984, 982, 25, 7.97%, 0, 0, 2, 6.88, 16, 112, 0, 370, 103260, 38733, 0, 0.000, 0, 0, 0.864835, 1.000000, 18632, 0, 0, 1, 1, 0, 9, 2
1776618051, 1, 1, 985, 983, 25, 7.97%, 0, 0, 2, 1.40, 16, 112, 0, 370, 103260, 38733, 0, 0.000, 0, 0, 0.865004, 1.000000, 18659, 0, 0, 1, 1, 0, 9, 2
1776618056, 1, 1, 985, 983, 25, 7.97%, 0, 0, 2, 4.10, 16, 112, 0, 370, 103260, 38733, 0, 0.000, 0, 0, 0.865191, 1.000000, 18689, 0, 0, 1, 1, 0, 9, 2
1776618061, 1, 1, 986, 984, 25, 7.97%, 0, 0, 2, 5.05, 16, 112, 0, 370, 103260, 38733, 0, 0.000, 0, 0, 0.865316, 0.866761, 18709, 0, 0, 1, 1, 0, 9, 2
1776618067, 1, 1, 987, 985, 25, 7.97%, 0, 0, 2, 5.81, 16, 112, 0, 370, 103260, 38733, 0, 0.000, 0, 0, 0.865459, 1.000000, 18732, 0, 0, 1, 1, 0, 9, 2
1776618072, 1, 1, 988, 986, 25, 7.97%, 0, 0, 2, 5.44, 16, 112, 0, 370, 103260, 38733, 0, 0.000, 0, 0, 0.865540, 1.000000, 18745, 0, 0, 1, 1, 0, 9, 2
1776618077, 1, 1, 989, 987, 25, 7.97%, 0, 0, 2, 6.14, 16, 112, 0, 370, 103260, 38733, 0, 0.000, 0, 0, 0.865714, 0.664465, 18773, 0, 0, 1, 1, 0, 9, 2
1776618082, 1, 1, 991, 989, 25, 7.97%, 0, 0, 2, 5.90, 16, 112, 0, 370, 103260, 38733, 0, 0.000, 0, 0, 0.865776, 0.931000, 18783, 0, 0, 1, 1, 0, 9, 2
1776618088, 1, 1, 992, 990, 25, 7.97%, 0, 0, 2, 5.50, 16, 112, 0, 370, 103260, 38733, 0, 0.000, 0, 0, 0.865899, 1.000000, 18803, 0, 0, 1, 1, 0, 9, 2
1776618093, 1, 1, 992, 990, 25, 7.97%, 0, 0, 2, 5.97, 16, 112, 0, 370, 103260, 38733, 0, 0.000, 0, 0, 0.866096, 1.000000, 18835, 0, 0, 1, 1, 0, 9, 2
1776618098, 1, 1, 994, 992, 25, 7.97%, 0, 0, 2, 2.19, 16, 112, 0, 370, 103260, 38733, 0, 0.000, 0, 0, 0.866158, 1.000000, 18845, 0, 0, 1, 1, 0, 9, 2
1776618103, 1, 1, 995, 993, 25, 7.98%, 0, 0, 2, 4.81, 16, 112, 0, 370, 103260, 38733, 0, 0.000, 0, 0, 0.866293, 1.000000, 18867, 0, 0, 1, 1, 0, 9, 2
1776618109, 1, 1, 996, 994, 25, 7.98%, 0, 0, 2, 5.39, 16, 112, 0, 370, 103260, 38733, 0, 0.000, 0, 0, 0.866385, 1.000000, 18882, 0, 0, 1, 1, 0, 9, 2
1776618114, 1, 1, 997, 995, 25, 7.98%, 0, 0, 2, 5.62, 16, 112, 0, 370, 103260, 38733, 0, 0.000, 0, 0, 0.866551, 0.866761, 18909, 0, 0, 1, 1, 0, 9, 2
1776618119, 1, 1, 998, 996, 25, 7.98%, 0, 0, 2, 5.47, 16, 112, 0, 370, 103260, 38733, 0, 0.000, 0, 0, 0.866624, 0.806954, 18921, 0, 0, 1, 1, 0, 9, 2
1776618124, 1, 1, 999, 997, 25, 7.98%, 0, 0, 2, 6.06, 16, 112, 0, 370, 103260, 38733, 0, 0.000, 0, 0, 0.866770, 1.000000, 18945, 0, 0, 1, 1, 0, 9, 2
1776618129, 1, 1, 999, 997, 25, 7.98%, 0, 0, 2, 5.83, 16, 112, 0, 370, 103260, 38733, 0, 0.000, 0, 0, 0.866941, 1.000000, 18973, 0, 0, 1, 1, 0, 9, 2
1776618134, 1, 1, 999, 997, 25, 7.98%, 0, 0, 2, 5.51, 16, 112, 0, 370, 103260, 38733, 0, 0.000, 0, 0, 0.867093, 1.000000, 18998, 0, 0, 1, 1, 0, 9, 2
1776618140, 1, 1, 1001, 999, 25, 7.98%, 0, 0, 2, 5.46, 16, 112, 0, 370, 103260, 38733, 0, 0.000, 0, 0, 0.867165, 0.587686, 19010, 0, 0, 1, 1, 0, 9, 2
1776618145, 1, 1, 1002, 1000, 25, 7.98%, 0, 0, 2, 5.17, 16, 112, 0, 370, 103260, 38733, 0, 0.000, 0, 0, 0.867293, 0.884450, 19031, 0, 0, 1, 1, 0, 9, 2
1776618150, 1, 1, 1003, 1001, 25, 7.98%, 0, 0, 2, 5.53, 16, 112, 0, 370, 103260, 38733, 0, 0.000, 0, 0, 0.867383, 1.000000, 19046, 0, 0, 1, 1, 0, 9, 2
1776618155, 1, 1, 1004, 1002, 25, 7.98%, 0, 0, 2, 5.75, 16, 112, 0, 370, 103260, 38733, 0, 0.000, 0, 0, 0.867498, 1.000000, 19065, 0, 0, 1, 1, 0, 9, 2
1776618160, 1, 1, 1005, 1003, 25, 7.98%, 0, 0, 2, 5.73, 16, 112, 0, 370, 103260, 38733, 0, 0.000, 0, 0, 0.867672, 1.000000, 19094, 0, 0, 1, 1, 0, 9, 2
1776618165, 1, 1, 1006, 1004, 25, 7.98%, 0, 0, 2, 5.66, 16, 112, 0, 370, 103260, 38733, 0, 0.000, 0, 0, 0.867739, 1.000000, 19105, 0, 0, 1, 1, 0, 9, 2
1776618170, 1, 1, 1008, 1006, 25, 7.98%, 0, 0, 2, 5.71, 16, 112, 0, 370, 103260, 38733, 0, 0.000, 0, 0, 0.867817, 1.000000, 19118, 0, 0, 1, 1, 0, 9, 2
1776618176, 1, 1, 1008, 1006, 25, 7.98%, 0, 0, 2, 3.35, 16, 112, 0, 370, 103260, 38733, 0, 0.000, 0, 0, 0.867972, 1.000000, 19144, 0, 0, 1, 1, 0, 9, 2
1776618182, 1, 1, 1009, 1007, 25, 7.98%, 0, 0, 2, 0.65, 16, 112, 0, 370, 103260, 38733, 0, 0.000, 0, 0, 0.868158, 1.000000, 19175, 0, 0, 1, 1, 0, 9, 2
1776618187, 1, 1, 1009, 1007, 25, 7.98%, 0, 0, 2, 6.02, 16, 112, 0, 370, 103260, 38733, 0, 0.000, 0, 0, 0.868289, 1.000000, 19197, 0, 0, 1, 1, 0, 9, 2
1776618192, 1, 1, 1009, 1007, 25, 7.98%, 0, 0, 2, 5.60, 16, 112, 0, 370, 103260, 38733, 0, 0.000, 0, 0, 0.868444, 1.000000, 19223, 0, 0, 1, 1, 0, 9, 2
1776618197, 1, 1, 1010, 1008, 25, 7.98%, 0, 0, 2, 5.85, 16, 112, 0, 370, 103260, 38733, 0, 0.000, 0, 0, 0.868574, 1.000000, 19245, 0, 0, 1, 1, 0, 9, 2
1776618202, 1, 1, 1012, 1010, 25, 7.98%, 0, 0, 2, 5.73, 16, 112, 0, 370, 103260, 38733, 0, 0.000, 0, 0, 0.868634, 1.000000, 19255, 0, 0, 1, 1, 0, 9, 2
1776618208, 1, 1, 1013, 1011, 25, 7.98%, 0, 0, 2, 6.05, 16, 112, 0, 370, 103260, 38733, 0, 0.000, 0, 0, 0.868770, 1.000000, 19278, 0, 0, 1, 1, 0, 9, 2
1776618213, 1, 1, 1014, 1012, 25, 7.98%, 0, 0, 2, 3.80, 16, 112, 0, 370, 103260, 38733, 0, 0.000, 0, 0, 0.868900, 0.678025, 19300, 0, 0, 1, 1, 0, 9, 2
1776618219, 1, 1, 1014, 1012, 25, 7.98%, 0, 0, 2, 4.80, 16, 112, 0, 370, 103260, 38733, 0, 0.000, 0, 0, 0.869059, 1.000000, 19327, 0, 0, 1, 1, 0, 9, 2
1776618224, 1, 1, 1015, 1013, 25, 7.98%, 0, 0, 2, 5.60, 16, 112, 0, 370, 103260, 38733, 0, 0.000, 0, 0, 0.869188, 1.000000, 19349, 0, 0, 1, 1, 0, 9, 2
1776618229, 1, 1, 1016, 1014, 25, 7.98%, 0, 0, 2, 5.69, 16, 112, 0, 370, 103260, 38733, 0, 0.000, 0, 0, 0.869306, 1.000000, 19369, 0, 0, 1, 1, 0, 9, 2
1776618235, 1, 1, 1017, 1015, 25, 7.98%, 0, 0, 2, 5.73, 16, 112, 0, 370, 103260, 38733, 0, 0.000, 0, 0, 0.869435, 1.000000, 19391, 0, 0, 1, 1, 0, 9, 2
1776618240, 1, 1, 1018, 1016, 25, 7.98%, 0, 0, 2, 5.84, 16, 112, 0, 370, 103260, 38733, 0, 0.000, 0, 0, 0.869552, 1.000000, 19411, 0, 0, 1, 1, 0, 9, 2
1776618245, 1, 1, 1019, 1017, 25, 7.98%, 0, 0, 2, 5.71, 16, 112, 0, 370, 103260, 38733, 0, 0.000, 0, 0, 0.869674, 0.587686, 19432, 0, 0, 1, 1, 0, 9, 2
1776618250, 1, 1, 1020, 1018, 25, 7.98%, 0, 0, 2, 5.61, 16, 112, 0, 370, 103260, 38733, 0, 0.000, 0, 0, 0.869826, 1.000000, 19458, 0, 0, 1, 1, 0, 9, 2
1776618256, 1, 1, 1022, 1020, 25, 7.98%, 0, 0, 2, 0.66, 16, 112, 0, 370, 103260, 38733, 0, 0.000, 0, 0, 0.869878, 0.766607, 19467, 0, 0, 1, 1, 0, 9, 2
1776618261, 1, 1, 1022, 1020, 25, 7.98%, 0, 0, 2, 5.86, 16, 112, 0, 370, 103260, 38733, 0, 0.000, 0, 0, 0.870023, 1.000000, 19492, 0, 0, 1, 1, 0, 9, 2
1776618266, 1, 1, 1022, 1020, 25, 7.98%, 0, 0, 2, 1.91, 16, 112, 0, 370, 103260, 38733, 0, 0.000, 0, 0, 0.870174, 1.000000, 19518, 0, 0, 1, 1, 0, 9, 2
1776618272, 1, 1, 1023, 1021, 25, 7.98%, 0, 0, 2, 4.51, 16, 112, 0, 370, 103260, 38733, 0, 0.000, 0, 0, 0.870301, 1.000000, 19540, 0, 0, 1, 1, 0, 9, 2
1776618277, 1, 1, 1024, 1022, 25, 7.98%, 0, 0, 2, 5.07, 16, 112, 0, 370, 103260, 38733, 0, 0.000, 0, 0, 0.870405, 1.000000, 19558, 0, 0, 1, 1, 0, 9, 2
1776618282, 1, 1, 1024, 1022, 25, 7.98%, 0, 0, 2, 5.49, 16, 112, 0, 370, 103260, 38733, 0, 0.000, 0, 0, 0.870578, 1.000000, 19588, 0, 0, 1, 1, 0, 9, 2
1776618287, 1, 1, 1024, 1022, 25, 7.98%, 0, 0, 2, 6.71, 16, 112, 0, 370, 103260, 38733, 0, 0.000, 0, 0, 0.870739, 1.000000, 19616, 0, 0, 1, 1, 0, 9, 2
1776618293, 1, 1, 1025, 1023, 25, 7.98%, 0, 0, 2, 5.90, 16, 112, 0, 370, 103260, 38733, 0, 0.000, 0, 0, 0.870882, 1.000000, 19641, 0, 0, 1, 1, 0, 9, 2
1776618298, 1, 1, 1025, 1023, 25, 7.98%, 0, 0, 2, 5.63, 16, 112, 0, 370, 103260, 38733, 0, 0.000, 0, 0, 0.870985, 1.000000, 19659, 0, 0, 1, 1, 0, 9, 2
1776618304, 1, 1, 1025, 1023, 25, 7.98%, 0, 0, 2, 5.45, 16, 112, 0, 370, 103260, 38733, 0, 0.000, 0, 0, 0.871156, 1.000000, 19689, 0, 0, 1, 1, 0, 9, 2
1776618309, 1, 1, 1026, 1024, 25, 7.98%, 0, 0, 2, 5.80, 16, 112, 0, 370, 103260, 38733, 0, 0.000, 0, 0, 0.871321, 0.866761, 19718, 0, 0, 1, 1, 0, 9, 2
1776618314, 1, 1, 1027, 1025, 25, 7.98%, 0, 0, 2, 5.34, 16, 112, 0, 370, 103260, 38733, 0, 0.000, 0, 0, 0.871424, 0.950000, 19736, 0, 0, 1, 1, 0, 9, 2
1776618319, 1, 1, 1028, 1026, 25, 7.98%, 0, 0, 2, 5.62, 16, 112, 0, 370, 103260, 38733, 0, 0.000, 0, 0, 0.871503, 1.000000, 19750, 0, 0, 1, 1, 0, 9, 2
1776618325, 1, 1, 1029, 1027, 25, 7.98%, 0, 0, 2, 6.01, 16, 112, 0, 370, 103260, 38733, 0, 0.000, 0, 0, 0.871599, 0.587686, 19767, 0, 0, 1, 1, 0, 9, 2
1776618330, 1, 1, 1029, 1027, 25, 7.98%, 0, 0, 2, 5.81, 16, 112, 0, 370, 103260, 38733, 0, 0.000, 0, 0, 0.871763, 1.000000, 19796, 0, 0, 1, 1, 0, 9, 2
1776618335, 1, 1, 1030, 1028, 25, 7.98%, 0, 0, 2, 5.57, 16, 112, 0, 370, 103260, 38733, 0, 0.000, 0, 0, 0.871842, 1.000000, 19810, 0, 0, 1, 1, 0, 9, 2
1776618340, 1, 1, 1033, 1031, 25, 7.98%, 0, 0, 2, 6.08, 16, 112, 0, 370, 103260, 38733, 0, 0.000, 0, 0, 0.871932, 0.931000, 19826, 0, 0, 1, 1, 0, 9, 2
1776618345, 1, 1, 1033, 1031, 25, 7.98%, 0, 0, 2, 5.66, 16, 112, 0, 370, 103260, 38733, 0, 0.000, 0, 0, 0.872034, 1.000000, 19844, 0, 0, 1, 1, 0, 9, 2
1776618351, 1, 1, 1033, 1031, 25, 7.98%, 0, 0, 2, 5.65, 16, 112, 0, 370, 103260, 38733, 0, 0.000, 0, 0, 0.872197, 1.000000, 19873, 0, 0, 1, 1, 0, 9, 2
1776618356, 1, 1, 1033, 1031, 25, 7.98%, 0, 0, 2, 5.63, 16, 112, 0, 370, 103260, 38733, 0, 0.000, 0, 0, 0.872353, 1.000000, 19901, 0, 0, 1, 1, 0, 9, 2
1776618361, 1, 1, 1036, 1034, 25, 7.98%, 0, 0, 2, 1.09, 16, 112, 0, 370, 103260, 38733, 0, 0.000, 0, 0, 0.872393, 0.950000, 19908, 0, 0, 1, 1, 0, 9, 2
1776618366, 1, 1, 1037, 1035, 25, 7.98%, 0, 0, 2, 7.10, 16, 112, 0, 370, 103260, 38733, 0, 0.000, 0, 0, 0.872516, 0.866761, 19930, 0, 0, 1, 1, 0, 9, 2
1776618371, 1, 1, 1037, 1035, 25, 7.98%, 0, 0, 2, 7.38, 16, 112, 0, 370, 103260, 38733, 0, 0.000, 0, 0, 0.872605, 1.000000, 19946, 0, 0, 1, 1, 0, 9, 2
1776618376, 1, 1, 1038, 1036, 25, 7.98%, 0, 0, 2, 6.22, 16, 112, 0, 370, 103260, 38733, 0, 0.000, 0, 0, 0.872722, 1.000000, 19967, 0, 0, 1, 1, 0, 9, 2
1776618381, 1, 1, 1039, 1037, 25, 7.98%, 0, 0, 2, 5.82, 16, 112, 0, 370, 103260, 38733, 0, 0.000, 0, 0, 0.872844, 0.766607, 19989, 0, 0, 1, 1, 0, 9, 2
1776618387, 1, 1, 1040, 1038, 25, 7.98%, 0, 0, 2, 5.88, 16, 112, 0, 370, 103260, 38733, 0, 0.000, 0, 0, 0.872960, 0.664465, 20010, 0, 0, 1, 1, 0, 9, 2
1776618392, 1, 1, 1040, 1038, 25, 7.98%, 0, 0, 2, 5.69, 16, 112, 0, 370, 103260, 38733, 0, 0.000, 0, 0, 0.873093, 1.000000, 20034, 0, 0, 1, 1, 0, 9, 2
1776618397, 1, 1, 1041, 1039, 25, 7.98%, 0, 0, 2, 5.56, 16, 112, 0, 370, 103260, 38733, 0, 0.000, 0, 0, 0.873209, 0.631242, 20055, 0, 0, 1, 1, 0, 9, 2
1776618402, 1, 1, 1042, 1040, 25, 7.98%, 0, 0, 2, 3.32, 16, 112, 0, 370, 103260, 38733, 0, 0.000, 0, 0, 0.873292, 1.000000, 20070, 0, 0, 1, 1, 0, 9, 2
1776618407, 1, 1, 1042, 1040, 25, 7.98%, 0, 0, 2, 4.91, 16, 112, 0, 370, 103260, 38733, 0, 0.000, 0, 0, 0.873463, 1.000000, 20101, 0, 0, 1, 1, 0, 9, 2
1776618412, 1, 1, 1042, 1040, 25, 7.98%, 0, 0, 2, 6.44, 16, 112, 0, 370, 103260, 38733, 0, 0.000, 0, 0, 0.873595, 1.000000, 20125, 0, 0, 1, 1, 0, 9, 2
1776618418, 1, 1, 1043, 1041, 25, 7.98%, 0, 0, 2, 1.14, 16, 112, 0, 370, 103260, 38733, 0, 0.000, 0, 0, 0.873748, 1.000000, 20153, 0, 0, 1, 1, 0, 9, 2
1776618423, 1, 1, 1045, 1043, 25, 7.98%, 0, 0, 2, 6.49, 16, 112, 0, 370, 103260, 38733, 0, 0.000, 0, 0, 0.873797, 1.000000, 20162, 0, 0, 1, 1, 0, 9, 2
1776618428, 1, 1, 1045, 1043, 25, 7.98%, 0, 0, 2, 5.76, 16, 112, 0, 370, 103260, 38733, 0, 0.000, 0, 0, 0.873939, 1.000000, 20188, 0, 0, 1, 1, 0, 9, 2
1776618434, 1, 1, 1045, 1043, 25, 7.98%, 0, 0, 2, 5.67, 16, 112, 0, 370, 103260, 38733, 0, 0.000, 0, 0, 0.874103, 1.000000, 20218, 0, 0, 1, 1, 0, 9, 2
1776618439, 1, 1, 1046, 1044, 25, 7.98%, 0, 0, 2, 2.69, 16, 112, 0, 370, 103260, 38733, 0, 0.000, 0, 0, 0.874190, 1.000000, 20234, 0, 0, 1, 1, 0, 9, 2
1776618444, 1, 1, 1046, 1044, 25, 7.98%, 0, 0, 2, 4.45, 16, 112, 0, 370, 103260, 38733, 0, 0.000, 0, 0, 0.874342, 1.000000, 20262, 0, 0, 1, 1, 0, 9, 2
1776618449, 1, 1, 1046, 1044, 25, 7.98%, 0, 0, 2, 5.05, 16, 112, 0, 370, 103260, 38733, 0, 0.000, 0, 0, 0.874461, 1.000000, 20284, 0, 0, 1, 1, 0, 9, 2
1776618454, 1, 1, 1047, 1045, 25, 7.98%, 0, 0, 2, 5.49, 16, 112, 0, 370, 103260, 38733, 0, 0.000, 0, 0, 0.874580, 1.000000, 20306, 0, 0, 1, 1, 0, 9, 2
1776618459, 1, 1, 1047, 1045, 25, 7.98%, 0, 0, 2, 5.49, 16, 112, 0, 370, 103260, 38733, 0, 0.000, 0, 0, 0.874720, 1.000000, 20332, 0, 0, 1, 1, 0, 9, 2
1776618465, 1, 1, 1047, 1045, 25, 7.98%, 0, 0, 2, 5.52, 16, 112, 0, 370, 103260, 38733, 0, 0.000, 0, 0, 0.874887, 1.000000, 20363, 0, 0, 1, 1, 0, 9, 2
1776618470, 1, 1, 1047, 1045, 25, 7.98%, 0, 0, 2, 5.75, 16, 112, 0, 370, 103260, 38733, 0, 0.000, 0, 0, 0.875048, 1.000000, 20393, 0, 0, 1, 1, 0, 9, 2
1776618475, 1, 1, 1047, 1045, 25, 7.98%, 0, 0, 2, 6.78, 16, 112, 0, 370, 103260, 38733, 0, 0.000, 0, 0, 0.875177, 1.000000, 20417, 0, 0, 1, 1, 0, 9, 2
1776618480, 1, 1, 1047, 1045, 25, 7.98%, 0, 0, 2, 6.18, 16, 112, 0, 370, 103260, 38733, 0, 0.000, 0, 0, 0.875332, 1.000000, 20446, 0, 0, 1, 1, 0, 9, 2
1776618486, 1, 1, 1047, 1045, 25, 7.98%, 0, 0, 2, 5.07, 16, 112, 0, 370, 103260, 38733, 0, 0.000, 0, 0, 0.875449, 1.000000, 20468, 0, 0, 1, 1, 0, 9, 2
1776618491, 1, 1, 1047, 1045, 25, 7.98%, 0, 0, 2, 5.80, 16, 112, 0, 370, 103260, 38733, 0, 0.000, 0, 0, 0.875619, 1.000000, 20500, 0, 0, 1, 1, 0, 9, 2
1776618496, 1, 1, 1047, 1045, 25, 7.98%, 0, 0, 2, 5.53, 16, 112, 0, 370, 103260, 38733, 0, 0.000, 0, 0, 0.875757, 1.000000, 20526, 0, 0, 1, 1, 0, 10, 2
1776618501, 1, 1, 1047, 1045, 25, 7.98%, 0, 0, 2, 5.63, 16, 112, 0, 370, 103260, 38733, 0, 0.000, 0, 0, 0.875916, 1.000000, 20556, 0, 0, 1, 1, 0, 10, 2
1776618506, 1, 1, 1047, 1045, 25, 7.98%, 0, 0, 2, 5.42, 16, 112, 0, 370, 103260, 38733, 0, 0.000, 0, 0, 0.876048, 1.000000, 20581, 0, 0, 1, 1, 0, 10, 2
1776618512, 1, 1, 1048, 1046, 25, 7.98%, 0, 0, 2, 5.72, 16, 112, 0, 370, 103260, 38733, 0, 0.000, 0, 0, 0.876175, 1.000000, 20605, 0, 0, 1, 1, 0, 10, 2
1776618517, 1, 1, 1048, 1046, 25, 7.98%, 0, 0, 2, 6.19, 16, 112, 0, 370, 103260, 38733, 0, 0.000, 0, 0, 0.876343, 1.000000, 20637, 0, 0, 1, 1, 0, 10, 2
1776618522, 1, 1, 1049, 1047, 25, 7.98%, 0, 0, 2, 5.17, 16, 112, 0, 370, 103260, 38733, 0, 0.000, 0, 0, 0.876437, 0.823423, 20655, 0, 0, 1, 1, 0, 10, 2
1776618527, 1, 1, 1049, 1047, 25, 7.98%, 0, 0, 2, 5.77, 16, 112, 0, 370, 103260, 38733, 0, 0.000, 0, 0, 0.876568, 1.000000, 20680, 0, 0, 1, 1, 0, 10, 2
1776618533, 1, 1, 1050, 1048, 25, 7.98%, 0, 0, 2, 5.58, 16, 112, 0, 370, 103260, 38733, 0, 0.000, 0, 0, 0.876662, 1.000000, 20698, 0, 0, 1, 1, 0, 10, 2
1776618538, 1, 1, 1050, 1048, 25, 7.98%, 0, 0, 2, 5.72, 16, 112, 0, 370, 103260, 38733, 0, 0.000, 0, 0, 0.876814, 1.000000, 20727, 0, 0, 1, 1, 0, 10, 2
1776618543, 1, 1, 1050, 1048, 25, 7.98%, 0, 0, 2, 6.07, 16, 112, 0, 370, 103260, 38733, 0, 0.000, 0, 0, 0.876965, 1.000000, 20756, 0, 0, 1, 1, 0, 10, 2
1776618548, 1, 1, 1050, 1048, 25, 7.98%, 0, 0, 2, 5.96, 16, 112, 0, 370, 103260, 38733, 0, 0.000, 0, 0, 0.877115, 1.000000, 20785, 0, 0, 1, 1, 0, 10, 2
1776618553, 1, 1, 1051, 1049, 25, 7.98%, 0, 0, 2, 5.86, 16, 112, 0, 370, 103260, 38733, 0, 0.000, 0, 0, 0.877203, 1.000000, 20802, 0, 0, 1, 1, 0, 10, 2
1776618560, 1, 1, 1052, 1050, 25, 7.98%, 0, 0, 2, 5.48, 16, 112, 0, 370, 103260, 38733, 0, 0.000, 0, 0, 0.877353, 1.000000, 20831, 0, 0, 1, 1, 0, 10, 2
1776618565, 1, 1, 1052, 1050, 25, 7.98%, 0, 0, 2, 5.96, 16, 112, 0, 370, 103260, 38733, 0, 0.000, 0, 0, 0.877477, 1.000000, 20855, 0, 0, 1, 1, 0, 10, 2
1776618570, 1, 1, 1052, 1050, 25, 7.98%, 0, 0, 2, 5.72, 16, 112, 0, 370, 103260, 38733, 0, 0.000, 0, 0, 0.877616, 1.000000, 20882, 0, 0, 1, 1, 0, 10, 2
1776618575, 1, 1, 1053, 1051, 25, 7.98%, 0, 0, 2, 5.66, 16, 112, 0, 370, 103260, 38733, 0, 0.000, 0, 0, 0.877734, 0.664465, 20905, 0, 0, 1, 1, 0, 10, 2
1776618580, 1, 1, 1054, 1052, 25, 7.98%, 0, 0, 2, 5.62, 16, 112, 0, 370, 103260, 38733, 0, 0.000, 0, 0, 0.877822, 1.000000, 20922, 0, 0, 1, 1, 0, 10, 2
1776618585, 1, 1, 1055, 1053, 25, 7.98%, 0, 0, 2, 5.88, 16, 112, 0, 370, 103260, 38733, 0, 0.000, 0, 0, 0.877934, 1.000000, 20944, 0, 0, 1, 1, 0, 10, 2
1776618591, 1, 1, 1055, 1053, 25, 7.98%, 0, 0, 2, 3.54, 16, 112, 0, 370, 103260, 38733, 0, 0.000, 0, 0, 0.878067, 1.000000, 20970, 0, 0, 1, 1, 0, 10, 2
1776618597, 1, 1, 1055, 1053, 25, 7.98%, 0, 0, 2, 0.66, 16, 112, 0, 370, 103260, 38733, 0, 0.000, 0, 0, 0.878215, 1.000000, 20999, 0, 0, 1, 1, 0, 10, 2
1776618602, 1, 1, 1055, 1053, 25, 7.98%, 0, 0, 2, 6.03, 16, 112, 0, 370, 103260, 38733, 0, 0.000, 0, 0, 0.878373, 1.000000, 21030, 0, 0, 1, 1, 0, 10, 3
1776618607, 1, 1, 1055, 1053, 25, 7.98%, 0, 0, 2, 6.18, 16, 112, 0, 370, 103260, 38733, 0, 0.000, 0, 0, 0.878520, 1.000000, 21059, 0, 0, 1, 1, 0, 10, 3
1776618612, 1, 1, 1055, 1053, 25, 7.98%, 0, 0, 2, 5.99, 16, 112, 0, 370, 103260, 38733, 0, 0.000, 0, 0, 0.878677, 1.000000, 21090, 0, 0, 1, 1, 0, 10, 3
1776618618, 1, 1, 1056, 1054, 25, 7.98%, 0, 0, 2, 5.70, 16, 112, 0, 370, 103260, 38733, 0, 0.000, 0, 0, 0.878773, 1.000000, 21109, 0, 0, 1, 1, 0, 10, 3
1776618623, 1, 1, 1056, 1054, 25, 7.98%, 0, 0, 2, 5.72, 16, 112, 0, 370, 103260, 38733, 0, 0.000, 0, 0, 0.878919, 1.000000, 21138, 0, 0, 1, 1, 0, 10, 3
1776618628, 1, 1, 1056, 1054, 25, 7.98%, 0, 0, 2, 5.83, 16, 112, 0, 370, 103260, 38733, 0, 0.000, 0, 0, 0.879045, 1.000000, 21163, 0, 0, 1, 1, 0, 10, 3
1776618634, 1, 1, 1057, 1055, 25, 7.98%, 0, 0, 2, 0.66, 16, 112, 0, 370, 103260, 38733, 0, 0.000, 0, 0, 0.879175, 0.866761, 21189, 0, 0, 1, 1, 0, 10, 3
1776618639, 1, 1, 1058, 1056, 25, 7.98%, 0, 0, 2, 6.27, 16, 112, 0, 370, 103260, 38733, 0, 0.000, 0, 0, 0.879270, 0.678025, 21208, 0, 0, 1, 1, 0, 10, 3
1776618644, 1, 1, 1058, 1056, 25, 7.98%, 0, 0, 2, 5.67, 16, 112, 0, 370, 103260, 38733, 0, 0.000, 0, 0, 0.879385, 1.000000, 21231, 0, 0, 1, 1, 0, 10, 3
1776618649, 1, 1, 1059, 1057, 25, 7.98%, 0, 0, 2, 5.72, 16, 112, 0, 370, 103260, 38733, 0, 0.000, 0, 0, 0.879500, 0.587686, 21254, 0, 0, 1, 1, 0, 10, 3
1776618655, 1, 1, 1059, 1057, 25, 7.98%, 0, 0, 2, 5.75, 16, 112, 0, 370, 103260, 38733, 0, 0.000, 0, 0, 0.879640, 1.000000, 21282, 0, 0, 1, 1, 0, 10, 3
1776618660, 1, 1, 1059, 1057, 25, 7.98%, 0, 0, 2, 5.90, 16, 112, 0, 370, 103260, 38733, 0, 0.000, 0, 0, 0.879789, 1.000000, 21312, 0, 0, 1, 1, 0, 10, 3
1776618665, 1, 1, 1060, 1058, 25, 7.98%, 0, 0, 2, 6.81, 16, 112, 0, 370, 103260, 38733, 0, 0.000, 0, 0, 0.879873, 1.000000, 21329, 0, 0, 1, 1, 0, 10, 3
1776618670, 1, 1, 1061, 1059, 25, 7.98%, 0, 0, 2, 6.14, 16, 112, 0, 370, 103260, 38733, 0, 0.000, 0, 0, 0.880002, 0.823423, 21355, 0, 0, 1, 1, 0, 10, 3
1776618675, 1, 1, 1061, 1059, 25, 7.98%, 0, 0, 2, 5.07, 16, 112, 0, 370, 103260, 38733, 0, 0.000, 0, 0, 0.880086, 1.000000, 21372, 0, 0, 1, 1, 0, 10, 3
1776618680, 1, 1, 1063, 1061, 25, 7.99%, 0, 0, 2, 5.57, 16, 112, 0, 370, 103260, 38733, 0, 0.000, 0, 0, 0.880174, 1.000000, 21390, 0, 0, 1, 1, 0, 10, 3
1776618685, 1, 1, 1064, 1062, 25, 7.99%, 0, 0, 2, 5.46, 16, 112, 0, 370, 103260, 38733, 0, 0.000, 0, 0, 0.880248, 1.000000, 21405, 0, 0, 1, 1, 0, 10, 3
1776618690, 1, 1, 1065, 1063, 25, 7.99%, 0, 0, 2, 5.94, 16, 112, 0, 370, 103260, 38733, 0, 0.000, 0, 0, 0.880357, 1.000000, 21427, 0, 0, 1, 1, 0, 10, 3
1776618695, 1, 1, 1065, 1063, 25, 7.99%, 0, 0, 2, 6.46, 16, 112, 0, 370, 103260, 38733, 0, 0.000, 0, 0, 0.880524, 1.000000, 21461, 0, 0, 1, 1, 0, 10, 3
1776618701, 1, 1, 1066, 1064, 25, 7.99%, 0, 0, 2, 5.92, 16, 112, 0, 370, 103260, 38733, 0, 0.000, 0, 0, 0.880607, 1.000000, 21478, 0, 0, 1, 1, 0, 10, 3
1776618706, 1, 1, 1067, 1065, 25, 7.99%, 0, 0, 2, 5.89, 16, 112, 0, 370, 103260, 38733, 0, 0.000, 0, 0, 0.880739, 0.806954, 21505, 0, 0, 1, 1, 0, 10, 3
1776618711, 1, 1, 1067, 1065, 25, 7.99%, 0, 0, 2, 7.04, 16, 112, 0, 370, 103260, 38733, 0, 0.000, 0, 0, 0.880836, 1.000000, 21525, 0, 0, 1, 1, 0, 10, 3
1776618716, 1, 1, 1068, 1066, 25, 7.99%, 0, 0, 2, 6.01, 16, 112, 0, 370, 103260, 38733, 0, 0.000, 0, 0, 0.880944, 0.678025, 21547, 0, 0, 1, 1, 0, 10, 3
1776618721, 1, 1, 1068, 1066, 25, 7.99%, 0, 0, 2, 6.08, 16, 112, 0, 370, 103260, 38733, 0, 0.000, 0, 0, 0.881085, 1.000000, 21576, 0, 0, 1, 1, 0, 10, 3
1776618727, 1, 1, 1068, 1066, 25, 7.99%, 0, 0, 2, 5.95, 16, 112, 0, 370, 103260, 38733, 0, 0.000, 0, 0, 0.881225, 1.000000, 21605, 0, 0, 1, 1, 0, 10, 3
1776618732, 1, 1, 1068, 1066, 25, 7.99%, 0, 0, 2, 6.13, 16, 112, 0, 370, 103260, 38733, 0, 0.000, 0, 0, 0.881375, 1.000000, 21636, 0, 0, 1, 1, 0, 10, 3
1776618737, 1, 1, 1070, 1068, 25, 7.99%, 0, 0, 2, 5.77, 16, 112, 0, 370, 103260, 38733, 0, 0.000, 0, 0, 0.881438, 0.806954, 21649, 0, 0, 1, 1, 0, 10, 3
1776618742, 1, 1, 1070, 1068, 25, 7.99%, 0, 0, 2, 5.90, 16, 112, 0, 370, 103260, 38733, 0, 0.000, 0, 0, 0.881559, 1.000000, 21674, 0, 0, 1, 1, 0, 10, 3
1776618747, 1, 1, 1071, 1069, 25, 7.99%, 0, 0, 2, 5.06, 16, 112, 0, 370, 103260, 38733, 0, 0.000, 0, 0, 0.881626, 1.000000, 21688, 0, 0, 1, 1, 0, 10, 3
1776618752, 1, 1, 1071, 1069, 25, 7.99%, 0, 0, 2, 5.63, 16, 112, 0, 370, 103260, 38733, 0, 0.000, 0, 0, 0.881770, 1.000000, 21718, 0, 0, 1, 1, 0, 10, 3
1776618757, 1, 1, 1071, 1069, 25, 7.99%, 0, 0, 2, 5.69, 16, 112, 0, 370, 103260, 38733, 0, 0.000, 0, 0, 0.881900, 1.000000, 21745, 0, 0, 1, 1, 0, 10, 3
1776618762, 1, 1, 1071, 1069, 25, 7.99%, 0, 0, 2, 5.68, 16, 112, 0, 370, 103260, 38733, 0, 0.000, 0, 0, 0.882034, 1.000000, 21773, 0, 0, 1, 1, 0, 10, 3
1776618768, 1, 1, 1071, 1069, 25, 7.99%, 0, 0, 2, 6.06, 16, 112, 0, 370, 103260, 38733, 0, 0.000, 0, 0, 0.882191, 1.000000, 21806, 0, 0, 1, 1, 0, 10, 3
1776618773, 1, 1, 1071, 1069, 25, 7.99%, 0, 0, 2, 7.32, 16, 112, 0, 370, 103260, 38733, 0, 0.000, 0, 0, 0.882315, 1.000000, 21832, 0, 0, 1, 1, 0, 10, 3
1776618778, 1, 1, 1072, 1070, 25, 7.99%, 0, 0, 2, 6.23, 16, 112, 0, 370, 103260, 38733, 0, 0.000, 0, 0, 0.882415, 1.000000, 21853, 0, 0, 1, 1, 0, 10, 3
1776618783, 1, 1, 1073, 1071, 25, 7.99%, 0, 0, 2, 7.06, 16, 112, 0, 370, 103260, 38733, 0, 0.000, 0, 0, 0.882491, 1.000000, 21869, 0, 0, 1, 1, 0, 10, 3
1776618789, 1, 1, 1074, 1072, 25, 7.99%, 0, 0, 2, 6.39, 16, 112, 0, 370, 103260, 38733, 0, 0.000, 0, 0, 0.882604, 0.618617, 21893, 0, 0, 1, 1, 0, 10, 3
1776618794, 1, 1, 1074, 1072, 25, 7.99%, 0, 0, 2, 5.95, 16, 112, 0, 370, 103260, 38733, 0, 0.000, 0, 0, 0.882732, 1.000000, 21920, 0, 0, 1, 1, 0, 10, 3
1776618799, 1, 1, 1074, 1072, 25, 7.99%, 0, 0, 2, 5.65, 16, 112, 0, 370, 103260, 38733, 0, 0.000, 0, 0, 0.882864, 1.000000, 21948, 0, 0, 1, 1, 0, 10, 3
1776618804, 1, 1, 1074, 1072, 25, 7.99%, 0, 0, 2, 5.65, 16, 112, 0, 370, 103260, 38733, 0, 0.000, 0, 0, 0.883001, 1.000000, 21977, 0, 0, 1, 1, 0, 10, 3
1776618809, 1, 1, 1074, 1072, 25, 7.99%, 0, 0, 2, 6.40, 16, 112, 0, 370, 103260, 38733, 0, 0.000, 0, 0, 0.883118, 1.000000, 22002, 0, 0, 1, 1, 0, 10, 3
1776618815, 1, 1, 1074, 1072, 25, 7.99%, 0, 0, 2, 5.76, 16, 112, 0, 370, 103260, 38733, 0, 0.000, 0, 0, 0.883254, 1.000000, 22031, 0, 0, 1, 1, 0, 10, 3
1776618820, 1, 1, 1074, 1072, 25, 7.99%, 0, 0, 2, 6.37, 16, 112, 0, 370, 103260, 38733, 0, 0.000, 0, 0, 0.883347, 1.000000, 22051, 0, 0, 1, 1, 0, 10, 3
1776618825, 1, 1, 1074, 1072, 25, 7.99%, 0, 0, 2, 6.17, 16, 112, 0, 370, 103260, 38733, 0, 0.000, 0, 0, 0.883492, 1.000000, 22082, 0, 0, 1, 1, 0, 10, 3
1776618830, 1, 1, 1074, 1072, 25, 7.99%, 0, 0, 2, 5.89, 16, 112, 0, 370, 103260, 38733, 0, 0.000, 0, 0, 0.883618, 1.000000, 22109, 0, 0, 1, 1, 0, 11, 3
1776618836, 1, 1, 1074, 1072, 25, 7.99%, 0, 0, 2, 5.79, 16, 112, 0, 370, 103260, 38733, 0, 0.000, 0, 0, 0.883762, 1.000000, 22140, 0, 0, 1, 1, 0, 11, 3
1776618841, 1, 1, 1075, 1073, 25, 7.99%, 0, 0, 2, 5.69, 16, 112, 0, 370, 103260, 38733, 0, 0.000, 0, 0, 0.883845, 1.000000, 22158, 0, 0, 1, 1, 0, 11, 3
1776618846, 1, 1, 1076, 1074, 25, 7.99%, 0, 0, 2, 5.63, 16, 112, 0, 370, 103260, 38733, 0, 0.000, 0, 0, 0.883984, 1.000000, 22188, 0, 0, 1, 1, 0, 11, 3
1776618851, 1, 1, 1076, 1074, 25, 7.99%, 0, 0, 2, 5.64, 16, 112, 0, 370, 103260, 38733, 0, 0.000, 0, 0, 0.884053, 1.000000, 22203, 0, 0, 1, 1, 0, 11, 3
1776618857, 1, 1, 1077, 1075, 25, 7.99%, 0, 0, 2, 5.47, 16, 112, 0, 370, 103260, 38733, 0, 0.000, 0, 0, 0.884146, 1.000000, 22223, 0, 0, 1, 1, 0, 11, 3
1776618862, 1, 1, 1077, 1075, 25, 7.99%, 0, 0, 2, 5.54, 16, 112, 0, 370, 103260, 38733, 0, 0.000, 0, 0, 0.884279, 1.000000, 22252, 0, 0, 1, 1, 0, 11, 3
1776618867, 1, 1, 1077, 1075, 25, 7.99%, 0, 0, 2, 5.39, 16, 112, 0, 370, 103260, 38733, 0, 0.000, 0, 0, 0.884394, 1.000000, 22277, 0, 0, 1, 1, 0, 11, 3
1776618873, 1, 1, 1078, 1076, 25, 7.99%, 0, 0, 2, 5.32, 16, 112, 0, 370, 103260, 38733, 0, 0.000, 0, 0, 0.884518, 0.950000, 22304, 0, 0, 1, 1, 0, 11, 3
1776618878, 1, 1, 1078, 1076, 25, 7.99%, 0, 0, 2, 5.31, 16, 112, 0, 370, 103260, 38733, 0, 0.000, 0, 0, 0.884605, 1.000000, 22323, 0, 0, 1, 1, 0, 11, 3
1776618883, 1, 1, 1079, 1077, 25, 7.99%, 0, 0, 2, 5.47, 16, 112, 0, 370, 103260, 38733, 0, 0.000, 0, 0, 0.884701, 1.000000, 22344, 0, 0, 1, 1, 0, 11, 3
1776618888, 1, 1, 1080, 1078, 25, 7.99%, 0, 0, 2, 6.86, 16, 112, 0, 370, 103260, 38733, 0, 0.000, 0, 0, 0.884783, 1.000000, 22362, 0, 0, 1, 1, 0, 11, 3
1776618893, 1, 1, 1080, 1078, 25, 7.99%, 0, 0, 2, 5.85, 16, 112, 0, 370, 103260, 38733, 0, 0.000, 0, 0, 0.884906, 1.000000, 22389, 0, 0, 1, 1, 0, 11, 3
1776618898, 1, 1, 1081, 1079, 25, 7.99%, 0, 0, 2, 5.30, 16, 112, 0, 370, 103260, 38733, 0, 0.000, 0, 0, 0.884960, 1.000000, 22401, 0, 0, 1, 1, 0, 11, 3
1776618904, 1, 1, 1082, 1080, 25, 7.99%, 0, 0, 2, 5.61, 16, 112, 0, 370, 103260, 38733, 0, 0.000, 0, 0, 0.885060, 1.000000, 22423, 0, 0, 1, 1, 0, 11, 3
1776618909, 1, 1, 1083, 1081, 25, 7.99%, 0, 0, 2, 5.43, 16, 112, 0, 370, 103260, 38733, 0, 0.000, 0, 0, 0.885133, 0.587686, 22439, 0, 0, 1, 1, 0, 11, 3
1776618914, 1, 1, 1083, 1081, 25, 7.99%, 0, 0, 2, 5.95, 16, 112, 0, 370, 103260, 38733, 0, 0.000, 0, 0, 0.885278, 1.000000, 22471, 0, 0, 1, 1, 0, 11, 3
1776618919, 1, 1, 1084, 1082, 25, 7.99%, 0, 0, 2, 5.78, 16, 112, 0, 370, 103260, 38733, 0, 0.000, 0, 0, 0.885363, 1.000000, 22490, 0, 0, 1, 1, 0, 11, 3
1776618924, 1, 1, 1085, 1083, 25, 7.99%, 0, 0, 2, 5.70, 16, 112, 0, 370, 103260, 38733, 0, 0.000, 0, 0, 0.885485, 1.000000, 22517, 0, 0, 1, 1, 0, 11, 3
1776618930, 1, 1, 1086, 1084, 25, 7.99%, 0, 0, 2, 5.63, 16, 112, 0, 370, 103260, 38733, 0, 0.000, 0, 0, 0.885548, 1.000000, 22531, 0, 0, 1, 1, 0, 11, 3
1776618935, 1, 1, 1087, 1085, 25, 7.99%, 0, 0, 2, 4.24, 16, 112, 0, 370, 103260, 38733, 0, 0.000, 0, 0, 0.885642, 0.884450, 22552, 0, 0, 1, 1, 0, 11, 3
1776618940, 1, 1, 1088, 1086, 25, 7.99%, 0, 0, 2, 5.29, 16, 112, 0, 370, 103260, 38733, 0, 0.000, 0, 0, 0.885714, 1.000000, 22568, 0, 0, 1, 1, 0, 11, 3
1776618945, 1, 1, 1088, 1086, 25, 7.99%, 0, 0, 2, 5.29, 16, 112, 0, 370, 103260, 38733, 0, 0.000, 0, 0, 0.885831, 1.000000, 22594, 0, 0, 1, 1, 0, 11, 3
1776618951, 1, 1, 1089, 1087, 25, 7.99%, 0, 0, 2, 5.58, 16, 112, 0, 370, 103260, 38733, 0, 0.000, 0, 0, 0.885925, 1.000000, 22615, 0, 0, 1, 1, 0, 11, 3
1776618956, 1, 1, 1089, 1087, 25, 7.99%, 0, 0, 2, 5.38, 16, 112, 0, 370, 103260, 38733, 0, 0.000, 0, 0, 0.886036, 1.000000, 22640, 0, 0, 1, 1, 0, 11, 3
1776618961, 1, 1, 1089, 1087, 25, 7.99%, 0, 0, 2, 5.45, 16, 112, 0, 370, 103260, 38733, 0, 0.000, 0, 0, 0.886157, 1.000000, 22667, 0, 0, 1, 1, 0, 11, 3
1776618966, 1, 1, 1089, 1087, 25, 7.99%, 0, 0, 2, 5.64, 16, 112, 0, 370, 103260, 38733, 0, 0.000, 0, 0, 0.886277, 1.000000, 22694, 0, 0, 1, 1, 0, 11, 3
1776618971, 1, 1, 1089, 1087, 25, 7.99%, 0, 0, 2, 5.43, 16, 112, 0, 370, 103260, 38733, 0, 0.000, 0, 0, 0.886401, 1.000000, 22722, 0, 0, 1, 1, 0, 11, 3
1776618976, 1, 1, 1089, 1087, 25, 7.99%, 0, 0, 2, 5.96, 16, 112, 0, 370, 103260, 38733, 0, 0.000, 0, 0, 0.886503, 1.000000, 22745, 0, 0, 1, 1, 0, 11, 3
1776618981, 1, 1, 1089, 1087, 25, 7.99%, 0, 0, 2, 6.07, 16, 112, 0, 370, 103260, 38733, 0, 0.000, 0, 0, 0.886635, 1.000000, 22775, 0, 0, 1, 1, 0, 11, 3
1776618986, 1, 1, 1089, 1087, 25, 7.99%, 0, 0, 2, 5.86, 16, 112, 0, 370, 103260, 38733, 0, 0.000, 0, 0, 0.886750, 1.000000, 22801, 0, 0, 1, 1, 0, 11, 3
1776618992, 1, 1, 1090, 1088, 25, 7.99%, 0, 0, 2, 5.37, 16, 112, 0, 370, 103260, 38733, 0, 0.000, 0, 0, 0.886829, 1.000000, 22819, 0, 0, 1, 1, 0, 12, 3
1776618997, 1, 1, 1091, 1089, 25, 7.99%, 0, 0, 2, 5.56, 16, 112, 0, 370, 103260, 38733, 0, 0.000, 0, 0, 0.886926, 1.000000, 22841, 0, 0, 1, 1, 0, 12, 3
1776619002, 1, 1, 1092, 1090, 25, 7.99%, 0, 0, 2, 5.77, 16, 112, 0, 370, 103260, 38733, 0, 0.000, 0, 0, 0.887014, 1.000000, 22861, 0, 0, 1, 1, 0, 12, 3
1776619007, 1, 1, 1093, 1091, 25, 8.00%, 0, 0, 2, 6.03, 16, 112, 0, 370, 103260, 38733, 0, 0.000, 0, 0, 0.887110, 1.000000, 22883, 0, 0, 1, 1, 0, 12, 3
1776619013, 1, 1, 1094, 1092, 25, 8.00%, 0, 0, 2, 5.97, 16, 112, 0, 370, 103260, 38733, 0, 0.000, 0, 0, 0.887180, 1.000000, 22899, 0, 0, 1, 1, 0, 12, 3
1776619018, 1, 1, 1094, 1092, 25, 8.00%, 0, 0, 2, 6.04, 16, 112, 0, 370, 103260, 38733, 0, 0.000, 0, 0, 0.887311, 1.000000, 22929, 0, 0, 1, 1, 0, 12, 3
1776619023, 1, 1, 1094, 1092, 25, 8.00%, 0, 0, 2, 5.64, 16, 112, 0, 370, 103260, 38733, 0, 0.000, 0, 0, 0.887428, 1.000000, 22956, 0, 0, 1, 1, 0, 12, 3
1776619028, 1, 1, 1094, 1092, 25, 8.00%, 0, 0, 2, 5.71, 16, 112, 0, 370, 103260, 38733, 0, 0.000, 0, 0, 0.887559, 1.000000, 22986, 0, 0, 1, 1, 0, 12, 3
1776619034, 1, 1, 1094, 1092, 25, 8.00%, 0, 0, 2, 5.64, 16, 112, 0, 370, 103260, 38733, 0, 0.000, 0, 0, 0.887680, 1.000000, 23014, 0, 0, 1, 1, 0, 12, 3
1776619039, 1, 1, 1094, 1092, 25, 8.00%, 0, 0, 2, 5.46, 16, 112, 0, 370, 103260, 38733, 0, 0.000, 0, 0, 0.887789, 1.000000, 23039, 0, 0, 1, 1, 0, 12, 3
1776619044, 1, 1, 1094, 1092, 25, 8.00%, 0, 0, 2, 5.65, 16, 112, 0, 370, 103260, 38733, 0, 0.000, 0, 0, 0.887909, 1.000000, 23067, 0, 0, 1, 1, 0, 12, 3
1776619049, 1, 1, 1094, 1092, 25, 8.00%, 0, 0, 2, 5.45, 16, 112, 0, 370, 103260, 38733, 0, 0.000, 0, 0, 0.888004, 1.000000, 23089, 0, 0, 1, 1, 0, 13, 3
1776619054, 1, 1, 1094, 1092, 25, 8.00%, 0, 0, 2, 5.98, 16, 112, 0, 370, 103260, 38733, 0, 0.000, 0, 0, 0.888138, 1.000000, 23120, 0, 0, 1, 1, 0, 13, 3
1776619060, 1, 1, 1094, 1092, 25, 8.00%, 0, 0, 2, 5.59, 16, 112, 0, 370, 103260, 38733, 0, 0.000, 0, 0, 0.888249, 1.000000, 23146, 0, 0, 1, 1, 0, 13, 3
1776619065, 1, 1, 1094, 1092, 25, 8.00%, 0, 0, 2, 5.63, 16, 112, 0, 370, 103260, 38733, 0, 0.000, 0, 0, 0.888378, 1.000000, 23176, 0, 0, 1, 1, 0, 13, 3
1776619070, 1, 1, 1094, 1092, 25, 8.00%, 0, 0, 2, 5.45, 16, 112, 0, 370, 103260, 38733, 0, 0.000, 0, 0, 0.888489, 1.000000, 23202, 0, 0, 1, 1, 0, 13, 3
1776619075, 1, 1, 1095, 1093, 25, 8.00%, 0, 0, 2, 5.85, 16, 112, 0, 370, 103260, 38733, 0, 0.000, 0, 0, 0.888587, 0.618617, 23225, 0, 0, 1, 1, 0, 13, 3
1776619081, 1, 1, 1095, 1093, 25, 8.00%, 0, 0, 2, 6.58, 16, 112, 0, 370, 103260, 38733, 0, 0.000, 0, 0, 0.888694, 1.000000, 23250, 0, 0, 1, 1, 0, 13, 3
1776619087, 1, 1, 1096, 1094, 25, 8.00%, 0, 0, 2, 0.65, 16, 112, 0, 370, 103260, 38733, 0, 0.000, 0, 0, 0.888817, 1.000000, 23279, 0, 0, 1, 1, 0, 13, 3
1776619092, 1, 1, 1096, 1094, 25, 8.00%, 0, 0, 2, 5.13, 16, 112, 0, 370, 103260, 38733, 0, 0.000, 0, 0, 0.888906, 1.000000, 23300, 0, 0, 1, 1, 0, 13, 3
1776619097, 1, 1, 1096, 1094, 25, 8.00%, 0, 0, 2, 5.34, 16, 112, 0, 370, 103260, 38733, 0, 0.000, 0, 0, 0.889020, 1.000000, 23327, 0, 0, 1, 1, 0, 13, 3
1776619103, 1, 1, 1096, 1094, 25, 8.00%, 0, 0, 2, 5.59, 16, 112, 0, 370, 103260, 38733, 0, 0.000, 0, 0, 0.889143, 1.000000, 23356, 0, 0, 1, 1, 0, 13, 3
1776619108, 1, 1, 1096, 1094, 25, 8.00%, 0, 0, 2, 5.54, 16, 112, 0, 370, 103260, 38733, 0, 0.000, 0, 0, 0.889252, 1.000000, 23382, 0, 0, 1, 1, 0, 13, 3
1776619113, 1, 1, 1097, 1095, 25, 8.00%, 0, 0, 2, 5.93, 16, 112, 0, 370, 103260, 38733, 0, 0.000, 0, 0, 0.889353, 1.000000, 23406, 0, 0, 1, 1, 0, 13, 3
1776619118, 1, 1, 1098, 1096, 25, 8.00%, 0, 0, 2, 6.10, 16, 112, 0, 370, 103260, 38733, 0, 0.000, 0, 0, 0.889429, 1.000000, 23424, 0, 0, 1, 1, 0, 13, 3
1776619123, 1, 1, 1098, 1096, 25, 8.00%, 0, 0, 2, 5.75, 16, 112, 0, 370, 103260, 38733, 0, 0.000, 0, 0, 0.889546, 1.000000, 23452, 0, 0, 1, 1, 0, 13, 3
1776619128, 1, 1, 1098, 1096, 25, 8.00%, 0, 0, 2, 6.05, 16, 112, 0, 370, 103260, 38733, 0, 0.000, 0, 0, 0.889634, 1.000000, 23473, 0, 0, 1, 1, 0, 13, 3
1776619133, 1, 1, 1098, 1096, 25, 8.00%, 0, 0, 2, 5.97, 16, 112, 0, 370, 103260, 38733, 0, 0.000, 0, 0, 0.889760, 1.000000, 23503, 0, 0, 1, 1, 0, 13, 3
1776619138, 1, 1, 1098, 1096, 25, 8.00%, 0, 0, 2, 5.62, 16, 112, 0, 370, 103260, 38733, 0, 0.000, 0, 0, 0.889864, 1.000000, 23528, 0, 0, 1, 1, 0, 13, 3
1776619144, 1, 1, 1099, 1097, 25, 8.00%, 0, 0, 2, 5.49, 16, 112, 0, 370, 103260, 38733, 0, 0.000, 0, 0, 0.889976, 1.000000, 23555, 0, 0, 1, 1, 0, 13, 3
1776619149, 1, 1, 1099, 1097, 25, 8.00%, 0, 0, 2, 5.96, 16, 112, 0, 370, 103260, 38733, 0, 0.000, 0, 0, 0.890076, 1.000000, 23579, 0, 0, 1, 1, 0, 13, 3
1776619154, 1, 1, 1099, 1097, 25, 8.00%, 0, 0, 2, 5.64, 16, 112, 0, 370, 103260, 38733, 0, 0.000, 0, 0, 0.890184, 1.000000, 23605, 0, 0, 1, 1, 0, 13, 3
1776619159, 1, 1, 1099, 1097, 25, 8.00%, 0, 0, 2, 5.83, 16, 112, 0, 370, 103260, 38733, 0, 0.000, 0, 0, 0.890308, 1.000000, 23635, 0, 0, 1, 1, 0, 13, 3
1776619165, 1, 1, 1100, 1098, 25, 8.00%, 0, 0, 2, 5.68, 16, 112, 0, 370, 103260, 38733, 0, 0.000, 0, 0, 0.890370, 1.000000, 23650, 0, 0, 1, 1, 0, 13, 3
1776619170, 1, 1, 1100, 1098, 25, 8.00%, 0, 0, 2, 5.95, 16, 112, 0, 370, 103260, 38733, 0, 0.000, 0, 0, 0.890502, 1.000000, 23682, 0, 0, 1, 1, 0, 13, 3
1776619175, 1, 1, 1100, 1098, 25, 8.00%, 0, 0, 2, 5.69, 16, 112, 0, 370, 103260, 38733, 0, 0.000, 0, 0, 0.890613, 1.000000, 23709, 0, 0, 1, 1, 0, 13, 3
1776619180, 1, 1, 1101, 1099, 25, 8.00%, 0, 0, 2, 5.69, 16, 112, 0, 370, 103260, 38733, 0, 0.000, 0, 0, 0.890699, 1.000000, 23730, 0, 0, 1, 1, 0, 13, 3
1776619185, 1, 1, 1101, 1099, 25, 8.00%, 0, 0, 2, 5.75, 16, 112, 0, 370, 103260, 38733, 0, 0.000, 0, 0, 0.890814, 1.000000, 23758, 0, 0, 1, 1, 0, 13, 3
1776619191, 1, 1, 1101, 1099, 25, 8.00%, 0, 0, 2, 5.58, 16, 112, 0, 370, 103260, 38733, 0, 0.000, 0, 0, 0.890920, 1.000000, 23784, 0, 0, 1, 1, 0, 13, 3
1776619196, 1, 1, 1101, 1099, 25, 8.00%, 0, 0, 2, 6.08, 16, 112, 0, 370, 103260, 38733, 0, 0.000, 0, 0, 0.891055, 1.000000, 23817, 0, 0, 1, 1, 0, 13, 3
1776619201, 1, 1, 1102, 1100, 25, 8.00%, 0, 0, 2, 6.21, 16, 112, 0, 370, 103260, 38733, 0, 0.000, 0, 0, 0.891112, 0.587686, 23831, 0, 0, 1, 1, 0, 13, 3
1776619206, 1, 1, 1102, 1100, 25, 8.00%, 0, 0, 2, 5.99, 16, 112, 0, 370, 103260, 38733, 0, 0.000, 0, 0, 0.891238, 1.000000, 23862, 0, 0, 1, 1, 0, 13, 3
1776619211, 1, 1, 1103, 1101, 25, 8.00%, 0, 0, 2, 5.69, 16, 112, 0, 370, 103260, 38733, 0, 0.000, 0, 0, 0.891311, 1.000000, 23880, 0, 0, 1, 1, 0, 13, 3
1776619217, 1, 1, 1103, 1101, 25, 8.00%, 0, 0, 2, 5.53, 16, 112, 0, 370, 103260, 38733, 0, 0.000, 0, 0, 0.891428, 1.000000, 23909, 0, 0, 1, 1, 0, 13, 3
1776619222, 1, 1, 1103, 1101, 25, 8.00%, 0, 0, 2, 5.43, 16, 112, 0, 370, 103260, 38733, 0, 0.000, 0, 0, 0.891529, 1.000000, 23934, 0, 0, 1, 1, 0, 13, 3
1776619228, 1, 1, 1104, 1102, 25, 8.00%, 0, 0, 2, 5.49, 16, 112, 0, 370, 103260, 38733, 0, 0.000, 0, 0, 0.891655, 1.000000, 23965, 0, 0, 1, 1, 0, 13, 3
1776619233, 1, 1, 1104, 1102, 25, 8.00%, 0, 0, 2, 5.56, 16, 112, 0, 370, 103260, 38733, 0, 0.000, 0, 0, 0.891739, 1.000000, 23986, 0, 0, 1, 1, 0, 13, 3
1776619238, 1, 1, 1105, 1103, 25, 8.00%, 0, 0, 2, 0.65, 16, 112, 0, 370, 103260, 38733, 0, 0.000, 0, 0, 0.891804, 0.713711, 24002, 0, 0, 1, 1, 0, 13, 3
1776619243, 1, 1, 1105, 1103, 25, 8.00%, 0, 0, 2, 5.32, 16, 112, 0, 370, 103260, 38733, 0, 0.000, 0, 0, 0.891916, 1.000000, 24030, 0, 0, 1, 1, 0, 13, 3
1776619248, 1, 1, 1106, 1104, 25, 8.00%, 0, 0, 2, 5.47, 16, 112, 0, 370, 103260, 38733, 0, 0.000, 0, 0, 0.891992, 0.766607, 24049, 0, 0, 1, 1, 0, 13, 3
1776619254, 1, 1, 1106, 1104, 25, 8.00%, 0, 0, 2, 5.66, 16, 112, 0, 370, 103260, 38733, 0, 0.000, 0, 0, 0.892108, 1.000000, 24078, 0, 0, 1, 1, 0, 13, 3
1776619259, 1, 1, 1106, 1104, 25, 8.00%, 0, 0, 2, 5.58, 16, 112, 0, 370, 103260, 38733, 0, 0.000, 0, 0, 0.892216, 1.000000, 24105, 0, 0, 1, 1, 0, 13, 3
1776619264, 1, 1, 1106, 1104, 25, 8.00%, 0, 0, 2, 5.54, 16, 112, 0, 370, 103260, 38733, 0, 0.000, 0, 0, 0.892332, 1.000000, 24134, 0, 0, 1, 1, 0, 13, 3
1776619269, 1, 1, 1107, 1105, 25, 8.00%, 0, 0, 2, 5.44, 16, 112, 0, 370, 103260, 38733, 0, 0.000, 0, 0, 0.892399, 1.000000, 24151, 0, 0, 1, 1, 0, 13, 3
1776619276, 1, 1, 1107, 1105, 25, 8.00%, 0, 0, 2, 1.22, 16, 112, 0, 370, 103260, 38733, 0, 0.000, 0, 0, 0.892526, 1.000000, 24183, 0, 0, 1, 1, 0, 13, 3
1776619281, 1, 1, 1107, 1105, 25, 8.00%, 0, 0, 2, 5.73, 16, 112, 0, 370, 103260, 38733, 0, 0.000, 0, 0, 0.892637, 1.000000, 24211, 0, 0, 1, 1, 0, 13, 3
1776619286, 1, 1, 1108, 1106, 25, 8.00%, 0, 0, 2, 5.65, 16, 112, 0, 370, 103260, 38733, 0, 0.000, 0, 0, 0.892724, 0.664465, 24233, 0, 0, 1, 1, 0, 13, 3
1776619291, 1, 1, 1109, 1107, 25, 8.00%, 0, 0, 2, 5.52, 16, 112, 0, 370, 103260, 38733, 0, 0.000, 0, 0, 0.892799, 1.000000, 24252, 0, 0, 1, 1, 0, 13, 3
1776619296, 1, 1, 1109, 1107, 25, 8.00%, 0, 0, 2, 5.46, 16, 112, 0, 370, 103260, 38733, 0, 0.000, 0, 0, 0.892902, 1.000000, 24278, 0, 0, 1, 1, 0, 13, 3
1776619302, 1, 1, 1109, 1107, 25, 8.00%, 0, 0, 2, 5.56, 16, 112, 0, 370, 103260, 38733, 0, 0.000, 0, 0, 0.893016, 1.000000, 24307, 0, 0, 1, 1, 0, 13, 3
1776619307, 1, 1, 1109, 1107, 25, 8.00%, 0, 0, 2, 5.44, 16, 112, 0, 370, 103260, 38733, 0, 0.000, 0, 0, 0.893122, 1.000000, 24334, 0, 0, 1, 1, 0, 13, 3
1776619312, 1, 1, 1109, 1107, 25, 8.00%, 0, 0, 2, 5.70, 16, 112, 0, 370, 103260, 38733, 0, 0.000, 0, 0, 0.893243, 1.000000, 24365, 0, 0, 1, 1, 0, 13, 3
1776619317, 1, 1, 1110, 1108, 25, 8.00%, 0, 0, 2, 5.28, 16, 112, 0, 370, 103260, 38733, 0, 0.000, 0, 0, 0.893290, 1.000000, 24377, 0, 0, 1, 1, 0, 13, 3
1776619323, 1, 1, 1110, 1108, 25, 8.00%, 0, 0, 2, 5.70, 16, 112, 0, 370, 103260, 38733, 0, 0.000, 0, 0, 0.893408, 1.000000, 24407, 0, 0, 1, 1, 0, 13, 3
1776619328, 1, 1, 1110, 1108, 25, 8.00%, 0, 0, 2, 5.58, 16, 112, 0, 370, 103260, 38733, 0, 0.000, 0, 0, 0.893509, 1.000000, 24433, 0, 0, 1, 1, 0, 13, 3
1776619333, 1, 1, 1111, 1109, 25, 8.00%, 0, 0, 2, 5.44, 16, 112, 0, 370, 103260, 38733, 0, 0.000, 0, 0, 0.893579, 1.000000, 24451, 0, 0, 1, 1, 0, 13, 3
1776619338, 1, 1, 1111, 1109, 25, 8.00%, 0, 0, 2, 5.50, 16, 112, 0, 370, 103260, 38733, 0, 0.000, 0, 0, 0.893692, 1.000000, 24480, 0, 0, 1, 1, 0, 13, 3
1776619343, 1, 1, 1111, 1109, 25, 8.00%, 0, 0, 2, 1.76, 16, 112, 0, 370, 103260, 38733, 0, 0.000, 0, 0, 0.893792, 1.000000, 24506, 0, 0, 1, 1, 0, 13, 3
1776619348, 1, 1, 1111, 1109, 25, 8.00%, 0, 0, 2, 7.15, 16, 112, 0, 370, 103260, 38733, 0, 0.000, 0, 0, 0.893905, 1.000000, 24535, 0, 0, 1, 1, 0, 13, 3
1776619354, 1, 1, 1112, 1110, 25, 8.00%, 0, 0, 2, 4.67, 16, 112, 0, 370, 103260, 38733, 0, 0.000, 0, 0, 0.893963, 1.000000, 24550, 0, 0, 1, 1, 0, 13, 3
1776619359, 1, 1, 1113, 1111, 25, 8.00%, 0, 0, 2, 5.51, 16, 112, 0, 370, 103260, 38733, 0, 0.000, 0, 0, 0.894051, 1.000000, 24573, 0, 0, 1, 1, 0, 13, 3
1776619364, 1, 1, 1114, 1112, 25, 8.00%, 0, 0, 2, 5.51, 16, 112, 0, 370, 103260, 38733, 0, 0.000, 0, 0, 0.894121, 1.000000, 24591, 0, 0, 1, 1, 0, 13, 3
1776619369, 1, 1, 1114, 1112, 25, 8.00%, 0, 0, 2, 5.73, 16, 112, 0, 370, 103260, 38733, 0, 0.000, 0, 0, 0.894236, 1.000000, 24621, 0, 0, 1, 1, 0, 13, 3
1776619375, 1, 1, 1114, 1112, 25, 8.00%, 0, 0, 2, 5.92, 16, 112, 0, 370, 103260, 38733, 0, 0.000, 0, 0, 0.894347, 1.000000, 24650, 0, 0, 1, 1, 0, 13, 3
1776619380, 1, 1, 1114, 1112, 25, 8.00%, 0, 0, 2, 5.71, 16, 112, 0, 370, 103260, 38733, 0, 0.000, 0, 0, 0.894451, 1.000000, 24677, 0, 0, 1, 1, 0, 13, 3
1776619385, 1, 1, 1114, 1112, 25, 8.00%, 0, 0, 2, 5.92, 16, 112, 0, 370, 103260, 38733, 0, 0.000, 0, 0, 0.894565, 1.000000, 24707, 0, 0, 1, 1, 0, 13, 3
1776619390, 1, 1, 1114, 1112, 25, 8.00%, 0, 0, 2, 7.46, 16, 112, 0, 370, 103260, 38733, 0, 0.000, 0, 0, 0.894649, 1.000000, 24729, 0, 0, 1, 1, 0, 13, 3
1776619396, 1, 1, 1114, 1112, 25, 8.00%, 0, 0, 2, 6.43, 16, 112, 0, 370, 103260, 38733, 0, 0.000, 0, 0, 0.894767, 1.000000, 24760, 0, 0, 1, 1, 0, 13, 3
1776619401, 1, 1, 1114, 1112, 25, 8.00%, 0, 0, 2, 5.96, 16, 112, 0, 370, 103260, 38733, 0, 0.000, 0, 0, 0.894870, 1.000000, 24787, 0, 0, 1, 1, 0, 14, 3
1776619406, 1, 1, 1114, 1112, 25, 8.00%, 0, 0, 2, 6.01, 16, 112, 0, 370, 103260, 38733, 0, 0.000, 0, 0, 0.894984, 1.000000, 24817, 0, 0, 1, 1, 0, 14, 3
1776619411, 1, 1, 1114, 1112, 25, 8.00%, 0, 0, 2, 5.89, 16, 112, 0, 370, 103260, 38733, 0, 0.000, 0, 0, 0.895090, 1.000000, 24845, 0, 0, 1, 1, 0, 14, 3
1776619416, 1, 1, 1114, 1112, 25, 8.00%, 0, 0, 2, 5.50, 16, 112, 0, 370, 103260, 38733, 0, 0.000, 0, 0, 0.895199, 1.000000, 24874, 0, 0, 1, 1, 0, 14, 3
1776619422, 1, 1, 1115, 1113, 25, 8.00%, 0, 0, 2, 6.30, 16, 112, 0, 370, 103260, 38733, 0, 0.000, 0, 0, 0.895271, 1.000000, 24893, 0, 0, 1, 1, 0, 14, 3
1776619427, 1, 1, 1115, 1113, 25, 8.00%, 0, 0, 2, 6.08, 16, 112, 0, 370, 103260, 38733, 0, 0.000, 0, 0, 0.895365, 1.000000, 24918, 0, 0, 1, 1, 0, 14, 3
1776619432, 1, 1, 1116, 1114, 25, 8.00%, 0, 0, 2, 5.54, 16, 112, 0, 370, 103260, 38733, 0, 0.000, 0, 0, 0.895421, 1.000000, 24933, 0, 0, 1, 1, 0, 14, 3
1776619438, 1, 1, 1116, 1114, 25, 8.00%, 0, 0, 2, 5.36, 16, 112, 0, 370, 103260, 38733, 0, 0.000, 0, 0, 0.895526, 1.000000, 24961, 0, 0, 1, 1, 0, 14, 3
1776619443, 1, 1, 1116, 1114, 25, 8.00%, 0, 0, 2, 5.76, 16, 112, 0, 370, 103260, 38733, 0, 0.000, 0, 0, 0.895638, 1.000000, 24991, 0, 0, 1, 1, 0, 14, 3
1776619448, 1, 1, 1117, 1115, 25, 8.00%, 0, 0, 2, 6.13, 16, 112, 0, 370, 103260, 38733, 0, 0.000, 0, 0, 0.895721, 1.000000, 25013, 0, 0, 1, 1, 0, 14, 3
1776619453, 1, 1, 1117, 1115, 25, 8.00%, 0, 0, 2, 6.02, 16, 112, 0, 370, 103260, 38733, 0, 0.000, 0, 0, 0.895836, 1.000000, 25044, 0, 0, 1, 1, 0, 14, 3
1776619458, 1, 1, 1118, 1116, 25, 8.00%, 0, 0, 2, 3.31, 16, 112, 0, 370, 103260, 38733, 0, 0.000, 0, 0, 0.895900, 1.000000, 25061, 0, 0, 1, 1, 0, 14, 3
1776619463, 1, 1, 1118, 1116, 25, 8.00%, 0, 0, 2, 5.16, 16, 112, 0, 370, 103260, 38733, 0, 0.000, 0, 0, 0.896015, 1.000000, 25092, 0, 0, 1, 1, 0, 14, 3
1776619468, 1, 1, 1119, 1117, 25, 8.00%, 0, 0, 2, 5.42, 16, 112, 0, 370, 103260, 38733, 0, 0.000, 0, 0, 0.896085, 0.931000, 25111, 0, 0, 1, 1, 0, 14, 3
1776619473, 1, 1, 1119, 1117, 25, 8.00%, 0, 0, 2, 5.52, 16, 112, 0, 370, 103260, 38733, 0, 0.000, 0, 0, 0.896167, 1.000000, 25133, 0, 0, 1, 1, 0, 14, 3
1776619479, 1, 1, 1120, 1118, 25, 8.00%, 0, 0, 2, 5.80, 16, 112, 0, 370, 103260, 38733, 0, 0.000, 0, 0, 0.896256, 0.806954, 25157, 0, 0, 1, 1, 0, 14, 3
1776619484, 1, 1, 1120, 1118, 25, 8.00%, 0, 0, 2, 5.67, 16, 112, 0, 370, 103260, 38733, 0, 0.000, 0, 0, 0.896337, 1.000000, 25179, 0, 0, 1, 1, 0, 14, 3
1776619489, 1, 1, 1120, 1118, 25, 8.00%, 0, 0, 2, 5.94, 16, 112, 0, 370, 103260, 38733, 0, 0.000, 0, 0, 0.896447, 1.000000, 25209, 0, 0, 1, 1, 0, 14, 3
1776619494, 1, 1, 1120, 1118, 25, 8.00%, 0, 0, 2, 1.71, 16, 112, 0, 370, 103260, 38733, 0, 0.000, 0, 0, 0.896539, 1.000000, 25234, 0, 0, 1, 1, 0, 14, 3
1776619499, 1, 1, 1120, 1118, 25, 8.00%, 0, 0, 2, 4.32, 16, 112, 0, 370, 103260, 38733, 0, 0.000, 0, 0, 0.896650, 1.000000, 25264, 0, 0, 1, 1, 0, 14, 3
1776619504, 1, 1, 1120, 1118, 25, 8.00%, 0, 0, 2, 5.35, 16, 112, 0, 370, 103260, 38733, 0, 0.000, 0, 0, 0.896730, 1.000000, 25286, 0, 0, 1, 1, 0, 14, 3
1776619509, 1, 1, 1120, 1118, 25, 8.00%, 0, 0, 2, 5.82, 16, 112, 0, 370, 103260, 38733, 0, 0.000, 0, 0, 0.896840, 1.000000, 25316, 0, 0, 1, 1, 0, 14, 3
1776619514, 1, 1, 1120, 1118, 25, 8.00%, 0, 0, 2, 5.52, 16, 112, 0, 370, 103260, 38733, 0, 0.000, 0, 0, 0.896935, 1.000000, 25342, 0, 0, 1, 1, 0, 14, 3
1776619520, 1, 1, 1121, 1119, 25, 8.01%, 0, 0, 2, 5.82, 16, 112, 0, 370, 103260, 38733, 0, 0.000, 0, 0, 0.897019, 1.000000, 25365, 0, 0, 1, 1, 0, 14, 3
1776619525, 1, 1, 1121, 1119, 25, 8.01%, 0, 0, 2, 5.60, 16, 112, 0, 370, 103260, 38733, 0, 0.000, 0, 0, 0.897113, 1.000000, 25391, 0, 0, 1, 1, 0, 14, 3
1776619530, 1, 1, 1122, 1120, 25, 8.01%, 0, 0, 2, 5.96, 16, 112, 0, 370, 103260, 38733, 0, 0.000, 0, 0, 0.897193, 1.000000, 25413, 0, 0, 1, 1, 0, 14, 3
1776619535, 1, 1, 1122, 1120, 25, 8.01%, 0, 0, 2, 5.85, 16, 112, 0, 370, 103260, 38733, 0, 0.000, 0, 0, 0.897298, 1.000000, 25442, 0, 0, 1, 1, 0, 14, 3
1776619540, 1, 1, 1122, 1120, 25, 8.01%, 0, 0, 2, 5.56, 16, 112, 0, 370, 103260, 38733, 0, 0.000, 0, 0, 0.897374, 1.000000, 25463, 0, 0, 1, 1, 0, 14, 3
1776619546, 1, 1, 1122, 1120, 25, 8.01%, 0, 0, 2, 5.80, 16, 112, 0, 370, 103260, 38733, 0, 0.000, 0, 0, 0.897479, 1.000000, 25492, 0, 0, 1, 1, 0, 14, 3
1776619551, 1, 1, 1123, 1121, 25, 8.01%, 0, 0, 2, 5.33, 16, 112, 0, 370, 103260, 38733, 0, 0.000, 0, 0, 0.897555, 0.806954, 25513, 0, 0, 1, 1, 0, 14, 3
1776619556, 1, 1, 1124, 1122, 25, 8.01%, 0, 0, 2, 5.94, 16, 112, 0, 370, 103260, 38733, 0, 0.000, 0, 0, 0.897623, 1.000000, 25532, 0, 0, 1, 1, 0, 14, 3
1776619561, 1, 1, 1124, 1122, 25, 8.01%, 0, 0, 2, 5.58, 16, 112, 0, 370, 103260, 38733, 0, 0.000, 0, 0, 0.897717, 1.000000, 25558, 0, 0, 1, 1, 0, 14, 3
1776619566, 1, 1, 1125, 1123, 25, 8.01%, 0, 0, 2, 5.89, 16, 112, 0, 370, 103260, 38733, 0, 0.000, 0, 0, 0.897814, 1.000000, 25585, 0, 0, 1, 1, 0, 14, 3
1776619571, 1, 1, 1126, 1124, 25, 8.01%, 0, 0, 2, 5.53, 16, 112, 0, 370, 103260, 38733, 0, 0.000, 0, 0, 0.897882, 0.766607, 25604, 0, 0, 1, 1, 0, 14, 3
1776619577, 1, 1, 1126, 1124, 25, 8.01%, 0, 0, 2, 5.70, 16, 112, 0, 370, 103260, 38733, 0, 0.000, 0, 0, 0.897975, 1.000000, 25630, 0, 0, 1, 1, 0, 14, 3
1776619582, 1, 1, 1127, 1125, 25, 8.01%, 0, 0, 2, 6.95, 16, 112, 0, 370, 103260, 38733, 0, 0.000, 0, 0, 0.898039, 1.000000, 25648, 0, 0, 1, 1, 0, 14, 3
1776619587, 1, 1, 1129, 1127, 25, 8.01%, 0, 0, 2, 5.95, 16, 112, 0, 370, 103260, 38733, 0, 0.000, 0, 0, 0.898100, 1.000000, 25665, 0, 0, 1, 1, 0, 14, 3
1776619592, 1, 1, 1129, 1127, 25, 8.01%, 0, 0, 2, 5.70, 16, 112, 0, 370, 103260, 38733, 0, 0.000, 0, 0, 0.898171, 1.000000, 25685, 0, 0, 1, 1, 0, 14, 3
1776619597, 1, 1, 1130, 1128, 25, 8.01%, 0, 0, 2, 5.58, 16, 112, 0, 370, 103260, 38733, 0, 0.000, 0, 0, 0.898257, 0.866761, 25709, 0, 0, 1, 1, 0, 14, 3
1776619602, 1, 1, 1130, 1128, 25, 8.01%, 0, 0, 2, 5.69, 16, 112, 0, 370, 103260, 38733, 0, 0.000, 0, 0, 0.898342, 1.000000, 25733, 0, 0, 1, 1, 0, 14, 3
1776619608, 1, 1, 1130, 1128, 25, 8.01%, 0, 0, 2, 5.78, 16, 112, 0, 370, 103260, 38733, 0, 0.000, 0, 0, 0.898441, 1.000000, 25761, 0, 0, 1, 1, 0, 14, 3
1776619613, 1, 1, 1131, 1129, 25, 8.01%, 0, 0, 2, 5.68, 16, 112, 0, 370, 103260, 38733, 0, 0.000, 0, 0, 0.898519, 1.000000, 25783, 0, 0, 1, 1, 0, 14, 3
1776619618, 1, 1, 1131, 1129, 25, 8.01%, 0, 0, 2, 5.76, 16, 112, 0, 370, 103260, 38733, 0, 0.000, 0, 0, 0.898604, 1.000000, 25807, 0, 0, 1, 1, 0, 14, 3
1776619623, 1, 1, 1132, 1130, 25, 8.01%, 0, 0, 2, 5.68, 16, 112, 0, 370, 103260, 38733, 0, 0.000, 0, 0, 0.898678, 1.000000, 25828, 0, 0, 1, 1, 0, 14, 3
1776619629, 1, 1, 1132, 1130, 25, 8.01%, 0, 0, 2, 5.42, 16, 112, 0, 370, 103260, 38733, 0, 0.000, 0, 0, 0.898769, 1.000000, 25854, 0, 0, 1, 1, 0, 14, 3
1776619634, 1, 1, 1133, 1131, 25, 8.01%, 0, 0, 2, 5.38, 16, 112, 0, 370, 103260, 38733, 0, 0.000, 0, 0, 0.898871, 1.000000, 25883, 0, 0, 1, 1, 0, 14, 3
1776619639, 1, 1, 1133, 1131, 25, 8.01%, 0, 0, 2, 5.70, 16, 112, 0, 370, 103260, 38733, 0, 0.000, 0, 0, 0.898952, 1.000000, 25906, 0, 0, 1, 1, 0, 14, 3
1776619645, 1, 1, 1135, 1133, 25, 8.01%, 0, 0, 2, 5.73, 16, 112, 0, 370, 103260, 38733, 0, 0.000, 0, 0, 0.898991, 0.713711, 25917, 0, 0, 1, 1, 0, 14, 3
1776619650, 1, 1, 1135, 1133, 25, 8.01%, 0, 0, 2, 5.88, 16, 112, 0, 370, 103260, 38733, 0, 0.000, 0, 0, 0.899092, 1.000000, 25946, 0, 0, 1, 1, 0, 14, 3
1776619655, 1, 1, 1135, 1133, 25, 8.01%, 0, 0, 2, 5.15, 16, 112, 0, 370, 103260, 38733, 0, 0.000, 0, 0, 0.899169, 1.000000, 25968, 0, 0, 1, 1, 0, 14, 3
1776619660, 1, 1, 1136, 1134, 25, 8.01%, 0, 0, 2, 5.56, 16, 112, 0, 370, 103260, 38733, 0, 0.000, 0, 0, 0.899242, 1.000000, 25989, 0, 0, 1, 1, 0, 14, 3
1776619665, 1, 1, 1136, 1134, 25, 8.01%, 0, 0, 2, 5.37, 16, 112, 0, 370, 103260, 38733, 0, 0.000, 0, 0, 0.899329, 1.000000, 26014, 0, 0, 1, 1, 0, 14, 3
1776619671, 1, 1, 1136, 1134, 25, 8.01%, 0, 0, 2, 5.43, 16, 112, 0, 370, 103260, 38733, 0, 0.000, 0, 0, 0.899430, 1.000000, 26043, 0, 0, 1, 1, 0, 14, 3
1776619676, 1, 1, 1136, 1134, 25, 8.01%, 0, 0, 2, 5.52, 16, 112, 0, 370, 103260, 38733, 0, 0.000, 0, 0, 0.899520, 1.000000, 26069, 0, 0, 1, 1, 0, 14, 3
1776619682, 1, 1, 1137, 1135, 25, 8.01%, 0, 0, 2, 5.74, 16, 112, 0, 370, 103260, 38733, 0, 0.000, 0, 0, 0.899631, 1.000000, 26101, 0, 0, 1, 1, 0, 14, 3
1776619687, 1, 1, 1137, 1135, 25, 8.01%, 0, 0, 2, 5.61, 16, 112, 0, 370, 103260, 38733, 0, 0.000, 0, 0, 0.899700, 1.000000, 26121, 0, 0, 1, 1, 0, 14, 3
1776619692, 1, 1, 1138, 1136, 25, 8.01%, 0, 0, 2, 5.35, 16, 112, 0, 370, 103260, 38733, 0, 0.000, 0, 0, 0.899776, 1.000000, 26143, 0, 0, 1, 1, 0, 14, 3
1776619697, 1, 1, 1138, 1136, 25, 8.01%, 0, 0, 2, 5.61, 16, 112, 0, 370, 103260, 38733, 0, 0.000, 0, 0, 0.899852, 1.000000, 26165, 0, 0, 1, 1, 0, 14, 3
1776619702, 1, 1, 1139, 1137, 25, 8.01%, 0, 0, 2, 5.54, 16, 112, 0, 370, 103260, 38733, 0, 0.000, 0, 0, 0.899921, 0.664465, 26185, 0, 0, 1, 1, 0, 14, 3
1776619708, 1, 1, 1139, 1137, 25, 8.01%, 0, 0, 2, 5.65, 16, 112, 0, 370, 103260, 38733, 0, 0.000, 0, 0, 0.900014, 1.000000, 26212, 0, 0, 1, 1, 0, 14, 3
1776619713, 1, 1, 1139, 1137, 25, 8.01%, 0, 0, 2, 5.41, 16, 112, 0, 370, 103260, 38733, 0, 0.000, 0, 0, 0.900103, 1.000000, 26238, 0, 0, 1, 1, 0, 14, 3
1776619718, 1, 1, 1139, 1137, 25, 8.01%, 0, 0, 2, 5.65, 16, 112, 0, 370, 103260, 38733, 0, 0.000, 0, 0, 0.900206, 1.000000, 26268, 0, 0, 1, 1, 0, 14, 3
1776619723, 1, 1, 1140, 1138, 25, 8.01%, 0, 0, 2, 6.69, 16, 112, 0, 370, 103260, 38733, 0, 0.000, 0, 0, 0.900264, 1.000000, 26285, 0, 0, 1, 1, 0, 14, 3
1776619728, 1, 1, 1140, 1138, 25, 8.01%, 0, 0, 2, 5.96, 16, 112, 0, 370, 103260, 38733, 0, 0.000, 0, 0, 0.900363, 1.000000, 26314, 0, 0, 1, 1, 0, 14, 3
1776619734, 1, 1, 1141, 1139, 25, 8.01%, 0, 0, 2, 5.33, 16, 112, 0, 370, 103260, 38733, 0, 0.000, 0, 0, 0.900404, 1.000000, 26326, 0, 0, 1, 1, 0, 14, 3
1776619739, 1, 1, 1141, 1139, 25, 8.01%, 0, 0, 2, 5.50, 16, 112, 0, 370, 103260, 38733, 0, 0.000, 0, 0, 0.900499, 1.000000, 26354, 0, 0, 1, 1, 0, 14, 3
1776619744, 1, 1, 1143, 1141, 25, 8.01%, 0, 0, 2, 5.48, 16, 112, 0, 370, 103260, 38733, 0, 0.000, 0, 0, 0.900533, 0.587686, 26364, 0, 0, 1, 1, 0, 14, 3
1776619749, 1, 1, 1143, 1141, 25, 8.01%, 0, 0, 2, 5.46, 16, 112, 0, 370, 103260, 38733, 0, 0.000, 0, 0, 0.900628, 1.000000, 26392, 0, 0, 1, 1, 0, 14, 3
1776619754, 1, 1, 1143, 1141, 25, 8.01%, 0, 0, 2, 5.37, 16, 112, 0, 370, 103260, 38733, 0, 0.000, 0, 0, 0.900716, 1.000000, 26418, 0, 0, 1, 1, 0, 14, 3
1776619759, 1, 1, 1144, 1142, 25, 8.01%, 0, 0, 2, 5.47, 16, 112, 0, 370, 103260, 38733, 0, 0.000, 0, 0, 0.900784, 0.631242, 26438, 0, 0, 1, 1, 0, 14, 3
1776619765, 1, 1, 1145, 1143, 25, 8.01%, 0, 0, 2, 5.66, 16, 112, 0, 370, 103260, 38733, 0, 0.000, 0, 0, 0.900855, 1.000000, 26459, 0, 0, 1, 1, 0, 14, 3
1776619770, 1, 1, 1146, 1144, 25, 8.02%, 0, 0, 2, 5.45, 16, 112, 0, 370, 103260, 38733, 0, 0.000, 0, 0, 0.900922, 0.884450, 26479, 0, 0, 1, 1, 0, 14, 3
1776619775, 1, 1, 1146, 1144, 25, 8.02%, 0, 0, 2, 6.11, 16, 112, 0, 370, 103260, 38733, 0, 0.000, 0, 0, 0.901010, 1.000000, 26505, 0, 0, 1, 1, 0, 14, 3
1776619780, 1, 1, 1147, 1145, 25, 8.02%, 0, 0, 2, 5.79, 16, 112, 0, 370, 103260, 38733, 0, 0.000, 0, 0, 0.901070, 1.000000, 26523, 0, 0, 1, 1, 0, 14, 3
1776619785, 1, 1, 1147, 1145, 25, 8.02%, 0, 0, 2, 5.66, 16, 112, 0, 370, 103260, 38733, 0, 0.000, 0, 0, 0.901171, 1.000000, 26553, 0, 0, 1, 1, 0, 14, 3
1776619791, 1, 1, 1147, 1145, 25, 8.02%, 0, 0, 2, 5.45, 16, 112, 0, 370, 103260, 38733, 0, 0.000, 0, 0, 0.901258, 1.000000, 26579, 0, 0, 1, 1, 0, 14, 3
1776619796, 1, 1, 1148, 1146, 25, 8.02%, 0, 0, 2, 5.69, 16, 112, 0, 370, 103260, 38733, 0, 0.000, 0, 0, 0.901328, 1.000000, 26600, 0, 0, 1, 1, 0, 14, 3
1776619801, 1, 1, 1149, 1147, 25, 8.02%, 0, 0, 2, 5.73, 16, 112, 0, 370, 103260, 38733, 0, 0.000, 0, 0, 0.901388, 1.000000, 26618, 0, 0, 1, 1, 0, 14, 3
1776619807, 1, 1, 1149, 1147, 25, 8.02%, 0, 0, 2, 0.66, 16, 112, 0, 370, 103260, 38733, 0, 0.000, 0, 0, 0.901485, 1.000000, 26647, 0, 0, 1, 1, 0, 14, 3
1776619812, 1, 1, 1150, 1148, 25, 8.02%, 0, 0, 2, 6.21, 16, 112, 0, 370, 103260, 38733, 0, 0.000, 0, 0, 0.901572, 0.713711, 26673, 0, 0, 1, 1, 0, 14, 3
1776619817, 1, 1, 1150, 1148, 25, 8.02%, 0, 0, 2, 5.60, 16, 112, 0, 370, 103260, 38733, 0, 0.000, 0, 0, 0.901642, 1.000000, 26694, 0, 0, 1, 1, 0, 14, 3
1776619822, 1, 1, 1150, 1148, 25, 8.02%, 0, 0, 2, 5.75, 16, 112, 0, 370, 103260, 38733, 0, 0.000, 0, 0, 0.901741, 1.000000, 26724, 0, 0, 1, 1, 0, 14, 3
1776619828, 1, 1, 1150, 1148, 25, 8.02%, 0, 0, 2, 5.63, 16, 112, 0, 370, 103260, 38733, 0, 0.000, 0, 0, 0.901831, 1.000000, 26751, 0, 0, 1, 1, 0, 14, 3
1776619833, 1, 1, 1150, 1148, 25, 8.02%, 0, 0, 2, 6.17, 16, 112, 0, 370, 103260, 38733, 0, 0.000, 0, 0, 0.901940, 1.000000, 26784, 0, 0, 1, 1, 0, 14, 3
1776619838, 1, 1, 1151, 1149, 25, 8.02%, 0, 0, 2, 5.62, 16, 112, 0, 370, 103260, 38733, 0, 0.000, 0, 0, 0.901992, 1.000000, 26800, 0, 0, 1, 1, 0, 14, 3
1776619843, 1, 1, 1151, 1149, 25, 8.02%, 0, 0, 2, 5.69, 16, 112, 0, 370, 103260, 38733, 0, 0.000, 0, 0, 0.902088, 1.000000, 26829, 0, 0, 1, 1, 0, 14, 3
1776619848, 1, 1, 1151, 1149, 25, 8.02%, 0, 0, 2, 6.66, 16, 112, 0, 370, 103260, 38733, 0, 0.000, 0, 0, 0.902164, 1.000000, 26852, 0, 0, 1, 1, 0, 14, 3
1776619854, 1, 1, 1152, 1150, 25, 8.02%, 0, 0, 2, 6.20, 16, 112, 0, 370, 103260, 38733, 0, 0.000, 0, 0, 0.902233, 1.000000, 26873, 0, 0, 1, 1, 0, 14, 3
1776619859, 1, 1, 1152, 1150, 25, 8.02%, 0, 0, 2, 5.82, 16, 112, 0, 370, 103260, 38733, 0, 0.000, 0, 0, 0.902331, 1.000000, 26903, 0, 0, 1, 1, 0, 14, 3
1776619864, 1, 1, 1153, 1151, 25, 8.02%, 0, 0, 2, 5.55, 16, 112, 0, 370, 103260, 38733, 0, 0.000, 0, 0, 0.902397, 1.000000, 26923, 0, 0, 1, 1, 0, 14, 3
1776619869, 1, 1, 1153, 1151, 25, 8.02%, 0, 0, 2, 5.44, 16, 112, 0, 370, 103260, 38733, 0, 0.000, 0, 0, 0.902481, 1.000000, 26949, 0, 0, 1, 1, 0, 14, 3
1776619874, 1, 1, 1154, 1152, 25, 8.02%, 0, 0, 2, 5.62, 16, 112, 0, 370, 103260, 38733, 0, 0.000, 0, 0, 0.902537, 1.000000, 26966, 0, 0, 1, 1, 0, 14, 3
1776619879, 1, 1, 1154, 1152, 25, 8.02%, 0, 0, 2, 5.88, 16, 112, 0, 370, 103260, 38733, 0, 0.000, 0, 0, 0.902635, 1.000000, 26996, 0, 0, 1, 1, 0, 14, 3
1776619885, 1, 1, 1155, 1153, 25, 8.02%, 0, 0, 2, 5.04, 16, 112, 0, 370, 103260, 38733, 0, 0.000, 0, 0, 0.902680, 1.000000, 27010, 0, 0, 1, 1, 0, 14, 3
1776619890, 1, 1, 1156, 1154, 25, 8.02%, 0, 0, 2, 5.58, 16, 112, 0, 370, 103260, 38733, 0, 0.000, 0, 0, 0.902749, 1.000000, 27031, 0, 0, 1, 1, 0, 14, 3
1776619895, 1, 1, 1156, 1154, 25, 8.02%, 0, 0, 2, 5.74, 16, 112, 0, 370, 103260, 38733, 0, 0.000, 0, 0, 0.902836, 1.000000, 27058, 0, 0, 1, 1, 0, 14, 3
1776619900, 1, 1, 1156, 1154, 25, 8.02%, 0, 0, 2, 5.76, 16, 112, 0, 370, 103260, 38733, 0, 0.000, 0, 0, 0.902933, 1.000000, 27088, 0, 0, 1, 1, 0, 14, 3
1776619905, 1, 1, 1156, 1154, 25, 8.02%, 0, 0, 2, 5.79, 16, 112, 0, 370, 103260, 38733, 0, 0.000, 0, 0, 0.903024, 1.000000, 27116, 0, 0, 1, 1, 0, 14, 3
1776619911, 2, 4, 1156, 1154, 3, 8.02%, 0, 0, 2, 1.59, 16, 112, 0, 370, 103260, 38733, 0, 0.000, 0, 0, 0.903114, 1.000000, 27144, 0, 0, 1, 1, 0, 14, 3
1776619916, 2, 4, 1156, 1154, 3, 8.02%, 0, 0, 2, 4.47, 16, 112, 0, 370, 103260, 38733, 0, 0.000, 0, 0, 0.903214, 1.000000, 27175, 0, 0, 1, 1, 0, 14, 3
1776619921, 2, 4, 1157, 1155, 3, 8.02%, 0, 0, 2, 9.08, 16, 112, 0, 370, 103260, 38733, 0, 0.000, 0, 0, 0.903265, 0.587686, 27191, 0, 0, 1, 1, 0, 14, 3
1776619926, 2, 4, 1157, 1155, 3, 8.02%, 0, 0, 2, 6.63, 16, 112, 0, 370, 103260, 38733, 0, 0.000, 0, 0, 0.903359, 1.000000, 27220, 0, 0, 1, 1, 0, 14, 3
1776619931, 2, 4, 1157, 1155, 3, 8.02%, 0, 0, 2, 6.25, 16, 112, 0, 370, 103260, 38733, 0, 0.000, 0, 0, 0.903448, 1.000000, 27248, 0, 0, 1, 1, 0, 14, 3
1776619937, 2, 4, 1158, 1156, 3, 8.02%, 0, 0, 2, 6.06, 16, 113, 0, 370, 103260, 38733, 0, 0.000, 0, 0, 0.903519, 1.000000, 27270, 0, 0, 1, 1, 0, 14, 3
1776619942, 2, 4, 1159, 1157, 3, 8.02%, 0, 0, 2, 5.76, 16, 113, 0, 370, 103260, 38733, 0, 0.000, 0, 0, 0.903576, 1.000000, 27288, 0, 0, 1, 1, 0, 14, 3
1776619947, 2, 4, 1159, 1157, 3, 8.02%, 0, 0, 2, 1.03, 16, 113, 0, 370, 103260, 38733, 0, 0.000, 0, 0, 0.903669, 1.000000, 27317, 0, 0, 1, 1, 0, 14, 3
1776619952, 2, 4, 1159, 1157, 3, 8.02%, 0, 0, 2, 5.87, 16, 113, 0, 370, 103260, 38733, 0, 0.000, 0, 0, 0.903764, 1.000000, 27347, 0, 0, 1, 1, 0, 14, 3
1776619958, 2, 4, 1159, 1157, 3, 8.02%, 0, 0, 2, 7.62, 16, 113, 0, 370, 103260, 38733, 0, 0.000, 0, 0, 0.903837, 1.000000, 27370, 0, 0, 1, 1, 0, 14, 3
1776619963, 2, 4, 1159, 1157, 3, 8.02%, 0, 0, 2, 6.31, 16, 113, 0, 370, 103260, 38733, 0, 0.000, 0, 0, 0.903932, 1.000000, 27400, 0, 0, 1, 1, 0, 14, 3
1776619968, 2, 4, 1160, 1158, 3, 8.03%, 0, 0, 2, 5.58, 16, 113, 0, 370, 103260, 38733, 0, 0.000, 0, 0, 0.903986, 0.618617, 27417, 0, 0, 1, 1, 0, 14, 3
1776619973, 2, 4, 1160, 1158, 3, 8.03%, 0, 0, 2, 5.65, 16, 113, 0, 370, 103260, 38733, 0, 0.000, 0, 0, 0.904075, 1.000000, 27445, 0, 0, 1, 1, 0, 14, 3
1776619978, 2, 4, 1161, 1159, 3, 8.03%, 0, 0, 2, 5.63, 16, 113, 0, 370, 103260, 38733, 0, 0.000, 0, 0, 0.904151, 0.806954, 27469, 0, 0, 1, 1, 0, 14, 3
1776619983, 2, 4, 1161, 1159, 3, 8.03%, 0, 0, 2, 5.82, 16, 113, 0, 370, 103260, 38733, 0, 0.000, 0, 0, 0.904229, 1.000000, 27494, 0, 0, 1, 1, 0, 14, 3
1776619988, 2, 4, 1161, 1159, 3, 8.03%, 0, 0, 2, 3.30, 16, 113, 0, 370, 103260, 38733, 0, 0.000, 0, 0, 0.904311, 1.000000, 27520, 0, 0, 1, 1, 0, 14, 3
1776619995, 2, 4, 1161, 1159, 3, 8.03%, 0, 0, 2, 0.66, 16, 113, 0, 370, 103260, 38733, 0, 0.000, 0, 0, 0.904409, 1.000000, 27551, 0, 0, 1, 1, 0, 14, 3
1776620000, 2, 4, 1161, 1159, 3, 8.03%, 0, 0, 2, 5.62, 16, 113, 0, 370, 103260, 38733, 0, 0.000, 0, 0, 0.904506, 1.000000, 27582, 0, 0, 1, 1, 0, 14, 3
1776620005, 2, 4, 1161, 1159, 3, 8.03%, 0, 0, 2, 5.66, 16, 113, 0, 370, 103260, 38733, 0, 0.000, 0, 0, 0.904587, 1.000000, 27608, 0, 0, 1, 1, 0, 14, 3
1776620010, 2, 4, 1162, 1160, 3, 8.03%, 0, 0, 2, 6.07, 16, 113, 0, 370, 103260, 38733, 0, 0.000, 0, 0, 0.904662, 1.000000, 27632, 0, 0, 1, 1, 0, 14, 3
1776620015, 2, 4, 1162, 1160, 3, 8.03%, 0, 0, 2, 5.57, 16, 113, 0, 370, 103260, 38733, 0, 0.000, 0, 0, 0.904743, 1.000000, 27658, 0, 0, 1, 1, 0, 14, 3
1776620021, 2, 4, 1162, 1160, 3, 8.03%, 0, 0, 2, 5.96, 16, 113, 0, 370, 103260, 38733, 0, 0.000, 0, 0, 0.904843, 1.000000, 27690, 0, 0, 1, 1, 0, 14, 3
1776620026, 2, 4, 1162, 1160, 3, 8.03%, 0, 0, 2, 3.90, 16, 113, 0, 370, 103260, 38733, 0, 0.000, 0, 0, 0.904924, 1.000000, 27716, 0, 0, 1, 1, 0, 14, 3
1776620032, 2, 4, 1162, 1160, 3, 8.03%, 0, 0, 2, 0.66, 16, 113, 0, 370, 103260, 38733, 0, 0.000, 0, 0, 0.905007, 1.000000, 27743, 0, 0, 1, 1, 0, 14, 3
1776620037, 2, 4, 1162, 1160, 3, 8.03%, 0, 0, 2, 6.39, 16, 113, 0, 370, 103260, 38733, 0, 0.000, 0, 0, 0.905106, 1.000000, 27775, 0, 0, 1, 1, 0, 14, 3
1776620042, 2, 4, 1162, 1160, 3, 8.03%, 0, 0, 2, 5.88, 16, 113, 0, 370, 103260, 38733, 0, 0.000, 0, 0, 0.905190, 1.000000, 27802, 0, 0, 1, 1, 0, 14, 3
1776620047, 2, 4, 1162, 1160, 3, 8.03%, 0, 0, 2, 6.06, 16, 113, 0, 370, 103260, 38733, 0, 0.000, 0, 0, 0.905288, 1.000000, 27834, 0, 0, 1, 1, 0, 15, 3
1776620053, 2, 4, 1162, 1160, 3, 8.03%, 0, 0, 2, 5.56, 16, 113, 0, 370, 103260, 38733, 0, 0.000, 0, 0, 0.905372, 1.000000, 27861, 0, 0, 1, 1, 0, 15, 3
1776620058, 2, 4, 1162, 1160, 3, 8.03%, 0, 0, 2, 5.93, 16, 113, 0, 370, 103260, 38733, 0, 0.000, 0, 0, 0.905467, 1.000000, 27892, 0, 0, 1, 1, 0, 15, 3
1776620063, 2, 4, 1163, 1161, 3, 8.03%, 0, 0, 2, 6.11, 16, 113, 0, 370, 103260, 38733, 0, 0.000, 0, 0, 0.905525, 1.000000, 27911, 0, 0, 1, 1, 0, 15, 3
1776620068, 2, 4, 1163, 1161, 3, 8.03%, 0, 0, 2, 0.65, 16, 113, 0, 370, 103260, 38733, 0, 0.000, 0, 0, 0.905599, 1.000000, 27935, 0, 0, 1, 1, 0, 15, 3
1776620073, 2, 4, 1163, 1161, 3, 8.03%, 0, 0, 2, 5.20, 16, 113, 0, 370, 103260, 38733, 0, 0.000, 0, 0, 0.905687, 1.000000, 27964, 0, 0, 1, 1, 0, 15, 3
1776620079, 2, 4, 1164, 1162, 3, 8.03%, 0, 0, 2, 5.48, 16, 113, 0, 370, 103260, 38733, 0, 0.000, 0, 0, 0.905751, 0.618617, 27985, 0, 0, 1, 1, 0, 15, 3
1776620084, 2, 4, 1165, 1163, 3, 8.03%, 0, 0, 2, 5.57, 16, 113, 0, 370, 103260, 38733, 0, 0.000, 0, 0, 0.905815, 1.000000, 28006, 0, 0, 1, 1, 0, 15, 3
1776620089, 2, 4, 1165, 1163, 3, 8.03%, 0, 0, 2, 5.69, 16, 113, 0, 370, 103260, 38733, 0, 0.000, 0, 0, 0.905898, 1.000000, 28033, 0, 0, 1, 1, 0, 15, 3
1776620094, 2, 4, 1165, 1163, 3, 8.03%, 0, 0, 2, 5.74, 16, 113, 0, 370, 103260, 38733, 0, 0.000, 0, 0, 0.905989, 1.000000, 28063, 0, 0, 1, 1, 0, 15, 3
1776620099, 2, 4, 1165, 1163, 3, 8.03%, 0, 0, 2, 5.67, 16, 113, 0, 370, 103260, 38733, 0, 0.000, 0, 0, 0.906065, 1.000000, 28088, 0, 0, 1, 1, 0, 15, 3
1776620104, 2, 4, 1165, 1163, 3, 8.03%, 0, 0, 2, 5.68, 16, 113, 0, 370, 103260, 38733, 0, 0.000, 0, 0, 0.906155, 1.000000, 28118, 0, 0, 1, 1, 0, 15, 3
1776620109, 2, 4, 1165, 1163, 3, 8.03%, 0, 0, 2, 5.44, 16, 113, 0, 370, 103260, 38733, 0, 0.000, 0, 0, 0.906222, 1.000000, 28140, 0, 0, 1, 1, 0, 15, 3
1776620115, 2, 4, 1165, 1163, 3, 8.03%, 0, 0, 2, 5.31, 16, 113, 0, 370, 103260, 38733, 0, 0.000, 0, 0, 0.906309, 1.000000, 28169, 0, 0, 1, 1, 0, 15, 3
1776620120, 2, 4, 1166, 1164, 3, 8.03%, 0, 0, 2, 6.13, 16, 113, 0, 370, 103260, 38733, 0, 0.000, 0, 0, 0.906385, 1.000000, 28194, 0, 0, 1, 1, 0, 15, 3
1776620125, 2, 4, 1166, 1164, 3, 8.03%, 0, 0, 2, 5.78, 16, 113, 0, 370, 103260, 38733, 0, 0.000, 0, 0, 0.906466, 1.000000, 28221, 0, 0, 1, 1, 0, 15, 3
1776620130, 2, 4, 1167, 1165, 3, 8.03%, 0, 0, 2, 5.95, 16, 113, 0, 370, 103260, 38733, 0, 0.000, 0, 0, 0.906535, 1.000000, 28244, 0, 0, 1, 1, 0, 15, 3
1776620135, 2, 4, 1167, 1165, 3, 8.03%, 0, 0, 2, 5.67, 16, 113, 0, 370, 103260, 38733, 0, 0.000, 0, 0, 0.906610, 1.000000, 28269, 0, 0, 1, 1, 0, 15, 3
1776620140, 2, 4, 1167, 1165, 3, 8.03%, 0, 0, 2, 5.45, 16, 113, 0, 370, 103260, 38733, 0, 0.000, 0, 0, 0.906691, 1.000000, 28296, 0, 0, 1, 1, 0, 15, 3
1776620145, 2, 4, 1167, 1165, 3, 8.03%, 0, 0, 2, 5.36, 16, 113, 0, 370, 103260, 38733, 0, 0.000, 0, 0, 0.906753, 1.000000, 28317, 0, 0, 1, 1, 0, 15, 3
1776620151, 2, 4, 1167, 1165, 3, 8.03%, 0, 0, 2, 5.87, 16, 113, 0, 370, 103260, 38733, 0, 0.000, 0, 0, 0.906846, 1.000000, 28348, 0, 0, 1, 1, 0, 15, 3
1776620156, 2, 4, 1167, 1165, 3, 8.03%, 0, 0, 2, 5.66, 16, 113, 0, 370, 103260, 38733, 0, 0.000, 0, 0, 0.906923, 1.000000, 28374, 0, 0, 1, 1, 0, 15, 3
1776620161, 2, 4, 1168, 1166, 3, 8.03%, 0, 0, 2, 5.70, 16, 113, 0, 370, 103260, 38733, 0, 0.000, 0, 0, 0.906986, 1.000000, 28395, 0, 0, 1, 1, 0, 15, 3
1776620166, 2, 4, 1168, 1166, 3, 8.03%, 0, 0, 2, 5.65, 16, 113, 0, 370, 103260, 38733, 0, 0.000, 0, 0, 0.907072, 1.000000, 28424, 0, 0, 1, 1, 0, 15, 3
1776620171, 2, 4, 1168, 1166, 3, 8.03%, 0, 0, 2, 6.40, 16, 113, 0, 370, 103260, 38733, 0, 0.000, 0, 0, 0.907146, 1.000000, 28449, 0, 0, 1, 1, 0, 15, 3
1776620176, 2, 4, 1168, 1166, 3, 8.03%, 0, 0, 2, 5.97, 16, 113, 0, 370, 103260, 38733, 0, 0.000, 0, 0, 0.907232, 1.000000, 28478, 0, 0, 1, 1, 0, 15, 3
1776620181, 2, 4, 1168, 1166, 3, 8.03%, 0, 0, 2, 8.08, 16, 113, 0, 370, 103260, 38733, 0, 0.000, 0, 0, 0.907302, 1.000000, 28502, 0, 0, 1, 1, 0, 15, 3
1776620187, 2, 4, 1168, 1166, 3, 8.03%, 0, 0, 2, 6.28, 16, 113, 0, 370, 103260, 38733, 0, 0.000, 0, 0, 0.907388, 1.000000, 28531, 0, 0, 1, 1, 0, 15, 3
1776620192, 2, 4, 1168, 1166, 3, 8.03%, 0, 0, 2, 5.79, 16, 113, 0, 370, 103260, 38733, 0, 0.000, 0, 0, 0.907464, 1.000000, 28557, 0, 0, 1, 1, 0, 15, 3
1776620197, 2, 4, 1169, 1167, 3, 8.04%, 0, 0, 2, 5.82, 16, 113, 0, 370, 103260, 38733, 0, 0.000, 0, 0, 0.907532, 1.000000, 28580, 0, 0, 1, 1, 0, 15, 3
1776620202, 2, 4, 1169, 1167, 3, 8.04%, 0, 0, 2, 5.40, 16, 113, 0, 370, 103260, 38733, 0, 0.000, 0, 0, 0.907605, 1.000000, 28605, 0, 0, 1, 1, 0, 15, 3
1776620207, 2, 4, 1169, 1167, 3, 8.04%, 0, 0, 2, 5.57, 16, 113, 0, 370, 103260, 38733, 0, 0.000, 0, 0, 0.907690, 1.000000, 28634, 0, 0, 1, 1, 0, 15, 3
1776620213, 2, 4, 1170, 1168, 3, 8.04%, 0, 0, 2, 5.75, 16, 113, 0, 370, 103260, 38733, 0, 0.000, 0, 0, 0.907743, 1.000000, 28652, 0, 0, 1, 1, 0, 15, 3
1776620218, 2, 4, 1170, 1168, 3, 8.04%, 0, 0, 2, 5.55, 16, 113, 0, 370, 103260, 38733, 0, 0.000, 0, 0, 0.907822, 1.000000, 28679, 0, 0, 1, 1, 0, 15, 3
1776620224, 2, 4, 1170, 1168, 3, 8.04%, 0, 0, 2, 5.95, 16, 113, 0, 370, 103260, 38733, 0, 0.000, 0, 0, 0.907912, 1.000000, 28710, 0, 0, 1, 1, 0, 15, 3
1776620229, 2, 4, 1171, 1169, 3, 8.04%, 0, 0, 2, 5.40, 16, 113, 0, 370, 103260, 38733, 0, 0.000, 0, 0, 0.907965, 1.000000, 28728, 0, 0, 1, 1, 0, 15, 3
1776620234, 2, 4, 1171, 1169, 3, 8.04%, 0, 0, 2, 5.82, 16, 113, 0, 370, 103260, 38733, 0, 0.000, 0, 0, 0.908052, 1.000000, 28758, 0, 0, 1, 1, 0, 15, 3
1776620239, 2, 4, 1171, 1169, 3, 8.04%, 0, 0, 2, 6.06, 16, 113, 0, 370, 103260, 38733, 0, 0.000, 0, 0, 0.908139, 1.000000, 28788, 0, 0, 1, 1, 0, 15, 3
1776620244, 2, 4, 1171, 1169, 3, 8.04%, 0, 0, 2, 5.66, 16, 113, 0, 370, 103260, 38733, 0, 0.000, 0, 0, 0.908220, 1.000000, 28816, 0, 0, 1, 1, 0, 15, 3
1776620249, 2, 4, 1171, 1169, 3, 8.04%, 0, 0, 2, 6.53, 16, 113, 0, 370, 103260, 38733, 0, 0.000, 0, 0, 0.908292, 1.000000, 28841, 0, 0, 1, 1, 0, 15, 3
1776620254, 2, 4, 1171, 1169, 3, 8.04%, 0, 0, 2, 6.23, 16, 113, 0, 370, 103260, 38733, 0, 0.000, 0, 0, 0.908376, 1.000000, 28870, 0, 0, 1, 1, 0, 15, 3
1776620260, 2, 4, 1172, 1170, 3, 8.04%, 0, 0, 2, 6.98, 16, 113, 0, 370, 103260, 38733, 0, 0.000, 0, 0, 0.908413, 1.000000, 28883, 0, 0, 1, 1, 0, 15, 3
1776620265, 2, 4, 1172, 1170, 3, 8.04%, 0, 0, 2, 6.19, 16, 113, 0, 370, 103260, 38733, 0, 0.000, 0, 0, 0.908497, 1.000000, 28912, 0, 0, 1, 1, 0, 15, 3
1776620270, 2, 4, 1172, 1170, 3, 8.04%, 0, 0, 2, 7.17, 16, 113, 0, 370, 103260, 38733, 0, 0.000, 0, 0, 0.908571, 1.000000, 28938, 0, 0, 1, 1, 0, 15, 3
1776620275, 2, 4, 1172, 1170, 3, 8.04%, 0, 0, 2, 6.07, 16, 113, 0, 370, 103260, 38733, 0, 0.000, 0, 0, 0.908649, 1.000000, 28965, 0, 0, 1, 1, 0, 15, 3
1776620280, 2, 4, 1172, 1170, 3, 8.04%, 0, 0, 2, 6.08, 16, 113, 0, 370, 103260, 38733, 0, 0.000, 0, 0, 0.908738, 1.000000, 28996, 0, 0, 1, 1, 0, 15, 3
1776620285, 2, 4, 1173, 1171, 3, 8.04%, 0, 0, 2, 5.66, 16, 113, 0, 370, 103260, 38733, 0, 0.000, 0, 0, 0.908789, 1.000000, 29014, 0, 0, 1, 1, 0, 15, 3
1776620290, 2, 4, 1173, 1171, 3, 8.04%, 0, 0, 2, 6.08, 16, 113, 0, 370, 103260, 38733, 0, 0.000, 0, 0, 0.908875, 1.000000, 29044, 0, 0, 1, 1, 0, 15, 3
1776620295, 2, 4, 1173, 1171, 3, 8.04%, 0, 0, 2, 5.75, 16, 113, 0, 370, 103260, 38733, 0, 0.000, 0, 0, 0.908937, 1.000000, 29066, 0, 0, 1, 1, 0, 15, 3
1776620301, 2, 4, 1173, 1171, 3, 8.04%, 0, 0, 2, 5.89, 16, 113, 0, 370, 103260, 38733, 0, 0.000, 0, 0, 0.909026, 1.000000, 29097, 0, 0, 1, 1, 0, 15, 3
1776620306, 2, 4, 1173, 1171, 3, 8.04%, 0, 0, 2, 5.46, 16, 113, 0, 370, 103260, 38733, 0, 0.000, 0, 0, 0.909097, 1.000000, 29122, 0, 0, 1, 1, 0, 15, 3
1776620311, 2, 4, 1173, 1171, 3, 8.04%, 0, 0, 2, 5.60, 16, 113, 0, 370, 103260, 38733, 0, 0.000, 0, 0, 0.909179, 1.000000, 29151, 0, 0, 1, 1, 0, 15, 3
1776620316, 2, 4, 1173, 1171, 3, 8.04%, 0, 0, 2, 5.45, 16, 113, 0, 370, 103260, 38733, 0, 0.000, 0, 0, 0.909255, 1.000000, 29178, 0, 0, 1, 1, 0, 15, 3
1776620321, 2, 4, 1174, 1172, 3, 8.04%, 0, 0, 2, 5.56, 16, 113, 0, 370, 103260, 38733, 0, 0.000, 0, 0, 0.909332, 1.000000, 29205, 0, 0, 1, 1, 0, 15, 3
1776620327, 2, 4, 1174, 1172, 3, 8.04%, 0, 0, 2, 5.62, 16, 113, 0, 370, 103260, 38733, 0, 0.000, 0, 0, 0.909396, 1.000000, 29228, 0, 0, 1, 1, 0, 15, 3
1776620332, 2, 4, 1174, 1172, 3, 8.04%, 0, 0, 2, 5.52, 16, 113, 0, 370, 103260, 38733, 0, 0.000, 0, 0, 0.909461, 1.000000, 29251, 0, 0, 1, 1, 0, 15, 3
1776620337, 2, 4, 1174, 1172, 3, 8.04%, 0, 0, 2, 6.02, 16, 113, 0, 370, 103260, 38733, 0, 0.000, 0, 0, 0.909551, 1.000000, 29283, 0, 0, 1, 1, 0, 15, 3
1776620342, 2, 4, 1174, 1172, 3, 8.04%, 0, 0, 2, 5.73, 16, 113, 0, 370, 103260, 38733, 0, 0.000, 0, 0, 0.909627, 1.000000, 29310, 0, 0, 1, 1, 0, 15, 3
1776620347, 2, 4, 1174, 1172, 3, 8.04%, 0, 0, 2, 6.08, 16, 113, 0, 370, 103260, 38733, 0, 0.000, 0, 0, 0.909714, 1.000000, 29341, 0, 0, 1, 1, 0, 15, 3
1776620352, 2, 4, 1175, 1173, 3, 8.04%, 0, 0, 2, 5.67, 16, 113, 0, 370, 103260, 38733, 0, 0.000, 0, 0, 0.909761, 1.000000, 29358, 0, 0, 1, 1, 0, 15, 3
1776620357, 2, 4, 1175, 1173, 3, 8.04%, 0, 0, 2, 5.59, 16, 113, 0, 370, 103260, 38733, 0, 0.000, 0, 0, 0.909840, 1.000000, 29386, 0, 0, 1, 1, 0, 15, 3
1776620363, 2, 4, 1176, 1174, 3, 8.04%, 0, 0, 2, 5.95, 16, 113, 0, 370, 103260, 38733, 0, 0.000, 0, 0, 0.909890, 1.000000, 29404, 0, 0, 1, 1, 0, 15, 3
1776620369, 2, 4, 1176, 1174, 3, 8.04%, 0, 0, 2, 0.65, 16, 113, 0, 370, 103260, 38733, 0, 0.000, 0, 0, 0.909965, 1.000000, 29431, 0, 0, 1, 1, 0, 15, 3
1776620374, 2, 4, 1176, 1174, 3, 8.04%, 0, 0, 2, 6.66, 16, 113, 0, 370, 103260, 38733, 0, 0.000, 0, 0, 0.910054, 1.000000, 29463, 0, 0, 1, 1, 0, 15, 3
1776620379, 2, 4, 1176, 1174, 3, 8.04%, 0, 0, 2, 5.84, 16, 113, 0, 370, 103260, 38733, 0, 0.000, 0, 0, 0.910126, 1.000000, 29489, 0, 0, 1, 1, 0, 15, 3
1776620384, 2, 4, 1176, 1174, 3, 8.04%, 0, 0, 2, 5.66, 16, 113, 0, 370, 103260, 38733, 0, 0.000, 0, 0, 0.910207, 1.000000, 29518, 0, 0, 1, 1, 0, 15, 3
1776620389, 2, 4, 1176, 1174, 3, 8.04%, 0, 0, 2, 5.46, 16, 113, 0, 370, 103260, 38733, 0, 0.000, 0, 0, 0.910279, 1.000000, 29544, 0, 0, 1, 1, 0, 15, 3
1776620394, 2, 4, 1176, 1174, 3, 8.04%, 0, 0, 2, 5.69, 16, 113, 0, 370, 103260, 38733, 0, 0.000, 0, 0, 0.910361, 1.000000, 29574, 0, 0, 1, 1, 0, 15, 3
1776620399, 2, 4, 1176, 1174, 3, 8.04%, 0, 0, 2, 5.99, 16, 113, 0, 370, 103260, 38733, 0, 0.000, 0, 0, 0.910436, 1.000000, 29601, 0, 0, 1, 1, 0, 16, 3
1776620406, 2, 4, 1176, 1174, 3, 8.04%, 0, 0, 2, 0.66, 16, 113, 0, 370, 103260, 38733, 0, 0.000, 0, 0, 0.910518, 1.000000, 29631, 0, 0, 1, 1, 0, 16, 3
1776620411, 2, 4, 1176, 1174, 3, 8.04%, 0, 0, 2, 5.36, 16, 113, 0, 370, 103260, 38733, 0, 0.000, 0, 0, 0.910604, 1.000000, 29662, 0, 0, 1, 1, 0, 16, 3
1776620416, 2, 4, 1176, 1174, 3, 8.04%, 0, 0, 2, 5.68, 16, 113, 0, 370, 103260, 38733, 0, 0.000, 0, 0, 0.910680, 1.000000, 29690, 0, 0, 1, 1, 0, 16, 3
1776620421, 2, 4, 1176, 1174, 3, 8.04%, 0, 0, 2, 5.94, 16, 113, 0, 370, 103260, 38733, 0, 0.000, 0, 0, 0.910765, 1.000000, 29721, 0, 0, 1, 1, 0, 16, 3
1776620426, 2, 4, 1176, 1174, 3, 8.04%, 0, 0, 2, 6.16, 16, 113, 0, 370, 103260, 38733, 0, 0.000, 0, 0, 0.910844, 1.000000, 29750, 0, 0, 1, 1, 0, 16, 3
1776620432, 2, 4, 1176, 1174, 3, 8.04%, 0, 0, 2, 5.90, 16, 113, 0, 370, 103260, 38733, 0, 0.000, 0, 0, 0.910926, 1.000000, 29780, 0, 0, 1, 1, 0, 16, 3
1776620437, 2, 4, 1176, 1174, 3, 8.04%, 0, 0, 2, 3.73, 16, 113, 0, 370, 103260, 38733, 0, 0.000, 0, 0, 0.910994, 1.000000, 29805, 0, 0, 1, 1, 0, 17, 3
1776620442, 2, 4, 1177, 1175, 3, 8.04%, 0, 0, 2, 0.66, 16, 113, 0, 370, 103260, 38733, 0, 0.000, 0, 0, 0.911065, 1.000000, 29831, 0, 0, 1, 1, 0, 17, 3
1776620448, 2, 4, 1177, 1175, 3, 8.04%, 0, 0, 2, 5.42, 16, 113, 0, 370, 103260, 38733, 0, 0.000, 0, 0, 0.911122, 1.000000, 29852, 0, 0, 1, 1, 0, 17, 3
1776620453, 2, 4, 1177, 1175, 3, 8.04%, 0, 0, 2, 5.39, 16, 113, 0, 370, 103260, 38733, 0, 0.000, 0, 0, 0.911192, 1.000000, 29878, 0, 0, 1, 1, 0, 17, 3
1776620458, 2, 4, 1177, 1175, 3, 8.04%, 0, 0, 2, 5.53, 16, 113, 0, 370, 103260, 38733, 0, 0.000, 0, 0, 0.911268, 1.000000, 29906, 0, 0, 1, 1, 0, 17, 3
1776620463, 2, 4, 1177, 1175, 3, 8.04%, 0, 0, 2, 5.74, 16, 113, 0, 370, 103260, 38733, 0, 0.000, 0, 0, 0.911349, 1.000000, 29936, 0, 0, 1, 1, 0, 17, 3
1776620468, 2, 4, 1177, 1175, 3, 8.04%, 0, 0, 2, 6.07, 16, 113, 0, 370, 103260, 38733, 0, 0.000, 0, 0, 0.911436, 1.000000, 29968, 0, 0, 1, 1, 0, 17, 3
1776620473, 2, 4, 1177, 1175, 3, 8.04%, 0, 0, 2, 5.67, 16, 113, 0, 370, 103260, 38733, 0, 0.000, 0, 0, 0.911506, 1.000000, 29994, 0, 0, 1, 1, 0, 17, 3
1776620480, 2, 4, 1177, 1175, 3, 8.04%, 0, 0, 2, 0.66, 16, 113, 0, 370, 103260, 38733, 0, 0.000, 0, 0, 0.911583, 1.000000, 30023, 0, 0, 1, 1, 0, 17, 3
1776620485, 2, 4, 1177, 1175, 3, 8.04%, 0, 0, 2, 6.36, 16, 113, 0, 370, 103260, 38733, 0, 0.000, 0, 0, 0.911661, 1.000000, 30052, 0, 0, 1, 1, 0, 18, 3
1776620490, 2, 4, 1177, 1175, 3, 8.04%, 0, 0, 2, 5.91, 16, 113, 0, 370, 103260, 38733, 0, 0.000, 0, 0, 0.911736, 1.000000, 30080, 0, 0, 1, 1, 0, 18, 3
1776620495, 2, 4, 1178, 1176, 3, 8.04%, 0, 0, 2, 6.41, 16, 113, 0, 370, 103260, 38733, 0, 0.000, 0, 0, 0.911803, 1.000000, 30105, 0, 0, 1, 1, 0, 18, 3
1776620500, 2, 4, 1178, 1176, 3, 8.04%, 0, 0, 2, 5.90, 16, 113, 0, 370, 103260, 38733, 0, 0.000, 0, 0, 0.911875, 1.000000, 30132, 0, 0, 1, 1, 0, 18, 3
1776620505, 2, 4, 1178, 1176, 3, 8.04%, 0, 0, 2, 5.82, 16, 113, 0, 370, 103260, 38733, 0, 0.000, 0, 0, 0.911952, 1.000000, 30161, 0, 0, 1, 1, 0, 18, 3
1776620510, 2, 4, 1178, 1176, 3, 8.04%, 0, 0, 2, 5.98, 16, 113, 0, 370, 103260, 38733, 0, 0.000, 0, 0, 0.912024, 1.000000, 30188, 0, 0, 1, 1, 0, 18, 3
1776620516, 2, 4, 1178, 1176, 3, 8.04%, 0, 0, 2, 0.65, 16, 113, 0, 370, 103260, 38733, 0, 0.000, 0, 0, 0.912096, 1.000000, 30215, 0, 0, 1, 1, 0, 18, 3
1776620521, 2, 4, 1178, 1176, 3, 8.04%, 0, 0, 2, 5.41, 16, 113, 0, 370, 103260, 38733, 0, 0.000, 0, 0, 0.912178, 1.000000, 30246, 0, 0, 1, 1, 0, 18, 3
1776620526, 2, 4, 1178, 1176, 3, 8.04%, 0, 0, 2, 5.72, 16, 113, 0, 370, 103260, 38733, 0, 0.000, 0, 0, 0.912252, 1.000000, 30274, 0, 0, 1, 1, 0, 18, 3
1776620532, 2, 4, 1178, 1176, 3, 8.04%, 0, 0, 2, 5.78, 16, 113, 0, 370, 103260, 38733, 0, 0.000, 0, 0, 0.912331, 1.000000, 30304, 0, 0, 1, 1, 0, 19, 3
1776620537, 2, 4, 1178, 1176, 3, 8.04%, 0, 0, 2, 5.59, 16, 113, 0, 370, 103260, 38733, 0, 0.000, 0, 0, 0.912403, 1.000000, 30331, 0, 0, 1, 1, 0, 19, 3
1776620542, 2, 4, 1178, 1176, 3, 8.04%, 0, 0, 2, 5.99, 16, 113, 0, 370, 103260, 38733, 0, 0.000, 0, 0, 0.912484, 1.000000, 30362, 0, 0, 1, 1, 0, 19, 3
1776620547, 2, 4, 1178, 1176, 3, 8.04%, 0, 0, 2, 6.33, 16, 113, 0, 370, 103260, 38733, 0, 0.000, 0, 0, 0.912553, 1.000000, 30388, 0, 0, 1, 1, 0, 19, 3
1776620553, 2, 4, 1178, 1176, 3, 8.04%, 0, 0, 2, 1.20, 16, 113, 0, 370, 103260, 38733, 0, 0.000, 0, 0, 0.912623, 1.000000, 30415, 0, 0, 1, 1, 0, 19, 3
1776620558, 2, 4, 1178, 1176, 3, 8.04%, 0, 0, 2, 4.14, 16, 113, 0, 370, 103260, 38733, 0, 0.000, 0, 0, 0.912699, 1.000000, 30444, 0, 0, 1, 1, 0, 19, 3
1776620563, 2, 4, 1178, 1176, 3, 8.04%, 0, 0, 2, 4.91, 16, 113, 0, 370, 103260, 38733, 0, 0.000, 0, 0, 0.912767, 1.000000, 30470, 0, 0, 1, 1, 0, 19, 3
1776620568, 2, 4, 1178, 1176, 3, 8.04%, 0, 0, 2, 5.50, 16, 113, 0, 370, 103260, 38733, 0, 0.000, 0, 0, 0.912846, 1.000000, 30500, 0, 0, 1, 1, 0, 20, 3
1776620574, 2, 4, 1179, 1177, 3, 8.04%, 0, 0, 2, 5.59, 16, 113, 0, 370, 103260, 38733, 0, 0.000, 0, 0, 0.912898, 1.000000, 30520, 0, 0, 1, 1, 0, 20, 3
1776620579, 2, 4, 1179, 1177, 3, 8.04%, 0, 0, 2, 5.48, 16, 113, 0, 370, 103260, 38733, 0, 0.000, 0, 0, 0.912973, 1.000000, 30549, 0, 0, 1, 1, 0, 20, 3
1776620584, 2, 4, 1179, 1177, 3, 8.04%, 0, 0, 2, 3.17, 16, 113, 0, 370, 103260, 38733, 0, 0.000, 0, 0, 0.913038, 1.000000, 30574, 0, 0, 1, 1, 0, 20, 3
1776620589, 2, 4, 1181, 1179, 3, 8.05%, 0, 0, 2, 4.85, 16, 113, 0, 370, 103260, 38733, 0, 0.000, 0, 0, 0.913075, 1.000000, 30588, 0, 0, 1, 1, 0, 20, 3
1776620594, 2, 4, 1182, 1180, 3, 8.05%, 0, 0, 2, 6.32, 16, 113, 0, 370, 103260, 38733, 0, 0.000, 0, 0, 0.913111, 1.000000, 30602, 0, 0, 1, 1, 0, 20, 3
1776620600, 2, 4, 1183, 1181, 3, 8.05%, 0, 0, 2, 1.27, 16, 113, 0, 370, 103260, 38733, 0, 0.000, 0, 0, 0.913171, 1.000000, 30625, 0, 0, 1, 1, 0, 20, 3
1776620605, 2, 4, 1184, 1182, 3, 8.05%, 0, 0, 2, 7.00, 16, 113, 0, 370, 103260, 38733, 0, 0.000, 0, 0, 0.913235, 0.664465, 30650, 0, 0, 1, 1, 0, 20, 3
1776620610, 2, 4, 1185, 1183, 3, 8.05%, 0, 0, 2, 5.99, 16, 113, 0, 370, 103260, 38733, 0, 0.000, 0, 0, 0.913282, 1.000000, 30668, 0, 0, 1, 1, 0, 20, 3
1776620615, 2, 4, 1185, 1183, 3, 8.05%, 0, 0, 2, 6.02, 16, 113, 0, 370, 103260, 38733, 0, 0.000, 0, 0, 0.913362, 1.000000, 30699, 0, 0, 1, 1, 0, 20, 3
1776620620, 2, 4, 1186, 1184, 3, 8.05%, 0, 0, 2, 6.09, 16, 113, 0, 370, 103260, 38733, 0, 0.000, 0, 0, 0.913421, 0.866761, 30722, 0, 0, 1, 1, 0, 20, 3
1776620625, 2, 4, 1186, 1184, 3, 8.05%, 0, 0, 2, 6.21, 16, 113, 0, 370, 103260, 38733, 0, 0.000, 0, 0, 0.913488, 1.000000, 30748, 0, 0, 1, 1, 0, 20, 3
1776620631, 2, 4, 1186, 1184, 3, 8.05%, 0, 0, 2, 5.87, 16, 113, 0, 370, 103260, 38733, 0, 0.000, 0, 0, 0.913549, 1.000000, 30772, 0, 0, 1, 1, 0, 20, 3
1776620636, 2, 4, 1186, 1184, 3, 8.05%, 0, 0, 2, 5.68, 16, 113, 0, 370, 103260, 38733, 0, 0.000, 0, 0, 0.913624, 1.000000, 30801, 0, 0, 1, 1, 0, 20, 3
1776620641, 2, 4, 1186, 1184, 3, 8.05%, 0, 0, 2, 5.65, 16, 113, 0, 370, 103260, 38733, 0, 0.000, 0, 0, 0.913698, 1.000000, 30830, 0, 0, 1, 1, 0, 20, 3
1776620646, 2, 4, 1188, 1186, 3, 8.06%, 0, 0, 2, 5.97, 16, 113, 0, 370, 103260, 38733, 0, 0.000, 0, 0, 0.913731, 0.587686, 30843, 0, 0, 1, 1, 0, 20, 3
1776620652, 2, 4, 1188, 1186, 3, 8.06%, 0, 0, 2, 6.21, 16, 113, 0, 370, 103260, 38733, 0, 0.000, 0, 0, 0.913816, 1.000000, 30876, 0, 0, 1, 1, 0, 20, 3
1776620657, 2, 4, 1189, 1187, 3, 8.06%, 0, 0, 2, 6.47, 16, 113, 0, 370, 103260, 38733, 0, 0.000, 0, 0, 0.913861, 1.000000, 30894, 0, 0, 1, 1, 0, 20, 3
1776620662, 2, 4, 1190, 1188, 3, 8.06%, 0, 0, 2, 6.30, 16, 113, 0, 370, 103260, 38733, 0, 0.000, 0, 0, 0.913920, 0.587686, 30917, 0, 0, 1, 1, 0, 20, 3
1776620667, 2, 4, 1190, 1188, 3, 8.06%, 0, 0, 2, 6.51, 16, 113, 0, 370, 103260, 38733, 0, 0.000, 0, 0, 0.913973, 1.000000, 30938, 0, 0, 1, 1, 0, 20, 3
1776620672, 2, 4, 1191, 1189, 3, 8.06%, 0, 0, 2, 6.03, 16, 113, 0, 370, 103260, 38733, 0, 0.000, 0, 0, 0.914029, 1.000000, 30960, 0, 0, 1, 1, 0, 20, 3
1776620677, 2, 4, 1192, 1190, 3, 8.06%, 0, 0, 2, 6.14, 16, 113, 0, 370, 103260, 38733, 0, 0.000, 0, 0, 0.914080, 1.000000, 30980, 0, 0, 1, 1, 0, 20, 3
1776620682, 2, 4, 1192, 1190, 3, 8.06%, 0, 0, 2, 5.83, 16, 113, 0, 370, 103260, 38733, 0, 0.000, 0, 0, 0.914151, 1.000000, 31008, 0, 0, 1, 1, 0, 20, 3
1776620688, 2, 4, 1192, 1190, 3, 8.06%, 0, 0, 2, 5.68, 16, 113, 0, 370, 103260, 38733, 0, 0.000, 0, 0, 0.914227, 1.000000, 31038, 0, 0, 1, 1, 0, 20, 3
1776620693, 2, 4, 1192, 1190, 3, 8.06%, 0, 0, 2, 5.76, 16, 113, 0, 370, 103260, 38733, 0, 0.000, 0, 0, 0.914295, 1.000000, 31065, 0, 0, 1, 1, 0, 20, 3
1776620698, 2, 4, 1193, 1191, 3, 8.07%, 0, 0, 2, 5.80, 16, 113, 0, 370, 103260, 38733, 0, 0.000, 0, 0, 0.914350, 1.000000, 31087, 0, 0, 1, 1, 0, 20, 3
1776620703, 2, 4, 1193, 1191, 3, 8.07%, 0, 0, 2, 6.44, 16, 113, 0, 370, 103260, 38733, 0, 0.000, 0, 0, 0.914406, 1.000000, 31109, 0, 0, 1, 1, 0, 20, 3
1776620709, 2, 4, 1193, 1191, 3, 8.07%, 0, 0, 2, 5.82, 16, 113, 0, 370, 103260, 38733, 0, 0.000, 0, 0, 0.914479, 1.000000, 31138, 0, 0, 1, 1, 0, 20, 3
1776620714, 2, 4, 1193, 1191, 3, 8.07%, 0, 0, 2, 3.57, 16, 113, 0, 370, 103260, 38733, 0, 0.000, 0, 0, 0.914544, 1.000000, 31164, 0, 0, 1, 1, 0, 20, 3
1776620719, 2, 4, 1194, 1192, 3, 8.07%, 0, 0, 2, 5.16, 16, 113, 0, 370, 103260, 38733, 0, 0.000, 0, 0, 0.914599, 1.000000, 31186, 0, 0, 1, 1, 0, 20, 3
1776620724, 2, 4, 1194, 1192, 3, 8.07%, 0, 0, 2, 5.39, 16, 113, 0, 370, 103260, 38733, 0, 0.000, 0, 0, 0.914664, 1.000000, 31212, 0, 0, 1, 1, 0, 20, 3
1776620729, 2, 4, 1194, 1192, 3, 8.07%, 0, 0, 2, 1.05, 16, 113, 0, 370, 103260, 38733, 0, 0.000, 0, 0, 0.914727, 1.000000, 31237, 0, 0, 1, 1, 0, 20, 3
1776620734, 2, 4, 1194, 1192, 3, 8.07%, 0, 0, 2, 5.96, 16, 113, 0, 370, 103260, 38733, 0, 0.000, 0, 0, 0.914804, 1.000000, 31268, 0, 0, 1, 1, 0, 20, 3
1776620739, 2, 4, 1194, 1192, 3, 8.07%, 0, 0, 2, 4.18, 16, 113, 0, 370, 103260, 38733, 0, 0.000, 0, 0, 0.914859, 1.000000, 31290, 0, 0, 1, 1, 0, 20, 3
1776620745, 2, 4, 1195, 1193, 3, 8.07%, 0, 0, 2, 5.24, 16, 113, 0, 370, 103260, 38733, 0, 0.000, 0, 0, 0.914926, 0.806954, 31317, 0, 0, 1, 1, 0, 20, 3
1776620750, 2, 4, 1196, 1194, 3, 8.07%, 0, 0, 2, 5.19, 16, 113, 0, 370, 103260, 38733, 0, 0.000, 0, 0, 0.914956, 0.587686, 31329, 0, 0, 1, 1, 0, 20, 3
1776620755, 2, 4, 1196, 1194, 3, 8.07%, 0, 0, 2, 5.50, 16, 113, 0, 370, 103260, 38733, 0, 0.000, 0, 0, 0.915028, 1.000000, 31358, 0, 0, 1, 1, 0, 20, 3
1776620760, 2, 4, 1196, 1194, 3, 8.07%, 0, 0, 2, 5.50, 16, 113, 0, 370, 103260, 38733, 0, 0.000, 0, 0, 0.915092, 1.000000, 31384, 0, 0, 1, 1, 0, 20, 3
1776620765, 2, 4, 1196, 1194, 3, 8.07%, 0, 0, 2, 5.80, 16, 113, 0, 370, 103260, 38733, 0, 0.000, 0, 0, 0.915171, 1.000000, 31416, 0, 0, 1, 1, 0, 20, 3
1776620771, 2, 4, 1196, 1194, 3, 8.07%, 0, 0, 2, 5.85, 16, 113, 0, 370, 103260, 38733, 0, 0.000, 0, 0, 0.915235, 1.000000, 31442, 0, 0, 1, 1, 0, 20, 3
1776620777, 2, 4, 1196, 1194, 3, 8.07%, 0, 0, 2, 5.60, 16, 113, 0, 370, 103260, 38733, 0, 0.000, 0, 0, 0.915307, 1.000000, 31471, 0, 0, 1, 1, 0, 20, 3
1776620782, 2, 4, 1196, 1194, 3, 8.07%, 0, 0, 2, 5.52, 16, 113, 0, 370, 103260, 38733, 0, 0.000, 0, 0, 0.915378, 1.000000, 31500, 0, 0, 1, 1, 0, 20, 3
1776620787, 2, 4, 1196, 1194, 3, 8.07%, 0, 0, 2, 6.34, 16, 113, 0, 370, 103260, 38733, 0, 0.000, 0, 0, 0.915447, 1.000000, 31528, 0, 0, 1, 1, 0, 20, 3
1776620792, 2, 4, 1196, 1194, 3, 8.07%, 0, 0, 2, 6.22, 16, 113, 0, 370, 103260, 38733, 0, 0.000, 0, 0, 0.915526, 1.000000, 31560, 0, 0, 1, 1, 0, 21, 3
1776620798, 2, 4, 1197, 1195, 3, 8.07%, 0, 0, 2, 5.82, 16, 113, 0, 370, 103260, 38733, 0, 0.000, 0, 0, 0.915587, 0.806954, 31585, 0, 0, 1, 1, 0, 21, 3
1776620803, 2, 4, 1197, 1195, 3, 8.07%, 0, 0, 2, 6.14, 16, 113, 0, 370, 103260, 38733, 0, 0.000, 0, 0, 0.915653, 1.000000, 31612, 0, 0, 1, 1, 0, 21, 3
1776620808, 2, 4, 1197, 1195, 3, 8.07%, 0, 0, 2, 5.90, 16, 113, 0, 370, 103260, 38733, 0, 0.000, 0, 0, 0.915711, 1.000000, 31636, 0, 0, 1, 1, 0, 21, 3
1776620814, 2, 4, 1198, 1196, 3, 8.07%, 0, 0, 2, 0.66, 16, 113, 0, 370, 103260, 38733, 0, 0.000, 0, 0, 0.915765, 0.713711, 31658, 0, 0, 1, 1, 0, 21, 3
1776620819, 2, 4, 1198, 1196, 3, 8.07%, 0, 0, 2, 5.96, 16, 113, 0, 370, 103260, 38733, 0, 0.000, 0, 0, 0.915828, 1.000000, 31684, 0, 0, 1, 1, 0, 21, 3
1776620825, 2, 4, 1198, 1196, 3, 8.07%, 0, 0, 2, 5.84, 16, 113, 0, 370, 103260, 38733, 0, 0.000, 0, 0, 0.915894, 1.000000, 31711, 0, 0, 1, 1, 0, 21, 3
1776620830, 2, 4, 1198, 1196, 3, 8.07%, 0, 0, 2, 5.75, 16, 113, 0, 370, 103260, 38733, 0, 0.000, 0, 0, 0.915964, 1.000000, 31740, 0, 0, 1, 1, 0, 21, 3
1776620835, 2, 4, 1198, 1196, 3, 8.07%, 0, 0, 2, 5.68, 16, 113, 0, 370, 103260, 38733, 0, 0.000, 0, 0, 0.916032, 1.000000, 31768, 0, 0, 1, 1, 0, 21, 3
1776620840, 2, 4, 1198, 1196, 3, 8.07%, 0, 0, 2, 6.06, 16, 113, 0, 370, 103260, 38733, 0, 0.000, 0, 0, 0.916110, 1.000000, 31800, 0, 0, 1, 1, 0, 21, 3
1776620845, 2, 4, 1199, 1197, 3, 8.07%, 0, 0, 2, 6.07, 16, 113, 0, 370, 103260, 38733, 0, 0.000, 0, 0, 0.916160, 1.000000, 31821, 0, 0, 1, 1, 0, 21, 3
1776620851, 2, 4, 1200, 1198, 3, 8.07%, 0, 0, 2, 0.66, 16, 113, 0, 370, 103260, 38733, 0, 0.000, 0, 0, 0.916204, 1.000000, 31839, 0, 0, 1, 1, 0, 21, 3
1776620856, 2, 4, 1200, 1198, 3, 8.07%, 0, 0, 2, 5.69, 16, 113, 0, 370, 103260, 38733, 0, 0.000, 0, 0, 0.916274, 1.000000, 31868, 0, 0, 1, 1, 0, 21, 3
1776620862, 2, 4, 1200, 1198, 3, 8.07%, 0, 0, 2, 5.55, 16, 113, 0, 370, 103260, 38733, 0, 0.000, 0, 0, 0.916341, 1.000000, 31896, 0, 0, 1, 1, 0, 21, 3
1776620867, 2, 4, 1200, 1198, 3, 8.07%, 0, 0, 2, 5.46, 16, 113, 0, 370, 103260, 38733, 0, 0.000, 0, 0, 0.916413, 1.000000, 31926, 0, 0, 1, 1, 0, 21, 3
1776620872, 2, 4, 1200, 1198, 3, 8.07%, 0, 0, 2, 5.79, 16, 113, 0, 370, 103260, 38733, 0, 0.000, 0, 0, 0.916480, 1.000000, 31954, 0, 0, 1, 1, 0, 21, 3
1776620878, 2, 4, 1200, 1198, 3, 8.07%, 0, 0, 2, 5.60, 16, 113, 0, 370, 103260, 38733, 0, 0.000, 0, 0, 0.916552, 1.000000, 31984, 0, 0, 1, 1, 0, 21, 3
1776620883, 2, 4, 1200, 1198, 3, 8.07%, 0, 0, 2, 3.18, 16, 113, 0, 370, 103260, 38733, 0, 0.000, 0, 0, 0.916607, 1.000000, 32007, 0, 0, 1, 1, 0, 21, 3
1776620888, 2, 4, 1200, 1198, 3, 8.07%, 0, 0, 2, 4.97, 16, 113, 0, 370, 103260, 38733, 0, 0.000, 0, 0, 0.916681, 1.000000, 32038, 0, 0, 1, 1, 0, 22, 3
1776620893, 2, 4, 1201, 1199, 3, 8.07%, 0, 0, 2, 5.20, 16, 113, 0, 370, 103260, 38733, 0, 0.000, 0, 0, 0.916712, 1.000000, 32051, 0, 0, 1, 1, 0, 22, 3
1776620899, 2, 4, 1201, 1199, 3, 8.07%, 0, 0, 2, 5.51, 16, 113, 0, 370, 103260, 38733, 0, 0.000, 0, 0, 0.916783, 1.000000, 32081, 0, 0, 1, 1, 0, 22, 3
1776620904, 2, 4, 1201, 1199, 3, 8.07%, 0, 0, 2, 5.82, 16, 113, 0, 370, 103260, 38733, 0, 0.000, 0, 0, 0.916857, 1.000000, 32112, 0, 0, 1, 1, 0, 22, 3
1776620909, 2, 4, 1201, 1199, 3, 8.07%, 0, 0, 2, 5.48, 16, 113, 0, 370, 103260, 38733, 0, 0.000, 0, 0, 0.916916, 1.000000, 32137, 0, 0, 1, 1, 0, 22, 3
1776620914, 2, 4, 1201, 1199, 3, 8.07%, 0, 0, 2, 6.11, 16, 113, 0, 370, 103260, 38733, 0, 0.000, 0, 0, 0.916994, 1.000000, 32170, 0, 0, 1, 1, 0, 22, 3
1776620919, 2, 4, 1202, 1200, 3, 8.07%, 0, 0, 2, 6.03, 16, 113, 0, 370, 103260, 38733, 0, 0.000, 0, 0, 0.917039, 1.000000, 32189, 0, 0, 1, 1, 0, 22, 3
1776620925, 2, 4, 1202, 1200, 3, 8.07%, 0, 0, 2, 5.73, 16, 113, 0, 370, 103260, 38733, 0, 0.000, 0, 0, 0.917108, 1.000000, 32218, 0, 0, 1, 1, 0, 22, 3
1776620930, 2, 4, 1202, 1200, 3, 8.07%, 0, 0, 2, 6.09, 16, 113, 0, 370, 103260, 38733, 0, 0.000, 0, 0, 0.917160, 1.000000, 32240, 0, 0, 1, 1, 0, 22, 3
1776620935, 2, 4, 1203, 1201, 3, 8.07%, 0, 0, 2, 6.07, 16, 113, 0, 370, 103260, 38733, 0, 0.000, 0, 0, 0.917212, 1.000000, 32262, 0, 0, 1, 1, 0, 22, 3
1776620940, 2, 4, 1203, 1201, 3, 8.07%, 0, 0, 2, 5.74, 16, 113, 0, 370, 103260, 38733, 0, 0.000, 0, 0, 0.917273, 1.000000, 32288, 0, 0, 1, 1, 0, 22, 3
1776620945, 2, 4, 1203, 1201, 3, 8.07%, 0, 0, 2, 5.53, 16, 113, 0, 370, 103260, 38733, 0, 0.000, 0, 0, 0.917336, 1.000000, 32315, 0, 0, 1, 1, 0, 22, 3
1776620950, 2, 4, 1204, 1202, 3, 8.08%, 0, 0, 2, 6.16, 16, 113, 0, 370, 103260, 38733, 0, 0.000, 0, 0, 0.917397, 1.000000, 32341, 0, 0, 1, 1, 0, 22, 3
1776620955, 2, 4, 1204, 1202, 3, 8.08%, 0, 0, 2, 5.58, 16, 113, 0, 370, 103260, 38733, 0, 0.000, 0, 0, 0.917451, 1.000000, 32364, 0, 0, 1, 1, 0, 22, 3
1776620961, 2, 4, 1204, 1202, 3, 8.08%, 0, 0, 2, 5.96, 16, 113, 0, 370, 103260, 38733, 0, 0.000, 0, 0, 0.917526, 1.000000, 32396, 0, 0, 1, 1, 0, 22, 3
1776620966, 2, 4, 1204, 1202, 3, 8.08%, 0, 0, 2, 4.52, 16, 113, 0, 370, 103260, 38733, 0, 0.000, 0, 0, 0.917577, 1.000000, 32418, 0, 0, 1, 1, 0, 22, 3
1776620971, 2, 4, 1204, 1202, 3, 8.08%, 0, 0, 2, 5.54, 16, 113, 0, 370, 103260, 38733, 0, 0.000, 0, 0, 0.917649, 1.000000, 32449, 0, 0, 1, 1, 0, 22, 3
1776620976, 2, 4, 1205, 1203, 3, 8.08%, 0, 0, 2, 5.75, 16, 113, 0, 370, 103260, 38733, 0, 0.000, 0, 0, 0.917696, 1.000000, 32469, 0, 0, 1, 1, 0, 22, 3
1776620982, 2, 4, 1205, 1203, 3, 8.08%, 0, 0, 2, 5.86, 16, 113, 0, 370, 103260, 38733, 0, 0.000, 0, 0, 0.917766, 1.000000, 32499, 0, 0, 1, 1, 0, 22, 3
1776620987, 2, 4, 1205, 1203, 3, 8.08%, 0, 0, 2, 5.53, 16, 113, 0, 370, 103260, 38733, 0, 0.000, 0, 0, 0.917833, 1.000000, 32528, 0, 0, 1, 1, 0, 22, 3
1776620992, 2, 4, 1205, 1203, 3, 8.08%, 0, 0, 2, 7.74, 16, 113, 0, 370, 103260, 38733, 0, 0.000, 0, 0, 0.917891, 1.000000, 32553, 0, 0, 1, 1, 0, 22, 3
1776620997, 2, 4, 1206, 1204, 3, 8.08%, 0, 0, 2, 6.46, 16, 113, 0, 370, 103260, 38733, 0, 0.000, 0, 0, 0.917944, 1.000000, 32576, 0, 0, 1, 1, 0, 22, 3
1776621002, 2, 4, 1207, 1205, 3, 8.08%, 0, 0, 2, 6.50, 16, 113, 0, 370, 103260, 38733, 0, 0.000, 0, 0, 0.917981, 1.000000, 32592, 0, 0, 1, 1, 0, 22, 3
1776621008, 2, 4, 1207, 1205, 3, 8.08%, 0, 0, 2, 5.82, 16, 113, 0, 370, 103260, 38733, 0, 0.000, 0, 0, 0.918046, 1.000000, 32620, 0, 0, 1, 1, 0, 22, 3
1776621013, 2, 4, 1207, 1205, 3, 8.08%, 0, 0, 2, 5.60, 16, 113, 0, 370, 103260, 38733, 0, 0.000, 0, 0, 0.918106, 1.000000, 32646, 0, 0, 1, 1, 0, 22, 3
1776621018, 2, 4, 1207, 1205, 3, 8.08%, 0, 0, 2, 6.03, 16, 113, 0, 370, 103260, 38733, 0, 0.000, 0, 0, 0.918175, 1.000000, 32676, 0, 0, 1, 1, 0, 22, 3
1776621023, 2, 4, 1207, 1205, 3, 8.08%, 0, 0, 2, 5.79, 16, 113, 0, 370, 103260, 38733, 0, 0.000, 0, 0, 0.918237, 1.000000, 32703, 0, 0, 1, 1, 0, 22, 3
1776621029, 2, 4, 1207, 1205, 3, 8.08%, 0, 0, 2, 1.05, 16, 113, 0, 370, 103260, 38733, 0, 0.000, 0, 0, 0.918306, 1.000000, 32733, 0, 0, 1, 1, 0, 22, 3
1776621034, 2, 4, 1207, 1205, 3, 8.08%, 0, 0, 2, 5.83, 16, 113, 0, 370, 103260, 38733, 0, 0.000, 0, 0, 0.918372, 1.000000, 32762, 0, 0, 1, 1, 0, 22, 3
1776621039, 2, 4, 1207, 1205, 3, 8.08%, 0, 0, 2, 0.65, 16, 113, 0, 370, 103260, 38733, 0, 0.000, 0, 0, 0.918420, 1.000000, 32783, 0, 0, 1, 1, 0, 22, 3
1776621044, 2, 4, 1207, 1205, 3, 8.08%, 0, 0, 2, 5.56, 16, 113, 0, 370, 103260, 38733, 0, 0.000, 0, 0, 0.918488, 1.000000, 32813, 0, 0, 1, 1, 0, 23, 3
