# unix_time, cycles_done, cur_path, paths_total, pending_total, pending_favs, map_size, unique_crashes, unique_hangs, max_depth, execs_per_sec, n_nodes, n_edges, chat_times, llm_calls, llm_prompt_tok, llm_compl_tok, llm_dedup, hyp_fitness, hyp_success, hyp_failure
1773260027, 0, 0, 67, 67, 17, 11.07%, 0, 0, 2, 1.61, 15, 49, 0, 0, 0, 0, 0, 0.000, 0, 0
1773260032, 0, 0, 68, 68, 17, 11.07%, 0, 0, 2, 2.00, 15, 49, 0, 0, 0, 0, 0, 0.000, 0, 0
1773260037, 0, 0, 69, 69, 17, 11.07%, 0, 0, 2, 2.23, 15, 49, 0, 0, 0, 0, 0, 0.000, 0, 0
1773260053, 0, 0, 70, 70, 17, 11.10%, 0, 0, 2, 2.39, 15, 49, 0, 0, 0, 0, 0, 0.000, 0, 0
1773260058, 0, 0, 71, 71, 17, 11.10%, 0, 0, 2, 2.39, 15, 49, 0, 0, 0, 0, 0, 0.000, 0, 0
1773260063, 0, 0, 73, 73, 17, 11.12%, 0, 0, 2, 2.49, 15, 50, 0, 0, 0, 0, 0, 0.000, 0, 0
1773260069, 0, 0, 74, 74, 17, 11.14%, 0, 0, 2, 2.48, 15, 50, 0, 0, 0, 0, 0, 0.000, 0, 0
1773260074, 0, 0, 75, 75, 17, 11.14%, 0, 0, 2, 2.43, 15, 50, 0, 0, 0, 0, 0, 0.000, 0, 0
1773260079, 0, 0, 77, 77, 17, 11.14%, 0, 0, 2, 2.48, 15, 50, 0, 0, 0, 0, 0, 0.000, 0, 0
1773260084, 0, 0, 78, 78, 17, 11.14%, 0, 0, 2, 2.54, 15, 50, 0, 0, 0, 0, 0, 0.000, 0, 0
1773260089, 0, 0, 79, 79, 17, 11.14%, 0, 0, 2, 2.50, 15, 50, 0, 0, 0, 0, 0, 0.000, 0, 0
1773260095, 0, 0, 81, 81, 17, 11.15%, 0, 0, 2, 2.48, 15, 50, 0, 0, 0, 0, 0, 0.000, 0, 0
1773260100, 0, 0, 82, 82, 17, 11.15%, 0, 0, 2, 2.57, 15, 50, 0, 0, 0, 0, 0, 0.000, 0, 0
1773260105, 0, 0, 83, 83, 17, 11.15%, 0, 0, 2, 2.60, 15, 50, 0, 0, 0, 0, 0, 0.000, 0, 0
1773260110, 0, 0, 85, 85, 17, 11.15%, 0, 0, 2, 2.53, 15, 50, 0, 0, 0, 0, 0, 0.000, 0, 0
1773260116, 0, 0, 86, 86, 17, 11.15%, 0, 0, 2, 2.48, 15, 50, 0, 0, 0, 0, 0, 0.000, 0, 0
1773260121, 0, 0, 87, 87, 17, 11.15%, 0, 0, 2, 2.44, 15, 50, 0, 0, 0, 0, 0, 0.000, 0, 0
1773260126, 0, 0, 88, 88, 17, 11.15%, 0, 0, 2, 2.41, 15, 50, 0, 0, 0, 0, 0, 0.000, 0, 0
1773260131, 0, 0, 89, 89, 17, 11.15%, 0, 0, 2, 2.52, 15, 50, 0, 0, 0, 0, 0, 0.000, 0, 0
1773260137, 0, 0, 90, 90, 17, 11.15%, 0, 0, 2, 2.57, 15, 50, 0, 0, 0, 0, 0, 0.000, 0, 0
1773260142, 0, 0, 91, 91, 17, 11.15%, 0, 0, 2, 2.58, 15, 50, 0, 0, 0, 0, 0, 0.000, 0, 0
1773260147, 0, 0, 93, 93, 17, 11.15%, 0, 0, 2, 2.60, 15, 50, 0, 0, 0, 0, 0, 0.000, 0, 0
1773260152, 0, 0, 94, 94, 17, 11.15%, 0, 0, 2, 2.59, 15, 50, 0, 0, 0, 0, 0, 0.000, 0, 0
1773260162, 0, 0, 95, 95, 17, 11.15%, 0, 0, 2, 2.55, 15, 50, 0, 0, 0, 0, 0, 0.000, 0, 0
1773260183, 0, 0, 96, 96, 17, 11.15%, 0, 0, 2, 2.59, 15, 50, 0, 0, 0, 0, 0, 0.000, 0, 0
1773260189, 0, 0, 97, 97, 17, 11.15%, 0, 0, 2, 2.48, 15, 50, 0, 0, 0, 0, 0, 0.000, 0, 0
1773260194, 0, 0, 98, 98, 17, 11.16%, 0, 0, 2, 2.44, 15, 50, 0, 0, 0, 0, 0, 0.000, 0, 0
1773260199, 0, 0, 99, 99, 17, 11.16%, 0, 0, 2, 2.49, 15, 50, 0, 0, 0, 0, 0, 0.000, 0, 0
1773260210, 0, 0, 100, 100, 17, 11.16%, 0, 0, 2, 2.32, 15, 50, 0, 0, 0, 0, 0, 0.000, 0, 0
1773260241, 0, 0, 101, 101, 17, 11.18%, 0, 0, 2, 2.16, 15, 50, 0, 0, 0, 0, 0, 0.000, 0, 0
1773260251, 0, 0, 102, 102, 17, 11.18%, 0, 0, 2, 2.34, 15, 50, 0, 0, 0, 0, 0, 0.000, 0, 0
1773260257, 0, 0, 103, 103, 17, 11.18%, 0, 0, 2, 2.44, 15, 50, 0, 0, 0, 0, 0, 0.000, 0, 0
1773260262, 0, 0, 104, 104, 17, 11.18%, 0, 0, 2, 2.48, 15, 51, 0, 0, 0, 0, 0, 0.000, 0, 0
1773260267, 0, 0, 105, 105, 17, 11.18%, 0, 0, 2, 2.55, 15, 51, 0, 0, 0, 0, 0, 0.000, 0, 0
1773260277, 0, 0, 106, 106, 17, 11.18%, 0, 0, 2, 2.47, 15, 51, 0, 0, 0, 0, 0, 0.000, 0, 0
1773260282, 0, 0, 107, 107, 17, 11.18%, 0, 0, 2, 2.43, 15, 51, 0, 0, 0, 0, 0, 0.000, 0, 0
1773260308, 0, 0, 109, 109, 17, 11.18%, 0, 0, 2, 2.47, 15, 51, 0, 0, 0, 0, 0, 0.000, 0, 0
1773260314, 0, 0, 110, 110, 17, 11.18%, 0, 0, 2, 2.43, 15, 51, 0, 0, 0, 0, 0, 0.000, 0, 0
1773260319, 0, 0, 111, 111, 17, 11.19%, 0, 0, 2, 2.40, 15, 51, 0, 0, 0, 0, 0, 0.000, 0, 0
1773260329, 0, 0, 112, 112, 17, 11.19%, 0, 0, 2, 2.53, 15, 51, 0, 0, 0, 0, 0, 0.000, 0, 0
1773260334, 0, 0, 113, 113, 17, 11.19%, 0, 0, 2, 2.50, 15, 51, 0, 0, 0, 0, 0, 0.000, 0, 0
1773260381, 0, 0, 114, 114, 17, 11.20%, 0, 0, 2, 2.53, 15, 51, 0, 0, 0, 0, 0, 0.000, 0, 0
1773260391, 0, 0, 115, 115, 17, 11.20%, 0, 0, 2, 2.48, 15, 51, 0, 0, 0, 0, 0, 0.000, 0, 0
1773260401, 0, 0, 116, 116, 17, 11.23%, 0, 0, 2, 2.53, 15, 51, 0, 0, 0, 0, 0, 0.000, 0, 0
1773260417, 0, 0, 117, 117, 17, 11.23%, 0, 0, 2, 2.22, 15, 51, 0, 0, 0, 0, 0, 0.000, 0, 0
1773260428, 0, 0, 118, 118, 17, 11.23%, 0, 0, 2, 2.37, 15, 51, 0, 0, 0, 0, 0, 0.000, 0, 0
1773260433, 0, 0, 119, 119, 17, 11.23%, 0, 0, 2, 2.45, 15, 51, 0, 0, 0, 0, 0, 0.000, 0, 0
1773260444, 0, 0, 120, 120, 17, 11.23%, 0, 0, 2, 2.55, 15, 51, 0, 0, 0, 0, 0, 0.000, 0, 0
1773260454, 0, 0, 121, 121, 17, 11.23%, 0, 0, 2, 2.51, 15, 51, 0, 0, 0, 0, 0, 0.000, 0, 0
1773260459, 0, 0, 122, 122, 17, 11.23%, 0, 0, 2, 2.47, 15, 51, 0, 0, 0, 0, 0, 0.000, 0, 0
1773260464, 0, 0, 123, 123, 17, 11.23%, 0, 0, 2, 2.50, 15, 51, 0, 0, 0, 0, 0, 0.000, 0, 0
1773260470, 0, 0, 124, 124, 17, 11.23%, 0, 0, 2, 2.58, 15, 51, 0, 0, 0, 0, 0, 0.000, 0, 0
1773260485, 0, 0, 125, 125, 17, 11.23%, 0, 0, 2, 2.57, 15, 51, 0, 0, 0, 0, 0, 0.000, 0, 0
1773260511, 0, 0, 126, 126, 17, 11.23%, 0, 0, 2, 2.42, 15, 51, 0, 0, 0, 0, 0, 0.000, 0, 0
1773260517, 0, 0, 127, 127, 17, 11.23%, 0, 0, 2, 2.55, 15, 51, 0, 0, 0, 0, 0, 0.000, 0, 0
1773260522, 0, 0, 128, 128, 17, 11.23%, 0, 0, 2, 2.58, 15, 51, 0, 0, 0, 0, 0, 0.000, 0, 0
1773260527, 0, 0, 129, 129, 17, 11.23%, 0, 0, 2, 2.53, 15, 51, 0, 0, 0, 0, 0, 0.000, 0, 0
1773260532, 0, 0, 130, 130, 17, 11.23%, 0, 0, 2, 2.56, 15, 51, 0, 0, 0, 0, 0, 0.000, 0, 0
1773260547, 0, 0, 131, 131, 17, 11.23%, 0, 0, 2, 2.46, 15, 51, 0, 0, 0, 0, 0, 0.000, 0, 0
1773260568, 0, 0, 132, 132, 17, 11.23%, 0, 0, 2, 2.46, 15, 51, 0, 0, 0, 0, 0, 0.000, 0, 0
1773260589, 0, 0, 133, 133, 17, 11.23%, 0, 0, 2, 2.46, 15, 51, 0, 0, 0, 0, 0, 0.000, 0, 0
1773260594, 0, 0, 134, 134, 17, 11.23%, 0, 0, 2, 2.53, 15, 51, 0, 0, 0, 0, 0, 0.000, 0, 0
1773260605, 0, 0, 135, 135, 17, 11.23%, 0, 0, 2, 2.55, 15, 51, 0, 0, 0, 0, 0, 0.000, 0, 0
1773260610, 0, 0, 136, 136, 17, 11.23%, 0, 0, 2, 2.37, 15, 51, 0, 0, 0, 0, 0, 0.000, 0, 0
1773260647, 0, 0, 137, 137, 17, 11.23%, 0, 0, 2, 2.52, 15, 51, 0, 0, 0, 0, 0, 0.000, 0, 0
1773260652, 0, 0, 139, 139, 17, 11.23%, 0, 0, 2, 2.59, 15, 51, 0, 0, 0, 0, 0, 0.000, 0, 0
1773260657, 0, 0, 140, 140, 17, 11.23%, 0, 0, 2, 2.64, 15, 51, 0, 0, 0, 0, 0, 0.000, 0, 0
1773260662, 0, 0, 141, 141, 17, 11.23%, 0, 0, 2, 2.66, 15, 51, 0, 0, 0, 0, 0, 0.000, 0, 0
1773260668, 0, 0, 143, 143, 17, 11.23%, 0, 0, 2, 2.67, 15, 51, 0, 0, 0, 0, 0, 0.000, 0, 0
1773260673, 0, 0, 144, 144, 17, 11.23%, 0, 0, 2, 2.68, 15, 51, 0, 0, 0, 0, 0, 0.000, 0, 0
1773260683, 0, 0, 146, 146, 17, 11.23%, 0, 0, 2, 2.63, 15, 51, 0, 0, 0, 0, 0, 0.000, 0, 0
1773260689, 0, 0, 147, 147, 17, 11.23%, 0, 0, 2, 2.63, 15, 51, 0, 0, 0, 0, 0, 0.000, 0, 0
1773260694, 0, 0, 148, 148, 17, 11.23%, 0, 0, 2, 2.61, 15, 51, 0, 0, 0, 0, 0, 0.000, 0, 0
1773260699, 0, 0, 149, 149, 17, 11.23%, 0, 0, 2, 2.62, 15, 51, 0, 0, 0, 0, 0, 0.000, 0, 0
1773260704, 0, 0, 150, 150, 17, 11.23%, 0, 0, 2, 2.64, 15, 51, 0, 0, 0, 0, 0, 0.000, 0, 0
1773260709, 0, 0, 151, 151, 17, 11.23%, 0, 0, 2, 2.66, 15, 51, 0, 0, 0, 0, 0, 0.000, 0, 0
1773260715, 0, 0, 152, 152, 17, 11.23%, 0, 0, 2, 2.67, 15, 51, 0, 0, 0, 0, 0, 0.000, 0, 0
1773260725, 0, 0, 153, 153, 17, 11.23%, 0, 0, 2, 2.66, 15, 53, 0, 0, 0, 0, 0, 0.000, 0, 0
1773260740, 0, 0, 154, 154, 17, 11.23%, 0, 0, 2, 2.50, 15, 53, 0, 0, 0, 0, 0, 0.000, 0, 0
1773260761, 0, 0, 156, 156, 17, 11.23%, 0, 0, 2, 2.54, 15, 53, 0, 0, 0, 0, 0, 0.000, 0, 0
1773260772, 0, 0, 157, 157, 17, 11.23%, 0, 0, 2, 2.60, 15, 53, 0, 0, 0, 0, 0, 0.000, 0, 0
1773260782, 0, 0, 158, 158, 17, 11.23%, 0, 0, 2, 2.60, 15, 53, 0, 0, 0, 0, 0, 0.000, 0, 0
1773260793, 0, 0, 159, 159, 17, 11.23%, 0, 0, 2, 2.62, 15, 53, 0, 0, 0, 0, 0, 0.000, 0, 0
1773260803, 0, 0, 160, 160, 17, 11.23%, 0, 0, 2, 2.66, 15, 53, 0, 0, 0, 0, 0, 0.000, 0, 0
1773260819, 0, 0, 161, 161, 17, 11.23%, 0, 0, 2, 2.66, 15, 53, 0, 0, 0, 0, 0, 0.000, 0, 0
1773260824, 0, 0, 162, 162, 17, 11.23%, 0, 0, 2, 2.54, 15, 53, 0, 0, 0, 0, 0, 0.000, 0, 0
1773260840, 0, 0, 163, 163, 17, 11.23%, 0, 0, 2, 2.61, 15, 53, 0, 0, 0, 0, 0, 0.000, 0, 0
1773260845, 0, 0, 164, 164, 17, 11.23%, 0, 0, 2, 2.65, 15, 53, 0, 0, 0, 0, 0, 0.000, 0, 0
1773260850, 0, 0, 165, 165, 17, 11.23%, 0, 0, 2, 2.45, 15, 54, 0, 0, 0, 0, 0, 0.000, 0, 0
1773260866, 0, 0, 166, 166, 17, 11.23%, 0, 0, 2, 2.59, 15, 54, 0, 0, 0, 0, 0, 0.000, 0, 0
1773260871, 0, 0, 167, 167, 17, 11.23%, 0, 0, 2, 2.59, 15, 54, 0, 0, 0, 0, 0, 0.000, 0, 0
1773260876, 0, 0, 168, 168, 17, 11.23%, 0, 0, 2, 2.61, 15, 54, 0, 0, 0, 0, 0, 0.000, 0, 0
1773260897, 0, 0, 169, 169, 17, 11.23%, 0, 0, 2, 2.62, 15, 54, 0, 0, 0, 0, 0, 0.000, 0, 0
1773260918, 0, 0, 170, 170, 17, 11.23%, 0, 0, 2, 2.63, 15, 54, 0, 0, 0, 0, 0, 0.000, 0, 0
1773260944, 0, 0, 171, 171, 17, 11.23%, 0, 0, 2, 2.60, 15, 54, 0, 0, 0, 0, 0, 0.000, 0, 0
1773260949, 0, 0, 172, 172, 17, 11.23%, 0, 0, 2, 2.55, 15, 54, 0, 0, 0, 0, 0, 0.000, 0, 0
1773260970, 0, 0, 173, 173, 17, 11.23%, 0, 0, 2, 2.59, 15, 54, 0, 0, 0, 0, 0, 0.000, 0, 0
1773260981, 0, 0, 174, 174, 17, 11.23%, 0, 0, 2, 2.62, 15, 54, 0, 0, 0, 0, 0, 0.000, 0, 0
1773260986, 0, 0, 175, 175, 17, 11.23%, 0, 0, 2, 2.39, 15, 54, 0, 0, 0, 0, 0, 0.000, 0, 0
1773260991, 0, 0, 176, 176, 17, 11.23%, 0, 0, 2, 2.30, 15, 54, 0, 0, 0, 0, 0, 0.000, 0, 0
1773260997, 0, 0, 177, 177, 17, 11.23%, 0, 0, 2, 2.51, 15, 54, 0, 0, 0, 0, 0, 0.000, 0, 0
1773261002, 0, 0, 178, 178, 17, 11.23%, 0, 0, 2, 2.60, 15, 54, 0, 0, 0, 0, 0, 0.000, 0, 0
1773261012, 0, 0, 179, 179, 17, 11.23%, 0, 0, 2, 2.62, 15, 54, 0, 0, 0, 0, 0, 0.000, 0, 0
1773261018, 0, 0, 180, 180, 17, 11.23%, 0, 0, 2, 2.62, 15, 54, 0, 0, 0, 0, 0, 0.000, 0, 0
1773261023, 0, 0, 182, 182, 17, 11.24%, 0, 0, 2, 2.56, 15, 54, 0, 0, 0, 0, 0, 0.000, 0, 0
1773261028, 0, 0, 183, 183, 17, 11.24%, 0, 0, 2, 2.63, 15, 54, 0, 0, 0, 0, 0, 0.000, 0, 0
1773261033, 0, 0, 184, 184, 17, 11.24%, 0, 0, 2, 2.66, 15, 54, 0, 0, 0, 0, 0, 0.000, 0, 0
1773261039, 0, 0, 185, 185, 17, 11.25%, 0, 0, 2, 2.39, 15, 54, 0, 0, 0, 0, 0, 0.000, 0, 0
1773261044, 0, 0, 186, 186, 17, 11.25%, 0, 0, 2, 2.28, 15, 54, 0, 0, 0, 0, 0, 0.000, 0, 0
1773261055, 0, 0, 187, 187, 17, 11.25%, 0, 0, 2, 2.43, 15, 54, 0, 0, 0, 0, 0, 0.000, 0, 0
1773261065, 0, 0, 188, 188, 17, 11.26%, 0, 0, 2, 2.35, 15, 55, 0, 0, 0, 0, 0, 0.000, 0, 0
1773261070, 0, 0, 189, 189, 17, 11.26%, 0, 0, 2, 2.47, 15, 55, 0, 0, 0, 0, 0, 0.000, 0, 0
1773261075, 0, 0, 190, 190, 17, 11.26%, 0, 0, 2, 2.49, 15, 55, 0, 0, 0, 0, 0, 0.000, 0, 0
1773261080, 0, 0, 191, 191, 17, 11.26%, 0, 0, 2, 2.53, 15, 55, 0, 0, 0, 0, 0, 0.000, 0, 0
1773261086, 0, 0, 192, 192, 17, 11.26%, 0, 0, 2, 2.58, 15, 55, 0, 0, 0, 0, 0, 0.000, 0, 0
1773261091, 0, 0, 193, 193, 17, 11.26%, 0, 0, 2, 2.63, 15, 55, 0, 0, 0, 0, 0, 0.000, 0, 0
1773261101, 0, 0, 194, 194, 17, 11.26%, 0, 0, 2, 2.37, 15, 55, 0, 0, 0, 0, 0, 0.000, 0, 0
1773261107, 0, 0, 195, 195, 17, 11.26%, 0, 0, 2, 2.17, 15, 55, 0, 0, 0, 0, 0, 0.000, 0, 0
1773261112, 0, 0, 196, 196, 17, 11.26%, 0, 0, 2, 2.37, 15, 55, 0, 0, 0, 0, 0, 0.000, 0, 0
1773261118, 0, 0, 197, 197, 17, 11.26%, 0, 0, 2, 2.06, 15, 55, 0, 0, 0, 0, 0, 0.000, 0, 0
1773261139, 0, 0, 198, 198, 17, 11.26%, 0, 0, 2, 2.53, 15, 55, 0, 0, 0, 0, 0, 0.000, 0, 0
1773261160, 0, 0, 199, 199, 17, 11.26%, 0, 0, 2, 2.58, 15, 55, 0, 0, 0, 0, 0, 0.000, 0, 0
1773261170, 0, 0, 200, 200, 17, 11.26%, 0, 0, 2, 2.59, 15, 55, 0, 0, 0, 0, 0, 0.000, 0, 0
1773261175, 0, 0, 201, 201, 17, 11.26%, 0, 0, 2, 2.54, 15, 55, 0, 0, 0, 0, 0, 0.000, 0, 0
1773261196, 0, 0, 202, 202, 17, 11.26%, 0, 0, 2, 2.45, 15, 55, 0, 0, 0, 0, 0, 0.000, 0, 0
1773261201, 0, 0, 203, 203, 17, 11.26%, 0, 0, 2, 2.53, 15, 55, 0, 0, 0, 0, 0, 0.000, 0, 0
1773261211, 0, 0, 204, 204, 17, 11.26%, 0, 0, 2, 2.59, 15, 55, 0, 0, 0, 0, 0, 0.000, 0, 0
1773261217, 0, 0, 205, 205, 17, 11.27%, 0, 0, 2, 2.39, 15, 56, 0, 0, 0, 0, 0, 0.000, 0, 0
1773261222, 0, 0, 206, 206, 17, 11.27%, 0, 0, 2, 2.18, 15, 56, 0, 0, 0, 0, 0, 0.000, 0, 0
1773261227, 0, 0, 207, 207, 17, 11.27%, 0, 0, 2, 2.46, 15, 56, 0, 0, 0, 0, 0, 0.000, 0, 0
1773261233, 0, 0, 208, 208, 17, 11.27%, 0, 0, 2, 2.31, 15, 57, 0, 0, 0, 0, 0, 0.000, 0, 0
1773261245, 0, 0, 209, 209, 17, 11.27%, 0, 0, 2, 2.02, 15, 57, 0, 0, 0, 0, 0, 0.000, 0, 0
1773261260, 0, 0, 211, 211, 17, 11.27%, 0, 0, 2, 2.56, 15, 57, 0, 0, 0, 0, 0, 0.000, 0, 0
1773261281, 0, 0, 213, 213, 17, 11.27%, 0, 0, 2, 2.66, 15, 57, 0, 0, 0, 0, 0, 0.000, 0, 0
1773261292, 0, 0, 214, 214, 17, 11.27%, 0, 0, 2, 2.56, 15, 57, 0, 0, 0, 0, 0, 0.000, 0, 0
1773261302, 0, 0, 215, 215, 17, 11.27%, 0, 0, 2, 2.59, 15, 57, 0, 0, 0, 0, 0, 0.000, 0, 0
1773261313, 0, 0, 216, 216, 17, 11.27%, 0, 0, 2, 2.57, 15, 57, 0, 0, 0, 0, 0, 0.000, 0, 0
1773261323, 0, 0, 218, 218, 17, 11.27%, 0, 0, 2, 2.60, 15, 57, 0, 0, 0, 0, 0, 0.000, 0, 0
1773261328, 0, 0, 219, 219, 17, 11.27%, 0, 0, 2, 2.59, 15, 57, 0, 0, 0, 0, 0, 0.000, 0, 0
1773261370, 0, 0, 220, 220, 17, 11.27%, 0, 0, 2, 2.61, 15, 57, 0, 0, 0, 0, 0, 0.000, 0, 0
1773261381, 0, 0, 221, 221, 17, 11.27%, 0, 0, 2, 2.49, 15, 57, 0, 0, 0, 0, 0, 0.000, 0, 0
1773261386, 0, 0, 222, 222, 17, 11.28%, 0, 0, 2, 2.57, 15, 57, 0, 0, 0, 0, 0, 0.000, 0, 0
1773261392, 0, 0, 223, 223, 17, 11.28%, 0, 0, 2, 2.62, 15, 57, 0, 0, 0, 0, 0, 0.000, 0, 0
1773261397, 0, 0, 224, 224, 17, 11.28%, 0, 0, 2, 2.54, 15, 57, 0, 0, 0, 0, 0, 0.000, 0, 0
1773261407, 0, 0, 225, 225, 17, 11.28%, 0, 0, 2, 2.45, 15, 57, 0, 0, 0, 0, 0, 0.000, 0, 0
1773261417, 0, 0, 226, 226, 17, 11.28%, 0, 0, 2, 2.57, 15, 57, 0, 0, 0, 0, 0, 0.000, 0, 0
1773261428, 0, 0, 227, 227, 17, 11.28%, 0, 0, 2, 2.56, 15, 57, 0, 0, 0, 0, 0, 0.000, 0, 0
1773261433, 0, 0, 228, 228, 17, 11.28%, 0, 0, 2, 2.57, 15, 57, 0, 0, 0, 0, 0, 0.000, 0, 0
1773261444, 0, 0, 229, 229, 17, 11.28%, 0, 0, 2, 2.63, 15, 57, 0, 0, 0, 0, 0, 0.000, 0, 0
1773261454, 0, 0, 230, 230, 17, 11.28%, 0, 0, 2, 2.57, 15, 57, 0, 0, 0, 0, 0, 0.000, 0, 0
1773261460, 0, 0, 231, 231, 17, 11.28%, 0, 0, 2, 2.60, 15, 57, 0, 0, 0, 0, 0, 0.000, 0, 0
1773261475, 0, 0, 232, 232, 17, 11.29%, 0, 0, 2, 2.61, 15, 57, 0, 0, 0, 0, 0, 0.000, 0, 0
1773261496, 0, 0, 233, 233, 17, 11.29%, 0, 0, 2, 2.61, 15, 57, 0, 0, 0, 0, 0, 0.000, 0, 0
1773261501, 0, 0, 234, 234, 17, 11.29%, 0, 0, 2, 2.39, 15, 57, 0, 0, 0, 0, 0, 0.000, 0, 0
1773261512, 0, 0, 235, 235, 17, 11.29%, 0, 0, 2, 2.42, 15, 57, 0, 0, 0, 0, 0, 0.000, 0, 0
1773261523, 0, 0, 236, 236, 17, 11.30%, 0, 0, 2, 2.17, 15, 57, 0, 0, 0, 0, 0, 0.000, 0, 0
1773261549, 0, 0, 237, 237, 17, 11.30%, 0, 0, 2, 2.17, 15, 57, 0, 0, 0, 0, 0, 0.000, 0, 0
1773261560, 0, 0, 238, 238, 17, 11.30%, 0, 0, 2, 2.19, 15, 57, 0, 0, 0, 0, 0, 0.000, 0, 0
1773261565, 0, 0, 239, 239, 17, 11.30%, 0, 0, 2, 2.24, 15, 57, 0, 0, 0, 0, 0, 0.000, 0, 0
1773261575, 0, 0, 240, 240, 17, 11.30%, 0, 0, 2, 2.43, 15, 57, 0, 0, 0, 0, 0, 0.000, 0, 0
1773261617, 0, 0, 241, 241, 17, 11.46%, 0, 0, 2, 2.57, 15, 60, 0, 0, 0, 0, 0, 0.000, 0, 0
1773261627, 0, 0, 242, 242, 17, 11.46%, 0, 0, 2, 2.55, 15, 60, 0, 0, 0, 0, 0, 0.000, 0, 0
1773261632, 0, 0, 243, 243, 17, 11.46%, 0, 0, 2, 2.57, 15, 60, 0, 0, 0, 0, 0, 0.000, 0, 0
1773261637, 0, 0, 244, 244, 17, 11.46%, 0, 0, 2, 2.56, 15, 60, 0, 0, 0, 0, 0, 0.000, 0, 0
1773261643, 0, 0, 245, 245, 17, 11.47%, 0, 0, 2, 2.28, 15, 60, 0, 0, 0, 0, 0, 0.000, 0, 0
1773261674, 0, 0, 246, 246, 17, 11.47%, 0, 0, 2, 2.43, 15, 60, 0, 0, 0, 0, 0, 0.000, 0, 0
1773261700, 0, 0, 247, 247, 17, 11.48%, 0, 0, 2, 2.54, 15, 60, 0, 0, 0, 0, 0, 0.000, 0, 0
1773261726, 0, 0, 248, 248, 17, 11.48%, 0, 0, 2, 2.53, 15, 60, 0, 0, 0, 0, 0, 0.000, 0, 0
1773261731, 0, 0, 249, 249, 17, 11.48%, 0, 0, 2, 2.53, 15, 60, 0, 0, 0, 0, 0, 0.000, 0, 0
1773261741, 0, 0, 250, 250, 17, 11.48%, 0, 0, 2, 2.50, 15, 60, 0, 0, 0, 0, 0, 0.000, 0, 0
1773261762, 0, 0, 251, 251, 17, 11.48%, 0, 0, 2, 2.53, 15, 60, 0, 0, 0, 0, 0, 0.000, 0, 0
1773261777, 0, 0, 252, 252, 17, 11.48%, 0, 0, 2, 2.57, 15, 60, 0, 0, 0, 0, 0, 0.000, 0, 0
1773261808, 0, 0, 253, 253, 17, 11.49%, 0, 0, 2, 2.42, 15, 60, 0, 0, 0, 0, 0, 0.000, 0, 0
1773261854, 0, 0, 254, 254, 17, 11.49%, 0, 0, 2, 2.43, 15, 60, 0, 0, 0, 0, 0, 0.000, 0, 0
1773261875, 0, 0, 255, 255, 17, 11.49%, 0, 0, 2, 2.47, 15, 60, 0, 0, 0, 0, 0, 0.000, 0, 0
1773261963, 0, 0, 256, 256, 17, 11.49%, 0, 0, 2, 2.50, 15, 60, 0, 0, 0, 0, 0, 0.000, 0, 0
1773262000, 0, 0, 257, 257, 17, 11.49%, 0, 0, 2, 2.43, 15, 60, 0, 0, 0, 0, 0, 0.000, 0, 0
1773262106, 0, 3, 258, 257, 1, 11.49%, 0, 0, 2, 0.02, 15, 60, 1, 1, 1535, 83, 0, 0.500, 0, 0
1773262143, 0, 3, 259, 258, 1, 11.50%, 0, 0, 2, 1.74, 15, 60, 1, 1, 1535, 83, 0, 0.500, 0, 0
1773262149, 0, 3, 260, 259, 1, 11.50%, 0, 0, 2, 1.67, 15, 60, 1, 1, 1535, 83, 0, 0.500, 0, 0
1773262154, 0, 3, 261, 260, 1, 11.50%, 0, 0, 2, 1.71, 15, 60, 1, 1, 1535, 83, 0, 0.500, 0, 0
1773262159, 0, 3, 262, 261, 1, 11.50%, 0, 0, 2, 1.71, 15, 60, 1, 1, 1535, 83, 0, 0.500, 0, 0
1773262186, 0, 3, 263, 262, 1, 11.50%, 0, 0, 2, 1.72, 15, 60, 1, 1, 1535, 83, 0, 0.500, 0, 0
1773262223, 0, 3, 264, 263, 1, 11.50%, 0, 0, 2, 1.84, 15, 60, 1, 1, 1535, 83, 0, 0.500, 0, 0
1773262244, 0, 3, 265, 264, 1, 11.50%, 0, 0, 2, 1.80, 15, 60, 1, 1, 1535, 83, 0, 0.409, 0, 1
1773262255, 0, 3, 266, 265, 1, 11.51%, 0, 0, 2, 1.76, 15, 60, 1, 1, 1535, 83, 0, 0.409, 0, 1
1773262292, 0, 3, 267, 266, 1, 11.51%, 0, 0, 2, 1.79, 15, 60, 1, 1, 1535, 83, 0, 0.409, 0, 1
1773262313, 0, 3, 268, 267, 1, 11.51%, 0, 0, 2, 1.88, 15, 60, 1, 1, 1535, 83, 0, 0.409, 0, 1
1773262318, 0, 3, 269, 268, 1, 11.51%, 0, 0, 2, 1.84, 15, 60, 1, 1, 1535, 83, 0, 0.409, 0, 1
1773262345, 0, 3, 270, 269, 1, 11.51%, 0, 0, 2, 1.87, 15, 60, 1, 1, 1535, 83, 0, 0.409, 0, 1
1773262381, 0, 3, 271, 270, 1, 11.52%, 0, 0, 2, 1.80, 15, 60, 1, 1, 1535, 83, 0, 0.409, 0, 1
1773262424, 0, 3, 272, 271, 1, 11.52%, 0, 0, 2, 1.95, 15, 60, 1, 1, 1535, 83, 0, 0.409, 0, 1
1773262450, 0, 3, 273, 272, 1, 11.52%, 0, 0, 2, 1.78, 15, 60, 1, 1, 1535, 83, 0, 0.409, 0, 1
1773262482, 0, 3, 274, 273, 1, 11.52%, 0, 0, 2, 1.83, 15, 60, 1, 1, 1535, 83, 0, 0.409, 0, 1
1773262488, 0, 3, 275, 274, 1, 11.52%, 0, 0, 2, 1.88, 15, 60, 1, 1, 1535, 83, 0, 0.409, 0, 1
1773262493, 0, 3, 276, 275, 1, 11.52%, 0, 0, 2, 1.98, 15, 60, 1, 1, 1535, 83, 0, 0.409, 0, 1
1773262503, 0, 3, 277, 276, 1, 11.53%, 0, 0, 2, 1.93, 15, 60, 1, 1, 1535, 83, 0, 0.409, 0, 1
1773262530, 0, 3, 278, 277, 1, 11.53%, 0, 0, 2, 1.74, 15, 60, 1, 1, 1535, 83, 0, 0.409, 0, 1
1773262562, 0, 3, 279, 278, 1, 11.53%, 0, 0, 2, 1.82, 15, 60, 1, 1, 1535, 83, 0, 0.409, 0, 1
1773262593, 0, 3, 280, 279, 1, 11.53%, 0, 0, 2, 1.80, 15, 60, 1, 1, 1535, 83, 0, 0.409, 0, 1
1773262657, 0, 3, 281, 280, 1, 11.54%, 0, 0, 2, 1.76, 15, 60, 1, 1, 1535, 83, 0, 0.409, 0, 1
1773262709, 0, 3, 282, 281, 1, 11.54%, 0, 0, 2, 1.81, 15, 60, 1, 1, 1535, 83, 0, 0.409, 0, 1
1773262720, 0, 3, 283, 282, 1, 11.54%, 0, 0, 2, 1.69, 15, 60, 1, 1, 1535, 83, 0, 0.409, 0, 1
1773262788, 0, 3, 284, 283, 1, 11.54%, 0, 0, 2, 1.89, 15, 60, 1, 1, 1535, 83, 0, 0.409, 0, 1
1773262804, 0, 3, 285, 284, 1, 11.54%, 0, 0, 2, 1.86, 15, 60, 1, 1, 1535, 83, 0, 0.409, 0, 1
1773262830, 0, 3, 286, 285, 1, 11.54%, 0, 0, 2, 1.95, 15, 60, 1, 1, 1535, 83, 0, 0.409, 0, 1
1773262841, 0, 3, 287, 286, 1, 11.54%, 0, 0, 2, 1.86, 15, 60, 1, 1, 1535, 83, 0, 0.409, 0, 1
1773262857, 0, 3, 288, 287, 1, 11.54%, 0, 0, 2, 1.82, 15, 60, 1, 1, 1535, 83, 0, 0.409, 0, 1
1773262925, 0, 3, 289, 288, 1, 11.54%, 0, 0, 2, 1.89, 15, 60, 1, 1, 1535, 83, 0, 0.409, 0, 1
1773262952, 0, 3, 290, 289, 1, 11.54%, 0, 0, 2, 1.82, 15, 60, 1, 1, 1535, 83, 0, 0.409, 0, 1
1773262957, 0, 3, 291, 290, 1, 11.55%, 0, 0, 2, 1.78, 15, 60, 1, 1, 1535, 83, 0, 0.409, 0, 1
1773263009, 0, 3, 292, 291, 1, 11.55%, 0, 0, 2, 1.86, 15, 60, 1, 1, 1535, 83, 0, 0.409, 0, 1
1773263014, 0, 3, 293, 292, 1, 11.55%, 0, 0, 2, 1.88, 15, 60, 1, 1, 1535, 83, 0, 0.409, 0, 1
1773263025, 0, 3, 294, 293, 1, 11.55%, 0, 0, 2, 1.88, 15, 60, 1, 1, 1535, 83, 0, 0.409, 0, 1
1773263099, 0, 3, 295, 294, 1, 11.55%, 0, 0, 2, 1.90, 15, 60, 1, 1, 1535, 83, 0, 0.409, 0, 1
1773263109, 0, 3, 296, 295, 1, 11.55%, 0, 0, 2, 1.87, 15, 60, 1, 1, 1535, 83, 0, 0.409, 0, 1
1773263131, 0, 3, 297, 296, 1, 11.55%, 0, 0, 2, 1.90, 15, 60, 1, 1, 1535, 83, 0, 0.409, 0, 1
1773263157, 0, 3, 298, 297, 1, 11.56%, 0, 0, 2, 1.94, 15, 60, 1, 1, 1535, 83, 0, 0.409, 0, 1
1773263200, 0, 3, 299, 298, 1, 11.56%, 0, 0, 2, 1.92, 15, 60, 1, 1, 1535, 83, 0, 0.409, 0, 1
1773263300, 0, 3, 300, 299, 1, 11.56%, 0, 0, 2, 2.02, 15, 60, 1, 1, 1535, 83, 0, 0.409, 0, 1
1773263373, 0, 3, 301, 300, 1, 11.56%, 0, 0, 2, 2.11, 15, 60, 1, 1, 1535, 83, 0, 0.409, 0, 1
1773263405, 0, 3, 302, 301, 1, 11.56%, 0, 0, 2, 1.92, 15, 60, 1, 1, 1535, 83, 0, 0.409, 0, 1
1773263453, 0, 3, 303, 302, 1, 11.56%, 0, 0, 2, 1.77, 15, 60, 1, 1, 1535, 83, 0, 0.409, 0, 1
1773263458, 0, 3, 304, 303, 1, 11.56%, 0, 0, 2, 1.80, 15, 60, 1, 1, 1535, 83, 0, 0.409, 0, 1
1773263474, 0, 3, 305, 304, 1, 11.56%, 0, 0, 2, 1.80, 15, 60, 1, 1, 1535, 83, 0, 0.409, 0, 1
1773263500, 0, 3, 306, 305, 1, 11.56%, 0, 0, 2, 1.78, 15, 60, 1, 1, 1535, 83, 0, 0.409, 0, 1
1773263511, 0, 3, 307, 306, 1, 11.56%, 0, 0, 2, 1.75, 15, 60, 1, 1, 1535, 83, 0, 0.409, 0, 1
1773263547, 0, 3, 308, 307, 1, 11.56%, 0, 0, 2, 1.85, 15, 60, 1, 1, 1535, 83, 0, 0.409, 0, 1
1773263568, 0, 3, 309, 308, 1, 11.56%, 0, 0, 2, 1.76, 15, 60, 1, 1, 1535, 83, 0, 0.409, 0, 1
1773263578, 0, 3, 310, 309, 1, 11.57%, 0, 0, 2, 1.75, 15, 60, 1, 1, 1535, 83, 0, 0.409, 0, 1
1773263642, 0, 3, 311, 310, 1, 11.57%, 0, 0, 2, 1.64, 15, 60, 1, 1, 1535, 83, 0, 0.409, 0, 1
1773263673, 0, 3, 312, 311, 1, 11.57%, 0, 0, 2, 1.81, 15, 60, 1, 1, 1535, 83, 0, 0.409, 0, 1
1773263684, 0, 3, 313, 312, 1, 11.57%, 0, 0, 2, 1.75, 15, 60, 1, 1, 1535, 83, 0, 0.409, 0, 1
1773263705, 0, 3, 314, 313, 1, 11.57%, 0, 0, 2, 1.64, 15, 60, 1, 1, 1535, 83, 0, 0.409, 0, 1
1773263715, 0, 3, 315, 314, 1, 11.57%, 0, 0, 2, 1.68, 15, 60, 1, 1, 1535, 83, 0, 0.409, 0, 1
1773263731, 0, 3, 316, 315, 1, 11.57%, 0, 0, 2, 1.90, 15, 60, 1, 1, 1535, 83, 0, 0.409, 0, 1
1773263736, 0, 3, 317, 316, 1, 11.57%, 0, 0, 2, 1.84, 15, 60, 1, 1, 1535, 83, 0, 0.409, 0, 1
1773263773, 0, 3, 318, 317, 1, 11.57%, 0, 0, 2, 1.67, 15, 60, 1, 1, 1535, 83, 0, 0.409, 0, 1
1773263942, 1, 0, 318, 316, 12, 11.57%, 0, 0, 2, 2.30, 15, 60, 2, 1, 1535, 83, 0, 0.333, 0, 3
1773263947, 1, 0, 319, 317, 12, 11.57%, 0, 0, 2, 2.43, 15, 60, 2, 1, 1535, 83, 0, 0.333, 0, 3
1773263957, 1, 0, 320, 318, 12, 11.57%, 0, 0, 2, 2.54, 15, 60, 2, 1, 1535, 83, 0, 0.333, 0, 3
1773263962, 1, 0, 321, 319, 12, 11.57%, 0, 0, 2, 2.56, 15, 60, 2, 1, 1535, 83, 0, 0.333, 0, 3
1773263968, 1, 0, 322, 320, 12, 11.57%, 0, 0, 2, 2.61, 15, 61, 2, 1, 1535, 83, 0, 0.333, 0, 3
1773263973, 1, 0, 323, 321, 12, 11.57%, 0, 0, 2, 2.63, 15, 61, 2, 1, 1535, 83, 0, 0.333, 0, 3
1773263984, 1, 0, 324, 322, 12, 11.57%, 0, 0, 2, 2.65, 15, 61, 2, 1, 1535, 83, 0, 0.333, 0, 3
1773263989, 1, 0, 325, 323, 12, 11.57%, 0, 0, 2, 2.65, 15, 61, 2, 1, 1535, 83, 0, 0.333, 0, 3
1773263994, 1, 0, 326, 324, 12, 11.57%, 0, 0, 2, 2.60, 15, 61, 2, 1, 1535, 83, 0, 0.333, 0, 3
1773264014, 1, 0, 327, 325, 12, 11.57%, 0, 0, 2, 2.56, 15, 61, 2, 1, 1535, 83, 0, 0.333, 0, 3
1773264035, 1, 0, 328, 326, 12, 11.57%, 0, 0, 2, 2.64, 15, 61, 2, 1, 1535, 83, 0, 0.333, 0, 3
1773264040, 1, 0, 329, 327, 12, 11.57%, 0, 0, 2, 2.65, 15, 61, 2, 1, 1535, 83, 0, 0.333, 0, 3
1773264066, 1, 0, 330, 328, 12, 11.57%, 0, 0, 2, 2.54, 15, 61, 2, 1, 1535, 83, 0, 0.333, 0, 3
1773264108, 1, 0, 331, 329, 12, 11.58%, 0, 0, 2, 2.65, 15, 61, 2, 1, 1535, 83, 0, 0.333, 0, 3
1773264123, 1, 0, 332, 330, 12, 11.58%, 0, 0, 2, 2.55, 15, 61, 2, 1, 1535, 83, 0, 0.333, 0, 3
1773264133, 1, 0, 333, 331, 12, 11.58%, 0, 0, 2, 2.55, 15, 61, 2, 1, 1535, 83, 0, 0.333, 0, 3
1773264191, 1, 0, 334, 332, 12, 11.58%, 0, 0, 2, 2.56, 15, 61, 2, 1, 1535, 83, 0, 0.333, 0, 3
1773264201, 1, 0, 335, 333, 12, 11.58%, 0, 0, 2, 2.59, 15, 61, 2, 1, 1535, 83, 0, 0.333, 0, 3
1773264206, 1, 0, 336, 334, 12, 11.58%, 0, 0, 2, 2.63, 15, 61, 2, 1, 1535, 83, 0, 0.333, 0, 3
1773264233, 1, 0, 337, 335, 12, 11.58%, 0, 0, 2, 2.60, 15, 61, 2, 1, 1535, 83, 0, 0.333, 0, 3
1773264253, 1, 0, 338, 336, 12, 11.59%, 0, 0, 2, 2.55, 15, 61, 2, 1, 1535, 83, 0, 0.333, 0, 3
1773264258, 1, 0, 339, 337, 12, 11.60%, 0, 0, 2, 2.55, 15, 61, 2, 1, 1535, 83, 0, 0.333, 0, 3
1773264295, 1, 0, 340, 338, 12, 11.60%, 0, 0, 2, 2.60, 15, 61, 2, 1, 1535, 83, 0, 0.333, 0, 3
1773264315, 1, 0, 341, 339, 12, 11.60%, 0, 0, 2, 2.54, 15, 61, 2, 1, 1535, 83, 0, 0.333, 0, 3
1773264320, 1, 0, 342, 340, 12, 11.60%, 0, 0, 2, 2.56, 15, 61, 2, 1, 1535, 83, 0, 0.333, 0, 3
1773264331, 1, 0, 344, 342, 12, 11.61%, 0, 0, 2, 2.63, 15, 61, 2, 1, 1535, 83, 0, 0.333, 0, 3
1773264342, 1, 0, 345, 343, 12, 11.61%, 0, 0, 2, 2.64, 15, 61, 2, 1, 1535, 83, 0, 0.333, 0, 3
1773264347, 1, 0, 346, 344, 12, 11.61%, 0, 0, 2, 2.65, 15, 62, 2, 1, 1535, 83, 0, 0.333, 0, 3
1773264352, 1, 0, 347, 345, 12, 11.61%, 0, 0, 2, 2.64, 15, 63, 2, 1, 1535, 83, 0, 0.333, 0, 3
1773264357, 1, 0, 348, 346, 12, 11.61%, 0, 0, 2, 2.58, 15, 63, 2, 1, 1535, 83, 0, 0.333, 0, 3
1773264362, 1, 0, 349, 347, 12, 11.61%, 0, 0, 2, 2.55, 15, 63, 2, 1, 1535, 83, 0, 0.333, 0, 3
1773264368, 1, 0, 350, 348, 12, 11.61%, 0, 0, 2, 2.51, 15, 63, 2, 1, 1535, 83, 0, 0.333, 0, 3
1773264373, 1, 0, 351, 349, 12, 11.61%, 0, 0, 2, 2.53, 15, 63, 2, 1, 1535, 83, 0, 0.333, 0, 3
1773264378, 1, 0, 352, 350, 12, 11.61%, 0, 0, 2, 2.55, 15, 63, 2, 1, 1535, 83, 0, 0.333, 0, 3
1773264388, 1, 0, 353, 351, 12, 11.61%, 0, 0, 2, 2.60, 15, 63, 2, 1, 1535, 83, 0, 0.333, 0, 3
1773264394, 1, 0, 354, 352, 12, 11.61%, 0, 0, 2, 2.61, 15, 63, 2, 1, 1535, 83, 0, 0.333, 0, 3
1773264399, 1, 0, 355, 353, 12, 11.61%, 0, 0, 2, 2.63, 15, 63, 2, 1, 1535, 83, 0, 0.333, 0, 3
1773264409, 1, 0, 356, 354, 12, 11.63%, 0, 0, 2, 2.63, 15, 64, 2, 1, 1535, 83, 0, 0.333, 0, 3
1773264420, 1, 0, 357, 355, 12, 11.63%, 0, 0, 2, 2.55, 15, 64, 2, 1, 1535, 83, 0, 0.333, 0, 3
1773264435, 1, 0, 358, 356, 12, 11.63%, 0, 0, 2, 2.56, 15, 64, 2, 1, 1535, 83, 0, 0.333, 0, 3
1773264440, 1, 0, 359, 357, 12, 11.63%, 0, 0, 2, 2.56, 15, 64, 2, 1, 1535, 83, 0, 0.333, 0, 3
1773264446, 1, 0, 360, 358, 12, 11.63%, 0, 0, 2, 2.61, 15, 65, 2, 1, 1535, 83, 0, 0.333, 0, 3
1773264451, 1, 0, 361, 359, 12, 11.63%, 0, 0, 2, 2.63, 15, 65, 2, 1, 1535, 83, 0, 0.333, 0, 3
1773264456, 1, 0, 362, 360, 12, 11.64%, 0, 0, 2, 2.64, 15, 65, 2, 1, 1535, 83, 0, 0.333, 0, 3
1773264488, 1, 0, 363, 361, 12, 11.64%, 0, 0, 2, 2.53, 15, 65, 2, 1, 1535, 83, 0, 0.333, 0, 3
1773264498, 1, 0, 364, 362, 12, 11.64%, 0, 0, 2, 2.55, 15, 65, 2, 1, 1535, 83, 0, 0.333, 0, 3
1773264503, 1, 0, 365, 363, 12, 11.64%, 0, 0, 2, 2.55, 15, 65, 2, 1, 1535, 83, 0, 0.333, 0, 3
1773264529, 1, 0, 366, 364, 12, 11.64%, 0, 0, 2, 2.63, 15, 66, 2, 1, 1535, 83, 0, 0.333, 0, 3
1773264555, 1, 0, 367, 365, 12, 11.64%, 0, 0, 2, 2.53, 15, 66, 2, 1, 1535, 83, 0, 0.333, 0, 3
1773264561, 1, 0, 368, 366, 12, 11.64%, 0, 0, 2, 2.55, 15, 66, 2, 1, 1535, 83, 0, 0.333, 0, 3
1773264566, 1, 0, 369, 367, 12, 11.64%, 0, 0, 2, 2.55, 15, 66, 2, 1, 1535, 83, 0, 0.333, 0, 3
1773264571, 1, 0, 370, 368, 12, 11.65%, 0, 0, 2, 2.60, 15, 66, 2, 1, 1535, 83, 0, 0.333, 0, 3
1773264587, 1, 0, 371, 369, 12, 11.65%, 0, 0, 2, 2.63, 15, 66, 2, 1, 1535, 83, 0, 0.333, 0, 3
1773264592, 1, 0, 372, 370, 12, 11.65%, 0, 0, 2, 2.63, 15, 66, 2, 1, 1535, 83, 0, 0.333, 0, 3
1773264618, 1, 0, 373, 371, 12, 11.65%, 0, 0, 2, 2.55, 15, 66, 2, 1, 1535, 83, 0, 0.333, 0, 3
1773264681, 1, 0, 374, 372, 12, 11.65%, 0, 0, 2, 2.26, 15, 66, 2, 1, 1535, 83, 0, 0.333, 0, 3
1773264686, 1, 0, 375, 373, 12, 11.65%, 0, 0, 2, 2.07, 15, 66, 2, 1, 1535, 83, 0, 0.333, 0, 3
1773264697, 1, 0, 376, 374, 12, 11.65%, 0, 0, 2, 2.24, 15, 66, 2, 1, 1535, 83, 0, 0.333, 0, 3
1773264702, 1, 0, 377, 375, 12, 11.65%, 0, 0, 2, 2.06, 15, 66, 2, 1, 1535, 83, 0, 0.333, 0, 3
1773264707, 1, 0, 378, 376, 12, 11.65%, 0, 0, 2, 2.23, 15, 66, 2, 1, 1535, 83, 0, 0.333, 0, 3
1773264713, 1, 0, 379, 377, 12, 11.65%, 0, 0, 2, 2.37, 15, 66, 2, 1, 1535, 83, 0, 0.333, 0, 3
1773264718, 1, 0, 380, 378, 12, 11.65%, 0, 0, 2, 2.25, 15, 67, 2, 1, 1535, 83, 0, 0.333, 0, 3
1773264723, 1, 0, 381, 379, 12, 11.65%, 0, 0, 2, 2.27, 15, 67, 2, 1, 1535, 83, 0, 0.333, 0, 3
1773264728, 1, 0, 382, 380, 12, 11.65%, 0, 0, 2, 2.03, 15, 67, 2, 1, 1535, 83, 0, 0.333, 0, 3
1773264738, 1, 0, 383, 381, 12, 11.65%, 0, 0, 2, 2.09, 15, 67, 2, 1, 1535, 83, 0, 0.333, 0, 3
1773264749, 1, 0, 384, 382, 12, 11.65%, 0, 0, 2, 2.20, 15, 67, 2, 1, 1535, 83, 0, 0.333, 0, 3
1773264754, 1, 0, 385, 383, 12, 11.65%, 0, 0, 2, 2.16, 15, 67, 2, 1, 1535, 83, 0, 0.333, 0, 3
1773264765, 1, 0, 386, 384, 12, 11.65%, 0, 0, 2, 2.28, 15, 67, 2, 1, 1535, 83, 0, 0.333, 0, 3
1773264770, 1, 0, 387, 385, 12, 11.65%, 0, 0, 2, 2.28, 15, 67, 2, 1, 1535, 83, 0, 0.333, 0, 3
1773264775, 1, 0, 388, 386, 12, 11.65%, 0, 0, 2, 2.19, 15, 67, 2, 1, 1535, 83, 0, 0.333, 0, 3
1773264786, 1, 0, 389, 387, 12, 11.65%, 0, 0, 2, 2.15, 15, 67, 2, 1, 1535, 83, 0, 0.333, 0, 3
1773264791, 1, 0, 390, 388, 12, 11.65%, 0, 0, 2, 1.97, 15, 67, 2, 1, 1535, 83, 0, 0.333, 0, 3
1773264817, 1, 0, 391, 389, 12, 11.65%, 0, 0, 2, 2.35, 15, 67, 2, 1, 1535, 83, 0, 0.333, 0, 3
1773264833, 1, 0, 392, 390, 12, 11.65%, 0, 0, 2, 2.19, 15, 67, 2, 1, 1535, 83, 0, 0.333, 0, 3
1773264854, 1, 0, 393, 391, 12, 11.66%, 0, 0, 2, 2.13, 15, 67, 2, 1, 1535, 83, 0, 0.333, 0, 3
1773264859, 1, 0, 394, 392, 12, 11.66%, 0, 0, 2, 2.14, 15, 67, 2, 1, 1535, 83, 0, 0.333, 0, 3
1773264870, 1, 0, 395, 393, 12, 11.69%, 0, 0, 2, 2.17, 16, 68, 2, 1, 1535, 83, 0, 0.333, 0, 3
1773264885, 1, 0, 396, 394, 12, 11.69%, 0, 0, 2, 2.15, 16, 68, 2, 1, 1535, 83, 0, 0.333, 0, 3
1773264896, 1, 0, 397, 395, 12, 11.69%, 0, 0, 2, 2.37, 16, 68, 2, 1, 1535, 83, 0, 0.333, 0, 3
1773264917, 1, 0, 398, 396, 12, 11.69%, 0, 0, 2, 2.48, 16, 68, 2, 1, 1535, 83, 0, 0.333, 0, 3
1773264927, 1, 0, 399, 397, 12, 11.70%, 0, 0, 2, 2.36, 16, 68, 2, 1, 1535, 83, 0, 0.333, 0, 3
1773264948, 1, 0, 400, 398, 12, 11.70%, 0, 0, 2, 2.26, 16, 68, 2, 1, 1535, 83, 0, 0.333, 0, 3
1773264963, 1, 0, 401, 399, 12, 11.70%, 0, 0, 2, 2.40, 16, 69, 2, 1, 1535, 83, 0, 0.333, 0, 3
1773264974, 1, 0, 402, 400, 12, 11.70%, 0, 0, 2, 2.25, 16, 69, 2, 1, 1535, 83, 0, 0.333, 0, 3
1773264984, 1, 0, 403, 401, 12, 11.70%, 0, 0, 2, 2.21, 16, 69, 2, 1, 1535, 83, 0, 0.333, 0, 3
1773265000, 1, 0, 404, 402, 12, 11.70%, 0, 0, 2, 2.47, 16, 69, 2, 1, 1535, 83, 0, 0.333, 0, 3
1773265005, 1, 0, 405, 403, 12, 11.70%, 0, 0, 2, 2.34, 16, 69, 2, 1, 1535, 83, 0, 0.333, 0, 3
1773265021, 1, 0, 406, 404, 12, 11.70%, 0, 0, 2, 2.03, 16, 69, 2, 1, 1535, 83, 0, 0.333, 0, 3
1773265042, 1, 0, 407, 405, 12, 11.70%, 0, 0, 2, 2.22, 16, 69, 2, 1, 1535, 83, 0, 0.333, 0, 3
1773265048, 1, 0, 408, 406, 12, 11.70%, 0, 0, 2, 2.04, 16, 69, 2, 1, 1535, 83, 0, 0.333, 0, 3
1773265058, 1, 0, 409, 407, 12, 11.70%, 0, 0, 2, 2.06, 16, 69, 2, 1, 1535, 83, 0, 0.333, 0, 3
1773265074, 1, 0, 410, 408, 12, 11.70%, 0, 0, 2, 2.53, 16, 69, 2, 1, 1535, 83, 0, 0.333, 0, 3
1773265084, 1, 0, 411, 409, 12, 11.70%, 0, 0, 2, 2.52, 16, 69, 2, 1, 1535, 83, 0, 0.333, 0, 3
1773265089, 1, 0, 412, 410, 12, 11.71%, 0, 0, 2, 2.18, 16, 69, 2, 1, 1535, 83, 0, 0.333, 0, 3
1773265110, 1, 0, 413, 411, 12, 11.71%, 0, 0, 2, 1.96, 16, 69, 2, 1, 1535, 83, 0, 0.333, 0, 3
1773265116, 1, 0, 414, 412, 12, 11.71%, 0, 0, 2, 2.10, 16, 69, 2, 1, 1535, 83, 0, 0.333, 0, 3
1773265121, 1, 0, 415, 413, 12, 11.71%, 0, 0, 2, 1.97, 16, 70, 2, 1, 1535, 83, 0, 0.333, 0, 3
1773265126, 1, 0, 416, 414, 12, 11.71%, 0, 0, 2, 1.96, 16, 70, 2, 1, 1535, 83, 0, 0.331, 0, 4
1773265132, 1, 0, 417, 415, 12, 11.71%, 0, 0, 2, 1.87, 16, 70, 2, 1, 1535, 83, 0, 0.331, 0, 4
1773265137, 1, 0, 418, 416, 12, 11.71%, 0, 0, 2, 2.09, 16, 70, 2, 1, 1535, 83, 0, 0.331, 0, 4
1773265142, 1, 0, 419, 417, 12, 11.71%, 0, 0, 2, 2.14, 16, 70, 2, 1, 1535, 83, 0, 0.331, 0, 4
1773265148, 1, 0, 420, 418, 12, 11.71%, 0, 0, 2, 2.26, 16, 70, 2, 1, 1535, 83, 0, 0.331, 0, 4
1773265163, 1, 0, 421, 419, 12, 11.71%, 0, 0, 2, 2.52, 16, 70, 2, 1, 1535, 83, 0, 0.331, 0, 4
1773265168, 1, 0, 422, 420, 12, 11.71%, 0, 0, 2, 2.53, 16, 70, 2, 1, 1535, 83, 0, 0.331, 0, 4
1773265184, 1, 0, 423, 421, 12, 11.71%, 0, 0, 2, 2.61, 16, 70, 2, 1, 1535, 83, 0, 0.331, 0, 4
1773265189, 1, 0, 424, 422, 12, 11.71%, 0, 0, 2, 2.14, 16, 70, 2, 1, 1535, 83, 0, 0.331, 0, 4
1773265194, 1, 0, 425, 423, 12, 11.71%, 0, 0, 2, 2.18, 16, 70, 2, 1, 1535, 83, 0, 0.331, 0, 4
1773265205, 1, 0, 427, 425, 12, 11.71%, 0, 0, 2, 2.45, 16, 70, 2, 1, 1535, 83, 0, 0.331, 0, 4
1773265210, 1, 0, 428, 426, 12, 11.71%, 0, 0, 2, 2.21, 16, 70, 2, 1, 1535, 83, 0, 0.331, 0, 4
1773265216, 1, 0, 429, 427, 12, 11.71%, 0, 0, 2, 2.06, 16, 70, 2, 1, 1535, 83, 0, 0.331, 0, 4
1773265221, 1, 0, 430, 428, 12, 11.71%, 0, 0, 2, 2.24, 16, 70, 2, 1, 1535, 83, 0, 0.331, 0, 4
1773265236, 1, 0, 431, 429, 12, 11.72%, 0, 0, 2, 2.44, 16, 70, 2, 1, 1535, 83, 0, 0.331, 0, 4
1773265247, 1, 0, 432, 430, 12, 11.72%, 0, 0, 2, 1.82, 16, 70, 2, 1, 1535, 83, 0, 0.331, 0, 4
1773265252, 1, 0, 433, 431, 12, 11.72%, 0, 0, 2, 1.87, 16, 70, 2, 1, 1535, 83, 0, 0.331, 0, 4
1773265258, 1, 0, 434, 432, 12, 11.72%, 0, 0, 2, 1.71, 16, 70, 2, 1, 1535, 83, 0, 0.331, 0, 4
1773265270, 1, 0, 435, 433, 12, 11.74%, 0, 0, 2, 1.46, 16, 70, 2, 1, 1535, 83, 0, 0.331, 0, 4
1773265296, 1, 0, 436, 434, 12, 11.74%, 0, 0, 2, 1.57, 16, 70, 2, 1, 1535, 83, 0, 0.331, 0, 4
1773265306, 1, 0, 437, 435, 12, 11.74%, 0, 0, 2, 1.62, 16, 70, 2, 1, 1535, 83, 0, 0.331, 0, 4
1773265311, 1, 0, 438, 436, 12, 11.74%, 0, 0, 2, 1.92, 16, 70, 2, 1, 1535, 83, 0, 0.331, 0, 4
1773265317, 1, 0, 439, 437, 12, 11.74%, 0, 0, 2, 1.64, 16, 70, 2, 1, 1535, 83, 0, 0.331, 0, 4
1773265328, 1, 0, 440, 438, 12, 11.74%, 0, 0, 2, 1.68, 16, 70, 2, 1, 1535, 83, 0, 0.331, 0, 4
1773265355, 1, 0, 441, 439, 12, 11.77%, 0, 0, 2, 1.88, 16, 70, 2, 1, 1535, 83, 0, 0.331, 0, 4
1773265370, 1, 0, 442, 440, 12, 11.78%, 0, 0, 2, 1.46, 16, 70, 2, 1, 1535, 83, 0, 0.331, 0, 4
1773265375, 1, 0, 443, 441, 12, 11.79%, 0, 0, 2, 1.42, 16, 70, 2, 1, 1535, 83, 0, 0.331, 0, 4
1773265386, 1, 0, 444, 442, 12, 11.79%, 0, 0, 2, 2.06, 16, 70, 2, 1, 1535, 83, 0, 0.331, 0, 4
1773265401, 1, 0, 445, 443, 12, 11.80%, 0, 0, 2, 2.23, 16, 70, 2, 1, 1535, 83, 0, 0.331, 0, 4
1773265407, 1, 0, 446, 444, 12, 11.80%, 0, 0, 2, 2.22, 16, 70, 2, 1, 1535, 83, 0, 0.331, 0, 4
1773265412, 1, 0, 447, 445, 12, 11.80%, 0, 0, 2, 2.11, 16, 70, 2, 1, 1535, 83, 0, 0.331, 0, 4
1773265423, 1, 0, 448, 446, 12, 11.80%, 0, 0, 2, 2.35, 16, 70, 2, 1, 1535, 83, 0, 0.331, 0, 4
1773265439, 1, 0, 449, 447, 12, 11.80%, 0, 0, 2, 2.35, 16, 70, 2, 1, 1535, 83, 0, 0.331, 0, 4
1773265449, 1, 0, 450, 448, 12, 11.80%, 0, 0, 2, 2.20, 16, 70, 2, 1, 1535, 83, 0, 0.331, 0, 4
1773265455, 1, 0, 452, 450, 12, 11.81%, 0, 0, 2, 2.12, 16, 70, 2, 1, 1535, 83, 0, 0.331, 0, 4
1773265466, 1, 0, 453, 451, 12, 11.81%, 0, 0, 2, 1.72, 16, 70, 2, 1, 1535, 83, 0, 0.331, 0, 4
1773265476, 1, 0, 454, 452, 12, 11.81%, 0, 0, 2, 1.81, 16, 70, 2, 1, 1535, 83, 0, 0.331, 0, 4
1773265502, 1, 0, 455, 453, 12, 11.81%, 0, 0, 2, 2.37, 16, 70, 2, 1, 1535, 83, 0, 0.331, 0, 4
1773265513, 1, 0, 456, 454, 12, 11.81%, 0, 0, 2, 2.34, 16, 70, 2, 1, 1535, 83, 0, 0.331, 0, 4
1773265523, 1, 0, 457, 455, 12, 11.81%, 0, 0, 2, 2.39, 16, 70, 2, 1, 1535, 83, 0, 0.331, 0, 4
1773265533, 1, 0, 458, 456, 12, 11.81%, 0, 0, 2, 2.12, 16, 70, 2, 1, 1535, 83, 0, 0.331, 0, 4
1773265544, 1, 0, 459, 457, 12, 11.81%, 0, 0, 2, 1.67, 16, 70, 2, 1, 1535, 83, 0, 0.331, 0, 4
1773265560, 1, 0, 460, 458, 12, 11.81%, 0, 0, 2, 2.14, 16, 70, 2, 1, 1535, 83, 0, 0.331, 0, 4
1773265571, 1, 0, 461, 459, 12, 11.81%, 0, 0, 2, 2.05, 16, 70, 2, 1, 1535, 83, 0, 0.331, 0, 4
1773265581, 1, 0, 462, 460, 12, 11.82%, 0, 0, 2, 2.17, 16, 70, 2, 1, 1535, 83, 0, 0.331, 0, 4
1773265593, 1, 0, 463, 461, 12, 11.82%, 0, 0, 2, 2.17, 16, 70, 2, 1, 1535, 83, 0, 0.331, 0, 4
1773265599, 1, 0, 464, 462, 12, 11.82%, 0, 0, 2, 1.85, 16, 70, 2, 1, 1535, 83, 0, 0.331, 0, 4
1773265609, 1, 0, 465, 463, 12, 11.82%, 0, 0, 2, 2.24, 16, 70, 2, 1, 1535, 83, 0, 0.331, 0, 4
1773265619, 1, 0, 466, 464, 12, 11.82%, 0, 0, 2, 2.27, 16, 70, 2, 1, 1535, 83, 0, 0.331, 0, 4
1773265630, 1, 0, 467, 465, 12, 11.82%, 0, 0, 2, 1.97, 16, 70, 2, 1, 1535, 83, 0, 0.331, 0, 4
1773265641, 1, 0, 468, 466, 12, 11.82%, 0, 0, 2, 1.95, 16, 70, 2, 1, 1535, 83, 0, 0.331, 0, 4
1773265703, 1, 0, 469, 467, 12, 11.82%, 0, 0, 2, 1.79, 16, 70, 2, 1, 1535, 83, 0, 0.331, 0, 6
1773265736, 1, 0, 470, 468, 12, 11.83%, 0, 0, 2, 1.93, 16, 70, 2, 1, 1535, 83, 0, 0.331, 0, 6
1773265746, 1, 0, 471, 469, 12, 11.83%, 0, 0, 2, 2.24, 16, 70, 2, 1, 1535, 83, 0, 0.331, 0, 6
1773265757, 1, 0, 472, 470, 12, 11.83%, 0, 0, 2, 2.34, 16, 70, 2, 1, 1535, 83, 0, 0.331, 0, 6
1773265762, 1, 0, 473, 471, 12, 11.83%, 0, 0, 2, 2.17, 16, 70, 2, 1, 1535, 83, 0, 0.331, 0, 6
1773265767, 1, 0, 474, 472, 12, 11.83%, 0, 0, 2, 2.10, 16, 70, 2, 1, 1535, 83, 0, 0.331, 0, 6
1773265788, 1, 0, 475, 473, 12, 11.83%, 0, 0, 2, 2.09, 16, 70, 2, 1, 1535, 83, 0, 0.331, 0, 6
1773265793, 1, 0, 476, 474, 12, 11.83%, 0, 0, 2, 1.87, 16, 70, 2, 1, 1535, 83, 0, 0.331, 0, 6
1773265799, 1, 0, 477, 475, 12, 11.87%, 0, 0, 2, 1.69, 16, 70, 2, 1, 1535, 83, 0, 0.331, 0, 6
1773265809, 1, 0, 478, 476, 12, 11.87%, 0, 0, 2, 1.88, 16, 70, 2, 1, 1535, 83, 0, 0.331, 0, 6
1773265820, 1, 0, 479, 477, 12, 11.87%, 0, 0, 2, 2.02, 16, 70, 2, 1, 1535, 83, 0, 0.331, 0, 6
1773265831, 1, 0, 480, 478, 12, 11.87%, 0, 0, 2, 1.91, 16, 70, 2, 1, 1535, 83, 0, 0.331, 0, 6
1773265842, 1, 0, 481, 479, 12, 11.89%, 0, 0, 2, 1.79, 16, 70, 2, 1, 1535, 83, 0, 0.331, 0, 6
1773265881, 1, 0, 482, 480, 12, 11.89%, 0, 0, 2, 0.38, 16, 70, 2, 1, 1535, 83, 0, 0.331, 0, 6
1773265887, 1, 0, 484, 482, 12, 11.89%, 0, 0, 2, 2.55, 16, 70, 2, 1, 1535, 83, 0, 0.331, 0, 6
1773265898, 1, 0, 485, 483, 12, 11.89%, 0, 0, 2, 0.46, 16, 70, 2, 1, 1535, 83, 0, 0.331, 0, 6
1773265916, 1, 0, 486, 484, 12, 11.89%, 0, 0, 2, 2.57, 16, 70, 2, 1, 1535, 83, 0, 0.331, 0, 6
1773265921, 1, 0, 487, 485, 12, 11.89%, 0, 0, 2, 0.42, 16, 70, 2, 1, 1535, 83, 0, 0.331, 0, 6
1773265947, 1, 0, 488, 486, 12, 11.90%, 0, 0, 2, 0.38, 16, 70, 2, 1, 1535, 83, 0, 0.331, 0, 6
1773265968, 1, 0, 489, 487, 12, 11.90%, 0, 0, 2, 2.65, 16, 70, 2, 1, 1535, 83, 0, 0.331, 0, 6
1773265978, 1, 0, 490, 488, 12, 11.90%, 0, 0, 2, 0.42, 16, 70, 2, 1, 1535, 83, 0, 0.331, 0, 6
1773266005, 1, 0, 491, 489, 12, 11.90%, 0, 0, 2, 0.40, 16, 70, 2, 1, 1535, 83, 0, 0.331, 0, 6
1773266028, 1, 0, 492, 490, 12, 11.91%, 0, 0, 2, 2.61, 16, 70, 2, 1, 1535, 83, 0, 0.331, 0, 6
1773266039, 1, 0, 493, 491, 12, 11.91%, 0, 0, 2, 0.39, 16, 70, 2, 1, 1535, 83, 0, 0.331, 0, 6
1773266080, 1, 0, 494, 492, 12, 11.92%, 0, 0, 2, 2.55, 16, 70, 2, 1, 1535, 83, 0, 0.331, 0, 6
1773266097, 1, 0, 495, 493, 12, 11.92%, 0, 0, 2, 2.64, 16, 70, 2, 1, 1535, 83, 0, 0.330, 0, 7
1773266120, 1, 0, 496, 494, 12, 11.92%, 0, 0, 2, 2.55, 16, 70, 2, 1, 1535, 83, 0, 0.330, 0, 7
1773266130, 1, 0, 497, 495, 12, 11.92%, 0, 0, 2, 0.42, 16, 70, 2, 1, 1535, 83, 0, 0.330, 0, 7
1773266157, 1, 0, 498, 496, 12, 11.92%, 0, 0, 2, 0.39, 16, 70, 2, 1, 1535, 83, 0, 0.330, 0, 7
1773266179, 1, 0, 499, 497, 12, 11.92%, 0, 0, 2, 0.50, 16, 70, 2, 1, 1535, 83, 0, 0.330, 0, 7
1773266234, 1, 0, 500, 498, 12, 11.92%, 0, 0, 2, 2.58, 16, 70, 2, 1, 1535, 83, 0, 0.330, 0, 7
1773266263, 1, 0, 501, 499, 12, 11.92%, 0, 0, 2, 0.29, 16, 70, 2, 1, 1535, 83, 0, 0.330, 0, 7
1773266303, 1, 0, 502, 500, 12, 11.92%, 0, 0, 2, 0.42, 16, 70, 2, 1, 1535, 83, 0, 0.330, 0, 7
1773266342, 1, 0, 503, 501, 12, 11.92%, 0, 0, 2, 0.51, 16, 70, 2, 1, 1535, 83, 0, 0.330, 0, 7
1773266376, 1, 0, 504, 502, 12, 11.93%, 0, 0, 2, 2.58, 16, 70, 2, 1, 1535, 83, 0, 0.330, 0, 7
1773266410, 1, 0, 505, 503, 12, 11.93%, 0, 0, 2, 2.52, 16, 70, 2, 1, 1535, 83, 0, 0.330, 0, 7
1773266440, 1, 0, 506, 504, 12, 11.93%, 0, 0, 2, 2.66, 16, 70, 2, 1, 1535, 83, 0, 0.330, 0, 7
1773266468, 1, 0, 507, 505, 12, 11.93%, 0, 0, 2, 1.87, 16, 70, 2, 1, 1535, 83, 0, 0.330, 0, 7
1773266500, 1, 0, 508, 506, 12, 11.93%, 0, 0, 2, 0.39, 16, 70, 2, 1, 1535, 83, 0, 0.330, 0, 7
1773266632, 1, 0, 509, 507, 12, 11.93%, 0, 0, 2, 0.31, 16, 70, 2, 1, 1535, 83, 0, 0.035, 0, 13
1773266679, 1, 0, 509, 507, 7, 11.93%, 0, 0, 2, 2.43, 16, 70, 2, 1, 1535, 83, 0, 0.035, 0, 13
1773266685, 1, 0, 510, 508, 7, 11.93%, 0, 0, 2, 2.08, 16, 70, 2, 1, 1535, 83, 0, 0.035, 0, 13
1773266727, 1, 0, 511, 509, 7, 11.93%, 0, 0, 2, 1.83, 16, 70, 2, 1, 1535, 83, 0, 0.035, 0, 13
1773266738, 1, 0, 512, 510, 7, 11.93%, 0, 0, 2, 2.03, 16, 70, 2, 1, 1535, 83, 0, 0.035, 0, 13
1773266743, 1, 0, 513, 511, 7, 11.93%, 0, 0, 2, 1.92, 16, 70, 2, 1, 1535, 83, 0, 0.035, 0, 13
1773266753, 1, 0, 514, 512, 7, 11.93%, 0, 0, 2, 1.54, 16, 70, 2, 1, 1535, 83, 0, 0.035, 0, 13
1773266766, 1, 0, 515, 513, 7, 11.93%, 0, 0, 2, 1.19, 16, 70, 2, 1, 1535, 83, 0, 0.035, 0, 13
1773266776, 1, 0, 516, 514, 7, 11.93%, 0, 0, 2, 1.34, 16, 70, 2, 1, 1535, 83, 0, 0.035, 0, 13
1773266803, 1, 0, 517, 515, 7, 11.93%, 0, 0, 2, 1.64, 16, 70, 2, 1, 1535, 83, 0, 0.035, 0, 13
1773266819, 1, 0, 518, 516, 7, 11.95%, 0, 0, 2, 1.46, 16, 70, 2, 1, 1535, 83, 0, 0.035, 0, 13
1773266835, 1, 0, 519, 517, 7, 11.95%, 0, 0, 2, 1.78, 16, 70, 2, 1, 1535, 83, 0, 0.035, 0, 13
1773266852, 1, 0, 520, 518, 7, 11.95%, 0, 0, 2, 1.78, 16, 70, 2, 1, 1535, 83, 0, 0.035, 0, 13
1773266858, 1, 0, 521, 519, 7, 11.95%, 0, 0, 2, 1.73, 16, 70, 2, 1, 1535, 83, 0, 0.035, 0, 13
1773266868, 1, 0, 522, 520, 7, 11.95%, 0, 0, 2, 1.52, 16, 70, 2, 1, 1535, 83, 0, 0.035, 0, 13
1773266884, 1, 0, 523, 521, 7, 11.95%, 0, 0, 2, 1.90, 16, 70, 2, 1, 1535, 83, 0, 0.035, 0, 13
1773266894, 1, 0, 524, 522, 7, 11.95%, 0, 0, 2, 2.23, 16, 70, 2, 1, 1535, 83, 0, 0.035, 0, 13
1773266900, 1, 0, 525, 523, 7, 11.95%, 0, 0, 2, 1.99, 16, 70, 2, 1, 1535, 83, 0, 0.035, 0, 13
1773266910, 1, 0, 526, 524, 7, 11.95%, 0, 0, 2, 2.13, 16, 70, 2, 1, 1535, 83, 0, 0.035, 0, 13
1773266931, 1, 0, 527, 525, 7, 11.95%, 0, 0, 2, 2.38, 16, 70, 2, 1, 1535, 83, 0, 0.035, 0, 13
1773266947, 1, 0, 528, 526, 7, 11.95%, 0, 0, 2, 2.33, 16, 70, 2, 1, 1535, 83, 0, 0.035, 0, 13
1773266953, 1, 0, 529, 527, 7, 11.96%, 0, 0, 2, 1.98, 16, 70, 2, 1, 1535, 83, 0, 0.035, 0, 13
1773266970, 1, 0, 530, 528, 7, 11.96%, 0, 0, 2, 1.61, 16, 70, 2, 1, 1535, 83, 0, 0.035, 0, 13
1773266985, 1, 0, 531, 529, 7, 11.96%, 0, 0, 2, 2.12, 16, 70, 2, 1, 1535, 83, 0, 0.035, 0, 13
1773266990, 1, 0, 532, 530, 7, 11.98%, 0, 0, 2, 1.89, 16, 70, 2, 1, 1535, 83, 0, 0.035, 0, 13
1773267001, 1, 0, 533, 531, 7, 11.98%, 0, 0, 2, 1.53, 16, 71, 2, 1, 1535, 83, 0, 0.035, 0, 13
1773267022, 1, 0, 534, 532, 7, 11.98%, 0, 0, 2, 1.64, 16, 71, 2, 1, 1535, 83, 0, 0.035, 0, 13
1773267033, 1, 0, 535, 533, 7, 11.98%, 0, 0, 2, 1.53, 16, 71, 2, 1, 1535, 83, 0, 0.035, 0, 13
1773267059, 1, 0, 536, 534, 7, 11.98%, 0, 0, 2, 2.00, 16, 71, 2, 1, 1535, 83, 0, 0.035, 0, 13
1773267064, 1, 0, 537, 535, 7, 11.98%, 0, 0, 2, 1.99, 16, 71, 2, 1, 1535, 83, 0, 0.035, 0, 13
1773267106, 1, 0, 538, 536, 7, 12.00%, 0, 0, 2, 1.85, 16, 71, 2, 1, 1535, 83, 0, 0.035, 0, 13
1773267117, 1, 0, 539, 537, 7, 12.00%, 0, 0, 2, 1.80, 16, 71, 2, 1, 1535, 83, 0, 0.035, 0, 13
1773267123, 1, 0, 540, 538, 7, 12.00%, 0, 0, 2, 1.98, 16, 71, 2, 1, 1535, 83, 0, 0.035, 0, 13
1773267128, 1, 0, 541, 539, 7, 12.00%, 0, 0, 2, 1.87, 16, 71, 2, 1, 1535, 83, 0, 0.035, 0, 13
1773267149, 1, 0, 542, 540, 7, 12.00%, 0, 0, 2, 2.13, 16, 71, 2, 1, 1535, 83, 0, 0.035, 0, 13
1773267160, 1, 0, 543, 541, 7, 12.00%, 0, 0, 2, 1.76, 16, 71, 2, 1, 1535, 83, 0, 0.035, 0, 13
1773267203, 1, 0, 544, 542, 7, 12.00%, 0, 0, 2, 1.78, 16, 71, 2, 1, 1535, 83, 0, 0.035, 0, 13
1773267214, 1, 0, 545, 543, 7, 12.00%, 0, 0, 2, 1.63, 16, 71, 2, 1, 1535, 83, 0, 0.035, 0, 13
1773267268, 1, 0, 546, 544, 7, 12.00%, 0, 0, 2, 1.96, 16, 71, 2, 1, 1535, 83, 0, 0.035, 0, 13
1773267290, 1, 0, 547, 545, 7, 12.00%, 0, 0, 2, 1.90, 16, 71, 2, 1, 1535, 83, 0, 0.035, 0, 13
1773267308, 1, 0, 548, 546, 7, 12.00%, 0, 0, 2, 1.53, 16, 71, 2, 1, 1535, 83, 0, 0.035, 0, 13
1773267318, 1, 0, 549, 547, 7, 12.00%, 0, 0, 2, 1.37, 16, 71, 2, 1, 1535, 83, 0, 0.035, 0, 13
1773267324, 1, 0, 550, 548, 7, 12.00%, 0, 0, 2, 1.48, 16, 71, 2, 1, 1535, 83, 0, 0.035, 0, 13
1773267340, 1, 0, 551, 549, 7, 12.00%, 0, 0, 2, 2.02, 16, 71, 2, 1, 1535, 83, 0, 0.035, 0, 13
1773267351, 1, 0, 552, 550, 7, 12.00%, 0, 0, 2, 2.16, 16, 71, 2, 1, 1535, 83, 0, 0.035, 0, 13
1773267363, 1, 0, 553, 551, 7, 12.00%, 0, 0, 2, 1.92, 16, 71, 2, 1, 1535, 83, 0, 0.035, 0, 13
1773267374, 1, 0, 554, 552, 7, 12.00%, 0, 0, 2, 1.52, 16, 71, 2, 1, 1535, 83, 0, 0.035, 0, 13
1773267385, 1, 0, 555, 553, 7, 12.00%, 0, 0, 2, 1.97, 16, 71, 2, 1, 1535, 83, 0, 0.035, 0, 13
1773267390, 1, 0, 556, 554, 7, 12.00%, 0, 0, 2, 2.15, 16, 71, 2, 1, 1535, 83, 0, 0.035, 0, 13
1773267401, 1, 0, 557, 555, 7, 12.00%, 0, 0, 2, 2.53, 16, 71, 2, 1, 1535, 83, 0, 0.035, 0, 13
1773267422, 1, 0, 559, 557, 7, 12.00%, 0, 0, 2, 2.25, 16, 71, 2, 1, 1535, 83, 0, 0.035, 0, 13
1773267433, 1, 0, 560, 558, 7, 12.00%, 0, 0, 2, 1.75, 16, 71, 2, 1, 1535, 83, 0, 0.035, 0, 13
1773267449, 1, 0, 561, 559, 7, 12.00%, 0, 0, 2, 1.96, 16, 71, 2, 1, 1535, 83, 0, 0.035, 0, 13
1773267465, 1, 0, 562, 560, 7, 12.00%, 0, 0, 2, 1.94, 16, 71, 2, 1, 1535, 83, 0, 0.035, 0, 13
1773267482, 1, 0, 563, 561, 7, 12.00%, 0, 0, 2, 1.97, 16, 71, 2, 1, 1535, 83, 0, 0.035, 0, 13
1773267513, 1, 0, 564, 562, 7, 12.00%, 0, 0, 2, 1.79, 16, 71, 2, 1, 1535, 83, 0, 0.035, 0, 13
1773267525, 1, 0, 565, 563, 7, 12.00%, 0, 0, 2, 2.17, 16, 71, 2, 1, 1535, 83, 0, 0.035, 0, 13
1773267530, 1, 0, 566, 564, 7, 12.02%, 0, 0, 2, 1.97, 16, 71, 2, 1, 1535, 83, 0, 0.035, 0, 13
1773267546, 1, 0, 567, 565, 7, 12.02%, 0, 0, 2, 2.04, 16, 71, 2, 1, 1535, 83, 0, 0.035, 0, 13
1773267551, 1, 0, 568, 566, 7, 12.02%, 0, 0, 2, 1.91, 16, 71, 2, 1, 1535, 83, 0, 0.035, 0, 13
1773267573, 1, 0, 569, 567, 7, 12.02%, 0, 0, 2, 2.16, 16, 71, 2, 1, 1535, 83, 0, 0.035, 0, 13
1773267589, 1, 0, 570, 568, 7, 12.02%, 0, 0, 2, 1.92, 16, 71, 2, 1, 1535, 83, 0, 0.035, 0, 13
1773267600, 1, 0, 571, 569, 7, 12.03%, 0, 0, 2, 2.13, 16, 71, 2, 1, 1535, 83, 0, 0.035, 0, 13
1773267616, 1, 0, 572, 570, 7, 12.03%, 0, 0, 2, 1.92, 16, 71, 2, 1, 1535, 83, 0, 0.035, 0, 13
1773267628, 1, 0, 573, 571, 7, 12.03%, 0, 0, 2, 1.43, 16, 71, 2, 1, 1535, 83, 0, 0.035, 0, 13
1773267638, 1, 0, 574, 572, 7, 12.03%, 0, 0, 2, 1.85, 16, 71, 2, 1, 1535, 83, 0, 0.035, 0, 13
1773267649, 1, 0, 575, 573, 7, 12.03%, 0, 0, 2, 1.78, 16, 71, 2, 1, 1535, 83, 0, 0.035, 0, 13
1773267659, 1, 0, 576, 574, 7, 12.03%, 0, 0, 2, 1.52, 16, 71, 2, 1, 1535, 83, 0, 0.035, 0, 13
1773267696, 1, 0, 577, 575, 7, 12.03%, 0, 0, 2, 2.15, 16, 71, 2, 1, 1535, 83, 0, 0.035, 0, 13
1773267707, 1, 0, 578, 576, 7, 12.03%, 0, 0, 2, 2.32, 16, 71, 2, 1, 1535, 83, 0, 0.035, 0, 13
1773267717, 1, 0, 579, 577, 7, 12.03%, 0, 0, 2, 1.67, 16, 71, 2, 1, 1535, 83, 0, 0.035, 0, 13
1773267770, 1, 0, 580, 578, 7, 12.03%, 0, 0, 2, 1.84, 16, 71, 2, 1, 1535, 83, 0, 0.035, 0, 13
1773267786, 1, 0, 581, 579, 7, 12.03%, 0, 0, 2, 1.85, 16, 71, 2, 1, 1535, 83, 0, 0.035, 0, 13
1773267793, 1, 0, 582, 580, 7, 12.03%, 0, 0, 2, 1.55, 16, 71, 2, 1, 1535, 83, 0, 0.035, 0, 13
1773267824, 1, 0, 583, 581, 7, 12.03%, 0, 0, 2, 1.54, 16, 71, 2, 1, 1535, 83, 0, 0.035, 0, 13
1773267842, 1, 0, 584, 582, 7, 12.03%, 0, 0, 2, 1.50, 16, 71, 2, 1, 1535, 83, 0, 0.035, 0, 13
1773267887, 1, 0, 585, 583, 7, 12.03%, 0, 0, 2, 2.16, 16, 71, 2, 1, 1535, 83, 0, 0.035, 0, 13
1773267903, 1, 0, 586, 584, 7, 12.03%, 0, 0, 2, 2.13, 16, 71, 2, 1, 1535, 83, 0, 0.035, 0, 13
1773267908, 1, 0, 587, 585, 7, 12.03%, 0, 0, 2, 2.37, 16, 71, 2, 1, 1535, 83, 0, 0.035, 0, 13
1773267919, 1, 0, 588, 586, 7, 12.03%, 0, 0, 2, 1.98, 16, 72, 2, 1, 1535, 83, 0, 0.035, 0, 13
1773267931, 1, 0, 589, 587, 7, 12.03%, 0, 0, 2, 2.04, 16, 72, 2, 1, 1535, 83, 0, 0.035, 0, 13
1773267947, 1, 0, 590, 588, 7, 12.03%, 0, 0, 2, 1.53, 16, 72, 2, 1, 1535, 83, 0, 0.035, 0, 13
1773267957, 1, 0, 591, 589, 7, 12.03%, 0, 0, 2, 2.17, 16, 72, 2, 1, 1535, 83, 0, 0.035, 0, 13
1773267963, 1, 0, 592, 590, 7, 12.03%, 0, 0, 2, 1.81, 16, 72, 2, 1, 1535, 83, 0, 0.035, 0, 13
1773268010, 1, 0, 593, 591, 7, 12.03%, 0, 0, 2, 1.13, 16, 72, 2, 1, 1535, 83, 0, 0.035, 0, 13
1773268047, 1, 0, 594, 592, 7, 12.03%, 0, 0, 2, 1.79, 16, 72, 2, 1, 1535, 83, 0, 0.035, 0, 13
1773268085, 1, 0, 595, 593, 7, 12.04%, 0, 0, 2, 1.80, 16, 72, 2, 1, 1535, 83, 0, 0.035, 0, 13
1773268109, 1, 0, 596, 594, 7, 12.04%, 0, 0, 2, 1.93, 16, 72, 2, 1, 1535, 83, 0, 0.035, 0, 13
1773268125, 1, 0, 597, 595, 7, 12.04%, 0, 0, 2, 1.73, 16, 72, 2, 1, 1535, 83, 0, 0.035, 0, 13
1773268130, 1, 0, 598, 596, 7, 12.04%, 0, 0, 2, 1.58, 16, 72, 2, 1, 1535, 83, 0, 0.035, 0, 13
1773268147, 1, 0, 599, 597, 7, 12.04%, 0, 0, 2, 1.45, 16, 72, 2, 1, 1535, 83, 0, 0.035, 0, 13
1773268179, 1, 0, 600, 598, 7, 12.05%, 0, 0, 2, 2.29, 16, 72, 2, 1, 1535, 83, 0, 0.035, 0, 13
1773268195, 1, 0, 601, 599, 7, 12.05%, 0, 0, 2, 2.39, 16, 72, 2, 1, 1535, 83, 0, 0.035, 0, 13
1773268207, 1, 0, 602, 600, 7, 12.05%, 0, 0, 2, 1.80, 16, 72, 2, 1, 1535, 83, 0, 0.035, 0, 13
1773268229, 1, 0, 603, 601, 7, 12.05%, 0, 0, 2, 1.94, 16, 72, 2, 1, 1535, 83, 0, 0.035, 0, 13
1773268240, 1, 0, 604, 602, 7, 12.06%, 0, 0, 2, 1.62, 16, 72, 2, 1, 1535, 83, 0, 0.035, 0, 13
1773268282, 1, 0, 605, 603, 7, 12.06%, 0, 0, 2, 2.01, 16, 72, 2, 1, 1535, 83, 0, 0.037, 0, 14
1773268319, 1, 0, 606, 604, 7, 12.06%, 0, 0, 2, 2.11, 16, 72, 2, 1, 1535, 83, 0, 0.037, 0, 14
1773268394, 1, 0, 607, 605, 7, 12.06%, 0, 0, 2, 1.80, 16, 72, 2, 1, 1535, 83, 0, 0.037, 0, 14
1773268416, 1, 0, 608, 606, 7, 12.06%, 0, 0, 2, 1.75, 16, 72, 2, 1, 1535, 83, 0, 0.037, 0, 14
1773268427, 1, 0, 609, 607, 7, 12.06%, 0, 0, 2, 1.44, 16, 72, 2, 1, 1535, 83, 0, 0.037, 0, 14
1773268455, 1, 0, 610, 608, 7, 12.06%, 0, 0, 2, 2.01, 16, 72, 2, 1, 1535, 83, 0, 0.037, 0, 14
1773268466, 1, 0, 611, 609, 7, 12.06%, 0, 0, 2, 1.54, 16, 72, 2, 1, 1535, 83, 0, 0.037, 0, 14
1773268521, 1, 0, 612, 610, 7, 12.06%, 0, 0, 2, 2.20, 16, 73, 2, 1, 1535, 83, 0, 0.037, 0, 14
1773268543, 1, 0, 613, 611, 7, 12.06%, 0, 0, 2, 2.12, 16, 73, 2, 1, 1535, 83, 0, 0.037, 0, 14
1773268554, 1, 0, 614, 612, 7, 12.06%, 0, 0, 2, 1.63, 16, 73, 2, 1, 1535, 83, 0, 0.037, 0, 14
1773268559, 1, 0, 615, 613, 7, 12.06%, 0, 0, 2, 1.75, 16, 73, 2, 1, 1535, 83, 0, 0.037, 0, 14
1773268570, 1, 0, 616, 614, 7, 12.06%, 0, 0, 2, 1.68, 16, 73, 2, 1, 1535, 83, 0, 0.037, 0, 14
1773268575, 1, 0, 617, 615, 7, 12.06%, 0, 0, 2, 1.60, 16, 73, 2, 1, 1535, 83, 0, 0.037, 0, 14
1773268581, 1, 0, 618, 616, 7, 12.06%, 0, 0, 2, 1.61, 16, 73, 2, 1, 1535, 83, 0, 0.037, 0, 14
1773268596, 1, 0, 619, 617, 7, 12.06%, 0, 0, 2, 1.47, 16, 73, 2, 1, 1535, 83, 0, 0.037, 0, 14
1773268601, 1, 0, 620, 618, 7, 12.06%, 0, 0, 2, 1.38, 16, 73, 2, 1, 1535, 83, 0, 0.037, 0, 14
1773268612, 1, 0, 621, 619, 7, 12.06%, 0, 0, 2, 1.60, 16, 73, 2, 1, 1535, 83, 0, 0.037, 0, 14
1773268623, 1, 0, 622, 620, 7, 12.06%, 0, 0, 2, 1.78, 16, 73, 2, 1, 1535, 83, 0, 0.037, 0, 14
1773268639, 1, 0, 623, 621, 7, 12.06%, 0, 0, 2, 2.06, 16, 73, 2, 1, 1535, 83, 0, 0.037, 0, 14
1773268644, 1, 0, 624, 622, 7, 12.08%, 0, 0, 2, 2.20, 16, 73, 2, 1, 1535, 83, 0, 0.037, 0, 14
1773268649, 1, 0, 625, 623, 7, 12.08%, 0, 0, 2, 2.04, 16, 73, 2, 1, 1535, 83, 0, 0.037, 0, 14
1773268660, 1, 0, 626, 624, 7, 12.08%, 0, 0, 2, 1.85, 16, 73, 2, 1, 1535, 83, 0, 0.037, 0, 14
1773268676, 1, 0, 627, 625, 7, 12.08%, 0, 0, 2, 1.66, 16, 73, 2, 1, 1535, 83, 0, 0.037, 0, 14
1773268686, 1, 0, 628, 626, 7, 12.08%, 0, 0, 2, 1.77, 16, 73, 2, 1, 1535, 83, 0, 0.037, 0, 14
1773268702, 1, 0, 629, 627, 7, 12.08%, 0, 0, 2, 0.37, 16, 73, 2, 1, 1535, 83, 0, 0.037, 0, 14
1773268728, 1, 0, 630, 628, 7, 12.08%, 0, 0, 2, 2.26, 16, 73, 2, 1, 1535, 83, 0, 0.037, 0, 14
1773268738, 1, 0, 631, 629, 7, 12.08%, 0, 0, 2, 1.87, 16, 73, 2, 1, 1535, 83, 0, 0.037, 0, 14
1773268755, 1, 0, 632, 630, 7, 12.08%, 0, 0, 2, 1.32, 16, 73, 2, 1, 1535, 83, 0, 0.037, 0, 14
1773268771, 1, 0, 633, 631, 7, 12.08%, 0, 0, 2, 1.88, 16, 73, 2, 1, 1535, 83, 0, 0.037, 0, 14
1773268798, 1, 0, 634, 632, 7, 12.08%, 0, 0, 2, 2.18, 16, 73, 2, 1, 1535, 83, 0, 0.037, 0, 14
1773268821, 1, 0, 635, 633, 7, 12.08%, 0, 0, 2, 1.69, 16, 73, 2, 1, 1535, 83, 0, 0.037, 0, 14
1773268832, 1, 0, 636, 634, 7, 12.08%, 0, 0, 2, 1.50, 16, 73, 2, 1, 1535, 83, 0, 0.037, 0, 14
1773268838, 1, 0, 637, 635, 7, 12.08%, 0, 0, 2, 1.46, 16, 73, 2, 1, 1535, 83, 0, 0.037, 0, 14
1773268844, 1, 0, 638, 636, 7, 12.08%, 0, 0, 2, 1.45, 16, 73, 2, 1, 1535, 83, 0, 0.037, 0, 14
1773268850, 1, 0, 639, 637, 7, 12.08%, 0, 0, 2, 1.55, 16, 73, 2, 1, 1535, 83, 0, 0.037, 0, 14
1773268866, 1, 0, 640, 638, 7, 12.08%, 0, 0, 2, 1.20, 16, 73, 2, 1, 1535, 83, 0, 0.037, 0, 14
1773268899, 1, 0, 641, 639, 7, 12.08%, 0, 0, 2, 1.44, 16, 73, 2, 1, 1535, 83, 0, 0.037, 0, 14
1773268915, 1, 0, 642, 640, 7, 12.08%, 0, 0, 2, 1.19, 16, 73, 2, 1, 1535, 83, 0, 0.037, 0, 14
1773268944, 1, 0, 643, 641, 7, 12.08%, 0, 0, 2, 1.94, 16, 73, 2, 1, 1535, 83, 0, 0.037, 0, 14
1773268994, 1, 0, 644, 642, 7, 12.08%, 0, 0, 2, 1.85, 16, 73, 2, 1, 1535, 83, 0, 0.037, 0, 14
1773269026, 1, 0, 645, 643, 7, 12.08%, 0, 0, 2, 1.89, 16, 73, 2, 1, 1535, 83, 0, 0.038, 0, 16
1773269031, 1, 0, 646, 644, 7, 12.10%, 0, 0, 2, 2.13, 17, 76, 2, 1, 1535, 83, 0, 0.038, 0, 16
1773269080, 1, 0, 647, 645, 7, 12.10%, 0, 0, 2, 1.80, 17, 76, 2, 1, 1535, 83, 0, 0.038, 0, 16
1773269096, 1, 0, 648, 646, 7, 12.10%, 0, 0, 2, 1.65, 17, 76, 2, 1, 1535, 83, 0, 0.038, 0, 16
1773269102, 1, 0, 649, 647, 7, 12.10%, 0, 0, 2, 1.57, 17, 76, 2, 1, 1535, 83, 0, 0.038, 0, 16
1773269112, 1, 0, 650, 648, 7, 12.12%, 0, 0, 2, 1.52, 17, 76, 2, 1, 1535, 83, 0, 0.038, 0, 16
1773269118, 1, 0, 651, 649, 7, 12.12%, 0, 0, 2, 1.55, 17, 76, 2, 1, 1535, 83, 0, 0.038, 0, 16
1773269152, 1, 0, 652, 650, 7, 12.12%, 0, 0, 2, 1.60, 17, 76, 2, 1, 1535, 83, 0, 0.038, 0, 16
1773269158, 1, 0, 653, 651, 7, 12.12%, 0, 0, 2, 1.63, 17, 76, 2, 1, 1535, 83, 0, 0.038, 0, 16
1773269174, 1, 0, 654, 652, 7, 12.12%, 0, 0, 2, 1.16, 17, 76, 2, 1, 1535, 83, 0, 0.038, 0, 16
1773269219, 1, 0, 655, 653, 7, 12.12%, 0, 0, 2, 1.92, 17, 76, 2, 1, 1535, 83, 0, 0.038, 0, 16
1773269229, 1, 0, 656, 654, 7, 12.12%, 0, 0, 2, 1.61, 17, 76, 2, 1, 1535, 83, 0, 0.038, 0, 16
1773269235, 1, 0, 657, 655, 7, 12.13%, 0, 0, 2, 1.54, 17, 77, 2, 1, 1535, 83, 0, 0.038, 0, 16
1773269256, 1, 0, 658, 656, 7, 12.13%, 0, 0, 2, 1.69, 17, 77, 2, 1, 1535, 83, 0, 0.038, 0, 16
1773269267, 1, 0, 659, 657, 7, 12.13%, 0, 0, 2, 1.40, 17, 77, 2, 1, 1535, 83, 0, 0.038, 0, 16
1773269288, 1, 0, 660, 658, 7, 12.13%, 0, 0, 2, 1.79, 17, 77, 2, 1, 1535, 83, 0, 0.038, 0, 16
1773269294, 1, 0, 661, 659, 7, 12.13%, 0, 0, 2, 1.68, 17, 77, 2, 1, 1535, 83, 0, 0.038, 0, 16
1773269320, 1, 0, 662, 660, 7, 12.13%, 0, 0, 2, 1.95, 17, 77, 2, 1, 1535, 83, 0, 0.038, 0, 16
1773269325, 1, 0, 663, 661, 7, 12.13%, 0, 0, 2, 1.71, 17, 77, 2, 1, 1535, 83, 0, 0.038, 0, 16
1773269336, 1, 0, 664, 662, 7, 12.13%, 0, 0, 2, 1.65, 17, 77, 2, 1, 1535, 83, 0, 0.038, 0, 16
1773269364, 1, 0, 665, 663, 7, 12.13%, 0, 0, 2, 1.88, 17, 77, 2, 1, 1535, 83, 0, 0.039, 0, 17
1773269396, 1, 0, 666, 664, 7, 12.13%, 0, 0, 2, 1.59, 17, 77, 2, 1, 1535, 83, 0, 0.039, 0, 17
1773269412, 1, 0, 667, 665, 7, 12.13%, 0, 0, 2, 1.42, 17, 77, 2, 1, 1535, 83, 0, 0.039, 0, 17
1773269422, 1, 0, 668, 666, 7, 12.13%, 0, 0, 2, 1.46, 17, 77, 2, 1, 1535, 83, 0, 0.039, 0, 17
1773269472, 1, 0, 669, 667, 7, 12.13%, 0, 0, 2, 1.93, 17, 77, 2, 1, 1535, 83, 0, 0.039, 0, 17
1773269505, 1, 0, 670, 668, 7, 12.13%, 0, 0, 2, 1.78, 17, 77, 2, 1, 1535, 83, 0, 0.039, 0, 17
1773269533, 1, 0, 671, 669, 7, 12.13%, 0, 0, 2, 2.01, 17, 77, 2, 1, 1535, 83, 0, 0.039, 0, 17
1773269549, 1, 0, 672, 670, 7, 12.13%, 0, 0, 2, 1.78, 17, 77, 2, 1, 1535, 83, 0, 0.039, 0, 17
1773269572, 1, 0, 673, 671, 7, 12.13%, 0, 0, 2, 1.97, 17, 77, 2, 1, 1535, 83, 0, 0.039, 0, 17
1773269599, 1, 0, 674, 672, 7, 12.13%, 0, 0, 2, 1.72, 17, 77, 2, 1, 1535, 83, 0, 0.039, 0, 17
1773269615, 1, 0, 675, 673, 7, 12.14%, 0, 0, 2, 1.61, 17, 77, 2, 1, 1535, 83, 0, 0.039, 0, 17
1773269654, 1, 0, 676, 674, 7, 12.14%, 0, 0, 2, 1.56, 17, 77, 2, 1, 1535, 83, 0, 0.039, 0, 17
1773269665, 1, 0, 677, 675, 7, 12.14%, 0, 0, 2, 1.39, 17, 77, 2, 1, 1535, 83, 0, 0.039, 0, 17
1773269695, 1, 0, 678, 676, 7, 12.14%, 0, 0, 2, 1.52, 17, 77, 2, 1, 1535, 83, 0, 0.039, 0, 17
1773269712, 1, 0, 679, 677, 7, 12.14%, 0, 0, 2, 1.30, 17, 77, 2, 1, 1535, 83, 0, 0.039, 0, 17
1773269744, 1, 0, 680, 678, 4, 12.14%, 0, 0, 2, 1.87, 17, 77, 2, 1, 1535, 83, 0, 0.040, 0, 19
1773269765, 1, 0, 681, 679, 4, 12.14%, 0, 0, 2, 1.84, 17, 77, 2, 1, 1535, 83, 0, 0.040, 0, 19
1773269796, 1, 0, 682, 680, 4, 12.14%, 0, 0, 2, 1.55, 17, 77, 2, 1, 1535, 83, 0, 0.040, 0, 19
1773269819, 1, 0, 683, 681, 4, 12.14%, 0, 0, 2, 1.47, 17, 77, 2, 1, 1535, 83, 0, 0.040, 0, 19
1773269862, 1, 0, 684, 682, 4, 12.14%, 0, 0, 2, 1.47, 17, 77, 2, 1, 1535, 83, 0, 0.040, 0, 19
1773269910, 1, 0, 685, 683, 4, 12.14%, 0, 0, 2, 1.34, 17, 77, 2, 1, 1535, 83, 0, 0.040, 0, 19
1773269916, 1, 0, 686, 684, 4, 12.15%, 0, 0, 2, 1.37, 17, 77, 2, 1, 1535, 83, 0, 0.040, 0, 19
1773269921, 1, 0, 687, 685, 4, 12.15%, 0, 0, 2, 1.38, 17, 77, 2, 1, 1535, 83, 0, 0.040, 0, 19
1773269937, 1, 0, 688, 686, 4, 12.15%, 0, 0, 2, 1.30, 17, 77, 2, 1, 1535, 83, 0, 0.040, 0, 19
1773269969, 1, 0, 689, 687, 4, 12.15%, 0, 0, 2, 1.47, 17, 77, 2, 1, 1535, 83, 0, 0.040, 0, 19
1773270001, 1, 0, 690, 688, 4, 12.15%, 0, 0, 2, 1.57, 17, 77, 2, 1, 1535, 83, 0, 0.040, 0, 19
1773270011, 1, 0, 691, 689, 4, 12.15%, 0, 0, 2, 1.41, 17, 77, 2, 1, 1535, 83, 0, 0.040, 0, 19
1773270022, 1, 0, 692, 690, 4, 12.15%, 0, 0, 2, 1.36, 17, 77, 2, 1, 1535, 83, 0, 0.040, 0, 19
1773270060, 1, 0, 693, 691, 4, 12.16%, 0, 0, 2, 1.33, 17, 77, 2, 1, 1535, 83, 0, 0.040, 0, 19
1773270108, 1, 0, 694, 692, 4, 12.16%, 0, 0, 2, 1.43, 17, 77, 2, 1, 1535, 83, 0, 0.040, 0, 19
1773270146, 1, 0, 695, 693, 4, 12.16%, 0, 0, 2, 1.47, 17, 77, 2, 1, 1535, 83, 0, 0.040, 0, 19
1773270167, 1, 0, 696, 694, 4, 12.16%, 0, 0, 2, 1.73, 17, 77, 2, 1, 1535, 83, 0, 0.040, 0, 19
1773270242, 1, 0, 697, 695, 4, 12.16%, 0, 0, 2, 1.63, 17, 77, 2, 1, 1535, 83, 0, 0.040, 0, 19
1773270303, 1, 0, 698, 696, 4, 12.16%, 0, 0, 2, 1.48, 17, 77, 2, 1, 1535, 83, 0, 0.040, 0, 19
1773270329, 1, 0, 699, 697, 4, 12.16%, 0, 0, 2, 1.35, 17, 77, 2, 1, 1535, 83, 0, 0.040, 0, 19
1773270340, 1, 0, 700, 698, 4, 12.16%, 0, 0, 2, 1.52, 17, 77, 2, 1, 1535, 83, 0, 0.040, 0, 19
1773270399, 1, 0, 701, 699, 4, 12.16%, 0, 0, 2, 1.37, 17, 77, 2, 1, 1535, 83, 0, 0.040, 0, 19
1773270420, 1, 0, 702, 700, 4, 12.16%, 0, 0, 2, 1.45, 17, 77, 2, 1, 1535, 83, 0, 0.040, 0, 19
1773270436, 1, 0, 703, 701, 4, 12.16%, 0, 0, 2, 1.45, 17, 77, 2, 1, 1535, 83, 0, 0.040, 0, 19
1773270447, 1, 0, 704, 702, 4, 12.16%, 0, 0, 2, 1.51, 17, 77, 2, 1, 1535, 83, 0, 0.040, 0, 19
1773270491, 1, 0, 705, 703, 4, 12.16%, 0, 0, 2, 1.18, 17, 77, 2, 1, 1535, 83, 0, 0.040, 0, 19
1773270502, 1, 0, 706, 704, 4, 12.16%, 0, 0, 2, 1.16, 17, 77, 2, 1, 1535, 83, 0, 0.040, 0, 19
1773270507, 1, 0, 707, 705, 4, 12.16%, 0, 0, 2, 1.30, 17, 77, 2, 1, 1535, 83, 0, 0.040, 0, 19
1773270539, 1, 0, 708, 706, 4, 12.16%, 0, 0, 2, 1.26, 17, 77, 2, 1, 1535, 83, 0, 0.040, 0, 19
1773270556, 1, 0, 709, 707, 4, 12.16%, 0, 0, 2, 1.22, 17, 77, 2, 1, 1535, 83, 0, 0.040, 0, 19
1773270572, 1, 0, 710, 708, 4, 12.16%, 0, 0, 2, 1.25, 17, 77, 2, 1, 1535, 83, 0, 0.040, 0, 19
1773270582, 1, 0, 711, 709, 4, 12.16%, 0, 0, 2, 1.24, 17, 77, 2, 1, 1535, 83, 0, 0.040, 0, 19
1773270604, 1, 0, 712, 710, 4, 12.16%, 0, 0, 2, 1.24, 17, 77, 2, 1, 1535, 83, 0, 0.040, 0, 19
1773270615, 1, 0, 713, 711, 4, 12.16%, 0, 0, 2, 1.20, 17, 77, 2, 1, 1535, 83, 0, 0.040, 0, 19
1773270641, 1, 0, 714, 712, 4, 12.16%, 0, 0, 2, 1.22, 17, 77, 2, 1, 1535, 83, 0, 0.040, 0, 19
1773270646, 1, 0, 715, 713, 4, 12.16%, 0, 0, 2, 1.26, 17, 77, 2, 1, 1535, 83, 0, 0.040, 0, 19
1773270651, 1, 0, 716, 714, 4, 12.16%, 0, 0, 2, 1.49, 17, 77, 2, 1, 1535, 83, 0, 0.040, 0, 19
1773270678, 1, 0, 717, 715, 4, 12.16%, 0, 0, 2, 1.61, 17, 77, 2, 1, 1535, 83, 0, 0.040, 0, 19
1773270683, 1, 0, 718, 716, 4, 12.16%, 0, 0, 2, 1.50, 17, 77, 2, 1, 1535, 83, 0, 0.040, 0, 19
1773270710, 1, 0, 719, 717, 4, 12.16%, 0, 0, 2, 1.28, 17, 77, 2, 1, 1535, 83, 0, 0.040, 0, 19
1773270720, 1, 0, 720, 718, 4, 12.18%, 0, 0, 2, 1.31, 17, 77, 2, 1, 1535, 83, 0, 0.040, 0, 19
1773270741, 1, 0, 721, 719, 4, 12.18%, 0, 0, 2, 1.48, 17, 77, 2, 1, 1535, 83, 0, 0.040, 0, 19
1773270752, 1, 0, 722, 720, 4, 12.18%, 0, 0, 2, 1.41, 17, 77, 2, 1, 1535, 83, 0, 0.040, 0, 19
1773270780, 1, 0, 723, 721, 4, 12.18%, 0, 0, 2, 1.64, 17, 77, 2, 1, 1535, 83, 0, 0.040, 0, 19
1773270785, 1, 0, 724, 722, 4, 12.18%, 0, 0, 2, 1.45, 17, 77, 2, 1, 1535, 83, 0, 0.040, 0, 19
1773270796, 1, 0, 725, 723, 4, 12.18%, 0, 0, 2, 1.34, 17, 77, 2, 1, 1535, 83, 0, 0.040, 0, 19
1773270801, 1, 0, 726, 724, 4, 12.18%, 0, 0, 2, 1.58, 17, 77, 2, 1, 1535, 83, 0, 0.040, 0, 19
1773270823, 1, 0, 727, 725, 4, 12.18%, 0, 0, 2, 1.42, 17, 77, 2, 1, 1535, 83, 0, 0.040, 0, 19
1773270855, 1, 0, 728, 726, 4, 12.18%, 0, 0, 2, 1.49, 17, 77, 2, 1, 1535, 83, 0, 0.040, 0, 19
1773270872, 1, 0, 729, 727, 4, 12.18%, 0, 0, 2, 1.38, 17, 77, 2, 1, 1535, 83, 0, 0.040, 0, 19
1773270900, 1, 0, 730, 728, 4, 12.18%, 0, 0, 2, 1.26, 17, 77, 2, 1, 1535, 83, 0, 0.040, 0, 19
1773270938, 1, 0, 731, 729, 4, 12.18%, 0, 0, 2, 1.32, 17, 77, 2, 1, 1535, 83, 0, 0.040, 0, 19
1773270965, 1, 0, 732, 730, 4, 12.18%, 0, 0, 2, 1.28, 17, 77, 2, 1, 1535, 83, 0, 0.040, 0, 19
1773270991, 1, 0, 733, 731, 4, 12.18%, 0, 0, 2, 1.69, 17, 77, 2, 1, 1535, 83, 0, 0.040, 0, 19
1773270997, 1, 0, 734, 732, 4, 12.18%, 0, 0, 2, 1.49, 17, 77, 2, 1, 1535, 83, 0, 0.040, 0, 19
1773271030, 1, 0, 735, 733, 4, 12.18%, 0, 0, 2, 1.72, 17, 77, 2, 1, 1535, 83, 0, 0.040, 0, 19
1773271067, 1, 0, 736, 734, 4, 12.18%, 0, 0, 2, 1.19, 17, 77, 2, 1, 1535, 83, 0, 0.040, 0, 19
1773271105, 1, 0, 737, 735, 4, 12.19%, 0, 0, 2, 1.27, 17, 77, 2, 1, 1535, 83, 0, 0.040, 0, 19
1773271152, 1, 0, 738, 736, 4, 12.19%, 0, 0, 2, 0.91, 17, 77, 2, 1, 1535, 83, 0, 0.040, 0, 19
1773271180, 1, 0, 739, 737, 4, 12.19%, 0, 0, 2, 0.68, 17, 77, 2, 1, 1535, 83, 0, 0.040, 0, 19
1773271324, 1, 0, 740, 738, 4, 12.19%, 0, 0, 2, 0.45, 17, 77, 2, 1, 1535, 83, 0, 0.040, 0, 19
1773271364, 1, 0, 741, 739, 4, 12.19%, 0, 0, 2, 0.42, 17, 77, 2, 1, 1535, 83, 0, 0.040, 0, 19
1773271417, 1, 0, 742, 740, 4, 12.19%, 0, 0, 2, 0.45, 17, 77, 2, 1, 1535, 83, 0, 0.040, 0, 19
1773271506, 1, 0, 743, 741, 4, 12.19%, 0, 0, 2, 0.46, 17, 77, 2, 1, 1535, 83, 0, 0.040, 0, 19
1773271570, 1, 0, 744, 742, 4, 12.19%, 0, 0, 2, 0.60, 17, 77, 2, 1, 1535, 83, 0, 0.040, 0, 19
1773271594, 1, 0, 745, 743, 4, 12.19%, 0, 0, 2, 0.52, 17, 77, 2, 1, 1535, 83, 0, 0.040, 0, 19
1773271625, 1, 0, 746, 744, 4, 12.19%, 0, 0, 2, 0.49, 17, 77, 2, 1, 1535, 83, 0, 0.040, 0, 19
1773271725, 1, 0, 747, 745, 4, 12.19%, 0, 0, 2, 1.06, 17, 77, 2, 1, 1535, 83, 0, 0.040, 0, 19
1773271744, 1, 0, 748, 746, 4, 12.19%, 0, 0, 2, 0.82, 17, 77, 2, 1, 1535, 83, 0, 0.040, 0, 19
1773271835, 1, 0, 749, 747, 4, 12.19%, 0, 0, 2, 0.60, 17, 77, 2, 1, 1535, 83, 0, 0.040, 0, 19
1773271905, 1, 0, 750, 748, 4, 12.19%, 0, 0, 2, 0.45, 17, 77, 2, 1, 1535, 83, 0, 0.040, 0, 19
1773271947, 1, 0, 751, 749, 4, 12.19%, 0, 0, 2, 0.67, 17, 77, 2, 1, 1535, 83, 0, 0.040, 0, 19
1773271977, 1, 0, 752, 750, 4, 12.19%, 0, 0, 2, 0.57, 17, 77, 2, 1, 1535, 83, 0, 0.040, 0, 19
1773272115, 1, 0, 753, 751, 4, 12.19%, 0, 0, 2, 0.49, 17, 77, 2, 1, 1535, 83, 0, 0.040, 0, 19
1773272324, 1, 0, 754, 752, 4, 12.19%, 0, 0, 2, 0.47, 17, 77, 2, 1, 1535, 83, 0, 0.040, 0, 19
1773272347, 1, 0, 755, 753, 4, 12.19%, 0, 0, 2, 0.66, 17, 77, 2, 1, 1535, 83, 0, 0.040, 0, 19
1773272386, 1, 0, 756, 754, 4, 12.19%, 0, 0, 2, 0.73, 17, 77, 2, 1, 1535, 83, 0, 0.040, 0, 19
1773272427, 1, 0, 757, 755, 4, 12.19%, 0, 0, 2, 0.59, 17, 77, 2, 1, 1535, 83, 0, 0.040, 0, 19
1773272535, 1, 0, 758, 756, 4, 12.20%, 0, 0, 2, 0.48, 17, 77, 2, 1, 1535, 83, 0, 0.040, 0, 19
1773272661, 1, 0, 759, 757, 4, 12.20%, 0, 0, 2, 0.42, 17, 77, 2, 1, 1535, 83, 0, 0.040, 0, 19
1773272909, 1, 0, 760, 758, 4, 12.20%, 0, 0, 2, 1.13, 17, 77, 2, 1, 1535, 83, 0, 0.040, 0, 19
1773272920, 1, 0, 761, 759, 4, 12.20%, 0, 0, 2, 1.15, 17, 77, 2, 1, 1535, 83, 0, 0.040, 0, 19
1773273035, 1, 0, 762, 760, 4, 12.20%, 0, 0, 2, 0.91, 17, 77, 2, 1, 1535, 83, 0, 0.040, 0, 19
1773273114, 1, 0, 763, 761, 4, 12.20%, 0, 0, 2, 1.00, 17, 77, 2, 1, 1535, 83, 0, 0.040, 0, 19
1773273125, 1, 0, 764, 762, 4, 12.20%, 0, 0, 2, 1.05, 17, 77, 2, 1, 1535, 83, 0, 0.040, 0, 19
1773273212, 1, 0, 765, 763, 4, 12.20%, 0, 0, 2, 1.24, 17, 77, 2, 1, 1535, 83, 0, 0.040, 0, 19
1773273245, 2, 3, 766, 764, 4, 12.22%, 0, 0, 2, 1.64, 17, 77, 2, 1, 1535, 83, 0, 0.040, 0, 19
1773273276, 2, 3, 767, 765, 4, 12.22%, 0, 0, 2, 1.96, 17, 77, 2, 1, 1535, 83, 0, 0.040, 0, 19
1773273324, 2, 3, 768, 766, 4, 12.22%, 0, 0, 2, 1.82, 17, 77, 2, 1, 1535, 83, 0, 0.040, 0, 19
1773273431, 2, 4, 768, 766, 3, 12.22%, 0, 0, 2, 0.19, 17, 77, 3, 2, 3109, 181, 0, 0.040, 0, 19
1773273441, 2, 4, 769, 767, 3, 12.23%, 0, 0, 2, 2.38, 17, 77, 3, 2, 3109, 181, 0, 0.040, 0, 19
1773273462, 2, 4, 770, 768, 3, 12.23%, 0, 0, 2, 2.50, 17, 77, 3, 2, 3109, 181, 0, 0.040, 0, 19
1773273478, 2, 4, 771, 769, 3, 12.23%, 0, 0, 2, 2.58, 17, 77, 3, 2, 3109, 181, 0, 0.040, 0, 19
1773273504, 2, 4, 772, 770, 3, 12.23%, 0, 0, 2, 1.93, 17, 77, 3, 2, 3109, 181, 0, 0.040, 0, 19
1773273514, 2, 4, 773, 771, 3, 12.23%, 0, 0, 2, 2.19, 17, 77, 3, 2, 3109, 181, 0, 0.040, 0, 19
1773273525, 2, 4, 774, 772, 3, 12.23%, 0, 0, 2, 1.80, 17, 77, 3, 2, 3109, 181, 0, 0.040, 0, 19
1773273536, 2, 4, 775, 773, 3, 12.24%, 0, 0, 2, 1.83, 17, 77, 3, 2, 3109, 181, 0, 0.040, 0, 19
1773273557, 2, 4, 776, 774, 3, 12.24%, 0, 0, 2, 1.94, 17, 77, 3, 2, 3109, 181, 0, 0.040, 0, 19
1773273606, 2, 4, 777, 775, 3, 12.24%, 0, 0, 2, 1.76, 17, 77, 3, 2, 3109, 181, 0, 0.040, 0, 19
1773273685, 2, 4, 778, 776, 3, 12.24%, 0, 0, 2, 1.98, 17, 77, 3, 2, 3109, 181, 0, 0.040, 0, 19
1773273691, 2, 4, 779, 777, 3, 12.24%, 0, 0, 2, 2.19, 17, 77, 3, 2, 3109, 181, 0, 0.040, 0, 19
1773273696, 2, 4, 780, 778, 3, 12.25%, 0, 0, 2, 2.16, 17, 77, 3, 2, 3109, 181, 0, 0.040, 0, 19
1773273712, 2, 4, 781, 779, 3, 12.25%, 0, 0, 2, 2.33, 17, 77, 3, 2, 3109, 181, 0, 0.040, 0, 19
1773273717, 2, 4, 782, 780, 3, 12.25%, 0, 0, 2, 2.00, 17, 77, 3, 2, 3109, 181, 0, 0.040, 0, 19
1773273723, 2, 4, 783, 781, 3, 12.25%, 0, 0, 2, 1.91, 17, 77, 3, 2, 3109, 181, 0, 0.040, 0, 19
1773273782, 2, 4, 784, 782, 3, 12.25%, 0, 0, 2, 1.80, 17, 77, 3, 2, 3109, 181, 0, 0.040, 0, 19
1773273815, 2, 4, 785, 783, 3, 12.25%, 0, 0, 2, 2.13, 17, 77, 3, 2, 3109, 181, 0, 0.040, 0, 19
1773273821, 2, 4, 786, 784, 3, 12.25%, 0, 0, 2, 1.92, 17, 77, 3, 2, 3109, 181, 0, 0.040, 0, 19
1773273864, 2, 4, 787, 785, 3, 12.25%, 0, 0, 2, 2.09, 17, 77, 3, 2, 3109, 181, 0, 0.029, 0, 24
1773273869, 2, 4, 788, 786, 3, 12.25%, 0, 0, 2, 2.10, 17, 77, 3, 2, 3109, 181, 0, 0.029, 0, 24
1773273891, 2, 4, 789, 787, 3, 12.25%, 0, 0, 2, 1.56, 17, 77, 3, 2, 3109, 181, 0, 0.029, 0, 24
1773273944, 2, 4, 790, 788, 3, 12.25%, 0, 0, 2, 2.55, 17, 77, 3, 2, 3109, 181, 0, 0.029, 0, 24
1773273959, 2, 4, 791, 789, 3, 12.25%, 0, 0, 2, 2.31, 17, 77, 3, 2, 3109, 181, 0, 0.029, 0, 24
1773273970, 2, 4, 792, 790, 3, 12.25%, 0, 0, 2, 2.49, 17, 77, 3, 2, 3109, 181, 0, 0.029, 0, 24
1773273980, 2, 4, 793, 791, 3, 12.25%, 0, 0, 2, 2.38, 17, 77, 3, 2, 3109, 181, 0, 0.029, 0, 24
1773274011, 2, 4, 794, 792, 3, 12.25%, 0, 0, 2, 2.57, 17, 77, 3, 2, 3109, 181, 0, 0.029, 0, 24
1773274026, 2, 4, 795, 793, 3, 12.25%, 0, 0, 2, 2.46, 17, 77, 3, 2, 3109, 181, 0, 0.029, 0, 24
1773274079, 2, 4, 796, 794, 3, 12.25%, 0, 0, 2, 2.47, 17, 77, 3, 2, 3109, 181, 0, 0.029, 0, 24
1773274084, 2, 4, 797, 795, 3, 12.25%, 0, 0, 2, 2.48, 17, 77, 3, 2, 3109, 181, 0, 0.029, 0, 24
1773274120, 2, 4, 798, 796, 3, 12.26%, 0, 0, 2, 2.62, 17, 77, 3, 2, 3109, 181, 0, 0.029, 0, 24
1773274147, 2, 4, 799, 797, 3, 12.26%, 0, 0, 2, 2.50, 17, 77, 3, 2, 3109, 181, 0, 0.029, 0, 24
1773274214, 2, 4, 800, 798, 3, 12.26%, 0, 0, 2, 2.31, 17, 78, 3, 2, 3109, 181, 0, 0.029, 0, 24
1773274229, 2, 4, 801, 799, 3, 12.26%, 0, 0, 2, 2.08, 17, 78, 3, 2, 3109, 181, 0, 0.029, 0, 24
1773274268, 2, 4, 802, 800, 3, 12.26%, 0, 0, 2, 2.13, 17, 78, 3, 2, 3109, 181, 0, 0.029, 0, 24
1773274343, 2, 483, 802, 799, 2, 12.26%, 0, 0, 2, 0.16, 17, 78, 4, 3, 4662, 316, 0, 0.029, 0, 24
1773274349, 2, 483, 803, 800, 2, 12.26%, 0, 0, 3, 2.50, 17, 78, 4, 3, 4662, 316, 0, 0.029, 0, 24
1773274411, 2, 483, 804, 801, 2, 12.26%, 0, 0, 3, 2.57, 17, 78, 4, 3, 4662, 316, 0, 0.029, 0, 24
1773274468, 2, 483, 805, 802, 2, 12.26%, 0, 0, 3, 2.61, 17, 78, 4, 3, 4662, 316, 0, 0.029, 0, 24
1773274473, 2, 483, 806, 803, 2, 12.26%, 0, 0, 3, 2.63, 17, 78, 4, 3, 4662, 316, 0, 0.029, 0, 24
1773274499, 2, 483, 807, 804, 2, 12.26%, 0, 0, 3, 2.47, 17, 78, 4, 3, 4662, 316, 0, 0.029, 0, 24
1773274505, 2, 483, 808, 805, 2, 12.26%, 0, 0, 3, 2.39, 17, 78, 4, 3, 4662, 316, 0, 0.029, 0, 24
1773274510, 2, 483, 809, 806, 2, 12.26%, 0, 0, 3, 2.48, 17, 78, 4, 3, 4662, 316, 0, 0.029, 0, 24
1773274521, 2, 483, 810, 807, 2, 12.26%, 0, 0, 3, 2.34, 17, 78, 4, 3, 4662, 316, 0, 0.029, 0, 25
1773274536, 2, 483, 811, 808, 2, 12.26%, 0, 0, 3, 2.30, 17, 78, 4, 3, 4662, 316, 0, 0.029, 0, 25
1773274567, 2, 483, 812, 809, 2, 12.26%, 0, 0, 3, 2.45, 17, 78, 4, 3, 4662, 316, 0, 0.029, 0, 25
1773274598, 2, 483, 813, 810, 2, 12.26%, 0, 0, 3, 2.49, 17, 78, 4, 3, 4662, 316, 0, 0.029, 0, 25
1773274629, 2, 483, 814, 811, 2, 12.27%, 0, 0, 3, 2.22, 18, 80, 4, 3, 4662, 316, 0, 0.029, 0, 25
1773274674, 3, 19, 814, 810, 1, 12.27%, 0, 0, 3, 0.22, 18, 80, 5, 4, 6277, 404, 0, 0.029, 0, 25
1773274705, 3, 19, 815, 811, 1, 12.27%, 0, 0, 3, 2.36, 18, 81, 5, 4, 6277, 404, 0, 0.029, 0, 25
1773274727, 3, 19, 816, 812, 1, 12.27%, 0, 0, 3, 2.03, 18, 82, 5, 4, 6277, 404, 0, 0.029, 0, 25
1773274769, 3, 19, 817, 813, 1, 12.27%, 0, 0, 3, 1.83, 18, 82, 5, 4, 6277, 404, 0, 0.029, 0, 25
1773274803, 3, 19, 818, 814, 1, 12.27%, 0, 0, 3, 0.27, 18, 82, 5, 4, 6277, 404, 0, 0.029, 0, 25
1773274847, 3, 19, 819, 815, 1, 12.27%, 0, 0, 3, 0.41, 18, 82, 5, 4, 6277, 404, 0, 0.029, 0, 25
1773274902, 3, 19, 820, 816, 1, 12.27%, 0, 0, 3, 0.37, 18, 82, 5, 4, 6277, 404, 0, 0.029, 0, 25
1773274922, 3, 19, 821, 817, 1, 12.27%, 0, 0, 3, 0.55, 18, 82, 5, 4, 6277, 404, 0, 0.029, 0, 25
1773274977, 3, 19, 822, 818, 1, 12.27%, 0, 0, 3, 0.26, 18, 82, 5, 4, 6277, 404, 0, 0.029, 0, 25
1773275025, 3, 19, 823, 819, 1, 12.27%, 0, 0, 3, 0.38, 18, 82, 5, 4, 6277, 404, 0, 0.029, 0, 25
1773275044, 3, 19, 824, 820, 1, 12.27%, 0, 0, 3, 2.44, 18, 82, 5, 4, 6277, 404, 0, 0.029, 0, 25
1773275120, 3, 19, 825, 821, 1, 12.27%, 0, 0, 3, 0.53, 18, 82, 5, 4, 6277, 404, 0, 0.029, 0, 25
1773275142, 3, 19, 826, 822, 1, 12.27%, 0, 0, 3, 1.79, 18, 82, 5, 4, 6277, 404, 0, 0.029, 0, 25
1773275194, 3, 19, 827, 823, 1, 12.27%, 0, 0, 3, 0.50, 18, 82, 5, 4, 6277, 404, 0, 0.029, 0, 25
1773275234, 3, 19, 828, 824, 1, 12.27%, 0, 0, 3, 1.39, 18, 82, 5, 4, 6277, 404, 0, 0.029, 0, 25
1773275253, 3, 19, 828, 824, 1, 12.27%, 0, 1, 3, 0.20, 18, 82, 5, 4, 6277, 404, 0, 0.029, 0, 25
1773275269, 3, 19, 829, 825, 1, 12.27%, 0, 1, 3, 2.41, 18, 82, 5, 4, 6277, 404, 0, 0.029, 0, 25
1773275358, 3, 19, 830, 826, 1, 12.27%, 0, 1, 3, 0.67, 18, 82, 5, 4, 6277, 404, 0, 0.029, 0, 25
1773275379, 3, 19, 831, 827, 1, 12.27%, 0, 1, 3, 1.07, 18, 82, 5, 4, 6277, 404, 0, 0.029, 0, 25
1773275410, 3, 19, 832, 828, 1, 12.27%, 0, 1, 3, 1.65, 18, 82, 5, 4, 6277, 404, 0, 0.029, 0, 25
1773275504, 3, 19, 833, 829, 1, 12.27%, 0, 1, 3, 0.38, 18, 82, 5, 4, 6277, 404, 0, 0.029, 0, 25
1773275570, 3, 19, 833, 829, 1, 12.27%, 0, 2, 3, 0.45, 18, 82, 5, 4, 6277, 404, 0, 0.029, 0, 25
1773275582, 3, 19, 833, 829, 1, 12.27%, 0, 3, 3, 0.53, 18, 82, 5, 4, 6277, 404, 0, 0.029, 0, 25
1773275688, 3, 19, 833, 829, 1, 12.27%, 0, 4, 3, 0.35, 18, 82, 5, 4, 6277, 404, 0, 0.029, 0, 25
1773275706, 3, 19, 834, 830, 1, 12.27%, 0, 4, 3, 0.35, 18, 82, 5, 4, 6277, 404, 0, 0.029, 0, 25
1773275790, 3, 19, 835, 831, 1, 12.28%, 0, 4, 3, 0.38, 18, 82, 5, 4, 6277, 404, 0, 0.029, 0, 25
1773275840, 3, 19, 836, 832, 1, 12.30%, 0, 4, 3, 2.28, 18, 82, 5, 4, 6277, 404, 0, 0.029, 0, 25
1773275851, 3, 19, 837, 833, 1, 12.30%, 0, 4, 3, 1.81, 18, 82, 5, 4, 6277, 404, 0, 0.029, 0, 25
1773275862, 3, 19, 838, 834, 1, 12.30%, 0, 4, 3, 1.78, 18, 82, 5, 4, 6277, 404, 0, 0.029, 0, 25
1773275873, 3, 19, 839, 835, 1, 12.30%, 0, 4, 3, 1.91, 18, 82, 5, 4, 6277, 404, 0, 0.029, 0, 25
1773275884, 3, 19, 840, 836, 1, 12.30%, 0, 4, 3, 1.69, 18, 82, 5, 4, 6277, 404, 0, 0.029, 0, 25
1773275889, 3, 19, 841, 837, 1, 12.30%, 0, 4, 3, 1.75, 18, 82, 5, 4, 6277, 404, 0, 0.029, 0, 25
1773275895, 3, 19, 842, 838, 1, 12.30%, 0, 4, 3, 1.86, 18, 82, 5, 4, 6277, 404, 0, 0.029, 0, 25
1773275927, 3, 19, 843, 839, 1, 12.30%, 0, 4, 3, 2.07, 18, 82, 5, 4, 6277, 404, 0, 0.029, 0, 25
1773275942, 3, 19, 844, 840, 1, 12.30%, 0, 4, 3, 2.22, 18, 82, 5, 4, 6277, 404, 0, 0.029, 0, 25
1773275953, 3, 19, 845, 841, 1, 12.30%, 0, 4, 3, 2.11, 18, 82, 5, 4, 6277, 404, 0, 0.029, 0, 25
1773275958, 3, 19, 846, 842, 1, 12.30%, 0, 4, 3, 1.86, 18, 82, 5, 4, 6277, 404, 0, 0.029, 0, 25
1773275973, 3, 19, 847, 843, 1, 12.30%, 0, 4, 3, 2.28, 18, 82, 5, 4, 6277, 404, 0, 0.029, 0, 25
1773275994, 3, 19, 848, 844, 1, 12.30%, 0, 4, 3, 2.44, 18, 82, 5, 4, 6277, 404, 0, 0.029, 0, 25
1773276015, 3, 19, 849, 845, 1, 12.30%, 0, 4, 3, 1.93, 18, 82, 5, 4, 6277, 404, 0, 0.029, 0, 25
1773276088, 3, 19, 850, 846, 1, 12.30%, 0, 4, 3, 1.98, 18, 82, 5, 4, 6277, 404, 0, 0.029, 0, 25
1773276108, 3, 19, 851, 847, 1, 12.30%, 0, 4, 3, 2.09, 18, 82, 5, 4, 6277, 404, 0, 0.029, 0, 25
1773276119, 3, 19, 852, 848, 1, 12.30%, 0, 4, 3, 2.13, 18, 82, 5, 4, 6277, 404, 0, 0.029, 0, 25
1773276125, 3, 19, 853, 849, 1, 12.30%, 0, 4, 3, 2.34, 18, 82, 5, 4, 6277, 404, 0, 0.029, 0, 25
1773276151, 3, 19, 854, 850, 1, 12.30%, 0, 4, 3, 2.11, 18, 82, 5, 4, 6277, 404, 0, 0.029, 0, 25
1773276172, 3, 19, 855, 851, 1, 12.30%, 0, 4, 3, 1.99, 18, 82, 5, 4, 6277, 404, 0, 0.029, 0, 25
1773276193, 3, 19, 856, 852, 1, 12.30%, 0, 4, 3, 2.32, 18, 82, 5, 4, 6277, 404, 0, 0.029, 0, 25
1773276231, 3, 19, 857, 853, 1, 12.30%, 0, 4, 3, 2.09, 18, 82, 5, 4, 6277, 404, 0, 0.029, 0, 25
1773276251, 3, 19, 858, 854, 1, 12.30%, 0, 4, 3, 2.30, 18, 82, 5, 4, 6277, 404, 0, 0.029, 0, 25
1773276266, 3, 19, 859, 855, 1, 12.30%, 0, 4, 3, 2.54, 18, 82, 5, 4, 6277, 404, 0, 0.029, 0, 25
1773276276, 3, 19, 860, 856, 1, 12.30%, 0, 4, 3, 2.51, 18, 82, 5, 4, 6277, 404, 0, 0.029, 0, 25
1773276287, 3, 19, 861, 857, 1, 12.31%, 0, 4, 3, 2.48, 18, 82, 5, 4, 6277, 404, 0, 0.029, 0, 25
1773276303, 3, 19, 862, 858, 1, 12.31%, 0, 4, 3, 2.58, 18, 82, 5, 4, 6277, 404, 0, 0.029, 0, 25
1773276365, 3, 19, 863, 859, 1, 12.31%, 0, 4, 3, 2.56, 18, 82, 5, 4, 6277, 404, 0, 0.029, 0, 25
1773276433, 3, 19, 864, 860, 1, 12.32%, 0, 4, 3, 2.61, 18, 82, 5, 4, 6277, 404, 0, 0.029, 0, 26
1773276454, 3, 19, 865, 861, 1, 12.32%, 0, 4, 3, 2.55, 18, 82, 5, 4, 6277, 404, 0, 0.029, 0, 26
1773276469, 3, 19, 866, 862, 1, 12.32%, 0, 4, 3, 2.53, 18, 82, 5, 4, 6277, 404, 0, 0.029, 0, 26
1773276475, 3, 19, 867, 863, 1, 12.32%, 0, 4, 3, 2.59, 18, 82, 5, 4, 6277, 404, 0, 0.029, 0, 26
1773276522, 3, 19, 868, 864, 1, 12.32%, 0, 4, 3, 2.54, 18, 82, 5, 4, 6277, 404, 0, 0.029, 0, 26
1773276558, 4, 25, 868, 863, 1, 12.32%, 0, 4, 3, 0.23, 18, 82, 6, 5, 7882, 532, 0, 0.029, 0, 26
1773276574, 4, 25, 869, 864, 1, 12.32%, 0, 4, 3, 2.24, 18, 83, 6, 5, 7882, 532, 0, 0.029, 0, 26
1773276589, 4, 25, 870, 865, 1, 12.32%, 0, 4, 3, 2.27, 18, 83, 6, 5, 7882, 532, 0, 0.029, 0, 26
1773276632, 4, 25, 871, 866, 1, 12.32%, 0, 4, 3, 2.42, 18, 83, 6, 5, 7882, 532, 0, 0.031, 0, 33
1773276648, 4, 25, 872, 867, 1, 12.32%, 0, 4, 3, 2.44, 18, 83, 6, 5, 7882, 532, 0, 0.031, 0, 33
1773276664, 4, 25, 873, 868, 1, 12.32%, 0, 4, 3, 2.31, 18, 83, 6, 5, 7882, 532, 0, 0.031, 0, 33
1773276679, 4, 25, 874, 869, 1, 12.32%, 0, 4, 3, 2.28, 18, 83, 6, 5, 7882, 532, 0, 0.031, 0, 33
1773276690, 4, 25, 875, 870, 1, 12.32%, 0, 4, 3, 2.22, 18, 83, 6, 5, 7882, 532, 0, 0.031, 0, 33
1773276726, 4, 25, 876, 871, 1, 12.33%, 0, 4, 3, 2.38, 18, 83, 6, 5, 7882, 532, 0, 0.031, 0, 33
1773276753, 4, 25, 877, 872, 1, 12.33%, 0, 4, 3, 2.34, 18, 83, 6, 5, 7882, 532, 0, 0.031, 0, 33
1773276769, 4, 25, 878, 873, 1, 12.33%, 0, 4, 3, 1.97, 18, 83, 6, 5, 7882, 532, 0, 0.031, 0, 33
1773276774, 4, 25, 879, 874, 1, 12.33%, 0, 4, 3, 2.23, 18, 83, 6, 5, 7882, 532, 0, 0.031, 0, 33
1773276858, 4, 25, 880, 875, 1, 12.33%, 0, 4, 3, 2.49, 18, 83, 6, 5, 7882, 532, 0, 0.031, 0, 35
1773276869, 4, 25, 881, 876, 1, 12.33%, 0, 4, 3, 2.17, 18, 83, 6, 5, 7882, 532, 0, 0.031, 0, 35
1773276879, 4, 25, 882, 877, 1, 12.33%, 0, 4, 3, 2.13, 18, 84, 6, 5, 7882, 532, 0, 0.031, 0, 35
1773276905, 4, 25, 883, 878, 1, 12.33%, 0, 4, 3, 2.51, 18, 84, 6, 5, 7882, 532, 0, 0.031, 0, 35
1773276957, 4, 25, 884, 879, 1, 12.33%, 0, 4, 3, 2.35, 18, 84, 6, 5, 7882, 532, 0, 0.031, 0, 35
1773276988, 4, 25, 885, 880, 1, 12.34%, 0, 4, 3, 2.47, 18, 84, 6, 5, 7882, 532, 0, 0.031, 0, 35
1773277032, 4, 25, 886, 881, 1, 12.34%, 0, 4, 3, 2.40, 18, 84, 6, 5, 7882, 532, 0, 0.031, 0, 35
1773277042, 4, 25, 887, 882, 1, 12.34%, 0, 4, 3, 2.14, 18, 84, 6, 5, 7882, 532, 0, 0.031, 0, 35
1773277058, 4, 25, 888, 883, 1, 12.34%, 0, 4, 3, 2.37, 18, 84, 6, 5, 7882, 532, 0, 0.031, 0, 35
1773277063, 4, 25, 889, 884, 1, 12.34%, 0, 4, 3, 2.45, 18, 84, 6, 5, 7882, 532, 0, 0.031, 0, 35
1773277100, 4, 25, 890, 885, 1, 12.34%, 0, 4, 3, 2.42, 18, 84, 6, 5, 7882, 532, 0, 0.031, 0, 35
1773277131, 4, 25, 891, 886, 1, 12.34%, 0, 4, 3, 2.40, 18, 84, 6, 5, 7882, 532, 0, 0.031, 0, 35
1773277137, 4, 25, 892, 887, 1, 12.34%, 0, 4, 3, 2.29, 18, 84, 6, 5, 7882, 532, 0, 0.031, 0, 35
1773277152, 4, 25, 893, 888, 1, 12.34%, 0, 4, 3, 2.21, 18, 84, 6, 5, 7882, 532, 0, 0.031, 0, 35
1773277163, 4, 25, 894, 889, 1, 12.34%, 0, 4, 3, 2.41, 18, 84, 6, 5, 7882, 532, 0, 0.031, 0, 35
1773277209, 4, 25, 895, 890, 1, 12.34%, 0, 4, 3, 2.58, 18, 84, 6, 5, 7882, 532, 0, 0.031, 0, 35
1773277252, 4, 25, 896, 891, 1, 12.34%, 0, 4, 3, 2.51, 18, 84, 6, 5, 7882, 532, 0, 0.031, 0, 35
1773277262, 4, 25, 897, 892, 1, 12.34%, 0, 4, 3, 2.58, 18, 84, 6, 5, 7882, 532, 0, 0.031, 0, 35
1773277272, 4, 25, 898, 893, 1, 12.34%, 0, 4, 3, 2.55, 18, 84, 6, 5, 7882, 532, 0, 0.031, 0, 35
1773277314, 4, 25, 899, 894, 1, 12.34%, 0, 4, 3, 2.52, 18, 84, 6, 5, 7882, 532, 0, 0.031, 0, 36
1773277340, 4, 25, 900, 895, 1, 12.34%, 0, 4, 3, 2.54, 18, 85, 6, 5, 7882, 532, 0, 0.031, 0, 36
1773277346, 4, 25, 901, 896, 1, 12.36%, 0, 4, 3, 2.10, 18, 85, 6, 5, 7882, 532, 0, 0.031, 0, 36
1773277366, 4, 25, 902, 897, 1, 12.36%, 0, 4, 3, 2.47, 18, 85, 6, 5, 7882, 532, 0, 0.031, 0, 36
1773277387, 4, 25, 903, 898, 1, 12.37%, 0, 4, 3, 2.08, 18, 85, 6, 5, 7882, 532, 0, 0.031, 0, 36
1773277449, 4, 25, 904, 899, 1, 12.37%, 0, 4, 3, 2.17, 18, 85, 6, 5, 7882, 532, 0, 0.031, 0, 36
1773277465, 4, 25, 905, 900, 1, 12.37%, 0, 4, 3, 2.28, 18, 85, 6, 5, 7882, 532, 0, 0.031, 0, 36
1773277525, 4, 25, 906, 901, 1, 12.37%, 0, 4, 3, 2.39, 18, 85, 6, 5, 7882, 532, 0, 0.031, 0, 36
1773277578, 4, 25, 907, 902, 1, 12.38%, 0, 4, 3, 1.87, 18, 85, 6, 5, 7882, 532, 0, 0.032, 0, 37
1773277641, 4, 25, 908, 903, 1, 12.38%, 0, 4, 3, 2.50, 18, 85, 6, 5, 7882, 532, 0, 0.032, 0, 37
1773277693, 4, 25, 909, 904, 1, 12.38%, 0, 4, 3, 2.05, 18, 85, 6, 5, 7882, 532, 0, 0.032, 0, 37
1773277745, 4, 25, 910, 905, 1, 12.38%, 0, 4, 3, 2.21, 18, 85, 6, 5, 7882, 532, 0, 0.032, 0, 37
1773277768, 4, 25, 911, 906, 1, 12.38%, 0, 4, 3, 2.05, 18, 85, 6, 5, 7882, 532, 0, 0.032, 0, 37
1773277799, 4, 645, 911, 905, 0, 12.38%, 0, 4, 3, 2.18, 18, 85, 6, 5, 7882, 532, 0, 0.032, 0, 37
1773277836, 4, 645, 912, 906, 0, 12.39%, 0, 4, 3, 2.49, 18, 85, 6, 5, 7882, 532, 0, 0.032, 0, 38
1773277888, 4, 645, 913, 907, 0, 12.39%, 0, 4, 3, 2.25, 18, 86, 6, 5, 7882, 532, 0, 0.032, 0, 38
1773277940, 4, 645, 914, 908, 0, 12.39%, 0, 4, 3, 2.46, 18, 86, 6, 5, 7882, 532, 0, 0.032, 0, 38
1773277996, 4, 813, 915, 908, 1, 12.40%, 0, 4, 4, 0.18, 18, 87, 7, 6, 9621, 623, 0, 0.032, 0, 38
1773278071, 4, 813, 916, 909, 1, 12.40%, 0, 4, 4, 2.30, 18, 87, 7, 6, 9621, 623, 0, 0.032, 0, 38
1773278076, 4, 813, 917, 910, 1, 12.40%, 0, 4, 4, 2.34, 18, 87, 7, 6, 9621, 623, 0, 0.032, 0, 38
1773278091, 4, 813, 918, 911, 1, 12.40%, 0, 4, 4, 2.53, 18, 87, 7, 6, 9621, 623, 0, 0.032, 0, 38
1773278112, 4, 813, 919, 912, 1, 12.40%, 0, 4, 4, 2.51, 18, 87, 7, 6, 9621, 623, 0, 0.032, 0, 38
1773278148, 4, 813, 920, 913, 1, 12.40%, 0, 4, 4, 2.54, 18, 87, 7, 6, 9621, 623, 0, 0.032, 0, 38
1773278174, 4, 813, 921, 914, 1, 12.40%, 0, 4, 4, 2.45, 18, 87, 7, 6, 9621, 623, 0, 0.032, 0, 38
1773278195, 4, 813, 922, 915, 1, 12.40%, 0, 4, 4, 2.51, 18, 87, 7, 6, 9621, 623, 0, 0.032, 0, 38
1773278237, 4, 813, 923, 916, 1, 12.40%, 0, 4, 4, 2.18, 18, 88, 7, 6, 9621, 623, 0, 0.032, 0, 38
1773278254, 4, 813, 924, 917, 1, 12.40%, 0, 4, 4, 2.10, 18, 88, 7, 6, 9621, 623, 0, 0.032, 0, 38
1773278259, 4, 813, 925, 918, 1, 12.40%, 0, 4, 4, 2.24, 18, 88, 7, 6, 9621, 623, 0, 0.032, 0, 38
1773278291, 4, 813, 926, 919, 1, 12.40%, 0, 4, 4, 2.39, 18, 88, 7, 6, 9621, 623, 0, 0.032, 0, 39
1773278311, 4, 813, 927, 920, 1, 12.40%, 0, 4, 4, 2.22, 18, 89, 7, 6, 9621, 623, 0, 0.032, 0, 39
1773278328, 4, 813, 928, 921, 1, 12.40%, 0, 4, 4, 2.32, 18, 89, 7, 6, 9621, 623, 0, 0.032, 0, 39
1773278365, 4, 813, 929, 922, 1, 12.40%, 0, 4, 4, 2.33, 18, 89, 7, 6, 9621, 623, 0, 0.032, 0, 39
1773278376, 4, 813, 930, 923, 1, 12.41%, 0, 4, 4, 2.31, 18, 89, 7, 6, 9621, 623, 0, 0.032, 0, 39
1773278406, 4, 813, 931, 924, 1, 12.41%, 0, 4, 4, 2.29, 18, 89, 7, 6, 9621, 623, 0, 0.032, 0, 39
1773278433, 4, 813, 932, 925, 1, 12.41%, 0, 4, 4, 2.31, 18, 89, 7, 6, 9621, 623, 0, 0.032, 0, 39
1773278464, 4, 813, 933, 926, 1, 12.41%, 0, 4, 4, 2.15, 18, 90, 7, 6, 9621, 623, 0, 0.032, 0, 39
1773278475, 4, 813, 934, 927, 1, 12.41%, 0, 4, 4, 1.76, 18, 90, 7, 6, 9621, 623, 0, 0.032, 0, 39
1773278492, 4, 813, 935, 928, 1, 12.41%, 0, 4, 4, 1.41, 18, 90, 7, 6, 9621, 623, 0, 0.032, 0, 39
1773278514, 4, 813, 936, 929, 1, 12.41%, 0, 4, 4, 1.49, 18, 90, 7, 6, 9621, 623, 0, 0.032, 0, 39
1773278551, 4, 813, 937, 930, 1, 12.41%, 0, 4, 4, 1.74, 18, 90, 7, 6, 9621, 623, 0, 0.028, 0, 44
1773278620, 4, 813, 938, 931, 1, 12.42%, 0, 4, 4, 1.95, 18, 90, 7, 6, 9621, 623, 0, 0.028, 0, 44
1773278657, 4, 813, 939, 932, 1, 12.42%, 0, 4, 4, 1.71, 18, 90, 7, 6, 9621, 623, 0, 0.028, 0, 44
1773278672, 4, 813, 940, 933, 1, 12.42%, 0, 4, 4, 1.53, 18, 90, 7, 6, 9621, 623, 0, 0.028, 0, 44
1773278740, 4, 813, 941, 934, 1, 12.42%, 0, 4, 4, 2.11, 18, 90, 7, 6, 9621, 623, 0, 0.028, 0, 44
1773278778, 4, 813, 942, 935, 1, 12.42%, 0, 4, 4, 2.26, 18, 90, 7, 6, 9621, 623, 0, 0.028, 0, 44
1773278783, 4, 813, 943, 936, 1, 12.42%, 0, 4, 4, 2.21, 18, 90, 7, 6, 9621, 623, 0, 0.028, 0, 44
1773278788, 4, 813, 944, 937, 1, 12.42%, 0, 4, 4, 2.20, 18, 90, 7, 6, 9621, 623, 0, 0.028, 0, 44
1773278799, 4, 813, 945, 938, 1, 12.43%, 0, 4, 4, 2.20, 18, 90, 7, 6, 9621, 623, 0, 0.028, 0, 44
1773278856, 4, 813, 946, 939, 1, 12.43%, 0, 4, 4, 2.28, 18, 90, 7, 6, 9621, 623, 0, 0.028, 0, 44
1773278883, 4, 813, 947, 940, 1, 12.43%, 0, 4, 4, 2.27, 18, 90, 7, 6, 9621, 623, 0, 0.028, 0, 44
1773278919, 4, 813, 948, 941, 1, 12.43%, 0, 4, 4, 2.10, 18, 90, 7, 6, 9621, 623, 0, 0.028, 0, 44
1773278930, 4, 813, 949, 942, 1, 12.43%, 0, 4, 4, 2.21, 18, 90, 7, 6, 9621, 623, 0, 0.028, 0, 44
1773278958, 5, 19, 949, 941, 12, 12.43%, 0, 4, 4, 0.23, 18, 90, 8, 7, 11404, 722, 0, 0.028, 0, 44
1773278974, 5, 19, 950, 942, 12, 12.43%, 0, 4, 4, 2.24, 18, 90, 8, 7, 11404, 722, 0, 0.028, 0, 44
1773278999, 5, 33, 950, 942, 2, 12.43%, 0, 4, 4, 2.42, 18, 90, 8, 7, 11404, 722, 0, 0.028, 0, 44
1773279089, 5, 33, 951, 943, 2, 12.43%, 0, 4, 4, 1.80, 18, 90, 8, 7, 11404, 722, 0, 0.028, 0, 44
1773279095, 5, 33, 952, 944, 2, 12.43%, 0, 4, 4, 1.72, 18, 90, 8, 7, 11404, 722, 0, 0.028, 0, 44
1773279127, 5, 33, 953, 945, 2, 12.44%, 0, 4, 4, 1.36, 18, 90, 8, 7, 11404, 722, 0, 0.028, 0, 44
1773279143, 5, 33, 954, 946, 2, 12.44%, 0, 4, 4, 1.58, 18, 90, 8, 7, 11404, 722, 0, 0.028, 0, 44
1773279191, 5, 33, 955, 947, 2, 12.44%, 0, 4, 4, 2.11, 18, 90, 8, 7, 11404, 722, 0, 0.028, 0, 44
1773279271, 5, 33, 956, 948, 2, 12.44%, 0, 4, 4, 1.74, 18, 90, 8, 7, 11404, 722, 0, 0.028, 0, 44
1773279287, 5, 33, 957, 949, 2, 12.44%, 0, 4, 4, 1.66, 18, 90, 8, 7, 11404, 722, 0, 0.028, 0, 44
1773279330, 5, 33, 958, 950, 2, 12.44%, 0, 4, 4, 1.79, 18, 90, 8, 7, 11404, 722, 0, 0.027, 0, 46
1773279378, 5, 33, 959, 951, 2, 12.44%, 0, 4, 4, 1.67, 18, 90, 8, 7, 11404, 722, 0, 0.027, 0, 46
1773279482, 5, 927, 959, 950, 19, 12.44%, 0, 4, 4, 1.92, 18, 90, 9, 7, 11404, 722, 0, 0.027, 0, 46
1773279662, 5, 927, 960, 951, 19, 12.44%, 0, 4, 5, 2.06, 18, 90, 9, 7, 11404, 722, 0, 0.027, 0, 47
1773279748, 5, 927, 961, 952, 19, 12.44%, 0, 4, 5, 2.43, 18, 91, 9, 7, 11404, 722, 0, 0.027, 0, 47
1773279828, 5, 927, 962, 953, 19, 12.44%, 0, 4, 5, 2.45, 18, 91, 9, 7, 11404, 722, 0, 0.027, 0, 47
1773279833, 5, 927, 963, 954, 19, 12.44%, 0, 4, 5, 2.53, 18, 91, 9, 7, 11404, 722, 0, 0.027, 0, 47
1773279853, 5, 927, 964, 955, 19, 12.44%, 0, 4, 5, 2.50, 18, 91, 9, 7, 11404, 722, 0, 0.027, 0, 47
1773279895, 5, 927, 965, 956, 19, 12.44%, 0, 4, 5, 2.45, 18, 91, 9, 7, 11404, 722, 0, 0.027, 0, 47
1773279921, 5, 927, 966, 957, 19, 12.44%, 0, 4, 5, 2.53, 18, 91, 9, 7, 11404, 722, 0, 0.027, 0, 47
1773279958, 6, 0, 966, 956, 20, 12.44%, 0, 4, 5, 0.19, 18, 91, 10, 8, 12995, 808, 0, 0.027, 0, 47
1773279989, 6, 0, 967, 957, 20, 12.44%, 0, 4, 5, 2.51, 18, 92, 10, 8, 12995, 808, 0, 0.027, 0, 47
1773280021, 6, 0, 968, 958, 20, 12.44%, 0, 4, 5, 2.46, 18, 92, 10, 8, 12995, 808, 0, 0.027, 0, 47
1773280062, 6, 0, 969, 959, 20, 12.47%, 0, 4, 5, 2.23, 18, 92, 10, 8, 12995, 808, 0, 0.027, 0, 47
1773280104, 6, 0, 970, 960, 20, 12.47%, 0, 4, 5, 2.25, 18, 92, 10, 8, 12995, 808, 0, 0.027, 0, 47
1773280115, 6, 0, 971, 961, 20, 12.47%, 0, 4, 5, 2.46, 18, 92, 10, 8, 12995, 808, 0, 0.027, 0, 47
1773280130, 6, 0, 972, 962, 20, 12.47%, 0, 4, 5, 2.48, 18, 92, 10, 8, 12995, 808, 0, 0.027, 0, 47
1773280146, 6, 0, 973, 963, 20, 12.47%, 0, 4, 5, 2.37, 18, 92, 10, 8, 12995, 808, 0, 0.027, 0, 47
1773280188, 6, 0, 974, 964, 20, 12.47%, 0, 4, 5, 2.44, 18, 92, 10, 8, 12995, 808, 0, 0.027, 0, 47
1773280198, 6, 0, 975, 965, 20, 12.47%, 0, 4, 5, 2.45, 18, 92, 10, 8, 12995, 808, 0, 0.027, 0, 47
1773280225, 6, 0, 976, 966, 20, 12.47%, 0, 4, 5, 2.29, 18, 92, 10, 8, 12995, 808, 0, 0.027, 0, 47
1773280282, 6, 0, 977, 967, 20, 12.47%, 0, 4, 5, 2.39, 18, 92, 10, 8, 12995, 808, 0, 0.027, 0, 47
1773280320, 6, 0, 978, 968, 20, 12.47%, 0, 4, 5, 2.08, 18, 92, 10, 8, 12995, 808, 0, 0.027, 0, 47
1773280352, 6, 0, 979, 969, 20, 12.47%, 0, 4, 5, 2.21, 18, 95, 10, 8, 12995, 808, 0, 0.027, 0, 49
1773280357, 6, 0, 980, 970, 20, 12.47%, 0, 4, 5, 2.37, 18, 95, 10, 8, 12995, 808, 0, 0.027, 0, 49
1773280362, 6, 0, 981, 971, 20, 12.47%, 0, 4, 5, 2.44, 18, 95, 10, 8, 12995, 808, 0, 0.027, 0, 49
1773280415, 6, 19, 981, 971, 12, 12.47%, 0, 4, 5, 0.14, 18, 95, 11, 9, 14622, 971, 0, 0.027, 0, 49
1773280462, 6, 19, 982, 972, 12, 12.47%, 0, 4, 5, 0.89, 18, 95, 11, 9, 14622, 971, 0, 0.027, 0, 49
1773280483, 6, 19, 983, 973, 12, 12.47%, 0, 4, 5, 0.79, 18, 95, 11, 9, 14622, 971, 0, 0.027, 0, 49
1773280495, 6, 19, 984, 974, 12, 12.47%, 0, 4, 5, 1.04, 18, 95, 11, 9, 14622, 971, 0, 0.027, 0, 49
1773280500, 6, 19, 985, 975, 12, 12.47%, 0, 4, 5, 1.14, 18, 95, 11, 9, 14622, 971, 0, 0.027, 0, 49
1773280585, 6, 19, 986, 976, 12, 12.47%, 0, 4, 5, 1.06, 18, 95, 11, 9, 14622, 971, 0, 0.027, 0, 49
1773280596, 6, 19, 987, 977, 12, 12.47%, 0, 4, 5, 0.97, 18, 95, 11, 9, 14622, 971, 0, 0.027, 0, 49
1773280660, 6, 19, 988, 978, 12, 12.47%, 0, 4, 5, 1.02, 18, 95, 11, 9, 14622, 971, 0, 0.027, 0, 49
1773280709, 6, 19, 989, 979, 12, 12.47%, 0, 4, 5, 1.01, 18, 95, 11, 9, 14622, 971, 0, 0.027, 0, 49
1773280745, 6, 19, 990, 980, 12, 12.47%, 0, 4, 5, 1.08, 18, 95, 11, 9, 14622, 971, 0, 0.027, 0, 49
1773280890, 6, 19, 991, 981, 12, 12.47%, 0, 4, 5, 1.04, 18, 95, 11, 9, 14622, 971, 0, 0.027, 0, 49
1773280911, 6, 19, 992, 982, 12, 12.47%, 0, 4, 5, 1.24, 18, 95, 11, 9, 14622, 971, 0, 0.027, 0, 49
1773280927, 6, 19, 993, 983, 12, 12.47%, 0, 4, 5, 1.23, 18, 95, 11, 9, 14622, 971, 0, 0.027, 0, 49
1773280965, 6, 19, 994, 984, 12, 12.48%, 0, 4, 5, 1.11, 18, 95, 11, 9, 14622, 971, 0, 0.027, 0, 49
1773281102, 6, 19, 995, 985, 12, 12.48%, 0, 4, 5, 1.28, 18, 95, 11, 9, 14622, 971, 0, 0.027, 0, 49
1773281222, 6, 19, 996, 986, 12, 12.48%, 0, 4, 5, 0.92, 18, 95, 11, 9, 14622, 971, 0, 0.027, 0, 49
1773281267, 6, 19, 997, 987, 12, 12.48%, 0, 4, 5, 0.87, 18, 95, 11, 9, 14622, 971, 0, 0.027, 0, 49
1773281378, 6, 19, 998, 988, 12, 12.48%, 0, 4, 5, 0.93, 18, 95, 11, 9, 14622, 971, 0, 0.027, 0, 50
1773281395, 6, 19, 999, 989, 12, 12.48%, 0, 4, 5, 0.82, 18, 95, 11, 9, 14622, 971, 0, 0.027, 0, 50
1773281474, 6, 19, 999, 989, 12, 12.48%, 0, 5, 5, 0.20, 18, 95, 11, 9, 14622, 971, 0, 0.027, 0, 50
1773281479, 6, 19, 1000, 990, 12, 12.48%, 0, 5, 5, 1.02, 18, 95, 11, 9, 14622, 971, 0, 0.027, 0, 50
1773281541, 6, 19, 1001, 991, 12, 12.48%, 0, 5, 5, 0.87, 18, 95, 11, 9, 14622, 971, 0, 0.027, 0, 50
1773281566, 6, 19, 1002, 992, 12, 12.48%, 0, 5, 5, 0.67, 18, 95, 11, 9, 14622, 971, 0, 0.027, 0, 50
1773281597, 6, 19, 1003, 993, 12, 12.48%, 0, 5, 5, 0.64, 18, 95, 11, 9, 14622, 971, 0, 0.027, 0, 50
1773281610, 6, 19, 1004, 994, 12, 12.48%, 0, 5, 5, 0.65, 18, 95, 11, 9, 14622, 971, 0, 0.027, 0, 50
1773281662, 6, 19, 1005, 995, 12, 12.48%, 0, 5, 5, 0.56, 18, 95, 11, 9, 14622, 971, 0, 0.027, 0, 50
1773281696, 6, 19, 1006, 996, 12, 12.48%, 0, 5, 5, 0.55, 18, 95, 11, 9, 14622, 971, 0, 0.027, 0, 50
1773281725, 6, 19, 1007, 997, 12, 12.48%, 0, 5, 5, 0.54, 18, 95, 11, 9, 14622, 971, 0, 0.027, 0, 50
1773281787, 6, 19, 1008, 998, 12, 12.48%, 0, 5, 5, 0.52, 18, 95, 11, 9, 14622, 971, 0, 0.027, 0, 50
1773281842, 6, 19, 1009, 999, 12, 12.48%, 0, 5, 5, 0.57, 18, 95, 11, 9, 14622, 971, 0, 0.027, 0, 50
1773281898, 6, 19, 1010, 1000, 12, 12.48%, 0, 5, 5, 0.57, 18, 95, 11, 9, 14622, 971, 0, 0.027, 0, 50
1773282157, 6, 19, 1011, 1001, 12, 12.48%, 0, 5, 5, 0.53, 18, 95, 11, 9, 14622, 971, 0, 0.027, 0, 50
1773282414, 6, 19, 1012, 1002, 12, 12.48%, 0, 5, 5, 0.57, 18, 95, 11, 9, 14622, 971, 0, 0.027, 0, 50
1773282559, 6, 19, 1013, 1003, 12, 12.48%, 0, 5, 5, 0.54, 18, 95, 11, 9, 14622, 971, 0, 0.027, 0, 50
1773282600, 6, 19, 1014, 1004, 12, 12.48%, 0, 5, 5, 0.53, 18, 95, 11, 9, 14622, 971, 0, 0.027, 0, 50
1773282771, 6, 19, 1015, 1005, 12, 12.48%, 0, 5, 5, 0.63, 18, 95, 11, 9, 14622, 971, 0, 0.027, 0, 50
1773282829, 6, 19, 1015, 1005, 12, 12.48%, 0, 6, 5, 0.72, 18, 95, 11, 9, 14622, 971, 0, 0.027, 0, 50
1773282841, 6, 19, 1015, 1005, 12, 12.48%, 0, 7, 5, 0.64, 18, 95, 11, 9, 14622, 971, 0, 0.027, 0, 50
1773282853, 6, 19, 1015, 1005, 12, 12.48%, 0, 8, 5, 0.57, 18, 95, 11, 9, 14622, 971, 0, 0.027, 0, 50
1773282871, 6, 19, 1015, 1005, 12, 12.48%, 0, 9, 5, 0.49, 18, 95, 11, 9, 14622, 971, 0, 0.027, 0, 50
1773282882, 6, 19, 1015, 1005, 12, 12.48%, 0, 10, 5, 0.46, 18, 95, 11, 9, 14622, 971, 0, 0.027, 0, 50
1773282925, 7, 3, 1015, 1005, 7, 12.48%, 0, 10, 5, 0.80, 18, 95, 12, 10, 16335, 1041, 0, 0.027, 0, 50
1773282941, 8, 3, 1015, 1005, 7, 12.48%, 0, 10, 5, 1.80, 18, 95, 12, 10, 16335, 1041, 0, 0.027, 0, 50
1773283000, 8, 3, 1016, 1006, 7, 12.48%, 0, 10, 5, 1.45, 18, 95, 12, 10, 16335, 1041, 0, 0.030, 0, 52
1773283122, 8, 934, 1016, 1006, 7, 12.48%, 0, 10, 5, 1.95, 18, 95, 12, 10, 16335, 1041, 0, 0.030, 0, 52
1773283149, 8, 934, 1017, 1007, 7, 12.48%, 0, 10, 5, 2.38, 18, 95, 12, 10, 16335, 1041, 0, 0.030, 0, 52
1773283195, 8, 934, 1018, 1008, 7, 12.48%, 0, 10, 5, 2.20, 18, 96, 12, 10, 16335, 1041, 0, 0.030, 0, 52
1773283206, 8, 934, 1019, 1009, 7, 12.48%, 0, 10, 5, 2.38, 18, 96, 12, 10, 16335, 1041, 0, 0.030, 0, 52
1773283321, 8, 934, 1020, 1010, 7, 12.49%, 0, 10, 5, 2.34, 18, 96, 12, 10, 16335, 1041, 0, 0.030, 0, 52
1773283420, 8, 934, 1021, 1011, 7, 12.49%, 0, 10, 5, 2.30, 18, 96, 12, 10, 16335, 1041, 0, 0.030, 0, 52
1773283457, 8, 934, 1022, 1012, 7, 12.49%, 0, 10, 5, 2.18, 18, 97, 12, 10, 16335, 1041, 0, 0.030, 0, 52
1773283574, 8, 934, 1023, 1013, 7, 12.49%, 0, 10, 5, 0.37, 18, 97, 12, 10, 16335, 1041, 0, 0.030, 0, 52
1773283638, 8, 939, 1023, 1012, 2, 12.49%, 0, 10, 5, 2.51, 18, 97, 12, 10, 16335, 1041, 0, 0.030, 0, 52
1773283776, 8, 939, 1024, 1013, 2, 12.49%, 0, 10, 5, 1.65, 18, 97, 12, 10, 16335, 1041, 0, 0.030, 0, 53
1773283799, 8, 939, 1025, 1014, 2, 12.49%, 0, 10, 5, 1.11, 18, 97, 12, 10, 16335, 1041, 0, 0.030, 0, 53
1773283860, 8, 939, 1026, 1015, 2, 12.49%, 0, 10, 5, 0.69, 18, 97, 12, 10, 16335, 1041, 0, 0.030, 0, 53
1773283919, 8, 939, 1027, 1016, 2, 12.49%, 0, 10, 5, 0.79, 18, 97, 12, 10, 16335, 1041, 0, 0.030, 0, 53
1773283956, 8, 939, 1028, 1017, 2, 12.49%, 0, 10, 5, 0.85, 18, 97, 12, 10, 16335, 1041, 0, 0.030, 0, 53
1773284073, 9, 19, 1028, 1016, 4, 12.49%, 0, 10, 5, 0.22, 18, 97, 13, 11, 17958, 1120, 0, 0.030, 0, 53
1773284117, 9, 19, 1029, 1017, 4, 12.49%, 0, 10, 5, 1.82, 18, 97, 13, 11, 17958, 1120, 0, 0.030, 0, 56
1773284143, 9, 19, 1030, 1018, 4, 12.49%, 0, 10, 5, 1.19, 18, 97, 13, 11, 17958, 1120, 0, 0.030, 0, 56
1773284167, 9, 19, 1031, 1019, 4, 12.49%, 0, 10, 5, 1.20, 18, 97, 13, 11, 17958, 1120, 0, 0.030, 0, 56
1773284249, 9, 19, 1032, 1020, 4, 12.49%, 0, 10, 5, 1.13, 18, 97, 13, 11, 17958, 1120, 0, 0.030, 0, 56
1773284324, 9, 19, 1033, 1021, 4, 12.50%, 0, 10, 5, 1.16, 18, 97, 13, 11, 17958, 1120, 0, 0.030, 0, 56
1773284431, 9, 19, 1033, 1021, 4, 12.50%, 0, 11, 5, 0.44, 18, 97, 13, 11, 17958, 1120, 0, 0.030, 0, 56
1773284446, 9, 19, 1033, 1021, 4, 12.50%, 0, 12, 5, 0.62, 18, 97, 13, 11, 17958, 1120, 0, 0.030, 0, 56
1773284559, 9, 19, 1034, 1022, 4, 12.50%, 0, 12, 5, 0.81, 18, 97, 13, 11, 17958, 1120, 0, 0.030, 0, 56
1773284735, 9, 19, 1035, 1023, 4, 12.50%, 0, 12, 5, 0.90, 18, 97, 13, 11, 17958, 1120, 0, 0.030, 0, 56
1773284806, 9, 19, 1036, 1024, 4, 12.50%, 0, 12, 5, 1.11, 18, 97, 13, 11, 17958, 1120, 0, 0.030, 0, 56
1773284848, 9, 19, 1037, 1025, 4, 12.50%, 0, 12, 5, 0.78, 18, 97, 13, 11, 17958, 1120, 0, 0.030, 0, 56
1773285031, 9, 19, 1038, 1026, 4, 12.50%, 0, 12, 5, 0.86, 18, 97, 13, 11, 17958, 1120, 0, 0.030, 0, 59
1773285324, 10, 51, 1038, 1026, 2, 12.50%, 0, 12, 5, 0.21, 18, 97, 14, 12, 19559, 1197, 0, 0.030, 0, 59
1773285449, 10, 51, 1039, 1027, 2, 12.50%, 0, 12, 5, 2.20, 18, 97, 14, 12, 19559, 1197, 0, 0.030, 0, 59
1773285476, 10, 51, 1040, 1028, 2, 12.50%, 0, 12, 5, 2.16, 18, 97, 14, 12, 19559, 1197, 0, 0.030, 0, 59
1773285527, 10, 912, 1040, 1027, 4, 12.50%, 0, 12, 5, 0.22, 18, 97, 15, 13, 21247, 1285, 0, 0.030, 0, 59
1773285672, 10, 912, 1041, 1028, 4, 12.50%, 0, 12, 5, 2.21, 18, 98, 15, 13, 21247, 1285, 0, 0.030, 0, 59
1773285709, 10, 922, 1041, 1027, 3, 12.50%, 0, 12, 5, 2.22, 18, 98, 15, 13, 21247, 1285, 0, 0.030, 0, 59
1773285714, 10, 922, 1042, 1028, 3, 12.50%, 0, 12, 5, 2.30, 18, 98, 15, 13, 21247, 1285, 0, 0.030, 0, 59
1773285735, 10, 922, 1043, 1029, 3, 12.50%, 0, 12, 5, 2.40, 18, 98, 15, 13, 21247, 1285, 0, 0.030, 0, 59
1773285803, 10, 922, 1044, 1030, 3, 12.50%, 0, 12, 5, 2.10, 18, 98, 15, 13, 21247, 1285, 0, 0.030, 0, 59
1773285829, 10, 922, 1045, 1031, 3, 12.51%, 0, 12, 5, 2.13, 18, 98, 15, 13, 21247, 1285, 0, 0.030, 0, 59
1773285929, 10, 922, 1046, 1032, 3, 12.51%, 0, 12, 5, 1.96, 18, 98, 15, 13, 21247, 1285, 0, 0.030, 0, 59
1773285955, 10, 922, 1047, 1033, 3, 12.51%, 0, 12, 5, 2.08, 18, 98, 15, 13, 21247, 1285, 0, 0.030, 0, 59
1773286023, 10, 922, 1048, 1034, 3, 12.52%, 0, 12, 5, 2.32, 18, 98, 15, 13, 21247, 1285, 0, 0.030, 0, 59
1773286123, 10, 922, 1049, 1035, 3, 12.52%, 0, 12, 5, 2.24, 18, 98, 15, 13, 21247, 1285, 0, 0.030, 0, 59
1773286260, 10, 939, 1049, 1034, 2, 12.52%, 0, 12, 5, 2.14, 18, 98, 15, 13, 21247, 1285, 0, 0.030, 0, 59
1773286289, 10, 939, 1050, 1035, 2, 12.52%, 0, 12, 5, 1.91, 18, 98, 15, 13, 21247, 1285, 0, 0.030, 0, 59
1773286311, 10, 939, 1051, 1036, 2, 12.52%, 0, 12, 5, 1.74, 18, 98, 15, 13, 21247, 1285, 0, 0.030, 0, 59
1773286327, 10, 939, 1052, 1037, 2, 12.52%, 0, 12, 5, 1.50, 18, 98, 15, 13, 21247, 1285, 0, 0.030, 0, 59
1773286378, 10, 939, 1053, 1038, 2, 12.52%, 0, 12, 5, 1.35, 18, 98, 15, 13, 21247, 1285, 0, 0.030, 0, 59
1773286833, 10, 939, 1054, 1039, 2, 12.52%, 0, 12, 5, 2.15, 18, 98, 15, 13, 21247, 1285, 0, 0.030, 0, 59
1773286849, 11, 270, 1054, 1039, 2, 12.52%, 0, 12, 5, 2.16, 18, 98, 15, 13, 21247, 1285, 0, 0.030, 0, 60
1773286902, 11, 270, 1055, 1040, 2, 12.53%, 0, 12, 5, 1.42, 18, 98, 15, 13, 21247, 1285, 0, 0.030, 0, 60
1773286921, 11, 270, 1056, 1041, 2, 12.53%, 0, 12, 5, 1.51, 18, 98, 15, 13, 21247, 1285, 0, 0.030, 0, 60
1773287059, 11, 270, 1057, 1042, 2, 12.53%, 0, 12, 5, 1.41, 18, 98, 15, 13, 21247, 1285, 0, 0.030, 0, 60
1773287118, 11, 948, 1057, 1041, 19, 12.53%, 0, 12, 5, 1.61, 18, 98, 16, 13, 21247, 1285, 0, 0.030, 0, 60
1773287395, 11, 966, 1057, 1040, 18, 12.53%, 0, 12, 5, 0.23, 18, 98, 17, 14, 22847, 1362, 0, 0.030, 0, 60
1773287416, 11, 966, 1058, 1041, 18, 12.54%, 0, 12, 5, 2.47, 18, 98, 17, 14, 22847, 1362, 0, 0.030, 0, 61
1773287452, 11, 966, 1059, 1042, 18, 12.54%, 0, 12, 5, 2.55, 18, 98, 17, 14, 22847, 1362, 0, 0.030, 0, 61
1773287489, 11, 966, 1060, 1043, 18, 12.54%, 0, 12, 5, 2.50, 18, 98, 17, 14, 22847, 1362, 0, 0.030, 0, 61
1773287515, 11, 966, 1061, 1044, 18, 12.54%, 0, 12, 5, 2.56, 18, 98, 17, 14, 22847, 1362, 0, 0.030, 0, 61
1773287597, 11, 966, 1062, 1045, 18, 12.54%, 0, 12, 5, 2.56, 18, 98, 17, 14, 22847, 1362, 0, 0.030, 0, 61
1773287613, 11, 966, 1063, 1046, 18, 12.54%, 0, 12, 5, 2.48, 18, 98, 17, 14, 22847, 1362, 0, 0.030, 0, 61
1773287747, 11, 966, 1064, 1047, 18, 12.54%, 0, 12, 5, 2.51, 18, 98, 17, 14, 22847, 1362, 0, 0.030, 0, 61
1773287830, 11, 966, 1065, 1048, 18, 12.54%, 0, 12, 5, 2.26, 18, 98, 17, 14, 22847, 1362, 0, 0.030, 0, 62
1773287867, 11, 966, 1066, 1049, 18, 12.54%, 0, 12, 5, 2.23, 18, 98, 17, 14, 22847, 1362, 0, 0.030, 0, 62
1773287931, 11, 966, 1067, 1050, 18, 12.55%, 0, 12, 5, 2.19, 18, 98, 17, 14, 22847, 1362, 0, 0.030, 0, 62
1773287962, 11, 966, 1068, 1051, 18, 12.55%, 0, 12, 5, 2.28, 18, 98, 17, 14, 22847, 1362, 0, 0.030, 0, 62
1773287968, 11, 966, 1069, 1052, 18, 12.55%, 0, 12, 5, 2.29, 18, 98, 17, 14, 22847, 1362, 0, 0.030, 0, 62
1773287973, 11, 966, 1070, 1053, 18, 12.55%, 0, 12, 5, 2.29, 18, 98, 17, 14, 22847, 1362, 0, 0.030, 0, 62
1773287978, 11, 966, 1071, 1054, 18, 12.55%, 0, 12, 5, 2.31, 18, 98, 17, 14, 22847, 1362, 0, 0.030, 0, 62
1773287983, 11, 966, 1072, 1055, 18, 12.55%, 0, 12, 5, 2.32, 18, 98, 17, 14, 22847, 1362, 0, 0.030, 0, 62
1773288014, 11, 966, 1073, 1056, 18, 12.55%, 0, 12, 5, 2.48, 18, 98, 17, 14, 22847, 1362, 0, 0.030, 0, 62
1773288046, 11, 966, 1074, 1057, 18, 12.55%, 0, 12, 5, 2.42, 18, 98, 17, 14, 22847, 1362, 0, 0.030, 0, 62
1773288067, 11, 966, 1075, 1058, 18, 12.55%, 0, 12, 5, 2.03, 18, 98, 17, 14, 22847, 1362, 0, 0.030, 0, 64
1773288073, 11, 966, 1076, 1059, 18, 12.55%, 0, 12, 5, 1.80, 18, 98, 17, 14, 22847, 1362, 0, 0.030, 0, 64
1773288095, 11, 966, 1077, 1060, 18, 12.55%, 0, 12, 5, 1.75, 18, 98, 17, 14, 22847, 1362, 0, 0.030, 0, 64
1773288122, 11, 966, 1078, 1061, 18, 12.55%, 0, 12, 5, 1.74, 18, 98, 17, 14, 22847, 1362, 0, 0.030, 0, 64
1773288138, 11, 966, 1079, 1062, 18, 12.55%, 0, 12, 5, 1.73, 18, 98, 17, 14, 22847, 1362, 0, 0.030, 0, 64
1773288190, 12, 4, 1079, 1061, 11, 12.55%, 0, 12, 5, 0.20, 18, 98, 18, 15, 24519, 1458, 0, 0.030, 0, 64
1773288231, 12, 4, 1080, 1062, 11, 12.55%, 0, 12, 5, 0.91, 18, 98, 18, 15, 24519, 1458, 0, 0.030, 0, 64
1773288401, 12, 4, 1080, 1062, 11, 12.55%, 0, 13, 5, 0.91, 18, 98, 18, 15, 24519, 1458, 0, 0.030, 0, 64
1773288440, 12, 4, 1080, 1062, 11, 12.55%, 0, 14, 5, 0.20, 18, 98, 18, 15, 24519, 1458, 0, 0.030, 0, 64
1773288548, 12, 4, 1081, 1063, 11, 12.55%, 0, 14, 5, 0.49, 18, 98, 18, 15, 24519, 1458, 0, 0.030, 0, 64
1773288726, 12, 4, 1081, 1063, 11, 12.55%, 0, 15, 5, 0.29, 18, 98, 18, 15, 24519, 1458, 0, 0.030, 0, 64
1773288763, 12, 4, 1082, 1064, 11, 12.55%, 0, 15, 5, 0.52, 18, 98, 18, 15, 24519, 1458, 0, 0.030, 0, 64
1773288792, 12, 4, 1083, 1065, 11, 12.55%, 0, 15, 5, 0.70, 18, 98, 18, 15, 24519, 1458, 0, 0.030, 0, 65
1773288811, 12, 4, 1083, 1065, 11, 12.55%, 0, 16, 5, 0.61, 18, 98, 18, 15, 24519, 1458, 0, 0.030, 0, 65
1773288906, 12, 4, 1084, 1066, 11, 12.55%, 0, 16, 5, 0.69, 18, 98, 18, 15, 24519, 1458, 0, 0.030, 0, 65
1773289005, 12, 4, 1084, 1066, 11, 12.55%, 0, 17, 5, 0.69, 18, 98, 18, 15, 24519, 1458, 0, 0.030, 0, 65
1773289010, 12, 4, 1084, 1066, 11, 12.55%, 0, 18, 5, 0.66, 18, 98, 18, 15, 24519, 1458, 0, 0.030, 0, 65
1773289055, 13, 9, 1084, 1066, 11, 12.55%, 0, 18, 5, 2.48, 18, 98, 19, 16, 26204, 1537, 0, 0.030, 0, 65
1773289133, 13, 9, 1085, 1067, 11, 12.55%, 0, 18, 5, 2.33, 18, 98, 19, 16, 26204, 1537, 0, 0.030, 0, 65
1773289195, 13, 17, 1085, 1066, 0, 12.55%, 0, 18, 5, 2.32, 18, 98, 19, 16, 26204, 1537, 0, 0.030, 0, 65
1773289238, 13, 17, 1086, 1067, 0, 12.55%, 0, 18, 5, 1.81, 18, 98, 19, 16, 26204, 1537, 0, 0.031, 0, 66
1773289372, 13, 18, 1086, 1066, 1, 12.55%, 0, 18, 5, 0.15, 18, 98, 20, 17, 27794, 1619, 0, 0.031, 0, 66
1773289388, 13, 18, 1087, 1067, 1, 12.55%, 0, 18, 5, 2.43, 18, 98, 20, 17, 27794, 1619, 0, 0.031, 0, 66
1773289446, 13, 18, 1088, 1068, 1, 12.55%, 0, 18, 5, 2.28, 18, 98, 20, 17, 27794, 1619, 0, 0.031, 0, 66
1773289487, 13, 18, 1089, 1069, 1, 12.55%, 0, 18, 5, 2.25, 18, 98, 20, 17, 27794, 1619, 0, 0.031, 0, 66
1773289550, 14, 4, 1089, 1068, 1, 12.55%, 0, 18, 5, 0.10, 18, 98, 21, 18, 29437, 1724, 0, 0.031, 0, 66
1773289555, 14, 4, 1090, 1069, 1, 12.56%, 0, 18, 5, 2.31, 18, 98, 21, 18, 29437, 1724, 0, 0.031, 0, 66
1773289571, 14, 4, 1091, 1070, 1, 12.56%, 0, 18, 5, 2.27, 18, 98, 21, 18, 29437, 1724, 0, 0.031, 0, 66
1773289721, 14, 4, 1092, 1071, 1, 12.56%, 0, 18, 5, 2.37, 18, 98, 21, 18, 29437, 1724, 0, 0.031, 0, 68
1773289758, 14, 27, 1092, 1071, 1, 12.56%, 0, 18, 5, 2.35, 18, 98, 21, 18, 29437, 1724, 0, 0.031, 0, 68
1773289904, 14, 27, 1093, 1072, 1, 12.56%, 0, 18, 5, 2.06, 18, 98, 21, 18, 29437, 1724, 0, 0.031, 0, 68
1773289935, 14, 37, 1093, 1071, 0, 12.56%, 0, 18, 5, 2.30, 18, 98, 21, 18, 29437, 1724, 0, 0.031, 0, 68
1773289946, 14, 37, 1094, 1072, 0, 12.56%, 0, 18, 5, 2.33, 18, 98, 21, 18, 29437, 1724, 0, 0.031, 0, 68
1773290003, 14, 37, 1095, 1073, 0, 12.56%, 0, 18, 5, 2.30, 18, 99, 21, 18, 29437, 1724, 0, 0.031, 0, 68
1773290076, 14, 869, 1095, 1072, 8, 12.56%, 0, 18, 5, 0.22, 18, 99, 22, 19, 31055, 1804, 0, 0.031, 0, 68
1773290108, 14, 869, 1096, 1073, 8, 12.56%, 0, 18, 5, 2.38, 18, 99, 22, 19, 31055, 1804, 0, 0.031, 0, 68
1773290255, 14, 869, 1097, 1074, 8, 12.56%, 0, 18, 5, 2.37, 18, 99, 22, 19, 31055, 1804, 0, 0.031, 0, 68
1773290317, 15, 912, 1097, 1073, 2, 12.56%, 0, 18, 5, 0.19, 18, 99, 23, 20, 32733, 1926, 0, 0.031, 0, 68
1773290348, 15, 912, 1098, 1074, 2, 12.56%, 0, 18, 5, 2.46, 18, 99, 23, 20, 32733, 1926, 0, 0.031, 0, 68
1773290375, 15, 912, 1099, 1075, 2, 12.57%, 0, 18, 5, 2.48, 18, 99, 23, 20, 32733, 1926, 0, 0.031, 0, 68
1773290405, 15, 912, 1100, 1076, 2, 12.57%, 0, 18, 5, 2.55, 18, 99, 23, 20, 32733, 1926, 0, 0.031, 0, 68
1773290447, 15, 912, 1101, 1077, 2, 12.57%, 0, 18, 5, 2.48, 18, 99, 23, 20, 32733, 1926, 0, 0.031, 0, 70
1773290541, 15, 912, 1102, 1078, 2, 12.57%, 0, 18, 5, 2.54, 18, 99, 23, 20, 32733, 1926, 0, 0.031, 0, 70
1773290593, 15, 912, 1103, 1079, 2, 12.57%, 0, 18, 5, 2.46, 18, 99, 23, 20, 32733, 1926, 0, 0.031, 0, 70
1773290635, 15, 932, 1103, 1079, 0, 12.57%, 0, 18, 5, 0.18, 18, 99, 24, 21, 34491, 2088, 0, 0.031, 0, 73
1773290740, 15, 932, 1104, 1080, 0, 12.58%, 0, 18, 5, 1.84, 18, 99, 24, 21, 34491, 2088, 0, 0.031, 0, 73
1773290803, 15, 932, 1105, 1081, 0, 12.58%, 0, 18, 5, 2.19, 18, 99, 24, 21, 34491, 2088, 0, 0.031, 0, 73
1773290871, 15, 932, 1106, 1082, 0, 12.58%, 0, 18, 5, 1.78, 18, 99, 24, 21, 34491, 2088, 0, 0.031, 0, 73
1773290903, 15, 932, 1107, 1083, 0, 12.58%, 0, 18, 5, 1.90, 18, 99, 24, 21, 34491, 2088, 0, 0.031, 0, 73
1773290945, 15, 932, 1108, 1084, 0, 12.58%, 0, 18, 5, 2.07, 18, 99, 24, 21, 34491, 2088, 0, 0.031, 0, 73
1773291045, 15, 932, 1109, 1085, 0, 12.59%, 0, 18, 5, 1.94, 18, 99, 24, 21, 34491, 2088, 0, 0.031, 0, 73
1773291277, 15, 932, 1110, 1086, 0, 12.59%, 0, 18, 5, 1.71, 18, 99, 24, 21, 34491, 2088, 0, 0.031, 0, 73
1773291313, 15, 932, 1111, 1087, 0, 12.59%, 0, 18, 5, 0.24, 18, 99, 24, 21, 34491, 2088, 0, 0.031, 0, 73
1773291492, 16, 4, 1111, 1086, 10, 12.59%, 0, 18, 5, 0.11, 18, 99, 25, 22, 36236, 2182, 0, 0.031, 0, 73
1773291497, 16, 4, 1112, 1087, 10, 12.59%, 0, 18, 5, 2.50, 18, 99, 25, 22, 36236, 2182, 0, 0.031, 0, 73
1773291512, 16, 4, 1113, 1088, 10, 12.59%, 0, 18, 5, 2.35, 18, 99, 25, 22, 36236, 2182, 0, 0.031, 0, 73
1773291595, 16, 4, 1114, 1089, 10, 12.59%, 0, 18, 5, 2.37, 18, 99, 25, 22, 36236, 2182, 0, 0.031, 0, 73
1773291611, 16, 4, 1115, 1090, 10, 12.59%, 0, 18, 5, 2.41, 18, 99, 25, 22, 36236, 2182, 0, 0.031, 0, 73
1773291663, 16, 290, 1115, 1090, 2, 12.59%, 0, 18, 5, 2.16, 18, 99, 25, 22, 36236, 2182, 0, 0.031, 0, 73
1773291822, 17, 4, 1115, 1089, 1, 12.59%, 0, 18, 5, 1.92, 18, 99, 26, 22, 36236, 2182, 0, 0.032, 0, 76
1773291838, 17, 4, 1116, 1090, 1, 12.59%, 0, 18, 5, 2.42, 18, 99, 26, 22, 36236, 2182, 0, 0.032, 0, 76
1773291848, 17, 4, 1117, 1091, 1, 12.59%, 0, 18, 5, 2.42, 18, 99, 26, 22, 36236, 2182, 0, 0.032, 0, 76
1773291993, 17, 4, 1117, 1091, 1, 12.59%, 0, 18, 5, 1.31, 18, 99, 27, 23, 37866, 2270, 0, 0.032, 0, 91
1773292057, 17, 4, 1118, 1092, 1, 12.59%, 0, 18, 5, 2.45, 18, 99, 27, 23, 37866, 2270, 0, 0.032, 0, 91
1773292104, 17, 4, 1119, 1093, 1, 12.59%, 0, 18, 5, 2.06, 18, 99, 27, 23, 37866, 2270, 0, 0.032, 0, 91
1773292120, 17, 4, 1120, 1094, 1, 12.61%, 0, 18, 5, 1.93, 18, 99, 27, 23, 37866, 2270, 0, 0.032, 0, 91
1773292147, 17, 4, 1121, 1095, 1, 12.61%, 0, 18, 5, 0.37, 18, 99, 27, 23, 37866, 2270, 0, 0.032, 0, 91
1773292226, 17, 19, 1121, 1095, 10, 12.61%, 0, 18, 5, 0.17, 18, 99, 28, 24, 39490, 2384, 0, 0.032, 0, 91
1773292312, 17, 19, 1122, 1096, 10, 12.61%, 0, 18, 5, 1.04, 18, 99, 28, 24, 39490, 2384, 0, 0.032, 0, 91
1773292383, 17, 19, 1123, 1097, 10, 12.61%, 0, 18, 5, 1.03, 18, 99, 28, 24, 39490, 2384, 0, 0.032, 0, 91
1773292565, 17, 19, 1124, 1098, 10, 12.61%, 0, 18, 5, 1.13, 18, 99, 28, 24, 39490, 2384, 0, 0.032, 0, 91
1773292595, 18, 3, 1124, 1098, 3, 12.61%, 0, 18, 5, 1.58, 18, 99, 28, 24, 39490, 2384, 0, 0.032, 0, 91
1773292606, 20, 3, 1124, 1098, 3, 12.61%, 0, 18, 5, 1.92, 18, 99, 28, 24, 39490, 2384, 0, 0.032, 0, 91
1773292632, 20, 3, 1125, 1099, 3, 12.61%, 0, 18, 5, 1.75, 18, 99, 28, 24, 39490, 2384, 0, 0.032, 0, 91
1773292744, 20, 3, 1126, 1100, 3, 12.61%, 0, 18, 5, 1.83, 18, 99, 28, 24, 39490, 2384, 0, 0.033, 0, 93
1773292800, 20, 6, 1126, 1100, 6, 12.61%, 0, 18, 5, 0.22, 18, 99, 29, 25, 41080, 2494, 0, 0.033, 0, 93
1773292889, 20, 6, 1127, 1101, 6, 12.61%, 0, 18, 5, 1.94, 18, 99, 29, 25, 41080, 2494, 0, 0.033, 0, 93
1773292899, 20, 6, 1128, 1102, 6, 12.61%, 0, 18, 5, 1.47, 18, 99, 29, 25, 41080, 2494, 0, 0.033, 0, 93
1773292937, 20, 6, 1129, 1103, 6, 12.61%, 0, 18, 5, 1.06, 18, 99, 29, 25, 41080, 2494, 0, 0.033, 0, 93
1773292986, 20, 6, 1130, 1104, 6, 12.61%, 0, 18, 5, 1.11, 18, 99, 29, 25, 41080, 2494, 0, 0.033, 0, 93
1773293040, 20, 6, 1131, 1105, 6, 12.61%, 0, 18, 5, 1.76, 18, 99, 29, 25, 41080, 2494, 0, 0.033, 0, 93
1773293106, 20, 6, 1132, 1106, 6, 12.61%, 0, 18, 5, 1.28, 18, 99, 29, 25, 41080, 2494, 0, 0.032, 0, 94
1773293122, 20, 6, 1133, 1107, 6, 12.61%, 0, 18, 5, 1.66, 18, 99, 29, 25, 41080, 2494, 0, 0.032, 0, 94
1773293224, 20, 6, 1134, 1108, 6, 12.61%, 0, 18, 5, 1.29, 18, 99, 29, 25, 41080, 2494, 0, 0.032, 0, 94
1773293380, 20, 6, 1135, 1109, 6, 12.61%, 0, 18, 5, 1.13, 18, 99, 29, 25, 41080, 2494, 0, 0.032, 0, 94
1773293407, 20, 6, 1136, 1110, 6, 12.61%, 0, 18, 5, 1.08, 18, 99, 29, 25, 41080, 2494, 0, 0.032, 0, 94
1773293514, 20, 1077, 1137, 1110, 2, 12.61%, 0, 18, 5, 2.13, 18, 99, 29, 25, 41080, 2494, 0, 0.032, 0, 94
1773293561, 20, 1077, 1138, 1111, 2, 12.62%, 0, 18, 5, 1.97, 18, 99, 29, 25, 41080, 2494, 0, 0.032, 0, 94
1773293582, 20, 1077, 1139, 1112, 2, 12.62%, 0, 18, 5, 2.06, 18, 99, 29, 25, 41080, 2494, 0, 0.032, 0, 94
1773293951, 20, 1077, 1140, 1113, 2, 12.62%, 0, 18, 5, 1.84, 18, 99, 29, 25, 41080, 2494, 0, 0.032, 0, 94
1773294003, 20, 1077, 1141, 1114, 2, 12.62%, 0, 18, 5, 2.32, 18, 99, 29, 25, 41080, 2494, 0, 0.032, 0, 94
1773294055, 20, 1077, 1142, 1115, 2, 12.62%, 0, 18, 5, 2.34, 18, 99, 29, 25, 41080, 2494, 0, 0.032, 0, 94
1773294095, 21, 19, 1142, 1114, 7, 12.62%, 0, 18, 5, 0.07, 18, 99, 30, 26, 42710, 2623, 0, 0.032, 0, 94
1773294147, 21, 19, 1143, 1115, 7, 12.62%, 0, 18, 5, 2.10, 18, 99, 30, 26, 42710, 2623, 0, 0.032, 0, 94
1773294200, 21, 19, 1144, 1116, 7, 12.62%, 0, 18, 5, 2.17, 18, 99, 30, 26, 42710, 2623, 0, 0.032, 0, 94
1773294266, 21, 19, 1145, 1117, 7, 12.62%, 0, 18, 5, 2.16, 18, 99, 30, 26, 42710, 2623, 0, 0.032, 0, 95
1773294293, 21, 947, 1145, 1117, 2, 12.62%, 0, 18, 5, 2.00, 18, 99, 30, 26, 42710, 2623, 0, 0.032, 0, 95
1773294339, 21, 947, 1146, 1118, 2, 12.63%, 0, 18, 5, 2.35, 18, 99, 30, 26, 42710, 2623, 0, 0.032, 0, 95
1773294360, 21, 947, 1147, 1119, 2, 12.63%, 0, 18, 5, 2.11, 18, 99, 30, 26, 42710, 2623, 0, 0.032, 0, 95
1773294371, 21, 947, 1148, 1120, 2, 12.63%, 0, 18, 5, 2.00, 18, 99, 30, 26, 42710, 2623, 0, 0.032, 0, 95
1773294381, 21, 947, 1149, 1121, 2, 12.63%, 0, 18, 5, 2.27, 18, 99, 30, 26, 42710, 2623, 0, 0.032, 0, 95
1773294428, 21, 947, 1150, 1122, 2, 12.63%, 0, 18, 5, 2.29, 18, 99, 30, 26, 42710, 2623, 0, 0.032, 0, 95
1773294496, 21, 947, 1151, 1123, 2, 12.64%, 0, 18, 5, 2.18, 18, 99, 30, 26, 42710, 2623, 0, 0.032, 0, 95
1773294627, 21, 947, 1152, 1124, 2, 12.64%, 0, 18, 5, 2.21, 18, 99, 30, 26, 42710, 2623, 0, 0.032, 0, 95
1773294837, 21, 947, 1153, 1125, 2, 12.64%, 0, 18, 5, 2.45, 18, 99, 30, 26, 42710, 2623, 0, 0.032, 0, 95
1773294905, 21, 947, 1154, 1126, 2, 12.64%, 0, 18, 5, 2.50, 18, 99, 30, 26, 42710, 2623, 0, 0.032, 0, 95
1773294961, 22, 1097, 1154, 1125, 0, 12.64%, 0, 18, 5, 0.23, 18, 99, 31, 27, 44405, 2703, 0, 0.032, 0, 95
1773294992, 22, 1097, 1155, 1126, 0, 12.64%, 0, 18, 5, 2.25, 18, 99, 31, 27, 44405, 2703, 0, 0.032, 0, 95
1773295045, 22, 1097, 1156, 1127, 0, 12.65%, 0, 18, 5, 2.28, 18, 99, 31, 27, 44405, 2703, 0, 0.032, 0, 95
1773295087, 22, 1097, 1157, 1128, 0, 12.65%, 0, 18, 5, 2.36, 18, 99, 31, 27, 44405, 2703, 0, 0.032, 0, 95
1773295279, 22, 1097, 1158, 1129, 0, 12.65%, 0, 18, 5, 2.39, 18, 99, 31, 27, 44405, 2703, 0, 0.032, 0, 96
1773295447, 22, 1097, 1159, 1130, 0, 12.65%, 0, 18, 5, 1.82, 18, 99, 31, 27, 44405, 2703, 0, 0.032, 0, 97
1773295482, 22, 1097, 1160, 1131, 0, 12.65%, 0, 18, 5, 1.89, 18, 99, 31, 27, 44405, 2703, 0, 0.032, 0, 97
1773295543, 22, 1097, 1161, 1132, 0, 12.66%, 0, 18, 5, 2.05, 18, 99, 31, 27, 44405, 2703, 0, 0.032, 0, 97
1773295564, 22, 1097, 1162, 1133, 0, 12.66%, 0, 18, 5, 1.86, 18, 99, 31, 27, 44405, 2703, 0, 0.032, 0, 97
1773295597, 22, 1097, 1163, 1134, 0, 12.66%, 0, 18, 5, 2.13, 18, 99, 31, 27, 44405, 2703, 0, 0.032, 0, 97
1773295707, 23, 1041, 1163, 1133, 0, 12.66%, 0, 18, 5, 0.18, 18, 99, 32, 28, 46183, 2795, 0, 0.032, 0, 97
1773295713, 23, 1041, 1164, 1134, 0, 12.66%, 0, 18, 6, 2.17, 18, 99, 32, 28, 46183, 2795, 0, 0.032, 0, 97
1773295876, 23, 1041, 1165, 1135, 0, 12.67%, 0, 18, 6, 2.23, 18, 99, 32, 28, 46183, 2795, 0, 0.032, 0, 97
1773296012, 23, 1041, 1166, 1136, 0, 12.67%, 0, 18, 6, 2.29, 18, 99, 32, 28, 46183, 2795, 0, 0.032, 0, 97
1773296044, 23, 1041, 1167, 1137, 0, 12.67%, 0, 18, 6, 2.05, 18, 99, 32, 28, 46183, 2795, 0, 0.032, 0, 97
1773296114, 23, 1041, 1168, 1138, 0, 12.67%, 0, 18, 6, 2.30, 18, 99, 32, 28, 46183, 2795, 0, 0.032, 0, 97
1773296240, 23, 1041, 1169, 1139, 0, 12.67%, 0, 18, 6, 2.38, 18, 99, 32, 28, 46183, 2795, 0, 0.032, 0, 97
1773296337, 24, 522, 1169, 1138, 12, 12.67%, 0, 18, 6, 0.23, 18, 99, 33, 29, 47941, 2922, 0, 0.032, 0, 97
1773296373, 25, 262, 1169, 1137, 12, 12.67%, 0, 18, 6, 2.25, 18, 99, 33, 29, 47941, 2922, 0, 0.032, 0, 98
1773296547, 25, 418, 1169, 1136, 12, 12.67%, 0, 18, 6, 1.90, 18, 99, 34, 29, 47941, 2922, 0, 0.032, 0, 98
1773296600, 25, 474, 1169, 1135, 11, 12.67%, 0, 18, 6, 2.11, 18, 99, 34, 29, 47941, 2922, 0, 0.032, 0, 98
1773296610, 25, 474, 1170, 1136, 11, 12.68%, 0, 18, 6, 1.93, 18, 100, 34, 29, 47941, 2922, 0, 0.032, 0, 98
1773296713, 25, 474, 1171, 1137, 11, 12.68%, 0, 18, 6, 2.10, 18, 100, 34, 29, 47941, 2922, 0, 0.032, 0, 98
1773296728, 25, 474, 1172, 1138, 11, 12.68%, 0, 18, 6, 2.27, 18, 100, 34, 29, 47941, 2922, 0, 0.032, 0, 98
1773296820, 25, 474, 1173, 1139, 11, 12.68%, 0, 18, 6, 2.38, 18, 100, 34, 29, 47941, 2922, 0, 0.032, 0, 98
1773296878, 25, 474, 1174, 1140, 11, 12.68%, 0, 18, 6, 1.84, 18, 100, 34, 29, 47941, 2922, 0, 0.032, 0, 98
1773296889, 25, 474, 1175, 1141, 11, 12.68%, 0, 18, 6, 1.65, 18, 100, 34, 29, 47941, 2922, 0, 0.032, 0, 98
1773296900, 25, 474, 1176, 1142, 11, 12.68%, 0, 18, 6, 1.36, 18, 100, 34, 29, 47941, 2922, 0, 0.032, 0, 98
1773296964, 25, 474, 1177, 1143, 11, 12.68%, 0, 18, 6, 1.47, 18, 100, 34, 29, 47941, 2922, 0, 0.032, 0, 98
1773297001, 25, 474, 1178, 1144, 11, 12.68%, 0, 18, 6, 1.94, 18, 100, 34, 29, 47941, 2922, 0, 0.032, 0, 98
1773297034, 25, 474, 1179, 1145, 11, 12.68%, 0, 18, 6, 1.45, 18, 100, 34, 29, 47941, 2922, 0, 0.032, 0, 98
1773297081, 25, 474, 1180, 1146, 11, 12.68%, 0, 18, 6, 1.48, 18, 100, 34, 29, 47941, 2922, 0, 0.032, 0, 98
1773297098, 25, 474, 1181, 1147, 11, 12.69%, 0, 18, 6, 1.42, 18, 100, 34, 29, 47941, 2922, 0, 0.032, 0, 98
1773297193, 26, 25, 1181, 1146, 7, 12.69%, 0, 18, 6, 0.06, 18, 100, 35, 30, 49606, 2977, 0, 0.032, 0, 98
1773297256, 26, 25, 1182, 1147, 7, 12.69%, 0, 18, 6, 1.00, 18, 100, 35, 30, 49606, 2977, 0, 0.032, 0, 98
1773297310, 26, 25, 1183, 1148, 7, 12.69%, 0, 18, 6, 0.82, 18, 100, 35, 30, 49606, 2977, 0, 0.032, 0, 98
1773297354, 26, 25, 1184, 1149, 7, 12.69%, 0, 18, 6, 0.99, 18, 100, 35, 30, 49606, 2977, 0, 0.032, 0, 98
1773297371, 26, 25, 1185, 1150, 7, 12.69%, 0, 18, 6, 1.06, 18, 100, 35, 30, 49606, 2977, 0, 0.032, 0, 98
1773297479, 26, 25, 1186, 1151, 7, 12.69%, 0, 18, 6, 1.05, 18, 100, 35, 30, 49606, 2977, 0, 0.032, 0, 98
1773297572, 26, 25, 1187, 1152, 7, 12.69%, 0, 18, 6, 1.00, 18, 100, 35, 30, 49606, 2977, 0, 0.032, 0, 98
1773297694, 26, 25, 1188, 1153, 7, 12.69%, 0, 18, 6, 1.15, 18, 100, 35, 30, 49606, 2977, 0, 0.032, 0, 98
1773297726, 26, 25, 1189, 1154, 7, 12.71%, 0, 18, 6, 1.42, 18, 100, 35, 30, 49606, 2977, 0, 0.032, 0, 98
1773297817, 26, 25, 1190, 1155, 7, 12.71%, 0, 18, 6, 1.22, 18, 100, 35, 30, 49606, 2977, 0, 0.032, 0, 98
1773297828, 26, 25, 1191, 1156, 7, 12.71%, 0, 18, 6, 1.24, 18, 100, 35, 30, 49606, 2977, 0, 0.032, 0, 98
1773297954, 26, 25, 1192, 1157, 7, 12.71%, 0, 18, 6, 0.90, 18, 100, 35, 30, 49606, 2977, 0, 0.032, 0, 99
1773298043, 26, 25, 1193, 1158, 7, 12.71%, 0, 18, 6, 1.58, 18, 100, 35, 30, 49606, 2977, 0, 0.032, 0, 99
1773298104, 26, 25, 1194, 1159, 7, 12.71%, 0, 18, 6, 1.13, 18, 100, 35, 30, 49606, 2977, 0, 0.032, 0, 99
1773298131, 26, 25, 1195, 1160, 7, 12.71%, 0, 18, 6, 1.04, 18, 100, 35, 30, 49606, 2977, 0, 0.032, 0, 99
1773298216, 26, 25, 1196, 1161, 7, 12.71%, 0, 18, 6, 1.46, 18, 100, 35, 30, 49606, 2977, 0, 0.032, 0, 99
1773298262, 28, 3, 1196, 1161, 2, 12.71%, 0, 18, 6, 1.45, 18, 100, 35, 30, 49606, 2977, 0, 0.032, 0, 99
1773298416, 28, 4, 1196, 1161, 5, 12.71%, 0, 18, 6, 2.18, 18, 100, 36, 31, 51219, 3079, 0, 0.037, 0, 104
1773298541, 28, 1118, 1196, 1161, 7, 12.71%, 0, 18, 6, 0.18, 18, 100, 37, 32, 52890, 3182, 0, 0.037, 0, 104
1773298726, 28, 1118, 1196, 1160, 9, 12.71%, 0, 18, 6, 0.18, 18, 100, 38, 33, 54624, 3287, 0, 0.037, 0, 104
1773298789, 28, 1118, 1197, 1161, 9, 12.71%, 0, 18, 6, 2.42, 18, 100, 38, 33, 54624, 3287, 0, 0.037, 0, 104
1773298805, 28, 1118, 1198, 1162, 9, 12.71%, 0, 18, 6, 2.35, 18, 100, 38, 33, 54624, 3287, 0, 0.037, 0, 104
1773298821, 28, 1118, 1199, 1163, 9, 12.71%, 0, 18, 6, 2.29, 18, 100, 38, 33, 54624, 3287, 0, 0.037, 0, 104
1773298826, 28, 1118, 1200, 1164, 9, 12.71%, 0, 18, 6, 2.16, 18, 100, 38, 33, 54624, 3287, 0, 0.037, 0, 104
1773298841, 28, 1118, 1201, 1165, 9, 12.71%, 0, 18, 6, 2.19, 18, 100, 38, 33, 54624, 3287, 0, 0.037, 0, 104
1773298867, 28, 1118, 1202, 1166, 9, 12.71%, 0, 18, 6, 2.39, 18, 100, 38, 33, 54624, 3287, 0, 0.037, 0, 104
1773298961, 28, 1118, 1203, 1167, 9, 12.71%, 0, 18, 6, 2.20, 18, 100, 38, 33, 54624, 3287, 0, 0.037, 0, 104
1773298993, 29, 12, 1203, 1167, 1, 12.71%, 0, 18, 6, 2.40, 18, 100, 38, 33, 54624, 3287, 0, 0.037, 0, 104
1773299112, 29, 941, 1203, 1166, 0, 12.71%, 0, 18, 6, 0.18, 18, 100, 39, 34, 56359, 3406, 0, 0.037, 0, 104
1773299164, 29, 941, 1204, 1167, 0, 12.71%, 0, 18, 6, 2.48, 18, 100, 39, 34, 56359, 3406, 0, 0.037, 0, 104
1773299246, 29, 941, 1205, 1168, 0, 12.71%, 0, 18, 6, 2.49, 18, 100, 39, 34, 56359, 3406, 0, 0.037, 0, 104
1773299335, 29, 941, 1206, 1169, 0, 12.71%, 0, 18, 6, 2.51, 18, 100, 39, 34, 56359, 3406, 0, 0.037, 0, 104
1773299371, 29, 941, 1207, 1170, 0, 12.72%, 0, 18, 6, 2.44, 18, 100, 39, 34, 56359, 3406, 0, 0.037, 0, 104
1773299418, 29, 941, 1208, 1171, 0, 12.72%, 0, 18, 6, 2.53, 18, 100, 39, 34, 56359, 3406, 0, 0.037, 0, 104
1773299450, 29, 941, 1209, 1172, 0, 12.72%, 0, 18, 6, 2.48, 18, 100, 39, 34, 56359, 3406, 0, 0.037, 0, 104
1773299568, 29, 941, 1210, 1173, 0, 12.72%, 0, 18, 6, 2.51, 18, 100, 39, 34, 56359, 3406, 0, 0.037, 0, 104
1773299641, 29, 941, 1211, 1174, 0, 12.72%, 0, 18, 6, 2.28, 18, 100, 39, 34, 56359, 3406, 0, 0.037, 0, 104
1773299683, 30, 1154, 1211, 1173, 0, 12.72%, 0, 18, 6, 2.32, 18, 100, 39, 34, 56359, 3406, 0, 0.037, 0, 106
1773299937, 31, 1041, 1211, 1172, 3, 12.72%, 0, 18, 6, 0.23, 18, 100, 40, 35, 58142, 3490, 0, 0.037, 0, 107
1773299973, 31, 1041, 1212, 1173, 3, 12.72%, 0, 18, 6, 2.14, 18, 100, 40, 35, 58142, 3490, 0, 0.037, 0, 107
1773300228, 31, 1041, 1213, 1174, 3, 12.73%, 0, 18, 6, 2.30, 18, 100, 40, 35, 58142, 3490, 0, 0.037, 0, 107
1773300259, 31, 1041, 1214, 1175, 3, 12.73%, 0, 18, 6, 2.41, 18, 100, 40, 35, 58142, 3490, 0, 0.037, 0, 107
1773300416, 31, 1041, 1215, 1176, 3, 12.73%, 0, 18, 6, 2.32, 18, 100, 40, 35, 58142, 3490, 0, 0.040, 0, 114
1773300442, 33, 472, 1215, 1176, 0, 12.73%, 0, 18, 6, 2.12, 18, 100, 40, 35, 58142, 3490, 0, 0.040, 0, 114
1773300552, 33, 472, 1216, 1177, 0, 12.73%, 0, 18, 6, 1.84, 18, 100, 40, 35, 58142, 3490, 0, 0.040, 0, 114
1773300595, 33, 472, 1217, 1178, 0, 12.73%, 0, 18, 6, 2.21, 18, 100, 40, 35, 58142, 3490, 0, 0.040, 0, 114
1773300672, 34, 14, 1217, 1177, 0, 12.73%, 0, 18, 6, 0.11, 18, 100, 41, 36, 59750, 3641, 0, 0.040, 0, 114
1773300894, 34, 14, 1218, 1178, 0, 12.73%, 0, 18, 6, 0.92, 18, 100, 41, 36, 59750, 3641, 0, 0.040, 0, 114
1773301097, 34, 22, 1218, 1177, 0, 12.73%, 0, 18, 6, 0.16, 18, 100, 42, 37, 61389, 3771, 0, 0.040, 0, 114
1773301102, 34, 22, 1219, 1178, 0, 12.73%, 0, 18, 6, 2.26, 18, 100, 42, 37, 61389, 3771, 0, 0.040, 0, 114
1773301238, 34, 1042, 1219, 1177, 0, 12.73%, 0, 18, 6, 2.32, 18, 100, 42, 37, 61389, 3771, 0, 0.040, 0, 115
1773301343, 34, 1042, 1220, 1178, 0, 12.73%, 0, 18, 6, 1.83, 18, 100, 42, 37, 61389, 3771, 0, 0.040, 0, 115
1773301422, 34, 1042, 1221, 1179, 0, 12.74%, 0, 18, 6, 2.12, 18, 100, 42, 37, 61389, 3771, 0, 0.040, 0, 115
1773301806, 34, 1042, 1222, 1180, 0, 12.74%, 0, 18, 6, 2.39, 18, 100, 42, 37, 61389, 3771, 0, 0.041, 0, 116
1773301892, 35, 24, 1222, 1179, 6, 12.74%, 0, 18, 6, 0.15, 18, 100, 43, 38, 62996, 3954, 0, 0.041, 0, 116
1773301907, 35, 24, 1223, 1180, 6, 12.74%, 0, 18, 6, 2.09, 18, 100, 43, 38, 62996, 3954, 0, 0.041, 0, 116
1773302086, 36, 4, 1223, 1179, 5, 12.74%, 0, 18, 6, 0.07, 18, 100, 44, 39, 64662, 4012, 0, 0.041, 0, 116
1773302205, 36, 269, 1223, 1179, 5, 12.74%, 0, 18, 6, 2.13, 18, 100, 44, 39, 64662, 4012, 0, 0.041, 0, 116
1773302269, 36, 269, 1224, 1180, 5, 12.74%, 0, 18, 6, 1.54, 18, 100, 44, 39, 64662, 4012, 0, 0.041, 0, 117
1773302415, 37, 4, 1224, 1179, 5, 12.74%, 0, 18, 6, 0.21, 18, 100, 45, 40, 66313, 4081, 0, 0.041, 0, 117
1773302498, 37, 4, 1225, 1180, 5, 12.74%, 0, 18, 6, 2.13, 18, 100, 45, 40, 66313, 4081, 0, 0.041, 0, 117
1773302588, 37, 4, 1225, 1180, 8, 12.74%, 0, 18, 6, 1.25, 18, 100, 46, 41, 68083, 4186, 0, 0.041, 0, 117
1773302615, 37, 937, 1225, 1180, 8, 12.74%, 0, 18, 6, 2.13, 18, 100, 46, 41, 68083, 4186, 0, 0.041, 0, 117
1773302803, 38, 927, 1226, 1180, 7, 12.75%, 0, 18, 6, 0.13, 18, 100, 47, 42, 69975, 4240, 0, 0.041, 0, 117
1773302882, 38, 927, 1227, 1181, 7, 12.76%, 0, 18, 6, 2.20, 18, 100, 47, 42, 69975, 4240, 0, 0.041, 0, 118
1773302940, 38, 927, 1228, 1182, 7, 12.76%, 0, 18, 6, 1.95, 18, 100, 47, 42, 69975, 4240, 0, 0.041, 0, 118
1773302972, 40, 20, 1228, 1182, 0, 12.76%, 0, 18, 6, 2.14, 18, 100, 47, 42, 69975, 4240, 0, 0.041, 0, 118
1773303079, 40, 20, 1228, 1182, 0, 12.76%, 0, 19, 6, 0.26, 18, 100, 47, 42, 69975, 4240, 0, 0.041, 0, 118
1773303327, 40, 20, 1229, 1183, 0, 12.76%, 0, 19, 6, 1.14, 18, 100, 47, 42, 69975, 4240, 0, 0.041, 0, 119
1773303366, 40, 987, 1229, 1182, 0, 12.76%, 0, 19, 6, 1.11, 18, 100, 47, 42, 69975, 4240, 0, 0.041, 0, 119
1773303422, 41, 30, 1229, 1181, 3, 12.76%, 0, 19, 6, 0.09, 18, 100, 48, 43, 71583, 4349, 0, 0.041, 0, 119
1773303468, 41, 30, 1230, 1182, 3, 12.76%, 0, 19, 6, 1.18, 18, 100, 48, 43, 71583, 4349, 0, 0.041, 0, 119
1773303609, 41, 30, 1231, 1183, 3, 12.76%, 0, 19, 6, 1.32, 18, 100, 48, 43, 71583, 4349, 0, 0.041, 0, 119
1773303624, 41, 30, 1232, 1184, 3, 12.76%, 0, 19, 6, 1.33, 18, 100, 48, 43, 71583, 4349, 0, 0.041, 0, 119
1773303663, 41, 30, 1233, 1185, 3, 12.76%, 0, 19, 6, 1.26, 18, 100, 48, 43, 71583, 4349, 0, 0.041, 0, 119
1773303685, 41, 30, 1234, 1186, 3, 12.76%, 0, 19, 6, 1.19, 18, 100, 48, 43, 71583, 4349, 0, 0.041, 0, 119
1773303753, 41, 30, 1235, 1187, 3, 12.76%, 0, 19, 6, 1.12, 18, 100, 48, 43, 71583, 4349, 0, 0.042, 0, 124
1773303791, 41, 30, 1236, 1188, 3, 12.76%, 0, 19, 6, 1.08, 18, 100, 48, 43, 71583, 4349, 0, 0.042, 0, 124
1773303863, 41, 30, 1237, 1189, 3, 12.76%, 0, 19, 6, 1.13, 18, 100, 48, 43, 71583, 4349, 0, 0.042, 0, 124
1773303883, 41, 30, 1238, 1190, 3, 12.76%, 0, 19, 6, 1.35, 18, 100, 48, 43, 71583, 4349, 0, 0.042, 0, 124
1773303905, 41, 30, 1239, 1191, 3, 12.76%, 0, 19, 6, 1.24, 18, 100, 48, 43, 71583, 4349, 0, 0.042, 0, 124
1773304023, 41, 30, 1240, 1192, 3, 12.76%, 0, 19, 6, 1.14, 18, 100, 48, 43, 71583, 4349, 0, 0.042, 0, 124
1773304103, 41, 30, 1241, 1193, 3, 12.76%, 0, 19, 6, 1.07, 18, 100, 48, 43, 71583, 4349, 0, 0.042, 0, 124
1773304148, 41, 30, 1242, 1194, 3, 12.76%, 0, 19, 6, 1.18, 18, 100, 48, 43, 71583, 4349, 0, 0.042, 0, 124
1773304331, 41, 30, 1242, 1194, 3, 12.76%, 0, 20, 6, 0.78, 18, 100, 48, 43, 71583, 4349, 0, 0.042, 0, 124
1773304418, 42, 934, 1242, 1193, 2, 12.76%, 0, 20, 6, 0.94, 18, 100, 48, 43, 71583, 4349, 0, 0.042, 0, 124
1773304488, 43, 60, 1242, 1193, 2, 12.76%, 0, 20, 6, 2.04, 18, 100, 48, 43, 71583, 4349, 0, 0.042, 0, 124
1773304588, 43, 60, 1242, 1193, 2, 12.76%, 0, 21, 6, 0.72, 18, 100, 48, 43, 71583, 4349, 0, 0.042, 0, 124
1773304596, 43, 60, 1242, 1193, 2, 12.76%, 0, 22, 6, 0.79, 18, 100, 48, 43, 71583, 4349, 0, 0.042, 0, 124
1773304684, 43, 60, 1243, 1194, 2, 12.76%, 0, 22, 6, 1.06, 18, 100, 48, 43, 71583, 4349, 0, 0.042, 0, 124
1773304795, 43, 60, 1244, 1195, 2, 12.76%, 0, 22, 6, 0.99, 18, 100, 48, 43, 71583, 4349, 0, 0.042, 0, 124
1773304818, 43, 60, 1245, 1196, 2, 12.76%, 0, 22, 6, 0.90, 18, 100, 48, 43, 71583, 4349, 0, 0.042, 0, 124
1773304930, 43, 1049, 1245, 1195, 13, 12.76%, 0, 22, 6, 0.15, 18, 100, 49, 44, 73034, 4404, 0, 0.042, 0, 124
1773304941, 43, 1049, 1246, 1196, 13, 12.76%, 0, 22, 6, 2.04, 18, 100, 49, 44, 73034, 4404, 0, 0.042, 0, 124
1773304989, 43, 1049, 1247, 1197, 13, 12.76%, 0, 22, 6, 1.87, 18, 100, 49, 44, 73034, 4404, 0, 0.042, 0, 124
1773305026, 43, 1049, 1248, 1198, 13, 12.77%, 0, 22, 6, 2.01, 18, 100, 49, 44, 73034, 4404, 0, 0.042, 0, 124
1773305047, 43, 1049, 1249, 1199, 13, 12.78%, 0, 22, 6, 1.93, 18, 100, 49, 44, 73034, 4404, 0, 0.042, 0, 124
1773305137, 43, 1049, 1250, 1200, 13, 12.78%, 0, 22, 6, 1.85, 18, 100, 49, 44, 73034, 4404, 0, 0.042, 0, 124
1773305205, 43, 1049, 1251, 1201, 13, 12.78%, 0, 22, 6, 1.93, 18, 100, 49, 44, 73034, 4404, 0, 0.042, 0, 124
1773305231, 43, 1049, 1252, 1202, 13, 12.79%, 0, 22, 6, 2.09, 18, 100, 49, 44, 73034, 4404, 0, 0.042, 0, 124
1773305310, 43, 1049, 1253, 1203, 13, 12.79%, 0, 22, 6, 2.07, 18, 100, 49, 44, 73034, 4404, 0, 0.042, 0, 124
1773305368, 43, 1049, 1254, 1204, 13, 12.79%, 0, 22, 6, 2.05, 18, 100, 49, 44, 73034, 4404, 0, 0.042, 0, 124
1773305513, 43, 1049, 1255, 1205, 13, 12.80%, 0, 22, 6, 2.23, 18, 100, 49, 44, 73034, 4404, 0, 0.042, 0, 124
1773305670, 43, 1049, 1256, 1206, 13, 12.80%, 0, 22, 6, 2.23, 18, 100, 49, 44, 73034, 4404, 0, 0.042, 0, 124
1773305690, 43, 1049, 1257, 1207, 13, 12.80%, 0, 22, 6, 2.07, 18, 100, 49, 44, 73034, 4404, 0, 0.042, 0, 124
1773305784, 45, 490, 1257, 1206, 0, 12.80%, 0, 22, 6, 2.50, 18, 100, 49, 44, 73034, 4404, 0, 0.042, 0, 124
1773305813, 46, 1156, 1257, 1205, 0, 12.80%, 0, 22, 6, 2.35, 18, 100, 49, 44, 73034, 4404, 0, 0.042, 0, 124
1773305959, 46, 1156, 1258, 1206, 0, 12.80%, 0, 22, 6, 2.36, 18, 101, 49, 44, 73034, 4404, 0, 0.042, 0, 124
1773305981, 46, 1156, 1259, 1207, 0, 12.80%, 0, 22, 6, 2.29, 18, 101, 49, 44, 73034, 4404, 0, 0.042, 0, 124
1773306009, 46, 1156, 1260, 1208, 0, 12.80%, 0, 22, 6, 2.29, 18, 101, 49, 44, 73034, 4404, 0, 0.042, 0, 124
1773306130, 47, 543, 1260, 1207, 6, 12.80%, 0, 22, 6, 0.18, 18, 101, 50, 45, 74747, 4477, 0, 0.042, 0, 125
1773306241, 47, 543, 1261, 1208, 6, 12.80%, 0, 22, 6, 0.86, 18, 101, 50, 45, 74747, 4477, 0, 0.042, 0, 125
1773306258, 47, 543, 1261, 1208, 6, 12.80%, 0, 23, 6, 0.72, 18, 101, 50, 45, 74747, 4477, 0, 0.042, 0, 125
1773306270, 47, 543, 1262, 1209, 6, 12.80%, 0, 23, 6, 0.67, 18, 101, 50, 45, 74747, 4477, 0, 0.042, 0, 125
1773306296, 47, 543, 1263, 1210, 6, 12.80%, 0, 23, 6, 0.58, 18, 101, 50, 45, 74747, 4477, 0, 0.042, 0, 125
1773306627, 47, 543, 1264, 1211, 6, 12.80%, 0, 23, 6, 0.95, 18, 101, 50, 45, 74747, 4477, 0, 0.042, 0, 125
1773306797, 47, 1162, 1264, 1210, 2, 12.80%, 0, 23, 6, 0.85, 18, 101, 51, 46, 76452, 4610, 0, 0.042, 0, 127
1773307057, 48, 4, 1264, 1209, 1, 12.80%, 0, 23, 6, 0.07, 18, 101, 52, 47, 78107, 4688, 0, 0.042, 0, 130
1773307089, 48, 4, 1265, 1210, 1, 12.80%, 0, 23, 6, 2.22, 18, 101, 52, 47, 78107, 4688, 0, 0.042, 0, 130
1773307201, 48, 4, 1265, 1210, 1, 12.80%, 0, 23, 6, 0.21, 18, 101, 53, 48, 79797, 4770, 0, 0.042, 0, 130
1773307584, 48, 4, 1265, 1210, 6, 12.80%, 0, 23, 6, 0.61, 18, 101, 54, 49, 81567, 4855, 0, 0.042, 0, 131
1773307601, 48, 521, 1265, 1210, 6, 12.80%, 0, 23, 6, 1.66, 18, 101, 54, 49, 81567, 4855, 0, 0.042, 0, 131
1773307826, 48, 521, 1265, 1209, 5, 12.80%, 0, 23, 6, 1.94, 18, 101, 54, 49, 81567, 4855, 0, 0.042, 0, 131
1773307842, 48, 543, 1265, 1209, 5, 12.80%, 0, 23, 6, 2.08, 18, 101, 54, 49, 81567, 4855, 0, 0.042, 0, 132
1773308034, 48, 543, 1266, 1210, 5, 12.80%, 0, 23, 6, 1.68, 18, 101, 54, 49, 81567, 4855, 0, 0.042, 0, 132
1773308072, 49, 6, 1266, 1210, 5, 12.80%, 0, 23, 6, 1.74, 18, 101, 54, 49, 81567, 4855, 0, 0.042, 0, 132
1773308123, 49, 6, 1267, 1211, 5, 12.81%, 0, 23, 6, 1.20, 18, 101, 54, 49, 81567, 4855, 0, 0.042, 0, 132
1773308433, 49, 927, 1267, 1211, 5, 12.81%, 0, 23, 6, 0.94, 18, 101, 55, 50, 83459, 4924, 0, 0.042, 0, 132
1773308525, 49, 927, 1268, 1212, 5, 12.81%, 0, 23, 6, 2.44, 18, 102, 55, 50, 83459, 4924, 0, 0.042, 0, 132
1773308530, 49, 927, 1269, 1213, 5, 12.81%, 0, 23, 6, 2.43, 18, 102, 55, 50, 83459, 4924, 0, 0.042, 0, 132
1773308568, 49, 927, 1270, 1214, 5, 12.81%, 0, 23, 6, 2.36, 18, 102, 55, 50, 83459, 4924, 0, 0.042, 0, 132
1773308632, 50, 485, 1270, 1214, 5, 12.81%, 0, 23, 6, 2.28, 18, 102, 56, 50, 83459, 4924, 0, 0.042, 0, 132
1773308658, 50, 485, 1271, 1215, 5, 12.81%, 0, 23, 6, 2.00, 18, 102, 56, 50, 83459, 4924, 0, 0.042, 0, 132
1773308733, 50, 485, 1272, 1216, 5, 12.81%, 0, 23, 6, 2.04, 18, 102, 56, 50, 83459, 4924, 0, 0.042, 0, 132
1773308757, 50, 485, 1273, 1217, 5, 12.81%, 0, 23, 6, 1.40, 18, 102, 56, 50, 83459, 4924, 0, 0.042, 0, 132
1773308908, 50, 1052, 1273, 1216, 4, 12.81%, 0, 23, 6, 1.87, 18, 102, 56, 50, 83459, 4924, 0, 0.042, 0, 132
1773309156, 50, 1052, 1274, 1217, 4, 12.81%, 0, 23, 6, 2.08, 18, 102, 56, 50, 83459, 4924, 0, 0.040, 0, 137
1773309216, 50, 1052, 1275, 1218, 4, 12.81%, 0, 23, 6, 2.17, 18, 102, 56, 50, 83459, 4924, 0, 0.040, 0, 137
1773309237, 50, 1052, 1276, 1219, 4, 12.81%, 0, 23, 6, 2.25, 18, 102, 56, 50, 83459, 4924, 0, 0.040, 0, 137
1773309259, 50, 1052, 1277, 1220, 4, 12.81%, 0, 23, 6, 2.11, 18, 102, 56, 50, 83459, 4924, 0, 0.040, 0, 137
1773309329, 50, 1145, 1277, 1219, 3, 12.81%, 0, 23, 6, 0.15, 18, 102, 57, 51, 85185, 4989, 0, 0.042, 0, 148
1773309386, 50, 1145, 1278, 1220, 3, 12.81%, 0, 23, 6, 2.38, 18, 102, 57, 51, 85185, 4989, 0, 0.042, 0, 148
1773309507, 50, 1145, 1279, 1221, 3, 12.81%, 0, 23, 6, 2.37, 18, 102, 57, 51, 85185, 4989, 0, 0.042, 0, 148
1773309606, 50, 1145, 1280, 1222, 3, 12.81%, 0, 23, 6, 2.35, 18, 102, 57, 51, 85185, 4989, 0, 0.042, 0, 151
1773309706, 51, 8, 1280, 1221, 5, 12.81%, 0, 23, 6, 0.16, 18, 102, 58, 52, 86811, 5128, 0, 0.042, 0, 151
1773309719, 51, 8, 1280, 1221, 5, 12.81%, 0, 24, 6, 0.33, 18, 102, 58, 52, 86811, 5128, 0, 0.042, 0, 151
1773309980, 51, 8, 1281, 1222, 5, 12.81%, 0, 24, 6, 0.72, 18, 102, 58, 52, 86811, 5128, 0, 0.042, 0, 153
1773310169, 53, 4, 1281, 1221, 7, 12.81%, 0, 24, 6, 0.12, 18, 102, 59, 53, 88581, 5217, 0, 0.042, 0, 153
1773310208, 53, 1164, 1281, 1221, 9, 12.81%, 0, 24, 6, 0.15, 18, 102, 60, 54, 90360, 5309, 0, 0.042, 0, 153
1773310244, 53, 1164, 1282, 1222, 9, 12.81%, 0, 24, 7, 2.12, 18, 102, 60, 54, 90360, 5309, 0, 0.042, 0, 153
1773310381, 53, 1164, 1283, 1223, 9, 12.81%, 0, 24, 7, 2.26, 18, 102, 60, 54, 90360, 5309, 0, 0.042, 0, 153
1773310412, 53, 1164, 1284, 1224, 9, 12.81%, 0, 24, 7, 2.14, 18, 102, 60, 54, 90360, 5309, 0, 0.042, 0, 153
1773310684, 53, 1164, 1285, 1225, 9, 12.81%, 0, 24, 7, 2.00, 18, 102, 60, 54, 90360, 5309, 0, 0.042, 0, 153
1773310711, 53, 1164, 1286, 1226, 9, 12.81%, 0, 24, 7, 1.99, 18, 102, 60, 54, 90360, 5309, 0, 0.042, 0, 153
1773310811, 53, 1164, 1287, 1227, 9, 12.81%, 0, 24, 7, 2.25, 18, 103, 60, 54, 90360, 5309, 0, 0.040, 0, 158
1773310849, 53, 1164, 1288, 1228, 9, 12.82%, 0, 24, 7, 2.26, 18, 103, 60, 54, 90360, 5309, 0, 0.040, 0, 158
1773310948, 53, 1164, 1289, 1229, 9, 12.82%, 0, 24, 7, 1.99, 18, 103, 60, 54, 90360, 5309, 0, 0.040, 0, 158
1773310990, 53, 1164, 1290, 1230, 9, 12.82%, 0, 24, 7, 2.13, 18, 103, 60, 54, 90360, 5309, 0, 0.040, 0, 158
1773311012, 54, 1022, 1290, 1229, 1, 12.82%, 0, 24, 7, 2.19, 18, 103, 60, 54, 90360, 5309, 0, 0.040, 0, 158
1773311119, 54, 1022, 1291, 1230, 1, 12.82%, 0, 24, 7, 1.91, 18, 103, 60, 54, 90360, 5309, 0, 0.040, 0, 158
1773311221, 54, 1022, 1292, 1231, 1, 12.82%, 0, 24, 7, 2.42, 18, 103, 60, 54, 90360, 5309, 0, 0.040, 0, 158
1773311261, 55, 33, 1292, 1230, 0, 12.82%, 0, 24, 7, 2.05, 18, 103, 60, 54, 90360, 5309, 0, 0.040, 0, 158
1773311416, 55, 1162, 1292, 1230, 3, 12.82%, 0, 24, 7, 0.12, 18, 103, 61, 55, 92026, 5401, 0, 0.040, 0, 159
1773311452, 55, 1162, 1293, 1231, 3, 12.82%, 0, 24, 7, 2.19, 18, 103, 61, 55, 92026, 5401, 0, 0.040, 0, 159
1773311520, 55, 1162, 1294, 1232, 3, 12.82%, 0, 24, 7, 2.24, 18, 103, 61, 55, 92026, 5401, 0, 0.040, 0, 159
1773311545, 55, 1162, 1295, 1233, 3, 12.82%, 0, 24, 7, 2.25, 18, 103, 61, 55, 92026, 5401, 0, 0.040, 0, 159
1773311969, 56, 1119, 1295, 1233, 2, 12.82%, 0, 24, 7, 2.24, 18, 103, 61, 55, 92026, 5401, 0, 0.040, 0, 159
1773312053, 56, 1119, 1296, 1234, 2, 12.82%, 0, 24, 7, 2.25, 18, 103, 61, 55, 92026, 5401, 0, 0.040, 0, 160
1773312147, 58, 1105, 1296, 1233, 1, 12.82%, 0, 24, 7, 2.06, 18, 103, 61, 55, 92026, 5401, 0, 0.040, 0, 160
1773312593, 59, 257, 1296, 1232, 0, 12.82%, 0, 24, 7, 1.47, 18, 103, 61, 55, 92026, 5401, 0, 0.040, 0, 162
1773312652, 59, 257, 1297, 1233, 0, 12.82%, 0, 24, 7, 1.63, 18, 103, 61, 55, 92026, 5401, 0, 0.040, 0, 162
1773312778, 59, 931, 1297, 1232, 0, 12.82%, 0, 24, 7, 0.18, 18, 103, 62, 56, 93600, 5474, 0, 0.040, 0, 162
1773312803, 59, 931, 1298, 1233, 0, 12.82%, 0, 24, 7, 2.51, 18, 103, 62, 56, 93600, 5474, 0, 0.040, 0, 162
1773312830, 59, 931, 1299, 1234, 0, 12.83%, 0, 24, 7, 2.41, 18, 103, 62, 56, 93600, 5474, 0, 0.040, 0, 162
1773312877, 59, 931, 1300, 1235, 0, 12.83%, 0, 24, 7, 2.48, 18, 103, 62, 56, 93600, 5474, 0, 0.040, 0, 162
1773313018, 59, 931, 1301, 1236, 0, 12.83%, 0, 24, 7, 2.50, 18, 103, 62, 56, 93600, 5474, 0, 0.040, 0, 163
1773313039, 59, 931, 1302, 1237, 0, 12.83%, 0, 24, 7, 2.47, 18, 103, 62, 56, 93600, 5474, 0, 0.040, 0, 163
1773313096, 59, 931, 1303, 1238, 0, 12.83%, 0, 24, 7, 2.48, 18, 103, 62, 56, 93600, 5474, 0, 0.040, 0, 163
1773313127, 59, 931, 1304, 1239, 0, 12.84%, 0, 24, 7, 2.39, 18, 103, 62, 56, 93600, 5474, 0, 0.040, 0, 163
1773313158, 59, 931, 1305, 1240, 0, 12.84%, 0, 24, 7, 2.35, 18, 103, 62, 56, 93600, 5474, 0, 0.040, 0, 164
1773313173, 59, 931, 1306, 1241, 0, 12.84%, 0, 24, 7, 2.38, 18, 103, 62, 56, 93600, 5474, 0, 0.040, 0, 164
1773313379, 59, 931, 1307, 1242, 0, 12.84%, 0, 24, 7, 2.29, 18, 103, 62, 56, 93600, 5474, 0, 0.040, 0, 171
1773313462, 61, 18, 1307, 1241, 0, 12.84%, 0, 24, 7, 0.12, 18, 103, 63, 57, 95266, 5535, 0, 0.040, 0, 171
1773313554, 61, 18, 1308, 1242, 0, 12.84%, 0, 24, 7, 0.61, 18, 103, 63, 57, 95266, 5535, 0, 0.040, 0, 171
1773313680, 61, 18, 1309, 1243, 0, 12.84%, 0, 24, 7, 1.15, 18, 103, 63, 57, 95266, 5535, 0, 0.040, 0, 171
1773313730, 61, 18, 1310, 1244, 0, 12.84%, 0, 24, 7, 1.69, 18, 103, 63, 57, 95266, 5535, 0, 0.040, 0, 171
1773313757, 61, 18, 1311, 1245, 0, 12.84%, 0, 24, 7, 1.19, 18, 103, 63, 57, 95266, 5535, 0, 0.040, 0, 171
1773313800, 61, 18, 1312, 1246, 0, 12.84%, 0, 24, 7, 1.14, 18, 103, 63, 57, 95266, 5535, 0, 0.040, 0, 171
1773313873, 61, 18, 1313, 1247, 0, 12.84%, 0, 24, 7, 1.29, 18, 103, 63, 57, 95266, 5535, 0, 0.040, 0, 171
1773313879, 61, 18, 1314, 1248, 0, 12.84%, 0, 24, 7, 1.46, 18, 103, 63, 57, 95266, 5535, 0, 0.040, 0, 171
1773313890, 61, 18, 1315, 1249, 0, 12.84%, 0, 24, 7, 1.59, 18, 103, 63, 57, 95266, 5535, 0, 0.040, 0, 171
1773313895, 61, 18, 1316, 1250, 0, 12.84%, 0, 24, 7, 1.63, 18, 103, 63, 57, 95266, 5535, 0, 0.040, 0, 171
1773313900, 61, 18, 1317, 1251, 0, 12.84%, 0, 24, 7, 1.64, 18, 103, 63, 57, 95266, 5535, 0, 0.040, 0, 171
1773313911, 61, 18, 1318, 1252, 0, 12.84%, 0, 24, 7, 1.67, 18, 103, 63, 57, 95266, 5535, 0, 0.040, 0, 171
1773313917, 61, 18, 1319, 1253, 0, 12.85%, 0, 24, 7, 1.66, 18, 103, 63, 57, 95266, 5535, 0, 0.040, 0, 171
1773313922, 61, 18, 1320, 1254, 0, 12.85%, 0, 24, 7, 1.67, 18, 103, 63, 57, 95266, 5535, 0, 0.040, 0, 171
1773313927, 61, 18, 1321, 1255, 0, 12.85%, 0, 24, 7, 1.70, 18, 103, 63, 57, 95266, 5535, 0, 0.040, 0, 171
1773313937, 61, 18, 1322, 1256, 0, 12.85%, 0, 24, 7, 1.72, 18, 103, 63, 57, 95266, 5535, 0, 0.040, 0, 171
1773313943, 61, 18, 1323, 1257, 0, 12.85%, 0, 24, 7, 1.73, 18, 103, 63, 57, 95266, 5535, 0, 0.040, 0, 171
1773313948, 61, 18, 1324, 1258, 0, 12.85%, 0, 24, 7, 1.72, 18, 103, 63, 57, 95266, 5535, 0, 0.040, 0, 171
1773313953, 61, 18, 1325, 1259, 0, 12.85%, 0, 24, 7, 1.72, 18, 103, 63, 57, 95266, 5535, 0, 0.040, 0, 171
1773313964, 61, 18, 1326, 1260, 0, 12.85%, 0, 24, 7, 1.68, 18, 103, 63, 57, 95266, 5535, 0, 0.040, 0, 171
1773313980, 61, 18, 1327, 1261, 0, 12.85%, 0, 24, 7, 1.66, 18, 103, 63, 57, 95266, 5535, 0, 0.040, 0, 171
1773313991, 61, 18, 1328, 1262, 0, 12.85%, 0, 24, 7, 1.64, 18, 103, 63, 57, 95266, 5535, 0, 0.040, 0, 171
1773313996, 61, 18, 1329, 1263, 0, 12.85%, 0, 24, 7, 1.63, 18, 103, 63, 57, 95266, 5535, 0, 0.040, 0, 171
1773314012, 61, 18, 1330, 1264, 0, 12.85%, 0, 24, 7, 1.62, 18, 103, 63, 57, 95266, 5535, 0, 0.040, 0, 171
1773314018, 61, 18, 1331, 1265, 0, 12.85%, 0, 24, 7, 1.64, 18, 103, 63, 57, 95266, 5535, 0, 0.040, 0, 171
1773314029, 61, 18, 1332, 1266, 0, 12.86%, 0, 24, 7, 1.67, 18, 103, 63, 57, 95266, 5535, 0, 0.040, 0, 171
1773314034, 61, 18, 1333, 1267, 0, 12.87%, 0, 24, 7, 1.67, 18, 103, 63, 57, 95266, 5535, 0, 0.040, 0, 171
1773314055, 61, 18, 1334, 1268, 0, 12.87%, 0, 24, 7, 1.64, 18, 103, 63, 57, 95266, 5535, 0, 0.040, 0, 171
1773314071, 61, 18, 1335, 1269, 0, 12.87%, 0, 24, 7, 1.65, 18, 103, 63, 57, 95266, 5535, 0, 0.040, 0, 171
1773314077, 61, 18, 1336, 1270, 0, 12.87%, 0, 24, 7, 1.66, 18, 103, 63, 57, 95266, 5535, 0, 0.040, 0, 171
1773314114, 61, 18, 1337, 1271, 0, 12.87%, 0, 24, 7, 1.58, 18, 103, 63, 57, 95266, 5535, 0, 0.040, 0, 171
1773314168, 61, 18, 1338, 1272, 0, 12.87%, 0, 24, 7, 1.69, 18, 103, 63, 57, 95266, 5535, 0, 0.040, 0, 171
1773314200, 61, 18, 1339, 1273, 0, 12.87%, 0, 24, 7, 1.69, 18, 103, 63, 57, 95266, 5535, 0, 0.040, 0, 171
1773314242, 61, 18, 1340, 1274, 0, 12.87%, 0, 24, 7, 1.72, 18, 103, 63, 57, 95266, 5535, 0, 0.040, 0, 171
1773314280, 61, 18, 1341, 1275, 0, 12.87%, 0, 24, 7, 1.64, 18, 103, 63, 57, 95266, 5535, 0, 0.040, 0, 171
1773314348, 61, 826, 1341, 1275, 3, 12.87%, 0, 24, 7, 0.09, 18, 103, 64, 58, 96907, 5605, 0, 0.040, 0, 171
1773314405, 61, 826, 1342, 1276, 3, 12.87%, 0, 24, 7, 0.57, 18, 104, 64, 58, 96907, 5605, 0, 0.040, 0, 171
1773314430, 61, 826, 1343, 1277, 3, 12.87%, 0, 24, 7, 0.82, 18, 104, 64, 58, 96907, 5605, 0, 0.040, 0, 171
1773314594, 61, 826, 1344, 1278, 3, 12.87%, 0, 24, 7, 1.51, 18, 104, 64, 58, 96907, 5605, 0, 0.040, 0, 171
1773314790, 61, 1167, 1344, 1277, 1, 12.87%, 0, 24, 7, 1.20, 18, 104, 64, 58, 96907, 5605, 0, 0.040, 0, 172
1773315046, 62, 33, 1344, 1276, 0, 12.87%, 0, 24, 7, 2.31, 18, 104, 64, 58, 96907, 5605, 0, 0.040, 0, 176
1773315199, 62, 968, 1344, 1276, 0, 12.87%, 0, 24, 7, 1.76, 18, 104, 64, 58, 96907, 5605, 0, 0.040, 0, 176
1773315279, 62, 968, 1345, 1277, 0, 12.87%, 0, 24, 7, 2.17, 18, 104, 64, 58, 96907, 5605, 0, 0.040, 0, 176
1773315370, 62, 968, 1346, 1278, 0, 12.87%, 0, 24, 7, 1.82, 18, 104, 64, 58, 96907, 5605, 0, 0.040, 0, 176
1773315381, 62, 968, 1347, 1279, 0, 12.87%, 0, 24, 7, 1.76, 18, 104, 64, 58, 96907, 5605, 0, 0.040, 0, 176
1773315413, 62, 968, 1348, 1280, 0, 12.87%, 0, 24, 7, 1.59, 18, 104, 64, 58, 96907, 5605, 0, 0.040, 0, 176
1773315419, 62, 968, 1349, 1281, 0, 12.87%, 0, 24, 7, 1.55, 18, 104, 64, 58, 96907, 5605, 0, 0.040, 0, 176
1773315467, 62, 968, 1350, 1282, 0, 12.87%, 0, 24, 7, 1.70, 18, 104, 64, 58, 96907, 5605, 0, 0.040, 0, 176
1773315516, 62, 968, 1351, 1283, 0, 12.87%, 0, 24, 7, 1.58, 18, 104, 64, 58, 96907, 5605, 0, 0.040, 0, 176
1773315543, 63, 4, 1351, 1282, 5, 12.87%, 0, 24, 7, 1.84, 18, 104, 64, 58, 96907, 5605, 0, 0.040, 0, 176
1773315716, 63, 4, 1352, 1283, 5, 12.87%, 0, 24, 7, 1.05, 18, 104, 64, 58, 96907, 5605, 0, 0.040, 0, 181
1773315828, 63, 4, 1353, 1284, 5, 12.87%, 0, 24, 7, 0.89, 18, 104, 64, 58, 96907, 5605, 0, 0.040, 0, 181
1773315897, 63, 6, 1353, 1284, 5, 12.87%, 0, 24, 7, 1.29, 18, 104, 64, 58, 96907, 5605, 0, 0.040, 0, 181
1773316200, 63, 8, 1353, 1284, 5, 12.87%, 0, 24, 7, 1.24, 18, 104, 64, 58, 96907, 5605, 0, 0.040, 0, 183
1773316488, 63, 967, 1353, 1284, 5, 12.87%, 0, 24, 7, 1.46, 18, 104, 64, 58, 96907, 5605, 0, 0.040, 0, 183
1773316530, 64, 937, 1353, 1283, 4, 12.87%, 0, 24, 7, 2.28, 18, 104, 64, 58, 96907, 5605, 0, 0.040, 0, 183
1773316657, 65, 922, 1353, 1283, 4, 12.87%, 0, 24, 7, 2.15, 18, 104, 64, 58, 96907, 5605, 0, 0.040, 0, 184
1773316903, 65, 1053, 1353, 1283, 4, 12.87%, 0, 24, 7, 1.68, 18, 104, 64, 58, 96907, 5605, 0, 0.040, 0, 184
1773317025, 65, 1053, 1354, 1284, 4, 12.87%, 0, 24, 7, 2.14, 18, 104, 64, 58, 96907, 5605, 0, 0.040, 0, 185
1773317046, 65, 1053, 1355, 1285, 4, 12.87%, 0, 24, 7, 2.48, 18, 104, 64, 58, 96907, 5605, 0, 0.040, 0, 185
1773317173, 65, 1053, 1356, 1286, 4, 12.88%, 0, 24, 7, 2.35, 18, 104, 64, 58, 96907, 5605, 0, 0.040, 0, 188
1773317247, 65, 1114, 1356, 1285, 7, 12.88%, 0, 24, 7, 2.13, 18, 104, 64, 58, 96907, 5605, 0, 0.040, 0, 188
1773317309, 65, 1114, 1357, 1286, 7, 12.88%, 0, 24, 7, 2.51, 18, 104, 64, 58, 96907, 5605, 0, 0.040, 0, 188
1773317419, 66, 6, 1357, 1285, 6, 12.88%, 0, 24, 7, 2.58, 18, 104, 64, 58, 96907, 5605, 0, 0.040, 0, 189
1773317450, 66, 6, 1358, 1286, 6, 12.88%, 0, 24, 7, 1.92, 18, 104, 64, 58, 96907, 5605, 0, 0.040, 0, 189
1773317573, 67, 934, 1358, 1286, 1, 12.88%, 0, 24, 7, 2.31, 18, 104, 64, 58, 96907, 5605, 0, 0.040, 0, 189
1773317778, 68, 10, 1358, 1286, 1, 12.88%, 0, 24, 7, 1.76, 18, 104, 64, 58, 96907, 5605, 0, 0.040, 0, 190
1773317901, 68, 10, 1359, 1287, 1, 12.88%, 0, 24, 7, 0.86, 18, 104, 64, 58, 96907, 5605, 0, 0.040, 0, 190
1773318092, 68, 10, 1359, 1287, 1, 12.88%, 0, 25, 7, 0.81, 18, 104, 64, 58, 96907, 5605, 0, 0.040, 0, 190
1773318142, 69, 977, 1359, 1286, 0, 12.88%, 0, 25, 7, 1.10, 18, 104, 64, 58, 96907, 5605, 0, 0.040, 0, 190
1773318307, 69, 977, 1360, 1287, 0, 12.88%, 0, 25, 7, 0.28, 18, 104, 64, 58, 96907, 5605, 0, 0.040, 0, 191
1773318516, 70, 1030, 1360, 1286, 1, 12.88%, 0, 25, 7, 1.98, 18, 104, 64, 58, 96907, 5605, 0, 0.040, 0, 191
1773318677, 70, 1030, 1360, 1286, 1, 12.88%, 0, 26, 7, 0.20, 18, 104, 64, 58, 96907, 5605, 0, 0.040, 0, 191
1773318886, 70, 1131, 1360, 1285, 1, 12.88%, 0, 26, 7, 1.89, 18, 104, 64, 58, 96907, 5605, 0, 0.040, 0, 193
1773318907, 70, 1131, 1361, 1286, 1, 12.88%, 0, 26, 7, 2.34, 18, 104, 64, 58, 96907, 5605, 0, 0.040, 0, 193
1773318997, 71, 1175, 1361, 1285, 0, 12.88%, 0, 26, 7, 2.23, 18, 104, 64, 58, 96907, 5605, 0, 0.040, 0, 193
1773319076, 71, 1175, 1362, 1286, 0, 12.88%, 0, 26, 7, 1.97, 18, 104, 64, 58, 96907, 5605, 0, 0.040, 0, 193
1773319129, 74, 1102, 1362, 1285, 0, 12.88%, 0, 26, 7, 2.08, 18, 104, 64, 58, 96907, 5605, 0, 0.040, 0, 193
1773319165, 74, 1102, 1363, 1286, 0, 12.88%, 0, 26, 7, 2.22, 18, 104, 64, 58, 96907, 5605, 0, 0.040, 0, 193
1773319276, 74, 1102, 1364, 1287, 0, 12.89%, 0, 26, 7, 2.37, 18, 104, 64, 58, 96907, 5605, 0, 0.040, 0, 193
1773319423, 74, 1102, 1365, 1288, 0, 12.89%, 0, 26, 7, 2.19, 18, 104, 64, 58, 96907, 5605, 0, 0.040, 0, 193
1773319534, 74, 1102, 1366, 1289, 0, 12.89%, 0, 26, 7, 2.01, 18, 104, 64, 58, 96907, 5605, 0, 0.040, 0, 193
1773319597, 74, 1102, 1367, 1290, 0, 12.89%, 0, 26, 7, 2.50, 18, 104, 64, 58, 96907, 5605, 0, 0.040, 0, 193
1773319655, 74, 1102, 1367, 1290, 0, 12.89%, 0, 27, 7, 0.30, 18, 104, 64, 58, 96907, 5605, 0, 0.040, 0, 193
1773319662, 74, 1102, 1368, 1291, 0, 12.89%, 0, 27, 7, 0.30, 18, 104, 64, 58, 96907, 5605, 0, 0.040, 0, 193
1773319703, 74, 1102, 1368, 1291, 0, 12.89%, 0, 28, 7, 0.31, 18, 104, 64, 58, 96907, 5605, 0, 0.040, 0, 193
1773319882, 74, 1244, 1369, 1291, 6, 12.89%, 0, 28, 7, 2.12, 18, 104, 64, 58, 96907, 5605, 0, 0.040, 0, 193
1773320019, 75, 922, 1369, 1290, 6, 12.89%, 0, 28, 7, 2.05, 18, 104, 64, 58, 96907, 5605, 0, 0.039, 0, 199
1773320231, 75, 1335, 1369, 1290, 6, 12.89%, 0, 28, 7, 2.10, 18, 104, 64, 58, 96907, 5605, 0, 0.039, 0, 199
1773320293, 76, 1258, 1369, 1289, 5, 12.89%, 0, 28, 7, 2.21, 18, 104, 64, 58, 96907, 5605, 0, 0.039, 0, 199
1773320380, 77, 1164, 1369, 1288, 4, 12.89%, 0, 28, 7, 2.34, 18, 104, 64, 58, 96907, 5605, 0, 0.039, 0, 200
1773320421, 77, 1164, 1370, 1289, 4, 12.89%, 0, 28, 7, 2.46, 18, 104, 64, 58, 96907, 5605, 0, 0.039, 0, 200
1773320603, 77, 1164, 1371, 1290, 4, 12.89%, 0, 28, 7, 2.28, 18, 104, 64, 58, 96907, 5605, 0, 0.039, 0, 201
1773320634, 77, 1164, 1372, 1291, 4, 12.89%, 0, 28, 7, 2.07, 18, 104, 64, 58, 96907, 5605, 0, 0.039, 0, 201
1773320776, 77, 1164, 1373, 1292, 4, 12.89%, 0, 28, 7, 2.32, 18, 104, 64, 58, 96907, 5605, 0, 0.039, 0, 202
1773320797, 77, 1164, 1374, 1293, 4, 12.89%, 0, 28, 7, 2.47, 18, 104, 64, 58, 96907, 5605, 0, 0.039, 0, 202
1773320818, 77, 1164, 1375, 1294, 4, 12.89%, 0, 28, 7, 2.46, 18, 104, 64, 58, 96907, 5605, 0, 0.039, 0, 202
1773320859, 78, 938, 1375, 1294, 0, 12.89%, 0, 28, 7, 2.06, 18, 104, 64, 58, 96907, 5605, 0, 0.039, 0, 202
1773321227, 78, 938, 1376, 1295, 0, 12.90%, 0, 28, 7, 2.35, 18, 104, 64, 58, 96907, 5605, 0, 0.039, 0, 207
1773321286, 78, 947, 1376, 1294, 0, 12.90%, 0, 28, 7, 2.01, 18, 104, 64, 58, 96907, 5605, 0, 0.039, 0, 207
1773321318, 78, 947, 1377, 1295, 0, 12.90%, 0, 28, 7, 2.14, 18, 104, 64, 58, 96907, 5605, 0, 0.039, 0, 207
1773321445, 78, 947, 1378, 1296, 0, 12.90%, 0, 28, 7, 2.22, 18, 104, 64, 58, 96907, 5605, 0, 0.039, 0, 207
1773321467, 78, 947, 1379, 1297, 0, 12.90%, 0, 28, 7, 2.34, 18, 104, 64, 58, 96907, 5605, 0, 0.039, 0, 207
1773321495, 79, 12, 1379, 1297, 4, 12.90%, 0, 28, 7, 2.02, 18, 104, 64, 58, 96907, 5605, 0, 0.039, 0, 207
1773321810, 79, 1174, 1379, 1297, 4, 12.90%, 0, 28, 7, 0.89, 18, 104, 64, 58, 96907, 5605, 0, 0.039, 0, 207
1773321981, 79, 1174, 1380, 1298, 4, 12.91%, 0, 28, 7, 2.10, 18, 105, 64, 58, 96907, 5605, 0, 0.039, 0, 207
1773321986, 79, 1174, 1381, 1299, 4, 12.91%, 0, 28, 7, 1.91, 18, 105, 64, 58, 96907, 5605, 0, 0.039, 0, 207
1773322028, 79, 1174, 1382, 1300, 4, 12.91%, 0, 28, 7, 2.23, 18, 105, 64, 58, 96907, 5605, 0, 0.039, 0, 207
1773322049, 80, 1175, 1382, 1299, 0, 12.91%, 0, 28, 7, 2.16, 18, 105, 64, 58, 96907, 5605, 0, 0.039, 0, 207
1773322287, 81, 960, 1382, 1299, 0, 12.91%, 0, 28, 7, 2.13, 18, 105, 64, 58, 96907, 5605, 0, 0.037, 0, 212
1773322429, 81, 960, 1383, 1300, 0, 12.91%, 0, 28, 7, 1.80, 18, 105, 64, 58, 96907, 5605, 0, 0.037, 0, 213
1773322561, 82, 954, 1383, 1299, 0, 12.91%, 0, 28, 7, 2.13, 18, 105, 64, 58, 96907, 5605, 0, 0.037, 0, 213
1773322651, 82, 954, 1384, 1300, 0, 12.91%, 0, 28, 7, 2.23, 18, 105, 64, 58, 96907, 5605, 0, 0.037, 0, 213
1773322661, 82, 954, 1385, 1301, 0, 12.91%, 0, 28, 7, 2.34, 18, 105, 64, 58, 96907, 5605, 0, 0.037, 0, 213
1773322671, 82, 954, 1386, 1302, 0, 12.91%, 0, 28, 7, 2.36, 18, 105, 64, 58, 96907, 5605, 0, 0.037, 0, 213
1773322739, 82, 954, 1387, 1303, 0, 12.91%, 0, 28, 7, 2.31, 18, 105, 64, 58, 96907, 5605, 0, 0.037, 0, 213
1773322744, 82, 954, 1388, 1304, 0, 12.91%, 0, 28, 7, 2.15, 18, 105, 64, 58, 96907, 5605, 0, 0.037, 0, 213
1773322760, 82, 954, 1389, 1305, 0, 12.91%, 0, 28, 7, 1.79, 18, 105, 64, 58, 96907, 5605, 0, 0.037, 0, 213
1773322781, 82, 954, 1390, 1306, 0, 12.91%, 0, 28, 7, 1.72, 18, 105, 64, 58, 96907, 5605, 0, 0.037, 0, 213
1773322803, 82, 954, 1391, 1307, 0, 12.91%, 0, 28, 7, 1.71, 18, 105, 64, 58, 96907, 5605, 0, 0.037, 0, 213
1773322824, 82, 954, 1392, 1308, 0, 12.91%, 0, 28, 7, 1.75, 18, 105, 64, 58, 96907, 5605, 0, 0.037, 0, 213
1773322835, 82, 954, 1393, 1309, 0, 12.91%, 0, 28, 7, 1.72, 18, 105, 64, 58, 96907, 5605, 0, 0.037, 0, 213
1773322851, 82, 954, 1394, 1310, 0, 12.91%, 0, 28, 7, 1.74, 18, 105, 64, 58, 96907, 5605, 0, 0.037, 0, 213
1773322903, 82, 954, 1395, 1311, 0, 12.91%, 0, 28, 7, 2.23, 18, 105, 64, 58, 96907, 5605, 0, 0.038, 0, 214
1773322923, 83, 1354, 1395, 1310, 9, 12.91%, 0, 28, 7, 2.28, 18, 105, 64, 58, 96907, 5605, 0, 0.038, 0, 214
1773323075, 83, 1354, 1396, 1311, 9, 12.91%, 0, 28, 7, 2.28, 18, 105, 64, 58, 96907, 5605, 0, 0.038, 0, 214
1773323196, 84, 19, 1396, 1310, 8, 12.91%, 0, 28, 7, 1.89, 18, 105, 64, 58, 96907, 5605, 0, 0.038, 0, 214
1773323275, 84, 19, 1396, 1310, 8, 12.91%, 0, 29, 7, 0.89, 18, 105, 64, 58, 96907, 5605, 0, 0.038, 0, 214
1773323542, 84, 257, 1396, 1310, 8, 12.91%, 0, 29, 7, 0.89, 18, 105, 64, 58, 96907, 5605, 0, 0.038, 0, 214
1773323726, 84, 1199, 1396, 1310, 8, 12.91%, 0, 29, 7, 1.48, 18, 105, 64, 58, 96907, 5605, 0, 0.037, 0, 215
1773323873, 84, 1199, 1397, 1311, 8, 12.91%, 0, 29, 7, 1.99, 18, 105, 64, 58, 96907, 5605, 0, 0.037, 0, 215
1773323932, 84, 1199, 1398, 1312, 8, 12.91%, 0, 29, 7, 1.55, 18, 105, 64, 58, 96907, 5605, 0, 0.037, 0, 215
1773324044, 84, 1355, 1398, 1311, 6, 12.91%, 0, 29, 7, 1.94, 18, 105, 64, 58, 96907, 5605, 0, 0.037, 0, 215
1773324138, 85, 967, 1398, 1310, 5, 12.91%, 0, 29, 7, 2.41, 18, 105, 64, 58, 96907, 5605, 0, 0.037, 0, 215
1773324234, 85, 967, 1399, 1311, 5, 12.91%, 0, 29, 7, 2.33, 18, 105, 64, 58, 96907, 5605, 0, 0.037, 0, 215
1773324313, 85, 1167, 1399, 1311, 6, 12.91%, 0, 29, 7, 2.01, 18, 105, 64, 58, 96907, 5605, 0, 0.038, 0, 216
1773324329, 85, 1167, 1400, 1312, 6, 12.92%, 0, 29, 7, 2.40, 18, 105, 64, 58, 96907, 5605, 0, 0.038, 0, 216
1773324391, 85, 1167, 1401, 1313, 6, 12.92%, 0, 29, 7, 2.42, 18, 105, 64, 58, 96907, 5605, 0, 0.038, 0, 216
1773324465, 85, 1167, 1402, 1314, 6, 12.92%, 0, 29, 7, 2.38, 18, 105, 64, 58, 96907, 5605, 0, 0.038, 0, 216
1773324517, 85, 1167, 1403, 1315, 6, 12.92%, 0, 29, 7, 2.43, 18, 105, 64, 58, 96907, 5605, 0, 0.038, 0, 216
1773324553, 85, 1167, 1404, 1316, 6, 12.92%, 0, 29, 7, 2.41, 18, 105, 64, 58, 96907, 5605, 0, 0.038, 0, 216
1773324793, 85, 1167, 1405, 1317, 6, 12.92%, 0, 29, 7, 2.15, 18, 105, 64, 58, 96907, 5605, 0, 0.038, 0, 217
1773324942, 86, 1101, 1405, 1317, 0, 12.92%, 0, 29, 7, 2.14, 18, 105, 64, 58, 96907, 5605, 0, 0.038, 0, 218
1773325099, 86, 1101, 1406, 1318, 0, 12.92%, 0, 29, 7, 2.31, 18, 105, 64, 58, 96907, 5605, 0, 0.038, 0, 218
1773325199, 86, 1395, 1406, 1317, 0, 12.92%, 0, 29, 7, 2.42, 18, 105, 64, 58, 96907, 5605, 0, 0.038, 0, 219
1773325443, 87, 1305, 1406, 1316, 0, 12.92%, 0, 29, 7, 2.39, 18, 105, 64, 58, 96907, 5605, 0, 0.037, 0, 225
1773325453, 87, 1305, 1407, 1317, 0, 12.92%, 0, 29, 7, 2.41, 18, 105, 64, 58, 96907, 5605, 0, 0.037, 0, 225
1773325650, 88, 1017, 1407, 1316, 0, 12.92%, 0, 29, 7, 2.15, 18, 105, 64, 58, 96907, 5605, 0, 0.037, 0, 226
1773325849, 88, 1017, 1408, 1317, 0, 12.92%, 0, 29, 7, 2.10, 18, 105, 64, 58, 96907, 5605, 0, 0.038, 0, 228
1773325951, 89, 1, 1408, 1316, 5, 12.92%, 0, 29, 7, 2.16, 18, 105, 64, 58, 96907, 5605, 0, 0.038, 0, 228
1773325988, 89, 1, 1409, 1317, 5, 12.92%, 0, 29, 7, 2.45, 18, 105, 64, 58, 96907, 5605, 0, 0.038, 0, 228
1773326003, 89, 990, 1409, 1316, 4, 12.92%, 0, 29, 7, 2.37, 18, 105, 64, 58, 96907, 5605, 0, 0.038, 0, 229
1773326158, 89, 1293, 1409, 1315, 4, 12.92%, 0, 29, 7, 2.05, 18, 105, 64, 58, 96907, 5605, 0, 0.038, 0, 229
1773326400, 89, 1293, 1410, 1316, 4, 12.92%, 0, 29, 7, 2.32, 18, 105, 64, 58, 96907, 5605, 0, 0.038, 0, 229
1773326411, 89, 1293, 1411, 1317, 4, 12.92%, 0, 29, 7, 2.30, 18, 105, 64, 58, 96907, 5605, 0, 0.038, 0, 229
1773326474, 90, 25, 1411, 1316, 4, 12.92%, 0, 29, 7, 1.76, 18, 105, 64, 58, 96907, 5605, 0, 0.038, 0, 229
1773326636, 90, 25, 1412, 1317, 4, 12.92%, 0, 29, 7, 0.94, 18, 105, 64, 58, 96907, 5605, 0, 0.038, 0, 229
1773326714, 90, 25, 1412, 1317, 4, 12.92%, 0, 30, 7, 0.82, 18, 105, 64, 58, 96907, 5605, 0, 0.038, 0, 229
1773326724, 90, 25, 1412, 1317, 4, 12.92%, 0, 31, 7, 0.85, 18, 105, 64, 58, 96907, 5605, 0, 0.038, 0, 229
1773326840, 90, 1114, 1412, 1317, 4, 12.92%, 0, 31, 7, 1.77, 18, 105, 64, 58, 96907, 5605, 0, 0.038, 0, 229
1773326981, 92, 7, 1412, 1317, 4, 12.92%, 0, 31, 7, 2.36, 18, 105, 64, 58, 96907, 5605, 0, 0.038, 0, 229
1773327112, 93, 2, 1412, 1316, 3, 12.92%, 0, 31, 7, 2.08, 18, 105, 64, 58, 96907, 5605, 0, 0.038, 0, 229
1773327128, 93, 3, 1412, 1315, 2, 12.92%, 0, 31, 7, 2.42, 18, 105, 64, 58, 96907, 5605, 0, 0.038, 0, 229
1773327154, 93, 27, 1412, 1315, 2, 12.92%, 0, 31, 7, 2.18, 18, 105, 64, 58, 96907, 5605, 0, 0.038, 0, 229
1773327416, 93, 27, 1413, 1316, 2, 12.92%, 0, 31, 7, 0.69, 18, 105, 64, 58, 96907, 5605, 0, 0.038, 0, 229
1773327509, 93, 27, 1413, 1316, 2, 12.92%, 0, 32, 7, 0.34, 18, 105, 64, 58, 96907, 5605, 0, 0.038, 0, 229
1773327567, 93, 27, 1413, 1316, 2, 12.92%, 0, 33, 7, 0.32, 18, 105, 64, 58, 96907, 5605, 0, 0.038, 0, 229
1773327690, 93, 1370, 1413, 1316, 2, 12.92%, 0, 33, 7, 0.88, 18, 105, 64, 58, 96907, 5605, 0, 0.038, 0, 229
1773327799, 94, 1119, 1413, 1315, 1, 12.92%, 0, 33, 7, 2.36, 18, 105, 64, 58, 96907, 5605, 0, 0.038, 0, 230
1773327970, 94, 1137, 1413, 1315, 1, 12.92%, 0, 33, 7, 2.21, 18, 105, 64, 58, 96907, 5605, 0, 0.038, 0, 230
1773328064, 94, 1225, 1413, 1314, 1, 12.92%, 0, 33, 7, 2.15, 18, 105, 64, 58, 96907, 5605, 0, 0.038, 0, 230
1773328215, 94, 1225, 1414, 1315, 1, 12.92%, 0, 33, 7, 2.02, 18, 105, 64, 58, 96907, 5605, 0, 0.038, 0, 230
1773328389, 95, 4, 1414, 1314, 4, 12.92%, 0, 33, 7, 2.12, 18, 105, 64, 58, 96907, 5605, 0, 0.038, 0, 231
1773328404, 95, 1405, 1414, 1314, 4, 12.92%, 0, 33, 7, 2.33, 18, 105, 64, 58, 96907, 5605, 0, 0.038, 0, 231
1773328520, 95, 1405, 1415, 1315, 4, 12.93%, 0, 33, 7, 2.41, 18, 105, 64, 58, 96907, 5605, 0, 0.038, 0, 231
1773328550, 95, 1405, 1416, 1316, 4, 12.93%, 0, 33, 7, 2.38, 18, 105, 64, 58, 96907, 5605, 0, 0.038, 0, 232
1773328587, 97, 767, 1416, 1315, 3, 12.93%, 0, 33, 7, 2.19, 18, 105, 64, 58, 96907, 5605, 0, 0.038, 0, 232
1773328816, 98, 602, 1416, 1314, 3, 12.93%, 0, 33, 7, 1.36, 18, 105, 64, 58, 96907, 5605, 0, 0.038, 0, 232
1773329056, 98, 602, 1417, 1315, 3, 12.93%, 0, 33, 7, 0.94, 18, 105, 64, 58, 96907, 5605, 0, 0.038, 0, 232
1773329204, 98, 922, 1417, 1314, 6, 12.93%, 0, 33, 7, 1.06, 18, 105, 64, 58, 96907, 5605, 0, 0.038, 0, 232
1773329431, 99, 298, 1417, 1314, 6, 12.93%, 0, 33, 7, 1.99, 18, 105, 64, 58, 96907, 5605, 0, 0.038, 0, 232
1773329521, 99, 298, 1418, 1315, 6, 12.95%, 0, 33, 7, 1.81, 18, 105, 64, 58, 96907, 5605, 0, 0.038, 0, 232
1773329602, 100, 934, 1418, 1314, 9, 12.95%, 0, 33, 7, 1.57, 18, 105, 64, 58, 96907, 5605, 0, 0.038, 0, 232
1773329721, 100, 934, 1419, 1315, 9, 12.95%, 0, 33, 7, 0.87, 18, 105, 64, 58, 96907, 5605, 0, 0.038, 0, 232
1773329997, 100, 1410, 1419, 1315, 1, 12.95%, 0, 33, 7, 1.44, 18, 105, 64, 58, 96907, 5605, 0, 0.038, 0, 234
1773330118, 101, 1261, 1419, 1314, 0, 12.95%, 0, 33, 7, 0.39, 18, 105, 64, 58, 96907, 5605, 0, 0.038, 0, 234
1773330362, 101, 1261, 1420, 1315, 0, 12.95%, 0, 33, 7, 2.49, 18, 105, 64, 58, 96907, 5605, 0, 0.038, 0, 234
1773330507, 101, 1404, 1420, 1314, 0, 12.95%, 0, 33, 7, 1.57, 18, 105, 64, 58, 96907, 5605, 0, 0.038, 0, 234
1773330612, 101, 1404, 1421, 1315, 0, 12.95%, 0, 33, 8, 2.40, 18, 105, 64, 58, 96907, 5605, 0, 0.038, 0, 234
1773330706, 101, 1404, 1422, 1316, 0, 12.95%, 0, 33, 8, 2.22, 18, 105, 64, 58, 96907, 5605, 0, 0.038, 0, 234
1773330743, 101, 1404, 1423, 1317, 0, 12.95%, 0, 33, 8, 2.30, 18, 105, 64, 58, 96907, 5605, 0, 0.038, 0, 234
1773330795, 101, 1404, 1424, 1318, 0, 12.96%, 0, 33, 8, 2.41, 18, 105, 64, 58, 96907, 5605, 0, 0.038, 0, 234
1773330821, 101, 1404, 1425, 1319, 0, 12.96%, 0, 33, 8, 2.18, 18, 105, 64, 58, 96907, 5605, 0, 0.038, 0, 234
1773330930, 104, 15, 1425, 1318, 0, 12.96%, 0, 33, 8, 2.10, 18, 105, 64, 58, 96907, 5605, 0, 0.038, 0, 236
1773330957, 105, 20, 1425, 1317, 0, 12.96%, 0, 33, 8, 2.26, 18, 105, 64, 58, 96907, 5605, 0, 0.038, 0, 236
1773330998, 106, 646, 1425, 1317, 0, 12.96%, 0, 33, 8, 2.07, 18, 105, 64, 58, 96907, 5605, 0, 0.038, 0, 236
1773331292, 106, 646, 1426, 1318, 0, 12.96%, 0, 33, 8, 0.95, 18, 105, 64, 58, 96907, 5605, 0, 0.038, 0, 236
1773331396, 106, 934, 1426, 1317, 0, 12.96%, 0, 33, 8, 1.12, 18, 105, 64, 58, 96907, 5605, 0, 0.038, 0, 236
1773331511, 106, 934, 1427, 1318, 0, 12.96%, 0, 33, 8, 0.82, 18, 105, 64, 58, 96907, 5605, 0, 0.038, 0, 236
1773331749, 106, 934, 1428, 1319, 0, 12.96%, 0, 33, 8, 1.01, 18, 105, 64, 58, 96907, 5605, 0, 0.038, 0, 236
1773331795, 106, 1380, 1428, 1319, 2, 12.96%, 0, 33, 8, 1.14, 18, 105, 64, 58, 96907, 5605, 0, 0.038, 0, 236
1773332134, 107, 1226, 1429, 1319, 1, 12.96%, 0, 33, 8, 2.07, 18, 105, 64, 58, 96907, 5605, 0, 0.038, 0, 236
1773332390, 107, 1226, 1430, 1320, 1, 12.97%, 0, 33, 8, 1.89, 18, 105, 64, 58, 96907, 5605, 0, 0.038, 0, 236
1773332395, 107, 1226, 1431, 1321, 1, 12.97%, 0, 33, 8, 1.88, 18, 105, 64, 58, 96907, 5605, 0, 0.041, 0, 243
1773332400, 107, 1226, 1432, 1322, 1, 12.97%, 0, 33, 8, 1.84, 18, 106, 64, 58, 96907, 5605, 0, 0.041, 0, 243
1773332411, 107, 1226, 1433, 1323, 1, 12.97%, 0, 33, 8, 1.85, 18, 106, 64, 58, 96907, 5605, 0, 0.041, 0, 243
1773332416, 107, 1226, 1434, 1324, 1, 12.97%, 0, 33, 8, 1.81, 18, 106, 64, 58, 96907, 5605, 0, 0.041, 0, 243
1773332447, 107, 1226, 1435, 1325, 1, 12.97%, 0, 33, 8, 1.66, 18, 106, 64, 58, 96907, 5605, 0, 0.041, 0, 243
1773332458, 107, 1226, 1436, 1326, 1, 12.97%, 0, 33, 8, 1.43, 18, 106, 64, 58, 96907, 5605, 0, 0.041, 0, 243
1773332469, 107, 1226, 1437, 1327, 1, 12.97%, 0, 33, 8, 1.52, 18, 106, 64, 58, 96907, 5605, 0, 0.041, 0, 243
1773332485, 107, 1226, 1438, 1328, 1, 12.97%, 0, 33, 8, 1.55, 18, 106, 64, 58, 96907, 5605, 0, 0.041, 0, 243
1773332496, 108, 21, 1438, 1327, 9, 12.97%, 0, 33, 8, 1.66, 18, 106, 64, 58, 96907, 5605, 0, 0.041, 0, 243
1773332522, 109, 23, 1438, 1326, 8, 12.97%, 0, 33, 8, 2.39, 18, 106, 64, 58, 96907, 5605, 0, 0.041, 0, 243
1773332543, 109, 24, 1438, 1325, 7, 12.97%, 0, 33, 8, 2.29, 18, 106, 64, 58, 96907, 5605, 0, 0.041, 0, 243
1773332569, 109, 25, 1438, 1325, 7, 12.97%, 0, 33, 8, 2.33, 18, 106, 64, 58, 96907, 5605, 0, 0.041, 0, 243
1773332585, 110, 692, 1438, 1325, 7, 12.97%, 0, 33, 8, 2.32, 18, 106, 64, 58, 96907, 5605, 0, 0.041, 0, 243
1773332590, 110, 692, 1439, 1326, 7, 12.97%, 0, 33, 8, 2.06, 18, 106, 64, 58, 96907, 5605, 0, 0.041, 0, 243
1773332596, 110, 692, 1440, 1327, 7, 12.97%, 0, 33, 8, 1.78, 18, 106, 64, 58, 96907, 5605, 0, 0.041, 0, 243
1773332634, 110, 692, 1441, 1328, 7, 12.97%, 0, 33, 8, 1.20, 18, 106, 64, 58, 96907, 5605, 0, 0.041, 0, 243
1773332883, 110, 692, 1442, 1329, 7, 12.97%, 0, 33, 8, 1.37, 18, 106, 64, 58, 96907, 5605, 0, 0.041, 0, 243
1773332982, 110, 692, 1443, 1330, 7, 12.97%, 0, 33, 8, 1.53, 18, 106, 64, 58, 96907, 5605, 0, 0.041, 0, 243
1773333101, 110, 692, 1444, 1331, 7, 12.97%, 0, 33, 8, 1.23, 18, 106, 64, 58, 96907, 5605, 0, 0.041, 0, 243
1773333358, 110, 692, 1444, 1331, 7, 12.97%, 0, 34, 8, 0.90, 18, 106, 64, 58, 96907, 5605, 0, 0.041, 0, 243
1773333383, 110, 692, 1444, 1331, 7, 12.97%, 0, 35, 8, 0.83, 18, 106, 64, 58, 96907, 5605, 0, 0.041, 0, 243
1773333391, 110, 692, 1444, 1331, 7, 12.97%, 0, 36, 8, 0.76, 18, 106, 64, 58, 96907, 5605, 0, 0.041, 0, 243
1773333588, 110, 1347, 1444, 1330, 18, 12.97%, 0, 36, 8, 0.87, 18, 106, 64, 58, 96907, 5605, 0, 0.041, 0, 243
1773333721, 110, 1347, 1445, 1331, 18, 12.97%, 0, 36, 8, 1.49, 18, 106, 64, 58, 96907, 5605, 0, 0.041, 0, 244
1773333737, 110, 1347, 1446, 1332, 18, 12.97%, 0, 36, 8, 1.67, 18, 106, 64, 58, 96907, 5605, 0, 0.041, 0, 244
1773333748, 110, 1347, 1447, 1333, 18, 12.97%, 0, 36, 8, 1.67, 18, 106, 64, 58, 96907, 5605, 0, 0.041, 0, 244
1773333769, 110, 1347, 1448, 1334, 18, 12.97%, 0, 36, 8, 1.62, 18, 106, 64, 58, 96907, 5605, 0, 0.041, 0, 244
1773333791, 110, 1347, 1449, 1335, 18, 12.97%, 0, 36, 8, 1.65, 18, 106, 64, 58, 96907, 5605, 0, 0.041, 0, 244
1773333834, 110, 1347, 1450, 1336, 18, 12.97%, 0, 36, 8, 1.51, 18, 106, 64, 58, 96907, 5605, 0, 0.041, 0, 244
1773333879, 110, 1347, 1451, 1337, 18, 12.97%, 0, 36, 8, 1.21, 18, 106, 64, 58, 96907, 5605, 0, 0.041, 0, 244
1773333999, 110, 1431, 1451, 1336, 5, 12.97%, 0, 36, 8, 1.40, 18, 106, 64, 58, 96907, 5605, 0, 0.041, 0, 244
1773334131, 110, 1431, 1452, 1337, 5, 12.98%, 0, 36, 8, 1.75, 18, 106, 64, 58, 96907, 5605, 0, 0.041, 0, 244
1773334204, 110, 1431, 1453, 1338, 5, 12.98%, 0, 36, 8, 1.87, 18, 106, 64, 58, 96907, 5605, 0, 0.041, 0, 244
1773334226, 110, 1431, 1454, 1339, 5, 12.98%, 0, 36, 8, 1.84, 18, 106, 64, 58, 96907, 5605, 0, 0.041, 0, 244
1773334231, 110, 1431, 1455, 1340, 5, 12.98%, 0, 36, 8, 1.81, 18, 106, 64, 58, 96907, 5605, 0, 0.041, 0, 244
1773334242, 110, 1431, 1456, 1341, 5, 12.98%, 0, 36, 8, 1.66, 18, 106, 64, 58, 96907, 5605, 0, 0.041, 0, 244
1773334274, 110, 1431, 1457, 1342, 5, 12.98%, 0, 36, 8, 1.79, 18, 106, 64, 58, 96907, 5605, 0, 0.041, 0, 244
1773334284, 110, 1431, 1458, 1343, 5, 12.98%, 0, 36, 8, 1.72, 18, 106, 64, 58, 96907, 5605, 0, 0.041, 0, 244
1773334295, 110, 1431, 1459, 1344, 5, 12.98%, 0, 36, 8, 1.82, 18, 106, 64, 58, 96907, 5605, 0, 0.041, 0, 244
1773334305, 110, 1431, 1460, 1345, 5, 12.98%, 0, 36, 8, 1.80, 18, 106, 64, 58, 96907, 5605, 0, 0.041, 0, 244
1773334406, 110, 1431, 1461, 1346, 5, 12.98%, 0, 36, 8, 1.80, 18, 106, 64, 58, 96907, 5605, 0, 0.041, 0, 244
1773334481, 111, 27, 1461, 1345, 4, 12.98%, 0, 36, 8, 1.96, 18, 106, 64, 58, 96907, 5605, 0, 0.041, 0, 244
1773334497, 111, 1432, 1461, 1345, 4, 12.98%, 0, 36, 8, 2.22, 18, 106, 64, 58, 96907, 5605, 0, 0.041, 0, 244
1773334681, 112, 1435, 1461, 1344, 3, 12.98%, 0, 36, 8, 1.86, 18, 106, 64, 58, 96907, 5605, 0, 0.041, 0, 245
1773334797, 112, 1435, 1462, 1345, 3, 12.98%, 0, 36, 8, 1.83, 18, 106, 64, 58, 96907, 5605, 0, 0.041, 0, 245
1773334855, 113, 937, 1462, 1344, 2, 12.98%, 0, 36, 8, 1.82, 18, 106, 64, 58, 96907, 5605, 0, 0.041, 0, 245
1773335062, 114, 24, 1462, 1344, 2, 12.98%, 0, 36, 8, 1.60, 18, 106, 64, 58, 96907, 5605, 0, 0.041, 0, 245
1773335110, 114, 24, 1463, 1345, 2, 12.98%, 0, 36, 8, 1.97, 18, 106, 64, 58, 96907, 5605, 0, 0.041, 0, 245
1773335127, 114, 24, 1464, 1346, 2, 12.98%, 0, 36, 8, 1.72, 18, 106, 64, 58, 96907, 5605, 0, 0.041, 0, 245
1773335148, 114, 24, 1465, 1347, 2, 12.98%, 0, 36, 8, 1.76, 18, 106, 64, 58, 96907, 5605, 0, 0.041, 0, 245
1773335159, 114, 24, 1466, 1348, 2, 12.98%, 0, 36, 8, 1.63, 18, 106, 64, 58, 96907, 5605, 0, 0.041, 0, 246
1773335170, 114, 24, 1467, 1349, 2, 12.99%, 0, 36, 8, 1.63, 18, 106, 64, 58, 96907, 5605, 0, 0.041, 0, 246
1773335272, 114, 24, 1468, 1350, 2, 12.99%, 0, 36, 8, 1.62, 18, 106, 64, 58, 96907, 5605, 0, 0.041, 0, 246
1773335515, 114, 24, 1469, 1351, 2, 12.99%, 0, 36, 8, 1.92, 18, 106, 64, 58, 96907, 5605, 0, 0.041, 0, 246
1773335526, 114, 24, 1470, 1352, 2, 12.99%, 0, 36, 8, 1.75, 18, 106, 64, 58, 96907, 5605, 0, 0.041, 0, 246
1773335541, 114, 24, 1471, 1353, 2, 12.99%, 0, 36, 8, 2.08, 18, 106, 64, 58, 96907, 5605, 0, 0.041, 0, 246
1773335552, 114, 24, 1472, 1354, 2, 12.99%, 0, 36, 8, 1.88, 18, 106, 64, 58, 96907, 5605, 0, 0.041, 0, 246
1773335573, 114, 24, 1473, 1355, 2, 12.99%, 0, 36, 8, 2.12, 18, 106, 64, 58, 96907, 5605, 0, 0.041, 0, 246
1773335583, 114, 24, 1474, 1356, 2, 12.99%, 0, 36, 8, 2.14, 18, 106, 64, 58, 96907, 5605, 0, 0.041, 0, 246
1773335594, 114, 24, 1475, 1357, 2, 12.99%, 0, 36, 8, 2.03, 18, 106, 64, 58, 96907, 5605, 0, 0.041, 0, 246
1773335610, 114, 24, 1476, 1358, 2, 12.99%, 0, 36, 8, 2.14, 18, 106, 64, 58, 96907, 5605, 0, 0.041, 0, 246
1773335630, 114, 24, 1477, 1359, 2, 12.99%, 0, 36, 8, 1.99, 18, 106, 64, 58, 96907, 5605, 0, 0.041, 0, 246
1773335641, 114, 24, 1478, 1360, 2, 12.99%, 0, 36, 8, 1.92, 18, 106, 64, 58, 96907, 5605, 0, 0.041, 0, 246
1773335679, 114, 24, 1479, 1361, 2, 12.99%, 0, 36, 8, 2.04, 18, 106, 64, 58, 96907, 5605, 0, 0.041, 0, 246
1773335710, 114, 24, 1480, 1362, 2, 12.99%, 0, 36, 8, 1.86, 18, 106, 64, 58, 96907, 5605, 0, 0.041, 0, 246
1773335731, 114, 24, 1481, 1363, 2, 12.99%, 0, 36, 8, 1.91, 18, 106, 64, 58, 96907, 5605, 0, 0.041, 0, 248
1773335757, 114, 24, 1482, 1364, 2, 12.99%, 0, 36, 8, 1.99, 18, 106, 64, 58, 96907, 5605, 0, 0.041, 0, 248
1773335768, 114, 24, 1483, 1365, 2, 12.99%, 0, 36, 8, 1.81, 18, 106, 64, 58, 96907, 5605, 0, 0.041, 0, 248
1773335794, 114, 24, 1484, 1366, 2, 12.99%, 0, 36, 8, 1.87, 18, 106, 64, 58, 96907, 5605, 0, 0.041, 0, 248
1773335842, 114, 24, 1485, 1367, 2, 13.00%, 0, 36, 8, 2.22, 18, 106, 64, 58, 96907, 5605, 0, 0.041, 0, 248
1773335894, 114, 1437, 1485, 1367, 1, 13.00%, 0, 36, 8, 1.94, 18, 106, 64, 58, 96907, 5605, 0, 0.041, 0, 248
1773335967, 115, 695, 1485, 1366, 0, 13.00%, 0, 36, 8, 1.79, 18, 106, 64, 58, 96907, 5605, 0, 0.041, 0, 248
1773336146, 115, 695, 1486, 1367, 0, 13.00%, 0, 36, 8, 1.31, 18, 106, 64, 58, 96907, 5605, 0, 0.041, 0, 248
1773336295, 115, 1421, 1486, 1366, 0, 13.00%, 0, 36, 8, 1.36, 18, 106, 64, 58, 96907, 5605, 0, 0.041, 0, 248
1773336352, 115, 1421, 1487, 1367, 0, 13.00%, 0, 36, 9, 1.90, 18, 106, 64, 58, 96907, 5605, 0, 0.041, 0, 248
1773336774, 115, 1421, 1488, 1368, 0, 13.00%, 0, 36, 9, 2.21, 18, 106, 64, 58, 96907, 5605, 0, 0.041, 0, 248
1773336935, 116, 730, 1488, 1367, 6, 13.00%, 0, 36, 9, 2.27, 18, 106, 64, 58, 96907, 5605, 0, 0.041, 0, 249
1773336957, 116, 730, 1489, 1368, 6, 13.00%, 0, 36, 9, 1.38, 18, 106, 64, 58, 96907, 5605, 0, 0.041, 0, 249
1773337266, 116, 1131, 1489, 1367, 5, 13.00%, 0, 36, 9, 1.65, 18, 106, 64, 58, 96907, 5605, 0, 0.041, 0, 249
1773337352, 116, 1131, 1490, 1368, 5, 13.00%, 0, 36, 9, 2.07, 18, 106, 64, 58, 96907, 5605, 0, 0.041, 0, 249
1773337358, 116, 1131, 1491, 1369, 5, 13.00%, 0, 36, 9, 1.91, 18, 106, 64, 58, 96907, 5605, 0, 0.041, 0, 249
1773337368, 116, 1131, 1492, 1370, 5, 13.00%, 0, 36, 9, 1.78, 18, 106, 64, 58, 96907, 5605, 0, 0.041, 0, 249
1773337374, 116, 1131, 1493, 1371, 5, 13.00%, 0, 36, 9, 1.72, 18, 106, 64, 58, 96907, 5605, 0, 0.041, 0, 249
1773337439, 116, 1131, 1494, 1372, 5, 13.00%, 0, 36, 9, 1.70, 18, 106, 64, 58, 96907, 5605, 0, 0.041, 0, 249
1773337455, 116, 1131, 1495, 1373, 5, 13.00%, 0, 36, 9, 1.71, 18, 106, 64, 58, 96907, 5605, 0, 0.041, 0, 249
1773337572, 117, 51, 1495, 1373, 3, 13.00%, 0, 36, 9, 2.20, 18, 106, 64, 58, 96907, 5605, 0, 0.041, 0, 249
1773337587, 118, 1350, 1495, 1373, 3, 13.00%, 0, 36, 9, 2.11, 18, 106, 64, 58, 96907, 5605, 0, 0.041, 0, 249
1773337798, 118, 1350, 1496, 1374, 3, 13.00%, 0, 36, 9, 2.32, 18, 106, 64, 58, 96907, 5605, 0, 0.041, 0, 250
1773337903, 119, 755, 1496, 1373, 2, 13.00%, 0, 36, 9, 1.53, 18, 106, 64, 58, 96907, 5605, 0, 0.041, 0, 250
1773338017, 119, 755, 1497, 1374, 2, 13.00%, 0, 36, 9, 1.00, 18, 106, 64, 58, 96907, 5605, 0, 0.041, 0, 250
1773338065, 119, 755, 1498, 1375, 2, 13.00%, 0, 36, 9, 1.25, 18, 106, 64, 58, 96907, 5605, 0, 0.041, 0, 250
1773338209, 119, 755, 1499, 1376, 2, 13.00%, 0, 36, 9, 1.17, 18, 106, 64, 58, 96907, 5605, 0, 0.041, 0, 250
1773338299, 119, 1105, 1499, 1375, 6, 13.00%, 0, 36, 9, 1.60, 18, 106, 64, 58, 96907, 5605, 0, 0.041, 0, 250
1773338539, 120, 53, 1499, 1375, 6, 13.00%, 0, 36, 9, 2.33, 18, 106, 64, 58, 96907, 5605, 0, 0.041, 0, 251
1773338554, 121, 19, 1499, 1374, 5, 13.00%, 0, 36, 9, 2.34, 18, 106, 64, 58, 96907, 5605, 0, 0.041, 0, 251
1773338688, 121, 1359, 1499, 1374, 5, 13.00%, 0, 36, 9, 0.28, 18, 106, 64, 58, 96907, 5605, 0, 0.043, 0, 258
1773338826, 121, 1359, 1499, 1374, 5, 13.00%, 0, 37, 9, 0.20, 18, 106, 64, 58, 96907, 5605, 0, 0.043, 0, 258
1773338833, 121, 1359, 1499, 1374, 5, 13.00%, 0, 38, 9, 0.20, 18, 106, 64, 58, 96907, 5605, 0, 0.043, 0, 258
1773338838, 121, 1359, 1499, 1374, 5, 13.00%, 0, 39, 9, 0.20, 18, 106, 64, 58, 96907, 5605, 0, 0.043, 0, 258
1773338885, 121, 1359, 1499, 1374, 5, 13.00%, 0, 40, 9, 0.20, 18, 106, 64, 58, 96907, 5605, 0, 0.043, 0, 258
1773339023, 121, 1359, 1499, 1374, 5, 13.00%, 0, 41, 9, 0.20, 18, 106, 64, 58, 96907, 5605, 0, 0.043, 0, 258
1773339087, 122, 1139, 1499, 1373, 4, 13.00%, 0, 41, 9, 2.60, 18, 106, 64, 58, 96907, 5605, 0, 0.043, 0, 258
1773339197, 122, 1139, 1500, 1374, 4, 13.00%, 0, 41, 9, 2.46, 18, 106, 64, 58, 96907, 5605, 0, 0.043, 0, 258
1773339293, 122, 1139, 1501, 1375, 4, 13.00%, 0, 41, 9, 2.51, 18, 106, 64, 58, 96907, 5605, 0, 0.043, 0, 258
1773339366, 122, 1417, 1501, 1374, 4, 13.00%, 0, 41, 9, 2.27, 18, 106, 64, 58, 96907, 5605, 0, 0.043, 0, 259
1773339570, 122, 1476, 1501, 1373, 3, 13.00%, 0, 41, 9, 1.83, 18, 106, 64, 58, 96907, 5605, 0, 0.043, 0, 259
1773339650, 123, 1363, 1502, 1373, 2, 13.00%, 0, 41, 9, 2.23, 18, 106, 64, 58, 96907, 5605, 0, 0.043, 0, 259
1773339718, 123, 1363, 1503, 1374, 2, 13.00%, 0, 41, 9, 2.61, 18, 106, 64, 58, 96907, 5605, 0, 0.043, 0, 259
1773339796, 123, 1363, 1504, 1375, 2, 13.00%, 0, 41, 9, 2.57, 18, 106, 64, 58, 96907, 5605, 0, 0.043, 0, 259
1773340028, 123, 1363, 1505, 1376, 2, 13.00%, 0, 41, 9, 1.87, 18, 106, 64, 58, 96907, 5605, 0, 0.043, 0, 259
1773340072, 123, 1363, 1506, 1377, 2, 13.00%, 0, 41, 9, 0.26, 18, 106, 64, 58, 96907, 5605, 0, 0.043, 0, 260
1773340358, 124, 55, 1506, 1376, 0, 13.00%, 0, 41, 9, 2.53, 18, 106, 64, 58, 96907, 5605, 0, 0.043, 0, 260
1773340374, 124, 938, 1506, 1375, 0, 13.00%, 0, 41, 9, 2.15, 18, 106, 64, 58, 96907, 5605, 0, 0.043, 0, 260
1773340613, 124, 1395, 1506, 1375, 0, 13.00%, 0, 41, 9, 1.49, 18, 106, 64, 58, 96907, 5605, 0, 0.043, 0, 260
1773340847, 125, 40, 1506, 1375, 0, 13.00%, 0, 41, 9, 2.62, 18, 106, 64, 58, 96907, 5605, 0, 0.043, 0, 262
1773340968, 126, 17, 1506, 1374, 0, 13.00%, 0, 41, 9, 2.26, 18, 106, 64, 58, 96907, 5605, 0, 0.043, 0, 262
1773341105, 126, 1180, 1506, 1374, 0, 13.00%, 0, 41, 9, 1.81, 18, 106, 64, 58, 96907, 5605, 0, 0.043, 0, 262
1773341162, 127, 61, 1506, 1373, 0, 13.00%, 0, 41, 9, 2.53, 18, 106, 64, 58, 96907, 5605, 0, 0.043, 0, 262
1773341188, 127, 1151, 1506, 1372, 0, 13.00%, 0, 41, 9, 2.54, 18, 106, 64, 58, 96907, 5605, 0, 0.043, 0, 267
1773341349, 127, 1151, 1507, 1373, 0, 13.00%, 0, 41, 9, 2.19, 18, 106, 64, 58, 96907, 5605, 0, 0.043, 0, 267
1773341390, 127, 1151, 1507, 1373, 0, 13.00%, 0, 42, 9, 0.20, 18, 106, 64, 58, 96907, 5605, 0, 0.043, 0, 267
1773341427, 127, 1151, 1508, 1374, 0, 13.00%, 0, 42, 9, 2.49, 18, 106, 64, 58, 96907, 5605, 0, 0.043, 0, 267
1773341515, 128, 66, 1508, 1373, 0, 13.00%, 0, 42, 9, 2.33, 18, 106, 64, 58, 96907, 5605, 0, 0.043, 0, 267
1773341562, 128, 66, 1508, 1373, 0, 13.00%, 0, 43, 9, 0.20, 18, 106, 64, 58, 96907, 5605, 0, 0.043, 0, 267
1773341597, 128, 66, 1509, 1374, 0, 13.00%, 0, 43, 9, 2.45, 18, 106, 64, 58, 96907, 5605, 0, 0.043, 0, 267
1773341618, 128, 66, 1510, 1375, 0, 13.00%, 0, 43, 9, 2.59, 18, 106, 64, 58, 96907, 5605, 0, 0.043, 0, 267
1773341639, 128, 66, 1511, 1376, 0, 13.00%, 0, 43, 9, 2.56, 18, 106, 64, 58, 96907, 5605, 0, 0.043, 0, 267
1773341732, 128, 70, 1511, 1375, 0, 13.00%, 0, 43, 9, 2.47, 18, 106, 64, 58, 96907, 5605, 0, 0.043, 0, 270
1773341836, 128, 1197, 1511, 1374, 0, 13.00%, 0, 43, 9, 2.41, 18, 106, 64, 58, 96907, 5605, 0, 0.043, 0, 270
1773341943, 128, 1197, 1512, 1375, 0, 13.00%, 0, 43, 9, 2.67, 18, 106, 64, 58, 96907, 5605, 0, 0.041, 0, 275
1773342011, 129, 1422, 1512, 1374, 0, 13.00%, 0, 43, 9, 2.54, 18, 106, 64, 58, 96907, 5605, 0, 0.041, 0, 275
1773342218, 129, 1422, 1513, 1375, 0, 13.01%, 0, 43, 9, 2.39, 18, 106, 64, 58, 96907, 5605, 0, 0.041, 0, 275
1773342249, 129, 1422, 1514, 1376, 0, 13.01%, 0, 43, 9, 2.50, 18, 106, 64, 58, 96907, 5605, 0, 0.041, 0, 275
1773342265, 129, 1422, 1515, 1377, 0, 13.01%, 0, 43, 9, 2.41, 18, 106, 64, 58, 96907, 5605, 0, 0.041, 0, 275
1773342426, 131, 664, 1515, 1376, 0, 13.01%, 0, 43, 9, 2.41, 18, 106, 64, 58, 96907, 5605, 0, 0.041, 0, 275
1773342540, 132, 1364, 1515, 1375, 0, 13.01%, 0, 43, 9, 2.56, 18, 106, 64, 58, 96907, 5605, 0, 0.041, 0, 275
1773342577, 132, 1364, 1516, 1376, 0, 13.02%, 0, 43, 9, 2.49, 18, 106, 64, 58, 96907, 5605, 0, 0.041, 0, 275
1773342864, 133, 952, 1516, 1375, 1, 13.02%, 0, 43, 9, 2.33, 18, 106, 64, 58, 96907, 5605, 0, 0.041, 0, 275
1773343129, 133, 1481, 1516, 1374, 1, 13.02%, 0, 43, 9, 1.49, 18, 106, 64, 58, 96907, 5605, 0, 0.041, 0, 275
1773343176, 133, 1481, 1517, 1375, 1, 13.02%, 0, 43, 9, 2.17, 18, 106, 64, 58, 96907, 5605, 0, 0.041, 0, 275
1773343229, 133, 1481, 1518, 1376, 1, 13.02%, 0, 43, 9, 1.70, 18, 106, 64, 58, 96907, 5605, 0, 0.041, 0, 275
1773343334, 134, 1466, 1518, 1375, 9, 13.02%, 0, 43, 9, 2.14, 18, 106, 64, 58, 96907, 5605, 0, 0.043, 0, 280
1773343391, 134, 1466, 1519, 1376, 9, 13.02%, 0, 43, 9, 2.32, 18, 106, 64, 58, 96907, 5605, 0, 0.043, 0, 280
1773343501, 135, 1226, 1519, 1375, 15, 13.02%, 0, 43, 9, 2.38, 18, 106, 64, 58, 96907, 5605, 0, 0.043, 0, 280
1773343716, 135, 1226, 1520, 1376, 15, 13.02%, 0, 43, 9, 1.82, 18, 106, 64, 58, 96907, 5605, 0, 0.043, 0, 280
1773343808, 136, 1145, 1520, 1376, 15, 13.02%, 0, 43, 9, 2.47, 18, 106, 64, 58, 96907, 5605, 0, 0.043, 0, 280
1773344048, 136, 1467, 1520, 1376, 15, 13.02%, 0, 43, 9, 2.29, 18, 106, 64, 58, 96907, 5605, 0, 0.043, 0, 281
1773344216, 136, 1480, 1520, 1375, 14, 13.02%, 0, 43, 9, 2.19, 18, 106, 64, 58, 96907, 5605, 0, 0.043, 0, 281
1773344391, 137, 208, 1520, 1374, 13, 13.02%, 0, 43, 9, 1.90, 18, 106, 64, 58, 96907, 5605, 0, 0.043, 0, 281
1773344501, 137, 900, 1521, 1374, 13, 13.02%, 0, 43, 9, 2.21, 18, 106, 64, 58, 96907, 5605, 0, 0.043, 0, 283
1773344940, 137, 1289, 1521, 1373, 12, 13.02%, 0, 43, 9, 1.13, 18, 106, 64, 58, 96907, 5605, 0, 0.043, 0, 284
1773345232, 138, 993, 1521, 1372, 11, 13.02%, 0, 43, 9, 1.86, 18, 106, 64, 58, 96907, 5605, 0, 0.043, 0, 284
1773345238, 138, 993, 1522, 1373, 11, 13.02%, 0, 43, 9, 1.60, 18, 106, 64, 58, 96907, 5605, 0, 0.043, 0, 284
1773345264, 138, 993, 1523, 1374, 11, 13.02%, 0, 43, 9, 1.16, 18, 106, 64, 58, 96907, 5605, 0, 0.043, 0, 290
1773345472, 138, 993, 1524, 1375, 11, 13.02%, 0, 43, 9, 1.16, 18, 106, 64, 58, 96907, 5605, 0, 0.043, 0, 290
1773346148, 138, 993, 1524, 1375, 11, 13.02%, 0, 44, 9, 0.75, 18, 106, 64, 58, 96907, 5605, 0, 0.043, 0, 291
1773346409, 140, 1225, 1524, 1374, 5, 13.02%, 0, 44, 9, 0.71, 18, 106, 64, 58, 96907, 5605, 0, 0.043, 0, 292
1773346612, 140, 1225, 1525, 1375, 5, 13.02%, 0, 44, 9, 2.41, 18, 106, 64, 58, 96907, 5605, 0, 0.043, 0, 292
1773346679, 141, 1174, 1525, 1375, 5, 13.02%, 0, 44, 9, 2.02, 18, 106, 64, 58, 96907, 5605, 0, 0.043, 0, 292
1773346775, 141, 1174, 1526, 1376, 5, 13.02%, 0, 44, 9, 2.21, 18, 106, 64, 58, 96907, 5605, 0, 0.043, 0, 292
1773346912, 142, 1053, 1526, 1376, 5, 13.02%, 0, 44, 9, 2.05, 18, 106, 64, 58, 96907, 5605, 0, 0.043, 0, 293
1773347053, 142, 1053, 1527, 1377, 5, 13.02%, 0, 44, 9, 2.30, 18, 106, 64, 58, 96907, 5605, 0, 0.043, 0, 293
1773347121, 142, 1053, 1528, 1378, 5, 13.02%, 0, 44, 9, 2.04, 18, 106, 64, 58, 96907, 5605, 0, 0.043, 0, 293
1773347210, 142, 1413, 1528, 1378, 18, 13.02%, 0, 44, 9, 2.38, 18, 106, 64, 58, 96907, 5605, 0, 0.043, 0, 293
1773347532, 143, 1208, 1528, 1377, 17, 13.02%, 0, 44, 9, 2.42, 18, 106, 64, 58, 96907, 5605, 0, 0.043, 0, 295
