time,subject,fuzzer,run,state_type,state
1772620259,mosquitto,aflnet,1,nodes,4
1772620259,mosquitto,aflnet,1,edges,3
1772620265,mosquitto,aflnet,1,nodes,4
1772620265,mosquitto,aflnet,1,edges,3
1772620270,mosquitto,aflnet,1,nodes,4
1772620270,mosquitto,aflnet,1,edges,3
1772620275,mosquitto,aflnet,1,nodes,4
1772620275,mosquitto,aflnet,1,edges,3
1772620280,mosquitto,aflnet,1,nodes,4
1772620280,mosquitto,aflnet,1,edges,3
1772620285,mosquitto,aflnet,1,nodes,4
1772620285,mosquitto,aflnet,1,edges,3
1772620290,mosquitto,aflnet,1,nodes,4
1772620290,mosquitto,aflnet,1,edges,3
1772620295,mosquitto,aflnet,1,nodes,4
1772620295,mosquitto,aflnet,1,edges,3
1772620300,mosquitto,aflnet,1,nodes,4
1772620300,mosquitto,aflnet,1,edges,3
1772620305,mosquitto,aflnet,1,nodes,4
1772620305,mosquitto,aflnet,1,edges,3
1772620310,mosquitto,aflnet,1,nodes,4
1772620310,mosquitto,aflnet,1,edges,3
1772620315,mosquitto,aflnet,1,nodes,4
1772620315,mosquitto,aflnet,1,edges,3
1772620321,mosquitto,aflnet,1,nodes,4
1772620321,mosquitto,aflnet,1,edges,3
1772620326,mosquitto,aflnet,1,nodes,4
1772620326,mosquitto,aflnet,1,edges,3
1772620341,mosquitto,aflnet,1,nodes,4
1772620341,mosquitto,aflnet,1,edges,3
1772620346,mosquitto,aflnet,1,nodes,4
1772620346,mosquitto,aflnet,1,edges,3
1772620356,mosquitto,aflnet,1,nodes,4
1772620356,mosquitto,aflnet,1,edges,3
1772620361,mosquitto,aflnet,1,nodes,4
1772620361,mosquitto,aflnet,1,edges,3
1772620372,mosquitto,aflnet,1,nodes,4
1772620372,mosquitto,aflnet,1,edges,3
1772620382,mosquitto,aflnet,1,nodes,4
1772620382,mosquitto,aflnet,1,edges,3
1772620387,mosquitto,aflnet,1,nodes,4
1772620387,mosquitto,aflnet,1,edges,3
1772620418,mosquitto,aflnet,1,nodes,4
1772620418,mosquitto,aflnet,1,edges,3
1772620423,mosquitto,aflnet,1,nodes,4
1772620423,mosquitto,aflnet,1,edges,3
1772620428,mosquitto,aflnet,1,nodes,5
1772620428,mosquitto,aflnet,1,edges,5
1772620433,mosquitto,aflnet,1,nodes,5
1772620433,mosquitto,aflnet,1,edges,5
1772620438,mosquitto,aflnet,1,nodes,5
1772620438,mosquitto,aflnet,1,edges,7
1772620443,mosquitto,aflnet,1,nodes,5
1772620443,mosquitto,aflnet,1,edges,7
1772620448,mosquitto,aflnet,1,nodes,5
1772620448,mosquitto,aflnet,1,edges,7
1772620453,mosquitto,aflnet,1,nodes,5
1772620453,mosquitto,aflnet,1,edges,7
1772620458,mosquitto,aflnet,1,nodes,5
1772620458,mosquitto,aflnet,1,edges,7
1772620464,mosquitto,aflnet,1,nodes,5
1772620464,mosquitto,aflnet,1,edges,7
1772620469,mosquitto,aflnet,1,nodes,5
1772620469,mosquitto,aflnet,1,edges,7
1772620474,mosquitto,aflnet,1,nodes,5
1772620474,mosquitto,aflnet,1,edges,7
1772620479,mosquitto,aflnet,1,nodes,5
1772620479,mosquitto,aflnet,1,edges,7
1772620484,mosquitto,aflnet,1,nodes,5
1772620484,mosquitto,aflnet,1,edges,7
1772620489,mosquitto,aflnet,1,nodes,6
1772620489,mosquitto,aflnet,1,edges,8
1772620494,mosquitto,aflnet,1,nodes,6
1772620494,mosquitto,aflnet,1,edges,8
1772620499,mosquitto,aflnet,1,nodes,6
1772620499,mosquitto,aflnet,1,edges,8
1772620515,mosquitto,aflnet,1,nodes,6
1772620515,mosquitto,aflnet,1,edges,8
1772620520,mosquitto,aflnet,1,nodes,6
1772620520,mosquitto,aflnet,1,edges,8
1772620535,mosquitto,aflnet,1,nodes,6
1772620535,mosquitto,aflnet,1,edges,8
1772620540,mosquitto,aflnet,1,nodes,6
1772620540,mosquitto,aflnet,1,edges,8
1772620546,mosquitto,aflnet,1,nodes,6
1772620546,mosquitto,aflnet,1,edges,8
1772620551,mosquitto,aflnet,1,nodes,6
1772620551,mosquitto,aflnet,1,edges,8
1772620556,mosquitto,aflnet,1,nodes,6
1772620556,mosquitto,aflnet,1,edges,8
1772620561,mosquitto,aflnet,1,nodes,6
1772620561,mosquitto,aflnet,1,edges,8
1772620566,mosquitto,aflnet,1,nodes,6
1772620566,mosquitto,aflnet,1,edges,8
1772620587,mosquitto,aflnet,1,nodes,6
1772620587,mosquitto,aflnet,1,edges,8
1772620592,mosquitto,aflnet,1,nodes,6
1772620592,mosquitto,aflnet,1,edges,8
1772620597,mosquitto,aflnet,1,nodes,6
1772620597,mosquitto,aflnet,1,edges,8
1772620607,mosquitto,aflnet,1,nodes,6
1772620607,mosquitto,aflnet,1,edges,8
1772620612,mosquitto,aflnet,1,nodes,6
1772620612,mosquitto,aflnet,1,edges,8
1772620617,mosquitto,aflnet,1,nodes,6
1772620617,mosquitto,aflnet,1,edges,8
1772620622,mosquitto,aflnet,1,nodes,6
1772620622,mosquitto,aflnet,1,edges,9
1772620628,mosquitto,aflnet,1,nodes,6
1772620628,mosquitto,aflnet,1,edges,9
1772620638,mosquitto,aflnet,1,nodes,6
1772620638,mosquitto,aflnet,1,edges,9
1772620643,mosquitto,aflnet,1,nodes,6
1772620643,mosquitto,aflnet,1,edges,9
1772620648,mosquitto,aflnet,1,nodes,6
1772620648,mosquitto,aflnet,1,edges,9
1772620664,mosquitto,aflnet,1,nodes,6
1772620664,mosquitto,aflnet,1,edges,9
1772620674,mosquitto,aflnet,1,nodes,6
1772620674,mosquitto,aflnet,1,edges,9
1772620679,mosquitto,aflnet,1,nodes,6
1772620679,mosquitto,aflnet,1,edges,9
1772620694,mosquitto,aflnet,1,nodes,6
1772620694,mosquitto,aflnet,1,edges,9
1772620700,mosquitto,aflnet,1,nodes,6
1772620700,mosquitto,aflnet,1,edges,9
1772620710,mosquitto,aflnet,1,nodes,6
1772620710,mosquitto,aflnet,1,edges,9
1772620720,mosquitto,aflnet,1,nodes,6
1772620720,mosquitto,aflnet,1,edges,9
1772620736,mosquitto,aflnet,1,nodes,6
1772620736,mosquitto,aflnet,1,edges,9
1772620756,mosquitto,aflnet,1,nodes,6
1772620756,mosquitto,aflnet,1,edges,9
1772620761,mosquitto,aflnet,1,nodes,6
1772620761,mosquitto,aflnet,1,edges,9
1772620771,mosquitto,aflnet,1,nodes,6
1772620771,mosquitto,aflnet,1,edges,9
1772620797,mosquitto,aflnet,1,nodes,6
1772620797,mosquitto,aflnet,1,edges,9
1772620807,mosquitto,aflnet,1,nodes,6
1772620807,mosquitto,aflnet,1,edges,10
1772620812,mosquitto,aflnet,1,nodes,6
1772620812,mosquitto,aflnet,1,edges,10
1772620817,mosquitto,aflnet,1,nodes,6
1772620817,mosquitto,aflnet,1,edges,10
1772620823,mosquitto,aflnet,1,nodes,6
1772620823,mosquitto,aflnet,1,edges,10
1772620828,mosquitto,aflnet,1,nodes,6
1772620828,mosquitto,aflnet,1,edges,10
1772620843,mosquitto,aflnet,1,nodes,6
1772620843,mosquitto,aflnet,1,edges,10
1772620853,mosquitto,aflnet,1,nodes,6
1772620853,mosquitto,aflnet,1,edges,10
1772620858,mosquitto,aflnet,1,nodes,6
1772620858,mosquitto,aflnet,1,edges,10
1772620864,mosquitto,aflnet,1,nodes,6
1772620864,mosquitto,aflnet,1,edges,10
1772620869,mosquitto,aflnet,1,nodes,6
1772620869,mosquitto,aflnet,1,edges,11
1772620874,mosquitto,aflnet,1,nodes,6
1772620874,mosquitto,aflnet,1,edges,11
1772620879,mosquitto,aflnet,1,nodes,6
1772620879,mosquitto,aflnet,1,edges,11
1772620884,mosquitto,aflnet,1,nodes,6
1772620884,mosquitto,aflnet,1,edges,11
1772620889,mosquitto,aflnet,1,nodes,6
1772620889,mosquitto,aflnet,1,edges,11
1772620895,mosquitto,aflnet,1,nodes,6
1772620895,mosquitto,aflnet,1,edges,11
1772620910,mosquitto,aflnet,1,nodes,6
1772620910,mosquitto,aflnet,1,edges,11
1772620915,mosquitto,aflnet,1,nodes,6
1772620915,mosquitto,aflnet,1,edges,11
1772620920,mosquitto,aflnet,1,nodes,6
1772620920,mosquitto,aflnet,1,edges,11
1772620935,mosquitto,aflnet,1,nodes,6
1772620935,mosquitto,aflnet,1,edges,11
1772620940,mosquitto,aflnet,1,nodes,6
1772620940,mosquitto,aflnet,1,edges,11
1772620951,mosquitto,aflnet,1,nodes,6
1772620951,mosquitto,aflnet,1,edges,11
1772620966,mosquitto,aflnet,1,nodes,6
1772620966,mosquitto,aflnet,1,edges,12
1772620976,mosquitto,aflnet,1,nodes,6
1772620976,mosquitto,aflnet,1,edges,12
1772620982,mosquitto,aflnet,1,nodes,6
1772620982,mosquitto,aflnet,1,edges,12
1772620987,mosquitto,aflnet,1,nodes,6
1772620987,mosquitto,aflnet,1,edges,12
1772620992,mosquitto,aflnet,1,nodes,6
1772620992,mosquitto,aflnet,1,edges,12
1772620997,mosquitto,aflnet,1,nodes,6
1772620997,mosquitto,aflnet,1,edges,12
1772621002,mosquitto,aflnet,1,nodes,6
1772621002,mosquitto,aflnet,1,edges,12
1772621007,mosquitto,aflnet,1,nodes,6
1772621007,mosquitto,aflnet,1,edges,12
1772621012,mosquitto,aflnet,1,nodes,6
1772621012,mosquitto,aflnet,1,edges,12
1772621017,mosquitto,aflnet,1,nodes,6
1772621017,mosquitto,aflnet,1,edges,12
1772621023,mosquitto,aflnet,1,nodes,6
1772621023,mosquitto,aflnet,1,edges,12
1772621028,mosquitto,aflnet,1,nodes,6
1772621028,mosquitto,aflnet,1,edges,12
1772621033,mosquitto,aflnet,1,nodes,6
1772621033,mosquitto,aflnet,1,edges,12
1772621038,mosquitto,aflnet,1,nodes,6
1772621038,mosquitto,aflnet,1,edges,12
1772621043,mosquitto,aflnet,1,nodes,6
1772621043,mosquitto,aflnet,1,edges,12
1772621048,mosquitto,aflnet,1,nodes,6
1772621048,mosquitto,aflnet,1,edges,12
1772621053,mosquitto,aflnet,1,nodes,6
1772621053,mosquitto,aflnet,1,edges,12
1772621063,mosquitto,aflnet,1,nodes,6
1772621063,mosquitto,aflnet,1,edges,12
1772621073,mosquitto,aflnet,1,nodes,6
1772621073,mosquitto,aflnet,1,edges,12
1772621099,mosquitto,aflnet,1,nodes,6
1772621099,mosquitto,aflnet,1,edges,12
1772621114,mosquitto,aflnet,1,nodes,6
1772621114,mosquitto,aflnet,1,edges,12
1772621140,mosquitto,aflnet,1,nodes,6
1772621140,mosquitto,aflnet,1,edges,12
1772621145,mosquitto,aflnet,1,nodes,6
1772621145,mosquitto,aflnet,1,edges,12
1772621150,mosquitto,aflnet,1,nodes,6
1772621150,mosquitto,aflnet,1,edges,12
1772621176,mosquitto,aflnet,1,nodes,6
1772621176,mosquitto,aflnet,1,edges,12
1772621197,mosquitto,aflnet,1,nodes,6
1772621197,mosquitto,aflnet,1,edges,12
1772621202,mosquitto,aflnet,1,nodes,6
1772621202,mosquitto,aflnet,1,edges,12
1772621217,mosquitto,aflnet,1,nodes,6
1772621217,mosquitto,aflnet,1,edges,12
1772621222,mosquitto,aflnet,1,nodes,6
1772621222,mosquitto,aflnet,1,edges,12
1772621253,mosquitto,aflnet,1,nodes,6
1772621253,mosquitto,aflnet,1,edges,12
1772621284,mosquitto,aflnet,1,nodes,6
1772621284,mosquitto,aflnet,1,edges,12
1772621294,mosquitto,aflnet,1,nodes,6
1772621294,mosquitto,aflnet,1,edges,12
1772621299,mosquitto,aflnet,1,nodes,6
1772621299,mosquitto,aflnet,1,edges,12
1772621329,mosquitto,aflnet,1,nodes,6
1772621329,mosquitto,aflnet,1,edges,12
1772621340,mosquitto,aflnet,1,nodes,6
1772621340,mosquitto,aflnet,1,edges,12
1772621401,mosquitto,aflnet,1,nodes,6
1772621401,mosquitto,aflnet,1,edges,13
1772621406,mosquitto,aflnet,1,nodes,6
1772621406,mosquitto,aflnet,1,edges,13
1772621411,mosquitto,aflnet,1,nodes,6
1772621411,mosquitto,aflnet,1,edges,13
1772621417,mosquitto,aflnet,1,nodes,6
1772621417,mosquitto,aflnet,1,edges,13
1772621422,mosquitto,aflnet,1,nodes,6
1772621422,mosquitto,aflnet,1,edges,13
1772621432,mosquitto,aflnet,1,nodes,6
1772621432,mosquitto,aflnet,1,edges,13
1772621442,mosquitto,aflnet,1,nodes,6
1772621442,mosquitto,aflnet,1,edges,13
1772621458,mosquitto,aflnet,1,nodes,6
1772621458,mosquitto,aflnet,1,edges,13
1772621479,mosquitto,aflnet,1,nodes,6
1772621479,mosquitto,aflnet,1,edges,13
1772621505,mosquitto,aflnet,1,nodes,6
1772621505,mosquitto,aflnet,1,edges,13
1772621530,mosquitto,aflnet,1,nodes,6
1772621530,mosquitto,aflnet,1,edges,13
1772621535,mosquitto,aflnet,1,nodes,6
1772621535,mosquitto,aflnet,1,edges,13
1772621551,mosquitto,aflnet,1,nodes,6
1772621551,mosquitto,aflnet,1,edges,13
1772621556,mosquitto,aflnet,1,nodes,6
1772621556,mosquitto,aflnet,1,edges,13
1772621566,mosquitto,aflnet,1,nodes,6
1772621566,mosquitto,aflnet,1,edges,13
1772621571,mosquitto,aflnet,1,nodes,6
1772621571,mosquitto,aflnet,1,edges,13
1772621581,mosquitto,aflnet,1,nodes,6
1772621581,mosquitto,aflnet,1,edges,13
1772621592,mosquitto,aflnet,1,nodes,6
1772621592,mosquitto,aflnet,1,edges,13
1772621602,mosquitto,aflnet,1,nodes,6
1772621602,mosquitto,aflnet,1,edges,13
1772621623,mosquitto,aflnet,1,nodes,6
1772621623,mosquitto,aflnet,1,edges,13
1772621628,mosquitto,aflnet,1,nodes,6
1772621628,mosquitto,aflnet,1,edges,13
1772621638,mosquitto,aflnet,1,nodes,6
1772621638,mosquitto,aflnet,1,edges,13
1772621648,mosquitto,aflnet,1,nodes,6
1772621648,mosquitto,aflnet,1,edges,13
1772621669,mosquitto,aflnet,1,nodes,6
1772621669,mosquitto,aflnet,1,edges,13
1772621689,mosquitto,aflnet,1,nodes,6
1772621689,mosquitto,aflnet,1,edges,13
1772621699,mosquitto,aflnet,1,nodes,6
1772621699,mosquitto,aflnet,1,edges,13
1772621725,mosquitto,aflnet,1,nodes,6
1772621725,mosquitto,aflnet,1,edges,13
1772621760,mosquitto,aflnet,1,nodes,6
1772621760,mosquitto,aflnet,1,edges,13
1772621776,mosquitto,aflnet,1,nodes,6
1772621776,mosquitto,aflnet,1,edges,13
1772621791,mosquitto,aflnet,1,nodes,6
1772621791,mosquitto,aflnet,1,edges,13
1772621796,mosquitto,aflnet,1,nodes,6
1772621796,mosquitto,aflnet,1,edges,13
1772621817,mosquitto,aflnet,1,nodes,6
1772621817,mosquitto,aflnet,1,edges,13
1772621827,mosquitto,aflnet,1,nodes,6
1772621827,mosquitto,aflnet,1,edges,13
1772621843,mosquitto,aflnet,1,nodes,6
1772621843,mosquitto,aflnet,1,edges,13
1772621848,mosquitto,aflnet,1,nodes,6
1772621848,mosquitto,aflnet,1,edges,13
1772621874,mosquitto,aflnet,1,nodes,7
1772621874,mosquitto,aflnet,1,edges,14
1772621889,mosquitto,aflnet,1,nodes,7
1772621889,mosquitto,aflnet,1,edges,14
1772621905,mosquitto,aflnet,1,nodes,7
1772621905,mosquitto,aflnet,1,edges,14
1772621930,mosquitto,aflnet,1,nodes,7
1772621930,mosquitto,aflnet,1,edges,14
1772621946,mosquitto,aflnet,1,nodes,7
1772621946,mosquitto,aflnet,1,edges,14
1772621976,mosquitto,aflnet,1,nodes,7
1772621976,mosquitto,aflnet,1,edges,14
1772622007,mosquitto,aflnet,1,nodes,7
1772622007,mosquitto,aflnet,1,edges,14
1772622018,mosquitto,aflnet,1,nodes,7
1772622018,mosquitto,aflnet,1,edges,14
1772622033,mosquitto,aflnet,1,nodes,7
1772622033,mosquitto,aflnet,1,edges,14
1772622043,mosquitto,aflnet,1,nodes,7
1772622043,mosquitto,aflnet,1,edges,14
1772622053,mosquitto,aflnet,1,nodes,7
1772622053,mosquitto,aflnet,1,edges,14
1772622059,mosquitto,aflnet,1,nodes,7
1772622059,mosquitto,aflnet,1,edges,14
1772622069,mosquitto,aflnet,1,nodes,7
1772622069,mosquitto,aflnet,1,edges,14
1772622074,mosquitto,aflnet,1,nodes,7
1772622074,mosquitto,aflnet,1,edges,14
1772622084,mosquitto,aflnet,1,nodes,7
1772622084,mosquitto,aflnet,1,edges,14
1772622094,mosquitto,aflnet,1,nodes,7
1772622094,mosquitto,aflnet,1,edges,14
1772622115,mosquitto,aflnet,1,nodes,7
1772622115,mosquitto,aflnet,1,edges,14
1772622125,mosquitto,aflnet,1,nodes,7
1772622125,mosquitto,aflnet,1,edges,14
1772622130,mosquitto,aflnet,1,nodes,7
1772622130,mosquitto,aflnet,1,edges,14
1772622136,mosquitto,aflnet,1,nodes,7
1772622136,mosquitto,aflnet,1,edges,14
1772622171,mosquitto,aflnet,1,nodes,7
1772622171,mosquitto,aflnet,1,edges,14
1772622285,mosquitto,aflnet,1,nodes,7
1772622285,mosquitto,aflnet,1,edges,14
1772622290,mosquitto,aflnet,1,nodes,7
1772622290,mosquitto,aflnet,1,edges,14
1772622332,mosquitto,aflnet,1,nodes,7
1772622332,mosquitto,aflnet,1,edges,14
1772622337,mosquitto,aflnet,1,nodes,7
1772622337,mosquitto,aflnet,1,edges,14
1772622358,mosquitto,aflnet,1,nodes,7
1772622358,mosquitto,aflnet,1,edges,14
1772622363,mosquitto,aflnet,1,nodes,7
1772622363,mosquitto,aflnet,1,edges,14
1772622378,mosquitto,aflnet,1,nodes,7
1772622378,mosquitto,aflnet,1,edges,14
1772622399,mosquitto,aflnet,1,nodes,7
1772622399,mosquitto,aflnet,1,edges,14
1772622404,mosquitto,aflnet,1,nodes,7
1772622404,mosquitto,aflnet,1,edges,14
1772622424,mosquitto,aflnet,1,nodes,7
1772622424,mosquitto,aflnet,1,edges,14
1772622434,mosquitto,aflnet,1,nodes,7
1772622434,mosquitto,aflnet,1,edges,14
1772622470,mosquitto,aflnet,1,nodes,7
1772622470,mosquitto,aflnet,1,edges,14
1772622486,mosquitto,aflnet,1,nodes,7
1772622486,mosquitto,aflnet,1,edges,14
1772622496,mosquitto,aflnet,1,nodes,7
1772622496,mosquitto,aflnet,1,edges,14
1772622517,mosquitto,aflnet,1,nodes,7
1772622517,mosquitto,aflnet,1,edges,14
1772622543,mosquitto,aflnet,1,nodes,7
1772622543,mosquitto,aflnet,1,edges,14
1772622548,mosquitto,aflnet,1,nodes,7
1772622548,mosquitto,aflnet,1,edges,14
1772622553,mosquitto,aflnet,1,nodes,7
1772622553,mosquitto,aflnet,1,edges,14
1772622558,mosquitto,aflnet,1,nodes,7
1772622558,mosquitto,aflnet,1,edges,14
1772622568,mosquitto,aflnet,1,nodes,7
1772622568,mosquitto,aflnet,1,edges,14
1772622574,mosquitto,aflnet,1,nodes,7
1772622574,mosquitto,aflnet,1,edges,14
1772622584,mosquitto,aflnet,1,nodes,7
1772622584,mosquitto,aflnet,1,edges,14
1772622594,mosquitto,aflnet,1,nodes,7
1772622594,mosquitto,aflnet,1,edges,14
1772622599,mosquitto,aflnet,1,nodes,7
1772622599,mosquitto,aflnet,1,edges,15
1772622604,mosquitto,aflnet,1,nodes,7
1772622604,mosquitto,aflnet,1,edges,15
1772622625,mosquitto,aflnet,1,nodes,7
1772622625,mosquitto,aflnet,1,edges,15
1772622645,mosquitto,aflnet,1,nodes,7
1772622645,mosquitto,aflnet,1,edges,15
1772622681,mosquitto,aflnet,1,nodes,8
1772622681,mosquitto,aflnet,1,edges,17
1772622686,mosquitto,aflnet,1,nodes,8
1772622686,mosquitto,aflnet,1,edges,17
1772622712,mosquitto,aflnet,1,nodes,8
1772622712,mosquitto,aflnet,1,edges,17
1772622717,mosquitto,aflnet,1,nodes,8
1772622717,mosquitto,aflnet,1,edges,17
1772622727,mosquitto,aflnet,1,nodes,8
1772622727,mosquitto,aflnet,1,edges,17
1772622738,mosquitto,aflnet,1,nodes,8
1772622738,mosquitto,aflnet,1,edges,17
1772622748,mosquitto,aflnet,1,nodes,8
1772622748,mosquitto,aflnet,1,edges,17
1772622769,mosquitto,aflnet,1,nodes,8
1772622769,mosquitto,aflnet,1,edges,17
1772622779,mosquitto,aflnet,1,nodes,8
1772622779,mosquitto,aflnet,1,edges,17
1772622805,mosquitto,aflnet,1,nodes,8
1772622805,mosquitto,aflnet,1,edges,17
1772622877,mosquitto,aflnet,1,nodes,8
1772622877,mosquitto,aflnet,1,edges,17
1772622892,mosquitto,aflnet,1,nodes,8
1772622892,mosquitto,aflnet,1,edges,17
1772622907,mosquitto,aflnet,1,nodes,8
1772622907,mosquitto,aflnet,1,edges,18
1772622913,mosquitto,aflnet,1,nodes,8
1772622913,mosquitto,aflnet,1,edges,18
1772622949,mosquitto,aflnet,1,nodes,8
1772622949,mosquitto,aflnet,1,edges,18
1772622964,mosquitto,aflnet,1,nodes,8
1772622964,mosquitto,aflnet,1,edges,18
1772622969,mosquitto,aflnet,1,nodes,8
1772622969,mosquitto,aflnet,1,edges,18
1772622974,mosquitto,aflnet,1,nodes,8
1772622974,mosquitto,aflnet,1,edges,18
1772622990,mosquitto,aflnet,1,nodes,8
1772622990,mosquitto,aflnet,1,edges,18
1772623000,mosquitto,aflnet,1,nodes,8
1772623000,mosquitto,aflnet,1,edges,18
1772623020,mosquitto,aflnet,1,nodes,8
1772623020,mosquitto,aflnet,1,edges,18
1772623036,mosquitto,aflnet,1,nodes,8
1772623036,mosquitto,aflnet,1,edges,18
1772623041,mosquitto,aflnet,1,nodes,8
1772623041,mosquitto,aflnet,1,edges,18
1772623056,mosquitto,aflnet,1,nodes,8
1772623056,mosquitto,aflnet,1,edges,18
1772623076,mosquitto,aflnet,1,nodes,8
1772623076,mosquitto,aflnet,1,edges,18
1772623097,mosquitto,aflnet,1,nodes,8
1772623097,mosquitto,aflnet,1,edges,18
1772623102,mosquitto,aflnet,1,nodes,8
1772623102,mosquitto,aflnet,1,edges,18
1772623113,mosquitto,aflnet,1,nodes,8
1772623113,mosquitto,aflnet,1,edges,18
1772623133,mosquitto,aflnet,1,nodes,8
1772623133,mosquitto,aflnet,1,edges,18
1772623164,mosquitto,aflnet,1,nodes,8
1772623164,mosquitto,aflnet,1,edges,18
1772623169,mosquitto,aflnet,1,nodes,8
1772623169,mosquitto,aflnet,1,edges,18
1772623206,mosquitto,aflnet,1,nodes,8
1772623206,mosquitto,aflnet,1,edges,18
1772623231,mosquitto,aflnet,1,nodes,8
1772623231,mosquitto,aflnet,1,edges,18
1772623237,mosquitto,aflnet,1,nodes,8
1772623237,mosquitto,aflnet,1,edges,18
1772623242,mosquitto,aflnet,1,nodes,8
1772623242,mosquitto,aflnet,1,edges,18
1772623247,mosquitto,aflnet,1,nodes,8
1772623247,mosquitto,aflnet,1,edges,18
1772623257,mosquitto,aflnet,1,nodes,8
1772623257,mosquitto,aflnet,1,edges,18
1772623293,mosquitto,aflnet,1,nodes,8
1772623293,mosquitto,aflnet,1,edges,18
1772623324,mosquitto,aflnet,1,nodes,8
1772623324,mosquitto,aflnet,1,edges,19
1772623334,mosquitto,aflnet,1,nodes,8
1772623334,mosquitto,aflnet,1,edges,19
1772623345,mosquitto,aflnet,1,nodes,8
1772623345,mosquitto,aflnet,1,edges,19
1772623365,mosquitto,aflnet,1,nodes,8
1772623365,mosquitto,aflnet,1,edges,19
1772623396,mosquitto,aflnet,1,nodes,8
1772623396,mosquitto,aflnet,1,edges,19
1772623437,mosquitto,aflnet,1,nodes,8
1772623437,mosquitto,aflnet,1,edges,19
1772623478,mosquitto,aflnet,1,nodes,8
1772623478,mosquitto,aflnet,1,edges,19
1772623499,mosquitto,aflnet,1,nodes,8
1772623499,mosquitto,aflnet,1,edges,19
1772623529,mosquitto,aflnet,1,nodes,8
1772623529,mosquitto,aflnet,1,edges,19
1772623535,mosquitto,aflnet,1,nodes,8
1772623535,mosquitto,aflnet,1,edges,19
1772623581,mosquitto,aflnet,1,nodes,8
1772623581,mosquitto,aflnet,1,edges,19
1772623606,mosquitto,aflnet,1,nodes,8
1772623606,mosquitto,aflnet,1,edges,19
1772623617,mosquitto,aflnet,1,nodes,8
1772623617,mosquitto,aflnet,1,edges,19
1772623632,mosquitto,aflnet,1,nodes,8
1772623632,mosquitto,aflnet,1,edges,19
1772623653,mosquitto,aflnet,1,nodes,8
1772623653,mosquitto,aflnet,1,edges,19
1772623658,mosquitto,aflnet,1,nodes,8
1772623658,mosquitto,aflnet,1,edges,19
1772623689,mosquitto,aflnet,1,nodes,8
1772623689,mosquitto,aflnet,1,edges,19
1772623699,mosquitto,aflnet,1,nodes,8
1772623699,mosquitto,aflnet,1,edges,19
1772623710,mosquitto,aflnet,1,nodes,8
1772623710,mosquitto,aflnet,1,edges,19
1772623730,mosquitto,aflnet,1,nodes,8
1772623730,mosquitto,aflnet,1,edges,19
1772623750,mosquitto,aflnet,1,nodes,8
1772623750,mosquitto,aflnet,1,edges,19
1772623761,mosquitto,aflnet,1,nodes,8
1772623761,mosquitto,aflnet,1,edges,19
1772623766,mosquitto,aflnet,1,nodes,8
1772623766,mosquitto,aflnet,1,edges,19
1772623781,mosquitto,aflnet,1,nodes,8
1772623781,mosquitto,aflnet,1,edges,19
1772623786,mosquitto,aflnet,1,nodes,8
1772623786,mosquitto,aflnet,1,edges,19
1772623791,mosquitto,aflnet,1,nodes,8
1772623791,mosquitto,aflnet,1,edges,19
1772623817,mosquitto,aflnet,1,nodes,8
1772623817,mosquitto,aflnet,1,edges,19
1772623833,mosquitto,aflnet,1,nodes,8
1772623833,mosquitto,aflnet,1,edges,19
1772623838,mosquitto,aflnet,1,nodes,8
1772623838,mosquitto,aflnet,1,edges,19
1772623864,mosquitto,aflnet,1,nodes,8
1772623864,mosquitto,aflnet,1,edges,19
1772623981,mosquitto,aflnet,1,nodes,8
1772623981,mosquitto,aflnet,1,edges,19
1772623997,mosquitto,aflnet,1,nodes,8
1772623997,mosquitto,aflnet,1,edges,19
1772624012,mosquitto,aflnet,1,nodes,8
1772624012,mosquitto,aflnet,1,edges,19
1772624018,mosquitto,aflnet,1,nodes,8
1772624018,mosquitto,aflnet,1,edges,19
1772624059,mosquitto,aflnet,1,nodes,8
1772624059,mosquitto,aflnet,1,edges,19
1772624074,mosquitto,aflnet,1,nodes,8
1772624074,mosquitto,aflnet,1,edges,19
1772624100,mosquitto,aflnet,1,nodes,8
1772624100,mosquitto,aflnet,1,edges,19
1772624110,mosquitto,aflnet,1,nodes,8
1772624110,mosquitto,aflnet,1,edges,19
1772624125,mosquitto,aflnet,1,nodes,8
1772624125,mosquitto,aflnet,1,edges,19
1772624135,mosquitto,aflnet,1,nodes,8
1772624135,mosquitto,aflnet,1,edges,19
1772624140,mosquitto,aflnet,1,nodes,8
1772624140,mosquitto,aflnet,1,edges,19
1772624145,mosquitto,aflnet,1,nodes,8
1772624145,mosquitto,aflnet,1,edges,19
1772624150,mosquitto,aflnet,1,nodes,8
1772624150,mosquitto,aflnet,1,edges,19
1772624161,mosquitto,aflnet,1,nodes,8
1772624161,mosquitto,aflnet,1,edges,19
1772624207,mosquitto,aflnet,1,nodes,8
1772624207,mosquitto,aflnet,1,edges,19
1772624238,mosquitto,aflnet,1,nodes,8
1772624238,mosquitto,aflnet,1,edges,20
1772624253,mosquitto,aflnet,1,nodes,8
1772624253,mosquitto,aflnet,1,edges,20
1772624274,mosquitto,aflnet,1,nodes,8
1772624274,mosquitto,aflnet,1,edges,20
1772624284,mosquitto,aflnet,1,nodes,8
1772624284,mosquitto,aflnet,1,edges,20
1772624310,mosquitto,aflnet,1,nodes,8
1772624310,mosquitto,aflnet,1,edges,20
1772624315,mosquitto,aflnet,1,nodes,8
1772624315,mosquitto,aflnet,1,edges,20
1772624320,mosquitto,aflnet,1,nodes,8
1772624320,mosquitto,aflnet,1,edges,20
1772624325,mosquitto,aflnet,1,nodes,8
1772624325,mosquitto,aflnet,1,edges,20
1772624356,mosquitto,aflnet,1,nodes,8
1772624356,mosquitto,aflnet,1,edges,20
1772624361,mosquitto,aflnet,1,nodes,8
1772624361,mosquitto,aflnet,1,edges,20
1772624372,mosquitto,aflnet,1,nodes,8
1772624372,mosquitto,aflnet,1,edges,20
1772624377,mosquitto,aflnet,1,nodes,8
1772624377,mosquitto,aflnet,1,edges,20
1772624397,mosquitto,aflnet,1,nodes,8
1772624397,mosquitto,aflnet,1,edges,20
1772624423,mosquitto,aflnet,1,nodes,8
1772624423,mosquitto,aflnet,1,edges,20
1772624465,mosquitto,aflnet,1,nodes,8
1772624465,mosquitto,aflnet,1,edges,20
1772624480,mosquitto,aflnet,1,nodes,8
1772624480,mosquitto,aflnet,1,edges,20
1772624604,mosquitto,aflnet,1,nodes,8
1772624604,mosquitto,aflnet,1,edges,21
1772624645,mosquitto,aflnet,1,nodes,8
1772624645,mosquitto,aflnet,1,edges,21
1772624697,mosquitto,aflnet,1,nodes,8
1772624697,mosquitto,aflnet,1,edges,21
1772624723,mosquitto,aflnet,1,nodes,8
1772624723,mosquitto,aflnet,1,edges,21
1772624734,mosquitto,aflnet,1,nodes,8
1772624734,mosquitto,aflnet,1,edges,21
1772624754,mosquitto,aflnet,1,nodes,8
1772624754,mosquitto,aflnet,1,edges,21
1772624780,mosquitto,aflnet,1,nodes,8
1772624780,mosquitto,aflnet,1,edges,21
1772624821,mosquitto,aflnet,1,nodes,8
1772624821,mosquitto,aflnet,1,edges,21
1772624831,mosquitto,aflnet,1,nodes,8
1772624831,mosquitto,aflnet,1,edges,21
1772624877,mosquitto,aflnet,1,nodes,8
1772624877,mosquitto,aflnet,1,edges,21
1772624903,mosquitto,aflnet,1,nodes,8
1772624903,mosquitto,aflnet,1,edges,21
1772624934,mosquitto,aflnet,1,nodes,8
1772624934,mosquitto,aflnet,1,edges,21
1772624939,mosquitto,aflnet,1,nodes,8
1772624939,mosquitto,aflnet,1,edges,21
1772624949,mosquitto,aflnet,1,nodes,8
1772624949,mosquitto,aflnet,1,edges,21
1772624969,mosquitto,aflnet,1,nodes,8
1772624969,mosquitto,aflnet,1,edges,21
1772624995,mosquitto,aflnet,1,nodes,8
1772624995,mosquitto,aflnet,1,edges,21
1772625041,mosquitto,aflnet,1,nodes,8
1772625041,mosquitto,aflnet,1,edges,21
1772625056,mosquitto,aflnet,1,nodes,8
1772625056,mosquitto,aflnet,1,edges,21
1772625061,mosquitto,aflnet,1,nodes,8
1772625061,mosquitto,aflnet,1,edges,21
1772625066,mosquitto,aflnet,1,nodes,8
1772625066,mosquitto,aflnet,1,edges,21
1772625076,mosquitto,aflnet,1,nodes,8
1772625076,mosquitto,aflnet,1,edges,21
1772625081,mosquitto,aflnet,1,nodes,8
1772625081,mosquitto,aflnet,1,edges,21
1772625102,mosquitto,aflnet,1,nodes,8
1772625102,mosquitto,aflnet,1,edges,21
1772625169,mosquitto,aflnet,1,nodes,8
1772625169,mosquitto,aflnet,1,edges,21
1772625190,mosquitto,aflnet,1,nodes,8
1772625190,mosquitto,aflnet,1,edges,23
1772625221,mosquitto,aflnet,1,nodes,8
1772625221,mosquitto,aflnet,1,edges,23
1772625266,mosquitto,aflnet,1,nodes,8
1772625266,mosquitto,aflnet,1,edges,23
1772625277,mosquitto,aflnet,1,nodes,8
1772625277,mosquitto,aflnet,1,edges,23
1772625322,mosquitto,aflnet,1,nodes,8
1772625322,mosquitto,aflnet,1,edges,23
1772625332,mosquitto,aflnet,1,nodes,8
1772625332,mosquitto,aflnet,1,edges,23
1772625338,mosquitto,aflnet,1,nodes,8
1772625338,mosquitto,aflnet,1,edges,23
1772625384,mosquitto,aflnet,1,nodes,8
1772625384,mosquitto,aflnet,1,edges,23
1772625394,mosquitto,aflnet,1,nodes,8
1772625394,mosquitto,aflnet,1,edges,23
1772625425,mosquitto,aflnet,1,nodes,8
1772625425,mosquitto,aflnet,1,edges,23
1772625431,mosquitto,aflnet,1,nodes,8
1772625431,mosquitto,aflnet,1,edges,23
1772625446,mosquitto,aflnet,1,nodes,8
1772625446,mosquitto,aflnet,1,edges,23
1772625462,mosquitto,aflnet,1,nodes,8
1772625462,mosquitto,aflnet,1,edges,23
1772625467,mosquitto,aflnet,1,nodes,8
1772625467,mosquitto,aflnet,1,edges,23
1772625472,mosquitto,aflnet,1,nodes,8
1772625472,mosquitto,aflnet,1,edges,23
1772625502,mosquitto,aflnet,1,nodes,8
1772625502,mosquitto,aflnet,1,edges,23
1772625528,mosquitto,aflnet,1,nodes,8
1772625528,mosquitto,aflnet,1,edges,23
1772625538,mosquitto,aflnet,1,nodes,8
1772625538,mosquitto,aflnet,1,edges,23
1772625574,mosquitto,aflnet,1,nodes,8
1772625574,mosquitto,aflnet,1,edges,23
1772625625,mosquitto,aflnet,1,nodes,8
1772625625,mosquitto,aflnet,1,edges,23
1772625636,mosquitto,aflnet,1,nodes,8
1772625636,mosquitto,aflnet,1,edges,23
1772625656,mosquitto,aflnet,1,nodes,8
1772625656,mosquitto,aflnet,1,edges,23
1772625692,mosquitto,aflnet,1,nodes,8
1772625692,mosquitto,aflnet,1,edges,23
1772625707,mosquitto,aflnet,1,nodes,8
1772625707,mosquitto,aflnet,1,edges,23
1772625729,mosquitto,aflnet,1,nodes,8
1772625729,mosquitto,aflnet,1,edges,23
1772625744,mosquitto,aflnet,1,nodes,8
1772625744,mosquitto,aflnet,1,edges,23
1772625780,mosquitto,aflnet,1,nodes,8
1772625780,mosquitto,aflnet,1,edges,23
1772625832,mosquitto,aflnet,1,nodes,8
1772625832,mosquitto,aflnet,1,edges,23
1772625837,mosquitto,aflnet,1,nodes,8
1772625837,mosquitto,aflnet,1,edges,23
1772625858,mosquitto,aflnet,1,nodes,8
1772625858,mosquitto,aflnet,1,edges,23
1772625904,mosquitto,aflnet,1,nodes,8
1772625904,mosquitto,aflnet,1,edges,23
1772625930,mosquitto,aflnet,1,nodes,8
1772625930,mosquitto,aflnet,1,edges,23
1772625956,mosquitto,aflnet,1,nodes,8
1772625956,mosquitto,aflnet,1,edges,23
1772625961,mosquitto,aflnet,1,nodes,8
1772625961,mosquitto,aflnet,1,edges,23
1772625981,mosquitto,aflnet,1,nodes,8
1772625981,mosquitto,aflnet,1,edges,23
1772626058,mosquitto,aflnet,1,nodes,8
1772626058,mosquitto,aflnet,1,edges,23
1772626079,mosquitto,aflnet,1,nodes,8
1772626079,mosquitto,aflnet,1,edges,23
1772626115,mosquitto,aflnet,1,nodes,8
1772626115,mosquitto,aflnet,1,edges,23
1772626125,mosquitto,aflnet,1,nodes,8
1772626125,mosquitto,aflnet,1,edges,23
1772626145,mosquitto,aflnet,1,nodes,8
1772626145,mosquitto,aflnet,1,edges,23
1772626186,mosquitto,aflnet,1,nodes,8
1772626186,mosquitto,aflnet,1,edges,23
1772626238,mosquitto,aflnet,1,nodes,8
1772626238,mosquitto,aflnet,1,edges,23
1772626259,mosquitto,aflnet,1,nodes,8
1772626259,mosquitto,aflnet,1,edges,23
1772626280,mosquitto,aflnet,1,nodes,8
1772626280,mosquitto,aflnet,1,edges,23
1772626331,mosquitto,aflnet,1,nodes,8
1772626331,mosquitto,aflnet,1,edges,23
1772626341,mosquitto,aflnet,1,nodes,8
1772626341,mosquitto,aflnet,1,edges,23
1772626383,mosquitto,aflnet,1,nodes,8
1772626383,mosquitto,aflnet,1,edges,23
1772626403,mosquitto,aflnet,1,nodes,8
1772626403,mosquitto,aflnet,1,edges,23
1772626439,mosquitto,aflnet,1,nodes,8
1772626439,mosquitto,aflnet,1,edges,23
1772626465,mosquitto,aflnet,1,nodes,8
1772626465,mosquitto,aflnet,1,edges,23
1772626470,mosquitto,aflnet,1,nodes,8
1772626470,mosquitto,aflnet,1,edges,23
1772626536,mosquitto,aflnet,1,nodes,8
1772626536,mosquitto,aflnet,1,edges,23
1772626541,mosquitto,aflnet,1,nodes,8
1772626541,mosquitto,aflnet,1,edges,23
1772626546,mosquitto,aflnet,1,nodes,8
1772626546,mosquitto,aflnet,1,edges,23
1772626597,mosquitto,aflnet,1,nodes,8
1772626597,mosquitto,aflnet,1,edges,23
1772626613,mosquitto,aflnet,1,nodes,8
1772626613,mosquitto,aflnet,1,edges,23
1772626618,mosquitto,aflnet,1,nodes,8
1772626618,mosquitto,aflnet,1,edges,23
1772626628,mosquitto,aflnet,1,nodes,8
1772626628,mosquitto,aflnet,1,edges,23
1772626639,mosquitto,aflnet,1,nodes,8
1772626639,mosquitto,aflnet,1,edges,23
1772626695,mosquitto,aflnet,1,nodes,8
1772626695,mosquitto,aflnet,1,edges,23
1772626700,mosquitto,aflnet,1,nodes,8
1772626700,mosquitto,aflnet,1,edges,23
1772626762,mosquitto,aflnet,1,nodes,8
1772626762,mosquitto,aflnet,1,edges,23
1772626798,mosquitto,aflnet,1,nodes,8
1772626798,mosquitto,aflnet,1,edges,23
1772626813,mosquitto,aflnet,1,nodes,8
1772626813,mosquitto,aflnet,1,edges,23
1772626849,mosquitto,aflnet,1,nodes,8
1772626849,mosquitto,aflnet,1,edges,23
1772626859,mosquitto,aflnet,1,nodes,8
1772626859,mosquitto,aflnet,1,edges,24
1772626874,mosquitto,aflnet,1,nodes,8
1772626874,mosquitto,aflnet,1,edges,24
1772626880,mosquitto,aflnet,1,nodes,8
1772626880,mosquitto,aflnet,1,edges,24
1772626885,mosquitto,aflnet,1,nodes,8
1772626885,mosquitto,aflnet,1,edges,24
1772626895,mosquitto,aflnet,1,nodes,8
1772626895,mosquitto,aflnet,1,edges,24
1772626910,mosquitto,aflnet,1,nodes,8
1772626910,mosquitto,aflnet,1,edges,24
1772626931,mosquitto,aflnet,1,nodes,8
1772626931,mosquitto,aflnet,1,edges,24
1772626957,mosquitto,aflnet,1,nodes,8
1772626957,mosquitto,aflnet,1,edges,24
1772626962,mosquitto,aflnet,1,nodes,8
1772626962,mosquitto,aflnet,1,edges,24
1772626972,mosquitto,aflnet,1,nodes,8
1772626972,mosquitto,aflnet,1,edges,24
1772627003,mosquitto,aflnet,1,nodes,8
1772627003,mosquitto,aflnet,1,edges,24
1772627029,mosquitto,aflnet,1,nodes,8
1772627029,mosquitto,aflnet,1,edges,24
1772627055,mosquitto,aflnet,1,nodes,8
1772627055,mosquitto,aflnet,1,edges,24
1772627111,mosquitto,aflnet,1,nodes,8
1772627111,mosquitto,aflnet,1,edges,24
1772627142,mosquitto,aflnet,1,nodes,8
1772627142,mosquitto,aflnet,1,edges,24
1772627188,mosquitto,aflnet,1,nodes,8
1772627188,mosquitto,aflnet,1,edges,24
1772627199,mosquitto,aflnet,1,nodes,8
1772627199,mosquitto,aflnet,1,edges,24
1772627265,mosquitto,aflnet,1,nodes,8
1772627265,mosquitto,aflnet,1,edges,24
1772627275,mosquitto,aflnet,1,nodes,8
1772627275,mosquitto,aflnet,1,edges,24
1772627290,mosquitto,aflnet,1,nodes,8
1772627290,mosquitto,aflnet,1,edges,24
1772627316,mosquitto,aflnet,1,nodes,8
1772627316,mosquitto,aflnet,1,edges,24
1772627373,mosquitto,aflnet,1,nodes,8
1772627373,mosquitto,aflnet,1,edges,24
1772627388,mosquitto,aflnet,1,nodes,8
1772627388,mosquitto,aflnet,1,edges,24
1772627445,mosquitto,aflnet,1,nodes,8
1772627445,mosquitto,aflnet,1,edges,24
1772627491,mosquitto,aflnet,1,nodes,8
1772627491,mosquitto,aflnet,1,edges,24
1772627496,mosquitto,aflnet,1,nodes,8
1772627496,mosquitto,aflnet,1,edges,24
1772627522,mosquitto,aflnet,1,nodes,8
1772627522,mosquitto,aflnet,1,edges,24
1772627584,mosquitto,aflnet,1,nodes,8
1772627584,mosquitto,aflnet,1,edges,24
1772627589,mosquitto,aflnet,1,nodes,8
1772627589,mosquitto,aflnet,1,edges,24
1772627604,mosquitto,aflnet,1,nodes,8
1772627604,mosquitto,aflnet,1,edges,24
1772627635,mosquitto,aflnet,1,nodes,8
1772627635,mosquitto,aflnet,1,edges,24
1772627646,mosquitto,aflnet,1,nodes,8
1772627646,mosquitto,aflnet,1,edges,24
1772627661,mosquitto,aflnet,1,nodes,8
1772627661,mosquitto,aflnet,1,edges,24
1772627676,mosquitto,aflnet,1,nodes,8
1772627676,mosquitto,aflnet,1,edges,24
1772627697,mosquitto,aflnet,1,nodes,8
1772627697,mosquitto,aflnet,1,edges,24
1772627738,mosquitto,aflnet,1,nodes,8
1772627738,mosquitto,aflnet,1,edges,24
1772627800,mosquitto,aflnet,1,nodes,8
1772627800,mosquitto,aflnet,1,edges,24
1772627831,mosquitto,aflnet,1,nodes,8
1772627831,mosquitto,aflnet,1,edges,24
1772627872,mosquitto,aflnet,1,nodes,8
1772627872,mosquitto,aflnet,1,edges,24
1772627944,mosquitto,aflnet,1,nodes,8
1772627944,mosquitto,aflnet,1,edges,24
1772627954,mosquitto,aflnet,1,nodes,8
1772627954,mosquitto,aflnet,1,edges,24
1772628046,mosquitto,aflnet,1,nodes,8
1772628046,mosquitto,aflnet,1,edges,24
1772628113,mosquitto,aflnet,1,nodes,8
1772628113,mosquitto,aflnet,1,edges,24
1772628159,mosquitto,aflnet,1,nodes,8
1772628159,mosquitto,aflnet,1,edges,24
1772628164,mosquitto,aflnet,1,nodes,8
1772628164,mosquitto,aflnet,1,edges,24
1772628174,mosquitto,aflnet,1,nodes,8
1772628174,mosquitto,aflnet,1,edges,24
1772628190,mosquitto,aflnet,1,nodes,8
1772628190,mosquitto,aflnet,1,edges,24
1772628205,mosquitto,aflnet,1,nodes,8
1772628205,mosquitto,aflnet,1,edges,24
1772628215,mosquitto,aflnet,1,nodes,8
1772628215,mosquitto,aflnet,1,edges,24
1772628241,mosquitto,aflnet,1,nodes,8
1772628241,mosquitto,aflnet,1,edges,24
1772628262,mosquitto,aflnet,1,nodes,8
1772628262,mosquitto,aflnet,1,edges,25
1772628277,mosquitto,aflnet,1,nodes,8
1772628277,mosquitto,aflnet,1,edges,25
1772628298,mosquitto,aflnet,1,nodes,8
1772628298,mosquitto,aflnet,1,edges,25
1772628313,mosquitto,aflnet,1,nodes,8
1772628313,mosquitto,aflnet,1,edges,25
1772628333,mosquitto,aflnet,1,nodes,8
1772628333,mosquitto,aflnet,1,edges,25
1772628349,mosquitto,aflnet,1,nodes,8
1772628349,mosquitto,aflnet,1,edges,25
1772628364,mosquitto,aflnet,1,nodes,8
1772628364,mosquitto,aflnet,1,edges,25
1772628390,mosquitto,aflnet,1,nodes,8
1772628390,mosquitto,aflnet,1,edges,25
1772628395,mosquitto,aflnet,1,nodes,8
1772628395,mosquitto,aflnet,1,edges,25
1772628400,mosquitto,aflnet,1,nodes,8
1772628400,mosquitto,aflnet,1,edges,25
1772628405,mosquitto,aflnet,1,nodes,8
1772628405,mosquitto,aflnet,1,edges,25
1772628452,mosquitto,aflnet,1,nodes,8
1772628452,mosquitto,aflnet,1,edges,26
1772628467,mosquitto,aflnet,1,nodes,8
1772628467,mosquitto,aflnet,1,edges,26
1772628487,mosquitto,aflnet,1,nodes,8
1772628487,mosquitto,aflnet,1,edges,26
1772628492,mosquitto,aflnet,1,nodes,8
1772628492,mosquitto,aflnet,1,edges,26
1772628523,mosquitto,aflnet,1,nodes,8
1772628523,mosquitto,aflnet,1,edges,26
1772628538,mosquitto,aflnet,1,nodes,8
1772628538,mosquitto,aflnet,1,edges,26
1772628549,mosquitto,aflnet,1,nodes,8
1772628549,mosquitto,aflnet,1,edges,26
1772628559,mosquitto,aflnet,1,nodes,8
1772628559,mosquitto,aflnet,1,edges,26
1772628637,mosquitto,aflnet,1,nodes,8
1772628637,mosquitto,aflnet,1,edges,27
1772628642,mosquitto,aflnet,1,nodes,8
1772628642,mosquitto,aflnet,1,edges,27
1772628647,mosquitto,aflnet,1,nodes,8
1772628647,mosquitto,aflnet,1,edges,27
1772628652,mosquitto,aflnet,1,nodes,8
1772628652,mosquitto,aflnet,1,edges,27
1772628672,mosquitto,aflnet,1,nodes,8
1772628672,mosquitto,aflnet,1,edges,27
1772628755,mosquitto,aflnet,1,nodes,8
1772628755,mosquitto,aflnet,1,edges,27
1772628775,mosquitto,aflnet,1,nodes,8
1772628775,mosquitto,aflnet,1,edges,27
1772628796,mosquitto,aflnet,1,nodes,8
1772628796,mosquitto,aflnet,1,edges,27
1772628806,mosquitto,aflnet,1,nodes,8
1772628806,mosquitto,aflnet,1,edges,27
1772628811,mosquitto,aflnet,1,nodes,8
1772628811,mosquitto,aflnet,1,edges,27
1772628858,mosquitto,aflnet,1,nodes,8
1772628858,mosquitto,aflnet,1,edges,27
1772628863,mosquitto,aflnet,1,nodes,8
1772628863,mosquitto,aflnet,1,edges,27
1772628868,mosquitto,aflnet,1,nodes,8
1772628868,mosquitto,aflnet,1,edges,27
1772628909,mosquitto,aflnet,1,nodes,8
1772628909,mosquitto,aflnet,1,edges,27
1772628976,mosquitto,aflnet,1,nodes,8
1772628976,mosquitto,aflnet,1,edges,27
1772628992,mosquitto,aflnet,1,nodes,8
1772628992,mosquitto,aflnet,1,edges,27
1772628997,mosquitto,aflnet,1,nodes,8
1772628997,mosquitto,aflnet,1,edges,27
1772629043,mosquitto,aflnet,1,nodes,8
1772629043,mosquitto,aflnet,1,edges,27
1772629079,mosquitto,aflnet,1,nodes,8
1772629079,mosquitto,aflnet,1,edges,27
1772629110,mosquitto,aflnet,1,nodes,8
1772629110,mosquitto,aflnet,1,edges,27
1772629115,mosquitto,aflnet,1,nodes,8
1772629115,mosquitto,aflnet,1,edges,27
1772629121,mosquitto,aflnet,1,nodes,8
1772629121,mosquitto,aflnet,1,edges,27
1772629126,mosquitto,aflnet,1,nodes,8
1772629126,mosquitto,aflnet,1,edges,27
1772629146,mosquitto,aflnet,1,nodes,8
1772629146,mosquitto,aflnet,1,edges,27
1772629151,mosquitto,aflnet,1,nodes,8
1772629151,mosquitto,aflnet,1,edges,27
1772629156,mosquitto,aflnet,1,nodes,8
1772629156,mosquitto,aflnet,1,edges,27
1772629172,mosquitto,aflnet,1,nodes,8
1772629172,mosquitto,aflnet,1,edges,27
1772629182,mosquitto,aflnet,1,nodes,8
1772629182,mosquitto,aflnet,1,edges,27
1772629218,mosquitto,aflnet,1,nodes,8
1772629218,mosquitto,aflnet,1,edges,28
1772629290,mosquitto,aflnet,1,nodes,8
1772629290,mosquitto,aflnet,1,edges,28
1772629336,mosquitto,aflnet,1,nodes,8
1772629336,mosquitto,aflnet,1,edges,28
1772629351,mosquitto,aflnet,1,nodes,8
1772629351,mosquitto,aflnet,1,edges,28
1772629387,mosquitto,aflnet,1,nodes,8
1772629387,mosquitto,aflnet,1,edges,28
1772629480,mosquitto,aflnet,1,nodes,8
1772629480,mosquitto,aflnet,1,edges,28
1772629536,mosquitto,aflnet,1,nodes,8
1772629536,mosquitto,aflnet,1,edges,28
1772629566,mosquitto,aflnet,1,nodes,8
1772629566,mosquitto,aflnet,1,edges,28
1772629597,mosquitto,aflnet,1,nodes,8
1772629597,mosquitto,aflnet,1,edges,28
1772629607,mosquitto,aflnet,1,nodes,8
1772629607,mosquitto,aflnet,1,edges,28
1772629674,mosquitto,aflnet,1,nodes,8
1772629674,mosquitto,aflnet,1,edges,28
1772629690,mosquitto,aflnet,1,nodes,8
1772629690,mosquitto,aflnet,1,edges,28
1772629762,mosquitto,aflnet,1,nodes,8
1772629762,mosquitto,aflnet,1,edges,28
1772629814,mosquitto,aflnet,1,nodes,8
1772629814,mosquitto,aflnet,1,edges,28
1772629876,mosquitto,aflnet,1,nodes,8
1772629876,mosquitto,aflnet,1,edges,28
1772629886,mosquitto,aflnet,1,nodes,8
1772629886,mosquitto,aflnet,1,edges,28
1772629901,mosquitto,aflnet,1,nodes,8
1772629901,mosquitto,aflnet,1,edges,28
1772629957,mosquitto,aflnet,1,nodes,8
1772629957,mosquitto,aflnet,1,edges,28
1772629968,mosquitto,aflnet,1,nodes,8
1772629968,mosquitto,aflnet,1,edges,28
1772629999,mosquitto,aflnet,1,nodes,8
1772629999,mosquitto,aflnet,1,edges,28
1772630009,mosquitto,aflnet,1,nodes,8
1772630009,mosquitto,aflnet,1,edges,28
1772630019,mosquitto,aflnet,1,nodes,8
1772630019,mosquitto,aflnet,1,edges,28
1772630050,mosquitto,aflnet,1,nodes,8
1772630050,mosquitto,aflnet,1,edges,29
1772630101,mosquitto,aflnet,1,nodes,8
1772630101,mosquitto,aflnet,1,edges,29
1772630163,mosquitto,aflnet,1,nodes,8
1772630163,mosquitto,aflnet,1,edges,30
1772630173,mosquitto,aflnet,1,nodes,8
1772630173,mosquitto,aflnet,1,edges,30
1772630234,mosquitto,aflnet,1,nodes,8
1772630234,mosquitto,aflnet,1,edges,30
1772630239,mosquitto,aflnet,1,nodes,8
1772630239,mosquitto,aflnet,1,edges,30
1772630245,mosquitto,aflnet,1,nodes,8
1772630245,mosquitto,aflnet,1,edges,30
1772630250,mosquitto,aflnet,1,nodes,8
1772630250,mosquitto,aflnet,1,edges,30
1772630255,mosquitto,aflnet,1,nodes,8
1772630255,mosquitto,aflnet,1,edges,30
1772630260,mosquitto,aflnet,1,nodes,8
1772630260,mosquitto,aflnet,1,edges,30
1772630301,mosquitto,aflnet,1,nodes,8
1772630301,mosquitto,aflnet,1,edges,30
1772630306,mosquitto,aflnet,1,nodes,8
1772630306,mosquitto,aflnet,1,edges,30
1772630312,mosquitto,aflnet,1,nodes,8
1772630312,mosquitto,aflnet,1,edges,30
1772630409,mosquitto,aflnet,1,nodes,8
1772630409,mosquitto,aflnet,1,edges,30
1772630477,mosquitto,aflnet,1,nodes,8
1772630477,mosquitto,aflnet,1,edges,30
1772630497,mosquitto,aflnet,1,nodes,8
1772630497,mosquitto,aflnet,1,edges,30
1772630523,mosquitto,aflnet,1,nodes,8
1772630523,mosquitto,aflnet,1,edges,30
1772630528,mosquitto,aflnet,1,nodes,8
1772630528,mosquitto,aflnet,1,edges,30
1772630548,mosquitto,aflnet,1,nodes,8
1772630548,mosquitto,aflnet,1,edges,30
1772630554,mosquitto,aflnet,1,nodes,8
1772630554,mosquitto,aflnet,1,edges,30
1772630564,mosquitto,aflnet,1,nodes,8
1772630564,mosquitto,aflnet,1,edges,30
1772630595,mosquitto,aflnet,1,nodes,8
1772630595,mosquitto,aflnet,1,edges,30
1772630605,mosquitto,aflnet,1,nodes,8
1772630605,mosquitto,aflnet,1,edges,30
1772630620,mosquitto,aflnet,1,nodes,8
1772630620,mosquitto,aflnet,1,edges,30
1772630635,mosquitto,aflnet,1,nodes,8
1772630635,mosquitto,aflnet,1,edges,30
1772630667,mosquitto,aflnet,1,nodes,8
1772630667,mosquitto,aflnet,1,edges,30
1772630713,mosquitto,aflnet,1,nodes,8
1772630713,mosquitto,aflnet,1,edges,30
1772630744,mosquitto,aflnet,1,nodes,8
1772630744,mosquitto,aflnet,1,edges,30
1772630770,mosquitto,aflnet,1,nodes,8
1772630770,mosquitto,aflnet,1,edges,30
1772630867,mosquitto,aflnet,1,nodes,8
1772630867,mosquitto,aflnet,1,edges,30
1772630950,mosquitto,aflnet,1,nodes,8
1772630950,mosquitto,aflnet,1,edges,30
1772631007,mosquitto,aflnet,1,nodes,8
1772631007,mosquitto,aflnet,1,edges,30
1772631017,mosquitto,aflnet,1,nodes,8
1772631017,mosquitto,aflnet,1,edges,30
1772631037,mosquitto,aflnet,1,nodes,8
1772631037,mosquitto,aflnet,1,edges,30
1772631047,mosquitto,aflnet,1,nodes,8
1772631047,mosquitto,aflnet,1,edges,30
1772631063,mosquitto,aflnet,1,nodes,8
1772631063,mosquitto,aflnet,1,edges,30
1772631155,mosquitto,aflnet,1,nodes,8
1772631155,mosquitto,aflnet,1,edges,30
1772631211,mosquitto,aflnet,1,nodes,8
1772631211,mosquitto,aflnet,1,edges,30
1772631232,mosquitto,aflnet,1,nodes,8
1772631232,mosquitto,aflnet,1,edges,30
1772631247,mosquitto,aflnet,1,nodes,8
1772631247,mosquitto,aflnet,1,edges,30
1772631278,mosquitto,aflnet,1,nodes,8
1772631278,mosquitto,aflnet,1,edges,30
1772631293,mosquitto,aflnet,1,nodes,8
1772631293,mosquitto,aflnet,1,edges,30
1772631407,mosquitto,aflnet,1,nodes,8
1772631407,mosquitto,aflnet,1,edges,30
1772631412,mosquitto,aflnet,1,nodes,8
1772631412,mosquitto,aflnet,1,edges,30
1772631453,mosquitto,aflnet,1,nodes,8
1772631453,mosquitto,aflnet,1,edges,30
1772631474,mosquitto,aflnet,1,nodes,8
1772631474,mosquitto,aflnet,1,edges,30
1772631479,mosquitto,aflnet,1,nodes,8
1772631479,mosquitto,aflnet,1,edges,30
1772631489,mosquitto,aflnet,1,nodes,8
1772631489,mosquitto,aflnet,1,edges,30
1772631499,mosquitto,aflnet,1,nodes,8
1772631499,mosquitto,aflnet,1,edges,30
1772631546,mosquitto,aflnet,1,nodes,8
1772631546,mosquitto,aflnet,1,edges,30
1772631623,mosquitto,aflnet,1,nodes,8
1772631623,mosquitto,aflnet,1,edges,30
1772631633,mosquitto,aflnet,1,nodes,8
1772631633,mosquitto,aflnet,1,edges,30
1772631701,mosquitto,aflnet,1,nodes,8
1772631701,mosquitto,aflnet,1,edges,30
1772631742,mosquitto,aflnet,1,nodes,8
1772631742,mosquitto,aflnet,1,edges,30
1772631752,mosquitto,aflnet,1,nodes,8
1772631752,mosquitto,aflnet,1,edges,30
1772631767,mosquitto,aflnet,1,nodes,8
1772631767,mosquitto,aflnet,1,edges,30
1772631890,mosquitto,aflnet,1,nodes,8
1772631890,mosquitto,aflnet,1,edges,30
1772631978,mosquitto,aflnet,1,nodes,8
1772631978,mosquitto,aflnet,1,edges,30
1772631993,mosquitto,aflnet,1,nodes,8
1772631993,mosquitto,aflnet,1,edges,30
1772632050,mosquitto,aflnet,1,nodes,8
1772632050,mosquitto,aflnet,1,edges,30
1772632097,mosquitto,aflnet,1,nodes,8
1772632097,mosquitto,aflnet,1,edges,30
1772632148,mosquitto,aflnet,1,nodes,8
1772632148,mosquitto,aflnet,1,edges,30
1772632158,mosquitto,aflnet,1,nodes,8
1772632158,mosquitto,aflnet,1,edges,30
1772632194,mosquitto,aflnet,1,nodes,8
1772632194,mosquitto,aflnet,1,edges,30
1772632204,mosquitto,aflnet,1,nodes,8
1772632204,mosquitto,aflnet,1,edges,30
1772632230,mosquitto,aflnet,1,nodes,8
1772632230,mosquitto,aflnet,1,edges,30
1772620696,mosquitto,chatafl,1,nodes,4
1772620696,mosquitto,chatafl,1,edges,3
1772620701,mosquitto,chatafl,1,nodes,4
1772620701,mosquitto,chatafl,1,edges,3
1772620706,mosquitto,chatafl,1,nodes,4
1772620706,mosquitto,chatafl,1,edges,3
1772620711,mosquitto,chatafl,1,nodes,4
1772620711,mosquitto,chatafl,1,edges,3
1772620716,mosquitto,chatafl,1,nodes,4
1772620716,mosquitto,chatafl,1,edges,3
1772620721,mosquitto,chatafl,1,nodes,4
1772620721,mosquitto,chatafl,1,edges,3
1772620727,mosquitto,chatafl,1,nodes,4
1772620727,mosquitto,chatafl,1,edges,3
1772620732,mosquitto,chatafl,1,nodes,4
1772620732,mosquitto,chatafl,1,edges,3
1772620737,mosquitto,chatafl,1,nodes,4
1772620737,mosquitto,chatafl,1,edges,3
1772620742,mosquitto,chatafl,1,nodes,4
1772620742,mosquitto,chatafl,1,edges,3
1772620747,mosquitto,chatafl,1,nodes,4
1772620747,mosquitto,chatafl,1,edges,3
1772620752,mosquitto,chatafl,1,nodes,4
1772620752,mosquitto,chatafl,1,edges,3
1772620757,mosquitto,chatafl,1,nodes,4
1772620757,mosquitto,chatafl,1,edges,3
1772620762,mosquitto,chatafl,1,nodes,4
1772620762,mosquitto,chatafl,1,edges,3
1772620767,mosquitto,chatafl,1,nodes,4
1772620767,mosquitto,chatafl,1,edges,3
1772620773,mosquitto,chatafl,1,nodes,4
1772620773,mosquitto,chatafl,1,edges,3
1772620778,mosquitto,chatafl,1,nodes,4
1772620778,mosquitto,chatafl,1,edges,3
1772620783,mosquitto,chatafl,1,nodes,4
1772620783,mosquitto,chatafl,1,edges,3
1772620793,mosquitto,chatafl,1,nodes,4
1772620793,mosquitto,chatafl,1,edges,3
1772620799,mosquitto,chatafl,1,nodes,4
1772620799,mosquitto,chatafl,1,edges,3
1772620804,mosquitto,chatafl,1,nodes,4
1772620804,mosquitto,chatafl,1,edges,3
1772620809,mosquitto,chatafl,1,nodes,4
1772620809,mosquitto,chatafl,1,edges,3
1772620814,mosquitto,chatafl,1,nodes,4
1772620814,mosquitto,chatafl,1,edges,3
1772620819,mosquitto,chatafl,1,nodes,4
1772620819,mosquitto,chatafl,1,edges,3
1772620834,mosquitto,chatafl,1,nodes,4
1772620834,mosquitto,chatafl,1,edges,3
1772620840,mosquitto,chatafl,1,nodes,4
1772620840,mosquitto,chatafl,1,edges,3
1772620850,mosquitto,chatafl,1,nodes,4
1772620850,mosquitto,chatafl,1,edges,3
1772620855,mosquitto,chatafl,1,nodes,4
1772620855,mosquitto,chatafl,1,edges,4
1772620860,mosquitto,chatafl,1,nodes,4
1772620860,mosquitto,chatafl,1,edges,4
1772620865,mosquitto,chatafl,1,nodes,4
1772620865,mosquitto,chatafl,1,edges,4
1772620870,mosquitto,chatafl,1,nodes,4
1772620870,mosquitto,chatafl,1,edges,4
1772620875,mosquitto,chatafl,1,nodes,4
1772620875,mosquitto,chatafl,1,edges,4
1772620881,mosquitto,chatafl,1,nodes,4
1772620881,mosquitto,chatafl,1,edges,4
1772620886,mosquitto,chatafl,1,nodes,4
1772620886,mosquitto,chatafl,1,edges,4
1772620896,mosquitto,chatafl,1,nodes,4
1772620896,mosquitto,chatafl,1,edges,4
1772620901,mosquitto,chatafl,1,nodes,5
1772620901,mosquitto,chatafl,1,edges,5
1772620906,mosquitto,chatafl,1,nodes,5
1772620906,mosquitto,chatafl,1,edges,5
1772620911,mosquitto,chatafl,1,nodes,5
1772620911,mosquitto,chatafl,1,edges,5
1772620916,mosquitto,chatafl,1,nodes,5
1772620916,mosquitto,chatafl,1,edges,5
1772620922,mosquitto,chatafl,1,nodes,5
1772620922,mosquitto,chatafl,1,edges,5
1772620927,mosquitto,chatafl,1,nodes,5
1772620927,mosquitto,chatafl,1,edges,5
1772620932,mosquitto,chatafl,1,nodes,5
1772620932,mosquitto,chatafl,1,edges,5
1772620937,mosquitto,chatafl,1,nodes,5
1772620937,mosquitto,chatafl,1,edges,5
1772620952,mosquitto,chatafl,1,nodes,5
1772620952,mosquitto,chatafl,1,edges,5
1772620957,mosquitto,chatafl,1,nodes,5
1772620957,mosquitto,chatafl,1,edges,5
1772620963,mosquitto,chatafl,1,nodes,5
1772620963,mosquitto,chatafl,1,edges,5
1772620968,mosquitto,chatafl,1,nodes,5
1772620968,mosquitto,chatafl,1,edges,5
1772620973,mosquitto,chatafl,1,nodes,5
1772620973,mosquitto,chatafl,1,edges,5
1772620978,mosquitto,chatafl,1,nodes,5
1772620978,mosquitto,chatafl,1,edges,5
1772620983,mosquitto,chatafl,1,nodes,5
1772620983,mosquitto,chatafl,1,edges,6
1772620993,mosquitto,chatafl,1,nodes,5
1772620993,mosquitto,chatafl,1,edges,6
1772620998,mosquitto,chatafl,1,nodes,5
1772620998,mosquitto,chatafl,1,edges,6
1772621003,mosquitto,chatafl,1,nodes,5
1772621003,mosquitto,chatafl,1,edges,6
1772621009,mosquitto,chatafl,1,nodes,5
1772621009,mosquitto,chatafl,1,edges,6
1772621024,mosquitto,chatafl,1,nodes,5
1772621024,mosquitto,chatafl,1,edges,6
1772621049,mosquitto,chatafl,1,nodes,5
1772621049,mosquitto,chatafl,1,edges,6
1772621054,mosquitto,chatafl,1,nodes,5
1772621054,mosquitto,chatafl,1,edges,6
1772621060,mosquitto,chatafl,1,nodes,5
1772621060,mosquitto,chatafl,1,edges,6
1772621065,mosquitto,chatafl,1,nodes,5
1772621065,mosquitto,chatafl,1,edges,6
1772621095,mosquitto,chatafl,1,nodes,5
1772621095,mosquitto,chatafl,1,edges,8
1772621111,mosquitto,chatafl,1,nodes,5
1772621111,mosquitto,chatafl,1,edges,8
1772621172,mosquitto,chatafl,1,nodes,5
1772621172,mosquitto,chatafl,1,edges,8
1772621188,mosquitto,chatafl,1,nodes,5
1772621188,mosquitto,chatafl,1,edges,8
1772621193,mosquitto,chatafl,1,nodes,5
1772621193,mosquitto,chatafl,1,edges,8
1772621203,mosquitto,chatafl,1,nodes,5
1772621203,mosquitto,chatafl,1,edges,8
1772621208,mosquitto,chatafl,1,nodes,5
1772621208,mosquitto,chatafl,1,edges,8
1772621213,mosquitto,chatafl,1,nodes,5
1772621213,mosquitto,chatafl,1,edges,8
1772621218,mosquitto,chatafl,1,nodes,5
1772621218,mosquitto,chatafl,1,edges,8
1772621223,mosquitto,chatafl,1,nodes,5
1772621223,mosquitto,chatafl,1,edges,8
1772621229,mosquitto,chatafl,1,nodes,5
1772621229,mosquitto,chatafl,1,edges,8
1772621239,mosquitto,chatafl,1,nodes,5
1772621239,mosquitto,chatafl,1,edges,8
1772621259,mosquitto,chatafl,1,nodes,5
1772621259,mosquitto,chatafl,1,edges,8
1772621270,mosquitto,chatafl,1,nodes,5
1772621270,mosquitto,chatafl,1,edges,8
1772621290,mosquitto,chatafl,1,nodes,5
1772621290,mosquitto,chatafl,1,edges,8
1772621295,mosquitto,chatafl,1,nodes,5
1772621295,mosquitto,chatafl,1,edges,8
1772621300,mosquitto,chatafl,1,nodes,5
1772621300,mosquitto,chatafl,1,edges,8
1772621305,mosquitto,chatafl,1,nodes,5
1772621305,mosquitto,chatafl,1,edges,8
1772621310,mosquitto,chatafl,1,nodes,5
1772621310,mosquitto,chatafl,1,edges,8
1772621315,mosquitto,chatafl,1,nodes,5
1772621315,mosquitto,chatafl,1,edges,8
1772621336,mosquitto,chatafl,1,nodes,5
1772621336,mosquitto,chatafl,1,edges,8
1772621346,mosquitto,chatafl,1,nodes,5
1772621346,mosquitto,chatafl,1,edges,11
1772621351,mosquitto,chatafl,1,nodes,5
1772621351,mosquitto,chatafl,1,edges,11
1772621356,mosquitto,chatafl,1,nodes,5
1772621356,mosquitto,chatafl,1,edges,11
1772621366,mosquitto,chatafl,1,nodes,5
1772621366,mosquitto,chatafl,1,edges,11
1772621387,mosquitto,chatafl,1,nodes,5
1772621387,mosquitto,chatafl,1,edges,11
1772621397,mosquitto,chatafl,1,nodes,5
1772621397,mosquitto,chatafl,1,edges,11
1772621469,mosquitto,chatafl,1,nodes,5
1772621469,mosquitto,chatafl,1,edges,11
1772621474,mosquitto,chatafl,1,nodes,5
1772621474,mosquitto,chatafl,1,edges,11
1772621479,mosquitto,chatafl,1,nodes,5
1772621479,mosquitto,chatafl,1,edges,11
1772621485,mosquitto,chatafl,1,nodes,5
1772621485,mosquitto,chatafl,1,edges,11
1772621495,mosquitto,chatafl,1,nodes,5
1772621495,mosquitto,chatafl,1,edges,11
1772621500,mosquitto,chatafl,1,nodes,5
1772621500,mosquitto,chatafl,1,edges,11
1772621521,mosquitto,chatafl,1,nodes,5
1772621521,mosquitto,chatafl,1,edges,11
1772621536,mosquitto,chatafl,1,nodes,5
1772621536,mosquitto,chatafl,1,edges,11
1772621541,mosquitto,chatafl,1,nodes,5
1772621541,mosquitto,chatafl,1,edges,11
1772621546,mosquitto,chatafl,1,nodes,5
1772621546,mosquitto,chatafl,1,edges,11
1772621613,mosquitto,chatafl,1,nodes,5
1772621613,mosquitto,chatafl,1,edges,11
1772621618,mosquitto,chatafl,1,nodes,5
1772621618,mosquitto,chatafl,1,edges,11
1772621623,mosquitto,chatafl,1,nodes,5
1772621623,mosquitto,chatafl,1,edges,11
1772621690,mosquitto,chatafl,1,nodes,5
1772621690,mosquitto,chatafl,1,edges,11
1772621705,mosquitto,chatafl,1,nodes,5
1772621705,mosquitto,chatafl,1,edges,11
1772621767,mosquitto,chatafl,1,nodes,5
1772621767,mosquitto,chatafl,1,edges,11
1772621772,mosquitto,chatafl,1,nodes,5
1772621772,mosquitto,chatafl,1,edges,11
1772621788,mosquitto,chatafl,1,nodes,5
1772621788,mosquitto,chatafl,1,edges,11
1772621793,mosquitto,chatafl,1,nodes,5
1772621793,mosquitto,chatafl,1,edges,11
1772621829,mosquitto,chatafl,1,nodes,5
1772621829,mosquitto,chatafl,1,edges,11
1772621834,mosquitto,chatafl,1,nodes,5
1772621834,mosquitto,chatafl,1,edges,11
1772621849,mosquitto,chatafl,1,nodes,5
1772621849,mosquitto,chatafl,1,edges,11
1772621865,mosquitto,chatafl,1,nodes,5
1772621865,mosquitto,chatafl,1,edges,11
1772621890,mosquitto,chatafl,1,nodes,5
1772621890,mosquitto,chatafl,1,edges,11
1772621917,mosquitto,chatafl,1,nodes,5
1772621917,mosquitto,chatafl,1,edges,11
1772621927,mosquitto,chatafl,1,nodes,5
1772621927,mosquitto,chatafl,1,edges,11
1772621932,mosquitto,chatafl,1,nodes,5
1772621932,mosquitto,chatafl,1,edges,11
1772621978,mosquitto,chatafl,1,nodes,5
1772621978,mosquitto,chatafl,1,edges,11
1772621993,mosquitto,chatafl,1,nodes,5
1772621993,mosquitto,chatafl,1,edges,11
1772622019,mosquitto,chatafl,1,nodes,5
1772622019,mosquitto,chatafl,1,edges,11
1772622045,mosquitto,chatafl,1,nodes,5
1772622045,mosquitto,chatafl,1,edges,11
1772622055,mosquitto,chatafl,1,nodes,5
1772622055,mosquitto,chatafl,1,edges,11
1772622061,mosquitto,chatafl,1,nodes,5
1772622061,mosquitto,chatafl,1,edges,11
1772622092,mosquitto,chatafl,1,nodes,5
1772622092,mosquitto,chatafl,1,edges,11
1772622107,mosquitto,chatafl,1,nodes,5
1772622107,mosquitto,chatafl,1,edges,11
1772622143,mosquitto,chatafl,1,nodes,5
1772622143,mosquitto,chatafl,1,edges,11
1772622153,mosquitto,chatafl,1,nodes,5
1772622153,mosquitto,chatafl,1,edges,11
1772622159,mosquitto,chatafl,1,nodes,5
1772622159,mosquitto,chatafl,1,edges,11
1772622164,mosquitto,chatafl,1,nodes,5
1772622164,mosquitto,chatafl,1,edges,11
1772622179,mosquitto,chatafl,1,nodes,5
1772622179,mosquitto,chatafl,1,edges,11
1772622184,mosquitto,chatafl,1,nodes,5
1772622184,mosquitto,chatafl,1,edges,11
1772622189,mosquitto,chatafl,1,nodes,5
1772622189,mosquitto,chatafl,1,edges,11
1772622200,mosquitto,chatafl,1,nodes,5
1772622200,mosquitto,chatafl,1,edges,11
1772622205,mosquitto,chatafl,1,nodes,5
1772622205,mosquitto,chatafl,1,edges,11
1772622236,mosquitto,chatafl,1,nodes,5
1772622236,mosquitto,chatafl,1,edges,11
1772622272,mosquitto,chatafl,1,nodes,5
1772622272,mosquitto,chatafl,1,edges,11
1772622288,mosquitto,chatafl,1,nodes,5
1772622288,mosquitto,chatafl,1,edges,11
1772622298,mosquitto,chatafl,1,nodes,5
1772622298,mosquitto,chatafl,1,edges,11
1772622308,mosquitto,chatafl,1,nodes,5
1772622308,mosquitto,chatafl,1,edges,11
1772622313,mosquitto,chatafl,1,nodes,5
1772622313,mosquitto,chatafl,1,edges,11
1772622318,mosquitto,chatafl,1,nodes,5
1772622318,mosquitto,chatafl,1,edges,11
1772622344,mosquitto,chatafl,1,nodes,5
1772622344,mosquitto,chatafl,1,edges,11
1772622370,mosquitto,chatafl,1,nodes,5
1772622370,mosquitto,chatafl,1,edges,11
1772622391,mosquitto,chatafl,1,nodes,5
1772622391,mosquitto,chatafl,1,edges,11
1772622401,mosquitto,chatafl,1,nodes,5
1772622401,mosquitto,chatafl,1,edges,11
1772622427,mosquitto,chatafl,1,nodes,5
1772622427,mosquitto,chatafl,1,edges,11
1772622437,mosquitto,chatafl,1,nodes,5
1772622437,mosquitto,chatafl,1,edges,11
1772622463,mosquitto,chatafl,1,nodes,5
1772622463,mosquitto,chatafl,1,edges,11
1772622473,mosquitto,chatafl,1,nodes,5
1772622473,mosquitto,chatafl,1,edges,11
1772622535,mosquitto,chatafl,1,nodes,5
1772622535,mosquitto,chatafl,1,edges,11
1772622546,mosquitto,chatafl,1,nodes,5
1772622546,mosquitto,chatafl,1,edges,11
1772622561,mosquitto,chatafl,1,nodes,5
1772622561,mosquitto,chatafl,1,edges,11
1772622581,mosquitto,chatafl,1,nodes,5
1772622581,mosquitto,chatafl,1,edges,11
1772622618,mosquitto,chatafl,1,nodes,5
1772622618,mosquitto,chatafl,1,edges,11
1772622628,mosquitto,chatafl,1,nodes,5
1772622628,mosquitto,chatafl,1,edges,11
1772622634,mosquitto,chatafl,1,nodes,5
1772622634,mosquitto,chatafl,1,edges,11
1772622649,mosquitto,chatafl,1,nodes,5
1772622649,mosquitto,chatafl,1,edges,11
1772622664,mosquitto,chatafl,1,nodes,5
1772622664,mosquitto,chatafl,1,edges,11
1772622669,mosquitto,chatafl,1,nodes,5
1772622669,mosquitto,chatafl,1,edges,11
1772622674,mosquitto,chatafl,1,nodes,5
1772622674,mosquitto,chatafl,1,edges,11
1772622700,mosquitto,chatafl,1,nodes,5
1772622700,mosquitto,chatafl,1,edges,11
1772622710,mosquitto,chatafl,1,nodes,5
1772622710,mosquitto,chatafl,1,edges,11
1772622736,mosquitto,chatafl,1,nodes,5
1772622736,mosquitto,chatafl,1,edges,11
1772622762,mosquitto,chatafl,1,nodes,5
1772622762,mosquitto,chatafl,1,edges,11
1772622777,mosquitto,chatafl,1,nodes,5
1772622777,mosquitto,chatafl,1,edges,11
1772622782,mosquitto,chatafl,1,nodes,5
1772622782,mosquitto,chatafl,1,edges,11
1772622797,mosquitto,chatafl,1,nodes,5
1772622797,mosquitto,chatafl,1,edges,11
1772622803,mosquitto,chatafl,1,nodes,5
1772622803,mosquitto,chatafl,1,edges,11
1772622823,mosquitto,chatafl,1,nodes,5
1772622823,mosquitto,chatafl,1,edges,11
1772622864,mosquitto,chatafl,1,nodes,5
1772622864,mosquitto,chatafl,1,edges,11
1772622870,mosquitto,chatafl,1,nodes,5
1772622870,mosquitto,chatafl,1,edges,11
1772622880,mosquitto,chatafl,1,nodes,5
1772622880,mosquitto,chatafl,1,edges,11
1772622885,mosquitto,chatafl,1,nodes,5
1772622885,mosquitto,chatafl,1,edges,11
1772622906,mosquitto,chatafl,1,nodes,5
1772622906,mosquitto,chatafl,1,edges,11
1772622916,mosquitto,chatafl,1,nodes,5
1772622916,mosquitto,chatafl,1,edges,11
1772622932,mosquitto,chatafl,1,nodes,5
1772622932,mosquitto,chatafl,1,edges,11
1772622942,mosquitto,chatafl,1,nodes,5
1772622942,mosquitto,chatafl,1,edges,11
1772622947,mosquitto,chatafl,1,nodes,5
1772622947,mosquitto,chatafl,1,edges,11
1772622968,mosquitto,chatafl,1,nodes,5
1772622968,mosquitto,chatafl,1,edges,11
1772622978,mosquitto,chatafl,1,nodes,5
1772622978,mosquitto,chatafl,1,edges,11
1772622993,mosquitto,chatafl,1,nodes,5
1772622993,mosquitto,chatafl,1,edges,11
1772623014,mosquitto,chatafl,1,nodes,5
1772623014,mosquitto,chatafl,1,edges,11
1772623024,mosquitto,chatafl,1,nodes,5
1772623024,mosquitto,chatafl,1,edges,11
1772623040,mosquitto,chatafl,1,nodes,5
1772623040,mosquitto,chatafl,1,edges,11
1772623056,mosquitto,chatafl,1,nodes,5
1772623056,mosquitto,chatafl,1,edges,11
1772623066,mosquitto,chatafl,1,nodes,5
1772623066,mosquitto,chatafl,1,edges,11
1772623082,mosquitto,chatafl,1,nodes,5
1772623082,mosquitto,chatafl,1,edges,11
1772623102,mosquitto,chatafl,1,nodes,5
1772623102,mosquitto,chatafl,1,edges,11
1772623123,mosquitto,chatafl,1,nodes,5
1772623123,mosquitto,chatafl,1,edges,11
1772623133,mosquitto,chatafl,1,nodes,5
1772623133,mosquitto,chatafl,1,edges,11
1772623143,mosquitto,chatafl,1,nodes,5
1772623143,mosquitto,chatafl,1,edges,11
1772623149,mosquitto,chatafl,1,nodes,5
1772623149,mosquitto,chatafl,1,edges,12
1772623154,mosquitto,chatafl,1,nodes,6
1772623154,mosquitto,chatafl,1,edges,15
1772623169,mosquitto,chatafl,1,nodes,6
1772623169,mosquitto,chatafl,1,edges,15
1772623174,mosquitto,chatafl,1,nodes,6
1772623174,mosquitto,chatafl,1,edges,15
1772623205,mosquitto,chatafl,1,nodes,6
1772623205,mosquitto,chatafl,1,edges,15
1772623225,mosquitto,chatafl,1,nodes,6
1772623225,mosquitto,chatafl,1,edges,15
1772623241,mosquitto,chatafl,1,nodes,6
1772623241,mosquitto,chatafl,1,edges,15
1772623276,mosquitto,chatafl,1,nodes,6
1772623276,mosquitto,chatafl,1,edges,15
1772623297,mosquitto,chatafl,1,nodes,6
1772623297,mosquitto,chatafl,1,edges,15
1772623302,mosquitto,chatafl,1,nodes,6
1772623302,mosquitto,chatafl,1,edges,15
1772623312,mosquitto,chatafl,1,nodes,6
1772623312,mosquitto,chatafl,1,edges,15
1772623358,mosquitto,chatafl,1,nodes,6
1772623358,mosquitto,chatafl,1,edges,15
1772623368,mosquitto,chatafl,1,nodes,6
1772623368,mosquitto,chatafl,1,edges,15
1772623404,mosquitto,chatafl,1,nodes,6
1772623404,mosquitto,chatafl,1,edges,15
1772623429,mosquitto,chatafl,1,nodes,6
1772623429,mosquitto,chatafl,1,edges,15
1772623465,mosquitto,chatafl,1,nodes,6
1772623465,mosquitto,chatafl,1,edges,15
1772623470,mosquitto,chatafl,1,nodes,6
1772623470,mosquitto,chatafl,1,edges,15
1772623486,mosquitto,chatafl,1,nodes,6
1772623486,mosquitto,chatafl,1,edges,15
1772623506,mosquitto,chatafl,1,nodes,6
1772623506,mosquitto,chatafl,1,edges,15
1772623512,mosquitto,chatafl,1,nodes,6
1772623512,mosquitto,chatafl,1,edges,15
1772623517,mosquitto,chatafl,1,nodes,6
1772623517,mosquitto,chatafl,1,edges,15
1772623527,mosquitto,chatafl,1,nodes,6
1772623527,mosquitto,chatafl,1,edges,15
1772623559,mosquitto,chatafl,1,nodes,6
1772623559,mosquitto,chatafl,1,edges,15
1772623575,mosquitto,chatafl,1,nodes,6
1772623575,mosquitto,chatafl,1,edges,15
1772623643,mosquitto,chatafl,1,nodes,6
1772623643,mosquitto,chatafl,1,edges,15
1772623695,mosquitto,chatafl,1,nodes,6
1772623695,mosquitto,chatafl,1,edges,15
1772623717,mosquitto,chatafl,1,nodes,6
1772623717,mosquitto,chatafl,1,edges,15
1772623810,mosquitto,chatafl,1,nodes,6
1772623810,mosquitto,chatafl,1,edges,15
1772623847,mosquitto,chatafl,1,nodes,6
1772623847,mosquitto,chatafl,1,edges,15
1772623862,mosquitto,chatafl,1,nodes,6
1772623862,mosquitto,chatafl,1,edges,15
1772623888,mosquitto,chatafl,1,nodes,6
1772623888,mosquitto,chatafl,1,edges,15
1772623929,mosquitto,chatafl,1,nodes,6
1772623929,mosquitto,chatafl,1,edges,15
1772623945,mosquitto,chatafl,1,nodes,6
1772623945,mosquitto,chatafl,1,edges,15
1772623965,mosquitto,chatafl,1,nodes,6
1772623965,mosquitto,chatafl,1,edges,15
1772623986,mosquitto,chatafl,1,nodes,6
1772623986,mosquitto,chatafl,1,edges,15
1772624017,mosquitto,chatafl,1,nodes,6
1772624017,mosquitto,chatafl,1,edges,15
1772624043,mosquitto,chatafl,1,nodes,6
1772624043,mosquitto,chatafl,1,edges,15
1772624053,mosquitto,chatafl,1,nodes,6
1772624053,mosquitto,chatafl,1,edges,15
1772624068,mosquitto,chatafl,1,nodes,6
1772624068,mosquitto,chatafl,1,edges,15
1772624110,mosquitto,chatafl,1,nodes,6
1772624110,mosquitto,chatafl,1,edges,16
1772624130,mosquitto,chatafl,1,nodes,6
1772624130,mosquitto,chatafl,1,edges,16
1772624136,mosquitto,chatafl,1,nodes,6
1772624136,mosquitto,chatafl,1,edges,16
1772624166,mosquitto,chatafl,1,nodes,6
1772624166,mosquitto,chatafl,1,edges,16
1772624224,mosquitto,chatafl,1,nodes,6
1772624224,mosquitto,chatafl,1,edges,16
1772624240,mosquitto,chatafl,1,nodes,6
1772624240,mosquitto,chatafl,1,edges,16
1772624292,mosquitto,chatafl,1,nodes,6
1772624292,mosquitto,chatafl,1,edges,16
1772624297,mosquitto,chatafl,1,nodes,6
1772624297,mosquitto,chatafl,1,edges,16
1772624302,mosquitto,chatafl,1,nodes,6
1772624302,mosquitto,chatafl,1,edges,16
1772624312,mosquitto,chatafl,1,nodes,6
1772624312,mosquitto,chatafl,1,edges,16
1772624333,mosquitto,chatafl,1,nodes,6
1772624333,mosquitto,chatafl,1,edges,16
1772624338,mosquitto,chatafl,1,nodes,6
1772624338,mosquitto,chatafl,1,edges,16
1772624390,mosquitto,chatafl,1,nodes,6
1772624390,mosquitto,chatafl,1,edges,16
1772624420,mosquitto,chatafl,1,nodes,6
1772624420,mosquitto,chatafl,1,edges,16
1772624441,mosquitto,chatafl,1,nodes,6
1772624441,mosquitto,chatafl,1,edges,16
1772624451,mosquitto,chatafl,1,nodes,6
1772624451,mosquitto,chatafl,1,edges,16
1772624462,mosquitto,chatafl,1,nodes,6
1772624462,mosquitto,chatafl,1,edges,16
1772624472,mosquitto,chatafl,1,nodes,6
1772624472,mosquitto,chatafl,1,edges,16
1772624503,mosquitto,chatafl,1,nodes,6
1772624503,mosquitto,chatafl,1,edges,16
1772624508,mosquitto,chatafl,1,nodes,6
1772624508,mosquitto,chatafl,1,edges,16
1772624533,mosquitto,chatafl,1,nodes,6
1772624533,mosquitto,chatafl,1,edges,16
1772624539,mosquitto,chatafl,1,nodes,6
1772624539,mosquitto,chatafl,1,edges,16
1772624641,mosquitto,chatafl,1,nodes,6
1772624641,mosquitto,chatafl,1,edges,16
1772624682,mosquitto,chatafl,1,nodes,6
1772624682,mosquitto,chatafl,1,edges,16
1772624703,mosquitto,chatafl,1,nodes,6
1772624703,mosquitto,chatafl,1,edges,16
1772624713,mosquitto,chatafl,1,nodes,6
1772624713,mosquitto,chatafl,1,edges,16
1772624734,mosquitto,chatafl,1,nodes,6
1772624734,mosquitto,chatafl,1,edges,16
1772624765,mosquitto,chatafl,1,nodes,6
1772624765,mosquitto,chatafl,1,edges,16
1772624795,mosquitto,chatafl,1,nodes,6
1772624795,mosquitto,chatafl,1,edges,16
1772624831,mosquitto,chatafl,1,nodes,6
1772624831,mosquitto,chatafl,1,edges,16
1772624927,mosquitto,chatafl,1,nodes,6
1772624927,mosquitto,chatafl,1,edges,16
1772624933,mosquitto,chatafl,1,nodes,6
1772624933,mosquitto,chatafl,1,edges,16
1772624992,mosquitto,chatafl,1,nodes,6
1772624992,mosquitto,chatafl,1,edges,16
1772625007,mosquitto,chatafl,1,nodes,6
1772625007,mosquitto,chatafl,1,edges,16
1772625117,mosquitto,chatafl,1,nodes,6
1772625117,mosquitto,chatafl,1,edges,16
1772625194,mosquitto,chatafl,1,nodes,6
1772625194,mosquitto,chatafl,1,edges,16
1772625209,mosquitto,chatafl,1,nodes,6
1772625209,mosquitto,chatafl,1,edges,16
1772625219,mosquitto,chatafl,1,nodes,6
1772625219,mosquitto,chatafl,1,edges,16
1772625235,mosquitto,chatafl,1,nodes,6
1772625235,mosquitto,chatafl,1,edges,16
1772625240,mosquitto,chatafl,1,nodes,6
1772625240,mosquitto,chatafl,1,edges,16
1772625296,mosquitto,chatafl,1,nodes,6
1772625296,mosquitto,chatafl,1,edges,16
1772625306,mosquitto,chatafl,1,nodes,6
1772625306,mosquitto,chatafl,1,edges,16
1772625311,mosquitto,chatafl,1,nodes,6
1772625311,mosquitto,chatafl,1,edges,16
1772625317,mosquitto,chatafl,1,nodes,6
1772625317,mosquitto,chatafl,1,edges,16
1772625342,mosquitto,chatafl,1,nodes,6
1772625342,mosquitto,chatafl,1,edges,16
1772625347,mosquitto,chatafl,1,nodes,6
1772625347,mosquitto,chatafl,1,edges,16
1772625383,mosquitto,chatafl,1,nodes,6
1772625383,mosquitto,chatafl,1,edges,16
1772625399,mosquitto,chatafl,1,nodes,6
1772625399,mosquitto,chatafl,1,edges,16
1772625414,mosquitto,chatafl,1,nodes,6
1772625414,mosquitto,chatafl,1,edges,16
1772625440,mosquitto,chatafl,1,nodes,6
1772625440,mosquitto,chatafl,1,edges,16
1772625481,mosquitto,chatafl,1,nodes,6
1772625481,mosquitto,chatafl,1,edges,16
1772625507,mosquitto,chatafl,1,nodes,6
1772625507,mosquitto,chatafl,1,edges,16
1772625538,mosquitto,chatafl,1,nodes,6
1772625538,mosquitto,chatafl,1,edges,16
1772625548,mosquitto,chatafl,1,nodes,6
1772625548,mosquitto,chatafl,1,edges,16
1772625578,mosquitto,chatafl,1,nodes,6
1772625578,mosquitto,chatafl,1,edges,16
1772625671,mosquitto,chatafl,1,nodes,6
1772625671,mosquitto,chatafl,1,edges,16
1772625702,mosquitto,chatafl,1,nodes,6
1772625702,mosquitto,chatafl,1,edges,16
1772625728,mosquitto,chatafl,1,nodes,6
1772625728,mosquitto,chatafl,1,edges,16
1772625734,mosquitto,chatafl,1,nodes,6
1772625734,mosquitto,chatafl,1,edges,16
1772625739,mosquitto,chatafl,1,nodes,6
1772625739,mosquitto,chatafl,1,edges,16
1772625744,mosquitto,chatafl,1,nodes,6
1772625744,mosquitto,chatafl,1,edges,16
1772625812,mosquitto,chatafl,1,nodes,6
1772625812,mosquitto,chatafl,1,edges,16
1772625886,mosquitto,chatafl,1,nodes,6
1772625886,mosquitto,chatafl,1,edges,16
1772625891,mosquitto,chatafl,1,nodes,6
1772625891,mosquitto,chatafl,1,edges,16
1772625912,mosquitto,chatafl,1,nodes,6
1772625912,mosquitto,chatafl,1,edges,16
1772625958,mosquitto,chatafl,1,nodes,6
1772625958,mosquitto,chatafl,1,edges,16
1772625969,mosquitto,chatafl,1,nodes,6
1772625969,mosquitto,chatafl,1,edges,16
1772626041,mosquitto,chatafl,1,nodes,6
1772626041,mosquitto,chatafl,1,edges,16
1772626067,mosquitto,chatafl,1,nodes,6
1772626067,mosquitto,chatafl,1,edges,16
1772626113,mosquitto,chatafl,1,nodes,6
1772626113,mosquitto,chatafl,1,edges,16
1772626148,mosquitto,chatafl,1,nodes,6
1772626148,mosquitto,chatafl,1,edges,16
1772626175,mosquitto,chatafl,1,nodes,6
1772626175,mosquitto,chatafl,1,edges,16
1772626271,mosquitto,chatafl,1,nodes,6
1772626271,mosquitto,chatafl,1,edges,16
1772626328,mosquitto,chatafl,1,nodes,6
1772626328,mosquitto,chatafl,1,edges,16
1772626343,mosquitto,chatafl,1,nodes,6
1772626343,mosquitto,chatafl,1,edges,16
1772626410,mosquitto,chatafl,1,nodes,6
1772626410,mosquitto,chatafl,1,edges,16
1772626420,mosquitto,chatafl,1,nodes,6
1772626420,mosquitto,chatafl,1,edges,16
1772626446,mosquitto,chatafl,1,nodes,6
1772626446,mosquitto,chatafl,1,edges,16
1772626482,mosquitto,chatafl,1,nodes,6
1772626482,mosquitto,chatafl,1,edges,16
1772626549,mosquitto,chatafl,1,nodes,6
1772626549,mosquitto,chatafl,1,edges,16
1772626575,mosquitto,chatafl,1,nodes,6
1772626575,mosquitto,chatafl,1,edges,16
1772626627,mosquitto,chatafl,1,nodes,6
1772626627,mosquitto,chatafl,1,edges,16
1772626647,mosquitto,chatafl,1,nodes,6
1772626647,mosquitto,chatafl,1,edges,16
1772626677,mosquitto,chatafl,1,nodes,6
1772626677,mosquitto,chatafl,1,edges,16
1772626719,mosquitto,chatafl,1,nodes,6
1772626719,mosquitto,chatafl,1,edges,16
1772626790,mosquitto,chatafl,1,nodes,6
1772626790,mosquitto,chatafl,1,edges,16
1772626805,mosquitto,chatafl,1,nodes,6
1772626805,mosquitto,chatafl,1,edges,16
1772626816,mosquitto,chatafl,1,nodes,6
1772626816,mosquitto,chatafl,1,edges,16
1772626826,mosquitto,chatafl,1,nodes,6
1772626826,mosquitto,chatafl,1,edges,16
1772626831,mosquitto,chatafl,1,nodes,6
1772626831,mosquitto,chatafl,1,edges,16
1772626836,mosquitto,chatafl,1,nodes,6
1772626836,mosquitto,chatafl,1,edges,16
1772626861,mosquitto,chatafl,1,nodes,6
1772626861,mosquitto,chatafl,1,edges,16
1772626887,mosquitto,chatafl,1,nodes,6
1772626887,mosquitto,chatafl,1,edges,16
1772626897,mosquitto,chatafl,1,nodes,6
1772626897,mosquitto,chatafl,1,edges,16
1772626918,mosquitto,chatafl,1,nodes,6
1772626918,mosquitto,chatafl,1,edges,16
1772626975,mosquitto,chatafl,1,nodes,6
1772626975,mosquitto,chatafl,1,edges,16
1772627000,mosquitto,chatafl,1,nodes,6
1772627000,mosquitto,chatafl,1,edges,16
1772627005,mosquitto,chatafl,1,nodes,6
1772627005,mosquitto,chatafl,1,edges,16
1772627021,mosquitto,chatafl,1,nodes,6
1772627021,mosquitto,chatafl,1,edges,16
1772627026,mosquitto,chatafl,1,nodes,6
1772627026,mosquitto,chatafl,1,edges,16
1772627031,mosquitto,chatafl,1,nodes,6
1772627031,mosquitto,chatafl,1,edges,16
1772627068,mosquitto,chatafl,1,nodes,6
1772627068,mosquitto,chatafl,1,edges,16
1772627083,mosquitto,chatafl,1,nodes,6
1772627083,mosquitto,chatafl,1,edges,16
1772627098,mosquitto,chatafl,1,nodes,6
1772627098,mosquitto,chatafl,1,edges,16
1772627114,mosquitto,chatafl,1,nodes,6
1772627114,mosquitto,chatafl,1,edges,16
1772627144,mosquitto,chatafl,1,nodes,6
1772627144,mosquitto,chatafl,1,edges,16
1772627160,mosquitto,chatafl,1,nodes,6
1772627160,mosquitto,chatafl,1,edges,16
1772627165,mosquitto,chatafl,1,nodes,6
1772627165,mosquitto,chatafl,1,edges,16
1772627175,mosquitto,chatafl,1,nodes,6
1772627175,mosquitto,chatafl,1,edges,16
1772627196,mosquitto,chatafl,1,nodes,6
1772627196,mosquitto,chatafl,1,edges,16
1772627319,mosquitto,chatafl,1,nodes,6
1772627319,mosquitto,chatafl,1,edges,16
1772627324,mosquitto,chatafl,1,nodes,6
1772627324,mosquitto,chatafl,1,edges,16
1772627350,mosquitto,chatafl,1,nodes,6
1772627350,mosquitto,chatafl,1,edges,16
1772627371,mosquitto,chatafl,1,nodes,6
1772627371,mosquitto,chatafl,1,edges,16
1772627413,mosquitto,chatafl,1,nodes,6
1772627413,mosquitto,chatafl,1,edges,16
1772627433,mosquitto,chatafl,1,nodes,6
1772627433,mosquitto,chatafl,1,edges,16
1772627464,mosquitto,chatafl,1,nodes,6
1772627464,mosquitto,chatafl,1,edges,16
1772627490,mosquitto,chatafl,1,nodes,6
1772627490,mosquitto,chatafl,1,edges,16
1772627516,mosquitto,chatafl,1,nodes,6
1772627516,mosquitto,chatafl,1,edges,16
1772627536,mosquitto,chatafl,1,nodes,6
1772627536,mosquitto,chatafl,1,edges,16
1772627552,mosquitto,chatafl,1,nodes,6
1772627552,mosquitto,chatafl,1,edges,16
1772627629,mosquitto,chatafl,1,nodes,6
1772627629,mosquitto,chatafl,1,edges,16
1772627645,mosquitto,chatafl,1,nodes,6
1772627645,mosquitto,chatafl,1,edges,16
1772627675,mosquitto,chatafl,1,nodes,6
1772627675,mosquitto,chatafl,1,edges,16
1772627711,mosquitto,chatafl,1,nodes,6
1772627711,mosquitto,chatafl,1,edges,16
1772627727,mosquitto,chatafl,1,nodes,6
1772627727,mosquitto,chatafl,1,edges,16
1772627773,mosquitto,chatafl,1,nodes,6
1772627773,mosquitto,chatafl,1,edges,17
1772627804,mosquitto,chatafl,1,nodes,6
1772627804,mosquitto,chatafl,1,edges,17
1772627845,mosquitto,chatafl,1,nodes,6
1772627845,mosquitto,chatafl,1,edges,17
1772627871,mosquitto,chatafl,1,nodes,6
1772627871,mosquitto,chatafl,1,edges,17
1772627881,mosquitto,chatafl,1,nodes,6
1772627881,mosquitto,chatafl,1,edges,17
1772627984,mosquitto,chatafl,1,nodes,6
1772627984,mosquitto,chatafl,1,edges,17
1772628015,mosquitto,chatafl,1,nodes,6
1772628015,mosquitto,chatafl,1,edges,17
1772628072,mosquitto,chatafl,1,nodes,6
1772628072,mosquitto,chatafl,1,edges,17
1772628082,mosquitto,chatafl,1,nodes,6
1772628082,mosquitto,chatafl,1,edges,17
1772628097,mosquitto,chatafl,1,nodes,6
1772628097,mosquitto,chatafl,1,edges,17
1772628107,mosquitto,chatafl,1,nodes,6
1772628107,mosquitto,chatafl,1,edges,17
1772628184,mosquitto,chatafl,1,nodes,6
1772628184,mosquitto,chatafl,1,edges,17
1772628210,mosquitto,chatafl,1,nodes,6
1772628210,mosquitto,chatafl,1,edges,17
1772628220,mosquitto,chatafl,1,nodes,6
1772628220,mosquitto,chatafl,1,edges,17
1772628225,mosquitto,chatafl,1,nodes,6
1772628225,mosquitto,chatafl,1,edges,17
1772628281,mosquitto,chatafl,1,nodes,6
1772628281,mosquitto,chatafl,1,edges,17
1772628287,mosquitto,chatafl,1,nodes,6
1772628287,mosquitto,chatafl,1,edges,17
1772628333,mosquitto,chatafl,1,nodes,6
1772628333,mosquitto,chatafl,1,edges,17
1772628364,mosquitto,chatafl,1,nodes,6
1772628364,mosquitto,chatafl,1,edges,17
1772628389,mosquitto,chatafl,1,nodes,6
1772628389,mosquitto,chatafl,1,edges,17
1772628399,mosquitto,chatafl,1,nodes,6
1772628399,mosquitto,chatafl,1,edges,17
1772628410,mosquitto,chatafl,1,nodes,6
1772628410,mosquitto,chatafl,1,edges,17
1772628470,mosquitto,chatafl,1,nodes,6
1772628470,mosquitto,chatafl,1,edges,17
1772628475,mosquitto,chatafl,1,nodes,6
1772628475,mosquitto,chatafl,1,edges,17
1772628527,mosquitto,chatafl,1,nodes,6
1772628527,mosquitto,chatafl,1,edges,17
1772628548,mosquitto,chatafl,1,nodes,6
1772628548,mosquitto,chatafl,1,edges,17
1772628553,mosquitto,chatafl,1,nodes,6
1772628553,mosquitto,chatafl,1,edges,17
1772628558,mosquitto,chatafl,1,nodes,6
1772628558,mosquitto,chatafl,1,edges,17
1772628584,mosquitto,chatafl,1,nodes,7
1772628584,mosquitto,chatafl,1,edges,18
1772628594,mosquitto,chatafl,1,nodes,7
1772628594,mosquitto,chatafl,1,edges,18
1772628610,mosquitto,chatafl,1,nodes,7
1772628610,mosquitto,chatafl,1,edges,18
1772628615,mosquitto,chatafl,1,nodes,7
1772628615,mosquitto,chatafl,1,edges,18
1772628630,mosquitto,chatafl,1,nodes,7
1772628630,mosquitto,chatafl,1,edges,18
1772628693,mosquitto,chatafl,1,nodes,7
1772628693,mosquitto,chatafl,1,edges,18
1772628750,mosquitto,chatafl,1,nodes,7
1772628750,mosquitto,chatafl,1,edges,18
1772628841,mosquitto,chatafl,1,nodes,7
1772628841,mosquitto,chatafl,1,edges,18
1772628851,mosquitto,chatafl,1,nodes,7
1772628851,mosquitto,chatafl,1,edges,18
1772628871,mosquitto,chatafl,1,nodes,7
1772628871,mosquitto,chatafl,1,edges,18
1772628881,mosquitto,chatafl,1,nodes,7
1772628881,mosquitto,chatafl,1,edges,18
1772628922,mosquitto,chatafl,1,nodes,7
1772628922,mosquitto,chatafl,1,edges,18
1772628938,mosquitto,chatafl,1,nodes,7
1772628938,mosquitto,chatafl,1,edges,18
1772629015,mosquitto,chatafl,1,nodes,7
1772629015,mosquitto,chatafl,1,edges,18
1772629107,mosquitto,chatafl,1,nodes,7
1772629107,mosquitto,chatafl,1,edges,18
1772629133,mosquitto,chatafl,1,nodes,7
1772629133,mosquitto,chatafl,1,edges,18
1772629174,mosquitto,chatafl,1,nodes,7
1772629174,mosquitto,chatafl,1,edges,18
1772629220,mosquitto,chatafl,1,nodes,7
1772629220,mosquitto,chatafl,1,edges,18
1772629225,mosquitto,chatafl,1,nodes,7
1772629225,mosquitto,chatafl,1,edges,18
1772629231,mosquitto,chatafl,1,nodes,7
1772629231,mosquitto,chatafl,1,edges,18
1772629236,mosquitto,chatafl,1,nodes,7
1772629236,mosquitto,chatafl,1,edges,19
1772629246,mosquitto,chatafl,1,nodes,7
1772629246,mosquitto,chatafl,1,edges,19
1772629256,mosquitto,chatafl,1,nodes,7
1772629256,mosquitto,chatafl,1,edges,19
1772629266,mosquitto,chatafl,1,nodes,7
1772629266,mosquitto,chatafl,1,edges,19
1772629271,mosquitto,chatafl,1,nodes,7
1772629271,mosquitto,chatafl,1,edges,19
1772629277,mosquitto,chatafl,1,nodes,7
1772629277,mosquitto,chatafl,1,edges,20
1772629287,mosquitto,chatafl,1,nodes,7
1772629287,mosquitto,chatafl,1,edges,20
1772629292,mosquitto,chatafl,1,nodes,7
1772629292,mosquitto,chatafl,1,edges,20
1772629302,mosquitto,chatafl,1,nodes,7
1772629302,mosquitto,chatafl,1,edges,20
1772629307,mosquitto,chatafl,1,nodes,7
1772629307,mosquitto,chatafl,1,edges,20
1772629312,mosquitto,chatafl,1,nodes,7
1772629312,mosquitto,chatafl,1,edges,20
1772629323,mosquitto,chatafl,1,nodes,7
1772629323,mosquitto,chatafl,1,edges,20
1772629333,mosquitto,chatafl,1,nodes,7
1772629333,mosquitto,chatafl,1,edges,20
1772629343,mosquitto,chatafl,1,nodes,7
1772629343,mosquitto,chatafl,1,edges,20
1772629359,mosquitto,chatafl,1,nodes,7
1772629359,mosquitto,chatafl,1,edges,20
1772629364,mosquitto,chatafl,1,nodes,7
1772629364,mosquitto,chatafl,1,edges,20
1772629374,mosquitto,chatafl,1,nodes,7
1772629374,mosquitto,chatafl,1,edges,20
1772629385,mosquitto,chatafl,1,nodes,7
1772629385,mosquitto,chatafl,1,edges,20
1772629430,mosquitto,chatafl,1,nodes,7
1772629430,mosquitto,chatafl,1,edges,20
1772629450,mosquitto,chatafl,1,nodes,7
1772629450,mosquitto,chatafl,1,edges,20
1772629491,mosquitto,chatafl,1,nodes,7
1772629491,mosquitto,chatafl,1,edges,20
1772629553,mosquitto,chatafl,1,nodes,7
1772629553,mosquitto,chatafl,1,edges,20
1772629642,mosquitto,chatafl,1,nodes,7
1772629642,mosquitto,chatafl,1,edges,20
1772629678,mosquitto,chatafl,1,nodes,7
1772629678,mosquitto,chatafl,1,edges,20
1772629693,mosquitto,chatafl,1,nodes,7
1772629693,mosquitto,chatafl,1,edges,20
1772629786,mosquitto,chatafl,1,nodes,7
1772629786,mosquitto,chatafl,1,edges,20
1772629817,mosquitto,chatafl,1,nodes,7
1772629817,mosquitto,chatafl,1,edges,20
1772629822,mosquitto,chatafl,1,nodes,7
1772629822,mosquitto,chatafl,1,edges,20
1772629827,mosquitto,chatafl,1,nodes,7
1772629827,mosquitto,chatafl,1,edges,20
1772629837,mosquitto,chatafl,1,nodes,7
1772629837,mosquitto,chatafl,1,edges,20
1772629853,mosquitto,chatafl,1,nodes,7
1772629853,mosquitto,chatafl,1,edges,20
1772629858,mosquitto,chatafl,1,nodes,7
1772629858,mosquitto,chatafl,1,edges,20
1772629868,mosquitto,chatafl,1,nodes,7
1772629868,mosquitto,chatafl,1,edges,20
1772629879,mosquitto,chatafl,1,nodes,7
1772629879,mosquitto,chatafl,1,edges,20
1772629884,mosquitto,chatafl,1,nodes,7
1772629884,mosquitto,chatafl,1,edges,20
1772629915,mosquitto,chatafl,1,nodes,7
1772629915,mosquitto,chatafl,1,edges,20
1772629925,mosquitto,chatafl,1,nodes,7
1772629925,mosquitto,chatafl,1,edges,20
1772629930,mosquitto,chatafl,1,nodes,7
1772629930,mosquitto,chatafl,1,edges,20
1772629945,mosquitto,chatafl,1,nodes,7
1772629945,mosquitto,chatafl,1,edges,20
1772629960,mosquitto,chatafl,1,nodes,7
1772629960,mosquitto,chatafl,1,edges,20
1772629966,mosquitto,chatafl,1,nodes,7
1772629966,mosquitto,chatafl,1,edges,20
1772629976,mosquitto,chatafl,1,nodes,7
1772629976,mosquitto,chatafl,1,edges,20
1772630001,mosquitto,chatafl,1,nodes,7
1772630001,mosquitto,chatafl,1,edges,20
1772630073,mosquitto,chatafl,1,nodes,7
1772630073,mosquitto,chatafl,1,edges,20
1772630094,mosquitto,chatafl,1,nodes,7
1772630094,mosquitto,chatafl,1,edges,20
1772630135,mosquitto,chatafl,1,nodes,7
1772630135,mosquitto,chatafl,1,edges,20
1772630140,mosquitto,chatafl,1,nodes,7
1772630140,mosquitto,chatafl,1,edges,20
1772630145,mosquitto,chatafl,1,nodes,7
1772630145,mosquitto,chatafl,1,edges,20
1772630186,mosquitto,chatafl,1,nodes,7
1772630186,mosquitto,chatafl,1,edges,20
1772630196,mosquitto,chatafl,1,nodes,7
1772630196,mosquitto,chatafl,1,edges,20
1772630231,mosquitto,chatafl,1,nodes,7
1772630231,mosquitto,chatafl,1,edges,20
1772630247,mosquitto,chatafl,1,nodes,7
1772630247,mosquitto,chatafl,1,edges,20
1772630283,mosquitto,chatafl,1,nodes,7
1772630283,mosquitto,chatafl,1,edges,20
1772630339,mosquitto,chatafl,1,nodes,7
1772630339,mosquitto,chatafl,1,edges,20
1772630432,mosquitto,chatafl,1,nodes,7
1772630432,mosquitto,chatafl,1,edges,20
1772630457,mosquitto,chatafl,1,nodes,7
1772630457,mosquitto,chatafl,1,edges,21
1772630478,mosquitto,chatafl,1,nodes,7
1772630478,mosquitto,chatafl,1,edges,21
1772630504,mosquitto,chatafl,1,nodes,7
1772630504,mosquitto,chatafl,1,edges,21
1772630514,mosquitto,chatafl,1,nodes,7
1772630514,mosquitto,chatafl,1,edges,21
1772630550,mosquitto,chatafl,1,nodes,7
1772630550,mosquitto,chatafl,1,edges,21
1772630607,mosquitto,chatafl,1,nodes,7
1772630607,mosquitto,chatafl,1,edges,21
1772630664,mosquitto,chatafl,1,nodes,7
1772630664,mosquitto,chatafl,1,edges,21
1772630669,mosquitto,chatafl,1,nodes,7
1772630669,mosquitto,chatafl,1,edges,21
1772630715,mosquitto,chatafl,1,nodes,7
1772630715,mosquitto,chatafl,1,edges,21
1772630725,mosquitto,chatafl,1,nodes,7
1772630725,mosquitto,chatafl,1,edges,21
1772630741,mosquitto,chatafl,1,nodes,7
1772630741,mosquitto,chatafl,1,edges,21
1772630756,mosquitto,chatafl,1,nodes,7
1772630756,mosquitto,chatafl,1,edges,21
1772630792,mosquitto,chatafl,1,nodes,7
1772630792,mosquitto,chatafl,1,edges,21
1772630875,mosquitto,chatafl,1,nodes,7
1772630875,mosquitto,chatafl,1,edges,21
1772630880,mosquitto,chatafl,1,nodes,7
1772630880,mosquitto,chatafl,1,edges,21
1772630922,mosquitto,chatafl,1,nodes,7
1772630922,mosquitto,chatafl,1,edges,21
1772630989,mosquitto,chatafl,1,nodes,7
1772630989,mosquitto,chatafl,1,edges,21
1772631082,mosquitto,chatafl,1,nodes,7
1772631082,mosquitto,chatafl,1,edges,21
1772631087,mosquitto,chatafl,1,nodes,7
1772631087,mosquitto,chatafl,1,edges,21
1772631092,mosquitto,chatafl,1,nodes,7
1772631092,mosquitto,chatafl,1,edges,21
1772631097,mosquitto,chatafl,1,nodes,7
1772631097,mosquitto,chatafl,1,edges,21
1772631113,mosquitto,chatafl,1,nodes,7
1772631113,mosquitto,chatafl,1,edges,21
1772631215,mosquitto,chatafl,1,nodes,7
1772631215,mosquitto,chatafl,1,edges,21
1772631220,mosquitto,chatafl,1,nodes,7
1772631220,mosquitto,chatafl,1,edges,21
1772631236,mosquitto,chatafl,1,nodes,7
1772631236,mosquitto,chatafl,1,edges,21
1772631292,mosquitto,chatafl,1,nodes,7
1772631292,mosquitto,chatafl,1,edges,21
1772631317,mosquitto,chatafl,1,nodes,7
1772631317,mosquitto,chatafl,1,edges,21
1772631399,mosquitto,chatafl,1,nodes,8
1772631399,mosquitto,chatafl,1,edges,22
1772631456,mosquitto,chatafl,1,nodes,8
1772631456,mosquitto,chatafl,1,edges,22
1772631476,mosquitto,chatafl,1,nodes,8
1772631476,mosquitto,chatafl,1,edges,22
1772631518,mosquitto,chatafl,1,nodes,8
1772631518,mosquitto,chatafl,1,edges,22
1772631533,mosquitto,chatafl,1,nodes,8
1772631533,mosquitto,chatafl,1,edges,22
1772631615,mosquitto,chatafl,1,nodes,8
1772631615,mosquitto,chatafl,1,edges,22
1772631635,mosquitto,chatafl,1,nodes,8
1772631635,mosquitto,chatafl,1,edges,22
1772631777,mosquitto,chatafl,1,nodes,8
1772631777,mosquitto,chatafl,1,edges,22
1772631803,mosquitto,chatafl,1,nodes,8
1772631803,mosquitto,chatafl,1,edges,22
1772631829,mosquitto,chatafl,1,nodes,8
1772631829,mosquitto,chatafl,1,edges,22
1772631975,mosquitto,chatafl,1,nodes,8
1772631975,mosquitto,chatafl,1,edges,22
1772632098,mosquitto,chatafl,1,nodes,8
1772632098,mosquitto,chatafl,1,edges,22
1772632108,mosquitto,chatafl,1,nodes,8
1772632108,mosquitto,chatafl,1,edges,22
1772632166,mosquitto,chatafl,1,nodes,8
1772632166,mosquitto,chatafl,1,edges,22
1772632176,mosquitto,chatafl,1,nodes,8
1772632176,mosquitto,chatafl,1,edges,22
1772632181,mosquitto,chatafl,1,nodes,8
1772632181,mosquitto,chatafl,1,edges,22
1772632222,mosquitto,chatafl,1,nodes,8
1772632222,mosquitto,chatafl,1,edges,22
1772620448,mosquitto,chatafl_opt,1,nodes,9
1772620448,mosquitto,chatafl_opt,1,edges,16
1772620453,mosquitto,chatafl_opt,1,nodes,9
1772620453,mosquitto,chatafl_opt,1,edges,16
1772620458,mosquitto,chatafl_opt,1,nodes,9
1772620458,mosquitto,chatafl_opt,1,edges,16
1772620463,mosquitto,chatafl_opt,1,nodes,9
1772620463,mosquitto,chatafl_opt,1,edges,16
1772620468,mosquitto,chatafl_opt,1,nodes,9
1772620468,mosquitto,chatafl_opt,1,edges,16
1772620473,mosquitto,chatafl_opt,1,nodes,9
1772620473,mosquitto,chatafl_opt,1,edges,16
1772620478,mosquitto,chatafl_opt,1,nodes,9
1772620478,mosquitto,chatafl_opt,1,edges,16
1772620483,mosquitto,chatafl_opt,1,nodes,9
1772620483,mosquitto,chatafl_opt,1,edges,16
1772620489,mosquitto,chatafl_opt,1,nodes,9
1772620489,mosquitto,chatafl_opt,1,edges,16
1772620494,mosquitto,chatafl_opt,1,nodes,9
1772620494,mosquitto,chatafl_opt,1,edges,16
1772620499,mosquitto,chatafl_opt,1,nodes,9
1772620499,mosquitto,chatafl_opt,1,edges,16
1772620504,mosquitto,chatafl_opt,1,nodes,9
1772620504,mosquitto,chatafl_opt,1,edges,16
1772620519,mosquitto,chatafl_opt,1,nodes,9
1772620519,mosquitto,chatafl_opt,1,edges,16
1772620524,mosquitto,chatafl_opt,1,nodes,9
1772620524,mosquitto,chatafl_opt,1,edges,16
1772620529,mosquitto,chatafl_opt,1,nodes,9
1772620529,mosquitto,chatafl_opt,1,edges,16
1772620535,mosquitto,chatafl_opt,1,nodes,9
1772620535,mosquitto,chatafl_opt,1,edges,16
1772620540,mosquitto,chatafl_opt,1,nodes,9
1772620540,mosquitto,chatafl_opt,1,edges,18
1772620545,mosquitto,chatafl_opt,1,nodes,9
1772620545,mosquitto,chatafl_opt,1,edges,18
1772620550,mosquitto,chatafl_opt,1,nodes,9
1772620550,mosquitto,chatafl_opt,1,edges,18
1772620555,mosquitto,chatafl_opt,1,nodes,9
1772620555,mosquitto,chatafl_opt,1,edges,18
1772620560,mosquitto,chatafl_opt,1,nodes,9
1772620560,mosquitto,chatafl_opt,1,edges,18
1772620565,mosquitto,chatafl_opt,1,nodes,9
1772620565,mosquitto,chatafl_opt,1,edges,18
1772620571,mosquitto,chatafl_opt,1,nodes,9
1772620571,mosquitto,chatafl_opt,1,edges,18
1772620576,mosquitto,chatafl_opt,1,nodes,9
1772620576,mosquitto,chatafl_opt,1,edges,18
1772620581,mosquitto,chatafl_opt,1,nodes,9
1772620581,mosquitto,chatafl_opt,1,edges,18
1772620586,mosquitto,chatafl_opt,1,nodes,9
1772620586,mosquitto,chatafl_opt,1,edges,18
1772620591,mosquitto,chatafl_opt,1,nodes,9
1772620591,mosquitto,chatafl_opt,1,edges,18
1772620596,mosquitto,chatafl_opt,1,nodes,9
1772620596,mosquitto,chatafl_opt,1,edges,18
1772620601,mosquitto,chatafl_opt,1,nodes,9
1772620601,mosquitto,chatafl_opt,1,edges,18
1772620606,mosquitto,chatafl_opt,1,nodes,9
1772620606,mosquitto,chatafl_opt,1,edges,18
1772620612,mosquitto,chatafl_opt,1,nodes,9
1772620612,mosquitto,chatafl_opt,1,edges,18
1772620617,mosquitto,chatafl_opt,1,nodes,9
1772620617,mosquitto,chatafl_opt,1,edges,18
1772620622,mosquitto,chatafl_opt,1,nodes,9
1772620622,mosquitto,chatafl_opt,1,edges,18
1772620627,mosquitto,chatafl_opt,1,nodes,9
1772620627,mosquitto,chatafl_opt,1,edges,18
1772620632,mosquitto,chatafl_opt,1,nodes,9
1772620632,mosquitto,chatafl_opt,1,edges,18
1772620642,mosquitto,chatafl_opt,1,nodes,9
1772620642,mosquitto,chatafl_opt,1,edges,18
1772620647,mosquitto,chatafl_opt,1,nodes,9
1772620647,mosquitto,chatafl_opt,1,edges,18
1772620652,mosquitto,chatafl_opt,1,nodes,9
1772620652,mosquitto,chatafl_opt,1,edges,18
1772620712,mosquitto,chatafl_opt,1,nodes,9
1772620712,mosquitto,chatafl_opt,1,edges,18
1772620717,mosquitto,chatafl_opt,1,nodes,9
1772620717,mosquitto,chatafl_opt,1,edges,18
1772620722,mosquitto,chatafl_opt,1,nodes,9
1772620722,mosquitto,chatafl_opt,1,edges,18
1772620733,mosquitto,chatafl_opt,1,nodes,9
1772620733,mosquitto,chatafl_opt,1,edges,18
1772620743,mosquitto,chatafl_opt,1,nodes,9
1772620743,mosquitto,chatafl_opt,1,edges,18
1772620748,mosquitto,chatafl_opt,1,nodes,9
1772620748,mosquitto,chatafl_opt,1,edges,18
1772620758,mosquitto,chatafl_opt,1,nodes,9
1772620758,mosquitto,chatafl_opt,1,edges,18
1772620764,mosquitto,chatafl_opt,1,nodes,9
1772620764,mosquitto,chatafl_opt,1,edges,18
1772620769,mosquitto,chatafl_opt,1,nodes,9
1772620769,mosquitto,chatafl_opt,1,edges,18
1772620774,mosquitto,chatafl_opt,1,nodes,9
1772620774,mosquitto,chatafl_opt,1,edges,18
1772620779,mosquitto,chatafl_opt,1,nodes,9
1772620779,mosquitto,chatafl_opt,1,edges,18
1772620784,mosquitto,chatafl_opt,1,nodes,9
1772620784,mosquitto,chatafl_opt,1,edges,18
1772620789,mosquitto,chatafl_opt,1,nodes,9
1772620789,mosquitto,chatafl_opt,1,edges,18
1772620800,mosquitto,chatafl_opt,1,nodes,9
1772620800,mosquitto,chatafl_opt,1,edges,18
1772620805,mosquitto,chatafl_opt,1,nodes,9
1772620805,mosquitto,chatafl_opt,1,edges,18
1772620815,mosquitto,chatafl_opt,1,nodes,9
1772620815,mosquitto,chatafl_opt,1,edges,18
1772620820,mosquitto,chatafl_opt,1,nodes,9
1772620820,mosquitto,chatafl_opt,1,edges,18
1772620825,mosquitto,chatafl_opt,1,nodes,9
1772620825,mosquitto,chatafl_opt,1,edges,18
1772620836,mosquitto,chatafl_opt,1,nodes,9
1772620836,mosquitto,chatafl_opt,1,edges,18
1772620841,mosquitto,chatafl_opt,1,nodes,9
1772620841,mosquitto,chatafl_opt,1,edges,18
1772620851,mosquitto,chatafl_opt,1,nodes,9
1772620851,mosquitto,chatafl_opt,1,edges,18
1772620856,mosquitto,chatafl_opt,1,nodes,9
1772620856,mosquitto,chatafl_opt,1,edges,18
1772620866,mosquitto,chatafl_opt,1,nodes,9
1772620866,mosquitto,chatafl_opt,1,edges,18
1772620871,mosquitto,chatafl_opt,1,nodes,9
1772620871,mosquitto,chatafl_opt,1,edges,18
1772620881,mosquitto,chatafl_opt,1,nodes,9
1772620881,mosquitto,chatafl_opt,1,edges,18
1772620886,mosquitto,chatafl_opt,1,nodes,9
1772620886,mosquitto,chatafl_opt,1,edges,18
1772620891,mosquitto,chatafl_opt,1,nodes,9
1772620891,mosquitto,chatafl_opt,1,edges,18
1772620912,mosquitto,chatafl_opt,1,nodes,9
1772620912,mosquitto,chatafl_opt,1,edges,18
1772620917,mosquitto,chatafl_opt,1,nodes,9
1772620917,mosquitto,chatafl_opt,1,edges,19
1772620922,mosquitto,chatafl_opt,1,nodes,9
1772620922,mosquitto,chatafl_opt,1,edges,19
1772620927,mosquitto,chatafl_opt,1,nodes,9
1772620927,mosquitto,chatafl_opt,1,edges,20
1772620932,mosquitto,chatafl_opt,1,nodes,9
1772620932,mosquitto,chatafl_opt,1,edges,20
1772620937,mosquitto,chatafl_opt,1,nodes,9
1772620937,mosquitto,chatafl_opt,1,edges,20
1772620942,mosquitto,chatafl_opt,1,nodes,9
1772620942,mosquitto,chatafl_opt,1,edges,20
1772620948,mosquitto,chatafl_opt,1,nodes,9
1772620948,mosquitto,chatafl_opt,1,edges,20
1772620953,mosquitto,chatafl_opt,1,nodes,9
1772620953,mosquitto,chatafl_opt,1,edges,20
1772620958,mosquitto,chatafl_opt,1,nodes,9
1772620958,mosquitto,chatafl_opt,1,edges,20
1772620963,mosquitto,chatafl_opt,1,nodes,9
1772620963,mosquitto,chatafl_opt,1,edges,22
1772620973,mosquitto,chatafl_opt,1,nodes,9
1772620973,mosquitto,chatafl_opt,1,edges,22
1772620979,mosquitto,chatafl_opt,1,nodes,9
1772620979,mosquitto,chatafl_opt,1,edges,22
1772620984,mosquitto,chatafl_opt,1,nodes,9
1772620984,mosquitto,chatafl_opt,1,edges,22
1772620994,mosquitto,chatafl_opt,1,nodes,9
1772620994,mosquitto,chatafl_opt,1,edges,22
1772620999,mosquitto,chatafl_opt,1,nodes,9
1772620999,mosquitto,chatafl_opt,1,edges,22
1772621004,mosquitto,chatafl_opt,1,nodes,9
1772621004,mosquitto,chatafl_opt,1,edges,22
1772621014,mosquitto,chatafl_opt,1,nodes,9
1772621014,mosquitto,chatafl_opt,1,edges,22
1772621019,mosquitto,chatafl_opt,1,nodes,9
1772621019,mosquitto,chatafl_opt,1,edges,22
1772621025,mosquitto,chatafl_opt,1,nodes,9
1772621025,mosquitto,chatafl_opt,1,edges,22
1772621030,mosquitto,chatafl_opt,1,nodes,9
1772621030,mosquitto,chatafl_opt,1,edges,22
1772621035,mosquitto,chatafl_opt,1,nodes,9
1772621035,mosquitto,chatafl_opt,1,edges,22
1772621040,mosquitto,chatafl_opt,1,nodes,9
1772621040,mosquitto,chatafl_opt,1,edges,22
1772621045,mosquitto,chatafl_opt,1,nodes,9
1772621045,mosquitto,chatafl_opt,1,edges,22
1772621050,mosquitto,chatafl_opt,1,nodes,9
1772621050,mosquitto,chatafl_opt,1,edges,22
1772621060,mosquitto,chatafl_opt,1,nodes,9
1772621060,mosquitto,chatafl_opt,1,edges,22
1772621081,mosquitto,chatafl_opt,1,nodes,9
1772621081,mosquitto,chatafl_opt,1,edges,23
1772621086,mosquitto,chatafl_opt,1,nodes,9
1772621086,mosquitto,chatafl_opt,1,edges,23
1772621091,mosquitto,chatafl_opt,1,nodes,9
1772621091,mosquitto,chatafl_opt,1,edges,23
1772621111,mosquitto,chatafl_opt,1,nodes,9
1772621111,mosquitto,chatafl_opt,1,edges,23
1772621117,mosquitto,chatafl_opt,1,nodes,9
1772621117,mosquitto,chatafl_opt,1,edges,23
1772621127,mosquitto,chatafl_opt,1,nodes,9
1772621127,mosquitto,chatafl_opt,1,edges,23
1772621132,mosquitto,chatafl_opt,1,nodes,9
1772621132,mosquitto,chatafl_opt,1,edges,23
1772621137,mosquitto,chatafl_opt,1,nodes,9
1772621137,mosquitto,chatafl_opt,1,edges,23
1772621158,mosquitto,chatafl_opt,1,nodes,9
1772621158,mosquitto,chatafl_opt,1,edges,23
1772621173,mosquitto,chatafl_opt,1,nodes,9
1772621173,mosquitto,chatafl_opt,1,edges,23
1772621178,mosquitto,chatafl_opt,1,nodes,9
1772621178,mosquitto,chatafl_opt,1,edges,23
1772621194,mosquitto,chatafl_opt,1,nodes,9
1772621194,mosquitto,chatafl_opt,1,edges,23
1772621199,mosquitto,chatafl_opt,1,nodes,9
1772621199,mosquitto,chatafl_opt,1,edges,23
1772621209,mosquitto,chatafl_opt,1,nodes,9
1772621209,mosquitto,chatafl_opt,1,edges,24
1772621246,mosquitto,chatafl_opt,1,nodes,9
1772621246,mosquitto,chatafl_opt,1,edges,24
1772621251,mosquitto,chatafl_opt,1,nodes,9
1772621251,mosquitto,chatafl_opt,1,edges,24
1772621261,mosquitto,chatafl_opt,1,nodes,9
1772621261,mosquitto,chatafl_opt,1,edges,24
1772621266,mosquitto,chatafl_opt,1,nodes,9
1772621266,mosquitto,chatafl_opt,1,edges,24
1772621276,mosquitto,chatafl_opt,1,nodes,9
1772621276,mosquitto,chatafl_opt,1,edges,24
1772621281,mosquitto,chatafl_opt,1,nodes,9
1772621281,mosquitto,chatafl_opt,1,edges,24
1772621287,mosquitto,chatafl_opt,1,nodes,9
1772621287,mosquitto,chatafl_opt,1,edges,24
1772621307,mosquitto,chatafl_opt,1,nodes,9
1772621307,mosquitto,chatafl_opt,1,edges,24
1772621318,mosquitto,chatafl_opt,1,nodes,9
1772621318,mosquitto,chatafl_opt,1,edges,24
1772621323,mosquitto,chatafl_opt,1,nodes,9
1772621323,mosquitto,chatafl_opt,1,edges,24
1772621328,mosquitto,chatafl_opt,1,nodes,9
1772621328,mosquitto,chatafl_opt,1,edges,24
1772621354,mosquitto,chatafl_opt,1,nodes,9
1772621354,mosquitto,chatafl_opt,1,edges,24
1772621359,mosquitto,chatafl_opt,1,nodes,9
1772621359,mosquitto,chatafl_opt,1,edges,24
1772621369,mosquitto,chatafl_opt,1,nodes,9
1772621369,mosquitto,chatafl_opt,1,edges,24
1772621374,mosquitto,chatafl_opt,1,nodes,9
1772621374,mosquitto,chatafl_opt,1,edges,24
1772621379,mosquitto,chatafl_opt,1,nodes,9
1772621379,mosquitto,chatafl_opt,1,edges,24
1772621385,mosquitto,chatafl_opt,1,nodes,9
1772621385,mosquitto,chatafl_opt,1,edges,24
1772621390,mosquitto,chatafl_opt,1,nodes,9
1772621390,mosquitto,chatafl_opt,1,edges,24
1772621395,mosquitto,chatafl_opt,1,nodes,9
1772621395,mosquitto,chatafl_opt,1,edges,24
1772621400,mosquitto,chatafl_opt,1,nodes,9
1772621400,mosquitto,chatafl_opt,1,edges,24
1772621405,mosquitto,chatafl_opt,1,nodes,9
1772621405,mosquitto,chatafl_opt,1,edges,24
1772621416,mosquitto,chatafl_opt,1,nodes,9
1772621416,mosquitto,chatafl_opt,1,edges,24
1772621421,mosquitto,chatafl_opt,1,nodes,9
1772621421,mosquitto,chatafl_opt,1,edges,24
1772621451,mosquitto,chatafl_opt,1,nodes,9
1772621451,mosquitto,chatafl_opt,1,edges,24
1772621462,mosquitto,chatafl_opt,1,nodes,9
1772621462,mosquitto,chatafl_opt,1,edges,24
1772621467,mosquitto,chatafl_opt,1,nodes,9
1772621467,mosquitto,chatafl_opt,1,edges,24
1772621488,mosquitto,chatafl_opt,1,nodes,9
1772621488,mosquitto,chatafl_opt,1,edges,24
1772621503,mosquitto,chatafl_opt,1,nodes,9
1772621503,mosquitto,chatafl_opt,1,edges,24
1772621513,mosquitto,chatafl_opt,1,nodes,9
1772621513,mosquitto,chatafl_opt,1,edges,24
1772621519,mosquitto,chatafl_opt,1,nodes,9
1772621519,mosquitto,chatafl_opt,1,edges,24
1772621524,mosquitto,chatafl_opt,1,nodes,9
1772621524,mosquitto,chatafl_opt,1,edges,24
1772621534,mosquitto,chatafl_opt,1,nodes,9
1772621534,mosquitto,chatafl_opt,1,edges,24
1772621549,mosquitto,chatafl_opt,1,nodes,9
1772621549,mosquitto,chatafl_opt,1,edges,24
1772621570,mosquitto,chatafl_opt,1,nodes,9
1772621570,mosquitto,chatafl_opt,1,edges,24
1772621575,mosquitto,chatafl_opt,1,nodes,9
1772621575,mosquitto,chatafl_opt,1,edges,24
1772621580,mosquitto,chatafl_opt,1,nodes,9
1772621580,mosquitto,chatafl_opt,1,edges,24
1772621590,mosquitto,chatafl_opt,1,nodes,9
1772621590,mosquitto,chatafl_opt,1,edges,24
1772621595,mosquitto,chatafl_opt,1,nodes,9
1772621595,mosquitto,chatafl_opt,1,edges,25
1772621604,mosquitto,chatafl_opt,1,nodes,9
1772621604,mosquitto,chatafl_opt,1,edges,25
1772621635,mosquitto,chatafl_opt,1,nodes,9
1772621635,mosquitto,chatafl_opt,1,edges,25
1772621676,mosquitto,chatafl_opt,1,nodes,9
1772621676,mosquitto,chatafl_opt,1,edges,25
1772621686,mosquitto,chatafl_opt,1,nodes,9
1772621686,mosquitto,chatafl_opt,1,edges,25
1772621696,mosquitto,chatafl_opt,1,nodes,9
1772621696,mosquitto,chatafl_opt,1,edges,25
1772621701,mosquitto,chatafl_opt,1,nodes,9
1772621701,mosquitto,chatafl_opt,1,edges,25
1772621717,mosquitto,chatafl_opt,1,nodes,9
1772621717,mosquitto,chatafl_opt,1,edges,25
1772621737,mosquitto,chatafl_opt,1,nodes,9
1772621737,mosquitto,chatafl_opt,1,edges,25
1772621742,mosquitto,chatafl_opt,1,nodes,9
1772621742,mosquitto,chatafl_opt,1,edges,25
1772621763,mosquitto,chatafl_opt,1,nodes,9
1772621763,mosquitto,chatafl_opt,1,edges,26
1772621778,mosquitto,chatafl_opt,1,nodes,9
1772621778,mosquitto,chatafl_opt,1,edges,26
1772621783,mosquitto,chatafl_opt,1,nodes,9
1772621783,mosquitto,chatafl_opt,1,edges,26
1772621804,mosquitto,chatafl_opt,1,nodes,9
1772621804,mosquitto,chatafl_opt,1,edges,26
1772621809,mosquitto,chatafl_opt,1,nodes,9
1772621809,mosquitto,chatafl_opt,1,edges,27
1772621819,mosquitto,chatafl_opt,1,nodes,9
1772621819,mosquitto,chatafl_opt,1,edges,27
1772621829,mosquitto,chatafl_opt,1,nodes,9
1772621829,mosquitto,chatafl_opt,1,edges,27
1772621845,mosquitto,chatafl_opt,1,nodes,9
1772621845,mosquitto,chatafl_opt,1,edges,27
1772621850,mosquitto,chatafl_opt,1,nodes,9
1772621850,mosquitto,chatafl_opt,1,edges,27
1772621860,mosquitto,chatafl_opt,1,nodes,9
1772621860,mosquitto,chatafl_opt,1,edges,27
1772621881,mosquitto,chatafl_opt,1,nodes,9
1772621881,mosquitto,chatafl_opt,1,edges,27
1772621886,mosquitto,chatafl_opt,1,nodes,9
1772621886,mosquitto,chatafl_opt,1,edges,27
1772621896,mosquitto,chatafl_opt,1,nodes,9
1772621896,mosquitto,chatafl_opt,1,edges,27
1772621901,mosquitto,chatafl_opt,1,nodes,9
1772621901,mosquitto,chatafl_opt,1,edges,27
1772621906,mosquitto,chatafl_opt,1,nodes,9
1772621906,mosquitto,chatafl_opt,1,edges,27
1772621911,mosquitto,chatafl_opt,1,nodes,9
1772621911,mosquitto,chatafl_opt,1,edges,27
1772621921,mosquitto,chatafl_opt,1,nodes,9
1772621921,mosquitto,chatafl_opt,1,edges,27
1772621942,mosquitto,chatafl_opt,1,nodes,9
1772621942,mosquitto,chatafl_opt,1,edges,27
1772621947,mosquitto,chatafl_opt,1,nodes,9
1772621947,mosquitto,chatafl_opt,1,edges,27
1772621952,mosquitto,chatafl_opt,1,nodes,9
1772621952,mosquitto,chatafl_opt,1,edges,27
1772621962,mosquitto,chatafl_opt,1,nodes,9
1772621962,mosquitto,chatafl_opt,1,edges,27
1772621968,mosquitto,chatafl_opt,1,nodes,9
1772621968,mosquitto,chatafl_opt,1,edges,27
1772621973,mosquitto,chatafl_opt,1,nodes,9
1772621973,mosquitto,chatafl_opt,1,edges,27
1772621978,mosquitto,chatafl_opt,1,nodes,9
1772621978,mosquitto,chatafl_opt,1,edges,27
1772621983,mosquitto,chatafl_opt,1,nodes,9
1772621983,mosquitto,chatafl_opt,1,edges,27
1772621988,mosquitto,chatafl_opt,1,nodes,9
1772621988,mosquitto,chatafl_opt,1,edges,27
1772621999,mosquitto,chatafl_opt,1,nodes,9
1772621999,mosquitto,chatafl_opt,1,edges,28
1772622004,mosquitto,chatafl_opt,1,nodes,9
1772622004,mosquitto,chatafl_opt,1,edges,28
1772622009,mosquitto,chatafl_opt,1,nodes,9
1772622009,mosquitto,chatafl_opt,1,edges,28
1772622035,mosquitto,chatafl_opt,1,nodes,9
1772622035,mosquitto,chatafl_opt,1,edges,28
1772622040,mosquitto,chatafl_opt,1,nodes,9
1772622040,mosquitto,chatafl_opt,1,edges,28
1772622055,mosquitto,chatafl_opt,1,nodes,9
1772622055,mosquitto,chatafl_opt,1,edges,28
1772622066,mosquitto,chatafl_opt,1,nodes,9
1772622066,mosquitto,chatafl_opt,1,edges,28
1772622096,mosquitto,chatafl_opt,1,nodes,9
1772622096,mosquitto,chatafl_opt,1,edges,28
1772622101,mosquitto,chatafl_opt,1,nodes,9
1772622101,mosquitto,chatafl_opt,1,edges,28
1772622107,mosquitto,chatafl_opt,1,nodes,9
1772622107,mosquitto,chatafl_opt,1,edges,29
1772622122,mosquitto,chatafl_opt,1,nodes,9
1772622122,mosquitto,chatafl_opt,1,edges,29
1772622127,mosquitto,chatafl_opt,1,nodes,9
1772622127,mosquitto,chatafl_opt,1,edges,29
1772622132,mosquitto,chatafl_opt,1,nodes,9
1772622132,mosquitto,chatafl_opt,1,edges,29
1772622179,mosquitto,chatafl_opt,1,nodes,9
1772622179,mosquitto,chatafl_opt,1,edges,29
1772622210,mosquitto,chatafl_opt,1,nodes,9
1772622210,mosquitto,chatafl_opt,1,edges,29
1772622215,mosquitto,chatafl_opt,1,nodes,9
1772622215,mosquitto,chatafl_opt,1,edges,29
1772622225,mosquitto,chatafl_opt,1,nodes,9
1772622225,mosquitto,chatafl_opt,1,edges,29
1772622246,mosquitto,chatafl_opt,1,nodes,9
1772622246,mosquitto,chatafl_opt,1,edges,29
1772622251,mosquitto,chatafl_opt,1,nodes,9
1772622251,mosquitto,chatafl_opt,1,edges,29
1772622261,mosquitto,chatafl_opt,1,nodes,9
1772622261,mosquitto,chatafl_opt,1,edges,29
1772622292,mosquitto,chatafl_opt,1,nodes,9
1772622292,mosquitto,chatafl_opt,1,edges,29
1772622308,mosquitto,chatafl_opt,1,nodes,9
1772622308,mosquitto,chatafl_opt,1,edges,29
1772622318,mosquitto,chatafl_opt,1,nodes,9
1772622318,mosquitto,chatafl_opt,1,edges,29
1772622380,mosquitto,chatafl_opt,1,nodes,9
1772622380,mosquitto,chatafl_opt,1,edges,29
1772622401,mosquitto,chatafl_opt,1,nodes,9
1772622401,mosquitto,chatafl_opt,1,edges,29
1772622406,mosquitto,chatafl_opt,1,nodes,9
1772622406,mosquitto,chatafl_opt,1,edges,29
1772622411,mosquitto,chatafl_opt,1,nodes,9
1772622411,mosquitto,chatafl_opt,1,edges,29
1772622416,mosquitto,chatafl_opt,1,nodes,9
1772622416,mosquitto,chatafl_opt,1,edges,29
1772622427,mosquitto,chatafl_opt,1,nodes,9
1772622427,mosquitto,chatafl_opt,1,edges,29
1772622432,mosquitto,chatafl_opt,1,nodes,9
1772622432,mosquitto,chatafl_opt,1,edges,29
1772622447,mosquitto,chatafl_opt,1,nodes,9
1772622447,mosquitto,chatafl_opt,1,edges,29
1772622452,mosquitto,chatafl_opt,1,nodes,9
1772622452,mosquitto,chatafl_opt,1,edges,29
1772622457,mosquitto,chatafl_opt,1,nodes,9
1772622457,mosquitto,chatafl_opt,1,edges,29
1772622462,mosquitto,chatafl_opt,1,nodes,9
1772622462,mosquitto,chatafl_opt,1,edges,29
1772622468,mosquitto,chatafl_opt,1,nodes,9
1772622468,mosquitto,chatafl_opt,1,edges,29
1772622473,mosquitto,chatafl_opt,1,nodes,9
1772622473,mosquitto,chatafl_opt,1,edges,29
1772622478,mosquitto,chatafl_opt,1,nodes,9
1772622478,mosquitto,chatafl_opt,1,edges,29
1772622483,mosquitto,chatafl_opt,1,nodes,9
1772622483,mosquitto,chatafl_opt,1,edges,29
1772622499,mosquitto,chatafl_opt,1,nodes,9
1772622499,mosquitto,chatafl_opt,1,edges,29
1772622509,mosquitto,chatafl_opt,1,nodes,9
1772622509,mosquitto,chatafl_opt,1,edges,29
1772622535,mosquitto,chatafl_opt,1,nodes,9
1772622535,mosquitto,chatafl_opt,1,edges,29
1772622551,mosquitto,chatafl_opt,1,nodes,9
1772622551,mosquitto,chatafl_opt,1,edges,29
1772622561,mosquitto,chatafl_opt,1,nodes,9
1772622561,mosquitto,chatafl_opt,1,edges,29
1772622566,mosquitto,chatafl_opt,1,nodes,9
1772622566,mosquitto,chatafl_opt,1,edges,29
1772622571,mosquitto,chatafl_opt,1,nodes,9
1772622571,mosquitto,chatafl_opt,1,edges,29
1772622576,mosquitto,chatafl_opt,1,nodes,9
1772622576,mosquitto,chatafl_opt,1,edges,29
1772622582,mosquitto,chatafl_opt,1,nodes,9
1772622582,mosquitto,chatafl_opt,1,edges,29
1772622587,mosquitto,chatafl_opt,1,nodes,9
1772622587,mosquitto,chatafl_opt,1,edges,29
1772622607,mosquitto,chatafl_opt,1,nodes,9
1772622607,mosquitto,chatafl_opt,1,edges,29
1772622628,mosquitto,chatafl_opt,1,nodes,9
1772622628,mosquitto,chatafl_opt,1,edges,29
1772622653,mosquitto,chatafl_opt,1,nodes,9
1772622653,mosquitto,chatafl_opt,1,edges,29
1772622659,mosquitto,chatafl_opt,1,nodes,9
1772622659,mosquitto,chatafl_opt,1,edges,29
1772622664,mosquitto,chatafl_opt,1,nodes,9
1772622664,mosquitto,chatafl_opt,1,edges,29
1772622669,mosquitto,chatafl_opt,1,nodes,9
1772622669,mosquitto,chatafl_opt,1,edges,29
1772622690,mosquitto,chatafl_opt,1,nodes,9
1772622690,mosquitto,chatafl_opt,1,edges,30
1772622695,mosquitto,chatafl_opt,1,nodes,9
1772622695,mosquitto,chatafl_opt,1,edges,30
1772622700,mosquitto,chatafl_opt,1,nodes,9
1772622700,mosquitto,chatafl_opt,1,edges,30
1772622705,mosquitto,chatafl_opt,1,nodes,9
1772622705,mosquitto,chatafl_opt,1,edges,30
1772622710,mosquitto,chatafl_opt,1,nodes,9
1772622710,mosquitto,chatafl_opt,1,edges,30
1772622726,mosquitto,chatafl_opt,1,nodes,9
1772622726,mosquitto,chatafl_opt,1,edges,30
1772622756,mosquitto,chatafl_opt,1,nodes,9
1772622756,mosquitto,chatafl_opt,1,edges,30
1772622787,mosquitto,chatafl_opt,1,nodes,9
1772622787,mosquitto,chatafl_opt,1,edges,30
1772622792,mosquitto,chatafl_opt,1,nodes,9
1772622792,mosquitto,chatafl_opt,1,edges,30
1772622807,mosquitto,chatafl_opt,1,nodes,9
1772622807,mosquitto,chatafl_opt,1,edges,30
1772622812,mosquitto,chatafl_opt,1,nodes,9
1772622812,mosquitto,chatafl_opt,1,edges,30
1772622817,mosquitto,chatafl_opt,1,nodes,9
1772622817,mosquitto,chatafl_opt,1,edges,30
1772622832,mosquitto,chatafl_opt,1,nodes,9
1772622832,mosquitto,chatafl_opt,1,edges,30
1772622843,mosquitto,chatafl_opt,1,nodes,9
1772622843,mosquitto,chatafl_opt,1,edges,30
1772622873,mosquitto,chatafl_opt,1,nodes,9
1772622873,mosquitto,chatafl_opt,1,edges,30
1772622878,mosquitto,chatafl_opt,1,nodes,9
1772622878,mosquitto,chatafl_opt,1,edges,30
1772622894,mosquitto,chatafl_opt,1,nodes,9
1772622894,mosquitto,chatafl_opt,1,edges,30
1772622904,mosquitto,chatafl_opt,1,nodes,9
1772622904,mosquitto,chatafl_opt,1,edges,30
1772622925,mosquitto,chatafl_opt,1,nodes,9
1772622925,mosquitto,chatafl_opt,1,edges,30
1772622930,mosquitto,chatafl_opt,1,nodes,9
1772622930,mosquitto,chatafl_opt,1,edges,30
1772622935,mosquitto,chatafl_opt,1,nodes,9
1772622935,mosquitto,chatafl_opt,1,edges,30
1772622950,mosquitto,chatafl_opt,1,nodes,9
1772622950,mosquitto,chatafl_opt,1,edges,30
1772622971,mosquitto,chatafl_opt,1,nodes,9
1772622971,mosquitto,chatafl_opt,1,edges,30
1772622981,mosquitto,chatafl_opt,1,nodes,9
1772622981,mosquitto,chatafl_opt,1,edges,30
1772622992,mosquitto,chatafl_opt,1,nodes,9
1772622992,mosquitto,chatafl_opt,1,edges,30
1772623007,mosquitto,chatafl_opt,1,nodes,9
1772623007,mosquitto,chatafl_opt,1,edges,30
1772623038,mosquitto,chatafl_opt,1,nodes,9
1772623038,mosquitto,chatafl_opt,1,edges,30
1772623048,mosquitto,chatafl_opt,1,nodes,9
1772623048,mosquitto,chatafl_opt,1,edges,30
1772623084,mosquitto,chatafl_opt,1,nodes,9
1772623084,mosquitto,chatafl_opt,1,edges,30
1772623095,mosquitto,chatafl_opt,1,nodes,9
1772623095,mosquitto,chatafl_opt,1,edges,30
1772623140,mosquitto,chatafl_opt,1,nodes,9
1772623140,mosquitto,chatafl_opt,1,edges,30
1772623156,mosquitto,chatafl_opt,1,nodes,9
1772623156,mosquitto,chatafl_opt,1,edges,30
1772623161,mosquitto,chatafl_opt,1,nodes,9
1772623161,mosquitto,chatafl_opt,1,edges,30
1772623197,mosquitto,chatafl_opt,1,nodes,9
1772623197,mosquitto,chatafl_opt,1,edges,30
1772623222,mosquitto,chatafl_opt,1,nodes,9
1772623222,mosquitto,chatafl_opt,1,edges,30
1772623228,mosquitto,chatafl_opt,1,nodes,9
1772623228,mosquitto,chatafl_opt,1,edges,30
1772623258,mosquitto,chatafl_opt,1,nodes,9
1772623258,mosquitto,chatafl_opt,1,edges,30
1772623279,mosquitto,chatafl_opt,1,nodes,9
1772623279,mosquitto,chatafl_opt,1,edges,30
1772623305,mosquitto,chatafl_opt,1,nodes,9
1772623305,mosquitto,chatafl_opt,1,edges,30
1772623320,mosquitto,chatafl_opt,1,nodes,9
1772623320,mosquitto,chatafl_opt,1,edges,30
1772623325,mosquitto,chatafl_opt,1,nodes,9
1772623325,mosquitto,chatafl_opt,1,edges,30
1772623346,mosquitto,chatafl_opt,1,nodes,9
1772623346,mosquitto,chatafl_opt,1,edges,30
1772623378,mosquitto,chatafl_opt,1,nodes,9
1772623378,mosquitto,chatafl_opt,1,edges,30
1772623398,mosquitto,chatafl_opt,1,nodes,9
1772623398,mosquitto,chatafl_opt,1,edges,30
1772623403,mosquitto,chatafl_opt,1,nodes,9
1772623403,mosquitto,chatafl_opt,1,edges,30
1772623408,mosquitto,chatafl_opt,1,nodes,9
1772623408,mosquitto,chatafl_opt,1,edges,30
1772623413,mosquitto,chatafl_opt,1,nodes,9
1772623413,mosquitto,chatafl_opt,1,edges,30
1772623418,mosquitto,chatafl_opt,1,nodes,9
1772623418,mosquitto,chatafl_opt,1,edges,30
1772623424,mosquitto,chatafl_opt,1,nodes,9
1772623424,mosquitto,chatafl_opt,1,edges,30
1772623429,mosquitto,chatafl_opt,1,nodes,9
1772623429,mosquitto,chatafl_opt,1,edges,30
1772623444,mosquitto,chatafl_opt,1,nodes,9
1772623444,mosquitto,chatafl_opt,1,edges,30
1772623459,mosquitto,chatafl_opt,1,nodes,9
1772623459,mosquitto,chatafl_opt,1,edges,30
1772623470,mosquitto,chatafl_opt,1,nodes,9
1772623470,mosquitto,chatafl_opt,1,edges,30
1772623480,mosquitto,chatafl_opt,1,nodes,9
1772623480,mosquitto,chatafl_opt,1,edges,30
1772623496,mosquitto,chatafl_opt,1,nodes,9
1772623496,mosquitto,chatafl_opt,1,edges,30
1772623522,mosquitto,chatafl_opt,1,nodes,9
1772623522,mosquitto,chatafl_opt,1,edges,30
1772623542,mosquitto,chatafl_opt,1,nodes,9
1772623542,mosquitto,chatafl_opt,1,edges,30
1772623557,mosquitto,chatafl_opt,1,nodes,9
1772623557,mosquitto,chatafl_opt,1,edges,30
1772623635,mosquitto,chatafl_opt,1,nodes,9
1772623635,mosquitto,chatafl_opt,1,edges,30
1772623702,mosquitto,chatafl_opt,1,nodes,9
1772623702,mosquitto,chatafl_opt,1,edges,30
1772623717,mosquitto,chatafl_opt,1,nodes,9
1772623717,mosquitto,chatafl_opt,1,edges,30
1772623722,mosquitto,chatafl_opt,1,nodes,9
1772623722,mosquitto,chatafl_opt,1,edges,30
1772623727,mosquitto,chatafl_opt,1,nodes,9
1772623727,mosquitto,chatafl_opt,1,edges,30
1772623732,mosquitto,chatafl_opt,1,nodes,9
1772623732,mosquitto,chatafl_opt,1,edges,30
1772623763,mosquitto,chatafl_opt,1,nodes,9
1772623763,mosquitto,chatafl_opt,1,edges,30
1772623773,mosquitto,chatafl_opt,1,nodes,9
1772623773,mosquitto,chatafl_opt,1,edges,30
1772623783,mosquitto,chatafl_opt,1,nodes,9
1772623783,mosquitto,chatafl_opt,1,edges,32
1772623788,mosquitto,chatafl_opt,1,nodes,9
1772623788,mosquitto,chatafl_opt,1,edges,33
1772623819,mosquitto,chatafl_opt,1,nodes,9
1772623819,mosquitto,chatafl_opt,1,edges,33
1772623840,mosquitto,chatafl_opt,1,nodes,9
1772623840,mosquitto,chatafl_opt,1,edges,34
1772623865,mosquitto,chatafl_opt,1,nodes,9
1772623865,mosquitto,chatafl_opt,1,edges,35
1772623875,mosquitto,chatafl_opt,1,nodes,9
1772623875,mosquitto,chatafl_opt,1,edges,35
1772623880,mosquitto,chatafl_opt,1,nodes,9
1772623880,mosquitto,chatafl_opt,1,edges,35
1772623896,mosquitto,chatafl_opt,1,nodes,9
1772623896,mosquitto,chatafl_opt,1,edges,35
1772623921,mosquitto,chatafl_opt,1,nodes,9
1772623921,mosquitto,chatafl_opt,1,edges,35
1772623952,mosquitto,chatafl_opt,1,nodes,9
1772623952,mosquitto,chatafl_opt,1,edges,35
1772624009,mosquitto,chatafl_opt,1,nodes,9
1772624009,mosquitto,chatafl_opt,1,edges,35
1772624019,mosquitto,chatafl_opt,1,nodes,9
1772624019,mosquitto,chatafl_opt,1,edges,35
1772624035,mosquitto,chatafl_opt,1,nodes,9
1772624035,mosquitto,chatafl_opt,1,edges,35
1772624045,mosquitto,chatafl_opt,1,nodes,9
1772624045,mosquitto,chatafl_opt,1,edges,35
1772624055,mosquitto,chatafl_opt,1,nodes,9
1772624055,mosquitto,chatafl_opt,1,edges,35
1772624087,mosquitto,chatafl_opt,1,nodes,9
1772624087,mosquitto,chatafl_opt,1,edges,35
1772624107,mosquitto,chatafl_opt,1,nodes,9
1772624107,mosquitto,chatafl_opt,1,edges,35
1772624148,mosquitto,chatafl_opt,1,nodes,9
1772624148,mosquitto,chatafl_opt,1,edges,35
1772624174,mosquitto,chatafl_opt,1,nodes,9
1772624174,mosquitto,chatafl_opt,1,edges,35
1772624184,mosquitto,chatafl_opt,1,nodes,9
1772624184,mosquitto,chatafl_opt,1,edges,35
1772624226,mosquitto,chatafl_opt,1,nodes,9
1772624226,mosquitto,chatafl_opt,1,edges,35
1772624262,mosquitto,chatafl_opt,1,nodes,9
1772624262,mosquitto,chatafl_opt,1,edges,35
1772624287,mosquitto,chatafl_opt,1,nodes,9
1772624287,mosquitto,chatafl_opt,1,edges,35
1772624303,mosquitto,chatafl_opt,1,nodes,9
1772624303,mosquitto,chatafl_opt,1,edges,35
1772624320,mosquitto,chatafl_opt,1,nodes,9
1772624320,mosquitto,chatafl_opt,1,edges,35
1772624341,mosquitto,chatafl_opt,1,nodes,9
1772624341,mosquitto,chatafl_opt,1,edges,35
1772624377,mosquitto,chatafl_opt,1,nodes,9
1772624377,mosquitto,chatafl_opt,1,edges,35
1772624403,mosquitto,chatafl_opt,1,nodes,9
1772624403,mosquitto,chatafl_opt,1,edges,35
1772624424,mosquitto,chatafl_opt,1,nodes,9
1772624424,mosquitto,chatafl_opt,1,edges,35
1772624434,mosquitto,chatafl_opt,1,nodes,9
1772624434,mosquitto,chatafl_opt,1,edges,35
1772624450,mosquitto,chatafl_opt,1,nodes,9
1772624450,mosquitto,chatafl_opt,1,edges,35
1772624460,mosquitto,chatafl_opt,1,nodes,9
1772624460,mosquitto,chatafl_opt,1,edges,35
1772624465,mosquitto,chatafl_opt,1,nodes,9
1772624465,mosquitto,chatafl_opt,1,edges,35
1772624480,mosquitto,chatafl_opt,1,nodes,9
1772624480,mosquitto,chatafl_opt,1,edges,35
1772624495,mosquitto,chatafl_opt,1,nodes,9
1772624495,mosquitto,chatafl_opt,1,edges,35
1772624522,mosquitto,chatafl_opt,1,nodes,9
1772624522,mosquitto,chatafl_opt,1,edges,35
1772624527,mosquitto,chatafl_opt,1,nodes,9
1772624527,mosquitto,chatafl_opt,1,edges,35
1772624537,mosquitto,chatafl_opt,1,nodes,9
1772624537,mosquitto,chatafl_opt,1,edges,35
1772624583,mosquitto,chatafl_opt,1,nodes,9
1772624583,mosquitto,chatafl_opt,1,edges,35
1772624618,mosquitto,chatafl_opt,1,nodes,9
1772624618,mosquitto,chatafl_opt,1,edges,35
1772624670,mosquitto,chatafl_opt,1,nodes,9
1772624670,mosquitto,chatafl_opt,1,edges,35
1772624705,mosquitto,chatafl_opt,1,nodes,9
1772624705,mosquitto,chatafl_opt,1,edges,35
1772624731,mosquitto,chatafl_opt,1,nodes,9
1772624731,mosquitto,chatafl_opt,1,edges,35
1772624736,mosquitto,chatafl_opt,1,nodes,9
1772624736,mosquitto,chatafl_opt,1,edges,35
1772624747,mosquitto,chatafl_opt,1,nodes,9
1772624747,mosquitto,chatafl_opt,1,edges,35
1772624767,mosquitto,chatafl_opt,1,nodes,9
1772624767,mosquitto,chatafl_opt,1,edges,35
1772624783,mosquitto,chatafl_opt,1,nodes,9
1772624783,mosquitto,chatafl_opt,1,edges,35
1772624824,mosquitto,chatafl_opt,1,nodes,9
1772624824,mosquitto,chatafl_opt,1,edges,35
1772624851,mosquitto,chatafl_opt,1,nodes,9
1772624851,mosquitto,chatafl_opt,1,edges,36
1772624876,mosquitto,chatafl_opt,1,nodes,9
1772624876,mosquitto,chatafl_opt,1,edges,36
1772624912,mosquitto,chatafl_opt,1,nodes,9
1772624912,mosquitto,chatafl_opt,1,edges,36
1772624917,mosquitto,chatafl_opt,1,nodes,9
1772624917,mosquitto,chatafl_opt,1,edges,36
1772624927,mosquitto,chatafl_opt,1,nodes,9
1772624927,mosquitto,chatafl_opt,1,edges,36
1772624948,mosquitto,chatafl_opt,1,nodes,9
1772624948,mosquitto,chatafl_opt,1,edges,37
1772624953,mosquitto,chatafl_opt,1,nodes,9
1772624953,mosquitto,chatafl_opt,1,edges,37
1772624958,mosquitto,chatafl_opt,1,nodes,9
1772624958,mosquitto,chatafl_opt,1,edges,37
1772624990,mosquitto,chatafl_opt,1,nodes,9
1772624990,mosquitto,chatafl_opt,1,edges,37
1772625010,mosquitto,chatafl_opt,1,nodes,9
1772625010,mosquitto,chatafl_opt,1,edges,37
1772625015,mosquitto,chatafl_opt,1,nodes,9
1772625015,mosquitto,chatafl_opt,1,edges,37
1772625020,mosquitto,chatafl_opt,1,nodes,9
1772625020,mosquitto,chatafl_opt,1,edges,37
1772625051,mosquitto,chatafl_opt,1,nodes,9
1772625051,mosquitto,chatafl_opt,1,edges,37
1772625082,mosquitto,chatafl_opt,1,nodes,9
1772625082,mosquitto,chatafl_opt,1,edges,37
1772625098,mosquitto,chatafl_opt,1,nodes,9
1772625098,mosquitto,chatafl_opt,1,edges,37
1772625113,mosquitto,chatafl_opt,1,nodes,9
1772625113,mosquitto,chatafl_opt,1,edges,37
1772625123,mosquitto,chatafl_opt,1,nodes,9
1772625123,mosquitto,chatafl_opt,1,edges,37
1772625128,mosquitto,chatafl_opt,1,nodes,9
1772625128,mosquitto,chatafl_opt,1,edges,37
1772625139,mosquitto,chatafl_opt,1,nodes,9
1772625139,mosquitto,chatafl_opt,1,edges,37
1772625149,mosquitto,chatafl_opt,1,nodes,9
1772625149,mosquitto,chatafl_opt,1,edges,37
1772625159,mosquitto,chatafl_opt,1,nodes,9
1772625159,mosquitto,chatafl_opt,1,edges,37
1772625195,mosquitto,chatafl_opt,1,nodes,9
1772625195,mosquitto,chatafl_opt,1,edges,37
1772625221,mosquitto,chatafl_opt,1,nodes,9
1772625221,mosquitto,chatafl_opt,1,edges,37
1772625246,mosquitto,chatafl_opt,1,nodes,9
1772625246,mosquitto,chatafl_opt,1,edges,37
1772625251,mosquitto,chatafl_opt,1,nodes,9
1772625251,mosquitto,chatafl_opt,1,edges,37
1772625323,mosquitto,chatafl_opt,1,nodes,9
1772625323,mosquitto,chatafl_opt,1,edges,37
1772625333,mosquitto,chatafl_opt,1,nodes,9
1772625333,mosquitto,chatafl_opt,1,edges,37
1772625338,mosquitto,chatafl_opt,1,nodes,9
1772625338,mosquitto,chatafl_opt,1,edges,37
1772625349,mosquitto,chatafl_opt,1,nodes,9
1772625349,mosquitto,chatafl_opt,1,edges,37
1772625354,mosquitto,chatafl_opt,1,nodes,9
1772625354,mosquitto,chatafl_opt,1,edges,37
1772625446,mosquitto,chatafl_opt,1,nodes,9
1772625446,mosquitto,chatafl_opt,1,edges,37
1772625461,mosquitto,chatafl_opt,1,nodes,9
1772625461,mosquitto,chatafl_opt,1,edges,37
1772625472,mosquitto,chatafl_opt,1,nodes,9
1772625472,mosquitto,chatafl_opt,1,edges,37
1772625487,mosquitto,chatafl_opt,1,nodes,9
1772625487,mosquitto,chatafl_opt,1,edges,37
1772625528,mosquitto,chatafl_opt,1,nodes,9
1772625528,mosquitto,chatafl_opt,1,edges,37
1772625533,mosquitto,chatafl_opt,1,nodes,9
1772625533,mosquitto,chatafl_opt,1,edges,37
1772625543,mosquitto,chatafl_opt,1,nodes,9
1772625543,mosquitto,chatafl_opt,1,edges,37
1772625564,mosquitto,chatafl_opt,1,nodes,9
1772625564,mosquitto,chatafl_opt,1,edges,37
1772625569,mosquitto,chatafl_opt,1,nodes,9
1772625569,mosquitto,chatafl_opt,1,edges,37
1772625631,mosquitto,chatafl_opt,1,nodes,9
1772625631,mosquitto,chatafl_opt,1,edges,37
1772625656,mosquitto,chatafl_opt,1,nodes,9
1772625656,mosquitto,chatafl_opt,1,edges,37
1772625692,mosquitto,chatafl_opt,1,nodes,9
1772625692,mosquitto,chatafl_opt,1,edges,37
1772625723,mosquitto,chatafl_opt,1,nodes,9
1772625723,mosquitto,chatafl_opt,1,edges,37
1772625728,mosquitto,chatafl_opt,1,nodes,9
1772625728,mosquitto,chatafl_opt,1,edges,37
1772625743,mosquitto,chatafl_opt,1,nodes,9
1772625743,mosquitto,chatafl_opt,1,edges,37
1772625748,mosquitto,chatafl_opt,1,nodes,9
1772625748,mosquitto,chatafl_opt,1,edges,37
1772625753,mosquitto,chatafl_opt,1,nodes,9
1772625753,mosquitto,chatafl_opt,1,edges,37
1772625759,mosquitto,chatafl_opt,1,nodes,9
1772625759,mosquitto,chatafl_opt,1,edges,37
1772625764,mosquitto,chatafl_opt,1,nodes,9
1772625764,mosquitto,chatafl_opt,1,edges,37
1772625769,mosquitto,chatafl_opt,1,nodes,9
1772625769,mosquitto,chatafl_opt,1,edges,37
1772625820,mosquitto,chatafl_opt,1,nodes,9
1772625820,mosquitto,chatafl_opt,1,edges,37
1772625825,mosquitto,chatafl_opt,1,nodes,9
1772625825,mosquitto,chatafl_opt,1,edges,37
1772625830,mosquitto,chatafl_opt,1,nodes,9
1772625830,mosquitto,chatafl_opt,1,edges,37
1772625876,mosquitto,chatafl_opt,1,nodes,9
1772625876,mosquitto,chatafl_opt,1,edges,37
1772625933,mosquitto,chatafl_opt,1,nodes,9
1772625933,mosquitto,chatafl_opt,1,edges,37
1772625948,mosquitto,chatafl_opt,1,nodes,9
1772625948,mosquitto,chatafl_opt,1,edges,37
1772625974,mosquitto,chatafl_opt,1,nodes,9
1772625974,mosquitto,chatafl_opt,1,edges,37
1772625984,mosquitto,chatafl_opt,1,nodes,9
1772625984,mosquitto,chatafl_opt,1,edges,37
1772625989,mosquitto,chatafl_opt,1,nodes,9
1772625989,mosquitto,chatafl_opt,1,edges,37
1772625994,mosquitto,chatafl_opt,1,nodes,9
1772625994,mosquitto,chatafl_opt,1,edges,37
1772626015,mosquitto,chatafl_opt,1,nodes,9
1772626015,mosquitto,chatafl_opt,1,edges,37
1772626020,mosquitto,chatafl_opt,1,nodes,9
1772626020,mosquitto,chatafl_opt,1,edges,37
1772626050,mosquitto,chatafl_opt,1,nodes,9
1772626050,mosquitto,chatafl_opt,1,edges,37
1772626108,mosquitto,chatafl_opt,1,nodes,9
1772626108,mosquitto,chatafl_opt,1,edges,37
1772626118,mosquitto,chatafl_opt,1,nodes,9
1772626118,mosquitto,chatafl_opt,1,edges,37
1772626139,mosquitto,chatafl_opt,1,nodes,9
1772626139,mosquitto,chatafl_opt,1,edges,37
1772626201,mosquitto,chatafl_opt,1,nodes,9
1772626201,mosquitto,chatafl_opt,1,edges,37
1772626216,mosquitto,chatafl_opt,1,nodes,9
1772626216,mosquitto,chatafl_opt,1,edges,37
1772626221,mosquitto,chatafl_opt,1,nodes,9
1772626221,mosquitto,chatafl_opt,1,edges,37
1772626231,mosquitto,chatafl_opt,1,nodes,9
1772626231,mosquitto,chatafl_opt,1,edges,37
1772626236,mosquitto,chatafl_opt,1,nodes,9
1772626236,mosquitto,chatafl_opt,1,edges,37
1772626257,mosquitto,chatafl_opt,1,nodes,9
1772626257,mosquitto,chatafl_opt,1,edges,37
1772626262,mosquitto,chatafl_opt,1,nodes,9
1772626262,mosquitto,chatafl_opt,1,edges,37
1772626277,mosquitto,chatafl_opt,1,nodes,9
1772626277,mosquitto,chatafl_opt,1,edges,37
1772626288,mosquitto,chatafl_opt,1,nodes,9
1772626288,mosquitto,chatafl_opt,1,edges,37
1772626298,mosquitto,chatafl_opt,1,nodes,9
1772626298,mosquitto,chatafl_opt,1,edges,37
1772626303,mosquitto,chatafl_opt,1,nodes,9
1772626303,mosquitto,chatafl_opt,1,edges,37
1772626354,mosquitto,chatafl_opt,1,nodes,9
1772626354,mosquitto,chatafl_opt,1,edges,37
1772626364,mosquitto,chatafl_opt,1,nodes,9
1772626364,mosquitto,chatafl_opt,1,edges,37
1772626370,mosquitto,chatafl_opt,1,nodes,9
1772626370,mosquitto,chatafl_opt,1,edges,37
1772626395,mosquitto,chatafl_opt,1,nodes,9
1772626395,mosquitto,chatafl_opt,1,edges,37
1772626416,mosquitto,chatafl_opt,1,nodes,9
1772626416,mosquitto,chatafl_opt,1,edges,37
1772626452,mosquitto,chatafl_opt,1,nodes,9
1772626452,mosquitto,chatafl_opt,1,edges,37
1772626457,mosquitto,chatafl_opt,1,nodes,9
1772626457,mosquitto,chatafl_opt,1,edges,37
1772626483,mosquitto,chatafl_opt,1,nodes,9
1772626483,mosquitto,chatafl_opt,1,edges,37
1772626498,mosquitto,chatafl_opt,1,nodes,9
1772626498,mosquitto,chatafl_opt,1,edges,38
1772626508,mosquitto,chatafl_opt,1,nodes,9
1772626508,mosquitto,chatafl_opt,1,edges,38
1772626519,mosquitto,chatafl_opt,1,nodes,9
1772626519,mosquitto,chatafl_opt,1,edges,38
1772626539,mosquitto,chatafl_opt,1,nodes,9
1772626539,mosquitto,chatafl_opt,1,edges,38
1772626555,mosquitto,chatafl_opt,1,nodes,9
1772626555,mosquitto,chatafl_opt,1,edges,38
1772626565,mosquitto,chatafl_opt,1,nodes,9
1772626565,mosquitto,chatafl_opt,1,edges,38
1772626580,mosquitto,chatafl_opt,1,nodes,9
1772626580,mosquitto,chatafl_opt,1,edges,38
1772626595,mosquitto,chatafl_opt,1,nodes,9
1772626595,mosquitto,chatafl_opt,1,edges,38
1772626616,mosquitto,chatafl_opt,1,nodes,9
1772626616,mosquitto,chatafl_opt,1,edges,38
1772626621,mosquitto,chatafl_opt,1,nodes,9
1772626621,mosquitto,chatafl_opt,1,edges,38
1772626672,mosquitto,chatafl_opt,1,nodes,9
1772626672,mosquitto,chatafl_opt,1,edges,38
1772626688,mosquitto,chatafl_opt,1,nodes,9
1772626688,mosquitto,chatafl_opt,1,edges,38
1772626749,mosquitto,chatafl_opt,1,nodes,9
1772626749,mosquitto,chatafl_opt,1,edges,38
1772626754,mosquitto,chatafl_opt,1,nodes,9
1772626754,mosquitto,chatafl_opt,1,edges,38
1772626764,mosquitto,chatafl_opt,1,nodes,9
1772626764,mosquitto,chatafl_opt,1,edges,38
1772626769,mosquitto,chatafl_opt,1,nodes,9
1772626769,mosquitto,chatafl_opt,1,edges,38
1772626774,mosquitto,chatafl_opt,1,nodes,9
1772626774,mosquitto,chatafl_opt,1,edges,38
1772626785,mosquitto,chatafl_opt,1,nodes,9
1772626785,mosquitto,chatafl_opt,1,edges,38
1772626805,mosquitto,chatafl_opt,1,nodes,9
1772626805,mosquitto,chatafl_opt,1,edges,38
1772626821,mosquitto,chatafl_opt,1,nodes,9
1772626821,mosquitto,chatafl_opt,1,edges,38
1772626882,mosquitto,chatafl_opt,1,nodes,9
1772626882,mosquitto,chatafl_opt,1,edges,38
1772626888,mosquitto,chatafl_opt,1,nodes,9
1772626888,mosquitto,chatafl_opt,1,edges,38
1772626893,mosquitto,chatafl_opt,1,nodes,9
1772626893,mosquitto,chatafl_opt,1,edges,38
1772626898,mosquitto,chatafl_opt,1,nodes,9
1772626898,mosquitto,chatafl_opt,1,edges,38
1772626908,mosquitto,chatafl_opt,1,nodes,9
1772626908,mosquitto,chatafl_opt,1,edges,38
1772626918,mosquitto,chatafl_opt,1,nodes,9
1772626918,mosquitto,chatafl_opt,1,edges,38
1772626970,mosquitto,chatafl_opt,1,nodes,9
1772626970,mosquitto,chatafl_opt,1,edges,38
1772626975,mosquitto,chatafl_opt,1,nodes,9
1772626975,mosquitto,chatafl_opt,1,edges,38
1772626985,mosquitto,chatafl_opt,1,nodes,9
1772626985,mosquitto,chatafl_opt,1,edges,38
1772626995,mosquitto,chatafl_opt,1,nodes,9
1772626995,mosquitto,chatafl_opt,1,edges,38
1772627026,mosquitto,chatafl_opt,1,nodes,9
1772627026,mosquitto,chatafl_opt,1,edges,38
1772627041,mosquitto,chatafl_opt,1,nodes,9
1772627041,mosquitto,chatafl_opt,1,edges,38
1772627057,mosquitto,chatafl_opt,1,nodes,9
1772627057,mosquitto,chatafl_opt,1,edges,38
1772627186,mosquitto,chatafl_opt,1,nodes,9
1772627186,mosquitto,chatafl_opt,1,edges,38
1772627212,mosquitto,chatafl_opt,1,nodes,9
1772627212,mosquitto,chatafl_opt,1,edges,38
1772627222,mosquitto,chatafl_opt,1,nodes,9
1772627222,mosquitto,chatafl_opt,1,edges,38
1772627238,mosquitto,chatafl_opt,1,nodes,9
1772627238,mosquitto,chatafl_opt,1,edges,38
1772627268,mosquitto,chatafl_opt,1,nodes,9
1772627268,mosquitto,chatafl_opt,1,edges,38
1772627279,mosquitto,chatafl_opt,1,nodes,9
1772627279,mosquitto,chatafl_opt,1,edges,38
1772627314,mosquitto,chatafl_opt,1,nodes,9
1772627314,mosquitto,chatafl_opt,1,edges,38
1772627342,mosquitto,chatafl_opt,1,nodes,9
1772627342,mosquitto,chatafl_opt,1,edges,38
1772627368,mosquitto,chatafl_opt,1,nodes,9
1772627368,mosquitto,chatafl_opt,1,edges,38
1772627428,mosquitto,chatafl_opt,1,nodes,9
1772627428,mosquitto,chatafl_opt,1,edges,38
1772627443,mosquitto,chatafl_opt,1,nodes,9
1772627443,mosquitto,chatafl_opt,1,edges,38
1772627448,mosquitto,chatafl_opt,1,nodes,9
1772627448,mosquitto,chatafl_opt,1,edges,38
1772627464,mosquitto,chatafl_opt,1,nodes,9
1772627464,mosquitto,chatafl_opt,1,edges,38
1772627474,mosquitto,chatafl_opt,1,nodes,9
1772627474,mosquitto,chatafl_opt,1,edges,38
1772627479,mosquitto,chatafl_opt,1,nodes,9
1772627479,mosquitto,chatafl_opt,1,edges,38
1772627515,mosquitto,chatafl_opt,1,nodes,9
1772627515,mosquitto,chatafl_opt,1,edges,38
1772627526,mosquitto,chatafl_opt,1,nodes,9
1772627526,mosquitto,chatafl_opt,1,edges,38
1772627567,mosquitto,chatafl_opt,1,nodes,9
1772627567,mosquitto,chatafl_opt,1,edges,38
1772627572,mosquitto,chatafl_opt,1,nodes,9
1772627572,mosquitto,chatafl_opt,1,edges,38
1772627582,mosquitto,chatafl_opt,1,nodes,9
1772627582,mosquitto,chatafl_opt,1,edges,38
1772627587,mosquitto,chatafl_opt,1,nodes,9
1772627587,mosquitto,chatafl_opt,1,edges,38
1772627598,mosquitto,chatafl_opt,1,nodes,9
1772627598,mosquitto,chatafl_opt,1,edges,38
1772627613,mosquitto,chatafl_opt,1,nodes,9
1772627613,mosquitto,chatafl_opt,1,edges,38
1772627644,mosquitto,chatafl_opt,1,nodes,9
1772627644,mosquitto,chatafl_opt,1,edges,38
1772627727,mosquitto,chatafl_opt,1,nodes,9
1772627727,mosquitto,chatafl_opt,1,edges,38
1772627768,mosquitto,chatafl_opt,1,nodes,9
1772627768,mosquitto,chatafl_opt,1,edges,38
1772627794,mosquitto,chatafl_opt,1,nodes,9
1772627794,mosquitto,chatafl_opt,1,edges,38
1772627799,mosquitto,chatafl_opt,1,nodes,9
1772627799,mosquitto,chatafl_opt,1,edges,38
1772627819,mosquitto,chatafl_opt,1,nodes,9
1772627819,mosquitto,chatafl_opt,1,edges,38
1772627835,mosquitto,chatafl_opt,1,nodes,9
1772627835,mosquitto,chatafl_opt,1,edges,38
1772627855,mosquitto,chatafl_opt,1,nodes,9
1772627855,mosquitto,chatafl_opt,1,edges,38
1772627860,mosquitto,chatafl_opt,1,nodes,9
1772627860,mosquitto,chatafl_opt,1,edges,38
1772627897,mosquitto,chatafl_opt,1,nodes,9
1772627897,mosquitto,chatafl_opt,1,edges,38
1772627917,mosquitto,chatafl_opt,1,nodes,9
1772627917,mosquitto,chatafl_opt,1,edges,38
1772627963,mosquitto,chatafl_opt,1,nodes,9
1772627963,mosquitto,chatafl_opt,1,edges,38
1772627989,mosquitto,chatafl_opt,1,nodes,9
1772627989,mosquitto,chatafl_opt,1,edges,38
1772627999,mosquitto,chatafl_opt,1,nodes,9
1772627999,mosquitto,chatafl_opt,1,edges,38
1772628009,mosquitto,chatafl_opt,1,nodes,9
1772628009,mosquitto,chatafl_opt,1,edges,38
1772628024,mosquitto,chatafl_opt,1,nodes,9
1772628024,mosquitto,chatafl_opt,1,edges,38
1772628030,mosquitto,chatafl_opt,1,nodes,9
1772628030,mosquitto,chatafl_opt,1,edges,38
1772628035,mosquitto,chatafl_opt,1,nodes,9
1772628035,mosquitto,chatafl_opt,1,edges,38
1772628045,mosquitto,chatafl_opt,1,nodes,9
1772628045,mosquitto,chatafl_opt,1,edges,38
1772628050,mosquitto,chatafl_opt,1,nodes,9
1772628050,mosquitto,chatafl_opt,1,edges,38
1772628066,mosquitto,chatafl_opt,1,nodes,9
1772628066,mosquitto,chatafl_opt,1,edges,38
1772628071,mosquitto,chatafl_opt,1,nodes,9
1772628071,mosquitto,chatafl_opt,1,edges,38
1772628091,mosquitto,chatafl_opt,1,nodes,9
1772628091,mosquitto,chatafl_opt,1,edges,38
1772628132,mosquitto,chatafl_opt,1,nodes,9
1772628132,mosquitto,chatafl_opt,1,edges,38
1772628143,mosquitto,chatafl_opt,1,nodes,9
1772628143,mosquitto,chatafl_opt,1,edges,38
1772628158,mosquitto,chatafl_opt,1,nodes,9
1772628158,mosquitto,chatafl_opt,1,edges,38
1772628180,mosquitto,chatafl_opt,1,nodes,9
1772628180,mosquitto,chatafl_opt,1,edges,38
1772628185,mosquitto,chatafl_opt,1,nodes,9
1772628185,mosquitto,chatafl_opt,1,edges,38
1772628195,mosquitto,chatafl_opt,1,nodes,9
1772628195,mosquitto,chatafl_opt,1,edges,38
1772628200,mosquitto,chatafl_opt,1,nodes,9
1772628200,mosquitto,chatafl_opt,1,edges,38
1772628205,mosquitto,chatafl_opt,1,nodes,9
1772628205,mosquitto,chatafl_opt,1,edges,38
1772628221,mosquitto,chatafl_opt,1,nodes,9
1772628221,mosquitto,chatafl_opt,1,edges,38
1772628262,mosquitto,chatafl_opt,1,nodes,9
1772628262,mosquitto,chatafl_opt,1,edges,38
1772628298,mosquitto,chatafl_opt,1,nodes,9
1772628298,mosquitto,chatafl_opt,1,edges,38
1772628308,mosquitto,chatafl_opt,1,nodes,9
1772628308,mosquitto,chatafl_opt,1,edges,38
1772628314,mosquitto,chatafl_opt,1,nodes,9
1772628314,mosquitto,chatafl_opt,1,edges,38
1772628329,mosquitto,chatafl_opt,1,nodes,9
1772628329,mosquitto,chatafl_opt,1,edges,38
1772628360,mosquitto,chatafl_opt,1,nodes,9
1772628360,mosquitto,chatafl_opt,1,edges,38
1772628380,mosquitto,chatafl_opt,1,nodes,9
1772628380,mosquitto,chatafl_opt,1,edges,38
1772628421,mosquitto,chatafl_opt,1,nodes,9
1772628421,mosquitto,chatafl_opt,1,edges,38
1772628442,mosquitto,chatafl_opt,1,nodes,9
1772628442,mosquitto,chatafl_opt,1,edges,38
1772628447,mosquitto,chatafl_opt,1,nodes,9
1772628447,mosquitto,chatafl_opt,1,edges,38
1772628453,mosquitto,chatafl_opt,1,nodes,9
1772628453,mosquitto,chatafl_opt,1,edges,38
1772628534,mosquitto,chatafl_opt,1,nodes,9
1772628534,mosquitto,chatafl_opt,1,edges,38
1772628560,mosquitto,chatafl_opt,1,nodes,9
1772628560,mosquitto,chatafl_opt,1,edges,38
1772628582,mosquitto,chatafl_opt,1,nodes,9
1772628582,mosquitto,chatafl_opt,1,edges,38
1772628592,mosquitto,chatafl_opt,1,nodes,9
1772628592,mosquitto,chatafl_opt,1,edges,38
1772628617,mosquitto,chatafl_opt,1,nodes,9
1772628617,mosquitto,chatafl_opt,1,edges,39
1772628628,mosquitto,chatafl_opt,1,nodes,9
1772628628,mosquitto,chatafl_opt,1,edges,39
1772628633,mosquitto,chatafl_opt,1,nodes,9
1772628633,mosquitto,chatafl_opt,1,edges,39
1772628643,mosquitto,chatafl_opt,1,nodes,9
1772628643,mosquitto,chatafl_opt,1,edges,39
1772628648,mosquitto,chatafl_opt,1,nodes,9
1772628648,mosquitto,chatafl_opt,1,edges,39
1772628658,mosquitto,chatafl_opt,1,nodes,9
1772628658,mosquitto,chatafl_opt,1,edges,39
1772628663,mosquitto,chatafl_opt,1,nodes,9
1772628663,mosquitto,chatafl_opt,1,edges,39
1772628684,mosquitto,chatafl_opt,1,nodes,9
1772628684,mosquitto,chatafl_opt,1,edges,39
1772628720,mosquitto,chatafl_opt,1,nodes,9
1772628720,mosquitto,chatafl_opt,1,edges,39
1772628725,mosquitto,chatafl_opt,1,nodes,9
1772628725,mosquitto,chatafl_opt,1,edges,39
1772628751,mosquitto,chatafl_opt,1,nodes,9
1772628751,mosquitto,chatafl_opt,1,edges,39
1772628777,mosquitto,chatafl_opt,1,nodes,9
1772628777,mosquitto,chatafl_opt,1,edges,39
1772628838,mosquitto,chatafl_opt,1,nodes,9
1772628838,mosquitto,chatafl_opt,1,edges,39
1772628869,mosquitto,chatafl_opt,1,nodes,9
1772628869,mosquitto,chatafl_opt,1,edges,39
1772628906,mosquitto,chatafl_opt,1,nodes,9
1772628906,mosquitto,chatafl_opt,1,edges,39
1772628911,mosquitto,chatafl_opt,1,nodes,9
1772628911,mosquitto,chatafl_opt,1,edges,39
1772628942,mosquitto,chatafl_opt,1,nodes,9
1772628942,mosquitto,chatafl_opt,1,edges,39
1772628968,mosquitto,chatafl_opt,1,nodes,9
1772628968,mosquitto,chatafl_opt,1,edges,39
1772628988,mosquitto,chatafl_opt,1,nodes,9
1772628988,mosquitto,chatafl_opt,1,edges,39
1772629009,mosquitto,chatafl_opt,1,nodes,9
1772629009,mosquitto,chatafl_opt,1,edges,39
1772629014,mosquitto,chatafl_opt,1,nodes,9
1772629014,mosquitto,chatafl_opt,1,edges,39
1772629065,mosquitto,chatafl_opt,1,nodes,9
1772629065,mosquitto,chatafl_opt,1,edges,39
1772629070,mosquitto,chatafl_opt,1,nodes,9
1772629070,mosquitto,chatafl_opt,1,edges,39
1772629086,mosquitto,chatafl_opt,1,nodes,9
1772629086,mosquitto,chatafl_opt,1,edges,39
1772629091,mosquitto,chatafl_opt,1,nodes,9
1772629091,mosquitto,chatafl_opt,1,edges,39
1772629106,mosquitto,chatafl_opt,1,nodes,9
1772629106,mosquitto,chatafl_opt,1,edges,39
1772629142,mosquitto,chatafl_opt,1,nodes,9
1772629142,mosquitto,chatafl_opt,1,edges,39
1772629167,mosquitto,chatafl_opt,1,nodes,9
1772629167,mosquitto,chatafl_opt,1,edges,39
1772629183,mosquitto,chatafl_opt,1,nodes,9
1772629183,mosquitto,chatafl_opt,1,edges,39
1772629194,mosquitto,chatafl_opt,1,nodes,9
1772629194,mosquitto,chatafl_opt,1,edges,39
1772629199,mosquitto,chatafl_opt,1,nodes,9
1772629199,mosquitto,chatafl_opt,1,edges,39
1772629225,mosquitto,chatafl_opt,1,nodes,9
1772629225,mosquitto,chatafl_opt,1,edges,39
1772629231,mosquitto,chatafl_opt,1,nodes,9
1772629231,mosquitto,chatafl_opt,1,edges,39
1772629236,mosquitto,chatafl_opt,1,nodes,9
1772629236,mosquitto,chatafl_opt,1,edges,39
1772629246,mosquitto,chatafl_opt,1,nodes,9
1772629246,mosquitto,chatafl_opt,1,edges,39
1772629251,mosquitto,chatafl_opt,1,nodes,9
1772629251,mosquitto,chatafl_opt,1,edges,39
1772629272,mosquitto,chatafl_opt,1,nodes,9
1772629272,mosquitto,chatafl_opt,1,edges,39
1772629277,mosquitto,chatafl_opt,1,nodes,9
1772629277,mosquitto,chatafl_opt,1,edges,39
1772629318,mosquitto,chatafl_opt,1,nodes,9
1772629318,mosquitto,chatafl_opt,1,edges,39
1772629323,mosquitto,chatafl_opt,1,nodes,9
1772629323,mosquitto,chatafl_opt,1,edges,39
1772629333,mosquitto,chatafl_opt,1,nodes,9
1772629333,mosquitto,chatafl_opt,1,edges,39
1772629344,mosquitto,chatafl_opt,1,nodes,9
1772629344,mosquitto,chatafl_opt,1,edges,39
1772629349,mosquitto,chatafl_opt,1,nodes,9
1772629349,mosquitto,chatafl_opt,1,edges,39
1772629390,mosquitto,chatafl_opt,1,nodes,9
1772629390,mosquitto,chatafl_opt,1,edges,39
1772629416,mosquitto,chatafl_opt,1,nodes,9
1772629416,mosquitto,chatafl_opt,1,edges,39
1772629441,mosquitto,chatafl_opt,1,nodes,9
1772629441,mosquitto,chatafl_opt,1,edges,39
1772629446,mosquitto,chatafl_opt,1,nodes,9
1772629446,mosquitto,chatafl_opt,1,edges,39
1772629465,mosquitto,chatafl_opt,1,nodes,9
1772629465,mosquitto,chatafl_opt,1,edges,39
1772629491,mosquitto,chatafl_opt,1,nodes,9
1772629491,mosquitto,chatafl_opt,1,edges,39
1772629538,mosquitto,chatafl_opt,1,nodes,9
1772629538,mosquitto,chatafl_opt,1,edges,39
1772629554,mosquitto,chatafl_opt,1,nodes,9
1772629554,mosquitto,chatafl_opt,1,edges,39
1772629610,mosquitto,chatafl_opt,1,nodes,9
1772629610,mosquitto,chatafl_opt,1,edges,39
1772629621,mosquitto,chatafl_opt,1,nodes,9
1772629621,mosquitto,chatafl_opt,1,edges,39
1772629631,mosquitto,chatafl_opt,1,nodes,9
1772629631,mosquitto,chatafl_opt,1,edges,39
1772629647,mosquitto,chatafl_opt,1,nodes,9
1772629647,mosquitto,chatafl_opt,1,edges,39
1772629677,mosquitto,chatafl_opt,1,nodes,9
1772629677,mosquitto,chatafl_opt,1,edges,39
1772629708,mosquitto,chatafl_opt,1,nodes,9
1772629708,mosquitto,chatafl_opt,1,edges,39
1772629713,mosquitto,chatafl_opt,1,nodes,9
1772629713,mosquitto,chatafl_opt,1,edges,39
1772629758,mosquitto,chatafl_opt,1,nodes,9
1772629758,mosquitto,chatafl_opt,1,edges,39
1772629789,mosquitto,chatafl_opt,1,nodes,9
1772629789,mosquitto,chatafl_opt,1,edges,39
1772629809,mosquitto,chatafl_opt,1,nodes,9
1772629809,mosquitto,chatafl_opt,1,edges,39
1772629835,mosquitto,chatafl_opt,1,nodes,9
1772629835,mosquitto,chatafl_opt,1,edges,39
1772629928,mosquitto,chatafl_opt,1,nodes,9
1772629928,mosquitto,chatafl_opt,1,edges,39
1772629960,mosquitto,chatafl_opt,1,nodes,9
1772629960,mosquitto,chatafl_opt,1,edges,39
1772629986,mosquitto,chatafl_opt,1,nodes,9
1772629986,mosquitto,chatafl_opt,1,edges,39
1772630017,mosquitto,chatafl_opt,1,nodes,9
1772630017,mosquitto,chatafl_opt,1,edges,39
1772630043,mosquitto,chatafl_opt,1,nodes,9
1772630043,mosquitto,chatafl_opt,1,edges,39
1772630068,mosquitto,chatafl_opt,1,nodes,9
1772630068,mosquitto,chatafl_opt,1,edges,39
1772630088,mosquitto,chatafl_opt,1,nodes,9
1772630088,mosquitto,chatafl_opt,1,edges,39
1772630145,mosquitto,chatafl_opt,1,nodes,9
1772630145,mosquitto,chatafl_opt,1,edges,39
1772630166,mosquitto,chatafl_opt,1,nodes,9
1772630166,mosquitto,chatafl_opt,1,edges,39
1772630176,mosquitto,chatafl_opt,1,nodes,9
1772630176,mosquitto,chatafl_opt,1,edges,39
1772630185,mosquitto,chatafl_opt,1,nodes,9
1772630185,mosquitto,chatafl_opt,1,edges,39
1772630190,mosquitto,chatafl_opt,1,nodes,9
1772630190,mosquitto,chatafl_opt,1,edges,39
1772630205,mosquitto,chatafl_opt,1,nodes,9
1772630205,mosquitto,chatafl_opt,1,edges,39
1772630210,mosquitto,chatafl_opt,1,nodes,9
1772630210,mosquitto,chatafl_opt,1,edges,39
1772630231,mosquitto,chatafl_opt,1,nodes,9
1772630231,mosquitto,chatafl_opt,1,edges,39
1772630267,mosquitto,chatafl_opt,1,nodes,9
1772630267,mosquitto,chatafl_opt,1,edges,39
1772630287,mosquitto,chatafl_opt,1,nodes,9
1772630287,mosquitto,chatafl_opt,1,edges,39
1772630292,mosquitto,chatafl_opt,1,nodes,9
1772630292,mosquitto,chatafl_opt,1,edges,39
1772630303,mosquitto,chatafl_opt,1,nodes,9
1772630303,mosquitto,chatafl_opt,1,edges,39
1772630334,mosquitto,chatafl_opt,1,nodes,9
1772630334,mosquitto,chatafl_opt,1,edges,39
1772630354,mosquitto,chatafl_opt,1,nodes,9
1772630354,mosquitto,chatafl_opt,1,edges,39
1772630417,mosquitto,chatafl_opt,1,nodes,9
1772630417,mosquitto,chatafl_opt,1,edges,39
1772630427,mosquitto,chatafl_opt,1,nodes,9
1772630427,mosquitto,chatafl_opt,1,edges,39
1772630493,mosquitto,chatafl_opt,1,nodes,9
1772630493,mosquitto,chatafl_opt,1,edges,39
1772630514,mosquitto,chatafl_opt,1,nodes,9
1772630514,mosquitto,chatafl_opt,1,edges,39
1772630545,mosquitto,chatafl_opt,1,nodes,9
1772630545,mosquitto,chatafl_opt,1,edges,39
1772630567,mosquitto,chatafl_opt,1,nodes,9
1772630567,mosquitto,chatafl_opt,1,edges,39
1772630583,mosquitto,chatafl_opt,1,nodes,9
1772630583,mosquitto,chatafl_opt,1,edges,39
1772630618,mosquitto,chatafl_opt,1,nodes,9
1772630618,mosquitto,chatafl_opt,1,edges,39
1772630726,mosquitto,chatafl_opt,1,nodes,9
1772630726,mosquitto,chatafl_opt,1,edges,39
1772630752,mosquitto,chatafl_opt,1,nodes,9
1772630752,mosquitto,chatafl_opt,1,edges,39
1772630788,mosquitto,chatafl_opt,1,nodes,9
1772630788,mosquitto,chatafl_opt,1,edges,39
1772630814,mosquitto,chatafl_opt,1,nodes,9
1772630814,mosquitto,chatafl_opt,1,edges,39
1772630844,mosquitto,chatafl_opt,1,nodes,9
1772630844,mosquitto,chatafl_opt,1,edges,39
1772630871,mosquitto,chatafl_opt,1,nodes,9
1772630871,mosquitto,chatafl_opt,1,edges,39
1772630882,mosquitto,chatafl_opt,1,nodes,9
1772630882,mosquitto,chatafl_opt,1,edges,39
1772630892,mosquitto,chatafl_opt,1,nodes,9
1772630892,mosquitto,chatafl_opt,1,edges,39
1772630985,mosquitto,chatafl_opt,1,nodes,9
1772630985,mosquitto,chatafl_opt,1,edges,39
1772631000,mosquitto,chatafl_opt,1,nodes,9
1772631000,mosquitto,chatafl_opt,1,edges,39
1772631046,mosquitto,chatafl_opt,1,nodes,9
1772631046,mosquitto,chatafl_opt,1,edges,39
1772631066,mosquitto,chatafl_opt,1,nodes,9
1772631066,mosquitto,chatafl_opt,1,edges,39
1772631082,mosquitto,chatafl_opt,1,nodes,9
1772631082,mosquitto,chatafl_opt,1,edges,39
1772631096,mosquitto,chatafl_opt,1,nodes,9
1772631096,mosquitto,chatafl_opt,1,edges,39
1772631174,mosquitto,chatafl_opt,1,nodes,9
1772631174,mosquitto,chatafl_opt,1,edges,39
1772631189,mosquitto,chatafl_opt,1,nodes,9
1772631189,mosquitto,chatafl_opt,1,edges,39
1772631194,mosquitto,chatafl_opt,1,nodes,9
1772631194,mosquitto,chatafl_opt,1,edges,39
1772631306,mosquitto,chatafl_opt,1,nodes,9
1772631306,mosquitto,chatafl_opt,1,edges,39
1772631314,mosquitto,chatafl_opt,1,nodes,9
1772631314,mosquitto,chatafl_opt,1,edges,39
1772631319,mosquitto,chatafl_opt,1,nodes,9
1772631319,mosquitto,chatafl_opt,1,edges,39
1772631365,mosquitto,chatafl_opt,1,nodes,9
1772631365,mosquitto,chatafl_opt,1,edges,39
1772631376,mosquitto,chatafl_opt,1,nodes,9
1772631376,mosquitto,chatafl_opt,1,edges,40
1772631386,mosquitto,chatafl_opt,1,nodes,9
1772631386,mosquitto,chatafl_opt,1,edges,40
1772631422,mosquitto,chatafl_opt,1,nodes,9
1772631422,mosquitto,chatafl_opt,1,edges,40
1772631453,mosquitto,chatafl_opt,1,nodes,9
1772631453,mosquitto,chatafl_opt,1,edges,40
1772631473,mosquitto,chatafl_opt,1,nodes,9
1772631473,mosquitto,chatafl_opt,1,edges,40
1772631484,mosquitto,chatafl_opt,1,nodes,9
1772631484,mosquitto,chatafl_opt,1,edges,40
1772631499,mosquitto,chatafl_opt,1,nodes,9
1772631499,mosquitto,chatafl_opt,1,edges,40
1772631513,mosquitto,chatafl_opt,1,nodes,9
1772631513,mosquitto,chatafl_opt,1,edges,40
1772631518,mosquitto,chatafl_opt,1,nodes,9
1772631518,mosquitto,chatafl_opt,1,edges,40
1772631543,mosquitto,chatafl_opt,1,nodes,9
1772631543,mosquitto,chatafl_opt,1,edges,40
1772631569,mosquitto,chatafl_opt,1,nodes,9
1772631569,mosquitto,chatafl_opt,1,edges,40
1772631579,mosquitto,chatafl_opt,1,nodes,9
1772631579,mosquitto,chatafl_opt,1,edges,40
1772631600,mosquitto,chatafl_opt,1,nodes,9
1772631600,mosquitto,chatafl_opt,1,edges,40
1772631605,mosquitto,chatafl_opt,1,nodes,9
1772631605,mosquitto,chatafl_opt,1,edges,40
1772631615,mosquitto,chatafl_opt,1,nodes,9
1772631615,mosquitto,chatafl_opt,1,edges,40
1772631625,mosquitto,chatafl_opt,1,nodes,9
1772631625,mosquitto,chatafl_opt,1,edges,40
1772631646,mosquitto,chatafl_opt,1,nodes,9
1772631646,mosquitto,chatafl_opt,1,edges,40
1772631666,mosquitto,chatafl_opt,1,nodes,9
1772631666,mosquitto,chatafl_opt,1,edges,40
1772631692,mosquitto,chatafl_opt,1,nodes,9
1772631692,mosquitto,chatafl_opt,1,edges,40
1772631712,mosquitto,chatafl_opt,1,nodes,9
1772631712,mosquitto,chatafl_opt,1,edges,40
1772631738,mosquitto,chatafl_opt,1,nodes,9
1772631738,mosquitto,chatafl_opt,1,edges,40
1772631759,mosquitto,chatafl_opt,1,nodes,9
1772631759,mosquitto,chatafl_opt,1,edges,40
1772631785,mosquitto,chatafl_opt,1,nodes,9
1772631785,mosquitto,chatafl_opt,1,edges,40
1772631815,mosquitto,chatafl_opt,1,nodes,9
1772631815,mosquitto,chatafl_opt,1,edges,40
1772631836,mosquitto,chatafl_opt,1,nodes,9
1772631836,mosquitto,chatafl_opt,1,edges,40
1772631846,mosquitto,chatafl_opt,1,nodes,9
1772631846,mosquitto,chatafl_opt,1,edges,40
1772631861,mosquitto,chatafl_opt,1,nodes,9
1772631861,mosquitto,chatafl_opt,1,edges,40
1772631883,mosquitto,chatafl_opt,1,nodes,9
1772631883,mosquitto,chatafl_opt,1,edges,40
1772631909,mosquitto,chatafl_opt,1,nodes,9
1772631909,mosquitto,chatafl_opt,1,edges,40
1772631945,mosquitto,chatafl_opt,1,nodes,9
1772631945,mosquitto,chatafl_opt,1,edges,40
1772632022,mosquitto,chatafl_opt,1,nodes,9
1772632022,mosquitto,chatafl_opt,1,edges,40
1772632027,mosquitto,chatafl_opt,1,nodes,9
1772632027,mosquitto,chatafl_opt,1,edges,40
1772632047,mosquitto,chatafl_opt,1,nodes,9
1772632047,mosquitto,chatafl_opt,1,edges,40
1772632052,mosquitto,chatafl_opt,1,nodes,9
1772632052,mosquitto,chatafl_opt,1,edges,40
1772632078,mosquitto,chatafl_opt,1,nodes,9
1772632078,mosquitto,chatafl_opt,1,edges,40
1772632109,mosquitto,chatafl_opt,1,nodes,9
1772632109,mosquitto,chatafl_opt,1,edges,40
1772632145,mosquitto,chatafl_opt,1,nodes,9
1772632145,mosquitto,chatafl_opt,1,edges,40
1772632170,mosquitto,chatafl_opt,1,nodes,9
1772632170,mosquitto,chatafl_opt,1,edges,40
1772632186,mosquitto,chatafl_opt,1,nodes,9
1772632186,mosquitto,chatafl_opt,1,edges,40
1772632216,mosquitto,chatafl_opt,1,nodes,9
1772632216,mosquitto,chatafl_opt,1,edges,40
1772632237,mosquitto,chatafl_opt,1,nodes,9
1772632237,mosquitto,chatafl_opt,1,edges,40
1772632242,mosquitto,chatafl_opt,1,nodes,9
1772632242,mosquitto,chatafl_opt,1,edges,40
