# unix_time, cycles_done, cur_path, paths_total, pending_total, pending_favs, map_size, unique_crashes, unique_hangs, max_depth, execs_per_sec, n_nodes, n_edges, chat_times, llm_calls, llm_prompt_tok, llm_compl_tok, llm_dedup, hyp_fitness, hyp_success, hyp_failure, mqtt_diff_avg, mqtt_diff_last, mqtt_diff_pos
1777098728, 0, 0, 461, 461, 29, 6.40%, 0, 0, 2, 4.55, 14, 95, 0, 370, 103206, 38550, 0, 0.000, 0, 0, 0.000000, 0.000000, 0, 0, 0, 0, 0, 0, 0, 0
1777098733, 0, 0, 464, 464, 29, 6.67%, 0, 0, 2, 5.56, 15, 98, 0, 370, 103206, 38550, 0, 0.000, 0, 0, 0.000000, 0.000000, 0, 0, 0, 0, 0, 0, 0, 0
1777098738, 0, 0, 467, 467, 29, 6.68%, 0, 0, 2, 6.76, 15, 99, 0, 370, 103206, 38550, 0, 0.000, 0, 0, 0.000000, 0.000000, 0, 0, 0, 0, 0, 0, 0, 0
1777098743, 0, 0, 469, 469, 29, 6.77%, 0, 0, 2, 5.12, 15, 99, 0, 370, 103206, 38550, 0, 0.000, 0, 0, 0.000000, 0.000000, 0, 0, 0, 0, 0, 0, 0, 0
1777098748, 0, 0, 471, 471, 29, 6.77%, 0, 0, 2, 5.67, 15, 99, 0, 370, 103206, 38550, 0, 0.000, 0, 0, 0.000000, 0.000000, 0, 0, 0, 0, 0, 0, 0, 0
1777098754, 0, 0, 473, 473, 29, 6.79%, 0, 0, 2, 5.96, 15, 99, 0, 370, 103206, 38550, 0, 0.000, 0, 0, 0.000000, 0.000000, 0, 0, 0, 0, 0, 0, 0, 0
1777098759, 0, 0, 475, 475, 29, 6.79%, 0, 0, 2, 5.46, 15, 99, 0, 370, 103206, 38550, 0, 0.000, 0, 0, 0.000000, 0.000000, 0, 0, 0, 0, 0, 0, 0, 0
1777098764, 0, 0, 477, 477, 29, 6.80%, 0, 0, 2, 5.81, 15, 100, 0, 370, 103206, 38550, 0, 0.000, 0, 0, 0.000000, 0.000000, 0, 0, 0, 0, 0, 0, 0, 0
1777098769, 0, 0, 479, 479, 29, 6.84%, 0, 0, 2, 2.24, 15, 100, 0, 370, 103206, 38550, 0, 0.000, 0, 0, 0.000000, 0.000000, 0, 0, 0, 0, 0, 0, 0, 0
1777098775, 0, 0, 482, 482, 29, 6.85%, 0, 0, 2, 4.51, 15, 100, 0, 370, 103206, 38550, 0, 0.000, 0, 0, 0.000000, 0.000000, 0, 0, 0, 0, 0, 0, 0, 0
1777098780, 0, 0, 483, 483, 29, 6.86%, 0, 0, 2, 5.35, 15, 100, 0, 370, 103206, 38550, 0, 0.000, 0, 0, 0.000000, 0.000000, 0, 0, 0, 0, 0, 0, 0, 0
1777098785, 0, 0, 486, 486, 29, 6.88%, 0, 0, 2, 5.56, 15, 102, 0, 370, 103206, 38550, 0, 0.000, 0, 0, 0.000000, 0.000000, 0, 0, 0, 0, 0, 0, 0, 0
1777098790, 0, 0, 488, 488, 29, 6.90%, 0, 0, 2, 5.87, 16, 103, 0, 370, 103206, 38550, 0, 0.000, 0, 0, 0.000000, 0.000000, 0, 0, 0, 0, 0, 0, 0, 0
1777098796, 0, 0, 489, 489, 29, 6.92%, 0, 0, 2, 5.56, 16, 103, 0, 370, 103206, 38550, 0, 0.000, 0, 0, 0.000000, 0.000000, 0, 0, 0, 0, 0, 0, 0, 0
1777098801, 0, 0, 491, 491, 29, 6.93%, 0, 0, 2, 6.16, 16, 105, 0, 370, 103206, 38550, 0, 0.000, 0, 0, 0.000000, 0.000000, 0, 0, 0, 0, 0, 0, 0, 0
1777098806, 0, 0, 493, 493, 29, 6.94%, 0, 0, 2, 5.54, 16, 105, 0, 370, 103206, 38550, 0, 0.000, 0, 0, 0.000000, 0.000000, 0, 0, 0, 0, 0, 0, 0, 0
1777098811, 0, 0, 494, 494, 29, 6.95%, 0, 0, 2, 5.52, 16, 105, 0, 370, 103206, 38550, 0, 0.000, 0, 0, 0.000000, 0.000000, 0, 0, 0, 0, 0, 0, 0, 0
1777098817, 0, 0, 495, 495, 29, 6.95%, 0, 0, 2, 5.75, 16, 105, 0, 370, 103206, 38550, 0, 0.000, 0, 0, 0.000000, 0.000000, 0, 0, 0, 0, 0, 0, 0, 0
1777098822, 0, 0, 497, 497, 29, 6.96%, 0, 0, 2, 5.65, 16, 105, 0, 370, 103206, 38550, 0, 0.000, 0, 0, 0.000000, 0.000000, 0, 0, 0, 0, 0, 0, 0, 0
1777098827, 0, 0, 498, 498, 29, 6.97%, 0, 0, 2, 5.37, 16, 105, 0, 370, 103206, 38550, 0, 0.000, 0, 0, 0.000000, 0.000000, 0, 0, 0, 0, 0, 0, 0, 0
1777098832, 0, 0, 499, 499, 29, 6.97%, 0, 0, 2, 5.66, 16, 105, 0, 370, 103206, 38550, 0, 0.000, 0, 0, 0.000000, 0.000000, 0, 0, 0, 0, 0, 0, 0, 0
1777098837, 0, 0, 500, 500, 29, 6.98%, 0, 0, 2, 5.59, 16, 105, 0, 370, 103206, 38550, 0, 0.000, 0, 0, 0.000000, 0.000000, 0, 0, 0, 0, 0, 0, 0, 0
1777098853, 0, 0, 501, 501, 29, 6.98%, 0, 0, 2, 5.48, 16, 105, 0, 370, 103206, 38550, 0, 0.000, 0, 0, 0.000000, 0.000000, 0, 0, 0, 0, 0, 0, 0, 0
1777098858, 0, 0, 502, 502, 29, 6.98%, 0, 0, 2, 5.40, 16, 105, 0, 370, 103206, 38550, 0, 0.000, 0, 0, 0.000000, 0.000000, 0, 0, 0, 0, 0, 0, 0, 0
1777098869, 0, 0, 503, 503, 29, 6.99%, 0, 0, 2, 5.33, 16, 106, 0, 370, 103206, 38550, 0, 0.000, 0, 0, 0.000000, 0.000000, 0, 0, 0, 0, 0, 0, 0, 0
1777098874, 0, 0, 504, 504, 29, 7.00%, 0, 0, 2, 5.17, 16, 106, 0, 370, 103206, 38550, 0, 0.000, 0, 0, 0.000000, 0.000000, 0, 0, 0, 0, 0, 0, 0, 0
1777098879, 0, 0, 506, 506, 29, 7.00%, 0, 0, 2, 5.61, 16, 106, 0, 370, 103206, 38550, 0, 0.000, 0, 0, 0.000000, 0.000000, 0, 0, 0, 0, 0, 0, 0, 0
1777098895, 0, 0, 507, 507, 29, 7.01%, 0, 0, 2, 5.47, 16, 106, 0, 370, 103206, 38550, 0, 0.000, 0, 0, 0.000000, 0.000000, 0, 0, 0, 0, 0, 0, 0, 0
1777098900, 0, 0, 508, 508, 29, 7.01%, 0, 0, 2, 5.58, 16, 106, 0, 370, 103206, 38550, 0, 0.000, 0, 0, 0.000000, 0.000000, 0, 0, 0, 0, 0, 0, 0, 0
1777098905, 0, 0, 509, 509, 29, 7.01%, 0, 0, 2, 5.48, 16, 106, 0, 370, 103206, 38550, 0, 0.000, 0, 0, 0.000000, 0.000000, 0, 0, 0, 0, 0, 0, 0, 0
1777098910, 0, 0, 510, 510, 29, 7.01%, 0, 0, 2, 6.01, 16, 106, 0, 370, 103206, 38550, 0, 0.000, 0, 0, 0.000000, 0.000000, 0, 0, 0, 0, 0, 0, 0, 0
1777098916, 0, 0, 511, 511, 29, 7.01%, 0, 0, 2, 5.59, 16, 106, 0, 370, 103206, 38550, 0, 0.000, 0, 0, 0.000000, 0.000000, 0, 0, 0, 0, 0, 0, 0, 0
1777098921, 0, 0, 512, 512, 29, 7.01%, 0, 0, 2, 1.12, 16, 106, 0, 370, 103206, 38550, 0, 0.000, 0, 0, 0.000000, 0.000000, 0, 0, 0, 0, 0, 0, 0, 0
1777098937, 0, 0, 513, 513, 29, 7.01%, 0, 0, 2, 5.74, 16, 106, 0, 370, 103206, 38550, 0, 0.000, 0, 0, 0.000000, 0.000000, 0, 0, 0, 0, 0, 0, 0, 0
1777098942, 0, 0, 515, 515, 29, 7.03%, 0, 0, 2, 5.51, 16, 106, 0, 370, 103206, 38550, 0, 0.000, 0, 0, 0.000000, 0.000000, 0, 0, 0, 0, 0, 0, 0, 0
1777098947, 0, 0, 516, 516, 29, 7.03%, 0, 0, 2, 5.86, 16, 106, 0, 370, 103206, 38550, 0, 0.000, 0, 0, 0.000000, 0.000000, 0, 0, 0, 0, 0, 0, 0, 0
1777098958, 0, 0, 517, 517, 29, 7.04%, 0, 0, 2, 5.66, 16, 106, 0, 370, 103206, 38550, 0, 0.000, 0, 0, 0.000000, 0.000000, 0, 0, 0, 0, 0, 0, 0, 0
1777098973, 0, 0, 518, 518, 29, 7.04%, 0, 0, 2, 4.81, 16, 106, 0, 370, 103206, 38550, 0, 0.000, 0, 0, 0.000000, 0.000000, 0, 0, 0, 0, 0, 0, 0, 0
1777098994, 0, 0, 519, 519, 29, 7.05%, 0, 0, 2, 5.52, 16, 106, 0, 370, 103206, 38550, 0, 0.000, 0, 0, 0.000000, 0.000000, 0, 0, 0, 0, 0, 0, 0, 0
1777099004, 0, 0, 520, 520, 29, 7.05%, 0, 0, 2, 5.53, 16, 106, 0, 370, 103206, 38550, 0, 0.000, 0, 0, 0.000000, 0.000000, 0, 0, 0, 0, 0, 0, 0, 0
1777099009, 0, 0, 522, 522, 29, 7.05%, 0, 0, 2, 4.57, 16, 106, 0, 370, 103206, 38550, 0, 0.000, 0, 0, 0.000000, 0.000000, 0, 0, 0, 0, 0, 0, 0, 0
1777099014, 0, 0, 523, 523, 29, 7.06%, 0, 0, 2, 5.50, 16, 106, 0, 370, 103206, 38550, 0, 0.000, 0, 0, 0.000000, 0.000000, 0, 0, 0, 0, 0, 0, 0, 0
1777099025, 0, 0, 524, 524, 29, 7.06%, 0, 0, 2, 5.54, 16, 106, 0, 370, 103206, 38550, 0, 0.000, 0, 0, 0.000000, 0.000000, 0, 0, 0, 0, 0, 0, 0, 0
1777099035, 0, 0, 525, 525, 29, 7.06%, 0, 0, 2, 5.64, 16, 106, 0, 370, 103206, 38550, 0, 0.000, 0, 0, 0.000000, 0.000000, 0, 0, 0, 0, 0, 0, 0, 0
1777099076, 0, 0, 526, 526, 29, 7.06%, 0, 0, 2, 5.70, 16, 106, 0, 370, 103206, 38550, 0, 0.000, 0, 0, 0.000000, 0.000000, 0, 0, 0, 0, 0, 0, 1, 0
1777099081, 0, 0, 528, 528, 29, 7.07%, 0, 0, 2, 5.90, 16, 106, 0, 370, 103206, 38550, 0, 0.000, 0, 0, 0.000000, 0.000000, 0, 0, 0, 0, 0, 0, 1, 0
1777099086, 0, 0, 529, 529, 29, 7.07%, 0, 0, 2, 4.61, 16, 106, 0, 370, 103206, 38550, 0, 0.000, 0, 0, 0.000000, 0.000000, 0, 0, 0, 0, 0, 0, 1, 0
1777099097, 0, 0, 531, 531, 29, 7.08%, 0, 0, 2, 5.96, 16, 106, 0, 370, 103206, 38550, 0, 0.000, 0, 0, 0.000000, 0.000000, 0, 0, 0, 0, 0, 0, 1, 0
1777099117, 0, 0, 532, 532, 29, 7.08%, 0, 0, 2, 4.06, 16, 106, 0, 370, 103206, 38550, 0, 0.000, 0, 0, 0.000000, 0.000000, 0, 0, 0, 0, 0, 0, 1, 0
1777099128, 0, 0, 533, 533, 29, 7.09%, 0, 0, 2, 6.84, 16, 106, 0, 370, 103206, 38550, 0, 0.000, 0, 0, 0.000000, 0.000000, 0, 0, 0, 0, 0, 0, 1, 0
1777099138, 0, 0, 534, 534, 29, 7.09%, 0, 0, 2, 5.70, 16, 106, 0, 370, 103206, 38550, 0, 0.000, 0, 0, 0.000000, 0.000000, 0, 0, 0, 0, 0, 0, 1, 0
1777099144, 0, 0, 535, 535, 29, 7.10%, 0, 0, 2, 5.60, 16, 106, 0, 370, 103206, 38550, 0, 0.000, 0, 0, 0.000000, 0.000000, 0, 0, 0, 0, 0, 0, 1, 0
1777099164, 0, 0, 536, 536, 29, 7.10%, 0, 0, 2, 5.74, 16, 106, 0, 370, 103206, 38550, 0, 0.000, 0, 0, 0.000000, 0.000000, 0, 0, 0, 0, 0, 0, 1, 0
1777099175, 0, 0, 538, 538, 29, 7.12%, 0, 0, 2, 5.99, 16, 106, 0, 370, 103206, 38550, 0, 0.000, 0, 0, 0.000000, 0.000000, 0, 0, 0, 0, 0, 0, 1, 0
1777099185, 0, 0, 539, 539, 29, 7.12%, 0, 0, 2, 5.58, 16, 106, 0, 370, 103206, 38550, 0, 0.000, 0, 0, 0.000000, 0.000000, 0, 0, 0, 0, 0, 0, 1, 0
1777099190, 0, 0, 540, 540, 29, 7.12%, 0, 0, 2, 5.21, 16, 106, 0, 370, 103206, 38550, 0, 0.000, 0, 0, 0.000000, 0.000000, 0, 0, 0, 0, 0, 0, 1, 0
1777099195, 0, 0, 541, 541, 29, 7.12%, 0, 0, 2, 5.88, 16, 106, 0, 370, 103206, 38550, 0, 0.000, 0, 0, 0.000000, 0.000000, 0, 0, 0, 0, 0, 0, 1, 0
1777099201, 0, 0, 542, 542, 29, 7.12%, 0, 0, 2, 5.36, 16, 106, 0, 370, 103206, 38550, 0, 0.000, 0, 0, 0.000000, 0.000000, 0, 0, 0, 0, 0, 0, 1, 0
1777099211, 0, 0, 543, 543, 29, 7.13%, 0, 0, 2, 5.46, 16, 106, 0, 370, 103206, 38550, 0, 0.000, 0, 0, 0.000000, 0.000000, 0, 0, 0, 0, 0, 0, 1, 0
1777099221, 0, 0, 544, 544, 29, 7.13%, 0, 0, 2, 5.43, 16, 106, 0, 370, 103206, 38550, 0, 0.000, 0, 0, 0.000000, 0.000000, 0, 0, 0, 0, 0, 0, 1, 0
1777099258, 0, 0, 545, 545, 29, 7.13%, 0, 0, 2, 5.71, 16, 106, 0, 370, 103206, 38550, 0, 0.000, 0, 0, 0.000000, 0.000000, 0, 0, 0, 0, 0, 0, 1, 0
1777099275, 0, 0, 547, 547, 29, 7.13%, 0, 0, 2, 5.57, 16, 106, 0, 370, 103206, 38550, 0, 0.000, 0, 0, 0.000000, 0.000000, 0, 0, 0, 0, 0, 0, 1, 0
1777099280, 0, 0, 548, 548, 29, 7.14%, 0, 0, 2, 5.68, 16, 106, 0, 370, 103206, 38550, 0, 0.000, 0, 0, 0.000000, 0.000000, 0, 0, 0, 0, 0, 0, 1, 0
1777099286, 0, 0, 549, 549, 29, 7.14%, 0, 0, 2, 5.41, 16, 106, 0, 370, 103206, 38550, 0, 0.000, 0, 0, 0.000000, 0.000000, 0, 0, 0, 0, 0, 0, 1, 0
1777099291, 0, 0, 550, 550, 29, 7.14%, 0, 0, 2, 5.56, 16, 106, 0, 370, 103206, 38550, 0, 0.000, 0, 0, 0.000000, 0.000000, 0, 0, 0, 0, 0, 0, 1, 0
1777099301, 0, 0, 551, 551, 29, 7.14%, 0, 0, 2, 5.69, 16, 106, 0, 370, 103206, 38550, 0, 0.000, 0, 0, 0.000000, 0.000000, 0, 0, 0, 0, 0, 0, 1, 0
1777099306, 0, 0, 552, 552, 29, 7.14%, 0, 0, 2, 7.12, 16, 106, 0, 370, 103206, 38550, 0, 0.000, 0, 0, 0.000000, 0.000000, 0, 0, 0, 0, 0, 0, 1, 0
1777099311, 0, 0, 553, 553, 29, 7.14%, 0, 0, 2, 6.73, 16, 106, 0, 370, 103206, 38550, 0, 0.000, 0, 0, 0.000000, 0.000000, 0, 0, 0, 0, 0, 0, 1, 0
1777099322, 0, 0, 554, 554, 29, 7.15%, 0, 0, 2, 5.37, 16, 106, 0, 370, 103206, 38550, 0, 0.000, 0, 0, 0.000000, 0.000000, 0, 0, 0, 0, 0, 0, 1, 0
1777099343, 0, 0, 555, 555, 29, 7.15%, 0, 0, 2, 2.66, 16, 106, 0, 370, 103206, 38550, 0, 0.000, 0, 0, 0.000000, 0.000000, 0, 0, 0, 0, 0, 0, 1, 0
1777099348, 0, 0, 556, 556, 29, 7.15%, 0, 0, 2, 4.83, 16, 106, 0, 370, 103206, 38550, 0, 0.000, 0, 0, 0.000000, 0.000000, 0, 0, 0, 0, 0, 0, 1, 0
1777099353, 0, 0, 558, 558, 29, 7.16%, 0, 0, 2, 5.26, 16, 106, 0, 370, 103206, 38550, 0, 0.000, 0, 0, 0.000000, 0.000000, 0, 0, 0, 0, 0, 0, 1, 0
1777099368, 0, 0, 560, 560, 29, 7.16%, 0, 0, 2, 6.24, 16, 106, 0, 370, 103206, 38550, 0, 0.000, 0, 0, 0.000000, 0.000000, 0, 0, 0, 0, 0, 0, 1, 0
1777099379, 0, 0, 561, 561, 29, 7.16%, 0, 0, 2, 1.71, 16, 106, 0, 370, 103206, 38550, 0, 0.000, 0, 0, 0.000000, 0.000000, 0, 0, 0, 0, 0, 0, 1, 0
1777099405, 0, 0, 562, 562, 29, 7.17%, 0, 0, 2, 6.07, 16, 106, 0, 370, 103206, 38550, 0, 0.000, 0, 0, 0.000000, 0.000000, 0, 0, 0, 0, 0, 0, 1, 0
1777099410, 0, 0, 563, 563, 29, 7.17%, 0, 0, 2, 5.95, 16, 106, 0, 370, 103206, 38550, 0, 0.000, 0, 0, 0.000000, 0.000000, 0, 0, 0, 0, 0, 0, 1, 0
1777099421, 0, 0, 564, 564, 29, 7.17%, 0, 0, 2, 5.74, 16, 106, 0, 370, 103206, 38550, 0, 0.000, 0, 0, 0.000000, 0.000000, 0, 0, 0, 0, 0, 0, 1, 0
1777099436, 0, 0, 565, 565, 29, 7.17%, 0, 0, 2, 2.67, 16, 106, 0, 370, 103206, 38550, 0, 0.000, 0, 0, 0.000000, 0.000000, 0, 0, 0, 0, 0, 0, 1, 0
1777099441, 0, 0, 566, 566, 29, 7.17%, 0, 0, 2, 4.62, 16, 106, 0, 370, 103206, 38550, 0, 0.000, 0, 0, 0.000000, 0.000000, 0, 0, 0, 0, 0, 0, 1, 0
1777099462, 0, 0, 567, 567, 29, 7.18%, 0, 0, 2, 5.88, 16, 106, 0, 370, 103206, 38550, 0, 0.000, 0, 0, 0.000000, 0.000000, 0, 0, 0, 0, 0, 0, 1, 0
1777099473, 0, 0, 568, 568, 29, 7.18%, 0, 0, 2, 5.72, 16, 106, 0, 370, 103206, 38550, 0, 0.000, 0, 0, 0.000000, 0.000000, 0, 0, 0, 0, 0, 0, 1, 0
1777099478, 0, 0, 569, 569, 29, 7.19%, 0, 0, 2, 5.90, 16, 106, 0, 370, 103206, 38550, 0, 0.000, 0, 0, 0.000000, 0.000000, 0, 0, 0, 0, 0, 0, 1, 0
1777099499, 0, 0, 570, 570, 29, 7.19%, 0, 0, 2, 4.91, 16, 106, 0, 370, 103206, 38550, 0, 0.000, 0, 0, 0.000000, 0.000000, 0, 0, 0, 0, 0, 0, 1, 0
1777099504, 0, 0, 571, 571, 29, 7.20%, 0, 0, 2, 5.71, 16, 106, 0, 370, 103206, 38550, 0, 0.000, 0, 0, 0.000000, 0.000000, 0, 0, 0, 0, 0, 0, 1, 0
1777099509, 0, 0, 572, 572, 29, 7.20%, 0, 0, 2, 5.69, 16, 106, 0, 370, 103206, 38550, 0, 0.000, 0, 0, 0.000000, 0.000000, 0, 0, 0, 0, 0, 0, 1, 0
1777099520, 0, 0, 573, 573, 29, 7.20%, 0, 0, 2, 5.73, 16, 106, 0, 370, 103206, 38550, 0, 0.000, 0, 0, 0.000000, 0.000000, 0, 0, 0, 0, 0, 0, 1, 0
1777099571, 0, 0, 574, 574, 29, 7.20%, 0, 0, 2, 3.75, 16, 106, 0, 370, 103206, 38550, 0, 0.000, 0, 0, 0.000000, 0.000000, 0, 0, 0, 0, 0, 0, 2, 0
1777099588, 0, 0, 575, 575, 29, 7.20%, 0, 0, 2, 5.43, 16, 106, 0, 370, 103206, 38550, 0, 0.000, 0, 0, 0.000000, 0.000000, 0, 0, 0, 0, 0, 0, 2, 0
1777099603, 0, 0, 576, 576, 29, 7.21%, 0, 0, 2, 5.73, 16, 106, 0, 370, 103206, 38550, 0, 0.000, 0, 0, 0.000000, 0.000000, 0, 0, 0, 0, 0, 0, 2, 0
1777099608, 0, 0, 577, 577, 29, 7.21%, 0, 0, 2, 7.56, 16, 106, 0, 370, 103206, 38550, 0, 0.000, 0, 0, 0.000000, 0.000000, 0, 0, 0, 0, 0, 0, 2, 0
1777099619, 0, 0, 578, 578, 29, 7.21%, 0, 0, 2, 6.51, 16, 106, 0, 370, 103206, 38550, 0, 0.000, 0, 0, 0.000000, 0.000000, 0, 0, 0, 0, 0, 0, 2, 0
1777099634, 0, 0, 579, 579, 29, 7.22%, 0, 0, 2, 4.80, 16, 106, 0, 370, 103206, 38550, 0, 0.000, 0, 0, 0.000000, 0.000000, 0, 0, 0, 0, 0, 0, 2, 0
1777099645, 0, 0, 580, 580, 29, 7.22%, 0, 0, 2, 5.23, 16, 106, 0, 370, 103206, 38550, 0, 0.000, 0, 0, 0.000000, 0.000000, 0, 0, 0, 0, 0, 0, 2, 0
1777099666, 0, 0, 581, 581, 29, 7.22%, 0, 0, 2, 6.07, 16, 106, 0, 370, 103206, 38550, 0, 0.000, 0, 0, 0.000000, 0.000000, 0, 0, 0, 0, 0, 0, 2, 0
1777099712, 0, 0, 583, 583, 29, 7.23%, 0, 0, 2, 6.00, 16, 106, 0, 370, 103206, 38550, 0, 0.000, 0, 0, 0.000000, 0.000000, 0, 0, 0, 0, 0, 0, 3, 0
1777099760, 0, 0, 584, 584, 29, 7.24%, 0, 0, 2, 5.80, 16, 107, 0, 370, 103206, 38550, 0, 0.000, 0, 0, 0.000000, 0.000000, 0, 0, 0, 0, 0, 0, 4, 0
1777099767, 0, 0, 585, 585, 29, 7.24%, 0, 0, 2, 0.65, 16, 107, 0, 370, 103206, 38550, 0, 0.000, 0, 0, 0.000000, 0.000000, 0, 0, 0, 0, 0, 0, 4, 0
1777099798, 0, 0, 586, 586, 29, 7.24%, 0, 0, 2, 7.46, 16, 107, 0, 370, 103206, 38550, 0, 0.000, 0, 0, 0.000000, 0.000000, 0, 0, 0, 0, 0, 0, 4, 0
1777099804, 0, 0, 587, 587, 29, 7.25%, 0, 0, 2, 0.66, 16, 107, 0, 370, 103206, 38550, 0, 0.000, 0, 0, 0.000000, 0.000000, 0, 0, 0, 0, 0, 0, 4, 0
1777099841, 0, 0, 588, 588, 29, 7.25%, 0, 0, 2, 4.88, 16, 107, 0, 370, 103206, 38550, 0, 0.000, 0, 0, 0.000000, 0.000000, 0, 0, 0, 0, 0, 0, 4, 0
1777099882, 0, 0, 589, 589, 29, 7.25%, 0, 0, 2, 4.81, 16, 107, 0, 370, 103206, 38550, 0, 0.000, 0, 0, 0.000000, 0.000000, 0, 0, 0, 0, 0, 0, 5, 0
1777099925, 0, 0, 590, 590, 29, 7.25%, 0, 0, 2, 6.99, 16, 107, 0, 370, 103206, 38550, 0, 0.000, 0, 0, 0.000000, 0.000000, 0, 0, 0, 0, 0, 0, 5, 0
1777099940, 0, 0, 591, 591, 29, 7.25%, 0, 0, 2, 5.49, 16, 107, 0, 370, 103206, 38550, 0, 0.000, 0, 0, 0.000000, 0.000000, 0, 0, 0, 0, 0, 0, 5, 0
1777099961, 0, 0, 592, 592, 29, 7.26%, 0, 0, 2, 5.86, 16, 107, 0, 370, 103206, 38550, 0, 0.000, 0, 0, 0.000000, 0.000000, 0, 0, 0, 0, 0, 0, 5, 0
1777099977, 0, 0, 593, 593, 29, 7.26%, 0, 0, 2, 5.49, 16, 107, 0, 370, 103206, 38550, 0, 0.000, 0, 0, 0.000000, 0.000000, 0, 0, 0, 0, 0, 0, 5, 0
1777099992, 0, 0, 595, 595, 29, 7.26%, 0, 0, 2, 6.09, 16, 107, 0, 370, 103206, 38550, 0, 0.000, 0, 0, 0.000000, 0.000000, 0, 0, 0, 0, 0, 0, 5, 0
1777099997, 0, 0, 596, 596, 29, 7.26%, 0, 0, 2, 7.56, 16, 107, 0, 370, 103206, 38550, 0, 0.000, 0, 0, 0.000000, 0.000000, 0, 0, 0, 0, 0, 0, 5, 0
1777100023, 0, 0, 597, 597, 29, 7.26%, 0, 0, 2, 1.12, 16, 107, 0, 370, 103206, 38550, 0, 0.000, 0, 0, 0.000000, 0.000000, 0, 0, 0, 0, 0, 0, 5, 0
1777100033, 0, 0, 598, 598, 29, 7.27%, 0, 0, 2, 5.11, 16, 107, 0, 370, 103206, 38550, 0, 0.000, 0, 0, 0.000000, 0.000000, 0, 0, 0, 0, 0, 0, 5, 0
1777100054, 0, 0, 599, 599, 29, 7.27%, 0, 0, 2, 5.94, 16, 107, 0, 370, 103206, 38550, 0, 0.000, 0, 0, 0.000000, 0.000000, 0, 0, 0, 0, 0, 0, 5, 0
1777100117, 0, 0, 600, 600, 29, 7.27%, 0, 0, 2, 5.45, 16, 107, 0, 370, 103206, 38550, 0, 0.000, 0, 0, 0.000000, 0.000000, 0, 0, 0, 0, 0, 0, 6, 0
1777100138, 0, 0, 601, 601, 29, 7.27%, 0, 0, 2, 2.61, 16, 107, 0, 370, 103206, 38550, 0, 0.000, 0, 0, 0.000000, 0.000000, 0, 0, 0, 0, 0, 0, 6, 0
1777100143, 0, 0, 602, 602, 29, 7.28%, 0, 0, 2, 5.07, 16, 107, 0, 370, 103206, 38550, 0, 0.000, 0, 0, 0.000000, 0.000000, 0, 0, 0, 0, 0, 0, 6, 0
1777100164, 0, 0, 603, 603, 29, 7.28%, 0, 0, 2, 5.47, 16, 107, 0, 370, 103206, 38550, 0, 0.000, 0, 0, 0.000000, 0.000000, 0, 0, 0, 0, 0, 0, 6, 0
1777100169, 0, 0, 604, 604, 29, 7.28%, 0, 0, 2, 5.36, 16, 107, 0, 370, 103206, 38550, 0, 0.000, 0, 0, 0.000000, 0.000000, 0, 0, 0, 0, 0, 0, 6, 0
1777100174, 0, 0, 605, 605, 29, 7.28%, 0, 0, 2, 5.43, 16, 107, 0, 370, 103206, 38550, 0, 0.000, 0, 0, 0.000000, 0.000000, 0, 0, 0, 0, 0, 0, 6, 0
1777100195, 0, 0, 607, 607, 29, 7.28%, 0, 0, 2, 5.81, 16, 107, 0, 370, 103206, 38550, 0, 0.000, 0, 0, 0.000000, 0.000000, 0, 0, 0, 0, 0, 0, 6, 0
1777100200, 0, 0, 608, 608, 29, 7.29%, 0, 0, 2, 5.84, 16, 107, 0, 370, 103206, 38550, 0, 0.000, 0, 0, 0.000000, 0.000000, 0, 0, 0, 0, 0, 0, 6, 0
1777100216, 0, 0, 609, 609, 29, 7.29%, 0, 0, 2, 5.70, 16, 107, 0, 370, 103206, 38550, 0, 0.000, 0, 0, 0.000000, 0.000000, 0, 0, 0, 0, 0, 0, 6, 0
1777100227, 0, 0, 610, 610, 29, 7.29%, 0, 0, 2, 4.64, 16, 107, 0, 370, 103206, 38550, 0, 0.000, 0, 0, 0.000000, 0.000000, 0, 0, 0, 0, 0, 0, 6, 0
1777100262, 0, 0, 611, 611, 29, 7.29%, 0, 0, 2, 4.72, 16, 107, 0, 370, 103206, 38550, 0, 0.000, 0, 0, 0.000000, 0.000000, 0, 0, 0, 0, 0, 0, 6, 0
1777100283, 0, 0, 612, 612, 29, 7.30%, 0, 0, 2, 5.23, 16, 107, 0, 370, 103206, 38550, 0, 0.000, 0, 0, 0.000000, 0.000000, 0, 0, 0, 0, 0, 0, 6, 0
1777100298, 0, 0, 613, 613, 29, 7.30%, 0, 0, 2, 5.68, 16, 107, 0, 370, 103206, 38550, 0, 0.000, 0, 0, 0.000000, 0.000000, 0, 0, 0, 0, 0, 0, 6, 0
1777100314, 0, 0, 614, 614, 29, 7.31%, 0, 0, 2, 5.80, 16, 107, 0, 370, 103206, 38550, 0, 0.000, 0, 0, 0.000000, 0.000000, 0, 0, 0, 0, 0, 0, 6, 0
1777100319, 0, 0, 615, 615, 29, 7.31%, 0, 0, 2, 5.34, 16, 107, 0, 370, 103206, 38550, 0, 0.000, 0, 0, 0.000000, 0.000000, 0, 0, 0, 0, 0, 0, 6, 0
1777100334, 0, 0, 616, 616, 29, 7.31%, 0, 0, 2, 5.81, 16, 107, 0, 370, 103206, 38550, 0, 0.000, 0, 0, 0.000000, 0.000000, 0, 0, 0, 0, 0, 0, 6, 0
1777100340, 0, 0, 617, 617, 29, 7.32%, 0, 0, 2, 5.77, 16, 107, 0, 370, 103206, 38550, 0, 0.000, 0, 0, 0.000000, 0.000000, 0, 0, 0, 0, 0, 0, 6, 0
1777100345, 0, 0, 618, 618, 29, 7.32%, 0, 0, 2, 5.65, 16, 107, 0, 370, 103206, 38550, 0, 0.000, 0, 0, 0.000000, 0.000000, 0, 0, 0, 0, 0, 0, 6, 0
1777100377, 0, 0, 619, 619, 29, 7.32%, 0, 0, 2, 0.66, 16, 107, 0, 370, 103206, 38550, 0, 0.000, 0, 0, 0.000000, 0.000000, 0, 0, 0, 0, 0, 0, 6, 0
1777100398, 0, 0, 620, 620, 29, 7.32%, 0, 0, 2, 5.74, 16, 107, 0, 370, 103206, 38550, 0, 0.000, 0, 0, 0.000000, 0.000000, 0, 0, 0, 0, 0, 0, 6, 0
1777100413, 0, 0, 621, 621, 29, 7.32%, 0, 0, 2, 4.80, 16, 107, 0, 370, 103206, 38550, 0, 0.000, 0, 0, 0.000000, 0.000000, 0, 0, 0, 0, 0, 0, 6, 0
1777100429, 0, 0, 622, 622, 29, 7.33%, 0, 0, 2, 5.72, 16, 107, 0, 370, 103206, 38550, 0, 0.000, 0, 0, 0.000000, 0.000000, 0, 0, 0, 0, 0, 0, 6, 0
1777100486, 0, 0, 623, 623, 29, 7.33%, 0, 0, 2, 3.88, 16, 107, 0, 370, 103206, 38550, 0, 0.000, 0, 0, 0.000000, 0.000000, 0, 0, 0, 0, 0, 0, 7, 0
1777100533, 0, 0, 624, 624, 29, 7.33%, 0, 0, 2, 7.50, 16, 107, 0, 370, 103206, 38550, 0, 0.000, 0, 0, 0.000000, 0.000000, 0, 0, 0, 0, 0, 0, 8, 0
1777100543, 0, 0, 625, 625, 29, 7.33%, 0, 0, 2, 5.85, 16, 107, 0, 370, 103206, 38550, 0, 0.000, 0, 0, 0.000000, 0.000000, 0, 0, 0, 0, 0, 0, 8, 0
1777100554, 0, 0, 626, 626, 29, 7.33%, 0, 0, 2, 5.54, 16, 107, 0, 370, 103206, 38550, 0, 0.000, 0, 0, 0.000000, 0.000000, 0, 0, 0, 0, 0, 0, 8, 0
1777100559, 0, 0, 627, 627, 29, 7.33%, 0, 0, 2, 5.39, 16, 107, 0, 370, 103206, 38550, 0, 0.000, 0, 0, 0.000000, 0.000000, 0, 0, 0, 0, 0, 0, 8, 0
1777100590, 0, 0, 628, 628, 29, 7.33%, 0, 0, 2, 5.56, 16, 108, 0, 370, 103206, 38550, 0, 0.000, 0, 0, 0.000000, 0.000000, 0, 0, 0, 0, 0, 0, 8, 0
1777100600, 0, 0, 629, 629, 29, 7.33%, 0, 0, 2, 3.37, 16, 108, 0, 370, 103206, 38550, 0, 0.000, 0, 0, 0.000000, 0.000000, 0, 0, 0, 0, 0, 0, 8, 0
1777100621, 0, 0, 630, 630, 29, 7.33%, 0, 0, 2, 5.27, 16, 108, 0, 370, 103206, 38550, 0, 0.000, 0, 0, 0.000000, 0.000000, 0, 0, 0, 0, 0, 0, 8, 0
1777100704, 0, 0, 631, 631, 29, 7.33%, 0, 0, 2, 5.54, 16, 108, 0, 370, 103206, 38550, 0, 0.000, 0, 0, 0.000000, 0.000000, 0, 0, 0, 0, 0, 0, 10, 0
1777100720, 0, 0, 632, 632, 29, 7.34%, 0, 0, 2, 5.37, 16, 108, 0, 370, 103206, 38550, 0, 0.000, 0, 0, 0.000000, 0.000000, 0, 0, 0, 0, 0, 0, 10, 0
1777100751, 0, 0, 633, 633, 29, 7.34%, 0, 0, 2, 2.31, 16, 108, 0, 370, 103206, 38550, 0, 0.000, 0, 0, 0.000000, 0.000000, 0, 0, 0, 0, 0, 0, 10, 0
1777100793, 0, 0, 634, 634, 29, 7.34%, 0, 0, 2, 5.38, 16, 108, 0, 370, 103206, 38550, 0, 0.000, 0, 0, 0.000000, 0.000000, 0, 0, 0, 0, 0, 0, 11, 0
1777100799, 0, 0, 635, 635, 29, 7.34%, 0, 0, 2, 0.67, 16, 108, 0, 370, 103206, 38550, 0, 0.000, 0, 0, 0.000000, 0.000000, 0, 0, 0, 0, 0, 0, 11, 0
1777100809, 0, 0, 636, 636, 29, 7.34%, 0, 0, 2, 5.15, 16, 108, 0, 370, 103206, 38550, 0, 0.000, 0, 0, 0.000000, 0.000000, 0, 0, 0, 0, 0, 0, 11, 0
1777100928, 0, 0, 638, 638, 29, 7.36%, 0, 0, 2, 5.39, 16, 108, 0, 370, 103206, 38550, 0, 0.000, 0, 0, 0.000000, 0.000000, 0, 0, 0, 0, 0, 0, 13, 0
1777100933, 0, 0, 640, 640, 29, 7.37%, 0, 0, 2, 5.71, 16, 108, 0, 370, 103206, 38550, 0, 0.000, 0, 0, 0.000000, 0.000000, 0, 0, 0, 0, 0, 0, 13, 0
1777100943, 0, 0, 642, 642, 29, 7.38%, 0, 0, 2, 1.00, 16, 108, 0, 370, 103206, 38550, 0, 0.000, 0, 0, 0.000000, 0.000000, 0, 0, 0, 0, 0, 0, 13, 0
1777100949, 0, 0, 643, 643, 29, 7.38%, 0, 0, 2, 3.83, 16, 108, 0, 370, 103206, 38550, 0, 0.000, 0, 0, 0.000000, 0.000000, 0, 0, 0, 0, 0, 0, 13, 0
1777100954, 0, 0, 644, 644, 29, 7.38%, 0, 0, 2, 0.66, 16, 108, 0, 370, 103206, 38550, 0, 0.000, 0, 0, 0.000000, 0.000000, 0, 0, 0, 0, 0, 0, 13, 0
1777100959, 0, 0, 645, 645, 29, 7.39%, 0, 0, 2, 6.70, 16, 108, 0, 370, 103206, 38550, 0, 0.000, 0, 0, 0.000000, 0.000000, 0, 0, 0, 0, 0, 0, 13, 0
1777100964, 0, 0, 647, 647, 29, 7.39%, 0, 0, 2, 5.86, 16, 108, 0, 370, 103206, 38550, 0, 0.000, 0, 0, 0.000000, 0.000000, 0, 0, 0, 0, 0, 0, 13, 0
1777100970, 0, 0, 648, 648, 29, 7.39%, 0, 0, 2, 5.72, 16, 108, 0, 370, 103206, 38550, 0, 0.000, 0, 0, 0.000000, 0.000000, 0, 0, 0, 0, 0, 0, 13, 0
1777100985, 0, 0, 649, 649, 29, 7.39%, 0, 0, 2, 5.63, 16, 108, 0, 370, 103206, 38550, 0, 0.000, 0, 0, 0.000000, 0.000000, 0, 0, 0, 0, 0, 0, 13, 0
1777100990, 0, 0, 651, 651, 29, 7.39%, 0, 0, 2, 5.43, 16, 108, 0, 370, 103206, 38550, 0, 0.000, 0, 0, 0.000000, 0.000000, 0, 0, 0, 0, 0, 0, 13, 0
1777101001, 0, 0, 652, 652, 29, 7.39%, 0, 0, 2, 5.51, 16, 108, 0, 370, 103206, 38550, 0, 0.000, 0, 0, 0.000000, 0.000000, 0, 0, 0, 0, 0, 0, 13, 0
1777101043, 0, 0, 653, 653, 29, 7.39%, 0, 0, 2, 5.61, 16, 108, 0, 370, 103206, 38550, 0, 0.000, 0, 0, 0.000000, 0.000000, 0, 0, 0, 0, 0, 0, 13, 0
1777101053, 0, 0, 655, 655, 29, 7.40%, 0, 0, 2, 5.64, 16, 108, 0, 370, 103206, 38550, 0, 0.000, 0, 0, 0.000000, 0.000000, 0, 0, 0, 0, 0, 0, 13, 0
1777101095, 0, 77, 656, 655, 7, 7.40%, 0, 0, 2, 5.51, 16, 111, 0, 370, 103206, 38550, 0, 0.000, 0, 0, 0.000000, 0.000000, 0, 0, 0, 0, 0, 0, 14, 0
1777101100, 0, 77, 657, 656, 7, 7.40%, 0, 0, 2, 5.09, 16, 111, 0, 370, 103206, 38550, 0, 0.000, 0, 0, 0.000000, 0.000000, 0, 0, 0, 0, 0, 0, 14, 0
1777101105, 0, 77, 658, 657, 7, 7.40%, 0, 0, 2, 5.17, 16, 111, 0, 370, 103206, 38550, 0, 0.000, 0, 0, 0.000000, 0.000000, 0, 0, 0, 0, 0, 0, 14, 0
1777101110, 0, 77, 659, 658, 7, 7.40%, 0, 0, 2, 4.92, 16, 111, 0, 370, 103206, 38550, 0, 0.000, 0, 0, 0.000000, 0.000000, 0, 0, 0, 0, 0, 0, 14, 0
1777101115, 0, 77, 660, 659, 7, 7.40%, 0, 0, 2, 5.25, 16, 111, 0, 370, 103206, 38550, 0, 0.000, 0, 0, 0.000000, 0.000000, 0, 0, 0, 0, 0, 0, 14, 0
1777101120, 0, 77, 661, 660, 7, 7.40%, 0, 0, 2, 5.05, 16, 111, 0, 370, 103206, 38550, 0, 0.000, 0, 0, 0.000000, 0.000000, 0, 0, 0, 0, 0, 0, 14, 0
1777101136, 0, 77, 662, 661, 7, 7.42%, 0, 0, 2, 5.08, 16, 112, 0, 370, 103206, 38550, 0, 0.000, 0, 0, 0.000000, 0.000000, 0, 0, 0, 0, 0, 0, 14, 0
1777101141, 0, 77, 663, 662, 7, 7.42%, 0, 0, 2, 4.83, 16, 112, 0, 370, 103206, 38550, 0, 0.000, 0, 0, 0.000000, 0.000000, 0, 0, 0, 0, 0, 0, 14, 0
1777101156, 0, 77, 664, 663, 7, 7.42%, 0, 0, 2, 5.34, 16, 112, 0, 370, 103206, 38550, 0, 0.000, 0, 0, 0.000000, 0.000000, 0, 0, 0, 0, 0, 0, 14, 0
1777101182, 0, 77, 665, 664, 7, 7.42%, 0, 0, 2, 5.00, 16, 112, 0, 370, 103206, 38550, 0, 0.000, 0, 0, 0.000000, 0.000000, 0, 0, 0, 0, 0, 0, 14, 0
1777101192, 0, 77, 666, 665, 7, 7.42%, 0, 0, 2, 4.78, 16, 112, 0, 370, 103206, 38550, 0, 0.000, 0, 0, 0.000000, 0.000000, 0, 0, 0, 0, 0, 0, 14, 0
1777101197, 0, 77, 667, 666, 7, 7.42%, 0, 0, 2, 4.97, 16, 112, 0, 370, 103206, 38550, 0, 0.000, 0, 0, 0.000000, 0.000000, 0, 0, 0, 0, 0, 0, 14, 0
1777101207, 0, 77, 668, 667, 7, 7.42%, 0, 0, 2, 5.01, 16, 113, 0, 370, 103206, 38550, 0, 0.000, 0, 0, 0.000000, 0.000000, 0, 0, 0, 0, 0, 0, 14, 0
1777101243, 0, 77, 669, 668, 7, 7.42%, 0, 0, 2, 4.92, 16, 114, 0, 370, 103206, 38550, 0, 0.000, 0, 0, 0.000000, 0.000000, 0, 0, 0, 0, 0, 0, 14, 0
1777101248, 0, 77, 670, 669, 7, 7.42%, 0, 0, 2, 5.19, 16, 114, 0, 370, 103206, 38550, 0, 0.000, 0, 0, 0.000000, 0.000000, 0, 0, 0, 0, 0, 0, 14, 0
1777101259, 0, 77, 671, 670, 7, 7.43%, 0, 0, 2, 5.00, 16, 114, 0, 370, 103206, 38550, 0, 0.000, 0, 0, 0.000000, 0.000000, 0, 0, 0, 0, 0, 0, 14, 0
1777101264, 0, 77, 672, 671, 7, 7.43%, 0, 0, 2, 5.27, 16, 114, 0, 370, 103206, 38550, 0, 0.000, 0, 0, 0.000000, 0.000000, 0, 0, 0, 0, 0, 0, 14, 0
1777101274, 0, 77, 673, 672, 7, 7.43%, 0, 0, 2, 4.34, 16, 114, 0, 370, 103206, 38550, 0, 0.000, 0, 0, 0.000000, 0.000000, 0, 0, 0, 0, 0, 0, 14, 0
1777101290, 0, 77, 674, 673, 7, 7.43%, 0, 0, 2, 4.96, 16, 114, 0, 370, 103206, 38550, 0, 0.000, 0, 0, 0.000000, 0.000000, 0, 0, 0, 0, 0, 0, 14, 0
1777101305, 0, 77, 676, 675, 7, 7.43%, 0, 0, 2, 5.00, 16, 114, 0, 370, 103206, 38550, 0, 0.000, 0, 0, 0.000000, 0.000000, 0, 0, 0, 0, 0, 0, 14, 0
1777101315, 0, 77, 677, 676, 7, 7.43%, 0, 0, 2, 5.04, 16, 114, 0, 370, 103206, 38550, 0, 0.000, 0, 0, 0.000000, 0.000000, 0, 0, 0, 0, 0, 0, 14, 0
1777101326, 0, 77, 678, 677, 7, 7.43%, 0, 0, 2, 4.84, 16, 114, 0, 370, 103206, 38550, 0, 0.000, 0, 0, 0.000000, 0.000000, 0, 0, 0, 0, 0, 0, 14, 0
1777101346, 0, 77, 680, 679, 7, 7.44%, 0, 0, 2, 5.06, 16, 114, 0, 370, 103206, 38550, 0, 0.000, 0, 0, 0.000000, 0.000000, 0, 0, 0, 0, 0, 0, 14, 0
1777101357, 0, 77, 681, 680, 7, 7.44%, 0, 0, 2, 0.66, 16, 114, 0, 370, 103206, 38550, 0, 0.000, 0, 0, 0.000000, 0.000000, 0, 0, 0, 0, 0, 0, 14, 0
1777101388, 0, 77, 682, 681, 7, 7.44%, 0, 0, 2, 4.71, 16, 114, 0, 370, 103206, 38550, 0, 0.000, 0, 0, 0.000000, 0.000000, 0, 0, 0, 0, 0, 0, 14, 0
1777101404, 0, 77, 683, 682, 7, 7.44%, 0, 0, 2, 4.98, 16, 115, 0, 370, 103206, 38550, 0, 0.000, 0, 0, 0.000000, 0.000000, 0, 0, 0, 0, 0, 0, 14, 0
1777101409, 0, 77, 684, 683, 7, 7.44%, 0, 0, 2, 4.77, 16, 115, 0, 370, 103206, 38550, 0, 0.000, 0, 0, 0.000000, 0.000000, 0, 0, 0, 0, 0, 0, 14, 0
1777101503, 0, 77, 685, 684, 7, 7.44%, 0, 0, 2, 4.93, 16, 115, 0, 370, 103206, 38550, 0, 0.000, 0, 0, 0.000000, 0.000000, 0, 0, 0, 0, 0, 0, 16, 0
1777101509, 0, 77, 686, 685, 7, 7.44%, 0, 0, 2, 5.23, 16, 115, 0, 370, 103206, 38550, 0, 0.000, 0, 0, 0.000000, 0.000000, 0, 0, 0, 0, 0, 0, 16, 0
1777101524, 0, 77, 687, 686, 7, 7.45%, 0, 0, 2, 4.92, 16, 115, 0, 370, 103206, 38550, 0, 0.000, 0, 0, 0.000000, 0.000000, 0, 0, 0, 0, 0, 0, 16, 0
1777101566, 0, 77, 688, 687, 7, 7.45%, 0, 0, 2, 0.67, 16, 115, 0, 370, 103206, 38550, 0, 0.000, 0, 0, 0.000000, 0.000000, 0, 0, 0, 0, 0, 0, 16, 0
1777101571, 0, 77, 689, 688, 7, 7.45%, 0, 0, 2, 5.00, 16, 115, 0, 370, 103206, 38550, 0, 0.000, 0, 0, 0.000000, 0.000000, 0, 0, 0, 0, 0, 0, 16, 0
1777101607, 0, 77, 690, 689, 7, 7.45%, 0, 0, 2, 0.65, 16, 115, 0, 370, 103206, 38550, 0, 0.000, 0, 0, 0.000000, 0.000000, 0, 0, 0, 0, 0, 0, 16, 0
1777101638, 0, 77, 691, 690, 7, 7.45%, 0, 0, 2, 6.23, 16, 115, 0, 370, 103206, 38550, 0, 0.000, 0, 0, 0.000000, 0.000000, 0, 0, 0, 0, 0, 0, 16, 0
1777101643, 0, 77, 692, 691, 7, 7.46%, 0, 0, 2, 5.74, 16, 115, 0, 370, 103206, 38550, 0, 0.000, 0, 0, 0.000000, 0.000000, 0, 0, 0, 0, 0, 0, 16, 0
1777101663, 0, 77, 693, 692, 7, 7.46%, 0, 0, 2, 5.28, 16, 115, 0, 370, 103206, 38550, 0, 0.000, 0, 0, 0.000000, 0.000000, 0, 0, 0, 0, 0, 0, 16, 0
1777101699, 0, 77, 694, 693, 7, 7.46%, 0, 0, 2, 4.80, 16, 115, 0, 370, 103206, 38550, 0, 0.000, 0, 0, 0.000000, 0.000000, 0, 0, 0, 0, 0, 0, 16, 0
1777101720, 0, 77, 695, 694, 7, 7.46%, 0, 0, 2, 4.90, 16, 115, 0, 370, 103206, 38550, 0, 0.000, 0, 0, 0.000000, 0.000000, 0, 0, 0, 0, 0, 0, 16, 0
1777101746, 0, 77, 696, 695, 7, 7.46%, 0, 0, 2, 5.27, 16, 115, 0, 370, 103206, 38550, 0, 0.000, 0, 0, 0.000000, 0.000000, 0, 0, 0, 0, 0, 0, 16, 0
1777101793, 0, 77, 697, 696, 7, 7.47%, 0, 0, 2, 5.20, 16, 115, 0, 370, 103206, 38550, 0, 0.000, 0, 0, 0.000000, 0.000000, 0, 0, 0, 0, 0, 0, 17, 0
1777101813, 0, 77, 698, 697, 7, 7.47%, 0, 0, 2, 5.08, 16, 115, 0, 370, 103206, 38550, 0, 0.000, 0, 0, 0.000000, 0.000000, 0, 0, 0, 0, 0, 0, 17, 0
1777101916, 0, 77, 699, 698, 7, 7.47%, 0, 0, 2, 4.86, 16, 115, 0, 370, 103206, 38550, 0, 0.000, 0, 0, 0.000000, 0.000000, 0, 0, 0, 0, 0, 0, 19, 0
1777101927, 0, 77, 700, 699, 7, 7.48%, 0, 0, 2, 1.91, 16, 115, 0, 370, 103206, 38550, 0, 0.000, 0, 0, 0.000000, 0.000000, 0, 0, 0, 0, 0, 0, 19, 0
1777102025, 0, 77, 701, 700, 7, 7.48%, 0, 0, 2, 5.35, 16, 115, 0, 370, 103206, 38550, 0, 0.000, 0, 0, 0.000000, 0.000000, 0, 0, 0, 0, 0, 0, 21, 0
1777102051, 0, 77, 702, 701, 7, 7.48%, 0, 0, 2, 5.14, 16, 115, 0, 370, 103206, 38550, 0, 0.000, 0, 0, 0.000000, 0.000000, 0, 0, 0, 0, 0, 0, 21, 0
1777102066, 0, 77, 703, 702, 7, 7.48%, 0, 0, 2, 5.20, 16, 115, 0, 370, 103206, 38550, 0, 0.000, 0, 0, 0.000000, 0.000000, 0, 0, 0, 0, 0, 0, 21, 0
1777102072, 0, 77, 704, 703, 7, 7.48%, 0, 0, 2, 5.34, 16, 115, 0, 370, 103206, 38550, 0, 0.000, 0, 0, 0.000000, 0.000000, 0, 0, 0, 0, 0, 0, 21, 0
1777102077, 0, 77, 705, 704, 7, 7.49%, 0, 0, 2, 5.20, 16, 116, 0, 370, 103206, 38550, 0, 0.000, 0, 0, 0.000000, 0.000000, 0, 0, 0, 0, 0, 0, 21, 0
1777102097, 0, 77, 707, 706, 7, 7.49%, 0, 0, 2, 5.09, 16, 116, 0, 370, 103206, 38550, 0, 0.000, 0, 0, 0.000000, 0.000000, 0, 0, 0, 0, 0, 0, 21, 0
1777102113, 0, 77, 708, 707, 7, 7.49%, 0, 0, 2, 5.06, 16, 116, 0, 370, 103206, 38550, 0, 0.000, 0, 0, 0.000000, 0.000000, 0, 0, 0, 0, 0, 0, 21, 0
1777102134, 0, 77, 709, 708, 7, 7.50%, 0, 0, 2, 5.36, 16, 116, 0, 370, 103206, 38550, 0, 0.000, 0, 0, 0.000000, 0.000000, 0, 0, 0, 0, 0, 0, 21, 0
1777102144, 0, 77, 710, 709, 7, 7.50%, 0, 0, 2, 4.80, 16, 116, 0, 370, 103206, 38550, 0, 0.000, 0, 0, 0.000000, 0.000000, 0, 0, 0, 0, 0, 0, 21, 0
1777102159, 0, 77, 711, 710, 7, 7.50%, 0, 0, 2, 5.27, 16, 116, 0, 370, 103206, 38550, 0, 0.000, 0, 0, 0.000000, 0.000000, 0, 0, 0, 0, 0, 0, 21, 0
1777102164, 0, 77, 712, 711, 7, 7.50%, 0, 0, 2, 5.11, 16, 116, 0, 370, 103206, 38550, 0, 0.000, 0, 0, 0.000000, 0.000000, 0, 0, 0, 0, 0, 0, 21, 0
1777102190, 0, 77, 713, 712, 7, 7.50%, 0, 0, 2, 4.77, 16, 116, 0, 370, 103206, 38550, 0, 0.000, 0, 0, 0.000000, 0.000000, 0, 0, 0, 0, 0, 0, 21, 0
1777102205, 0, 77, 714, 713, 7, 7.50%, 0, 0, 2, 4.82, 16, 116, 0, 370, 103206, 38550, 0, 0.000, 0, 0, 0.000000, 0.000000, 0, 0, 0, 0, 0, 0, 21, 0
1777102288, 0, 77, 715, 714, 7, 7.50%, 0, 0, 2, 5.32, 16, 116, 0, 370, 103206, 38550, 0, 0.000, 0, 0, 0.000000, 0.000000, 0, 0, 0, 0, 0, 0, 23, 0
1777102299, 0, 77, 716, 715, 7, 7.51%, 0, 0, 2, 6.16, 16, 116, 0, 370, 103206, 38550, 0, 0.000, 0, 0, 0.000000, 0.000000, 0, 0, 0, 0, 0, 0, 23, 0
1777102319, 0, 77, 717, 716, 7, 7.51%, 0, 0, 2, 4.89, 16, 116, 0, 370, 103206, 38550, 0, 0.000, 0, 0, 0.000000, 0.000000, 0, 0, 0, 0, 0, 0, 23, 0
1777102360, 0, 77, 718, 717, 7, 7.51%, 0, 0, 2, 4.86, 16, 116, 0, 370, 103206, 38550, 0, 0.000, 0, 0, 0.000000, 0.000000, 0, 0, 0, 0, 0, 0, 23, 0
1777102370, 0, 77, 720, 719, 7, 7.51%, 0, 0, 2, 4.87, 16, 116, 0, 370, 103206, 38550, 0, 0.000, 0, 0, 0.000000, 0.000000, 0, 0, 0, 0, 0, 0, 23, 0
1777102406, 0, 77, 721, 720, 7, 7.51%, 0, 0, 2, 4.95, 16, 116, 0, 370, 103206, 38550, 0, 0.000, 0, 0, 0.000000, 0.000000, 0, 0, 0, 0, 0, 0, 23, 0
1777102453, 0, 77, 722, 721, 7, 7.51%, 0, 0, 2, 4.80, 16, 116, 0, 370, 103206, 38550, 0, 0.000, 0, 0, 0.000000, 0.000000, 0, 0, 0, 0, 0, 0, 24, 0
1777102500, 0, 77, 723, 722, 7, 7.52%, 0, 0, 2, 5.21, 16, 116, 0, 370, 103206, 38550, 0, 0.000, 0, 0, 0.000000, 0.000000, 0, 0, 0, 0, 0, 0, 24, 0
1777102521, 0, 77, 724, 723, 7, 7.52%, 0, 0, 2, 4.79, 16, 116, 0, 370, 103206, 38550, 0, 0.000, 0, 0, 0.000000, 0.000000, 0, 0, 0, 0, 0, 0, 24, 0
1777102548, 0, 77, 725, 724, 7, 7.52%, 0, 0, 2, 6.94, 16, 116, 0, 370, 103206, 38550, 0, 0.000, 0, 0, 0.000000, 0.000000, 0, 0, 0, 0, 0, 0, 24, 0
1777102553, 0, 77, 726, 725, 7, 7.52%, 0, 0, 2, 5.63, 16, 117, 0, 370, 103206, 38550, 0, 0.000, 0, 0, 0.000000, 0.000000, 0, 0, 0, 0, 0, 0, 24, 0
1777102563, 0, 77, 727, 726, 7, 7.54%, 0, 0, 2, 5.11, 16, 118, 0, 370, 103206, 38550, 0, 0.000, 0, 0, 0.000000, 0.000000, 0, 0, 0, 0, 0, 0, 24, 0
1777102569, 0, 77, 728, 727, 7, 7.54%, 0, 0, 2, 4.82, 16, 118, 0, 370, 103206, 38550, 0, 0.000, 0, 0, 0.000000, 0.000000, 0, 0, 0, 0, 0, 0, 24, 0
1777102584, 0, 77, 729, 728, 7, 7.54%, 0, 0, 2, 4.96, 16, 118, 0, 370, 103206, 38550, 0, 0.000, 0, 0, 0.000000, 0.000000, 0, 0, 0, 0, 0, 0, 24, 0
1777102589, 0, 77, 730, 729, 7, 7.54%, 0, 0, 2, 4.59, 16, 118, 0, 370, 103206, 38550, 0, 0.000, 0, 0, 0.000000, 0.000000, 0, 0, 0, 0, 0, 0, 24, 0
1777102653, 0, 77, 731, 730, 7, 7.54%, 0, 0, 2, 4.63, 16, 118, 0, 370, 103206, 38550, 0, 0.000, 0, 0, 0.000000, 0.000000, 0, 0, 0, 0, 0, 0, 25, 0
1777102668, 0, 77, 732, 731, 7, 7.54%, 0, 0, 2, 5.04, 16, 119, 0, 370, 103206, 38550, 0, 0.000, 0, 0, 0.000000, 0.000000, 0, 0, 0, 0, 0, 0, 25, 0
1777102800, 0, 77, 733, 732, 7, 7.54%, 0, 0, 2, 4.79, 16, 124, 0, 370, 103206, 38550, 0, 0.000, 0, 0, 0.000000, 0.000000, 0, 0, 0, 0, 0, 0, 28, 0
1777102811, 0, 77, 734, 733, 7, 7.59%, 0, 0, 2, 0.66, 16, 124, 0, 370, 103206, 38550, 0, 0.000, 0, 0, 0.000000, 0.000000, 0, 0, 0, 0, 0, 0, 28, 0
1777102826, 0, 77, 735, 734, 7, 7.59%, 0, 0, 2, 4.99, 16, 124, 0, 370, 103206, 38550, 0, 0.000, 0, 0, 0.000000, 0.000000, 0, 0, 0, 0, 0, 0, 28, 0
1777102853, 0, 77, 737, 736, 7, 7.59%, 0, 0, 2, 5.14, 16, 124, 0, 370, 103206, 38550, 0, 0.000, 0, 0, 0.000000, 0.000000, 0, 0, 0, 0, 0, 0, 28, 0
1777102873, 0, 77, 738, 737, 7, 7.59%, 0, 0, 2, 4.72, 16, 124, 0, 370, 103206, 38550, 0, 0.000, 0, 0, 0.000000, 0.000000, 0, 0, 0, 0, 0, 0, 28, 0
1777102990, 0, 77, 739, 738, 7, 7.60%, 0, 0, 2, 4.77, 16, 124, 0, 370, 103206, 38550, 0, 0.000, 0, 0, 0.000000, 0.000000, 0, 0, 0, 0, 0, 0, 30, 0
1777103000, 0, 77, 740, 739, 7, 7.60%, 0, 0, 2, 4.71, 16, 124, 0, 370, 103206, 38550, 0, 0.000, 0, 0, 0.000000, 0.000000, 0, 0, 0, 0, 0, 0, 30, 0
1777103016, 0, 77, 741, 740, 7, 7.60%, 0, 0, 2, 3.76, 16, 124, 0, 370, 103206, 38550, 0, 0.000, 0, 0, 0.000000, 0.000000, 0, 0, 0, 0, 0, 0, 30, 0
1777103100, 0, 77, 742, 741, 7, 7.60%, 0, 0, 2, 5.05, 16, 124, 0, 370, 103206, 38550, 0, 0.000, 0, 0, 0.000000, 0.000000, 0, 0, 0, 0, 0, 0, 32, 0
1777103147, 0, 77, 743, 742, 7, 7.60%, 0, 0, 2, 0.66, 16, 124, 0, 370, 103206, 38550, 0, 0.000, 0, 0, 0.000000, 0.000000, 0, 0, 0, 0, 0, 0, 33, 0
1777103236, 0, 77, 744, 743, 7, 7.60%, 0, 0, 2, 5.23, 16, 126, 0, 370, 103206, 38550, 0, 0.000, 0, 0, 0.000000, 0.000000, 0, 0, 0, 0, 0, 0, 35, 0
1777103273, 0, 77, 745, 744, 7, 7.60%, 0, 0, 2, 4.69, 16, 126, 0, 370, 103206, 38550, 0, 0.000, 0, 0, 0.000000, 0.000000, 0, 0, 0, 0, 0, 0, 35, 0
1777103304, 1, 0, 745, 743, 22, 7.60%, 0, 0, 2, 1.21, 16, 126, 0, 370, 103206, 38550, 0, 0.000, 0, 0, 0.000000, 0.000000, 0, 0, 0, 0, 0, 0, 35, 0
1777103309, 1, 0, 747, 745, 22, 7.60%, 0, 0, 2, 4.27, 16, 127, 0, 370, 103206, 38550, 0, 0.000, 0, 0, 0.000000, 0.000000, 0, 0, 0, 0, 0, 0, 35, 0
1777103314, 1, 0, 748, 746, 22, 7.60%, 0, 0, 2, 5.47, 16, 127, 0, 370, 103206, 38550, 0, 0.000, 0, 0, 0.000000, 0.000000, 0, 0, 0, 0, 0, 0, 35, 0
1777103320, 1, 0, 751, 749, 22, 7.60%, 0, 0, 2, 5.87, 16, 127, 0, 370, 103206, 38550, 0, 0.000, 0, 0, 0.000000, 0.000000, 0, 0, 0, 0, 0, 0, 35, 0
1777103325, 1, 0, 752, 750, 22, 7.60%, 0, 0, 2, 5.31, 16, 128, 0, 370, 103206, 38550, 0, 0.000, 0, 0, 0.000000, 0.000000, 0, 0, 0, 0, 0, 0, 35, 0
1777103335, 1, 0, 753, 751, 22, 7.60%, 0, 0, 2, 5.42, 16, 128, 0, 370, 103206, 38550, 0, 0.000, 0, 0, 0.000000, 0.000000, 0, 0, 0, 0, 0, 0, 35, 0
1777103340, 1, 0, 754, 752, 22, 7.60%, 0, 0, 2, 5.45, 16, 128, 0, 370, 103206, 38550, 0, 0.000, 0, 0, 0.000000, 0.000000, 0, 0, 0, 0, 0, 0, 35, 0
1777103352, 1, 0, 755, 753, 22, 7.61%, 0, 0, 2, 0.66, 16, 128, 0, 370, 103206, 38550, 0, 0.000, 0, 0, 0.000000, 0.000000, 0, 0, 0, 0, 0, 0, 35, 0
1777103368, 1, 0, 756, 754, 22, 7.61%, 0, 0, 2, 4.71, 16, 128, 0, 370, 103206, 38550, 0, 0.000, 0, 0, 0.000000, 0.000000, 0, 0, 0, 0, 0, 0, 35, 0
1777103378, 1, 0, 757, 755, 22, 7.61%, 0, 0, 2, 1.07, 16, 128, 0, 370, 103206, 38550, 0, 0.000, 0, 0, 0.000000, 0.000000, 0, 0, 0, 0, 0, 0, 35, 0
1777103389, 1, 0, 758, 756, 22, 7.61%, 0, 0, 2, 7.00, 16, 128, 0, 370, 103206, 38550, 0, 0.000, 0, 0, 0.000000, 0.000000, 0, 0, 0, 0, 0, 0, 35, 0
1777103415, 1, 0, 760, 758, 22, 7.61%, 0, 0, 2, 1.79, 16, 128, 0, 370, 103206, 38550, 0, 0.000, 0, 0, 0.000000, 0.000000, 0, 0, 0, 0, 0, 0, 35, 0
1777103425, 1, 0, 761, 759, 22, 7.61%, 0, 0, 2, 4.68, 16, 129, 0, 370, 103206, 38550, 0, 0.000, 0, 0, 0.000000, 0.000000, 0, 0, 0, 0, 0, 0, 35, 0
1777103441, 1, 0, 762, 760, 22, 7.61%, 0, 0, 2, 5.62, 16, 129, 0, 370, 103206, 38550, 0, 0.000, 0, 0, 0.000000, 0.000000, 0, 0, 0, 0, 0, 0, 35, 0
1777103446, 1, 0, 763, 761, 22, 7.61%, 0, 0, 2, 5.76, 16, 129, 0, 370, 103206, 38550, 0, 0.000, 0, 0, 0.000000, 0.000000, 0, 0, 0, 0, 0, 0, 35, 0
1777103451, 1, 0, 764, 762, 22, 7.61%, 0, 0, 2, 5.61, 16, 129, 0, 370, 103206, 38550, 0, 0.000, 0, 0, 0.000000, 0.000000, 0, 0, 0, 0, 0, 0, 35, 0
1777103499, 1, 0, 765, 763, 22, 7.61%, 0, 0, 2, 0.65, 16, 129, 0, 370, 103206, 38550, 0, 0.000, 0, 0, 0.000000, 0.000000, 0, 0, 0, 0, 0, 0, 36, 0
1777103504, 1, 0, 766, 764, 22, 7.61%, 0, 0, 2, 5.15, 16, 129, 0, 370, 103206, 38550, 0, 0.000, 0, 0, 0.000000, 0.000000, 0, 0, 0, 0, 0, 0, 36, 0
1777103509, 1, 0, 767, 765, 22, 7.61%, 0, 0, 2, 5.19, 16, 130, 0, 370, 103206, 38550, 0, 0.000, 0, 0, 0.000000, 0.000000, 0, 0, 0, 0, 0, 0, 36, 0
1777103514, 1, 0, 768, 766, 22, 7.61%, 0, 0, 2, 5.72, 16, 130, 0, 370, 103206, 38550, 0, 0.000, 0, 0, 0.000000, 0.000000, 0, 0, 0, 0, 0, 0, 36, 0
1777103520, 1, 0, 769, 767, 22, 7.61%, 0, 0, 2, 5.93, 16, 130, 0, 370, 103206, 38550, 0, 0.000, 0, 0, 0.000000, 0.000000, 0, 0, 0, 0, 0, 0, 36, 0
1777103525, 1, 0, 770, 768, 22, 7.61%, 0, 0, 2, 5.69, 16, 130, 0, 370, 103206, 38550, 0, 0.000, 0, 0, 0.000000, 0.000000, 0, 0, 0, 0, 0, 0, 36, 0
1777103535, 1, 0, 771, 769, 22, 7.62%, 0, 0, 2, 5.40, 16, 130, 0, 370, 103206, 38550, 0, 0.000, 0, 0, 0.000000, 0.000000, 0, 0, 0, 0, 0, 0, 36, 0
1777103566, 1, 0, 772, 770, 22, 7.62%, 0, 0, 2, 2.34, 16, 130, 0, 370, 103206, 38550, 0, 0.000, 0, 0, 0.000000, 0.000000, 0, 0, 0, 0, 0, 0, 36, 0
1777103582, 1, 0, 773, 771, 22, 7.62%, 0, 0, 2, 6.29, 16, 130, 0, 370, 103206, 38550, 0, 0.000, 0, 0, 0.000000, 0.000000, 0, 0, 0, 0, 0, 0, 36, 0
1777103597, 1, 0, 774, 772, 22, 7.63%, 0, 0, 2, 6.55, 16, 130, 0, 370, 103206, 38550, 0, 0.000, 0, 0, 0.000000, 0.000000, 0, 0, 0, 0, 0, 0, 36, 0
1777103603, 1, 0, 775, 773, 22, 7.63%, 0, 0, 2, 9.39, 16, 130, 0, 370, 103206, 38550, 0, 0.000, 0, 0, 0.000000, 0.000000, 0, 0, 0, 0, 0, 0, 36, 0
1777103625, 1, 0, 776, 774, 22, 7.63%, 0, 0, 2, 6.07, 16, 130, 0, 370, 103206, 38550, 0, 0.000, 0, 0, 0.000000, 0.000000, 0, 0, 0, 0, 0, 0, 36, 0
1777103661, 1, 0, 777, 775, 22, 7.63%, 0, 0, 2, 5.83, 16, 130, 0, 370, 103206, 38550, 0, 0.000, 0, 0, 0.000000, 0.000000, 0, 0, 0, 0, 0, 0, 36, 0
1777103677, 1, 0, 778, 776, 22, 7.63%, 0, 0, 2, 6.62, 16, 130, 0, 370, 103206, 38550, 0, 0.000, 0, 0, 0.000000, 0.000000, 0, 0, 0, 0, 0, 0, 36, 0
1777103698, 1, 0, 779, 777, 22, 7.63%, 0, 0, 2, 5.77, 16, 130, 0, 370, 103206, 38550, 0, 0.000, 0, 0, 0.000000, 0.000000, 0, 0, 0, 0, 0, 0, 36, 0
1777103739, 1, 0, 780, 778, 22, 7.63%, 0, 0, 2, 6.02, 16, 130, 0, 370, 103206, 38550, 0, 0.000, 0, 0, 0.000000, 0.000000, 0, 0, 0, 0, 0, 0, 36, 0
1777103750, 1, 0, 781, 779, 22, 7.63%, 0, 0, 2, 5.96, 16, 130, 0, 370, 103206, 38550, 0, 0.000, 0, 0, 0.000000, 0.000000, 0, 0, 0, 0, 0, 0, 36, 0
1777103755, 1, 0, 782, 780, 22, 7.63%, 0, 0, 2, 4.94, 16, 130, 0, 370, 103206, 38550, 0, 0.000, 0, 0, 0.000000, 0.000000, 0, 0, 0, 0, 0, 0, 36, 0
1777103781, 1, 0, 783, 781, 22, 7.63%, 0, 0, 2, 5.72, 16, 130, 0, 370, 103206, 38550, 0, 0.000, 0, 0, 0.000000, 0.000000, 0, 0, 0, 0, 0, 0, 36, 0
1777103786, 1, 0, 784, 782, 22, 7.63%, 0, 0, 2, 5.98, 16, 130, 0, 370, 103206, 38550, 0, 0.000, 0, 0, 0.000000, 0.000000, 0, 0, 0, 0, 0, 0, 36, 0
1777103792, 1, 0, 785, 783, 22, 7.63%, 0, 0, 2, 0.66, 16, 130, 0, 370, 103206, 38550, 0, 0.000, 0, 0, 0.000000, 0.000000, 0, 0, 0, 0, 0, 0, 36, 0
1777103803, 1, 0, 786, 784, 22, 7.63%, 0, 0, 2, 6.99, 16, 130, 0, 370, 103206, 38550, 0, 0.000, 0, 0, 0.000000, 0.000000, 0, 0, 0, 0, 0, 0, 36, 0
1777103829, 1, 0, 787, 785, 22, 7.63%, 0, 0, 2, 5.62, 16, 130, 0, 370, 103206, 38550, 0, 0.000, 0, 0, 0.000000, 0.000000, 0, 0, 0, 0, 0, 0, 36, 0
1777103849, 1, 0, 788, 786, 22, 7.63%, 0, 0, 2, 5.64, 16, 130, 0, 370, 103206, 38550, 0, 0.000, 0, 0, 0.000000, 0.000000, 0, 0, 0, 0, 0, 0, 36, 0
1777103855, 1, 0, 789, 787, 22, 7.64%, 0, 0, 2, 5.87, 16, 130, 0, 370, 103206, 38550, 0, 0.000, 0, 0, 0.000000, 0.000000, 0, 0, 0, 0, 0, 0, 36, 0
1777103870, 1, 0, 790, 788, 22, 7.64%, 0, 0, 2, 6.94, 16, 130, 0, 370, 103206, 38550, 0, 0.000, 0, 0, 0.000000, 0.000000, 0, 0, 0, 0, 0, 0, 36, 0
1777103875, 1, 0, 791, 789, 22, 7.64%, 0, 0, 2, 6.50, 16, 130, 0, 370, 103206, 38550, 0, 0.000, 0, 0, 0.000000, 0.000000, 0, 0, 0, 0, 0, 0, 36, 0
1777103885, 1, 0, 792, 790, 22, 7.64%, 0, 0, 2, 6.03, 16, 130, 0, 370, 103206, 38550, 0, 0.000, 0, 0, 0.000000, 0.000000, 0, 0, 0, 0, 0, 0, 36, 0
1777103891, 1, 0, 793, 791, 22, 7.64%, 0, 0, 2, 5.89, 16, 130, 0, 370, 103206, 38550, 0, 0.000, 0, 0, 0.000000, 0.000000, 0, 0, 0, 0, 0, 0, 36, 0
1777103938, 1, 0, 794, 792, 22, 7.64%, 0, 0, 2, 3.91, 16, 130, 0, 370, 103206, 38550, 0, 0.000, 0, 0, 0.000000, 0.000000, 0, 0, 0, 0, 0, 0, 37, 0
1777103943, 1, 0, 796, 794, 22, 7.64%, 0, 0, 2, 5.04, 16, 130, 0, 370, 103206, 38550, 0, 0.000, 0, 0, 0.000000, 0.000000, 0, 0, 0, 0, 0, 0, 37, 0
1777103989, 1, 0, 798, 796, 22, 7.64%, 0, 0, 2, 6.33, 16, 130, 0, 370, 103206, 38550, 0, 0.000, 0, 0, 0.000000, 0.000000, 0, 0, 0, 0, 0, 0, 38, 0
1777103994, 1, 0, 799, 797, 22, 7.65%, 0, 0, 2, 6.92, 16, 130, 0, 370, 103206, 38550, 0, 0.000, 0, 0, 0.000000, 0.000000, 0, 0, 0, 0, 0, 0, 38, 0
1777104061, 1, 0, 799, 797, 22, 7.65%, 0, 0, 2, 5.61, 16, 130, 0, 370, 103206, 38550, 0, 0.000, 0, 0, 0.000777, 1.000000, 19, 0, 0, 0, 0, 0, 39, 0
1777104066, 1, 0, 800, 798, 22, 7.65%, 0, 0, 2, 6.37, 16, 130, 0, 370, 103206, 38550, 0, 0.000, 0, 0, 0.001797, 1.000000, 44, 0, 0, 0, 0, 0, 39, 0
1777104071, 1, 0, 800, 798, 22, 7.65%, 0, 0, 2, 6.88, 16, 130, 0, 370, 103206, 38550, 0, 0.000, 0, 0, 0.002856, 1.000000, 70, 0, 0, 0, 0, 0, 39, 0
1777104076, 1, 0, 800, 798, 22, 7.65%, 0, 0, 2, 6.18, 16, 130, 0, 370, 103206, 38550, 0, 0.000, 0, 0, 0.004075, 1.000000, 100, 0, 0, 0, 0, 0, 39, 0
1777104081, 1, 0, 800, 798, 22, 7.65%, 0, 0, 2, 5.55, 16, 130, 0, 370, 103206, 38550, 0, 0.000, 0, 0, 0.004886, 1.000000, 120, 0, 0, 0, 0, 0, 39, 0
1777104087, 1, 0, 800, 798, 22, 7.65%, 0, 0, 2, 5.86, 16, 130, 0, 370, 103206, 38550, 0, 0.000, 0, 0, 0.006100, 1.000000, 150, 0, 0, 0, 0, 0, 39, 0
1777104092, 1, 0, 800, 798, 22, 7.65%, 0, 0, 2, 5.94, 16, 130, 0, 370, 103206, 38550, 0, 0.000, 0, 0, 0.007271, 1.000000, 179, 0, 0, 0, 0, 0, 39, 0
1777104097, 1, 0, 800, 798, 22, 7.65%, 0, 0, 2, 5.84, 16, 130, 0, 370, 103206, 38550, 0, 0.000, 0, 0, 0.008439, 1.000000, 208, 0, 0, 0, 0, 0, 39, 0
1777104102, 1, 0, 800, 798, 22, 7.65%, 0, 0, 2, 5.75, 16, 130, 0, 370, 103206, 38550, 0, 0.000, 0, 0, 0.009564, 1.000000, 236, 0, 0, 0, 0, 0, 40, 0
1777104107, 1, 0, 800, 798, 22, 7.65%, 0, 0, 2, 0.97, 16, 130, 0, 370, 103206, 38550, 0, 0.000, 0, 0, 0.010566, 1.000000, 261, 0, 0, 0, 0, 0, 40, 0
1777104112, 1, 0, 801, 799, 22, 7.65%, 0, 0, 2, 7.73, 16, 130, 0, 370, 103206, 38550, 0, 0.000, 0, 0, 0.011727, 1.000000, 290, 0, 0, 0, 0, 0, 40, 0
1777104117, 1, 0, 801, 799, 22, 7.65%, 0, 0, 2, 6.86, 16, 130, 0, 370, 103206, 38550, 0, 0.000, 0, 0, 0.012605, 1.000000, 312, 0, 0, 0, 0, 0, 40, 0
1777104123, 1, 0, 801, 799, 22, 7.65%, 0, 0, 2, 6.55, 16, 130, 0, 370, 103206, 38550, 0, 0.000, 0, 0, 0.013920, 1.000000, 345, 0, 0, 0, 0, 0, 40, 0
1777104128, 1, 0, 801, 799, 22, 7.65%, 0, 0, 2, 5.76, 16, 130, 0, 370, 103206, 38550, 0, 0.000, 0, 0, 0.014913, 1.000000, 370, 0, 0, 0, 0, 0, 40, 0
1777104133, 1, 0, 801, 799, 22, 7.65%, 0, 0, 2, 6.14, 16, 130, 0, 370, 103206, 38550, 0, 0.000, 0, 0, 0.016182, 1.000000, 402, 0, 0, 0, 0, 0, 40, 0
1777104138, 1, 0, 802, 800, 22, 7.65%, 0, 0, 2, 6.49, 16, 130, 0, 370, 103206, 38550, 0, 0.000, 0, 0, 0.017053, 1.000000, 424, 0, 0, 0, 0, 0, 40, 0
1777104143, 1, 0, 802, 800, 22, 7.65%, 0, 0, 2, 7.60, 16, 130, 0, 370, 103206, 38550, 0, 0.000, 0, 0, 0.018158, 1.000000, 452, 0, 0, 0, 0, 0, 40, 0
1777104148, 1, 0, 802, 800, 22, 7.65%, 0, 0, 2, 7.34, 16, 130, 0, 370, 103206, 38550, 0, 0.000, 0, 0, 0.019498, 1.000000, 486, 0, 0, 0, 0, 0, 40, 0
1777104154, 1, 0, 802, 800, 22, 7.65%, 0, 0, 2, 5.21, 16, 130, 0, 370, 103206, 38550, 0, 0.000, 0, 0, 0.020441, 1.000000, 510, 0, 0, 0, 0, 0, 40, 0
1777104159, 1, 0, 803, 801, 22, 7.65%, 0, 0, 2, 6.11, 16, 130, 0, 370, 103206, 38550, 0, 0.000, 0, 0, 0.021382, 1.000000, 534, 0, 0, 0, 0, 0, 40, 0
1777104164, 1, 0, 803, 801, 22, 7.65%, 0, 0, 2, 6.50, 16, 130, 0, 370, 103206, 38550, 0, 0.000, 0, 0, 0.022556, 1.000000, 564, 0, 0, 0, 0, 0, 40, 0
1777104169, 1, 0, 803, 801, 22, 7.65%, 0, 0, 2, 6.48, 16, 130, 0, 370, 103206, 38550, 0, 0.000, 0, 0, 0.023806, 1.000000, 596, 0, 0, 0, 0, 0, 40, 0
1777104174, 1, 0, 803, 801, 22, 7.65%, 0, 0, 2, 6.14, 16, 130, 0, 370, 103206, 38550, 0, 0.000, 0, 0, 0.024974, 1.000000, 626, 0, 0, 0, 0, 0, 40, 0
1777104179, 1, 0, 803, 801, 22, 7.65%, 0, 0, 2, 3.30, 16, 130, 0, 370, 103206, 38550, 0, 0.000, 0, 0, 0.025984, 1.000000, 652, 0, 0, 0, 0, 0, 40, 0
1777104184, 1, 0, 803, 801, 22, 7.65%, 0, 0, 2, 5.59, 16, 130, 0, 370, 103206, 38550, 0, 0.000, 0, 0, 0.027302, 1.000000, 686, 0, 0, 0, 0, 0, 40, 0
1777104190, 1, 0, 803, 801, 22, 7.65%, 0, 0, 2, 6.14, 16, 130, 0, 370, 103206, 38550, 0, 0.000, 0, 0, 0.028231, 1.000000, 710, 0, 0, 0, 0, 0, 40, 0
1777104195, 1, 0, 803, 801, 22, 7.65%, 0, 0, 2, 6.22, 16, 130, 0, 370, 103206, 38550, 0, 0.000, 0, 0, 0.029427, 1.000000, 741, 0, 0, 0, 0, 0, 41, 0
1777104200, 1, 0, 804, 802, 22, 7.66%, 0, 0, 2, 6.20, 16, 130, 0, 370, 103206, 38550, 0, 0.000, 0, 0, 0.030313, 1.000000, 764, 0, 0, 0, 0, 0, 41, 0
1777104205, 1, 0, 804, 802, 22, 7.66%, 0, 0, 2, 6.03, 16, 130, 0, 370, 103206, 38550, 0, 0.000, 0, 0, 0.031389, 1.000000, 792, 0, 0, 0, 0, 0, 41, 0
1777104210, 1, 0, 804, 802, 22, 7.66%, 0, 0, 2, 6.02, 16, 130, 0, 370, 103206, 38550, 0, 0.000, 0, 0, 0.032577, 1.000000, 823, 0, 0, 0, 0, 0, 41, 0
1777104215, 1, 0, 804, 802, 22, 7.66%, 0, 0, 2, 7.73, 16, 130, 0, 370, 103206, 38550, 0, 0.000, 0, 0, 0.033610, 1.000000, 850, 0, 0, 0, 0, 0, 41, 0
1777104222, 1, 0, 804, 802, 22, 7.66%, 0, 0, 2, 0.65, 16, 130, 0, 370, 103206, 38550, 0, 0.000, 0, 0, 0.034717, 1.000000, 879, 0, 0, 0, 0, 0, 41, 0
1777104227, 1, 0, 804, 802, 22, 7.66%, 0, 0, 2, 6.11, 16, 130, 0, 370, 103206, 38550, 0, 0.000, 0, 0, 0.035897, 1.000000, 910, 0, 0, 0, 0, 0, 41, 0
1777104232, 1, 0, 804, 802, 22, 7.66%, 0, 0, 2, 6.07, 16, 130, 0, 370, 103206, 38550, 0, 0.000, 0, 0, 0.037037, 1.000000, 940, 0, 0, 0, 0, 0, 41, 0
1777104238, 1, 0, 804, 802, 22, 7.66%, 0, 0, 2, 5.76, 16, 130, 0, 370, 103206, 38550, 0, 0.000, 0, 0, 0.038174, 1.000000, 970, 0, 0, 0, 0, 0, 42, 0
1777104243, 1, 0, 804, 802, 22, 7.66%, 0, 0, 2, 5.78, 16, 130, 0, 370, 103206, 38550, 0, 0.000, 0, 0, 0.039233, 1.000000, 998, 0, 0, 0, 0, 0, 42, 0
1777104248, 1, 0, 804, 802, 22, 7.66%, 0, 0, 2, 1.11, 16, 130, 0, 370, 103206, 38550, 0, 0.000, 0, 0, 0.040402, 1.000000, 1029, 0, 0, 0, 0, 0, 42, 0
1777104254, 1, 0, 804, 802, 22, 7.66%, 0, 0, 2, 4.28, 16, 130, 0, 370, 103206, 38550, 0, 0.000, 0, 0, 0.041531, 1.000000, 1059, 0, 0, 0, 0, 0, 42, 0
1777104259, 1, 0, 804, 802, 22, 7.66%, 0, 0, 2, 4.84, 16, 130, 0, 370, 103206, 38550, 0, 0.000, 0, 0, 0.042395, 1.000000, 1082, 0, 0, 0, 0, 0, 42, 0
1777104264, 1, 0, 804, 802, 22, 7.66%, 0, 0, 2, 5.73, 16, 130, 0, 370, 103206, 38550, 0, 0.000, 0, 0, 0.043557, 1.000000, 1113, 0, 0, 0, 0, 0, 42, 0
1777104269, 1, 0, 804, 802, 22, 7.66%, 0, 0, 2, 6.12, 16, 130, 0, 370, 103206, 38550, 0, 0.000, 0, 0, 0.044641, 1.000000, 1142, 0, 0, 0, 0, 0, 42, 0
1777104274, 1, 0, 804, 802, 22, 7.66%, 0, 0, 2, 5.81, 16, 130, 0, 370, 103206, 38550, 0, 0.000, 0, 0, 0.045685, 1.000000, 1170, 0, 0, 0, 0, 0, 43, 0
1777104279, 1, 0, 804, 802, 22, 7.66%, 0, 0, 2, 5.91, 16, 130, 0, 370, 103206, 38550, 0, 0.000, 0, 0, 0.046728, 1.000000, 1198, 0, 0, 0, 0, 0, 43, 0
1777104285, 1, 0, 804, 802, 22, 7.66%, 0, 0, 2, 1.11, 16, 130, 0, 370, 103206, 38550, 0, 0.000, 0, 0, 0.047879, 1.000000, 1229, 0, 0, 0, 0, 0, 43, 0
1777104290, 1, 0, 804, 802, 22, 7.66%, 0, 0, 2, 5.78, 16, 130, 0, 370, 103206, 38550, 0, 0.000, 0, 0, 0.048953, 1.000000, 1258, 0, 0, 0, 0, 0, 43, 0
1777104295, 1, 0, 805, 803, 22, 7.67%, 0, 0, 2, 6.15, 16, 130, 0, 370, 103206, 38550, 0, 0.000, 0, 0, 0.049878, 1.000000, 1283, 0, 0, 0, 0, 0, 43, 0
1777104301, 1, 0, 805, 803, 22, 7.67%, 0, 0, 2, 5.71, 16, 130, 0, 370, 103206, 38550, 0, 0.000, 0, 0, 0.050947, 1.000000, 1312, 0, 0, 0, 0, 0, 43, 0
1777104306, 1, 0, 805, 803, 22, 7.67%, 0, 0, 2, 5.57, 16, 130, 0, 370, 103206, 38550, 0, 0.000, 0, 0, 0.051905, 1.000000, 1338, 0, 0, 0, 0, 0, 43, 0
1777104311, 1, 0, 805, 803, 22, 7.67%, 0, 0, 2, 5.83, 16, 130, 0, 370, 103206, 38550, 0, 0.000, 0, 0, 0.053007, 1.000000, 1368, 0, 0, 0, 0, 0, 43, 0
1777104316, 1, 0, 805, 803, 22, 7.67%, 0, 0, 2, 5.67, 16, 130, 0, 370, 103206, 38550, 0, 0.000, 0, 0, 0.054033, 1.000000, 1396, 0, 0, 0, 0, 0, 43, 0
1777104321, 1, 0, 805, 803, 22, 7.67%, 0, 0, 2, 5.99, 16, 130, 0, 370, 103206, 38550, 0, 0.000, 0, 0, 0.055021, 1.000000, 1423, 0, 0, 0, 0, 0, 43, 0
1777104327, 1, 0, 805, 803, 22, 7.67%, 0, 0, 2, 6.10, 16, 130, 0, 370, 103206, 38550, 0, 0.000, 0, 0, 0.056152, 1.000000, 1454, 0, 0, 0, 0, 0, 43, 0
1777104332, 1, 0, 805, 803, 22, 7.67%, 0, 0, 2, 8.95, 16, 130, 0, 370, 103206, 38550, 0, 0.000, 0, 0, 0.057062, 1.000000, 1479, 0, 0, 0, 0, 0, 44, 0
1777104337, 1, 0, 805, 803, 22, 7.67%, 0, 0, 2, 6.97, 16, 130, 0, 370, 103206, 38550, 0, 0.000, 0, 0, 0.058189, 1.000000, 1510, 0, 0, 0, 0, 0, 44, 0
1777104342, 1, 0, 806, 804, 22, 7.67%, 0, 0, 2, 3.07, 16, 130, 0, 370, 103206, 38550, 0, 0.000, 0, 0, 0.058878, 0.618617, 1529, 0, 0, 0, 0, 0, 44, 0
1777104347, 1, 0, 806, 804, 22, 7.67%, 0, 0, 2, 5.43, 16, 130, 0, 370, 103206, 38550, 0, 0.000, 0, 0, 0.060072, 1.000000, 1562, 0, 0, 0, 0, 0, 44, 0
1777104352, 1, 0, 806, 804, 22, 7.67%, 0, 0, 2, 5.70, 16, 130, 0, 370, 103206, 38550, 0, 0.000, 0, 0, 0.061083, 1.000000, 1590, 0, 0, 0, 0, 0, 44, 0
1777104357, 1, 0, 806, 804, 22, 7.67%, 0, 0, 2, 7.46, 16, 130, 0, 370, 103206, 38550, 0, 0.000, 0, 0, 0.061984, 1.000000, 1615, 0, 0, 0, 0, 0, 44, 0
1777104362, 1, 0, 806, 804, 22, 7.67%, 0, 0, 2, 6.60, 16, 130, 0, 370, 103206, 38550, 0, 0.000, 0, 0, 0.063099, 1.000000, 1646, 0, 0, 0, 0, 0, 44, 0
1777104368, 1, 0, 806, 804, 22, 7.67%, 0, 0, 2, 4.82, 16, 130, 0, 370, 103206, 38550, 0, 0.000, 0, 0, 0.063888, 1.000000, 1668, 0, 0, 0, 0, 0, 44, 0
1777104373, 1, 0, 806, 804, 22, 7.67%, 0, 0, 2, 6.01, 16, 130, 0, 370, 103206, 38550, 0, 0.000, 0, 0, 0.065106, 1.000000, 1702, 0, 0, 0, 0, 0, 44, 0
1777104378, 1, 0, 806, 804, 22, 7.67%, 0, 0, 2, 6.10, 16, 130, 0, 370, 103206, 38550, 0, 0.000, 0, 0, 0.066106, 1.000000, 1730, 0, 0, 0, 0, 0, 45, 0
1777104383, 1, 0, 806, 804, 22, 7.67%, 0, 0, 2, 5.79, 16, 130, 0, 370, 103206, 38550, 0, 0.000, 0, 0, 0.067176, 1.000000, 1760, 0, 0, 0, 0, 0, 45, 0
1777104389, 1, 0, 807, 805, 22, 7.68%, 0, 0, 2, 5.81, 16, 130, 0, 370, 103206, 38550, 0, 0.000, 0, 0, 0.067923, 1.000000, 1781, 0, 0, 0, 0, 0, 45, 0
1777104394, 1, 0, 808, 806, 22, 7.68%, 0, 0, 2, 1.77, 16, 130, 0, 370, 103206, 38550, 0, 0.000, 0, 0, 0.068669, 1.000000, 1802, 0, 0, 0, 0, 0, 45, 0
1777104399, 1, 0, 808, 806, 22, 7.68%, 0, 0, 2, 4.18, 16, 130, 0, 370, 103206, 38550, 0, 0.000, 0, 0, 0.069732, 1.000000, 1832, 0, 0, 0, 0, 0, 45, 0
1777104404, 1, 0, 808, 806, 22, 7.68%, 0, 0, 2, 5.38, 16, 130, 0, 370, 103206, 38550, 0, 0.000, 0, 0, 0.070510, 1.000000, 1854, 0, 0, 0, 0, 0, 45, 0
1777104409, 1, 0, 808, 806, 22, 7.68%, 0, 0, 2, 6.07, 16, 130, 0, 370, 103206, 38550, 0, 0.000, 0, 0, 0.071640, 1.000000, 1886, 0, 0, 0, 0, 0, 45, 0
1777104415, 1, 0, 808, 806, 22, 7.68%, 0, 0, 2, 6.06, 16, 130, 0, 370, 103206, 38550, 0, 0.000, 0, 0, 0.072697, 1.000000, 1916, 0, 0, 0, 0, 0, 45, 0
1777104420, 1, 0, 808, 806, 22, 7.68%, 0, 0, 2, 6.01, 16, 130, 0, 370, 103206, 38550, 0, 0.000, 0, 0, 0.073786, 1.000000, 1947, 0, 0, 0, 0, 0, 45, 0
1777104425, 1, 0, 808, 806, 22, 7.68%, 0, 0, 2, 6.47, 16, 130, 0, 370, 103206, 38550, 0, 0.000, 0, 0, 0.075013, 1.000000, 1982, 0, 0, 0, 0, 0, 45, 0
1777104430, 1, 0, 808, 806, 22, 7.68%, 0, 0, 2, 6.05, 16, 130, 0, 370, 103206, 38550, 0, 0.000, 0, 0, 0.076027, 1.000000, 2011, 0, 0, 0, 0, 0, 46, 0
1777104436, 1, 0, 808, 806, 22, 7.68%, 0, 0, 2, 6.19, 16, 130, 0, 370, 103206, 38550, 0, 0.000, 0, 0, 0.077179, 1.000000, 2044, 0, 0, 0, 0, 0, 46, 0
1777104441, 1, 0, 808, 806, 22, 7.68%, 0, 0, 2, 6.46, 16, 130, 0, 370, 103206, 38550, 0, 0.000, 0, 0, 0.077979, 1.000000, 2067, 0, 0, 0, 0, 0, 46, 0
1777104447, 1, 0, 808, 806, 22, 7.68%, 0, 0, 2, 6.06, 16, 130, 0, 370, 103206, 38550, 0, 0.000, 0, 0, 0.079022, 1.000000, 2097, 0, 0, 0, 0, 0, 46, 0
1777104452, 1, 0, 808, 806, 22, 7.68%, 0, 0, 2, 6.01, 16, 130, 0, 370, 103206, 38550, 0, 0.000, 0, 0, 0.080096, 1.000000, 2128, 0, 0, 0, 0, 0, 46, 0
1777104457, 1, 0, 809, 807, 22, 7.68%, 0, 0, 2, 6.36, 16, 130, 0, 370, 103206, 38550, 0, 0.000, 0, 0, 0.080927, 1.000000, 2152, 0, 0, 0, 0, 0, 46, 0
1777104462, 1, 0, 809, 807, 22, 7.68%, 0, 0, 2, 6.21, 16, 130, 0, 370, 103206, 38550, 0, 0.000, 0, 0, 0.081962, 1.000000, 2182, 0, 0, 0, 0, 0, 46, 0
1777104467, 1, 0, 809, 807, 22, 7.68%, 0, 0, 2, 6.03, 16, 130, 0, 370, 103206, 38550, 0, 0.000, 0, 0, 0.082858, 1.000000, 2208, 0, 0, 0, 0, 0, 46, 0
1777104472, 1, 0, 809, 807, 22, 7.68%, 0, 0, 2, 6.09, 16, 130, 0, 370, 103206, 38550, 0, 0.000, 0, 0, 0.083889, 1.000000, 2238, 0, 0, 0, 0, 0, 46, 0
1777104478, 1, 0, 809, 807, 22, 7.68%, 0, 0, 2, 5.18, 16, 130, 0, 370, 103206, 38550, 0, 0.000, 0, 0, 0.084644, 1.000000, 2260, 0, 0, 0, 0, 0, 46, 0
1777104483, 1, 0, 809, 807, 22, 7.68%, 0, 0, 2, 5.20, 16, 130, 0, 370, 103206, 38550, 0, 0.000, 0, 0, 0.085637, 1.000000, 2289, 0, 0, 0, 0, 0, 46, 0
1777104489, 1, 0, 809, 807, 22, 7.68%, 0, 0, 2, 5.76, 16, 130, 0, 370, 103206, 38550, 0, 0.000, 0, 0, 0.086697, 1.000000, 2320, 0, 0, 0, 0, 0, 46, 0
1777104494, 1, 0, 809, 807, 22, 7.68%, 0, 0, 2, 5.47, 16, 130, 0, 370, 103206, 38550, 0, 0.000, 0, 0, 0.087583, 1.000000, 2346, 0, 0, 0, 0, 0, 47, 0
1777104499, 1, 0, 809, 807, 22, 7.68%, 0, 0, 2, 5.90, 16, 130, 0, 370, 103206, 38550, 0, 0.000, 0, 0, 0.088638, 1.000000, 2377, 0, 0, 0, 0, 0, 47, 0
1777104504, 1, 0, 809, 807, 22, 7.68%, 0, 0, 2, 12.05, 16, 130, 0, 370, 103206, 38550, 0, 0.000, 0, 0, 0.089521, 1.000000, 2403, 0, 0, 0, 0, 0, 47, 0
1777104509, 1, 0, 809, 807, 22, 7.68%, 0, 0, 2, 7.97, 16, 130, 0, 370, 103206, 38550, 0, 0.000, 0, 0, 0.090503, 1.000000, 2432, 0, 0, 0, 0, 0, 47, 0
1777104514, 1, 0, 809, 807, 22, 7.68%, 0, 0, 2, 5.84, 16, 130, 0, 370, 103206, 38550, 0, 0.000, 0, 0, 0.091247, 1.000000, 2454, 0, 0, 0, 0, 0, 47, 0
1777104519, 1, 0, 809, 807, 22, 7.68%, 0, 0, 2, 5.65, 16, 130, 0, 370, 103206, 38550, 0, 0.000, 0, 0, 0.092226, 1.000000, 2483, 0, 0, 0, 0, 0, 47, 0
1777104524, 1, 0, 809, 807, 22, 7.68%, 0, 0, 2, 5.66, 16, 130, 0, 370, 103206, 38550, 0, 0.000, 0, 0, 0.093135, 1.000000, 2510, 0, 0, 0, 0, 0, 47, 0
1777104530, 1, 0, 809, 807, 22, 7.68%, 0, 0, 2, 5.47, 16, 130, 0, 370, 103206, 38550, 0, 0.000, 0, 0, 0.094077, 1.000000, 2538, 0, 0, 0, 0, 0, 48, 0
1777104535, 1, 0, 809, 807, 22, 7.68%, 0, 0, 2, 5.40, 16, 130, 0, 370, 103206, 38550, 0, 0.000, 0, 0, 0.094949, 1.000000, 2564, 0, 0, 0, 0, 0, 48, 0
1777104540, 1, 0, 809, 807, 22, 7.68%, 0, 0, 2, 5.78, 16, 130, 0, 370, 103206, 38550, 0, 0.000, 0, 0, 0.095853, 1.000000, 2591, 0, 0, 0, 0, 0, 48, 0
1777104545, 1, 0, 809, 807, 22, 7.68%, 0, 0, 2, 5.94, 16, 130, 0, 370, 103206, 38550, 0, 0.000, 0, 0, 0.096889, 1.000000, 2622, 0, 0, 0, 0, 0, 48, 0
1777104550, 1, 0, 809, 807, 22, 7.68%, 0, 0, 2, 4.60, 16, 130, 0, 370, 103206, 38550, 0, 0.000, 0, 0, 0.097622, 1.000000, 2644, 0, 0, 0, 0, 0, 48, 0
1777104556, 1, 0, 809, 807, 22, 7.68%, 0, 0, 2, 5.38, 16, 130, 0, 370, 103206, 38550, 0, 0.000, 0, 0, 0.098621, 1.000000, 2674, 0, 0, 0, 0, 0, 48, 0
1777104561, 1, 0, 809, 807, 22, 7.68%, 0, 0, 2, 5.29, 16, 130, 0, 370, 103206, 38550, 0, 0.000, 0, 0, 0.099484, 1.000000, 2700, 0, 0, 0, 0, 0, 48, 0
1777104566, 1, 0, 809, 807, 22, 7.68%, 0, 0, 2, 5.58, 16, 130, 0, 370, 103206, 38550, 0, 0.000, 0, 0, 0.100478, 1.000000, 2730, 0, 0, 0, 0, 0, 48, 0
1777104571, 1, 0, 809, 807, 22, 7.68%, 0, 0, 2, 5.65, 16, 130, 0, 370, 103206, 38550, 0, 0.000, 0, 0, 0.101405, 1.000000, 2758, 0, 0, 0, 0, 0, 49, 0
1777104577, 1, 0, 809, 807, 22, 7.68%, 0, 0, 2, 5.55, 16, 130, 0, 370, 103206, 38550, 0, 0.000, 0, 0, 0.102329, 1.000000, 2786, 0, 0, 0, 0, 0, 49, 0
1777104582, 1, 0, 809, 807, 22, 7.68%, 0, 0, 2, 3.36, 16, 130, 0, 370, 103206, 38550, 0, 0.000, 0, 0, 0.103119, 1.000000, 2810, 0, 0, 0, 0, 0, 49, 0
1777104587, 1, 0, 810, 808, 22, 7.68%, 0, 0, 2, 0.66, 16, 130, 0, 370, 103206, 38550, 0, 0.000, 0, 0, 0.103876, 0.664465, 2833, 0, 0, 0, 0, 0, 49, 0
1777104593, 1, 0, 810, 808, 22, 7.68%, 0, 0, 2, 6.69, 16, 130, 0, 370, 103206, 38550, 0, 0.000, 0, 0, 0.104827, 1.000000, 2862, 0, 0, 0, 0, 0, 49, 0
1777104598, 1, 0, 810, 808, 22, 7.68%, 0, 0, 2, 5.91, 16, 130, 0, 370, 103206, 38550, 0, 0.000, 0, 0, 0.105679, 1.000000, 2888, 0, 0, 0, 0, 0, 49, 0
1777104603, 1, 0, 810, 808, 22, 7.68%, 0, 0, 2, 5.64, 16, 130, 0, 370, 103206, 38550, 0, 0.000, 0, 0, 0.106627, 1.000000, 2917, 0, 0, 0, 0, 0, 49, 0
1777104608, 1, 0, 810, 808, 22, 7.68%, 0, 0, 2, 5.36, 16, 130, 0, 370, 103206, 38550, 0, 0.000, 0, 0, 0.107443, 1.000000, 2942, 0, 0, 0, 0, 0, 49, 0
1777104613, 1, 0, 810, 808, 22, 7.68%, 0, 0, 2, 5.40, 16, 130, 0, 370, 103206, 38550, 0, 0.000, 0, 0, 0.108355, 1.000000, 2970, 0, 0, 0, 0, 0, 49, 0
1777104618, 1, 0, 810, 808, 22, 7.68%, 0, 0, 2, 5.44, 16, 130, 0, 370, 103206, 38550, 0, 0.000, 0, 0, 0.109200, 1.000000, 2996, 0, 0, 0, 0, 0, 49, 0
1777104623, 1, 0, 810, 808, 22, 7.68%, 0, 0, 2, 5.48, 16, 130, 0, 370, 103206, 38550, 0, 0.000, 0, 0, 0.110108, 1.000000, 3024, 0, 0, 0, 0, 0, 49, 0
1777104629, 1, 0, 810, 808, 22, 7.68%, 0, 0, 2, 5.06, 16, 130, 0, 370, 103206, 38550, 0, 0.000, 0, 0, 0.110788, 1.000000, 3045, 0, 0, 0, 0, 0, 50, 0
1777104634, 1, 0, 811, 809, 22, 7.68%, 0, 0, 2, 5.60, 16, 130, 0, 370, 103206, 38550, 0, 0.000, 0, 0, 0.111467, 1.000000, 3066, 0, 0, 0, 0, 0, 50, 0
1777104639, 1, 0, 811, 809, 22, 7.68%, 0, 0, 2, 5.64, 16, 130, 0, 370, 103206, 38550, 0, 0.000, 0, 0, 0.112370, 1.000000, 3094, 0, 0, 0, 0, 0, 50, 0
1777104644, 1, 0, 812, 810, 22, 7.68%, 0, 0, 2, 5.56, 16, 130, 0, 370, 103206, 38550, 0, 0.000, 0, 0, 0.113240, 0.866761, 3121, 0, 0, 0, 0, 0, 50, 0
1777104650, 1, 0, 812, 810, 22, 7.68%, 0, 0, 2, 5.89, 16, 130, 0, 370, 103206, 38550, 0, 0.000, 0, 0, 0.114043, 1.000000, 3146, 0, 0, 0, 0, 0, 50, 0
1777104655, 1, 0, 812, 810, 22, 7.68%, 0, 0, 2, 6.20, 16, 130, 0, 370, 103206, 38550, 0, 0.000, 0, 0, 0.114878, 1.000000, 3172, 0, 0, 0, 0, 0, 50, 0
1777104660, 1, 0, 812, 810, 22, 7.68%, 0, 0, 2, 6.15, 16, 130, 0, 370, 103206, 38550, 0, 0.000, 0, 0, 0.115902, 1.000000, 3204, 0, 0, 0, 0, 0, 50, 0
1777104665, 1, 0, 812, 810, 22, 7.68%, 0, 0, 2, 5.25, 16, 130, 0, 370, 103206, 38550, 0, 0.000, 0, 0, 0.116605, 1.000000, 3226, 0, 0, 0, 0, 0, 50, 0
1777104671, 1, 0, 812, 810, 22, 7.68%, 0, 0, 2, 5.56, 16, 130, 0, 370, 103206, 38550, 0, 0.000, 0, 0, 0.117562, 1.000000, 3256, 0, 0, 0, 0, 0, 50, 0
1777104676, 1, 0, 812, 810, 22, 7.68%, 0, 0, 2, 5.63, 16, 130, 0, 370, 103206, 38550, 0, 0.000, 0, 0, 0.118453, 1.000000, 3284, 0, 0, 0, 0, 0, 50, 0
1777104681, 1, 0, 812, 810, 22, 7.68%, 0, 0, 2, 5.68, 16, 130, 0, 370, 103206, 38550, 0, 0.000, 0, 0, 0.119406, 1.000000, 3314, 0, 0, 0, 0, 0, 50, 0
1777104686, 1, 0, 812, 810, 22, 7.68%, 0, 0, 2, 5.69, 16, 130, 0, 370, 103206, 38550, 0, 0.000, 0, 0, 0.120230, 1.000000, 3340, 0, 0, 0, 0, 0, 51, 0
1777104691, 1, 0, 812, 810, 22, 7.68%, 0, 0, 2, 1.12, 16, 130, 0, 370, 103206, 38550, 0, 0.000, 0, 0, 0.121021, 1.000000, 3365, 0, 0, 0, 0, 0, 51, 0
1777104697, 1, 0, 812, 810, 22, 7.68%, 0, 0, 2, 5.74, 16, 130, 0, 370, 103206, 38550, 0, 0.000, 0, 0, 0.121937, 1.000000, 3394, 0, 0, 0, 0, 0, 51, 0
1777104702, 1, 0, 812, 810, 22, 7.68%, 0, 0, 2, 4.88, 16, 130, 0, 370, 103206, 38550, 0, 0.000, 0, 0, 0.122631, 1.000000, 3416, 0, 0, 0, 0, 0, 51, 0
1777104707, 1, 0, 812, 810, 22, 7.68%, 0, 0, 2, 5.22, 16, 130, 0, 370, 103206, 38550, 0, 0.000, 0, 0, 0.123512, 1.000000, 3444, 0, 0, 0, 0, 0, 51, 0
1777104712, 1, 0, 812, 810, 22, 7.68%, 0, 0, 2, 5.41, 16, 130, 0, 370, 103206, 38550, 0, 0.000, 0, 0, 0.124328, 1.000000, 3470, 0, 0, 0, 0, 0, 51, 0
1777104717, 1, 0, 812, 810, 22, 7.68%, 0, 0, 2, 5.77, 16, 130, 0, 370, 103206, 38550, 0, 0.000, 0, 0, 0.125268, 1.000000, 3500, 0, 0, 0, 0, 0, 51, 0
1777104722, 1, 0, 812, 810, 22, 7.68%, 0, 0, 2, 5.57, 16, 130, 0, 370, 103206, 38550, 0, 0.000, 0, 0, 0.126082, 1.000000, 3526, 0, 0, 0, 0, 0, 52, 0
1777104727, 1, 0, 812, 810, 22, 7.68%, 0, 0, 2, 5.93, 16, 130, 0, 370, 103206, 38550, 0, 0.000, 0, 0, 0.127049, 1.000000, 3557, 0, 0, 0, 0, 0, 52, 0
1777104732, 1, 0, 812, 810, 22, 7.68%, 0, 0, 2, 5.87, 16, 130, 0, 370, 103206, 38550, 0, 0.000, 0, 0, 0.127890, 1.000000, 3584, 0, 0, 0, 0, 0, 52, 0
1777104737, 1, 0, 812, 810, 22, 7.68%, 0, 0, 2, 5.88, 16, 130, 0, 370, 103206, 38550, 0, 0.000, 0, 0, 0.128823, 1.000000, 3614, 0, 0, 0, 0, 0, 52, 0
1777104743, 1, 0, 812, 810, 22, 7.68%, 0, 0, 2, 6.35, 16, 130, 0, 370, 103206, 38550, 0, 0.000, 0, 0, 0.129537, 1.000000, 3637, 0, 0, 0, 0, 0, 52, 0
1777104748, 1, 0, 812, 810, 22, 7.68%, 0, 0, 2, 5.54, 16, 130, 0, 370, 103206, 38550, 0, 0.000, 0, 0, 0.130404, 1.000000, 3665, 0, 0, 0, 0, 0, 52, 0
1777104753, 1, 0, 812, 810, 22, 7.68%, 0, 0, 2, 5.59, 16, 130, 0, 370, 103206, 38550, 0, 0.000, 0, 0, 0.131300, 1.000000, 3694, 0, 0, 0, 0, 0, 52, 0
1777104759, 1, 0, 812, 810, 22, 7.68%, 0, 0, 2, 5.59, 16, 130, 0, 370, 103206, 38550, 0, 0.000, 0, 0, 0.132164, 1.000000, 3722, 0, 0, 0, 0, 0, 53, 0
1777104764, 1, 0, 812, 810, 22, 7.68%, 0, 0, 2, 5.61, 16, 130, 0, 370, 103206, 38550, 0, 0.000, 0, 0, 0.133087, 1.000000, 3752, 0, 0, 0, 0, 0, 53, 0
1777104769, 1, 0, 812, 810, 22, 7.68%, 0, 0, 2, 5.99, 16, 130, 0, 370, 103206, 38550, 0, 0.000, 0, 0, 0.133886, 1.000000, 3778, 0, 0, 0, 0, 0, 53, 0
1777104774, 1, 0, 812, 810, 22, 7.68%, 0, 0, 2, 5.72, 16, 130, 0, 370, 103206, 38550, 0, 0.000, 0, 0, 0.134745, 1.000000, 3806, 0, 0, 0, 0, 0, 53, 0
1777104779, 1, 0, 812, 810, 22, 7.68%, 0, 0, 2, 4.73, 16, 130, 0, 370, 103206, 38550, 0, 0.000, 0, 0, 0.135388, 1.000000, 3827, 0, 0, 0, 0, 0, 53, 0
1777104784, 1, 0, 812, 810, 22, 7.68%, 0, 0, 2, 5.13, 16, 130, 0, 370, 103206, 38550, 0, 0.000, 0, 0, 0.136213, 1.000000, 3854, 0, 0, 0, 0, 0, 53, 0
1777104790, 1, 0, 812, 810, 22, 7.68%, 0, 0, 2, 5.48, 16, 130, 0, 370, 103206, 38550, 0, 0.000, 0, 0, 0.137067, 1.000000, 3882, 0, 0, 0, 0, 0, 53, 0
1777104795, 1, 0, 813, 811, 22, 7.68%, 0, 0, 2, 5.63, 16, 130, 0, 370, 103206, 38550, 0, 0.000, 0, 0, 0.137736, 1.000000, 3904, 0, 0, 0, 0, 0, 53, 0
1777104800, 1, 0, 813, 811, 22, 7.68%, 0, 0, 2, 5.35, 16, 130, 0, 370, 103206, 38550, 0, 0.000, 0, 0, 0.138527, 1.000000, 3930, 0, 0, 0, 0, 0, 53, 0
1777104806, 1, 0, 813, 811, 22, 7.68%, 0, 0, 2, 1.11, 16, 130, 0, 370, 103206, 38550, 0, 0.000, 0, 0, 0.139346, 1.000000, 3957, 0, 0, 0, 0, 0, 53, 0
1777104811, 1, 0, 813, 811, 22, 7.68%, 0, 0, 2, 3.98, 16, 130, 0, 370, 103206, 38550, 0, 0.000, 0, 0, 0.140224, 1.000000, 3986, 0, 0, 0, 0, 0, 53, 0
1777104816, 1, 0, 813, 811, 22, 7.68%, 0, 0, 2, 5.45, 16, 130, 0, 370, 103206, 38550, 0, 0.000, 0, 0, 0.140919, 1.000000, 4009, 0, 0, 0, 0, 0, 53, 0
1777104821, 1, 0, 813, 811, 22, 7.68%, 0, 0, 2, 5.47, 16, 130, 0, 370, 103206, 38550, 0, 0.000, 0, 0, 0.141764, 1.000000, 4037, 0, 0, 0, 0, 0, 53, 0
1777104826, 1, 0, 813, 811, 22, 7.68%, 0, 0, 2, 5.25, 16, 130, 0, 370, 103206, 38550, 0, 0.000, 0, 0, 0.142516, 1.000000, 4062, 0, 0, 0, 0, 0, 53, 0
1777104832, 1, 0, 813, 811, 22, 7.68%, 0, 0, 2, 5.95, 16, 130, 0, 370, 103206, 38550, 0, 0.000, 0, 0, 0.143478, 1.000000, 4094, 0, 0, 0, 0, 0, 54, 0
1777104837, 1, 0, 813, 811, 22, 7.68%, 0, 0, 2, 5.63, 16, 130, 0, 370, 103206, 38550, 0, 0.000, 0, 0, 0.144258, 1.000000, 4120, 0, 0, 0, 0, 0, 54, 0
1777104842, 1, 0, 813, 811, 22, 7.68%, 0, 0, 2, 5.67, 16, 130, 0, 370, 103206, 38550, 0, 0.000, 0, 0, 0.145126, 1.000000, 4149, 0, 0, 0, 0, 0, 54, 0
1777104847, 1, 0, 813, 811, 22, 7.68%, 0, 0, 2, 5.68, 16, 130, 0, 370, 103206, 38550, 0, 0.000, 0, 0, 0.145873, 1.000000, 4174, 0, 0, 0, 0, 0, 54, 0
1777104852, 1, 0, 813, 811, 22, 7.68%, 0, 0, 2, 5.82, 16, 130, 0, 370, 103206, 38550, 0, 0.000, 0, 0, 0.146767, 1.000000, 4204, 0, 0, 0, 0, 0, 54, 0
1777104857, 1, 0, 813, 811, 22, 7.68%, 0, 0, 2, 6.13, 16, 130, 0, 370, 103206, 38550, 0, 0.000, 0, 0, 0.147422, 1.000000, 4226, 0, 0, 0, 0, 0, 54, 0
1777104862, 1, 0, 813, 811, 22, 7.68%, 0, 0, 2, 5.78, 16, 130, 0, 370, 103206, 38550, 0, 0.000, 0, 0, 0.148254, 1.000000, 4254, 0, 0, 0, 0, 0, 54, 0
1777104868, 1, 0, 813, 811, 22, 7.68%, 0, 0, 2, 5.61, 16, 130, 0, 370, 103206, 38550, 0, 0.000, 0, 0, 0.149025, 1.000000, 4280, 0, 0, 0, 0, 0, 54, 0
1777104873, 1, 0, 813, 811, 22, 7.68%, 0, 0, 2, 5.41, 16, 130, 0, 370, 103206, 38550, 0, 0.000, 0, 0, 0.149824, 1.000000, 4307, 0, 0, 0, 0, 0, 55, 0
1777104878, 1, 0, 813, 811, 22, 7.68%, 0, 0, 2, 5.63, 16, 130, 0, 370, 103206, 38550, 0, 0.000, 0, 0, 0.150681, 1.000000, 4336, 0, 0, 0, 0, 0, 55, 0
1777105007, 2, 0, 813, 811, 1, 7.68%, 0, 0, 2, 0.02, 16, 130, 1, 371, 105446, 38638, 0, 0.000, 0, 0, 0.151418, 1.000000, 4361, 0, 0, 0, 0, 0, 55, 0
1777105012, 2, 0, 814, 812, 1, 7.69%, 0, 0, 2, 6.06, 16, 130, 1, 371, 105446, 38638, 0, 0.000, 0, 0, 0.152007, 1.000000, 4381, 0, 0, 0, 0, 0, 55, 0
1777105017, 2, 0, 814, 812, 1, 7.69%, 0, 0, 2, 5.59, 16, 130, 1, 371, 105446, 38638, 0, 0.000, 0, 0, 0.152625, 1.000000, 4402, 0, 0, 0, 0, 0, 55, 0
1777105022, 2, 0, 814, 812, 1, 7.69%, 0, 0, 2, 5.59, 16, 130, 1, 371, 105446, 38638, 0, 0.000, 0, 0, 0.153505, 1.000000, 4432, 0, 0, 0, 0, 0, 55, 0
1777105027, 2, 0, 814, 812, 1, 7.69%, 0, 0, 2, 5.65, 16, 130, 1, 371, 105446, 38638, 0, 0.000, 0, 0, 0.154296, 1.000000, 4459, 0, 0, 0, 0, 0, 55, 0
1777105032, 2, 0, 814, 812, 1, 7.69%, 0, 0, 2, 5.67, 16, 130, 1, 371, 105446, 38638, 0, 0.000, 0, 0, 0.155173, 1.000000, 4489, 0, 0, 0, 0, 0, 55, 0
1777105037, 2, 0, 814, 812, 1, 7.69%, 0, 0, 2, 5.38, 16, 130, 1, 371, 105446, 38638, 0, 0.000, 0, 0, 0.155902, 1.000000, 4514, 0, 0, 0, 0, 0, 55, 0
1777105043, 2, 0, 814, 812, 1, 7.69%, 0, 0, 2, 5.62, 16, 130, 1, 371, 105446, 38638, 0, 0.000, 0, 0, 0.156776, 1.000000, 4544, 0, 0, 0, 0, 0, 55, 0
1777105048, 2, 0, 814, 812, 1, 7.69%, 0, 0, 2, 6.49, 16, 130, 1, 371, 105446, 38638, 0, 0.000, 0, 0, 0.157474, 1.000000, 4568, 0, 0, 0, 0, 0, 56, 0
1777105053, 2, 0, 814, 812, 1, 7.69%, 0, 0, 2, 5.81, 16, 130, 1, 371, 105446, 38638, 0, 0.000, 0, 0, 0.158286, 1.000000, 4596, 0, 0, 0, 0, 0, 56, 0
1777105058, 2, 0, 815, 813, 1, 7.69%, 0, 0, 2, 6.11, 16, 130, 1, 371, 105446, 38638, 0, 0.000, 0, 0, 0.158750, 1.000000, 4612, 0, 0, 0, 0, 0, 56, 0
1777105063, 2, 0, 816, 814, 1, 7.70%, 0, 0, 2, 5.66, 16, 130, 1, 371, 105446, 38638, 0, 0.000, 0, 0, 0.159357, 1.000000, 4633, 0, 0, 0, 0, 0, 56, 0
1777105069, 2, 0, 816, 814, 1, 7.70%, 0, 0, 2, 5.31, 16, 130, 1, 371, 105446, 38638, 0, 0.000, 0, 0, 0.160137, 1.000000, 4660, 0, 0, 0, 0, 0, 56, 0
1777105074, 2, 0, 817, 815, 1, 7.70%, 0, 0, 2, 5.51, 16, 130, 1, 371, 105446, 38638, 0, 0.000, 0, 0, 0.160714, 1.000000, 4680, 0, 0, 0, 0, 0, 56, 0
1777105079, 2, 0, 817, 815, 1, 7.70%, 0, 0, 2, 5.69, 16, 130, 1, 371, 105446, 38638, 0, 0.000, 0, 0, 0.161607, 1.000000, 4711, 0, 0, 0, 0, 0, 56, 0
1777105084, 2, 0, 817, 815, 1, 7.70%, 0, 0, 2, 2.61, 16, 130, 1, 371, 105446, 38638, 0, 0.000, 0, 0, 0.162325, 1.000000, 4736, 0, 0, 0, 0, 0, 56, 0
1777105089, 2, 0, 817, 815, 1, 7.70%, 0, 0, 2, 4.93, 16, 130, 1, 371, 105446, 38638, 0, 0.000, 0, 0, 0.163186, 1.000000, 4766, 0, 0, 0, 0, 0, 56, 0
1777105095, 2, 0, 817, 815, 1, 7.70%, 0, 0, 2, 5.31, 16, 130, 1, 371, 105446, 38638, 0, 0.000, 0, 0, 0.163758, 1.000000, 4786, 0, 0, 0, 0, 0, 56, 0
1777105100, 2, 0, 817, 815, 1, 7.70%, 0, 0, 2, 5.44, 16, 130, 1, 371, 105446, 38638, 0, 0.000, 0, 0, 0.164616, 1.000000, 4816, 0, 0, 0, 0, 0, 56, 0
1777105105, 2, 0, 817, 815, 1, 7.70%, 0, 0, 2, 5.49, 16, 130, 1, 371, 105446, 38638, 0, 0.000, 0, 0, 0.165358, 1.000000, 4842, 0, 0, 0, 0, 0, 56, 0
1777105110, 2, 0, 817, 815, 1, 7.70%, 0, 0, 2, 5.42, 16, 130, 1, 371, 105446, 38638, 0, 0.000, 0, 0, 0.166155, 1.000000, 4870, 0, 0, 0, 0, 0, 57, 0
1777105115, 2, 0, 817, 815, 1, 7.70%, 0, 0, 2, 5.47, 16, 130, 1, 371, 105446, 38638, 0, 0.000, 0, 0, 0.166894, 1.000000, 4896, 0, 0, 0, 0, 0, 57, 0
1777105120, 2, 0, 817, 815, 1, 7.70%, 0, 0, 2, 5.55, 16, 130, 1, 371, 105446, 38638, 0, 0.000, 0, 0, 0.167688, 1.000000, 4924, 0, 0, 0, 0, 0, 57, 0
1777105126, 2, 0, 817, 815, 1, 7.70%, 0, 0, 2, 5.60, 16, 130, 1, 371, 105446, 38638, 0, 0.000, 0, 0, 0.168368, 1.000000, 4948, 0, 0, 0, 0, 0, 57, 0
1777105132, 2, 0, 817, 815, 1, 7.70%, 0, 0, 2, 0.65, 16, 130, 1, 371, 105446, 38638, 0, 0.000, 0, 0, 0.169131, 1.000000, 4975, 0, 0, 0, 0, 0, 57, 0
1777105137, 2, 0, 817, 815, 1, 7.70%, 0, 0, 2, 6.01, 16, 130, 1, 371, 105446, 38638, 0, 0.000, 0, 0, 0.169978, 1.000000, 5005, 0, 0, 0, 0, 0, 57, 0
1777105142, 2, 0, 817, 815, 1, 7.70%, 0, 0, 2, 5.73, 16, 130, 1, 371, 105446, 38638, 0, 0.000, 0, 0, 0.170738, 1.000000, 5032, 0, 0, 0, 0, 0, 57, 0
1777105147, 2, 0, 817, 815, 1, 7.70%, 0, 0, 2, 5.81, 16, 130, 1, 371, 105446, 38638, 0, 0.000, 0, 0, 0.171582, 1.000000, 5062, 0, 0, 0, 0, 0, 57, 0
1777105152, 2, 0, 817, 815, 1, 7.70%, 0, 0, 2, 5.24, 16, 130, 1, 371, 105446, 38638, 0, 0.000, 0, 0, 0.172255, 1.000000, 5086, 0, 0, 0, 0, 0, 58, 0
1777105157, 2, 0, 817, 815, 1, 7.70%, 0, 0, 2, 5.32, 16, 130, 1, 371, 105446, 38638, 0, 0.000, 0, 0, 0.173039, 1.000000, 5114, 0, 0, 0, 0, 0, 58, 0
1777105162, 2, 0, 817, 815, 1, 7.70%, 0, 0, 2, 2.73, 16, 130, 1, 371, 105446, 38638, 0, 0.000, 0, 0, 0.173710, 1.000000, 5138, 0, 0, 0, 0, 0, 58, 0
1777105167, 2, 0, 817, 815, 1, 7.70%, 0, 0, 2, 4.73, 16, 130, 1, 371, 105446, 38638, 0, 0.000, 0, 0, 0.174547, 1.000000, 5168, 0, 0, 0, 0, 0, 58, 0
1777105173, 2, 0, 817, 815, 1, 7.70%, 0, 0, 2, 5.08, 16, 130, 1, 371, 105446, 38638, 0, 0.000, 0, 0, 0.175160, 1.000000, 5190, 0, 0, 0, 0, 0, 58, 0
1777105178, 2, 0, 817, 815, 1, 7.70%, 0, 0, 2, 5.62, 16, 130, 1, 371, 105446, 38638, 0, 0.000, 0, 0, 0.175995, 1.000000, 5220, 0, 0, 0, 0, 0, 58, 0
1777105183, 2, 0, 817, 815, 1, 7.70%, 0, 0, 2, 5.51, 16, 130, 1, 371, 105446, 38638, 0, 0.000, 0, 0, 0.176716, 1.000000, 5246, 0, 0, 0, 0, 0, 58, 0
1777105188, 2, 0, 818, 816, 1, 7.70%, 0, 0, 2, 5.30, 16, 130, 1, 371, 105446, 38638, 0, 0.000, 0, 0, 0.177354, 0.664465, 5269, 0, 0, 0, 0, 0, 59, 0
1777105194, 2, 0, 818, 816, 1, 7.70%, 0, 0, 2, 5.46, 16, 130, 1, 371, 105446, 38638, 0, 0.000, 0, 0, 0.178101, 1.000000, 5296, 0, 0, 0, 0, 0, 59, 0
1777105199, 2, 0, 818, 816, 1, 7.70%, 0, 0, 2, 1.58, 16, 130, 1, 371, 105446, 38638, 0, 0.000, 0, 0, 0.178791, 1.000000, 5321, 0, 0, 0, 0, 0, 59, 0
1777105204, 2, 0, 818, 816, 1, 7.70%, 0, 0, 2, 4.38, 16, 130, 1, 371, 105446, 38638, 0, 0.000, 0, 0, 0.179618, 1.000000, 5351, 0, 0, 0, 0, 0, 59, 0
1777105209, 2, 0, 818, 816, 1, 7.70%, 0, 0, 2, 5.21, 16, 130, 1, 371, 105446, 38638, 0, 0.000, 0, 0, 0.180251, 1.000000, 5374, 0, 0, 0, 0, 0, 59, 0
1777105214, 2, 0, 818, 816, 1, 7.70%, 0, 0, 2, 5.49, 16, 130, 1, 371, 105446, 38638, 0, 0.000, 0, 0, 0.181047, 1.000000, 5403, 0, 0, 0, 0, 0, 59, 0
1777105220, 2, 0, 819, 817, 1, 7.70%, 0, 0, 2, 5.18, 16, 130, 1, 371, 105446, 38638, 0, 0.000, 0, 0, 0.181514, 1.000000, 5420, 0, 0, 0, 0, 0, 59, 0
1777105225, 2, 0, 820, 818, 1, 7.70%, 0, 0, 2, 5.60, 16, 130, 1, 371, 105446, 38638, 0, 0.000, 0, 0, 0.182116, 1.000000, 5442, 0, 0, 0, 0, 0, 59, 0
1777105230, 2, 0, 820, 818, 1, 7.70%, 0, 0, 2, 5.77, 16, 130, 1, 371, 105446, 38638, 0, 0.000, 0, 0, 0.182855, 1.000000, 5469, 0, 0, 0, 0, 0, 59, 0
1777105235, 2, 0, 820, 818, 1, 7.70%, 0, 0, 2, 5.42, 16, 130, 1, 371, 105446, 38638, 0, 0.000, 0, 0, 0.183619, 1.000000, 5497, 0, 0, 0, 0, 0, 59, 0
1777105241, 2, 0, 820, 818, 1, 7.70%, 0, 0, 2, 5.80, 16, 130, 1, 371, 105446, 38638, 0, 0.000, 0, 0, 0.184300, 1.000000, 5522, 0, 0, 0, 0, 0, 59, 0
1777105247, 2, 0, 820, 818, 1, 7.70%, 0, 0, 2, 0.66, 16, 130, 1, 371, 105446, 38638, 0, 0.000, 0, 0, 0.185089, 1.000000, 5551, 0, 0, 0, 0, 0, 59, 0
1777105252, 2, 0, 820, 818, 1, 7.70%, 0, 0, 2, 6.02, 16, 130, 1, 371, 105446, 38638, 0, 0.000, 0, 0, 0.185930, 1.000000, 5582, 0, 0, 0, 0, 0, 59, 0
1777105257, 2, 0, 820, 818, 1, 7.70%, 0, 0, 2, 5.69, 16, 130, 1, 371, 105446, 38638, 0, 0.000, 0, 0, 0.186635, 1.000000, 5608, 0, 0, 0, 0, 0, 59, 0
1777105262, 2, 0, 821, 819, 1, 7.71%, 0, 0, 2, 5.73, 16, 130, 1, 371, 105446, 38638, 0, 0.000, 0, 0, 0.187230, 1.000000, 5630, 0, 0, 0, 0, 0, 59, 0
1777105267, 2, 0, 821, 819, 1, 7.71%, 0, 0, 2, 5.47, 16, 130, 1, 371, 105446, 38638, 0, 0.000, 0, 0, 0.187905, 1.000000, 5655, 0, 0, 0, 0, 0, 59, 0
1777105272, 2, 0, 821, 819, 1, 7.71%, 0, 0, 2, 5.55, 16, 130, 1, 371, 105446, 38638, 0, 0.000, 0, 0, 0.188687, 1.000000, 5684, 0, 0, 0, 0, 0, 59, 0
1777105278, 2, 0, 821, 819, 1, 7.71%, 0, 0, 2, 5.82, 16, 130, 1, 371, 105446, 38638, 0, 0.000, 0, 0, 0.189440, 1.000000, 5712, 0, 0, 0, 0, 0, 59, 0
1777105283, 2, 0, 821, 819, 1, 7.71%, 0, 0, 2, 5.80, 16, 130, 1, 371, 105446, 38638, 0, 0.000, 0, 0, 0.190246, 1.000000, 5742, 0, 0, 0, 0, 0, 59, 0
1777105288, 2, 0, 821, 819, 1, 7.71%, 0, 0, 2, 5.16, 16, 130, 1, 371, 105446, 38638, 0, 0.000, 0, 0, 0.190836, 1.000000, 5764, 0, 0, 0, 0, 0, 59, 0
1777105294, 2, 0, 821, 819, 1, 7.71%, 0, 0, 2, 5.31, 16, 130, 1, 371, 105446, 38638, 0, 0.000, 0, 0, 0.191612, 1.000000, 5793, 0, 0, 0, 0, 0, 59, 0
1777105299, 2, 0, 821, 819, 1, 7.71%, 0, 0, 2, 5.32, 16, 130, 1, 371, 105446, 38638, 0, 0.000, 0, 0, 0.192333, 1.000000, 5820, 0, 0, 0, 0, 0, 59, 0
1777105304, 2, 0, 821, 819, 1, 7.71%, 0, 0, 2, 5.49, 16, 130, 1, 371, 105446, 38638, 0, 0.000, 0, 0, 0.193053, 1.000000, 5847, 0, 0, 0, 0, 0, 60, 0
1777105309, 2, 0, 821, 819, 1, 7.71%, 0, 0, 2, 5.53, 16, 130, 1, 371, 105446, 38638, 0, 0.000, 0, 0, 0.193825, 1.000000, 5876, 0, 0, 0, 0, 0, 60, 0
1777105314, 2, 0, 821, 819, 1, 7.71%, 0, 0, 2, 2.47, 16, 130, 1, 371, 105446, 38638, 0, 0.000, 0, 0, 0.194516, 1.000000, 5902, 0, 0, 0, 0, 0, 60, 0
1777105320, 2, 0, 821, 819, 1, 7.71%, 0, 0, 2, 4.79, 16, 130, 1, 371, 105446, 38638, 0, 0.000, 0, 0, 0.195311, 1.000000, 5932, 0, 0, 0, 0, 0, 60, 0
1777105325, 2, 0, 821, 819, 1, 7.71%, 0, 0, 2, 5.07, 16, 130, 1, 371, 105446, 38638, 0, 0.000, 0, 0, 0.195894, 1.000000, 5954, 0, 0, 0, 0, 0, 60, 0
1777105330, 2, 0, 821, 819, 1, 7.71%, 0, 0, 2, 5.56, 16, 130, 1, 371, 105446, 38638, 0, 0.000, 0, 0, 0.196687, 1.000000, 5984, 0, 0, 0, 0, 0, 60, 0
1777105335, 2, 0, 821, 819, 1, 7.71%, 0, 0, 2, 5.29, 16, 130, 1, 371, 105446, 38638, 0, 0.000, 0, 0, 0.197346, 1.000000, 6009, 0, 0, 0, 0, 0, 60, 0
1777105340, 2, 0, 821, 819, 1, 7.71%, 0, 0, 2, 5.78, 16, 130, 1, 371, 105446, 38638, 0, 0.000, 0, 0, 0.198163, 1.000000, 6040, 0, 0, 0, 0, 0, 61, 0
1777105346, 2, 0, 822, 820, 1, 7.71%, 0, 0, 2, 5.81, 16, 130, 1, 371, 105446, 38638, 0, 0.000, 0, 0, 0.198689, 1.000000, 6060, 0, 0, 0, 0, 0, 61, 0
1777105351, 2, 0, 822, 820, 1, 7.71%, 0, 0, 2, 6.39, 16, 130, 1, 371, 105446, 38638, 0, 0.000, 0, 0, 0.199397, 1.000000, 6087, 0, 0, 0, 0, 0, 61, 0
1777105356, 2, 0, 822, 820, 1, 7.71%, 0, 0, 2, 6.27, 16, 130, 1, 371, 105446, 38638, 0, 0.000, 0, 0, 0.200209, 1.000000, 6118, 0, 0, 0, 0, 0, 61, 0
1777105361, 2, 0, 822, 820, 1, 7.71%, 0, 0, 2, 5.02, 16, 130, 1, 371, 105446, 38638, 0, 0.000, 0, 0, 0.200785, 1.000000, 6140, 0, 0, 0, 0, 0, 61, 0
1777105366, 2, 0, 822, 820, 1, 7.71%, 0, 0, 2, 5.59, 16, 130, 1, 371, 105446, 38638, 0, 0.000, 0, 0, 0.201568, 1.000000, 6170, 0, 0, 0, 0, 0, 61, 0
1777105371, 2, 0, 822, 820, 1, 7.71%, 0, 0, 2, 5.38, 16, 130, 1, 371, 105446, 38638, 0, 0.000, 0, 0, 0.202246, 1.000000, 6196, 0, 0, 0, 0, 0, 61, 0
1777105377, 2, 0, 822, 820, 1, 7.71%, 0, 0, 2, 5.66, 16, 130, 1, 371, 105446, 38638, 0, 0.000, 0, 0, 0.203026, 1.000000, 6226, 0, 0, 0, 0, 0, 61, 0
1777105382, 2, 0, 822, 820, 1, 7.71%, 0, 0, 2, 5.39, 16, 130, 1, 371, 105446, 38638, 0, 0.000, 0, 0, 0.203701, 1.000000, 6252, 0, 0, 0, 0, 0, 61, 0
1777105387, 2, 0, 822, 820, 1, 7.71%, 0, 0, 2, 5.49, 16, 130, 1, 371, 105446, 38638, 0, 0.000, 0, 0, 0.204479, 1.000000, 6282, 0, 0, 0, 0, 0, 62, 0
1777105392, 2, 0, 822, 820, 1, 7.71%, 0, 0, 2, 6.56, 16, 130, 1, 371, 105446, 38638, 0, 0.000, 0, 0, 0.205203, 1.000000, 6310, 0, 0, 0, 0, 0, 62, 0
1777105398, 2, 0, 822, 820, 1, 7.71%, 0, 0, 2, 0.67, 16, 130, 1, 371, 105446, 38638, 0, 0.000, 0, 0, 0.205849, 1.000000, 6335, 0, 0, 0, 0, 0, 62, 0
1777105403, 2, 0, 822, 820, 1, 7.71%, 0, 0, 2, 5.30, 16, 130, 1, 371, 105446, 38638, 0, 0.000, 0, 0, 0.206597, 1.000000, 6364, 0, 0, 0, 0, 0, 62, 0
1777105409, 2, 0, 822, 820, 1, 7.71%, 0, 0, 2, 5.10, 16, 130, 1, 371, 105446, 38638, 0, 0.000, 0, 0, 0.207214, 1.000000, 6388, 0, 0, 0, 0, 0, 62, 0
1777105414, 2, 0, 822, 820, 1, 7.71%, 0, 0, 2, 5.41, 16, 130, 1, 371, 105446, 38638, 0, 0.000, 0, 0, 0.207934, 1.000000, 6416, 0, 0, 0, 0, 0, 62, 0
1777105419, 2, 0, 822, 820, 1, 7.71%, 0, 0, 2, 5.52, 16, 130, 1, 371, 105446, 38638, 0, 0.000, 0, 0, 0.208652, 1.000000, 6444, 0, 0, 0, 0, 0, 62, 0
1777105424, 2, 0, 822, 820, 1, 7.71%, 0, 0, 2, 5.55, 16, 130, 1, 371, 105446, 38638, 0, 0.000, 0, 0, 0.209369, 1.000000, 6472, 0, 0, 0, 0, 0, 63, 0
1777105429, 2, 0, 823, 821, 1, 7.71%, 0, 0, 2, 2.55, 16, 130, 1, 371, 105446, 38638, 0, 0.000, 0, 0, 0.209778, 1.000000, 6488, 0, 0, 0, 0, 0, 63, 0
1777105434, 2, 0, 823, 821, 1, 7.71%, 0, 0, 2, 4.41, 16, 130, 1, 371, 105446, 38638, 0, 0.000, 0, 0, 0.210492, 1.000000, 6516, 0, 0, 0, 0, 0, 63, 0
1777105439, 2, 0, 823, 821, 1, 7.71%, 0, 0, 2, 5.91, 16, 130, 1, 371, 105446, 38638, 0, 0.000, 0, 0, 0.211028, 1.000000, 6537, 0, 0, 0, 0, 0, 63, 0
1777105444, 2, 0, 823, 821, 1, 7.71%, 0, 0, 2, 5.92, 16, 130, 1, 371, 105446, 38638, 0, 0.000, 0, 0, 0.211791, 1.000000, 6567, 0, 0, 0, 0, 0, 63, 0
1777105450, 2, 0, 824, 822, 1, 7.71%, 0, 0, 2, 5.54, 16, 130, 1, 371, 105446, 38638, 0, 0.000, 0, 0, 0.212223, 1.000000, 6584, 0, 0, 0, 0, 0, 63, 0
1777105455, 2, 0, 824, 822, 1, 7.71%, 0, 0, 2, 5.65, 16, 130, 1, 371, 105446, 38638, 0, 0.000, 0, 0, 0.212958, 1.000000, 6613, 0, 0, 0, 0, 0, 63, 0
1777105460, 2, 0, 824, 822, 1, 7.71%, 0, 0, 2, 5.62, 16, 130, 1, 371, 105446, 38638, 0, 0.000, 0, 0, 0.213642, 1.000000, 6640, 0, 0, 0, 0, 0, 63, 0
1777105465, 2, 0, 824, 822, 1, 7.71%, 0, 0, 2, 5.38, 16, 130, 1, 371, 105446, 38638, 0, 0.000, 0, 0, 0.214350, 1.000000, 6668, 0, 0, 0, 0, 0, 63, 0
1777105470, 2, 0, 825, 823, 1, 7.71%, 0, 0, 2, 5.65, 16, 130, 1, 371, 105446, 38638, 0, 0.000, 0, 0, 0.214880, 0.806954, 6689, 0, 0, 0, 0, 0, 63, 0
1777105476, 2, 0, 825, 823, 1, 7.71%, 0, 0, 2, 0.65, 16, 130, 1, 371, 105446, 38638, 0, 0.000, 0, 0, 0.215434, 1.000000, 6711, 0, 0, 0, 0, 0, 63, 0
1777105481, 2, 0, 826, 824, 1, 7.71%, 0, 0, 2, 5.43, 16, 131, 1, 371, 105446, 38638, 0, 0.000, 0, 0, 0.215938, 1.000000, 6731, 0, 0, 0, 0, 0, 63, 0
1777105486, 2, 0, 826, 824, 1, 7.71%, 0, 0, 2, 5.12, 16, 131, 1, 371, 105446, 38638, 0, 0.000, 0, 0, 0.216566, 1.000000, 6756, 0, 0, 0, 0, 0, 63, 0
1777105492, 2, 0, 826, 824, 1, 7.71%, 0, 0, 2, 5.73, 16, 131, 1, 371, 105446, 38638, 0, 0.000, 0, 0, 0.217344, 1.000000, 6787, 0, 0, 0, 0, 0, 63, 0
1777105497, 2, 0, 826, 824, 1, 7.71%, 0, 0, 2, 5.28, 16, 131, 1, 371, 105446, 38638, 0, 0.000, 0, 0, 0.217970, 1.000000, 6812, 0, 0, 0, 0, 0, 63, 0
1777105502, 2, 0, 826, 824, 1, 7.71%, 0, 0, 2, 5.32, 16, 131, 1, 371, 105446, 38638, 0, 0.000, 0, 0, 0.218670, 1.000000, 6840, 0, 0, 0, 0, 0, 63, 0
1777105507, 2, 0, 826, 824, 1, 7.71%, 0, 0, 2, 6.44, 16, 131, 1, 371, 105446, 38638, 0, 0.000, 0, 0, 0.219269, 1.000000, 6864, 0, 0, 0, 0, 0, 63, 0
1777105512, 2, 0, 826, 824, 1, 7.71%, 0, 0, 2, 5.65, 16, 131, 1, 371, 105446, 38638, 0, 0.000, 0, 0, 0.219967, 1.000000, 6892, 0, 0, 0, 0, 0, 63, 0
1777105517, 2, 0, 826, 824, 1, 7.71%, 0, 0, 2, 5.42, 16, 131, 1, 371, 105446, 38638, 0, 0.000, 0, 0, 0.220514, 1.000000, 6914, 0, 0, 0, 0, 0, 64, 0
1777105523, 2, 0, 826, 824, 1, 7.71%, 0, 0, 2, 5.60, 16, 131, 1, 371, 105446, 38638, 0, 0.000, 0, 0, 0.221234, 1.000000, 6943, 0, 0, 0, 0, 0, 64, 0
1777105528, 2, 0, 826, 824, 1, 7.71%, 0, 0, 2, 5.48, 16, 131, 1, 371, 105446, 38638, 0, 0.000, 0, 0, 0.221854, 1.000000, 6968, 0, 0, 0, 0, 0, 64, 0
1777105533, 2, 0, 827, 825, 1, 7.71%, 0, 0, 2, 5.94, 16, 131, 1, 371, 105446, 38638, 0, 0.000, 0, 0, 0.222448, 1.000000, 6992, 0, 0, 0, 0, 0, 64, 0
1777105538, 2, 0, 828, 826, 1, 7.72%, 0, 0, 2, 5.57, 16, 131, 1, 371, 105446, 38638, 0, 0.000, 0, 0, 0.222869, 1.000000, 7009, 0, 0, 0, 0, 0, 64, 0
1777105544, 2, 0, 828, 826, 1, 7.72%, 0, 0, 2, 5.34, 16, 131, 1, 371, 105446, 38638, 0, 0.000, 0, 0, 0.223560, 1.000000, 7037, 0, 0, 0, 0, 0, 64, 0
1777105549, 2, 0, 829, 827, 1, 7.72%, 0, 0, 2, 5.83, 16, 131, 1, 371, 105446, 38638, 0, 0.000, 0, 0, 0.224102, 1.000000, 7059, 0, 0, 0, 0, 0, 64, 0
1777105554, 2, 0, 829, 827, 1, 7.72%, 0, 0, 2, 6.39, 16, 131, 1, 371, 105446, 38638, 0, 0.000, 0, 0, 0.224644, 1.000000, 7081, 0, 0, 0, 0, 0, 64, 0
1777105559, 2, 0, 829, 827, 1, 7.72%, 0, 0, 2, 5.87, 16, 131, 1, 371, 105446, 38638, 0, 0.000, 0, 0, 0.225357, 1.000000, 7110, 0, 0, 0, 0, 0, 64, 0
1777105564, 2, 0, 830, 828, 1, 7.72%, 0, 0, 2, 5.61, 16, 131, 1, 371, 105446, 38638, 0, 0.000, 0, 0, 0.225798, 1.000000, 7128, 0, 0, 0, 0, 0, 64, 0
1777105569, 2, 0, 830, 828, 1, 7.72%, 0, 0, 2, 6.23, 16, 131, 1, 371, 105446, 38638, 0, 0.000, 0, 0, 0.226607, 1.000000, 7161, 0, 0, 0, 0, 0, 64, 0
1777105574, 2, 0, 831, 829, 1, 7.72%, 0, 0, 2, 5.69, 16, 131, 1, 371, 105446, 38638, 0, 0.000, 0, 0, 0.227047, 1.000000, 7179, 0, 0, 0, 0, 0, 64, 0
1777105580, 2, 0, 831, 829, 1, 7.72%, 0, 0, 2, 5.40, 16, 131, 1, 371, 105446, 38638, 0, 0.000, 0, 0, 0.227707, 1.000000, 7206, 0, 0, 0, 0, 0, 64, 0
1777105585, 2, 0, 831, 829, 1, 7.72%, 0, 0, 2, 5.94, 16, 131, 1, 371, 105446, 38638, 0, 0.000, 0, 0, 0.228292, 1.000000, 7230, 0, 0, 0, 0, 0, 64, 0
1777105590, 2, 0, 831, 829, 1, 7.72%, 0, 0, 2, 5.74, 16, 131, 1, 371, 105446, 38638, 0, 0.000, 0, 0, 0.229022, 1.000000, 7260, 0, 0, 0, 0, 0, 64, 0
1777105595, 2, 0, 831, 829, 1, 7.72%, 0, 0, 2, 4.95, 16, 131, 1, 371, 105446, 38638, 0, 0.000, 0, 0, 0.229557, 1.000000, 7282, 0, 0, 0, 0, 0, 64, 0
1777105600, 2, 0, 831, 829, 1, 7.72%, 0, 0, 2, 5.40, 16, 131, 1, 371, 105446, 38638, 0, 0.000, 0, 0, 0.230236, 1.000000, 7310, 0, 0, 0, 0, 0, 64, 0
1777105605, 2, 0, 831, 829, 1, 7.72%, 0, 0, 2, 5.40, 16, 131, 1, 371, 105446, 38638, 0, 0.000, 0, 0, 0.230866, 1.000000, 7336, 0, 0, 0, 0, 0, 64, 0
1777105611, 2, 0, 831, 829, 1, 7.72%, 0, 0, 2, 5.25, 16, 131, 1, 371, 105446, 38638, 0, 0.000, 0, 0, 0.231519, 1.000000, 7363, 0, 0, 0, 0, 0, 64, 0
1777105616, 2, 0, 831, 829, 1, 7.72%, 0, 0, 2, 5.45, 16, 131, 1, 371, 105446, 38638, 0, 0.000, 0, 0, 0.232219, 1.000000, 7392, 0, 0, 0, 0, 0, 65, 0
1777105621, 2, 0, 832, 830, 1, 7.72%, 0, 0, 2, 5.29, 16, 131, 1, 371, 105446, 38638, 0, 0.000, 0, 0, 0.232725, 0.806954, 7413, 0, 0, 0, 0, 0, 65, 0
1777105626, 2, 0, 832, 830, 1, 7.72%, 0, 0, 2, 5.30, 16, 131, 1, 371, 105446, 38638, 0, 0.000, 0, 0, 0.233255, 1.000000, 7435, 0, 0, 0, 0, 0, 65, 0
1777105631, 2, 0, 832, 830, 1, 7.72%, 0, 0, 2, 4.44, 16, 131, 1, 371, 105446, 38638, 0, 0.000, 0, 0, 0.233760, 1.000000, 7456, 0, 0, 0, 0, 0, 65, 0
1777105636, 2, 0, 832, 830, 1, 7.72%, 0, 0, 2, 4.93, 16, 131, 1, 371, 105446, 38638, 0, 0.000, 0, 0, 0.234408, 1.000000, 7483, 0, 0, 0, 0, 0, 65, 0
1777105642, 2, 0, 832, 830, 1, 7.72%, 0, 0, 2, 5.07, 16, 131, 1, 371, 105446, 38638, 0, 0.000, 0, 0, 0.235031, 1.000000, 7509, 0, 0, 0, 0, 0, 65, 0
1777105647, 2, 0, 832, 830, 1, 7.72%, 0, 0, 2, 5.37, 16, 131, 1, 371, 105446, 38638, 0, 0.000, 0, 0, 0.235725, 1.000000, 7538, 0, 0, 0, 0, 0, 65, 0
1777105652, 2, 0, 832, 830, 1, 7.72%, 0, 0, 2, 5.29, 16, 131, 1, 371, 105446, 38638, 0, 0.000, 0, 0, 0.236345, 1.000000, 7564, 0, 0, 0, 0, 0, 65, 0
1777105657, 2, 0, 832, 830, 1, 7.72%, 0, 0, 2, 5.67, 16, 131, 1, 371, 105446, 38638, 0, 0.000, 0, 0, 0.237061, 1.000000, 7594, 0, 0, 0, 0, 0, 65, 0
1777105662, 2, 0, 832, 830, 1, 7.72%, 0, 0, 2, 2.98, 16, 131, 1, 371, 105446, 38638, 0, 0.000, 0, 0, 0.237679, 1.000000, 7620, 0, 0, 0, 0, 0, 66, 0
1777105667, 2, 0, 832, 830, 1, 7.72%, 0, 0, 2, 4.90, 16, 131, 1, 371, 105446, 38638, 0, 0.000, 0, 0, 0.238392, 1.000000, 7650, 0, 0, 0, 0, 0, 66, 0
1777105673, 2, 0, 832, 830, 1, 7.72%, 0, 0, 2, 5.45, 16, 131, 1, 371, 105446, 38638, 0, 0.000, 0, 0, 0.238914, 1.000000, 7672, 0, 0, 0, 0, 0, 66, 0
1777105678, 2, 0, 833, 831, 1, 7.72%, 0, 0, 2, 5.65, 16, 131, 1, 371, 105446, 38638, 0, 0.000, 0, 0, 0.239435, 1.000000, 7694, 0, 0, 0, 0, 0, 66, 0
1777105683, 2, 0, 834, 832, 1, 7.73%, 0, 0, 2, 5.96, 16, 131, 1, 371, 105446, 38638, 0, 0.000, 0, 0, 0.239908, 1.000000, 7714, 0, 0, 0, 0, 0, 66, 0
1777105688, 2, 0, 834, 832, 1, 7.73%, 0, 0, 2, 5.29, 16, 131, 1, 371, 105446, 38638, 0, 0.000, 0, 0, 0.240522, 1.000000, 7740, 0, 0, 0, 0, 0, 66, 0
1777105693, 2, 0, 834, 832, 1, 7.73%, 0, 0, 2, 5.61, 16, 131, 1, 371, 105446, 38638, 0, 0.000, 0, 0, 0.241229, 1.000000, 7770, 0, 0, 0, 0, 0, 66, 0
1777105699, 2, 0, 834, 832, 1, 7.73%, 0, 0, 2, 5.99, 16, 131, 1, 371, 105446, 38638, 0, 0.000, 0, 0, 0.241865, 1.000000, 7797, 0, 0, 0, 0, 0, 66, 0
1777105704, 2, 0, 834, 832, 1, 7.73%, 0, 0, 2, 5.67, 16, 131, 1, 371, 105446, 38638, 0, 0.000, 0, 0, 0.242546, 1.000000, 7826, 0, 0, 0, 0, 0, 66, 0
1777105709, 2, 0, 834, 832, 1, 7.73%, 0, 0, 2, 4.61, 16, 131, 1, 371, 105446, 38638, 0, 0.000, 0, 0, 0.243016, 1.000000, 7846, 0, 0, 0, 0, 0, 66, 0
1777105714, 2, 0, 834, 832, 1, 7.73%, 0, 0, 2, 5.26, 16, 131, 1, 371, 105446, 38638, 0, 0.000, 0, 0, 0.243695, 1.000000, 7875, 0, 0, 0, 0, 0, 66, 0
1777105719, 2, 0, 834, 832, 1, 7.73%, 0, 0, 2, 5.35, 16, 131, 1, 371, 105446, 38638, 0, 0.000, 0, 0, 0.244303, 1.000000, 7901, 0, 0, 0, 0, 0, 66, 0
1777105725, 2, 0, 834, 832, 1, 7.73%, 0, 0, 2, 5.78, 16, 131, 1, 371, 105446, 38638, 0, 0.000, 0, 0, 0.245027, 1.000000, 7932, 0, 0, 0, 0, 0, 67, 0
1777105730, 2, 0, 834, 832, 1, 7.73%, 0, 0, 2, 5.59, 16, 131, 1, 371, 105446, 38638, 0, 0.000, 0, 0, 0.245632, 1.000000, 7958, 0, 0, 0, 0, 0, 67, 0
1777105735, 2, 0, 834, 832, 1, 7.73%, 0, 0, 2, 5.56, 16, 131, 1, 371, 105446, 38638, 0, 0.000, 0, 0, 0.246284, 1.000000, 7986, 0, 0, 0, 0, 0, 67, 0
1777105740, 2, 0, 834, 832, 1, 7.73%, 0, 0, 2, 7.89, 16, 131, 1, 371, 105446, 38638, 0, 0.000, 0, 0, 0.246934, 1.000000, 8014, 0, 0, 0, 0, 0, 67, 0
1777105746, 2, 0, 835, 833, 1, 7.73%, 0, 0, 2, 0.64, 16, 131, 1, 371, 105446, 38638, 0, 0.000, 0, 0, 0.247328, 1.000000, 8031, 0, 0, 0, 0, 0, 67, 0
1777105751, 2, 0, 835, 833, 1, 7.73%, 0, 0, 2, 6.42, 16, 131, 1, 371, 105446, 38638, 0, 0.000, 0, 0, 0.247977, 1.000000, 8059, 0, 0, 0, 0, 0, 67, 0
1777105756, 2, 0, 835, 833, 1, 7.73%, 0, 0, 2, 5.55, 16, 131, 1, 371, 105446, 38638, 0, 0.000, 0, 0, 0.248532, 1.000000, 8083, 0, 0, 0, 0, 0, 67, 0
1777105761, 2, 0, 835, 833, 1, 7.73%, 0, 0, 2, 5.53, 16, 131, 1, 371, 105446, 38638, 0, 0.000, 0, 0, 0.249201, 1.000000, 8112, 0, 0, 0, 0, 0, 67, 0
1777105766, 2, 0, 835, 833, 1, 7.73%, 0, 0, 2, 5.35, 16, 131, 1, 371, 105446, 38638, 0, 0.000, 0, 0, 0.249800, 1.000000, 8138, 0, 0, 0, 0, 0, 67, 0
1777105772, 2, 0, 835, 833, 1, 7.73%, 0, 0, 2, 5.56, 16, 131, 1, 371, 105446, 38638, 0, 0.000, 0, 0, 0.250491, 1.000000, 8168, 0, 0, 0, 0, 0, 67, 0
1777105777, 2, 0, 835, 833, 1, 7.73%, 0, 0, 2, 2.91, 16, 131, 1, 371, 105446, 38638, 0, 0.000, 0, 0, 0.251065, 1.000000, 8193, 0, 0, 0, 0, 0, 67, 0
1777105782, 2, 0, 835, 833, 1, 7.73%, 0, 0, 2, 5.44, 16, 131, 1, 371, 105446, 38638, 0, 0.000, 0, 0, 0.251867, 1.000000, 8228, 0, 0, 0, 0, 0, 67, 0
1777105787, 2, 0, 835, 833, 1, 7.73%, 0, 0, 2, 5.86, 16, 131, 1, 371, 105446, 38638, 0, 0.000, 0, 0, 0.252394, 1.000000, 8251, 0, 0, 0, 0, 0, 68, 0
1777105792, 2, 0, 835, 833, 1, 7.73%, 0, 0, 2, 5.78, 16, 131, 1, 371, 105446, 38638, 0, 0.000, 0, 0, 0.253079, 1.000000, 8281, 0, 0, 0, 0, 0, 68, 0
1777105798, 2, 0, 835, 833, 1, 7.73%, 0, 0, 2, 5.61, 16, 131, 1, 371, 105446, 38638, 0, 0.000, 0, 0, 0.253695, 1.000000, 8308, 0, 0, 0, 0, 0, 68, 0
1777105803, 2, 0, 835, 833, 1, 7.73%, 0, 0, 2, 5.13, 16, 131, 1, 371, 105446, 38638, 0, 0.000, 0, 0, 0.254241, 1.000000, 8332, 0, 0, 0, 0, 0, 68, 0
1777105808, 2, 0, 835, 833, 1, 7.73%, 0, 0, 2, 5.85, 16, 131, 1, 371, 105446, 38638, 0, 0.000, 0, 0, 0.254969, 1.000000, 8364, 0, 0, 0, 0, 0, 68, 0
1777105813, 2, 0, 835, 833, 1, 7.73%, 0, 0, 2, 5.82, 16, 131, 1, 371, 105446, 38638, 0, 0.000, 0, 0, 0.255536, 1.000000, 8389, 0, 0, 0, 0, 0, 68, 0
1777105818, 2, 0, 835, 833, 1, 7.73%, 0, 0, 2, 6.06, 16, 131, 1, 371, 105446, 38638, 0, 0.000, 0, 0, 0.256216, 1.000000, 8419, 0, 0, 0, 0, 0, 68, 0
1777105823, 2, 0, 835, 833, 1, 7.73%, 0, 0, 2, 5.37, 16, 131, 1, 371, 105446, 38638, 0, 0.000, 0, 0, 0.256691, 1.000000, 8440, 0, 0, 0, 0, 0, 69, 0
1777105829, 2, 0, 835, 833, 1, 7.73%, 0, 0, 2, 5.37, 16, 131, 1, 371, 105446, 38638, 0, 0.000, 0, 0, 0.257369, 1.000000, 8470, 0, 0, 0, 0, 0, 69, 0
1777105834, 2, 0, 835, 833, 1, 7.73%, 0, 0, 2, 5.63, 16, 131, 1, 371, 105446, 38638, 0, 0.000, 0, 0, 0.257955, 1.000000, 8496, 0, 0, 0, 0, 0, 69, 0
1777105839, 2, 0, 835, 833, 1, 7.73%, 0, 0, 2, 6.01, 16, 131, 1, 371, 105446, 38638, 0, 0.000, 0, 0, 0.258675, 1.000000, 8528, 0, 0, 0, 0, 0, 69, 0
1777105844, 2, 0, 835, 833, 1, 7.73%, 0, 0, 2, 5.76, 16, 131, 1, 371, 105446, 38638, 0, 0.000, 0, 0, 0.259259, 1.000000, 8554, 0, 0, 0, 0, 0, 69, 0
1777105850, 2, 0, 835, 833, 1, 7.73%, 0, 0, 2, 1.05, 16, 131, 1, 371, 105446, 38638, 0, 0.000, 0, 0, 0.259865, 1.000000, 8581, 0, 0, 0, 0, 0, 69, 0
1777105855, 2, 0, 835, 833, 1, 7.73%, 0, 0, 2, 3.88, 16, 131, 1, 371, 105446, 38638, 0, 0.000, 0, 0, 0.260492, 1.000000, 8609, 0, 0, 0, 0, 0, 69, 0
1777105860, 2, 0, 835, 833, 1, 7.73%, 0, 0, 2, 0.67, 16, 131, 1, 371, 105446, 38638, 0, 0.000, 0, 0, 0.260984, 1.000000, 8631, 0, 0, 0, 0, 0, 70, 0
1777105865, 2, 0, 835, 833, 1, 7.73%, 0, 0, 2, 5.20, 16, 131, 1, 371, 105446, 38638, 0, 0.000, 0, 0, 0.261609, 1.000000, 8659, 0, 0, 0, 0, 0, 70, 0
1777105870, 2, 0, 835, 833, 1, 7.73%, 0, 0, 2, 5.47, 16, 131, 1, 371, 105446, 38638, 0, 0.000, 0, 0, 0.262211, 1.000000, 8686, 0, 0, 0, 0, 0, 70, 0
1777105875, 2, 0, 835, 833, 1, 7.73%, 0, 0, 2, 5.72, 16, 131, 1, 371, 105446, 38638, 0, 0.000, 0, 0, 0.262879, 1.000000, 8716, 0, 0, 0, 0, 0, 70, 0
1777105881, 2, 0, 835, 833, 1, 7.73%, 0, 0, 2, 5.66, 16, 131, 1, 371, 105446, 38638, 0, 0.000, 0, 0, 0.263500, 1.000000, 8744, 0, 0, 0, 0, 0, 70, 0
1777105886, 2, 0, 835, 833, 1, 7.73%, 0, 0, 2, 5.90, 16, 131, 1, 371, 105446, 38638, 0, 0.000, 0, 0, 0.264210, 1.000000, 8776, 0, 0, 0, 0, 0, 70, 0
1777105891, 2, 0, 835, 833, 1, 7.73%, 0, 0, 2, 5.61, 16, 131, 1, 371, 105446, 38638, 0, 0.000, 0, 0, 0.264763, 1.000000, 8801, 0, 0, 0, 0, 0, 70, 0
1777105897, 2, 0, 835, 833, 1, 7.73%, 0, 0, 2, 0.65, 16, 131, 1, 371, 105446, 38638, 0, 0.000, 0, 0, 0.265426, 1.000000, 8831, 0, 0, 0, 0, 0, 71, 0
1777105903, 2, 0, 837, 835, 1, 7.73%, 0, 0, 2, 5.87, 16, 131, 1, 371, 105446, 38638, 0, 0.000, 0, 0, 0.265824, 0.713711, 8849, 0, 0, 0, 0, 0, 71, 0
1777105908, 2, 0, 837, 835, 1, 7.73%, 0, 0, 2, 5.49, 16, 131, 1, 371, 105446, 38638, 0, 0.000, 0, 0, 0.266330, 1.000000, 8872, 0, 0, 0, 0, 0, 71, 0
1777105913, 2, 0, 837, 835, 1, 7.73%, 0, 0, 2, 5.49, 16, 131, 1, 371, 105446, 38638, 0, 0.000, 0, 0, 0.266947, 1.000000, 8900, 0, 0, 0, 0, 0, 71, 0
1777105918, 2, 0, 837, 835, 1, 7.73%, 0, 0, 2, 5.35, 16, 131, 1, 371, 105446, 38638, 0, 0.000, 0, 0, 0.267496, 1.000000, 8925, 0, 0, 0, 0, 0, 71, 0
1777105923, 2, 0, 837, 835, 1, 7.73%, 0, 0, 2, 5.84, 16, 131, 1, 371, 105446, 38638, 0, 0.000, 0, 0, 0.268176, 1.000000, 8956, 0, 0, 0, 0, 0, 71, 0
1777105928, 2, 0, 837, 835, 1, 7.73%, 0, 0, 2, 6.00, 16, 131, 1, 371, 105446, 38638, 0, 0.000, 0, 0, 0.268745, 1.000000, 8982, 0, 0, 0, 0, 0, 71, 0
1777105933, 2, 0, 837, 835, 1, 7.73%, 0, 0, 2, 5.95, 16, 131, 1, 371, 105446, 38638, 0, 0.000, 0, 0, 0.269379, 1.000000, 9011, 0, 0, 0, 0, 0, 71, 0
1777105938, 2, 0, 838, 836, 1, 7.73%, 0, 0, 2, 4.83, 16, 131, 1, 371, 105446, 38638, 0, 0.000, 0, 0, 0.269685, 0.618617, 9025, 0, 0, 0, 0, 0, 71, 0
1777105943, 2, 0, 838, 836, 1, 7.73%, 0, 0, 2, 5.43, 16, 131, 1, 371, 105446, 38638, 0, 0.000, 0, 0, 0.270317, 1.000000, 9054, 0, 0, 0, 0, 0, 71, 0
1777105948, 2, 0, 838, 836, 1, 7.73%, 0, 0, 2, 5.46, 16, 131, 1, 371, 105446, 38638, 0, 0.000, 0, 0, 0.270883, 1.000000, 9080, 0, 0, 0, 0, 0, 71, 0
1777105954, 2, 0, 838, 836, 1, 7.73%, 0, 0, 2, 5.23, 16, 131, 1, 371, 105446, 38638, 0, 0.000, 0, 0, 0.271470, 1.000000, 9107, 0, 0, 0, 0, 0, 71, 0
1777105959, 2, 0, 838, 836, 1, 7.73%, 0, 0, 2, 5.52, 16, 131, 1, 371, 105446, 38638, 0, 0.000, 0, 0, 0.272121, 1.000000, 9137, 0, 0, 0, 0, 0, 71, 0
1777105964, 2, 0, 838, 836, 1, 7.73%, 0, 0, 2, 1.49, 16, 131, 1, 371, 105446, 38638, 0, 0.000, 0, 0, 0.272619, 1.000000, 9160, 0, 0, 0, 0, 0, 71, 0
1777105969, 2, 0, 838, 836, 1, 7.73%, 0, 0, 2, 4.31, 16, 131, 1, 371, 105446, 38638, 0, 0.000, 0, 0, 0.273268, 1.000000, 9190, 0, 0, 0, 0, 0, 71, 0
1777105974, 2, 0, 838, 836, 1, 7.73%, 0, 0, 2, 5.15, 16, 131, 1, 371, 105446, 38638, 0, 0.000, 0, 0, 0.273743, 1.000000, 9212, 0, 0, 0, 0, 0, 71, 0
1777105979, 2, 0, 839, 837, 1, 7.73%, 0, 0, 2, 5.57, 16, 131, 1, 371, 105446, 38638, 0, 0.000, 0, 0, 0.274196, 0.618617, 9233, 0, 0, 0, 0, 0, 72, 0
1777105984, 2, 0, 839, 837, 1, 7.73%, 0, 0, 2, 5.79, 16, 131, 1, 371, 105446, 38638, 0, 0.000, 0, 0, 0.274734, 1.000000, 9258, 0, 0, 0, 0, 0, 72, 0
1777105989, 2, 0, 839, 837, 1, 7.73%, 0, 0, 2, 5.40, 16, 131, 1, 371, 105446, 38638, 0, 0.000, 0, 0, 0.275315, 1.000000, 9285, 0, 0, 0, 0, 0, 72, 0
1777105994, 2, 0, 839, 837, 1, 7.73%, 0, 0, 2, 5.36, 16, 131, 1, 371, 105446, 38638, 0, 0.000, 0, 0, 0.275852, 1.000000, 9310, 0, 0, 0, 0, 0, 72, 0
1777106000, 2, 0, 839, 837, 1, 7.73%, 0, 0, 2, 5.63, 16, 131, 1, 371, 105446, 38638, 0, 0.000, 0, 0, 0.276516, 1.000000, 9341, 0, 0, 0, 0, 0, 72, 0
1777106005, 2, 0, 839, 837, 1, 7.73%, 0, 0, 2, 3.52, 16, 131, 1, 371, 105446, 38638, 0, 0.000, 0, 0, 0.277094, 1.000000, 9368, 0, 0, 0, 0, 0, 72, 0
1777106010, 2, 0, 839, 837, 1, 7.73%, 0, 0, 2, 4.90, 16, 131, 1, 371, 105446, 38638, 0, 0.000, 0, 0, 0.277714, 1.000000, 9397, 0, 0, 0, 0, 0, 72, 0
1777106015, 2, 0, 839, 837, 1, 7.73%, 0, 0, 2, 4.93, 16, 131, 1, 371, 105446, 38638, 0, 0.000, 0, 0, 0.278140, 1.000000, 9417, 0, 0, 0, 0, 0, 72, 0
1777106020, 2, 0, 839, 837, 1, 7.73%, 0, 0, 2, 5.42, 16, 131, 1, 371, 105446, 38638, 0, 0.000, 0, 0, 0.278758, 1.000000, 9446, 0, 0, 0, 0, 0, 73, 0
1777106025, 2, 0, 840, 838, 1, 7.73%, 0, 0, 2, 5.61, 16, 131, 1, 371, 105446, 38638, 0, 0.000, 0, 0, 0.279141, 1.000000, 9464, 0, 0, 0, 0, 0, 73, 0
1777106031, 2, 0, 840, 838, 1, 7.73%, 0, 0, 2, 5.25, 16, 131, 1, 371, 105446, 38638, 0, 0.000, 0, 0, 0.279715, 1.000000, 9491, 0, 0, 0, 0, 0, 73, 0
1777106036, 2, 0, 840, 838, 1, 7.73%, 0, 0, 2, 5.74, 16, 131, 1, 371, 105446, 38638, 0, 0.000, 0, 0, 0.280351, 1.000000, 9521, 0, 0, 0, 0, 0, 73, 0
1777106041, 2, 0, 840, 838, 1, 7.73%, 0, 0, 2, 6.16, 16, 131, 1, 371, 105446, 38638, 0, 0.000, 0, 0, 0.280859, 1.000000, 9545, 0, 0, 0, 0, 0, 73, 0
1777106046, 2, 0, 840, 838, 1, 7.73%, 0, 0, 2, 5.95, 16, 131, 1, 371, 105446, 38638, 0, 0.000, 0, 0, 0.281472, 1.000000, 9574, 0, 0, 0, 0, 0, 73, 0
1777106051, 2, 0, 840, 838, 1, 7.73%, 0, 0, 2, 4.32, 16, 131, 1, 371, 105446, 38638, 0, 0.000, 0, 0, 0.281895, 1.000000, 9594, 0, 0, 0, 0, 0, 73, 0
1777106056, 2, 0, 840, 838, 1, 7.73%, 0, 0, 2, 5.47, 16, 131, 1, 371, 105446, 38638, 0, 0.000, 0, 0, 0.282527, 1.000000, 9624, 0, 0, 0, 0, 0, 73, 0
1777106061, 2, 0, 840, 838, 1, 7.73%, 0, 0, 2, 5.40, 16, 131, 1, 371, 105446, 38638, 0, 0.000, 0, 0, 0.283074, 1.000000, 9650, 0, 0, 0, 0, 0, 74, 0
1777106066, 2, 0, 840, 838, 1, 7.73%, 0, 0, 2, 5.61, 16, 131, 1, 371, 105446, 38638, 0, 0.000, 0, 0, 0.283705, 1.000000, 9680, 0, 0, 0, 0, 0, 74, 0
1777106071, 2, 0, 840, 838, 1, 7.73%, 0, 0, 2, 5.49, 16, 131, 1, 371, 105446, 38638, 0, 0.000, 0, 0, 0.284250, 1.000000, 9706, 0, 0, 0, 0, 0, 74, 0
1777106077, 2, 0, 840, 838, 1, 7.73%, 0, 0, 2, 5.47, 16, 131, 1, 371, 105446, 38638, 0, 0.000, 0, 0, 0.284836, 1.000000, 9734, 0, 0, 0, 0, 0, 74, 0
1777106082, 2, 0, 840, 838, 1, 7.73%, 0, 0, 2, 5.41, 16, 131, 1, 371, 105446, 38638, 0, 0.000, 0, 0, 0.285359, 1.000000, 9759, 0, 0, 0, 0, 0, 74, 0
1777106087, 2, 0, 840, 838, 1, 7.73%, 0, 0, 2, 5.84, 16, 131, 1, 371, 105446, 38638, 0, 0.000, 0, 0, 0.286006, 1.000000, 9790, 0, 0, 0, 0, 0, 74, 0
1777106092, 2, 0, 840, 838, 1, 7.73%, 0, 0, 2, 6.08, 16, 131, 1, 371, 105446, 38638, 0, 0.000, 0, 0, 0.286465, 1.000000, 9812, 0, 0, 0, 0, 0, 74, 0
1777106097, 2, 0, 840, 838, 1, 7.73%, 0, 0, 2, 5.67, 16, 131, 1, 371, 105446, 38638, 0, 0.000, 0, 0, 0.287048, 1.000000, 9840, 0, 0, 0, 0, 0, 74, 0
1777106102, 2, 0, 840, 838, 1, 7.73%, 0, 0, 2, 5.92, 16, 131, 1, 371, 105446, 38638, 0, 0.000, 0, 0, 0.287588, 1.000000, 9866, 0, 0, 0, 0, 0, 75, 0
1777106107, 2, 0, 840, 838, 1, 7.73%, 0, 0, 2, 5.71, 16, 131, 1, 371, 105446, 38638, 0, 0.000, 0, 0, 0.288169, 1.000000, 9894, 0, 0, 0, 0, 0, 75, 0
1777106113, 2, 0, 840, 838, 1, 7.73%, 0, 0, 2, 6.00, 16, 131, 1, 371, 105446, 38638, 0, 0.000, 0, 0, 0.288791, 1.000000, 9924, 0, 0, 0, 0, 0, 75, 0
1777106118, 2, 0, 840, 838, 1, 7.73%, 0, 0, 2, 7.09, 16, 131, 1, 371, 105446, 38638, 0, 0.000, 0, 0, 0.289287, 1.000000, 9948, 0, 0, 0, 0, 0, 75, 0
1777106123, 2, 0, 840, 838, 1, 7.73%, 0, 0, 2, 6.49, 16, 131, 1, 371, 105446, 38638, 0, 0.000, 0, 0, 0.289948, 1.000000, 9980, 0, 0, 0, 0, 0, 75, 0
1777106128, 2, 0, 840, 838, 1, 7.73%, 0, 0, 2, 5.25, 16, 131, 1, 371, 105446, 38638, 0, 0.000, 0, 0, 0.290381, 1.000000, 10001, 0, 0, 0, 0, 0, 75, 0
1777106133, 2, 0, 840, 838, 1, 7.73%, 0, 0, 2, 5.66, 16, 131, 1, 371, 105446, 38638, 0, 0.000, 0, 0, 0.291019, 1.000000, 10032, 0, 0, 0, 0, 0, 75, 0
1777106138, 2, 0, 840, 838, 1, 7.73%, 0, 0, 2, 5.55, 16, 131, 1, 371, 105446, 38638, 0, 0.000, 0, 0, 0.291533, 1.000000, 10057, 0, 0, 0, 0, 0, 76, 0
1777106143, 2, 0, 840, 838, 1, 7.73%, 0, 0, 2, 5.85, 16, 131, 1, 371, 105446, 38638, 0, 0.000, 0, 0, 0.292169, 1.000000, 10088, 0, 0, 0, 0, 0, 76, 0
1777106149, 2, 0, 840, 838, 1, 7.73%, 0, 0, 2, 5.62, 16, 131, 1, 371, 105446, 38638, 0, 0.000, 0, 0, 0.292742, 1.000000, 10116, 0, 0, 0, 0, 0, 76, 0
1777106154, 2, 0, 840, 838, 1, 7.73%, 0, 0, 2, 8.26, 16, 131, 1, 371, 105446, 38638, 0, 0.000, 0, 0, 0.293294, 1.000000, 10143, 0, 0, 0, 0, 0, 76, 0
1777106159, 2, 0, 840, 838, 1, 7.73%, 0, 0, 2, 6.66, 16, 131, 1, 371, 105446, 38638, 0, 0.000, 0, 0, 0.293887, 1.000000, 10172, 0, 0, 0, 0, 0, 76, 0
1777106164, 2, 0, 840, 838, 1, 7.73%, 0, 0, 2, 6.84, 16, 131, 1, 371, 105446, 38638, 0, 0.000, 0, 0, 0.294355, 1.000000, 10195, 0, 0, 0, 0, 0, 76, 0
1777106169, 2, 0, 840, 838, 1, 7.73%, 0, 0, 2, 6.04, 16, 131, 1, 371, 105446, 38638, 0, 0.000, 0, 0, 0.294946, 1.000000, 10224, 0, 0, 0, 0, 0, 76, 0
1777106175, 2, 0, 841, 839, 1, 7.74%, 0, 0, 2, 5.42, 16, 131, 1, 371, 105446, 38638, 0, 0.000, 0, 0, 0.295454, 1.000000, 10249, 0, 0, 0, 0, 0, 76, 0
1777106180, 2, 0, 841, 839, 1, 7.74%, 0, 0, 2, 5.79, 16, 131, 1, 371, 105446, 38638, 0, 0.000, 0, 0, 0.295900, 1.000000, 10271, 0, 0, 0, 0, 0, 76, 0
1777106185, 2, 0, 841, 839, 1, 7.74%, 0, 0, 2, 5.70, 16, 131, 1, 371, 105446, 38638, 0, 0.000, 0, 0, 0.296488, 1.000000, 10300, 0, 0, 0, 0, 0, 76, 0
1777106190, 2, 0, 841, 839, 1, 7.74%, 0, 0, 2, 5.49, 16, 131, 1, 371, 105446, 38638, 0, 0.000, 0, 0, 0.297055, 1.000000, 10328, 0, 0, 0, 0, 0, 76, 0
1777106195, 2, 0, 841, 839, 1, 7.74%, 0, 0, 2, 3.53, 16, 131, 1, 371, 105446, 38638, 0, 0.000, 0, 0, 0.297580, 1.000000, 10354, 0, 0, 0, 0, 0, 76, 0
1777106202, 2, 0, 841, 839, 1, 7.74%, 0, 0, 2, 0.66, 16, 131, 1, 371, 105446, 38638, 0, 0.000, 0, 0, 0.298165, 1.000000, 10383, 0, 0, 0, 0, 0, 76, 0
1777106207, 2, 0, 841, 839, 1, 7.74%, 0, 0, 2, 5.52, 16, 131, 1, 371, 105446, 38638, 0, 0.000, 0, 0, 0.298789, 1.000000, 10414, 0, 0, 0, 0, 0, 76, 0
1777106212, 2, 0, 841, 839, 1, 7.74%, 0, 0, 2, 5.51, 16, 131, 1, 371, 105446, 38638, 0, 0.000, 0, 0, 0.299312, 1.000000, 10440, 0, 0, 0, 0, 0, 76, 0
1777106217, 2, 0, 842, 840, 1, 7.74%, 0, 0, 2, 5.85, 16, 131, 1, 371, 105446, 38638, 0, 0.000, 0, 0, 0.299754, 1.000000, 10462, 0, 0, 0, 0, 0, 76, 0
1777106222, 2, 0, 842, 840, 1, 7.74%, 0, 0, 2, 5.51, 16, 131, 1, 371, 105446, 38638, 0, 0.000, 0, 0, 0.300275, 1.000000, 10488, 0, 0, 0, 0, 0, 76, 0
1777106228, 2, 1, 842, 840, 21, 7.74%, 0, 0, 2, 5.55, 16, 131, 1, 371, 105446, 38638, 0, 0.000, 0, 0, 0.300855, 1.000000, 10517, 0, 0, 0, 0, 0, 76, 0
1777106233, 2, 1, 842, 840, 21, 7.74%, 0, 0, 2, 5.59, 16, 131, 1, 371, 105446, 38638, 0, 0.000, 0, 0, 0.301335, 1.000000, 10541, 0, 0, 0, 0, 0, 76, 0
1777106238, 2, 1, 842, 840, 21, 7.74%, 0, 0, 2, 5.55, 16, 131, 1, 371, 105446, 38638, 0, 0.000, 0, 0, 0.301894, 1.000000, 10569, 0, 0, 0, 0, 0, 76, 0
1777106243, 2, 1, 842, 840, 21, 7.74%, 0, 0, 2, 5.41, 16, 131, 1, 371, 105446, 38638, 0, 0.000, 0, 0, 0.302332, 1.000000, 10591, 0, 0, 0, 0, 0, 76, 0
1777106248, 2, 1, 842, 840, 21, 7.74%, 0, 0, 2, 5.53, 16, 131, 1, 371, 105446, 38638, 0, 0.000, 0, 0, 0.302929, 1.000000, 10621, 0, 0, 0, 0, 0, 76, 0
1777106254, 2, 1, 843, 841, 21, 7.74%, 0, 0, 2, 5.67, 16, 132, 1, 371, 105446, 38638, 0, 0.000, 0, 0, 0.303307, 1.000000, 10640, 0, 0, 0, 0, 0, 76, 0
1777106259, 2, 1, 844, 842, 21, 7.74%, 0, 0, 2, 5.29, 16, 132, 1, 371, 105446, 38638, 0, 0.000, 0, 0, 0.303684, 1.000000, 10659, 0, 0, 0, 0, 0, 76, 0
1777106264, 2, 1, 844, 842, 21, 7.74%, 0, 0, 2, 5.64, 16, 132, 1, 371, 105446, 38638, 0, 0.000, 0, 0, 0.304259, 1.000000, 10688, 0, 0, 0, 0, 0, 76, 0
1777106269, 2, 1, 844, 842, 21, 7.74%, 0, 0, 2, 6.04, 16, 132, 1, 371, 105446, 38638, 0, 0.000, 0, 0, 0.304734, 1.000000, 10712, 0, 0, 0, 0, 0, 76, 0
1777106275, 2, 1, 844, 842, 21, 7.74%, 0, 0, 2, 5.64, 16, 132, 1, 371, 105446, 38638, 0, 0.000, 0, 0, 0.305287, 1.000000, 10740, 0, 0, 0, 0, 0, 76, 0
1777106280, 2, 1, 844, 842, 21, 7.74%, 0, 0, 2, 4.39, 16, 132, 1, 371, 105446, 38638, 0, 0.000, 0, 0, 0.305682, 1.000000, 10760, 0, 0, 0, 0, 0, 76, 0
1777106285, 2, 1, 844, 842, 21, 7.74%, 0, 0, 2, 5.08, 16, 132, 1, 371, 105446, 38638, 0, 0.000, 0, 0, 0.306234, 1.000000, 10788, 0, 0, 0, 0, 0, 76, 0
1777106290, 2, 1, 844, 842, 21, 7.74%, 0, 0, 2, 5.29, 16, 132, 1, 371, 105446, 38638, 0, 0.000, 0, 0, 0.306726, 1.000000, 10813, 0, 0, 0, 0, 0, 76, 0
1777106295, 2, 1, 844, 842, 21, 7.74%, 0, 0, 2, 5.44, 16, 132, 1, 371, 105446, 38638, 0, 0.000, 0, 0, 0.307296, 1.000000, 10842, 0, 0, 0, 0, 0, 77, 0
1777106300, 2, 1, 844, 842, 21, 7.74%, 0, 0, 2, 5.35, 16, 132, 1, 371, 105446, 38638, 0, 0.000, 0, 0, 0.307786, 1.000000, 10867, 0, 0, 0, 0, 0, 77, 0
1777106305, 2, 1, 844, 842, 21, 7.74%, 0, 0, 2, 5.59, 16, 132, 1, 371, 105446, 38638, 0, 0.000, 0, 0, 0.308354, 1.000000, 10896, 0, 0, 0, 0, 0, 77, 0
1777106310, 2, 1, 844, 842, 21, 7.74%, 0, 0, 2, 6.17, 16, 132, 1, 371, 105446, 38638, 0, 0.000, 0, 0, 0.308843, 1.000000, 10921, 0, 0, 0, 0, 0, 77, 0
1777106316, 2, 1, 844, 842, 21, 7.74%, 0, 0, 2, 5.92, 16, 132, 1, 371, 105446, 38638, 0, 0.000, 0, 0, 0.309429, 1.000000, 10951, 0, 0, 0, 0, 0, 77, 0
1777106321, 2, 1, 844, 842, 21, 7.74%, 0, 0, 2, 4.98, 16, 132, 1, 371, 105446, 38638, 0, 0.000, 0, 0, 0.309838, 1.000000, 10972, 0, 0, 0, 0, 0, 77, 0
1777106326, 2, 1, 844, 842, 21, 7.74%, 0, 0, 2, 5.25, 16, 132, 1, 371, 105446, 38638, 0, 0.000, 0, 0, 0.310384, 1.000000, 11000, 0, 0, 0, 0, 0, 77, 0
1777106331, 2, 1, 845, 843, 21, 7.74%, 0, 0, 2, 5.12, 16, 132, 1, 371, 105446, 38638, 0, 0.000, 0, 0, 0.310695, 1.000000, 11016, 0, 0, 0, 0, 0, 77, 0
1777106336, 2, 1, 845, 843, 21, 7.74%, 0, 0, 2, 5.41, 16, 132, 1, 371, 105446, 38638, 0, 0.000, 0, 0, 0.311278, 1.000000, 11046, 0, 0, 0, 0, 0, 77, 0
1777106342, 2, 1, 846, 844, 21, 7.74%, 0, 0, 2, 5.61, 16, 132, 1, 371, 105446, 38638, 0, 0.000, 0, 0, 0.311666, 1.000000, 11066, 0, 0, 0, 0, 0, 77, 0
1777106347, 2, 1, 846, 844, 21, 7.74%, 0, 0, 2, 1.03, 16, 132, 1, 371, 105446, 38638, 0, 0.000, 0, 0, 0.312189, 1.000000, 11093, 0, 0, 0, 0, 0, 77, 0
1777106352, 2, 1, 846, 844, 21, 7.74%, 0, 0, 2, 3.75, 16, 132, 1, 371, 105446, 38638, 0, 0.000, 0, 0, 0.312711, 1.000000, 11120, 0, 0, 0, 0, 0, 77, 0
1777106358, 2, 1, 846, 844, 21, 7.74%, 0, 0, 2, 0.67, 16, 132, 1, 371, 105446, 38638, 0, 0.000, 0, 0, 0.313155, 1.000000, 11143, 0, 0, 0, 0, 0, 77, 0
1777106363, 2, 1, 846, 844, 21, 7.74%, 0, 0, 2, 6.13, 16, 132, 1, 371, 105446, 38638, 0, 0.000, 0, 0, 0.313753, 1.000000, 11174, 0, 0, 0, 0, 0, 77, 0
1777106368, 2, 1, 846, 844, 21, 7.74%, 0, 0, 2, 5.53, 16, 132, 1, 371, 105446, 38638, 0, 0.000, 0, 0, 0.314254, 1.000000, 11200, 0, 0, 0, 0, 0, 77, 0
1777106374, 2, 1, 846, 844, 21, 7.74%, 0, 0, 2, 5.44, 16, 132, 1, 371, 105446, 38638, 0, 0.000, 0, 0, 0.314792, 1.000000, 11228, 0, 0, 0, 0, 0, 77, 0
1777106379, 2, 1, 846, 844, 21, 7.74%, 0, 0, 2, 5.52, 16, 132, 1, 371, 105446, 38638, 0, 0.000, 0, 0, 0.315291, 1.000000, 11254, 0, 0, 0, 0, 0, 78, 0
1777106384, 2, 1, 846, 844, 21, 7.74%, 0, 0, 2, 5.75, 16, 132, 1, 371, 105446, 38638, 0, 0.000, 0, 0, 0.315866, 1.000000, 11284, 0, 0, 0, 0, 0, 78, 0
1777106389, 2, 1, 846, 844, 21, 7.74%, 0, 0, 2, 5.68, 16, 132, 1, 371, 105446, 38638, 0, 0.000, 0, 0, 0.316325, 1.000000, 11308, 0, 0, 0, 0, 0, 78, 0
1777106394, 2, 1, 846, 844, 21, 7.74%, 0, 0, 2, 5.52, 16, 132, 1, 371, 105446, 38638, 0, 0.000, 0, 0, 0.316860, 1.000000, 11336, 0, 0, 0, 0, 0, 78, 0
1777106399, 2, 1, 846, 844, 21, 7.74%, 0, 0, 2, 5.50, 16, 132, 1, 371, 105446, 38638, 0, 0.000, 0, 0, 0.317280, 1.000000, 11358, 0, 0, 0, 0, 0, 78, 0
1777106405, 2, 1, 846, 844, 21, 7.74%, 0, 0, 2, 5.29, 16, 132, 1, 371, 105446, 38638, 0, 0.000, 0, 0, 0.317814, 1.000000, 11386, 0, 0, 0, 0, 0, 78, 0
1777106410, 2, 1, 846, 844, 21, 7.74%, 0, 0, 2, 5.44, 16, 132, 1, 371, 105446, 38638, 0, 0.000, 0, 0, 0.318309, 1.000000, 11412, 0, 0, 0, 0, 0, 78, 0
1777106415, 2, 1, 846, 844, 21, 7.74%, 0, 0, 2, 5.47, 16, 132, 1, 371, 105446, 38638, 0, 0.000, 0, 0, 0.318841, 1.000000, 11440, 0, 0, 0, 0, 0, 78, 0
1777106420, 2, 1, 846, 844, 21, 7.74%, 0, 0, 2, 5.16, 16, 132, 1, 371, 105446, 38638, 0, 0.000, 0, 0, 0.319296, 1.000000, 11464, 0, 0, 0, 0, 0, 79, 0
1777106426, 2, 1, 847, 845, 21, 7.74%, 0, 0, 2, 5.22, 16, 132, 1, 371, 105446, 38638, 0, 0.000, 0, 0, 0.319770, 0.766607, 11489, 0, 0, 0, 0, 0, 79, 0
1777106431, 2, 1, 847, 845, 21, 7.74%, 0, 0, 2, 5.39, 16, 132, 1, 371, 105446, 38638, 0, 0.000, 0, 0, 0.320224, 1.000000, 11513, 0, 0, 0, 0, 0, 79, 0
1777106436, 2, 1, 847, 845, 21, 7.74%, 0, 0, 2, 0.66, 16, 132, 1, 371, 105446, 38638, 0, 0.000, 0, 0, 0.320639, 1.000000, 11535, 0, 0, 0, 0, 0, 79, 0
1777106441, 2, 1, 847, 845, 21, 7.74%, 0, 0, 2, 5.63, 16, 132, 1, 371, 105446, 38638, 0, 0.000, 0, 0, 0.321224, 1.000000, 11566, 0, 0, 0, 0, 0, 79, 0
1777106447, 2, 1, 847, 845, 21, 7.74%, 0, 0, 2, 5.45, 16, 132, 1, 371, 105446, 38638, 0, 0.000, 0, 0, 0.321714, 1.000000, 11592, 0, 0, 0, 0, 0, 79, 0
1777106452, 2, 1, 847, 845, 21, 7.74%, 0, 0, 2, 5.36, 16, 132, 1, 371, 105446, 38638, 0, 0.000, 0, 0, 0.322241, 1.000000, 11620, 0, 0, 0, 0, 0, 79, 0
1777106457, 2, 1, 847, 845, 21, 7.74%, 0, 0, 2, 5.26, 16, 132, 1, 371, 105446, 38638, 0, 0.000, 0, 0, 0.322729, 1.000000, 11646, 0, 0, 0, 0, 0, 79, 0
