# unix_time, cycles_done, cur_path, paths_total, pending_total, pending_favs, map_size, unique_crashes, unique_hangs, max_depth, execs_per_sec, n_nodes, n_edges, chat_times, llm_calls, llm_prompt_tok, llm_compl_tok, llm_dedup, hyp_fitness, hyp_success, hyp_failure
1773260224, 0, 0, 93, 93, 19, 11.05%, 0, 0, 2, 1.56, 15, 50, 0, 0, 0, 0, 0, 0.000, 0, 0
1773260229, 0, 0, 94, 94, 19, 11.05%, 0, 0, 2, 2.11, 15, 50, 0, 0, 0, 0, 0, 0.000, 0, 0
1773260234, 0, 0, 95, 95, 19, 11.05%, 0, 0, 2, 2.25, 15, 50, 0, 0, 0, 0, 0, 0.000, 0, 0
1773260239, 0, 0, 97, 97, 19, 11.06%, 0, 0, 2, 2.45, 15, 51, 0, 0, 0, 0, 0, 0.000, 0, 0
1773260244, 0, 0, 98, 98, 19, 11.06%, 0, 0, 2, 2.41, 15, 52, 0, 0, 0, 0, 0, 0.000, 0, 0
1773260249, 0, 0, 99, 99, 19, 11.06%, 0, 0, 2, 2.36, 15, 52, 0, 0, 0, 0, 0, 0.000, 0, 0
1773260254, 0, 0, 100, 100, 19, 11.06%, 0, 0, 2, 2.33, 15, 52, 0, 0, 0, 0, 0, 0.000, 0, 0
1773260259, 0, 0, 102, 102, 19, 11.06%, 0, 0, 2, 2.46, 15, 53, 0, 0, 0, 0, 0, 0.000, 0, 0
1773260265, 0, 0, 103, 103, 19, 11.06%, 0, 0, 2, 2.44, 15, 53, 0, 0, 0, 0, 0, 0.000, 0, 0
1773260285, 0, 0, 104, 104, 19, 11.06%, 0, 0, 2, 2.49, 15, 53, 0, 0, 0, 0, 0, 0.000, 0, 0
1773260290, 0, 0, 106, 106, 19, 11.06%, 0, 0, 2, 2.48, 15, 53, 0, 0, 0, 0, 0, 0.000, 0, 0
1773260296, 0, 0, 107, 107, 19, 11.08%, 0, 0, 2, 2.48, 15, 53, 0, 0, 0, 0, 0, 0.000, 0, 0
1773260301, 0, 0, 108, 108, 19, 11.08%, 0, 0, 2, 2.37, 15, 53, 0, 0, 0, 0, 0, 0.000, 0, 0
1773260306, 0, 0, 109, 109, 19, 11.08%, 0, 0, 2, 2.32, 15, 53, 0, 0, 0, 0, 0, 0.000, 0, 0
1773260311, 0, 0, 110, 110, 19, 11.08%, 0, 0, 2, 2.44, 15, 53, 0, 0, 0, 0, 0, 0.000, 0, 0
1773260316, 0, 0, 112, 112, 19, 11.08%, 0, 0, 2, 2.39, 15, 53, 0, 0, 0, 0, 0, 0.000, 0, 0
1773260327, 0, 0, 113, 113, 19, 11.08%, 0, 0, 2, 2.50, 15, 53, 0, 0, 0, 0, 0, 0.000, 0, 0
1773260332, 0, 0, 114, 114, 19, 11.08%, 0, 0, 2, 2.44, 15, 53, 0, 0, 0, 0, 0, 0.000, 0, 0
1773260337, 0, 0, 115, 115, 19, 11.08%, 0, 0, 2, 2.32, 15, 53, 0, 0, 0, 0, 0, 0.000, 0, 0
1773260358, 0, 0, 116, 116, 19, 11.09%, 0, 0, 2, 2.45, 15, 53, 0, 0, 0, 0, 0, 0.000, 0, 0
1773260363, 0, 0, 117, 117, 19, 11.09%, 0, 0, 2, 2.50, 15, 53, 0, 0, 0, 0, 0, 0.000, 0, 0
1773260368, 0, 0, 118, 118, 19, 11.09%, 0, 0, 2, 2.55, 15, 53, 0, 0, 0, 0, 0, 0.000, 0, 0
1773260373, 0, 0, 120, 120, 19, 11.10%, 0, 0, 2, 2.45, 15, 53, 0, 0, 0, 0, 0, 0.000, 0, 0
1773260384, 0, 0, 121, 121, 19, 11.10%, 0, 0, 2, 2.35, 15, 53, 0, 0, 0, 0, 0, 0.000, 0, 0
1773260389, 0, 0, 122, 122, 19, 11.10%, 0, 0, 2, 2.38, 15, 53, 0, 0, 0, 0, 0, 0.000, 0, 0
1773260399, 0, 0, 123, 123, 19, 11.10%, 0, 0, 2, 2.38, 15, 53, 0, 0, 0, 0, 0, 0.000, 0, 0
1773260405, 0, 0, 124, 124, 19, 11.12%, 0, 0, 2, 2.31, 15, 53, 0, 0, 0, 0, 0, 0.000, 0, 0
1773260431, 0, 0, 125, 125, 19, 11.12%, 0, 0, 2, 2.47, 15, 53, 0, 0, 0, 0, 0, 0.000, 0, 0
1773260436, 0, 0, 126, 126, 19, 11.12%, 0, 0, 2, 2.57, 15, 53, 0, 0, 0, 0, 0, 0.000, 0, 0
1773260447, 0, 0, 127, 127, 19, 11.12%, 0, 0, 2, 2.51, 15, 53, 0, 0, 0, 0, 0, 0.000, 0, 0
1773260457, 0, 0, 128, 128, 19, 11.12%, 0, 0, 2, 2.40, 15, 53, 0, 0, 0, 0, 0, 0.000, 0, 0
1773260462, 0, 0, 129, 129, 19, 11.12%, 0, 0, 2, 2.47, 15, 53, 0, 0, 0, 0, 0, 0.000, 0, 0
1773260473, 0, 0, 130, 130, 19, 11.12%, 0, 0, 2, 2.52, 15, 53, 0, 0, 0, 0, 0, 0.000, 0, 0
1773260499, 0, 0, 131, 131, 19, 11.12%, 0, 0, 2, 2.47, 15, 53, 0, 0, 0, 0, 0, 0.000, 0, 0
1773260504, 0, 0, 132, 132, 19, 11.12%, 0, 0, 2, 2.40, 15, 53, 0, 0, 0, 0, 0, 0.000, 0, 0
1773260514, 0, 0, 133, 133, 19, 11.12%, 0, 0, 2, 2.40, 15, 53, 0, 0, 0, 0, 0, 0.000, 0, 0
1773260540, 0, 0, 134, 134, 19, 11.12%, 0, 0, 2, 2.56, 15, 53, 0, 0, 0, 0, 0, 0.000, 0, 0
1773260561, 0, 0, 135, 135, 19, 11.12%, 0, 0, 2, 2.54, 15, 53, 0, 0, 0, 0, 0, 0.000, 0, 0
1773260577, 0, 0, 136, 136, 19, 11.12%, 0, 0, 2, 2.42, 15, 53, 0, 0, 0, 0, 0, 0.000, 0, 0
1773260582, 0, 0, 137, 137, 19, 11.12%, 0, 0, 2, 2.51, 15, 53, 0, 0, 0, 0, 0, 0.000, 0, 0
1773260598, 0, 0, 138, 138, 19, 11.12%, 0, 0, 2, 2.43, 15, 53, 0, 0, 0, 0, 0, 0.000, 0, 0
1773260608, 0, 0, 139, 139, 19, 11.13%, 0, 0, 2, 2.49, 15, 53, 0, 0, 0, 0, 0, 0.000, 0, 0
1773260623, 0, 0, 140, 140, 19, 11.13%, 0, 0, 2, 2.52, 15, 53, 0, 0, 0, 0, 0, 0.000, 0, 0
1773260634, 0, 0, 141, 141, 19, 11.13%, 0, 0, 2, 2.54, 15, 53, 0, 0, 0, 0, 0, 0.000, 0, 0
1773260666, 0, 0, 142, 142, 19, 11.13%, 0, 0, 2, 2.02, 15, 53, 0, 0, 0, 0, 0, 0.000, 0, 0
1773260681, 0, 0, 143, 143, 19, 11.13%, 0, 0, 2, 2.45, 15, 53, 0, 0, 0, 0, 0, 0.000, 0, 0
1773260686, 0, 0, 144, 144, 19, 11.13%, 0, 0, 2, 2.48, 15, 53, 0, 0, 0, 0, 0, 0.000, 0, 0
1773260697, 0, 0, 145, 145, 19, 11.13%, 0, 0, 2, 2.52, 15, 53, 0, 0, 0, 0, 0, 0.000, 0, 0
1773260728, 0, 0, 146, 146, 19, 11.13%, 0, 0, 2, 2.41, 15, 53, 0, 0, 0, 0, 0, 0.000, 0, 0
1773260749, 0, 0, 147, 147, 19, 11.13%, 0, 0, 2, 2.52, 15, 53, 0, 0, 0, 0, 0, 0.000, 0, 0
1773260754, 0, 0, 148, 148, 19, 11.13%, 0, 0, 2, 2.44, 15, 53, 0, 0, 0, 0, 0, 0.000, 0, 0
1773260765, 0, 0, 149, 149, 19, 11.13%, 0, 0, 2, 2.21, 15, 53, 0, 0, 0, 0, 0, 0.000, 0, 0
1773260806, 0, 0, 150, 150, 19, 11.13%, 0, 0, 2, 2.56, 15, 53, 0, 0, 0, 0, 0, 0.000, 0, 0
1773260812, 0, 0, 152, 152, 19, 11.13%, 0, 0, 2, 2.63, 15, 53, 0, 0, 0, 0, 0, 0.000, 0, 0
1773260817, 0, 0, 153, 153, 19, 11.13%, 0, 0, 2, 2.66, 15, 53, 0, 0, 0, 0, 0, 0.000, 0, 0
1773260822, 0, 0, 155, 155, 19, 11.13%, 0, 0, 2, 2.65, 15, 53, 0, 0, 0, 0, 0, 0.000, 0, 0
1773260827, 0, 0, 156, 156, 19, 11.13%, 0, 0, 2, 2.63, 15, 53, 0, 0, 0, 0, 0, 0.000, 0, 0
1773260833, 0, 0, 158, 158, 19, 11.13%, 0, 0, 2, 2.62, 15, 53, 0, 0, 0, 0, 0, 0.000, 0, 0
1773260838, 0, 0, 159, 159, 19, 11.13%, 0, 0, 2, 2.58, 15, 53, 0, 0, 0, 0, 0, 0.000, 0, 0
1773260843, 0, 0, 160, 160, 19, 11.13%, 0, 0, 2, 2.64, 15, 53, 0, 0, 0, 0, 0, 0.000, 0, 0
1773260848, 0, 0, 162, 162, 19, 11.13%, 0, 0, 2, 2.66, 15, 53, 0, 0, 0, 0, 0, 0.000, 0, 0
1773260854, 0, 0, 163, 163, 19, 11.13%, 0, 0, 2, 2.68, 15, 53, 0, 0, 0, 0, 0, 0.000, 0, 0
1773260859, 0, 0, 165, 165, 19, 11.13%, 0, 0, 2, 2.68, 15, 53, 0, 0, 0, 0, 0, 0.000, 0, 0
1773260864, 0, 0, 166, 166, 19, 11.13%, 0, 0, 2, 2.68, 15, 53, 0, 0, 0, 0, 0, 0.000, 0, 0
1773260869, 0, 0, 168, 168, 19, 11.13%, 0, 0, 2, 2.54, 15, 54, 0, 0, 0, 0, 0, 0.000, 0, 0
1773260885, 0, 0, 169, 169, 19, 11.13%, 0, 0, 2, 2.62, 15, 54, 0, 0, 0, 0, 0, 0.000, 0, 0
1773260891, 0, 0, 170, 170, 19, 11.13%, 0, 0, 2, 2.65, 15, 54, 0, 0, 0, 0, 0, 0.000, 0, 0
1773260896, 0, 0, 171, 171, 19, 11.13%, 0, 0, 2, 2.58, 15, 54, 0, 0, 0, 0, 0, 0.000, 0, 0
1773260901, 0, 0, 172, 172, 19, 11.13%, 0, 0, 2, 2.60, 15, 54, 0, 0, 0, 0, 0, 0.000, 0, 0
1773260906, 0, 0, 174, 174, 19, 11.13%, 0, 0, 2, 2.65, 15, 54, 0, 0, 0, 0, 0, 0.000, 0, 0
1773260917, 0, 0, 176, 176, 19, 11.13%, 0, 0, 2, 2.65, 15, 54, 0, 0, 0, 0, 0, 0.000, 0, 0
1773260922, 0, 0, 177, 177, 19, 11.13%, 0, 0, 2, 2.64, 15, 54, 0, 0, 0, 0, 0, 0.000, 0, 0
1773260927, 0, 0, 178, 178, 19, 11.13%, 0, 0, 2, 2.64, 15, 54, 0, 0, 0, 0, 0, 0.000, 0, 0
1773260933, 0, 0, 179, 179, 19, 11.13%, 0, 0, 2, 2.63, 15, 54, 0, 0, 0, 0, 0, 0.000, 0, 0
1773260938, 0, 0, 181, 181, 19, 11.13%, 0, 0, 2, 2.65, 15, 54, 0, 0, 0, 0, 0, 0.000, 0, 0
1773260943, 0, 0, 182, 182, 19, 11.13%, 0, 0, 2, 2.60, 15, 54, 0, 0, 0, 0, 0, 0.000, 0, 0
1773260959, 0, 0, 183, 183, 19, 11.13%, 0, 0, 2, 2.49, 15, 54, 0, 0, 0, 0, 0, 0.000, 0, 0
1773260969, 0, 0, 184, 184, 19, 11.13%, 0, 0, 2, 2.56, 15, 54, 0, 0, 0, 0, 0, 0.000, 0, 0
1773260975, 0, 0, 185, 185, 19, 11.13%, 0, 0, 2, 2.60, 15, 54, 0, 0, 0, 0, 0, 0.000, 0, 0
1773260980, 0, 0, 186, 186, 19, 11.13%, 0, 0, 2, 2.63, 15, 54, 0, 0, 0, 0, 0, 0.000, 0, 0
1773260985, 0, 0, 187, 187, 19, 11.13%, 0, 0, 2, 2.66, 15, 54, 0, 0, 0, 0, 0, 0.000, 0, 0
1773260991, 0, 0, 188, 188, 19, 11.13%, 0, 0, 2, 2.67, 15, 54, 0, 0, 0, 0, 0, 0.000, 0, 0
1773261001, 0, 0, 189, 189, 19, 11.13%, 0, 0, 2, 2.56, 15, 54, 0, 0, 0, 0, 0, 0.000, 0, 0
1773261006, 0, 0, 190, 190, 19, 11.13%, 0, 0, 2, 2.62, 15, 54, 0, 0, 0, 0, 0, 0.000, 0, 0
1773261012, 0, 0, 191, 191, 19, 11.13%, 0, 0, 2, 2.64, 15, 54, 0, 0, 0, 0, 0, 0.000, 0, 0
1773261017, 0, 0, 192, 192, 19, 11.13%, 0, 0, 2, 2.64, 15, 54, 0, 0, 0, 0, 0, 0.000, 0, 0
1773261043, 0, 0, 193, 193, 19, 11.13%, 0, 0, 2, 2.64, 15, 54, 0, 0, 0, 0, 0, 0.000, 0, 0
1773261054, 0, 0, 194, 194, 19, 11.14%, 0, 0, 2, 2.65, 15, 54, 0, 0, 0, 0, 0, 0.000, 0, 0
1773261059, 0, 0, 195, 195, 19, 11.16%, 0, 0, 2, 2.62, 16, 55, 0, 0, 0, 0, 0, 0.000, 0, 0
1773261064, 0, 0, 196, 196, 19, 11.16%, 0, 0, 2, 2.57, 16, 55, 0, 0, 0, 0, 0, 0.000, 0, 0
1773261069, 0, 0, 197, 197, 19, 11.16%, 0, 0, 2, 2.56, 16, 55, 0, 0, 0, 0, 0, 0.000, 0, 0
1773261080, 0, 0, 198, 198, 19, 11.16%, 0, 0, 2, 2.48, 16, 55, 0, 0, 0, 0, 0, 0.000, 0, 0
1773261090, 0, 0, 199, 199, 19, 11.16%, 0, 0, 2, 2.58, 16, 55, 0, 0, 0, 0, 0, 0.000, 0, 0
1773261101, 0, 0, 200, 200, 19, 11.16%, 0, 0, 2, 2.63, 16, 55, 0, 0, 0, 0, 0, 0.000, 0, 0
1773261106, 0, 0, 201, 201, 19, 11.16%, 0, 0, 2, 2.62, 16, 55, 0, 0, 0, 0, 0, 0.000, 0, 0
1773261111, 0, 0, 202, 202, 19, 11.16%, 0, 0, 2, 2.60, 16, 55, 0, 0, 0, 0, 0, 0.000, 0, 0
1773261122, 0, 0, 203, 203, 19, 11.16%, 0, 0, 2, 2.51, 16, 55, 0, 0, 0, 0, 0, 0.000, 0, 0
1773261143, 0, 0, 204, 204, 19, 11.16%, 0, 0, 2, 2.65, 16, 55, 0, 0, 0, 0, 0, 0.000, 0, 0
1773261148, 0, 0, 205, 205, 19, 11.16%, 0, 0, 2, 2.64, 16, 55, 0, 0, 0, 0, 0, 0.000, 0, 0
1773261158, 0, 0, 206, 206, 19, 11.16%, 0, 0, 2, 2.61, 16, 55, 0, 0, 0, 0, 0, 0.000, 0, 0
1773261179, 0, 0, 207, 207, 19, 11.17%, 0, 0, 2, 2.53, 16, 55, 0, 0, 0, 0, 0, 0.000, 0, 0
1773261210, 0, 0, 208, 208, 19, 11.17%, 0, 0, 2, 2.60, 16, 55, 0, 0, 0, 0, 0, 0.000, 0, 0
1773261221, 0, 0, 209, 209, 19, 11.17%, 0, 0, 2, 2.60, 16, 55, 0, 0, 0, 0, 0, 0.000, 0, 0
1773261231, 0, 0, 210, 210, 19, 11.17%, 0, 0, 2, 2.54, 16, 55, 0, 0, 0, 0, 0, 0.000, 0, 0
1773261252, 0, 0, 211, 211, 19, 11.18%, 0, 0, 2, 2.64, 16, 55, 0, 0, 0, 0, 0, 0.000, 0, 0
1773261262, 0, 0, 212, 212, 19, 11.18%, 0, 0, 2, 2.59, 16, 55, 0, 0, 0, 0, 0, 0.000, 0, 0
1773261273, 0, 0, 213, 213, 19, 11.18%, 0, 0, 2, 2.61, 16, 55, 0, 0, 0, 0, 0, 0.000, 0, 0
1773261283, 0, 0, 214, 214, 19, 11.18%, 0, 0, 2, 2.65, 16, 55, 0, 0, 0, 0, 0, 0.000, 0, 0
1773261299, 0, 0, 215, 215, 19, 11.18%, 0, 0, 2, 2.66, 16, 55, 0, 0, 0, 0, 0, 0.000, 0, 0
1773261304, 0, 0, 216, 216, 19, 11.18%, 0, 0, 2, 2.61, 16, 55, 0, 0, 0, 0, 0, 0.000, 0, 0
1773261309, 0, 0, 217, 217, 19, 11.18%, 0, 0, 2, 2.61, 16, 55, 0, 0, 0, 0, 0, 0.000, 0, 0
1773261320, 0, 0, 218, 218, 19, 11.18%, 0, 0, 2, 2.63, 16, 55, 0, 0, 0, 0, 0, 0.000, 0, 0
1773261336, 0, 0, 219, 219, 19, 11.18%, 0, 0, 2, 2.66, 16, 55, 0, 0, 0, 0, 0, 0.000, 0, 0
1773261377, 0, 0, 220, 220, 19, 11.18%, 0, 0, 2, 2.65, 16, 55, 0, 0, 0, 0, 0, 0.000, 0, 0
1773261393, 0, 0, 221, 221, 19, 11.18%, 0, 0, 2, 2.56, 16, 55, 0, 0, 0, 0, 0, 0.000, 0, 0
1773261424, 0, 0, 222, 222, 19, 11.18%, 0, 0, 2, 2.54, 16, 55, 0, 0, 0, 0, 0, 0.000, 0, 0
1773261487, 0, 0, 223, 223, 19, 11.18%, 0, 0, 2, 2.63, 16, 55, 0, 0, 0, 0, 0, 0.000, 0, 0
1773261529, 0, 0, 224, 224, 19, 11.19%, 0, 0, 2, 0.48, 16, 55, 0, 0, 0, 0, 0, 0.000, 0, 0
1773261565, 0, 0, 225, 225, 19, 11.19%, 0, 0, 2, 2.29, 16, 55, 0, 0, 0, 0, 0, 0.000, 0, 0
1773261591, 0, 220, 225, 224, 0, 11.19%, 0, 0, 2, 2.27, 16, 55, 0, 0, 0, 0, 0, 0.000, 0, 0
1773261602, 0, 220, 226, 225, 0, 11.19%, 0, 0, 3, 2.21, 16, 55, 0, 0, 0, 0, 0, 0.000, 0, 0
1773261607, 0, 220, 227, 226, 0, 11.19%, 0, 0, 3, 2.30, 16, 56, 0, 0, 0, 0, 0, 0.000, 0, 0
1773261665, 0, 220, 228, 227, 0, 11.19%, 0, 0, 3, 2.43, 16, 56, 0, 0, 0, 0, 0, 0.000, 0, 0
1773261675, 0, 220, 229, 228, 0, 11.19%, 0, 0, 3, 2.37, 16, 56, 0, 0, 0, 0, 0, 0.000, 0, 0
1773261685, 0, 220, 230, 229, 0, 11.19%, 0, 0, 3, 2.36, 16, 56, 0, 0, 0, 0, 0, 0.000, 0, 0
1773261721, 0, 220, 231, 230, 0, 11.19%, 0, 0, 3, 2.25, 16, 56, 0, 0, 0, 0, 0, 0.000, 0, 0
1773261747, 0, 220, 232, 231, 0, 11.19%, 0, 0, 3, 2.25, 16, 56, 0, 0, 0, 0, 0, 0.000, 0, 0
1773261789, 0, 220, 233, 232, 0, 11.19%, 0, 0, 3, 2.30, 16, 56, 0, 0, 0, 0, 0, 0.000, 0, 0
1773261810, 0, 220, 234, 233, 0, 11.19%, 0, 0, 3, 2.29, 16, 56, 0, 0, 0, 0, 0, 0.000, 0, 0
1773261831, 0, 220, 235, 234, 0, 11.19%, 0, 0, 3, 2.27, 16, 57, 0, 0, 0, 0, 0, 0.000, 0, 0
1773261842, 0, 220, 236, 235, 0, 11.19%, 0, 0, 3, 2.27, 16, 57, 0, 0, 0, 0, 0, 0.000, 0, 0
1773261852, 0, 220, 237, 236, 0, 11.19%, 0, 0, 3, 2.20, 16, 58, 0, 0, 0, 0, 0, 0.000, 0, 0
1773261874, 0, 220, 238, 237, 0, 11.19%, 0, 0, 3, 2.24, 16, 58, 0, 0, 0, 0, 0, 0.000, 0, 0
1773261879, 0, 220, 239, 238, 0, 11.19%, 0, 0, 3, 2.27, 16, 58, 0, 0, 0, 0, 0, 0.000, 0, 0
1773261905, 0, 220, 240, 239, 0, 11.19%, 0, 0, 3, 2.24, 16, 58, 0, 0, 0, 0, 0, 0.000, 0, 0
1773261927, 0, 220, 241, 240, 0, 11.19%, 0, 0, 3, 2.11, 16, 58, 0, 0, 0, 0, 0, 0.000, 0, 0
1773261948, 0, 220, 242, 241, 0, 11.20%, 0, 0, 3, 2.20, 16, 59, 0, 0, 0, 0, 0, 0.000, 0, 0
1773261958, 0, 220, 243, 242, 0, 11.20%, 0, 0, 3, 2.17, 16, 59, 0, 0, 0, 0, 0, 0.000, 0, 0
1773261980, 0, 220, 244, 243, 0, 11.20%, 0, 0, 3, 1.92, 16, 59, 0, 0, 0, 0, 0, 0.000, 0, 0
1773262000, 0, 220, 245, 244, 0, 11.20%, 0, 0, 3, 2.22, 16, 59, 0, 0, 0, 0, 0, 0.000, 0, 0
1773262031, 0, 220, 246, 245, 0, 11.21%, 0, 0, 3, 2.18, 16, 60, 0, 0, 0, 0, 0, 0.000, 0, 0
1773262052, 0, 220, 247, 246, 0, 11.21%, 0, 0, 3, 2.16, 16, 60, 0, 0, 0, 0, 0, 0.000, 0, 0
1773262058, 0, 220, 248, 247, 0, 11.21%, 0, 0, 3, 2.24, 16, 60, 0, 0, 0, 0, 0, 0.000, 0, 0
1773262078, 0, 220, 249, 248, 0, 11.21%, 0, 0, 3, 2.20, 16, 60, 0, 0, 0, 0, 0, 0.000, 0, 0
1773262088, 0, 220, 250, 249, 0, 11.21%, 0, 0, 3, 2.26, 16, 60, 0, 0, 0, 0, 0, 0.000, 0, 0
1773262114, 0, 220, 251, 250, 0, 11.21%, 0, 0, 3, 2.24, 16, 60, 0, 0, 0, 0, 0, 0.000, 0, 0
1773262146, 0, 220, 252, 251, 0, 11.21%, 0, 0, 3, 2.19, 16, 60, 0, 0, 0, 0, 0, 0.000, 0, 0
1773262188, 0, 220, 253, 252, 0, 11.21%, 0, 0, 3, 2.27, 16, 60, 0, 0, 0, 0, 0, 0.000, 0, 0
1773262209, 0, 220, 254, 253, 0, 11.21%, 0, 0, 3, 2.21, 16, 61, 0, 0, 0, 0, 0, 0.000, 0, 0
1773262219, 0, 220, 255, 254, 0, 11.22%, 0, 0, 3, 2.31, 16, 61, 0, 0, 0, 0, 0, 0.000, 0, 0
1773262266, 0, 220, 256, 255, 0, 11.22%, 0, 0, 3, 2.14, 16, 61, 0, 0, 0, 0, 0, 0.000, 0, 0
1773262292, 0, 220, 257, 256, 0, 11.22%, 0, 0, 3, 2.09, 16, 61, 0, 0, 0, 0, 0, 0.000, 0, 0
1773262308, 0, 220, 258, 257, 0, 11.22%, 0, 0, 3, 2.30, 16, 61, 0, 0, 0, 0, 0, 0.000, 0, 0
1773262313, 0, 220, 259, 258, 0, 11.22%, 0, 0, 3, 2.28, 16, 61, 0, 0, 0, 0, 0, 0.000, 0, 0
1773262355, 1, 0, 260, 258, 18, 11.23%, 0, 0, 3, 2.29, 16, 61, 0, 0, 0, 0, 0, 0.000, 0, 0
1773262361, 1, 0, 261, 259, 18, 11.23%, 0, 0, 3, 2.25, 16, 61, 0, 0, 0, 0, 0, 0.000, 0, 0
1773262403, 1, 0, 262, 260, 18, 11.23%, 0, 0, 3, 2.21, 16, 61, 0, 0, 0, 0, 0, 0.000, 0, 0
1773262408, 1, 0, 263, 261, 18, 11.23%, 0, 0, 3, 2.38, 16, 61, 0, 0, 0, 0, 0, 0.000, 0, 0
1773262413, 1, 0, 264, 262, 18, 11.23%, 0, 0, 3, 2.48, 16, 61, 0, 0, 0, 0, 0, 0.000, 0, 0
1773262418, 1, 0, 266, 264, 18, 11.24%, 0, 0, 3, 2.54, 16, 61, 0, 0, 0, 0, 0, 0.000, 0, 0
1773262423, 1, 0, 267, 265, 18, 11.24%, 0, 0, 3, 2.57, 16, 61, 0, 0, 0, 0, 0, 0.000, 0, 0
1773262428, 1, 0, 268, 266, 18, 11.24%, 0, 0, 3, 2.57, 16, 61, 0, 0, 0, 0, 0, 0.000, 0, 0
1773262433, 1, 0, 270, 268, 18, 11.24%, 0, 0, 3, 2.51, 16, 62, 0, 0, 0, 0, 0, 0.000, 0, 0
1773262438, 1, 0, 271, 269, 18, 11.24%, 0, 0, 3, 2.55, 16, 62, 0, 0, 0, 0, 0, 0.000, 0, 0
1773262443, 1, 0, 272, 270, 18, 11.24%, 0, 0, 3, 2.54, 16, 62, 0, 0, 0, 0, 0, 0.000, 0, 0
1773262465, 1, 0, 273, 271, 18, 11.24%, 0, 0, 3, 2.49, 16, 62, 0, 0, 0, 0, 0, 0.000, 0, 0
1773262470, 1, 0, 274, 272, 18, 11.24%, 0, 0, 3, 2.50, 16, 63, 0, 0, 0, 0, 0, 0.000, 0, 0
1773262475, 1, 0, 275, 273, 18, 11.24%, 0, 0, 3, 2.52, 16, 63, 0, 0, 0, 0, 0, 0.000, 0, 0
1773262485, 1, 0, 276, 274, 18, 11.24%, 0, 0, 3, 2.55, 16, 63, 0, 0, 0, 0, 0, 0.000, 0, 0
1773262495, 1, 0, 277, 275, 18, 11.24%, 0, 0, 3, 2.57, 16, 63, 0, 0, 0, 0, 0, 0.000, 0, 0
1773262500, 1, 0, 278, 276, 18, 11.24%, 0, 0, 3, 2.58, 16, 63, 0, 0, 0, 0, 0, 0.000, 0, 0
1773262511, 1, 0, 279, 277, 18, 11.24%, 0, 0, 3, 2.50, 16, 63, 0, 0, 0, 0, 0, 0.000, 0, 0
1773262521, 1, 0, 280, 278, 18, 11.24%, 0, 0, 3, 2.52, 16, 63, 0, 0, 0, 0, 0, 0.000, 0, 0
1773262526, 1, 0, 281, 279, 18, 11.25%, 0, 0, 3, 2.52, 16, 63, 0, 0, 0, 0, 0, 0.000, 0, 0
1773262531, 1, 0, 282, 280, 18, 11.27%, 0, 0, 3, 2.51, 16, 63, 0, 0, 0, 0, 0, 0.000, 0, 0
1773262547, 1, 0, 283, 281, 18, 11.27%, 0, 0, 3, 2.53, 16, 63, 0, 0, 0, 0, 0, 0.000, 0, 0
1773262562, 1, 0, 284, 282, 18, 11.27%, 0, 0, 3, 2.54, 16, 63, 0, 0, 0, 0, 0, 0.000, 0, 0
1773262567, 1, 0, 285, 283, 18, 11.27%, 0, 0, 3, 2.52, 16, 63, 0, 0, 0, 0, 0, 0.000, 0, 0
1773262577, 1, 0, 286, 284, 18, 11.27%, 0, 0, 3, 2.54, 16, 63, 0, 0, 0, 0, 0, 0.000, 0, 0
1773262583, 1, 0, 287, 285, 18, 11.27%, 0, 0, 3, 2.51, 16, 63, 0, 0, 0, 0, 0, 0.000, 0, 0
1773262609, 1, 0, 288, 286, 18, 11.27%, 0, 0, 3, 2.51, 16, 63, 0, 0, 0, 0, 0, 0.000, 0, 0
1773262614, 1, 0, 289, 287, 18, 11.27%, 0, 0, 3, 2.55, 16, 63, 0, 0, 0, 0, 0, 0.000, 0, 0
1773262619, 1, 0, 290, 288, 18, 11.27%, 0, 0, 3, 2.56, 16, 63, 0, 0, 0, 0, 0, 0.000, 0, 0
1773262634, 1, 0, 291, 289, 18, 11.27%, 0, 0, 3, 2.57, 16, 63, 0, 0, 0, 0, 0, 0.000, 0, 0
1773262639, 1, 0, 292, 290, 18, 11.27%, 0, 0, 3, 2.59, 16, 63, 0, 0, 0, 0, 0, 0.000, 0, 0
1773262655, 1, 0, 293, 291, 18, 11.27%, 0, 0, 3, 2.52, 16, 63, 0, 0, 0, 0, 0, 0.000, 0, 0
1773262665, 1, 0, 294, 292, 18, 11.28%, 0, 0, 3, 2.50, 16, 63, 0, 0, 0, 0, 0, 0.000, 0, 0
1773262671, 1, 0, 295, 293, 18, 11.28%, 0, 0, 3, 2.50, 16, 63, 0, 0, 0, 0, 0, 0.000, 0, 0
1773262676, 1, 0, 296, 294, 18, 11.28%, 0, 0, 3, 2.50, 16, 63, 0, 0, 0, 0, 0, 0.000, 0, 0
1773262686, 1, 0, 297, 295, 18, 11.28%, 0, 0, 3, 2.54, 16, 63, 0, 0, 0, 0, 0, 0.000, 0, 0
1773262691, 1, 0, 298, 296, 18, 11.28%, 0, 0, 3, 2.56, 17, 65, 0, 0, 0, 0, 0, 0.000, 0, 0
1773262706, 1, 0, 300, 298, 18, 11.28%, 0, 0, 3, 2.59, 17, 65, 0, 0, 0, 0, 0, 0.000, 0, 0
1773262711, 1, 0, 301, 299, 18, 11.28%, 0, 0, 3, 2.53, 17, 65, 0, 0, 0, 0, 0, 0.000, 0, 0
1773262716, 1, 0, 302, 300, 18, 11.28%, 0, 0, 3, 2.50, 17, 66, 0, 0, 0, 0, 0, 0.000, 0, 0
1773262742, 1, 0, 303, 301, 18, 11.28%, 0, 0, 3, 2.57, 17, 66, 0, 0, 0, 0, 0, 0.000, 0, 0
1773262768, 1, 0, 304, 302, 18, 11.28%, 0, 0, 3, 2.43, 17, 66, 0, 0, 0, 0, 0, 0.000, 0, 0
1773262773, 1, 0, 305, 303, 18, 11.28%, 0, 0, 3, 2.51, 17, 66, 0, 0, 0, 0, 0, 0.000, 0, 0
1773262803, 1, 0, 306, 304, 18, 11.28%, 0, 0, 3, 2.54, 17, 66, 0, 0, 0, 0, 0, 0.000, 0, 0
1773262819, 1, 0, 307, 305, 18, 11.29%, 0, 0, 3, 2.56, 17, 68, 0, 0, 0, 0, 0, 0.000, 0, 0
1773262825, 1, 0, 308, 306, 18, 11.29%, 0, 0, 3, 2.59, 17, 68, 0, 0, 0, 0, 0, 0.000, 0, 0
1773262835, 1, 0, 309, 307, 18, 11.29%, 0, 0, 3, 2.10, 17, 68, 0, 0, 0, 0, 0, 0.000, 0, 0
1773262868, 1, 0, 310, 308, 18, 11.30%, 0, 0, 3, 1.88, 17, 68, 0, 0, 0, 0, 0, 0.000, 0, 0
1773262874, 1, 0, 311, 309, 18, 11.31%, 0, 0, 3, 2.33, 17, 68, 0, 0, 0, 0, 0, 0.000, 0, 0
1773262879, 1, 0, 312, 310, 18, 11.31%, 0, 0, 3, 2.14, 17, 69, 0, 0, 0, 0, 0, 0.000, 0, 0
1773262889, 1, 0, 313, 311, 18, 11.31%, 0, 0, 3, 2.34, 17, 69, 0, 0, 0, 0, 0, 0.000, 0, 0
1773262915, 1, 0, 314, 312, 18, 11.32%, 0, 0, 3, 1.94, 17, 69, 0, 0, 0, 0, 0, 0.000, 0, 0
1773262926, 1, 0, 315, 313, 18, 11.32%, 0, 0, 3, 1.66, 17, 69, 0, 0, 0, 0, 0, 0.000, 0, 0
1773262963, 1, 0, 316, 314, 18, 11.32%, 0, 0, 3, 2.32, 17, 69, 0, 0, 0, 0, 0, 0.000, 0, 0
1773262968, 1, 0, 317, 315, 18, 11.32%, 0, 0, 3, 2.37, 17, 69, 0, 0, 0, 0, 0, 0.000, 0, 0
1773262979, 1, 0, 318, 316, 18, 11.32%, 0, 0, 3, 2.29, 17, 69, 0, 0, 0, 0, 0, 0.000, 0, 0
1773263020, 1, 0, 319, 317, 18, 11.32%, 0, 0, 3, 1.96, 17, 69, 0, 0, 0, 0, 0, 0.000, 0, 0
1773263036, 1, 0, 320, 318, 18, 11.32%, 0, 0, 3, 2.19, 17, 69, 0, 0, 0, 0, 0, 0.000, 0, 0
1773263062, 1, 0, 321, 319, 18, 11.32%, 0, 0, 3, 2.39, 17, 70, 0, 0, 0, 0, 0, 0.000, 0, 0
1773263083, 1, 0, 322, 320, 18, 11.32%, 0, 0, 3, 2.25, 17, 70, 0, 0, 0, 0, 0, 0.000, 0, 0
1773263093, 1, 0, 323, 321, 18, 11.33%, 0, 0, 3, 2.31, 17, 70, 0, 0, 0, 0, 0, 0.000, 0, 0
1773263124, 1, 0, 324, 322, 18, 11.33%, 0, 0, 3, 2.46, 17, 70, 0, 0, 0, 0, 0, 0.000, 0, 0
1773263140, 1, 0, 325, 323, 18, 11.34%, 0, 0, 3, 2.38, 17, 70, 0, 0, 0, 0, 0, 0.000, 0, 0
1773263150, 1, 0, 326, 324, 18, 11.34%, 0, 0, 3, 2.41, 17, 70, 0, 0, 0, 0, 0, 0.000, 0, 0
1773263170, 1, 0, 327, 325, 18, 11.34%, 0, 0, 3, 2.55, 17, 71, 0, 0, 0, 0, 0, 0.000, 0, 0
1773263197, 1, 0, 328, 326, 18, 11.34%, 0, 0, 3, 2.24, 17, 71, 0, 0, 0, 0, 0, 0.000, 0, 0
1773263202, 1, 0, 329, 327, 18, 11.34%, 0, 0, 3, 2.36, 17, 71, 0, 0, 0, 0, 0, 0.000, 0, 0
1773263213, 1, 0, 330, 328, 18, 11.34%, 0, 0, 3, 2.33, 17, 71, 0, 0, 0, 0, 0, 0.000, 0, 0
1773263218, 1, 0, 331, 329, 18, 11.34%, 0, 0, 3, 2.31, 17, 71, 0, 0, 0, 0, 0, 0.000, 0, 0
1773263228, 1, 0, 332, 330, 18, 11.34%, 0, 0, 3, 2.37, 17, 71, 0, 0, 0, 0, 0, 0.000, 0, 0
1773263249, 1, 0, 333, 331, 18, 11.34%, 0, 0, 3, 2.43, 17, 71, 0, 0, 0, 0, 0, 0.000, 0, 0
1773263270, 1, 0, 334, 332, 18, 11.34%, 0, 0, 3, 2.30, 17, 71, 0, 0, 0, 0, 0, 0.000, 0, 0
1773263296, 1, 0, 335, 333, 18, 11.34%, 0, 0, 3, 2.30, 17, 71, 0, 0, 0, 0, 0, 0.000, 0, 0
1773263301, 1, 0, 336, 334, 18, 11.34%, 0, 0, 3, 2.47, 17, 71, 0, 0, 0, 0, 0, 0.000, 0, 0
1773263312, 1, 0, 337, 335, 18, 11.34%, 0, 0, 3, 2.34, 17, 71, 0, 0, 0, 0, 0, 0.000, 0, 0
1773263333, 1, 0, 338, 336, 18, 11.34%, 0, 0, 3, 2.38, 17, 71, 0, 0, 0, 0, 0, 0.000, 0, 0
1773263338, 1, 0, 339, 337, 18, 11.34%, 0, 0, 3, 2.37, 17, 71, 0, 0, 0, 0, 0, 0.000, 0, 0
1773263385, 1, 0, 340, 338, 18, 11.34%, 0, 0, 3, 1.99, 17, 71, 0, 0, 0, 0, 0, 0.000, 0, 0
1773263449, 1, 0, 341, 339, 18, 11.34%, 0, 0, 3, 2.20, 17, 71, 0, 0, 0, 0, 0, 0.000, 0, 0
1773263500, 1, 0, 342, 340, 18, 11.34%, 0, 0, 3, 2.30, 17, 71, 0, 0, 0, 0, 0, 0.000, 0, 0
1773263506, 1, 0, 343, 341, 18, 11.34%, 0, 0, 3, 2.39, 17, 71, 0, 0, 0, 0, 0, 0.000, 0, 0
1773263511, 1, 0, 344, 342, 18, 11.34%, 0, 0, 3, 2.34, 17, 71, 0, 0, 0, 0, 0, 0.000, 0, 0
1773263521, 1, 0, 346, 344, 18, 11.34%, 0, 0, 3, 2.40, 17, 71, 0, 0, 0, 0, 0, 0.000, 0, 0
1773263532, 1, 0, 347, 345, 18, 11.34%, 0, 0, 3, 2.12, 17, 71, 0, 0, 0, 0, 0, 0.000, 0, 0
1773263564, 1, 0, 348, 346, 18, 11.34%, 0, 0, 3, 1.89, 17, 71, 0, 0, 0, 0, 0, 0.000, 0, 0
1773263570, 1, 0, 349, 347, 18, 11.34%, 0, 0, 3, 2.14, 17, 71, 0, 0, 0, 0, 0, 0.000, 0, 0
1773263575, 1, 0, 350, 348, 18, 11.34%, 0, 0, 3, 2.19, 17, 71, 0, 0, 0, 0, 0, 0.000, 0, 0
1773263580, 1, 0, 351, 349, 18, 11.34%, 0, 0, 3, 2.35, 17, 71, 0, 0, 0, 0, 0, 0.000, 0, 0
1773263601, 1, 0, 352, 350, 18, 11.34%, 0, 0, 3, 2.50, 17, 71, 0, 0, 0, 0, 0, 0.000, 0, 0
1773263616, 1, 0, 353, 351, 18, 11.34%, 0, 0, 3, 2.57, 17, 71, 0, 0, 0, 0, 0, 0.000, 0, 0
1773263621, 1, 0, 354, 352, 18, 11.34%, 0, 0, 3, 2.57, 17, 71, 0, 0, 0, 0, 0, 0.000, 0, 0
1773263631, 1, 0, 355, 353, 18, 11.34%, 0, 0, 3, 2.46, 17, 71, 0, 0, 0, 0, 0, 0.000, 0, 0
1773263673, 1, 0, 356, 354, 18, 11.34%, 0, 0, 3, 2.58, 17, 71, 0, 0, 0, 0, 0, 0.000, 0, 0
1773263710, 1, 0, 357, 355, 18, 11.34%, 0, 0, 3, 2.37, 17, 71, 0, 0, 0, 0, 0, 0.000, 0, 0
1773263725, 1, 0, 358, 356, 18, 11.34%, 0, 0, 3, 2.42, 17, 71, 0, 0, 0, 0, 0, 0.000, 0, 0
1773263746, 1, 0, 359, 357, 18, 11.34%, 0, 0, 3, 2.53, 17, 71, 0, 0, 0, 0, 0, 0.000, 0, 0
1773263783, 1, 0, 360, 358, 18, 11.34%, 0, 0, 3, 2.44, 17, 71, 0, 0, 0, 0, 0, 0.000, 0, 0
1773263820, 1, 0, 361, 359, 18, 11.34%, 0, 0, 3, 2.01, 17, 71, 0, 0, 0, 0, 0, 0.000, 0, 0
1773263830, 1, 0, 362, 360, 18, 11.34%, 0, 0, 3, 1.66, 17, 71, 0, 0, 0, 0, 0, 0.000, 0, 0
1773263847, 1, 0, 363, 361, 18, 11.35%, 0, 0, 3, 1.42, 17, 72, 0, 0, 0, 0, 0, 0.000, 0, 0
1773263874, 1, 0, 364, 362, 18, 11.36%, 0, 0, 3, 1.64, 17, 72, 0, 0, 0, 0, 0, 0.000, 0, 0
1773263884, 1, 0, 365, 363, 18, 11.36%, 0, 0, 3, 1.87, 17, 72, 0, 0, 0, 0, 0, 0.000, 0, 0
1773263895, 1, 0, 366, 364, 18, 11.36%, 0, 0, 3, 1.76, 17, 72, 0, 0, 0, 0, 0, 0.000, 0, 0
1773263911, 1, 0, 367, 365, 18, 11.36%, 0, 0, 3, 2.23, 17, 72, 0, 0, 0, 0, 0, 0.000, 0, 0
1773263926, 1, 0, 368, 366, 18, 11.36%, 0, 0, 3, 1.88, 17, 72, 0, 0, 0, 0, 0, 0.000, 0, 0
1773263937, 1, 0, 369, 367, 18, 11.36%, 0, 0, 3, 1.53, 17, 72, 0, 0, 0, 0, 0, 0.000, 0, 0
1773263989, 1, 0, 370, 368, 18, 11.36%, 0, 0, 3, 1.16, 17, 72, 0, 0, 0, 0, 0, 0.000, 0, 0
1773263999, 1, 0, 371, 369, 18, 11.36%, 0, 0, 3, 1.14, 17, 72, 0, 0, 0, 0, 0, 0.000, 0, 0
1773264033, 1, 0, 372, 370, 18, 11.36%, 0, 0, 3, 1.30, 17, 72, 0, 0, 0, 0, 0, 0.000, 0, 0
1773264053, 1, 0, 373, 371, 18, 11.36%, 0, 0, 3, 2.16, 17, 72, 0, 0, 0, 0, 0, 0.000, 0, 0
1773264069, 1, 0, 374, 372, 18, 11.36%, 0, 0, 3, 2.46, 17, 72, 0, 0, 0, 0, 0, 0.000, 0, 0
1773264080, 1, 0, 375, 373, 18, 11.37%, 0, 0, 3, 2.25, 17, 72, 0, 0, 0, 0, 0, 0.000, 0, 0
1773264095, 1, 0, 376, 374, 18, 11.37%, 0, 0, 3, 1.52, 17, 72, 0, 0, 0, 0, 0, 0.000, 0, 0
1773264123, 1, 0, 377, 375, 18, 11.37%, 0, 0, 3, 2.23, 17, 72, 0, 0, 0, 0, 0, 0.000, 0, 0
1773264128, 1, 0, 378, 376, 18, 11.37%, 0, 0, 3, 2.20, 17, 72, 0, 0, 0, 0, 0, 0.000, 0, 0
1773264133, 1, 0, 379, 377, 18, 11.37%, 0, 0, 3, 2.34, 17, 72, 0, 0, 0, 0, 0, 0.000, 0, 0
1773264139, 1, 0, 380, 378, 18, 11.39%, 0, 0, 3, 2.23, 17, 72, 0, 0, 0, 0, 0, 0.000, 0, 0
1773264160, 1, 0, 381, 379, 18, 11.39%, 0, 0, 3, 1.88, 17, 72, 0, 0, 0, 0, 0, 0.000, 0, 0
1773264181, 1, 0, 382, 380, 18, 11.39%, 0, 0, 3, 1.71, 17, 72, 0, 0, 0, 0, 0, 0.000, 0, 0
1773264192, 1, 0, 383, 381, 18, 11.39%, 0, 0, 3, 1.48, 17, 72, 0, 0, 0, 0, 0, 0.000, 0, 0
1773264213, 1, 0, 384, 382, 18, 11.39%, 0, 0, 3, 2.31, 17, 72, 0, 0, 0, 0, 0, 0.000, 0, 0
1773264219, 1, 0, 385, 383, 18, 11.39%, 0, 0, 3, 2.37, 17, 73, 0, 0, 0, 0, 0, 0.000, 0, 0
1773264235, 1, 0, 386, 384, 18, 11.39%, 0, 0, 3, 2.23, 17, 73, 0, 0, 0, 0, 0, 0.000, 0, 0
1773264245, 1, 0, 387, 385, 18, 11.40%, 0, 0, 3, 2.12, 17, 73, 0, 0, 0, 0, 0, 0.000, 0, 0
1773264256, 1, 0, 388, 386, 18, 11.40%, 0, 0, 3, 2.26, 17, 73, 0, 0, 0, 0, 0, 0.000, 0, 0
1773264261, 1, 0, 389, 387, 18, 11.43%, 0, 0, 3, 2.11, 17, 73, 0, 0, 0, 0, 0, 0.000, 0, 0
1773264283, 1, 0, 390, 388, 18, 11.45%, 0, 0, 3, 1.61, 17, 73, 0, 0, 0, 0, 0, 0.000, 0, 0
1773264304, 1, 0, 391, 389, 18, 11.45%, 0, 0, 3, 2.16, 17, 73, 0, 0, 0, 0, 0, 0.000, 0, 0
1773264320, 1, 0, 392, 390, 18, 11.45%, 0, 0, 3, 2.17, 17, 73, 0, 0, 0, 0, 0, 0.000, 0, 0
1773264336, 1, 0, 393, 391, 18, 11.45%, 0, 0, 3, 1.91, 17, 73, 0, 0, 0, 0, 0, 0.000, 0, 0
1773264346, 1, 0, 394, 392, 18, 11.45%, 0, 0, 3, 2.24, 17, 73, 0, 0, 0, 0, 0, 0.000, 0, 0
1773264357, 1, 0, 395, 393, 18, 11.45%, 0, 0, 3, 2.41, 17, 73, 0, 0, 0, 0, 0, 0.000, 0, 0
1773264373, 1, 0, 396, 394, 18, 11.45%, 0, 0, 3, 2.19, 17, 73, 0, 0, 0, 0, 0, 0.000, 0, 0
1773264388, 1, 0, 397, 395, 18, 11.45%, 0, 0, 3, 1.90, 17, 73, 0, 0, 0, 0, 0, 0.000, 0, 0
1773264409, 1, 0, 398, 396, 18, 11.45%, 0, 0, 3, 1.98, 17, 73, 0, 0, 0, 0, 0, 0.000, 0, 0
1773264414, 1, 0, 399, 397, 18, 11.45%, 0, 0, 3, 1.78, 17, 73, 0, 0, 0, 0, 0, 0.000, 0, 0
1773264419, 1, 0, 400, 398, 18, 11.46%, 0, 0, 3, 1.81, 17, 73, 0, 0, 0, 0, 0, 0.000, 0, 0
1773264430, 1, 0, 401, 399, 18, 11.48%, 0, 0, 3, 1.98, 18, 74, 0, 0, 0, 0, 0, 0.000, 0, 0
1773264435, 1, 0, 402, 400, 18, 11.50%, 0, 0, 3, 1.82, 18, 74, 0, 0, 0, 0, 0, 0.000, 0, 0
1773264447, 1, 0, 403, 401, 18, 11.50%, 0, 0, 3, 1.37, 18, 74, 0, 0, 0, 0, 0, 0.000, 0, 0
1773264459, 1, 0, 404, 402, 18, 11.51%, 0, 0, 3, 1.09, 18, 74, 0, 0, 0, 0, 0, 0.000, 0, 0
1773264470, 1, 0, 405, 403, 18, 11.51%, 0, 0, 3, 1.14, 18, 74, 0, 0, 0, 0, 0, 0.000, 0, 0
1773264481, 1, 0, 406, 404, 18, 11.51%, 0, 0, 3, 2.01, 18, 75, 0, 0, 0, 0, 0, 0.000, 0, 0
1773264496, 1, 0, 407, 405, 18, 11.52%, 0, 0, 3, 2.46, 18, 75, 0, 0, 0, 0, 0, 0.000, 0, 0
1773264502, 1, 0, 408, 406, 18, 11.52%, 0, 0, 3, 2.38, 18, 76, 0, 0, 0, 0, 0, 0.000, 0, 0
1773264512, 1, 0, 409, 407, 18, 11.52%, 0, 0, 3, 2.10, 18, 76, 0, 0, 0, 0, 0, 0.000, 0, 0
1773264524, 1, 0, 410, 408, 18, 11.52%, 0, 0, 3, 1.87, 18, 76, 0, 0, 0, 0, 0, 0.000, 0, 0
1773264529, 1, 0, 411, 409, 18, 11.52%, 0, 0, 3, 1.89, 18, 76, 0, 0, 0, 0, 0, 0.000, 0, 0
1773264534, 1, 0, 412, 410, 18, 11.52%, 0, 0, 3, 1.92, 18, 76, 0, 0, 0, 0, 0, 0.000, 0, 0
1773264560, 1, 0, 413, 411, 18, 11.52%, 0, 0, 3, 1.97, 18, 76, 0, 0, 0, 0, 0, 0.000, 0, 0
1773264566, 1, 0, 414, 412, 18, 11.52%, 0, 0, 3, 2.04, 18, 76, 0, 0, 0, 0, 0, 0.000, 0, 0
1773264571, 1, 0, 415, 413, 18, 11.52%, 0, 0, 3, 2.36, 18, 76, 0, 0, 0, 0, 0, 0.000, 0, 0
1773264576, 1, 0, 416, 414, 18, 11.53%, 0, 0, 3, 2.09, 18, 76, 0, 0, 0, 0, 0, 0.000, 0, 0
1773264587, 1, 0, 417, 415, 18, 11.53%, 0, 0, 3, 1.98, 18, 76, 0, 0, 0, 0, 0, 0.000, 0, 0
1773264597, 1, 0, 418, 416, 18, 11.53%, 0, 0, 3, 1.75, 18, 76, 0, 0, 0, 0, 0, 0.000, 0, 0
1773264603, 1, 0, 419, 417, 18, 11.53%, 0, 0, 3, 1.63, 18, 76, 0, 0, 0, 0, 0, 0.000, 0, 0
1773264614, 1, 0, 420, 418, 18, 11.53%, 0, 0, 3, 2.09, 18, 76, 0, 0, 0, 0, 0, 0.000, 0, 0
1773264629, 1, 0, 421, 419, 18, 11.53%, 0, 0, 3, 2.35, 18, 76, 0, 0, 0, 0, 0, 0.000, 0, 0
1773264636, 1, 0, 422, 420, 18, 11.59%, 0, 0, 3, 2.14, 18, 76, 0, 0, 0, 0, 0, 0.000, 0, 0
1773264662, 1, 0, 423, 421, 18, 11.59%, 0, 0, 3, 2.15, 18, 76, 0, 0, 0, 0, 0, 0.000, 0, 0
1773264667, 1, 0, 424, 422, 18, 11.59%, 0, 0, 3, 2.28, 18, 76, 0, 0, 0, 0, 0, 0.000, 0, 0
1773264683, 1, 0, 426, 424, 18, 11.59%, 0, 0, 3, 2.36, 19, 78, 0, 0, 0, 0, 0, 0.000, 0, 0
1773264693, 1, 0, 427, 425, 18, 11.59%, 0, 0, 3, 2.24, 19, 78, 0, 0, 0, 0, 0, 0.000, 0, 0
1773264698, 1, 0, 428, 426, 18, 11.59%, 0, 0, 3, 2.05, 19, 78, 0, 0, 0, 0, 0, 0.000, 0, 0
1773264709, 1, 0, 429, 427, 18, 11.59%, 0, 0, 3, 2.02, 19, 78, 0, 0, 0, 0, 0, 0.000, 0, 0
1773264719, 1, 0, 430, 428, 18, 11.59%, 0, 0, 3, 2.06, 19, 78, 0, 0, 0, 0, 0, 0.000, 0, 0
1773264729, 1, 0, 431, 429, 18, 11.59%, 0, 0, 3, 2.16, 19, 78, 0, 0, 0, 0, 0, 0.000, 0, 0
1773264734, 1, 0, 432, 430, 18, 11.59%, 0, 0, 3, 2.03, 19, 78, 0, 0, 0, 0, 0, 0.000, 0, 0
1773264751, 1, 0, 434, 432, 18, 11.60%, 0, 0, 3, 1.98, 19, 78, 0, 0, 0, 0, 0, 0.000, 0, 0
1773264769, 1, 0, 435, 433, 18, 11.60%, 0, 0, 3, 1.31, 19, 78, 0, 0, 0, 0, 0, 0.000, 0, 0
1773264792, 1, 0, 436, 434, 18, 11.60%, 0, 0, 3, 1.67, 19, 78, 0, 0, 0, 0, 0, 0.000, 0, 0
1773264802, 1, 0, 437, 435, 18, 11.60%, 0, 0, 3, 2.04, 19, 78, 0, 0, 0, 0, 0, 0.000, 0, 0
1773264818, 1, 0, 438, 436, 18, 11.60%, 0, 0, 3, 2.04, 19, 78, 0, 0, 0, 0, 0, 0.000, 0, 0
1773264823, 1, 0, 439, 437, 18, 11.60%, 0, 0, 3, 2.03, 19, 78, 0, 0, 0, 0, 0, 0.000, 0, 0
1773264829, 1, 0, 440, 438, 18, 11.60%, 0, 0, 3, 2.38, 19, 78, 0, 0, 0, 0, 0, 0.000, 0, 0
1773264834, 1, 0, 441, 439, 18, 11.60%, 0, 0, 3, 2.23, 19, 78, 0, 0, 0, 0, 0, 0.000, 0, 0
1773264844, 1, 0, 442, 440, 18, 11.60%, 0, 0, 3, 2.27, 19, 78, 0, 0, 0, 0, 0, 0.000, 0, 0
1773264849, 1, 0, 443, 441, 18, 11.60%, 0, 0, 3, 2.30, 19, 78, 0, 0, 0, 0, 0, 0.000, 0, 0
1773264865, 1, 0, 444, 442, 18, 11.60%, 0, 0, 3, 2.10, 19, 78, 0, 0, 0, 0, 0, 0.000, 0, 0
1773264876, 1, 0, 445, 443, 18, 11.60%, 0, 0, 3, 1.79, 19, 78, 0, 0, 0, 0, 0, 0.000, 0, 0
1773264886, 1, 0, 446, 444, 18, 11.60%, 0, 0, 3, 1.95, 19, 78, 0, 0, 0, 0, 0, 0.000, 0, 0
1773264897, 1, 0, 447, 445, 18, 11.60%, 0, 0, 3, 1.83, 19, 78, 0, 0, 0, 0, 0, 0.000, 0, 0
1773264902, 1, 0, 448, 446, 18, 11.60%, 0, 0, 3, 1.93, 19, 78, 0, 0, 0, 0, 0, 0.000, 0, 0
1773264918, 1, 0, 449, 447, 18, 11.60%, 0, 0, 3, 2.21, 19, 78, 0, 0, 0, 0, 0, 0.000, 0, 0
1773264923, 1, 0, 450, 448, 18, 11.60%, 0, 0, 3, 2.07, 19, 78, 0, 0, 0, 0, 0, 0.000, 0, 0
1773264934, 1, 0, 452, 450, 18, 11.60%, 0, 0, 3, 2.02, 19, 78, 0, 0, 0, 0, 0, 0.000, 0, 0
1773264939, 1, 0, 453, 451, 18, 11.60%, 0, 0, 3, 2.13, 19, 78, 0, 0, 0, 0, 0, 0.000, 0, 0
1773264965, 1, 0, 454, 452, 18, 11.60%, 0, 0, 3, 2.08, 19, 78, 0, 0, 0, 0, 0, 0.000, 0, 0
1773264992, 1, 0, 455, 453, 18, 11.60%, 0, 0, 3, 2.52, 19, 78, 0, 0, 0, 0, 0, 0.000, 0, 0
1773264997, 1, 0, 456, 454, 18, 11.60%, 0, 0, 3, 2.09, 19, 78, 0, 0, 0, 0, 0, 0.000, 0, 0
1773265008, 1, 0, 457, 455, 18, 11.60%, 0, 0, 3, 2.27, 19, 78, 0, 0, 0, 0, 0, 0.000, 0, 0
1773265019, 1, 0, 458, 456, 18, 11.60%, 0, 0, 3, 2.34, 19, 78, 0, 0, 0, 0, 0, 0.000, 0, 0
1773265034, 1, 0, 459, 457, 18, 11.60%, 0, 0, 3, 2.39, 19, 78, 0, 0, 0, 0, 0, 0.000, 0, 0
1773265050, 1, 0, 460, 458, 18, 11.60%, 0, 0, 3, 2.22, 19, 79, 0, 0, 0, 0, 0, 0.000, 0, 0
1773265060, 1, 0, 461, 459, 18, 11.60%, 0, 0, 3, 2.29, 19, 79, 0, 0, 0, 0, 0, 0.000, 0, 0
1773265065, 1, 0, 462, 460, 18, 11.60%, 0, 0, 3, 2.44, 19, 79, 0, 0, 0, 0, 0, 0.000, 0, 0
1773265081, 1, 0, 463, 461, 18, 11.60%, 0, 0, 3, 2.35, 19, 79, 0, 0, 0, 0, 0, 0.000, 0, 0
1773265091, 1, 0, 464, 462, 18, 11.60%, 0, 0, 3, 2.18, 19, 79, 0, 0, 0, 0, 0, 0.000, 0, 0
1773265123, 1, 0, 465, 463, 18, 11.61%, 0, 0, 3, 2.35, 19, 79, 0, 0, 0, 0, 0, 0.000, 0, 0
1773265133, 1, 0, 466, 464, 18, 11.61%, 0, 0, 3, 2.10, 19, 79, 0, 0, 0, 0, 0, 0.000, 0, 0
1773265144, 1, 0, 467, 465, 18, 11.61%, 0, 0, 3, 1.77, 19, 79, 0, 0, 0, 0, 0, 0.000, 0, 0
1773265223, 1, 0, 468, 466, 18, 11.62%, 0, 0, 3, 1.96, 19, 79, 0, 0, 0, 0, 0, 0.000, 0, 0
1773265246, 1, 0, 469, 467, 18, 11.62%, 0, 0, 3, 1.80, 19, 79, 0, 0, 0, 0, 0, 0.000, 0, 0
1773265283, 1, 0, 470, 468, 18, 11.62%, 0, 0, 3, 2.06, 19, 79, 0, 0, 0, 0, 0, 0.000, 0, 0
1773265331, 1, 0, 471, 469, 18, 11.62%, 0, 0, 3, 1.91, 19, 79, 0, 0, 0, 0, 0, 0.000, 0, 0
1773265357, 1, 0, 472, 470, 18, 11.62%, 0, 0, 3, 2.26, 19, 79, 0, 0, 0, 0, 0, 0.000, 0, 0
1773265367, 1, 0, 473, 471, 18, 11.62%, 0, 0, 3, 2.44, 19, 79, 0, 0, 0, 0, 0, 0.000, 0, 0
1773265372, 1, 0, 474, 472, 18, 11.62%, 0, 0, 3, 2.30, 19, 79, 0, 0, 0, 0, 0, 0.000, 0, 0
1773265383, 1, 0, 475, 473, 18, 11.62%, 0, 0, 3, 1.65, 19, 79, 0, 0, 0, 0, 0, 0.000, 0, 0
1773265399, 1, 0, 476, 474, 18, 11.63%, 0, 0, 3, 2.31, 19, 79, 0, 0, 0, 0, 0, 0.000, 0, 0
1773265415, 1, 0, 477, 475, 18, 11.63%, 0, 0, 3, 2.22, 19, 79, 0, 0, 0, 0, 0, 0.000, 0, 0
1773265441, 1, 0, 478, 476, 18, 11.63%, 0, 0, 3, 2.43, 19, 79, 0, 0, 0, 0, 0, 0.000, 0, 0
1773265452, 1, 0, 479, 477, 18, 11.63%, 0, 0, 3, 2.08, 19, 79, 0, 0, 0, 0, 0, 0.000, 0, 0
1773265501, 1, 0, 481, 479, 18, 11.63%, 0, 0, 3, 2.47, 19, 79, 0, 0, 0, 0, 0, 0.000, 0, 0
1773265511, 1, 0, 482, 480, 18, 11.63%, 0, 0, 3, 2.06, 19, 79, 0, 0, 0, 0, 0, 0.000, 0, 0
1773265545, 1, 0, 483, 481, 18, 11.63%, 0, 0, 3, 1.55, 19, 79, 0, 0, 0, 0, 0, 0.000, 0, 0
1773265557, 1, 0, 484, 482, 18, 11.63%, 0, 0, 3, 1.62, 19, 79, 0, 0, 0, 0, 0, 0.000, 0, 0
1773265577, 1, 0, 485, 483, 18, 11.64%, 0, 0, 3, 2.48, 19, 79, 0, 0, 0, 0, 0, 0.000, 0, 0
1773265583, 1, 0, 486, 484, 18, 11.65%, 0, 0, 3, 2.09, 19, 79, 0, 0, 0, 0, 0, 0.000, 0, 0
1773265588, 1, 0, 487, 485, 18, 11.65%, 0, 0, 3, 2.07, 19, 79, 0, 0, 0, 0, 0, 0.000, 0, 0
1773265632, 1, 0, 488, 486, 18, 11.65%, 0, 0, 3, 2.11, 19, 79, 0, 0, 0, 0, 0, 0.000, 0, 0
1773265643, 1, 0, 489, 487, 18, 11.65%, 0, 0, 3, 1.77, 19, 79, 0, 0, 0, 0, 0, 0.000, 0, 0
1773265658, 1, 0, 490, 488, 18, 11.65%, 0, 0, 3, 1.83, 19, 79, 0, 0, 0, 0, 0, 0.000, 0, 0
1773265664, 1, 0, 491, 489, 18, 11.65%, 0, 0, 3, 1.62, 19, 79, 0, 0, 0, 0, 0, 0.000, 0, 0
1773265681, 1, 0, 492, 490, 18, 11.65%, 0, 0, 3, 1.97, 19, 79, 0, 0, 0, 0, 0, 0.000, 0, 0
1773265702, 1, 0, 493, 491, 18, 11.67%, 0, 0, 3, 2.17, 19, 79, 0, 0, 0, 0, 0, 0.000, 0, 0
1773265707, 1, 0, 494, 492, 18, 11.67%, 0, 0, 3, 2.40, 19, 79, 0, 0, 0, 0, 0, 0.000, 0, 0
1773265712, 1, 0, 495, 493, 18, 11.69%, 0, 0, 3, 2.16, 19, 79, 0, 0, 0, 0, 0, 0.000, 0, 0
1773265724, 1, 0, 496, 494, 18, 11.69%, 0, 0, 3, 2.05, 19, 79, 0, 0, 0, 0, 0, 0.000, 0, 0
1773265763, 1, 0, 497, 495, 18, 11.71%, 0, 0, 3, 2.02, 19, 79, 0, 0, 0, 0, 0, 0.000, 0, 0
1773265778, 1, 0, 498, 496, 18, 11.71%, 0, 0, 3, 2.29, 19, 79, 0, 0, 0, 0, 0, 0.000, 0, 0
1773265806, 1, 0, 499, 497, 18, 11.71%, 0, 0, 3, 2.08, 19, 79, 0, 0, 0, 0, 0, 0.000, 0, 0
1773265838, 1, 0, 500, 498, 18, 11.71%, 0, 0, 3, 2.17, 19, 79, 0, 0, 0, 0, 0, 0.000, 0, 0
1773265903, 1, 0, 500, 498, 1, 11.71%, 0, 0, 3, 2.36, 19, 79, 0, 0, 0, 0, 0, 0.000, 0, 0
1773265919, 1, 0, 501, 499, 1, 11.71%, 0, 0, 3, 2.48, 19, 79, 0, 0, 0, 0, 0, 0.000, 0, 0
1773265939, 1, 0, 502, 500, 1, 11.71%, 0, 0, 3, 2.49, 19, 79, 0, 0, 0, 0, 0, 0.000, 0, 0
1773265970, 1, 0, 503, 501, 1, 11.71%, 0, 0, 3, 2.57, 19, 79, 0, 0, 0, 0, 0, 0.000, 0, 0
1773265981, 1, 0, 505, 503, 1, 11.71%, 0, 0, 3, 2.63, 19, 79, 0, 0, 0, 0, 0, 0.000, 0, 0
1773265996, 1, 0, 506, 504, 1, 11.71%, 0, 0, 3, 2.55, 19, 79, 0, 0, 0, 0, 0, 0.000, 0, 0
1773266016, 1, 0, 507, 505, 1, 11.71%, 0, 0, 3, 2.55, 19, 79, 0, 0, 0, 0, 0, 0.000, 0, 0
1773266027, 1, 0, 508, 506, 1, 11.71%, 0, 0, 3, 2.41, 19, 79, 0, 0, 0, 0, 0, 0.000, 0, 0
1773266038, 1, 0, 509, 507, 1, 11.71%, 0, 0, 3, 2.13, 19, 81, 0, 0, 0, 0, 0, 0.000, 0, 0
1773266048, 1, 0, 510, 508, 1, 11.72%, 0, 0, 3, 2.51, 19, 81, 0, 0, 0, 0, 0, 0.000, 0, 0
1773266059, 1, 0, 511, 509, 1, 11.72%, 0, 0, 3, 2.53, 19, 81, 0, 0, 0, 0, 0, 0.000, 0, 0
1773266105, 1, 0, 512, 510, 1, 11.72%, 0, 0, 3, 2.58, 19, 81, 0, 0, 0, 0, 0, 0.000, 0, 0
1773266146, 1, 0, 513, 511, 1, 11.72%, 0, 0, 3, 2.60, 19, 81, 0, 0, 0, 0, 0, 0.000, 0, 0
1773266173, 1, 0, 514, 512, 1, 11.72%, 0, 0, 3, 2.55, 19, 81, 0, 0, 0, 0, 0, 0.000, 0, 0
1773266220, 1, 0, 515, 513, 1, 11.73%, 0, 0, 3, 2.43, 19, 81, 0, 0, 0, 0, 0, 0.000, 0, 0
1773266231, 1, 0, 516, 514, 1, 11.73%, 0, 0, 3, 2.11, 19, 81, 0, 0, 0, 0, 0, 0.000, 0, 0
1773266236, 1, 0, 517, 515, 1, 11.73%, 0, 0, 3, 2.38, 19, 81, 0, 0, 0, 0, 0, 0.000, 0, 0
1773266247, 1, 0, 518, 516, 1, 11.73%, 0, 0, 3, 2.17, 19, 81, 0, 0, 0, 0, 0, 0.000, 0, 0
1773266263, 1, 0, 519, 517, 1, 11.73%, 0, 0, 3, 1.56, 19, 81, 0, 0, 0, 0, 0, 0.000, 0, 0
1773266286, 1, 0, 520, 518, 1, 11.73%, 0, 0, 3, 1.71, 19, 81, 0, 0, 0, 0, 0, 0.000, 0, 0
1773266313, 1, 0, 521, 519, 1, 11.73%, 0, 0, 3, 2.41, 19, 81, 0, 0, 0, 0, 0, 0.000, 0, 0
1773266318, 1, 0, 522, 520, 1, 11.73%, 0, 0, 3, 1.98, 19, 81, 0, 0, 0, 0, 0, 0.000, 0, 0
1773266334, 1, 0, 523, 521, 1, 11.73%, 0, 0, 3, 1.88, 19, 81, 0, 0, 0, 0, 0, 0.000, 0, 0
1773266373, 1, 0, 524, 522, 1, 11.73%, 0, 0, 3, 2.19, 19, 81, 0, 0, 0, 0, 0, 0.000, 0, 0
1773266393, 1, 0, 525, 523, 1, 11.73%, 0, 0, 3, 1.42, 19, 81, 0, 0, 0, 0, 0, 0.000, 0, 0
1773266447, 1, 0, 526, 524, 1, 11.73%, 0, 0, 3, 0.38, 19, 81, 0, 0, 0, 0, 0, 0.000, 0, 0
1773266474, 1, 0, 527, 525, 1, 11.73%, 0, 0, 3, 1.90, 19, 81, 0, 0, 0, 0, 0, 0.000, 0, 0
1773266534, 1, 0, 528, 526, 1, 11.73%, 0, 0, 3, 1.91, 19, 81, 0, 0, 0, 0, 0, 0.000, 0, 0
1773266555, 1, 0, 530, 528, 1, 11.73%, 0, 0, 3, 2.34, 19, 82, 0, 0, 0, 0, 0, 0.000, 0, 0
1773266572, 1, 0, 531, 529, 1, 11.73%, 0, 0, 3, 1.61, 19, 82, 0, 0, 0, 0, 0, 0.000, 0, 0
1773266590, 1, 0, 532, 530, 1, 11.73%, 0, 0, 3, 1.47, 19, 82, 0, 0, 0, 0, 0, 0.000, 0, 0
1773266629, 1, 0, 533, 531, 1, 11.73%, 0, 0, 3, 1.32, 19, 82, 0, 0, 0, 0, 0, 0.000, 0, 0
1773266653, 1, 0, 534, 532, 1, 11.73%, 0, 0, 3, 1.13, 19, 82, 0, 0, 0, 0, 0, 0.000, 0, 0
1773266675, 1, 0, 535, 533, 1, 11.73%, 0, 0, 3, 0.94, 19, 82, 0, 0, 0, 0, 0, 0.000, 0, 0
1773266691, 1, 0, 536, 534, 1, 11.73%, 0, 0, 3, 1.96, 19, 82, 0, 0, 0, 0, 0, 0.000, 0, 0
1773266702, 1, 0, 537, 535, 1, 11.73%, 0, 0, 3, 1.74, 19, 82, 0, 0, 0, 0, 0, 0.000, 0, 0
1773266719, 1, 0, 538, 536, 1, 11.73%, 0, 0, 3, 1.21, 19, 82, 0, 0, 0, 0, 0, 0.000, 0, 0
1773266735, 1, 0, 539, 537, 1, 11.73%, 0, 0, 3, 1.03, 19, 82, 0, 0, 0, 0, 0, 0.000, 0, 0
1773266773, 1, 0, 540, 538, 1, 11.73%, 0, 0, 3, 1.98, 19, 82, 0, 0, 0, 0, 0, 0.000, 0, 0
1773266797, 1, 0, 541, 539, 1, 11.73%, 0, 0, 3, 1.61, 19, 82, 0, 0, 0, 0, 0, 0.000, 0, 0
1773266842, 1, 0, 542, 540, 1, 11.73%, 0, 0, 3, 2.21, 19, 82, 0, 0, 0, 0, 0, 0.000, 0, 0
1773266852, 1, 0, 543, 541, 1, 11.73%, 0, 0, 3, 2.21, 19, 82, 0, 0, 0, 0, 0, 0.000, 0, 0
1773266916, 1, 0, 544, 542, 1, 11.73%, 0, 0, 3, 1.77, 19, 82, 0, 0, 0, 0, 0, 0.000, 0, 0
1773266939, 1, 0, 545, 543, 1, 11.73%, 0, 0, 3, 1.91, 19, 82, 0, 0, 0, 0, 0, 0.000, 0, 0
1773266950, 1, 0, 546, 544, 1, 11.73%, 0, 0, 3, 1.78, 19, 82, 0, 0, 0, 0, 0, 0.000, 0, 0
1773266966, 1, 0, 547, 545, 1, 11.73%, 0, 0, 3, 1.95, 19, 82, 0, 0, 0, 0, 0, 0.000, 0, 0
1773266998, 1, 0, 548, 546, 1, 11.73%, 0, 0, 3, 2.30, 19, 82, 0, 0, 0, 0, 0, 0.000, 0, 0
1773267010, 1, 0, 549, 547, 1, 11.73%, 0, 0, 3, 1.98, 19, 82, 0, 0, 0, 0, 0, 0.000, 0, 0
1773267026, 1, 0, 550, 548, 1, 11.73%, 0, 0, 3, 2.16, 19, 82, 0, 0, 0, 0, 0, 0.000, 0, 0
1773267051, 1, 0, 551, 549, 1, 11.73%, 0, 0, 3, 2.54, 19, 82, 0, 0, 0, 0, 0, 0.000, 0, 0
1773267077, 1, 0, 552, 550, 1, 11.73%, 0, 0, 3, 2.28, 19, 82, 0, 0, 0, 0, 0, 0.000, 0, 0
1773267109, 1, 0, 553, 551, 1, 11.74%, 0, 0, 3, 2.53, 19, 82, 0, 0, 0, 0, 0, 0.000, 0, 0
1773267140, 1, 0, 553, 551, 9, 11.74%, 0, 0, 3, 2.10, 19, 82, 0, 0, 0, 0, 0, 0.000, 0, 0
1773267177, 1, 0, 555, 553, 9, 11.74%, 0, 0, 3, 2.46, 19, 82, 0, 0, 0, 0, 0, 0.000, 0, 0
1773267192, 1, 0, 556, 554, 9, 11.74%, 0, 0, 3, 2.57, 19, 82, 0, 0, 0, 0, 0, 0.000, 0, 0
1773267203, 1, 0, 557, 555, 9, 11.74%, 0, 0, 3, 2.54, 19, 82, 0, 0, 0, 0, 0, 0.000, 0, 0
1773267208, 1, 0, 558, 556, 9, 11.74%, 0, 0, 3, 2.41, 19, 82, 0, 0, 0, 0, 0, 0.000, 0, 0
1773267233, 1, 0, 559, 557, 9, 11.74%, 0, 0, 3, 2.58, 19, 82, 0, 0, 0, 0, 0, 0.000, 0, 0
1773267244, 1, 0, 560, 558, 9, 11.74%, 0, 0, 3, 2.63, 19, 82, 0, 0, 0, 0, 0, 0.000, 0, 0
1773267264, 1, 0, 561, 559, 9, 11.74%, 0, 0, 3, 2.55, 19, 82, 0, 0, 0, 0, 0, 0.000, 0, 0
1773267311, 1, 0, 562, 560, 9, 11.74%, 0, 0, 3, 2.53, 19, 82, 0, 0, 0, 0, 0, 0.000, 0, 0
1773267384, 1, 0, 563, 561, 9, 11.74%, 0, 0, 3, 2.54, 19, 82, 0, 0, 0, 0, 0, 0.000, 0, 0
1773267389, 1, 0, 564, 562, 9, 11.75%, 0, 0, 3, 2.57, 19, 82, 0, 0, 0, 0, 0, 0.000, 0, 0
1773267435, 1, 0, 565, 563, 9, 11.75%, 0, 0, 3, 2.56, 19, 82, 0, 0, 0, 0, 0, 0.000, 0, 0
1773267477, 1, 0, 566, 564, 9, 11.75%, 0, 0, 3, 2.10, 19, 82, 0, 0, 0, 0, 0, 0.000, 0, 0
1773267488, 1, 0, 567, 565, 9, 11.75%, 0, 0, 3, 1.75, 19, 82, 0, 0, 0, 0, 0, 0.000, 0, 0
1773267499, 1, 0, 568, 566, 9, 11.75%, 0, 0, 3, 1.50, 19, 82, 0, 0, 0, 0, 0, 0.000, 0, 0
1773267548, 1, 0, 569, 567, 9, 11.75%, 0, 0, 3, 1.37, 19, 82, 0, 0, 0, 0, 0, 0.000, 0, 0
1773267565, 1, 0, 570, 568, 9, 11.75%, 0, 0, 3, 1.40, 19, 82, 0, 0, 0, 0, 0, 0.000, 0, 0
1773267588, 1, 0, 571, 569, 9, 11.75%, 0, 0, 3, 1.60, 19, 82, 0, 0, 0, 0, 0, 0.000, 0, 0
1773267604, 1, 0, 572, 570, 9, 11.75%, 0, 0, 3, 2.00, 19, 82, 0, 0, 0, 0, 0, 0.000, 0, 0
1773267615, 1, 0, 573, 571, 9, 11.75%, 0, 0, 3, 2.05, 19, 82, 0, 0, 0, 0, 0, 0.000, 0, 0
1773267636, 1, 0, 574, 572, 9, 11.75%, 0, 0, 3, 2.37, 19, 82, 0, 0, 0, 0, 0, 0.000, 0, 0
1773267659, 1, 0, 575, 573, 9, 11.75%, 0, 0, 3, 1.95, 19, 82, 0, 0, 0, 0, 0, 0.000, 0, 0
1773267669, 1, 0, 576, 574, 9, 11.78%, 0, 0, 3, 1.87, 19, 84, 0, 0, 0, 0, 0, 0.000, 0, 0
1773267696, 1, 0, 577, 575, 9, 11.78%, 0, 0, 3, 1.88, 19, 84, 0, 0, 0, 0, 0, 0.000, 0, 0
1773267724, 1, 0, 578, 576, 9, 11.78%, 0, 0, 3, 1.56, 19, 84, 0, 0, 0, 0, 0, 0.000, 0, 0
1773267735, 1, 0, 579, 577, 9, 11.78%, 0, 0, 3, 1.31, 19, 84, 0, 0, 0, 0, 0, 0.000, 0, 0
1773267751, 1, 0, 580, 578, 9, 11.78%, 0, 0, 3, 1.70, 19, 84, 0, 0, 0, 0, 0, 0.000, 0, 0
1773267761, 1, 0, 581, 579, 9, 11.78%, 0, 0, 3, 1.85, 19, 84, 0, 0, 0, 0, 0, 0.000, 0, 0
1773267789, 1, 0, 582, 580, 9, 11.78%, 0, 0, 3, 2.18, 19, 84, 0, 0, 0, 0, 0, 0.000, 0, 0
1773267815, 1, 0, 583, 581, 9, 11.79%, 0, 0, 3, 2.34, 19, 84, 0, 0, 0, 0, 0, 0.000, 0, 0
1773267831, 1, 0, 584, 582, 9, 11.79%, 0, 0, 3, 2.21, 19, 84, 0, 0, 0, 0, 0, 0.000, 0, 0
1773267864, 1, 0, 585, 583, 9, 11.79%, 0, 0, 3, 1.56, 19, 84, 0, 0, 0, 0, 0, 0.000, 0, 0
1773267909, 1, 0, 586, 584, 9, 11.79%, 0, 0, 3, 2.03, 19, 84, 0, 0, 0, 0, 0, 0.000, 0, 0
1773267931, 1, 0, 587, 585, 9, 11.79%, 0, 0, 3, 2.00, 19, 84, 0, 0, 0, 0, 0, 0.000, 0, 0
1773267952, 1, 0, 588, 586, 9, 11.79%, 0, 0, 3, 2.28, 19, 84, 0, 0, 0, 0, 0, 0.000, 0, 0
1773267969, 1, 0, 589, 587, 9, 11.79%, 0, 0, 3, 2.36, 19, 84, 0, 0, 0, 0, 0, 0.000, 0, 0
1773268063, 1, 0, 590, 588, 9, 11.80%, 0, 0, 3, 2.27, 19, 84, 0, 0, 0, 0, 0, 0.000, 0, 0
1773268085, 1, 0, 591, 589, 9, 11.80%, 0, 0, 3, 2.43, 19, 84, 0, 0, 0, 0, 0, 0.000, 0, 0
1773268096, 1, 0, 592, 590, 9, 11.80%, 0, 0, 3, 1.96, 19, 84, 0, 0, 0, 0, 0, 0.000, 0, 0
1773268113, 1, 0, 593, 591, 9, 11.80%, 0, 0, 3, 1.67, 19, 84, 0, 0, 0, 0, 0, 0.000, 0, 0
1773268123, 1, 0, 594, 592, 9, 11.80%, 0, 0, 3, 1.67, 19, 84, 0, 0, 0, 0, 0, 0.000, 0, 0
1773268140, 1, 0, 595, 593, 9, 11.80%, 0, 0, 3, 2.04, 19, 84, 0, 0, 0, 0, 0, 0.000, 0, 0
1773268145, 1, 0, 596, 594, 9, 11.80%, 0, 0, 3, 1.85, 19, 84, 0, 0, 0, 0, 0, 0.000, 0, 0
1773268206, 1, 0, 597, 595, 9, 11.80%, 0, 0, 3, 2.08, 19, 84, 0, 0, 0, 0, 0, 0.000, 0, 0
1773268226, 1, 0, 598, 596, 9, 11.80%, 0, 0, 3, 2.23, 19, 84, 0, 0, 0, 0, 0, 0.000, 0, 0
1773268249, 1, 0, 599, 597, 9, 11.80%, 0, 0, 3, 1.68, 19, 84, 0, 0, 0, 0, 0, 0.000, 0, 0
1773268266, 1, 0, 600, 598, 9, 11.80%, 0, 0, 3, 1.65, 19, 84, 0, 0, 0, 0, 0, 0.000, 0, 0
1773268277, 1, 0, 601, 599, 9, 11.80%, 0, 0, 3, 1.50, 19, 84, 0, 0, 0, 0, 0, 0.000, 0, 0
1773268295, 1, 0, 602, 600, 9, 11.80%, 0, 0, 3, 1.87, 19, 84, 0, 0, 0, 0, 0, 0.000, 0, 0
1773268332, 1, 0, 603, 601, 9, 11.80%, 0, 0, 3, 2.15, 19, 84, 0, 0, 0, 0, 0, 0.000, 0, 0
1773268360, 1, 0, 604, 602, 9, 11.80%, 0, 0, 3, 1.93, 19, 84, 0, 0, 0, 0, 0, 0.000, 0, 0
1773268387, 1, 0, 605, 603, 9, 11.80%, 0, 0, 3, 2.09, 19, 84, 0, 0, 0, 0, 0, 0.000, 0, 0
1773268466, 1, 0, 606, 604, 9, 11.80%, 0, 0, 3, 2.01, 19, 84, 0, 0, 0, 0, 0, 0.000, 0, 0
1773268483, 1, 0, 607, 605, 9, 11.80%, 0, 0, 3, 2.21, 19, 84, 0, 0, 0, 0, 0, 0.000, 0, 0
1773268548, 1, 0, 608, 606, 9, 11.80%, 0, 0, 3, 0.41, 19, 84, 0, 0, 0, 0, 0, 0.000, 0, 0
1773268574, 1, 0, 609, 607, 9, 11.81%, 0, 0, 3, 2.02, 19, 84, 0, 0, 0, 0, 0, 0.000, 0, 0
1773268603, 1, 0, 610, 608, 9, 11.81%, 0, 0, 3, 0.44, 19, 84, 0, 0, 0, 0, 0, 0.000, 0, 0
1773268627, 1, 0, 611, 609, 9, 11.81%, 0, 0, 3, 2.16, 19, 84, 0, 0, 0, 0, 0, 0.000, 0, 0
1773268637, 1, 0, 612, 610, 9, 11.81%, 0, 0, 3, 2.17, 19, 84, 0, 0, 0, 0, 0, 0.000, 0, 0
1773268658, 1, 0, 613, 611, 9, 11.81%, 0, 0, 3, 2.23, 19, 84, 0, 0, 0, 0, 0, 0.000, 0, 0
1773268692, 1, 0, 614, 612, 9, 11.81%, 0, 0, 3, 2.04, 19, 84, 0, 0, 0, 0, 0, 0.000, 0, 0
1773268697, 1, 0, 615, 613, 9, 11.81%, 0, 0, 3, 2.18, 19, 84, 0, 0, 0, 0, 0, 0.000, 0, 0
1773268708, 1, 0, 616, 614, 9, 11.81%, 0, 0, 3, 2.21, 19, 84, 0, 0, 0, 0, 0, 0.000, 0, 0
1773268723, 1, 0, 617, 615, 9, 11.81%, 0, 0, 3, 2.33, 19, 84, 0, 0, 0, 0, 0, 0.000, 0, 0
1773268765, 1, 0, 618, 616, 9, 11.81%, 0, 0, 3, 2.15, 19, 84, 0, 0, 0, 0, 0, 0.000, 0, 0
1773268775, 1, 0, 619, 617, 9, 11.81%, 0, 0, 3, 1.95, 19, 84, 0, 0, 0, 0, 0, 0.000, 0, 0
1773268829, 1, 0, 620, 618, 9, 11.81%, 0, 0, 3, 2.13, 19, 84, 0, 0, 0, 0, 0, 0.000, 0, 0
1773268839, 1, 0, 621, 619, 9, 11.81%, 0, 0, 3, 1.86, 19, 84, 0, 0, 0, 0, 0, 0.000, 0, 0
1773268854, 1, 0, 622, 620, 9, 11.81%, 0, 0, 3, 2.28, 19, 84, 0, 0, 0, 0, 0, 0.000, 0, 0
1773268875, 1, 0, 623, 621, 9, 11.81%, 0, 0, 3, 2.04, 19, 84, 0, 0, 0, 0, 0, 0.000, 0, 0
1773268907, 1, 0, 624, 622, 9, 11.81%, 0, 0, 3, 2.39, 19, 84, 0, 0, 0, 0, 0, 0.000, 0, 0
1773268939, 1, 0, 625, 623, 9, 11.81%, 0, 0, 3, 2.05, 19, 84, 0, 0, 0, 0, 0, 0.000, 0, 0
1773268976, 1, 0, 626, 624, 9, 11.81%, 0, 0, 3, 1.82, 19, 84, 0, 0, 0, 0, 0, 0.000, 0, 0
1773268997, 1, 0, 627, 625, 9, 11.81%, 0, 0, 3, 1.88, 19, 84, 0, 0, 0, 0, 0, 0.000, 0, 0
1773269008, 1, 0, 628, 626, 9, 11.81%, 0, 0, 3, 1.98, 19, 84, 0, 0, 0, 0, 0, 0.000, 0, 0
1773269018, 1, 0, 629, 627, 9, 11.81%, 0, 0, 3, 1.95, 19, 84, 0, 0, 0, 0, 0, 0.000, 0, 0
1773269029, 1, 0, 630, 628, 9, 11.81%, 0, 0, 3, 1.80, 19, 84, 0, 0, 0, 0, 0, 0.000, 0, 0
1773269040, 1, 0, 631, 629, 9, 11.81%, 0, 0, 3, 1.69, 19, 84, 0, 0, 0, 0, 0, 0.000, 0, 0
1773269057, 1, 0, 632, 630, 9, 11.81%, 0, 0, 3, 2.04, 19, 84, 0, 0, 0, 0, 0, 0.000, 0, 0
1773269084, 1, 0, 633, 631, 9, 11.83%, 0, 0, 3, 1.94, 19, 84, 0, 0, 0, 0, 0, 0.000, 0, 0
1773269095, 1, 0, 634, 632, 9, 11.83%, 0, 0, 3, 1.65, 19, 84, 0, 0, 0, 0, 0, 0.000, 0, 0
1773269106, 1, 0, 635, 633, 9, 11.83%, 0, 0, 3, 1.98, 19, 84, 0, 0, 0, 0, 0, 0.000, 0, 0
1773269116, 1, 0, 636, 634, 9, 11.83%, 0, 0, 3, 1.69, 19, 84, 0, 0, 0, 0, 0, 0.000, 0, 0
1773269127, 1, 0, 637, 635, 9, 11.85%, 0, 0, 3, 1.56, 19, 84, 0, 0, 0, 0, 0, 0.000, 0, 0
1773269132, 1, 0, 638, 636, 9, 11.85%, 0, 0, 3, 1.80, 19, 84, 0, 0, 0, 0, 0, 0.000, 0, 0
1773269165, 1, 0, 639, 637, 9, 11.85%, 0, 0, 3, 1.96, 19, 84, 0, 0, 0, 0, 0, 0.000, 0, 0
1773269192, 1, 0, 640, 638, 9, 11.85%, 0, 0, 3, 2.02, 19, 84, 0, 0, 0, 0, 0, 0.000, 0, 0
1773269202, 1, 0, 641, 639, 9, 11.85%, 0, 0, 3, 2.15, 19, 84, 0, 0, 0, 0, 0, 0.000, 0, 0
1773269220, 1, 0, 642, 640, 9, 11.86%, 0, 0, 3, 2.18, 19, 84, 0, 0, 0, 0, 0, 0.000, 0, 0
1773269242, 1, 0, 643, 641, 9, 11.86%, 0, 0, 3, 1.77, 19, 85, 0, 0, 0, 0, 0, 0.000, 0, 0
1773269292, 1, 0, 644, 642, 9, 11.86%, 0, 0, 3, 0.35, 19, 85, 0, 0, 0, 0, 0, 0.000, 0, 0
1773269356, 1, 0, 645, 643, 9, 11.86%, 0, 0, 3, 2.10, 19, 85, 0, 0, 0, 0, 0, 0.000, 0, 0
1773269396, 1, 0, 646, 644, 9, 11.86%, 0, 0, 3, 1.82, 19, 85, 0, 0, 0, 0, 0, 0.000, 0, 0
1773269424, 1, 0, 647, 645, 9, 11.86%, 0, 0, 3, 2.07, 19, 85, 0, 0, 0, 0, 0, 0.000, 0, 0
1773269439, 1, 0, 648, 646, 9, 11.86%, 0, 0, 3, 1.82, 19, 85, 0, 0, 0, 0, 0, 0.000, 0, 0
1773269465, 1, 0, 649, 647, 9, 11.86%, 0, 0, 3, 2.16, 19, 85, 0, 0, 0, 0, 0, 0.000, 0, 0
1773269488, 1, 0, 650, 648, 9, 11.86%, 0, 0, 3, 1.81, 19, 85, 0, 0, 0, 0, 0, 0.000, 0, 0
1773269507, 1, 0, 651, 649, 4, 11.86%, 0, 0, 3, 1.68, 19, 85, 0, 0, 0, 0, 0, 0.000, 0, 0
1773269512, 1, 0, 652, 650, 4, 11.87%, 0, 0, 3, 1.71, 19, 85, 0, 0, 0, 0, 0, 0.000, 0, 0
1773269558, 1, 0, 653, 651, 4, 11.87%, 0, 0, 3, 0.96, 19, 85, 0, 0, 0, 0, 0, 0.000, 0, 0
1773269568, 1, 0, 654, 652, 4, 11.87%, 0, 0, 3, 1.08, 19, 85, 0, 0, 0, 0, 0, 0.000, 0, 0
1773269578, 1, 0, 655, 653, 4, 11.87%, 0, 0, 3, 1.19, 19, 85, 0, 0, 0, 0, 0, 0.000, 0, 0
1773269589, 1, 0, 656, 654, 4, 11.87%, 0, 0, 3, 1.26, 19, 85, 0, 0, 0, 0, 0, 0.000, 0, 0
1773269642, 1, 0, 657, 655, 4, 11.87%, 0, 0, 3, 1.20, 19, 85, 0, 0, 0, 0, 0, 0.000, 0, 0
1773269658, 1, 0, 658, 656, 4, 11.87%, 0, 0, 3, 1.48, 19, 85, 0, 0, 0, 0, 0, 0.000, 0, 0
1773269684, 1, 0, 659, 657, 4, 11.87%, 0, 0, 3, 1.67, 19, 85, 0, 0, 0, 0, 0, 0.000, 0, 0
1773269717, 1, 0, 660, 658, 4, 11.87%, 0, 0, 3, 1.47, 19, 85, 0, 0, 0, 0, 0, 0.000, 0, 0
1773269738, 1, 0, 661, 659, 4, 11.88%, 0, 0, 3, 1.77, 19, 85, 0, 0, 0, 0, 0, 0.000, 0, 0
1773269754, 1, 0, 662, 660, 4, 11.88%, 0, 0, 3, 1.84, 19, 85, 0, 0, 0, 0, 0, 0.000, 0, 0
1773269770, 1, 0, 663, 661, 4, 11.88%, 0, 0, 3, 1.73, 19, 85, 0, 0, 0, 0, 0, 0.000, 0, 0
1773269786, 1, 0, 664, 662, 4, 11.88%, 0, 0, 3, 1.61, 19, 85, 0, 0, 0, 0, 0, 0.000, 0, 0
1773269802, 1, 0, 665, 663, 4, 11.88%, 0, 0, 3, 1.42, 19, 85, 0, 0, 0, 0, 0, 0.000, 0, 0
1773269817, 1, 0, 666, 664, 4, 11.88%, 0, 0, 3, 1.39, 19, 85, 0, 0, 0, 0, 0, 0.000, 0, 0
1773269828, 1, 0, 667, 665, 4, 11.88%, 0, 0, 3, 1.58, 19, 85, 0, 0, 0, 0, 0, 0.000, 0, 0
1773269921, 1, 0, 668, 666, 4, 11.88%, 0, 0, 3, 1.80, 19, 85, 0, 0, 0, 0, 0, 0.000, 0, 0
1773269964, 1, 0, 669, 667, 4, 11.88%, 0, 0, 3, 1.39, 19, 85, 0, 0, 0, 0, 0, 0.000, 0, 0
1773270029, 1, 0, 670, 668, 4, 11.88%, 0, 0, 3, 1.47, 19, 85, 0, 0, 0, 0, 0, 0.000, 0, 0
1773270046, 1, 0, 671, 669, 4, 11.89%, 0, 0, 3, 1.34, 19, 85, 0, 0, 0, 0, 0, 0.000, 0, 0
1773270057, 1, 0, 672, 670, 4, 11.89%, 0, 0, 3, 1.64, 19, 85, 0, 0, 0, 0, 0, 0.000, 0, 0
1773270083, 1, 0, 673, 671, 4, 11.89%, 0, 0, 3, 1.55, 19, 85, 0, 0, 0, 0, 0, 0.000, 0, 0
1773270104, 1, 0, 674, 672, 4, 11.89%, 0, 0, 3, 1.41, 19, 85, 0, 0, 0, 0, 0, 0.000, 0, 0
1773270125, 1, 0, 675, 673, 4, 11.89%, 0, 0, 3, 1.66, 19, 85, 0, 0, 0, 0, 0, 0.000, 0, 0
1773270136, 1, 0, 676, 674, 4, 11.89%, 0, 0, 3, 1.71, 19, 85, 0, 0, 0, 0, 0, 0.000, 0, 0
1773270158, 1, 0, 677, 675, 4, 11.89%, 0, 0, 3, 1.70, 19, 85, 0, 0, 0, 0, 0, 0.000, 0, 0
1773270207, 1, 0, 678, 676, 4, 11.89%, 0, 0, 3, 1.42, 19, 85, 0, 0, 0, 0, 0, 0.000, 0, 0
1773270239, 1, 0, 679, 677, 4, 11.89%, 0, 0, 3, 1.66, 19, 85, 0, 0, 0, 0, 0, 0.000, 0, 0
1773270299, 1, 0, 680, 678, 4, 11.89%, 0, 0, 3, 1.44, 19, 85, 0, 0, 0, 0, 0, 0.000, 0, 0
1773270326, 1, 0, 681, 679, 4, 11.89%, 0, 0, 3, 1.55, 19, 85, 0, 0, 0, 0, 0, 0.000, 0, 0
1773270353, 1, 0, 682, 680, 4, 11.89%, 0, 0, 3, 1.39, 19, 85, 0, 0, 0, 0, 0, 0.000, 0, 0
1773270358, 1, 0, 683, 681, 4, 11.89%, 0, 0, 3, 1.54, 19, 85, 0, 0, 0, 0, 0, 0.000, 0, 0
1773270374, 1, 0, 684, 682, 4, 11.90%, 0, 0, 3, 1.84, 19, 85, 0, 0, 0, 0, 0, 0.000, 0, 0
1773270407, 1, 0, 685, 683, 4, 11.90%, 0, 0, 3, 1.46, 19, 85, 0, 0, 0, 0, 0, 0.000, 0, 0
1773270418, 1, 0, 686, 684, 4, 11.90%, 0, 0, 3, 1.57, 19, 85, 0, 0, 0, 0, 0, 0.000, 0, 0
1773270429, 1, 0, 687, 685, 4, 11.90%, 0, 0, 3, 1.53, 19, 85, 0, 0, 0, 0, 0, 0.000, 0, 0
1773270434, 1, 0, 688, 686, 4, 11.90%, 0, 0, 3, 1.72, 19, 85, 0, 0, 0, 0, 0, 0.000, 0, 0
1773270439, 1, 0, 689, 687, 4, 11.90%, 0, 0, 3, 1.70, 19, 85, 0, 0, 0, 0, 0, 0.000, 0, 0
1773270450, 1, 0, 690, 688, 4, 11.90%, 0, 0, 3, 1.61, 19, 85, 0, 0, 0, 0, 0, 0.000, 0, 0
1773270466, 1, 0, 691, 689, 4, 11.90%, 0, 0, 3, 1.76, 19, 85, 0, 0, 0, 0, 0, 0.000, 0, 0
1773270482, 1, 0, 692, 690, 4, 11.90%, 0, 0, 3, 1.58, 19, 85, 0, 0, 0, 0, 0, 0.000, 0, 0
1773270519, 1, 0, 693, 691, 4, 11.90%, 0, 0, 3, 1.63, 19, 85, 0, 0, 0, 0, 0, 0.000, 0, 0
1773270524, 1, 0, 694, 692, 4, 11.90%, 0, 0, 3, 1.69, 19, 85, 0, 0, 0, 0, 0, 0.000, 0, 0
1773270529, 1, 0, 695, 693, 4, 11.90%, 0, 0, 3, 1.72, 19, 85, 0, 0, 0, 0, 0, 0.000, 0, 0
1773270545, 1, 0, 696, 694, 4, 11.90%, 0, 0, 3, 1.51, 19, 85, 0, 0, 0, 0, 0, 0.000, 0, 0
1773270567, 1, 0, 697, 695, 4, 11.90%, 0, 0, 3, 1.70, 19, 85, 0, 0, 0, 0, 0, 0.000, 0, 0
1773270583, 1, 0, 698, 696, 4, 11.90%, 0, 0, 3, 1.65, 19, 85, 0, 0, 0, 0, 0, 0.000, 0, 0
1773270588, 1, 0, 699, 697, 4, 11.90%, 0, 0, 3, 1.51, 19, 85, 0, 0, 0, 0, 0, 0.000, 0, 0
1773270599, 1, 0, 700, 698, 4, 11.90%, 0, 0, 3, 1.73, 19, 85, 0, 0, 0, 0, 0, 0.000, 0, 0
1773270614, 1, 0, 701, 699, 4, 11.90%, 0, 0, 3, 2.15, 19, 85, 0, 0, 0, 0, 0, 0.000, 0, 0
1773270662, 1, 0, 702, 700, 4, 11.90%, 0, 0, 3, 1.54, 19, 85, 0, 0, 0, 0, 0, 0.000, 0, 0
1773270698, 1, 0, 703, 701, 4, 11.90%, 0, 0, 3, 1.50, 19, 85, 0, 0, 0, 0, 0, 0.000, 0, 0
1773270714, 1, 0, 704, 702, 4, 11.90%, 0, 0, 3, 1.55, 19, 85, 0, 0, 0, 0, 0, 0.000, 0, 0
1773270724, 1, 0, 705, 703, 4, 11.90%, 0, 0, 3, 1.64, 19, 85, 0, 0, 0, 0, 0, 0.000, 0, 0
1773270746, 1, 0, 706, 704, 4, 11.90%, 0, 0, 3, 1.43, 19, 85, 0, 0, 0, 0, 0, 0.000, 0, 0
1773270762, 1, 0, 707, 705, 4, 11.90%, 0, 0, 3, 1.51, 19, 85, 0, 0, 0, 0, 0, 0.000, 0, 0
1773270773, 1, 0, 708, 706, 4, 11.90%, 0, 0, 3, 1.52, 19, 85, 0, 0, 0, 0, 0, 0.000, 0, 0
1773270789, 1, 0, 709, 707, 4, 11.90%, 0, 0, 3, 1.54, 19, 85, 0, 0, 0, 0, 0, 0.000, 0, 0
1773270800, 1, 0, 710, 708, 4, 11.90%, 0, 0, 3, 1.56, 19, 85, 0, 0, 0, 0, 0, 0.000, 0, 0
1773270805, 1, 0, 711, 709, 4, 11.90%, 0, 0, 3, 1.70, 19, 85, 0, 0, 0, 0, 0, 0.000, 0, 0
1773270820, 1, 0, 712, 710, 4, 11.90%, 0, 0, 3, 1.59, 19, 85, 0, 0, 0, 0, 0, 0.000, 0, 0
1773270847, 1, 0, 713, 711, 4, 11.90%, 0, 0, 3, 1.40, 19, 85, 0, 0, 0, 0, 0, 0.000, 0, 0
1773270864, 1, 0, 714, 712, 4, 11.90%, 0, 0, 3, 1.71, 19, 85, 0, 0, 0, 0, 0, 0.000, 0, 0
1773270881, 1, 0, 715, 713, 4, 11.90%, 0, 0, 3, 1.61, 19, 85, 0, 0, 0, 0, 0, 0.000, 0, 0
1773270891, 1, 0, 716, 714, 4, 11.90%, 0, 0, 3, 1.55, 19, 85, 0, 0, 0, 0, 0, 0.000, 0, 0
1773270897, 1, 0, 717, 715, 4, 11.90%, 0, 0, 3, 1.55, 19, 85, 0, 0, 0, 0, 0, 0.000, 0, 0
1773270951, 1, 0, 718, 716, 4, 11.90%, 0, 0, 3, 1.07, 19, 85, 0, 0, 0, 0, 0, 0.000, 0, 0
1773270980, 1, 0, 719, 717, 4, 11.90%, 0, 0, 3, 0.86, 19, 85, 0, 0, 0, 0, 0, 0.000, 0, 0
1773270992, 1, 0, 720, 718, 4, 11.90%, 0, 0, 3, 0.88, 19, 85, 0, 0, 0, 0, 0, 0.000, 0, 0
1773271062, 1, 0, 721, 719, 4, 11.90%, 0, 0, 3, 0.75, 19, 85, 0, 0, 0, 0, 0, 0.000, 0, 0
1773271083, 1, 0, 722, 720, 4, 11.90%, 0, 0, 3, 0.73, 19, 85, 0, 0, 0, 0, 0, 0.000, 0, 0
1773271095, 1, 0, 723, 721, 4, 11.90%, 0, 0, 3, 0.89, 19, 85, 0, 0, 0, 0, 0, 0.000, 0, 0
1773271112, 1, 0, 724, 722, 4, 11.90%, 0, 0, 3, 0.89, 19, 85, 0, 0, 0, 0, 0, 0.000, 0, 0
1773271237, 1, 0, 725, 723, 4, 11.90%, 0, 0, 3, 0.67, 19, 85, 0, 0, 0, 0, 0, 0.000, 0, 0
1773271289, 1, 0, 726, 724, 4, 11.90%, 0, 0, 3, 0.85, 19, 85, 0, 0, 0, 0, 0, 0.000, 0, 0
1773271300, 1, 0, 727, 725, 4, 11.90%, 0, 0, 3, 0.95, 19, 85, 0, 0, 0, 0, 0, 0.000, 0, 0
1773271310, 1, 0, 728, 726, 4, 11.90%, 0, 0, 3, 1.10, 19, 85, 0, 0, 0, 0, 0, 0.000, 0, 0
1773271348, 1, 0, 729, 727, 4, 11.90%, 0, 0, 3, 0.89, 19, 85, 0, 0, 0, 0, 0, 0.000, 0, 0
1773271366, 1, 0, 730, 728, 4, 11.90%, 0, 0, 3, 0.77, 19, 85, 0, 0, 0, 0, 0, 0.000, 0, 0
1773271418, 1, 0, 731, 729, 4, 11.90%, 0, 0, 3, 0.67, 19, 85, 0, 0, 0, 0, 0, 0.000, 0, 0
1773271434, 1, 0, 732, 730, 4, 11.90%, 0, 0, 3, 0.66, 19, 85, 0, 0, 0, 0, 0, 0.000, 0, 0
1773271467, 1, 0, 733, 731, 4, 11.90%, 0, 0, 3, 0.62, 19, 85, 0, 0, 0, 0, 0, 0.000, 0, 0
1773271530, 1, 0, 734, 732, 4, 11.91%, 0, 0, 3, 0.74, 19, 85, 0, 0, 0, 0, 0, 0.000, 0, 0
1773271574, 1, 0, 735, 733, 4, 11.91%, 0, 0, 3, 0.63, 19, 85, 0, 0, 0, 0, 0, 0.000, 0, 0
1773271602, 1, 0, 736, 734, 4, 11.91%, 0, 0, 3, 0.75, 19, 85, 0, 0, 0, 0, 0, 0.000, 0, 0
1773271619, 1, 0, 737, 735, 4, 11.91%, 0, 0, 3, 0.83, 19, 85, 0, 0, 0, 0, 0, 0.000, 0, 0
1773271667, 1, 0, 738, 736, 4, 11.91%, 0, 0, 3, 0.63, 19, 85, 0, 0, 0, 0, 0, 0.000, 0, 0
1773271720, 1, 0, 739, 737, 4, 11.91%, 0, 0, 3, 0.82, 19, 85, 0, 0, 0, 0, 0, 0.000, 0, 0
1773271800, 1, 0, 740, 738, 4, 11.91%, 0, 0, 3, 0.69, 19, 85, 0, 0, 0, 0, 0, 0.000, 0, 0
1773271895, 1, 0, 741, 739, 4, 11.91%, 0, 0, 3, 0.60, 19, 85, 0, 0, 0, 0, 0, 0.000, 0, 0
1773272002, 1, 0, 742, 740, 4, 11.91%, 0, 0, 3, 0.50, 19, 85, 0, 0, 0, 0, 0, 0.000, 0, 0
1773272173, 1, 0, 743, 741, 4, 11.91%, 0, 0, 3, 1.04, 19, 85, 0, 0, 0, 0, 0, 0.000, 0, 0
1773272348, 1, 0, 744, 742, 4, 11.91%, 0, 0, 3, 0.75, 19, 85, 0, 0, 0, 0, 0, 0.000, 0, 0
1773272375, 1, 0, 745, 743, 4, 11.91%, 0, 0, 3, 0.63, 19, 85, 0, 0, 0, 0, 0, 0.000, 0, 0
1773272396, 1, 0, 746, 744, 4, 11.91%, 0, 0, 3, 0.54, 19, 85, 0, 0, 0, 0, 0, 0.000, 0, 0
1773272428, 1, 0, 747, 745, 4, 11.91%, 0, 0, 3, 0.54, 19, 85, 0, 0, 0, 0, 0, 0.000, 0, 0
1773272471, 1, 0, 748, 746, 4, 11.91%, 0, 0, 3, 0.60, 19, 85, 0, 0, 0, 0, 0, 0.000, 0, 0
1773272520, 1, 0, 749, 747, 4, 11.91%, 0, 0, 3, 0.59, 19, 85, 0, 0, 0, 0, 0, 0.000, 0, 0
1773272544, 1, 0, 750, 748, 4, 11.91%, 0, 0, 3, 0.64, 19, 85, 0, 0, 0, 0, 0, 0.000, 0, 0
1773272634, 1, 0, 751, 749, 4, 11.91%, 0, 0, 3, 0.59, 19, 85, 0, 0, 0, 0, 0, 0.000, 0, 0
1773272668, 1, 0, 752, 750, 4, 11.91%, 0, 0, 3, 0.56, 19, 85, 0, 0, 0, 0, 0, 0.000, 0, 0
1773272694, 1, 0, 753, 751, 4, 11.92%, 0, 0, 3, 0.51, 19, 85, 0, 0, 0, 0, 0, 0.000, 0, 0
1773272743, 1, 0, 754, 752, 4, 11.92%, 0, 0, 3, 0.50, 19, 85, 0, 0, 0, 0, 0, 0.000, 0, 0
1773272775, 1, 0, 755, 753, 4, 11.92%, 0, 0, 3, 0.48, 19, 85, 0, 0, 0, 0, 0, 0.000, 0, 0
1773272814, 1, 0, 756, 754, 4, 11.92%, 0, 0, 3, 0.45, 19, 85, 0, 0, 0, 0, 0, 0.000, 0, 0
1773273006, 1, 0, 757, 755, 4, 11.92%, 0, 0, 3, 0.55, 19, 85, 0, 0, 0, 0, 0, 0.000, 0, 0
1773273040, 1, 0, 758, 756, 4, 11.92%, 0, 0, 3, 0.55, 19, 85, 0, 0, 0, 0, 0, 0.000, 0, 0
1773273197, 1, 0, 759, 757, 4, 11.92%, 0, 0, 3, 0.60, 19, 85, 0, 0, 0, 0, 0, 0.000, 0, 0
1773273259, 1, 0, 760, 758, 4, 11.92%, 0, 0, 3, 0.89, 19, 85, 0, 0, 0, 0, 0, 0.000, 0, 0
1773273343, 1, 0, 761, 759, 4, 11.92%, 0, 0, 3, 0.67, 19, 85, 0, 0, 0, 0, 0, 0.000, 0, 0
1773273368, 1, 0, 762, 760, 4, 11.92%, 0, 0, 3, 0.61, 19, 85, 0, 0, 0, 0, 0, 0.000, 0, 0
1773273487, 1, 0, 763, 761, 4, 11.92%, 0, 0, 3, 0.53, 19, 85, 0, 0, 0, 0, 0, 0.000, 0, 0
1773273527, 1, 0, 764, 762, 4, 11.92%, 0, 0, 3, 0.65, 19, 85, 0, 0, 0, 0, 0, 0.000, 0, 0
1773273735, 1, 0, 765, 763, 4, 11.92%, 0, 0, 3, 0.58, 19, 85, 0, 0, 0, 0, 0, 0.000, 0, 0
1773273746, 1, 0, 766, 764, 4, 11.92%, 0, 0, 3, 0.70, 19, 85, 0, 0, 0, 0, 0, 0.000, 0, 0
1773273908, 1, 1, 766, 764, 10, 11.92%, 0, 0, 3, 0.04, 19, 85, 1, 1, 1569, 110, 0, 0.500, 0, 0
1773273945, 1, 1, 767, 765, 10, 11.92%, 0, 0, 3, 2.51, 19, 85, 1, 1, 1569, 110, 0, 0.500, 0, 0
1773274007, 1, 1, 768, 766, 10, 11.92%, 0, 0, 3, 2.55, 19, 85, 1, 1, 1569, 110, 0, 0.500, 0, 0
1773274039, 2, 12, 768, 765, 9, 11.92%, 0, 0, 3, 2.40, 19, 85, 1, 1, 1569, 110, 0, 0.500, 0, 0
1773274054, 2, 12, 769, 766, 9, 11.94%, 0, 0, 3, 2.50, 19, 85, 1, 1, 1569, 110, 0, 0.500, 0, 0
1773274070, 2, 12, 770, 767, 9, 11.94%, 0, 0, 3, 2.48, 19, 85, 1, 1, 1569, 110, 0, 0.500, 0, 0
1773274080, 2, 12, 771, 768, 9, 11.94%, 0, 0, 3, 2.46, 19, 86, 1, 1, 1569, 110, 0, 0.500, 0, 0
1773274086, 2, 12, 772, 769, 9, 11.94%, 0, 0, 3, 2.36, 19, 86, 1, 1, 1569, 110, 0, 0.500, 0, 0
1773274122, 2, 12, 773, 770, 9, 11.94%, 0, 0, 3, 2.50, 19, 86, 1, 1, 1569, 110, 0, 0.600, 1, 0
1773274143, 2, 12, 774, 771, 9, 11.94%, 0, 0, 3, 2.35, 19, 86, 1, 1, 1569, 110, 0, 0.600, 1, 0
1773274174, 2, 12, 775, 772, 9, 11.94%, 0, 0, 3, 2.36, 19, 86, 1, 1, 1569, 110, 0, 0.600, 1, 0
1773274189, 2, 12, 776, 773, 9, 11.94%, 0, 0, 3, 2.47, 19, 86, 1, 1, 1569, 110, 0, 0.600, 1, 0
1773274309, 2, 12, 777, 774, 9, 11.94%, 0, 0, 3, 2.49, 19, 86, 1, 1, 1569, 110, 0, 0.600, 1, 0
1773274340, 2, 12, 778, 775, 9, 11.94%, 0, 0, 3, 2.04, 19, 86, 1, 1, 1569, 110, 0, 0.494, 1, 2
1773274351, 2, 12, 779, 776, 9, 11.95%, 0, 0, 3, 2.45, 19, 86, 1, 1, 1569, 110, 0, 0.494, 1, 2
1773274356, 2, 12, 780, 777, 9, 11.95%, 0, 0, 3, 2.19, 19, 86, 1, 1, 1569, 110, 0, 0.494, 1, 2
1773274361, 2, 12, 781, 778, 9, 11.95%, 0, 0, 3, 2.22, 19, 86, 1, 1, 1569, 110, 0, 0.494, 1, 2
1773274367, 2, 12, 782, 779, 9, 11.95%, 0, 0, 3, 2.32, 19, 86, 1, 1, 1569, 110, 0, 0.494, 1, 2
1773274377, 2, 12, 783, 780, 9, 11.95%, 0, 0, 3, 2.36, 19, 86, 1, 1, 1569, 110, 0, 0.494, 1, 2
1773274398, 2, 12, 784, 781, 9, 11.95%, 0, 0, 3, 2.18, 19, 86, 1, 1, 1569, 110, 0, 0.494, 1, 2
1773274408, 2, 12, 785, 782, 9, 11.95%, 0, 0, 3, 1.93, 19, 86, 1, 1, 1569, 110, 0, 0.494, 1, 2
1773274424, 2, 12, 786, 783, 9, 11.95%, 0, 0, 3, 2.22, 19, 86, 1, 1, 1569, 110, 0, 0.494, 1, 2
1773274440, 2, 12, 787, 784, 9, 11.95%, 0, 0, 3, 2.29, 19, 86, 1, 1, 1569, 110, 0, 0.494, 1, 2
1773274461, 2, 12, 788, 785, 9, 11.95%, 0, 0, 3, 2.22, 19, 86, 1, 1, 1569, 110, 0, 0.494, 1, 2
1773274472, 2, 12, 789, 786, 9, 11.95%, 0, 0, 3, 2.32, 19, 86, 1, 1, 1569, 110, 0, 0.494, 1, 2
1773274487, 2, 12, 790, 787, 9, 11.96%, 0, 0, 3, 2.05, 19, 86, 1, 1, 1569, 110, 0, 0.494, 1, 2
1773274508, 2, 12, 791, 788, 9, 11.96%, 0, 0, 3, 2.13, 19, 86, 1, 1, 1569, 110, 0, 0.494, 1, 2
1773274524, 2, 12, 792, 789, 9, 11.96%, 0, 0, 3, 2.08, 19, 86, 1, 1, 1569, 110, 0, 0.494, 1, 2
1773274534, 2, 12, 793, 790, 9, 11.96%, 0, 0, 3, 1.87, 19, 86, 1, 1, 1569, 110, 0, 0.494, 1, 2
1773274550, 2, 12, 794, 791, 9, 11.96%, 0, 0, 3, 2.23, 19, 86, 1, 1, 1569, 110, 0, 0.494, 1, 2
1773274560, 2, 12, 795, 792, 9, 11.96%, 0, 0, 3, 2.18, 19, 86, 1, 1, 1569, 110, 0, 0.470, 1, 3
1773274571, 2, 12, 796, 793, 9, 11.96%, 0, 0, 3, 2.34, 19, 86, 1, 1, 1569, 110, 0, 0.470, 1, 3
1773274587, 2, 12, 797, 794, 9, 11.96%, 0, 0, 3, 1.97, 19, 86, 1, 1, 1569, 110, 0, 0.470, 1, 3
1773274602, 2, 12, 798, 795, 9, 11.96%, 0, 0, 3, 2.42, 19, 86, 1, 1, 1569, 110, 0, 0.470, 1, 3
1773274634, 2, 12, 799, 796, 9, 11.96%, 0, 0, 3, 1.86, 19, 86, 1, 1, 1569, 110, 0, 0.470, 1, 3
1773274661, 2, 12, 800, 797, 9, 11.96%, 0, 0, 3, 2.42, 19, 86, 1, 1, 1569, 110, 0, 0.470, 1, 3
1773274682, 2, 12, 801, 798, 9, 11.96%, 0, 0, 3, 2.36, 19, 86, 1, 1, 1569, 110, 0, 0.470, 1, 3
1773274718, 2, 12, 802, 799, 9, 11.96%, 0, 0, 3, 2.36, 19, 86, 1, 1, 1569, 110, 0, 0.470, 1, 3
1773274761, 2, 31, 802, 798, 2, 11.96%, 0, 0, 3, 2.46, 19, 86, 1, 1, 1569, 110, 0, 0.470, 1, 3
1773274766, 2, 31, 803, 799, 2, 11.97%, 0, 0, 3, 2.05, 19, 86, 1, 1, 1569, 110, 0, 0.470, 1, 3
1773274794, 2, 31, 804, 800, 2, 11.97%, 0, 0, 3, 1.93, 19, 86, 1, 1, 1569, 110, 0, 0.470, 1, 4
1773274890, 2, 31, 805, 801, 2, 11.97%, 0, 0, 3, 2.48, 19, 86, 1, 1, 1569, 110, 0, 0.470, 1, 4
1773274932, 2, 31, 806, 802, 2, 11.97%, 0, 0, 3, 1.86, 19, 86, 1, 1, 1569, 110, 0, 0.470, 1, 4
1773274943, 2, 31, 807, 803, 2, 11.97%, 0, 0, 3, 2.18, 19, 86, 1, 1, 1569, 110, 0, 0.470, 1, 4
1773274990, 2, 31, 808, 804, 2, 11.97%, 0, 0, 3, 2.45, 19, 86, 1, 1, 1569, 110, 0, 0.470, 1, 4
1773275006, 2, 31, 809, 805, 2, 11.97%, 0, 0, 3, 2.55, 19, 86, 1, 1, 1569, 110, 0, 0.470, 1, 4
1773275011, 2, 31, 810, 806, 2, 11.97%, 0, 0, 3, 2.53, 19, 86, 1, 1, 1569, 110, 0, 0.470, 1, 4
1773275016, 2, 31, 811, 807, 2, 11.97%, 0, 0, 3, 2.55, 19, 86, 1, 1, 1569, 110, 0, 0.470, 1, 4
1773275062, 2, 31, 812, 808, 2, 11.98%, 0, 0, 3, 2.54, 19, 86, 1, 1, 1569, 110, 0, 0.470, 1, 4
1773275067, 2, 31, 813, 809, 2, 11.98%, 0, 0, 3, 2.57, 19, 86, 1, 1, 1569, 110, 0, 0.470, 1, 4
1773275089, 2, 31, 814, 810, 2, 11.98%, 0, 0, 3, 2.61, 19, 86, 1, 1, 1569, 110, 0, 0.470, 1, 4
1773275114, 2, 31, 815, 811, 2, 11.98%, 0, 0, 3, 2.52, 19, 86, 1, 1, 1569, 110, 0, 0.470, 1, 4
1773275135, 2, 31, 816, 812, 2, 11.98%, 0, 0, 3, 2.57, 19, 86, 1, 1, 1569, 110, 0, 0.470, 1, 4
1773275176, 2, 31, 817, 813, 2, 11.98%, 0, 0, 3, 2.46, 19, 86, 1, 1, 1569, 110, 0, 0.470, 1, 4
1773275186, 2, 31, 818, 814, 2, 11.98%, 0, 0, 3, 2.50, 19, 86, 1, 1, 1569, 110, 0, 0.470, 1, 4
1773275233, 2, 31, 819, 815, 2, 11.98%, 0, 0, 3, 2.48, 19, 86, 1, 1, 1569, 110, 0, 0.361, 3, 12
1773275259, 2, 31, 820, 816, 2, 11.98%, 0, 0, 3, 2.56, 19, 86, 1, 1, 1569, 110, 0, 0.361, 3, 12
1773275306, 3, 16, 820, 815, 1, 11.98%, 0, 0, 3, 2.42, 19, 86, 1, 1, 1569, 110, 0, 0.361, 3, 12
1773275321, 3, 16, 821, 816, 1, 11.98%, 0, 0, 3, 2.52, 19, 87, 1, 1, 1569, 110, 0, 0.361, 3, 12
1773275353, 3, 16, 822, 817, 1, 11.98%, 0, 0, 3, 2.43, 19, 88, 1, 1, 1569, 110, 0, 0.361, 3, 12
1773275427, 3, 16, 823, 818, 1, 11.98%, 0, 0, 3, 1.99, 19, 88, 1, 1, 1569, 110, 0, 0.361, 3, 12
1773275453, 3, 52, 823, 817, 1, 11.98%, 0, 0, 3, 2.22, 19, 88, 1, 1, 1569, 110, 0, 0.361, 3, 12
1773275458, 3, 52, 824, 818, 1, 11.98%, 0, 0, 3, 2.43, 19, 88, 1, 1, 1569, 110, 0, 0.361, 3, 12
1773275489, 3, 52, 825, 819, 1, 11.99%, 0, 0, 3, 2.29, 19, 88, 1, 1, 1569, 110, 0, 0.361, 3, 12
1773275494, 3, 52, 826, 820, 1, 11.99%, 0, 0, 3, 2.33, 19, 88, 1, 1, 1569, 110, 0, 0.361, 3, 12
1773275500, 3, 52, 827, 821, 1, 11.99%, 0, 0, 3, 2.41, 19, 88, 1, 1, 1569, 110, 0, 0.361, 3, 12
1773275505, 3, 52, 828, 822, 1, 11.99%, 0, 0, 3, 2.44, 19, 88, 1, 1, 1569, 110, 0, 0.361, 3, 12
1773275515, 3, 52, 829, 823, 1, 11.99%, 0, 0, 3, 2.48, 19, 88, 1, 1, 1569, 110, 0, 0.361, 3, 12
1773275536, 3, 52, 830, 824, 1, 11.99%, 0, 0, 3, 2.41, 19, 88, 1, 1, 1569, 110, 0, 0.361, 3, 12
1773275541, 3, 52, 831, 825, 1, 11.99%, 0, 0, 3, 2.43, 19, 88, 1, 1, 1569, 110, 0, 0.361, 3, 12
1773275578, 3, 52, 832, 826, 1, 11.99%, 0, 0, 3, 2.43, 19, 88, 1, 1, 1569, 110, 0, 0.361, 3, 12
1773275640, 3, 52, 833, 827, 1, 11.99%, 0, 0, 3, 2.48, 19, 88, 1, 1, 1569, 110, 0, 0.401, 4, 14
1773275749, 3, 52, 834, 828, 1, 11.99%, 0, 0, 3, 2.34, 19, 88, 1, 1, 1569, 110, 0, 0.401, 4, 14
1773275776, 3, 52, 835, 829, 1, 11.99%, 0, 0, 3, 2.14, 19, 88, 1, 1, 1569, 110, 0, 0.401, 4, 14
1773275781, 3, 52, 836, 830, 1, 11.99%, 0, 0, 3, 1.93, 19, 88, 1, 1, 1569, 110, 0, 0.401, 4, 14
1773275786, 3, 52, 837, 831, 1, 11.99%, 0, 0, 3, 2.02, 19, 88, 1, 1, 1569, 110, 0, 0.401, 4, 14
1773275791, 3, 52, 838, 832, 1, 11.99%, 0, 0, 3, 1.87, 19, 88, 1, 1, 1569, 110, 0, 0.401, 4, 14
1773275823, 3, 52, 840, 834, 1, 11.99%, 0, 0, 3, 2.08, 19, 88, 1, 1, 1569, 110, 0, 0.401, 4, 14
1773275849, 3, 52, 841, 835, 1, 11.99%, 0, 0, 3, 1.79, 19, 88, 1, 1, 1569, 110, 0, 0.401, 4, 14
1773275917, 3, 52, 842, 836, 1, 11.99%, 0, 0, 3, 1.83, 19, 88, 1, 1, 1569, 110, 0, 0.407, 4, 17
1773275975, 3, 52, 843, 837, 1, 12.01%, 0, 0, 3, 1.86, 19, 88, 1, 1, 1569, 110, 0, 0.407, 4, 17
1773276070, 3, 52, 844, 838, 1, 12.01%, 0, 0, 3, 2.26, 19, 88, 1, 1, 1569, 110, 0, 0.407, 4, 17
1773276090, 3, 52, 845, 839, 1, 12.01%, 0, 0, 3, 2.08, 19, 88, 1, 1, 1569, 110, 0, 0.407, 4, 17
1773276100, 3, 52, 846, 840, 1, 12.01%, 0, 0, 3, 2.06, 19, 88, 1, 1, 1569, 110, 0, 0.407, 4, 17
1773276122, 3, 52, 847, 841, 1, 12.01%, 0, 0, 3, 2.23, 19, 88, 1, 1, 1569, 110, 0, 0.407, 4, 17
1773276142, 3, 52, 849, 843, 1, 12.01%, 0, 0, 3, 2.27, 19, 88, 1, 1, 1569, 110, 0, 0.407, 4, 17
1773276153, 3, 52, 850, 844, 1, 12.01%, 0, 0, 3, 1.84, 19, 88, 1, 1, 1569, 110, 0, 0.407, 4, 17
1773276190, 3, 52, 851, 845, 1, 12.01%, 0, 0, 3, 2.31, 19, 88, 1, 1, 1569, 110, 0, 0.407, 4, 17
1773276233, 3, 52, 852, 846, 1, 12.01%, 0, 0, 3, 2.43, 19, 88, 1, 1, 1569, 110, 0, 0.407, 4, 17
1773276264, 3, 52, 853, 847, 1, 12.01%, 0, 0, 3, 2.32, 19, 88, 1, 1, 1569, 110, 0, 0.407, 4, 17
1773276290, 3, 52, 854, 848, 1, 12.01%, 0, 0, 3, 2.36, 19, 88, 1, 1, 1569, 110, 0, 0.407, 4, 17
1773276311, 3, 52, 855, 849, 1, 12.01%, 0, 0, 3, 2.38, 19, 88, 1, 1, 1569, 110, 0, 0.407, 4, 17
1773276339, 3, 52, 856, 850, 1, 12.01%, 0, 0, 3, 2.04, 19, 88, 1, 1, 1569, 110, 0, 0.407, 4, 17
1773276359, 3, 52, 857, 851, 1, 12.01%, 0, 0, 3, 2.21, 19, 88, 1, 1, 1569, 110, 0, 0.407, 4, 17
1773276364, 3, 52, 858, 852, 1, 12.01%, 0, 0, 3, 2.18, 19, 88, 1, 1, 1569, 110, 0, 0.407, 4, 17
1773276375, 3, 52, 859, 853, 1, 12.01%, 0, 0, 3, 1.98, 19, 88, 1, 1, 1569, 110, 0, 0.407, 4, 17
1773276456, 3, 52, 860, 854, 1, 12.02%, 0, 0, 3, 1.90, 19, 88, 1, 1, 1569, 110, 0, 0.407, 4, 17
1773276504, 3, 52, 861, 855, 1, 12.02%, 0, 0, 3, 2.27, 19, 88, 1, 1, 1569, 110, 0, 0.407, 4, 17
1773276556, 3, 52, 862, 856, 1, 12.02%, 0, 0, 3, 2.46, 19, 88, 1, 1, 1569, 110, 0, 0.407, 4, 17
1773276577, 3, 52, 863, 857, 1, 12.02%, 0, 0, 3, 2.33, 19, 88, 1, 1, 1569, 110, 0, 0.407, 4, 17
1773276598, 3, 52, 864, 858, 1, 12.02%, 0, 0, 3, 2.31, 19, 89, 1, 1, 1569, 110, 0, 0.407, 4, 17
1773276603, 3, 52, 865, 859, 1, 12.02%, 0, 0, 3, 2.02, 19, 89, 1, 1, 1569, 110, 0, 0.407, 4, 17
1773276608, 3, 52, 866, 860, 1, 12.02%, 0, 0, 3, 2.16, 19, 89, 1, 1, 1569, 110, 0, 0.407, 4, 17
1773276614, 3, 52, 867, 861, 1, 12.02%, 0, 0, 3, 2.22, 19, 89, 1, 1, 1569, 110, 0, 0.407, 4, 17
1773276630, 3, 52, 868, 862, 1, 12.02%, 0, 0, 3, 2.08, 19, 89, 1, 1, 1569, 110, 0, 0.407, 4, 17
1773276640, 3, 52, 869, 863, 1, 12.02%, 0, 0, 3, 1.82, 19, 89, 1, 1, 1569, 110, 0, 0.407, 4, 17
1773276650, 3, 52, 870, 864, 1, 12.02%, 0, 0, 3, 1.76, 19, 89, 1, 1, 1569, 110, 0, 0.407, 4, 17
1773276656, 3, 52, 871, 865, 1, 12.02%, 0, 0, 3, 1.71, 19, 89, 1, 1, 1569, 110, 0, 0.407, 4, 17
1773276661, 3, 52, 872, 866, 1, 12.02%, 0, 0, 3, 1.92, 19, 89, 1, 1, 1569, 110, 0, 0.407, 4, 17
1773276671, 3, 52, 873, 867, 1, 12.02%, 0, 0, 3, 2.28, 19, 89, 1, 1, 1569, 110, 0, 0.407, 4, 17
1773276677, 3, 52, 874, 868, 1, 12.02%, 0, 0, 3, 2.15, 19, 89, 1, 1, 1569, 110, 0, 0.407, 4, 17
1773276682, 3, 52, 875, 869, 1, 12.02%, 0, 0, 3, 2.10, 19, 89, 1, 1, 1569, 110, 0, 0.407, 4, 17
1773276698, 3, 52, 876, 870, 1, 12.02%, 0, 0, 3, 2.34, 19, 89, 1, 1, 1569, 110, 0, 0.407, 4, 17
1773276724, 3, 52, 877, 871, 1, 12.02%, 0, 0, 3, 2.25, 19, 89, 1, 1, 1569, 110, 0, 0.407, 4, 17
1773276734, 3, 52, 878, 872, 1, 12.02%, 0, 0, 3, 2.36, 19, 89, 1, 1, 1569, 110, 0, 0.407, 4, 17
1773276750, 3, 52, 879, 873, 1, 12.02%, 0, 0, 3, 2.27, 19, 89, 1, 1, 1569, 110, 0, 0.407, 4, 17
1773276775, 3, 52, 880, 874, 1, 12.02%, 0, 0, 3, 2.29, 19, 89, 1, 1, 1569, 110, 0, 0.407, 4, 17
1773276781, 3, 52, 881, 875, 1, 12.03%, 0, 0, 3, 2.40, 19, 89, 1, 1, 1569, 110, 0, 0.407, 4, 17
1773276807, 3, 52, 882, 876, 1, 12.03%, 0, 0, 3, 2.22, 19, 89, 1, 1, 1569, 110, 0, 0.407, 4, 17
1773276828, 3, 52, 883, 877, 1, 12.03%, 0, 0, 3, 2.26, 19, 89, 1, 1, 1569, 110, 0, 0.407, 4, 17
1773276939, 3, 52, 884, 878, 1, 12.03%, 0, 0, 3, 2.25, 19, 89, 1, 1, 1569, 110, 0, 0.407, 4, 17
1773276964, 3, 52, 885, 879, 1, 12.03%, 0, 0, 3, 2.42, 19, 89, 1, 1, 1569, 110, 0, 0.407, 4, 17
1773276980, 4, 297, 885, 878, 0, 12.03%, 0, 0, 3, 2.54, 19, 89, 1, 1, 1569, 110, 0, 0.407, 4, 17
1773277006, 4, 297, 886, 879, 0, 12.05%, 0, 0, 3, 2.15, 19, 91, 1, 1, 1569, 110, 0, 0.407, 4, 17
1773277012, 4, 297, 887, 880, 0, 12.05%, 0, 0, 3, 2.30, 19, 91, 1, 1, 1569, 110, 0, 0.407, 4, 17
1773277017, 4, 297, 888, 881, 0, 12.05%, 0, 0, 3, 2.33, 19, 91, 1, 1, 1569, 110, 0, 0.407, 4, 17
1773277059, 4, 297, 889, 882, 0, 12.05%, 0, 0, 3, 2.22, 19, 92, 1, 1, 1569, 110, 0, 0.407, 4, 17
1773277101, 4, 297, 890, 883, 0, 12.05%, 0, 0, 3, 2.33, 19, 94, 1, 1, 1569, 110, 0, 0.410, 4, 19
1773277137, 4, 297, 891, 884, 0, 12.05%, 0, 0, 3, 2.44, 19, 94, 1, 1, 1569, 110, 0, 0.410, 4, 19
1773277178, 4, 297, 892, 885, 0, 12.06%, 0, 0, 3, 2.37, 19, 94, 1, 1, 1569, 110, 0, 0.410, 4, 19
1773277251, 4, 297, 893, 886, 0, 12.06%, 0, 0, 3, 2.53, 19, 94, 1, 1, 1569, 110, 0, 0.410, 4, 19
1773277282, 5, 33, 893, 885, 0, 12.06%, 0, 0, 3, 2.49, 19, 94, 1, 1, 1569, 110, 0, 0.410, 4, 19
1773277293, 5, 33, 894, 886, 0, 12.06%, 0, 0, 3, 2.10, 19, 94, 1, 1, 1569, 110, 0, 0.410, 4, 19
1773277324, 5, 107, 894, 885, 0, 12.06%, 0, 0, 3, 2.36, 19, 94, 1, 1, 1569, 110, 0, 0.410, 4, 19
1773277392, 5, 107, 895, 886, 0, 12.06%, 0, 0, 3, 2.26, 19, 94, 1, 1, 1569, 110, 0, 0.410, 4, 19
1773277471, 6, 31, 895, 885, 23, 12.06%, 0, 0, 3, 2.16, 19, 94, 2, 1, 1569, 110, 0, 0.410, 4, 19
1773277492, 6, 31, 896, 886, 23, 12.07%, 0, 0, 3, 1.61, 19, 94, 2, 1, 1569, 110, 0, 0.410, 4, 19
1773277586, 6, 31, 897, 887, 23, 12.07%, 0, 0, 3, 1.97, 19, 94, 2, 1, 1569, 110, 0, 0.410, 4, 20
1773277627, 6, 31, 898, 888, 23, 12.07%, 0, 0, 3, 2.36, 19, 94, 2, 1, 1569, 110, 0, 0.410, 4, 20
1773277664, 6, 31, 900, 890, 23, 12.07%, 0, 0, 3, 2.33, 19, 95, 2, 1, 1569, 110, 0, 0.410, 4, 20
1773277718, 6, 31, 901, 891, 23, 12.07%, 0, 0, 3, 2.16, 19, 95, 2, 1, 1569, 110, 0, 0.410, 4, 20
1773277728, 7, 11, 901, 891, 4, 12.07%, 0, 0, 3, 2.21, 19, 95, 2, 1, 1569, 110, 0, 0.410, 4, 20
1773277825, 7, 11, 902, 892, 4, 12.07%, 0, 0, 3, 2.41, 19, 95, 2, 1, 1569, 110, 0, 0.411, 4, 21
1773277861, 7, 31, 902, 891, 19, 12.07%, 0, 0, 3, 2.28, 19, 95, 2, 1, 1569, 110, 0, 0.411, 4, 21
1773277909, 7, 31, 903, 892, 19, 12.07%, 0, 0, 3, 1.85, 19, 95, 2, 1, 1569, 110, 0, 0.411, 4, 21
1773277973, 7, 31, 904, 893, 19, 12.07%, 0, 0, 3, 2.16, 19, 95, 2, 1, 1569, 110, 0, 0.411, 4, 21
1773278022, 7, 31, 905, 894, 19, 12.07%, 0, 0, 3, 2.14, 19, 95, 2, 1, 1569, 110, 0, 0.411, 4, 21
1773278069, 7, 31, 906, 895, 19, 12.08%, 0, 0, 3, 1.68, 19, 97, 2, 1, 1569, 110, 0, 0.411, 4, 21
1773278091, 7, 31, 907, 896, 19, 12.08%, 0, 0, 3, 1.89, 19, 97, 2, 1, 1569, 110, 0, 0.411, 4, 21
1773278118, 8, 28, 907, 896, 16, 12.08%, 0, 0, 3, 1.80, 19, 97, 2, 1, 1569, 110, 0, 0.411, 4, 21
1773278139, 8, 28, 908, 897, 16, 12.08%, 0, 0, 3, 1.57, 19, 97, 2, 1, 1569, 110, 0, 0.411, 4, 21
1773278156, 8, 28, 909, 898, 16, 12.08%, 0, 0, 3, 1.42, 19, 97, 2, 1, 1569, 110, 0, 0.411, 4, 21
1773278166, 8, 28, 910, 899, 16, 12.08%, 0, 0, 3, 1.35, 19, 97, 2, 1, 1569, 110, 0, 0.411, 4, 21
1773278177, 8, 28, 911, 900, 16, 12.08%, 0, 0, 3, 1.62, 19, 97, 2, 1, 1569, 110, 0, 0.411, 4, 21
1773278188, 8, 28, 912, 901, 16, 12.09%, 0, 0, 3, 1.48, 19, 97, 2, 1, 1569, 110, 0, 0.411, 4, 21
1773278231, 8, 28, 913, 902, 16, 12.09%, 0, 0, 3, 1.68, 19, 97, 2, 1, 1569, 110, 0, 0.411, 4, 21
1773278241, 8, 28, 914, 903, 16, 12.09%, 0, 0, 3, 1.50, 19, 97, 2, 1, 1569, 110, 0, 0.411, 4, 21
1773278252, 8, 28, 915, 904, 16, 12.09%, 0, 0, 3, 1.50, 19, 97, 2, 1, 1569, 110, 0, 0.411, 4, 21
1773278263, 8, 28, 916, 905, 16, 12.09%, 0, 0, 3, 1.60, 19, 97, 2, 1, 1569, 110, 0, 0.411, 4, 21
1773278273, 8, 28, 917, 906, 16, 12.09%, 0, 0, 3, 1.48, 19, 97, 2, 1, 1569, 110, 0, 0.411, 4, 21
1773278316, 8, 28, 918, 907, 16, 12.09%, 0, 0, 3, 1.47, 19, 97, 2, 1, 1569, 110, 0, 0.411, 4, 21
1773278387, 8, 28, 919, 908, 16, 12.09%, 0, 0, 3, 1.66, 19, 97, 2, 1, 1569, 110, 0, 0.411, 4, 21
1773278410, 8, 28, 920, 909, 16, 12.10%, 0, 0, 3, 1.49, 19, 97, 2, 1, 1569, 110, 0, 0.411, 4, 21
1773278480, 8, 28, 921, 910, 16, 12.10%, 0, 0, 3, 1.66, 19, 97, 2, 1, 1569, 110, 0, 0.411, 4, 21
1773278496, 8, 28, 922, 911, 16, 12.10%, 0, 0, 3, 1.52, 19, 97, 2, 1, 1569, 110, 0, 0.411, 4, 21
1773278537, 8, 28, 923, 912, 16, 12.10%, 0, 0, 3, 1.61, 19, 97, 2, 1, 1569, 110, 0, 0.411, 4, 21
1773278570, 8, 28, 924, 913, 16, 12.10%, 0, 0, 3, 1.45, 19, 97, 2, 1, 1569, 110, 0, 0.411, 4, 21
1773278603, 8, 28, 925, 914, 16, 12.10%, 0, 0, 3, 1.23, 19, 97, 2, 1, 1569, 110, 0, 0.411, 4, 21
1773278659, 8, 28, 926, 915, 16, 12.10%, 0, 0, 3, 1.69, 19, 97, 2, 1, 1569, 110, 0, 0.411, 4, 21
1773278690, 8, 28, 927, 916, 16, 12.10%, 0, 0, 3, 1.47, 19, 97, 2, 1, 1569, 110, 0, 0.411, 4, 21
1773278767, 8, 28, 928, 917, 16, 12.10%, 0, 0, 3, 1.20, 19, 97, 2, 1, 1569, 110, 0, 0.411, 4, 21
1773278773, 8, 28, 929, 918, 16, 12.10%, 0, 0, 3, 1.17, 19, 97, 2, 1, 1569, 110, 0, 0.411, 4, 21
1773278796, 8, 28, 930, 919, 16, 12.10%, 0, 0, 3, 1.15, 19, 97, 2, 1, 1569, 110, 0, 0.411, 4, 21
1773278836, 8, 28, 931, 920, 16, 12.10%, 0, 0, 3, 1.23, 19, 97, 2, 1, 1569, 110, 0, 0.411, 4, 21
1773278864, 8, 28, 932, 921, 16, 12.10%, 0, 0, 3, 1.52, 19, 97, 2, 1, 1569, 110, 0, 0.411, 4, 21
1773278912, 8, 28, 933, 922, 16, 12.10%, 0, 0, 3, 1.16, 19, 97, 2, 1, 1569, 110, 0, 0.411, 4, 21
1773278946, 8, 28, 934, 923, 16, 12.10%, 0, 0, 3, 1.14, 19, 97, 2, 1, 1569, 110, 0, 0.411, 4, 21
1773279074, 8, 28, 935, 924, 16, 12.10%, 0, 0, 3, 1.41, 19, 97, 2, 1, 1569, 110, 0, 0.411, 4, 21
1773279190, 8, 28, 936, 925, 16, 12.10%, 0, 0, 3, 1.06, 19, 97, 2, 1, 1569, 110, 0, 0.411, 4, 21
1773279306, 8, 28, 937, 926, 16, 12.10%, 0, 0, 3, 1.10, 19, 97, 2, 1, 1569, 110, 0, 0.430, 5, 24
1773279391, 8, 28, 938, 927, 16, 12.10%, 0, 0, 3, 1.02, 19, 97, 2, 1, 1569, 110, 0, 0.430, 5, 24
1773279488, 8, 28, 939, 928, 16, 12.10%, 0, 0, 3, 0.93, 19, 97, 2, 1, 1569, 110, 0, 0.430, 5, 24
1773279546, 8, 28, 940, 929, 16, 12.10%, 0, 0, 3, 0.95, 19, 97, 2, 1, 1569, 110, 0, 0.430, 5, 24
1773279563, 8, 28, 941, 930, 16, 12.10%, 0, 0, 3, 1.07, 19, 97, 2, 1, 1569, 110, 0, 0.430, 5, 24
1773279643, 8, 28, 942, 931, 16, 12.10%, 0, 0, 3, 1.00, 19, 97, 2, 1, 1569, 110, 0, 0.430, 5, 24
1773279806, 8, 28, 943, 932, 16, 12.10%, 0, 0, 3, 1.18, 19, 97, 2, 1, 1569, 110, 0, 0.432, 5, 28
1773279829, 8, 28, 944, 933, 16, 12.10%, 0, 0, 3, 1.04, 19, 97, 2, 1, 1569, 110, 0, 0.432, 5, 28
1773280054, 8, 28, 945, 934, 16, 12.10%, 0, 0, 3, 1.19, 19, 97, 2, 1, 1569, 110, 0, 0.432, 5, 28
1773280118, 8, 28, 946, 935, 16, 12.10%, 0, 0, 3, 1.05, 19, 97, 2, 1, 1569, 110, 0, 0.432, 5, 28
1773280174, 8, 28, 947, 936, 16, 12.10%, 0, 0, 3, 1.21, 19, 97, 2, 1, 1569, 110, 0, 0.432, 5, 28
1773280261, 8, 28, 948, 937, 16, 12.10%, 0, 0, 3, 1.05, 19, 97, 2, 1, 1569, 110, 0, 0.432, 5, 28
1773280288, 9, 12, 948, 936, 3, 12.10%, 0, 0, 3, 1.74, 19, 97, 2, 1, 1569, 110, 0, 0.432, 5, 28
1773280330, 9, 12, 949, 937, 3, 12.12%, 0, 0, 3, 2.40, 19, 97, 2, 1, 1569, 110, 0, 0.406, 5, 32
1773280335, 9, 12, 950, 938, 3, 12.12%, 0, 0, 3, 2.28, 19, 97, 2, 1, 1569, 110, 0, 0.406, 5, 32
1773280355, 9, 12, 951, 939, 3, 12.12%, 0, 0, 3, 2.34, 19, 97, 2, 1, 1569, 110, 0, 0.406, 5, 32
1773280376, 9, 12, 952, 940, 3, 12.12%, 0, 0, 3, 2.32, 19, 97, 2, 1, 1569, 110, 0, 0.406, 5, 32
1773280387, 9, 12, 953, 941, 3, 12.12%, 0, 0, 3, 2.34, 19, 97, 2, 1, 1569, 110, 0, 0.406, 5, 32
1773280397, 9, 12, 954, 942, 3, 12.12%, 0, 0, 3, 1.97, 19, 97, 2, 1, 1569, 110, 0, 0.406, 5, 32
1773280413, 9, 12, 955, 943, 3, 12.12%, 0, 0, 3, 2.22, 19, 97, 2, 1, 1569, 110, 0, 0.406, 5, 32
1773280440, 9, 12, 956, 944, 3, 12.12%, 0, 0, 3, 2.13, 19, 97, 2, 1, 1569, 110, 0, 0.406, 5, 32
1773280466, 9, 12, 957, 945, 3, 12.12%, 0, 0, 3, 2.22, 19, 97, 2, 1, 1569, 110, 0, 0.406, 5, 32
1773280477, 9, 12, 958, 946, 3, 12.12%, 0, 0, 3, 2.23, 19, 97, 2, 1, 1569, 110, 0, 0.406, 5, 32
1773280508, 9, 12, 959, 947, 3, 12.12%, 0, 0, 3, 2.29, 19, 97, 2, 1, 1569, 110, 0, 0.406, 5, 32
1773280581, 9, 12, 960, 948, 3, 12.13%, 0, 0, 3, 2.39, 19, 97, 2, 1, 1569, 110, 0, 0.428, 6, 36
1773280628, 9, 12, 961, 949, 3, 12.13%, 0, 0, 3, 2.35, 19, 97, 2, 1, 1569, 110, 0, 0.428, 6, 36
1773280675, 9, 12, 962, 950, 3, 12.13%, 0, 0, 3, 2.48, 19, 97, 2, 1, 1569, 110, 0, 0.428, 6, 36
1773280696, 9, 12, 963, 951, 3, 12.13%, 0, 0, 3, 1.91, 19, 97, 2, 1, 1569, 110, 0, 0.428, 6, 36
1773280722, 10, 16, 963, 951, 1, 12.13%, 0, 0, 3, 2.27, 19, 97, 2, 1, 1569, 110, 0, 0.428, 6, 36
1773280749, 10, 16, 964, 952, 1, 12.13%, 0, 0, 3, 2.05, 19, 97, 2, 1, 1569, 110, 0, 0.428, 6, 36
1773280754, 10, 16, 965, 953, 1, 12.13%, 0, 0, 3, 2.29, 19, 97, 2, 1, 1569, 110, 0, 0.428, 6, 36
1773280792, 10, 16, 966, 954, 1, 12.13%, 0, 0, 3, 2.47, 19, 98, 2, 1, 1569, 110, 0, 0.440, 7, 38
1773280840, 10, 16, 967, 955, 1, 12.13%, 0, 0, 3, 2.10, 19, 99, 2, 1, 1569, 110, 0, 0.440, 7, 38
1773280853, 10, 16, 968, 956, 1, 12.13%, 0, 0, 3, 0.40, 19, 99, 2, 1, 1569, 110, 0, 0.440, 7, 38
1773280903, 10, 16, 969, 957, 1, 12.13%, 0, 0, 3, 2.30, 19, 99, 2, 1, 1569, 110, 0, 0.440, 7, 38
1773280915, 10, 16, 970, 958, 1, 12.13%, 0, 0, 3, 1.80, 19, 99, 2, 1, 1569, 110, 0, 0.440, 7, 38
1773281025, 10, 16, 971, 959, 1, 12.13%, 0, 0, 3, 1.33, 19, 99, 2, 1, 1569, 110, 0, 0.440, 7, 38
1773281086, 10, 16, 972, 960, 1, 12.13%, 0, 0, 3, 1.71, 19, 99, 2, 1, 1569, 110, 0, 0.440, 7, 38
1773281166, 10, 16, 973, 961, 1, 12.13%, 0, 0, 3, 1.37, 19, 99, 2, 1, 1569, 110, 0, 0.440, 7, 38
1773281238, 10, 16, 974, 962, 1, 12.13%, 0, 0, 3, 1.61, 19, 100, 2, 1, 1569, 110, 0, 0.449, 8, 41
1773281375, 10, 16, 975, 963, 1, 12.13%, 0, 0, 3, 1.62, 19, 100, 2, 1, 1569, 110, 0, 0.449, 8, 41
1773281461, 10, 16, 976, 964, 1, 12.13%, 0, 0, 3, 1.31, 19, 100, 2, 1, 1569, 110, 0, 0.449, 8, 41
1773281515, 10, 16, 977, 965, 1, 12.14%, 0, 0, 3, 2.06, 19, 100, 2, 1, 1569, 110, 0, 0.449, 8, 41
1773281558, 10, 52, 977, 965, 4, 12.14%, 0, 0, 3, 2.27, 19, 100, 2, 1, 1569, 110, 0, 0.449, 8, 41
1773281589, 10, 52, 978, 966, 4, 12.14%, 0, 0, 3, 2.12, 19, 100, 2, 1, 1569, 110, 0, 0.449, 8, 41
1773281610, 10, 52, 979, 967, 4, 12.14%, 0, 0, 3, 2.42, 19, 100, 2, 1, 1569, 110, 0, 0.449, 8, 41
1773281711, 11, 22, 979, 967, 5, 12.14%, 0, 0, 3, 0.16, 19, 100, 3, 2, 3167, 201, 0, 0.449, 8, 41
1773281726, 11, 22, 980, 968, 5, 12.14%, 0, 0, 3, 2.21, 19, 100, 3, 2, 3167, 201, 0, 0.449, 8, 41
1773281732, 11, 22, 981, 969, 5, 12.14%, 0, 0, 3, 2.24, 19, 100, 3, 2, 3167, 201, 0, 0.449, 8, 41
1773281737, 11, 22, 982, 970, 5, 12.14%, 0, 0, 3, 2.15, 19, 100, 3, 2, 3167, 201, 0, 0.449, 8, 41
1773281742, 11, 22, 983, 971, 5, 12.15%, 0, 0, 3, 2.17, 19, 101, 3, 2, 3167, 201, 0, 0.449, 8, 41
1773281747, 11, 22, 984, 972, 5, 12.15%, 0, 0, 3, 2.10, 19, 101, 3, 2, 3167, 201, 0, 0.449, 8, 41
1773281753, 11, 22, 985, 973, 5, 12.15%, 0, 0, 3, 2.19, 19, 101, 3, 2, 3167, 201, 0, 0.449, 8, 41
1773281763, 11, 22, 986, 974, 5, 12.15%, 0, 0, 3, 2.25, 19, 101, 3, 2, 3167, 201, 0, 0.449, 8, 41
1773281768, 11, 22, 987, 975, 5, 12.15%, 0, 0, 3, 2.22, 19, 101, 3, 2, 3167, 201, 0, 0.449, 8, 41
1773281789, 11, 22, 988, 976, 5, 12.15%, 0, 0, 3, 2.19, 19, 101, 3, 2, 3167, 201, 0, 0.449, 8, 41
1773281794, 11, 22, 989, 977, 5, 12.15%, 0, 0, 3, 2.07, 19, 101, 3, 2, 3167, 201, 0, 0.449, 8, 41
1773281809, 11, 22, 990, 978, 5, 12.15%, 0, 0, 3, 2.07, 19, 101, 3, 2, 3167, 201, 0, 0.449, 8, 41
1773281825, 11, 22, 991, 979, 5, 12.15%, 0, 0, 3, 2.30, 19, 101, 3, 2, 3167, 201, 0, 0.452, 8, 47
1773281867, 11, 22, 992, 980, 5, 12.15%, 0, 0, 3, 2.24, 19, 101, 3, 2, 3167, 201, 0, 0.452, 8, 47
1773281872, 11, 22, 993, 981, 5, 12.15%, 0, 0, 3, 2.21, 19, 101, 3, 2, 3167, 201, 0, 0.452, 8, 47
1773281893, 11, 22, 994, 982, 5, 12.15%, 0, 0, 3, 2.32, 19, 101, 3, 2, 3167, 201, 0, 0.452, 8, 47
1773281908, 11, 22, 995, 983, 5, 12.15%, 0, 0, 3, 2.27, 19, 101, 3, 2, 3167, 201, 0, 0.452, 8, 47
1773281914, 11, 22, 996, 984, 5, 12.15%, 0, 0, 3, 2.26, 19, 101, 3, 2, 3167, 201, 0, 0.452, 8, 47
1773281924, 11, 22, 997, 985, 5, 12.15%, 0, 0, 3, 2.12, 19, 101, 3, 2, 3167, 201, 0, 0.452, 8, 47
1773281929, 11, 22, 998, 986, 5, 12.16%, 0, 0, 3, 2.36, 19, 101, 3, 2, 3167, 201, 0, 0.452, 8, 47
1773281971, 11, 22, 999, 987, 5, 12.16%, 0, 0, 3, 2.25, 19, 101, 3, 2, 3167, 201, 0, 0.452, 8, 47
1773281998, 11, 22, 1000, 988, 5, 12.16%, 0, 0, 3, 2.23, 19, 101, 3, 2, 3167, 201, 0, 0.452, 8, 47
1773282019, 11, 22, 1001, 989, 5, 12.16%, 0, 0, 3, 2.24, 19, 101, 3, 2, 3167, 201, 0, 0.452, 8, 47
1773282035, 11, 22, 1002, 990, 5, 12.16%, 0, 0, 3, 2.38, 19, 101, 3, 2, 3167, 201, 0, 0.452, 8, 47
1773282076, 11, 22, 1003, 991, 5, 12.16%, 0, 0, 3, 2.34, 19, 102, 3, 2, 3167, 201, 0, 0.452, 8, 47
1773282187, 11, 833, 1004, 991, 15, 12.16%, 0, 0, 3, 0.16, 19, 102, 4, 3, 4789, 278, 0, 0.452, 8, 47
1773282219, 11, 833, 1005, 992, 15, 12.16%, 0, 0, 3, 1.85, 19, 102, 4, 3, 4789, 278, 0, 0.452, 8, 47
1773282350, 11, 833, 1006, 993, 15, 12.16%, 0, 0, 3, 2.11, 19, 102, 4, 3, 4789, 278, 0, 0.452, 8, 47
1773282366, 11, 833, 1007, 994, 15, 12.16%, 0, 0, 3, 2.25, 19, 102, 4, 3, 4789, 278, 0, 0.452, 8, 47
1773282377, 11, 833, 1008, 995, 15, 12.16%, 0, 0, 3, 2.29, 19, 102, 4, 3, 4789, 278, 0, 0.452, 8, 47
1773282393, 11, 833, 1009, 996, 15, 12.16%, 0, 0, 3, 2.25, 19, 102, 4, 3, 4789, 278, 0, 0.452, 8, 47
1773282410, 11, 833, 1010, 997, 15, 12.16%, 0, 0, 3, 1.97, 19, 102, 4, 3, 4789, 278, 0, 0.452, 8, 47
1773282431, 11, 833, 1011, 998, 15, 12.16%, 0, 0, 3, 1.66, 19, 102, 4, 3, 4789, 278, 0, 0.452, 8, 47
1773282452, 11, 833, 1012, 999, 15, 12.19%, 0, 0, 3, 2.37, 19, 102, 4, 3, 4789, 278, 0, 0.452, 8, 47
1773282463, 11, 833, 1013, 1000, 15, 12.19%, 0, 0, 3, 2.42, 19, 102, 4, 3, 4789, 278, 0, 0.452, 8, 47
1773282565, 11, 833, 1014, 1001, 15, 12.19%, 0, 0, 3, 2.14, 19, 103, 4, 3, 4789, 278, 0, 0.434, 9, 51
1773282570, 11, 833, 1015, 1002, 15, 12.19%, 0, 0, 3, 2.05, 19, 103, 4, 3, 4789, 278, 0, 0.434, 9, 51
1773282575, 11, 833, 1016, 1003, 15, 12.19%, 0, 0, 3, 2.00, 19, 103, 4, 3, 4789, 278, 0, 0.434, 9, 51
1773282601, 11, 833, 1017, 1004, 15, 12.19%, 0, 0, 3, 2.18, 19, 103, 4, 3, 4789, 278, 0, 0.434, 9, 51
1773282627, 11, 833, 1018, 1005, 15, 12.20%, 0, 0, 3, 2.13, 19, 103, 4, 3, 4789, 278, 0, 0.434, 9, 51
1773282632, 11, 833, 1019, 1006, 15, 12.20%, 0, 0, 3, 2.09, 19, 103, 4, 3, 4789, 278, 0, 0.434, 9, 51
1773282653, 11, 833, 1020, 1007, 15, 12.20%, 0, 0, 3, 2.21, 19, 103, 4, 3, 4789, 278, 0, 0.434, 9, 51
1773282668, 11, 833, 1021, 1008, 15, 12.21%, 0, 0, 3, 2.07, 19, 103, 4, 3, 4789, 278, 0, 0.434, 9, 51
1773282685, 11, 833, 1022, 1009, 15, 12.21%, 0, 0, 3, 2.07, 19, 103, 4, 3, 4789, 278, 0, 0.434, 9, 51
1773282804, 12, 248, 1022, 1008, 0, 12.21%, 0, 0, 3, 0.18, 19, 103, 5, 4, 6578, 375, 0, 0.435, 9, 55
1773282836, 12, 248, 1023, 1009, 0, 12.21%, 0, 0, 4, 2.23, 19, 103, 5, 4, 6578, 375, 0, 0.435, 9, 55
1773282909, 12, 248, 1024, 1010, 0, 12.21%, 0, 0, 4, 2.18, 19, 103, 5, 4, 6578, 375, 0, 0.435, 9, 55
1773282980, 12, 297, 1025, 1010, 2, 12.21%, 0, 0, 4, 0.16, 19, 104, 6, 5, 8158, 466, 0, 0.435, 9, 55
1773283069, 12, 297, 1026, 1011, 2, 12.21%, 0, 0, 4, 2.48, 19, 104, 6, 5, 8158, 466, 0, 0.424, 9, 61
1773283074, 12, 297, 1027, 1012, 2, 12.21%, 0, 0, 4, 2.53, 19, 104, 6, 5, 8158, 466, 0, 0.424, 9, 61
1773283079, 12, 297, 1028, 1013, 2, 12.23%, 0, 0, 4, 2.29, 19, 104, 6, 5, 8158, 466, 0, 0.424, 9, 61
1773283095, 12, 297, 1029, 1014, 2, 12.23%, 0, 0, 4, 2.31, 19, 104, 6, 5, 8158, 466, 0, 0.424, 9, 61
1773283126, 12, 297, 1030, 1015, 2, 12.23%, 0, 0, 4, 2.48, 19, 104, 6, 5, 8158, 466, 0, 0.424, 9, 61
1773283141, 12, 297, 1031, 1016, 2, 12.23%, 0, 0, 4, 2.55, 19, 104, 6, 5, 8158, 466, 0, 0.424, 9, 61
1773283168, 12, 297, 1032, 1017, 2, 12.23%, 0, 0, 4, 2.48, 19, 104, 6, 5, 8158, 466, 0, 0.424, 9, 61
1773283250, 12, 297, 1033, 1018, 2, 12.23%, 0, 0, 4, 2.40, 19, 104, 6, 5, 8158, 466, 0, 0.425, 9, 63
1773283272, 12, 297, 1034, 1019, 2, 12.23%, 0, 0, 4, 2.46, 19, 104, 6, 5, 8158, 466, 0, 0.425, 9, 63
1773283329, 12, 297, 1035, 1020, 2, 12.23%, 0, 0, 4, 2.35, 19, 104, 6, 5, 8158, 466, 0, 0.425, 9, 63
1773283334, 12, 297, 1036, 1021, 2, 12.23%, 0, 0, 4, 2.30, 19, 104, 6, 5, 8158, 466, 0, 0.425, 9, 63
1773283376, 12, 406, 1036, 1021, 0, 12.23%, 0, 0, 4, 2.48, 19, 104, 6, 5, 8158, 466, 0, 0.425, 9, 63
1773283392, 12, 406, 1037, 1022, 0, 12.23%, 0, 0, 4, 2.44, 19, 104, 6, 5, 8158, 466, 0, 0.425, 9, 63
1773283439, 12, 406, 1038, 1023, 0, 12.23%, 0, 0, 4, 2.53, 19, 104, 6, 5, 8158, 466, 0, 0.425, 9, 63
1773283614, 12, 889, 1038, 1022, 1, 12.23%, 0, 0, 4, 0.02, 19, 104, 7, 6, 9878, 573, 0, 0.425, 9, 63
1773283620, 12, 889, 1040, 1024, 1, 12.24%, 0, 0, 4, 2.48, 19, 104, 7, 6, 9878, 573, 0, 0.425, 9, 63
1773283635, 12, 889, 1041, 1025, 1, 12.24%, 0, 0, 4, 2.41, 19, 104, 7, 6, 9878, 573, 0, 0.425, 9, 63
1773283672, 12, 889, 1042, 1026, 1, 12.24%, 0, 0, 4, 2.25, 19, 104, 7, 6, 9878, 573, 0, 0.425, 9, 63
1773283755, 12, 889, 1044, 1028, 1, 12.25%, 0, 0, 4, 2.43, 19, 104, 7, 6, 9878, 573, 0, 0.425, 9, 64
1773283901, 12, 889, 1045, 1029, 1, 12.25%, 0, 0, 4, 2.43, 19, 104, 7, 6, 9878, 573, 0, 0.425, 9, 64
1773283917, 12, 889, 1046, 1030, 1, 12.25%, 0, 0, 4, 2.50, 19, 104, 7, 6, 9878, 573, 0, 0.425, 9, 64
1773283943, 12, 889, 1047, 1031, 1, 12.25%, 0, 0, 4, 2.49, 19, 104, 7, 6, 9878, 573, 0, 0.424, 9, 65
1773284017, 12, 889, 1048, 1032, 1, 12.25%, 0, 0, 4, 2.47, 19, 104, 7, 6, 9878, 573, 0, 0.424, 9, 65
1773284048, 12, 889, 1049, 1033, 1, 12.25%, 0, 0, 4, 2.45, 19, 104, 7, 6, 9878, 573, 0, 0.424, 9, 65
1773284069, 13, 255, 1049, 1032, 2, 12.25%, 0, 0, 4, 2.44, 19, 104, 7, 6, 9878, 573, 0, 0.424, 9, 65
1773284085, 13, 255, 1050, 1033, 2, 12.25%, 0, 0, 4, 2.07, 19, 104, 7, 6, 9878, 573, 0, 0.424, 9, 65
1773284185, 13, 255, 1051, 1034, 2, 12.25%, 0, 0, 4, 2.11, 19, 106, 7, 6, 9878, 573, 0, 0.424, 10, 65
1773284217, 14, 8, 1051, 1033, 21, 12.25%, 0, 0, 4, 2.26, 19, 106, 7, 6, 9878, 573, 0, 0.424, 10, 65
1773284266, 14, 8, 1052, 1034, 21, 12.25%, 0, 0, 4, 2.33, 19, 106, 7, 6, 9878, 573, 0, 0.424, 10, 65
1773284308, 14, 8, 1053, 1035, 21, 12.25%, 0, 0, 4, 2.48, 19, 106, 7, 6, 9878, 573, 0, 0.424, 10, 65
1773284384, 14, 22, 1053, 1034, 20, 12.25%, 0, 0, 4, 0.18, 19, 106, 8, 7, 11430, 702, 0, 0.435, 11, 66
1773284400, 14, 22, 1054, 1035, 20, 12.25%, 0, 0, 4, 2.39, 19, 107, 8, 7, 11430, 702, 0, 0.435, 11, 66
1773284518, 14, 24, 1054, 1035, 22, 12.25%, 0, 0, 4, 0.17, 19, 107, 9, 8, 13022, 756, 0, 0.435, 11, 66
1773284563, 14, 24, 1055, 1036, 22, 12.25%, 0, 0, 4, 2.33, 19, 107, 9, 8, 13022, 756, 0, 0.435, 11, 66
1773284578, 14, 24, 1056, 1037, 22, 12.25%, 0, 0, 4, 2.47, 19, 107, 9, 8, 13022, 756, 0, 0.435, 11, 66
1773284610, 14, 24, 1057, 1038, 22, 12.26%, 0, 0, 4, 2.22, 19, 107, 9, 8, 13022, 756, 0, 0.435, 11, 66
1773284646, 14, 24, 1058, 1039, 22, 12.26%, 0, 0, 4, 2.10, 19, 107, 9, 8, 13022, 756, 0, 0.435, 11, 66
1773284749, 14, 24, 1059, 1040, 22, 12.26%, 0, 0, 4, 1.96, 19, 107, 9, 8, 13022, 756, 0, 0.435, 11, 66
1773284770, 14, 24, 1060, 1041, 22, 12.26%, 0, 0, 4, 1.86, 19, 107, 9, 8, 13022, 756, 0, 0.435, 11, 66
1773284829, 14, 24, 1060, 1040, 19, 12.26%, 0, 0, 4, 1.98, 19, 107, 9, 8, 13022, 756, 0, 0.435, 11, 66
1773284840, 14, 24, 1061, 1041, 19, 12.26%, 0, 0, 4, 1.53, 19, 107, 9, 8, 13022, 756, 0, 0.435, 11, 66
1773284913, 14, 24, 1062, 1042, 19, 12.26%, 0, 0, 4, 0.96, 19, 107, 9, 8, 13022, 756, 0, 0.435, 11, 66
1773285169, 14, 24, 1063, 1043, 19, 12.26%, 0, 0, 4, 0.92, 19, 107, 9, 8, 13022, 756, 0, 0.434, 11, 68
1773285180, 14, 24, 1064, 1044, 19, 12.26%, 0, 0, 4, 0.86, 19, 107, 9, 8, 13022, 756, 0, 0.434, 11, 68
1773285242, 14, 24, 1065, 1045, 19, 12.26%, 0, 0, 4, 0.87, 19, 107, 9, 8, 13022, 756, 0, 0.434, 11, 68
1773285262, 14, 24, 1066, 1046, 19, 12.26%, 0, 0, 4, 0.74, 19, 107, 9, 8, 13022, 756, 0, 0.434, 11, 68
1773285370, 14, 24, 1067, 1047, 19, 12.27%, 0, 0, 4, 0.67, 19, 107, 9, 8, 13022, 756, 0, 0.434, 11, 68
1773285563, 14, 24, 1068, 1048, 19, 12.28%, 0, 0, 4, 0.63, 19, 107, 9, 8, 13022, 756, 0, 0.434, 11, 68
1773285627, 14, 24, 1069, 1049, 19, 12.28%, 0, 0, 4, 0.55, 19, 107, 9, 8, 13022, 756, 0, 0.434, 11, 68
1773285813, 14, 24, 1070, 1050, 19, 12.28%, 0, 0, 4, 0.60, 19, 107, 9, 8, 13022, 756, 0, 0.434, 11, 68
1773285970, 14, 24, 1071, 1051, 19, 12.28%, 0, 0, 4, 0.68, 19, 107, 9, 8, 13022, 756, 0, 0.434, 11, 68
1773286388, 14, 948, 1071, 1051, 5, 12.28%, 0, 0, 4, 0.76, 19, 107, 10, 9, 14647, 845, 0, 0.434, 11, 68
1773286441, 14, 948, 1072, 1052, 5, 12.28%, 0, 0, 4, 2.52, 19, 107, 10, 9, 14647, 845, 0, 0.434, 11, 68
1773286494, 15, 842, 1072, 1051, 4, 12.29%, 0, 0, 4, 2.20, 19, 107, 10, 9, 14647, 845, 0, 0.433, 11, 69
1773286530, 15, 842, 1073, 1052, 4, 12.29%, 0, 0, 4, 2.43, 19, 107, 10, 9, 14647, 845, 0, 0.433, 11, 69
1773286552, 15, 842, 1074, 1053, 4, 12.29%, 0, 0, 4, 2.44, 19, 107, 10, 9, 14647, 845, 0, 0.433, 11, 69
1773286588, 15, 842, 1075, 1054, 4, 12.29%, 0, 0, 4, 2.50, 19, 107, 10, 9, 14647, 845, 0, 0.433, 11, 69
1773286683, 15, 842, 1076, 1055, 4, 12.29%, 0, 0, 4, 2.32, 19, 107, 10, 9, 14647, 845, 0, 0.433, 11, 69
1773286742, 15, 971, 1076, 1054, 1, 12.29%, 0, 0, 4, 0.46, 19, 107, 10, 9, 14647, 845, 0, 0.433, 11, 69
1773286847, 15, 971, 1077, 1055, 1, 12.29%, 0, 0, 4, 0.44, 19, 107, 10, 9, 14647, 845, 0, 0.433, 11, 69
1773286905, 15, 971, 1078, 1056, 1, 12.29%, 0, 0, 4, 1.29, 19, 108, 10, 9, 14647, 845, 0, 0.433, 11, 69
1773286960, 15, 971, 1079, 1057, 1, 12.30%, 0, 0, 4, 2.39, 19, 108, 10, 9, 14647, 845, 0, 0.433, 11, 69
1773287038, 15, 971, 1080, 1058, 1, 12.30%, 0, 0, 4, 1.92, 19, 108, 10, 9, 14647, 845, 0, 0.433, 11, 69
1773287065, 15, 971, 1081, 1059, 1, 12.30%, 0, 0, 4, 2.28, 19, 108, 10, 9, 14647, 845, 0, 0.420, 12, 73
1773287124, 15, 982, 1081, 1058, 4, 12.30%, 0, 0, 4, 2.35, 19, 108, 10, 9, 14647, 845, 0, 0.420, 12, 73
1773287145, 15, 982, 1082, 1059, 4, 12.30%, 0, 0, 4, 2.15, 19, 108, 10, 9, 14647, 845, 0, 0.420, 12, 73
1773287155, 15, 982, 1083, 1060, 4, 12.30%, 0, 0, 4, 2.16, 19, 108, 10, 9, 14647, 845, 0, 0.420, 12, 73
1773287364, 15, 982, 1084, 1061, 4, 12.30%, 0, 0, 4, 2.10, 19, 108, 10, 9, 14647, 845, 0, 0.419, 12, 74
1773287396, 15, 982, 1085, 1062, 4, 12.30%, 0, 0, 4, 2.09, 19, 108, 10, 9, 14647, 845, 0, 0.419, 12, 74
1773287475, 15, 982, 1086, 1063, 4, 12.30%, 0, 0, 4, 2.25, 19, 108, 10, 9, 14647, 845, 0, 0.419, 12, 74
1773287501, 15, 982, 1087, 1064, 4, 12.30%, 0, 0, 4, 2.02, 19, 108, 10, 9, 14647, 845, 0, 0.419, 12, 74
1773287524, 15, 982, 1088, 1065, 4, 12.30%, 0, 0, 4, 1.70, 19, 108, 10, 9, 14647, 845, 0, 0.419, 12, 74
1773287536, 15, 982, 1089, 1066, 4, 12.30%, 0, 0, 4, 1.48, 19, 109, 10, 9, 14647, 845, 0, 0.419, 12, 74
1773287557, 15, 982, 1090, 1067, 4, 12.31%, 0, 0, 4, 1.83, 19, 109, 10, 9, 14647, 845, 0, 0.419, 12, 74
1773287584, 15, 982, 1091, 1068, 4, 12.31%, 0, 0, 4, 1.81, 19, 109, 10, 9, 14647, 845, 0, 0.419, 12, 74
1773287600, 15, 982, 1092, 1069, 4, 12.31%, 0, 0, 4, 1.71, 19, 109, 10, 9, 14647, 845, 0, 0.419, 12, 77
1773287616, 15, 1018, 1092, 1068, 1, 12.31%, 0, 0, 4, 1.94, 19, 109, 10, 9, 14647, 845, 0, 0.419, 12, 77
1773287694, 16, 984, 1093, 1068, 0, 12.31%, 0, 0, 4, 0.18, 19, 109, 11, 10, 16524, 921, 0, 0.419, 12, 77
1773287704, 16, 984, 1094, 1069, 0, 12.31%, 0, 0, 4, 1.58, 19, 109, 11, 10, 16524, 921, 0, 0.419, 12, 77
1773287730, 16, 984, 1095, 1070, 0, 12.31%, 0, 0, 4, 1.80, 19, 109, 11, 10, 16524, 921, 0, 0.419, 12, 77
1773287804, 16, 984, 1096, 1071, 0, 12.31%, 0, 0, 4, 2.02, 19, 109, 11, 10, 16524, 921, 0, 0.419, 12, 77
1773287846, 16, 984, 1097, 1072, 0, 12.31%, 0, 0, 4, 1.94, 19, 109, 11, 10, 16524, 921, 0, 0.419, 12, 77
1773287915, 16, 984, 1098, 1073, 0, 12.31%, 0, 0, 4, 1.77, 19, 109, 11, 10, 16524, 921, 0, 0.419, 12, 79
1773288177, 16, 984, 1099, 1074, 0, 12.31%, 0, 0, 4, 1.90, 19, 109, 11, 10, 16524, 921, 0, 0.420, 12, 82
1773288188, 16, 984, 1100, 1075, 0, 12.31%, 0, 0, 4, 1.89, 19, 109, 11, 10, 16524, 921, 0, 0.420, 12, 82
1773288199, 16, 984, 1101, 1076, 0, 12.31%, 0, 0, 4, 1.89, 19, 109, 11, 10, 16524, 921, 0, 0.420, 12, 82
1773288215, 16, 984, 1102, 1077, 0, 12.31%, 0, 0, 4, 1.89, 19, 109, 11, 10, 16524, 921, 0, 0.420, 12, 82
1773288252, 16, 984, 1103, 1078, 0, 12.31%, 0, 0, 4, 1.88, 19, 109, 11, 10, 16524, 921, 0, 0.420, 12, 82
1773288284, 16, 984, 1104, 1079, 0, 12.31%, 0, 0, 4, 1.68, 19, 109, 11, 10, 16524, 921, 0, 0.420, 12, 82
1773288289, 16, 984, 1105, 1080, 0, 12.32%, 0, 0, 4, 1.62, 19, 109, 11, 10, 16524, 921, 0, 0.420, 12, 82
1773288352, 16, 984, 1106, 1081, 0, 12.32%, 0, 0, 4, 1.88, 19, 109, 11, 10, 16524, 921, 0, 0.420, 12, 82
1773288474, 16, 1023, 1106, 1080, 0, 12.32%, 0, 0, 4, 1.92, 19, 109, 11, 10, 16524, 921, 0, 0.409, 13, 91
1773288532, 16, 1023, 1107, 1081, 0, 12.32%, 0, 0, 5, 2.23, 19, 109, 11, 10, 16524, 921, 0, 0.409, 13, 91
1773288669, 16, 1023, 1108, 1082, 0, 12.32%, 0, 0, 5, 2.20, 19, 109, 11, 10, 16524, 921, 0, 0.409, 13, 92
1773288994, 16, 1023, 1109, 1083, 0, 12.33%, 0, 0, 5, 2.19, 19, 109, 11, 10, 16524, 921, 0, 0.410, 13, 93
1773289047, 16, 1023, 1110, 1084, 0, 12.33%, 0, 0, 5, 2.22, 19, 109, 11, 10, 16524, 921, 0, 0.410, 13, 93
1773289105, 17, 888, 1111, 1084, 3, 12.33%, 0, 0, 5, 1.86, 19, 109, 11, 10, 16524, 921, 0, 0.410, 14, 96
1773289122, 17, 888, 1112, 1085, 3, 12.33%, 0, 0, 5, 1.40, 19, 109, 11, 10, 16524, 921, 0, 0.410, 14, 96
1773289457, 17, 888, 1113, 1086, 3, 12.33%, 0, 0, 5, 1.62, 19, 109, 11, 10, 16524, 921, 0, 0.410, 14, 96
1773289506, 18, 806, 1113, 1085, 1, 12.33%, 0, 0, 5, 2.02, 19, 109, 11, 10, 16524, 921, 0, 0.410, 14, 97
1773289574, 18, 806, 1114, 1086, 1, 12.33%, 0, 0, 5, 2.39, 19, 109, 11, 10, 16524, 921, 0, 0.410, 14, 97
1773289600, 18, 806, 1115, 1087, 1, 12.33%, 0, 0, 5, 2.51, 19, 109, 11, 10, 16524, 921, 0, 0.410, 14, 97
1773289642, 18, 806, 1116, 1088, 1, 12.34%, 0, 0, 5, 2.42, 19, 109, 11, 10, 16524, 921, 0, 0.410, 14, 97
1773289668, 18, 806, 1117, 1089, 1, 12.34%, 0, 0, 5, 2.51, 19, 109, 11, 10, 16524, 921, 0, 0.410, 14, 97
1773289720, 18, 981, 1117, 1088, 1, 12.34%, 0, 0, 5, 2.28, 19, 109, 11, 10, 16524, 921, 0, 0.410, 14, 97
1773289731, 18, 981, 1118, 1089, 1, 12.34%, 0, 0, 5, 2.12, 19, 109, 11, 10, 16524, 921, 0, 0.410, 14, 97
1773289864, 19, 894, 1118, 1088, 1, 12.34%, 0, 0, 5, 2.20, 19, 109, 12, 10, 16524, 921, 0, 0.410, 14, 97
1773289880, 19, 894, 1119, 1089, 1, 12.34%, 0, 0, 5, 1.72, 19, 109, 12, 10, 16524, 921, 0, 0.410, 14, 97
1773289960, 19, 894, 1120, 1090, 1, 12.35%, 0, 0, 5, 1.65, 19, 109, 12, 10, 16524, 921, 0, 0.410, 14, 97
1773289993, 19, 894, 1121, 1091, 1, 12.36%, 0, 0, 5, 1.65, 19, 109, 12, 10, 16524, 921, 0, 0.410, 14, 97
1773290041, 19, 894, 1122, 1092, 1, 12.36%, 0, 0, 5, 1.63, 19, 109, 12, 10, 16524, 921, 0, 0.410, 14, 97
1773290098, 19, 894, 1123, 1093, 1, 12.37%, 0, 0, 5, 1.59, 19, 109, 12, 10, 16524, 921, 0, 0.410, 14, 97
1773290130, 19, 894, 1124, 1094, 1, 12.37%, 0, 0, 5, 1.79, 19, 109, 12, 10, 16524, 921, 0, 0.410, 14, 97
1773290151, 19, 894, 1125, 1095, 1, 12.38%, 0, 0, 5, 1.79, 19, 109, 12, 10, 16524, 921, 0, 0.410, 14, 97
1773290205, 19, 894, 1126, 1096, 1, 12.38%, 0, 0, 5, 1.67, 19, 109, 12, 10, 16524, 921, 0, 0.410, 14, 97
1773290357, 19, 894, 1127, 1097, 1, 12.38%, 0, 0, 5, 1.71, 19, 109, 12, 10, 16524, 921, 0, 0.410, 14, 97
1773290404, 19, 894, 1128, 1098, 1, 12.38%, 0, 0, 5, 1.73, 19, 109, 12, 10, 16524, 921, 0, 0.410, 14, 97
1773290468, 19, 894, 1129, 1099, 1, 12.38%, 0, 0, 5, 1.62, 19, 109, 12, 10, 16524, 921, 0, 0.410, 14, 97
1773290553, 19, 894, 1130, 1100, 1, 12.39%, 0, 0, 5, 1.70, 19, 109, 12, 10, 16524, 921, 0, 0.410, 14, 97
1773290579, 19, 894, 1131, 1101, 1, 12.39%, 0, 0, 5, 1.54, 19, 109, 12, 10, 16524, 921, 0, 0.410, 14, 97
1773290785, 19, 905, 1131, 1100, 16, 12.39%, 0, 0, 5, 1.71, 19, 109, 13, 10, 16524, 921, 0, 0.410, 14, 97
1773290908, 19, 905, 1132, 1101, 16, 12.39%, 0, 0, 5, 2.09, 19, 110, 13, 10, 16524, 921, 0, 0.410, 14, 97
1773291001, 19, 905, 1133, 1102, 16, 12.39%, 0, 0, 5, 2.29, 19, 110, 13, 10, 16524, 921, 0, 0.410, 14, 97
1773291027, 19, 905, 1134, 1103, 16, 12.39%, 0, 0, 5, 1.87, 19, 110, 13, 10, 16524, 921, 0, 0.410, 14, 97
1773291069, 19, 905, 1135, 1104, 16, 12.39%, 0, 0, 5, 2.16, 19, 110, 13, 10, 16524, 921, 0, 0.410, 14, 97
1773291085, 19, 905, 1136, 1105, 16, 12.39%, 0, 0, 5, 2.43, 19, 110, 13, 10, 16524, 921, 0, 0.410, 14, 97
1773291101, 20, 513, 1136, 1104, 4, 12.39%, 0, 0, 5, 2.34, 19, 110, 13, 10, 16524, 921, 0, 0.410, 14, 97
1773291106, 20, 513, 1137, 1105, 4, 12.39%, 0, 0, 5, 2.42, 19, 110, 13, 10, 16524, 921, 0, 0.410, 14, 97
1773291148, 20, 513, 1138, 1106, 4, 12.39%, 0, 0, 5, 2.48, 19, 110, 13, 10, 16524, 921, 0, 0.410, 14, 97
1773291195, 20, 513, 1139, 1107, 4, 12.40%, 0, 0, 5, 2.52, 19, 110, 13, 10, 16524, 921, 0, 0.410, 14, 97
1773291231, 20, 513, 1140, 1108, 4, 12.40%, 0, 0, 5, 2.47, 19, 110, 13, 10, 16524, 921, 0, 0.410, 14, 97
1773291247, 20, 513, 1141, 1109, 4, 12.40%, 0, 0, 5, 2.46, 19, 110, 13, 10, 16524, 921, 0, 0.410, 14, 97
1773291403, 20, 513, 1142, 1110, 4, 12.40%, 0, 0, 5, 2.53, 19, 110, 13, 10, 16524, 921, 0, 0.410, 14, 98
1773291439, 20, 513, 1143, 1111, 4, 12.41%, 0, 0, 5, 2.46, 19, 110, 13, 10, 16524, 921, 0, 0.410, 14, 98
1773291475, 20, 513, 1144, 1112, 4, 12.41%, 0, 0, 5, 2.52, 19, 110, 13, 10, 16524, 921, 0, 0.410, 14, 98
1773291681, 20, 905, 1145, 1112, 4, 12.41%, 0, 0, 5, 0.19, 19, 110, 14, 11, 18112, 991, 0, 0.410, 14, 99
1773291786, 20, 905, 1146, 1113, 4, 12.41%, 0, 0, 5, 0.75, 19, 110, 14, 11, 18112, 991, 0, 0.410, 14, 99
1773291829, 20, 905, 1147, 1114, 4, 12.41%, 0, 0, 5, 0.78, 19, 110, 14, 11, 18112, 991, 0, 0.410, 14, 99
1773292013, 20, 905, 1148, 1115, 4, 12.41%, 0, 0, 5, 0.78, 19, 110, 14, 11, 18112, 991, 0, 0.410, 14, 99
1773292306, 20, 905, 1149, 1116, 4, 12.41%, 0, 0, 5, 0.78, 19, 110, 14, 11, 18112, 991, 0, 0.410, 14, 99
1773292855, 20, 905, 1150, 1117, 4, 12.41%, 0, 0, 5, 1.51, 19, 110, 14, 11, 18112, 991, 0, 0.410, 14, 99
1773292904, 20, 905, 1151, 1118, 4, 12.41%, 0, 0, 5, 1.49, 19, 110, 14, 11, 18112, 991, 0, 0.410, 14, 99
1773292937, 21, 30, 1151, 1118, 19, 12.41%, 0, 0, 5, 1.69, 19, 110, 14, 11, 18112, 991, 0, 0.410, 14, 99
1773293039, 21, 30, 1152, 1119, 19, 12.41%, 0, 0, 5, 0.90, 19, 110, 14, 11, 18112, 991, 0, 0.410, 14, 99
1773293141, 21, 30, 1153, 1120, 19, 12.41%, 0, 0, 5, 1.18, 19, 110, 14, 11, 18112, 991, 0, 0.410, 14, 99
1773293275, 21, 30, 1154, 1121, 19, 12.42%, 0, 0, 5, 1.16, 19, 110, 14, 11, 18112, 991, 0, 0.410, 14, 99
1773293348, 21, 995, 1154, 1120, 2, 12.42%, 0, 0, 5, 1.34, 19, 110, 14, 11, 18112, 991, 0, 0.410, 14, 99
1773293396, 22, 811, 1154, 1119, 1, 12.42%, 0, 0, 5, 0.18, 19, 110, 15, 12, 19727, 1104, 0, 0.410, 14, 99
1773293437, 22, 811, 1155, 1120, 1, 12.42%, 0, 0, 5, 2.44, 19, 110, 15, 12, 19727, 1104, 0, 0.410, 14, 99
1773293509, 22, 811, 1156, 1121, 1, 12.42%, 0, 0, 5, 2.42, 19, 110, 15, 12, 19727, 1104, 0, 0.411, 14, 102
1773293540, 23, 774, 1156, 1120, 2, 12.42%, 0, 0, 5, 2.11, 19, 110, 15, 12, 19727, 1104, 0, 0.411, 14, 102
1773293646, 23, 774, 1157, 1121, 2, 12.42%, 0, 0, 5, 2.46, 19, 110, 15, 12, 19727, 1104, 0, 0.411, 14, 102
1773293694, 23, 774, 1158, 1122, 2, 12.42%, 0, 0, 5, 2.04, 19, 110, 15, 12, 19727, 1104, 0, 0.411, 14, 102
1773293736, 24, 773, 1158, 1121, 1, 12.42%, 0, 0, 5, 2.20, 19, 110, 15, 12, 19727, 1104, 0, 0.421, 15, 106
1773293799, 24, 773, 1159, 1122, 1, 12.42%, 0, 0, 5, 2.24, 19, 110, 15, 12, 19727, 1104, 0, 0.421, 15, 106
1773293908, 24, 984, 1159, 1121, 1, 12.42%, 0, 0, 5, 0.22, 19, 110, 16, 13, 21482, 1194, 0, 0.421, 15, 106
1773293977, 24, 984, 1160, 1122, 1, 12.42%, 0, 0, 5, 2.22, 19, 110, 16, 13, 21482, 1194, 0, 0.421, 15, 110
1773294046, 24, 984, 1161, 1123, 1, 12.42%, 0, 0, 5, 2.41, 19, 110, 16, 13, 21482, 1194, 0, 0.421, 15, 110
1773294067, 24, 984, 1163, 1125, 1, 12.42%, 0, 0, 5, 2.26, 19, 110, 16, 13, 21482, 1194, 0, 0.421, 15, 110
1773294117, 24, 984, 1164, 1126, 1, 12.42%, 0, 0, 5, 0.41, 19, 110, 16, 13, 21482, 1194, 0, 0.421, 15, 110
1773294226, 24, 1014, 1164, 1126, 1, 12.42%, 0, 0, 5, 0.23, 19, 110, 17, 14, 23193, 1275, 0, 0.421, 15, 110
1773294276, 25, 987, 1164, 1125, 1, 12.42%, 0, 0, 5, 0.18, 19, 110, 18, 15, 24917, 1378, 0, 0.422, 15, 111
1773294340, 25, 987, 1165, 1126, 1, 12.42%, 0, 0, 5, 2.04, 19, 110, 18, 15, 24917, 1378, 0, 0.422, 15, 111
1773294361, 25, 987, 1166, 1127, 1, 12.42%, 0, 0, 5, 2.09, 19, 110, 18, 15, 24917, 1378, 0, 0.422, 15, 111
1773294414, 25, 987, 1167, 1128, 1, 12.42%, 0, 0, 5, 1.73, 19, 110, 18, 15, 24917, 1378, 0, 0.422, 15, 111
1773294425, 25, 987, 1168, 1129, 1, 12.42%, 0, 0, 5, 1.83, 19, 110, 18, 15, 24917, 1378, 0, 0.422, 15, 111
1773294526, 25, 1109, 1168, 1128, 1, 12.42%, 0, 0, 5, 2.13, 19, 110, 18, 15, 24917, 1378, 0, 0.422, 15, 111
1773294797, 26, 892, 1168, 1127, 1, 12.42%, 0, 0, 5, 0.07, 19, 110, 19, 16, 26509, 1466, 0, 0.422, 15, 112
1773294886, 26, 892, 1169, 1128, 1, 12.42%, 0, 0, 5, 2.34, 19, 110, 19, 16, 26509, 1466, 0, 0.422, 15, 112
1773294954, 26, 1037, 1169, 1127, 1, 12.42%, 0, 0, 5, 2.46, 19, 110, 19, 16, 26509, 1466, 0, 0.422, 15, 112
1773294990, 26, 1037, 1170, 1128, 1, 12.43%, 0, 0, 5, 2.50, 19, 110, 19, 16, 26509, 1466, 0, 0.422, 15, 112
1773295022, 26, 1037, 1171, 1129, 1, 12.43%, 0, 0, 5, 2.45, 19, 110, 19, 16, 26509, 1466, 0, 0.422, 15, 112
1773295116, 26, 1037, 1172, 1130, 1, 12.43%, 0, 0, 5, 2.47, 19, 110, 19, 16, 26509, 1466, 0, 0.422, 15, 112
1773295236, 26, 1037, 1173, 1131, 1, 12.43%, 0, 0, 5, 2.53, 19, 110, 19, 16, 26509, 1466, 0, 0.422, 15, 112
1773295469, 27, 516, 1173, 1130, 3, 12.43%, 0, 0, 5, 0.03, 19, 110, 20, 17, 28342, 1560, 0, 0.428, 16, 116
1773295512, 27, 1122, 1173, 1129, 3, 12.43%, 0, 0, 5, 2.30, 19, 110, 20, 17, 28342, 1560, 0, 0.428, 16, 116
1773295517, 27, 1122, 1174, 1130, 3, 12.44%, 0, 0, 5, 2.12, 19, 110, 20, 17, 28342, 1560, 0, 0.428, 16, 116
1773295722, 27, 1122, 1175, 1131, 3, 12.44%, 0, 0, 5, 1.90, 19, 110, 20, 17, 28342, 1560, 0, 0.428, 16, 116
1773295770, 27, 1122, 1176, 1132, 3, 12.44%, 0, 0, 5, 1.95, 19, 110, 20, 17, 28342, 1560, 0, 0.428, 16, 116
1773296029, 27, 1122, 1177, 1133, 3, 12.44%, 0, 0, 5, 2.00, 19, 110, 20, 17, 28342, 1560, 0, 0.428, 16, 116
1773296039, 27, 1122, 1178, 1134, 3, 12.44%, 0, 0, 5, 1.84, 19, 110, 20, 17, 28342, 1560, 0, 0.428, 16, 116
1773296055, 27, 1122, 1179, 1135, 3, 12.44%, 0, 0, 5, 1.90, 19, 110, 20, 17, 28342, 1560, 0, 0.428, 16, 116
1773296229, 28, 932, 1179, 1134, 15, 12.44%, 0, 0, 5, 1.78, 19, 110, 20, 17, 28342, 1560, 0, 0.428, 16, 116
1773296410, 28, 932, 1180, 1135, 15, 12.44%, 0, 0, 5, 2.22, 19, 110, 20, 17, 28342, 1560, 0, 0.428, 16, 116
1773296427, 28, 932, 1181, 1136, 15, 12.44%, 0, 0, 5, 1.62, 19, 110, 20, 17, 28342, 1560, 0, 0.428, 16, 116
1773296457, 28, 932, 1182, 1137, 15, 12.44%, 0, 0, 5, 1.12, 19, 110, 20, 17, 28342, 1560, 0, 0.428, 16, 116
1773296511, 28, 932, 1183, 1138, 15, 12.44%, 0, 0, 5, 1.16, 19, 110, 20, 17, 28342, 1560, 0, 0.428, 16, 116
1773296670, 28, 932, 1184, 1139, 15, 12.44%, 0, 0, 5, 1.77, 19, 110, 20, 17, 28342, 1560, 0, 0.428, 16, 121
1773296717, 29, 503, 1184, 1138, 1, 12.44%, 0, 0, 5, 1.97, 19, 110, 20, 17, 28342, 1560, 0, 0.428, 16, 121
1773296743, 29, 503, 1185, 1139, 1, 12.44%, 0, 0, 5, 2.38, 19, 110, 20, 17, 28342, 1560, 0, 0.428, 16, 121
1773296754, 29, 503, 1186, 1140, 1, 12.44%, 0, 0, 5, 2.41, 19, 110, 20, 17, 28342, 1560, 0, 0.428, 16, 121
1773296764, 29, 503, 1187, 1141, 1, 12.44%, 0, 0, 5, 2.46, 19, 110, 20, 17, 28342, 1560, 0, 0.428, 16, 121
1773296785, 29, 503, 1188, 1142, 1, 12.44%, 0, 0, 5, 2.38, 19, 110, 20, 17, 28342, 1560, 0, 0.428, 16, 121
1773296795, 29, 503, 1189, 1143, 1, 12.44%, 0, 0, 5, 2.37, 19, 110, 20, 17, 28342, 1560, 0, 0.428, 16, 121
1773296842, 29, 503, 1190, 1144, 1, 12.44%, 0, 0, 5, 2.41, 19, 110, 20, 17, 28342, 1560, 0, 0.428, 16, 121
1773296853, 29, 503, 1191, 1145, 1, 12.44%, 0, 0, 5, 2.46, 19, 110, 20, 17, 28342, 1560, 0, 0.428, 16, 121
1773296874, 29, 503, 1192, 1146, 1, 12.44%, 0, 0, 5, 2.40, 19, 110, 20, 17, 28342, 1560, 0, 0.428, 16, 121
1773296937, 29, 503, 1193, 1147, 1, 12.44%, 0, 0, 5, 2.27, 19, 110, 20, 17, 28342, 1560, 0, 0.428, 16, 124
1773296980, 29, 925, 1193, 1146, 9, 12.44%, 0, 0, 5, 2.22, 19, 110, 20, 17, 28342, 1560, 0, 0.428, 16, 124
1773297017, 29, 925, 1194, 1147, 9, 12.44%, 0, 0, 5, 2.02, 19, 110, 20, 17, 28342, 1560, 0, 0.428, 16, 124
1773297097, 29, 925, 1195, 1148, 9, 12.45%, 0, 0, 5, 2.04, 19, 110, 20, 17, 28342, 1560, 0, 0.428, 16, 124
1773297345, 30, 22, 1195, 1147, 17, 12.45%, 0, 0, 5, 0.21, 19, 110, 21, 18, 29973, 1664, 0, 0.428, 16, 125
1773297618, 30, 956, 1195, 1147, 18, 12.45%, 0, 0, 5, 0.22, 19, 110, 22, 19, 31600, 1727, 0, 0.428, 16, 125
1773297676, 30, 956, 1196, 1148, 18, 12.45%, 0, 0, 5, 2.41, 19, 110, 22, 19, 31600, 1727, 0, 0.428, 16, 125
1773297806, 31, 499, 1196, 1147, 17, 12.45%, 0, 0, 5, 2.38, 19, 110, 22, 19, 31600, 1727, 0, 0.428, 16, 125
1773297919, 32, 466, 1196, 1146, 16, 12.45%, 0, 0, 5, 0.22, 19, 110, 23, 20, 33141, 1785, 0, 0.428, 16, 125
1773298062, 32, 981, 1196, 1145, 17, 12.45%, 0, 0, 5, 2.33, 19, 110, 24, 21, 34874, 1873, 0, 0.428, 16, 127
1773298155, 32, 981, 1197, 1146, 17, 12.45%, 0, 0, 5, 2.02, 19, 110, 24, 21, 34874, 1873, 0, 0.428, 16, 127
1773298260, 32, 981, 1198, 1147, 17, 12.45%, 0, 0, 5, 1.94, 19, 110, 24, 21, 34874, 1873, 0, 0.428, 16, 127
1773298276, 32, 981, 1199, 1148, 17, 12.45%, 0, 0, 5, 2.17, 19, 110, 24, 21, 34874, 1873, 0, 0.428, 16, 127
1773298351, 32, 981, 1200, 1149, 17, 12.45%, 0, 0, 5, 2.22, 19, 110, 24, 21, 34874, 1873, 0, 0.433, 17, 132
1773298367, 33, 932, 1200, 1149, 8, 12.45%, 0, 0, 5, 2.09, 19, 110, 24, 21, 34874, 1873, 0, 0.433, 17, 132
1773298453, 33, 932, 1201, 1150, 8, 12.45%, 0, 0, 5, 2.19, 19, 110, 24, 21, 34874, 1873, 0, 0.433, 17, 132
1773298458, 33, 932, 1202, 1151, 8, 12.45%, 0, 0, 5, 2.09, 19, 110, 24, 21, 34874, 1873, 0, 0.433, 17, 132
1773298479, 33, 932, 1203, 1152, 8, 12.45%, 0, 0, 5, 1.98, 19, 110, 24, 21, 34874, 1873, 0, 0.433, 17, 132
1773298606, 33, 1004, 1203, 1152, 9, 12.45%, 0, 0, 5, 2.07, 19, 110, 24, 21, 34874, 1873, 0, 0.439, 18, 136
1773298696, 33, 1004, 1204, 1153, 9, 12.45%, 0, 0, 5, 2.24, 19, 110, 24, 21, 34874, 1873, 0, 0.439, 18, 136
1773298850, 34, 976, 1204, 1152, 8, 12.45%, 0, 0, 5, 0.06, 19, 110, 25, 22, 36487, 2003, 0, 0.439, 18, 136
1773298899, 34, 976, 1205, 1153, 8, 12.45%, 0, 0, 5, 1.89, 19, 110, 25, 22, 36487, 2003, 0, 0.439, 18, 136
1773299064, 34, 976, 1206, 1154, 8, 12.45%, 0, 0, 5, 2.41, 19, 110, 25, 22, 36487, 2003, 0, 0.439, 18, 136
1773299080, 34, 976, 1207, 1155, 8, 12.45%, 0, 0, 5, 1.89, 19, 110, 25, 22, 36487, 2003, 0, 0.439, 18, 136
1773299165, 35, 956, 1207, 1154, 16, 12.45%, 0, 0, 5, 2.34, 19, 110, 26, 22, 36487, 2003, 0, 0.439, 18, 136
1773299341, 35, 974, 1207, 1154, 16, 12.45%, 0, 0, 5, 0.10, 19, 110, 27, 23, 38074, 2080, 0, 0.439, 18, 136
1773299423, 35, 974, 1208, 1155, 16, 12.45%, 0, 0, 5, 1.93, 19, 110, 27, 23, 38074, 2080, 0, 0.439, 18, 136
1773299469, 35, 974, 1209, 1156, 16, 12.45%, 0, 0, 5, 0.88, 19, 110, 27, 23, 38074, 2080, 0, 0.439, 18, 136
1773299643, 35, 974, 1210, 1157, 16, 12.45%, 0, 0, 5, 1.91, 19, 110, 27, 23, 38074, 2080, 0, 0.441, 19, 140
1773299829, 35, 975, 1210, 1156, 8, 12.45%, 0, 0, 5, 0.50, 19, 110, 27, 23, 38074, 2080, 0, 0.441, 19, 140
1773299922, 35, 975, 1211, 1157, 8, 12.45%, 0, 0, 5, 1.39, 19, 110, 27, 23, 38074, 2080, 0, 0.441, 19, 140
1773300108, 35, 975, 1212, 1158, 8, 12.46%, 0, 0, 5, 2.49, 19, 110, 27, 23, 38074, 2080, 0, 0.446, 22, 143
1773300150, 35, 1124, 1212, 1157, 4, 12.46%, 0, 0, 5, 1.40, 19, 110, 27, 23, 38074, 2080, 0, 0.446, 22, 143
1773300247, 35, 1124, 1213, 1158, 4, 12.46%, 0, 0, 5, 1.57, 19, 110, 27, 23, 38074, 2080, 0, 0.446, 22, 143
1773300565, 35, 1124, 1214, 1159, 4, 12.46%, 0, 0, 5, 2.22, 19, 110, 27, 23, 38074, 2080, 0, 0.446, 22, 143
1773300661, 35, 1124, 1215, 1160, 4, 12.46%, 0, 0, 5, 2.07, 19, 110, 27, 23, 38074, 2080, 0, 0.446, 23, 143
1773300688, 35, 1127, 1215, 1159, 3, 12.46%, 0, 0, 5, 1.74, 19, 110, 27, 23, 38074, 2080, 0, 0.446, 23, 143
1773300821, 35, 1127, 1216, 1160, 3, 12.46%, 0, 0, 5, 1.57, 19, 110, 27, 23, 38074, 2080, 0, 0.446, 23, 143
1773300916, 35, 1127, 1217, 1161, 3, 12.46%, 0, 0, 5, 2.01, 19, 110, 27, 23, 38074, 2080, 0, 0.446, 23, 143
1773301075, 36, 971, 1217, 1160, 2, 12.46%, 0, 0, 5, 1.99, 19, 110, 28, 23, 38074, 2080, 0, 0.446, 23, 143
1773301099, 36, 971, 1218, 1161, 2, 12.47%, 0, 0, 5, 2.16, 19, 110, 28, 23, 38074, 2080, 0, 0.446, 23, 143
1773301248, 36, 971, 1219, 1162, 2, 12.47%, 0, 0, 5, 1.67, 19, 111, 28, 23, 38074, 2080, 0, 0.449, 24, 146
1773301334, 36, 971, 1220, 1163, 2, 12.47%, 0, 0, 5, 1.30, 19, 111, 28, 23, 38074, 2080, 0, 0.449, 24, 146
1773301402, 37, 467, 1220, 1163, 2, 12.47%, 0, 0, 5, 1.85, 19, 111, 28, 23, 38074, 2080, 0, 0.449, 24, 146
1773301575, 37, 906, 1220, 1162, 2, 12.47%, 0, 0, 5, 0.05, 19, 111, 29, 24, 39673, 2147, 0, 0.449, 24, 146
1773301763, 38, 8, 1220, 1161, 2, 12.47%, 0, 0, 5, 0.22, 19, 111, 30, 25, 41311, 2223, 0, 0.449, 24, 146
1773301797, 38, 8, 1221, 1162, 2, 12.47%, 0, 0, 5, 1.26, 19, 111, 30, 25, 41311, 2223, 0, 0.449, 24, 146
1773302029, 38, 8, 1222, 1163, 2, 12.47%, 0, 0, 5, 1.10, 19, 111, 30, 25, 41311, 2223, 0, 0.449, 24, 146
1773302122, 40, 2, 1222, 1163, 2, 12.47%, 0, 0, 5, 1.30, 19, 111, 30, 25, 41311, 2223, 0, 0.449, 24, 146
1773302176, 40, 2, 1223, 1164, 2, 12.47%, 0, 0, 5, 1.81, 19, 111, 30, 25, 41311, 2223, 0, 0.449, 24, 146
1773302284, 41, 0, 1223, 1163, 2, 12.47%, 0, 0, 5, 0.19, 19, 111, 31, 26, 42863, 2316, 0, 0.449, 24, 146
1773302398, 41, 1129, 1223, 1163, 2, 12.47%, 0, 0, 5, 2.22, 19, 111, 31, 26, 42863, 2316, 0, 0.449, 24, 148
1773302430, 41, 1129, 1224, 1164, 2, 12.48%, 0, 0, 5, 1.74, 19, 111, 31, 26, 42863, 2316, 0, 0.449, 24, 148
1773302857, 41, 1173, 1224, 1163, 2, 12.48%, 0, 0, 5, 2.00, 19, 111, 31, 26, 42863, 2316, 0, 0.449, 24, 148
1773303156, 42, 7, 1224, 1162, 1, 12.48%, 0, 0, 5, 2.13, 19, 111, 32, 26, 42863, 2316, 0, 0.449, 24, 148
1773303188, 42, 7, 1225, 1163, 1, 12.48%, 0, 0, 5, 2.30, 19, 111, 32, 26, 42863, 2316, 0, 0.449, 24, 148
1773303304, 42, 9, 1225, 1162, 0, 12.48%, 0, 0, 5, 0.12, 19, 111, 33, 27, 44420, 2411, 0, 0.449, 24, 148
1773303409, 42, 9, 1226, 1163, 0, 12.48%, 0, 0, 5, 2.27, 20, 113, 33, 27, 44420, 2411, 0, 0.449, 24, 148
1773303454, 43, 2, 1226, 1162, 10, 12.48%, 0, 0, 5, 2.12, 20, 113, 33, 27, 44420, 2411, 0, 0.449, 24, 148
1773303470, 43, 2, 1227, 1163, 10, 12.48%, 0, 0, 5, 2.33, 20, 113, 33, 27, 44420, 2411, 0, 0.449, 24, 148
1773303578, 43, 2, 1228, 1164, 10, 12.48%, 0, 0, 5, 2.21, 20, 113, 33, 27, 44420, 2411, 0, 0.449, 24, 148
1773303599, 43, 2, 1229, 1165, 10, 12.48%, 0, 0, 5, 2.21, 20, 113, 33, 27, 44420, 2411, 0, 0.449, 24, 148
1773303681, 43, 2, 1230, 1166, 10, 12.49%, 0, 0, 5, 1.08, 20, 113, 33, 27, 44420, 2411, 0, 0.449, 24, 153
1773303706, 43, 2, 1231, 1167, 10, 12.49%, 0, 0, 5, 0.82, 20, 113, 33, 27, 44420, 2411, 0, 0.449, 24, 153
1773303797, 43, 2, 1232, 1168, 10, 12.49%, 0, 0, 5, 0.86, 20, 113, 33, 27, 44420, 2411, 0, 0.449, 24, 153
1773303906, 43, 2, 1233, 1169, 10, 12.49%, 0, 0, 5, 1.26, 20, 113, 33, 27, 44420, 2411, 0, 0.449, 24, 153
1773303958, 43, 2, 1234, 1170, 10, 12.50%, 0, 0, 5, 1.00, 20, 113, 33, 27, 44420, 2411, 0, 0.449, 24, 153
1773303993, 43, 2, 1235, 1171, 10, 12.50%, 0, 0, 5, 0.71, 20, 113, 33, 27, 44420, 2411, 0, 0.449, 24, 153
1773304088, 43, 2, 1236, 1172, 10, 12.50%, 0, 0, 5, 0.60, 20, 113, 33, 27, 44420, 2411, 0, 0.449, 24, 153
1773304443, 43, 8, 1236, 1172, 4, 12.50%, 0, 0, 5, 0.12, 20, 113, 34, 28, 46013, 2495, 0, 0.443, 25, 157
1773304573, 43, 806, 1236, 1172, 4, 12.50%, 0, 0, 5, 0.19, 20, 113, 35, 29, 47611, 2551, 0, 0.443, 25, 157
1773304610, 43, 806, 1237, 1173, 4, 12.50%, 0, 0, 5, 2.19, 20, 113, 35, 29, 47611, 2551, 0, 0.443, 25, 157
1773304710, 43, 806, 1238, 1174, 4, 12.51%, 0, 0, 5, 2.12, 20, 113, 35, 29, 47611, 2551, 0, 0.433, 26, 164
1773304815, 44, 976, 1238, 1174, 2, 12.51%, 0, 0, 5, 1.52, 20, 113, 35, 29, 47611, 2551, 0, 0.433, 26, 164
1773304919, 44, 976, 1239, 1175, 2, 12.53%, 0, 0, 5, 1.87, 20, 113, 35, 29, 47611, 2551, 0, 0.433, 26, 164
1773304955, 44, 976, 1240, 1176, 2, 12.53%, 0, 0, 5, 1.52, 20, 113, 35, 29, 47611, 2551, 0, 0.433, 26, 164
1773305016, 44, 976, 1241, 1177, 2, 12.53%, 0, 0, 5, 2.03, 20, 113, 35, 29, 47611, 2551, 0, 0.428, 27, 168
1773305126, 44, 1020, 1241, 1177, 9, 12.53%, 0, 0, 5, 0.07, 20, 113, 36, 30, 49203, 2625, 0, 0.428, 27, 168
1773305173, 44, 1020, 1242, 1178, 9, 12.53%, 0, 0, 5, 2.21, 20, 113, 36, 30, 49203, 2625, 0, 0.428, 27, 168
1773305278, 44, 1020, 1243, 1179, 9, 12.53%, 0, 0, 5, 2.32, 20, 113, 36, 30, 49203, 2625, 0, 0.434, 28, 171
1773305335, 44, 1021, 1243, 1178, 8, 12.53%, 0, 0, 5, 2.21, 20, 113, 36, 30, 49203, 2625, 0, 0.434, 28, 171
1773305413, 45, 1018, 1243, 1177, 7, 12.53%, 0, 0, 5, 0.13, 20, 113, 37, 31, 50822, 2696, 0, 0.434, 28, 171
1773305482, 46, 248, 1243, 1177, 7, 12.53%, 0, 0, 5, 0.18, 20, 113, 38, 32, 52607, 2806, 0, 0.434, 28, 171
1773305605, 46, 1032, 1243, 1177, 8, 12.53%, 0, 0, 5, 0.21, 20, 113, 39, 33, 54183, 2875, 0, 0.437, 29, 174
1773305695, 46, 1032, 1244, 1178, 8, 12.53%, 0, 0, 5, 1.88, 20, 113, 39, 33, 54183, 2875, 0, 0.437, 29, 174
1773305739, 46, 1032, 1245, 1179, 8, 12.54%, 0, 0, 5, 2.25, 20, 113, 39, 33, 54183, 2875, 0, 0.437, 29, 174
1773305814, 46, 1032, 1246, 1180, 8, 12.54%, 0, 0, 5, 2.14, 20, 113, 39, 33, 54183, 2875, 0, 0.436, 29, 178
1773305841, 46, 1172, 1246, 1179, 1, 12.54%, 0, 0, 5, 2.23, 20, 113, 39, 33, 54183, 2875, 0, 0.436, 29, 178
1773305950, 46, 1172, 1247, 1180, 1, 12.54%, 0, 0, 5, 2.52, 20, 113, 39, 33, 54183, 2875, 0, 0.436, 29, 178
1773305996, 46, 1172, 1248, 1181, 1, 12.54%, 0, 0, 5, 2.56, 20, 113, 39, 33, 54183, 2875, 0, 0.436, 29, 178
1773306129, 46, 1225, 1248, 1180, 0, 12.54%, 0, 0, 5, 0.07, 20, 113, 40, 34, 55854, 2997, 0, 0.436, 29, 178
1773306279, 47, 7, 1248, 1179, 4294967295, 12.54%, 0, 0, 5, 0.10, 20, 113, 41, 35, 57566, 3146, 0, 0.440, 31, 182
1773306332, 47, 7, 1249, 1180, 4294967295, 12.54%, 0, 0, 5, 2.48, 20, 113, 41, 35, 57566, 3146, 0, 0.440, 31, 182
1773306358, 47, 7, 1250, 1181, 4294967295, 12.54%, 0, 0, 5, 2.47, 20, 114, 41, 35, 57566, 3146, 0, 0.440, 31, 182
1773306417, 48, 6, 1250, 1181, 4294967295, 12.54%, 0, 0, 5, 1.99, 20, 114, 41, 35, 57566, 3146, 0, 0.440, 31, 182
1773306586, 48, 6, 1251, 1182, 4294967295, 12.54%, 0, 0, 5, 1.13, 20, 114, 41, 35, 57566, 3146, 0, 0.443, 32, 182
1773306657, 48, 6, 1252, 1183, 4294967295, 12.54%, 0, 0, 5, 1.08, 20, 114, 41, 35, 57566, 3146, 0, 0.443, 32, 182
1773306742, 48, 812, 1252, 1182, 4294967294, 12.54%, 0, 0, 5, 1.17, 20, 114, 41, 35, 57566, 3146, 0, 0.443, 32, 182
1773306804, 48, 812, 1253, 1183, 4294967294, 12.54%, 0, 0, 5, 2.28, 20, 114, 41, 35, 57566, 3146, 0, 0.443, 32, 182
1773306898, 49, 1245, 1253, 1182, 4294967294, 12.54%, 0, 0, 5, 2.33, 20, 114, 42, 35, 57566, 3146, 0, 0.436, 32, 185
1773307044, 49, 1245, 1254, 1183, 4294967294, 12.54%, 0, 0, 5, 2.39, 20, 114, 42, 35, 57566, 3146, 0, 0.436, 32, 185
1773307174, 49, 1245, 1255, 1184, 4294967294, 12.54%, 0, 0, 5, 2.45, 20, 114, 42, 35, 57566, 3146, 0, 0.436, 32, 187
1773307180, 49, 1245, 1256, 1185, 4294967294, 12.54%, 0, 0, 5, 2.50, 20, 114, 42, 35, 57566, 3146, 0, 0.436, 32, 187
1773307221, 50, 1244, 1256, 1184, 2, 12.54%, 0, 0, 5, 2.40, 20, 114, 42, 35, 57566, 3146, 0, 0.436, 32, 187
1773307283, 50, 1244, 1257, 1185, 2, 12.54%, 0, 0, 5, 2.46, 20, 114, 42, 35, 57566, 3146, 0, 0.436, 32, 187
1773307426, 51, 1225, 1257, 1184, 0, 12.54%, 0, 0, 5, 0.08, 20, 114, 43, 36, 59244, 3318, 0, 0.436, 32, 188
1773307574, 52, 64, 1257, 1184, 0, 12.54%, 0, 0, 5, 2.01, 20, 114, 43, 36, 59244, 3318, 0, 0.435, 32, 190
1773307611, 52, 64, 1258, 1185, 0, 12.54%, 0, 0, 5, 1.08, 20, 114, 43, 36, 59244, 3318, 0, 0.435, 32, 190
1773307927, 52, 64, 1259, 1186, 0, 12.54%, 0, 0, 5, 1.05, 20, 114, 43, 36, 59244, 3318, 0, 0.435, 32, 190
1773307979, 52, 72, 1259, 1185, 0, 12.54%, 0, 0, 5, 1.02, 20, 114, 43, 36, 59244, 3318, 0, 0.435, 32, 190
1773308001, 52, 72, 1260, 1186, 0, 12.55%, 0, 0, 5, 1.14, 20, 114, 43, 36, 59244, 3318, 0, 0.435, 32, 190
1773308231, 52, 72, 1261, 1187, 0, 12.57%, 0, 0, 5, 0.63, 20, 114, 43, 36, 59244, 3318, 0, 0.435, 32, 190
1773308277, 52, 72, 1262, 1188, 0, 12.57%, 0, 0, 5, 0.59, 20, 114, 43, 36, 59244, 3318, 0, 0.435, 32, 190
1773308521, 52, 659, 1262, 1187, 18, 12.57%, 0, 0, 5, 0.80, 20, 114, 43, 36, 59244, 3318, 0, 0.435, 32, 190
1773308542, 52, 659, 1263, 1188, 18, 12.57%, 0, 0, 5, 1.53, 20, 114, 43, 36, 59244, 3318, 0, 0.435, 32, 190
1773308585, 52, 659, 1264, 1189, 18, 12.57%, 0, 0, 5, 1.67, 20, 114, 43, 36, 59244, 3318, 0, 0.435, 32, 190
1773308846, 52, 659, 1265, 1190, 18, 12.57%, 0, 0, 5, 1.17, 20, 114, 43, 36, 59244, 3318, 0, 0.431, 33, 194
1773308913, 52, 659, 1266, 1191, 18, 12.57%, 0, 0, 5, 0.73, 20, 114, 43, 36, 59244, 3318, 0, 0.431, 33, 194
1773308989, 52, 659, 1267, 1192, 18, 12.57%, 0, 0, 5, 1.18, 20, 114, 43, 36, 59244, 3318, 0, 0.431, 33, 194
1773309005, 52, 659, 1268, 1193, 18, 12.57%, 0, 0, 5, 1.36, 20, 114, 43, 36, 59244, 3318, 0, 0.431, 33, 194
1773309021, 52, 659, 1269, 1194, 18, 12.57%, 0, 0, 5, 1.13, 20, 114, 43, 36, 59244, 3318, 0, 0.431, 33, 194
1773309032, 52, 659, 1270, 1195, 18, 12.57%, 0, 0, 5, 1.18, 20, 114, 43, 36, 59244, 3318, 0, 0.431, 33, 194
1773309043, 52, 659, 1271, 1196, 18, 12.57%, 0, 0, 5, 1.29, 20, 114, 43, 36, 59244, 3318, 0, 0.431, 33, 194
1773309054, 52, 659, 1272, 1197, 18, 12.57%, 0, 0, 5, 1.28, 20, 114, 43, 36, 59244, 3318, 0, 0.431, 33, 194
1773309059, 52, 659, 1273, 1198, 18, 12.57%, 0, 0, 5, 1.36, 20, 114, 43, 36, 59244, 3318, 0, 0.431, 33, 194
1773309087, 52, 659, 1274, 1199, 18, 12.57%, 0, 0, 5, 1.43, 20, 114, 43, 36, 59244, 3318, 0, 0.431, 33, 194
1773309109, 52, 659, 1275, 1200, 18, 12.57%, 0, 0, 5, 1.36, 20, 114, 43, 36, 59244, 3318, 0, 0.431, 33, 194
1773309142, 52, 659, 1276, 1201, 18, 12.57%, 0, 0, 5, 1.25, 20, 114, 43, 36, 59244, 3318, 0, 0.431, 33, 194
1773309158, 52, 659, 1277, 1202, 18, 12.57%, 0, 0, 5, 1.39, 20, 114, 43, 36, 59244, 3318, 0, 0.431, 33, 194
1773309163, 52, 659, 1278, 1203, 18, 12.57%, 0, 0, 5, 1.43, 20, 114, 43, 36, 59244, 3318, 0, 0.431, 33, 194
1773309180, 52, 659, 1279, 1204, 18, 12.57%, 0, 0, 5, 1.34, 20, 114, 43, 36, 59244, 3318, 0, 0.431, 33, 194
1773309222, 52, 659, 1280, 1205, 18, 12.57%, 0, 0, 5, 1.29, 20, 114, 43, 36, 59244, 3318, 0, 0.431, 33, 194
1773309260, 52, 659, 1281, 1206, 18, 12.57%, 0, 0, 5, 1.23, 20, 114, 43, 36, 59244, 3318, 0, 0.431, 33, 194
1773309304, 52, 1245, 1281, 1205, 3, 12.57%, 0, 0, 5, 1.36, 20, 114, 43, 36, 59244, 3318, 0, 0.431, 33, 194
1773309415, 53, 665, 1281, 1205, 3, 12.57%, 0, 0, 5, 1.88, 20, 114, 43, 36, 59244, 3318, 0, 0.431, 33, 194
1773309436, 53, 665, 1282, 1206, 3, 12.57%, 0, 0, 5, 1.90, 20, 114, 43, 36, 59244, 3318, 0, 0.431, 33, 194
1773309528, 53, 665, 1283, 1207, 3, 12.57%, 0, 0, 5, 1.46, 20, 114, 43, 36, 59244, 3318, 0, 0.426, 34, 198
1773309554, 53, 665, 1284, 1208, 3, 12.57%, 0, 0, 5, 1.70, 20, 114, 43, 36, 59244, 3318, 0, 0.426, 34, 198
1773309581, 53, 665, 1285, 1209, 3, 12.57%, 0, 0, 5, 1.32, 20, 114, 43, 36, 59244, 3318, 0, 0.426, 34, 198
1773309682, 53, 665, 1286, 1210, 3, 12.57%, 0, 0, 5, 1.33, 20, 114, 43, 36, 59244, 3318, 0, 0.426, 34, 198
1773309711, 53, 665, 1287, 1211, 3, 12.57%, 0, 0, 5, 1.07, 20, 114, 43, 36, 59244, 3318, 0, 0.426, 34, 198
1773309723, 53, 665, 1288, 1212, 3, 12.57%, 0, 0, 5, 1.05, 20, 114, 43, 36, 59244, 3318, 0, 0.426, 34, 198
1773309740, 53, 665, 1289, 1213, 3, 12.57%, 0, 0, 5, 1.03, 20, 114, 43, 36, 59244, 3318, 0, 0.426, 34, 198
1773309758, 53, 665, 1290, 1214, 3, 12.57%, 0, 0, 5, 0.99, 20, 114, 43, 36, 59244, 3318, 0, 0.426, 34, 198
1773309798, 53, 665, 1291, 1215, 3, 12.57%, 0, 0, 5, 1.02, 20, 114, 43, 36, 59244, 3318, 0, 0.426, 34, 198
1773309879, 53, 665, 1292, 1216, 3, 12.57%, 0, 0, 5, 1.01, 20, 114, 43, 36, 59244, 3318, 0, 0.426, 34, 198
1773309891, 53, 665, 1293, 1217, 3, 12.57%, 0, 0, 5, 1.02, 20, 114, 43, 36, 59244, 3318, 0, 0.426, 34, 198
1773309978, 53, 665, 1294, 1218, 3, 12.57%, 0, 0, 5, 1.02, 20, 114, 43, 36, 59244, 3318, 0, 0.422, 35, 202
1773310064, 53, 665, 1295, 1219, 3, 12.57%, 0, 0, 5, 0.61, 20, 114, 43, 36, 59244, 3318, 0, 0.422, 35, 202
1773310102, 53, 665, 1296, 1220, 3, 12.57%, 0, 0, 5, 0.50, 20, 114, 43, 36, 59244, 3318, 0, 0.422, 35, 202
1773310213, 53, 670, 1296, 1219, 18, 12.57%, 0, 0, 5, 0.85, 20, 114, 43, 36, 59244, 3318, 0, 0.422, 35, 202
1773310230, 53, 670, 1297, 1220, 18, 12.57%, 0, 0, 5, 1.21, 20, 114, 43, 36, 59244, 3318, 0, 0.422, 35, 202
1773310515, 53, 670, 1298, 1221, 18, 12.57%, 0, 0, 5, 1.23, 20, 114, 43, 36, 59244, 3318, 0, 0.422, 35, 202
1773310657, 53, 1256, 1298, 1220, 13, 12.57%, 0, 0, 5, 1.02, 20, 114, 43, 36, 59244, 3318, 0, 0.422, 35, 202
1773310925, 54, 1112, 1298, 1219, 12, 12.57%, 0, 0, 5, 0.13, 20, 114, 44, 37, 60818, 3395, 0, 0.419, 36, 206
1773311290, 54, 1112, 1299, 1220, 12, 12.57%, 0, 0, 5, 1.66, 20, 114, 44, 37, 60818, 3395, 0, 0.419, 36, 206
1773311295, 54, 1112, 1300, 1221, 12, 12.57%, 0, 0, 5, 1.52, 20, 114, 44, 37, 60818, 3395, 0, 0.419, 36, 206
1773311326, 54, 1112, 1301, 1222, 12, 12.58%, 0, 0, 5, 1.70, 20, 114, 44, 37, 60818, 3395, 0, 0.419, 36, 206
1773311369, 55, 683, 1301, 1221, 18, 12.58%, 0, 0, 5, 1.74, 20, 114, 44, 37, 60818, 3395, 0, 0.419, 36, 206
1773311375, 55, 683, 1302, 1222, 18, 12.58%, 0, 0, 5, 1.91, 20, 114, 44, 37, 60818, 3395, 0, 0.419, 36, 206
1773311385, 55, 683, 1303, 1223, 18, 12.58%, 0, 0, 5, 1.85, 20, 114, 44, 37, 60818, 3395, 0, 0.419, 36, 206
1773311396, 55, 683, 1304, 1224, 18, 12.58%, 0, 0, 5, 1.95, 20, 114, 44, 37, 60818, 3395, 0, 0.419, 36, 206
1773311439, 55, 683, 1305, 1225, 18, 12.58%, 0, 0, 5, 1.87, 20, 114, 44, 37, 60818, 3395, 0, 0.419, 36, 206
1773311454, 55, 683, 1306, 1226, 18, 12.58%, 0, 0, 5, 1.82, 20, 114, 44, 37, 60818, 3395, 0, 0.416, 37, 210
1773311519, 55, 683, 1307, 1227, 18, 12.58%, 0, 0, 5, 1.93, 20, 114, 44, 37, 60818, 3395, 0, 0.416, 37, 210
1773311557, 55, 683, 1308, 1228, 18, 12.58%, 0, 0, 5, 1.93, 20, 114, 44, 37, 60818, 3395, 0, 0.416, 37, 210
1773311572, 55, 683, 1309, 1229, 18, 12.58%, 0, 0, 5, 1.95, 20, 114, 44, 37, 60818, 3395, 0, 0.416, 37, 210
1773311614, 55, 683, 1310, 1230, 18, 12.58%, 0, 0, 5, 1.89, 20, 114, 44, 37, 60818, 3395, 0, 0.416, 37, 210
1773311620, 55, 683, 1311, 1231, 18, 12.58%, 0, 0, 5, 1.95, 20, 114, 44, 37, 60818, 3395, 0, 0.416, 37, 210
1773311625, 55, 683, 1312, 1232, 18, 12.58%, 0, 0, 5, 1.91, 20, 114, 44, 37, 60818, 3395, 0, 0.416, 37, 210
1773311678, 55, 683, 1313, 1233, 18, 12.58%, 0, 0, 5, 1.68, 20, 114, 44, 37, 60818, 3395, 0, 0.416, 37, 210
1773311689, 55, 683, 1314, 1234, 18, 12.58%, 0, 0, 5, 1.69, 20, 114, 44, 37, 60818, 3395, 0, 0.416, 37, 210
1773311725, 55, 683, 1315, 1235, 18, 12.58%, 0, 0, 5, 1.64, 20, 114, 44, 37, 60818, 3395, 0, 0.416, 37, 210
1773311747, 55, 683, 1316, 1236, 18, 12.58%, 0, 0, 5, 1.52, 20, 114, 44, 37, 60818, 3395, 0, 0.416, 37, 210
1773311837, 55, 683, 1317, 1237, 18, 12.58%, 0, 0, 5, 1.69, 20, 114, 44, 37, 60818, 3395, 0, 0.416, 37, 210
1773311853, 55, 683, 1318, 1238, 18, 12.58%, 0, 0, 5, 1.92, 20, 114, 44, 37, 60818, 3395, 0, 0.416, 37, 210
1773311976, 55, 683, 1319, 1239, 18, 12.58%, 0, 0, 5, 1.49, 20, 114, 44, 37, 60818, 3395, 0, 0.416, 37, 210
1773311987, 55, 683, 1320, 1240, 18, 12.58%, 0, 0, 5, 1.53, 20, 114, 44, 37, 60818, 3395, 0, 0.416, 37, 210
1773312090, 55, 683, 1321, 1241, 18, 12.58%, 0, 0, 5, 1.45, 20, 114, 44, 37, 60818, 3395, 0, 0.416, 37, 210
1773312107, 55, 683, 1322, 1242, 18, 12.58%, 0, 0, 5, 1.51, 20, 114, 44, 37, 60818, 3395, 0, 0.416, 37, 210
1773312123, 55, 683, 1323, 1243, 18, 12.58%, 0, 0, 5, 1.45, 20, 114, 44, 37, 60818, 3395, 0, 0.416, 37, 210
1773312205, 55, 683, 1324, 1244, 18, 12.58%, 0, 0, 5, 1.22, 20, 114, 44, 37, 60818, 3395, 0, 0.416, 37, 210
1773312228, 55, 683, 1325, 1245, 18, 12.58%, 0, 0, 5, 1.02, 20, 114, 44, 37, 60818, 3395, 0, 0.416, 37, 210
1773312266, 55, 683, 1326, 1246, 18, 12.58%, 0, 0, 5, 0.79, 20, 114, 44, 37, 60818, 3395, 0, 0.416, 37, 210
1773312298, 55, 683, 1327, 1247, 18, 12.58%, 0, 0, 5, 0.60, 20, 114, 44, 37, 60818, 3395, 0, 0.416, 37, 210
1773312332, 55, 683, 1328, 1248, 18, 12.58%, 0, 0, 5, 0.50, 20, 114, 44, 37, 60818, 3395, 0, 0.416, 37, 210
1773312397, 55, 683, 1329, 1249, 18, 12.58%, 0, 0, 5, 0.78, 20, 114, 44, 37, 60818, 3395, 0, 0.416, 37, 210
1773312438, 55, 683, 1330, 1250, 18, 12.58%, 0, 0, 5, 0.78, 20, 114, 44, 37, 60818, 3395, 0, 0.416, 37, 210
1773312523, 55, 683, 1331, 1251, 18, 12.58%, 0, 0, 5, 0.68, 20, 114, 44, 37, 60818, 3395, 0, 0.416, 37, 210
1773312591, 55, 683, 1332, 1252, 18, 12.58%, 0, 0, 5, 0.58, 20, 114, 44, 37, 60818, 3395, 0, 0.416, 37, 210
1773312656, 55, 683, 1333, 1253, 18, 12.58%, 0, 0, 5, 0.78, 20, 114, 44, 37, 60818, 3395, 0, 0.416, 37, 210
1773312763, 55, 683, 1334, 1254, 18, 12.58%, 0, 0, 5, 0.99, 20, 114, 44, 37, 60818, 3395, 0, 0.416, 37, 210
1773312796, 55, 683, 1335, 1255, 18, 12.58%, 0, 0, 5, 1.51, 20, 114, 44, 37, 60818, 3395, 0, 0.416, 37, 210
1773312859, 55, 683, 1336, 1256, 18, 12.58%, 0, 0, 5, 1.27, 20, 114, 44, 37, 60818, 3395, 0, 0.416, 37, 210
1773312944, 55, 1256, 1336, 1255, 3, 12.58%, 0, 0, 5, 1.58, 20, 114, 44, 37, 60818, 3395, 0, 0.416, 37, 210
1773313098, 55, 1256, 1337, 1256, 3, 12.58%, 0, 0, 6, 1.57, 20, 114, 44, 37, 60818, 3395, 0, 0.416, 37, 210
1773313270, 55, 1256, 1338, 1257, 3, 12.58%, 0, 0, 6, 2.35, 20, 114, 44, 37, 60818, 3395, 0, 0.422, 38, 214
1773313297, 56, 1223, 1338, 1257, 3, 12.58%, 0, 0, 6, 2.09, 20, 114, 44, 37, 60818, 3395, 0, 0.422, 38, 214
1773313609, 56, 1247, 1338, 1256, 2, 12.58%, 0, 0, 6, 2.06, 20, 114, 44, 37, 60818, 3395, 0, 0.422, 38, 214
1773313764, 56, 1247, 1339, 1257, 2, 12.59%, 0, 0, 6, 2.44, 20, 114, 44, 37, 60818, 3395, 0, 0.415, 39, 218
1773313874, 56, 1247, 1340, 1258, 2, 12.59%, 0, 0, 6, 2.41, 20, 114, 44, 37, 60818, 3395, 0, 0.415, 39, 221
1773313905, 56, 1298, 1340, 1257, 3, 12.59%, 0, 0, 6, 2.27, 20, 114, 44, 37, 60818, 3395, 0, 0.415, 39, 221
1773313996, 57, 1109, 1340, 1256, 2, 12.59%, 0, 0, 6, 2.12, 20, 114, 44, 37, 60818, 3395, 0, 0.415, 39, 221
1773314163, 57, 1109, 1341, 1257, 2, 12.59%, 0, 0, 6, 1.97, 20, 114, 44, 37, 60818, 3395, 0, 0.415, 39, 221
1773314194, 57, 1109, 1342, 1258, 2, 12.59%, 0, 0, 6, 2.04, 20, 114, 44, 37, 60818, 3395, 0, 0.415, 39, 221
1773314210, 57, 1109, 1343, 1259, 2, 12.59%, 0, 0, 6, 2.08, 20, 114, 44, 37, 60818, 3395, 0, 0.415, 39, 221
1773314351, 58, 703, 1344, 1260, 2, 12.59%, 0, 0, 6, 1.82, 20, 114, 44, 37, 60818, 3395, 0, 0.415, 39, 221
1773314367, 58, 703, 1345, 1261, 2, 12.59%, 0, 0, 6, 1.61, 20, 114, 44, 37, 60818, 3395, 0, 0.415, 39, 221
1773314378, 58, 703, 1346, 1262, 2, 12.59%, 0, 0, 6, 1.62, 20, 114, 44, 37, 60818, 3395, 0, 0.415, 39, 221
1773314383, 58, 703, 1347, 1263, 2, 12.59%, 0, 0, 6, 1.70, 20, 114, 44, 37, 60818, 3395, 0, 0.415, 39, 221
1773314405, 58, 703, 1348, 1264, 2, 12.59%, 0, 0, 6, 1.81, 20, 114, 44, 37, 60818, 3395, 0, 0.415, 39, 221
1773314436, 58, 703, 1349, 1265, 2, 12.59%, 0, 0, 6, 1.36, 20, 114, 44, 37, 60818, 3395, 0, 0.415, 39, 221
1773314529, 58, 703, 1350, 1266, 2, 12.59%, 0, 0, 6, 1.51, 20, 114, 44, 37, 60818, 3395, 0, 0.415, 39, 221
1773315055, 58, 703, 1351, 1267, 2, 12.59%, 0, 0, 6, 1.23, 20, 114, 44, 37, 60818, 3395, 0, 0.415, 39, 221
1773315077, 58, 703, 1352, 1268, 2, 12.59%, 0, 0, 6, 1.31, 20, 114, 44, 37, 60818, 3395, 0, 0.415, 39, 221
1773315252, 58, 711, 1352, 1267, 22, 12.59%, 0, 0, 6, 1.11, 20, 114, 44, 37, 60818, 3395, 0, 0.415, 39, 221
1773315553, 58, 1298, 1352, 1266, 21, 12.59%, 0, 0, 6, 0.09, 20, 114, 45, 38, 62397, 3480, 0, 0.415, 39, 221
1773315638, 59, 3, 1352, 1266, 21, 12.59%, 0, 0, 6, 0.14, 20, 114, 46, 39, 63961, 3612, 0, 0.415, 39, 221
1773315759, 59, 3, 1353, 1267, 21, 12.59%, 0, 0, 6, 2.01, 20, 114, 46, 39, 63961, 3612, 0, 0.415, 39, 221
1773315775, 59, 3, 1354, 1268, 21, 12.60%, 0, 0, 6, 2.18, 20, 114, 46, 39, 63961, 3612, 0, 0.415, 39, 221
1773315780, 59, 3, 1355, 1269, 21, 12.60%, 0, 0, 6, 2.20, 20, 114, 46, 39, 63961, 3612, 0, 0.415, 39, 221
1773315821, 59, 3, 1355, 1268, 3, 12.60%, 0, 0, 6, 2.31, 20, 114, 46, 39, 63961, 3612, 0, 0.415, 39, 221
1773315847, 59, 724, 1355, 1268, 3, 12.60%, 0, 0, 6, 2.08, 20, 114, 46, 39, 63961, 3612, 0, 0.415, 39, 221
1773316032, 59, 724, 1356, 1269, 3, 12.60%, 0, 0, 6, 0.91, 20, 114, 46, 39, 63961, 3612, 0, 0.415, 39, 221
1773316111, 59, 724, 1357, 1270, 3, 12.60%, 0, 0, 6, 1.55, 20, 114, 46, 39, 63961, 3612, 0, 0.415, 39, 221
1773316136, 59, 724, 1358, 1271, 3, 12.60%, 0, 0, 6, 1.09, 20, 114, 46, 39, 63961, 3612, 0, 0.415, 39, 221
1773316267, 59, 724, 1359, 1272, 3, 12.60%, 0, 0, 6, 1.56, 20, 114, 46, 39, 63961, 3612, 0, 0.415, 39, 221
1773316290, 59, 733, 1359, 1271, 23, 12.60%, 0, 0, 6, 1.34, 20, 114, 46, 39, 63961, 3612, 0, 0.415, 39, 221
1773316518, 59, 733, 1360, 1272, 23, 12.60%, 0, 0, 6, 1.08, 20, 114, 46, 39, 63961, 3612, 0, 0.415, 39, 221
1773316607, 59, 733, 1361, 1273, 23, 12.61%, 0, 0, 6, 0.99, 20, 114, 46, 39, 63961, 3612, 0, 0.415, 39, 221
1773316642, 59, 1266, 1361, 1272, 0, 12.61%, 0, 0, 6, 1.74, 20, 114, 46, 39, 63961, 3612, 0, 0.415, 39, 221
1773316794, 60, 9, 1361, 1271, 0, 12.61%, 0, 0, 6, 2.12, 20, 114, 47, 39, 63961, 3612, 0, 0.416, 39, 227
1773316930, 60, 1268, 1361, 1271, 0, 12.61%, 0, 0, 6, 2.26, 20, 114, 47, 39, 63961, 3612, 0, 0.416, 39, 227
1773317042, 60, 1268, 1362, 1272, 0, 12.61%, 0, 0, 6, 2.27, 20, 114, 47, 39, 63961, 3612, 0, 0.416, 39, 227
1773317069, 60, 1268, 1363, 1273, 0, 12.61%, 0, 0, 6, 2.27, 20, 114, 47, 39, 63961, 3612, 0, 0.416, 39, 227
1773317105, 61, 9, 1363, 1272, 0, 12.61%, 0, 0, 6, 2.45, 20, 114, 47, 39, 63961, 3612, 0, 0.416, 39, 227
1773317116, 61, 736, 1363, 1272, 0, 12.61%, 0, 0, 6, 2.19, 20, 114, 47, 39, 63961, 3612, 0, 0.416, 39, 227
1773317241, 61, 736, 1364, 1273, 0, 12.61%, 0, 0, 6, 1.29, 20, 114, 47, 39, 63961, 3612, 0, 0.416, 39, 227
1773317434, 61, 1120, 1364, 1272, 0, 12.61%, 0, 0, 6, 1.54, 20, 114, 47, 39, 63961, 3612, 0, 0.416, 39, 228
1773317735, 62, 14, 1364, 1271, 0, 12.61%, 0, 0, 6, 1.90, 20, 114, 47, 39, 63961, 3612, 0, 0.419, 41, 233
1773317766, 62, 27, 1364, 1270, 0, 12.61%, 0, 0, 6, 2.48, 20, 114, 47, 39, 63961, 3612, 0, 0.419, 41, 233
1773317787, 62, 738, 1364, 1269, 0, 12.61%, 0, 0, 6, 2.36, 20, 114, 47, 39, 63961, 3612, 0, 0.419, 41, 233
1773318105, 62, 740, 1364, 1268, 0, 12.61%, 0, 0, 6, 0.89, 20, 114, 47, 39, 63961, 3612, 0, 0.419, 41, 233
1773318358, 62, 740, 1365, 1269, 0, 12.61%, 0, 0, 6, 1.14, 20, 114, 47, 39, 63961, 3612, 0, 0.419, 41, 233
1773318447, 63, 32, 1365, 1268, 0, 12.61%, 0, 0, 6, 1.16, 20, 114, 47, 39, 63961, 3612, 0, 0.419, 41, 233
1773318469, 63, 36, 1365, 1267, 1, 12.61%, 0, 0, 6, 0.23, 20, 114, 48, 40, 65702, 3743, 0, 0.419, 41, 233
1773318495, 63, 918, 1365, 1266, 1, 12.61%, 0, 0, 6, 2.23, 20, 114, 48, 40, 65702, 3743, 0, 0.419, 41, 233
1773318890, 64, 490, 1365, 1265, 0, 12.61%, 0, 0, 6, 1.05, 20, 114, 48, 40, 65702, 3743, 0, 0.413, 42, 237
1773318937, 64, 930, 1366, 1265, 0, 12.61%, 0, 0, 6, 2.12, 20, 114, 48, 40, 65702, 3743, 0, 0.413, 42, 237
1773318981, 64, 930, 1367, 1266, 0, 12.61%, 0, 0, 6, 1.22, 20, 114, 48, 40, 65702, 3743, 0, 0.413, 42, 237
1773318997, 64, 930, 1368, 1267, 0, 12.61%, 0, 0, 6, 1.32, 20, 114, 48, 40, 65702, 3743, 0, 0.413, 42, 237
1773319024, 64, 930, 1369, 1268, 0, 12.61%, 0, 0, 6, 1.34, 20, 114, 48, 40, 65702, 3743, 0, 0.413, 42, 237
1773319442, 64, 930, 1370, 1269, 0, 12.61%, 0, 0, 6, 1.19, 20, 114, 48, 40, 65702, 3743, 0, 0.410, 43, 243
1773319783, 64, 932, 1370, 1268, 22, 12.61%, 0, 0, 6, 1.02, 20, 114, 48, 40, 65702, 3743, 0, 0.410, 43, 244
1773319921, 64, 932, 1371, 1269, 22, 12.61%, 0, 0, 6, 1.38, 20, 114, 48, 40, 65702, 3743, 0, 0.410, 43, 244
1773320000, 64, 932, 1372, 1270, 22, 12.61%, 0, 0, 6, 1.35, 20, 114, 48, 40, 65702, 3743, 0, 0.410, 43, 244
1773320175, 64, 1067, 1372, 1270, 22, 12.61%, 0, 0, 6, 0.79, 20, 114, 48, 40, 65702, 3743, 0, 0.415, 44, 248
1773320592, 64, 1069, 1372, 1269, 21, 12.61%, 0, 0, 6, 1.08, 20, 114, 48, 40, 65702, 3743, 0, 0.415, 44, 248
1773320878, 64, 1069, 1373, 1270, 21, 12.61%, 0, 0, 6, 0.94, 20, 114, 48, 40, 65702, 3743, 0, 0.411, 45, 250
1773320914, 64, 1069, 1374, 1271, 21, 12.61%, 0, 0, 6, 0.77, 20, 114, 48, 40, 65702, 3743, 0, 0.411, 45, 250
1773320957, 64, 1069, 1375, 1272, 21, 12.61%, 0, 0, 6, 0.62, 20, 114, 48, 40, 65702, 3743, 0, 0.411, 45, 250
1773321191, 65, 466, 1375, 1271, 21, 12.61%, 0, 0, 6, 0.96, 20, 114, 49, 41, 67265, 3852, 0, 0.411, 45, 250
1773321283, 65, 466, 1376, 1272, 21, 12.61%, 0, 0, 6, 2.10, 20, 114, 49, 41, 67265, 3852, 0, 0.411, 45, 250
1773321339, 65, 466, 1377, 1273, 21, 12.61%, 0, 0, 6, 2.30, 20, 114, 49, 41, 67265, 3852, 0, 0.411, 45, 250
1773321355, 65, 1299, 1377, 1273, 3, 12.61%, 0, 0, 6, 2.10, 20, 114, 49, 41, 67265, 3852, 0, 0.411, 45, 250
1773321366, 65, 1299, 1378, 1274, 3, 12.61%, 0, 0, 6, 1.86, 20, 114, 49, 41, 67265, 3852, 0, 0.411, 45, 250
1773321614, 65, 1299, 1379, 1275, 3, 12.61%, 0, 0, 6, 2.22, 20, 114, 49, 41, 67265, 3852, 0, 0.411, 45, 250
1773321707, 65, 1299, 1380, 1276, 3, 12.61%, 0, 0, 6, 0.39, 20, 114, 49, 41, 67265, 3852, 0, 0.411, 45, 250
1773321814, 65, 1299, 1381, 1277, 3, 12.61%, 0, 0, 6, 2.22, 20, 114, 49, 41, 67265, 3852, 0, 0.411, 45, 250
1773321824, 65, 1299, 1382, 1278, 3, 12.61%, 0, 0, 6, 2.18, 20, 114, 49, 41, 67265, 3852, 0, 0.411, 45, 250
1773321830, 65, 1299, 1383, 1279, 3, 12.61%, 0, 0, 6, 2.25, 20, 114, 49, 41, 67265, 3852, 0, 0.411, 45, 250
1773321835, 65, 1299, 1384, 1280, 3, 12.62%, 0, 0, 6, 2.16, 20, 115, 49, 41, 67265, 3852, 0, 0.411, 45, 250
1773321899, 65, 1299, 1385, 1281, 3, 12.62%, 0, 0, 6, 2.41, 20, 115, 49, 41, 67265, 3852, 0, 0.411, 45, 250
1773321979, 65, 1299, 1386, 1282, 3, 12.63%, 0, 0, 6, 2.44, 20, 115, 49, 41, 67265, 3852, 0, 0.405, 47, 259
1773322047, 65, 1299, 1387, 1283, 3, 12.63%, 0, 0, 6, 2.12, 20, 115, 49, 41, 67265, 3852, 0, 0.405, 47, 259
1773322078, 65, 1338, 1387, 1282, 2, 12.63%, 0, 0, 6, 2.38, 20, 115, 49, 41, 67265, 3852, 0, 0.405, 47, 259
1773322315, 66, 7, 1387, 1281, 2, 12.63%, 0, 0, 6, 0.18, 20, 115, 50, 42, 68842, 3969, 0, 0.405, 47, 261
1773322342, 66, 7, 1388, 1282, 2, 12.63%, 0, 0, 6, 2.01, 20, 115, 50, 42, 68842, 3969, 0, 0.405, 47, 261
1773322401, 66, 7, 1389, 1283, 2, 12.63%, 0, 0, 6, 2.18, 20, 115, 50, 42, 68842, 3969, 0, 0.410, 48, 263
1773322465, 66, 7, 1390, 1284, 2, 12.63%, 0, 0, 6, 1.98, 20, 115, 50, 42, 68842, 3969, 0, 0.410, 48, 263
1773322475, 66, 7, 1391, 1285, 2, 12.63%, 0, 0, 6, 2.18, 20, 115, 50, 42, 68842, 3969, 0, 0.410, 48, 263
1773322518, 66, 7, 1392, 1286, 2, 12.64%, 0, 0, 6, 2.29, 20, 116, 50, 42, 68842, 3969, 0, 0.410, 48, 263
1773322566, 66, 7, 1393, 1287, 2, 12.64%, 0, 0, 6, 2.15, 20, 116, 50, 42, 68842, 3969, 0, 0.410, 48, 263
1773322608, 66, 590, 1393, 1287, 3, 12.64%, 0, 0, 6, 2.22, 20, 116, 50, 42, 68842, 3969, 0, 0.410, 48, 263
1773322645, 66, 608, 1393, 1286, 5, 12.64%, 0, 0, 6, 0.18, 20, 116, 51, 43, 70668, 4066, 0, 0.413, 50, 268
1773322682, 67, 8, 1393, 1285, 4, 12.64%, 0, 0, 6, 2.34, 20, 116, 51, 43, 70668, 4066, 0, 0.413, 50, 268
1773322806, 67, 8, 1394, 1286, 4, 12.64%, 0, 0, 6, 1.22, 20, 116, 51, 43, 70668, 4066, 0, 0.413, 50, 268
1773323020, 67, 974, 1394, 1286, 4, 12.64%, 0, 0, 6, 0.05, 20, 116, 52, 44, 72614, 4179, 0, 0.413, 50, 268
1773323068, 69, 466, 1395, 1287, 4, 12.64%, 0, 0, 6, 2.05, 20, 116, 52, 44, 72614, 4179, 0, 0.413, 50, 268
1773323152, 69, 1000, 1395, 1287, 8, 12.64%, 0, 0, 6, 1.35, 20, 116, 52, 44, 72614, 4179, 0, 0.413, 50, 268
1773323200, 69, 1000, 1396, 1288, 8, 12.64%, 0, 0, 6, 2.07, 20, 116, 52, 44, 72614, 4179, 0, 0.413, 50, 268
1773323301, 69, 1000, 1397, 1289, 8, 12.64%, 0, 0, 6, 0.37, 20, 116, 52, 44, 72614, 4179, 0, 0.413, 50, 268
1773323333, 69, 1000, 1398, 1290, 8, 12.64%, 0, 0, 6, 1.93, 20, 116, 52, 44, 72614, 4179, 0, 0.413, 50, 268
1773323473, 70, 16, 1398, 1289, 20, 12.64%, 0, 0, 6, 0.27, 20, 116, 53, 45, 74230, 4253, 0, 0.413, 50, 268
1773323696, 70, 16, 1399, 1290, 20, 12.64%, 0, 0, 6, 0.75, 20, 116, 53, 45, 74230, 4253, 0, 0.413, 50, 268
1773323861, 70, 16, 1400, 1291, 20, 12.64%, 0, 0, 6, 1.00, 20, 116, 53, 45, 74230, 4253, 0, 0.413, 50, 268
1773323943, 70, 467, 1400, 1291, 20, 12.64%, 0, 0, 6, 1.58, 20, 116, 53, 45, 74230, 4253, 0, 0.413, 50, 268
1773323959, 70, 1104, 1400, 1291, 20, 12.64%, 0, 0, 6, 2.12, 20, 116, 53, 45, 74230, 4253, 0, 0.413, 50, 268
1773324058, 71, 20, 1400, 1290, 19, 12.64%, 0, 0, 6, 2.06, 20, 116, 53, 45, 74230, 4253, 0, 0.413, 50, 268
1773324266, 71, 20, 1401, 1291, 19, 12.64%, 0, 0, 6, 1.31, 20, 116, 53, 45, 74230, 4253, 0, 0.413, 50, 268
1773324283, 71, 20, 1402, 1292, 19, 12.64%, 0, 0, 6, 1.22, 20, 116, 53, 45, 74230, 4253, 0, 0.413, 50, 268
1773324400, 71, 1164, 1402, 1291, 18, 12.64%, 0, 0, 6, 1.46, 20, 116, 53, 45, 74230, 4253, 0, 0.413, 50, 268
1773324473, 72, 589, 1402, 1290, 17, 12.64%, 0, 0, 6, 0.23, 20, 116, 54, 46, 75865, 4313, 0, 0.413, 50, 269
1773324535, 72, 589, 1403, 1291, 17, 12.64%, 0, 0, 6, 2.29, 20, 116, 54, 46, 75865, 4313, 0, 0.413, 50, 269
1773324626, 73, 467, 1403, 1290, 17, 12.64%, 0, 0, 6, 0.21, 20, 116, 55, 47, 77417, 4386, 0, 0.413, 50, 269
1773324652, 73, 467, 1404, 1291, 17, 12.64%, 0, 0, 6, 2.00, 20, 116, 55, 47, 77417, 4386, 0, 0.413, 50, 269
1773324785, 73, 866, 1404, 1291, 17, 12.64%, 0, 0, 6, 2.28, 20, 116, 56, 47, 77417, 4386, 0, 0.413, 50, 269
1773324795, 73, 866, 1405, 1292, 17, 12.65%, 0, 0, 6, 2.14, 20, 116, 56, 47, 77417, 4386, 0, 0.413, 50, 269
1773324971, 74, 22, 1405, 1291, 18, 12.65%, 0, 0, 6, 0.21, 20, 116, 57, 48, 79044, 4480, 0, 0.407, 51, 277
1773325135, 74, 22, 1406, 1292, 18, 12.65%, 0, 0, 6, 1.20, 20, 116, 57, 48, 79044, 4480, 0, 0.407, 51, 277
1773325280, 74, 466, 1406, 1292, 18, 12.65%, 0, 0, 6, 1.08, 20, 116, 58, 48, 79044, 4480, 0, 0.407, 51, 277
1773325334, 74, 774, 1406, 1292, 18, 12.65%, 0, 0, 6, 1.67, 20, 116, 58, 48, 79044, 4480, 0, 0.407, 51, 277
1773325473, 74, 1020, 1406, 1292, 18, 12.65%, 0, 0, 6, 0.13, 20, 116, 59, 49, 80681, 4550, 0, 0.407, 51, 277
1773325505, 74, 1020, 1407, 1293, 18, 12.65%, 0, 0, 6, 1.94, 20, 116, 59, 49, 80681, 4550, 0, 0.407, 51, 277
1773325637, 74, 1020, 1408, 1294, 18, 12.65%, 0, 0, 6, 1.95, 20, 116, 59, 49, 80681, 4550, 0, 0.407, 51, 278
1773325677, 74, 1020, 1409, 1295, 18, 12.65%, 0, 0, 6, 1.17, 20, 116, 59, 49, 80681, 4550, 0, 0.407, 51, 278
1773325711, 74, 1020, 1410, 1296, 18, 12.65%, 0, 0, 6, 1.94, 20, 116, 59, 49, 80681, 4550, 0, 0.407, 51, 278
1773325833, 74, 1020, 1411, 1297, 18, 12.65%, 0, 0, 6, 0.38, 20, 116, 59, 49, 80681, 4550, 0, 0.407, 51, 278
1773325883, 74, 1020, 1412, 1298, 18, 12.65%, 0, 0, 6, 1.96, 20, 116, 59, 49, 80681, 4550, 0, 0.407, 51, 278
1773325888, 74, 1020, 1413, 1299, 18, 12.65%, 0, 0, 6, 1.88, 20, 116, 59, 49, 80681, 4550, 0, 0.407, 51, 278
1773325898, 74, 1020, 1414, 1300, 18, 12.65%, 0, 0, 6, 1.82, 20, 116, 59, 49, 80681, 4550, 0, 0.407, 51, 278
1773325909, 74, 1020, 1415, 1301, 18, 12.65%, 0, 0, 6, 1.95, 20, 116, 59, 49, 80681, 4550, 0, 0.407, 51, 278
1773325931, 74, 1020, 1416, 1302, 18, 12.65%, 0, 0, 6, 1.93, 20, 116, 59, 49, 80681, 4550, 0, 0.407, 51, 278
1773325946, 74, 1020, 1418, 1304, 18, 12.65%, 0, 0, 6, 1.90, 20, 116, 59, 49, 80681, 4550, 0, 0.407, 51, 278
1773325973, 74, 1020, 1419, 1305, 18, 12.65%, 0, 0, 6, 1.93, 20, 116, 59, 49, 80681, 4550, 0, 0.407, 51, 278
1773325984, 75, 24, 1419, 1305, 19, 12.65%, 0, 0, 6, 1.69, 20, 116, 59, 49, 80681, 4550, 0, 0.407, 51, 278
1773326347, 76, 37, 1419, 1305, 20, 12.65%, 0, 0, 6, 0.13, 20, 116, 60, 50, 82306, 4636, 0, 0.407, 51, 278
1773326684, 76, 1011, 1419, 1304, 20, 12.65%, 0, 0, 6, 0.12, 20, 116, 61, 51, 83921, 4712, 0, 0.407, 51, 279
1773326824, 76, 1011, 1420, 1305, 20, 12.65%, 0, 0, 6, 2.01, 20, 116, 61, 51, 83921, 4712, 0, 0.407, 51, 279
1773326889, 76, 1178, 1420, 1304, 0, 12.65%, 0, 0, 6, 1.91, 20, 116, 62, 51, 83921, 4712, 0, 0.405, 52, 284
1773327184, 76, 1214, 1420, 1303, 0, 12.65%, 0, 0, 6, 2.07, 20, 116, 63, 51, 83921, 4712, 0, 0.405, 53, 288
1773327325, 77, 1114, 1420, 1302, 0, 12.65%, 0, 0, 6, 2.07, 20, 116, 63, 51, 83921, 4712, 0, 0.405, 53, 288
1773327388, 77, 1114, 1421, 1303, 0, 12.65%, 0, 0, 6, 2.41, 20, 116, 63, 51, 83921, 4712, 0, 0.411, 56, 294
1773327420, 77, 1114, 1422, 1304, 0, 12.66%, 0, 0, 6, 2.37, 20, 116, 63, 51, 83921, 4712, 0, 0.411, 56, 294
1773327462, 77, 1114, 1423, 1305, 0, 12.66%, 0, 0, 6, 2.30, 20, 116, 63, 51, 83921, 4712, 0, 0.411, 56, 294
1773327514, 77, 1114, 1424, 1306, 0, 12.66%, 0, 0, 6, 2.36, 20, 116, 63, 51, 83921, 4712, 0, 0.411, 56, 294
1773327534, 77, 1114, 1425, 1307, 0, 12.66%, 0, 0, 6, 2.34, 20, 116, 63, 51, 83921, 4712, 0, 0.411, 56, 294
1773327581, 77, 1114, 1426, 1308, 0, 12.66%, 0, 0, 6, 2.39, 20, 116, 63, 51, 83921, 4712, 0, 0.411, 56, 294
1773327613, 77, 1216, 1426, 1307, 0, 12.66%, 0, 0, 6, 2.25, 20, 116, 63, 51, 83921, 4712, 0, 0.411, 56, 294
1773327908, 78, 820, 1426, 1306, 3, 12.66%, 0, 0, 6, 0.13, 20, 116, 64, 52, 85500, 4841, 0, 0.405, 57, 298
1773328093, 78, 956, 1426, 1305, 2, 12.66%, 0, 0, 6, 2.10, 20, 116, 64, 52, 85500, 4841, 0, 0.405, 57, 298
1773328246, 78, 956, 1427, 1306, 2, 12.66%, 0, 0, 6, 2.10, 20, 116, 64, 52, 85500, 4841, 0, 0.405, 57, 300
1773328273, 78, 1339, 1427, 1306, 2, 12.66%, 0, 0, 6, 2.38, 20, 116, 64, 52, 85500, 4841, 0, 0.405, 57, 300
1773328330, 78, 1339, 1428, 1307, 2, 12.66%, 0, 0, 7, 2.49, 20, 116, 64, 52, 85500, 4841, 0, 0.405, 57, 300
1773328613, 79, 922, 1428, 1306, 19, 12.66%, 0, 0, 7, 2.12, 20, 116, 64, 52, 85500, 4841, 0, 0.400, 59, 308
1773328700, 79, 922, 1429, 1307, 19, 12.66%, 0, 0, 7, 1.17, 20, 116, 64, 52, 85500, 4841, 0, 0.400, 59, 308
1773328761, 79, 922, 1430, 1308, 19, 12.66%, 0, 0, 7, 1.06, 20, 116, 64, 52, 85500, 4841, 0, 0.400, 59, 308
1773328825, 79, 922, 1431, 1309, 19, 12.66%, 0, 0, 7, 1.01, 20, 116, 64, 52, 85500, 4841, 0, 0.400, 59, 308
1773328910, 79, 922, 1432, 1310, 19, 12.66%, 0, 0, 7, 1.41, 20, 116, 64, 52, 85500, 4841, 0, 0.400, 59, 308
1773328933, 79, 922, 1433, 1311, 19, 12.66%, 0, 0, 7, 1.50, 20, 116, 64, 52, 85500, 4841, 0, 0.400, 59, 308
1773329152, 79, 1342, 1433, 1310, 18, 12.66%, 0, 0, 7, 1.30, 20, 116, 64, 52, 85500, 4841, 0, 0.400, 59, 308
1773329321, 79, 1342, 1434, 1311, 18, 12.66%, 0, 0, 7, 1.67, 20, 116, 64, 52, 85500, 4841, 0, 0.400, 59, 308
1773329332, 79, 1342, 1435, 1312, 18, 12.66%, 0, 0, 7, 1.58, 20, 116, 64, 52, 85500, 4841, 0, 0.400, 59, 308
1773329518, 80, 932, 1435, 1311, 18, 12.66%, 0, 0, 7, 1.83, 20, 116, 64, 52, 85500, 4841, 0, 0.400, 59, 313
1773329698, 80, 932, 1436, 1312, 18, 12.66%, 0, 0, 7, 1.27, 20, 116, 64, 52, 85500, 4841, 0, 0.400, 59, 313
1773329889, 80, 1425, 1436, 1312, 1, 12.66%, 0, 0, 7, 1.72, 20, 116, 64, 52, 85500, 4841, 0, 0.405, 60, 315
1773329926, 80, 1425, 1437, 1313, 1, 12.67%, 0, 0, 7, 2.05, 20, 116, 64, 52, 85500, 4841, 0, 0.405, 60, 315
1773330260, 81, 82, 1437, 1312, 0, 12.67%, 0, 0, 7, 2.41, 20, 116, 64, 52, 85500, 4841, 0, 0.405, 60, 316
1773330302, 81, 82, 1438, 1313, 0, 12.67%, 0, 0, 7, 2.50, 20, 116, 64, 52, 85500, 4841, 0, 0.405, 60, 316
1773330365, 81, 82, 1439, 1314, 0, 12.67%, 0, 0, 7, 1.88, 20, 116, 64, 52, 85500, 4841, 0, 0.405, 60, 316
1773330419, 81, 877, 1439, 1313, 7, 12.67%, 0, 0, 7, 2.27, 20, 116, 64, 52, 85500, 4841, 0, 0.405, 60, 316
1773330477, 81, 877, 1440, 1314, 7, 12.67%, 0, 0, 7, 1.98, 20, 116, 64, 52, 85500, 4841, 0, 0.405, 60, 316
1773330599, 82, 842, 1440, 1313, 5, 12.67%, 0, 0, 7, 1.89, 20, 116, 64, 52, 85500, 4841, 0, 0.407, 61, 318
1773330751, 82, 918, 1440, 1313, 5, 12.67%, 0, 0, 7, 2.08, 20, 116, 64, 52, 85500, 4841, 0, 0.407, 61, 318
1773330825, 82, 1232, 1440, 1313, 5, 12.67%, 0, 0, 7, 2.05, 20, 116, 64, 52, 85500, 4841, 0, 0.407, 61, 318
1773330831, 82, 1232, 1441, 1314, 5, 12.67%, 0, 0, 7, 1.99, 20, 116, 64, 52, 85500, 4841, 0, 0.407, 61, 318
1773330868, 82, 1232, 1442, 1315, 5, 12.67%, 0, 0, 7, 1.82, 20, 116, 64, 52, 85500, 4841, 0, 0.407, 61, 318
1773331002, 82, 1232, 1443, 1316, 5, 12.67%, 0, 0, 7, 1.79, 20, 116, 64, 52, 85500, 4841, 0, 0.407, 61, 318
1773331068, 82, 1232, 1444, 1317, 5, 12.67%, 0, 0, 7, 1.76, 20, 116, 64, 52, 85500, 4841, 0, 0.407, 61, 318
1773331294, 82, 1232, 1445, 1318, 5, 12.69%, 0, 0, 7, 1.77, 20, 116, 64, 52, 85500, 4841, 0, 0.403, 62, 322
1773331418, 82, 1232, 1446, 1319, 5, 12.70%, 0, 0, 7, 1.17, 20, 116, 64, 52, 85500, 4841, 0, 0.403, 62, 322
1773331711, 82, 1300, 1446, 1318, 6, 12.70%, 0, 0, 7, 1.22, 20, 116, 64, 52, 85500, 4841, 0, 0.403, 62, 322
1773331811, 83, 995, 1446, 1317, 5, 12.70%, 0, 0, 7, 2.01, 20, 116, 64, 52, 85500, 4841, 0, 0.403, 62, 322
1773331924, 83, 995, 1447, 1318, 5, 12.70%, 0, 0, 7, 2.19, 20, 116, 64, 52, 85500, 4841, 0, 0.402, 64, 329
1773331975, 83, 995, 1448, 1319, 5, 12.70%, 0, 0, 7, 1.94, 20, 116, 64, 52, 85500, 4841, 0, 0.402, 64, 329
1773332028, 84, 905, 1448, 1319, 7, 12.70%, 0, 0, 7, 1.72, 20, 116, 64, 52, 85500, 4841, 0, 0.402, 64, 329
1773332305, 84, 1235, 1448, 1319, 7, 12.70%, 0, 0, 7, 0.95, 20, 116, 64, 52, 85500, 4841, 0, 0.402, 64, 329
1773332316, 84, 1235, 1449, 1320, 7, 12.70%, 0, 0, 7, 0.82, 20, 116, 64, 52, 85500, 4841, 0, 0.402, 64, 329
1773332444, 84, 1235, 1450, 1321, 7, 12.70%, 0, 0, 7, 0.63, 20, 116, 64, 52, 85500, 4841, 0, 0.402, 64, 329
1773332568, 84, 1235, 1451, 1322, 7, 12.70%, 0, 0, 7, 0.47, 20, 116, 64, 52, 85500, 4841, 0, 0.402, 64, 329
1773332886, 84, 1235, 1452, 1323, 7, 12.70%, 0, 0, 7, 0.68, 20, 116, 64, 52, 85500, 4841, 0, 0.402, 64, 329
1773332970, 84, 1235, 1453, 1324, 7, 12.70%, 0, 0, 7, 1.11, 20, 116, 64, 52, 85500, 4841, 0, 0.402, 64, 329
1773333019, 84, 1235, 1454, 1325, 7, 12.70%, 0, 0, 7, 1.06, 20, 116, 64, 52, 85500, 4841, 0, 0.402, 64, 329
1773333201, 84, 1235, 1455, 1326, 7, 12.70%, 0, 0, 7, 1.15, 20, 116, 64, 52, 85500, 4841, 0, 0.407, 67, 332
1773333297, 85, 961, 1455, 1325, 5, 12.70%, 0, 0, 7, 1.39, 20, 116, 64, 52, 85500, 4841, 0, 0.407, 67, 332
1773333459, 86, 959, 1455, 1324, 4, 12.70%, 0, 0, 7, 2.14, 20, 116, 64, 52, 85500, 4841, 0, 0.407, 67, 332
1773333517, 86, 971, 1455, 1323, 3, 12.70%, 0, 0, 7, 0.46, 20, 116, 64, 52, 85500, 4841, 0, 0.407, 67, 332
1773333572, 86, 971, 1456, 1324, 3, 12.70%, 0, 0, 7, 1.81, 20, 116, 64, 52, 85500, 4841, 0, 0.407, 67, 332
1773333806, 87, 858, 1456, 1324, 3, 12.70%, 0, 0, 7, 1.32, 20, 116, 64, 52, 85500, 4841, 0, 0.407, 67, 332
1773333923, 87, 858, 1457, 1325, 3, 12.70%, 0, 0, 7, 2.37, 20, 116, 64, 52, 85500, 4841, 0, 0.407, 67, 337
1773333934, 87, 858, 1458, 1326, 3, 12.70%, 0, 0, 7, 2.16, 20, 116, 64, 52, 85500, 4841, 0, 0.407, 67, 337
1773333982, 87, 1162, 1458, 1325, 2, 12.70%, 0, 0, 7, 2.23, 20, 116, 64, 52, 85500, 4841, 0, 0.407, 67, 337
1773334063, 88, 995, 1458, 1324, 1, 12.70%, 0, 0, 7, 2.05, 20, 116, 64, 52, 85500, 4841, 0, 0.407, 67, 337
1773334090, 88, 1260, 1458, 1324, 1, 12.70%, 0, 0, 7, 2.09, 20, 116, 64, 52, 85500, 4841, 0, 0.407, 67, 337
1773334418, 88, 1263, 1459, 1324, 0, 12.70%, 0, 0, 7, 1.21, 20, 116, 64, 52, 85500, 4841, 0, 0.402, 68, 343
1773334444, 88, 1263, 1460, 1325, 0, 12.71%, 0, 0, 7, 1.53, 20, 116, 64, 52, 85500, 4841, 0, 0.402, 68, 343
1773334967, 88, 1265, 1460, 1324, 22, 12.71%, 0, 0, 7, 1.18, 20, 116, 64, 52, 85500, 4841, 0, 0.402, 68, 343
1773335383, 89, 1011, 1460, 1323, 21, 12.71%, 0, 0, 7, 1.74, 20, 116, 64, 52, 85500, 4841, 0, 0.402, 68, 343
1773335575, 90, 877, 1460, 1323, 21, 12.71%, 0, 0, 7, 2.20, 20, 116, 64, 52, 85500, 4841, 0, 0.402, 68, 346
1773335600, 90, 877, 1461, 1324, 21, 12.71%, 0, 0, 7, 2.21, 20, 116, 64, 52, 85500, 4841, 0, 0.402, 68, 346
1773335632, 90, 877, 1462, 1325, 21, 12.71%, 0, 0, 7, 2.04, 20, 116, 64, 52, 85500, 4841, 0, 0.402, 68, 346
1773335700, 90, 877, 1463, 1326, 21, 12.71%, 0, 0, 7, 2.26, 20, 116, 64, 52, 85500, 4841, 0, 0.402, 68, 346
1773335784, 90, 1314, 1464, 1327, 21, 12.71%, 0, 0, 7, 2.07, 20, 116, 64, 52, 85500, 4841, 0, 0.402, 68, 346
1773335789, 90, 1314, 1465, 1328, 21, 12.72%, 0, 0, 7, 2.03, 20, 116, 64, 52, 85500, 4841, 0, 0.402, 68, 346
1773335805, 90, 1314, 1466, 1329, 21, 12.72%, 0, 0, 7, 1.84, 20, 116, 64, 52, 85500, 4841, 0, 0.402, 68, 346
1773335862, 90, 1314, 1466, 1329, 21, 12.72%, 0, 1, 7, 0.20, 20, 116, 64, 52, 85500, 4841, 0, 0.402, 68, 346
1773335900, 90, 1314, 1467, 1330, 21, 12.72%, 0, 1, 7, 1.75, 20, 116, 64, 52, 85500, 4841, 0, 0.402, 68, 346
1773335947, 90, 1314, 1468, 1331, 21, 12.72%, 0, 1, 7, 1.78, 20, 116, 64, 52, 85500, 4841, 0, 0.402, 68, 346
1773336005, 90, 1314, 1469, 1332, 21, 12.72%, 0, 1, 7, 1.55, 20, 116, 64, 52, 85500, 4841, 0, 0.402, 68, 346
1773336113, 90, 1314, 1470, 1333, 21, 12.72%, 0, 1, 7, 1.79, 20, 116, 64, 52, 85500, 4841, 0, 0.402, 68, 346
1773336144, 90, 1314, 1471, 1334, 21, 12.72%, 0, 1, 7, 1.75, 20, 116, 64, 52, 85500, 4841, 0, 0.402, 68, 346
1773336321, 90, 1314, 1472, 1335, 21, 12.72%, 0, 1, 7, 1.83, 20, 116, 64, 52, 85500, 4841, 0, 0.402, 68, 346
1773336342, 90, 1314, 1473, 1336, 21, 12.72%, 0, 1, 7, 1.63, 20, 116, 64, 52, 85500, 4841, 0, 0.402, 68, 346
1773336363, 90, 1314, 1474, 1337, 21, 12.72%, 0, 1, 7, 1.62, 20, 116, 64, 52, 85500, 4841, 0, 0.402, 68, 346
1773336374, 90, 1314, 1475, 1338, 21, 12.72%, 0, 1, 7, 1.56, 20, 116, 64, 52, 85500, 4841, 0, 0.402, 68, 346
1773336411, 90, 1314, 1476, 1339, 21, 12.72%, 0, 1, 7, 1.25, 20, 116, 64, 52, 85500, 4841, 0, 0.402, 68, 346
1773336538, 90, 1314, 1477, 1340, 21, 12.72%, 0, 1, 7, 1.44, 20, 116, 64, 52, 85500, 4841, 0, 0.407, 70, 347
1773336591, 90, 1314, 1478, 1341, 21, 12.72%, 0, 1, 7, 1.53, 20, 116, 64, 52, 85500, 4841, 0, 0.407, 70, 347
1773336602, 90, 1314, 1479, 1342, 21, 12.72%, 0, 1, 7, 1.84, 20, 116, 64, 52, 85500, 4841, 0, 0.407, 70, 347
1773336628, 90, 1314, 1480, 1343, 21, 12.72%, 0, 1, 7, 1.99, 20, 116, 64, 52, 85500, 4841, 0, 0.407, 70, 347
1773336644, 90, 1314, 1481, 1344, 21, 12.72%, 0, 1, 7, 2.01, 20, 116, 64, 52, 85500, 4841, 0, 0.407, 70, 347
1773336649, 90, 1314, 1482, 1345, 21, 12.72%, 0, 1, 7, 1.99, 20, 116, 64, 52, 85500, 4841, 0, 0.407, 70, 347
1773336670, 90, 1314, 1483, 1346, 21, 12.72%, 0, 1, 7, 2.03, 20, 116, 64, 52, 85500, 4841, 0, 0.407, 70, 347
1773336782, 90, 1314, 1484, 1347, 21, 12.72%, 0, 1, 7, 1.35, 20, 116, 64, 52, 85500, 4841, 0, 0.407, 70, 347
1773336819, 91, 898, 1484, 1346, 12, 12.72%, 0, 1, 7, 1.46, 20, 116, 64, 52, 85500, 4841, 0, 0.407, 70, 347
1773336877, 91, 1011, 1484, 1345, 12, 12.72%, 0, 1, 7, 2.15, 20, 116, 64, 52, 85500, 4841, 0, 0.407, 70, 347
1773337020, 91, 1329, 1484, 1345, 12, 12.72%, 0, 1, 7, 0.46, 20, 116, 64, 52, 85500, 4841, 0, 0.407, 70, 347
1773337026, 91, 1329, 1485, 1346, 12, 12.72%, 0, 1, 7, 0.62, 20, 116, 64, 52, 85500, 4841, 0, 0.407, 70, 347
1773337042, 91, 1329, 1486, 1347, 12, 12.72%, 0, 1, 7, 1.04, 20, 116, 64, 52, 85500, 4841, 0, 0.407, 70, 347
1773337052, 91, 1329, 1487, 1348, 12, 12.72%, 0, 1, 7, 1.12, 20, 116, 64, 52, 85500, 4841, 0, 0.407, 70, 347
1773337107, 91, 1329, 1488, 1349, 12, 12.72%, 0, 1, 7, 1.15, 20, 116, 64, 52, 85500, 4841, 0, 0.407, 70, 347
1773337257, 91, 1329, 1489, 1350, 12, 12.72%, 0, 1, 7, 1.20, 20, 116, 64, 52, 85500, 4841, 0, 0.402, 71, 351
1773337315, 91, 1329, 1490, 1351, 12, 12.72%, 0, 1, 7, 1.25, 20, 116, 64, 52, 85500, 4841, 0, 0.402, 71, 351
1773337361, 91, 1329, 1491, 1352, 12, 12.72%, 0, 1, 7, 1.17, 20, 116, 64, 52, 85500, 4841, 0, 0.402, 71, 351
1773337447, 91, 1329, 1492, 1353, 12, 12.72%, 0, 1, 7, 1.07, 20, 116, 64, 52, 85500, 4841, 0, 0.402, 71, 351
1773337798, 91, 1329, 1493, 1354, 12, 12.72%, 0, 1, 7, 1.32, 20, 116, 64, 52, 85500, 4841, 0, 0.400, 72, 355
1773337937, 91, 1329, 1494, 1355, 12, 12.72%, 0, 1, 7, 1.13, 20, 116, 64, 52, 85500, 4841, 0, 0.400, 72, 355
1773338012, 91, 1329, 1495, 1356, 12, 12.72%, 0, 1, 7, 1.12, 20, 116, 64, 52, 85500, 4841, 0, 0.400, 72, 355
1773338175, 91, 1329, 1496, 1357, 12, 12.72%, 0, 1, 7, 1.04, 20, 116, 64, 52, 85500, 4841, 0, 0.400, 72, 355
1773338191, 91, 1329, 1497, 1358, 12, 12.72%, 0, 1, 7, 0.89, 20, 116, 64, 52, 85500, 4841, 0, 0.400, 72, 355
1773338255, 91, 1329, 1498, 1359, 12, 12.72%, 0, 1, 7, 0.79, 20, 116, 64, 52, 85500, 4841, 0, 0.400, 72, 355
1773338289, 91, 1329, 1499, 1360, 12, 12.72%, 0, 1, 7, 0.87, 20, 116, 64, 52, 85500, 4841, 0, 0.400, 72, 355
1773338636, 91, 1378, 1499, 1359, 4, 12.72%, 0, 1, 7, 1.78, 20, 116, 64, 52, 85500, 4841, 0, 0.404, 74, 360
1773338736, 91, 1378, 1500, 1360, 4, 12.73%, 0, 1, 7, 0.35, 20, 116, 64, 52, 85500, 4841, 0, 0.404, 74, 360
1773338923, 92, 1330, 1500, 1359, 24, 12.73%, 0, 1, 7, 0.41, 20, 116, 64, 52, 85500, 4841, 0, 0.405, 77, 364
1773338969, 92, 1330, 1501, 1360, 24, 12.73%, 0, 1, 7, 0.98, 20, 116, 64, 52, 85500, 4841, 0, 0.405, 77, 364
1773339350, 92, 1331, 1501, 1359, 23, 12.73%, 0, 1, 7, 1.17, 20, 116, 64, 52, 85500, 4841, 0, 0.407, 82, 371
1773339361, 92, 1331, 1502, 1360, 23, 12.73%, 0, 1, 7, 1.02, 20, 116, 64, 52, 85500, 4841, 0, 0.407, 82, 371
1773339385, 92, 1331, 1503, 1361, 23, 12.73%, 0, 1, 7, 0.98, 20, 116, 64, 52, 85500, 4841, 0, 0.407, 82, 371
1773339434, 92, 1331, 1504, 1362, 23, 12.73%, 0, 1, 7, 0.72, 20, 116, 64, 52, 85500, 4841, 0, 0.407, 82, 371
1773339741, 92, 1331, 1505, 1363, 23, 12.73%, 0, 1, 7, 0.79, 20, 116, 64, 52, 85500, 4841, 0, 0.407, 82, 371
1773339868, 92, 1331, 1506, 1364, 23, 12.73%, 0, 1, 7, 0.77, 20, 116, 64, 52, 85500, 4841, 0, 0.408, 83, 373
1773340034, 92, 1331, 1507, 1365, 23, 12.73%, 0, 1, 7, 0.82, 20, 116, 64, 52, 85500, 4841, 0, 0.408, 83, 373
1773340248, 92, 1331, 1508, 1366, 23, 12.73%, 0, 1, 7, 0.80, 20, 116, 64, 52, 85500, 4841, 0, 0.408, 83, 373
1773340917, 93, 1073, 1508, 1365, 1, 12.73%, 0, 1, 7, 1.65, 20, 116, 64, 52, 85500, 4841, 0, 0.408, 83, 373
1773341032, 93, 1073, 1509, 1366, 1, 12.73%, 0, 1, 7, 2.45, 20, 116, 64, 52, 85500, 4841, 0, 0.410, 84, 378
1773341062, 93, 1332, 1509, 1365, 0, 12.73%, 0, 1, 7, 2.39, 20, 116, 64, 52, 85500, 4841, 0, 0.410, 84, 378
1773341073, 93, 1332, 1510, 1366, 0, 12.73%, 0, 1, 7, 1.90, 20, 116, 64, 52, 85500, 4841, 0, 0.410, 84, 378
1773341083, 93, 1332, 1511, 1367, 0, 12.73%, 0, 1, 7, 1.79, 20, 116, 64, 52, 85500, 4841, 0, 0.410, 84, 378
1773341362, 93, 1332, 1512, 1368, 0, 12.73%, 0, 1, 7, 1.36, 20, 116, 64, 52, 85500, 4841, 0, 0.410, 84, 378
1773341523, 94, 1026, 1512, 1367, 0, 12.73%, 0, 1, 7, 1.54, 20, 116, 64, 52, 85500, 4841, 0, 0.410, 84, 378
1773341653, 94, 1333, 1512, 1366, 0, 12.73%, 0, 1, 7, 2.53, 20, 116, 64, 52, 85500, 4841, 0, 0.410, 84, 382
1773341956, 95, 1116, 1512, 1365, 0, 12.73%, 0, 1, 7, 1.42, 20, 116, 64, 52, 85500, 4841, 0, 0.406, 85, 386
1773342050, 95, 1116, 1513, 1366, 0, 12.73%, 0, 1, 7, 2.57, 20, 116, 64, 52, 85500, 4841, 0, 0.406, 85, 386
1773342113, 95, 1344, 1513, 1365, 0, 12.73%, 0, 1, 7, 2.19, 20, 116, 64, 52, 85500, 4841, 0, 0.406, 85, 386
1773342428, 95, 1351, 1513, 1364, 0, 12.73%, 0, 1, 7, 1.25, 20, 116, 64, 52, 85500, 4841, 0, 0.406, 85, 386
1773342434, 95, 1351, 1514, 1365, 0, 12.73%, 0, 1, 7, 1.53, 20, 116, 64, 52, 85500, 4841, 0, 0.406, 85, 386
1773342439, 95, 1351, 1515, 1366, 0, 12.73%, 0, 1, 7, 1.78, 20, 116, 64, 52, 85500, 4841, 0, 0.406, 85, 386
1773342455, 95, 1351, 1516, 1367, 0, 12.73%, 0, 1, 7, 1.85, 20, 116, 64, 52, 85500, 4841, 0, 0.406, 85, 386
1773342558, 95, 1351, 1517, 1368, 0, 12.73%, 0, 1, 7, 1.68, 20, 116, 64, 52, 85500, 4841, 0, 0.406, 85, 386
1773342977, 95, 1351, 1518, 1369, 0, 12.73%, 0, 1, 7, 1.37, 20, 116, 64, 52, 85500, 4841, 0, 0.406, 85, 387
1773343305, 96, 961, 1518, 1368, 3, 12.73%, 0, 1, 7, 1.80, 20, 116, 64, 52, 85500, 4841, 0, 0.406, 85, 387
1773343347, 97, 238, 1518, 1368, 3, 12.73%, 0, 1, 7, 2.16, 20, 116, 64, 52, 85500, 4841, 0, 0.406, 85, 387
1773343473, 97, 1383, 1518, 1367, 3, 12.73%, 0, 1, 7, 2.16, 20, 116, 64, 52, 85500, 4841, 0, 0.406, 85, 387
1773343594, 98, 1355, 1518, 1366, 2, 12.73%, 0, 1, 7, 2.03, 20, 116, 64, 52, 85500, 4841, 0, 0.406, 85, 387
1773343637, 98, 1355, 1519, 1367, 2, 12.73%, 0, 1, 7, 0.88, 20, 116, 64, 52, 85500, 4841, 0, 0.406, 85, 387
1773344037, 98, 1356, 1520, 1367, 0, 12.73%, 0, 1, 7, 1.11, 20, 116, 64, 52, 85500, 4841, 0, 0.406, 85, 387
1773344042, 98, 1356, 1521, 1368, 0, 12.73%, 0, 1, 7, 1.44, 20, 116, 64, 52, 85500, 4841, 0, 0.406, 85, 387
1773344064, 98, 1356, 1522, 1369, 0, 12.73%, 0, 1, 7, 1.81, 20, 116, 64, 52, 85500, 4841, 0, 0.406, 85, 387
1773344069, 98, 1356, 1523, 1370, 0, 12.73%, 0, 1, 7, 1.66, 20, 116, 64, 52, 85500, 4841, 0, 0.406, 85, 387
1773344080, 98, 1356, 1524, 1371, 0, 12.73%, 0, 1, 7, 2.03, 20, 116, 64, 52, 85500, 4841, 0, 0.406, 85, 387
1773344085, 98, 1356, 1526, 1373, 0, 12.73%, 0, 1, 7, 2.33, 20, 116, 64, 52, 85500, 4841, 0, 0.406, 85, 387
1773344112, 98, 1356, 1527, 1374, 0, 12.73%, 0, 1, 7, 2.18, 20, 116, 64, 52, 85500, 4841, 0, 0.406, 85, 387
1773344117, 98, 1356, 1528, 1375, 0, 12.73%, 0, 1, 7, 1.96, 20, 116, 64, 52, 85500, 4841, 0, 0.406, 85, 387
1773344138, 98, 1356, 1529, 1376, 0, 12.73%, 0, 1, 7, 2.17, 20, 116, 64, 52, 85500, 4841, 0, 0.406, 85, 387
1773344149, 98, 1356, 1530, 1377, 0, 12.73%, 0, 1, 7, 1.85, 20, 116, 64, 52, 85500, 4841, 0, 0.406, 85, 387
1773344176, 98, 1356, 1531, 1378, 0, 12.73%, 0, 1, 7, 2.14, 20, 116, 64, 52, 85500, 4841, 0, 0.406, 85, 387
1773344191, 98, 1356, 1532, 1379, 0, 12.73%, 0, 1, 7, 2.34, 20, 116, 64, 52, 85500, 4841, 0, 0.406, 85, 387
1773344233, 98, 1356, 1533, 1380, 0, 12.73%, 0, 1, 7, 2.05, 20, 116, 64, 52, 85500, 4841, 0, 0.406, 85, 387
1773344244, 98, 1356, 1534, 1381, 0, 12.73%, 0, 1, 7, 2.05, 20, 116, 64, 52, 85500, 4841, 0, 0.406, 85, 387
1773344260, 98, 1356, 1535, 1382, 0, 12.73%, 0, 1, 7, 2.01, 20, 116, 64, 52, 85500, 4841, 0, 0.406, 85, 387
1773344302, 98, 1356, 1536, 1383, 0, 12.73%, 0, 1, 7, 2.24, 20, 116, 64, 52, 85500, 4841, 0, 0.406, 85, 387
1773344317, 98, 1356, 1537, 1384, 0, 12.73%, 0, 1, 7, 1.96, 20, 116, 64, 52, 85500, 4841, 0, 0.406, 85, 387
1773344333, 98, 1356, 1538, 1385, 0, 12.73%, 0, 1, 7, 1.69, 20, 116, 64, 52, 85500, 4841, 0, 0.406, 85, 387
1773344364, 98, 1356, 1539, 1386, 0, 12.73%, 0, 1, 7, 1.82, 20, 116, 64, 52, 85500, 4841, 0, 0.406, 85, 387
1773344375, 98, 1356, 1540, 1387, 0, 12.73%, 0, 1, 7, 1.71, 20, 116, 64, 52, 85500, 4841, 0, 0.406, 85, 387
1773344454, 98, 1356, 1541, 1388, 0, 12.73%, 0, 1, 7, 2.15, 20, 116, 64, 52, 85500, 4841, 0, 0.406, 85, 387
1773344486, 98, 1356, 1542, 1389, 0, 12.73%, 0, 1, 7, 2.02, 20, 116, 64, 52, 85500, 4841, 0, 0.406, 85, 387
1773344522, 98, 1356, 1543, 1390, 0, 12.73%, 0, 1, 7, 1.75, 20, 116, 64, 52, 85500, 4841, 0, 0.406, 85, 387
1773344549, 98, 1356, 1544, 1391, 0, 12.73%, 0, 1, 7, 1.90, 20, 116, 64, 52, 85500, 4841, 0, 0.406, 85, 387
1773344565, 98, 1356, 1545, 1392, 0, 12.73%, 0, 1, 7, 2.18, 20, 116, 64, 52, 85500, 4841, 0, 0.406, 85, 387
1773344581, 98, 1356, 1546, 1393, 0, 12.73%, 0, 1, 7, 2.25, 20, 116, 64, 52, 85500, 4841, 0, 0.406, 85, 387
1773344737, 98, 1356, 1547, 1394, 0, 12.73%, 0, 1, 7, 0.92, 20, 116, 64, 52, 85500, 4841, 0, 0.410, 86, 390
1773344900, 99, 1021, 1547, 1393, 9, 12.73%, 0, 1, 7, 1.30, 20, 116, 64, 52, 85500, 4841, 0, 0.410, 86, 390
1773344905, 99, 1021, 1548, 1394, 9, 12.73%, 0, 1, 7, 1.81, 20, 116, 64, 52, 85500, 4841, 0, 0.410, 86, 390
1773345068, 99, 1021, 1549, 1395, 9, 12.73%, 0, 1, 7, 2.52, 20, 116, 64, 52, 85500, 4841, 0, 0.410, 86, 394
1773345121, 99, 1359, 1549, 1395, 9, 12.73%, 0, 1, 7, 2.17, 20, 116, 64, 52, 85500, 4841, 0, 0.410, 86, 394
1773345133, 99, 1359, 1550, 1396, 9, 12.73%, 0, 1, 7, 1.56, 20, 116, 64, 52, 85500, 4841, 0, 0.410, 86, 394
1773345576, 100, 1077, 1550, 1395, 2, 12.73%, 0, 1, 7, 1.85, 20, 116, 64, 52, 85500, 4841, 0, 0.410, 86, 394
1773345623, 100, 1360, 1550, 1394, 1, 12.73%, 0, 1, 7, 2.28, 20, 116, 64, 52, 85500, 4841, 0, 0.410, 86, 394
1773345641, 100, 1360, 1551, 1395, 1, 12.73%, 0, 1, 7, 1.60, 20, 116, 64, 52, 85500, 4841, 0, 0.410, 86, 394
1773345646, 100, 1360, 1552, 1396, 1, 12.73%, 0, 1, 7, 1.48, 20, 116, 64, 52, 85500, 4841, 0, 0.410, 86, 394
1773345657, 100, 1360, 1553, 1397, 1, 12.73%, 0, 1, 7, 1.23, 20, 116, 64, 52, 85500, 4841, 0, 0.410, 86, 394
1773345668, 100, 1360, 1554, 1398, 1, 12.73%, 0, 1, 7, 1.11, 20, 116, 64, 52, 85500, 4841, 0, 0.410, 86, 394
1773345705, 100, 1360, 1555, 1399, 1, 12.73%, 0, 1, 7, 1.26, 20, 116, 64, 52, 85500, 4841, 0, 0.410, 86, 394
1773345790, 100, 1360, 1556, 1400, 1, 12.73%, 0, 1, 7, 1.39, 20, 116, 64, 52, 85500, 4841, 0, 0.410, 86, 394
1773345801, 100, 1360, 1557, 1401, 1, 12.73%, 0, 1, 7, 1.24, 20, 116, 64, 52, 85500, 4841, 0, 0.410, 86, 394
1773345849, 100, 1360, 1558, 1402, 1, 12.73%, 0, 1, 7, 1.27, 20, 116, 64, 52, 85500, 4841, 0, 0.410, 86, 394
1773345886, 100, 1360, 1559, 1403, 1, 12.73%, 0, 1, 7, 1.34, 20, 116, 64, 52, 85500, 4841, 0, 0.410, 86, 394
1773345973, 100, 1360, 1560, 1404, 1, 12.73%, 0, 1, 7, 1.30, 20, 116, 64, 52, 85500, 4841, 0, 0.410, 86, 395
1773346005, 100, 1360, 1561, 1405, 1, 12.73%, 0, 1, 7, 1.38, 20, 116, 64, 52, 85500, 4841, 0, 0.410, 86, 395
1773346082, 100, 1360, 1562, 1406, 1, 12.73%, 0, 1, 7, 1.27, 20, 116, 64, 52, 85500, 4841, 0, 0.410, 86, 395
1773346442, 100, 1360, 1563, 1407, 1, 12.73%, 0, 1, 7, 1.52, 20, 116, 64, 52, 85500, 4841, 0, 0.410, 86, 395
1773346480, 101, 435, 1563, 1406, 2, 12.73%, 0, 1, 7, 1.35, 20, 116, 64, 52, 85500, 4841, 0, 0.410, 86, 395
1773346581, 101, 435, 1564, 1407, 2, 12.73%, 0, 1, 7, 2.33, 20, 116, 64, 52, 85500, 4841, 0, 0.410, 86, 395
1773346592, 101, 435, 1565, 1408, 2, 12.73%, 0, 1, 7, 2.07, 20, 116, 64, 52, 85500, 4841, 0, 0.410, 86, 395
1773346608, 101, 435, 1566, 1409, 2, 12.73%, 0, 1, 7, 1.94, 20, 116, 64, 52, 85500, 4841, 0, 0.410, 86, 395
1773346691, 103, 891, 1566, 1408, 0, 12.73%, 0, 1, 7, 2.38, 20, 116, 64, 52, 85500, 4841, 0, 0.410, 86, 401
1773346739, 103, 1116, 1566, 1407, 0, 12.73%, 0, 1, 7, 2.40, 20, 116, 64, 52, 85500, 4841, 0, 0.410, 86, 401
1773346775, 104, 1037, 1566, 1407, 0, 12.73%, 0, 1, 7, 2.52, 20, 116, 64, 52, 85500, 4841, 0, 0.410, 86, 401
1773346781, 104, 1037, 1567, 1408, 0, 12.74%, 0, 1, 7, 2.19, 20, 116, 64, 52, 85500, 4841, 0, 0.410, 86, 401
1773346978, 104, 1367, 1567, 1408, 27, 12.74%, 0, 1, 7, 1.93, 20, 116, 64, 52, 85500, 4841, 0, 0.410, 86, 401
1773346983, 104, 1367, 1568, 1409, 27, 12.74%, 0, 1, 7, 1.78, 20, 116, 64, 52, 85500, 4841, 0, 0.410, 86, 401
1773346988, 104, 1367, 1569, 1410, 27, 12.74%, 0, 1, 7, 1.70, 20, 116, 64, 52, 85500, 4841, 0, 0.410, 86, 401
1773347000, 104, 1367, 1570, 1411, 27, 12.74%, 0, 1, 7, 1.59, 20, 116, 64, 52, 85500, 4841, 0, 0.410, 86, 401
1773347011, 104, 1367, 1571, 1412, 27, 12.74%, 0, 1, 7, 1.62, 20, 116, 64, 52, 85500, 4841, 0, 0.410, 86, 401
1773347022, 104, 1367, 1572, 1413, 27, 12.74%, 0, 1, 7, 1.57, 20, 116, 64, 52, 85500, 4841, 0, 0.410, 86, 401
1773347049, 104, 1367, 1573, 1414, 27, 12.74%, 0, 1, 7, 1.69, 20, 116, 64, 52, 85500, 4841, 0, 0.410, 86, 401
1773347102, 104, 1367, 1574, 1415, 27, 12.74%, 0, 1, 7, 1.68, 20, 116, 64, 52, 85500, 4841, 0, 0.410, 86, 401
1773347150, 104, 1367, 1575, 1416, 27, 12.74%, 0, 1, 7, 1.52, 20, 116, 64, 52, 85500, 4841, 0, 0.410, 86, 401
1773347262, 104, 1367, 1576, 1417, 27, 12.74%, 0, 1, 7, 1.70, 20, 116, 64, 52, 85500, 4841, 0, 0.410, 86, 401
1773347300, 104, 1367, 1577, 1418, 27, 12.74%, 0, 1, 7, 1.61, 20, 116, 64, 52, 85500, 4841, 0, 0.410, 86, 401
1773347306, 104, 1367, 1578, 1419, 27, 12.74%, 0, 1, 7, 1.76, 20, 116, 64, 52, 85500, 4841, 0, 0.410, 86, 401
1773347359, 104, 1367, 1579, 1420, 27, 12.74%, 0, 1, 7, 1.58, 20, 116, 64, 52, 85500, 4841, 0, 0.410, 86, 401
1773347526, 104, 1367, 1580, 1421, 27, 12.74%, 0, 1, 7, 1.68, 20, 116, 64, 52, 85500, 4841, 0, 0.410, 86, 401
