time,subject,fuzzer,run,cov_type,cov
1776001084,bftpd,nsfuzz,1,l_per,28.9
1776001084,bftpd,nsfuzz,1,l_abs,647
1776001084,bftpd,nsfuzz,1,b_per,18.5
1776001084,bftpd,nsfuzz,1,b_abs,251
1776001084,bftpd,nsfuzz,1,l_per,29.6
1776001084,bftpd,nsfuzz,1,l_abs,663
1776001084,bftpd,nsfuzz,1,b_per,19.1
1776001084,bftpd,nsfuzz,1,b_abs,258
1776001084,bftpd,nsfuzz,1,l_per,30.3
1776001084,bftpd,nsfuzz,1,l_abs,680
1776001084,bftpd,nsfuzz,1,b_per,19.4
1776001084,bftpd,nsfuzz,1,b_abs,263
1776001084,bftpd,nsfuzz,1,l_per,30.3
1776001084,bftpd,nsfuzz,1,l_abs,680
1776001084,bftpd,nsfuzz,1,b_per,19.4
1776001084,bftpd,nsfuzz,1,b_abs,263
1776001084,bftpd,nsfuzz,1,l_per,33.2
1776001084,bftpd,nsfuzz,1,l_abs,744
1776001084,bftpd,nsfuzz,1,b_per,20.8
1776001084,bftpd,nsfuzz,1,b_abs,281
1776001084,bftpd,nsfuzz,1,l_per,35.2
1776001084,bftpd,nsfuzz,1,l_abs,791
1776001084,bftpd,nsfuzz,1,b_per,22.5
1776001084,bftpd,nsfuzz,1,b_abs,304
1776001084,bftpd,nsfuzz,1,l_per,35.2
1776001084,bftpd,nsfuzz,1,l_abs,791
1776001084,bftpd,nsfuzz,1,b_per,22.5
1776001084,bftpd,nsfuzz,1,b_abs,304
1776001084,bftpd,nsfuzz,1,l_per,35.2
1776001084,bftpd,nsfuzz,1,l_abs,791
1776001084,bftpd,nsfuzz,1,b_per,22.5
1776001084,bftpd,nsfuzz,1,b_abs,304
1776001085,bftpd,nsfuzz,1,l_per,35.4
1776001085,bftpd,nsfuzz,1,l_abs,795
1776001085,bftpd,nsfuzz,1,b_per,22.6
1776001085,bftpd,nsfuzz,1,b_abs,306
1776001085,bftpd,nsfuzz,1,l_per,36.4
1776001085,bftpd,nsfuzz,1,l_abs,819
1776001085,bftpd,nsfuzz,1,b_per,23.3
1776001085,bftpd,nsfuzz,1,b_abs,315
1776001085,bftpd,nsfuzz,1,l_per,36.4
1776001085,bftpd,nsfuzz,1,l_abs,819
1776001085,bftpd,nsfuzz,1,b_per,23.3
1776001085,bftpd,nsfuzz,1,b_abs,315
1776001085,bftpd,nsfuzz,1,l_per,40.7
1776001085,bftpd,nsfuzz,1,l_abs,916
1776001085,bftpd,nsfuzz,1,b_per,27.0
1776001085,bftpd,nsfuzz,1,b_abs,365
1776001085,bftpd,nsfuzz,1,l_per,41.4
1776001085,bftpd,nsfuzz,1,l_abs,930
1776001085,bftpd,nsfuzz,1,b_per,27.3
1776001085,bftpd,nsfuzz,1,b_abs,370
1776001084,bftpd,nsfuzz,1,l_per,41.4
1776001084,bftpd,nsfuzz,1,l_abs,930
1776001084,bftpd,nsfuzz,1,b_per,27.3
1776001084,bftpd,nsfuzz,1,b_abs,370
1776001084,bftpd,nsfuzz,1,l_per,41.4
1776001084,bftpd,nsfuzz,1,l_abs,931
1776001084,bftpd,nsfuzz,1,b_per,27.4
1776001084,bftpd,nsfuzz,1,b_abs,371
1776001084,bftpd,nsfuzz,1,l_per,41.4
1776001084,bftpd,nsfuzz,1,l_abs,931
1776001084,bftpd,nsfuzz,1,b_per,27.4
1776001084,bftpd,nsfuzz,1,b_abs,371
1776001084,bftpd,nsfuzz,1,l_per,41.4
1776001084,bftpd,nsfuzz,1,l_abs,931
1776001084,bftpd,nsfuzz,1,b_per,27.4
1776001084,bftpd,nsfuzz,1,b_abs,371
1776001084,bftpd,nsfuzz,1,l_per,41.7
1776001084,bftpd,nsfuzz,1,l_abs,937
1776001084,bftpd,nsfuzz,1,b_per,27.6
1776001084,bftpd,nsfuzz,1,b_abs,374
1776001084,bftpd,nsfuzz,1,l_per,41.8
1776001084,bftpd,nsfuzz,1,l_abs,940
1776001084,bftpd,nsfuzz,1,b_per,27.7
1776001084,bftpd,nsfuzz,1,b_abs,375
1776001084,bftpd,nsfuzz,1,l_per,41.8
1776001084,bftpd,nsfuzz,1,l_abs,940
1776001084,bftpd,nsfuzz,1,b_per,27.7
1776001084,bftpd,nsfuzz,1,b_abs,375
1776001084,bftpd,nsfuzz,1,l_per,41.8
1776001084,bftpd,nsfuzz,1,l_abs,940
1776001084,bftpd,nsfuzz,1,b_per,27.7
1776001084,bftpd,nsfuzz,1,b_abs,375
1776001085,bftpd,nsfuzz,1,l_per,41.8
1776001085,bftpd,nsfuzz,1,l_abs,940
1776001085,bftpd,nsfuzz,1,b_per,27.7
1776001085,bftpd,nsfuzz,1,b_abs,375
1776001085,bftpd,nsfuzz,1,l_per,41.8
1776001085,bftpd,nsfuzz,1,l_abs,940
1776001085,bftpd,nsfuzz,1,b_per,27.7
1776001085,bftpd,nsfuzz,1,b_abs,375
1776001085,bftpd,nsfuzz,1,l_per,41.9
1776001085,bftpd,nsfuzz,1,l_abs,942
1776001085,bftpd,nsfuzz,1,b_per,27.8
1776001085,bftpd,nsfuzz,1,b_abs,376
1776001085,bftpd,nsfuzz,1,l_per,41.9
1776001085,bftpd,nsfuzz,1,l_abs,942
1776001085,bftpd,nsfuzz,1,b_per,27.8
1776001085,bftpd,nsfuzz,1,b_abs,376
1776001085,bftpd,nsfuzz,1,l_per,41.9
1776001085,bftpd,nsfuzz,1,l_abs,942
1776001085,bftpd,nsfuzz,1,b_per,27.8
1776001085,bftpd,nsfuzz,1,b_abs,376
1776001089,bftpd,nsfuzz,1,l_per,42.0
1776001089,bftpd,nsfuzz,1,l_abs,945
1776001089,bftpd,nsfuzz,1,b_per,28.2
1776001089,bftpd,nsfuzz,1,b_abs,382
1776001089,bftpd,nsfuzz,1,l_per,42.0
1776001089,bftpd,nsfuzz,1,l_abs,945
1776001089,bftpd,nsfuzz,1,b_per,28.2
1776001089,bftpd,nsfuzz,1,b_abs,382
1776001089,bftpd,nsfuzz,1,l_per,42.4
1776001089,bftpd,nsfuzz,1,l_abs,953
1776001089,bftpd,nsfuzz,1,b_per,28.6
1776001089,bftpd,nsfuzz,1,b_abs,387
1776001089,bftpd,nsfuzz,1,l_per,42.4
1776001089,bftpd,nsfuzz,1,l_abs,953
1776001089,bftpd,nsfuzz,1,b_per,28.6
1776001089,bftpd,nsfuzz,1,b_abs,387
1776001089,bftpd,nsfuzz,1,l_per,42.4
1776001089,bftpd,nsfuzz,1,l_abs,953
1776001089,bftpd,nsfuzz,1,b_per,28.6
1776001089,bftpd,nsfuzz,1,b_abs,387
1776001089,bftpd,nsfuzz,1,l_per,42.4
1776001089,bftpd,nsfuzz,1,l_abs,953
1776001089,bftpd,nsfuzz,1,b_per,28.6
1776001089,bftpd,nsfuzz,1,b_abs,387
1776001089,bftpd,nsfuzz,1,l_per,42.4
1776001089,bftpd,nsfuzz,1,l_abs,953
1776001089,bftpd,nsfuzz,1,b_per,28.6
1776001089,bftpd,nsfuzz,1,b_abs,387
1776001089,bftpd,nsfuzz,1,l_per,42.4
1776001089,bftpd,nsfuzz,1,l_abs,953
1776001089,bftpd,nsfuzz,1,b_per,28.7
1776001089,bftpd,nsfuzz,1,b_abs,388
1776001089,bftpd,nsfuzz,1,l_per,42.5
1776001089,bftpd,nsfuzz,1,l_abs,955
1776001089,bftpd,nsfuzz,1,b_per,28.7
1776001089,bftpd,nsfuzz,1,b_abs,389
1776001089,bftpd,nsfuzz,1,l_per,42.5
1776001089,bftpd,nsfuzz,1,l_abs,955
1776001089,bftpd,nsfuzz,1,b_per,28.7
1776001089,bftpd,nsfuzz,1,b_abs,389
1776001089,bftpd,nsfuzz,1,l_per,42.5
1776001089,bftpd,nsfuzz,1,l_abs,955
1776001089,bftpd,nsfuzz,1,b_per,28.7
1776001089,bftpd,nsfuzz,1,b_abs,389
1776001089,bftpd,nsfuzz,1,l_per,42.5
1776001089,bftpd,nsfuzz,1,l_abs,955
1776001089,bftpd,nsfuzz,1,b_per,28.7
1776001089,bftpd,nsfuzz,1,b_abs,389
1776001089,bftpd,nsfuzz,1,l_per,42.5
1776001089,bftpd,nsfuzz,1,l_abs,955
1776001089,bftpd,nsfuzz,1,b_per,28.7
1776001089,bftpd,nsfuzz,1,b_abs,389
1776001089,bftpd,nsfuzz,1,l_per,42.5
1776001089,bftpd,nsfuzz,1,l_abs,955
1776001089,bftpd,nsfuzz,1,b_per,28.7
1776001089,bftpd,nsfuzz,1,b_abs,389
1776001089,bftpd,nsfuzz,1,l_per,42.5
1776001089,bftpd,nsfuzz,1,l_abs,955
1776001089,bftpd,nsfuzz,1,b_per,28.7
1776001089,bftpd,nsfuzz,1,b_abs,389
1776001089,bftpd,nsfuzz,1,l_per,42.5
1776001089,bftpd,nsfuzz,1,l_abs,955
1776001089,bftpd,nsfuzz,1,b_per,28.7
1776001089,bftpd,nsfuzz,1,b_abs,389
1776001090,bftpd,nsfuzz,1,l_per,42.5
1776001090,bftpd,nsfuzz,1,l_abs,955
1776001090,bftpd,nsfuzz,1,b_per,28.7
1776001090,bftpd,nsfuzz,1,b_abs,389
1776001090,bftpd,nsfuzz,1,l_per,42.5
1776001090,bftpd,nsfuzz,1,l_abs,955
1776001090,bftpd,nsfuzz,1,b_per,28.7
1776001090,bftpd,nsfuzz,1,b_abs,389
1776001090,bftpd,nsfuzz,1,l_per,42.5
1776001090,bftpd,nsfuzz,1,l_abs,955
1776001090,bftpd,nsfuzz,1,b_per,28.7
1776001090,bftpd,nsfuzz,1,b_abs,389
1776001090,bftpd,nsfuzz,1,l_per,42.5
1776001090,bftpd,nsfuzz,1,l_abs,955
1776001090,bftpd,nsfuzz,1,b_per,28.7
1776001090,bftpd,nsfuzz,1,b_abs,389
1776001090,bftpd,nsfuzz,1,l_per,42.5
1776001090,bftpd,nsfuzz,1,l_abs,955
1776001090,bftpd,nsfuzz,1,b_per,28.7
1776001090,bftpd,nsfuzz,1,b_abs,389
1776001090,bftpd,nsfuzz,1,l_per,42.5
1776001090,bftpd,nsfuzz,1,l_abs,955
1776001090,bftpd,nsfuzz,1,b_per,28.7
1776001090,bftpd,nsfuzz,1,b_abs,389
1776001090,bftpd,nsfuzz,1,l_per,42.5
1776001090,bftpd,nsfuzz,1,l_abs,955
1776001090,bftpd,nsfuzz,1,b_per,28.7
1776001090,bftpd,nsfuzz,1,b_abs,389
1776001090,bftpd,nsfuzz,1,l_per,42.5
1776001090,bftpd,nsfuzz,1,l_abs,955
1776001090,bftpd,nsfuzz,1,b_per,28.7
1776001090,bftpd,nsfuzz,1,b_abs,389
1776001090,bftpd,nsfuzz,1,l_per,42.5
1776001090,bftpd,nsfuzz,1,l_abs,955
1776001090,bftpd,nsfuzz,1,b_per,28.7
1776001090,bftpd,nsfuzz,1,b_abs,389
1776001090,bftpd,nsfuzz,1,l_per,42.5
1776001090,bftpd,nsfuzz,1,l_abs,955
1776001090,bftpd,nsfuzz,1,b_per,28.7
1776001090,bftpd,nsfuzz,1,b_abs,389
1776001090,bftpd,nsfuzz,1,l_per,42.5
1776001090,bftpd,nsfuzz,1,l_abs,955
1776001090,bftpd,nsfuzz,1,b_per,28.7
1776001090,bftpd,nsfuzz,1,b_abs,389
1776001090,bftpd,nsfuzz,1,l_per,42.5
1776001090,bftpd,nsfuzz,1,l_abs,955
1776001090,bftpd,nsfuzz,1,b_per,28.7
1776001090,bftpd,nsfuzz,1,b_abs,389
1776001090,bftpd,nsfuzz,1,l_per,42.5
1776001090,bftpd,nsfuzz,1,l_abs,955
1776001090,bftpd,nsfuzz,1,b_per,28.7
1776001090,bftpd,nsfuzz,1,b_abs,389
1776001091,bftpd,nsfuzz,1,l_per,42.5
1776001091,bftpd,nsfuzz,1,l_abs,955
1776001091,bftpd,nsfuzz,1,b_per,28.7
1776001091,bftpd,nsfuzz,1,b_abs,389
1776001091,bftpd,nsfuzz,1,l_per,42.5
1776001091,bftpd,nsfuzz,1,l_abs,955
1776001091,bftpd,nsfuzz,1,b_per,28.7
1776001091,bftpd,nsfuzz,1,b_abs,389
1776001091,bftpd,nsfuzz,1,l_per,42.5
1776001091,bftpd,nsfuzz,1,l_abs,955
1776001091,bftpd,nsfuzz,1,b_per,28.7
1776001091,bftpd,nsfuzz,1,b_abs,389
1776001091,bftpd,nsfuzz,1,l_per,42.5
1776001091,bftpd,nsfuzz,1,l_abs,955
1776001091,bftpd,nsfuzz,1,b_per,28.7
1776001091,bftpd,nsfuzz,1,b_abs,389
1776001092,bftpd,nsfuzz,1,l_per,42.5
1776001092,bftpd,nsfuzz,1,l_abs,955
1776001092,bftpd,nsfuzz,1,b_per,28.7
1776001092,bftpd,nsfuzz,1,b_abs,389
1776001092,bftpd,nsfuzz,1,l_per,42.5
1776001092,bftpd,nsfuzz,1,l_abs,955
1776001092,bftpd,nsfuzz,1,b_per,28.7
1776001092,bftpd,nsfuzz,1,b_abs,389
1776001092,bftpd,nsfuzz,1,l_per,42.6
1776001092,bftpd,nsfuzz,1,l_abs,957
1776001092,bftpd,nsfuzz,1,b_per,28.9
1776001092,bftpd,nsfuzz,1,b_abs,391
1776001093,bftpd,nsfuzz,1,l_per,42.6
1776001093,bftpd,nsfuzz,1,l_abs,957
1776001093,bftpd,nsfuzz,1,b_per,28.9
1776001093,bftpd,nsfuzz,1,b_abs,391
1776001093,bftpd,nsfuzz,1,l_per,42.7
1776001093,bftpd,nsfuzz,1,l_abs,959
1776001093,bftpd,nsfuzz,1,b_per,29.0
1776001093,bftpd,nsfuzz,1,b_abs,392
1776001093,bftpd,nsfuzz,1,l_per,42.7
1776001093,bftpd,nsfuzz,1,l_abs,959
1776001093,bftpd,nsfuzz,1,b_per,29.0
1776001093,bftpd,nsfuzz,1,b_abs,392
1776001093,bftpd,nsfuzz,1,l_per,42.7
1776001093,bftpd,nsfuzz,1,l_abs,959
1776001093,bftpd,nsfuzz,1,b_per,29.0
1776001093,bftpd,nsfuzz,1,b_abs,392
1776001093,bftpd,nsfuzz,1,l_per,42.7
1776001093,bftpd,nsfuzz,1,l_abs,961
1776001093,bftpd,nsfuzz,1,b_per,29.0
1776001093,bftpd,nsfuzz,1,b_abs,393
1776001093,bftpd,nsfuzz,1,l_per,42.7
1776001093,bftpd,nsfuzz,1,l_abs,961
1776001093,bftpd,nsfuzz,1,b_per,29.0
1776001093,bftpd,nsfuzz,1,b_abs,393
1776001093,bftpd,nsfuzz,1,l_per,42.7
1776001093,bftpd,nsfuzz,1,l_abs,961
1776001093,bftpd,nsfuzz,1,b_per,29.0
1776001093,bftpd,nsfuzz,1,b_abs,393
1776001094,bftpd,nsfuzz,1,l_per,42.7
1776001094,bftpd,nsfuzz,1,l_abs,961
1776001094,bftpd,nsfuzz,1,b_per,29.0
1776001094,bftpd,nsfuzz,1,b_abs,393
1776001094,bftpd,nsfuzz,1,l_per,42.7
1776001094,bftpd,nsfuzz,1,l_abs,961
1776001094,bftpd,nsfuzz,1,b_per,29.0
1776001094,bftpd,nsfuzz,1,b_abs,393
1776001095,bftpd,nsfuzz,1,l_per,42.7
1776001095,bftpd,nsfuzz,1,l_abs,961
1776001095,bftpd,nsfuzz,1,b_per,29.0
1776001095,bftpd,nsfuzz,1,b_abs,393
1776001095,bftpd,nsfuzz,1,l_per,42.7
1776001095,bftpd,nsfuzz,1,l_abs,961
1776001095,bftpd,nsfuzz,1,b_per,29.0
1776001095,bftpd,nsfuzz,1,b_abs,393
1776001095,bftpd,nsfuzz,1,l_per,42.7
1776001095,bftpd,nsfuzz,1,l_abs,961
1776001095,bftpd,nsfuzz,1,b_per,29.0
1776001095,bftpd,nsfuzz,1,b_abs,393
1776001096,bftpd,nsfuzz,1,l_per,42.7
1776001096,bftpd,nsfuzz,1,l_abs,961
1776001096,bftpd,nsfuzz,1,b_per,29.0
1776001096,bftpd,nsfuzz,1,b_abs,393
1776001096,bftpd,nsfuzz,1,l_per,42.7
1776001096,bftpd,nsfuzz,1,l_abs,961
1776001096,bftpd,nsfuzz,1,b_per,29.0
1776001096,bftpd,nsfuzz,1,b_abs,393
1776001096,bftpd,nsfuzz,1,l_per,42.7
1776001096,bftpd,nsfuzz,1,l_abs,961
1776001096,bftpd,nsfuzz,1,b_per,29.0
1776001096,bftpd,nsfuzz,1,b_abs,393
1776001096,bftpd,nsfuzz,1,l_per,42.7
1776001096,bftpd,nsfuzz,1,l_abs,961
1776001096,bftpd,nsfuzz,1,b_per,29.0
1776001096,bftpd,nsfuzz,1,b_abs,393
1776001097,bftpd,nsfuzz,1,l_per,42.7
1776001097,bftpd,nsfuzz,1,l_abs,961
1776001097,bftpd,nsfuzz,1,b_per,29.0
1776001097,bftpd,nsfuzz,1,b_abs,393
1776001097,bftpd,nsfuzz,1,l_per,43.2
1776001097,bftpd,nsfuzz,1,l_abs,971
1776001097,bftpd,nsfuzz,1,b_per,29.3
1776001097,bftpd,nsfuzz,1,b_abs,397
1776001097,bftpd,nsfuzz,1,l_per,43.2
1776001097,bftpd,nsfuzz,1,l_abs,971
1776001097,bftpd,nsfuzz,1,b_per,29.3
1776001097,bftpd,nsfuzz,1,b_abs,397
1776001097,bftpd,nsfuzz,1,l_per,43.2
1776001097,bftpd,nsfuzz,1,l_abs,971
1776001097,bftpd,nsfuzz,1,b_per,29.3
1776001097,bftpd,nsfuzz,1,b_abs,397
1776001098,bftpd,nsfuzz,1,l_per,43.2
1776001098,bftpd,nsfuzz,1,l_abs,971
1776001098,bftpd,nsfuzz,1,b_per,29.3
1776001098,bftpd,nsfuzz,1,b_abs,397
1776001098,bftpd,nsfuzz,1,l_per,43.2
1776001098,bftpd,nsfuzz,1,l_abs,971
1776001098,bftpd,nsfuzz,1,b_per,29.3
1776001098,bftpd,nsfuzz,1,b_abs,397
1776001098,bftpd,nsfuzz,1,l_per,43.2
1776001098,bftpd,nsfuzz,1,l_abs,971
1776001098,bftpd,nsfuzz,1,b_per,29.3
1776001098,bftpd,nsfuzz,1,b_abs,397
1776001098,bftpd,nsfuzz,1,l_per,43.2
1776001098,bftpd,nsfuzz,1,l_abs,971
1776001098,bftpd,nsfuzz,1,b_per,29.3
1776001098,bftpd,nsfuzz,1,b_abs,397
1776001098,bftpd,nsfuzz,1,l_per,43.2
1776001098,bftpd,nsfuzz,1,l_abs,971
1776001098,bftpd,nsfuzz,1,b_per,29.3
1776001098,bftpd,nsfuzz,1,b_abs,397
1776001098,bftpd,nsfuzz,1,l_per,43.2
1776001098,bftpd,nsfuzz,1,l_abs,971
1776001098,bftpd,nsfuzz,1,b_per,29.3
1776001098,bftpd,nsfuzz,1,b_abs,397
1776001099,bftpd,nsfuzz,1,l_per,43.2
1776001099,bftpd,nsfuzz,1,l_abs,971
1776001099,bftpd,nsfuzz,1,b_per,29.3
1776001099,bftpd,nsfuzz,1,b_abs,397
1776001099,bftpd,nsfuzz,1,l_per,43.2
1776001099,bftpd,nsfuzz,1,l_abs,971
1776001099,bftpd,nsfuzz,1,b_per,29.3
1776001099,bftpd,nsfuzz,1,b_abs,397
1776001099,bftpd,nsfuzz,1,l_per,43.5
1776001099,bftpd,nsfuzz,1,l_abs,978
1776001099,bftpd,nsfuzz,1,b_per,29.8
1776001099,bftpd,nsfuzz,1,b_abs,403
1776001099,bftpd,nsfuzz,1,l_per,43.5
1776001099,bftpd,nsfuzz,1,l_abs,978
1776001099,bftpd,nsfuzz,1,b_per,29.8
1776001099,bftpd,nsfuzz,1,b_abs,403
1776001099,bftpd,nsfuzz,1,l_per,43.5
1776001099,bftpd,nsfuzz,1,l_abs,978
1776001099,bftpd,nsfuzz,1,b_per,29.8
1776001099,bftpd,nsfuzz,1,b_abs,403
1776001099,bftpd,nsfuzz,1,l_per,43.5
1776001099,bftpd,nsfuzz,1,l_abs,978
1776001099,bftpd,nsfuzz,1,b_per,29.8
1776001099,bftpd,nsfuzz,1,b_abs,403
1776001099,bftpd,nsfuzz,1,l_per,43.5
1776001099,bftpd,nsfuzz,1,l_abs,978
1776001099,bftpd,nsfuzz,1,b_per,29.8
1776001099,bftpd,nsfuzz,1,b_abs,403
1776001099,bftpd,nsfuzz,1,l_per,43.5
1776001099,bftpd,nsfuzz,1,l_abs,978
1776001099,bftpd,nsfuzz,1,b_per,29.8
1776001099,bftpd,nsfuzz,1,b_abs,403
1776001100,bftpd,nsfuzz,1,l_per,43.5
1776001100,bftpd,nsfuzz,1,l_abs,978
1776001100,bftpd,nsfuzz,1,b_per,29.8
1776001100,bftpd,nsfuzz,1,b_abs,403
1776001100,bftpd,nsfuzz,1,l_per,43.6
1776001100,bftpd,nsfuzz,1,l_abs,981
1776001100,bftpd,nsfuzz,1,b_per,30.1
1776001100,bftpd,nsfuzz,1,b_abs,408
1776001100,bftpd,nsfuzz,1,l_per,43.9
1776001100,bftpd,nsfuzz,1,l_abs,986
1776001100,bftpd,nsfuzz,1,b_per,30.3
1776001100,bftpd,nsfuzz,1,b_abs,410
1776001100,bftpd,nsfuzz,1,l_per,44.0
1776001100,bftpd,nsfuzz,1,l_abs,988
1776001100,bftpd,nsfuzz,1,b_per,30.4
1776001100,bftpd,nsfuzz,1,b_abs,411
1776001100,bftpd,nsfuzz,1,l_per,44.0
1776001100,bftpd,nsfuzz,1,l_abs,988
1776001100,bftpd,nsfuzz,1,b_per,30.4
1776001100,bftpd,nsfuzz,1,b_abs,411
1776001100,bftpd,nsfuzz,1,l_per,44.0
1776001100,bftpd,nsfuzz,1,l_abs,988
1776001100,bftpd,nsfuzz,1,b_per,30.4
1776001100,bftpd,nsfuzz,1,b_abs,411
1776001100,bftpd,nsfuzz,1,l_per,44.0
1776001100,bftpd,nsfuzz,1,l_abs,988
1776001100,bftpd,nsfuzz,1,b_per,30.4
1776001100,bftpd,nsfuzz,1,b_abs,411
1776001100,bftpd,nsfuzz,1,l_per,44.4
1776001100,bftpd,nsfuzz,1,l_abs,997
1776001100,bftpd,nsfuzz,1,b_per,30.6
1776001100,bftpd,nsfuzz,1,b_abs,414
1776001100,bftpd,nsfuzz,1,l_per,44.4
1776001100,bftpd,nsfuzz,1,l_abs,997
1776001100,bftpd,nsfuzz,1,b_per,30.6
1776001100,bftpd,nsfuzz,1,b_abs,414
1776001100,bftpd,nsfuzz,1,l_per,44.4
1776001100,bftpd,nsfuzz,1,l_abs,997
1776001100,bftpd,nsfuzz,1,b_per,30.6
1776001100,bftpd,nsfuzz,1,b_abs,414
1776001100,bftpd,nsfuzz,1,l_per,44.8
1776001100,bftpd,nsfuzz,1,l_abs,1007
1776001100,bftpd,nsfuzz,1,b_per,30.9
1776001100,bftpd,nsfuzz,1,b_abs,418
1776001101,bftpd,nsfuzz,1,l_per,44.8
1776001101,bftpd,nsfuzz,1,l_abs,1007
1776001101,bftpd,nsfuzz,1,b_per,30.9
1776001101,bftpd,nsfuzz,1,b_abs,418
1776001101,bftpd,nsfuzz,1,l_per,45.2
1776001101,bftpd,nsfuzz,1,l_abs,1017
1776001101,bftpd,nsfuzz,1,b_per,31.2
1776001101,bftpd,nsfuzz,1,b_abs,423
1776001101,bftpd,nsfuzz,1,l_per,45.2
1776001101,bftpd,nsfuzz,1,l_abs,1017
1776001101,bftpd,nsfuzz,1,b_per,31.3
1776001101,bftpd,nsfuzz,1,b_abs,424
1776001101,bftpd,nsfuzz,1,l_per,45.2
1776001101,bftpd,nsfuzz,1,l_abs,1017
1776001101,bftpd,nsfuzz,1,b_per,31.3
1776001101,bftpd,nsfuzz,1,b_abs,424
1776001102,bftpd,nsfuzz,1,l_per,45.2
1776001102,bftpd,nsfuzz,1,l_abs,1017
1776001102,bftpd,nsfuzz,1,b_per,31.3
1776001102,bftpd,nsfuzz,1,b_abs,424
1776001102,bftpd,nsfuzz,1,l_per,45.2
1776001102,bftpd,nsfuzz,1,l_abs,1017
1776001102,bftpd,nsfuzz,1,b_per,31.3
1776001102,bftpd,nsfuzz,1,b_abs,424
1776001102,bftpd,nsfuzz,1,l_per,45.2
1776001102,bftpd,nsfuzz,1,l_abs,1017
1776001102,bftpd,nsfuzz,1,b_per,31.3
1776001102,bftpd,nsfuzz,1,b_abs,424
1776001102,bftpd,nsfuzz,1,l_per,45.4
1776001102,bftpd,nsfuzz,1,l_abs,1021
1776001102,bftpd,nsfuzz,1,b_per,31.3
1776001102,bftpd,nsfuzz,1,b_abs,424
1776001103,bftpd,nsfuzz,1,l_per,45.4
1776001103,bftpd,nsfuzz,1,l_abs,1021
1776001103,bftpd,nsfuzz,1,b_per,31.3
1776001103,bftpd,nsfuzz,1,b_abs,424
1776001103,bftpd,nsfuzz,1,l_per,45.4
1776001103,bftpd,nsfuzz,1,l_abs,1021
1776001103,bftpd,nsfuzz,1,b_per,31.3
1776001103,bftpd,nsfuzz,1,b_abs,424
1776001103,bftpd,nsfuzz,1,l_per,45.4
1776001103,bftpd,nsfuzz,1,l_abs,1021
1776001103,bftpd,nsfuzz,1,b_per,31.3
1776001103,bftpd,nsfuzz,1,b_abs,424
1776001104,bftpd,nsfuzz,1,l_per,45.5
1776001104,bftpd,nsfuzz,1,l_abs,1024
1776001104,bftpd,nsfuzz,1,b_per,31.5
1776001104,bftpd,nsfuzz,1,b_abs,426
1776001104,bftpd,nsfuzz,1,l_per,45.5
1776001104,bftpd,nsfuzz,1,l_abs,1024
1776001104,bftpd,nsfuzz,1,b_per,31.5
1776001104,bftpd,nsfuzz,1,b_abs,426
1776001104,bftpd,nsfuzz,1,l_per,45.5
1776001104,bftpd,nsfuzz,1,l_abs,1024
1776001104,bftpd,nsfuzz,1,b_per,31.5
1776001104,bftpd,nsfuzz,1,b_abs,426
1776001106,bftpd,nsfuzz,1,l_per,45.5
1776001106,bftpd,nsfuzz,1,l_abs,1024
1776001106,bftpd,nsfuzz,1,b_per,31.5
1776001106,bftpd,nsfuzz,1,b_abs,426
1776001106,bftpd,nsfuzz,1,l_per,45.5
1776001106,bftpd,nsfuzz,1,l_abs,1024
1776001106,bftpd,nsfuzz,1,b_per,31.5
1776001106,bftpd,nsfuzz,1,b_abs,426
1776001107,bftpd,nsfuzz,1,l_per,45.5
1776001107,bftpd,nsfuzz,1,l_abs,1024
1776001107,bftpd,nsfuzz,1,b_per,31.5
1776001107,bftpd,nsfuzz,1,b_abs,426
1776001107,bftpd,nsfuzz,1,l_per,45.5
1776001107,bftpd,nsfuzz,1,l_abs,1024
1776001107,bftpd,nsfuzz,1,b_per,31.5
1776001107,bftpd,nsfuzz,1,b_abs,426
1776001107,bftpd,nsfuzz,1,l_per,45.6
1776001107,bftpd,nsfuzz,1,l_abs,1025
1776001107,bftpd,nsfuzz,1,b_per,31.5
1776001107,bftpd,nsfuzz,1,b_abs,427
1776001107,bftpd,nsfuzz,1,l_per,45.8
1776001107,bftpd,nsfuzz,1,l_abs,1029
1776001107,bftpd,nsfuzz,1,b_per,31.8
1776001107,bftpd,nsfuzz,1,b_abs,430
1776001108,bftpd,nsfuzz,1,l_per,45.8
1776001108,bftpd,nsfuzz,1,l_abs,1029
1776001108,bftpd,nsfuzz,1,b_per,31.8
1776001108,bftpd,nsfuzz,1,b_abs,430
1776001109,bftpd,nsfuzz,1,l_per,45.8
1776001109,bftpd,nsfuzz,1,l_abs,1029
1776001109,bftpd,nsfuzz,1,b_per,31.8
1776001109,bftpd,nsfuzz,1,b_abs,430
1776001109,bftpd,nsfuzz,1,l_per,45.8
1776001109,bftpd,nsfuzz,1,l_abs,1029
1776001109,bftpd,nsfuzz,1,b_per,31.8
1776001109,bftpd,nsfuzz,1,b_abs,430
1776001109,bftpd,nsfuzz,1,l_per,45.8
1776001109,bftpd,nsfuzz,1,l_abs,1029
1776001109,bftpd,nsfuzz,1,b_per,31.8
1776001109,bftpd,nsfuzz,1,b_abs,430
1776001110,bftpd,nsfuzz,1,l_per,45.8
1776001110,bftpd,nsfuzz,1,l_abs,1029
1776001110,bftpd,nsfuzz,1,b_per,31.8
1776001110,bftpd,nsfuzz,1,b_abs,430
1776001110,bftpd,nsfuzz,1,l_per,45.8
1776001110,bftpd,nsfuzz,1,l_abs,1029
1776001110,bftpd,nsfuzz,1,b_per,31.8
1776001110,bftpd,nsfuzz,1,b_abs,430
1776001110,bftpd,nsfuzz,1,l_per,45.8
1776001110,bftpd,nsfuzz,1,l_abs,1029
1776001110,bftpd,nsfuzz,1,b_per,31.8
1776001110,bftpd,nsfuzz,1,b_abs,430
1776001111,bftpd,nsfuzz,1,l_per,45.8
1776001111,bftpd,nsfuzz,1,l_abs,1029
1776001111,bftpd,nsfuzz,1,b_per,31.8
1776001111,bftpd,nsfuzz,1,b_abs,430
1776001111,bftpd,nsfuzz,1,l_per,45.8
1776001111,bftpd,nsfuzz,1,l_abs,1029
1776001111,bftpd,nsfuzz,1,b_per,31.8
1776001111,bftpd,nsfuzz,1,b_abs,430
1776001111,bftpd,nsfuzz,1,l_per,45.8
1776001111,bftpd,nsfuzz,1,l_abs,1029
1776001111,bftpd,nsfuzz,1,b_per,31.8
1776001111,bftpd,nsfuzz,1,b_abs,430
1776001111,bftpd,nsfuzz,1,l_per,45.8
1776001111,bftpd,nsfuzz,1,l_abs,1029
1776001111,bftpd,nsfuzz,1,b_per,31.8
1776001111,bftpd,nsfuzz,1,b_abs,430
1776001111,bftpd,nsfuzz,1,l_per,45.8
1776001111,bftpd,nsfuzz,1,l_abs,1029
1776001111,bftpd,nsfuzz,1,b_per,31.8
1776001111,bftpd,nsfuzz,1,b_abs,430
1776001112,bftpd,nsfuzz,1,l_per,45.8
1776001112,bftpd,nsfuzz,1,l_abs,1029
1776001112,bftpd,nsfuzz,1,b_per,31.8
1776001112,bftpd,nsfuzz,1,b_abs,430
1776001112,bftpd,nsfuzz,1,l_per,45.8
1776001112,bftpd,nsfuzz,1,l_abs,1029
1776001112,bftpd,nsfuzz,1,b_per,31.8
1776001112,bftpd,nsfuzz,1,b_abs,430
1776001112,bftpd,nsfuzz,1,l_per,45.8
1776001112,bftpd,nsfuzz,1,l_abs,1029
1776001112,bftpd,nsfuzz,1,b_per,31.8
1776001112,bftpd,nsfuzz,1,b_abs,430
1776001112,bftpd,nsfuzz,1,l_per,45.8
1776001112,bftpd,nsfuzz,1,l_abs,1030
1776001112,bftpd,nsfuzz,1,b_per,31.8
1776001112,bftpd,nsfuzz,1,b_abs,431
1776001112,bftpd,nsfuzz,1,l_per,45.8
1776001112,bftpd,nsfuzz,1,l_abs,1030
1776001112,bftpd,nsfuzz,1,b_per,31.8
1776001112,bftpd,nsfuzz,1,b_abs,431
1776001112,bftpd,nsfuzz,1,l_per,45.8
1776001112,bftpd,nsfuzz,1,l_abs,1031
1776001112,bftpd,nsfuzz,1,b_per,31.9
1776001112,bftpd,nsfuzz,1,b_abs,432
1776001113,bftpd,nsfuzz,1,l_per,45.8
1776001113,bftpd,nsfuzz,1,l_abs,1031
1776001113,bftpd,nsfuzz,1,b_per,31.9
1776001113,bftpd,nsfuzz,1,b_abs,432
1776001113,bftpd,nsfuzz,1,l_per,46.0
1776001113,bftpd,nsfuzz,1,l_abs,1035
1776001113,bftpd,nsfuzz,1,b_per,32.0
1776001113,bftpd,nsfuzz,1,b_abs,433
1776001113,bftpd,nsfuzz,1,l_per,46.0
1776001113,bftpd,nsfuzz,1,l_abs,1035
1776001113,bftpd,nsfuzz,1,b_per,32.0
1776001113,bftpd,nsfuzz,1,b_abs,433
1776001114,bftpd,nsfuzz,1,l_per,46.0
1776001114,bftpd,nsfuzz,1,l_abs,1035
1776001114,bftpd,nsfuzz,1,b_per,32.0
1776001114,bftpd,nsfuzz,1,b_abs,433
1776001114,bftpd,nsfuzz,1,l_per,46.0
1776001114,bftpd,nsfuzz,1,l_abs,1035
1776001114,bftpd,nsfuzz,1,b_per,32.0
1776001114,bftpd,nsfuzz,1,b_abs,433
1776001114,bftpd,nsfuzz,1,l_per,46.0
1776001114,bftpd,nsfuzz,1,l_abs,1035
1776001114,bftpd,nsfuzz,1,b_per,32.0
1776001114,bftpd,nsfuzz,1,b_abs,433
1776001114,bftpd,nsfuzz,1,l_per,46.0
1776001114,bftpd,nsfuzz,1,l_abs,1035
1776001114,bftpd,nsfuzz,1,b_per,32.0
1776001114,bftpd,nsfuzz,1,b_abs,433
1776001115,bftpd,nsfuzz,1,l_per,46.3
1776001115,bftpd,nsfuzz,1,l_abs,1041
1776001115,bftpd,nsfuzz,1,b_per,32.2
1776001115,bftpd,nsfuzz,1,b_abs,436
1776001115,bftpd,nsfuzz,1,l_per,46.3
1776001115,bftpd,nsfuzz,1,l_abs,1041
1776001115,bftpd,nsfuzz,1,b_per,32.2
1776001115,bftpd,nsfuzz,1,b_abs,436
1776001117,bftpd,nsfuzz,1,l_per,46.3
1776001117,bftpd,nsfuzz,1,l_abs,1041
1776001117,bftpd,nsfuzz,1,b_per,32.2
1776001117,bftpd,nsfuzz,1,b_abs,436
1776001117,bftpd,nsfuzz,1,l_per,46.3
1776001117,bftpd,nsfuzz,1,l_abs,1041
1776001117,bftpd,nsfuzz,1,b_per,32.2
1776001117,bftpd,nsfuzz,1,b_abs,436
1776001118,bftpd,nsfuzz,1,l_per,46.3
1776001118,bftpd,nsfuzz,1,l_abs,1041
1776001118,bftpd,nsfuzz,1,b_per,32.2
1776001118,bftpd,nsfuzz,1,b_abs,436
1776001118,bftpd,nsfuzz,1,l_per,46.3
1776001118,bftpd,nsfuzz,1,l_abs,1041
1776001118,bftpd,nsfuzz,1,b_per,32.2
1776001118,bftpd,nsfuzz,1,b_abs,436
1776001118,bftpd,nsfuzz,1,l_per,46.3
1776001118,bftpd,nsfuzz,1,l_abs,1041
1776001118,bftpd,nsfuzz,1,b_per,32.2
1776001118,bftpd,nsfuzz,1,b_abs,436
1776001118,bftpd,nsfuzz,1,l_per,46.3
1776001118,bftpd,nsfuzz,1,l_abs,1041
1776001118,bftpd,nsfuzz,1,b_per,32.3
1776001118,bftpd,nsfuzz,1,b_abs,437
1776001118,bftpd,nsfuzz,1,l_per,46.3
1776001118,bftpd,nsfuzz,1,l_abs,1041
1776001118,bftpd,nsfuzz,1,b_per,32.3
1776001118,bftpd,nsfuzz,1,b_abs,437
1776001118,bftpd,nsfuzz,1,l_per,46.3
1776001118,bftpd,nsfuzz,1,l_abs,1041
1776001118,bftpd,nsfuzz,1,b_per,32.3
1776001118,bftpd,nsfuzz,1,b_abs,437
1776001119,bftpd,nsfuzz,1,l_per,46.3
1776001119,bftpd,nsfuzz,1,l_abs,1041
1776001119,bftpd,nsfuzz,1,b_per,32.3
1776001119,bftpd,nsfuzz,1,b_abs,437
1776001119,bftpd,nsfuzz,1,l_per,46.3
1776001119,bftpd,nsfuzz,1,l_abs,1042
1776001119,bftpd,nsfuzz,1,b_per,32.3
1776001119,bftpd,nsfuzz,1,b_abs,438
1776001119,bftpd,nsfuzz,1,l_per,46.3
1776001119,bftpd,nsfuzz,1,l_abs,1042
1776001119,bftpd,nsfuzz,1,b_per,32.3
1776001119,bftpd,nsfuzz,1,b_abs,438
1776001119,bftpd,nsfuzz,1,l_per,46.3
1776001119,bftpd,nsfuzz,1,l_abs,1042
1776001119,bftpd,nsfuzz,1,b_per,32.3
1776001119,bftpd,nsfuzz,1,b_abs,438
1776001120,bftpd,nsfuzz,1,l_per,46.3
1776001120,bftpd,nsfuzz,1,l_abs,1042
1776001120,bftpd,nsfuzz,1,b_per,32.3
1776001120,bftpd,nsfuzz,1,b_abs,438
1776001121,bftpd,nsfuzz,1,l_per,46.3
1776001121,bftpd,nsfuzz,1,l_abs,1042
1776001121,bftpd,nsfuzz,1,b_per,32.3
1776001121,bftpd,nsfuzz,1,b_abs,438
1776001121,bftpd,nsfuzz,1,l_per,46.3
1776001121,bftpd,nsfuzz,1,l_abs,1042
1776001121,bftpd,nsfuzz,1,b_per,32.3
1776001121,bftpd,nsfuzz,1,b_abs,438
1776001122,bftpd,nsfuzz,1,l_per,46.3
1776001122,bftpd,nsfuzz,1,l_abs,1042
1776001122,bftpd,nsfuzz,1,b_per,32.3
1776001122,bftpd,nsfuzz,1,b_abs,438
1776001122,bftpd,nsfuzz,1,l_per,46.3
1776001122,bftpd,nsfuzz,1,l_abs,1042
1776001122,bftpd,nsfuzz,1,b_per,32.3
1776001122,bftpd,nsfuzz,1,b_abs,438
1776001123,bftpd,nsfuzz,1,l_per,46.3
1776001123,bftpd,nsfuzz,1,l_abs,1042
1776001123,bftpd,nsfuzz,1,b_per,32.3
1776001123,bftpd,nsfuzz,1,b_abs,438
1776001123,bftpd,nsfuzz,1,l_per,46.3
1776001123,bftpd,nsfuzz,1,l_abs,1042
1776001123,bftpd,nsfuzz,1,b_per,32.3
1776001123,bftpd,nsfuzz,1,b_abs,438
1776001123,bftpd,nsfuzz,1,l_per,46.4
1776001123,bftpd,nsfuzz,1,l_abs,1045
1776001123,bftpd,nsfuzz,1,b_per,32.3
1776001123,bftpd,nsfuzz,1,b_abs,438
1776001123,bftpd,nsfuzz,1,l_per,46.4
1776001123,bftpd,nsfuzz,1,l_abs,1045
1776001123,bftpd,nsfuzz,1,b_per,32.3
1776001123,bftpd,nsfuzz,1,b_abs,438
1776001124,bftpd,nsfuzz,1,l_per,46.4
1776001124,bftpd,nsfuzz,1,l_abs,1045
1776001124,bftpd,nsfuzz,1,b_per,32.3
1776001124,bftpd,nsfuzz,1,b_abs,438
1776001124,bftpd,nsfuzz,1,l_per,46.4
1776001124,bftpd,nsfuzz,1,l_abs,1045
1776001124,bftpd,nsfuzz,1,b_per,32.3
1776001124,bftpd,nsfuzz,1,b_abs,438
1776001124,bftpd,nsfuzz,1,l_per,46.4
1776001124,bftpd,nsfuzz,1,l_abs,1045
1776001124,bftpd,nsfuzz,1,b_per,32.3
1776001124,bftpd,nsfuzz,1,b_abs,438
1776001125,bftpd,nsfuzz,1,l_per,46.4
1776001125,bftpd,nsfuzz,1,l_abs,1045
1776001125,bftpd,nsfuzz,1,b_per,32.3
1776001125,bftpd,nsfuzz,1,b_abs,438
1776001126,bftpd,nsfuzz,1,l_per,46.4
1776001126,bftpd,nsfuzz,1,l_abs,1045
1776001126,bftpd,nsfuzz,1,b_per,32.3
1776001126,bftpd,nsfuzz,1,b_abs,438
1776001127,bftpd,nsfuzz,1,l_per,46.4
1776001127,bftpd,nsfuzz,1,l_abs,1045
1776001127,bftpd,nsfuzz,1,b_per,32.3
1776001127,bftpd,nsfuzz,1,b_abs,438
1776001127,bftpd,nsfuzz,1,l_per,46.4
1776001127,bftpd,nsfuzz,1,l_abs,1045
1776001127,bftpd,nsfuzz,1,b_per,32.3
1776001127,bftpd,nsfuzz,1,b_abs,438
1776001127,bftpd,nsfuzz,1,l_per,46.4
1776001127,bftpd,nsfuzz,1,l_abs,1045
1776001127,bftpd,nsfuzz,1,b_per,32.3
1776001127,bftpd,nsfuzz,1,b_abs,438
1776001128,bftpd,nsfuzz,1,l_per,47.0
1776001128,bftpd,nsfuzz,1,l_abs,1057
1776001128,bftpd,nsfuzz,1,b_per,32.7
1776001128,bftpd,nsfuzz,1,b_abs,443
1776001128,bftpd,nsfuzz,1,l_per,47.0
1776001128,bftpd,nsfuzz,1,l_abs,1059
1776001128,bftpd,nsfuzz,1,b_per,32.9
1776001128,bftpd,nsfuzz,1,b_abs,445
1776001128,bftpd,nsfuzz,1,l_per,47.1
1776001128,bftpd,nsfuzz,1,l_abs,1061
1776001128,bftpd,nsfuzz,1,b_per,32.9
1776001128,bftpd,nsfuzz,1,b_abs,446
1776001128,bftpd,nsfuzz,1,l_per,47.1
1776001128,bftpd,nsfuzz,1,l_abs,1061
1776001128,bftpd,nsfuzz,1,b_per,32.9
1776001128,bftpd,nsfuzz,1,b_abs,446
1776001129,bftpd,nsfuzz,1,l_per,47.1
1776001129,bftpd,nsfuzz,1,l_abs,1061
1776001129,bftpd,nsfuzz,1,b_per,32.9
1776001129,bftpd,nsfuzz,1,b_abs,446
1776001129,bftpd,nsfuzz,1,l_per,47.1
1776001129,bftpd,nsfuzz,1,l_abs,1061
1776001129,bftpd,nsfuzz,1,b_per,32.9
1776001129,bftpd,nsfuzz,1,b_abs,446
1776001129,bftpd,nsfuzz,1,l_per,47.1
1776001129,bftpd,nsfuzz,1,l_abs,1061
1776001129,bftpd,nsfuzz,1,b_per,32.9
1776001129,bftpd,nsfuzz,1,b_abs,446
1776001130,bftpd,nsfuzz,1,l_per,47.1
1776001130,bftpd,nsfuzz,1,l_abs,1061
1776001130,bftpd,nsfuzz,1,b_per,32.9
1776001130,bftpd,nsfuzz,1,b_abs,446
1776001130,bftpd,nsfuzz,1,l_per,47.1
1776001130,bftpd,nsfuzz,1,l_abs,1061
1776001130,bftpd,nsfuzz,1,b_per,32.9
1776001130,bftpd,nsfuzz,1,b_abs,446
1776001131,bftpd,nsfuzz,1,l_per,47.1
1776001131,bftpd,nsfuzz,1,l_abs,1061
1776001131,bftpd,nsfuzz,1,b_per,32.9
1776001131,bftpd,nsfuzz,1,b_abs,446
1776001131,bftpd,nsfuzz,1,l_per,47.1
1776001131,bftpd,nsfuzz,1,l_abs,1061
1776001131,bftpd,nsfuzz,1,b_per,32.9
1776001131,bftpd,nsfuzz,1,b_abs,446
1776001132,bftpd,nsfuzz,1,l_per,47.1
1776001132,bftpd,nsfuzz,1,l_abs,1061
1776001132,bftpd,nsfuzz,1,b_per,32.9
1776001132,bftpd,nsfuzz,1,b_abs,446
1776001132,bftpd,nsfuzz,1,l_per,47.1
1776001132,bftpd,nsfuzz,1,l_abs,1061
1776001132,bftpd,nsfuzz,1,b_per,32.9
1776001132,bftpd,nsfuzz,1,b_abs,446
1776001133,bftpd,nsfuzz,1,l_per,47.3
1776001133,bftpd,nsfuzz,1,l_abs,1064
1776001133,bftpd,nsfuzz,1,b_per,33.1
1776001133,bftpd,nsfuzz,1,b_abs,448
1776001133,bftpd,nsfuzz,1,l_per,47.3
1776001133,bftpd,nsfuzz,1,l_abs,1064
1776001133,bftpd,nsfuzz,1,b_per,33.1
1776001133,bftpd,nsfuzz,1,b_abs,448
1776001133,bftpd,nsfuzz,1,l_per,47.3
1776001133,bftpd,nsfuzz,1,l_abs,1064
1776001133,bftpd,nsfuzz,1,b_per,33.1
1776001133,bftpd,nsfuzz,1,b_abs,448
1776001133,bftpd,nsfuzz,1,l_per,47.3
1776001133,bftpd,nsfuzz,1,l_abs,1064
1776001133,bftpd,nsfuzz,1,b_per,33.1
1776001133,bftpd,nsfuzz,1,b_abs,448
1776001134,bftpd,nsfuzz,1,l_per,47.3
1776001134,bftpd,nsfuzz,1,l_abs,1064
1776001134,bftpd,nsfuzz,1,b_per,33.1
1776001134,bftpd,nsfuzz,1,b_abs,448
1776001134,bftpd,nsfuzz,1,l_per,47.3
1776001134,bftpd,nsfuzz,1,l_abs,1064
1776001134,bftpd,nsfuzz,1,b_per,33.1
1776001134,bftpd,nsfuzz,1,b_abs,448
1776001134,bftpd,nsfuzz,1,l_per,47.3
1776001134,bftpd,nsfuzz,1,l_abs,1064
1776001134,bftpd,nsfuzz,1,b_per,33.1
1776001134,bftpd,nsfuzz,1,b_abs,448
1776001135,bftpd,nsfuzz,1,l_per,47.3
1776001135,bftpd,nsfuzz,1,l_abs,1064
1776001135,bftpd,nsfuzz,1,b_per,33.1
1776001135,bftpd,nsfuzz,1,b_abs,448
1776001135,bftpd,nsfuzz,1,l_per,47.3
1776001135,bftpd,nsfuzz,1,l_abs,1064
1776001135,bftpd,nsfuzz,1,b_per,33.1
1776001135,bftpd,nsfuzz,1,b_abs,448
1776001135,bftpd,nsfuzz,1,l_per,47.3
1776001135,bftpd,nsfuzz,1,l_abs,1064
1776001135,bftpd,nsfuzz,1,b_per,33.2
1776001135,bftpd,nsfuzz,1,b_abs,449
1776001136,bftpd,nsfuzz,1,l_per,47.3
1776001136,bftpd,nsfuzz,1,l_abs,1064
1776001136,bftpd,nsfuzz,1,b_per,33.2
1776001136,bftpd,nsfuzz,1,b_abs,449
1776001136,bftpd,nsfuzz,1,l_per,47.3
1776001136,bftpd,nsfuzz,1,l_abs,1064
1776001136,bftpd,nsfuzz,1,b_per,33.2
1776001136,bftpd,nsfuzz,1,b_abs,449
1776001137,bftpd,nsfuzz,1,l_per,47.4
1776001137,bftpd,nsfuzz,1,l_abs,1067
1776001137,bftpd,nsfuzz,1,b_per,33.6
1776001137,bftpd,nsfuzz,1,b_abs,455
1776001138,bftpd,nsfuzz,1,l_per,47.4
1776001138,bftpd,nsfuzz,1,l_abs,1067
1776001138,bftpd,nsfuzz,1,b_per,33.6
1776001138,bftpd,nsfuzz,1,b_abs,455
1776001139,bftpd,nsfuzz,1,l_per,47.4
1776001139,bftpd,nsfuzz,1,l_abs,1067
1776001139,bftpd,nsfuzz,1,b_per,33.6
1776001139,bftpd,nsfuzz,1,b_abs,455
1776001139,bftpd,nsfuzz,1,l_per,47.4
1776001139,bftpd,nsfuzz,1,l_abs,1067
1776001139,bftpd,nsfuzz,1,b_per,33.6
1776001139,bftpd,nsfuzz,1,b_abs,455
1776001140,bftpd,nsfuzz,1,l_per,47.4
1776001140,bftpd,nsfuzz,1,l_abs,1067
1776001140,bftpd,nsfuzz,1,b_per,33.6
1776001140,bftpd,nsfuzz,1,b_abs,455
1776001140,bftpd,nsfuzz,1,l_per,47.4
1776001140,bftpd,nsfuzz,1,l_abs,1067
1776001140,bftpd,nsfuzz,1,b_per,33.6
1776001140,bftpd,nsfuzz,1,b_abs,455
1776001140,bftpd,nsfuzz,1,l_per,47.4
1776001140,bftpd,nsfuzz,1,l_abs,1067
1776001140,bftpd,nsfuzz,1,b_per,33.6
1776001140,bftpd,nsfuzz,1,b_abs,455
1776001141,bftpd,nsfuzz,1,l_per,47.4
1776001141,bftpd,nsfuzz,1,l_abs,1067
1776001141,bftpd,nsfuzz,1,b_per,33.7
1776001141,bftpd,nsfuzz,1,b_abs,456
1776001141,bftpd,nsfuzz,1,l_per,47.4
1776001141,bftpd,nsfuzz,1,l_abs,1067
1776001141,bftpd,nsfuzz,1,b_per,33.7
1776001141,bftpd,nsfuzz,1,b_abs,456
1776001141,bftpd,nsfuzz,1,l_per,47.4
1776001141,bftpd,nsfuzz,1,l_abs,1067
1776001141,bftpd,nsfuzz,1,b_per,33.7
1776001141,bftpd,nsfuzz,1,b_abs,456
1776001142,bftpd,nsfuzz,1,l_per,47.4
1776001142,bftpd,nsfuzz,1,l_abs,1067
1776001142,bftpd,nsfuzz,1,b_per,33.7
1776001142,bftpd,nsfuzz,1,b_abs,456
1776001142,bftpd,nsfuzz,1,l_per,47.4
1776001142,bftpd,nsfuzz,1,l_abs,1067
1776001142,bftpd,nsfuzz,1,b_per,33.8
1776001142,bftpd,nsfuzz,1,b_abs,457
1776001142,bftpd,nsfuzz,1,l_per,47.4
1776001142,bftpd,nsfuzz,1,l_abs,1067
1776001142,bftpd,nsfuzz,1,b_per,33.8
1776001142,bftpd,nsfuzz,1,b_abs,457
1776001143,bftpd,nsfuzz,1,l_per,47.4
1776001143,bftpd,nsfuzz,1,l_abs,1067
1776001143,bftpd,nsfuzz,1,b_per,33.8
1776001143,bftpd,nsfuzz,1,b_abs,457
1776001143,bftpd,nsfuzz,1,l_per,47.4
1776001143,bftpd,nsfuzz,1,l_abs,1067
1776001143,bftpd,nsfuzz,1,b_per,33.8
1776001143,bftpd,nsfuzz,1,b_abs,457
1776001144,bftpd,nsfuzz,1,l_per,47.4
1776001144,bftpd,nsfuzz,1,l_abs,1067
1776001144,bftpd,nsfuzz,1,b_per,33.8
1776001144,bftpd,nsfuzz,1,b_abs,457
1776001145,bftpd,nsfuzz,1,l_per,47.5
1776001145,bftpd,nsfuzz,1,l_abs,1069
1776001145,bftpd,nsfuzz,1,b_per,33.9
1776001145,bftpd,nsfuzz,1,b_abs,459
1776001145,bftpd,nsfuzz,1,l_per,47.5
1776001145,bftpd,nsfuzz,1,l_abs,1069
1776001145,bftpd,nsfuzz,1,b_per,34.0
1776001145,bftpd,nsfuzz,1,b_abs,460
1776001145,bftpd,nsfuzz,1,l_per,47.5
1776001145,bftpd,nsfuzz,1,l_abs,1069
1776001145,bftpd,nsfuzz,1,b_per,34.0
1776001145,bftpd,nsfuzz,1,b_abs,460
1776001146,bftpd,nsfuzz,1,l_per,47.5
1776001146,bftpd,nsfuzz,1,l_abs,1069
1776001146,bftpd,nsfuzz,1,b_per,34.0
1776001146,bftpd,nsfuzz,1,b_abs,461
1776001146,bftpd,nsfuzz,1,l_per,47.5
1776001146,bftpd,nsfuzz,1,l_abs,1069
1776001146,bftpd,nsfuzz,1,b_per,34.0
1776001146,bftpd,nsfuzz,1,b_abs,461
1776001147,bftpd,nsfuzz,1,l_per,47.5
1776001147,bftpd,nsfuzz,1,l_abs,1069
1776001147,bftpd,nsfuzz,1,b_per,34.0
1776001147,bftpd,nsfuzz,1,b_abs,461
1776001149,bftpd,nsfuzz,1,l_per,47.5
1776001149,bftpd,nsfuzz,1,l_abs,1069
1776001149,bftpd,nsfuzz,1,b_per,34.0
1776001149,bftpd,nsfuzz,1,b_abs,461
1776001151,bftpd,nsfuzz,1,l_per,47.5
1776001151,bftpd,nsfuzz,1,l_abs,1069
1776001151,bftpd,nsfuzz,1,b_per,34.0
1776001151,bftpd,nsfuzz,1,b_abs,461
1776001152,bftpd,nsfuzz,1,l_per,47.5
1776001152,bftpd,nsfuzz,1,l_abs,1069
1776001152,bftpd,nsfuzz,1,b_per,34.0
1776001152,bftpd,nsfuzz,1,b_abs,461
1776001153,bftpd,nsfuzz,1,l_per,47.5
1776001153,bftpd,nsfuzz,1,l_abs,1069
1776001153,bftpd,nsfuzz,1,b_per,34.0
1776001153,bftpd,nsfuzz,1,b_abs,461
1776001155,bftpd,nsfuzz,1,l_per,47.5
1776001155,bftpd,nsfuzz,1,l_abs,1069
1776001155,bftpd,nsfuzz,1,b_per,34.0
1776001155,bftpd,nsfuzz,1,b_abs,461
1776001156,bftpd,nsfuzz,1,l_per,47.5
1776001156,bftpd,nsfuzz,1,l_abs,1069
1776001156,bftpd,nsfuzz,1,b_per,34.0
1776001156,bftpd,nsfuzz,1,b_abs,461
1776001163,bftpd,nsfuzz,1,l_per,47.5
1776001163,bftpd,nsfuzz,1,l_abs,1069
1776001163,bftpd,nsfuzz,1,b_per,34.0
1776001163,bftpd,nsfuzz,1,b_abs,461
1776001163,bftpd,nsfuzz,1,l_per,47.5
1776001163,bftpd,nsfuzz,1,l_abs,1069
1776001163,bftpd,nsfuzz,1,b_per,34.0
1776001163,bftpd,nsfuzz,1,b_abs,461
1776001164,bftpd,nsfuzz,1,l_per,47.5
1776001164,bftpd,nsfuzz,1,l_abs,1069
1776001164,bftpd,nsfuzz,1,b_per,34.0
1776001164,bftpd,nsfuzz,1,b_abs,461
1776001165,bftpd,nsfuzz,1,l_per,47.5
1776001165,bftpd,nsfuzz,1,l_abs,1069
1776001165,bftpd,nsfuzz,1,b_per,34.1
1776001165,bftpd,nsfuzz,1,b_abs,462
1776001166,bftpd,nsfuzz,1,l_per,47.5
1776001166,bftpd,nsfuzz,1,l_abs,1069
1776001166,bftpd,nsfuzz,1,b_per,34.1
1776001166,bftpd,nsfuzz,1,b_abs,462
1776001168,bftpd,nsfuzz,1,l_per,47.5
1776001168,bftpd,nsfuzz,1,l_abs,1069
1776001168,bftpd,nsfuzz,1,b_per,34.1
1776001168,bftpd,nsfuzz,1,b_abs,462
1776001169,bftpd,nsfuzz,1,l_per,47.5
1776001169,bftpd,nsfuzz,1,l_abs,1069
1776001169,bftpd,nsfuzz,1,b_per,34.1
1776001169,bftpd,nsfuzz,1,b_abs,462
1776001170,bftpd,nsfuzz,1,l_per,47.5
1776001170,bftpd,nsfuzz,1,l_abs,1069
1776001170,bftpd,nsfuzz,1,b_per,34.1
1776001170,bftpd,nsfuzz,1,b_abs,462
1776001172,bftpd,nsfuzz,1,l_per,47.5
1776001172,bftpd,nsfuzz,1,l_abs,1069
1776001172,bftpd,nsfuzz,1,b_per,34.1
1776001172,bftpd,nsfuzz,1,b_abs,462
1776001175,bftpd,nsfuzz,1,l_per,47.5
1776001175,bftpd,nsfuzz,1,l_abs,1069
1776001175,bftpd,nsfuzz,1,b_per,34.1
1776001175,bftpd,nsfuzz,1,b_abs,462
1776001178,bftpd,nsfuzz,1,l_per,47.5
1776001178,bftpd,nsfuzz,1,l_abs,1069
1776001178,bftpd,nsfuzz,1,b_per,34.1
1776001178,bftpd,nsfuzz,1,b_abs,462
1776001182,bftpd,nsfuzz,1,l_per,47.5
1776001182,bftpd,nsfuzz,1,l_abs,1069
1776001182,bftpd,nsfuzz,1,b_per,34.1
1776001182,bftpd,nsfuzz,1,b_abs,462
1776001183,bftpd,nsfuzz,1,l_per,47.5
1776001183,bftpd,nsfuzz,1,l_abs,1069
1776001183,bftpd,nsfuzz,1,b_per,34.1
1776001183,bftpd,nsfuzz,1,b_abs,462
1776001183,bftpd,nsfuzz,1,l_per,47.5
1776001183,bftpd,nsfuzz,1,l_abs,1069
1776001183,bftpd,nsfuzz,1,b_per,34.1
1776001183,bftpd,nsfuzz,1,b_abs,462
1776001188,bftpd,nsfuzz,1,l_per,47.5
1776001188,bftpd,nsfuzz,1,l_abs,1069
1776001188,bftpd,nsfuzz,1,b_per,34.1
1776001188,bftpd,nsfuzz,1,b_abs,462
1776001194,bftpd,nsfuzz,1,l_per,47.5
1776001194,bftpd,nsfuzz,1,l_abs,1069
1776001194,bftpd,nsfuzz,1,b_per,34.1
1776001194,bftpd,nsfuzz,1,b_abs,462
1776001194,bftpd,nsfuzz,1,l_per,47.5
1776001194,bftpd,nsfuzz,1,l_abs,1069
1776001194,bftpd,nsfuzz,1,b_per,34.1
1776001194,bftpd,nsfuzz,1,b_abs,462
1776001199,bftpd,nsfuzz,1,l_per,47.5
1776001199,bftpd,nsfuzz,1,l_abs,1069
1776001199,bftpd,nsfuzz,1,b_per,34.1
1776001199,bftpd,nsfuzz,1,b_abs,462
1776001201,bftpd,nsfuzz,1,l_per,47.5
1776001201,bftpd,nsfuzz,1,l_abs,1069
1776001201,bftpd,nsfuzz,1,b_per,34.1
1776001201,bftpd,nsfuzz,1,b_abs,462
1776001203,bftpd,nsfuzz,1,l_per,47.5
1776001203,bftpd,nsfuzz,1,l_abs,1069
1776001203,bftpd,nsfuzz,1,b_per,34.1
1776001203,bftpd,nsfuzz,1,b_abs,462
1776001203,bftpd,nsfuzz,1,l_per,47.5
1776001203,bftpd,nsfuzz,1,l_abs,1069
1776001203,bftpd,nsfuzz,1,b_per,34.1
1776001203,bftpd,nsfuzz,1,b_abs,462
1776001204,bftpd,nsfuzz,1,l_per,47.5
1776001204,bftpd,nsfuzz,1,l_abs,1069
1776001204,bftpd,nsfuzz,1,b_per,34.1
1776001204,bftpd,nsfuzz,1,b_abs,462
1776001205,bftpd,nsfuzz,1,l_per,47.5
1776001205,bftpd,nsfuzz,1,l_abs,1069
1776001205,bftpd,nsfuzz,1,b_per,34.1
1776001205,bftpd,nsfuzz,1,b_abs,462
1776001205,bftpd,nsfuzz,1,l_per,47.5
1776001205,bftpd,nsfuzz,1,l_abs,1069
1776001205,bftpd,nsfuzz,1,b_per,34.1
1776001205,bftpd,nsfuzz,1,b_abs,462
1776001206,bftpd,nsfuzz,1,l_per,47.6
1776001206,bftpd,nsfuzz,1,l_abs,1072
1776001206,bftpd,nsfuzz,1,b_per,34.3
1776001206,bftpd,nsfuzz,1,b_abs,464
1776001206,bftpd,nsfuzz,1,l_per,47.6
1776001206,bftpd,nsfuzz,1,l_abs,1072
1776001206,bftpd,nsfuzz,1,b_per,34.3
1776001206,bftpd,nsfuzz,1,b_abs,464
1776001207,bftpd,nsfuzz,1,l_per,47.6
1776001207,bftpd,nsfuzz,1,l_abs,1072
1776001207,bftpd,nsfuzz,1,b_per,34.3
1776001207,bftpd,nsfuzz,1,b_abs,464
1776001207,bftpd,nsfuzz,1,l_per,47.6
1776001207,bftpd,nsfuzz,1,l_abs,1072
1776001207,bftpd,nsfuzz,1,b_per,34.3
1776001207,bftpd,nsfuzz,1,b_abs,464
1776001208,bftpd,nsfuzz,1,l_per,47.6
1776001208,bftpd,nsfuzz,1,l_abs,1072
1776001208,bftpd,nsfuzz,1,b_per,34.3
1776001208,bftpd,nsfuzz,1,b_abs,464
1776001208,bftpd,nsfuzz,1,l_per,47.6
1776001208,bftpd,nsfuzz,1,l_abs,1072
1776001208,bftpd,nsfuzz,1,b_per,34.3
1776001208,bftpd,nsfuzz,1,b_abs,464
1776001209,bftpd,nsfuzz,1,l_per,47.6
1776001209,bftpd,nsfuzz,1,l_abs,1072
1776001209,bftpd,nsfuzz,1,b_per,34.4
1776001209,bftpd,nsfuzz,1,b_abs,466
1776001211,bftpd,nsfuzz,1,l_per,47.6
1776001211,bftpd,nsfuzz,1,l_abs,1072
1776001211,bftpd,nsfuzz,1,b_per,34.4
1776001211,bftpd,nsfuzz,1,b_abs,466
1776001215,bftpd,nsfuzz,1,l_per,47.6
1776001215,bftpd,nsfuzz,1,l_abs,1072
1776001215,bftpd,nsfuzz,1,b_per,34.4
1776001215,bftpd,nsfuzz,1,b_abs,466
1776001215,bftpd,nsfuzz,1,l_per,47.6
1776001215,bftpd,nsfuzz,1,l_abs,1072
1776001215,bftpd,nsfuzz,1,b_per,34.4
1776001215,bftpd,nsfuzz,1,b_abs,466
1776001223,bftpd,nsfuzz,1,l_per,47.6
1776001223,bftpd,nsfuzz,1,l_abs,1072
1776001223,bftpd,nsfuzz,1,b_per,34.4
1776001223,bftpd,nsfuzz,1,b_abs,466
1776001224,bftpd,nsfuzz,1,l_per,47.6
1776001224,bftpd,nsfuzz,1,l_abs,1072
1776001224,bftpd,nsfuzz,1,b_per,34.4
1776001224,bftpd,nsfuzz,1,b_abs,466
1776001224,bftpd,nsfuzz,1,l_per,47.6
1776001224,bftpd,nsfuzz,1,l_abs,1072
1776001224,bftpd,nsfuzz,1,b_per,34.4
1776001224,bftpd,nsfuzz,1,b_abs,466
1776001225,bftpd,nsfuzz,1,l_per,47.6
1776001225,bftpd,nsfuzz,1,l_abs,1072
1776001225,bftpd,nsfuzz,1,b_per,34.4
1776001225,bftpd,nsfuzz,1,b_abs,466
1776001228,bftpd,nsfuzz,1,l_per,47.6
1776001228,bftpd,nsfuzz,1,l_abs,1072
1776001228,bftpd,nsfuzz,1,b_per,34.4
1776001228,bftpd,nsfuzz,1,b_abs,466
1776001233,bftpd,nsfuzz,1,l_per,47.6
1776001233,bftpd,nsfuzz,1,l_abs,1072
1776001233,bftpd,nsfuzz,1,b_per,34.4
1776001233,bftpd,nsfuzz,1,b_abs,466
1776001234,bftpd,nsfuzz,1,l_per,47.6
1776001234,bftpd,nsfuzz,1,l_abs,1072
1776001234,bftpd,nsfuzz,1,b_per,34.4
1776001234,bftpd,nsfuzz,1,b_abs,466
1776001234,bftpd,nsfuzz,1,l_per,47.6
1776001234,bftpd,nsfuzz,1,l_abs,1072
1776001234,bftpd,nsfuzz,1,b_per,34.4
1776001234,bftpd,nsfuzz,1,b_abs,466
1776001239,bftpd,nsfuzz,1,l_per,47.7
1776001239,bftpd,nsfuzz,1,l_abs,1074
1776001239,bftpd,nsfuzz,1,b_per,34.5
1776001239,bftpd,nsfuzz,1,b_abs,467
1776001239,bftpd,nsfuzz,1,l_per,47.7
1776001239,bftpd,nsfuzz,1,l_abs,1074
1776001239,bftpd,nsfuzz,1,b_per,34.5
1776001239,bftpd,nsfuzz,1,b_abs,467
1776001239,bftpd,nsfuzz,1,l_per,47.7
1776001239,bftpd,nsfuzz,1,l_abs,1074
1776001239,bftpd,nsfuzz,1,b_per,34.5
1776001239,bftpd,nsfuzz,1,b_abs,467
1776001257,bftpd,nsfuzz,1,l_per,47.7
1776001257,bftpd,nsfuzz,1,l_abs,1074
1776001257,bftpd,nsfuzz,1,b_per,34.5
1776001257,bftpd,nsfuzz,1,b_abs,467
1776001261,bftpd,nsfuzz,1,l_per,47.7
1776001261,bftpd,nsfuzz,1,l_abs,1074
1776001261,bftpd,nsfuzz,1,b_per,34.5
1776001261,bftpd,nsfuzz,1,b_abs,467
1776001261,bftpd,nsfuzz,1,l_per,47.7
1776001261,bftpd,nsfuzz,1,l_abs,1074
1776001261,bftpd,nsfuzz,1,b_per,34.5
1776001261,bftpd,nsfuzz,1,b_abs,467
1776001262,bftpd,nsfuzz,1,l_per,47.7
1776001262,bftpd,nsfuzz,1,l_abs,1074
1776001262,bftpd,nsfuzz,1,b_per,34.5
1776001262,bftpd,nsfuzz,1,b_abs,467
1776001265,bftpd,nsfuzz,1,l_per,47.7
1776001265,bftpd,nsfuzz,1,l_abs,1074
1776001265,bftpd,nsfuzz,1,b_per,34.5
1776001265,bftpd,nsfuzz,1,b_abs,467
1776001268,bftpd,nsfuzz,1,l_per,47.7
1776001268,bftpd,nsfuzz,1,l_abs,1074
1776001268,bftpd,nsfuzz,1,b_per,34.5
1776001268,bftpd,nsfuzz,1,b_abs,467
1776001273,bftpd,nsfuzz,1,l_per,47.7
1776001273,bftpd,nsfuzz,1,l_abs,1074
1776001273,bftpd,nsfuzz,1,b_per,34.5
1776001273,bftpd,nsfuzz,1,b_abs,467
1776001276,bftpd,nsfuzz,1,l_per,47.7
1776001276,bftpd,nsfuzz,1,l_abs,1074
1776001276,bftpd,nsfuzz,1,b_per,34.5
1776001276,bftpd,nsfuzz,1,b_abs,467
1776001276,bftpd,nsfuzz,1,l_per,47.7
1776001276,bftpd,nsfuzz,1,l_abs,1074
1776001276,bftpd,nsfuzz,1,b_per,34.5
1776001276,bftpd,nsfuzz,1,b_abs,467
1776001280,bftpd,nsfuzz,1,l_per,47.7
1776001280,bftpd,nsfuzz,1,l_abs,1074
1776001280,bftpd,nsfuzz,1,b_per,34.5
1776001280,bftpd,nsfuzz,1,b_abs,467
1776001318,bftpd,nsfuzz,1,l_per,48.0
1776001318,bftpd,nsfuzz,1,l_abs,1081
1776001318,bftpd,nsfuzz,1,b_per,34.6
1776001318,bftpd,nsfuzz,1,b_abs,469
1776001319,bftpd,nsfuzz,1,l_per,48.0
1776001319,bftpd,nsfuzz,1,l_abs,1081
1776001319,bftpd,nsfuzz,1,b_per,34.6
1776001319,bftpd,nsfuzz,1,b_abs,469
1776001322,bftpd,nsfuzz,1,l_per,48.0
1776001322,bftpd,nsfuzz,1,l_abs,1081
1776001322,bftpd,nsfuzz,1,b_per,34.6
1776001322,bftpd,nsfuzz,1,b_abs,469
1776001323,bftpd,nsfuzz,1,l_per,48.0
1776001323,bftpd,nsfuzz,1,l_abs,1081
1776001323,bftpd,nsfuzz,1,b_per,34.6
1776001323,bftpd,nsfuzz,1,b_abs,469
1776001324,bftpd,nsfuzz,1,l_per,48.0
1776001324,bftpd,nsfuzz,1,l_abs,1081
1776001324,bftpd,nsfuzz,1,b_per,34.6
1776001324,bftpd,nsfuzz,1,b_abs,469
1776001330,bftpd,nsfuzz,1,l_per,48.0
1776001330,bftpd,nsfuzz,1,l_abs,1081
1776001330,bftpd,nsfuzz,1,b_per,34.6
1776001330,bftpd,nsfuzz,1,b_abs,469
1776001331,bftpd,nsfuzz,1,l_per,48.0
1776001331,bftpd,nsfuzz,1,l_abs,1081
1776001331,bftpd,nsfuzz,1,b_per,34.6
1776001331,bftpd,nsfuzz,1,b_abs,469
1776001334,bftpd,nsfuzz,1,l_per,48.0
1776001334,bftpd,nsfuzz,1,l_abs,1081
1776001334,bftpd,nsfuzz,1,b_per,34.6
1776001334,bftpd,nsfuzz,1,b_abs,469
1776001337,bftpd,nsfuzz,1,l_per,48.0
1776001337,bftpd,nsfuzz,1,l_abs,1081
1776001337,bftpd,nsfuzz,1,b_per,34.6
1776001337,bftpd,nsfuzz,1,b_abs,469
1776001343,bftpd,nsfuzz,1,l_per,48.0
1776001343,bftpd,nsfuzz,1,l_abs,1081
1776001343,bftpd,nsfuzz,1,b_per,34.6
1776001343,bftpd,nsfuzz,1,b_abs,469
1776001345,bftpd,nsfuzz,1,l_per,48.0
1776001345,bftpd,nsfuzz,1,l_abs,1081
1776001345,bftpd,nsfuzz,1,b_per,34.6
1776001345,bftpd,nsfuzz,1,b_abs,469
1776001346,bftpd,nsfuzz,1,l_per,48.0
1776001346,bftpd,nsfuzz,1,l_abs,1081
1776001346,bftpd,nsfuzz,1,b_per,34.6
1776001346,bftpd,nsfuzz,1,b_abs,469
1776001361,bftpd,nsfuzz,1,l_per,48.0
1776001361,bftpd,nsfuzz,1,l_abs,1081
1776001361,bftpd,nsfuzz,1,b_per,34.6
1776001361,bftpd,nsfuzz,1,b_abs,469
1776001362,bftpd,nsfuzz,1,l_per,48.0
1776001362,bftpd,nsfuzz,1,l_abs,1081
1776001362,bftpd,nsfuzz,1,b_per,34.6
1776001362,bftpd,nsfuzz,1,b_abs,469
1776001362,bftpd,nsfuzz,1,l_per,48.0
1776001362,bftpd,nsfuzz,1,l_abs,1081
1776001362,bftpd,nsfuzz,1,b_per,34.7
1776001362,bftpd,nsfuzz,1,b_abs,470
1776001364,bftpd,nsfuzz,1,l_per,48.0
1776001364,bftpd,nsfuzz,1,l_abs,1081
1776001364,bftpd,nsfuzz,1,b_per,34.7
1776001364,bftpd,nsfuzz,1,b_abs,470
1776001366,bftpd,nsfuzz,1,l_per,48.2
1776001366,bftpd,nsfuzz,1,l_abs,1084
1776001366,bftpd,nsfuzz,1,b_per,34.9
1776001366,bftpd,nsfuzz,1,b_abs,472
1776001368,bftpd,nsfuzz,1,l_per,48.2
1776001368,bftpd,nsfuzz,1,l_abs,1084
1776001368,bftpd,nsfuzz,1,b_per,34.9
1776001368,bftpd,nsfuzz,1,b_abs,472
1776001371,bftpd,nsfuzz,1,l_per,48.2
1776001371,bftpd,nsfuzz,1,l_abs,1084
1776001371,bftpd,nsfuzz,1,b_per,34.9
1776001371,bftpd,nsfuzz,1,b_abs,472
1776001373,bftpd,nsfuzz,1,l_per,48.2
1776001373,bftpd,nsfuzz,1,l_abs,1084
1776001373,bftpd,nsfuzz,1,b_per,34.9
1776001373,bftpd,nsfuzz,1,b_abs,472
1776001373,bftpd,nsfuzz,1,l_per,48.2
1776001373,bftpd,nsfuzz,1,l_abs,1084
1776001373,bftpd,nsfuzz,1,b_per,34.9
1776001373,bftpd,nsfuzz,1,b_abs,472
1776001373,bftpd,nsfuzz,1,l_per,48.2
1776001373,bftpd,nsfuzz,1,l_abs,1084
1776001373,bftpd,nsfuzz,1,b_per,34.9
1776001373,bftpd,nsfuzz,1,b_abs,472
1776001374,bftpd,nsfuzz,1,l_per,48.2
1776001374,bftpd,nsfuzz,1,l_abs,1084
1776001374,bftpd,nsfuzz,1,b_per,34.9
1776001374,bftpd,nsfuzz,1,b_abs,472
1776001384,bftpd,nsfuzz,1,l_per,48.2
1776001384,bftpd,nsfuzz,1,l_abs,1084
1776001384,bftpd,nsfuzz,1,b_per,34.9
1776001384,bftpd,nsfuzz,1,b_abs,472
1776001386,bftpd,nsfuzz,1,l_per,48.2
1776001386,bftpd,nsfuzz,1,l_abs,1084
1776001386,bftpd,nsfuzz,1,b_per,34.9
1776001386,bftpd,nsfuzz,1,b_abs,472
1776001390,bftpd,nsfuzz,1,l_per,48.2
1776001390,bftpd,nsfuzz,1,l_abs,1084
1776001390,bftpd,nsfuzz,1,b_per,34.9
1776001390,bftpd,nsfuzz,1,b_abs,472
1776001393,bftpd,nsfuzz,1,l_per,48.2
1776001393,bftpd,nsfuzz,1,l_abs,1084
1776001393,bftpd,nsfuzz,1,b_per,34.9
1776001393,bftpd,nsfuzz,1,b_abs,472
1776001394,bftpd,nsfuzz,1,l_per,48.2
1776001394,bftpd,nsfuzz,1,l_abs,1084
1776001394,bftpd,nsfuzz,1,b_per,34.9
1776001394,bftpd,nsfuzz,1,b_abs,472
1776001398,bftpd,nsfuzz,1,l_per,48.2
1776001398,bftpd,nsfuzz,1,l_abs,1084
1776001398,bftpd,nsfuzz,1,b_per,34.9
1776001398,bftpd,nsfuzz,1,b_abs,472
1776001398,bftpd,nsfuzz,1,l_per,48.2
1776001398,bftpd,nsfuzz,1,l_abs,1084
1776001398,bftpd,nsfuzz,1,b_per,34.9
1776001398,bftpd,nsfuzz,1,b_abs,472
1776001402,bftpd,nsfuzz,1,l_per,48.2
1776001402,bftpd,nsfuzz,1,l_abs,1084
1776001402,bftpd,nsfuzz,1,b_per,34.9
1776001402,bftpd,nsfuzz,1,b_abs,472
1776001412,bftpd,nsfuzz,1,l_per,48.2
1776001412,bftpd,nsfuzz,1,l_abs,1084
1776001412,bftpd,nsfuzz,1,b_per,34.9
1776001412,bftpd,nsfuzz,1,b_abs,472
1776001434,bftpd,nsfuzz,1,l_per,48.2
1776001434,bftpd,nsfuzz,1,l_abs,1084
1776001434,bftpd,nsfuzz,1,b_per,34.9
1776001434,bftpd,nsfuzz,1,b_abs,472
1776001443,bftpd,nsfuzz,1,l_per,48.2
1776001443,bftpd,nsfuzz,1,l_abs,1084
1776001443,bftpd,nsfuzz,1,b_per,34.9
1776001443,bftpd,nsfuzz,1,b_abs,472
1776001443,bftpd,nsfuzz,1,l_per,48.2
1776001443,bftpd,nsfuzz,1,l_abs,1084
1776001443,bftpd,nsfuzz,1,b_per,34.9
1776001443,bftpd,nsfuzz,1,b_abs,472
1776001444,bftpd,nsfuzz,1,l_per,48.2
1776001444,bftpd,nsfuzz,1,l_abs,1084
1776001444,bftpd,nsfuzz,1,b_per,34.9
1776001444,bftpd,nsfuzz,1,b_abs,472
1776001448,bftpd,nsfuzz,1,l_per,48.2
1776001448,bftpd,nsfuzz,1,l_abs,1084
1776001448,bftpd,nsfuzz,1,b_per,34.9
1776001448,bftpd,nsfuzz,1,b_abs,472
1776001451,bftpd,nsfuzz,1,l_per,48.2
1776001451,bftpd,nsfuzz,1,l_abs,1084
1776001451,bftpd,nsfuzz,1,b_per,34.9
1776001451,bftpd,nsfuzz,1,b_abs,472
1776001452,bftpd,nsfuzz,1,l_per,48.2
1776001452,bftpd,nsfuzz,1,l_abs,1084
1776001452,bftpd,nsfuzz,1,b_per,34.9
1776001452,bftpd,nsfuzz,1,b_abs,472
1776001453,bftpd,nsfuzz,1,l_per,48.2
1776001453,bftpd,nsfuzz,1,l_abs,1084
1776001453,bftpd,nsfuzz,1,b_per,34.9
1776001453,bftpd,nsfuzz,1,b_abs,472
1776001456,bftpd,nsfuzz,1,l_per,48.2
1776001456,bftpd,nsfuzz,1,l_abs,1084
1776001456,bftpd,nsfuzz,1,b_per,34.9
1776001456,bftpd,nsfuzz,1,b_abs,472
1776001462,bftpd,nsfuzz,1,l_per,48.2
1776001462,bftpd,nsfuzz,1,l_abs,1084
1776001462,bftpd,nsfuzz,1,b_per,34.9
1776001462,bftpd,nsfuzz,1,b_abs,472
1776001465,bftpd,nsfuzz,1,l_per,48.2
1776001465,bftpd,nsfuzz,1,l_abs,1084
1776001465,bftpd,nsfuzz,1,b_per,34.9
1776001465,bftpd,nsfuzz,1,b_abs,472
1776001474,bftpd,nsfuzz,1,l_per,48.2
1776001474,bftpd,nsfuzz,1,l_abs,1084
1776001474,bftpd,nsfuzz,1,b_per,34.9
1776001474,bftpd,nsfuzz,1,b_abs,472
1776001475,bftpd,nsfuzz,1,l_per,48.2
1776001475,bftpd,nsfuzz,1,l_abs,1084
1776001475,bftpd,nsfuzz,1,b_per,34.9
1776001475,bftpd,nsfuzz,1,b_abs,472
1776001476,bftpd,nsfuzz,1,l_per,48.2
1776001476,bftpd,nsfuzz,1,l_abs,1084
1776001476,bftpd,nsfuzz,1,b_per,34.9
1776001476,bftpd,nsfuzz,1,b_abs,472
1776001476,bftpd,nsfuzz,1,l_per,48.2
1776001476,bftpd,nsfuzz,1,l_abs,1084
1776001476,bftpd,nsfuzz,1,b_per,34.9
1776001476,bftpd,nsfuzz,1,b_abs,472
1776001477,bftpd,nsfuzz,1,l_per,48.2
1776001477,bftpd,nsfuzz,1,l_abs,1084
1776001477,bftpd,nsfuzz,1,b_per,34.9
1776001477,bftpd,nsfuzz,1,b_abs,472
1776001478,bftpd,nsfuzz,1,l_per,48.2
1776001478,bftpd,nsfuzz,1,l_abs,1084
1776001478,bftpd,nsfuzz,1,b_per,34.9
1776001478,bftpd,nsfuzz,1,b_abs,472
1776001479,bftpd,nsfuzz,1,l_per,48.2
1776001479,bftpd,nsfuzz,1,l_abs,1084
1776001479,bftpd,nsfuzz,1,b_per,34.9
1776001479,bftpd,nsfuzz,1,b_abs,472
1776001482,bftpd,nsfuzz,1,l_per,48.2
1776001482,bftpd,nsfuzz,1,l_abs,1084
1776001482,bftpd,nsfuzz,1,b_per,34.9
1776001482,bftpd,nsfuzz,1,b_abs,472
1776001483,bftpd,nsfuzz,1,l_per,48.2
1776001483,bftpd,nsfuzz,1,l_abs,1084
1776001483,bftpd,nsfuzz,1,b_per,34.9
1776001483,bftpd,nsfuzz,1,b_abs,472
1776001484,bftpd,nsfuzz,1,l_per,48.2
1776001484,bftpd,nsfuzz,1,l_abs,1084
1776001484,bftpd,nsfuzz,1,b_per,34.9
1776001484,bftpd,nsfuzz,1,b_abs,472
1776001484,bftpd,nsfuzz,1,l_per,48.2
1776001484,bftpd,nsfuzz,1,l_abs,1084
1776001484,bftpd,nsfuzz,1,b_per,34.9
1776001484,bftpd,nsfuzz,1,b_abs,472
1776001493,bftpd,nsfuzz,1,l_per,48.2
1776001493,bftpd,nsfuzz,1,l_abs,1084
1776001493,bftpd,nsfuzz,1,b_per,34.9
1776001493,bftpd,nsfuzz,1,b_abs,472
1776001496,bftpd,nsfuzz,1,l_per,48.2
1776001496,bftpd,nsfuzz,1,l_abs,1084
1776001496,bftpd,nsfuzz,1,b_per,34.9
1776001496,bftpd,nsfuzz,1,b_abs,472
1776001511,bftpd,nsfuzz,1,l_per,48.2
1776001511,bftpd,nsfuzz,1,l_abs,1084
1776001511,bftpd,nsfuzz,1,b_per,34.9
1776001511,bftpd,nsfuzz,1,b_abs,472
1776001526,bftpd,nsfuzz,1,l_per,48.2
1776001526,bftpd,nsfuzz,1,l_abs,1085
1776001526,bftpd,nsfuzz,1,b_per,34.9
1776001526,bftpd,nsfuzz,1,b_abs,473
1776001528,bftpd,nsfuzz,1,l_per,48.2
1776001528,bftpd,nsfuzz,1,l_abs,1085
1776001528,bftpd,nsfuzz,1,b_per,34.9
1776001528,bftpd,nsfuzz,1,b_abs,473
1776001532,bftpd,nsfuzz,1,l_per,48.2
1776001532,bftpd,nsfuzz,1,l_abs,1085
1776001532,bftpd,nsfuzz,1,b_per,34.9
1776001532,bftpd,nsfuzz,1,b_abs,473
1776001543,bftpd,nsfuzz,1,l_per,48.2
1776001543,bftpd,nsfuzz,1,l_abs,1085
1776001543,bftpd,nsfuzz,1,b_per,34.9
1776001543,bftpd,nsfuzz,1,b_abs,473
1776001556,bftpd,nsfuzz,1,l_per,48.2
1776001556,bftpd,nsfuzz,1,l_abs,1085
1776001556,bftpd,nsfuzz,1,b_per,34.9
1776001556,bftpd,nsfuzz,1,b_abs,473
1776001558,bftpd,nsfuzz,1,l_per,48.2
1776001558,bftpd,nsfuzz,1,l_abs,1085
1776001558,bftpd,nsfuzz,1,b_per,34.9
1776001558,bftpd,nsfuzz,1,b_abs,473
1776001559,bftpd,nsfuzz,1,l_per,48.2
1776001559,bftpd,nsfuzz,1,l_abs,1085
1776001559,bftpd,nsfuzz,1,b_per,34.9
1776001559,bftpd,nsfuzz,1,b_abs,473
1776001561,bftpd,nsfuzz,1,l_per,48.2
1776001561,bftpd,nsfuzz,1,l_abs,1085
1776001561,bftpd,nsfuzz,1,b_per,34.9
1776001561,bftpd,nsfuzz,1,b_abs,473
1776001564,bftpd,nsfuzz,1,l_per,48.2
1776001564,bftpd,nsfuzz,1,l_abs,1085
1776001564,bftpd,nsfuzz,1,b_per,34.9
1776001564,bftpd,nsfuzz,1,b_abs,473
1776001577,bftpd,nsfuzz,1,l_per,48.2
1776001577,bftpd,nsfuzz,1,l_abs,1085
1776001577,bftpd,nsfuzz,1,b_per,34.9
1776001577,bftpd,nsfuzz,1,b_abs,473
1776001578,bftpd,nsfuzz,1,l_per,48.2
1776001578,bftpd,nsfuzz,1,l_abs,1085
1776001578,bftpd,nsfuzz,1,b_per,34.9
1776001578,bftpd,nsfuzz,1,b_abs,473
1776001579,bftpd,nsfuzz,1,l_per,48.2
1776001579,bftpd,nsfuzz,1,l_abs,1085
1776001579,bftpd,nsfuzz,1,b_per,34.9
1776001579,bftpd,nsfuzz,1,b_abs,473
1776001601,bftpd,nsfuzz,1,l_per,48.2
1776001601,bftpd,nsfuzz,1,l_abs,1085
1776001601,bftpd,nsfuzz,1,b_per,34.9
1776001601,bftpd,nsfuzz,1,b_abs,473
1776001615,bftpd,nsfuzz,1,l_per,48.2
1776001615,bftpd,nsfuzz,1,l_abs,1085
1776001615,bftpd,nsfuzz,1,b_per,34.9
1776001615,bftpd,nsfuzz,1,b_abs,473
1776001636,bftpd,nsfuzz,1,l_per,48.2
1776001636,bftpd,nsfuzz,1,l_abs,1085
1776001636,bftpd,nsfuzz,1,b_per,34.9
1776001636,bftpd,nsfuzz,1,b_abs,473
1776001643,bftpd,nsfuzz,1,l_per,48.2
1776001643,bftpd,nsfuzz,1,l_abs,1085
1776001643,bftpd,nsfuzz,1,b_per,34.9
1776001643,bftpd,nsfuzz,1,b_abs,473
1776001645,bftpd,nsfuzz,1,l_per,48.2
1776001645,bftpd,nsfuzz,1,l_abs,1085
1776001645,bftpd,nsfuzz,1,b_per,34.9
1776001645,bftpd,nsfuzz,1,b_abs,473
1776001649,bftpd,nsfuzz,1,l_per,48.2
1776001649,bftpd,nsfuzz,1,l_abs,1085
1776001649,bftpd,nsfuzz,1,b_per,35.0
1776001649,bftpd,nsfuzz,1,b_abs,474
1776001660,bftpd,nsfuzz,1,l_per,48.4
1776001660,bftpd,nsfuzz,1,l_abs,1090
1776001660,bftpd,nsfuzz,1,b_per,35.5
1776001660,bftpd,nsfuzz,1,b_abs,480
1776001676,bftpd,nsfuzz,1,l_per,48.4
1776001676,bftpd,nsfuzz,1,l_abs,1090
1776001676,bftpd,nsfuzz,1,b_per,35.5
1776001676,bftpd,nsfuzz,1,b_abs,481
1776001691,bftpd,nsfuzz,1,l_per,48.4
1776001691,bftpd,nsfuzz,1,l_abs,1090
1776001691,bftpd,nsfuzz,1,b_per,35.5
1776001691,bftpd,nsfuzz,1,b_abs,481
1776001693,bftpd,nsfuzz,1,l_per,48.4
1776001693,bftpd,nsfuzz,1,l_abs,1090
1776001693,bftpd,nsfuzz,1,b_per,35.5
1776001693,bftpd,nsfuzz,1,b_abs,481
1776001699,bftpd,nsfuzz,1,l_per,48.4
1776001699,bftpd,nsfuzz,1,l_abs,1090
1776001699,bftpd,nsfuzz,1,b_per,35.5
1776001699,bftpd,nsfuzz,1,b_abs,481
1776001700,bftpd,nsfuzz,1,l_per,48.4
1776001700,bftpd,nsfuzz,1,l_abs,1090
1776001700,bftpd,nsfuzz,1,b_per,35.5
1776001700,bftpd,nsfuzz,1,b_abs,481
1776001709,bftpd,nsfuzz,1,l_per,48.4
1776001709,bftpd,nsfuzz,1,l_abs,1090
1776001709,bftpd,nsfuzz,1,b_per,35.5
1776001709,bftpd,nsfuzz,1,b_abs,481
1776001714,bftpd,nsfuzz,1,l_per,48.4
1776001714,bftpd,nsfuzz,1,l_abs,1090
1776001714,bftpd,nsfuzz,1,b_per,35.5
1776001714,bftpd,nsfuzz,1,b_abs,481
1776001717,bftpd,nsfuzz,1,l_per,48.4
1776001717,bftpd,nsfuzz,1,l_abs,1090
1776001717,bftpd,nsfuzz,1,b_per,35.5
1776001717,bftpd,nsfuzz,1,b_abs,481
1776001719,bftpd,nsfuzz,1,l_per,48.4
1776001719,bftpd,nsfuzz,1,l_abs,1090
1776001719,bftpd,nsfuzz,1,b_per,35.5
1776001719,bftpd,nsfuzz,1,b_abs,481
1776001738,bftpd,nsfuzz,1,l_per,48.4
1776001738,bftpd,nsfuzz,1,l_abs,1090
1776001738,bftpd,nsfuzz,1,b_per,35.5
1776001738,bftpd,nsfuzz,1,b_abs,481
1776001738,bftpd,nsfuzz,1,l_per,48.4
1776001738,bftpd,nsfuzz,1,l_abs,1090
1776001738,bftpd,nsfuzz,1,b_per,35.5
1776001738,bftpd,nsfuzz,1,b_abs,481
1776001744,bftpd,nsfuzz,1,l_per,48.4
1776001744,bftpd,nsfuzz,1,l_abs,1090
1776001744,bftpd,nsfuzz,1,b_per,35.5
1776001744,bftpd,nsfuzz,1,b_abs,481
1776001759,bftpd,nsfuzz,1,l_per,48.4
1776001759,bftpd,nsfuzz,1,l_abs,1090
1776001759,bftpd,nsfuzz,1,b_per,35.5
1776001759,bftpd,nsfuzz,1,b_abs,481
1776001765,bftpd,nsfuzz,1,l_per,48.4
1776001765,bftpd,nsfuzz,1,l_abs,1090
1776001765,bftpd,nsfuzz,1,b_per,35.5
1776001765,bftpd,nsfuzz,1,b_abs,481
1776001774,bftpd,nsfuzz,1,l_per,48.4
1776001774,bftpd,nsfuzz,1,l_abs,1090
1776001774,bftpd,nsfuzz,1,b_per,35.5
1776001774,bftpd,nsfuzz,1,b_abs,481
1776001778,bftpd,nsfuzz,1,l_per,48.4
1776001778,bftpd,nsfuzz,1,l_abs,1090
1776001778,bftpd,nsfuzz,1,b_per,35.5
1776001778,bftpd,nsfuzz,1,b_abs,481
1776001779,bftpd,nsfuzz,1,l_per,48.4
1776001779,bftpd,nsfuzz,1,l_abs,1090
1776001779,bftpd,nsfuzz,1,b_per,35.5
1776001779,bftpd,nsfuzz,1,b_abs,481
1776001785,bftpd,nsfuzz,1,l_per,48.4
1776001785,bftpd,nsfuzz,1,l_abs,1090
1776001785,bftpd,nsfuzz,1,b_per,35.5
1776001785,bftpd,nsfuzz,1,b_abs,481
1776001789,bftpd,nsfuzz,1,l_per,48.4
1776001789,bftpd,nsfuzz,1,l_abs,1090
1776001789,bftpd,nsfuzz,1,b_per,35.5
1776001789,bftpd,nsfuzz,1,b_abs,481
1776001789,bftpd,nsfuzz,1,l_per,48.4
1776001789,bftpd,nsfuzz,1,l_abs,1090
1776001789,bftpd,nsfuzz,1,b_per,35.5
1776001789,bftpd,nsfuzz,1,b_abs,481
1776001791,bftpd,nsfuzz,1,l_per,48.4
1776001791,bftpd,nsfuzz,1,l_abs,1090
1776001791,bftpd,nsfuzz,1,b_per,35.5
1776001791,bftpd,nsfuzz,1,b_abs,481
1776001806,bftpd,nsfuzz,1,l_per,48.4
1776001806,bftpd,nsfuzz,1,l_abs,1090
1776001806,bftpd,nsfuzz,1,b_per,35.5
1776001806,bftpd,nsfuzz,1,b_abs,481
1776001835,bftpd,nsfuzz,1,l_per,48.4
1776001835,bftpd,nsfuzz,1,l_abs,1090
1776001835,bftpd,nsfuzz,1,b_per,35.5
1776001835,bftpd,nsfuzz,1,b_abs,481
1776001871,bftpd,nsfuzz,1,l_per,48.4
1776001871,bftpd,nsfuzz,1,l_abs,1090
1776001871,bftpd,nsfuzz,1,b_per,35.5
1776001871,bftpd,nsfuzz,1,b_abs,481
1776001876,bftpd,nsfuzz,1,l_per,48.4
1776001876,bftpd,nsfuzz,1,l_abs,1090
1776001876,bftpd,nsfuzz,1,b_per,35.5
1776001876,bftpd,nsfuzz,1,b_abs,481
1776001876,bftpd,nsfuzz,1,l_per,48.4
1776001876,bftpd,nsfuzz,1,l_abs,1090
1776001876,bftpd,nsfuzz,1,b_per,35.5
1776001876,bftpd,nsfuzz,1,b_abs,481
1776001879,bftpd,nsfuzz,1,l_per,48.4
1776001879,bftpd,nsfuzz,1,l_abs,1090
1776001879,bftpd,nsfuzz,1,b_per,35.5
1776001879,bftpd,nsfuzz,1,b_abs,481
1776001880,bftpd,nsfuzz,1,l_per,48.4
1776001880,bftpd,nsfuzz,1,l_abs,1090
1776001880,bftpd,nsfuzz,1,b_per,35.5
1776001880,bftpd,nsfuzz,1,b_abs,481
1776001885,bftpd,nsfuzz,1,l_per,48.4
1776001885,bftpd,nsfuzz,1,l_abs,1090
1776001885,bftpd,nsfuzz,1,b_per,35.5
1776001885,bftpd,nsfuzz,1,b_abs,481
1776001887,bftpd,nsfuzz,1,l_per,48.4
1776001887,bftpd,nsfuzz,1,l_abs,1090
1776001887,bftpd,nsfuzz,1,b_per,35.5
1776001887,bftpd,nsfuzz,1,b_abs,481
1776001892,bftpd,nsfuzz,1,l_per,48.4
1776001892,bftpd,nsfuzz,1,l_abs,1090
1776001892,bftpd,nsfuzz,1,b_per,35.5
1776001892,bftpd,nsfuzz,1,b_abs,481
1776001939,bftpd,nsfuzz,1,l_per,48.4
1776001939,bftpd,nsfuzz,1,l_abs,1090
1776001939,bftpd,nsfuzz,1,b_per,35.5
1776001939,bftpd,nsfuzz,1,b_abs,481
1776001942,bftpd,nsfuzz,1,l_per,48.4
1776001942,bftpd,nsfuzz,1,l_abs,1090
1776001942,bftpd,nsfuzz,1,b_per,35.5
1776001942,bftpd,nsfuzz,1,b_abs,481
1776001948,bftpd,nsfuzz,1,l_per,48.4
1776001948,bftpd,nsfuzz,1,l_abs,1090
1776001948,bftpd,nsfuzz,1,b_per,35.5
1776001948,bftpd,nsfuzz,1,b_abs,481
1776002011,bftpd,nsfuzz,1,l_per,48.4
1776002011,bftpd,nsfuzz,1,l_abs,1090
1776002011,bftpd,nsfuzz,1,b_per,35.5
1776002011,bftpd,nsfuzz,1,b_abs,481
1776002038,bftpd,nsfuzz,1,l_per,48.4
1776002038,bftpd,nsfuzz,1,l_abs,1090
1776002038,bftpd,nsfuzz,1,b_per,35.5
1776002038,bftpd,nsfuzz,1,b_abs,481
1776002074,bftpd,nsfuzz,1,l_per,48.4
1776002074,bftpd,nsfuzz,1,l_abs,1090
1776002074,bftpd,nsfuzz,1,b_per,35.5
1776002074,bftpd,nsfuzz,1,b_abs,481
1776002077,bftpd,nsfuzz,1,l_per,48.4
1776002077,bftpd,nsfuzz,1,l_abs,1090
1776002077,bftpd,nsfuzz,1,b_per,35.5
1776002077,bftpd,nsfuzz,1,b_abs,481
1776002078,bftpd,nsfuzz,1,l_per,48.4
1776002078,bftpd,nsfuzz,1,l_abs,1090
1776002078,bftpd,nsfuzz,1,b_per,35.5
1776002078,bftpd,nsfuzz,1,b_abs,481
1776002125,bftpd,nsfuzz,1,l_per,48.4
1776002125,bftpd,nsfuzz,1,l_abs,1090
1776002125,bftpd,nsfuzz,1,b_per,35.5
1776002125,bftpd,nsfuzz,1,b_abs,481
1776002127,bftpd,nsfuzz,1,l_per,48.4
1776002127,bftpd,nsfuzz,1,l_abs,1090
1776002127,bftpd,nsfuzz,1,b_per,35.5
1776002127,bftpd,nsfuzz,1,b_abs,481
1776002128,bftpd,nsfuzz,1,l_per,48.4
1776002128,bftpd,nsfuzz,1,l_abs,1090
1776002128,bftpd,nsfuzz,1,b_per,35.5
1776002128,bftpd,nsfuzz,1,b_abs,481
1776002133,bftpd,nsfuzz,1,l_per,48.4
1776002133,bftpd,nsfuzz,1,l_abs,1090
1776002133,bftpd,nsfuzz,1,b_per,35.5
1776002133,bftpd,nsfuzz,1,b_abs,481
1776002138,bftpd,nsfuzz,1,l_per,48.4
1776002138,bftpd,nsfuzz,1,l_abs,1090
1776002138,bftpd,nsfuzz,1,b_per,35.5
1776002138,bftpd,nsfuzz,1,b_abs,481
1776002138,bftpd,nsfuzz,1,l_per,48.4
1776002138,bftpd,nsfuzz,1,l_abs,1090
1776002138,bftpd,nsfuzz,1,b_per,35.5
1776002138,bftpd,nsfuzz,1,b_abs,481
1776002139,bftpd,nsfuzz,1,l_per,48.5
1776002139,bftpd,nsfuzz,1,l_abs,1091
1776002139,bftpd,nsfuzz,1,b_per,35.6
1776002139,bftpd,nsfuzz,1,b_abs,482
1776002177,bftpd,nsfuzz,1,l_per,48.5
1776002177,bftpd,nsfuzz,1,l_abs,1091
1776002177,bftpd,nsfuzz,1,b_per,35.6
1776002177,bftpd,nsfuzz,1,b_abs,482
1776002181,bftpd,nsfuzz,1,l_per,48.5
1776002181,bftpd,nsfuzz,1,l_abs,1091
1776002181,bftpd,nsfuzz,1,b_per,35.6
1776002181,bftpd,nsfuzz,1,b_abs,482
1776002186,bftpd,nsfuzz,1,l_per,48.5
1776002186,bftpd,nsfuzz,1,l_abs,1091
1776002186,bftpd,nsfuzz,1,b_per,35.6
1776002186,bftpd,nsfuzz,1,b_abs,482
1776002187,bftpd,nsfuzz,1,l_per,48.5
1776002187,bftpd,nsfuzz,1,l_abs,1091
1776002187,bftpd,nsfuzz,1,b_per,35.6
1776002187,bftpd,nsfuzz,1,b_abs,482
1776002189,bftpd,nsfuzz,1,l_per,48.5
1776002189,bftpd,nsfuzz,1,l_abs,1091
1776002189,bftpd,nsfuzz,1,b_per,35.6
1776002189,bftpd,nsfuzz,1,b_abs,482
1776002207,bftpd,nsfuzz,1,l_per,48.5
1776002207,bftpd,nsfuzz,1,l_abs,1091
1776002207,bftpd,nsfuzz,1,b_per,35.6
1776002207,bftpd,nsfuzz,1,b_abs,482
1776002208,bftpd,nsfuzz,1,l_per,48.5
1776002208,bftpd,nsfuzz,1,l_abs,1091
1776002208,bftpd,nsfuzz,1,b_per,35.6
1776002208,bftpd,nsfuzz,1,b_abs,482
1776002263,bftpd,nsfuzz,1,l_per,48.5
1776002263,bftpd,nsfuzz,1,l_abs,1091
1776002263,bftpd,nsfuzz,1,b_per,35.6
1776002263,bftpd,nsfuzz,1,b_abs,482
1776002312,bftpd,nsfuzz,1,l_per,48.5
1776002312,bftpd,nsfuzz,1,l_abs,1091
1776002312,bftpd,nsfuzz,1,b_per,35.6
1776002312,bftpd,nsfuzz,1,b_abs,482
1776002662,bftpd,nsfuzz,1,l_per,48.5
1776002662,bftpd,nsfuzz,1,l_abs,1091
1776002662,bftpd,nsfuzz,1,b_per,35.6
1776002662,bftpd,nsfuzz,1,b_abs,482
1776002670,bftpd,nsfuzz,1,l_per,48.5
1776002670,bftpd,nsfuzz,1,l_abs,1091
1776002670,bftpd,nsfuzz,1,b_per,35.6
1776002670,bftpd,nsfuzz,1,b_abs,482
1776002684,bftpd,nsfuzz,1,l_per,48.5
1776002684,bftpd,nsfuzz,1,l_abs,1091
1776002684,bftpd,nsfuzz,1,b_per,35.6
1776002684,bftpd,nsfuzz,1,b_abs,482
1776002686,bftpd,nsfuzz,1,l_per,48.5
1776002686,bftpd,nsfuzz,1,l_abs,1091
1776002686,bftpd,nsfuzz,1,b_per,35.6
1776002686,bftpd,nsfuzz,1,b_abs,482
1776002687,bftpd,nsfuzz,1,l_per,48.5
1776002687,bftpd,nsfuzz,1,l_abs,1091
1776002687,bftpd,nsfuzz,1,b_per,35.6
1776002687,bftpd,nsfuzz,1,b_abs,482
1776002705,bftpd,nsfuzz,1,l_per,48.5
1776002705,bftpd,nsfuzz,1,l_abs,1091
1776002705,bftpd,nsfuzz,1,b_per,35.6
1776002705,bftpd,nsfuzz,1,b_abs,482
1776002795,bftpd,nsfuzz,1,l_per,48.5
1776002795,bftpd,nsfuzz,1,l_abs,1091
1776002795,bftpd,nsfuzz,1,b_per,35.6
1776002795,bftpd,nsfuzz,1,b_abs,482
1776002797,bftpd,nsfuzz,1,l_per,48.5
1776002797,bftpd,nsfuzz,1,l_abs,1091
1776002797,bftpd,nsfuzz,1,b_per,35.6
1776002797,bftpd,nsfuzz,1,b_abs,482
1776002862,bftpd,nsfuzz,1,l_per,48.5
1776002862,bftpd,nsfuzz,1,l_abs,1091
1776002862,bftpd,nsfuzz,1,b_per,35.6
1776002862,bftpd,nsfuzz,1,b_abs,482
1776003289,bftpd,nsfuzz,1,l_per,48.5
1776003289,bftpd,nsfuzz,1,l_abs,1091
1776003289,bftpd,nsfuzz,1,b_per,35.6
1776003289,bftpd,nsfuzz,1,b_abs,482
1776003655,bftpd,nsfuzz,1,l_per,48.5
1776003655,bftpd,nsfuzz,1,l_abs,1091
1776003655,bftpd,nsfuzz,1,b_per,35.6
1776003655,bftpd,nsfuzz,1,b_abs,482
1776003751,bftpd,nsfuzz,1,l_per,48.5
1776003751,bftpd,nsfuzz,1,l_abs,1091
1776003751,bftpd,nsfuzz,1,b_per,35.6
1776003751,bftpd,nsfuzz,1,b_abs,482
1776003989,bftpd,nsfuzz,1,l_per,48.5
1776003989,bftpd,nsfuzz,1,l_abs,1091
1776003989,bftpd,nsfuzz,1,b_per,35.6
1776003989,bftpd,nsfuzz,1,b_abs,482
1776003994,bftpd,nsfuzz,1,l_per,48.5
1776003994,bftpd,nsfuzz,1,l_abs,1091
1776003994,bftpd,nsfuzz,1,b_per,35.6
1776003994,bftpd,nsfuzz,1,b_abs,482
1776004100,bftpd,nsfuzz,1,l_per,48.5
1776004100,bftpd,nsfuzz,1,l_abs,1091
1776004100,bftpd,nsfuzz,1,b_per,35.6
1776004100,bftpd,nsfuzz,1,b_abs,482
1776004155,bftpd,nsfuzz,1,l_per,48.5
1776004155,bftpd,nsfuzz,1,l_abs,1091
1776004155,bftpd,nsfuzz,1,b_per,35.6
1776004155,bftpd,nsfuzz,1,b_abs,482
1776004607,bftpd,nsfuzz,1,l_per,48.5
1776004607,bftpd,nsfuzz,1,l_abs,1091
1776004607,bftpd,nsfuzz,1,b_per,35.6
1776004607,bftpd,nsfuzz,1,b_abs,482
1776004609,bftpd,nsfuzz,1,l_per,48.5
1776004609,bftpd,nsfuzz,1,l_abs,1091
1776004609,bftpd,nsfuzz,1,b_per,35.6
1776004609,bftpd,nsfuzz,1,b_abs,482
1776004610,bftpd,nsfuzz,1,l_per,48.5
1776004610,bftpd,nsfuzz,1,l_abs,1091
1776004610,bftpd,nsfuzz,1,b_per,35.6
1776004610,bftpd,nsfuzz,1,b_abs,482
1776004696,bftpd,nsfuzz,1,l_per,48.5
1776004696,bftpd,nsfuzz,1,l_abs,1091
1776004696,bftpd,nsfuzz,1,b_per,35.6
1776004696,bftpd,nsfuzz,1,b_abs,482
1776005017,bftpd,nsfuzz,1,l_per,48.5
1776005017,bftpd,nsfuzz,1,l_abs,1091
1776005017,bftpd,nsfuzz,1,b_per,35.6
1776005017,bftpd,nsfuzz,1,b_abs,482
1776005079,bftpd,nsfuzz,1,l_per,48.5
1776005079,bftpd,nsfuzz,1,l_abs,1091
1776005079,bftpd,nsfuzz,1,b_per,35.6
1776005079,bftpd,nsfuzz,1,b_abs,482
1776005091,bftpd,nsfuzz,1,l_per,48.5
1776005091,bftpd,nsfuzz,1,l_abs,1091
1776005091,bftpd,nsfuzz,1,b_per,35.6
1776005091,bftpd,nsfuzz,1,b_abs,482
1776005618,bftpd,nsfuzz,1,l_per,48.5
1776005618,bftpd,nsfuzz,1,l_abs,1091
1776005618,bftpd,nsfuzz,1,b_per,35.6
1776005618,bftpd,nsfuzz,1,b_abs,482
1776006234,bftpd,nsfuzz,1,l_per,48.5
1776006234,bftpd,nsfuzz,1,l_abs,1091
1776006234,bftpd,nsfuzz,1,b_per,35.6
1776006234,bftpd,nsfuzz,1,b_abs,482
1776006393,bftpd,nsfuzz,1,l_per,48.5
1776006393,bftpd,nsfuzz,1,l_abs,1091
1776006393,bftpd,nsfuzz,1,b_per,35.6
1776006393,bftpd,nsfuzz,1,b_abs,482
1776006489,bftpd,nsfuzz,1,l_per,48.5
1776006489,bftpd,nsfuzz,1,l_abs,1091
1776006489,bftpd,nsfuzz,1,b_per,35.6
1776006489,bftpd,nsfuzz,1,b_abs,482
1776006803,bftpd,nsfuzz,1,l_per,48.5
1776006803,bftpd,nsfuzz,1,l_abs,1091
1776006803,bftpd,nsfuzz,1,b_per,35.6
1776006803,bftpd,nsfuzz,1,b_abs,482
1776008141,bftpd,nsfuzz,1,l_per,48.5
1776008141,bftpd,nsfuzz,1,l_abs,1091
1776008141,bftpd,nsfuzz,1,b_per,35.6
1776008141,bftpd,nsfuzz,1,b_abs,482
1776008202,bftpd,nsfuzz,1,l_per,48.5
1776008202,bftpd,nsfuzz,1,l_abs,1091
1776008202,bftpd,nsfuzz,1,b_per,35.6
1776008202,bftpd,nsfuzz,1,b_abs,482
1776008223,bftpd,nsfuzz,1,l_per,48.5
1776008223,bftpd,nsfuzz,1,l_abs,1091
1776008223,bftpd,nsfuzz,1,b_per,35.6
1776008223,bftpd,nsfuzz,1,b_abs,482
1776008365,bftpd,nsfuzz,1,l_per,48.5
1776008365,bftpd,nsfuzz,1,l_abs,1091
1776008365,bftpd,nsfuzz,1,b_per,35.6
1776008365,bftpd,nsfuzz,1,b_abs,482
1776008647,bftpd,nsfuzz,1,l_per,48.5
1776008647,bftpd,nsfuzz,1,l_abs,1091
1776008647,bftpd,nsfuzz,1,b_per,35.6
1776008647,bftpd,nsfuzz,1,b_abs,482
1776011532,bftpd,nsfuzz,1,l_per,48.5
1776011532,bftpd,nsfuzz,1,l_abs,1091
1776011532,bftpd,nsfuzz,1,b_per,35.6
1776011532,bftpd,nsfuzz,1,b_abs,482
1776013435,bftpd,nsfuzz,1,l_per,48.5
1776013435,bftpd,nsfuzz,1,l_abs,1091
1776013435,bftpd,nsfuzz,1,b_per,35.6
1776013435,bftpd,nsfuzz,1,b_abs,482
1776014899,bftpd,nsfuzz,1,l_per,48.5
1776014899,bftpd,nsfuzz,1,l_abs,1091
1776014899,bftpd,nsfuzz,1,b_per,35.6
1776014899,bftpd,nsfuzz,1,b_abs,482
1776014906,bftpd,nsfuzz,1,l_per,48.5
1776014906,bftpd,nsfuzz,1,l_abs,1091
1776014906,bftpd,nsfuzz,1,b_per,35.6
1776014906,bftpd,nsfuzz,1,b_abs,482
1776015085,bftpd,nsfuzz,1,l_per,48.5
1776015085,bftpd,nsfuzz,1,l_abs,1091
1776015085,bftpd,nsfuzz,1,b_per,35.6
1776015085,bftpd,nsfuzz,1,b_abs,482
1776015122,bftpd,nsfuzz,1,l_per,48.5
1776015122,bftpd,nsfuzz,1,l_abs,1091
1776015122,bftpd,nsfuzz,1,b_per,35.6
1776015122,bftpd,nsfuzz,1,b_abs,482
1776015459,bftpd,nsfuzz,1,l_per,48.5
1776015459,bftpd,nsfuzz,1,l_abs,1091
1776015459,bftpd,nsfuzz,1,b_per,35.6
1776015459,bftpd,nsfuzz,1,b_abs,482
1776016638,bftpd,nsfuzz,1,l_per,48.5
1776016638,bftpd,nsfuzz,1,l_abs,1091
1776016638,bftpd,nsfuzz,1,b_per,35.6
1776016638,bftpd,nsfuzz,1,b_abs,482
1776016639,bftpd,nsfuzz,1,l_per,48.5
1776016639,bftpd,nsfuzz,1,l_abs,1091
1776016639,bftpd,nsfuzz,1,b_per,35.6
1776016639,bftpd,nsfuzz,1,b_abs,482
1776016641,bftpd,nsfuzz,1,l_per,48.5
1776016641,bftpd,nsfuzz,1,l_abs,1091
1776016641,bftpd,nsfuzz,1,b_per,35.6
1776016641,bftpd,nsfuzz,1,b_abs,482
1776016704,bftpd,nsfuzz,1,l_per,48.5
1776016704,bftpd,nsfuzz,1,l_abs,1091
1776016704,bftpd,nsfuzz,1,b_per,35.6
1776016704,bftpd,nsfuzz,1,b_abs,482
1776017203,bftpd,nsfuzz,1,l_per,48.5
1776017203,bftpd,nsfuzz,1,l_abs,1091
1776017203,bftpd,nsfuzz,1,b_per,35.6
1776017203,bftpd,nsfuzz,1,b_abs,482
1776017205,bftpd,nsfuzz,1,l_per,48.5
1776017205,bftpd,nsfuzz,1,l_abs,1091
1776017205,bftpd,nsfuzz,1,b_per,35.6
1776017205,bftpd,nsfuzz,1,b_abs,482
1776017437,bftpd,nsfuzz,1,l_per,48.5
1776017437,bftpd,nsfuzz,1,l_abs,1091
1776017437,bftpd,nsfuzz,1,b_per,35.6
1776017437,bftpd,nsfuzz,1,b_abs,482
1776018905,bftpd,nsfuzz,1,l_per,48.5
1776018905,bftpd,nsfuzz,1,l_abs,1091
1776018905,bftpd,nsfuzz,1,b_per,35.6
1776018905,bftpd,nsfuzz,1,b_abs,482
1776024530,bftpd,nsfuzz,1,l_per,48.5
1776024530,bftpd,nsfuzz,1,l_abs,1091
1776024530,bftpd,nsfuzz,1,b_per,35.6
1776024530,bftpd,nsfuzz,1,b_abs,482
1776040320,bftpd,nsfuzz,1,l_per,48.5
1776040320,bftpd,nsfuzz,1,l_abs,1091
1776040320,bftpd,nsfuzz,1,b_per,35.6
1776040320,bftpd,nsfuzz,1,b_abs,482
1776052394,bftpd,nsfuzz,1,l_per,48.5
1776052394,bftpd,nsfuzz,1,l_abs,1091
1776052394,bftpd,nsfuzz,1,b_per,35.6
1776052394,bftpd,nsfuzz,1,b_abs,482
1776001086,bftpd,nsfuzz,2,l_per,28.9
1776001086,bftpd,nsfuzz,2,l_abs,647
1776001086,bftpd,nsfuzz,2,b_per,18.5
1776001086,bftpd,nsfuzz,2,b_abs,251
1776001086,bftpd,nsfuzz,2,l_per,29.6
1776001086,bftpd,nsfuzz,2,l_abs,663
1776001086,bftpd,nsfuzz,2,b_per,19.1
1776001086,bftpd,nsfuzz,2,b_abs,258
1776001086,bftpd,nsfuzz,2,l_per,30.3
1776001086,bftpd,nsfuzz,2,l_abs,680
1776001086,bftpd,nsfuzz,2,b_per,19.4
1776001086,bftpd,nsfuzz,2,b_abs,263
1776001086,bftpd,nsfuzz,2,l_per,30.3
1776001086,bftpd,nsfuzz,2,l_abs,680
1776001086,bftpd,nsfuzz,2,b_per,19.4
1776001086,bftpd,nsfuzz,2,b_abs,263
1776001086,bftpd,nsfuzz,2,l_per,33.2
1776001086,bftpd,nsfuzz,2,l_abs,744
1776001086,bftpd,nsfuzz,2,b_per,20.8
1776001086,bftpd,nsfuzz,2,b_abs,281
1776001086,bftpd,nsfuzz,2,l_per,33.2
1776001086,bftpd,nsfuzz,2,l_abs,745
1776001086,bftpd,nsfuzz,2,b_per,20.9
1776001086,bftpd,nsfuzz,2,b_abs,283
1776001086,bftpd,nsfuzz,2,l_per,33.2
1776001086,bftpd,nsfuzz,2,l_abs,745
1776001086,bftpd,nsfuzz,2,b_per,20.9
1776001086,bftpd,nsfuzz,2,b_abs,283
1776001086,bftpd,nsfuzz,2,l_per,33.2
1776001086,bftpd,nsfuzz,2,l_abs,745
1776001086,bftpd,nsfuzz,2,b_per,20.9
1776001086,bftpd,nsfuzz,2,b_abs,283
1776001086,bftpd,nsfuzz,2,l_per,33.3
1776001086,bftpd,nsfuzz,2,l_abs,748
1776001086,bftpd,nsfuzz,2,b_per,20.9
1776001086,bftpd,nsfuzz,2,b_abs,283
1776001086,bftpd,nsfuzz,2,l_per,34.4
1776001086,bftpd,nsfuzz,2,l_abs,772
1776001086,bftpd,nsfuzz,2,b_per,21.6
1776001086,bftpd,nsfuzz,2,b_abs,292
1776001086,bftpd,nsfuzz,2,l_per,34.5
1776001086,bftpd,nsfuzz,2,l_abs,774
1776001086,bftpd,nsfuzz,2,b_per,21.6
1776001086,bftpd,nsfuzz,2,b_abs,293
1776001086,bftpd,nsfuzz,2,l_per,38.8
1776001086,bftpd,nsfuzz,2,l_abs,871
1776001086,bftpd,nsfuzz,2,b_per,25.3
1776001086,bftpd,nsfuzz,2,b_abs,343
1776001086,bftpd,nsfuzz,2,l_per,39.4
1776001086,bftpd,nsfuzz,2,l_abs,885
1776001086,bftpd,nsfuzz,2,b_per,25.7
1776001086,bftpd,nsfuzz,2,b_abs,348
1776001086,bftpd,nsfuzz,2,l_per,39.4
1776001086,bftpd,nsfuzz,2,l_abs,885
1776001086,bftpd,nsfuzz,2,b_per,25.7
1776001086,bftpd,nsfuzz,2,b_abs,348
1776001086,bftpd,nsfuzz,2,l_per,39.5
1776001086,bftpd,nsfuzz,2,l_abs,886
1776001086,bftpd,nsfuzz,2,b_per,25.8
1776001086,bftpd,nsfuzz,2,b_abs,349
1776001086,bftpd,nsfuzz,2,l_per,39.5
1776001086,bftpd,nsfuzz,2,l_abs,886
1776001086,bftpd,nsfuzz,2,b_per,25.8
1776001086,bftpd,nsfuzz,2,b_abs,349
1776001086,bftpd,nsfuzz,2,l_per,39.5
1776001086,bftpd,nsfuzz,2,l_abs,886
1776001086,bftpd,nsfuzz,2,b_per,25.8
1776001086,bftpd,nsfuzz,2,b_abs,349
1776001086,bftpd,nsfuzz,2,l_per,39.7
1776001086,bftpd,nsfuzz,2,l_abs,892
1776001086,bftpd,nsfuzz,2,b_per,26.0
1776001086,bftpd,nsfuzz,2,b_abs,352
1776001086,bftpd,nsfuzz,2,l_per,39.7
1776001086,bftpd,nsfuzz,2,l_abs,892
1776001086,bftpd,nsfuzz,2,b_per,26.0
1776001086,bftpd,nsfuzz,2,b_abs,352
1776001086,bftpd,nsfuzz,2,l_per,39.7
1776001086,bftpd,nsfuzz,2,l_abs,892
1776001086,bftpd,nsfuzz,2,b_per,26.0
1776001086,bftpd,nsfuzz,2,b_abs,352
1776001086,bftpd,nsfuzz,2,l_per,39.7
1776001086,bftpd,nsfuzz,2,l_abs,892
1776001086,bftpd,nsfuzz,2,b_per,26.0
1776001086,bftpd,nsfuzz,2,b_abs,352
1776001086,bftpd,nsfuzz,2,l_per,39.7
1776001086,bftpd,nsfuzz,2,l_abs,892
1776001086,bftpd,nsfuzz,2,b_per,26.0
1776001086,bftpd,nsfuzz,2,b_abs,352
1776001086,bftpd,nsfuzz,2,l_per,39.7
1776001086,bftpd,nsfuzz,2,l_abs,892
1776001086,bftpd,nsfuzz,2,b_per,26.0
1776001086,bftpd,nsfuzz,2,b_abs,352
1776001086,bftpd,nsfuzz,2,l_per,39.7
1776001086,bftpd,nsfuzz,2,l_abs,892
1776001086,bftpd,nsfuzz,2,b_per,26.0
1776001086,bftpd,nsfuzz,2,b_abs,352
1776001086,bftpd,nsfuzz,2,l_per,39.7
1776001086,bftpd,nsfuzz,2,l_abs,892
1776001086,bftpd,nsfuzz,2,b_per,26.0
1776001086,bftpd,nsfuzz,2,b_abs,352
1776001086,bftpd,nsfuzz,2,l_per,39.7
1776001086,bftpd,nsfuzz,2,l_abs,892
1776001086,bftpd,nsfuzz,2,b_per,26.0
1776001086,bftpd,nsfuzz,2,b_abs,352
1776001090,bftpd,nsfuzz,2,l_per,39.9
1776001090,bftpd,nsfuzz,2,l_abs,895
1776001090,bftpd,nsfuzz,2,b_per,26.5
1776001090,bftpd,nsfuzz,2,b_abs,359
1776001090,bftpd,nsfuzz,2,l_per,39.9
1776001090,bftpd,nsfuzz,2,l_abs,895
1776001090,bftpd,nsfuzz,2,b_per,26.5
1776001090,bftpd,nsfuzz,2,b_abs,359
1776001090,bftpd,nsfuzz,2,l_per,40.1
1776001090,bftpd,nsfuzz,2,l_abs,900
1776001090,bftpd,nsfuzz,2,b_per,26.7
1776001090,bftpd,nsfuzz,2,b_abs,362
1776001090,bftpd,nsfuzz,2,l_per,40.1
1776001090,bftpd,nsfuzz,2,l_abs,900
1776001090,bftpd,nsfuzz,2,b_per,26.7
1776001090,bftpd,nsfuzz,2,b_abs,362
1776001090,bftpd,nsfuzz,2,l_per,40.1
1776001090,bftpd,nsfuzz,2,l_abs,900
1776001090,bftpd,nsfuzz,2,b_per,26.7
1776001090,bftpd,nsfuzz,2,b_abs,362
1776001090,bftpd,nsfuzz,2,l_per,40.1
1776001090,bftpd,nsfuzz,2,l_abs,901
1776001090,bftpd,nsfuzz,2,b_per,26.8
1776001090,bftpd,nsfuzz,2,b_abs,363
1776001090,bftpd,nsfuzz,2,l_per,40.1
1776001090,bftpd,nsfuzz,2,l_abs,901
1776001090,bftpd,nsfuzz,2,b_per,26.8
1776001090,bftpd,nsfuzz,2,b_abs,363
1776001090,bftpd,nsfuzz,2,l_per,40.1
1776001090,bftpd,nsfuzz,2,l_abs,901
1776001090,bftpd,nsfuzz,2,b_per,26.8
1776001090,bftpd,nsfuzz,2,b_abs,363
1776001090,bftpd,nsfuzz,2,l_per,40.1
1776001090,bftpd,nsfuzz,2,l_abs,901
1776001090,bftpd,nsfuzz,2,b_per,26.8
1776001090,bftpd,nsfuzz,2,b_abs,363
1776001090,bftpd,nsfuzz,2,l_per,40.1
1776001090,bftpd,nsfuzz,2,l_abs,901
1776001090,bftpd,nsfuzz,2,b_per,26.8
1776001090,bftpd,nsfuzz,2,b_abs,363
1776001090,bftpd,nsfuzz,2,l_per,40.1
1776001090,bftpd,nsfuzz,2,l_abs,901
1776001090,bftpd,nsfuzz,2,b_per,26.8
1776001090,bftpd,nsfuzz,2,b_abs,363
1776001090,bftpd,nsfuzz,2,l_per,40.1
1776001090,bftpd,nsfuzz,2,l_abs,901
1776001090,bftpd,nsfuzz,2,b_per,26.8
1776001090,bftpd,nsfuzz,2,b_abs,363
1776001091,bftpd,nsfuzz,2,l_per,40.1
1776001091,bftpd,nsfuzz,2,l_abs,901
1776001091,bftpd,nsfuzz,2,b_per,26.8
1776001091,bftpd,nsfuzz,2,b_abs,363
1776001091,bftpd,nsfuzz,2,l_per,40.1
1776001091,bftpd,nsfuzz,2,l_abs,901
1776001091,bftpd,nsfuzz,2,b_per,26.8
1776001091,bftpd,nsfuzz,2,b_abs,363
1776001091,bftpd,nsfuzz,2,l_per,40.1
1776001091,bftpd,nsfuzz,2,l_abs,901
1776001091,bftpd,nsfuzz,2,b_per,26.8
1776001091,bftpd,nsfuzz,2,b_abs,363
1776001091,bftpd,nsfuzz,2,l_per,40.2
1776001091,bftpd,nsfuzz,2,l_abs,903
1776001091,bftpd,nsfuzz,2,b_per,26.9
1776001091,bftpd,nsfuzz,2,b_abs,364
1776001091,bftpd,nsfuzz,2,l_per,40.2
1776001091,bftpd,nsfuzz,2,l_abs,903
1776001091,bftpd,nsfuzz,2,b_per,26.9
1776001091,bftpd,nsfuzz,2,b_abs,364
1776001091,bftpd,nsfuzz,2,l_per,40.2
1776001091,bftpd,nsfuzz,2,l_abs,903
1776001091,bftpd,nsfuzz,2,b_per,26.9
1776001091,bftpd,nsfuzz,2,b_abs,364
1776001091,bftpd,nsfuzz,2,l_per,40.2
1776001091,bftpd,nsfuzz,2,l_abs,903
1776001091,bftpd,nsfuzz,2,b_per,26.9
1776001091,bftpd,nsfuzz,2,b_abs,364
1776001091,bftpd,nsfuzz,2,l_per,40.2
1776001091,bftpd,nsfuzz,2,l_abs,903
1776001091,bftpd,nsfuzz,2,b_per,26.9
1776001091,bftpd,nsfuzz,2,b_abs,364
1776001091,bftpd,nsfuzz,2,l_per,40.2
1776001091,bftpd,nsfuzz,2,l_abs,903
1776001091,bftpd,nsfuzz,2,b_per,26.9
1776001091,bftpd,nsfuzz,2,b_abs,364
1776001091,bftpd,nsfuzz,2,l_per,40.2
1776001091,bftpd,nsfuzz,2,l_abs,903
1776001091,bftpd,nsfuzz,2,b_per,26.9
1776001091,bftpd,nsfuzz,2,b_abs,364
1776001091,bftpd,nsfuzz,2,l_per,40.2
1776001091,bftpd,nsfuzz,2,l_abs,903
1776001091,bftpd,nsfuzz,2,b_per,26.9
1776001091,bftpd,nsfuzz,2,b_abs,364
1776001091,bftpd,nsfuzz,2,l_per,40.2
1776001091,bftpd,nsfuzz,2,l_abs,903
1776001091,bftpd,nsfuzz,2,b_per,26.9
1776001091,bftpd,nsfuzz,2,b_abs,364
1776001091,bftpd,nsfuzz,2,l_per,40.2
1776001091,bftpd,nsfuzz,2,l_abs,903
1776001091,bftpd,nsfuzz,2,b_per,26.9
1776001091,bftpd,nsfuzz,2,b_abs,364
1776001092,bftpd,nsfuzz,2,l_per,40.2
1776001092,bftpd,nsfuzz,2,l_abs,903
1776001092,bftpd,nsfuzz,2,b_per,26.9
1776001092,bftpd,nsfuzz,2,b_abs,364
1776001092,bftpd,nsfuzz,2,l_per,40.3
1776001092,bftpd,nsfuzz,2,l_abs,905
1776001092,bftpd,nsfuzz,2,b_per,27.0
1776001092,bftpd,nsfuzz,2,b_abs,365
1776001093,bftpd,nsfuzz,2,l_per,40.3
1776001093,bftpd,nsfuzz,2,l_abs,905
1776001093,bftpd,nsfuzz,2,b_per,27.0
1776001093,bftpd,nsfuzz,2,b_abs,365
1776001093,bftpd,nsfuzz,2,l_per,40.3
1776001093,bftpd,nsfuzz,2,l_abs,905
1776001093,bftpd,nsfuzz,2,b_per,27.0
1776001093,bftpd,nsfuzz,2,b_abs,365
1776001093,bftpd,nsfuzz,2,l_per,40.8
1776001093,bftpd,nsfuzz,2,l_abs,917
1776001093,bftpd,nsfuzz,2,b_per,27.2
1776001093,bftpd,nsfuzz,2,b_abs,368
1776001093,bftpd,nsfuzz,2,l_per,40.9
1776001093,bftpd,nsfuzz,2,l_abs,919
1776001093,bftpd,nsfuzz,2,b_per,27.3
1776001093,bftpd,nsfuzz,2,b_abs,370
1776001093,bftpd,nsfuzz,2,l_per,40.9
1776001093,bftpd,nsfuzz,2,l_abs,919
1776001093,bftpd,nsfuzz,2,b_per,27.3
1776001093,bftpd,nsfuzz,2,b_abs,370
1776001093,bftpd,nsfuzz,2,l_per,41.0
1776001093,bftpd,nsfuzz,2,l_abs,921
1776001093,bftpd,nsfuzz,2,b_per,27.4
1776001093,bftpd,nsfuzz,2,b_abs,371
1776001093,bftpd,nsfuzz,2,l_per,41.0
1776001093,bftpd,nsfuzz,2,l_abs,921
1776001093,bftpd,nsfuzz,2,b_per,27.4
1776001093,bftpd,nsfuzz,2,b_abs,371
1776001093,bftpd,nsfuzz,2,l_per,41.0
1776001093,bftpd,nsfuzz,2,l_abs,921
1776001093,bftpd,nsfuzz,2,b_per,27.4
1776001093,bftpd,nsfuzz,2,b_abs,371
1776001093,bftpd,nsfuzz,2,l_per,41.0
1776001093,bftpd,nsfuzz,2,l_abs,921
1776001093,bftpd,nsfuzz,2,b_per,27.4
1776001093,bftpd,nsfuzz,2,b_abs,371
1776001093,bftpd,nsfuzz,2,l_per,41.0
1776001093,bftpd,nsfuzz,2,l_abs,921
1776001093,bftpd,nsfuzz,2,b_per,27.4
1776001093,bftpd,nsfuzz,2,b_abs,371
1776001094,bftpd,nsfuzz,2,l_per,41.0
1776001094,bftpd,nsfuzz,2,l_abs,921
1776001094,bftpd,nsfuzz,2,b_per,27.4
1776001094,bftpd,nsfuzz,2,b_abs,371
1776001094,bftpd,nsfuzz,2,l_per,41.0
1776001094,bftpd,nsfuzz,2,l_abs,921
1776001094,bftpd,nsfuzz,2,b_per,27.4
1776001094,bftpd,nsfuzz,2,b_abs,371
1776001094,bftpd,nsfuzz,2,l_per,41.0
1776001094,bftpd,nsfuzz,2,l_abs,921
1776001094,bftpd,nsfuzz,2,b_per,27.4
1776001094,bftpd,nsfuzz,2,b_abs,371
1776001094,bftpd,nsfuzz,2,l_per,41.0
1776001094,bftpd,nsfuzz,2,l_abs,921
1776001094,bftpd,nsfuzz,2,b_per,27.4
1776001094,bftpd,nsfuzz,2,b_abs,371
1776001094,bftpd,nsfuzz,2,l_per,41.0
1776001094,bftpd,nsfuzz,2,l_abs,921
1776001094,bftpd,nsfuzz,2,b_per,27.4
1776001094,bftpd,nsfuzz,2,b_abs,371
1776001095,bftpd,nsfuzz,2,l_per,41.0
1776001095,bftpd,nsfuzz,2,l_abs,921
1776001095,bftpd,nsfuzz,2,b_per,27.4
1776001095,bftpd,nsfuzz,2,b_abs,371
1776001095,bftpd,nsfuzz,2,l_per,41.0
1776001095,bftpd,nsfuzz,2,l_abs,921
1776001095,bftpd,nsfuzz,2,b_per,27.4
1776001095,bftpd,nsfuzz,2,b_abs,371
1776001095,bftpd,nsfuzz,2,l_per,41.0
1776001095,bftpd,nsfuzz,2,l_abs,921
1776001095,bftpd,nsfuzz,2,b_per,27.4
1776001095,bftpd,nsfuzz,2,b_abs,371
1776001095,bftpd,nsfuzz,2,l_per,41.0
1776001095,bftpd,nsfuzz,2,l_abs,921
1776001095,bftpd,nsfuzz,2,b_per,27.4
1776001095,bftpd,nsfuzz,2,b_abs,371
1776001095,bftpd,nsfuzz,2,l_per,41.0
1776001095,bftpd,nsfuzz,2,l_abs,921
1776001095,bftpd,nsfuzz,2,b_per,27.4
1776001095,bftpd,nsfuzz,2,b_abs,371
1776001095,bftpd,nsfuzz,2,l_per,41.0
1776001095,bftpd,nsfuzz,2,l_abs,921
1776001095,bftpd,nsfuzz,2,b_per,27.4
1776001095,bftpd,nsfuzz,2,b_abs,371
1776001095,bftpd,nsfuzz,2,l_per,41.0
1776001095,bftpd,nsfuzz,2,l_abs,921
1776001095,bftpd,nsfuzz,2,b_per,27.4
1776001095,bftpd,nsfuzz,2,b_abs,371
1776001096,bftpd,nsfuzz,2,l_per,41.1
1776001096,bftpd,nsfuzz,2,l_abs,923
1776001096,bftpd,nsfuzz,2,b_per,27.5
1776001096,bftpd,nsfuzz,2,b_abs,372
1776001096,bftpd,nsfuzz,2,l_per,41.1
1776001096,bftpd,nsfuzz,2,l_abs,923
1776001096,bftpd,nsfuzz,2,b_per,27.5
1776001096,bftpd,nsfuzz,2,b_abs,372
1776001096,bftpd,nsfuzz,2,l_per,41.1
1776001096,bftpd,nsfuzz,2,l_abs,923
1776001096,bftpd,nsfuzz,2,b_per,27.5
1776001096,bftpd,nsfuzz,2,b_abs,372
1776001097,bftpd,nsfuzz,2,l_per,41.1
1776001097,bftpd,nsfuzz,2,l_abs,923
1776001097,bftpd,nsfuzz,2,b_per,27.5
1776001097,bftpd,nsfuzz,2,b_abs,372
1776001097,bftpd,nsfuzz,2,l_per,41.5
1776001097,bftpd,nsfuzz,2,l_abs,931
1776001097,bftpd,nsfuzz,2,b_per,27.7
1776001097,bftpd,nsfuzz,2,b_abs,375
1776001097,bftpd,nsfuzz,2,l_per,41.5
1776001097,bftpd,nsfuzz,2,l_abs,931
1776001097,bftpd,nsfuzz,2,b_per,27.7
1776001097,bftpd,nsfuzz,2,b_abs,375
1776001097,bftpd,nsfuzz,2,l_per,41.5
1776001097,bftpd,nsfuzz,2,l_abs,931
1776001097,bftpd,nsfuzz,2,b_per,27.7
1776001097,bftpd,nsfuzz,2,b_abs,375
1776001097,bftpd,nsfuzz,2,l_per,41.9
1776001097,bftpd,nsfuzz,2,l_abs,941
1776001097,bftpd,nsfuzz,2,b_per,28.1
1776001097,bftpd,nsfuzz,2,b_abs,380
1776001097,bftpd,nsfuzz,2,l_per,41.9
1776001097,bftpd,nsfuzz,2,l_abs,941
1776001097,bftpd,nsfuzz,2,b_per,28.1
1776001097,bftpd,nsfuzz,2,b_abs,380
1776001098,bftpd,nsfuzz,2,l_per,41.9
1776001098,bftpd,nsfuzz,2,l_abs,941
1776001098,bftpd,nsfuzz,2,b_per,28.1
1776001098,bftpd,nsfuzz,2,b_abs,380
1776001098,bftpd,nsfuzz,2,l_per,41.9
1776001098,bftpd,nsfuzz,2,l_abs,941
1776001098,bftpd,nsfuzz,2,b_per,28.1
1776001098,bftpd,nsfuzz,2,b_abs,380
1776001098,bftpd,nsfuzz,2,l_per,41.9
1776001098,bftpd,nsfuzz,2,l_abs,941
1776001098,bftpd,nsfuzz,2,b_per,28.1
1776001098,bftpd,nsfuzz,2,b_abs,380
1776001098,bftpd,nsfuzz,2,l_per,41.9
1776001098,bftpd,nsfuzz,2,l_abs,941
1776001098,bftpd,nsfuzz,2,b_per,28.1
1776001098,bftpd,nsfuzz,2,b_abs,380
1776001098,bftpd,nsfuzz,2,l_per,41.9
1776001098,bftpd,nsfuzz,2,l_abs,941
1776001098,bftpd,nsfuzz,2,b_per,28.1
1776001098,bftpd,nsfuzz,2,b_abs,380
1776001098,bftpd,nsfuzz,2,l_per,41.9
1776001098,bftpd,nsfuzz,2,l_abs,941
1776001098,bftpd,nsfuzz,2,b_per,28.1
1776001098,bftpd,nsfuzz,2,b_abs,380
1776001099,bftpd,nsfuzz,2,l_per,41.9
1776001099,bftpd,nsfuzz,2,l_abs,941
1776001099,bftpd,nsfuzz,2,b_per,28.1
1776001099,bftpd,nsfuzz,2,b_abs,380
1776001099,bftpd,nsfuzz,2,l_per,41.9
1776001099,bftpd,nsfuzz,2,l_abs,941
1776001099,bftpd,nsfuzz,2,b_per,28.1
1776001099,bftpd,nsfuzz,2,b_abs,380
1776001099,bftpd,nsfuzz,2,l_per,41.9
1776001099,bftpd,nsfuzz,2,l_abs,941
1776001099,bftpd,nsfuzz,2,b_per,28.1
1776001099,bftpd,nsfuzz,2,b_abs,380
1776001099,bftpd,nsfuzz,2,l_per,41.9
1776001099,bftpd,nsfuzz,2,l_abs,941
1776001099,bftpd,nsfuzz,2,b_per,28.1
1776001099,bftpd,nsfuzz,2,b_abs,380
1776001099,bftpd,nsfuzz,2,l_per,42.3
1776001099,bftpd,nsfuzz,2,l_abs,951
1776001099,bftpd,nsfuzz,2,b_per,28.2
1776001099,bftpd,nsfuzz,2,b_abs,382
1776001099,bftpd,nsfuzz,2,l_per,42.3
1776001099,bftpd,nsfuzz,2,l_abs,951
1776001099,bftpd,nsfuzz,2,b_per,28.2
1776001099,bftpd,nsfuzz,2,b_abs,382
1776001099,bftpd,nsfuzz,2,l_per,42.3
1776001099,bftpd,nsfuzz,2,l_abs,951
1776001099,bftpd,nsfuzz,2,b_per,28.2
1776001099,bftpd,nsfuzz,2,b_abs,382
1776001099,bftpd,nsfuzz,2,l_per,42.3
1776001099,bftpd,nsfuzz,2,l_abs,951
1776001099,bftpd,nsfuzz,2,b_per,28.2
1776001099,bftpd,nsfuzz,2,b_abs,382
1776001099,bftpd,nsfuzz,2,l_per,42.8
1776001099,bftpd,nsfuzz,2,l_abs,963
1776001099,bftpd,nsfuzz,2,b_per,28.8
1776001099,bftpd,nsfuzz,2,b_abs,390
1776001099,bftpd,nsfuzz,2,l_per,42.8
1776001099,bftpd,nsfuzz,2,l_abs,963
1776001099,bftpd,nsfuzz,2,b_per,28.8
1776001099,bftpd,nsfuzz,2,b_abs,390
1776001100,bftpd,nsfuzz,2,l_per,42.8
1776001100,bftpd,nsfuzz,2,l_abs,963
1776001100,bftpd,nsfuzz,2,b_per,28.8
1776001100,bftpd,nsfuzz,2,b_abs,390
1776001100,bftpd,nsfuzz,2,l_per,42.8
1776001100,bftpd,nsfuzz,2,l_abs,963
1776001100,bftpd,nsfuzz,2,b_per,28.8
1776001100,bftpd,nsfuzz,2,b_abs,390
1776001100,bftpd,nsfuzz,2,l_per,42.9
1776001100,bftpd,nsfuzz,2,l_abs,965
1776001100,bftpd,nsfuzz,2,b_per,29.1
1776001100,bftpd,nsfuzz,2,b_abs,394
1776001100,bftpd,nsfuzz,2,l_per,42.9
1776001100,bftpd,nsfuzz,2,l_abs,965
1776001100,bftpd,nsfuzz,2,b_per,29.1
1776001100,bftpd,nsfuzz,2,b_abs,394
1776001100,bftpd,nsfuzz,2,l_per,42.9
1776001100,bftpd,nsfuzz,2,l_abs,965
1776001100,bftpd,nsfuzz,2,b_per,29.1
1776001100,bftpd,nsfuzz,2,b_abs,394
1776001100,bftpd,nsfuzz,2,l_per,43.1
1776001100,bftpd,nsfuzz,2,l_abs,968
1776001100,bftpd,nsfuzz,2,b_per,29.2
1776001100,bftpd,nsfuzz,2,b_abs,396
1776001100,bftpd,nsfuzz,2,l_per,43.1
1776001100,bftpd,nsfuzz,2,l_abs,968
1776001100,bftpd,nsfuzz,2,b_per,29.2
1776001100,bftpd,nsfuzz,2,b_abs,396
1776001100,bftpd,nsfuzz,2,l_per,43.4
1776001100,bftpd,nsfuzz,2,l_abs,975
1776001100,bftpd,nsfuzz,2,b_per,29.5
1776001100,bftpd,nsfuzz,2,b_abs,399
1776001101,bftpd,nsfuzz,2,l_per,43.5
1776001101,bftpd,nsfuzz,2,l_abs,979
1776001101,bftpd,nsfuzz,2,b_per,29.5
1776001101,bftpd,nsfuzz,2,b_abs,399
1776001101,bftpd,nsfuzz,2,l_per,44.0
1776001101,bftpd,nsfuzz,2,l_abs,989
1776001101,bftpd,nsfuzz,2,b_per,29.8
1776001101,bftpd,nsfuzz,2,b_abs,403
1776001101,bftpd,nsfuzz,2,l_per,44.4
1776001101,bftpd,nsfuzz,2,l_abs,998
1776001101,bftpd,nsfuzz,2,b_per,30.0
1776001101,bftpd,nsfuzz,2,b_abs,406
1776001101,bftpd,nsfuzz,2,l_per,44.4
1776001101,bftpd,nsfuzz,2,l_abs,998
1776001101,bftpd,nsfuzz,2,b_per,30.0
1776001101,bftpd,nsfuzz,2,b_abs,406
1776001101,bftpd,nsfuzz,2,l_per,44.5
1776001101,bftpd,nsfuzz,2,l_abs,1000
1776001101,bftpd,nsfuzz,2,b_per,30.1
1776001101,bftpd,nsfuzz,2,b_abs,407
1776001101,bftpd,nsfuzz,2,l_per,44.5
1776001101,bftpd,nsfuzz,2,l_abs,1000
1776001101,bftpd,nsfuzz,2,b_per,30.1
1776001101,bftpd,nsfuzz,2,b_abs,407
1776001102,bftpd,nsfuzz,2,l_per,44.5
1776001102,bftpd,nsfuzz,2,l_abs,1000
1776001102,bftpd,nsfuzz,2,b_per,30.1
1776001102,bftpd,nsfuzz,2,b_abs,407
1776001102,bftpd,nsfuzz,2,l_per,44.5
1776001102,bftpd,nsfuzz,2,l_abs,1000
1776001102,bftpd,nsfuzz,2,b_per,30.1
1776001102,bftpd,nsfuzz,2,b_abs,407
1776001102,bftpd,nsfuzz,2,l_per,44.8
1776001102,bftpd,nsfuzz,2,l_abs,1007
1776001102,bftpd,nsfuzz,2,b_per,30.6
1776001102,bftpd,nsfuzz,2,b_abs,414
1776001102,bftpd,nsfuzz,2,l_per,44.8
1776001102,bftpd,nsfuzz,2,l_abs,1007
1776001102,bftpd,nsfuzz,2,b_per,30.6
1776001102,bftpd,nsfuzz,2,b_abs,414
1776001103,bftpd,nsfuzz,2,l_per,44.8
1776001103,bftpd,nsfuzz,2,l_abs,1007
1776001103,bftpd,nsfuzz,2,b_per,30.6
1776001103,bftpd,nsfuzz,2,b_abs,414
1776001103,bftpd,nsfuzz,2,l_per,44.8
1776001103,bftpd,nsfuzz,2,l_abs,1007
1776001103,bftpd,nsfuzz,2,b_per,30.6
1776001103,bftpd,nsfuzz,2,b_abs,414
1776001103,bftpd,nsfuzz,2,l_per,44.9
1776001103,bftpd,nsfuzz,2,l_abs,1009
1776001103,bftpd,nsfuzz,2,b_per,30.6
1776001103,bftpd,nsfuzz,2,b_abs,415
1776001103,bftpd,nsfuzz,2,l_per,44.9
1776001103,bftpd,nsfuzz,2,l_abs,1009
1776001103,bftpd,nsfuzz,2,b_per,30.6
1776001103,bftpd,nsfuzz,2,b_abs,415
1776001103,bftpd,nsfuzz,2,l_per,44.9
1776001103,bftpd,nsfuzz,2,l_abs,1009
1776001103,bftpd,nsfuzz,2,b_per,30.6
1776001103,bftpd,nsfuzz,2,b_abs,415
1776001104,bftpd,nsfuzz,2,l_per,45.0
1776001104,bftpd,nsfuzz,2,l_abs,1011
1776001104,bftpd,nsfuzz,2,b_per,30.7
1776001104,bftpd,nsfuzz,2,b_abs,416
1776001104,bftpd,nsfuzz,2,l_per,45.0
1776001104,bftpd,nsfuzz,2,l_abs,1012
1776001104,bftpd,nsfuzz,2,b_per,30.8
1776001104,bftpd,nsfuzz,2,b_abs,417
1776001104,bftpd,nsfuzz,2,l_per,45.0
1776001104,bftpd,nsfuzz,2,l_abs,1012
1776001104,bftpd,nsfuzz,2,b_per,30.8
1776001104,bftpd,nsfuzz,2,b_abs,417
1776001105,bftpd,nsfuzz,2,l_per,45.0
1776001105,bftpd,nsfuzz,2,l_abs,1012
1776001105,bftpd,nsfuzz,2,b_per,30.8
1776001105,bftpd,nsfuzz,2,b_abs,417
1776001105,bftpd,nsfuzz,2,l_per,45.4
1776001105,bftpd,nsfuzz,2,l_abs,1020
1776001105,bftpd,nsfuzz,2,b_per,31.3
1776001105,bftpd,nsfuzz,2,b_abs,424
1776001105,bftpd,nsfuzz,2,l_per,45.4
1776001105,bftpd,nsfuzz,2,l_abs,1020
1776001105,bftpd,nsfuzz,2,b_per,31.3
1776001105,bftpd,nsfuzz,2,b_abs,424
1776001105,bftpd,nsfuzz,2,l_per,45.4
1776001105,bftpd,nsfuzz,2,l_abs,1020
1776001105,bftpd,nsfuzz,2,b_per,31.3
1776001105,bftpd,nsfuzz,2,b_abs,424
1776001105,bftpd,nsfuzz,2,l_per,45.4
1776001105,bftpd,nsfuzz,2,l_abs,1020
1776001105,bftpd,nsfuzz,2,b_per,31.3
1776001105,bftpd,nsfuzz,2,b_abs,424
1776001106,bftpd,nsfuzz,2,l_per,45.4
1776001106,bftpd,nsfuzz,2,l_abs,1020
1776001106,bftpd,nsfuzz,2,b_per,31.3
1776001106,bftpd,nsfuzz,2,b_abs,424
1776001106,bftpd,nsfuzz,2,l_per,45.4
1776001106,bftpd,nsfuzz,2,l_abs,1020
1776001106,bftpd,nsfuzz,2,b_per,31.3
1776001106,bftpd,nsfuzz,2,b_abs,424
1776001106,bftpd,nsfuzz,2,l_per,45.4
1776001106,bftpd,nsfuzz,2,l_abs,1020
1776001106,bftpd,nsfuzz,2,b_per,31.3
1776001106,bftpd,nsfuzz,2,b_abs,424
1776001107,bftpd,nsfuzz,2,l_per,45.4
1776001107,bftpd,nsfuzz,2,l_abs,1020
1776001107,bftpd,nsfuzz,2,b_per,31.3
1776001107,bftpd,nsfuzz,2,b_abs,424
1776001107,bftpd,nsfuzz,2,l_per,45.4
1776001107,bftpd,nsfuzz,2,l_abs,1020
1776001107,bftpd,nsfuzz,2,b_per,31.3
1776001107,bftpd,nsfuzz,2,b_abs,424
1776001107,bftpd,nsfuzz,2,l_per,45.4
1776001107,bftpd,nsfuzz,2,l_abs,1020
1776001107,bftpd,nsfuzz,2,b_per,31.3
1776001107,bftpd,nsfuzz,2,b_abs,424
1776001107,bftpd,nsfuzz,2,l_per,45.4
1776001107,bftpd,nsfuzz,2,l_abs,1020
1776001107,bftpd,nsfuzz,2,b_per,31.3
1776001107,bftpd,nsfuzz,2,b_abs,424
1776001107,bftpd,nsfuzz,2,l_per,45.4
1776001107,bftpd,nsfuzz,2,l_abs,1020
1776001107,bftpd,nsfuzz,2,b_per,31.3
1776001107,bftpd,nsfuzz,2,b_abs,424
1776001108,bftpd,nsfuzz,2,l_per,45.4
1776001108,bftpd,nsfuzz,2,l_abs,1020
1776001108,bftpd,nsfuzz,2,b_per,31.3
1776001108,bftpd,nsfuzz,2,b_abs,424
1776001108,bftpd,nsfuzz,2,l_per,45.4
1776001108,bftpd,nsfuzz,2,l_abs,1020
1776001108,bftpd,nsfuzz,2,b_per,31.3
1776001108,bftpd,nsfuzz,2,b_abs,424
1776001109,bftpd,nsfuzz,2,l_per,45.4
1776001109,bftpd,nsfuzz,2,l_abs,1020
1776001109,bftpd,nsfuzz,2,b_per,31.3
1776001109,bftpd,nsfuzz,2,b_abs,424
1776001110,bftpd,nsfuzz,2,l_per,45.4
1776001110,bftpd,nsfuzz,2,l_abs,1020
1776001110,bftpd,nsfuzz,2,b_per,31.3
1776001110,bftpd,nsfuzz,2,b_abs,424
1776001110,bftpd,nsfuzz,2,l_per,45.4
1776001110,bftpd,nsfuzz,2,l_abs,1020
1776001110,bftpd,nsfuzz,2,b_per,31.3
1776001110,bftpd,nsfuzz,2,b_abs,424
1776001110,bftpd,nsfuzz,2,l_per,45.4
1776001110,bftpd,nsfuzz,2,l_abs,1021
1776001110,bftpd,nsfuzz,2,b_per,31.4
1776001110,bftpd,nsfuzz,2,b_abs,425
1776001111,bftpd,nsfuzz,2,l_per,45.4
1776001111,bftpd,nsfuzz,2,l_abs,1022
1776001111,bftpd,nsfuzz,2,b_per,31.5
1776001111,bftpd,nsfuzz,2,b_abs,426
1776001111,bftpd,nsfuzz,2,l_per,45.4
1776001111,bftpd,nsfuzz,2,l_abs,1022
1776001111,bftpd,nsfuzz,2,b_per,31.5
1776001111,bftpd,nsfuzz,2,b_abs,426
1776001111,bftpd,nsfuzz,2,l_per,45.4
1776001111,bftpd,nsfuzz,2,l_abs,1022
1776001111,bftpd,nsfuzz,2,b_per,31.5
1776001111,bftpd,nsfuzz,2,b_abs,426
1776001111,bftpd,nsfuzz,2,l_per,45.4
1776001111,bftpd,nsfuzz,2,l_abs,1022
1776001111,bftpd,nsfuzz,2,b_per,31.5
1776001111,bftpd,nsfuzz,2,b_abs,426
1776001112,bftpd,nsfuzz,2,l_per,45.4
1776001112,bftpd,nsfuzz,2,l_abs,1022
1776001112,bftpd,nsfuzz,2,b_per,31.5
1776001112,bftpd,nsfuzz,2,b_abs,426
1776001112,bftpd,nsfuzz,2,l_per,45.4
1776001112,bftpd,nsfuzz,2,l_abs,1022
1776001112,bftpd,nsfuzz,2,b_per,31.5
1776001112,bftpd,nsfuzz,2,b_abs,426
1776001112,bftpd,nsfuzz,2,l_per,45.4
1776001112,bftpd,nsfuzz,2,l_abs,1022
1776001112,bftpd,nsfuzz,2,b_per,31.5
1776001112,bftpd,nsfuzz,2,b_abs,426
1776001112,bftpd,nsfuzz,2,l_per,45.4
1776001112,bftpd,nsfuzz,2,l_abs,1022
1776001112,bftpd,nsfuzz,2,b_per,31.5
1776001112,bftpd,nsfuzz,2,b_abs,426
1776001113,bftpd,nsfuzz,2,l_per,45.4
1776001113,bftpd,nsfuzz,2,l_abs,1022
1776001113,bftpd,nsfuzz,2,b_per,31.5
1776001113,bftpd,nsfuzz,2,b_abs,426
1776001113,bftpd,nsfuzz,2,l_per,45.6
1776001113,bftpd,nsfuzz,2,l_abs,1026
1776001113,bftpd,nsfuzz,2,b_per,31.8
1776001113,bftpd,nsfuzz,2,b_abs,430
1776001114,bftpd,nsfuzz,2,l_per,45.6
1776001114,bftpd,nsfuzz,2,l_abs,1026
1776001114,bftpd,nsfuzz,2,b_per,31.8
1776001114,bftpd,nsfuzz,2,b_abs,430
1776001114,bftpd,nsfuzz,2,l_per,45.6
1776001114,bftpd,nsfuzz,2,l_abs,1026
1776001114,bftpd,nsfuzz,2,b_per,31.8
1776001114,bftpd,nsfuzz,2,b_abs,430
1776001114,bftpd,nsfuzz,2,l_per,45.6
1776001114,bftpd,nsfuzz,2,l_abs,1026
1776001114,bftpd,nsfuzz,2,b_per,31.8
1776001114,bftpd,nsfuzz,2,b_abs,430
1776001115,bftpd,nsfuzz,2,l_per,45.6
1776001115,bftpd,nsfuzz,2,l_abs,1026
1776001115,bftpd,nsfuzz,2,b_per,31.8
1776001115,bftpd,nsfuzz,2,b_abs,430
1776001115,bftpd,nsfuzz,2,l_per,45.6
1776001115,bftpd,nsfuzz,2,l_abs,1026
1776001115,bftpd,nsfuzz,2,b_per,31.8
1776001115,bftpd,nsfuzz,2,b_abs,430
1776001115,bftpd,nsfuzz,2,l_per,45.7
1776001115,bftpd,nsfuzz,2,l_abs,1027
1776001115,bftpd,nsfuzz,2,b_per,31.8
1776001115,bftpd,nsfuzz,2,b_abs,431
1776001116,bftpd,nsfuzz,2,l_per,45.8
1776001116,bftpd,nsfuzz,2,l_abs,1030
1776001116,bftpd,nsfuzz,2,b_per,31.8
1776001116,bftpd,nsfuzz,2,b_abs,431
1776001116,bftpd,nsfuzz,2,l_per,45.8
1776001116,bftpd,nsfuzz,2,l_abs,1031
1776001116,bftpd,nsfuzz,2,b_per,32.0
1776001116,bftpd,nsfuzz,2,b_abs,433
1776001116,bftpd,nsfuzz,2,l_per,45.8
1776001116,bftpd,nsfuzz,2,l_abs,1031
1776001116,bftpd,nsfuzz,2,b_per,32.0
1776001116,bftpd,nsfuzz,2,b_abs,433
1776001116,bftpd,nsfuzz,2,l_per,45.8
1776001116,bftpd,nsfuzz,2,l_abs,1031
1776001116,bftpd,nsfuzz,2,b_per,32.0
1776001116,bftpd,nsfuzz,2,b_abs,433
1776001117,bftpd,nsfuzz,2,l_per,45.8
1776001117,bftpd,nsfuzz,2,l_abs,1031
1776001117,bftpd,nsfuzz,2,b_per,32.0
1776001117,bftpd,nsfuzz,2,b_abs,433
1776001118,bftpd,nsfuzz,2,l_per,45.9
1776001118,bftpd,nsfuzz,2,l_abs,1033
1776001118,bftpd,nsfuzz,2,b_per,32.1
1776001118,bftpd,nsfuzz,2,b_abs,434
1776001118,bftpd,nsfuzz,2,l_per,45.9
1776001118,bftpd,nsfuzz,2,l_abs,1033
1776001118,bftpd,nsfuzz,2,b_per,32.1
1776001118,bftpd,nsfuzz,2,b_abs,434
1776001118,bftpd,nsfuzz,2,l_per,45.9
1776001118,bftpd,nsfuzz,2,l_abs,1033
1776001118,bftpd,nsfuzz,2,b_per,32.1
1776001118,bftpd,nsfuzz,2,b_abs,434
1776001118,bftpd,nsfuzz,2,l_per,45.9
1776001118,bftpd,nsfuzz,2,l_abs,1033
1776001118,bftpd,nsfuzz,2,b_per,32.1
1776001118,bftpd,nsfuzz,2,b_abs,434
1776001119,bftpd,nsfuzz,2,l_per,45.9
1776001119,bftpd,nsfuzz,2,l_abs,1033
1776001119,bftpd,nsfuzz,2,b_per,32.1
1776001119,bftpd,nsfuzz,2,b_abs,434
1776001119,bftpd,nsfuzz,2,l_per,45.9
1776001119,bftpd,nsfuzz,2,l_abs,1033
1776001119,bftpd,nsfuzz,2,b_per,32.1
1776001119,bftpd,nsfuzz,2,b_abs,434
1776001119,bftpd,nsfuzz,2,l_per,45.9
1776001119,bftpd,nsfuzz,2,l_abs,1033
1776001119,bftpd,nsfuzz,2,b_per,32.1
1776001119,bftpd,nsfuzz,2,b_abs,434
1776001120,bftpd,nsfuzz,2,l_per,45.9
1776001120,bftpd,nsfuzz,2,l_abs,1033
1776001120,bftpd,nsfuzz,2,b_per,32.1
1776001120,bftpd,nsfuzz,2,b_abs,434
1776001120,bftpd,nsfuzz,2,l_per,45.9
1776001120,bftpd,nsfuzz,2,l_abs,1033
1776001120,bftpd,nsfuzz,2,b_per,32.1
1776001120,bftpd,nsfuzz,2,b_abs,434
1776001121,bftpd,nsfuzz,2,l_per,45.9
1776001121,bftpd,nsfuzz,2,l_abs,1033
1776001121,bftpd,nsfuzz,2,b_per,32.1
1776001121,bftpd,nsfuzz,2,b_abs,434
1776001121,bftpd,nsfuzz,2,l_per,45.9
1776001121,bftpd,nsfuzz,2,l_abs,1033
1776001121,bftpd,nsfuzz,2,b_per,32.1
1776001121,bftpd,nsfuzz,2,b_abs,434
1776001122,bftpd,nsfuzz,2,l_per,45.9
1776001122,bftpd,nsfuzz,2,l_abs,1033
1776001122,bftpd,nsfuzz,2,b_per,32.1
1776001122,bftpd,nsfuzz,2,b_abs,434
1776001122,bftpd,nsfuzz,2,l_per,45.9
1776001122,bftpd,nsfuzz,2,l_abs,1033
1776001122,bftpd,nsfuzz,2,b_per,32.1
1776001122,bftpd,nsfuzz,2,b_abs,434
1776001122,bftpd,nsfuzz,2,l_per,46.2
1776001122,bftpd,nsfuzz,2,l_abs,1039
1776001122,bftpd,nsfuzz,2,b_per,32.2
1776001122,bftpd,nsfuzz,2,b_abs,436
1776001122,bftpd,nsfuzz,2,l_per,46.2
1776001122,bftpd,nsfuzz,2,l_abs,1039
1776001122,bftpd,nsfuzz,2,b_per,32.2
1776001122,bftpd,nsfuzz,2,b_abs,436
1776001123,bftpd,nsfuzz,2,l_per,46.2
1776001123,bftpd,nsfuzz,2,l_abs,1039
1776001123,bftpd,nsfuzz,2,b_per,32.2
1776001123,bftpd,nsfuzz,2,b_abs,436
1776001123,bftpd,nsfuzz,2,l_per,46.2
1776001123,bftpd,nsfuzz,2,l_abs,1039
1776001123,bftpd,nsfuzz,2,b_per,32.2
1776001123,bftpd,nsfuzz,2,b_abs,436
1776001123,bftpd,nsfuzz,2,l_per,46.2
1776001123,bftpd,nsfuzz,2,l_abs,1039
1776001123,bftpd,nsfuzz,2,b_per,32.2
1776001123,bftpd,nsfuzz,2,b_abs,436
1776001123,bftpd,nsfuzz,2,l_per,46.2
1776001123,bftpd,nsfuzz,2,l_abs,1039
1776001123,bftpd,nsfuzz,2,b_per,32.2
1776001123,bftpd,nsfuzz,2,b_abs,436
1776001126,bftpd,nsfuzz,2,l_per,46.2
1776001126,bftpd,nsfuzz,2,l_abs,1039
1776001126,bftpd,nsfuzz,2,b_per,32.2
1776001126,bftpd,nsfuzz,2,b_abs,436
1776001126,bftpd,nsfuzz,2,l_per,46.2
1776001126,bftpd,nsfuzz,2,l_abs,1039
1776001126,bftpd,nsfuzz,2,b_per,32.2
1776001126,bftpd,nsfuzz,2,b_abs,436
1776001126,bftpd,nsfuzz,2,l_per,46.2
1776001126,bftpd,nsfuzz,2,l_abs,1039
1776001126,bftpd,nsfuzz,2,b_per,32.3
1776001126,bftpd,nsfuzz,2,b_abs,437
1776001127,bftpd,nsfuzz,2,l_per,46.2
1776001127,bftpd,nsfuzz,2,l_abs,1040
1776001127,bftpd,nsfuzz,2,b_per,32.3
1776001127,bftpd,nsfuzz,2,b_abs,438
1776001127,bftpd,nsfuzz,2,l_per,46.2
1776001127,bftpd,nsfuzz,2,l_abs,1040
1776001127,bftpd,nsfuzz,2,b_per,32.3
1776001127,bftpd,nsfuzz,2,b_abs,438
1776001127,bftpd,nsfuzz,2,l_per,46.2
1776001127,bftpd,nsfuzz,2,l_abs,1040
1776001127,bftpd,nsfuzz,2,b_per,32.4
1776001127,bftpd,nsfuzz,2,b_abs,439
1776001128,bftpd,nsfuzz,2,l_per,46.2
1776001128,bftpd,nsfuzz,2,l_abs,1040
1776001128,bftpd,nsfuzz,2,b_per,32.4
1776001128,bftpd,nsfuzz,2,b_abs,439
1776001128,bftpd,nsfuzz,2,l_per,46.2
1776001128,bftpd,nsfuzz,2,l_abs,1040
1776001128,bftpd,nsfuzz,2,b_per,32.4
1776001128,bftpd,nsfuzz,2,b_abs,439
1776001128,bftpd,nsfuzz,2,l_per,46.2
1776001128,bftpd,nsfuzz,2,l_abs,1040
1776001128,bftpd,nsfuzz,2,b_per,32.5
1776001128,bftpd,nsfuzz,2,b_abs,440
1776001128,bftpd,nsfuzz,2,l_per,46.2
1776001128,bftpd,nsfuzz,2,l_abs,1040
1776001128,bftpd,nsfuzz,2,b_per,32.5
1776001128,bftpd,nsfuzz,2,b_abs,440
1776001128,bftpd,nsfuzz,2,l_per,46.2
1776001128,bftpd,nsfuzz,2,l_abs,1040
1776001128,bftpd,nsfuzz,2,b_per,32.5
1776001128,bftpd,nsfuzz,2,b_abs,440
1776001129,bftpd,nsfuzz,2,l_per,46.2
1776001129,bftpd,nsfuzz,2,l_abs,1040
1776001129,bftpd,nsfuzz,2,b_per,32.5
1776001129,bftpd,nsfuzz,2,b_abs,440
1776001129,bftpd,nsfuzz,2,l_per,46.2
1776001129,bftpd,nsfuzz,2,l_abs,1040
1776001129,bftpd,nsfuzz,2,b_per,32.5
1776001129,bftpd,nsfuzz,2,b_abs,440
1776001129,bftpd,nsfuzz,2,l_per,46.2
1776001129,bftpd,nsfuzz,2,l_abs,1040
1776001129,bftpd,nsfuzz,2,b_per,32.5
1776001129,bftpd,nsfuzz,2,b_abs,440
1776001130,bftpd,nsfuzz,2,l_per,46.2
1776001130,bftpd,nsfuzz,2,l_abs,1040
1776001130,bftpd,nsfuzz,2,b_per,32.6
1776001130,bftpd,nsfuzz,2,b_abs,441
1776001130,bftpd,nsfuzz,2,l_per,46.2
1776001130,bftpd,nsfuzz,2,l_abs,1040
1776001130,bftpd,nsfuzz,2,b_per,32.6
1776001130,bftpd,nsfuzz,2,b_abs,441
1776001130,bftpd,nsfuzz,2,l_per,46.2
1776001130,bftpd,nsfuzz,2,l_abs,1040
1776001130,bftpd,nsfuzz,2,b_per,32.6
1776001130,bftpd,nsfuzz,2,b_abs,441
1776001131,bftpd,nsfuzz,2,l_per,46.2
1776001131,bftpd,nsfuzz,2,l_abs,1040
1776001131,bftpd,nsfuzz,2,b_per,32.6
1776001131,bftpd,nsfuzz,2,b_abs,441
1776001131,bftpd,nsfuzz,2,l_per,46.2
1776001131,bftpd,nsfuzz,2,l_abs,1040
1776001131,bftpd,nsfuzz,2,b_per,32.6
1776001131,bftpd,nsfuzz,2,b_abs,441
1776001132,bftpd,nsfuzz,2,l_per,46.2
1776001132,bftpd,nsfuzz,2,l_abs,1040
1776001132,bftpd,nsfuzz,2,b_per,32.6
1776001132,bftpd,nsfuzz,2,b_abs,441
1776001132,bftpd,nsfuzz,2,l_per,46.2
1776001132,bftpd,nsfuzz,2,l_abs,1040
1776001132,bftpd,nsfuzz,2,b_per,32.6
1776001132,bftpd,nsfuzz,2,b_abs,441
1776001132,bftpd,nsfuzz,2,l_per,46.2
1776001132,bftpd,nsfuzz,2,l_abs,1040
1776001132,bftpd,nsfuzz,2,b_per,32.6
1776001132,bftpd,nsfuzz,2,b_abs,441
1776001132,bftpd,nsfuzz,2,l_per,46.2
1776001132,bftpd,nsfuzz,2,l_abs,1040
1776001132,bftpd,nsfuzz,2,b_per,32.6
1776001132,bftpd,nsfuzz,2,b_abs,441
1776001133,bftpd,nsfuzz,2,l_per,46.2
1776001133,bftpd,nsfuzz,2,l_abs,1040
1776001133,bftpd,nsfuzz,2,b_per,32.6
1776001133,bftpd,nsfuzz,2,b_abs,441
1776001133,bftpd,nsfuzz,2,l_per,46.2
1776001133,bftpd,nsfuzz,2,l_abs,1040
1776001133,bftpd,nsfuzz,2,b_per,32.6
1776001133,bftpd,nsfuzz,2,b_abs,441
1776001134,bftpd,nsfuzz,2,l_per,46.2
1776001134,bftpd,nsfuzz,2,l_abs,1040
1776001134,bftpd,nsfuzz,2,b_per,32.6
1776001134,bftpd,nsfuzz,2,b_abs,441
1776001134,bftpd,nsfuzz,2,l_per,46.8
1776001134,bftpd,nsfuzz,2,l_abs,1052
1776001134,bftpd,nsfuzz,2,b_per,32.9
1776001134,bftpd,nsfuzz,2,b_abs,446
1776001134,bftpd,nsfuzz,2,l_per,46.8
1776001134,bftpd,nsfuzz,2,l_abs,1052
1776001134,bftpd,nsfuzz,2,b_per,32.9
1776001134,bftpd,nsfuzz,2,b_abs,446
1776001135,bftpd,nsfuzz,2,l_per,46.8
1776001135,bftpd,nsfuzz,2,l_abs,1052
1776001135,bftpd,nsfuzz,2,b_per,32.9
1776001135,bftpd,nsfuzz,2,b_abs,446
1776001135,bftpd,nsfuzz,2,l_per,46.8
1776001135,bftpd,nsfuzz,2,l_abs,1052
1776001135,bftpd,nsfuzz,2,b_per,32.9
1776001135,bftpd,nsfuzz,2,b_abs,446
1776001135,bftpd,nsfuzz,2,l_per,46.8
1776001135,bftpd,nsfuzz,2,l_abs,1052
1776001135,bftpd,nsfuzz,2,b_per,32.9
1776001135,bftpd,nsfuzz,2,b_abs,446
1776001136,bftpd,nsfuzz,2,l_per,46.8
1776001136,bftpd,nsfuzz,2,l_abs,1052
1776001136,bftpd,nsfuzz,2,b_per,32.9
1776001136,bftpd,nsfuzz,2,b_abs,446
1776001137,bftpd,nsfuzz,2,l_per,46.8
1776001137,bftpd,nsfuzz,2,l_abs,1052
1776001137,bftpd,nsfuzz,2,b_per,32.9
1776001137,bftpd,nsfuzz,2,b_abs,446
1776001137,bftpd,nsfuzz,2,l_per,46.8
1776001137,bftpd,nsfuzz,2,l_abs,1052
1776001137,bftpd,nsfuzz,2,b_per,32.9
1776001137,bftpd,nsfuzz,2,b_abs,446
1776001137,bftpd,nsfuzz,2,l_per,46.9
1776001137,bftpd,nsfuzz,2,l_abs,1055
1776001137,bftpd,nsfuzz,2,b_per,33.1
1776001137,bftpd,nsfuzz,2,b_abs,448
1776001137,bftpd,nsfuzz,2,l_per,46.9
1776001137,bftpd,nsfuzz,2,l_abs,1055
1776001137,bftpd,nsfuzz,2,b_per,33.1
1776001137,bftpd,nsfuzz,2,b_abs,448
1776001137,bftpd,nsfuzz,2,l_per,47.0
1776001137,bftpd,nsfuzz,2,l_abs,1059
1776001137,bftpd,nsfuzz,2,b_per,33.2
1776001137,bftpd,nsfuzz,2,b_abs,449
1776001138,bftpd,nsfuzz,2,l_per,47.0
1776001138,bftpd,nsfuzz,2,l_abs,1059
1776001138,bftpd,nsfuzz,2,b_per,33.2
1776001138,bftpd,nsfuzz,2,b_abs,449
1776001139,bftpd,nsfuzz,2,l_per,47.0
1776001139,bftpd,nsfuzz,2,l_abs,1059
1776001139,bftpd,nsfuzz,2,b_per,33.2
1776001139,bftpd,nsfuzz,2,b_abs,449
1776001140,bftpd,nsfuzz,2,l_per,47.0
1776001140,bftpd,nsfuzz,2,l_abs,1059
1776001140,bftpd,nsfuzz,2,b_per,33.2
1776001140,bftpd,nsfuzz,2,b_abs,449
1776001140,bftpd,nsfuzz,2,l_per,47.0
1776001140,bftpd,nsfuzz,2,l_abs,1059
1776001140,bftpd,nsfuzz,2,b_per,33.2
1776001140,bftpd,nsfuzz,2,b_abs,449
1776001141,bftpd,nsfuzz,2,l_per,47.0
1776001141,bftpd,nsfuzz,2,l_abs,1059
1776001141,bftpd,nsfuzz,2,b_per,33.2
1776001141,bftpd,nsfuzz,2,b_abs,449
1776001141,bftpd,nsfuzz,2,l_per,47.0
1776001141,bftpd,nsfuzz,2,l_abs,1059
1776001141,bftpd,nsfuzz,2,b_per,33.2
1776001141,bftpd,nsfuzz,2,b_abs,449
1776001141,bftpd,nsfuzz,2,l_per,47.0
1776001141,bftpd,nsfuzz,2,l_abs,1059
1776001141,bftpd,nsfuzz,2,b_per,33.2
1776001141,bftpd,nsfuzz,2,b_abs,449
1776001142,bftpd,nsfuzz,2,l_per,47.0
1776001142,bftpd,nsfuzz,2,l_abs,1059
1776001142,bftpd,nsfuzz,2,b_per,33.2
1776001142,bftpd,nsfuzz,2,b_abs,449
1776001142,bftpd,nsfuzz,2,l_per,47.0
1776001142,bftpd,nsfuzz,2,l_abs,1059
1776001142,bftpd,nsfuzz,2,b_per,33.2
1776001142,bftpd,nsfuzz,2,b_abs,449
1776001142,bftpd,nsfuzz,2,l_per,47.0
1776001142,bftpd,nsfuzz,2,l_abs,1059
1776001142,bftpd,nsfuzz,2,b_per,33.2
1776001142,bftpd,nsfuzz,2,b_abs,449
1776001143,bftpd,nsfuzz,2,l_per,47.0
1776001143,bftpd,nsfuzz,2,l_abs,1059
1776001143,bftpd,nsfuzz,2,b_per,33.2
1776001143,bftpd,nsfuzz,2,b_abs,449
1776001143,bftpd,nsfuzz,2,l_per,47.4
1776001143,bftpd,nsfuzz,2,l_abs,1066
1776001143,bftpd,nsfuzz,2,b_per,33.5
1776001143,bftpd,nsfuzz,2,b_abs,453
1776001143,bftpd,nsfuzz,2,l_per,47.4
1776001143,bftpd,nsfuzz,2,l_abs,1066
1776001143,bftpd,nsfuzz,2,b_per,33.5
1776001143,bftpd,nsfuzz,2,b_abs,453
1776001144,bftpd,nsfuzz,2,l_per,47.4
1776001144,bftpd,nsfuzz,2,l_abs,1066
1776001144,bftpd,nsfuzz,2,b_per,33.5
1776001144,bftpd,nsfuzz,2,b_abs,453
1776001147,bftpd,nsfuzz,2,l_per,47.4
1776001147,bftpd,nsfuzz,2,l_abs,1066
1776001147,bftpd,nsfuzz,2,b_per,33.5
1776001147,bftpd,nsfuzz,2,b_abs,453
1776001148,bftpd,nsfuzz,2,l_per,47.4
1776001148,bftpd,nsfuzz,2,l_abs,1066
1776001148,bftpd,nsfuzz,2,b_per,33.5
1776001148,bftpd,nsfuzz,2,b_abs,453
1776001149,bftpd,nsfuzz,2,l_per,47.4
1776001149,bftpd,nsfuzz,2,l_abs,1066
1776001149,bftpd,nsfuzz,2,b_per,33.5
1776001149,bftpd,nsfuzz,2,b_abs,453
1776001149,bftpd,nsfuzz,2,l_per,47.4
1776001149,bftpd,nsfuzz,2,l_abs,1066
1776001149,bftpd,nsfuzz,2,b_per,33.5
1776001149,bftpd,nsfuzz,2,b_abs,453
1776001150,bftpd,nsfuzz,2,l_per,47.4
1776001150,bftpd,nsfuzz,2,l_abs,1066
1776001150,bftpd,nsfuzz,2,b_per,33.5
1776001150,bftpd,nsfuzz,2,b_abs,453
1776001151,bftpd,nsfuzz,2,l_per,47.4
1776001151,bftpd,nsfuzz,2,l_abs,1066
1776001151,bftpd,nsfuzz,2,b_per,33.5
1776001151,bftpd,nsfuzz,2,b_abs,454
1776001151,bftpd,nsfuzz,2,l_per,47.4
1776001151,bftpd,nsfuzz,2,l_abs,1066
1776001151,bftpd,nsfuzz,2,b_per,33.5
1776001151,bftpd,nsfuzz,2,b_abs,454
1776001151,bftpd,nsfuzz,2,l_per,47.4
1776001151,bftpd,nsfuzz,2,l_abs,1066
1776001151,bftpd,nsfuzz,2,b_per,33.5
1776001151,bftpd,nsfuzz,2,b_abs,454
1776001152,bftpd,nsfuzz,2,l_per,47.4
1776001152,bftpd,nsfuzz,2,l_abs,1066
1776001152,bftpd,nsfuzz,2,b_per,33.5
1776001152,bftpd,nsfuzz,2,b_abs,454
1776001153,bftpd,nsfuzz,2,l_per,47.4
1776001153,bftpd,nsfuzz,2,l_abs,1066
1776001153,bftpd,nsfuzz,2,b_per,33.5
1776001153,bftpd,nsfuzz,2,b_abs,454
1776001153,bftpd,nsfuzz,2,l_per,47.4
1776001153,bftpd,nsfuzz,2,l_abs,1066
1776001153,bftpd,nsfuzz,2,b_per,33.5
1776001153,bftpd,nsfuzz,2,b_abs,454
1776001153,bftpd,nsfuzz,2,l_per,47.4
1776001153,bftpd,nsfuzz,2,l_abs,1066
1776001153,bftpd,nsfuzz,2,b_per,33.5
1776001153,bftpd,nsfuzz,2,b_abs,454
1776001154,bftpd,nsfuzz,2,l_per,47.4
1776001154,bftpd,nsfuzz,2,l_abs,1066
1776001154,bftpd,nsfuzz,2,b_per,33.5
1776001154,bftpd,nsfuzz,2,b_abs,454
1776001154,bftpd,nsfuzz,2,l_per,47.4
1776001154,bftpd,nsfuzz,2,l_abs,1066
1776001154,bftpd,nsfuzz,2,b_per,33.5
1776001154,bftpd,nsfuzz,2,b_abs,454
1776001154,bftpd,nsfuzz,2,l_per,47.4
1776001154,bftpd,nsfuzz,2,l_abs,1066
1776001154,bftpd,nsfuzz,2,b_per,33.5
1776001154,bftpd,nsfuzz,2,b_abs,454
1776001155,bftpd,nsfuzz,2,l_per,47.4
1776001155,bftpd,nsfuzz,2,l_abs,1066
1776001155,bftpd,nsfuzz,2,b_per,33.5
1776001155,bftpd,nsfuzz,2,b_abs,454
1776001155,bftpd,nsfuzz,2,l_per,47.4
1776001155,bftpd,nsfuzz,2,l_abs,1066
1776001155,bftpd,nsfuzz,2,b_per,33.5
1776001155,bftpd,nsfuzz,2,b_abs,454
1776001156,bftpd,nsfuzz,2,l_per,47.4
1776001156,bftpd,nsfuzz,2,l_abs,1066
1776001156,bftpd,nsfuzz,2,b_per,33.5
1776001156,bftpd,nsfuzz,2,b_abs,454
1776001156,bftpd,nsfuzz,2,l_per,47.4
1776001156,bftpd,nsfuzz,2,l_abs,1066
1776001156,bftpd,nsfuzz,2,b_per,33.5
1776001156,bftpd,nsfuzz,2,b_abs,454
1776001157,bftpd,nsfuzz,2,l_per,47.4
1776001157,bftpd,nsfuzz,2,l_abs,1066
1776001157,bftpd,nsfuzz,2,b_per,33.5
1776001157,bftpd,nsfuzz,2,b_abs,454
1776001158,bftpd,nsfuzz,2,l_per,47.4
1776001158,bftpd,nsfuzz,2,l_abs,1066
1776001158,bftpd,nsfuzz,2,b_per,33.5
1776001158,bftpd,nsfuzz,2,b_abs,454
1776001158,bftpd,nsfuzz,2,l_per,47.4
1776001158,bftpd,nsfuzz,2,l_abs,1066
1776001158,bftpd,nsfuzz,2,b_per,33.5
1776001158,bftpd,nsfuzz,2,b_abs,454
1776001164,bftpd,nsfuzz,2,l_per,47.4
1776001164,bftpd,nsfuzz,2,l_abs,1066
1776001164,bftpd,nsfuzz,2,b_per,33.5
1776001164,bftpd,nsfuzz,2,b_abs,454
1776001165,bftpd,nsfuzz,2,l_per,47.4
1776001165,bftpd,nsfuzz,2,l_abs,1066
1776001165,bftpd,nsfuzz,2,b_per,33.5
1776001165,bftpd,nsfuzz,2,b_abs,454
1776001165,bftpd,nsfuzz,2,l_per,47.4
1776001165,bftpd,nsfuzz,2,l_abs,1066
1776001165,bftpd,nsfuzz,2,b_per,33.7
1776001165,bftpd,nsfuzz,2,b_abs,456
1776001165,bftpd,nsfuzz,2,l_per,47.4
1776001165,bftpd,nsfuzz,2,l_abs,1066
1776001165,bftpd,nsfuzz,2,b_per,33.7
1776001165,bftpd,nsfuzz,2,b_abs,456
1776001167,bftpd,nsfuzz,2,l_per,47.4
1776001167,bftpd,nsfuzz,2,l_abs,1066
1776001167,bftpd,nsfuzz,2,b_per,33.7
1776001167,bftpd,nsfuzz,2,b_abs,456
1776001167,bftpd,nsfuzz,2,l_per,47.4
1776001167,bftpd,nsfuzz,2,l_abs,1066
1776001167,bftpd,nsfuzz,2,b_per,33.7
1776001167,bftpd,nsfuzz,2,b_abs,456
1776001167,bftpd,nsfuzz,2,l_per,47.4
1776001167,bftpd,nsfuzz,2,l_abs,1066
1776001167,bftpd,nsfuzz,2,b_per,33.7
1776001167,bftpd,nsfuzz,2,b_abs,456
1776001169,bftpd,nsfuzz,2,l_per,47.4
1776001169,bftpd,nsfuzz,2,l_abs,1066
1776001169,bftpd,nsfuzz,2,b_per,33.7
1776001169,bftpd,nsfuzz,2,b_abs,456
1776001169,bftpd,nsfuzz,2,l_per,47.4
1776001169,bftpd,nsfuzz,2,l_abs,1066
1776001169,bftpd,nsfuzz,2,b_per,33.7
1776001169,bftpd,nsfuzz,2,b_abs,456
1776001169,bftpd,nsfuzz,2,l_per,47.4
1776001169,bftpd,nsfuzz,2,l_abs,1066
1776001169,bftpd,nsfuzz,2,b_per,33.7
1776001169,bftpd,nsfuzz,2,b_abs,456
1776001171,bftpd,nsfuzz,2,l_per,47.4
1776001171,bftpd,nsfuzz,2,l_abs,1066
1776001171,bftpd,nsfuzz,2,b_per,33.7
1776001171,bftpd,nsfuzz,2,b_abs,456
1776001171,bftpd,nsfuzz,2,l_per,47.4
1776001171,bftpd,nsfuzz,2,l_abs,1066
1776001171,bftpd,nsfuzz,2,b_per,33.7
1776001171,bftpd,nsfuzz,2,b_abs,456
1776001172,bftpd,nsfuzz,2,l_per,47.4
1776001172,bftpd,nsfuzz,2,l_abs,1066
1776001172,bftpd,nsfuzz,2,b_per,33.7
1776001172,bftpd,nsfuzz,2,b_abs,456
1776001172,bftpd,nsfuzz,2,l_per,47.4
1776001172,bftpd,nsfuzz,2,l_abs,1066
1776001172,bftpd,nsfuzz,2,b_per,33.7
1776001172,bftpd,nsfuzz,2,b_abs,456
1776001172,bftpd,nsfuzz,2,l_per,47.4
1776001172,bftpd,nsfuzz,2,l_abs,1066
1776001172,bftpd,nsfuzz,2,b_per,33.7
1776001172,bftpd,nsfuzz,2,b_abs,456
1776001172,bftpd,nsfuzz,2,l_per,47.4
1776001172,bftpd,nsfuzz,2,l_abs,1066
1776001172,bftpd,nsfuzz,2,b_per,33.7
1776001172,bftpd,nsfuzz,2,b_abs,456
1776001174,bftpd,nsfuzz,2,l_per,47.4
1776001174,bftpd,nsfuzz,2,l_abs,1066
1776001174,bftpd,nsfuzz,2,b_per,33.7
1776001174,bftpd,nsfuzz,2,b_abs,456
1776001174,bftpd,nsfuzz,2,l_per,47.4
1776001174,bftpd,nsfuzz,2,l_abs,1066
1776001174,bftpd,nsfuzz,2,b_per,33.7
1776001174,bftpd,nsfuzz,2,b_abs,456
1776001175,bftpd,nsfuzz,2,l_per,47.4
1776001175,bftpd,nsfuzz,2,l_abs,1066
1776001175,bftpd,nsfuzz,2,b_per,33.7
1776001175,bftpd,nsfuzz,2,b_abs,456
1776001175,bftpd,nsfuzz,2,l_per,47.4
1776001175,bftpd,nsfuzz,2,l_abs,1066
1776001175,bftpd,nsfuzz,2,b_per,33.7
1776001175,bftpd,nsfuzz,2,b_abs,456
1776001179,bftpd,nsfuzz,2,l_per,47.4
1776001179,bftpd,nsfuzz,2,l_abs,1066
1776001179,bftpd,nsfuzz,2,b_per,33.7
1776001179,bftpd,nsfuzz,2,b_abs,456
1776001181,bftpd,nsfuzz,2,l_per,47.4
1776001181,bftpd,nsfuzz,2,l_abs,1066
1776001181,bftpd,nsfuzz,2,b_per,33.7
1776001181,bftpd,nsfuzz,2,b_abs,456
1776001183,bftpd,nsfuzz,2,l_per,47.4
1776001183,bftpd,nsfuzz,2,l_abs,1066
1776001183,bftpd,nsfuzz,2,b_per,33.7
1776001183,bftpd,nsfuzz,2,b_abs,456
1776001184,bftpd,nsfuzz,2,l_per,47.4
1776001184,bftpd,nsfuzz,2,l_abs,1066
1776001184,bftpd,nsfuzz,2,b_per,33.7
1776001184,bftpd,nsfuzz,2,b_abs,456
1776001185,bftpd,nsfuzz,2,l_per,47.4
1776001185,bftpd,nsfuzz,2,l_abs,1066
1776001185,bftpd,nsfuzz,2,b_per,33.7
1776001185,bftpd,nsfuzz,2,b_abs,456
1776001186,bftpd,nsfuzz,2,l_per,47.4
1776001186,bftpd,nsfuzz,2,l_abs,1066
1776001186,bftpd,nsfuzz,2,b_per,33.7
1776001186,bftpd,nsfuzz,2,b_abs,456
1776001187,bftpd,nsfuzz,2,l_per,47.4
1776001187,bftpd,nsfuzz,2,l_abs,1066
1776001187,bftpd,nsfuzz,2,b_per,33.7
1776001187,bftpd,nsfuzz,2,b_abs,456
1776001189,bftpd,nsfuzz,2,l_per,47.4
1776001189,bftpd,nsfuzz,2,l_abs,1066
1776001189,bftpd,nsfuzz,2,b_per,33.7
1776001189,bftpd,nsfuzz,2,b_abs,456
1776001191,bftpd,nsfuzz,2,l_per,47.4
1776001191,bftpd,nsfuzz,2,l_abs,1066
1776001191,bftpd,nsfuzz,2,b_per,33.7
1776001191,bftpd,nsfuzz,2,b_abs,456
1776001191,bftpd,nsfuzz,2,l_per,47.4
1776001191,bftpd,nsfuzz,2,l_abs,1066
1776001191,bftpd,nsfuzz,2,b_per,33.7
1776001191,bftpd,nsfuzz,2,b_abs,456
1776001192,bftpd,nsfuzz,2,l_per,47.4
1776001192,bftpd,nsfuzz,2,l_abs,1066
1776001192,bftpd,nsfuzz,2,b_per,33.7
1776001192,bftpd,nsfuzz,2,b_abs,456
1776001194,bftpd,nsfuzz,2,l_per,47.4
1776001194,bftpd,nsfuzz,2,l_abs,1066
1776001194,bftpd,nsfuzz,2,b_per,33.7
1776001194,bftpd,nsfuzz,2,b_abs,456
1776001194,bftpd,nsfuzz,2,l_per,47.4
1776001194,bftpd,nsfuzz,2,l_abs,1066
1776001194,bftpd,nsfuzz,2,b_per,33.7
1776001194,bftpd,nsfuzz,2,b_abs,456
1776001196,bftpd,nsfuzz,2,l_per,47.4
1776001196,bftpd,nsfuzz,2,l_abs,1066
1776001196,bftpd,nsfuzz,2,b_per,33.7
1776001196,bftpd,nsfuzz,2,b_abs,456
1776001197,bftpd,nsfuzz,2,l_per,47.5
1776001197,bftpd,nsfuzz,2,l_abs,1069
1776001197,bftpd,nsfuzz,2,b_per,33.8
1776001197,bftpd,nsfuzz,2,b_abs,457
1776001201,bftpd,nsfuzz,2,l_per,47.5
1776001201,bftpd,nsfuzz,2,l_abs,1069
1776001201,bftpd,nsfuzz,2,b_per,33.8
1776001201,bftpd,nsfuzz,2,b_abs,457
1776001201,bftpd,nsfuzz,2,l_per,47.5
1776001201,bftpd,nsfuzz,2,l_abs,1069
1776001201,bftpd,nsfuzz,2,b_per,33.8
1776001201,bftpd,nsfuzz,2,b_abs,457
1776001201,bftpd,nsfuzz,2,l_per,47.5
1776001201,bftpd,nsfuzz,2,l_abs,1069
1776001201,bftpd,nsfuzz,2,b_per,33.8
1776001201,bftpd,nsfuzz,2,b_abs,457
1776001203,bftpd,nsfuzz,2,l_per,47.5
1776001203,bftpd,nsfuzz,2,l_abs,1069
1776001203,bftpd,nsfuzz,2,b_per,33.8
1776001203,bftpd,nsfuzz,2,b_abs,457
1776001205,bftpd,nsfuzz,2,l_per,47.5
1776001205,bftpd,nsfuzz,2,l_abs,1069
1776001205,bftpd,nsfuzz,2,b_per,33.8
1776001205,bftpd,nsfuzz,2,b_abs,457
1776001205,bftpd,nsfuzz,2,l_per,47.5
1776001205,bftpd,nsfuzz,2,l_abs,1069
1776001205,bftpd,nsfuzz,2,b_per,33.8
1776001205,bftpd,nsfuzz,2,b_abs,457
1776001206,bftpd,nsfuzz,2,l_per,47.5
1776001206,bftpd,nsfuzz,2,l_abs,1069
1776001206,bftpd,nsfuzz,2,b_per,33.8
1776001206,bftpd,nsfuzz,2,b_abs,457
1776001211,bftpd,nsfuzz,2,l_per,47.5
1776001211,bftpd,nsfuzz,2,l_abs,1069
1776001211,bftpd,nsfuzz,2,b_per,33.8
1776001211,bftpd,nsfuzz,2,b_abs,457
1776001212,bftpd,nsfuzz,2,l_per,47.5
1776001212,bftpd,nsfuzz,2,l_abs,1069
1776001212,bftpd,nsfuzz,2,b_per,33.8
1776001212,bftpd,nsfuzz,2,b_abs,457
1776001223,bftpd,nsfuzz,2,l_per,47.5
1776001223,bftpd,nsfuzz,2,l_abs,1069
1776001223,bftpd,nsfuzz,2,b_per,33.8
1776001223,bftpd,nsfuzz,2,b_abs,457
1776001228,bftpd,nsfuzz,2,l_per,47.5
1776001228,bftpd,nsfuzz,2,l_abs,1069
1776001228,bftpd,nsfuzz,2,b_per,33.8
1776001228,bftpd,nsfuzz,2,b_abs,458
1776001230,bftpd,nsfuzz,2,l_per,47.5
1776001230,bftpd,nsfuzz,2,l_abs,1069
1776001230,bftpd,nsfuzz,2,b_per,33.8
1776001230,bftpd,nsfuzz,2,b_abs,458
1776001232,bftpd,nsfuzz,2,l_per,47.5
1776001232,bftpd,nsfuzz,2,l_abs,1069
1776001232,bftpd,nsfuzz,2,b_per,33.8
1776001232,bftpd,nsfuzz,2,b_abs,458
1776001235,bftpd,nsfuzz,2,l_per,47.5
1776001235,bftpd,nsfuzz,2,l_abs,1069
1776001235,bftpd,nsfuzz,2,b_per,33.9
1776001235,bftpd,nsfuzz,2,b_abs,459
1776001238,bftpd,nsfuzz,2,l_per,47.5
1776001238,bftpd,nsfuzz,2,l_abs,1069
1776001238,bftpd,nsfuzz,2,b_per,33.9
1776001238,bftpd,nsfuzz,2,b_abs,459
1776001238,bftpd,nsfuzz,2,l_per,47.5
1776001238,bftpd,nsfuzz,2,l_abs,1069
1776001238,bftpd,nsfuzz,2,b_per,33.9
1776001238,bftpd,nsfuzz,2,b_abs,459
1776001238,bftpd,nsfuzz,2,l_per,47.5
1776001238,bftpd,nsfuzz,2,l_abs,1069
1776001238,bftpd,nsfuzz,2,b_per,33.9
1776001238,bftpd,nsfuzz,2,b_abs,459
1776001241,bftpd,nsfuzz,2,l_per,47.5
1776001241,bftpd,nsfuzz,2,l_abs,1069
1776001241,bftpd,nsfuzz,2,b_per,33.9
1776001241,bftpd,nsfuzz,2,b_abs,459
1776001244,bftpd,nsfuzz,2,l_per,47.5
1776001244,bftpd,nsfuzz,2,l_abs,1069
1776001244,bftpd,nsfuzz,2,b_per,33.9
1776001244,bftpd,nsfuzz,2,b_abs,459
1776001245,bftpd,nsfuzz,2,l_per,47.7
1776001245,bftpd,nsfuzz,2,l_abs,1073
1776001245,bftpd,nsfuzz,2,b_per,34.3
1776001245,bftpd,nsfuzz,2,b_abs,465
1776001248,bftpd,nsfuzz,2,l_per,47.7
1776001248,bftpd,nsfuzz,2,l_abs,1073
1776001248,bftpd,nsfuzz,2,b_per,34.3
1776001248,bftpd,nsfuzz,2,b_abs,465
1776001249,bftpd,nsfuzz,2,l_per,47.7
1776001249,bftpd,nsfuzz,2,l_abs,1073
1776001249,bftpd,nsfuzz,2,b_per,34.3
1776001249,bftpd,nsfuzz,2,b_abs,465
1776001250,bftpd,nsfuzz,2,l_per,47.7
1776001250,bftpd,nsfuzz,2,l_abs,1073
1776001250,bftpd,nsfuzz,2,b_per,34.3
1776001250,bftpd,nsfuzz,2,b_abs,465
1776001254,bftpd,nsfuzz,2,l_per,47.7
1776001254,bftpd,nsfuzz,2,l_abs,1073
1776001254,bftpd,nsfuzz,2,b_per,34.3
1776001254,bftpd,nsfuzz,2,b_abs,465
1776001256,bftpd,nsfuzz,2,l_per,47.8
1776001256,bftpd,nsfuzz,2,l_abs,1075
1776001256,bftpd,nsfuzz,2,b_per,34.4
1776001256,bftpd,nsfuzz,2,b_abs,466
1776001256,bftpd,nsfuzz,2,l_per,47.8
1776001256,bftpd,nsfuzz,2,l_abs,1075
1776001256,bftpd,nsfuzz,2,b_per,34.4
1776001256,bftpd,nsfuzz,2,b_abs,466
1776001260,bftpd,nsfuzz,2,l_per,47.8
1776001260,bftpd,nsfuzz,2,l_abs,1075
1776001260,bftpd,nsfuzz,2,b_per,34.4
1776001260,bftpd,nsfuzz,2,b_abs,466
1776001261,bftpd,nsfuzz,2,l_per,47.8
1776001261,bftpd,nsfuzz,2,l_abs,1075
1776001261,bftpd,nsfuzz,2,b_per,34.4
1776001261,bftpd,nsfuzz,2,b_abs,466
1776001263,bftpd,nsfuzz,2,l_per,47.8
1776001263,bftpd,nsfuzz,2,l_abs,1075
1776001263,bftpd,nsfuzz,2,b_per,34.4
1776001263,bftpd,nsfuzz,2,b_abs,466
1776001263,bftpd,nsfuzz,2,l_per,47.8
1776001263,bftpd,nsfuzz,2,l_abs,1075
1776001263,bftpd,nsfuzz,2,b_per,34.4
1776001263,bftpd,nsfuzz,2,b_abs,466
1776001268,bftpd,nsfuzz,2,l_per,47.8
1776001268,bftpd,nsfuzz,2,l_abs,1075
1776001268,bftpd,nsfuzz,2,b_per,34.4
1776001268,bftpd,nsfuzz,2,b_abs,466
1776001270,bftpd,nsfuzz,2,l_per,47.8
1776001270,bftpd,nsfuzz,2,l_abs,1075
1776001270,bftpd,nsfuzz,2,b_per,34.4
1776001270,bftpd,nsfuzz,2,b_abs,466
1776001274,bftpd,nsfuzz,2,l_per,47.8
1776001274,bftpd,nsfuzz,2,l_abs,1075
1776001274,bftpd,nsfuzz,2,b_per,34.4
1776001274,bftpd,nsfuzz,2,b_abs,466
1776001274,bftpd,nsfuzz,2,l_per,47.8
1776001274,bftpd,nsfuzz,2,l_abs,1075
1776001274,bftpd,nsfuzz,2,b_per,34.4
1776001274,bftpd,nsfuzz,2,b_abs,466
1776001278,bftpd,nsfuzz,2,l_per,47.8
1776001278,bftpd,nsfuzz,2,l_abs,1075
1776001278,bftpd,nsfuzz,2,b_per,34.4
1776001278,bftpd,nsfuzz,2,b_abs,466
1776001278,bftpd,nsfuzz,2,l_per,47.8
1776001278,bftpd,nsfuzz,2,l_abs,1075
1776001278,bftpd,nsfuzz,2,b_per,34.4
1776001278,bftpd,nsfuzz,2,b_abs,466
1776001279,bftpd,nsfuzz,2,l_per,47.8
1776001279,bftpd,nsfuzz,2,l_abs,1075
1776001279,bftpd,nsfuzz,2,b_per,34.4
1776001279,bftpd,nsfuzz,2,b_abs,466
1776001279,bftpd,nsfuzz,2,l_per,47.8
1776001279,bftpd,nsfuzz,2,l_abs,1075
1776001279,bftpd,nsfuzz,2,b_per,34.4
1776001279,bftpd,nsfuzz,2,b_abs,466
1776001282,bftpd,nsfuzz,2,l_per,47.8
1776001282,bftpd,nsfuzz,2,l_abs,1075
1776001282,bftpd,nsfuzz,2,b_per,34.4
1776001282,bftpd,nsfuzz,2,b_abs,466
1776001283,bftpd,nsfuzz,2,l_per,47.8
1776001283,bftpd,nsfuzz,2,l_abs,1075
1776001283,bftpd,nsfuzz,2,b_per,34.4
1776001283,bftpd,nsfuzz,2,b_abs,466
1776001283,bftpd,nsfuzz,2,l_per,47.8
1776001283,bftpd,nsfuzz,2,l_abs,1075
1776001283,bftpd,nsfuzz,2,b_per,34.4
1776001283,bftpd,nsfuzz,2,b_abs,466
1776001285,bftpd,nsfuzz,2,l_per,47.8
1776001285,bftpd,nsfuzz,2,l_abs,1075
1776001285,bftpd,nsfuzz,2,b_per,34.4
1776001285,bftpd,nsfuzz,2,b_abs,466
1776001286,bftpd,nsfuzz,2,l_per,47.8
1776001286,bftpd,nsfuzz,2,l_abs,1075
1776001286,bftpd,nsfuzz,2,b_per,34.4
1776001286,bftpd,nsfuzz,2,b_abs,466
1776001295,bftpd,nsfuzz,2,l_per,47.8
1776001295,bftpd,nsfuzz,2,l_abs,1075
1776001295,bftpd,nsfuzz,2,b_per,34.4
1776001295,bftpd,nsfuzz,2,b_abs,466
1776001296,bftpd,nsfuzz,2,l_per,47.8
1776001296,bftpd,nsfuzz,2,l_abs,1075
1776001296,bftpd,nsfuzz,2,b_per,34.4
1776001296,bftpd,nsfuzz,2,b_abs,466
1776001307,bftpd,nsfuzz,2,l_per,47.8
1776001307,bftpd,nsfuzz,2,l_abs,1075
1776001307,bftpd,nsfuzz,2,b_per,34.4
1776001307,bftpd,nsfuzz,2,b_abs,466
1776001308,bftpd,nsfuzz,2,l_per,47.8
1776001308,bftpd,nsfuzz,2,l_abs,1075
1776001308,bftpd,nsfuzz,2,b_per,34.4
1776001308,bftpd,nsfuzz,2,b_abs,466
1776001310,bftpd,nsfuzz,2,l_per,47.8
1776001310,bftpd,nsfuzz,2,l_abs,1075
1776001310,bftpd,nsfuzz,2,b_per,34.4
1776001310,bftpd,nsfuzz,2,b_abs,466
1776001311,bftpd,nsfuzz,2,l_per,47.8
1776001311,bftpd,nsfuzz,2,l_abs,1075
1776001311,bftpd,nsfuzz,2,b_per,34.4
1776001311,bftpd,nsfuzz,2,b_abs,466
1776001311,bftpd,nsfuzz,2,l_per,47.8
1776001311,bftpd,nsfuzz,2,l_abs,1075
1776001311,bftpd,nsfuzz,2,b_per,34.4
1776001311,bftpd,nsfuzz,2,b_abs,466
1776001312,bftpd,nsfuzz,2,l_per,47.8
1776001312,bftpd,nsfuzz,2,l_abs,1075
1776001312,bftpd,nsfuzz,2,b_per,34.4
1776001312,bftpd,nsfuzz,2,b_abs,466
1776001312,bftpd,nsfuzz,2,l_per,47.8
1776001312,bftpd,nsfuzz,2,l_abs,1075
1776001312,bftpd,nsfuzz,2,b_per,34.5
1776001312,bftpd,nsfuzz,2,b_abs,467
1776001313,bftpd,nsfuzz,2,l_per,48.1
1776001313,bftpd,nsfuzz,2,l_abs,1082
1776001313,bftpd,nsfuzz,2,b_per,34.6
1776001313,bftpd,nsfuzz,2,b_abs,469
1776001316,bftpd,nsfuzz,2,l_per,48.1
1776001316,bftpd,nsfuzz,2,l_abs,1082
1776001316,bftpd,nsfuzz,2,b_per,34.6
1776001316,bftpd,nsfuzz,2,b_abs,469
1776001318,bftpd,nsfuzz,2,l_per,48.1
1776001318,bftpd,nsfuzz,2,l_abs,1082
1776001318,bftpd,nsfuzz,2,b_per,34.6
1776001318,bftpd,nsfuzz,2,b_abs,469
1776001319,bftpd,nsfuzz,2,l_per,48.1
1776001319,bftpd,nsfuzz,2,l_abs,1082
1776001319,bftpd,nsfuzz,2,b_per,34.6
1776001319,bftpd,nsfuzz,2,b_abs,469
1776001320,bftpd,nsfuzz,2,l_per,48.1
1776001320,bftpd,nsfuzz,2,l_abs,1082
1776001320,bftpd,nsfuzz,2,b_per,34.6
1776001320,bftpd,nsfuzz,2,b_abs,469
1776001322,bftpd,nsfuzz,2,l_per,48.1
1776001322,bftpd,nsfuzz,2,l_abs,1082
1776001322,bftpd,nsfuzz,2,b_per,34.6
1776001322,bftpd,nsfuzz,2,b_abs,469
1776001323,bftpd,nsfuzz,2,l_per,48.1
1776001323,bftpd,nsfuzz,2,l_abs,1082
1776001323,bftpd,nsfuzz,2,b_per,34.6
1776001323,bftpd,nsfuzz,2,b_abs,469
1776001327,bftpd,nsfuzz,2,l_per,48.1
1776001327,bftpd,nsfuzz,2,l_abs,1082
1776001327,bftpd,nsfuzz,2,b_per,34.6
1776001327,bftpd,nsfuzz,2,b_abs,469
1776001331,bftpd,nsfuzz,2,l_per,48.1
1776001331,bftpd,nsfuzz,2,l_abs,1082
1776001331,bftpd,nsfuzz,2,b_per,34.6
1776001331,bftpd,nsfuzz,2,b_abs,469
1776001373,bftpd,nsfuzz,2,l_per,48.1
1776001373,bftpd,nsfuzz,2,l_abs,1082
1776001373,bftpd,nsfuzz,2,b_per,34.6
1776001373,bftpd,nsfuzz,2,b_abs,469
1776001374,bftpd,nsfuzz,2,l_per,48.1
1776001374,bftpd,nsfuzz,2,l_abs,1082
1776001374,bftpd,nsfuzz,2,b_per,34.6
1776001374,bftpd,nsfuzz,2,b_abs,469
1776001377,bftpd,nsfuzz,2,l_per,48.1
1776001377,bftpd,nsfuzz,2,l_abs,1082
1776001377,bftpd,nsfuzz,2,b_per,34.6
1776001377,bftpd,nsfuzz,2,b_abs,469
1776001383,bftpd,nsfuzz,2,l_per,48.1
1776001383,bftpd,nsfuzz,2,l_abs,1082
1776001383,bftpd,nsfuzz,2,b_per,34.6
1776001383,bftpd,nsfuzz,2,b_abs,469
1776001385,bftpd,nsfuzz,2,l_per,48.1
1776001385,bftpd,nsfuzz,2,l_abs,1082
1776001385,bftpd,nsfuzz,2,b_per,34.6
1776001385,bftpd,nsfuzz,2,b_abs,469
1776001387,bftpd,nsfuzz,2,l_per,48.1
1776001387,bftpd,nsfuzz,2,l_abs,1082
1776001387,bftpd,nsfuzz,2,b_per,34.6
1776001387,bftpd,nsfuzz,2,b_abs,469
1776001389,bftpd,nsfuzz,2,l_per,48.1
1776001389,bftpd,nsfuzz,2,l_abs,1082
1776001389,bftpd,nsfuzz,2,b_per,34.6
1776001389,bftpd,nsfuzz,2,b_abs,469
1776001395,bftpd,nsfuzz,2,l_per,48.2
1776001395,bftpd,nsfuzz,2,l_abs,1085
1776001395,bftpd,nsfuzz,2,b_per,34.8
1776001395,bftpd,nsfuzz,2,b_abs,471
1776001398,bftpd,nsfuzz,2,l_per,48.2
1776001398,bftpd,nsfuzz,2,l_abs,1085
1776001398,bftpd,nsfuzz,2,b_per,34.8
1776001398,bftpd,nsfuzz,2,b_abs,471
1776001407,bftpd,nsfuzz,2,l_per,48.2
1776001407,bftpd,nsfuzz,2,l_abs,1085
1776001407,bftpd,nsfuzz,2,b_per,34.8
1776001407,bftpd,nsfuzz,2,b_abs,471
1776001409,bftpd,nsfuzz,2,l_per,48.2
1776001409,bftpd,nsfuzz,2,l_abs,1085
1776001409,bftpd,nsfuzz,2,b_per,34.8
1776001409,bftpd,nsfuzz,2,b_abs,471
1776001411,bftpd,nsfuzz,2,l_per,48.2
1776001411,bftpd,nsfuzz,2,l_abs,1085
1776001411,bftpd,nsfuzz,2,b_per,34.8
1776001411,bftpd,nsfuzz,2,b_abs,471
1776001416,bftpd,nsfuzz,2,l_per,48.2
1776001416,bftpd,nsfuzz,2,l_abs,1085
1776001416,bftpd,nsfuzz,2,b_per,34.8
1776001416,bftpd,nsfuzz,2,b_abs,471
1776001424,bftpd,nsfuzz,2,l_per,48.2
1776001424,bftpd,nsfuzz,2,l_abs,1085
1776001424,bftpd,nsfuzz,2,b_per,34.8
1776001424,bftpd,nsfuzz,2,b_abs,471
1776001429,bftpd,nsfuzz,2,l_per,48.2
1776001429,bftpd,nsfuzz,2,l_abs,1085
1776001429,bftpd,nsfuzz,2,b_per,34.8
1776001429,bftpd,nsfuzz,2,b_abs,471
1776001431,bftpd,nsfuzz,2,l_per,48.2
1776001431,bftpd,nsfuzz,2,l_abs,1085
1776001431,bftpd,nsfuzz,2,b_per,34.8
1776001431,bftpd,nsfuzz,2,b_abs,471
1776001432,bftpd,nsfuzz,2,l_per,48.2
1776001432,bftpd,nsfuzz,2,l_abs,1085
1776001432,bftpd,nsfuzz,2,b_per,34.8
1776001432,bftpd,nsfuzz,2,b_abs,471
1776001436,bftpd,nsfuzz,2,l_per,48.2
1776001436,bftpd,nsfuzz,2,l_abs,1085
1776001436,bftpd,nsfuzz,2,b_per,34.8
1776001436,bftpd,nsfuzz,2,b_abs,471
1776001436,bftpd,nsfuzz,2,l_per,48.2
1776001436,bftpd,nsfuzz,2,l_abs,1085
1776001436,bftpd,nsfuzz,2,b_per,34.8
1776001436,bftpd,nsfuzz,2,b_abs,471
1776001437,bftpd,nsfuzz,2,l_per,48.2
1776001437,bftpd,nsfuzz,2,l_abs,1085
1776001437,bftpd,nsfuzz,2,b_per,34.8
1776001437,bftpd,nsfuzz,2,b_abs,471
1776001443,bftpd,nsfuzz,2,l_per,48.2
1776001443,bftpd,nsfuzz,2,l_abs,1085
1776001443,bftpd,nsfuzz,2,b_per,34.8
1776001443,bftpd,nsfuzz,2,b_abs,471
1776001450,bftpd,nsfuzz,2,l_per,48.2
1776001450,bftpd,nsfuzz,2,l_abs,1085
1776001450,bftpd,nsfuzz,2,b_per,34.8
1776001450,bftpd,nsfuzz,2,b_abs,471
1776001457,bftpd,nsfuzz,2,l_per,48.2
1776001457,bftpd,nsfuzz,2,l_abs,1085
1776001457,bftpd,nsfuzz,2,b_per,34.8
1776001457,bftpd,nsfuzz,2,b_abs,471
1776001458,bftpd,nsfuzz,2,l_per,48.2
1776001458,bftpd,nsfuzz,2,l_abs,1085
1776001458,bftpd,nsfuzz,2,b_per,34.9
1776001458,bftpd,nsfuzz,2,b_abs,472
1776001460,bftpd,nsfuzz,2,l_per,48.2
1776001460,bftpd,nsfuzz,2,l_abs,1085
1776001460,bftpd,nsfuzz,2,b_per,34.9
1776001460,bftpd,nsfuzz,2,b_abs,472
1776001460,bftpd,nsfuzz,2,l_per,48.2
1776001460,bftpd,nsfuzz,2,l_abs,1085
1776001460,bftpd,nsfuzz,2,b_per,34.9
1776001460,bftpd,nsfuzz,2,b_abs,472
1776001467,bftpd,nsfuzz,2,l_per,48.2
1776001467,bftpd,nsfuzz,2,l_abs,1085
1776001467,bftpd,nsfuzz,2,b_per,34.9
1776001467,bftpd,nsfuzz,2,b_abs,472
1776001470,bftpd,nsfuzz,2,l_per,48.2
1776001470,bftpd,nsfuzz,2,l_abs,1085
1776001470,bftpd,nsfuzz,2,b_per,34.9
1776001470,bftpd,nsfuzz,2,b_abs,472
1776001481,bftpd,nsfuzz,2,l_per,48.2
1776001481,bftpd,nsfuzz,2,l_abs,1085
1776001481,bftpd,nsfuzz,2,b_per,34.9
1776001481,bftpd,nsfuzz,2,b_abs,472
1776001487,bftpd,nsfuzz,2,l_per,48.2
1776001487,bftpd,nsfuzz,2,l_abs,1085
1776001487,bftpd,nsfuzz,2,b_per,34.9
1776001487,bftpd,nsfuzz,2,b_abs,473
1776001491,bftpd,nsfuzz,2,l_per,48.2
1776001491,bftpd,nsfuzz,2,l_abs,1085
1776001491,bftpd,nsfuzz,2,b_per,34.9
1776001491,bftpd,nsfuzz,2,b_abs,473
1776001498,bftpd,nsfuzz,2,l_per,48.2
1776001498,bftpd,nsfuzz,2,l_abs,1085
1776001498,bftpd,nsfuzz,2,b_per,34.9
1776001498,bftpd,nsfuzz,2,b_abs,473
1776001513,bftpd,nsfuzz,2,l_per,48.2
1776001513,bftpd,nsfuzz,2,l_abs,1085
1776001513,bftpd,nsfuzz,2,b_per,34.9
1776001513,bftpd,nsfuzz,2,b_abs,473
1776001530,bftpd,nsfuzz,2,l_per,48.2
1776001530,bftpd,nsfuzz,2,l_abs,1085
1776001530,bftpd,nsfuzz,2,b_per,34.9
1776001530,bftpd,nsfuzz,2,b_abs,473
1776001542,bftpd,nsfuzz,2,l_per,48.2
1776001542,bftpd,nsfuzz,2,l_abs,1085
1776001542,bftpd,nsfuzz,2,b_per,34.9
1776001542,bftpd,nsfuzz,2,b_abs,473
1776001543,bftpd,nsfuzz,2,l_per,48.2
1776001543,bftpd,nsfuzz,2,l_abs,1085
1776001543,bftpd,nsfuzz,2,b_per,34.9
1776001543,bftpd,nsfuzz,2,b_abs,473
1776001562,bftpd,nsfuzz,2,l_per,48.2
1776001562,bftpd,nsfuzz,2,l_abs,1085
1776001562,bftpd,nsfuzz,2,b_per,34.9
1776001562,bftpd,nsfuzz,2,b_abs,473
1776001562,bftpd,nsfuzz,2,l_per,48.2
1776001562,bftpd,nsfuzz,2,l_abs,1085
1776001562,bftpd,nsfuzz,2,b_per,34.9
1776001562,bftpd,nsfuzz,2,b_abs,473
1776001563,bftpd,nsfuzz,2,l_per,48.2
1776001563,bftpd,nsfuzz,2,l_abs,1085
1776001563,bftpd,nsfuzz,2,b_per,34.9
1776001563,bftpd,nsfuzz,2,b_abs,473
1776001598,bftpd,nsfuzz,2,l_per,48.2
1776001598,bftpd,nsfuzz,2,l_abs,1085
1776001598,bftpd,nsfuzz,2,b_per,34.9
1776001598,bftpd,nsfuzz,2,b_abs,473
1776001620,bftpd,nsfuzz,2,l_per,48.2
1776001620,bftpd,nsfuzz,2,l_abs,1085
1776001620,bftpd,nsfuzz,2,b_per,34.9
1776001620,bftpd,nsfuzz,2,b_abs,473
1776001622,bftpd,nsfuzz,2,l_per,48.2
1776001622,bftpd,nsfuzz,2,l_abs,1085
1776001622,bftpd,nsfuzz,2,b_per,34.9
1776001622,bftpd,nsfuzz,2,b_abs,473
1776001633,bftpd,nsfuzz,2,l_per,48.2
1776001633,bftpd,nsfuzz,2,l_abs,1085
1776001633,bftpd,nsfuzz,2,b_per,34.9
1776001633,bftpd,nsfuzz,2,b_abs,473
1776001634,bftpd,nsfuzz,2,l_per,48.2
1776001634,bftpd,nsfuzz,2,l_abs,1085
1776001634,bftpd,nsfuzz,2,b_per,34.9
1776001634,bftpd,nsfuzz,2,b_abs,473
1776001639,bftpd,nsfuzz,2,l_per,48.2
1776001639,bftpd,nsfuzz,2,l_abs,1085
1776001639,bftpd,nsfuzz,2,b_per,34.9
1776001639,bftpd,nsfuzz,2,b_abs,473
1776001646,bftpd,nsfuzz,2,l_per,48.2
1776001646,bftpd,nsfuzz,2,l_abs,1085
1776001646,bftpd,nsfuzz,2,b_per,34.9
1776001646,bftpd,nsfuzz,2,b_abs,473
1776001650,bftpd,nsfuzz,2,l_per,48.2
1776001650,bftpd,nsfuzz,2,l_abs,1085
1776001650,bftpd,nsfuzz,2,b_per,34.9
1776001650,bftpd,nsfuzz,2,b_abs,473
1776001653,bftpd,nsfuzz,2,l_per,48.2
1776001653,bftpd,nsfuzz,2,l_abs,1085
1776001653,bftpd,nsfuzz,2,b_per,34.9
1776001653,bftpd,nsfuzz,2,b_abs,473
1776001675,bftpd,nsfuzz,2,l_per,48.2
1776001675,bftpd,nsfuzz,2,l_abs,1085
1776001675,bftpd,nsfuzz,2,b_per,34.9
1776001675,bftpd,nsfuzz,2,b_abs,473
1776001678,bftpd,nsfuzz,2,l_per,48.2
1776001678,bftpd,nsfuzz,2,l_abs,1085
1776001678,bftpd,nsfuzz,2,b_per,34.9
1776001678,bftpd,nsfuzz,2,b_abs,473
1776001726,bftpd,nsfuzz,2,l_per,48.2
1776001726,bftpd,nsfuzz,2,l_abs,1085
1776001726,bftpd,nsfuzz,2,b_per,34.9
1776001726,bftpd,nsfuzz,2,b_abs,473
1776001730,bftpd,nsfuzz,2,l_per,48.2
1776001730,bftpd,nsfuzz,2,l_abs,1085
1776001730,bftpd,nsfuzz,2,b_per,34.9
1776001730,bftpd,nsfuzz,2,b_abs,473
1776001733,bftpd,nsfuzz,2,l_per,48.2
1776001733,bftpd,nsfuzz,2,l_abs,1085
1776001733,bftpd,nsfuzz,2,b_per,34.9
1776001733,bftpd,nsfuzz,2,b_abs,473
1776001758,bftpd,nsfuzz,2,l_per,48.2
1776001758,bftpd,nsfuzz,2,l_abs,1085
1776001758,bftpd,nsfuzz,2,b_per,34.9
1776001758,bftpd,nsfuzz,2,b_abs,473
1776001776,bftpd,nsfuzz,2,l_per,48.2
1776001776,bftpd,nsfuzz,2,l_abs,1085
1776001776,bftpd,nsfuzz,2,b_per,34.9
1776001776,bftpd,nsfuzz,2,b_abs,473
1776001783,bftpd,nsfuzz,2,l_per,48.2
1776001783,bftpd,nsfuzz,2,l_abs,1085
1776001783,bftpd,nsfuzz,2,b_per,34.9
1776001783,bftpd,nsfuzz,2,b_abs,473
1776001783,bftpd,nsfuzz,2,l_per,48.2
1776001783,bftpd,nsfuzz,2,l_abs,1085
1776001783,bftpd,nsfuzz,2,b_per,34.9
1776001783,bftpd,nsfuzz,2,b_abs,473
1776001783,bftpd,nsfuzz,2,l_per,48.2
1776001783,bftpd,nsfuzz,2,l_abs,1085
1776001783,bftpd,nsfuzz,2,b_per,34.9
1776001783,bftpd,nsfuzz,2,b_abs,473
1776001790,bftpd,nsfuzz,2,l_per,48.2
1776001790,bftpd,nsfuzz,2,l_abs,1085
1776001790,bftpd,nsfuzz,2,b_per,34.9
1776001790,bftpd,nsfuzz,2,b_abs,473
1776001812,bftpd,nsfuzz,2,l_per,48.2
1776001812,bftpd,nsfuzz,2,l_abs,1085
1776001812,bftpd,nsfuzz,2,b_per,34.9
1776001812,bftpd,nsfuzz,2,b_abs,473
1776001838,bftpd,nsfuzz,2,l_per,48.2
1776001838,bftpd,nsfuzz,2,l_abs,1085
1776001838,bftpd,nsfuzz,2,b_per,34.9
1776001838,bftpd,nsfuzz,2,b_abs,473
1776001840,bftpd,nsfuzz,2,l_per,48.2
1776001840,bftpd,nsfuzz,2,l_abs,1085
1776001840,bftpd,nsfuzz,2,b_per,34.9
1776001840,bftpd,nsfuzz,2,b_abs,473
1776001864,bftpd,nsfuzz,2,l_per,48.2
1776001864,bftpd,nsfuzz,2,l_abs,1085
1776001864,bftpd,nsfuzz,2,b_per,35.0
1776001864,bftpd,nsfuzz,2,b_abs,474
1776001884,bftpd,nsfuzz,2,l_per,48.2
1776001884,bftpd,nsfuzz,2,l_abs,1085
1776001884,bftpd,nsfuzz,2,b_per,35.0
1776001884,bftpd,nsfuzz,2,b_abs,474
1776001904,bftpd,nsfuzz,2,l_per,48.2
1776001904,bftpd,nsfuzz,2,l_abs,1085
1776001904,bftpd,nsfuzz,2,b_per,35.0
1776001904,bftpd,nsfuzz,2,b_abs,474
1776001910,bftpd,nsfuzz,2,l_per,48.2
1776001910,bftpd,nsfuzz,2,l_abs,1085
1776001910,bftpd,nsfuzz,2,b_per,35.1
1776001910,bftpd,nsfuzz,2,b_abs,475
1776001939,bftpd,nsfuzz,2,l_per,48.2
1776001939,bftpd,nsfuzz,2,l_abs,1085
1776001939,bftpd,nsfuzz,2,b_per,35.1
1776001939,bftpd,nsfuzz,2,b_abs,475
1776001969,bftpd,nsfuzz,2,l_per,48.2
1776001969,bftpd,nsfuzz,2,l_abs,1085
1776001969,bftpd,nsfuzz,2,b_per,35.1
1776001969,bftpd,nsfuzz,2,b_abs,475
1776001973,bftpd,nsfuzz,2,l_per,48.2
1776001973,bftpd,nsfuzz,2,l_abs,1085
1776001973,bftpd,nsfuzz,2,b_per,35.1
1776001973,bftpd,nsfuzz,2,b_abs,475
1776001997,bftpd,nsfuzz,2,l_per,48.2
1776001997,bftpd,nsfuzz,2,l_abs,1085
1776001997,bftpd,nsfuzz,2,b_per,35.1
1776001997,bftpd,nsfuzz,2,b_abs,475
1776002011,bftpd,nsfuzz,2,l_per,48.2
1776002011,bftpd,nsfuzz,2,l_abs,1085
1776002011,bftpd,nsfuzz,2,b_per,35.1
1776002011,bftpd,nsfuzz,2,b_abs,475
1776002024,bftpd,nsfuzz,2,l_per,48.2
1776002024,bftpd,nsfuzz,2,l_abs,1085
1776002024,bftpd,nsfuzz,2,b_per,35.1
1776002024,bftpd,nsfuzz,2,b_abs,475
1776002031,bftpd,nsfuzz,2,l_per,48.2
1776002031,bftpd,nsfuzz,2,l_abs,1085
1776002031,bftpd,nsfuzz,2,b_per,35.1
1776002031,bftpd,nsfuzz,2,b_abs,475
1776002033,bftpd,nsfuzz,2,l_per,48.2
1776002033,bftpd,nsfuzz,2,l_abs,1085
1776002033,bftpd,nsfuzz,2,b_per,35.1
1776002033,bftpd,nsfuzz,2,b_abs,475
1776002040,bftpd,nsfuzz,2,l_per,48.2
1776002040,bftpd,nsfuzz,2,l_abs,1085
1776002040,bftpd,nsfuzz,2,b_per,35.1
1776002040,bftpd,nsfuzz,2,b_abs,475
1776002057,bftpd,nsfuzz,2,l_per,48.2
1776002057,bftpd,nsfuzz,2,l_abs,1085
1776002057,bftpd,nsfuzz,2,b_per,35.1
1776002057,bftpd,nsfuzz,2,b_abs,475
1776002057,bftpd,nsfuzz,2,l_per,48.2
1776002057,bftpd,nsfuzz,2,l_abs,1085
1776002057,bftpd,nsfuzz,2,b_per,35.1
1776002057,bftpd,nsfuzz,2,b_abs,475
1776002079,bftpd,nsfuzz,2,l_per,48.2
1776002079,bftpd,nsfuzz,2,l_abs,1085
1776002079,bftpd,nsfuzz,2,b_per,35.1
1776002079,bftpd,nsfuzz,2,b_abs,475
1776002082,bftpd,nsfuzz,2,l_per,48.2
1776002082,bftpd,nsfuzz,2,l_abs,1085
1776002082,bftpd,nsfuzz,2,b_per,35.1
1776002082,bftpd,nsfuzz,2,b_abs,475
1776002103,bftpd,nsfuzz,2,l_per,48.2
1776002103,bftpd,nsfuzz,2,l_abs,1085
1776002103,bftpd,nsfuzz,2,b_per,35.1
1776002103,bftpd,nsfuzz,2,b_abs,475
1776002115,bftpd,nsfuzz,2,l_per,48.2
1776002115,bftpd,nsfuzz,2,l_abs,1085
1776002115,bftpd,nsfuzz,2,b_per,35.1
1776002115,bftpd,nsfuzz,2,b_abs,475
1776002132,bftpd,nsfuzz,2,l_per,48.2
1776002132,bftpd,nsfuzz,2,l_abs,1085
1776002132,bftpd,nsfuzz,2,b_per,35.1
1776002132,bftpd,nsfuzz,2,b_abs,475
1776002199,bftpd,nsfuzz,2,l_per,48.2
1776002199,bftpd,nsfuzz,2,l_abs,1085
1776002199,bftpd,nsfuzz,2,b_per,35.1
1776002199,bftpd,nsfuzz,2,b_abs,475
1776002204,bftpd,nsfuzz,2,l_per,48.2
1776002204,bftpd,nsfuzz,2,l_abs,1085
1776002204,bftpd,nsfuzz,2,b_per,35.1
1776002204,bftpd,nsfuzz,2,b_abs,475
1776002406,bftpd,nsfuzz,2,l_per,48.2
1776002406,bftpd,nsfuzz,2,l_abs,1085
1776002406,bftpd,nsfuzz,2,b_per,35.1
1776002406,bftpd,nsfuzz,2,b_abs,475
1776002407,bftpd,nsfuzz,2,l_per,48.2
1776002407,bftpd,nsfuzz,2,l_abs,1085
1776002407,bftpd,nsfuzz,2,b_per,35.1
1776002407,bftpd,nsfuzz,2,b_abs,475
1776002409,bftpd,nsfuzz,2,l_per,48.2
1776002409,bftpd,nsfuzz,2,l_abs,1085
1776002409,bftpd,nsfuzz,2,b_per,35.1
1776002409,bftpd,nsfuzz,2,b_abs,475
1776002415,bftpd,nsfuzz,2,l_per,48.2
1776002415,bftpd,nsfuzz,2,l_abs,1085
1776002415,bftpd,nsfuzz,2,b_per,35.1
1776002415,bftpd,nsfuzz,2,b_abs,475
1776002641,bftpd,nsfuzz,2,l_per,48.2
1776002641,bftpd,nsfuzz,2,l_abs,1085
1776002641,bftpd,nsfuzz,2,b_per,35.1
1776002641,bftpd,nsfuzz,2,b_abs,475
1776002917,bftpd,nsfuzz,2,l_per,48.2
1776002917,bftpd,nsfuzz,2,l_abs,1085
1776002917,bftpd,nsfuzz,2,b_per,35.1
1776002917,bftpd,nsfuzz,2,b_abs,475
1776003619,bftpd,nsfuzz,2,l_per,48.2
1776003619,bftpd,nsfuzz,2,l_abs,1085
1776003619,bftpd,nsfuzz,2,b_per,35.1
1776003619,bftpd,nsfuzz,2,b_abs,475
1776004261,bftpd,nsfuzz,2,l_per,48.2
1776004261,bftpd,nsfuzz,2,l_abs,1085
1776004261,bftpd,nsfuzz,2,b_per,35.1
1776004261,bftpd,nsfuzz,2,b_abs,475
1776004453,bftpd,nsfuzz,2,l_per,48.2
1776004453,bftpd,nsfuzz,2,l_abs,1085
1776004453,bftpd,nsfuzz,2,b_per,35.1
1776004453,bftpd,nsfuzz,2,b_abs,475
1776004504,bftpd,nsfuzz,2,l_per,48.2
1776004504,bftpd,nsfuzz,2,l_abs,1085
1776004504,bftpd,nsfuzz,2,b_per,35.1
1776004504,bftpd,nsfuzz,2,b_abs,475
1776004505,bftpd,nsfuzz,2,l_per,48.2
1776004505,bftpd,nsfuzz,2,l_abs,1085
1776004505,bftpd,nsfuzz,2,b_per,35.1
1776004505,bftpd,nsfuzz,2,b_abs,475
1776004695,bftpd,nsfuzz,2,l_per,48.2
1776004695,bftpd,nsfuzz,2,l_abs,1085
1776004695,bftpd,nsfuzz,2,b_per,35.1
1776004695,bftpd,nsfuzz,2,b_abs,475
1776005582,bftpd,nsfuzz,2,l_per,48.2
1776005582,bftpd,nsfuzz,2,l_abs,1085
1776005582,bftpd,nsfuzz,2,b_per,35.1
1776005582,bftpd,nsfuzz,2,b_abs,475
1776005584,bftpd,nsfuzz,2,l_per,48.2
1776005584,bftpd,nsfuzz,2,l_abs,1085
1776005584,bftpd,nsfuzz,2,b_per,35.1
1776005584,bftpd,nsfuzz,2,b_abs,475
1776005584,bftpd,nsfuzz,2,l_per,48.2
1776005584,bftpd,nsfuzz,2,l_abs,1085
1776005584,bftpd,nsfuzz,2,b_per,35.1
1776005584,bftpd,nsfuzz,2,b_abs,475
1776005587,bftpd,nsfuzz,2,l_per,48.2
1776005587,bftpd,nsfuzz,2,l_abs,1085
1776005587,bftpd,nsfuzz,2,b_per,35.1
1776005587,bftpd,nsfuzz,2,b_abs,475
1776005729,bftpd,nsfuzz,2,l_per,48.2
1776005729,bftpd,nsfuzz,2,l_abs,1085
1776005729,bftpd,nsfuzz,2,b_per,35.1
1776005729,bftpd,nsfuzz,2,b_abs,475
1776006138,bftpd,nsfuzz,2,l_per,48.2
1776006138,bftpd,nsfuzz,2,l_abs,1085
1776006138,bftpd,nsfuzz,2,b_per,35.1
1776006138,bftpd,nsfuzz,2,b_abs,475
1776006366,bftpd,nsfuzz,2,l_per,48.2
1776006366,bftpd,nsfuzz,2,l_abs,1085
1776006366,bftpd,nsfuzz,2,b_per,35.1
1776006366,bftpd,nsfuzz,2,b_abs,475
1776006401,bftpd,nsfuzz,2,l_per,48.2
1776006401,bftpd,nsfuzz,2,l_abs,1085
1776006401,bftpd,nsfuzz,2,b_per,35.1
1776006401,bftpd,nsfuzz,2,b_abs,475
1776006418,bftpd,nsfuzz,2,l_per,48.2
1776006418,bftpd,nsfuzz,2,l_abs,1085
1776006418,bftpd,nsfuzz,2,b_per,35.1
1776006418,bftpd,nsfuzz,2,b_abs,475
1776007402,bftpd,nsfuzz,2,l_per,48.2
1776007402,bftpd,nsfuzz,2,l_abs,1085
1776007402,bftpd,nsfuzz,2,b_per,35.1
1776007402,bftpd,nsfuzz,2,b_abs,475
1776007818,bftpd,nsfuzz,2,l_per,48.2
1776007818,bftpd,nsfuzz,2,l_abs,1085
1776007818,bftpd,nsfuzz,2,b_per,35.1
1776007818,bftpd,nsfuzz,2,b_abs,475
1776007821,bftpd,nsfuzz,2,l_per,48.2
1776007821,bftpd,nsfuzz,2,l_abs,1085
1776007821,bftpd,nsfuzz,2,b_per,35.1
1776007821,bftpd,nsfuzz,2,b_abs,475
1776007862,bftpd,nsfuzz,2,l_per,48.2
1776007862,bftpd,nsfuzz,2,l_abs,1085
1776007862,bftpd,nsfuzz,2,b_per,35.1
1776007862,bftpd,nsfuzz,2,b_abs,475
1776007865,bftpd,nsfuzz,2,l_per,48.2
1776007865,bftpd,nsfuzz,2,l_abs,1085
1776007865,bftpd,nsfuzz,2,b_per,35.1
1776007865,bftpd,nsfuzz,2,b_abs,475
1776007943,bftpd,nsfuzz,2,l_per,48.2
1776007943,bftpd,nsfuzz,2,l_abs,1085
1776007943,bftpd,nsfuzz,2,b_per,35.1
1776007943,bftpd,nsfuzz,2,b_abs,475
1776008002,bftpd,nsfuzz,2,l_per,48.2
1776008002,bftpd,nsfuzz,2,l_abs,1085
1776008002,bftpd,nsfuzz,2,b_per,35.1
1776008002,bftpd,nsfuzz,2,b_abs,475
1776008134,bftpd,nsfuzz,2,l_per,48.2
1776008134,bftpd,nsfuzz,2,l_abs,1085
1776008134,bftpd,nsfuzz,2,b_per,35.1
1776008134,bftpd,nsfuzz,2,b_abs,475
1776008135,bftpd,nsfuzz,2,l_per,48.2
1776008135,bftpd,nsfuzz,2,l_abs,1085
1776008135,bftpd,nsfuzz,2,b_per,35.1
1776008135,bftpd,nsfuzz,2,b_abs,475
1776008136,bftpd,nsfuzz,2,l_per,48.2
1776008136,bftpd,nsfuzz,2,l_abs,1085
1776008136,bftpd,nsfuzz,2,b_per,35.1
1776008136,bftpd,nsfuzz,2,b_abs,475
1776008136,bftpd,nsfuzz,2,l_per,48.2
1776008136,bftpd,nsfuzz,2,l_abs,1085
1776008136,bftpd,nsfuzz,2,b_per,35.1
1776008136,bftpd,nsfuzz,2,b_abs,475
1776008137,bftpd,nsfuzz,2,l_per,48.2
1776008137,bftpd,nsfuzz,2,l_abs,1085
1776008137,bftpd,nsfuzz,2,b_per,35.1
1776008137,bftpd,nsfuzz,2,b_abs,475
1776008188,bftpd,nsfuzz,2,l_per,48.2
1776008188,bftpd,nsfuzz,2,l_abs,1085
1776008188,bftpd,nsfuzz,2,b_per,35.1
1776008188,bftpd,nsfuzz,2,b_abs,475
1776008399,bftpd,nsfuzz,2,l_per,48.2
1776008399,bftpd,nsfuzz,2,l_abs,1085
1776008399,bftpd,nsfuzz,2,b_per,35.1
1776008399,bftpd,nsfuzz,2,b_abs,475
1776008475,bftpd,nsfuzz,2,l_per,48.2
1776008475,bftpd,nsfuzz,2,l_abs,1085
1776008475,bftpd,nsfuzz,2,b_per,35.1
1776008475,bftpd,nsfuzz,2,b_abs,475
1776008644,bftpd,nsfuzz,2,l_per,48.2
1776008644,bftpd,nsfuzz,2,l_abs,1085
1776008644,bftpd,nsfuzz,2,b_per,35.1
1776008644,bftpd,nsfuzz,2,b_abs,475
1776008647,bftpd,nsfuzz,2,l_per,48.2
1776008647,bftpd,nsfuzz,2,l_abs,1085
1776008647,bftpd,nsfuzz,2,b_per,35.1
1776008647,bftpd,nsfuzz,2,b_abs,475
1776009314,bftpd,nsfuzz,2,l_per,48.2
1776009314,bftpd,nsfuzz,2,l_abs,1085
1776009314,bftpd,nsfuzz,2,b_per,35.1
1776009314,bftpd,nsfuzz,2,b_abs,475
1776010637,bftpd,nsfuzz,2,l_per,48.2
1776010637,bftpd,nsfuzz,2,l_abs,1085
1776010637,bftpd,nsfuzz,2,b_per,35.1
1776010637,bftpd,nsfuzz,2,b_abs,475
1776010916,bftpd,nsfuzz,2,l_per,48.2
1776010916,bftpd,nsfuzz,2,l_abs,1085
1776010916,bftpd,nsfuzz,2,b_per,35.1
1776010916,bftpd,nsfuzz,2,b_abs,475
1776010928,bftpd,nsfuzz,2,l_per,48.2
1776010928,bftpd,nsfuzz,2,l_abs,1085
1776010928,bftpd,nsfuzz,2,b_per,35.1
1776010928,bftpd,nsfuzz,2,b_abs,475
1776010941,bftpd,nsfuzz,2,l_per,48.2
1776010941,bftpd,nsfuzz,2,l_abs,1085
1776010941,bftpd,nsfuzz,2,b_per,35.1
1776010941,bftpd,nsfuzz,2,b_abs,475
1776011136,bftpd,nsfuzz,2,l_per,48.2
1776011136,bftpd,nsfuzz,2,l_abs,1085
1776011136,bftpd,nsfuzz,2,b_per,35.1
1776011136,bftpd,nsfuzz,2,b_abs,475
1776027417,bftpd,nsfuzz,2,l_per,48.2
1776027417,bftpd,nsfuzz,2,l_abs,1085
1776027417,bftpd,nsfuzz,2,b_per,35.1
1776027417,bftpd,nsfuzz,2,b_abs,475
1776033638,bftpd,nsfuzz,2,l_per,48.2
1776033638,bftpd,nsfuzz,2,l_abs,1085
1776033638,bftpd,nsfuzz,2,b_per,35.1
1776033638,bftpd,nsfuzz,2,b_abs,475
1776034715,bftpd,nsfuzz,2,l_per,48.2
1776034715,bftpd,nsfuzz,2,l_abs,1085
1776034715,bftpd,nsfuzz,2,b_per,35.1
1776034715,bftpd,nsfuzz,2,b_abs,475
1776039303,bftpd,nsfuzz,2,l_per,48.2
1776039303,bftpd,nsfuzz,2,l_abs,1085
1776039303,bftpd,nsfuzz,2,b_per,35.1
1776039303,bftpd,nsfuzz,2,b_abs,475
1776041556,bftpd,nsfuzz,2,l_per,48.2
1776041556,bftpd,nsfuzz,2,l_abs,1085
1776041556,bftpd,nsfuzz,2,b_per,35.1
1776041556,bftpd,nsfuzz,2,b_abs,475
1776043550,bftpd,nsfuzz,2,l_per,48.2
1776043550,bftpd,nsfuzz,2,l_abs,1085
1776043550,bftpd,nsfuzz,2,b_per,35.1
1776043550,bftpd,nsfuzz,2,b_abs,475
1776054499,bftpd,nsfuzz,2,l_per,48.2
1776054499,bftpd,nsfuzz,2,l_abs,1085
1776054499,bftpd,nsfuzz,2,b_per,35.1
1776054499,bftpd,nsfuzz,2,b_abs,475
1776054858,bftpd,nsfuzz,2,l_per,48.2
1776054858,bftpd,nsfuzz,2,l_abs,1085
1776054858,bftpd,nsfuzz,2,b_per,35.1
1776054858,bftpd,nsfuzz,2,b_abs,475
1776066433,bftpd,nsfuzz,2,l_per,48.2
1776066433,bftpd,nsfuzz,2,l_abs,1085
1776066433,bftpd,nsfuzz,2,b_per,35.1
1776066433,bftpd,nsfuzz,2,b_abs,475
1776072531,bftpd,nsfuzz,2,l_per,48.2
1776072531,bftpd,nsfuzz,2,l_abs,1085
1776072531,bftpd,nsfuzz,2,b_per,35.1
1776072531,bftpd,nsfuzz,2,b_abs,475
1776074721,bftpd,nsfuzz,2,l_per,48.2
1776074721,bftpd,nsfuzz,2,l_abs,1085
1776074721,bftpd,nsfuzz,2,b_per,35.1
1776074721,bftpd,nsfuzz,2,b_abs,475
1776084756,bftpd,nsfuzz,2,l_per,48.2
1776084756,bftpd,nsfuzz,2,l_abs,1085
1776084756,bftpd,nsfuzz,2,b_per,35.1
1776084756,bftpd,nsfuzz,2,b_abs,475
1776001087,bftpd,nsfuzz,3,l_per,28.9
1776001087,bftpd,nsfuzz,3,l_abs,647
1776001087,bftpd,nsfuzz,3,b_per,18.5
1776001087,bftpd,nsfuzz,3,b_abs,251
1776001087,bftpd,nsfuzz,3,l_per,29.6
1776001087,bftpd,nsfuzz,3,l_abs,663
1776001087,bftpd,nsfuzz,3,b_per,19.1
1776001087,bftpd,nsfuzz,3,b_abs,258
1776001087,bftpd,nsfuzz,3,l_per,30.3
1776001087,bftpd,nsfuzz,3,l_abs,680
1776001087,bftpd,nsfuzz,3,b_per,19.4
1776001087,bftpd,nsfuzz,3,b_abs,263
1776001087,bftpd,nsfuzz,3,l_per,30.3
1776001087,bftpd,nsfuzz,3,l_abs,680
1776001087,bftpd,nsfuzz,3,b_per,19.4
1776001087,bftpd,nsfuzz,3,b_abs,263
1776001087,bftpd,nsfuzz,3,l_per,33.2
1776001087,bftpd,nsfuzz,3,l_abs,744
1776001087,bftpd,nsfuzz,3,b_per,20.8
1776001087,bftpd,nsfuzz,3,b_abs,281
1776001087,bftpd,nsfuzz,3,l_per,35.2
1776001087,bftpd,nsfuzz,3,l_abs,791
1776001087,bftpd,nsfuzz,3,b_per,22.5
1776001087,bftpd,nsfuzz,3,b_abs,304
1776001087,bftpd,nsfuzz,3,l_per,35.2
1776001087,bftpd,nsfuzz,3,l_abs,791
1776001087,bftpd,nsfuzz,3,b_per,22.5
1776001087,bftpd,nsfuzz,3,b_abs,304
1776001087,bftpd,nsfuzz,3,l_per,35.3
1776001087,bftpd,nsfuzz,3,l_abs,792
1776001087,bftpd,nsfuzz,3,b_per,22.6
1776001087,bftpd,nsfuzz,3,b_abs,306
1776001087,bftpd,nsfuzz,3,l_per,35.4
1776001087,bftpd,nsfuzz,3,l_abs,795
1776001087,bftpd,nsfuzz,3,b_per,22.6
1776001087,bftpd,nsfuzz,3,b_abs,306
1776001087,bftpd,nsfuzz,3,l_per,35.4
1776001087,bftpd,nsfuzz,3,l_abs,795
1776001087,bftpd,nsfuzz,3,b_per,22.6
1776001087,bftpd,nsfuzz,3,b_abs,306
1776001087,bftpd,nsfuzz,3,l_per,35.5
1776001087,bftpd,nsfuzz,3,l_abs,797
1776001087,bftpd,nsfuzz,3,b_per,22.7
1776001087,bftpd,nsfuzz,3,b_abs,307
1776001087,bftpd,nsfuzz,3,l_per,39.8
1776001087,bftpd,nsfuzz,3,l_abs,894
1776001087,bftpd,nsfuzz,3,b_per,26.4
1776001087,bftpd,nsfuzz,3,b_abs,357
1776001087,bftpd,nsfuzz,3,l_per,39.8
1776001087,bftpd,nsfuzz,3,l_abs,894
1776001087,bftpd,nsfuzz,3,b_per,26.4
1776001087,bftpd,nsfuzz,3,b_abs,357
1776001087,bftpd,nsfuzz,3,l_per,39.8
1776001087,bftpd,nsfuzz,3,l_abs,894
1776001087,bftpd,nsfuzz,3,b_per,26.4
1776001087,bftpd,nsfuzz,3,b_abs,357
1776001087,bftpd,nsfuzz,3,l_per,39.8
1776001087,bftpd,nsfuzz,3,l_abs,895
1776001087,bftpd,nsfuzz,3,b_per,26.4
1776001087,bftpd,nsfuzz,3,b_abs,358
1776001087,bftpd,nsfuzz,3,l_per,40.9
1776001087,bftpd,nsfuzz,3,l_abs,919
1776001087,bftpd,nsfuzz,3,b_per,27.1
1776001087,bftpd,nsfuzz,3,b_abs,367
1776001087,bftpd,nsfuzz,3,l_per,40.9
1776001087,bftpd,nsfuzz,3,l_abs,919
1776001087,bftpd,nsfuzz,3,b_per,27.1
1776001087,bftpd,nsfuzz,3,b_abs,367
1776001087,bftpd,nsfuzz,3,l_per,41.1
1776001087,bftpd,nsfuzz,3,l_abs,925
1776001087,bftpd,nsfuzz,3,b_per,27.3
1776001087,bftpd,nsfuzz,3,b_abs,370
1776001087,bftpd,nsfuzz,3,l_per,41.3
1776001087,bftpd,nsfuzz,3,l_abs,928
1776001087,bftpd,nsfuzz,3,b_per,27.4
1776001087,bftpd,nsfuzz,3,b_abs,371
1776001087,bftpd,nsfuzz,3,l_per,41.3
1776001087,bftpd,nsfuzz,3,l_abs,928
1776001087,bftpd,nsfuzz,3,b_per,27.4
1776001087,bftpd,nsfuzz,3,b_abs,371
1776001087,bftpd,nsfuzz,3,l_per,41.3
1776001087,bftpd,nsfuzz,3,l_abs,928
1776001087,bftpd,nsfuzz,3,b_per,27.4
1776001087,bftpd,nsfuzz,3,b_abs,371
1776001087,bftpd,nsfuzz,3,l_per,41.3
1776001087,bftpd,nsfuzz,3,l_abs,928
1776001087,bftpd,nsfuzz,3,b_per,27.4
1776001087,bftpd,nsfuzz,3,b_abs,371
1776001087,bftpd,nsfuzz,3,l_per,41.3
1776001087,bftpd,nsfuzz,3,l_abs,928
1776001087,bftpd,nsfuzz,3,b_per,27.4
1776001087,bftpd,nsfuzz,3,b_abs,371
1776001087,bftpd,nsfuzz,3,l_per,41.3
1776001087,bftpd,nsfuzz,3,l_abs,928
1776001087,bftpd,nsfuzz,3,b_per,27.4
1776001087,bftpd,nsfuzz,3,b_abs,371
1776001087,bftpd,nsfuzz,3,l_per,41.3
1776001087,bftpd,nsfuzz,3,l_abs,928
1776001087,bftpd,nsfuzz,3,b_per,27.4
1776001087,bftpd,nsfuzz,3,b_abs,371
1776001087,bftpd,nsfuzz,3,l_per,41.9
1776001087,bftpd,nsfuzz,3,l_abs,942
1776001087,bftpd,nsfuzz,3,b_per,27.8
1776001087,bftpd,nsfuzz,3,b_abs,376
1776001091,bftpd,nsfuzz,3,l_per,42.0
1776001091,bftpd,nsfuzz,3,l_abs,945
1776001091,bftpd,nsfuzz,3,b_per,28.2
1776001091,bftpd,nsfuzz,3,b_abs,382
1776001091,bftpd,nsfuzz,3,l_per,42.1
1776001091,bftpd,nsfuzz,3,l_abs,946
1776001091,bftpd,nsfuzz,3,b_per,28.3
1776001091,bftpd,nsfuzz,3,b_abs,383
1776001091,bftpd,nsfuzz,3,l_per,42.1
1776001091,bftpd,nsfuzz,3,l_abs,946
1776001091,bftpd,nsfuzz,3,b_per,28.3
1776001091,bftpd,nsfuzz,3,b_abs,383
1776001091,bftpd,nsfuzz,3,l_per,42.1
1776001091,bftpd,nsfuzz,3,l_abs,946
1776001091,bftpd,nsfuzz,3,b_per,28.4
1776001091,bftpd,nsfuzz,3,b_abs,384
1776001091,bftpd,nsfuzz,3,l_per,42.4
1776001091,bftpd,nsfuzz,3,l_abs,953
1776001091,bftpd,nsfuzz,3,b_per,28.7
1776001091,bftpd,nsfuzz,3,b_abs,388
1776001091,bftpd,nsfuzz,3,l_per,42.4
1776001091,bftpd,nsfuzz,3,l_abs,953
1776001091,bftpd,nsfuzz,3,b_per,28.7
1776001091,bftpd,nsfuzz,3,b_abs,388
1776001091,bftpd,nsfuzz,3,l_per,42.4
1776001091,bftpd,nsfuzz,3,l_abs,953
1776001091,bftpd,nsfuzz,3,b_per,28.7
1776001091,bftpd,nsfuzz,3,b_abs,388
1776001092,bftpd,nsfuzz,3,l_per,42.4
1776001092,bftpd,nsfuzz,3,l_abs,953
1776001092,bftpd,nsfuzz,3,b_per,28.7
1776001092,bftpd,nsfuzz,3,b_abs,388
1776001092,bftpd,nsfuzz,3,l_per,42.4
1776001092,bftpd,nsfuzz,3,l_abs,953
1776001092,bftpd,nsfuzz,3,b_per,28.7
1776001092,bftpd,nsfuzz,3,b_abs,388
1776001092,bftpd,nsfuzz,3,l_per,42.4
1776001092,bftpd,nsfuzz,3,l_abs,953
1776001092,bftpd,nsfuzz,3,b_per,28.7
1776001092,bftpd,nsfuzz,3,b_abs,388
1776001092,bftpd,nsfuzz,3,l_per,42.4
1776001092,bftpd,nsfuzz,3,l_abs,953
1776001092,bftpd,nsfuzz,3,b_per,28.7
1776001092,bftpd,nsfuzz,3,b_abs,388
1776001092,bftpd,nsfuzz,3,l_per,42.4
1776001092,bftpd,nsfuzz,3,l_abs,953
1776001092,bftpd,nsfuzz,3,b_per,28.7
1776001092,bftpd,nsfuzz,3,b_abs,388
1776001092,bftpd,nsfuzz,3,l_per,42.4
1776001092,bftpd,nsfuzz,3,l_abs,953
1776001092,bftpd,nsfuzz,3,b_per,28.7
1776001092,bftpd,nsfuzz,3,b_abs,388
1776001092,bftpd,nsfuzz,3,l_per,42.4
1776001092,bftpd,nsfuzz,3,l_abs,953
1776001092,bftpd,nsfuzz,3,b_per,28.7
1776001092,bftpd,nsfuzz,3,b_abs,388
1776001092,bftpd,nsfuzz,3,l_per,42.4
1776001092,bftpd,nsfuzz,3,l_abs,953
1776001092,bftpd,nsfuzz,3,b_per,28.7
1776001092,bftpd,nsfuzz,3,b_abs,388
1776001092,bftpd,nsfuzz,3,l_per,42.4
1776001092,bftpd,nsfuzz,3,l_abs,953
1776001092,bftpd,nsfuzz,3,b_per,28.7
1776001092,bftpd,nsfuzz,3,b_abs,388
1776001093,bftpd,nsfuzz,3,l_per,42.4
1776001093,bftpd,nsfuzz,3,l_abs,953
1776001093,bftpd,nsfuzz,3,b_per,28.7
1776001093,bftpd,nsfuzz,3,b_abs,388
1776001093,bftpd,nsfuzz,3,l_per,42.4
1776001093,bftpd,nsfuzz,3,l_abs,953
1776001093,bftpd,nsfuzz,3,b_per,28.7
1776001093,bftpd,nsfuzz,3,b_abs,388
1776001093,bftpd,nsfuzz,3,l_per,42.4
1776001093,bftpd,nsfuzz,3,l_abs,953
1776001093,bftpd,nsfuzz,3,b_per,28.7
1776001093,bftpd,nsfuzz,3,b_abs,388
1776001093,bftpd,nsfuzz,3,l_per,42.4
1776001093,bftpd,nsfuzz,3,l_abs,953
1776001093,bftpd,nsfuzz,3,b_per,28.7
1776001093,bftpd,nsfuzz,3,b_abs,388
1776001093,bftpd,nsfuzz,3,l_per,42.4
1776001093,bftpd,nsfuzz,3,l_abs,953
1776001093,bftpd,nsfuzz,3,b_per,28.7
1776001093,bftpd,nsfuzz,3,b_abs,388
1776001093,bftpd,nsfuzz,3,l_per,42.5
1776001093,bftpd,nsfuzz,3,l_abs,955
1776001093,bftpd,nsfuzz,3,b_per,28.7
1776001093,bftpd,nsfuzz,3,b_abs,389
1776001093,bftpd,nsfuzz,3,l_per,42.5
1776001093,bftpd,nsfuzz,3,l_abs,955
1776001093,bftpd,nsfuzz,3,b_per,28.7
1776001093,bftpd,nsfuzz,3,b_abs,389
1776001093,bftpd,nsfuzz,3,l_per,42.5
1776001093,bftpd,nsfuzz,3,l_abs,955
1776001093,bftpd,nsfuzz,3,b_per,28.7
1776001093,bftpd,nsfuzz,3,b_abs,389
1776001093,bftpd,nsfuzz,3,l_per,42.5
1776001093,bftpd,nsfuzz,3,l_abs,955
1776001093,bftpd,nsfuzz,3,b_per,28.7
1776001093,bftpd,nsfuzz,3,b_abs,389
1776001093,bftpd,nsfuzz,3,l_per,42.5
1776001093,bftpd,nsfuzz,3,l_abs,955
1776001093,bftpd,nsfuzz,3,b_per,28.7
1776001093,bftpd,nsfuzz,3,b_abs,389
1776001093,bftpd,nsfuzz,3,l_per,42.5
1776001093,bftpd,nsfuzz,3,l_abs,955
1776001093,bftpd,nsfuzz,3,b_per,28.7
1776001093,bftpd,nsfuzz,3,b_abs,389
1776001093,bftpd,nsfuzz,3,l_per,42.5
1776001093,bftpd,nsfuzz,3,l_abs,955
1776001093,bftpd,nsfuzz,3,b_per,28.7
1776001093,bftpd,nsfuzz,3,b_abs,389
1776001093,bftpd,nsfuzz,3,l_per,42.6
1776001093,bftpd,nsfuzz,3,l_abs,957
1776001093,bftpd,nsfuzz,3,b_per,28.9
1776001093,bftpd,nsfuzz,3,b_abs,391
1776001093,bftpd,nsfuzz,3,l_per,42.6
1776001093,bftpd,nsfuzz,3,l_abs,957
1776001093,bftpd,nsfuzz,3,b_per,28.9
1776001093,bftpd,nsfuzz,3,b_abs,391
1776001093,bftpd,nsfuzz,3,l_per,42.6
1776001093,bftpd,nsfuzz,3,l_abs,957
1776001093,bftpd,nsfuzz,3,b_per,28.9
1776001093,bftpd,nsfuzz,3,b_abs,391
1776001093,bftpd,nsfuzz,3,l_per,42.6
1776001093,bftpd,nsfuzz,3,l_abs,957
1776001093,bftpd,nsfuzz,3,b_per,28.9
1776001093,bftpd,nsfuzz,3,b_abs,391
1776001094,bftpd,nsfuzz,3,l_per,42.6
1776001094,bftpd,nsfuzz,3,l_abs,957
1776001094,bftpd,nsfuzz,3,b_per,28.9
1776001094,bftpd,nsfuzz,3,b_abs,391
1776001094,bftpd,nsfuzz,3,l_per,42.6
1776001094,bftpd,nsfuzz,3,l_abs,957
1776001094,bftpd,nsfuzz,3,b_per,28.9
1776001094,bftpd,nsfuzz,3,b_abs,391
1776001094,bftpd,nsfuzz,3,l_per,42.6
1776001094,bftpd,nsfuzz,3,l_abs,957
1776001094,bftpd,nsfuzz,3,b_per,28.9
1776001094,bftpd,nsfuzz,3,b_abs,391
1776001094,bftpd,nsfuzz,3,l_per,42.6
1776001094,bftpd,nsfuzz,3,l_abs,957
1776001094,bftpd,nsfuzz,3,b_per,28.9
1776001094,bftpd,nsfuzz,3,b_abs,391
1776001095,bftpd,nsfuzz,3,l_per,42.6
1776001095,bftpd,nsfuzz,3,l_abs,957
1776001095,bftpd,nsfuzz,3,b_per,28.9
1776001095,bftpd,nsfuzz,3,b_abs,391
1776001095,bftpd,nsfuzz,3,l_per,42.6
1776001095,bftpd,nsfuzz,3,l_abs,957
1776001095,bftpd,nsfuzz,3,b_per,28.9
1776001095,bftpd,nsfuzz,3,b_abs,391
1776001095,bftpd,nsfuzz,3,l_per,42.7
1776001095,bftpd,nsfuzz,3,l_abs,959
1776001095,bftpd,nsfuzz,3,b_per,29.0
1776001095,bftpd,nsfuzz,3,b_abs,392
1776001095,bftpd,nsfuzz,3,l_per,42.7
1776001095,bftpd,nsfuzz,3,l_abs,959
1776001095,bftpd,nsfuzz,3,b_per,29.0
1776001095,bftpd,nsfuzz,3,b_abs,392
1776001096,bftpd,nsfuzz,3,l_per,42.7
1776001096,bftpd,nsfuzz,3,l_abs,959
1776001096,bftpd,nsfuzz,3,b_per,29.0
1776001096,bftpd,nsfuzz,3,b_abs,392
1776001096,bftpd,nsfuzz,3,l_per,42.7
1776001096,bftpd,nsfuzz,3,l_abs,959
1776001096,bftpd,nsfuzz,3,b_per,29.0
1776001096,bftpd,nsfuzz,3,b_abs,392
1776001096,bftpd,nsfuzz,3,l_per,42.9
1776001096,bftpd,nsfuzz,3,l_abs,964
1776001096,bftpd,nsfuzz,3,b_per,29.1
1776001096,bftpd,nsfuzz,3,b_abs,394
1776001096,bftpd,nsfuzz,3,l_per,42.9
1776001096,bftpd,nsfuzz,3,l_abs,964
1776001096,bftpd,nsfuzz,3,b_per,29.2
1776001096,bftpd,nsfuzz,3,b_abs,395
1776001096,bftpd,nsfuzz,3,l_per,42.9
1776001096,bftpd,nsfuzz,3,l_abs,964
1776001096,bftpd,nsfuzz,3,b_per,29.2
1776001096,bftpd,nsfuzz,3,b_abs,395
1776001096,bftpd,nsfuzz,3,l_per,42.9
1776001096,bftpd,nsfuzz,3,l_abs,964
1776001096,bftpd,nsfuzz,3,b_per,29.2
1776001096,bftpd,nsfuzz,3,b_abs,395
1776001096,bftpd,nsfuzz,3,l_per,42.9
1776001096,bftpd,nsfuzz,3,l_abs,964
1776001096,bftpd,nsfuzz,3,b_per,29.2
1776001096,bftpd,nsfuzz,3,b_abs,395
1776001096,bftpd,nsfuzz,3,l_per,42.9
1776001096,bftpd,nsfuzz,3,l_abs,964
1776001096,bftpd,nsfuzz,3,b_per,29.2
1776001096,bftpd,nsfuzz,3,b_abs,395
1776001097,bftpd,nsfuzz,3,l_per,42.9
1776001097,bftpd,nsfuzz,3,l_abs,964
1776001097,bftpd,nsfuzz,3,b_per,29.2
1776001097,bftpd,nsfuzz,3,b_abs,395
1776001097,bftpd,nsfuzz,3,l_per,42.9
1776001097,bftpd,nsfuzz,3,l_abs,964
1776001097,bftpd,nsfuzz,3,b_per,29.2
1776001097,bftpd,nsfuzz,3,b_abs,395
1776001097,bftpd,nsfuzz,3,l_per,42.9
1776001097,bftpd,nsfuzz,3,l_abs,964
1776001097,bftpd,nsfuzz,3,b_per,29.2
1776001097,bftpd,nsfuzz,3,b_abs,395
1776001097,bftpd,nsfuzz,3,l_per,42.9
1776001097,bftpd,nsfuzz,3,l_abs,964
1776001097,bftpd,nsfuzz,3,b_per,29.2
1776001097,bftpd,nsfuzz,3,b_abs,395
1776001097,bftpd,nsfuzz,3,l_per,42.9
1776001097,bftpd,nsfuzz,3,l_abs,964
1776001097,bftpd,nsfuzz,3,b_per,29.2
1776001097,bftpd,nsfuzz,3,b_abs,395
1776001098,bftpd,nsfuzz,3,l_per,42.9
1776001098,bftpd,nsfuzz,3,l_abs,964
1776001098,bftpd,nsfuzz,3,b_per,29.2
1776001098,bftpd,nsfuzz,3,b_abs,395
1776001098,bftpd,nsfuzz,3,l_per,42.9
1776001098,bftpd,nsfuzz,3,l_abs,964
1776001098,bftpd,nsfuzz,3,b_per,29.2
1776001098,bftpd,nsfuzz,3,b_abs,395
1776001099,bftpd,nsfuzz,3,l_per,42.9
1776001099,bftpd,nsfuzz,3,l_abs,964
1776001099,bftpd,nsfuzz,3,b_per,29.2
1776001099,bftpd,nsfuzz,3,b_abs,395
1776001099,bftpd,nsfuzz,3,l_per,42.9
1776001099,bftpd,nsfuzz,3,l_abs,964
1776001099,bftpd,nsfuzz,3,b_per,29.2
1776001099,bftpd,nsfuzz,3,b_abs,395
1776001099,bftpd,nsfuzz,3,l_per,43.4
1776001099,bftpd,nsfuzz,3,l_abs,975
1776001099,bftpd,nsfuzz,3,b_per,29.5
1776001099,bftpd,nsfuzz,3,b_abs,399
1776001099,bftpd,nsfuzz,3,l_per,43.4
1776001099,bftpd,nsfuzz,3,l_abs,975
1776001099,bftpd,nsfuzz,3,b_per,29.5
1776001099,bftpd,nsfuzz,3,b_abs,399
1776001100,bftpd,nsfuzz,3,l_per,43.7
1776001100,bftpd,nsfuzz,3,l_abs,982
1776001100,bftpd,nsfuzz,3,b_per,29.7
1776001100,bftpd,nsfuzz,3,b_abs,402
1776001100,bftpd,nsfuzz,3,l_per,43.7
1776001100,bftpd,nsfuzz,3,l_abs,982
1776001100,bftpd,nsfuzz,3,b_per,29.7
1776001100,bftpd,nsfuzz,3,b_abs,402
1776001100,bftpd,nsfuzz,3,l_per,43.7
1776001100,bftpd,nsfuzz,3,l_abs,982
1776001100,bftpd,nsfuzz,3,b_per,29.7
1776001100,bftpd,nsfuzz,3,b_abs,402
1776001101,bftpd,nsfuzz,3,l_per,43.7
1776001101,bftpd,nsfuzz,3,l_abs,982
1776001101,bftpd,nsfuzz,3,b_per,29.7
1776001101,bftpd,nsfuzz,3,b_abs,402
1776001101,bftpd,nsfuzz,3,l_per,43.7
1776001101,bftpd,nsfuzz,3,l_abs,982
1776001101,bftpd,nsfuzz,3,b_per,29.7
1776001101,bftpd,nsfuzz,3,b_abs,402
1776001101,bftpd,nsfuzz,3,l_per,43.8
1776001101,bftpd,nsfuzz,3,l_abs,984
1776001101,bftpd,nsfuzz,3,b_per,29.8
1776001101,bftpd,nsfuzz,3,b_abs,403
1776001101,bftpd,nsfuzz,3,l_per,43.8
1776001101,bftpd,nsfuzz,3,l_abs,984
1776001101,bftpd,nsfuzz,3,b_per,29.8
1776001101,bftpd,nsfuzz,3,b_abs,403
1776001101,bftpd,nsfuzz,3,l_per,43.8
1776001101,bftpd,nsfuzz,3,l_abs,984
1776001101,bftpd,nsfuzz,3,b_per,29.8
1776001101,bftpd,nsfuzz,3,b_abs,403
1776001101,bftpd,nsfuzz,3,l_per,43.8
1776001101,bftpd,nsfuzz,3,l_abs,984
1776001101,bftpd,nsfuzz,3,b_per,29.8
1776001101,bftpd,nsfuzz,3,b_abs,403
1776001101,bftpd,nsfuzz,3,l_per,43.8
1776001101,bftpd,nsfuzz,3,l_abs,984
1776001101,bftpd,nsfuzz,3,b_per,29.8
1776001101,bftpd,nsfuzz,3,b_abs,403
1776001101,bftpd,nsfuzz,3,l_per,43.8
1776001101,bftpd,nsfuzz,3,l_abs,984
1776001101,bftpd,nsfuzz,3,b_per,29.8
1776001101,bftpd,nsfuzz,3,b_abs,403
1776001101,bftpd,nsfuzz,3,l_per,43.8
1776001101,bftpd,nsfuzz,3,l_abs,984
1776001101,bftpd,nsfuzz,3,b_per,29.8
1776001101,bftpd,nsfuzz,3,b_abs,403
1776001102,bftpd,nsfuzz,3,l_per,44.2
1776001102,bftpd,nsfuzz,3,l_abs,994
1776001102,bftpd,nsfuzz,3,b_per,30.1
1776001102,bftpd,nsfuzz,3,b_abs,408
1776001102,bftpd,nsfuzz,3,l_per,44.2
1776001102,bftpd,nsfuzz,3,l_abs,994
1776001102,bftpd,nsfuzz,3,b_per,30.1
1776001102,bftpd,nsfuzz,3,b_abs,408
1776001102,bftpd,nsfuzz,3,l_per,44.2
1776001102,bftpd,nsfuzz,3,l_abs,994
1776001102,bftpd,nsfuzz,3,b_per,30.1
1776001102,bftpd,nsfuzz,3,b_abs,408
1776001102,bftpd,nsfuzz,3,l_per,44.2
1776001102,bftpd,nsfuzz,3,l_abs,994
1776001102,bftpd,nsfuzz,3,b_per,30.1
1776001102,bftpd,nsfuzz,3,b_abs,408
1776001102,bftpd,nsfuzz,3,l_per,44.3
1776001102,bftpd,nsfuzz,3,l_abs,996
1776001102,bftpd,nsfuzz,3,b_per,30.4
1776001102,bftpd,nsfuzz,3,b_abs,412
1776001102,bftpd,nsfuzz,3,l_per,44.3
1776001102,bftpd,nsfuzz,3,l_abs,996
1776001102,bftpd,nsfuzz,3,b_per,30.4
1776001102,bftpd,nsfuzz,3,b_abs,412
1776001103,bftpd,nsfuzz,3,l_per,44.3
1776001103,bftpd,nsfuzz,3,l_abs,996
1776001103,bftpd,nsfuzz,3,b_per,30.4
1776001103,bftpd,nsfuzz,3,b_abs,412
1776001103,bftpd,nsfuzz,3,l_per,44.3
1776001103,bftpd,nsfuzz,3,l_abs,996
1776001103,bftpd,nsfuzz,3,b_per,30.4
1776001103,bftpd,nsfuzz,3,b_abs,412
1776001103,bftpd,nsfuzz,3,l_per,44.3
1776001103,bftpd,nsfuzz,3,l_abs,996
1776001103,bftpd,nsfuzz,3,b_per,30.4
1776001103,bftpd,nsfuzz,3,b_abs,412
1776001103,bftpd,nsfuzz,3,l_per,44.4
1776001103,bftpd,nsfuzz,3,l_abs,997
1776001103,bftpd,nsfuzz,3,b_per,30.5
1776001103,bftpd,nsfuzz,3,b_abs,413
1776001103,bftpd,nsfuzz,3,l_per,44.4
1776001103,bftpd,nsfuzz,3,l_abs,997
1776001103,bftpd,nsfuzz,3,b_per,30.5
1776001103,bftpd,nsfuzz,3,b_abs,413
1776001103,bftpd,nsfuzz,3,l_per,44.4
1776001103,bftpd,nsfuzz,3,l_abs,997
1776001103,bftpd,nsfuzz,3,b_per,30.5
1776001103,bftpd,nsfuzz,3,b_abs,413
1776001103,bftpd,nsfuzz,3,l_per,44.4
1776001103,bftpd,nsfuzz,3,l_abs,997
1776001103,bftpd,nsfuzz,3,b_per,30.5
1776001103,bftpd,nsfuzz,3,b_abs,413
1776001104,bftpd,nsfuzz,3,l_per,44.4
1776001104,bftpd,nsfuzz,3,l_abs,997
1776001104,bftpd,nsfuzz,3,b_per,30.5
1776001104,bftpd,nsfuzz,3,b_abs,413
1776001104,bftpd,nsfuzz,3,l_per,44.4
1776001104,bftpd,nsfuzz,3,l_abs,997
1776001104,bftpd,nsfuzz,3,b_per,30.5
1776001104,bftpd,nsfuzz,3,b_abs,413
1776001104,bftpd,nsfuzz,3,l_per,44.4
1776001104,bftpd,nsfuzz,3,l_abs,997
1776001104,bftpd,nsfuzz,3,b_per,30.5
1776001104,bftpd,nsfuzz,3,b_abs,413
1776001104,bftpd,nsfuzz,3,l_per,44.4
1776001104,bftpd,nsfuzz,3,l_abs,999
1776001104,bftpd,nsfuzz,3,b_per,30.6
1776001104,bftpd,nsfuzz,3,b_abs,414
1776001104,bftpd,nsfuzz,3,l_per,44.4
1776001104,bftpd,nsfuzz,3,l_abs,999
1776001104,bftpd,nsfuzz,3,b_per,30.6
1776001104,bftpd,nsfuzz,3,b_abs,414
1776001104,bftpd,nsfuzz,3,l_per,44.4
1776001104,bftpd,nsfuzz,3,l_abs,999
1776001104,bftpd,nsfuzz,3,b_per,30.6
1776001104,bftpd,nsfuzz,3,b_abs,414
1776001104,bftpd,nsfuzz,3,l_per,44.4
1776001104,bftpd,nsfuzz,3,l_abs,999
1776001104,bftpd,nsfuzz,3,b_per,30.6
1776001104,bftpd,nsfuzz,3,b_abs,414
1776001105,bftpd,nsfuzz,3,l_per,44.4
1776001105,bftpd,nsfuzz,3,l_abs,999
1776001105,bftpd,nsfuzz,3,b_per,30.6
1776001105,bftpd,nsfuzz,3,b_abs,414
1776001105,bftpd,nsfuzz,3,l_per,44.4
1776001105,bftpd,nsfuzz,3,l_abs,999
1776001105,bftpd,nsfuzz,3,b_per,30.6
1776001105,bftpd,nsfuzz,3,b_abs,414
1776001106,bftpd,nsfuzz,3,l_per,44.4
1776001106,bftpd,nsfuzz,3,l_abs,999
1776001106,bftpd,nsfuzz,3,b_per,30.6
1776001106,bftpd,nsfuzz,3,b_abs,414
1776001107,bftpd,nsfuzz,3,l_per,44.4
1776001107,bftpd,nsfuzz,3,l_abs,999
1776001107,bftpd,nsfuzz,3,b_per,30.6
1776001107,bftpd,nsfuzz,3,b_abs,414
1776001107,bftpd,nsfuzz,3,l_per,44.5
1776001107,bftpd,nsfuzz,3,l_abs,1000
1776001107,bftpd,nsfuzz,3,b_per,30.6
1776001107,bftpd,nsfuzz,3,b_abs,415
1776001108,bftpd,nsfuzz,3,l_per,44.5
1776001108,bftpd,nsfuzz,3,l_abs,1000
1776001108,bftpd,nsfuzz,3,b_per,30.6
1776001108,bftpd,nsfuzz,3,b_abs,415
1776001108,bftpd,nsfuzz,3,l_per,44.5
1776001108,bftpd,nsfuzz,3,l_abs,1000
1776001108,bftpd,nsfuzz,3,b_per,30.6
1776001108,bftpd,nsfuzz,3,b_abs,415
1776001109,bftpd,nsfuzz,3,l_per,44.5
1776001109,bftpd,nsfuzz,3,l_abs,1000
1776001109,bftpd,nsfuzz,3,b_per,30.6
1776001109,bftpd,nsfuzz,3,b_abs,415
1776001109,bftpd,nsfuzz,3,l_per,44.5
1776001109,bftpd,nsfuzz,3,l_abs,1000
1776001109,bftpd,nsfuzz,3,b_per,30.6
1776001109,bftpd,nsfuzz,3,b_abs,415
1776001109,bftpd,nsfuzz,3,l_per,44.5
1776001109,bftpd,nsfuzz,3,l_abs,1001
1776001109,bftpd,nsfuzz,3,b_per,30.7
1776001109,bftpd,nsfuzz,3,b_abs,416
1776001109,bftpd,nsfuzz,3,l_per,44.5
1776001109,bftpd,nsfuzz,3,l_abs,1001
1776001109,bftpd,nsfuzz,3,b_per,30.7
1776001109,bftpd,nsfuzz,3,b_abs,416
1776001109,bftpd,nsfuzz,3,l_per,44.5
1776001109,bftpd,nsfuzz,3,l_abs,1001
1776001109,bftpd,nsfuzz,3,b_per,30.7
1776001109,bftpd,nsfuzz,3,b_abs,416
1776001109,bftpd,nsfuzz,3,l_per,44.5
1776001109,bftpd,nsfuzz,3,l_abs,1001
1776001109,bftpd,nsfuzz,3,b_per,30.7
1776001109,bftpd,nsfuzz,3,b_abs,416
1776001109,bftpd,nsfuzz,3,l_per,44.5
1776001109,bftpd,nsfuzz,3,l_abs,1001
1776001109,bftpd,nsfuzz,3,b_per,30.7
1776001109,bftpd,nsfuzz,3,b_abs,416
1776001109,bftpd,nsfuzz,3,l_per,44.5
1776001109,bftpd,nsfuzz,3,l_abs,1001
1776001109,bftpd,nsfuzz,3,b_per,30.7
1776001109,bftpd,nsfuzz,3,b_abs,416
1776001110,bftpd,nsfuzz,3,l_per,44.5
1776001110,bftpd,nsfuzz,3,l_abs,1001
1776001110,bftpd,nsfuzz,3,b_per,30.7
1776001110,bftpd,nsfuzz,3,b_abs,416
1776001110,bftpd,nsfuzz,3,l_per,44.5
1776001110,bftpd,nsfuzz,3,l_abs,1001
1776001110,bftpd,nsfuzz,3,b_per,30.7
1776001110,bftpd,nsfuzz,3,b_abs,416
1776001110,bftpd,nsfuzz,3,l_per,44.5
1776001110,bftpd,nsfuzz,3,l_abs,1001
1776001110,bftpd,nsfuzz,3,b_per,30.7
1776001110,bftpd,nsfuzz,3,b_abs,416
1776001110,bftpd,nsfuzz,3,l_per,44.5
1776001110,bftpd,nsfuzz,3,l_abs,1001
1776001110,bftpd,nsfuzz,3,b_per,30.7
1776001110,bftpd,nsfuzz,3,b_abs,416
1776001110,bftpd,nsfuzz,3,l_per,44.5
1776001110,bftpd,nsfuzz,3,l_abs,1001
1776001110,bftpd,nsfuzz,3,b_per,30.7
1776001110,bftpd,nsfuzz,3,b_abs,416
1776001111,bftpd,nsfuzz,3,l_per,44.5
1776001111,bftpd,nsfuzz,3,l_abs,1001
1776001111,bftpd,nsfuzz,3,b_per,30.8
1776001111,bftpd,nsfuzz,3,b_abs,417
1776001111,bftpd,nsfuzz,3,l_per,44.5
1776001111,bftpd,nsfuzz,3,l_abs,1001
1776001111,bftpd,nsfuzz,3,b_per,30.8
1776001111,bftpd,nsfuzz,3,b_abs,417
1776001111,bftpd,nsfuzz,3,l_per,44.5
1776001111,bftpd,nsfuzz,3,l_abs,1001
1776001111,bftpd,nsfuzz,3,b_per,30.8
1776001111,bftpd,nsfuzz,3,b_abs,417
1776001111,bftpd,nsfuzz,3,l_per,44.5
1776001111,bftpd,nsfuzz,3,l_abs,1001
1776001111,bftpd,nsfuzz,3,b_per,30.8
1776001111,bftpd,nsfuzz,3,b_abs,417
1776001112,bftpd,nsfuzz,3,l_per,44.5
1776001112,bftpd,nsfuzz,3,l_abs,1001
1776001112,bftpd,nsfuzz,3,b_per,30.8
1776001112,bftpd,nsfuzz,3,b_abs,417
1776001112,bftpd,nsfuzz,3,l_per,44.8
1776001112,bftpd,nsfuzz,3,l_abs,1007
1776001112,bftpd,nsfuzz,3,b_per,30.9
1776001112,bftpd,nsfuzz,3,b_abs,419
1776001113,bftpd,nsfuzz,3,l_per,44.8
1776001113,bftpd,nsfuzz,3,l_abs,1007
1776001113,bftpd,nsfuzz,3,b_per,30.9
1776001113,bftpd,nsfuzz,3,b_abs,419
1776001113,bftpd,nsfuzz,3,l_per,44.8
1776001113,bftpd,nsfuzz,3,l_abs,1007
1776001113,bftpd,nsfuzz,3,b_per,30.9
1776001113,bftpd,nsfuzz,3,b_abs,419
1776001113,bftpd,nsfuzz,3,l_per,44.8
1776001113,bftpd,nsfuzz,3,l_abs,1007
1776001113,bftpd,nsfuzz,3,b_per,30.9
1776001113,bftpd,nsfuzz,3,b_abs,419
1776001114,bftpd,nsfuzz,3,l_per,44.8
1776001114,bftpd,nsfuzz,3,l_abs,1007
1776001114,bftpd,nsfuzz,3,b_per,30.9
1776001114,bftpd,nsfuzz,3,b_abs,419
1776001114,bftpd,nsfuzz,3,l_per,44.8
1776001114,bftpd,nsfuzz,3,l_abs,1007
1776001114,bftpd,nsfuzz,3,b_per,30.9
1776001114,bftpd,nsfuzz,3,b_abs,419
1776001114,bftpd,nsfuzz,3,l_per,44.8
1776001114,bftpd,nsfuzz,3,l_abs,1007
1776001114,bftpd,nsfuzz,3,b_per,30.9
1776001114,bftpd,nsfuzz,3,b_abs,419
1776001114,bftpd,nsfuzz,3,l_per,44.8
1776001114,bftpd,nsfuzz,3,l_abs,1007
1776001114,bftpd,nsfuzz,3,b_per,30.9
1776001114,bftpd,nsfuzz,3,b_abs,419
1776001115,bftpd,nsfuzz,3,l_per,44.8
1776001115,bftpd,nsfuzz,3,l_abs,1007
1776001115,bftpd,nsfuzz,3,b_per,30.9
1776001115,bftpd,nsfuzz,3,b_abs,419
1776001115,bftpd,nsfuzz,3,l_per,44.8
1776001115,bftpd,nsfuzz,3,l_abs,1007
1776001115,bftpd,nsfuzz,3,b_per,30.9
1776001115,bftpd,nsfuzz,3,b_abs,419
1776001116,bftpd,nsfuzz,3,l_per,44.8
1776001116,bftpd,nsfuzz,3,l_abs,1007
1776001116,bftpd,nsfuzz,3,b_per,30.9
1776001116,bftpd,nsfuzz,3,b_abs,419
1776001117,bftpd,nsfuzz,3,l_per,44.8
1776001117,bftpd,nsfuzz,3,l_abs,1007
1776001117,bftpd,nsfuzz,3,b_per,30.9
1776001117,bftpd,nsfuzz,3,b_abs,419
1776001118,bftpd,nsfuzz,3,l_per,44.8
1776001118,bftpd,nsfuzz,3,l_abs,1007
1776001118,bftpd,nsfuzz,3,b_per,30.9
1776001118,bftpd,nsfuzz,3,b_abs,419
1776001119,bftpd,nsfuzz,3,l_per,44.8
1776001119,bftpd,nsfuzz,3,l_abs,1007
1776001119,bftpd,nsfuzz,3,b_per,30.9
1776001119,bftpd,nsfuzz,3,b_abs,419
1776001120,bftpd,nsfuzz,3,l_per,44.8
1776001120,bftpd,nsfuzz,3,l_abs,1007
1776001120,bftpd,nsfuzz,3,b_per,30.9
1776001120,bftpd,nsfuzz,3,b_abs,419
1776001120,bftpd,nsfuzz,3,l_per,44.8
1776001120,bftpd,nsfuzz,3,l_abs,1007
1776001120,bftpd,nsfuzz,3,b_per,30.9
1776001120,bftpd,nsfuzz,3,b_abs,419
1776001121,bftpd,nsfuzz,3,l_per,44.8
1776001121,bftpd,nsfuzz,3,l_abs,1007
1776001121,bftpd,nsfuzz,3,b_per,30.9
1776001121,bftpd,nsfuzz,3,b_abs,419
1776001121,bftpd,nsfuzz,3,l_per,44.8
1776001121,bftpd,nsfuzz,3,l_abs,1007
1776001121,bftpd,nsfuzz,3,b_per,30.9
1776001121,bftpd,nsfuzz,3,b_abs,419
1776001122,bftpd,nsfuzz,3,l_per,44.8
1776001122,bftpd,nsfuzz,3,l_abs,1007
1776001122,bftpd,nsfuzz,3,b_per,30.9
1776001122,bftpd,nsfuzz,3,b_abs,419
1776001122,bftpd,nsfuzz,3,l_per,44.8
1776001122,bftpd,nsfuzz,3,l_abs,1007
1776001122,bftpd,nsfuzz,3,b_per,30.9
1776001122,bftpd,nsfuzz,3,b_abs,419
1776001123,bftpd,nsfuzz,3,l_per,44.8
1776001123,bftpd,nsfuzz,3,l_abs,1007
1776001123,bftpd,nsfuzz,3,b_per,30.9
1776001123,bftpd,nsfuzz,3,b_abs,419
1776001123,bftpd,nsfuzz,3,l_per,44.8
1776001123,bftpd,nsfuzz,3,l_abs,1007
1776001123,bftpd,nsfuzz,3,b_per,30.9
1776001123,bftpd,nsfuzz,3,b_abs,419
1776001123,bftpd,nsfuzz,3,l_per,44.8
1776001123,bftpd,nsfuzz,3,l_abs,1007
1776001123,bftpd,nsfuzz,3,b_per,30.9
1776001123,bftpd,nsfuzz,3,b_abs,419
1776001124,bftpd,nsfuzz,3,l_per,44.8
1776001124,bftpd,nsfuzz,3,l_abs,1007
1776001124,bftpd,nsfuzz,3,b_per,30.9
1776001124,bftpd,nsfuzz,3,b_abs,419
1776001124,bftpd,nsfuzz,3,l_per,44.8
1776001124,bftpd,nsfuzz,3,l_abs,1007
1776001124,bftpd,nsfuzz,3,b_per,30.9
1776001124,bftpd,nsfuzz,3,b_abs,419
1776001125,bftpd,nsfuzz,3,l_per,44.8
1776001125,bftpd,nsfuzz,3,l_abs,1007
1776001125,bftpd,nsfuzz,3,b_per,30.9
1776001125,bftpd,nsfuzz,3,b_abs,419
1776001125,bftpd,nsfuzz,3,l_per,44.8
1776001125,bftpd,nsfuzz,3,l_abs,1007
1776001125,bftpd,nsfuzz,3,b_per,30.9
1776001125,bftpd,nsfuzz,3,b_abs,419
1776001125,bftpd,nsfuzz,3,l_per,44.8
1776001125,bftpd,nsfuzz,3,l_abs,1007
1776001125,bftpd,nsfuzz,3,b_per,30.9
1776001125,bftpd,nsfuzz,3,b_abs,419
1776001126,bftpd,nsfuzz,3,l_per,45.0
1776001126,bftpd,nsfuzz,3,l_abs,1011
1776001126,bftpd,nsfuzz,3,b_per,31.0
1776001126,bftpd,nsfuzz,3,b_abs,420
1776001127,bftpd,nsfuzz,3,l_per,45.0
1776001127,bftpd,nsfuzz,3,l_abs,1011
1776001127,bftpd,nsfuzz,3,b_per,31.0
1776001127,bftpd,nsfuzz,3,b_abs,420
1776001128,bftpd,nsfuzz,3,l_per,45.0
1776001128,bftpd,nsfuzz,3,l_abs,1011
1776001128,bftpd,nsfuzz,3,b_per,31.0
1776001128,bftpd,nsfuzz,3,b_abs,420
1776001128,bftpd,nsfuzz,3,l_per,45.0
1776001128,bftpd,nsfuzz,3,l_abs,1011
1776001128,bftpd,nsfuzz,3,b_per,31.0
1776001128,bftpd,nsfuzz,3,b_abs,420
1776001128,bftpd,nsfuzz,3,l_per,45.0
1776001128,bftpd,nsfuzz,3,l_abs,1011
1776001128,bftpd,nsfuzz,3,b_per,31.0
1776001128,bftpd,nsfuzz,3,b_abs,420
1776001129,bftpd,nsfuzz,3,l_per,45.3
1776001129,bftpd,nsfuzz,3,l_abs,1018
1776001129,bftpd,nsfuzz,3,b_per,31.5
1776001129,bftpd,nsfuzz,3,b_abs,427
1776001130,bftpd,nsfuzz,3,l_per,45.3
1776001130,bftpd,nsfuzz,3,l_abs,1018
1776001130,bftpd,nsfuzz,3,b_per,31.5
1776001130,bftpd,nsfuzz,3,b_abs,427
1776001131,bftpd,nsfuzz,3,l_per,45.3
1776001131,bftpd,nsfuzz,3,l_abs,1018
1776001131,bftpd,nsfuzz,3,b_per,31.5
1776001131,bftpd,nsfuzz,3,b_abs,427
1776001136,bftpd,nsfuzz,3,l_per,45.3
1776001136,bftpd,nsfuzz,3,l_abs,1018
1776001136,bftpd,nsfuzz,3,b_per,31.5
1776001136,bftpd,nsfuzz,3,b_abs,427
1776001136,bftpd,nsfuzz,3,l_per,45.3
1776001136,bftpd,nsfuzz,3,l_abs,1018
1776001136,bftpd,nsfuzz,3,b_per,31.5
1776001136,bftpd,nsfuzz,3,b_abs,427
1776001137,bftpd,nsfuzz,3,l_per,45.4
1776001137,bftpd,nsfuzz,3,l_abs,1022
1776001137,bftpd,nsfuzz,3,b_per,31.5
1776001137,bftpd,nsfuzz,3,b_abs,427
1776001139,bftpd,nsfuzz,3,l_per,45.4
1776001139,bftpd,nsfuzz,3,l_abs,1022
1776001139,bftpd,nsfuzz,3,b_per,31.5
1776001139,bftpd,nsfuzz,3,b_abs,427
1776001142,bftpd,nsfuzz,3,l_per,45.4
1776001142,bftpd,nsfuzz,3,l_abs,1022
1776001142,bftpd,nsfuzz,3,b_per,31.5
1776001142,bftpd,nsfuzz,3,b_abs,427
1776001143,bftpd,nsfuzz,3,l_per,45.4
1776001143,bftpd,nsfuzz,3,l_abs,1022
1776001143,bftpd,nsfuzz,3,b_per,31.5
1776001143,bftpd,nsfuzz,3,b_abs,427
1776001145,bftpd,nsfuzz,3,l_per,45.4
1776001145,bftpd,nsfuzz,3,l_abs,1022
1776001145,bftpd,nsfuzz,3,b_per,31.5
1776001145,bftpd,nsfuzz,3,b_abs,427
1776001146,bftpd,nsfuzz,3,l_per,45.4
1776001146,bftpd,nsfuzz,3,l_abs,1022
1776001146,bftpd,nsfuzz,3,b_per,31.5
1776001146,bftpd,nsfuzz,3,b_abs,427
1776001147,bftpd,nsfuzz,3,l_per,45.4
1776001147,bftpd,nsfuzz,3,l_abs,1022
1776001147,bftpd,nsfuzz,3,b_per,31.5
1776001147,bftpd,nsfuzz,3,b_abs,427
1776001147,bftpd,nsfuzz,3,l_per,45.4
1776001147,bftpd,nsfuzz,3,l_abs,1022
1776001147,bftpd,nsfuzz,3,b_per,31.5
1776001147,bftpd,nsfuzz,3,b_abs,427
1776001148,bftpd,nsfuzz,3,l_per,45.4
1776001148,bftpd,nsfuzz,3,l_abs,1022
1776001148,bftpd,nsfuzz,3,b_per,31.5
1776001148,bftpd,nsfuzz,3,b_abs,427
1776001148,bftpd,nsfuzz,3,l_per,45.4
1776001148,bftpd,nsfuzz,3,l_abs,1022
1776001148,bftpd,nsfuzz,3,b_per,31.5
1776001148,bftpd,nsfuzz,3,b_abs,427
1776001148,bftpd,nsfuzz,3,l_per,45.6
1776001148,bftpd,nsfuzz,3,l_abs,1026
1776001148,bftpd,nsfuzz,3,b_per,31.8
1776001148,bftpd,nsfuzz,3,b_abs,430
1776001150,bftpd,nsfuzz,3,l_per,45.6
1776001150,bftpd,nsfuzz,3,l_abs,1026
1776001150,bftpd,nsfuzz,3,b_per,31.8
1776001150,bftpd,nsfuzz,3,b_abs,430
1776001150,bftpd,nsfuzz,3,l_per,45.6
1776001150,bftpd,nsfuzz,3,l_abs,1026
1776001150,bftpd,nsfuzz,3,b_per,31.8
1776001150,bftpd,nsfuzz,3,b_abs,430
1776001152,bftpd,nsfuzz,3,l_per,45.6
1776001152,bftpd,nsfuzz,3,l_abs,1026
1776001152,bftpd,nsfuzz,3,b_per,31.8
1776001152,bftpd,nsfuzz,3,b_abs,430
1776001152,bftpd,nsfuzz,3,l_per,45.6
1776001152,bftpd,nsfuzz,3,l_abs,1026
1776001152,bftpd,nsfuzz,3,b_per,31.8
1776001152,bftpd,nsfuzz,3,b_abs,430
1776001154,bftpd,nsfuzz,3,l_per,45.6
1776001154,bftpd,nsfuzz,3,l_abs,1026
1776001154,bftpd,nsfuzz,3,b_per,31.8
1776001154,bftpd,nsfuzz,3,b_abs,430
1776001155,bftpd,nsfuzz,3,l_per,45.6
1776001155,bftpd,nsfuzz,3,l_abs,1026
1776001155,bftpd,nsfuzz,3,b_per,31.8
1776001155,bftpd,nsfuzz,3,b_abs,430
1776001156,bftpd,nsfuzz,3,l_per,45.6
1776001156,bftpd,nsfuzz,3,l_abs,1026
1776001156,bftpd,nsfuzz,3,b_per,31.8
1776001156,bftpd,nsfuzz,3,b_abs,430
1776001156,bftpd,nsfuzz,3,l_per,45.6
1776001156,bftpd,nsfuzz,3,l_abs,1026
1776001156,bftpd,nsfuzz,3,b_per,31.8
1776001156,bftpd,nsfuzz,3,b_abs,430
1776001159,bftpd,nsfuzz,3,l_per,45.6
1776001159,bftpd,nsfuzz,3,l_abs,1026
1776001159,bftpd,nsfuzz,3,b_per,31.8
1776001159,bftpd,nsfuzz,3,b_abs,430
1776001159,bftpd,nsfuzz,3,l_per,45.6
1776001159,bftpd,nsfuzz,3,l_abs,1027
1776001159,bftpd,nsfuzz,3,b_per,31.8
1776001159,bftpd,nsfuzz,3,b_abs,431
1776001161,bftpd,nsfuzz,3,l_per,45.6
1776001161,bftpd,nsfuzz,3,l_abs,1027
1776001161,bftpd,nsfuzz,3,b_per,31.8
1776001161,bftpd,nsfuzz,3,b_abs,431
1776001172,bftpd,nsfuzz,3,l_per,45.6
1776001172,bftpd,nsfuzz,3,l_abs,1027
1776001172,bftpd,nsfuzz,3,b_per,31.8
1776001172,bftpd,nsfuzz,3,b_abs,431
1776001173,bftpd,nsfuzz,3,l_per,45.6
1776001173,bftpd,nsfuzz,3,l_abs,1027
1776001173,bftpd,nsfuzz,3,b_per,32.0
1776001173,bftpd,nsfuzz,3,b_abs,433
1776001173,bftpd,nsfuzz,3,l_per,45.6
1776001173,bftpd,nsfuzz,3,l_abs,1027
1776001173,bftpd,nsfuzz,3,b_per,32.0
1776001173,bftpd,nsfuzz,3,b_abs,433
1776001173,bftpd,nsfuzz,3,l_per,45.6
1776001173,bftpd,nsfuzz,3,l_abs,1027
1776001173,bftpd,nsfuzz,3,b_per,32.0
1776001173,bftpd,nsfuzz,3,b_abs,433
1776001173,bftpd,nsfuzz,3,l_per,45.6
1776001173,bftpd,nsfuzz,3,l_abs,1027
1776001173,bftpd,nsfuzz,3,b_per,32.0
1776001173,bftpd,nsfuzz,3,b_abs,433
1776001177,bftpd,nsfuzz,3,l_per,45.6
1776001177,bftpd,nsfuzz,3,l_abs,1027
1776001177,bftpd,nsfuzz,3,b_per,32.0
1776001177,bftpd,nsfuzz,3,b_abs,433
1776001177,bftpd,nsfuzz,3,l_per,45.6
1776001177,bftpd,nsfuzz,3,l_abs,1027
1776001177,bftpd,nsfuzz,3,b_per,32.0
1776001177,bftpd,nsfuzz,3,b_abs,433
1776001178,bftpd,nsfuzz,3,l_per,45.6
1776001178,bftpd,nsfuzz,3,l_abs,1027
1776001178,bftpd,nsfuzz,3,b_per,32.0
1776001178,bftpd,nsfuzz,3,b_abs,433
1776001178,bftpd,nsfuzz,3,l_per,45.6
1776001178,bftpd,nsfuzz,3,l_abs,1027
1776001178,bftpd,nsfuzz,3,b_per,32.0
1776001178,bftpd,nsfuzz,3,b_abs,433
1776001179,bftpd,nsfuzz,3,l_per,45.6
1776001179,bftpd,nsfuzz,3,l_abs,1027
1776001179,bftpd,nsfuzz,3,b_per,32.1
1776001179,bftpd,nsfuzz,3,b_abs,434
1776001179,bftpd,nsfuzz,3,l_per,45.8
1776001179,bftpd,nsfuzz,3,l_abs,1030
1776001179,bftpd,nsfuzz,3,b_per,32.2
1776001179,bftpd,nsfuzz,3,b_abs,436
1776001179,bftpd,nsfuzz,3,l_per,45.8
1776001179,bftpd,nsfuzz,3,l_abs,1030
1776001179,bftpd,nsfuzz,3,b_per,32.2
1776001179,bftpd,nsfuzz,3,b_abs,436
1776001180,bftpd,nsfuzz,3,l_per,45.8
1776001180,bftpd,nsfuzz,3,l_abs,1030
1776001180,bftpd,nsfuzz,3,b_per,32.2
1776001180,bftpd,nsfuzz,3,b_abs,436
1776001181,bftpd,nsfuzz,3,l_per,45.8
1776001181,bftpd,nsfuzz,3,l_abs,1030
1776001181,bftpd,nsfuzz,3,b_per,32.2
1776001181,bftpd,nsfuzz,3,b_abs,436
1776001183,bftpd,nsfuzz,3,l_per,46.1
1776001183,bftpd,nsfuzz,3,l_abs,1037
1776001183,bftpd,nsfuzz,3,b_per,32.5
1776001183,bftpd,nsfuzz,3,b_abs,440
1776001183,bftpd,nsfuzz,3,l_per,46.4
1776001183,bftpd,nsfuzz,3,l_abs,1045
1776001183,bftpd,nsfuzz,3,b_per,32.7
1776001183,bftpd,nsfuzz,3,b_abs,443
1776001184,bftpd,nsfuzz,3,l_per,46.4
1776001184,bftpd,nsfuzz,3,l_abs,1045
1776001184,bftpd,nsfuzz,3,b_per,32.7
1776001184,bftpd,nsfuzz,3,b_abs,443
1776001189,bftpd,nsfuzz,3,l_per,46.4
1776001189,bftpd,nsfuzz,3,l_abs,1045
1776001189,bftpd,nsfuzz,3,b_per,32.7
1776001189,bftpd,nsfuzz,3,b_abs,443
1776001190,bftpd,nsfuzz,3,l_per,46.4
1776001190,bftpd,nsfuzz,3,l_abs,1045
1776001190,bftpd,nsfuzz,3,b_per,32.7
1776001190,bftpd,nsfuzz,3,b_abs,443
1776001190,bftpd,nsfuzz,3,l_per,47.0
1776001190,bftpd,nsfuzz,3,l_abs,1057
1776001190,bftpd,nsfuzz,3,b_per,33.1
1776001190,bftpd,nsfuzz,3,b_abs,448
1776001190,bftpd,nsfuzz,3,l_per,47.0
1776001190,bftpd,nsfuzz,3,l_abs,1057
1776001190,bftpd,nsfuzz,3,b_per,33.1
1776001190,bftpd,nsfuzz,3,b_abs,448
1776001191,bftpd,nsfuzz,3,l_per,47.0
1776001191,bftpd,nsfuzz,3,l_abs,1057
1776001191,bftpd,nsfuzz,3,b_per,33.1
1776001191,bftpd,nsfuzz,3,b_abs,448
1776001196,bftpd,nsfuzz,3,l_per,47.0
1776001196,bftpd,nsfuzz,3,l_abs,1057
1776001196,bftpd,nsfuzz,3,b_per,33.1
1776001196,bftpd,nsfuzz,3,b_abs,448
1776001197,bftpd,nsfuzz,3,l_per,47.0
1776001197,bftpd,nsfuzz,3,l_abs,1057
1776001197,bftpd,nsfuzz,3,b_per,33.2
1776001197,bftpd,nsfuzz,3,b_abs,449
1776001197,bftpd,nsfuzz,3,l_per,47.1
1776001197,bftpd,nsfuzz,3,l_abs,1059
1776001197,bftpd,nsfuzz,3,b_per,33.2
1776001197,bftpd,nsfuzz,3,b_abs,450
1776001198,bftpd,nsfuzz,3,l_per,47.1
1776001198,bftpd,nsfuzz,3,l_abs,1059
1776001198,bftpd,nsfuzz,3,b_per,33.2
1776001198,bftpd,nsfuzz,3,b_abs,450
1776001198,bftpd,nsfuzz,3,l_per,47.1
1776001198,bftpd,nsfuzz,3,l_abs,1059
1776001198,bftpd,nsfuzz,3,b_per,33.2
1776001198,bftpd,nsfuzz,3,b_abs,450
1776001198,bftpd,nsfuzz,3,l_per,47.1
1776001198,bftpd,nsfuzz,3,l_abs,1059
1776001198,bftpd,nsfuzz,3,b_per,33.2
1776001198,bftpd,nsfuzz,3,b_abs,450
1776001199,bftpd,nsfuzz,3,l_per,47.1
1776001199,bftpd,nsfuzz,3,l_abs,1059
1776001199,bftpd,nsfuzz,3,b_per,33.2
1776001199,bftpd,nsfuzz,3,b_abs,450
1776001200,bftpd,nsfuzz,3,l_per,47.1
1776001200,bftpd,nsfuzz,3,l_abs,1059
1776001200,bftpd,nsfuzz,3,b_per,33.2
1776001200,bftpd,nsfuzz,3,b_abs,450
1776001208,bftpd,nsfuzz,3,l_per,47.1
1776001208,bftpd,nsfuzz,3,l_abs,1059
1776001208,bftpd,nsfuzz,3,b_per,33.2
1776001208,bftpd,nsfuzz,3,b_abs,450
1776001211,bftpd,nsfuzz,3,l_per,47.1
1776001211,bftpd,nsfuzz,3,l_abs,1059
1776001211,bftpd,nsfuzz,3,b_per,33.2
1776001211,bftpd,nsfuzz,3,b_abs,450
1776001224,bftpd,nsfuzz,3,l_per,47.2
1776001224,bftpd,nsfuzz,3,l_abs,1063
1776001224,bftpd,nsfuzz,3,b_per,33.7
1776001224,bftpd,nsfuzz,3,b_abs,456
1776001224,bftpd,nsfuzz,3,l_per,47.2
1776001224,bftpd,nsfuzz,3,l_abs,1063
1776001224,bftpd,nsfuzz,3,b_per,33.7
1776001224,bftpd,nsfuzz,3,b_abs,456
1776001224,bftpd,nsfuzz,3,l_per,47.2
1776001224,bftpd,nsfuzz,3,l_abs,1063
1776001224,bftpd,nsfuzz,3,b_per,33.7
1776001224,bftpd,nsfuzz,3,b_abs,456
1776001224,bftpd,nsfuzz,3,l_per,47.2
1776001224,bftpd,nsfuzz,3,l_abs,1063
1776001224,bftpd,nsfuzz,3,b_per,33.7
1776001224,bftpd,nsfuzz,3,b_abs,456
1776001225,bftpd,nsfuzz,3,l_per,47.2
1776001225,bftpd,nsfuzz,3,l_abs,1063
1776001225,bftpd,nsfuzz,3,b_per,33.7
1776001225,bftpd,nsfuzz,3,b_abs,456
1776001228,bftpd,nsfuzz,3,l_per,47.2
1776001228,bftpd,nsfuzz,3,l_abs,1063
1776001228,bftpd,nsfuzz,3,b_per,33.7
1776001228,bftpd,nsfuzz,3,b_abs,456
1776001231,bftpd,nsfuzz,3,l_per,47.2
1776001231,bftpd,nsfuzz,3,l_abs,1063
1776001231,bftpd,nsfuzz,3,b_per,33.7
1776001231,bftpd,nsfuzz,3,b_abs,456
1776001232,bftpd,nsfuzz,3,l_per,47.2
1776001232,bftpd,nsfuzz,3,l_abs,1063
1776001232,bftpd,nsfuzz,3,b_per,33.7
1776001232,bftpd,nsfuzz,3,b_abs,456
1776001233,bftpd,nsfuzz,3,l_per,47.2
1776001233,bftpd,nsfuzz,3,l_abs,1063
1776001233,bftpd,nsfuzz,3,b_per,33.7
1776001233,bftpd,nsfuzz,3,b_abs,456
1776001236,bftpd,nsfuzz,3,l_per,47.2
1776001236,bftpd,nsfuzz,3,l_abs,1063
1776001236,bftpd,nsfuzz,3,b_per,33.7
1776001236,bftpd,nsfuzz,3,b_abs,456
1776001240,bftpd,nsfuzz,3,l_per,47.2
1776001240,bftpd,nsfuzz,3,l_abs,1063
1776001240,bftpd,nsfuzz,3,b_per,33.7
1776001240,bftpd,nsfuzz,3,b_abs,456
1776001244,bftpd,nsfuzz,3,l_per,47.2
1776001244,bftpd,nsfuzz,3,l_abs,1063
1776001244,bftpd,nsfuzz,3,b_per,33.7
1776001244,bftpd,nsfuzz,3,b_abs,456
1776001244,bftpd,nsfuzz,3,l_per,47.2
1776001244,bftpd,nsfuzz,3,l_abs,1063
1776001244,bftpd,nsfuzz,3,b_per,33.7
1776001244,bftpd,nsfuzz,3,b_abs,456
1776001247,bftpd,nsfuzz,3,l_per,47.2
1776001247,bftpd,nsfuzz,3,l_abs,1063
1776001247,bftpd,nsfuzz,3,b_per,33.7
1776001247,bftpd,nsfuzz,3,b_abs,456
1776001248,bftpd,nsfuzz,3,l_per,47.2
1776001248,bftpd,nsfuzz,3,l_abs,1063
1776001248,bftpd,nsfuzz,3,b_per,33.7
1776001248,bftpd,nsfuzz,3,b_abs,456
1776001249,bftpd,nsfuzz,3,l_per,47.2
1776001249,bftpd,nsfuzz,3,l_abs,1063
1776001249,bftpd,nsfuzz,3,b_per,33.8
1776001249,bftpd,nsfuzz,3,b_abs,457
1776001249,bftpd,nsfuzz,3,l_per,47.4
1776001249,bftpd,nsfuzz,3,l_abs,1066
1776001249,bftpd,nsfuzz,3,b_per,33.9
1776001249,bftpd,nsfuzz,3,b_abs,459
1776001250,bftpd,nsfuzz,3,l_per,47.4
1776001250,bftpd,nsfuzz,3,l_abs,1066
1776001250,bftpd,nsfuzz,3,b_per,33.9
1776001250,bftpd,nsfuzz,3,b_abs,459
1776001251,bftpd,nsfuzz,3,l_per,47.4
1776001251,bftpd,nsfuzz,3,l_abs,1066
1776001251,bftpd,nsfuzz,3,b_per,33.9
1776001251,bftpd,nsfuzz,3,b_abs,459
1776001256,bftpd,nsfuzz,3,l_per,47.4
1776001256,bftpd,nsfuzz,3,l_abs,1066
1776001256,bftpd,nsfuzz,3,b_per,33.9
1776001256,bftpd,nsfuzz,3,b_abs,459
1776001257,bftpd,nsfuzz,3,l_per,47.4
1776001257,bftpd,nsfuzz,3,l_abs,1067
1776001257,bftpd,nsfuzz,3,b_per,34.0
1776001257,bftpd,nsfuzz,3,b_abs,460
1776001257,bftpd,nsfuzz,3,l_per,47.4
1776001257,bftpd,nsfuzz,3,l_abs,1067
1776001257,bftpd,nsfuzz,3,b_per,34.0
1776001257,bftpd,nsfuzz,3,b_abs,460
1776001258,bftpd,nsfuzz,3,l_per,47.4
1776001258,bftpd,nsfuzz,3,l_abs,1067
1776001258,bftpd,nsfuzz,3,b_per,34.0
1776001258,bftpd,nsfuzz,3,b_abs,460
1776001258,bftpd,nsfuzz,3,l_per,47.4
1776001258,bftpd,nsfuzz,3,l_abs,1067
1776001258,bftpd,nsfuzz,3,b_per,34.0
1776001258,bftpd,nsfuzz,3,b_abs,460
1776001260,bftpd,nsfuzz,3,l_per,47.4
1776001260,bftpd,nsfuzz,3,l_abs,1067
1776001260,bftpd,nsfuzz,3,b_per,34.0
1776001260,bftpd,nsfuzz,3,b_abs,460
1776001272,bftpd,nsfuzz,3,l_per,47.4
1776001272,bftpd,nsfuzz,3,l_abs,1067
1776001272,bftpd,nsfuzz,3,b_per,34.0
1776001272,bftpd,nsfuzz,3,b_abs,460
1776001273,bftpd,nsfuzz,3,l_per,47.4
1776001273,bftpd,nsfuzz,3,l_abs,1067
1776001273,bftpd,nsfuzz,3,b_per,34.0
1776001273,bftpd,nsfuzz,3,b_abs,460
1776001274,bftpd,nsfuzz,3,l_per,47.7
1776001274,bftpd,nsfuzz,3,l_abs,1073
1776001274,bftpd,nsfuzz,3,b_per,34.2
1776001274,bftpd,nsfuzz,3,b_abs,463
1776001275,bftpd,nsfuzz,3,l_per,47.7
1776001275,bftpd,nsfuzz,3,l_abs,1073
1776001275,bftpd,nsfuzz,3,b_per,34.2
1776001275,bftpd,nsfuzz,3,b_abs,463
1776001276,bftpd,nsfuzz,3,l_per,47.7
1776001276,bftpd,nsfuzz,3,l_abs,1073
1776001276,bftpd,nsfuzz,3,b_per,34.2
1776001276,bftpd,nsfuzz,3,b_abs,463
1776001276,bftpd,nsfuzz,3,l_per,47.7
1776001276,bftpd,nsfuzz,3,l_abs,1073
1776001276,bftpd,nsfuzz,3,b_per,34.2
1776001276,bftpd,nsfuzz,3,b_abs,463
1776001277,bftpd,nsfuzz,3,l_per,47.7
1776001277,bftpd,nsfuzz,3,l_abs,1073
1776001277,bftpd,nsfuzz,3,b_per,34.2
1776001277,bftpd,nsfuzz,3,b_abs,463
1776001278,bftpd,nsfuzz,3,l_per,47.7
1776001278,bftpd,nsfuzz,3,l_abs,1074
1776001278,bftpd,nsfuzz,3,b_per,34.3
1776001278,bftpd,nsfuzz,3,b_abs,464
1776001279,bftpd,nsfuzz,3,l_per,47.7
1776001279,bftpd,nsfuzz,3,l_abs,1074
1776001279,bftpd,nsfuzz,3,b_per,34.3
1776001279,bftpd,nsfuzz,3,b_abs,464
1776001280,bftpd,nsfuzz,3,l_per,47.7
1776001280,bftpd,nsfuzz,3,l_abs,1074
1776001280,bftpd,nsfuzz,3,b_per,34.3
1776001280,bftpd,nsfuzz,3,b_abs,464
1776001291,bftpd,nsfuzz,3,l_per,47.7
1776001291,bftpd,nsfuzz,3,l_abs,1074
1776001291,bftpd,nsfuzz,3,b_per,34.3
1776001291,bftpd,nsfuzz,3,b_abs,464
1776001295,bftpd,nsfuzz,3,l_per,47.7
1776001295,bftpd,nsfuzz,3,l_abs,1074
1776001295,bftpd,nsfuzz,3,b_per,34.3
1776001295,bftpd,nsfuzz,3,b_abs,464
1776001296,bftpd,nsfuzz,3,l_per,47.7
1776001296,bftpd,nsfuzz,3,l_abs,1074
1776001296,bftpd,nsfuzz,3,b_per,34.3
1776001296,bftpd,nsfuzz,3,b_abs,464
1776001302,bftpd,nsfuzz,3,l_per,47.7
1776001302,bftpd,nsfuzz,3,l_abs,1074
1776001302,bftpd,nsfuzz,3,b_per,34.3
1776001302,bftpd,nsfuzz,3,b_abs,464
1776001302,bftpd,nsfuzz,3,l_per,47.7
1776001302,bftpd,nsfuzz,3,l_abs,1074
1776001302,bftpd,nsfuzz,3,b_per,34.3
1776001302,bftpd,nsfuzz,3,b_abs,464
1776001308,bftpd,nsfuzz,3,l_per,47.7
1776001308,bftpd,nsfuzz,3,l_abs,1074
1776001308,bftpd,nsfuzz,3,b_per,34.3
1776001308,bftpd,nsfuzz,3,b_abs,464
1776001319,bftpd,nsfuzz,3,l_per,47.7
1776001319,bftpd,nsfuzz,3,l_abs,1074
1776001319,bftpd,nsfuzz,3,b_per,34.3
1776001319,bftpd,nsfuzz,3,b_abs,464
1776001319,bftpd,nsfuzz,3,l_per,47.7
1776001319,bftpd,nsfuzz,3,l_abs,1074
1776001319,bftpd,nsfuzz,3,b_per,34.3
1776001319,bftpd,nsfuzz,3,b_abs,464
1776001320,bftpd,nsfuzz,3,l_per,47.7
1776001320,bftpd,nsfuzz,3,l_abs,1074
1776001320,bftpd,nsfuzz,3,b_per,34.3
1776001320,bftpd,nsfuzz,3,b_abs,464
1776001322,bftpd,nsfuzz,3,l_per,47.7
1776001322,bftpd,nsfuzz,3,l_abs,1074
1776001322,bftpd,nsfuzz,3,b_per,34.3
1776001322,bftpd,nsfuzz,3,b_abs,464
1776001327,bftpd,nsfuzz,3,l_per,47.7
1776001327,bftpd,nsfuzz,3,l_abs,1074
1776001327,bftpd,nsfuzz,3,b_per,34.3
1776001327,bftpd,nsfuzz,3,b_abs,464
1776001330,bftpd,nsfuzz,3,l_per,47.7
1776001330,bftpd,nsfuzz,3,l_abs,1074
1776001330,bftpd,nsfuzz,3,b_per,34.3
1776001330,bftpd,nsfuzz,3,b_abs,464
1776001341,bftpd,nsfuzz,3,l_per,47.7
1776001341,bftpd,nsfuzz,3,l_abs,1074
1776001341,bftpd,nsfuzz,3,b_per,34.3
1776001341,bftpd,nsfuzz,3,b_abs,464
1776001347,bftpd,nsfuzz,3,l_per,47.7
1776001347,bftpd,nsfuzz,3,l_abs,1074
1776001347,bftpd,nsfuzz,3,b_per,34.3
1776001347,bftpd,nsfuzz,3,b_abs,464
1776001352,bftpd,nsfuzz,3,l_per,47.7
1776001352,bftpd,nsfuzz,3,l_abs,1074
1776001352,bftpd,nsfuzz,3,b_per,34.3
1776001352,bftpd,nsfuzz,3,b_abs,464
1776001353,bftpd,nsfuzz,3,l_per,47.7
1776001353,bftpd,nsfuzz,3,l_abs,1074
1776001353,bftpd,nsfuzz,3,b_per,34.3
1776001353,bftpd,nsfuzz,3,b_abs,464
1776001355,bftpd,nsfuzz,3,l_per,47.7
1776001355,bftpd,nsfuzz,3,l_abs,1074
1776001355,bftpd,nsfuzz,3,b_per,34.3
1776001355,bftpd,nsfuzz,3,b_abs,464
1776001358,bftpd,nsfuzz,3,l_per,47.7
1776001358,bftpd,nsfuzz,3,l_abs,1074
1776001358,bftpd,nsfuzz,3,b_per,34.3
1776001358,bftpd,nsfuzz,3,b_abs,464
1776001359,bftpd,nsfuzz,3,l_per,47.7
1776001359,bftpd,nsfuzz,3,l_abs,1074
1776001359,bftpd,nsfuzz,3,b_per,34.3
1776001359,bftpd,nsfuzz,3,b_abs,464
1776001363,bftpd,nsfuzz,3,l_per,47.7
1776001363,bftpd,nsfuzz,3,l_abs,1074
1776001363,bftpd,nsfuzz,3,b_per,34.3
1776001363,bftpd,nsfuzz,3,b_abs,464
1776001382,bftpd,nsfuzz,3,l_per,47.7
1776001382,bftpd,nsfuzz,3,l_abs,1074
1776001382,bftpd,nsfuzz,3,b_per,34.3
1776001382,bftpd,nsfuzz,3,b_abs,464
1776001386,bftpd,nsfuzz,3,l_per,47.7
1776001386,bftpd,nsfuzz,3,l_abs,1074
1776001386,bftpd,nsfuzz,3,b_per,34.3
1776001386,bftpd,nsfuzz,3,b_abs,464
1776001392,bftpd,nsfuzz,3,l_per,47.8
1776001392,bftpd,nsfuzz,3,l_abs,1076
1776001392,bftpd,nsfuzz,3,b_per,34.3
1776001392,bftpd,nsfuzz,3,b_abs,465
1776001393,bftpd,nsfuzz,3,l_per,47.8
1776001393,bftpd,nsfuzz,3,l_abs,1076
1776001393,bftpd,nsfuzz,3,b_per,34.3
1776001393,bftpd,nsfuzz,3,b_abs,465
1776001406,bftpd,nsfuzz,3,l_per,47.8
1776001406,bftpd,nsfuzz,3,l_abs,1076
1776001406,bftpd,nsfuzz,3,b_per,34.3
1776001406,bftpd,nsfuzz,3,b_abs,465
1776001411,bftpd,nsfuzz,3,l_per,47.8
1776001411,bftpd,nsfuzz,3,l_abs,1076
1776001411,bftpd,nsfuzz,3,b_per,34.4
1776001411,bftpd,nsfuzz,3,b_abs,466
1776001418,bftpd,nsfuzz,3,l_per,47.8
1776001418,bftpd,nsfuzz,3,l_abs,1076
1776001418,bftpd,nsfuzz,3,b_per,34.4
1776001418,bftpd,nsfuzz,3,b_abs,466
1776001420,bftpd,nsfuzz,3,l_per,47.8
1776001420,bftpd,nsfuzz,3,l_abs,1076
1776001420,bftpd,nsfuzz,3,b_per,34.4
1776001420,bftpd,nsfuzz,3,b_abs,466
1776001432,bftpd,nsfuzz,3,l_per,47.8
1776001432,bftpd,nsfuzz,3,l_abs,1076
1776001432,bftpd,nsfuzz,3,b_per,34.4
1776001432,bftpd,nsfuzz,3,b_abs,466
1776001435,bftpd,nsfuzz,3,l_per,47.8
1776001435,bftpd,nsfuzz,3,l_abs,1076
1776001435,bftpd,nsfuzz,3,b_per,34.4
1776001435,bftpd,nsfuzz,3,b_abs,466
1776001439,bftpd,nsfuzz,3,l_per,47.8
1776001439,bftpd,nsfuzz,3,l_abs,1076
1776001439,bftpd,nsfuzz,3,b_per,34.4
1776001439,bftpd,nsfuzz,3,b_abs,466
1776001443,bftpd,nsfuzz,3,l_per,47.8
1776001443,bftpd,nsfuzz,3,l_abs,1076
1776001443,bftpd,nsfuzz,3,b_per,34.4
1776001443,bftpd,nsfuzz,3,b_abs,466
1776001443,bftpd,nsfuzz,3,l_per,48.1
1776001443,bftpd,nsfuzz,3,l_abs,1083
1776001443,bftpd,nsfuzz,3,b_per,34.6
1776001443,bftpd,nsfuzz,3,b_abs,468
1776001450,bftpd,nsfuzz,3,l_per,48.1
1776001450,bftpd,nsfuzz,3,l_abs,1083
1776001450,bftpd,nsfuzz,3,b_per,34.6
1776001450,bftpd,nsfuzz,3,b_abs,468
1776001451,bftpd,nsfuzz,3,l_per,48.1
1776001451,bftpd,nsfuzz,3,l_abs,1083
1776001451,bftpd,nsfuzz,3,b_per,34.6
1776001451,bftpd,nsfuzz,3,b_abs,468
1776001453,bftpd,nsfuzz,3,l_per,48.1
1776001453,bftpd,nsfuzz,3,l_abs,1083
1776001453,bftpd,nsfuzz,3,b_per,34.6
1776001453,bftpd,nsfuzz,3,b_abs,468
1776001457,bftpd,nsfuzz,3,l_per,48.1
1776001457,bftpd,nsfuzz,3,l_abs,1083
1776001457,bftpd,nsfuzz,3,b_per,34.6
1776001457,bftpd,nsfuzz,3,b_abs,468
1776001458,bftpd,nsfuzz,3,l_per,48.1
1776001458,bftpd,nsfuzz,3,l_abs,1083
1776001458,bftpd,nsfuzz,3,b_per,34.6
1776001458,bftpd,nsfuzz,3,b_abs,468
1776001461,bftpd,nsfuzz,3,l_per,48.1
1776001461,bftpd,nsfuzz,3,l_abs,1083
1776001461,bftpd,nsfuzz,3,b_per,34.6
1776001461,bftpd,nsfuzz,3,b_abs,469
1776001472,bftpd,nsfuzz,3,l_per,48.1
1776001472,bftpd,nsfuzz,3,l_abs,1083
1776001472,bftpd,nsfuzz,3,b_per,34.6
1776001472,bftpd,nsfuzz,3,b_abs,469
1776001475,bftpd,nsfuzz,3,l_per,48.1
1776001475,bftpd,nsfuzz,3,l_abs,1083
1776001475,bftpd,nsfuzz,3,b_per,34.6
1776001475,bftpd,nsfuzz,3,b_abs,469
1776001478,bftpd,nsfuzz,3,l_per,48.1
1776001478,bftpd,nsfuzz,3,l_abs,1083
1776001478,bftpd,nsfuzz,3,b_per,34.6
1776001478,bftpd,nsfuzz,3,b_abs,469
1776001483,bftpd,nsfuzz,3,l_per,48.1
1776001483,bftpd,nsfuzz,3,l_abs,1083
1776001483,bftpd,nsfuzz,3,b_per,34.6
1776001483,bftpd,nsfuzz,3,b_abs,469
1776001483,bftpd,nsfuzz,3,l_per,48.1
1776001483,bftpd,nsfuzz,3,l_abs,1083
1776001483,bftpd,nsfuzz,3,b_per,34.6
1776001483,bftpd,nsfuzz,3,b_abs,469
1776001483,bftpd,nsfuzz,3,l_per,48.1
1776001483,bftpd,nsfuzz,3,l_abs,1083
1776001483,bftpd,nsfuzz,3,b_per,34.6
1776001483,bftpd,nsfuzz,3,b_abs,469
1776001484,bftpd,nsfuzz,3,l_per,48.1
1776001484,bftpd,nsfuzz,3,l_abs,1083
1776001484,bftpd,nsfuzz,3,b_per,34.6
1776001484,bftpd,nsfuzz,3,b_abs,469
1776001486,bftpd,nsfuzz,3,l_per,48.1
1776001486,bftpd,nsfuzz,3,l_abs,1083
1776001486,bftpd,nsfuzz,3,b_per,34.6
1776001486,bftpd,nsfuzz,3,b_abs,469
1776001488,bftpd,nsfuzz,3,l_per,48.1
1776001488,bftpd,nsfuzz,3,l_abs,1083
1776001488,bftpd,nsfuzz,3,b_per,34.6
1776001488,bftpd,nsfuzz,3,b_abs,469
1776001489,bftpd,nsfuzz,3,l_per,48.1
1776001489,bftpd,nsfuzz,3,l_abs,1083
1776001489,bftpd,nsfuzz,3,b_per,34.6
1776001489,bftpd,nsfuzz,3,b_abs,469
1776001490,bftpd,nsfuzz,3,l_per,48.1
1776001490,bftpd,nsfuzz,3,l_abs,1083
1776001490,bftpd,nsfuzz,3,b_per,34.6
1776001490,bftpd,nsfuzz,3,b_abs,469
1776001492,bftpd,nsfuzz,3,l_per,48.1
1776001492,bftpd,nsfuzz,3,l_abs,1083
1776001492,bftpd,nsfuzz,3,b_per,34.6
1776001492,bftpd,nsfuzz,3,b_abs,469
1776001493,bftpd,nsfuzz,3,l_per,48.1
1776001493,bftpd,nsfuzz,3,l_abs,1083
1776001493,bftpd,nsfuzz,3,b_per,34.6
1776001493,bftpd,nsfuzz,3,b_abs,469
1776001494,bftpd,nsfuzz,3,l_per,48.1
1776001494,bftpd,nsfuzz,3,l_abs,1083
1776001494,bftpd,nsfuzz,3,b_per,34.6
1776001494,bftpd,nsfuzz,3,b_abs,469
1776001494,bftpd,nsfuzz,3,l_per,48.1
1776001494,bftpd,nsfuzz,3,l_abs,1083
1776001494,bftpd,nsfuzz,3,b_per,34.6
1776001494,bftpd,nsfuzz,3,b_abs,469
1776001495,bftpd,nsfuzz,3,l_per,48.1
1776001495,bftpd,nsfuzz,3,l_abs,1083
1776001495,bftpd,nsfuzz,3,b_per,34.6
1776001495,bftpd,nsfuzz,3,b_abs,469
1776001499,bftpd,nsfuzz,3,l_per,48.1
1776001499,bftpd,nsfuzz,3,l_abs,1083
1776001499,bftpd,nsfuzz,3,b_per,34.6
1776001499,bftpd,nsfuzz,3,b_abs,469
1776001500,bftpd,nsfuzz,3,l_per,48.1
1776001500,bftpd,nsfuzz,3,l_abs,1083
1776001500,bftpd,nsfuzz,3,b_per,34.6
1776001500,bftpd,nsfuzz,3,b_abs,469
1776001513,bftpd,nsfuzz,3,l_per,48.1
1776001513,bftpd,nsfuzz,3,l_abs,1083
1776001513,bftpd,nsfuzz,3,b_per,34.6
1776001513,bftpd,nsfuzz,3,b_abs,469
1776001523,bftpd,nsfuzz,3,l_per,48.1
1776001523,bftpd,nsfuzz,3,l_abs,1083
1776001523,bftpd,nsfuzz,3,b_per,34.6
1776001523,bftpd,nsfuzz,3,b_abs,469
1776001524,bftpd,nsfuzz,3,l_per,48.1
1776001524,bftpd,nsfuzz,3,l_abs,1083
1776001524,bftpd,nsfuzz,3,b_per,34.7
1776001524,bftpd,nsfuzz,3,b_abs,470
1776001525,bftpd,nsfuzz,3,l_per,48.1
1776001525,bftpd,nsfuzz,3,l_abs,1083
1776001525,bftpd,nsfuzz,3,b_per,34.7
1776001525,bftpd,nsfuzz,3,b_abs,470
1776001528,bftpd,nsfuzz,3,l_per,48.1
1776001528,bftpd,nsfuzz,3,l_abs,1083
1776001528,bftpd,nsfuzz,3,b_per,34.7
1776001528,bftpd,nsfuzz,3,b_abs,470
1776001530,bftpd,nsfuzz,3,l_per,48.1
1776001530,bftpd,nsfuzz,3,l_abs,1083
1776001530,bftpd,nsfuzz,3,b_per,34.7
1776001530,bftpd,nsfuzz,3,b_abs,470
1776001537,bftpd,nsfuzz,3,l_per,48.1
1776001537,bftpd,nsfuzz,3,l_abs,1083
1776001537,bftpd,nsfuzz,3,b_per,34.7
1776001537,bftpd,nsfuzz,3,b_abs,470
1776001541,bftpd,nsfuzz,3,l_per,48.1
1776001541,bftpd,nsfuzz,3,l_abs,1083
1776001541,bftpd,nsfuzz,3,b_per,34.7
1776001541,bftpd,nsfuzz,3,b_abs,470
1776001541,bftpd,nsfuzz,3,l_per,48.1
1776001541,bftpd,nsfuzz,3,l_abs,1083
1776001541,bftpd,nsfuzz,3,b_per,34.7
1776001541,bftpd,nsfuzz,3,b_abs,470
1776001543,bftpd,nsfuzz,3,l_per,48.1
1776001543,bftpd,nsfuzz,3,l_abs,1083
1776001543,bftpd,nsfuzz,3,b_per,34.9
1776001543,bftpd,nsfuzz,3,b_abs,472
1776001555,bftpd,nsfuzz,3,l_per,48.1
1776001555,bftpd,nsfuzz,3,l_abs,1083
1776001555,bftpd,nsfuzz,3,b_per,34.9
1776001555,bftpd,nsfuzz,3,b_abs,472
1776001556,bftpd,nsfuzz,3,l_per,48.1
1776001556,bftpd,nsfuzz,3,l_abs,1083
1776001556,bftpd,nsfuzz,3,b_per,34.9
1776001556,bftpd,nsfuzz,3,b_abs,472
1776001566,bftpd,nsfuzz,3,l_per,48.1
1776001566,bftpd,nsfuzz,3,l_abs,1083
1776001566,bftpd,nsfuzz,3,b_per,34.9
1776001566,bftpd,nsfuzz,3,b_abs,472
1776001575,bftpd,nsfuzz,3,l_per,48.1
1776001575,bftpd,nsfuzz,3,l_abs,1083
1776001575,bftpd,nsfuzz,3,b_per,34.9
1776001575,bftpd,nsfuzz,3,b_abs,472
1776001583,bftpd,nsfuzz,3,l_per,48.1
1776001583,bftpd,nsfuzz,3,l_abs,1083
1776001583,bftpd,nsfuzz,3,b_per,34.9
1776001583,bftpd,nsfuzz,3,b_abs,472
1776001586,bftpd,nsfuzz,3,l_per,48.1
1776001586,bftpd,nsfuzz,3,l_abs,1083
1776001586,bftpd,nsfuzz,3,b_per,34.9
1776001586,bftpd,nsfuzz,3,b_abs,472
1776001588,bftpd,nsfuzz,3,l_per,48.1
1776001588,bftpd,nsfuzz,3,l_abs,1083
1776001588,bftpd,nsfuzz,3,b_per,34.9
1776001588,bftpd,nsfuzz,3,b_abs,472
1776001593,bftpd,nsfuzz,3,l_per,48.1
1776001593,bftpd,nsfuzz,3,l_abs,1083
1776001593,bftpd,nsfuzz,3,b_per,34.9
1776001593,bftpd,nsfuzz,3,b_abs,472
1776001596,bftpd,nsfuzz,3,l_per,48.1
1776001596,bftpd,nsfuzz,3,l_abs,1083
1776001596,bftpd,nsfuzz,3,b_per,34.9
1776001596,bftpd,nsfuzz,3,b_abs,472
1776001600,bftpd,nsfuzz,3,l_per,48.1
1776001600,bftpd,nsfuzz,3,l_abs,1083
1776001600,bftpd,nsfuzz,3,b_per,34.9
1776001600,bftpd,nsfuzz,3,b_abs,472
1776001602,bftpd,nsfuzz,3,l_per,48.1
1776001602,bftpd,nsfuzz,3,l_abs,1083
1776001602,bftpd,nsfuzz,3,b_per,34.9
1776001602,bftpd,nsfuzz,3,b_abs,472
1776001613,bftpd,nsfuzz,3,l_per,48.1
1776001613,bftpd,nsfuzz,3,l_abs,1083
1776001613,bftpd,nsfuzz,3,b_per,34.9
1776001613,bftpd,nsfuzz,3,b_abs,472
1776001616,bftpd,nsfuzz,3,l_per,48.1
1776001616,bftpd,nsfuzz,3,l_abs,1083
1776001616,bftpd,nsfuzz,3,b_per,34.9
1776001616,bftpd,nsfuzz,3,b_abs,472
1776001620,bftpd,nsfuzz,3,l_per,48.2
1776001620,bftpd,nsfuzz,3,l_abs,1086
1776001620,bftpd,nsfuzz,3,b_per,34.9
1776001620,bftpd,nsfuzz,3,b_abs,472
1776001622,bftpd,nsfuzz,3,l_per,48.2
1776001622,bftpd,nsfuzz,3,l_abs,1086
1776001622,bftpd,nsfuzz,3,b_per,34.9
1776001622,bftpd,nsfuzz,3,b_abs,472
1776001624,bftpd,nsfuzz,3,l_per,48.2
1776001624,bftpd,nsfuzz,3,l_abs,1086
1776001624,bftpd,nsfuzz,3,b_per,34.9
1776001624,bftpd,nsfuzz,3,b_abs,472
1776001627,bftpd,nsfuzz,3,l_per,48.2
1776001627,bftpd,nsfuzz,3,l_abs,1086
1776001627,bftpd,nsfuzz,3,b_per,34.9
1776001627,bftpd,nsfuzz,3,b_abs,472
1776001632,bftpd,nsfuzz,3,l_per,48.2
1776001632,bftpd,nsfuzz,3,l_abs,1086
1776001632,bftpd,nsfuzz,3,b_per,34.9
1776001632,bftpd,nsfuzz,3,b_abs,472
1776001635,bftpd,nsfuzz,3,l_per,48.2
1776001635,bftpd,nsfuzz,3,l_abs,1086
1776001635,bftpd,nsfuzz,3,b_per,34.9
1776001635,bftpd,nsfuzz,3,b_abs,472
1776001636,bftpd,nsfuzz,3,l_per,48.2
1776001636,bftpd,nsfuzz,3,l_abs,1086
1776001636,bftpd,nsfuzz,3,b_per,34.9
1776001636,bftpd,nsfuzz,3,b_abs,472
1776001644,bftpd,nsfuzz,3,l_per,48.2
1776001644,bftpd,nsfuzz,3,l_abs,1086
1776001644,bftpd,nsfuzz,3,b_per,34.9
1776001644,bftpd,nsfuzz,3,b_abs,472
1776001645,bftpd,nsfuzz,3,l_per,48.2
1776001645,bftpd,nsfuzz,3,l_abs,1086
1776001645,bftpd,nsfuzz,3,b_per,34.9
1776001645,bftpd,nsfuzz,3,b_abs,472
1776001666,bftpd,nsfuzz,3,l_per,48.2
1776001666,bftpd,nsfuzz,3,l_abs,1086
1776001666,bftpd,nsfuzz,3,b_per,34.9
1776001666,bftpd,nsfuzz,3,b_abs,472
1776001686,bftpd,nsfuzz,3,l_per,48.2
1776001686,bftpd,nsfuzz,3,l_abs,1086
1776001686,bftpd,nsfuzz,3,b_per,34.9
1776001686,bftpd,nsfuzz,3,b_abs,472
1776001694,bftpd,nsfuzz,3,l_per,48.2
1776001694,bftpd,nsfuzz,3,l_abs,1086
1776001694,bftpd,nsfuzz,3,b_per,34.9
1776001694,bftpd,nsfuzz,3,b_abs,472
1776001695,bftpd,nsfuzz,3,l_per,48.2
1776001695,bftpd,nsfuzz,3,l_abs,1086
1776001695,bftpd,nsfuzz,3,b_per,34.9
1776001695,bftpd,nsfuzz,3,b_abs,472
1776001708,bftpd,nsfuzz,3,l_per,48.2
1776001708,bftpd,nsfuzz,3,l_abs,1086
1776001708,bftpd,nsfuzz,3,b_per,34.9
1776001708,bftpd,nsfuzz,3,b_abs,472
1776001746,bftpd,nsfuzz,3,l_per,48.2
1776001746,bftpd,nsfuzz,3,l_abs,1086
1776001746,bftpd,nsfuzz,3,b_per,34.9
1776001746,bftpd,nsfuzz,3,b_abs,472
1776001752,bftpd,nsfuzz,3,l_per,48.2
1776001752,bftpd,nsfuzz,3,l_abs,1086
1776001752,bftpd,nsfuzz,3,b_per,34.9
1776001752,bftpd,nsfuzz,3,b_abs,472
1776001757,bftpd,nsfuzz,3,l_per,48.2
1776001757,bftpd,nsfuzz,3,l_abs,1086
1776001757,bftpd,nsfuzz,3,b_per,34.9
1776001757,bftpd,nsfuzz,3,b_abs,472
1776001765,bftpd,nsfuzz,3,l_per,48.2
1776001765,bftpd,nsfuzz,3,l_abs,1086
1776001765,bftpd,nsfuzz,3,b_per,34.9
1776001765,bftpd,nsfuzz,3,b_abs,472
1776001776,bftpd,nsfuzz,3,l_per,48.2
1776001776,bftpd,nsfuzz,3,l_abs,1086
1776001776,bftpd,nsfuzz,3,b_per,34.9
1776001776,bftpd,nsfuzz,3,b_abs,472
1776001804,bftpd,nsfuzz,3,l_per,48.2
1776001804,bftpd,nsfuzz,3,l_abs,1086
1776001804,bftpd,nsfuzz,3,b_per,34.9
1776001804,bftpd,nsfuzz,3,b_abs,472
1776001865,bftpd,nsfuzz,3,l_per,48.2
1776001865,bftpd,nsfuzz,3,l_abs,1086
1776001865,bftpd,nsfuzz,3,b_per,34.9
1776001865,bftpd,nsfuzz,3,b_abs,472
1776001870,bftpd,nsfuzz,3,l_per,48.2
1776001870,bftpd,nsfuzz,3,l_abs,1086
1776001870,bftpd,nsfuzz,3,b_per,34.9
1776001870,bftpd,nsfuzz,3,b_abs,472
1776001873,bftpd,nsfuzz,3,l_per,48.2
1776001873,bftpd,nsfuzz,3,l_abs,1086
1776001873,bftpd,nsfuzz,3,b_per,34.9
1776001873,bftpd,nsfuzz,3,b_abs,472
1776001875,bftpd,nsfuzz,3,l_per,48.2
1776001875,bftpd,nsfuzz,3,l_abs,1086
1776001875,bftpd,nsfuzz,3,b_per,34.9
1776001875,bftpd,nsfuzz,3,b_abs,472
1776001878,bftpd,nsfuzz,3,l_per,48.2
1776001878,bftpd,nsfuzz,3,l_abs,1086
1776001878,bftpd,nsfuzz,3,b_per,34.9
1776001878,bftpd,nsfuzz,3,b_abs,472
1776001879,bftpd,nsfuzz,3,l_per,48.2
1776001879,bftpd,nsfuzz,3,l_abs,1086
1776001879,bftpd,nsfuzz,3,b_per,34.9
1776001879,bftpd,nsfuzz,3,b_abs,472
1776001883,bftpd,nsfuzz,3,l_per,48.2
1776001883,bftpd,nsfuzz,3,l_abs,1086
1776001883,bftpd,nsfuzz,3,b_per,34.9
1776001883,bftpd,nsfuzz,3,b_abs,472
1776001887,bftpd,nsfuzz,3,l_per,48.2
1776001887,bftpd,nsfuzz,3,l_abs,1086
1776001887,bftpd,nsfuzz,3,b_per,34.9
1776001887,bftpd,nsfuzz,3,b_abs,472
1776001896,bftpd,nsfuzz,3,l_per,48.2
1776001896,bftpd,nsfuzz,3,l_abs,1086
1776001896,bftpd,nsfuzz,3,b_per,34.9
1776001896,bftpd,nsfuzz,3,b_abs,472
1776001929,bftpd,nsfuzz,3,l_per,48.2
1776001929,bftpd,nsfuzz,3,l_abs,1086
1776001929,bftpd,nsfuzz,3,b_per,34.9
1776001929,bftpd,nsfuzz,3,b_abs,472
1776001951,bftpd,nsfuzz,3,l_per,48.2
1776001951,bftpd,nsfuzz,3,l_abs,1086
1776001951,bftpd,nsfuzz,3,b_per,34.9
1776001951,bftpd,nsfuzz,3,b_abs,472
1776001973,bftpd,nsfuzz,3,l_per,48.2
1776001973,bftpd,nsfuzz,3,l_abs,1086
1776001973,bftpd,nsfuzz,3,b_per,34.9
1776001973,bftpd,nsfuzz,3,b_abs,472
1776001988,bftpd,nsfuzz,3,l_per,48.2
1776001988,bftpd,nsfuzz,3,l_abs,1086
1776001988,bftpd,nsfuzz,3,b_per,34.9
1776001988,bftpd,nsfuzz,3,b_abs,473
1776001995,bftpd,nsfuzz,3,l_per,48.2
1776001995,bftpd,nsfuzz,3,l_abs,1086
1776001995,bftpd,nsfuzz,3,b_per,35.0
1776001995,bftpd,nsfuzz,3,b_abs,474
1776002021,bftpd,nsfuzz,3,l_per,48.2
1776002021,bftpd,nsfuzz,3,l_abs,1086
1776002021,bftpd,nsfuzz,3,b_per,35.0
1776002021,bftpd,nsfuzz,3,b_abs,474
1776002027,bftpd,nsfuzz,3,l_per,48.2
1776002027,bftpd,nsfuzz,3,l_abs,1086
1776002027,bftpd,nsfuzz,3,b_per,35.0
1776002027,bftpd,nsfuzz,3,b_abs,474
1776002066,bftpd,nsfuzz,3,l_per,48.2
1776002066,bftpd,nsfuzz,3,l_abs,1086
1776002066,bftpd,nsfuzz,3,b_per,35.0
1776002066,bftpd,nsfuzz,3,b_abs,474
1776002071,bftpd,nsfuzz,3,l_per,48.2
1776002071,bftpd,nsfuzz,3,l_abs,1086
1776002071,bftpd,nsfuzz,3,b_per,35.0
1776002071,bftpd,nsfuzz,3,b_abs,474
1776002086,bftpd,nsfuzz,3,l_per,48.2
1776002086,bftpd,nsfuzz,3,l_abs,1086
1776002086,bftpd,nsfuzz,3,b_per,35.0
1776002086,bftpd,nsfuzz,3,b_abs,474
1776002102,bftpd,nsfuzz,3,l_per,48.2
1776002102,bftpd,nsfuzz,3,l_abs,1086
1776002102,bftpd,nsfuzz,3,b_per,35.0
1776002102,bftpd,nsfuzz,3,b_abs,474
1776002110,bftpd,nsfuzz,3,l_per,48.2
1776002110,bftpd,nsfuzz,3,l_abs,1086
1776002110,bftpd,nsfuzz,3,b_per,35.0
1776002110,bftpd,nsfuzz,3,b_abs,474
1776002114,bftpd,nsfuzz,3,l_per,48.5
1776002114,bftpd,nsfuzz,3,l_abs,1091
1776002114,bftpd,nsfuzz,3,b_per,35.4
1776002114,bftpd,nsfuzz,3,b_abs,479
1776002117,bftpd,nsfuzz,3,l_per,48.5
1776002117,bftpd,nsfuzz,3,l_abs,1091
1776002117,bftpd,nsfuzz,3,b_per,35.4
1776002117,bftpd,nsfuzz,3,b_abs,479
1776002123,bftpd,nsfuzz,3,l_per,48.5
1776002123,bftpd,nsfuzz,3,l_abs,1091
1776002123,bftpd,nsfuzz,3,b_per,35.4
1776002123,bftpd,nsfuzz,3,b_abs,479
1776002127,bftpd,nsfuzz,3,l_per,48.5
1776002127,bftpd,nsfuzz,3,l_abs,1091
1776002127,bftpd,nsfuzz,3,b_per,35.4
1776002127,bftpd,nsfuzz,3,b_abs,479
1776002143,bftpd,nsfuzz,3,l_per,48.5
1776002143,bftpd,nsfuzz,3,l_abs,1091
1776002143,bftpd,nsfuzz,3,b_per,35.4
1776002143,bftpd,nsfuzz,3,b_abs,479
1776002144,bftpd,nsfuzz,3,l_per,48.5
1776002144,bftpd,nsfuzz,3,l_abs,1091
1776002144,bftpd,nsfuzz,3,b_per,35.4
1776002144,bftpd,nsfuzz,3,b_abs,479
1776002145,bftpd,nsfuzz,3,l_per,48.5
1776002145,bftpd,nsfuzz,3,l_abs,1091
1776002145,bftpd,nsfuzz,3,b_per,35.4
1776002145,bftpd,nsfuzz,3,b_abs,479
1776002148,bftpd,nsfuzz,3,l_per,48.5
1776002148,bftpd,nsfuzz,3,l_abs,1091
1776002148,bftpd,nsfuzz,3,b_per,35.4
1776002148,bftpd,nsfuzz,3,b_abs,479
1776002233,bftpd,nsfuzz,3,l_per,48.5
1776002233,bftpd,nsfuzz,3,l_abs,1091
1776002233,bftpd,nsfuzz,3,b_per,35.4
1776002233,bftpd,nsfuzz,3,b_abs,479
1776002234,bftpd,nsfuzz,3,l_per,48.5
1776002234,bftpd,nsfuzz,3,l_abs,1091
1776002234,bftpd,nsfuzz,3,b_per,35.4
1776002234,bftpd,nsfuzz,3,b_abs,479
1776002234,bftpd,nsfuzz,3,l_per,48.5
1776002234,bftpd,nsfuzz,3,l_abs,1091
1776002234,bftpd,nsfuzz,3,b_per,35.4
1776002234,bftpd,nsfuzz,3,b_abs,479
1776002237,bftpd,nsfuzz,3,l_per,48.5
1776002237,bftpd,nsfuzz,3,l_abs,1091
1776002237,bftpd,nsfuzz,3,b_per,35.4
1776002237,bftpd,nsfuzz,3,b_abs,479
1776002241,bftpd,nsfuzz,3,l_per,48.5
1776002241,bftpd,nsfuzz,3,l_abs,1091
1776002241,bftpd,nsfuzz,3,b_per,35.4
1776002241,bftpd,nsfuzz,3,b_abs,479
1776002248,bftpd,nsfuzz,3,l_per,48.5
1776002248,bftpd,nsfuzz,3,l_abs,1091
1776002248,bftpd,nsfuzz,3,b_per,35.4
1776002248,bftpd,nsfuzz,3,b_abs,479
1776002248,bftpd,nsfuzz,3,l_per,48.5
1776002248,bftpd,nsfuzz,3,l_abs,1091
1776002248,bftpd,nsfuzz,3,b_per,35.4
1776002248,bftpd,nsfuzz,3,b_abs,479
1776002250,bftpd,nsfuzz,3,l_per,48.5
1776002250,bftpd,nsfuzz,3,l_abs,1091
1776002250,bftpd,nsfuzz,3,b_per,35.4
1776002250,bftpd,nsfuzz,3,b_abs,479
1776002262,bftpd,nsfuzz,3,l_per,48.5
1776002262,bftpd,nsfuzz,3,l_abs,1091
1776002262,bftpd,nsfuzz,3,b_per,35.4
1776002262,bftpd,nsfuzz,3,b_abs,479
1776002271,bftpd,nsfuzz,3,l_per,48.5
1776002271,bftpd,nsfuzz,3,l_abs,1091
1776002271,bftpd,nsfuzz,3,b_per,35.4
1776002271,bftpd,nsfuzz,3,b_abs,479
1776002331,bftpd,nsfuzz,3,l_per,48.5
1776002331,bftpd,nsfuzz,3,l_abs,1091
1776002331,bftpd,nsfuzz,3,b_per,35.4
1776002331,bftpd,nsfuzz,3,b_abs,479
1776002336,bftpd,nsfuzz,3,l_per,48.5
1776002336,bftpd,nsfuzz,3,l_abs,1091
1776002336,bftpd,nsfuzz,3,b_per,35.5
1776002336,bftpd,nsfuzz,3,b_abs,480
1776002339,bftpd,nsfuzz,3,l_per,48.5
1776002339,bftpd,nsfuzz,3,l_abs,1091
1776002339,bftpd,nsfuzz,3,b_per,35.5
1776002339,bftpd,nsfuzz,3,b_abs,480
1776002341,bftpd,nsfuzz,3,l_per,48.5
1776002341,bftpd,nsfuzz,3,l_abs,1091
1776002341,bftpd,nsfuzz,3,b_per,35.5
1776002341,bftpd,nsfuzz,3,b_abs,480
1776002357,bftpd,nsfuzz,3,l_per,48.5
1776002357,bftpd,nsfuzz,3,l_abs,1091
1776002357,bftpd,nsfuzz,3,b_per,35.5
1776002357,bftpd,nsfuzz,3,b_abs,480
1776002359,bftpd,nsfuzz,3,l_per,48.5
1776002359,bftpd,nsfuzz,3,l_abs,1091
1776002359,bftpd,nsfuzz,3,b_per,35.5
1776002359,bftpd,nsfuzz,3,b_abs,480
1776002376,bftpd,nsfuzz,3,l_per,48.5
1776002376,bftpd,nsfuzz,3,l_abs,1091
1776002376,bftpd,nsfuzz,3,b_per,35.5
1776002376,bftpd,nsfuzz,3,b_abs,480
1776002381,bftpd,nsfuzz,3,l_per,48.5
1776002381,bftpd,nsfuzz,3,l_abs,1091
1776002381,bftpd,nsfuzz,3,b_per,35.5
1776002381,bftpd,nsfuzz,3,b_abs,480
1776002383,bftpd,nsfuzz,3,l_per,48.5
1776002383,bftpd,nsfuzz,3,l_abs,1091
1776002383,bftpd,nsfuzz,3,b_per,35.5
1776002383,bftpd,nsfuzz,3,b_abs,480
1776002386,bftpd,nsfuzz,3,l_per,48.5
1776002386,bftpd,nsfuzz,3,l_abs,1091
1776002386,bftpd,nsfuzz,3,b_per,35.5
1776002386,bftpd,nsfuzz,3,b_abs,480
1776002391,bftpd,nsfuzz,3,l_per,48.5
1776002391,bftpd,nsfuzz,3,l_abs,1091
1776002391,bftpd,nsfuzz,3,b_per,35.5
1776002391,bftpd,nsfuzz,3,b_abs,480
1776002392,bftpd,nsfuzz,3,l_per,48.5
1776002392,bftpd,nsfuzz,3,l_abs,1091
1776002392,bftpd,nsfuzz,3,b_per,35.5
1776002392,bftpd,nsfuzz,3,b_abs,480
1776002392,bftpd,nsfuzz,3,l_per,48.5
1776002392,bftpd,nsfuzz,3,l_abs,1091
1776002392,bftpd,nsfuzz,3,b_per,35.5
1776002392,bftpd,nsfuzz,3,b_abs,480
1776002397,bftpd,nsfuzz,3,l_per,48.5
1776002397,bftpd,nsfuzz,3,l_abs,1091
1776002397,bftpd,nsfuzz,3,b_per,35.5
1776002397,bftpd,nsfuzz,3,b_abs,480
1776002399,bftpd,nsfuzz,3,l_per,48.5
1776002399,bftpd,nsfuzz,3,l_abs,1091
1776002399,bftpd,nsfuzz,3,b_per,35.5
1776002399,bftpd,nsfuzz,3,b_abs,480
1776002404,bftpd,nsfuzz,3,l_per,48.5
1776002404,bftpd,nsfuzz,3,l_abs,1091
1776002404,bftpd,nsfuzz,3,b_per,35.5
1776002404,bftpd,nsfuzz,3,b_abs,480
1776002475,bftpd,nsfuzz,3,l_per,48.5
1776002475,bftpd,nsfuzz,3,l_abs,1091
1776002475,bftpd,nsfuzz,3,b_per,35.5
1776002475,bftpd,nsfuzz,3,b_abs,480
1776002477,bftpd,nsfuzz,3,l_per,48.5
1776002477,bftpd,nsfuzz,3,l_abs,1091
1776002477,bftpd,nsfuzz,3,b_per,35.5
1776002477,bftpd,nsfuzz,3,b_abs,480
1776002478,bftpd,nsfuzz,3,l_per,48.5
1776002478,bftpd,nsfuzz,3,l_abs,1091
1776002478,bftpd,nsfuzz,3,b_per,35.5
1776002478,bftpd,nsfuzz,3,b_abs,480
1776002484,bftpd,nsfuzz,3,l_per,48.5
1776002484,bftpd,nsfuzz,3,l_abs,1091
1776002484,bftpd,nsfuzz,3,b_per,35.5
1776002484,bftpd,nsfuzz,3,b_abs,480
1776002496,bftpd,nsfuzz,3,l_per,48.5
1776002496,bftpd,nsfuzz,3,l_abs,1091
1776002496,bftpd,nsfuzz,3,b_per,35.5
1776002496,bftpd,nsfuzz,3,b_abs,480
1776002544,bftpd,nsfuzz,3,l_per,48.5
1776002544,bftpd,nsfuzz,3,l_abs,1091
1776002544,bftpd,nsfuzz,3,b_per,35.5
1776002544,bftpd,nsfuzz,3,b_abs,480
1776002624,bftpd,nsfuzz,3,l_per,48.5
1776002624,bftpd,nsfuzz,3,l_abs,1091
1776002624,bftpd,nsfuzz,3,b_per,35.5
1776002624,bftpd,nsfuzz,3,b_abs,480
1776002626,bftpd,nsfuzz,3,l_per,48.5
1776002626,bftpd,nsfuzz,3,l_abs,1091
1776002626,bftpd,nsfuzz,3,b_per,35.5
1776002626,bftpd,nsfuzz,3,b_abs,480
1776002651,bftpd,nsfuzz,3,l_per,48.5
1776002651,bftpd,nsfuzz,3,l_abs,1091
1776002651,bftpd,nsfuzz,3,b_per,35.5
1776002651,bftpd,nsfuzz,3,b_abs,480
1776002663,bftpd,nsfuzz,3,l_per,48.5
1776002663,bftpd,nsfuzz,3,l_abs,1091
1776002663,bftpd,nsfuzz,3,b_per,35.5
1776002663,bftpd,nsfuzz,3,b_abs,480
1776002685,bftpd,nsfuzz,3,l_per,48.5
1776002685,bftpd,nsfuzz,3,l_abs,1091
1776002685,bftpd,nsfuzz,3,b_per,35.5
1776002685,bftpd,nsfuzz,3,b_abs,480
1776002689,bftpd,nsfuzz,3,l_per,48.5
1776002689,bftpd,nsfuzz,3,l_abs,1091
1776002689,bftpd,nsfuzz,3,b_per,35.5
1776002689,bftpd,nsfuzz,3,b_abs,480
1776002690,bftpd,nsfuzz,3,l_per,48.5
1776002690,bftpd,nsfuzz,3,l_abs,1091
1776002690,bftpd,nsfuzz,3,b_per,35.5
1776002690,bftpd,nsfuzz,3,b_abs,480
1776002690,bftpd,nsfuzz,3,l_per,48.5
1776002690,bftpd,nsfuzz,3,l_abs,1091
1776002690,bftpd,nsfuzz,3,b_per,35.5
1776002690,bftpd,nsfuzz,3,b_abs,480
1776002699,bftpd,nsfuzz,3,l_per,48.5
1776002699,bftpd,nsfuzz,3,l_abs,1091
1776002699,bftpd,nsfuzz,3,b_per,35.5
1776002699,bftpd,nsfuzz,3,b_abs,480
1776002734,bftpd,nsfuzz,3,l_per,48.5
1776002734,bftpd,nsfuzz,3,l_abs,1091
1776002734,bftpd,nsfuzz,3,b_per,35.5
1776002734,bftpd,nsfuzz,3,b_abs,480
1776002746,bftpd,nsfuzz,3,l_per,48.5
1776002746,bftpd,nsfuzz,3,l_abs,1091
1776002746,bftpd,nsfuzz,3,b_per,35.5
1776002746,bftpd,nsfuzz,3,b_abs,480
1776002753,bftpd,nsfuzz,3,l_per,48.5
1776002753,bftpd,nsfuzz,3,l_abs,1091
1776002753,bftpd,nsfuzz,3,b_per,35.5
1776002753,bftpd,nsfuzz,3,b_abs,480
1776002787,bftpd,nsfuzz,3,l_per,48.5
1776002787,bftpd,nsfuzz,3,l_abs,1091
1776002787,bftpd,nsfuzz,3,b_per,35.5
1776002787,bftpd,nsfuzz,3,b_abs,480
1776002819,bftpd,nsfuzz,3,l_per,48.5
1776002819,bftpd,nsfuzz,3,l_abs,1091
1776002819,bftpd,nsfuzz,3,b_per,35.5
1776002819,bftpd,nsfuzz,3,b_abs,480
1776003059,bftpd,nsfuzz,3,l_per,48.5
1776003059,bftpd,nsfuzz,3,l_abs,1091
1776003059,bftpd,nsfuzz,3,b_per,35.5
1776003059,bftpd,nsfuzz,3,b_abs,480
1776003067,bftpd,nsfuzz,3,l_per,48.5
1776003067,bftpd,nsfuzz,3,l_abs,1091
1776003067,bftpd,nsfuzz,3,b_per,35.5
1776003067,bftpd,nsfuzz,3,b_abs,480
1776003070,bftpd,nsfuzz,3,l_per,48.5
1776003070,bftpd,nsfuzz,3,l_abs,1091
1776003070,bftpd,nsfuzz,3,b_per,35.5
1776003070,bftpd,nsfuzz,3,b_abs,480
1776003375,bftpd,nsfuzz,3,l_per,48.5
1776003375,bftpd,nsfuzz,3,l_abs,1091
1776003375,bftpd,nsfuzz,3,b_per,35.5
1776003375,bftpd,nsfuzz,3,b_abs,480
1776003450,bftpd,nsfuzz,3,l_per,48.5
1776003450,bftpd,nsfuzz,3,l_abs,1091
1776003450,bftpd,nsfuzz,3,b_per,35.5
1776003450,bftpd,nsfuzz,3,b_abs,480
1776003634,bftpd,nsfuzz,3,l_per,48.5
1776003634,bftpd,nsfuzz,3,l_abs,1091
1776003634,bftpd,nsfuzz,3,b_per,35.5
1776003634,bftpd,nsfuzz,3,b_abs,480
1776003643,bftpd,nsfuzz,3,l_per,48.5
1776003643,bftpd,nsfuzz,3,l_abs,1091
1776003643,bftpd,nsfuzz,3,b_per,35.5
1776003643,bftpd,nsfuzz,3,b_abs,480
1776003662,bftpd,nsfuzz,3,l_per,48.5
1776003662,bftpd,nsfuzz,3,l_abs,1091
1776003662,bftpd,nsfuzz,3,b_per,35.5
1776003662,bftpd,nsfuzz,3,b_abs,480
1776003663,bftpd,nsfuzz,3,l_per,48.5
1776003663,bftpd,nsfuzz,3,l_abs,1091
1776003663,bftpd,nsfuzz,3,b_per,35.5
1776003663,bftpd,nsfuzz,3,b_abs,480
1776003665,bftpd,nsfuzz,3,l_per,48.5
1776003665,bftpd,nsfuzz,3,l_abs,1091
1776003665,bftpd,nsfuzz,3,b_per,35.5
1776003665,bftpd,nsfuzz,3,b_abs,480
1776003997,bftpd,nsfuzz,3,l_per,48.5
1776003997,bftpd,nsfuzz,3,l_abs,1091
1776003997,bftpd,nsfuzz,3,b_per,35.5
1776003997,bftpd,nsfuzz,3,b_abs,480
1776004297,bftpd,nsfuzz,3,l_per,48.5
1776004297,bftpd,nsfuzz,3,l_abs,1091
1776004297,bftpd,nsfuzz,3,b_per,35.5
1776004297,bftpd,nsfuzz,3,b_abs,480
1776004387,bftpd,nsfuzz,3,l_per,48.5
1776004387,bftpd,nsfuzz,3,l_abs,1091
1776004387,bftpd,nsfuzz,3,b_per,35.5
1776004387,bftpd,nsfuzz,3,b_abs,480
1776004597,bftpd,nsfuzz,3,l_per,48.5
1776004597,bftpd,nsfuzz,3,l_abs,1091
1776004597,bftpd,nsfuzz,3,b_per,35.5
1776004597,bftpd,nsfuzz,3,b_abs,480
1776004696,bftpd,nsfuzz,3,l_per,48.5
1776004696,bftpd,nsfuzz,3,l_abs,1091
1776004696,bftpd,nsfuzz,3,b_per,35.5
1776004696,bftpd,nsfuzz,3,b_abs,480
1776004828,bftpd,nsfuzz,3,l_per,48.5
1776004828,bftpd,nsfuzz,3,l_abs,1091
1776004828,bftpd,nsfuzz,3,b_per,35.5
1776004828,bftpd,nsfuzz,3,b_abs,480
1776004889,bftpd,nsfuzz,3,l_per,48.5
1776004889,bftpd,nsfuzz,3,l_abs,1091
1776004889,bftpd,nsfuzz,3,b_per,35.5
1776004889,bftpd,nsfuzz,3,b_abs,480
1776005003,bftpd,nsfuzz,3,l_per,48.5
1776005003,bftpd,nsfuzz,3,l_abs,1091
1776005003,bftpd,nsfuzz,3,b_per,35.5
1776005003,bftpd,nsfuzz,3,b_abs,480
1776005004,bftpd,nsfuzz,3,l_per,48.5
1776005004,bftpd,nsfuzz,3,l_abs,1091
1776005004,bftpd,nsfuzz,3,b_per,35.5
1776005004,bftpd,nsfuzz,3,b_abs,480
1776005028,bftpd,nsfuzz,3,l_per,48.5
1776005028,bftpd,nsfuzz,3,l_abs,1091
1776005028,bftpd,nsfuzz,3,b_per,35.5
1776005028,bftpd,nsfuzz,3,b_abs,480
1776005334,bftpd,nsfuzz,3,l_per,48.5
1776005334,bftpd,nsfuzz,3,l_abs,1091
1776005334,bftpd,nsfuzz,3,b_per,35.5
1776005334,bftpd,nsfuzz,3,b_abs,480
1776005396,bftpd,nsfuzz,3,l_per,48.5
1776005396,bftpd,nsfuzz,3,l_abs,1091
1776005396,bftpd,nsfuzz,3,b_per,35.5
1776005396,bftpd,nsfuzz,3,b_abs,480
1776005398,bftpd,nsfuzz,3,l_per,48.5
1776005398,bftpd,nsfuzz,3,l_abs,1091
1776005398,bftpd,nsfuzz,3,b_per,35.5
1776005398,bftpd,nsfuzz,3,b_abs,480
1776005699,bftpd,nsfuzz,3,l_per,48.5
1776005699,bftpd,nsfuzz,3,l_abs,1091
1776005699,bftpd,nsfuzz,3,b_per,35.5
1776005699,bftpd,nsfuzz,3,b_abs,480
1776005877,bftpd,nsfuzz,3,l_per,48.5
1776005877,bftpd,nsfuzz,3,l_abs,1091
1776005877,bftpd,nsfuzz,3,b_per,35.5
1776005877,bftpd,nsfuzz,3,b_abs,480
1776007630,bftpd,nsfuzz,3,l_per,48.5
1776007630,bftpd,nsfuzz,3,l_abs,1091
1776007630,bftpd,nsfuzz,3,b_per,35.5
1776007630,bftpd,nsfuzz,3,b_abs,480
1776007926,bftpd,nsfuzz,3,l_per,48.5
1776007926,bftpd,nsfuzz,3,l_abs,1091
1776007926,bftpd,nsfuzz,3,b_per,35.5
1776007926,bftpd,nsfuzz,3,b_abs,480
1776008484,bftpd,nsfuzz,3,l_per,48.5
1776008484,bftpd,nsfuzz,3,l_abs,1091
1776008484,bftpd,nsfuzz,3,b_per,35.5
1776008484,bftpd,nsfuzz,3,b_abs,480
1776008522,bftpd,nsfuzz,3,l_per,48.5
1776008522,bftpd,nsfuzz,3,l_abs,1091
1776008522,bftpd,nsfuzz,3,b_per,35.5
1776008522,bftpd,nsfuzz,3,b_abs,480
1776011653,bftpd,nsfuzz,3,l_per,48.5
1776011653,bftpd,nsfuzz,3,l_abs,1091
1776011653,bftpd,nsfuzz,3,b_per,35.5
1776011653,bftpd,nsfuzz,3,b_abs,480
1776012173,bftpd,nsfuzz,3,l_per,48.5
1776012173,bftpd,nsfuzz,3,l_abs,1091
1776012173,bftpd,nsfuzz,3,b_per,35.5
1776012173,bftpd,nsfuzz,3,b_abs,480
1776014183,bftpd,nsfuzz,3,l_per,48.5
1776014183,bftpd,nsfuzz,3,l_abs,1091
1776014183,bftpd,nsfuzz,3,b_per,35.5
1776014183,bftpd,nsfuzz,3,b_abs,480
1776014232,bftpd,nsfuzz,3,l_per,48.5
1776014232,bftpd,nsfuzz,3,l_abs,1091
1776014232,bftpd,nsfuzz,3,b_per,35.5
1776014232,bftpd,nsfuzz,3,b_abs,480
1776014233,bftpd,nsfuzz,3,l_per,48.5
1776014233,bftpd,nsfuzz,3,l_abs,1091
1776014233,bftpd,nsfuzz,3,b_per,35.5
1776014233,bftpd,nsfuzz,3,b_abs,480
1776014233,bftpd,nsfuzz,3,l_per,48.5
1776014233,bftpd,nsfuzz,3,l_abs,1091
1776014233,bftpd,nsfuzz,3,b_per,35.5
1776014233,bftpd,nsfuzz,3,b_abs,480
1776014234,bftpd,nsfuzz,3,l_per,48.5
1776014234,bftpd,nsfuzz,3,l_abs,1091
1776014234,bftpd,nsfuzz,3,b_per,35.5
1776014234,bftpd,nsfuzz,3,b_abs,480
1776014235,bftpd,nsfuzz,3,l_per,48.5
1776014235,bftpd,nsfuzz,3,l_abs,1091
1776014235,bftpd,nsfuzz,3,b_per,35.5
1776014235,bftpd,nsfuzz,3,b_abs,480
1776014236,bftpd,nsfuzz,3,l_per,48.5
1776014236,bftpd,nsfuzz,3,l_abs,1091
1776014236,bftpd,nsfuzz,3,b_per,35.5
1776014236,bftpd,nsfuzz,3,b_abs,480
1776014241,bftpd,nsfuzz,3,l_per,48.5
1776014241,bftpd,nsfuzz,3,l_abs,1091
1776014241,bftpd,nsfuzz,3,b_per,35.5
1776014241,bftpd,nsfuzz,3,b_abs,480
1776015120,bftpd,nsfuzz,3,l_per,48.5
1776015120,bftpd,nsfuzz,3,l_abs,1091
1776015120,bftpd,nsfuzz,3,b_per,35.5
1776015120,bftpd,nsfuzz,3,b_abs,480
1776019793,bftpd,nsfuzz,3,l_per,48.5
1776019793,bftpd,nsfuzz,3,l_abs,1091
1776019793,bftpd,nsfuzz,3,b_per,35.5
1776019793,bftpd,nsfuzz,3,b_abs,480
1776019934,bftpd,nsfuzz,3,l_per,48.5
1776019934,bftpd,nsfuzz,3,l_abs,1091
1776019934,bftpd,nsfuzz,3,b_per,35.5
1776019934,bftpd,nsfuzz,3,b_abs,480
1776020532,bftpd,nsfuzz,3,l_per,48.5
1776020532,bftpd,nsfuzz,3,l_abs,1091
1776020532,bftpd,nsfuzz,3,b_per,35.5
1776020532,bftpd,nsfuzz,3,b_abs,480
1776025035,bftpd,nsfuzz,3,l_per,48.5
1776025035,bftpd,nsfuzz,3,l_abs,1091
1776025035,bftpd,nsfuzz,3,b_per,35.5
1776025035,bftpd,nsfuzz,3,b_abs,480
1776025044,bftpd,nsfuzz,3,l_per,48.5
1776025044,bftpd,nsfuzz,3,l_abs,1091
1776025044,bftpd,nsfuzz,3,b_per,35.5
1776025044,bftpd,nsfuzz,3,b_abs,480
1776001088,bftpd,nsfuzz,4,l_per,28.9
1776001088,bftpd,nsfuzz,4,l_abs,647
1776001088,bftpd,nsfuzz,4,b_per,18.5
1776001088,bftpd,nsfuzz,4,b_abs,251
1776001088,bftpd,nsfuzz,4,l_per,29.6
1776001088,bftpd,nsfuzz,4,l_abs,663
1776001088,bftpd,nsfuzz,4,b_per,19.1
1776001088,bftpd,nsfuzz,4,b_abs,258
1776001088,bftpd,nsfuzz,4,l_per,29.6
1776001088,bftpd,nsfuzz,4,l_abs,664
1776001088,bftpd,nsfuzz,4,b_per,19.2
1776001088,bftpd,nsfuzz,4,b_abs,260
1776001088,bftpd,nsfuzz,4,l_per,29.6
1776001088,bftpd,nsfuzz,4,l_abs,664
1776001088,bftpd,nsfuzz,4,b_per,19.2
1776001088,bftpd,nsfuzz,4,b_abs,260
1776001088,bftpd,nsfuzz,4,l_per,32.5
1776001088,bftpd,nsfuzz,4,l_abs,728
1776001088,bftpd,nsfuzz,4,b_per,20.5
1776001088,bftpd,nsfuzz,4,b_abs,278
1776001088,bftpd,nsfuzz,4,l_per,34.5
1776001088,bftpd,nsfuzz,4,l_abs,775
1776001088,bftpd,nsfuzz,4,b_per,22.2
1776001088,bftpd,nsfuzz,4,b_abs,301
1776001088,bftpd,nsfuzz,4,l_per,34.5
1776001088,bftpd,nsfuzz,4,l_abs,775
1776001088,bftpd,nsfuzz,4,b_per,22.2
1776001088,bftpd,nsfuzz,4,b_abs,301
1776001088,bftpd,nsfuzz,4,l_per,34.5
1776001088,bftpd,nsfuzz,4,l_abs,775
1776001088,bftpd,nsfuzz,4,b_per,22.2
1776001088,bftpd,nsfuzz,4,b_abs,301
1776001088,bftpd,nsfuzz,4,l_per,34.5
1776001088,bftpd,nsfuzz,4,l_abs,775
1776001088,bftpd,nsfuzz,4,b_per,22.2
1776001088,bftpd,nsfuzz,4,b_abs,301
1776001088,bftpd,nsfuzz,4,l_per,34.5
1776001088,bftpd,nsfuzz,4,l_abs,775
1776001088,bftpd,nsfuzz,4,b_per,22.2
1776001088,bftpd,nsfuzz,4,b_abs,301
1776001088,bftpd,nsfuzz,4,l_per,34.5
1776001088,bftpd,nsfuzz,4,l_abs,775
1776001088,bftpd,nsfuzz,4,b_per,22.2
1776001088,bftpd,nsfuzz,4,b_abs,301
1776001089,bftpd,nsfuzz,4,l_per,34.5
1776001089,bftpd,nsfuzz,4,l_abs,775
1776001089,bftpd,nsfuzz,4,b_per,22.5
1776001089,bftpd,nsfuzz,4,b_abs,305
1776001089,bftpd,nsfuzz,4,l_per,37.7
1776001089,bftpd,nsfuzz,4,l_abs,846
1776001089,bftpd,nsfuzz,4,b_per,25.2
1776001089,bftpd,nsfuzz,4,b_abs,341
1776001088,bftpd,nsfuzz,4,l_per,37.7
1776001088,bftpd,nsfuzz,4,l_abs,846
1776001088,bftpd,nsfuzz,4,b_per,25.2
1776001088,bftpd,nsfuzz,4,b_abs,341
1776001088,bftpd,nsfuzz,4,l_per,37.7
1776001088,bftpd,nsfuzz,4,l_abs,847
1776001088,bftpd,nsfuzz,4,b_per,25.3
1776001088,bftpd,nsfuzz,4,b_abs,342
1776001088,bftpd,nsfuzz,4,l_per,37.7
1776001088,bftpd,nsfuzz,4,l_abs,847
1776001088,bftpd,nsfuzz,4,b_per,25.3
1776001088,bftpd,nsfuzz,4,b_abs,342
1776001088,bftpd,nsfuzz,4,l_per,37.7
1776001088,bftpd,nsfuzz,4,l_abs,847
1776001088,bftpd,nsfuzz,4,b_per,25.3
1776001088,bftpd,nsfuzz,4,b_abs,342
1776001088,bftpd,nsfuzz,4,l_per,38.0
1776001088,bftpd,nsfuzz,4,l_abs,853
1776001088,bftpd,nsfuzz,4,b_per,25.5
1776001088,bftpd,nsfuzz,4,b_abs,345
1776001088,bftpd,nsfuzz,4,l_per,38.1
1776001088,bftpd,nsfuzz,4,l_abs,856
1776001088,bftpd,nsfuzz,4,b_per,25.6
1776001088,bftpd,nsfuzz,4,b_abs,346
1776001088,bftpd,nsfuzz,4,l_per,38.1
1776001088,bftpd,nsfuzz,4,l_abs,856
1776001088,bftpd,nsfuzz,4,b_per,25.6
1776001088,bftpd,nsfuzz,4,b_abs,346
1776001088,bftpd,nsfuzz,4,l_per,38.1
1776001088,bftpd,nsfuzz,4,l_abs,856
1776001088,bftpd,nsfuzz,4,b_per,25.6
1776001088,bftpd,nsfuzz,4,b_abs,346
1776001088,bftpd,nsfuzz,4,l_per,38.1
1776001088,bftpd,nsfuzz,4,l_abs,856
1776001088,bftpd,nsfuzz,4,b_per,25.6
1776001088,bftpd,nsfuzz,4,b_abs,346
1776001088,bftpd,nsfuzz,4,l_per,39.7
1776001088,bftpd,nsfuzz,4,l_abs,892
1776001088,bftpd,nsfuzz,4,b_per,26.4
1776001088,bftpd,nsfuzz,4,b_abs,358
1776001088,bftpd,nsfuzz,4,l_per,39.7
1776001088,bftpd,nsfuzz,4,l_abs,892
1776001088,bftpd,nsfuzz,4,b_per,26.4
1776001088,bftpd,nsfuzz,4,b_abs,358
1776001089,bftpd,nsfuzz,4,l_per,39.7
1776001089,bftpd,nsfuzz,4,l_abs,892
1776001089,bftpd,nsfuzz,4,b_per,26.4
1776001089,bftpd,nsfuzz,4,b_abs,358
1776001089,bftpd,nsfuzz,4,l_per,39.7
1776001089,bftpd,nsfuzz,4,l_abs,892
1776001089,bftpd,nsfuzz,4,b_per,26.4
1776001089,bftpd,nsfuzz,4,b_abs,358
1776001093,bftpd,nsfuzz,4,l_per,39.8
1776001093,bftpd,nsfuzz,4,l_abs,895
1776001093,bftpd,nsfuzz,4,b_per,26.6
1776001093,bftpd,nsfuzz,4,b_abs,360
1776001093,bftpd,nsfuzz,4,l_per,39.9
1776001093,bftpd,nsfuzz,4,l_abs,896
1776001093,bftpd,nsfuzz,4,b_per,26.7
1776001093,bftpd,nsfuzz,4,b_abs,361
1776001093,bftpd,nsfuzz,4,l_per,40.1
1776001093,bftpd,nsfuzz,4,l_abs,901
1776001093,bftpd,nsfuzz,4,b_per,26.9
1776001093,bftpd,nsfuzz,4,b_abs,364
1776001093,bftpd,nsfuzz,4,l_per,40.1
1776001093,bftpd,nsfuzz,4,l_abs,901
1776001093,bftpd,nsfuzz,4,b_per,26.9
1776001093,bftpd,nsfuzz,4,b_abs,364
1776001093,bftpd,nsfuzz,4,l_per,40.1
1776001093,bftpd,nsfuzz,4,l_abs,901
1776001093,bftpd,nsfuzz,4,b_per,26.9
1776001093,bftpd,nsfuzz,4,b_abs,364
1776001093,bftpd,nsfuzz,4,l_per,40.1
1776001093,bftpd,nsfuzz,4,l_abs,901
1776001093,bftpd,nsfuzz,4,b_per,26.9
1776001093,bftpd,nsfuzz,4,b_abs,364
1776001093,bftpd,nsfuzz,4,l_per,40.1
1776001093,bftpd,nsfuzz,4,l_abs,901
1776001093,bftpd,nsfuzz,4,b_per,26.9
1776001093,bftpd,nsfuzz,4,b_abs,364
1776001093,bftpd,nsfuzz,4,l_per,40.1
1776001093,bftpd,nsfuzz,4,l_abs,901
1776001093,bftpd,nsfuzz,4,b_per,27.0
1776001093,bftpd,nsfuzz,4,b_abs,365
1776001093,bftpd,nsfuzz,4,l_per,40.1
1776001093,bftpd,nsfuzz,4,l_abs,901
1776001093,bftpd,nsfuzz,4,b_per,27.0
1776001093,bftpd,nsfuzz,4,b_abs,365
1776001093,bftpd,nsfuzz,4,l_per,40.2
1776001093,bftpd,nsfuzz,4,l_abs,903
1776001093,bftpd,nsfuzz,4,b_per,27.0
1776001093,bftpd,nsfuzz,4,b_abs,366
1776001093,bftpd,nsfuzz,4,l_per,40.2
1776001093,bftpd,nsfuzz,4,l_abs,903
1776001093,bftpd,nsfuzz,4,b_per,27.0
1776001093,bftpd,nsfuzz,4,b_abs,366
1776001093,bftpd,nsfuzz,4,l_per,40.2
1776001093,bftpd,nsfuzz,4,l_abs,903
1776001093,bftpd,nsfuzz,4,b_per,27.0
1776001093,bftpd,nsfuzz,4,b_abs,366
1776001093,bftpd,nsfuzz,4,l_per,40.2
1776001093,bftpd,nsfuzz,4,l_abs,903
1776001093,bftpd,nsfuzz,4,b_per,27.0
1776001093,bftpd,nsfuzz,4,b_abs,366
1776001093,bftpd,nsfuzz,4,l_per,40.3
1776001093,bftpd,nsfuzz,4,l_abs,905
1776001093,bftpd,nsfuzz,4,b_per,27.1
1776001093,bftpd,nsfuzz,4,b_abs,367
1776001093,bftpd,nsfuzz,4,l_per,40.3
1776001093,bftpd,nsfuzz,4,l_abs,905
1776001093,bftpd,nsfuzz,4,b_per,27.1
1776001093,bftpd,nsfuzz,4,b_abs,367
1776001093,bftpd,nsfuzz,4,l_per,40.3
1776001093,bftpd,nsfuzz,4,l_abs,905
1776001093,bftpd,nsfuzz,4,b_per,27.1
1776001093,bftpd,nsfuzz,4,b_abs,367
1776001093,bftpd,nsfuzz,4,l_per,40.3
1776001093,bftpd,nsfuzz,4,l_abs,905
1776001093,bftpd,nsfuzz,4,b_per,27.1
1776001093,bftpd,nsfuzz,4,b_abs,367
1776001093,bftpd,nsfuzz,4,l_per,40.3
1776001093,bftpd,nsfuzz,4,l_abs,905
1776001093,bftpd,nsfuzz,4,b_per,27.1
1776001093,bftpd,nsfuzz,4,b_abs,367
1776001093,bftpd,nsfuzz,4,l_per,40.3
1776001093,bftpd,nsfuzz,4,l_abs,905
1776001093,bftpd,nsfuzz,4,b_per,27.1
1776001093,bftpd,nsfuzz,4,b_abs,367
1776001093,bftpd,nsfuzz,4,l_per,40.3
1776001093,bftpd,nsfuzz,4,l_abs,905
1776001093,bftpd,nsfuzz,4,b_per,27.1
1776001093,bftpd,nsfuzz,4,b_abs,367
1776001093,bftpd,nsfuzz,4,l_per,40.4
1776001093,bftpd,nsfuzz,4,l_abs,907
1776001093,bftpd,nsfuzz,4,b_per,27.2
1776001093,bftpd,nsfuzz,4,b_abs,368
1776001093,bftpd,nsfuzz,4,l_per,40.4
1776001093,bftpd,nsfuzz,4,l_abs,907
1776001093,bftpd,nsfuzz,4,b_per,27.2
1776001093,bftpd,nsfuzz,4,b_abs,368
1776001094,bftpd,nsfuzz,4,l_per,40.4
1776001094,bftpd,nsfuzz,4,l_abs,907
1776001094,bftpd,nsfuzz,4,b_per,27.2
1776001094,bftpd,nsfuzz,4,b_abs,368
1776001094,bftpd,nsfuzz,4,l_per,40.4
1776001094,bftpd,nsfuzz,4,l_abs,907
1776001094,bftpd,nsfuzz,4,b_per,27.2
1776001094,bftpd,nsfuzz,4,b_abs,368
1776001094,bftpd,nsfuzz,4,l_per,40.4
1776001094,bftpd,nsfuzz,4,l_abs,907
1776001094,bftpd,nsfuzz,4,b_per,27.2
1776001094,bftpd,nsfuzz,4,b_abs,368
1776001094,bftpd,nsfuzz,4,l_per,40.4
1776001094,bftpd,nsfuzz,4,l_abs,907
1776001094,bftpd,nsfuzz,4,b_per,27.2
1776001094,bftpd,nsfuzz,4,b_abs,368
1776001094,bftpd,nsfuzz,4,l_per,40.4
1776001094,bftpd,nsfuzz,4,l_abs,907
1776001094,bftpd,nsfuzz,4,b_per,27.2
1776001094,bftpd,nsfuzz,4,b_abs,368
1776001094,bftpd,nsfuzz,4,l_per,40.4
1776001094,bftpd,nsfuzz,4,l_abs,907
1776001094,bftpd,nsfuzz,4,b_per,27.2
1776001094,bftpd,nsfuzz,4,b_abs,368
1776001094,bftpd,nsfuzz,4,l_per,40.4
1776001094,bftpd,nsfuzz,4,l_abs,907
1776001094,bftpd,nsfuzz,4,b_per,27.2
1776001094,bftpd,nsfuzz,4,b_abs,368
1776001094,bftpd,nsfuzz,4,l_per,40.4
1776001094,bftpd,nsfuzz,4,l_abs,907
1776001094,bftpd,nsfuzz,4,b_per,27.2
1776001094,bftpd,nsfuzz,4,b_abs,368
1776001094,bftpd,nsfuzz,4,l_per,40.4
1776001094,bftpd,nsfuzz,4,l_abs,907
1776001094,bftpd,nsfuzz,4,b_per,27.2
1776001094,bftpd,nsfuzz,4,b_abs,368
1776001094,bftpd,nsfuzz,4,l_per,40.4
1776001094,bftpd,nsfuzz,4,l_abs,907
1776001094,bftpd,nsfuzz,4,b_per,27.2
1776001094,bftpd,nsfuzz,4,b_abs,368
1776001094,bftpd,nsfuzz,4,l_per,40.4
1776001094,bftpd,nsfuzz,4,l_abs,907
1776001094,bftpd,nsfuzz,4,b_per,27.2
1776001094,bftpd,nsfuzz,4,b_abs,368
1776001095,bftpd,nsfuzz,4,l_per,40.4
1776001095,bftpd,nsfuzz,4,l_abs,907
1776001095,bftpd,nsfuzz,4,b_per,27.2
1776001095,bftpd,nsfuzz,4,b_abs,368
1776001095,bftpd,nsfuzz,4,l_per,40.4
1776001095,bftpd,nsfuzz,4,l_abs,907
1776001095,bftpd,nsfuzz,4,b_per,27.2
1776001095,bftpd,nsfuzz,4,b_abs,368
1776001095,bftpd,nsfuzz,4,l_per,40.4
1776001095,bftpd,nsfuzz,4,l_abs,907
1776001095,bftpd,nsfuzz,4,b_per,27.2
1776001095,bftpd,nsfuzz,4,b_abs,368
1776001095,bftpd,nsfuzz,4,l_per,40.4
1776001095,bftpd,nsfuzz,4,l_abs,907
1776001095,bftpd,nsfuzz,4,b_per,27.2
1776001095,bftpd,nsfuzz,4,b_abs,368
1776001095,bftpd,nsfuzz,4,l_per,40.4
1776001095,bftpd,nsfuzz,4,l_abs,907
1776001095,bftpd,nsfuzz,4,b_per,27.2
1776001095,bftpd,nsfuzz,4,b_abs,368
1776001095,bftpd,nsfuzz,4,l_per,40.4
1776001095,bftpd,nsfuzz,4,l_abs,907
1776001095,bftpd,nsfuzz,4,b_per,27.2
1776001095,bftpd,nsfuzz,4,b_abs,368
1776001095,bftpd,nsfuzz,4,l_per,40.4
1776001095,bftpd,nsfuzz,4,l_abs,907
1776001095,bftpd,nsfuzz,4,b_per,27.2
1776001095,bftpd,nsfuzz,4,b_abs,368
1776001095,bftpd,nsfuzz,4,l_per,40.4
1776001095,bftpd,nsfuzz,4,l_abs,907
1776001095,bftpd,nsfuzz,4,b_per,27.2
1776001095,bftpd,nsfuzz,4,b_abs,368
1776001096,bftpd,nsfuzz,4,l_per,40.4
1776001096,bftpd,nsfuzz,4,l_abs,907
1776001096,bftpd,nsfuzz,4,b_per,27.2
1776001096,bftpd,nsfuzz,4,b_abs,368
1776001096,bftpd,nsfuzz,4,l_per,40.4
1776001096,bftpd,nsfuzz,4,l_abs,907
1776001096,bftpd,nsfuzz,4,b_per,27.2
1776001096,bftpd,nsfuzz,4,b_abs,368
1776001096,bftpd,nsfuzz,4,l_per,40.5
1776001096,bftpd,nsfuzz,4,l_abs,909
1776001096,bftpd,nsfuzz,4,b_per,27.3
1776001096,bftpd,nsfuzz,4,b_abs,370
1776001097,bftpd,nsfuzz,4,l_per,40.5
1776001097,bftpd,nsfuzz,4,l_abs,911
1776001097,bftpd,nsfuzz,4,b_per,27.4
1776001097,bftpd,nsfuzz,4,b_abs,371
1776001097,bftpd,nsfuzz,4,l_per,40.5
1776001097,bftpd,nsfuzz,4,l_abs,911
1776001097,bftpd,nsfuzz,4,b_per,27.4
1776001097,bftpd,nsfuzz,4,b_abs,371
1776001097,bftpd,nsfuzz,4,l_per,40.5
1776001097,bftpd,nsfuzz,4,l_abs,911
1776001097,bftpd,nsfuzz,4,b_per,27.4
1776001097,bftpd,nsfuzz,4,b_abs,371
1776001097,bftpd,nsfuzz,4,l_per,40.5
1776001097,bftpd,nsfuzz,4,l_abs,911
1776001097,bftpd,nsfuzz,4,b_per,27.4
1776001097,bftpd,nsfuzz,4,b_abs,371
1776001098,bftpd,nsfuzz,4,l_per,40.5
1776001098,bftpd,nsfuzz,4,l_abs,911
1776001098,bftpd,nsfuzz,4,b_per,27.4
1776001098,bftpd,nsfuzz,4,b_abs,371
1776001098,bftpd,nsfuzz,4,l_per,40.6
1776001098,bftpd,nsfuzz,4,l_abs,913
1776001098,bftpd,nsfuzz,4,b_per,27.7
1776001098,bftpd,nsfuzz,4,b_abs,375
1776001098,bftpd,nsfuzz,4,l_per,40.6
1776001098,bftpd,nsfuzz,4,l_abs,913
1776001098,bftpd,nsfuzz,4,b_per,27.7
1776001098,bftpd,nsfuzz,4,b_abs,375
1776001098,bftpd,nsfuzz,4,l_per,40.6
1776001098,bftpd,nsfuzz,4,l_abs,913
1776001098,bftpd,nsfuzz,4,b_per,27.7
1776001098,bftpd,nsfuzz,4,b_abs,375
1776001099,bftpd,nsfuzz,4,l_per,40.6
1776001099,bftpd,nsfuzz,4,l_abs,913
1776001099,bftpd,nsfuzz,4,b_per,27.7
1776001099,bftpd,nsfuzz,4,b_abs,375
1776001099,bftpd,nsfuzz,4,l_per,40.6
1776001099,bftpd,nsfuzz,4,l_abs,913
1776001099,bftpd,nsfuzz,4,b_per,27.7
1776001099,bftpd,nsfuzz,4,b_abs,375
1776001099,bftpd,nsfuzz,4,l_per,40.6
1776001099,bftpd,nsfuzz,4,l_abs,913
1776001099,bftpd,nsfuzz,4,b_per,27.7
1776001099,bftpd,nsfuzz,4,b_abs,375
1776001099,bftpd,nsfuzz,4,l_per,40.6
1776001099,bftpd,nsfuzz,4,l_abs,913
1776001099,bftpd,nsfuzz,4,b_per,27.7
1776001099,bftpd,nsfuzz,4,b_abs,375
1776001099,bftpd,nsfuzz,4,l_per,40.6
1776001099,bftpd,nsfuzz,4,l_abs,913
1776001099,bftpd,nsfuzz,4,b_per,27.7
1776001099,bftpd,nsfuzz,4,b_abs,375
1776001099,bftpd,nsfuzz,4,l_per,40.8
1776001099,bftpd,nsfuzz,4,l_abs,917
1776001099,bftpd,nsfuzz,4,b_per,27.8
1776001099,bftpd,nsfuzz,4,b_abs,376
1776001099,bftpd,nsfuzz,4,l_per,40.8
1776001099,bftpd,nsfuzz,4,l_abs,917
1776001099,bftpd,nsfuzz,4,b_per,27.8
1776001099,bftpd,nsfuzz,4,b_abs,376
1776001099,bftpd,nsfuzz,4,l_per,41.0
1776001099,bftpd,nsfuzz,4,l_abs,922
1776001099,bftpd,nsfuzz,4,b_per,28.0
1776001099,bftpd,nsfuzz,4,b_abs,379
1776001100,bftpd,nsfuzz,4,l_per,41.1
1776001100,bftpd,nsfuzz,4,l_abs,924
1776001100,bftpd,nsfuzz,4,b_per,28.1
1776001100,bftpd,nsfuzz,4,b_abs,380
1776001100,bftpd,nsfuzz,4,l_per,41.1
1776001100,bftpd,nsfuzz,4,l_abs,924
1776001100,bftpd,nsfuzz,4,b_per,28.1
1776001100,bftpd,nsfuzz,4,b_abs,380
1776001100,bftpd,nsfuzz,4,l_per,41.2
1776001100,bftpd,nsfuzz,4,l_abs,927
1776001100,bftpd,nsfuzz,4,b_per,28.2
1776001100,bftpd,nsfuzz,4,b_abs,382
1776001100,bftpd,nsfuzz,4,l_per,41.2
1776001100,bftpd,nsfuzz,4,l_abs,927
1776001100,bftpd,nsfuzz,4,b_per,28.2
1776001100,bftpd,nsfuzz,4,b_abs,382
1776001100,bftpd,nsfuzz,4,l_per,41.2
1776001100,bftpd,nsfuzz,4,l_abs,927
1776001100,bftpd,nsfuzz,4,b_per,28.2
1776001100,bftpd,nsfuzz,4,b_abs,382
1776001100,bftpd,nsfuzz,4,l_per,41.2
1776001100,bftpd,nsfuzz,4,l_abs,927
1776001100,bftpd,nsfuzz,4,b_per,28.2
1776001100,bftpd,nsfuzz,4,b_abs,382
1776001101,bftpd,nsfuzz,4,l_per,41.2
1776001101,bftpd,nsfuzz,4,l_abs,927
1776001101,bftpd,nsfuzz,4,b_per,28.2
1776001101,bftpd,nsfuzz,4,b_abs,382
1776001101,bftpd,nsfuzz,4,l_per,41.2
1776001101,bftpd,nsfuzz,4,l_abs,927
1776001101,bftpd,nsfuzz,4,b_per,28.2
1776001101,bftpd,nsfuzz,4,b_abs,382
1776001101,bftpd,nsfuzz,4,l_per,41.2
1776001101,bftpd,nsfuzz,4,l_abs,927
1776001101,bftpd,nsfuzz,4,b_per,28.2
1776001101,bftpd,nsfuzz,4,b_abs,382
1776001102,bftpd,nsfuzz,4,l_per,41.2
1776001102,bftpd,nsfuzz,4,l_abs,927
1776001102,bftpd,nsfuzz,4,b_per,28.2
1776001102,bftpd,nsfuzz,4,b_abs,382
1776001103,bftpd,nsfuzz,4,l_per,41.2
1776001103,bftpd,nsfuzz,4,l_abs,927
1776001103,bftpd,nsfuzz,4,b_per,28.2
1776001103,bftpd,nsfuzz,4,b_abs,382
1776001103,bftpd,nsfuzz,4,l_per,41.5
1776001103,bftpd,nsfuzz,4,l_abs,934
1776001103,bftpd,nsfuzz,4,b_per,28.7
1776001103,bftpd,nsfuzz,4,b_abs,389
1776001103,bftpd,nsfuzz,4,l_per,41.5
1776001103,bftpd,nsfuzz,4,l_abs,934
1776001103,bftpd,nsfuzz,4,b_per,28.7
1776001103,bftpd,nsfuzz,4,b_abs,389
1776001104,bftpd,nsfuzz,4,l_per,41.5
1776001104,bftpd,nsfuzz,4,l_abs,934
1776001104,bftpd,nsfuzz,4,b_per,28.7
1776001104,bftpd,nsfuzz,4,b_abs,389
1776001104,bftpd,nsfuzz,4,l_per,41.5
1776001104,bftpd,nsfuzz,4,l_abs,934
1776001104,bftpd,nsfuzz,4,b_per,28.7
1776001104,bftpd,nsfuzz,4,b_abs,389
1776001104,bftpd,nsfuzz,4,l_per,41.5
1776001104,bftpd,nsfuzz,4,l_abs,934
1776001104,bftpd,nsfuzz,4,b_per,28.7
1776001104,bftpd,nsfuzz,4,b_abs,389
1776001104,bftpd,nsfuzz,4,l_per,41.7
1776001104,bftpd,nsfuzz,4,l_abs,937
1776001104,bftpd,nsfuzz,4,b_per,28.7
1776001104,bftpd,nsfuzz,4,b_abs,389
1776001104,bftpd,nsfuzz,4,l_per,41.7
1776001104,bftpd,nsfuzz,4,l_abs,937
1776001104,bftpd,nsfuzz,4,b_per,28.7
1776001104,bftpd,nsfuzz,4,b_abs,389
1776001105,bftpd,nsfuzz,4,l_per,41.7
1776001105,bftpd,nsfuzz,4,l_abs,937
1776001105,bftpd,nsfuzz,4,b_per,28.7
1776001105,bftpd,nsfuzz,4,b_abs,389
1776001105,bftpd,nsfuzz,4,l_per,41.8
1776001105,bftpd,nsfuzz,4,l_abs,941
1776001105,bftpd,nsfuzz,4,b_per,28.7
1776001105,bftpd,nsfuzz,4,b_abs,389
1776001105,bftpd,nsfuzz,4,l_per,41.8
1776001105,bftpd,nsfuzz,4,l_abs,941
1776001105,bftpd,nsfuzz,4,b_per,28.7
1776001105,bftpd,nsfuzz,4,b_abs,389
1776001105,bftpd,nsfuzz,4,l_per,41.8
1776001105,bftpd,nsfuzz,4,l_abs,941
1776001105,bftpd,nsfuzz,4,b_per,28.7
1776001105,bftpd,nsfuzz,4,b_abs,389
1776001105,bftpd,nsfuzz,4,l_per,41.8
1776001105,bftpd,nsfuzz,4,l_abs,941
1776001105,bftpd,nsfuzz,4,b_per,28.7
1776001105,bftpd,nsfuzz,4,b_abs,389
1776001106,bftpd,nsfuzz,4,l_per,41.8
1776001106,bftpd,nsfuzz,4,l_abs,941
1776001106,bftpd,nsfuzz,4,b_per,28.7
1776001106,bftpd,nsfuzz,4,b_abs,389
1776001106,bftpd,nsfuzz,4,l_per,41.8
1776001106,bftpd,nsfuzz,4,l_abs,941
1776001106,bftpd,nsfuzz,4,b_per,28.7
1776001106,bftpd,nsfuzz,4,b_abs,389
1776001106,bftpd,nsfuzz,4,l_per,42.3
1776001106,bftpd,nsfuzz,4,l_abs,951
1776001106,bftpd,nsfuzz,4,b_per,29.1
1776001106,bftpd,nsfuzz,4,b_abs,394
1776001106,bftpd,nsfuzz,4,l_per,42.3
1776001106,bftpd,nsfuzz,4,l_abs,951
1776001106,bftpd,nsfuzz,4,b_per,29.1
1776001106,bftpd,nsfuzz,4,b_abs,394
1776001106,bftpd,nsfuzz,4,l_per,42.3
1776001106,bftpd,nsfuzz,4,l_abs,951
1776001106,bftpd,nsfuzz,4,b_per,29.1
1776001106,bftpd,nsfuzz,4,b_abs,394
1776001106,bftpd,nsfuzz,4,l_per,42.3
1776001106,bftpd,nsfuzz,4,l_abs,951
1776001106,bftpd,nsfuzz,4,b_per,29.1
1776001106,bftpd,nsfuzz,4,b_abs,394
1776001107,bftpd,nsfuzz,4,l_per,42.3
1776001107,bftpd,nsfuzz,4,l_abs,951
1776001107,bftpd,nsfuzz,4,b_per,29.1
1776001107,bftpd,nsfuzz,4,b_abs,394
1776001107,bftpd,nsfuzz,4,l_per,42.3
1776001107,bftpd,nsfuzz,4,l_abs,951
1776001107,bftpd,nsfuzz,4,b_per,29.1
1776001107,bftpd,nsfuzz,4,b_abs,394
1776001107,bftpd,nsfuzz,4,l_per,42.5
1776001107,bftpd,nsfuzz,4,l_abs,957
1776001107,bftpd,nsfuzz,4,b_per,29.2
1776001107,bftpd,nsfuzz,4,b_abs,396
1776001107,bftpd,nsfuzz,4,l_per,42.5
1776001107,bftpd,nsfuzz,4,l_abs,957
1776001107,bftpd,nsfuzz,4,b_per,29.2
1776001107,bftpd,nsfuzz,4,b_abs,396
1776001108,bftpd,nsfuzz,4,l_per,42.7
1776001108,bftpd,nsfuzz,4,l_abs,961
1776001108,bftpd,nsfuzz,4,b_per,29.5
1776001108,bftpd,nsfuzz,4,b_abs,399
1776001108,bftpd,nsfuzz,4,l_per,42.7
1776001108,bftpd,nsfuzz,4,l_abs,961
1776001108,bftpd,nsfuzz,4,b_per,29.5
1776001108,bftpd,nsfuzz,4,b_abs,399
1776001108,bftpd,nsfuzz,4,l_per,42.7
1776001108,bftpd,nsfuzz,4,l_abs,961
1776001108,bftpd,nsfuzz,4,b_per,29.5
1776001108,bftpd,nsfuzz,4,b_abs,399
1776001108,bftpd,nsfuzz,4,l_per,42.7
1776001108,bftpd,nsfuzz,4,l_abs,961
1776001108,bftpd,nsfuzz,4,b_per,29.5
1776001108,bftpd,nsfuzz,4,b_abs,399
1776001109,bftpd,nsfuzz,4,l_per,42.7
1776001109,bftpd,nsfuzz,4,l_abs,961
1776001109,bftpd,nsfuzz,4,b_per,29.5
1776001109,bftpd,nsfuzz,4,b_abs,399
1776001109,bftpd,nsfuzz,4,l_per,42.8
1776001109,bftpd,nsfuzz,4,l_abs,963
1776001109,bftpd,nsfuzz,4,b_per,29.5
1776001109,bftpd,nsfuzz,4,b_abs,400
1776001109,bftpd,nsfuzz,4,l_per,42.8
1776001109,bftpd,nsfuzz,4,l_abs,963
1776001109,bftpd,nsfuzz,4,b_per,29.5
1776001109,bftpd,nsfuzz,4,b_abs,400
1776001109,bftpd,nsfuzz,4,l_per,42.8
1776001109,bftpd,nsfuzz,4,l_abs,963
1776001109,bftpd,nsfuzz,4,b_per,29.5
1776001109,bftpd,nsfuzz,4,b_abs,400
1776001109,bftpd,nsfuzz,4,l_per,42.8
1776001109,bftpd,nsfuzz,4,l_abs,963
1776001109,bftpd,nsfuzz,4,b_per,29.5
1776001109,bftpd,nsfuzz,4,b_abs,400
1776001111,bftpd,nsfuzz,4,l_per,42.8
1776001111,bftpd,nsfuzz,4,l_abs,963
1776001111,bftpd,nsfuzz,4,b_per,29.5
1776001111,bftpd,nsfuzz,4,b_abs,400
1776001111,bftpd,nsfuzz,4,l_per,42.8
1776001111,bftpd,nsfuzz,4,l_abs,963
1776001111,bftpd,nsfuzz,4,b_per,29.5
1776001111,bftpd,nsfuzz,4,b_abs,400
1776001111,bftpd,nsfuzz,4,l_per,42.8
1776001111,bftpd,nsfuzz,4,l_abs,963
1776001111,bftpd,nsfuzz,4,b_per,29.5
1776001111,bftpd,nsfuzz,4,b_abs,400
1776001111,bftpd,nsfuzz,4,l_per,43.2
1776001111,bftpd,nsfuzz,4,l_abs,972
1776001111,bftpd,nsfuzz,4,b_per,29.8
1776001111,bftpd,nsfuzz,4,b_abs,403
1776001112,bftpd,nsfuzz,4,l_per,43.2
1776001112,bftpd,nsfuzz,4,l_abs,972
1776001112,bftpd,nsfuzz,4,b_per,29.8
1776001112,bftpd,nsfuzz,4,b_abs,403
1776001112,bftpd,nsfuzz,4,l_per,43.2
1776001112,bftpd,nsfuzz,4,l_abs,972
1776001112,bftpd,nsfuzz,4,b_per,29.8
1776001112,bftpd,nsfuzz,4,b_abs,403
1776001112,bftpd,nsfuzz,4,l_per,43.5
1776001112,bftpd,nsfuzz,4,l_abs,979
1776001112,bftpd,nsfuzz,4,b_per,30.0
1776001112,bftpd,nsfuzz,4,b_abs,406
1776001112,bftpd,nsfuzz,4,l_per,43.5
1776001112,bftpd,nsfuzz,4,l_abs,979
1776001112,bftpd,nsfuzz,4,b_per,30.0
1776001112,bftpd,nsfuzz,4,b_abs,406
1776001113,bftpd,nsfuzz,4,l_per,43.5
1776001113,bftpd,nsfuzz,4,l_abs,979
1776001113,bftpd,nsfuzz,4,b_per,30.0
1776001113,bftpd,nsfuzz,4,b_abs,406
1776001114,bftpd,nsfuzz,4,l_per,43.5
1776001114,bftpd,nsfuzz,4,l_abs,979
1776001114,bftpd,nsfuzz,4,b_per,30.0
1776001114,bftpd,nsfuzz,4,b_abs,406
1776001114,bftpd,nsfuzz,4,l_per,43.5
1776001114,bftpd,nsfuzz,4,l_abs,979
1776001114,bftpd,nsfuzz,4,b_per,30.0
1776001114,bftpd,nsfuzz,4,b_abs,406
1776001114,bftpd,nsfuzz,4,l_per,43.5
1776001114,bftpd,nsfuzz,4,l_abs,979
1776001114,bftpd,nsfuzz,4,b_per,30.0
1776001114,bftpd,nsfuzz,4,b_abs,406
1776001115,bftpd,nsfuzz,4,l_per,43.5
1776001115,bftpd,nsfuzz,4,l_abs,979
1776001115,bftpd,nsfuzz,4,b_per,30.0
1776001115,bftpd,nsfuzz,4,b_abs,406
1776001115,bftpd,nsfuzz,4,l_per,43.6
1776001115,bftpd,nsfuzz,4,l_abs,981
1776001115,bftpd,nsfuzz,4,b_per,30.1
1776001115,bftpd,nsfuzz,4,b_abs,407
1776001115,bftpd,nsfuzz,4,l_per,43.6
1776001115,bftpd,nsfuzz,4,l_abs,981
1776001115,bftpd,nsfuzz,4,b_per,30.1
1776001115,bftpd,nsfuzz,4,b_abs,407
1776001116,bftpd,nsfuzz,4,l_per,43.6
1776001116,bftpd,nsfuzz,4,l_abs,981
1776001116,bftpd,nsfuzz,4,b_per,30.1
1776001116,bftpd,nsfuzz,4,b_abs,407
1776001117,bftpd,nsfuzz,4,l_per,43.6
1776001117,bftpd,nsfuzz,4,l_abs,981
1776001117,bftpd,nsfuzz,4,b_per,30.1
1776001117,bftpd,nsfuzz,4,b_abs,407
1776001117,bftpd,nsfuzz,4,l_per,43.6
1776001117,bftpd,nsfuzz,4,l_abs,982
1776001117,bftpd,nsfuzz,4,b_per,30.1
1776001117,bftpd,nsfuzz,4,b_abs,408
1776001118,bftpd,nsfuzz,4,l_per,43.6
1776001118,bftpd,nsfuzz,4,l_abs,982
1776001118,bftpd,nsfuzz,4,b_per,30.1
1776001118,bftpd,nsfuzz,4,b_abs,408
1776001118,bftpd,nsfuzz,4,l_per,43.6
1776001118,bftpd,nsfuzz,4,l_abs,982
1776001118,bftpd,nsfuzz,4,b_per,30.1
1776001118,bftpd,nsfuzz,4,b_abs,408
1776001118,bftpd,nsfuzz,4,l_per,43.6
1776001118,bftpd,nsfuzz,4,l_abs,982
1776001118,bftpd,nsfuzz,4,b_per,30.1
1776001118,bftpd,nsfuzz,4,b_abs,408
1776001119,bftpd,nsfuzz,4,l_per,43.6
1776001119,bftpd,nsfuzz,4,l_abs,982
1776001119,bftpd,nsfuzz,4,b_per,30.1
1776001119,bftpd,nsfuzz,4,b_abs,408
1776001119,bftpd,nsfuzz,4,l_per,43.6
1776001119,bftpd,nsfuzz,4,l_abs,982
1776001119,bftpd,nsfuzz,4,b_per,30.1
1776001119,bftpd,nsfuzz,4,b_abs,408
1776001119,bftpd,nsfuzz,4,l_per,43.6
1776001119,bftpd,nsfuzz,4,l_abs,982
1776001119,bftpd,nsfuzz,4,b_per,30.1
1776001119,bftpd,nsfuzz,4,b_abs,408
1776001119,bftpd,nsfuzz,4,l_per,43.7
1776001119,bftpd,nsfuzz,4,l_abs,983
1776001119,bftpd,nsfuzz,4,b_per,30.2
1776001119,bftpd,nsfuzz,4,b_abs,409
1776001120,bftpd,nsfuzz,4,l_per,43.7
1776001120,bftpd,nsfuzz,4,l_abs,983
1776001120,bftpd,nsfuzz,4,b_per,30.2
1776001120,bftpd,nsfuzz,4,b_abs,409
1776001121,bftpd,nsfuzz,4,l_per,43.7
1776001121,bftpd,nsfuzz,4,l_abs,983
1776001121,bftpd,nsfuzz,4,b_per,30.2
1776001121,bftpd,nsfuzz,4,b_abs,409
1776001121,bftpd,nsfuzz,4,l_per,43.7
1776001121,bftpd,nsfuzz,4,l_abs,983
1776001121,bftpd,nsfuzz,4,b_per,30.2
1776001121,bftpd,nsfuzz,4,b_abs,409
1776001121,bftpd,nsfuzz,4,l_per,43.7
1776001121,bftpd,nsfuzz,4,l_abs,983
1776001121,bftpd,nsfuzz,4,b_per,30.2
1776001121,bftpd,nsfuzz,4,b_abs,409
1776001122,bftpd,nsfuzz,4,l_per,43.7
1776001122,bftpd,nsfuzz,4,l_abs,983
1776001122,bftpd,nsfuzz,4,b_per,30.2
1776001122,bftpd,nsfuzz,4,b_abs,409
1776001122,bftpd,nsfuzz,4,l_per,43.7
1776001122,bftpd,nsfuzz,4,l_abs,983
1776001122,bftpd,nsfuzz,4,b_per,30.2
1776001122,bftpd,nsfuzz,4,b_abs,409
1776001125,bftpd,nsfuzz,4,l_per,43.7
1776001125,bftpd,nsfuzz,4,l_abs,983
1776001125,bftpd,nsfuzz,4,b_per,30.2
1776001125,bftpd,nsfuzz,4,b_abs,409
1776001126,bftpd,nsfuzz,4,l_per,43.7
1776001126,bftpd,nsfuzz,4,l_abs,983
1776001126,bftpd,nsfuzz,4,b_per,30.2
1776001126,bftpd,nsfuzz,4,b_abs,409
1776001126,bftpd,nsfuzz,4,l_per,43.7
1776001126,bftpd,nsfuzz,4,l_abs,983
1776001126,bftpd,nsfuzz,4,b_per,30.2
1776001126,bftpd,nsfuzz,4,b_abs,409
1776001128,bftpd,nsfuzz,4,l_per,43.7
1776001128,bftpd,nsfuzz,4,l_abs,983
1776001128,bftpd,nsfuzz,4,b_per,30.2
1776001128,bftpd,nsfuzz,4,b_abs,409
1776001128,bftpd,nsfuzz,4,l_per,43.7
1776001128,bftpd,nsfuzz,4,l_abs,983
1776001128,bftpd,nsfuzz,4,b_per,30.2
1776001128,bftpd,nsfuzz,4,b_abs,409
1776001128,bftpd,nsfuzz,4,l_per,43.7
1776001128,bftpd,nsfuzz,4,l_abs,983
1776001128,bftpd,nsfuzz,4,b_per,30.2
1776001128,bftpd,nsfuzz,4,b_abs,409
1776001129,bftpd,nsfuzz,4,l_per,43.7
1776001129,bftpd,nsfuzz,4,l_abs,983
1776001129,bftpd,nsfuzz,4,b_per,30.2
1776001129,bftpd,nsfuzz,4,b_abs,409
1776001129,bftpd,nsfuzz,4,l_per,43.7
1776001129,bftpd,nsfuzz,4,l_abs,983
1776001129,bftpd,nsfuzz,4,b_per,30.2
1776001129,bftpd,nsfuzz,4,b_abs,409
1776001129,bftpd,nsfuzz,4,l_per,43.7
1776001129,bftpd,nsfuzz,4,l_abs,983
1776001129,bftpd,nsfuzz,4,b_per,30.2
1776001129,bftpd,nsfuzz,4,b_abs,409
1776001130,bftpd,nsfuzz,4,l_per,43.7
1776001130,bftpd,nsfuzz,4,l_abs,983
1776001130,bftpd,nsfuzz,4,b_per,30.2
1776001130,bftpd,nsfuzz,4,b_abs,409
1776001130,bftpd,nsfuzz,4,l_per,43.7
1776001130,bftpd,nsfuzz,4,l_abs,983
1776001130,bftpd,nsfuzz,4,b_per,30.2
1776001130,bftpd,nsfuzz,4,b_abs,409
1776001131,bftpd,nsfuzz,4,l_per,43.7
1776001131,bftpd,nsfuzz,4,l_abs,983
1776001131,bftpd,nsfuzz,4,b_per,30.2
1776001131,bftpd,nsfuzz,4,b_abs,409
1776001131,bftpd,nsfuzz,4,l_per,43.7
1776001131,bftpd,nsfuzz,4,l_abs,983
1776001131,bftpd,nsfuzz,4,b_per,30.2
1776001131,bftpd,nsfuzz,4,b_abs,409
1776001132,bftpd,nsfuzz,4,l_per,43.7
1776001132,bftpd,nsfuzz,4,l_abs,983
1776001132,bftpd,nsfuzz,4,b_per,30.2
1776001132,bftpd,nsfuzz,4,b_abs,409
1776001132,bftpd,nsfuzz,4,l_per,43.7
1776001132,bftpd,nsfuzz,4,l_abs,983
1776001132,bftpd,nsfuzz,4,b_per,30.2
1776001132,bftpd,nsfuzz,4,b_abs,409
1776001132,bftpd,nsfuzz,4,l_per,43.7
1776001132,bftpd,nsfuzz,4,l_abs,983
1776001132,bftpd,nsfuzz,4,b_per,30.2
1776001132,bftpd,nsfuzz,4,b_abs,409
1776001132,bftpd,nsfuzz,4,l_per,44.2
1776001132,bftpd,nsfuzz,4,l_abs,995
1776001132,bftpd,nsfuzz,4,b_per,30.6
1776001132,bftpd,nsfuzz,4,b_abs,414
1776001133,bftpd,nsfuzz,4,l_per,44.2
1776001133,bftpd,nsfuzz,4,l_abs,995
1776001133,bftpd,nsfuzz,4,b_per,30.6
1776001133,bftpd,nsfuzz,4,b_abs,414
1776001133,bftpd,nsfuzz,4,l_per,44.2
1776001133,bftpd,nsfuzz,4,l_abs,995
1776001133,bftpd,nsfuzz,4,b_per,30.6
1776001133,bftpd,nsfuzz,4,b_abs,414
1776001134,bftpd,nsfuzz,4,l_per,44.2
1776001134,bftpd,nsfuzz,4,l_abs,995
1776001134,bftpd,nsfuzz,4,b_per,30.6
1776001134,bftpd,nsfuzz,4,b_abs,414
1776001135,bftpd,nsfuzz,4,l_per,44.2
1776001135,bftpd,nsfuzz,4,l_abs,995
1776001135,bftpd,nsfuzz,4,b_per,30.6
1776001135,bftpd,nsfuzz,4,b_abs,414
1776001137,bftpd,nsfuzz,4,l_per,44.2
1776001137,bftpd,nsfuzz,4,l_abs,995
1776001137,bftpd,nsfuzz,4,b_per,30.6
1776001137,bftpd,nsfuzz,4,b_abs,414
1776001138,bftpd,nsfuzz,4,l_per,44.2
1776001138,bftpd,nsfuzz,4,l_abs,995
1776001138,bftpd,nsfuzz,4,b_per,30.6
1776001138,bftpd,nsfuzz,4,b_abs,414
1776001138,bftpd,nsfuzz,4,l_per,44.2
1776001138,bftpd,nsfuzz,4,l_abs,995
1776001138,bftpd,nsfuzz,4,b_per,30.6
1776001138,bftpd,nsfuzz,4,b_abs,414
1776001138,bftpd,nsfuzz,4,l_per,44.2
1776001138,bftpd,nsfuzz,4,l_abs,995
1776001138,bftpd,nsfuzz,4,b_per,30.6
1776001138,bftpd,nsfuzz,4,b_abs,414
1776001140,bftpd,nsfuzz,4,l_per,44.2
1776001140,bftpd,nsfuzz,4,l_abs,995
1776001140,bftpd,nsfuzz,4,b_per,30.6
1776001140,bftpd,nsfuzz,4,b_abs,415
1776001142,bftpd,nsfuzz,4,l_per,44.3
1776001142,bftpd,nsfuzz,4,l_abs,996
1776001142,bftpd,nsfuzz,4,b_per,30.7
1776001142,bftpd,nsfuzz,4,b_abs,416
1776001142,bftpd,nsfuzz,4,l_per,44.3
1776001142,bftpd,nsfuzz,4,l_abs,996
1776001142,bftpd,nsfuzz,4,b_per,30.7
1776001142,bftpd,nsfuzz,4,b_abs,416
1776001142,bftpd,nsfuzz,4,l_per,44.3
1776001142,bftpd,nsfuzz,4,l_abs,996
1776001142,bftpd,nsfuzz,4,b_per,30.7
1776001142,bftpd,nsfuzz,4,b_abs,416
1776001143,bftpd,nsfuzz,4,l_per,44.3
1776001143,bftpd,nsfuzz,4,l_abs,996
1776001143,bftpd,nsfuzz,4,b_per,30.7
1776001143,bftpd,nsfuzz,4,b_abs,416
1776001143,bftpd,nsfuzz,4,l_per,44.3
1776001143,bftpd,nsfuzz,4,l_abs,996
1776001143,bftpd,nsfuzz,4,b_per,30.7
1776001143,bftpd,nsfuzz,4,b_abs,416
1776001143,bftpd,nsfuzz,4,l_per,44.3
1776001143,bftpd,nsfuzz,4,l_abs,996
1776001143,bftpd,nsfuzz,4,b_per,30.7
1776001143,bftpd,nsfuzz,4,b_abs,416
1776001143,bftpd,nsfuzz,4,l_per,44.3
1776001143,bftpd,nsfuzz,4,l_abs,996
1776001143,bftpd,nsfuzz,4,b_per,30.7
1776001143,bftpd,nsfuzz,4,b_abs,416
1776001143,bftpd,nsfuzz,4,l_per,46.0
1776001143,bftpd,nsfuzz,4,l_abs,1036
1776001143,bftpd,nsfuzz,4,b_per,32.3
1776001143,bftpd,nsfuzz,4,b_abs,437
1776001144,bftpd,nsfuzz,4,l_per,46.0
1776001144,bftpd,nsfuzz,4,l_abs,1036
1776001144,bftpd,nsfuzz,4,b_per,32.3
1776001144,bftpd,nsfuzz,4,b_abs,437
1776001144,bftpd,nsfuzz,4,l_per,46.0
1776001144,bftpd,nsfuzz,4,l_abs,1036
1776001144,bftpd,nsfuzz,4,b_per,32.3
1776001144,bftpd,nsfuzz,4,b_abs,437
1776001144,bftpd,nsfuzz,4,l_per,46.0
1776001144,bftpd,nsfuzz,4,l_abs,1036
1776001144,bftpd,nsfuzz,4,b_per,32.3
1776001144,bftpd,nsfuzz,4,b_abs,437
1776001145,bftpd,nsfuzz,4,l_per,46.0
1776001145,bftpd,nsfuzz,4,l_abs,1036
1776001145,bftpd,nsfuzz,4,b_per,32.3
1776001145,bftpd,nsfuzz,4,b_abs,437
1776001145,bftpd,nsfuzz,4,l_per,46.3
1776001145,bftpd,nsfuzz,4,l_abs,1041
1776001145,bftpd,nsfuzz,4,b_per,32.4
1776001145,bftpd,nsfuzz,4,b_abs,439
1776001146,bftpd,nsfuzz,4,l_per,46.3
1776001146,bftpd,nsfuzz,4,l_abs,1041
1776001146,bftpd,nsfuzz,4,b_per,32.4
1776001146,bftpd,nsfuzz,4,b_abs,439
1776001146,bftpd,nsfuzz,4,l_per,46.3
1776001146,bftpd,nsfuzz,4,l_abs,1041
1776001146,bftpd,nsfuzz,4,b_per,32.4
1776001146,bftpd,nsfuzz,4,b_abs,439
1776001147,bftpd,nsfuzz,4,l_per,46.3
1776001147,bftpd,nsfuzz,4,l_abs,1041
1776001147,bftpd,nsfuzz,4,b_per,32.4
1776001147,bftpd,nsfuzz,4,b_abs,439
1776001147,bftpd,nsfuzz,4,l_per,46.3
1776001147,bftpd,nsfuzz,4,l_abs,1041
1776001147,bftpd,nsfuzz,4,b_per,32.4
1776001147,bftpd,nsfuzz,4,b_abs,439
1776001147,bftpd,nsfuzz,4,l_per,46.3
1776001147,bftpd,nsfuzz,4,l_abs,1041
1776001147,bftpd,nsfuzz,4,b_per,32.4
1776001147,bftpd,nsfuzz,4,b_abs,439
1776001147,bftpd,nsfuzz,4,l_per,46.3
1776001147,bftpd,nsfuzz,4,l_abs,1042
1776001147,bftpd,nsfuzz,4,b_per,32.5
1776001147,bftpd,nsfuzz,4,b_abs,440
1776001148,bftpd,nsfuzz,4,l_per,46.3
1776001148,bftpd,nsfuzz,4,l_abs,1042
1776001148,bftpd,nsfuzz,4,b_per,32.5
1776001148,bftpd,nsfuzz,4,b_abs,440
1776001149,bftpd,nsfuzz,4,l_per,46.3
1776001149,bftpd,nsfuzz,4,l_abs,1042
1776001149,bftpd,nsfuzz,4,b_per,32.5
1776001149,bftpd,nsfuzz,4,b_abs,440
1776001151,bftpd,nsfuzz,4,l_per,46.3
1776001151,bftpd,nsfuzz,4,l_abs,1042
1776001151,bftpd,nsfuzz,4,b_per,32.5
1776001151,bftpd,nsfuzz,4,b_abs,440
1776001152,bftpd,nsfuzz,4,l_per,46.3
1776001152,bftpd,nsfuzz,4,l_abs,1042
1776001152,bftpd,nsfuzz,4,b_per,32.5
1776001152,bftpd,nsfuzz,4,b_abs,440
1776001154,bftpd,nsfuzz,4,l_per,46.3
1776001154,bftpd,nsfuzz,4,l_abs,1042
1776001154,bftpd,nsfuzz,4,b_per,32.5
1776001154,bftpd,nsfuzz,4,b_abs,440
1776001155,bftpd,nsfuzz,4,l_per,46.3
1776001155,bftpd,nsfuzz,4,l_abs,1042
1776001155,bftpd,nsfuzz,4,b_per,32.5
1776001155,bftpd,nsfuzz,4,b_abs,440
1776001156,bftpd,nsfuzz,4,l_per,46.3
1776001156,bftpd,nsfuzz,4,l_abs,1042
1776001156,bftpd,nsfuzz,4,b_per,32.5
1776001156,bftpd,nsfuzz,4,b_abs,440
1776001157,bftpd,nsfuzz,4,l_per,46.3
1776001157,bftpd,nsfuzz,4,l_abs,1042
1776001157,bftpd,nsfuzz,4,b_per,32.5
1776001157,bftpd,nsfuzz,4,b_abs,440
1776001158,bftpd,nsfuzz,4,l_per,46.3
1776001158,bftpd,nsfuzz,4,l_abs,1042
1776001158,bftpd,nsfuzz,4,b_per,32.5
1776001158,bftpd,nsfuzz,4,b_abs,440
1776001159,bftpd,nsfuzz,4,l_per,46.3
1776001159,bftpd,nsfuzz,4,l_abs,1042
1776001159,bftpd,nsfuzz,4,b_per,32.5
1776001159,bftpd,nsfuzz,4,b_abs,440
1776001163,bftpd,nsfuzz,4,l_per,46.3
1776001163,bftpd,nsfuzz,4,l_abs,1042
1776001163,bftpd,nsfuzz,4,b_per,32.5
1776001163,bftpd,nsfuzz,4,b_abs,440
1776001163,bftpd,nsfuzz,4,l_per,46.3
1776001163,bftpd,nsfuzz,4,l_abs,1042
1776001163,bftpd,nsfuzz,4,b_per,32.5
1776001163,bftpd,nsfuzz,4,b_abs,440
1776001165,bftpd,nsfuzz,4,l_per,46.3
1776001165,bftpd,nsfuzz,4,l_abs,1042
1776001165,bftpd,nsfuzz,4,b_per,32.5
1776001165,bftpd,nsfuzz,4,b_abs,440
1776001165,bftpd,nsfuzz,4,l_per,46.3
1776001165,bftpd,nsfuzz,4,l_abs,1042
1776001165,bftpd,nsfuzz,4,b_per,32.5
1776001165,bftpd,nsfuzz,4,b_abs,440
1776001165,bftpd,nsfuzz,4,l_per,46.3
1776001165,bftpd,nsfuzz,4,l_abs,1042
1776001165,bftpd,nsfuzz,4,b_per,32.5
1776001165,bftpd,nsfuzz,4,b_abs,440
1776001167,bftpd,nsfuzz,4,l_per,46.3
1776001167,bftpd,nsfuzz,4,l_abs,1042
1776001167,bftpd,nsfuzz,4,b_per,32.5
1776001167,bftpd,nsfuzz,4,b_abs,440
1776001167,bftpd,nsfuzz,4,l_per,46.4
1776001167,bftpd,nsfuzz,4,l_abs,1045
1776001167,bftpd,nsfuzz,4,b_per,32.6
1776001167,bftpd,nsfuzz,4,b_abs,442
1776001167,bftpd,nsfuzz,4,l_per,46.4
1776001167,bftpd,nsfuzz,4,l_abs,1045
1776001167,bftpd,nsfuzz,4,b_per,32.6
1776001167,bftpd,nsfuzz,4,b_abs,442
1776001167,bftpd,nsfuzz,4,l_per,46.4
1776001167,bftpd,nsfuzz,4,l_abs,1045
1776001167,bftpd,nsfuzz,4,b_per,32.6
1776001167,bftpd,nsfuzz,4,b_abs,442
1776001168,bftpd,nsfuzz,4,l_per,46.4
1776001168,bftpd,nsfuzz,4,l_abs,1045
1776001168,bftpd,nsfuzz,4,b_per,32.6
1776001168,bftpd,nsfuzz,4,b_abs,442
1776001169,bftpd,nsfuzz,4,l_per,46.4
1776001169,bftpd,nsfuzz,4,l_abs,1045
1776001169,bftpd,nsfuzz,4,b_per,32.6
1776001169,bftpd,nsfuzz,4,b_abs,442
1776001170,bftpd,nsfuzz,4,l_per,46.4
1776001170,bftpd,nsfuzz,4,l_abs,1045
1776001170,bftpd,nsfuzz,4,b_per,32.6
1776001170,bftpd,nsfuzz,4,b_abs,442
1776001171,bftpd,nsfuzz,4,l_per,46.4
1776001171,bftpd,nsfuzz,4,l_abs,1045
1776001171,bftpd,nsfuzz,4,b_per,32.6
1776001171,bftpd,nsfuzz,4,b_abs,442
1776001171,bftpd,nsfuzz,4,l_per,46.4
1776001171,bftpd,nsfuzz,4,l_abs,1045
1776001171,bftpd,nsfuzz,4,b_per,32.6
1776001171,bftpd,nsfuzz,4,b_abs,442
1776001172,bftpd,nsfuzz,4,l_per,46.4
1776001172,bftpd,nsfuzz,4,l_abs,1045
1776001172,bftpd,nsfuzz,4,b_per,32.6
1776001172,bftpd,nsfuzz,4,b_abs,442
1776001173,bftpd,nsfuzz,4,l_per,46.4
1776001173,bftpd,nsfuzz,4,l_abs,1045
1776001173,bftpd,nsfuzz,4,b_per,32.6
1776001173,bftpd,nsfuzz,4,b_abs,442
1776001173,bftpd,nsfuzz,4,l_per,46.5
1776001173,bftpd,nsfuzz,4,l_abs,1046
1776001173,bftpd,nsfuzz,4,b_per,32.7
1776001173,bftpd,nsfuzz,4,b_abs,443
1776001176,bftpd,nsfuzz,4,l_per,46.5
1776001176,bftpd,nsfuzz,4,l_abs,1046
1776001176,bftpd,nsfuzz,4,b_per,32.7
1776001176,bftpd,nsfuzz,4,b_abs,443
1776001176,bftpd,nsfuzz,4,l_per,46.5
1776001176,bftpd,nsfuzz,4,l_abs,1046
1776001176,bftpd,nsfuzz,4,b_per,32.7
1776001176,bftpd,nsfuzz,4,b_abs,443
1776001178,bftpd,nsfuzz,4,l_per,46.5
1776001178,bftpd,nsfuzz,4,l_abs,1046
1776001178,bftpd,nsfuzz,4,b_per,32.7
1776001178,bftpd,nsfuzz,4,b_abs,443
1776001179,bftpd,nsfuzz,4,l_per,46.5
1776001179,bftpd,nsfuzz,4,l_abs,1046
1776001179,bftpd,nsfuzz,4,b_per,32.7
1776001179,bftpd,nsfuzz,4,b_abs,443
1776001181,bftpd,nsfuzz,4,l_per,46.5
1776001181,bftpd,nsfuzz,4,l_abs,1046
1776001181,bftpd,nsfuzz,4,b_per,32.7
1776001181,bftpd,nsfuzz,4,b_abs,443
1776001182,bftpd,nsfuzz,4,l_per,46.5
1776001182,bftpd,nsfuzz,4,l_abs,1046
1776001182,bftpd,nsfuzz,4,b_per,32.7
1776001182,bftpd,nsfuzz,4,b_abs,443
1776001186,bftpd,nsfuzz,4,l_per,46.5
1776001186,bftpd,nsfuzz,4,l_abs,1046
1776001186,bftpd,nsfuzz,4,b_per,32.7
1776001186,bftpd,nsfuzz,4,b_abs,443
1776001187,bftpd,nsfuzz,4,l_per,46.5
1776001187,bftpd,nsfuzz,4,l_abs,1046
1776001187,bftpd,nsfuzz,4,b_per,32.7
1776001187,bftpd,nsfuzz,4,b_abs,443
1776001189,bftpd,nsfuzz,4,l_per,46.5
1776001189,bftpd,nsfuzz,4,l_abs,1046
1776001189,bftpd,nsfuzz,4,b_per,32.7
1776001189,bftpd,nsfuzz,4,b_abs,443
1776001191,bftpd,nsfuzz,4,l_per,46.5
1776001191,bftpd,nsfuzz,4,l_abs,1046
1776001191,bftpd,nsfuzz,4,b_per,32.7
1776001191,bftpd,nsfuzz,4,b_abs,443
1776001192,bftpd,nsfuzz,4,l_per,46.5
1776001192,bftpd,nsfuzz,4,l_abs,1046
1776001192,bftpd,nsfuzz,4,b_per,32.7
1776001192,bftpd,nsfuzz,4,b_abs,443
1776001193,bftpd,nsfuzz,4,l_per,46.5
1776001193,bftpd,nsfuzz,4,l_abs,1046
1776001193,bftpd,nsfuzz,4,b_per,32.7
1776001193,bftpd,nsfuzz,4,b_abs,443
1776001194,bftpd,nsfuzz,4,l_per,46.5
1776001194,bftpd,nsfuzz,4,l_abs,1046
1776001194,bftpd,nsfuzz,4,b_per,32.7
1776001194,bftpd,nsfuzz,4,b_abs,443
1776001194,bftpd,nsfuzz,4,l_per,46.5
1776001194,bftpd,nsfuzz,4,l_abs,1046
1776001194,bftpd,nsfuzz,4,b_per,32.7
1776001194,bftpd,nsfuzz,4,b_abs,443
1776001195,bftpd,nsfuzz,4,l_per,46.5
1776001195,bftpd,nsfuzz,4,l_abs,1046
1776001195,bftpd,nsfuzz,4,b_per,32.7
1776001195,bftpd,nsfuzz,4,b_abs,443
1776001195,bftpd,nsfuzz,4,l_per,46.5
1776001195,bftpd,nsfuzz,4,l_abs,1046
1776001195,bftpd,nsfuzz,4,b_per,32.7
1776001195,bftpd,nsfuzz,4,b_abs,443
1776001200,bftpd,nsfuzz,4,l_per,46.5
1776001200,bftpd,nsfuzz,4,l_abs,1046
1776001200,bftpd,nsfuzz,4,b_per,32.7
1776001200,bftpd,nsfuzz,4,b_abs,443
1776001202,bftpd,nsfuzz,4,l_per,46.5
1776001202,bftpd,nsfuzz,4,l_abs,1046
1776001202,bftpd,nsfuzz,4,b_per,32.7
1776001202,bftpd,nsfuzz,4,b_abs,443
1776001203,bftpd,nsfuzz,4,l_per,46.5
1776001203,bftpd,nsfuzz,4,l_abs,1046
1776001203,bftpd,nsfuzz,4,b_per,32.7
1776001203,bftpd,nsfuzz,4,b_abs,443
1776001205,bftpd,nsfuzz,4,l_per,46.9
1776001205,bftpd,nsfuzz,4,l_abs,1055
1776001205,bftpd,nsfuzz,4,b_per,33.0
1776001205,bftpd,nsfuzz,4,b_abs,447
1776001206,bftpd,nsfuzz,4,l_per,46.9
1776001206,bftpd,nsfuzz,4,l_abs,1055
1776001206,bftpd,nsfuzz,4,b_per,33.0
1776001206,bftpd,nsfuzz,4,b_abs,447
1776001211,bftpd,nsfuzz,4,l_per,46.9
1776001211,bftpd,nsfuzz,4,l_abs,1055
1776001211,bftpd,nsfuzz,4,b_per,33.0
1776001211,bftpd,nsfuzz,4,b_abs,447
1776001213,bftpd,nsfuzz,4,l_per,46.9
1776001213,bftpd,nsfuzz,4,l_abs,1055
1776001213,bftpd,nsfuzz,4,b_per,33.0
1776001213,bftpd,nsfuzz,4,b_abs,447
1776001213,bftpd,nsfuzz,4,l_per,46.9
1776001213,bftpd,nsfuzz,4,l_abs,1055
1776001213,bftpd,nsfuzz,4,b_per,33.0
1776001213,bftpd,nsfuzz,4,b_abs,447
1776001216,bftpd,nsfuzz,4,l_per,46.9
1776001216,bftpd,nsfuzz,4,l_abs,1055
1776001216,bftpd,nsfuzz,4,b_per,33.0
1776001216,bftpd,nsfuzz,4,b_abs,447
1776001216,bftpd,nsfuzz,4,l_per,46.9
1776001216,bftpd,nsfuzz,4,l_abs,1055
1776001216,bftpd,nsfuzz,4,b_per,33.0
1776001216,bftpd,nsfuzz,4,b_abs,447
1776001217,bftpd,nsfuzz,4,l_per,46.9
1776001217,bftpd,nsfuzz,4,l_abs,1055
1776001217,bftpd,nsfuzz,4,b_per,33.0
1776001217,bftpd,nsfuzz,4,b_abs,447
1776001217,bftpd,nsfuzz,4,l_per,46.9
1776001217,bftpd,nsfuzz,4,l_abs,1055
1776001217,bftpd,nsfuzz,4,b_per,33.0
1776001217,bftpd,nsfuzz,4,b_abs,447
1776001219,bftpd,nsfuzz,4,l_per,46.9
1776001219,bftpd,nsfuzz,4,l_abs,1055
1776001219,bftpd,nsfuzz,4,b_per,33.0
1776001219,bftpd,nsfuzz,4,b_abs,447
1776001220,bftpd,nsfuzz,4,l_per,46.9
1776001220,bftpd,nsfuzz,4,l_abs,1055
1776001220,bftpd,nsfuzz,4,b_per,33.0
1776001220,bftpd,nsfuzz,4,b_abs,447
1776001220,bftpd,nsfuzz,4,l_per,46.9
1776001220,bftpd,nsfuzz,4,l_abs,1055
1776001220,bftpd,nsfuzz,4,b_per,33.0
1776001220,bftpd,nsfuzz,4,b_abs,447
1776001221,bftpd,nsfuzz,4,l_per,46.9
1776001221,bftpd,nsfuzz,4,l_abs,1055
1776001221,bftpd,nsfuzz,4,b_per,33.0
1776001221,bftpd,nsfuzz,4,b_abs,447
1776001223,bftpd,nsfuzz,4,l_per,46.9
1776001223,bftpd,nsfuzz,4,l_abs,1055
1776001223,bftpd,nsfuzz,4,b_per,33.0
1776001223,bftpd,nsfuzz,4,b_abs,447
1776001227,bftpd,nsfuzz,4,l_per,46.9
1776001227,bftpd,nsfuzz,4,l_abs,1055
1776001227,bftpd,nsfuzz,4,b_per,33.1
1776001227,bftpd,nsfuzz,4,b_abs,448
1776001230,bftpd,nsfuzz,4,l_per,47.0
1776001230,bftpd,nsfuzz,4,l_abs,1057
1776001230,bftpd,nsfuzz,4,b_per,33.2
1776001230,bftpd,nsfuzz,4,b_abs,449
1776001233,bftpd,nsfuzz,4,l_per,47.0
1776001233,bftpd,nsfuzz,4,l_abs,1057
1776001233,bftpd,nsfuzz,4,b_per,33.2
1776001233,bftpd,nsfuzz,4,b_abs,449
1776001233,bftpd,nsfuzz,4,l_per,47.0
1776001233,bftpd,nsfuzz,4,l_abs,1057
1776001233,bftpd,nsfuzz,4,b_per,33.2
1776001233,bftpd,nsfuzz,4,b_abs,449
1776001234,bftpd,nsfuzz,4,l_per,47.0
1776001234,bftpd,nsfuzz,4,l_abs,1057
1776001234,bftpd,nsfuzz,4,b_per,33.2
1776001234,bftpd,nsfuzz,4,b_abs,449
1776001234,bftpd,nsfuzz,4,l_per,47.0
1776001234,bftpd,nsfuzz,4,l_abs,1057
1776001234,bftpd,nsfuzz,4,b_per,33.2
1776001234,bftpd,nsfuzz,4,b_abs,449
1776001236,bftpd,nsfuzz,4,l_per,47.0
1776001236,bftpd,nsfuzz,4,l_abs,1057
1776001236,bftpd,nsfuzz,4,b_per,33.2
1776001236,bftpd,nsfuzz,4,b_abs,449
1776001241,bftpd,nsfuzz,4,l_per,47.0
1776001241,bftpd,nsfuzz,4,l_abs,1057
1776001241,bftpd,nsfuzz,4,b_per,33.2
1776001241,bftpd,nsfuzz,4,b_abs,449
1776001242,bftpd,nsfuzz,4,l_per,47.0
1776001242,bftpd,nsfuzz,4,l_abs,1057
1776001242,bftpd,nsfuzz,4,b_per,33.2
1776001242,bftpd,nsfuzz,4,b_abs,450
1776001244,bftpd,nsfuzz,4,l_per,47.0
1776001244,bftpd,nsfuzz,4,l_abs,1057
1776001244,bftpd,nsfuzz,4,b_per,33.2
1776001244,bftpd,nsfuzz,4,b_abs,450
1776001244,bftpd,nsfuzz,4,l_per,47.0
1776001244,bftpd,nsfuzz,4,l_abs,1057
1776001244,bftpd,nsfuzz,4,b_per,33.2
1776001244,bftpd,nsfuzz,4,b_abs,450
1776001244,bftpd,nsfuzz,4,l_per,47.0
1776001244,bftpd,nsfuzz,4,l_abs,1057
1776001244,bftpd,nsfuzz,4,b_per,33.2
1776001244,bftpd,nsfuzz,4,b_abs,450
1776001244,bftpd,nsfuzz,4,l_per,47.0
1776001244,bftpd,nsfuzz,4,l_abs,1057
1776001244,bftpd,nsfuzz,4,b_per,33.2
1776001244,bftpd,nsfuzz,4,b_abs,450
1776001246,bftpd,nsfuzz,4,l_per,47.0
1776001246,bftpd,nsfuzz,4,l_abs,1057
1776001246,bftpd,nsfuzz,4,b_per,33.2
1776001246,bftpd,nsfuzz,4,b_abs,450
1776001247,bftpd,nsfuzz,4,l_per,47.0
1776001247,bftpd,nsfuzz,4,l_abs,1057
1776001247,bftpd,nsfuzz,4,b_per,33.2
1776001247,bftpd,nsfuzz,4,b_abs,450
1776001247,bftpd,nsfuzz,4,l_per,47.1
1776001247,bftpd,nsfuzz,4,l_abs,1059
1776001247,bftpd,nsfuzz,4,b_per,33.3
1776001247,bftpd,nsfuzz,4,b_abs,451
1776001247,bftpd,nsfuzz,4,l_per,47.1
1776001247,bftpd,nsfuzz,4,l_abs,1059
1776001247,bftpd,nsfuzz,4,b_per,33.4
1776001247,bftpd,nsfuzz,4,b_abs,452
1776001249,bftpd,nsfuzz,4,l_per,47.1
1776001249,bftpd,nsfuzz,4,l_abs,1059
1776001249,bftpd,nsfuzz,4,b_per,33.4
1776001249,bftpd,nsfuzz,4,b_abs,452
1776001250,bftpd,nsfuzz,4,l_per,47.1
1776001250,bftpd,nsfuzz,4,l_abs,1059
1776001250,bftpd,nsfuzz,4,b_per,33.4
1776001250,bftpd,nsfuzz,4,b_abs,452
1776001250,bftpd,nsfuzz,4,l_per,47.1
1776001250,bftpd,nsfuzz,4,l_abs,1059
1776001250,bftpd,nsfuzz,4,b_per,33.4
1776001250,bftpd,nsfuzz,4,b_abs,452
1776001252,bftpd,nsfuzz,4,l_per,47.1
1776001252,bftpd,nsfuzz,4,l_abs,1059
1776001252,bftpd,nsfuzz,4,b_per,33.4
1776001252,bftpd,nsfuzz,4,b_abs,452
1776001255,bftpd,nsfuzz,4,l_per,47.1
1776001255,bftpd,nsfuzz,4,l_abs,1059
1776001255,bftpd,nsfuzz,4,b_per,33.4
1776001255,bftpd,nsfuzz,4,b_abs,452
1776001258,bftpd,nsfuzz,4,l_per,47.1
1776001258,bftpd,nsfuzz,4,l_abs,1059
1776001258,bftpd,nsfuzz,4,b_per,33.4
1776001258,bftpd,nsfuzz,4,b_abs,452
1776001258,bftpd,nsfuzz,4,l_per,47.1
1776001258,bftpd,nsfuzz,4,l_abs,1059
1776001258,bftpd,nsfuzz,4,b_per,33.4
1776001258,bftpd,nsfuzz,4,b_abs,452
1776001258,bftpd,nsfuzz,4,l_per,47.1
1776001258,bftpd,nsfuzz,4,l_abs,1059
1776001258,bftpd,nsfuzz,4,b_per,33.4
1776001258,bftpd,nsfuzz,4,b_abs,452
1776001261,bftpd,nsfuzz,4,l_per,47.1
1776001261,bftpd,nsfuzz,4,l_abs,1059
1776001261,bftpd,nsfuzz,4,b_per,33.4
1776001261,bftpd,nsfuzz,4,b_abs,452
1776001262,bftpd,nsfuzz,4,l_per,47.1
1776001262,bftpd,nsfuzz,4,l_abs,1059
1776001262,bftpd,nsfuzz,4,b_per,33.4
1776001262,bftpd,nsfuzz,4,b_abs,452
1776001264,bftpd,nsfuzz,4,l_per,47.1
1776001264,bftpd,nsfuzz,4,l_abs,1059
1776001264,bftpd,nsfuzz,4,b_per,33.4
1776001264,bftpd,nsfuzz,4,b_abs,452
1776001271,bftpd,nsfuzz,4,l_per,47.1
1776001271,bftpd,nsfuzz,4,l_abs,1059
1776001271,bftpd,nsfuzz,4,b_per,33.4
1776001271,bftpd,nsfuzz,4,b_abs,452
1776001272,bftpd,nsfuzz,4,l_per,47.1
1776001272,bftpd,nsfuzz,4,l_abs,1059
1776001272,bftpd,nsfuzz,4,b_per,33.4
1776001272,bftpd,nsfuzz,4,b_abs,452
1776001274,bftpd,nsfuzz,4,l_per,47.1
1776001274,bftpd,nsfuzz,4,l_abs,1059
1776001274,bftpd,nsfuzz,4,b_per,33.4
1776001274,bftpd,nsfuzz,4,b_abs,452
1776001275,bftpd,nsfuzz,4,l_per,47.4
1776001275,bftpd,nsfuzz,4,l_abs,1066
1776001275,bftpd,nsfuzz,4,b_per,33.5
1776001275,bftpd,nsfuzz,4,b_abs,454
1776001278,bftpd,nsfuzz,4,l_per,47.4
1776001278,bftpd,nsfuzz,4,l_abs,1066
1776001278,bftpd,nsfuzz,4,b_per,33.5
1776001278,bftpd,nsfuzz,4,b_abs,454
1776001281,bftpd,nsfuzz,4,l_per,47.4
1776001281,bftpd,nsfuzz,4,l_abs,1066
1776001281,bftpd,nsfuzz,4,b_per,33.5
1776001281,bftpd,nsfuzz,4,b_abs,454
1776001286,bftpd,nsfuzz,4,l_per,47.4
1776001286,bftpd,nsfuzz,4,l_abs,1066
1776001286,bftpd,nsfuzz,4,b_per,33.5
1776001286,bftpd,nsfuzz,4,b_abs,454
1776001286,bftpd,nsfuzz,4,l_per,47.4
1776001286,bftpd,nsfuzz,4,l_abs,1066
1776001286,bftpd,nsfuzz,4,b_per,33.5
1776001286,bftpd,nsfuzz,4,b_abs,454
1776001287,bftpd,nsfuzz,4,l_per,47.4
1776001287,bftpd,nsfuzz,4,l_abs,1066
1776001287,bftpd,nsfuzz,4,b_per,33.5
1776001287,bftpd,nsfuzz,4,b_abs,454
1776001288,bftpd,nsfuzz,4,l_per,47.5
1776001288,bftpd,nsfuzz,4,l_abs,1069
1776001288,bftpd,nsfuzz,4,b_per,33.6
1776001288,bftpd,nsfuzz,4,b_abs,455
1776001292,bftpd,nsfuzz,4,l_per,47.5
1776001292,bftpd,nsfuzz,4,l_abs,1069
1776001292,bftpd,nsfuzz,4,b_per,33.6
1776001292,bftpd,nsfuzz,4,b_abs,455
1776001299,bftpd,nsfuzz,4,l_per,47.5
1776001299,bftpd,nsfuzz,4,l_abs,1069
1776001299,bftpd,nsfuzz,4,b_per,33.6
1776001299,bftpd,nsfuzz,4,b_abs,455
1776001300,bftpd,nsfuzz,4,l_per,47.5
1776001300,bftpd,nsfuzz,4,l_abs,1069
1776001300,bftpd,nsfuzz,4,b_per,33.6
1776001300,bftpd,nsfuzz,4,b_abs,455
1776001303,bftpd,nsfuzz,4,l_per,47.5
1776001303,bftpd,nsfuzz,4,l_abs,1069
1776001303,bftpd,nsfuzz,4,b_per,33.6
1776001303,bftpd,nsfuzz,4,b_abs,455
1776001309,bftpd,nsfuzz,4,l_per,47.5
1776001309,bftpd,nsfuzz,4,l_abs,1069
1776001309,bftpd,nsfuzz,4,b_per,33.6
1776001309,bftpd,nsfuzz,4,b_abs,455
1776001310,bftpd,nsfuzz,4,l_per,47.5
1776001310,bftpd,nsfuzz,4,l_abs,1069
1776001310,bftpd,nsfuzz,4,b_per,33.6
1776001310,bftpd,nsfuzz,4,b_abs,455
1776001316,bftpd,nsfuzz,4,l_per,47.5
1776001316,bftpd,nsfuzz,4,l_abs,1069
1776001316,bftpd,nsfuzz,4,b_per,33.6
1776001316,bftpd,nsfuzz,4,b_abs,455
1776001317,bftpd,nsfuzz,4,l_per,47.5
1776001317,bftpd,nsfuzz,4,l_abs,1069
1776001317,bftpd,nsfuzz,4,b_per,33.6
1776001317,bftpd,nsfuzz,4,b_abs,455
1776001318,bftpd,nsfuzz,4,l_per,47.5
1776001318,bftpd,nsfuzz,4,l_abs,1069
1776001318,bftpd,nsfuzz,4,b_per,33.6
1776001318,bftpd,nsfuzz,4,b_abs,455
1776001321,bftpd,nsfuzz,4,l_per,47.5
1776001321,bftpd,nsfuzz,4,l_abs,1069
1776001321,bftpd,nsfuzz,4,b_per,33.6
1776001321,bftpd,nsfuzz,4,b_abs,455
1776001325,bftpd,nsfuzz,4,l_per,47.5
1776001325,bftpd,nsfuzz,4,l_abs,1069
1776001325,bftpd,nsfuzz,4,b_per,33.6
1776001325,bftpd,nsfuzz,4,b_abs,455
1776001325,bftpd,nsfuzz,4,l_per,47.5
1776001325,bftpd,nsfuzz,4,l_abs,1069
1776001325,bftpd,nsfuzz,4,b_per,33.6
1776001325,bftpd,nsfuzz,4,b_abs,455
1776001325,bftpd,nsfuzz,4,l_per,47.5
1776001325,bftpd,nsfuzz,4,l_abs,1069
1776001325,bftpd,nsfuzz,4,b_per,33.6
1776001325,bftpd,nsfuzz,4,b_abs,455
1776001325,bftpd,nsfuzz,4,l_per,47.5
1776001325,bftpd,nsfuzz,4,l_abs,1069
1776001325,bftpd,nsfuzz,4,b_per,33.6
1776001325,bftpd,nsfuzz,4,b_abs,455
1776001326,bftpd,nsfuzz,4,l_per,47.5
1776001326,bftpd,nsfuzz,4,l_abs,1069
1776001326,bftpd,nsfuzz,4,b_per,33.6
1776001326,bftpd,nsfuzz,4,b_abs,455
1776001326,bftpd,nsfuzz,4,l_per,47.5
1776001326,bftpd,nsfuzz,4,l_abs,1069
1776001326,bftpd,nsfuzz,4,b_per,33.6
1776001326,bftpd,nsfuzz,4,b_abs,455
1776001329,bftpd,nsfuzz,4,l_per,47.5
1776001329,bftpd,nsfuzz,4,l_abs,1069
1776001329,bftpd,nsfuzz,4,b_per,33.6
1776001329,bftpd,nsfuzz,4,b_abs,455
1776001333,bftpd,nsfuzz,4,l_per,47.5
1776001333,bftpd,nsfuzz,4,l_abs,1069
1776001333,bftpd,nsfuzz,4,b_per,33.6
1776001333,bftpd,nsfuzz,4,b_abs,455
1776001333,bftpd,nsfuzz,4,l_per,47.5
1776001333,bftpd,nsfuzz,4,l_abs,1069
1776001333,bftpd,nsfuzz,4,b_per,33.6
1776001333,bftpd,nsfuzz,4,b_abs,455
1776001341,bftpd,nsfuzz,4,l_per,47.5
1776001341,bftpd,nsfuzz,4,l_abs,1069
1776001341,bftpd,nsfuzz,4,b_per,33.6
1776001341,bftpd,nsfuzz,4,b_abs,455
1776001344,bftpd,nsfuzz,4,l_per,47.5
1776001344,bftpd,nsfuzz,4,l_abs,1069
1776001344,bftpd,nsfuzz,4,b_per,33.6
1776001344,bftpd,nsfuzz,4,b_abs,455
1776001347,bftpd,nsfuzz,4,l_per,47.5
1776001347,bftpd,nsfuzz,4,l_abs,1069
1776001347,bftpd,nsfuzz,4,b_per,33.6
1776001347,bftpd,nsfuzz,4,b_abs,455
1776001348,bftpd,nsfuzz,4,l_per,47.5
1776001348,bftpd,nsfuzz,4,l_abs,1069
1776001348,bftpd,nsfuzz,4,b_per,33.8
1776001348,bftpd,nsfuzz,4,b_abs,457
1776001351,bftpd,nsfuzz,4,l_per,47.5
1776001351,bftpd,nsfuzz,4,l_abs,1069
1776001351,bftpd,nsfuzz,4,b_per,33.8
1776001351,bftpd,nsfuzz,4,b_abs,457
1776001353,bftpd,nsfuzz,4,l_per,47.5
1776001353,bftpd,nsfuzz,4,l_abs,1069
1776001353,bftpd,nsfuzz,4,b_per,33.8
1776001353,bftpd,nsfuzz,4,b_abs,457
1776001356,bftpd,nsfuzz,4,l_per,47.5
1776001356,bftpd,nsfuzz,4,l_abs,1069
1776001356,bftpd,nsfuzz,4,b_per,33.8
1776001356,bftpd,nsfuzz,4,b_abs,457
1776001357,bftpd,nsfuzz,4,l_per,47.5
1776001357,bftpd,nsfuzz,4,l_abs,1069
1776001357,bftpd,nsfuzz,4,b_per,33.8
1776001357,bftpd,nsfuzz,4,b_abs,457
1776001357,bftpd,nsfuzz,4,l_per,47.5
1776001357,bftpd,nsfuzz,4,l_abs,1069
1776001357,bftpd,nsfuzz,4,b_per,33.8
1776001357,bftpd,nsfuzz,4,b_abs,457
1776001358,bftpd,nsfuzz,4,l_per,47.5
1776001358,bftpd,nsfuzz,4,l_abs,1069
1776001358,bftpd,nsfuzz,4,b_per,33.8
1776001358,bftpd,nsfuzz,4,b_abs,457
1776001359,bftpd,nsfuzz,4,l_per,47.5
1776001359,bftpd,nsfuzz,4,l_abs,1069
1776001359,bftpd,nsfuzz,4,b_per,33.8
1776001359,bftpd,nsfuzz,4,b_abs,457
1776001364,bftpd,nsfuzz,4,l_per,47.5
1776001364,bftpd,nsfuzz,4,l_abs,1069
1776001364,bftpd,nsfuzz,4,b_per,33.8
1776001364,bftpd,nsfuzz,4,b_abs,457
1776001366,bftpd,nsfuzz,4,l_per,47.5
1776001366,bftpd,nsfuzz,4,l_abs,1069
1776001366,bftpd,nsfuzz,4,b_per,33.8
1776001366,bftpd,nsfuzz,4,b_abs,457
1776001369,bftpd,nsfuzz,4,l_per,47.8
1776001369,bftpd,nsfuzz,4,l_abs,1076
1776001369,bftpd,nsfuzz,4,b_per,34.0
1776001369,bftpd,nsfuzz,4,b_abs,461
1776001375,bftpd,nsfuzz,4,l_per,47.8
1776001375,bftpd,nsfuzz,4,l_abs,1076
1776001375,bftpd,nsfuzz,4,b_per,34.0
1776001375,bftpd,nsfuzz,4,b_abs,461
1776001379,bftpd,nsfuzz,4,l_per,47.8
1776001379,bftpd,nsfuzz,4,l_abs,1076
1776001379,bftpd,nsfuzz,4,b_per,34.0
1776001379,bftpd,nsfuzz,4,b_abs,461
1776001387,bftpd,nsfuzz,4,l_per,47.8
1776001387,bftpd,nsfuzz,4,l_abs,1076
1776001387,bftpd,nsfuzz,4,b_per,34.0
1776001387,bftpd,nsfuzz,4,b_abs,461
1776001387,bftpd,nsfuzz,4,l_per,47.8
1776001387,bftpd,nsfuzz,4,l_abs,1076
1776001387,bftpd,nsfuzz,4,b_per,34.0
1776001387,bftpd,nsfuzz,4,b_abs,461
1776001389,bftpd,nsfuzz,4,l_per,47.8
1776001389,bftpd,nsfuzz,4,l_abs,1076
1776001389,bftpd,nsfuzz,4,b_per,34.0
1776001389,bftpd,nsfuzz,4,b_abs,461
1776001405,bftpd,nsfuzz,4,l_per,47.8
1776001405,bftpd,nsfuzz,4,l_abs,1076
1776001405,bftpd,nsfuzz,4,b_per,34.1
1776001405,bftpd,nsfuzz,4,b_abs,462
1776001428,bftpd,nsfuzz,4,l_per,47.8
1776001428,bftpd,nsfuzz,4,l_abs,1076
1776001428,bftpd,nsfuzz,4,b_per,34.1
1776001428,bftpd,nsfuzz,4,b_abs,462
1776001432,bftpd,nsfuzz,4,l_per,47.8
1776001432,bftpd,nsfuzz,4,l_abs,1076
1776001432,bftpd,nsfuzz,4,b_per,34.1
1776001432,bftpd,nsfuzz,4,b_abs,462
1776001449,bftpd,nsfuzz,4,l_per,47.8
1776001449,bftpd,nsfuzz,4,l_abs,1076
1776001449,bftpd,nsfuzz,4,b_per,34.1
1776001449,bftpd,nsfuzz,4,b_abs,462
1776001451,bftpd,nsfuzz,4,l_per,47.8
1776001451,bftpd,nsfuzz,4,l_abs,1076
1776001451,bftpd,nsfuzz,4,b_per,34.1
1776001451,bftpd,nsfuzz,4,b_abs,462
1776001454,bftpd,nsfuzz,4,l_per,47.8
1776001454,bftpd,nsfuzz,4,l_abs,1076
1776001454,bftpd,nsfuzz,4,b_per,34.1
1776001454,bftpd,nsfuzz,4,b_abs,462
1776001459,bftpd,nsfuzz,4,l_per,47.8
1776001459,bftpd,nsfuzz,4,l_abs,1076
1776001459,bftpd,nsfuzz,4,b_per,34.1
1776001459,bftpd,nsfuzz,4,b_abs,462
1776001460,bftpd,nsfuzz,4,l_per,48.0
1776001460,bftpd,nsfuzz,4,l_abs,1080
1776001460,bftpd,nsfuzz,4,b_per,34.6
1776001460,bftpd,nsfuzz,4,b_abs,468
1776001460,bftpd,nsfuzz,4,l_per,48.0
1776001460,bftpd,nsfuzz,4,l_abs,1080
1776001460,bftpd,nsfuzz,4,b_per,34.6
1776001460,bftpd,nsfuzz,4,b_abs,468
1776001463,bftpd,nsfuzz,4,l_per,48.0
1776001463,bftpd,nsfuzz,4,l_abs,1080
1776001463,bftpd,nsfuzz,4,b_per,34.6
1776001463,bftpd,nsfuzz,4,b_abs,468
1776001464,bftpd,nsfuzz,4,l_per,48.0
1776001464,bftpd,nsfuzz,4,l_abs,1080
1776001464,bftpd,nsfuzz,4,b_per,34.6
1776001464,bftpd,nsfuzz,4,b_abs,468
1776001466,bftpd,nsfuzz,4,l_per,48.0
1776001466,bftpd,nsfuzz,4,l_abs,1080
1776001466,bftpd,nsfuzz,4,b_per,34.6
1776001466,bftpd,nsfuzz,4,b_abs,468
1776001468,bftpd,nsfuzz,4,l_per,48.0
1776001468,bftpd,nsfuzz,4,l_abs,1080
1776001468,bftpd,nsfuzz,4,b_per,34.6
1776001468,bftpd,nsfuzz,4,b_abs,468
1776001494,bftpd,nsfuzz,4,l_per,48.1
1776001494,bftpd,nsfuzz,4,l_abs,1082
1776001494,bftpd,nsfuzz,4,b_per,34.6
1776001494,bftpd,nsfuzz,4,b_abs,469
1776001499,bftpd,nsfuzz,4,l_per,48.1
1776001499,bftpd,nsfuzz,4,l_abs,1082
1776001499,bftpd,nsfuzz,4,b_per,34.6
1776001499,bftpd,nsfuzz,4,b_abs,469
1776001499,bftpd,nsfuzz,4,l_per,48.1
1776001499,bftpd,nsfuzz,4,l_abs,1082
1776001499,bftpd,nsfuzz,4,b_per,34.6
1776001499,bftpd,nsfuzz,4,b_abs,469
1776001520,bftpd,nsfuzz,4,l_per,48.1
1776001520,bftpd,nsfuzz,4,l_abs,1082
1776001520,bftpd,nsfuzz,4,b_per,34.6
1776001520,bftpd,nsfuzz,4,b_abs,469
1776001526,bftpd,nsfuzz,4,l_per,48.1
1776001526,bftpd,nsfuzz,4,l_abs,1082
1776001526,bftpd,nsfuzz,4,b_per,34.6
1776001526,bftpd,nsfuzz,4,b_abs,469
1776001547,bftpd,nsfuzz,4,l_per,48.1
1776001547,bftpd,nsfuzz,4,l_abs,1082
1776001547,bftpd,nsfuzz,4,b_per,34.6
1776001547,bftpd,nsfuzz,4,b_abs,469
1776001557,bftpd,nsfuzz,4,l_per,48.1
1776001557,bftpd,nsfuzz,4,l_abs,1082
1776001557,bftpd,nsfuzz,4,b_per,34.6
1776001557,bftpd,nsfuzz,4,b_abs,469
1776001579,bftpd,nsfuzz,4,l_per,48.1
1776001579,bftpd,nsfuzz,4,l_abs,1082
1776001579,bftpd,nsfuzz,4,b_per,34.6
1776001579,bftpd,nsfuzz,4,b_abs,469
1776001579,bftpd,nsfuzz,4,l_per,48.1
1776001579,bftpd,nsfuzz,4,l_abs,1082
1776001579,bftpd,nsfuzz,4,b_per,34.6
1776001579,bftpd,nsfuzz,4,b_abs,469
1776001588,bftpd,nsfuzz,4,l_per,48.1
1776001588,bftpd,nsfuzz,4,l_abs,1082
1776001588,bftpd,nsfuzz,4,b_per,34.6
1776001588,bftpd,nsfuzz,4,b_abs,469
1776001592,bftpd,nsfuzz,4,l_per,48.1
1776001592,bftpd,nsfuzz,4,l_abs,1082
1776001592,bftpd,nsfuzz,4,b_per,34.7
1776001592,bftpd,nsfuzz,4,b_abs,470
1776001595,bftpd,nsfuzz,4,l_per,48.1
1776001595,bftpd,nsfuzz,4,l_abs,1082
1776001595,bftpd,nsfuzz,4,b_per,34.7
1776001595,bftpd,nsfuzz,4,b_abs,470
1776001596,bftpd,nsfuzz,4,l_per,48.1
1776001596,bftpd,nsfuzz,4,l_abs,1082
1776001596,bftpd,nsfuzz,4,b_per,34.7
1776001596,bftpd,nsfuzz,4,b_abs,470
1776001609,bftpd,nsfuzz,4,l_per,48.1
1776001609,bftpd,nsfuzz,4,l_abs,1082
1776001609,bftpd,nsfuzz,4,b_per,34.7
1776001609,bftpd,nsfuzz,4,b_abs,470
1776001612,bftpd,nsfuzz,4,l_per,48.1
1776001612,bftpd,nsfuzz,4,l_abs,1082
1776001612,bftpd,nsfuzz,4,b_per,34.7
1776001612,bftpd,nsfuzz,4,b_abs,470
1776001617,bftpd,nsfuzz,4,l_per,48.1
1776001617,bftpd,nsfuzz,4,l_abs,1082
1776001617,bftpd,nsfuzz,4,b_per,34.7
1776001617,bftpd,nsfuzz,4,b_abs,470
1776001620,bftpd,nsfuzz,4,l_per,48.1
1776001620,bftpd,nsfuzz,4,l_abs,1082
1776001620,bftpd,nsfuzz,4,b_per,34.7
1776001620,bftpd,nsfuzz,4,b_abs,470
1776001625,bftpd,nsfuzz,4,l_per,48.1
1776001625,bftpd,nsfuzz,4,l_abs,1082
1776001625,bftpd,nsfuzz,4,b_per,34.7
1776001625,bftpd,nsfuzz,4,b_abs,470
1776001644,bftpd,nsfuzz,4,l_per,48.1
1776001644,bftpd,nsfuzz,4,l_abs,1082
1776001644,bftpd,nsfuzz,4,b_per,34.7
1776001644,bftpd,nsfuzz,4,b_abs,470
1776001644,bftpd,nsfuzz,4,l_per,48.1
1776001644,bftpd,nsfuzz,4,l_abs,1082
1776001644,bftpd,nsfuzz,4,b_per,34.7
1776001644,bftpd,nsfuzz,4,b_abs,470
1776001647,bftpd,nsfuzz,4,l_per,48.2
1776001647,bftpd,nsfuzz,4,l_abs,1084
1776001647,bftpd,nsfuzz,4,b_per,34.8
1776001647,bftpd,nsfuzz,4,b_abs,471
1776001655,bftpd,nsfuzz,4,l_per,48.2
1776001655,bftpd,nsfuzz,4,l_abs,1084
1776001655,bftpd,nsfuzz,4,b_per,34.8
1776001655,bftpd,nsfuzz,4,b_abs,471
1776001678,bftpd,nsfuzz,4,l_per,48.2
1776001678,bftpd,nsfuzz,4,l_abs,1084
1776001678,bftpd,nsfuzz,4,b_per,34.8
1776001678,bftpd,nsfuzz,4,b_abs,471
1776001689,bftpd,nsfuzz,4,l_per,48.2
1776001689,bftpd,nsfuzz,4,l_abs,1084
1776001689,bftpd,nsfuzz,4,b_per,34.8
1776001689,bftpd,nsfuzz,4,b_abs,471
1776001701,bftpd,nsfuzz,4,l_per,48.2
1776001701,bftpd,nsfuzz,4,l_abs,1084
1776001701,bftpd,nsfuzz,4,b_per,34.8
1776001701,bftpd,nsfuzz,4,b_abs,471
1776001720,bftpd,nsfuzz,4,l_per,48.2
1776001720,bftpd,nsfuzz,4,l_abs,1084
1776001720,bftpd,nsfuzz,4,b_per,34.8
1776001720,bftpd,nsfuzz,4,b_abs,471
1776001744,bftpd,nsfuzz,4,l_per,48.2
1776001744,bftpd,nsfuzz,4,l_abs,1084
1776001744,bftpd,nsfuzz,4,b_per,34.8
1776001744,bftpd,nsfuzz,4,b_abs,471
1776001752,bftpd,nsfuzz,4,l_per,48.2
1776001752,bftpd,nsfuzz,4,l_abs,1084
1776001752,bftpd,nsfuzz,4,b_per,34.8
1776001752,bftpd,nsfuzz,4,b_abs,471
1776001781,bftpd,nsfuzz,4,l_per,48.2
1776001781,bftpd,nsfuzz,4,l_abs,1084
1776001781,bftpd,nsfuzz,4,b_per,34.8
1776001781,bftpd,nsfuzz,4,b_abs,471
1776001785,bftpd,nsfuzz,4,l_per,48.2
1776001785,bftpd,nsfuzz,4,l_abs,1084
1776001785,bftpd,nsfuzz,4,b_per,34.8
1776001785,bftpd,nsfuzz,4,b_abs,471
1776001791,bftpd,nsfuzz,4,l_per,48.2
1776001791,bftpd,nsfuzz,4,l_abs,1084
1776001791,bftpd,nsfuzz,4,b_per,34.8
1776001791,bftpd,nsfuzz,4,b_abs,471
1776001792,bftpd,nsfuzz,4,l_per,48.2
1776001792,bftpd,nsfuzz,4,l_abs,1084
1776001792,bftpd,nsfuzz,4,b_per,34.8
1776001792,bftpd,nsfuzz,4,b_abs,471
1776001793,bftpd,nsfuzz,4,l_per,48.2
1776001793,bftpd,nsfuzz,4,l_abs,1084
1776001793,bftpd,nsfuzz,4,b_per,34.8
1776001793,bftpd,nsfuzz,4,b_abs,471
1776001796,bftpd,nsfuzz,4,l_per,48.2
1776001796,bftpd,nsfuzz,4,l_abs,1084
1776001796,bftpd,nsfuzz,4,b_per,34.8
1776001796,bftpd,nsfuzz,4,b_abs,471
1776001799,bftpd,nsfuzz,4,l_per,48.2
1776001799,bftpd,nsfuzz,4,l_abs,1084
1776001799,bftpd,nsfuzz,4,b_per,34.8
1776001799,bftpd,nsfuzz,4,b_abs,471
1776001800,bftpd,nsfuzz,4,l_per,48.2
1776001800,bftpd,nsfuzz,4,l_abs,1084
1776001800,bftpd,nsfuzz,4,b_per,34.8
1776001800,bftpd,nsfuzz,4,b_abs,471
1776001801,bftpd,nsfuzz,4,l_per,48.2
1776001801,bftpd,nsfuzz,4,l_abs,1084
1776001801,bftpd,nsfuzz,4,b_per,34.8
1776001801,bftpd,nsfuzz,4,b_abs,471
1776001808,bftpd,nsfuzz,4,l_per,48.2
1776001808,bftpd,nsfuzz,4,l_abs,1084
1776001808,bftpd,nsfuzz,4,b_per,34.8
1776001808,bftpd,nsfuzz,4,b_abs,471
1776001823,bftpd,nsfuzz,4,l_per,48.2
1776001823,bftpd,nsfuzz,4,l_abs,1084
1776001823,bftpd,nsfuzz,4,b_per,34.8
1776001823,bftpd,nsfuzz,4,b_abs,471
1776001843,bftpd,nsfuzz,4,l_per,48.2
1776001843,bftpd,nsfuzz,4,l_abs,1084
1776001843,bftpd,nsfuzz,4,b_per,34.8
1776001843,bftpd,nsfuzz,4,b_abs,471
1776001872,bftpd,nsfuzz,4,l_per,48.2
1776001872,bftpd,nsfuzz,4,l_abs,1084
1776001872,bftpd,nsfuzz,4,b_per,34.8
1776001872,bftpd,nsfuzz,4,b_abs,471
1776001878,bftpd,nsfuzz,4,l_per,48.2
1776001878,bftpd,nsfuzz,4,l_abs,1084
1776001878,bftpd,nsfuzz,4,b_per,34.8
1776001878,bftpd,nsfuzz,4,b_abs,471
1776001887,bftpd,nsfuzz,4,l_per,48.4
1776001887,bftpd,nsfuzz,4,l_abs,1089
1776001887,bftpd,nsfuzz,4,b_per,35.2
1776001887,bftpd,nsfuzz,4,b_abs,476
1776001887,bftpd,nsfuzz,4,l_per,48.4
1776001887,bftpd,nsfuzz,4,l_abs,1089
1776001887,bftpd,nsfuzz,4,b_per,35.2
1776001887,bftpd,nsfuzz,4,b_abs,476
1776001893,bftpd,nsfuzz,4,l_per,48.4
1776001893,bftpd,nsfuzz,4,l_abs,1089
1776001893,bftpd,nsfuzz,4,b_per,35.2
1776001893,bftpd,nsfuzz,4,b_abs,476
1776001899,bftpd,nsfuzz,4,l_per,48.4
1776001899,bftpd,nsfuzz,4,l_abs,1089
1776001899,bftpd,nsfuzz,4,b_per,35.2
1776001899,bftpd,nsfuzz,4,b_abs,476
1776001900,bftpd,nsfuzz,4,l_per,48.4
1776001900,bftpd,nsfuzz,4,l_abs,1089
1776001900,bftpd,nsfuzz,4,b_per,35.2
1776001900,bftpd,nsfuzz,4,b_abs,476
1776001904,bftpd,nsfuzz,4,l_per,48.4
1776001904,bftpd,nsfuzz,4,l_abs,1089
1776001904,bftpd,nsfuzz,4,b_per,35.2
1776001904,bftpd,nsfuzz,4,b_abs,476
1776001909,bftpd,nsfuzz,4,l_per,48.4
1776001909,bftpd,nsfuzz,4,l_abs,1089
1776001909,bftpd,nsfuzz,4,b_per,35.2
1776001909,bftpd,nsfuzz,4,b_abs,476
1776001931,bftpd,nsfuzz,4,l_per,48.4
1776001931,bftpd,nsfuzz,4,l_abs,1089
1776001931,bftpd,nsfuzz,4,b_per,35.2
1776001931,bftpd,nsfuzz,4,b_abs,476
1776001935,bftpd,nsfuzz,4,l_per,48.4
1776001935,bftpd,nsfuzz,4,l_abs,1089
1776001935,bftpd,nsfuzz,4,b_per,35.2
1776001935,bftpd,nsfuzz,4,b_abs,476
1776001955,bftpd,nsfuzz,4,l_per,48.4
1776001955,bftpd,nsfuzz,4,l_abs,1089
1776001955,bftpd,nsfuzz,4,b_per,35.2
1776001955,bftpd,nsfuzz,4,b_abs,476
1776001977,bftpd,nsfuzz,4,l_per,48.4
1776001977,bftpd,nsfuzz,4,l_abs,1089
1776001977,bftpd,nsfuzz,4,b_per,35.2
1776001977,bftpd,nsfuzz,4,b_abs,476
1776002016,bftpd,nsfuzz,4,l_per,48.4
1776002016,bftpd,nsfuzz,4,l_abs,1089
1776002016,bftpd,nsfuzz,4,b_per,35.2
1776002016,bftpd,nsfuzz,4,b_abs,476
1776002026,bftpd,nsfuzz,4,l_per,48.4
1776002026,bftpd,nsfuzz,4,l_abs,1089
1776002026,bftpd,nsfuzz,4,b_per,35.2
1776002026,bftpd,nsfuzz,4,b_abs,476
1776002058,bftpd,nsfuzz,4,l_per,48.4
1776002058,bftpd,nsfuzz,4,l_abs,1089
1776002058,bftpd,nsfuzz,4,b_per,35.2
1776002058,bftpd,nsfuzz,4,b_abs,476
1776002058,bftpd,nsfuzz,4,l_per,48.4
1776002058,bftpd,nsfuzz,4,l_abs,1089
1776002058,bftpd,nsfuzz,4,b_per,35.2
1776002058,bftpd,nsfuzz,4,b_abs,477
1776002062,bftpd,nsfuzz,4,l_per,48.4
1776002062,bftpd,nsfuzz,4,l_abs,1089
1776002062,bftpd,nsfuzz,4,b_per,35.2
1776002062,bftpd,nsfuzz,4,b_abs,477
1776002071,bftpd,nsfuzz,4,l_per,48.4
1776002071,bftpd,nsfuzz,4,l_abs,1089
1776002071,bftpd,nsfuzz,4,b_per,35.2
1776002071,bftpd,nsfuzz,4,b_abs,477
1776002117,bftpd,nsfuzz,4,l_per,48.4
1776002117,bftpd,nsfuzz,4,l_abs,1089
1776002117,bftpd,nsfuzz,4,b_per,35.2
1776002117,bftpd,nsfuzz,4,b_abs,477
1776002128,bftpd,nsfuzz,4,l_per,48.4
1776002128,bftpd,nsfuzz,4,l_abs,1089
1776002128,bftpd,nsfuzz,4,b_per,35.2
1776002128,bftpd,nsfuzz,4,b_abs,477
1776002148,bftpd,nsfuzz,4,l_per,48.4
1776002148,bftpd,nsfuzz,4,l_abs,1089
1776002148,bftpd,nsfuzz,4,b_per,35.2
1776002148,bftpd,nsfuzz,4,b_abs,477
1776002151,bftpd,nsfuzz,4,l_per,48.4
1776002151,bftpd,nsfuzz,4,l_abs,1089
1776002151,bftpd,nsfuzz,4,b_per,35.2
1776002151,bftpd,nsfuzz,4,b_abs,477
1776002159,bftpd,nsfuzz,4,l_per,48.4
1776002159,bftpd,nsfuzz,4,l_abs,1089
1776002159,bftpd,nsfuzz,4,b_per,35.2
1776002159,bftpd,nsfuzz,4,b_abs,477
1776002168,bftpd,nsfuzz,4,l_per,48.5
1776002168,bftpd,nsfuzz,4,l_abs,1092
1776002168,bftpd,nsfuzz,4,b_per,35.4
1776002168,bftpd,nsfuzz,4,b_abs,479
1776002169,bftpd,nsfuzz,4,l_per,48.5
1776002169,bftpd,nsfuzz,4,l_abs,1092
1776002169,bftpd,nsfuzz,4,b_per,35.4
1776002169,bftpd,nsfuzz,4,b_abs,479
1776002170,bftpd,nsfuzz,4,l_per,48.5
1776002170,bftpd,nsfuzz,4,l_abs,1092
1776002170,bftpd,nsfuzz,4,b_per,35.4
1776002170,bftpd,nsfuzz,4,b_abs,479
1776002223,bftpd,nsfuzz,4,l_per,48.5
1776002223,bftpd,nsfuzz,4,l_abs,1092
1776002223,bftpd,nsfuzz,4,b_per,35.4
1776002223,bftpd,nsfuzz,4,b_abs,479
1776002226,bftpd,nsfuzz,4,l_per,48.5
1776002226,bftpd,nsfuzz,4,l_abs,1092
1776002226,bftpd,nsfuzz,4,b_per,35.4
1776002226,bftpd,nsfuzz,4,b_abs,479
1776002228,bftpd,nsfuzz,4,l_per,48.5
1776002228,bftpd,nsfuzz,4,l_abs,1092
1776002228,bftpd,nsfuzz,4,b_per,35.4
1776002228,bftpd,nsfuzz,4,b_abs,479
1776002229,bftpd,nsfuzz,4,l_per,48.5
1776002229,bftpd,nsfuzz,4,l_abs,1092
1776002229,bftpd,nsfuzz,4,b_per,35.4
1776002229,bftpd,nsfuzz,4,b_abs,479
1776002230,bftpd,nsfuzz,4,l_per,48.5
1776002230,bftpd,nsfuzz,4,l_abs,1092
1776002230,bftpd,nsfuzz,4,b_per,35.4
1776002230,bftpd,nsfuzz,4,b_abs,479
1776002232,bftpd,nsfuzz,4,l_per,48.5
1776002232,bftpd,nsfuzz,4,l_abs,1092
1776002232,bftpd,nsfuzz,4,b_per,35.4
1776002232,bftpd,nsfuzz,4,b_abs,479
1776002234,bftpd,nsfuzz,4,l_per,48.5
1776002234,bftpd,nsfuzz,4,l_abs,1092
1776002234,bftpd,nsfuzz,4,b_per,35.4
1776002234,bftpd,nsfuzz,4,b_abs,479
1776002247,bftpd,nsfuzz,4,l_per,48.5
1776002247,bftpd,nsfuzz,4,l_abs,1092
1776002247,bftpd,nsfuzz,4,b_per,35.4
1776002247,bftpd,nsfuzz,4,b_abs,479
1776002247,bftpd,nsfuzz,4,l_per,48.5
1776002247,bftpd,nsfuzz,4,l_abs,1092
1776002247,bftpd,nsfuzz,4,b_per,35.4
1776002247,bftpd,nsfuzz,4,b_abs,479
1776002250,bftpd,nsfuzz,4,l_per,48.5
1776002250,bftpd,nsfuzz,4,l_abs,1092
1776002250,bftpd,nsfuzz,4,b_per,35.4
1776002250,bftpd,nsfuzz,4,b_abs,479
1776002267,bftpd,nsfuzz,4,l_per,48.5
1776002267,bftpd,nsfuzz,4,l_abs,1092
1776002267,bftpd,nsfuzz,4,b_per,35.4
1776002267,bftpd,nsfuzz,4,b_abs,479
1776002297,bftpd,nsfuzz,4,l_per,48.5
1776002297,bftpd,nsfuzz,4,l_abs,1092
1776002297,bftpd,nsfuzz,4,b_per,35.4
1776002297,bftpd,nsfuzz,4,b_abs,479
1776002299,bftpd,nsfuzz,4,l_per,48.5
1776002299,bftpd,nsfuzz,4,l_abs,1092
1776002299,bftpd,nsfuzz,4,b_per,35.4
1776002299,bftpd,nsfuzz,4,b_abs,479
1776002318,bftpd,nsfuzz,4,l_per,48.5
1776002318,bftpd,nsfuzz,4,l_abs,1092
1776002318,bftpd,nsfuzz,4,b_per,35.4
1776002318,bftpd,nsfuzz,4,b_abs,479
1776002328,bftpd,nsfuzz,4,l_per,48.5
1776002328,bftpd,nsfuzz,4,l_abs,1092
1776002328,bftpd,nsfuzz,4,b_per,35.4
1776002328,bftpd,nsfuzz,4,b_abs,479
1776002351,bftpd,nsfuzz,4,l_per,48.5
1776002351,bftpd,nsfuzz,4,l_abs,1092
1776002351,bftpd,nsfuzz,4,b_per,35.4
1776002351,bftpd,nsfuzz,4,b_abs,479
1776002395,bftpd,nsfuzz,4,l_per,48.5
1776002395,bftpd,nsfuzz,4,l_abs,1092
1776002395,bftpd,nsfuzz,4,b_per,35.4
1776002395,bftpd,nsfuzz,4,b_abs,479
1776002414,bftpd,nsfuzz,4,l_per,48.5
1776002414,bftpd,nsfuzz,4,l_abs,1092
1776002414,bftpd,nsfuzz,4,b_per,35.4
1776002414,bftpd,nsfuzz,4,b_abs,479
1776002529,bftpd,nsfuzz,4,l_per,48.5
1776002529,bftpd,nsfuzz,4,l_abs,1092
1776002529,bftpd,nsfuzz,4,b_per,35.4
1776002529,bftpd,nsfuzz,4,b_abs,479
1776002571,bftpd,nsfuzz,4,l_per,48.5
1776002571,bftpd,nsfuzz,4,l_abs,1092
1776002571,bftpd,nsfuzz,4,b_per,35.4
1776002571,bftpd,nsfuzz,4,b_abs,479
1776002855,bftpd,nsfuzz,4,l_per,48.5
1776002855,bftpd,nsfuzz,4,l_abs,1092
1776002855,bftpd,nsfuzz,4,b_per,35.4
1776002855,bftpd,nsfuzz,4,b_abs,479
1776002895,bftpd,nsfuzz,4,l_per,48.7
1776002895,bftpd,nsfuzz,4,l_abs,1096
1776002895,bftpd,nsfuzz,4,b_per,35.6
1776002895,bftpd,nsfuzz,4,b_abs,482
1776002895,bftpd,nsfuzz,4,l_per,48.7
1776002895,bftpd,nsfuzz,4,l_abs,1096
1776002895,bftpd,nsfuzz,4,b_per,35.6
1776002895,bftpd,nsfuzz,4,b_abs,482
1776002985,bftpd,nsfuzz,4,l_per,48.7
1776002985,bftpd,nsfuzz,4,l_abs,1096
1776002985,bftpd,nsfuzz,4,b_per,35.6
1776002985,bftpd,nsfuzz,4,b_abs,482
1776003007,bftpd,nsfuzz,4,l_per,48.7
1776003007,bftpd,nsfuzz,4,l_abs,1096
1776003007,bftpd,nsfuzz,4,b_per,35.6
1776003007,bftpd,nsfuzz,4,b_abs,482
1776003378,bftpd,nsfuzz,4,l_per,48.7
1776003378,bftpd,nsfuzz,4,l_abs,1096
1776003378,bftpd,nsfuzz,4,b_per,35.6
1776003378,bftpd,nsfuzz,4,b_abs,482
1776003379,bftpd,nsfuzz,4,l_per,48.7
1776003379,bftpd,nsfuzz,4,l_abs,1096
1776003379,bftpd,nsfuzz,4,b_per,35.6
1776003379,bftpd,nsfuzz,4,b_abs,482
1776003633,bftpd,nsfuzz,4,l_per,48.7
1776003633,bftpd,nsfuzz,4,l_abs,1096
1776003633,bftpd,nsfuzz,4,b_per,35.6
1776003633,bftpd,nsfuzz,4,b_abs,482
1776003649,bftpd,nsfuzz,4,l_per,48.7
1776003649,bftpd,nsfuzz,4,l_abs,1096
1776003649,bftpd,nsfuzz,4,b_per,35.6
1776003649,bftpd,nsfuzz,4,b_abs,482
1776003711,bftpd,nsfuzz,4,l_per,48.7
1776003711,bftpd,nsfuzz,4,l_abs,1096
1776003711,bftpd,nsfuzz,4,b_per,35.6
1776003711,bftpd,nsfuzz,4,b_abs,482
1776003870,bftpd,nsfuzz,4,l_per,48.7
1776003870,bftpd,nsfuzz,4,l_abs,1096
1776003870,bftpd,nsfuzz,4,b_per,35.6
1776003870,bftpd,nsfuzz,4,b_abs,482
1776003872,bftpd,nsfuzz,4,l_per,48.7
1776003872,bftpd,nsfuzz,4,l_abs,1096
1776003872,bftpd,nsfuzz,4,b_per,35.6
1776003872,bftpd,nsfuzz,4,b_abs,482
1776003874,bftpd,nsfuzz,4,l_per,48.7
1776003874,bftpd,nsfuzz,4,l_abs,1096
1776003874,bftpd,nsfuzz,4,b_per,35.6
1776003874,bftpd,nsfuzz,4,b_abs,482
1776004287,bftpd,nsfuzz,4,l_per,48.7
1776004287,bftpd,nsfuzz,4,l_abs,1096
1776004287,bftpd,nsfuzz,4,b_per,35.6
1776004287,bftpd,nsfuzz,4,b_abs,482
1776004323,bftpd,nsfuzz,4,l_per,48.7
1776004323,bftpd,nsfuzz,4,l_abs,1096
1776004323,bftpd,nsfuzz,4,b_per,35.6
1776004323,bftpd,nsfuzz,4,b_abs,482
1776005222,bftpd,nsfuzz,4,l_per,48.7
1776005222,bftpd,nsfuzz,4,l_abs,1096
1776005222,bftpd,nsfuzz,4,b_per,35.6
1776005222,bftpd,nsfuzz,4,b_abs,482
1776005432,bftpd,nsfuzz,4,l_per,48.7
1776005432,bftpd,nsfuzz,4,l_abs,1096
1776005432,bftpd,nsfuzz,4,b_per,35.6
1776005432,bftpd,nsfuzz,4,b_abs,482
1776005476,bftpd,nsfuzz,4,l_per,48.7
1776005476,bftpd,nsfuzz,4,l_abs,1096
1776005476,bftpd,nsfuzz,4,b_per,35.6
1776005476,bftpd,nsfuzz,4,b_abs,482
1776006096,bftpd,nsfuzz,4,l_per,48.7
1776006096,bftpd,nsfuzz,4,l_abs,1096
1776006096,bftpd,nsfuzz,4,b_per,35.6
1776006096,bftpd,nsfuzz,4,b_abs,482
1776006100,bftpd,nsfuzz,4,l_per,48.7
1776006100,bftpd,nsfuzz,4,l_abs,1096
1776006100,bftpd,nsfuzz,4,b_per,35.6
1776006100,bftpd,nsfuzz,4,b_abs,482
1776006380,bftpd,nsfuzz,4,l_per,48.7
1776006380,bftpd,nsfuzz,4,l_abs,1096
1776006380,bftpd,nsfuzz,4,b_per,35.6
1776006380,bftpd,nsfuzz,4,b_abs,482
1776006645,bftpd,nsfuzz,4,l_per,48.7
1776006645,bftpd,nsfuzz,4,l_abs,1096
1776006645,bftpd,nsfuzz,4,b_per,35.6
1776006645,bftpd,nsfuzz,4,b_abs,482
1776009237,bftpd,nsfuzz,4,l_per,48.7
1776009237,bftpd,nsfuzz,4,l_abs,1096
1776009237,bftpd,nsfuzz,4,b_per,35.6
1776009237,bftpd,nsfuzz,4,b_abs,482
1776010658,bftpd,nsfuzz,4,l_per,48.7
1776010658,bftpd,nsfuzz,4,l_abs,1096
1776010658,bftpd,nsfuzz,4,b_per,35.6
1776010658,bftpd,nsfuzz,4,b_abs,482
1776013802,bftpd,nsfuzz,4,l_per,48.7
1776013802,bftpd,nsfuzz,4,l_abs,1096
1776013802,bftpd,nsfuzz,4,b_per,35.6
1776013802,bftpd,nsfuzz,4,b_abs,482
1776014685,bftpd,nsfuzz,4,l_per,48.7
1776014685,bftpd,nsfuzz,4,l_abs,1096
1776014685,bftpd,nsfuzz,4,b_per,35.6
1776014685,bftpd,nsfuzz,4,b_abs,482
1776025102,bftpd,nsfuzz,4,l_per,48.7
1776025102,bftpd,nsfuzz,4,l_abs,1096
1776025102,bftpd,nsfuzz,4,b_per,35.6
1776025102,bftpd,nsfuzz,4,b_abs,482
1776025478,bftpd,nsfuzz,4,l_per,48.7
1776025478,bftpd,nsfuzz,4,l_abs,1096
1776025478,bftpd,nsfuzz,4,b_per,35.6
1776025478,bftpd,nsfuzz,4,b_abs,482
1776031560,bftpd,nsfuzz,4,l_per,48.7
1776031560,bftpd,nsfuzz,4,l_abs,1096
1776031560,bftpd,nsfuzz,4,b_per,35.6
1776031560,bftpd,nsfuzz,4,b_abs,482
1776043880,bftpd,nsfuzz,4,l_per,48.7
1776043880,bftpd,nsfuzz,4,l_abs,1096
1776043880,bftpd,nsfuzz,4,b_per,35.6
1776043880,bftpd,nsfuzz,4,b_abs,482
1776054009,bftpd,nsfuzz,4,l_per,48.7
1776054009,bftpd,nsfuzz,4,l_abs,1096
1776054009,bftpd,nsfuzz,4,b_per,35.6
1776054009,bftpd,nsfuzz,4,b_abs,482
1776055900,bftpd,nsfuzz,4,l_per,48.7
1776055900,bftpd,nsfuzz,4,l_abs,1096
1776055900,bftpd,nsfuzz,4,b_per,35.6
1776055900,bftpd,nsfuzz,4,b_abs,482
1776056064,bftpd,nsfuzz,4,l_per,48.7
1776056064,bftpd,nsfuzz,4,l_abs,1096
1776056064,bftpd,nsfuzz,4,b_per,35.6
1776056064,bftpd,nsfuzz,4,b_abs,482
1776056065,bftpd,nsfuzz,4,l_per,48.7
1776056065,bftpd,nsfuzz,4,l_abs,1096
1776056065,bftpd,nsfuzz,4,b_per,35.6
1776056065,bftpd,nsfuzz,4,b_abs,482
1776056066,bftpd,nsfuzz,4,l_per,48.7
1776056066,bftpd,nsfuzz,4,l_abs,1096
1776056066,bftpd,nsfuzz,4,b_per,35.6
1776056066,bftpd,nsfuzz,4,b_abs,482
1776056068,bftpd,nsfuzz,4,l_per,48.7
1776056068,bftpd,nsfuzz,4,l_abs,1096
1776056068,bftpd,nsfuzz,4,b_per,35.6
1776056068,bftpd,nsfuzz,4,b_abs,482
1776056092,bftpd,nsfuzz,4,l_per,48.7
1776056092,bftpd,nsfuzz,4,l_abs,1096
1776056092,bftpd,nsfuzz,4,b_per,35.6
1776056092,bftpd,nsfuzz,4,b_abs,482
1776057212,bftpd,nsfuzz,4,l_per,48.7
1776057212,bftpd,nsfuzz,4,l_abs,1096
1776057212,bftpd,nsfuzz,4,b_per,35.6
1776057212,bftpd,nsfuzz,4,b_abs,482
1776057614,bftpd,nsfuzz,4,l_per,48.7
1776057614,bftpd,nsfuzz,4,l_abs,1096
1776057614,bftpd,nsfuzz,4,b_per,35.6
1776057614,bftpd,nsfuzz,4,b_abs,482
1776058330,bftpd,nsfuzz,4,l_per,48.7
1776058330,bftpd,nsfuzz,4,l_abs,1096
1776058330,bftpd,nsfuzz,4,b_per,35.6
1776058330,bftpd,nsfuzz,4,b_abs,482
1776058331,bftpd,nsfuzz,4,l_per,48.7
1776058331,bftpd,nsfuzz,4,l_abs,1096
1776058331,bftpd,nsfuzz,4,b_per,35.6
1776058331,bftpd,nsfuzz,4,b_abs,482
1776058420,bftpd,nsfuzz,4,l_per,48.7
1776058420,bftpd,nsfuzz,4,l_abs,1096
1776058420,bftpd,nsfuzz,4,b_per,35.6
1776058420,bftpd,nsfuzz,4,b_abs,482
1776058446,bftpd,nsfuzz,4,l_per,48.7
1776058446,bftpd,nsfuzz,4,l_abs,1096
1776058446,bftpd,nsfuzz,4,b_per,35.6
1776058446,bftpd,nsfuzz,4,b_abs,482
1776001090,bftpd,nsfuzz,5,l_per,28.9
1776001090,bftpd,nsfuzz,5,l_abs,647
1776001090,bftpd,nsfuzz,5,b_per,18.5
1776001090,bftpd,nsfuzz,5,b_abs,251
1776001090,bftpd,nsfuzz,5,l_per,29.6
1776001090,bftpd,nsfuzz,5,l_abs,663
1776001090,bftpd,nsfuzz,5,b_per,19.1
1776001090,bftpd,nsfuzz,5,b_abs,258
1776001090,bftpd,nsfuzz,5,l_per,30.3
1776001090,bftpd,nsfuzz,5,l_abs,680
1776001090,bftpd,nsfuzz,5,b_per,19.4
1776001090,bftpd,nsfuzz,5,b_abs,263
1776001090,bftpd,nsfuzz,5,l_per,30.3
1776001090,bftpd,nsfuzz,5,l_abs,680
1776001090,bftpd,nsfuzz,5,b_per,19.4
1776001090,bftpd,nsfuzz,5,b_abs,263
1776001090,bftpd,nsfuzz,5,l_per,33.2
1776001090,bftpd,nsfuzz,5,l_abs,744
1776001090,bftpd,nsfuzz,5,b_per,20.8
1776001090,bftpd,nsfuzz,5,b_abs,281
1776001090,bftpd,nsfuzz,5,l_per,35.2
1776001090,bftpd,nsfuzz,5,l_abs,791
1776001090,bftpd,nsfuzz,5,b_per,22.5
1776001090,bftpd,nsfuzz,5,b_abs,304
1776001090,bftpd,nsfuzz,5,l_per,35.2
1776001090,bftpd,nsfuzz,5,l_abs,791
1776001090,bftpd,nsfuzz,5,b_per,22.5
1776001090,bftpd,nsfuzz,5,b_abs,304
1776001090,bftpd,nsfuzz,5,l_per,35.3
1776001090,bftpd,nsfuzz,5,l_abs,792
1776001090,bftpd,nsfuzz,5,b_per,22.6
1776001090,bftpd,nsfuzz,5,b_abs,306
1776001090,bftpd,nsfuzz,5,l_per,35.4
1776001090,bftpd,nsfuzz,5,l_abs,795
1776001090,bftpd,nsfuzz,5,b_per,22.6
1776001090,bftpd,nsfuzz,5,b_abs,306
1776001090,bftpd,nsfuzz,5,l_per,35.4
1776001090,bftpd,nsfuzz,5,l_abs,795
1776001090,bftpd,nsfuzz,5,b_per,22.6
1776001090,bftpd,nsfuzz,5,b_abs,306
1776001090,bftpd,nsfuzz,5,l_per,35.5
1776001090,bftpd,nsfuzz,5,l_abs,797
1776001090,bftpd,nsfuzz,5,b_per,22.7
1776001090,bftpd,nsfuzz,5,b_abs,307
1776001090,bftpd,nsfuzz,5,l_per,39.8
1776001090,bftpd,nsfuzz,5,l_abs,894
1776001090,bftpd,nsfuzz,5,b_per,26.4
1776001090,bftpd,nsfuzz,5,b_abs,357
1776001090,bftpd,nsfuzz,5,l_per,40.4
1776001090,bftpd,nsfuzz,5,l_abs,908
1776001090,bftpd,nsfuzz,5,b_per,26.7
1776001090,bftpd,nsfuzz,5,b_abs,362
1776001090,bftpd,nsfuzz,5,l_per,40.4
1776001090,bftpd,nsfuzz,5,l_abs,908
1776001090,bftpd,nsfuzz,5,b_per,26.7
1776001090,bftpd,nsfuzz,5,b_abs,362
1776001090,bftpd,nsfuzz,5,l_per,40.4
1776001090,bftpd,nsfuzz,5,l_abs,909
1776001090,bftpd,nsfuzz,5,b_per,26.8
1776001090,bftpd,nsfuzz,5,b_abs,363
1776001090,bftpd,nsfuzz,5,l_per,41.5
1776001090,bftpd,nsfuzz,5,l_abs,933
1776001090,bftpd,nsfuzz,5,b_per,27.5
1776001090,bftpd,nsfuzz,5,b_abs,372
1776001090,bftpd,nsfuzz,5,l_per,41.5
1776001090,bftpd,nsfuzz,5,l_abs,933
1776001090,bftpd,nsfuzz,5,b_per,27.5
1776001090,bftpd,nsfuzz,5,b_abs,372
1776001090,bftpd,nsfuzz,5,l_per,41.8
1776001090,bftpd,nsfuzz,5,l_abs,939
1776001090,bftpd,nsfuzz,5,b_per,27.7
1776001090,bftpd,nsfuzz,5,b_abs,375
1776001090,bftpd,nsfuzz,5,l_per,41.9
1776001090,bftpd,nsfuzz,5,l_abs,942
1776001090,bftpd,nsfuzz,5,b_per,27.8
1776001090,bftpd,nsfuzz,5,b_abs,376
1776001090,bftpd,nsfuzz,5,l_per,41.9
1776001090,bftpd,nsfuzz,5,l_abs,942
1776001090,bftpd,nsfuzz,5,b_per,27.8
1776001090,bftpd,nsfuzz,5,b_abs,376
1776001090,bftpd,nsfuzz,5,l_per,41.9
1776001090,bftpd,nsfuzz,5,l_abs,942
1776001090,bftpd,nsfuzz,5,b_per,27.8
1776001090,bftpd,nsfuzz,5,b_abs,376
1776001090,bftpd,nsfuzz,5,l_per,41.9
1776001090,bftpd,nsfuzz,5,l_abs,942
1776001090,bftpd,nsfuzz,5,b_per,27.8
1776001090,bftpd,nsfuzz,5,b_abs,376
1776001090,bftpd,nsfuzz,5,l_per,41.9
1776001090,bftpd,nsfuzz,5,l_abs,942
1776001090,bftpd,nsfuzz,5,b_per,27.8
1776001090,bftpd,nsfuzz,5,b_abs,376
1776001090,bftpd,nsfuzz,5,l_per,41.9
1776001090,bftpd,nsfuzz,5,l_abs,942
1776001090,bftpd,nsfuzz,5,b_per,27.8
1776001090,bftpd,nsfuzz,5,b_abs,376
1776001090,bftpd,nsfuzz,5,l_per,41.9
1776001090,bftpd,nsfuzz,5,l_abs,942
1776001090,bftpd,nsfuzz,5,b_per,27.8
1776001090,bftpd,nsfuzz,5,b_abs,376
1776001090,bftpd,nsfuzz,5,l_per,41.9
1776001090,bftpd,nsfuzz,5,l_abs,942
1776001090,bftpd,nsfuzz,5,b_per,27.8
1776001090,bftpd,nsfuzz,5,b_abs,376
1776001094,bftpd,nsfuzz,5,l_per,42.1
1776001094,bftpd,nsfuzz,5,l_abs,946
1776001094,bftpd,nsfuzz,5,b_per,28.3
1776001094,bftpd,nsfuzz,5,b_abs,383
1776001094,bftpd,nsfuzz,5,l_per,42.1
1776001094,bftpd,nsfuzz,5,l_abs,946
1776001094,bftpd,nsfuzz,5,b_per,28.3
1776001094,bftpd,nsfuzz,5,b_abs,383
1776001094,bftpd,nsfuzz,5,l_per,42.1
1776001094,bftpd,nsfuzz,5,l_abs,946
1776001094,bftpd,nsfuzz,5,b_per,28.3
1776001094,bftpd,nsfuzz,5,b_abs,383
1776001094,bftpd,nsfuzz,5,l_per,42.3
1776001094,bftpd,nsfuzz,5,l_abs,951
1776001094,bftpd,nsfuzz,5,b_per,28.5
1776001094,bftpd,nsfuzz,5,b_abs,386
1776001094,bftpd,nsfuzz,5,l_per,42.3
1776001094,bftpd,nsfuzz,5,l_abs,951
1776001094,bftpd,nsfuzz,5,b_per,28.5
1776001094,bftpd,nsfuzz,5,b_abs,386
1776001094,bftpd,nsfuzz,5,l_per,42.3
1776001094,bftpd,nsfuzz,5,l_abs,951
1776001094,bftpd,nsfuzz,5,b_per,28.6
1776001094,bftpd,nsfuzz,5,b_abs,387
1776001094,bftpd,nsfuzz,5,l_per,42.3
1776001094,bftpd,nsfuzz,5,l_abs,951
1776001094,bftpd,nsfuzz,5,b_per,28.6
1776001094,bftpd,nsfuzz,5,b_abs,387
1776001094,bftpd,nsfuzz,5,l_per,42.3
1776001094,bftpd,nsfuzz,5,l_abs,951
1776001094,bftpd,nsfuzz,5,b_per,28.6
1776001094,bftpd,nsfuzz,5,b_abs,387
1776001094,bftpd,nsfuzz,5,l_per,42.4
1776001094,bftpd,nsfuzz,5,l_abs,953
1776001094,bftpd,nsfuzz,5,b_per,28.7
1776001094,bftpd,nsfuzz,5,b_abs,388
1776001094,bftpd,nsfuzz,5,l_per,42.4
1776001094,bftpd,nsfuzz,5,l_abs,953
1776001094,bftpd,nsfuzz,5,b_per,28.7
1776001094,bftpd,nsfuzz,5,b_abs,388
1776001095,bftpd,nsfuzz,5,l_per,42.4
1776001095,bftpd,nsfuzz,5,l_abs,953
1776001095,bftpd,nsfuzz,5,b_per,28.7
1776001095,bftpd,nsfuzz,5,b_abs,388
1776001095,bftpd,nsfuzz,5,l_per,42.4
1776001095,bftpd,nsfuzz,5,l_abs,953
1776001095,bftpd,nsfuzz,5,b_per,28.7
1776001095,bftpd,nsfuzz,5,b_abs,388
1776001095,bftpd,nsfuzz,5,l_per,42.4
1776001095,bftpd,nsfuzz,5,l_abs,953
1776001095,bftpd,nsfuzz,5,b_per,28.7
1776001095,bftpd,nsfuzz,5,b_abs,388
1776001095,bftpd,nsfuzz,5,l_per,42.4
1776001095,bftpd,nsfuzz,5,l_abs,953
1776001095,bftpd,nsfuzz,5,b_per,28.7
1776001095,bftpd,nsfuzz,5,b_abs,388
1776001095,bftpd,nsfuzz,5,l_per,42.4
1776001095,bftpd,nsfuzz,5,l_abs,953
1776001095,bftpd,nsfuzz,5,b_per,28.7
1776001095,bftpd,nsfuzz,5,b_abs,388
1776001095,bftpd,nsfuzz,5,l_per,42.4
1776001095,bftpd,nsfuzz,5,l_abs,953
1776001095,bftpd,nsfuzz,5,b_per,28.7
1776001095,bftpd,nsfuzz,5,b_abs,388
1776001095,bftpd,nsfuzz,5,l_per,42.4
1776001095,bftpd,nsfuzz,5,l_abs,953
1776001095,bftpd,nsfuzz,5,b_per,28.7
1776001095,bftpd,nsfuzz,5,b_abs,388
1776001095,bftpd,nsfuzz,5,l_per,42.5
1776001095,bftpd,nsfuzz,5,l_abs,955
1776001095,bftpd,nsfuzz,5,b_per,28.7
1776001095,bftpd,nsfuzz,5,b_abs,389
1776001095,bftpd,nsfuzz,5,l_per,42.5
1776001095,bftpd,nsfuzz,5,l_abs,955
1776001095,bftpd,nsfuzz,5,b_per,28.7
1776001095,bftpd,nsfuzz,5,b_abs,389
1776001095,bftpd,nsfuzz,5,l_per,42.5
1776001095,bftpd,nsfuzz,5,l_abs,955
1776001095,bftpd,nsfuzz,5,b_per,28.7
1776001095,bftpd,nsfuzz,5,b_abs,389
1776001095,bftpd,nsfuzz,5,l_per,42.5
1776001095,bftpd,nsfuzz,5,l_abs,955
1776001095,bftpd,nsfuzz,5,b_per,28.7
1776001095,bftpd,nsfuzz,5,b_abs,389
1776001095,bftpd,nsfuzz,5,l_per,42.5
1776001095,bftpd,nsfuzz,5,l_abs,955
1776001095,bftpd,nsfuzz,5,b_per,28.7
1776001095,bftpd,nsfuzz,5,b_abs,389
1776001096,bftpd,nsfuzz,5,l_per,42.5
1776001096,bftpd,nsfuzz,5,l_abs,955
1776001096,bftpd,nsfuzz,5,b_per,28.7
1776001096,bftpd,nsfuzz,5,b_abs,389
1776001096,bftpd,nsfuzz,5,l_per,42.6
1776001096,bftpd,nsfuzz,5,l_abs,957
1776001096,bftpd,nsfuzz,5,b_per,28.8
1776001096,bftpd,nsfuzz,5,b_abs,390
1776001096,bftpd,nsfuzz,5,l_per,42.6
1776001096,bftpd,nsfuzz,5,l_abs,957
1776001096,bftpd,nsfuzz,5,b_per,28.8
1776001096,bftpd,nsfuzz,5,b_abs,390
1776001096,bftpd,nsfuzz,5,l_per,42.6
1776001096,bftpd,nsfuzz,5,l_abs,957
1776001096,bftpd,nsfuzz,5,b_per,28.8
1776001096,bftpd,nsfuzz,5,b_abs,390
1776001096,bftpd,nsfuzz,5,l_per,42.6
1776001096,bftpd,nsfuzz,5,l_abs,957
1776001096,bftpd,nsfuzz,5,b_per,28.8
1776001096,bftpd,nsfuzz,5,b_abs,390
1776001096,bftpd,nsfuzz,5,l_per,42.6
1776001096,bftpd,nsfuzz,5,l_abs,957
1776001096,bftpd,nsfuzz,5,b_per,28.8
1776001096,bftpd,nsfuzz,5,b_abs,390
1776001096,bftpd,nsfuzz,5,l_per,42.6
1776001096,bftpd,nsfuzz,5,l_abs,957
1776001096,bftpd,nsfuzz,5,b_per,28.8
1776001096,bftpd,nsfuzz,5,b_abs,390
1776001097,bftpd,nsfuzz,5,l_per,42.6
1776001097,bftpd,nsfuzz,5,l_abs,957
1776001097,bftpd,nsfuzz,5,b_per,28.8
1776001097,bftpd,nsfuzz,5,b_abs,390
1776001097,bftpd,nsfuzz,5,l_per,42.6
1776001097,bftpd,nsfuzz,5,l_abs,957
1776001097,bftpd,nsfuzz,5,b_per,28.8
1776001097,bftpd,nsfuzz,5,b_abs,390
1776001097,bftpd,nsfuzz,5,l_per,42.6
1776001097,bftpd,nsfuzz,5,l_abs,957
1776001097,bftpd,nsfuzz,5,b_per,28.8
1776001097,bftpd,nsfuzz,5,b_abs,390
1776001097,bftpd,nsfuzz,5,l_per,42.6
1776001097,bftpd,nsfuzz,5,l_abs,957
1776001097,bftpd,nsfuzz,5,b_per,28.8
1776001097,bftpd,nsfuzz,5,b_abs,390
1776001097,bftpd,nsfuzz,5,l_per,42.6
1776001097,bftpd,nsfuzz,5,l_abs,957
1776001097,bftpd,nsfuzz,5,b_per,28.8
1776001097,bftpd,nsfuzz,5,b_abs,390
1776001098,bftpd,nsfuzz,5,l_per,42.7
1776001098,bftpd,nsfuzz,5,l_abs,959
1776001098,bftpd,nsfuzz,5,b_per,28.9
1776001098,bftpd,nsfuzz,5,b_abs,391
1776001098,bftpd,nsfuzz,5,l_per,42.7
1776001098,bftpd,nsfuzz,5,l_abs,959
1776001098,bftpd,nsfuzz,5,b_per,28.9
1776001098,bftpd,nsfuzz,5,b_abs,391
1776001098,bftpd,nsfuzz,5,l_per,42.7
1776001098,bftpd,nsfuzz,5,l_abs,961
1776001098,bftpd,nsfuzz,5,b_per,29.0
1776001098,bftpd,nsfuzz,5,b_abs,393
1776001098,bftpd,nsfuzz,5,l_per,42.7
1776001098,bftpd,nsfuzz,5,l_abs,961
1776001098,bftpd,nsfuzz,5,b_per,29.0
1776001098,bftpd,nsfuzz,5,b_abs,393
1776001098,bftpd,nsfuzz,5,l_per,42.7
1776001098,bftpd,nsfuzz,5,l_abs,961
1776001098,bftpd,nsfuzz,5,b_per,29.0
1776001098,bftpd,nsfuzz,5,b_abs,393
1776001098,bftpd,nsfuzz,5,l_per,42.7
1776001098,bftpd,nsfuzz,5,l_abs,961
1776001098,bftpd,nsfuzz,5,b_per,29.0
1776001098,bftpd,nsfuzz,5,b_abs,393
1776001099,bftpd,nsfuzz,5,l_per,42.7
1776001099,bftpd,nsfuzz,5,l_abs,961
1776001099,bftpd,nsfuzz,5,b_per,29.0
1776001099,bftpd,nsfuzz,5,b_abs,393
1776001099,bftpd,nsfuzz,5,l_per,42.7
1776001099,bftpd,nsfuzz,5,l_abs,961
1776001099,bftpd,nsfuzz,5,b_per,29.0
1776001099,bftpd,nsfuzz,5,b_abs,393
1776001099,bftpd,nsfuzz,5,l_per,42.7
1776001099,bftpd,nsfuzz,5,l_abs,961
1776001099,bftpd,nsfuzz,5,b_per,29.0
1776001099,bftpd,nsfuzz,5,b_abs,393
1776001099,bftpd,nsfuzz,5,l_per,42.7
1776001099,bftpd,nsfuzz,5,l_abs,961
1776001099,bftpd,nsfuzz,5,b_per,29.0
1776001099,bftpd,nsfuzz,5,b_abs,393
1776001099,bftpd,nsfuzz,5,l_per,43.1
1776001099,bftpd,nsfuzz,5,l_abs,968
1776001099,bftpd,nsfuzz,5,b_per,29.5
1776001099,bftpd,nsfuzz,5,b_abs,400
1776001099,bftpd,nsfuzz,5,l_per,43.1
1776001099,bftpd,nsfuzz,5,l_abs,968
1776001099,bftpd,nsfuzz,5,b_per,29.5
1776001099,bftpd,nsfuzz,5,b_abs,400
1776001099,bftpd,nsfuzz,5,l_per,43.1
1776001099,bftpd,nsfuzz,5,l_abs,968
1776001099,bftpd,nsfuzz,5,b_per,29.5
1776001099,bftpd,nsfuzz,5,b_abs,400
1776001100,bftpd,nsfuzz,5,l_per,43.1
1776001100,bftpd,nsfuzz,5,l_abs,968
1776001100,bftpd,nsfuzz,5,b_per,29.5
1776001100,bftpd,nsfuzz,5,b_abs,400
1776001100,bftpd,nsfuzz,5,l_per,43.1
1776001100,bftpd,nsfuzz,5,l_abs,968
1776001100,bftpd,nsfuzz,5,b_per,29.5
1776001100,bftpd,nsfuzz,5,b_abs,400
1776001100,bftpd,nsfuzz,5,l_per,43.1
1776001100,bftpd,nsfuzz,5,l_abs,968
1776001100,bftpd,nsfuzz,5,b_per,29.5
1776001100,bftpd,nsfuzz,5,b_abs,400
1776001100,bftpd,nsfuzz,5,l_per,43.1
1776001100,bftpd,nsfuzz,5,l_abs,968
1776001100,bftpd,nsfuzz,5,b_per,29.5
1776001100,bftpd,nsfuzz,5,b_abs,400
1776001101,bftpd,nsfuzz,5,l_per,43.1
1776001101,bftpd,nsfuzz,5,l_abs,968
1776001101,bftpd,nsfuzz,5,b_per,29.5
1776001101,bftpd,nsfuzz,5,b_abs,400
1776001101,bftpd,nsfuzz,5,l_per,43.1
1776001101,bftpd,nsfuzz,5,l_abs,968
1776001101,bftpd,nsfuzz,5,b_per,29.5
1776001101,bftpd,nsfuzz,5,b_abs,400
1776001101,bftpd,nsfuzz,5,l_per,43.1
1776001101,bftpd,nsfuzz,5,l_abs,968
1776001101,bftpd,nsfuzz,5,b_per,29.5
1776001101,bftpd,nsfuzz,5,b_abs,400
1776001101,bftpd,nsfuzz,5,l_per,43.1
1776001101,bftpd,nsfuzz,5,l_abs,968
1776001101,bftpd,nsfuzz,5,b_per,29.6
1776001101,bftpd,nsfuzz,5,b_abs,401
1776001102,bftpd,nsfuzz,5,l_per,43.1
1776001102,bftpd,nsfuzz,5,l_abs,968
1776001102,bftpd,nsfuzz,5,b_per,29.6
1776001102,bftpd,nsfuzz,5,b_abs,401
1776001102,bftpd,nsfuzz,5,l_per,43.1
1776001102,bftpd,nsfuzz,5,l_abs,968
1776001102,bftpd,nsfuzz,5,b_per,29.6
1776001102,bftpd,nsfuzz,5,b_abs,401
1776001102,bftpd,nsfuzz,5,l_per,43.1
1776001102,bftpd,nsfuzz,5,l_abs,968
1776001102,bftpd,nsfuzz,5,b_per,29.6
1776001102,bftpd,nsfuzz,5,b_abs,401
1776001102,bftpd,nsfuzz,5,l_per,43.1
1776001102,bftpd,nsfuzz,5,l_abs,968
1776001102,bftpd,nsfuzz,5,b_per,29.6
1776001102,bftpd,nsfuzz,5,b_abs,401
1776001103,bftpd,nsfuzz,5,l_per,43.1
1776001103,bftpd,nsfuzz,5,l_abs,968
1776001103,bftpd,nsfuzz,5,b_per,29.6
1776001103,bftpd,nsfuzz,5,b_abs,401
1776001103,bftpd,nsfuzz,5,l_per,43.1
1776001103,bftpd,nsfuzz,5,l_abs,969
1776001103,bftpd,nsfuzz,5,b_per,29.7
1776001103,bftpd,nsfuzz,5,b_abs,402
1776001103,bftpd,nsfuzz,5,l_per,43.1
1776001103,bftpd,nsfuzz,5,l_abs,969
1776001103,bftpd,nsfuzz,5,b_per,29.7
1776001103,bftpd,nsfuzz,5,b_abs,402
1776001103,bftpd,nsfuzz,5,l_per,43.1
1776001103,bftpd,nsfuzz,5,l_abs,969
1776001103,bftpd,nsfuzz,5,b_per,29.7
1776001103,bftpd,nsfuzz,5,b_abs,402
1776001103,bftpd,nsfuzz,5,l_per,43.1
1776001103,bftpd,nsfuzz,5,l_abs,969
1776001103,bftpd,nsfuzz,5,b_per,29.7
1776001103,bftpd,nsfuzz,5,b_abs,402
1776001104,bftpd,nsfuzz,5,l_per,43.1
1776001104,bftpd,nsfuzz,5,l_abs,969
1776001104,bftpd,nsfuzz,5,b_per,29.7
1776001104,bftpd,nsfuzz,5,b_abs,402
1776001104,bftpd,nsfuzz,5,l_per,43.5
1776001104,bftpd,nsfuzz,5,l_abs,978
1776001104,bftpd,nsfuzz,5,b_per,29.9
1776001104,bftpd,nsfuzz,5,b_abs,405
1776001104,bftpd,nsfuzz,5,l_per,43.6
1776001104,bftpd,nsfuzz,5,l_abs,980
1776001104,bftpd,nsfuzz,5,b_per,30.2
1776001104,bftpd,nsfuzz,5,b_abs,409
1776001105,bftpd,nsfuzz,5,l_per,43.6
1776001105,bftpd,nsfuzz,5,l_abs,980
1776001105,bftpd,nsfuzz,5,b_per,30.2
1776001105,bftpd,nsfuzz,5,b_abs,409
1776001105,bftpd,nsfuzz,5,l_per,43.6
1776001105,bftpd,nsfuzz,5,l_abs,981
1776001105,bftpd,nsfuzz,5,b_per,30.3
1776001105,bftpd,nsfuzz,5,b_abs,410
1776001105,bftpd,nsfuzz,5,l_per,43.6
1776001105,bftpd,nsfuzz,5,l_abs,981
1776001105,bftpd,nsfuzz,5,b_per,30.3
1776001105,bftpd,nsfuzz,5,b_abs,410
1776001106,bftpd,nsfuzz,5,l_per,43.6
1776001106,bftpd,nsfuzz,5,l_abs,981
1776001106,bftpd,nsfuzz,5,b_per,30.3
1776001106,bftpd,nsfuzz,5,b_abs,410
1776001106,bftpd,nsfuzz,5,l_per,43.6
1776001106,bftpd,nsfuzz,5,l_abs,981
1776001106,bftpd,nsfuzz,5,b_per,30.3
1776001106,bftpd,nsfuzz,5,b_abs,410
1776001106,bftpd,nsfuzz,5,l_per,43.6
1776001106,bftpd,nsfuzz,5,l_abs,981
1776001106,bftpd,nsfuzz,5,b_per,30.3
1776001106,bftpd,nsfuzz,5,b_abs,410
1776001106,bftpd,nsfuzz,5,l_per,43.6
1776001106,bftpd,nsfuzz,5,l_abs,981
1776001106,bftpd,nsfuzz,5,b_per,30.3
1776001106,bftpd,nsfuzz,5,b_abs,410
1776001107,bftpd,nsfuzz,5,l_per,43.6
1776001107,bftpd,nsfuzz,5,l_abs,981
1776001107,bftpd,nsfuzz,5,b_per,30.3
1776001107,bftpd,nsfuzz,5,b_abs,410
1776001107,bftpd,nsfuzz,5,l_per,43.6
1776001107,bftpd,nsfuzz,5,l_abs,981
1776001107,bftpd,nsfuzz,5,b_per,30.3
1776001107,bftpd,nsfuzz,5,b_abs,410
1776001107,bftpd,nsfuzz,5,l_per,43.7
1776001107,bftpd,nsfuzz,5,l_abs,983
1776001107,bftpd,nsfuzz,5,b_per,30.4
1776001107,bftpd,nsfuzz,5,b_abs,411
1776001107,bftpd,nsfuzz,5,l_per,43.7
1776001107,bftpd,nsfuzz,5,l_abs,983
1776001107,bftpd,nsfuzz,5,b_per,30.4
1776001107,bftpd,nsfuzz,5,b_abs,411
1776001107,bftpd,nsfuzz,5,l_per,43.7
1776001107,bftpd,nsfuzz,5,l_abs,983
1776001107,bftpd,nsfuzz,5,b_per,30.4
1776001107,bftpd,nsfuzz,5,b_abs,411
1776001107,bftpd,nsfuzz,5,l_per,43.7
1776001107,bftpd,nsfuzz,5,l_abs,983
1776001107,bftpd,nsfuzz,5,b_per,30.4
1776001107,bftpd,nsfuzz,5,b_abs,411
1776001107,bftpd,nsfuzz,5,l_per,43.7
1776001107,bftpd,nsfuzz,5,l_abs,983
1776001107,bftpd,nsfuzz,5,b_per,30.4
1776001107,bftpd,nsfuzz,5,b_abs,411
1776001107,bftpd,nsfuzz,5,l_per,43.7
1776001107,bftpd,nsfuzz,5,l_abs,983
1776001107,bftpd,nsfuzz,5,b_per,30.4
1776001107,bftpd,nsfuzz,5,b_abs,411
1776001108,bftpd,nsfuzz,5,l_per,43.7
1776001108,bftpd,nsfuzz,5,l_abs,983
1776001108,bftpd,nsfuzz,5,b_per,30.4
1776001108,bftpd,nsfuzz,5,b_abs,412
1776001108,bftpd,nsfuzz,5,l_per,43.7
1776001108,bftpd,nsfuzz,5,l_abs,983
1776001108,bftpd,nsfuzz,5,b_per,30.4
1776001108,bftpd,nsfuzz,5,b_abs,412
1776001108,bftpd,nsfuzz,5,l_per,44.0
1776001108,bftpd,nsfuzz,5,l_abs,988
1776001108,bftpd,nsfuzz,5,b_per,30.6
1776001108,bftpd,nsfuzz,5,b_abs,414
1776001108,bftpd,nsfuzz,5,l_per,44.0
1776001108,bftpd,nsfuzz,5,l_abs,988
1776001108,bftpd,nsfuzz,5,b_per,30.6
1776001108,bftpd,nsfuzz,5,b_abs,414
1776001108,bftpd,nsfuzz,5,l_per,44.0
1776001108,bftpd,nsfuzz,5,l_abs,988
1776001108,bftpd,nsfuzz,5,b_per,30.6
1776001108,bftpd,nsfuzz,5,b_abs,414
1776001109,bftpd,nsfuzz,5,l_per,44.0
1776001109,bftpd,nsfuzz,5,l_abs,988
1776001109,bftpd,nsfuzz,5,b_per,30.6
1776001109,bftpd,nsfuzz,5,b_abs,414
1776001109,bftpd,nsfuzz,5,l_per,44.0
1776001109,bftpd,nsfuzz,5,l_abs,988
1776001109,bftpd,nsfuzz,5,b_per,30.6
1776001109,bftpd,nsfuzz,5,b_abs,414
1776001109,bftpd,nsfuzz,5,l_per,44.0
1776001109,bftpd,nsfuzz,5,l_abs,988
1776001109,bftpd,nsfuzz,5,b_per,30.6
1776001109,bftpd,nsfuzz,5,b_abs,414
1776001109,bftpd,nsfuzz,5,l_per,44.0
1776001109,bftpd,nsfuzz,5,l_abs,988
1776001109,bftpd,nsfuzz,5,b_per,30.6
1776001109,bftpd,nsfuzz,5,b_abs,414
1776001110,bftpd,nsfuzz,5,l_per,44.0
1776001110,bftpd,nsfuzz,5,l_abs,988
1776001110,bftpd,nsfuzz,5,b_per,30.6
1776001110,bftpd,nsfuzz,5,b_abs,414
1776001110,bftpd,nsfuzz,5,l_per,44.0
1776001110,bftpd,nsfuzz,5,l_abs,988
1776001110,bftpd,nsfuzz,5,b_per,30.6
1776001110,bftpd,nsfuzz,5,b_abs,414
1776001110,bftpd,nsfuzz,5,l_per,44.0
1776001110,bftpd,nsfuzz,5,l_abs,988
1776001110,bftpd,nsfuzz,5,b_per,30.6
1776001110,bftpd,nsfuzz,5,b_abs,414
1776001111,bftpd,nsfuzz,5,l_per,44.0
1776001111,bftpd,nsfuzz,5,l_abs,988
1776001111,bftpd,nsfuzz,5,b_per,30.6
1776001111,bftpd,nsfuzz,5,b_abs,414
1776001111,bftpd,nsfuzz,5,l_per,44.0
1776001111,bftpd,nsfuzz,5,l_abs,988
1776001111,bftpd,nsfuzz,5,b_per,30.6
1776001111,bftpd,nsfuzz,5,b_abs,414
1776001111,bftpd,nsfuzz,5,l_per,44.0
1776001111,bftpd,nsfuzz,5,l_abs,988
1776001111,bftpd,nsfuzz,5,b_per,30.6
1776001111,bftpd,nsfuzz,5,b_abs,414
1776001112,bftpd,nsfuzz,5,l_per,44.0
1776001112,bftpd,nsfuzz,5,l_abs,988
1776001112,bftpd,nsfuzz,5,b_per,30.6
1776001112,bftpd,nsfuzz,5,b_abs,414
1776001112,bftpd,nsfuzz,5,l_per,44.0
1776001112,bftpd,nsfuzz,5,l_abs,988
1776001112,bftpd,nsfuzz,5,b_per,30.6
1776001112,bftpd,nsfuzz,5,b_abs,414
1776001112,bftpd,nsfuzz,5,l_per,44.1
1776001112,bftpd,nsfuzz,5,l_abs,992
1776001112,bftpd,nsfuzz,5,b_per,30.6
1776001112,bftpd,nsfuzz,5,b_abs,415
1776001112,bftpd,nsfuzz,5,l_per,44.1
1776001112,bftpd,nsfuzz,5,l_abs,992
1776001112,bftpd,nsfuzz,5,b_per,30.6
1776001112,bftpd,nsfuzz,5,b_abs,415
1776001113,bftpd,nsfuzz,5,l_per,44.1
1776001113,bftpd,nsfuzz,5,l_abs,992
1776001113,bftpd,nsfuzz,5,b_per,30.6
1776001113,bftpd,nsfuzz,5,b_abs,415
1776001113,bftpd,nsfuzz,5,l_per,44.1
1776001113,bftpd,nsfuzz,5,l_abs,992
1776001113,bftpd,nsfuzz,5,b_per,30.6
1776001113,bftpd,nsfuzz,5,b_abs,415
1776001113,bftpd,nsfuzz,5,l_per,44.1
1776001113,bftpd,nsfuzz,5,l_abs,992
1776001113,bftpd,nsfuzz,5,b_per,30.6
1776001113,bftpd,nsfuzz,5,b_abs,415
1776001114,bftpd,nsfuzz,5,l_per,44.1
1776001114,bftpd,nsfuzz,5,l_abs,992
1776001114,bftpd,nsfuzz,5,b_per,30.6
1776001114,bftpd,nsfuzz,5,b_abs,415
1776001114,bftpd,nsfuzz,5,l_per,44.1
1776001114,bftpd,nsfuzz,5,l_abs,992
1776001114,bftpd,nsfuzz,5,b_per,30.6
1776001114,bftpd,nsfuzz,5,b_abs,415
1776001114,bftpd,nsfuzz,5,l_per,44.3
1776001114,bftpd,nsfuzz,5,l_abs,996
1776001114,bftpd,nsfuzz,5,b_per,30.6
1776001114,bftpd,nsfuzz,5,b_abs,415
1776001115,bftpd,nsfuzz,5,l_per,44.3
1776001115,bftpd,nsfuzz,5,l_abs,996
1776001115,bftpd,nsfuzz,5,b_per,30.6
1776001115,bftpd,nsfuzz,5,b_abs,415
1776001115,bftpd,nsfuzz,5,l_per,44.7
1776001115,bftpd,nsfuzz,5,l_abs,1006
1776001115,bftpd,nsfuzz,5,b_per,31.0
1776001115,bftpd,nsfuzz,5,b_abs,420
1776001115,bftpd,nsfuzz,5,l_per,44.7
1776001115,bftpd,nsfuzz,5,l_abs,1006
1776001115,bftpd,nsfuzz,5,b_per,31.1
1776001115,bftpd,nsfuzz,5,b_abs,421
1776001115,bftpd,nsfuzz,5,l_per,44.7
1776001115,bftpd,nsfuzz,5,l_abs,1006
1776001115,bftpd,nsfuzz,5,b_per,31.1
1776001115,bftpd,nsfuzz,5,b_abs,421
1776001115,bftpd,nsfuzz,5,l_per,44.7
1776001115,bftpd,nsfuzz,5,l_abs,1006
1776001115,bftpd,nsfuzz,5,b_per,31.1
1776001115,bftpd,nsfuzz,5,b_abs,421
1776001116,bftpd,nsfuzz,5,l_per,44.8
1776001116,bftpd,nsfuzz,5,l_abs,1007
1776001116,bftpd,nsfuzz,5,b_per,31.2
1776001116,bftpd,nsfuzz,5,b_abs,422
1776001116,bftpd,nsfuzz,5,l_per,44.8
1776001116,bftpd,nsfuzz,5,l_abs,1007
1776001116,bftpd,nsfuzz,5,b_per,31.2
1776001116,bftpd,nsfuzz,5,b_abs,422
1776001116,bftpd,nsfuzz,5,l_per,45.0
1776001116,bftpd,nsfuzz,5,l_abs,1013
1776001116,bftpd,nsfuzz,5,b_per,31.4
1776001116,bftpd,nsfuzz,5,b_abs,425
1776001117,bftpd,nsfuzz,5,l_per,45.0
1776001117,bftpd,nsfuzz,5,l_abs,1013
1776001117,bftpd,nsfuzz,5,b_per,31.4
1776001117,bftpd,nsfuzz,5,b_abs,425
1776001117,bftpd,nsfuzz,5,l_per,45.0
1776001117,bftpd,nsfuzz,5,l_abs,1013
1776001117,bftpd,nsfuzz,5,b_per,31.4
1776001117,bftpd,nsfuzz,5,b_abs,425
1776001117,bftpd,nsfuzz,5,l_per,45.2
1776001117,bftpd,nsfuzz,5,l_abs,1018
1776001117,bftpd,nsfuzz,5,b_per,31.5
1776001117,bftpd,nsfuzz,5,b_abs,427
1776001117,bftpd,nsfuzz,5,l_per,45.3
1776001117,bftpd,nsfuzz,5,l_abs,1019
1776001117,bftpd,nsfuzz,5,b_per,31.6
1776001117,bftpd,nsfuzz,5,b_abs,428
1776001118,bftpd,nsfuzz,5,l_per,45.3
1776001118,bftpd,nsfuzz,5,l_abs,1019
1776001118,bftpd,nsfuzz,5,b_per,31.6
1776001118,bftpd,nsfuzz,5,b_abs,428
1776001118,bftpd,nsfuzz,5,l_per,45.3
1776001118,bftpd,nsfuzz,5,l_abs,1019
1776001118,bftpd,nsfuzz,5,b_per,31.6
1776001118,bftpd,nsfuzz,5,b_abs,428
1776001118,bftpd,nsfuzz,5,l_per,45.3
1776001118,bftpd,nsfuzz,5,l_abs,1019
1776001118,bftpd,nsfuzz,5,b_per,31.6
1776001118,bftpd,nsfuzz,5,b_abs,428
1776001119,bftpd,nsfuzz,5,l_per,45.3
1776001119,bftpd,nsfuzz,5,l_abs,1019
1776001119,bftpd,nsfuzz,5,b_per,31.6
1776001119,bftpd,nsfuzz,5,b_abs,428
1776001119,bftpd,nsfuzz,5,l_per,45.5
1776001119,bftpd,nsfuzz,5,l_abs,1023
1776001119,bftpd,nsfuzz,5,b_per,31.8
1776001119,bftpd,nsfuzz,5,b_abs,431
1776001119,bftpd,nsfuzz,5,l_per,45.5
1776001119,bftpd,nsfuzz,5,l_abs,1023
1776001119,bftpd,nsfuzz,5,b_per,31.8
1776001119,bftpd,nsfuzz,5,b_abs,431
1776001119,bftpd,nsfuzz,5,l_per,45.5
1776001119,bftpd,nsfuzz,5,l_abs,1023
1776001119,bftpd,nsfuzz,5,b_per,31.9
1776001119,bftpd,nsfuzz,5,b_abs,432
1776001119,bftpd,nsfuzz,5,l_per,45.5
1776001119,bftpd,nsfuzz,5,l_abs,1023
1776001119,bftpd,nsfuzz,5,b_per,31.9
1776001119,bftpd,nsfuzz,5,b_abs,432
1776001120,bftpd,nsfuzz,5,l_per,45.5
1776001120,bftpd,nsfuzz,5,l_abs,1023
1776001120,bftpd,nsfuzz,5,b_per,31.9
1776001120,bftpd,nsfuzz,5,b_abs,432
1776001120,bftpd,nsfuzz,5,l_per,45.5
1776001120,bftpd,nsfuzz,5,l_abs,1023
1776001120,bftpd,nsfuzz,5,b_per,32.0
1776001120,bftpd,nsfuzz,5,b_abs,433
1776001120,bftpd,nsfuzz,5,l_per,45.5
1776001120,bftpd,nsfuzz,5,l_abs,1023
1776001120,bftpd,nsfuzz,5,b_per,32.0
1776001120,bftpd,nsfuzz,5,b_abs,433
1776001120,bftpd,nsfuzz,5,l_per,45.5
1776001120,bftpd,nsfuzz,5,l_abs,1023
1776001120,bftpd,nsfuzz,5,b_per,32.0
1776001120,bftpd,nsfuzz,5,b_abs,433
1776001121,bftpd,nsfuzz,5,l_per,45.5
1776001121,bftpd,nsfuzz,5,l_abs,1023
1776001121,bftpd,nsfuzz,5,b_per,32.0
1776001121,bftpd,nsfuzz,5,b_abs,433
1776001121,bftpd,nsfuzz,5,l_per,45.5
1776001121,bftpd,nsfuzz,5,l_abs,1023
1776001121,bftpd,nsfuzz,5,b_per,32.0
1776001121,bftpd,nsfuzz,5,b_abs,433
1776001122,bftpd,nsfuzz,5,l_per,45.6
1776001122,bftpd,nsfuzz,5,l_abs,1026
1776001122,bftpd,nsfuzz,5,b_per,32.1
1776001122,bftpd,nsfuzz,5,b_abs,434
1776001122,bftpd,nsfuzz,5,l_per,45.6
1776001122,bftpd,nsfuzz,5,l_abs,1026
1776001122,bftpd,nsfuzz,5,b_per,32.1
1776001122,bftpd,nsfuzz,5,b_abs,434
1776001122,bftpd,nsfuzz,5,l_per,45.6
1776001122,bftpd,nsfuzz,5,l_abs,1026
1776001122,bftpd,nsfuzz,5,b_per,32.1
1776001122,bftpd,nsfuzz,5,b_abs,434
1776001122,bftpd,nsfuzz,5,l_per,45.6
1776001122,bftpd,nsfuzz,5,l_abs,1026
1776001122,bftpd,nsfuzz,5,b_per,32.1
1776001122,bftpd,nsfuzz,5,b_abs,434
1776001122,bftpd,nsfuzz,5,l_per,45.6
1776001122,bftpd,nsfuzz,5,l_abs,1026
1776001122,bftpd,nsfuzz,5,b_per,32.1
1776001122,bftpd,nsfuzz,5,b_abs,434
1776001124,bftpd,nsfuzz,5,l_per,45.6
1776001124,bftpd,nsfuzz,5,l_abs,1026
1776001124,bftpd,nsfuzz,5,b_per,32.1
1776001124,bftpd,nsfuzz,5,b_abs,434
1776001125,bftpd,nsfuzz,5,l_per,45.6
1776001125,bftpd,nsfuzz,5,l_abs,1026
1776001125,bftpd,nsfuzz,5,b_per,32.1
1776001125,bftpd,nsfuzz,5,b_abs,434
1776001125,bftpd,nsfuzz,5,l_per,45.6
1776001125,bftpd,nsfuzz,5,l_abs,1026
1776001125,bftpd,nsfuzz,5,b_per,32.1
1776001125,bftpd,nsfuzz,5,b_abs,434
1776001125,bftpd,nsfuzz,5,l_per,45.6
1776001125,bftpd,nsfuzz,5,l_abs,1026
1776001125,bftpd,nsfuzz,5,b_per,32.1
1776001125,bftpd,nsfuzz,5,b_abs,434
1776001127,bftpd,nsfuzz,5,l_per,45.6
1776001127,bftpd,nsfuzz,5,l_abs,1026
1776001127,bftpd,nsfuzz,5,b_per,32.1
1776001127,bftpd,nsfuzz,5,b_abs,434
1776001128,bftpd,nsfuzz,5,l_per,45.6
1776001128,bftpd,nsfuzz,5,l_abs,1026
1776001128,bftpd,nsfuzz,5,b_per,32.1
1776001128,bftpd,nsfuzz,5,b_abs,434
1776001128,bftpd,nsfuzz,5,l_per,45.6
1776001128,bftpd,nsfuzz,5,l_abs,1026
1776001128,bftpd,nsfuzz,5,b_per,32.1
1776001128,bftpd,nsfuzz,5,b_abs,434
1776001128,bftpd,nsfuzz,5,l_per,45.6
1776001128,bftpd,nsfuzz,5,l_abs,1026
1776001128,bftpd,nsfuzz,5,b_per,32.1
1776001128,bftpd,nsfuzz,5,b_abs,434
1776001129,bftpd,nsfuzz,5,l_per,45.9
1776001129,bftpd,nsfuzz,5,l_abs,1033
1776001129,bftpd,nsfuzz,5,b_per,32.3
1776001129,bftpd,nsfuzz,5,b_abs,437
1776001129,bftpd,nsfuzz,5,l_per,45.9
1776001129,bftpd,nsfuzz,5,l_abs,1033
1776001129,bftpd,nsfuzz,5,b_per,32.3
1776001129,bftpd,nsfuzz,5,b_abs,437
1776001133,bftpd,nsfuzz,5,l_per,45.9
1776001133,bftpd,nsfuzz,5,l_abs,1033
1776001133,bftpd,nsfuzz,5,b_per,32.3
1776001133,bftpd,nsfuzz,5,b_abs,437
1776001134,bftpd,nsfuzz,5,l_per,45.9
1776001134,bftpd,nsfuzz,5,l_abs,1033
1776001134,bftpd,nsfuzz,5,b_per,32.3
1776001134,bftpd,nsfuzz,5,b_abs,437
1776001134,bftpd,nsfuzz,5,l_per,45.9
1776001134,bftpd,nsfuzz,5,l_abs,1033
1776001134,bftpd,nsfuzz,5,b_per,32.3
1776001134,bftpd,nsfuzz,5,b_abs,437
1776001135,bftpd,nsfuzz,5,l_per,45.9
1776001135,bftpd,nsfuzz,5,l_abs,1033
1776001135,bftpd,nsfuzz,5,b_per,32.3
1776001135,bftpd,nsfuzz,5,b_abs,437
1776001135,bftpd,nsfuzz,5,l_per,45.9
1776001135,bftpd,nsfuzz,5,l_abs,1033
1776001135,bftpd,nsfuzz,5,b_per,32.3
1776001135,bftpd,nsfuzz,5,b_abs,437
1776001135,bftpd,nsfuzz,5,l_per,45.9
1776001135,bftpd,nsfuzz,5,l_abs,1033
1776001135,bftpd,nsfuzz,5,b_per,32.3
1776001135,bftpd,nsfuzz,5,b_abs,437
1776001136,bftpd,nsfuzz,5,l_per,45.9
1776001136,bftpd,nsfuzz,5,l_abs,1033
1776001136,bftpd,nsfuzz,5,b_per,32.3
1776001136,bftpd,nsfuzz,5,b_abs,437
1776001137,bftpd,nsfuzz,5,l_per,45.9
1776001137,bftpd,nsfuzz,5,l_abs,1033
1776001137,bftpd,nsfuzz,5,b_per,32.3
1776001137,bftpd,nsfuzz,5,b_abs,437
1776001137,bftpd,nsfuzz,5,l_per,46.0
1776001137,bftpd,nsfuzz,5,l_abs,1035
1776001137,bftpd,nsfuzz,5,b_per,32.3
1776001137,bftpd,nsfuzz,5,b_abs,438
1776001138,bftpd,nsfuzz,5,l_per,46.0
1776001138,bftpd,nsfuzz,5,l_abs,1035
1776001138,bftpd,nsfuzz,5,b_per,32.3
1776001138,bftpd,nsfuzz,5,b_abs,438
1776001138,bftpd,nsfuzz,5,l_per,46.0
1776001138,bftpd,nsfuzz,5,l_abs,1035
1776001138,bftpd,nsfuzz,5,b_per,32.3
1776001138,bftpd,nsfuzz,5,b_abs,438
1776001139,bftpd,nsfuzz,5,l_per,46.0
1776001139,bftpd,nsfuzz,5,l_abs,1035
1776001139,bftpd,nsfuzz,5,b_per,32.3
1776001139,bftpd,nsfuzz,5,b_abs,438
1776001142,bftpd,nsfuzz,5,l_per,46.0
1776001142,bftpd,nsfuzz,5,l_abs,1036
1776001142,bftpd,nsfuzz,5,b_per,32.4
1776001142,bftpd,nsfuzz,5,b_abs,439
1776001142,bftpd,nsfuzz,5,l_per,46.0
1776001142,bftpd,nsfuzz,5,l_abs,1036
1776001142,bftpd,nsfuzz,5,b_per,32.4
1776001142,bftpd,nsfuzz,5,b_abs,439
1776001143,bftpd,nsfuzz,5,l_per,46.0
1776001143,bftpd,nsfuzz,5,l_abs,1036
1776001143,bftpd,nsfuzz,5,b_per,32.4
1776001143,bftpd,nsfuzz,5,b_abs,439
1776001143,bftpd,nsfuzz,5,l_per,46.2
1776001143,bftpd,nsfuzz,5,l_abs,1039
1776001143,bftpd,nsfuzz,5,b_per,32.6
1776001143,bftpd,nsfuzz,5,b_abs,441
1776001143,bftpd,nsfuzz,5,l_per,46.4
1776001143,bftpd,nsfuzz,5,l_abs,1044
1776001143,bftpd,nsfuzz,5,b_per,32.7
1776001143,bftpd,nsfuzz,5,b_abs,443
1776001144,bftpd,nsfuzz,5,l_per,46.4
1776001144,bftpd,nsfuzz,5,l_abs,1044
1776001144,bftpd,nsfuzz,5,b_per,32.7
1776001144,bftpd,nsfuzz,5,b_abs,443
1776001145,bftpd,nsfuzz,5,l_per,46.4
1776001145,bftpd,nsfuzz,5,l_abs,1044
1776001145,bftpd,nsfuzz,5,b_per,32.7
1776001145,bftpd,nsfuzz,5,b_abs,443
1776001145,bftpd,nsfuzz,5,l_per,46.4
1776001145,bftpd,nsfuzz,5,l_abs,1044
1776001145,bftpd,nsfuzz,5,b_per,32.7
1776001145,bftpd,nsfuzz,5,b_abs,443
1776001147,bftpd,nsfuzz,5,l_per,46.4
1776001147,bftpd,nsfuzz,5,l_abs,1044
1776001147,bftpd,nsfuzz,5,b_per,32.7
1776001147,bftpd,nsfuzz,5,b_abs,443
1776001148,bftpd,nsfuzz,5,l_per,46.4
1776001148,bftpd,nsfuzz,5,l_abs,1044
1776001148,bftpd,nsfuzz,5,b_per,32.7
1776001148,bftpd,nsfuzz,5,b_abs,443
1776001148,bftpd,nsfuzz,5,l_per,46.4
1776001148,bftpd,nsfuzz,5,l_abs,1044
1776001148,bftpd,nsfuzz,5,b_per,32.7
1776001148,bftpd,nsfuzz,5,b_abs,443
1776001148,bftpd,nsfuzz,5,l_per,46.4
1776001148,bftpd,nsfuzz,5,l_abs,1044
1776001148,bftpd,nsfuzz,5,b_per,32.7
1776001148,bftpd,nsfuzz,5,b_abs,443
1776001148,bftpd,nsfuzz,5,l_per,46.4
1776001148,bftpd,nsfuzz,5,l_abs,1044
1776001148,bftpd,nsfuzz,5,b_per,32.7
1776001148,bftpd,nsfuzz,5,b_abs,443
1776001149,bftpd,nsfuzz,5,l_per,46.4
1776001149,bftpd,nsfuzz,5,l_abs,1044
1776001149,bftpd,nsfuzz,5,b_per,32.7
1776001149,bftpd,nsfuzz,5,b_abs,443
1776001149,bftpd,nsfuzz,5,l_per,46.4
1776001149,bftpd,nsfuzz,5,l_abs,1044
1776001149,bftpd,nsfuzz,5,b_per,32.7
1776001149,bftpd,nsfuzz,5,b_abs,443
1776001150,bftpd,nsfuzz,5,l_per,46.4
1776001150,bftpd,nsfuzz,5,l_abs,1044
1776001150,bftpd,nsfuzz,5,b_per,32.7
1776001150,bftpd,nsfuzz,5,b_abs,443
1776001151,bftpd,nsfuzz,5,l_per,46.4
1776001151,bftpd,nsfuzz,5,l_abs,1044
1776001151,bftpd,nsfuzz,5,b_per,32.7
1776001151,bftpd,nsfuzz,5,b_abs,443
1776001151,bftpd,nsfuzz,5,l_per,46.4
1776001151,bftpd,nsfuzz,5,l_abs,1044
1776001151,bftpd,nsfuzz,5,b_per,32.7
1776001151,bftpd,nsfuzz,5,b_abs,443
1776001151,bftpd,nsfuzz,5,l_per,46.4
1776001151,bftpd,nsfuzz,5,l_abs,1044
1776001151,bftpd,nsfuzz,5,b_per,32.7
1776001151,bftpd,nsfuzz,5,b_abs,443
1776001151,bftpd,nsfuzz,5,l_per,46.4
1776001151,bftpd,nsfuzz,5,l_abs,1044
1776001151,bftpd,nsfuzz,5,b_per,32.7
1776001151,bftpd,nsfuzz,5,b_abs,443
1776001152,bftpd,nsfuzz,5,l_per,46.4
1776001152,bftpd,nsfuzz,5,l_abs,1044
1776001152,bftpd,nsfuzz,5,b_per,32.7
1776001152,bftpd,nsfuzz,5,b_abs,443
1776001152,bftpd,nsfuzz,5,l_per,46.4
1776001152,bftpd,nsfuzz,5,l_abs,1044
1776001152,bftpd,nsfuzz,5,b_per,32.7
1776001152,bftpd,nsfuzz,5,b_abs,443
1776001152,bftpd,nsfuzz,5,l_per,46.4
1776001152,bftpd,nsfuzz,5,l_abs,1044
1776001152,bftpd,nsfuzz,5,b_per,32.7
1776001152,bftpd,nsfuzz,5,b_abs,443
1776001152,bftpd,nsfuzz,5,l_per,46.4
1776001152,bftpd,nsfuzz,5,l_abs,1044
1776001152,bftpd,nsfuzz,5,b_per,32.7
1776001152,bftpd,nsfuzz,5,b_abs,443
1776001155,bftpd,nsfuzz,5,l_per,46.4
1776001155,bftpd,nsfuzz,5,l_abs,1044
1776001155,bftpd,nsfuzz,5,b_per,32.7
1776001155,bftpd,nsfuzz,5,b_abs,443
1776001155,bftpd,nsfuzz,5,l_per,46.4
1776001155,bftpd,nsfuzz,5,l_abs,1044
1776001155,bftpd,nsfuzz,5,b_per,32.7
1776001155,bftpd,nsfuzz,5,b_abs,443
1776001155,bftpd,nsfuzz,5,l_per,46.4
1776001155,bftpd,nsfuzz,5,l_abs,1044
1776001155,bftpd,nsfuzz,5,b_per,32.7
1776001155,bftpd,nsfuzz,5,b_abs,443
1776001156,bftpd,nsfuzz,5,l_per,46.4
1776001156,bftpd,nsfuzz,5,l_abs,1044
1776001156,bftpd,nsfuzz,5,b_per,32.7
1776001156,bftpd,nsfuzz,5,b_abs,443
1776001156,bftpd,nsfuzz,5,l_per,46.4
1776001156,bftpd,nsfuzz,5,l_abs,1044
1776001156,bftpd,nsfuzz,5,b_per,32.7
1776001156,bftpd,nsfuzz,5,b_abs,443
1776001157,bftpd,nsfuzz,5,l_per,46.4
1776001157,bftpd,nsfuzz,5,l_abs,1044
1776001157,bftpd,nsfuzz,5,b_per,32.7
1776001157,bftpd,nsfuzz,5,b_abs,443
1776001160,bftpd,nsfuzz,5,l_per,46.4
1776001160,bftpd,nsfuzz,5,l_abs,1044
1776001160,bftpd,nsfuzz,5,b_per,32.7
1776001160,bftpd,nsfuzz,5,b_abs,443
1776001160,bftpd,nsfuzz,5,l_per,46.4
1776001160,bftpd,nsfuzz,5,l_abs,1044
1776001160,bftpd,nsfuzz,5,b_per,32.7
1776001160,bftpd,nsfuzz,5,b_abs,443
1776001163,bftpd,nsfuzz,5,l_per,46.4
1776001163,bftpd,nsfuzz,5,l_abs,1044
1776001163,bftpd,nsfuzz,5,b_per,32.7
1776001163,bftpd,nsfuzz,5,b_abs,443
1776001163,bftpd,nsfuzz,5,l_per,46.4
1776001163,bftpd,nsfuzz,5,l_abs,1044
1776001163,bftpd,nsfuzz,5,b_per,32.7
1776001163,bftpd,nsfuzz,5,b_abs,443
1776001163,bftpd,nsfuzz,5,l_per,46.4
1776001163,bftpd,nsfuzz,5,l_abs,1044
1776001163,bftpd,nsfuzz,5,b_per,32.7
1776001163,bftpd,nsfuzz,5,b_abs,443
1776001165,bftpd,nsfuzz,5,l_per,46.4
1776001165,bftpd,nsfuzz,5,l_abs,1044
1776001165,bftpd,nsfuzz,5,b_per,32.7
1776001165,bftpd,nsfuzz,5,b_abs,443
1776001166,bftpd,nsfuzz,5,l_per,46.4
1776001166,bftpd,nsfuzz,5,l_abs,1044
1776001166,bftpd,nsfuzz,5,b_per,32.7
1776001166,bftpd,nsfuzz,5,b_abs,443
1776001167,bftpd,nsfuzz,5,l_per,46.4
1776001167,bftpd,nsfuzz,5,l_abs,1044
1776001167,bftpd,nsfuzz,5,b_per,32.7
1776001167,bftpd,nsfuzz,5,b_abs,443
1776001168,bftpd,nsfuzz,5,l_per,46.4
1776001168,bftpd,nsfuzz,5,l_abs,1044
1776001168,bftpd,nsfuzz,5,b_per,32.7
1776001168,bftpd,nsfuzz,5,b_abs,443
1776001168,bftpd,nsfuzz,5,l_per,46.4
1776001168,bftpd,nsfuzz,5,l_abs,1044
1776001168,bftpd,nsfuzz,5,b_per,32.7
1776001168,bftpd,nsfuzz,5,b_abs,443
1776001170,bftpd,nsfuzz,5,l_per,46.4
1776001170,bftpd,nsfuzz,5,l_abs,1044
1776001170,bftpd,nsfuzz,5,b_per,32.7
1776001170,bftpd,nsfuzz,5,b_abs,443
1776001172,bftpd,nsfuzz,5,l_per,46.4
1776001172,bftpd,nsfuzz,5,l_abs,1044
1776001172,bftpd,nsfuzz,5,b_per,32.7
1776001172,bftpd,nsfuzz,5,b_abs,443
1776001172,bftpd,nsfuzz,5,l_per,46.4
1776001172,bftpd,nsfuzz,5,l_abs,1044
1776001172,bftpd,nsfuzz,5,b_per,32.7
1776001172,bftpd,nsfuzz,5,b_abs,443
1776001174,bftpd,nsfuzz,5,l_per,46.4
1776001174,bftpd,nsfuzz,5,l_abs,1044
1776001174,bftpd,nsfuzz,5,b_per,32.7
1776001174,bftpd,nsfuzz,5,b_abs,443
1776001175,bftpd,nsfuzz,5,l_per,46.4
1776001175,bftpd,nsfuzz,5,l_abs,1044
1776001175,bftpd,nsfuzz,5,b_per,32.7
1776001175,bftpd,nsfuzz,5,b_abs,443
1776001177,bftpd,nsfuzz,5,l_per,46.4
1776001177,bftpd,nsfuzz,5,l_abs,1044
1776001177,bftpd,nsfuzz,5,b_per,32.7
1776001177,bftpd,nsfuzz,5,b_abs,443
1776001177,bftpd,nsfuzz,5,l_per,46.4
1776001177,bftpd,nsfuzz,5,l_abs,1044
1776001177,bftpd,nsfuzz,5,b_per,32.7
1776001177,bftpd,nsfuzz,5,b_abs,443
1776001178,bftpd,nsfuzz,5,l_per,46.4
1776001178,bftpd,nsfuzz,5,l_abs,1044
1776001178,bftpd,nsfuzz,5,b_per,32.7
1776001178,bftpd,nsfuzz,5,b_abs,443
1776001181,bftpd,nsfuzz,5,l_per,46.4
1776001181,bftpd,nsfuzz,5,l_abs,1044
1776001181,bftpd,nsfuzz,5,b_per,32.7
1776001181,bftpd,nsfuzz,5,b_abs,443
1776001181,bftpd,nsfuzz,5,l_per,46.4
1776001181,bftpd,nsfuzz,5,l_abs,1044
1776001181,bftpd,nsfuzz,5,b_per,32.7
1776001181,bftpd,nsfuzz,5,b_abs,443
1776001181,bftpd,nsfuzz,5,l_per,46.4
1776001181,bftpd,nsfuzz,5,l_abs,1044
1776001181,bftpd,nsfuzz,5,b_per,32.7
1776001181,bftpd,nsfuzz,5,b_abs,443
1776001183,bftpd,nsfuzz,5,l_per,46.4
1776001183,bftpd,nsfuzz,5,l_abs,1044
1776001183,bftpd,nsfuzz,5,b_per,32.7
1776001183,bftpd,nsfuzz,5,b_abs,443
1776001183,bftpd,nsfuzz,5,l_per,46.4
1776001183,bftpd,nsfuzz,5,l_abs,1044
1776001183,bftpd,nsfuzz,5,b_per,32.7
1776001183,bftpd,nsfuzz,5,b_abs,443
1776001184,bftpd,nsfuzz,5,l_per,46.4
1776001184,bftpd,nsfuzz,5,l_abs,1044
1776001184,bftpd,nsfuzz,5,b_per,32.7
1776001184,bftpd,nsfuzz,5,b_abs,443
1776001184,bftpd,nsfuzz,5,l_per,46.4
1776001184,bftpd,nsfuzz,5,l_abs,1044
1776001184,bftpd,nsfuzz,5,b_per,32.7
1776001184,bftpd,nsfuzz,5,b_abs,443
1776001186,bftpd,nsfuzz,5,l_per,46.4
1776001186,bftpd,nsfuzz,5,l_abs,1044
1776001186,bftpd,nsfuzz,5,b_per,32.7
1776001186,bftpd,nsfuzz,5,b_abs,443
1776001188,bftpd,nsfuzz,5,l_per,46.4
1776001188,bftpd,nsfuzz,5,l_abs,1044
1776001188,bftpd,nsfuzz,5,b_per,32.7
1776001188,bftpd,nsfuzz,5,b_abs,443
1776001188,bftpd,nsfuzz,5,l_per,46.4
1776001188,bftpd,nsfuzz,5,l_abs,1044
1776001188,bftpd,nsfuzz,5,b_per,32.7
1776001188,bftpd,nsfuzz,5,b_abs,443
1776001188,bftpd,nsfuzz,5,l_per,46.4
1776001188,bftpd,nsfuzz,5,l_abs,1044
1776001188,bftpd,nsfuzz,5,b_per,32.7
1776001188,bftpd,nsfuzz,5,b_abs,443
1776001188,bftpd,nsfuzz,5,l_per,46.4
1776001188,bftpd,nsfuzz,5,l_abs,1044
1776001188,bftpd,nsfuzz,5,b_per,32.7
1776001188,bftpd,nsfuzz,5,b_abs,443
1776001189,bftpd,nsfuzz,5,l_per,46.9
1776001189,bftpd,nsfuzz,5,l_abs,1056
1776001189,bftpd,nsfuzz,5,b_per,33.2
1776001189,bftpd,nsfuzz,5,b_abs,449
1776001189,bftpd,nsfuzz,5,l_per,46.9
1776001189,bftpd,nsfuzz,5,l_abs,1056
1776001189,bftpd,nsfuzz,5,b_per,33.2
1776001189,bftpd,nsfuzz,5,b_abs,449
1776001192,bftpd,nsfuzz,5,l_per,46.9
1776001192,bftpd,nsfuzz,5,l_abs,1056
1776001192,bftpd,nsfuzz,5,b_per,33.2
1776001192,bftpd,nsfuzz,5,b_abs,449
1776001193,bftpd,nsfuzz,5,l_per,47.0
1776001193,bftpd,nsfuzz,5,l_abs,1059
1776001193,bftpd,nsfuzz,5,b_per,33.2
1776001193,bftpd,nsfuzz,5,b_abs,450
1776001197,bftpd,nsfuzz,5,l_per,47.0
1776001197,bftpd,nsfuzz,5,l_abs,1059
1776001197,bftpd,nsfuzz,5,b_per,33.2
1776001197,bftpd,nsfuzz,5,b_abs,450
1776001199,bftpd,nsfuzz,5,l_per,47.0
1776001199,bftpd,nsfuzz,5,l_abs,1059
1776001199,bftpd,nsfuzz,5,b_per,33.2
1776001199,bftpd,nsfuzz,5,b_abs,450
1776001199,bftpd,nsfuzz,5,l_per,47.0
1776001199,bftpd,nsfuzz,5,l_abs,1059
1776001199,bftpd,nsfuzz,5,b_per,33.2
1776001199,bftpd,nsfuzz,5,b_abs,450
1776001200,bftpd,nsfuzz,5,l_per,47.0
1776001200,bftpd,nsfuzz,5,l_abs,1059
1776001200,bftpd,nsfuzz,5,b_per,33.2
1776001200,bftpd,nsfuzz,5,b_abs,450
1776001201,bftpd,nsfuzz,5,l_per,47.0
1776001201,bftpd,nsfuzz,5,l_abs,1059
1776001201,bftpd,nsfuzz,5,b_per,33.2
1776001201,bftpd,nsfuzz,5,b_abs,450
1776001207,bftpd,nsfuzz,5,l_per,47.0
1776001207,bftpd,nsfuzz,5,l_abs,1059
1776001207,bftpd,nsfuzz,5,b_per,33.2
1776001207,bftpd,nsfuzz,5,b_abs,450
1776001207,bftpd,nsfuzz,5,l_per,47.0
1776001207,bftpd,nsfuzz,5,l_abs,1059
1776001207,bftpd,nsfuzz,5,b_per,33.2
1776001207,bftpd,nsfuzz,5,b_abs,450
1776001208,bftpd,nsfuzz,5,l_per,47.1
1776001208,bftpd,nsfuzz,5,l_abs,1061
1776001208,bftpd,nsfuzz,5,b_per,33.3
1776001208,bftpd,nsfuzz,5,b_abs,451
1776001208,bftpd,nsfuzz,5,l_per,47.1
1776001208,bftpd,nsfuzz,5,l_abs,1061
1776001208,bftpd,nsfuzz,5,b_per,33.3
1776001208,bftpd,nsfuzz,5,b_abs,451
1776001209,bftpd,nsfuzz,5,l_per,47.1
1776001209,bftpd,nsfuzz,5,l_abs,1061
1776001209,bftpd,nsfuzz,5,b_per,33.3
1776001209,bftpd,nsfuzz,5,b_abs,451
1776001210,bftpd,nsfuzz,5,l_per,47.1
1776001210,bftpd,nsfuzz,5,l_abs,1061
1776001210,bftpd,nsfuzz,5,b_per,33.3
1776001210,bftpd,nsfuzz,5,b_abs,451
1776001211,bftpd,nsfuzz,5,l_per,47.1
1776001211,bftpd,nsfuzz,5,l_abs,1061
1776001211,bftpd,nsfuzz,5,b_per,33.3
1776001211,bftpd,nsfuzz,5,b_abs,451
1776001211,bftpd,nsfuzz,5,l_per,47.1
1776001211,bftpd,nsfuzz,5,l_abs,1061
1776001211,bftpd,nsfuzz,5,b_per,33.4
1776001211,bftpd,nsfuzz,5,b_abs,452
1776001213,bftpd,nsfuzz,5,l_per,47.1
1776001213,bftpd,nsfuzz,5,l_abs,1061
1776001213,bftpd,nsfuzz,5,b_per,33.4
1776001213,bftpd,nsfuzz,5,b_abs,452
1776001216,bftpd,nsfuzz,5,l_per,47.1
1776001216,bftpd,nsfuzz,5,l_abs,1061
1776001216,bftpd,nsfuzz,5,b_per,33.4
1776001216,bftpd,nsfuzz,5,b_abs,452
1776001218,bftpd,nsfuzz,5,l_per,47.1
1776001218,bftpd,nsfuzz,5,l_abs,1061
1776001218,bftpd,nsfuzz,5,b_per,33.4
1776001218,bftpd,nsfuzz,5,b_abs,452
1776001246,bftpd,nsfuzz,5,l_per,47.3
1776001246,bftpd,nsfuzz,5,l_abs,1064
1776001246,bftpd,nsfuzz,5,b_per,33.5
1776001246,bftpd,nsfuzz,5,b_abs,454
1776001250,bftpd,nsfuzz,5,l_per,47.3
1776001250,bftpd,nsfuzz,5,l_abs,1064
1776001250,bftpd,nsfuzz,5,b_per,33.5
1776001250,bftpd,nsfuzz,5,b_abs,454
1776001252,bftpd,nsfuzz,5,l_per,47.3
1776001252,bftpd,nsfuzz,5,l_abs,1064
1776001252,bftpd,nsfuzz,5,b_per,33.5
1776001252,bftpd,nsfuzz,5,b_abs,454
1776001253,bftpd,nsfuzz,5,l_per,47.3
1776001253,bftpd,nsfuzz,5,l_abs,1064
1776001253,bftpd,nsfuzz,5,b_per,33.5
1776001253,bftpd,nsfuzz,5,b_abs,454
1776001256,bftpd,nsfuzz,5,l_per,47.3
1776001256,bftpd,nsfuzz,5,l_abs,1064
1776001256,bftpd,nsfuzz,5,b_per,33.5
1776001256,bftpd,nsfuzz,5,b_abs,454
1776001257,bftpd,nsfuzz,5,l_per,47.3
1776001257,bftpd,nsfuzz,5,l_abs,1064
1776001257,bftpd,nsfuzz,5,b_per,33.5
1776001257,bftpd,nsfuzz,5,b_abs,454
1776001259,bftpd,nsfuzz,5,l_per,47.3
1776001259,bftpd,nsfuzz,5,l_abs,1064
1776001259,bftpd,nsfuzz,5,b_per,33.5
1776001259,bftpd,nsfuzz,5,b_abs,454
1776001260,bftpd,nsfuzz,5,l_per,47.3
1776001260,bftpd,nsfuzz,5,l_abs,1064
1776001260,bftpd,nsfuzz,5,b_per,33.5
1776001260,bftpd,nsfuzz,5,b_abs,454
1776001260,bftpd,nsfuzz,5,l_per,47.3
1776001260,bftpd,nsfuzz,5,l_abs,1064
1776001260,bftpd,nsfuzz,5,b_per,33.5
1776001260,bftpd,nsfuzz,5,b_abs,454
1776001260,bftpd,nsfuzz,5,l_per,47.3
1776001260,bftpd,nsfuzz,5,l_abs,1064
1776001260,bftpd,nsfuzz,5,b_per,33.5
1776001260,bftpd,nsfuzz,5,b_abs,454
1776001262,bftpd,nsfuzz,5,l_per,47.3
1776001262,bftpd,nsfuzz,5,l_abs,1064
1776001262,bftpd,nsfuzz,5,b_per,33.5
1776001262,bftpd,nsfuzz,5,b_abs,454
1776001263,bftpd,nsfuzz,5,l_per,47.3
1776001263,bftpd,nsfuzz,5,l_abs,1064
1776001263,bftpd,nsfuzz,5,b_per,33.5
1776001263,bftpd,nsfuzz,5,b_abs,454
1776001269,bftpd,nsfuzz,5,l_per,47.3
1776001269,bftpd,nsfuzz,5,l_abs,1064
1776001269,bftpd,nsfuzz,5,b_per,33.5
1776001269,bftpd,nsfuzz,5,b_abs,454
1776001273,bftpd,nsfuzz,5,l_per,47.6
1776001273,bftpd,nsfuzz,5,l_abs,1071
1776001273,bftpd,nsfuzz,5,b_per,33.7
1776001273,bftpd,nsfuzz,5,b_abs,456
1776001275,bftpd,nsfuzz,5,l_per,47.6
1776001275,bftpd,nsfuzz,5,l_abs,1071
1776001275,bftpd,nsfuzz,5,b_per,33.7
1776001275,bftpd,nsfuzz,5,b_abs,456
1776001276,bftpd,nsfuzz,5,l_per,47.6
1776001276,bftpd,nsfuzz,5,l_abs,1071
1776001276,bftpd,nsfuzz,5,b_per,33.7
1776001276,bftpd,nsfuzz,5,b_abs,456
1776001280,bftpd,nsfuzz,5,l_per,47.6
1776001280,bftpd,nsfuzz,5,l_abs,1071
1776001280,bftpd,nsfuzz,5,b_per,33.7
1776001280,bftpd,nsfuzz,5,b_abs,456
1776001282,bftpd,nsfuzz,5,l_per,47.6
1776001282,bftpd,nsfuzz,5,l_abs,1071
1776001282,bftpd,nsfuzz,5,b_per,33.7
1776001282,bftpd,nsfuzz,5,b_abs,456
1776001284,bftpd,nsfuzz,5,l_per,47.6
1776001284,bftpd,nsfuzz,5,l_abs,1071
1776001284,bftpd,nsfuzz,5,b_per,33.7
1776001284,bftpd,nsfuzz,5,b_abs,456
1776001286,bftpd,nsfuzz,5,l_per,47.6
1776001286,bftpd,nsfuzz,5,l_abs,1071
1776001286,bftpd,nsfuzz,5,b_per,33.7
1776001286,bftpd,nsfuzz,5,b_abs,456
1776001288,bftpd,nsfuzz,5,l_per,47.6
1776001288,bftpd,nsfuzz,5,l_abs,1071
1776001288,bftpd,nsfuzz,5,b_per,33.7
1776001288,bftpd,nsfuzz,5,b_abs,456
1776001295,bftpd,nsfuzz,5,l_per,47.6
1776001295,bftpd,nsfuzz,5,l_abs,1071
1776001295,bftpd,nsfuzz,5,b_per,33.7
1776001295,bftpd,nsfuzz,5,b_abs,456
1776001299,bftpd,nsfuzz,5,l_per,47.6
1776001299,bftpd,nsfuzz,5,l_abs,1071
1776001299,bftpd,nsfuzz,5,b_per,33.7
1776001299,bftpd,nsfuzz,5,b_abs,456
1776001302,bftpd,nsfuzz,5,l_per,47.6
1776001302,bftpd,nsfuzz,5,l_abs,1071
1776001302,bftpd,nsfuzz,5,b_per,33.7
1776001302,bftpd,nsfuzz,5,b_abs,456
1776001303,bftpd,nsfuzz,5,l_per,47.6
1776001303,bftpd,nsfuzz,5,l_abs,1071
1776001303,bftpd,nsfuzz,5,b_per,33.7
1776001303,bftpd,nsfuzz,5,b_abs,456
1776001303,bftpd,nsfuzz,5,l_per,47.6
1776001303,bftpd,nsfuzz,5,l_abs,1071
1776001303,bftpd,nsfuzz,5,b_per,33.7
1776001303,bftpd,nsfuzz,5,b_abs,456
1776001304,bftpd,nsfuzz,5,l_per,47.6
1776001304,bftpd,nsfuzz,5,l_abs,1071
1776001304,bftpd,nsfuzz,5,b_per,33.7
1776001304,bftpd,nsfuzz,5,b_abs,456
1776001304,bftpd,nsfuzz,5,l_per,47.6
1776001304,bftpd,nsfuzz,5,l_abs,1071
1776001304,bftpd,nsfuzz,5,b_per,33.7
1776001304,bftpd,nsfuzz,5,b_abs,456
1776001305,bftpd,nsfuzz,5,l_per,47.6
1776001305,bftpd,nsfuzz,5,l_abs,1071
1776001305,bftpd,nsfuzz,5,b_per,33.7
1776001305,bftpd,nsfuzz,5,b_abs,456
1776001306,bftpd,nsfuzz,5,l_per,47.6
1776001306,bftpd,nsfuzz,5,l_abs,1071
1776001306,bftpd,nsfuzz,5,b_per,33.7
1776001306,bftpd,nsfuzz,5,b_abs,456
1776001306,bftpd,nsfuzz,5,l_per,47.6
1776001306,bftpd,nsfuzz,5,l_abs,1071
1776001306,bftpd,nsfuzz,5,b_per,33.7
1776001306,bftpd,nsfuzz,5,b_abs,456
1776001306,bftpd,nsfuzz,5,l_per,47.6
1776001306,bftpd,nsfuzz,5,l_abs,1071
1776001306,bftpd,nsfuzz,5,b_per,33.7
1776001306,bftpd,nsfuzz,5,b_abs,456
1776001307,bftpd,nsfuzz,5,l_per,47.6
1776001307,bftpd,nsfuzz,5,l_abs,1071
1776001307,bftpd,nsfuzz,5,b_per,33.7
1776001307,bftpd,nsfuzz,5,b_abs,456
1776001309,bftpd,nsfuzz,5,l_per,47.6
1776001309,bftpd,nsfuzz,5,l_abs,1071
1776001309,bftpd,nsfuzz,5,b_per,33.7
1776001309,bftpd,nsfuzz,5,b_abs,456
1776001310,bftpd,nsfuzz,5,l_per,47.6
1776001310,bftpd,nsfuzz,5,l_abs,1071
1776001310,bftpd,nsfuzz,5,b_per,33.7
1776001310,bftpd,nsfuzz,5,b_abs,456
1776001311,bftpd,nsfuzz,5,l_per,47.6
1776001311,bftpd,nsfuzz,5,l_abs,1071
1776001311,bftpd,nsfuzz,5,b_per,33.7
1776001311,bftpd,nsfuzz,5,b_abs,456
1776001311,bftpd,nsfuzz,5,l_per,47.6
1776001311,bftpd,nsfuzz,5,l_abs,1071
1776001311,bftpd,nsfuzz,5,b_per,33.7
1776001311,bftpd,nsfuzz,5,b_abs,456
1776001311,bftpd,nsfuzz,5,l_per,47.6
1776001311,bftpd,nsfuzz,5,l_abs,1071
1776001311,bftpd,nsfuzz,5,b_per,33.7
1776001311,bftpd,nsfuzz,5,b_abs,456
1776001312,bftpd,nsfuzz,5,l_per,47.6
1776001312,bftpd,nsfuzz,5,l_abs,1071
1776001312,bftpd,nsfuzz,5,b_per,33.7
1776001312,bftpd,nsfuzz,5,b_abs,456
1776001313,bftpd,nsfuzz,5,l_per,47.6
1776001313,bftpd,nsfuzz,5,l_abs,1071
1776001313,bftpd,nsfuzz,5,b_per,33.7
1776001313,bftpd,nsfuzz,5,b_abs,456
1776001315,bftpd,nsfuzz,5,l_per,47.6
1776001315,bftpd,nsfuzz,5,l_abs,1071
1776001315,bftpd,nsfuzz,5,b_per,33.7
1776001315,bftpd,nsfuzz,5,b_abs,456
1776001318,bftpd,nsfuzz,5,l_per,47.6
1776001318,bftpd,nsfuzz,5,l_abs,1071
1776001318,bftpd,nsfuzz,5,b_per,33.7
1776001318,bftpd,nsfuzz,5,b_abs,456
1776001322,bftpd,nsfuzz,5,l_per,47.6
1776001322,bftpd,nsfuzz,5,l_abs,1071
1776001322,bftpd,nsfuzz,5,b_per,33.7
1776001322,bftpd,nsfuzz,5,b_abs,456
1776001324,bftpd,nsfuzz,5,l_per,47.6
1776001324,bftpd,nsfuzz,5,l_abs,1071
1776001324,bftpd,nsfuzz,5,b_per,33.7
1776001324,bftpd,nsfuzz,5,b_abs,456
1776001331,bftpd,nsfuzz,5,l_per,47.6
1776001331,bftpd,nsfuzz,5,l_abs,1071
1776001331,bftpd,nsfuzz,5,b_per,33.7
1776001331,bftpd,nsfuzz,5,b_abs,456
1776001336,bftpd,nsfuzz,5,l_per,47.6
1776001336,bftpd,nsfuzz,5,l_abs,1071
1776001336,bftpd,nsfuzz,5,b_per,33.7
1776001336,bftpd,nsfuzz,5,b_abs,456
1776001337,bftpd,nsfuzz,5,l_per,47.6
1776001337,bftpd,nsfuzz,5,l_abs,1071
1776001337,bftpd,nsfuzz,5,b_per,33.7
1776001337,bftpd,nsfuzz,5,b_abs,456
1776001337,bftpd,nsfuzz,5,l_per,47.6
1776001337,bftpd,nsfuzz,5,l_abs,1071
1776001337,bftpd,nsfuzz,5,b_per,33.7
1776001337,bftpd,nsfuzz,5,b_abs,456
1776001338,bftpd,nsfuzz,5,l_per,47.6
1776001338,bftpd,nsfuzz,5,l_abs,1071
1776001338,bftpd,nsfuzz,5,b_per,33.7
1776001338,bftpd,nsfuzz,5,b_abs,456
1776001338,bftpd,nsfuzz,5,l_per,47.6
1776001338,bftpd,nsfuzz,5,l_abs,1071
1776001338,bftpd,nsfuzz,5,b_per,33.7
1776001338,bftpd,nsfuzz,5,b_abs,456
1776001340,bftpd,nsfuzz,5,l_per,47.6
1776001340,bftpd,nsfuzz,5,l_abs,1071
1776001340,bftpd,nsfuzz,5,b_per,33.7
1776001340,bftpd,nsfuzz,5,b_abs,456
1776001343,bftpd,nsfuzz,5,l_per,47.7
1776001343,bftpd,nsfuzz,5,l_abs,1074
1776001343,bftpd,nsfuzz,5,b_per,33.8
1776001343,bftpd,nsfuzz,5,b_abs,458
1776001344,bftpd,nsfuzz,5,l_per,47.7
1776001344,bftpd,nsfuzz,5,l_abs,1074
1776001344,bftpd,nsfuzz,5,b_per,33.8
1776001344,bftpd,nsfuzz,5,b_abs,458
1776001346,bftpd,nsfuzz,5,l_per,47.7
1776001346,bftpd,nsfuzz,5,l_abs,1074
1776001346,bftpd,nsfuzz,5,b_per,33.8
1776001346,bftpd,nsfuzz,5,b_abs,458
1776001351,bftpd,nsfuzz,5,l_per,47.7
1776001351,bftpd,nsfuzz,5,l_abs,1074
1776001351,bftpd,nsfuzz,5,b_per,33.8
1776001351,bftpd,nsfuzz,5,b_abs,458
1776001356,bftpd,nsfuzz,5,l_per,47.7
1776001356,bftpd,nsfuzz,5,l_abs,1074
1776001356,bftpd,nsfuzz,5,b_per,33.8
1776001356,bftpd,nsfuzz,5,b_abs,458
1776001359,bftpd,nsfuzz,5,l_per,47.7
1776001359,bftpd,nsfuzz,5,l_abs,1074
1776001359,bftpd,nsfuzz,5,b_per,33.8
1776001359,bftpd,nsfuzz,5,b_abs,458
1776001363,bftpd,nsfuzz,5,l_per,47.7
1776001363,bftpd,nsfuzz,5,l_abs,1074
1776001363,bftpd,nsfuzz,5,b_per,33.8
1776001363,bftpd,nsfuzz,5,b_abs,458
1776001366,bftpd,nsfuzz,5,l_per,47.7
1776001366,bftpd,nsfuzz,5,l_abs,1074
1776001366,bftpd,nsfuzz,5,b_per,33.8
1776001366,bftpd,nsfuzz,5,b_abs,458
1776001366,bftpd,nsfuzz,5,l_per,47.7
1776001366,bftpd,nsfuzz,5,l_abs,1074
1776001366,bftpd,nsfuzz,5,b_per,33.8
1776001366,bftpd,nsfuzz,5,b_abs,458
1776001380,bftpd,nsfuzz,5,l_per,47.7
1776001380,bftpd,nsfuzz,5,l_abs,1074
1776001380,bftpd,nsfuzz,5,b_per,33.8
1776001380,bftpd,nsfuzz,5,b_abs,458
1776001381,bftpd,nsfuzz,5,l_per,47.7
1776001381,bftpd,nsfuzz,5,l_abs,1074
1776001381,bftpd,nsfuzz,5,b_per,33.8
1776001381,bftpd,nsfuzz,5,b_abs,458
1776001382,bftpd,nsfuzz,5,l_per,47.7
1776001382,bftpd,nsfuzz,5,l_abs,1074
1776001382,bftpd,nsfuzz,5,b_per,33.8
1776001382,bftpd,nsfuzz,5,b_abs,458
1776001388,bftpd,nsfuzz,5,l_per,47.7
1776001388,bftpd,nsfuzz,5,l_abs,1074
1776001388,bftpd,nsfuzz,5,b_per,33.8
1776001388,bftpd,nsfuzz,5,b_abs,458
1776001389,bftpd,nsfuzz,5,l_per,47.7
1776001389,bftpd,nsfuzz,5,l_abs,1074
1776001389,bftpd,nsfuzz,5,b_per,33.8
1776001389,bftpd,nsfuzz,5,b_abs,458
1776001397,bftpd,nsfuzz,5,l_per,47.9
1776001397,bftpd,nsfuzz,5,l_abs,1079
1776001397,bftpd,nsfuzz,5,b_per,34.0
1776001397,bftpd,nsfuzz,5,b_abs,461
1776001400,bftpd,nsfuzz,5,l_per,47.9
1776001400,bftpd,nsfuzz,5,l_abs,1079
1776001400,bftpd,nsfuzz,5,b_per,34.0
1776001400,bftpd,nsfuzz,5,b_abs,461
1776001401,bftpd,nsfuzz,5,l_per,47.9
1776001401,bftpd,nsfuzz,5,l_abs,1079
1776001401,bftpd,nsfuzz,5,b_per,34.0
1776001401,bftpd,nsfuzz,5,b_abs,461
1776001407,bftpd,nsfuzz,5,l_per,48.0
1776001407,bftpd,nsfuzz,5,l_abs,1081
1776001407,bftpd,nsfuzz,5,b_per,34.2
1776001407,bftpd,nsfuzz,5,b_abs,463
1776001420,bftpd,nsfuzz,5,l_per,48.2
1776001420,bftpd,nsfuzz,5,l_abs,1084
1776001420,bftpd,nsfuzz,5,b_per,34.6
1776001420,bftpd,nsfuzz,5,b_abs,469
1776001423,bftpd,nsfuzz,5,l_per,48.2
1776001423,bftpd,nsfuzz,5,l_abs,1084
1776001423,bftpd,nsfuzz,5,b_per,34.6
1776001423,bftpd,nsfuzz,5,b_abs,469
1776001429,bftpd,nsfuzz,5,l_per,48.2
1776001429,bftpd,nsfuzz,5,l_abs,1084
1776001429,bftpd,nsfuzz,5,b_per,34.6
1776001429,bftpd,nsfuzz,5,b_abs,469
1776001430,bftpd,nsfuzz,5,l_per,48.2
1776001430,bftpd,nsfuzz,5,l_abs,1084
1776001430,bftpd,nsfuzz,5,b_per,34.8
1776001430,bftpd,nsfuzz,5,b_abs,471
1776001432,bftpd,nsfuzz,5,l_per,48.2
1776001432,bftpd,nsfuzz,5,l_abs,1084
1776001432,bftpd,nsfuzz,5,b_per,34.8
1776001432,bftpd,nsfuzz,5,b_abs,471
1776001447,bftpd,nsfuzz,5,l_per,48.2
1776001447,bftpd,nsfuzz,5,l_abs,1084
1776001447,bftpd,nsfuzz,5,b_per,34.8
1776001447,bftpd,nsfuzz,5,b_abs,471
1776001447,bftpd,nsfuzz,5,l_per,48.2
1776001447,bftpd,nsfuzz,5,l_abs,1084
1776001447,bftpd,nsfuzz,5,b_per,34.8
1776001447,bftpd,nsfuzz,5,b_abs,471
1776001448,bftpd,nsfuzz,5,l_per,48.2
1776001448,bftpd,nsfuzz,5,l_abs,1084
1776001448,bftpd,nsfuzz,5,b_per,34.8
1776001448,bftpd,nsfuzz,5,b_abs,471
1776001456,bftpd,nsfuzz,5,l_per,48.2
1776001456,bftpd,nsfuzz,5,l_abs,1084
1776001456,bftpd,nsfuzz,5,b_per,34.8
1776001456,bftpd,nsfuzz,5,b_abs,471
1776001475,bftpd,nsfuzz,5,l_per,48.2
1776001475,bftpd,nsfuzz,5,l_abs,1084
1776001475,bftpd,nsfuzz,5,b_per,34.8
1776001475,bftpd,nsfuzz,5,b_abs,471
1776001477,bftpd,nsfuzz,5,l_per,48.2
1776001477,bftpd,nsfuzz,5,l_abs,1084
1776001477,bftpd,nsfuzz,5,b_per,34.8
1776001477,bftpd,nsfuzz,5,b_abs,471
1776001477,bftpd,nsfuzz,5,l_per,48.2
1776001477,bftpd,nsfuzz,5,l_abs,1084
1776001477,bftpd,nsfuzz,5,b_per,34.8
1776001477,bftpd,nsfuzz,5,b_abs,471
1776001483,bftpd,nsfuzz,5,l_per,48.2
1776001483,bftpd,nsfuzz,5,l_abs,1084
1776001483,bftpd,nsfuzz,5,b_per,34.8
1776001483,bftpd,nsfuzz,5,b_abs,471
1776001485,bftpd,nsfuzz,5,l_per,48.2
1776001485,bftpd,nsfuzz,5,l_abs,1084
1776001485,bftpd,nsfuzz,5,b_per,34.8
1776001485,bftpd,nsfuzz,5,b_abs,471
1776001505,bftpd,nsfuzz,5,l_per,48.2
1776001505,bftpd,nsfuzz,5,l_abs,1084
1776001505,bftpd,nsfuzz,5,b_per,34.8
1776001505,bftpd,nsfuzz,5,b_abs,471
1776001510,bftpd,nsfuzz,5,l_per,48.2
1776001510,bftpd,nsfuzz,5,l_abs,1084
1776001510,bftpd,nsfuzz,5,b_per,34.8
1776001510,bftpd,nsfuzz,5,b_abs,471
1776001518,bftpd,nsfuzz,5,l_per,48.2
1776001518,bftpd,nsfuzz,5,l_abs,1084
1776001518,bftpd,nsfuzz,5,b_per,34.8
1776001518,bftpd,nsfuzz,5,b_abs,471
1776001525,bftpd,nsfuzz,5,l_per,48.2
1776001525,bftpd,nsfuzz,5,l_abs,1084
1776001525,bftpd,nsfuzz,5,b_per,34.8
1776001525,bftpd,nsfuzz,5,b_abs,471
1776001533,bftpd,nsfuzz,5,l_per,48.2
1776001533,bftpd,nsfuzz,5,l_abs,1084
1776001533,bftpd,nsfuzz,5,b_per,34.8
1776001533,bftpd,nsfuzz,5,b_abs,471
1776001535,bftpd,nsfuzz,5,l_per,48.2
1776001535,bftpd,nsfuzz,5,l_abs,1084
1776001535,bftpd,nsfuzz,5,b_per,34.8
1776001535,bftpd,nsfuzz,5,b_abs,471
1776001558,bftpd,nsfuzz,5,l_per,48.2
1776001558,bftpd,nsfuzz,5,l_abs,1084
1776001558,bftpd,nsfuzz,5,b_per,34.8
1776001558,bftpd,nsfuzz,5,b_abs,471
1776001558,bftpd,nsfuzz,5,l_per,48.2
1776001558,bftpd,nsfuzz,5,l_abs,1084
1776001558,bftpd,nsfuzz,5,b_per,34.8
1776001558,bftpd,nsfuzz,5,b_abs,471
1776001573,bftpd,nsfuzz,5,l_per,48.2
1776001573,bftpd,nsfuzz,5,l_abs,1085
1776001573,bftpd,nsfuzz,5,b_per,34.9
1776001573,bftpd,nsfuzz,5,b_abs,472
1776001588,bftpd,nsfuzz,5,l_per,48.2
1776001588,bftpd,nsfuzz,5,l_abs,1085
1776001588,bftpd,nsfuzz,5,b_per,34.9
1776001588,bftpd,nsfuzz,5,b_abs,472
1776001589,bftpd,nsfuzz,5,l_per,48.2
1776001589,bftpd,nsfuzz,5,l_abs,1085
1776001589,bftpd,nsfuzz,5,b_per,34.9
1776001589,bftpd,nsfuzz,5,b_abs,472
1776001592,bftpd,nsfuzz,5,l_per,48.2
1776001592,bftpd,nsfuzz,5,l_abs,1085
1776001592,bftpd,nsfuzz,5,b_per,34.9
1776001592,bftpd,nsfuzz,5,b_abs,472
1776001594,bftpd,nsfuzz,5,l_per,48.2
1776001594,bftpd,nsfuzz,5,l_abs,1085
1776001594,bftpd,nsfuzz,5,b_per,34.9
1776001594,bftpd,nsfuzz,5,b_abs,472
1776001600,bftpd,nsfuzz,5,l_per,48.2
1776001600,bftpd,nsfuzz,5,l_abs,1085
1776001600,bftpd,nsfuzz,5,b_per,34.9
1776001600,bftpd,nsfuzz,5,b_abs,472
1776001601,bftpd,nsfuzz,5,l_per,48.2
1776001601,bftpd,nsfuzz,5,l_abs,1085
1776001601,bftpd,nsfuzz,5,b_per,34.9
1776001601,bftpd,nsfuzz,5,b_abs,472
1776001614,bftpd,nsfuzz,5,l_per,48.2
1776001614,bftpd,nsfuzz,5,l_abs,1085
1776001614,bftpd,nsfuzz,5,b_per,34.9
1776001614,bftpd,nsfuzz,5,b_abs,472
1776001622,bftpd,nsfuzz,5,l_per,48.2
1776001622,bftpd,nsfuzz,5,l_abs,1085
1776001622,bftpd,nsfuzz,5,b_per,34.9
1776001622,bftpd,nsfuzz,5,b_abs,472
1776001629,bftpd,nsfuzz,5,l_per,48.2
1776001629,bftpd,nsfuzz,5,l_abs,1085
1776001629,bftpd,nsfuzz,5,b_per,34.9
1776001629,bftpd,nsfuzz,5,b_abs,472
1776001633,bftpd,nsfuzz,5,l_per,48.2
1776001633,bftpd,nsfuzz,5,l_abs,1085
1776001633,bftpd,nsfuzz,5,b_per,34.9
1776001633,bftpd,nsfuzz,5,b_abs,472
1776001633,bftpd,nsfuzz,5,l_per,48.2
1776001633,bftpd,nsfuzz,5,l_abs,1085
1776001633,bftpd,nsfuzz,5,b_per,34.9
1776001633,bftpd,nsfuzz,5,b_abs,472
1776001634,bftpd,nsfuzz,5,l_per,48.2
1776001634,bftpd,nsfuzz,5,l_abs,1085
1776001634,bftpd,nsfuzz,5,b_per,34.9
1776001634,bftpd,nsfuzz,5,b_abs,472
1776001635,bftpd,nsfuzz,5,l_per,48.2
1776001635,bftpd,nsfuzz,5,l_abs,1085
1776001635,bftpd,nsfuzz,5,b_per,34.9
1776001635,bftpd,nsfuzz,5,b_abs,472
1776001637,bftpd,nsfuzz,5,l_per,48.2
1776001637,bftpd,nsfuzz,5,l_abs,1085
1776001637,bftpd,nsfuzz,5,b_per,34.9
1776001637,bftpd,nsfuzz,5,b_abs,472
1776001637,bftpd,nsfuzz,5,l_per,48.2
1776001637,bftpd,nsfuzz,5,l_abs,1085
1776001637,bftpd,nsfuzz,5,b_per,34.9
1776001637,bftpd,nsfuzz,5,b_abs,472
1776001638,bftpd,nsfuzz,5,l_per,48.2
1776001638,bftpd,nsfuzz,5,l_abs,1085
1776001638,bftpd,nsfuzz,5,b_per,34.9
1776001638,bftpd,nsfuzz,5,b_abs,472
1776001638,bftpd,nsfuzz,5,l_per,48.2
1776001638,bftpd,nsfuzz,5,l_abs,1085
1776001638,bftpd,nsfuzz,5,b_per,34.9
1776001638,bftpd,nsfuzz,5,b_abs,472
1776001655,bftpd,nsfuzz,5,l_per,48.2
1776001655,bftpd,nsfuzz,5,l_abs,1085
1776001655,bftpd,nsfuzz,5,b_per,34.9
1776001655,bftpd,nsfuzz,5,b_abs,472
1776001660,bftpd,nsfuzz,5,l_per,48.2
1776001660,bftpd,nsfuzz,5,l_abs,1085
1776001660,bftpd,nsfuzz,5,b_per,34.9
1776001660,bftpd,nsfuzz,5,b_abs,472
1776001670,bftpd,nsfuzz,5,l_per,48.2
1776001670,bftpd,nsfuzz,5,l_abs,1085
1776001670,bftpd,nsfuzz,5,b_per,34.9
1776001670,bftpd,nsfuzz,5,b_abs,472
1776001697,bftpd,nsfuzz,5,l_per,48.2
1776001697,bftpd,nsfuzz,5,l_abs,1085
1776001697,bftpd,nsfuzz,5,b_per,34.9
1776001697,bftpd,nsfuzz,5,b_abs,472
1776001714,bftpd,nsfuzz,5,l_per,48.2
1776001714,bftpd,nsfuzz,5,l_abs,1085
1776001714,bftpd,nsfuzz,5,b_per,34.9
1776001714,bftpd,nsfuzz,5,b_abs,472
1776001714,bftpd,nsfuzz,5,l_per,48.2
1776001714,bftpd,nsfuzz,5,l_abs,1085
1776001714,bftpd,nsfuzz,5,b_per,34.9
1776001714,bftpd,nsfuzz,5,b_abs,472
1776001718,bftpd,nsfuzz,5,l_per,48.2
1776001718,bftpd,nsfuzz,5,l_abs,1085
1776001718,bftpd,nsfuzz,5,b_per,34.9
1776001718,bftpd,nsfuzz,5,b_abs,472
1776001719,bftpd,nsfuzz,5,l_per,48.2
1776001719,bftpd,nsfuzz,5,l_abs,1085
1776001719,bftpd,nsfuzz,5,b_per,34.9
1776001719,bftpd,nsfuzz,5,b_abs,472
1776001744,bftpd,nsfuzz,5,l_per,48.2
1776001744,bftpd,nsfuzz,5,l_abs,1085
1776001744,bftpd,nsfuzz,5,b_per,34.9
1776001744,bftpd,nsfuzz,5,b_abs,472
1776001748,bftpd,nsfuzz,5,l_per,48.2
1776001748,bftpd,nsfuzz,5,l_abs,1085
1776001748,bftpd,nsfuzz,5,b_per,34.9
1776001748,bftpd,nsfuzz,5,b_abs,472
1776001754,bftpd,nsfuzz,5,l_per,48.5
1776001754,bftpd,nsfuzz,5,l_abs,1092
1776001754,bftpd,nsfuzz,5,b_per,35.0
1776001754,bftpd,nsfuzz,5,b_abs,474
1776001779,bftpd,nsfuzz,5,l_per,48.5
1776001779,bftpd,nsfuzz,5,l_abs,1092
1776001779,bftpd,nsfuzz,5,b_per,35.0
1776001779,bftpd,nsfuzz,5,b_abs,474
1776001780,bftpd,nsfuzz,5,l_per,48.5
1776001780,bftpd,nsfuzz,5,l_abs,1092
1776001780,bftpd,nsfuzz,5,b_per,35.0
1776001780,bftpd,nsfuzz,5,b_abs,474
1776001804,bftpd,nsfuzz,5,l_per,48.6
1776001804,bftpd,nsfuzz,5,l_abs,1095
1776001804,bftpd,nsfuzz,5,b_per,35.2
1776001804,bftpd,nsfuzz,5,b_abs,476
1776001811,bftpd,nsfuzz,5,l_per,48.6
1776001811,bftpd,nsfuzz,5,l_abs,1095
1776001811,bftpd,nsfuzz,5,b_per,35.2
1776001811,bftpd,nsfuzz,5,b_abs,476
1776001833,bftpd,nsfuzz,5,l_per,48.6
1776001833,bftpd,nsfuzz,5,l_abs,1095
1776001833,bftpd,nsfuzz,5,b_per,35.2
1776001833,bftpd,nsfuzz,5,b_abs,476
1776001861,bftpd,nsfuzz,5,l_per,48.6
1776001861,bftpd,nsfuzz,5,l_abs,1095
1776001861,bftpd,nsfuzz,5,b_per,35.2
1776001861,bftpd,nsfuzz,5,b_abs,476
1776001864,bftpd,nsfuzz,5,l_per,48.6
1776001864,bftpd,nsfuzz,5,l_abs,1095
1776001864,bftpd,nsfuzz,5,b_per,35.2
1776001864,bftpd,nsfuzz,5,b_abs,476
1776001869,bftpd,nsfuzz,5,l_per,48.6
1776001869,bftpd,nsfuzz,5,l_abs,1095
1776001869,bftpd,nsfuzz,5,b_per,35.2
1776001869,bftpd,nsfuzz,5,b_abs,476
1776001891,bftpd,nsfuzz,5,l_per,48.6
1776001891,bftpd,nsfuzz,5,l_abs,1095
1776001891,bftpd,nsfuzz,5,b_per,35.2
1776001891,bftpd,nsfuzz,5,b_abs,476
1776001913,bftpd,nsfuzz,5,l_per,48.6
1776001913,bftpd,nsfuzz,5,l_abs,1095
1776001913,bftpd,nsfuzz,5,b_per,35.2
1776001913,bftpd,nsfuzz,5,b_abs,476
1776001917,bftpd,nsfuzz,5,l_per,48.6
1776001917,bftpd,nsfuzz,5,l_abs,1095
1776001917,bftpd,nsfuzz,5,b_per,35.2
1776001917,bftpd,nsfuzz,5,b_abs,476
1776001926,bftpd,nsfuzz,5,l_per,48.6
1776001926,bftpd,nsfuzz,5,l_abs,1095
1776001926,bftpd,nsfuzz,5,b_per,35.2
1776001926,bftpd,nsfuzz,5,b_abs,476
1776001960,bftpd,nsfuzz,5,l_per,48.6
1776001960,bftpd,nsfuzz,5,l_abs,1095
1776001960,bftpd,nsfuzz,5,b_per,35.2
1776001960,bftpd,nsfuzz,5,b_abs,476
1776002041,bftpd,nsfuzz,5,l_per,48.6
1776002041,bftpd,nsfuzz,5,l_abs,1095
1776002041,bftpd,nsfuzz,5,b_per,35.2
1776002041,bftpd,nsfuzz,5,b_abs,476
1776002043,bftpd,nsfuzz,5,l_per,48.6
1776002043,bftpd,nsfuzz,5,l_abs,1095
1776002043,bftpd,nsfuzz,5,b_per,35.2
1776002043,bftpd,nsfuzz,5,b_abs,476
1776002078,bftpd,nsfuzz,5,l_per,48.6
1776002078,bftpd,nsfuzz,5,l_abs,1095
1776002078,bftpd,nsfuzz,5,b_per,35.2
1776002078,bftpd,nsfuzz,5,b_abs,476
1776002107,bftpd,nsfuzz,5,l_per,48.6
1776002107,bftpd,nsfuzz,5,l_abs,1095
1776002107,bftpd,nsfuzz,5,b_per,35.2
1776002107,bftpd,nsfuzz,5,b_abs,476
1776002116,bftpd,nsfuzz,5,l_per,48.6
1776002116,bftpd,nsfuzz,5,l_abs,1095
1776002116,bftpd,nsfuzz,5,b_per,35.2
1776002116,bftpd,nsfuzz,5,b_abs,476
1776002116,bftpd,nsfuzz,5,l_per,48.6
1776002116,bftpd,nsfuzz,5,l_abs,1095
1776002116,bftpd,nsfuzz,5,b_per,35.2
1776002116,bftpd,nsfuzz,5,b_abs,476
1776002117,bftpd,nsfuzz,5,l_per,48.6
1776002117,bftpd,nsfuzz,5,l_abs,1095
1776002117,bftpd,nsfuzz,5,b_per,35.2
1776002117,bftpd,nsfuzz,5,b_abs,476
1776002118,bftpd,nsfuzz,5,l_per,48.6
1776002118,bftpd,nsfuzz,5,l_abs,1095
1776002118,bftpd,nsfuzz,5,b_per,35.2
1776002118,bftpd,nsfuzz,5,b_abs,476
1776002119,bftpd,nsfuzz,5,l_per,48.6
1776002119,bftpd,nsfuzz,5,l_abs,1095
1776002119,bftpd,nsfuzz,5,b_per,35.2
1776002119,bftpd,nsfuzz,5,b_abs,476
1776002132,bftpd,nsfuzz,5,l_per,48.6
1776002132,bftpd,nsfuzz,5,l_abs,1095
1776002132,bftpd,nsfuzz,5,b_per,35.2
1776002132,bftpd,nsfuzz,5,b_abs,476
1776002138,bftpd,nsfuzz,5,l_per,48.6
1776002138,bftpd,nsfuzz,5,l_abs,1095
1776002138,bftpd,nsfuzz,5,b_per,35.2
1776002138,bftpd,nsfuzz,5,b_abs,476
1776002179,bftpd,nsfuzz,5,l_per,48.6
1776002179,bftpd,nsfuzz,5,l_abs,1095
1776002179,bftpd,nsfuzz,5,b_per,35.2
1776002179,bftpd,nsfuzz,5,b_abs,476
1776002182,bftpd,nsfuzz,5,l_per,48.6
1776002182,bftpd,nsfuzz,5,l_abs,1095
1776002182,bftpd,nsfuzz,5,b_per,35.2
1776002182,bftpd,nsfuzz,5,b_abs,476
1776002199,bftpd,nsfuzz,5,l_per,48.6
1776002199,bftpd,nsfuzz,5,l_abs,1095
1776002199,bftpd,nsfuzz,5,b_per,35.2
1776002199,bftpd,nsfuzz,5,b_abs,476
1776002205,bftpd,nsfuzz,5,l_per,48.6
1776002205,bftpd,nsfuzz,5,l_abs,1095
1776002205,bftpd,nsfuzz,5,b_per,35.2
1776002205,bftpd,nsfuzz,5,b_abs,476
1776002243,bftpd,nsfuzz,5,l_per,48.6
1776002243,bftpd,nsfuzz,5,l_abs,1095
1776002243,bftpd,nsfuzz,5,b_per,35.2
1776002243,bftpd,nsfuzz,5,b_abs,476
1776002258,bftpd,nsfuzz,5,l_per,48.6
1776002258,bftpd,nsfuzz,5,l_abs,1095
1776002258,bftpd,nsfuzz,5,b_per,35.2
1776002258,bftpd,nsfuzz,5,b_abs,476
1776002264,bftpd,nsfuzz,5,l_per,48.6
1776002264,bftpd,nsfuzz,5,l_abs,1095
1776002264,bftpd,nsfuzz,5,b_per,35.2
1776002264,bftpd,nsfuzz,5,b_abs,476
1776002284,bftpd,nsfuzz,5,l_per,48.6
1776002284,bftpd,nsfuzz,5,l_abs,1095
1776002284,bftpd,nsfuzz,5,b_per,35.2
1776002284,bftpd,nsfuzz,5,b_abs,476
1776002342,bftpd,nsfuzz,5,l_per,48.6
1776002342,bftpd,nsfuzz,5,l_abs,1095
1776002342,bftpd,nsfuzz,5,b_per,35.2
1776002342,bftpd,nsfuzz,5,b_abs,476
1776002367,bftpd,nsfuzz,5,l_per,48.6
1776002367,bftpd,nsfuzz,5,l_abs,1095
1776002367,bftpd,nsfuzz,5,b_per,35.2
1776002367,bftpd,nsfuzz,5,b_abs,476
1776002374,bftpd,nsfuzz,5,l_per,48.6
1776002374,bftpd,nsfuzz,5,l_abs,1095
1776002374,bftpd,nsfuzz,5,b_per,35.2
1776002374,bftpd,nsfuzz,5,b_abs,476
1776003110,bftpd,nsfuzz,5,l_per,48.6
1776003110,bftpd,nsfuzz,5,l_abs,1095
1776003110,bftpd,nsfuzz,5,b_per,35.2
1776003110,bftpd,nsfuzz,5,b_abs,476
1776003114,bftpd,nsfuzz,5,l_per,48.6
1776003114,bftpd,nsfuzz,5,l_abs,1095
1776003114,bftpd,nsfuzz,5,b_per,35.2
1776003114,bftpd,nsfuzz,5,b_abs,476
1776003359,bftpd,nsfuzz,5,l_per,48.6
1776003359,bftpd,nsfuzz,5,l_abs,1095
1776003359,bftpd,nsfuzz,5,b_per,35.2
1776003359,bftpd,nsfuzz,5,b_abs,476
1776003374,bftpd,nsfuzz,5,l_per,48.6
1776003374,bftpd,nsfuzz,5,l_abs,1095
1776003374,bftpd,nsfuzz,5,b_per,35.2
1776003374,bftpd,nsfuzz,5,b_abs,476
1776003560,bftpd,nsfuzz,5,l_per,48.6
1776003560,bftpd,nsfuzz,5,l_abs,1095
1776003560,bftpd,nsfuzz,5,b_per,35.2
1776003560,bftpd,nsfuzz,5,b_abs,476
1776003622,bftpd,nsfuzz,5,l_per,48.6
1776003622,bftpd,nsfuzz,5,l_abs,1095
1776003622,bftpd,nsfuzz,5,b_per,35.2
1776003622,bftpd,nsfuzz,5,b_abs,476
1776003783,bftpd,nsfuzz,5,l_per,48.6
1776003783,bftpd,nsfuzz,5,l_abs,1095
1776003783,bftpd,nsfuzz,5,b_per,35.2
1776003783,bftpd,nsfuzz,5,b_abs,476
1776003793,bftpd,nsfuzz,5,l_per,48.6
1776003793,bftpd,nsfuzz,5,l_abs,1095
1776003793,bftpd,nsfuzz,5,b_per,35.2
1776003793,bftpd,nsfuzz,5,b_abs,476
1776004024,bftpd,nsfuzz,5,l_per,48.6
1776004024,bftpd,nsfuzz,5,l_abs,1095
1776004024,bftpd,nsfuzz,5,b_per,35.2
1776004024,bftpd,nsfuzz,5,b_abs,476
1776004310,bftpd,nsfuzz,5,l_per,48.6
1776004310,bftpd,nsfuzz,5,l_abs,1095
1776004310,bftpd,nsfuzz,5,b_per,35.2
1776004310,bftpd,nsfuzz,5,b_abs,476
1776004388,bftpd,nsfuzz,5,l_per,48.6
1776004388,bftpd,nsfuzz,5,l_abs,1095
1776004388,bftpd,nsfuzz,5,b_per,35.2
1776004388,bftpd,nsfuzz,5,b_abs,476
1776005101,bftpd,nsfuzz,5,l_per,48.6
1776005101,bftpd,nsfuzz,5,l_abs,1095
1776005101,bftpd,nsfuzz,5,b_per,35.2
1776005101,bftpd,nsfuzz,5,b_abs,476
1776006380,bftpd,nsfuzz,5,l_per,48.6
1776006380,bftpd,nsfuzz,5,l_abs,1095
1776006380,bftpd,nsfuzz,5,b_per,35.2
1776006380,bftpd,nsfuzz,5,b_abs,476
1776007867,bftpd,nsfuzz,5,l_per,48.6
1776007867,bftpd,nsfuzz,5,l_abs,1095
1776007867,bftpd,nsfuzz,5,b_per,35.2
1776007867,bftpd,nsfuzz,5,b_abs,476
1776009977,bftpd,nsfuzz,5,l_per,48.6
1776009977,bftpd,nsfuzz,5,l_abs,1095
1776009977,bftpd,nsfuzz,5,b_per,35.2
1776009977,bftpd,nsfuzz,5,b_abs,476
1776009997,bftpd,nsfuzz,5,l_per,48.6
1776009997,bftpd,nsfuzz,5,l_abs,1095
1776009997,bftpd,nsfuzz,5,b_per,35.2
1776009997,bftpd,nsfuzz,5,b_abs,476
1776010000,bftpd,nsfuzz,5,l_per,48.6
1776010000,bftpd,nsfuzz,5,l_abs,1095
1776010000,bftpd,nsfuzz,5,b_per,35.2
1776010000,bftpd,nsfuzz,5,b_abs,476
1776010001,bftpd,nsfuzz,5,l_per,48.6
1776010001,bftpd,nsfuzz,5,l_abs,1095
1776010001,bftpd,nsfuzz,5,b_per,35.2
1776010001,bftpd,nsfuzz,5,b_abs,476
1776010002,bftpd,nsfuzz,5,l_per,48.6
1776010002,bftpd,nsfuzz,5,l_abs,1095
1776010002,bftpd,nsfuzz,5,b_per,35.2
1776010002,bftpd,nsfuzz,5,b_abs,476
1776010006,bftpd,nsfuzz,5,l_per,48.6
1776010006,bftpd,nsfuzz,5,l_abs,1095
1776010006,bftpd,nsfuzz,5,b_per,35.2
1776010006,bftpd,nsfuzz,5,b_abs,476
1776010036,bftpd,nsfuzz,5,l_per,48.6
1776010036,bftpd,nsfuzz,5,l_abs,1095
1776010036,bftpd,nsfuzz,5,b_per,35.2
1776010036,bftpd,nsfuzz,5,b_abs,476
1776010040,bftpd,nsfuzz,5,l_per,48.6
1776010040,bftpd,nsfuzz,5,l_abs,1095
1776010040,bftpd,nsfuzz,5,b_per,35.2
1776010040,bftpd,nsfuzz,5,b_abs,476
1776010044,bftpd,nsfuzz,5,l_per,48.6
1776010044,bftpd,nsfuzz,5,l_abs,1095
1776010044,bftpd,nsfuzz,5,b_per,35.2
1776010044,bftpd,nsfuzz,5,b_abs,476
1776010058,bftpd,nsfuzz,5,l_per,48.6
1776010058,bftpd,nsfuzz,5,l_abs,1095
1776010058,bftpd,nsfuzz,5,b_per,35.2
1776010058,bftpd,nsfuzz,5,b_abs,476
1776010093,bftpd,nsfuzz,5,l_per,48.6
1776010093,bftpd,nsfuzz,5,l_abs,1095
1776010093,bftpd,nsfuzz,5,b_per,35.2
1776010093,bftpd,nsfuzz,5,b_abs,476
1776010163,bftpd,nsfuzz,5,l_per,48.6
1776010163,bftpd,nsfuzz,5,l_abs,1095
1776010163,bftpd,nsfuzz,5,b_per,35.2
1776010163,bftpd,nsfuzz,5,b_abs,476
1776010502,bftpd,nsfuzz,5,l_per,48.6
1776010502,bftpd,nsfuzz,5,l_abs,1095
1776010502,bftpd,nsfuzz,5,b_per,35.2
1776010502,bftpd,nsfuzz,5,b_abs,476
1776015020,bftpd,nsfuzz,5,l_per,48.6
1776015020,bftpd,nsfuzz,5,l_abs,1095
1776015020,bftpd,nsfuzz,5,b_per,35.2
1776015020,bftpd,nsfuzz,5,b_abs,476
1776016013,bftpd,nsfuzz,5,l_per,48.6
1776016013,bftpd,nsfuzz,5,l_abs,1095
1776016013,bftpd,nsfuzz,5,b_per,35.2
1776016013,bftpd,nsfuzz,5,b_abs,476
1776079927,bftpd,nsfuzz,5,l_per,48.6
1776079927,bftpd,nsfuzz,5,l_abs,1095
1776079927,bftpd,nsfuzz,5,b_per,35.2
1776079927,bftpd,nsfuzz,5,b_abs,476
1776001091,bftpd,nsfuzz,6,l_per,28.9
1776001091,bftpd,nsfuzz,6,l_abs,647
1776001091,bftpd,nsfuzz,6,b_per,18.5
1776001091,bftpd,nsfuzz,6,b_abs,251
1776001091,bftpd,nsfuzz,6,l_per,29.6
1776001091,bftpd,nsfuzz,6,l_abs,663
1776001091,bftpd,nsfuzz,6,b_per,19.1
1776001091,bftpd,nsfuzz,6,b_abs,258
1776001091,bftpd,nsfuzz,6,l_per,30.3
1776001091,bftpd,nsfuzz,6,l_abs,680
1776001091,bftpd,nsfuzz,6,b_per,19.4
1776001091,bftpd,nsfuzz,6,b_abs,263
1776001091,bftpd,nsfuzz,6,l_per,30.3
1776001091,bftpd,nsfuzz,6,l_abs,680
1776001091,bftpd,nsfuzz,6,b_per,19.4
1776001091,bftpd,nsfuzz,6,b_abs,263
1776001091,bftpd,nsfuzz,6,l_per,33.2
1776001091,bftpd,nsfuzz,6,l_abs,744
1776001091,bftpd,nsfuzz,6,b_per,20.8
1776001091,bftpd,nsfuzz,6,b_abs,281
1776001091,bftpd,nsfuzz,6,l_per,35.2
1776001091,bftpd,nsfuzz,6,l_abs,791
1776001091,bftpd,nsfuzz,6,b_per,22.5
1776001091,bftpd,nsfuzz,6,b_abs,304
1776001091,bftpd,nsfuzz,6,l_per,35.2
1776001091,bftpd,nsfuzz,6,l_abs,791
1776001091,bftpd,nsfuzz,6,b_per,22.5
1776001091,bftpd,nsfuzz,6,b_abs,304
1776001091,bftpd,nsfuzz,6,l_per,35.2
1776001091,bftpd,nsfuzz,6,l_abs,791
1776001091,bftpd,nsfuzz,6,b_per,22.5
1776001091,bftpd,nsfuzz,6,b_abs,304
1776001091,bftpd,nsfuzz,6,l_per,35.4
1776001091,bftpd,nsfuzz,6,l_abs,795
1776001091,bftpd,nsfuzz,6,b_per,22.6
1776001091,bftpd,nsfuzz,6,b_abs,306
1776001091,bftpd,nsfuzz,6,l_per,36.4
1776001091,bftpd,nsfuzz,6,l_abs,819
1776001091,bftpd,nsfuzz,6,b_per,23.3
1776001091,bftpd,nsfuzz,6,b_abs,315
1776001091,bftpd,nsfuzz,6,l_per,36.4
1776001091,bftpd,nsfuzz,6,l_abs,819
1776001091,bftpd,nsfuzz,6,b_per,23.3
1776001091,bftpd,nsfuzz,6,b_abs,315
1776001091,bftpd,nsfuzz,6,l_per,40.7
1776001091,bftpd,nsfuzz,6,l_abs,916
1776001091,bftpd,nsfuzz,6,b_per,27.0
1776001091,bftpd,nsfuzz,6,b_abs,365
1776001091,bftpd,nsfuzz,6,l_per,41.4
1776001091,bftpd,nsfuzz,6,l_abs,930
1776001091,bftpd,nsfuzz,6,b_per,27.3
1776001091,bftpd,nsfuzz,6,b_abs,370
1776001091,bftpd,nsfuzz,6,l_per,41.4
1776001091,bftpd,nsfuzz,6,l_abs,930
1776001091,bftpd,nsfuzz,6,b_per,27.3
1776001091,bftpd,nsfuzz,6,b_abs,370
1776001091,bftpd,nsfuzz,6,l_per,41.4
1776001091,bftpd,nsfuzz,6,l_abs,931
1776001091,bftpd,nsfuzz,6,b_per,27.4
1776001091,bftpd,nsfuzz,6,b_abs,371
1776001091,bftpd,nsfuzz,6,l_per,41.4
1776001091,bftpd,nsfuzz,6,l_abs,931
1776001091,bftpd,nsfuzz,6,b_per,27.4
1776001091,bftpd,nsfuzz,6,b_abs,371
1776001091,bftpd,nsfuzz,6,l_per,41.4
1776001091,bftpd,nsfuzz,6,l_abs,931
1776001091,bftpd,nsfuzz,6,b_per,27.4
1776001091,bftpd,nsfuzz,6,b_abs,371
1776001091,bftpd,nsfuzz,6,l_per,41.7
1776001091,bftpd,nsfuzz,6,l_abs,937
1776001091,bftpd,nsfuzz,6,b_per,27.6
1776001091,bftpd,nsfuzz,6,b_abs,374
1776001091,bftpd,nsfuzz,6,l_per,41.8
1776001091,bftpd,nsfuzz,6,l_abs,940
1776001091,bftpd,nsfuzz,6,b_per,27.7
1776001091,bftpd,nsfuzz,6,b_abs,375
1776001091,bftpd,nsfuzz,6,l_per,41.8
1776001091,bftpd,nsfuzz,6,l_abs,940
1776001091,bftpd,nsfuzz,6,b_per,27.7
1776001091,bftpd,nsfuzz,6,b_abs,375
1776001091,bftpd,nsfuzz,6,l_per,41.8
1776001091,bftpd,nsfuzz,6,l_abs,940
1776001091,bftpd,nsfuzz,6,b_per,27.7
1776001091,bftpd,nsfuzz,6,b_abs,375
1776001091,bftpd,nsfuzz,6,l_per,41.8
1776001091,bftpd,nsfuzz,6,l_abs,940
1776001091,bftpd,nsfuzz,6,b_per,27.7
1776001091,bftpd,nsfuzz,6,b_abs,375
1776001091,bftpd,nsfuzz,6,l_per,41.8
1776001091,bftpd,nsfuzz,6,l_abs,940
1776001091,bftpd,nsfuzz,6,b_per,27.7
1776001091,bftpd,nsfuzz,6,b_abs,375
1776001091,bftpd,nsfuzz,6,l_per,41.9
1776001091,bftpd,nsfuzz,6,l_abs,942
1776001091,bftpd,nsfuzz,6,b_per,27.8
1776001091,bftpd,nsfuzz,6,b_abs,376
1776001091,bftpd,nsfuzz,6,l_per,41.9
1776001091,bftpd,nsfuzz,6,l_abs,942
1776001091,bftpd,nsfuzz,6,b_per,27.8
1776001091,bftpd,nsfuzz,6,b_abs,376
1776001091,bftpd,nsfuzz,6,l_per,41.9
1776001091,bftpd,nsfuzz,6,l_abs,942
1776001091,bftpd,nsfuzz,6,b_per,27.8
1776001091,bftpd,nsfuzz,6,b_abs,376
1776001095,bftpd,nsfuzz,6,l_per,42.0
1776001095,bftpd,nsfuzz,6,l_abs,945
1776001095,bftpd,nsfuzz,6,b_per,28.2
1776001095,bftpd,nsfuzz,6,b_abs,382
1776001095,bftpd,nsfuzz,6,l_per,42.1
1776001095,bftpd,nsfuzz,6,l_abs,946
1776001095,bftpd,nsfuzz,6,b_per,28.3
1776001095,bftpd,nsfuzz,6,b_abs,383
1776001095,bftpd,nsfuzz,6,l_per,42.1
1776001095,bftpd,nsfuzz,6,l_abs,946
1776001095,bftpd,nsfuzz,6,b_per,28.3
1776001095,bftpd,nsfuzz,6,b_abs,383
1776001095,bftpd,nsfuzz,6,l_per,42.1
1776001095,bftpd,nsfuzz,6,l_abs,946
1776001095,bftpd,nsfuzz,6,b_per,28.3
1776001095,bftpd,nsfuzz,6,b_abs,383
1776001096,bftpd,nsfuzz,6,l_per,42.1
1776001096,bftpd,nsfuzz,6,l_abs,946
1776001096,bftpd,nsfuzz,6,b_per,28.3
1776001096,bftpd,nsfuzz,6,b_abs,383
1776001096,bftpd,nsfuzz,6,l_per,42.4
1776001096,bftpd,nsfuzz,6,l_abs,953
1776001096,bftpd,nsfuzz,6,b_per,28.6
1776001096,bftpd,nsfuzz,6,b_abs,387
1776001096,bftpd,nsfuzz,6,l_per,42.4
1776001096,bftpd,nsfuzz,6,l_abs,953
1776001096,bftpd,nsfuzz,6,b_per,28.6
1776001096,bftpd,nsfuzz,6,b_abs,387
1776001096,bftpd,nsfuzz,6,l_per,42.4
1776001096,bftpd,nsfuzz,6,l_abs,953
1776001096,bftpd,nsfuzz,6,b_per,28.6
1776001096,bftpd,nsfuzz,6,b_abs,387
1776001096,bftpd,nsfuzz,6,l_per,42.4
1776001096,bftpd,nsfuzz,6,l_abs,953
1776001096,bftpd,nsfuzz,6,b_per,28.6
1776001096,bftpd,nsfuzz,6,b_abs,387
1776001096,bftpd,nsfuzz,6,l_per,42.4
1776001096,bftpd,nsfuzz,6,l_abs,953
1776001096,bftpd,nsfuzz,6,b_per,28.6
1776001096,bftpd,nsfuzz,6,b_abs,387
1776001096,bftpd,nsfuzz,6,l_per,42.4
1776001096,bftpd,nsfuzz,6,l_abs,953
1776001096,bftpd,nsfuzz,6,b_per,28.7
1776001096,bftpd,nsfuzz,6,b_abs,388
1776001096,bftpd,nsfuzz,6,l_per,42.4
1776001096,bftpd,nsfuzz,6,l_abs,953
1776001096,bftpd,nsfuzz,6,b_per,28.7
1776001096,bftpd,nsfuzz,6,b_abs,388
1776001096,bftpd,nsfuzz,6,l_per,42.4
1776001096,bftpd,nsfuzz,6,l_abs,953
1776001096,bftpd,nsfuzz,6,b_per,28.7
1776001096,bftpd,nsfuzz,6,b_abs,388
1776001096,bftpd,nsfuzz,6,l_per,42.4
1776001096,bftpd,nsfuzz,6,l_abs,953
1776001096,bftpd,nsfuzz,6,b_per,28.7
1776001096,bftpd,nsfuzz,6,b_abs,388
1776001096,bftpd,nsfuzz,6,l_per,42.4
1776001096,bftpd,nsfuzz,6,l_abs,953
1776001096,bftpd,nsfuzz,6,b_per,28.7
1776001096,bftpd,nsfuzz,6,b_abs,388
1776001096,bftpd,nsfuzz,6,l_per,42.4
1776001096,bftpd,nsfuzz,6,l_abs,953
1776001096,bftpd,nsfuzz,6,b_per,28.7
1776001096,bftpd,nsfuzz,6,b_abs,388
1776001096,bftpd,nsfuzz,6,l_per,42.4
1776001096,bftpd,nsfuzz,6,l_abs,953
1776001096,bftpd,nsfuzz,6,b_per,28.7
1776001096,bftpd,nsfuzz,6,b_abs,388
1776001096,bftpd,nsfuzz,6,l_per,42.4
1776001096,bftpd,nsfuzz,6,l_abs,953
1776001096,bftpd,nsfuzz,6,b_per,28.7
1776001096,bftpd,nsfuzz,6,b_abs,388
1776001097,bftpd,nsfuzz,6,l_per,42.5
1776001097,bftpd,nsfuzz,6,l_abs,955
1776001097,bftpd,nsfuzz,6,b_per,28.7
1776001097,bftpd,nsfuzz,6,b_abs,389
1776001097,bftpd,nsfuzz,6,l_per,42.5
1776001097,bftpd,nsfuzz,6,l_abs,955
1776001097,bftpd,nsfuzz,6,b_per,28.7
1776001097,bftpd,nsfuzz,6,b_abs,389
1776001097,bftpd,nsfuzz,6,l_per,42.5
1776001097,bftpd,nsfuzz,6,l_abs,955
1776001097,bftpd,nsfuzz,6,b_per,28.7
1776001097,bftpd,nsfuzz,6,b_abs,389
1776001097,bftpd,nsfuzz,6,l_per,42.5
1776001097,bftpd,nsfuzz,6,l_abs,955
1776001097,bftpd,nsfuzz,6,b_per,28.7
1776001097,bftpd,nsfuzz,6,b_abs,389
1776001097,bftpd,nsfuzz,6,l_per,42.5
1776001097,bftpd,nsfuzz,6,l_abs,955
1776001097,bftpd,nsfuzz,6,b_per,28.7
1776001097,bftpd,nsfuzz,6,b_abs,389
1776001097,bftpd,nsfuzz,6,l_per,42.5
1776001097,bftpd,nsfuzz,6,l_abs,955
1776001097,bftpd,nsfuzz,6,b_per,28.7
1776001097,bftpd,nsfuzz,6,b_abs,389
1776001098,bftpd,nsfuzz,6,l_per,42.5
1776001098,bftpd,nsfuzz,6,l_abs,955
1776001098,bftpd,nsfuzz,6,b_per,28.7
1776001098,bftpd,nsfuzz,6,b_abs,389
1776001098,bftpd,nsfuzz,6,l_per,42.5
1776001098,bftpd,nsfuzz,6,l_abs,955
1776001098,bftpd,nsfuzz,6,b_per,28.7
1776001098,bftpd,nsfuzz,6,b_abs,389
1776001098,bftpd,nsfuzz,6,l_per,42.5
1776001098,bftpd,nsfuzz,6,l_abs,955
1776001098,bftpd,nsfuzz,6,b_per,28.7
1776001098,bftpd,nsfuzz,6,b_abs,389
1776001098,bftpd,nsfuzz,6,l_per,42.5
1776001098,bftpd,nsfuzz,6,l_abs,955
1776001098,bftpd,nsfuzz,6,b_per,28.7
1776001098,bftpd,nsfuzz,6,b_abs,389
1776001098,bftpd,nsfuzz,6,l_per,42.5
1776001098,bftpd,nsfuzz,6,l_abs,955
1776001098,bftpd,nsfuzz,6,b_per,28.7
1776001098,bftpd,nsfuzz,6,b_abs,389
1776001098,bftpd,nsfuzz,6,l_per,42.5
1776001098,bftpd,nsfuzz,6,l_abs,955
1776001098,bftpd,nsfuzz,6,b_per,28.7
1776001098,bftpd,nsfuzz,6,b_abs,389
1776001098,bftpd,nsfuzz,6,l_per,42.5
1776001098,bftpd,nsfuzz,6,l_abs,955
1776001098,bftpd,nsfuzz,6,b_per,28.7
1776001098,bftpd,nsfuzz,6,b_abs,389
1776001098,bftpd,nsfuzz,6,l_per,42.5
1776001098,bftpd,nsfuzz,6,l_abs,955
1776001098,bftpd,nsfuzz,6,b_per,28.7
1776001098,bftpd,nsfuzz,6,b_abs,389
1776001098,bftpd,nsfuzz,6,l_per,42.5
1776001098,bftpd,nsfuzz,6,l_abs,955
1776001098,bftpd,nsfuzz,6,b_per,28.7
1776001098,bftpd,nsfuzz,6,b_abs,389
1776001098,bftpd,nsfuzz,6,l_per,42.5
1776001098,bftpd,nsfuzz,6,l_abs,955
1776001098,bftpd,nsfuzz,6,b_per,28.7
1776001098,bftpd,nsfuzz,6,b_abs,389
1776001099,bftpd,nsfuzz,6,l_per,42.5
1776001099,bftpd,nsfuzz,6,l_abs,955
1776001099,bftpd,nsfuzz,6,b_per,28.7
1776001099,bftpd,nsfuzz,6,b_abs,389
1776001099,bftpd,nsfuzz,6,l_per,42.5
1776001099,bftpd,nsfuzz,6,l_abs,955
1776001099,bftpd,nsfuzz,6,b_per,28.7
1776001099,bftpd,nsfuzz,6,b_abs,389
1776001099,bftpd,nsfuzz,6,l_per,42.5
1776001099,bftpd,nsfuzz,6,l_abs,955
1776001099,bftpd,nsfuzz,6,b_per,28.7
1776001099,bftpd,nsfuzz,6,b_abs,389
1776001099,bftpd,nsfuzz,6,l_per,42.6
1776001099,bftpd,nsfuzz,6,l_abs,957
1776001099,bftpd,nsfuzz,6,b_per,28.9
1776001099,bftpd,nsfuzz,6,b_abs,391
1776001099,bftpd,nsfuzz,6,l_per,42.7
1776001099,bftpd,nsfuzz,6,l_abs,959
1776001099,bftpd,nsfuzz,6,b_per,29.0
1776001099,bftpd,nsfuzz,6,b_abs,392
1776001099,bftpd,nsfuzz,6,l_per,42.7
1776001099,bftpd,nsfuzz,6,l_abs,959
1776001099,bftpd,nsfuzz,6,b_per,29.0
1776001099,bftpd,nsfuzz,6,b_abs,392
1776001099,bftpd,nsfuzz,6,l_per,42.7
1776001099,bftpd,nsfuzz,6,l_abs,959
1776001099,bftpd,nsfuzz,6,b_per,29.0
1776001099,bftpd,nsfuzz,6,b_abs,392
1776001099,bftpd,nsfuzz,6,l_per,42.7
1776001099,bftpd,nsfuzz,6,l_abs,959
1776001099,bftpd,nsfuzz,6,b_per,29.0
1776001099,bftpd,nsfuzz,6,b_abs,392
1776001100,bftpd,nsfuzz,6,l_per,42.7
1776001100,bftpd,nsfuzz,6,l_abs,959
1776001100,bftpd,nsfuzz,6,b_per,29.0
1776001100,bftpd,nsfuzz,6,b_abs,392
1776001100,bftpd,nsfuzz,6,l_per,42.7
1776001100,bftpd,nsfuzz,6,l_abs,959
1776001100,bftpd,nsfuzz,6,b_per,29.0
1776001100,bftpd,nsfuzz,6,b_abs,392
1776001100,bftpd,nsfuzz,6,l_per,42.7
1776001100,bftpd,nsfuzz,6,l_abs,959
1776001100,bftpd,nsfuzz,6,b_per,29.0
1776001100,bftpd,nsfuzz,6,b_abs,392
1776001100,bftpd,nsfuzz,6,l_per,43.0
1776001100,bftpd,nsfuzz,6,l_abs,966
1776001100,bftpd,nsfuzz,6,b_per,29.2
1776001100,bftpd,nsfuzz,6,b_abs,395
1776001101,bftpd,nsfuzz,6,l_per,43.0
1776001101,bftpd,nsfuzz,6,l_abs,966
1776001101,bftpd,nsfuzz,6,b_per,29.2
1776001101,bftpd,nsfuzz,6,b_abs,395
1776001101,bftpd,nsfuzz,6,l_per,43.1
1776001101,bftpd,nsfuzz,6,l_abs,968
1776001101,bftpd,nsfuzz,6,b_per,29.5
1776001101,bftpd,nsfuzz,6,b_abs,399
1776001101,bftpd,nsfuzz,6,l_per,43.1
1776001101,bftpd,nsfuzz,6,l_abs,969
1776001101,bftpd,nsfuzz,6,b_per,29.5
1776001101,bftpd,nsfuzz,6,b_abs,400
1776001101,bftpd,nsfuzz,6,l_per,43.1
1776001101,bftpd,nsfuzz,6,l_abs,969
1776001101,bftpd,nsfuzz,6,b_per,29.5
1776001101,bftpd,nsfuzz,6,b_abs,400
1776001101,bftpd,nsfuzz,6,l_per,43.1
1776001101,bftpd,nsfuzz,6,l_abs,969
1776001101,bftpd,nsfuzz,6,b_per,29.5
1776001101,bftpd,nsfuzz,6,b_abs,400
1776001101,bftpd,nsfuzz,6,l_per,43.1
1776001101,bftpd,nsfuzz,6,l_abs,969
1776001101,bftpd,nsfuzz,6,b_per,29.5
1776001101,bftpd,nsfuzz,6,b_abs,400
1776001102,bftpd,nsfuzz,6,l_per,43.1
1776001102,bftpd,nsfuzz,6,l_abs,969
1776001102,bftpd,nsfuzz,6,b_per,29.5
1776001102,bftpd,nsfuzz,6,b_abs,400
1776001102,bftpd,nsfuzz,6,l_per,43.1
1776001102,bftpd,nsfuzz,6,l_abs,969
1776001102,bftpd,nsfuzz,6,b_per,29.5
1776001102,bftpd,nsfuzz,6,b_abs,400
1776001102,bftpd,nsfuzz,6,l_per,43.1
1776001102,bftpd,nsfuzz,6,l_abs,969
1776001102,bftpd,nsfuzz,6,b_per,29.5
1776001102,bftpd,nsfuzz,6,b_abs,400
1776001102,bftpd,nsfuzz,6,l_per,43.1
1776001102,bftpd,nsfuzz,6,l_abs,969
1776001102,bftpd,nsfuzz,6,b_per,29.5
1776001102,bftpd,nsfuzz,6,b_abs,400
1776001102,bftpd,nsfuzz,6,l_per,43.1
1776001102,bftpd,nsfuzz,6,l_abs,969
1776001102,bftpd,nsfuzz,6,b_per,29.5
1776001102,bftpd,nsfuzz,6,b_abs,400
1776001103,bftpd,nsfuzz,6,l_per,43.1
1776001103,bftpd,nsfuzz,6,l_abs,969
1776001103,bftpd,nsfuzz,6,b_per,29.5
1776001103,bftpd,nsfuzz,6,b_abs,400
1776001103,bftpd,nsfuzz,6,l_per,43.1
1776001103,bftpd,nsfuzz,6,l_abs,969
1776001103,bftpd,nsfuzz,6,b_per,29.5
1776001103,bftpd,nsfuzz,6,b_abs,400
1776001103,bftpd,nsfuzz,6,l_per,43.1
1776001103,bftpd,nsfuzz,6,l_abs,969
1776001103,bftpd,nsfuzz,6,b_per,29.5
1776001103,bftpd,nsfuzz,6,b_abs,400
1776001104,bftpd,nsfuzz,6,l_per,43.1
1776001104,bftpd,nsfuzz,6,l_abs,969
1776001104,bftpd,nsfuzz,6,b_per,29.5
1776001104,bftpd,nsfuzz,6,b_abs,400
1776001104,bftpd,nsfuzz,6,l_per,43.1
1776001104,bftpd,nsfuzz,6,l_abs,969
1776001104,bftpd,nsfuzz,6,b_per,29.5
1776001104,bftpd,nsfuzz,6,b_abs,400
1776001104,bftpd,nsfuzz,6,l_per,43.1
1776001104,bftpd,nsfuzz,6,l_abs,969
1776001104,bftpd,nsfuzz,6,b_per,29.5
1776001104,bftpd,nsfuzz,6,b_abs,400
1776001105,bftpd,nsfuzz,6,l_per,43.1
1776001105,bftpd,nsfuzz,6,l_abs,969
1776001105,bftpd,nsfuzz,6,b_per,29.5
1776001105,bftpd,nsfuzz,6,b_abs,400
1776001105,bftpd,nsfuzz,6,l_per,43.1
1776001105,bftpd,nsfuzz,6,l_abs,969
1776001105,bftpd,nsfuzz,6,b_per,29.5
1776001105,bftpd,nsfuzz,6,b_abs,400
1776001106,bftpd,nsfuzz,6,l_per,43.1
1776001106,bftpd,nsfuzz,6,l_abs,969
1776001106,bftpd,nsfuzz,6,b_per,29.5
1776001106,bftpd,nsfuzz,6,b_abs,400
1776001106,bftpd,nsfuzz,6,l_per,43.1
1776001106,bftpd,nsfuzz,6,l_abs,969
1776001106,bftpd,nsfuzz,6,b_per,29.5
1776001106,bftpd,nsfuzz,6,b_abs,400
1776001106,bftpd,nsfuzz,6,l_per,43.1
1776001106,bftpd,nsfuzz,6,l_abs,969
1776001106,bftpd,nsfuzz,6,b_per,29.5
1776001106,bftpd,nsfuzz,6,b_abs,400
1776001107,bftpd,nsfuzz,6,l_per,43.1
1776001107,bftpd,nsfuzz,6,l_abs,969
1776001107,bftpd,nsfuzz,6,b_per,29.5
1776001107,bftpd,nsfuzz,6,b_abs,400
1776001107,bftpd,nsfuzz,6,l_per,43.5
1776001107,bftpd,nsfuzz,6,l_abs,978
1776001107,bftpd,nsfuzz,6,b_per,29.8
1776001107,bftpd,nsfuzz,6,b_abs,403
1776001107,bftpd,nsfuzz,6,l_per,43.5
1776001107,bftpd,nsfuzz,6,l_abs,978
1776001107,bftpd,nsfuzz,6,b_per,29.8
1776001107,bftpd,nsfuzz,6,b_abs,403
1776001107,bftpd,nsfuzz,6,l_per,43.6
1776001107,bftpd,nsfuzz,6,l_abs,980
1776001107,bftpd,nsfuzz,6,b_per,29.8
1776001107,bftpd,nsfuzz,6,b_abs,404
1776001107,bftpd,nsfuzz,6,l_per,43.6
1776001107,bftpd,nsfuzz,6,l_abs,980
1776001107,bftpd,nsfuzz,6,b_per,29.8
1776001107,bftpd,nsfuzz,6,b_abs,404
1776001107,bftpd,nsfuzz,6,l_per,44.0
1776001107,bftpd,nsfuzz,6,l_abs,989
1776001107,bftpd,nsfuzz,6,b_per,30.1
1776001107,bftpd,nsfuzz,6,b_abs,408
1776001108,bftpd,nsfuzz,6,l_per,44.2
1776001108,bftpd,nsfuzz,6,l_abs,993
1776001108,bftpd,nsfuzz,6,b_per,30.1
1776001108,bftpd,nsfuzz,6,b_abs,408
1776001108,bftpd,nsfuzz,6,l_per,44.2
1776001108,bftpd,nsfuzz,6,l_abs,993
1776001108,bftpd,nsfuzz,6,b_per,30.1
1776001108,bftpd,nsfuzz,6,b_abs,408
1776001108,bftpd,nsfuzz,6,l_per,44.2
1776001108,bftpd,nsfuzz,6,l_abs,993
1776001108,bftpd,nsfuzz,6,b_per,30.1
1776001108,bftpd,nsfuzz,6,b_abs,408
1776001108,bftpd,nsfuzz,6,l_per,44.2
1776001108,bftpd,nsfuzz,6,l_abs,993
1776001108,bftpd,nsfuzz,6,b_per,30.1
1776001108,bftpd,nsfuzz,6,b_abs,408
1776001108,bftpd,nsfuzz,6,l_per,44.2
1776001108,bftpd,nsfuzz,6,l_abs,993
1776001108,bftpd,nsfuzz,6,b_per,30.1
1776001108,bftpd,nsfuzz,6,b_abs,408
1776001108,bftpd,nsfuzz,6,l_per,44.2
1776001108,bftpd,nsfuzz,6,l_abs,993
1776001108,bftpd,nsfuzz,6,b_per,30.1
1776001108,bftpd,nsfuzz,6,b_abs,408
1776001109,bftpd,nsfuzz,6,l_per,44.2
1776001109,bftpd,nsfuzz,6,l_abs,993
1776001109,bftpd,nsfuzz,6,b_per,30.2
1776001109,bftpd,nsfuzz,6,b_abs,409
1776001110,bftpd,nsfuzz,6,l_per,44.2
1776001110,bftpd,nsfuzz,6,l_abs,993
1776001110,bftpd,nsfuzz,6,b_per,30.2
1776001110,bftpd,nsfuzz,6,b_abs,409
1776001110,bftpd,nsfuzz,6,l_per,44.2
1776001110,bftpd,nsfuzz,6,l_abs,993
1776001110,bftpd,nsfuzz,6,b_per,30.2
1776001110,bftpd,nsfuzz,6,b_abs,409
1776001110,bftpd,nsfuzz,6,l_per,44.5
1776001110,bftpd,nsfuzz,6,l_abs,1000
1776001110,bftpd,nsfuzz,6,b_per,30.7
1776001110,bftpd,nsfuzz,6,b_abs,416
1776001110,bftpd,nsfuzz,6,l_per,44.5
1776001110,bftpd,nsfuzz,6,l_abs,1000
1776001110,bftpd,nsfuzz,6,b_per,30.7
1776001110,bftpd,nsfuzz,6,b_abs,416
1776001110,bftpd,nsfuzz,6,l_per,44.5
1776001110,bftpd,nsfuzz,6,l_abs,1000
1776001110,bftpd,nsfuzz,6,b_per,30.7
1776001110,bftpd,nsfuzz,6,b_abs,416
1776001111,bftpd,nsfuzz,6,l_per,44.5
1776001111,bftpd,nsfuzz,6,l_abs,1000
1776001111,bftpd,nsfuzz,6,b_per,30.7
1776001111,bftpd,nsfuzz,6,b_abs,416
1776001111,bftpd,nsfuzz,6,l_per,44.5
1776001111,bftpd,nsfuzz,6,l_abs,1000
1776001111,bftpd,nsfuzz,6,b_per,30.7
1776001111,bftpd,nsfuzz,6,b_abs,416
1776001111,bftpd,nsfuzz,6,l_per,44.5
1776001111,bftpd,nsfuzz,6,l_abs,1000
1776001111,bftpd,nsfuzz,6,b_per,30.7
1776001111,bftpd,nsfuzz,6,b_abs,416
1776001112,bftpd,nsfuzz,6,l_per,44.6
1776001112,bftpd,nsfuzz,6,l_abs,1002
1776001112,bftpd,nsfuzz,6,b_per,30.8
1776001112,bftpd,nsfuzz,6,b_abs,417
1776001112,bftpd,nsfuzz,6,l_per,44.6
1776001112,bftpd,nsfuzz,6,l_abs,1002
1776001112,bftpd,nsfuzz,6,b_per,30.8
1776001112,bftpd,nsfuzz,6,b_abs,417
1776001112,bftpd,nsfuzz,6,l_per,44.6
1776001112,bftpd,nsfuzz,6,l_abs,1002
1776001112,bftpd,nsfuzz,6,b_per,30.8
1776001112,bftpd,nsfuzz,6,b_abs,417
1776001112,bftpd,nsfuzz,6,l_per,44.6
1776001112,bftpd,nsfuzz,6,l_abs,1002
1776001112,bftpd,nsfuzz,6,b_per,30.8
1776001112,bftpd,nsfuzz,6,b_abs,417
1776001113,bftpd,nsfuzz,6,l_per,44.6
1776001113,bftpd,nsfuzz,6,l_abs,1003
1776001113,bftpd,nsfuzz,6,b_per,30.9
1776001113,bftpd,nsfuzz,6,b_abs,418
1776001113,bftpd,nsfuzz,6,l_per,44.6
1776001113,bftpd,nsfuzz,6,l_abs,1003
1776001113,bftpd,nsfuzz,6,b_per,30.9
1776001113,bftpd,nsfuzz,6,b_abs,419
1776001113,bftpd,nsfuzz,6,l_per,44.6
1776001113,bftpd,nsfuzz,6,l_abs,1003
1776001113,bftpd,nsfuzz,6,b_per,30.9
1776001113,bftpd,nsfuzz,6,b_abs,419
1776001113,bftpd,nsfuzz,6,l_per,44.6
1776001113,bftpd,nsfuzz,6,l_abs,1003
1776001113,bftpd,nsfuzz,6,b_per,30.9
1776001113,bftpd,nsfuzz,6,b_abs,419
1776001114,bftpd,nsfuzz,6,l_per,44.6
1776001114,bftpd,nsfuzz,6,l_abs,1003
1776001114,bftpd,nsfuzz,6,b_per,30.9
1776001114,bftpd,nsfuzz,6,b_abs,419
1776001114,bftpd,nsfuzz,6,l_per,44.6
1776001114,bftpd,nsfuzz,6,l_abs,1003
1776001114,bftpd,nsfuzz,6,b_per,30.9
1776001114,bftpd,nsfuzz,6,b_abs,419
1776001114,bftpd,nsfuzz,6,l_per,44.6
1776001114,bftpd,nsfuzz,6,l_abs,1003
1776001114,bftpd,nsfuzz,6,b_per,30.9
1776001114,bftpd,nsfuzz,6,b_abs,419
1776001114,bftpd,nsfuzz,6,l_per,44.6
1776001114,bftpd,nsfuzz,6,l_abs,1003
1776001114,bftpd,nsfuzz,6,b_per,30.9
1776001114,bftpd,nsfuzz,6,b_abs,419
1776001114,bftpd,nsfuzz,6,l_per,44.6
1776001114,bftpd,nsfuzz,6,l_abs,1003
1776001114,bftpd,nsfuzz,6,b_per,30.9
1776001114,bftpd,nsfuzz,6,b_abs,419
1776001114,bftpd,nsfuzz,6,l_per,44.6
1776001114,bftpd,nsfuzz,6,l_abs,1003
1776001114,bftpd,nsfuzz,6,b_per,30.9
1776001114,bftpd,nsfuzz,6,b_abs,419
1776001114,bftpd,nsfuzz,6,l_per,44.6
1776001114,bftpd,nsfuzz,6,l_abs,1003
1776001114,bftpd,nsfuzz,6,b_per,30.9
1776001114,bftpd,nsfuzz,6,b_abs,419
1776001115,bftpd,nsfuzz,6,l_per,44.6
1776001115,bftpd,nsfuzz,6,l_abs,1003
1776001115,bftpd,nsfuzz,6,b_per,30.9
1776001115,bftpd,nsfuzz,6,b_abs,419
1776001115,bftpd,nsfuzz,6,l_per,44.6
1776001115,bftpd,nsfuzz,6,l_abs,1003
1776001115,bftpd,nsfuzz,6,b_per,30.9
1776001115,bftpd,nsfuzz,6,b_abs,419
1776001115,bftpd,nsfuzz,6,l_per,44.6
1776001115,bftpd,nsfuzz,6,l_abs,1003
1776001115,bftpd,nsfuzz,6,b_per,30.9
1776001115,bftpd,nsfuzz,6,b_abs,419
1776001115,bftpd,nsfuzz,6,l_per,44.6
1776001115,bftpd,nsfuzz,6,l_abs,1003
1776001115,bftpd,nsfuzz,6,b_per,30.9
1776001115,bftpd,nsfuzz,6,b_abs,419
1776001115,bftpd,nsfuzz,6,l_per,44.6
1776001115,bftpd,nsfuzz,6,l_abs,1003
1776001115,bftpd,nsfuzz,6,b_per,30.9
1776001115,bftpd,nsfuzz,6,b_abs,419
1776001115,bftpd,nsfuzz,6,l_per,44.6
1776001115,bftpd,nsfuzz,6,l_abs,1003
1776001115,bftpd,nsfuzz,6,b_per,30.9
1776001115,bftpd,nsfuzz,6,b_abs,419
1776001115,bftpd,nsfuzz,6,l_per,44.6
1776001115,bftpd,nsfuzz,6,l_abs,1003
1776001115,bftpd,nsfuzz,6,b_per,30.9
1776001115,bftpd,nsfuzz,6,b_abs,419
1776001116,bftpd,nsfuzz,6,l_per,44.6
1776001116,bftpd,nsfuzz,6,l_abs,1003
1776001116,bftpd,nsfuzz,6,b_per,30.9
1776001116,bftpd,nsfuzz,6,b_abs,419
1776001116,bftpd,nsfuzz,6,l_per,44.7
1776001116,bftpd,nsfuzz,6,l_abs,1005
1776001116,bftpd,nsfuzz,6,b_per,31.0
1776001116,bftpd,nsfuzz,6,b_abs,420
1776001116,bftpd,nsfuzz,6,l_per,44.7
1776001116,bftpd,nsfuzz,6,l_abs,1005
1776001116,bftpd,nsfuzz,6,b_per,31.0
1776001116,bftpd,nsfuzz,6,b_abs,420
1776001117,bftpd,nsfuzz,6,l_per,44.7
1776001117,bftpd,nsfuzz,6,l_abs,1005
1776001117,bftpd,nsfuzz,6,b_per,31.0
1776001117,bftpd,nsfuzz,6,b_abs,420
1776001117,bftpd,nsfuzz,6,l_per,44.7
1776001117,bftpd,nsfuzz,6,l_abs,1005
1776001117,bftpd,nsfuzz,6,b_per,31.0
1776001117,bftpd,nsfuzz,6,b_abs,420
1776001117,bftpd,nsfuzz,6,l_per,44.7
1776001117,bftpd,nsfuzz,6,l_abs,1005
1776001117,bftpd,nsfuzz,6,b_per,31.1
1776001117,bftpd,nsfuzz,6,b_abs,421
1776001117,bftpd,nsfuzz,6,l_per,44.7
1776001117,bftpd,nsfuzz,6,l_abs,1005
1776001117,bftpd,nsfuzz,6,b_per,31.1
1776001117,bftpd,nsfuzz,6,b_abs,421
1776001117,bftpd,nsfuzz,6,l_per,44.9
1776001117,bftpd,nsfuzz,6,l_abs,1010
1776001117,bftpd,nsfuzz,6,b_per,31.2
1776001117,bftpd,nsfuzz,6,b_abs,423
1776001118,bftpd,nsfuzz,6,l_per,44.9
1776001118,bftpd,nsfuzz,6,l_abs,1010
1776001118,bftpd,nsfuzz,6,b_per,31.2
1776001118,bftpd,nsfuzz,6,b_abs,423
1776001118,bftpd,nsfuzz,6,l_per,44.9
1776001118,bftpd,nsfuzz,6,l_abs,1010
1776001118,bftpd,nsfuzz,6,b_per,31.2
1776001118,bftpd,nsfuzz,6,b_abs,423
1776001118,bftpd,nsfuzz,6,l_per,44.9
1776001118,bftpd,nsfuzz,6,l_abs,1010
1776001118,bftpd,nsfuzz,6,b_per,31.2
1776001118,bftpd,nsfuzz,6,b_abs,423
1776001118,bftpd,nsfuzz,6,l_per,44.9
1776001118,bftpd,nsfuzz,6,l_abs,1010
1776001118,bftpd,nsfuzz,6,b_per,31.2
1776001118,bftpd,nsfuzz,6,b_abs,423
1776001118,bftpd,nsfuzz,6,l_per,45.4
1776001118,bftpd,nsfuzz,6,l_abs,1020
1776001118,bftpd,nsfuzz,6,b_per,31.6
1776001118,bftpd,nsfuzz,6,b_abs,428
1776001119,bftpd,nsfuzz,6,l_per,45.4
1776001119,bftpd,nsfuzz,6,l_abs,1020
1776001119,bftpd,nsfuzz,6,b_per,31.6
1776001119,bftpd,nsfuzz,6,b_abs,428
1776001119,bftpd,nsfuzz,6,l_per,45.4
1776001119,bftpd,nsfuzz,6,l_abs,1020
1776001119,bftpd,nsfuzz,6,b_per,31.6
1776001119,bftpd,nsfuzz,6,b_abs,428
1776001119,bftpd,nsfuzz,6,l_per,45.4
1776001119,bftpd,nsfuzz,6,l_abs,1020
1776001119,bftpd,nsfuzz,6,b_per,31.6
1776001119,bftpd,nsfuzz,6,b_abs,428
1776001119,bftpd,nsfuzz,6,l_per,45.4
1776001119,bftpd,nsfuzz,6,l_abs,1020
1776001119,bftpd,nsfuzz,6,b_per,31.6
1776001119,bftpd,nsfuzz,6,b_abs,428
1776001120,bftpd,nsfuzz,6,l_per,45.4
1776001120,bftpd,nsfuzz,6,l_abs,1020
1776001120,bftpd,nsfuzz,6,b_per,31.6
1776001120,bftpd,nsfuzz,6,b_abs,428
1776001120,bftpd,nsfuzz,6,l_per,45.4
1776001120,bftpd,nsfuzz,6,l_abs,1020
1776001120,bftpd,nsfuzz,6,b_per,31.6
1776001120,bftpd,nsfuzz,6,b_abs,428
1776001121,bftpd,nsfuzz,6,l_per,45.4
1776001121,bftpd,nsfuzz,6,l_abs,1020
1776001121,bftpd,nsfuzz,6,b_per,31.6
1776001121,bftpd,nsfuzz,6,b_abs,428
1776001121,bftpd,nsfuzz,6,l_per,45.4
1776001121,bftpd,nsfuzz,6,l_abs,1020
1776001121,bftpd,nsfuzz,6,b_per,31.6
1776001121,bftpd,nsfuzz,6,b_abs,428
1776001121,bftpd,nsfuzz,6,l_per,45.7
1776001121,bftpd,nsfuzz,6,l_abs,1027
1776001121,bftpd,nsfuzz,6,b_per,31.8
1776001121,bftpd,nsfuzz,6,b_abs,431
1776001121,bftpd,nsfuzz,6,l_per,45.7
1776001121,bftpd,nsfuzz,6,l_abs,1027
1776001121,bftpd,nsfuzz,6,b_per,31.8
1776001121,bftpd,nsfuzz,6,b_abs,431
1776001122,bftpd,nsfuzz,6,l_per,45.7
1776001122,bftpd,nsfuzz,6,l_abs,1027
1776001122,bftpd,nsfuzz,6,b_per,31.8
1776001122,bftpd,nsfuzz,6,b_abs,431
1776001122,bftpd,nsfuzz,6,l_per,45.7
1776001122,bftpd,nsfuzz,6,l_abs,1027
1776001122,bftpd,nsfuzz,6,b_per,31.8
1776001122,bftpd,nsfuzz,6,b_abs,431
1776001122,bftpd,nsfuzz,6,l_per,45.7
1776001122,bftpd,nsfuzz,6,l_abs,1027
1776001122,bftpd,nsfuzz,6,b_per,32.0
1776001122,bftpd,nsfuzz,6,b_abs,433
1776001122,bftpd,nsfuzz,6,l_per,45.7
1776001122,bftpd,nsfuzz,6,l_abs,1027
1776001122,bftpd,nsfuzz,6,b_per,32.0
1776001122,bftpd,nsfuzz,6,b_abs,433
1776001123,bftpd,nsfuzz,6,l_per,45.7
1776001123,bftpd,nsfuzz,6,l_abs,1027
1776001123,bftpd,nsfuzz,6,b_per,32.0
1776001123,bftpd,nsfuzz,6,b_abs,433
1776001123,bftpd,nsfuzz,6,l_per,45.7
1776001123,bftpd,nsfuzz,6,l_abs,1027
1776001123,bftpd,nsfuzz,6,b_per,32.0
1776001123,bftpd,nsfuzz,6,b_abs,433
1776001123,bftpd,nsfuzz,6,l_per,45.7
1776001123,bftpd,nsfuzz,6,l_abs,1027
1776001123,bftpd,nsfuzz,6,b_per,32.0
1776001123,bftpd,nsfuzz,6,b_abs,433
1776001123,bftpd,nsfuzz,6,l_per,45.7
1776001123,bftpd,nsfuzz,6,l_abs,1027
1776001123,bftpd,nsfuzz,6,b_per,32.0
1776001123,bftpd,nsfuzz,6,b_abs,433
1776001124,bftpd,nsfuzz,6,l_per,45.7
1776001124,bftpd,nsfuzz,6,l_abs,1027
1776001124,bftpd,nsfuzz,6,b_per,32.0
1776001124,bftpd,nsfuzz,6,b_abs,433
1776001124,bftpd,nsfuzz,6,l_per,45.7
1776001124,bftpd,nsfuzz,6,l_abs,1027
1776001124,bftpd,nsfuzz,6,b_per,32.0
1776001124,bftpd,nsfuzz,6,b_abs,433
1776001124,bftpd,nsfuzz,6,l_per,45.7
1776001124,bftpd,nsfuzz,6,l_abs,1027
1776001124,bftpd,nsfuzz,6,b_per,32.0
1776001124,bftpd,nsfuzz,6,b_abs,433
1776001125,bftpd,nsfuzz,6,l_per,45.7
1776001125,bftpd,nsfuzz,6,l_abs,1027
1776001125,bftpd,nsfuzz,6,b_per,32.0
1776001125,bftpd,nsfuzz,6,b_abs,433
1776001125,bftpd,nsfuzz,6,l_per,45.7
1776001125,bftpd,nsfuzz,6,l_abs,1027
1776001125,bftpd,nsfuzz,6,b_per,32.0
1776001125,bftpd,nsfuzz,6,b_abs,433
1776001125,bftpd,nsfuzz,6,l_per,45.7
1776001125,bftpd,nsfuzz,6,l_abs,1027
1776001125,bftpd,nsfuzz,6,b_per,32.0
1776001125,bftpd,nsfuzz,6,b_abs,433
1776001125,bftpd,nsfuzz,6,l_per,45.7
1776001125,bftpd,nsfuzz,6,l_abs,1027
1776001125,bftpd,nsfuzz,6,b_per,32.0
1776001125,bftpd,nsfuzz,6,b_abs,433
1776001126,bftpd,nsfuzz,6,l_per,45.7
1776001126,bftpd,nsfuzz,6,l_abs,1027
1776001126,bftpd,nsfuzz,6,b_per,32.0
1776001126,bftpd,nsfuzz,6,b_abs,433
1776001126,bftpd,nsfuzz,6,l_per,45.7
1776001126,bftpd,nsfuzz,6,l_abs,1027
1776001126,bftpd,nsfuzz,6,b_per,32.0
1776001126,bftpd,nsfuzz,6,b_abs,433
1776001126,bftpd,nsfuzz,6,l_per,46.0
1776001126,bftpd,nsfuzz,6,l_abs,1034
1776001126,bftpd,nsfuzz,6,b_per,32.3
1776001126,bftpd,nsfuzz,6,b_abs,437
1776001126,bftpd,nsfuzz,6,l_per,46.0
1776001126,bftpd,nsfuzz,6,l_abs,1034
1776001126,bftpd,nsfuzz,6,b_per,32.3
1776001126,bftpd,nsfuzz,6,b_abs,437
1776001127,bftpd,nsfuzz,6,l_per,46.0
1776001127,bftpd,nsfuzz,6,l_abs,1034
1776001127,bftpd,nsfuzz,6,b_per,32.3
1776001127,bftpd,nsfuzz,6,b_abs,437
1776001127,bftpd,nsfuzz,6,l_per,46.0
1776001127,bftpd,nsfuzz,6,l_abs,1034
1776001127,bftpd,nsfuzz,6,b_per,32.3
1776001127,bftpd,nsfuzz,6,b_abs,437
1776001127,bftpd,nsfuzz,6,l_per,46.0
1776001127,bftpd,nsfuzz,6,l_abs,1034
1776001127,bftpd,nsfuzz,6,b_per,32.3
1776001127,bftpd,nsfuzz,6,b_abs,437
1776001127,bftpd,nsfuzz,6,l_per,46.0
1776001127,bftpd,nsfuzz,6,l_abs,1034
1776001127,bftpd,nsfuzz,6,b_per,32.3
1776001127,bftpd,nsfuzz,6,b_abs,437
1776001128,bftpd,nsfuzz,6,l_per,46.0
1776001128,bftpd,nsfuzz,6,l_abs,1034
1776001128,bftpd,nsfuzz,6,b_per,32.3
1776001128,bftpd,nsfuzz,6,b_abs,437
1776001129,bftpd,nsfuzz,6,l_per,46.0
1776001129,bftpd,nsfuzz,6,l_abs,1034
1776001129,bftpd,nsfuzz,6,b_per,32.3
1776001129,bftpd,nsfuzz,6,b_abs,437
1776001129,bftpd,nsfuzz,6,l_per,46.0
1776001129,bftpd,nsfuzz,6,l_abs,1034
1776001129,bftpd,nsfuzz,6,b_per,32.3
1776001129,bftpd,nsfuzz,6,b_abs,437
1776001129,bftpd,nsfuzz,6,l_per,46.0
1776001129,bftpd,nsfuzz,6,l_abs,1034
1776001129,bftpd,nsfuzz,6,b_per,32.3
1776001129,bftpd,nsfuzz,6,b_abs,437
1776001130,bftpd,nsfuzz,6,l_per,46.0
1776001130,bftpd,nsfuzz,6,l_abs,1034
1776001130,bftpd,nsfuzz,6,b_per,32.3
1776001130,bftpd,nsfuzz,6,b_abs,437
1776001131,bftpd,nsfuzz,6,l_per,46.0
1776001131,bftpd,nsfuzz,6,l_abs,1034
1776001131,bftpd,nsfuzz,6,b_per,32.3
1776001131,bftpd,nsfuzz,6,b_abs,437
1776001132,bftpd,nsfuzz,6,l_per,46.0
1776001132,bftpd,nsfuzz,6,l_abs,1034
1776001132,bftpd,nsfuzz,6,b_per,32.3
1776001132,bftpd,nsfuzz,6,b_abs,437
1776001132,bftpd,nsfuzz,6,l_per,46.0
1776001132,bftpd,nsfuzz,6,l_abs,1034
1776001132,bftpd,nsfuzz,6,b_per,32.3
1776001132,bftpd,nsfuzz,6,b_abs,437
1776001134,bftpd,nsfuzz,6,l_per,46.0
1776001134,bftpd,nsfuzz,6,l_abs,1035
1776001134,bftpd,nsfuzz,6,b_per,32.3
1776001134,bftpd,nsfuzz,6,b_abs,438
1776001135,bftpd,nsfuzz,6,l_per,46.0
1776001135,bftpd,nsfuzz,6,l_abs,1035
1776001135,bftpd,nsfuzz,6,b_per,32.3
1776001135,bftpd,nsfuzz,6,b_abs,438
1776001135,bftpd,nsfuzz,6,l_per,46.1
1776001135,bftpd,nsfuzz,6,l_abs,1037
1776001135,bftpd,nsfuzz,6,b_per,32.4
1776001135,bftpd,nsfuzz,6,b_abs,439
1776001135,bftpd,nsfuzz,6,l_per,46.1
1776001135,bftpd,nsfuzz,6,l_abs,1037
1776001135,bftpd,nsfuzz,6,b_per,32.5
1776001135,bftpd,nsfuzz,6,b_abs,440
1776001135,bftpd,nsfuzz,6,l_per,46.1
1776001135,bftpd,nsfuzz,6,l_abs,1037
1776001135,bftpd,nsfuzz,6,b_per,32.6
1776001135,bftpd,nsfuzz,6,b_abs,441
1776001136,bftpd,nsfuzz,6,l_per,46.1
1776001136,bftpd,nsfuzz,6,l_abs,1037
1776001136,bftpd,nsfuzz,6,b_per,32.6
1776001136,bftpd,nsfuzz,6,b_abs,441
1776001136,bftpd,nsfuzz,6,l_per,46.1
1776001136,bftpd,nsfuzz,6,l_abs,1037
1776001136,bftpd,nsfuzz,6,b_per,32.6
1776001136,bftpd,nsfuzz,6,b_abs,441
1776001137,bftpd,nsfuzz,6,l_per,46.1
1776001137,bftpd,nsfuzz,6,l_abs,1037
1776001137,bftpd,nsfuzz,6,b_per,32.6
1776001137,bftpd,nsfuzz,6,b_abs,441
1776001137,bftpd,nsfuzz,6,l_per,46.1
1776001137,bftpd,nsfuzz,6,l_abs,1037
1776001137,bftpd,nsfuzz,6,b_per,32.6
1776001137,bftpd,nsfuzz,6,b_abs,441
1776001138,bftpd,nsfuzz,6,l_per,46.1
1776001138,bftpd,nsfuzz,6,l_abs,1037
1776001138,bftpd,nsfuzz,6,b_per,32.6
1776001138,bftpd,nsfuzz,6,b_abs,441
1776001138,bftpd,nsfuzz,6,l_per,46.1
1776001138,bftpd,nsfuzz,6,l_abs,1037
1776001138,bftpd,nsfuzz,6,b_per,32.6
1776001138,bftpd,nsfuzz,6,b_abs,441
1776001138,bftpd,nsfuzz,6,l_per,46.2
1776001138,bftpd,nsfuzz,6,l_abs,1040
1776001138,bftpd,nsfuzz,6,b_per,32.7
1776001138,bftpd,nsfuzz,6,b_abs,443
1776001139,bftpd,nsfuzz,6,l_per,46.9
1776001139,bftpd,nsfuzz,6,l_abs,1055
1776001139,bftpd,nsfuzz,6,b_per,33.2
1776001139,bftpd,nsfuzz,6,b_abs,450
1776001139,bftpd,nsfuzz,6,l_per,46.9
1776001139,bftpd,nsfuzz,6,l_abs,1055
1776001139,bftpd,nsfuzz,6,b_per,33.2
1776001139,bftpd,nsfuzz,6,b_abs,450
1776001139,bftpd,nsfuzz,6,l_per,46.9
1776001139,bftpd,nsfuzz,6,l_abs,1055
1776001139,bftpd,nsfuzz,6,b_per,33.2
1776001139,bftpd,nsfuzz,6,b_abs,450
1776001140,bftpd,nsfuzz,6,l_per,46.9
1776001140,bftpd,nsfuzz,6,l_abs,1055
1776001140,bftpd,nsfuzz,6,b_per,33.2
1776001140,bftpd,nsfuzz,6,b_abs,450
1776001140,bftpd,nsfuzz,6,l_per,46.9
1776001140,bftpd,nsfuzz,6,l_abs,1055
1776001140,bftpd,nsfuzz,6,b_per,33.2
1776001140,bftpd,nsfuzz,6,b_abs,450
1776001140,bftpd,nsfuzz,6,l_per,46.9
1776001140,bftpd,nsfuzz,6,l_abs,1055
1776001140,bftpd,nsfuzz,6,b_per,33.2
1776001140,bftpd,nsfuzz,6,b_abs,450
1776001141,bftpd,nsfuzz,6,l_per,46.9
1776001141,bftpd,nsfuzz,6,l_abs,1055
1776001141,bftpd,nsfuzz,6,b_per,33.2
1776001141,bftpd,nsfuzz,6,b_abs,450
1776001141,bftpd,nsfuzz,6,l_per,46.9
1776001141,bftpd,nsfuzz,6,l_abs,1055
1776001141,bftpd,nsfuzz,6,b_per,33.2
1776001141,bftpd,nsfuzz,6,b_abs,450
1776001141,bftpd,nsfuzz,6,l_per,47.1
1776001141,bftpd,nsfuzz,6,l_abs,1059
1776001141,bftpd,nsfuzz,6,b_per,33.5
1776001141,bftpd,nsfuzz,6,b_abs,453
1776001142,bftpd,nsfuzz,6,l_per,47.1
1776001142,bftpd,nsfuzz,6,l_abs,1059
1776001142,bftpd,nsfuzz,6,b_per,33.5
1776001142,bftpd,nsfuzz,6,b_abs,453
1776001145,bftpd,nsfuzz,6,l_per,47.1
1776001145,bftpd,nsfuzz,6,l_abs,1059
1776001145,bftpd,nsfuzz,6,b_per,33.5
1776001145,bftpd,nsfuzz,6,b_abs,453
1776001146,bftpd,nsfuzz,6,l_per,47.1
1776001146,bftpd,nsfuzz,6,l_abs,1059
1776001146,bftpd,nsfuzz,6,b_per,33.5
1776001146,bftpd,nsfuzz,6,b_abs,453
1776001146,bftpd,nsfuzz,6,l_per,47.1
1776001146,bftpd,nsfuzz,6,l_abs,1059
1776001146,bftpd,nsfuzz,6,b_per,33.5
1776001146,bftpd,nsfuzz,6,b_abs,453
1776001148,bftpd,nsfuzz,6,l_per,47.2
1776001148,bftpd,nsfuzz,6,l_abs,1063
1776001148,bftpd,nsfuzz,6,b_per,33.5
1776001148,bftpd,nsfuzz,6,b_abs,454
1776001148,bftpd,nsfuzz,6,l_per,47.2
1776001148,bftpd,nsfuzz,6,l_abs,1063
1776001148,bftpd,nsfuzz,6,b_per,33.5
1776001148,bftpd,nsfuzz,6,b_abs,454
1776001150,bftpd,nsfuzz,6,l_per,47.2
1776001150,bftpd,nsfuzz,6,l_abs,1063
1776001150,bftpd,nsfuzz,6,b_per,33.5
1776001150,bftpd,nsfuzz,6,b_abs,454
1776001152,bftpd,nsfuzz,6,l_per,47.2
1776001152,bftpd,nsfuzz,6,l_abs,1063
1776001152,bftpd,nsfuzz,6,b_per,33.5
1776001152,bftpd,nsfuzz,6,b_abs,454
1776001152,bftpd,nsfuzz,6,l_per,47.2
1776001152,bftpd,nsfuzz,6,l_abs,1063
1776001152,bftpd,nsfuzz,6,b_per,33.5
1776001152,bftpd,nsfuzz,6,b_abs,454
1776001152,bftpd,nsfuzz,6,l_per,47.2
1776001152,bftpd,nsfuzz,6,l_abs,1063
1776001152,bftpd,nsfuzz,6,b_per,33.5
1776001152,bftpd,nsfuzz,6,b_abs,454
1776001153,bftpd,nsfuzz,6,l_per,47.2
1776001153,bftpd,nsfuzz,6,l_abs,1063
1776001153,bftpd,nsfuzz,6,b_per,33.5
1776001153,bftpd,nsfuzz,6,b_abs,454
1776001153,bftpd,nsfuzz,6,l_per,47.2
1776001153,bftpd,nsfuzz,6,l_abs,1063
1776001153,bftpd,nsfuzz,6,b_per,33.5
1776001153,bftpd,nsfuzz,6,b_abs,454
1776001156,bftpd,nsfuzz,6,l_per,47.2
1776001156,bftpd,nsfuzz,6,l_abs,1063
1776001156,bftpd,nsfuzz,6,b_per,33.5
1776001156,bftpd,nsfuzz,6,b_abs,454
1776001156,bftpd,nsfuzz,6,l_per,47.2
1776001156,bftpd,nsfuzz,6,l_abs,1063
1776001156,bftpd,nsfuzz,6,b_per,33.5
1776001156,bftpd,nsfuzz,6,b_abs,454
1776001157,bftpd,nsfuzz,6,l_per,47.2
1776001157,bftpd,nsfuzz,6,l_abs,1063
1776001157,bftpd,nsfuzz,6,b_per,33.5
1776001157,bftpd,nsfuzz,6,b_abs,454
1776001158,bftpd,nsfuzz,6,l_per,47.2
1776001158,bftpd,nsfuzz,6,l_abs,1063
1776001158,bftpd,nsfuzz,6,b_per,33.5
1776001158,bftpd,nsfuzz,6,b_abs,454
1776001163,bftpd,nsfuzz,6,l_per,47.2
1776001163,bftpd,nsfuzz,6,l_abs,1063
1776001163,bftpd,nsfuzz,6,b_per,33.6
1776001163,bftpd,nsfuzz,6,b_abs,455
1776001163,bftpd,nsfuzz,6,l_per,47.4
1776001163,bftpd,nsfuzz,6,l_abs,1066
1776001163,bftpd,nsfuzz,6,b_per,33.8
1776001163,bftpd,nsfuzz,6,b_abs,457
1776001168,bftpd,nsfuzz,6,l_per,47.4
1776001168,bftpd,nsfuzz,6,l_abs,1066
1776001168,bftpd,nsfuzz,6,b_per,33.8
1776001168,bftpd,nsfuzz,6,b_abs,457
1776001169,bftpd,nsfuzz,6,l_per,47.4
1776001169,bftpd,nsfuzz,6,l_abs,1066
1776001169,bftpd,nsfuzz,6,b_per,33.8
1776001169,bftpd,nsfuzz,6,b_abs,457
1776001170,bftpd,nsfuzz,6,l_per,47.4
1776001170,bftpd,nsfuzz,6,l_abs,1066
1776001170,bftpd,nsfuzz,6,b_per,33.8
1776001170,bftpd,nsfuzz,6,b_abs,457
1776001171,bftpd,nsfuzz,6,l_per,47.4
1776001171,bftpd,nsfuzz,6,l_abs,1066
1776001171,bftpd,nsfuzz,6,b_per,33.8
1776001171,bftpd,nsfuzz,6,b_abs,457
1776001171,bftpd,nsfuzz,6,l_per,47.4
1776001171,bftpd,nsfuzz,6,l_abs,1066
1776001171,bftpd,nsfuzz,6,b_per,33.8
1776001171,bftpd,nsfuzz,6,b_abs,457
1776001173,bftpd,nsfuzz,6,l_per,47.4
1776001173,bftpd,nsfuzz,6,l_abs,1066
1776001173,bftpd,nsfuzz,6,b_per,33.8
1776001173,bftpd,nsfuzz,6,b_abs,457
1776001174,bftpd,nsfuzz,6,l_per,47.4
1776001174,bftpd,nsfuzz,6,l_abs,1066
1776001174,bftpd,nsfuzz,6,b_per,33.8
1776001174,bftpd,nsfuzz,6,b_abs,457
1776001174,bftpd,nsfuzz,6,l_per,47.4
1776001174,bftpd,nsfuzz,6,l_abs,1066
1776001174,bftpd,nsfuzz,6,b_per,33.8
1776001174,bftpd,nsfuzz,6,b_abs,457
1776001174,bftpd,nsfuzz,6,l_per,47.4
1776001174,bftpd,nsfuzz,6,l_abs,1066
1776001174,bftpd,nsfuzz,6,b_per,33.8
1776001174,bftpd,nsfuzz,6,b_abs,457
1776001175,bftpd,nsfuzz,6,l_per,47.4
1776001175,bftpd,nsfuzz,6,l_abs,1066
1776001175,bftpd,nsfuzz,6,b_per,33.8
1776001175,bftpd,nsfuzz,6,b_abs,457
1776001176,bftpd,nsfuzz,6,l_per,47.4
1776001176,bftpd,nsfuzz,6,l_abs,1066
1776001176,bftpd,nsfuzz,6,b_per,33.8
1776001176,bftpd,nsfuzz,6,b_abs,457
1776001180,bftpd,nsfuzz,6,l_per,47.4
1776001180,bftpd,nsfuzz,6,l_abs,1066
1776001180,bftpd,nsfuzz,6,b_per,33.8
1776001180,bftpd,nsfuzz,6,b_abs,457
1776001180,bftpd,nsfuzz,6,l_per,47.4
1776001180,bftpd,nsfuzz,6,l_abs,1066
1776001180,bftpd,nsfuzz,6,b_per,33.8
1776001180,bftpd,nsfuzz,6,b_abs,457
1776001180,bftpd,nsfuzz,6,l_per,47.4
1776001180,bftpd,nsfuzz,6,l_abs,1066
1776001180,bftpd,nsfuzz,6,b_per,33.8
1776001180,bftpd,nsfuzz,6,b_abs,457
1776001181,bftpd,nsfuzz,6,l_per,47.4
1776001181,bftpd,nsfuzz,6,l_abs,1066
1776001181,bftpd,nsfuzz,6,b_per,33.8
1776001181,bftpd,nsfuzz,6,b_abs,457
1776001181,bftpd,nsfuzz,6,l_per,47.4
1776001181,bftpd,nsfuzz,6,l_abs,1066
1776001181,bftpd,nsfuzz,6,b_per,33.8
1776001181,bftpd,nsfuzz,6,b_abs,457
1776001181,bftpd,nsfuzz,6,l_per,47.4
1776001181,bftpd,nsfuzz,6,l_abs,1066
1776001181,bftpd,nsfuzz,6,b_per,33.8
1776001181,bftpd,nsfuzz,6,b_abs,457
1776001181,bftpd,nsfuzz,6,l_per,47.4
1776001181,bftpd,nsfuzz,6,l_abs,1066
1776001181,bftpd,nsfuzz,6,b_per,33.8
1776001181,bftpd,nsfuzz,6,b_abs,457
1776001181,bftpd,nsfuzz,6,l_per,47.4
1776001181,bftpd,nsfuzz,6,l_abs,1066
1776001181,bftpd,nsfuzz,6,b_per,33.8
1776001181,bftpd,nsfuzz,6,b_abs,457
1776001182,bftpd,nsfuzz,6,l_per,47.7
1776001182,bftpd,nsfuzz,6,l_abs,1073
1776001182,bftpd,nsfuzz,6,b_per,33.9
1776001182,bftpd,nsfuzz,6,b_abs,459
1776001182,bftpd,nsfuzz,6,l_per,47.7
1776001182,bftpd,nsfuzz,6,l_abs,1073
1776001182,bftpd,nsfuzz,6,b_per,33.9
1776001182,bftpd,nsfuzz,6,b_abs,459
1776001182,bftpd,nsfuzz,6,l_per,47.7
1776001182,bftpd,nsfuzz,6,l_abs,1073
1776001182,bftpd,nsfuzz,6,b_per,33.9
1776001182,bftpd,nsfuzz,6,b_abs,459
1776001182,bftpd,nsfuzz,6,l_per,47.7
1776001182,bftpd,nsfuzz,6,l_abs,1073
1776001182,bftpd,nsfuzz,6,b_per,33.9
1776001182,bftpd,nsfuzz,6,b_abs,459
1776001183,bftpd,nsfuzz,6,l_per,47.7
1776001183,bftpd,nsfuzz,6,l_abs,1073
1776001183,bftpd,nsfuzz,6,b_per,33.9
1776001183,bftpd,nsfuzz,6,b_abs,459
1776001183,bftpd,nsfuzz,6,l_per,47.7
1776001183,bftpd,nsfuzz,6,l_abs,1073
1776001183,bftpd,nsfuzz,6,b_per,33.9
1776001183,bftpd,nsfuzz,6,b_abs,459
1776001183,bftpd,nsfuzz,6,l_per,47.7
1776001183,bftpd,nsfuzz,6,l_abs,1073
1776001183,bftpd,nsfuzz,6,b_per,33.9
1776001183,bftpd,nsfuzz,6,b_abs,459
1776001184,bftpd,nsfuzz,6,l_per,47.7
1776001184,bftpd,nsfuzz,6,l_abs,1073
1776001184,bftpd,nsfuzz,6,b_per,33.9
1776001184,bftpd,nsfuzz,6,b_abs,459
1776001185,bftpd,nsfuzz,6,l_per,47.7
1776001185,bftpd,nsfuzz,6,l_abs,1073
1776001185,bftpd,nsfuzz,6,b_per,33.9
1776001185,bftpd,nsfuzz,6,b_abs,459
1776001186,bftpd,nsfuzz,6,l_per,48.0
1776001186,bftpd,nsfuzz,6,l_abs,1079
1776001186,bftpd,nsfuzz,6,b_per,34.1
1776001186,bftpd,nsfuzz,6,b_abs,462
1776001186,bftpd,nsfuzz,6,l_per,48.0
1776001186,bftpd,nsfuzz,6,l_abs,1079
1776001186,bftpd,nsfuzz,6,b_per,34.1
1776001186,bftpd,nsfuzz,6,b_abs,462
1776001186,bftpd,nsfuzz,6,l_per,48.0
1776001186,bftpd,nsfuzz,6,l_abs,1079
1776001186,bftpd,nsfuzz,6,b_per,34.1
1776001186,bftpd,nsfuzz,6,b_abs,462
1776001187,bftpd,nsfuzz,6,l_per,48.0
1776001187,bftpd,nsfuzz,6,l_abs,1079
1776001187,bftpd,nsfuzz,6,b_per,34.1
1776001187,bftpd,nsfuzz,6,b_abs,462
1776001188,bftpd,nsfuzz,6,l_per,48.0
1776001188,bftpd,nsfuzz,6,l_abs,1079
1776001188,bftpd,nsfuzz,6,b_per,34.1
1776001188,bftpd,nsfuzz,6,b_abs,462
1776001188,bftpd,nsfuzz,6,l_per,48.0
1776001188,bftpd,nsfuzz,6,l_abs,1079
1776001188,bftpd,nsfuzz,6,b_per,34.1
1776001188,bftpd,nsfuzz,6,b_abs,462
1776001191,bftpd,nsfuzz,6,l_per,48.0
1776001191,bftpd,nsfuzz,6,l_abs,1079
1776001191,bftpd,nsfuzz,6,b_per,34.1
1776001191,bftpd,nsfuzz,6,b_abs,462
1776001191,bftpd,nsfuzz,6,l_per,48.0
1776001191,bftpd,nsfuzz,6,l_abs,1079
1776001191,bftpd,nsfuzz,6,b_per,34.1
1776001191,bftpd,nsfuzz,6,b_abs,462
1776001191,bftpd,nsfuzz,6,l_per,48.0
1776001191,bftpd,nsfuzz,6,l_abs,1079
1776001191,bftpd,nsfuzz,6,b_per,34.1
1776001191,bftpd,nsfuzz,6,b_abs,462
1776001193,bftpd,nsfuzz,6,l_per,48.0
1776001193,bftpd,nsfuzz,6,l_abs,1079
1776001193,bftpd,nsfuzz,6,b_per,34.1
1776001193,bftpd,nsfuzz,6,b_abs,462
1776001194,bftpd,nsfuzz,6,l_per,48.0
1776001194,bftpd,nsfuzz,6,l_abs,1079
1776001194,bftpd,nsfuzz,6,b_per,34.1
1776001194,bftpd,nsfuzz,6,b_abs,462
1776001195,bftpd,nsfuzz,6,l_per,48.0
1776001195,bftpd,nsfuzz,6,l_abs,1079
1776001195,bftpd,nsfuzz,6,b_per,34.1
1776001195,bftpd,nsfuzz,6,b_abs,462
1776001197,bftpd,nsfuzz,6,l_per,48.0
1776001197,bftpd,nsfuzz,6,l_abs,1079
1776001197,bftpd,nsfuzz,6,b_per,34.1
1776001197,bftpd,nsfuzz,6,b_abs,462
1776001197,bftpd,nsfuzz,6,l_per,48.0
1776001197,bftpd,nsfuzz,6,l_abs,1079
1776001197,bftpd,nsfuzz,6,b_per,34.1
1776001197,bftpd,nsfuzz,6,b_abs,462
1776001198,bftpd,nsfuzz,6,l_per,48.0
1776001198,bftpd,nsfuzz,6,l_abs,1079
1776001198,bftpd,nsfuzz,6,b_per,34.1
1776001198,bftpd,nsfuzz,6,b_abs,462
1776001199,bftpd,nsfuzz,6,l_per,48.0
1776001199,bftpd,nsfuzz,6,l_abs,1079
1776001199,bftpd,nsfuzz,6,b_per,34.1
1776001199,bftpd,nsfuzz,6,b_abs,462
1776001199,bftpd,nsfuzz,6,l_per,48.0
1776001199,bftpd,nsfuzz,6,l_abs,1079
1776001199,bftpd,nsfuzz,6,b_per,34.1
1776001199,bftpd,nsfuzz,6,b_abs,462
1776001199,bftpd,nsfuzz,6,l_per,48.0
1776001199,bftpd,nsfuzz,6,l_abs,1079
1776001199,bftpd,nsfuzz,6,b_per,34.1
1776001199,bftpd,nsfuzz,6,b_abs,462
1776001201,bftpd,nsfuzz,6,l_per,48.0
1776001201,bftpd,nsfuzz,6,l_abs,1079
1776001201,bftpd,nsfuzz,6,b_per,34.1
1776001201,bftpd,nsfuzz,6,b_abs,462
1776001202,bftpd,nsfuzz,6,l_per,48.0
1776001202,bftpd,nsfuzz,6,l_abs,1079
1776001202,bftpd,nsfuzz,6,b_per,34.1
1776001202,bftpd,nsfuzz,6,b_abs,462
1776001204,bftpd,nsfuzz,6,l_per,48.0
1776001204,bftpd,nsfuzz,6,l_abs,1079
1776001204,bftpd,nsfuzz,6,b_per,34.1
1776001204,bftpd,nsfuzz,6,b_abs,462
1776001205,bftpd,nsfuzz,6,l_per,48.0
1776001205,bftpd,nsfuzz,6,l_abs,1079
1776001205,bftpd,nsfuzz,6,b_per,34.1
1776001205,bftpd,nsfuzz,6,b_abs,462
1776001207,bftpd,nsfuzz,6,l_per,48.0
1776001207,bftpd,nsfuzz,6,l_abs,1079
1776001207,bftpd,nsfuzz,6,b_per,34.1
1776001207,bftpd,nsfuzz,6,b_abs,462
1776001213,bftpd,nsfuzz,6,l_per,48.0
1776001213,bftpd,nsfuzz,6,l_abs,1079
1776001213,bftpd,nsfuzz,6,b_per,34.1
1776001213,bftpd,nsfuzz,6,b_abs,462
1776001215,bftpd,nsfuzz,6,l_per,48.0
1776001215,bftpd,nsfuzz,6,l_abs,1079
1776001215,bftpd,nsfuzz,6,b_per,34.1
1776001215,bftpd,nsfuzz,6,b_abs,462
1776001215,bftpd,nsfuzz,6,l_per,48.0
1776001215,bftpd,nsfuzz,6,l_abs,1079
1776001215,bftpd,nsfuzz,6,b_per,34.1
1776001215,bftpd,nsfuzz,6,b_abs,462
1776001217,bftpd,nsfuzz,6,l_per,48.0
1776001217,bftpd,nsfuzz,6,l_abs,1079
1776001217,bftpd,nsfuzz,6,b_per,34.1
1776001217,bftpd,nsfuzz,6,b_abs,462
1776001218,bftpd,nsfuzz,6,l_per,48.0
1776001218,bftpd,nsfuzz,6,l_abs,1079
1776001218,bftpd,nsfuzz,6,b_per,34.1
1776001218,bftpd,nsfuzz,6,b_abs,462
1776001220,bftpd,nsfuzz,6,l_per,48.0
1776001220,bftpd,nsfuzz,6,l_abs,1079
1776001220,bftpd,nsfuzz,6,b_per,34.1
1776001220,bftpd,nsfuzz,6,b_abs,462
1776001222,bftpd,nsfuzz,6,l_per,48.0
1776001222,bftpd,nsfuzz,6,l_abs,1079
1776001222,bftpd,nsfuzz,6,b_per,34.1
1776001222,bftpd,nsfuzz,6,b_abs,462
1776001228,bftpd,nsfuzz,6,l_per,48.0
1776001228,bftpd,nsfuzz,6,l_abs,1079
1776001228,bftpd,nsfuzz,6,b_per,34.1
1776001228,bftpd,nsfuzz,6,b_abs,462
1776001229,bftpd,nsfuzz,6,l_per,48.0
1776001229,bftpd,nsfuzz,6,l_abs,1079
1776001229,bftpd,nsfuzz,6,b_per,34.1
1776001229,bftpd,nsfuzz,6,b_abs,462
1776001230,bftpd,nsfuzz,6,l_per,48.0
1776001230,bftpd,nsfuzz,6,l_abs,1079
1776001230,bftpd,nsfuzz,6,b_per,34.1
1776001230,bftpd,nsfuzz,6,b_abs,462
1776001231,bftpd,nsfuzz,6,l_per,48.0
1776001231,bftpd,nsfuzz,6,l_abs,1079
1776001231,bftpd,nsfuzz,6,b_per,34.1
1776001231,bftpd,nsfuzz,6,b_abs,462
1776001233,bftpd,nsfuzz,6,l_per,48.0
1776001233,bftpd,nsfuzz,6,l_abs,1079
1776001233,bftpd,nsfuzz,6,b_per,34.1
1776001233,bftpd,nsfuzz,6,b_abs,462
1776001233,bftpd,nsfuzz,6,l_per,48.0
1776001233,bftpd,nsfuzz,6,l_abs,1079
1776001233,bftpd,nsfuzz,6,b_per,34.1
1776001233,bftpd,nsfuzz,6,b_abs,462
1776001234,bftpd,nsfuzz,6,l_per,48.0
1776001234,bftpd,nsfuzz,6,l_abs,1079
1776001234,bftpd,nsfuzz,6,b_per,34.1
1776001234,bftpd,nsfuzz,6,b_abs,462
1776001242,bftpd,nsfuzz,6,l_per,48.0
1776001242,bftpd,nsfuzz,6,l_abs,1079
1776001242,bftpd,nsfuzz,6,b_per,34.1
1776001242,bftpd,nsfuzz,6,b_abs,462
1776001243,bftpd,nsfuzz,6,l_per,48.0
1776001243,bftpd,nsfuzz,6,l_abs,1079
1776001243,bftpd,nsfuzz,6,b_per,34.1
1776001243,bftpd,nsfuzz,6,b_abs,462
1776001243,bftpd,nsfuzz,6,l_per,48.0
1776001243,bftpd,nsfuzz,6,l_abs,1079
1776001243,bftpd,nsfuzz,6,b_per,34.1
1776001243,bftpd,nsfuzz,6,b_abs,462
1776001243,bftpd,nsfuzz,6,l_per,48.0
1776001243,bftpd,nsfuzz,6,l_abs,1079
1776001243,bftpd,nsfuzz,6,b_per,34.1
1776001243,bftpd,nsfuzz,6,b_abs,462
1776001247,bftpd,nsfuzz,6,l_per,48.0
1776001247,bftpd,nsfuzz,6,l_abs,1079
1776001247,bftpd,nsfuzz,6,b_per,34.1
1776001247,bftpd,nsfuzz,6,b_abs,462
1776001248,bftpd,nsfuzz,6,l_per,48.0
1776001248,bftpd,nsfuzz,6,l_abs,1079
1776001248,bftpd,nsfuzz,6,b_per,34.1
1776001248,bftpd,nsfuzz,6,b_abs,462
1776001248,bftpd,nsfuzz,6,l_per,48.0
1776001248,bftpd,nsfuzz,6,l_abs,1079
1776001248,bftpd,nsfuzz,6,b_per,34.1
1776001248,bftpd,nsfuzz,6,b_abs,462
1776001249,bftpd,nsfuzz,6,l_per,48.0
1776001249,bftpd,nsfuzz,6,l_abs,1079
1776001249,bftpd,nsfuzz,6,b_per,34.1
1776001249,bftpd,nsfuzz,6,b_abs,462
1776001250,bftpd,nsfuzz,6,l_per,48.0
1776001250,bftpd,nsfuzz,6,l_abs,1079
1776001250,bftpd,nsfuzz,6,b_per,34.1
1776001250,bftpd,nsfuzz,6,b_abs,462
1776001251,bftpd,nsfuzz,6,l_per,48.0
1776001251,bftpd,nsfuzz,6,l_abs,1079
1776001251,bftpd,nsfuzz,6,b_per,34.1
1776001251,bftpd,nsfuzz,6,b_abs,462
1776001252,bftpd,nsfuzz,6,l_per,48.0
1776001252,bftpd,nsfuzz,6,l_abs,1079
1776001252,bftpd,nsfuzz,6,b_per,34.1
1776001252,bftpd,nsfuzz,6,b_abs,462
1776001253,bftpd,nsfuzz,6,l_per,48.0
1776001253,bftpd,nsfuzz,6,l_abs,1079
1776001253,bftpd,nsfuzz,6,b_per,34.1
1776001253,bftpd,nsfuzz,6,b_abs,462
1776001254,bftpd,nsfuzz,6,l_per,48.0
1776001254,bftpd,nsfuzz,6,l_abs,1079
1776001254,bftpd,nsfuzz,6,b_per,34.1
1776001254,bftpd,nsfuzz,6,b_abs,462
1776001255,bftpd,nsfuzz,6,l_per,48.0
1776001255,bftpd,nsfuzz,6,l_abs,1079
1776001255,bftpd,nsfuzz,6,b_per,34.1
1776001255,bftpd,nsfuzz,6,b_abs,462
1776001255,bftpd,nsfuzz,6,l_per,48.0
1776001255,bftpd,nsfuzz,6,l_abs,1079
1776001255,bftpd,nsfuzz,6,b_per,34.1
1776001255,bftpd,nsfuzz,6,b_abs,462
1776001255,bftpd,nsfuzz,6,l_per,48.0
1776001255,bftpd,nsfuzz,6,l_abs,1079
1776001255,bftpd,nsfuzz,6,b_per,34.1
1776001255,bftpd,nsfuzz,6,b_abs,462
1776001256,bftpd,nsfuzz,6,l_per,48.0
1776001256,bftpd,nsfuzz,6,l_abs,1079
1776001256,bftpd,nsfuzz,6,b_per,34.1
1776001256,bftpd,nsfuzz,6,b_abs,462
1776001258,bftpd,nsfuzz,6,l_per,48.0
1776001258,bftpd,nsfuzz,6,l_abs,1079
1776001258,bftpd,nsfuzz,6,b_per,34.1
1776001258,bftpd,nsfuzz,6,b_abs,462
1776001262,bftpd,nsfuzz,6,l_per,48.0
1776001262,bftpd,nsfuzz,6,l_abs,1079
1776001262,bftpd,nsfuzz,6,b_per,34.1
1776001262,bftpd,nsfuzz,6,b_abs,462
1776001262,bftpd,nsfuzz,6,l_per,48.0
1776001262,bftpd,nsfuzz,6,l_abs,1079
1776001262,bftpd,nsfuzz,6,b_per,34.1
1776001262,bftpd,nsfuzz,6,b_abs,462
1776001268,bftpd,nsfuzz,6,l_per,48.0
1776001268,bftpd,nsfuzz,6,l_abs,1079
1776001268,bftpd,nsfuzz,6,b_per,34.1
1776001268,bftpd,nsfuzz,6,b_abs,462
1776001269,bftpd,nsfuzz,6,l_per,48.0
1776001269,bftpd,nsfuzz,6,l_abs,1079
1776001269,bftpd,nsfuzz,6,b_per,34.1
1776001269,bftpd,nsfuzz,6,b_abs,462
1776001271,bftpd,nsfuzz,6,l_per,48.0
1776001271,bftpd,nsfuzz,6,l_abs,1079
1776001271,bftpd,nsfuzz,6,b_per,34.1
1776001271,bftpd,nsfuzz,6,b_abs,462
1776001271,bftpd,nsfuzz,6,l_per,48.0
1776001271,bftpd,nsfuzz,6,l_abs,1079
1776001271,bftpd,nsfuzz,6,b_per,34.1
1776001271,bftpd,nsfuzz,6,b_abs,462
1776001272,bftpd,nsfuzz,6,l_per,48.0
1776001272,bftpd,nsfuzz,6,l_abs,1079
1776001272,bftpd,nsfuzz,6,b_per,34.1
1776001272,bftpd,nsfuzz,6,b_abs,462
1776001272,bftpd,nsfuzz,6,l_per,48.0
1776001272,bftpd,nsfuzz,6,l_abs,1079
1776001272,bftpd,nsfuzz,6,b_per,34.1
1776001272,bftpd,nsfuzz,6,b_abs,462
1776001277,bftpd,nsfuzz,6,l_per,48.0
1776001277,bftpd,nsfuzz,6,l_abs,1079
1776001277,bftpd,nsfuzz,6,b_per,34.1
1776001277,bftpd,nsfuzz,6,b_abs,462
1776001280,bftpd,nsfuzz,6,l_per,48.0
1776001280,bftpd,nsfuzz,6,l_abs,1079
1776001280,bftpd,nsfuzz,6,b_per,34.1
1776001280,bftpd,nsfuzz,6,b_abs,462
1776001281,bftpd,nsfuzz,6,l_per,48.0
1776001281,bftpd,nsfuzz,6,l_abs,1079
1776001281,bftpd,nsfuzz,6,b_per,34.1
1776001281,bftpd,nsfuzz,6,b_abs,462
1776001283,bftpd,nsfuzz,6,l_per,48.0
1776001283,bftpd,nsfuzz,6,l_abs,1079
1776001283,bftpd,nsfuzz,6,b_per,34.1
1776001283,bftpd,nsfuzz,6,b_abs,462
1776001283,bftpd,nsfuzz,6,l_per,48.0
1776001283,bftpd,nsfuzz,6,l_abs,1079
1776001283,bftpd,nsfuzz,6,b_per,34.1
1776001283,bftpd,nsfuzz,6,b_abs,462
1776001285,bftpd,nsfuzz,6,l_per,48.0
1776001285,bftpd,nsfuzz,6,l_abs,1079
1776001285,bftpd,nsfuzz,6,b_per,34.1
1776001285,bftpd,nsfuzz,6,b_abs,462
1776001301,bftpd,nsfuzz,6,l_per,48.0
1776001301,bftpd,nsfuzz,6,l_abs,1079
1776001301,bftpd,nsfuzz,6,b_per,34.1
1776001301,bftpd,nsfuzz,6,b_abs,462
1776001304,bftpd,nsfuzz,6,l_per,48.0
1776001304,bftpd,nsfuzz,6,l_abs,1079
1776001304,bftpd,nsfuzz,6,b_per,34.1
1776001304,bftpd,nsfuzz,6,b_abs,462
1776001323,bftpd,nsfuzz,6,l_per,48.0
1776001323,bftpd,nsfuzz,6,l_abs,1079
1776001323,bftpd,nsfuzz,6,b_per,34.1
1776001323,bftpd,nsfuzz,6,b_abs,462
1776001325,bftpd,nsfuzz,6,l_per,48.0
1776001325,bftpd,nsfuzz,6,l_abs,1079
1776001325,bftpd,nsfuzz,6,b_per,34.1
1776001325,bftpd,nsfuzz,6,b_abs,462
1776001327,bftpd,nsfuzz,6,l_per,48.0
1776001327,bftpd,nsfuzz,6,l_abs,1079
1776001327,bftpd,nsfuzz,6,b_per,34.1
1776001327,bftpd,nsfuzz,6,b_abs,462
1776001332,bftpd,nsfuzz,6,l_per,48.0
1776001332,bftpd,nsfuzz,6,l_abs,1079
1776001332,bftpd,nsfuzz,6,b_per,34.1
1776001332,bftpd,nsfuzz,6,b_abs,462
1776001333,bftpd,nsfuzz,6,l_per,48.0
1776001333,bftpd,nsfuzz,6,l_abs,1079
1776001333,bftpd,nsfuzz,6,b_per,34.1
1776001333,bftpd,nsfuzz,6,b_abs,462
1776001335,bftpd,nsfuzz,6,l_per,48.0
1776001335,bftpd,nsfuzz,6,l_abs,1079
1776001335,bftpd,nsfuzz,6,b_per,34.1
1776001335,bftpd,nsfuzz,6,b_abs,462
1776001335,bftpd,nsfuzz,6,l_per,48.0
1776001335,bftpd,nsfuzz,6,l_abs,1079
1776001335,bftpd,nsfuzz,6,b_per,34.1
1776001335,bftpd,nsfuzz,6,b_abs,462
1776001337,bftpd,nsfuzz,6,l_per,48.0
1776001337,bftpd,nsfuzz,6,l_abs,1079
1776001337,bftpd,nsfuzz,6,b_per,34.1
1776001337,bftpd,nsfuzz,6,b_abs,462
1776001337,bftpd,nsfuzz,6,l_per,48.1
1776001337,bftpd,nsfuzz,6,l_abs,1082
1776001337,bftpd,nsfuzz,6,b_per,34.2
1776001337,bftpd,nsfuzz,6,b_abs,463
1776001343,bftpd,nsfuzz,6,l_per,48.1
1776001343,bftpd,nsfuzz,6,l_abs,1082
1776001343,bftpd,nsfuzz,6,b_per,34.2
1776001343,bftpd,nsfuzz,6,b_abs,463
1776001344,bftpd,nsfuzz,6,l_per,48.1
1776001344,bftpd,nsfuzz,6,l_abs,1082
1776001344,bftpd,nsfuzz,6,b_per,34.2
1776001344,bftpd,nsfuzz,6,b_abs,463
1776001348,bftpd,nsfuzz,6,l_per,48.1
1776001348,bftpd,nsfuzz,6,l_abs,1082
1776001348,bftpd,nsfuzz,6,b_per,34.2
1776001348,bftpd,nsfuzz,6,b_abs,463
1776001349,bftpd,nsfuzz,6,l_per,48.1
1776001349,bftpd,nsfuzz,6,l_abs,1082
1776001349,bftpd,nsfuzz,6,b_per,34.2
1776001349,bftpd,nsfuzz,6,b_abs,463
1776001351,bftpd,nsfuzz,6,l_per,48.1
1776001351,bftpd,nsfuzz,6,l_abs,1082
1776001351,bftpd,nsfuzz,6,b_per,34.2
1776001351,bftpd,nsfuzz,6,b_abs,463
1776001354,bftpd,nsfuzz,6,l_per,48.1
1776001354,bftpd,nsfuzz,6,l_abs,1082
1776001354,bftpd,nsfuzz,6,b_per,34.2
1776001354,bftpd,nsfuzz,6,b_abs,463
1776001354,bftpd,nsfuzz,6,l_per,48.1
1776001354,bftpd,nsfuzz,6,l_abs,1082
1776001354,bftpd,nsfuzz,6,b_per,34.2
1776001354,bftpd,nsfuzz,6,b_abs,463
1776001358,bftpd,nsfuzz,6,l_per,48.1
1776001358,bftpd,nsfuzz,6,l_abs,1082
1776001358,bftpd,nsfuzz,6,b_per,34.2
1776001358,bftpd,nsfuzz,6,b_abs,463
1776001359,bftpd,nsfuzz,6,l_per,48.1
1776001359,bftpd,nsfuzz,6,l_abs,1082
1776001359,bftpd,nsfuzz,6,b_per,34.2
1776001359,bftpd,nsfuzz,6,b_abs,463
1776001362,bftpd,nsfuzz,6,l_per,48.1
1776001362,bftpd,nsfuzz,6,l_abs,1082
1776001362,bftpd,nsfuzz,6,b_per,34.2
1776001362,bftpd,nsfuzz,6,b_abs,463
1776001363,bftpd,nsfuzz,6,l_per,48.1
1776001363,bftpd,nsfuzz,6,l_abs,1082
1776001363,bftpd,nsfuzz,6,b_per,34.3
1776001363,bftpd,nsfuzz,6,b_abs,464
1776001372,bftpd,nsfuzz,6,l_per,48.1
1776001372,bftpd,nsfuzz,6,l_abs,1082
1776001372,bftpd,nsfuzz,6,b_per,34.3
1776001372,bftpd,nsfuzz,6,b_abs,464
1776001382,bftpd,nsfuzz,6,l_per,48.1
1776001382,bftpd,nsfuzz,6,l_abs,1082
1776001382,bftpd,nsfuzz,6,b_per,34.3
1776001382,bftpd,nsfuzz,6,b_abs,464
1776001397,bftpd,nsfuzz,6,l_per,48.3
1776001397,bftpd,nsfuzz,6,l_abs,1087
1776001397,bftpd,nsfuzz,6,b_per,34.6
1776001397,bftpd,nsfuzz,6,b_abs,469
1776001397,bftpd,nsfuzz,6,l_per,48.3
1776001397,bftpd,nsfuzz,6,l_abs,1087
1776001397,bftpd,nsfuzz,6,b_per,34.6
1776001397,bftpd,nsfuzz,6,b_abs,469
1776001403,bftpd,nsfuzz,6,l_per,48.3
1776001403,bftpd,nsfuzz,6,l_abs,1087
1776001403,bftpd,nsfuzz,6,b_per,34.6
1776001403,bftpd,nsfuzz,6,b_abs,469
1776001403,bftpd,nsfuzz,6,l_per,48.3
1776001403,bftpd,nsfuzz,6,l_abs,1087
1776001403,bftpd,nsfuzz,6,b_per,34.6
1776001403,bftpd,nsfuzz,6,b_abs,469
1776001407,bftpd,nsfuzz,6,l_per,48.3
1776001407,bftpd,nsfuzz,6,l_abs,1087
1776001407,bftpd,nsfuzz,6,b_per,34.6
1776001407,bftpd,nsfuzz,6,b_abs,469
1776001413,bftpd,nsfuzz,6,l_per,48.3
1776001413,bftpd,nsfuzz,6,l_abs,1087
1776001413,bftpd,nsfuzz,6,b_per,34.6
1776001413,bftpd,nsfuzz,6,b_abs,469
1776001414,bftpd,nsfuzz,6,l_per,48.3
1776001414,bftpd,nsfuzz,6,l_abs,1087
1776001414,bftpd,nsfuzz,6,b_per,34.6
1776001414,bftpd,nsfuzz,6,b_abs,469
1776001420,bftpd,nsfuzz,6,l_per,48.3
1776001420,bftpd,nsfuzz,6,l_abs,1087
1776001420,bftpd,nsfuzz,6,b_per,34.6
1776001420,bftpd,nsfuzz,6,b_abs,469
1776001422,bftpd,nsfuzz,6,l_per,48.3
1776001422,bftpd,nsfuzz,6,l_abs,1087
1776001422,bftpd,nsfuzz,6,b_per,34.6
1776001422,bftpd,nsfuzz,6,b_abs,469
1776001430,bftpd,nsfuzz,6,l_per,48.3
1776001430,bftpd,nsfuzz,6,l_abs,1087
1776001430,bftpd,nsfuzz,6,b_per,34.6
1776001430,bftpd,nsfuzz,6,b_abs,469
1776001436,bftpd,nsfuzz,6,l_per,48.3
1776001436,bftpd,nsfuzz,6,l_abs,1087
1776001436,bftpd,nsfuzz,6,b_per,34.6
1776001436,bftpd,nsfuzz,6,b_abs,469
1776001443,bftpd,nsfuzz,6,l_per,48.3
1776001443,bftpd,nsfuzz,6,l_abs,1087
1776001443,bftpd,nsfuzz,6,b_per,34.6
1776001443,bftpd,nsfuzz,6,b_abs,469
1776001455,bftpd,nsfuzz,6,l_per,48.3
1776001455,bftpd,nsfuzz,6,l_abs,1087
1776001455,bftpd,nsfuzz,6,b_per,34.6
1776001455,bftpd,nsfuzz,6,b_abs,469
1776001510,bftpd,nsfuzz,6,l_per,48.3
1776001510,bftpd,nsfuzz,6,l_abs,1087
1776001510,bftpd,nsfuzz,6,b_per,34.6
1776001510,bftpd,nsfuzz,6,b_abs,469
1776001510,bftpd,nsfuzz,6,l_per,48.3
1776001510,bftpd,nsfuzz,6,l_abs,1087
1776001510,bftpd,nsfuzz,6,b_per,34.6
1776001510,bftpd,nsfuzz,6,b_abs,469
1776001511,bftpd,nsfuzz,6,l_per,48.3
1776001511,bftpd,nsfuzz,6,l_abs,1087
1776001511,bftpd,nsfuzz,6,b_per,34.6
1776001511,bftpd,nsfuzz,6,b_abs,469
1776001513,bftpd,nsfuzz,6,l_per,48.3
1776001513,bftpd,nsfuzz,6,l_abs,1087
1776001513,bftpd,nsfuzz,6,b_per,34.6
1776001513,bftpd,nsfuzz,6,b_abs,469
1776001518,bftpd,nsfuzz,6,l_per,48.3
1776001518,bftpd,nsfuzz,6,l_abs,1087
1776001518,bftpd,nsfuzz,6,b_per,34.6
1776001518,bftpd,nsfuzz,6,b_abs,469
1776001519,bftpd,nsfuzz,6,l_per,48.3
1776001519,bftpd,nsfuzz,6,l_abs,1087
1776001519,bftpd,nsfuzz,6,b_per,34.6
1776001519,bftpd,nsfuzz,6,b_abs,469
1776001532,bftpd,nsfuzz,6,l_per,48.3
1776001532,bftpd,nsfuzz,6,l_abs,1087
1776001532,bftpd,nsfuzz,6,b_per,34.6
1776001532,bftpd,nsfuzz,6,b_abs,469
1776001537,bftpd,nsfuzz,6,l_per,48.3
1776001537,bftpd,nsfuzz,6,l_abs,1087
1776001537,bftpd,nsfuzz,6,b_per,34.6
1776001537,bftpd,nsfuzz,6,b_abs,469
1776001541,bftpd,nsfuzz,6,l_per,48.3
1776001541,bftpd,nsfuzz,6,l_abs,1087
1776001541,bftpd,nsfuzz,6,b_per,34.6
1776001541,bftpd,nsfuzz,6,b_abs,469
1776001545,bftpd,nsfuzz,6,l_per,48.3
1776001545,bftpd,nsfuzz,6,l_abs,1087
1776001545,bftpd,nsfuzz,6,b_per,34.6
1776001545,bftpd,nsfuzz,6,b_abs,469
1776001558,bftpd,nsfuzz,6,l_per,48.3
1776001558,bftpd,nsfuzz,6,l_abs,1087
1776001558,bftpd,nsfuzz,6,b_per,34.6
1776001558,bftpd,nsfuzz,6,b_abs,469
1776001558,bftpd,nsfuzz,6,l_per,48.3
1776001558,bftpd,nsfuzz,6,l_abs,1087
1776001558,bftpd,nsfuzz,6,b_per,34.6
1776001558,bftpd,nsfuzz,6,b_abs,469
1776001559,bftpd,nsfuzz,6,l_per,48.3
1776001559,bftpd,nsfuzz,6,l_abs,1087
1776001559,bftpd,nsfuzz,6,b_per,34.6
1776001559,bftpd,nsfuzz,6,b_abs,469
1776001559,bftpd,nsfuzz,6,l_per,48.3
1776001559,bftpd,nsfuzz,6,l_abs,1087
1776001559,bftpd,nsfuzz,6,b_per,34.6
1776001559,bftpd,nsfuzz,6,b_abs,469
1776001560,bftpd,nsfuzz,6,l_per,48.3
1776001560,bftpd,nsfuzz,6,l_abs,1087
1776001560,bftpd,nsfuzz,6,b_per,34.6
1776001560,bftpd,nsfuzz,6,b_abs,469
1776001563,bftpd,nsfuzz,6,l_per,48.3
1776001563,bftpd,nsfuzz,6,l_abs,1087
1776001563,bftpd,nsfuzz,6,b_per,34.6
1776001563,bftpd,nsfuzz,6,b_abs,469
1776001563,bftpd,nsfuzz,6,l_per,48.3
1776001563,bftpd,nsfuzz,6,l_abs,1087
1776001563,bftpd,nsfuzz,6,b_per,34.7
1776001563,bftpd,nsfuzz,6,b_abs,470
1776001563,bftpd,nsfuzz,6,l_per,48.3
1776001563,bftpd,nsfuzz,6,l_abs,1087
1776001563,bftpd,nsfuzz,6,b_per,34.7
1776001563,bftpd,nsfuzz,6,b_abs,470
1776001563,bftpd,nsfuzz,6,l_per,48.3
1776001563,bftpd,nsfuzz,6,l_abs,1087
1776001563,bftpd,nsfuzz,6,b_per,34.7
1776001563,bftpd,nsfuzz,6,b_abs,470
1776001565,bftpd,nsfuzz,6,l_per,48.3
1776001565,bftpd,nsfuzz,6,l_abs,1087
1776001565,bftpd,nsfuzz,6,b_per,34.7
1776001565,bftpd,nsfuzz,6,b_abs,470
1776001565,bftpd,nsfuzz,6,l_per,48.3
1776001565,bftpd,nsfuzz,6,l_abs,1087
1776001565,bftpd,nsfuzz,6,b_per,34.7
1776001565,bftpd,nsfuzz,6,b_abs,470
1776001567,bftpd,nsfuzz,6,l_per,48.3
1776001567,bftpd,nsfuzz,6,l_abs,1087
1776001567,bftpd,nsfuzz,6,b_per,34.7
1776001567,bftpd,nsfuzz,6,b_abs,470
1776001570,bftpd,nsfuzz,6,l_per,48.3
1776001570,bftpd,nsfuzz,6,l_abs,1087
1776001570,bftpd,nsfuzz,6,b_per,34.7
1776001570,bftpd,nsfuzz,6,b_abs,470
1776001571,bftpd,nsfuzz,6,l_per,48.3
1776001571,bftpd,nsfuzz,6,l_abs,1087
1776001571,bftpd,nsfuzz,6,b_per,34.7
1776001571,bftpd,nsfuzz,6,b_abs,470
1776001572,bftpd,nsfuzz,6,l_per,48.3
1776001572,bftpd,nsfuzz,6,l_abs,1087
1776001572,bftpd,nsfuzz,6,b_per,34.7
1776001572,bftpd,nsfuzz,6,b_abs,470
1776001601,bftpd,nsfuzz,6,l_per,48.3
1776001601,bftpd,nsfuzz,6,l_abs,1087
1776001601,bftpd,nsfuzz,6,b_per,34.7
1776001601,bftpd,nsfuzz,6,b_abs,470
1776001604,bftpd,nsfuzz,6,l_per,48.3
1776001604,bftpd,nsfuzz,6,l_abs,1087
1776001604,bftpd,nsfuzz,6,b_per,34.7
1776001604,bftpd,nsfuzz,6,b_abs,470
1776001617,bftpd,nsfuzz,6,l_per,48.4
1776001617,bftpd,nsfuzz,6,l_abs,1090
1776001617,bftpd,nsfuzz,6,b_per,35.2
1776001617,bftpd,nsfuzz,6,b_abs,476
1776001624,bftpd,nsfuzz,6,l_per,48.4
1776001624,bftpd,nsfuzz,6,l_abs,1090
1776001624,bftpd,nsfuzz,6,b_per,35.2
1776001624,bftpd,nsfuzz,6,b_abs,476
1776001627,bftpd,nsfuzz,6,l_per,48.4
1776001627,bftpd,nsfuzz,6,l_abs,1090
1776001627,bftpd,nsfuzz,6,b_per,35.2
1776001627,bftpd,nsfuzz,6,b_abs,476
1776001635,bftpd,nsfuzz,6,l_per,48.4
1776001635,bftpd,nsfuzz,6,l_abs,1090
1776001635,bftpd,nsfuzz,6,b_per,35.2
1776001635,bftpd,nsfuzz,6,b_abs,476
1776001635,bftpd,nsfuzz,6,l_per,48.4
1776001635,bftpd,nsfuzz,6,l_abs,1090
1776001635,bftpd,nsfuzz,6,b_per,35.2
1776001635,bftpd,nsfuzz,6,b_abs,476
1776001636,bftpd,nsfuzz,6,l_per,48.4
1776001636,bftpd,nsfuzz,6,l_abs,1090
1776001636,bftpd,nsfuzz,6,b_per,35.2
1776001636,bftpd,nsfuzz,6,b_abs,476
1776001637,bftpd,nsfuzz,6,l_per,48.4
1776001637,bftpd,nsfuzz,6,l_abs,1090
1776001637,bftpd,nsfuzz,6,b_per,35.2
1776001637,bftpd,nsfuzz,6,b_abs,476
1776001641,bftpd,nsfuzz,6,l_per,48.4
1776001641,bftpd,nsfuzz,6,l_abs,1090
1776001641,bftpd,nsfuzz,6,b_per,35.2
1776001641,bftpd,nsfuzz,6,b_abs,476
1776001647,bftpd,nsfuzz,6,l_per,48.4
1776001647,bftpd,nsfuzz,6,l_abs,1090
1776001647,bftpd,nsfuzz,6,b_per,35.2
1776001647,bftpd,nsfuzz,6,b_abs,476
1776001662,bftpd,nsfuzz,6,l_per,48.4
1776001662,bftpd,nsfuzz,6,l_abs,1090
1776001662,bftpd,nsfuzz,6,b_per,35.2
1776001662,bftpd,nsfuzz,6,b_abs,476
1776001679,bftpd,nsfuzz,6,l_per,48.4
1776001679,bftpd,nsfuzz,6,l_abs,1090
1776001679,bftpd,nsfuzz,6,b_per,35.2
1776001679,bftpd,nsfuzz,6,b_abs,476
1776001681,bftpd,nsfuzz,6,l_per,48.4
1776001681,bftpd,nsfuzz,6,l_abs,1090
1776001681,bftpd,nsfuzz,6,b_per,35.2
1776001681,bftpd,nsfuzz,6,b_abs,476
1776001708,bftpd,nsfuzz,6,l_per,48.4
1776001708,bftpd,nsfuzz,6,l_abs,1090
1776001708,bftpd,nsfuzz,6,b_per,35.2
1776001708,bftpd,nsfuzz,6,b_abs,476
1776001732,bftpd,nsfuzz,6,l_per,48.4
1776001732,bftpd,nsfuzz,6,l_abs,1090
1776001732,bftpd,nsfuzz,6,b_per,35.2
1776001732,bftpd,nsfuzz,6,b_abs,476
1776001733,bftpd,nsfuzz,6,l_per,48.4
1776001733,bftpd,nsfuzz,6,l_abs,1090
1776001733,bftpd,nsfuzz,6,b_per,35.2
1776001733,bftpd,nsfuzz,6,b_abs,476
1776001740,bftpd,nsfuzz,6,l_per,48.4
1776001740,bftpd,nsfuzz,6,l_abs,1090
1776001740,bftpd,nsfuzz,6,b_per,35.2
1776001740,bftpd,nsfuzz,6,b_abs,476
1776001742,bftpd,nsfuzz,6,l_per,48.4
1776001742,bftpd,nsfuzz,6,l_abs,1090
1776001742,bftpd,nsfuzz,6,b_per,35.2
1776001742,bftpd,nsfuzz,6,b_abs,476
1776001743,bftpd,nsfuzz,6,l_per,48.4
1776001743,bftpd,nsfuzz,6,l_abs,1090
1776001743,bftpd,nsfuzz,6,b_per,35.2
1776001743,bftpd,nsfuzz,6,b_abs,476
1776001746,bftpd,nsfuzz,6,l_per,48.4
1776001746,bftpd,nsfuzz,6,l_abs,1090
1776001746,bftpd,nsfuzz,6,b_per,35.2
1776001746,bftpd,nsfuzz,6,b_abs,476
1776001754,bftpd,nsfuzz,6,l_per,48.4
1776001754,bftpd,nsfuzz,6,l_abs,1090
1776001754,bftpd,nsfuzz,6,b_per,35.2
1776001754,bftpd,nsfuzz,6,b_abs,476
1776001773,bftpd,nsfuzz,6,l_per,48.4
1776001773,bftpd,nsfuzz,6,l_abs,1090
1776001773,bftpd,nsfuzz,6,b_per,35.2
1776001773,bftpd,nsfuzz,6,b_abs,476
1776001774,bftpd,nsfuzz,6,l_per,48.4
1776001774,bftpd,nsfuzz,6,l_abs,1090
1776001774,bftpd,nsfuzz,6,b_per,35.2
1776001774,bftpd,nsfuzz,6,b_abs,476
1776001779,bftpd,nsfuzz,6,l_per,48.4
1776001779,bftpd,nsfuzz,6,l_abs,1090
1776001779,bftpd,nsfuzz,6,b_per,35.2
1776001779,bftpd,nsfuzz,6,b_abs,476
1776001801,bftpd,nsfuzz,6,l_per,48.4
1776001801,bftpd,nsfuzz,6,l_abs,1090
1776001801,bftpd,nsfuzz,6,b_per,35.2
1776001801,bftpd,nsfuzz,6,b_abs,476
1776001802,bftpd,nsfuzz,6,l_per,48.4
1776001802,bftpd,nsfuzz,6,l_abs,1090
1776001802,bftpd,nsfuzz,6,b_per,35.2
1776001802,bftpd,nsfuzz,6,b_abs,476
1776001803,bftpd,nsfuzz,6,l_per,48.4
1776001803,bftpd,nsfuzz,6,l_abs,1090
1776001803,bftpd,nsfuzz,6,b_per,35.2
1776001803,bftpd,nsfuzz,6,b_abs,476
1776001806,bftpd,nsfuzz,6,l_per,48.4
1776001806,bftpd,nsfuzz,6,l_abs,1090
1776001806,bftpd,nsfuzz,6,b_per,35.2
1776001806,bftpd,nsfuzz,6,b_abs,476
1776001810,bftpd,nsfuzz,6,l_per,48.4
1776001810,bftpd,nsfuzz,6,l_abs,1090
1776001810,bftpd,nsfuzz,6,b_per,35.2
1776001810,bftpd,nsfuzz,6,b_abs,476
1776001821,bftpd,nsfuzz,6,l_per,48.4
1776001821,bftpd,nsfuzz,6,l_abs,1090
1776001821,bftpd,nsfuzz,6,b_per,35.2
1776001821,bftpd,nsfuzz,6,b_abs,476
1776001840,bftpd,nsfuzz,6,l_per,48.4
1776001840,bftpd,nsfuzz,6,l_abs,1090
1776001840,bftpd,nsfuzz,6,b_per,35.2
1776001840,bftpd,nsfuzz,6,b_abs,476
1776001909,bftpd,nsfuzz,6,l_per,48.4
1776001909,bftpd,nsfuzz,6,l_abs,1090
1776001909,bftpd,nsfuzz,6,b_per,35.2
1776001909,bftpd,nsfuzz,6,b_abs,476
1776001936,bftpd,nsfuzz,6,l_per,48.4
1776001936,bftpd,nsfuzz,6,l_abs,1090
1776001936,bftpd,nsfuzz,6,b_per,35.2
1776001936,bftpd,nsfuzz,6,b_abs,476
1776001997,bftpd,nsfuzz,6,l_per,48.4
1776001997,bftpd,nsfuzz,6,l_abs,1090
1776001997,bftpd,nsfuzz,6,b_per,35.2
1776001997,bftpd,nsfuzz,6,b_abs,476
1776001998,bftpd,nsfuzz,6,l_per,48.4
1776001998,bftpd,nsfuzz,6,l_abs,1090
1776001998,bftpd,nsfuzz,6,b_per,35.2
1776001998,bftpd,nsfuzz,6,b_abs,476
1776002023,bftpd,nsfuzz,6,l_per,48.4
1776002023,bftpd,nsfuzz,6,l_abs,1090
1776002023,bftpd,nsfuzz,6,b_per,35.2
1776002023,bftpd,nsfuzz,6,b_abs,476
1776002170,bftpd,nsfuzz,6,l_per,48.4
1776002170,bftpd,nsfuzz,6,l_abs,1090
1776002170,bftpd,nsfuzz,6,b_per,35.2
1776002170,bftpd,nsfuzz,6,b_abs,476
1776002203,bftpd,nsfuzz,6,l_per,48.4
1776002203,bftpd,nsfuzz,6,l_abs,1090
1776002203,bftpd,nsfuzz,6,b_per,35.2
1776002203,bftpd,nsfuzz,6,b_abs,476
1776002308,bftpd,nsfuzz,6,l_per,48.4
1776002308,bftpd,nsfuzz,6,l_abs,1090
1776002308,bftpd,nsfuzz,6,b_per,35.2
1776002308,bftpd,nsfuzz,6,b_abs,476
1776002334,bftpd,nsfuzz,6,l_per,48.4
1776002334,bftpd,nsfuzz,6,l_abs,1090
1776002334,bftpd,nsfuzz,6,b_per,35.2
1776002334,bftpd,nsfuzz,6,b_abs,476
1776002336,bftpd,nsfuzz,6,l_per,48.4
1776002336,bftpd,nsfuzz,6,l_abs,1090
1776002336,bftpd,nsfuzz,6,b_per,35.2
1776002336,bftpd,nsfuzz,6,b_abs,476
1776002349,bftpd,nsfuzz,6,l_per,48.4
1776002349,bftpd,nsfuzz,6,l_abs,1090
1776002349,bftpd,nsfuzz,6,b_per,35.2
1776002349,bftpd,nsfuzz,6,b_abs,476
1776002374,bftpd,nsfuzz,6,l_per,48.4
1776002374,bftpd,nsfuzz,6,l_abs,1090
1776002374,bftpd,nsfuzz,6,b_per,35.2
1776002374,bftpd,nsfuzz,6,b_abs,476
1776002469,bftpd,nsfuzz,6,l_per,48.4
1776002469,bftpd,nsfuzz,6,l_abs,1090
1776002469,bftpd,nsfuzz,6,b_per,35.2
1776002469,bftpd,nsfuzz,6,b_abs,476
1776002476,bftpd,nsfuzz,6,l_per,48.4
1776002476,bftpd,nsfuzz,6,l_abs,1090
1776002476,bftpd,nsfuzz,6,b_per,35.2
1776002476,bftpd,nsfuzz,6,b_abs,476
1776002525,bftpd,nsfuzz,6,l_per,48.4
1776002525,bftpd,nsfuzz,6,l_abs,1090
1776002525,bftpd,nsfuzz,6,b_per,35.2
1776002525,bftpd,nsfuzz,6,b_abs,476
1776002541,bftpd,nsfuzz,6,l_per,48.4
1776002541,bftpd,nsfuzz,6,l_abs,1090
1776002541,bftpd,nsfuzz,6,b_per,35.2
1776002541,bftpd,nsfuzz,6,b_abs,476
1776002680,bftpd,nsfuzz,6,l_per,48.4
1776002680,bftpd,nsfuzz,6,l_abs,1090
1776002680,bftpd,nsfuzz,6,b_per,35.2
1776002680,bftpd,nsfuzz,6,b_abs,476
1776002725,bftpd,nsfuzz,6,l_per,48.4
1776002725,bftpd,nsfuzz,6,l_abs,1090
1776002725,bftpd,nsfuzz,6,b_per,35.2
1776002725,bftpd,nsfuzz,6,b_abs,476
1776002737,bftpd,nsfuzz,6,l_per,48.4
1776002737,bftpd,nsfuzz,6,l_abs,1090
1776002737,bftpd,nsfuzz,6,b_per,35.2
1776002737,bftpd,nsfuzz,6,b_abs,476
1776002740,bftpd,nsfuzz,6,l_per,48.4
1776002740,bftpd,nsfuzz,6,l_abs,1090
1776002740,bftpd,nsfuzz,6,b_per,35.2
1776002740,bftpd,nsfuzz,6,b_abs,476
1776002758,bftpd,nsfuzz,6,l_per,48.4
1776002758,bftpd,nsfuzz,6,l_abs,1090
1776002758,bftpd,nsfuzz,6,b_per,35.2
1776002758,bftpd,nsfuzz,6,b_abs,476
1776002971,bftpd,nsfuzz,6,l_per,48.4
1776002971,bftpd,nsfuzz,6,l_abs,1090
1776002971,bftpd,nsfuzz,6,b_per,35.2
1776002971,bftpd,nsfuzz,6,b_abs,476
1776003032,bftpd,nsfuzz,6,l_per,48.4
1776003032,bftpd,nsfuzz,6,l_abs,1090
1776003032,bftpd,nsfuzz,6,b_per,35.2
1776003032,bftpd,nsfuzz,6,b_abs,476
1776003034,bftpd,nsfuzz,6,l_per,48.4
1776003034,bftpd,nsfuzz,6,l_abs,1090
1776003034,bftpd,nsfuzz,6,b_per,35.2
1776003034,bftpd,nsfuzz,6,b_abs,476
1776003233,bftpd,nsfuzz,6,l_per,48.4
1776003233,bftpd,nsfuzz,6,l_abs,1090
1776003233,bftpd,nsfuzz,6,b_per,35.2
1776003233,bftpd,nsfuzz,6,b_abs,476
1776003237,bftpd,nsfuzz,6,l_per,48.4
1776003237,bftpd,nsfuzz,6,l_abs,1090
1776003237,bftpd,nsfuzz,6,b_per,35.2
1776003237,bftpd,nsfuzz,6,b_abs,476
1776003241,bftpd,nsfuzz,6,l_per,48.4
1776003241,bftpd,nsfuzz,6,l_abs,1090
1776003241,bftpd,nsfuzz,6,b_per,35.2
1776003241,bftpd,nsfuzz,6,b_abs,476
1776003250,bftpd,nsfuzz,6,l_per,48.4
1776003250,bftpd,nsfuzz,6,l_abs,1090
1776003250,bftpd,nsfuzz,6,b_per,35.2
1776003250,bftpd,nsfuzz,6,b_abs,476
1776003264,bftpd,nsfuzz,6,l_per,48.4
1776003264,bftpd,nsfuzz,6,l_abs,1090
1776003264,bftpd,nsfuzz,6,b_per,35.2
1776003264,bftpd,nsfuzz,6,b_abs,476
1776003414,bftpd,nsfuzz,6,l_per,48.4
1776003414,bftpd,nsfuzz,6,l_abs,1090
1776003414,bftpd,nsfuzz,6,b_per,35.2
1776003414,bftpd,nsfuzz,6,b_abs,476
1776003594,bftpd,nsfuzz,6,l_per,48.4
1776003594,bftpd,nsfuzz,6,l_abs,1090
1776003594,bftpd,nsfuzz,6,b_per,35.2
1776003594,bftpd,nsfuzz,6,b_abs,476
1776003622,bftpd,nsfuzz,6,l_per,48.4
1776003622,bftpd,nsfuzz,6,l_abs,1090
1776003622,bftpd,nsfuzz,6,b_per,35.2
1776003622,bftpd,nsfuzz,6,b_abs,476
1776003625,bftpd,nsfuzz,6,l_per,48.4
1776003625,bftpd,nsfuzz,6,l_abs,1090
1776003625,bftpd,nsfuzz,6,b_per,35.2
1776003625,bftpd,nsfuzz,6,b_abs,476
1776004071,bftpd,nsfuzz,6,l_per,48.4
1776004071,bftpd,nsfuzz,6,l_abs,1090
1776004071,bftpd,nsfuzz,6,b_per,35.2
1776004071,bftpd,nsfuzz,6,b_abs,476
1776004320,bftpd,nsfuzz,6,l_per,48.4
1776004320,bftpd,nsfuzz,6,l_abs,1090
1776004320,bftpd,nsfuzz,6,b_per,35.2
1776004320,bftpd,nsfuzz,6,b_abs,476
1776004338,bftpd,nsfuzz,6,l_per,48.4
1776004338,bftpd,nsfuzz,6,l_abs,1090
1776004338,bftpd,nsfuzz,6,b_per,35.2
1776004338,bftpd,nsfuzz,6,b_abs,476
1776004338,bftpd,nsfuzz,6,l_per,48.4
1776004338,bftpd,nsfuzz,6,l_abs,1090
1776004338,bftpd,nsfuzz,6,b_per,35.2
1776004338,bftpd,nsfuzz,6,b_abs,476
1776004339,bftpd,nsfuzz,6,l_per,48.4
1776004339,bftpd,nsfuzz,6,l_abs,1090
1776004339,bftpd,nsfuzz,6,b_per,35.2
1776004339,bftpd,nsfuzz,6,b_abs,476
1776004341,bftpd,nsfuzz,6,l_per,48.4
1776004341,bftpd,nsfuzz,6,l_abs,1090
1776004341,bftpd,nsfuzz,6,b_per,35.2
1776004341,bftpd,nsfuzz,6,b_abs,476
1776004350,bftpd,nsfuzz,6,l_per,48.4
1776004350,bftpd,nsfuzz,6,l_abs,1090
1776004350,bftpd,nsfuzz,6,b_per,35.2
1776004350,bftpd,nsfuzz,6,b_abs,476
1776004627,bftpd,nsfuzz,6,l_per,48.4
1776004627,bftpd,nsfuzz,6,l_abs,1090
1776004627,bftpd,nsfuzz,6,b_per,35.2
1776004627,bftpd,nsfuzz,6,b_abs,476
1776004825,bftpd,nsfuzz,6,l_per,48.4
1776004825,bftpd,nsfuzz,6,l_abs,1090
1776004825,bftpd,nsfuzz,6,b_per,35.2
1776004825,bftpd,nsfuzz,6,b_abs,476
1776004832,bftpd,nsfuzz,6,l_per,48.4
1776004832,bftpd,nsfuzz,6,l_abs,1090
1776004832,bftpd,nsfuzz,6,b_per,35.2
1776004832,bftpd,nsfuzz,6,b_abs,476
1776004834,bftpd,nsfuzz,6,l_per,48.4
1776004834,bftpd,nsfuzz,6,l_abs,1090
1776004834,bftpd,nsfuzz,6,b_per,35.2
1776004834,bftpd,nsfuzz,6,b_abs,476
1776005146,bftpd,nsfuzz,6,l_per,48.4
1776005146,bftpd,nsfuzz,6,l_abs,1090
1776005146,bftpd,nsfuzz,6,b_per,35.2
1776005146,bftpd,nsfuzz,6,b_abs,476
1776005335,bftpd,nsfuzz,6,l_per,48.4
1776005335,bftpd,nsfuzz,6,l_abs,1090
1776005335,bftpd,nsfuzz,6,b_per,35.2
1776005335,bftpd,nsfuzz,6,b_abs,476
1776005860,bftpd,nsfuzz,6,l_per,48.4
1776005860,bftpd,nsfuzz,6,l_abs,1090
1776005860,bftpd,nsfuzz,6,b_per,35.2
1776005860,bftpd,nsfuzz,6,b_abs,476
1776005862,bftpd,nsfuzz,6,l_per,48.4
1776005862,bftpd,nsfuzz,6,l_abs,1090
1776005862,bftpd,nsfuzz,6,b_per,35.2
1776005862,bftpd,nsfuzz,6,b_abs,476
1776005882,bftpd,nsfuzz,6,l_per,48.4
1776005882,bftpd,nsfuzz,6,l_abs,1090
1776005882,bftpd,nsfuzz,6,b_per,35.2
1776005882,bftpd,nsfuzz,6,b_abs,476
1776005913,bftpd,nsfuzz,6,l_per,48.4
1776005913,bftpd,nsfuzz,6,l_abs,1090
1776005913,bftpd,nsfuzz,6,b_per,35.2
1776005913,bftpd,nsfuzz,6,b_abs,476
1776007313,bftpd,nsfuzz,6,l_per,48.4
1776007313,bftpd,nsfuzz,6,l_abs,1090
1776007313,bftpd,nsfuzz,6,b_per,35.2
1776007313,bftpd,nsfuzz,6,b_abs,476
1776007471,bftpd,nsfuzz,6,l_per,48.4
1776007471,bftpd,nsfuzz,6,l_abs,1090
1776007471,bftpd,nsfuzz,6,b_per,35.2
1776007471,bftpd,nsfuzz,6,b_abs,476
1776007484,bftpd,nsfuzz,6,l_per,48.4
1776007484,bftpd,nsfuzz,6,l_abs,1090
1776007484,bftpd,nsfuzz,6,b_per,35.2
1776007484,bftpd,nsfuzz,6,b_abs,476
1776007496,bftpd,nsfuzz,6,l_per,48.4
1776007496,bftpd,nsfuzz,6,l_abs,1090
1776007496,bftpd,nsfuzz,6,b_per,35.2
1776007496,bftpd,nsfuzz,6,b_abs,476
1776007661,bftpd,nsfuzz,6,l_per,48.4
1776007661,bftpd,nsfuzz,6,l_abs,1090
1776007661,bftpd,nsfuzz,6,b_per,35.2
1776007661,bftpd,nsfuzz,6,b_abs,476
1776008345,bftpd,nsfuzz,6,l_per,48.4
1776008345,bftpd,nsfuzz,6,l_abs,1090
1776008345,bftpd,nsfuzz,6,b_per,35.2
1776008345,bftpd,nsfuzz,6,b_abs,476
1776008371,bftpd,nsfuzz,6,l_per,48.4
1776008371,bftpd,nsfuzz,6,l_abs,1090
1776008371,bftpd,nsfuzz,6,b_per,35.2
1776008371,bftpd,nsfuzz,6,b_abs,476
1776008374,bftpd,nsfuzz,6,l_per,48.4
1776008374,bftpd,nsfuzz,6,l_abs,1090
1776008374,bftpd,nsfuzz,6,b_per,35.2
1776008374,bftpd,nsfuzz,6,b_abs,476
1776016799,bftpd,nsfuzz,6,l_per,48.4
1776016799,bftpd,nsfuzz,6,l_abs,1090
1776016799,bftpd,nsfuzz,6,b_per,35.2
1776016799,bftpd,nsfuzz,6,b_abs,476
1776016907,bftpd,nsfuzz,6,l_per,48.4
1776016907,bftpd,nsfuzz,6,l_abs,1090
1776016907,bftpd,nsfuzz,6,b_per,35.2
1776016907,bftpd,nsfuzz,6,b_abs,476
1776055333,bftpd,nsfuzz,6,l_per,48.4
1776055333,bftpd,nsfuzz,6,l_abs,1090
1776055333,bftpd,nsfuzz,6,b_per,35.2
1776055333,bftpd,nsfuzz,6,b_abs,476
1776055557,bftpd,nsfuzz,6,l_per,48.4
1776055557,bftpd,nsfuzz,6,l_abs,1090
1776055557,bftpd,nsfuzz,6,b_per,35.2
1776055557,bftpd,nsfuzz,6,b_abs,476
1776062402,bftpd,nsfuzz,6,l_per,48.4
1776062402,bftpd,nsfuzz,6,l_abs,1090
1776062402,bftpd,nsfuzz,6,b_per,35.2
1776062402,bftpd,nsfuzz,6,b_abs,476
1776065819,bftpd,nsfuzz,6,l_per,48.4
1776065819,bftpd,nsfuzz,6,l_abs,1090
1776065819,bftpd,nsfuzz,6,b_per,35.2
1776065819,bftpd,nsfuzz,6,b_abs,476
1776001093,bftpd,nsfuzz,7,l_per,28.9
1776001093,bftpd,nsfuzz,7,l_abs,647
1776001093,bftpd,nsfuzz,7,b_per,18.5
1776001093,bftpd,nsfuzz,7,b_abs,251
1776001093,bftpd,nsfuzz,7,l_per,29.6
1776001093,bftpd,nsfuzz,7,l_abs,663
1776001093,bftpd,nsfuzz,7,b_per,19.1
1776001093,bftpd,nsfuzz,7,b_abs,258
1776001093,bftpd,nsfuzz,7,l_per,30.3
1776001093,bftpd,nsfuzz,7,l_abs,680
1776001093,bftpd,nsfuzz,7,b_per,19.4
1776001093,bftpd,nsfuzz,7,b_abs,263
1776001093,bftpd,nsfuzz,7,l_per,30.3
1776001093,bftpd,nsfuzz,7,l_abs,680
1776001093,bftpd,nsfuzz,7,b_per,19.4
1776001093,bftpd,nsfuzz,7,b_abs,263
1776001093,bftpd,nsfuzz,7,l_per,33.2
1776001093,bftpd,nsfuzz,7,l_abs,744
1776001093,bftpd,nsfuzz,7,b_per,20.8
1776001093,bftpd,nsfuzz,7,b_abs,281
1776001093,bftpd,nsfuzz,7,l_per,35.2
1776001093,bftpd,nsfuzz,7,l_abs,791
1776001093,bftpd,nsfuzz,7,b_per,22.5
1776001093,bftpd,nsfuzz,7,b_abs,304
1776001093,bftpd,nsfuzz,7,l_per,35.2
1776001093,bftpd,nsfuzz,7,l_abs,791
1776001093,bftpd,nsfuzz,7,b_per,22.5
1776001093,bftpd,nsfuzz,7,b_abs,304
1776001093,bftpd,nsfuzz,7,l_per,35.2
1776001093,bftpd,nsfuzz,7,l_abs,791
1776001093,bftpd,nsfuzz,7,b_per,22.5
1776001093,bftpd,nsfuzz,7,b_abs,304
1776001093,bftpd,nsfuzz,7,l_per,35.4
1776001093,bftpd,nsfuzz,7,l_abs,795
1776001093,bftpd,nsfuzz,7,b_per,22.6
1776001093,bftpd,nsfuzz,7,b_abs,306
1776001093,bftpd,nsfuzz,7,l_per,36.4
1776001093,bftpd,nsfuzz,7,l_abs,819
1776001093,bftpd,nsfuzz,7,b_per,23.3
1776001093,bftpd,nsfuzz,7,b_abs,315
1776001093,bftpd,nsfuzz,7,l_per,36.4
1776001093,bftpd,nsfuzz,7,l_abs,819
1776001093,bftpd,nsfuzz,7,b_per,23.3
1776001093,bftpd,nsfuzz,7,b_abs,315
1776001093,bftpd,nsfuzz,7,l_per,40.7
1776001093,bftpd,nsfuzz,7,l_abs,916
1776001093,bftpd,nsfuzz,7,b_per,27.0
1776001093,bftpd,nsfuzz,7,b_abs,365
1776001093,bftpd,nsfuzz,7,l_per,41.4
1776001093,bftpd,nsfuzz,7,l_abs,930
1776001093,bftpd,nsfuzz,7,b_per,27.3
1776001093,bftpd,nsfuzz,7,b_abs,370
1776001093,bftpd,nsfuzz,7,l_per,41.4
1776001093,bftpd,nsfuzz,7,l_abs,930
1776001093,bftpd,nsfuzz,7,b_per,27.3
1776001093,bftpd,nsfuzz,7,b_abs,370
1776001093,bftpd,nsfuzz,7,l_per,41.4
1776001093,bftpd,nsfuzz,7,l_abs,931
1776001093,bftpd,nsfuzz,7,b_per,27.4
1776001093,bftpd,nsfuzz,7,b_abs,371
1776001093,bftpd,nsfuzz,7,l_per,41.4
1776001093,bftpd,nsfuzz,7,l_abs,931
1776001093,bftpd,nsfuzz,7,b_per,27.4
1776001093,bftpd,nsfuzz,7,b_abs,371
1776001093,bftpd,nsfuzz,7,l_per,41.4
1776001093,bftpd,nsfuzz,7,l_abs,931
1776001093,bftpd,nsfuzz,7,b_per,27.4
1776001093,bftpd,nsfuzz,7,b_abs,371
1776001093,bftpd,nsfuzz,7,l_per,41.7
1776001093,bftpd,nsfuzz,7,l_abs,937
1776001093,bftpd,nsfuzz,7,b_per,27.6
1776001093,bftpd,nsfuzz,7,b_abs,374
1776001093,bftpd,nsfuzz,7,l_per,41.8
1776001093,bftpd,nsfuzz,7,l_abs,940
1776001093,bftpd,nsfuzz,7,b_per,27.7
1776001093,bftpd,nsfuzz,7,b_abs,375
1776001093,bftpd,nsfuzz,7,l_per,41.8
1776001093,bftpd,nsfuzz,7,l_abs,940
1776001093,bftpd,nsfuzz,7,b_per,27.7
1776001093,bftpd,nsfuzz,7,b_abs,375
1776001093,bftpd,nsfuzz,7,l_per,41.8
1776001093,bftpd,nsfuzz,7,l_abs,940
1776001093,bftpd,nsfuzz,7,b_per,27.7
1776001093,bftpd,nsfuzz,7,b_abs,375
1776001093,bftpd,nsfuzz,7,l_per,41.8
1776001093,bftpd,nsfuzz,7,l_abs,940
1776001093,bftpd,nsfuzz,7,b_per,27.7
1776001093,bftpd,nsfuzz,7,b_abs,375
1776001093,bftpd,nsfuzz,7,l_per,41.8
1776001093,bftpd,nsfuzz,7,l_abs,940
1776001093,bftpd,nsfuzz,7,b_per,27.7
1776001093,bftpd,nsfuzz,7,b_abs,375
1776001093,bftpd,nsfuzz,7,l_per,41.9
1776001093,bftpd,nsfuzz,7,l_abs,942
1776001093,bftpd,nsfuzz,7,b_per,27.8
1776001093,bftpd,nsfuzz,7,b_abs,376
1776001093,bftpd,nsfuzz,7,l_per,41.9
1776001093,bftpd,nsfuzz,7,l_abs,942
1776001093,bftpd,nsfuzz,7,b_per,27.8
1776001093,bftpd,nsfuzz,7,b_abs,376
1776001093,bftpd,nsfuzz,7,l_per,41.9
1776001093,bftpd,nsfuzz,7,l_abs,942
1776001093,bftpd,nsfuzz,7,b_per,27.8
1776001093,bftpd,nsfuzz,7,b_abs,376
1776001097,bftpd,nsfuzz,7,l_per,42.1
1776001097,bftpd,nsfuzz,7,l_abs,946
1776001097,bftpd,nsfuzz,7,b_per,28.3
1776001097,bftpd,nsfuzz,7,b_abs,383
1776001097,bftpd,nsfuzz,7,l_per,42.3
1776001097,bftpd,nsfuzz,7,l_abs,950
1776001097,bftpd,nsfuzz,7,b_per,28.5
1776001097,bftpd,nsfuzz,7,b_abs,386
1776001097,bftpd,nsfuzz,7,l_per,42.3
1776001097,bftpd,nsfuzz,7,l_abs,950
1776001097,bftpd,nsfuzz,7,b_per,28.5
1776001097,bftpd,nsfuzz,7,b_abs,386
1776001098,bftpd,nsfuzz,7,l_per,42.3
1776001098,bftpd,nsfuzz,7,l_abs,950
1776001098,bftpd,nsfuzz,7,b_per,28.5
1776001098,bftpd,nsfuzz,7,b_abs,386
1776001098,bftpd,nsfuzz,7,l_per,42.3
1776001098,bftpd,nsfuzz,7,l_abs,950
1776001098,bftpd,nsfuzz,7,b_per,28.5
1776001098,bftpd,nsfuzz,7,b_abs,386
1776001098,bftpd,nsfuzz,7,l_per,42.3
1776001098,bftpd,nsfuzz,7,l_abs,950
1776001098,bftpd,nsfuzz,7,b_per,28.5
1776001098,bftpd,nsfuzz,7,b_abs,386
1776001098,bftpd,nsfuzz,7,l_per,42.3
1776001098,bftpd,nsfuzz,7,l_abs,950
1776001098,bftpd,nsfuzz,7,b_per,28.5
1776001098,bftpd,nsfuzz,7,b_abs,386
1776001098,bftpd,nsfuzz,7,l_per,42.5
1776001098,bftpd,nsfuzz,7,l_abs,955
1776001098,bftpd,nsfuzz,7,b_per,28.7
1776001098,bftpd,nsfuzz,7,b_abs,388
1776001098,bftpd,nsfuzz,7,l_per,42.5
1776001098,bftpd,nsfuzz,7,l_abs,955
1776001098,bftpd,nsfuzz,7,b_per,28.7
1776001098,bftpd,nsfuzz,7,b_abs,388
1776001098,bftpd,nsfuzz,7,l_per,42.5
1776001098,bftpd,nsfuzz,7,l_abs,955
1776001098,bftpd,nsfuzz,7,b_per,28.7
1776001098,bftpd,nsfuzz,7,b_abs,388
1776001098,bftpd,nsfuzz,7,l_per,42.5
1776001098,bftpd,nsfuzz,7,l_abs,955
1776001098,bftpd,nsfuzz,7,b_per,28.7
1776001098,bftpd,nsfuzz,7,b_abs,388
1776001098,bftpd,nsfuzz,7,l_per,42.5
1776001098,bftpd,nsfuzz,7,l_abs,955
1776001098,bftpd,nsfuzz,7,b_per,28.7
1776001098,bftpd,nsfuzz,7,b_abs,388
1776001098,bftpd,nsfuzz,7,l_per,42.5
1776001098,bftpd,nsfuzz,7,l_abs,955
1776001098,bftpd,nsfuzz,7,b_per,28.7
1776001098,bftpd,nsfuzz,7,b_abs,388
1776001098,bftpd,nsfuzz,7,l_per,42.5
1776001098,bftpd,nsfuzz,7,l_abs,955
1776001098,bftpd,nsfuzz,7,b_per,28.7
1776001098,bftpd,nsfuzz,7,b_abs,388
1776001098,bftpd,nsfuzz,7,l_per,42.5
1776001098,bftpd,nsfuzz,7,l_abs,955
1776001098,bftpd,nsfuzz,7,b_per,28.7
1776001098,bftpd,nsfuzz,7,b_abs,388
1776001098,bftpd,nsfuzz,7,l_per,42.5
1776001098,bftpd,nsfuzz,7,l_abs,955
1776001098,bftpd,nsfuzz,7,b_per,28.7
1776001098,bftpd,nsfuzz,7,b_abs,388
1776001099,bftpd,nsfuzz,7,l_per,42.5
1776001099,bftpd,nsfuzz,7,l_abs,955
1776001099,bftpd,nsfuzz,7,b_per,28.7
1776001099,bftpd,nsfuzz,7,b_abs,388
1776001099,bftpd,nsfuzz,7,l_per,42.5
1776001099,bftpd,nsfuzz,7,l_abs,955
1776001099,bftpd,nsfuzz,7,b_per,28.7
1776001099,bftpd,nsfuzz,7,b_abs,388
1776001099,bftpd,nsfuzz,7,l_per,42.5
1776001099,bftpd,nsfuzz,7,l_abs,955
1776001099,bftpd,nsfuzz,7,b_per,28.7
1776001099,bftpd,nsfuzz,7,b_abs,388
1776001099,bftpd,nsfuzz,7,l_per,42.5
1776001099,bftpd,nsfuzz,7,l_abs,955
1776001099,bftpd,nsfuzz,7,b_per,28.7
1776001099,bftpd,nsfuzz,7,b_abs,388
1776001099,bftpd,nsfuzz,7,l_per,42.5
1776001099,bftpd,nsfuzz,7,l_abs,955
1776001099,bftpd,nsfuzz,7,b_per,28.7
1776001099,bftpd,nsfuzz,7,b_abs,388
1776001099,bftpd,nsfuzz,7,l_per,42.5
1776001099,bftpd,nsfuzz,7,l_abs,955
1776001099,bftpd,nsfuzz,7,b_per,28.7
1776001099,bftpd,nsfuzz,7,b_abs,388
1776001099,bftpd,nsfuzz,7,l_per,42.5
1776001099,bftpd,nsfuzz,7,l_abs,955
1776001099,bftpd,nsfuzz,7,b_per,28.7
1776001099,bftpd,nsfuzz,7,b_abs,389
1776001099,bftpd,nsfuzz,7,l_per,42.5
1776001099,bftpd,nsfuzz,7,l_abs,955
1776001099,bftpd,nsfuzz,7,b_per,28.7
1776001099,bftpd,nsfuzz,7,b_abs,389
1776001099,bftpd,nsfuzz,7,l_per,42.5
1776001099,bftpd,nsfuzz,7,l_abs,955
1776001099,bftpd,nsfuzz,7,b_per,28.7
1776001099,bftpd,nsfuzz,7,b_abs,389
1776001100,bftpd,nsfuzz,7,l_per,42.5
1776001100,bftpd,nsfuzz,7,l_abs,955
1776001100,bftpd,nsfuzz,7,b_per,28.7
1776001100,bftpd,nsfuzz,7,b_abs,389
1776001100,bftpd,nsfuzz,7,l_per,42.5
1776001100,bftpd,nsfuzz,7,l_abs,955
1776001100,bftpd,nsfuzz,7,b_per,28.7
1776001100,bftpd,nsfuzz,7,b_abs,389
1776001100,bftpd,nsfuzz,7,l_per,42.6
1776001100,bftpd,nsfuzz,7,l_abs,957
1776001100,bftpd,nsfuzz,7,b_per,28.9
1776001100,bftpd,nsfuzz,7,b_abs,391
1776001100,bftpd,nsfuzz,7,l_per,42.6
1776001100,bftpd,nsfuzz,7,l_abs,957
1776001100,bftpd,nsfuzz,7,b_per,28.9
1776001100,bftpd,nsfuzz,7,b_abs,391
1776001100,bftpd,nsfuzz,7,l_per,42.6
1776001100,bftpd,nsfuzz,7,l_abs,957
1776001100,bftpd,nsfuzz,7,b_per,28.9
1776001100,bftpd,nsfuzz,7,b_abs,391
1776001100,bftpd,nsfuzz,7,l_per,42.6
1776001100,bftpd,nsfuzz,7,l_abs,957
1776001100,bftpd,nsfuzz,7,b_per,28.9
1776001100,bftpd,nsfuzz,7,b_abs,391
1776001100,bftpd,nsfuzz,7,l_per,42.6
1776001100,bftpd,nsfuzz,7,l_abs,957
1776001100,bftpd,nsfuzz,7,b_per,28.9
1776001100,bftpd,nsfuzz,7,b_abs,391
1776001100,bftpd,nsfuzz,7,l_per,42.6
1776001100,bftpd,nsfuzz,7,l_abs,957
1776001100,bftpd,nsfuzz,7,b_per,28.9
1776001100,bftpd,nsfuzz,7,b_abs,391
1776001101,bftpd,nsfuzz,7,l_per,42.6
1776001101,bftpd,nsfuzz,7,l_abs,957
1776001101,bftpd,nsfuzz,7,b_per,28.9
1776001101,bftpd,nsfuzz,7,b_abs,391
1776001101,bftpd,nsfuzz,7,l_per,42.6
1776001101,bftpd,nsfuzz,7,l_abs,957
1776001101,bftpd,nsfuzz,7,b_per,28.9
1776001101,bftpd,nsfuzz,7,b_abs,391
1776001101,bftpd,nsfuzz,7,l_per,42.6
1776001101,bftpd,nsfuzz,7,l_abs,957
1776001101,bftpd,nsfuzz,7,b_per,28.9
1776001101,bftpd,nsfuzz,7,b_abs,391
1776001101,bftpd,nsfuzz,7,l_per,42.6
1776001101,bftpd,nsfuzz,7,l_abs,957
1776001101,bftpd,nsfuzz,7,b_per,28.9
1776001101,bftpd,nsfuzz,7,b_abs,391
1776001102,bftpd,nsfuzz,7,l_per,42.6
1776001102,bftpd,nsfuzz,7,l_abs,957
1776001102,bftpd,nsfuzz,7,b_per,28.9
1776001102,bftpd,nsfuzz,7,b_abs,391
1776001102,bftpd,nsfuzz,7,l_per,42.6
1776001102,bftpd,nsfuzz,7,l_abs,957
1776001102,bftpd,nsfuzz,7,b_per,28.9
1776001102,bftpd,nsfuzz,7,b_abs,391
1776001102,bftpd,nsfuzz,7,l_per,42.6
1776001102,bftpd,nsfuzz,7,l_abs,957
1776001102,bftpd,nsfuzz,7,b_per,28.9
1776001102,bftpd,nsfuzz,7,b_abs,391
1776001102,bftpd,nsfuzz,7,l_per,42.6
1776001102,bftpd,nsfuzz,7,l_abs,957
1776001102,bftpd,nsfuzz,7,b_per,28.9
1776001102,bftpd,nsfuzz,7,b_abs,391
1776001102,bftpd,nsfuzz,7,l_per,42.6
1776001102,bftpd,nsfuzz,7,l_abs,957
1776001102,bftpd,nsfuzz,7,b_per,28.9
1776001102,bftpd,nsfuzz,7,b_abs,391
1776001103,bftpd,nsfuzz,7,l_per,42.6
1776001103,bftpd,nsfuzz,7,l_abs,957
1776001103,bftpd,nsfuzz,7,b_per,28.9
1776001103,bftpd,nsfuzz,7,b_abs,391
1776001103,bftpd,nsfuzz,7,l_per,42.6
1776001103,bftpd,nsfuzz,7,l_abs,957
1776001103,bftpd,nsfuzz,7,b_per,28.9
1776001103,bftpd,nsfuzz,7,b_abs,391
1776001103,bftpd,nsfuzz,7,l_per,42.6
1776001103,bftpd,nsfuzz,7,l_abs,957
1776001103,bftpd,nsfuzz,7,b_per,28.9
1776001103,bftpd,nsfuzz,7,b_abs,391
1776001104,bftpd,nsfuzz,7,l_per,42.6
1776001104,bftpd,nsfuzz,7,l_abs,957
1776001104,bftpd,nsfuzz,7,b_per,28.9
1776001104,bftpd,nsfuzz,7,b_abs,391
1776001104,bftpd,nsfuzz,7,l_per,42.7
1776001104,bftpd,nsfuzz,7,l_abs,959
1776001104,bftpd,nsfuzz,7,b_per,29.0
1776001104,bftpd,nsfuzz,7,b_abs,392
1776001105,bftpd,nsfuzz,7,l_per,42.7
1776001105,bftpd,nsfuzz,7,l_abs,959
1776001105,bftpd,nsfuzz,7,b_per,29.0
1776001105,bftpd,nsfuzz,7,b_abs,392
1776001105,bftpd,nsfuzz,7,l_per,42.7
1776001105,bftpd,nsfuzz,7,l_abs,959
1776001105,bftpd,nsfuzz,7,b_per,29.0
1776001105,bftpd,nsfuzz,7,b_abs,392
1776001105,bftpd,nsfuzz,7,l_per,42.7
1776001105,bftpd,nsfuzz,7,l_abs,959
1776001105,bftpd,nsfuzz,7,b_per,29.0
1776001105,bftpd,nsfuzz,7,b_abs,392
1776001105,bftpd,nsfuzz,7,l_per,42.7
1776001105,bftpd,nsfuzz,7,l_abs,959
1776001105,bftpd,nsfuzz,7,b_per,29.0
1776001105,bftpd,nsfuzz,7,b_abs,392
1776001106,bftpd,nsfuzz,7,l_per,42.7
1776001106,bftpd,nsfuzz,7,l_abs,959
1776001106,bftpd,nsfuzz,7,b_per,29.0
1776001106,bftpd,nsfuzz,7,b_abs,392
1776001106,bftpd,nsfuzz,7,l_per,42.7
1776001106,bftpd,nsfuzz,7,l_abs,959
1776001106,bftpd,nsfuzz,7,b_per,29.0
1776001106,bftpd,nsfuzz,7,b_abs,392
1776001106,bftpd,nsfuzz,7,l_per,42.7
1776001106,bftpd,nsfuzz,7,l_abs,959
1776001106,bftpd,nsfuzz,7,b_per,29.0
1776001106,bftpd,nsfuzz,7,b_abs,392
1776001107,bftpd,nsfuzz,7,l_per,42.7
1776001107,bftpd,nsfuzz,7,l_abs,959
1776001107,bftpd,nsfuzz,7,b_per,29.0
1776001107,bftpd,nsfuzz,7,b_abs,392
1776001107,bftpd,nsfuzz,7,l_per,42.7
1776001107,bftpd,nsfuzz,7,l_abs,959
1776001107,bftpd,nsfuzz,7,b_per,29.0
1776001107,bftpd,nsfuzz,7,b_abs,392
1776001107,bftpd,nsfuzz,7,l_per,42.7
1776001107,bftpd,nsfuzz,7,l_abs,959
1776001107,bftpd,nsfuzz,7,b_per,29.0
1776001107,bftpd,nsfuzz,7,b_abs,392
1776001107,bftpd,nsfuzz,7,l_per,43.0
1776001107,bftpd,nsfuzz,7,l_abs,966
1776001107,bftpd,nsfuzz,7,b_per,29.4
1776001107,bftpd,nsfuzz,7,b_abs,398
1776001108,bftpd,nsfuzz,7,l_per,43.1
1776001108,bftpd,nsfuzz,7,l_abs,968
1776001108,bftpd,nsfuzz,7,b_per,29.5
1776001108,bftpd,nsfuzz,7,b_abs,399
1776001108,bftpd,nsfuzz,7,l_per,43.1
1776001108,bftpd,nsfuzz,7,l_abs,970
1776001108,bftpd,nsfuzz,7,b_per,29.8
1776001108,bftpd,nsfuzz,7,b_abs,403
1776001109,bftpd,nsfuzz,7,l_per,43.1
1776001109,bftpd,nsfuzz,7,l_abs,970
1776001109,bftpd,nsfuzz,7,b_per,29.8
1776001109,bftpd,nsfuzz,7,b_abs,403
1776001109,bftpd,nsfuzz,7,l_per,43.1
1776001109,bftpd,nsfuzz,7,l_abs,970
1776001109,bftpd,nsfuzz,7,b_per,29.8
1776001109,bftpd,nsfuzz,7,b_abs,403
1776001110,bftpd,nsfuzz,7,l_per,43.1
1776001110,bftpd,nsfuzz,7,l_abs,970
1776001110,bftpd,nsfuzz,7,b_per,29.8
1776001110,bftpd,nsfuzz,7,b_abs,403
1776001110,bftpd,nsfuzz,7,l_per,43.1
1776001110,bftpd,nsfuzz,7,l_abs,970
1776001110,bftpd,nsfuzz,7,b_per,29.8
1776001110,bftpd,nsfuzz,7,b_abs,403
1776001110,bftpd,nsfuzz,7,l_per,43.1
1776001110,bftpd,nsfuzz,7,l_abs,970
1776001110,bftpd,nsfuzz,7,b_per,29.8
1776001110,bftpd,nsfuzz,7,b_abs,403
1776001110,bftpd,nsfuzz,7,l_per,43.1
1776001110,bftpd,nsfuzz,7,l_abs,970
1776001110,bftpd,nsfuzz,7,b_per,29.8
1776001110,bftpd,nsfuzz,7,b_abs,403
1776001111,bftpd,nsfuzz,7,l_per,43.1
1776001111,bftpd,nsfuzz,7,l_abs,970
1776001111,bftpd,nsfuzz,7,b_per,29.8
1776001111,bftpd,nsfuzz,7,b_abs,403
1776001111,bftpd,nsfuzz,7,l_per,43.1
1776001111,bftpd,nsfuzz,7,l_abs,970
1776001111,bftpd,nsfuzz,7,b_per,29.8
1776001111,bftpd,nsfuzz,7,b_abs,403
1776001111,bftpd,nsfuzz,7,l_per,43.1
1776001111,bftpd,nsfuzz,7,l_abs,970
1776001111,bftpd,nsfuzz,7,b_per,29.8
1776001111,bftpd,nsfuzz,7,b_abs,403
1776001112,bftpd,nsfuzz,7,l_per,43.2
1776001112,bftpd,nsfuzz,7,l_abs,971
1776001112,bftpd,nsfuzz,7,b_per,29.8
1776001112,bftpd,nsfuzz,7,b_abs,404
1776001112,bftpd,nsfuzz,7,l_per,43.2
1776001112,bftpd,nsfuzz,7,l_abs,971
1776001112,bftpd,nsfuzz,7,b_per,29.8
1776001112,bftpd,nsfuzz,7,b_abs,404
1776001112,bftpd,nsfuzz,7,l_per,43.2
1776001112,bftpd,nsfuzz,7,l_abs,971
1776001112,bftpd,nsfuzz,7,b_per,29.8
1776001112,bftpd,nsfuzz,7,b_abs,404
1776001112,bftpd,nsfuzz,7,l_per,43.2
1776001112,bftpd,nsfuzz,7,l_abs,971
1776001112,bftpd,nsfuzz,7,b_per,29.8
1776001112,bftpd,nsfuzz,7,b_abs,404
1776001112,bftpd,nsfuzz,7,l_per,43.2
1776001112,bftpd,nsfuzz,7,l_abs,971
1776001112,bftpd,nsfuzz,7,b_per,29.8
1776001112,bftpd,nsfuzz,7,b_abs,404
1776001112,bftpd,nsfuzz,7,l_per,43.2
1776001112,bftpd,nsfuzz,7,l_abs,971
1776001112,bftpd,nsfuzz,7,b_per,29.8
1776001112,bftpd,nsfuzz,7,b_abs,404
1776001112,bftpd,nsfuzz,7,l_per,43.3
1776001112,bftpd,nsfuzz,7,l_abs,973
1776001112,bftpd,nsfuzz,7,b_per,29.9
1776001112,bftpd,nsfuzz,7,b_abs,405
1776001112,bftpd,nsfuzz,7,l_per,43.3
1776001112,bftpd,nsfuzz,7,l_abs,973
1776001112,bftpd,nsfuzz,7,b_per,29.9
1776001112,bftpd,nsfuzz,7,b_abs,405
1776001113,bftpd,nsfuzz,7,l_per,43.3
1776001113,bftpd,nsfuzz,7,l_abs,973
1776001113,bftpd,nsfuzz,7,b_per,29.9
1776001113,bftpd,nsfuzz,7,b_abs,405
1776001113,bftpd,nsfuzz,7,l_per,43.5
1776001113,bftpd,nsfuzz,7,l_abs,978
1776001113,bftpd,nsfuzz,7,b_per,30.1
1776001113,bftpd,nsfuzz,7,b_abs,407
1776001113,bftpd,nsfuzz,7,l_per,43.5
1776001113,bftpd,nsfuzz,7,l_abs,979
1776001113,bftpd,nsfuzz,7,b_per,30.1
1776001113,bftpd,nsfuzz,7,b_abs,408
1776001113,bftpd,nsfuzz,7,l_per,43.5
1776001113,bftpd,nsfuzz,7,l_abs,979
1776001113,bftpd,nsfuzz,7,b_per,30.2
1776001113,bftpd,nsfuzz,7,b_abs,409
1776001113,bftpd,nsfuzz,7,l_per,43.5
1776001113,bftpd,nsfuzz,7,l_abs,979
1776001113,bftpd,nsfuzz,7,b_per,30.2
1776001113,bftpd,nsfuzz,7,b_abs,409
1776001114,bftpd,nsfuzz,7,l_per,43.5
1776001114,bftpd,nsfuzz,7,l_abs,979
1776001114,bftpd,nsfuzz,7,b_per,30.2
1776001114,bftpd,nsfuzz,7,b_abs,409
1776001114,bftpd,nsfuzz,7,l_per,43.5
1776001114,bftpd,nsfuzz,7,l_abs,979
1776001114,bftpd,nsfuzz,7,b_per,30.2
1776001114,bftpd,nsfuzz,7,b_abs,409
1776001114,bftpd,nsfuzz,7,l_per,43.5
1776001114,bftpd,nsfuzz,7,l_abs,979
1776001114,bftpd,nsfuzz,7,b_per,30.2
1776001114,bftpd,nsfuzz,7,b_abs,409
1776001114,bftpd,nsfuzz,7,l_per,43.5
1776001114,bftpd,nsfuzz,7,l_abs,979
1776001114,bftpd,nsfuzz,7,b_per,30.2
1776001114,bftpd,nsfuzz,7,b_abs,409
1776001114,bftpd,nsfuzz,7,l_per,43.5
1776001114,bftpd,nsfuzz,7,l_abs,979
1776001114,bftpd,nsfuzz,7,b_per,30.2
1776001114,bftpd,nsfuzz,7,b_abs,409
1776001114,bftpd,nsfuzz,7,l_per,43.5
1776001114,bftpd,nsfuzz,7,l_abs,979
1776001114,bftpd,nsfuzz,7,b_per,30.3
1776001114,bftpd,nsfuzz,7,b_abs,410
1776001114,bftpd,nsfuzz,7,l_per,44.0
1776001114,bftpd,nsfuzz,7,l_abs,989
1776001114,bftpd,nsfuzz,7,b_per,30.6
1776001114,bftpd,nsfuzz,7,b_abs,414
1776001115,bftpd,nsfuzz,7,l_per,44.0
1776001115,bftpd,nsfuzz,7,l_abs,989
1776001115,bftpd,nsfuzz,7,b_per,30.6
1776001115,bftpd,nsfuzz,7,b_abs,414
1776001115,bftpd,nsfuzz,7,l_per,44.0
1776001115,bftpd,nsfuzz,7,l_abs,989
1776001115,bftpd,nsfuzz,7,b_per,30.6
1776001115,bftpd,nsfuzz,7,b_abs,414
1776001116,bftpd,nsfuzz,7,l_per,44.0
1776001116,bftpd,nsfuzz,7,l_abs,989
1776001116,bftpd,nsfuzz,7,b_per,30.6
1776001116,bftpd,nsfuzz,7,b_abs,414
1776001116,bftpd,nsfuzz,7,l_per,44.0
1776001116,bftpd,nsfuzz,7,l_abs,989
1776001116,bftpd,nsfuzz,7,b_per,30.6
1776001116,bftpd,nsfuzz,7,b_abs,414
1776001116,bftpd,nsfuzz,7,l_per,44.2
1776001116,bftpd,nsfuzz,7,l_abs,993
1776001116,bftpd,nsfuzz,7,b_per,30.6
1776001116,bftpd,nsfuzz,7,b_abs,415
1776001116,bftpd,nsfuzz,7,l_per,44.5
1776001116,bftpd,nsfuzz,7,l_abs,1000
1776001116,bftpd,nsfuzz,7,b_per,30.9
1776001116,bftpd,nsfuzz,7,b_abs,418
1776001117,bftpd,nsfuzz,7,l_per,44.5
1776001117,bftpd,nsfuzz,7,l_abs,1000
1776001117,bftpd,nsfuzz,7,b_per,30.9
1776001117,bftpd,nsfuzz,7,b_abs,418
1776001117,bftpd,nsfuzz,7,l_per,44.5
1776001117,bftpd,nsfuzz,7,l_abs,1000
1776001117,bftpd,nsfuzz,7,b_per,30.9
1776001117,bftpd,nsfuzz,7,b_abs,418
1776001118,bftpd,nsfuzz,7,l_per,44.5
1776001118,bftpd,nsfuzz,7,l_abs,1000
1776001118,bftpd,nsfuzz,7,b_per,30.9
1776001118,bftpd,nsfuzz,7,b_abs,418
1776001118,bftpd,nsfuzz,7,l_per,44.6
1776001118,bftpd,nsfuzz,7,l_abs,1002
1776001118,bftpd,nsfuzz,7,b_per,30.9
1776001118,bftpd,nsfuzz,7,b_abs,419
1776001118,bftpd,nsfuzz,7,l_per,44.6
1776001118,bftpd,nsfuzz,7,l_abs,1002
1776001118,bftpd,nsfuzz,7,b_per,30.9
1776001118,bftpd,nsfuzz,7,b_abs,419
1776001118,bftpd,nsfuzz,7,l_per,44.6
1776001118,bftpd,nsfuzz,7,l_abs,1002
1776001118,bftpd,nsfuzz,7,b_per,30.9
1776001118,bftpd,nsfuzz,7,b_abs,419
1776001119,bftpd,nsfuzz,7,l_per,44.6
1776001119,bftpd,nsfuzz,7,l_abs,1002
1776001119,bftpd,nsfuzz,7,b_per,30.9
1776001119,bftpd,nsfuzz,7,b_abs,419
1776001120,bftpd,nsfuzz,7,l_per,44.6
1776001120,bftpd,nsfuzz,7,l_abs,1002
1776001120,bftpd,nsfuzz,7,b_per,30.9
1776001120,bftpd,nsfuzz,7,b_abs,419
1776001121,bftpd,nsfuzz,7,l_per,44.6
1776001121,bftpd,nsfuzz,7,l_abs,1002
1776001121,bftpd,nsfuzz,7,b_per,30.9
1776001121,bftpd,nsfuzz,7,b_abs,419
1776001121,bftpd,nsfuzz,7,l_per,44.6
1776001121,bftpd,nsfuzz,7,l_abs,1002
1776001121,bftpd,nsfuzz,7,b_per,30.9
1776001121,bftpd,nsfuzz,7,b_abs,419
1776001121,bftpd,nsfuzz,7,l_per,44.6
1776001121,bftpd,nsfuzz,7,l_abs,1002
1776001121,bftpd,nsfuzz,7,b_per,30.9
1776001121,bftpd,nsfuzz,7,b_abs,419
1776001121,bftpd,nsfuzz,7,l_per,44.6
1776001121,bftpd,nsfuzz,7,l_abs,1002
1776001121,bftpd,nsfuzz,7,b_per,30.9
1776001121,bftpd,nsfuzz,7,b_abs,419
1776001121,bftpd,nsfuzz,7,l_per,44.6
1776001121,bftpd,nsfuzz,7,l_abs,1002
1776001121,bftpd,nsfuzz,7,b_per,30.9
1776001121,bftpd,nsfuzz,7,b_abs,419
1776001122,bftpd,nsfuzz,7,l_per,44.6
1776001122,bftpd,nsfuzz,7,l_abs,1002
1776001122,bftpd,nsfuzz,7,b_per,30.9
1776001122,bftpd,nsfuzz,7,b_abs,419
1776001122,bftpd,nsfuzz,7,l_per,44.6
1776001122,bftpd,nsfuzz,7,l_abs,1002
1776001122,bftpd,nsfuzz,7,b_per,30.9
1776001122,bftpd,nsfuzz,7,b_abs,419
1776001122,bftpd,nsfuzz,7,l_per,44.6
1776001122,bftpd,nsfuzz,7,l_abs,1002
1776001122,bftpd,nsfuzz,7,b_per,30.9
1776001122,bftpd,nsfuzz,7,b_abs,419
1776001122,bftpd,nsfuzz,7,l_per,44.6
1776001122,bftpd,nsfuzz,7,l_abs,1002
1776001122,bftpd,nsfuzz,7,b_per,30.9
1776001122,bftpd,nsfuzz,7,b_abs,419
1776001123,bftpd,nsfuzz,7,l_per,44.6
1776001123,bftpd,nsfuzz,7,l_abs,1002
1776001123,bftpd,nsfuzz,7,b_per,30.9
1776001123,bftpd,nsfuzz,7,b_abs,419
1776001123,bftpd,nsfuzz,7,l_per,44.6
1776001123,bftpd,nsfuzz,7,l_abs,1002
1776001123,bftpd,nsfuzz,7,b_per,30.9
1776001123,bftpd,nsfuzz,7,b_abs,419
1776001123,bftpd,nsfuzz,7,l_per,44.6
1776001123,bftpd,nsfuzz,7,l_abs,1002
1776001123,bftpd,nsfuzz,7,b_per,30.9
1776001123,bftpd,nsfuzz,7,b_abs,419
1776001124,bftpd,nsfuzz,7,l_per,44.6
1776001124,bftpd,nsfuzz,7,l_abs,1002
1776001124,bftpd,nsfuzz,7,b_per,30.9
1776001124,bftpd,nsfuzz,7,b_abs,419
1776001124,bftpd,nsfuzz,7,l_per,44.6
1776001124,bftpd,nsfuzz,7,l_abs,1002
1776001124,bftpd,nsfuzz,7,b_per,30.9
1776001124,bftpd,nsfuzz,7,b_abs,419
1776001124,bftpd,nsfuzz,7,l_per,44.6
1776001124,bftpd,nsfuzz,7,l_abs,1002
1776001124,bftpd,nsfuzz,7,b_per,30.9
1776001124,bftpd,nsfuzz,7,b_abs,419
1776001125,bftpd,nsfuzz,7,l_per,44.6
1776001125,bftpd,nsfuzz,7,l_abs,1002
1776001125,bftpd,nsfuzz,7,b_per,30.9
1776001125,bftpd,nsfuzz,7,b_abs,419
1776001125,bftpd,nsfuzz,7,l_per,44.6
1776001125,bftpd,nsfuzz,7,l_abs,1002
1776001125,bftpd,nsfuzz,7,b_per,30.9
1776001125,bftpd,nsfuzz,7,b_abs,419
1776001125,bftpd,nsfuzz,7,l_per,44.6
1776001125,bftpd,nsfuzz,7,l_abs,1002
1776001125,bftpd,nsfuzz,7,b_per,30.9
1776001125,bftpd,nsfuzz,7,b_abs,419
1776001126,bftpd,nsfuzz,7,l_per,44.6
1776001126,bftpd,nsfuzz,7,l_abs,1002
1776001126,bftpd,nsfuzz,7,b_per,30.9
1776001126,bftpd,nsfuzz,7,b_abs,419
1776001126,bftpd,nsfuzz,7,l_per,44.6
1776001126,bftpd,nsfuzz,7,l_abs,1002
1776001126,bftpd,nsfuzz,7,b_per,30.9
1776001126,bftpd,nsfuzz,7,b_abs,419
1776001127,bftpd,nsfuzz,7,l_per,44.8
1776001127,bftpd,nsfuzz,7,l_abs,1008
1776001127,bftpd,nsfuzz,7,b_per,31.1
1776001127,bftpd,nsfuzz,7,b_abs,421
1776001127,bftpd,nsfuzz,7,l_per,44.8
1776001127,bftpd,nsfuzz,7,l_abs,1008
1776001127,bftpd,nsfuzz,7,b_per,31.1
1776001127,bftpd,nsfuzz,7,b_abs,421
1776001127,bftpd,nsfuzz,7,l_per,44.8
1776001127,bftpd,nsfuzz,7,l_abs,1008
1776001127,bftpd,nsfuzz,7,b_per,31.1
1776001127,bftpd,nsfuzz,7,b_abs,421
1776001127,bftpd,nsfuzz,7,l_per,44.9
1776001127,bftpd,nsfuzz,7,l_abs,1009
1776001127,bftpd,nsfuzz,7,b_per,31.2
1776001127,bftpd,nsfuzz,7,b_abs,422
1776001127,bftpd,nsfuzz,7,l_per,44.9
1776001127,bftpd,nsfuzz,7,l_abs,1009
1776001127,bftpd,nsfuzz,7,b_per,31.2
1776001127,bftpd,nsfuzz,7,b_abs,422
1776001127,bftpd,nsfuzz,7,l_per,44.9
1776001127,bftpd,nsfuzz,7,l_abs,1009
1776001127,bftpd,nsfuzz,7,b_per,31.2
1776001127,bftpd,nsfuzz,7,b_abs,422
1776001128,bftpd,nsfuzz,7,l_per,44.9
1776001128,bftpd,nsfuzz,7,l_abs,1009
1776001128,bftpd,nsfuzz,7,b_per,31.2
1776001128,bftpd,nsfuzz,7,b_abs,422
1776001128,bftpd,nsfuzz,7,l_per,44.9
1776001128,bftpd,nsfuzz,7,l_abs,1009
1776001128,bftpd,nsfuzz,7,b_per,31.2
1776001128,bftpd,nsfuzz,7,b_abs,422
1776001128,bftpd,nsfuzz,7,l_per,44.9
1776001128,bftpd,nsfuzz,7,l_abs,1009
1776001128,bftpd,nsfuzz,7,b_per,31.2
1776001128,bftpd,nsfuzz,7,b_abs,422
1776001129,bftpd,nsfuzz,7,l_per,44.9
1776001129,bftpd,nsfuzz,7,l_abs,1009
1776001129,bftpd,nsfuzz,7,b_per,31.2
1776001129,bftpd,nsfuzz,7,b_abs,422
1776001129,bftpd,nsfuzz,7,l_per,44.9
1776001129,bftpd,nsfuzz,7,l_abs,1009
1776001129,bftpd,nsfuzz,7,b_per,31.2
1776001129,bftpd,nsfuzz,7,b_abs,422
1776001131,bftpd,nsfuzz,7,l_per,44.9
1776001131,bftpd,nsfuzz,7,l_abs,1009
1776001131,bftpd,nsfuzz,7,b_per,31.2
1776001131,bftpd,nsfuzz,7,b_abs,422
1776001131,bftpd,nsfuzz,7,l_per,44.9
1776001131,bftpd,nsfuzz,7,l_abs,1009
1776001131,bftpd,nsfuzz,7,b_per,31.2
1776001131,bftpd,nsfuzz,7,b_abs,422
1776001131,bftpd,nsfuzz,7,l_per,44.9
1776001131,bftpd,nsfuzz,7,l_abs,1009
1776001131,bftpd,nsfuzz,7,b_per,31.2
1776001131,bftpd,nsfuzz,7,b_abs,422
1776001132,bftpd,nsfuzz,7,l_per,45.0
1776001132,bftpd,nsfuzz,7,l_abs,1013
1776001132,bftpd,nsfuzz,7,b_per,31.4
1776001132,bftpd,nsfuzz,7,b_abs,425
1776001132,bftpd,nsfuzz,7,l_per,45.0
1776001132,bftpd,nsfuzz,7,l_abs,1013
1776001132,bftpd,nsfuzz,7,b_per,31.4
1776001132,bftpd,nsfuzz,7,b_abs,425
1776001133,bftpd,nsfuzz,7,l_per,45.0
1776001133,bftpd,nsfuzz,7,l_abs,1013
1776001133,bftpd,nsfuzz,7,b_per,31.4
1776001133,bftpd,nsfuzz,7,b_abs,425
1776001133,bftpd,nsfuzz,7,l_per,45.2
1776001133,bftpd,nsfuzz,7,l_abs,1016
1776001133,bftpd,nsfuzz,7,b_per,31.5
1776001133,bftpd,nsfuzz,7,b_abs,427
1776001133,bftpd,nsfuzz,7,l_per,45.2
1776001133,bftpd,nsfuzz,7,l_abs,1016
1776001133,bftpd,nsfuzz,7,b_per,31.6
1776001133,bftpd,nsfuzz,7,b_abs,428
1776001135,bftpd,nsfuzz,7,l_per,45.2
1776001135,bftpd,nsfuzz,7,l_abs,1016
1776001135,bftpd,nsfuzz,7,b_per,31.6
1776001135,bftpd,nsfuzz,7,b_abs,428
1776001135,bftpd,nsfuzz,7,l_per,45.2
1776001135,bftpd,nsfuzz,7,l_abs,1016
1776001135,bftpd,nsfuzz,7,b_per,31.6
1776001135,bftpd,nsfuzz,7,b_abs,428
1776001135,bftpd,nsfuzz,7,l_per,45.2
1776001135,bftpd,nsfuzz,7,l_abs,1016
1776001135,bftpd,nsfuzz,7,b_per,31.6
1776001135,bftpd,nsfuzz,7,b_abs,428
1776001135,bftpd,nsfuzz,7,l_per,45.2
1776001135,bftpd,nsfuzz,7,l_abs,1016
1776001135,bftpd,nsfuzz,7,b_per,31.6
1776001135,bftpd,nsfuzz,7,b_abs,428
1776001135,bftpd,nsfuzz,7,l_per,45.2
1776001135,bftpd,nsfuzz,7,l_abs,1016
1776001135,bftpd,nsfuzz,7,b_per,31.7
1776001135,bftpd,nsfuzz,7,b_abs,429
1776001135,bftpd,nsfuzz,7,l_per,45.2
1776001135,bftpd,nsfuzz,7,l_abs,1016
1776001135,bftpd,nsfuzz,7,b_per,31.8
1776001135,bftpd,nsfuzz,7,b_abs,430
1776001136,bftpd,nsfuzz,7,l_per,45.2
1776001136,bftpd,nsfuzz,7,l_abs,1017
1776001136,bftpd,nsfuzz,7,b_per,31.8
1776001136,bftpd,nsfuzz,7,b_abs,431
1776001136,bftpd,nsfuzz,7,l_per,45.7
1776001136,bftpd,nsfuzz,7,l_abs,1027
1776001136,bftpd,nsfuzz,7,b_per,32.2
1776001136,bftpd,nsfuzz,7,b_abs,436
1776001137,bftpd,nsfuzz,7,l_per,45.7
1776001137,bftpd,nsfuzz,7,l_abs,1027
1776001137,bftpd,nsfuzz,7,b_per,32.2
1776001137,bftpd,nsfuzz,7,b_abs,436
1776001137,bftpd,nsfuzz,7,l_per,45.7
1776001137,bftpd,nsfuzz,7,l_abs,1027
1776001137,bftpd,nsfuzz,7,b_per,32.2
1776001137,bftpd,nsfuzz,7,b_abs,436
1776001137,bftpd,nsfuzz,7,l_per,45.7
1776001137,bftpd,nsfuzz,7,l_abs,1027
1776001137,bftpd,nsfuzz,7,b_per,32.2
1776001137,bftpd,nsfuzz,7,b_abs,436
1776001138,bftpd,nsfuzz,7,l_per,45.7
1776001138,bftpd,nsfuzz,7,l_abs,1027
1776001138,bftpd,nsfuzz,7,b_per,32.2
1776001138,bftpd,nsfuzz,7,b_abs,436
1776001138,bftpd,nsfuzz,7,l_per,45.7
1776001138,bftpd,nsfuzz,7,l_abs,1027
1776001138,bftpd,nsfuzz,7,b_per,32.2
1776001138,bftpd,nsfuzz,7,b_abs,436
1776001139,bftpd,nsfuzz,7,l_per,45.7
1776001139,bftpd,nsfuzz,7,l_abs,1027
1776001139,bftpd,nsfuzz,7,b_per,32.2
1776001139,bftpd,nsfuzz,7,b_abs,436
1776001139,bftpd,nsfuzz,7,l_per,45.7
1776001139,bftpd,nsfuzz,7,l_abs,1027
1776001139,bftpd,nsfuzz,7,b_per,32.2
1776001139,bftpd,nsfuzz,7,b_abs,436
1776001139,bftpd,nsfuzz,7,l_per,46.0
1776001139,bftpd,nsfuzz,7,l_abs,1034
1776001139,bftpd,nsfuzz,7,b_per,32.5
1776001139,bftpd,nsfuzz,7,b_abs,440
1776001140,bftpd,nsfuzz,7,l_per,46.0
1776001140,bftpd,nsfuzz,7,l_abs,1034
1776001140,bftpd,nsfuzz,7,b_per,32.5
1776001140,bftpd,nsfuzz,7,b_abs,440
1776001140,bftpd,nsfuzz,7,l_per,46.0
1776001140,bftpd,nsfuzz,7,l_abs,1034
1776001140,bftpd,nsfuzz,7,b_per,32.5
1776001140,bftpd,nsfuzz,7,b_abs,440
1776001141,bftpd,nsfuzz,7,l_per,46.0
1776001141,bftpd,nsfuzz,7,l_abs,1034
1776001141,bftpd,nsfuzz,7,b_per,32.5
1776001141,bftpd,nsfuzz,7,b_abs,440
1776001142,bftpd,nsfuzz,7,l_per,46.0
1776001142,bftpd,nsfuzz,7,l_abs,1034
1776001142,bftpd,nsfuzz,7,b_per,32.5
1776001142,bftpd,nsfuzz,7,b_abs,440
1776001142,bftpd,nsfuzz,7,l_per,46.0
1776001142,bftpd,nsfuzz,7,l_abs,1034
1776001142,bftpd,nsfuzz,7,b_per,32.5
1776001142,bftpd,nsfuzz,7,b_abs,440
1776001142,bftpd,nsfuzz,7,l_per,46.0
1776001142,bftpd,nsfuzz,7,l_abs,1034
1776001142,bftpd,nsfuzz,7,b_per,32.5
1776001142,bftpd,nsfuzz,7,b_abs,440
1776001143,bftpd,nsfuzz,7,l_per,46.1
1776001143,bftpd,nsfuzz,7,l_abs,1037
1776001143,bftpd,nsfuzz,7,b_per,32.6
1776001143,bftpd,nsfuzz,7,b_abs,441
1776001144,bftpd,nsfuzz,7,l_per,46.1
1776001144,bftpd,nsfuzz,7,l_abs,1037
1776001144,bftpd,nsfuzz,7,b_per,32.6
1776001144,bftpd,nsfuzz,7,b_abs,441
1776001144,bftpd,nsfuzz,7,l_per,46.1
1776001144,bftpd,nsfuzz,7,l_abs,1037
1776001144,bftpd,nsfuzz,7,b_per,32.6
1776001144,bftpd,nsfuzz,7,b_abs,441
1776001145,bftpd,nsfuzz,7,l_per,46.1
1776001145,bftpd,nsfuzz,7,l_abs,1037
1776001145,bftpd,nsfuzz,7,b_per,32.6
1776001145,bftpd,nsfuzz,7,b_abs,441
1776001145,bftpd,nsfuzz,7,l_per,46.1
1776001145,bftpd,nsfuzz,7,l_abs,1037
1776001145,bftpd,nsfuzz,7,b_per,32.6
1776001145,bftpd,nsfuzz,7,b_abs,441
1776001145,bftpd,nsfuzz,7,l_per,46.1
1776001145,bftpd,nsfuzz,7,l_abs,1037
1776001145,bftpd,nsfuzz,7,b_per,32.6
1776001145,bftpd,nsfuzz,7,b_abs,441
1776001146,bftpd,nsfuzz,7,l_per,46.1
1776001146,bftpd,nsfuzz,7,l_abs,1037
1776001146,bftpd,nsfuzz,7,b_per,32.6
1776001146,bftpd,nsfuzz,7,b_abs,441
1776001147,bftpd,nsfuzz,7,l_per,46.1
1776001147,bftpd,nsfuzz,7,l_abs,1037
1776001147,bftpd,nsfuzz,7,b_per,32.6
1776001147,bftpd,nsfuzz,7,b_abs,441
1776001148,bftpd,nsfuzz,7,l_per,46.1
1776001148,bftpd,nsfuzz,7,l_abs,1037
1776001148,bftpd,nsfuzz,7,b_per,32.6
1776001148,bftpd,nsfuzz,7,b_abs,441
1776001152,bftpd,nsfuzz,7,l_per,46.1
1776001152,bftpd,nsfuzz,7,l_abs,1037
1776001152,bftpd,nsfuzz,7,b_per,32.6
1776001152,bftpd,nsfuzz,7,b_abs,441
1776001154,bftpd,nsfuzz,7,l_per,46.1
1776001154,bftpd,nsfuzz,7,l_abs,1037
1776001154,bftpd,nsfuzz,7,b_per,32.6
1776001154,bftpd,nsfuzz,7,b_abs,441
1776001157,bftpd,nsfuzz,7,l_per,46.1
1776001157,bftpd,nsfuzz,7,l_abs,1037
1776001157,bftpd,nsfuzz,7,b_per,32.6
1776001157,bftpd,nsfuzz,7,b_abs,441
1776001157,bftpd,nsfuzz,7,l_per,46.1
1776001157,bftpd,nsfuzz,7,l_abs,1037
1776001157,bftpd,nsfuzz,7,b_per,32.6
1776001157,bftpd,nsfuzz,7,b_abs,441
1776001158,bftpd,nsfuzz,7,l_per,46.1
1776001158,bftpd,nsfuzz,7,l_abs,1037
1776001158,bftpd,nsfuzz,7,b_per,32.6
1776001158,bftpd,nsfuzz,7,b_abs,441
1776001158,bftpd,nsfuzz,7,l_per,46.1
1776001158,bftpd,nsfuzz,7,l_abs,1037
1776001158,bftpd,nsfuzz,7,b_per,32.6
1776001158,bftpd,nsfuzz,7,b_abs,441
1776001159,bftpd,nsfuzz,7,l_per,46.1
1776001159,bftpd,nsfuzz,7,l_abs,1037
1776001159,bftpd,nsfuzz,7,b_per,32.6
1776001159,bftpd,nsfuzz,7,b_abs,441
1776001159,bftpd,nsfuzz,7,l_per,46.1
1776001159,bftpd,nsfuzz,7,l_abs,1037
1776001159,bftpd,nsfuzz,7,b_per,32.6
1776001159,bftpd,nsfuzz,7,b_abs,441
1776001160,bftpd,nsfuzz,7,l_per,46.1
1776001160,bftpd,nsfuzz,7,l_abs,1037
1776001160,bftpd,nsfuzz,7,b_per,32.6
1776001160,bftpd,nsfuzz,7,b_abs,441
1776001161,bftpd,nsfuzz,7,l_per,46.1
1776001161,bftpd,nsfuzz,7,l_abs,1037
1776001161,bftpd,nsfuzz,7,b_per,32.6
1776001161,bftpd,nsfuzz,7,b_abs,441
1776001161,bftpd,nsfuzz,7,l_per,46.1
1776001161,bftpd,nsfuzz,7,l_abs,1037
1776001161,bftpd,nsfuzz,7,b_per,32.6
1776001161,bftpd,nsfuzz,7,b_abs,441
1776001162,bftpd,nsfuzz,7,l_per,46.1
1776001162,bftpd,nsfuzz,7,l_abs,1037
1776001162,bftpd,nsfuzz,7,b_per,32.6
1776001162,bftpd,nsfuzz,7,b_abs,441
1776001163,bftpd,nsfuzz,7,l_per,46.1
1776001163,bftpd,nsfuzz,7,l_abs,1037
1776001163,bftpd,nsfuzz,7,b_per,32.6
1776001163,bftpd,nsfuzz,7,b_abs,441
1776001163,bftpd,nsfuzz,7,l_per,46.1
1776001163,bftpd,nsfuzz,7,l_abs,1037
1776001163,bftpd,nsfuzz,7,b_per,32.6
1776001163,bftpd,nsfuzz,7,b_abs,441
1776001163,bftpd,nsfuzz,7,l_per,46.1
1776001163,bftpd,nsfuzz,7,l_abs,1037
1776001163,bftpd,nsfuzz,7,b_per,32.6
1776001163,bftpd,nsfuzz,7,b_abs,441
1776001164,bftpd,nsfuzz,7,l_per,46.1
1776001164,bftpd,nsfuzz,7,l_abs,1037
1776001164,bftpd,nsfuzz,7,b_per,32.6
1776001164,bftpd,nsfuzz,7,b_abs,442
1776001169,bftpd,nsfuzz,7,l_per,46.1
1776001169,bftpd,nsfuzz,7,l_abs,1037
1776001169,bftpd,nsfuzz,7,b_per,32.6
1776001169,bftpd,nsfuzz,7,b_abs,442
1776001171,bftpd,nsfuzz,7,l_per,46.1
1776001171,bftpd,nsfuzz,7,l_abs,1037
1776001171,bftpd,nsfuzz,7,b_per,32.6
1776001171,bftpd,nsfuzz,7,b_abs,442
1776001174,bftpd,nsfuzz,7,l_per,46.1
1776001174,bftpd,nsfuzz,7,l_abs,1037
1776001174,bftpd,nsfuzz,7,b_per,32.6
1776001174,bftpd,nsfuzz,7,b_abs,442
1776001174,bftpd,nsfuzz,7,l_per,46.1
1776001174,bftpd,nsfuzz,7,l_abs,1037
1776001174,bftpd,nsfuzz,7,b_per,32.6
1776001174,bftpd,nsfuzz,7,b_abs,442
1776001175,bftpd,nsfuzz,7,l_per,46.1
1776001175,bftpd,nsfuzz,7,l_abs,1037
1776001175,bftpd,nsfuzz,7,b_per,32.6
1776001175,bftpd,nsfuzz,7,b_abs,442
1776001175,bftpd,nsfuzz,7,l_per,46.1
1776001175,bftpd,nsfuzz,7,l_abs,1037
1776001175,bftpd,nsfuzz,7,b_per,32.6
1776001175,bftpd,nsfuzz,7,b_abs,442
1776001175,bftpd,nsfuzz,7,l_per,46.1
1776001175,bftpd,nsfuzz,7,l_abs,1037
1776001175,bftpd,nsfuzz,7,b_per,32.6
1776001175,bftpd,nsfuzz,7,b_abs,442
1776001176,bftpd,nsfuzz,7,l_per,46.1
1776001176,bftpd,nsfuzz,7,l_abs,1037
1776001176,bftpd,nsfuzz,7,b_per,32.6
1776001176,bftpd,nsfuzz,7,b_abs,442
1776001178,bftpd,nsfuzz,7,l_per,46.1
1776001178,bftpd,nsfuzz,7,l_abs,1037
1776001178,bftpd,nsfuzz,7,b_per,32.6
1776001178,bftpd,nsfuzz,7,b_abs,442
1776001180,bftpd,nsfuzz,7,l_per,46.1
1776001180,bftpd,nsfuzz,7,l_abs,1037
1776001180,bftpd,nsfuzz,7,b_per,32.6
1776001180,bftpd,nsfuzz,7,b_abs,442
1776001181,bftpd,nsfuzz,7,l_per,46.1
1776001181,bftpd,nsfuzz,7,l_abs,1037
1776001181,bftpd,nsfuzz,7,b_per,32.6
1776001181,bftpd,nsfuzz,7,b_abs,442
1776001182,bftpd,nsfuzz,7,l_per,46.1
1776001182,bftpd,nsfuzz,7,l_abs,1037
1776001182,bftpd,nsfuzz,7,b_per,32.7
1776001182,bftpd,nsfuzz,7,b_abs,443
1776001182,bftpd,nsfuzz,7,l_per,46.1
1776001182,bftpd,nsfuzz,7,l_abs,1037
1776001182,bftpd,nsfuzz,7,b_per,32.7
1776001182,bftpd,nsfuzz,7,b_abs,443
1776001183,bftpd,nsfuzz,7,l_per,46.1
1776001183,bftpd,nsfuzz,7,l_abs,1037
1776001183,bftpd,nsfuzz,7,b_per,32.7
1776001183,bftpd,nsfuzz,7,b_abs,443
1776001183,bftpd,nsfuzz,7,l_per,46.1
1776001183,bftpd,nsfuzz,7,l_abs,1037
1776001183,bftpd,nsfuzz,7,b_per,32.7
1776001183,bftpd,nsfuzz,7,b_abs,443
1776001184,bftpd,nsfuzz,7,l_per,46.1
1776001184,bftpd,nsfuzz,7,l_abs,1037
1776001184,bftpd,nsfuzz,7,b_per,32.7
1776001184,bftpd,nsfuzz,7,b_abs,443
1776001184,bftpd,nsfuzz,7,l_per,46.1
1776001184,bftpd,nsfuzz,7,l_abs,1037
1776001184,bftpd,nsfuzz,7,b_per,32.7
1776001184,bftpd,nsfuzz,7,b_abs,443
1776001186,bftpd,nsfuzz,7,l_per,46.1
1776001186,bftpd,nsfuzz,7,l_abs,1037
1776001186,bftpd,nsfuzz,7,b_per,32.7
1776001186,bftpd,nsfuzz,7,b_abs,443
1776001187,bftpd,nsfuzz,7,l_per,46.1
1776001187,bftpd,nsfuzz,7,l_abs,1037
1776001187,bftpd,nsfuzz,7,b_per,32.7
1776001187,bftpd,nsfuzz,7,b_abs,443
1776001188,bftpd,nsfuzz,7,l_per,46.1
1776001188,bftpd,nsfuzz,7,l_abs,1037
1776001188,bftpd,nsfuzz,7,b_per,32.7
1776001188,bftpd,nsfuzz,7,b_abs,443
1776001189,bftpd,nsfuzz,7,l_per,46.1
1776001189,bftpd,nsfuzz,7,l_abs,1037
1776001189,bftpd,nsfuzz,7,b_per,32.7
1776001189,bftpd,nsfuzz,7,b_abs,443
1776001190,bftpd,nsfuzz,7,l_per,46.1
1776001190,bftpd,nsfuzz,7,l_abs,1037
1776001190,bftpd,nsfuzz,7,b_per,32.7
1776001190,bftpd,nsfuzz,7,b_abs,443
1776001191,bftpd,nsfuzz,7,l_per,46.1
1776001191,bftpd,nsfuzz,7,l_abs,1037
1776001191,bftpd,nsfuzz,7,b_per,32.7
1776001191,bftpd,nsfuzz,7,b_abs,443
1776001192,bftpd,nsfuzz,7,l_per,46.1
1776001192,bftpd,nsfuzz,7,l_abs,1037
1776001192,bftpd,nsfuzz,7,b_per,32.7
1776001192,bftpd,nsfuzz,7,b_abs,443
1776001193,bftpd,nsfuzz,7,l_per,46.2
1776001193,bftpd,nsfuzz,7,l_abs,1040
1776001193,bftpd,nsfuzz,7,b_per,32.9
1776001193,bftpd,nsfuzz,7,b_abs,445
1776001194,bftpd,nsfuzz,7,l_per,46.2
1776001194,bftpd,nsfuzz,7,l_abs,1040
1776001194,bftpd,nsfuzz,7,b_per,32.9
1776001194,bftpd,nsfuzz,7,b_abs,445
1776001194,bftpd,nsfuzz,7,l_per,46.2
1776001194,bftpd,nsfuzz,7,l_abs,1040
1776001194,bftpd,nsfuzz,7,b_per,32.9
1776001194,bftpd,nsfuzz,7,b_abs,445
1776001195,bftpd,nsfuzz,7,l_per,46.2
1776001195,bftpd,nsfuzz,7,l_abs,1040
1776001195,bftpd,nsfuzz,7,b_per,32.9
1776001195,bftpd,nsfuzz,7,b_abs,445
1776001197,bftpd,nsfuzz,7,l_per,46.2
1776001197,bftpd,nsfuzz,7,l_abs,1040
1776001197,bftpd,nsfuzz,7,b_per,32.9
1776001197,bftpd,nsfuzz,7,b_abs,445
1776001198,bftpd,nsfuzz,7,l_per,46.2
1776001198,bftpd,nsfuzz,7,l_abs,1040
1776001198,bftpd,nsfuzz,7,b_per,32.9
1776001198,bftpd,nsfuzz,7,b_abs,445
1776001198,bftpd,nsfuzz,7,l_per,46.2
1776001198,bftpd,nsfuzz,7,l_abs,1040
1776001198,bftpd,nsfuzz,7,b_per,32.9
1776001198,bftpd,nsfuzz,7,b_abs,445
1776001203,bftpd,nsfuzz,7,l_per,46.2
1776001203,bftpd,nsfuzz,7,l_abs,1040
1776001203,bftpd,nsfuzz,7,b_per,32.9
1776001203,bftpd,nsfuzz,7,b_abs,445
1776001206,bftpd,nsfuzz,7,l_per,46.2
1776001206,bftpd,nsfuzz,7,l_abs,1040
1776001206,bftpd,nsfuzz,7,b_per,32.9
1776001206,bftpd,nsfuzz,7,b_abs,445
1776001208,bftpd,nsfuzz,7,l_per,46.2
1776001208,bftpd,nsfuzz,7,l_abs,1040
1776001208,bftpd,nsfuzz,7,b_per,32.9
1776001208,bftpd,nsfuzz,7,b_abs,445
1776001210,bftpd,nsfuzz,7,l_per,46.2
1776001210,bftpd,nsfuzz,7,l_abs,1040
1776001210,bftpd,nsfuzz,7,b_per,32.9
1776001210,bftpd,nsfuzz,7,b_abs,445
1776001212,bftpd,nsfuzz,7,l_per,46.2
1776001212,bftpd,nsfuzz,7,l_abs,1040
1776001212,bftpd,nsfuzz,7,b_per,32.9
1776001212,bftpd,nsfuzz,7,b_abs,445
1776001212,bftpd,nsfuzz,7,l_per,46.2
1776001212,bftpd,nsfuzz,7,l_abs,1040
1776001212,bftpd,nsfuzz,7,b_per,32.9
1776001212,bftpd,nsfuzz,7,b_abs,445
1776001216,bftpd,nsfuzz,7,l_per,46.2
1776001216,bftpd,nsfuzz,7,l_abs,1040
1776001216,bftpd,nsfuzz,7,b_per,32.9
1776001216,bftpd,nsfuzz,7,b_abs,445
1776001219,bftpd,nsfuzz,7,l_per,46.2
1776001219,bftpd,nsfuzz,7,l_abs,1040
1776001219,bftpd,nsfuzz,7,b_per,32.9
1776001219,bftpd,nsfuzz,7,b_abs,445
1776001221,bftpd,nsfuzz,7,l_per,46.2
1776001221,bftpd,nsfuzz,7,l_abs,1040
1776001221,bftpd,nsfuzz,7,b_per,32.9
1776001221,bftpd,nsfuzz,7,b_abs,445
1776001223,bftpd,nsfuzz,7,l_per,46.2
1776001223,bftpd,nsfuzz,7,l_abs,1040
1776001223,bftpd,nsfuzz,7,b_per,32.9
1776001223,bftpd,nsfuzz,7,b_abs,445
1776001226,bftpd,nsfuzz,7,l_per,46.2
1776001226,bftpd,nsfuzz,7,l_abs,1040
1776001226,bftpd,nsfuzz,7,b_per,32.9
1776001226,bftpd,nsfuzz,7,b_abs,445
1776001230,bftpd,nsfuzz,7,l_per,46.2
1776001230,bftpd,nsfuzz,7,l_abs,1040
1776001230,bftpd,nsfuzz,7,b_per,32.9
1776001230,bftpd,nsfuzz,7,b_abs,445
1776001230,bftpd,nsfuzz,7,l_per,46.2
1776001230,bftpd,nsfuzz,7,l_abs,1040
1776001230,bftpd,nsfuzz,7,b_per,32.9
1776001230,bftpd,nsfuzz,7,b_abs,445
1776001233,bftpd,nsfuzz,7,l_per,46.4
1776001233,bftpd,nsfuzz,7,l_abs,1044
1776001233,bftpd,nsfuzz,7,b_per,32.9
1776001233,bftpd,nsfuzz,7,b_abs,445
1776001233,bftpd,nsfuzz,7,l_per,46.4
1776001233,bftpd,nsfuzz,7,l_abs,1044
1776001233,bftpd,nsfuzz,7,b_per,32.9
1776001233,bftpd,nsfuzz,7,b_abs,445
1776001234,bftpd,nsfuzz,7,l_per,46.4
1776001234,bftpd,nsfuzz,7,l_abs,1044
1776001234,bftpd,nsfuzz,7,b_per,32.9
1776001234,bftpd,nsfuzz,7,b_abs,445
1776001235,bftpd,nsfuzz,7,l_per,46.4
1776001235,bftpd,nsfuzz,7,l_abs,1044
1776001235,bftpd,nsfuzz,7,b_per,32.9
1776001235,bftpd,nsfuzz,7,b_abs,445
1776001236,bftpd,nsfuzz,7,l_per,46.4
1776001236,bftpd,nsfuzz,7,l_abs,1044
1776001236,bftpd,nsfuzz,7,b_per,32.9
1776001236,bftpd,nsfuzz,7,b_abs,445
1776001236,bftpd,nsfuzz,7,l_per,46.4
1776001236,bftpd,nsfuzz,7,l_abs,1044
1776001236,bftpd,nsfuzz,7,b_per,32.9
1776001236,bftpd,nsfuzz,7,b_abs,445
1776001238,bftpd,nsfuzz,7,l_per,46.4
1776001238,bftpd,nsfuzz,7,l_abs,1044
1776001238,bftpd,nsfuzz,7,b_per,32.9
1776001238,bftpd,nsfuzz,7,b_abs,445
1776001239,bftpd,nsfuzz,7,l_per,46.4
1776001239,bftpd,nsfuzz,7,l_abs,1044
1776001239,bftpd,nsfuzz,7,b_per,32.9
1776001239,bftpd,nsfuzz,7,b_abs,445
1776001274,bftpd,nsfuzz,7,l_per,47.0
1776001274,bftpd,nsfuzz,7,l_abs,1059
1776001274,bftpd,nsfuzz,7,b_per,33.4
1776001274,bftpd,nsfuzz,7,b_abs,452
1776001275,bftpd,nsfuzz,7,l_per,47.0
1776001275,bftpd,nsfuzz,7,l_abs,1059
1776001275,bftpd,nsfuzz,7,b_per,33.4
1776001275,bftpd,nsfuzz,7,b_abs,452
1776001276,bftpd,nsfuzz,7,l_per,47.0
1776001276,bftpd,nsfuzz,7,l_abs,1059
1776001276,bftpd,nsfuzz,7,b_per,33.4
1776001276,bftpd,nsfuzz,7,b_abs,452
1776001276,bftpd,nsfuzz,7,l_per,47.0
1776001276,bftpd,nsfuzz,7,l_abs,1059
1776001276,bftpd,nsfuzz,7,b_per,33.4
1776001276,bftpd,nsfuzz,7,b_abs,452
1776001276,bftpd,nsfuzz,7,l_per,47.0
1776001276,bftpd,nsfuzz,7,l_abs,1059
1776001276,bftpd,nsfuzz,7,b_per,33.4
1776001276,bftpd,nsfuzz,7,b_abs,452
1776001277,bftpd,nsfuzz,7,l_per,47.0
1776001277,bftpd,nsfuzz,7,l_abs,1059
1776001277,bftpd,nsfuzz,7,b_per,33.4
1776001277,bftpd,nsfuzz,7,b_abs,452
1776001280,bftpd,nsfuzz,7,l_per,47.0
1776001280,bftpd,nsfuzz,7,l_abs,1059
1776001280,bftpd,nsfuzz,7,b_per,33.4
1776001280,bftpd,nsfuzz,7,b_abs,452
1776001280,bftpd,nsfuzz,7,l_per,47.0
1776001280,bftpd,nsfuzz,7,l_abs,1059
1776001280,bftpd,nsfuzz,7,b_per,33.4
1776001280,bftpd,nsfuzz,7,b_abs,452
1776001282,bftpd,nsfuzz,7,l_per,47.0
1776001282,bftpd,nsfuzz,7,l_abs,1059
1776001282,bftpd,nsfuzz,7,b_per,33.4
1776001282,bftpd,nsfuzz,7,b_abs,452
1776001282,bftpd,nsfuzz,7,l_per,47.0
1776001282,bftpd,nsfuzz,7,l_abs,1059
1776001282,bftpd,nsfuzz,7,b_per,33.4
1776001282,bftpd,nsfuzz,7,b_abs,452
1776001286,bftpd,nsfuzz,7,l_per,47.0
1776001286,bftpd,nsfuzz,7,l_abs,1059
1776001286,bftpd,nsfuzz,7,b_per,33.4
1776001286,bftpd,nsfuzz,7,b_abs,452
1776001287,bftpd,nsfuzz,7,l_per,47.0
1776001287,bftpd,nsfuzz,7,l_abs,1059
1776001287,bftpd,nsfuzz,7,b_per,33.4
1776001287,bftpd,nsfuzz,7,b_abs,452
1776001296,bftpd,nsfuzz,7,l_per,47.0
1776001296,bftpd,nsfuzz,7,l_abs,1059
1776001296,bftpd,nsfuzz,7,b_per,33.4
1776001296,bftpd,nsfuzz,7,b_abs,452
1776001296,bftpd,nsfuzz,7,l_per,47.0
1776001296,bftpd,nsfuzz,7,l_abs,1059
1776001296,bftpd,nsfuzz,7,b_per,33.4
1776001296,bftpd,nsfuzz,7,b_abs,452
1776001296,bftpd,nsfuzz,7,l_per,47.0
1776001296,bftpd,nsfuzz,7,l_abs,1059
1776001296,bftpd,nsfuzz,7,b_per,33.4
1776001296,bftpd,nsfuzz,7,b_abs,452
1776001300,bftpd,nsfuzz,7,l_per,47.4
1776001300,bftpd,nsfuzz,7,l_abs,1068
1776001300,bftpd,nsfuzz,7,b_per,33.7
1776001300,bftpd,nsfuzz,7,b_abs,456
1776001301,bftpd,nsfuzz,7,l_per,47.4
1776001301,bftpd,nsfuzz,7,l_abs,1068
1776001301,bftpd,nsfuzz,7,b_per,33.7
1776001301,bftpd,nsfuzz,7,b_abs,456
1776001305,bftpd,nsfuzz,7,l_per,47.4
1776001305,bftpd,nsfuzz,7,l_abs,1068
1776001305,bftpd,nsfuzz,7,b_per,33.7
1776001305,bftpd,nsfuzz,7,b_abs,456
1776001306,bftpd,nsfuzz,7,l_per,47.4
1776001306,bftpd,nsfuzz,7,l_abs,1068
1776001306,bftpd,nsfuzz,7,b_per,33.7
1776001306,bftpd,nsfuzz,7,b_abs,456
1776001309,bftpd,nsfuzz,7,l_per,47.4
1776001309,bftpd,nsfuzz,7,l_abs,1068
1776001309,bftpd,nsfuzz,7,b_per,33.7
1776001309,bftpd,nsfuzz,7,b_abs,456
1776001309,bftpd,nsfuzz,7,l_per,47.4
1776001309,bftpd,nsfuzz,7,l_abs,1068
1776001309,bftpd,nsfuzz,7,b_per,33.7
1776001309,bftpd,nsfuzz,7,b_abs,456
1776001310,bftpd,nsfuzz,7,l_per,47.4
1776001310,bftpd,nsfuzz,7,l_abs,1068
1776001310,bftpd,nsfuzz,7,b_per,33.7
1776001310,bftpd,nsfuzz,7,b_abs,456
1776001310,bftpd,nsfuzz,7,l_per,47.4
1776001310,bftpd,nsfuzz,7,l_abs,1068
1776001310,bftpd,nsfuzz,7,b_per,33.7
1776001310,bftpd,nsfuzz,7,b_abs,456
1776001311,bftpd,nsfuzz,7,l_per,47.4
1776001311,bftpd,nsfuzz,7,l_abs,1068
1776001311,bftpd,nsfuzz,7,b_per,33.7
1776001311,bftpd,nsfuzz,7,b_abs,456
1776001312,bftpd,nsfuzz,7,l_per,47.4
1776001312,bftpd,nsfuzz,7,l_abs,1068
1776001312,bftpd,nsfuzz,7,b_per,33.7
1776001312,bftpd,nsfuzz,7,b_abs,456
1776001314,bftpd,nsfuzz,7,l_per,47.4
1776001314,bftpd,nsfuzz,7,l_abs,1068
1776001314,bftpd,nsfuzz,7,b_per,33.7
1776001314,bftpd,nsfuzz,7,b_abs,456
1776001314,bftpd,nsfuzz,7,l_per,47.4
1776001314,bftpd,nsfuzz,7,l_abs,1068
1776001314,bftpd,nsfuzz,7,b_per,33.8
1776001314,bftpd,nsfuzz,7,b_abs,457
1776001318,bftpd,nsfuzz,7,l_per,47.4
1776001318,bftpd,nsfuzz,7,l_abs,1068
1776001318,bftpd,nsfuzz,7,b_per,33.8
1776001318,bftpd,nsfuzz,7,b_abs,457
1776001318,bftpd,nsfuzz,7,l_per,47.4
1776001318,bftpd,nsfuzz,7,l_abs,1068
1776001318,bftpd,nsfuzz,7,b_per,33.8
1776001318,bftpd,nsfuzz,7,b_abs,457
1776001321,bftpd,nsfuzz,7,l_per,47.4
1776001321,bftpd,nsfuzz,7,l_abs,1068
1776001321,bftpd,nsfuzz,7,b_per,33.8
1776001321,bftpd,nsfuzz,7,b_abs,457
1776001322,bftpd,nsfuzz,7,l_per,47.4
1776001322,bftpd,nsfuzz,7,l_abs,1068
1776001322,bftpd,nsfuzz,7,b_per,33.8
1776001322,bftpd,nsfuzz,7,b_abs,457
1776001322,bftpd,nsfuzz,7,l_per,47.5
1776001322,bftpd,nsfuzz,7,l_abs,1070
1776001322,bftpd,nsfuzz,7,b_per,33.8
1776001322,bftpd,nsfuzz,7,b_abs,458
1776001322,bftpd,nsfuzz,7,l_per,47.5
1776001322,bftpd,nsfuzz,7,l_abs,1070
1776001322,bftpd,nsfuzz,7,b_per,33.8
1776001322,bftpd,nsfuzz,7,b_abs,458
1776001323,bftpd,nsfuzz,7,l_per,47.5
1776001323,bftpd,nsfuzz,7,l_abs,1070
1776001323,bftpd,nsfuzz,7,b_per,33.8
1776001323,bftpd,nsfuzz,7,b_abs,458
1776001323,bftpd,nsfuzz,7,l_per,47.5
1776001323,bftpd,nsfuzz,7,l_abs,1070
1776001323,bftpd,nsfuzz,7,b_per,33.8
1776001323,bftpd,nsfuzz,7,b_abs,458
1776001326,bftpd,nsfuzz,7,l_per,47.7
1776001326,bftpd,nsfuzz,7,l_abs,1074
1776001326,bftpd,nsfuzz,7,b_per,34.3
1776001326,bftpd,nsfuzz,7,b_abs,464
1776001327,bftpd,nsfuzz,7,l_per,47.7
1776001327,bftpd,nsfuzz,7,l_abs,1074
1776001327,bftpd,nsfuzz,7,b_per,34.3
1776001327,bftpd,nsfuzz,7,b_abs,464
1776001334,bftpd,nsfuzz,7,l_per,47.7
1776001334,bftpd,nsfuzz,7,l_abs,1074
1776001334,bftpd,nsfuzz,7,b_per,34.3
1776001334,bftpd,nsfuzz,7,b_abs,464
1776001335,bftpd,nsfuzz,7,l_per,47.7
1776001335,bftpd,nsfuzz,7,l_abs,1074
1776001335,bftpd,nsfuzz,7,b_per,34.3
1776001335,bftpd,nsfuzz,7,b_abs,464
1776001352,bftpd,nsfuzz,7,l_per,47.7
1776001352,bftpd,nsfuzz,7,l_abs,1074
1776001352,bftpd,nsfuzz,7,b_per,34.3
1776001352,bftpd,nsfuzz,7,b_abs,464
1776001355,bftpd,nsfuzz,7,l_per,47.7
1776001355,bftpd,nsfuzz,7,l_abs,1074
1776001355,bftpd,nsfuzz,7,b_per,34.3
1776001355,bftpd,nsfuzz,7,b_abs,464
1776001358,bftpd,nsfuzz,7,l_per,47.7
1776001358,bftpd,nsfuzz,7,l_abs,1074
1776001358,bftpd,nsfuzz,7,b_per,34.3
1776001358,bftpd,nsfuzz,7,b_abs,464
1776001363,bftpd,nsfuzz,7,l_per,47.7
1776001363,bftpd,nsfuzz,7,l_abs,1074
1776001363,bftpd,nsfuzz,7,b_per,34.3
1776001363,bftpd,nsfuzz,7,b_abs,464
1776001366,bftpd,nsfuzz,7,l_per,47.8
1776001366,bftpd,nsfuzz,7,l_abs,1076
1776001366,bftpd,nsfuzz,7,b_per,34.3
1776001366,bftpd,nsfuzz,7,b_abs,465
1776001368,bftpd,nsfuzz,7,l_per,47.8
1776001368,bftpd,nsfuzz,7,l_abs,1076
1776001368,bftpd,nsfuzz,7,b_per,34.3
1776001368,bftpd,nsfuzz,7,b_abs,465
1776001368,bftpd,nsfuzz,7,l_per,47.8
1776001368,bftpd,nsfuzz,7,l_abs,1076
1776001368,bftpd,nsfuzz,7,b_per,34.4
1776001368,bftpd,nsfuzz,7,b_abs,466
1776001377,bftpd,nsfuzz,7,l_per,48.1
1776001377,bftpd,nsfuzz,7,l_abs,1083
1776001377,bftpd,nsfuzz,7,b_per,34.6
1776001377,bftpd,nsfuzz,7,b_abs,468
1776001380,bftpd,nsfuzz,7,l_per,48.1
1776001380,bftpd,nsfuzz,7,l_abs,1083
1776001380,bftpd,nsfuzz,7,b_per,34.6
1776001380,bftpd,nsfuzz,7,b_abs,468
1776001388,bftpd,nsfuzz,7,l_per,48.1
1776001388,bftpd,nsfuzz,7,l_abs,1083
1776001388,bftpd,nsfuzz,7,b_per,34.6
1776001388,bftpd,nsfuzz,7,b_abs,468
1776001391,bftpd,nsfuzz,7,l_per,48.1
1776001391,bftpd,nsfuzz,7,l_abs,1083
1776001391,bftpd,nsfuzz,7,b_per,34.6
1776001391,bftpd,nsfuzz,7,b_abs,468
1776001391,bftpd,nsfuzz,7,l_per,48.1
1776001391,bftpd,nsfuzz,7,l_abs,1083
1776001391,bftpd,nsfuzz,7,b_per,34.6
1776001391,bftpd,nsfuzz,7,b_abs,468
1776001393,bftpd,nsfuzz,7,l_per,48.1
1776001393,bftpd,nsfuzz,7,l_abs,1083
1776001393,bftpd,nsfuzz,7,b_per,34.6
1776001393,bftpd,nsfuzz,7,b_abs,469
1776001410,bftpd,nsfuzz,7,l_per,48.1
1776001410,bftpd,nsfuzz,7,l_abs,1083
1776001410,bftpd,nsfuzz,7,b_per,34.7
1776001410,bftpd,nsfuzz,7,b_abs,470
1776001429,bftpd,nsfuzz,7,l_per,48.1
1776001429,bftpd,nsfuzz,7,l_abs,1083
1776001429,bftpd,nsfuzz,7,b_per,34.7
1776001429,bftpd,nsfuzz,7,b_abs,470
1776001438,bftpd,nsfuzz,7,l_per,48.1
1776001438,bftpd,nsfuzz,7,l_abs,1083
1776001438,bftpd,nsfuzz,7,b_per,34.7
1776001438,bftpd,nsfuzz,7,b_abs,470
1776001441,bftpd,nsfuzz,7,l_per,48.1
1776001441,bftpd,nsfuzz,7,l_abs,1083
1776001441,bftpd,nsfuzz,7,b_per,34.7
1776001441,bftpd,nsfuzz,7,b_abs,470
1776001442,bftpd,nsfuzz,7,l_per,48.1
1776001442,bftpd,nsfuzz,7,l_abs,1083
1776001442,bftpd,nsfuzz,7,b_per,34.7
1776001442,bftpd,nsfuzz,7,b_abs,470
1776001443,bftpd,nsfuzz,7,l_per,48.1
1776001443,bftpd,nsfuzz,7,l_abs,1083
1776001443,bftpd,nsfuzz,7,b_per,34.7
1776001443,bftpd,nsfuzz,7,b_abs,470
1776001446,bftpd,nsfuzz,7,l_per,48.1
1776001446,bftpd,nsfuzz,7,l_abs,1083
1776001446,bftpd,nsfuzz,7,b_per,34.7
1776001446,bftpd,nsfuzz,7,b_abs,470
1776001450,bftpd,nsfuzz,7,l_per,48.1
1776001450,bftpd,nsfuzz,7,l_abs,1083
1776001450,bftpd,nsfuzz,7,b_per,34.7
1776001450,bftpd,nsfuzz,7,b_abs,470
1776001452,bftpd,nsfuzz,7,l_per,48.1
1776001452,bftpd,nsfuzz,7,l_abs,1083
1776001452,bftpd,nsfuzz,7,b_per,34.7
1776001452,bftpd,nsfuzz,7,b_abs,470
1776001463,bftpd,nsfuzz,7,l_per,48.1
1776001463,bftpd,nsfuzz,7,l_abs,1083
1776001463,bftpd,nsfuzz,7,b_per,34.7
1776001463,bftpd,nsfuzz,7,b_abs,470
1776001473,bftpd,nsfuzz,7,l_per,48.1
1776001473,bftpd,nsfuzz,7,l_abs,1083
1776001473,bftpd,nsfuzz,7,b_per,34.7
1776001473,bftpd,nsfuzz,7,b_abs,470
1776001474,bftpd,nsfuzz,7,l_per,48.1
1776001474,bftpd,nsfuzz,7,l_abs,1083
1776001474,bftpd,nsfuzz,7,b_per,34.7
1776001474,bftpd,nsfuzz,7,b_abs,470
1776001476,bftpd,nsfuzz,7,l_per,48.1
1776001476,bftpd,nsfuzz,7,l_abs,1083
1776001476,bftpd,nsfuzz,7,b_per,34.7
1776001476,bftpd,nsfuzz,7,b_abs,470
1776001479,bftpd,nsfuzz,7,l_per,48.1
1776001479,bftpd,nsfuzz,7,l_abs,1083
1776001479,bftpd,nsfuzz,7,b_per,34.7
1776001479,bftpd,nsfuzz,7,b_abs,470
1776001492,bftpd,nsfuzz,7,l_per,48.1
1776001492,bftpd,nsfuzz,7,l_abs,1083
1776001492,bftpd,nsfuzz,7,b_per,34.7
1776001492,bftpd,nsfuzz,7,b_abs,470
1776001493,bftpd,nsfuzz,7,l_per,48.1
1776001493,bftpd,nsfuzz,7,l_abs,1083
1776001493,bftpd,nsfuzz,7,b_per,34.7
1776001493,bftpd,nsfuzz,7,b_abs,470
1776001509,bftpd,nsfuzz,7,l_per,48.1
1776001509,bftpd,nsfuzz,7,l_abs,1083
1776001509,bftpd,nsfuzz,7,b_per,34.7
1776001509,bftpd,nsfuzz,7,b_abs,470
1776001514,bftpd,nsfuzz,7,l_per,48.1
1776001514,bftpd,nsfuzz,7,l_abs,1083
1776001514,bftpd,nsfuzz,7,b_per,34.7
1776001514,bftpd,nsfuzz,7,b_abs,470
1776001518,bftpd,nsfuzz,7,l_per,48.1
1776001518,bftpd,nsfuzz,7,l_abs,1083
1776001518,bftpd,nsfuzz,7,b_per,34.7
1776001518,bftpd,nsfuzz,7,b_abs,470
1776001532,bftpd,nsfuzz,7,l_per,48.1
1776001532,bftpd,nsfuzz,7,l_abs,1083
1776001532,bftpd,nsfuzz,7,b_per,34.7
1776001532,bftpd,nsfuzz,7,b_abs,470
1776001540,bftpd,nsfuzz,7,l_per,48.1
1776001540,bftpd,nsfuzz,7,l_abs,1083
1776001540,bftpd,nsfuzz,7,b_per,34.7
1776001540,bftpd,nsfuzz,7,b_abs,470
1776001541,bftpd,nsfuzz,7,l_per,48.1
1776001541,bftpd,nsfuzz,7,l_abs,1083
1776001541,bftpd,nsfuzz,7,b_per,34.7
1776001541,bftpd,nsfuzz,7,b_abs,470
1776001545,bftpd,nsfuzz,7,l_per,48.1
1776001545,bftpd,nsfuzz,7,l_abs,1083
1776001545,bftpd,nsfuzz,7,b_per,34.7
1776001545,bftpd,nsfuzz,7,b_abs,470
1776001554,bftpd,nsfuzz,7,l_per,48.1
1776001554,bftpd,nsfuzz,7,l_abs,1083
1776001554,bftpd,nsfuzz,7,b_per,34.7
1776001554,bftpd,nsfuzz,7,b_abs,470
1776001555,bftpd,nsfuzz,7,l_per,48.1
1776001555,bftpd,nsfuzz,7,l_abs,1083
1776001555,bftpd,nsfuzz,7,b_per,34.7
1776001555,bftpd,nsfuzz,7,b_abs,470
1776001563,bftpd,nsfuzz,7,l_per,48.1
1776001563,bftpd,nsfuzz,7,l_abs,1083
1776001563,bftpd,nsfuzz,7,b_per,34.7
1776001563,bftpd,nsfuzz,7,b_abs,470
1776001565,bftpd,nsfuzz,7,l_per,48.1
1776001565,bftpd,nsfuzz,7,l_abs,1083
1776001565,bftpd,nsfuzz,7,b_per,34.7
1776001565,bftpd,nsfuzz,7,b_abs,470
1776001569,bftpd,nsfuzz,7,l_per,48.1
1776001569,bftpd,nsfuzz,7,l_abs,1083
1776001569,bftpd,nsfuzz,7,b_per,34.7
1776001569,bftpd,nsfuzz,7,b_abs,470
1776001572,bftpd,nsfuzz,7,l_per,48.1
1776001572,bftpd,nsfuzz,7,l_abs,1083
1776001572,bftpd,nsfuzz,7,b_per,34.7
1776001572,bftpd,nsfuzz,7,b_abs,470
1776001572,bftpd,nsfuzz,7,l_per,48.1
1776001572,bftpd,nsfuzz,7,l_abs,1083
1776001572,bftpd,nsfuzz,7,b_per,34.7
1776001572,bftpd,nsfuzz,7,b_abs,470
1776001573,bftpd,nsfuzz,7,l_per,48.1
1776001573,bftpd,nsfuzz,7,l_abs,1083
1776001573,bftpd,nsfuzz,7,b_per,34.7
1776001573,bftpd,nsfuzz,7,b_abs,470
1776001573,bftpd,nsfuzz,7,l_per,48.1
1776001573,bftpd,nsfuzz,7,l_abs,1083
1776001573,bftpd,nsfuzz,7,b_per,34.7
1776001573,bftpd,nsfuzz,7,b_abs,470
1776001575,bftpd,nsfuzz,7,l_per,48.1
1776001575,bftpd,nsfuzz,7,l_abs,1083
1776001575,bftpd,nsfuzz,7,b_per,34.7
1776001575,bftpd,nsfuzz,7,b_abs,470
1776001575,bftpd,nsfuzz,7,l_per,48.1
1776001575,bftpd,nsfuzz,7,l_abs,1083
1776001575,bftpd,nsfuzz,7,b_per,34.7
1776001575,bftpd,nsfuzz,7,b_abs,470
1776001576,bftpd,nsfuzz,7,l_per,48.1
1776001576,bftpd,nsfuzz,7,l_abs,1083
1776001576,bftpd,nsfuzz,7,b_per,34.7
1776001576,bftpd,nsfuzz,7,b_abs,470
1776001586,bftpd,nsfuzz,7,l_per,48.1
1776001586,bftpd,nsfuzz,7,l_abs,1083
1776001586,bftpd,nsfuzz,7,b_per,34.7
1776001586,bftpd,nsfuzz,7,b_abs,470
1776001590,bftpd,nsfuzz,7,l_per,48.1
1776001590,bftpd,nsfuzz,7,l_abs,1083
1776001590,bftpd,nsfuzz,7,b_per,34.7
1776001590,bftpd,nsfuzz,7,b_abs,470
1776001602,bftpd,nsfuzz,7,l_per,48.1
1776001602,bftpd,nsfuzz,7,l_abs,1083
1776001602,bftpd,nsfuzz,7,b_per,34.7
1776001602,bftpd,nsfuzz,7,b_abs,470
1776001604,bftpd,nsfuzz,7,l_per,48.1
1776001604,bftpd,nsfuzz,7,l_abs,1083
1776001604,bftpd,nsfuzz,7,b_per,34.7
1776001604,bftpd,nsfuzz,7,b_abs,470
1776001605,bftpd,nsfuzz,7,l_per,48.1
1776001605,bftpd,nsfuzz,7,l_abs,1083
1776001605,bftpd,nsfuzz,7,b_per,34.7
1776001605,bftpd,nsfuzz,7,b_abs,470
1776001605,bftpd,nsfuzz,7,l_per,48.1
1776001605,bftpd,nsfuzz,7,l_abs,1083
1776001605,bftpd,nsfuzz,7,b_per,34.7
1776001605,bftpd,nsfuzz,7,b_abs,470
1776001608,bftpd,nsfuzz,7,l_per,48.1
1776001608,bftpd,nsfuzz,7,l_abs,1083
1776001608,bftpd,nsfuzz,7,b_per,34.7
1776001608,bftpd,nsfuzz,7,b_abs,470
1776001638,bftpd,nsfuzz,7,l_per,48.1
1776001638,bftpd,nsfuzz,7,l_abs,1083
1776001638,bftpd,nsfuzz,7,b_per,34.7
1776001638,bftpd,nsfuzz,7,b_abs,470
1776001652,bftpd,nsfuzz,7,l_per,48.1
1776001652,bftpd,nsfuzz,7,l_abs,1083
1776001652,bftpd,nsfuzz,7,b_per,34.7
1776001652,bftpd,nsfuzz,7,b_abs,470
1776001652,bftpd,nsfuzz,7,l_per,48.1
1776001652,bftpd,nsfuzz,7,l_abs,1083
1776001652,bftpd,nsfuzz,7,b_per,34.7
1776001652,bftpd,nsfuzz,7,b_abs,470
1776001654,bftpd,nsfuzz,7,l_per,48.1
1776001654,bftpd,nsfuzz,7,l_abs,1083
1776001654,bftpd,nsfuzz,7,b_per,34.7
1776001654,bftpd,nsfuzz,7,b_abs,470
1776001657,bftpd,nsfuzz,7,l_per,48.1
1776001657,bftpd,nsfuzz,7,l_abs,1083
1776001657,bftpd,nsfuzz,7,b_per,34.7
1776001657,bftpd,nsfuzz,7,b_abs,470
1776001682,bftpd,nsfuzz,7,l_per,48.1
1776001682,bftpd,nsfuzz,7,l_abs,1083
1776001682,bftpd,nsfuzz,7,b_per,34.7
1776001682,bftpd,nsfuzz,7,b_abs,470
1776001682,bftpd,nsfuzz,7,l_per,48.1
1776001682,bftpd,nsfuzz,7,l_abs,1083
1776001682,bftpd,nsfuzz,7,b_per,34.7
1776001682,bftpd,nsfuzz,7,b_abs,470
1776001685,bftpd,nsfuzz,7,l_per,48.1
1776001685,bftpd,nsfuzz,7,l_abs,1083
1776001685,bftpd,nsfuzz,7,b_per,34.7
1776001685,bftpd,nsfuzz,7,b_abs,470
1776001687,bftpd,nsfuzz,7,l_per,48.1
1776001687,bftpd,nsfuzz,7,l_abs,1083
1776001687,bftpd,nsfuzz,7,b_per,34.7
1776001687,bftpd,nsfuzz,7,b_abs,470
1776001688,bftpd,nsfuzz,7,l_per,48.1
1776001688,bftpd,nsfuzz,7,l_abs,1083
1776001688,bftpd,nsfuzz,7,b_per,34.7
1776001688,bftpd,nsfuzz,7,b_abs,470
1776001705,bftpd,nsfuzz,7,l_per,48.1
1776001705,bftpd,nsfuzz,7,l_abs,1083
1776001705,bftpd,nsfuzz,7,b_per,34.7
1776001705,bftpd,nsfuzz,7,b_abs,470
1776001708,bftpd,nsfuzz,7,l_per,48.1
1776001708,bftpd,nsfuzz,7,l_abs,1083
1776001708,bftpd,nsfuzz,7,b_per,34.7
1776001708,bftpd,nsfuzz,7,b_abs,470
1776001713,bftpd,nsfuzz,7,l_per,48.1
1776001713,bftpd,nsfuzz,7,l_abs,1083
1776001713,bftpd,nsfuzz,7,b_per,34.7
1776001713,bftpd,nsfuzz,7,b_abs,470
1776001714,bftpd,nsfuzz,7,l_per,48.1
1776001714,bftpd,nsfuzz,7,l_abs,1083
1776001714,bftpd,nsfuzz,7,b_per,34.7
1776001714,bftpd,nsfuzz,7,b_abs,470
1776001714,bftpd,nsfuzz,7,l_per,48.1
1776001714,bftpd,nsfuzz,7,l_abs,1083
1776001714,bftpd,nsfuzz,7,b_per,34.7
1776001714,bftpd,nsfuzz,7,b_abs,470
1776001735,bftpd,nsfuzz,7,l_per,48.1
1776001735,bftpd,nsfuzz,7,l_abs,1083
1776001735,bftpd,nsfuzz,7,b_per,34.7
1776001735,bftpd,nsfuzz,7,b_abs,470
1776001735,bftpd,nsfuzz,7,l_per,48.1
1776001735,bftpd,nsfuzz,7,l_abs,1083
1776001735,bftpd,nsfuzz,7,b_per,34.9
1776001735,bftpd,nsfuzz,7,b_abs,472
1776001748,bftpd,nsfuzz,7,l_per,48.1
1776001748,bftpd,nsfuzz,7,l_abs,1083
1776001748,bftpd,nsfuzz,7,b_per,34.9
1776001748,bftpd,nsfuzz,7,b_abs,472
1776001748,bftpd,nsfuzz,7,l_per,48.1
1776001748,bftpd,nsfuzz,7,l_abs,1083
1776001748,bftpd,nsfuzz,7,b_per,34.9
1776001748,bftpd,nsfuzz,7,b_abs,472
1776001752,bftpd,nsfuzz,7,l_per,48.1
1776001752,bftpd,nsfuzz,7,l_abs,1083
1776001752,bftpd,nsfuzz,7,b_per,34.9
1776001752,bftpd,nsfuzz,7,b_abs,472
1776001762,bftpd,nsfuzz,7,l_per,48.1
1776001762,bftpd,nsfuzz,7,l_abs,1083
1776001762,bftpd,nsfuzz,7,b_per,34.9
1776001762,bftpd,nsfuzz,7,b_abs,472
1776001764,bftpd,nsfuzz,7,l_per,48.1
1776001764,bftpd,nsfuzz,7,l_abs,1083
1776001764,bftpd,nsfuzz,7,b_per,34.9
1776001764,bftpd,nsfuzz,7,b_abs,472
1776001866,bftpd,nsfuzz,7,l_per,48.1
1776001866,bftpd,nsfuzz,7,l_abs,1083
1776001866,bftpd,nsfuzz,7,b_per,34.9
1776001866,bftpd,nsfuzz,7,b_abs,472
1776001866,bftpd,nsfuzz,7,l_per,48.1
1776001866,bftpd,nsfuzz,7,l_abs,1083
1776001866,bftpd,nsfuzz,7,b_per,34.9
1776001866,bftpd,nsfuzz,7,b_abs,472
1776001868,bftpd,nsfuzz,7,l_per,48.2
1776001868,bftpd,nsfuzz,7,l_abs,1086
1776001868,bftpd,nsfuzz,7,b_per,34.9
1776001868,bftpd,nsfuzz,7,b_abs,473
1776001869,bftpd,nsfuzz,7,l_per,48.2
1776001869,bftpd,nsfuzz,7,l_abs,1086
1776001869,bftpd,nsfuzz,7,b_per,34.9
1776001869,bftpd,nsfuzz,7,b_abs,473
1776001893,bftpd,nsfuzz,7,l_per,48.2
1776001893,bftpd,nsfuzz,7,l_abs,1086
1776001893,bftpd,nsfuzz,7,b_per,34.9
1776001893,bftpd,nsfuzz,7,b_abs,473
1776001905,bftpd,nsfuzz,7,l_per,48.2
1776001905,bftpd,nsfuzz,7,l_abs,1086
1776001905,bftpd,nsfuzz,7,b_per,34.9
1776001905,bftpd,nsfuzz,7,b_abs,473
1776001909,bftpd,nsfuzz,7,l_per,48.2
1776001909,bftpd,nsfuzz,7,l_abs,1086
1776001909,bftpd,nsfuzz,7,b_per,34.9
1776001909,bftpd,nsfuzz,7,b_abs,473
1776001923,bftpd,nsfuzz,7,l_per,48.2
1776001923,bftpd,nsfuzz,7,l_abs,1086
1776001923,bftpd,nsfuzz,7,b_per,34.9
1776001923,bftpd,nsfuzz,7,b_abs,473
1776001934,bftpd,nsfuzz,7,l_per,48.2
1776001934,bftpd,nsfuzz,7,l_abs,1086
1776001934,bftpd,nsfuzz,7,b_per,34.9
1776001934,bftpd,nsfuzz,7,b_abs,473
1776001972,bftpd,nsfuzz,7,l_per,48.2
1776001972,bftpd,nsfuzz,7,l_abs,1086
1776001972,bftpd,nsfuzz,7,b_per,34.9
1776001972,bftpd,nsfuzz,7,b_abs,473
1776001985,bftpd,nsfuzz,7,l_per,48.2
1776001985,bftpd,nsfuzz,7,l_abs,1086
1776001985,bftpd,nsfuzz,7,b_per,34.9
1776001985,bftpd,nsfuzz,7,b_abs,473
1776001986,bftpd,nsfuzz,7,l_per,48.2
1776001986,bftpd,nsfuzz,7,l_abs,1086
1776001986,bftpd,nsfuzz,7,b_per,34.9
1776001986,bftpd,nsfuzz,7,b_abs,473
1776001989,bftpd,nsfuzz,7,l_per,48.2
1776001989,bftpd,nsfuzz,7,l_abs,1086
1776001989,bftpd,nsfuzz,7,b_per,34.9
1776001989,bftpd,nsfuzz,7,b_abs,473
1776002021,bftpd,nsfuzz,7,l_per,48.2
1776002021,bftpd,nsfuzz,7,l_abs,1086
1776002021,bftpd,nsfuzz,7,b_per,34.9
1776002021,bftpd,nsfuzz,7,b_abs,473
1776002022,bftpd,nsfuzz,7,l_per,48.2
1776002022,bftpd,nsfuzz,7,l_abs,1086
1776002022,bftpd,nsfuzz,7,b_per,34.9
1776002022,bftpd,nsfuzz,7,b_abs,473
1776002024,bftpd,nsfuzz,7,l_per,48.2
1776002024,bftpd,nsfuzz,7,l_abs,1086
1776002024,bftpd,nsfuzz,7,b_per,34.9
1776002024,bftpd,nsfuzz,7,b_abs,473
1776002025,bftpd,nsfuzz,7,l_per,48.2
1776002025,bftpd,nsfuzz,7,l_abs,1086
1776002025,bftpd,nsfuzz,7,b_per,34.9
1776002025,bftpd,nsfuzz,7,b_abs,473
1776002032,bftpd,nsfuzz,7,l_per,48.2
1776002032,bftpd,nsfuzz,7,l_abs,1086
1776002032,bftpd,nsfuzz,7,b_per,34.9
1776002032,bftpd,nsfuzz,7,b_abs,473
1776002049,bftpd,nsfuzz,7,l_per,48.2
1776002049,bftpd,nsfuzz,7,l_abs,1086
1776002049,bftpd,nsfuzz,7,b_per,34.9
1776002049,bftpd,nsfuzz,7,b_abs,473
1776002126,bftpd,nsfuzz,7,l_per,48.2
1776002126,bftpd,nsfuzz,7,l_abs,1086
1776002126,bftpd,nsfuzz,7,b_per,34.9
1776002126,bftpd,nsfuzz,7,b_abs,473
1776002143,bftpd,nsfuzz,7,l_per,48.2
1776002143,bftpd,nsfuzz,7,l_abs,1086
1776002143,bftpd,nsfuzz,7,b_per,34.9
1776002143,bftpd,nsfuzz,7,b_abs,473
1776002169,bftpd,nsfuzz,7,l_per,48.2
1776002169,bftpd,nsfuzz,7,l_abs,1086
1776002169,bftpd,nsfuzz,7,b_per,34.9
1776002169,bftpd,nsfuzz,7,b_abs,473
1776002191,bftpd,nsfuzz,7,l_per,48.2
1776002191,bftpd,nsfuzz,7,l_abs,1086
1776002191,bftpd,nsfuzz,7,b_per,34.9
1776002191,bftpd,nsfuzz,7,b_abs,473
1776002192,bftpd,nsfuzz,7,l_per,48.2
1776002192,bftpd,nsfuzz,7,l_abs,1086
1776002192,bftpd,nsfuzz,7,b_per,34.9
1776002192,bftpd,nsfuzz,7,b_abs,473
1776002200,bftpd,nsfuzz,7,l_per,48.2
1776002200,bftpd,nsfuzz,7,l_abs,1086
1776002200,bftpd,nsfuzz,7,b_per,34.9
1776002200,bftpd,nsfuzz,7,b_abs,473
1776002212,bftpd,nsfuzz,7,l_per,48.2
1776002212,bftpd,nsfuzz,7,l_abs,1086
1776002212,bftpd,nsfuzz,7,b_per,34.9
1776002212,bftpd,nsfuzz,7,b_abs,473
1776002212,bftpd,nsfuzz,7,l_per,48.2
1776002212,bftpd,nsfuzz,7,l_abs,1086
1776002212,bftpd,nsfuzz,7,b_per,34.9
1776002212,bftpd,nsfuzz,7,b_abs,473
1776002240,bftpd,nsfuzz,7,l_per,48.2
1776002240,bftpd,nsfuzz,7,l_abs,1086
1776002240,bftpd,nsfuzz,7,b_per,34.9
1776002240,bftpd,nsfuzz,7,b_abs,473
1776002268,bftpd,nsfuzz,7,l_per,48.2
1776002268,bftpd,nsfuzz,7,l_abs,1086
1776002268,bftpd,nsfuzz,7,b_per,34.9
1776002268,bftpd,nsfuzz,7,b_abs,473
1776002274,bftpd,nsfuzz,7,l_per,48.2
1776002274,bftpd,nsfuzz,7,l_abs,1086
1776002274,bftpd,nsfuzz,7,b_per,34.9
1776002274,bftpd,nsfuzz,7,b_abs,473
1776002285,bftpd,nsfuzz,7,l_per,48.2
1776002285,bftpd,nsfuzz,7,l_abs,1086
1776002285,bftpd,nsfuzz,7,b_per,34.9
1776002285,bftpd,nsfuzz,7,b_abs,473
1776002289,bftpd,nsfuzz,7,l_per,48.2
1776002289,bftpd,nsfuzz,7,l_abs,1086
1776002289,bftpd,nsfuzz,7,b_per,34.9
1776002289,bftpd,nsfuzz,7,b_abs,473
1776002297,bftpd,nsfuzz,7,l_per,48.2
1776002297,bftpd,nsfuzz,7,l_abs,1086
1776002297,bftpd,nsfuzz,7,b_per,34.9
1776002297,bftpd,nsfuzz,7,b_abs,473
1776002303,bftpd,nsfuzz,7,l_per,48.2
1776002303,bftpd,nsfuzz,7,l_abs,1086
1776002303,bftpd,nsfuzz,7,b_per,34.9
1776002303,bftpd,nsfuzz,7,b_abs,473
1776002321,bftpd,nsfuzz,7,l_per,48.2
1776002321,bftpd,nsfuzz,7,l_abs,1086
1776002321,bftpd,nsfuzz,7,b_per,34.9
1776002321,bftpd,nsfuzz,7,b_abs,473
1776002357,bftpd,nsfuzz,7,l_per,48.2
1776002357,bftpd,nsfuzz,7,l_abs,1086
1776002357,bftpd,nsfuzz,7,b_per,34.9
1776002357,bftpd,nsfuzz,7,b_abs,473
1776002366,bftpd,nsfuzz,7,l_per,48.2
1776002366,bftpd,nsfuzz,7,l_abs,1086
1776002366,bftpd,nsfuzz,7,b_per,34.9
1776002366,bftpd,nsfuzz,7,b_abs,473
1776002372,bftpd,nsfuzz,7,l_per,48.2
1776002372,bftpd,nsfuzz,7,l_abs,1086
1776002372,bftpd,nsfuzz,7,b_per,34.9
1776002372,bftpd,nsfuzz,7,b_abs,473
1776002372,bftpd,nsfuzz,7,l_per,48.2
1776002372,bftpd,nsfuzz,7,l_abs,1086
1776002372,bftpd,nsfuzz,7,b_per,34.9
1776002372,bftpd,nsfuzz,7,b_abs,473
1776002383,bftpd,nsfuzz,7,l_per,48.2
1776002383,bftpd,nsfuzz,7,l_abs,1086
1776002383,bftpd,nsfuzz,7,b_per,34.9
1776002383,bftpd,nsfuzz,7,b_abs,473
1776002394,bftpd,nsfuzz,7,l_per,48.2
1776002394,bftpd,nsfuzz,7,l_abs,1086
1776002394,bftpd,nsfuzz,7,b_per,34.9
1776002394,bftpd,nsfuzz,7,b_abs,473
1776002403,bftpd,nsfuzz,7,l_per,48.2
1776002403,bftpd,nsfuzz,7,l_abs,1086
1776002403,bftpd,nsfuzz,7,b_per,34.9
1776002403,bftpd,nsfuzz,7,b_abs,473
1776002415,bftpd,nsfuzz,7,l_per,48.2
1776002415,bftpd,nsfuzz,7,l_abs,1086
1776002415,bftpd,nsfuzz,7,b_per,34.9
1776002415,bftpd,nsfuzz,7,b_abs,473
1776002428,bftpd,nsfuzz,7,l_per,48.2
1776002428,bftpd,nsfuzz,7,l_abs,1086
1776002428,bftpd,nsfuzz,7,b_per,34.9
1776002428,bftpd,nsfuzz,7,b_abs,473
1776002440,bftpd,nsfuzz,7,l_per,48.2
1776002440,bftpd,nsfuzz,7,l_abs,1086
1776002440,bftpd,nsfuzz,7,b_per,34.9
1776002440,bftpd,nsfuzz,7,b_abs,473
1776002567,bftpd,nsfuzz,7,l_per,48.2
1776002567,bftpd,nsfuzz,7,l_abs,1086
1776002567,bftpd,nsfuzz,7,b_per,34.9
1776002567,bftpd,nsfuzz,7,b_abs,473
1776002576,bftpd,nsfuzz,7,l_per,48.2
1776002576,bftpd,nsfuzz,7,l_abs,1086
1776002576,bftpd,nsfuzz,7,b_per,34.9
1776002576,bftpd,nsfuzz,7,b_abs,473
1776002599,bftpd,nsfuzz,7,l_per,48.2
1776002599,bftpd,nsfuzz,7,l_abs,1086
1776002599,bftpd,nsfuzz,7,b_per,34.9
1776002599,bftpd,nsfuzz,7,b_abs,473
1776002664,bftpd,nsfuzz,7,l_per,48.2
1776002664,bftpd,nsfuzz,7,l_abs,1086
1776002664,bftpd,nsfuzz,7,b_per,34.9
1776002664,bftpd,nsfuzz,7,b_abs,473
1776002666,bftpd,nsfuzz,7,l_per,48.2
1776002666,bftpd,nsfuzz,7,l_abs,1086
1776002666,bftpd,nsfuzz,7,b_per,34.9
1776002666,bftpd,nsfuzz,7,b_abs,473
1776002778,bftpd,nsfuzz,7,l_per,48.2
1776002778,bftpd,nsfuzz,7,l_abs,1086
1776002778,bftpd,nsfuzz,7,b_per,34.9
1776002778,bftpd,nsfuzz,7,b_abs,473
1776002902,bftpd,nsfuzz,7,l_per,48.2
1776002902,bftpd,nsfuzz,7,l_abs,1086
1776002902,bftpd,nsfuzz,7,b_per,34.9
1776002902,bftpd,nsfuzz,7,b_abs,473
1776002911,bftpd,nsfuzz,7,l_per,48.2
1776002911,bftpd,nsfuzz,7,l_abs,1086
1776002911,bftpd,nsfuzz,7,b_per,34.9
1776002911,bftpd,nsfuzz,7,b_abs,473
1776002917,bftpd,nsfuzz,7,l_per,48.2
1776002917,bftpd,nsfuzz,7,l_abs,1086
1776002917,bftpd,nsfuzz,7,b_per,34.9
1776002917,bftpd,nsfuzz,7,b_abs,473
1776002920,bftpd,nsfuzz,7,l_per,48.2
1776002920,bftpd,nsfuzz,7,l_abs,1086
1776002920,bftpd,nsfuzz,7,b_per,34.9
1776002920,bftpd,nsfuzz,7,b_abs,473
1776002924,bftpd,nsfuzz,7,l_per,48.2
1776002924,bftpd,nsfuzz,7,l_abs,1086
1776002924,bftpd,nsfuzz,7,b_per,34.9
1776002924,bftpd,nsfuzz,7,b_abs,473
1776003097,bftpd,nsfuzz,7,l_per,48.2
1776003097,bftpd,nsfuzz,7,l_abs,1086
1776003097,bftpd,nsfuzz,7,b_per,34.9
1776003097,bftpd,nsfuzz,7,b_abs,473
1776003098,bftpd,nsfuzz,7,l_per,48.2
1776003098,bftpd,nsfuzz,7,l_abs,1086
1776003098,bftpd,nsfuzz,7,b_per,34.9
1776003098,bftpd,nsfuzz,7,b_abs,473
1776003105,bftpd,nsfuzz,7,l_per,48.2
1776003105,bftpd,nsfuzz,7,l_abs,1086
1776003105,bftpd,nsfuzz,7,b_per,34.9
1776003105,bftpd,nsfuzz,7,b_abs,473
1776003185,bftpd,nsfuzz,7,l_per,48.2
1776003185,bftpd,nsfuzz,7,l_abs,1086
1776003185,bftpd,nsfuzz,7,b_per,34.9
1776003185,bftpd,nsfuzz,7,b_abs,473
1776003195,bftpd,nsfuzz,7,l_per,48.2
1776003195,bftpd,nsfuzz,7,l_abs,1086
1776003195,bftpd,nsfuzz,7,b_per,34.9
1776003195,bftpd,nsfuzz,7,b_abs,473
1776003252,bftpd,nsfuzz,7,l_per,48.2
1776003252,bftpd,nsfuzz,7,l_abs,1086
1776003252,bftpd,nsfuzz,7,b_per,34.9
1776003252,bftpd,nsfuzz,7,b_abs,473
1776003266,bftpd,nsfuzz,7,l_per,48.2
1776003266,bftpd,nsfuzz,7,l_abs,1086
1776003266,bftpd,nsfuzz,7,b_per,34.9
1776003266,bftpd,nsfuzz,7,b_abs,473
1776003472,bftpd,nsfuzz,7,l_per,48.2
1776003472,bftpd,nsfuzz,7,l_abs,1086
1776003472,bftpd,nsfuzz,7,b_per,34.9
1776003472,bftpd,nsfuzz,7,b_abs,473
1776003535,bftpd,nsfuzz,7,l_per,48.2
1776003535,bftpd,nsfuzz,7,l_abs,1086
1776003535,bftpd,nsfuzz,7,b_per,34.9
1776003535,bftpd,nsfuzz,7,b_abs,473
1776003605,bftpd,nsfuzz,7,l_per,48.2
1776003605,bftpd,nsfuzz,7,l_abs,1086
1776003605,bftpd,nsfuzz,7,b_per,34.9
1776003605,bftpd,nsfuzz,7,b_abs,473
1776003981,bftpd,nsfuzz,7,l_per,48.2
1776003981,bftpd,nsfuzz,7,l_abs,1086
1776003981,bftpd,nsfuzz,7,b_per,34.9
1776003981,bftpd,nsfuzz,7,b_abs,473
1776004713,bftpd,nsfuzz,7,l_per,48.2
1776004713,bftpd,nsfuzz,7,l_abs,1086
1776004713,bftpd,nsfuzz,7,b_per,34.9
1776004713,bftpd,nsfuzz,7,b_abs,473
1776005143,bftpd,nsfuzz,7,l_per,48.2
1776005143,bftpd,nsfuzz,7,l_abs,1086
1776005143,bftpd,nsfuzz,7,b_per,34.9
1776005143,bftpd,nsfuzz,7,b_abs,473
1776006502,bftpd,nsfuzz,7,l_per,48.2
1776006502,bftpd,nsfuzz,7,l_abs,1086
1776006502,bftpd,nsfuzz,7,b_per,34.9
1776006502,bftpd,nsfuzz,7,b_abs,473
1776009026,bftpd,nsfuzz,7,l_per,48.2
1776009026,bftpd,nsfuzz,7,l_abs,1086
1776009026,bftpd,nsfuzz,7,b_per,34.9
1776009026,bftpd,nsfuzz,7,b_abs,473
1776009631,bftpd,nsfuzz,7,l_per,48.2
1776009631,bftpd,nsfuzz,7,l_abs,1086
1776009631,bftpd,nsfuzz,7,b_per,34.9
1776009631,bftpd,nsfuzz,7,b_abs,473
1776013963,bftpd,nsfuzz,7,l_per,48.2
1776013963,bftpd,nsfuzz,7,l_abs,1086
1776013963,bftpd,nsfuzz,7,b_per,34.9
1776013963,bftpd,nsfuzz,7,b_abs,473
1776019064,bftpd,nsfuzz,7,l_per,48.2
1776019064,bftpd,nsfuzz,7,l_abs,1086
1776019064,bftpd,nsfuzz,7,b_per,34.9
1776019064,bftpd,nsfuzz,7,b_abs,473
1776030080,bftpd,nsfuzz,7,l_per,48.2
1776030080,bftpd,nsfuzz,7,l_abs,1086
1776030080,bftpd,nsfuzz,7,b_per,34.9
1776030080,bftpd,nsfuzz,7,b_abs,473
1776039736,bftpd,nsfuzz,7,l_per,48.2
1776039736,bftpd,nsfuzz,7,l_abs,1086
1776039736,bftpd,nsfuzz,7,b_per,34.9
1776039736,bftpd,nsfuzz,7,b_abs,473
1776042438,bftpd,nsfuzz,7,l_per,48.2
1776042438,bftpd,nsfuzz,7,l_abs,1086
1776042438,bftpd,nsfuzz,7,b_per,34.9
1776042438,bftpd,nsfuzz,7,b_abs,473
1776043686,bftpd,nsfuzz,7,l_per,48.2
1776043686,bftpd,nsfuzz,7,l_abs,1086
1776043686,bftpd,nsfuzz,7,b_per,34.9
1776043686,bftpd,nsfuzz,7,b_abs,473
1776043687,bftpd,nsfuzz,7,l_per,48.2
1776043687,bftpd,nsfuzz,7,l_abs,1086
1776043687,bftpd,nsfuzz,7,b_per,34.9
1776043687,bftpd,nsfuzz,7,b_abs,473
1776043697,bftpd,nsfuzz,7,l_per,48.2
1776043697,bftpd,nsfuzz,7,l_abs,1086
1776043697,bftpd,nsfuzz,7,b_per,34.9
1776043697,bftpd,nsfuzz,7,b_abs,473
1776043698,bftpd,nsfuzz,7,l_per,48.2
1776043698,bftpd,nsfuzz,7,l_abs,1086
1776043698,bftpd,nsfuzz,7,b_per,34.9
1776043698,bftpd,nsfuzz,7,b_abs,473
1776043707,bftpd,nsfuzz,7,l_per,48.2
1776043707,bftpd,nsfuzz,7,l_abs,1086
1776043707,bftpd,nsfuzz,7,b_per,34.9
1776043707,bftpd,nsfuzz,7,b_abs,473
1776043842,bftpd,nsfuzz,7,l_per,48.2
1776043842,bftpd,nsfuzz,7,l_abs,1086
1776043842,bftpd,nsfuzz,7,b_per,34.9
1776043842,bftpd,nsfuzz,7,b_abs,473
1776078524,bftpd,nsfuzz,7,l_per,48.2
1776078524,bftpd,nsfuzz,7,l_abs,1086
1776078524,bftpd,nsfuzz,7,b_per,34.9
1776078524,bftpd,nsfuzz,7,b_abs,473
1776001094,bftpd,nsfuzz,8,l_per,24.7
1776001094,bftpd,nsfuzz,8,l_abs,552
1776001094,bftpd,nsfuzz,8,b_per,15.5
1776001094,bftpd,nsfuzz,8,b_abs,210
1776001094,bftpd,nsfuzz,8,l_per,26.2
1776001094,bftpd,nsfuzz,8,l_abs,587
1776001094,bftpd,nsfuzz,8,b_per,16.8
1776001094,bftpd,nsfuzz,8,b_abs,228
1776001094,bftpd,nsfuzz,8,l_per,29.5
1776001094,bftpd,nsfuzz,8,l_abs,660
1776001094,bftpd,nsfuzz,8,b_per,19.1
1776001094,bftpd,nsfuzz,8,b_abs,258
1776001094,bftpd,nsfuzz,8,l_per,29.5
1776001094,bftpd,nsfuzz,8,l_abs,660
1776001094,bftpd,nsfuzz,8,b_per,19.1
1776001094,bftpd,nsfuzz,8,b_abs,258
1776001094,bftpd,nsfuzz,8,l_per,32.3
1776001094,bftpd,nsfuzz,8,l_abs,724
1776001094,bftpd,nsfuzz,8,b_per,20.4
1776001094,bftpd,nsfuzz,8,b_abs,276
1776001094,bftpd,nsfuzz,8,l_per,34.4
1776001094,bftpd,nsfuzz,8,l_abs,771
1776001094,bftpd,nsfuzz,8,b_per,22.1
1776001094,bftpd,nsfuzz,8,b_abs,299
1776001094,bftpd,nsfuzz,8,l_per,34.4
1776001094,bftpd,nsfuzz,8,l_abs,771
1776001094,bftpd,nsfuzz,8,b_per,22.1
1776001094,bftpd,nsfuzz,8,b_abs,299
1776001095,bftpd,nsfuzz,8,l_per,34.4
1776001095,bftpd,nsfuzz,8,l_abs,771
1776001095,bftpd,nsfuzz,8,b_per,22.1
1776001095,bftpd,nsfuzz,8,b_abs,299
1776001095,bftpd,nsfuzz,8,l_per,34.5
1776001095,bftpd,nsfuzz,8,l_abs,774
1776001095,bftpd,nsfuzz,8,b_per,22.1
1776001095,bftpd,nsfuzz,8,b_abs,299
1776001095,bftpd,nsfuzz,8,l_per,35.6
1776001095,bftpd,nsfuzz,8,l_abs,798
1776001095,bftpd,nsfuzz,8,b_per,22.7
1776001095,bftpd,nsfuzz,8,b_abs,308
1776001095,bftpd,nsfuzz,8,l_per,35.7
1776001095,bftpd,nsfuzz,8,l_abs,800
1776001095,bftpd,nsfuzz,8,b_per,22.8
1776001095,bftpd,nsfuzz,8,b_abs,309
1776001095,bftpd,nsfuzz,8,l_per,40.0
1776001095,bftpd,nsfuzz,8,l_abs,897
1776001095,bftpd,nsfuzz,8,b_per,26.5
1776001095,bftpd,nsfuzz,8,b_abs,359
1776001095,bftpd,nsfuzz,8,l_per,40.6
1776001095,bftpd,nsfuzz,8,l_abs,911
1776001095,bftpd,nsfuzz,8,b_per,26.9
1776001095,bftpd,nsfuzz,8,b_abs,364
1776001094,bftpd,nsfuzz,8,l_per,40.6
1776001094,bftpd,nsfuzz,8,l_abs,911
1776001094,bftpd,nsfuzz,8,b_per,26.9
1776001094,bftpd,nsfuzz,8,b_abs,364
1776001094,bftpd,nsfuzz,8,l_per,40.6
1776001094,bftpd,nsfuzz,8,l_abs,912
1776001094,bftpd,nsfuzz,8,b_per,27.0
1776001094,bftpd,nsfuzz,8,b_abs,365
1776001094,bftpd,nsfuzz,8,l_per,40.6
1776001094,bftpd,nsfuzz,8,l_abs,912
1776001094,bftpd,nsfuzz,8,b_per,27.0
1776001094,bftpd,nsfuzz,8,b_abs,365
1776001094,bftpd,nsfuzz,8,l_per,40.6
1776001094,bftpd,nsfuzz,8,l_abs,912
1776001094,bftpd,nsfuzz,8,b_per,27.0
1776001094,bftpd,nsfuzz,8,b_abs,365
1776001094,bftpd,nsfuzz,8,l_per,40.9
1776001094,bftpd,nsfuzz,8,l_abs,918
1776001094,bftpd,nsfuzz,8,b_per,27.2
1776001094,bftpd,nsfuzz,8,b_abs,368
1776001094,bftpd,nsfuzz,8,l_per,41.0
1776001094,bftpd,nsfuzz,8,l_abs,921
1776001094,bftpd,nsfuzz,8,b_per,27.3
1776001094,bftpd,nsfuzz,8,b_abs,369
1776001094,bftpd,nsfuzz,8,l_per,41.0
1776001094,bftpd,nsfuzz,8,l_abs,921
1776001094,bftpd,nsfuzz,8,b_per,27.3
1776001094,bftpd,nsfuzz,8,b_abs,369
1776001095,bftpd,nsfuzz,8,l_per,41.0
1776001095,bftpd,nsfuzz,8,l_abs,921
1776001095,bftpd,nsfuzz,8,b_per,27.3
1776001095,bftpd,nsfuzz,8,b_abs,369
1776001095,bftpd,nsfuzz,8,l_per,41.0
1776001095,bftpd,nsfuzz,8,l_abs,921
1776001095,bftpd,nsfuzz,8,b_per,27.3
1776001095,bftpd,nsfuzz,8,b_abs,369
1776001095,bftpd,nsfuzz,8,l_per,41.0
1776001095,bftpd,nsfuzz,8,l_abs,921
1776001095,bftpd,nsfuzz,8,b_per,27.3
1776001095,bftpd,nsfuzz,8,b_abs,369
1776001095,bftpd,nsfuzz,8,l_per,41.0
1776001095,bftpd,nsfuzz,8,l_abs,921
1776001095,bftpd,nsfuzz,8,b_per,27.3
1776001095,bftpd,nsfuzz,8,b_abs,369
1776001095,bftpd,nsfuzz,8,l_per,41.0
1776001095,bftpd,nsfuzz,8,l_abs,921
1776001095,bftpd,nsfuzz,8,b_per,27.3
1776001095,bftpd,nsfuzz,8,b_abs,369
1776001095,bftpd,nsfuzz,8,l_per,41.0
1776001095,bftpd,nsfuzz,8,l_abs,921
1776001095,bftpd,nsfuzz,8,b_per,27.3
1776001095,bftpd,nsfuzz,8,b_abs,369
1776001099,bftpd,nsfuzz,8,l_per,41.4
1776001099,bftpd,nsfuzz,8,l_abs,929
1776001099,bftpd,nsfuzz,8,b_per,27.9
1776001099,bftpd,nsfuzz,8,b_abs,378
1776001099,bftpd,nsfuzz,8,l_per,41.4
1776001099,bftpd,nsfuzz,8,l_abs,929
1776001099,bftpd,nsfuzz,8,b_per,27.9
1776001099,bftpd,nsfuzz,8,b_abs,378
1776001099,bftpd,nsfuzz,8,l_per,41.4
1776001099,bftpd,nsfuzz,8,l_abs,929
1776001099,bftpd,nsfuzz,8,b_per,27.9
1776001099,bftpd,nsfuzz,8,b_abs,378
1776001099,bftpd,nsfuzz,8,l_per,41.4
1776001099,bftpd,nsfuzz,8,l_abs,930
1776001099,bftpd,nsfuzz,8,b_per,28.0
1776001099,bftpd,nsfuzz,8,b_abs,379
1776001099,bftpd,nsfuzz,8,l_per,41.4
1776001099,bftpd,nsfuzz,8,l_abs,930
1776001099,bftpd,nsfuzz,8,b_per,28.0
1776001099,bftpd,nsfuzz,8,b_abs,379
1776001099,bftpd,nsfuzz,8,l_per,41.4
1776001099,bftpd,nsfuzz,8,l_abs,930
1776001099,bftpd,nsfuzz,8,b_per,28.0
1776001099,bftpd,nsfuzz,8,b_abs,379
1776001099,bftpd,nsfuzz,8,l_per,41.4
1776001099,bftpd,nsfuzz,8,l_abs,930
1776001099,bftpd,nsfuzz,8,b_per,28.0
1776001099,bftpd,nsfuzz,8,b_abs,379
1776001099,bftpd,nsfuzz,8,l_per,41.4
1776001099,bftpd,nsfuzz,8,l_abs,930
1776001099,bftpd,nsfuzz,8,b_per,28.0
1776001099,bftpd,nsfuzz,8,b_abs,379
1776001099,bftpd,nsfuzz,8,l_per,41.4
1776001099,bftpd,nsfuzz,8,l_abs,930
1776001099,bftpd,nsfuzz,8,b_per,28.1
1776001099,bftpd,nsfuzz,8,b_abs,380
1776001099,bftpd,nsfuzz,8,l_per,41.6
1776001099,bftpd,nsfuzz,8,l_abs,934
1776001099,bftpd,nsfuzz,8,b_per,28.2
1776001099,bftpd,nsfuzz,8,b_abs,382
1776001099,bftpd,nsfuzz,8,l_per,41.6
1776001099,bftpd,nsfuzz,8,l_abs,934
1776001099,bftpd,nsfuzz,8,b_per,28.2
1776001099,bftpd,nsfuzz,8,b_abs,382
1776001099,bftpd,nsfuzz,8,l_per,41.6
1776001099,bftpd,nsfuzz,8,l_abs,934
1776001099,bftpd,nsfuzz,8,b_per,28.2
1776001099,bftpd,nsfuzz,8,b_abs,382
1776001099,bftpd,nsfuzz,8,l_per,41.6
1776001099,bftpd,nsfuzz,8,l_abs,934
1776001099,bftpd,nsfuzz,8,b_per,28.2
1776001099,bftpd,nsfuzz,8,b_abs,382
1776001100,bftpd,nsfuzz,8,l_per,41.6
1776001100,bftpd,nsfuzz,8,l_abs,934
1776001100,bftpd,nsfuzz,8,b_per,28.2
1776001100,bftpd,nsfuzz,8,b_abs,382
1776001100,bftpd,nsfuzz,8,l_per,41.6
1776001100,bftpd,nsfuzz,8,l_abs,934
1776001100,bftpd,nsfuzz,8,b_per,28.2
1776001100,bftpd,nsfuzz,8,b_abs,382
1776001100,bftpd,nsfuzz,8,l_per,41.6
1776001100,bftpd,nsfuzz,8,l_abs,934
1776001100,bftpd,nsfuzz,8,b_per,28.2
1776001100,bftpd,nsfuzz,8,b_abs,382
1776001100,bftpd,nsfuzz,8,l_per,41.6
1776001100,bftpd,nsfuzz,8,l_abs,934
1776001100,bftpd,nsfuzz,8,b_per,28.2
1776001100,bftpd,nsfuzz,8,b_abs,382
1776001100,bftpd,nsfuzz,8,l_per,41.6
1776001100,bftpd,nsfuzz,8,l_abs,934
1776001100,bftpd,nsfuzz,8,b_per,28.2
1776001100,bftpd,nsfuzz,8,b_abs,382
1776001100,bftpd,nsfuzz,8,l_per,41.6
1776001100,bftpd,nsfuzz,8,l_abs,934
1776001100,bftpd,nsfuzz,8,b_per,28.2
1776001100,bftpd,nsfuzz,8,b_abs,382
1776001100,bftpd,nsfuzz,8,l_per,41.6
1776001100,bftpd,nsfuzz,8,l_abs,934
1776001100,bftpd,nsfuzz,8,b_per,28.2
1776001100,bftpd,nsfuzz,8,b_abs,382
1776001100,bftpd,nsfuzz,8,l_per,41.6
1776001100,bftpd,nsfuzz,8,l_abs,934
1776001100,bftpd,nsfuzz,8,b_per,28.2
1776001100,bftpd,nsfuzz,8,b_abs,382
1776001100,bftpd,nsfuzz,8,l_per,41.6
1776001100,bftpd,nsfuzz,8,l_abs,934
1776001100,bftpd,nsfuzz,8,b_per,28.2
1776001100,bftpd,nsfuzz,8,b_abs,382
1776001101,bftpd,nsfuzz,8,l_per,41.6
1776001101,bftpd,nsfuzz,8,l_abs,934
1776001101,bftpd,nsfuzz,8,b_per,28.2
1776001101,bftpd,nsfuzz,8,b_abs,382
1776001101,bftpd,nsfuzz,8,l_per,41.7
1776001101,bftpd,nsfuzz,8,l_abs,936
1776001101,bftpd,nsfuzz,8,b_per,28.3
1776001101,bftpd,nsfuzz,8,b_abs,383
1776001101,bftpd,nsfuzz,8,l_per,41.7
1776001101,bftpd,nsfuzz,8,l_abs,936
1776001101,bftpd,nsfuzz,8,b_per,28.3
1776001101,bftpd,nsfuzz,8,b_abs,383
1776001101,bftpd,nsfuzz,8,l_per,41.7
1776001101,bftpd,nsfuzz,8,l_abs,936
1776001101,bftpd,nsfuzz,8,b_per,28.3
1776001101,bftpd,nsfuzz,8,b_abs,383
1776001101,bftpd,nsfuzz,8,l_per,41.7
1776001101,bftpd,nsfuzz,8,l_abs,936
1776001101,bftpd,nsfuzz,8,b_per,28.3
1776001101,bftpd,nsfuzz,8,b_abs,383
1776001101,bftpd,nsfuzz,8,l_per,41.7
1776001101,bftpd,nsfuzz,8,l_abs,936
1776001101,bftpd,nsfuzz,8,b_per,28.3
1776001101,bftpd,nsfuzz,8,b_abs,383
1776001102,bftpd,nsfuzz,8,l_per,41.7
1776001102,bftpd,nsfuzz,8,l_abs,936
1776001102,bftpd,nsfuzz,8,b_per,28.3
1776001102,bftpd,nsfuzz,8,b_abs,383
1776001102,bftpd,nsfuzz,8,l_per,41.7
1776001102,bftpd,nsfuzz,8,l_abs,936
1776001102,bftpd,nsfuzz,8,b_per,28.3
1776001102,bftpd,nsfuzz,8,b_abs,383
1776001102,bftpd,nsfuzz,8,l_per,41.7
1776001102,bftpd,nsfuzz,8,l_abs,936
1776001102,bftpd,nsfuzz,8,b_per,28.3
1776001102,bftpd,nsfuzz,8,b_abs,383
1776001102,bftpd,nsfuzz,8,l_per,41.8
1776001102,bftpd,nsfuzz,8,l_abs,938
1776001102,bftpd,nsfuzz,8,b_per,28.4
1776001102,bftpd,nsfuzz,8,b_abs,385
1776001102,bftpd,nsfuzz,8,l_per,41.8
1776001102,bftpd,nsfuzz,8,l_abs,938
1776001102,bftpd,nsfuzz,8,b_per,28.4
1776001102,bftpd,nsfuzz,8,b_abs,385
1776001102,bftpd,nsfuzz,8,l_per,41.8
1776001102,bftpd,nsfuzz,8,l_abs,938
1776001102,bftpd,nsfuzz,8,b_per,28.4
1776001102,bftpd,nsfuzz,8,b_abs,385
1776001102,bftpd,nsfuzz,8,l_per,41.8
1776001102,bftpd,nsfuzz,8,l_abs,938
1776001102,bftpd,nsfuzz,8,b_per,28.4
1776001102,bftpd,nsfuzz,8,b_abs,385
1776001102,bftpd,nsfuzz,8,l_per,41.8
1776001102,bftpd,nsfuzz,8,l_abs,938
1776001102,bftpd,nsfuzz,8,b_per,28.4
1776001102,bftpd,nsfuzz,8,b_abs,385
1776001103,bftpd,nsfuzz,8,l_per,41.8
1776001103,bftpd,nsfuzz,8,l_abs,938
1776001103,bftpd,nsfuzz,8,b_per,28.4
1776001103,bftpd,nsfuzz,8,b_abs,385
1776001103,bftpd,nsfuzz,8,l_per,41.8
1776001103,bftpd,nsfuzz,8,l_abs,938
1776001103,bftpd,nsfuzz,8,b_per,28.4
1776001103,bftpd,nsfuzz,8,b_abs,385
1776001103,bftpd,nsfuzz,8,l_per,41.8
1776001103,bftpd,nsfuzz,8,l_abs,938
1776001103,bftpd,nsfuzz,8,b_per,28.4
1776001103,bftpd,nsfuzz,8,b_abs,385
1776001103,bftpd,nsfuzz,8,l_per,41.8
1776001103,bftpd,nsfuzz,8,l_abs,938
1776001103,bftpd,nsfuzz,8,b_per,28.4
1776001103,bftpd,nsfuzz,8,b_abs,385
1776001103,bftpd,nsfuzz,8,l_per,41.8
1776001103,bftpd,nsfuzz,8,l_abs,938
1776001103,bftpd,nsfuzz,8,b_per,28.4
1776001103,bftpd,nsfuzz,8,b_abs,385
1776001104,bftpd,nsfuzz,8,l_per,41.8
1776001104,bftpd,nsfuzz,8,l_abs,938
1776001104,bftpd,nsfuzz,8,b_per,28.4
1776001104,bftpd,nsfuzz,8,b_abs,385
1776001104,bftpd,nsfuzz,8,l_per,41.8
1776001104,bftpd,nsfuzz,8,l_abs,938
1776001104,bftpd,nsfuzz,8,b_per,28.4
1776001104,bftpd,nsfuzz,8,b_abs,385
1776001104,bftpd,nsfuzz,8,l_per,41.8
1776001104,bftpd,nsfuzz,8,l_abs,938
1776001104,bftpd,nsfuzz,8,b_per,28.4
1776001104,bftpd,nsfuzz,8,b_abs,385
1776001104,bftpd,nsfuzz,8,l_per,41.8
1776001104,bftpd,nsfuzz,8,l_abs,938
1776001104,bftpd,nsfuzz,8,b_per,28.4
1776001104,bftpd,nsfuzz,8,b_abs,385
1776001104,bftpd,nsfuzz,8,l_per,41.8
1776001104,bftpd,nsfuzz,8,l_abs,938
1776001104,bftpd,nsfuzz,8,b_per,28.4
1776001104,bftpd,nsfuzz,8,b_abs,385
1776001104,bftpd,nsfuzz,8,l_per,41.8
1776001104,bftpd,nsfuzz,8,l_abs,938
1776001104,bftpd,nsfuzz,8,b_per,28.4
1776001104,bftpd,nsfuzz,8,b_abs,385
1776001105,bftpd,nsfuzz,8,l_per,41.8
1776001105,bftpd,nsfuzz,8,l_abs,938
1776001105,bftpd,nsfuzz,8,b_per,28.4
1776001105,bftpd,nsfuzz,8,b_abs,385
1776001105,bftpd,nsfuzz,8,l_per,41.8
1776001105,bftpd,nsfuzz,8,l_abs,938
1776001105,bftpd,nsfuzz,8,b_per,28.4
1776001105,bftpd,nsfuzz,8,b_abs,385
1776001106,bftpd,nsfuzz,8,l_per,41.8
1776001106,bftpd,nsfuzz,8,l_abs,938
1776001106,bftpd,nsfuzz,8,b_per,28.4
1776001106,bftpd,nsfuzz,8,b_abs,385
1776001106,bftpd,nsfuzz,8,l_per,41.8
1776001106,bftpd,nsfuzz,8,l_abs,938
1776001106,bftpd,nsfuzz,8,b_per,28.5
1776001106,bftpd,nsfuzz,8,b_abs,386
1776001106,bftpd,nsfuzz,8,l_per,41.8
1776001106,bftpd,nsfuzz,8,l_abs,938
1776001106,bftpd,nsfuzz,8,b_per,28.5
1776001106,bftpd,nsfuzz,8,b_abs,386
1776001106,bftpd,nsfuzz,8,l_per,41.8
1776001106,bftpd,nsfuzz,8,l_abs,938
1776001106,bftpd,nsfuzz,8,b_per,28.5
1776001106,bftpd,nsfuzz,8,b_abs,386
1776001107,bftpd,nsfuzz,8,l_per,41.8
1776001107,bftpd,nsfuzz,8,l_abs,938
1776001107,bftpd,nsfuzz,8,b_per,28.5
1776001107,bftpd,nsfuzz,8,b_abs,386
1776001107,bftpd,nsfuzz,8,l_per,41.8
1776001107,bftpd,nsfuzz,8,l_abs,938
1776001107,bftpd,nsfuzz,8,b_per,28.5
1776001107,bftpd,nsfuzz,8,b_abs,386
1776001108,bftpd,nsfuzz,8,l_per,41.9
1776001108,bftpd,nsfuzz,8,l_abs,940
1776001108,bftpd,nsfuzz,8,b_per,28.6
1776001108,bftpd,nsfuzz,8,b_abs,387
1776001108,bftpd,nsfuzz,8,l_per,41.9
1776001108,bftpd,nsfuzz,8,l_abs,940
1776001108,bftpd,nsfuzz,8,b_per,28.6
1776001108,bftpd,nsfuzz,8,b_abs,387
1776001109,bftpd,nsfuzz,8,l_per,42.0
1776001109,bftpd,nsfuzz,8,l_abs,943
1776001109,bftpd,nsfuzz,8,b_per,28.6
1776001109,bftpd,nsfuzz,8,b_abs,387
1776001109,bftpd,nsfuzz,8,l_per,42.0
1776001109,bftpd,nsfuzz,8,l_abs,943
1776001109,bftpd,nsfuzz,8,b_per,28.6
1776001109,bftpd,nsfuzz,8,b_abs,387
1776001109,bftpd,nsfuzz,8,l_per,42.0
1776001109,bftpd,nsfuzz,8,l_abs,943
1776001109,bftpd,nsfuzz,8,b_per,28.6
1776001109,bftpd,nsfuzz,8,b_abs,387
1776001110,bftpd,nsfuzz,8,l_per,42.2
1776001110,bftpd,nsfuzz,8,l_abs,947
1776001110,bftpd,nsfuzz,8,b_per,28.6
1776001110,bftpd,nsfuzz,8,b_abs,387
1776001110,bftpd,nsfuzz,8,l_per,42.2
1776001110,bftpd,nsfuzz,8,l_abs,947
1776001110,bftpd,nsfuzz,8,b_per,28.6
1776001110,bftpd,nsfuzz,8,b_abs,387
1776001110,bftpd,nsfuzz,8,l_per,42.2
1776001110,bftpd,nsfuzz,8,l_abs,947
1776001110,bftpd,nsfuzz,8,b_per,28.6
1776001110,bftpd,nsfuzz,8,b_abs,387
1776001110,bftpd,nsfuzz,8,l_per,42.2
1776001110,bftpd,nsfuzz,8,l_abs,947
1776001110,bftpd,nsfuzz,8,b_per,28.6
1776001110,bftpd,nsfuzz,8,b_abs,387
1776001111,bftpd,nsfuzz,8,l_per,42.5
1776001111,bftpd,nsfuzz,8,l_abs,954
1776001111,bftpd,nsfuzz,8,b_per,28.8
1776001111,bftpd,nsfuzz,8,b_abs,390
1776001111,bftpd,nsfuzz,8,l_per,42.5
1776001111,bftpd,nsfuzz,8,l_abs,954
1776001111,bftpd,nsfuzz,8,b_per,28.8
1776001111,bftpd,nsfuzz,8,b_abs,390
1776001111,bftpd,nsfuzz,8,l_per,42.5
1776001111,bftpd,nsfuzz,8,l_abs,954
1776001111,bftpd,nsfuzz,8,b_per,28.8
1776001111,bftpd,nsfuzz,8,b_abs,390
1776001111,bftpd,nsfuzz,8,l_per,42.5
1776001111,bftpd,nsfuzz,8,l_abs,954
1776001111,bftpd,nsfuzz,8,b_per,28.8
1776001111,bftpd,nsfuzz,8,b_abs,390
1776001111,bftpd,nsfuzz,8,l_per,42.5
1776001111,bftpd,nsfuzz,8,l_abs,954
1776001111,bftpd,nsfuzz,8,b_per,28.8
1776001111,bftpd,nsfuzz,8,b_abs,390
1776001111,bftpd,nsfuzz,8,l_per,42.5
1776001111,bftpd,nsfuzz,8,l_abs,954
1776001111,bftpd,nsfuzz,8,b_per,28.8
1776001111,bftpd,nsfuzz,8,b_abs,390
1776001112,bftpd,nsfuzz,8,l_per,42.5
1776001112,bftpd,nsfuzz,8,l_abs,954
1776001112,bftpd,nsfuzz,8,b_per,28.8
1776001112,bftpd,nsfuzz,8,b_abs,390
1776001112,bftpd,nsfuzz,8,l_per,42.5
1776001112,bftpd,nsfuzz,8,l_abs,954
1776001112,bftpd,nsfuzz,8,b_per,28.8
1776001112,bftpd,nsfuzz,8,b_abs,390
1776001112,bftpd,nsfuzz,8,l_per,42.5
1776001112,bftpd,nsfuzz,8,l_abs,954
1776001112,bftpd,nsfuzz,8,b_per,28.8
1776001112,bftpd,nsfuzz,8,b_abs,390
1776001112,bftpd,nsfuzz,8,l_per,42.6
1776001112,bftpd,nsfuzz,8,l_abs,958
1776001112,bftpd,nsfuzz,8,b_per,28.9
1776001112,bftpd,nsfuzz,8,b_abs,391
1776001112,bftpd,nsfuzz,8,l_per,42.6
1776001112,bftpd,nsfuzz,8,l_abs,958
1776001112,bftpd,nsfuzz,8,b_per,28.9
1776001112,bftpd,nsfuzz,8,b_abs,391
1776001112,bftpd,nsfuzz,8,l_per,42.6
1776001112,bftpd,nsfuzz,8,l_abs,958
1776001112,bftpd,nsfuzz,8,b_per,28.9
1776001112,bftpd,nsfuzz,8,b_abs,391
1776001112,bftpd,nsfuzz,8,l_per,42.6
1776001112,bftpd,nsfuzz,8,l_abs,958
1776001112,bftpd,nsfuzz,8,b_per,28.9
1776001112,bftpd,nsfuzz,8,b_abs,391
1776001112,bftpd,nsfuzz,8,l_per,42.6
1776001112,bftpd,nsfuzz,8,l_abs,958
1776001112,bftpd,nsfuzz,8,b_per,28.9
1776001112,bftpd,nsfuzz,8,b_abs,391
1776001113,bftpd,nsfuzz,8,l_per,42.6
1776001113,bftpd,nsfuzz,8,l_abs,958
1776001113,bftpd,nsfuzz,8,b_per,28.9
1776001113,bftpd,nsfuzz,8,b_abs,391
1776001113,bftpd,nsfuzz,8,l_per,42.9
1776001113,bftpd,nsfuzz,8,l_abs,964
1776001113,bftpd,nsfuzz,8,b_per,29.0
1776001113,bftpd,nsfuzz,8,b_abs,393
1776001113,bftpd,nsfuzz,8,l_per,42.9
1776001113,bftpd,nsfuzz,8,l_abs,964
1776001113,bftpd,nsfuzz,8,b_per,29.0
1776001113,bftpd,nsfuzz,8,b_abs,393
1776001113,bftpd,nsfuzz,8,l_per,42.9
1776001113,bftpd,nsfuzz,8,l_abs,964
1776001113,bftpd,nsfuzz,8,b_per,29.0
1776001113,bftpd,nsfuzz,8,b_abs,393
1776001114,bftpd,nsfuzz,8,l_per,42.9
1776001114,bftpd,nsfuzz,8,l_abs,964
1776001114,bftpd,nsfuzz,8,b_per,29.0
1776001114,bftpd,nsfuzz,8,b_abs,393
1776001114,bftpd,nsfuzz,8,l_per,43.3
1776001114,bftpd,nsfuzz,8,l_abs,973
1776001114,bftpd,nsfuzz,8,b_per,29.3
1776001114,bftpd,nsfuzz,8,b_abs,397
1776001115,bftpd,nsfuzz,8,l_per,43.3
1776001115,bftpd,nsfuzz,8,l_abs,973
1776001115,bftpd,nsfuzz,8,b_per,29.3
1776001115,bftpd,nsfuzz,8,b_abs,397
1776001115,bftpd,nsfuzz,8,l_per,43.3
1776001115,bftpd,nsfuzz,8,l_abs,973
1776001115,bftpd,nsfuzz,8,b_per,29.4
1776001115,bftpd,nsfuzz,8,b_abs,398
1776001115,bftpd,nsfuzz,8,l_per,43.5
1776001115,bftpd,nsfuzz,8,l_abs,977
1776001115,bftpd,nsfuzz,8,b_per,29.6
1776001115,bftpd,nsfuzz,8,b_abs,401
1776001115,bftpd,nsfuzz,8,l_per,43.5
1776001115,bftpd,nsfuzz,8,l_abs,977
1776001115,bftpd,nsfuzz,8,b_per,29.6
1776001115,bftpd,nsfuzz,8,b_abs,401
1776001115,bftpd,nsfuzz,8,l_per,43.8
1776001115,bftpd,nsfuzz,8,l_abs,984
1776001115,bftpd,nsfuzz,8,b_per,29.8
1776001115,bftpd,nsfuzz,8,b_abs,404
1776001116,bftpd,nsfuzz,8,l_per,43.8
1776001116,bftpd,nsfuzz,8,l_abs,984
1776001116,bftpd,nsfuzz,8,b_per,29.8
1776001116,bftpd,nsfuzz,8,b_abs,404
1776001116,bftpd,nsfuzz,8,l_per,43.8
1776001116,bftpd,nsfuzz,8,l_abs,984
1776001116,bftpd,nsfuzz,8,b_per,29.8
1776001116,bftpd,nsfuzz,8,b_abs,404
1776001116,bftpd,nsfuzz,8,l_per,43.8
1776001116,bftpd,nsfuzz,8,l_abs,984
1776001116,bftpd,nsfuzz,8,b_per,29.8
1776001116,bftpd,nsfuzz,8,b_abs,404
1776001117,bftpd,nsfuzz,8,l_per,44.0
1776001117,bftpd,nsfuzz,8,l_abs,989
1776001117,bftpd,nsfuzz,8,b_per,30.0
1776001117,bftpd,nsfuzz,8,b_abs,406
1776001117,bftpd,nsfuzz,8,l_per,44.0
1776001117,bftpd,nsfuzz,8,l_abs,989
1776001117,bftpd,nsfuzz,8,b_per,30.0
1776001117,bftpd,nsfuzz,8,b_abs,406
1776001117,bftpd,nsfuzz,8,l_per,44.3
1776001117,bftpd,nsfuzz,8,l_abs,996
1776001117,bftpd,nsfuzz,8,b_per,30.5
1776001117,bftpd,nsfuzz,8,b_abs,413
1776001117,bftpd,nsfuzz,8,l_per,44.4
1776001117,bftpd,nsfuzz,8,l_abs,998
1776001117,bftpd,nsfuzz,8,b_per,30.6
1776001117,bftpd,nsfuzz,8,b_abs,414
1776001118,bftpd,nsfuzz,8,l_per,44.4
1776001118,bftpd,nsfuzz,8,l_abs,998
1776001118,bftpd,nsfuzz,8,b_per,30.6
1776001118,bftpd,nsfuzz,8,b_abs,414
1776001118,bftpd,nsfuzz,8,l_per,44.5
1776001118,bftpd,nsfuzz,8,l_abs,1001
1776001118,bftpd,nsfuzz,8,b_per,30.7
1776001118,bftpd,nsfuzz,8,b_abs,416
1776001118,bftpd,nsfuzz,8,l_per,44.5
1776001118,bftpd,nsfuzz,8,l_abs,1001
1776001118,bftpd,nsfuzz,8,b_per,30.7
1776001118,bftpd,nsfuzz,8,b_abs,416
1776001120,bftpd,nsfuzz,8,l_per,44.5
1776001120,bftpd,nsfuzz,8,l_abs,1001
1776001120,bftpd,nsfuzz,8,b_per,30.7
1776001120,bftpd,nsfuzz,8,b_abs,416
1776001120,bftpd,nsfuzz,8,l_per,44.5
1776001120,bftpd,nsfuzz,8,l_abs,1001
1776001120,bftpd,nsfuzz,8,b_per,30.7
1776001120,bftpd,nsfuzz,8,b_abs,416
1776001122,bftpd,nsfuzz,8,l_per,44.5
1776001122,bftpd,nsfuzz,8,l_abs,1001
1776001122,bftpd,nsfuzz,8,b_per,30.7
1776001122,bftpd,nsfuzz,8,b_abs,416
1776001124,bftpd,nsfuzz,8,l_per,44.5
1776001124,bftpd,nsfuzz,8,l_abs,1001
1776001124,bftpd,nsfuzz,8,b_per,30.7
1776001124,bftpd,nsfuzz,8,b_abs,416
1776001126,bftpd,nsfuzz,8,l_per,44.5
1776001126,bftpd,nsfuzz,8,l_abs,1001
1776001126,bftpd,nsfuzz,8,b_per,30.7
1776001126,bftpd,nsfuzz,8,b_abs,416
1776001126,bftpd,nsfuzz,8,l_per,44.5
1776001126,bftpd,nsfuzz,8,l_abs,1001
1776001126,bftpd,nsfuzz,8,b_per,30.7
1776001126,bftpd,nsfuzz,8,b_abs,416
1776001129,bftpd,nsfuzz,8,l_per,44.5
1776001129,bftpd,nsfuzz,8,l_abs,1001
1776001129,bftpd,nsfuzz,8,b_per,30.7
1776001129,bftpd,nsfuzz,8,b_abs,416
1776001129,bftpd,nsfuzz,8,l_per,44.5
1776001129,bftpd,nsfuzz,8,l_abs,1001
1776001129,bftpd,nsfuzz,8,b_per,30.7
1776001129,bftpd,nsfuzz,8,b_abs,416
1776001130,bftpd,nsfuzz,8,l_per,44.5
1776001130,bftpd,nsfuzz,8,l_abs,1001
1776001130,bftpd,nsfuzz,8,b_per,30.7
1776001130,bftpd,nsfuzz,8,b_abs,416
1776001131,bftpd,nsfuzz,8,l_per,44.5
1776001131,bftpd,nsfuzz,8,l_abs,1001
1776001131,bftpd,nsfuzz,8,b_per,30.7
1776001131,bftpd,nsfuzz,8,b_abs,416
1776001131,bftpd,nsfuzz,8,l_per,44.5
1776001131,bftpd,nsfuzz,8,l_abs,1001
1776001131,bftpd,nsfuzz,8,b_per,30.7
1776001131,bftpd,nsfuzz,8,b_abs,416
1776001131,bftpd,nsfuzz,8,l_per,44.5
1776001131,bftpd,nsfuzz,8,l_abs,1001
1776001131,bftpd,nsfuzz,8,b_per,30.7
1776001131,bftpd,nsfuzz,8,b_abs,416
1776001133,bftpd,nsfuzz,8,l_per,44.5
1776001133,bftpd,nsfuzz,8,l_abs,1001
1776001133,bftpd,nsfuzz,8,b_per,30.7
1776001133,bftpd,nsfuzz,8,b_abs,416
1776001133,bftpd,nsfuzz,8,l_per,44.5
1776001133,bftpd,nsfuzz,8,l_abs,1001
1776001133,bftpd,nsfuzz,8,b_per,30.7
1776001133,bftpd,nsfuzz,8,b_abs,416
1776001133,bftpd,nsfuzz,8,l_per,44.5
1776001133,bftpd,nsfuzz,8,l_abs,1001
1776001133,bftpd,nsfuzz,8,b_per,30.7
1776001133,bftpd,nsfuzz,8,b_abs,416
1776001133,bftpd,nsfuzz,8,l_per,44.5
1776001133,bftpd,nsfuzz,8,l_abs,1001
1776001133,bftpd,nsfuzz,8,b_per,30.7
1776001133,bftpd,nsfuzz,8,b_abs,416
1776001134,bftpd,nsfuzz,8,l_per,44.5
1776001134,bftpd,nsfuzz,8,l_abs,1001
1776001134,bftpd,nsfuzz,8,b_per,30.7
1776001134,bftpd,nsfuzz,8,b_abs,416
1776001134,bftpd,nsfuzz,8,l_per,44.5
1776001134,bftpd,nsfuzz,8,l_abs,1001
1776001134,bftpd,nsfuzz,8,b_per,30.7
1776001134,bftpd,nsfuzz,8,b_abs,416
1776001134,bftpd,nsfuzz,8,l_per,44.5
1776001134,bftpd,nsfuzz,8,l_abs,1001
1776001134,bftpd,nsfuzz,8,b_per,30.7
1776001134,bftpd,nsfuzz,8,b_abs,416
1776001134,bftpd,nsfuzz,8,l_per,44.5
1776001134,bftpd,nsfuzz,8,l_abs,1001
1776001134,bftpd,nsfuzz,8,b_per,30.7
1776001134,bftpd,nsfuzz,8,b_abs,416
1776001135,bftpd,nsfuzz,8,l_per,44.7
1776001135,bftpd,nsfuzz,8,l_abs,1004
1776001135,bftpd,nsfuzz,8,b_per,30.7
1776001135,bftpd,nsfuzz,8,b_abs,416
1776001135,bftpd,nsfuzz,8,l_per,44.7
1776001135,bftpd,nsfuzz,8,l_abs,1004
1776001135,bftpd,nsfuzz,8,b_per,30.7
1776001135,bftpd,nsfuzz,8,b_abs,416
1776001136,bftpd,nsfuzz,8,l_per,44.7
1776001136,bftpd,nsfuzz,8,l_abs,1004
1776001136,bftpd,nsfuzz,8,b_per,30.7
1776001136,bftpd,nsfuzz,8,b_abs,416
1776001136,bftpd,nsfuzz,8,l_per,44.7
1776001136,bftpd,nsfuzz,8,l_abs,1004
1776001136,bftpd,nsfuzz,8,b_per,30.7
1776001136,bftpd,nsfuzz,8,b_abs,416
1776001137,bftpd,nsfuzz,8,l_per,44.7
1776001137,bftpd,nsfuzz,8,l_abs,1004
1776001137,bftpd,nsfuzz,8,b_per,30.7
1776001137,bftpd,nsfuzz,8,b_abs,416
1776001137,bftpd,nsfuzz,8,l_per,44.7
1776001137,bftpd,nsfuzz,8,l_abs,1004
1776001137,bftpd,nsfuzz,8,b_per,30.7
1776001137,bftpd,nsfuzz,8,b_abs,416
1776001137,bftpd,nsfuzz,8,l_per,44.7
1776001137,bftpd,nsfuzz,8,l_abs,1004
1776001137,bftpd,nsfuzz,8,b_per,30.7
1776001137,bftpd,nsfuzz,8,b_abs,416
1776001138,bftpd,nsfuzz,8,l_per,44.7
1776001138,bftpd,nsfuzz,8,l_abs,1004
1776001138,bftpd,nsfuzz,8,b_per,30.7
1776001138,bftpd,nsfuzz,8,b_abs,416
1776001138,bftpd,nsfuzz,8,l_per,44.7
1776001138,bftpd,nsfuzz,8,l_abs,1004
1776001138,bftpd,nsfuzz,8,b_per,30.7
1776001138,bftpd,nsfuzz,8,b_abs,416
1776001138,bftpd,nsfuzz,8,l_per,44.7
1776001138,bftpd,nsfuzz,8,l_abs,1004
1776001138,bftpd,nsfuzz,8,b_per,30.7
1776001138,bftpd,nsfuzz,8,b_abs,416
1776001139,bftpd,nsfuzz,8,l_per,44.7
1776001139,bftpd,nsfuzz,8,l_abs,1004
1776001139,bftpd,nsfuzz,8,b_per,30.7
1776001139,bftpd,nsfuzz,8,b_abs,416
1776001140,bftpd,nsfuzz,8,l_per,44.7
1776001140,bftpd,nsfuzz,8,l_abs,1004
1776001140,bftpd,nsfuzz,8,b_per,30.7
1776001140,bftpd,nsfuzz,8,b_abs,416
1776001141,bftpd,nsfuzz,8,l_per,44.7
1776001141,bftpd,nsfuzz,8,l_abs,1004
1776001141,bftpd,nsfuzz,8,b_per,30.7
1776001141,bftpd,nsfuzz,8,b_abs,416
1776001141,bftpd,nsfuzz,8,l_per,44.7
1776001141,bftpd,nsfuzz,8,l_abs,1004
1776001141,bftpd,nsfuzz,8,b_per,30.7
1776001141,bftpd,nsfuzz,8,b_abs,416
1776001144,bftpd,nsfuzz,8,l_per,44.7
1776001144,bftpd,nsfuzz,8,l_abs,1004
1776001144,bftpd,nsfuzz,8,b_per,30.7
1776001144,bftpd,nsfuzz,8,b_abs,416
1776001148,bftpd,nsfuzz,8,l_per,44.7
1776001148,bftpd,nsfuzz,8,l_abs,1004
1776001148,bftpd,nsfuzz,8,b_per,30.7
1776001148,bftpd,nsfuzz,8,b_abs,416
1776001150,bftpd,nsfuzz,8,l_per,44.7
1776001150,bftpd,nsfuzz,8,l_abs,1004
1776001150,bftpd,nsfuzz,8,b_per,30.7
1776001150,bftpd,nsfuzz,8,b_abs,416
1776001151,bftpd,nsfuzz,8,l_per,44.7
1776001151,bftpd,nsfuzz,8,l_abs,1004
1776001151,bftpd,nsfuzz,8,b_per,30.7
1776001151,bftpd,nsfuzz,8,b_abs,416
1776001152,bftpd,nsfuzz,8,l_per,44.7
1776001152,bftpd,nsfuzz,8,l_abs,1004
1776001152,bftpd,nsfuzz,8,b_per,30.7
1776001152,bftpd,nsfuzz,8,b_abs,416
1776001153,bftpd,nsfuzz,8,l_per,44.7
1776001153,bftpd,nsfuzz,8,l_abs,1004
1776001153,bftpd,nsfuzz,8,b_per,30.7
1776001153,bftpd,nsfuzz,8,b_abs,416
1776001157,bftpd,nsfuzz,8,l_per,44.7
1776001157,bftpd,nsfuzz,8,l_abs,1004
1776001157,bftpd,nsfuzz,8,b_per,30.7
1776001157,bftpd,nsfuzz,8,b_abs,416
1776001158,bftpd,nsfuzz,8,l_per,44.7
1776001158,bftpd,nsfuzz,8,l_abs,1004
1776001158,bftpd,nsfuzz,8,b_per,30.8
1776001158,bftpd,nsfuzz,8,b_abs,417
1776001159,bftpd,nsfuzz,8,l_per,44.9
1776001159,bftpd,nsfuzz,8,l_abs,1010
1776001159,bftpd,nsfuzz,8,b_per,31.2
1776001159,bftpd,nsfuzz,8,b_abs,422
1776001160,bftpd,nsfuzz,8,l_per,44.9
1776001160,bftpd,nsfuzz,8,l_abs,1010
1776001160,bftpd,nsfuzz,8,b_per,31.2
1776001160,bftpd,nsfuzz,8,b_abs,422
1776001160,bftpd,nsfuzz,8,l_per,44.9
1776001160,bftpd,nsfuzz,8,l_abs,1010
1776001160,bftpd,nsfuzz,8,b_per,31.2
1776001160,bftpd,nsfuzz,8,b_abs,422
1776001161,bftpd,nsfuzz,8,l_per,44.9
1776001161,bftpd,nsfuzz,8,l_abs,1010
1776001161,bftpd,nsfuzz,8,b_per,31.2
1776001161,bftpd,nsfuzz,8,b_abs,422
1776001161,bftpd,nsfuzz,8,l_per,44.9
1776001161,bftpd,nsfuzz,8,l_abs,1010
1776001161,bftpd,nsfuzz,8,b_per,31.2
1776001161,bftpd,nsfuzz,8,b_abs,422
1776001161,bftpd,nsfuzz,8,l_per,44.9
1776001161,bftpd,nsfuzz,8,l_abs,1010
1776001161,bftpd,nsfuzz,8,b_per,31.2
1776001161,bftpd,nsfuzz,8,b_abs,422
1776001162,bftpd,nsfuzz,8,l_per,44.9
1776001162,bftpd,nsfuzz,8,l_abs,1010
1776001162,bftpd,nsfuzz,8,b_per,31.2
1776001162,bftpd,nsfuzz,8,b_abs,422
1776001174,bftpd,nsfuzz,8,l_per,44.9
1776001174,bftpd,nsfuzz,8,l_abs,1010
1776001174,bftpd,nsfuzz,8,b_per,31.2
1776001174,bftpd,nsfuzz,8,b_abs,422
1776001175,bftpd,nsfuzz,8,l_per,44.9
1776001175,bftpd,nsfuzz,8,l_abs,1010
1776001175,bftpd,nsfuzz,8,b_per,31.2
1776001175,bftpd,nsfuzz,8,b_abs,422
1776001175,bftpd,nsfuzz,8,l_per,44.9
1776001175,bftpd,nsfuzz,8,l_abs,1010
1776001175,bftpd,nsfuzz,8,b_per,31.2
1776001175,bftpd,nsfuzz,8,b_abs,423
1776001179,bftpd,nsfuzz,8,l_per,44.9
1776001179,bftpd,nsfuzz,8,l_abs,1010
1776001179,bftpd,nsfuzz,8,b_per,31.2
1776001179,bftpd,nsfuzz,8,b_abs,423
1776001185,bftpd,nsfuzz,8,l_per,44.9
1776001185,bftpd,nsfuzz,8,l_abs,1010
1776001185,bftpd,nsfuzz,8,b_per,31.2
1776001185,bftpd,nsfuzz,8,b_abs,423
1776001186,bftpd,nsfuzz,8,l_per,45.0
1776001186,bftpd,nsfuzz,8,l_abs,1011
1776001186,bftpd,nsfuzz,8,b_per,31.3
1776001186,bftpd,nsfuzz,8,b_abs,424
1776001189,bftpd,nsfuzz,8,l_per,45.0
1776001189,bftpd,nsfuzz,8,l_abs,1011
1776001189,bftpd,nsfuzz,8,b_per,31.3
1776001189,bftpd,nsfuzz,8,b_abs,424
1776001193,bftpd,nsfuzz,8,l_per,45.0
1776001193,bftpd,nsfuzz,8,l_abs,1011
1776001193,bftpd,nsfuzz,8,b_per,31.3
1776001193,bftpd,nsfuzz,8,b_abs,424
1776001199,bftpd,nsfuzz,8,l_per,45.1
1776001199,bftpd,nsfuzz,8,l_abs,1014
1776001199,bftpd,nsfuzz,8,b_per,31.5
1776001199,bftpd,nsfuzz,8,b_abs,426
1776001200,bftpd,nsfuzz,8,l_per,45.1
1776001200,bftpd,nsfuzz,8,l_abs,1014
1776001200,bftpd,nsfuzz,8,b_per,31.5
1776001200,bftpd,nsfuzz,8,b_abs,426
1776001201,bftpd,nsfuzz,8,l_per,45.1
1776001201,bftpd,nsfuzz,8,l_abs,1014
1776001201,bftpd,nsfuzz,8,b_per,31.5
1776001201,bftpd,nsfuzz,8,b_abs,426
1776001201,bftpd,nsfuzz,8,l_per,45.1
1776001201,bftpd,nsfuzz,8,l_abs,1014
1776001201,bftpd,nsfuzz,8,b_per,31.5
1776001201,bftpd,nsfuzz,8,b_abs,426
1776001202,bftpd,nsfuzz,8,l_per,45.1
1776001202,bftpd,nsfuzz,8,l_abs,1014
1776001202,bftpd,nsfuzz,8,b_per,31.5
1776001202,bftpd,nsfuzz,8,b_abs,426
1776001202,bftpd,nsfuzz,8,l_per,45.1
1776001202,bftpd,nsfuzz,8,l_abs,1014
1776001202,bftpd,nsfuzz,8,b_per,31.5
1776001202,bftpd,nsfuzz,8,b_abs,426
1776001203,bftpd,nsfuzz,8,l_per,45.1
1776001203,bftpd,nsfuzz,8,l_abs,1014
1776001203,bftpd,nsfuzz,8,b_per,31.5
1776001203,bftpd,nsfuzz,8,b_abs,426
1776001214,bftpd,nsfuzz,8,l_per,45.1
1776001214,bftpd,nsfuzz,8,l_abs,1014
1776001214,bftpd,nsfuzz,8,b_per,31.5
1776001214,bftpd,nsfuzz,8,b_abs,426
1776001223,bftpd,nsfuzz,8,l_per,45.1
1776001223,bftpd,nsfuzz,8,l_abs,1014
1776001223,bftpd,nsfuzz,8,b_per,31.5
1776001223,bftpd,nsfuzz,8,b_abs,426
1776001228,bftpd,nsfuzz,8,l_per,45.1
1776001228,bftpd,nsfuzz,8,l_abs,1014
1776001228,bftpd,nsfuzz,8,b_per,31.5
1776001228,bftpd,nsfuzz,8,b_abs,426
1776001228,bftpd,nsfuzz,8,l_per,45.1
1776001228,bftpd,nsfuzz,8,l_abs,1014
1776001228,bftpd,nsfuzz,8,b_per,31.5
1776001228,bftpd,nsfuzz,8,b_abs,426
1776001230,bftpd,nsfuzz,8,l_per,45.1
1776001230,bftpd,nsfuzz,8,l_abs,1014
1776001230,bftpd,nsfuzz,8,b_per,31.5
1776001230,bftpd,nsfuzz,8,b_abs,426
1776001233,bftpd,nsfuzz,8,l_per,45.1
1776001233,bftpd,nsfuzz,8,l_abs,1014
1776001233,bftpd,nsfuzz,8,b_per,31.5
1776001233,bftpd,nsfuzz,8,b_abs,426
1776001246,bftpd,nsfuzz,8,l_per,45.4
1776001246,bftpd,nsfuzz,8,l_abs,1020
1776001246,bftpd,nsfuzz,8,b_per,31.7
1776001246,bftpd,nsfuzz,8,b_abs,429
1776001246,bftpd,nsfuzz,8,l_per,45.7
1776001246,bftpd,nsfuzz,8,l_abs,1028
1776001246,bftpd,nsfuzz,8,b_per,31.9
1776001246,bftpd,nsfuzz,8,b_abs,432
1776001247,bftpd,nsfuzz,8,l_per,45.7
1776001247,bftpd,nsfuzz,8,l_abs,1028
1776001247,bftpd,nsfuzz,8,b_per,31.9
1776001247,bftpd,nsfuzz,8,b_abs,432
1776001247,bftpd,nsfuzz,8,l_per,45.7
1776001247,bftpd,nsfuzz,8,l_abs,1028
1776001247,bftpd,nsfuzz,8,b_per,31.9
1776001247,bftpd,nsfuzz,8,b_abs,432
1776001250,bftpd,nsfuzz,8,l_per,45.7
1776001250,bftpd,nsfuzz,8,l_abs,1028
1776001250,bftpd,nsfuzz,8,b_per,31.9
1776001250,bftpd,nsfuzz,8,b_abs,432
1776001251,bftpd,nsfuzz,8,l_per,45.7
1776001251,bftpd,nsfuzz,8,l_abs,1028
1776001251,bftpd,nsfuzz,8,b_per,31.9
1776001251,bftpd,nsfuzz,8,b_abs,432
1776001252,bftpd,nsfuzz,8,l_per,45.7
1776001252,bftpd,nsfuzz,8,l_abs,1028
1776001252,bftpd,nsfuzz,8,b_per,31.9
1776001252,bftpd,nsfuzz,8,b_abs,432
1776001254,bftpd,nsfuzz,8,l_per,45.7
1776001254,bftpd,nsfuzz,8,l_abs,1028
1776001254,bftpd,nsfuzz,8,b_per,31.9
1776001254,bftpd,nsfuzz,8,b_abs,432
1776001254,bftpd,nsfuzz,8,l_per,45.7
1776001254,bftpd,nsfuzz,8,l_abs,1028
1776001254,bftpd,nsfuzz,8,b_per,31.9
1776001254,bftpd,nsfuzz,8,b_abs,432
1776001255,bftpd,nsfuzz,8,l_per,45.7
1776001255,bftpd,nsfuzz,8,l_abs,1028
1776001255,bftpd,nsfuzz,8,b_per,31.9
1776001255,bftpd,nsfuzz,8,b_abs,432
1776001255,bftpd,nsfuzz,8,l_per,45.7
1776001255,bftpd,nsfuzz,8,l_abs,1028
1776001255,bftpd,nsfuzz,8,b_per,31.9
1776001255,bftpd,nsfuzz,8,b_abs,432
1776001260,bftpd,nsfuzz,8,l_per,45.7
1776001260,bftpd,nsfuzz,8,l_abs,1028
1776001260,bftpd,nsfuzz,8,b_per,31.9
1776001260,bftpd,nsfuzz,8,b_abs,432
1776001263,bftpd,nsfuzz,8,l_per,45.7
1776001263,bftpd,nsfuzz,8,l_abs,1028
1776001263,bftpd,nsfuzz,8,b_per,31.9
1776001263,bftpd,nsfuzz,8,b_abs,432
1776001272,bftpd,nsfuzz,8,l_per,45.7
1776001272,bftpd,nsfuzz,8,l_abs,1028
1776001272,bftpd,nsfuzz,8,b_per,31.9
1776001272,bftpd,nsfuzz,8,b_abs,432
1776001274,bftpd,nsfuzz,8,l_per,45.7
1776001274,bftpd,nsfuzz,8,l_abs,1028
1776001274,bftpd,nsfuzz,8,b_per,31.9
1776001274,bftpd,nsfuzz,8,b_abs,432
1776001287,bftpd,nsfuzz,8,l_per,45.7
1776001287,bftpd,nsfuzz,8,l_abs,1028
1776001287,bftpd,nsfuzz,8,b_per,31.9
1776001287,bftpd,nsfuzz,8,b_abs,432
1776001289,bftpd,nsfuzz,8,l_per,45.7
1776001289,bftpd,nsfuzz,8,l_abs,1028
1776001289,bftpd,nsfuzz,8,b_per,31.9
1776001289,bftpd,nsfuzz,8,b_abs,432
1776001302,bftpd,nsfuzz,8,l_per,45.7
1776001302,bftpd,nsfuzz,8,l_abs,1028
1776001302,bftpd,nsfuzz,8,b_per,31.9
1776001302,bftpd,nsfuzz,8,b_abs,432
1776001304,bftpd,nsfuzz,8,l_per,45.7
1776001304,bftpd,nsfuzz,8,l_abs,1028
1776001304,bftpd,nsfuzz,8,b_per,31.9
1776001304,bftpd,nsfuzz,8,b_abs,432
1776001305,bftpd,nsfuzz,8,l_per,45.7
1776001305,bftpd,nsfuzz,8,l_abs,1028
1776001305,bftpd,nsfuzz,8,b_per,31.9
1776001305,bftpd,nsfuzz,8,b_abs,432
1776001306,bftpd,nsfuzz,8,l_per,45.7
1776001306,bftpd,nsfuzz,8,l_abs,1028
1776001306,bftpd,nsfuzz,8,b_per,31.9
1776001306,bftpd,nsfuzz,8,b_abs,432
1776001306,bftpd,nsfuzz,8,l_per,45.7
1776001306,bftpd,nsfuzz,8,l_abs,1028
1776001306,bftpd,nsfuzz,8,b_per,31.9
1776001306,bftpd,nsfuzz,8,b_abs,432
1776001306,bftpd,nsfuzz,8,l_per,45.7
1776001306,bftpd,nsfuzz,8,l_abs,1028
1776001306,bftpd,nsfuzz,8,b_per,31.9
1776001306,bftpd,nsfuzz,8,b_abs,432
1776001307,bftpd,nsfuzz,8,l_per,45.8
1776001307,bftpd,nsfuzz,8,l_abs,1029
1776001307,bftpd,nsfuzz,8,b_per,32.0
1776001307,bftpd,nsfuzz,8,b_abs,433
1776001308,bftpd,nsfuzz,8,l_per,45.8
1776001308,bftpd,nsfuzz,8,l_abs,1029
1776001308,bftpd,nsfuzz,8,b_per,32.0
1776001308,bftpd,nsfuzz,8,b_abs,433
1776001309,bftpd,nsfuzz,8,l_per,45.8
1776001309,bftpd,nsfuzz,8,l_abs,1029
1776001309,bftpd,nsfuzz,8,b_per,32.0
1776001309,bftpd,nsfuzz,8,b_abs,433
1776001309,bftpd,nsfuzz,8,l_per,45.8
1776001309,bftpd,nsfuzz,8,l_abs,1029
1776001309,bftpd,nsfuzz,8,b_per,32.0
1776001309,bftpd,nsfuzz,8,b_abs,433
1776001309,bftpd,nsfuzz,8,l_per,45.8
1776001309,bftpd,nsfuzz,8,l_abs,1029
1776001309,bftpd,nsfuzz,8,b_per,32.0
1776001309,bftpd,nsfuzz,8,b_abs,433
1776001310,bftpd,nsfuzz,8,l_per,45.8
1776001310,bftpd,nsfuzz,8,l_abs,1029
1776001310,bftpd,nsfuzz,8,b_per,32.0
1776001310,bftpd,nsfuzz,8,b_abs,433
1776001312,bftpd,nsfuzz,8,l_per,45.8
1776001312,bftpd,nsfuzz,8,l_abs,1029
1776001312,bftpd,nsfuzz,8,b_per,32.0
1776001312,bftpd,nsfuzz,8,b_abs,433
1776001313,bftpd,nsfuzz,8,l_per,45.8
1776001313,bftpd,nsfuzz,8,l_abs,1029
1776001313,bftpd,nsfuzz,8,b_per,32.0
1776001313,bftpd,nsfuzz,8,b_abs,433
1776001314,bftpd,nsfuzz,8,l_per,45.8
1776001314,bftpd,nsfuzz,8,l_abs,1029
1776001314,bftpd,nsfuzz,8,b_per,32.0
1776001314,bftpd,nsfuzz,8,b_abs,433
1776001314,bftpd,nsfuzz,8,l_per,45.8
1776001314,bftpd,nsfuzz,8,l_abs,1029
1776001314,bftpd,nsfuzz,8,b_per,32.0
1776001314,bftpd,nsfuzz,8,b_abs,433
1776001316,bftpd,nsfuzz,8,l_per,45.8
1776001316,bftpd,nsfuzz,8,l_abs,1029
1776001316,bftpd,nsfuzz,8,b_per,32.0
1776001316,bftpd,nsfuzz,8,b_abs,433
1776001316,bftpd,nsfuzz,8,l_per,45.8
1776001316,bftpd,nsfuzz,8,l_abs,1029
1776001316,bftpd,nsfuzz,8,b_per,32.0
1776001316,bftpd,nsfuzz,8,b_abs,433
1776001316,bftpd,nsfuzz,8,l_per,45.8
1776001316,bftpd,nsfuzz,8,l_abs,1029
1776001316,bftpd,nsfuzz,8,b_per,32.0
1776001316,bftpd,nsfuzz,8,b_abs,433
1776001317,bftpd,nsfuzz,8,l_per,45.8
1776001317,bftpd,nsfuzz,8,l_abs,1029
1776001317,bftpd,nsfuzz,8,b_per,32.0
1776001317,bftpd,nsfuzz,8,b_abs,433
1776001317,bftpd,nsfuzz,8,l_per,45.8
1776001317,bftpd,nsfuzz,8,l_abs,1029
1776001317,bftpd,nsfuzz,8,b_per,32.0
1776001317,bftpd,nsfuzz,8,b_abs,433
1776001319,bftpd,nsfuzz,8,l_per,45.8
1776001319,bftpd,nsfuzz,8,l_abs,1029
1776001319,bftpd,nsfuzz,8,b_per,32.0
1776001319,bftpd,nsfuzz,8,b_abs,433
1776001321,bftpd,nsfuzz,8,l_per,45.8
1776001321,bftpd,nsfuzz,8,l_abs,1029
1776001321,bftpd,nsfuzz,8,b_per,32.1
1776001321,bftpd,nsfuzz,8,b_abs,434
1776001322,bftpd,nsfuzz,8,l_per,45.8
1776001322,bftpd,nsfuzz,8,l_abs,1029
1776001322,bftpd,nsfuzz,8,b_per,32.1
1776001322,bftpd,nsfuzz,8,b_abs,434
1776001323,bftpd,nsfuzz,8,l_per,45.8
1776001323,bftpd,nsfuzz,8,l_abs,1029
1776001323,bftpd,nsfuzz,8,b_per,32.1
1776001323,bftpd,nsfuzz,8,b_abs,434
1776001323,bftpd,nsfuzz,8,l_per,45.8
1776001323,bftpd,nsfuzz,8,l_abs,1029
1776001323,bftpd,nsfuzz,8,b_per,32.1
1776001323,bftpd,nsfuzz,8,b_abs,434
1776001329,bftpd,nsfuzz,8,l_per,45.8
1776001329,bftpd,nsfuzz,8,l_abs,1029
1776001329,bftpd,nsfuzz,8,b_per,32.1
1776001329,bftpd,nsfuzz,8,b_abs,434
1776001329,bftpd,nsfuzz,8,l_per,46.3
1776001329,bftpd,nsfuzz,8,l_abs,1041
1776001329,bftpd,nsfuzz,8,b_per,32.4
1776001329,bftpd,nsfuzz,8,b_abs,439
1776001335,bftpd,nsfuzz,8,l_per,46.3
1776001335,bftpd,nsfuzz,8,l_abs,1041
1776001335,bftpd,nsfuzz,8,b_per,32.4
1776001335,bftpd,nsfuzz,8,b_abs,439
1776001337,bftpd,nsfuzz,8,l_per,46.3
1776001337,bftpd,nsfuzz,8,l_abs,1041
1776001337,bftpd,nsfuzz,8,b_per,32.4
1776001337,bftpd,nsfuzz,8,b_abs,439
1776001338,bftpd,nsfuzz,8,l_per,46.3
1776001338,bftpd,nsfuzz,8,l_abs,1041
1776001338,bftpd,nsfuzz,8,b_per,32.4
1776001338,bftpd,nsfuzz,8,b_abs,439
1776001338,bftpd,nsfuzz,8,l_per,46.3
1776001338,bftpd,nsfuzz,8,l_abs,1041
1776001338,bftpd,nsfuzz,8,b_per,32.4
1776001338,bftpd,nsfuzz,8,b_abs,439
1776001338,bftpd,nsfuzz,8,l_per,46.3
1776001338,bftpd,nsfuzz,8,l_abs,1041
1776001338,bftpd,nsfuzz,8,b_per,32.4
1776001338,bftpd,nsfuzz,8,b_abs,439
1776001339,bftpd,nsfuzz,8,l_per,46.3
1776001339,bftpd,nsfuzz,8,l_abs,1041
1776001339,bftpd,nsfuzz,8,b_per,32.4
1776001339,bftpd,nsfuzz,8,b_abs,439
1776001341,bftpd,nsfuzz,8,l_per,46.3
1776001341,bftpd,nsfuzz,8,l_abs,1041
1776001341,bftpd,nsfuzz,8,b_per,32.4
1776001341,bftpd,nsfuzz,8,b_abs,439
1776001341,bftpd,nsfuzz,8,l_per,46.3
1776001341,bftpd,nsfuzz,8,l_abs,1041
1776001341,bftpd,nsfuzz,8,b_per,32.4
1776001341,bftpd,nsfuzz,8,b_abs,439
1776001343,bftpd,nsfuzz,8,l_per,46.3
1776001343,bftpd,nsfuzz,8,l_abs,1041
1776001343,bftpd,nsfuzz,8,b_per,32.4
1776001343,bftpd,nsfuzz,8,b_abs,439
1776001344,bftpd,nsfuzz,8,l_per,46.3
1776001344,bftpd,nsfuzz,8,l_abs,1041
1776001344,bftpd,nsfuzz,8,b_per,32.4
1776001344,bftpd,nsfuzz,8,b_abs,439
1776001344,bftpd,nsfuzz,8,l_per,46.3
1776001344,bftpd,nsfuzz,8,l_abs,1041
1776001344,bftpd,nsfuzz,8,b_per,32.4
1776001344,bftpd,nsfuzz,8,b_abs,439
1776001346,bftpd,nsfuzz,8,l_per,46.3
1776001346,bftpd,nsfuzz,8,l_abs,1041
1776001346,bftpd,nsfuzz,8,b_per,32.5
1776001346,bftpd,nsfuzz,8,b_abs,440
1776001347,bftpd,nsfuzz,8,l_per,46.3
1776001347,bftpd,nsfuzz,8,l_abs,1041
1776001347,bftpd,nsfuzz,8,b_per,32.5
1776001347,bftpd,nsfuzz,8,b_abs,440
1776001348,bftpd,nsfuzz,8,l_per,46.3
1776001348,bftpd,nsfuzz,8,l_abs,1041
1776001348,bftpd,nsfuzz,8,b_per,32.5
1776001348,bftpd,nsfuzz,8,b_abs,440
1776001348,bftpd,nsfuzz,8,l_per,46.3
1776001348,bftpd,nsfuzz,8,l_abs,1041
1776001348,bftpd,nsfuzz,8,b_per,32.5
1776001348,bftpd,nsfuzz,8,b_abs,440
1776001349,bftpd,nsfuzz,8,l_per,46.3
1776001349,bftpd,nsfuzz,8,l_abs,1041
1776001349,bftpd,nsfuzz,8,b_per,32.5
1776001349,bftpd,nsfuzz,8,b_abs,440
1776001349,bftpd,nsfuzz,8,l_per,46.3
1776001349,bftpd,nsfuzz,8,l_abs,1041
1776001349,bftpd,nsfuzz,8,b_per,32.5
1776001349,bftpd,nsfuzz,8,b_abs,440
1776001350,bftpd,nsfuzz,8,l_per,46.3
1776001350,bftpd,nsfuzz,8,l_abs,1041
1776001350,bftpd,nsfuzz,8,b_per,32.5
1776001350,bftpd,nsfuzz,8,b_abs,440
1776001350,bftpd,nsfuzz,8,l_per,46.3
1776001350,bftpd,nsfuzz,8,l_abs,1041
1776001350,bftpd,nsfuzz,8,b_per,32.5
1776001350,bftpd,nsfuzz,8,b_abs,440
1776001357,bftpd,nsfuzz,8,l_per,46.3
1776001357,bftpd,nsfuzz,8,l_abs,1041
1776001357,bftpd,nsfuzz,8,b_per,32.5
1776001357,bftpd,nsfuzz,8,b_abs,440
1776001362,bftpd,nsfuzz,8,l_per,46.3
1776001362,bftpd,nsfuzz,8,l_abs,1041
1776001362,bftpd,nsfuzz,8,b_per,32.5
1776001362,bftpd,nsfuzz,8,b_abs,440
1776001363,bftpd,nsfuzz,8,l_per,46.3
1776001363,bftpd,nsfuzz,8,l_abs,1041
1776001363,bftpd,nsfuzz,8,b_per,32.5
1776001363,bftpd,nsfuzz,8,b_abs,440
1776001363,bftpd,nsfuzz,8,l_per,46.3
1776001363,bftpd,nsfuzz,8,l_abs,1041
1776001363,bftpd,nsfuzz,8,b_per,32.5
1776001363,bftpd,nsfuzz,8,b_abs,440
1776001364,bftpd,nsfuzz,8,l_per,46.3
1776001364,bftpd,nsfuzz,8,l_abs,1041
1776001364,bftpd,nsfuzz,8,b_per,32.5
1776001364,bftpd,nsfuzz,8,b_abs,440
1776001374,bftpd,nsfuzz,8,l_per,46.3
1776001374,bftpd,nsfuzz,8,l_abs,1041
1776001374,bftpd,nsfuzz,8,b_per,32.5
1776001374,bftpd,nsfuzz,8,b_abs,440
1776001375,bftpd,nsfuzz,8,l_per,46.3
1776001375,bftpd,nsfuzz,8,l_abs,1041
1776001375,bftpd,nsfuzz,8,b_per,32.5
1776001375,bftpd,nsfuzz,8,b_abs,440
1776001375,bftpd,nsfuzz,8,l_per,46.3
1776001375,bftpd,nsfuzz,8,l_abs,1041
1776001375,bftpd,nsfuzz,8,b_per,32.5
1776001375,bftpd,nsfuzz,8,b_abs,440
1776001377,bftpd,nsfuzz,8,l_per,46.3
1776001377,bftpd,nsfuzz,8,l_abs,1041
1776001377,bftpd,nsfuzz,8,b_per,32.5
1776001377,bftpd,nsfuzz,8,b_abs,440
1776001378,bftpd,nsfuzz,8,l_per,46.6
1776001378,bftpd,nsfuzz,8,l_abs,1048
1776001378,bftpd,nsfuzz,8,b_per,32.6
1776001378,bftpd,nsfuzz,8,b_abs,442
1776001384,bftpd,nsfuzz,8,l_per,46.6
1776001384,bftpd,nsfuzz,8,l_abs,1048
1776001384,bftpd,nsfuzz,8,b_per,32.7
1776001384,bftpd,nsfuzz,8,b_abs,443
1776001386,bftpd,nsfuzz,8,l_per,46.6
1776001386,bftpd,nsfuzz,8,l_abs,1048
1776001386,bftpd,nsfuzz,8,b_per,32.7
1776001386,bftpd,nsfuzz,8,b_abs,443
1776001386,bftpd,nsfuzz,8,l_per,46.6
1776001386,bftpd,nsfuzz,8,l_abs,1048
1776001386,bftpd,nsfuzz,8,b_per,32.7
1776001386,bftpd,nsfuzz,8,b_abs,443
1776001391,bftpd,nsfuzz,8,l_per,46.6
1776001391,bftpd,nsfuzz,8,l_abs,1048
1776001391,bftpd,nsfuzz,8,b_per,32.7
1776001391,bftpd,nsfuzz,8,b_abs,443
1776001391,bftpd,nsfuzz,8,l_per,46.6
1776001391,bftpd,nsfuzz,8,l_abs,1048
1776001391,bftpd,nsfuzz,8,b_per,32.7
1776001391,bftpd,nsfuzz,8,b_abs,443
1776001391,bftpd,nsfuzz,8,l_per,46.6
1776001391,bftpd,nsfuzz,8,l_abs,1048
1776001391,bftpd,nsfuzz,8,b_per,32.7
1776001391,bftpd,nsfuzz,8,b_abs,443
1776001395,bftpd,nsfuzz,8,l_per,46.6
1776001395,bftpd,nsfuzz,8,l_abs,1048
1776001395,bftpd,nsfuzz,8,b_per,32.7
1776001395,bftpd,nsfuzz,8,b_abs,443
1776001430,bftpd,nsfuzz,8,l_per,46.6
1776001430,bftpd,nsfuzz,8,l_abs,1048
1776001430,bftpd,nsfuzz,8,b_per,32.7
1776001430,bftpd,nsfuzz,8,b_abs,443
1776001430,bftpd,nsfuzz,8,l_per,46.6
1776001430,bftpd,nsfuzz,8,l_abs,1048
1776001430,bftpd,nsfuzz,8,b_per,32.7
1776001430,bftpd,nsfuzz,8,b_abs,443
1776001433,bftpd,nsfuzz,8,l_per,46.6
1776001433,bftpd,nsfuzz,8,l_abs,1048
1776001433,bftpd,nsfuzz,8,b_per,32.7
1776001433,bftpd,nsfuzz,8,b_abs,443
1776001435,bftpd,nsfuzz,8,l_per,46.6
1776001435,bftpd,nsfuzz,8,l_abs,1048
1776001435,bftpd,nsfuzz,8,b_per,32.7
1776001435,bftpd,nsfuzz,8,b_abs,443
1776001436,bftpd,nsfuzz,8,l_per,46.7
1776001436,bftpd,nsfuzz,8,l_abs,1051
1776001436,bftpd,nsfuzz,8,b_per,32.9
1776001436,bftpd,nsfuzz,8,b_abs,445
1776001439,bftpd,nsfuzz,8,l_per,46.7
1776001439,bftpd,nsfuzz,8,l_abs,1051
1776001439,bftpd,nsfuzz,8,b_per,32.9
1776001439,bftpd,nsfuzz,8,b_abs,445
1776001440,bftpd,nsfuzz,8,l_per,46.7
1776001440,bftpd,nsfuzz,8,l_abs,1051
1776001440,bftpd,nsfuzz,8,b_per,32.9
1776001440,bftpd,nsfuzz,8,b_abs,445
1776001441,bftpd,nsfuzz,8,l_per,46.7
1776001441,bftpd,nsfuzz,8,l_abs,1051
1776001441,bftpd,nsfuzz,8,b_per,32.9
1776001441,bftpd,nsfuzz,8,b_abs,445
1776001445,bftpd,nsfuzz,8,l_per,46.7
1776001445,bftpd,nsfuzz,8,l_abs,1051
1776001445,bftpd,nsfuzz,8,b_per,32.9
1776001445,bftpd,nsfuzz,8,b_abs,445
1776001448,bftpd,nsfuzz,8,l_per,46.7
1776001448,bftpd,nsfuzz,8,l_abs,1051
1776001448,bftpd,nsfuzz,8,b_per,32.9
1776001448,bftpd,nsfuzz,8,b_abs,445
1776001451,bftpd,nsfuzz,8,l_per,46.7
1776001451,bftpd,nsfuzz,8,l_abs,1051
1776001451,bftpd,nsfuzz,8,b_per,32.9
1776001451,bftpd,nsfuzz,8,b_abs,445
1776001475,bftpd,nsfuzz,8,l_per,47.0
1776001475,bftpd,nsfuzz,8,l_abs,1056
1776001475,bftpd,nsfuzz,8,b_per,33.1
1776001475,bftpd,nsfuzz,8,b_abs,448
1776001485,bftpd,nsfuzz,8,l_per,47.0
1776001485,bftpd,nsfuzz,8,l_abs,1056
1776001485,bftpd,nsfuzz,8,b_per,33.1
1776001485,bftpd,nsfuzz,8,b_abs,448
1776001496,bftpd,nsfuzz,8,l_per,47.0
1776001496,bftpd,nsfuzz,8,l_abs,1056
1776001496,bftpd,nsfuzz,8,b_per,33.1
1776001496,bftpd,nsfuzz,8,b_abs,448
1776001498,bftpd,nsfuzz,8,l_per,47.0
1776001498,bftpd,nsfuzz,8,l_abs,1056
1776001498,bftpd,nsfuzz,8,b_per,33.1
1776001498,bftpd,nsfuzz,8,b_abs,448
1776001507,bftpd,nsfuzz,8,l_per,47.0
1776001507,bftpd,nsfuzz,8,l_abs,1056
1776001507,bftpd,nsfuzz,8,b_per,33.1
1776001507,bftpd,nsfuzz,8,b_abs,448
1776001509,bftpd,nsfuzz,8,l_per,47.0
1776001509,bftpd,nsfuzz,8,l_abs,1058
1776001509,bftpd,nsfuzz,8,b_per,33.2
1776001509,bftpd,nsfuzz,8,b_abs,449
1776001509,bftpd,nsfuzz,8,l_per,47.0
1776001509,bftpd,nsfuzz,8,l_abs,1058
1776001509,bftpd,nsfuzz,8,b_per,33.2
1776001509,bftpd,nsfuzz,8,b_abs,449
1776001514,bftpd,nsfuzz,8,l_per,47.0
1776001514,bftpd,nsfuzz,8,l_abs,1058
1776001514,bftpd,nsfuzz,8,b_per,33.2
1776001514,bftpd,nsfuzz,8,b_abs,449
1776001521,bftpd,nsfuzz,8,l_per,47.0
1776001521,bftpd,nsfuzz,8,l_abs,1058
1776001521,bftpd,nsfuzz,8,b_per,33.2
1776001521,bftpd,nsfuzz,8,b_abs,449
1776001535,bftpd,nsfuzz,8,l_per,47.0
1776001535,bftpd,nsfuzz,8,l_abs,1058
1776001535,bftpd,nsfuzz,8,b_per,33.2
1776001535,bftpd,nsfuzz,8,b_abs,449
1776001537,bftpd,nsfuzz,8,l_per,47.0
1776001537,bftpd,nsfuzz,8,l_abs,1058
1776001537,bftpd,nsfuzz,8,b_per,33.2
1776001537,bftpd,nsfuzz,8,b_abs,449
1776001548,bftpd,nsfuzz,8,l_per,47.0
1776001548,bftpd,nsfuzz,8,l_abs,1058
1776001548,bftpd,nsfuzz,8,b_per,33.2
1776001548,bftpd,nsfuzz,8,b_abs,449
1776001549,bftpd,nsfuzz,8,l_per,47.0
1776001549,bftpd,nsfuzz,8,l_abs,1058
1776001549,bftpd,nsfuzz,8,b_per,33.2
1776001549,bftpd,nsfuzz,8,b_abs,449
1776001553,bftpd,nsfuzz,8,l_per,47.0
1776001553,bftpd,nsfuzz,8,l_abs,1058
1776001553,bftpd,nsfuzz,8,b_per,33.2
1776001553,bftpd,nsfuzz,8,b_abs,449
1776001555,bftpd,nsfuzz,8,l_per,47.0
1776001555,bftpd,nsfuzz,8,l_abs,1058
1776001555,bftpd,nsfuzz,8,b_per,33.2
1776001555,bftpd,nsfuzz,8,b_abs,449
1776001555,bftpd,nsfuzz,8,l_per,47.4
1776001555,bftpd,nsfuzz,8,l_abs,1066
1776001555,bftpd,nsfuzz,8,b_per,33.5
1776001555,bftpd,nsfuzz,8,b_abs,453
1776001566,bftpd,nsfuzz,8,l_per,47.5
1776001566,bftpd,nsfuzz,8,l_abs,1069
1776001566,bftpd,nsfuzz,8,b_per,33.6
1776001566,bftpd,nsfuzz,8,b_abs,455
1776001567,bftpd,nsfuzz,8,l_per,47.5
1776001567,bftpd,nsfuzz,8,l_abs,1069
1776001567,bftpd,nsfuzz,8,b_per,33.6
1776001567,bftpd,nsfuzz,8,b_abs,455
1776001570,bftpd,nsfuzz,8,l_per,47.5
1776001570,bftpd,nsfuzz,8,l_abs,1069
1776001570,bftpd,nsfuzz,8,b_per,33.6
1776001570,bftpd,nsfuzz,8,b_abs,455
1776001575,bftpd,nsfuzz,8,l_per,47.5
1776001575,bftpd,nsfuzz,8,l_abs,1069
1776001575,bftpd,nsfuzz,8,b_per,33.6
1776001575,bftpd,nsfuzz,8,b_abs,455
1776001575,bftpd,nsfuzz,8,l_per,47.5
1776001575,bftpd,nsfuzz,8,l_abs,1069
1776001575,bftpd,nsfuzz,8,b_per,33.6
1776001575,bftpd,nsfuzz,8,b_abs,455
1776001582,bftpd,nsfuzz,8,l_per,47.5
1776001582,bftpd,nsfuzz,8,l_abs,1069
1776001582,bftpd,nsfuzz,8,b_per,33.6
1776001582,bftpd,nsfuzz,8,b_abs,455
1776001584,bftpd,nsfuzz,8,l_per,47.5
1776001584,bftpd,nsfuzz,8,l_abs,1069
1776001584,bftpd,nsfuzz,8,b_per,33.6
1776001584,bftpd,nsfuzz,8,b_abs,455
1776001585,bftpd,nsfuzz,8,l_per,47.5
1776001585,bftpd,nsfuzz,8,l_abs,1069
1776001585,bftpd,nsfuzz,8,b_per,33.6
1776001585,bftpd,nsfuzz,8,b_abs,455
1776001586,bftpd,nsfuzz,8,l_per,47.5
1776001586,bftpd,nsfuzz,8,l_abs,1069
1776001586,bftpd,nsfuzz,8,b_per,33.6
1776001586,bftpd,nsfuzz,8,b_abs,455
1776001603,bftpd,nsfuzz,8,l_per,47.5
1776001603,bftpd,nsfuzz,8,l_abs,1069
1776001603,bftpd,nsfuzz,8,b_per,33.6
1776001603,bftpd,nsfuzz,8,b_abs,455
1776001604,bftpd,nsfuzz,8,l_per,47.5
1776001604,bftpd,nsfuzz,8,l_abs,1069
1776001604,bftpd,nsfuzz,8,b_per,33.6
1776001604,bftpd,nsfuzz,8,b_abs,455
1776001618,bftpd,nsfuzz,8,l_per,47.5
1776001618,bftpd,nsfuzz,8,l_abs,1069
1776001618,bftpd,nsfuzz,8,b_per,33.6
1776001618,bftpd,nsfuzz,8,b_abs,455
1776001618,bftpd,nsfuzz,8,l_per,47.5
1776001618,bftpd,nsfuzz,8,l_abs,1069
1776001618,bftpd,nsfuzz,8,b_per,33.6
1776001618,bftpd,nsfuzz,8,b_abs,455
1776001619,bftpd,nsfuzz,8,l_per,47.5
1776001619,bftpd,nsfuzz,8,l_abs,1069
1776001619,bftpd,nsfuzz,8,b_per,33.6
1776001619,bftpd,nsfuzz,8,b_abs,455
1776001634,bftpd,nsfuzz,8,l_per,47.5
1776001634,bftpd,nsfuzz,8,l_abs,1069
1776001634,bftpd,nsfuzz,8,b_per,33.6
1776001634,bftpd,nsfuzz,8,b_abs,455
1776001635,bftpd,nsfuzz,8,l_per,47.5
1776001635,bftpd,nsfuzz,8,l_abs,1069
1776001635,bftpd,nsfuzz,8,b_per,33.6
1776001635,bftpd,nsfuzz,8,b_abs,455
1776001643,bftpd,nsfuzz,8,l_per,47.5
1776001643,bftpd,nsfuzz,8,l_abs,1069
1776001643,bftpd,nsfuzz,8,b_per,33.6
1776001643,bftpd,nsfuzz,8,b_abs,455
1776001702,bftpd,nsfuzz,8,l_per,47.5
1776001702,bftpd,nsfuzz,8,l_abs,1069
1776001702,bftpd,nsfuzz,8,b_per,33.6
1776001702,bftpd,nsfuzz,8,b_abs,455
1776001712,bftpd,nsfuzz,8,l_per,47.5
1776001712,bftpd,nsfuzz,8,l_abs,1069
1776001712,bftpd,nsfuzz,8,b_per,33.6
1776001712,bftpd,nsfuzz,8,b_abs,455
1776001743,bftpd,nsfuzz,8,l_per,47.5
1776001743,bftpd,nsfuzz,8,l_abs,1069
1776001743,bftpd,nsfuzz,8,b_per,33.6
1776001743,bftpd,nsfuzz,8,b_abs,455
1776001765,bftpd,nsfuzz,8,l_per,47.5
1776001765,bftpd,nsfuzz,8,l_abs,1069
1776001765,bftpd,nsfuzz,8,b_per,33.6
1776001765,bftpd,nsfuzz,8,b_abs,455
1776001767,bftpd,nsfuzz,8,l_per,47.5
1776001767,bftpd,nsfuzz,8,l_abs,1069
1776001767,bftpd,nsfuzz,8,b_per,33.6
1776001767,bftpd,nsfuzz,8,b_abs,455
1776001803,bftpd,nsfuzz,8,l_per,47.5
1776001803,bftpd,nsfuzz,8,l_abs,1069
1776001803,bftpd,nsfuzz,8,b_per,33.6
1776001803,bftpd,nsfuzz,8,b_abs,455
1776001807,bftpd,nsfuzz,8,l_per,47.5
1776001807,bftpd,nsfuzz,8,l_abs,1069
1776001807,bftpd,nsfuzz,8,b_per,33.6
1776001807,bftpd,nsfuzz,8,b_abs,455
1776001853,bftpd,nsfuzz,8,l_per,47.5
1776001853,bftpd,nsfuzz,8,l_abs,1069
1776001853,bftpd,nsfuzz,8,b_per,33.7
1776001853,bftpd,nsfuzz,8,b_abs,456
1776001854,bftpd,nsfuzz,8,l_per,47.6
1776001854,bftpd,nsfuzz,8,l_abs,1071
1776001854,bftpd,nsfuzz,8,b_per,33.8
1776001854,bftpd,nsfuzz,8,b_abs,458
1776001855,bftpd,nsfuzz,8,l_per,47.6
1776001855,bftpd,nsfuzz,8,l_abs,1071
1776001855,bftpd,nsfuzz,8,b_per,33.8
1776001855,bftpd,nsfuzz,8,b_abs,458
1776001861,bftpd,nsfuzz,8,l_per,47.6
1776001861,bftpd,nsfuzz,8,l_abs,1071
1776001861,bftpd,nsfuzz,8,b_per,33.8
1776001861,bftpd,nsfuzz,8,b_abs,458
1776001861,bftpd,nsfuzz,8,l_per,47.6
1776001861,bftpd,nsfuzz,8,l_abs,1071
1776001861,bftpd,nsfuzz,8,b_per,33.8
1776001861,bftpd,nsfuzz,8,b_abs,458
1776001864,bftpd,nsfuzz,8,l_per,47.6
1776001864,bftpd,nsfuzz,8,l_abs,1071
1776001864,bftpd,nsfuzz,8,b_per,33.8
1776001864,bftpd,nsfuzz,8,b_abs,458
1776001865,bftpd,nsfuzz,8,l_per,47.6
1776001865,bftpd,nsfuzz,8,l_abs,1071
1776001865,bftpd,nsfuzz,8,b_per,33.8
1776001865,bftpd,nsfuzz,8,b_abs,458
1776001914,bftpd,nsfuzz,8,l_per,47.6
1776001914,bftpd,nsfuzz,8,l_abs,1071
1776001914,bftpd,nsfuzz,8,b_per,33.8
1776001914,bftpd,nsfuzz,8,b_abs,458
1776001931,bftpd,nsfuzz,8,l_per,47.6
1776001931,bftpd,nsfuzz,8,l_abs,1071
1776001931,bftpd,nsfuzz,8,b_per,33.8
1776001931,bftpd,nsfuzz,8,b_abs,458
1776001933,bftpd,nsfuzz,8,l_per,47.6
1776001933,bftpd,nsfuzz,8,l_abs,1071
1776001933,bftpd,nsfuzz,8,b_per,33.8
1776001933,bftpd,nsfuzz,8,b_abs,458
1776001935,bftpd,nsfuzz,8,l_per,47.6
1776001935,bftpd,nsfuzz,8,l_abs,1071
1776001935,bftpd,nsfuzz,8,b_per,33.8
1776001935,bftpd,nsfuzz,8,b_abs,458
1776001937,bftpd,nsfuzz,8,l_per,47.6
1776001937,bftpd,nsfuzz,8,l_abs,1071
1776001937,bftpd,nsfuzz,8,b_per,33.8
1776001937,bftpd,nsfuzz,8,b_abs,458
1776001938,bftpd,nsfuzz,8,l_per,47.7
1776001938,bftpd,nsfuzz,8,l_abs,1074
1776001938,bftpd,nsfuzz,8,b_per,34.0
1776001938,bftpd,nsfuzz,8,b_abs,460
1776001951,bftpd,nsfuzz,8,l_per,47.7
1776001951,bftpd,nsfuzz,8,l_abs,1074
1776001951,bftpd,nsfuzz,8,b_per,34.0
1776001951,bftpd,nsfuzz,8,b_abs,460
1776001951,bftpd,nsfuzz,8,l_per,47.7
1776001951,bftpd,nsfuzz,8,l_abs,1074
1776001951,bftpd,nsfuzz,8,b_per,34.0
1776001951,bftpd,nsfuzz,8,b_abs,460
1776001959,bftpd,nsfuzz,8,l_per,47.7
1776001959,bftpd,nsfuzz,8,l_abs,1074
1776001959,bftpd,nsfuzz,8,b_per,34.0
1776001959,bftpd,nsfuzz,8,b_abs,460
1776001978,bftpd,nsfuzz,8,l_per,47.7
1776001978,bftpd,nsfuzz,8,l_abs,1074
1776001978,bftpd,nsfuzz,8,b_per,34.0
1776001978,bftpd,nsfuzz,8,b_abs,460
1776002009,bftpd,nsfuzz,8,l_per,47.7
1776002009,bftpd,nsfuzz,8,l_abs,1074
1776002009,bftpd,nsfuzz,8,b_per,34.0
1776002009,bftpd,nsfuzz,8,b_abs,460
1776002025,bftpd,nsfuzz,8,l_per,47.7
1776002025,bftpd,nsfuzz,8,l_abs,1074
1776002025,bftpd,nsfuzz,8,b_per,34.0
1776002025,bftpd,nsfuzz,8,b_abs,460
1776002051,bftpd,nsfuzz,8,l_per,47.7
1776002051,bftpd,nsfuzz,8,l_abs,1074
1776002051,bftpd,nsfuzz,8,b_per,34.0
1776002051,bftpd,nsfuzz,8,b_abs,460
1776002093,bftpd,nsfuzz,8,l_per,47.7
1776002093,bftpd,nsfuzz,8,l_abs,1074
1776002093,bftpd,nsfuzz,8,b_per,34.0
1776002093,bftpd,nsfuzz,8,b_abs,460
1776002097,bftpd,nsfuzz,8,l_per,47.7
1776002097,bftpd,nsfuzz,8,l_abs,1074
1776002097,bftpd,nsfuzz,8,b_per,34.0
1776002097,bftpd,nsfuzz,8,b_abs,460
1776002189,bftpd,nsfuzz,8,l_per,47.7
1776002189,bftpd,nsfuzz,8,l_abs,1074
1776002189,bftpd,nsfuzz,8,b_per,34.0
1776002189,bftpd,nsfuzz,8,b_abs,460
1776002191,bftpd,nsfuzz,8,l_per,47.7
1776002191,bftpd,nsfuzz,8,l_abs,1074
1776002191,bftpd,nsfuzz,8,b_per,34.0
1776002191,bftpd,nsfuzz,8,b_abs,460
1776002196,bftpd,nsfuzz,8,l_per,47.7
1776002196,bftpd,nsfuzz,8,l_abs,1074
1776002196,bftpd,nsfuzz,8,b_per,34.0
1776002196,bftpd,nsfuzz,8,b_abs,460
1776002220,bftpd,nsfuzz,8,l_per,47.7
1776002220,bftpd,nsfuzz,8,l_abs,1074
1776002220,bftpd,nsfuzz,8,b_per,34.0
1776002220,bftpd,nsfuzz,8,b_abs,460
1776002241,bftpd,nsfuzz,8,l_per,47.7
1776002241,bftpd,nsfuzz,8,l_abs,1074
1776002241,bftpd,nsfuzz,8,b_per,34.0
1776002241,bftpd,nsfuzz,8,b_abs,460
1776002243,bftpd,nsfuzz,8,l_per,47.7
1776002243,bftpd,nsfuzz,8,l_abs,1074
1776002243,bftpd,nsfuzz,8,b_per,34.0
1776002243,bftpd,nsfuzz,8,b_abs,460
1776002243,bftpd,nsfuzz,8,l_per,47.7
1776002243,bftpd,nsfuzz,8,l_abs,1074
1776002243,bftpd,nsfuzz,8,b_per,34.0
1776002243,bftpd,nsfuzz,8,b_abs,460
1776002244,bftpd,nsfuzz,8,l_per,47.7
1776002244,bftpd,nsfuzz,8,l_abs,1074
1776002244,bftpd,nsfuzz,8,b_per,34.0
1776002244,bftpd,nsfuzz,8,b_abs,460
1776002245,bftpd,nsfuzz,8,l_per,47.7
1776002245,bftpd,nsfuzz,8,l_abs,1074
1776002245,bftpd,nsfuzz,8,b_per,34.0
1776002245,bftpd,nsfuzz,8,b_abs,460
1776002254,bftpd,nsfuzz,8,l_per,47.7
1776002254,bftpd,nsfuzz,8,l_abs,1074
1776002254,bftpd,nsfuzz,8,b_per,34.0
1776002254,bftpd,nsfuzz,8,b_abs,460
1776002261,bftpd,nsfuzz,8,l_per,47.7
1776002261,bftpd,nsfuzz,8,l_abs,1074
1776002261,bftpd,nsfuzz,8,b_per,34.0
1776002261,bftpd,nsfuzz,8,b_abs,460
1776002263,bftpd,nsfuzz,8,l_per,47.7
1776002263,bftpd,nsfuzz,8,l_abs,1074
1776002263,bftpd,nsfuzz,8,b_per,34.0
1776002263,bftpd,nsfuzz,8,b_abs,460
1776002281,bftpd,nsfuzz,8,l_per,47.9
1776002281,bftpd,nsfuzz,8,l_abs,1078
1776002281,bftpd,nsfuzz,8,b_per,34.2
1776002281,bftpd,nsfuzz,8,b_abs,463
1776002284,bftpd,nsfuzz,8,l_per,47.9
1776002284,bftpd,nsfuzz,8,l_abs,1078
1776002284,bftpd,nsfuzz,8,b_per,34.2
1776002284,bftpd,nsfuzz,8,b_abs,463
1776002305,bftpd,nsfuzz,8,l_per,47.9
1776002305,bftpd,nsfuzz,8,l_abs,1078
1776002305,bftpd,nsfuzz,8,b_per,34.2
1776002305,bftpd,nsfuzz,8,b_abs,463
1776002307,bftpd,nsfuzz,8,l_per,47.9
1776002307,bftpd,nsfuzz,8,l_abs,1078
1776002307,bftpd,nsfuzz,8,b_per,34.3
1776002307,bftpd,nsfuzz,8,b_abs,465
1776002312,bftpd,nsfuzz,8,l_per,47.9
1776002312,bftpd,nsfuzz,8,l_abs,1078
1776002312,bftpd,nsfuzz,8,b_per,34.3
1776002312,bftpd,nsfuzz,8,b_abs,465
1776002326,bftpd,nsfuzz,8,l_per,47.9
1776002326,bftpd,nsfuzz,8,l_abs,1078
1776002326,bftpd,nsfuzz,8,b_per,34.3
1776002326,bftpd,nsfuzz,8,b_abs,465
1776002330,bftpd,nsfuzz,8,l_per,47.9
1776002330,bftpd,nsfuzz,8,l_abs,1078
1776002330,bftpd,nsfuzz,8,b_per,34.3
1776002330,bftpd,nsfuzz,8,b_abs,465
1776002331,bftpd,nsfuzz,8,l_per,47.9
1776002331,bftpd,nsfuzz,8,l_abs,1078
1776002331,bftpd,nsfuzz,8,b_per,34.3
1776002331,bftpd,nsfuzz,8,b_abs,465
1776002341,bftpd,nsfuzz,8,l_per,47.9
1776002341,bftpd,nsfuzz,8,l_abs,1078
1776002341,bftpd,nsfuzz,8,b_per,34.3
1776002341,bftpd,nsfuzz,8,b_abs,465
1776002364,bftpd,nsfuzz,8,l_per,47.9
1776002364,bftpd,nsfuzz,8,l_abs,1078
1776002364,bftpd,nsfuzz,8,b_per,34.3
1776002364,bftpd,nsfuzz,8,b_abs,465
1776002377,bftpd,nsfuzz,8,l_per,47.9
1776002377,bftpd,nsfuzz,8,l_abs,1078
1776002377,bftpd,nsfuzz,8,b_per,34.4
1776002377,bftpd,nsfuzz,8,b_abs,466
1776002410,bftpd,nsfuzz,8,l_per,47.9
1776002410,bftpd,nsfuzz,8,l_abs,1078
1776002410,bftpd,nsfuzz,8,b_per,34.4
1776002410,bftpd,nsfuzz,8,b_abs,466
1776002420,bftpd,nsfuzz,8,l_per,47.9
1776002420,bftpd,nsfuzz,8,l_abs,1078
1776002420,bftpd,nsfuzz,8,b_per,34.4
1776002420,bftpd,nsfuzz,8,b_abs,466
1776002421,bftpd,nsfuzz,8,l_per,47.9
1776002421,bftpd,nsfuzz,8,l_abs,1078
1776002421,bftpd,nsfuzz,8,b_per,34.4
1776002421,bftpd,nsfuzz,8,b_abs,466
1776002432,bftpd,nsfuzz,8,l_per,47.9
1776002432,bftpd,nsfuzz,8,l_abs,1078
1776002432,bftpd,nsfuzz,8,b_per,34.4
1776002432,bftpd,nsfuzz,8,b_abs,466
1776002438,bftpd,nsfuzz,8,l_per,47.9
1776002438,bftpd,nsfuzz,8,l_abs,1078
1776002438,bftpd,nsfuzz,8,b_per,34.4
1776002438,bftpd,nsfuzz,8,b_abs,466
1776002450,bftpd,nsfuzz,8,l_per,47.9
1776002450,bftpd,nsfuzz,8,l_abs,1078
1776002450,bftpd,nsfuzz,8,b_per,34.4
1776002450,bftpd,nsfuzz,8,b_abs,466
1776002463,bftpd,nsfuzz,8,l_per,47.9
1776002463,bftpd,nsfuzz,8,l_abs,1078
1776002463,bftpd,nsfuzz,8,b_per,34.4
1776002463,bftpd,nsfuzz,8,b_abs,466
1776002480,bftpd,nsfuzz,8,l_per,47.9
1776002480,bftpd,nsfuzz,8,l_abs,1078
1776002480,bftpd,nsfuzz,8,b_per,34.4
1776002480,bftpd,nsfuzz,8,b_abs,466
1776002485,bftpd,nsfuzz,8,l_per,47.9
1776002485,bftpd,nsfuzz,8,l_abs,1078
1776002485,bftpd,nsfuzz,8,b_per,34.4
1776002485,bftpd,nsfuzz,8,b_abs,466
1776002488,bftpd,nsfuzz,8,l_per,47.9
1776002488,bftpd,nsfuzz,8,l_abs,1078
1776002488,bftpd,nsfuzz,8,b_per,34.4
1776002488,bftpd,nsfuzz,8,b_abs,466
1776002509,bftpd,nsfuzz,8,l_per,47.9
1776002509,bftpd,nsfuzz,8,l_abs,1078
1776002509,bftpd,nsfuzz,8,b_per,34.4
1776002509,bftpd,nsfuzz,8,b_abs,466
1776002513,bftpd,nsfuzz,8,l_per,47.9
1776002513,bftpd,nsfuzz,8,l_abs,1078
1776002513,bftpd,nsfuzz,8,b_per,34.4
1776002513,bftpd,nsfuzz,8,b_abs,466
1776002554,bftpd,nsfuzz,8,l_per,47.9
1776002554,bftpd,nsfuzz,8,l_abs,1078
1776002554,bftpd,nsfuzz,8,b_per,34.4
1776002554,bftpd,nsfuzz,8,b_abs,466
1776002619,bftpd,nsfuzz,8,l_per,47.9
1776002619,bftpd,nsfuzz,8,l_abs,1078
1776002619,bftpd,nsfuzz,8,b_per,34.4
1776002619,bftpd,nsfuzz,8,b_abs,466
1776002622,bftpd,nsfuzz,8,l_per,47.9
1776002622,bftpd,nsfuzz,8,l_abs,1078
1776002622,bftpd,nsfuzz,8,b_per,34.4
1776002622,bftpd,nsfuzz,8,b_abs,466
1776002627,bftpd,nsfuzz,8,l_per,47.9
1776002627,bftpd,nsfuzz,8,l_abs,1078
1776002627,bftpd,nsfuzz,8,b_per,34.4
1776002627,bftpd,nsfuzz,8,b_abs,466
1776002764,bftpd,nsfuzz,8,l_per,47.9
1776002764,bftpd,nsfuzz,8,l_abs,1078
1776002764,bftpd,nsfuzz,8,b_per,34.4
1776002764,bftpd,nsfuzz,8,b_abs,466
1776002770,bftpd,nsfuzz,8,l_per,47.9
1776002770,bftpd,nsfuzz,8,l_abs,1078
1776002770,bftpd,nsfuzz,8,b_per,34.4
1776002770,bftpd,nsfuzz,8,b_abs,466
1776002800,bftpd,nsfuzz,8,l_per,47.9
1776002800,bftpd,nsfuzz,8,l_abs,1078
1776002800,bftpd,nsfuzz,8,b_per,34.4
1776002800,bftpd,nsfuzz,8,b_abs,466
1776002829,bftpd,nsfuzz,8,l_per,47.9
1776002829,bftpd,nsfuzz,8,l_abs,1078
1776002829,bftpd,nsfuzz,8,b_per,34.4
1776002829,bftpd,nsfuzz,8,b_abs,466
1776002834,bftpd,nsfuzz,8,l_per,47.9
1776002834,bftpd,nsfuzz,8,l_abs,1078
1776002834,bftpd,nsfuzz,8,b_per,34.4
1776002834,bftpd,nsfuzz,8,b_abs,466
1776002845,bftpd,nsfuzz,8,l_per,47.9
1776002845,bftpd,nsfuzz,8,l_abs,1078
1776002845,bftpd,nsfuzz,8,b_per,34.4
1776002845,bftpd,nsfuzz,8,b_abs,466
1776002867,bftpd,nsfuzz,8,l_per,47.9
1776002867,bftpd,nsfuzz,8,l_abs,1078
1776002867,bftpd,nsfuzz,8,b_per,34.4
1776002867,bftpd,nsfuzz,8,b_abs,466
1776002869,bftpd,nsfuzz,8,l_per,47.9
1776002869,bftpd,nsfuzz,8,l_abs,1078
1776002869,bftpd,nsfuzz,8,b_per,34.4
1776002869,bftpd,nsfuzz,8,b_abs,466
1776002907,bftpd,nsfuzz,8,l_per,47.9
1776002907,bftpd,nsfuzz,8,l_abs,1078
1776002907,bftpd,nsfuzz,8,b_per,34.4
1776002907,bftpd,nsfuzz,8,b_abs,466
1776002921,bftpd,nsfuzz,8,l_per,47.9
1776002921,bftpd,nsfuzz,8,l_abs,1078
1776002921,bftpd,nsfuzz,8,b_per,34.4
1776002921,bftpd,nsfuzz,8,b_abs,466
1776002928,bftpd,nsfuzz,8,l_per,47.9
1776002928,bftpd,nsfuzz,8,l_abs,1078
1776002928,bftpd,nsfuzz,8,b_per,34.4
1776002928,bftpd,nsfuzz,8,b_abs,466
1776002933,bftpd,nsfuzz,8,l_per,47.9
1776002933,bftpd,nsfuzz,8,l_abs,1078
1776002933,bftpd,nsfuzz,8,b_per,34.4
1776002933,bftpd,nsfuzz,8,b_abs,466
1776002936,bftpd,nsfuzz,8,l_per,47.9
1776002936,bftpd,nsfuzz,8,l_abs,1078
1776002936,bftpd,nsfuzz,8,b_per,34.4
1776002936,bftpd,nsfuzz,8,b_abs,466
1776002969,bftpd,nsfuzz,8,l_per,47.9
1776002969,bftpd,nsfuzz,8,l_abs,1078
1776002969,bftpd,nsfuzz,8,b_per,34.4
1776002969,bftpd,nsfuzz,8,b_abs,466
1776002996,bftpd,nsfuzz,8,l_per,47.9
1776002996,bftpd,nsfuzz,8,l_abs,1078
1776002996,bftpd,nsfuzz,8,b_per,34.4
1776002996,bftpd,nsfuzz,8,b_abs,466
1776002999,bftpd,nsfuzz,8,l_per,47.9
1776002999,bftpd,nsfuzz,8,l_abs,1078
1776002999,bftpd,nsfuzz,8,b_per,34.4
1776002999,bftpd,nsfuzz,8,b_abs,466
1776003000,bftpd,nsfuzz,8,l_per,47.9
1776003000,bftpd,nsfuzz,8,l_abs,1078
1776003000,bftpd,nsfuzz,8,b_per,34.4
1776003000,bftpd,nsfuzz,8,b_abs,466
1776003053,bftpd,nsfuzz,8,l_per,48.0
1776003053,bftpd,nsfuzz,8,l_abs,1081
1776003053,bftpd,nsfuzz,8,b_per,34.4
1776003053,bftpd,nsfuzz,8,b_abs,466
1776003107,bftpd,nsfuzz,8,l_per,48.0
1776003107,bftpd,nsfuzz,8,l_abs,1081
1776003107,bftpd,nsfuzz,8,b_per,34.4
1776003107,bftpd,nsfuzz,8,b_abs,466
1776003108,bftpd,nsfuzz,8,l_per,48.0
1776003108,bftpd,nsfuzz,8,l_abs,1081
1776003108,bftpd,nsfuzz,8,b_per,34.4
1776003108,bftpd,nsfuzz,8,b_abs,466
1776003143,bftpd,nsfuzz,8,l_per,48.0
1776003143,bftpd,nsfuzz,8,l_abs,1081
1776003143,bftpd,nsfuzz,8,b_per,34.4
1776003143,bftpd,nsfuzz,8,b_abs,466
1776003173,bftpd,nsfuzz,8,l_per,48.0
1776003173,bftpd,nsfuzz,8,l_abs,1081
1776003173,bftpd,nsfuzz,8,b_per,34.4
1776003173,bftpd,nsfuzz,8,b_abs,466
1776003177,bftpd,nsfuzz,8,l_per,48.2
1776003177,bftpd,nsfuzz,8,l_abs,1086
1776003177,bftpd,nsfuzz,8,b_per,34.8
1776003177,bftpd,nsfuzz,8,b_abs,471
1776003182,bftpd,nsfuzz,8,l_per,48.2
1776003182,bftpd,nsfuzz,8,l_abs,1086
1776003182,bftpd,nsfuzz,8,b_per,34.8
1776003182,bftpd,nsfuzz,8,b_abs,471
1776003262,bftpd,nsfuzz,8,l_per,48.2
1776003262,bftpd,nsfuzz,8,l_abs,1086
1776003262,bftpd,nsfuzz,8,b_per,34.8
1776003262,bftpd,nsfuzz,8,b_abs,471
1776003272,bftpd,nsfuzz,8,l_per,48.2
1776003272,bftpd,nsfuzz,8,l_abs,1086
1776003272,bftpd,nsfuzz,8,b_per,34.8
1776003272,bftpd,nsfuzz,8,b_abs,471
1776003280,bftpd,nsfuzz,8,l_per,48.2
1776003280,bftpd,nsfuzz,8,l_abs,1086
1776003280,bftpd,nsfuzz,8,b_per,34.8
1776003280,bftpd,nsfuzz,8,b_abs,471
1776003282,bftpd,nsfuzz,8,l_per,48.2
1776003282,bftpd,nsfuzz,8,l_abs,1086
1776003282,bftpd,nsfuzz,8,b_per,34.8
1776003282,bftpd,nsfuzz,8,b_abs,471
1776003287,bftpd,nsfuzz,8,l_per,48.2
1776003287,bftpd,nsfuzz,8,l_abs,1086
1776003287,bftpd,nsfuzz,8,b_per,34.8
1776003287,bftpd,nsfuzz,8,b_abs,471
1776003290,bftpd,nsfuzz,8,l_per,48.2
1776003290,bftpd,nsfuzz,8,l_abs,1086
1776003290,bftpd,nsfuzz,8,b_per,34.8
1776003290,bftpd,nsfuzz,8,b_abs,471
1776003290,bftpd,nsfuzz,8,l_per,48.2
1776003290,bftpd,nsfuzz,8,l_abs,1086
1776003290,bftpd,nsfuzz,8,b_per,34.8
1776003290,bftpd,nsfuzz,8,b_abs,471
1776003292,bftpd,nsfuzz,8,l_per,48.2
1776003292,bftpd,nsfuzz,8,l_abs,1086
1776003292,bftpd,nsfuzz,8,b_per,34.8
1776003292,bftpd,nsfuzz,8,b_abs,471
1776003297,bftpd,nsfuzz,8,l_per,48.2
1776003297,bftpd,nsfuzz,8,l_abs,1086
1776003297,bftpd,nsfuzz,8,b_per,34.8
1776003297,bftpd,nsfuzz,8,b_abs,471
1776003321,bftpd,nsfuzz,8,l_per,48.2
1776003321,bftpd,nsfuzz,8,l_abs,1086
1776003321,bftpd,nsfuzz,8,b_per,34.8
1776003321,bftpd,nsfuzz,8,b_abs,471
1776003481,bftpd,nsfuzz,8,l_per,48.2
1776003481,bftpd,nsfuzz,8,l_abs,1086
1776003481,bftpd,nsfuzz,8,b_per,34.8
1776003481,bftpd,nsfuzz,8,b_abs,471
1776003766,bftpd,nsfuzz,8,l_per,48.2
1776003766,bftpd,nsfuzz,8,l_abs,1086
1776003766,bftpd,nsfuzz,8,b_per,34.8
1776003766,bftpd,nsfuzz,8,b_abs,471
1776003827,bftpd,nsfuzz,8,l_per,48.2
1776003827,bftpd,nsfuzz,8,l_abs,1086
1776003827,bftpd,nsfuzz,8,b_per,34.8
1776003827,bftpd,nsfuzz,8,b_abs,471
1776003832,bftpd,nsfuzz,8,l_per,48.2
1776003832,bftpd,nsfuzz,8,l_abs,1086
1776003832,bftpd,nsfuzz,8,b_per,34.8
1776003832,bftpd,nsfuzz,8,b_abs,471
1776003833,bftpd,nsfuzz,8,l_per,48.2
1776003833,bftpd,nsfuzz,8,l_abs,1086
1776003833,bftpd,nsfuzz,8,b_per,34.8
1776003833,bftpd,nsfuzz,8,b_abs,471
1776003843,bftpd,nsfuzz,8,l_per,48.2
1776003843,bftpd,nsfuzz,8,l_abs,1086
1776003843,bftpd,nsfuzz,8,b_per,34.8
1776003843,bftpd,nsfuzz,8,b_abs,471
1776003920,bftpd,nsfuzz,8,l_per,48.2
1776003920,bftpd,nsfuzz,8,l_abs,1086
1776003920,bftpd,nsfuzz,8,b_per,34.8
1776003920,bftpd,nsfuzz,8,b_abs,471
1776004178,bftpd,nsfuzz,8,l_per,48.2
1776004178,bftpd,nsfuzz,8,l_abs,1086
1776004178,bftpd,nsfuzz,8,b_per,34.8
1776004178,bftpd,nsfuzz,8,b_abs,471
1776004479,bftpd,nsfuzz,8,l_per,48.2
1776004479,bftpd,nsfuzz,8,l_abs,1086
1776004479,bftpd,nsfuzz,8,b_per,34.8
1776004479,bftpd,nsfuzz,8,b_abs,471
1776004544,bftpd,nsfuzz,8,l_per,48.2
1776004544,bftpd,nsfuzz,8,l_abs,1086
1776004544,bftpd,nsfuzz,8,b_per,34.8
1776004544,bftpd,nsfuzz,8,b_abs,471
1776004547,bftpd,nsfuzz,8,l_per,48.2
1776004547,bftpd,nsfuzz,8,l_abs,1086
1776004547,bftpd,nsfuzz,8,b_per,34.8
1776004547,bftpd,nsfuzz,8,b_abs,471
1776004962,bftpd,nsfuzz,8,l_per,48.2
1776004962,bftpd,nsfuzz,8,l_abs,1086
1776004962,bftpd,nsfuzz,8,b_per,34.8
1776004962,bftpd,nsfuzz,8,b_abs,471
1776005038,bftpd,nsfuzz,8,l_per,48.2
1776005038,bftpd,nsfuzz,8,l_abs,1086
1776005038,bftpd,nsfuzz,8,b_per,34.8
1776005038,bftpd,nsfuzz,8,b_abs,471
1776007131,bftpd,nsfuzz,8,l_per,48.2
1776007131,bftpd,nsfuzz,8,l_abs,1086
1776007131,bftpd,nsfuzz,8,b_per,34.8
1776007131,bftpd,nsfuzz,8,b_abs,471
1776007190,bftpd,nsfuzz,8,l_per,48.2
1776007190,bftpd,nsfuzz,8,l_abs,1086
1776007190,bftpd,nsfuzz,8,b_per,34.8
1776007190,bftpd,nsfuzz,8,b_abs,471
1776009670,bftpd,nsfuzz,8,l_per,48.2
1776009670,bftpd,nsfuzz,8,l_abs,1086
1776009670,bftpd,nsfuzz,8,b_per,34.8
1776009670,bftpd,nsfuzz,8,b_abs,471
1776012290,bftpd,nsfuzz,8,l_per,48.2
1776012290,bftpd,nsfuzz,8,l_abs,1086
1776012290,bftpd,nsfuzz,8,b_per,34.8
1776012290,bftpd,nsfuzz,8,b_abs,471
1776025757,bftpd,nsfuzz,8,l_per,48.2
1776025757,bftpd,nsfuzz,8,l_abs,1086
1776025757,bftpd,nsfuzz,8,b_per,34.8
1776025757,bftpd,nsfuzz,8,b_abs,471
1776029089,bftpd,nsfuzz,8,l_per,48.2
1776029089,bftpd,nsfuzz,8,l_abs,1086
1776029089,bftpd,nsfuzz,8,b_per,34.8
1776029089,bftpd,nsfuzz,8,b_abs,471
1776031287,bftpd,nsfuzz,8,l_per,48.2
1776031287,bftpd,nsfuzz,8,l_abs,1086
1776031287,bftpd,nsfuzz,8,b_per,34.8
1776031287,bftpd,nsfuzz,8,b_abs,471
1776031288,bftpd,nsfuzz,8,l_per,48.2
1776031288,bftpd,nsfuzz,8,l_abs,1086
1776031288,bftpd,nsfuzz,8,b_per,34.8
1776031288,bftpd,nsfuzz,8,b_abs,471
1776031289,bftpd,nsfuzz,8,l_per,48.2
1776031289,bftpd,nsfuzz,8,l_abs,1086
1776031289,bftpd,nsfuzz,8,b_per,34.8
1776031289,bftpd,nsfuzz,8,b_abs,471
1776031365,bftpd,nsfuzz,8,l_per,48.2
1776031365,bftpd,nsfuzz,8,l_abs,1086
1776031365,bftpd,nsfuzz,8,b_per,34.8
1776031365,bftpd,nsfuzz,8,b_abs,471
1776031368,bftpd,nsfuzz,8,l_per,48.2
1776031368,bftpd,nsfuzz,8,l_abs,1086
1776031368,bftpd,nsfuzz,8,b_per,34.8
1776031368,bftpd,nsfuzz,8,b_abs,471
1776031408,bftpd,nsfuzz,8,l_per,48.2
1776031408,bftpd,nsfuzz,8,l_abs,1086
1776031408,bftpd,nsfuzz,8,b_per,34.8
1776031408,bftpd,nsfuzz,8,b_abs,471
1776036223,bftpd,nsfuzz,8,l_per,48.2
1776036223,bftpd,nsfuzz,8,l_abs,1086
1776036223,bftpd,nsfuzz,8,b_per,34.8
1776036223,bftpd,nsfuzz,8,b_abs,471
1776067821,bftpd,nsfuzz,8,l_per,48.2
1776067821,bftpd,nsfuzz,8,l_abs,1086
1776067821,bftpd,nsfuzz,8,b_per,34.8
1776067821,bftpd,nsfuzz,8,b_abs,471
1776081504,bftpd,nsfuzz,8,l_per,48.2
1776081504,bftpd,nsfuzz,8,l_abs,1086
1776081504,bftpd,nsfuzz,8,b_per,34.8
1776081504,bftpd,nsfuzz,8,b_abs,471
1776001096,bftpd,nsfuzz,9,l_per,28.9
1776001096,bftpd,nsfuzz,9,l_abs,647
1776001096,bftpd,nsfuzz,9,b_per,18.5
1776001096,bftpd,nsfuzz,9,b_abs,251
1776001096,bftpd,nsfuzz,9,l_per,29.6
1776001096,bftpd,nsfuzz,9,l_abs,663
1776001096,bftpd,nsfuzz,9,b_per,19.1
1776001096,bftpd,nsfuzz,9,b_abs,258
1776001096,bftpd,nsfuzz,9,l_per,29.6
1776001096,bftpd,nsfuzz,9,l_abs,664
1776001096,bftpd,nsfuzz,9,b_per,19.2
1776001096,bftpd,nsfuzz,9,b_abs,260
1776001096,bftpd,nsfuzz,9,l_per,29.6
1776001096,bftpd,nsfuzz,9,l_abs,664
1776001096,bftpd,nsfuzz,9,b_per,19.2
1776001096,bftpd,nsfuzz,9,b_abs,260
1776001096,bftpd,nsfuzz,9,l_per,32.5
1776001096,bftpd,nsfuzz,9,l_abs,728
1776001096,bftpd,nsfuzz,9,b_per,20.5
1776001096,bftpd,nsfuzz,9,b_abs,278
1776001096,bftpd,nsfuzz,9,l_per,34.5
1776001096,bftpd,nsfuzz,9,l_abs,775
1776001096,bftpd,nsfuzz,9,b_per,22.2
1776001096,bftpd,nsfuzz,9,b_abs,301
1776001096,bftpd,nsfuzz,9,l_per,34.5
1776001096,bftpd,nsfuzz,9,l_abs,775
1776001096,bftpd,nsfuzz,9,b_per,22.2
1776001096,bftpd,nsfuzz,9,b_abs,301
1776001096,bftpd,nsfuzz,9,l_per,34.5
1776001096,bftpd,nsfuzz,9,l_abs,775
1776001096,bftpd,nsfuzz,9,b_per,22.2
1776001096,bftpd,nsfuzz,9,b_abs,301
1776001096,bftpd,nsfuzz,9,l_per,34.6
1776001096,bftpd,nsfuzz,9,l_abs,778
1776001096,bftpd,nsfuzz,9,b_per,22.2
1776001096,bftpd,nsfuzz,9,b_abs,301
1776001096,bftpd,nsfuzz,9,l_per,34.6
1776001096,bftpd,nsfuzz,9,l_abs,778
1776001096,bftpd,nsfuzz,9,b_per,22.2
1776001096,bftpd,nsfuzz,9,b_abs,301
1776001096,bftpd,nsfuzz,9,l_per,34.6
1776001096,bftpd,nsfuzz,9,l_abs,778
1776001096,bftpd,nsfuzz,9,b_per,22.2
1776001096,bftpd,nsfuzz,9,b_abs,301
1776001096,bftpd,nsfuzz,9,l_per,34.6
1776001096,bftpd,nsfuzz,9,l_abs,778
1776001096,bftpd,nsfuzz,9,b_per,22.2
1776001096,bftpd,nsfuzz,9,b_abs,301
1776001096,bftpd,nsfuzz,9,l_per,37.8
1776001096,bftpd,nsfuzz,9,l_abs,849
1776001096,bftpd,nsfuzz,9,b_per,24.9
1776001096,bftpd,nsfuzz,9,b_abs,337
1776001096,bftpd,nsfuzz,9,l_per,37.8
1776001096,bftpd,nsfuzz,9,l_abs,849
1776001096,bftpd,nsfuzz,9,b_per,24.9
1776001096,bftpd,nsfuzz,9,b_abs,337
1776001096,bftpd,nsfuzz,9,l_per,37.8
1776001096,bftpd,nsfuzz,9,l_abs,850
1776001096,bftpd,nsfuzz,9,b_per,25.0
1776001096,bftpd,nsfuzz,9,b_abs,338
1776001096,bftpd,nsfuzz,9,l_per,37.8
1776001096,bftpd,nsfuzz,9,l_abs,850
1776001096,bftpd,nsfuzz,9,b_per,25.0
1776001096,bftpd,nsfuzz,9,b_abs,338
1776001096,bftpd,nsfuzz,9,l_per,37.8
1776001096,bftpd,nsfuzz,9,l_abs,850
1776001096,bftpd,nsfuzz,9,b_per,25.0
1776001096,bftpd,nsfuzz,9,b_abs,338
1776001096,bftpd,nsfuzz,9,l_per,38.1
1776001096,bftpd,nsfuzz,9,l_abs,856
1776001096,bftpd,nsfuzz,9,b_per,25.2
1776001096,bftpd,nsfuzz,9,b_abs,341
1776001096,bftpd,nsfuzz,9,l_per,38.2
1776001096,bftpd,nsfuzz,9,l_abs,859
1776001096,bftpd,nsfuzz,9,b_per,25.3
1776001096,bftpd,nsfuzz,9,b_abs,342
1776001096,bftpd,nsfuzz,9,l_per,38.2
1776001096,bftpd,nsfuzz,9,l_abs,859
1776001096,bftpd,nsfuzz,9,b_per,25.3
1776001096,bftpd,nsfuzz,9,b_abs,342
1776001096,bftpd,nsfuzz,9,l_per,38.2
1776001096,bftpd,nsfuzz,9,l_abs,859
1776001096,bftpd,nsfuzz,9,b_per,25.3
1776001096,bftpd,nsfuzz,9,b_abs,342
1776001096,bftpd,nsfuzz,9,l_per,38.2
1776001096,bftpd,nsfuzz,9,l_abs,859
1776001096,bftpd,nsfuzz,9,b_per,25.3
1776001096,bftpd,nsfuzz,9,b_abs,342
1776001096,bftpd,nsfuzz,9,l_per,39.8
1776001096,bftpd,nsfuzz,9,l_abs,895
1776001096,bftpd,nsfuzz,9,b_per,26.1
1776001096,bftpd,nsfuzz,9,b_abs,354
1776001096,bftpd,nsfuzz,9,l_per,39.8
1776001096,bftpd,nsfuzz,9,l_abs,895
1776001096,bftpd,nsfuzz,9,b_per,26.1
1776001096,bftpd,nsfuzz,9,b_abs,354
1776001096,bftpd,nsfuzz,9,l_per,39.8
1776001096,bftpd,nsfuzz,9,l_abs,895
1776001096,bftpd,nsfuzz,9,b_per,26.1
1776001096,bftpd,nsfuzz,9,b_abs,354
1776001096,bftpd,nsfuzz,9,l_per,39.8
1776001096,bftpd,nsfuzz,9,l_abs,895
1776001096,bftpd,nsfuzz,9,b_per,26.1
1776001096,bftpd,nsfuzz,9,b_abs,354
1776001100,bftpd,nsfuzz,9,l_per,39.9
1776001100,bftpd,nsfuzz,9,l_abs,898
1776001100,bftpd,nsfuzz,9,b_per,26.6
1776001100,bftpd,nsfuzz,9,b_abs,360
1776001100,bftpd,nsfuzz,9,l_per,40.0
1776001100,bftpd,nsfuzz,9,l_abs,899
1776001100,bftpd,nsfuzz,9,b_per,26.7
1776001100,bftpd,nsfuzz,9,b_abs,361
1776001100,bftpd,nsfuzz,9,l_per,40.0
1776001100,bftpd,nsfuzz,9,l_abs,899
1776001100,bftpd,nsfuzz,9,b_per,26.7
1776001100,bftpd,nsfuzz,9,b_abs,361
1776001100,bftpd,nsfuzz,9,l_per,40.0
1776001100,bftpd,nsfuzz,9,l_abs,899
1776001100,bftpd,nsfuzz,9,b_per,26.7
1776001100,bftpd,nsfuzz,9,b_abs,361
1776001100,bftpd,nsfuzz,9,l_per,40.0
1776001100,bftpd,nsfuzz,9,l_abs,899
1776001100,bftpd,nsfuzz,9,b_per,26.7
1776001100,bftpd,nsfuzz,9,b_abs,362
1776001101,bftpd,nsfuzz,9,l_per,40.3
1776001101,bftpd,nsfuzz,9,l_abs,906
1776001101,bftpd,nsfuzz,9,b_per,27.0
1776001101,bftpd,nsfuzz,9,b_abs,366
1776001101,bftpd,nsfuzz,9,l_per,40.4
1776001101,bftpd,nsfuzz,9,l_abs,908
1776001101,bftpd,nsfuzz,9,b_per,27.1
1776001101,bftpd,nsfuzz,9,b_abs,367
1776001101,bftpd,nsfuzz,9,l_per,40.4
1776001101,bftpd,nsfuzz,9,l_abs,908
1776001101,bftpd,nsfuzz,9,b_per,27.1
1776001101,bftpd,nsfuzz,9,b_abs,367
1776001101,bftpd,nsfuzz,9,l_per,40.4
1776001101,bftpd,nsfuzz,9,l_abs,908
1776001101,bftpd,nsfuzz,9,b_per,27.1
1776001101,bftpd,nsfuzz,9,b_abs,367
1776001101,bftpd,nsfuzz,9,l_per,40.4
1776001101,bftpd,nsfuzz,9,l_abs,908
1776001101,bftpd,nsfuzz,9,b_per,27.1
1776001101,bftpd,nsfuzz,9,b_abs,367
1776001101,bftpd,nsfuzz,9,l_per,40.4
1776001101,bftpd,nsfuzz,9,l_abs,908
1776001101,bftpd,nsfuzz,9,b_per,27.1
1776001101,bftpd,nsfuzz,9,b_abs,367
1776001101,bftpd,nsfuzz,9,l_per,40.4
1776001101,bftpd,nsfuzz,9,l_abs,908
1776001101,bftpd,nsfuzz,9,b_per,27.1
1776001101,bftpd,nsfuzz,9,b_abs,367
1776001101,bftpd,nsfuzz,9,l_per,40.4
1776001101,bftpd,nsfuzz,9,l_abs,908
1776001101,bftpd,nsfuzz,9,b_per,27.1
1776001101,bftpd,nsfuzz,9,b_abs,367
1776001101,bftpd,nsfuzz,9,l_per,40.4
1776001101,bftpd,nsfuzz,9,l_abs,908
1776001101,bftpd,nsfuzz,9,b_per,27.1
1776001101,bftpd,nsfuzz,9,b_abs,367
1776001101,bftpd,nsfuzz,9,l_per,40.4
1776001101,bftpd,nsfuzz,9,l_abs,908
1776001101,bftpd,nsfuzz,9,b_per,27.1
1776001101,bftpd,nsfuzz,9,b_abs,367
1776001101,bftpd,nsfuzz,9,l_per,40.4
1776001101,bftpd,nsfuzz,9,l_abs,908
1776001101,bftpd,nsfuzz,9,b_per,27.1
1776001101,bftpd,nsfuzz,9,b_abs,367
1776001101,bftpd,nsfuzz,9,l_per,40.4
1776001101,bftpd,nsfuzz,9,l_abs,908
1776001101,bftpd,nsfuzz,9,b_per,27.1
1776001101,bftpd,nsfuzz,9,b_abs,367
1776001102,bftpd,nsfuzz,9,l_per,40.4
1776001102,bftpd,nsfuzz,9,l_abs,908
1776001102,bftpd,nsfuzz,9,b_per,27.1
1776001102,bftpd,nsfuzz,9,b_abs,367
1776001102,bftpd,nsfuzz,9,l_per,40.4
1776001102,bftpd,nsfuzz,9,l_abs,908
1776001102,bftpd,nsfuzz,9,b_per,27.1
1776001102,bftpd,nsfuzz,9,b_abs,367
1776001102,bftpd,nsfuzz,9,l_per,40.4
1776001102,bftpd,nsfuzz,9,l_abs,908
1776001102,bftpd,nsfuzz,9,b_per,27.1
1776001102,bftpd,nsfuzz,9,b_abs,367
1776001102,bftpd,nsfuzz,9,l_per,40.4
1776001102,bftpd,nsfuzz,9,l_abs,908
1776001102,bftpd,nsfuzz,9,b_per,27.1
1776001102,bftpd,nsfuzz,9,b_abs,367
1776001102,bftpd,nsfuzz,9,l_per,40.4
1776001102,bftpd,nsfuzz,9,l_abs,908
1776001102,bftpd,nsfuzz,9,b_per,27.1
1776001102,bftpd,nsfuzz,9,b_abs,367
1776001102,bftpd,nsfuzz,9,l_per,40.4
1776001102,bftpd,nsfuzz,9,l_abs,908
1776001102,bftpd,nsfuzz,9,b_per,27.1
1776001102,bftpd,nsfuzz,9,b_abs,367
1776001102,bftpd,nsfuzz,9,l_per,40.4
1776001102,bftpd,nsfuzz,9,l_abs,908
1776001102,bftpd,nsfuzz,9,b_per,27.1
1776001102,bftpd,nsfuzz,9,b_abs,367
1776001102,bftpd,nsfuzz,9,l_per,40.4
1776001102,bftpd,nsfuzz,9,l_abs,908
1776001102,bftpd,nsfuzz,9,b_per,27.1
1776001102,bftpd,nsfuzz,9,b_abs,367
1776001102,bftpd,nsfuzz,9,l_per,40.4
1776001102,bftpd,nsfuzz,9,l_abs,908
1776001102,bftpd,nsfuzz,9,b_per,27.1
1776001102,bftpd,nsfuzz,9,b_abs,367
1776001102,bftpd,nsfuzz,9,l_per,40.4
1776001102,bftpd,nsfuzz,9,l_abs,908
1776001102,bftpd,nsfuzz,9,b_per,27.1
1776001102,bftpd,nsfuzz,9,b_abs,367
1776001103,bftpd,nsfuzz,9,l_per,40.4
1776001103,bftpd,nsfuzz,9,l_abs,908
1776001103,bftpd,nsfuzz,9,b_per,27.1
1776001103,bftpd,nsfuzz,9,b_abs,367
1776001103,bftpd,nsfuzz,9,l_per,40.4
1776001103,bftpd,nsfuzz,9,l_abs,908
1776001103,bftpd,nsfuzz,9,b_per,27.1
1776001103,bftpd,nsfuzz,9,b_abs,367
1776001103,bftpd,nsfuzz,9,l_per,40.4
1776001103,bftpd,nsfuzz,9,l_abs,908
1776001103,bftpd,nsfuzz,9,b_per,27.1
1776001103,bftpd,nsfuzz,9,b_abs,367
1776001103,bftpd,nsfuzz,9,l_per,40.4
1776001103,bftpd,nsfuzz,9,l_abs,908
1776001103,bftpd,nsfuzz,9,b_per,27.1
1776001103,bftpd,nsfuzz,9,b_abs,367
1776001103,bftpd,nsfuzz,9,l_per,40.4
1776001103,bftpd,nsfuzz,9,l_abs,908
1776001103,bftpd,nsfuzz,9,b_per,27.1
1776001103,bftpd,nsfuzz,9,b_abs,367
1776001104,bftpd,nsfuzz,9,l_per,40.4
1776001104,bftpd,nsfuzz,9,l_abs,908
1776001104,bftpd,nsfuzz,9,b_per,27.1
1776001104,bftpd,nsfuzz,9,b_abs,367
1776001104,bftpd,nsfuzz,9,l_per,40.4
1776001104,bftpd,nsfuzz,9,l_abs,908
1776001104,bftpd,nsfuzz,9,b_per,27.1
1776001104,bftpd,nsfuzz,9,b_abs,367
1776001104,bftpd,nsfuzz,9,l_per,40.4
1776001104,bftpd,nsfuzz,9,l_abs,908
1776001104,bftpd,nsfuzz,9,b_per,27.1
1776001104,bftpd,nsfuzz,9,b_abs,367
1776001104,bftpd,nsfuzz,9,l_per,40.4
1776001104,bftpd,nsfuzz,9,l_abs,908
1776001104,bftpd,nsfuzz,9,b_per,27.1
1776001104,bftpd,nsfuzz,9,b_abs,367
1776001104,bftpd,nsfuzz,9,l_per,40.4
1776001104,bftpd,nsfuzz,9,l_abs,908
1776001104,bftpd,nsfuzz,9,b_per,27.1
1776001104,bftpd,nsfuzz,9,b_abs,367
1776001104,bftpd,nsfuzz,9,l_per,40.4
1776001104,bftpd,nsfuzz,9,l_abs,908
1776001104,bftpd,nsfuzz,9,b_per,27.1
1776001104,bftpd,nsfuzz,9,b_abs,367
1776001105,bftpd,nsfuzz,9,l_per,40.4
1776001105,bftpd,nsfuzz,9,l_abs,908
1776001105,bftpd,nsfuzz,9,b_per,27.1
1776001105,bftpd,nsfuzz,9,b_abs,367
1776001105,bftpd,nsfuzz,9,l_per,40.4
1776001105,bftpd,nsfuzz,9,l_abs,908
1776001105,bftpd,nsfuzz,9,b_per,27.1
1776001105,bftpd,nsfuzz,9,b_abs,367
1776001105,bftpd,nsfuzz,9,l_per,40.4
1776001105,bftpd,nsfuzz,9,l_abs,908
1776001105,bftpd,nsfuzz,9,b_per,27.1
1776001105,bftpd,nsfuzz,9,b_abs,367
1776001105,bftpd,nsfuzz,9,l_per,40.4
1776001105,bftpd,nsfuzz,9,l_abs,908
1776001105,bftpd,nsfuzz,9,b_per,27.1
1776001105,bftpd,nsfuzz,9,b_abs,367
1776001106,bftpd,nsfuzz,9,l_per,40.5
1776001106,bftpd,nsfuzz,9,l_abs,910
1776001106,bftpd,nsfuzz,9,b_per,27.3
1776001106,bftpd,nsfuzz,9,b_abs,369
1776001106,bftpd,nsfuzz,9,l_per,40.5
1776001106,bftpd,nsfuzz,9,l_abs,910
1776001106,bftpd,nsfuzz,9,b_per,27.3
1776001106,bftpd,nsfuzz,9,b_abs,369
1776001106,bftpd,nsfuzz,9,l_per,40.6
1776001106,bftpd,nsfuzz,9,l_abs,912
1776001106,bftpd,nsfuzz,9,b_per,27.3
1776001106,bftpd,nsfuzz,9,b_abs,370
1776001106,bftpd,nsfuzz,9,l_per,40.6
1776001106,bftpd,nsfuzz,9,l_abs,912
1776001106,bftpd,nsfuzz,9,b_per,27.3
1776001106,bftpd,nsfuzz,9,b_abs,370
1776001107,bftpd,nsfuzz,9,l_per,40.6
1776001107,bftpd,nsfuzz,9,l_abs,912
1776001107,bftpd,nsfuzz,9,b_per,27.3
1776001107,bftpd,nsfuzz,9,b_abs,370
1776001107,bftpd,nsfuzz,9,l_per,40.6
1776001107,bftpd,nsfuzz,9,l_abs,912
1776001107,bftpd,nsfuzz,9,b_per,27.3
1776001107,bftpd,nsfuzz,9,b_abs,370
1776001107,bftpd,nsfuzz,9,l_per,40.6
1776001107,bftpd,nsfuzz,9,l_abs,912
1776001107,bftpd,nsfuzz,9,b_per,27.3
1776001107,bftpd,nsfuzz,9,b_abs,370
1776001108,bftpd,nsfuzz,9,l_per,40.6
1776001108,bftpd,nsfuzz,9,l_abs,912
1776001108,bftpd,nsfuzz,9,b_per,27.3
1776001108,bftpd,nsfuzz,9,b_abs,370
1776001108,bftpd,nsfuzz,9,l_per,40.6
1776001108,bftpd,nsfuzz,9,l_abs,912
1776001108,bftpd,nsfuzz,9,b_per,27.3
1776001108,bftpd,nsfuzz,9,b_abs,370
1776001109,bftpd,nsfuzz,9,l_per,40.6
1776001109,bftpd,nsfuzz,9,l_abs,912
1776001109,bftpd,nsfuzz,9,b_per,27.3
1776001109,bftpd,nsfuzz,9,b_abs,370
1776001109,bftpd,nsfuzz,9,l_per,40.6
1776001109,bftpd,nsfuzz,9,l_abs,912
1776001109,bftpd,nsfuzz,9,b_per,27.3
1776001109,bftpd,nsfuzz,9,b_abs,370
1776001109,bftpd,nsfuzz,9,l_per,40.6
1776001109,bftpd,nsfuzz,9,l_abs,912
1776001109,bftpd,nsfuzz,9,b_per,27.3
1776001109,bftpd,nsfuzz,9,b_abs,370
1776001109,bftpd,nsfuzz,9,l_per,40.6
1776001109,bftpd,nsfuzz,9,l_abs,912
1776001109,bftpd,nsfuzz,9,b_per,27.3
1776001109,bftpd,nsfuzz,9,b_abs,370
1776001110,bftpd,nsfuzz,9,l_per,40.6
1776001110,bftpd,nsfuzz,9,l_abs,912
1776001110,bftpd,nsfuzz,9,b_per,27.3
1776001110,bftpd,nsfuzz,9,b_abs,370
1776001110,bftpd,nsfuzz,9,l_per,40.6
1776001110,bftpd,nsfuzz,9,l_abs,912
1776001110,bftpd,nsfuzz,9,b_per,27.3
1776001110,bftpd,nsfuzz,9,b_abs,370
1776001110,bftpd,nsfuzz,9,l_per,40.6
1776001110,bftpd,nsfuzz,9,l_abs,912
1776001110,bftpd,nsfuzz,9,b_per,27.3
1776001110,bftpd,nsfuzz,9,b_abs,370
1776001110,bftpd,nsfuzz,9,l_per,40.6
1776001110,bftpd,nsfuzz,9,l_abs,912
1776001110,bftpd,nsfuzz,9,b_per,27.3
1776001110,bftpd,nsfuzz,9,b_abs,370
1776001110,bftpd,nsfuzz,9,l_per,40.6
1776001110,bftpd,nsfuzz,9,l_abs,912
1776001110,bftpd,nsfuzz,9,b_per,27.3
1776001110,bftpd,nsfuzz,9,b_abs,370
1776001110,bftpd,nsfuzz,9,l_per,40.6
1776001110,bftpd,nsfuzz,9,l_abs,912
1776001110,bftpd,nsfuzz,9,b_per,27.3
1776001110,bftpd,nsfuzz,9,b_abs,370
1776001111,bftpd,nsfuzz,9,l_per,40.6
1776001111,bftpd,nsfuzz,9,l_abs,912
1776001111,bftpd,nsfuzz,9,b_per,27.3
1776001111,bftpd,nsfuzz,9,b_abs,370
1776001111,bftpd,nsfuzz,9,l_per,40.6
1776001111,bftpd,nsfuzz,9,l_abs,912
1776001111,bftpd,nsfuzz,9,b_per,27.3
1776001111,bftpd,nsfuzz,9,b_abs,370
1776001111,bftpd,nsfuzz,9,l_per,40.6
1776001111,bftpd,nsfuzz,9,l_abs,912
1776001111,bftpd,nsfuzz,9,b_per,27.3
1776001111,bftpd,nsfuzz,9,b_abs,370
1776001112,bftpd,nsfuzz,9,l_per,40.6
1776001112,bftpd,nsfuzz,9,l_abs,912
1776001112,bftpd,nsfuzz,9,b_per,27.3
1776001112,bftpd,nsfuzz,9,b_abs,370
1776001112,bftpd,nsfuzz,9,l_per,40.6
1776001112,bftpd,nsfuzz,9,l_abs,912
1776001112,bftpd,nsfuzz,9,b_per,27.3
1776001112,bftpd,nsfuzz,9,b_abs,370
1776001113,bftpd,nsfuzz,9,l_per,40.6
1776001113,bftpd,nsfuzz,9,l_abs,912
1776001113,bftpd,nsfuzz,9,b_per,27.3
1776001113,bftpd,nsfuzz,9,b_abs,370
1776001113,bftpd,nsfuzz,9,l_per,40.6
1776001113,bftpd,nsfuzz,9,l_abs,912
1776001113,bftpd,nsfuzz,9,b_per,27.3
1776001113,bftpd,nsfuzz,9,b_abs,370
1776001113,bftpd,nsfuzz,9,l_per,40.6
1776001113,bftpd,nsfuzz,9,l_abs,912
1776001113,bftpd,nsfuzz,9,b_per,27.3
1776001113,bftpd,nsfuzz,9,b_abs,370
1776001114,bftpd,nsfuzz,9,l_per,40.6
1776001114,bftpd,nsfuzz,9,l_abs,912
1776001114,bftpd,nsfuzz,9,b_per,27.3
1776001114,bftpd,nsfuzz,9,b_abs,370
1776001114,bftpd,nsfuzz,9,l_per,40.6
1776001114,bftpd,nsfuzz,9,l_abs,912
1776001114,bftpd,nsfuzz,9,b_per,27.3
1776001114,bftpd,nsfuzz,9,b_abs,370
1776001114,bftpd,nsfuzz,9,l_per,40.6
1776001114,bftpd,nsfuzz,9,l_abs,912
1776001114,bftpd,nsfuzz,9,b_per,27.3
1776001114,bftpd,nsfuzz,9,b_abs,370
1776001114,bftpd,nsfuzz,9,l_per,40.6
1776001114,bftpd,nsfuzz,9,l_abs,912
1776001114,bftpd,nsfuzz,9,b_per,27.3
1776001114,bftpd,nsfuzz,9,b_abs,370
1776001115,bftpd,nsfuzz,9,l_per,41.0
1776001115,bftpd,nsfuzz,9,l_abs,922
1776001115,bftpd,nsfuzz,9,b_per,27.7
1776001115,bftpd,nsfuzz,9,b_abs,375
1776001115,bftpd,nsfuzz,9,l_per,41.0
1776001115,bftpd,nsfuzz,9,l_abs,922
1776001115,bftpd,nsfuzz,9,b_per,27.7
1776001115,bftpd,nsfuzz,9,b_abs,375
1776001115,bftpd,nsfuzz,9,l_per,41.0
1776001115,bftpd,nsfuzz,9,l_abs,922
1776001115,bftpd,nsfuzz,9,b_per,27.7
1776001115,bftpd,nsfuzz,9,b_abs,375
1776001115,bftpd,nsfuzz,9,l_per,41.1
1776001115,bftpd,nsfuzz,9,l_abs,924
1776001115,bftpd,nsfuzz,9,b_per,27.8
1776001115,bftpd,nsfuzz,9,b_abs,376
1776001115,bftpd,nsfuzz,9,l_per,41.1
1776001115,bftpd,nsfuzz,9,l_abs,924
1776001115,bftpd,nsfuzz,9,b_per,27.8
1776001115,bftpd,nsfuzz,9,b_abs,376
1776001115,bftpd,nsfuzz,9,l_per,41.1
1776001115,bftpd,nsfuzz,9,l_abs,924
1776001115,bftpd,nsfuzz,9,b_per,27.8
1776001115,bftpd,nsfuzz,9,b_abs,376
1776001115,bftpd,nsfuzz,9,l_per,41.1
1776001115,bftpd,nsfuzz,9,l_abs,924
1776001115,bftpd,nsfuzz,9,b_per,27.8
1776001115,bftpd,nsfuzz,9,b_abs,376
1776001116,bftpd,nsfuzz,9,l_per,41.1
1776001116,bftpd,nsfuzz,9,l_abs,924
1776001116,bftpd,nsfuzz,9,b_per,27.8
1776001116,bftpd,nsfuzz,9,b_abs,376
1776001116,bftpd,nsfuzz,9,l_per,41.1
1776001116,bftpd,nsfuzz,9,l_abs,924
1776001116,bftpd,nsfuzz,9,b_per,27.8
1776001116,bftpd,nsfuzz,9,b_abs,376
1776001116,bftpd,nsfuzz,9,l_per,41.2
1776001116,bftpd,nsfuzz,9,l_abs,926
1776001116,bftpd,nsfuzz,9,b_per,28.1
1776001116,bftpd,nsfuzz,9,b_abs,380
1776001116,bftpd,nsfuzz,9,l_per,41.2
1776001116,bftpd,nsfuzz,9,l_abs,926
1776001116,bftpd,nsfuzz,9,b_per,28.1
1776001116,bftpd,nsfuzz,9,b_abs,380
1776001116,bftpd,nsfuzz,9,l_per,41.5
1776001116,bftpd,nsfuzz,9,l_abs,932
1776001116,bftpd,nsfuzz,9,b_per,28.2
1776001116,bftpd,nsfuzz,9,b_abs,382
1776001117,bftpd,nsfuzz,9,l_per,41.5
1776001117,bftpd,nsfuzz,9,l_abs,932
1776001117,bftpd,nsfuzz,9,b_per,28.2
1776001117,bftpd,nsfuzz,9,b_abs,382
1776001117,bftpd,nsfuzz,9,l_per,41.8
1776001117,bftpd,nsfuzz,9,l_abs,939
1776001117,bftpd,nsfuzz,9,b_per,28.4
1776001117,bftpd,nsfuzz,9,b_abs,385
1776001117,bftpd,nsfuzz,9,l_per,41.8
1776001117,bftpd,nsfuzz,9,l_abs,939
1776001117,bftpd,nsfuzz,9,b_per,28.4
1776001117,bftpd,nsfuzz,9,b_abs,385
1776001118,bftpd,nsfuzz,9,l_per,41.8
1776001118,bftpd,nsfuzz,9,l_abs,939
1776001118,bftpd,nsfuzz,9,b_per,28.4
1776001118,bftpd,nsfuzz,9,b_abs,385
1776001118,bftpd,nsfuzz,9,l_per,41.9
1776001118,bftpd,nsfuzz,9,l_abs,941
1776001118,bftpd,nsfuzz,9,b_per,28.5
1776001118,bftpd,nsfuzz,9,b_abs,386
1776001118,bftpd,nsfuzz,9,l_per,41.9
1776001118,bftpd,nsfuzz,9,l_abs,941
1776001118,bftpd,nsfuzz,9,b_per,28.5
1776001118,bftpd,nsfuzz,9,b_abs,386
1776001118,bftpd,nsfuzz,9,l_per,41.9
1776001118,bftpd,nsfuzz,9,l_abs,941
1776001118,bftpd,nsfuzz,9,b_per,28.5
1776001118,bftpd,nsfuzz,9,b_abs,386
1776001119,bftpd,nsfuzz,9,l_per,41.9
1776001119,bftpd,nsfuzz,9,l_abs,943
1776001119,bftpd,nsfuzz,9,b_per,28.6
1776001119,bftpd,nsfuzz,9,b_abs,387
1776001119,bftpd,nsfuzz,9,l_per,42.1
1776001119,bftpd,nsfuzz,9,l_abs,947
1776001119,bftpd,nsfuzz,9,b_per,28.7
1776001119,bftpd,nsfuzz,9,b_abs,388
1776001119,bftpd,nsfuzz,9,l_per,42.3
1776001119,bftpd,nsfuzz,9,l_abs,951
1776001119,bftpd,nsfuzz,9,b_per,28.7
1776001119,bftpd,nsfuzz,9,b_abs,388
1776001119,bftpd,nsfuzz,9,l_per,42.3
1776001119,bftpd,nsfuzz,9,l_abs,952
1776001119,bftpd,nsfuzz,9,b_per,28.7
1776001119,bftpd,nsfuzz,9,b_abs,389
1776001119,bftpd,nsfuzz,9,l_per,42.3
1776001119,bftpd,nsfuzz,9,l_abs,952
1776001119,bftpd,nsfuzz,9,b_per,28.7
1776001119,bftpd,nsfuzz,9,b_abs,389
1776001120,bftpd,nsfuzz,9,l_per,42.4
1776001120,bftpd,nsfuzz,9,l_abs,953
1776001120,bftpd,nsfuzz,9,b_per,28.8
1776001120,bftpd,nsfuzz,9,b_abs,390
1776001120,bftpd,nsfuzz,9,l_per,42.4
1776001120,bftpd,nsfuzz,9,l_abs,953
1776001120,bftpd,nsfuzz,9,b_per,28.8
1776001120,bftpd,nsfuzz,9,b_abs,390
1776001120,bftpd,nsfuzz,9,l_per,42.4
1776001120,bftpd,nsfuzz,9,l_abs,953
1776001120,bftpd,nsfuzz,9,b_per,28.8
1776001120,bftpd,nsfuzz,9,b_abs,390
1776001120,bftpd,nsfuzz,9,l_per,42.4
1776001120,bftpd,nsfuzz,9,l_abs,953
1776001120,bftpd,nsfuzz,9,b_per,28.8
1776001120,bftpd,nsfuzz,9,b_abs,390
1776001120,bftpd,nsfuzz,9,l_per,42.4
1776001120,bftpd,nsfuzz,9,l_abs,953
1776001120,bftpd,nsfuzz,9,b_per,28.8
1776001120,bftpd,nsfuzz,9,b_abs,390
1776001121,bftpd,nsfuzz,9,l_per,42.6
1776001121,bftpd,nsfuzz,9,l_abs,958
1776001121,bftpd,nsfuzz,9,b_per,29.0
1776001121,bftpd,nsfuzz,9,b_abs,392
1776001121,bftpd,nsfuzz,9,l_per,42.6
1776001121,bftpd,nsfuzz,9,l_abs,958
1776001121,bftpd,nsfuzz,9,b_per,29.0
1776001121,bftpd,nsfuzz,9,b_abs,392
1776001121,bftpd,nsfuzz,9,l_per,42.8
1776001121,bftpd,nsfuzz,9,l_abs,962
1776001121,bftpd,nsfuzz,9,b_per,29.2
1776001121,bftpd,nsfuzz,9,b_abs,395
1776001121,bftpd,nsfuzz,9,l_per,42.8
1776001121,bftpd,nsfuzz,9,l_abs,962
1776001121,bftpd,nsfuzz,9,b_per,29.2
1776001121,bftpd,nsfuzz,9,b_abs,395
1776001122,bftpd,nsfuzz,9,l_per,42.8
1776001122,bftpd,nsfuzz,9,l_abs,962
1776001122,bftpd,nsfuzz,9,b_per,29.2
1776001122,bftpd,nsfuzz,9,b_abs,396
1776001122,bftpd,nsfuzz,9,l_per,42.8
1776001122,bftpd,nsfuzz,9,l_abs,962
1776001122,bftpd,nsfuzz,9,b_per,29.2
1776001122,bftpd,nsfuzz,9,b_abs,396
1776001122,bftpd,nsfuzz,9,l_per,42.8
1776001122,bftpd,nsfuzz,9,l_abs,962
1776001122,bftpd,nsfuzz,9,b_per,29.2
1776001122,bftpd,nsfuzz,9,b_abs,396
1776001122,bftpd,nsfuzz,9,l_per,43.0
1776001122,bftpd,nsfuzz,9,l_abs,967
1776001122,bftpd,nsfuzz,9,b_per,29.5
1776001122,bftpd,nsfuzz,9,b_abs,399
1776001122,bftpd,nsfuzz,9,l_per,43.0
1776001122,bftpd,nsfuzz,9,l_abs,967
1776001122,bftpd,nsfuzz,9,b_per,29.5
1776001122,bftpd,nsfuzz,9,b_abs,399
1776001123,bftpd,nsfuzz,9,l_per,43.0
1776001123,bftpd,nsfuzz,9,l_abs,967
1776001123,bftpd,nsfuzz,9,b_per,29.5
1776001123,bftpd,nsfuzz,9,b_abs,399
1776001123,bftpd,nsfuzz,9,l_per,43.0
1776001123,bftpd,nsfuzz,9,l_abs,967
1776001123,bftpd,nsfuzz,9,b_per,29.5
1776001123,bftpd,nsfuzz,9,b_abs,399
1776001123,bftpd,nsfuzz,9,l_per,43.0
1776001123,bftpd,nsfuzz,9,l_abs,967
1776001123,bftpd,nsfuzz,9,b_per,29.5
1776001123,bftpd,nsfuzz,9,b_abs,399
1776001124,bftpd,nsfuzz,9,l_per,43.0
1776001124,bftpd,nsfuzz,9,l_abs,967
1776001124,bftpd,nsfuzz,9,b_per,29.5
1776001124,bftpd,nsfuzz,9,b_abs,399
1776001124,bftpd,nsfuzz,9,l_per,43.0
1776001124,bftpd,nsfuzz,9,l_abs,967
1776001124,bftpd,nsfuzz,9,b_per,29.5
1776001124,bftpd,nsfuzz,9,b_abs,399
1776001124,bftpd,nsfuzz,9,l_per,43.0
1776001124,bftpd,nsfuzz,9,l_abs,967
1776001124,bftpd,nsfuzz,9,b_per,29.5
1776001124,bftpd,nsfuzz,9,b_abs,399
1776001124,bftpd,nsfuzz,9,l_per,43.0
1776001124,bftpd,nsfuzz,9,l_abs,967
1776001124,bftpd,nsfuzz,9,b_per,29.5
1776001124,bftpd,nsfuzz,9,b_abs,399
1776001125,bftpd,nsfuzz,9,l_per,43.0
1776001125,bftpd,nsfuzz,9,l_abs,967
1776001125,bftpd,nsfuzz,9,b_per,29.5
1776001125,bftpd,nsfuzz,9,b_abs,399
1776001125,bftpd,nsfuzz,9,l_per,43.0
1776001125,bftpd,nsfuzz,9,l_abs,967
1776001125,bftpd,nsfuzz,9,b_per,29.5
1776001125,bftpd,nsfuzz,9,b_abs,399
1776001126,bftpd,nsfuzz,9,l_per,43.0
1776001126,bftpd,nsfuzz,9,l_abs,967
1776001126,bftpd,nsfuzz,9,b_per,29.5
1776001126,bftpd,nsfuzz,9,b_abs,399
1776001126,bftpd,nsfuzz,9,l_per,43.0
1776001126,bftpd,nsfuzz,9,l_abs,967
1776001126,bftpd,nsfuzz,9,b_per,29.5
1776001126,bftpd,nsfuzz,9,b_abs,399
1776001126,bftpd,nsfuzz,9,l_per,43.0
1776001126,bftpd,nsfuzz,9,l_abs,967
1776001126,bftpd,nsfuzz,9,b_per,29.5
1776001126,bftpd,nsfuzz,9,b_abs,399
1776001126,bftpd,nsfuzz,9,l_per,43.0
1776001126,bftpd,nsfuzz,9,l_abs,967
1776001126,bftpd,nsfuzz,9,b_per,29.5
1776001126,bftpd,nsfuzz,9,b_abs,399
1776001126,bftpd,nsfuzz,9,l_per,43.0
1776001126,bftpd,nsfuzz,9,l_abs,967
1776001126,bftpd,nsfuzz,9,b_per,29.5
1776001126,bftpd,nsfuzz,9,b_abs,399
1776001126,bftpd,nsfuzz,9,l_per,43.0
1776001126,bftpd,nsfuzz,9,l_abs,967
1776001126,bftpd,nsfuzz,9,b_per,29.5
1776001126,bftpd,nsfuzz,9,b_abs,399
1776001127,bftpd,nsfuzz,9,l_per,43.0
1776001127,bftpd,nsfuzz,9,l_abs,967
1776001127,bftpd,nsfuzz,9,b_per,29.5
1776001127,bftpd,nsfuzz,9,b_abs,400
1776001127,bftpd,nsfuzz,9,l_per,43.0
1776001127,bftpd,nsfuzz,9,l_abs,967
1776001127,bftpd,nsfuzz,9,b_per,29.5
1776001127,bftpd,nsfuzz,9,b_abs,400
1776001128,bftpd,nsfuzz,9,l_per,43.0
1776001128,bftpd,nsfuzz,9,l_abs,968
1776001128,bftpd,nsfuzz,9,b_per,29.6
1776001128,bftpd,nsfuzz,9,b_abs,401
1776001128,bftpd,nsfuzz,9,l_per,43.0
1776001128,bftpd,nsfuzz,9,l_abs,968
1776001128,bftpd,nsfuzz,9,b_per,29.6
1776001128,bftpd,nsfuzz,9,b_abs,401
1776001128,bftpd,nsfuzz,9,l_per,43.0
1776001128,bftpd,nsfuzz,9,l_abs,968
1776001128,bftpd,nsfuzz,9,b_per,29.6
1776001128,bftpd,nsfuzz,9,b_abs,401
1776001128,bftpd,nsfuzz,9,l_per,43.0
1776001128,bftpd,nsfuzz,9,l_abs,968
1776001128,bftpd,nsfuzz,9,b_per,29.6
1776001128,bftpd,nsfuzz,9,b_abs,401
1776001129,bftpd,nsfuzz,9,l_per,43.3
1776001129,bftpd,nsfuzz,9,l_abs,975
1776001129,bftpd,nsfuzz,9,b_per,30.1
1776001129,bftpd,nsfuzz,9,b_abs,408
1776001129,bftpd,nsfuzz,9,l_per,43.3
1776001129,bftpd,nsfuzz,9,l_abs,975
1776001129,bftpd,nsfuzz,9,b_per,30.1
1776001129,bftpd,nsfuzz,9,b_abs,408
1776001129,bftpd,nsfuzz,9,l_per,43.3
1776001129,bftpd,nsfuzz,9,l_abs,975
1776001129,bftpd,nsfuzz,9,b_per,30.1
1776001129,bftpd,nsfuzz,9,b_abs,408
1776001131,bftpd,nsfuzz,9,l_per,43.3
1776001131,bftpd,nsfuzz,9,l_abs,975
1776001131,bftpd,nsfuzz,9,b_per,30.1
1776001131,bftpd,nsfuzz,9,b_abs,408
1776001131,bftpd,nsfuzz,9,l_per,43.3
1776001131,bftpd,nsfuzz,9,l_abs,975
1776001131,bftpd,nsfuzz,9,b_per,30.1
1776001131,bftpd,nsfuzz,9,b_abs,408
1776001132,bftpd,nsfuzz,9,l_per,43.3
1776001132,bftpd,nsfuzz,9,l_abs,975
1776001132,bftpd,nsfuzz,9,b_per,30.1
1776001132,bftpd,nsfuzz,9,b_abs,408
1776001132,bftpd,nsfuzz,9,l_per,43.3
1776001132,bftpd,nsfuzz,9,l_abs,975
1776001132,bftpd,nsfuzz,9,b_per,30.1
1776001132,bftpd,nsfuzz,9,b_abs,408
1776001132,bftpd,nsfuzz,9,l_per,43.3
1776001132,bftpd,nsfuzz,9,l_abs,975
1776001132,bftpd,nsfuzz,9,b_per,30.1
1776001132,bftpd,nsfuzz,9,b_abs,408
1776001133,bftpd,nsfuzz,9,l_per,43.3
1776001133,bftpd,nsfuzz,9,l_abs,975
1776001133,bftpd,nsfuzz,9,b_per,30.1
1776001133,bftpd,nsfuzz,9,b_abs,408
1776001134,bftpd,nsfuzz,9,l_per,43.3
1776001134,bftpd,nsfuzz,9,l_abs,975
1776001134,bftpd,nsfuzz,9,b_per,30.1
1776001134,bftpd,nsfuzz,9,b_abs,408
1776001136,bftpd,nsfuzz,9,l_per,43.3
1776001136,bftpd,nsfuzz,9,l_abs,975
1776001136,bftpd,nsfuzz,9,b_per,30.1
1776001136,bftpd,nsfuzz,9,b_abs,408
1776001136,bftpd,nsfuzz,9,l_per,43.3
1776001136,bftpd,nsfuzz,9,l_abs,975
1776001136,bftpd,nsfuzz,9,b_per,30.1
1776001136,bftpd,nsfuzz,9,b_abs,408
1776001137,bftpd,nsfuzz,9,l_per,44.2
1776001137,bftpd,nsfuzz,9,l_abs,995
1776001137,bftpd,nsfuzz,9,b_per,30.8
1776001137,bftpd,nsfuzz,9,b_abs,417
1776001137,bftpd,nsfuzz,9,l_per,44.2
1776001137,bftpd,nsfuzz,9,l_abs,995
1776001137,bftpd,nsfuzz,9,b_per,30.8
1776001137,bftpd,nsfuzz,9,b_abs,417
1776001138,bftpd,nsfuzz,9,l_per,44.2
1776001138,bftpd,nsfuzz,9,l_abs,995
1776001138,bftpd,nsfuzz,9,b_per,30.8
1776001138,bftpd,nsfuzz,9,b_abs,417
1776001139,bftpd,nsfuzz,9,l_per,44.2
1776001139,bftpd,nsfuzz,9,l_abs,995
1776001139,bftpd,nsfuzz,9,b_per,30.8
1776001139,bftpd,nsfuzz,9,b_abs,417
1776001139,bftpd,nsfuzz,9,l_per,44.7
1776001139,bftpd,nsfuzz,9,l_abs,1006
1776001139,bftpd,nsfuzz,9,b_per,31.2
1776001139,bftpd,nsfuzz,9,b_abs,422
1776001140,bftpd,nsfuzz,9,l_per,44.7
1776001140,bftpd,nsfuzz,9,l_abs,1006
1776001140,bftpd,nsfuzz,9,b_per,31.2
1776001140,bftpd,nsfuzz,9,b_abs,422
1776001140,bftpd,nsfuzz,9,l_per,44.7
1776001140,bftpd,nsfuzz,9,l_abs,1006
1776001140,bftpd,nsfuzz,9,b_per,31.2
1776001140,bftpd,nsfuzz,9,b_abs,422
1776001141,bftpd,nsfuzz,9,l_per,44.7
1776001141,bftpd,nsfuzz,9,l_abs,1006
1776001141,bftpd,nsfuzz,9,b_per,31.2
1776001141,bftpd,nsfuzz,9,b_abs,422
1776001141,bftpd,nsfuzz,9,l_per,44.7
1776001141,bftpd,nsfuzz,9,l_abs,1006
1776001141,bftpd,nsfuzz,9,b_per,31.2
1776001141,bftpd,nsfuzz,9,b_abs,422
1776001142,bftpd,nsfuzz,9,l_per,44.7
1776001142,bftpd,nsfuzz,9,l_abs,1006
1776001142,bftpd,nsfuzz,9,b_per,31.2
1776001142,bftpd,nsfuzz,9,b_abs,422
1776001143,bftpd,nsfuzz,9,l_per,44.7
1776001143,bftpd,nsfuzz,9,l_abs,1006
1776001143,bftpd,nsfuzz,9,b_per,31.2
1776001143,bftpd,nsfuzz,9,b_abs,422
1776001143,bftpd,nsfuzz,9,l_per,44.7
1776001143,bftpd,nsfuzz,9,l_abs,1006
1776001143,bftpd,nsfuzz,9,b_per,31.2
1776001143,bftpd,nsfuzz,9,b_abs,422
1776001144,bftpd,nsfuzz,9,l_per,44.7
1776001144,bftpd,nsfuzz,9,l_abs,1006
1776001144,bftpd,nsfuzz,9,b_per,31.2
1776001144,bftpd,nsfuzz,9,b_abs,422
1776001145,bftpd,nsfuzz,9,l_per,44.9
1776001145,bftpd,nsfuzz,9,l_abs,1011
1776001145,bftpd,nsfuzz,9,b_per,31.3
1776001145,bftpd,nsfuzz,9,b_abs,424
1776001146,bftpd,nsfuzz,9,l_per,44.9
1776001146,bftpd,nsfuzz,9,l_abs,1011
1776001146,bftpd,nsfuzz,9,b_per,31.3
1776001146,bftpd,nsfuzz,9,b_abs,424
1776001146,bftpd,nsfuzz,9,l_per,44.9
1776001146,bftpd,nsfuzz,9,l_abs,1011
1776001146,bftpd,nsfuzz,9,b_per,31.3
1776001146,bftpd,nsfuzz,9,b_abs,424
1776001146,bftpd,nsfuzz,9,l_per,44.9
1776001146,bftpd,nsfuzz,9,l_abs,1011
1776001146,bftpd,nsfuzz,9,b_per,31.3
1776001146,bftpd,nsfuzz,9,b_abs,424
1776001146,bftpd,nsfuzz,9,l_per,44.9
1776001146,bftpd,nsfuzz,9,l_abs,1011
1776001146,bftpd,nsfuzz,9,b_per,31.3
1776001146,bftpd,nsfuzz,9,b_abs,424
1776001147,bftpd,nsfuzz,9,l_per,44.9
1776001147,bftpd,nsfuzz,9,l_abs,1011
1776001147,bftpd,nsfuzz,9,b_per,31.3
1776001147,bftpd,nsfuzz,9,b_abs,424
1776001148,bftpd,nsfuzz,9,l_per,44.9
1776001148,bftpd,nsfuzz,9,l_abs,1011
1776001148,bftpd,nsfuzz,9,b_per,31.3
1776001148,bftpd,nsfuzz,9,b_abs,424
1776001149,bftpd,nsfuzz,9,l_per,44.9
1776001149,bftpd,nsfuzz,9,l_abs,1011
1776001149,bftpd,nsfuzz,9,b_per,31.3
1776001149,bftpd,nsfuzz,9,b_abs,424
1776001151,bftpd,nsfuzz,9,l_per,44.9
1776001151,bftpd,nsfuzz,9,l_abs,1011
1776001151,bftpd,nsfuzz,9,b_per,31.3
1776001151,bftpd,nsfuzz,9,b_abs,424
1776001151,bftpd,nsfuzz,9,l_per,45.0
1776001151,bftpd,nsfuzz,9,l_abs,1012
1776001151,bftpd,nsfuzz,9,b_per,31.4
1776001151,bftpd,nsfuzz,9,b_abs,425
1776001151,bftpd,nsfuzz,9,l_per,45.0
1776001151,bftpd,nsfuzz,9,l_abs,1012
1776001151,bftpd,nsfuzz,9,b_per,31.4
1776001151,bftpd,nsfuzz,9,b_abs,425
1776001153,bftpd,nsfuzz,9,l_per,45.0
1776001153,bftpd,nsfuzz,9,l_abs,1012
1776001153,bftpd,nsfuzz,9,b_per,31.4
1776001153,bftpd,nsfuzz,9,b_abs,425
1776001154,bftpd,nsfuzz,9,l_per,45.2
1776001154,bftpd,nsfuzz,9,l_abs,1018
1776001154,bftpd,nsfuzz,9,b_per,31.5
1776001154,bftpd,nsfuzz,9,b_abs,427
1776001154,bftpd,nsfuzz,9,l_per,45.2
1776001154,bftpd,nsfuzz,9,l_abs,1018
1776001154,bftpd,nsfuzz,9,b_per,31.5
1776001154,bftpd,nsfuzz,9,b_abs,427
1776001154,bftpd,nsfuzz,9,l_per,45.2
1776001154,bftpd,nsfuzz,9,l_abs,1018
1776001154,bftpd,nsfuzz,9,b_per,31.5
1776001154,bftpd,nsfuzz,9,b_abs,427
1776001155,bftpd,nsfuzz,9,l_per,45.2
1776001155,bftpd,nsfuzz,9,l_abs,1018
1776001155,bftpd,nsfuzz,9,b_per,31.5
1776001155,bftpd,nsfuzz,9,b_abs,427
1776001156,bftpd,nsfuzz,9,l_per,45.2
1776001156,bftpd,nsfuzz,9,l_abs,1018
1776001156,bftpd,nsfuzz,9,b_per,31.5
1776001156,bftpd,nsfuzz,9,b_abs,427
1776001157,bftpd,nsfuzz,9,l_per,45.2
1776001157,bftpd,nsfuzz,9,l_abs,1018
1776001157,bftpd,nsfuzz,9,b_per,31.5
1776001157,bftpd,nsfuzz,9,b_abs,427
1776001160,bftpd,nsfuzz,9,l_per,45.2
1776001160,bftpd,nsfuzz,9,l_abs,1018
1776001160,bftpd,nsfuzz,9,b_per,31.5
1776001160,bftpd,nsfuzz,9,b_abs,427
1776001164,bftpd,nsfuzz,9,l_per,45.2
1776001164,bftpd,nsfuzz,9,l_abs,1018
1776001164,bftpd,nsfuzz,9,b_per,31.5
1776001164,bftpd,nsfuzz,9,b_abs,427
1776001166,bftpd,nsfuzz,9,l_per,45.2
1776001166,bftpd,nsfuzz,9,l_abs,1018
1776001166,bftpd,nsfuzz,9,b_per,31.5
1776001166,bftpd,nsfuzz,9,b_abs,427
1776001166,bftpd,nsfuzz,9,l_per,45.4
1776001166,bftpd,nsfuzz,9,l_abs,1021
1776001166,bftpd,nsfuzz,9,b_per,31.7
1776001166,bftpd,nsfuzz,9,b_abs,429
1776001170,bftpd,nsfuzz,9,l_per,45.4
1776001170,bftpd,nsfuzz,9,l_abs,1021
1776001170,bftpd,nsfuzz,9,b_per,31.7
1776001170,bftpd,nsfuzz,9,b_abs,429
1776001171,bftpd,nsfuzz,9,l_per,45.4
1776001171,bftpd,nsfuzz,9,l_abs,1021
1776001171,bftpd,nsfuzz,9,b_per,31.7
1776001171,bftpd,nsfuzz,9,b_abs,429
1776001173,bftpd,nsfuzz,9,l_per,45.4
1776001173,bftpd,nsfuzz,9,l_abs,1021
1776001173,bftpd,nsfuzz,9,b_per,31.7
1776001173,bftpd,nsfuzz,9,b_abs,429
1776001173,bftpd,nsfuzz,9,l_per,45.4
1776001173,bftpd,nsfuzz,9,l_abs,1021
1776001173,bftpd,nsfuzz,9,b_per,31.7
1776001173,bftpd,nsfuzz,9,b_abs,429
1776001174,bftpd,nsfuzz,9,l_per,45.4
1776001174,bftpd,nsfuzz,9,l_abs,1021
1776001174,bftpd,nsfuzz,9,b_per,31.7
1776001174,bftpd,nsfuzz,9,b_abs,429
1776001178,bftpd,nsfuzz,9,l_per,45.5
1776001178,bftpd,nsfuzz,9,l_abs,1023
1776001178,bftpd,nsfuzz,9,b_per,31.8
1776001178,bftpd,nsfuzz,9,b_abs,430
1776001178,bftpd,nsfuzz,9,l_per,45.5
1776001178,bftpd,nsfuzz,9,l_abs,1023
1776001178,bftpd,nsfuzz,9,b_per,31.8
1776001178,bftpd,nsfuzz,9,b_abs,430
1776001178,bftpd,nsfuzz,9,l_per,45.5
1776001178,bftpd,nsfuzz,9,l_abs,1023
1776001178,bftpd,nsfuzz,9,b_per,31.8
1776001178,bftpd,nsfuzz,9,b_abs,430
1776001179,bftpd,nsfuzz,9,l_per,45.5
1776001179,bftpd,nsfuzz,9,l_abs,1023
1776001179,bftpd,nsfuzz,9,b_per,31.8
1776001179,bftpd,nsfuzz,9,b_abs,430
1776001179,bftpd,nsfuzz,9,l_per,45.5
1776001179,bftpd,nsfuzz,9,l_abs,1023
1776001179,bftpd,nsfuzz,9,b_per,31.8
1776001179,bftpd,nsfuzz,9,b_abs,430
1776001179,bftpd,nsfuzz,9,l_per,45.5
1776001179,bftpd,nsfuzz,9,l_abs,1023
1776001179,bftpd,nsfuzz,9,b_per,31.8
1776001179,bftpd,nsfuzz,9,b_abs,430
1776001180,bftpd,nsfuzz,9,l_per,45.5
1776001180,bftpd,nsfuzz,9,l_abs,1023
1776001180,bftpd,nsfuzz,9,b_per,31.8
1776001180,bftpd,nsfuzz,9,b_abs,430
1776001182,bftpd,nsfuzz,9,l_per,47.3
1776001182,bftpd,nsfuzz,9,l_abs,1064
1776001182,bftpd,nsfuzz,9,b_per,33.2
1776001182,bftpd,nsfuzz,9,b_abs,450
1776001182,bftpd,nsfuzz,9,l_per,47.3
1776001182,bftpd,nsfuzz,9,l_abs,1064
1776001182,bftpd,nsfuzz,9,b_per,33.2
1776001182,bftpd,nsfuzz,9,b_abs,450
1776001183,bftpd,nsfuzz,9,l_per,47.3
1776001183,bftpd,nsfuzz,9,l_abs,1064
1776001183,bftpd,nsfuzz,9,b_per,33.2
1776001183,bftpd,nsfuzz,9,b_abs,450
1776001183,bftpd,nsfuzz,9,l_per,47.3
1776001183,bftpd,nsfuzz,9,l_abs,1064
1776001183,bftpd,nsfuzz,9,b_per,33.2
1776001183,bftpd,nsfuzz,9,b_abs,450
1776001184,bftpd,nsfuzz,9,l_per,47.3
1776001184,bftpd,nsfuzz,9,l_abs,1064
1776001184,bftpd,nsfuzz,9,b_per,33.2
1776001184,bftpd,nsfuzz,9,b_abs,450
1776001184,bftpd,nsfuzz,9,l_per,47.3
1776001184,bftpd,nsfuzz,9,l_abs,1064
1776001184,bftpd,nsfuzz,9,b_per,33.2
1776001184,bftpd,nsfuzz,9,b_abs,450
1776001184,bftpd,nsfuzz,9,l_per,47.3
1776001184,bftpd,nsfuzz,9,l_abs,1064
1776001184,bftpd,nsfuzz,9,b_per,33.2
1776001184,bftpd,nsfuzz,9,b_abs,450
1776001186,bftpd,nsfuzz,9,l_per,47.3
1776001186,bftpd,nsfuzz,9,l_abs,1064
1776001186,bftpd,nsfuzz,9,b_per,33.2
1776001186,bftpd,nsfuzz,9,b_abs,450
1776001187,bftpd,nsfuzz,9,l_per,47.3
1776001187,bftpd,nsfuzz,9,l_abs,1064
1776001187,bftpd,nsfuzz,9,b_per,33.2
1776001187,bftpd,nsfuzz,9,b_abs,450
1776001187,bftpd,nsfuzz,9,l_per,47.3
1776001187,bftpd,nsfuzz,9,l_abs,1064
1776001187,bftpd,nsfuzz,9,b_per,33.2
1776001187,bftpd,nsfuzz,9,b_abs,450
1776001187,bftpd,nsfuzz,9,l_per,47.4
1776001187,bftpd,nsfuzz,9,l_abs,1066
1776001187,bftpd,nsfuzz,9,b_per,33.4
1776001187,bftpd,nsfuzz,9,b_abs,452
1776001187,bftpd,nsfuzz,9,l_per,47.4
1776001187,bftpd,nsfuzz,9,l_abs,1066
1776001187,bftpd,nsfuzz,9,b_per,33.4
1776001187,bftpd,nsfuzz,9,b_abs,452
1776001188,bftpd,nsfuzz,9,l_per,47.4
1776001188,bftpd,nsfuzz,9,l_abs,1066
1776001188,bftpd,nsfuzz,9,b_per,33.4
1776001188,bftpd,nsfuzz,9,b_abs,452
1776001188,bftpd,nsfuzz,9,l_per,47.4
1776001188,bftpd,nsfuzz,9,l_abs,1066
1776001188,bftpd,nsfuzz,9,b_per,33.5
1776001188,bftpd,nsfuzz,9,b_abs,453
1776001188,bftpd,nsfuzz,9,l_per,47.4
1776001188,bftpd,nsfuzz,9,l_abs,1066
1776001188,bftpd,nsfuzz,9,b_per,33.5
1776001188,bftpd,nsfuzz,9,b_abs,453
1776001189,bftpd,nsfuzz,9,l_per,47.6
1776001189,bftpd,nsfuzz,9,l_abs,1072
1776001189,bftpd,nsfuzz,9,b_per,33.7
1776001189,bftpd,nsfuzz,9,b_abs,456
1776001190,bftpd,nsfuzz,9,l_per,47.6
1776001190,bftpd,nsfuzz,9,l_abs,1072
1776001190,bftpd,nsfuzz,9,b_per,33.7
1776001190,bftpd,nsfuzz,9,b_abs,456
1776001193,bftpd,nsfuzz,9,l_per,47.6
1776001193,bftpd,nsfuzz,9,l_abs,1072
1776001193,bftpd,nsfuzz,9,b_per,33.7
1776001193,bftpd,nsfuzz,9,b_abs,456
1776001193,bftpd,nsfuzz,9,l_per,47.6
1776001193,bftpd,nsfuzz,9,l_abs,1072
1776001193,bftpd,nsfuzz,9,b_per,33.7
1776001193,bftpd,nsfuzz,9,b_abs,456
1776001193,bftpd,nsfuzz,9,l_per,47.6
1776001193,bftpd,nsfuzz,9,l_abs,1072
1776001193,bftpd,nsfuzz,9,b_per,33.7
1776001193,bftpd,nsfuzz,9,b_abs,456
1776001196,bftpd,nsfuzz,9,l_per,47.6
1776001196,bftpd,nsfuzz,9,l_abs,1072
1776001196,bftpd,nsfuzz,9,b_per,33.7
1776001196,bftpd,nsfuzz,9,b_abs,456
1776001196,bftpd,nsfuzz,9,l_per,47.6
1776001196,bftpd,nsfuzz,9,l_abs,1072
1776001196,bftpd,nsfuzz,9,b_per,33.7
1776001196,bftpd,nsfuzz,9,b_abs,456
1776001196,bftpd,nsfuzz,9,l_per,47.6
1776001196,bftpd,nsfuzz,9,l_abs,1072
1776001196,bftpd,nsfuzz,9,b_per,33.7
1776001196,bftpd,nsfuzz,9,b_abs,456
1776001198,bftpd,nsfuzz,9,l_per,47.6
1776001198,bftpd,nsfuzz,9,l_abs,1072
1776001198,bftpd,nsfuzz,9,b_per,33.7
1776001198,bftpd,nsfuzz,9,b_abs,456
1776001199,bftpd,nsfuzz,9,l_per,47.6
1776001199,bftpd,nsfuzz,9,l_abs,1072
1776001199,bftpd,nsfuzz,9,b_per,33.8
1776001199,bftpd,nsfuzz,9,b_abs,457
1776001199,bftpd,nsfuzz,9,l_per,47.6
1776001199,bftpd,nsfuzz,9,l_abs,1072
1776001199,bftpd,nsfuzz,9,b_per,33.8
1776001199,bftpd,nsfuzz,9,b_abs,457
1776001199,bftpd,nsfuzz,9,l_per,47.6
1776001199,bftpd,nsfuzz,9,l_abs,1072
1776001199,bftpd,nsfuzz,9,b_per,33.8
1776001199,bftpd,nsfuzz,9,b_abs,457
1776001200,bftpd,nsfuzz,9,l_per,47.6
1776001200,bftpd,nsfuzz,9,l_abs,1072
1776001200,bftpd,nsfuzz,9,b_per,33.8
1776001200,bftpd,nsfuzz,9,b_abs,457
1776001201,bftpd,nsfuzz,9,l_per,47.6
1776001201,bftpd,nsfuzz,9,l_abs,1072
1776001201,bftpd,nsfuzz,9,b_per,33.8
1776001201,bftpd,nsfuzz,9,b_abs,458
1776001201,bftpd,nsfuzz,9,l_per,47.6
1776001201,bftpd,nsfuzz,9,l_abs,1072
1776001201,bftpd,nsfuzz,9,b_per,33.8
1776001201,bftpd,nsfuzz,9,b_abs,458
1776001203,bftpd,nsfuzz,9,l_per,47.6
1776001203,bftpd,nsfuzz,9,l_abs,1072
1776001203,bftpd,nsfuzz,9,b_per,33.8
1776001203,bftpd,nsfuzz,9,b_abs,458
1776001203,bftpd,nsfuzz,9,l_per,47.6
1776001203,bftpd,nsfuzz,9,l_abs,1072
1776001203,bftpd,nsfuzz,9,b_per,33.8
1776001203,bftpd,nsfuzz,9,b_abs,458
1776001203,bftpd,nsfuzz,9,l_per,47.6
1776001203,bftpd,nsfuzz,9,l_abs,1072
1776001203,bftpd,nsfuzz,9,b_per,33.8
1776001203,bftpd,nsfuzz,9,b_abs,458
1776001204,bftpd,nsfuzz,9,l_per,47.6
1776001204,bftpd,nsfuzz,9,l_abs,1072
1776001204,bftpd,nsfuzz,9,b_per,33.8
1776001204,bftpd,nsfuzz,9,b_abs,458
1776001204,bftpd,nsfuzz,9,l_per,47.6
1776001204,bftpd,nsfuzz,9,l_abs,1072
1776001204,bftpd,nsfuzz,9,b_per,33.8
1776001204,bftpd,nsfuzz,9,b_abs,458
1776001207,bftpd,nsfuzz,9,l_per,47.6
1776001207,bftpd,nsfuzz,9,l_abs,1072
1776001207,bftpd,nsfuzz,9,b_per,33.9
1776001207,bftpd,nsfuzz,9,b_abs,459
1776001207,bftpd,nsfuzz,9,l_per,47.6
1776001207,bftpd,nsfuzz,9,l_abs,1072
1776001207,bftpd,nsfuzz,9,b_per,33.9
1776001207,bftpd,nsfuzz,9,b_abs,459
1776001208,bftpd,nsfuzz,9,l_per,47.6
1776001208,bftpd,nsfuzz,9,l_abs,1072
1776001208,bftpd,nsfuzz,9,b_per,33.9
1776001208,bftpd,nsfuzz,9,b_abs,459
1776001208,bftpd,nsfuzz,9,l_per,47.6
1776001208,bftpd,nsfuzz,9,l_abs,1072
1776001208,bftpd,nsfuzz,9,b_per,33.9
1776001208,bftpd,nsfuzz,9,b_abs,459
1776001209,bftpd,nsfuzz,9,l_per,47.6
1776001209,bftpd,nsfuzz,9,l_abs,1072
1776001209,bftpd,nsfuzz,9,b_per,33.9
1776001209,bftpd,nsfuzz,9,b_abs,459
1776001209,bftpd,nsfuzz,9,l_per,47.6
1776001209,bftpd,nsfuzz,9,l_abs,1072
1776001209,bftpd,nsfuzz,9,b_per,33.9
1776001209,bftpd,nsfuzz,9,b_abs,459
1776001209,bftpd,nsfuzz,9,l_per,47.6
1776001209,bftpd,nsfuzz,9,l_abs,1072
1776001209,bftpd,nsfuzz,9,b_per,34.0
1776001209,bftpd,nsfuzz,9,b_abs,460
1776001210,bftpd,nsfuzz,9,l_per,47.6
1776001210,bftpd,nsfuzz,9,l_abs,1072
1776001210,bftpd,nsfuzz,9,b_per,34.0
1776001210,bftpd,nsfuzz,9,b_abs,460
1776001211,bftpd,nsfuzz,9,l_per,47.6
1776001211,bftpd,nsfuzz,9,l_abs,1072
1776001211,bftpd,nsfuzz,9,b_per,34.0
1776001211,bftpd,nsfuzz,9,b_abs,460
1776001212,bftpd,nsfuzz,9,l_per,47.6
1776001212,bftpd,nsfuzz,9,l_abs,1072
1776001212,bftpd,nsfuzz,9,b_per,34.0
1776001212,bftpd,nsfuzz,9,b_abs,460
1776001215,bftpd,nsfuzz,9,l_per,47.6
1776001215,bftpd,nsfuzz,9,l_abs,1072
1776001215,bftpd,nsfuzz,9,b_per,34.0
1776001215,bftpd,nsfuzz,9,b_abs,460
1776001220,bftpd,nsfuzz,9,l_per,47.6
1776001220,bftpd,nsfuzz,9,l_abs,1072
1776001220,bftpd,nsfuzz,9,b_per,34.0
1776001220,bftpd,nsfuzz,9,b_abs,460
1776001221,bftpd,nsfuzz,9,l_per,47.6
1776001221,bftpd,nsfuzz,9,l_abs,1072
1776001221,bftpd,nsfuzz,9,b_per,34.0
1776001221,bftpd,nsfuzz,9,b_abs,460
1776001231,bftpd,nsfuzz,9,l_per,47.6
1776001231,bftpd,nsfuzz,9,l_abs,1072
1776001231,bftpd,nsfuzz,9,b_per,34.0
1776001231,bftpd,nsfuzz,9,b_abs,460
1776001233,bftpd,nsfuzz,9,l_per,47.6
1776001233,bftpd,nsfuzz,9,l_abs,1072
1776001233,bftpd,nsfuzz,9,b_per,34.0
1776001233,bftpd,nsfuzz,9,b_abs,460
1776001237,bftpd,nsfuzz,9,l_per,47.6
1776001237,bftpd,nsfuzz,9,l_abs,1072
1776001237,bftpd,nsfuzz,9,b_per,34.0
1776001237,bftpd,nsfuzz,9,b_abs,460
1776001239,bftpd,nsfuzz,9,l_per,47.6
1776001239,bftpd,nsfuzz,9,l_abs,1072
1776001239,bftpd,nsfuzz,9,b_per,34.0
1776001239,bftpd,nsfuzz,9,b_abs,460
1776001240,bftpd,nsfuzz,9,l_per,47.6
1776001240,bftpd,nsfuzz,9,l_abs,1072
1776001240,bftpd,nsfuzz,9,b_per,34.0
1776001240,bftpd,nsfuzz,9,b_abs,460
1776001246,bftpd,nsfuzz,9,l_per,47.6
1776001246,bftpd,nsfuzz,9,l_abs,1072
1776001246,bftpd,nsfuzz,9,b_per,34.0
1776001246,bftpd,nsfuzz,9,b_abs,460
1776001249,bftpd,nsfuzz,9,l_per,47.6
1776001249,bftpd,nsfuzz,9,l_abs,1072
1776001249,bftpd,nsfuzz,9,b_per,34.0
1776001249,bftpd,nsfuzz,9,b_abs,460
1776001250,bftpd,nsfuzz,9,l_per,47.6
1776001250,bftpd,nsfuzz,9,l_abs,1072
1776001250,bftpd,nsfuzz,9,b_per,34.0
1776001250,bftpd,nsfuzz,9,b_abs,460
1776001250,bftpd,nsfuzz,9,l_per,47.6
1776001250,bftpd,nsfuzz,9,l_abs,1072
1776001250,bftpd,nsfuzz,9,b_per,34.0
1776001250,bftpd,nsfuzz,9,b_abs,460
1776001251,bftpd,nsfuzz,9,l_per,47.6
1776001251,bftpd,nsfuzz,9,l_abs,1072
1776001251,bftpd,nsfuzz,9,b_per,34.0
1776001251,bftpd,nsfuzz,9,b_abs,460
1776001252,bftpd,nsfuzz,9,l_per,47.6
1776001252,bftpd,nsfuzz,9,l_abs,1072
1776001252,bftpd,nsfuzz,9,b_per,34.0
1776001252,bftpd,nsfuzz,9,b_abs,460
1776001252,bftpd,nsfuzz,9,l_per,47.6
1776001252,bftpd,nsfuzz,9,l_abs,1072
1776001252,bftpd,nsfuzz,9,b_per,34.0
1776001252,bftpd,nsfuzz,9,b_abs,460
1776001254,bftpd,nsfuzz,9,l_per,47.6
1776001254,bftpd,nsfuzz,9,l_abs,1072
1776001254,bftpd,nsfuzz,9,b_per,34.0
1776001254,bftpd,nsfuzz,9,b_abs,460
1776001255,bftpd,nsfuzz,9,l_per,47.6
1776001255,bftpd,nsfuzz,9,l_abs,1072
1776001255,bftpd,nsfuzz,9,b_per,34.0
1776001255,bftpd,nsfuzz,9,b_abs,460
1776001256,bftpd,nsfuzz,9,l_per,47.8
1776001256,bftpd,nsfuzz,9,l_abs,1075
1776001256,bftpd,nsfuzz,9,b_per,34.0
1776001256,bftpd,nsfuzz,9,b_abs,461
1776001256,bftpd,nsfuzz,9,l_per,47.8
1776001256,bftpd,nsfuzz,9,l_abs,1075
1776001256,bftpd,nsfuzz,9,b_per,34.0
1776001256,bftpd,nsfuzz,9,b_abs,461
1776001256,bftpd,nsfuzz,9,l_per,47.8
1776001256,bftpd,nsfuzz,9,l_abs,1075
1776001256,bftpd,nsfuzz,9,b_per,34.1
1776001256,bftpd,nsfuzz,9,b_abs,462
1776001259,bftpd,nsfuzz,9,l_per,47.8
1776001259,bftpd,nsfuzz,9,l_abs,1075
1776001259,bftpd,nsfuzz,9,b_per,34.1
1776001259,bftpd,nsfuzz,9,b_abs,462
1776001261,bftpd,nsfuzz,9,l_per,47.8
1776001261,bftpd,nsfuzz,9,l_abs,1075
1776001261,bftpd,nsfuzz,9,b_per,34.1
1776001261,bftpd,nsfuzz,9,b_abs,462
1776001261,bftpd,nsfuzz,9,l_per,47.8
1776001261,bftpd,nsfuzz,9,l_abs,1075
1776001261,bftpd,nsfuzz,9,b_per,34.1
1776001261,bftpd,nsfuzz,9,b_abs,462
1776001261,bftpd,nsfuzz,9,l_per,47.8
1776001261,bftpd,nsfuzz,9,l_abs,1075
1776001261,bftpd,nsfuzz,9,b_per,34.1
1776001261,bftpd,nsfuzz,9,b_abs,462
1776001262,bftpd,nsfuzz,9,l_per,47.8
1776001262,bftpd,nsfuzz,9,l_abs,1075
1776001262,bftpd,nsfuzz,9,b_per,34.1
1776001262,bftpd,nsfuzz,9,b_abs,462
1776001262,bftpd,nsfuzz,9,l_per,47.8
1776001262,bftpd,nsfuzz,9,l_abs,1075
1776001262,bftpd,nsfuzz,9,b_per,34.1
1776001262,bftpd,nsfuzz,9,b_abs,462
1776001286,bftpd,nsfuzz,9,l_per,47.8
1776001286,bftpd,nsfuzz,9,l_abs,1075
1776001286,bftpd,nsfuzz,9,b_per,34.1
1776001286,bftpd,nsfuzz,9,b_abs,462
1776001287,bftpd,nsfuzz,9,l_per,47.8
1776001287,bftpd,nsfuzz,9,l_abs,1075
1776001287,bftpd,nsfuzz,9,b_per,34.1
1776001287,bftpd,nsfuzz,9,b_abs,462
1776001287,bftpd,nsfuzz,9,l_per,47.8
1776001287,bftpd,nsfuzz,9,l_abs,1075
1776001287,bftpd,nsfuzz,9,b_per,34.1
1776001287,bftpd,nsfuzz,9,b_abs,462
1776001288,bftpd,nsfuzz,9,l_per,47.8
1776001288,bftpd,nsfuzz,9,l_abs,1075
1776001288,bftpd,nsfuzz,9,b_per,34.1
1776001288,bftpd,nsfuzz,9,b_abs,462
1776001288,bftpd,nsfuzz,9,l_per,47.8
1776001288,bftpd,nsfuzz,9,l_abs,1075
1776001288,bftpd,nsfuzz,9,b_per,34.1
1776001288,bftpd,nsfuzz,9,b_abs,462
1776001289,bftpd,nsfuzz,9,l_per,47.8
1776001289,bftpd,nsfuzz,9,l_abs,1075
1776001289,bftpd,nsfuzz,9,b_per,34.1
1776001289,bftpd,nsfuzz,9,b_abs,462
1776001294,bftpd,nsfuzz,9,l_per,47.8
1776001294,bftpd,nsfuzz,9,l_abs,1075
1776001294,bftpd,nsfuzz,9,b_per,34.1
1776001294,bftpd,nsfuzz,9,b_abs,462
1776001296,bftpd,nsfuzz,9,l_per,47.8
1776001296,bftpd,nsfuzz,9,l_abs,1075
1776001296,bftpd,nsfuzz,9,b_per,34.1
1776001296,bftpd,nsfuzz,9,b_abs,462
1776001298,bftpd,nsfuzz,9,l_per,47.8
1776001298,bftpd,nsfuzz,9,l_abs,1075
1776001298,bftpd,nsfuzz,9,b_per,34.1
1776001298,bftpd,nsfuzz,9,b_abs,462
1776001300,bftpd,nsfuzz,9,l_per,47.8
1776001300,bftpd,nsfuzz,9,l_abs,1075
1776001300,bftpd,nsfuzz,9,b_per,34.1
1776001300,bftpd,nsfuzz,9,b_abs,462
1776001300,bftpd,nsfuzz,9,l_per,47.8
1776001300,bftpd,nsfuzz,9,l_abs,1075
1776001300,bftpd,nsfuzz,9,b_per,34.1
1776001300,bftpd,nsfuzz,9,b_abs,462
1776001302,bftpd,nsfuzz,9,l_per,47.8
1776001302,bftpd,nsfuzz,9,l_abs,1075
1776001302,bftpd,nsfuzz,9,b_per,34.1
1776001302,bftpd,nsfuzz,9,b_abs,462
1776001305,bftpd,nsfuzz,9,l_per,47.8
1776001305,bftpd,nsfuzz,9,l_abs,1075
1776001305,bftpd,nsfuzz,9,b_per,34.3
1776001305,bftpd,nsfuzz,9,b_abs,464
1776001310,bftpd,nsfuzz,9,l_per,47.8
1776001310,bftpd,nsfuzz,9,l_abs,1075
1776001310,bftpd,nsfuzz,9,b_per,34.3
1776001310,bftpd,nsfuzz,9,b_abs,464
1776001311,bftpd,nsfuzz,9,l_per,47.8
1776001311,bftpd,nsfuzz,9,l_abs,1075
1776001311,bftpd,nsfuzz,9,b_per,34.3
1776001311,bftpd,nsfuzz,9,b_abs,464
1776001312,bftpd,nsfuzz,9,l_per,47.8
1776001312,bftpd,nsfuzz,9,l_abs,1075
1776001312,bftpd,nsfuzz,9,b_per,34.3
1776001312,bftpd,nsfuzz,9,b_abs,464
1776001312,bftpd,nsfuzz,9,l_per,47.8
1776001312,bftpd,nsfuzz,9,l_abs,1075
1776001312,bftpd,nsfuzz,9,b_per,34.3
1776001312,bftpd,nsfuzz,9,b_abs,464
1776001312,bftpd,nsfuzz,9,l_per,47.8
1776001312,bftpd,nsfuzz,9,l_abs,1075
1776001312,bftpd,nsfuzz,9,b_per,34.3
1776001312,bftpd,nsfuzz,9,b_abs,464
1776001313,bftpd,nsfuzz,9,l_per,47.8
1776001313,bftpd,nsfuzz,9,l_abs,1075
1776001313,bftpd,nsfuzz,9,b_per,34.3
1776001313,bftpd,nsfuzz,9,b_abs,464
1776001313,bftpd,nsfuzz,9,l_per,48.1
1776001313,bftpd,nsfuzz,9,l_abs,1082
1776001313,bftpd,nsfuzz,9,b_per,34.4
1776001313,bftpd,nsfuzz,9,b_abs,466
1776001314,bftpd,nsfuzz,9,l_per,48.2
1776001314,bftpd,nsfuzz,9,l_abs,1085
1776001314,bftpd,nsfuzz,9,b_per,34.9
1776001314,bftpd,nsfuzz,9,b_abs,472
1776001314,bftpd,nsfuzz,9,l_per,48.2
1776001314,bftpd,nsfuzz,9,l_abs,1085
1776001314,bftpd,nsfuzz,9,b_per,34.9
1776001314,bftpd,nsfuzz,9,b_abs,472
1776001315,bftpd,nsfuzz,9,l_per,48.2
1776001315,bftpd,nsfuzz,9,l_abs,1085
1776001315,bftpd,nsfuzz,9,b_per,34.9
1776001315,bftpd,nsfuzz,9,b_abs,472
1776001315,bftpd,nsfuzz,9,l_per,48.2
1776001315,bftpd,nsfuzz,9,l_abs,1085
1776001315,bftpd,nsfuzz,9,b_per,34.9
1776001315,bftpd,nsfuzz,9,b_abs,472
1776001317,bftpd,nsfuzz,9,l_per,48.2
1776001317,bftpd,nsfuzz,9,l_abs,1085
1776001317,bftpd,nsfuzz,9,b_per,34.9
1776001317,bftpd,nsfuzz,9,b_abs,472
1776001318,bftpd,nsfuzz,9,l_per,48.2
1776001318,bftpd,nsfuzz,9,l_abs,1085
1776001318,bftpd,nsfuzz,9,b_per,34.9
1776001318,bftpd,nsfuzz,9,b_abs,472
1776001318,bftpd,nsfuzz,9,l_per,48.2
1776001318,bftpd,nsfuzz,9,l_abs,1085
1776001318,bftpd,nsfuzz,9,b_per,34.9
1776001318,bftpd,nsfuzz,9,b_abs,472
1776001321,bftpd,nsfuzz,9,l_per,48.2
1776001321,bftpd,nsfuzz,9,l_abs,1085
1776001321,bftpd,nsfuzz,9,b_per,34.9
1776001321,bftpd,nsfuzz,9,b_abs,472
1776001334,bftpd,nsfuzz,9,l_per,48.2
1776001334,bftpd,nsfuzz,9,l_abs,1085
1776001334,bftpd,nsfuzz,9,b_per,34.9
1776001334,bftpd,nsfuzz,9,b_abs,472
1776001335,bftpd,nsfuzz,9,l_per,48.2
1776001335,bftpd,nsfuzz,9,l_abs,1085
1776001335,bftpd,nsfuzz,9,b_per,34.9
1776001335,bftpd,nsfuzz,9,b_abs,472
1776001338,bftpd,nsfuzz,9,l_per,48.2
1776001338,bftpd,nsfuzz,9,l_abs,1085
1776001338,bftpd,nsfuzz,9,b_per,34.9
1776001338,bftpd,nsfuzz,9,b_abs,472
1776001345,bftpd,nsfuzz,9,l_per,48.2
1776001345,bftpd,nsfuzz,9,l_abs,1085
1776001345,bftpd,nsfuzz,9,b_per,34.9
1776001345,bftpd,nsfuzz,9,b_abs,472
1776001355,bftpd,nsfuzz,9,l_per,48.2
1776001355,bftpd,nsfuzz,9,l_abs,1085
1776001355,bftpd,nsfuzz,9,b_per,34.9
1776001355,bftpd,nsfuzz,9,b_abs,472
1776001356,bftpd,nsfuzz,9,l_per,48.2
1776001356,bftpd,nsfuzz,9,l_abs,1085
1776001356,bftpd,nsfuzz,9,b_per,34.9
1776001356,bftpd,nsfuzz,9,b_abs,472
1776001360,bftpd,nsfuzz,9,l_per,48.2
1776001360,bftpd,nsfuzz,9,l_abs,1085
1776001360,bftpd,nsfuzz,9,b_per,34.9
1776001360,bftpd,nsfuzz,9,b_abs,472
1776001364,bftpd,nsfuzz,9,l_per,48.2
1776001364,bftpd,nsfuzz,9,l_abs,1085
1776001364,bftpd,nsfuzz,9,b_per,34.9
1776001364,bftpd,nsfuzz,9,b_abs,472
1776001364,bftpd,nsfuzz,9,l_per,48.2
1776001364,bftpd,nsfuzz,9,l_abs,1085
1776001364,bftpd,nsfuzz,9,b_per,34.9
1776001364,bftpd,nsfuzz,9,b_abs,472
1776001367,bftpd,nsfuzz,9,l_per,48.2
1776001367,bftpd,nsfuzz,9,l_abs,1085
1776001367,bftpd,nsfuzz,9,b_per,34.9
1776001367,bftpd,nsfuzz,9,b_abs,472
1776001369,bftpd,nsfuzz,9,l_per,48.2
1776001369,bftpd,nsfuzz,9,l_abs,1085
1776001369,bftpd,nsfuzz,9,b_per,34.9
1776001369,bftpd,nsfuzz,9,b_abs,472
1776001373,bftpd,nsfuzz,9,l_per,48.2
1776001373,bftpd,nsfuzz,9,l_abs,1085
1776001373,bftpd,nsfuzz,9,b_per,34.9
1776001373,bftpd,nsfuzz,9,b_abs,472
1776001377,bftpd,nsfuzz,9,l_per,48.2
1776001377,bftpd,nsfuzz,9,l_abs,1085
1776001377,bftpd,nsfuzz,9,b_per,34.9
1776001377,bftpd,nsfuzz,9,b_abs,472
1776001377,bftpd,nsfuzz,9,l_per,48.2
1776001377,bftpd,nsfuzz,9,l_abs,1085
1776001377,bftpd,nsfuzz,9,b_per,34.9
1776001377,bftpd,nsfuzz,9,b_abs,472
1776001378,bftpd,nsfuzz,9,l_per,48.2
1776001378,bftpd,nsfuzz,9,l_abs,1085
1776001378,bftpd,nsfuzz,9,b_per,34.9
1776001378,bftpd,nsfuzz,9,b_abs,472
1776001383,bftpd,nsfuzz,9,l_per,48.2
1776001383,bftpd,nsfuzz,9,l_abs,1085
1776001383,bftpd,nsfuzz,9,b_per,34.9
1776001383,bftpd,nsfuzz,9,b_abs,472
1776001385,bftpd,nsfuzz,9,l_per,48.2
1776001385,bftpd,nsfuzz,9,l_abs,1085
1776001385,bftpd,nsfuzz,9,b_per,34.9
1776001385,bftpd,nsfuzz,9,b_abs,472
1776001393,bftpd,nsfuzz,9,l_per,48.2
1776001393,bftpd,nsfuzz,9,l_abs,1085
1776001393,bftpd,nsfuzz,9,b_per,34.9
1776001393,bftpd,nsfuzz,9,b_abs,473
1776001393,bftpd,nsfuzz,9,l_per,48.4
1776001393,bftpd,nsfuzz,9,l_abs,1090
1776001393,bftpd,nsfuzz,9,b_per,35.3
1776001393,bftpd,nsfuzz,9,b_abs,478
1776001398,bftpd,nsfuzz,9,l_per,48.4
1776001398,bftpd,nsfuzz,9,l_abs,1090
1776001398,bftpd,nsfuzz,9,b_per,35.3
1776001398,bftpd,nsfuzz,9,b_abs,478
1776001424,bftpd,nsfuzz,9,l_per,48.4
1776001424,bftpd,nsfuzz,9,l_abs,1090
1776001424,bftpd,nsfuzz,9,b_per,35.3
1776001424,bftpd,nsfuzz,9,b_abs,478
1776001433,bftpd,nsfuzz,9,l_per,48.4
1776001433,bftpd,nsfuzz,9,l_abs,1090
1776001433,bftpd,nsfuzz,9,b_per,35.3
1776001433,bftpd,nsfuzz,9,b_abs,478
1776001434,bftpd,nsfuzz,9,l_per,48.4
1776001434,bftpd,nsfuzz,9,l_abs,1090
1776001434,bftpd,nsfuzz,9,b_per,35.3
1776001434,bftpd,nsfuzz,9,b_abs,478
1776001440,bftpd,nsfuzz,9,l_per,48.4
1776001440,bftpd,nsfuzz,9,l_abs,1090
1776001440,bftpd,nsfuzz,9,b_per,35.3
1776001440,bftpd,nsfuzz,9,b_abs,478
1776001450,bftpd,nsfuzz,9,l_per,48.4
1776001450,bftpd,nsfuzz,9,l_abs,1090
1776001450,bftpd,nsfuzz,9,b_per,35.3
1776001450,bftpd,nsfuzz,9,b_abs,478
1776001456,bftpd,nsfuzz,9,l_per,48.4
1776001456,bftpd,nsfuzz,9,l_abs,1090
1776001456,bftpd,nsfuzz,9,b_per,35.3
1776001456,bftpd,nsfuzz,9,b_abs,478
1776001464,bftpd,nsfuzz,9,l_per,48.4
1776001464,bftpd,nsfuzz,9,l_abs,1090
1776001464,bftpd,nsfuzz,9,b_per,35.4
1776001464,bftpd,nsfuzz,9,b_abs,479
1776001475,bftpd,nsfuzz,9,l_per,48.4
1776001475,bftpd,nsfuzz,9,l_abs,1090
1776001475,bftpd,nsfuzz,9,b_per,35.4
1776001475,bftpd,nsfuzz,9,b_abs,479
1776001482,bftpd,nsfuzz,9,l_per,48.4
1776001482,bftpd,nsfuzz,9,l_abs,1090
1776001482,bftpd,nsfuzz,9,b_per,35.4
1776001482,bftpd,nsfuzz,9,b_abs,479
1776001483,bftpd,nsfuzz,9,l_per,48.4
1776001483,bftpd,nsfuzz,9,l_abs,1090
1776001483,bftpd,nsfuzz,9,b_per,35.4
1776001483,bftpd,nsfuzz,9,b_abs,479
1776001485,bftpd,nsfuzz,9,l_per,48.4
1776001485,bftpd,nsfuzz,9,l_abs,1090
1776001485,bftpd,nsfuzz,9,b_per,35.4
1776001485,bftpd,nsfuzz,9,b_abs,479
1776001488,bftpd,nsfuzz,9,l_per,48.4
1776001488,bftpd,nsfuzz,9,l_abs,1090
1776001488,bftpd,nsfuzz,9,b_per,35.4
1776001488,bftpd,nsfuzz,9,b_abs,479
1776001493,bftpd,nsfuzz,9,l_per,48.4
1776001493,bftpd,nsfuzz,9,l_abs,1090
1776001493,bftpd,nsfuzz,9,b_per,35.4
1776001493,bftpd,nsfuzz,9,b_abs,479
1776001495,bftpd,nsfuzz,9,l_per,48.4
1776001495,bftpd,nsfuzz,9,l_abs,1090
1776001495,bftpd,nsfuzz,9,b_per,35.4
1776001495,bftpd,nsfuzz,9,b_abs,479
1776001495,bftpd,nsfuzz,9,l_per,48.4
1776001495,bftpd,nsfuzz,9,l_abs,1090
1776001495,bftpd,nsfuzz,9,b_per,35.4
1776001495,bftpd,nsfuzz,9,b_abs,479
1776001496,bftpd,nsfuzz,9,l_per,48.4
1776001496,bftpd,nsfuzz,9,l_abs,1090
1776001496,bftpd,nsfuzz,9,b_per,35.4
1776001496,bftpd,nsfuzz,9,b_abs,479
1776001501,bftpd,nsfuzz,9,l_per,48.4
1776001501,bftpd,nsfuzz,9,l_abs,1090
1776001501,bftpd,nsfuzz,9,b_per,35.4
1776001501,bftpd,nsfuzz,9,b_abs,479
1776001502,bftpd,nsfuzz,9,l_per,48.4
1776001502,bftpd,nsfuzz,9,l_abs,1090
1776001502,bftpd,nsfuzz,9,b_per,35.4
1776001502,bftpd,nsfuzz,9,b_abs,479
1776001565,bftpd,nsfuzz,9,l_per,48.4
1776001565,bftpd,nsfuzz,9,l_abs,1090
1776001565,bftpd,nsfuzz,9,b_per,35.4
1776001565,bftpd,nsfuzz,9,b_abs,479
1776001568,bftpd,nsfuzz,9,l_per,48.4
1776001568,bftpd,nsfuzz,9,l_abs,1090
1776001568,bftpd,nsfuzz,9,b_per,35.4
1776001568,bftpd,nsfuzz,9,b_abs,479
1776001570,bftpd,nsfuzz,9,l_per,48.4
1776001570,bftpd,nsfuzz,9,l_abs,1090
1776001570,bftpd,nsfuzz,9,b_per,35.4
1776001570,bftpd,nsfuzz,9,b_abs,479
1776001572,bftpd,nsfuzz,9,l_per,48.4
1776001572,bftpd,nsfuzz,9,l_abs,1090
1776001572,bftpd,nsfuzz,9,b_per,35.4
1776001572,bftpd,nsfuzz,9,b_abs,479
1776001578,bftpd,nsfuzz,9,l_per,48.5
1776001578,bftpd,nsfuzz,9,l_abs,1091
1776001578,bftpd,nsfuzz,9,b_per,35.5
1776001578,bftpd,nsfuzz,9,b_abs,480
1776001592,bftpd,nsfuzz,9,l_per,48.5
1776001592,bftpd,nsfuzz,9,l_abs,1091
1776001592,bftpd,nsfuzz,9,b_per,35.5
1776001592,bftpd,nsfuzz,9,b_abs,480
1776001595,bftpd,nsfuzz,9,l_per,48.5
1776001595,bftpd,nsfuzz,9,l_abs,1091
1776001595,bftpd,nsfuzz,9,b_per,35.5
1776001595,bftpd,nsfuzz,9,b_abs,480
1776001599,bftpd,nsfuzz,9,l_per,48.5
1776001599,bftpd,nsfuzz,9,l_abs,1091
1776001599,bftpd,nsfuzz,9,b_per,35.5
1776001599,bftpd,nsfuzz,9,b_abs,480
1776001619,bftpd,nsfuzz,9,l_per,48.5
1776001619,bftpd,nsfuzz,9,l_abs,1091
1776001619,bftpd,nsfuzz,9,b_per,35.5
1776001619,bftpd,nsfuzz,9,b_abs,480
1776001624,bftpd,nsfuzz,9,l_per,48.5
1776001624,bftpd,nsfuzz,9,l_abs,1091
1776001624,bftpd,nsfuzz,9,b_per,35.5
1776001624,bftpd,nsfuzz,9,b_abs,480
1776001652,bftpd,nsfuzz,9,l_per,48.5
1776001652,bftpd,nsfuzz,9,l_abs,1091
1776001652,bftpd,nsfuzz,9,b_per,35.5
1776001652,bftpd,nsfuzz,9,b_abs,480
1776001654,bftpd,nsfuzz,9,l_per,48.5
1776001654,bftpd,nsfuzz,9,l_abs,1091
1776001654,bftpd,nsfuzz,9,b_per,35.5
1776001654,bftpd,nsfuzz,9,b_abs,480
1776001667,bftpd,nsfuzz,9,l_per,48.5
1776001667,bftpd,nsfuzz,9,l_abs,1091
1776001667,bftpd,nsfuzz,9,b_per,35.5
1776001667,bftpd,nsfuzz,9,b_abs,480
1776001670,bftpd,nsfuzz,9,l_per,48.5
1776001670,bftpd,nsfuzz,9,l_abs,1091
1776001670,bftpd,nsfuzz,9,b_per,35.5
1776001670,bftpd,nsfuzz,9,b_abs,480
1776001670,bftpd,nsfuzz,9,l_per,48.5
1776001670,bftpd,nsfuzz,9,l_abs,1091
1776001670,bftpd,nsfuzz,9,b_per,35.5
1776001670,bftpd,nsfuzz,9,b_abs,480
1776001673,bftpd,nsfuzz,9,l_per,48.5
1776001673,bftpd,nsfuzz,9,l_abs,1091
1776001673,bftpd,nsfuzz,9,b_per,35.5
1776001673,bftpd,nsfuzz,9,b_abs,480
1776001675,bftpd,nsfuzz,9,l_per,48.5
1776001675,bftpd,nsfuzz,9,l_abs,1091
1776001675,bftpd,nsfuzz,9,b_per,35.5
1776001675,bftpd,nsfuzz,9,b_abs,480
1776001680,bftpd,nsfuzz,9,l_per,48.5
1776001680,bftpd,nsfuzz,9,l_abs,1091
1776001680,bftpd,nsfuzz,9,b_per,35.5
1776001680,bftpd,nsfuzz,9,b_abs,480
1776001681,bftpd,nsfuzz,9,l_per,48.5
1776001681,bftpd,nsfuzz,9,l_abs,1091
1776001681,bftpd,nsfuzz,9,b_per,35.5
1776001681,bftpd,nsfuzz,9,b_abs,480
1776001689,bftpd,nsfuzz,9,l_per,48.5
1776001689,bftpd,nsfuzz,9,l_abs,1091
1776001689,bftpd,nsfuzz,9,b_per,35.5
1776001689,bftpd,nsfuzz,9,b_abs,480
1776001694,bftpd,nsfuzz,9,l_per,48.5
1776001694,bftpd,nsfuzz,9,l_abs,1091
1776001694,bftpd,nsfuzz,9,b_per,35.5
1776001694,bftpd,nsfuzz,9,b_abs,480
1776001698,bftpd,nsfuzz,9,l_per,48.5
1776001698,bftpd,nsfuzz,9,l_abs,1091
1776001698,bftpd,nsfuzz,9,b_per,35.5
1776001698,bftpd,nsfuzz,9,b_abs,480
1776001704,bftpd,nsfuzz,9,l_per,48.5
1776001704,bftpd,nsfuzz,9,l_abs,1091
1776001704,bftpd,nsfuzz,9,b_per,35.5
1776001704,bftpd,nsfuzz,9,b_abs,480
1776001704,bftpd,nsfuzz,9,l_per,48.5
1776001704,bftpd,nsfuzz,9,l_abs,1091
1776001704,bftpd,nsfuzz,9,b_per,35.5
1776001704,bftpd,nsfuzz,9,b_abs,480
1776001706,bftpd,nsfuzz,9,l_per,48.5
1776001706,bftpd,nsfuzz,9,l_abs,1091
1776001706,bftpd,nsfuzz,9,b_per,35.5
1776001706,bftpd,nsfuzz,9,b_abs,480
1776001717,bftpd,nsfuzz,9,l_per,48.5
1776001717,bftpd,nsfuzz,9,l_abs,1091
1776001717,bftpd,nsfuzz,9,b_per,35.5
1776001717,bftpd,nsfuzz,9,b_abs,480
1776001756,bftpd,nsfuzz,9,l_per,48.5
1776001756,bftpd,nsfuzz,9,l_abs,1091
1776001756,bftpd,nsfuzz,9,b_per,35.5
1776001756,bftpd,nsfuzz,9,b_abs,480
1776001770,bftpd,nsfuzz,9,l_per,48.5
1776001770,bftpd,nsfuzz,9,l_abs,1091
1776001770,bftpd,nsfuzz,9,b_per,35.5
1776001770,bftpd,nsfuzz,9,b_abs,480
1776001774,bftpd,nsfuzz,9,l_per,48.5
1776001774,bftpd,nsfuzz,9,l_abs,1091
1776001774,bftpd,nsfuzz,9,b_per,35.5
1776001774,bftpd,nsfuzz,9,b_abs,480
1776001814,bftpd,nsfuzz,9,l_per,48.5
1776001814,bftpd,nsfuzz,9,l_abs,1091
1776001814,bftpd,nsfuzz,9,b_per,35.5
1776001814,bftpd,nsfuzz,9,b_abs,480
1776001826,bftpd,nsfuzz,9,l_per,48.5
1776001826,bftpd,nsfuzz,9,l_abs,1091
1776001826,bftpd,nsfuzz,9,b_per,35.5
1776001826,bftpd,nsfuzz,9,b_abs,480
1776001836,bftpd,nsfuzz,9,l_per,48.5
1776001836,bftpd,nsfuzz,9,l_abs,1091
1776001836,bftpd,nsfuzz,9,b_per,35.5
1776001836,bftpd,nsfuzz,9,b_abs,480
1776001841,bftpd,nsfuzz,9,l_per,48.5
1776001841,bftpd,nsfuzz,9,l_abs,1091
1776001841,bftpd,nsfuzz,9,b_per,35.5
1776001841,bftpd,nsfuzz,9,b_abs,480
1776001846,bftpd,nsfuzz,9,l_per,48.5
1776001846,bftpd,nsfuzz,9,l_abs,1091
1776001846,bftpd,nsfuzz,9,b_per,35.5
1776001846,bftpd,nsfuzz,9,b_abs,480
1776001851,bftpd,nsfuzz,9,l_per,48.5
1776001851,bftpd,nsfuzz,9,l_abs,1091
1776001851,bftpd,nsfuzz,9,b_per,35.5
1776001851,bftpd,nsfuzz,9,b_abs,480
1776001851,bftpd,nsfuzz,9,l_per,48.5
1776001851,bftpd,nsfuzz,9,l_abs,1091
1776001851,bftpd,nsfuzz,9,b_per,35.5
1776001851,bftpd,nsfuzz,9,b_abs,480
1776001852,bftpd,nsfuzz,9,l_per,48.5
1776001852,bftpd,nsfuzz,9,l_abs,1091
1776001852,bftpd,nsfuzz,9,b_per,35.5
1776001852,bftpd,nsfuzz,9,b_abs,480
1776001855,bftpd,nsfuzz,9,l_per,48.5
1776001855,bftpd,nsfuzz,9,l_abs,1091
1776001855,bftpd,nsfuzz,9,b_per,35.5
1776001855,bftpd,nsfuzz,9,b_abs,480
1776001865,bftpd,nsfuzz,9,l_per,48.5
1776001865,bftpd,nsfuzz,9,l_abs,1091
1776001865,bftpd,nsfuzz,9,b_per,35.5
1776001865,bftpd,nsfuzz,9,b_abs,480
1776001883,bftpd,nsfuzz,9,l_per,48.5
1776001883,bftpd,nsfuzz,9,l_abs,1091
1776001883,bftpd,nsfuzz,9,b_per,35.5
1776001883,bftpd,nsfuzz,9,b_abs,480
1776001888,bftpd,nsfuzz,9,l_per,48.5
1776001888,bftpd,nsfuzz,9,l_abs,1091
1776001888,bftpd,nsfuzz,9,b_per,35.5
1776001888,bftpd,nsfuzz,9,b_abs,480
1776001890,bftpd,nsfuzz,9,l_per,48.5
1776001890,bftpd,nsfuzz,9,l_abs,1091
1776001890,bftpd,nsfuzz,9,b_per,35.5
1776001890,bftpd,nsfuzz,9,b_abs,480
1776001891,bftpd,nsfuzz,9,l_per,48.5
1776001891,bftpd,nsfuzz,9,l_abs,1091
1776001891,bftpd,nsfuzz,9,b_per,35.5
1776001891,bftpd,nsfuzz,9,b_abs,480
1776001924,bftpd,nsfuzz,9,l_per,48.5
1776001924,bftpd,nsfuzz,9,l_abs,1091
1776001924,bftpd,nsfuzz,9,b_per,35.5
1776001924,bftpd,nsfuzz,9,b_abs,480
1776001926,bftpd,nsfuzz,9,l_per,48.5
1776001926,bftpd,nsfuzz,9,l_abs,1091
1776001926,bftpd,nsfuzz,9,b_per,35.5
1776001926,bftpd,nsfuzz,9,b_abs,480
1776001927,bftpd,nsfuzz,9,l_per,48.5
1776001927,bftpd,nsfuzz,9,l_abs,1091
1776001927,bftpd,nsfuzz,9,b_per,35.5
1776001927,bftpd,nsfuzz,9,b_abs,480
1776001928,bftpd,nsfuzz,9,l_per,48.5
1776001928,bftpd,nsfuzz,9,l_abs,1091
1776001928,bftpd,nsfuzz,9,b_per,35.5
1776001928,bftpd,nsfuzz,9,b_abs,480
1776001929,bftpd,nsfuzz,9,l_per,48.5
1776001929,bftpd,nsfuzz,9,l_abs,1091
1776001929,bftpd,nsfuzz,9,b_per,35.5
1776001929,bftpd,nsfuzz,9,b_abs,480
1776001930,bftpd,nsfuzz,9,l_per,48.5
1776001930,bftpd,nsfuzz,9,l_abs,1091
1776001930,bftpd,nsfuzz,9,b_per,35.5
1776001930,bftpd,nsfuzz,9,b_abs,480
1776001937,bftpd,nsfuzz,9,l_per,48.5
1776001937,bftpd,nsfuzz,9,l_abs,1091
1776001937,bftpd,nsfuzz,9,b_per,35.5
1776001937,bftpd,nsfuzz,9,b_abs,480
1776001941,bftpd,nsfuzz,9,l_per,48.5
1776001941,bftpd,nsfuzz,9,l_abs,1091
1776001941,bftpd,nsfuzz,9,b_per,35.5
1776001941,bftpd,nsfuzz,9,b_abs,480
1776001943,bftpd,nsfuzz,9,l_per,48.5
1776001943,bftpd,nsfuzz,9,l_abs,1091
1776001943,bftpd,nsfuzz,9,b_per,35.5
1776001943,bftpd,nsfuzz,9,b_abs,480
1776001950,bftpd,nsfuzz,9,l_per,48.5
1776001950,bftpd,nsfuzz,9,l_abs,1091
1776001950,bftpd,nsfuzz,9,b_per,35.5
1776001950,bftpd,nsfuzz,9,b_abs,480
1776002040,bftpd,nsfuzz,9,l_per,48.5
1776002040,bftpd,nsfuzz,9,l_abs,1091
1776002040,bftpd,nsfuzz,9,b_per,35.5
1776002040,bftpd,nsfuzz,9,b_abs,480
1776002041,bftpd,nsfuzz,9,l_per,48.5
1776002041,bftpd,nsfuzz,9,l_abs,1091
1776002041,bftpd,nsfuzz,9,b_per,35.5
1776002041,bftpd,nsfuzz,9,b_abs,480
1776002047,bftpd,nsfuzz,9,l_per,48.5
1776002047,bftpd,nsfuzz,9,l_abs,1091
1776002047,bftpd,nsfuzz,9,b_per,35.5
1776002047,bftpd,nsfuzz,9,b_abs,480
1776002062,bftpd,nsfuzz,9,l_per,48.5
1776002062,bftpd,nsfuzz,9,l_abs,1091
1776002062,bftpd,nsfuzz,9,b_per,35.5
1776002062,bftpd,nsfuzz,9,b_abs,480
1776002078,bftpd,nsfuzz,9,l_per,48.5
1776002078,bftpd,nsfuzz,9,l_abs,1091
1776002078,bftpd,nsfuzz,9,b_per,35.5
1776002078,bftpd,nsfuzz,9,b_abs,480
1776002117,bftpd,nsfuzz,9,l_per,48.5
1776002117,bftpd,nsfuzz,9,l_abs,1091
1776002117,bftpd,nsfuzz,9,b_per,35.5
1776002117,bftpd,nsfuzz,9,b_abs,480
1776002118,bftpd,nsfuzz,9,l_per,48.5
1776002118,bftpd,nsfuzz,9,l_abs,1091
1776002118,bftpd,nsfuzz,9,b_per,35.5
1776002118,bftpd,nsfuzz,9,b_abs,480
1776002153,bftpd,nsfuzz,9,l_per,48.5
1776002153,bftpd,nsfuzz,9,l_abs,1091
1776002153,bftpd,nsfuzz,9,b_per,35.5
1776002153,bftpd,nsfuzz,9,b_abs,480
1776002167,bftpd,nsfuzz,9,l_per,48.5
1776002167,bftpd,nsfuzz,9,l_abs,1091
1776002167,bftpd,nsfuzz,9,b_per,35.5
1776002167,bftpd,nsfuzz,9,b_abs,480
1776002178,bftpd,nsfuzz,9,l_per,48.5
1776002178,bftpd,nsfuzz,9,l_abs,1091
1776002178,bftpd,nsfuzz,9,b_per,35.5
1776002178,bftpd,nsfuzz,9,b_abs,480
1776002190,bftpd,nsfuzz,9,l_per,48.5
1776002190,bftpd,nsfuzz,9,l_abs,1091
1776002190,bftpd,nsfuzz,9,b_per,35.5
1776002190,bftpd,nsfuzz,9,b_abs,480
1776002218,bftpd,nsfuzz,9,l_per,48.5
1776002218,bftpd,nsfuzz,9,l_abs,1091
1776002218,bftpd,nsfuzz,9,b_per,35.5
1776002218,bftpd,nsfuzz,9,b_abs,480
1776002225,bftpd,nsfuzz,9,l_per,48.5
1776002225,bftpd,nsfuzz,9,l_abs,1091
1776002225,bftpd,nsfuzz,9,b_per,35.5
1776002225,bftpd,nsfuzz,9,b_abs,480
1776002258,bftpd,nsfuzz,9,l_per,48.5
1776002258,bftpd,nsfuzz,9,l_abs,1091
1776002258,bftpd,nsfuzz,9,b_per,35.5
1776002258,bftpd,nsfuzz,9,b_abs,480
1776002329,bftpd,nsfuzz,9,l_per,48.5
1776002329,bftpd,nsfuzz,9,l_abs,1091
1776002329,bftpd,nsfuzz,9,b_per,35.5
1776002329,bftpd,nsfuzz,9,b_abs,480
1776002463,bftpd,nsfuzz,9,l_per,48.5
1776002463,bftpd,nsfuzz,9,l_abs,1091
1776002463,bftpd,nsfuzz,9,b_per,35.5
1776002463,bftpd,nsfuzz,9,b_abs,480
1776002500,bftpd,nsfuzz,9,l_per,48.5
1776002500,bftpd,nsfuzz,9,l_abs,1091
1776002500,bftpd,nsfuzz,9,b_per,35.5
1776002500,bftpd,nsfuzz,9,b_abs,480
1776002686,bftpd,nsfuzz,9,l_per,48.5
1776002686,bftpd,nsfuzz,9,l_abs,1091
1776002686,bftpd,nsfuzz,9,b_per,35.5
1776002686,bftpd,nsfuzz,9,b_abs,480
1776002739,bftpd,nsfuzz,9,l_per,48.5
1776002739,bftpd,nsfuzz,9,l_abs,1091
1776002739,bftpd,nsfuzz,9,b_per,35.5
1776002739,bftpd,nsfuzz,9,b_abs,480
1776002919,bftpd,nsfuzz,9,l_per,48.5
1776002919,bftpd,nsfuzz,9,l_abs,1091
1776002919,bftpd,nsfuzz,9,b_per,35.5
1776002919,bftpd,nsfuzz,9,b_abs,480
1776002945,bftpd,nsfuzz,9,l_per,48.5
1776002945,bftpd,nsfuzz,9,l_abs,1091
1776002945,bftpd,nsfuzz,9,b_per,35.5
1776002945,bftpd,nsfuzz,9,b_abs,480
1776003172,bftpd,nsfuzz,9,l_per,48.5
1776003172,bftpd,nsfuzz,9,l_abs,1091
1776003172,bftpd,nsfuzz,9,b_per,35.5
1776003172,bftpd,nsfuzz,9,b_abs,480
1776003868,bftpd,nsfuzz,9,l_per,48.5
1776003868,bftpd,nsfuzz,9,l_abs,1091
1776003868,bftpd,nsfuzz,9,b_per,35.5
1776003868,bftpd,nsfuzz,9,b_abs,480
1776003912,bftpd,nsfuzz,9,l_per,48.5
1776003912,bftpd,nsfuzz,9,l_abs,1091
1776003912,bftpd,nsfuzz,9,b_per,35.5
1776003912,bftpd,nsfuzz,9,b_abs,480
1776004103,bftpd,nsfuzz,9,l_per,48.5
1776004103,bftpd,nsfuzz,9,l_abs,1091
1776004103,bftpd,nsfuzz,9,b_per,35.5
1776004103,bftpd,nsfuzz,9,b_abs,480
1776004253,bftpd,nsfuzz,9,l_per,48.5
1776004253,bftpd,nsfuzz,9,l_abs,1091
1776004253,bftpd,nsfuzz,9,b_per,35.5
1776004253,bftpd,nsfuzz,9,b_abs,480
1776004261,bftpd,nsfuzz,9,l_per,48.5
1776004261,bftpd,nsfuzz,9,l_abs,1091
1776004261,bftpd,nsfuzz,9,b_per,35.5
1776004261,bftpd,nsfuzz,9,b_abs,480
1776005032,bftpd,nsfuzz,9,l_per,48.5
1776005032,bftpd,nsfuzz,9,l_abs,1091
1776005032,bftpd,nsfuzz,9,b_per,35.5
1776005032,bftpd,nsfuzz,9,b_abs,480
1776006801,bftpd,nsfuzz,9,l_per,48.5
1776006801,bftpd,nsfuzz,9,l_abs,1091
1776006801,bftpd,nsfuzz,9,b_per,35.5
1776006801,bftpd,nsfuzz,9,b_abs,480
1776009394,bftpd,nsfuzz,9,l_per,48.5
1776009394,bftpd,nsfuzz,9,l_abs,1091
1776009394,bftpd,nsfuzz,9,b_per,35.5
1776009394,bftpd,nsfuzz,9,b_abs,480
1776010078,bftpd,nsfuzz,9,l_per,48.5
1776010078,bftpd,nsfuzz,9,l_abs,1091
1776010078,bftpd,nsfuzz,9,b_per,35.5
1776010078,bftpd,nsfuzz,9,b_abs,480
1776012978,bftpd,nsfuzz,9,l_per,48.5
1776012978,bftpd,nsfuzz,9,l_abs,1091
1776012978,bftpd,nsfuzz,9,b_per,35.5
1776012978,bftpd,nsfuzz,9,b_abs,480
1776018306,bftpd,nsfuzz,9,l_per,48.5
1776018306,bftpd,nsfuzz,9,l_abs,1091
1776018306,bftpd,nsfuzz,9,b_per,35.5
1776018306,bftpd,nsfuzz,9,b_abs,480
1776027533,bftpd,nsfuzz,9,l_per,48.5
1776027533,bftpd,nsfuzz,9,l_abs,1091
1776027533,bftpd,nsfuzz,9,b_per,35.5
1776027533,bftpd,nsfuzz,9,b_abs,480
1776035704,bftpd,nsfuzz,9,l_per,48.5
1776035704,bftpd,nsfuzz,9,l_abs,1091
1776035704,bftpd,nsfuzz,9,b_per,35.5
1776035704,bftpd,nsfuzz,9,b_abs,480
1776036077,bftpd,nsfuzz,9,l_per,48.5
1776036077,bftpd,nsfuzz,9,l_abs,1091
1776036077,bftpd,nsfuzz,9,b_per,35.5
1776036077,bftpd,nsfuzz,9,b_abs,480
1776043776,bftpd,nsfuzz,9,l_per,48.5
1776043776,bftpd,nsfuzz,9,l_abs,1091
1776043776,bftpd,nsfuzz,9,b_per,35.5
1776043776,bftpd,nsfuzz,9,b_abs,480
1776043777,bftpd,nsfuzz,9,l_per,48.5
1776043777,bftpd,nsfuzz,9,l_abs,1091
1776043777,bftpd,nsfuzz,9,b_per,35.5
1776043777,bftpd,nsfuzz,9,b_abs,480
1776044504,bftpd,nsfuzz,9,l_per,48.5
1776044504,bftpd,nsfuzz,9,l_abs,1091
1776044504,bftpd,nsfuzz,9,b_per,35.5
1776044504,bftpd,nsfuzz,9,b_abs,480
1776044505,bftpd,nsfuzz,9,l_per,48.5
1776044505,bftpd,nsfuzz,9,l_abs,1091
1776044505,bftpd,nsfuzz,9,b_per,35.5
1776044505,bftpd,nsfuzz,9,b_abs,480
1776044511,bftpd,nsfuzz,9,l_per,48.5
1776044511,bftpd,nsfuzz,9,l_abs,1091
1776044511,bftpd,nsfuzz,9,b_per,35.5
1776044511,bftpd,nsfuzz,9,b_abs,480
1776044512,bftpd,nsfuzz,9,l_per,48.5
1776044512,bftpd,nsfuzz,9,l_abs,1091
1776044512,bftpd,nsfuzz,9,b_per,35.5
1776044512,bftpd,nsfuzz,9,b_abs,480
1776044786,bftpd,nsfuzz,9,l_per,48.5
1776044786,bftpd,nsfuzz,9,l_abs,1091
1776044786,bftpd,nsfuzz,9,b_per,35.5
1776044786,bftpd,nsfuzz,9,b_abs,480
1776049130,bftpd,nsfuzz,9,l_per,48.5
1776049130,bftpd,nsfuzz,9,l_abs,1091
1776049130,bftpd,nsfuzz,9,b_per,35.5
1776049130,bftpd,nsfuzz,9,b_abs,480
1776001097,bftpd,nsfuzz,10,l_per,24.7
1776001097,bftpd,nsfuzz,10,l_abs,552
1776001097,bftpd,nsfuzz,10,b_per,15.5
1776001097,bftpd,nsfuzz,10,b_abs,210
1776001097,bftpd,nsfuzz,10,l_per,24.7
1776001097,bftpd,nsfuzz,10,l_abs,552
1776001097,bftpd,nsfuzz,10,b_per,15.5
1776001097,bftpd,nsfuzz,10,b_abs,210
1776001097,bftpd,nsfuzz,10,l_per,29.1
1776001097,bftpd,nsfuzz,10,l_abs,650
1776001097,bftpd,nsfuzz,10,b_per,18.7
1776001097,bftpd,nsfuzz,10,b_abs,253
1776001097,bftpd,nsfuzz,10,l_per,29.1
1776001097,bftpd,nsfuzz,10,l_abs,650
1776001097,bftpd,nsfuzz,10,b_per,18.7
1776001097,bftpd,nsfuzz,10,b_abs,253
1776001097,bftpd,nsfuzz,10,l_per,31.9
1776001097,bftpd,nsfuzz,10,l_abs,714
1776001097,bftpd,nsfuzz,10,b_per,20.0
1776001097,bftpd,nsfuzz,10,b_abs,271
1776001097,bftpd,nsfuzz,10,l_per,34.0
1776001097,bftpd,nsfuzz,10,l_abs,761
1776001097,bftpd,nsfuzz,10,b_per,21.7
1776001097,bftpd,nsfuzz,10,b_abs,294
1776001098,bftpd,nsfuzz,10,l_per,34.0
1776001098,bftpd,nsfuzz,10,l_abs,761
1776001098,bftpd,nsfuzz,10,b_per,21.7
1776001098,bftpd,nsfuzz,10,b_abs,294
1776001098,bftpd,nsfuzz,10,l_per,34.0
1776001098,bftpd,nsfuzz,10,l_abs,761
1776001098,bftpd,nsfuzz,10,b_per,21.7
1776001098,bftpd,nsfuzz,10,b_abs,294
1776001098,bftpd,nsfuzz,10,l_per,34.0
1776001098,bftpd,nsfuzz,10,l_abs,761
1776001098,bftpd,nsfuzz,10,b_per,22.0
1776001098,bftpd,nsfuzz,10,b_abs,298
1776001098,bftpd,nsfuzz,10,l_per,34.0
1776001098,bftpd,nsfuzz,10,l_abs,761
1776001098,bftpd,nsfuzz,10,b_per,22.0
1776001098,bftpd,nsfuzz,10,b_abs,298
1776001098,bftpd,nsfuzz,10,l_per,34.0
1776001098,bftpd,nsfuzz,10,l_abs,761
1776001098,bftpd,nsfuzz,10,b_per,22.0
1776001098,bftpd,nsfuzz,10,b_abs,298
1776001098,bftpd,nsfuzz,10,l_per,38.3
1776001098,bftpd,nsfuzz,10,l_abs,858
1776001098,bftpd,nsfuzz,10,b_per,25.7
1776001098,bftpd,nsfuzz,10,b_abs,348
1776001098,bftpd,nsfuzz,10,l_per,38.9
1776001098,bftpd,nsfuzz,10,l_abs,872
1776001098,bftpd,nsfuzz,10,b_per,26.1
1776001098,bftpd,nsfuzz,10,b_abs,353
1776001097,bftpd,nsfuzz,10,l_per,38.9
1776001097,bftpd,nsfuzz,10,l_abs,872
1776001097,bftpd,nsfuzz,10,b_per,26.1
1776001097,bftpd,nsfuzz,10,b_abs,353
1776001097,bftpd,nsfuzz,10,l_per,38.9
1776001097,bftpd,nsfuzz,10,l_abs,872
1776001097,bftpd,nsfuzz,10,b_per,26.1
1776001097,bftpd,nsfuzz,10,b_abs,353
1776001097,bftpd,nsfuzz,10,l_per,38.9
1776001097,bftpd,nsfuzz,10,l_abs,872
1776001097,bftpd,nsfuzz,10,b_per,26.1
1776001097,bftpd,nsfuzz,10,b_abs,353
1776001097,bftpd,nsfuzz,10,l_per,38.9
1776001097,bftpd,nsfuzz,10,l_abs,872
1776001097,bftpd,nsfuzz,10,b_per,26.1
1776001097,bftpd,nsfuzz,10,b_abs,353
1776001097,bftpd,nsfuzz,10,l_per,39.2
1776001097,bftpd,nsfuzz,10,l_abs,878
1776001097,bftpd,nsfuzz,10,b_per,26.3
1776001097,bftpd,nsfuzz,10,b_abs,356
1776001097,bftpd,nsfuzz,10,l_per,39.3
1776001097,bftpd,nsfuzz,10,l_abs,881
1776001097,bftpd,nsfuzz,10,b_per,26.4
1776001097,bftpd,nsfuzz,10,b_abs,357
1776001098,bftpd,nsfuzz,10,l_per,39.3
1776001098,bftpd,nsfuzz,10,l_abs,881
1776001098,bftpd,nsfuzz,10,b_per,26.4
1776001098,bftpd,nsfuzz,10,b_abs,357
1776001098,bftpd,nsfuzz,10,l_per,39.3
1776001098,bftpd,nsfuzz,10,l_abs,881
1776001098,bftpd,nsfuzz,10,b_per,26.4
1776001098,bftpd,nsfuzz,10,b_abs,357
1776001098,bftpd,nsfuzz,10,l_per,39.3
1776001098,bftpd,nsfuzz,10,l_abs,881
1776001098,bftpd,nsfuzz,10,b_per,26.4
1776001098,bftpd,nsfuzz,10,b_abs,357
1776001098,bftpd,nsfuzz,10,l_per,39.3
1776001098,bftpd,nsfuzz,10,l_abs,881
1776001098,bftpd,nsfuzz,10,b_per,26.4
1776001098,bftpd,nsfuzz,10,b_abs,357
1776001098,bftpd,nsfuzz,10,l_per,39.4
1776001098,bftpd,nsfuzz,10,l_abs,883
1776001098,bftpd,nsfuzz,10,b_per,26.4
1776001098,bftpd,nsfuzz,10,b_abs,358
1776001098,bftpd,nsfuzz,10,l_per,39.4
1776001098,bftpd,nsfuzz,10,l_abs,883
1776001098,bftpd,nsfuzz,10,b_per,26.4
1776001098,bftpd,nsfuzz,10,b_abs,358
1776001098,bftpd,nsfuzz,10,l_per,39.4
1776001098,bftpd,nsfuzz,10,l_abs,883
1776001098,bftpd,nsfuzz,10,b_per,26.4
1776001098,bftpd,nsfuzz,10,b_abs,358
1776001102,bftpd,nsfuzz,10,l_per,39.5
1776001102,bftpd,nsfuzz,10,l_abs,886
1776001102,bftpd,nsfuzz,10,b_per,26.6
1776001102,bftpd,nsfuzz,10,b_abs,360
1776001102,bftpd,nsfuzz,10,l_per,39.6
1776001102,bftpd,nsfuzz,10,l_abs,887
1776001102,bftpd,nsfuzz,10,b_per,26.7
1776001102,bftpd,nsfuzz,10,b_abs,361
1776001102,bftpd,nsfuzz,10,l_per,39.6
1776001102,bftpd,nsfuzz,10,l_abs,887
1776001102,bftpd,nsfuzz,10,b_per,26.7
1776001102,bftpd,nsfuzz,10,b_abs,361
1776001102,bftpd,nsfuzz,10,l_per,39.7
1776001102,bftpd,nsfuzz,10,l_abs,891
1776001102,bftpd,nsfuzz,10,b_per,26.8
1776001102,bftpd,nsfuzz,10,b_abs,363
1776001102,bftpd,nsfuzz,10,l_per,40.0
1776001102,bftpd,nsfuzz,10,l_abs,896
1776001102,bftpd,nsfuzz,10,b_per,27.0
1776001102,bftpd,nsfuzz,10,b_abs,366
1776001102,bftpd,nsfuzz,10,l_per,40.0
1776001102,bftpd,nsfuzz,10,l_abs,896
1776001102,bftpd,nsfuzz,10,b_per,27.0
1776001102,bftpd,nsfuzz,10,b_abs,366
1776001102,bftpd,nsfuzz,10,l_per,40.0
1776001102,bftpd,nsfuzz,10,l_abs,896
1776001102,bftpd,nsfuzz,10,b_per,27.0
1776001102,bftpd,nsfuzz,10,b_abs,366
1776001102,bftpd,nsfuzz,10,l_per,40.0
1776001102,bftpd,nsfuzz,10,l_abs,896
1776001102,bftpd,nsfuzz,10,b_per,27.0
1776001102,bftpd,nsfuzz,10,b_abs,366
1776001102,bftpd,nsfuzz,10,l_per,40.0
1776001102,bftpd,nsfuzz,10,l_abs,896
1776001102,bftpd,nsfuzz,10,b_per,27.0
1776001102,bftpd,nsfuzz,10,b_abs,366
1776001102,bftpd,nsfuzz,10,l_per,40.0
1776001102,bftpd,nsfuzz,10,l_abs,896
1776001102,bftpd,nsfuzz,10,b_per,27.0
1776001102,bftpd,nsfuzz,10,b_abs,366
1776001103,bftpd,nsfuzz,10,l_per,40.0
1776001103,bftpd,nsfuzz,10,l_abs,896
1776001103,bftpd,nsfuzz,10,b_per,27.0
1776001103,bftpd,nsfuzz,10,b_abs,366
1776001103,bftpd,nsfuzz,10,l_per,40.0
1776001103,bftpd,nsfuzz,10,l_abs,896
1776001103,bftpd,nsfuzz,10,b_per,27.0
1776001103,bftpd,nsfuzz,10,b_abs,366
1776001103,bftpd,nsfuzz,10,l_per,40.0
1776001103,bftpd,nsfuzz,10,l_abs,896
1776001103,bftpd,nsfuzz,10,b_per,27.1
1776001103,bftpd,nsfuzz,10,b_abs,367
1776001103,bftpd,nsfuzz,10,l_per,40.0
1776001103,bftpd,nsfuzz,10,l_abs,896
1776001103,bftpd,nsfuzz,10,b_per,27.1
1776001103,bftpd,nsfuzz,10,b_abs,367
1776001103,bftpd,nsfuzz,10,l_per,40.1
1776001103,bftpd,nsfuzz,10,l_abs,899
1776001103,bftpd,nsfuzz,10,b_per,27.1
1776001103,bftpd,nsfuzz,10,b_abs,367
1776001103,bftpd,nsfuzz,10,l_per,40.1
1776001103,bftpd,nsfuzz,10,l_abs,899
1776001103,bftpd,nsfuzz,10,b_per,27.1
1776001103,bftpd,nsfuzz,10,b_abs,367
1776001103,bftpd,nsfuzz,10,l_per,40.1
1776001103,bftpd,nsfuzz,10,l_abs,899
1776001103,bftpd,nsfuzz,10,b_per,27.1
1776001103,bftpd,nsfuzz,10,b_abs,367
1776001103,bftpd,nsfuzz,10,l_per,40.1
1776001103,bftpd,nsfuzz,10,l_abs,899
1776001103,bftpd,nsfuzz,10,b_per,27.1
1776001103,bftpd,nsfuzz,10,b_abs,367
1776001103,bftpd,nsfuzz,10,l_per,40.1
1776001103,bftpd,nsfuzz,10,l_abs,899
1776001103,bftpd,nsfuzz,10,b_per,27.1
1776001103,bftpd,nsfuzz,10,b_abs,367
1776001104,bftpd,nsfuzz,10,l_per,40.1
1776001104,bftpd,nsfuzz,10,l_abs,899
1776001104,bftpd,nsfuzz,10,b_per,27.1
1776001104,bftpd,nsfuzz,10,b_abs,367
1776001104,bftpd,nsfuzz,10,l_per,40.1
1776001104,bftpd,nsfuzz,10,l_abs,899
1776001104,bftpd,nsfuzz,10,b_per,27.1
1776001104,bftpd,nsfuzz,10,b_abs,367
1776001104,bftpd,nsfuzz,10,l_per,40.1
1776001104,bftpd,nsfuzz,10,l_abs,899
1776001104,bftpd,nsfuzz,10,b_per,27.1
1776001104,bftpd,nsfuzz,10,b_abs,367
1776001104,bftpd,nsfuzz,10,l_per,40.1
1776001104,bftpd,nsfuzz,10,l_abs,899
1776001104,bftpd,nsfuzz,10,b_per,27.1
1776001104,bftpd,nsfuzz,10,b_abs,367
1776001104,bftpd,nsfuzz,10,l_per,40.1
1776001104,bftpd,nsfuzz,10,l_abs,899
1776001104,bftpd,nsfuzz,10,b_per,27.1
1776001104,bftpd,nsfuzz,10,b_abs,367
1776001104,bftpd,nsfuzz,10,l_per,40.1
1776001104,bftpd,nsfuzz,10,l_abs,899
1776001104,bftpd,nsfuzz,10,b_per,27.1
1776001104,bftpd,nsfuzz,10,b_abs,367
1776001104,bftpd,nsfuzz,10,l_per,40.1
1776001104,bftpd,nsfuzz,10,l_abs,899
1776001104,bftpd,nsfuzz,10,b_per,27.1
1776001104,bftpd,nsfuzz,10,b_abs,367
1776001105,bftpd,nsfuzz,10,l_per,40.1
1776001105,bftpd,nsfuzz,10,l_abs,899
1776001105,bftpd,nsfuzz,10,b_per,27.1
1776001105,bftpd,nsfuzz,10,b_abs,367
1776001105,bftpd,nsfuzz,10,l_per,40.1
1776001105,bftpd,nsfuzz,10,l_abs,899
1776001105,bftpd,nsfuzz,10,b_per,27.1
1776001105,bftpd,nsfuzz,10,b_abs,367
1776001105,bftpd,nsfuzz,10,l_per,40.1
1776001105,bftpd,nsfuzz,10,l_abs,899
1776001105,bftpd,nsfuzz,10,b_per,27.1
1776001105,bftpd,nsfuzz,10,b_abs,367
1776001105,bftpd,nsfuzz,10,l_per,40.1
1776001105,bftpd,nsfuzz,10,l_abs,899
1776001105,bftpd,nsfuzz,10,b_per,27.1
1776001105,bftpd,nsfuzz,10,b_abs,367
1776001105,bftpd,nsfuzz,10,l_per,40.2
1776001105,bftpd,nsfuzz,10,l_abs,901
1776001105,bftpd,nsfuzz,10,b_per,27.3
1776001105,bftpd,nsfuzz,10,b_abs,369
1776001105,bftpd,nsfuzz,10,l_per,40.2
1776001105,bftpd,nsfuzz,10,l_abs,901
1776001105,bftpd,nsfuzz,10,b_per,27.3
1776001105,bftpd,nsfuzz,10,b_abs,369
1776001105,bftpd,nsfuzz,10,l_per,40.2
1776001105,bftpd,nsfuzz,10,l_abs,901
1776001105,bftpd,nsfuzz,10,b_per,27.3
1776001105,bftpd,nsfuzz,10,b_abs,369
1776001106,bftpd,nsfuzz,10,l_per,40.2
1776001106,bftpd,nsfuzz,10,l_abs,901
1776001106,bftpd,nsfuzz,10,b_per,27.3
1776001106,bftpd,nsfuzz,10,b_abs,369
1776001106,bftpd,nsfuzz,10,l_per,40.2
1776001106,bftpd,nsfuzz,10,l_abs,901
1776001106,bftpd,nsfuzz,10,b_per,27.3
1776001106,bftpd,nsfuzz,10,b_abs,369
1776001106,bftpd,nsfuzz,10,l_per,40.2
1776001106,bftpd,nsfuzz,10,l_abs,901
1776001106,bftpd,nsfuzz,10,b_per,27.3
1776001106,bftpd,nsfuzz,10,b_abs,369
1776001106,bftpd,nsfuzz,10,l_per,40.2
1776001106,bftpd,nsfuzz,10,l_abs,901
1776001106,bftpd,nsfuzz,10,b_per,27.3
1776001106,bftpd,nsfuzz,10,b_abs,369
1776001106,bftpd,nsfuzz,10,l_per,40.2
1776001106,bftpd,nsfuzz,10,l_abs,901
1776001106,bftpd,nsfuzz,10,b_per,27.3
1776001106,bftpd,nsfuzz,10,b_abs,369
1776001106,bftpd,nsfuzz,10,l_per,40.2
1776001106,bftpd,nsfuzz,10,l_abs,901
1776001106,bftpd,nsfuzz,10,b_per,27.3
1776001106,bftpd,nsfuzz,10,b_abs,369
1776001107,bftpd,nsfuzz,10,l_per,40.2
1776001107,bftpd,nsfuzz,10,l_abs,901
1776001107,bftpd,nsfuzz,10,b_per,27.3
1776001107,bftpd,nsfuzz,10,b_abs,369
1776001107,bftpd,nsfuzz,10,l_per,40.2
1776001107,bftpd,nsfuzz,10,l_abs,901
1776001107,bftpd,nsfuzz,10,b_per,27.3
1776001107,bftpd,nsfuzz,10,b_abs,369
1776001107,bftpd,nsfuzz,10,l_per,40.2
1776001107,bftpd,nsfuzz,10,l_abs,901
1776001107,bftpd,nsfuzz,10,b_per,27.3
1776001107,bftpd,nsfuzz,10,b_abs,369
1776001107,bftpd,nsfuzz,10,l_per,40.2
1776001107,bftpd,nsfuzz,10,l_abs,901
1776001107,bftpd,nsfuzz,10,b_per,27.3
1776001107,bftpd,nsfuzz,10,b_abs,369
1776001107,bftpd,nsfuzz,10,l_per,40.2
1776001107,bftpd,nsfuzz,10,l_abs,901
1776001107,bftpd,nsfuzz,10,b_per,27.3
1776001107,bftpd,nsfuzz,10,b_abs,369
1776001108,bftpd,nsfuzz,10,l_per,40.5
1776001108,bftpd,nsfuzz,10,l_abs,909
1776001108,bftpd,nsfuzz,10,b_per,27.5
1776001108,bftpd,nsfuzz,10,b_abs,372
1776001108,bftpd,nsfuzz,10,l_per,40.5
1776001108,bftpd,nsfuzz,10,l_abs,909
1776001108,bftpd,nsfuzz,10,b_per,27.5
1776001108,bftpd,nsfuzz,10,b_abs,372
1776001108,bftpd,nsfuzz,10,l_per,40.5
1776001108,bftpd,nsfuzz,10,l_abs,909
1776001108,bftpd,nsfuzz,10,b_per,27.5
1776001108,bftpd,nsfuzz,10,b_abs,372
1776001109,bftpd,nsfuzz,10,l_per,41.0
1776001109,bftpd,nsfuzz,10,l_abs,920
1776001109,bftpd,nsfuzz,10,b_per,28.0
1776001109,bftpd,nsfuzz,10,b_abs,379
1776001109,bftpd,nsfuzz,10,l_per,41.0
1776001109,bftpd,nsfuzz,10,l_abs,920
1776001109,bftpd,nsfuzz,10,b_per,28.0
1776001109,bftpd,nsfuzz,10,b_abs,379
1776001109,bftpd,nsfuzz,10,l_per,41.0
1776001109,bftpd,nsfuzz,10,l_abs,920
1776001109,bftpd,nsfuzz,10,b_per,28.0
1776001109,bftpd,nsfuzz,10,b_abs,379
1776001110,bftpd,nsfuzz,10,l_per,41.0
1776001110,bftpd,nsfuzz,10,l_abs,920
1776001110,bftpd,nsfuzz,10,b_per,28.0
1776001110,bftpd,nsfuzz,10,b_abs,379
1776001110,bftpd,nsfuzz,10,l_per,41.0
1776001110,bftpd,nsfuzz,10,l_abs,920
1776001110,bftpd,nsfuzz,10,b_per,28.0
1776001110,bftpd,nsfuzz,10,b_abs,379
1776001110,bftpd,nsfuzz,10,l_per,41.0
1776001110,bftpd,nsfuzz,10,l_abs,920
1776001110,bftpd,nsfuzz,10,b_per,28.0
1776001110,bftpd,nsfuzz,10,b_abs,379
1776001110,bftpd,nsfuzz,10,l_per,41.4
1776001110,bftpd,nsfuzz,10,l_abs,930
1776001110,bftpd,nsfuzz,10,b_per,28.4
1776001110,bftpd,nsfuzz,10,b_abs,384
1776001110,bftpd,nsfuzz,10,l_per,41.4
1776001110,bftpd,nsfuzz,10,l_abs,930
1776001110,bftpd,nsfuzz,10,b_per,28.4
1776001110,bftpd,nsfuzz,10,b_abs,384
1776001110,bftpd,nsfuzz,10,l_per,41.4
1776001110,bftpd,nsfuzz,10,l_abs,930
1776001110,bftpd,nsfuzz,10,b_per,28.4
1776001110,bftpd,nsfuzz,10,b_abs,384
1776001110,bftpd,nsfuzz,10,l_per,41.4
1776001110,bftpd,nsfuzz,10,l_abs,930
1776001110,bftpd,nsfuzz,10,b_per,28.4
1776001110,bftpd,nsfuzz,10,b_abs,384
1776001110,bftpd,nsfuzz,10,l_per,41.4
1776001110,bftpd,nsfuzz,10,l_abs,930
1776001110,bftpd,nsfuzz,10,b_per,28.4
1776001110,bftpd,nsfuzz,10,b_abs,384
1776001112,bftpd,nsfuzz,10,l_per,41.4
1776001112,bftpd,nsfuzz,10,l_abs,930
1776001112,bftpd,nsfuzz,10,b_per,28.4
1776001112,bftpd,nsfuzz,10,b_abs,384
1776001112,bftpd,nsfuzz,10,l_per,41.4
1776001112,bftpd,nsfuzz,10,l_abs,930
1776001112,bftpd,nsfuzz,10,b_per,28.4
1776001112,bftpd,nsfuzz,10,b_abs,384
1776001112,bftpd,nsfuzz,10,l_per,41.7
1776001112,bftpd,nsfuzz,10,l_abs,935
1776001112,bftpd,nsfuzz,10,b_per,28.5
1776001112,bftpd,nsfuzz,10,b_abs,386
1776001112,bftpd,nsfuzz,10,l_per,41.7
1776001112,bftpd,nsfuzz,10,l_abs,935
1776001112,bftpd,nsfuzz,10,b_per,28.5
1776001112,bftpd,nsfuzz,10,b_abs,386
1776001112,bftpd,nsfuzz,10,l_per,41.7
1776001112,bftpd,nsfuzz,10,l_abs,935
1776001112,bftpd,nsfuzz,10,b_per,28.5
1776001112,bftpd,nsfuzz,10,b_abs,386
1776001113,bftpd,nsfuzz,10,l_per,41.7
1776001113,bftpd,nsfuzz,10,l_abs,935
1776001113,bftpd,nsfuzz,10,b_per,28.5
1776001113,bftpd,nsfuzz,10,b_abs,386
1776001113,bftpd,nsfuzz,10,l_per,41.7
1776001113,bftpd,nsfuzz,10,l_abs,935
1776001113,bftpd,nsfuzz,10,b_per,28.5
1776001113,bftpd,nsfuzz,10,b_abs,386
1776001114,bftpd,nsfuzz,10,l_per,42.1
1776001114,bftpd,nsfuzz,10,l_abs,944
1776001114,bftpd,nsfuzz,10,b_per,28.8
1776001114,bftpd,nsfuzz,10,b_abs,390
1776001114,bftpd,nsfuzz,10,l_per,42.1
1776001114,bftpd,nsfuzz,10,l_abs,944
1776001114,bftpd,nsfuzz,10,b_per,28.8
1776001114,bftpd,nsfuzz,10,b_abs,390
1776001115,bftpd,nsfuzz,10,l_per,42.1
1776001115,bftpd,nsfuzz,10,l_abs,944
1776001115,bftpd,nsfuzz,10,b_per,28.8
1776001115,bftpd,nsfuzz,10,b_abs,390
1776001115,bftpd,nsfuzz,10,l_per,42.1
1776001115,bftpd,nsfuzz,10,l_abs,944
1776001115,bftpd,nsfuzz,10,b_per,28.8
1776001115,bftpd,nsfuzz,10,b_abs,390
1776001115,bftpd,nsfuzz,10,l_per,42.2
1776001115,bftpd,nsfuzz,10,l_abs,946
1776001115,bftpd,nsfuzz,10,b_per,28.9
1776001115,bftpd,nsfuzz,10,b_abs,391
1776001115,bftpd,nsfuzz,10,l_per,42.2
1776001115,bftpd,nsfuzz,10,l_abs,946
1776001115,bftpd,nsfuzz,10,b_per,28.9
1776001115,bftpd,nsfuzz,10,b_abs,391
1776001116,bftpd,nsfuzz,10,l_per,42.2
1776001116,bftpd,nsfuzz,10,l_abs,946
1776001116,bftpd,nsfuzz,10,b_per,28.9
1776001116,bftpd,nsfuzz,10,b_abs,391
1776001116,bftpd,nsfuzz,10,l_per,42.2
1776001116,bftpd,nsfuzz,10,l_abs,946
1776001116,bftpd,nsfuzz,10,b_per,28.9
1776001116,bftpd,nsfuzz,10,b_abs,391
1776001116,bftpd,nsfuzz,10,l_per,42.2
1776001116,bftpd,nsfuzz,10,l_abs,946
1776001116,bftpd,nsfuzz,10,b_per,28.9
1776001116,bftpd,nsfuzz,10,b_abs,391
1776001116,bftpd,nsfuzz,10,l_per,42.2
1776001116,bftpd,nsfuzz,10,l_abs,946
1776001116,bftpd,nsfuzz,10,b_per,28.9
1776001116,bftpd,nsfuzz,10,b_abs,391
1776001117,bftpd,nsfuzz,10,l_per,42.2
1776001117,bftpd,nsfuzz,10,l_abs,946
1776001117,bftpd,nsfuzz,10,b_per,28.9
1776001117,bftpd,nsfuzz,10,b_abs,391
1776001117,bftpd,nsfuzz,10,l_per,42.2
1776001117,bftpd,nsfuzz,10,l_abs,946
1776001117,bftpd,nsfuzz,10,b_per,28.9
1776001117,bftpd,nsfuzz,10,b_abs,391
1776001118,bftpd,nsfuzz,10,l_per,42.2
1776001118,bftpd,nsfuzz,10,l_abs,946
1776001118,bftpd,nsfuzz,10,b_per,28.9
1776001118,bftpd,nsfuzz,10,b_abs,391
1776001118,bftpd,nsfuzz,10,l_per,42.2
1776001118,bftpd,nsfuzz,10,l_abs,946
1776001118,bftpd,nsfuzz,10,b_per,28.9
1776001118,bftpd,nsfuzz,10,b_abs,391
1776001118,bftpd,nsfuzz,10,l_per,42.2
1776001118,bftpd,nsfuzz,10,l_abs,946
1776001118,bftpd,nsfuzz,10,b_per,28.9
1776001118,bftpd,nsfuzz,10,b_abs,391
1776001119,bftpd,nsfuzz,10,l_per,42.2
1776001119,bftpd,nsfuzz,10,l_abs,946
1776001119,bftpd,nsfuzz,10,b_per,28.9
1776001119,bftpd,nsfuzz,10,b_abs,391
1776001119,bftpd,nsfuzz,10,l_per,42.2
1776001119,bftpd,nsfuzz,10,l_abs,946
1776001119,bftpd,nsfuzz,10,b_per,28.9
1776001119,bftpd,nsfuzz,10,b_abs,391
1776001120,bftpd,nsfuzz,10,l_per,42.2
1776001120,bftpd,nsfuzz,10,l_abs,946
1776001120,bftpd,nsfuzz,10,b_per,28.9
1776001120,bftpd,nsfuzz,10,b_abs,391
1776001120,bftpd,nsfuzz,10,l_per,42.2
1776001120,bftpd,nsfuzz,10,l_abs,946
1776001120,bftpd,nsfuzz,10,b_per,28.9
1776001120,bftpd,nsfuzz,10,b_abs,391
1776001121,bftpd,nsfuzz,10,l_per,42.2
1776001121,bftpd,nsfuzz,10,l_abs,946
1776001121,bftpd,nsfuzz,10,b_per,28.9
1776001121,bftpd,nsfuzz,10,b_abs,391
1776001121,bftpd,nsfuzz,10,l_per,42.2
1776001121,bftpd,nsfuzz,10,l_abs,946
1776001121,bftpd,nsfuzz,10,b_per,28.9
1776001121,bftpd,nsfuzz,10,b_abs,391
1776001122,bftpd,nsfuzz,10,l_per,42.2
1776001122,bftpd,nsfuzz,10,l_abs,946
1776001122,bftpd,nsfuzz,10,b_per,28.9
1776001122,bftpd,nsfuzz,10,b_abs,391
1776001123,bftpd,nsfuzz,10,l_per,42.2
1776001123,bftpd,nsfuzz,10,l_abs,946
1776001123,bftpd,nsfuzz,10,b_per,28.9
1776001123,bftpd,nsfuzz,10,b_abs,391
1776001123,bftpd,nsfuzz,10,l_per,42.2
1776001123,bftpd,nsfuzz,10,l_abs,946
1776001123,bftpd,nsfuzz,10,b_per,28.9
1776001123,bftpd,nsfuzz,10,b_abs,391
1776001123,bftpd,nsfuzz,10,l_per,42.2
1776001123,bftpd,nsfuzz,10,l_abs,946
1776001123,bftpd,nsfuzz,10,b_per,28.9
1776001123,bftpd,nsfuzz,10,b_abs,391
1776001124,bftpd,nsfuzz,10,l_per,42.2
1776001124,bftpd,nsfuzz,10,l_abs,946
1776001124,bftpd,nsfuzz,10,b_per,28.9
1776001124,bftpd,nsfuzz,10,b_abs,391
1776001125,bftpd,nsfuzz,10,l_per,42.2
1776001125,bftpd,nsfuzz,10,l_abs,946
1776001125,bftpd,nsfuzz,10,b_per,28.9
1776001125,bftpd,nsfuzz,10,b_abs,391
1776001126,bftpd,nsfuzz,10,l_per,42.2
1776001126,bftpd,nsfuzz,10,l_abs,946
1776001126,bftpd,nsfuzz,10,b_per,28.9
1776001126,bftpd,nsfuzz,10,b_abs,391
1776001126,bftpd,nsfuzz,10,l_per,42.2
1776001126,bftpd,nsfuzz,10,l_abs,946
1776001126,bftpd,nsfuzz,10,b_per,28.9
1776001126,bftpd,nsfuzz,10,b_abs,391
1776001127,bftpd,nsfuzz,10,l_per,42.2
1776001127,bftpd,nsfuzz,10,l_abs,946
1776001127,bftpd,nsfuzz,10,b_per,28.9
1776001127,bftpd,nsfuzz,10,b_abs,391
1776001127,bftpd,nsfuzz,10,l_per,42.2
1776001127,bftpd,nsfuzz,10,l_abs,946
1776001127,bftpd,nsfuzz,10,b_per,28.9
1776001127,bftpd,nsfuzz,10,b_abs,391
1776001128,bftpd,nsfuzz,10,l_per,42.2
1776001128,bftpd,nsfuzz,10,l_abs,946
1776001128,bftpd,nsfuzz,10,b_per,28.9
1776001128,bftpd,nsfuzz,10,b_abs,391
1776001128,bftpd,nsfuzz,10,l_per,42.3
1776001128,bftpd,nsfuzz,10,l_abs,949
1776001128,bftpd,nsfuzz,10,b_per,28.9
1776001128,bftpd,nsfuzz,10,b_abs,391
1776001129,bftpd,nsfuzz,10,l_per,42.5
1776001129,bftpd,nsfuzz,10,l_abs,954
1776001129,bftpd,nsfuzz,10,b_per,29.0
1776001129,bftpd,nsfuzz,10,b_abs,393
1776001129,bftpd,nsfuzz,10,l_per,42.5
1776001129,bftpd,nsfuzz,10,l_abs,954
1776001129,bftpd,nsfuzz,10,b_per,29.0
1776001129,bftpd,nsfuzz,10,b_abs,393
1776001129,bftpd,nsfuzz,10,l_per,42.5
1776001129,bftpd,nsfuzz,10,l_abs,954
1776001129,bftpd,nsfuzz,10,b_per,29.0
1776001129,bftpd,nsfuzz,10,b_abs,393
1776001130,bftpd,nsfuzz,10,l_per,42.5
1776001130,bftpd,nsfuzz,10,l_abs,954
1776001130,bftpd,nsfuzz,10,b_per,29.0
1776001130,bftpd,nsfuzz,10,b_abs,393
1776001130,bftpd,nsfuzz,10,l_per,42.5
1776001130,bftpd,nsfuzz,10,l_abs,954
1776001130,bftpd,nsfuzz,10,b_per,29.0
1776001130,bftpd,nsfuzz,10,b_abs,393
1776001131,bftpd,nsfuzz,10,l_per,42.5
1776001131,bftpd,nsfuzz,10,l_abs,954
1776001131,bftpd,nsfuzz,10,b_per,29.0
1776001131,bftpd,nsfuzz,10,b_abs,393
1776001131,bftpd,nsfuzz,10,l_per,42.5
1776001131,bftpd,nsfuzz,10,l_abs,954
1776001131,bftpd,nsfuzz,10,b_per,29.0
1776001131,bftpd,nsfuzz,10,b_abs,393
1776001131,bftpd,nsfuzz,10,l_per,42.8
1776001131,bftpd,nsfuzz,10,l_abs,961
1776001131,bftpd,nsfuzz,10,b_per,29.5
1776001131,bftpd,nsfuzz,10,b_abs,400
1776001131,bftpd,nsfuzz,10,l_per,43.3
1776001131,bftpd,nsfuzz,10,l_abs,973
1776001131,bftpd,nsfuzz,10,b_per,29.9
1776001131,bftpd,nsfuzz,10,b_abs,405
1776001132,bftpd,nsfuzz,10,l_per,43.3
1776001132,bftpd,nsfuzz,10,l_abs,973
1776001132,bftpd,nsfuzz,10,b_per,29.9
1776001132,bftpd,nsfuzz,10,b_abs,405
1776001132,bftpd,nsfuzz,10,l_per,43.3
1776001132,bftpd,nsfuzz,10,l_abs,973
1776001132,bftpd,nsfuzz,10,b_per,29.9
1776001132,bftpd,nsfuzz,10,b_abs,405
1776001132,bftpd,nsfuzz,10,l_per,44.4
1776001132,bftpd,nsfuzz,10,l_abs,997
1776001132,bftpd,nsfuzz,10,b_per,30.6
1776001132,bftpd,nsfuzz,10,b_abs,414
1776001133,bftpd,nsfuzz,10,l_per,44.7
1776001133,bftpd,nsfuzz,10,l_abs,1003
1776001133,bftpd,nsfuzz,10,b_per,30.8
1776001133,bftpd,nsfuzz,10,b_abs,417
1776001133,bftpd,nsfuzz,10,l_per,44.9
1776001133,bftpd,nsfuzz,10,l_abs,1008
1776001133,bftpd,nsfuzz,10,b_per,31.0
1776001133,bftpd,nsfuzz,10,b_abs,420
1776001133,bftpd,nsfuzz,10,l_per,44.9
1776001133,bftpd,nsfuzz,10,l_abs,1008
1776001133,bftpd,nsfuzz,10,b_per,31.0
1776001133,bftpd,nsfuzz,10,b_abs,420
1776001133,bftpd,nsfuzz,10,l_per,44.9
1776001133,bftpd,nsfuzz,10,l_abs,1008
1776001133,bftpd,nsfuzz,10,b_per,31.1
1776001133,bftpd,nsfuzz,10,b_abs,421
1776001134,bftpd,nsfuzz,10,l_per,44.9
1776001134,bftpd,nsfuzz,10,l_abs,1008
1776001134,bftpd,nsfuzz,10,b_per,31.1
1776001134,bftpd,nsfuzz,10,b_abs,421
1776001135,bftpd,nsfuzz,10,l_per,44.9
1776001135,bftpd,nsfuzz,10,l_abs,1008
1776001135,bftpd,nsfuzz,10,b_per,31.1
1776001135,bftpd,nsfuzz,10,b_abs,421
1776001137,bftpd,nsfuzz,10,l_per,44.9
1776001137,bftpd,nsfuzz,10,l_abs,1008
1776001137,bftpd,nsfuzz,10,b_per,31.1
1776001137,bftpd,nsfuzz,10,b_abs,421
1776001138,bftpd,nsfuzz,10,l_per,44.9
1776001138,bftpd,nsfuzz,10,l_abs,1008
1776001138,bftpd,nsfuzz,10,b_per,31.1
1776001138,bftpd,nsfuzz,10,b_abs,421
1776001138,bftpd,nsfuzz,10,l_per,44.9
1776001138,bftpd,nsfuzz,10,l_abs,1008
1776001138,bftpd,nsfuzz,10,b_per,31.1
1776001138,bftpd,nsfuzz,10,b_abs,421
1776001138,bftpd,nsfuzz,10,l_per,44.9
1776001138,bftpd,nsfuzz,10,l_abs,1008
1776001138,bftpd,nsfuzz,10,b_per,31.1
1776001138,bftpd,nsfuzz,10,b_abs,421
1776001138,bftpd,nsfuzz,10,l_per,44.9
1776001138,bftpd,nsfuzz,10,l_abs,1008
1776001138,bftpd,nsfuzz,10,b_per,31.1
1776001138,bftpd,nsfuzz,10,b_abs,421
1776001139,bftpd,nsfuzz,10,l_per,45.1
1776001139,bftpd,nsfuzz,10,l_abs,1012
1776001139,bftpd,nsfuzz,10,b_per,31.3
1776001139,bftpd,nsfuzz,10,b_abs,424
1776001139,bftpd,nsfuzz,10,l_per,45.1
1776001139,bftpd,nsfuzz,10,l_abs,1012
1776001139,bftpd,nsfuzz,10,b_per,31.3
1776001139,bftpd,nsfuzz,10,b_abs,424
1776001139,bftpd,nsfuzz,10,l_per,45.1
1776001139,bftpd,nsfuzz,10,l_abs,1012
1776001139,bftpd,nsfuzz,10,b_per,31.3
1776001139,bftpd,nsfuzz,10,b_abs,424
1776001139,bftpd,nsfuzz,10,l_per,45.1
1776001139,bftpd,nsfuzz,10,l_abs,1012
1776001139,bftpd,nsfuzz,10,b_per,31.3
1776001139,bftpd,nsfuzz,10,b_abs,424
1776001139,bftpd,nsfuzz,10,l_per,45.1
1776001139,bftpd,nsfuzz,10,l_abs,1012
1776001139,bftpd,nsfuzz,10,b_per,31.3
1776001139,bftpd,nsfuzz,10,b_abs,424
1776001139,bftpd,nsfuzz,10,l_per,45.1
1776001139,bftpd,nsfuzz,10,l_abs,1012
1776001139,bftpd,nsfuzz,10,b_per,31.3
1776001139,bftpd,nsfuzz,10,b_abs,424
1776001139,bftpd,nsfuzz,10,l_per,45.1
1776001139,bftpd,nsfuzz,10,l_abs,1012
1776001139,bftpd,nsfuzz,10,b_per,31.3
1776001139,bftpd,nsfuzz,10,b_abs,424
1776001140,bftpd,nsfuzz,10,l_per,45.1
1776001140,bftpd,nsfuzz,10,l_abs,1012
1776001140,bftpd,nsfuzz,10,b_per,31.4
1776001140,bftpd,nsfuzz,10,b_abs,425
1776001140,bftpd,nsfuzz,10,l_per,45.1
1776001140,bftpd,nsfuzz,10,l_abs,1012
1776001140,bftpd,nsfuzz,10,b_per,31.4
1776001140,bftpd,nsfuzz,10,b_abs,425
1776001140,bftpd,nsfuzz,10,l_per,45.1
1776001140,bftpd,nsfuzz,10,l_abs,1012
1776001140,bftpd,nsfuzz,10,b_per,31.4
1776001140,bftpd,nsfuzz,10,b_abs,425
1776001140,bftpd,nsfuzz,10,l_per,45.1
1776001140,bftpd,nsfuzz,10,l_abs,1012
1776001140,bftpd,nsfuzz,10,b_per,31.4
1776001140,bftpd,nsfuzz,10,b_abs,425
1776001140,bftpd,nsfuzz,10,l_per,45.3
1776001140,bftpd,nsfuzz,10,l_abs,1018
1776001140,bftpd,nsfuzz,10,b_per,31.6
1776001140,bftpd,nsfuzz,10,b_abs,428
1776001140,bftpd,nsfuzz,10,l_per,45.3
1776001140,bftpd,nsfuzz,10,l_abs,1018
1776001140,bftpd,nsfuzz,10,b_per,31.6
1776001140,bftpd,nsfuzz,10,b_abs,428
1776001140,bftpd,nsfuzz,10,l_per,45.3
1776001140,bftpd,nsfuzz,10,l_abs,1018
1776001140,bftpd,nsfuzz,10,b_per,31.6
1776001140,bftpd,nsfuzz,10,b_abs,428
1776001141,bftpd,nsfuzz,10,l_per,45.3
1776001141,bftpd,nsfuzz,10,l_abs,1018
1776001141,bftpd,nsfuzz,10,b_per,31.6
1776001141,bftpd,nsfuzz,10,b_abs,428
1776001141,bftpd,nsfuzz,10,l_per,45.3
1776001141,bftpd,nsfuzz,10,l_abs,1018
1776001141,bftpd,nsfuzz,10,b_per,31.6
1776001141,bftpd,nsfuzz,10,b_abs,428
1776001141,bftpd,nsfuzz,10,l_per,45.4
1776001141,bftpd,nsfuzz,10,l_abs,1019
1776001141,bftpd,nsfuzz,10,b_per,31.7
1776001141,bftpd,nsfuzz,10,b_abs,429
1776001141,bftpd,nsfuzz,10,l_per,45.4
1776001141,bftpd,nsfuzz,10,l_abs,1019
1776001141,bftpd,nsfuzz,10,b_per,31.7
1776001141,bftpd,nsfuzz,10,b_abs,429
1776001141,bftpd,nsfuzz,10,l_per,45.4
1776001141,bftpd,nsfuzz,10,l_abs,1019
1776001141,bftpd,nsfuzz,10,b_per,31.7
1776001141,bftpd,nsfuzz,10,b_abs,429
1776001142,bftpd,nsfuzz,10,l_per,45.4
1776001142,bftpd,nsfuzz,10,l_abs,1019
1776001142,bftpd,nsfuzz,10,b_per,31.7
1776001142,bftpd,nsfuzz,10,b_abs,429
1776001142,bftpd,nsfuzz,10,l_per,45.4
1776001142,bftpd,nsfuzz,10,l_abs,1019
1776001142,bftpd,nsfuzz,10,b_per,31.7
1776001142,bftpd,nsfuzz,10,b_abs,429
1776001142,bftpd,nsfuzz,10,l_per,45.6
1776001142,bftpd,nsfuzz,10,l_abs,1025
1776001142,bftpd,nsfuzz,10,b_per,31.9
1776001142,bftpd,nsfuzz,10,b_abs,432
1776001142,bftpd,nsfuzz,10,l_per,45.6
1776001142,bftpd,nsfuzz,10,l_abs,1025
1776001142,bftpd,nsfuzz,10,b_per,31.9
1776001142,bftpd,nsfuzz,10,b_abs,432
1776001142,bftpd,nsfuzz,10,l_per,45.6
1776001142,bftpd,nsfuzz,10,l_abs,1025
1776001142,bftpd,nsfuzz,10,b_per,31.9
1776001142,bftpd,nsfuzz,10,b_abs,432
1776001142,bftpd,nsfuzz,10,l_per,45.6
1776001142,bftpd,nsfuzz,10,l_abs,1025
1776001142,bftpd,nsfuzz,10,b_per,31.9
1776001142,bftpd,nsfuzz,10,b_abs,432
1776001143,bftpd,nsfuzz,10,l_per,45.6
1776001143,bftpd,nsfuzz,10,l_abs,1025
1776001143,bftpd,nsfuzz,10,b_per,31.9
1776001143,bftpd,nsfuzz,10,b_abs,432
1776001143,bftpd,nsfuzz,10,l_per,45.6
1776001143,bftpd,nsfuzz,10,l_abs,1025
1776001143,bftpd,nsfuzz,10,b_per,31.9
1776001143,bftpd,nsfuzz,10,b_abs,432
1776001143,bftpd,nsfuzz,10,l_per,45.6
1776001143,bftpd,nsfuzz,10,l_abs,1025
1776001143,bftpd,nsfuzz,10,b_per,31.9
1776001143,bftpd,nsfuzz,10,b_abs,432
1776001143,bftpd,nsfuzz,10,l_per,45.6
1776001143,bftpd,nsfuzz,10,l_abs,1025
1776001143,bftpd,nsfuzz,10,b_per,31.9
1776001143,bftpd,nsfuzz,10,b_abs,432
1776001144,bftpd,nsfuzz,10,l_per,45.6
1776001144,bftpd,nsfuzz,10,l_abs,1025
1776001144,bftpd,nsfuzz,10,b_per,31.9
1776001144,bftpd,nsfuzz,10,b_abs,432
1776001145,bftpd,nsfuzz,10,l_per,45.6
1776001145,bftpd,nsfuzz,10,l_abs,1025
1776001145,bftpd,nsfuzz,10,b_per,31.9
1776001145,bftpd,nsfuzz,10,b_abs,432
1776001145,bftpd,nsfuzz,10,l_per,45.8
1776001145,bftpd,nsfuzz,10,l_abs,1029
1776001145,bftpd,nsfuzz,10,b_per,31.9
1776001145,bftpd,nsfuzz,10,b_abs,432
1776001145,bftpd,nsfuzz,10,l_per,45.8
1776001145,bftpd,nsfuzz,10,l_abs,1029
1776001145,bftpd,nsfuzz,10,b_per,31.9
1776001145,bftpd,nsfuzz,10,b_abs,432
1776001145,bftpd,nsfuzz,10,l_per,45.8
1776001145,bftpd,nsfuzz,10,l_abs,1029
1776001145,bftpd,nsfuzz,10,b_per,31.9
1776001145,bftpd,nsfuzz,10,b_abs,432
1776001146,bftpd,nsfuzz,10,l_per,45.8
1776001146,bftpd,nsfuzz,10,l_abs,1029
1776001146,bftpd,nsfuzz,10,b_per,31.9
1776001146,bftpd,nsfuzz,10,b_abs,432
1776001146,bftpd,nsfuzz,10,l_per,45.8
1776001146,bftpd,nsfuzz,10,l_abs,1029
1776001146,bftpd,nsfuzz,10,b_per,31.9
1776001146,bftpd,nsfuzz,10,b_abs,432
1776001146,bftpd,nsfuzz,10,l_per,45.8
1776001146,bftpd,nsfuzz,10,l_abs,1029
1776001146,bftpd,nsfuzz,10,b_per,31.9
1776001146,bftpd,nsfuzz,10,b_abs,432
1776001146,bftpd,nsfuzz,10,l_per,45.8
1776001146,bftpd,nsfuzz,10,l_abs,1029
1776001146,bftpd,nsfuzz,10,b_per,31.9
1776001146,bftpd,nsfuzz,10,b_abs,432
1776001148,bftpd,nsfuzz,10,l_per,45.8
1776001148,bftpd,nsfuzz,10,l_abs,1029
1776001148,bftpd,nsfuzz,10,b_per,31.9
1776001148,bftpd,nsfuzz,10,b_abs,432
1776001148,bftpd,nsfuzz,10,l_per,45.8
1776001148,bftpd,nsfuzz,10,l_abs,1029
1776001148,bftpd,nsfuzz,10,b_per,31.9
1776001148,bftpd,nsfuzz,10,b_abs,432
1776001149,bftpd,nsfuzz,10,l_per,45.8
1776001149,bftpd,nsfuzz,10,l_abs,1029
1776001149,bftpd,nsfuzz,10,b_per,31.9
1776001149,bftpd,nsfuzz,10,b_abs,432
1776001149,bftpd,nsfuzz,10,l_per,45.8
1776001149,bftpd,nsfuzz,10,l_abs,1029
1776001149,bftpd,nsfuzz,10,b_per,31.9
1776001149,bftpd,nsfuzz,10,b_abs,432
1776001149,bftpd,nsfuzz,10,l_per,45.8
1776001149,bftpd,nsfuzz,10,l_abs,1029
1776001149,bftpd,nsfuzz,10,b_per,31.9
1776001149,bftpd,nsfuzz,10,b_abs,432
1776001150,bftpd,nsfuzz,10,l_per,45.8
1776001150,bftpd,nsfuzz,10,l_abs,1029
1776001150,bftpd,nsfuzz,10,b_per,32.1
1776001150,bftpd,nsfuzz,10,b_abs,435
1776001150,bftpd,nsfuzz,10,l_per,45.8
1776001150,bftpd,nsfuzz,10,l_abs,1029
1776001150,bftpd,nsfuzz,10,b_per,32.1
1776001150,bftpd,nsfuzz,10,b_abs,435
1776001151,bftpd,nsfuzz,10,l_per,45.8
1776001151,bftpd,nsfuzz,10,l_abs,1029
1776001151,bftpd,nsfuzz,10,b_per,32.1
1776001151,bftpd,nsfuzz,10,b_abs,435
1776001151,bftpd,nsfuzz,10,l_per,45.8
1776001151,bftpd,nsfuzz,10,l_abs,1029
1776001151,bftpd,nsfuzz,10,b_per,32.1
1776001151,bftpd,nsfuzz,10,b_abs,435
1776001152,bftpd,nsfuzz,10,l_per,45.8
1776001152,bftpd,nsfuzz,10,l_abs,1029
1776001152,bftpd,nsfuzz,10,b_per,32.1
1776001152,bftpd,nsfuzz,10,b_abs,435
1776001152,bftpd,nsfuzz,10,l_per,45.8
1776001152,bftpd,nsfuzz,10,l_abs,1029
1776001152,bftpd,nsfuzz,10,b_per,32.1
1776001152,bftpd,nsfuzz,10,b_abs,435
1776001152,bftpd,nsfuzz,10,l_per,45.8
1776001152,bftpd,nsfuzz,10,l_abs,1029
1776001152,bftpd,nsfuzz,10,b_per,32.1
1776001152,bftpd,nsfuzz,10,b_abs,435
1776001153,bftpd,nsfuzz,10,l_per,45.8
1776001153,bftpd,nsfuzz,10,l_abs,1029
1776001153,bftpd,nsfuzz,10,b_per,32.1
1776001153,bftpd,nsfuzz,10,b_abs,435
1776001153,bftpd,nsfuzz,10,l_per,45.8
1776001153,bftpd,nsfuzz,10,l_abs,1029
1776001153,bftpd,nsfuzz,10,b_per,32.1
1776001153,bftpd,nsfuzz,10,b_abs,435
1776001154,bftpd,nsfuzz,10,l_per,45.8
1776001154,bftpd,nsfuzz,10,l_abs,1029
1776001154,bftpd,nsfuzz,10,b_per,32.1
1776001154,bftpd,nsfuzz,10,b_abs,435
1776001154,bftpd,nsfuzz,10,l_per,45.8
1776001154,bftpd,nsfuzz,10,l_abs,1029
1776001154,bftpd,nsfuzz,10,b_per,32.1
1776001154,bftpd,nsfuzz,10,b_abs,435
1776001155,bftpd,nsfuzz,10,l_per,45.9
1776001155,bftpd,nsfuzz,10,l_abs,1032
1776001155,bftpd,nsfuzz,10,b_per,32.3
1776001155,bftpd,nsfuzz,10,b_abs,437
1776001156,bftpd,nsfuzz,10,l_per,45.9
1776001156,bftpd,nsfuzz,10,l_abs,1032
1776001156,bftpd,nsfuzz,10,b_per,32.3
1776001156,bftpd,nsfuzz,10,b_abs,437
1776001156,bftpd,nsfuzz,10,l_per,45.9
1776001156,bftpd,nsfuzz,10,l_abs,1032
1776001156,bftpd,nsfuzz,10,b_per,32.3
1776001156,bftpd,nsfuzz,10,b_abs,437
1776001157,bftpd,nsfuzz,10,l_per,45.9
1776001157,bftpd,nsfuzz,10,l_abs,1032
1776001157,bftpd,nsfuzz,10,b_per,32.3
1776001157,bftpd,nsfuzz,10,b_abs,437
1776001158,bftpd,nsfuzz,10,l_per,45.9
1776001158,bftpd,nsfuzz,10,l_abs,1032
1776001158,bftpd,nsfuzz,10,b_per,32.3
1776001158,bftpd,nsfuzz,10,b_abs,437
1776001158,bftpd,nsfuzz,10,l_per,45.9
1776001158,bftpd,nsfuzz,10,l_abs,1032
1776001158,bftpd,nsfuzz,10,b_per,32.3
1776001158,bftpd,nsfuzz,10,b_abs,437
1776001161,bftpd,nsfuzz,10,l_per,45.9
1776001161,bftpd,nsfuzz,10,l_abs,1032
1776001161,bftpd,nsfuzz,10,b_per,32.3
1776001161,bftpd,nsfuzz,10,b_abs,437
1776001162,bftpd,nsfuzz,10,l_per,45.9
1776001162,bftpd,nsfuzz,10,l_abs,1032
1776001162,bftpd,nsfuzz,10,b_per,32.3
1776001162,bftpd,nsfuzz,10,b_abs,437
1776001163,bftpd,nsfuzz,10,l_per,45.9
1776001163,bftpd,nsfuzz,10,l_abs,1032
1776001163,bftpd,nsfuzz,10,b_per,32.3
1776001163,bftpd,nsfuzz,10,b_abs,437
1776001163,bftpd,nsfuzz,10,l_per,45.9
1776001163,bftpd,nsfuzz,10,l_abs,1032
1776001163,bftpd,nsfuzz,10,b_per,32.3
1776001163,bftpd,nsfuzz,10,b_abs,437
1776001164,bftpd,nsfuzz,10,l_per,45.9
1776001164,bftpd,nsfuzz,10,l_abs,1032
1776001164,bftpd,nsfuzz,10,b_per,32.3
1776001164,bftpd,nsfuzz,10,b_abs,437
1776001164,bftpd,nsfuzz,10,l_per,46.0
1776001164,bftpd,nsfuzz,10,l_abs,1033
1776001164,bftpd,nsfuzz,10,b_per,32.3
1776001164,bftpd,nsfuzz,10,b_abs,438
1776001164,bftpd,nsfuzz,10,l_per,46.0
1776001164,bftpd,nsfuzz,10,l_abs,1033
1776001164,bftpd,nsfuzz,10,b_per,32.3
1776001164,bftpd,nsfuzz,10,b_abs,438
1776001165,bftpd,nsfuzz,10,l_per,46.0
1776001165,bftpd,nsfuzz,10,l_abs,1033
1776001165,bftpd,nsfuzz,10,b_per,32.3
1776001165,bftpd,nsfuzz,10,b_abs,438
1776001165,bftpd,nsfuzz,10,l_per,46.2
1776001165,bftpd,nsfuzz,10,l_abs,1038
1776001165,bftpd,nsfuzz,10,b_per,32.6
1776001165,bftpd,nsfuzz,10,b_abs,442
1776001165,bftpd,nsfuzz,10,l_per,46.2
1776001165,bftpd,nsfuzz,10,l_abs,1038
1776001165,bftpd,nsfuzz,10,b_per,32.6
1776001165,bftpd,nsfuzz,10,b_abs,442
1776001166,bftpd,nsfuzz,10,l_per,46.6
1776001166,bftpd,nsfuzz,10,l_abs,1047
1776001166,bftpd,nsfuzz,10,b_per,32.9
1776001166,bftpd,nsfuzz,10,b_abs,446
1776001167,bftpd,nsfuzz,10,l_per,46.7
1776001167,bftpd,nsfuzz,10,l_abs,1049
1776001167,bftpd,nsfuzz,10,b_per,33.0
1776001167,bftpd,nsfuzz,10,b_abs,447
1776001167,bftpd,nsfuzz,10,l_per,46.8
1776001167,bftpd,nsfuzz,10,l_abs,1051
1776001167,bftpd,nsfuzz,10,b_per,33.1
1776001167,bftpd,nsfuzz,10,b_abs,448
1776001167,bftpd,nsfuzz,10,l_per,46.8
1776001167,bftpd,nsfuzz,10,l_abs,1051
1776001167,bftpd,nsfuzz,10,b_per,33.1
1776001167,bftpd,nsfuzz,10,b_abs,448
1776001167,bftpd,nsfuzz,10,l_per,47.0
1776001167,bftpd,nsfuzz,10,l_abs,1056
1776001167,bftpd,nsfuzz,10,b_per,33.3
1776001167,bftpd,nsfuzz,10,b_abs,451
1776001168,bftpd,nsfuzz,10,l_per,47.0
1776001168,bftpd,nsfuzz,10,l_abs,1056
1776001168,bftpd,nsfuzz,10,b_per,33.3
1776001168,bftpd,nsfuzz,10,b_abs,451
1776001169,bftpd,nsfuzz,10,l_per,47.0
1776001169,bftpd,nsfuzz,10,l_abs,1056
1776001169,bftpd,nsfuzz,10,b_per,33.3
1776001169,bftpd,nsfuzz,10,b_abs,451
1776001169,bftpd,nsfuzz,10,l_per,47.0
1776001169,bftpd,nsfuzz,10,l_abs,1056
1776001169,bftpd,nsfuzz,10,b_per,33.3
1776001169,bftpd,nsfuzz,10,b_abs,451
1776001169,bftpd,nsfuzz,10,l_per,47.0
1776001169,bftpd,nsfuzz,10,l_abs,1056
1776001169,bftpd,nsfuzz,10,b_per,33.3
1776001169,bftpd,nsfuzz,10,b_abs,451
1776001180,bftpd,nsfuzz,10,l_per,47.0
1776001180,bftpd,nsfuzz,10,l_abs,1056
1776001180,bftpd,nsfuzz,10,b_per,33.3
1776001180,bftpd,nsfuzz,10,b_abs,451
1776001181,bftpd,nsfuzz,10,l_per,47.0
1776001181,bftpd,nsfuzz,10,l_abs,1056
1776001181,bftpd,nsfuzz,10,b_per,33.3
1776001181,bftpd,nsfuzz,10,b_abs,451
1776001181,bftpd,nsfuzz,10,l_per,47.0
1776001181,bftpd,nsfuzz,10,l_abs,1056
1776001181,bftpd,nsfuzz,10,b_per,33.3
1776001181,bftpd,nsfuzz,10,b_abs,451
1776001181,bftpd,nsfuzz,10,l_per,47.0
1776001181,bftpd,nsfuzz,10,l_abs,1056
1776001181,bftpd,nsfuzz,10,b_per,33.3
1776001181,bftpd,nsfuzz,10,b_abs,451
1776001181,bftpd,nsfuzz,10,l_per,47.0
1776001181,bftpd,nsfuzz,10,l_abs,1056
1776001181,bftpd,nsfuzz,10,b_per,33.3
1776001181,bftpd,nsfuzz,10,b_abs,451
1776001182,bftpd,nsfuzz,10,l_per,47.0
1776001182,bftpd,nsfuzz,10,l_abs,1056
1776001182,bftpd,nsfuzz,10,b_per,33.3
1776001182,bftpd,nsfuzz,10,b_abs,451
1776001183,bftpd,nsfuzz,10,l_per,47.0
1776001183,bftpd,nsfuzz,10,l_abs,1056
1776001183,bftpd,nsfuzz,10,b_per,33.3
1776001183,bftpd,nsfuzz,10,b_abs,451
1776001184,bftpd,nsfuzz,10,l_per,47.0
1776001184,bftpd,nsfuzz,10,l_abs,1056
1776001184,bftpd,nsfuzz,10,b_per,33.3
1776001184,bftpd,nsfuzz,10,b_abs,451
1776001184,bftpd,nsfuzz,10,l_per,47.0
1776001184,bftpd,nsfuzz,10,l_abs,1056
1776001184,bftpd,nsfuzz,10,b_per,33.3
1776001184,bftpd,nsfuzz,10,b_abs,451
1776001185,bftpd,nsfuzz,10,l_per,47.0
1776001185,bftpd,nsfuzz,10,l_abs,1056
1776001185,bftpd,nsfuzz,10,b_per,33.3
1776001185,bftpd,nsfuzz,10,b_abs,451
1776001185,bftpd,nsfuzz,10,l_per,47.0
1776001185,bftpd,nsfuzz,10,l_abs,1056
1776001185,bftpd,nsfuzz,10,b_per,33.3
1776001185,bftpd,nsfuzz,10,b_abs,451
1776001185,bftpd,nsfuzz,10,l_per,47.0
1776001185,bftpd,nsfuzz,10,l_abs,1056
1776001185,bftpd,nsfuzz,10,b_per,33.3
1776001185,bftpd,nsfuzz,10,b_abs,451
1776001188,bftpd,nsfuzz,10,l_per,47.0
1776001188,bftpd,nsfuzz,10,l_abs,1056
1776001188,bftpd,nsfuzz,10,b_per,33.3
1776001188,bftpd,nsfuzz,10,b_abs,451
1776001189,bftpd,nsfuzz,10,l_per,47.0
1776001189,bftpd,nsfuzz,10,l_abs,1056
1776001189,bftpd,nsfuzz,10,b_per,33.3
1776001189,bftpd,nsfuzz,10,b_abs,451
1776001190,bftpd,nsfuzz,10,l_per,47.0
1776001190,bftpd,nsfuzz,10,l_abs,1056
1776001190,bftpd,nsfuzz,10,b_per,33.3
1776001190,bftpd,nsfuzz,10,b_abs,451
1776001191,bftpd,nsfuzz,10,l_per,47.0
1776001191,bftpd,nsfuzz,10,l_abs,1056
1776001191,bftpd,nsfuzz,10,b_per,33.3
1776001191,bftpd,nsfuzz,10,b_abs,451
1776001192,bftpd,nsfuzz,10,l_per,47.0
1776001192,bftpd,nsfuzz,10,l_abs,1056
1776001192,bftpd,nsfuzz,10,b_per,33.3
1776001192,bftpd,nsfuzz,10,b_abs,451
1776001193,bftpd,nsfuzz,10,l_per,47.0
1776001193,bftpd,nsfuzz,10,l_abs,1056
1776001193,bftpd,nsfuzz,10,b_per,33.3
1776001193,bftpd,nsfuzz,10,b_abs,451
1776001195,bftpd,nsfuzz,10,l_per,47.0
1776001195,bftpd,nsfuzz,10,l_abs,1056
1776001195,bftpd,nsfuzz,10,b_per,33.3
1776001195,bftpd,nsfuzz,10,b_abs,451
1776001195,bftpd,nsfuzz,10,l_per,47.0
1776001195,bftpd,nsfuzz,10,l_abs,1056
1776001195,bftpd,nsfuzz,10,b_per,33.3
1776001195,bftpd,nsfuzz,10,b_abs,451
1776001195,bftpd,nsfuzz,10,l_per,47.0
1776001195,bftpd,nsfuzz,10,l_abs,1056
1776001195,bftpd,nsfuzz,10,b_per,33.4
1776001195,bftpd,nsfuzz,10,b_abs,452
1776001195,bftpd,nsfuzz,10,l_per,47.0
1776001195,bftpd,nsfuzz,10,l_abs,1056
1776001195,bftpd,nsfuzz,10,b_per,33.5
1776001195,bftpd,nsfuzz,10,b_abs,453
1776001196,bftpd,nsfuzz,10,l_per,47.0
1776001196,bftpd,nsfuzz,10,l_abs,1056
1776001196,bftpd,nsfuzz,10,b_per,33.5
1776001196,bftpd,nsfuzz,10,b_abs,453
1776001197,bftpd,nsfuzz,10,l_per,47.0
1776001197,bftpd,nsfuzz,10,l_abs,1056
1776001197,bftpd,nsfuzz,10,b_per,33.5
1776001197,bftpd,nsfuzz,10,b_abs,453
1776001198,bftpd,nsfuzz,10,l_per,47.0
1776001198,bftpd,nsfuzz,10,l_abs,1056
1776001198,bftpd,nsfuzz,10,b_per,33.5
1776001198,bftpd,nsfuzz,10,b_abs,453
1776001199,bftpd,nsfuzz,10,l_per,47.0
1776001199,bftpd,nsfuzz,10,l_abs,1056
1776001199,bftpd,nsfuzz,10,b_per,33.5
1776001199,bftpd,nsfuzz,10,b_abs,453
1776001199,bftpd,nsfuzz,10,l_per,47.0
1776001199,bftpd,nsfuzz,10,l_abs,1057
1776001199,bftpd,nsfuzz,10,b_per,33.5
1776001199,bftpd,nsfuzz,10,b_abs,454
1776001202,bftpd,nsfuzz,10,l_per,47.0
1776001202,bftpd,nsfuzz,10,l_abs,1057
1776001202,bftpd,nsfuzz,10,b_per,33.5
1776001202,bftpd,nsfuzz,10,b_abs,454
1776001204,bftpd,nsfuzz,10,l_per,47.0
1776001204,bftpd,nsfuzz,10,l_abs,1057
1776001204,bftpd,nsfuzz,10,b_per,33.5
1776001204,bftpd,nsfuzz,10,b_abs,454
1776001204,bftpd,nsfuzz,10,l_per,47.0
1776001204,bftpd,nsfuzz,10,l_abs,1057
1776001204,bftpd,nsfuzz,10,b_per,33.5
1776001204,bftpd,nsfuzz,10,b_abs,454
1776001205,bftpd,nsfuzz,10,l_per,47.0
1776001205,bftpd,nsfuzz,10,l_abs,1057
1776001205,bftpd,nsfuzz,10,b_per,33.5
1776001205,bftpd,nsfuzz,10,b_abs,454
1776001205,bftpd,nsfuzz,10,l_per,47.1
1776001205,bftpd,nsfuzz,10,l_abs,1060
1776001205,bftpd,nsfuzz,10,b_per,33.6
1776001205,bftpd,nsfuzz,10,b_abs,455
1776001208,bftpd,nsfuzz,10,l_per,47.1
1776001208,bftpd,nsfuzz,10,l_abs,1060
1776001208,bftpd,nsfuzz,10,b_per,33.6
1776001208,bftpd,nsfuzz,10,b_abs,455
1776001208,bftpd,nsfuzz,10,l_per,47.1
1776001208,bftpd,nsfuzz,10,l_abs,1060
1776001208,bftpd,nsfuzz,10,b_per,33.6
1776001208,bftpd,nsfuzz,10,b_abs,455
1776001209,bftpd,nsfuzz,10,l_per,47.1
1776001209,bftpd,nsfuzz,10,l_abs,1060
1776001209,bftpd,nsfuzz,10,b_per,33.6
1776001209,bftpd,nsfuzz,10,b_abs,455
1776001210,bftpd,nsfuzz,10,l_per,47.2
1776001210,bftpd,nsfuzz,10,l_abs,1062
1776001210,bftpd,nsfuzz,10,b_per,33.8
1776001210,bftpd,nsfuzz,10,b_abs,457
1776001211,bftpd,nsfuzz,10,l_per,47.2
1776001211,bftpd,nsfuzz,10,l_abs,1062
1776001211,bftpd,nsfuzz,10,b_per,33.8
1776001211,bftpd,nsfuzz,10,b_abs,457
1776001213,bftpd,nsfuzz,10,l_per,47.5
1776001213,bftpd,nsfuzz,10,l_abs,1068
1776001213,bftpd,nsfuzz,10,b_per,33.9
1776001213,bftpd,nsfuzz,10,b_abs,459
1776001214,bftpd,nsfuzz,10,l_per,47.5
1776001214,bftpd,nsfuzz,10,l_abs,1068
1776001214,bftpd,nsfuzz,10,b_per,33.9
1776001214,bftpd,nsfuzz,10,b_abs,459
1776001214,bftpd,nsfuzz,10,l_per,47.5
1776001214,bftpd,nsfuzz,10,l_abs,1068
1776001214,bftpd,nsfuzz,10,b_per,33.9
1776001214,bftpd,nsfuzz,10,b_abs,459
1776001216,bftpd,nsfuzz,10,l_per,47.5
1776001216,bftpd,nsfuzz,10,l_abs,1068
1776001216,bftpd,nsfuzz,10,b_per,33.9
1776001216,bftpd,nsfuzz,10,b_abs,459
1776001223,bftpd,nsfuzz,10,l_per,47.5
1776001223,bftpd,nsfuzz,10,l_abs,1068
1776001223,bftpd,nsfuzz,10,b_per,33.9
1776001223,bftpd,nsfuzz,10,b_abs,459
1776001224,bftpd,nsfuzz,10,l_per,47.5
1776001224,bftpd,nsfuzz,10,l_abs,1068
1776001224,bftpd,nsfuzz,10,b_per,33.9
1776001224,bftpd,nsfuzz,10,b_abs,459
1776001227,bftpd,nsfuzz,10,l_per,47.5
1776001227,bftpd,nsfuzz,10,l_abs,1068
1776001227,bftpd,nsfuzz,10,b_per,33.9
1776001227,bftpd,nsfuzz,10,b_abs,459
1776001230,bftpd,nsfuzz,10,l_per,47.5
1776001230,bftpd,nsfuzz,10,l_abs,1068
1776001230,bftpd,nsfuzz,10,b_per,33.9
1776001230,bftpd,nsfuzz,10,b_abs,459
1776001231,bftpd,nsfuzz,10,l_per,47.5
1776001231,bftpd,nsfuzz,10,l_abs,1068
1776001231,bftpd,nsfuzz,10,b_per,33.9
1776001231,bftpd,nsfuzz,10,b_abs,459
1776001233,bftpd,nsfuzz,10,l_per,47.5
1776001233,bftpd,nsfuzz,10,l_abs,1068
1776001233,bftpd,nsfuzz,10,b_per,33.9
1776001233,bftpd,nsfuzz,10,b_abs,459
1776001233,bftpd,nsfuzz,10,l_per,47.5
1776001233,bftpd,nsfuzz,10,l_abs,1068
1776001233,bftpd,nsfuzz,10,b_per,33.9
1776001233,bftpd,nsfuzz,10,b_abs,459
1776001234,bftpd,nsfuzz,10,l_per,47.5
1776001234,bftpd,nsfuzz,10,l_abs,1068
1776001234,bftpd,nsfuzz,10,b_per,33.9
1776001234,bftpd,nsfuzz,10,b_abs,459
1776001235,bftpd,nsfuzz,10,l_per,47.5
1776001235,bftpd,nsfuzz,10,l_abs,1068
1776001235,bftpd,nsfuzz,10,b_per,33.9
1776001235,bftpd,nsfuzz,10,b_abs,459
1776001237,bftpd,nsfuzz,10,l_per,47.5
1776001237,bftpd,nsfuzz,10,l_abs,1068
1776001237,bftpd,nsfuzz,10,b_per,33.9
1776001237,bftpd,nsfuzz,10,b_abs,459
1776001238,bftpd,nsfuzz,10,l_per,47.5
1776001238,bftpd,nsfuzz,10,l_abs,1068
1776001238,bftpd,nsfuzz,10,b_per,33.9
1776001238,bftpd,nsfuzz,10,b_abs,459
1776001243,bftpd,nsfuzz,10,l_per,47.5
1776001243,bftpd,nsfuzz,10,l_abs,1068
1776001243,bftpd,nsfuzz,10,b_per,33.9
1776001243,bftpd,nsfuzz,10,b_abs,459
1776001243,bftpd,nsfuzz,10,l_per,47.5
1776001243,bftpd,nsfuzz,10,l_abs,1068
1776001243,bftpd,nsfuzz,10,b_per,33.9
1776001243,bftpd,nsfuzz,10,b_abs,459
1776001244,bftpd,nsfuzz,10,l_per,47.5
1776001244,bftpd,nsfuzz,10,l_abs,1068
1776001244,bftpd,nsfuzz,10,b_per,33.9
1776001244,bftpd,nsfuzz,10,b_abs,459
1776001245,bftpd,nsfuzz,10,l_per,47.5
1776001245,bftpd,nsfuzz,10,l_abs,1068
1776001245,bftpd,nsfuzz,10,b_per,33.9
1776001245,bftpd,nsfuzz,10,b_abs,459
1776001246,bftpd,nsfuzz,10,l_per,47.5
1776001246,bftpd,nsfuzz,10,l_abs,1068
1776001246,bftpd,nsfuzz,10,b_per,33.9
1776001246,bftpd,nsfuzz,10,b_abs,459
1776001246,bftpd,nsfuzz,10,l_per,47.5
1776001246,bftpd,nsfuzz,10,l_abs,1068
1776001246,bftpd,nsfuzz,10,b_per,33.9
1776001246,bftpd,nsfuzz,10,b_abs,459
1776001246,bftpd,nsfuzz,10,l_per,47.5
1776001246,bftpd,nsfuzz,10,l_abs,1068
1776001246,bftpd,nsfuzz,10,b_per,33.9
1776001246,bftpd,nsfuzz,10,b_abs,459
1776001246,bftpd,nsfuzz,10,l_per,47.5
1776001246,bftpd,nsfuzz,10,l_abs,1068
1776001246,bftpd,nsfuzz,10,b_per,33.9
1776001246,bftpd,nsfuzz,10,b_abs,459
1776001248,bftpd,nsfuzz,10,l_per,47.5
1776001248,bftpd,nsfuzz,10,l_abs,1068
1776001248,bftpd,nsfuzz,10,b_per,33.9
1776001248,bftpd,nsfuzz,10,b_abs,459
1776001252,bftpd,nsfuzz,10,l_per,47.5
1776001252,bftpd,nsfuzz,10,l_abs,1068
1776001252,bftpd,nsfuzz,10,b_per,33.9
1776001252,bftpd,nsfuzz,10,b_abs,459
1776001255,bftpd,nsfuzz,10,l_per,47.5
1776001255,bftpd,nsfuzz,10,l_abs,1068
1776001255,bftpd,nsfuzz,10,b_per,33.9
1776001255,bftpd,nsfuzz,10,b_abs,459
1776001265,bftpd,nsfuzz,10,l_per,47.5
1776001265,bftpd,nsfuzz,10,l_abs,1068
1776001265,bftpd,nsfuzz,10,b_per,33.9
1776001265,bftpd,nsfuzz,10,b_abs,459
1776001266,bftpd,nsfuzz,10,l_per,47.5
1776001266,bftpd,nsfuzz,10,l_abs,1068
1776001266,bftpd,nsfuzz,10,b_per,33.9
1776001266,bftpd,nsfuzz,10,b_abs,459
1776001267,bftpd,nsfuzz,10,l_per,47.5
1776001267,bftpd,nsfuzz,10,l_abs,1068
1776001267,bftpd,nsfuzz,10,b_per,33.9
1776001267,bftpd,nsfuzz,10,b_abs,459
1776001269,bftpd,nsfuzz,10,l_per,47.5
1776001269,bftpd,nsfuzz,10,l_abs,1068
1776001269,bftpd,nsfuzz,10,b_per,33.9
1776001269,bftpd,nsfuzz,10,b_abs,459
1776001270,bftpd,nsfuzz,10,l_per,47.5
1776001270,bftpd,nsfuzz,10,l_abs,1068
1776001270,bftpd,nsfuzz,10,b_per,33.9
1776001270,bftpd,nsfuzz,10,b_abs,459
1776001271,bftpd,nsfuzz,10,l_per,47.5
1776001271,bftpd,nsfuzz,10,l_abs,1068
1776001271,bftpd,nsfuzz,10,b_per,33.9
1776001271,bftpd,nsfuzz,10,b_abs,459
1776001274,bftpd,nsfuzz,10,l_per,47.5
1776001274,bftpd,nsfuzz,10,l_abs,1068
1776001274,bftpd,nsfuzz,10,b_per,33.9
1776001274,bftpd,nsfuzz,10,b_abs,459
1776001278,bftpd,nsfuzz,10,l_per,47.5
1776001278,bftpd,nsfuzz,10,l_abs,1068
1776001278,bftpd,nsfuzz,10,b_per,33.9
1776001278,bftpd,nsfuzz,10,b_abs,459
1776001281,bftpd,nsfuzz,10,l_per,47.5
1776001281,bftpd,nsfuzz,10,l_abs,1068
1776001281,bftpd,nsfuzz,10,b_per,33.9
1776001281,bftpd,nsfuzz,10,b_abs,459
1776001283,bftpd,nsfuzz,10,l_per,47.5
1776001283,bftpd,nsfuzz,10,l_abs,1068
1776001283,bftpd,nsfuzz,10,b_per,33.9
1776001283,bftpd,nsfuzz,10,b_abs,459
1776001285,bftpd,nsfuzz,10,l_per,47.5
1776001285,bftpd,nsfuzz,10,l_abs,1068
1776001285,bftpd,nsfuzz,10,b_per,33.9
1776001285,bftpd,nsfuzz,10,b_abs,459
1776001286,bftpd,nsfuzz,10,l_per,47.8
1776001286,bftpd,nsfuzz,10,l_abs,1075
1776001286,bftpd,nsfuzz,10,b_per,34.0
1776001286,bftpd,nsfuzz,10,b_abs,461
1776001288,bftpd,nsfuzz,10,l_per,47.8
1776001288,bftpd,nsfuzz,10,l_abs,1075
1776001288,bftpd,nsfuzz,10,b_per,34.0
1776001288,bftpd,nsfuzz,10,b_abs,461
1776001289,bftpd,nsfuzz,10,l_per,47.8
1776001289,bftpd,nsfuzz,10,l_abs,1075
1776001289,bftpd,nsfuzz,10,b_per,34.0
1776001289,bftpd,nsfuzz,10,b_abs,461
1776001289,bftpd,nsfuzz,10,l_per,47.8
1776001289,bftpd,nsfuzz,10,l_abs,1075
1776001289,bftpd,nsfuzz,10,b_per,34.0
1776001289,bftpd,nsfuzz,10,b_abs,461
1776001292,bftpd,nsfuzz,10,l_per,47.8
1776001292,bftpd,nsfuzz,10,l_abs,1075
1776001292,bftpd,nsfuzz,10,b_per,34.0
1776001292,bftpd,nsfuzz,10,b_abs,461
1776001295,bftpd,nsfuzz,10,l_per,47.8
1776001295,bftpd,nsfuzz,10,l_abs,1075
1776001295,bftpd,nsfuzz,10,b_per,34.0
1776001295,bftpd,nsfuzz,10,b_abs,461
1776001296,bftpd,nsfuzz,10,l_per,47.8
1776001296,bftpd,nsfuzz,10,l_abs,1075
1776001296,bftpd,nsfuzz,10,b_per,34.0
1776001296,bftpd,nsfuzz,10,b_abs,461
1776001304,bftpd,nsfuzz,10,l_per,47.8
1776001304,bftpd,nsfuzz,10,l_abs,1075
1776001304,bftpd,nsfuzz,10,b_per,34.0
1776001304,bftpd,nsfuzz,10,b_abs,461
1776001308,bftpd,nsfuzz,10,l_per,47.8
1776001308,bftpd,nsfuzz,10,l_abs,1075
1776001308,bftpd,nsfuzz,10,b_per,34.0
1776001308,bftpd,nsfuzz,10,b_abs,461
1776001309,bftpd,nsfuzz,10,l_per,47.9
1776001309,bftpd,nsfuzz,10,l_abs,1079
1776001309,bftpd,nsfuzz,10,b_per,34.1
1776001309,bftpd,nsfuzz,10,b_abs,462
1776001314,bftpd,nsfuzz,10,l_per,47.9
1776001314,bftpd,nsfuzz,10,l_abs,1079
1776001314,bftpd,nsfuzz,10,b_per,34.1
1776001314,bftpd,nsfuzz,10,b_abs,462
1776001316,bftpd,nsfuzz,10,l_per,48.1
1776001316,bftpd,nsfuzz,10,l_abs,1082
1776001316,bftpd,nsfuzz,10,b_per,34.6
1776001316,bftpd,nsfuzz,10,b_abs,468
1776001320,bftpd,nsfuzz,10,l_per,48.1
1776001320,bftpd,nsfuzz,10,l_abs,1082
1776001320,bftpd,nsfuzz,10,b_per,34.6
1776001320,bftpd,nsfuzz,10,b_abs,468
1776001326,bftpd,nsfuzz,10,l_per,48.1
1776001326,bftpd,nsfuzz,10,l_abs,1082
1776001326,bftpd,nsfuzz,10,b_per,34.6
1776001326,bftpd,nsfuzz,10,b_abs,468
1776001329,bftpd,nsfuzz,10,l_per,48.1
1776001329,bftpd,nsfuzz,10,l_abs,1082
1776001329,bftpd,nsfuzz,10,b_per,34.6
1776001329,bftpd,nsfuzz,10,b_abs,468
1776001331,bftpd,nsfuzz,10,l_per,48.1
1776001331,bftpd,nsfuzz,10,l_abs,1082
1776001331,bftpd,nsfuzz,10,b_per,34.6
1776001331,bftpd,nsfuzz,10,b_abs,468
1776001336,bftpd,nsfuzz,10,l_per,48.1
1776001336,bftpd,nsfuzz,10,l_abs,1082
1776001336,bftpd,nsfuzz,10,b_per,34.6
1776001336,bftpd,nsfuzz,10,b_abs,468
1776001337,bftpd,nsfuzz,10,l_per,48.1
1776001337,bftpd,nsfuzz,10,l_abs,1082
1776001337,bftpd,nsfuzz,10,b_per,34.6
1776001337,bftpd,nsfuzz,10,b_abs,468
1776001338,bftpd,nsfuzz,10,l_per,48.1
1776001338,bftpd,nsfuzz,10,l_abs,1082
1776001338,bftpd,nsfuzz,10,b_per,34.6
1776001338,bftpd,nsfuzz,10,b_abs,468
1776001340,bftpd,nsfuzz,10,l_per,48.1
1776001340,bftpd,nsfuzz,10,l_abs,1082
1776001340,bftpd,nsfuzz,10,b_per,34.6
1776001340,bftpd,nsfuzz,10,b_abs,468
1776001353,bftpd,nsfuzz,10,l_per,48.1
1776001353,bftpd,nsfuzz,10,l_abs,1082
1776001353,bftpd,nsfuzz,10,b_per,34.6
1776001353,bftpd,nsfuzz,10,b_abs,468
1776001358,bftpd,nsfuzz,10,l_per,48.1
1776001358,bftpd,nsfuzz,10,l_abs,1082
1776001358,bftpd,nsfuzz,10,b_per,34.6
1776001358,bftpd,nsfuzz,10,b_abs,468
1776001361,bftpd,nsfuzz,10,l_per,48.1
1776001361,bftpd,nsfuzz,10,l_abs,1082
1776001361,bftpd,nsfuzz,10,b_per,34.6
1776001361,bftpd,nsfuzz,10,b_abs,468
1776001361,bftpd,nsfuzz,10,l_per,48.1
1776001361,bftpd,nsfuzz,10,l_abs,1082
1776001361,bftpd,nsfuzz,10,b_per,34.6
1776001361,bftpd,nsfuzz,10,b_abs,468
1776001362,bftpd,nsfuzz,10,l_per,48.1
1776001362,bftpd,nsfuzz,10,l_abs,1082
1776001362,bftpd,nsfuzz,10,b_per,34.6
1776001362,bftpd,nsfuzz,10,b_abs,468
1776001363,bftpd,nsfuzz,10,l_per,48.1
1776001363,bftpd,nsfuzz,10,l_abs,1082
1776001363,bftpd,nsfuzz,10,b_per,34.6
1776001363,bftpd,nsfuzz,10,b_abs,468
1776001366,bftpd,nsfuzz,10,l_per,48.1
1776001366,bftpd,nsfuzz,10,l_abs,1082
1776001366,bftpd,nsfuzz,10,b_per,34.6
1776001366,bftpd,nsfuzz,10,b_abs,468
1776001366,bftpd,nsfuzz,10,l_per,48.1
1776001366,bftpd,nsfuzz,10,l_abs,1082
1776001366,bftpd,nsfuzz,10,b_per,34.6
1776001366,bftpd,nsfuzz,10,b_abs,468
1776001366,bftpd,nsfuzz,10,l_per,48.1
1776001366,bftpd,nsfuzz,10,l_abs,1082
1776001366,bftpd,nsfuzz,10,b_per,34.6
1776001366,bftpd,nsfuzz,10,b_abs,468
1776001367,bftpd,nsfuzz,10,l_per,48.1
1776001367,bftpd,nsfuzz,10,l_abs,1082
1776001367,bftpd,nsfuzz,10,b_per,34.6
1776001367,bftpd,nsfuzz,10,b_abs,468
1776001368,bftpd,nsfuzz,10,l_per,48.1
1776001368,bftpd,nsfuzz,10,l_abs,1082
1776001368,bftpd,nsfuzz,10,b_per,34.6
1776001368,bftpd,nsfuzz,10,b_abs,468
1776001368,bftpd,nsfuzz,10,l_per,48.1
1776001368,bftpd,nsfuzz,10,l_abs,1082
1776001368,bftpd,nsfuzz,10,b_per,34.6
1776001368,bftpd,nsfuzz,10,b_abs,468
1776001369,bftpd,nsfuzz,10,l_per,48.1
1776001369,bftpd,nsfuzz,10,l_abs,1082
1776001369,bftpd,nsfuzz,10,b_per,34.6
1776001369,bftpd,nsfuzz,10,b_abs,468
1776001370,bftpd,nsfuzz,10,l_per,48.1
1776001370,bftpd,nsfuzz,10,l_abs,1082
1776001370,bftpd,nsfuzz,10,b_per,34.6
1776001370,bftpd,nsfuzz,10,b_abs,468
1776001372,bftpd,nsfuzz,10,l_per,48.1
1776001372,bftpd,nsfuzz,10,l_abs,1082
1776001372,bftpd,nsfuzz,10,b_per,34.6
1776001372,bftpd,nsfuzz,10,b_abs,468
1776001375,bftpd,nsfuzz,10,l_per,48.1
1776001375,bftpd,nsfuzz,10,l_abs,1082
1776001375,bftpd,nsfuzz,10,b_per,34.6
1776001375,bftpd,nsfuzz,10,b_abs,468
1776001377,bftpd,nsfuzz,10,l_per,48.1
1776001377,bftpd,nsfuzz,10,l_abs,1082
1776001377,bftpd,nsfuzz,10,b_per,34.6
1776001377,bftpd,nsfuzz,10,b_abs,468
1776001381,bftpd,nsfuzz,10,l_per,48.1
1776001381,bftpd,nsfuzz,10,l_abs,1082
1776001381,bftpd,nsfuzz,10,b_per,34.6
1776001381,bftpd,nsfuzz,10,b_abs,468
1776001381,bftpd,nsfuzz,10,l_per,48.1
1776001381,bftpd,nsfuzz,10,l_abs,1082
1776001381,bftpd,nsfuzz,10,b_per,34.6
1776001381,bftpd,nsfuzz,10,b_abs,468
1776001382,bftpd,nsfuzz,10,l_per,48.1
1776001382,bftpd,nsfuzz,10,l_abs,1082
1776001382,bftpd,nsfuzz,10,b_per,34.7
1776001382,bftpd,nsfuzz,10,b_abs,470
1776001383,bftpd,nsfuzz,10,l_per,48.1
1776001383,bftpd,nsfuzz,10,l_abs,1082
1776001383,bftpd,nsfuzz,10,b_per,34.7
1776001383,bftpd,nsfuzz,10,b_abs,470
1776001385,bftpd,nsfuzz,10,l_per,48.1
1776001385,bftpd,nsfuzz,10,l_abs,1082
1776001385,bftpd,nsfuzz,10,b_per,34.7
1776001385,bftpd,nsfuzz,10,b_abs,470
1776001392,bftpd,nsfuzz,10,l_per,48.1
1776001392,bftpd,nsfuzz,10,l_abs,1082
1776001392,bftpd,nsfuzz,10,b_per,34.7
1776001392,bftpd,nsfuzz,10,b_abs,470
1776001393,bftpd,nsfuzz,10,l_per,48.1
1776001393,bftpd,nsfuzz,10,l_abs,1082
1776001393,bftpd,nsfuzz,10,b_per,34.7
1776001393,bftpd,nsfuzz,10,b_abs,470
1776001394,bftpd,nsfuzz,10,l_per,48.1
1776001394,bftpd,nsfuzz,10,l_abs,1083
1776001394,bftpd,nsfuzz,10,b_per,34.8
1776001394,bftpd,nsfuzz,10,b_abs,471
1776001410,bftpd,nsfuzz,10,l_per,48.1
1776001410,bftpd,nsfuzz,10,l_abs,1083
1776001410,bftpd,nsfuzz,10,b_per,34.8
1776001410,bftpd,nsfuzz,10,b_abs,471
1776001411,bftpd,nsfuzz,10,l_per,48.1
1776001411,bftpd,nsfuzz,10,l_abs,1083
1776001411,bftpd,nsfuzz,10,b_per,34.8
1776001411,bftpd,nsfuzz,10,b_abs,471
1776001414,bftpd,nsfuzz,10,l_per,48.3
1776001414,bftpd,nsfuzz,10,l_abs,1088
1776001414,bftpd,nsfuzz,10,b_per,35.1
1776001414,bftpd,nsfuzz,10,b_abs,475
1776001418,bftpd,nsfuzz,10,l_per,48.3
1776001418,bftpd,nsfuzz,10,l_abs,1088
1776001418,bftpd,nsfuzz,10,b_per,35.1
1776001418,bftpd,nsfuzz,10,b_abs,475
1776001418,bftpd,nsfuzz,10,l_per,48.3
1776001418,bftpd,nsfuzz,10,l_abs,1088
1776001418,bftpd,nsfuzz,10,b_per,35.1
1776001418,bftpd,nsfuzz,10,b_abs,475
1776001423,bftpd,nsfuzz,10,l_per,48.3
1776001423,bftpd,nsfuzz,10,l_abs,1088
1776001423,bftpd,nsfuzz,10,b_per,35.2
1776001423,bftpd,nsfuzz,10,b_abs,476
1776001427,bftpd,nsfuzz,10,l_per,48.3
1776001427,bftpd,nsfuzz,10,l_abs,1088
1776001427,bftpd,nsfuzz,10,b_per,35.2
1776001427,bftpd,nsfuzz,10,b_abs,476
1776001433,bftpd,nsfuzz,10,l_per,48.3
1776001433,bftpd,nsfuzz,10,l_abs,1088
1776001433,bftpd,nsfuzz,10,b_per,35.2
1776001433,bftpd,nsfuzz,10,b_abs,476
1776001435,bftpd,nsfuzz,10,l_per,48.3
1776001435,bftpd,nsfuzz,10,l_abs,1088
1776001435,bftpd,nsfuzz,10,b_per,35.2
1776001435,bftpd,nsfuzz,10,b_abs,476
1776001437,bftpd,nsfuzz,10,l_per,48.3
1776001437,bftpd,nsfuzz,10,l_abs,1088
1776001437,bftpd,nsfuzz,10,b_per,35.2
1776001437,bftpd,nsfuzz,10,b_abs,476
1776001438,bftpd,nsfuzz,10,l_per,48.3
1776001438,bftpd,nsfuzz,10,l_abs,1088
1776001438,bftpd,nsfuzz,10,b_per,35.2
1776001438,bftpd,nsfuzz,10,b_abs,476
1776001441,bftpd,nsfuzz,10,l_per,48.3
1776001441,bftpd,nsfuzz,10,l_abs,1088
1776001441,bftpd,nsfuzz,10,b_per,35.2
1776001441,bftpd,nsfuzz,10,b_abs,476
1776001446,bftpd,nsfuzz,10,l_per,48.3
1776001446,bftpd,nsfuzz,10,l_abs,1088
1776001446,bftpd,nsfuzz,10,b_per,35.2
1776001446,bftpd,nsfuzz,10,b_abs,476
1776001455,bftpd,nsfuzz,10,l_per,48.3
1776001455,bftpd,nsfuzz,10,l_abs,1088
1776001455,bftpd,nsfuzz,10,b_per,35.2
1776001455,bftpd,nsfuzz,10,b_abs,476
1776001482,bftpd,nsfuzz,10,l_per,48.3
1776001482,bftpd,nsfuzz,10,l_abs,1088
1776001482,bftpd,nsfuzz,10,b_per,35.2
1776001482,bftpd,nsfuzz,10,b_abs,476
1776001483,bftpd,nsfuzz,10,l_per,48.3
1776001483,bftpd,nsfuzz,10,l_abs,1088
1776001483,bftpd,nsfuzz,10,b_per,35.2
1776001483,bftpd,nsfuzz,10,b_abs,476
1776001493,bftpd,nsfuzz,10,l_per,48.3
1776001493,bftpd,nsfuzz,10,l_abs,1088
1776001493,bftpd,nsfuzz,10,b_per,35.2
1776001493,bftpd,nsfuzz,10,b_abs,476
1776001497,bftpd,nsfuzz,10,l_per,48.3
1776001497,bftpd,nsfuzz,10,l_abs,1088
1776001497,bftpd,nsfuzz,10,b_per,35.2
1776001497,bftpd,nsfuzz,10,b_abs,476
1776001497,bftpd,nsfuzz,10,l_per,48.3
1776001497,bftpd,nsfuzz,10,l_abs,1088
1776001497,bftpd,nsfuzz,10,b_per,35.2
1776001497,bftpd,nsfuzz,10,b_abs,476
1776001503,bftpd,nsfuzz,10,l_per,48.3
1776001503,bftpd,nsfuzz,10,l_abs,1088
1776001503,bftpd,nsfuzz,10,b_per,35.2
1776001503,bftpd,nsfuzz,10,b_abs,476
1776001504,bftpd,nsfuzz,10,l_per,48.3
1776001504,bftpd,nsfuzz,10,l_abs,1088
1776001504,bftpd,nsfuzz,10,b_per,35.2
1776001504,bftpd,nsfuzz,10,b_abs,476
1776001506,bftpd,nsfuzz,10,l_per,48.3
1776001506,bftpd,nsfuzz,10,l_abs,1088
1776001506,bftpd,nsfuzz,10,b_per,35.2
1776001506,bftpd,nsfuzz,10,b_abs,476
1776001510,bftpd,nsfuzz,10,l_per,48.3
1776001510,bftpd,nsfuzz,10,l_abs,1088
1776001510,bftpd,nsfuzz,10,b_per,35.2
1776001510,bftpd,nsfuzz,10,b_abs,476
1776001523,bftpd,nsfuzz,10,l_per,48.3
1776001523,bftpd,nsfuzz,10,l_abs,1088
1776001523,bftpd,nsfuzz,10,b_per,35.2
1776001523,bftpd,nsfuzz,10,b_abs,476
1776001529,bftpd,nsfuzz,10,l_per,48.3
1776001529,bftpd,nsfuzz,10,l_abs,1088
1776001529,bftpd,nsfuzz,10,b_per,35.2
1776001529,bftpd,nsfuzz,10,b_abs,476
1776001530,bftpd,nsfuzz,10,l_per,48.3
1776001530,bftpd,nsfuzz,10,l_abs,1088
1776001530,bftpd,nsfuzz,10,b_per,35.2
1776001530,bftpd,nsfuzz,10,b_abs,476
1776001530,bftpd,nsfuzz,10,l_per,48.3
1776001530,bftpd,nsfuzz,10,l_abs,1088
1776001530,bftpd,nsfuzz,10,b_per,35.2
1776001530,bftpd,nsfuzz,10,b_abs,476
1776001543,bftpd,nsfuzz,10,l_per,48.3
1776001543,bftpd,nsfuzz,10,l_abs,1088
1776001543,bftpd,nsfuzz,10,b_per,35.2
1776001543,bftpd,nsfuzz,10,b_abs,476
1776001549,bftpd,nsfuzz,10,l_per,48.3
1776001549,bftpd,nsfuzz,10,l_abs,1088
1776001549,bftpd,nsfuzz,10,b_per,35.2
1776001549,bftpd,nsfuzz,10,b_abs,476
1776001561,bftpd,nsfuzz,10,l_per,48.3
1776001561,bftpd,nsfuzz,10,l_abs,1088
1776001561,bftpd,nsfuzz,10,b_per,35.2
1776001561,bftpd,nsfuzz,10,b_abs,476
1776001563,bftpd,nsfuzz,10,l_per,48.3
1776001563,bftpd,nsfuzz,10,l_abs,1088
1776001563,bftpd,nsfuzz,10,b_per,35.2
1776001563,bftpd,nsfuzz,10,b_abs,476
1776001563,bftpd,nsfuzz,10,l_per,48.3
1776001563,bftpd,nsfuzz,10,l_abs,1088
1776001563,bftpd,nsfuzz,10,b_per,35.2
1776001563,bftpd,nsfuzz,10,b_abs,476
1776001564,bftpd,nsfuzz,10,l_per,48.3
1776001564,bftpd,nsfuzz,10,l_abs,1088
1776001564,bftpd,nsfuzz,10,b_per,35.2
1776001564,bftpd,nsfuzz,10,b_abs,476
1776001569,bftpd,nsfuzz,10,l_per,48.3
1776001569,bftpd,nsfuzz,10,l_abs,1088
1776001569,bftpd,nsfuzz,10,b_per,35.2
1776001569,bftpd,nsfuzz,10,b_abs,476
1776001576,bftpd,nsfuzz,10,l_per,48.3
1776001576,bftpd,nsfuzz,10,l_abs,1088
1776001576,bftpd,nsfuzz,10,b_per,35.2
1776001576,bftpd,nsfuzz,10,b_abs,476
1776001586,bftpd,nsfuzz,10,l_per,48.3
1776001586,bftpd,nsfuzz,10,l_abs,1088
1776001586,bftpd,nsfuzz,10,b_per,35.2
1776001586,bftpd,nsfuzz,10,b_abs,476
1776001604,bftpd,nsfuzz,10,l_per,48.3
1776001604,bftpd,nsfuzz,10,l_abs,1088
1776001604,bftpd,nsfuzz,10,b_per,35.2
1776001604,bftpd,nsfuzz,10,b_abs,476
1776001612,bftpd,nsfuzz,10,l_per,48.3
1776001612,bftpd,nsfuzz,10,l_abs,1088
1776001612,bftpd,nsfuzz,10,b_per,35.2
1776001612,bftpd,nsfuzz,10,b_abs,476
1776001617,bftpd,nsfuzz,10,l_per,48.3
1776001617,bftpd,nsfuzz,10,l_abs,1088
1776001617,bftpd,nsfuzz,10,b_per,35.2
1776001617,bftpd,nsfuzz,10,b_abs,476
1776001625,bftpd,nsfuzz,10,l_per,48.3
1776001625,bftpd,nsfuzz,10,l_abs,1088
1776001625,bftpd,nsfuzz,10,b_per,35.2
1776001625,bftpd,nsfuzz,10,b_abs,476
1776001634,bftpd,nsfuzz,10,l_per,48.3
1776001634,bftpd,nsfuzz,10,l_abs,1088
1776001634,bftpd,nsfuzz,10,b_per,35.2
1776001634,bftpd,nsfuzz,10,b_abs,476
1776001638,bftpd,nsfuzz,10,l_per,48.3
1776001638,bftpd,nsfuzz,10,l_abs,1088
1776001638,bftpd,nsfuzz,10,b_per,35.2
1776001638,bftpd,nsfuzz,10,b_abs,476
1776001659,bftpd,nsfuzz,10,l_per,48.3
1776001659,bftpd,nsfuzz,10,l_abs,1088
1776001659,bftpd,nsfuzz,10,b_per,35.2
1776001659,bftpd,nsfuzz,10,b_abs,477
1776001685,bftpd,nsfuzz,10,l_per,48.3
1776001685,bftpd,nsfuzz,10,l_abs,1088
1776001685,bftpd,nsfuzz,10,b_per,35.2
1776001685,bftpd,nsfuzz,10,b_abs,477
1776001699,bftpd,nsfuzz,10,l_per,48.3
1776001699,bftpd,nsfuzz,10,l_abs,1088
1776001699,bftpd,nsfuzz,10,b_per,35.2
1776001699,bftpd,nsfuzz,10,b_abs,477
1776001703,bftpd,nsfuzz,10,l_per,48.3
1776001703,bftpd,nsfuzz,10,l_abs,1088
1776001703,bftpd,nsfuzz,10,b_per,35.2
1776001703,bftpd,nsfuzz,10,b_abs,477
1776001710,bftpd,nsfuzz,10,l_per,48.3
1776001710,bftpd,nsfuzz,10,l_abs,1088
1776001710,bftpd,nsfuzz,10,b_per,35.2
1776001710,bftpd,nsfuzz,10,b_abs,477
1776001712,bftpd,nsfuzz,10,l_per,48.3
1776001712,bftpd,nsfuzz,10,l_abs,1088
1776001712,bftpd,nsfuzz,10,b_per,35.4
1776001712,bftpd,nsfuzz,10,b_abs,479
1776001714,bftpd,nsfuzz,10,l_per,48.3
1776001714,bftpd,nsfuzz,10,l_abs,1088
1776001714,bftpd,nsfuzz,10,b_per,35.4
1776001714,bftpd,nsfuzz,10,b_abs,479
1776001716,bftpd,nsfuzz,10,l_per,48.3
1776001716,bftpd,nsfuzz,10,l_abs,1088
1776001716,bftpd,nsfuzz,10,b_per,35.4
1776001716,bftpd,nsfuzz,10,b_abs,479
1776001722,bftpd,nsfuzz,10,l_per,48.3
1776001722,bftpd,nsfuzz,10,l_abs,1088
1776001722,bftpd,nsfuzz,10,b_per,35.4
1776001722,bftpd,nsfuzz,10,b_abs,479
1776001723,bftpd,nsfuzz,10,l_per,48.3
1776001723,bftpd,nsfuzz,10,l_abs,1088
1776001723,bftpd,nsfuzz,10,b_per,35.4
1776001723,bftpd,nsfuzz,10,b_abs,479
1776001750,bftpd,nsfuzz,10,l_per,48.3
1776001750,bftpd,nsfuzz,10,l_abs,1088
1776001750,bftpd,nsfuzz,10,b_per,35.4
1776001750,bftpd,nsfuzz,10,b_abs,479
1776001763,bftpd,nsfuzz,10,l_per,48.3
1776001763,bftpd,nsfuzz,10,l_abs,1088
1776001763,bftpd,nsfuzz,10,b_per,35.4
1776001763,bftpd,nsfuzz,10,b_abs,479
1776001801,bftpd,nsfuzz,10,l_per,48.3
1776001801,bftpd,nsfuzz,10,l_abs,1088
1776001801,bftpd,nsfuzz,10,b_per,35.4
1776001801,bftpd,nsfuzz,10,b_abs,479
1776001803,bftpd,nsfuzz,10,l_per,48.3
1776001803,bftpd,nsfuzz,10,l_abs,1088
1776001803,bftpd,nsfuzz,10,b_per,35.4
1776001803,bftpd,nsfuzz,10,b_abs,479
1776001826,bftpd,nsfuzz,10,l_per,48.3
1776001826,bftpd,nsfuzz,10,l_abs,1088
1776001826,bftpd,nsfuzz,10,b_per,35.4
1776001826,bftpd,nsfuzz,10,b_abs,479
1776001828,bftpd,nsfuzz,10,l_per,48.3
1776001828,bftpd,nsfuzz,10,l_abs,1088
1776001828,bftpd,nsfuzz,10,b_per,35.4
1776001828,bftpd,nsfuzz,10,b_abs,479
1776001833,bftpd,nsfuzz,10,l_per,48.3
1776001833,bftpd,nsfuzz,10,l_abs,1088
1776001833,bftpd,nsfuzz,10,b_per,35.4
1776001833,bftpd,nsfuzz,10,b_abs,479
1776001833,bftpd,nsfuzz,10,l_per,48.3
1776001833,bftpd,nsfuzz,10,l_abs,1088
1776001833,bftpd,nsfuzz,10,b_per,35.4
1776001833,bftpd,nsfuzz,10,b_abs,479
1776001843,bftpd,nsfuzz,10,l_per,48.3
1776001843,bftpd,nsfuzz,10,l_abs,1088
1776001843,bftpd,nsfuzz,10,b_per,35.4
1776001843,bftpd,nsfuzz,10,b_abs,479
1776001845,bftpd,nsfuzz,10,l_per,48.3
1776001845,bftpd,nsfuzz,10,l_abs,1088
1776001845,bftpd,nsfuzz,10,b_per,35.4
1776001845,bftpd,nsfuzz,10,b_abs,479
1776001851,bftpd,nsfuzz,10,l_per,48.3
1776001851,bftpd,nsfuzz,10,l_abs,1088
1776001851,bftpd,nsfuzz,10,b_per,35.4
1776001851,bftpd,nsfuzz,10,b_abs,479
1776001858,bftpd,nsfuzz,10,l_per,48.3
1776001858,bftpd,nsfuzz,10,l_abs,1088
1776001858,bftpd,nsfuzz,10,b_per,35.4
1776001858,bftpd,nsfuzz,10,b_abs,479
1776001859,bftpd,nsfuzz,10,l_per,48.3
1776001859,bftpd,nsfuzz,10,l_abs,1088
1776001859,bftpd,nsfuzz,10,b_per,35.4
1776001859,bftpd,nsfuzz,10,b_abs,479
1776001860,bftpd,nsfuzz,10,l_per,48.3
1776001860,bftpd,nsfuzz,10,l_abs,1088
1776001860,bftpd,nsfuzz,10,b_per,35.4
1776001860,bftpd,nsfuzz,10,b_abs,479
1776001869,bftpd,nsfuzz,10,l_per,48.3
1776001869,bftpd,nsfuzz,10,l_abs,1088
1776001869,bftpd,nsfuzz,10,b_per,35.4
1776001869,bftpd,nsfuzz,10,b_abs,479
1776001874,bftpd,nsfuzz,10,l_per,48.3
1776001874,bftpd,nsfuzz,10,l_abs,1088
1776001874,bftpd,nsfuzz,10,b_per,35.4
1776001874,bftpd,nsfuzz,10,b_abs,479
1776001883,bftpd,nsfuzz,10,l_per,48.3
1776001883,bftpd,nsfuzz,10,l_abs,1088
1776001883,bftpd,nsfuzz,10,b_per,35.4
1776001883,bftpd,nsfuzz,10,b_abs,479
1776001883,bftpd,nsfuzz,10,l_per,48.3
1776001883,bftpd,nsfuzz,10,l_abs,1088
1776001883,bftpd,nsfuzz,10,b_per,35.4
1776001883,bftpd,nsfuzz,10,b_abs,479
1776001884,bftpd,nsfuzz,10,l_per,48.3
1776001884,bftpd,nsfuzz,10,l_abs,1088
1776001884,bftpd,nsfuzz,10,b_per,35.4
1776001884,bftpd,nsfuzz,10,b_abs,479
1776001936,bftpd,nsfuzz,10,l_per,48.3
1776001936,bftpd,nsfuzz,10,l_abs,1088
1776001936,bftpd,nsfuzz,10,b_per,35.4
1776001936,bftpd,nsfuzz,10,b_abs,479
1776002013,bftpd,nsfuzz,10,l_per,48.3
1776002013,bftpd,nsfuzz,10,l_abs,1088
1776002013,bftpd,nsfuzz,10,b_per,35.4
1776002013,bftpd,nsfuzz,10,b_abs,479
1776002014,bftpd,nsfuzz,10,l_per,48.3
1776002014,bftpd,nsfuzz,10,l_abs,1088
1776002014,bftpd,nsfuzz,10,b_per,35.4
1776002014,bftpd,nsfuzz,10,b_abs,479
1776002029,bftpd,nsfuzz,10,l_per,48.3
1776002029,bftpd,nsfuzz,10,l_abs,1088
1776002029,bftpd,nsfuzz,10,b_per,35.4
1776002029,bftpd,nsfuzz,10,b_abs,479
1776002038,bftpd,nsfuzz,10,l_per,48.3
1776002038,bftpd,nsfuzz,10,l_abs,1088
1776002038,bftpd,nsfuzz,10,b_per,35.4
1776002038,bftpd,nsfuzz,10,b_abs,479
1776002106,bftpd,nsfuzz,10,l_per,48.3
1776002106,bftpd,nsfuzz,10,l_abs,1088
1776002106,bftpd,nsfuzz,10,b_per,35.4
1776002106,bftpd,nsfuzz,10,b_abs,479
1776002125,bftpd,nsfuzz,10,l_per,48.3
1776002125,bftpd,nsfuzz,10,l_abs,1088
1776002125,bftpd,nsfuzz,10,b_per,35.4
1776002125,bftpd,nsfuzz,10,b_abs,479
1776002162,bftpd,nsfuzz,10,l_per,48.4
1776002162,bftpd,nsfuzz,10,l_abs,1089
1776002162,bftpd,nsfuzz,10,b_per,35.5
1776002162,bftpd,nsfuzz,10,b_abs,480
1776002170,bftpd,nsfuzz,10,l_per,48.4
1776002170,bftpd,nsfuzz,10,l_abs,1089
1776002170,bftpd,nsfuzz,10,b_per,35.5
1776002170,bftpd,nsfuzz,10,b_abs,480
1776002171,bftpd,nsfuzz,10,l_per,48.4
1776002171,bftpd,nsfuzz,10,l_abs,1089
1776002171,bftpd,nsfuzz,10,b_per,35.5
1776002171,bftpd,nsfuzz,10,b_abs,480
1776002173,bftpd,nsfuzz,10,l_per,48.4
1776002173,bftpd,nsfuzz,10,l_abs,1089
1776002173,bftpd,nsfuzz,10,b_per,35.5
1776002173,bftpd,nsfuzz,10,b_abs,480
1776002180,bftpd,nsfuzz,10,l_per,48.4
1776002180,bftpd,nsfuzz,10,l_abs,1089
1776002180,bftpd,nsfuzz,10,b_per,35.5
1776002180,bftpd,nsfuzz,10,b_abs,480
1776002183,bftpd,nsfuzz,10,l_per,48.4
1776002183,bftpd,nsfuzz,10,l_abs,1089
1776002183,bftpd,nsfuzz,10,b_per,35.5
1776002183,bftpd,nsfuzz,10,b_abs,480
1776002186,bftpd,nsfuzz,10,l_per,48.4
1776002186,bftpd,nsfuzz,10,l_abs,1089
1776002186,bftpd,nsfuzz,10,b_per,35.5
1776002186,bftpd,nsfuzz,10,b_abs,480
1776002237,bftpd,nsfuzz,10,l_per,48.4
1776002237,bftpd,nsfuzz,10,l_abs,1089
1776002237,bftpd,nsfuzz,10,b_per,35.5
1776002237,bftpd,nsfuzz,10,b_abs,480
1776002246,bftpd,nsfuzz,10,l_per,48.4
1776002246,bftpd,nsfuzz,10,l_abs,1089
1776002246,bftpd,nsfuzz,10,b_per,35.5
1776002246,bftpd,nsfuzz,10,b_abs,480
1776002280,bftpd,nsfuzz,10,l_per,48.4
1776002280,bftpd,nsfuzz,10,l_abs,1089
1776002280,bftpd,nsfuzz,10,b_per,35.5
1776002280,bftpd,nsfuzz,10,b_abs,480
1776002338,bftpd,nsfuzz,10,l_per,48.4
1776002338,bftpd,nsfuzz,10,l_abs,1089
1776002338,bftpd,nsfuzz,10,b_per,35.5
1776002338,bftpd,nsfuzz,10,b_abs,480
1776002340,bftpd,nsfuzz,10,l_per,48.4
1776002340,bftpd,nsfuzz,10,l_abs,1089
1776002340,bftpd,nsfuzz,10,b_per,35.5
1776002340,bftpd,nsfuzz,10,b_abs,480
1776002343,bftpd,nsfuzz,10,l_per,48.4
1776002343,bftpd,nsfuzz,10,l_abs,1089
1776002343,bftpd,nsfuzz,10,b_per,35.5
1776002343,bftpd,nsfuzz,10,b_abs,480
1776002344,bftpd,nsfuzz,10,l_per,48.4
1776002344,bftpd,nsfuzz,10,l_abs,1089
1776002344,bftpd,nsfuzz,10,b_per,35.5
1776002344,bftpd,nsfuzz,10,b_abs,480
1776002346,bftpd,nsfuzz,10,l_per,48.4
1776002346,bftpd,nsfuzz,10,l_abs,1089
1776002346,bftpd,nsfuzz,10,b_per,35.5
1776002346,bftpd,nsfuzz,10,b_abs,480
1776002348,bftpd,nsfuzz,10,l_per,48.4
1776002348,bftpd,nsfuzz,10,l_abs,1089
1776002348,bftpd,nsfuzz,10,b_per,35.5
1776002348,bftpd,nsfuzz,10,b_abs,480
1776002397,bftpd,nsfuzz,10,l_per,48.4
1776002397,bftpd,nsfuzz,10,l_abs,1089
1776002397,bftpd,nsfuzz,10,b_per,35.5
1776002397,bftpd,nsfuzz,10,b_abs,480
1776002405,bftpd,nsfuzz,10,l_per,48.4
1776002405,bftpd,nsfuzz,10,l_abs,1089
1776002405,bftpd,nsfuzz,10,b_per,35.5
1776002405,bftpd,nsfuzz,10,b_abs,480
1776002414,bftpd,nsfuzz,10,l_per,48.4
1776002414,bftpd,nsfuzz,10,l_abs,1089
1776002414,bftpd,nsfuzz,10,b_per,35.5
1776002414,bftpd,nsfuzz,10,b_abs,480
1776002428,bftpd,nsfuzz,10,l_per,48.4
1776002428,bftpd,nsfuzz,10,l_abs,1089
1776002428,bftpd,nsfuzz,10,b_per,35.5
1776002428,bftpd,nsfuzz,10,b_abs,480
1776002541,bftpd,nsfuzz,10,l_per,48.4
1776002541,bftpd,nsfuzz,10,l_abs,1089
1776002541,bftpd,nsfuzz,10,b_per,35.5
1776002541,bftpd,nsfuzz,10,b_abs,481
1776002664,bftpd,nsfuzz,10,l_per,48.4
1776002664,bftpd,nsfuzz,10,l_abs,1089
1776002664,bftpd,nsfuzz,10,b_per,35.5
1776002664,bftpd,nsfuzz,10,b_abs,481
1776002675,bftpd,nsfuzz,10,l_per,48.4
1776002675,bftpd,nsfuzz,10,l_abs,1089
1776002675,bftpd,nsfuzz,10,b_per,35.5
1776002675,bftpd,nsfuzz,10,b_abs,481
1776002699,bftpd,nsfuzz,10,l_per,48.4
1776002699,bftpd,nsfuzz,10,l_abs,1089
1776002699,bftpd,nsfuzz,10,b_per,35.5
1776002699,bftpd,nsfuzz,10,b_abs,481
1776002718,bftpd,nsfuzz,10,l_per,48.4
1776002718,bftpd,nsfuzz,10,l_abs,1089
1776002718,bftpd,nsfuzz,10,b_per,35.5
1776002718,bftpd,nsfuzz,10,b_abs,481
1776002730,bftpd,nsfuzz,10,l_per,48.4
1776002730,bftpd,nsfuzz,10,l_abs,1089
1776002730,bftpd,nsfuzz,10,b_per,35.5
1776002730,bftpd,nsfuzz,10,b_abs,481
1776002837,bftpd,nsfuzz,10,l_per,48.4
1776002837,bftpd,nsfuzz,10,l_abs,1089
1776002837,bftpd,nsfuzz,10,b_per,35.5
1776002837,bftpd,nsfuzz,10,b_abs,481
1776003242,bftpd,nsfuzz,10,l_per,48.4
1776003242,bftpd,nsfuzz,10,l_abs,1089
1776003242,bftpd,nsfuzz,10,b_per,35.5
1776003242,bftpd,nsfuzz,10,b_abs,481
1776003908,bftpd,nsfuzz,10,l_per,48.4
1776003908,bftpd,nsfuzz,10,l_abs,1089
1776003908,bftpd,nsfuzz,10,b_per,35.5
1776003908,bftpd,nsfuzz,10,b_abs,481
1776003964,bftpd,nsfuzz,10,l_per,48.4
1776003964,bftpd,nsfuzz,10,l_abs,1089
1776003964,bftpd,nsfuzz,10,b_per,35.5
1776003964,bftpd,nsfuzz,10,b_abs,481
1776003969,bftpd,nsfuzz,10,l_per,48.4
1776003969,bftpd,nsfuzz,10,l_abs,1089
1776003969,bftpd,nsfuzz,10,b_per,35.5
1776003969,bftpd,nsfuzz,10,b_abs,481
1776003989,bftpd,nsfuzz,10,l_per,48.4
1776003989,bftpd,nsfuzz,10,l_abs,1089
1776003989,bftpd,nsfuzz,10,b_per,35.5
1776003989,bftpd,nsfuzz,10,b_abs,481
1776003990,bftpd,nsfuzz,10,l_per,48.4
1776003990,bftpd,nsfuzz,10,l_abs,1089
1776003990,bftpd,nsfuzz,10,b_per,35.5
1776003990,bftpd,nsfuzz,10,b_abs,481
1776004009,bftpd,nsfuzz,10,l_per,48.4
1776004009,bftpd,nsfuzz,10,l_abs,1089
1776004009,bftpd,nsfuzz,10,b_per,35.5
1776004009,bftpd,nsfuzz,10,b_abs,481
1776004052,bftpd,nsfuzz,10,l_per,48.4
1776004052,bftpd,nsfuzz,10,l_abs,1089
1776004052,bftpd,nsfuzz,10,b_per,35.5
1776004052,bftpd,nsfuzz,10,b_abs,481
1776004137,bftpd,nsfuzz,10,l_per,48.4
1776004137,bftpd,nsfuzz,10,l_abs,1089
1776004137,bftpd,nsfuzz,10,b_per,35.5
1776004137,bftpd,nsfuzz,10,b_abs,481
1776004311,bftpd,nsfuzz,10,l_per,48.4
1776004311,bftpd,nsfuzz,10,l_abs,1089
1776004311,bftpd,nsfuzz,10,b_per,35.5
1776004311,bftpd,nsfuzz,10,b_abs,481
1776004311,bftpd,nsfuzz,10,l_per,48.4
1776004311,bftpd,nsfuzz,10,l_abs,1089
1776004311,bftpd,nsfuzz,10,b_per,35.5
1776004311,bftpd,nsfuzz,10,b_abs,481
1776004575,bftpd,nsfuzz,10,l_per,48.4
1776004575,bftpd,nsfuzz,10,l_abs,1089
1776004575,bftpd,nsfuzz,10,b_per,35.5
1776004575,bftpd,nsfuzz,10,b_abs,481
1776004576,bftpd,nsfuzz,10,l_per,48.4
1776004576,bftpd,nsfuzz,10,l_abs,1089
1776004576,bftpd,nsfuzz,10,b_per,35.5
1776004576,bftpd,nsfuzz,10,b_abs,481
1776004996,bftpd,nsfuzz,10,l_per,48.4
1776004996,bftpd,nsfuzz,10,l_abs,1089
1776004996,bftpd,nsfuzz,10,b_per,35.5
1776004996,bftpd,nsfuzz,10,b_abs,481
1776005013,bftpd,nsfuzz,10,l_per,48.4
1776005013,bftpd,nsfuzz,10,l_abs,1089
1776005013,bftpd,nsfuzz,10,b_per,35.5
1776005013,bftpd,nsfuzz,10,b_abs,481
1776005035,bftpd,nsfuzz,10,l_per,48.4
1776005035,bftpd,nsfuzz,10,l_abs,1089
1776005035,bftpd,nsfuzz,10,b_per,35.5
1776005035,bftpd,nsfuzz,10,b_abs,481
1776005105,bftpd,nsfuzz,10,l_per,48.4
1776005105,bftpd,nsfuzz,10,l_abs,1089
1776005105,bftpd,nsfuzz,10,b_per,35.5
1776005105,bftpd,nsfuzz,10,b_abs,481
1776005120,bftpd,nsfuzz,10,l_per,48.4
1776005120,bftpd,nsfuzz,10,l_abs,1089
1776005120,bftpd,nsfuzz,10,b_per,35.5
1776005120,bftpd,nsfuzz,10,b_abs,481
1776005189,bftpd,nsfuzz,10,l_per,48.4
1776005189,bftpd,nsfuzz,10,l_abs,1089
1776005189,bftpd,nsfuzz,10,b_per,35.5
1776005189,bftpd,nsfuzz,10,b_abs,481
1776005223,bftpd,nsfuzz,10,l_per,48.4
1776005223,bftpd,nsfuzz,10,l_abs,1089
1776005223,bftpd,nsfuzz,10,b_per,35.5
1776005223,bftpd,nsfuzz,10,b_abs,481
1776005422,bftpd,nsfuzz,10,l_per,48.4
1776005422,bftpd,nsfuzz,10,l_abs,1089
1776005422,bftpd,nsfuzz,10,b_per,35.5
1776005422,bftpd,nsfuzz,10,b_abs,481
1776005544,bftpd,nsfuzz,10,l_per,48.4
1776005544,bftpd,nsfuzz,10,l_abs,1089
1776005544,bftpd,nsfuzz,10,b_per,35.5
1776005544,bftpd,nsfuzz,10,b_abs,481
1776005619,bftpd,nsfuzz,10,l_per,48.4
1776005619,bftpd,nsfuzz,10,l_abs,1089
1776005619,bftpd,nsfuzz,10,b_per,35.5
1776005619,bftpd,nsfuzz,10,b_abs,481
1776006390,bftpd,nsfuzz,10,l_per,48.4
1776006390,bftpd,nsfuzz,10,l_abs,1089
1776006390,bftpd,nsfuzz,10,b_per,35.5
1776006390,bftpd,nsfuzz,10,b_abs,481
1776006980,bftpd,nsfuzz,10,l_per,48.4
1776006980,bftpd,nsfuzz,10,l_abs,1089
1776006980,bftpd,nsfuzz,10,b_per,35.5
1776006980,bftpd,nsfuzz,10,b_abs,481
1776007851,bftpd,nsfuzz,10,l_per,48.4
1776007851,bftpd,nsfuzz,10,l_abs,1089
1776007851,bftpd,nsfuzz,10,b_per,35.5
1776007851,bftpd,nsfuzz,10,b_abs,481
1776012066,bftpd,nsfuzz,10,l_per,48.4
1776012066,bftpd,nsfuzz,10,l_abs,1089
1776012066,bftpd,nsfuzz,10,b_per,35.5
1776012066,bftpd,nsfuzz,10,b_abs,481
1776012918,bftpd,nsfuzz,10,l_per,48.4
1776012918,bftpd,nsfuzz,10,l_abs,1089
1776012918,bftpd,nsfuzz,10,b_per,35.5
1776012918,bftpd,nsfuzz,10,b_abs,481
1776019819,bftpd,nsfuzz,10,l_per,48.4
1776019819,bftpd,nsfuzz,10,l_abs,1089
1776019819,bftpd,nsfuzz,10,b_per,35.5
1776019819,bftpd,nsfuzz,10,b_abs,481
1776022217,bftpd,nsfuzz,10,l_per,48.4
1776022217,bftpd,nsfuzz,10,l_abs,1089
1776022217,bftpd,nsfuzz,10,b_per,35.5
1776022217,bftpd,nsfuzz,10,b_abs,481
1776022609,bftpd,nsfuzz,10,l_per,48.4
1776022609,bftpd,nsfuzz,10,l_abs,1089
1776022609,bftpd,nsfuzz,10,b_per,35.5
1776022609,bftpd,nsfuzz,10,b_abs,481
1776022610,bftpd,nsfuzz,10,l_per,48.4
1776022610,bftpd,nsfuzz,10,l_abs,1089
1776022610,bftpd,nsfuzz,10,b_per,35.5
1776022610,bftpd,nsfuzz,10,b_abs,481
1776022612,bftpd,nsfuzz,10,l_per,48.4
1776022612,bftpd,nsfuzz,10,l_abs,1089
1776022612,bftpd,nsfuzz,10,b_per,35.5
1776022612,bftpd,nsfuzz,10,b_abs,481
1776022614,bftpd,nsfuzz,10,l_per,48.4
1776022614,bftpd,nsfuzz,10,l_abs,1089
1776022614,bftpd,nsfuzz,10,b_per,35.5
1776022614,bftpd,nsfuzz,10,b_abs,481
1776022635,bftpd,nsfuzz,10,l_per,48.4
1776022635,bftpd,nsfuzz,10,l_abs,1089
1776022635,bftpd,nsfuzz,10,b_per,35.5
1776022635,bftpd,nsfuzz,10,b_abs,481
1776022839,bftpd,nsfuzz,10,l_per,48.4
1776022839,bftpd,nsfuzz,10,l_abs,1089
1776022839,bftpd,nsfuzz,10,b_per,35.5
1776022839,bftpd,nsfuzz,10,b_abs,481
1776024060,bftpd,nsfuzz,10,l_per,48.4
1776024060,bftpd,nsfuzz,10,l_abs,1089
1776024060,bftpd,nsfuzz,10,b_per,35.5
1776024060,bftpd,nsfuzz,10,b_abs,481
1776024203,bftpd,nsfuzz,10,l_per,48.4
1776024203,bftpd,nsfuzz,10,l_abs,1089
1776024203,bftpd,nsfuzz,10,b_per,35.5
1776024203,bftpd,nsfuzz,10,b_abs,481
1776024262,bftpd,nsfuzz,10,l_per,48.4
1776024262,bftpd,nsfuzz,10,l_abs,1089
1776024262,bftpd,nsfuzz,10,b_per,35.5
1776024262,bftpd,nsfuzz,10,b_abs,481
1776024342,bftpd,nsfuzz,10,l_per,48.4
1776024342,bftpd,nsfuzz,10,l_abs,1089
1776024342,bftpd,nsfuzz,10,b_per,35.5
1776024342,bftpd,nsfuzz,10,b_abs,481
1776024391,bftpd,nsfuzz,10,l_per,48.4
1776024391,bftpd,nsfuzz,10,l_abs,1089
1776024391,bftpd,nsfuzz,10,b_per,35.5
1776024391,bftpd,nsfuzz,10,b_abs,481
1776024549,bftpd,nsfuzz,10,l_per,48.4
1776024549,bftpd,nsfuzz,10,l_abs,1089
1776024549,bftpd,nsfuzz,10,b_per,35.5
1776024549,bftpd,nsfuzz,10,b_abs,481
1776025005,bftpd,nsfuzz,10,l_per,48.4
1776025005,bftpd,nsfuzz,10,l_abs,1089
1776025005,bftpd,nsfuzz,10,b_per,35.5
1776025005,bftpd,nsfuzz,10,b_abs,481
1776026733,bftpd,nsfuzz,10,l_per,48.4
1776026733,bftpd,nsfuzz,10,l_abs,1089
1776026733,bftpd,nsfuzz,10,b_per,35.5
1776026733,bftpd,nsfuzz,10,b_abs,481
1776038257,bftpd,nsfuzz,10,l_per,48.4
1776038257,bftpd,nsfuzz,10,l_abs,1089
1776038257,bftpd,nsfuzz,10,b_per,35.5
1776038257,bftpd,nsfuzz,10,b_abs,481
1776061060,bftpd,nsfuzz,10,l_per,48.4
1776061060,bftpd,nsfuzz,10,l_abs,1089
1776061060,bftpd,nsfuzz,10,b_per,35.5
1776061060,bftpd,nsfuzz,10,b_abs,481
