time,subject,fuzzer,run,cov_type,cov
1772330561,kamailio,aflnet,1,l_per,5.3
1772330561,kamailio,aflnet,1,l_abs,12484
1772330561,kamailio,aflnet,1,b_per,1.0
1772330561,kamailio,aflnet,1,b_abs,5823
1772330561,kamailio,aflnet,1,l_per,5.4
1772330561,kamailio,aflnet,1,l_abs,12891
1772330561,kamailio,aflnet,1,b_per,1.1
1772330561,kamailio,aflnet,1,b_abs,6095
1772330565,kamailio,aflnet,1,l_per,5.5
1772330565,kamailio,aflnet,1,l_abs,12975
1772330565,kamailio,aflnet,1,b_per,1.1
1772330565,kamailio,aflnet,1,b_abs,6218
1772330572,kamailio,aflnet,1,l_per,5.5
1772330572,kamailio,aflnet,1,l_abs,12996
1772330572,kamailio,aflnet,1,b_per,1.1
1772330572,kamailio,aflnet,1,b_abs,6246
1772330574,kamailio,aflnet,1,l_per,5.5
1772330574,kamailio,aflnet,1,l_abs,12997
1772330574,kamailio,aflnet,1,b_per,1.1
1772330574,kamailio,aflnet,1,b_abs,6247
1772330576,kamailio,aflnet,1,l_per,5.5
1772330576,kamailio,aflnet,1,l_abs,12999
1772330576,kamailio,aflnet,1,b_per,1.1
1772330576,kamailio,aflnet,1,b_abs,6256
1772330583,kamailio,aflnet,1,l_per,5.5
1772330583,kamailio,aflnet,1,l_abs,13000
1772330583,kamailio,aflnet,1,b_per,1.1
1772330583,kamailio,aflnet,1,b_abs,6265
1772330585,kamailio,aflnet,1,l_per,5.5
1772330585,kamailio,aflnet,1,l_abs,13014
1772330585,kamailio,aflnet,1,b_per,1.1
1772330585,kamailio,aflnet,1,b_abs,6277
1772330592,kamailio,aflnet,1,l_per,5.5
1772330592,kamailio,aflnet,1,l_abs,13014
1772330592,kamailio,aflnet,1,b_per,1.1
1772330592,kamailio,aflnet,1,b_abs,6281
1772330600,kamailio,aflnet,1,l_per,5.5
1772330600,kamailio,aflnet,1,l_abs,13016
1772330600,kamailio,aflnet,1,b_per,1.1
1772330600,kamailio,aflnet,1,b_abs,6283
1772330601,kamailio,aflnet,1,l_per,5.5
1772330601,kamailio,aflnet,1,l_abs,13018
1772330601,kamailio,aflnet,1,b_per,1.1
1772330601,kamailio,aflnet,1,b_abs,6285
1772330603,kamailio,aflnet,1,l_per,5.5
1772330603,kamailio,aflnet,1,l_abs,13028
1772330603,kamailio,aflnet,1,b_per,1.1
1772330603,kamailio,aflnet,1,b_abs,6310
1772330605,kamailio,aflnet,1,l_per,5.5
1772330605,kamailio,aflnet,1,l_abs,13028
1772330605,kamailio,aflnet,1,b_per,1.1
1772330605,kamailio,aflnet,1,b_abs,6310
1772330606,kamailio,aflnet,1,l_per,5.5
1772330606,kamailio,aflnet,1,l_abs,13028
1772330606,kamailio,aflnet,1,b_per,1.1
1772330606,kamailio,aflnet,1,b_abs,6310
1772330608,kamailio,aflnet,1,l_per,5.5
1772330608,kamailio,aflnet,1,l_abs,13047
1772330608,kamailio,aflnet,1,b_per,1.1
1772330608,kamailio,aflnet,1,b_abs,6354
1772330610,kamailio,aflnet,1,l_per,5.5
1772330610,kamailio,aflnet,1,l_abs,13107
1772330610,kamailio,aflnet,1,b_per,1.1
1772330610,kamailio,aflnet,1,b_abs,6405
1772330611,kamailio,aflnet,1,l_per,5.5
1772330611,kamailio,aflnet,1,l_abs,13133
1772330611,kamailio,aflnet,1,b_per,1.1
1772330611,kamailio,aflnet,1,b_abs,6429
1772330613,kamailio,aflnet,1,l_per,5.5
1772330613,kamailio,aflnet,1,l_abs,13135
1772330613,kamailio,aflnet,1,b_per,1.1
1772330613,kamailio,aflnet,1,b_abs,6432
1772330620,kamailio,aflnet,1,l_per,5.5
1772330620,kamailio,aflnet,1,l_abs,13135
1772330620,kamailio,aflnet,1,b_per,1.1
1772330620,kamailio,aflnet,1,b_abs,6432
1772330622,kamailio,aflnet,1,l_per,5.6
1772330622,kamailio,aflnet,1,l_abs,13156
1772330622,kamailio,aflnet,1,b_per,1.1
1772330622,kamailio,aflnet,1,b_abs,6472
1772330624,kamailio,aflnet,1,l_per,5.6
1772330624,kamailio,aflnet,1,l_abs,13156
1772330624,kamailio,aflnet,1,b_per,1.1
1772330624,kamailio,aflnet,1,b_abs,6474
1772330626,kamailio,aflnet,1,l_per,5.6
1772330626,kamailio,aflnet,1,l_abs,13159
1772330626,kamailio,aflnet,1,b_per,1.1
1772330626,kamailio,aflnet,1,b_abs,6481
1772330627,kamailio,aflnet,1,l_per,5.6
1772330627,kamailio,aflnet,1,l_abs,13165
1772330627,kamailio,aflnet,1,b_per,1.1
1772330627,kamailio,aflnet,1,b_abs,6491
1772330629,kamailio,aflnet,1,l_per,5.6
1772330629,kamailio,aflnet,1,l_abs,13165
1772330629,kamailio,aflnet,1,b_per,1.1
1772330629,kamailio,aflnet,1,b_abs,6491
1772330632,kamailio,aflnet,1,l_per,5.6
1772330632,kamailio,aflnet,1,l_abs,13165
1772330632,kamailio,aflnet,1,b_per,1.1
1772330632,kamailio,aflnet,1,b_abs,6491
1772330633,kamailio,aflnet,1,l_per,5.6
1772330633,kamailio,aflnet,1,l_abs,13204
1772330633,kamailio,aflnet,1,b_per,1.1
1772330633,kamailio,aflnet,1,b_abs,6509
1772330636,kamailio,aflnet,1,l_per,5.6
1772330636,kamailio,aflnet,1,l_abs,13222
1772330636,kamailio,aflnet,1,b_per,1.2
1772330636,kamailio,aflnet,1,b_abs,6526
1772330637,kamailio,aflnet,1,l_per,5.6
1772330637,kamailio,aflnet,1,l_abs,13243
1772330637,kamailio,aflnet,1,b_per,1.2
1772330637,kamailio,aflnet,1,b_abs,6547
1772330639,kamailio,aflnet,1,l_per,5.6
1772330639,kamailio,aflnet,1,l_abs,13244
1772330639,kamailio,aflnet,1,b_per,1.2
1772330639,kamailio,aflnet,1,b_abs,6549
1772330640,kamailio,aflnet,1,l_per,5.6
1772330640,kamailio,aflnet,1,l_abs,13245
1772330640,kamailio,aflnet,1,b_per,1.2
1772330640,kamailio,aflnet,1,b_abs,6550
1772330642,kamailio,aflnet,1,l_per,5.6
1772330642,kamailio,aflnet,1,l_abs,13253
1772330642,kamailio,aflnet,1,b_per,1.2
1772330642,kamailio,aflnet,1,b_abs,6574
1772330644,kamailio,aflnet,1,l_per,5.6
1772330644,kamailio,aflnet,1,l_abs,13253
1772330644,kamailio,aflnet,1,b_per,1.2
1772330644,kamailio,aflnet,1,b_abs,6575
1772330645,kamailio,aflnet,1,l_per,5.6
1772330645,kamailio,aflnet,1,l_abs,13253
1772330645,kamailio,aflnet,1,b_per,1.2
1772330645,kamailio,aflnet,1,b_abs,6575
1772330647,kamailio,aflnet,1,l_per,5.6
1772330647,kamailio,aflnet,1,l_abs,13275
1772330647,kamailio,aflnet,1,b_per,1.2
1772330647,kamailio,aflnet,1,b_abs,6620
1772330649,kamailio,aflnet,1,l_per,5.6
1772330649,kamailio,aflnet,1,l_abs,13275
1772330649,kamailio,aflnet,1,b_per,1.2
1772330649,kamailio,aflnet,1,b_abs,6620
1772330650,kamailio,aflnet,1,l_per,5.6
1772330650,kamailio,aflnet,1,l_abs,13280
1772330650,kamailio,aflnet,1,b_per,1.2
1772330650,kamailio,aflnet,1,b_abs,6632
1772330652,kamailio,aflnet,1,l_per,5.6
1772330652,kamailio,aflnet,1,l_abs,13280
1772330652,kamailio,aflnet,1,b_per,1.2
1772330652,kamailio,aflnet,1,b_abs,6633
1772330654,kamailio,aflnet,1,l_per,5.6
1772330654,kamailio,aflnet,1,l_abs,13280
1772330654,kamailio,aflnet,1,b_per,1.2
1772330654,kamailio,aflnet,1,b_abs,6633
1772330655,kamailio,aflnet,1,l_per,5.6
1772330655,kamailio,aflnet,1,l_abs,13280
1772330655,kamailio,aflnet,1,b_per,1.2
1772330655,kamailio,aflnet,1,b_abs,6634
1772330657,kamailio,aflnet,1,l_per,5.6
1772330657,kamailio,aflnet,1,l_abs,13290
1772330657,kamailio,aflnet,1,b_per,1.2
1772330657,kamailio,aflnet,1,b_abs,6646
1772330659,kamailio,aflnet,1,l_per,5.6
1772330659,kamailio,aflnet,1,l_abs,13304
1772330659,kamailio,aflnet,1,b_per,1.2
1772330659,kamailio,aflnet,1,b_abs,6657
1772330661,kamailio,aflnet,1,l_per,5.6
1772330661,kamailio,aflnet,1,l_abs,13307
1772330661,kamailio,aflnet,1,b_per,1.2
1772330661,kamailio,aflnet,1,b_abs,6658
1772330663,kamailio,aflnet,1,l_per,5.6
1772330663,kamailio,aflnet,1,l_abs,13310
1772330663,kamailio,aflnet,1,b_per,1.2
1772330663,kamailio,aflnet,1,b_abs,6669
1772330665,kamailio,aflnet,1,l_per,5.6
1772330665,kamailio,aflnet,1,l_abs,13317
1772330665,kamailio,aflnet,1,b_per,1.2
1772330665,kamailio,aflnet,1,b_abs,6688
1772330667,kamailio,aflnet,1,l_per,5.6
1772330667,kamailio,aflnet,1,l_abs,13317
1772330667,kamailio,aflnet,1,b_per,1.2
1772330667,kamailio,aflnet,1,b_abs,6691
1772330669,kamailio,aflnet,1,l_per,5.6
1772330669,kamailio,aflnet,1,l_abs,13320
1772330669,kamailio,aflnet,1,b_per,1.2
1772330669,kamailio,aflnet,1,b_abs,6700
1772330672,kamailio,aflnet,1,l_per,5.6
1772330672,kamailio,aflnet,1,l_abs,13324
1772330672,kamailio,aflnet,1,b_per,1.2
1772330672,kamailio,aflnet,1,b_abs,6715
1772330673,kamailio,aflnet,1,l_per,5.6
1772330673,kamailio,aflnet,1,l_abs,13329
1772330673,kamailio,aflnet,1,b_per,1.2
1772330673,kamailio,aflnet,1,b_abs,6727
1772330676,kamailio,aflnet,1,l_per,5.6
1772330676,kamailio,aflnet,1,l_abs,13371
1772330676,kamailio,aflnet,1,b_per,1.2
1772330676,kamailio,aflnet,1,b_abs,6762
1772330678,kamailio,aflnet,1,l_per,5.6
1772330678,kamailio,aflnet,1,l_abs,13372
1772330678,kamailio,aflnet,1,b_per,1.2
1772330678,kamailio,aflnet,1,b_abs,6763
1772330681,kamailio,aflnet,1,l_per,5.6
1772330681,kamailio,aflnet,1,l_abs,13373
1772330681,kamailio,aflnet,1,b_per,1.2
1772330681,kamailio,aflnet,1,b_abs,6764
1772330683,kamailio,aflnet,1,l_per,5.6
1772330683,kamailio,aflnet,1,l_abs,13373
1772330683,kamailio,aflnet,1,b_per,1.2
1772330683,kamailio,aflnet,1,b_abs,6764
1772330685,kamailio,aflnet,1,l_per,5.6
1772330685,kamailio,aflnet,1,l_abs,13373
1772330685,kamailio,aflnet,1,b_per,1.2
1772330685,kamailio,aflnet,1,b_abs,6765
1772330687,kamailio,aflnet,1,l_per,5.6
1772330687,kamailio,aflnet,1,l_abs,13379
1772330687,kamailio,aflnet,1,b_per,1.2
1772330687,kamailio,aflnet,1,b_abs,6767
1772330689,kamailio,aflnet,1,l_per,5.6
1772330689,kamailio,aflnet,1,l_abs,13385
1772330689,kamailio,aflnet,1,b_per,1.2
1772330689,kamailio,aflnet,1,b_abs,6770
1772330691,kamailio,aflnet,1,l_per,5.7
1772330691,kamailio,aflnet,1,l_abs,13400
1772330691,kamailio,aflnet,1,b_per,1.2
1772330691,kamailio,aflnet,1,b_abs,6777
1772330692,kamailio,aflnet,1,l_per,5.7
1772330692,kamailio,aflnet,1,l_abs,13410
1772330692,kamailio,aflnet,1,b_per,1.2
1772330692,kamailio,aflnet,1,b_abs,6780
1772330694,kamailio,aflnet,1,l_per,5.7
1772330694,kamailio,aflnet,1,l_abs,13410
1772330694,kamailio,aflnet,1,b_per,1.2
1772330694,kamailio,aflnet,1,b_abs,6782
1772330696,kamailio,aflnet,1,l_per,5.7
1772330696,kamailio,aflnet,1,l_abs,13425
1772330696,kamailio,aflnet,1,b_per,1.2
1772330696,kamailio,aflnet,1,b_abs,6802
1772330698,kamailio,aflnet,1,l_per,5.7
1772330698,kamailio,aflnet,1,l_abs,13432
1772330698,kamailio,aflnet,1,b_per,1.2
1772330698,kamailio,aflnet,1,b_abs,6828
1772330699,kamailio,aflnet,1,l_per,5.7
1772330699,kamailio,aflnet,1,l_abs,13432
1772330699,kamailio,aflnet,1,b_per,1.2
1772330699,kamailio,aflnet,1,b_abs,6829
1772330702,kamailio,aflnet,1,l_per,5.7
1772330702,kamailio,aflnet,1,l_abs,13436
1772330702,kamailio,aflnet,1,b_per,1.2
1772330702,kamailio,aflnet,1,b_abs,6830
1772330704,kamailio,aflnet,1,l_per,5.7
1772330704,kamailio,aflnet,1,l_abs,13439
1772330704,kamailio,aflnet,1,b_per,1.2
1772330704,kamailio,aflnet,1,b_abs,6840
1772330706,kamailio,aflnet,1,l_per,5.7
1772330706,kamailio,aflnet,1,l_abs,13442
1772330706,kamailio,aflnet,1,b_per,1.2
1772330706,kamailio,aflnet,1,b_abs,6849
1772330708,kamailio,aflnet,1,l_per,5.7
1772330708,kamailio,aflnet,1,l_abs,13449
1772330708,kamailio,aflnet,1,b_per,1.2
1772330708,kamailio,aflnet,1,b_abs,6855
1772330711,kamailio,aflnet,1,l_per,5.7
1772330711,kamailio,aflnet,1,l_abs,13450
1772330711,kamailio,aflnet,1,b_per,1.2
1772330711,kamailio,aflnet,1,b_abs,6864
1772330715,kamailio,aflnet,1,l_per,5.7
1772330715,kamailio,aflnet,1,l_abs,13457
1772330715,kamailio,aflnet,1,b_per,1.2
1772330715,kamailio,aflnet,1,b_abs,6874
1772330716,kamailio,aflnet,1,l_per,5.7
1772330716,kamailio,aflnet,1,l_abs,13457
1772330716,kamailio,aflnet,1,b_per,1.2
1772330716,kamailio,aflnet,1,b_abs,6874
1772330718,kamailio,aflnet,1,l_per,5.7
1772330718,kamailio,aflnet,1,l_abs,13461
1772330718,kamailio,aflnet,1,b_per,1.2
1772330718,kamailio,aflnet,1,b_abs,6876
1772330721,kamailio,aflnet,1,l_per,5.7
1772330721,kamailio,aflnet,1,l_abs,13461
1772330721,kamailio,aflnet,1,b_per,1.2
1772330721,kamailio,aflnet,1,b_abs,6876
1772330723,kamailio,aflnet,1,l_per,5.7
1772330723,kamailio,aflnet,1,l_abs,13461
1772330723,kamailio,aflnet,1,b_per,1.2
1772330723,kamailio,aflnet,1,b_abs,6876
1772330725,kamailio,aflnet,1,l_per,5.7
1772330725,kamailio,aflnet,1,l_abs,13491
1772330725,kamailio,aflnet,1,b_per,1.2
1772330725,kamailio,aflnet,1,b_abs,6888
1772330727,kamailio,aflnet,1,l_per,5.7
1772330727,kamailio,aflnet,1,l_abs,13493
1772330727,kamailio,aflnet,1,b_per,1.2
1772330727,kamailio,aflnet,1,b_abs,6899
1772330729,kamailio,aflnet,1,l_per,5.7
1772330729,kamailio,aflnet,1,l_abs,13494
1772330729,kamailio,aflnet,1,b_per,1.2
1772330729,kamailio,aflnet,1,b_abs,6901
1772330731,kamailio,aflnet,1,l_per,5.7
1772330731,kamailio,aflnet,1,l_abs,13517
1772330731,kamailio,aflnet,1,b_per,1.2
1772330731,kamailio,aflnet,1,b_abs,6909
1772330733,kamailio,aflnet,1,l_per,5.7
1772330733,kamailio,aflnet,1,l_abs,13522
1772330733,kamailio,aflnet,1,b_per,1.2
1772330733,kamailio,aflnet,1,b_abs,6910
1772330735,kamailio,aflnet,1,l_per,5.7
1772330735,kamailio,aflnet,1,l_abs,13530
1772330735,kamailio,aflnet,1,b_per,1.2
1772330735,kamailio,aflnet,1,b_abs,6912
1772330737,kamailio,aflnet,1,l_per,5.7
1772330737,kamailio,aflnet,1,l_abs,13535
1772330737,kamailio,aflnet,1,b_per,1.2
1772330737,kamailio,aflnet,1,b_abs,6914
1772330739,kamailio,aflnet,1,l_per,5.7
1772330739,kamailio,aflnet,1,l_abs,13535
1772330739,kamailio,aflnet,1,b_per,1.2
1772330739,kamailio,aflnet,1,b_abs,6915
1772330741,kamailio,aflnet,1,l_per,5.7
1772330741,kamailio,aflnet,1,l_abs,13538
1772330741,kamailio,aflnet,1,b_per,1.2
1772330741,kamailio,aflnet,1,b_abs,6924
1772330743,kamailio,aflnet,1,l_per,5.7
1772330743,kamailio,aflnet,1,l_abs,13538
1772330743,kamailio,aflnet,1,b_per,1.2
1772330743,kamailio,aflnet,1,b_abs,6925
1772330745,kamailio,aflnet,1,l_per,5.7
1772330745,kamailio,aflnet,1,l_abs,13540
1772330745,kamailio,aflnet,1,b_per,1.2
1772330745,kamailio,aflnet,1,b_abs,6926
1772330748,kamailio,aflnet,1,l_per,5.7
1772330748,kamailio,aflnet,1,l_abs,13540
1772330748,kamailio,aflnet,1,b_per,1.2
1772330748,kamailio,aflnet,1,b_abs,6926
1772330750,kamailio,aflnet,1,l_per,5.7
1772330750,kamailio,aflnet,1,l_abs,13543
1772330750,kamailio,aflnet,1,b_per,1.2
1772330750,kamailio,aflnet,1,b_abs,6927
1772330756,kamailio,aflnet,1,l_per,5.7
1772330756,kamailio,aflnet,1,l_abs,13543
1772330756,kamailio,aflnet,1,b_per,1.2
1772330756,kamailio,aflnet,1,b_abs,6929
1772330758,kamailio,aflnet,1,l_per,5.7
1772330758,kamailio,aflnet,1,l_abs,13552
1772330758,kamailio,aflnet,1,b_per,1.2
1772330758,kamailio,aflnet,1,b_abs,6940
1772330760,kamailio,aflnet,1,l_per,5.7
1772330760,kamailio,aflnet,1,l_abs,13555
1772330760,kamailio,aflnet,1,b_per,1.2
1772330760,kamailio,aflnet,1,b_abs,6941
1772330763,kamailio,aflnet,1,l_per,5.7
1772330763,kamailio,aflnet,1,l_abs,13556
1772330763,kamailio,aflnet,1,b_per,1.2
1772330763,kamailio,aflnet,1,b_abs,6942
1772330765,kamailio,aflnet,1,l_per,5.7
1772330765,kamailio,aflnet,1,l_abs,13556
1772330765,kamailio,aflnet,1,b_per,1.2
1772330765,kamailio,aflnet,1,b_abs,6942
1772330767,kamailio,aflnet,1,l_per,5.7
1772330767,kamailio,aflnet,1,l_abs,13564
1772330767,kamailio,aflnet,1,b_per,1.2
1772330767,kamailio,aflnet,1,b_abs,6949
1772330769,kamailio,aflnet,1,l_per,5.7
1772330769,kamailio,aflnet,1,l_abs,13569
1772330769,kamailio,aflnet,1,b_per,1.2
1772330769,kamailio,aflnet,1,b_abs,6959
1772330772,kamailio,aflnet,1,l_per,5.7
1772330772,kamailio,aflnet,1,l_abs,13569
1772330772,kamailio,aflnet,1,b_per,1.2
1772330772,kamailio,aflnet,1,b_abs,6961
1772330774,kamailio,aflnet,1,l_per,5.7
1772330774,kamailio,aflnet,1,l_abs,13572
1772330774,kamailio,aflnet,1,b_per,1.2
1772330774,kamailio,aflnet,1,b_abs,6970
1772330776,kamailio,aflnet,1,l_per,5.7
1772330776,kamailio,aflnet,1,l_abs,13574
1772330776,kamailio,aflnet,1,b_per,1.2
1772330776,kamailio,aflnet,1,b_abs,6971
1772330780,kamailio,aflnet,1,l_per,5.7
1772330780,kamailio,aflnet,1,l_abs,13574
1772330780,kamailio,aflnet,1,b_per,1.2
1772330780,kamailio,aflnet,1,b_abs,6973
1772330783,kamailio,aflnet,1,l_per,5.7
1772330783,kamailio,aflnet,1,l_abs,13574
1772330783,kamailio,aflnet,1,b_per,1.2
1772330783,kamailio,aflnet,1,b_abs,6973
1772330789,kamailio,aflnet,1,l_per,5.7
1772330789,kamailio,aflnet,1,l_abs,13574
1772330789,kamailio,aflnet,1,b_per,1.2
1772330789,kamailio,aflnet,1,b_abs,6973
1772330790,kamailio,aflnet,1,l_per,5.7
1772330790,kamailio,aflnet,1,l_abs,13577
1772330790,kamailio,aflnet,1,b_per,1.2
1772330790,kamailio,aflnet,1,b_abs,6982
1772330793,kamailio,aflnet,1,l_per,5.8
1772330793,kamailio,aflnet,1,l_abs,13821
1772330793,kamailio,aflnet,1,b_per,1.3
1772330793,kamailio,aflnet,1,b_abs,7183
1772330796,kamailio,aflnet,1,l_per,5.8
1772330796,kamailio,aflnet,1,l_abs,13821
1772330796,kamailio,aflnet,1,b_per,1.3
1772330796,kamailio,aflnet,1,b_abs,7183
1772330798,kamailio,aflnet,1,l_per,5.8
1772330798,kamailio,aflnet,1,l_abs,13821
1772330798,kamailio,aflnet,1,b_per,1.3
1772330798,kamailio,aflnet,1,b_abs,7183
1772330808,kamailio,aflnet,1,l_per,5.8
1772330808,kamailio,aflnet,1,l_abs,13821
1772330808,kamailio,aflnet,1,b_per,1.3
1772330808,kamailio,aflnet,1,b_abs,7183
1772330810,kamailio,aflnet,1,l_per,6.0
1772330810,kamailio,aflnet,1,l_abs,14132
1772330810,kamailio,aflnet,1,b_per,1.3
1772330810,kamailio,aflnet,1,b_abs,7358
1772330817,kamailio,aflnet,1,l_per,6.0
1772330817,kamailio,aflnet,1,l_abs,14135
1772330817,kamailio,aflnet,1,b_per,1.3
1772330817,kamailio,aflnet,1,b_abs,7368
1772330820,kamailio,aflnet,1,l_per,6.0
1772330820,kamailio,aflnet,1,l_abs,14153
1772330820,kamailio,aflnet,1,b_per,1.3
1772330820,kamailio,aflnet,1,b_abs,7393
1772330822,kamailio,aflnet,1,l_per,6.0
1772330822,kamailio,aflnet,1,l_abs,14153
1772330822,kamailio,aflnet,1,b_per,1.3
1772330822,kamailio,aflnet,1,b_abs,7393
1772330823,kamailio,aflnet,1,l_per,6.0
1772330823,kamailio,aflnet,1,l_abs,14153
1772330823,kamailio,aflnet,1,b_per,1.3
1772330823,kamailio,aflnet,1,b_abs,7393
1772330825,kamailio,aflnet,1,l_per,6.0
1772330825,kamailio,aflnet,1,l_abs,14158
1772330825,kamailio,aflnet,1,b_per,1.3
1772330825,kamailio,aflnet,1,b_abs,7403
1772330827,kamailio,aflnet,1,l_per,6.0
1772330827,kamailio,aflnet,1,l_abs,14160
1772330827,kamailio,aflnet,1,b_per,1.3
1772330827,kamailio,aflnet,1,b_abs,7404
1772330829,kamailio,aflnet,1,l_per,6.0
1772330829,kamailio,aflnet,1,l_abs,14163
1772330829,kamailio,aflnet,1,b_per,1.3
1772330829,kamailio,aflnet,1,b_abs,7405
1772330831,kamailio,aflnet,1,l_per,6.0
1772330831,kamailio,aflnet,1,l_abs,14166
1772330831,kamailio,aflnet,1,b_per,1.3
1772330831,kamailio,aflnet,1,b_abs,7415
1772330834,kamailio,aflnet,1,l_per,6.0
1772330834,kamailio,aflnet,1,l_abs,14171
1772330834,kamailio,aflnet,1,b_per,1.3
1772330834,kamailio,aflnet,1,b_abs,7416
1772330836,kamailio,aflnet,1,l_per,6.0
1772330836,kamailio,aflnet,1,l_abs,14181
1772330836,kamailio,aflnet,1,b_per,1.3
1772330836,kamailio,aflnet,1,b_abs,7423
1772330838,kamailio,aflnet,1,l_per,6.0
1772330838,kamailio,aflnet,1,l_abs,14182
1772330838,kamailio,aflnet,1,b_per,1.3
1772330838,kamailio,aflnet,1,b_abs,7425
1772330840,kamailio,aflnet,1,l_per,6.0
1772330840,kamailio,aflnet,1,l_abs,14185
1772330840,kamailio,aflnet,1,b_per,1.3
1772330840,kamailio,aflnet,1,b_abs,7435
1772330844,kamailio,aflnet,1,l_per,6.0
1772330844,kamailio,aflnet,1,l_abs,14188
1772330844,kamailio,aflnet,1,b_per,1.3
1772330844,kamailio,aflnet,1,b_abs,7438
1772330846,kamailio,aflnet,1,l_per,6.0
1772330846,kamailio,aflnet,1,l_abs,14192
1772330846,kamailio,aflnet,1,b_per,1.3
1772330846,kamailio,aflnet,1,b_abs,7443
1772330848,kamailio,aflnet,1,l_per,6.0
1772330848,kamailio,aflnet,1,l_abs,14192
1772330848,kamailio,aflnet,1,b_per,1.3
1772330848,kamailio,aflnet,1,b_abs,7443
1772330863,kamailio,aflnet,1,l_per,6.0
1772330863,kamailio,aflnet,1,l_abs,14192
1772330863,kamailio,aflnet,1,b_per,1.3
1772330863,kamailio,aflnet,1,b_abs,7443
1772330865,kamailio,aflnet,1,l_per,6.0
1772330865,kamailio,aflnet,1,l_abs,14193
1772330865,kamailio,aflnet,1,b_per,1.3
1772330865,kamailio,aflnet,1,b_abs,7444
1772330866,kamailio,aflnet,1,l_per,6.0
1772330866,kamailio,aflnet,1,l_abs,14193
1772330866,kamailio,aflnet,1,b_per,1.3
1772330866,kamailio,aflnet,1,b_abs,7446
1772330869,kamailio,aflnet,1,l_per,6.0
1772330869,kamailio,aflnet,1,l_abs,14193
1772330869,kamailio,aflnet,1,b_per,1.3
1772330869,kamailio,aflnet,1,b_abs,7448
1772330872,kamailio,aflnet,1,l_per,6.0
1772330872,kamailio,aflnet,1,l_abs,14196
1772330872,kamailio,aflnet,1,b_per,1.3
1772330872,kamailio,aflnet,1,b_abs,7457
1772330874,kamailio,aflnet,1,l_per,6.0
1772330874,kamailio,aflnet,1,l_abs,14199
1772330874,kamailio,aflnet,1,b_per,1.3
1772330874,kamailio,aflnet,1,b_abs,7466
1772330877,kamailio,aflnet,1,l_per,6.0
1772330877,kamailio,aflnet,1,l_abs,14199
1772330877,kamailio,aflnet,1,b_per,1.3
1772330877,kamailio,aflnet,1,b_abs,7466
1772330879,kamailio,aflnet,1,l_per,6.0
1772330879,kamailio,aflnet,1,l_abs,14202
1772330879,kamailio,aflnet,1,b_per,1.3
1772330879,kamailio,aflnet,1,b_abs,7475
1772330881,kamailio,aflnet,1,l_per,6.0
1772330881,kamailio,aflnet,1,l_abs,14202
1772330881,kamailio,aflnet,1,b_per,1.3
1772330881,kamailio,aflnet,1,b_abs,7475
1772330883,kamailio,aflnet,1,l_per,6.0
1772330883,kamailio,aflnet,1,l_abs,14202
1772330883,kamailio,aflnet,1,b_per,1.3
1772330883,kamailio,aflnet,1,b_abs,7477
1772330884,kamailio,aflnet,1,l_per,6.0
1772330884,kamailio,aflnet,1,l_abs,14207
1772330884,kamailio,aflnet,1,b_per,1.3
1772330884,kamailio,aflnet,1,b_abs,7485
1772330887,kamailio,aflnet,1,l_per,6.0
1772330887,kamailio,aflnet,1,l_abs,14207
1772330887,kamailio,aflnet,1,b_per,1.3
1772330887,kamailio,aflnet,1,b_abs,7486
1772330888,kamailio,aflnet,1,l_per,6.0
1772330888,kamailio,aflnet,1,l_abs,14207
1772330888,kamailio,aflnet,1,b_per,1.3
1772330888,kamailio,aflnet,1,b_abs,7486
1772330891,kamailio,aflnet,1,l_per,6.0
1772330891,kamailio,aflnet,1,l_abs,14207
1772330891,kamailio,aflnet,1,b_per,1.3
1772330891,kamailio,aflnet,1,b_abs,7488
1772330899,kamailio,aflnet,1,l_per,6.0
1772330899,kamailio,aflnet,1,l_abs,14207
1772330899,kamailio,aflnet,1,b_per,1.3
1772330899,kamailio,aflnet,1,b_abs,7488
1772330901,kamailio,aflnet,1,l_per,6.0
1772330901,kamailio,aflnet,1,l_abs,14207
1772330901,kamailio,aflnet,1,b_per,1.3
1772330901,kamailio,aflnet,1,b_abs,7488
1772330903,kamailio,aflnet,1,l_per,6.0
1772330903,kamailio,aflnet,1,l_abs,14213
1772330903,kamailio,aflnet,1,b_per,1.3
1772330903,kamailio,aflnet,1,b_abs,7489
1772330904,kamailio,aflnet,1,l_per,6.0
1772330904,kamailio,aflnet,1,l_abs,14223
1772330904,kamailio,aflnet,1,b_per,1.3
1772330904,kamailio,aflnet,1,b_abs,7499
1772330906,kamailio,aflnet,1,l_per,6.0
1772330906,kamailio,aflnet,1,l_abs,14226
1772330906,kamailio,aflnet,1,b_per,1.3
1772330906,kamailio,aflnet,1,b_abs,7508
1772330908,kamailio,aflnet,1,l_per,6.0
1772330908,kamailio,aflnet,1,l_abs,14230
1772330908,kamailio,aflnet,1,b_per,1.3
1772330908,kamailio,aflnet,1,b_abs,7512
1772330917,kamailio,aflnet,1,l_per,6.0
1772330917,kamailio,aflnet,1,l_abs,14230
1772330917,kamailio,aflnet,1,b_per,1.3
1772330917,kamailio,aflnet,1,b_abs,7513
1772330921,kamailio,aflnet,1,l_per,6.0
1772330921,kamailio,aflnet,1,l_abs,14232
1772330921,kamailio,aflnet,1,b_per,1.3
1772330921,kamailio,aflnet,1,b_abs,7514
1772330923,kamailio,aflnet,1,l_per,6.0
1772330923,kamailio,aflnet,1,l_abs,14232
1772330923,kamailio,aflnet,1,b_per,1.3
1772330923,kamailio,aflnet,1,b_abs,7517
1772330925,kamailio,aflnet,1,l_per,6.0
1772330925,kamailio,aflnet,1,l_abs,14246
1772330925,kamailio,aflnet,1,b_per,1.3
1772330925,kamailio,aflnet,1,b_abs,7539
1772330926,kamailio,aflnet,1,l_per,6.0
1772330926,kamailio,aflnet,1,l_abs,14246
1772330926,kamailio,aflnet,1,b_per,1.3
1772330926,kamailio,aflnet,1,b_abs,7542
1772330934,kamailio,aflnet,1,l_per,6.0
1772330934,kamailio,aflnet,1,l_abs,14246
1772330934,kamailio,aflnet,1,b_per,1.3
1772330934,kamailio,aflnet,1,b_abs,7542
1772330938,kamailio,aflnet,1,l_per,6.0
1772330938,kamailio,aflnet,1,l_abs,14251
1772330938,kamailio,aflnet,1,b_per,1.3
1772330938,kamailio,aflnet,1,b_abs,7552
1772330940,kamailio,aflnet,1,l_per,6.0
1772330940,kamailio,aflnet,1,l_abs,14253
1772330940,kamailio,aflnet,1,b_per,1.3
1772330940,kamailio,aflnet,1,b_abs,7553
1772330942,kamailio,aflnet,1,l_per,6.0
1772330942,kamailio,aflnet,1,l_abs,14253
1772330942,kamailio,aflnet,1,b_per,1.3
1772330942,kamailio,aflnet,1,b_abs,7553
1772330944,kamailio,aflnet,1,l_per,6.0
1772330944,kamailio,aflnet,1,l_abs,14253
1772330944,kamailio,aflnet,1,b_per,1.3
1772330944,kamailio,aflnet,1,b_abs,7555
1772330947,kamailio,aflnet,1,l_per,6.0
1772330947,kamailio,aflnet,1,l_abs,14257
1772330947,kamailio,aflnet,1,b_per,1.3
1772330947,kamailio,aflnet,1,b_abs,7569
1772330950,kamailio,aflnet,1,l_per,6.0
1772330950,kamailio,aflnet,1,l_abs,14260
1772330950,kamailio,aflnet,1,b_per,1.3
1772330950,kamailio,aflnet,1,b_abs,7570
1772330952,kamailio,aflnet,1,l_per,6.0
1772330952,kamailio,aflnet,1,l_abs,14260
1772330952,kamailio,aflnet,1,b_per,1.3
1772330952,kamailio,aflnet,1,b_abs,7570
1772330953,kamailio,aflnet,1,l_per,6.0
1772330953,kamailio,aflnet,1,l_abs,14262
1772330953,kamailio,aflnet,1,b_per,1.3
1772330953,kamailio,aflnet,1,b_abs,7579
1772330956,kamailio,aflnet,1,l_per,6.0
1772330956,kamailio,aflnet,1,l_abs,14270
1772330956,kamailio,aflnet,1,b_per,1.3
1772330956,kamailio,aflnet,1,b_abs,7581
1772330958,kamailio,aflnet,1,l_per,6.0
1772330958,kamailio,aflnet,1,l_abs,14270
1772330958,kamailio,aflnet,1,b_per,1.3
1772330958,kamailio,aflnet,1,b_abs,7582
1772330960,kamailio,aflnet,1,l_per,6.0
1772330960,kamailio,aflnet,1,l_abs,14272
1772330960,kamailio,aflnet,1,b_per,1.3
1772330960,kamailio,aflnet,1,b_abs,7583
1772330964,kamailio,aflnet,1,l_per,6.0
1772330964,kamailio,aflnet,1,l_abs,14272
1772330964,kamailio,aflnet,1,b_per,1.3
1772330964,kamailio,aflnet,1,b_abs,7585
1772330966,kamailio,aflnet,1,l_per,6.0
1772330966,kamailio,aflnet,1,l_abs,14273
1772330966,kamailio,aflnet,1,b_per,1.3
1772330966,kamailio,aflnet,1,b_abs,7587
1772330969,kamailio,aflnet,1,l_per,6.0
1772330969,kamailio,aflnet,1,l_abs,14273
1772330969,kamailio,aflnet,1,b_per,1.3
1772330969,kamailio,aflnet,1,b_abs,7589
1772330972,kamailio,aflnet,1,l_per,6.0
1772330972,kamailio,aflnet,1,l_abs,14273
1772330972,kamailio,aflnet,1,b_per,1.3
1772330972,kamailio,aflnet,1,b_abs,7591
1772330977,kamailio,aflnet,1,l_per,6.0
1772330977,kamailio,aflnet,1,l_abs,14273
1772330977,kamailio,aflnet,1,b_per,1.3
1772330977,kamailio,aflnet,1,b_abs,7592
1772330979,kamailio,aflnet,1,l_per,6.0
1772330979,kamailio,aflnet,1,l_abs,14274
1772330979,kamailio,aflnet,1,b_per,1.3
1772330979,kamailio,aflnet,1,b_abs,7593
1772330982,kamailio,aflnet,1,l_per,6.0
1772330982,kamailio,aflnet,1,l_abs,14277
1772330982,kamailio,aflnet,1,b_per,1.3
1772330982,kamailio,aflnet,1,b_abs,7603
1772330983,kamailio,aflnet,1,l_per,6.0
1772330983,kamailio,aflnet,1,l_abs,14277
1772330983,kamailio,aflnet,1,b_per,1.3
1772330983,kamailio,aflnet,1,b_abs,7604
1772330987,kamailio,aflnet,1,l_per,6.0
1772330987,kamailio,aflnet,1,l_abs,14277
1772330987,kamailio,aflnet,1,b_per,1.3
1772330987,kamailio,aflnet,1,b_abs,7605
1772330988,kamailio,aflnet,1,l_per,6.0
1772330988,kamailio,aflnet,1,l_abs,14280
1772330988,kamailio,aflnet,1,b_per,1.3
1772330988,kamailio,aflnet,1,b_abs,7606
1772330990,kamailio,aflnet,1,l_per,6.0
1772330990,kamailio,aflnet,1,l_abs,14296
1772330990,kamailio,aflnet,1,b_per,1.3
1772330990,kamailio,aflnet,1,b_abs,7611
1772330992,kamailio,aflnet,1,l_per,6.0
1772330992,kamailio,aflnet,1,l_abs,14296
1772330992,kamailio,aflnet,1,b_per,1.3
1772330992,kamailio,aflnet,1,b_abs,7612
1772330994,kamailio,aflnet,1,l_per,6.0
1772330994,kamailio,aflnet,1,l_abs,14296
1772330994,kamailio,aflnet,1,b_per,1.3
1772330994,kamailio,aflnet,1,b_abs,7613
1772330996,kamailio,aflnet,1,l_per,6.0
1772330996,kamailio,aflnet,1,l_abs,14296
1772330996,kamailio,aflnet,1,b_per,1.3
1772330996,kamailio,aflnet,1,b_abs,7613
1772330998,kamailio,aflnet,1,l_per,6.0
1772330998,kamailio,aflnet,1,l_abs,14299
1772330998,kamailio,aflnet,1,b_per,1.3
1772330998,kamailio,aflnet,1,b_abs,7622
1772331001,kamailio,aflnet,1,l_per,6.0
1772331001,kamailio,aflnet,1,l_abs,14299
1772331001,kamailio,aflnet,1,b_per,1.3
1772331001,kamailio,aflnet,1,b_abs,7623
1772331005,kamailio,aflnet,1,l_per,6.0
1772331005,kamailio,aflnet,1,l_abs,14299
1772331005,kamailio,aflnet,1,b_per,1.3
1772331005,kamailio,aflnet,1,b_abs,7623
1772331008,kamailio,aflnet,1,l_per,6.0
1772331008,kamailio,aflnet,1,l_abs,14299
1772331008,kamailio,aflnet,1,b_per,1.3
1772331008,kamailio,aflnet,1,b_abs,7623
1772331010,kamailio,aflnet,1,l_per,6.0
1772331010,kamailio,aflnet,1,l_abs,14299
1772331010,kamailio,aflnet,1,b_per,1.3
1772331010,kamailio,aflnet,1,b_abs,7623
1772331012,kamailio,aflnet,1,l_per,6.0
1772331012,kamailio,aflnet,1,l_abs,14299
1772331012,kamailio,aflnet,1,b_per,1.3
1772331012,kamailio,aflnet,1,b_abs,7623
1772331014,kamailio,aflnet,1,l_per,6.0
1772331014,kamailio,aflnet,1,l_abs,14304
1772331014,kamailio,aflnet,1,b_per,1.3
1772331014,kamailio,aflnet,1,b_abs,7624
1772331017,kamailio,aflnet,1,l_per,6.0
1772331017,kamailio,aflnet,1,l_abs,14304
1772331017,kamailio,aflnet,1,b_per,1.3
1772331017,kamailio,aflnet,1,b_abs,7624
1772331019,kamailio,aflnet,1,l_per,6.0
1772331019,kamailio,aflnet,1,l_abs,14304
1772331019,kamailio,aflnet,1,b_per,1.3
1772331019,kamailio,aflnet,1,b_abs,7624
1772331021,kamailio,aflnet,1,l_per,6.0
1772331021,kamailio,aflnet,1,l_abs,14304
1772331021,kamailio,aflnet,1,b_per,1.3
1772331021,kamailio,aflnet,1,b_abs,7624
1772331023,kamailio,aflnet,1,l_per,6.0
1772331023,kamailio,aflnet,1,l_abs,14304
1772331023,kamailio,aflnet,1,b_per,1.3
1772331023,kamailio,aflnet,1,b_abs,7624
1772331024,kamailio,aflnet,1,l_per,6.0
1772331024,kamailio,aflnet,1,l_abs,14304
1772331024,kamailio,aflnet,1,b_per,1.3
1772331024,kamailio,aflnet,1,b_abs,7624
1772331026,kamailio,aflnet,1,l_per,6.0
1772331026,kamailio,aflnet,1,l_abs,14308
1772331026,kamailio,aflnet,1,b_per,1.3
1772331026,kamailio,aflnet,1,b_abs,7625
1772331028,kamailio,aflnet,1,l_per,6.1
1772331028,kamailio,aflnet,1,l_abs,14354
1772331028,kamailio,aflnet,1,b_per,1.4
1772331028,kamailio,aflnet,1,b_abs,7661
1772331030,kamailio,aflnet,1,l_per,6.1
1772331030,kamailio,aflnet,1,l_abs,14356
1772331030,kamailio,aflnet,1,b_per,1.4
1772331030,kamailio,aflnet,1,b_abs,7662
1772331031,kamailio,aflnet,1,l_per,6.1
1772331031,kamailio,aflnet,1,l_abs,14356
1772331031,kamailio,aflnet,1,b_per,1.4
1772331031,kamailio,aflnet,1,b_abs,7663
1772331033,kamailio,aflnet,1,l_per,6.1
1772331033,kamailio,aflnet,1,l_abs,14356
1772331033,kamailio,aflnet,1,b_per,1.4
1772331033,kamailio,aflnet,1,b_abs,7663
1772331035,kamailio,aflnet,1,l_per,6.1
1772331035,kamailio,aflnet,1,l_abs,14356
1772331035,kamailio,aflnet,1,b_per,1.4
1772331035,kamailio,aflnet,1,b_abs,7663
1772331036,kamailio,aflnet,1,l_per,6.1
1772331036,kamailio,aflnet,1,l_abs,14359
1772331036,kamailio,aflnet,1,b_per,1.4
1772331036,kamailio,aflnet,1,b_abs,7664
1772331038,kamailio,aflnet,1,l_per,6.1
1772331038,kamailio,aflnet,1,l_abs,14363
1772331038,kamailio,aflnet,1,b_per,1.4
1772331038,kamailio,aflnet,1,b_abs,7665
1772331040,kamailio,aflnet,1,l_per,6.1
1772331040,kamailio,aflnet,1,l_abs,14370
1772331040,kamailio,aflnet,1,b_per,1.4
1772331040,kamailio,aflnet,1,b_abs,7672
1772331041,kamailio,aflnet,1,l_per,6.1
1772331041,kamailio,aflnet,1,l_abs,14386
1772331041,kamailio,aflnet,1,b_per,1.4
1772331041,kamailio,aflnet,1,b_abs,7689
1772331043,kamailio,aflnet,1,l_per,6.1
1772331043,kamailio,aflnet,1,l_abs,14386
1772331043,kamailio,aflnet,1,b_per,1.4
1772331043,kamailio,aflnet,1,b_abs,7689
1772331045,kamailio,aflnet,1,l_per,6.1
1772331045,kamailio,aflnet,1,l_abs,14388
1772331045,kamailio,aflnet,1,b_per,1.4
1772331045,kamailio,aflnet,1,b_abs,7690
1772331046,kamailio,aflnet,1,l_per,6.1
1772331046,kamailio,aflnet,1,l_abs,14389
1772331046,kamailio,aflnet,1,b_per,1.4
1772331046,kamailio,aflnet,1,b_abs,7691
1772331048,kamailio,aflnet,1,l_per,6.1
1772331048,kamailio,aflnet,1,l_abs,14403
1772331048,kamailio,aflnet,1,b_per,1.4
1772331048,kamailio,aflnet,1,b_abs,7700
1772331050,kamailio,aflnet,1,l_per,6.1
1772331050,kamailio,aflnet,1,l_abs,14403
1772331050,kamailio,aflnet,1,b_per,1.4
1772331050,kamailio,aflnet,1,b_abs,7700
1772331051,kamailio,aflnet,1,l_per,6.1
1772331051,kamailio,aflnet,1,l_abs,14403
1772331051,kamailio,aflnet,1,b_per,1.4
1772331051,kamailio,aflnet,1,b_abs,7700
1772331053,kamailio,aflnet,1,l_per,6.1
1772331053,kamailio,aflnet,1,l_abs,14404
1772331053,kamailio,aflnet,1,b_per,1.4
1772331053,kamailio,aflnet,1,b_abs,7703
1772331055,kamailio,aflnet,1,l_per,6.1
1772331055,kamailio,aflnet,1,l_abs,14421
1772331055,kamailio,aflnet,1,b_per,1.4
1772331055,kamailio,aflnet,1,b_abs,7716
1772331057,kamailio,aflnet,1,l_per,6.1
1772331057,kamailio,aflnet,1,l_abs,14421
1772331057,kamailio,aflnet,1,b_per,1.4
1772331057,kamailio,aflnet,1,b_abs,7716
1772331058,kamailio,aflnet,1,l_per,6.1
1772331058,kamailio,aflnet,1,l_abs,14425
1772331058,kamailio,aflnet,1,b_per,1.4
1772331058,kamailio,aflnet,1,b_abs,7717
1772331060,kamailio,aflnet,1,l_per,6.1
1772331060,kamailio,aflnet,1,l_abs,14425
1772331060,kamailio,aflnet,1,b_per,1.4
1772331060,kamailio,aflnet,1,b_abs,7717
1772331062,kamailio,aflnet,1,l_per,6.1
1772331062,kamailio,aflnet,1,l_abs,14425
1772331062,kamailio,aflnet,1,b_per,1.4
1772331062,kamailio,aflnet,1,b_abs,7717
1772331064,kamailio,aflnet,1,l_per,6.1
1772331064,kamailio,aflnet,1,l_abs,14432
1772331064,kamailio,aflnet,1,b_per,1.4
1772331064,kamailio,aflnet,1,b_abs,7721
1772331066,kamailio,aflnet,1,l_per,6.1
1772331066,kamailio,aflnet,1,l_abs,14432
1772331066,kamailio,aflnet,1,b_per,1.4
1772331066,kamailio,aflnet,1,b_abs,7721
1772331068,kamailio,aflnet,1,l_per,6.1
1772331068,kamailio,aflnet,1,l_abs,14436
1772331068,kamailio,aflnet,1,b_per,1.4
1772331068,kamailio,aflnet,1,b_abs,7731
1772331070,kamailio,aflnet,1,l_per,6.1
1772331070,kamailio,aflnet,1,l_abs,14436
1772331070,kamailio,aflnet,1,b_per,1.4
1772331070,kamailio,aflnet,1,b_abs,7731
1772331072,kamailio,aflnet,1,l_per,6.1
1772331072,kamailio,aflnet,1,l_abs,14436
1772331072,kamailio,aflnet,1,b_per,1.4
1772331072,kamailio,aflnet,1,b_abs,7731
1772331074,kamailio,aflnet,1,l_per,6.1
1772331074,kamailio,aflnet,1,l_abs,14437
1772331074,kamailio,aflnet,1,b_per,1.4
1772331074,kamailio,aflnet,1,b_abs,7732
1772331076,kamailio,aflnet,1,l_per,6.1
1772331076,kamailio,aflnet,1,l_abs,14437
1772331076,kamailio,aflnet,1,b_per,1.4
1772331076,kamailio,aflnet,1,b_abs,7733
1772331077,kamailio,aflnet,1,l_per,6.1
1772331077,kamailio,aflnet,1,l_abs,14437
1772331077,kamailio,aflnet,1,b_per,1.4
1772331077,kamailio,aflnet,1,b_abs,7733
1772331080,kamailio,aflnet,1,l_per,6.1
1772331080,kamailio,aflnet,1,l_abs,14437
1772331080,kamailio,aflnet,1,b_per,1.4
1772331080,kamailio,aflnet,1,b_abs,7733
1772331082,kamailio,aflnet,1,l_per,6.1
1772331082,kamailio,aflnet,1,l_abs,14442
1772331082,kamailio,aflnet,1,b_per,1.4
1772331082,kamailio,aflnet,1,b_abs,7736
1772331083,kamailio,aflnet,1,l_per,6.1
1772331083,kamailio,aflnet,1,l_abs,14442
1772331083,kamailio,aflnet,1,b_per,1.4
1772331083,kamailio,aflnet,1,b_abs,7736
1772331085,kamailio,aflnet,1,l_per,6.1
1772331085,kamailio,aflnet,1,l_abs,14442
1772331085,kamailio,aflnet,1,b_per,1.4
1772331085,kamailio,aflnet,1,b_abs,7736
1772331087,kamailio,aflnet,1,l_per,6.1
1772331087,kamailio,aflnet,1,l_abs,14442
1772331087,kamailio,aflnet,1,b_per,1.4
1772331087,kamailio,aflnet,1,b_abs,7736
1772331089,kamailio,aflnet,1,l_per,6.1
1772331089,kamailio,aflnet,1,l_abs,14445
1772331089,kamailio,aflnet,1,b_per,1.4
1772331089,kamailio,aflnet,1,b_abs,7737
1772331091,kamailio,aflnet,1,l_per,6.1
1772331091,kamailio,aflnet,1,l_abs,14446
1772331091,kamailio,aflnet,1,b_per,1.4
1772331091,kamailio,aflnet,1,b_abs,7746
1772331093,kamailio,aflnet,1,l_per,6.1
1772331093,kamailio,aflnet,1,l_abs,14450
1772331093,kamailio,aflnet,1,b_per,1.4
1772331093,kamailio,aflnet,1,b_abs,7748
1772331094,kamailio,aflnet,1,l_per,6.1
1772331094,kamailio,aflnet,1,l_abs,14506
1772331094,kamailio,aflnet,1,b_per,1.4
1772331094,kamailio,aflnet,1,b_abs,7791
1772331096,kamailio,aflnet,1,l_per,6.1
1772331096,kamailio,aflnet,1,l_abs,14506
1772331096,kamailio,aflnet,1,b_per,1.4
1772331096,kamailio,aflnet,1,b_abs,7792
1772331098,kamailio,aflnet,1,l_per,6.1
1772331098,kamailio,aflnet,1,l_abs,14513
1772331098,kamailio,aflnet,1,b_per,1.4
1772331098,kamailio,aflnet,1,b_abs,7795
1772331100,kamailio,aflnet,1,l_per,6.1
1772331100,kamailio,aflnet,1,l_abs,14514
1772331100,kamailio,aflnet,1,b_per,1.4
1772331100,kamailio,aflnet,1,b_abs,7796
1772331102,kamailio,aflnet,1,l_per,6.1
1772331102,kamailio,aflnet,1,l_abs,14514
1772331102,kamailio,aflnet,1,b_per,1.4
1772331102,kamailio,aflnet,1,b_abs,7796
1772331104,kamailio,aflnet,1,l_per,6.1
1772331104,kamailio,aflnet,1,l_abs,14522
1772331104,kamailio,aflnet,1,b_per,1.4
1772331104,kamailio,aflnet,1,b_abs,7805
1772331105,kamailio,aflnet,1,l_per,6.1
1772331105,kamailio,aflnet,1,l_abs,14522
1772331105,kamailio,aflnet,1,b_per,1.4
1772331105,kamailio,aflnet,1,b_abs,7806
1772331107,kamailio,aflnet,1,l_per,6.1
1772331107,kamailio,aflnet,1,l_abs,14522
1772331107,kamailio,aflnet,1,b_per,1.4
1772331107,kamailio,aflnet,1,b_abs,7806
1772331109,kamailio,aflnet,1,l_per,6.1
1772331109,kamailio,aflnet,1,l_abs,14522
1772331109,kamailio,aflnet,1,b_per,1.4
1772331109,kamailio,aflnet,1,b_abs,7806
1772331112,kamailio,aflnet,1,l_per,6.1
1772331112,kamailio,aflnet,1,l_abs,14528
1772331112,kamailio,aflnet,1,b_per,1.4
1772331112,kamailio,aflnet,1,b_abs,7808
1772331114,kamailio,aflnet,1,l_per,6.1
1772331114,kamailio,aflnet,1,l_abs,14528
1772331114,kamailio,aflnet,1,b_per,1.4
1772331114,kamailio,aflnet,1,b_abs,7808
1772331115,kamailio,aflnet,1,l_per,6.1
1772331115,kamailio,aflnet,1,l_abs,14528
1772331115,kamailio,aflnet,1,b_per,1.4
1772331115,kamailio,aflnet,1,b_abs,7808
1772331117,kamailio,aflnet,1,l_per,6.1
1772331117,kamailio,aflnet,1,l_abs,14528
1772331117,kamailio,aflnet,1,b_per,1.4
1772331117,kamailio,aflnet,1,b_abs,7808
1772331119,kamailio,aflnet,1,l_per,6.1
1772331119,kamailio,aflnet,1,l_abs,14528
1772331119,kamailio,aflnet,1,b_per,1.4
1772331119,kamailio,aflnet,1,b_abs,7808
1772331122,kamailio,aflnet,1,l_per,6.1
1772331122,kamailio,aflnet,1,l_abs,14528
1772331122,kamailio,aflnet,1,b_per,1.4
1772331122,kamailio,aflnet,1,b_abs,7808
1772331123,kamailio,aflnet,1,l_per,6.1
1772331123,kamailio,aflnet,1,l_abs,14531
1772331123,kamailio,aflnet,1,b_per,1.4
1772331123,kamailio,aflnet,1,b_abs,7810
1772331125,kamailio,aflnet,1,l_per,6.1
1772331125,kamailio,aflnet,1,l_abs,14531
1772331125,kamailio,aflnet,1,b_per,1.4
1772331125,kamailio,aflnet,1,b_abs,7810
1772331127,kamailio,aflnet,1,l_per,6.1
1772331127,kamailio,aflnet,1,l_abs,14531
1772331127,kamailio,aflnet,1,b_per,1.4
1772331127,kamailio,aflnet,1,b_abs,7811
1772331129,kamailio,aflnet,1,l_per,6.1
1772331129,kamailio,aflnet,1,l_abs,14534
1772331129,kamailio,aflnet,1,b_per,1.4
1772331129,kamailio,aflnet,1,b_abs,7820
1772331131,kamailio,aflnet,1,l_per,6.1
1772331131,kamailio,aflnet,1,l_abs,14534
1772331131,kamailio,aflnet,1,b_per,1.4
1772331131,kamailio,aflnet,1,b_abs,7821
1772331133,kamailio,aflnet,1,l_per,6.1
1772331133,kamailio,aflnet,1,l_abs,14539
1772331133,kamailio,aflnet,1,b_per,1.4
1772331133,kamailio,aflnet,1,b_abs,7831
1772331135,kamailio,aflnet,1,l_per,6.2
1772331135,kamailio,aflnet,1,l_abs,14598
1772331135,kamailio,aflnet,1,b_per,1.4
1772331135,kamailio,aflnet,1,b_abs,7879
1772331137,kamailio,aflnet,1,l_per,6.2
1772331137,kamailio,aflnet,1,l_abs,14598
1772331137,kamailio,aflnet,1,b_per,1.4
1772331137,kamailio,aflnet,1,b_abs,7879
1772331139,kamailio,aflnet,1,l_per,6.2
1772331139,kamailio,aflnet,1,l_abs,14598
1772331139,kamailio,aflnet,1,b_per,1.4
1772331139,kamailio,aflnet,1,b_abs,7879
1772331141,kamailio,aflnet,1,l_per,6.2
1772331141,kamailio,aflnet,1,l_abs,14598
1772331141,kamailio,aflnet,1,b_per,1.4
1772331141,kamailio,aflnet,1,b_abs,7879
1772331144,kamailio,aflnet,1,l_per,6.2
1772331144,kamailio,aflnet,1,l_abs,14598
1772331144,kamailio,aflnet,1,b_per,1.4
1772331144,kamailio,aflnet,1,b_abs,7879
1772331152,kamailio,aflnet,1,l_per,6.2
1772331152,kamailio,aflnet,1,l_abs,14598
1772331152,kamailio,aflnet,1,b_per,1.4
1772331152,kamailio,aflnet,1,b_abs,7879
1772331154,kamailio,aflnet,1,l_per,6.2
1772331154,kamailio,aflnet,1,l_abs,14598
1772331154,kamailio,aflnet,1,b_per,1.4
1772331154,kamailio,aflnet,1,b_abs,7879
1772331155,kamailio,aflnet,1,l_per,6.2
1772331155,kamailio,aflnet,1,l_abs,14598
1772331155,kamailio,aflnet,1,b_per,1.4
1772331155,kamailio,aflnet,1,b_abs,7881
1772331157,kamailio,aflnet,1,l_per,6.2
1772331157,kamailio,aflnet,1,l_abs,14602
1772331157,kamailio,aflnet,1,b_per,1.4
1772331157,kamailio,aflnet,1,b_abs,7884
1772331159,kamailio,aflnet,1,l_per,6.2
1772331159,kamailio,aflnet,1,l_abs,14602
1772331159,kamailio,aflnet,1,b_per,1.4
1772331159,kamailio,aflnet,1,b_abs,7884
1772331161,kamailio,aflnet,1,l_per,6.2
1772331161,kamailio,aflnet,1,l_abs,14602
1772331161,kamailio,aflnet,1,b_per,1.4
1772331161,kamailio,aflnet,1,b_abs,7884
1772331163,kamailio,aflnet,1,l_per,6.2
1772331163,kamailio,aflnet,1,l_abs,14602
1772331163,kamailio,aflnet,1,b_per,1.4
1772331163,kamailio,aflnet,1,b_abs,7884
1772331164,kamailio,aflnet,1,l_per,6.2
1772331164,kamailio,aflnet,1,l_abs,14608
1772331164,kamailio,aflnet,1,b_per,1.4
1772331164,kamailio,aflnet,1,b_abs,7886
1772331166,kamailio,aflnet,1,l_per,6.2
1772331166,kamailio,aflnet,1,l_abs,14613
1772331166,kamailio,aflnet,1,b_per,1.4
1772331166,kamailio,aflnet,1,b_abs,7888
1772331168,kamailio,aflnet,1,l_per,6.2
1772331168,kamailio,aflnet,1,l_abs,14613
1772331168,kamailio,aflnet,1,b_per,1.4
1772331168,kamailio,aflnet,1,b_abs,7888
1772331170,kamailio,aflnet,1,l_per,6.2
1772331170,kamailio,aflnet,1,l_abs,14613
1772331170,kamailio,aflnet,1,b_per,1.4
1772331170,kamailio,aflnet,1,b_abs,7888
1772331172,kamailio,aflnet,1,l_per,6.2
1772331172,kamailio,aflnet,1,l_abs,14629
1772331172,kamailio,aflnet,1,b_per,1.4
1772331172,kamailio,aflnet,1,b_abs,7923
1772331175,kamailio,aflnet,1,l_per,6.2
1772331175,kamailio,aflnet,1,l_abs,14631
1772331175,kamailio,aflnet,1,b_per,1.4
1772331175,kamailio,aflnet,1,b_abs,7925
1772331177,kamailio,aflnet,1,l_per,6.2
1772331177,kamailio,aflnet,1,l_abs,14631
1772331177,kamailio,aflnet,1,b_per,1.4
1772331177,kamailio,aflnet,1,b_abs,7925
1772331179,kamailio,aflnet,1,l_per,6.2
1772331179,kamailio,aflnet,1,l_abs,14631
1772331179,kamailio,aflnet,1,b_per,1.4
1772331179,kamailio,aflnet,1,b_abs,7925
1772331187,kamailio,aflnet,1,l_per,6.2
1772331187,kamailio,aflnet,1,l_abs,14634
1772331187,kamailio,aflnet,1,b_per,1.4
1772331187,kamailio,aflnet,1,b_abs,7934
1772331188,kamailio,aflnet,1,l_per,6.2
1772331188,kamailio,aflnet,1,l_abs,14634
1772331188,kamailio,aflnet,1,b_per,1.4
1772331188,kamailio,aflnet,1,b_abs,7934
1772331190,kamailio,aflnet,1,l_per,6.2
1772331190,kamailio,aflnet,1,l_abs,14634
1772331190,kamailio,aflnet,1,b_per,1.4
1772331190,kamailio,aflnet,1,b_abs,7934
1772331192,kamailio,aflnet,1,l_per,6.2
1772331192,kamailio,aflnet,1,l_abs,14634
1772331192,kamailio,aflnet,1,b_per,1.4
1772331192,kamailio,aflnet,1,b_abs,7934
1772331194,kamailio,aflnet,1,l_per,6.2
1772331194,kamailio,aflnet,1,l_abs,14642
1772331194,kamailio,aflnet,1,b_per,1.4
1772331194,kamailio,aflnet,1,b_abs,7940
1772331197,kamailio,aflnet,1,l_per,6.2
1772331197,kamailio,aflnet,1,l_abs,14643
1772331197,kamailio,aflnet,1,b_per,1.4
1772331197,kamailio,aflnet,1,b_abs,7941
1772331199,kamailio,aflnet,1,l_per,6.2
1772331199,kamailio,aflnet,1,l_abs,14643
1772331199,kamailio,aflnet,1,b_per,1.4
1772331199,kamailio,aflnet,1,b_abs,7941
1772331206,kamailio,aflnet,1,l_per,6.2
1772331206,kamailio,aflnet,1,l_abs,14646
1772331206,kamailio,aflnet,1,b_per,1.4
1772331206,kamailio,aflnet,1,b_abs,7950
1772331208,kamailio,aflnet,1,l_per,6.2
1772331208,kamailio,aflnet,1,l_abs,14646
1772331208,kamailio,aflnet,1,b_per,1.4
1772331208,kamailio,aflnet,1,b_abs,7950
1772331210,kamailio,aflnet,1,l_per,6.2
1772331210,kamailio,aflnet,1,l_abs,14646
1772331210,kamailio,aflnet,1,b_per,1.4
1772331210,kamailio,aflnet,1,b_abs,7950
1772331211,kamailio,aflnet,1,l_per,6.2
1772331211,kamailio,aflnet,1,l_abs,14646
1772331211,kamailio,aflnet,1,b_per,1.4
1772331211,kamailio,aflnet,1,b_abs,7950
1772331213,kamailio,aflnet,1,l_per,6.2
1772331213,kamailio,aflnet,1,l_abs,14646
1772331213,kamailio,aflnet,1,b_per,1.4
1772331213,kamailio,aflnet,1,b_abs,7950
1772331215,kamailio,aflnet,1,l_per,6.2
1772331215,kamailio,aflnet,1,l_abs,14646
1772331215,kamailio,aflnet,1,b_per,1.4
1772331215,kamailio,aflnet,1,b_abs,7950
1772331217,kamailio,aflnet,1,l_per,6.2
1772331217,kamailio,aflnet,1,l_abs,14646
1772331217,kamailio,aflnet,1,b_per,1.4
1772331217,kamailio,aflnet,1,b_abs,7950
1772331219,kamailio,aflnet,1,l_per,6.2
1772331219,kamailio,aflnet,1,l_abs,14649
1772331219,kamailio,aflnet,1,b_per,1.4
1772331219,kamailio,aflnet,1,b_abs,7954
1772331220,kamailio,aflnet,1,l_per,6.2
1772331220,kamailio,aflnet,1,l_abs,14653
1772331220,kamailio,aflnet,1,b_per,1.4
1772331220,kamailio,aflnet,1,b_abs,7965
1772331222,kamailio,aflnet,1,l_per,6.2
1772331222,kamailio,aflnet,1,l_abs,14653
1772331222,kamailio,aflnet,1,b_per,1.4
1772331222,kamailio,aflnet,1,b_abs,7965
1772331225,kamailio,aflnet,1,l_per,6.2
1772331225,kamailio,aflnet,1,l_abs,14653
1772331225,kamailio,aflnet,1,b_per,1.4
1772331225,kamailio,aflnet,1,b_abs,7965
1772331227,kamailio,aflnet,1,l_per,6.2
1772331227,kamailio,aflnet,1,l_abs,14653
1772331227,kamailio,aflnet,1,b_per,1.4
1772331227,kamailio,aflnet,1,b_abs,7965
1772331229,kamailio,aflnet,1,l_per,6.2
1772331229,kamailio,aflnet,1,l_abs,14664
1772331229,kamailio,aflnet,1,b_per,1.4
1772331229,kamailio,aflnet,1,b_abs,7970
1772331231,kamailio,aflnet,1,l_per,6.2
1772331231,kamailio,aflnet,1,l_abs,14664
1772331231,kamailio,aflnet,1,b_per,1.4
1772331231,kamailio,aflnet,1,b_abs,7973
1772331232,kamailio,aflnet,1,l_per,6.2
1772331232,kamailio,aflnet,1,l_abs,14672
1772331232,kamailio,aflnet,1,b_per,1.4
1772331232,kamailio,aflnet,1,b_abs,7989
1772331234,kamailio,aflnet,1,l_per,6.2
1772331234,kamailio,aflnet,1,l_abs,14672
1772331234,kamailio,aflnet,1,b_per,1.4
1772331234,kamailio,aflnet,1,b_abs,7989
1772331237,kamailio,aflnet,1,l_per,6.2
1772331237,kamailio,aflnet,1,l_abs,14672
1772331237,kamailio,aflnet,1,b_per,1.4
1772331237,kamailio,aflnet,1,b_abs,7989
1772331239,kamailio,aflnet,1,l_per,6.2
1772331239,kamailio,aflnet,1,l_abs,14673
1772331239,kamailio,aflnet,1,b_per,1.4
1772331239,kamailio,aflnet,1,b_abs,7990
1772331241,kamailio,aflnet,1,l_per,6.2
1772331241,kamailio,aflnet,1,l_abs,14690
1772331241,kamailio,aflnet,1,b_per,1.4
1772331241,kamailio,aflnet,1,b_abs,8011
1772331243,kamailio,aflnet,1,l_per,6.2
1772331243,kamailio,aflnet,1,l_abs,14690
1772331243,kamailio,aflnet,1,b_per,1.4
1772331243,kamailio,aflnet,1,b_abs,8011
1772331245,kamailio,aflnet,1,l_per,6.2
1772331245,kamailio,aflnet,1,l_abs,14690
1772331245,kamailio,aflnet,1,b_per,1.4
1772331245,kamailio,aflnet,1,b_abs,8013
1772331247,kamailio,aflnet,1,l_per,6.2
1772331247,kamailio,aflnet,1,l_abs,14690
1772331247,kamailio,aflnet,1,b_per,1.4
1772331247,kamailio,aflnet,1,b_abs,8013
1772331248,kamailio,aflnet,1,l_per,6.2
1772331248,kamailio,aflnet,1,l_abs,14690
1772331248,kamailio,aflnet,1,b_per,1.4
1772331248,kamailio,aflnet,1,b_abs,8013
1772331250,kamailio,aflnet,1,l_per,6.2
1772331250,kamailio,aflnet,1,l_abs,14759
1772331250,kamailio,aflnet,1,b_per,1.4
1772331250,kamailio,aflnet,1,b_abs,8104
1772331252,kamailio,aflnet,1,l_per,6.2
1772331252,kamailio,aflnet,1,l_abs,14760
1772331252,kamailio,aflnet,1,b_per,1.4
1772331252,kamailio,aflnet,1,b_abs,8105
1772331254,kamailio,aflnet,1,l_per,6.2
1772331254,kamailio,aflnet,1,l_abs,14760
1772331254,kamailio,aflnet,1,b_per,1.4
1772331254,kamailio,aflnet,1,b_abs,8105
1772331256,kamailio,aflnet,1,l_per,6.2
1772331256,kamailio,aflnet,1,l_abs,14760
1772331256,kamailio,aflnet,1,b_per,1.4
1772331256,kamailio,aflnet,1,b_abs,8106
1772331257,kamailio,aflnet,1,l_per,6.2
1772331257,kamailio,aflnet,1,l_abs,14765
1772331257,kamailio,aflnet,1,b_per,1.4
1772331257,kamailio,aflnet,1,b_abs,8108
1772331260,kamailio,aflnet,1,l_per,6.2
1772331260,kamailio,aflnet,1,l_abs,14771
1772331260,kamailio,aflnet,1,b_per,1.4
1772331260,kamailio,aflnet,1,b_abs,8115
1772331262,kamailio,aflnet,1,l_per,6.2
1772331262,kamailio,aflnet,1,l_abs,14775
1772331262,kamailio,aflnet,1,b_per,1.4
1772331262,kamailio,aflnet,1,b_abs,8116
1772331264,kamailio,aflnet,1,l_per,6.2
1772331264,kamailio,aflnet,1,l_abs,14775
1772331264,kamailio,aflnet,1,b_per,1.4
1772331264,kamailio,aflnet,1,b_abs,8118
1772331266,kamailio,aflnet,1,l_per,6.2
1772331266,kamailio,aflnet,1,l_abs,14775
1772331266,kamailio,aflnet,1,b_per,1.4
1772331266,kamailio,aflnet,1,b_abs,8119
1772331268,kamailio,aflnet,1,l_per,6.2
1772331268,kamailio,aflnet,1,l_abs,14775
1772331268,kamailio,aflnet,1,b_per,1.4
1772331268,kamailio,aflnet,1,b_abs,8119
1772331270,kamailio,aflnet,1,l_per,6.2
1772331270,kamailio,aflnet,1,l_abs,14775
1772331270,kamailio,aflnet,1,b_per,1.4
1772331270,kamailio,aflnet,1,b_abs,8119
1772331271,kamailio,aflnet,1,l_per,6.2
1772331271,kamailio,aflnet,1,l_abs,14785
1772331271,kamailio,aflnet,1,b_per,1.4
1772331271,kamailio,aflnet,1,b_abs,8132
1772331273,kamailio,aflnet,1,l_per,6.2
1772331273,kamailio,aflnet,1,l_abs,14785
1772331273,kamailio,aflnet,1,b_per,1.4
1772331273,kamailio,aflnet,1,b_abs,8132
1772331275,kamailio,aflnet,1,l_per,6.2
1772331275,kamailio,aflnet,1,l_abs,14785
1772331275,kamailio,aflnet,1,b_per,1.4
1772331275,kamailio,aflnet,1,b_abs,8132
1772331277,kamailio,aflnet,1,l_per,6.2
1772331277,kamailio,aflnet,1,l_abs,14785
1772331277,kamailio,aflnet,1,b_per,1.4
1772331277,kamailio,aflnet,1,b_abs,8132
1772331279,kamailio,aflnet,1,l_per,6.2
1772331279,kamailio,aflnet,1,l_abs,14785
1772331279,kamailio,aflnet,1,b_per,1.4
1772331279,kamailio,aflnet,1,b_abs,8132
1772331281,kamailio,aflnet,1,l_per,6.2
1772331281,kamailio,aflnet,1,l_abs,14786
1772331281,kamailio,aflnet,1,b_per,1.4
1772331281,kamailio,aflnet,1,b_abs,8137
1772331283,kamailio,aflnet,1,l_per,6.2
1772331283,kamailio,aflnet,1,l_abs,14792
1772331283,kamailio,aflnet,1,b_per,1.4
1772331283,kamailio,aflnet,1,b_abs,8139
1772331285,kamailio,aflnet,1,l_per,6.2
1772331285,kamailio,aflnet,1,l_abs,14794
1772331285,kamailio,aflnet,1,b_per,1.4
1772331285,kamailio,aflnet,1,b_abs,8140
1772331287,kamailio,aflnet,1,l_per,6.2
1772331287,kamailio,aflnet,1,l_abs,14794
1772331287,kamailio,aflnet,1,b_per,1.4
1772331287,kamailio,aflnet,1,b_abs,8141
1772331289,kamailio,aflnet,1,l_per,6.2
1772331289,kamailio,aflnet,1,l_abs,14794
1772331289,kamailio,aflnet,1,b_per,1.4
1772331289,kamailio,aflnet,1,b_abs,8141
1772331291,kamailio,aflnet,1,l_per,6.2
1772331291,kamailio,aflnet,1,l_abs,14797
1772331291,kamailio,aflnet,1,b_per,1.4
1772331291,kamailio,aflnet,1,b_abs,8142
1772331292,kamailio,aflnet,1,l_per,6.2
1772331292,kamailio,aflnet,1,l_abs,14797
1772331292,kamailio,aflnet,1,b_per,1.4
1772331292,kamailio,aflnet,1,b_abs,8142
1772331294,kamailio,aflnet,1,l_per,6.2
1772331294,kamailio,aflnet,1,l_abs,14801
1772331294,kamailio,aflnet,1,b_per,1.4
1772331294,kamailio,aflnet,1,b_abs,8144
1772331297,kamailio,aflnet,1,l_per,6.2
1772331297,kamailio,aflnet,1,l_abs,14801
1772331297,kamailio,aflnet,1,b_per,1.4
1772331297,kamailio,aflnet,1,b_abs,8146
1772331299,kamailio,aflnet,1,l_per,6.2
1772331299,kamailio,aflnet,1,l_abs,14803
1772331299,kamailio,aflnet,1,b_per,1.4
1772331299,kamailio,aflnet,1,b_abs,8148
1772331301,kamailio,aflnet,1,l_per,6.2
1772331301,kamailio,aflnet,1,l_abs,14803
1772331301,kamailio,aflnet,1,b_per,1.4
1772331301,kamailio,aflnet,1,b_abs,8148
1772331303,kamailio,aflnet,1,l_per,6.3
1772331303,kamailio,aflnet,1,l_abs,14820
1772331303,kamailio,aflnet,1,b_per,1.4
1772331303,kamailio,aflnet,1,b_abs,8154
1772331305,kamailio,aflnet,1,l_per,6.3
1772331305,kamailio,aflnet,1,l_abs,14822
1772331305,kamailio,aflnet,1,b_per,1.4
1772331305,kamailio,aflnet,1,b_abs,8155
1772331307,kamailio,aflnet,1,l_per,6.3
1772331307,kamailio,aflnet,1,l_abs,14822
1772331307,kamailio,aflnet,1,b_per,1.4
1772331307,kamailio,aflnet,1,b_abs,8155
1772331310,kamailio,aflnet,1,l_per,6.3
1772331310,kamailio,aflnet,1,l_abs,14822
1772331310,kamailio,aflnet,1,b_per,1.4
1772331310,kamailio,aflnet,1,b_abs,8155
1772331313,kamailio,aflnet,1,l_per,6.3
1772331313,kamailio,aflnet,1,l_abs,14826
1772331313,kamailio,aflnet,1,b_per,1.4
1772331313,kamailio,aflnet,1,b_abs,8156
1772331315,kamailio,aflnet,1,l_per,6.3
1772331315,kamailio,aflnet,1,l_abs,14826
1772331315,kamailio,aflnet,1,b_per,1.4
1772331315,kamailio,aflnet,1,b_abs,8156
1772331317,kamailio,aflnet,1,l_per,6.3
1772331317,kamailio,aflnet,1,l_abs,14826
1772331317,kamailio,aflnet,1,b_per,1.4
1772331317,kamailio,aflnet,1,b_abs,8156
1772331322,kamailio,aflnet,1,l_per,6.3
1772331322,kamailio,aflnet,1,l_abs,14834
1772331322,kamailio,aflnet,1,b_per,1.4
1772331322,kamailio,aflnet,1,b_abs,8159
1772331324,kamailio,aflnet,1,l_per,6.3
1772331324,kamailio,aflnet,1,l_abs,14834
1772331324,kamailio,aflnet,1,b_per,1.4
1772331324,kamailio,aflnet,1,b_abs,8161
1772331327,kamailio,aflnet,1,l_per,6.3
1772331327,kamailio,aflnet,1,l_abs,14846
1772331327,kamailio,aflnet,1,b_per,1.4
1772331327,kamailio,aflnet,1,b_abs,8165
1772331331,kamailio,aflnet,1,l_per,6.3
1772331331,kamailio,aflnet,1,l_abs,14851
1772331331,kamailio,aflnet,1,b_per,1.4
1772331331,kamailio,aflnet,1,b_abs,8167
1772331332,kamailio,aflnet,1,l_per,6.3
1772331332,kamailio,aflnet,1,l_abs,14851
1772331332,kamailio,aflnet,1,b_per,1.4
1772331332,kamailio,aflnet,1,b_abs,8167
1772331334,kamailio,aflnet,1,l_per,6.3
1772331334,kamailio,aflnet,1,l_abs,14853
1772331334,kamailio,aflnet,1,b_per,1.4
1772331334,kamailio,aflnet,1,b_abs,8170
1772331337,kamailio,aflnet,1,l_per,6.3
1772331337,kamailio,aflnet,1,l_abs,14853
1772331337,kamailio,aflnet,1,b_per,1.4
1772331337,kamailio,aflnet,1,b_abs,8171
1772331340,kamailio,aflnet,1,l_per,6.3
1772331340,kamailio,aflnet,1,l_abs,14853
1772331340,kamailio,aflnet,1,b_per,1.4
1772331340,kamailio,aflnet,1,b_abs,8179
1772331342,kamailio,aflnet,1,l_per,6.3
1772331342,kamailio,aflnet,1,l_abs,14853
1772331342,kamailio,aflnet,1,b_per,1.4
1772331342,kamailio,aflnet,1,b_abs,8187
1772331343,kamailio,aflnet,1,l_per,6.3
1772331343,kamailio,aflnet,1,l_abs,14853
1772331343,kamailio,aflnet,1,b_per,1.4
1772331343,kamailio,aflnet,1,b_abs,8187
1772331347,kamailio,aflnet,1,l_per,6.3
1772331347,kamailio,aflnet,1,l_abs,14853
1772331347,kamailio,aflnet,1,b_per,1.4
1772331347,kamailio,aflnet,1,b_abs,8188
1772331349,kamailio,aflnet,1,l_per,6.3
1772331349,kamailio,aflnet,1,l_abs,14857
1772331349,kamailio,aflnet,1,b_per,1.4
1772331349,kamailio,aflnet,1,b_abs,8189
1772331350,kamailio,aflnet,1,l_per,6.3
1772331350,kamailio,aflnet,1,l_abs,14864
1772331350,kamailio,aflnet,1,b_per,1.4
1772331350,kamailio,aflnet,1,b_abs,8192
1772331353,kamailio,aflnet,1,l_per,6.3
1772331353,kamailio,aflnet,1,l_abs,14864
1772331353,kamailio,aflnet,1,b_per,1.4
1772331353,kamailio,aflnet,1,b_abs,8192
1772331355,kamailio,aflnet,1,l_per,6.3
1772331355,kamailio,aflnet,1,l_abs,14864
1772331355,kamailio,aflnet,1,b_per,1.4
1772331355,kamailio,aflnet,1,b_abs,8192
1772331358,kamailio,aflnet,1,l_per,6.3
1772331358,kamailio,aflnet,1,l_abs,14864
1772331358,kamailio,aflnet,1,b_per,1.4
1772331358,kamailio,aflnet,1,b_abs,8192
1772331360,kamailio,aflnet,1,l_per,6.3
1772331360,kamailio,aflnet,1,l_abs,14864
1772331360,kamailio,aflnet,1,b_per,1.4
1772331360,kamailio,aflnet,1,b_abs,8192
1772331361,kamailio,aflnet,1,l_per,6.3
1772331361,kamailio,aflnet,1,l_abs,14870
1772331361,kamailio,aflnet,1,b_per,1.4
1772331361,kamailio,aflnet,1,b_abs,8193
1772331364,kamailio,aflnet,1,l_per,6.3
1772331364,kamailio,aflnet,1,l_abs,14872
1772331364,kamailio,aflnet,1,b_per,1.4
1772331364,kamailio,aflnet,1,b_abs,8194
1772331366,kamailio,aflnet,1,l_per,6.3
1772331366,kamailio,aflnet,1,l_abs,14939
1772331366,kamailio,aflnet,1,b_per,1.5
1772331366,kamailio,aflnet,1,b_abs,8236
1772331368,kamailio,aflnet,1,l_per,6.3
1772331368,kamailio,aflnet,1,l_abs,14943
1772331368,kamailio,aflnet,1,b_per,1.5
1772331368,kamailio,aflnet,1,b_abs,8237
1772331370,kamailio,aflnet,1,l_per,6.3
1772331370,kamailio,aflnet,1,l_abs,14943
1772331370,kamailio,aflnet,1,b_per,1.5
1772331370,kamailio,aflnet,1,b_abs,8237
1772331372,kamailio,aflnet,1,l_per,6.3
1772331372,kamailio,aflnet,1,l_abs,14943
1772331372,kamailio,aflnet,1,b_per,1.5
1772331372,kamailio,aflnet,1,b_abs,8237
1772331374,kamailio,aflnet,1,l_per,6.3
1772331374,kamailio,aflnet,1,l_abs,14947
1772331374,kamailio,aflnet,1,b_per,1.5
1772331374,kamailio,aflnet,1,b_abs,8243
1772331376,kamailio,aflnet,1,l_per,6.3
1772331376,kamailio,aflnet,1,l_abs,14949
1772331376,kamailio,aflnet,1,b_per,1.5
1772331376,kamailio,aflnet,1,b_abs,8244
1772331379,kamailio,aflnet,1,l_per,6.3
1772331379,kamailio,aflnet,1,l_abs,14951
1772331379,kamailio,aflnet,1,b_per,1.5
1772331379,kamailio,aflnet,1,b_abs,8246
1772331381,kamailio,aflnet,1,l_per,6.3
1772331381,kamailio,aflnet,1,l_abs,14951
1772331381,kamailio,aflnet,1,b_per,1.5
1772331381,kamailio,aflnet,1,b_abs,8246
1772331383,kamailio,aflnet,1,l_per,6.3
1772331383,kamailio,aflnet,1,l_abs,14951
1772331383,kamailio,aflnet,1,b_per,1.5
1772331383,kamailio,aflnet,1,b_abs,8247
1772331385,kamailio,aflnet,1,l_per,6.3
1772331385,kamailio,aflnet,1,l_abs,14951
1772331385,kamailio,aflnet,1,b_per,1.5
1772331385,kamailio,aflnet,1,b_abs,8247
1772331387,kamailio,aflnet,1,l_per,6.3
1772331387,kamailio,aflnet,1,l_abs,14951
1772331387,kamailio,aflnet,1,b_per,1.5
1772331387,kamailio,aflnet,1,b_abs,8249
1772331390,kamailio,aflnet,1,l_per,6.3
1772331390,kamailio,aflnet,1,l_abs,14951
1772331390,kamailio,aflnet,1,b_per,1.5
1772331390,kamailio,aflnet,1,b_abs,8251
1772331392,kamailio,aflnet,1,l_per,6.3
1772331392,kamailio,aflnet,1,l_abs,14951
1772331392,kamailio,aflnet,1,b_per,1.5
1772331392,kamailio,aflnet,1,b_abs,8251
1772331396,kamailio,aflnet,1,l_per,6.3
1772331396,kamailio,aflnet,1,l_abs,14951
1772331396,kamailio,aflnet,1,b_per,1.5
1772331396,kamailio,aflnet,1,b_abs,8251
1772331399,kamailio,aflnet,1,l_per,6.3
1772331399,kamailio,aflnet,1,l_abs,14973
1772331399,kamailio,aflnet,1,b_per,1.5
1772331399,kamailio,aflnet,1,b_abs,8259
1772331401,kamailio,aflnet,1,l_per,6.3
1772331401,kamailio,aflnet,1,l_abs,14975
1772331401,kamailio,aflnet,1,b_per,1.5
1772331401,kamailio,aflnet,1,b_abs,8260
1772331403,kamailio,aflnet,1,l_per,6.3
1772331403,kamailio,aflnet,1,l_abs,14978
1772331403,kamailio,aflnet,1,b_per,1.5
1772331403,kamailio,aflnet,1,b_abs,8272
1772331405,kamailio,aflnet,1,l_per,6.3
1772331405,kamailio,aflnet,1,l_abs,14978
1772331405,kamailio,aflnet,1,b_per,1.5
1772331405,kamailio,aflnet,1,b_abs,8272
1772331407,kamailio,aflnet,1,l_per,6.3
1772331407,kamailio,aflnet,1,l_abs,14978
1772331407,kamailio,aflnet,1,b_per,1.5
1772331407,kamailio,aflnet,1,b_abs,8273
1772331409,kamailio,aflnet,1,l_per,6.3
1772331409,kamailio,aflnet,1,l_abs,14981
1772331409,kamailio,aflnet,1,b_per,1.5
1772331409,kamailio,aflnet,1,b_abs,8274
1772331411,kamailio,aflnet,1,l_per,6.3
1772331411,kamailio,aflnet,1,l_abs,14981
1772331411,kamailio,aflnet,1,b_per,1.5
1772331411,kamailio,aflnet,1,b_abs,8274
1772331413,kamailio,aflnet,1,l_per,6.3
1772331413,kamailio,aflnet,1,l_abs,14981
1772331413,kamailio,aflnet,1,b_per,1.5
1772331413,kamailio,aflnet,1,b_abs,8274
1772331415,kamailio,aflnet,1,l_per,6.3
1772331415,kamailio,aflnet,1,l_abs,14981
1772331415,kamailio,aflnet,1,b_per,1.5
1772331415,kamailio,aflnet,1,b_abs,8274
1772331417,kamailio,aflnet,1,l_per,6.3
1772331417,kamailio,aflnet,1,l_abs,14981
1772331417,kamailio,aflnet,1,b_per,1.5
1772331417,kamailio,aflnet,1,b_abs,8274
1772331420,kamailio,aflnet,1,l_per,6.3
1772331420,kamailio,aflnet,1,l_abs,14981
1772331420,kamailio,aflnet,1,b_per,1.5
1772331420,kamailio,aflnet,1,b_abs,8275
1772331421,kamailio,aflnet,1,l_per,6.3
1772331421,kamailio,aflnet,1,l_abs,14981
1772331421,kamailio,aflnet,1,b_per,1.5
1772331421,kamailio,aflnet,1,b_abs,8275
1772331424,kamailio,aflnet,1,l_per,6.3
1772331424,kamailio,aflnet,1,l_abs,14981
1772331424,kamailio,aflnet,1,b_per,1.5
1772331424,kamailio,aflnet,1,b_abs,8275
1772331426,kamailio,aflnet,1,l_per,6.3
1772331426,kamailio,aflnet,1,l_abs,14981
1772331426,kamailio,aflnet,1,b_per,1.5
1772331426,kamailio,aflnet,1,b_abs,8276
1772331429,kamailio,aflnet,1,l_per,6.3
1772331429,kamailio,aflnet,1,l_abs,14981
1772331429,kamailio,aflnet,1,b_per,1.5
1772331429,kamailio,aflnet,1,b_abs,8276
1772331431,kamailio,aflnet,1,l_per,6.3
1772331431,kamailio,aflnet,1,l_abs,14981
1772331431,kamailio,aflnet,1,b_per,1.5
1772331431,kamailio,aflnet,1,b_abs,8276
1772331432,kamailio,aflnet,1,l_per,6.3
1772331432,kamailio,aflnet,1,l_abs,14985
1772331432,kamailio,aflnet,1,b_per,1.5
1772331432,kamailio,aflnet,1,b_abs,8277
1772331434,kamailio,aflnet,1,l_per,6.3
1772331434,kamailio,aflnet,1,l_abs,14985
1772331434,kamailio,aflnet,1,b_per,1.5
1772331434,kamailio,aflnet,1,b_abs,8277
1772331438,kamailio,aflnet,1,l_per,6.3
1772331438,kamailio,aflnet,1,l_abs,14985
1772331438,kamailio,aflnet,1,b_per,1.5
1772331438,kamailio,aflnet,1,b_abs,8277
1772331446,kamailio,aflnet,1,l_per,6.3
1772331446,kamailio,aflnet,1,l_abs,14985
1772331446,kamailio,aflnet,1,b_per,1.5
1772331446,kamailio,aflnet,1,b_abs,8277
1772331454,kamailio,aflnet,1,l_per,6.3
1772331454,kamailio,aflnet,1,l_abs,14985
1772331454,kamailio,aflnet,1,b_per,1.5
1772331454,kamailio,aflnet,1,b_abs,8277
1772331456,kamailio,aflnet,1,l_per,6.3
1772331456,kamailio,aflnet,1,l_abs,14985
1772331456,kamailio,aflnet,1,b_per,1.5
1772331456,kamailio,aflnet,1,b_abs,8277
1772331458,kamailio,aflnet,1,l_per,6.3
1772331458,kamailio,aflnet,1,l_abs,14985
1772331458,kamailio,aflnet,1,b_per,1.5
1772331458,kamailio,aflnet,1,b_abs,8277
1772331461,kamailio,aflnet,1,l_per,6.3
1772331461,kamailio,aflnet,1,l_abs,14985
1772331461,kamailio,aflnet,1,b_per,1.5
1772331461,kamailio,aflnet,1,b_abs,8277
1772331463,kamailio,aflnet,1,l_per,6.3
1772331463,kamailio,aflnet,1,l_abs,14985
1772331463,kamailio,aflnet,1,b_per,1.5
1772331463,kamailio,aflnet,1,b_abs,8277
1772331464,kamailio,aflnet,1,l_per,6.3
1772331464,kamailio,aflnet,1,l_abs,14985
1772331464,kamailio,aflnet,1,b_per,1.5
1772331464,kamailio,aflnet,1,b_abs,8277
1772331466,kamailio,aflnet,1,l_per,6.3
1772331466,kamailio,aflnet,1,l_abs,14985
1772331466,kamailio,aflnet,1,b_per,1.5
1772331466,kamailio,aflnet,1,b_abs,8277
1772331468,kamailio,aflnet,1,l_per,6.3
1772331468,kamailio,aflnet,1,l_abs,14987
1772331468,kamailio,aflnet,1,b_per,1.5
1772331468,kamailio,aflnet,1,b_abs,8279
1772331470,kamailio,aflnet,1,l_per,6.3
1772331470,kamailio,aflnet,1,l_abs,14987
1772331470,kamailio,aflnet,1,b_per,1.5
1772331470,kamailio,aflnet,1,b_abs,8279
1772331471,kamailio,aflnet,1,l_per,6.3
1772331471,kamailio,aflnet,1,l_abs,14992
1772331471,kamailio,aflnet,1,b_per,1.5
1772331471,kamailio,aflnet,1,b_abs,8282
1772331475,kamailio,aflnet,1,l_per,6.3
1772331475,kamailio,aflnet,1,l_abs,14992
1772331475,kamailio,aflnet,1,b_per,1.5
1772331475,kamailio,aflnet,1,b_abs,8282
1772331477,kamailio,aflnet,1,l_per,6.3
1772331477,kamailio,aflnet,1,l_abs,14992
1772331477,kamailio,aflnet,1,b_per,1.5
1772331477,kamailio,aflnet,1,b_abs,8282
1772331479,kamailio,aflnet,1,l_per,6.3
1772331479,kamailio,aflnet,1,l_abs,14992
1772331479,kamailio,aflnet,1,b_per,1.5
1772331479,kamailio,aflnet,1,b_abs,8282
1772331482,kamailio,aflnet,1,l_per,6.3
1772331482,kamailio,aflnet,1,l_abs,14992
1772331482,kamailio,aflnet,1,b_per,1.5
1772331482,kamailio,aflnet,1,b_abs,8282
1772331483,kamailio,aflnet,1,l_per,6.3
1772331483,kamailio,aflnet,1,l_abs,14992
1772331483,kamailio,aflnet,1,b_per,1.5
1772331483,kamailio,aflnet,1,b_abs,8282
1772331485,kamailio,aflnet,1,l_per,6.3
1772331485,kamailio,aflnet,1,l_abs,14992
1772331485,kamailio,aflnet,1,b_per,1.5
1772331485,kamailio,aflnet,1,b_abs,8282
1772331487,kamailio,aflnet,1,l_per,6.3
1772331487,kamailio,aflnet,1,l_abs,14992
1772331487,kamailio,aflnet,1,b_per,1.5
1772331487,kamailio,aflnet,1,b_abs,8282
1772331488,kamailio,aflnet,1,l_per,6.3
1772331488,kamailio,aflnet,1,l_abs,14993
1772331488,kamailio,aflnet,1,b_per,1.5
1772331488,kamailio,aflnet,1,b_abs,8284
1772331492,kamailio,aflnet,1,l_per,6.3
1772331492,kamailio,aflnet,1,l_abs,14993
1772331492,kamailio,aflnet,1,b_per,1.5
1772331492,kamailio,aflnet,1,b_abs,8284
1772331494,kamailio,aflnet,1,l_per,6.3
1772331494,kamailio,aflnet,1,l_abs,15003
1772331494,kamailio,aflnet,1,b_per,1.5
1772331494,kamailio,aflnet,1,b_abs,8291
1772331496,kamailio,aflnet,1,l_per,6.3
1772331496,kamailio,aflnet,1,l_abs,15003
1772331496,kamailio,aflnet,1,b_per,1.5
1772331496,kamailio,aflnet,1,b_abs,8291
1772331498,kamailio,aflnet,1,l_per,6.3
1772331498,kamailio,aflnet,1,l_abs,15003
1772331498,kamailio,aflnet,1,b_per,1.5
1772331498,kamailio,aflnet,1,b_abs,8293
1772331500,kamailio,aflnet,1,l_per,6.3
1772331500,kamailio,aflnet,1,l_abs,15007
1772331500,kamailio,aflnet,1,b_per,1.5
1772331500,kamailio,aflnet,1,b_abs,8294
1772331502,kamailio,aflnet,1,l_per,6.3
1772331502,kamailio,aflnet,1,l_abs,15007
1772331502,kamailio,aflnet,1,b_per,1.5
1772331502,kamailio,aflnet,1,b_abs,8294
1772331504,kamailio,aflnet,1,l_per,6.3
1772331504,kamailio,aflnet,1,l_abs,15012
1772331504,kamailio,aflnet,1,b_per,1.5
1772331504,kamailio,aflnet,1,b_abs,8295
1772331507,kamailio,aflnet,1,l_per,6.3
1772331507,kamailio,aflnet,1,l_abs,15016
1772331507,kamailio,aflnet,1,b_per,1.5
1772331507,kamailio,aflnet,1,b_abs,8296
1772331509,kamailio,aflnet,1,l_per,6.3
1772331509,kamailio,aflnet,1,l_abs,15019
1772331509,kamailio,aflnet,1,b_per,1.5
1772331509,kamailio,aflnet,1,b_abs,8305
1772331511,kamailio,aflnet,1,l_per,6.3
1772331511,kamailio,aflnet,1,l_abs,15019
1772331511,kamailio,aflnet,1,b_per,1.5
1772331511,kamailio,aflnet,1,b_abs,8305
1772331513,kamailio,aflnet,1,l_per,6.3
1772331513,kamailio,aflnet,1,l_abs,15019
1772331513,kamailio,aflnet,1,b_per,1.5
1772331513,kamailio,aflnet,1,b_abs,8305
1772331515,kamailio,aflnet,1,l_per,6.3
1772331515,kamailio,aflnet,1,l_abs,15023
1772331515,kamailio,aflnet,1,b_per,1.5
1772331515,kamailio,aflnet,1,b_abs,8306
1772331518,kamailio,aflnet,1,l_per,6.3
1772331518,kamailio,aflnet,1,l_abs,15023
1772331518,kamailio,aflnet,1,b_per,1.5
1772331518,kamailio,aflnet,1,b_abs,8306
1772331520,kamailio,aflnet,1,l_per,6.3
1772331520,kamailio,aflnet,1,l_abs,15023
1772331520,kamailio,aflnet,1,b_per,1.5
1772331520,kamailio,aflnet,1,b_abs,8306
1772331524,kamailio,aflnet,1,l_per,6.3
1772331524,kamailio,aflnet,1,l_abs,15026
1772331524,kamailio,aflnet,1,b_per,1.5
1772331524,kamailio,aflnet,1,b_abs,8307
1772331526,kamailio,aflnet,1,l_per,6.3
1772331526,kamailio,aflnet,1,l_abs,15026
1772331526,kamailio,aflnet,1,b_per,1.5
1772331526,kamailio,aflnet,1,b_abs,8307
1772331529,kamailio,aflnet,1,l_per,6.3
1772331529,kamailio,aflnet,1,l_abs,15028
1772331529,kamailio,aflnet,1,b_per,1.5
1772331529,kamailio,aflnet,1,b_abs,8308
1772331533,kamailio,aflnet,1,l_per,6.3
1772331533,kamailio,aflnet,1,l_abs,15028
1772331533,kamailio,aflnet,1,b_per,1.5
1772331533,kamailio,aflnet,1,b_abs,8308
1772331536,kamailio,aflnet,1,l_per,6.4
1772331536,kamailio,aflnet,1,l_abs,15049
1772331536,kamailio,aflnet,1,b_per,1.5
1772331536,kamailio,aflnet,1,b_abs,8318
1772331538,kamailio,aflnet,1,l_per,6.4
1772331538,kamailio,aflnet,1,l_abs,15049
1772331538,kamailio,aflnet,1,b_per,1.5
1772331538,kamailio,aflnet,1,b_abs,8318
1772331540,kamailio,aflnet,1,l_per,6.4
1772331540,kamailio,aflnet,1,l_abs,15049
1772331540,kamailio,aflnet,1,b_per,1.5
1772331540,kamailio,aflnet,1,b_abs,8318
1772331542,kamailio,aflnet,1,l_per,6.4
1772331542,kamailio,aflnet,1,l_abs,15049
1772331542,kamailio,aflnet,1,b_per,1.5
1772331542,kamailio,aflnet,1,b_abs,8318
1772331543,kamailio,aflnet,1,l_per,6.4
1772331543,kamailio,aflnet,1,l_abs,15049
1772331543,kamailio,aflnet,1,b_per,1.5
1772331543,kamailio,aflnet,1,b_abs,8318
1772331545,kamailio,aflnet,1,l_per,6.4
1772331545,kamailio,aflnet,1,l_abs,15049
1772331545,kamailio,aflnet,1,b_per,1.5
1772331545,kamailio,aflnet,1,b_abs,8318
1772331547,kamailio,aflnet,1,l_per,6.4
1772331547,kamailio,aflnet,1,l_abs,15054
1772331547,kamailio,aflnet,1,b_per,1.5
1772331547,kamailio,aflnet,1,b_abs,8319
1772331549,kamailio,aflnet,1,l_per,6.4
1772331549,kamailio,aflnet,1,l_abs,15057
1772331549,kamailio,aflnet,1,b_per,1.5
1772331549,kamailio,aflnet,1,b_abs,8322
1772331552,kamailio,aflnet,1,l_per,6.4
1772331552,kamailio,aflnet,1,l_abs,15065
1772331552,kamailio,aflnet,1,b_per,1.5
1772331552,kamailio,aflnet,1,b_abs,8324
1772331556,kamailio,aflnet,1,l_per,6.4
1772331556,kamailio,aflnet,1,l_abs,15065
1772331556,kamailio,aflnet,1,b_per,1.5
1772331556,kamailio,aflnet,1,b_abs,8324
1772331557,kamailio,aflnet,1,l_per,6.4
1772331557,kamailio,aflnet,1,l_abs,15070
1772331557,kamailio,aflnet,1,b_per,1.5
1772331557,kamailio,aflnet,1,b_abs,8325
1772331559,kamailio,aflnet,1,l_per,6.4
1772331559,kamailio,aflnet,1,l_abs,15080
1772331559,kamailio,aflnet,1,b_per,1.5
1772331559,kamailio,aflnet,1,b_abs,8328
1772331561,kamailio,aflnet,1,l_per,6.4
1772331561,kamailio,aflnet,1,l_abs,15080
1772331561,kamailio,aflnet,1,b_per,1.5
1772331561,kamailio,aflnet,1,b_abs,8328
1772331563,kamailio,aflnet,1,l_per,6.4
1772331563,kamailio,aflnet,1,l_abs,15088
1772331563,kamailio,aflnet,1,b_per,1.5
1772331563,kamailio,aflnet,1,b_abs,8331
1772331566,kamailio,aflnet,1,l_per,6.4
1772331566,kamailio,aflnet,1,l_abs,15088
1772331566,kamailio,aflnet,1,b_per,1.5
1772331566,kamailio,aflnet,1,b_abs,8331
1772331569,kamailio,aflnet,1,l_per,6.4
1772331569,kamailio,aflnet,1,l_abs,15088
1772331569,kamailio,aflnet,1,b_per,1.5
1772331569,kamailio,aflnet,1,b_abs,8331
1772331572,kamailio,aflnet,1,l_per,6.4
1772331572,kamailio,aflnet,1,l_abs,15092
1772331572,kamailio,aflnet,1,b_per,1.5
1772331572,kamailio,aflnet,1,b_abs,8334
1772331574,kamailio,aflnet,1,l_per,6.4
1772331574,kamailio,aflnet,1,l_abs,15098
1772331574,kamailio,aflnet,1,b_per,1.5
1772331574,kamailio,aflnet,1,b_abs,8335
1772331576,kamailio,aflnet,1,l_per,6.4
1772331576,kamailio,aflnet,1,l_abs,15098
1772331576,kamailio,aflnet,1,b_per,1.5
1772331576,kamailio,aflnet,1,b_abs,8336
1772331578,kamailio,aflnet,1,l_per,6.4
1772331578,kamailio,aflnet,1,l_abs,15098
1772331578,kamailio,aflnet,1,b_per,1.5
1772331578,kamailio,aflnet,1,b_abs,8336
1772331581,kamailio,aflnet,1,l_per,6.4
1772331581,kamailio,aflnet,1,l_abs,15098
1772331581,kamailio,aflnet,1,b_per,1.5
1772331581,kamailio,aflnet,1,b_abs,8337
1772331584,kamailio,aflnet,1,l_per,6.4
1772331584,kamailio,aflnet,1,l_abs,15098
1772331584,kamailio,aflnet,1,b_per,1.5
1772331584,kamailio,aflnet,1,b_abs,8337
1772331586,kamailio,aflnet,1,l_per,6.4
1772331586,kamailio,aflnet,1,l_abs,15105
1772331586,kamailio,aflnet,1,b_per,1.5
1772331586,kamailio,aflnet,1,b_abs,8339
1772331589,kamailio,aflnet,1,l_per,6.4
1772331589,kamailio,aflnet,1,l_abs,15105
1772331589,kamailio,aflnet,1,b_per,1.5
1772331589,kamailio,aflnet,1,b_abs,8339
1772331596,kamailio,aflnet,1,l_per,6.4
1772331596,kamailio,aflnet,1,l_abs,15105
1772331596,kamailio,aflnet,1,b_per,1.5
1772331596,kamailio,aflnet,1,b_abs,8339
1772331598,kamailio,aflnet,1,l_per,6.4
1772331598,kamailio,aflnet,1,l_abs,15108
1772331598,kamailio,aflnet,1,b_per,1.5
1772331598,kamailio,aflnet,1,b_abs,8340
1772331601,kamailio,aflnet,1,l_per,6.4
1772331601,kamailio,aflnet,1,l_abs,15108
1772331601,kamailio,aflnet,1,b_per,1.5
1772331601,kamailio,aflnet,1,b_abs,8340
1772331603,kamailio,aflnet,1,l_per,6.4
1772331603,kamailio,aflnet,1,l_abs,15108
1772331603,kamailio,aflnet,1,b_per,1.5
1772331603,kamailio,aflnet,1,b_abs,8340
1772331605,kamailio,aflnet,1,l_per,6.4
1772331605,kamailio,aflnet,1,l_abs,15112
1772331605,kamailio,aflnet,1,b_per,1.5
1772331605,kamailio,aflnet,1,b_abs,8341
1772331607,kamailio,aflnet,1,l_per,6.4
1772331607,kamailio,aflnet,1,l_abs,15112
1772331607,kamailio,aflnet,1,b_per,1.5
1772331607,kamailio,aflnet,1,b_abs,8341
1772331612,kamailio,aflnet,1,l_per,6.4
1772331612,kamailio,aflnet,1,l_abs,15112
1772331612,kamailio,aflnet,1,b_per,1.5
1772331612,kamailio,aflnet,1,b_abs,8341
1772331614,kamailio,aflnet,1,l_per,6.4
1772331614,kamailio,aflnet,1,l_abs,15112
1772331614,kamailio,aflnet,1,b_per,1.5
1772331614,kamailio,aflnet,1,b_abs,8341
1772331619,kamailio,aflnet,1,l_per,6.4
1772331619,kamailio,aflnet,1,l_abs,15112
1772331619,kamailio,aflnet,1,b_per,1.5
1772331619,kamailio,aflnet,1,b_abs,8341
1772331623,kamailio,aflnet,1,l_per,6.4
1772331623,kamailio,aflnet,1,l_abs,15118
1772331623,kamailio,aflnet,1,b_per,1.5
1772331623,kamailio,aflnet,1,b_abs,8346
1772331627,kamailio,aflnet,1,l_per,6.4
1772331627,kamailio,aflnet,1,l_abs,15118
1772331627,kamailio,aflnet,1,b_per,1.5
1772331627,kamailio,aflnet,1,b_abs,8346
1772331630,kamailio,aflnet,1,l_per,6.4
1772331630,kamailio,aflnet,1,l_abs,15123
1772331630,kamailio,aflnet,1,b_per,1.5
1772331630,kamailio,aflnet,1,b_abs,8356
1772331633,kamailio,aflnet,1,l_per,6.4
1772331633,kamailio,aflnet,1,l_abs,15126
1772331633,kamailio,aflnet,1,b_per,1.5
1772331633,kamailio,aflnet,1,b_abs,8365
1772331638,kamailio,aflnet,1,l_per,6.4
1772331638,kamailio,aflnet,1,l_abs,15126
1772331638,kamailio,aflnet,1,b_per,1.5
1772331638,kamailio,aflnet,1,b_abs,8366
1772331640,kamailio,aflnet,1,l_per,6.4
1772331640,kamailio,aflnet,1,l_abs,15126
1772331640,kamailio,aflnet,1,b_per,1.5
1772331640,kamailio,aflnet,1,b_abs,8367
1772331644,kamailio,aflnet,1,l_per,6.4
1772331644,kamailio,aflnet,1,l_abs,15128
1772331644,kamailio,aflnet,1,b_per,1.5
1772331644,kamailio,aflnet,1,b_abs,8368
1772331647,kamailio,aflnet,1,l_per,6.4
1772331647,kamailio,aflnet,1,l_abs,15140
1772331647,kamailio,aflnet,1,b_per,1.5
1772331647,kamailio,aflnet,1,b_abs,8377
1772331651,kamailio,aflnet,1,l_per,6.4
1772331651,kamailio,aflnet,1,l_abs,15144
1772331651,kamailio,aflnet,1,b_per,1.5
1772331651,kamailio,aflnet,1,b_abs,8378
1772331656,kamailio,aflnet,1,l_per,6.4
1772331656,kamailio,aflnet,1,l_abs,15144
1772331656,kamailio,aflnet,1,b_per,1.5
1772331656,kamailio,aflnet,1,b_abs,8378
1772331659,kamailio,aflnet,1,l_per,6.4
1772331659,kamailio,aflnet,1,l_abs,15144
1772331659,kamailio,aflnet,1,b_per,1.5
1772331659,kamailio,aflnet,1,b_abs,8379
1772331662,kamailio,aflnet,1,l_per,6.4
1772331662,kamailio,aflnet,1,l_abs,15146
1772331662,kamailio,aflnet,1,b_per,1.5
1772331662,kamailio,aflnet,1,b_abs,8380
1772331663,kamailio,aflnet,1,l_per,6.4
1772331663,kamailio,aflnet,1,l_abs,15146
1772331663,kamailio,aflnet,1,b_per,1.5
1772331663,kamailio,aflnet,1,b_abs,8380
1772331665,kamailio,aflnet,1,l_per,6.4
1772331665,kamailio,aflnet,1,l_abs,15149
1772331665,kamailio,aflnet,1,b_per,1.5
1772331665,kamailio,aflnet,1,b_abs,8381
1772331667,kamailio,aflnet,1,l_per,6.4
1772331667,kamailio,aflnet,1,l_abs,15152
1772331667,kamailio,aflnet,1,b_per,1.5
1772331667,kamailio,aflnet,1,b_abs,8390
1772331672,kamailio,aflnet,1,l_per,6.4
1772331672,kamailio,aflnet,1,l_abs,15152
1772331672,kamailio,aflnet,1,b_per,1.5
1772331672,kamailio,aflnet,1,b_abs,8391
1772331674,kamailio,aflnet,1,l_per,6.4
1772331674,kamailio,aflnet,1,l_abs,15152
1772331674,kamailio,aflnet,1,b_per,1.5
1772331674,kamailio,aflnet,1,b_abs,8391
1772331679,kamailio,aflnet,1,l_per,6.4
1772331679,kamailio,aflnet,1,l_abs,15152
1772331679,kamailio,aflnet,1,b_per,1.5
1772331679,kamailio,aflnet,1,b_abs,8391
1772331681,kamailio,aflnet,1,l_per,6.4
1772331681,kamailio,aflnet,1,l_abs,15152
1772331681,kamailio,aflnet,1,b_per,1.5
1772331681,kamailio,aflnet,1,b_abs,8391
1772331682,kamailio,aflnet,1,l_per,6.4
1772331682,kamailio,aflnet,1,l_abs,15152
1772331682,kamailio,aflnet,1,b_per,1.5
1772331682,kamailio,aflnet,1,b_abs,8391
1772331684,kamailio,aflnet,1,l_per,6.4
1772331684,kamailio,aflnet,1,l_abs,15152
1772331684,kamailio,aflnet,1,b_per,1.5
1772331684,kamailio,aflnet,1,b_abs,8391
1772331687,kamailio,aflnet,1,l_per,6.4
1772331687,kamailio,aflnet,1,l_abs,15162
1772331687,kamailio,aflnet,1,b_per,1.5
1772331687,kamailio,aflnet,1,b_abs,8393
1772331689,kamailio,aflnet,1,l_per,6.4
1772331689,kamailio,aflnet,1,l_abs,15165
1772331689,kamailio,aflnet,1,b_per,1.5
1772331689,kamailio,aflnet,1,b_abs,8403
1772331691,kamailio,aflnet,1,l_per,6.4
1772331691,kamailio,aflnet,1,l_abs,15168
1772331691,kamailio,aflnet,1,b_per,1.5
1772331691,kamailio,aflnet,1,b_abs,8404
1772331693,kamailio,aflnet,1,l_per,6.4
1772331693,kamailio,aflnet,1,l_abs,15168
1772331693,kamailio,aflnet,1,b_per,1.5
1772331693,kamailio,aflnet,1,b_abs,8404
1772331702,kamailio,aflnet,1,l_per,6.4
1772331702,kamailio,aflnet,1,l_abs,15168
1772331702,kamailio,aflnet,1,b_per,1.5
1772331702,kamailio,aflnet,1,b_abs,8404
1772331704,kamailio,aflnet,1,l_per,6.4
1772331704,kamailio,aflnet,1,l_abs,15168
1772331704,kamailio,aflnet,1,b_per,1.5
1772331704,kamailio,aflnet,1,b_abs,8404
1772331706,kamailio,aflnet,1,l_per,6.4
1772331706,kamailio,aflnet,1,l_abs,15168
1772331706,kamailio,aflnet,1,b_per,1.5
1772331706,kamailio,aflnet,1,b_abs,8404
1772331709,kamailio,aflnet,1,l_per,6.4
1772331709,kamailio,aflnet,1,l_abs,15168
1772331709,kamailio,aflnet,1,b_per,1.5
1772331709,kamailio,aflnet,1,b_abs,8406
1772331716,kamailio,aflnet,1,l_per,6.4
1772331716,kamailio,aflnet,1,l_abs,15168
1772331716,kamailio,aflnet,1,b_per,1.5
1772331716,kamailio,aflnet,1,b_abs,8407
1772331720,kamailio,aflnet,1,l_per,6.4
1772331720,kamailio,aflnet,1,l_abs,15168
1772331720,kamailio,aflnet,1,b_per,1.5
1772331720,kamailio,aflnet,1,b_abs,8407
1772331722,kamailio,aflnet,1,l_per,6.4
1772331722,kamailio,aflnet,1,l_abs,15168
1772331722,kamailio,aflnet,1,b_per,1.5
1772331722,kamailio,aflnet,1,b_abs,8407
1772331726,kamailio,aflnet,1,l_per,6.4
1772331726,kamailio,aflnet,1,l_abs,15175
1772331726,kamailio,aflnet,1,b_per,1.5
1772331726,kamailio,aflnet,1,b_abs,8409
1772331729,kamailio,aflnet,1,l_per,6.4
1772331729,kamailio,aflnet,1,l_abs,15178
1772331729,kamailio,aflnet,1,b_per,1.5
1772331729,kamailio,aflnet,1,b_abs,8418
1772331731,kamailio,aflnet,1,l_per,6.4
1772331731,kamailio,aflnet,1,l_abs,15181
1772331731,kamailio,aflnet,1,b_per,1.5
1772331731,kamailio,aflnet,1,b_abs,8427
1772331735,kamailio,aflnet,1,l_per,6.4
1772331735,kamailio,aflnet,1,l_abs,15181
1772331735,kamailio,aflnet,1,b_per,1.5
1772331735,kamailio,aflnet,1,b_abs,8427
1772331747,kamailio,aflnet,1,l_per,6.4
1772331747,kamailio,aflnet,1,l_abs,15181
1772331747,kamailio,aflnet,1,b_per,1.5
1772331747,kamailio,aflnet,1,b_abs,8427
1772331749,kamailio,aflnet,1,l_per,6.4
1772331749,kamailio,aflnet,1,l_abs,15181
1772331749,kamailio,aflnet,1,b_per,1.5
1772331749,kamailio,aflnet,1,b_abs,8427
1772331752,kamailio,aflnet,1,l_per,6.4
1772331752,kamailio,aflnet,1,l_abs,15181
1772331752,kamailio,aflnet,1,b_per,1.5
1772331752,kamailio,aflnet,1,b_abs,8427
1772331754,kamailio,aflnet,1,l_per,6.4
1772331754,kamailio,aflnet,1,l_abs,15181
1772331754,kamailio,aflnet,1,b_per,1.5
1772331754,kamailio,aflnet,1,b_abs,8427
1772331758,kamailio,aflnet,1,l_per,6.4
1772331758,kamailio,aflnet,1,l_abs,15186
1772331758,kamailio,aflnet,1,b_per,1.5
1772331758,kamailio,aflnet,1,b_abs,8438
1772331761,kamailio,aflnet,1,l_per,6.4
1772331761,kamailio,aflnet,1,l_abs,15186
1772331761,kamailio,aflnet,1,b_per,1.5
1772331761,kamailio,aflnet,1,b_abs,8438
1772331763,kamailio,aflnet,1,l_per,6.4
1772331763,kamailio,aflnet,1,l_abs,15186
1772331763,kamailio,aflnet,1,b_per,1.5
1772331763,kamailio,aflnet,1,b_abs,8440
1772331765,kamailio,aflnet,1,l_per,6.4
1772331765,kamailio,aflnet,1,l_abs,15198
1772331765,kamailio,aflnet,1,b_per,1.5
1772331765,kamailio,aflnet,1,b_abs,8454
1772331767,kamailio,aflnet,1,l_per,6.4
1772331767,kamailio,aflnet,1,l_abs,15198
1772331767,kamailio,aflnet,1,b_per,1.5
1772331767,kamailio,aflnet,1,b_abs,8454
1772331771,kamailio,aflnet,1,l_per,6.4
1772331771,kamailio,aflnet,1,l_abs,15198
1772331771,kamailio,aflnet,1,b_per,1.5
1772331771,kamailio,aflnet,1,b_abs,8454
1772331773,kamailio,aflnet,1,l_per,6.4
1772331773,kamailio,aflnet,1,l_abs,15198
1772331773,kamailio,aflnet,1,b_per,1.5
1772331773,kamailio,aflnet,1,b_abs,8454
1772331775,kamailio,aflnet,1,l_per,6.4
1772331775,kamailio,aflnet,1,l_abs,15202
1772331775,kamailio,aflnet,1,b_per,1.5
1772331775,kamailio,aflnet,1,b_abs,8455
1772331777,kamailio,aflnet,1,l_per,6.4
1772331777,kamailio,aflnet,1,l_abs,15202
1772331777,kamailio,aflnet,1,b_per,1.5
1772331777,kamailio,aflnet,1,b_abs,8455
1772331779,kamailio,aflnet,1,l_per,6.4
1772331779,kamailio,aflnet,1,l_abs,15202
1772331779,kamailio,aflnet,1,b_per,1.5
1772331779,kamailio,aflnet,1,b_abs,8455
1772331781,kamailio,aflnet,1,l_per,6.4
1772331781,kamailio,aflnet,1,l_abs,15202
1772331781,kamailio,aflnet,1,b_per,1.5
1772331781,kamailio,aflnet,1,b_abs,8456
1772331785,kamailio,aflnet,1,l_per,6.4
1772331785,kamailio,aflnet,1,l_abs,15202
1772331785,kamailio,aflnet,1,b_per,1.5
1772331785,kamailio,aflnet,1,b_abs,8456
1772331788,kamailio,aflnet,1,l_per,6.4
1772331788,kamailio,aflnet,1,l_abs,15202
1772331788,kamailio,aflnet,1,b_per,1.5
1772331788,kamailio,aflnet,1,b_abs,8457
1772331790,kamailio,aflnet,1,l_per,6.4
1772331790,kamailio,aflnet,1,l_abs,15202
1772331790,kamailio,aflnet,1,b_per,1.5
1772331790,kamailio,aflnet,1,b_abs,8457
1772331793,kamailio,aflnet,1,l_per,6.4
1772331793,kamailio,aflnet,1,l_abs,15202
1772331793,kamailio,aflnet,1,b_per,1.5
1772331793,kamailio,aflnet,1,b_abs,8458
1772331797,kamailio,aflnet,1,l_per,6.4
1772331797,kamailio,aflnet,1,l_abs,15202
1772331797,kamailio,aflnet,1,b_per,1.5
1772331797,kamailio,aflnet,1,b_abs,8458
1772331799,kamailio,aflnet,1,l_per,6.4
1772331799,kamailio,aflnet,1,l_abs,15202
1772331799,kamailio,aflnet,1,b_per,1.5
1772331799,kamailio,aflnet,1,b_abs,8458
1772331800,kamailio,aflnet,1,l_per,6.4
1772331800,kamailio,aflnet,1,l_abs,15206
1772331800,kamailio,aflnet,1,b_per,1.5
1772331800,kamailio,aflnet,1,b_abs,8459
1772331806,kamailio,aflnet,1,l_per,6.4
1772331806,kamailio,aflnet,1,l_abs,15208
1772331806,kamailio,aflnet,1,b_per,1.5
1772331806,kamailio,aflnet,1,b_abs,8460
1772331808,kamailio,aflnet,1,l_per,6.4
1772331808,kamailio,aflnet,1,l_abs,15208
1772331808,kamailio,aflnet,1,b_per,1.5
1772331808,kamailio,aflnet,1,b_abs,8460
1772331815,kamailio,aflnet,1,l_per,6.4
1772331815,kamailio,aflnet,1,l_abs,15209
1772331815,kamailio,aflnet,1,b_per,1.5
1772331815,kamailio,aflnet,1,b_abs,8469
1772331818,kamailio,aflnet,1,l_per,6.4
1772331818,kamailio,aflnet,1,l_abs,15209
1772331818,kamailio,aflnet,1,b_per,1.5
1772331818,kamailio,aflnet,1,b_abs,8469
1772331820,kamailio,aflnet,1,l_per,6.4
1772331820,kamailio,aflnet,1,l_abs,15209
1772331820,kamailio,aflnet,1,b_per,1.5
1772331820,kamailio,aflnet,1,b_abs,8469
1772331823,kamailio,aflnet,1,l_per,6.4
1772331823,kamailio,aflnet,1,l_abs,15209
1772331823,kamailio,aflnet,1,b_per,1.5
1772331823,kamailio,aflnet,1,b_abs,8469
1772331825,kamailio,aflnet,1,l_per,6.4
1772331825,kamailio,aflnet,1,l_abs,15209
1772331825,kamailio,aflnet,1,b_per,1.5
1772331825,kamailio,aflnet,1,b_abs,8469
1772331829,kamailio,aflnet,1,l_per,6.4
1772331829,kamailio,aflnet,1,l_abs,15211
1772331829,kamailio,aflnet,1,b_per,1.5
1772331829,kamailio,aflnet,1,b_abs,8470
1772331833,kamailio,aflnet,1,l_per,6.4
1772331833,kamailio,aflnet,1,l_abs,15211
1772331833,kamailio,aflnet,1,b_per,1.5
1772331833,kamailio,aflnet,1,b_abs,8470
1772331836,kamailio,aflnet,1,l_per,6.4
1772331836,kamailio,aflnet,1,l_abs,15214
1772331836,kamailio,aflnet,1,b_per,1.5
1772331836,kamailio,aflnet,1,b_abs,8472
1772331837,kamailio,aflnet,1,l_per,6.4
1772331837,kamailio,aflnet,1,l_abs,15214
1772331837,kamailio,aflnet,1,b_per,1.5
1772331837,kamailio,aflnet,1,b_abs,8473
1772331840,kamailio,aflnet,1,l_per,6.4
1772331840,kamailio,aflnet,1,l_abs,15217
1772331840,kamailio,aflnet,1,b_per,1.5
1772331840,kamailio,aflnet,1,b_abs,8482
1772331842,kamailio,aflnet,1,l_per,6.4
1772331842,kamailio,aflnet,1,l_abs,15217
1772331842,kamailio,aflnet,1,b_per,1.5
1772331842,kamailio,aflnet,1,b_abs,8483
1772331846,kamailio,aflnet,1,l_per,6.4
1772331846,kamailio,aflnet,1,l_abs,15217
1772331846,kamailio,aflnet,1,b_per,1.5
1772331846,kamailio,aflnet,1,b_abs,8483
1772331850,kamailio,aflnet,1,l_per,6.4
1772331850,kamailio,aflnet,1,l_abs,15217
1772331850,kamailio,aflnet,1,b_per,1.5
1772331850,kamailio,aflnet,1,b_abs,8483
1772331853,kamailio,aflnet,1,l_per,6.4
1772331853,kamailio,aflnet,1,l_abs,15217
1772331853,kamailio,aflnet,1,b_per,1.5
1772331853,kamailio,aflnet,1,b_abs,8483
1772331857,kamailio,aflnet,1,l_per,6.4
1772331857,kamailio,aflnet,1,l_abs,15217
1772331857,kamailio,aflnet,1,b_per,1.5
1772331857,kamailio,aflnet,1,b_abs,8484
1772331859,kamailio,aflnet,1,l_per,6.4
1772331859,kamailio,aflnet,1,l_abs,15217
1772331859,kamailio,aflnet,1,b_per,1.5
1772331859,kamailio,aflnet,1,b_abs,8484
1772331861,kamailio,aflnet,1,l_per,6.4
1772331861,kamailio,aflnet,1,l_abs,15217
1772331861,kamailio,aflnet,1,b_per,1.5
1772331861,kamailio,aflnet,1,b_abs,8484
1772331865,kamailio,aflnet,1,l_per,6.4
1772331865,kamailio,aflnet,1,l_abs,15218
1772331865,kamailio,aflnet,1,b_per,1.5
1772331865,kamailio,aflnet,1,b_abs,8485
1772331867,kamailio,aflnet,1,l_per,6.4
1772331867,kamailio,aflnet,1,l_abs,15218
1772331867,kamailio,aflnet,1,b_per,1.5
1772331867,kamailio,aflnet,1,b_abs,8485
1772331875,kamailio,aflnet,1,l_per,6.4
1772331875,kamailio,aflnet,1,l_abs,15218
1772331875,kamailio,aflnet,1,b_per,1.5
1772331875,kamailio,aflnet,1,b_abs,8485
1772331877,kamailio,aflnet,1,l_per,6.4
1772331877,kamailio,aflnet,1,l_abs,15218
1772331877,kamailio,aflnet,1,b_per,1.5
1772331877,kamailio,aflnet,1,b_abs,8485
1772331879,kamailio,aflnet,1,l_per,6.4
1772331879,kamailio,aflnet,1,l_abs,15218
1772331879,kamailio,aflnet,1,b_per,1.5
1772331879,kamailio,aflnet,1,b_abs,8485
1772331881,kamailio,aflnet,1,l_per,6.4
1772331881,kamailio,aflnet,1,l_abs,15218
1772331881,kamailio,aflnet,1,b_per,1.5
1772331881,kamailio,aflnet,1,b_abs,8485
1772331883,kamailio,aflnet,1,l_per,6.4
1772331883,kamailio,aflnet,1,l_abs,15218
1772331883,kamailio,aflnet,1,b_per,1.5
1772331883,kamailio,aflnet,1,b_abs,8485
1772331885,kamailio,aflnet,1,l_per,6.4
1772331885,kamailio,aflnet,1,l_abs,15221
1772331885,kamailio,aflnet,1,b_per,1.5
1772331885,kamailio,aflnet,1,b_abs,8491
1772331888,kamailio,aflnet,1,l_per,6.4
1772331888,kamailio,aflnet,1,l_abs,15221
1772331888,kamailio,aflnet,1,b_per,1.5
1772331888,kamailio,aflnet,1,b_abs,8491
1772331890,kamailio,aflnet,1,l_per,6.4
1772331890,kamailio,aflnet,1,l_abs,15221
1772331890,kamailio,aflnet,1,b_per,1.5
1772331890,kamailio,aflnet,1,b_abs,8491
1772331892,kamailio,aflnet,1,l_per,6.4
1772331892,kamailio,aflnet,1,l_abs,15234
1772331892,kamailio,aflnet,1,b_per,1.5
1772331892,kamailio,aflnet,1,b_abs,8494
1772331894,kamailio,aflnet,1,l_per,6.4
1772331894,kamailio,aflnet,1,l_abs,15234
1772331894,kamailio,aflnet,1,b_per,1.5
1772331894,kamailio,aflnet,1,b_abs,8494
1772331897,kamailio,aflnet,1,l_per,6.4
1772331897,kamailio,aflnet,1,l_abs,15235
1772331897,kamailio,aflnet,1,b_per,1.5
1772331897,kamailio,aflnet,1,b_abs,8495
1772331899,kamailio,aflnet,1,l_per,6.4
1772331899,kamailio,aflnet,1,l_abs,15235
1772331899,kamailio,aflnet,1,b_per,1.5
1772331899,kamailio,aflnet,1,b_abs,8495
1772331901,kamailio,aflnet,1,l_per,6.4
1772331901,kamailio,aflnet,1,l_abs,15235
1772331901,kamailio,aflnet,1,b_per,1.5
1772331901,kamailio,aflnet,1,b_abs,8496
1772331903,kamailio,aflnet,1,l_per,6.4
1772331903,kamailio,aflnet,1,l_abs,15235
1772331903,kamailio,aflnet,1,b_per,1.5
1772331903,kamailio,aflnet,1,b_abs,8496
1772331905,kamailio,aflnet,1,l_per,6.4
1772331905,kamailio,aflnet,1,l_abs,15235
1772331905,kamailio,aflnet,1,b_per,1.5
1772331905,kamailio,aflnet,1,b_abs,8496
1772331907,kamailio,aflnet,1,l_per,6.4
1772331907,kamailio,aflnet,1,l_abs,15235
1772331907,kamailio,aflnet,1,b_per,1.5
1772331907,kamailio,aflnet,1,b_abs,8496
1772331909,kamailio,aflnet,1,l_per,6.4
1772331909,kamailio,aflnet,1,l_abs,15235
1772331909,kamailio,aflnet,1,b_per,1.5
1772331909,kamailio,aflnet,1,b_abs,8496
1772331911,kamailio,aflnet,1,l_per,6.4
1772331911,kamailio,aflnet,1,l_abs,15235
1772331911,kamailio,aflnet,1,b_per,1.5
1772331911,kamailio,aflnet,1,b_abs,8496
1772331913,kamailio,aflnet,1,l_per,6.4
1772331913,kamailio,aflnet,1,l_abs,15238
1772331913,kamailio,aflnet,1,b_per,1.5
1772331913,kamailio,aflnet,1,b_abs,8497
1772331915,kamailio,aflnet,1,l_per,6.4
1772331915,kamailio,aflnet,1,l_abs,15238
1772331915,kamailio,aflnet,1,b_per,1.5
1772331915,kamailio,aflnet,1,b_abs,8497
1772331917,kamailio,aflnet,1,l_per,6.4
1772331917,kamailio,aflnet,1,l_abs,15238
1772331917,kamailio,aflnet,1,b_per,1.5
1772331917,kamailio,aflnet,1,b_abs,8497
1772331919,kamailio,aflnet,1,l_per,6.4
1772331919,kamailio,aflnet,1,l_abs,15238
1772331919,kamailio,aflnet,1,b_per,1.5
1772331919,kamailio,aflnet,1,b_abs,8497
1772331921,kamailio,aflnet,1,l_per,6.4
1772331921,kamailio,aflnet,1,l_abs,15238
1772331921,kamailio,aflnet,1,b_per,1.5
1772331921,kamailio,aflnet,1,b_abs,8497
1772331923,kamailio,aflnet,1,l_per,6.4
1772331923,kamailio,aflnet,1,l_abs,15238
1772331923,kamailio,aflnet,1,b_per,1.5
1772331923,kamailio,aflnet,1,b_abs,8498
1772331927,kamailio,aflnet,1,l_per,6.4
1772331927,kamailio,aflnet,1,l_abs,15238
1772331927,kamailio,aflnet,1,b_per,1.5
1772331927,kamailio,aflnet,1,b_abs,8499
1772331929,kamailio,aflnet,1,l_per,6.4
1772331929,kamailio,aflnet,1,l_abs,15241
1772331929,kamailio,aflnet,1,b_per,1.5
1772331929,kamailio,aflnet,1,b_abs,8503
1772331932,kamailio,aflnet,1,l_per,6.4
1772331932,kamailio,aflnet,1,l_abs,15242
1772331932,kamailio,aflnet,1,b_per,1.5
1772331932,kamailio,aflnet,1,b_abs,8507
1772331934,kamailio,aflnet,1,l_per,6.4
1772331934,kamailio,aflnet,1,l_abs,15242
1772331934,kamailio,aflnet,1,b_per,1.5
1772331934,kamailio,aflnet,1,b_abs,8507
1772331936,kamailio,aflnet,1,l_per,6.4
1772331936,kamailio,aflnet,1,l_abs,15242
1772331936,kamailio,aflnet,1,b_per,1.5
1772331936,kamailio,aflnet,1,b_abs,8507
1772331938,kamailio,aflnet,1,l_per,6.4
1772331938,kamailio,aflnet,1,l_abs,15242
1772331938,kamailio,aflnet,1,b_per,1.5
1772331938,kamailio,aflnet,1,b_abs,8507
1772331943,kamailio,aflnet,1,l_per,6.4
1772331943,kamailio,aflnet,1,l_abs,15242
1772331943,kamailio,aflnet,1,b_per,1.5
1772331943,kamailio,aflnet,1,b_abs,8507
1772331953,kamailio,aflnet,1,l_per,6.4
1772331953,kamailio,aflnet,1,l_abs,15242
1772331953,kamailio,aflnet,1,b_per,1.5
1772331953,kamailio,aflnet,1,b_abs,8511
1772331955,kamailio,aflnet,1,l_per,6.4
1772331955,kamailio,aflnet,1,l_abs,15242
1772331955,kamailio,aflnet,1,b_per,1.5
1772331955,kamailio,aflnet,1,b_abs,8513
1772331957,kamailio,aflnet,1,l_per,6.4
1772331957,kamailio,aflnet,1,l_abs,15242
1772331957,kamailio,aflnet,1,b_per,1.5
1772331957,kamailio,aflnet,1,b_abs,8513
1772331960,kamailio,aflnet,1,l_per,6.4
1772331960,kamailio,aflnet,1,l_abs,15245
1772331960,kamailio,aflnet,1,b_per,1.5
1772331960,kamailio,aflnet,1,b_abs,8522
1772331964,kamailio,aflnet,1,l_per,6.4
1772331964,kamailio,aflnet,1,l_abs,15245
1772331964,kamailio,aflnet,1,b_per,1.5
1772331964,kamailio,aflnet,1,b_abs,8522
1772331966,kamailio,aflnet,1,l_per,6.4
1772331966,kamailio,aflnet,1,l_abs,15245
1772331966,kamailio,aflnet,1,b_per,1.5
1772331966,kamailio,aflnet,1,b_abs,8522
1772331968,kamailio,aflnet,1,l_per,6.4
1772331968,kamailio,aflnet,1,l_abs,15245
1772331968,kamailio,aflnet,1,b_per,1.5
1772331968,kamailio,aflnet,1,b_abs,8522
1772331971,kamailio,aflnet,1,l_per,6.4
1772331971,kamailio,aflnet,1,l_abs,15245
1772331971,kamailio,aflnet,1,b_per,1.5
1772331971,kamailio,aflnet,1,b_abs,8522
1772331973,kamailio,aflnet,1,l_per,6.4
1772331973,kamailio,aflnet,1,l_abs,15245
1772331973,kamailio,aflnet,1,b_per,1.5
1772331973,kamailio,aflnet,1,b_abs,8522
1772331978,kamailio,aflnet,1,l_per,6.4
1772331978,kamailio,aflnet,1,l_abs,15245
1772331978,kamailio,aflnet,1,b_per,1.5
1772331978,kamailio,aflnet,1,b_abs,8522
1772331980,kamailio,aflnet,1,l_per,6.4
1772331980,kamailio,aflnet,1,l_abs,15245
1772331980,kamailio,aflnet,1,b_per,1.5
1772331980,kamailio,aflnet,1,b_abs,8523
1772331983,kamailio,aflnet,1,l_per,6.4
1772331983,kamailio,aflnet,1,l_abs,15245
1772331983,kamailio,aflnet,1,b_per,1.5
1772331983,kamailio,aflnet,1,b_abs,8524
1772331984,kamailio,aflnet,1,l_per,6.4
1772331984,kamailio,aflnet,1,l_abs,15249
1772331984,kamailio,aflnet,1,b_per,1.5
1772331984,kamailio,aflnet,1,b_abs,8535
1772331987,kamailio,aflnet,1,l_per,6.4
1772331987,kamailio,aflnet,1,l_abs,15249
1772331987,kamailio,aflnet,1,b_per,1.5
1772331987,kamailio,aflnet,1,b_abs,8535
1772331989,kamailio,aflnet,1,l_per,6.4
1772331989,kamailio,aflnet,1,l_abs,15249
1772331989,kamailio,aflnet,1,b_per,1.5
1772331989,kamailio,aflnet,1,b_abs,8535
1772331991,kamailio,aflnet,1,l_per,6.4
1772331991,kamailio,aflnet,1,l_abs,15249
1772331991,kamailio,aflnet,1,b_per,1.5
1772331991,kamailio,aflnet,1,b_abs,8535
1772331993,kamailio,aflnet,1,l_per,6.4
1772331993,kamailio,aflnet,1,l_abs,15249
1772331993,kamailio,aflnet,1,b_per,1.5
1772331993,kamailio,aflnet,1,b_abs,8535
1772331996,kamailio,aflnet,1,l_per,6.5
1772331996,kamailio,aflnet,1,l_abs,15303
1772331996,kamailio,aflnet,1,b_per,1.5
1772331996,kamailio,aflnet,1,b_abs,8572
1772332004,kamailio,aflnet,1,l_per,6.5
1772332004,kamailio,aflnet,1,l_abs,15307
1772332004,kamailio,aflnet,1,b_per,1.5
1772332004,kamailio,aflnet,1,b_abs,8573
1772332006,kamailio,aflnet,1,l_per,6.5
1772332006,kamailio,aflnet,1,l_abs,15307
1772332006,kamailio,aflnet,1,b_per,1.5
1772332006,kamailio,aflnet,1,b_abs,8573
1772332009,kamailio,aflnet,1,l_per,6.5
1772332009,kamailio,aflnet,1,l_abs,15307
1772332009,kamailio,aflnet,1,b_per,1.5
1772332009,kamailio,aflnet,1,b_abs,8573
1772332019,kamailio,aflnet,1,l_per,6.5
1772332019,kamailio,aflnet,1,l_abs,15308
1772332019,kamailio,aflnet,1,b_per,1.5
1772332019,kamailio,aflnet,1,b_abs,8575
1772332022,kamailio,aflnet,1,l_per,6.5
1772332022,kamailio,aflnet,1,l_abs,15310
1772332022,kamailio,aflnet,1,b_per,1.5
1772332022,kamailio,aflnet,1,b_abs,8576
1772332025,kamailio,aflnet,1,l_per,6.5
1772332025,kamailio,aflnet,1,l_abs,15310
1772332025,kamailio,aflnet,1,b_per,1.5
1772332025,kamailio,aflnet,1,b_abs,8576
1772332029,kamailio,aflnet,1,l_per,6.5
1772332029,kamailio,aflnet,1,l_abs,15310
1772332029,kamailio,aflnet,1,b_per,1.5
1772332029,kamailio,aflnet,1,b_abs,8576
1772332033,kamailio,aflnet,1,l_per,6.5
1772332033,kamailio,aflnet,1,l_abs,15310
1772332033,kamailio,aflnet,1,b_per,1.5
1772332033,kamailio,aflnet,1,b_abs,8576
1772332037,kamailio,aflnet,1,l_per,6.5
1772332037,kamailio,aflnet,1,l_abs,15310
1772332037,kamailio,aflnet,1,b_per,1.5
1772332037,kamailio,aflnet,1,b_abs,8576
1772332043,kamailio,aflnet,1,l_per,6.5
1772332043,kamailio,aflnet,1,l_abs,15313
1772332043,kamailio,aflnet,1,b_per,1.5
1772332043,kamailio,aflnet,1,b_abs,8579
1772332047,kamailio,aflnet,1,l_per,6.5
1772332047,kamailio,aflnet,1,l_abs,15315
1772332047,kamailio,aflnet,1,b_per,1.5
1772332047,kamailio,aflnet,1,b_abs,8580
1772332050,kamailio,aflnet,1,l_per,6.5
1772332050,kamailio,aflnet,1,l_abs,15318
1772332050,kamailio,aflnet,1,b_per,1.5
1772332050,kamailio,aflnet,1,b_abs,8582
1772332054,kamailio,aflnet,1,l_per,6.5
1772332054,kamailio,aflnet,1,l_abs,15318
1772332054,kamailio,aflnet,1,b_per,1.5
1772332054,kamailio,aflnet,1,b_abs,8582
1772332056,kamailio,aflnet,1,l_per,6.5
1772332056,kamailio,aflnet,1,l_abs,15322
1772332056,kamailio,aflnet,1,b_per,1.5
1772332056,kamailio,aflnet,1,b_abs,8583
1772332060,kamailio,aflnet,1,l_per,6.5
1772332060,kamailio,aflnet,1,l_abs,15325
1772332060,kamailio,aflnet,1,b_per,1.5
1772332060,kamailio,aflnet,1,b_abs,8584
1772332067,kamailio,aflnet,1,l_per,6.5
1772332067,kamailio,aflnet,1,l_abs,15330
1772332067,kamailio,aflnet,1,b_per,1.5
1772332067,kamailio,aflnet,1,b_abs,8585
1772332072,kamailio,aflnet,1,l_per,6.5
1772332072,kamailio,aflnet,1,l_abs,15333
1772332072,kamailio,aflnet,1,b_per,1.5
1772332072,kamailio,aflnet,1,b_abs,8586
1772332073,kamailio,aflnet,1,l_per,6.5
1772332073,kamailio,aflnet,1,l_abs,15333
1772332073,kamailio,aflnet,1,b_per,1.5
1772332073,kamailio,aflnet,1,b_abs,8586
1772332076,kamailio,aflnet,1,l_per,6.5
1772332076,kamailio,aflnet,1,l_abs,15333
1772332076,kamailio,aflnet,1,b_per,1.5
1772332076,kamailio,aflnet,1,b_abs,8586
1772332080,kamailio,aflnet,1,l_per,6.5
1772332080,kamailio,aflnet,1,l_abs,15333
1772332080,kamailio,aflnet,1,b_per,1.5
1772332080,kamailio,aflnet,1,b_abs,8586
1772332091,kamailio,aflnet,1,l_per,6.5
1772332091,kamailio,aflnet,1,l_abs,15333
1772332091,kamailio,aflnet,1,b_per,1.5
1772332091,kamailio,aflnet,1,b_abs,8586
1772332093,kamailio,aflnet,1,l_per,6.5
1772332093,kamailio,aflnet,1,l_abs,15333
1772332093,kamailio,aflnet,1,b_per,1.5
1772332093,kamailio,aflnet,1,b_abs,8586
1772332094,kamailio,aflnet,1,l_per,6.5
1772332094,kamailio,aflnet,1,l_abs,15333
1772332094,kamailio,aflnet,1,b_per,1.5
1772332094,kamailio,aflnet,1,b_abs,8586
1772332096,kamailio,aflnet,1,l_per,6.5
1772332096,kamailio,aflnet,1,l_abs,15333
1772332096,kamailio,aflnet,1,b_per,1.5
1772332096,kamailio,aflnet,1,b_abs,8586
1772332098,kamailio,aflnet,1,l_per,6.5
1772332098,kamailio,aflnet,1,l_abs,15333
1772332098,kamailio,aflnet,1,b_per,1.5
1772332098,kamailio,aflnet,1,b_abs,8588
1772332102,kamailio,aflnet,1,l_per,6.5
1772332102,kamailio,aflnet,1,l_abs,15337
1772332102,kamailio,aflnet,1,b_per,1.5
1772332102,kamailio,aflnet,1,b_abs,8589
1772332103,kamailio,aflnet,1,l_per,6.5
1772332103,kamailio,aflnet,1,l_abs,15337
1772332103,kamailio,aflnet,1,b_per,1.5
1772332103,kamailio,aflnet,1,b_abs,8589
1772332106,kamailio,aflnet,1,l_per,6.5
1772332106,kamailio,aflnet,1,l_abs,15337
1772332106,kamailio,aflnet,1,b_per,1.5
1772332106,kamailio,aflnet,1,b_abs,8589
1772332109,kamailio,aflnet,1,l_per,6.5
1772332109,kamailio,aflnet,1,l_abs,15337
1772332109,kamailio,aflnet,1,b_per,1.5
1772332109,kamailio,aflnet,1,b_abs,8589
1772332113,kamailio,aflnet,1,l_per,6.5
1772332113,kamailio,aflnet,1,l_abs,15341
1772332113,kamailio,aflnet,1,b_per,1.5
1772332113,kamailio,aflnet,1,b_abs,8590
1772332115,kamailio,aflnet,1,l_per,6.5
1772332115,kamailio,aflnet,1,l_abs,15359
1772332115,kamailio,aflnet,1,b_per,1.5
1772332115,kamailio,aflnet,1,b_abs,8609
1772332117,kamailio,aflnet,1,l_per,6.5
1772332117,kamailio,aflnet,1,l_abs,15364
1772332117,kamailio,aflnet,1,b_per,1.5
1772332117,kamailio,aflnet,1,b_abs,8611
1772332119,kamailio,aflnet,1,l_per,6.5
1772332119,kamailio,aflnet,1,l_abs,15367
1772332119,kamailio,aflnet,1,b_per,1.5
1772332119,kamailio,aflnet,1,b_abs,8612
1772332121,kamailio,aflnet,1,l_per,6.5
1772332121,kamailio,aflnet,1,l_abs,15370
1772332121,kamailio,aflnet,1,b_per,1.5
1772332121,kamailio,aflnet,1,b_abs,8613
1772332123,kamailio,aflnet,1,l_per,6.5
1772332123,kamailio,aflnet,1,l_abs,15370
1772332123,kamailio,aflnet,1,b_per,1.5
1772332123,kamailio,aflnet,1,b_abs,8613
1772332126,kamailio,aflnet,1,l_per,6.5
1772332126,kamailio,aflnet,1,l_abs,15370
1772332126,kamailio,aflnet,1,b_per,1.5
1772332126,kamailio,aflnet,1,b_abs,8613
1772332135,kamailio,aflnet,1,l_per,6.5
1772332135,kamailio,aflnet,1,l_abs,15370
1772332135,kamailio,aflnet,1,b_per,1.5
1772332135,kamailio,aflnet,1,b_abs,8614
1772332139,kamailio,aflnet,1,l_per,6.5
1772332139,kamailio,aflnet,1,l_abs,15370
1772332139,kamailio,aflnet,1,b_per,1.5
1772332139,kamailio,aflnet,1,b_abs,8614
1772332142,kamailio,aflnet,1,l_per,6.5
1772332142,kamailio,aflnet,1,l_abs,15374
1772332142,kamailio,aflnet,1,b_per,1.5
1772332142,kamailio,aflnet,1,b_abs,8618
1772332145,kamailio,aflnet,1,l_per,6.5
1772332145,kamailio,aflnet,1,l_abs,15374
1772332145,kamailio,aflnet,1,b_per,1.5
1772332145,kamailio,aflnet,1,b_abs,8618
1772332147,kamailio,aflnet,1,l_per,6.5
1772332147,kamailio,aflnet,1,l_abs,15374
1772332147,kamailio,aflnet,1,b_per,1.5
1772332147,kamailio,aflnet,1,b_abs,8618
1772332149,kamailio,aflnet,1,l_per,6.5
1772332149,kamailio,aflnet,1,l_abs,15374
1772332149,kamailio,aflnet,1,b_per,1.5
1772332149,kamailio,aflnet,1,b_abs,8618
1772332151,kamailio,aflnet,1,l_per,6.5
1772332151,kamailio,aflnet,1,l_abs,15374
1772332151,kamailio,aflnet,1,b_per,1.5
1772332151,kamailio,aflnet,1,b_abs,8618
1772332155,kamailio,aflnet,1,l_per,6.5
1772332155,kamailio,aflnet,1,l_abs,15374
1772332155,kamailio,aflnet,1,b_per,1.5
1772332155,kamailio,aflnet,1,b_abs,8618
1772332156,kamailio,aflnet,1,l_per,6.5
1772332156,kamailio,aflnet,1,l_abs,15374
1772332156,kamailio,aflnet,1,b_per,1.5
1772332156,kamailio,aflnet,1,b_abs,8618
1772332159,kamailio,aflnet,1,l_per,6.5
1772332159,kamailio,aflnet,1,l_abs,15378
1772332159,kamailio,aflnet,1,b_per,1.5
1772332159,kamailio,aflnet,1,b_abs,8623
1772332172,kamailio,aflnet,1,l_per,6.5
1772332172,kamailio,aflnet,1,l_abs,15378
1772332172,kamailio,aflnet,1,b_per,1.5
1772332172,kamailio,aflnet,1,b_abs,8625
1772332176,kamailio,aflnet,1,l_per,6.5
1772332176,kamailio,aflnet,1,l_abs,15378
1772332176,kamailio,aflnet,1,b_per,1.5
1772332176,kamailio,aflnet,1,b_abs,8625
1772332181,kamailio,aflnet,1,l_per,6.5
1772332181,kamailio,aflnet,1,l_abs,15378
1772332181,kamailio,aflnet,1,b_per,1.5
1772332181,kamailio,aflnet,1,b_abs,8625
1772332185,kamailio,aflnet,1,l_per,6.5
1772332185,kamailio,aflnet,1,l_abs,15378
1772332185,kamailio,aflnet,1,b_per,1.5
1772332185,kamailio,aflnet,1,b_abs,8625
1772332187,kamailio,aflnet,1,l_per,6.5
1772332187,kamailio,aflnet,1,l_abs,15378
1772332187,kamailio,aflnet,1,b_per,1.5
1772332187,kamailio,aflnet,1,b_abs,8625
1772332196,kamailio,aflnet,1,l_per,6.5
1772332196,kamailio,aflnet,1,l_abs,15379
1772332196,kamailio,aflnet,1,b_per,1.5
1772332196,kamailio,aflnet,1,b_abs,8627
1772332198,kamailio,aflnet,1,l_per,6.5
1772332198,kamailio,aflnet,1,l_abs,15379
1772332198,kamailio,aflnet,1,b_per,1.5
1772332198,kamailio,aflnet,1,b_abs,8627
1772332203,kamailio,aflnet,1,l_per,6.5
1772332203,kamailio,aflnet,1,l_abs,15382
1772332203,kamailio,aflnet,1,b_per,1.5
1772332203,kamailio,aflnet,1,b_abs,8629
1772332207,kamailio,aflnet,1,l_per,6.5
1772332207,kamailio,aflnet,1,l_abs,15382
1772332207,kamailio,aflnet,1,b_per,1.5
1772332207,kamailio,aflnet,1,b_abs,8629
1772332210,kamailio,aflnet,1,l_per,6.5
1772332210,kamailio,aflnet,1,l_abs,15384
1772332210,kamailio,aflnet,1,b_per,1.5
1772332210,kamailio,aflnet,1,b_abs,8630
1772332212,kamailio,aflnet,1,l_per,6.5
1772332212,kamailio,aflnet,1,l_abs,15384
1772332212,kamailio,aflnet,1,b_per,1.5
1772332212,kamailio,aflnet,1,b_abs,8632
1772332223,kamailio,aflnet,1,l_per,6.5
1772332223,kamailio,aflnet,1,l_abs,15387
1772332223,kamailio,aflnet,1,b_per,1.5
1772332223,kamailio,aflnet,1,b_abs,8641
1772332227,kamailio,aflnet,1,l_per,6.5
1772332227,kamailio,aflnet,1,l_abs,15390
1772332227,kamailio,aflnet,1,b_per,1.5
1772332227,kamailio,aflnet,1,b_abs,8650
1772332229,kamailio,aflnet,1,l_per,6.5
1772332229,kamailio,aflnet,1,l_abs,15390
1772332229,kamailio,aflnet,1,b_per,1.5
1772332229,kamailio,aflnet,1,b_abs,8652
1772332243,kamailio,aflnet,1,l_per,6.5
1772332243,kamailio,aflnet,1,l_abs,15390
1772332243,kamailio,aflnet,1,b_per,1.5
1772332243,kamailio,aflnet,1,b_abs,8652
1772332245,kamailio,aflnet,1,l_per,6.5
1772332245,kamailio,aflnet,1,l_abs,15390
1772332245,kamailio,aflnet,1,b_per,1.5
1772332245,kamailio,aflnet,1,b_abs,8653
1772332247,kamailio,aflnet,1,l_per,6.5
1772332247,kamailio,aflnet,1,l_abs,15392
1772332247,kamailio,aflnet,1,b_per,1.5
1772332247,kamailio,aflnet,1,b_abs,8654
1772332251,kamailio,aflnet,1,l_per,6.5
1772332251,kamailio,aflnet,1,l_abs,15392
1772332251,kamailio,aflnet,1,b_per,1.5
1772332251,kamailio,aflnet,1,b_abs,8657
1772332264,kamailio,aflnet,1,l_per,6.5
1772332264,kamailio,aflnet,1,l_abs,15393
1772332264,kamailio,aflnet,1,b_per,1.5
1772332264,kamailio,aflnet,1,b_abs,8661
1772332266,kamailio,aflnet,1,l_per,6.5
1772332266,kamailio,aflnet,1,l_abs,15393
1772332266,kamailio,aflnet,1,b_per,1.5
1772332266,kamailio,aflnet,1,b_abs,8661
1772332269,kamailio,aflnet,1,l_per,6.5
1772332269,kamailio,aflnet,1,l_abs,15393
1772332269,kamailio,aflnet,1,b_per,1.5
1772332269,kamailio,aflnet,1,b_abs,8661
1772332271,kamailio,aflnet,1,l_per,6.5
1772332271,kamailio,aflnet,1,l_abs,15395
1772332271,kamailio,aflnet,1,b_per,1.5
1772332271,kamailio,aflnet,1,b_abs,8662
1772332281,kamailio,aflnet,1,l_per,6.5
1772332281,kamailio,aflnet,1,l_abs,15405
1772332281,kamailio,aflnet,1,b_per,1.5
1772332281,kamailio,aflnet,1,b_abs,8665
1772332285,kamailio,aflnet,1,l_per,6.5
1772332285,kamailio,aflnet,1,l_abs,15405
1772332285,kamailio,aflnet,1,b_per,1.5
1772332285,kamailio,aflnet,1,b_abs,8666
1772332288,kamailio,aflnet,1,l_per,6.5
1772332288,kamailio,aflnet,1,l_abs,15411
1772332288,kamailio,aflnet,1,b_per,1.5
1772332288,kamailio,aflnet,1,b_abs,8667
1772332292,kamailio,aflnet,1,l_per,6.5
1772332292,kamailio,aflnet,1,l_abs,15411
1772332292,kamailio,aflnet,1,b_per,1.5
1772332292,kamailio,aflnet,1,b_abs,8667
1772332297,kamailio,aflnet,1,l_per,6.5
1772332297,kamailio,aflnet,1,l_abs,15411
1772332297,kamailio,aflnet,1,b_per,1.5
1772332297,kamailio,aflnet,1,b_abs,8667
1772332310,kamailio,aflnet,1,l_per,6.5
1772332310,kamailio,aflnet,1,l_abs,15411
1772332310,kamailio,aflnet,1,b_per,1.5
1772332310,kamailio,aflnet,1,b_abs,8667
1772332320,kamailio,aflnet,1,l_per,6.5
1772332320,kamailio,aflnet,1,l_abs,15411
1772332320,kamailio,aflnet,1,b_per,1.5
1772332320,kamailio,aflnet,1,b_abs,8667
1772332324,kamailio,aflnet,1,l_per,6.5
1772332324,kamailio,aflnet,1,l_abs,15411
1772332324,kamailio,aflnet,1,b_per,1.5
1772332324,kamailio,aflnet,1,b_abs,8667
1772332340,kamailio,aflnet,1,l_per,6.5
1772332340,kamailio,aflnet,1,l_abs,15411
1772332340,kamailio,aflnet,1,b_per,1.5
1772332340,kamailio,aflnet,1,b_abs,8667
1772332348,kamailio,aflnet,1,l_per,6.5
1772332348,kamailio,aflnet,1,l_abs,15411
1772332348,kamailio,aflnet,1,b_per,1.5
1772332348,kamailio,aflnet,1,b_abs,8667
1772332351,kamailio,aflnet,1,l_per,6.5
1772332351,kamailio,aflnet,1,l_abs,15411
1772332351,kamailio,aflnet,1,b_per,1.5
1772332351,kamailio,aflnet,1,b_abs,8667
1772332354,kamailio,aflnet,1,l_per,6.5
1772332354,kamailio,aflnet,1,l_abs,15411
1772332354,kamailio,aflnet,1,b_per,1.5
1772332354,kamailio,aflnet,1,b_abs,8667
1772332356,kamailio,aflnet,1,l_per,6.5
1772332356,kamailio,aflnet,1,l_abs,15411
1772332356,kamailio,aflnet,1,b_per,1.5
1772332356,kamailio,aflnet,1,b_abs,8667
1772332359,kamailio,aflnet,1,l_per,6.5
1772332359,kamailio,aflnet,1,l_abs,15411
1772332359,kamailio,aflnet,1,b_per,1.5
1772332359,kamailio,aflnet,1,b_abs,8667
1772332373,kamailio,aflnet,1,l_per,6.5
1772332373,kamailio,aflnet,1,l_abs,15414
1772332373,kamailio,aflnet,1,b_per,1.5
1772332373,kamailio,aflnet,1,b_abs,8668
1772332398,kamailio,aflnet,1,l_per,6.5
1772332398,kamailio,aflnet,1,l_abs,15414
1772332398,kamailio,aflnet,1,b_per,1.5
1772332398,kamailio,aflnet,1,b_abs,8669
1772332421,kamailio,aflnet,1,l_per,6.5
1772332421,kamailio,aflnet,1,l_abs,15414
1772332421,kamailio,aflnet,1,b_per,1.5
1772332421,kamailio,aflnet,1,b_abs,8669
1772332425,kamailio,aflnet,1,l_per,6.5
1772332425,kamailio,aflnet,1,l_abs,15414
1772332425,kamailio,aflnet,1,b_per,1.5
1772332425,kamailio,aflnet,1,b_abs,8669
1772332427,kamailio,aflnet,1,l_per,6.5
1772332427,kamailio,aflnet,1,l_abs,15414
1772332427,kamailio,aflnet,1,b_per,1.5
1772332427,kamailio,aflnet,1,b_abs,8675
1772332431,kamailio,aflnet,1,l_per,6.5
1772332431,kamailio,aflnet,1,l_abs,15414
1772332431,kamailio,aflnet,1,b_per,1.5
1772332431,kamailio,aflnet,1,b_abs,8675
1772332439,kamailio,aflnet,1,l_per,6.5
1772332439,kamailio,aflnet,1,l_abs,15414
1772332439,kamailio,aflnet,1,b_per,1.5
1772332439,kamailio,aflnet,1,b_abs,8675
1772332441,kamailio,aflnet,1,l_per,6.5
1772332441,kamailio,aflnet,1,l_abs,15414
1772332441,kamailio,aflnet,1,b_per,1.5
1772332441,kamailio,aflnet,1,b_abs,8676
1772332448,kamailio,aflnet,1,l_per,6.5
1772332448,kamailio,aflnet,1,l_abs,15414
1772332448,kamailio,aflnet,1,b_per,1.5
1772332448,kamailio,aflnet,1,b_abs,8676
1772332454,kamailio,aflnet,1,l_per,6.5
1772332454,kamailio,aflnet,1,l_abs,15414
1772332454,kamailio,aflnet,1,b_per,1.5
1772332454,kamailio,aflnet,1,b_abs,8676
1772332457,kamailio,aflnet,1,l_per,6.5
1772332457,kamailio,aflnet,1,l_abs,15416
1772332457,kamailio,aflnet,1,b_per,1.5
1772332457,kamailio,aflnet,1,b_abs,8677
1772332459,kamailio,aflnet,1,l_per,6.5
1772332459,kamailio,aflnet,1,l_abs,15416
1772332459,kamailio,aflnet,1,b_per,1.5
1772332459,kamailio,aflnet,1,b_abs,8678
1772332466,kamailio,aflnet,1,l_per,6.5
1772332466,kamailio,aflnet,1,l_abs,15419
1772332466,kamailio,aflnet,1,b_per,1.5
1772332466,kamailio,aflnet,1,b_abs,8679
1772332471,kamailio,aflnet,1,l_per,6.5
1772332471,kamailio,aflnet,1,l_abs,15422
1772332471,kamailio,aflnet,1,b_per,1.5
1772332471,kamailio,aflnet,1,b_abs,8689
1772332472,kamailio,aflnet,1,l_per,6.5
1772332472,kamailio,aflnet,1,l_abs,15422
1772332472,kamailio,aflnet,1,b_per,1.5
1772332472,kamailio,aflnet,1,b_abs,8691
1772332477,kamailio,aflnet,1,l_per,6.5
1772332477,kamailio,aflnet,1,l_abs,15422
1772332477,kamailio,aflnet,1,b_per,1.5
1772332477,kamailio,aflnet,1,b_abs,8691
1772332478,kamailio,aflnet,1,l_per,6.5
1772332478,kamailio,aflnet,1,l_abs,15423
1772332478,kamailio,aflnet,1,b_per,1.5
1772332478,kamailio,aflnet,1,b_abs,8693
1772332485,kamailio,aflnet,1,l_per,6.5
1772332485,kamailio,aflnet,1,l_abs,15423
1772332485,kamailio,aflnet,1,b_per,1.5
1772332485,kamailio,aflnet,1,b_abs,8693
1772332487,kamailio,aflnet,1,l_per,6.5
1772332487,kamailio,aflnet,1,l_abs,15423
1772332487,kamailio,aflnet,1,b_per,1.5
1772332487,kamailio,aflnet,1,b_abs,8693
1772332490,kamailio,aflnet,1,l_per,6.5
1772332490,kamailio,aflnet,1,l_abs,15423
1772332490,kamailio,aflnet,1,b_per,1.5
1772332490,kamailio,aflnet,1,b_abs,8693
1772332492,kamailio,aflnet,1,l_per,6.5
1772332492,kamailio,aflnet,1,l_abs,15423
1772332492,kamailio,aflnet,1,b_per,1.5
1772332492,kamailio,aflnet,1,b_abs,8693
1772332498,kamailio,aflnet,1,l_per,6.5
1772332498,kamailio,aflnet,1,l_abs,15423
1772332498,kamailio,aflnet,1,b_per,1.5
1772332498,kamailio,aflnet,1,b_abs,8693
1772332500,kamailio,aflnet,1,l_per,6.5
1772332500,kamailio,aflnet,1,l_abs,15423
1772332500,kamailio,aflnet,1,b_per,1.5
1772332500,kamailio,aflnet,1,b_abs,8693
1772332503,kamailio,aflnet,1,l_per,6.5
1772332503,kamailio,aflnet,1,l_abs,15423
1772332503,kamailio,aflnet,1,b_per,1.5
1772332503,kamailio,aflnet,1,b_abs,8693
1772332508,kamailio,aflnet,1,l_per,6.5
1772332508,kamailio,aflnet,1,l_abs,15423
1772332508,kamailio,aflnet,1,b_per,1.5
1772332508,kamailio,aflnet,1,b_abs,8695
1772332510,kamailio,aflnet,1,l_per,6.5
1772332510,kamailio,aflnet,1,l_abs,15423
1772332510,kamailio,aflnet,1,b_per,1.5
1772332510,kamailio,aflnet,1,b_abs,8695
1772332513,kamailio,aflnet,1,l_per,6.5
1772332513,kamailio,aflnet,1,l_abs,15423
1772332513,kamailio,aflnet,1,b_per,1.5
1772332513,kamailio,aflnet,1,b_abs,8695
1772332516,kamailio,aflnet,1,l_per,6.5
1772332516,kamailio,aflnet,1,l_abs,15423
1772332516,kamailio,aflnet,1,b_per,1.5
1772332516,kamailio,aflnet,1,b_abs,8695
1772332518,kamailio,aflnet,1,l_per,6.5
1772332518,kamailio,aflnet,1,l_abs,15423
1772332518,kamailio,aflnet,1,b_per,1.5
1772332518,kamailio,aflnet,1,b_abs,8695
1772332531,kamailio,aflnet,1,l_per,6.5
1772332531,kamailio,aflnet,1,l_abs,15423
1772332531,kamailio,aflnet,1,b_per,1.5
1772332531,kamailio,aflnet,1,b_abs,8695
1772332535,kamailio,aflnet,1,l_per,6.5
1772332535,kamailio,aflnet,1,l_abs,15423
1772332535,kamailio,aflnet,1,b_per,1.5
1772332535,kamailio,aflnet,1,b_abs,8695
1772332539,kamailio,aflnet,1,l_per,6.5
1772332539,kamailio,aflnet,1,l_abs,15423
1772332539,kamailio,aflnet,1,b_per,1.5
1772332539,kamailio,aflnet,1,b_abs,8695
1772332542,kamailio,aflnet,1,l_per,6.5
1772332542,kamailio,aflnet,1,l_abs,15423
1772332542,kamailio,aflnet,1,b_per,1.5
1772332542,kamailio,aflnet,1,b_abs,8695
1772332549,kamailio,aflnet,1,l_per,6.5
1772332549,kamailio,aflnet,1,l_abs,15426
1772332549,kamailio,aflnet,1,b_per,1.5
1772332549,kamailio,aflnet,1,b_abs,8696
1772332551,kamailio,aflnet,1,l_per,6.5
1772332551,kamailio,aflnet,1,l_abs,15426
1772332551,kamailio,aflnet,1,b_per,1.5
1772332551,kamailio,aflnet,1,b_abs,8696
1772332558,kamailio,aflnet,1,l_per,6.5
1772332558,kamailio,aflnet,1,l_abs,15426
1772332558,kamailio,aflnet,1,b_per,1.5
1772332558,kamailio,aflnet,1,b_abs,8697
1772332563,kamailio,aflnet,1,l_per,6.5
1772332563,kamailio,aflnet,1,l_abs,15426
1772332563,kamailio,aflnet,1,b_per,1.5
1772332563,kamailio,aflnet,1,b_abs,8698
1772332573,kamailio,aflnet,1,l_per,6.5
1772332573,kamailio,aflnet,1,l_abs,15436
1772332573,kamailio,aflnet,1,b_per,1.5
1772332573,kamailio,aflnet,1,b_abs,8710
1772332578,kamailio,aflnet,1,l_per,6.5
1772332578,kamailio,aflnet,1,l_abs,15436
1772332578,kamailio,aflnet,1,b_per,1.5
1772332578,kamailio,aflnet,1,b_abs,8712
1772332584,kamailio,aflnet,1,l_per,6.5
1772332584,kamailio,aflnet,1,l_abs,15437
1772332584,kamailio,aflnet,1,b_per,1.5
1772332584,kamailio,aflnet,1,b_abs,8713
1772332585,kamailio,aflnet,1,l_per,6.5
1772332585,kamailio,aflnet,1,l_abs,15437
1772332585,kamailio,aflnet,1,b_per,1.5
1772332585,kamailio,aflnet,1,b_abs,8713
1772332604,kamailio,aflnet,1,l_per,6.5
1772332604,kamailio,aflnet,1,l_abs,15442
1772332604,kamailio,aflnet,1,b_per,1.5
1772332604,kamailio,aflnet,1,b_abs,8714
1772332611,kamailio,aflnet,1,l_per,6.5
1772332611,kamailio,aflnet,1,l_abs,15450
1772332611,kamailio,aflnet,1,b_per,1.5
1772332611,kamailio,aflnet,1,b_abs,8727
1772332615,kamailio,aflnet,1,l_per,6.5
1772332615,kamailio,aflnet,1,l_abs,15450
1772332615,kamailio,aflnet,1,b_per,1.5
1772332615,kamailio,aflnet,1,b_abs,8727
1772332616,kamailio,aflnet,1,l_per,6.5
1772332616,kamailio,aflnet,1,l_abs,15450
1772332616,kamailio,aflnet,1,b_per,1.5
1772332616,kamailio,aflnet,1,b_abs,8727
1772332620,kamailio,aflnet,1,l_per,6.5
1772332620,kamailio,aflnet,1,l_abs,15450
1772332620,kamailio,aflnet,1,b_per,1.5
1772332620,kamailio,aflnet,1,b_abs,8727
1772332623,kamailio,aflnet,1,l_per,6.5
1772332623,kamailio,aflnet,1,l_abs,15450
1772332623,kamailio,aflnet,1,b_per,1.5
1772332623,kamailio,aflnet,1,b_abs,8728
1772332629,kamailio,aflnet,1,l_per,6.5
1772332629,kamailio,aflnet,1,l_abs,15450
1772332629,kamailio,aflnet,1,b_per,1.5
1772332629,kamailio,aflnet,1,b_abs,8728
1772332633,kamailio,aflnet,1,l_per,6.5
1772332633,kamailio,aflnet,1,l_abs,15454
1772332633,kamailio,aflnet,1,b_per,1.5
1772332633,kamailio,aflnet,1,b_abs,8729
1772332639,kamailio,aflnet,1,l_per,6.5
1772332639,kamailio,aflnet,1,l_abs,15454
1772332639,kamailio,aflnet,1,b_per,1.5
1772332639,kamailio,aflnet,1,b_abs,8729
1772332643,kamailio,aflnet,1,l_per,6.5
1772332643,kamailio,aflnet,1,l_abs,15454
1772332643,kamailio,aflnet,1,b_per,1.5
1772332643,kamailio,aflnet,1,b_abs,8729
1772332651,kamailio,aflnet,1,l_per,6.5
1772332651,kamailio,aflnet,1,l_abs,15454
1772332651,kamailio,aflnet,1,b_per,1.5
1772332651,kamailio,aflnet,1,b_abs,8729
1772332657,kamailio,aflnet,1,l_per,6.5
1772332657,kamailio,aflnet,1,l_abs,15454
1772332657,kamailio,aflnet,1,b_per,1.5
1772332657,kamailio,aflnet,1,b_abs,8729
1772332668,kamailio,aflnet,1,l_per,6.5
1772332668,kamailio,aflnet,1,l_abs,15456
1772332668,kamailio,aflnet,1,b_per,1.5
1772332668,kamailio,aflnet,1,b_abs,8730
1772332672,kamailio,aflnet,1,l_per,6.5
1772332672,kamailio,aflnet,1,l_abs,15456
1772332672,kamailio,aflnet,1,b_per,1.5
1772332672,kamailio,aflnet,1,b_abs,8732
1772332674,kamailio,aflnet,1,l_per,6.5
1772332674,kamailio,aflnet,1,l_abs,15456
1772332674,kamailio,aflnet,1,b_per,1.5
1772332674,kamailio,aflnet,1,b_abs,8734
1772332680,kamailio,aflnet,1,l_per,6.5
1772332680,kamailio,aflnet,1,l_abs,15462
1772332680,kamailio,aflnet,1,b_per,1.5
1772332680,kamailio,aflnet,1,b_abs,8735
1772332692,kamailio,aflnet,1,l_per,6.5
1772332692,kamailio,aflnet,1,l_abs,15465
1772332692,kamailio,aflnet,1,b_per,1.5
1772332692,kamailio,aflnet,1,b_abs,8736
1772332704,kamailio,aflnet,1,l_per,6.5
1772332704,kamailio,aflnet,1,l_abs,15468
1772332704,kamailio,aflnet,1,b_per,1.5
1772332704,kamailio,aflnet,1,b_abs,8738
1772332714,kamailio,aflnet,1,l_per,6.5
1772332714,kamailio,aflnet,1,l_abs,15468
1772332714,kamailio,aflnet,1,b_per,1.5
1772332714,kamailio,aflnet,1,b_abs,8738
1772332716,kamailio,aflnet,1,l_per,6.5
1772332716,kamailio,aflnet,1,l_abs,15468
1772332716,kamailio,aflnet,1,b_per,1.5
1772332716,kamailio,aflnet,1,b_abs,8738
1772332732,kamailio,aflnet,1,l_per,6.5
1772332732,kamailio,aflnet,1,l_abs,15471
1772332732,kamailio,aflnet,1,b_per,1.5
1772332732,kamailio,aflnet,1,b_abs,8747
1772332734,kamailio,aflnet,1,l_per,6.5
1772332734,kamailio,aflnet,1,l_abs,15471
1772332734,kamailio,aflnet,1,b_per,1.5
1772332734,kamailio,aflnet,1,b_abs,8748
1772332738,kamailio,aflnet,1,l_per,6.5
1772332738,kamailio,aflnet,1,l_abs,15475
1772332738,kamailio,aflnet,1,b_per,1.5
1772332738,kamailio,aflnet,1,b_abs,8750
1772332744,kamailio,aflnet,1,l_per,6.5
1772332744,kamailio,aflnet,1,l_abs,15475
1772332744,kamailio,aflnet,1,b_per,1.5
1772332744,kamailio,aflnet,1,b_abs,8752
1772332748,kamailio,aflnet,1,l_per,6.5
1772332748,kamailio,aflnet,1,l_abs,15475
1772332748,kamailio,aflnet,1,b_per,1.5
1772332748,kamailio,aflnet,1,b_abs,8752
1772332754,kamailio,aflnet,1,l_per,6.5
1772332754,kamailio,aflnet,1,l_abs,15475
1772332754,kamailio,aflnet,1,b_per,1.5
1772332754,kamailio,aflnet,1,b_abs,8753
1772332758,kamailio,aflnet,1,l_per,6.5
1772332758,kamailio,aflnet,1,l_abs,15475
1772332758,kamailio,aflnet,1,b_per,1.5
1772332758,kamailio,aflnet,1,b_abs,8753
1772332769,kamailio,aflnet,1,l_per,6.5
1772332769,kamailio,aflnet,1,l_abs,15475
1772332769,kamailio,aflnet,1,b_per,1.5
1772332769,kamailio,aflnet,1,b_abs,8753
1772332780,kamailio,aflnet,1,l_per,6.5
1772332780,kamailio,aflnet,1,l_abs,15475
1772332780,kamailio,aflnet,1,b_per,1.5
1772332780,kamailio,aflnet,1,b_abs,8753
1772332782,kamailio,aflnet,1,l_per,6.5
1772332782,kamailio,aflnet,1,l_abs,15475
1772332782,kamailio,aflnet,1,b_per,1.5
1772332782,kamailio,aflnet,1,b_abs,8753
1772332792,kamailio,aflnet,1,l_per,6.5
1772332792,kamailio,aflnet,1,l_abs,15475
1772332792,kamailio,aflnet,1,b_per,1.5
1772332792,kamailio,aflnet,1,b_abs,8753
1772332796,kamailio,aflnet,1,l_per,6.5
1772332796,kamailio,aflnet,1,l_abs,15475
1772332796,kamailio,aflnet,1,b_per,1.5
1772332796,kamailio,aflnet,1,b_abs,8753
1772332800,kamailio,aflnet,1,l_per,6.5
1772332800,kamailio,aflnet,1,l_abs,15475
1772332800,kamailio,aflnet,1,b_per,1.5
1772332800,kamailio,aflnet,1,b_abs,8753
1772332803,kamailio,aflnet,1,l_per,6.5
1772332803,kamailio,aflnet,1,l_abs,15475
1772332803,kamailio,aflnet,1,b_per,1.5
1772332803,kamailio,aflnet,1,b_abs,8753
1772332809,kamailio,aflnet,1,l_per,6.5
1772332809,kamailio,aflnet,1,l_abs,15475
1772332809,kamailio,aflnet,1,b_per,1.5
1772332809,kamailio,aflnet,1,b_abs,8753
1772332811,kamailio,aflnet,1,l_per,6.5
1772332811,kamailio,aflnet,1,l_abs,15475
1772332811,kamailio,aflnet,1,b_per,1.5
1772332811,kamailio,aflnet,1,b_abs,8753
1772332817,kamailio,aflnet,1,l_per,6.5
1772332817,kamailio,aflnet,1,l_abs,15475
1772332817,kamailio,aflnet,1,b_per,1.5
1772332817,kamailio,aflnet,1,b_abs,8753
1772332820,kamailio,aflnet,1,l_per,6.5
1772332820,kamailio,aflnet,1,l_abs,15475
1772332820,kamailio,aflnet,1,b_per,1.5
1772332820,kamailio,aflnet,1,b_abs,8753
1772332824,kamailio,aflnet,1,l_per,6.5
1772332824,kamailio,aflnet,1,l_abs,15475
1772332824,kamailio,aflnet,1,b_per,1.5
1772332824,kamailio,aflnet,1,b_abs,8753
1772332831,kamailio,aflnet,1,l_per,6.5
1772332831,kamailio,aflnet,1,l_abs,15475
1772332831,kamailio,aflnet,1,b_per,1.5
1772332831,kamailio,aflnet,1,b_abs,8753
1772332840,kamailio,aflnet,1,l_per,6.5
1772332840,kamailio,aflnet,1,l_abs,15475
1772332840,kamailio,aflnet,1,b_per,1.5
1772332840,kamailio,aflnet,1,b_abs,8753
1772332844,kamailio,aflnet,1,l_per,6.5
1772332844,kamailio,aflnet,1,l_abs,15475
1772332844,kamailio,aflnet,1,b_per,1.5
1772332844,kamailio,aflnet,1,b_abs,8753
1772332858,kamailio,aflnet,1,l_per,6.5
1772332858,kamailio,aflnet,1,l_abs,15475
1772332858,kamailio,aflnet,1,b_per,1.5
1772332858,kamailio,aflnet,1,b_abs,8755
1772332875,kamailio,aflnet,1,l_per,6.5
1772332875,kamailio,aflnet,1,l_abs,15475
1772332875,kamailio,aflnet,1,b_per,1.5
1772332875,kamailio,aflnet,1,b_abs,8755
1772332882,kamailio,aflnet,1,l_per,6.5
1772332882,kamailio,aflnet,1,l_abs,15475
1772332882,kamailio,aflnet,1,b_per,1.5
1772332882,kamailio,aflnet,1,b_abs,8755
1772332887,kamailio,aflnet,1,l_per,6.5
1772332887,kamailio,aflnet,1,l_abs,15475
1772332887,kamailio,aflnet,1,b_per,1.5
1772332887,kamailio,aflnet,1,b_abs,8755
1772332895,kamailio,aflnet,1,l_per,6.5
1772332895,kamailio,aflnet,1,l_abs,15477
1772332895,kamailio,aflnet,1,b_per,1.5
1772332895,kamailio,aflnet,1,b_abs,8757
1772332899,kamailio,aflnet,1,l_per,6.5
1772332899,kamailio,aflnet,1,l_abs,15477
1772332899,kamailio,aflnet,1,b_per,1.5
1772332899,kamailio,aflnet,1,b_abs,8757
1772332902,kamailio,aflnet,1,l_per,6.5
1772332902,kamailio,aflnet,1,l_abs,15477
1772332902,kamailio,aflnet,1,b_per,1.5
1772332902,kamailio,aflnet,1,b_abs,8757
1772332909,kamailio,aflnet,1,l_per,6.5
1772332909,kamailio,aflnet,1,l_abs,15479
1772332909,kamailio,aflnet,1,b_per,1.5
1772332909,kamailio,aflnet,1,b_abs,8758
1772332912,kamailio,aflnet,1,l_per,6.5
1772332912,kamailio,aflnet,1,l_abs,15479
1772332912,kamailio,aflnet,1,b_per,1.5
1772332912,kamailio,aflnet,1,b_abs,8758
1772332914,kamailio,aflnet,1,l_per,6.5
1772332914,kamailio,aflnet,1,l_abs,15479
1772332914,kamailio,aflnet,1,b_per,1.5
1772332914,kamailio,aflnet,1,b_abs,8758
1772332920,kamailio,aflnet,1,l_per,6.5
1772332920,kamailio,aflnet,1,l_abs,15492
1772332920,kamailio,aflnet,1,b_per,1.5
1772332920,kamailio,aflnet,1,b_abs,8762
1772332930,kamailio,aflnet,1,l_per,6.5
1772332930,kamailio,aflnet,1,l_abs,15492
1772332930,kamailio,aflnet,1,b_per,1.5
1772332930,kamailio,aflnet,1,b_abs,8762
1772332934,kamailio,aflnet,1,l_per,6.5
1772332934,kamailio,aflnet,1,l_abs,15492
1772332934,kamailio,aflnet,1,b_per,1.5
1772332934,kamailio,aflnet,1,b_abs,8762
1772332937,kamailio,aflnet,1,l_per,6.5
1772332937,kamailio,aflnet,1,l_abs,15492
1772332937,kamailio,aflnet,1,b_per,1.5
1772332937,kamailio,aflnet,1,b_abs,8762
1772332940,kamailio,aflnet,1,l_per,6.5
1772332940,kamailio,aflnet,1,l_abs,15498
1772332940,kamailio,aflnet,1,b_per,1.5
1772332940,kamailio,aflnet,1,b_abs,8764
1772332942,kamailio,aflnet,1,l_per,6.5
1772332942,kamailio,aflnet,1,l_abs,15498
1772332942,kamailio,aflnet,1,b_per,1.5
1772332942,kamailio,aflnet,1,b_abs,8764
1772332944,kamailio,aflnet,1,l_per,6.5
1772332944,kamailio,aflnet,1,l_abs,15498
1772332944,kamailio,aflnet,1,b_per,1.5
1772332944,kamailio,aflnet,1,b_abs,8764
1772332946,kamailio,aflnet,1,l_per,6.5
1772332946,kamailio,aflnet,1,l_abs,15498
1772332946,kamailio,aflnet,1,b_per,1.5
1772332946,kamailio,aflnet,1,b_abs,8764
1772332957,kamailio,aflnet,1,l_per,6.5
1772332957,kamailio,aflnet,1,l_abs,15512
1772332957,kamailio,aflnet,1,b_per,1.5
1772332957,kamailio,aflnet,1,b_abs,8771
1772332961,kamailio,aflnet,1,l_per,6.5
1772332961,kamailio,aflnet,1,l_abs,15518
1772332961,kamailio,aflnet,1,b_per,1.5
1772332961,kamailio,aflnet,1,b_abs,8777
1772332970,kamailio,aflnet,1,l_per,6.5
1772332970,kamailio,aflnet,1,l_abs,15518
1772332970,kamailio,aflnet,1,b_per,1.5
1772332970,kamailio,aflnet,1,b_abs,8777
1772332974,kamailio,aflnet,1,l_per,6.5
1772332974,kamailio,aflnet,1,l_abs,15518
1772332974,kamailio,aflnet,1,b_per,1.5
1772332974,kamailio,aflnet,1,b_abs,8777
1772332976,kamailio,aflnet,1,l_per,6.5
1772332976,kamailio,aflnet,1,l_abs,15518
1772332976,kamailio,aflnet,1,b_per,1.5
1772332976,kamailio,aflnet,1,b_abs,8777
1772332982,kamailio,aflnet,1,l_per,6.5
1772332982,kamailio,aflnet,1,l_abs,15518
1772332982,kamailio,aflnet,1,b_per,1.5
1772332982,kamailio,aflnet,1,b_abs,8777
1772332985,kamailio,aflnet,1,l_per,6.5
1772332985,kamailio,aflnet,1,l_abs,15518
1772332985,kamailio,aflnet,1,b_per,1.5
1772332985,kamailio,aflnet,1,b_abs,8777
1772332990,kamailio,aflnet,1,l_per,6.5
1772332990,kamailio,aflnet,1,l_abs,15518
1772332990,kamailio,aflnet,1,b_per,1.5
1772332990,kamailio,aflnet,1,b_abs,8777
1772332994,kamailio,aflnet,1,l_per,6.5
1772332994,kamailio,aflnet,1,l_abs,15521
1772332994,kamailio,aflnet,1,b_per,1.5
1772332994,kamailio,aflnet,1,b_abs,8787
1772332997,kamailio,aflnet,1,l_per,6.5
1772332997,kamailio,aflnet,1,l_abs,15521
1772332997,kamailio,aflnet,1,b_per,1.5
1772332997,kamailio,aflnet,1,b_abs,8788
1772333004,kamailio,aflnet,1,l_per,6.5
1772333004,kamailio,aflnet,1,l_abs,15521
1772333004,kamailio,aflnet,1,b_per,1.5
1772333004,kamailio,aflnet,1,b_abs,8788
1772333008,kamailio,aflnet,1,l_per,6.6
1772333008,kamailio,aflnet,1,l_abs,15524
1772333008,kamailio,aflnet,1,b_per,1.6
1772333008,kamailio,aflnet,1,b_abs,8797
1772333013,kamailio,aflnet,1,l_per,6.6
1772333013,kamailio,aflnet,1,l_abs,15528
1772333013,kamailio,aflnet,1,b_per,1.6
1772333013,kamailio,aflnet,1,b_abs,8798
1772333015,kamailio,aflnet,1,l_per,6.6
1772333015,kamailio,aflnet,1,l_abs,15528
1772333015,kamailio,aflnet,1,b_per,1.6
1772333015,kamailio,aflnet,1,b_abs,8798
1772333017,kamailio,aflnet,1,l_per,6.6
1772333017,kamailio,aflnet,1,l_abs,15528
1772333017,kamailio,aflnet,1,b_per,1.6
1772333017,kamailio,aflnet,1,b_abs,8798
1772333023,kamailio,aflnet,1,l_per,6.6
1772333023,kamailio,aflnet,1,l_abs,15528
1772333023,kamailio,aflnet,1,b_per,1.6
1772333023,kamailio,aflnet,1,b_abs,8798
1772333026,kamailio,aflnet,1,l_per,6.6
1772333026,kamailio,aflnet,1,l_abs,15528
1772333026,kamailio,aflnet,1,b_per,1.6
1772333026,kamailio,aflnet,1,b_abs,8798
1772333038,kamailio,aflnet,1,l_per,6.6
1772333038,kamailio,aflnet,1,l_abs,15528
1772333038,kamailio,aflnet,1,b_per,1.6
1772333038,kamailio,aflnet,1,b_abs,8798
1772333043,kamailio,aflnet,1,l_per,6.6
1772333043,kamailio,aflnet,1,l_abs,15528
1772333043,kamailio,aflnet,1,b_per,1.6
1772333043,kamailio,aflnet,1,b_abs,8798
1772333045,kamailio,aflnet,1,l_per,6.6
1772333045,kamailio,aflnet,1,l_abs,15528
1772333045,kamailio,aflnet,1,b_per,1.6
1772333045,kamailio,aflnet,1,b_abs,8798
1772333053,kamailio,aflnet,1,l_per,6.6
1772333053,kamailio,aflnet,1,l_abs,15528
1772333053,kamailio,aflnet,1,b_per,1.6
1772333053,kamailio,aflnet,1,b_abs,8798
1772333058,kamailio,aflnet,1,l_per,6.6
1772333058,kamailio,aflnet,1,l_abs,15528
1772333058,kamailio,aflnet,1,b_per,1.6
1772333058,kamailio,aflnet,1,b_abs,8800
1772333061,kamailio,aflnet,1,l_per,6.6
1772333061,kamailio,aflnet,1,l_abs,15528
1772333061,kamailio,aflnet,1,b_per,1.6
1772333061,kamailio,aflnet,1,b_abs,8800
1772333065,kamailio,aflnet,1,l_per,6.6
1772333065,kamailio,aflnet,1,l_abs,15528
1772333065,kamailio,aflnet,1,b_per,1.6
1772333065,kamailio,aflnet,1,b_abs,8800
1772333069,kamailio,aflnet,1,l_per,6.6
1772333069,kamailio,aflnet,1,l_abs,15528
1772333069,kamailio,aflnet,1,b_per,1.6
1772333069,kamailio,aflnet,1,b_abs,8800
1772333071,kamailio,aflnet,1,l_per,6.6
1772333071,kamailio,aflnet,1,l_abs,15528
1772333071,kamailio,aflnet,1,b_per,1.6
1772333071,kamailio,aflnet,1,b_abs,8800
1772333076,kamailio,aflnet,1,l_per,6.6
1772333076,kamailio,aflnet,1,l_abs,15528
1772333076,kamailio,aflnet,1,b_per,1.6
1772333076,kamailio,aflnet,1,b_abs,8800
1772333088,kamailio,aflnet,1,l_per,6.6
1772333088,kamailio,aflnet,1,l_abs,15528
1772333088,kamailio,aflnet,1,b_per,1.6
1772333088,kamailio,aflnet,1,b_abs,8801
1772333094,kamailio,aflnet,1,l_per,6.6
1772333094,kamailio,aflnet,1,l_abs,15528
1772333094,kamailio,aflnet,1,b_per,1.6
1772333094,kamailio,aflnet,1,b_abs,8801
1772333103,kamailio,aflnet,1,l_per,6.6
1772333103,kamailio,aflnet,1,l_abs,15528
1772333103,kamailio,aflnet,1,b_per,1.6
1772333103,kamailio,aflnet,1,b_abs,8801
1772333109,kamailio,aflnet,1,l_per,6.6
1772333109,kamailio,aflnet,1,l_abs,15528
1772333109,kamailio,aflnet,1,b_per,1.6
1772333109,kamailio,aflnet,1,b_abs,8801
1772333111,kamailio,aflnet,1,l_per,6.6
1772333111,kamailio,aflnet,1,l_abs,15530
1772333111,kamailio,aflnet,1,b_per,1.6
1772333111,kamailio,aflnet,1,b_abs,8803
1772333114,kamailio,aflnet,1,l_per,6.6
1772333114,kamailio,aflnet,1,l_abs,15530
1772333114,kamailio,aflnet,1,b_per,1.6
1772333114,kamailio,aflnet,1,b_abs,8803
1772333118,kamailio,aflnet,1,l_per,6.6
1772333118,kamailio,aflnet,1,l_abs,15530
1772333118,kamailio,aflnet,1,b_per,1.6
1772333118,kamailio,aflnet,1,b_abs,8805
1772333124,kamailio,aflnet,1,l_per,6.6
1772333124,kamailio,aflnet,1,l_abs,15530
1772333124,kamailio,aflnet,1,b_per,1.6
1772333124,kamailio,aflnet,1,b_abs,8805
1772333136,kamailio,aflnet,1,l_per,6.6
1772333136,kamailio,aflnet,1,l_abs,15536
1772333136,kamailio,aflnet,1,b_per,1.6
1772333136,kamailio,aflnet,1,b_abs,8806
1772333144,kamailio,aflnet,1,l_per,6.6
1772333144,kamailio,aflnet,1,l_abs,15536
1772333144,kamailio,aflnet,1,b_per,1.6
1772333144,kamailio,aflnet,1,b_abs,8806
1772333149,kamailio,aflnet,1,l_per,6.6
1772333149,kamailio,aflnet,1,l_abs,15536
1772333149,kamailio,aflnet,1,b_per,1.6
1772333149,kamailio,aflnet,1,b_abs,8806
1772333164,kamailio,aflnet,1,l_per,6.6
1772333164,kamailio,aflnet,1,l_abs,15536
1772333164,kamailio,aflnet,1,b_per,1.6
1772333164,kamailio,aflnet,1,b_abs,8806
1772333167,kamailio,aflnet,1,l_per,6.6
1772333167,kamailio,aflnet,1,l_abs,15539
1772333167,kamailio,aflnet,1,b_per,1.6
1772333167,kamailio,aflnet,1,b_abs,8816
1772333175,kamailio,aflnet,1,l_per,6.6
1772333175,kamailio,aflnet,1,l_abs,15539
1772333175,kamailio,aflnet,1,b_per,1.6
1772333175,kamailio,aflnet,1,b_abs,8816
1772333178,kamailio,aflnet,1,l_per,6.6
1772333178,kamailio,aflnet,1,l_abs,15539
1772333178,kamailio,aflnet,1,b_per,1.6
1772333178,kamailio,aflnet,1,b_abs,8816
1772333188,kamailio,aflnet,1,l_per,6.6
1772333188,kamailio,aflnet,1,l_abs,15539
1772333188,kamailio,aflnet,1,b_per,1.6
1772333188,kamailio,aflnet,1,b_abs,8818
1772333191,kamailio,aflnet,1,l_per,6.6
1772333191,kamailio,aflnet,1,l_abs,15539
1772333191,kamailio,aflnet,1,b_per,1.6
1772333191,kamailio,aflnet,1,b_abs,8818
1772333197,kamailio,aflnet,1,l_per,6.6
1772333197,kamailio,aflnet,1,l_abs,15539
1772333197,kamailio,aflnet,1,b_per,1.6
1772333197,kamailio,aflnet,1,b_abs,8818
1772333199,kamailio,aflnet,1,l_per,6.6
1772333199,kamailio,aflnet,1,l_abs,15539
1772333199,kamailio,aflnet,1,b_per,1.6
1772333199,kamailio,aflnet,1,b_abs,8818
1772333201,kamailio,aflnet,1,l_per,6.6
1772333201,kamailio,aflnet,1,l_abs,15539
1772333201,kamailio,aflnet,1,b_per,1.6
1772333201,kamailio,aflnet,1,b_abs,8818
1772333209,kamailio,aflnet,1,l_per,6.6
1772333209,kamailio,aflnet,1,l_abs,15539
1772333209,kamailio,aflnet,1,b_per,1.6
1772333209,kamailio,aflnet,1,b_abs,8818
1772333214,kamailio,aflnet,1,l_per,6.6
1772333214,kamailio,aflnet,1,l_abs,15539
1772333214,kamailio,aflnet,1,b_per,1.6
1772333214,kamailio,aflnet,1,b_abs,8818
1772333219,kamailio,aflnet,1,l_per,6.6
1772333219,kamailio,aflnet,1,l_abs,15539
1772333219,kamailio,aflnet,1,b_per,1.6
1772333219,kamailio,aflnet,1,b_abs,8818
1772333226,kamailio,aflnet,1,l_per,6.6
1772333226,kamailio,aflnet,1,l_abs,15539
1772333226,kamailio,aflnet,1,b_per,1.6
1772333226,kamailio,aflnet,1,b_abs,8818
1772333228,kamailio,aflnet,1,l_per,6.6
1772333228,kamailio,aflnet,1,l_abs,15539
1772333228,kamailio,aflnet,1,b_per,1.6
1772333228,kamailio,aflnet,1,b_abs,8818
1772333241,kamailio,aflnet,1,l_per,6.6
1772333241,kamailio,aflnet,1,l_abs,15539
1772333241,kamailio,aflnet,1,b_per,1.6
1772333241,kamailio,aflnet,1,b_abs,8818
1772333245,kamailio,aflnet,1,l_per,6.6
1772333245,kamailio,aflnet,1,l_abs,15541
1772333245,kamailio,aflnet,1,b_per,1.6
1772333245,kamailio,aflnet,1,b_abs,8819
1772333252,kamailio,aflnet,1,l_per,6.6
1772333252,kamailio,aflnet,1,l_abs,15541
1772333252,kamailio,aflnet,1,b_per,1.6
1772333252,kamailio,aflnet,1,b_abs,8819
1772333256,kamailio,aflnet,1,l_per,6.6
1772333256,kamailio,aflnet,1,l_abs,15541
1772333256,kamailio,aflnet,1,b_per,1.6
1772333256,kamailio,aflnet,1,b_abs,8819
1772333258,kamailio,aflnet,1,l_per,6.6
1772333258,kamailio,aflnet,1,l_abs,15541
1772333258,kamailio,aflnet,1,b_per,1.6
1772333258,kamailio,aflnet,1,b_abs,8819
1772333273,kamailio,aflnet,1,l_per,6.6
1772333273,kamailio,aflnet,1,l_abs,15541
1772333273,kamailio,aflnet,1,b_per,1.6
1772333273,kamailio,aflnet,1,b_abs,8819
1772333281,kamailio,aflnet,1,l_per,6.6
1772333281,kamailio,aflnet,1,l_abs,15541
1772333281,kamailio,aflnet,1,b_per,1.6
1772333281,kamailio,aflnet,1,b_abs,8819
1772333286,kamailio,aflnet,1,l_per,6.6
1772333286,kamailio,aflnet,1,l_abs,15541
1772333286,kamailio,aflnet,1,b_per,1.6
1772333286,kamailio,aflnet,1,b_abs,8819
1772333290,kamailio,aflnet,1,l_per,6.6
1772333290,kamailio,aflnet,1,l_abs,15546
1772333290,kamailio,aflnet,1,b_per,1.6
1772333290,kamailio,aflnet,1,b_abs,8821
1772333293,kamailio,aflnet,1,l_per,6.6
1772333293,kamailio,aflnet,1,l_abs,15546
1772333293,kamailio,aflnet,1,b_per,1.6
1772333293,kamailio,aflnet,1,b_abs,8821
1772333301,kamailio,aflnet,1,l_per,6.6
1772333301,kamailio,aflnet,1,l_abs,15546
1772333301,kamailio,aflnet,1,b_per,1.6
1772333301,kamailio,aflnet,1,b_abs,8821
1772333314,kamailio,aflnet,1,l_per,6.6
1772333314,kamailio,aflnet,1,l_abs,15546
1772333314,kamailio,aflnet,1,b_per,1.6
1772333314,kamailio,aflnet,1,b_abs,8821
1772333316,kamailio,aflnet,1,l_per,6.6
1772333316,kamailio,aflnet,1,l_abs,15546
1772333316,kamailio,aflnet,1,b_per,1.6
1772333316,kamailio,aflnet,1,b_abs,8821
1772333319,kamailio,aflnet,1,l_per,6.6
1772333319,kamailio,aflnet,1,l_abs,15546
1772333319,kamailio,aflnet,1,b_per,1.6
1772333319,kamailio,aflnet,1,b_abs,8821
1772333321,kamailio,aflnet,1,l_per,6.6
1772333321,kamailio,aflnet,1,l_abs,15546
1772333321,kamailio,aflnet,1,b_per,1.6
1772333321,kamailio,aflnet,1,b_abs,8821
1772333324,kamailio,aflnet,1,l_per,6.6
1772333324,kamailio,aflnet,1,l_abs,15548
1772333324,kamailio,aflnet,1,b_per,1.6
1772333324,kamailio,aflnet,1,b_abs,8822
1772333329,kamailio,aflnet,1,l_per,6.6
1772333329,kamailio,aflnet,1,l_abs,15548
1772333329,kamailio,aflnet,1,b_per,1.6
1772333329,kamailio,aflnet,1,b_abs,8822
1772333332,kamailio,aflnet,1,l_per,6.6
1772333332,kamailio,aflnet,1,l_abs,15548
1772333332,kamailio,aflnet,1,b_per,1.6
1772333332,kamailio,aflnet,1,b_abs,8822
1772333341,kamailio,aflnet,1,l_per,6.6
1772333341,kamailio,aflnet,1,l_abs,15553
1772333341,kamailio,aflnet,1,b_per,1.6
1772333341,kamailio,aflnet,1,b_abs,8823
1772333343,kamailio,aflnet,1,l_per,6.6
1772333343,kamailio,aflnet,1,l_abs,15553
1772333343,kamailio,aflnet,1,b_per,1.6
1772333343,kamailio,aflnet,1,b_abs,8823
1772333354,kamailio,aflnet,1,l_per,6.6
1772333354,kamailio,aflnet,1,l_abs,15553
1772333354,kamailio,aflnet,1,b_per,1.6
1772333354,kamailio,aflnet,1,b_abs,8823
1772333357,kamailio,aflnet,1,l_per,6.6
1772333357,kamailio,aflnet,1,l_abs,15553
1772333357,kamailio,aflnet,1,b_per,1.6
1772333357,kamailio,aflnet,1,b_abs,8823
1772333359,kamailio,aflnet,1,l_per,6.6
1772333359,kamailio,aflnet,1,l_abs,15553
1772333359,kamailio,aflnet,1,b_per,1.6
1772333359,kamailio,aflnet,1,b_abs,8823
1772333363,kamailio,aflnet,1,l_per,6.6
1772333363,kamailio,aflnet,1,l_abs,15556
1772333363,kamailio,aflnet,1,b_per,1.6
1772333363,kamailio,aflnet,1,b_abs,8824
1772333365,kamailio,aflnet,1,l_per,6.6
1772333365,kamailio,aflnet,1,l_abs,15556
1772333365,kamailio,aflnet,1,b_per,1.6
1772333365,kamailio,aflnet,1,b_abs,8824
1772333369,kamailio,aflnet,1,l_per,6.6
1772333369,kamailio,aflnet,1,l_abs,15556
1772333369,kamailio,aflnet,1,b_per,1.6
1772333369,kamailio,aflnet,1,b_abs,8824
1772333373,kamailio,aflnet,1,l_per,6.6
1772333373,kamailio,aflnet,1,l_abs,15559
1772333373,kamailio,aflnet,1,b_per,1.6
1772333373,kamailio,aflnet,1,b_abs,8827
1772333377,kamailio,aflnet,1,l_per,6.6
1772333377,kamailio,aflnet,1,l_abs,15559
1772333377,kamailio,aflnet,1,b_per,1.6
1772333377,kamailio,aflnet,1,b_abs,8827
1772333381,kamailio,aflnet,1,l_per,6.6
1772333381,kamailio,aflnet,1,l_abs,15563
1772333381,kamailio,aflnet,1,b_per,1.6
1772333381,kamailio,aflnet,1,b_abs,8828
1772333405,kamailio,aflnet,1,l_per,6.6
1772333405,kamailio,aflnet,1,l_abs,15563
1772333405,kamailio,aflnet,1,b_per,1.6
1772333405,kamailio,aflnet,1,b_abs,8828
1772333413,kamailio,aflnet,1,l_per,6.6
1772333413,kamailio,aflnet,1,l_abs,15563
1772333413,kamailio,aflnet,1,b_per,1.6
1772333413,kamailio,aflnet,1,b_abs,8830
1772333422,kamailio,aflnet,1,l_per,6.6
1772333422,kamailio,aflnet,1,l_abs,15563
1772333422,kamailio,aflnet,1,b_per,1.6
1772333422,kamailio,aflnet,1,b_abs,8830
1772333426,kamailio,aflnet,1,l_per,6.6
1772333426,kamailio,aflnet,1,l_abs,15563
1772333426,kamailio,aflnet,1,b_per,1.6
1772333426,kamailio,aflnet,1,b_abs,8830
1772333429,kamailio,aflnet,1,l_per,6.6
1772333429,kamailio,aflnet,1,l_abs,15563
1772333429,kamailio,aflnet,1,b_per,1.6
1772333429,kamailio,aflnet,1,b_abs,8830
1772333431,kamailio,aflnet,1,l_per,6.6
1772333431,kamailio,aflnet,1,l_abs,15568
1772333431,kamailio,aflnet,1,b_per,1.6
1772333431,kamailio,aflnet,1,b_abs,8840
1772333440,kamailio,aflnet,1,l_per,6.6
1772333440,kamailio,aflnet,1,l_abs,15568
1772333440,kamailio,aflnet,1,b_per,1.6
1772333440,kamailio,aflnet,1,b_abs,8841
1772333445,kamailio,aflnet,1,l_per,6.6
1772333445,kamailio,aflnet,1,l_abs,15568
1772333445,kamailio,aflnet,1,b_per,1.6
1772333445,kamailio,aflnet,1,b_abs,8842
1772333454,kamailio,aflnet,1,l_per,6.6
1772333454,kamailio,aflnet,1,l_abs,15568
1772333454,kamailio,aflnet,1,b_per,1.6
1772333454,kamailio,aflnet,1,b_abs,8842
1772333459,kamailio,aflnet,1,l_per,6.6
1772333459,kamailio,aflnet,1,l_abs,15576
1772333459,kamailio,aflnet,1,b_per,1.6
1772333459,kamailio,aflnet,1,b_abs,8844
1772333464,kamailio,aflnet,1,l_per,6.6
1772333464,kamailio,aflnet,1,l_abs,15576
1772333464,kamailio,aflnet,1,b_per,1.6
1772333464,kamailio,aflnet,1,b_abs,8844
1772333468,kamailio,aflnet,1,l_per,6.6
1772333468,kamailio,aflnet,1,l_abs,15576
1772333468,kamailio,aflnet,1,b_per,1.6
1772333468,kamailio,aflnet,1,b_abs,8844
1772333473,kamailio,aflnet,1,l_per,6.6
1772333473,kamailio,aflnet,1,l_abs,15576
1772333473,kamailio,aflnet,1,b_per,1.6
1772333473,kamailio,aflnet,1,b_abs,8844
1772333475,kamailio,aflnet,1,l_per,6.6
1772333475,kamailio,aflnet,1,l_abs,15576
1772333475,kamailio,aflnet,1,b_per,1.6
1772333475,kamailio,aflnet,1,b_abs,8844
1772333495,kamailio,aflnet,1,l_per,6.6
1772333495,kamailio,aflnet,1,l_abs,15576
1772333495,kamailio,aflnet,1,b_per,1.6
1772333495,kamailio,aflnet,1,b_abs,8844
1772333500,kamailio,aflnet,1,l_per,6.6
1772333500,kamailio,aflnet,1,l_abs,15576
1772333500,kamailio,aflnet,1,b_per,1.6
1772333500,kamailio,aflnet,1,b_abs,8844
1772333504,kamailio,aflnet,1,l_per,6.6
1772333504,kamailio,aflnet,1,l_abs,15576
1772333504,kamailio,aflnet,1,b_per,1.6
1772333504,kamailio,aflnet,1,b_abs,8844
1772333506,kamailio,aflnet,1,l_per,6.6
1772333506,kamailio,aflnet,1,l_abs,15576
1772333506,kamailio,aflnet,1,b_per,1.6
1772333506,kamailio,aflnet,1,b_abs,8844
1772333515,kamailio,aflnet,1,l_per,6.6
1772333515,kamailio,aflnet,1,l_abs,15576
1772333515,kamailio,aflnet,1,b_per,1.6
1772333515,kamailio,aflnet,1,b_abs,8844
1772333518,kamailio,aflnet,1,l_per,6.6
1772333518,kamailio,aflnet,1,l_abs,15576
1772333518,kamailio,aflnet,1,b_per,1.6
1772333518,kamailio,aflnet,1,b_abs,8844
1772333529,kamailio,aflnet,1,l_per,6.6
1772333529,kamailio,aflnet,1,l_abs,15576
1772333529,kamailio,aflnet,1,b_per,1.6
1772333529,kamailio,aflnet,1,b_abs,8844
1772333537,kamailio,aflnet,1,l_per,6.6
1772333537,kamailio,aflnet,1,l_abs,15576
1772333537,kamailio,aflnet,1,b_per,1.6
1772333537,kamailio,aflnet,1,b_abs,8844
1772333557,kamailio,aflnet,1,l_per,6.6
1772333557,kamailio,aflnet,1,l_abs,15576
1772333557,kamailio,aflnet,1,b_per,1.6
1772333557,kamailio,aflnet,1,b_abs,8844
1772333566,kamailio,aflnet,1,l_per,6.6
1772333566,kamailio,aflnet,1,l_abs,15576
1772333566,kamailio,aflnet,1,b_per,1.6
1772333566,kamailio,aflnet,1,b_abs,8845
1772333581,kamailio,aflnet,1,l_per,6.6
1772333581,kamailio,aflnet,1,l_abs,15576
1772333581,kamailio,aflnet,1,b_per,1.6
1772333581,kamailio,aflnet,1,b_abs,8845
1772333592,kamailio,aflnet,1,l_per,6.6
1772333592,kamailio,aflnet,1,l_abs,15576
1772333592,kamailio,aflnet,1,b_per,1.6
1772333592,kamailio,aflnet,1,b_abs,8845
1772333607,kamailio,aflnet,1,l_per,6.6
1772333607,kamailio,aflnet,1,l_abs,15576
1772333607,kamailio,aflnet,1,b_per,1.6
1772333607,kamailio,aflnet,1,b_abs,8845
1772333617,kamailio,aflnet,1,l_per,6.6
1772333617,kamailio,aflnet,1,l_abs,15576
1772333617,kamailio,aflnet,1,b_per,1.6
1772333617,kamailio,aflnet,1,b_abs,8845
1772333619,kamailio,aflnet,1,l_per,6.6
1772333619,kamailio,aflnet,1,l_abs,15576
1772333619,kamailio,aflnet,1,b_per,1.6
1772333619,kamailio,aflnet,1,b_abs,8845
1772333631,kamailio,aflnet,1,l_per,6.6
1772333631,kamailio,aflnet,1,l_abs,15576
1772333631,kamailio,aflnet,1,b_per,1.6
1772333631,kamailio,aflnet,1,b_abs,8845
1772333633,kamailio,aflnet,1,l_per,6.6
1772333633,kamailio,aflnet,1,l_abs,15576
1772333633,kamailio,aflnet,1,b_per,1.6
1772333633,kamailio,aflnet,1,b_abs,8845
1772333640,kamailio,aflnet,1,l_per,6.6
1772333640,kamailio,aflnet,1,l_abs,15576
1772333640,kamailio,aflnet,1,b_per,1.6
1772333640,kamailio,aflnet,1,b_abs,8845
1772333646,kamailio,aflnet,1,l_per,6.6
1772333646,kamailio,aflnet,1,l_abs,15576
1772333646,kamailio,aflnet,1,b_per,1.6
1772333646,kamailio,aflnet,1,b_abs,8847
1772333649,kamailio,aflnet,1,l_per,6.6
1772333649,kamailio,aflnet,1,l_abs,15576
1772333649,kamailio,aflnet,1,b_per,1.6
1772333649,kamailio,aflnet,1,b_abs,8847
1772333651,kamailio,aflnet,1,l_per,6.6
1772333651,kamailio,aflnet,1,l_abs,15576
1772333651,kamailio,aflnet,1,b_per,1.6
1772333651,kamailio,aflnet,1,b_abs,8847
1772333656,kamailio,aflnet,1,l_per,6.6
1772333656,kamailio,aflnet,1,l_abs,15576
1772333656,kamailio,aflnet,1,b_per,1.6
1772333656,kamailio,aflnet,1,b_abs,8847
1772333659,kamailio,aflnet,1,l_per,6.6
1772333659,kamailio,aflnet,1,l_abs,15576
1772333659,kamailio,aflnet,1,b_per,1.6
1772333659,kamailio,aflnet,1,b_abs,8847
1772333667,kamailio,aflnet,1,l_per,6.6
1772333667,kamailio,aflnet,1,l_abs,15576
1772333667,kamailio,aflnet,1,b_per,1.6
1772333667,kamailio,aflnet,1,b_abs,8848
1772333687,kamailio,aflnet,1,l_per,6.6
1772333687,kamailio,aflnet,1,l_abs,15576
1772333687,kamailio,aflnet,1,b_per,1.6
1772333687,kamailio,aflnet,1,b_abs,8849
1772333688,kamailio,aflnet,1,l_per,6.6
1772333688,kamailio,aflnet,1,l_abs,15576
1772333688,kamailio,aflnet,1,b_per,1.6
1772333688,kamailio,aflnet,1,b_abs,8849
1772333695,kamailio,aflnet,1,l_per,6.6
1772333695,kamailio,aflnet,1,l_abs,15576
1772333695,kamailio,aflnet,1,b_per,1.6
1772333695,kamailio,aflnet,1,b_abs,8849
1772333698,kamailio,aflnet,1,l_per,6.6
1772333698,kamailio,aflnet,1,l_abs,15576
1772333698,kamailio,aflnet,1,b_per,1.6
1772333698,kamailio,aflnet,1,b_abs,8849
1772333704,kamailio,aflnet,1,l_per,6.6
1772333704,kamailio,aflnet,1,l_abs,15576
1772333704,kamailio,aflnet,1,b_per,1.6
1772333704,kamailio,aflnet,1,b_abs,8853
1772333724,kamailio,aflnet,1,l_per,6.6
1772333724,kamailio,aflnet,1,l_abs,15576
1772333724,kamailio,aflnet,1,b_per,1.6
1772333724,kamailio,aflnet,1,b_abs,8853
1772333735,kamailio,aflnet,1,l_per,6.6
1772333735,kamailio,aflnet,1,l_abs,15576
1772333735,kamailio,aflnet,1,b_per,1.6
1772333735,kamailio,aflnet,1,b_abs,8854
1772333745,kamailio,aflnet,1,l_per,6.6
1772333745,kamailio,aflnet,1,l_abs,15576
1772333745,kamailio,aflnet,1,b_per,1.6
1772333745,kamailio,aflnet,1,b_abs,8854
1772333756,kamailio,aflnet,1,l_per,6.6
1772333756,kamailio,aflnet,1,l_abs,15576
1772333756,kamailio,aflnet,1,b_per,1.6
1772333756,kamailio,aflnet,1,b_abs,8854
1772333768,kamailio,aflnet,1,l_per,6.6
1772333768,kamailio,aflnet,1,l_abs,15576
1772333768,kamailio,aflnet,1,b_per,1.6
1772333768,kamailio,aflnet,1,b_abs,8855
1772333774,kamailio,aflnet,1,l_per,6.6
1772333774,kamailio,aflnet,1,l_abs,15576
1772333774,kamailio,aflnet,1,b_per,1.6
1772333774,kamailio,aflnet,1,b_abs,8855
1772333779,kamailio,aflnet,1,l_per,6.6
1772333779,kamailio,aflnet,1,l_abs,15576
1772333779,kamailio,aflnet,1,b_per,1.6
1772333779,kamailio,aflnet,1,b_abs,8856
1772333808,kamailio,aflnet,1,l_per,6.6
1772333808,kamailio,aflnet,1,l_abs,15576
1772333808,kamailio,aflnet,1,b_per,1.6
1772333808,kamailio,aflnet,1,b_abs,8856
1772333811,kamailio,aflnet,1,l_per,6.6
1772333811,kamailio,aflnet,1,l_abs,15576
1772333811,kamailio,aflnet,1,b_per,1.6
1772333811,kamailio,aflnet,1,b_abs,8857
1772333814,kamailio,aflnet,1,l_per,6.6
1772333814,kamailio,aflnet,1,l_abs,15576
1772333814,kamailio,aflnet,1,b_per,1.6
1772333814,kamailio,aflnet,1,b_abs,8857
1772333817,kamailio,aflnet,1,l_per,6.6
1772333817,kamailio,aflnet,1,l_abs,15576
1772333817,kamailio,aflnet,1,b_per,1.6
1772333817,kamailio,aflnet,1,b_abs,8857
1772333825,kamailio,aflnet,1,l_per,6.6
1772333825,kamailio,aflnet,1,l_abs,15576
1772333825,kamailio,aflnet,1,b_per,1.6
1772333825,kamailio,aflnet,1,b_abs,8859
1772333827,kamailio,aflnet,1,l_per,6.6
1772333827,kamailio,aflnet,1,l_abs,15576
1772333827,kamailio,aflnet,1,b_per,1.6
1772333827,kamailio,aflnet,1,b_abs,8859
1772333829,kamailio,aflnet,1,l_per,6.6
1772333829,kamailio,aflnet,1,l_abs,15576
1772333829,kamailio,aflnet,1,b_per,1.6
1772333829,kamailio,aflnet,1,b_abs,8861
1772333834,kamailio,aflnet,1,l_per,6.6
1772333834,kamailio,aflnet,1,l_abs,15576
1772333834,kamailio,aflnet,1,b_per,1.6
1772333834,kamailio,aflnet,1,b_abs,8863
1772333837,kamailio,aflnet,1,l_per,6.6
1772333837,kamailio,aflnet,1,l_abs,15576
1772333837,kamailio,aflnet,1,b_per,1.6
1772333837,kamailio,aflnet,1,b_abs,8863
1772333844,kamailio,aflnet,1,l_per,6.6
1772333844,kamailio,aflnet,1,l_abs,15576
1772333844,kamailio,aflnet,1,b_per,1.6
1772333844,kamailio,aflnet,1,b_abs,8863
1772333846,kamailio,aflnet,1,l_per,6.6
1772333846,kamailio,aflnet,1,l_abs,15576
1772333846,kamailio,aflnet,1,b_per,1.6
1772333846,kamailio,aflnet,1,b_abs,8863
1772333849,kamailio,aflnet,1,l_per,6.6
1772333849,kamailio,aflnet,1,l_abs,15576
1772333849,kamailio,aflnet,1,b_per,1.6
1772333849,kamailio,aflnet,1,b_abs,8863
1772333859,kamailio,aflnet,1,l_per,6.6
1772333859,kamailio,aflnet,1,l_abs,15576
1772333859,kamailio,aflnet,1,b_per,1.6
1772333859,kamailio,aflnet,1,b_abs,8863
1772333865,kamailio,aflnet,1,l_per,6.6
1772333865,kamailio,aflnet,1,l_abs,15576
1772333865,kamailio,aflnet,1,b_per,1.6
1772333865,kamailio,aflnet,1,b_abs,8863
1772333870,kamailio,aflnet,1,l_per,6.6
1772333870,kamailio,aflnet,1,l_abs,15579
1772333870,kamailio,aflnet,1,b_per,1.6
1772333870,kamailio,aflnet,1,b_abs,8864
1772333876,kamailio,aflnet,1,l_per,6.6
1772333876,kamailio,aflnet,1,l_abs,15579
1772333876,kamailio,aflnet,1,b_per,1.6
1772333876,kamailio,aflnet,1,b_abs,8864
1772333880,kamailio,aflnet,1,l_per,6.6
1772333880,kamailio,aflnet,1,l_abs,15579
1772333880,kamailio,aflnet,1,b_per,1.6
1772333880,kamailio,aflnet,1,b_abs,8864
1772333885,kamailio,aflnet,1,l_per,6.6
1772333885,kamailio,aflnet,1,l_abs,15579
1772333885,kamailio,aflnet,1,b_per,1.6
1772333885,kamailio,aflnet,1,b_abs,8865
1772333889,kamailio,aflnet,1,l_per,6.6
1772333889,kamailio,aflnet,1,l_abs,15581
1772333889,kamailio,aflnet,1,b_per,1.6
1772333889,kamailio,aflnet,1,b_abs,8874
1772333897,kamailio,aflnet,1,l_per,6.6
1772333897,kamailio,aflnet,1,l_abs,15586
1772333897,kamailio,aflnet,1,b_per,1.6
1772333897,kamailio,aflnet,1,b_abs,8876
1772333920,kamailio,aflnet,1,l_per,6.6
1772333920,kamailio,aflnet,1,l_abs,15586
1772333920,kamailio,aflnet,1,b_per,1.6
1772333920,kamailio,aflnet,1,b_abs,8876
1772333930,kamailio,aflnet,1,l_per,6.6
1772333930,kamailio,aflnet,1,l_abs,15586
1772333930,kamailio,aflnet,1,b_per,1.6
1772333930,kamailio,aflnet,1,b_abs,8877
1772333933,kamailio,aflnet,1,l_per,6.6
1772333933,kamailio,aflnet,1,l_abs,15586
1772333933,kamailio,aflnet,1,b_per,1.6
1772333933,kamailio,aflnet,1,b_abs,8877
1772333936,kamailio,aflnet,1,l_per,6.6
1772333936,kamailio,aflnet,1,l_abs,15586
1772333936,kamailio,aflnet,1,b_per,1.6
1772333936,kamailio,aflnet,1,b_abs,8877
1772333941,kamailio,aflnet,1,l_per,6.6
1772333941,kamailio,aflnet,1,l_abs,15586
1772333941,kamailio,aflnet,1,b_per,1.6
1772333941,kamailio,aflnet,1,b_abs,8879
1772333956,kamailio,aflnet,1,l_per,6.6
1772333956,kamailio,aflnet,1,l_abs,15586
1772333956,kamailio,aflnet,1,b_per,1.6
1772333956,kamailio,aflnet,1,b_abs,8879
1772333957,kamailio,aflnet,1,l_per,6.6
1772333957,kamailio,aflnet,1,l_abs,15586
1772333957,kamailio,aflnet,1,b_per,1.6
1772333957,kamailio,aflnet,1,b_abs,8879
1772333960,kamailio,aflnet,1,l_per,6.6
1772333960,kamailio,aflnet,1,l_abs,15586
1772333960,kamailio,aflnet,1,b_per,1.6
1772333960,kamailio,aflnet,1,b_abs,8879
1772333963,kamailio,aflnet,1,l_per,6.6
1772333963,kamailio,aflnet,1,l_abs,15586
1772333963,kamailio,aflnet,1,b_per,1.6
1772333963,kamailio,aflnet,1,b_abs,8879
1772333966,kamailio,aflnet,1,l_per,6.6
1772333966,kamailio,aflnet,1,l_abs,15586
1772333966,kamailio,aflnet,1,b_per,1.6
1772333966,kamailio,aflnet,1,b_abs,8879
1772333968,kamailio,aflnet,1,l_per,6.6
1772333968,kamailio,aflnet,1,l_abs,15586
1772333968,kamailio,aflnet,1,b_per,1.6
1772333968,kamailio,aflnet,1,b_abs,8879
1772333972,kamailio,aflnet,1,l_per,6.6
1772333972,kamailio,aflnet,1,l_abs,15586
1772333972,kamailio,aflnet,1,b_per,1.6
1772333972,kamailio,aflnet,1,b_abs,8879
1772333989,kamailio,aflnet,1,l_per,6.6
1772333989,kamailio,aflnet,1,l_abs,15586
1772333989,kamailio,aflnet,1,b_per,1.6
1772333989,kamailio,aflnet,1,b_abs,8879
1772333992,kamailio,aflnet,1,l_per,6.6
1772333992,kamailio,aflnet,1,l_abs,15586
1772333992,kamailio,aflnet,1,b_per,1.6
1772333992,kamailio,aflnet,1,b_abs,8879
1772333995,kamailio,aflnet,1,l_per,6.6
1772333995,kamailio,aflnet,1,l_abs,15586
1772333995,kamailio,aflnet,1,b_per,1.6
1772333995,kamailio,aflnet,1,b_abs,8879
1772334001,kamailio,aflnet,1,l_per,6.6
1772334001,kamailio,aflnet,1,l_abs,15586
1772334001,kamailio,aflnet,1,b_per,1.6
1772334001,kamailio,aflnet,1,b_abs,8879
1772334004,kamailio,aflnet,1,l_per,6.6
1772334004,kamailio,aflnet,1,l_abs,15586
1772334004,kamailio,aflnet,1,b_per,1.6
1772334004,kamailio,aflnet,1,b_abs,8879
1772334008,kamailio,aflnet,1,l_per,6.6
1772334008,kamailio,aflnet,1,l_abs,15586
1772334008,kamailio,aflnet,1,b_per,1.6
1772334008,kamailio,aflnet,1,b_abs,8881
1772334012,kamailio,aflnet,1,l_per,6.6
1772334012,kamailio,aflnet,1,l_abs,15586
1772334012,kamailio,aflnet,1,b_per,1.6
1772334012,kamailio,aflnet,1,b_abs,8881
1772334015,kamailio,aflnet,1,l_per,6.6
1772334015,kamailio,aflnet,1,l_abs,15586
1772334015,kamailio,aflnet,1,b_per,1.6
1772334015,kamailio,aflnet,1,b_abs,8881
1772334021,kamailio,aflnet,1,l_per,6.6
1772334021,kamailio,aflnet,1,l_abs,15620
1772334021,kamailio,aflnet,1,b_per,1.6
1772334021,kamailio,aflnet,1,b_abs,8905
1772334024,kamailio,aflnet,1,l_per,6.6
1772334024,kamailio,aflnet,1,l_abs,15620
1772334024,kamailio,aflnet,1,b_per,1.6
1772334024,kamailio,aflnet,1,b_abs,8907
1772334029,kamailio,aflnet,1,l_per,6.6
1772334029,kamailio,aflnet,1,l_abs,15620
1772334029,kamailio,aflnet,1,b_per,1.6
1772334029,kamailio,aflnet,1,b_abs,8907
1772334031,kamailio,aflnet,1,l_per,6.6
1772334031,kamailio,aflnet,1,l_abs,15620
1772334031,kamailio,aflnet,1,b_per,1.6
1772334031,kamailio,aflnet,1,b_abs,8907
1772334039,kamailio,aflnet,1,l_per,6.6
1772334039,kamailio,aflnet,1,l_abs,15620
1772334039,kamailio,aflnet,1,b_per,1.6
1772334039,kamailio,aflnet,1,b_abs,8908
1772334051,kamailio,aflnet,1,l_per,6.6
1772334051,kamailio,aflnet,1,l_abs,15627
1772334051,kamailio,aflnet,1,b_per,1.6
1772334051,kamailio,aflnet,1,b_abs,8912
1772334054,kamailio,aflnet,1,l_per,6.6
1772334054,kamailio,aflnet,1,l_abs,15627
1772334054,kamailio,aflnet,1,b_per,1.6
1772334054,kamailio,aflnet,1,b_abs,8912
1772334069,kamailio,aflnet,1,l_per,6.6
1772334069,kamailio,aflnet,1,l_abs,15627
1772334069,kamailio,aflnet,1,b_per,1.6
1772334069,kamailio,aflnet,1,b_abs,8912
1772334076,kamailio,aflnet,1,l_per,6.6
1772334076,kamailio,aflnet,1,l_abs,15627
1772334076,kamailio,aflnet,1,b_per,1.6
1772334076,kamailio,aflnet,1,b_abs,8912
1772334081,kamailio,aflnet,1,l_per,6.6
1772334081,kamailio,aflnet,1,l_abs,15627
1772334081,kamailio,aflnet,1,b_per,1.6
1772334081,kamailio,aflnet,1,b_abs,8912
1772334091,kamailio,aflnet,1,l_per,6.6
1772334091,kamailio,aflnet,1,l_abs,15627
1772334091,kamailio,aflnet,1,b_per,1.6
1772334091,kamailio,aflnet,1,b_abs,8912
1772334099,kamailio,aflnet,1,l_per,6.6
1772334099,kamailio,aflnet,1,l_abs,15632
1772334099,kamailio,aflnet,1,b_per,1.6
1772334099,kamailio,aflnet,1,b_abs,8914
1772334102,kamailio,aflnet,1,l_per,6.6
1772334102,kamailio,aflnet,1,l_abs,15632
1772334102,kamailio,aflnet,1,b_per,1.6
1772334102,kamailio,aflnet,1,b_abs,8914
1772334105,kamailio,aflnet,1,l_per,6.6
1772334105,kamailio,aflnet,1,l_abs,15632
1772334105,kamailio,aflnet,1,b_per,1.6
1772334105,kamailio,aflnet,1,b_abs,8914
1772334115,kamailio,aflnet,1,l_per,6.6
1772334115,kamailio,aflnet,1,l_abs,15637
1772334115,kamailio,aflnet,1,b_per,1.6
1772334115,kamailio,aflnet,1,b_abs,8917
1772334121,kamailio,aflnet,1,l_per,6.6
1772334121,kamailio,aflnet,1,l_abs,15637
1772334121,kamailio,aflnet,1,b_per,1.6
1772334121,kamailio,aflnet,1,b_abs,8917
1772334124,kamailio,aflnet,1,l_per,6.6
1772334124,kamailio,aflnet,1,l_abs,15637
1772334124,kamailio,aflnet,1,b_per,1.6
1772334124,kamailio,aflnet,1,b_abs,8917
1772334129,kamailio,aflnet,1,l_per,6.6
1772334129,kamailio,aflnet,1,l_abs,15637
1772334129,kamailio,aflnet,1,b_per,1.6
1772334129,kamailio,aflnet,1,b_abs,8917
1772334138,kamailio,aflnet,1,l_per,6.6
1772334138,kamailio,aflnet,1,l_abs,15639
1772334138,kamailio,aflnet,1,b_per,1.6
1772334138,kamailio,aflnet,1,b_abs,8926
1772334144,kamailio,aflnet,1,l_per,6.6
1772334144,kamailio,aflnet,1,l_abs,15642
1772334144,kamailio,aflnet,1,b_per,1.6
1772334144,kamailio,aflnet,1,b_abs,8936
1772334148,kamailio,aflnet,1,l_per,6.6
1772334148,kamailio,aflnet,1,l_abs,15642
1772334148,kamailio,aflnet,1,b_per,1.6
1772334148,kamailio,aflnet,1,b_abs,8936
1772334151,kamailio,aflnet,1,l_per,6.6
1772334151,kamailio,aflnet,1,l_abs,15642
1772334151,kamailio,aflnet,1,b_per,1.6
1772334151,kamailio,aflnet,1,b_abs,8936
1772334153,kamailio,aflnet,1,l_per,6.6
1772334153,kamailio,aflnet,1,l_abs,15642
1772334153,kamailio,aflnet,1,b_per,1.6
1772334153,kamailio,aflnet,1,b_abs,8936
1772334156,kamailio,aflnet,1,l_per,6.6
1772334156,kamailio,aflnet,1,l_abs,15642
1772334156,kamailio,aflnet,1,b_per,1.6
1772334156,kamailio,aflnet,1,b_abs,8936
1772334158,kamailio,aflnet,1,l_per,6.6
1772334158,kamailio,aflnet,1,l_abs,15642
1772334158,kamailio,aflnet,1,b_per,1.6
1772334158,kamailio,aflnet,1,b_abs,8936
1772334161,kamailio,aflnet,1,l_per,6.6
1772334161,kamailio,aflnet,1,l_abs,15642
1772334161,kamailio,aflnet,1,b_per,1.6
1772334161,kamailio,aflnet,1,b_abs,8938
1772334166,kamailio,aflnet,1,l_per,6.6
1772334166,kamailio,aflnet,1,l_abs,15642
1772334166,kamailio,aflnet,1,b_per,1.6
1772334166,kamailio,aflnet,1,b_abs,8938
1772334177,kamailio,aflnet,1,l_per,6.6
1772334177,kamailio,aflnet,1,l_abs,15642
1772334177,kamailio,aflnet,1,b_per,1.6
1772334177,kamailio,aflnet,1,b_abs,8938
1772334181,kamailio,aflnet,1,l_per,6.6
1772334181,kamailio,aflnet,1,l_abs,15644
1772334181,kamailio,aflnet,1,b_per,1.6
1772334181,kamailio,aflnet,1,b_abs,8947
1772334188,kamailio,aflnet,1,l_per,6.6
1772334188,kamailio,aflnet,1,l_abs,15644
1772334188,kamailio,aflnet,1,b_per,1.6
1772334188,kamailio,aflnet,1,b_abs,8947
1772334194,kamailio,aflnet,1,l_per,6.6
1772334194,kamailio,aflnet,1,l_abs,15644
1772334194,kamailio,aflnet,1,b_per,1.6
1772334194,kamailio,aflnet,1,b_abs,8947
1772334201,kamailio,aflnet,1,l_per,6.6
1772334201,kamailio,aflnet,1,l_abs,15644
1772334201,kamailio,aflnet,1,b_per,1.6
1772334201,kamailio,aflnet,1,b_abs,8949
1772334213,kamailio,aflnet,1,l_per,6.6
1772334213,kamailio,aflnet,1,l_abs,15644
1772334213,kamailio,aflnet,1,b_per,1.6
1772334213,kamailio,aflnet,1,b_abs,8950
1772334214,kamailio,aflnet,1,l_per,6.6
1772334214,kamailio,aflnet,1,l_abs,15644
1772334214,kamailio,aflnet,1,b_per,1.6
1772334214,kamailio,aflnet,1,b_abs,8950
1772334217,kamailio,aflnet,1,l_per,6.6
1772334217,kamailio,aflnet,1,l_abs,15644
1772334217,kamailio,aflnet,1,b_per,1.6
1772334217,kamailio,aflnet,1,b_abs,8950
1772334227,kamailio,aflnet,1,l_per,6.6
1772334227,kamailio,aflnet,1,l_abs,15644
1772334227,kamailio,aflnet,1,b_per,1.6
1772334227,kamailio,aflnet,1,b_abs,8951
1772334229,kamailio,aflnet,1,l_per,6.6
1772334229,kamailio,aflnet,1,l_abs,15644
1772334229,kamailio,aflnet,1,b_per,1.6
1772334229,kamailio,aflnet,1,b_abs,8951
1772334234,kamailio,aflnet,1,l_per,6.6
1772334234,kamailio,aflnet,1,l_abs,15644
1772334234,kamailio,aflnet,1,b_per,1.6
1772334234,kamailio,aflnet,1,b_abs,8951
1772334236,kamailio,aflnet,1,l_per,6.6
1772334236,kamailio,aflnet,1,l_abs,15644
1772334236,kamailio,aflnet,1,b_per,1.6
1772334236,kamailio,aflnet,1,b_abs,8952
1772334239,kamailio,aflnet,1,l_per,6.6
1772334239,kamailio,aflnet,1,l_abs,15644
1772334239,kamailio,aflnet,1,b_per,1.6
1772334239,kamailio,aflnet,1,b_abs,8952
1772334244,kamailio,aflnet,1,l_per,6.6
1772334244,kamailio,aflnet,1,l_abs,15644
1772334244,kamailio,aflnet,1,b_per,1.6
1772334244,kamailio,aflnet,1,b_abs,8953
1772334253,kamailio,aflnet,1,l_per,6.6
1772334253,kamailio,aflnet,1,l_abs,15644
1772334253,kamailio,aflnet,1,b_per,1.6
1772334253,kamailio,aflnet,1,b_abs,8953
1772334259,kamailio,aflnet,1,l_per,6.6
1772334259,kamailio,aflnet,1,l_abs,15644
1772334259,kamailio,aflnet,1,b_per,1.6
1772334259,kamailio,aflnet,1,b_abs,8953
1772334262,kamailio,aflnet,1,l_per,6.6
1772334262,kamailio,aflnet,1,l_abs,15644
1772334262,kamailio,aflnet,1,b_per,1.6
1772334262,kamailio,aflnet,1,b_abs,8953
1772334268,kamailio,aflnet,1,l_per,6.6
1772334268,kamailio,aflnet,1,l_abs,15644
1772334268,kamailio,aflnet,1,b_per,1.6
1772334268,kamailio,aflnet,1,b_abs,8955
1772334274,kamailio,aflnet,1,l_per,6.6
1772334274,kamailio,aflnet,1,l_abs,15644
1772334274,kamailio,aflnet,1,b_per,1.6
1772334274,kamailio,aflnet,1,b_abs,8955
1772334276,kamailio,aflnet,1,l_per,6.6
1772334276,kamailio,aflnet,1,l_abs,15644
1772334276,kamailio,aflnet,1,b_per,1.6
1772334276,kamailio,aflnet,1,b_abs,8955
1772334278,kamailio,aflnet,1,l_per,6.6
1772334278,kamailio,aflnet,1,l_abs,15644
1772334278,kamailio,aflnet,1,b_per,1.6
1772334278,kamailio,aflnet,1,b_abs,8955
1772334281,kamailio,aflnet,1,l_per,6.6
1772334281,kamailio,aflnet,1,l_abs,15644
1772334281,kamailio,aflnet,1,b_per,1.6
1772334281,kamailio,aflnet,1,b_abs,8955
1772334290,kamailio,aflnet,1,l_per,6.6
1772334290,kamailio,aflnet,1,l_abs,15644
1772334290,kamailio,aflnet,1,b_per,1.6
1772334290,kamailio,aflnet,1,b_abs,8955
1772334293,kamailio,aflnet,1,l_per,6.6
1772334293,kamailio,aflnet,1,l_abs,15644
1772334293,kamailio,aflnet,1,b_per,1.6
1772334293,kamailio,aflnet,1,b_abs,8955
1772334309,kamailio,aflnet,1,l_per,6.6
1772334309,kamailio,aflnet,1,l_abs,15644
1772334309,kamailio,aflnet,1,b_per,1.6
1772334309,kamailio,aflnet,1,b_abs,8955
1772334313,kamailio,aflnet,1,l_per,6.6
1772334313,kamailio,aflnet,1,l_abs,15644
1772334313,kamailio,aflnet,1,b_per,1.6
1772334313,kamailio,aflnet,1,b_abs,8956
1772334315,kamailio,aflnet,1,l_per,6.6
1772334315,kamailio,aflnet,1,l_abs,15644
1772334315,kamailio,aflnet,1,b_per,1.6
1772334315,kamailio,aflnet,1,b_abs,8956
1772334318,kamailio,aflnet,1,l_per,6.6
1772334318,kamailio,aflnet,1,l_abs,15645
1772334318,kamailio,aflnet,1,b_per,1.6
1772334318,kamailio,aflnet,1,b_abs,8958
1772334324,kamailio,aflnet,1,l_per,6.6
1772334324,kamailio,aflnet,1,l_abs,15645
1772334324,kamailio,aflnet,1,b_per,1.6
1772334324,kamailio,aflnet,1,b_abs,8958
1772334331,kamailio,aflnet,1,l_per,6.6
1772334331,kamailio,aflnet,1,l_abs,15645
1772334331,kamailio,aflnet,1,b_per,1.6
1772334331,kamailio,aflnet,1,b_abs,8958
1772334335,kamailio,aflnet,1,l_per,6.6
1772334335,kamailio,aflnet,1,l_abs,15656
1772334335,kamailio,aflnet,1,b_per,1.6
1772334335,kamailio,aflnet,1,b_abs,8962
1772334343,kamailio,aflnet,1,l_per,6.6
1772334343,kamailio,aflnet,1,l_abs,15656
1772334343,kamailio,aflnet,1,b_per,1.6
1772334343,kamailio,aflnet,1,b_abs,8962
1772334348,kamailio,aflnet,1,l_per,6.6
1772334348,kamailio,aflnet,1,l_abs,15656
1772334348,kamailio,aflnet,1,b_per,1.6
1772334348,kamailio,aflnet,1,b_abs,8962
1772334352,kamailio,aflnet,1,l_per,6.6
1772334352,kamailio,aflnet,1,l_abs,15659
1772334352,kamailio,aflnet,1,b_per,1.6
1772334352,kamailio,aflnet,1,b_abs,8963
1772334360,kamailio,aflnet,1,l_per,6.6
1772334360,kamailio,aflnet,1,l_abs,15659
1772334360,kamailio,aflnet,1,b_per,1.6
1772334360,kamailio,aflnet,1,b_abs,8963
1772334365,kamailio,aflnet,1,l_per,6.6
1772334365,kamailio,aflnet,1,l_abs,15659
1772334365,kamailio,aflnet,1,b_per,1.6
1772334365,kamailio,aflnet,1,b_abs,8963
1772334368,kamailio,aflnet,1,l_per,6.6
1772334368,kamailio,aflnet,1,l_abs,15659
1772334368,kamailio,aflnet,1,b_per,1.6
1772334368,kamailio,aflnet,1,b_abs,8963
1772334375,kamailio,aflnet,1,l_per,6.6
1772334375,kamailio,aflnet,1,l_abs,15659
1772334375,kamailio,aflnet,1,b_per,1.6
1772334375,kamailio,aflnet,1,b_abs,8963
1772334382,kamailio,aflnet,1,l_per,6.6
1772334382,kamailio,aflnet,1,l_abs,15659
1772334382,kamailio,aflnet,1,b_per,1.6
1772334382,kamailio,aflnet,1,b_abs,8964
1772334387,kamailio,aflnet,1,l_per,6.6
1772334387,kamailio,aflnet,1,l_abs,15659
1772334387,kamailio,aflnet,1,b_per,1.6
1772334387,kamailio,aflnet,1,b_abs,8964
1772334389,kamailio,aflnet,1,l_per,6.6
1772334389,kamailio,aflnet,1,l_abs,15659
1772334389,kamailio,aflnet,1,b_per,1.6
1772334389,kamailio,aflnet,1,b_abs,8964
1772334397,kamailio,aflnet,1,l_per,6.6
1772334397,kamailio,aflnet,1,l_abs,15659
1772334397,kamailio,aflnet,1,b_per,1.6
1772334397,kamailio,aflnet,1,b_abs,8964
1772334406,kamailio,aflnet,1,l_per,6.6
1772334406,kamailio,aflnet,1,l_abs,15667
1772334406,kamailio,aflnet,1,b_per,1.6
1772334406,kamailio,aflnet,1,b_abs,8986
1772334408,kamailio,aflnet,1,l_per,6.6
1772334408,kamailio,aflnet,1,l_abs,15667
1772334408,kamailio,aflnet,1,b_per,1.6
1772334408,kamailio,aflnet,1,b_abs,8986
1772334412,kamailio,aflnet,1,l_per,6.6
1772334412,kamailio,aflnet,1,l_abs,15667
1772334412,kamailio,aflnet,1,b_per,1.6
1772334412,kamailio,aflnet,1,b_abs,8986
1772334420,kamailio,aflnet,1,l_per,6.6
1772334420,kamailio,aflnet,1,l_abs,15667
1772334420,kamailio,aflnet,1,b_per,1.6
1772334420,kamailio,aflnet,1,b_abs,8986
1772334426,kamailio,aflnet,1,l_per,6.6
1772334426,kamailio,aflnet,1,l_abs,15669
1772334426,kamailio,aflnet,1,b_per,1.6
1772334426,kamailio,aflnet,1,b_abs,8988
1772334440,kamailio,aflnet,1,l_per,6.6
1772334440,kamailio,aflnet,1,l_abs,15669
1772334440,kamailio,aflnet,1,b_per,1.6
1772334440,kamailio,aflnet,1,b_abs,8988
1772334471,kamailio,aflnet,1,l_per,6.6
1772334471,kamailio,aflnet,1,l_abs,15669
1772334471,kamailio,aflnet,1,b_per,1.6
1772334471,kamailio,aflnet,1,b_abs,8988
1772334474,kamailio,aflnet,1,l_per,6.6
1772334474,kamailio,aflnet,1,l_abs,15669
1772334474,kamailio,aflnet,1,b_per,1.6
1772334474,kamailio,aflnet,1,b_abs,8988
1772334483,kamailio,aflnet,1,l_per,6.6
1772334483,kamailio,aflnet,1,l_abs,15669
1772334483,kamailio,aflnet,1,b_per,1.6
1772334483,kamailio,aflnet,1,b_abs,8988
1772334490,kamailio,aflnet,1,l_per,6.6
1772334490,kamailio,aflnet,1,l_abs,15669
1772334490,kamailio,aflnet,1,b_per,1.6
1772334490,kamailio,aflnet,1,b_abs,8988
1772334494,kamailio,aflnet,1,l_per,6.6
1772334494,kamailio,aflnet,1,l_abs,15669
1772334494,kamailio,aflnet,1,b_per,1.6
1772334494,kamailio,aflnet,1,b_abs,8988
1772334502,kamailio,aflnet,1,l_per,6.6
1772334502,kamailio,aflnet,1,l_abs,15669
1772334502,kamailio,aflnet,1,b_per,1.6
1772334502,kamailio,aflnet,1,b_abs,8988
1772334509,kamailio,aflnet,1,l_per,6.6
1772334509,kamailio,aflnet,1,l_abs,15669
1772334509,kamailio,aflnet,1,b_per,1.6
1772334509,kamailio,aflnet,1,b_abs,8989
1772334512,kamailio,aflnet,1,l_per,6.6
1772334512,kamailio,aflnet,1,l_abs,15669
1772334512,kamailio,aflnet,1,b_per,1.6
1772334512,kamailio,aflnet,1,b_abs,8991
1772334516,kamailio,aflnet,1,l_per,6.6
1772334516,kamailio,aflnet,1,l_abs,15669
1772334516,kamailio,aflnet,1,b_per,1.6
1772334516,kamailio,aflnet,1,b_abs,8991
1772334517,kamailio,aflnet,1,l_per,6.6
1772334517,kamailio,aflnet,1,l_abs,15669
1772334517,kamailio,aflnet,1,b_per,1.6
1772334517,kamailio,aflnet,1,b_abs,8991
1772334524,kamailio,aflnet,1,l_per,6.6
1772334524,kamailio,aflnet,1,l_abs,15672
1772334524,kamailio,aflnet,1,b_per,1.6
1772334524,kamailio,aflnet,1,b_abs,8992
1772334529,kamailio,aflnet,1,l_per,6.6
1772334529,kamailio,aflnet,1,l_abs,15672
1772334529,kamailio,aflnet,1,b_per,1.6
1772334529,kamailio,aflnet,1,b_abs,8992
1772334532,kamailio,aflnet,1,l_per,6.6
1772334532,kamailio,aflnet,1,l_abs,15672
1772334532,kamailio,aflnet,1,b_per,1.6
1772334532,kamailio,aflnet,1,b_abs,8992
1772334550,kamailio,aflnet,1,l_per,6.6
1772334550,kamailio,aflnet,1,l_abs,15679
1772334550,kamailio,aflnet,1,b_per,1.6
1772334550,kamailio,aflnet,1,b_abs,8993
1772334560,kamailio,aflnet,1,l_per,6.6
1772334560,kamailio,aflnet,1,l_abs,15679
1772334560,kamailio,aflnet,1,b_per,1.6
1772334560,kamailio,aflnet,1,b_abs,8993
1772334566,kamailio,aflnet,1,l_per,6.6
1772334566,kamailio,aflnet,1,l_abs,15679
1772334566,kamailio,aflnet,1,b_per,1.6
1772334566,kamailio,aflnet,1,b_abs,8993
1772334567,kamailio,aflnet,1,l_per,6.6
1772334567,kamailio,aflnet,1,l_abs,15679
1772334567,kamailio,aflnet,1,b_per,1.6
1772334567,kamailio,aflnet,1,b_abs,8993
1772334581,kamailio,aflnet,1,l_per,6.6
1772334581,kamailio,aflnet,1,l_abs,15679
1772334581,kamailio,aflnet,1,b_per,1.6
1772334581,kamailio,aflnet,1,b_abs,8993
1772334587,kamailio,aflnet,1,l_per,6.6
1772334587,kamailio,aflnet,1,l_abs,15679
1772334587,kamailio,aflnet,1,b_per,1.6
1772334587,kamailio,aflnet,1,b_abs,8993
1772334593,kamailio,aflnet,1,l_per,6.6
1772334593,kamailio,aflnet,1,l_abs,15679
1772334593,kamailio,aflnet,1,b_per,1.6
1772334593,kamailio,aflnet,1,b_abs,8993
1772334600,kamailio,aflnet,1,l_per,6.6
1772334600,kamailio,aflnet,1,l_abs,15679
1772334600,kamailio,aflnet,1,b_per,1.6
1772334600,kamailio,aflnet,1,b_abs,8993
1772334609,kamailio,aflnet,1,l_per,6.6
1772334609,kamailio,aflnet,1,l_abs,15679
1772334609,kamailio,aflnet,1,b_per,1.6
1772334609,kamailio,aflnet,1,b_abs,8993
1772334620,kamailio,aflnet,1,l_per,6.6
1772334620,kamailio,aflnet,1,l_abs,15679
1772334620,kamailio,aflnet,1,b_per,1.6
1772334620,kamailio,aflnet,1,b_abs,8993
1772334623,kamailio,aflnet,1,l_per,6.6
1772334623,kamailio,aflnet,1,l_abs,15679
1772334623,kamailio,aflnet,1,b_per,1.6
1772334623,kamailio,aflnet,1,b_abs,8993
1772334632,kamailio,aflnet,1,l_per,6.6
1772334632,kamailio,aflnet,1,l_abs,15679
1772334632,kamailio,aflnet,1,b_per,1.6
1772334632,kamailio,aflnet,1,b_abs,8993
1772334634,kamailio,aflnet,1,l_per,6.6
1772334634,kamailio,aflnet,1,l_abs,15679
1772334634,kamailio,aflnet,1,b_per,1.6
1772334634,kamailio,aflnet,1,b_abs,8993
1772334643,kamailio,aflnet,1,l_per,6.6
1772334643,kamailio,aflnet,1,l_abs,15681
1772334643,kamailio,aflnet,1,b_per,1.6
1772334643,kamailio,aflnet,1,b_abs,9003
1772334656,kamailio,aflnet,1,l_per,6.6
1772334656,kamailio,aflnet,1,l_abs,15681
1772334656,kamailio,aflnet,1,b_per,1.6
1772334656,kamailio,aflnet,1,b_abs,9003
1772334668,kamailio,aflnet,1,l_per,6.6
1772334668,kamailio,aflnet,1,l_abs,15681
1772334668,kamailio,aflnet,1,b_per,1.6
1772334668,kamailio,aflnet,1,b_abs,9003
1772334675,kamailio,aflnet,1,l_per,6.6
1772334675,kamailio,aflnet,1,l_abs,15681
1772334675,kamailio,aflnet,1,b_per,1.6
1772334675,kamailio,aflnet,1,b_abs,9003
1772334685,kamailio,aflnet,1,l_per,6.6
1772334685,kamailio,aflnet,1,l_abs,15681
1772334685,kamailio,aflnet,1,b_per,1.6
1772334685,kamailio,aflnet,1,b_abs,9003
1772334686,kamailio,aflnet,1,l_per,6.6
1772334686,kamailio,aflnet,1,l_abs,15681
1772334686,kamailio,aflnet,1,b_per,1.6
1772334686,kamailio,aflnet,1,b_abs,9003
1772334711,kamailio,aflnet,1,l_per,6.6
1772334711,kamailio,aflnet,1,l_abs,15681
1772334711,kamailio,aflnet,1,b_per,1.6
1772334711,kamailio,aflnet,1,b_abs,9003
1772334718,kamailio,aflnet,1,l_per,6.6
1772334718,kamailio,aflnet,1,l_abs,15681
1772334718,kamailio,aflnet,1,b_per,1.6
1772334718,kamailio,aflnet,1,b_abs,9003
1772334732,kamailio,aflnet,1,l_per,6.6
1772334732,kamailio,aflnet,1,l_abs,15681
1772334732,kamailio,aflnet,1,b_per,1.6
1772334732,kamailio,aflnet,1,b_abs,9003
1772334747,kamailio,aflnet,1,l_per,6.6
1772334747,kamailio,aflnet,1,l_abs,15683
1772334747,kamailio,aflnet,1,b_per,1.6
1772334747,kamailio,aflnet,1,b_abs,9012
1772334753,kamailio,aflnet,1,l_per,6.6
1772334753,kamailio,aflnet,1,l_abs,15683
1772334753,kamailio,aflnet,1,b_per,1.6
1772334753,kamailio,aflnet,1,b_abs,9012
1772334755,kamailio,aflnet,1,l_per,6.6
1772334755,kamailio,aflnet,1,l_abs,15683
1772334755,kamailio,aflnet,1,b_per,1.6
1772334755,kamailio,aflnet,1,b_abs,9012
1772334758,kamailio,aflnet,1,l_per,6.6
1772334758,kamailio,aflnet,1,l_abs,15683
1772334758,kamailio,aflnet,1,b_per,1.6
1772334758,kamailio,aflnet,1,b_abs,9012
1772334777,kamailio,aflnet,1,l_per,6.6
1772334777,kamailio,aflnet,1,l_abs,15683
1772334777,kamailio,aflnet,1,b_per,1.6
1772334777,kamailio,aflnet,1,b_abs,9012
1772334787,kamailio,aflnet,1,l_per,6.6
1772334787,kamailio,aflnet,1,l_abs,15683
1772334787,kamailio,aflnet,1,b_per,1.6
1772334787,kamailio,aflnet,1,b_abs,9012
1772334789,kamailio,aflnet,1,l_per,6.6
1772334789,kamailio,aflnet,1,l_abs,15686
1772334789,kamailio,aflnet,1,b_per,1.6
1772334789,kamailio,aflnet,1,b_abs,9013
1772334796,kamailio,aflnet,1,l_per,6.6
1772334796,kamailio,aflnet,1,l_abs,15686
1772334796,kamailio,aflnet,1,b_per,1.6
1772334796,kamailio,aflnet,1,b_abs,9013
1772334800,kamailio,aflnet,1,l_per,6.6
1772334800,kamailio,aflnet,1,l_abs,15686
1772334800,kamailio,aflnet,1,b_per,1.6
1772334800,kamailio,aflnet,1,b_abs,9013
1772334805,kamailio,aflnet,1,l_per,6.6
1772334805,kamailio,aflnet,1,l_abs,15686
1772334805,kamailio,aflnet,1,b_per,1.6
1772334805,kamailio,aflnet,1,b_abs,9013
1772334811,kamailio,aflnet,1,l_per,6.6
1772334811,kamailio,aflnet,1,l_abs,15689
1772334811,kamailio,aflnet,1,b_per,1.6
1772334811,kamailio,aflnet,1,b_abs,9022
1772334816,kamailio,aflnet,1,l_per,6.6
1772334816,kamailio,aflnet,1,l_abs,15689
1772334816,kamailio,aflnet,1,b_per,1.6
1772334816,kamailio,aflnet,1,b_abs,9022
1772334820,kamailio,aflnet,1,l_per,6.6
1772334820,kamailio,aflnet,1,l_abs,15690
1772334820,kamailio,aflnet,1,b_per,1.6
1772334820,kamailio,aflnet,1,b_abs,9025
1772334826,kamailio,aflnet,1,l_per,6.6
1772334826,kamailio,aflnet,1,l_abs,15690
1772334826,kamailio,aflnet,1,b_per,1.6
1772334826,kamailio,aflnet,1,b_abs,9025
1772334862,kamailio,aflnet,1,l_per,6.6
1772334862,kamailio,aflnet,1,l_abs,15690
1772334862,kamailio,aflnet,1,b_per,1.6
1772334862,kamailio,aflnet,1,b_abs,9025
1772334867,kamailio,aflnet,1,l_per,6.6
1772334867,kamailio,aflnet,1,l_abs,15690
1772334867,kamailio,aflnet,1,b_per,1.6
1772334867,kamailio,aflnet,1,b_abs,9026
1772334872,kamailio,aflnet,1,l_per,6.6
1772334872,kamailio,aflnet,1,l_abs,15690
1772334872,kamailio,aflnet,1,b_per,1.6
1772334872,kamailio,aflnet,1,b_abs,9026
1772334884,kamailio,aflnet,1,l_per,6.6
1772334884,kamailio,aflnet,1,l_abs,15690
1772334884,kamailio,aflnet,1,b_per,1.6
1772334884,kamailio,aflnet,1,b_abs,9026
1772334890,kamailio,aflnet,1,l_per,6.6
1772334890,kamailio,aflnet,1,l_abs,15690
1772334890,kamailio,aflnet,1,b_per,1.6
1772334890,kamailio,aflnet,1,b_abs,9026
1772334900,kamailio,aflnet,1,l_per,6.6
1772334900,kamailio,aflnet,1,l_abs,15690
1772334900,kamailio,aflnet,1,b_per,1.6
1772334900,kamailio,aflnet,1,b_abs,9026
1772334904,kamailio,aflnet,1,l_per,6.6
1772334904,kamailio,aflnet,1,l_abs,15690
1772334904,kamailio,aflnet,1,b_per,1.6
1772334904,kamailio,aflnet,1,b_abs,9026
1772334906,kamailio,aflnet,1,l_per,6.6
1772334906,kamailio,aflnet,1,l_abs,15690
1772334906,kamailio,aflnet,1,b_per,1.6
1772334906,kamailio,aflnet,1,b_abs,9026
1772334909,kamailio,aflnet,1,l_per,6.6
1772334909,kamailio,aflnet,1,l_abs,15690
1772334909,kamailio,aflnet,1,b_per,1.6
1772334909,kamailio,aflnet,1,b_abs,9026
1772334916,kamailio,aflnet,1,l_per,6.6
1772334916,kamailio,aflnet,1,l_abs,15690
1772334916,kamailio,aflnet,1,b_per,1.6
1772334916,kamailio,aflnet,1,b_abs,9026
1772334921,kamailio,aflnet,1,l_per,6.6
1772334921,kamailio,aflnet,1,l_abs,15690
1772334921,kamailio,aflnet,1,b_per,1.6
1772334921,kamailio,aflnet,1,b_abs,9026
1772334924,kamailio,aflnet,1,l_per,6.6
1772334924,kamailio,aflnet,1,l_abs,15690
1772334924,kamailio,aflnet,1,b_per,1.6
1772334924,kamailio,aflnet,1,b_abs,9026
1772334927,kamailio,aflnet,1,l_per,6.6
1772334927,kamailio,aflnet,1,l_abs,15690
1772334927,kamailio,aflnet,1,b_per,1.6
1772334927,kamailio,aflnet,1,b_abs,9026
1772334929,kamailio,aflnet,1,l_per,6.6
1772334929,kamailio,aflnet,1,l_abs,15690
1772334929,kamailio,aflnet,1,b_per,1.6
1772334929,kamailio,aflnet,1,b_abs,9026
1772334939,kamailio,aflnet,1,l_per,6.6
1772334939,kamailio,aflnet,1,l_abs,15690
1772334939,kamailio,aflnet,1,b_per,1.6
1772334939,kamailio,aflnet,1,b_abs,9026
1772334941,kamailio,aflnet,1,l_per,6.6
1772334941,kamailio,aflnet,1,l_abs,15690
1772334941,kamailio,aflnet,1,b_per,1.6
1772334941,kamailio,aflnet,1,b_abs,9026
1772334945,kamailio,aflnet,1,l_per,6.6
1772334945,kamailio,aflnet,1,l_abs,15690
1772334945,kamailio,aflnet,1,b_per,1.6
1772334945,kamailio,aflnet,1,b_abs,9026
1772334950,kamailio,aflnet,1,l_per,6.6
1772334950,kamailio,aflnet,1,l_abs,15694
1772334950,kamailio,aflnet,1,b_per,1.6
1772334950,kamailio,aflnet,1,b_abs,9040
1772334953,kamailio,aflnet,1,l_per,6.6
1772334953,kamailio,aflnet,1,l_abs,15694
1772334953,kamailio,aflnet,1,b_per,1.6
1772334953,kamailio,aflnet,1,b_abs,9040
1772334955,kamailio,aflnet,1,l_per,6.6
1772334955,kamailio,aflnet,1,l_abs,15694
1772334955,kamailio,aflnet,1,b_per,1.6
1772334955,kamailio,aflnet,1,b_abs,9040
1772334973,kamailio,aflnet,1,l_per,6.6
1772334973,kamailio,aflnet,1,l_abs,15694
1772334973,kamailio,aflnet,1,b_per,1.6
1772334973,kamailio,aflnet,1,b_abs,9040
1772334976,kamailio,aflnet,1,l_per,6.6
1772334976,kamailio,aflnet,1,l_abs,15694
1772334976,kamailio,aflnet,1,b_per,1.6
1772334976,kamailio,aflnet,1,b_abs,9040
1772334983,kamailio,aflnet,1,l_per,6.6
1772334983,kamailio,aflnet,1,l_abs,15694
1772334983,kamailio,aflnet,1,b_per,1.6
1772334983,kamailio,aflnet,1,b_abs,9040
1772334985,kamailio,aflnet,1,l_per,6.6
1772334985,kamailio,aflnet,1,l_abs,15694
1772334985,kamailio,aflnet,1,b_per,1.6
1772334985,kamailio,aflnet,1,b_abs,9040
1772334987,kamailio,aflnet,1,l_per,6.6
1772334987,kamailio,aflnet,1,l_abs,15694
1772334987,kamailio,aflnet,1,b_per,1.6
1772334987,kamailio,aflnet,1,b_abs,9040
1772334994,kamailio,aflnet,1,l_per,6.6
1772334994,kamailio,aflnet,1,l_abs,15699
1772334994,kamailio,aflnet,1,b_per,1.6
1772334994,kamailio,aflnet,1,b_abs,9059
1772335010,kamailio,aflnet,1,l_per,6.6
1772335010,kamailio,aflnet,1,l_abs,15699
1772335010,kamailio,aflnet,1,b_per,1.6
1772335010,kamailio,aflnet,1,b_abs,9059
1772335018,kamailio,aflnet,1,l_per,6.6
1772335018,kamailio,aflnet,1,l_abs,15699
1772335018,kamailio,aflnet,1,b_per,1.6
1772335018,kamailio,aflnet,1,b_abs,9059
1772335022,kamailio,aflnet,1,l_per,6.6
1772335022,kamailio,aflnet,1,l_abs,15699
1772335022,kamailio,aflnet,1,b_per,1.6
1772335022,kamailio,aflnet,1,b_abs,9059
1772335026,kamailio,aflnet,1,l_per,6.6
1772335026,kamailio,aflnet,1,l_abs,15702
1772335026,kamailio,aflnet,1,b_per,1.6
1772335026,kamailio,aflnet,1,b_abs,9060
1772335032,kamailio,aflnet,1,l_per,6.6
1772335032,kamailio,aflnet,1,l_abs,15702
1772335032,kamailio,aflnet,1,b_per,1.6
1772335032,kamailio,aflnet,1,b_abs,9060
1772335036,kamailio,aflnet,1,l_per,6.6
1772335036,kamailio,aflnet,1,l_abs,15702
1772335036,kamailio,aflnet,1,b_per,1.6
1772335036,kamailio,aflnet,1,b_abs,9060
1772335038,kamailio,aflnet,1,l_per,6.6
1772335038,kamailio,aflnet,1,l_abs,15702
1772335038,kamailio,aflnet,1,b_per,1.6
1772335038,kamailio,aflnet,1,b_abs,9060
1772335043,kamailio,aflnet,1,l_per,6.6
1772335043,kamailio,aflnet,1,l_abs,15702
1772335043,kamailio,aflnet,1,b_per,1.6
1772335043,kamailio,aflnet,1,b_abs,9060
1772335058,kamailio,aflnet,1,l_per,6.6
1772335058,kamailio,aflnet,1,l_abs,15702
1772335058,kamailio,aflnet,1,b_per,1.6
1772335058,kamailio,aflnet,1,b_abs,9062
1772335062,kamailio,aflnet,1,l_per,6.6
1772335062,kamailio,aflnet,1,l_abs,15702
1772335062,kamailio,aflnet,1,b_per,1.6
1772335062,kamailio,aflnet,1,b_abs,9062
1772335067,kamailio,aflnet,1,l_per,6.6
1772335067,kamailio,aflnet,1,l_abs,15702
1772335067,kamailio,aflnet,1,b_per,1.6
1772335067,kamailio,aflnet,1,b_abs,9062
1772335071,kamailio,aflnet,1,l_per,6.6
1772335071,kamailio,aflnet,1,l_abs,15702
1772335071,kamailio,aflnet,1,b_per,1.6
1772335071,kamailio,aflnet,1,b_abs,9062
1772335074,kamailio,aflnet,1,l_per,6.6
1772335074,kamailio,aflnet,1,l_abs,15702
1772335074,kamailio,aflnet,1,b_per,1.6
1772335074,kamailio,aflnet,1,b_abs,9064
1772335076,kamailio,aflnet,1,l_per,6.6
1772335076,kamailio,aflnet,1,l_abs,15702
1772335076,kamailio,aflnet,1,b_per,1.6
1772335076,kamailio,aflnet,1,b_abs,9064
1772335083,kamailio,aflnet,1,l_per,6.6
1772335083,kamailio,aflnet,1,l_abs,15702
1772335083,kamailio,aflnet,1,b_per,1.6
1772335083,kamailio,aflnet,1,b_abs,9064
1772335087,kamailio,aflnet,1,l_per,6.6
1772335087,kamailio,aflnet,1,l_abs,15702
1772335087,kamailio,aflnet,1,b_per,1.6
1772335087,kamailio,aflnet,1,b_abs,9064
1772335088,kamailio,aflnet,1,l_per,6.6
1772335088,kamailio,aflnet,1,l_abs,15702
1772335088,kamailio,aflnet,1,b_per,1.6
1772335088,kamailio,aflnet,1,b_abs,9064
1772335106,kamailio,aflnet,1,l_per,6.6
1772335106,kamailio,aflnet,1,l_abs,15702
1772335106,kamailio,aflnet,1,b_per,1.6
1772335106,kamailio,aflnet,1,b_abs,9064
1772335109,kamailio,aflnet,1,l_per,6.6
1772335109,kamailio,aflnet,1,l_abs,15702
1772335109,kamailio,aflnet,1,b_per,1.6
1772335109,kamailio,aflnet,1,b_abs,9064
1772335114,kamailio,aflnet,1,l_per,6.6
1772335114,kamailio,aflnet,1,l_abs,15702
1772335114,kamailio,aflnet,1,b_per,1.6
1772335114,kamailio,aflnet,1,b_abs,9064
1772335119,kamailio,aflnet,1,l_per,6.6
1772335119,kamailio,aflnet,1,l_abs,15702
1772335119,kamailio,aflnet,1,b_per,1.6
1772335119,kamailio,aflnet,1,b_abs,9064
1772335123,kamailio,aflnet,1,l_per,6.6
1772335123,kamailio,aflnet,1,l_abs,15702
1772335123,kamailio,aflnet,1,b_per,1.6
1772335123,kamailio,aflnet,1,b_abs,9064
1772335125,kamailio,aflnet,1,l_per,6.6
1772335125,kamailio,aflnet,1,l_abs,15702
1772335125,kamailio,aflnet,1,b_per,1.6
1772335125,kamailio,aflnet,1,b_abs,9064
1772335127,kamailio,aflnet,1,l_per,6.6
1772335127,kamailio,aflnet,1,l_abs,15702
1772335127,kamailio,aflnet,1,b_per,1.6
1772335127,kamailio,aflnet,1,b_abs,9064
1772335129,kamailio,aflnet,1,l_per,6.6
1772335129,kamailio,aflnet,1,l_abs,15702
1772335129,kamailio,aflnet,1,b_per,1.6
1772335129,kamailio,aflnet,1,b_abs,9064
1772335134,kamailio,aflnet,1,l_per,6.6
1772335134,kamailio,aflnet,1,l_abs,15702
1772335134,kamailio,aflnet,1,b_per,1.6
1772335134,kamailio,aflnet,1,b_abs,9064
1772335135,kamailio,aflnet,1,l_per,6.6
1772335135,kamailio,aflnet,1,l_abs,15703
1772335135,kamailio,aflnet,1,b_per,1.6
1772335135,kamailio,aflnet,1,b_abs,9066
1772335142,kamailio,aflnet,1,l_per,6.6
1772335142,kamailio,aflnet,1,l_abs,15703
1772335142,kamailio,aflnet,1,b_per,1.6
1772335142,kamailio,aflnet,1,b_abs,9066
1772335144,kamailio,aflnet,1,l_per,6.6
1772335144,kamailio,aflnet,1,l_abs,15705
1772335144,kamailio,aflnet,1,b_per,1.6
1772335144,kamailio,aflnet,1,b_abs,9069
1772335161,kamailio,aflnet,1,l_per,6.6
1772335161,kamailio,aflnet,1,l_abs,15705
1772335161,kamailio,aflnet,1,b_per,1.6
1772335161,kamailio,aflnet,1,b_abs,9069
1772335166,kamailio,aflnet,1,l_per,6.6
1772335166,kamailio,aflnet,1,l_abs,15705
1772335166,kamailio,aflnet,1,b_per,1.6
1772335166,kamailio,aflnet,1,b_abs,9069
1772335175,kamailio,aflnet,1,l_per,6.6
1772335175,kamailio,aflnet,1,l_abs,15710
1772335175,kamailio,aflnet,1,b_per,1.6
1772335175,kamailio,aflnet,1,b_abs,9070
1772335180,kamailio,aflnet,1,l_per,6.6
1772335180,kamailio,aflnet,1,l_abs,15710
1772335180,kamailio,aflnet,1,b_per,1.6
1772335180,kamailio,aflnet,1,b_abs,9072
1772335188,kamailio,aflnet,1,l_per,6.6
1772335188,kamailio,aflnet,1,l_abs,15710
1772335188,kamailio,aflnet,1,b_per,1.6
1772335188,kamailio,aflnet,1,b_abs,9072
1772335208,kamailio,aflnet,1,l_per,6.6
1772335208,kamailio,aflnet,1,l_abs,15710
1772335208,kamailio,aflnet,1,b_per,1.6
1772335208,kamailio,aflnet,1,b_abs,9072
1772335222,kamailio,aflnet,1,l_per,6.6
1772335222,kamailio,aflnet,1,l_abs,15710
1772335222,kamailio,aflnet,1,b_per,1.6
1772335222,kamailio,aflnet,1,b_abs,9072
1772335229,kamailio,aflnet,1,l_per,6.6
1772335229,kamailio,aflnet,1,l_abs,15710
1772335229,kamailio,aflnet,1,b_per,1.6
1772335229,kamailio,aflnet,1,b_abs,9072
1772335236,kamailio,aflnet,1,l_per,6.6
1772335236,kamailio,aflnet,1,l_abs,15710
1772335236,kamailio,aflnet,1,b_per,1.6
1772335236,kamailio,aflnet,1,b_abs,9072
1772335244,kamailio,aflnet,1,l_per,6.6
1772335244,kamailio,aflnet,1,l_abs,15710
1772335244,kamailio,aflnet,1,b_per,1.6
1772335244,kamailio,aflnet,1,b_abs,9072
1772335250,kamailio,aflnet,1,l_per,6.6
1772335250,kamailio,aflnet,1,l_abs,15715
1772335250,kamailio,aflnet,1,b_per,1.6
1772335250,kamailio,aflnet,1,b_abs,9074
1772335257,kamailio,aflnet,1,l_per,6.6
1772335257,kamailio,aflnet,1,l_abs,15715
1772335257,kamailio,aflnet,1,b_per,1.6
1772335257,kamailio,aflnet,1,b_abs,9074
1772335272,kamailio,aflnet,1,l_per,6.6
1772335272,kamailio,aflnet,1,l_abs,15715
1772335272,kamailio,aflnet,1,b_per,1.6
1772335272,kamailio,aflnet,1,b_abs,9075
1772335276,kamailio,aflnet,1,l_per,6.6
1772335276,kamailio,aflnet,1,l_abs,15715
1772335276,kamailio,aflnet,1,b_per,1.6
1772335276,kamailio,aflnet,1,b_abs,9075
1772335299,kamailio,aflnet,1,l_per,6.6
1772335299,kamailio,aflnet,1,l_abs,15715
1772335299,kamailio,aflnet,1,b_per,1.6
1772335299,kamailio,aflnet,1,b_abs,9075
1772335300,kamailio,aflnet,1,l_per,6.6
1772335300,kamailio,aflnet,1,l_abs,15715
1772335300,kamailio,aflnet,1,b_per,1.6
1772335300,kamailio,aflnet,1,b_abs,9075
1772335306,kamailio,aflnet,1,l_per,6.6
1772335306,kamailio,aflnet,1,l_abs,15715
1772335306,kamailio,aflnet,1,b_per,1.6
1772335306,kamailio,aflnet,1,b_abs,9075
1772335319,kamailio,aflnet,1,l_per,6.6
1772335319,kamailio,aflnet,1,l_abs,15715
1772335319,kamailio,aflnet,1,b_per,1.6
1772335319,kamailio,aflnet,1,b_abs,9075
1772335326,kamailio,aflnet,1,l_per,6.6
1772335326,kamailio,aflnet,1,l_abs,15715
1772335326,kamailio,aflnet,1,b_per,1.6
1772335326,kamailio,aflnet,1,b_abs,9075
1772335329,kamailio,aflnet,1,l_per,6.6
1772335329,kamailio,aflnet,1,l_abs,15715
1772335329,kamailio,aflnet,1,b_per,1.6
1772335329,kamailio,aflnet,1,b_abs,9075
1772335336,kamailio,aflnet,1,l_per,6.6
1772335336,kamailio,aflnet,1,l_abs,15715
1772335336,kamailio,aflnet,1,b_per,1.6
1772335336,kamailio,aflnet,1,b_abs,9075
1772335344,kamailio,aflnet,1,l_per,6.6
1772335344,kamailio,aflnet,1,l_abs,15715
1772335344,kamailio,aflnet,1,b_per,1.6
1772335344,kamailio,aflnet,1,b_abs,9075
1772335355,kamailio,aflnet,1,l_per,6.6
1772335355,kamailio,aflnet,1,l_abs,15718
1772335355,kamailio,aflnet,1,b_per,1.6
1772335355,kamailio,aflnet,1,b_abs,9084
1772335358,kamailio,aflnet,1,l_per,6.6
1772335358,kamailio,aflnet,1,l_abs,15718
1772335358,kamailio,aflnet,1,b_per,1.6
1772335358,kamailio,aflnet,1,b_abs,9084
1772335373,kamailio,aflnet,1,l_per,6.6
1772335373,kamailio,aflnet,1,l_abs,15718
1772335373,kamailio,aflnet,1,b_per,1.6
1772335373,kamailio,aflnet,1,b_abs,9084
1772335380,kamailio,aflnet,1,l_per,6.6
1772335380,kamailio,aflnet,1,l_abs,15718
1772335380,kamailio,aflnet,1,b_per,1.6
1772335380,kamailio,aflnet,1,b_abs,9084
1772335382,kamailio,aflnet,1,l_per,6.6
1772335382,kamailio,aflnet,1,l_abs,15718
1772335382,kamailio,aflnet,1,b_per,1.6
1772335382,kamailio,aflnet,1,b_abs,9084
1772335389,kamailio,aflnet,1,l_per,6.6
1772335389,kamailio,aflnet,1,l_abs,15718
1772335389,kamailio,aflnet,1,b_per,1.6
1772335389,kamailio,aflnet,1,b_abs,9084
1772335407,kamailio,aflnet,1,l_per,6.6
1772335407,kamailio,aflnet,1,l_abs,15718
1772335407,kamailio,aflnet,1,b_per,1.6
1772335407,kamailio,aflnet,1,b_abs,9084
1772335409,kamailio,aflnet,1,l_per,6.6
1772335409,kamailio,aflnet,1,l_abs,15718
1772335409,kamailio,aflnet,1,b_per,1.6
1772335409,kamailio,aflnet,1,b_abs,9084
1772335423,kamailio,aflnet,1,l_per,6.6
1772335423,kamailio,aflnet,1,l_abs,15718
1772335423,kamailio,aflnet,1,b_per,1.6
1772335423,kamailio,aflnet,1,b_abs,9084
1772335458,kamailio,aflnet,1,l_per,6.6
1772335458,kamailio,aflnet,1,l_abs,15718
1772335458,kamailio,aflnet,1,b_per,1.6
1772335458,kamailio,aflnet,1,b_abs,9084
1772335460,kamailio,aflnet,1,l_per,6.6
1772335460,kamailio,aflnet,1,l_abs,15718
1772335460,kamailio,aflnet,1,b_per,1.6
1772335460,kamailio,aflnet,1,b_abs,9084
1772335462,kamailio,aflnet,1,l_per,6.6
1772335462,kamailio,aflnet,1,l_abs,15718
1772335462,kamailio,aflnet,1,b_per,1.6
1772335462,kamailio,aflnet,1,b_abs,9084
1772335468,kamailio,aflnet,1,l_per,6.6
1772335468,kamailio,aflnet,1,l_abs,15718
1772335468,kamailio,aflnet,1,b_per,1.6
1772335468,kamailio,aflnet,1,b_abs,9084
1772335475,kamailio,aflnet,1,l_per,6.6
1772335475,kamailio,aflnet,1,l_abs,15718
1772335475,kamailio,aflnet,1,b_per,1.6
1772335475,kamailio,aflnet,1,b_abs,9084
1772335478,kamailio,aflnet,1,l_per,6.6
1772335478,kamailio,aflnet,1,l_abs,15718
1772335478,kamailio,aflnet,1,b_per,1.6
1772335478,kamailio,aflnet,1,b_abs,9084
1772335481,kamailio,aflnet,1,l_per,6.6
1772335481,kamailio,aflnet,1,l_abs,15719
1772335481,kamailio,aflnet,1,b_per,1.6
1772335481,kamailio,aflnet,1,b_abs,9086
1772335489,kamailio,aflnet,1,l_per,6.6
1772335489,kamailio,aflnet,1,l_abs,15719
1772335489,kamailio,aflnet,1,b_per,1.6
1772335489,kamailio,aflnet,1,b_abs,9086
1772335491,kamailio,aflnet,1,l_per,6.6
1772335491,kamailio,aflnet,1,l_abs,15724
1772335491,kamailio,aflnet,1,b_per,1.6
1772335491,kamailio,aflnet,1,b_abs,9104
1772335494,kamailio,aflnet,1,l_per,6.6
1772335494,kamailio,aflnet,1,l_abs,15724
1772335494,kamailio,aflnet,1,b_per,1.6
1772335494,kamailio,aflnet,1,b_abs,9104
1772335506,kamailio,aflnet,1,l_per,6.6
1772335506,kamailio,aflnet,1,l_abs,15724
1772335506,kamailio,aflnet,1,b_per,1.6
1772335506,kamailio,aflnet,1,b_abs,9104
1772335515,kamailio,aflnet,1,l_per,6.6
1772335515,kamailio,aflnet,1,l_abs,15724
1772335515,kamailio,aflnet,1,b_per,1.6
1772335515,kamailio,aflnet,1,b_abs,9105
1772335520,kamailio,aflnet,1,l_per,6.6
1772335520,kamailio,aflnet,1,l_abs,15724
1772335520,kamailio,aflnet,1,b_per,1.6
1772335520,kamailio,aflnet,1,b_abs,9105
1772335535,kamailio,aflnet,1,l_per,6.6
1772335535,kamailio,aflnet,1,l_abs,15724
1772335535,kamailio,aflnet,1,b_per,1.6
1772335535,kamailio,aflnet,1,b_abs,9105
1772335537,kamailio,aflnet,1,l_per,6.6
1772335537,kamailio,aflnet,1,l_abs,15724
1772335537,kamailio,aflnet,1,b_per,1.6
1772335537,kamailio,aflnet,1,b_abs,9107
1772335550,kamailio,aflnet,1,l_per,6.6
1772335550,kamailio,aflnet,1,l_abs,15724
1772335550,kamailio,aflnet,1,b_per,1.6
1772335550,kamailio,aflnet,1,b_abs,9109
1772335557,kamailio,aflnet,1,l_per,6.6
1772335557,kamailio,aflnet,1,l_abs,15724
1772335557,kamailio,aflnet,1,b_per,1.6
1772335557,kamailio,aflnet,1,b_abs,9109
1772335569,kamailio,aflnet,1,l_per,6.6
1772335569,kamailio,aflnet,1,l_abs,15724
1772335569,kamailio,aflnet,1,b_per,1.6
1772335569,kamailio,aflnet,1,b_abs,9109
1772335583,kamailio,aflnet,1,l_per,6.6
1772335583,kamailio,aflnet,1,l_abs,15724
1772335583,kamailio,aflnet,1,b_per,1.6
1772335583,kamailio,aflnet,1,b_abs,9109
1772335591,kamailio,aflnet,1,l_per,6.6
1772335591,kamailio,aflnet,1,l_abs,15724
1772335591,kamailio,aflnet,1,b_per,1.6
1772335591,kamailio,aflnet,1,b_abs,9109
1772335594,kamailio,aflnet,1,l_per,6.6
1772335594,kamailio,aflnet,1,l_abs,15725
1772335594,kamailio,aflnet,1,b_per,1.6
1772335594,kamailio,aflnet,1,b_abs,9110
1772335599,kamailio,aflnet,1,l_per,6.6
1772335599,kamailio,aflnet,1,l_abs,15725
1772335599,kamailio,aflnet,1,b_per,1.6
1772335599,kamailio,aflnet,1,b_abs,9111
1772335605,kamailio,aflnet,1,l_per,6.6
1772335605,kamailio,aflnet,1,l_abs,15725
1772335605,kamailio,aflnet,1,b_per,1.6
1772335605,kamailio,aflnet,1,b_abs,9111
1772335610,kamailio,aflnet,1,l_per,6.6
1772335610,kamailio,aflnet,1,l_abs,15725
1772335610,kamailio,aflnet,1,b_per,1.6
1772335610,kamailio,aflnet,1,b_abs,9111
1772335622,kamailio,aflnet,1,l_per,6.6
1772335622,kamailio,aflnet,1,l_abs,15725
1772335622,kamailio,aflnet,1,b_per,1.6
1772335622,kamailio,aflnet,1,b_abs,9111
1772335651,kamailio,aflnet,1,l_per,6.6
1772335651,kamailio,aflnet,1,l_abs,15725
1772335651,kamailio,aflnet,1,b_per,1.6
1772335651,kamailio,aflnet,1,b_abs,9111
1772335653,kamailio,aflnet,1,l_per,6.6
1772335653,kamailio,aflnet,1,l_abs,15725
1772335653,kamailio,aflnet,1,b_per,1.6
1772335653,kamailio,aflnet,1,b_abs,9111
1772335668,kamailio,aflnet,1,l_per,6.6
1772335668,kamailio,aflnet,1,l_abs,15725
1772335668,kamailio,aflnet,1,b_per,1.6
1772335668,kamailio,aflnet,1,b_abs,9111
1772335670,kamailio,aflnet,1,l_per,6.6
1772335670,kamailio,aflnet,1,l_abs,15725
1772335670,kamailio,aflnet,1,b_per,1.6
1772335670,kamailio,aflnet,1,b_abs,9111
1772335673,kamailio,aflnet,1,l_per,6.6
1772335673,kamailio,aflnet,1,l_abs,15725
1772335673,kamailio,aflnet,1,b_per,1.6
1772335673,kamailio,aflnet,1,b_abs,9111
1772335689,kamailio,aflnet,1,l_per,6.6
1772335689,kamailio,aflnet,1,l_abs,15725
1772335689,kamailio,aflnet,1,b_per,1.6
1772335689,kamailio,aflnet,1,b_abs,9111
1772335697,kamailio,aflnet,1,l_per,6.6
1772335697,kamailio,aflnet,1,l_abs,15725
1772335697,kamailio,aflnet,1,b_per,1.6
1772335697,kamailio,aflnet,1,b_abs,9111
1772335706,kamailio,aflnet,1,l_per,6.6
1772335706,kamailio,aflnet,1,l_abs,15725
1772335706,kamailio,aflnet,1,b_per,1.6
1772335706,kamailio,aflnet,1,b_abs,9111
1772335708,kamailio,aflnet,1,l_per,6.6
1772335708,kamailio,aflnet,1,l_abs,15725
1772335708,kamailio,aflnet,1,b_per,1.6
1772335708,kamailio,aflnet,1,b_abs,9112
1772335732,kamailio,aflnet,1,l_per,6.6
1772335732,kamailio,aflnet,1,l_abs,15725
1772335732,kamailio,aflnet,1,b_per,1.6
1772335732,kamailio,aflnet,1,b_abs,9112
1772335749,kamailio,aflnet,1,l_per,6.6
1772335749,kamailio,aflnet,1,l_abs,15725
1772335749,kamailio,aflnet,1,b_per,1.6
1772335749,kamailio,aflnet,1,b_abs,9112
1772335772,kamailio,aflnet,1,l_per,6.6
1772335772,kamailio,aflnet,1,l_abs,15725
1772335772,kamailio,aflnet,1,b_per,1.6
1772335772,kamailio,aflnet,1,b_abs,9112
1772335775,kamailio,aflnet,1,l_per,6.6
1772335775,kamailio,aflnet,1,l_abs,15725
1772335775,kamailio,aflnet,1,b_per,1.6
1772335775,kamailio,aflnet,1,b_abs,9112
1772335783,kamailio,aflnet,1,l_per,6.6
1772335783,kamailio,aflnet,1,l_abs,15725
1772335783,kamailio,aflnet,1,b_per,1.6
1772335783,kamailio,aflnet,1,b_abs,9115
1772335786,kamailio,aflnet,1,l_per,6.6
1772335786,kamailio,aflnet,1,l_abs,15725
1772335786,kamailio,aflnet,1,b_per,1.6
1772335786,kamailio,aflnet,1,b_abs,9115
1772335792,kamailio,aflnet,1,l_per,6.6
1772335792,kamailio,aflnet,1,l_abs,15725
1772335792,kamailio,aflnet,1,b_per,1.6
1772335792,kamailio,aflnet,1,b_abs,9116
1772335795,kamailio,aflnet,1,l_per,6.6
1772335795,kamailio,aflnet,1,l_abs,15725
1772335795,kamailio,aflnet,1,b_per,1.6
1772335795,kamailio,aflnet,1,b_abs,9116
1772335797,kamailio,aflnet,1,l_per,6.6
1772335797,kamailio,aflnet,1,l_abs,15725
1772335797,kamailio,aflnet,1,b_per,1.6
1772335797,kamailio,aflnet,1,b_abs,9116
1772335803,kamailio,aflnet,1,l_per,6.6
1772335803,kamailio,aflnet,1,l_abs,15725
1772335803,kamailio,aflnet,1,b_per,1.6
1772335803,kamailio,aflnet,1,b_abs,9116
1772335808,kamailio,aflnet,1,l_per,6.6
1772335808,kamailio,aflnet,1,l_abs,15725
1772335808,kamailio,aflnet,1,b_per,1.6
1772335808,kamailio,aflnet,1,b_abs,9116
1772335810,kamailio,aflnet,1,l_per,6.6
1772335810,kamailio,aflnet,1,l_abs,15725
1772335810,kamailio,aflnet,1,b_per,1.6
1772335810,kamailio,aflnet,1,b_abs,9116
1772335812,kamailio,aflnet,1,l_per,6.6
1772335812,kamailio,aflnet,1,l_abs,15725
1772335812,kamailio,aflnet,1,b_per,1.6
1772335812,kamailio,aflnet,1,b_abs,9117
1772335817,kamailio,aflnet,1,l_per,6.6
1772335817,kamailio,aflnet,1,l_abs,15725
1772335817,kamailio,aflnet,1,b_per,1.6
1772335817,kamailio,aflnet,1,b_abs,9117
1772335833,kamailio,aflnet,1,l_per,6.6
1772335833,kamailio,aflnet,1,l_abs,15725
1772335833,kamailio,aflnet,1,b_per,1.6
1772335833,kamailio,aflnet,1,b_abs,9117
1772335836,kamailio,aflnet,1,l_per,6.6
1772335836,kamailio,aflnet,1,l_abs,15725
1772335836,kamailio,aflnet,1,b_per,1.6
1772335836,kamailio,aflnet,1,b_abs,9117
1772335840,kamailio,aflnet,1,l_per,6.6
1772335840,kamailio,aflnet,1,l_abs,15725
1772335840,kamailio,aflnet,1,b_per,1.6
1772335840,kamailio,aflnet,1,b_abs,9117
1772335851,kamailio,aflnet,1,l_per,6.6
1772335851,kamailio,aflnet,1,l_abs,15725
1772335851,kamailio,aflnet,1,b_per,1.6
1772335851,kamailio,aflnet,1,b_abs,9117
1772335855,kamailio,aflnet,1,l_per,6.6
1772335855,kamailio,aflnet,1,l_abs,15725
1772335855,kamailio,aflnet,1,b_per,1.6
1772335855,kamailio,aflnet,1,b_abs,9117
1772335858,kamailio,aflnet,1,l_per,6.6
1772335858,kamailio,aflnet,1,l_abs,15725
1772335858,kamailio,aflnet,1,b_per,1.6
1772335858,kamailio,aflnet,1,b_abs,9117
1772335861,kamailio,aflnet,1,l_per,6.6
1772335861,kamailio,aflnet,1,l_abs,15725
1772335861,kamailio,aflnet,1,b_per,1.6
1772335861,kamailio,aflnet,1,b_abs,9117
1772335870,kamailio,aflnet,1,l_per,6.6
1772335870,kamailio,aflnet,1,l_abs,15725
1772335870,kamailio,aflnet,1,b_per,1.6
1772335870,kamailio,aflnet,1,b_abs,9123
1772335878,kamailio,aflnet,1,l_per,6.6
1772335878,kamailio,aflnet,1,l_abs,15725
1772335878,kamailio,aflnet,1,b_per,1.6
1772335878,kamailio,aflnet,1,b_abs,9123
1772335880,kamailio,aflnet,1,l_per,6.6
1772335880,kamailio,aflnet,1,l_abs,15725
1772335880,kamailio,aflnet,1,b_per,1.6
1772335880,kamailio,aflnet,1,b_abs,9123
1772335887,kamailio,aflnet,1,l_per,6.6
1772335887,kamailio,aflnet,1,l_abs,15725
1772335887,kamailio,aflnet,1,b_per,1.6
1772335887,kamailio,aflnet,1,b_abs,9123
1772335902,kamailio,aflnet,1,l_per,6.6
1772335902,kamailio,aflnet,1,l_abs,15725
1772335902,kamailio,aflnet,1,b_per,1.6
1772335902,kamailio,aflnet,1,b_abs,9123
1772335916,kamailio,aflnet,1,l_per,6.6
1772335916,kamailio,aflnet,1,l_abs,15725
1772335916,kamailio,aflnet,1,b_per,1.6
1772335916,kamailio,aflnet,1,b_abs,9125
1772335920,kamailio,aflnet,1,l_per,6.6
1772335920,kamailio,aflnet,1,l_abs,15725
1772335920,kamailio,aflnet,1,b_per,1.6
1772335920,kamailio,aflnet,1,b_abs,9125
1772335946,kamailio,aflnet,1,l_per,6.6
1772335946,kamailio,aflnet,1,l_abs,15725
1772335946,kamailio,aflnet,1,b_per,1.6
1772335946,kamailio,aflnet,1,b_abs,9125
1772335950,kamailio,aflnet,1,l_per,6.6
1772335950,kamailio,aflnet,1,l_abs,15728
1772335950,kamailio,aflnet,1,b_per,1.6
1772335950,kamailio,aflnet,1,b_abs,9134
1772335953,kamailio,aflnet,1,l_per,6.6
1772335953,kamailio,aflnet,1,l_abs,15728
1772335953,kamailio,aflnet,1,b_per,1.6
1772335953,kamailio,aflnet,1,b_abs,9134
1772335955,kamailio,aflnet,1,l_per,6.6
1772335955,kamailio,aflnet,1,l_abs,15728
1772335955,kamailio,aflnet,1,b_per,1.6
1772335955,kamailio,aflnet,1,b_abs,9134
1772335957,kamailio,aflnet,1,l_per,6.6
1772335957,kamailio,aflnet,1,l_abs,15728
1772335957,kamailio,aflnet,1,b_per,1.6
1772335957,kamailio,aflnet,1,b_abs,9134
1772335966,kamailio,aflnet,1,l_per,6.6
1772335966,kamailio,aflnet,1,l_abs,15728
1772335966,kamailio,aflnet,1,b_per,1.6
1772335966,kamailio,aflnet,1,b_abs,9134
1772335974,kamailio,aflnet,1,l_per,6.6
1772335974,kamailio,aflnet,1,l_abs,15728
1772335974,kamailio,aflnet,1,b_per,1.6
1772335974,kamailio,aflnet,1,b_abs,9134
1772335980,kamailio,aflnet,1,l_per,6.6
1772335980,kamailio,aflnet,1,l_abs,15731
1772335980,kamailio,aflnet,1,b_per,1.6
1772335980,kamailio,aflnet,1,b_abs,9143
1772335984,kamailio,aflnet,1,l_per,6.6
1772335984,kamailio,aflnet,1,l_abs,15731
1772335984,kamailio,aflnet,1,b_per,1.6
1772335984,kamailio,aflnet,1,b_abs,9143
1772335997,kamailio,aflnet,1,l_per,6.6
1772335997,kamailio,aflnet,1,l_abs,15731
1772335997,kamailio,aflnet,1,b_per,1.6
1772335997,kamailio,aflnet,1,b_abs,9143
1772336000,kamailio,aflnet,1,l_per,6.6
1772336000,kamailio,aflnet,1,l_abs,15733
1772336000,kamailio,aflnet,1,b_per,1.6
1772336000,kamailio,aflnet,1,b_abs,9152
1772336010,kamailio,aflnet,1,l_per,6.6
1772336010,kamailio,aflnet,1,l_abs,15733
1772336010,kamailio,aflnet,1,b_per,1.6
1772336010,kamailio,aflnet,1,b_abs,9152
1772336016,kamailio,aflnet,1,l_per,6.6
1772336016,kamailio,aflnet,1,l_abs,15733
1772336016,kamailio,aflnet,1,b_per,1.6
1772336016,kamailio,aflnet,1,b_abs,9152
1772336018,kamailio,aflnet,1,l_per,6.6
1772336018,kamailio,aflnet,1,l_abs,15733
1772336018,kamailio,aflnet,1,b_per,1.6
1772336018,kamailio,aflnet,1,b_abs,9152
1772336025,kamailio,aflnet,1,l_per,6.6
1772336025,kamailio,aflnet,1,l_abs,15733
1772336025,kamailio,aflnet,1,b_per,1.6
1772336025,kamailio,aflnet,1,b_abs,9152
1772336029,kamailio,aflnet,1,l_per,6.6
1772336029,kamailio,aflnet,1,l_abs,15733
1772336029,kamailio,aflnet,1,b_per,1.6
1772336029,kamailio,aflnet,1,b_abs,9152
1772336048,kamailio,aflnet,1,l_per,6.6
1772336048,kamailio,aflnet,1,l_abs,15733
1772336048,kamailio,aflnet,1,b_per,1.6
1772336048,kamailio,aflnet,1,b_abs,9152
1772336054,kamailio,aflnet,1,l_per,6.6
1772336054,kamailio,aflnet,1,l_abs,15733
1772336054,kamailio,aflnet,1,b_per,1.6
1772336054,kamailio,aflnet,1,b_abs,9152
1772336058,kamailio,aflnet,1,l_per,6.6
1772336058,kamailio,aflnet,1,l_abs,15738
1772336058,kamailio,aflnet,1,b_per,1.6
1772336058,kamailio,aflnet,1,b_abs,9155
1772336065,kamailio,aflnet,1,l_per,6.6
1772336065,kamailio,aflnet,1,l_abs,15738
1772336065,kamailio,aflnet,1,b_per,1.6
1772336065,kamailio,aflnet,1,b_abs,9155
1772336077,kamailio,aflnet,1,l_per,6.6
1772336077,kamailio,aflnet,1,l_abs,15738
1772336077,kamailio,aflnet,1,b_per,1.6
1772336077,kamailio,aflnet,1,b_abs,9155
1772336082,kamailio,aflnet,1,l_per,6.6
1772336082,kamailio,aflnet,1,l_abs,15738
1772336082,kamailio,aflnet,1,b_per,1.6
1772336082,kamailio,aflnet,1,b_abs,9155
1772336086,kamailio,aflnet,1,l_per,6.6
1772336086,kamailio,aflnet,1,l_abs,15738
1772336086,kamailio,aflnet,1,b_per,1.6
1772336086,kamailio,aflnet,1,b_abs,9155
1772336102,kamailio,aflnet,1,l_per,6.6
1772336102,kamailio,aflnet,1,l_abs,15738
1772336102,kamailio,aflnet,1,b_per,1.6
1772336102,kamailio,aflnet,1,b_abs,9155
1772336105,kamailio,aflnet,1,l_per,6.6
1772336105,kamailio,aflnet,1,l_abs,15738
1772336105,kamailio,aflnet,1,b_per,1.6
1772336105,kamailio,aflnet,1,b_abs,9155
1772336108,kamailio,aflnet,1,l_per,6.6
1772336108,kamailio,aflnet,1,l_abs,15738
1772336108,kamailio,aflnet,1,b_per,1.6
1772336108,kamailio,aflnet,1,b_abs,9155
1772336113,kamailio,aflnet,1,l_per,6.6
1772336113,kamailio,aflnet,1,l_abs,15741
1772336113,kamailio,aflnet,1,b_per,1.6
1772336113,kamailio,aflnet,1,b_abs,9156
1772336118,kamailio,aflnet,1,l_per,6.6
1772336118,kamailio,aflnet,1,l_abs,15741
1772336118,kamailio,aflnet,1,b_per,1.6
1772336118,kamailio,aflnet,1,b_abs,9156
1772336120,kamailio,aflnet,1,l_per,6.6
1772336120,kamailio,aflnet,1,l_abs,15741
1772336120,kamailio,aflnet,1,b_per,1.6
1772336120,kamailio,aflnet,1,b_abs,9156
1772336128,kamailio,aflnet,1,l_per,6.6
1772336128,kamailio,aflnet,1,l_abs,15741
1772336128,kamailio,aflnet,1,b_per,1.6
1772336128,kamailio,aflnet,1,b_abs,9156
1772336131,kamailio,aflnet,1,l_per,6.6
1772336131,kamailio,aflnet,1,l_abs,15741
1772336131,kamailio,aflnet,1,b_per,1.6
1772336131,kamailio,aflnet,1,b_abs,9156
1772336144,kamailio,aflnet,1,l_per,6.6
1772336144,kamailio,aflnet,1,l_abs,15741
1772336144,kamailio,aflnet,1,b_per,1.6
1772336144,kamailio,aflnet,1,b_abs,9156
1772336150,kamailio,aflnet,1,l_per,6.6
1772336150,kamailio,aflnet,1,l_abs,15741
1772336150,kamailio,aflnet,1,b_per,1.6
1772336150,kamailio,aflnet,1,b_abs,9156
1772336156,kamailio,aflnet,1,l_per,6.6
1772336156,kamailio,aflnet,1,l_abs,15741
1772336156,kamailio,aflnet,1,b_per,1.6
1772336156,kamailio,aflnet,1,b_abs,9157
1772336166,kamailio,aflnet,1,l_per,6.6
1772336166,kamailio,aflnet,1,l_abs,15741
1772336166,kamailio,aflnet,1,b_per,1.6
1772336166,kamailio,aflnet,1,b_abs,9157
1772336179,kamailio,aflnet,1,l_per,6.6
1772336179,kamailio,aflnet,1,l_abs,15741
1772336179,kamailio,aflnet,1,b_per,1.6
1772336179,kamailio,aflnet,1,b_abs,9157
1772336183,kamailio,aflnet,1,l_per,6.6
1772336183,kamailio,aflnet,1,l_abs,15741
1772336183,kamailio,aflnet,1,b_per,1.6
1772336183,kamailio,aflnet,1,b_abs,9157
1772336186,kamailio,aflnet,1,l_per,6.6
1772336186,kamailio,aflnet,1,l_abs,15741
1772336186,kamailio,aflnet,1,b_per,1.6
1772336186,kamailio,aflnet,1,b_abs,9158
1772336212,kamailio,aflnet,1,l_per,6.6
1772336212,kamailio,aflnet,1,l_abs,15741
1772336212,kamailio,aflnet,1,b_per,1.6
1772336212,kamailio,aflnet,1,b_abs,9158
1772336219,kamailio,aflnet,1,l_per,6.6
1772336219,kamailio,aflnet,1,l_abs,15741
1772336219,kamailio,aflnet,1,b_per,1.6
1772336219,kamailio,aflnet,1,b_abs,9158
1772336225,kamailio,aflnet,1,l_per,6.6
1772336225,kamailio,aflnet,1,l_abs,15741
1772336225,kamailio,aflnet,1,b_per,1.6
1772336225,kamailio,aflnet,1,b_abs,9158
1772336237,kamailio,aflnet,1,l_per,6.6
1772336237,kamailio,aflnet,1,l_abs,15749
1772336237,kamailio,aflnet,1,b_per,1.6
1772336237,kamailio,aflnet,1,b_abs,9161
1772336252,kamailio,aflnet,1,l_per,6.6
1772336252,kamailio,aflnet,1,l_abs,15752
1772336252,kamailio,aflnet,1,b_per,1.6
1772336252,kamailio,aflnet,1,b_abs,9162
1772336256,kamailio,aflnet,1,l_per,6.6
1772336256,kamailio,aflnet,1,l_abs,15752
1772336256,kamailio,aflnet,1,b_per,1.6
1772336256,kamailio,aflnet,1,b_abs,9162
1772336258,kamailio,aflnet,1,l_per,6.6
1772336258,kamailio,aflnet,1,l_abs,15752
1772336258,kamailio,aflnet,1,b_per,1.6
1772336258,kamailio,aflnet,1,b_abs,9162
1772336267,kamailio,aflnet,1,l_per,6.6
1772336267,kamailio,aflnet,1,l_abs,15752
1772336267,kamailio,aflnet,1,b_per,1.6
1772336267,kamailio,aflnet,1,b_abs,9162
1772336271,kamailio,aflnet,1,l_per,6.6
1772336271,kamailio,aflnet,1,l_abs,15752
1772336271,kamailio,aflnet,1,b_per,1.6
1772336271,kamailio,aflnet,1,b_abs,9163
1772336308,kamailio,aflnet,1,l_per,6.6
1772336308,kamailio,aflnet,1,l_abs,15752
1772336308,kamailio,aflnet,1,b_per,1.6
1772336308,kamailio,aflnet,1,b_abs,9163
1772336324,kamailio,aflnet,1,l_per,6.6
1772336324,kamailio,aflnet,1,l_abs,15752
1772336324,kamailio,aflnet,1,b_per,1.6
1772336324,kamailio,aflnet,1,b_abs,9164
1772336331,kamailio,aflnet,1,l_per,6.6
1772336331,kamailio,aflnet,1,l_abs,15752
1772336331,kamailio,aflnet,1,b_per,1.6
1772336331,kamailio,aflnet,1,b_abs,9164
1772336333,kamailio,aflnet,1,l_per,6.6
1772336333,kamailio,aflnet,1,l_abs,15752
1772336333,kamailio,aflnet,1,b_per,1.6
1772336333,kamailio,aflnet,1,b_abs,9165
1772336342,kamailio,aflnet,1,l_per,6.6
1772336342,kamailio,aflnet,1,l_abs,15755
1772336342,kamailio,aflnet,1,b_per,1.6
1772336342,kamailio,aflnet,1,b_abs,9166
1772336353,kamailio,aflnet,1,l_per,6.6
1772336353,kamailio,aflnet,1,l_abs,15757
1772336353,kamailio,aflnet,1,b_per,1.6
1772336353,kamailio,aflnet,1,b_abs,9167
1772336365,kamailio,aflnet,1,l_per,6.6
1772336365,kamailio,aflnet,1,l_abs,15758
1772336365,kamailio,aflnet,1,b_per,1.6
1772336365,kamailio,aflnet,1,b_abs,9168
1772336373,kamailio,aflnet,1,l_per,6.6
1772336373,kamailio,aflnet,1,l_abs,15758
1772336373,kamailio,aflnet,1,b_per,1.6
1772336373,kamailio,aflnet,1,b_abs,9168
1772336388,kamailio,aflnet,1,l_per,6.6
1772336388,kamailio,aflnet,1,l_abs,15758
1772336388,kamailio,aflnet,1,b_per,1.6
1772336388,kamailio,aflnet,1,b_abs,9168
1772336397,kamailio,aflnet,1,l_per,6.6
1772336397,kamailio,aflnet,1,l_abs,15758
1772336397,kamailio,aflnet,1,b_per,1.6
1772336397,kamailio,aflnet,1,b_abs,9168
1772336405,kamailio,aflnet,1,l_per,6.6
1772336405,kamailio,aflnet,1,l_abs,15758
1772336405,kamailio,aflnet,1,b_per,1.6
1772336405,kamailio,aflnet,1,b_abs,9168
1772336415,kamailio,aflnet,1,l_per,6.6
1772336415,kamailio,aflnet,1,l_abs,15758
1772336415,kamailio,aflnet,1,b_per,1.6
1772336415,kamailio,aflnet,1,b_abs,9168
1772336437,kamailio,aflnet,1,l_per,6.6
1772336437,kamailio,aflnet,1,l_abs,15758
1772336437,kamailio,aflnet,1,b_per,1.6
1772336437,kamailio,aflnet,1,b_abs,9168
1772336440,kamailio,aflnet,1,l_per,6.6
1772336440,kamailio,aflnet,1,l_abs,15758
1772336440,kamailio,aflnet,1,b_per,1.6
1772336440,kamailio,aflnet,1,b_abs,9168
1772336443,kamailio,aflnet,1,l_per,6.6
1772336443,kamailio,aflnet,1,l_abs,15758
1772336443,kamailio,aflnet,1,b_per,1.6
1772336443,kamailio,aflnet,1,b_abs,9168
1772336465,kamailio,aflnet,1,l_per,6.6
1772336465,kamailio,aflnet,1,l_abs,15758
1772336465,kamailio,aflnet,1,b_per,1.6
1772336465,kamailio,aflnet,1,b_abs,9168
1772336480,kamailio,aflnet,1,l_per,6.6
1772336480,kamailio,aflnet,1,l_abs,15758
1772336480,kamailio,aflnet,1,b_per,1.6
1772336480,kamailio,aflnet,1,b_abs,9168
1772336483,kamailio,aflnet,1,l_per,6.6
1772336483,kamailio,aflnet,1,l_abs,15758
1772336483,kamailio,aflnet,1,b_per,1.6
1772336483,kamailio,aflnet,1,b_abs,9168
1772336496,kamailio,aflnet,1,l_per,6.6
1772336496,kamailio,aflnet,1,l_abs,15758
1772336496,kamailio,aflnet,1,b_per,1.6
1772336496,kamailio,aflnet,1,b_abs,9168
1772336515,kamailio,aflnet,1,l_per,6.7
1772336515,kamailio,aflnet,1,l_abs,15760
1772336515,kamailio,aflnet,1,b_per,1.6
1772336515,kamailio,aflnet,1,b_abs,9169
1772336519,kamailio,aflnet,1,l_per,6.7
1772336519,kamailio,aflnet,1,l_abs,15760
1772336519,kamailio,aflnet,1,b_per,1.6
1772336519,kamailio,aflnet,1,b_abs,9169
1772336536,kamailio,aflnet,1,l_per,6.7
1772336536,kamailio,aflnet,1,l_abs,15760
1772336536,kamailio,aflnet,1,b_per,1.6
1772336536,kamailio,aflnet,1,b_abs,9169
1772331373,kamailio,chatafl,1,l_per,4.2
1772331373,kamailio,chatafl,1,l_abs,10014
1772331373,kamailio,chatafl,1,b_per,0.8
1772331373,kamailio,chatafl,1,b_abs,4638
1772331375,kamailio,chatafl,1,l_per,4.6
1772331375,kamailio,chatafl,1,l_abs,11012
1772331375,kamailio,chatafl,1,b_per,0.9
1772331375,kamailio,chatafl,1,b_abs,5324
1772331376,kamailio,chatafl,1,l_per,5.1
1772331376,kamailio,chatafl,1,l_abs,12126
1772331376,kamailio,chatafl,1,b_per,1.0
1772331376,kamailio,chatafl,1,b_abs,5832
1772331378,kamailio,chatafl,1,l_per,5.1
1772331378,kamailio,chatafl,1,l_abs,12129
1772331378,kamailio,chatafl,1,b_per,1.0
1772331378,kamailio,chatafl,1,b_abs,5836
1772331379,kamailio,chatafl,1,l_per,5.1
1772331379,kamailio,chatafl,1,l_abs,12136
1772331379,kamailio,chatafl,1,b_per,1.0
1772331379,kamailio,chatafl,1,b_abs,5843
1772331387,kamailio,chatafl,1,l_per,5.3
1772331387,kamailio,chatafl,1,l_abs,12642
1772331387,kamailio,chatafl,1,b_per,1.1
1772331387,kamailio,chatafl,1,b_abs,6187
1772331389,kamailio,chatafl,1,l_per,5.3
1772331389,kamailio,chatafl,1,l_abs,12649
1772331389,kamailio,chatafl,1,b_per,1.1
1772331389,kamailio,chatafl,1,b_abs,6194
1772331390,kamailio,chatafl,1,l_per,5.4
1772331390,kamailio,chatafl,1,l_abs,12905
1772331390,kamailio,chatafl,1,b_per,1.1
1772331390,kamailio,chatafl,1,b_abs,6325
1772331392,kamailio,chatafl,1,l_per,5.6
1772331392,kamailio,chatafl,1,l_abs,13234
1772331392,kamailio,chatafl,1,b_per,1.1
1772331392,kamailio,chatafl,1,b_abs,6525
1772331400,kamailio,chatafl,1,l_per,5.6
1772331400,kamailio,chatafl,1,l_abs,13234
1772331400,kamailio,chatafl,1,b_per,1.1
1772331400,kamailio,chatafl,1,b_abs,6525
1772331401,kamailio,chatafl,1,l_per,5.6
1772331401,kamailio,chatafl,1,l_abs,13234
1772331401,kamailio,chatafl,1,b_per,1.1
1772331401,kamailio,chatafl,1,b_abs,6525
1772331403,kamailio,chatafl,1,l_per,5.6
1772331403,kamailio,chatafl,1,l_abs,13240
1772331403,kamailio,chatafl,1,b_per,1.2
1772331403,kamailio,chatafl,1,b_abs,6533
1772331404,kamailio,chatafl,1,l_per,5.6
1772331404,kamailio,chatafl,1,l_abs,13240
1772331404,kamailio,chatafl,1,b_per,1.2
1772331404,kamailio,chatafl,1,b_abs,6533
1772331406,kamailio,chatafl,1,l_per,5.6
1772331406,kamailio,chatafl,1,l_abs,13244
1772331406,kamailio,chatafl,1,b_per,1.2
1772331406,kamailio,chatafl,1,b_abs,6536
1772331408,kamailio,chatafl,1,l_per,5.6
1772331408,kamailio,chatafl,1,l_abs,13274
1772331408,kamailio,chatafl,1,b_per,1.2
1772331408,kamailio,chatafl,1,b_abs,6556
1772331409,kamailio,chatafl,1,l_per,5.6
1772331409,kamailio,chatafl,1,l_abs,13274
1772331409,kamailio,chatafl,1,b_per,1.2
1772331409,kamailio,chatafl,1,b_abs,6556
1772331411,kamailio,chatafl,1,l_per,5.6
1772331411,kamailio,chatafl,1,l_abs,13274
1772331411,kamailio,chatafl,1,b_per,1.2
1772331411,kamailio,chatafl,1,b_abs,6556
1772331412,kamailio,chatafl,1,l_per,5.6
1772331412,kamailio,chatafl,1,l_abs,13277
1772331412,kamailio,chatafl,1,b_per,1.2
1772331412,kamailio,chatafl,1,b_abs,6560
1772331414,kamailio,chatafl,1,l_per,5.6
1772331414,kamailio,chatafl,1,l_abs,13277
1772331414,kamailio,chatafl,1,b_per,1.2
1772331414,kamailio,chatafl,1,b_abs,6560
1772331415,kamailio,chatafl,1,l_per,5.6
1772331415,kamailio,chatafl,1,l_abs,13277
1772331415,kamailio,chatafl,1,b_per,1.2
1772331415,kamailio,chatafl,1,b_abs,6560
1772331417,kamailio,chatafl,1,l_per,5.6
1772331417,kamailio,chatafl,1,l_abs,13296
1772331417,kamailio,chatafl,1,b_per,1.2
1772331417,kamailio,chatafl,1,b_abs,6566
1772331419,kamailio,chatafl,1,l_per,5.6
1772331419,kamailio,chatafl,1,l_abs,13296
1772331419,kamailio,chatafl,1,b_per,1.2
1772331419,kamailio,chatafl,1,b_abs,6566
1772331420,kamailio,chatafl,1,l_per,5.6
1772331420,kamailio,chatafl,1,l_abs,13296
1772331420,kamailio,chatafl,1,b_per,1.2
1772331420,kamailio,chatafl,1,b_abs,6566
1772331422,kamailio,chatafl,1,l_per,5.6
1772331422,kamailio,chatafl,1,l_abs,13296
1772331422,kamailio,chatafl,1,b_per,1.2
1772331422,kamailio,chatafl,1,b_abs,6566
1772331423,kamailio,chatafl,1,l_per,5.6
1772331423,kamailio,chatafl,1,l_abs,13296
1772331423,kamailio,chatafl,1,b_per,1.2
1772331423,kamailio,chatafl,1,b_abs,6567
1772331425,kamailio,chatafl,1,l_per,5.6
1772331425,kamailio,chatafl,1,l_abs,13296
1772331425,kamailio,chatafl,1,b_per,1.2
1772331425,kamailio,chatafl,1,b_abs,6567
1772331426,kamailio,chatafl,1,l_per,5.6
1772331426,kamailio,chatafl,1,l_abs,13296
1772331426,kamailio,chatafl,1,b_per,1.2
1772331426,kamailio,chatafl,1,b_abs,6567
1772331428,kamailio,chatafl,1,l_per,5.6
1772331428,kamailio,chatafl,1,l_abs,13296
1772331428,kamailio,chatafl,1,b_per,1.2
1772331428,kamailio,chatafl,1,b_abs,6567
1772331429,kamailio,chatafl,1,l_per,5.6
1772331429,kamailio,chatafl,1,l_abs,13296
1772331429,kamailio,chatafl,1,b_per,1.2
1772331429,kamailio,chatafl,1,b_abs,6567
1772331431,kamailio,chatafl,1,l_per,5.6
1772331431,kamailio,chatafl,1,l_abs,13296
1772331431,kamailio,chatafl,1,b_per,1.2
1772331431,kamailio,chatafl,1,b_abs,6567
1772331433,kamailio,chatafl,1,l_per,5.6
1772331433,kamailio,chatafl,1,l_abs,13296
1772331433,kamailio,chatafl,1,b_per,1.2
1772331433,kamailio,chatafl,1,b_abs,6567
1772331434,kamailio,chatafl,1,l_per,5.6
1772331434,kamailio,chatafl,1,l_abs,13296
1772331434,kamailio,chatafl,1,b_per,1.2
1772331434,kamailio,chatafl,1,b_abs,6567
1772331436,kamailio,chatafl,1,l_per,5.6
1772331436,kamailio,chatafl,1,l_abs,13296
1772331436,kamailio,chatafl,1,b_per,1.2
1772331436,kamailio,chatafl,1,b_abs,6568
1772331437,kamailio,chatafl,1,l_per,5.6
1772331437,kamailio,chatafl,1,l_abs,13305
1772331437,kamailio,chatafl,1,b_per,1.2
1772331437,kamailio,chatafl,1,b_abs,6572
1772331439,kamailio,chatafl,1,l_per,5.6
1772331439,kamailio,chatafl,1,l_abs,13382
1772331439,kamailio,chatafl,1,b_per,1.2
1772331439,kamailio,chatafl,1,b_abs,6604
1772331440,kamailio,chatafl,1,l_per,5.6
1772331440,kamailio,chatafl,1,l_abs,13382
1772331440,kamailio,chatafl,1,b_per,1.2
1772331440,kamailio,chatafl,1,b_abs,6604
1772331442,kamailio,chatafl,1,l_per,5.7
1772331442,kamailio,chatafl,1,l_abs,13409
1772331442,kamailio,chatafl,1,b_per,1.2
1772331442,kamailio,chatafl,1,b_abs,6616
1772331444,kamailio,chatafl,1,l_per,5.7
1772331444,kamailio,chatafl,1,l_abs,13409
1772331444,kamailio,chatafl,1,b_per,1.2
1772331444,kamailio,chatafl,1,b_abs,6616
1772331445,kamailio,chatafl,1,l_per,5.7
1772331445,kamailio,chatafl,1,l_abs,13409
1772331445,kamailio,chatafl,1,b_per,1.2
1772331445,kamailio,chatafl,1,b_abs,6616
1772331447,kamailio,chatafl,1,l_per,5.7
1772331447,kamailio,chatafl,1,l_abs,13409
1772331447,kamailio,chatafl,1,b_per,1.2
1772331447,kamailio,chatafl,1,b_abs,6616
1772331448,kamailio,chatafl,1,l_per,5.7
1772331448,kamailio,chatafl,1,l_abs,13409
1772331448,kamailio,chatafl,1,b_per,1.2
1772331448,kamailio,chatafl,1,b_abs,6616
1772331450,kamailio,chatafl,1,l_per,5.7
1772331450,kamailio,chatafl,1,l_abs,13409
1772331450,kamailio,chatafl,1,b_per,1.2
1772331450,kamailio,chatafl,1,b_abs,6616
1772331451,kamailio,chatafl,1,l_per,5.7
1772331451,kamailio,chatafl,1,l_abs,13409
1772331451,kamailio,chatafl,1,b_per,1.2
1772331451,kamailio,chatafl,1,b_abs,6616
1772331453,kamailio,chatafl,1,l_per,5.7
1772331453,kamailio,chatafl,1,l_abs,13409
1772331453,kamailio,chatafl,1,b_per,1.2
1772331453,kamailio,chatafl,1,b_abs,6617
1772331454,kamailio,chatafl,1,l_per,5.7
1772331454,kamailio,chatafl,1,l_abs,13409
1772331454,kamailio,chatafl,1,b_per,1.2
1772331454,kamailio,chatafl,1,b_abs,6617
1772331456,kamailio,chatafl,1,l_per,5.7
1772331456,kamailio,chatafl,1,l_abs,13466
1772331456,kamailio,chatafl,1,b_per,1.2
1772331456,kamailio,chatafl,1,b_abs,6655
1772331373,kamailio,chatafl,1,l_per,5.7
1772331373,kamailio,chatafl,1,l_abs,13469
1772331373,kamailio,chatafl,1,b_per,1.2
1772331373,kamailio,chatafl,1,b_abs,6657
1772331375,kamailio,chatafl,1,l_per,5.7
1772331375,kamailio,chatafl,1,l_abs,13469
1772331375,kamailio,chatafl,1,b_per,1.2
1772331375,kamailio,chatafl,1,b_abs,6657
1772331376,kamailio,chatafl,1,l_per,5.7
1772331376,kamailio,chatafl,1,l_abs,13469
1772331376,kamailio,chatafl,1,b_per,1.2
1772331376,kamailio,chatafl,1,b_abs,6657
1772331378,kamailio,chatafl,1,l_per,5.7
1772331378,kamailio,chatafl,1,l_abs,13469
1772331378,kamailio,chatafl,1,b_per,1.2
1772331378,kamailio,chatafl,1,b_abs,6657
1772331379,kamailio,chatafl,1,l_per,5.7
1772331379,kamailio,chatafl,1,l_abs,13469
1772331379,kamailio,chatafl,1,b_per,1.2
1772331379,kamailio,chatafl,1,b_abs,6657
1772331387,kamailio,chatafl,1,l_per,5.7
1772331387,kamailio,chatafl,1,l_abs,13469
1772331387,kamailio,chatafl,1,b_per,1.2
1772331387,kamailio,chatafl,1,b_abs,6657
1772331389,kamailio,chatafl,1,l_per,5.7
1772331389,kamailio,chatafl,1,l_abs,13469
1772331389,kamailio,chatafl,1,b_per,1.2
1772331389,kamailio,chatafl,1,b_abs,6657
1772331390,kamailio,chatafl,1,l_per,5.7
1772331390,kamailio,chatafl,1,l_abs,13469
1772331390,kamailio,chatafl,1,b_per,1.2
1772331390,kamailio,chatafl,1,b_abs,6657
1772331392,kamailio,chatafl,1,l_per,5.7
1772331392,kamailio,chatafl,1,l_abs,13469
1772331392,kamailio,chatafl,1,b_per,1.2
1772331392,kamailio,chatafl,1,b_abs,6657
1772331400,kamailio,chatafl,1,l_per,5.7
1772331400,kamailio,chatafl,1,l_abs,13469
1772331400,kamailio,chatafl,1,b_per,1.2
1772331400,kamailio,chatafl,1,b_abs,6657
1772331401,kamailio,chatafl,1,l_per,5.7
1772331401,kamailio,chatafl,1,l_abs,13469
1772331401,kamailio,chatafl,1,b_per,1.2
1772331401,kamailio,chatafl,1,b_abs,6657
1772331403,kamailio,chatafl,1,l_per,5.7
1772331403,kamailio,chatafl,1,l_abs,13469
1772331403,kamailio,chatafl,1,b_per,1.2
1772331403,kamailio,chatafl,1,b_abs,6657
1772331404,kamailio,chatafl,1,l_per,5.7
1772331404,kamailio,chatafl,1,l_abs,13469
1772331404,kamailio,chatafl,1,b_per,1.2
1772331404,kamailio,chatafl,1,b_abs,6657
1772331406,kamailio,chatafl,1,l_per,5.7
1772331406,kamailio,chatafl,1,l_abs,13469
1772331406,kamailio,chatafl,1,b_per,1.2
1772331406,kamailio,chatafl,1,b_abs,6657
1772331408,kamailio,chatafl,1,l_per,5.7
1772331408,kamailio,chatafl,1,l_abs,13469
1772331408,kamailio,chatafl,1,b_per,1.2
1772331408,kamailio,chatafl,1,b_abs,6657
1772331409,kamailio,chatafl,1,l_per,5.7
1772331409,kamailio,chatafl,1,l_abs,13469
1772331409,kamailio,chatafl,1,b_per,1.2
1772331409,kamailio,chatafl,1,b_abs,6657
1772331411,kamailio,chatafl,1,l_per,5.7
1772331411,kamailio,chatafl,1,l_abs,13469
1772331411,kamailio,chatafl,1,b_per,1.2
1772331411,kamailio,chatafl,1,b_abs,6657
1772331412,kamailio,chatafl,1,l_per,5.7
1772331412,kamailio,chatafl,1,l_abs,13469
1772331412,kamailio,chatafl,1,b_per,1.2
1772331412,kamailio,chatafl,1,b_abs,6657
1772331414,kamailio,chatafl,1,l_per,5.7
1772331414,kamailio,chatafl,1,l_abs,13469
1772331414,kamailio,chatafl,1,b_per,1.2
1772331414,kamailio,chatafl,1,b_abs,6657
1772331415,kamailio,chatafl,1,l_per,5.7
1772331415,kamailio,chatafl,1,l_abs,13469
1772331415,kamailio,chatafl,1,b_per,1.2
1772331415,kamailio,chatafl,1,b_abs,6657
1772331417,kamailio,chatafl,1,l_per,5.7
1772331417,kamailio,chatafl,1,l_abs,13469
1772331417,kamailio,chatafl,1,b_per,1.2
1772331417,kamailio,chatafl,1,b_abs,6657
1772331419,kamailio,chatafl,1,l_per,5.7
1772331419,kamailio,chatafl,1,l_abs,13469
1772331419,kamailio,chatafl,1,b_per,1.2
1772331419,kamailio,chatafl,1,b_abs,6657
1772331420,kamailio,chatafl,1,l_per,5.7
1772331420,kamailio,chatafl,1,l_abs,13469
1772331420,kamailio,chatafl,1,b_per,1.2
1772331420,kamailio,chatafl,1,b_abs,6657
1772331422,kamailio,chatafl,1,l_per,5.7
1772331422,kamailio,chatafl,1,l_abs,13469
1772331422,kamailio,chatafl,1,b_per,1.2
1772331422,kamailio,chatafl,1,b_abs,6657
1772331423,kamailio,chatafl,1,l_per,5.7
1772331423,kamailio,chatafl,1,l_abs,13469
1772331423,kamailio,chatafl,1,b_per,1.2
1772331423,kamailio,chatafl,1,b_abs,6657
1772331425,kamailio,chatafl,1,l_per,5.7
1772331425,kamailio,chatafl,1,l_abs,13476
1772331425,kamailio,chatafl,1,b_per,1.2
1772331425,kamailio,chatafl,1,b_abs,6659
1772331426,kamailio,chatafl,1,l_per,5.7
1772331426,kamailio,chatafl,1,l_abs,13476
1772331426,kamailio,chatafl,1,b_per,1.2
1772331426,kamailio,chatafl,1,b_abs,6659
1772331428,kamailio,chatafl,1,l_per,5.7
1772331428,kamailio,chatafl,1,l_abs,13476
1772331428,kamailio,chatafl,1,b_per,1.2
1772331428,kamailio,chatafl,1,b_abs,6659
1772331429,kamailio,chatafl,1,l_per,5.7
1772331429,kamailio,chatafl,1,l_abs,13476
1772331429,kamailio,chatafl,1,b_per,1.2
1772331429,kamailio,chatafl,1,b_abs,6659
1772331431,kamailio,chatafl,1,l_per,5.7
1772331431,kamailio,chatafl,1,l_abs,13476
1772331431,kamailio,chatafl,1,b_per,1.2
1772331431,kamailio,chatafl,1,b_abs,6659
1772331433,kamailio,chatafl,1,l_per,5.7
1772331433,kamailio,chatafl,1,l_abs,13476
1772331433,kamailio,chatafl,1,b_per,1.2
1772331433,kamailio,chatafl,1,b_abs,6659
1772331434,kamailio,chatafl,1,l_per,5.7
1772331434,kamailio,chatafl,1,l_abs,13476
1772331434,kamailio,chatafl,1,b_per,1.2
1772331434,kamailio,chatafl,1,b_abs,6659
1772331436,kamailio,chatafl,1,l_per,5.7
1772331436,kamailio,chatafl,1,l_abs,13476
1772331436,kamailio,chatafl,1,b_per,1.2
1772331436,kamailio,chatafl,1,b_abs,6659
1772331437,kamailio,chatafl,1,l_per,5.7
1772331437,kamailio,chatafl,1,l_abs,13476
1772331437,kamailio,chatafl,1,b_per,1.2
1772331437,kamailio,chatafl,1,b_abs,6659
1772331439,kamailio,chatafl,1,l_per,5.7
1772331439,kamailio,chatafl,1,l_abs,13476
1772331439,kamailio,chatafl,1,b_per,1.2
1772331439,kamailio,chatafl,1,b_abs,6659
1772331440,kamailio,chatafl,1,l_per,5.7
1772331440,kamailio,chatafl,1,l_abs,13476
1772331440,kamailio,chatafl,1,b_per,1.2
1772331440,kamailio,chatafl,1,b_abs,6659
1772331442,kamailio,chatafl,1,l_per,5.7
1772331442,kamailio,chatafl,1,l_abs,13476
1772331442,kamailio,chatafl,1,b_per,1.2
1772331442,kamailio,chatafl,1,b_abs,6659
1772331444,kamailio,chatafl,1,l_per,5.7
1772331444,kamailio,chatafl,1,l_abs,13476
1772331444,kamailio,chatafl,1,b_per,1.2
1772331444,kamailio,chatafl,1,b_abs,6659
1772331445,kamailio,chatafl,1,l_per,5.7
1772331445,kamailio,chatafl,1,l_abs,13476
1772331445,kamailio,chatafl,1,b_per,1.2
1772331445,kamailio,chatafl,1,b_abs,6659
1772331447,kamailio,chatafl,1,l_per,5.7
1772331447,kamailio,chatafl,1,l_abs,13476
1772331447,kamailio,chatafl,1,b_per,1.2
1772331447,kamailio,chatafl,1,b_abs,6659
1772331448,kamailio,chatafl,1,l_per,5.7
1772331448,kamailio,chatafl,1,l_abs,13476
1772331448,kamailio,chatafl,1,b_per,1.2
1772331448,kamailio,chatafl,1,b_abs,6659
1772331450,kamailio,chatafl,1,l_per,5.7
1772331450,kamailio,chatafl,1,l_abs,13476
1772331450,kamailio,chatafl,1,b_per,1.2
1772331450,kamailio,chatafl,1,b_abs,6659
1772331451,kamailio,chatafl,1,l_per,5.7
1772331451,kamailio,chatafl,1,l_abs,13476
1772331451,kamailio,chatafl,1,b_per,1.2
1772331451,kamailio,chatafl,1,b_abs,6659
1772331453,kamailio,chatafl,1,l_per,5.7
1772331453,kamailio,chatafl,1,l_abs,13476
1772331453,kamailio,chatafl,1,b_per,1.2
1772331453,kamailio,chatafl,1,b_abs,6659
1772331454,kamailio,chatafl,1,l_per,5.7
1772331454,kamailio,chatafl,1,l_abs,13476
1772331454,kamailio,chatafl,1,b_per,1.2
1772331454,kamailio,chatafl,1,b_abs,6659
1772331456,kamailio,chatafl,1,l_per,5.7
1772331456,kamailio,chatafl,1,l_abs,13476
1772331456,kamailio,chatafl,1,b_per,1.2
1772331456,kamailio,chatafl,1,b_abs,6659
1772331460,kamailio,chatafl,1,l_per,5.7
1772331460,kamailio,chatafl,1,l_abs,13478
1772331460,kamailio,chatafl,1,b_per,1.2
1772331460,kamailio,chatafl,1,b_abs,6663
1772331462,kamailio,chatafl,1,l_per,5.7
1772331462,kamailio,chatafl,1,l_abs,13478
1772331462,kamailio,chatafl,1,b_per,1.2
1772331462,kamailio,chatafl,1,b_abs,6663
1772331464,kamailio,chatafl,1,l_per,5.7
1772331464,kamailio,chatafl,1,l_abs,13478
1772331464,kamailio,chatafl,1,b_per,1.2
1772331464,kamailio,chatafl,1,b_abs,6665
1772331467,kamailio,chatafl,1,l_per,5.7
1772331467,kamailio,chatafl,1,l_abs,13478
1772331467,kamailio,chatafl,1,b_per,1.2
1772331467,kamailio,chatafl,1,b_abs,6668
1772331469,kamailio,chatafl,1,l_per,5.7
1772331469,kamailio,chatafl,1,l_abs,13478
1772331469,kamailio,chatafl,1,b_per,1.2
1772331469,kamailio,chatafl,1,b_abs,6670
1772331472,kamailio,chatafl,1,l_per,5.7
1772331472,kamailio,chatafl,1,l_abs,13478
1772331472,kamailio,chatafl,1,b_per,1.2
1772331472,kamailio,chatafl,1,b_abs,6670
1772331475,kamailio,chatafl,1,l_per,5.7
1772331475,kamailio,chatafl,1,l_abs,13478
1772331475,kamailio,chatafl,1,b_per,1.2
1772331475,kamailio,chatafl,1,b_abs,6671
1772331477,kamailio,chatafl,1,l_per,5.7
1772331477,kamailio,chatafl,1,l_abs,13481
1772331477,kamailio,chatafl,1,b_per,1.2
1772331477,kamailio,chatafl,1,b_abs,6674
1772331481,kamailio,chatafl,1,l_per,5.7
1772331481,kamailio,chatafl,1,l_abs,13483
1772331481,kamailio,chatafl,1,b_per,1.2
1772331481,kamailio,chatafl,1,b_abs,6684
1772331486,kamailio,chatafl,1,l_per,5.7
1772331486,kamailio,chatafl,1,l_abs,13483
1772331486,kamailio,chatafl,1,b_per,1.2
1772331486,kamailio,chatafl,1,b_abs,6685
1772331495,kamailio,chatafl,1,l_per,5.7
1772331495,kamailio,chatafl,1,l_abs,13483
1772331495,kamailio,chatafl,1,b_per,1.2
1772331495,kamailio,chatafl,1,b_abs,6685
1772331496,kamailio,chatafl,1,l_per,5.7
1772331496,kamailio,chatafl,1,l_abs,13483
1772331496,kamailio,chatafl,1,b_per,1.2
1772331496,kamailio,chatafl,1,b_abs,6686
1772331499,kamailio,chatafl,1,l_per,5.7
1772331499,kamailio,chatafl,1,l_abs,13484
1772331499,kamailio,chatafl,1,b_per,1.2
1772331499,kamailio,chatafl,1,b_abs,6688
1772331501,kamailio,chatafl,1,l_per,5.7
1772331501,kamailio,chatafl,1,l_abs,13484
1772331501,kamailio,chatafl,1,b_per,1.2
1772331501,kamailio,chatafl,1,b_abs,6688
1772331503,kamailio,chatafl,1,l_per,5.7
1772331503,kamailio,chatafl,1,l_abs,13490
1772331503,kamailio,chatafl,1,b_per,1.2
1772331503,kamailio,chatafl,1,b_abs,6696
1772331507,kamailio,chatafl,1,l_per,5.7
1772331507,kamailio,chatafl,1,l_abs,13490
1772331507,kamailio,chatafl,1,b_per,1.2
1772331507,kamailio,chatafl,1,b_abs,6698
1772331510,kamailio,chatafl,1,l_per,5.7
1772331510,kamailio,chatafl,1,l_abs,13490
1772331510,kamailio,chatafl,1,b_per,1.2
1772331510,kamailio,chatafl,1,b_abs,6698
1772331512,kamailio,chatafl,1,l_per,5.7
1772331512,kamailio,chatafl,1,l_abs,13490
1772331512,kamailio,chatafl,1,b_per,1.2
1772331512,kamailio,chatafl,1,b_abs,6699
1772331517,kamailio,chatafl,1,l_per,5.7
1772331517,kamailio,chatafl,1,l_abs,13494
1772331517,kamailio,chatafl,1,b_per,1.2
1772331517,kamailio,chatafl,1,b_abs,6714
1772331528,kamailio,chatafl,1,l_per,5.7
1772331528,kamailio,chatafl,1,l_abs,13494
1772331528,kamailio,chatafl,1,b_per,1.2
1772331528,kamailio,chatafl,1,b_abs,6715
1772331534,kamailio,chatafl,1,l_per,5.7
1772331534,kamailio,chatafl,1,l_abs,13494
1772331534,kamailio,chatafl,1,b_per,1.2
1772331534,kamailio,chatafl,1,b_abs,6717
1772331537,kamailio,chatafl,1,l_per,5.7
1772331537,kamailio,chatafl,1,l_abs,13494
1772331537,kamailio,chatafl,1,b_per,1.2
1772331537,kamailio,chatafl,1,b_abs,6718
1772331538,kamailio,chatafl,1,l_per,5.7
1772331538,kamailio,chatafl,1,l_abs,13494
1772331538,kamailio,chatafl,1,b_per,1.2
1772331538,kamailio,chatafl,1,b_abs,6718
1772331543,kamailio,chatafl,1,l_per,5.7
1772331543,kamailio,chatafl,1,l_abs,13499
1772331543,kamailio,chatafl,1,b_per,1.2
1772331543,kamailio,chatafl,1,b_abs,6731
1772331546,kamailio,chatafl,1,l_per,5.7
1772331546,kamailio,chatafl,1,l_abs,13499
1772331546,kamailio,chatafl,1,b_per,1.2
1772331546,kamailio,chatafl,1,b_abs,6731
1772331549,kamailio,chatafl,1,l_per,5.7
1772331549,kamailio,chatafl,1,l_abs,13499
1772331549,kamailio,chatafl,1,b_per,1.2
1772331549,kamailio,chatafl,1,b_abs,6731
1772331556,kamailio,chatafl,1,l_per,5.7
1772331556,kamailio,chatafl,1,l_abs,13499
1772331556,kamailio,chatafl,1,b_per,1.2
1772331556,kamailio,chatafl,1,b_abs,6731
1772331560,kamailio,chatafl,1,l_per,5.7
1772331560,kamailio,chatafl,1,l_abs,13501
1772331560,kamailio,chatafl,1,b_per,1.2
1772331560,kamailio,chatafl,1,b_abs,6740
1772331574,kamailio,chatafl,1,l_per,5.7
1772331574,kamailio,chatafl,1,l_abs,13501
1772331574,kamailio,chatafl,1,b_per,1.2
1772331574,kamailio,chatafl,1,b_abs,6740
1772331585,kamailio,chatafl,1,l_per,5.7
1772331585,kamailio,chatafl,1,l_abs,13501
1772331585,kamailio,chatafl,1,b_per,1.2
1772331585,kamailio,chatafl,1,b_abs,6742
1772331589,kamailio,chatafl,1,l_per,5.7
1772331589,kamailio,chatafl,1,l_abs,13501
1772331589,kamailio,chatafl,1,b_per,1.2
1772331589,kamailio,chatafl,1,b_abs,6744
1772331601,kamailio,chatafl,1,l_per,5.7
1772331601,kamailio,chatafl,1,l_abs,13501
1772331601,kamailio,chatafl,1,b_per,1.2
1772331601,kamailio,chatafl,1,b_abs,6745
1772331603,kamailio,chatafl,1,l_per,5.7
1772331603,kamailio,chatafl,1,l_abs,13501
1772331603,kamailio,chatafl,1,b_per,1.2
1772331603,kamailio,chatafl,1,b_abs,6750
1772331609,kamailio,chatafl,1,l_per,5.7
1772331609,kamailio,chatafl,1,l_abs,13501
1772331609,kamailio,chatafl,1,b_per,1.2
1772331609,kamailio,chatafl,1,b_abs,6750
1772331613,kamailio,chatafl,1,l_per,5.7
1772331613,kamailio,chatafl,1,l_abs,13501
1772331613,kamailio,chatafl,1,b_per,1.2
1772331613,kamailio,chatafl,1,b_abs,6752
1772331619,kamailio,chatafl,1,l_per,5.7
1772331619,kamailio,chatafl,1,l_abs,13501
1772331619,kamailio,chatafl,1,b_per,1.2
1772331619,kamailio,chatafl,1,b_abs,6752
1772331627,kamailio,chatafl,1,l_per,5.7
1772331627,kamailio,chatafl,1,l_abs,13501
1772331627,kamailio,chatafl,1,b_per,1.2
1772331627,kamailio,chatafl,1,b_abs,6752
1772331629,kamailio,chatafl,1,l_per,5.7
1772331629,kamailio,chatafl,1,l_abs,13501
1772331629,kamailio,chatafl,1,b_per,1.2
1772331629,kamailio,chatafl,1,b_abs,6753
1772331635,kamailio,chatafl,1,l_per,5.7
1772331635,kamailio,chatafl,1,l_abs,13501
1772331635,kamailio,chatafl,1,b_per,1.2
1772331635,kamailio,chatafl,1,b_abs,6753
1772331643,kamailio,chatafl,1,l_per,5.7
1772331643,kamailio,chatafl,1,l_abs,13501
1772331643,kamailio,chatafl,1,b_per,1.2
1772331643,kamailio,chatafl,1,b_abs,6753
1772331661,kamailio,chatafl,1,l_per,5.7
1772331661,kamailio,chatafl,1,l_abs,13501
1772331661,kamailio,chatafl,1,b_per,1.2
1772331661,kamailio,chatafl,1,b_abs,6753
1772331680,kamailio,chatafl,1,l_per,5.7
1772331680,kamailio,chatafl,1,l_abs,13590
1772331680,kamailio,chatafl,1,b_per,1.2
1772331680,kamailio,chatafl,1,b_abs,6865
1772331682,kamailio,chatafl,1,l_per,5.8
1772331682,kamailio,chatafl,1,l_abs,13634
1772331682,kamailio,chatafl,1,b_per,1.2
1772331682,kamailio,chatafl,1,b_abs,6938
1772331683,kamailio,chatafl,1,l_per,5.8
1772331683,kamailio,chatafl,1,l_abs,13656
1772331683,kamailio,chatafl,1,b_per,1.2
1772331683,kamailio,chatafl,1,b_abs,6974
1772331685,kamailio,chatafl,1,l_per,5.8
1772331685,kamailio,chatafl,1,l_abs,13656
1772331685,kamailio,chatafl,1,b_per,1.2
1772331685,kamailio,chatafl,1,b_abs,6974
1772331687,kamailio,chatafl,1,l_per,5.8
1772331687,kamailio,chatafl,1,l_abs,13656
1772331687,kamailio,chatafl,1,b_per,1.2
1772331687,kamailio,chatafl,1,b_abs,6974
1772331689,kamailio,chatafl,1,l_per,5.8
1772331689,kamailio,chatafl,1,l_abs,13686
1772331689,kamailio,chatafl,1,b_per,1.2
1772331689,kamailio,chatafl,1,b_abs,6991
1772331690,kamailio,chatafl,1,l_per,5.8
1772331690,kamailio,chatafl,1,l_abs,13700
1772331690,kamailio,chatafl,1,b_per,1.2
1772331690,kamailio,chatafl,1,b_abs,7023
1772331692,kamailio,chatafl,1,l_per,5.8
1772331692,kamailio,chatafl,1,l_abs,13728
1772331692,kamailio,chatafl,1,b_per,1.2
1772331692,kamailio,chatafl,1,b_abs,7076
1772331694,kamailio,chatafl,1,l_per,5.8
1772331694,kamailio,chatafl,1,l_abs,13754
1772331694,kamailio,chatafl,1,b_per,1.3
1772331694,kamailio,chatafl,1,b_abs,7093
1772331696,kamailio,chatafl,1,l_per,5.8
1772331696,kamailio,chatafl,1,l_abs,13758
1772331696,kamailio,chatafl,1,b_per,1.3
1772331696,kamailio,chatafl,1,b_abs,7106
1772331698,kamailio,chatafl,1,l_per,5.8
1772331698,kamailio,chatafl,1,l_abs,13766
1772331698,kamailio,chatafl,1,b_per,1.3
1772331698,kamailio,chatafl,1,b_abs,7118
1772331700,kamailio,chatafl,1,l_per,6.0
1772331700,kamailio,chatafl,1,l_abs,14280
1772331700,kamailio,chatafl,1,b_per,1.3
1772331700,kamailio,chatafl,1,b_abs,7410
1772331708,kamailio,chatafl,1,l_per,6.0
1772331708,kamailio,chatafl,1,l_abs,14294
1772331708,kamailio,chatafl,1,b_per,1.3
1772331708,kamailio,chatafl,1,b_abs,7432
1772331710,kamailio,chatafl,1,l_per,6.0
1772331710,kamailio,chatafl,1,l_abs,14299
1772331710,kamailio,chatafl,1,b_per,1.3
1772331710,kamailio,chatafl,1,b_abs,7443
1772331712,kamailio,chatafl,1,l_per,6.0
1772331712,kamailio,chatafl,1,l_abs,14333
1772331712,kamailio,chatafl,1,b_per,1.3
1772331712,kamailio,chatafl,1,b_abs,7472
1772331714,kamailio,chatafl,1,l_per,6.1
1772331714,kamailio,chatafl,1,l_abs,14415
1772331714,kamailio,chatafl,1,b_per,1.3
1772331714,kamailio,chatafl,1,b_abs,7539
1772331715,kamailio,chatafl,1,l_per,6.1
1772331715,kamailio,chatafl,1,l_abs,14417
1772331715,kamailio,chatafl,1,b_per,1.3
1772331715,kamailio,chatafl,1,b_abs,7555
1772331717,kamailio,chatafl,1,l_per,6.1
1772331717,kamailio,chatafl,1,l_abs,14423
1772331717,kamailio,chatafl,1,b_per,1.3
1772331717,kamailio,chatafl,1,b_abs,7568
1772331719,kamailio,chatafl,1,l_per,6.1
1772331719,kamailio,chatafl,1,l_abs,14441
1772331719,kamailio,chatafl,1,b_per,1.3
1772331719,kamailio,chatafl,1,b_abs,7602
1772331721,kamailio,chatafl,1,l_per,6.1
1772331721,kamailio,chatafl,1,l_abs,14447
1772331721,kamailio,chatafl,1,b_per,1.3
1772331721,kamailio,chatafl,1,b_abs,7604
1772331723,kamailio,chatafl,1,l_per,6.1
1772331723,kamailio,chatafl,1,l_abs,14452
1772331723,kamailio,chatafl,1,b_per,1.3
1772331723,kamailio,chatafl,1,b_abs,7610
1772331724,kamailio,chatafl,1,l_per,6.1
1772331724,kamailio,chatafl,1,l_abs,14458
1772331724,kamailio,chatafl,1,b_per,1.3
1772331724,kamailio,chatafl,1,b_abs,7620
1772331726,kamailio,chatafl,1,l_per,6.1
1772331726,kamailio,chatafl,1,l_abs,14458
1772331726,kamailio,chatafl,1,b_per,1.3
1772331726,kamailio,chatafl,1,b_abs,7620
1772331728,kamailio,chatafl,1,l_per,6.1
1772331728,kamailio,chatafl,1,l_abs,14461
1772331728,kamailio,chatafl,1,b_per,1.3
1772331728,kamailio,chatafl,1,b_abs,7629
1772331730,kamailio,chatafl,1,l_per,6.1
1772331730,kamailio,chatafl,1,l_abs,14463
1772331730,kamailio,chatafl,1,b_per,1.3
1772331730,kamailio,chatafl,1,b_abs,7632
1772331732,kamailio,chatafl,1,l_per,6.1
1772331732,kamailio,chatafl,1,l_abs,14468
1772331732,kamailio,chatafl,1,b_per,1.3
1772331732,kamailio,chatafl,1,b_abs,7637
1772331734,kamailio,chatafl,1,l_per,6.1
1772331734,kamailio,chatafl,1,l_abs,14471
1772331734,kamailio,chatafl,1,b_per,1.3
1772331734,kamailio,chatafl,1,b_abs,7647
1772331735,kamailio,chatafl,1,l_per,6.1
1772331735,kamailio,chatafl,1,l_abs,14471
1772331735,kamailio,chatafl,1,b_per,1.3
1772331735,kamailio,chatafl,1,b_abs,7647
1772331737,kamailio,chatafl,1,l_per,6.1
1772331737,kamailio,chatafl,1,l_abs,14471
1772331737,kamailio,chatafl,1,b_per,1.3
1772331737,kamailio,chatafl,1,b_abs,7647
1772331740,kamailio,chatafl,1,l_per,6.1
1772331740,kamailio,chatafl,1,l_abs,14471
1772331740,kamailio,chatafl,1,b_per,1.3
1772331740,kamailio,chatafl,1,b_abs,7648
1772331742,kamailio,chatafl,1,l_per,6.1
1772331742,kamailio,chatafl,1,l_abs,14477
1772331742,kamailio,chatafl,1,b_per,1.3
1772331742,kamailio,chatafl,1,b_abs,7655
1772331743,kamailio,chatafl,1,l_per,6.1
1772331743,kamailio,chatafl,1,l_abs,14481
1772331743,kamailio,chatafl,1,b_per,1.3
1772331743,kamailio,chatafl,1,b_abs,7656
1772331745,kamailio,chatafl,1,l_per,6.1
1772331745,kamailio,chatafl,1,l_abs,14487
1772331745,kamailio,chatafl,1,b_per,1.4
1772331745,kamailio,chatafl,1,b_abs,7671
1772331754,kamailio,chatafl,1,l_per,6.1
1772331754,kamailio,chatafl,1,l_abs,14511
1772331754,kamailio,chatafl,1,b_per,1.4
1772331754,kamailio,chatafl,1,b_abs,7691
1772331755,kamailio,chatafl,1,l_per,6.1
1772331755,kamailio,chatafl,1,l_abs,14511
1772331755,kamailio,chatafl,1,b_per,1.4
1772331755,kamailio,chatafl,1,b_abs,7693
1772331757,kamailio,chatafl,1,l_per,6.1
1772331757,kamailio,chatafl,1,l_abs,14515
1772331757,kamailio,chatafl,1,b_per,1.4
1772331757,kamailio,chatafl,1,b_abs,7707
1772331759,kamailio,chatafl,1,l_per,6.1
1772331759,kamailio,chatafl,1,l_abs,14516
1772331759,kamailio,chatafl,1,b_per,1.4
1772331759,kamailio,chatafl,1,b_abs,7710
1772331761,kamailio,chatafl,1,l_per,6.1
1772331761,kamailio,chatafl,1,l_abs,14569
1772331761,kamailio,chatafl,1,b_per,1.4
1772331761,kamailio,chatafl,1,b_abs,7740
1772331763,kamailio,chatafl,1,l_per,6.2
1772331763,kamailio,chatafl,1,l_abs,14576
1772331763,kamailio,chatafl,1,b_per,1.4
1772331763,kamailio,chatafl,1,b_abs,7743
1772331765,kamailio,chatafl,1,l_per,6.2
1772331765,kamailio,chatafl,1,l_abs,14579
1772331765,kamailio,chatafl,1,b_per,1.4
1772331765,kamailio,chatafl,1,b_abs,7746
1772331767,kamailio,chatafl,1,l_per,6.2
1772331767,kamailio,chatafl,1,l_abs,14594
1772331767,kamailio,chatafl,1,b_per,1.4
1772331767,kamailio,chatafl,1,b_abs,7753
1772331768,kamailio,chatafl,1,l_per,6.2
1772331768,kamailio,chatafl,1,l_abs,14595
1772331768,kamailio,chatafl,1,b_per,1.4
1772331768,kamailio,chatafl,1,b_abs,7755
1772331770,kamailio,chatafl,1,l_per,6.2
1772331770,kamailio,chatafl,1,l_abs,14614
1772331770,kamailio,chatafl,1,b_per,1.4
1772331770,kamailio,chatafl,1,b_abs,7770
1772331772,kamailio,chatafl,1,l_per,6.2
1772331772,kamailio,chatafl,1,l_abs,14625
1772331772,kamailio,chatafl,1,b_per,1.4
1772331772,kamailio,chatafl,1,b_abs,7787
1772331774,kamailio,chatafl,1,l_per,6.2
1772331774,kamailio,chatafl,1,l_abs,14625
1772331774,kamailio,chatafl,1,b_per,1.4
1772331774,kamailio,chatafl,1,b_abs,7790
1772331776,kamailio,chatafl,1,l_per,6.2
1772331776,kamailio,chatafl,1,l_abs,14628
1772331776,kamailio,chatafl,1,b_per,1.4
1772331776,kamailio,chatafl,1,b_abs,7799
1772331778,kamailio,chatafl,1,l_per,6.2
1772331778,kamailio,chatafl,1,l_abs,14631
1772331778,kamailio,chatafl,1,b_per,1.4
1772331778,kamailio,chatafl,1,b_abs,7810
1772331780,kamailio,chatafl,1,l_per,6.2
1772331780,kamailio,chatafl,1,l_abs,14639
1772331780,kamailio,chatafl,1,b_per,1.4
1772331780,kamailio,chatafl,1,b_abs,7821
1772331781,kamailio,chatafl,1,l_per,6.2
1772331781,kamailio,chatafl,1,l_abs,14639
1772331781,kamailio,chatafl,1,b_per,1.4
1772331781,kamailio,chatafl,1,b_abs,7821
1772331783,kamailio,chatafl,1,l_per,6.2
1772331783,kamailio,chatafl,1,l_abs,14641
1772331783,kamailio,chatafl,1,b_per,1.4
1772331783,kamailio,chatafl,1,b_abs,7827
1772331785,kamailio,chatafl,1,l_per,6.2
1772331785,kamailio,chatafl,1,l_abs,14641
1772331785,kamailio,chatafl,1,b_per,1.4
1772331785,kamailio,chatafl,1,b_abs,7827
1772331787,kamailio,chatafl,1,l_per,6.2
1772331787,kamailio,chatafl,1,l_abs,14651
1772331787,kamailio,chatafl,1,b_per,1.4
1772331787,kamailio,chatafl,1,b_abs,7830
1772331789,kamailio,chatafl,1,l_per,6.2
1772331789,kamailio,chatafl,1,l_abs,14651
1772331789,kamailio,chatafl,1,b_per,1.4
1772331789,kamailio,chatafl,1,b_abs,7830
1772331790,kamailio,chatafl,1,l_per,6.2
1772331790,kamailio,chatafl,1,l_abs,14651
1772331790,kamailio,chatafl,1,b_per,1.4
1772331790,kamailio,chatafl,1,b_abs,7830
1772331792,kamailio,chatafl,1,l_per,6.2
1772331792,kamailio,chatafl,1,l_abs,14656
1772331792,kamailio,chatafl,1,b_per,1.4
1772331792,kamailio,chatafl,1,b_abs,7834
1772331794,kamailio,chatafl,1,l_per,6.2
1772331794,kamailio,chatafl,1,l_abs,14657
1772331794,kamailio,chatafl,1,b_per,1.4
1772331794,kamailio,chatafl,1,b_abs,7840
1772331796,kamailio,chatafl,1,l_per,6.2
1772331796,kamailio,chatafl,1,l_abs,14659
1772331796,kamailio,chatafl,1,b_per,1.4
1772331796,kamailio,chatafl,1,b_abs,7841
1772331798,kamailio,chatafl,1,l_per,6.2
1772331798,kamailio,chatafl,1,l_abs,14659
1772331798,kamailio,chatafl,1,b_per,1.4
1772331798,kamailio,chatafl,1,b_abs,7841
1772331800,kamailio,chatafl,1,l_per,6.2
1772331800,kamailio,chatafl,1,l_abs,14661
1772331800,kamailio,chatafl,1,b_per,1.4
1772331800,kamailio,chatafl,1,b_abs,7842
1772331802,kamailio,chatafl,1,l_per,6.2
1772331802,kamailio,chatafl,1,l_abs,14662
1772331802,kamailio,chatafl,1,b_per,1.4
1772331802,kamailio,chatafl,1,b_abs,7843
1772331804,kamailio,chatafl,1,l_per,6.2
1772331804,kamailio,chatafl,1,l_abs,14662
1772331804,kamailio,chatafl,1,b_per,1.4
1772331804,kamailio,chatafl,1,b_abs,7843
1772331805,kamailio,chatafl,1,l_per,6.2
1772331805,kamailio,chatafl,1,l_abs,14668
1772331805,kamailio,chatafl,1,b_per,1.4
1772331805,kamailio,chatafl,1,b_abs,7844
1772331807,kamailio,chatafl,1,l_per,6.2
1772331807,kamailio,chatafl,1,l_abs,14668
1772331807,kamailio,chatafl,1,b_per,1.4
1772331807,kamailio,chatafl,1,b_abs,7846
1772331809,kamailio,chatafl,1,l_per,6.2
1772331809,kamailio,chatafl,1,l_abs,14671
1772331809,kamailio,chatafl,1,b_per,1.4
1772331809,kamailio,chatafl,1,b_abs,7855
1772331811,kamailio,chatafl,1,l_per,6.2
1772331811,kamailio,chatafl,1,l_abs,14671
1772331811,kamailio,chatafl,1,b_per,1.4
1772331811,kamailio,chatafl,1,b_abs,7855
1772331813,kamailio,chatafl,1,l_per,6.2
1772331813,kamailio,chatafl,1,l_abs,14672
1772331813,kamailio,chatafl,1,b_per,1.4
1772331813,kamailio,chatafl,1,b_abs,7856
1772331815,kamailio,chatafl,1,l_per,6.2
1772331815,kamailio,chatafl,1,l_abs,14672
1772331815,kamailio,chatafl,1,b_per,1.4
1772331815,kamailio,chatafl,1,b_abs,7856
1772331817,kamailio,chatafl,1,l_per,6.2
1772331817,kamailio,chatafl,1,l_abs,14674
1772331817,kamailio,chatafl,1,b_per,1.4
1772331817,kamailio,chatafl,1,b_abs,7865
1772331819,kamailio,chatafl,1,l_per,6.2
1772331819,kamailio,chatafl,1,l_abs,14676
1772331819,kamailio,chatafl,1,b_per,1.4
1772331819,kamailio,chatafl,1,b_abs,7866
1772331820,kamailio,chatafl,1,l_per,6.2
1772331820,kamailio,chatafl,1,l_abs,14676
1772331820,kamailio,chatafl,1,b_per,1.4
1772331820,kamailio,chatafl,1,b_abs,7866
1772331823,kamailio,chatafl,1,l_per,6.2
1772331823,kamailio,chatafl,1,l_abs,14680
1772331823,kamailio,chatafl,1,b_per,1.4
1772331823,kamailio,chatafl,1,b_abs,7880
1772331825,kamailio,chatafl,1,l_per,6.2
1772331825,kamailio,chatafl,1,l_abs,14680
1772331825,kamailio,chatafl,1,b_per,1.4
1772331825,kamailio,chatafl,1,b_abs,7881
1772331827,kamailio,chatafl,1,l_per,6.2
1772331827,kamailio,chatafl,1,l_abs,14680
1772331827,kamailio,chatafl,1,b_per,1.4
1772331827,kamailio,chatafl,1,b_abs,7881
1772331829,kamailio,chatafl,1,l_per,6.2
1772331829,kamailio,chatafl,1,l_abs,14680
1772331829,kamailio,chatafl,1,b_per,1.4
1772331829,kamailio,chatafl,1,b_abs,7881
1772331831,kamailio,chatafl,1,l_per,6.2
1772331831,kamailio,chatafl,1,l_abs,14683
1772331831,kamailio,chatafl,1,b_per,1.4
1772331831,kamailio,chatafl,1,b_abs,7890
1772331832,kamailio,chatafl,1,l_per,6.2
1772331832,kamailio,chatafl,1,l_abs,14683
1772331832,kamailio,chatafl,1,b_per,1.4
1772331832,kamailio,chatafl,1,b_abs,7891
1772331834,kamailio,chatafl,1,l_per,6.2
1772331834,kamailio,chatafl,1,l_abs,14685
1772331834,kamailio,chatafl,1,b_per,1.4
1772331834,kamailio,chatafl,1,b_abs,7892
1772331836,kamailio,chatafl,1,l_per,6.2
1772331836,kamailio,chatafl,1,l_abs,14685
1772331836,kamailio,chatafl,1,b_per,1.4
1772331836,kamailio,chatafl,1,b_abs,7892
1772331838,kamailio,chatafl,1,l_per,6.2
1772331838,kamailio,chatafl,1,l_abs,14688
1772331838,kamailio,chatafl,1,b_per,1.4
1772331838,kamailio,chatafl,1,b_abs,7901
1772331840,kamailio,chatafl,1,l_per,6.2
1772331840,kamailio,chatafl,1,l_abs,14688
1772331840,kamailio,chatafl,1,b_per,1.4
1772331840,kamailio,chatafl,1,b_abs,7902
1772331842,kamailio,chatafl,1,l_per,6.2
1772331842,kamailio,chatafl,1,l_abs,14688
1772331842,kamailio,chatafl,1,b_per,1.4
1772331842,kamailio,chatafl,1,b_abs,7902
1772331844,kamailio,chatafl,1,l_per,6.2
1772331844,kamailio,chatafl,1,l_abs,14688
1772331844,kamailio,chatafl,1,b_per,1.4
1772331844,kamailio,chatafl,1,b_abs,7902
1772331846,kamailio,chatafl,1,l_per,6.2
1772331846,kamailio,chatafl,1,l_abs,14690
1772331846,kamailio,chatafl,1,b_per,1.4
1772331846,kamailio,chatafl,1,b_abs,7911
1772331848,kamailio,chatafl,1,l_per,6.2
1772331848,kamailio,chatafl,1,l_abs,14714
1772331848,kamailio,chatafl,1,b_per,1.4
1772331848,kamailio,chatafl,1,b_abs,7927
1772331850,kamailio,chatafl,1,l_per,6.2
1772331850,kamailio,chatafl,1,l_abs,14714
1772331850,kamailio,chatafl,1,b_per,1.4
1772331850,kamailio,chatafl,1,b_abs,7927
1772331852,kamailio,chatafl,1,l_per,6.2
1772331852,kamailio,chatafl,1,l_abs,14714
1772331852,kamailio,chatafl,1,b_per,1.4
1772331852,kamailio,chatafl,1,b_abs,7927
1772331854,kamailio,chatafl,1,l_per,6.2
1772331854,kamailio,chatafl,1,l_abs,14742
1772331854,kamailio,chatafl,1,b_per,1.4
1772331854,kamailio,chatafl,1,b_abs,7972
1772331856,kamailio,chatafl,1,l_per,6.2
1772331856,kamailio,chatafl,1,l_abs,14744
1772331856,kamailio,chatafl,1,b_per,1.4
1772331856,kamailio,chatafl,1,b_abs,7973
1772331858,kamailio,chatafl,1,l_per,6.2
1772331858,kamailio,chatafl,1,l_abs,14744
1772331858,kamailio,chatafl,1,b_per,1.4
1772331858,kamailio,chatafl,1,b_abs,7973
1772331859,kamailio,chatafl,1,l_per,6.2
1772331859,kamailio,chatafl,1,l_abs,14744
1772331859,kamailio,chatafl,1,b_per,1.4
1772331859,kamailio,chatafl,1,b_abs,7973
1772331861,kamailio,chatafl,1,l_per,6.2
1772331861,kamailio,chatafl,1,l_abs,14744
1772331861,kamailio,chatafl,1,b_per,1.4
1772331861,kamailio,chatafl,1,b_abs,7973
1772331864,kamailio,chatafl,1,l_per,6.2
1772331864,kamailio,chatafl,1,l_abs,14747
1772331864,kamailio,chatafl,1,b_per,1.4
1772331864,kamailio,chatafl,1,b_abs,7983
1772331865,kamailio,chatafl,1,l_per,6.2
1772331865,kamailio,chatafl,1,l_abs,14747
1772331865,kamailio,chatafl,1,b_per,1.4
1772331865,kamailio,chatafl,1,b_abs,7983
1772331867,kamailio,chatafl,1,l_per,6.2
1772331867,kamailio,chatafl,1,l_abs,14747
1772331867,kamailio,chatafl,1,b_per,1.4
1772331867,kamailio,chatafl,1,b_abs,7984
1772331869,kamailio,chatafl,1,l_per,6.2
1772331869,kamailio,chatafl,1,l_abs,14747
1772331869,kamailio,chatafl,1,b_per,1.4
1772331869,kamailio,chatafl,1,b_abs,7984
1772331871,kamailio,chatafl,1,l_per,6.2
1772331871,kamailio,chatafl,1,l_abs,14747
1772331871,kamailio,chatafl,1,b_per,1.4
1772331871,kamailio,chatafl,1,b_abs,7984
1772331873,kamailio,chatafl,1,l_per,6.2
1772331873,kamailio,chatafl,1,l_abs,14747
1772331873,kamailio,chatafl,1,b_per,1.4
1772331873,kamailio,chatafl,1,b_abs,7990
1772331874,kamailio,chatafl,1,l_per,6.2
1772331874,kamailio,chatafl,1,l_abs,14749
1772331874,kamailio,chatafl,1,b_per,1.4
1772331874,kamailio,chatafl,1,b_abs,8000
1772331876,kamailio,chatafl,1,l_per,6.2
1772331876,kamailio,chatafl,1,l_abs,14749
1772331876,kamailio,chatafl,1,b_per,1.4
1772331876,kamailio,chatafl,1,b_abs,8001
1772331878,kamailio,chatafl,1,l_per,6.2
1772331878,kamailio,chatafl,1,l_abs,14749
1772331878,kamailio,chatafl,1,b_per,1.4
1772331878,kamailio,chatafl,1,b_abs,8001
1772331880,kamailio,chatafl,1,l_per,6.2
1772331880,kamailio,chatafl,1,l_abs,14749
1772331880,kamailio,chatafl,1,b_per,1.4
1772331880,kamailio,chatafl,1,b_abs,8002
1772331882,kamailio,chatafl,1,l_per,6.2
1772331882,kamailio,chatafl,1,l_abs,14749
1772331882,kamailio,chatafl,1,b_per,1.4
1772331882,kamailio,chatafl,1,b_abs,8003
1772331884,kamailio,chatafl,1,l_per,6.2
1772331884,kamailio,chatafl,1,l_abs,14753
1772331884,kamailio,chatafl,1,b_per,1.4
1772331884,kamailio,chatafl,1,b_abs,8004
1772331885,kamailio,chatafl,1,l_per,6.2
1772331885,kamailio,chatafl,1,l_abs,14756
1772331885,kamailio,chatafl,1,b_per,1.4
1772331885,kamailio,chatafl,1,b_abs,8006
1772331887,kamailio,chatafl,1,l_per,6.2
1772331887,kamailio,chatafl,1,l_abs,14763
1772331887,kamailio,chatafl,1,b_per,1.4
1772331887,kamailio,chatafl,1,b_abs,8017
1772331889,kamailio,chatafl,1,l_per,6.2
1772331889,kamailio,chatafl,1,l_abs,14792
1772331889,kamailio,chatafl,1,b_per,1.4
1772331889,kamailio,chatafl,1,b_abs,8040
1772331891,kamailio,chatafl,1,l_per,6.2
1772331891,kamailio,chatafl,1,l_abs,14792
1772331891,kamailio,chatafl,1,b_per,1.4
1772331891,kamailio,chatafl,1,b_abs,8040
1772331893,kamailio,chatafl,1,l_per,6.2
1772331893,kamailio,chatafl,1,l_abs,14803
1772331893,kamailio,chatafl,1,b_per,1.4
1772331893,kamailio,chatafl,1,b_abs,8044
1772331895,kamailio,chatafl,1,l_per,6.2
1772331895,kamailio,chatafl,1,l_abs,14803
1772331895,kamailio,chatafl,1,b_per,1.4
1772331895,kamailio,chatafl,1,b_abs,8044
1772331897,kamailio,chatafl,1,l_per,6.2
1772331897,kamailio,chatafl,1,l_abs,14806
1772331897,kamailio,chatafl,1,b_per,1.4
1772331897,kamailio,chatafl,1,b_abs,8045
1772331899,kamailio,chatafl,1,l_per,6.2
1772331899,kamailio,chatafl,1,l_abs,14806
1772331899,kamailio,chatafl,1,b_per,1.4
1772331899,kamailio,chatafl,1,b_abs,8045
1772331902,kamailio,chatafl,1,l_per,6.2
1772331902,kamailio,chatafl,1,l_abs,14807
1772331902,kamailio,chatafl,1,b_per,1.4
1772331902,kamailio,chatafl,1,b_abs,8046
1772331904,kamailio,chatafl,1,l_per,6.2
1772331904,kamailio,chatafl,1,l_abs,14809
1772331904,kamailio,chatafl,1,b_per,1.4
1772331904,kamailio,chatafl,1,b_abs,8048
1772331906,kamailio,chatafl,1,l_per,6.2
1772331906,kamailio,chatafl,1,l_abs,14809
1772331906,kamailio,chatafl,1,b_per,1.4
1772331906,kamailio,chatafl,1,b_abs,8050
1772331909,kamailio,chatafl,1,l_per,6.3
1772331909,kamailio,chatafl,1,l_abs,14814
1772331909,kamailio,chatafl,1,b_per,1.4
1772331909,kamailio,chatafl,1,b_abs,8052
1772331912,kamailio,chatafl,1,l_per,6.3
1772331912,kamailio,chatafl,1,l_abs,14816
1772331912,kamailio,chatafl,1,b_per,1.4
1772331912,kamailio,chatafl,1,b_abs,8054
1772331914,kamailio,chatafl,1,l_per,6.3
1772331914,kamailio,chatafl,1,l_abs,14816
1772331914,kamailio,chatafl,1,b_per,1.4
1772331914,kamailio,chatafl,1,b_abs,8054
1772331916,kamailio,chatafl,1,l_per,6.3
1772331916,kamailio,chatafl,1,l_abs,14816
1772331916,kamailio,chatafl,1,b_per,1.4
1772331916,kamailio,chatafl,1,b_abs,8054
1772331918,kamailio,chatafl,1,l_per,6.3
1772331918,kamailio,chatafl,1,l_abs,14816
1772331918,kamailio,chatafl,1,b_per,1.4
1772331918,kamailio,chatafl,1,b_abs,8054
1772331920,kamailio,chatafl,1,l_per,6.3
1772331920,kamailio,chatafl,1,l_abs,14816
1772331920,kamailio,chatafl,1,b_per,1.4
1772331920,kamailio,chatafl,1,b_abs,8054
1772331922,kamailio,chatafl,1,l_per,6.3
1772331922,kamailio,chatafl,1,l_abs,14816
1772331922,kamailio,chatafl,1,b_per,1.4
1772331922,kamailio,chatafl,1,b_abs,8054
1772331924,kamailio,chatafl,1,l_per,6.3
1772331924,kamailio,chatafl,1,l_abs,14816
1772331924,kamailio,chatafl,1,b_per,1.4
1772331924,kamailio,chatafl,1,b_abs,8054
1772331928,kamailio,chatafl,1,l_per,6.3
1772331928,kamailio,chatafl,1,l_abs,14816
1772331928,kamailio,chatafl,1,b_per,1.4
1772331928,kamailio,chatafl,1,b_abs,8054
1772331930,kamailio,chatafl,1,l_per,6.3
1772331930,kamailio,chatafl,1,l_abs,14819
1772331930,kamailio,chatafl,1,b_per,1.4
1772331930,kamailio,chatafl,1,b_abs,8056
1772331940,kamailio,chatafl,1,l_per,6.3
1772331940,kamailio,chatafl,1,l_abs,14819
1772331940,kamailio,chatafl,1,b_per,1.4
1772331940,kamailio,chatafl,1,b_abs,8056
1772331942,kamailio,chatafl,1,l_per,6.3
1772331942,kamailio,chatafl,1,l_abs,14822
1772331942,kamailio,chatafl,1,b_per,1.4
1772331942,kamailio,chatafl,1,b_abs,8066
1772331944,kamailio,chatafl,1,l_per,6.3
1772331944,kamailio,chatafl,1,l_abs,14822
1772331944,kamailio,chatafl,1,b_per,1.4
1772331944,kamailio,chatafl,1,b_abs,8067
1772331946,kamailio,chatafl,1,l_per,6.3
1772331946,kamailio,chatafl,1,l_abs,14829
1772331946,kamailio,chatafl,1,b_per,1.4
1772331946,kamailio,chatafl,1,b_abs,8084
1772331948,kamailio,chatafl,1,l_per,6.3
1772331948,kamailio,chatafl,1,l_abs,14834
1772331948,kamailio,chatafl,1,b_per,1.4
1772331948,kamailio,chatafl,1,b_abs,8087
1772331951,kamailio,chatafl,1,l_per,6.3
1772331951,kamailio,chatafl,1,l_abs,14834
1772331951,kamailio,chatafl,1,b_per,1.4
1772331951,kamailio,chatafl,1,b_abs,8087
1772331954,kamailio,chatafl,1,l_per,6.3
1772331954,kamailio,chatafl,1,l_abs,14834
1772331954,kamailio,chatafl,1,b_per,1.4
1772331954,kamailio,chatafl,1,b_abs,8087
1772331956,kamailio,chatafl,1,l_per,6.3
1772331956,kamailio,chatafl,1,l_abs,14837
1772331956,kamailio,chatafl,1,b_per,1.4
1772331956,kamailio,chatafl,1,b_abs,8088
1772331965,kamailio,chatafl,1,l_per,6.3
1772331965,kamailio,chatafl,1,l_abs,14837
1772331965,kamailio,chatafl,1,b_per,1.4
1772331965,kamailio,chatafl,1,b_abs,8088
1772331967,kamailio,chatafl,1,l_per,6.3
1772331967,kamailio,chatafl,1,l_abs,14840
1772331967,kamailio,chatafl,1,b_per,1.4
1772331967,kamailio,chatafl,1,b_abs,8092
1772331969,kamailio,chatafl,1,l_per,6.3
1772331969,kamailio,chatafl,1,l_abs,14843
1772331969,kamailio,chatafl,1,b_per,1.4
1772331969,kamailio,chatafl,1,b_abs,8101
1772331971,kamailio,chatafl,1,l_per,6.3
1772331971,kamailio,chatafl,1,l_abs,14843
1772331971,kamailio,chatafl,1,b_per,1.4
1772331971,kamailio,chatafl,1,b_abs,8101
1772331974,kamailio,chatafl,1,l_per,6.3
1772331974,kamailio,chatafl,1,l_abs,14843
1772331974,kamailio,chatafl,1,b_per,1.4
1772331974,kamailio,chatafl,1,b_abs,8102
1772331976,kamailio,chatafl,1,l_per,6.3
1772331976,kamailio,chatafl,1,l_abs,14843
1772331976,kamailio,chatafl,1,b_per,1.4
1772331976,kamailio,chatafl,1,b_abs,8102
1772331978,kamailio,chatafl,1,l_per,6.3
1772331978,kamailio,chatafl,1,l_abs,14843
1772331978,kamailio,chatafl,1,b_per,1.4
1772331978,kamailio,chatafl,1,b_abs,8102
1772331980,kamailio,chatafl,1,l_per,6.3
1772331980,kamailio,chatafl,1,l_abs,14856
1772331980,kamailio,chatafl,1,b_per,1.4
1772331980,kamailio,chatafl,1,b_abs,8116
1772331982,kamailio,chatafl,1,l_per,6.3
1772331982,kamailio,chatafl,1,l_abs,14856
1772331982,kamailio,chatafl,1,b_per,1.4
1772331982,kamailio,chatafl,1,b_abs,8116
1772331984,kamailio,chatafl,1,l_per,6.3
1772331984,kamailio,chatafl,1,l_abs,14858
1772331984,kamailio,chatafl,1,b_per,1.4
1772331984,kamailio,chatafl,1,b_abs,8117
1772331986,kamailio,chatafl,1,l_per,6.3
1772331986,kamailio,chatafl,1,l_abs,14858
1772331986,kamailio,chatafl,1,b_per,1.4
1772331986,kamailio,chatafl,1,b_abs,8117
1772331988,kamailio,chatafl,1,l_per,6.3
1772331988,kamailio,chatafl,1,l_abs,14871
1772331988,kamailio,chatafl,1,b_per,1.4
1772331988,kamailio,chatafl,1,b_abs,8133
1772331990,kamailio,chatafl,1,l_per,6.3
1772331990,kamailio,chatafl,1,l_abs,14871
1772331990,kamailio,chatafl,1,b_per,1.4
1772331990,kamailio,chatafl,1,b_abs,8133
1772331992,kamailio,chatafl,1,l_per,6.3
1772331992,kamailio,chatafl,1,l_abs,14871
1772331992,kamailio,chatafl,1,b_per,1.4
1772331992,kamailio,chatafl,1,b_abs,8133
1772331994,kamailio,chatafl,1,l_per,6.3
1772331994,kamailio,chatafl,1,l_abs,14871
1772331994,kamailio,chatafl,1,b_per,1.4
1772331994,kamailio,chatafl,1,b_abs,8133
1772331996,kamailio,chatafl,1,l_per,6.3
1772331996,kamailio,chatafl,1,l_abs,14876
1772331996,kamailio,chatafl,1,b_per,1.4
1772331996,kamailio,chatafl,1,b_abs,8146
1772331998,kamailio,chatafl,1,l_per,6.3
1772331998,kamailio,chatafl,1,l_abs,14876
1772331998,kamailio,chatafl,1,b_per,1.4
1772331998,kamailio,chatafl,1,b_abs,8146
1772332001,kamailio,chatafl,1,l_per,6.3
1772332001,kamailio,chatafl,1,l_abs,14889
1772332001,kamailio,chatafl,1,b_per,1.4
1772332001,kamailio,chatafl,1,b_abs,8151
1772332003,kamailio,chatafl,1,l_per,6.3
1772332003,kamailio,chatafl,1,l_abs,14889
1772332003,kamailio,chatafl,1,b_per,1.4
1772332003,kamailio,chatafl,1,b_abs,8151
1772332005,kamailio,chatafl,1,l_per,6.3
1772332005,kamailio,chatafl,1,l_abs,14889
1772332005,kamailio,chatafl,1,b_per,1.4
1772332005,kamailio,chatafl,1,b_abs,8151
1772332007,kamailio,chatafl,1,l_per,6.3
1772332007,kamailio,chatafl,1,l_abs,14892
1772332007,kamailio,chatafl,1,b_per,1.4
1772332007,kamailio,chatafl,1,b_abs,8152
1772332009,kamailio,chatafl,1,l_per,6.3
1772332009,kamailio,chatafl,1,l_abs,14901
1772332009,kamailio,chatafl,1,b_per,1.4
1772332009,kamailio,chatafl,1,b_abs,8164
1772332010,kamailio,chatafl,1,l_per,6.3
1772332010,kamailio,chatafl,1,l_abs,14901
1772332010,kamailio,chatafl,1,b_per,1.4
1772332010,kamailio,chatafl,1,b_abs,8164
1772332013,kamailio,chatafl,1,l_per,6.3
1772332013,kamailio,chatafl,1,l_abs,14903
1772332013,kamailio,chatafl,1,b_per,1.4
1772332013,kamailio,chatafl,1,b_abs,8165
1772332015,kamailio,chatafl,1,l_per,6.3
1772332015,kamailio,chatafl,1,l_abs,14903
1772332015,kamailio,chatafl,1,b_per,1.4
1772332015,kamailio,chatafl,1,b_abs,8165
1772332017,kamailio,chatafl,1,l_per,6.3
1772332017,kamailio,chatafl,1,l_abs,14904
1772332017,kamailio,chatafl,1,b_per,1.4
1772332017,kamailio,chatafl,1,b_abs,8166
1772332019,kamailio,chatafl,1,l_per,6.3
1772332019,kamailio,chatafl,1,l_abs,14911
1772332019,kamailio,chatafl,1,b_per,1.4
1772332019,kamailio,chatafl,1,b_abs,8177
1772332022,kamailio,chatafl,1,l_per,6.3
1772332022,kamailio,chatafl,1,l_abs,14923
1772332022,kamailio,chatafl,1,b_per,1.4
1772332022,kamailio,chatafl,1,b_abs,8180
1772332024,kamailio,chatafl,1,l_per,6.3
1772332024,kamailio,chatafl,1,l_abs,14947
1772332024,kamailio,chatafl,1,b_per,1.4
1772332024,kamailio,chatafl,1,b_abs,8189
1772332026,kamailio,chatafl,1,l_per,6.3
1772332026,kamailio,chatafl,1,l_abs,14950
1772332026,kamailio,chatafl,1,b_per,1.4
1772332026,kamailio,chatafl,1,b_abs,8198
1772332029,kamailio,chatafl,1,l_per,6.3
1772332029,kamailio,chatafl,1,l_abs,14953
1772332029,kamailio,chatafl,1,b_per,1.4
1772332029,kamailio,chatafl,1,b_abs,8207
1772332031,kamailio,chatafl,1,l_per,6.3
1772332031,kamailio,chatafl,1,l_abs,14953
1772332031,kamailio,chatafl,1,b_per,1.4
1772332031,kamailio,chatafl,1,b_abs,8207
1772332032,kamailio,chatafl,1,l_per,6.3
1772332032,kamailio,chatafl,1,l_abs,14953
1772332032,kamailio,chatafl,1,b_per,1.4
1772332032,kamailio,chatafl,1,b_abs,8207
1772332034,kamailio,chatafl,1,l_per,6.3
1772332034,kamailio,chatafl,1,l_abs,14956
1772332034,kamailio,chatafl,1,b_per,1.4
1772332034,kamailio,chatafl,1,b_abs,8214
1772332037,kamailio,chatafl,1,l_per,6.3
1772332037,kamailio,chatafl,1,l_abs,14956
1772332037,kamailio,chatafl,1,b_per,1.4
1772332037,kamailio,chatafl,1,b_abs,8214
1772332039,kamailio,chatafl,1,l_per,6.3
1772332039,kamailio,chatafl,1,l_abs,14959
1772332039,kamailio,chatafl,1,b_per,1.4
1772332039,kamailio,chatafl,1,b_abs,8224
1772332041,kamailio,chatafl,1,l_per,6.3
1772332041,kamailio,chatafl,1,l_abs,14959
1772332041,kamailio,chatafl,1,b_per,1.4
1772332041,kamailio,chatafl,1,b_abs,8224
1772332043,kamailio,chatafl,1,l_per,6.3
1772332043,kamailio,chatafl,1,l_abs,14966
1772332043,kamailio,chatafl,1,b_per,1.5
1772332043,kamailio,chatafl,1,b_abs,8228
1772332045,kamailio,chatafl,1,l_per,6.3
1772332045,kamailio,chatafl,1,l_abs,14977
1772332045,kamailio,chatafl,1,b_per,1.5
1772332045,kamailio,chatafl,1,b_abs,8241
1772332047,kamailio,chatafl,1,l_per,6.3
1772332047,kamailio,chatafl,1,l_abs,14977
1772332047,kamailio,chatafl,1,b_per,1.5
1772332047,kamailio,chatafl,1,b_abs,8242
1772332049,kamailio,chatafl,1,l_per,6.3
1772332049,kamailio,chatafl,1,l_abs,14982
1772332049,kamailio,chatafl,1,b_per,1.5
1772332049,kamailio,chatafl,1,b_abs,8252
1772332053,kamailio,chatafl,1,l_per,6.3
1772332053,kamailio,chatafl,1,l_abs,14986
1772332053,kamailio,chatafl,1,b_per,1.5
1772332053,kamailio,chatafl,1,b_abs,8253
1772332055,kamailio,chatafl,1,l_per,6.3
1772332055,kamailio,chatafl,1,l_abs,14986
1772332055,kamailio,chatafl,1,b_per,1.5
1772332055,kamailio,chatafl,1,b_abs,8253
1772332057,kamailio,chatafl,1,l_per,6.3
1772332057,kamailio,chatafl,1,l_abs,14986
1772332057,kamailio,chatafl,1,b_per,1.5
1772332057,kamailio,chatafl,1,b_abs,8253
1772332058,kamailio,chatafl,1,l_per,6.3
1772332058,kamailio,chatafl,1,l_abs,14986
1772332058,kamailio,chatafl,1,b_per,1.5
1772332058,kamailio,chatafl,1,b_abs,8253
1772332060,kamailio,chatafl,1,l_per,6.3
1772332060,kamailio,chatafl,1,l_abs,14988
1772332060,kamailio,chatafl,1,b_per,1.5
1772332060,kamailio,chatafl,1,b_abs,8254
1772332062,kamailio,chatafl,1,l_per,6.3
1772332062,kamailio,chatafl,1,l_abs,15019
1772332062,kamailio,chatafl,1,b_per,1.5
1772332062,kamailio,chatafl,1,b_abs,8273
1772332064,kamailio,chatafl,1,l_per,6.3
1772332064,kamailio,chatafl,1,l_abs,15044
1772332064,kamailio,chatafl,1,b_per,1.5
1772332064,kamailio,chatafl,1,b_abs,8284
1772332066,kamailio,chatafl,1,l_per,6.3
1772332066,kamailio,chatafl,1,l_abs,15044
1772332066,kamailio,chatafl,1,b_per,1.5
1772332066,kamailio,chatafl,1,b_abs,8284
1772332068,kamailio,chatafl,1,l_per,6.3
1772332068,kamailio,chatafl,1,l_abs,15047
1772332068,kamailio,chatafl,1,b_per,1.5
1772332068,kamailio,chatafl,1,b_abs,8293
1772332070,kamailio,chatafl,1,l_per,6.4
1772332070,kamailio,chatafl,1,l_abs,15056
1772332070,kamailio,chatafl,1,b_per,1.5
1772332070,kamailio,chatafl,1,b_abs,8295
1772332072,kamailio,chatafl,1,l_per,6.4
1772332072,kamailio,chatafl,1,l_abs,15056
1772332072,kamailio,chatafl,1,b_per,1.5
1772332072,kamailio,chatafl,1,b_abs,8296
1772332074,kamailio,chatafl,1,l_per,6.4
1772332074,kamailio,chatafl,1,l_abs,15056
1772332074,kamailio,chatafl,1,b_per,1.5
1772332074,kamailio,chatafl,1,b_abs,8296
1772332076,kamailio,chatafl,1,l_per,6.4
1772332076,kamailio,chatafl,1,l_abs,15060
1772332076,kamailio,chatafl,1,b_per,1.5
1772332076,kamailio,chatafl,1,b_abs,8297
1772332078,kamailio,chatafl,1,l_per,6.4
1772332078,kamailio,chatafl,1,l_abs,15060
1772332078,kamailio,chatafl,1,b_per,1.5
1772332078,kamailio,chatafl,1,b_abs,8297
1772332080,kamailio,chatafl,1,l_per,6.4
1772332080,kamailio,chatafl,1,l_abs,15060
1772332080,kamailio,chatafl,1,b_per,1.5
1772332080,kamailio,chatafl,1,b_abs,8297
1772332082,kamailio,chatafl,1,l_per,6.4
1772332082,kamailio,chatafl,1,l_abs,15060
1772332082,kamailio,chatafl,1,b_per,1.5
1772332082,kamailio,chatafl,1,b_abs,8297
1772332090,kamailio,chatafl,1,l_per,6.4
1772332090,kamailio,chatafl,1,l_abs,15060
1772332090,kamailio,chatafl,1,b_per,1.5
1772332090,kamailio,chatafl,1,b_abs,8297
1772332092,kamailio,chatafl,1,l_per,6.4
1772332092,kamailio,chatafl,1,l_abs,15060
1772332092,kamailio,chatafl,1,b_per,1.5
1772332092,kamailio,chatafl,1,b_abs,8302
1772332093,kamailio,chatafl,1,l_per,6.4
1772332093,kamailio,chatafl,1,l_abs,15068
1772332093,kamailio,chatafl,1,b_per,1.5
1772332093,kamailio,chatafl,1,b_abs,8304
1772332096,kamailio,chatafl,1,l_per,6.4
1772332096,kamailio,chatafl,1,l_abs,15071
1772332096,kamailio,chatafl,1,b_per,1.5
1772332096,kamailio,chatafl,1,b_abs,8313
1772332098,kamailio,chatafl,1,l_per,6.4
1772332098,kamailio,chatafl,1,l_abs,15075
1772332098,kamailio,chatafl,1,b_per,1.5
1772332098,kamailio,chatafl,1,b_abs,8314
1772332100,kamailio,chatafl,1,l_per,6.4
1772332100,kamailio,chatafl,1,l_abs,15080
1772332100,kamailio,chatafl,1,b_per,1.5
1772332100,kamailio,chatafl,1,b_abs,8317
1772332103,kamailio,chatafl,1,l_per,6.4
1772332103,kamailio,chatafl,1,l_abs,15080
1772332103,kamailio,chatafl,1,b_per,1.5
1772332103,kamailio,chatafl,1,b_abs,8318
1772332110,kamailio,chatafl,1,l_per,6.4
1772332110,kamailio,chatafl,1,l_abs,15083
1772332110,kamailio,chatafl,1,b_per,1.5
1772332110,kamailio,chatafl,1,b_abs,8328
1772332113,kamailio,chatafl,1,l_per,6.4
1772332113,kamailio,chatafl,1,l_abs,15083
1772332113,kamailio,chatafl,1,b_per,1.5
1772332113,kamailio,chatafl,1,b_abs,8328
1772332115,kamailio,chatafl,1,l_per,6.4
1772332115,kamailio,chatafl,1,l_abs,15085
1772332115,kamailio,chatafl,1,b_per,1.5
1772332115,kamailio,chatafl,1,b_abs,8329
1772332117,kamailio,chatafl,1,l_per,6.4
1772332117,kamailio,chatafl,1,l_abs,15089
1772332117,kamailio,chatafl,1,b_per,1.5
1772332117,kamailio,chatafl,1,b_abs,8340
1772332119,kamailio,chatafl,1,l_per,6.4
1772332119,kamailio,chatafl,1,l_abs,15089
1772332119,kamailio,chatafl,1,b_per,1.5
1772332119,kamailio,chatafl,1,b_abs,8340
1772332122,kamailio,chatafl,1,l_per,6.4
1772332122,kamailio,chatafl,1,l_abs,15098
1772332122,kamailio,chatafl,1,b_per,1.5
1772332122,kamailio,chatafl,1,b_abs,8342
1772332124,kamailio,chatafl,1,l_per,6.4
1772332124,kamailio,chatafl,1,l_abs,15100
1772332124,kamailio,chatafl,1,b_per,1.5
1772332124,kamailio,chatafl,1,b_abs,8345
1772332128,kamailio,chatafl,1,l_per,6.4
1772332128,kamailio,chatafl,1,l_abs,15101
1772332128,kamailio,chatafl,1,b_per,1.5
1772332128,kamailio,chatafl,1,b_abs,8348
1772332131,kamailio,chatafl,1,l_per,6.4
1772332131,kamailio,chatafl,1,l_abs,15101
1772332131,kamailio,chatafl,1,b_per,1.5
1772332131,kamailio,chatafl,1,b_abs,8349
1772332141,kamailio,chatafl,1,l_per,6.4
1772332141,kamailio,chatafl,1,l_abs,15104
1772332141,kamailio,chatafl,1,b_per,1.5
1772332141,kamailio,chatafl,1,b_abs,8358
1772332145,kamailio,chatafl,1,l_per,6.4
1772332145,kamailio,chatafl,1,l_abs,15107
1772332145,kamailio,chatafl,1,b_per,1.5
1772332145,kamailio,chatafl,1,b_abs,8367
1772332147,kamailio,chatafl,1,l_per,6.4
1772332147,kamailio,chatafl,1,l_abs,15107
1772332147,kamailio,chatafl,1,b_per,1.5
1772332147,kamailio,chatafl,1,b_abs,8367
1772332149,kamailio,chatafl,1,l_per,6.4
1772332149,kamailio,chatafl,1,l_abs,15110
1772332149,kamailio,chatafl,1,b_per,1.5
1772332149,kamailio,chatafl,1,b_abs,8368
1772332152,kamailio,chatafl,1,l_per,6.4
1772332152,kamailio,chatafl,1,l_abs,15110
1772332152,kamailio,chatafl,1,b_per,1.5
1772332152,kamailio,chatafl,1,b_abs,8368
1772332155,kamailio,chatafl,1,l_per,6.4
1772332155,kamailio,chatafl,1,l_abs,15110
1772332155,kamailio,chatafl,1,b_per,1.5
1772332155,kamailio,chatafl,1,b_abs,8368
1772332157,kamailio,chatafl,1,l_per,6.4
1772332157,kamailio,chatafl,1,l_abs,15110
1772332157,kamailio,chatafl,1,b_per,1.5
1772332157,kamailio,chatafl,1,b_abs,8368
1772332159,kamailio,chatafl,1,l_per,6.4
1772332159,kamailio,chatafl,1,l_abs,15110
1772332159,kamailio,chatafl,1,b_per,1.5
1772332159,kamailio,chatafl,1,b_abs,8368
1772332161,kamailio,chatafl,1,l_per,6.4
1772332161,kamailio,chatafl,1,l_abs,15113
1772332161,kamailio,chatafl,1,b_per,1.5
1772332161,kamailio,chatafl,1,b_abs,8377
1772332164,kamailio,chatafl,1,l_per,6.4
1772332164,kamailio,chatafl,1,l_abs,15122
1772332164,kamailio,chatafl,1,b_per,1.5
1772332164,kamailio,chatafl,1,b_abs,8392
1772332165,kamailio,chatafl,1,l_per,6.4
1772332165,kamailio,chatafl,1,l_abs,15122
1772332165,kamailio,chatafl,1,b_per,1.5
1772332165,kamailio,chatafl,1,b_abs,8392
1772332167,kamailio,chatafl,1,l_per,6.4
1772332167,kamailio,chatafl,1,l_abs,15124
1772332167,kamailio,chatafl,1,b_per,1.5
1772332167,kamailio,chatafl,1,b_abs,8393
1772332169,kamailio,chatafl,1,l_per,6.4
1772332169,kamailio,chatafl,1,l_abs,15124
1772332169,kamailio,chatafl,1,b_per,1.5
1772332169,kamailio,chatafl,1,b_abs,8393
1772332172,kamailio,chatafl,1,l_per,6.4
1772332172,kamailio,chatafl,1,l_abs,15126
1772332172,kamailio,chatafl,1,b_per,1.5
1772332172,kamailio,chatafl,1,b_abs,8394
1772332174,kamailio,chatafl,1,l_per,6.4
1772332174,kamailio,chatafl,1,l_abs,15126
1772332174,kamailio,chatafl,1,b_per,1.5
1772332174,kamailio,chatafl,1,b_abs,8395
1772332177,kamailio,chatafl,1,l_per,6.4
1772332177,kamailio,chatafl,1,l_abs,15126
1772332177,kamailio,chatafl,1,b_per,1.5
1772332177,kamailio,chatafl,1,b_abs,8395
1772332179,kamailio,chatafl,1,l_per,6.4
1772332179,kamailio,chatafl,1,l_abs,15126
1772332179,kamailio,chatafl,1,b_per,1.5
1772332179,kamailio,chatafl,1,b_abs,8395
1772332181,kamailio,chatafl,1,l_per,6.4
1772332181,kamailio,chatafl,1,l_abs,15179
1772332181,kamailio,chatafl,1,b_per,1.5
1772332181,kamailio,chatafl,1,b_abs,8427
1772332183,kamailio,chatafl,1,l_per,6.4
1772332183,kamailio,chatafl,1,l_abs,15179
1772332183,kamailio,chatafl,1,b_per,1.5
1772332183,kamailio,chatafl,1,b_abs,8427
1772332185,kamailio,chatafl,1,l_per,6.4
1772332185,kamailio,chatafl,1,l_abs,15179
1772332185,kamailio,chatafl,1,b_per,1.5
1772332185,kamailio,chatafl,1,b_abs,8428
1772332187,kamailio,chatafl,1,l_per,6.4
1772332187,kamailio,chatafl,1,l_abs,15184
1772332187,kamailio,chatafl,1,b_per,1.5
1772332187,kamailio,chatafl,1,b_abs,8430
1772332189,kamailio,chatafl,1,l_per,6.4
1772332189,kamailio,chatafl,1,l_abs,15188
1772332189,kamailio,chatafl,1,b_per,1.5
1772332189,kamailio,chatafl,1,b_abs,8431
1772332191,kamailio,chatafl,1,l_per,6.4
1772332191,kamailio,chatafl,1,l_abs,15188
1772332191,kamailio,chatafl,1,b_per,1.5
1772332191,kamailio,chatafl,1,b_abs,8431
1772332192,kamailio,chatafl,1,l_per,6.4
1772332192,kamailio,chatafl,1,l_abs,15188
1772332192,kamailio,chatafl,1,b_per,1.5
1772332192,kamailio,chatafl,1,b_abs,8431
1772332194,kamailio,chatafl,1,l_per,6.4
1772332194,kamailio,chatafl,1,l_abs,15188
1772332194,kamailio,chatafl,1,b_per,1.5
1772332194,kamailio,chatafl,1,b_abs,8431
1772332196,kamailio,chatafl,1,l_per,6.4
1772332196,kamailio,chatafl,1,l_abs,15191
1772332196,kamailio,chatafl,1,b_per,1.5
1772332196,kamailio,chatafl,1,b_abs,8432
1772332198,kamailio,chatafl,1,l_per,6.4
1772332198,kamailio,chatafl,1,l_abs,15191
1772332198,kamailio,chatafl,1,b_per,1.5
1772332198,kamailio,chatafl,1,b_abs,8432
1772332200,kamailio,chatafl,1,l_per,6.4
1772332200,kamailio,chatafl,1,l_abs,15191
1772332200,kamailio,chatafl,1,b_per,1.5
1772332200,kamailio,chatafl,1,b_abs,8432
1772332202,kamailio,chatafl,1,l_per,6.4
1772332202,kamailio,chatafl,1,l_abs,15191
1772332202,kamailio,chatafl,1,b_per,1.5
1772332202,kamailio,chatafl,1,b_abs,8432
1772332204,kamailio,chatafl,1,l_per,6.4
1772332204,kamailio,chatafl,1,l_abs,15191
1772332204,kamailio,chatafl,1,b_per,1.5
1772332204,kamailio,chatafl,1,b_abs,8432
1772332206,kamailio,chatafl,1,l_per,6.4
1772332206,kamailio,chatafl,1,l_abs,15191
1772332206,kamailio,chatafl,1,b_per,1.5
1772332206,kamailio,chatafl,1,b_abs,8432
1772332208,kamailio,chatafl,1,l_per,6.4
1772332208,kamailio,chatafl,1,l_abs,15194
1772332208,kamailio,chatafl,1,b_per,1.5
1772332208,kamailio,chatafl,1,b_abs,8433
1772332210,kamailio,chatafl,1,l_per,6.4
1772332210,kamailio,chatafl,1,l_abs,15206
1772332210,kamailio,chatafl,1,b_per,1.5
1772332210,kamailio,chatafl,1,b_abs,8436
1772332212,kamailio,chatafl,1,l_per,6.4
1772332212,kamailio,chatafl,1,l_abs,15206
1772332212,kamailio,chatafl,1,b_per,1.5
1772332212,kamailio,chatafl,1,b_abs,8436
1772332214,kamailio,chatafl,1,l_per,6.4
1772332214,kamailio,chatafl,1,l_abs,15208
1772332214,kamailio,chatafl,1,b_per,1.5
1772332214,kamailio,chatafl,1,b_abs,8437
1772332216,kamailio,chatafl,1,l_per,6.4
1772332216,kamailio,chatafl,1,l_abs,15208
1772332216,kamailio,chatafl,1,b_per,1.5
1772332216,kamailio,chatafl,1,b_abs,8437
1772332219,kamailio,chatafl,1,l_per,6.4
1772332219,kamailio,chatafl,1,l_abs,15208
1772332219,kamailio,chatafl,1,b_per,1.5
1772332219,kamailio,chatafl,1,b_abs,8437
1772332221,kamailio,chatafl,1,l_per,6.4
1772332221,kamailio,chatafl,1,l_abs,15211
1772332221,kamailio,chatafl,1,b_per,1.5
1772332221,kamailio,chatafl,1,b_abs,8447
1772332222,kamailio,chatafl,1,l_per,6.4
1772332222,kamailio,chatafl,1,l_abs,15221
1772332222,kamailio,chatafl,1,b_per,1.5
1772332222,kamailio,chatafl,1,b_abs,8452
1772332225,kamailio,chatafl,1,l_per,6.4
1772332225,kamailio,chatafl,1,l_abs,15243
1772332225,kamailio,chatafl,1,b_per,1.5
1772332225,kamailio,chatafl,1,b_abs,8471
1772332227,kamailio,chatafl,1,l_per,6.4
1772332227,kamailio,chatafl,1,l_abs,15243
1772332227,kamailio,chatafl,1,b_per,1.5
1772332227,kamailio,chatafl,1,b_abs,8471
1772332229,kamailio,chatafl,1,l_per,6.4
1772332229,kamailio,chatafl,1,l_abs,15243
1772332229,kamailio,chatafl,1,b_per,1.5
1772332229,kamailio,chatafl,1,b_abs,8471
1772332231,kamailio,chatafl,1,l_per,6.4
1772332231,kamailio,chatafl,1,l_abs,15243
1772332231,kamailio,chatafl,1,b_per,1.5
1772332231,kamailio,chatafl,1,b_abs,8471
1772332233,kamailio,chatafl,1,l_per,6.4
1772332233,kamailio,chatafl,1,l_abs,15243
1772332233,kamailio,chatafl,1,b_per,1.5
1772332233,kamailio,chatafl,1,b_abs,8471
1772332235,kamailio,chatafl,1,l_per,6.4
1772332235,kamailio,chatafl,1,l_abs,15243
1772332235,kamailio,chatafl,1,b_per,1.5
1772332235,kamailio,chatafl,1,b_abs,8474
1772332237,kamailio,chatafl,1,l_per,6.4
1772332237,kamailio,chatafl,1,l_abs,15247
1772332237,kamailio,chatafl,1,b_per,1.5
1772332237,kamailio,chatafl,1,b_abs,8476
1772332239,kamailio,chatafl,1,l_per,6.4
1772332239,kamailio,chatafl,1,l_abs,15247
1772332239,kamailio,chatafl,1,b_per,1.5
1772332239,kamailio,chatafl,1,b_abs,8476
1772332241,kamailio,chatafl,1,l_per,6.4
1772332241,kamailio,chatafl,1,l_abs,15247
1772332241,kamailio,chatafl,1,b_per,1.5
1772332241,kamailio,chatafl,1,b_abs,8476
1772332243,kamailio,chatafl,1,l_per,6.5
1772332243,kamailio,chatafl,1,l_abs,15297
1772332243,kamailio,chatafl,1,b_per,1.5
1772332243,kamailio,chatafl,1,b_abs,8555
1772332245,kamailio,chatafl,1,l_per,6.5
1772332245,kamailio,chatafl,1,l_abs,15300
1772332245,kamailio,chatafl,1,b_per,1.5
1772332245,kamailio,chatafl,1,b_abs,8564
1772332248,kamailio,chatafl,1,l_per,6.5
1772332248,kamailio,chatafl,1,l_abs,15300
1772332248,kamailio,chatafl,1,b_per,1.5
1772332248,kamailio,chatafl,1,b_abs,8564
1772332250,kamailio,chatafl,1,l_per,6.5
1772332250,kamailio,chatafl,1,l_abs,15300
1772332250,kamailio,chatafl,1,b_per,1.5
1772332250,kamailio,chatafl,1,b_abs,8564
1772332259,kamailio,chatafl,1,l_per,6.5
1772332259,kamailio,chatafl,1,l_abs,15300
1772332259,kamailio,chatafl,1,b_per,1.5
1772332259,kamailio,chatafl,1,b_abs,8564
1772332262,kamailio,chatafl,1,l_per,6.5
1772332262,kamailio,chatafl,1,l_abs,15300
1772332262,kamailio,chatafl,1,b_per,1.5
1772332262,kamailio,chatafl,1,b_abs,8564
1772332264,kamailio,chatafl,1,l_per,6.5
1772332264,kamailio,chatafl,1,l_abs,15303
1772332264,kamailio,chatafl,1,b_per,1.5
1772332264,kamailio,chatafl,1,b_abs,8573
1772332265,kamailio,chatafl,1,l_per,6.5
1772332265,kamailio,chatafl,1,l_abs,15303
1772332265,kamailio,chatafl,1,b_per,1.5
1772332265,kamailio,chatafl,1,b_abs,8573
1772332268,kamailio,chatafl,1,l_per,6.5
1772332268,kamailio,chatafl,1,l_abs,15303
1772332268,kamailio,chatafl,1,b_per,1.5
1772332268,kamailio,chatafl,1,b_abs,8573
1772332271,kamailio,chatafl,1,l_per,6.5
1772332271,kamailio,chatafl,1,l_abs,15357
1772332271,kamailio,chatafl,1,b_per,1.5
1772332271,kamailio,chatafl,1,b_abs,8602
1772332274,kamailio,chatafl,1,l_per,6.5
1772332274,kamailio,chatafl,1,l_abs,15367
1772332274,kamailio,chatafl,1,b_per,1.5
1772332274,kamailio,chatafl,1,b_abs,8605
1772332277,kamailio,chatafl,1,l_per,6.5
1772332277,kamailio,chatafl,1,l_abs,15367
1772332277,kamailio,chatafl,1,b_per,1.5
1772332277,kamailio,chatafl,1,b_abs,8605
1772332279,kamailio,chatafl,1,l_per,6.5
1772332279,kamailio,chatafl,1,l_abs,15377
1772332279,kamailio,chatafl,1,b_per,1.5
1772332279,kamailio,chatafl,1,b_abs,8617
1772332281,kamailio,chatafl,1,l_per,6.5
1772332281,kamailio,chatafl,1,l_abs,15377
1772332281,kamailio,chatafl,1,b_per,1.5
1772332281,kamailio,chatafl,1,b_abs,8617
1772332283,kamailio,chatafl,1,l_per,6.5
1772332283,kamailio,chatafl,1,l_abs,15377
1772332283,kamailio,chatafl,1,b_per,1.5
1772332283,kamailio,chatafl,1,b_abs,8621
1772332285,kamailio,chatafl,1,l_per,6.5
1772332285,kamailio,chatafl,1,l_abs,15377
1772332285,kamailio,chatafl,1,b_per,1.5
1772332285,kamailio,chatafl,1,b_abs,8621
1772332287,kamailio,chatafl,1,l_per,6.5
1772332287,kamailio,chatafl,1,l_abs,15377
1772332287,kamailio,chatafl,1,b_per,1.5
1772332287,kamailio,chatafl,1,b_abs,8621
1772332290,kamailio,chatafl,1,l_per,6.5
1772332290,kamailio,chatafl,1,l_abs,15377
1772332290,kamailio,chatafl,1,b_per,1.5
1772332290,kamailio,chatafl,1,b_abs,8621
1772332293,kamailio,chatafl,1,l_per,6.5
1772332293,kamailio,chatafl,1,l_abs,15377
1772332293,kamailio,chatafl,1,b_per,1.5
1772332293,kamailio,chatafl,1,b_abs,8621
1772332295,kamailio,chatafl,1,l_per,6.5
1772332295,kamailio,chatafl,1,l_abs,15377
1772332295,kamailio,chatafl,1,b_per,1.5
1772332295,kamailio,chatafl,1,b_abs,8621
1772332299,kamailio,chatafl,1,l_per,6.5
1772332299,kamailio,chatafl,1,l_abs,15382
1772332299,kamailio,chatafl,1,b_per,1.5
1772332299,kamailio,chatafl,1,b_abs,8633
1772332301,kamailio,chatafl,1,l_per,6.5
1772332301,kamailio,chatafl,1,l_abs,15382
1772332301,kamailio,chatafl,1,b_per,1.5
1772332301,kamailio,chatafl,1,b_abs,8633
1772332304,kamailio,chatafl,1,l_per,6.5
1772332304,kamailio,chatafl,1,l_abs,15382
1772332304,kamailio,chatafl,1,b_per,1.5
1772332304,kamailio,chatafl,1,b_abs,8634
1772332306,kamailio,chatafl,1,l_per,6.5
1772332306,kamailio,chatafl,1,l_abs,15382
1772332306,kamailio,chatafl,1,b_per,1.5
1772332306,kamailio,chatafl,1,b_abs,8634
1772332309,kamailio,chatafl,1,l_per,6.5
1772332309,kamailio,chatafl,1,l_abs,15382
1772332309,kamailio,chatafl,1,b_per,1.5
1772332309,kamailio,chatafl,1,b_abs,8635
1772332311,kamailio,chatafl,1,l_per,6.5
1772332311,kamailio,chatafl,1,l_abs,15382
1772332311,kamailio,chatafl,1,b_per,1.5
1772332311,kamailio,chatafl,1,b_abs,8635
1772332313,kamailio,chatafl,1,l_per,6.5
1772332313,kamailio,chatafl,1,l_abs,15382
1772332313,kamailio,chatafl,1,b_per,1.5
1772332313,kamailio,chatafl,1,b_abs,8635
1772332315,kamailio,chatafl,1,l_per,6.5
1772332315,kamailio,chatafl,1,l_abs,15382
1772332315,kamailio,chatafl,1,b_per,1.5
1772332315,kamailio,chatafl,1,b_abs,8635
1772332317,kamailio,chatafl,1,l_per,6.5
1772332317,kamailio,chatafl,1,l_abs,15385
1772332317,kamailio,chatafl,1,b_per,1.5
1772332317,kamailio,chatafl,1,b_abs,8637
1772332320,kamailio,chatafl,1,l_per,6.5
1772332320,kamailio,chatafl,1,l_abs,15385
1772332320,kamailio,chatafl,1,b_per,1.5
1772332320,kamailio,chatafl,1,b_abs,8637
1772332322,kamailio,chatafl,1,l_per,6.5
1772332322,kamailio,chatafl,1,l_abs,15385
1772332322,kamailio,chatafl,1,b_per,1.5
1772332322,kamailio,chatafl,1,b_abs,8637
1772332325,kamailio,chatafl,1,l_per,6.5
1772332325,kamailio,chatafl,1,l_abs,15385
1772332325,kamailio,chatafl,1,b_per,1.5
1772332325,kamailio,chatafl,1,b_abs,8637
1772332326,kamailio,chatafl,1,l_per,6.5
1772332326,kamailio,chatafl,1,l_abs,15393
1772332326,kamailio,chatafl,1,b_per,1.5
1772332326,kamailio,chatafl,1,b_abs,8646
1772332329,kamailio,chatafl,1,l_per,6.5
1772332329,kamailio,chatafl,1,l_abs,15393
1772332329,kamailio,chatafl,1,b_per,1.5
1772332329,kamailio,chatafl,1,b_abs,8646
1772332331,kamailio,chatafl,1,l_per,6.5
1772332331,kamailio,chatafl,1,l_abs,15396
1772332331,kamailio,chatafl,1,b_per,1.5
1772332331,kamailio,chatafl,1,b_abs,8656
1772332333,kamailio,chatafl,1,l_per,6.5
1772332333,kamailio,chatafl,1,l_abs,15400
1772332333,kamailio,chatafl,1,b_per,1.5
1772332333,kamailio,chatafl,1,b_abs,8657
1772332335,kamailio,chatafl,1,l_per,6.5
1772332335,kamailio,chatafl,1,l_abs,15400
1772332335,kamailio,chatafl,1,b_per,1.5
1772332335,kamailio,chatafl,1,b_abs,8657
1772332338,kamailio,chatafl,1,l_per,6.5
1772332338,kamailio,chatafl,1,l_abs,15400
1772332338,kamailio,chatafl,1,b_per,1.5
1772332338,kamailio,chatafl,1,b_abs,8657
1772332341,kamailio,chatafl,1,l_per,6.5
1772332341,kamailio,chatafl,1,l_abs,15400
1772332341,kamailio,chatafl,1,b_per,1.5
1772332341,kamailio,chatafl,1,b_abs,8657
1772332344,kamailio,chatafl,1,l_per,6.5
1772332344,kamailio,chatafl,1,l_abs,15402
1772332344,kamailio,chatafl,1,b_per,1.5
1772332344,kamailio,chatafl,1,b_abs,8658
1772332346,kamailio,chatafl,1,l_per,6.5
1772332346,kamailio,chatafl,1,l_abs,15402
1772332346,kamailio,chatafl,1,b_per,1.5
1772332346,kamailio,chatafl,1,b_abs,8658
1772332348,kamailio,chatafl,1,l_per,6.5
1772332348,kamailio,chatafl,1,l_abs,15402
1772332348,kamailio,chatafl,1,b_per,1.5
1772332348,kamailio,chatafl,1,b_abs,8658
1772332351,kamailio,chatafl,1,l_per,6.5
1772332351,kamailio,chatafl,1,l_abs,15402
1772332351,kamailio,chatafl,1,b_per,1.5
1772332351,kamailio,chatafl,1,b_abs,8658
1772332353,kamailio,chatafl,1,l_per,6.5
1772332353,kamailio,chatafl,1,l_abs,15402
1772332353,kamailio,chatafl,1,b_per,1.5
1772332353,kamailio,chatafl,1,b_abs,8658
1772332356,kamailio,chatafl,1,l_per,6.5
1772332356,kamailio,chatafl,1,l_abs,15402
1772332356,kamailio,chatafl,1,b_per,1.5
1772332356,kamailio,chatafl,1,b_abs,8658
1772332359,kamailio,chatafl,1,l_per,6.5
1772332359,kamailio,chatafl,1,l_abs,15402
1772332359,kamailio,chatafl,1,b_per,1.5
1772332359,kamailio,chatafl,1,b_abs,8659
1772332363,kamailio,chatafl,1,l_per,6.5
1772332363,kamailio,chatafl,1,l_abs,15405
1772332363,kamailio,chatafl,1,b_per,1.5
1772332363,kamailio,chatafl,1,b_abs,8668
1772332366,kamailio,chatafl,1,l_per,6.5
1772332366,kamailio,chatafl,1,l_abs,15408
1772332366,kamailio,chatafl,1,b_per,1.5
1772332366,kamailio,chatafl,1,b_abs,8671
1772332368,kamailio,chatafl,1,l_per,6.5
1772332368,kamailio,chatafl,1,l_abs,15408
1772332368,kamailio,chatafl,1,b_per,1.5
1772332368,kamailio,chatafl,1,b_abs,8671
1772332370,kamailio,chatafl,1,l_per,6.5
1772332370,kamailio,chatafl,1,l_abs,15408
1772332370,kamailio,chatafl,1,b_per,1.5
1772332370,kamailio,chatafl,1,b_abs,8671
1772332373,kamailio,chatafl,1,l_per,6.5
1772332373,kamailio,chatafl,1,l_abs,15408
1772332373,kamailio,chatafl,1,b_per,1.5
1772332373,kamailio,chatafl,1,b_abs,8671
1772332375,kamailio,chatafl,1,l_per,6.5
1772332375,kamailio,chatafl,1,l_abs,15412
1772332375,kamailio,chatafl,1,b_per,1.5
1772332375,kamailio,chatafl,1,b_abs,8685
1772332377,kamailio,chatafl,1,l_per,6.5
1772332377,kamailio,chatafl,1,l_abs,15412
1772332377,kamailio,chatafl,1,b_per,1.5
1772332377,kamailio,chatafl,1,b_abs,8685
1772332379,kamailio,chatafl,1,l_per,6.5
1772332379,kamailio,chatafl,1,l_abs,15412
1772332379,kamailio,chatafl,1,b_per,1.5
1772332379,kamailio,chatafl,1,b_abs,8686
1772332383,kamailio,chatafl,1,l_per,6.5
1772332383,kamailio,chatafl,1,l_abs,15416
1772332383,kamailio,chatafl,1,b_per,1.5
1772332383,kamailio,chatafl,1,b_abs,8688
1772332387,kamailio,chatafl,1,l_per,6.5
1772332387,kamailio,chatafl,1,l_abs,15416
1772332387,kamailio,chatafl,1,b_per,1.5
1772332387,kamailio,chatafl,1,b_abs,8688
1772332389,kamailio,chatafl,1,l_per,6.5
1772332389,kamailio,chatafl,1,l_abs,15416
1772332389,kamailio,chatafl,1,b_per,1.5
1772332389,kamailio,chatafl,1,b_abs,8688
1772332392,kamailio,chatafl,1,l_per,6.5
1772332392,kamailio,chatafl,1,l_abs,15416
1772332392,kamailio,chatafl,1,b_per,1.5
1772332392,kamailio,chatafl,1,b_abs,8688
1772332394,kamailio,chatafl,1,l_per,6.5
1772332394,kamailio,chatafl,1,l_abs,15416
1772332394,kamailio,chatafl,1,b_per,1.5
1772332394,kamailio,chatafl,1,b_abs,8688
1772332397,kamailio,chatafl,1,l_per,6.5
1772332397,kamailio,chatafl,1,l_abs,15424
1772332397,kamailio,chatafl,1,b_per,1.5
1772332397,kamailio,chatafl,1,b_abs,8695
1772332399,kamailio,chatafl,1,l_per,6.5
1772332399,kamailio,chatafl,1,l_abs,15428
1772332399,kamailio,chatafl,1,b_per,1.5
1772332399,kamailio,chatafl,1,b_abs,8696
1772332401,kamailio,chatafl,1,l_per,6.5
1772332401,kamailio,chatafl,1,l_abs,15428
1772332401,kamailio,chatafl,1,b_per,1.5
1772332401,kamailio,chatafl,1,b_abs,8697
1772332405,kamailio,chatafl,1,l_per,6.5
1772332405,kamailio,chatafl,1,l_abs,15428
1772332405,kamailio,chatafl,1,b_per,1.5
1772332405,kamailio,chatafl,1,b_abs,8697
1772332409,kamailio,chatafl,1,l_per,6.5
1772332409,kamailio,chatafl,1,l_abs,15428
1772332409,kamailio,chatafl,1,b_per,1.5
1772332409,kamailio,chatafl,1,b_abs,8697
1772332411,kamailio,chatafl,1,l_per,6.5
1772332411,kamailio,chatafl,1,l_abs,15428
1772332411,kamailio,chatafl,1,b_per,1.5
1772332411,kamailio,chatafl,1,b_abs,8697
1772332413,kamailio,chatafl,1,l_per,6.5
1772332413,kamailio,chatafl,1,l_abs,15429
1772332413,kamailio,chatafl,1,b_per,1.5
1772332413,kamailio,chatafl,1,b_abs,8700
1772332416,kamailio,chatafl,1,l_per,6.5
1772332416,kamailio,chatafl,1,l_abs,15432
1772332416,kamailio,chatafl,1,b_per,1.5
1772332416,kamailio,chatafl,1,b_abs,8701
1772332418,kamailio,chatafl,1,l_per,6.5
1772332418,kamailio,chatafl,1,l_abs,15432
1772332418,kamailio,chatafl,1,b_per,1.5
1772332418,kamailio,chatafl,1,b_abs,8703
1772332420,kamailio,chatafl,1,l_per,6.5
1772332420,kamailio,chatafl,1,l_abs,15433
1772332420,kamailio,chatafl,1,b_per,1.5
1772332420,kamailio,chatafl,1,b_abs,8704
1772332422,kamailio,chatafl,1,l_per,6.5
1772332422,kamailio,chatafl,1,l_abs,15433
1772332422,kamailio,chatafl,1,b_per,1.5
1772332422,kamailio,chatafl,1,b_abs,8706
1772332424,kamailio,chatafl,1,l_per,6.5
1772332424,kamailio,chatafl,1,l_abs,15434
1772332424,kamailio,chatafl,1,b_per,1.5
1772332424,kamailio,chatafl,1,b_abs,8708
1772332426,kamailio,chatafl,1,l_per,6.5
1772332426,kamailio,chatafl,1,l_abs,15434
1772332426,kamailio,chatafl,1,b_per,1.5
1772332426,kamailio,chatafl,1,b_abs,8708
1772332430,kamailio,chatafl,1,l_per,6.5
1772332430,kamailio,chatafl,1,l_abs,15434
1772332430,kamailio,chatafl,1,b_per,1.5
1772332430,kamailio,chatafl,1,b_abs,8708
1772332432,kamailio,chatafl,1,l_per,6.5
1772332432,kamailio,chatafl,1,l_abs,15434
1772332432,kamailio,chatafl,1,b_per,1.5
1772332432,kamailio,chatafl,1,b_abs,8708
1772332434,kamailio,chatafl,1,l_per,6.5
1772332434,kamailio,chatafl,1,l_abs,15437
1772332434,kamailio,chatafl,1,b_per,1.5
1772332434,kamailio,chatafl,1,b_abs,8717
1772332436,kamailio,chatafl,1,l_per,6.5
1772332436,kamailio,chatafl,1,l_abs,15442
1772332436,kamailio,chatafl,1,b_per,1.5
1772332436,kamailio,chatafl,1,b_abs,8720
1772332439,kamailio,chatafl,1,l_per,6.5
1772332439,kamailio,chatafl,1,l_abs,15442
1772332439,kamailio,chatafl,1,b_per,1.5
1772332439,kamailio,chatafl,1,b_abs,8720
1772332440,kamailio,chatafl,1,l_per,6.5
1772332440,kamailio,chatafl,1,l_abs,15446
1772332440,kamailio,chatafl,1,b_per,1.5
1772332440,kamailio,chatafl,1,b_abs,8730
1772332443,kamailio,chatafl,1,l_per,6.5
1772332443,kamailio,chatafl,1,l_abs,15446
1772332443,kamailio,chatafl,1,b_per,1.5
1772332443,kamailio,chatafl,1,b_abs,8730
1772332445,kamailio,chatafl,1,l_per,6.5
1772332445,kamailio,chatafl,1,l_abs,15446
1772332445,kamailio,chatafl,1,b_per,1.5
1772332445,kamailio,chatafl,1,b_abs,8732
1772332447,kamailio,chatafl,1,l_per,6.5
1772332447,kamailio,chatafl,1,l_abs,15449
1772332447,kamailio,chatafl,1,b_per,1.5
1772332447,kamailio,chatafl,1,b_abs,8733
1772332450,kamailio,chatafl,1,l_per,6.5
1772332450,kamailio,chatafl,1,l_abs,15460
1772332450,kamailio,chatafl,1,b_per,1.5
1772332450,kamailio,chatafl,1,b_abs,8738
1772332454,kamailio,chatafl,1,l_per,6.5
1772332454,kamailio,chatafl,1,l_abs,15460
1772332454,kamailio,chatafl,1,b_per,1.5
1772332454,kamailio,chatafl,1,b_abs,8740
1772332457,kamailio,chatafl,1,l_per,6.5
1772332457,kamailio,chatafl,1,l_abs,15465
1772332457,kamailio,chatafl,1,b_per,1.5
1772332457,kamailio,chatafl,1,b_abs,8742
1772332459,kamailio,chatafl,1,l_per,6.5
1772332459,kamailio,chatafl,1,l_abs,15468
1772332459,kamailio,chatafl,1,b_per,1.5
1772332459,kamailio,chatafl,1,b_abs,8743
1772332461,kamailio,chatafl,1,l_per,6.5
1772332461,kamailio,chatafl,1,l_abs,15471
1772332461,kamailio,chatafl,1,b_per,1.5
1772332461,kamailio,chatafl,1,b_abs,8744
1772332464,kamailio,chatafl,1,l_per,6.5
1772332464,kamailio,chatafl,1,l_abs,15471
1772332464,kamailio,chatafl,1,b_per,1.5
1772332464,kamailio,chatafl,1,b_abs,8744
1772332466,kamailio,chatafl,1,l_per,6.5
1772332466,kamailio,chatafl,1,l_abs,15472
1772332466,kamailio,chatafl,1,b_per,1.5
1772332466,kamailio,chatafl,1,b_abs,8745
1772332469,kamailio,chatafl,1,l_per,6.5
1772332469,kamailio,chatafl,1,l_abs,15486
1772332469,kamailio,chatafl,1,b_per,1.5
1772332469,kamailio,chatafl,1,b_abs,8755
1772332472,kamailio,chatafl,1,l_per,6.5
1772332472,kamailio,chatafl,1,l_abs,15486
1772332472,kamailio,chatafl,1,b_per,1.5
1772332472,kamailio,chatafl,1,b_abs,8755
1772332474,kamailio,chatafl,1,l_per,6.5
1772332474,kamailio,chatafl,1,l_abs,15486
1772332474,kamailio,chatafl,1,b_per,1.5
1772332474,kamailio,chatafl,1,b_abs,8755
1772332476,kamailio,chatafl,1,l_per,6.5
1772332476,kamailio,chatafl,1,l_abs,15486
1772332476,kamailio,chatafl,1,b_per,1.5
1772332476,kamailio,chatafl,1,b_abs,8755
1772332478,kamailio,chatafl,1,l_per,6.5
1772332478,kamailio,chatafl,1,l_abs,15490
1772332478,kamailio,chatafl,1,b_per,1.5
1772332478,kamailio,chatafl,1,b_abs,8756
1772332480,kamailio,chatafl,1,l_per,6.5
1772332480,kamailio,chatafl,1,l_abs,15492
1772332480,kamailio,chatafl,1,b_per,1.5
1772332480,kamailio,chatafl,1,b_abs,8757
1772332483,kamailio,chatafl,1,l_per,6.5
1772332483,kamailio,chatafl,1,l_abs,15494
1772332483,kamailio,chatafl,1,b_per,1.5
1772332483,kamailio,chatafl,1,b_abs,8758
1772332487,kamailio,chatafl,1,l_per,6.5
1772332487,kamailio,chatafl,1,l_abs,15497
1772332487,kamailio,chatafl,1,b_per,1.5
1772332487,kamailio,chatafl,1,b_abs,8761
1772332489,kamailio,chatafl,1,l_per,6.5
1772332489,kamailio,chatafl,1,l_abs,15507
1772332489,kamailio,chatafl,1,b_per,1.5
1772332489,kamailio,chatafl,1,b_abs,8764
1772332492,kamailio,chatafl,1,l_per,6.5
1772332492,kamailio,chatafl,1,l_abs,15507
1772332492,kamailio,chatafl,1,b_per,1.5
1772332492,kamailio,chatafl,1,b_abs,8764
1772332494,kamailio,chatafl,1,l_per,6.5
1772332494,kamailio,chatafl,1,l_abs,15511
1772332494,kamailio,chatafl,1,b_per,1.5
1772332494,kamailio,chatafl,1,b_abs,8766
1772332497,kamailio,chatafl,1,l_per,6.5
1772332497,kamailio,chatafl,1,l_abs,15516
1772332497,kamailio,chatafl,1,b_per,1.5
1772332497,kamailio,chatafl,1,b_abs,8776
1772332501,kamailio,chatafl,1,l_per,6.5
1772332501,kamailio,chatafl,1,l_abs,15516
1772332501,kamailio,chatafl,1,b_per,1.5
1772332501,kamailio,chatafl,1,b_abs,8776
1772332507,kamailio,chatafl,1,l_per,6.5
1772332507,kamailio,chatafl,1,l_abs,15516
1772332507,kamailio,chatafl,1,b_per,1.5
1772332507,kamailio,chatafl,1,b_abs,8776
1772332509,kamailio,chatafl,1,l_per,6.5
1772332509,kamailio,chatafl,1,l_abs,15516
1772332509,kamailio,chatafl,1,b_per,1.5
1772332509,kamailio,chatafl,1,b_abs,8776
1772332512,kamailio,chatafl,1,l_per,6.5
1772332512,kamailio,chatafl,1,l_abs,15516
1772332512,kamailio,chatafl,1,b_per,1.5
1772332512,kamailio,chatafl,1,b_abs,8776
1772332515,kamailio,chatafl,1,l_per,6.5
1772332515,kamailio,chatafl,1,l_abs,15516
1772332515,kamailio,chatafl,1,b_per,1.5
1772332515,kamailio,chatafl,1,b_abs,8776
1772332519,kamailio,chatafl,1,l_per,6.5
1772332519,kamailio,chatafl,1,l_abs,15516
1772332519,kamailio,chatafl,1,b_per,1.5
1772332519,kamailio,chatafl,1,b_abs,8776
1772332530,kamailio,chatafl,1,l_per,6.5
1772332530,kamailio,chatafl,1,l_abs,15516
1772332530,kamailio,chatafl,1,b_per,1.5
1772332530,kamailio,chatafl,1,b_abs,8776
1772332532,kamailio,chatafl,1,l_per,6.5
1772332532,kamailio,chatafl,1,l_abs,15516
1772332532,kamailio,chatafl,1,b_per,1.5
1772332532,kamailio,chatafl,1,b_abs,8776
1772332534,kamailio,chatafl,1,l_per,6.5
1772332534,kamailio,chatafl,1,l_abs,15516
1772332534,kamailio,chatafl,1,b_per,1.5
1772332534,kamailio,chatafl,1,b_abs,8780
1772332536,kamailio,chatafl,1,l_per,6.5
1772332536,kamailio,chatafl,1,l_abs,15516
1772332536,kamailio,chatafl,1,b_per,1.5
1772332536,kamailio,chatafl,1,b_abs,8780
1772332538,kamailio,chatafl,1,l_per,6.5
1772332538,kamailio,chatafl,1,l_abs,15516
1772332538,kamailio,chatafl,1,b_per,1.5
1772332538,kamailio,chatafl,1,b_abs,8780
1772332540,kamailio,chatafl,1,l_per,6.5
1772332540,kamailio,chatafl,1,l_abs,15516
1772332540,kamailio,chatafl,1,b_per,1.5
1772332540,kamailio,chatafl,1,b_abs,8780
1772332542,kamailio,chatafl,1,l_per,6.5
1772332542,kamailio,chatafl,1,l_abs,15516
1772332542,kamailio,chatafl,1,b_per,1.5
1772332542,kamailio,chatafl,1,b_abs,8780
1772332544,kamailio,chatafl,1,l_per,6.5
1772332544,kamailio,chatafl,1,l_abs,15516
1772332544,kamailio,chatafl,1,b_per,1.5
1772332544,kamailio,chatafl,1,b_abs,8780
1772332554,kamailio,chatafl,1,l_per,6.5
1772332554,kamailio,chatafl,1,l_abs,15516
1772332554,kamailio,chatafl,1,b_per,1.5
1772332554,kamailio,chatafl,1,b_abs,8781
1772332557,kamailio,chatafl,1,l_per,6.5
1772332557,kamailio,chatafl,1,l_abs,15516
1772332557,kamailio,chatafl,1,b_per,1.5
1772332557,kamailio,chatafl,1,b_abs,8781
1772332559,kamailio,chatafl,1,l_per,6.5
1772332559,kamailio,chatafl,1,l_abs,15516
1772332559,kamailio,chatafl,1,b_per,1.5
1772332559,kamailio,chatafl,1,b_abs,8783
1772332561,kamailio,chatafl,1,l_per,6.5
1772332561,kamailio,chatafl,1,l_abs,15516
1772332561,kamailio,chatafl,1,b_per,1.5
1772332561,kamailio,chatafl,1,b_abs,8783
1772332563,kamailio,chatafl,1,l_per,6.5
1772332563,kamailio,chatafl,1,l_abs,15516
1772332563,kamailio,chatafl,1,b_per,1.5
1772332563,kamailio,chatafl,1,b_abs,8783
1772332566,kamailio,chatafl,1,l_per,6.5
1772332566,kamailio,chatafl,1,l_abs,15516
1772332566,kamailio,chatafl,1,b_per,1.5
1772332566,kamailio,chatafl,1,b_abs,8783
1772332568,kamailio,chatafl,1,l_per,6.5
1772332568,kamailio,chatafl,1,l_abs,15516
1772332568,kamailio,chatafl,1,b_per,1.5
1772332568,kamailio,chatafl,1,b_abs,8783
1772332570,kamailio,chatafl,1,l_per,6.5
1772332570,kamailio,chatafl,1,l_abs,15516
1772332570,kamailio,chatafl,1,b_per,1.5
1772332570,kamailio,chatafl,1,b_abs,8783
1772332573,kamailio,chatafl,1,l_per,6.5
1772332573,kamailio,chatafl,1,l_abs,15516
1772332573,kamailio,chatafl,1,b_per,1.5
1772332573,kamailio,chatafl,1,b_abs,8785
1772332574,kamailio,chatafl,1,l_per,6.5
1772332574,kamailio,chatafl,1,l_abs,15516
1772332574,kamailio,chatafl,1,b_per,1.5
1772332574,kamailio,chatafl,1,b_abs,8785
1772332577,kamailio,chatafl,1,l_per,6.5
1772332577,kamailio,chatafl,1,l_abs,15516
1772332577,kamailio,chatafl,1,b_per,1.5
1772332577,kamailio,chatafl,1,b_abs,8785
1772332579,kamailio,chatafl,1,l_per,6.5
1772332579,kamailio,chatafl,1,l_abs,15516
1772332579,kamailio,chatafl,1,b_per,1.5
1772332579,kamailio,chatafl,1,b_abs,8789
1772332581,kamailio,chatafl,1,l_per,6.5
1772332581,kamailio,chatafl,1,l_abs,15516
1772332581,kamailio,chatafl,1,b_per,1.5
1772332581,kamailio,chatafl,1,b_abs,8789
1772332584,kamailio,chatafl,1,l_per,6.5
1772332584,kamailio,chatafl,1,l_abs,15516
1772332584,kamailio,chatafl,1,b_per,1.5
1772332584,kamailio,chatafl,1,b_abs,8789
1772332586,kamailio,chatafl,1,l_per,6.5
1772332586,kamailio,chatafl,1,l_abs,15516
1772332586,kamailio,chatafl,1,b_per,1.5
1772332586,kamailio,chatafl,1,b_abs,8789
1772332587,kamailio,chatafl,1,l_per,6.5
1772332587,kamailio,chatafl,1,l_abs,15522
1772332587,kamailio,chatafl,1,b_per,1.5
1772332587,kamailio,chatafl,1,b_abs,8793
1772332589,kamailio,chatafl,1,l_per,6.6
1772332589,kamailio,chatafl,1,l_abs,15539
1772332589,kamailio,chatafl,1,b_per,1.6
1772332589,kamailio,chatafl,1,b_abs,8799
1772332591,kamailio,chatafl,1,l_per,6.6
1772332591,kamailio,chatafl,1,l_abs,15541
1772332591,kamailio,chatafl,1,b_per,1.6
1772332591,kamailio,chatafl,1,b_abs,8800
1772332596,kamailio,chatafl,1,l_per,6.6
1772332596,kamailio,chatafl,1,l_abs,15544
1772332596,kamailio,chatafl,1,b_per,1.6
1772332596,kamailio,chatafl,1,b_abs,8801
1772332598,kamailio,chatafl,1,l_per,6.6
1772332598,kamailio,chatafl,1,l_abs,15547
1772332598,kamailio,chatafl,1,b_per,1.6
1772332598,kamailio,chatafl,1,b_abs,8802
1772332600,kamailio,chatafl,1,l_per,6.6
1772332600,kamailio,chatafl,1,l_abs,15547
1772332600,kamailio,chatafl,1,b_per,1.6
1772332600,kamailio,chatafl,1,b_abs,8802
1772332603,kamailio,chatafl,1,l_per,6.6
1772332603,kamailio,chatafl,1,l_abs,15547
1772332603,kamailio,chatafl,1,b_per,1.6
1772332603,kamailio,chatafl,1,b_abs,8802
1772332605,kamailio,chatafl,1,l_per,6.6
1772332605,kamailio,chatafl,1,l_abs,15547
1772332605,kamailio,chatafl,1,b_per,1.6
1772332605,kamailio,chatafl,1,b_abs,8802
1772332610,kamailio,chatafl,1,l_per,6.6
1772332610,kamailio,chatafl,1,l_abs,15550
1772332610,kamailio,chatafl,1,b_per,1.6
1772332610,kamailio,chatafl,1,b_abs,8803
1772332612,kamailio,chatafl,1,l_per,6.6
1772332612,kamailio,chatafl,1,l_abs,15550
1772332612,kamailio,chatafl,1,b_per,1.6
1772332612,kamailio,chatafl,1,b_abs,8803
1772332615,kamailio,chatafl,1,l_per,6.6
1772332615,kamailio,chatafl,1,l_abs,15550
1772332615,kamailio,chatafl,1,b_per,1.6
1772332615,kamailio,chatafl,1,b_abs,8803
1772332621,kamailio,chatafl,1,l_per,6.6
1772332621,kamailio,chatafl,1,l_abs,15550
1772332621,kamailio,chatafl,1,b_per,1.6
1772332621,kamailio,chatafl,1,b_abs,8803
1772332625,kamailio,chatafl,1,l_per,6.6
1772332625,kamailio,chatafl,1,l_abs,15553
1772332625,kamailio,chatafl,1,b_per,1.6
1772332625,kamailio,chatafl,1,b_abs,8804
1772332627,kamailio,chatafl,1,l_per,6.6
1772332627,kamailio,chatafl,1,l_abs,15553
1772332627,kamailio,chatafl,1,b_per,1.6
1772332627,kamailio,chatafl,1,b_abs,8804
1772332630,kamailio,chatafl,1,l_per,6.6
1772332630,kamailio,chatafl,1,l_abs,15558
1772332630,kamailio,chatafl,1,b_per,1.6
1772332630,kamailio,chatafl,1,b_abs,8806
1772332633,kamailio,chatafl,1,l_per,6.6
1772332633,kamailio,chatafl,1,l_abs,15558
1772332633,kamailio,chatafl,1,b_per,1.6
1772332633,kamailio,chatafl,1,b_abs,8806
1772332636,kamailio,chatafl,1,l_per,6.6
1772332636,kamailio,chatafl,1,l_abs,15558
1772332636,kamailio,chatafl,1,b_per,1.6
1772332636,kamailio,chatafl,1,b_abs,8807
1772332639,kamailio,chatafl,1,l_per,6.6
1772332639,kamailio,chatafl,1,l_abs,15558
1772332639,kamailio,chatafl,1,b_per,1.6
1772332639,kamailio,chatafl,1,b_abs,8807
1772332642,kamailio,chatafl,1,l_per,6.6
1772332642,kamailio,chatafl,1,l_abs,15558
1772332642,kamailio,chatafl,1,b_per,1.6
1772332642,kamailio,chatafl,1,b_abs,8807
1772332646,kamailio,chatafl,1,l_per,6.6
1772332646,kamailio,chatafl,1,l_abs,15558
1772332646,kamailio,chatafl,1,b_per,1.6
1772332646,kamailio,chatafl,1,b_abs,8815
1772332648,kamailio,chatafl,1,l_per,6.6
1772332648,kamailio,chatafl,1,l_abs,15559
1772332648,kamailio,chatafl,1,b_per,1.6
1772332648,kamailio,chatafl,1,b_abs,8816
1772332651,kamailio,chatafl,1,l_per,6.6
1772332651,kamailio,chatafl,1,l_abs,15562
1772332651,kamailio,chatafl,1,b_per,1.6
1772332651,kamailio,chatafl,1,b_abs,8817
1772332655,kamailio,chatafl,1,l_per,6.6
1772332655,kamailio,chatafl,1,l_abs,15562
1772332655,kamailio,chatafl,1,b_per,1.6
1772332655,kamailio,chatafl,1,b_abs,8817
1772332657,kamailio,chatafl,1,l_per,6.6
1772332657,kamailio,chatafl,1,l_abs,15564
1772332657,kamailio,chatafl,1,b_per,1.6
1772332657,kamailio,chatafl,1,b_abs,8822
1772332660,kamailio,chatafl,1,l_per,6.6
1772332660,kamailio,chatafl,1,l_abs,15568
1772332660,kamailio,chatafl,1,b_per,1.6
1772332660,kamailio,chatafl,1,b_abs,8823
1772332664,kamailio,chatafl,1,l_per,6.6
1772332664,kamailio,chatafl,1,l_abs,15571
1772332664,kamailio,chatafl,1,b_per,1.6
1772332664,kamailio,chatafl,1,b_abs,8825
1772332665,kamailio,chatafl,1,l_per,6.6
1772332665,kamailio,chatafl,1,l_abs,15573
1772332665,kamailio,chatafl,1,b_per,1.6
1772332665,kamailio,chatafl,1,b_abs,8835
1772332668,kamailio,chatafl,1,l_per,6.6
1772332668,kamailio,chatafl,1,l_abs,15578
1772332668,kamailio,chatafl,1,b_per,1.6
1772332668,kamailio,chatafl,1,b_abs,8842
1772332670,kamailio,chatafl,1,l_per,6.6
1772332670,kamailio,chatafl,1,l_abs,15578
1772332670,kamailio,chatafl,1,b_per,1.6
1772332670,kamailio,chatafl,1,b_abs,8844
1772332672,kamailio,chatafl,1,l_per,6.6
1772332672,kamailio,chatafl,1,l_abs,15578
1772332672,kamailio,chatafl,1,b_per,1.6
1772332672,kamailio,chatafl,1,b_abs,8844
1772332674,kamailio,chatafl,1,l_per,6.6
1772332674,kamailio,chatafl,1,l_abs,15578
1772332674,kamailio,chatafl,1,b_per,1.6
1772332674,kamailio,chatafl,1,b_abs,8844
1772332676,kamailio,chatafl,1,l_per,6.6
1772332676,kamailio,chatafl,1,l_abs,15578
1772332676,kamailio,chatafl,1,b_per,1.6
1772332676,kamailio,chatafl,1,b_abs,8847
1772332678,kamailio,chatafl,1,l_per,6.6
1772332678,kamailio,chatafl,1,l_abs,15578
1772332678,kamailio,chatafl,1,b_per,1.6
1772332678,kamailio,chatafl,1,b_abs,8847
1772332681,kamailio,chatafl,1,l_per,6.6
1772332681,kamailio,chatafl,1,l_abs,15578
1772332681,kamailio,chatafl,1,b_per,1.6
1772332681,kamailio,chatafl,1,b_abs,8847
1772332684,kamailio,chatafl,1,l_per,6.6
1772332684,kamailio,chatafl,1,l_abs,15578
1772332684,kamailio,chatafl,1,b_per,1.6
1772332684,kamailio,chatafl,1,b_abs,8847
1772332686,kamailio,chatafl,1,l_per,6.6
1772332686,kamailio,chatafl,1,l_abs,15578
1772332686,kamailio,chatafl,1,b_per,1.6
1772332686,kamailio,chatafl,1,b_abs,8847
1772332688,kamailio,chatafl,1,l_per,6.6
1772332688,kamailio,chatafl,1,l_abs,15578
1772332688,kamailio,chatafl,1,b_per,1.6
1772332688,kamailio,chatafl,1,b_abs,8847
1772332690,kamailio,chatafl,1,l_per,6.6
1772332690,kamailio,chatafl,1,l_abs,15578
1772332690,kamailio,chatafl,1,b_per,1.6
1772332690,kamailio,chatafl,1,b_abs,8847
1772332699,kamailio,chatafl,1,l_per,6.6
1772332699,kamailio,chatafl,1,l_abs,15578
1772332699,kamailio,chatafl,1,b_per,1.6
1772332699,kamailio,chatafl,1,b_abs,8847
1772332703,kamailio,chatafl,1,l_per,6.6
1772332703,kamailio,chatafl,1,l_abs,15581
1772332703,kamailio,chatafl,1,b_per,1.6
1772332703,kamailio,chatafl,1,b_abs,8857
1772332705,kamailio,chatafl,1,l_per,6.6
1772332705,kamailio,chatafl,1,l_abs,15581
1772332705,kamailio,chatafl,1,b_per,1.6
1772332705,kamailio,chatafl,1,b_abs,8857
1772332710,kamailio,chatafl,1,l_per,6.6
1772332710,kamailio,chatafl,1,l_abs,15581
1772332710,kamailio,chatafl,1,b_per,1.6
1772332710,kamailio,chatafl,1,b_abs,8857
1772332715,kamailio,chatafl,1,l_per,6.6
1772332715,kamailio,chatafl,1,l_abs,15584
1772332715,kamailio,chatafl,1,b_per,1.6
1772332715,kamailio,chatafl,1,b_abs,8858
1772332718,kamailio,chatafl,1,l_per,6.6
1772332718,kamailio,chatafl,1,l_abs,15584
1772332718,kamailio,chatafl,1,b_per,1.6
1772332718,kamailio,chatafl,1,b_abs,8858
1772332723,kamailio,chatafl,1,l_per,6.6
1772332723,kamailio,chatafl,1,l_abs,15584
1772332723,kamailio,chatafl,1,b_per,1.6
1772332723,kamailio,chatafl,1,b_abs,8858
1772332725,kamailio,chatafl,1,l_per,6.6
1772332725,kamailio,chatafl,1,l_abs,15584
1772332725,kamailio,chatafl,1,b_per,1.6
1772332725,kamailio,chatafl,1,b_abs,8858
1772332732,kamailio,chatafl,1,l_per,6.6
1772332732,kamailio,chatafl,1,l_abs,15584
1772332732,kamailio,chatafl,1,b_per,1.6
1772332732,kamailio,chatafl,1,b_abs,8858
1772332734,kamailio,chatafl,1,l_per,6.6
1772332734,kamailio,chatafl,1,l_abs,15597
1772332734,kamailio,chatafl,1,b_per,1.6
1772332734,kamailio,chatafl,1,b_abs,8871
1772332737,kamailio,chatafl,1,l_per,6.6
1772332737,kamailio,chatafl,1,l_abs,15602
1772332737,kamailio,chatafl,1,b_per,1.6
1772332737,kamailio,chatafl,1,b_abs,8890
1772332741,kamailio,chatafl,1,l_per,6.6
1772332741,kamailio,chatafl,1,l_abs,15602
1772332741,kamailio,chatafl,1,b_per,1.6
1772332741,kamailio,chatafl,1,b_abs,8890
1772332743,kamailio,chatafl,1,l_per,6.6
1772332743,kamailio,chatafl,1,l_abs,15602
1772332743,kamailio,chatafl,1,b_per,1.6
1772332743,kamailio,chatafl,1,b_abs,8890
1772332746,kamailio,chatafl,1,l_per,6.6
1772332746,kamailio,chatafl,1,l_abs,15602
1772332746,kamailio,chatafl,1,b_per,1.6
1772332746,kamailio,chatafl,1,b_abs,8890
1772332748,kamailio,chatafl,1,l_per,6.6
1772332748,kamailio,chatafl,1,l_abs,15605
1772332748,kamailio,chatafl,1,b_per,1.6
1772332748,kamailio,chatafl,1,b_abs,8891
1772332750,kamailio,chatafl,1,l_per,6.6
1772332750,kamailio,chatafl,1,l_abs,15605
1772332750,kamailio,chatafl,1,b_per,1.6
1772332750,kamailio,chatafl,1,b_abs,8891
1772332752,kamailio,chatafl,1,l_per,6.6
1772332752,kamailio,chatafl,1,l_abs,15605
1772332752,kamailio,chatafl,1,b_per,1.6
1772332752,kamailio,chatafl,1,b_abs,8891
1772332755,kamailio,chatafl,1,l_per,6.6
1772332755,kamailio,chatafl,1,l_abs,15608
1772332755,kamailio,chatafl,1,b_per,1.6
1772332755,kamailio,chatafl,1,b_abs,8892
1772332758,kamailio,chatafl,1,l_per,6.6
1772332758,kamailio,chatafl,1,l_abs,15608
1772332758,kamailio,chatafl,1,b_per,1.6
1772332758,kamailio,chatafl,1,b_abs,8892
1772332762,kamailio,chatafl,1,l_per,6.6
1772332762,kamailio,chatafl,1,l_abs,15608
1772332762,kamailio,chatafl,1,b_per,1.6
1772332762,kamailio,chatafl,1,b_abs,8893
1772332765,kamailio,chatafl,1,l_per,6.6
1772332765,kamailio,chatafl,1,l_abs,15612
1772332765,kamailio,chatafl,1,b_per,1.6
1772332765,kamailio,chatafl,1,b_abs,8896
1772332768,kamailio,chatafl,1,l_per,6.6
1772332768,kamailio,chatafl,1,l_abs,15612
1772332768,kamailio,chatafl,1,b_per,1.6
1772332768,kamailio,chatafl,1,b_abs,8896
1772332770,kamailio,chatafl,1,l_per,6.6
1772332770,kamailio,chatafl,1,l_abs,15616
1772332770,kamailio,chatafl,1,b_per,1.6
1772332770,kamailio,chatafl,1,b_abs,8897
1772332772,kamailio,chatafl,1,l_per,6.6
1772332772,kamailio,chatafl,1,l_abs,15620
1772332772,kamailio,chatafl,1,b_per,1.6
1772332772,kamailio,chatafl,1,b_abs,8898
1772332775,kamailio,chatafl,1,l_per,6.6
1772332775,kamailio,chatafl,1,l_abs,15624
1772332775,kamailio,chatafl,1,b_per,1.6
1772332775,kamailio,chatafl,1,b_abs,8899
1772332778,kamailio,chatafl,1,l_per,6.6
1772332778,kamailio,chatafl,1,l_abs,15624
1772332778,kamailio,chatafl,1,b_per,1.6
1772332778,kamailio,chatafl,1,b_abs,8899
1772332786,kamailio,chatafl,1,l_per,6.6
1772332786,kamailio,chatafl,1,l_abs,15624
1772332786,kamailio,chatafl,1,b_per,1.6
1772332786,kamailio,chatafl,1,b_abs,8900
1772332790,kamailio,chatafl,1,l_per,6.6
1772332790,kamailio,chatafl,1,l_abs,15628
1772332790,kamailio,chatafl,1,b_per,1.6
1772332790,kamailio,chatafl,1,b_abs,8902
1772332793,kamailio,chatafl,1,l_per,6.6
1772332793,kamailio,chatafl,1,l_abs,15628
1772332793,kamailio,chatafl,1,b_per,1.6
1772332793,kamailio,chatafl,1,b_abs,8902
1772332797,kamailio,chatafl,1,l_per,6.6
1772332797,kamailio,chatafl,1,l_abs,15628
1772332797,kamailio,chatafl,1,b_per,1.6
1772332797,kamailio,chatafl,1,b_abs,8902
1772332800,kamailio,chatafl,1,l_per,6.6
1772332800,kamailio,chatafl,1,l_abs,15632
1772332800,kamailio,chatafl,1,b_per,1.6
1772332800,kamailio,chatafl,1,b_abs,8903
1772332804,kamailio,chatafl,1,l_per,6.6
1772332804,kamailio,chatafl,1,l_abs,15632
1772332804,kamailio,chatafl,1,b_per,1.6
1772332804,kamailio,chatafl,1,b_abs,8903
1772332807,kamailio,chatafl,1,l_per,6.6
1772332807,kamailio,chatafl,1,l_abs,15632
1772332807,kamailio,chatafl,1,b_per,1.6
1772332807,kamailio,chatafl,1,b_abs,8905
1772332809,kamailio,chatafl,1,l_per,6.6
1772332809,kamailio,chatafl,1,l_abs,15635
1772332809,kamailio,chatafl,1,b_per,1.6
1772332809,kamailio,chatafl,1,b_abs,8906
1772332812,kamailio,chatafl,1,l_per,6.6
1772332812,kamailio,chatafl,1,l_abs,15635
1772332812,kamailio,chatafl,1,b_per,1.6
1772332812,kamailio,chatafl,1,b_abs,8906
1772332814,kamailio,chatafl,1,l_per,6.6
1772332814,kamailio,chatafl,1,l_abs,15635
1772332814,kamailio,chatafl,1,b_per,1.6
1772332814,kamailio,chatafl,1,b_abs,8906
1772332818,kamailio,chatafl,1,l_per,6.6
1772332818,kamailio,chatafl,1,l_abs,15635
1772332818,kamailio,chatafl,1,b_per,1.6
1772332818,kamailio,chatafl,1,b_abs,8906
1772332821,kamailio,chatafl,1,l_per,6.6
1772332821,kamailio,chatafl,1,l_abs,15655
1772332821,kamailio,chatafl,1,b_per,1.6
1772332821,kamailio,chatafl,1,b_abs,8932
1772332824,kamailio,chatafl,1,l_per,6.6
1772332824,kamailio,chatafl,1,l_abs,15661
1772332824,kamailio,chatafl,1,b_per,1.6
1772332824,kamailio,chatafl,1,b_abs,8933
1772332827,kamailio,chatafl,1,l_per,6.6
1772332827,kamailio,chatafl,1,l_abs,15666
1772332827,kamailio,chatafl,1,b_per,1.6
1772332827,kamailio,chatafl,1,b_abs,8935
1772332830,kamailio,chatafl,1,l_per,6.6
1772332830,kamailio,chatafl,1,l_abs,15666
1772332830,kamailio,chatafl,1,b_per,1.6
1772332830,kamailio,chatafl,1,b_abs,8935
1772332833,kamailio,chatafl,1,l_per,6.6
1772332833,kamailio,chatafl,1,l_abs,15666
1772332833,kamailio,chatafl,1,b_per,1.6
1772332833,kamailio,chatafl,1,b_abs,8935
1772332837,kamailio,chatafl,1,l_per,6.6
1772332837,kamailio,chatafl,1,l_abs,15666
1772332837,kamailio,chatafl,1,b_per,1.6
1772332837,kamailio,chatafl,1,b_abs,8935
1772332843,kamailio,chatafl,1,l_per,6.6
1772332843,kamailio,chatafl,1,l_abs,15666
1772332843,kamailio,chatafl,1,b_per,1.6
1772332843,kamailio,chatafl,1,b_abs,8935
1772332848,kamailio,chatafl,1,l_per,6.6
1772332848,kamailio,chatafl,1,l_abs,15666
1772332848,kamailio,chatafl,1,b_per,1.6
1772332848,kamailio,chatafl,1,b_abs,8935
1772332850,kamailio,chatafl,1,l_per,6.6
1772332850,kamailio,chatafl,1,l_abs,15666
1772332850,kamailio,chatafl,1,b_per,1.6
1772332850,kamailio,chatafl,1,b_abs,8935
1772332853,kamailio,chatafl,1,l_per,6.6
1772332853,kamailio,chatafl,1,l_abs,15666
1772332853,kamailio,chatafl,1,b_per,1.6
1772332853,kamailio,chatafl,1,b_abs,8937
1772332855,kamailio,chatafl,1,l_per,6.6
1772332855,kamailio,chatafl,1,l_abs,15666
1772332855,kamailio,chatafl,1,b_per,1.6
1772332855,kamailio,chatafl,1,b_abs,8937
1772332858,kamailio,chatafl,1,l_per,6.6
1772332858,kamailio,chatafl,1,l_abs,15666
1772332858,kamailio,chatafl,1,b_per,1.6
1772332858,kamailio,chatafl,1,b_abs,8937
1772332861,kamailio,chatafl,1,l_per,6.6
1772332861,kamailio,chatafl,1,l_abs,15666
1772332861,kamailio,chatafl,1,b_per,1.6
1772332861,kamailio,chatafl,1,b_abs,8937
1772332865,kamailio,chatafl,1,l_per,6.6
1772332865,kamailio,chatafl,1,l_abs,15670
1772332865,kamailio,chatafl,1,b_per,1.6
1772332865,kamailio,chatafl,1,b_abs,8939
1772332869,kamailio,chatafl,1,l_per,6.6
1772332869,kamailio,chatafl,1,l_abs,15670
1772332869,kamailio,chatafl,1,b_per,1.6
1772332869,kamailio,chatafl,1,b_abs,8941
1772332873,kamailio,chatafl,1,l_per,6.6
1772332873,kamailio,chatafl,1,l_abs,15670
1772332873,kamailio,chatafl,1,b_per,1.6
1772332873,kamailio,chatafl,1,b_abs,8941
1772332876,kamailio,chatafl,1,l_per,6.6
1772332876,kamailio,chatafl,1,l_abs,15670
1772332876,kamailio,chatafl,1,b_per,1.6
1772332876,kamailio,chatafl,1,b_abs,8941
1772332878,kamailio,chatafl,1,l_per,6.6
1772332878,kamailio,chatafl,1,l_abs,15670
1772332878,kamailio,chatafl,1,b_per,1.6
1772332878,kamailio,chatafl,1,b_abs,8941
1772332882,kamailio,chatafl,1,l_per,6.6
1772332882,kamailio,chatafl,1,l_abs,15674
1772332882,kamailio,chatafl,1,b_per,1.6
1772332882,kamailio,chatafl,1,b_abs,8942
1772332889,kamailio,chatafl,1,l_per,6.6
1772332889,kamailio,chatafl,1,l_abs,15674
1772332889,kamailio,chatafl,1,b_per,1.6
1772332889,kamailio,chatafl,1,b_abs,8944
1772332893,kamailio,chatafl,1,l_per,6.6
1772332893,kamailio,chatafl,1,l_abs,15674
1772332893,kamailio,chatafl,1,b_per,1.6
1772332893,kamailio,chatafl,1,b_abs,8944
1772332896,kamailio,chatafl,1,l_per,6.6
1772332896,kamailio,chatafl,1,l_abs,15674
1772332896,kamailio,chatafl,1,b_per,1.6
1772332896,kamailio,chatafl,1,b_abs,8944
1772332905,kamailio,chatafl,1,l_per,6.6
1772332905,kamailio,chatafl,1,l_abs,15674
1772332905,kamailio,chatafl,1,b_per,1.6
1772332905,kamailio,chatafl,1,b_abs,8944
1772332909,kamailio,chatafl,1,l_per,6.6
1772332909,kamailio,chatafl,1,l_abs,15674
1772332909,kamailio,chatafl,1,b_per,1.6
1772332909,kamailio,chatafl,1,b_abs,8946
1772332917,kamailio,chatafl,1,l_per,6.6
1772332917,kamailio,chatafl,1,l_abs,15674
1772332917,kamailio,chatafl,1,b_per,1.6
1772332917,kamailio,chatafl,1,b_abs,8946
1772332923,kamailio,chatafl,1,l_per,6.6
1772332923,kamailio,chatafl,1,l_abs,15674
1772332923,kamailio,chatafl,1,b_per,1.6
1772332923,kamailio,chatafl,1,b_abs,8946
1772332927,kamailio,chatafl,1,l_per,6.6
1772332927,kamailio,chatafl,1,l_abs,15674
1772332927,kamailio,chatafl,1,b_per,1.6
1772332927,kamailio,chatafl,1,b_abs,8946
1772332929,kamailio,chatafl,1,l_per,6.6
1772332929,kamailio,chatafl,1,l_abs,15674
1772332929,kamailio,chatafl,1,b_per,1.6
1772332929,kamailio,chatafl,1,b_abs,8946
1772332931,kamailio,chatafl,1,l_per,6.6
1772332931,kamailio,chatafl,1,l_abs,15674
1772332931,kamailio,chatafl,1,b_per,1.6
1772332931,kamailio,chatafl,1,b_abs,8946
1772332935,kamailio,chatafl,1,l_per,6.6
1772332935,kamailio,chatafl,1,l_abs,15674
1772332935,kamailio,chatafl,1,b_per,1.6
1772332935,kamailio,chatafl,1,b_abs,8946
1772332938,kamailio,chatafl,1,l_per,6.6
1772332938,kamailio,chatafl,1,l_abs,15674
1772332938,kamailio,chatafl,1,b_per,1.6
1772332938,kamailio,chatafl,1,b_abs,8948
1772332942,kamailio,chatafl,1,l_per,6.6
1772332942,kamailio,chatafl,1,l_abs,15674
1772332942,kamailio,chatafl,1,b_per,1.6
1772332942,kamailio,chatafl,1,b_abs,8950
1772332947,kamailio,chatafl,1,l_per,6.6
1772332947,kamailio,chatafl,1,l_abs,15674
1772332947,kamailio,chatafl,1,b_per,1.6
1772332947,kamailio,chatafl,1,b_abs,8952
1772332952,kamailio,chatafl,1,l_per,6.6
1772332952,kamailio,chatafl,1,l_abs,15674
1772332952,kamailio,chatafl,1,b_per,1.6
1772332952,kamailio,chatafl,1,b_abs,8952
1772332954,kamailio,chatafl,1,l_per,6.6
1772332954,kamailio,chatafl,1,l_abs,15674
1772332954,kamailio,chatafl,1,b_per,1.6
1772332954,kamailio,chatafl,1,b_abs,8952
1772332958,kamailio,chatafl,1,l_per,6.6
1772332958,kamailio,chatafl,1,l_abs,15674
1772332958,kamailio,chatafl,1,b_per,1.6
1772332958,kamailio,chatafl,1,b_abs,8952
1772332968,kamailio,chatafl,1,l_per,6.6
1772332968,kamailio,chatafl,1,l_abs,15674
1772332968,kamailio,chatafl,1,b_per,1.6
1772332968,kamailio,chatafl,1,b_abs,8952
1772332978,kamailio,chatafl,1,l_per,6.6
1772332978,kamailio,chatafl,1,l_abs,15674
1772332978,kamailio,chatafl,1,b_per,1.6
1772332978,kamailio,chatafl,1,b_abs,8953
1772332980,kamailio,chatafl,1,l_per,6.6
1772332980,kamailio,chatafl,1,l_abs,15674
1772332980,kamailio,chatafl,1,b_per,1.6
1772332980,kamailio,chatafl,1,b_abs,8953
1772332982,kamailio,chatafl,1,l_per,6.6
1772332982,kamailio,chatafl,1,l_abs,15674
1772332982,kamailio,chatafl,1,b_per,1.6
1772332982,kamailio,chatafl,1,b_abs,8953
1772332984,kamailio,chatafl,1,l_per,6.6
1772332984,kamailio,chatafl,1,l_abs,15674
1772332984,kamailio,chatafl,1,b_per,1.6
1772332984,kamailio,chatafl,1,b_abs,8953
1772332995,kamailio,chatafl,1,l_per,6.6
1772332995,kamailio,chatafl,1,l_abs,15677
1772332995,kamailio,chatafl,1,b_per,1.6
1772332995,kamailio,chatafl,1,b_abs,8954
1772332998,kamailio,chatafl,1,l_per,6.6
1772332998,kamailio,chatafl,1,l_abs,15679
1772332998,kamailio,chatafl,1,b_per,1.6
1772332998,kamailio,chatafl,1,b_abs,8955
1772333000,kamailio,chatafl,1,l_per,6.6
1772333000,kamailio,chatafl,1,l_abs,15682
1772333000,kamailio,chatafl,1,b_per,1.6
1772333000,kamailio,chatafl,1,b_abs,8958
1772333010,kamailio,chatafl,1,l_per,6.6
1772333010,kamailio,chatafl,1,l_abs,15682
1772333010,kamailio,chatafl,1,b_per,1.6
1772333010,kamailio,chatafl,1,b_abs,8958
1772333012,kamailio,chatafl,1,l_per,6.6
1772333012,kamailio,chatafl,1,l_abs,15682
1772333012,kamailio,chatafl,1,b_per,1.6
1772333012,kamailio,chatafl,1,b_abs,8958
1772333014,kamailio,chatafl,1,l_per,6.6
1772333014,kamailio,chatafl,1,l_abs,15684
1772333014,kamailio,chatafl,1,b_per,1.6
1772333014,kamailio,chatafl,1,b_abs,8959
1772333019,kamailio,chatafl,1,l_per,6.6
1772333019,kamailio,chatafl,1,l_abs,15684
1772333019,kamailio,chatafl,1,b_per,1.6
1772333019,kamailio,chatafl,1,b_abs,8959
1772333022,kamailio,chatafl,1,l_per,6.6
1772333022,kamailio,chatafl,1,l_abs,15684
1772333022,kamailio,chatafl,1,b_per,1.6
1772333022,kamailio,chatafl,1,b_abs,8961
1772333026,kamailio,chatafl,1,l_per,6.6
1772333026,kamailio,chatafl,1,l_abs,15684
1772333026,kamailio,chatafl,1,b_per,1.6
1772333026,kamailio,chatafl,1,b_abs,8961
1772333031,kamailio,chatafl,1,l_per,6.6
1772333031,kamailio,chatafl,1,l_abs,15684
1772333031,kamailio,chatafl,1,b_per,1.6
1772333031,kamailio,chatafl,1,b_abs,8961
1772333035,kamailio,chatafl,1,l_per,6.6
1772333035,kamailio,chatafl,1,l_abs,15684
1772333035,kamailio,chatafl,1,b_per,1.6
1772333035,kamailio,chatafl,1,b_abs,8961
1772333038,kamailio,chatafl,1,l_per,6.6
1772333038,kamailio,chatafl,1,l_abs,15684
1772333038,kamailio,chatafl,1,b_per,1.6
1772333038,kamailio,chatafl,1,b_abs,8961
1772333041,kamailio,chatafl,1,l_per,6.6
1772333041,kamailio,chatafl,1,l_abs,15688
1772333041,kamailio,chatafl,1,b_per,1.6
1772333041,kamailio,chatafl,1,b_abs,8962
1772333049,kamailio,chatafl,1,l_per,6.6
1772333049,kamailio,chatafl,1,l_abs,15692
1772333049,kamailio,chatafl,1,b_per,1.6
1772333049,kamailio,chatafl,1,b_abs,8963
1772333056,kamailio,chatafl,1,l_per,6.6
1772333056,kamailio,chatafl,1,l_abs,15692
1772333056,kamailio,chatafl,1,b_per,1.6
1772333056,kamailio,chatafl,1,b_abs,8963
1772333058,kamailio,chatafl,1,l_per,6.6
1772333058,kamailio,chatafl,1,l_abs,15695
1772333058,kamailio,chatafl,1,b_per,1.6
1772333058,kamailio,chatafl,1,b_abs,8964
1772333061,kamailio,chatafl,1,l_per,6.6
1772333061,kamailio,chatafl,1,l_abs,15695
1772333061,kamailio,chatafl,1,b_per,1.6
1772333061,kamailio,chatafl,1,b_abs,8964
1772333066,kamailio,chatafl,1,l_per,6.6
1772333066,kamailio,chatafl,1,l_abs,15695
1772333066,kamailio,chatafl,1,b_per,1.6
1772333066,kamailio,chatafl,1,b_abs,8964
1772333068,kamailio,chatafl,1,l_per,6.6
1772333068,kamailio,chatafl,1,l_abs,15698
1772333068,kamailio,chatafl,1,b_per,1.6
1772333068,kamailio,chatafl,1,b_abs,8965
1772333071,kamailio,chatafl,1,l_per,6.6
1772333071,kamailio,chatafl,1,l_abs,15698
1772333071,kamailio,chatafl,1,b_per,1.6
1772333071,kamailio,chatafl,1,b_abs,8965
1772333073,kamailio,chatafl,1,l_per,6.6
1772333073,kamailio,chatafl,1,l_abs,15698
1772333073,kamailio,chatafl,1,b_per,1.6
1772333073,kamailio,chatafl,1,b_abs,8965
1772333079,kamailio,chatafl,1,l_per,6.6
1772333079,kamailio,chatafl,1,l_abs,15698
1772333079,kamailio,chatafl,1,b_per,1.6
1772333079,kamailio,chatafl,1,b_abs,8965
1772333082,kamailio,chatafl,1,l_per,6.6
1772333082,kamailio,chatafl,1,l_abs,15698
1772333082,kamailio,chatafl,1,b_per,1.6
1772333082,kamailio,chatafl,1,b_abs,8965
1772333089,kamailio,chatafl,1,l_per,6.6
1772333089,kamailio,chatafl,1,l_abs,15698
1772333089,kamailio,chatafl,1,b_per,1.6
1772333089,kamailio,chatafl,1,b_abs,8965
1772333104,kamailio,chatafl,1,l_per,6.6
1772333104,kamailio,chatafl,1,l_abs,15698
1772333104,kamailio,chatafl,1,b_per,1.6
1772333104,kamailio,chatafl,1,b_abs,8965
1772333109,kamailio,chatafl,1,l_per,6.6
1772333109,kamailio,chatafl,1,l_abs,15698
1772333109,kamailio,chatafl,1,b_per,1.6
1772333109,kamailio,chatafl,1,b_abs,8965
1772333113,kamailio,chatafl,1,l_per,6.6
1772333113,kamailio,chatafl,1,l_abs,15698
1772333113,kamailio,chatafl,1,b_per,1.6
1772333113,kamailio,chatafl,1,b_abs,8965
1772333120,kamailio,chatafl,1,l_per,6.6
1772333120,kamailio,chatafl,1,l_abs,15698
1772333120,kamailio,chatafl,1,b_per,1.6
1772333120,kamailio,chatafl,1,b_abs,8965
1772333126,kamailio,chatafl,1,l_per,6.6
1772333126,kamailio,chatafl,1,l_abs,15699
1772333126,kamailio,chatafl,1,b_per,1.6
1772333126,kamailio,chatafl,1,b_abs,8967
1772333134,kamailio,chatafl,1,l_per,6.6
1772333134,kamailio,chatafl,1,l_abs,15702
1772333134,kamailio,chatafl,1,b_per,1.6
1772333134,kamailio,chatafl,1,b_abs,8969
1772333136,kamailio,chatafl,1,l_per,6.6
1772333136,kamailio,chatafl,1,l_abs,15702
1772333136,kamailio,chatafl,1,b_per,1.6
1772333136,kamailio,chatafl,1,b_abs,8969
1772333142,kamailio,chatafl,1,l_per,6.6
1772333142,kamailio,chatafl,1,l_abs,15704
1772333142,kamailio,chatafl,1,b_per,1.6
1772333142,kamailio,chatafl,1,b_abs,8970
1772333147,kamailio,chatafl,1,l_per,6.6
1772333147,kamailio,chatafl,1,l_abs,15704
1772333147,kamailio,chatafl,1,b_per,1.6
1772333147,kamailio,chatafl,1,b_abs,8970
1772333151,kamailio,chatafl,1,l_per,6.6
1772333151,kamailio,chatafl,1,l_abs,15704
1772333151,kamailio,chatafl,1,b_per,1.6
1772333151,kamailio,chatafl,1,b_abs,8970
1772333156,kamailio,chatafl,1,l_per,6.6
1772333156,kamailio,chatafl,1,l_abs,15704
1772333156,kamailio,chatafl,1,b_per,1.6
1772333156,kamailio,chatafl,1,b_abs,8970
1772333164,kamailio,chatafl,1,l_per,6.6
1772333164,kamailio,chatafl,1,l_abs,15704
1772333164,kamailio,chatafl,1,b_per,1.6
1772333164,kamailio,chatafl,1,b_abs,8970
1772333166,kamailio,chatafl,1,l_per,6.6
1772333166,kamailio,chatafl,1,l_abs,15704
1772333166,kamailio,chatafl,1,b_per,1.6
1772333166,kamailio,chatafl,1,b_abs,8970
1772333184,kamailio,chatafl,1,l_per,6.6
1772333184,kamailio,chatafl,1,l_abs,15704
1772333184,kamailio,chatafl,1,b_per,1.6
1772333184,kamailio,chatafl,1,b_abs,8970
1772333192,kamailio,chatafl,1,l_per,6.6
1772333192,kamailio,chatafl,1,l_abs,15704
1772333192,kamailio,chatafl,1,b_per,1.6
1772333192,kamailio,chatafl,1,b_abs,8970
1772333199,kamailio,chatafl,1,l_per,6.6
1772333199,kamailio,chatafl,1,l_abs,15707
1772333199,kamailio,chatafl,1,b_per,1.6
1772333199,kamailio,chatafl,1,b_abs,8979
1772333232,kamailio,chatafl,1,l_per,6.6
1772333232,kamailio,chatafl,1,l_abs,15707
1772333232,kamailio,chatafl,1,b_per,1.6
1772333232,kamailio,chatafl,1,b_abs,8979
1772333241,kamailio,chatafl,1,l_per,6.6
1772333241,kamailio,chatafl,1,l_abs,15707
1772333241,kamailio,chatafl,1,b_per,1.6
1772333241,kamailio,chatafl,1,b_abs,8979
1772333247,kamailio,chatafl,1,l_per,6.6
1772333247,kamailio,chatafl,1,l_abs,15713
1772333247,kamailio,chatafl,1,b_per,1.6
1772333247,kamailio,chatafl,1,b_abs,8980
1772333269,kamailio,chatafl,1,l_per,6.6
1772333269,kamailio,chatafl,1,l_abs,15713
1772333269,kamailio,chatafl,1,b_per,1.6
1772333269,kamailio,chatafl,1,b_abs,8980
1772333272,kamailio,chatafl,1,l_per,6.6
1772333272,kamailio,chatafl,1,l_abs,15713
1772333272,kamailio,chatafl,1,b_per,1.6
1772333272,kamailio,chatafl,1,b_abs,8980
1772333277,kamailio,chatafl,1,l_per,6.6
1772333277,kamailio,chatafl,1,l_abs,15713
1772333277,kamailio,chatafl,1,b_per,1.6
1772333277,kamailio,chatafl,1,b_abs,8980
1772333279,kamailio,chatafl,1,l_per,6.6
1772333279,kamailio,chatafl,1,l_abs,15713
1772333279,kamailio,chatafl,1,b_per,1.6
1772333279,kamailio,chatafl,1,b_abs,8981
1772333284,kamailio,chatafl,1,l_per,6.6
1772333284,kamailio,chatafl,1,l_abs,15713
1772333284,kamailio,chatafl,1,b_per,1.6
1772333284,kamailio,chatafl,1,b_abs,8982
1772333288,kamailio,chatafl,1,l_per,6.6
1772333288,kamailio,chatafl,1,l_abs,15717
1772333288,kamailio,chatafl,1,b_per,1.6
1772333288,kamailio,chatafl,1,b_abs,8983
1772333290,kamailio,chatafl,1,l_per,6.6
1772333290,kamailio,chatafl,1,l_abs,15721
1772333290,kamailio,chatafl,1,b_per,1.6
1772333290,kamailio,chatafl,1,b_abs,8994
1772333295,kamailio,chatafl,1,l_per,6.6
1772333295,kamailio,chatafl,1,l_abs,15725
1772333295,kamailio,chatafl,1,b_per,1.6
1772333295,kamailio,chatafl,1,b_abs,8995
1772333297,kamailio,chatafl,1,l_per,6.6
1772333297,kamailio,chatafl,1,l_abs,15725
1772333297,kamailio,chatafl,1,b_per,1.6
1772333297,kamailio,chatafl,1,b_abs,8995
1772333301,kamailio,chatafl,1,l_per,6.6
1772333301,kamailio,chatafl,1,l_abs,15727
1772333301,kamailio,chatafl,1,b_per,1.6
1772333301,kamailio,chatafl,1,b_abs,8996
1772333303,kamailio,chatafl,1,l_per,6.6
1772333303,kamailio,chatafl,1,l_abs,15730
1772333303,kamailio,chatafl,1,b_per,1.6
1772333303,kamailio,chatafl,1,b_abs,8997
1772333308,kamailio,chatafl,1,l_per,6.6
1772333308,kamailio,chatafl,1,l_abs,15730
1772333308,kamailio,chatafl,1,b_per,1.6
1772333308,kamailio,chatafl,1,b_abs,8997
1772333310,kamailio,chatafl,1,l_per,6.6
1772333310,kamailio,chatafl,1,l_abs,15730
1772333310,kamailio,chatafl,1,b_per,1.6
1772333310,kamailio,chatafl,1,b_abs,8997
1772333313,kamailio,chatafl,1,l_per,6.6
1772333313,kamailio,chatafl,1,l_abs,15730
1772333313,kamailio,chatafl,1,b_per,1.6
1772333313,kamailio,chatafl,1,b_abs,8997
1772333317,kamailio,chatafl,1,l_per,6.6
1772333317,kamailio,chatafl,1,l_abs,15730
1772333317,kamailio,chatafl,1,b_per,1.6
1772333317,kamailio,chatafl,1,b_abs,8997
1772333319,kamailio,chatafl,1,l_per,6.6
1772333319,kamailio,chatafl,1,l_abs,15733
1772333319,kamailio,chatafl,1,b_per,1.6
1772333319,kamailio,chatafl,1,b_abs,9006
1772333322,kamailio,chatafl,1,l_per,6.6
1772333322,kamailio,chatafl,1,l_abs,15733
1772333322,kamailio,chatafl,1,b_per,1.6
1772333322,kamailio,chatafl,1,b_abs,9006
1772333326,kamailio,chatafl,1,l_per,6.6
1772333326,kamailio,chatafl,1,l_abs,15733
1772333326,kamailio,chatafl,1,b_per,1.6
1772333326,kamailio,chatafl,1,b_abs,9006
1772333328,kamailio,chatafl,1,l_per,6.6
1772333328,kamailio,chatafl,1,l_abs,15733
1772333328,kamailio,chatafl,1,b_per,1.6
1772333328,kamailio,chatafl,1,b_abs,9006
1772333335,kamailio,chatafl,1,l_per,6.6
1772333335,kamailio,chatafl,1,l_abs,15737
1772333335,kamailio,chatafl,1,b_per,1.6
1772333335,kamailio,chatafl,1,b_abs,9011
1772333345,kamailio,chatafl,1,l_per,6.6
1772333345,kamailio,chatafl,1,l_abs,15737
1772333345,kamailio,chatafl,1,b_per,1.6
1772333345,kamailio,chatafl,1,b_abs,9011
1772333350,kamailio,chatafl,1,l_per,6.6
1772333350,kamailio,chatafl,1,l_abs,15745
1772333350,kamailio,chatafl,1,b_per,1.6
1772333350,kamailio,chatafl,1,b_abs,9013
1772333355,kamailio,chatafl,1,l_per,6.7
1772333355,kamailio,chatafl,1,l_abs,15770
1772333355,kamailio,chatafl,1,b_per,1.6
1772333355,kamailio,chatafl,1,b_abs,9025
1772333358,kamailio,chatafl,1,l_per,6.7
1772333358,kamailio,chatafl,1,l_abs,15771
1772333358,kamailio,chatafl,1,b_per,1.6
1772333358,kamailio,chatafl,1,b_abs,9027
1772333361,kamailio,chatafl,1,l_per,6.7
1772333361,kamailio,chatafl,1,l_abs,15771
1772333361,kamailio,chatafl,1,b_per,1.6
1772333361,kamailio,chatafl,1,b_abs,9027
1772333365,kamailio,chatafl,1,l_per,6.7
1772333365,kamailio,chatafl,1,l_abs,15771
1772333365,kamailio,chatafl,1,b_per,1.6
1772333365,kamailio,chatafl,1,b_abs,9027
1772333371,kamailio,chatafl,1,l_per,6.7
1772333371,kamailio,chatafl,1,l_abs,15771
1772333371,kamailio,chatafl,1,b_per,1.6
1772333371,kamailio,chatafl,1,b_abs,9027
1772333378,kamailio,chatafl,1,l_per,6.7
1772333378,kamailio,chatafl,1,l_abs,15771
1772333378,kamailio,chatafl,1,b_per,1.6
1772333378,kamailio,chatafl,1,b_abs,9027
1772333381,kamailio,chatafl,1,l_per,6.7
1772333381,kamailio,chatafl,1,l_abs,15779
1772333381,kamailio,chatafl,1,b_per,1.6
1772333381,kamailio,chatafl,1,b_abs,9034
1772333385,kamailio,chatafl,1,l_per,6.7
1772333385,kamailio,chatafl,1,l_abs,15779
1772333385,kamailio,chatafl,1,b_per,1.6
1772333385,kamailio,chatafl,1,b_abs,9036
1772333388,kamailio,chatafl,1,l_per,6.7
1772333388,kamailio,chatafl,1,l_abs,15779
1772333388,kamailio,chatafl,1,b_per,1.6
1772333388,kamailio,chatafl,1,b_abs,9038
1772333391,kamailio,chatafl,1,l_per,6.7
1772333391,kamailio,chatafl,1,l_abs,15779
1772333391,kamailio,chatafl,1,b_per,1.6
1772333391,kamailio,chatafl,1,b_abs,9038
1772333395,kamailio,chatafl,1,l_per,6.7
1772333395,kamailio,chatafl,1,l_abs,15779
1772333395,kamailio,chatafl,1,b_per,1.6
1772333395,kamailio,chatafl,1,b_abs,9038
1772333399,kamailio,chatafl,1,l_per,6.7
1772333399,kamailio,chatafl,1,l_abs,15788
1772333399,kamailio,chatafl,1,b_per,1.6
1772333399,kamailio,chatafl,1,b_abs,9041
1772333401,kamailio,chatafl,1,l_per,6.7
1772333401,kamailio,chatafl,1,l_abs,15794
1772333401,kamailio,chatafl,1,b_per,1.6
1772333401,kamailio,chatafl,1,b_abs,9042
1772333406,kamailio,chatafl,1,l_per,6.7
1772333406,kamailio,chatafl,1,l_abs,15794
1772333406,kamailio,chatafl,1,b_per,1.6
1772333406,kamailio,chatafl,1,b_abs,9042
1772333410,kamailio,chatafl,1,l_per,6.7
1772333410,kamailio,chatafl,1,l_abs,15798
1772333410,kamailio,chatafl,1,b_per,1.6
1772333410,kamailio,chatafl,1,b_abs,9046
1772333413,kamailio,chatafl,1,l_per,6.7
1772333413,kamailio,chatafl,1,l_abs,15806
1772333413,kamailio,chatafl,1,b_per,1.6
1772333413,kamailio,chatafl,1,b_abs,9052
1772333418,kamailio,chatafl,1,l_per,6.7
1772333418,kamailio,chatafl,1,l_abs,15814
1772333418,kamailio,chatafl,1,b_per,1.6
1772333418,kamailio,chatafl,1,b_abs,9055
1772333422,kamailio,chatafl,1,l_per,6.7
1772333422,kamailio,chatafl,1,l_abs,15814
1772333422,kamailio,chatafl,1,b_per,1.6
1772333422,kamailio,chatafl,1,b_abs,9055
1772333425,kamailio,chatafl,1,l_per,6.7
1772333425,kamailio,chatafl,1,l_abs,15815
1772333425,kamailio,chatafl,1,b_per,1.6
1772333425,kamailio,chatafl,1,b_abs,9056
1772333427,kamailio,chatafl,1,l_per,6.7
1772333427,kamailio,chatafl,1,l_abs,15815
1772333427,kamailio,chatafl,1,b_per,1.6
1772333427,kamailio,chatafl,1,b_abs,9056
1772333431,kamailio,chatafl,1,l_per,6.7
1772333431,kamailio,chatafl,1,l_abs,15815
1772333431,kamailio,chatafl,1,b_per,1.6
1772333431,kamailio,chatafl,1,b_abs,9057
1772333440,kamailio,chatafl,1,l_per,6.7
1772333440,kamailio,chatafl,1,l_abs,15822
1772333440,kamailio,chatafl,1,b_per,1.6
1772333440,kamailio,chatafl,1,b_abs,9059
1772333444,kamailio,chatafl,1,l_per,6.7
1772333444,kamailio,chatafl,1,l_abs,15828
1772333444,kamailio,chatafl,1,b_per,1.6
1772333444,kamailio,chatafl,1,b_abs,9061
1772333447,kamailio,chatafl,1,l_per,6.7
1772333447,kamailio,chatafl,1,l_abs,15835
1772333447,kamailio,chatafl,1,b_per,1.6
1772333447,kamailio,chatafl,1,b_abs,9065
1772333451,kamailio,chatafl,1,l_per,6.7
1772333451,kamailio,chatafl,1,l_abs,15835
1772333451,kamailio,chatafl,1,b_per,1.6
1772333451,kamailio,chatafl,1,b_abs,9066
1772333453,kamailio,chatafl,1,l_per,6.7
1772333453,kamailio,chatafl,1,l_abs,15835
1772333453,kamailio,chatafl,1,b_per,1.6
1772333453,kamailio,chatafl,1,b_abs,9066
1772333455,kamailio,chatafl,1,l_per,6.7
1772333455,kamailio,chatafl,1,l_abs,15837
1772333455,kamailio,chatafl,1,b_per,1.6
1772333455,kamailio,chatafl,1,b_abs,9069
1772333462,kamailio,chatafl,1,l_per,6.7
1772333462,kamailio,chatafl,1,l_abs,15837
1772333462,kamailio,chatafl,1,b_per,1.6
1772333462,kamailio,chatafl,1,b_abs,9069
1772333470,kamailio,chatafl,1,l_per,6.7
1772333470,kamailio,chatafl,1,l_abs,15837
1772333470,kamailio,chatafl,1,b_per,1.6
1772333470,kamailio,chatafl,1,b_abs,9069
1772333475,kamailio,chatafl,1,l_per,6.7
1772333475,kamailio,chatafl,1,l_abs,15837
1772333475,kamailio,chatafl,1,b_per,1.6
1772333475,kamailio,chatafl,1,b_abs,9069
1772333477,kamailio,chatafl,1,l_per,6.7
1772333477,kamailio,chatafl,1,l_abs,15837
1772333477,kamailio,chatafl,1,b_per,1.6
1772333477,kamailio,chatafl,1,b_abs,9069
1772333479,kamailio,chatafl,1,l_per,6.7
1772333479,kamailio,chatafl,1,l_abs,15837
1772333479,kamailio,chatafl,1,b_per,1.6
1772333479,kamailio,chatafl,1,b_abs,9069
1772333481,kamailio,chatafl,1,l_per,6.7
1772333481,kamailio,chatafl,1,l_abs,15837
1772333481,kamailio,chatafl,1,b_per,1.6
1772333481,kamailio,chatafl,1,b_abs,9069
1772333484,kamailio,chatafl,1,l_per,6.7
1772333484,kamailio,chatafl,1,l_abs,15837
1772333484,kamailio,chatafl,1,b_per,1.6
1772333484,kamailio,chatafl,1,b_abs,9069
1772333486,kamailio,chatafl,1,l_per,6.7
1772333486,kamailio,chatafl,1,l_abs,15837
1772333486,kamailio,chatafl,1,b_per,1.6
1772333486,kamailio,chatafl,1,b_abs,9069
1772333491,kamailio,chatafl,1,l_per,6.7
1772333491,kamailio,chatafl,1,l_abs,15838
1772333491,kamailio,chatafl,1,b_per,1.6
1772333491,kamailio,chatafl,1,b_abs,9071
1772333496,kamailio,chatafl,1,l_per,6.7
1772333496,kamailio,chatafl,1,l_abs,15838
1772333496,kamailio,chatafl,1,b_per,1.6
1772333496,kamailio,chatafl,1,b_abs,9071
1772333498,kamailio,chatafl,1,l_per,6.7
1772333498,kamailio,chatafl,1,l_abs,15838
1772333498,kamailio,chatafl,1,b_per,1.6
1772333498,kamailio,chatafl,1,b_abs,9072
1772333502,kamailio,chatafl,1,l_per,6.7
1772333502,kamailio,chatafl,1,l_abs,15838
1772333502,kamailio,chatafl,1,b_per,1.6
1772333502,kamailio,chatafl,1,b_abs,9072
1772333512,kamailio,chatafl,1,l_per,6.7
1772333512,kamailio,chatafl,1,l_abs,15838
1772333512,kamailio,chatafl,1,b_per,1.6
1772333512,kamailio,chatafl,1,b_abs,9072
1772333520,kamailio,chatafl,1,l_per,6.7
1772333520,kamailio,chatafl,1,l_abs,15838
1772333520,kamailio,chatafl,1,b_per,1.6
1772333520,kamailio,chatafl,1,b_abs,9072
1772333523,kamailio,chatafl,1,l_per,6.7
1772333523,kamailio,chatafl,1,l_abs,15838
1772333523,kamailio,chatafl,1,b_per,1.6
1772333523,kamailio,chatafl,1,b_abs,9072
1772333526,kamailio,chatafl,1,l_per,6.7
1772333526,kamailio,chatafl,1,l_abs,15838
1772333526,kamailio,chatafl,1,b_per,1.6
1772333526,kamailio,chatafl,1,b_abs,9072
1772333528,kamailio,chatafl,1,l_per,6.7
1772333528,kamailio,chatafl,1,l_abs,15838
1772333528,kamailio,chatafl,1,b_per,1.6
1772333528,kamailio,chatafl,1,b_abs,9072
1772333532,kamailio,chatafl,1,l_per,6.7
1772333532,kamailio,chatafl,1,l_abs,15838
1772333532,kamailio,chatafl,1,b_per,1.6
1772333532,kamailio,chatafl,1,b_abs,9072
1772333535,kamailio,chatafl,1,l_per,6.7
1772333535,kamailio,chatafl,1,l_abs,15838
1772333535,kamailio,chatafl,1,b_per,1.6
1772333535,kamailio,chatafl,1,b_abs,9072
1772333537,kamailio,chatafl,1,l_per,6.7
1772333537,kamailio,chatafl,1,l_abs,15838
1772333537,kamailio,chatafl,1,b_per,1.6
1772333537,kamailio,chatafl,1,b_abs,9075
1772333539,kamailio,chatafl,1,l_per,6.7
1772333539,kamailio,chatafl,1,l_abs,15840
1772333539,kamailio,chatafl,1,b_per,1.6
1772333539,kamailio,chatafl,1,b_abs,9076
1772333544,kamailio,chatafl,1,l_per,6.7
1772333544,kamailio,chatafl,1,l_abs,15840
1772333544,kamailio,chatafl,1,b_per,1.6
1772333544,kamailio,chatafl,1,b_abs,9076
1772333547,kamailio,chatafl,1,l_per,6.7
1772333547,kamailio,chatafl,1,l_abs,15840
1772333547,kamailio,chatafl,1,b_per,1.6
1772333547,kamailio,chatafl,1,b_abs,9076
1772333551,kamailio,chatafl,1,l_per,6.7
1772333551,kamailio,chatafl,1,l_abs,15840
1772333551,kamailio,chatafl,1,b_per,1.6
1772333551,kamailio,chatafl,1,b_abs,9076
1772333556,kamailio,chatafl,1,l_per,6.7
1772333556,kamailio,chatafl,1,l_abs,15840
1772333556,kamailio,chatafl,1,b_per,1.6
1772333556,kamailio,chatafl,1,b_abs,9076
1772333558,kamailio,chatafl,1,l_per,6.7
1772333558,kamailio,chatafl,1,l_abs,15840
1772333558,kamailio,chatafl,1,b_per,1.6
1772333558,kamailio,chatafl,1,b_abs,9076
1772333562,kamailio,chatafl,1,l_per,6.7
1772333562,kamailio,chatafl,1,l_abs,15840
1772333562,kamailio,chatafl,1,b_per,1.6
1772333562,kamailio,chatafl,1,b_abs,9078
1772333566,kamailio,chatafl,1,l_per,6.7
1772333566,kamailio,chatafl,1,l_abs,15840
1772333566,kamailio,chatafl,1,b_per,1.6
1772333566,kamailio,chatafl,1,b_abs,9078
1772333568,kamailio,chatafl,1,l_per,6.7
1772333568,kamailio,chatafl,1,l_abs,15840
1772333568,kamailio,chatafl,1,b_per,1.6
1772333568,kamailio,chatafl,1,b_abs,9078
1772333578,kamailio,chatafl,1,l_per,6.7
1772333578,kamailio,chatafl,1,l_abs,15840
1772333578,kamailio,chatafl,1,b_per,1.6
1772333578,kamailio,chatafl,1,b_abs,9078
1772333580,kamailio,chatafl,1,l_per,6.7
1772333580,kamailio,chatafl,1,l_abs,15840
1772333580,kamailio,chatafl,1,b_per,1.6
1772333580,kamailio,chatafl,1,b_abs,9078
1772333583,kamailio,chatafl,1,l_per,6.7
1772333583,kamailio,chatafl,1,l_abs,15843
1772333583,kamailio,chatafl,1,b_per,1.6
1772333583,kamailio,chatafl,1,b_abs,9087
1772333585,kamailio,chatafl,1,l_per,6.7
1772333585,kamailio,chatafl,1,l_abs,15843
1772333585,kamailio,chatafl,1,b_per,1.6
1772333585,kamailio,chatafl,1,b_abs,9088
1772333590,kamailio,chatafl,1,l_per,6.7
1772333590,kamailio,chatafl,1,l_abs,15843
1772333590,kamailio,chatafl,1,b_per,1.6
1772333590,kamailio,chatafl,1,b_abs,9090
1772333594,kamailio,chatafl,1,l_per,6.7
1772333594,kamailio,chatafl,1,l_abs,15846
1772333594,kamailio,chatafl,1,b_per,1.6
1772333594,kamailio,chatafl,1,b_abs,9092
1772333599,kamailio,chatafl,1,l_per,6.7
1772333599,kamailio,chatafl,1,l_abs,15846
1772333599,kamailio,chatafl,1,b_per,1.6
1772333599,kamailio,chatafl,1,b_abs,9092
1772333602,kamailio,chatafl,1,l_per,6.7
1772333602,kamailio,chatafl,1,l_abs,15846
1772333602,kamailio,chatafl,1,b_per,1.6
1772333602,kamailio,chatafl,1,b_abs,9092
1772333607,kamailio,chatafl,1,l_per,6.7
1772333607,kamailio,chatafl,1,l_abs,15846
1772333607,kamailio,chatafl,1,b_per,1.6
1772333607,kamailio,chatafl,1,b_abs,9092
1772333611,kamailio,chatafl,1,l_per,6.7
1772333611,kamailio,chatafl,1,l_abs,15846
1772333611,kamailio,chatafl,1,b_per,1.6
1772333611,kamailio,chatafl,1,b_abs,9092
1772333624,kamailio,chatafl,1,l_per,6.7
1772333624,kamailio,chatafl,1,l_abs,15846
1772333624,kamailio,chatafl,1,b_per,1.6
1772333624,kamailio,chatafl,1,b_abs,9092
1772333629,kamailio,chatafl,1,l_per,6.7
1772333629,kamailio,chatafl,1,l_abs,15846
1772333629,kamailio,chatafl,1,b_per,1.6
1772333629,kamailio,chatafl,1,b_abs,9092
1772333634,kamailio,chatafl,1,l_per,6.7
1772333634,kamailio,chatafl,1,l_abs,15849
1772333634,kamailio,chatafl,1,b_per,1.6
1772333634,kamailio,chatafl,1,b_abs,9093
1772333642,kamailio,chatafl,1,l_per,6.7
1772333642,kamailio,chatafl,1,l_abs,15849
1772333642,kamailio,chatafl,1,b_per,1.6
1772333642,kamailio,chatafl,1,b_abs,9093
1772333645,kamailio,chatafl,1,l_per,6.7
1772333645,kamailio,chatafl,1,l_abs,15849
1772333645,kamailio,chatafl,1,b_per,1.6
1772333645,kamailio,chatafl,1,b_abs,9093
1772333649,kamailio,chatafl,1,l_per,6.7
1772333649,kamailio,chatafl,1,l_abs,15849
1772333649,kamailio,chatafl,1,b_per,1.6
1772333649,kamailio,chatafl,1,b_abs,9093
1772333659,kamailio,chatafl,1,l_per,6.7
1772333659,kamailio,chatafl,1,l_abs,15849
1772333659,kamailio,chatafl,1,b_per,1.6
1772333659,kamailio,chatafl,1,b_abs,9093
1772333663,kamailio,chatafl,1,l_per,6.7
1772333663,kamailio,chatafl,1,l_abs,15849
1772333663,kamailio,chatafl,1,b_per,1.6
1772333663,kamailio,chatafl,1,b_abs,9093
1772333670,kamailio,chatafl,1,l_per,6.7
1772333670,kamailio,chatafl,1,l_abs,15849
1772333670,kamailio,chatafl,1,b_per,1.6
1772333670,kamailio,chatafl,1,b_abs,9094
1772333672,kamailio,chatafl,1,l_per,6.7
1772333672,kamailio,chatafl,1,l_abs,15849
1772333672,kamailio,chatafl,1,b_per,1.6
1772333672,kamailio,chatafl,1,b_abs,9094
1772333677,kamailio,chatafl,1,l_per,6.7
1772333677,kamailio,chatafl,1,l_abs,15849
1772333677,kamailio,chatafl,1,b_per,1.6
1772333677,kamailio,chatafl,1,b_abs,9094
1772333679,kamailio,chatafl,1,l_per,6.7
1772333679,kamailio,chatafl,1,l_abs,15849
1772333679,kamailio,chatafl,1,b_per,1.6
1772333679,kamailio,chatafl,1,b_abs,9094
1772333681,kamailio,chatafl,1,l_per,6.7
1772333681,kamailio,chatafl,1,l_abs,15849
1772333681,kamailio,chatafl,1,b_per,1.6
1772333681,kamailio,chatafl,1,b_abs,9094
1772333683,kamailio,chatafl,1,l_per,6.7
1772333683,kamailio,chatafl,1,l_abs,15849
1772333683,kamailio,chatafl,1,b_per,1.6
1772333683,kamailio,chatafl,1,b_abs,9094
1772333685,kamailio,chatafl,1,l_per,6.7
1772333685,kamailio,chatafl,1,l_abs,15850
1772333685,kamailio,chatafl,1,b_per,1.6
1772333685,kamailio,chatafl,1,b_abs,9095
1772333689,kamailio,chatafl,1,l_per,6.7
1772333689,kamailio,chatafl,1,l_abs,15850
1772333689,kamailio,chatafl,1,b_per,1.6
1772333689,kamailio,chatafl,1,b_abs,9095
1772333696,kamailio,chatafl,1,l_per,6.7
1772333696,kamailio,chatafl,1,l_abs,15850
1772333696,kamailio,chatafl,1,b_per,1.6
1772333696,kamailio,chatafl,1,b_abs,9095
1772333698,kamailio,chatafl,1,l_per,6.7
1772333698,kamailio,chatafl,1,l_abs,15850
1772333698,kamailio,chatafl,1,b_per,1.6
1772333698,kamailio,chatafl,1,b_abs,9095
1772333702,kamailio,chatafl,1,l_per,6.7
1772333702,kamailio,chatafl,1,l_abs,15850
1772333702,kamailio,chatafl,1,b_per,1.6
1772333702,kamailio,chatafl,1,b_abs,9095
1772333708,kamailio,chatafl,1,l_per,6.7
1772333708,kamailio,chatafl,1,l_abs,15850
1772333708,kamailio,chatafl,1,b_per,1.6
1772333708,kamailio,chatafl,1,b_abs,9095
1772333713,kamailio,chatafl,1,l_per,6.7
1772333713,kamailio,chatafl,1,l_abs,15851
1772333713,kamailio,chatafl,1,b_per,1.6
1772333713,kamailio,chatafl,1,b_abs,9099
1772333718,kamailio,chatafl,1,l_per,6.7
1772333718,kamailio,chatafl,1,l_abs,15856
1772333718,kamailio,chatafl,1,b_per,1.6
1772333718,kamailio,chatafl,1,b_abs,9109
1772333722,kamailio,chatafl,1,l_per,6.7
1772333722,kamailio,chatafl,1,l_abs,15856
1772333722,kamailio,chatafl,1,b_per,1.6
1772333722,kamailio,chatafl,1,b_abs,9109
1772333725,kamailio,chatafl,1,l_per,6.7
1772333725,kamailio,chatafl,1,l_abs,15856
1772333725,kamailio,chatafl,1,b_per,1.6
1772333725,kamailio,chatafl,1,b_abs,9109
1772333734,kamailio,chatafl,1,l_per,6.7
1772333734,kamailio,chatafl,1,l_abs,15856
1772333734,kamailio,chatafl,1,b_per,1.6
1772333734,kamailio,chatafl,1,b_abs,9109
1772333737,kamailio,chatafl,1,l_per,6.7
1772333737,kamailio,chatafl,1,l_abs,15856
1772333737,kamailio,chatafl,1,b_per,1.6
1772333737,kamailio,chatafl,1,b_abs,9110
1772333749,kamailio,chatafl,1,l_per,6.7
1772333749,kamailio,chatafl,1,l_abs,15859
1772333749,kamailio,chatafl,1,b_per,1.6
1772333749,kamailio,chatafl,1,b_abs,9119
1772333754,kamailio,chatafl,1,l_per,6.7
1772333754,kamailio,chatafl,1,l_abs,15859
1772333754,kamailio,chatafl,1,b_per,1.6
1772333754,kamailio,chatafl,1,b_abs,9119
1772333759,kamailio,chatafl,1,l_per,6.7
1772333759,kamailio,chatafl,1,l_abs,15871
1772333759,kamailio,chatafl,1,b_per,1.6
1772333759,kamailio,chatafl,1,b_abs,9123
1772333762,kamailio,chatafl,1,l_per,6.7
1772333762,kamailio,chatafl,1,l_abs,15871
1772333762,kamailio,chatafl,1,b_per,1.6
1772333762,kamailio,chatafl,1,b_abs,9123
1772333763,kamailio,chatafl,1,l_per,6.7
1772333763,kamailio,chatafl,1,l_abs,15871
1772333763,kamailio,chatafl,1,b_per,1.6
1772333763,kamailio,chatafl,1,b_abs,9123
1772333766,kamailio,chatafl,1,l_per,6.7
1772333766,kamailio,chatafl,1,l_abs,15871
1772333766,kamailio,chatafl,1,b_per,1.6
1772333766,kamailio,chatafl,1,b_abs,9123
1772333781,kamailio,chatafl,1,l_per,6.7
1772333781,kamailio,chatafl,1,l_abs,15871
1772333781,kamailio,chatafl,1,b_per,1.6
1772333781,kamailio,chatafl,1,b_abs,9123
1772333782,kamailio,chatafl,1,l_per,6.7
1772333782,kamailio,chatafl,1,l_abs,15877
1772333782,kamailio,chatafl,1,b_per,1.6
1772333782,kamailio,chatafl,1,b_abs,9127
1772333786,kamailio,chatafl,1,l_per,6.7
1772333786,kamailio,chatafl,1,l_abs,15877
1772333786,kamailio,chatafl,1,b_per,1.6
1772333786,kamailio,chatafl,1,b_abs,9127
1772333795,kamailio,chatafl,1,l_per,6.7
1772333795,kamailio,chatafl,1,l_abs,15877
1772333795,kamailio,chatafl,1,b_per,1.6
1772333795,kamailio,chatafl,1,b_abs,9127
1772333798,kamailio,chatafl,1,l_per,6.7
1772333798,kamailio,chatafl,1,l_abs,15877
1772333798,kamailio,chatafl,1,b_per,1.6
1772333798,kamailio,chatafl,1,b_abs,9127
1772333803,kamailio,chatafl,1,l_per,6.7
1772333803,kamailio,chatafl,1,l_abs,15877
1772333803,kamailio,chatafl,1,b_per,1.6
1772333803,kamailio,chatafl,1,b_abs,9127
1772333806,kamailio,chatafl,1,l_per,6.7
1772333806,kamailio,chatafl,1,l_abs,15877
1772333806,kamailio,chatafl,1,b_per,1.6
1772333806,kamailio,chatafl,1,b_abs,9127
1772333811,kamailio,chatafl,1,l_per,6.7
1772333811,kamailio,chatafl,1,l_abs,15877
1772333811,kamailio,chatafl,1,b_per,1.6
1772333811,kamailio,chatafl,1,b_abs,9127
1772333814,kamailio,chatafl,1,l_per,6.7
1772333814,kamailio,chatafl,1,l_abs,15877
1772333814,kamailio,chatafl,1,b_per,1.6
1772333814,kamailio,chatafl,1,b_abs,9127
1772333821,kamailio,chatafl,1,l_per,6.7
1772333821,kamailio,chatafl,1,l_abs,15877
1772333821,kamailio,chatafl,1,b_per,1.6
1772333821,kamailio,chatafl,1,b_abs,9127
1772333831,kamailio,chatafl,1,l_per,6.7
1772333831,kamailio,chatafl,1,l_abs,15877
1772333831,kamailio,chatafl,1,b_per,1.6
1772333831,kamailio,chatafl,1,b_abs,9127
1772333833,kamailio,chatafl,1,l_per,6.7
1772333833,kamailio,chatafl,1,l_abs,15877
1772333833,kamailio,chatafl,1,b_per,1.6
1772333833,kamailio,chatafl,1,b_abs,9127
1772333836,kamailio,chatafl,1,l_per,6.7
1772333836,kamailio,chatafl,1,l_abs,15877
1772333836,kamailio,chatafl,1,b_per,1.6
1772333836,kamailio,chatafl,1,b_abs,9127
1772333841,kamailio,chatafl,1,l_per,6.7
1772333841,kamailio,chatafl,1,l_abs,15881
1772333841,kamailio,chatafl,1,b_per,1.6
1772333841,kamailio,chatafl,1,b_abs,9128
1772333848,kamailio,chatafl,1,l_per,6.7
1772333848,kamailio,chatafl,1,l_abs,15881
1772333848,kamailio,chatafl,1,b_per,1.6
1772333848,kamailio,chatafl,1,b_abs,9130
1772333851,kamailio,chatafl,1,l_per,6.7
1772333851,kamailio,chatafl,1,l_abs,15881
1772333851,kamailio,chatafl,1,b_per,1.6
1772333851,kamailio,chatafl,1,b_abs,9132
1772333853,kamailio,chatafl,1,l_per,6.7
1772333853,kamailio,chatafl,1,l_abs,15881
1772333853,kamailio,chatafl,1,b_per,1.6
1772333853,kamailio,chatafl,1,b_abs,9132
1772333859,kamailio,chatafl,1,l_per,6.7
1772333859,kamailio,chatafl,1,l_abs,15881
1772333859,kamailio,chatafl,1,b_per,1.6
1772333859,kamailio,chatafl,1,b_abs,9132
1772333862,kamailio,chatafl,1,l_per,6.7
1772333862,kamailio,chatafl,1,l_abs,15884
1772333862,kamailio,chatafl,1,b_per,1.6
1772333862,kamailio,chatafl,1,b_abs,9141
1772333864,kamailio,chatafl,1,l_per,6.7
1772333864,kamailio,chatafl,1,l_abs,15884
1772333864,kamailio,chatafl,1,b_per,1.6
1772333864,kamailio,chatafl,1,b_abs,9141
1772333868,kamailio,chatafl,1,l_per,6.7
1772333868,kamailio,chatafl,1,l_abs,15884
1772333868,kamailio,chatafl,1,b_per,1.6
1772333868,kamailio,chatafl,1,b_abs,9141
1772333873,kamailio,chatafl,1,l_per,6.7
1772333873,kamailio,chatafl,1,l_abs,15888
1772333873,kamailio,chatafl,1,b_per,1.6
1772333873,kamailio,chatafl,1,b_abs,9148
1772333883,kamailio,chatafl,1,l_per,6.7
1772333883,kamailio,chatafl,1,l_abs,15888
1772333883,kamailio,chatafl,1,b_per,1.6
1772333883,kamailio,chatafl,1,b_abs,9148
1772333885,kamailio,chatafl,1,l_per,6.7
1772333885,kamailio,chatafl,1,l_abs,15889
1772333885,kamailio,chatafl,1,b_per,1.6
1772333885,kamailio,chatafl,1,b_abs,9149
1772333887,kamailio,chatafl,1,l_per,6.7
1772333887,kamailio,chatafl,1,l_abs,15890
1772333887,kamailio,chatafl,1,b_per,1.6
1772333887,kamailio,chatafl,1,b_abs,9150
1772333889,kamailio,chatafl,1,l_per,6.7
1772333889,kamailio,chatafl,1,l_abs,15890
1772333889,kamailio,chatafl,1,b_per,1.6
1772333889,kamailio,chatafl,1,b_abs,9150
1772333901,kamailio,chatafl,1,l_per,6.7
1772333901,kamailio,chatafl,1,l_abs,15890
1772333901,kamailio,chatafl,1,b_per,1.6
1772333901,kamailio,chatafl,1,b_abs,9150
1772333907,kamailio,chatafl,1,l_per,6.7
1772333907,kamailio,chatafl,1,l_abs,15890
1772333907,kamailio,chatafl,1,b_per,1.6
1772333907,kamailio,chatafl,1,b_abs,9150
1772333910,kamailio,chatafl,1,l_per,6.7
1772333910,kamailio,chatafl,1,l_abs,15891
1772333910,kamailio,chatafl,1,b_per,1.6
1772333910,kamailio,chatafl,1,b_abs,9152
1772333915,kamailio,chatafl,1,l_per,6.7
1772333915,kamailio,chatafl,1,l_abs,15891
1772333915,kamailio,chatafl,1,b_per,1.6
1772333915,kamailio,chatafl,1,b_abs,9152
1772333918,kamailio,chatafl,1,l_per,6.7
1772333918,kamailio,chatafl,1,l_abs,15899
1772333918,kamailio,chatafl,1,b_per,1.6
1772333918,kamailio,chatafl,1,b_abs,9172
1772333920,kamailio,chatafl,1,l_per,6.7
1772333920,kamailio,chatafl,1,l_abs,15899
1772333920,kamailio,chatafl,1,b_per,1.6
1772333920,kamailio,chatafl,1,b_abs,9175
1772333924,kamailio,chatafl,1,l_per,6.7
1772333924,kamailio,chatafl,1,l_abs,15899
1772333924,kamailio,chatafl,1,b_per,1.6
1772333924,kamailio,chatafl,1,b_abs,9175
1772333931,kamailio,chatafl,1,l_per,6.7
1772333931,kamailio,chatafl,1,l_abs,15899
1772333931,kamailio,chatafl,1,b_per,1.6
1772333931,kamailio,chatafl,1,b_abs,9178
1772333935,kamailio,chatafl,1,l_per,6.7
1772333935,kamailio,chatafl,1,l_abs,15899
1772333935,kamailio,chatafl,1,b_per,1.6
1772333935,kamailio,chatafl,1,b_abs,9178
1772333937,kamailio,chatafl,1,l_per,6.7
1772333937,kamailio,chatafl,1,l_abs,15899
1772333937,kamailio,chatafl,1,b_per,1.6
1772333937,kamailio,chatafl,1,b_abs,9178
1772333945,kamailio,chatafl,1,l_per,6.7
1772333945,kamailio,chatafl,1,l_abs,15899
1772333945,kamailio,chatafl,1,b_per,1.6
1772333945,kamailio,chatafl,1,b_abs,9178
1772333962,kamailio,chatafl,1,l_per,6.7
1772333962,kamailio,chatafl,1,l_abs,15902
1772333962,kamailio,chatafl,1,b_per,1.6
1772333962,kamailio,chatafl,1,b_abs,9187
1772333964,kamailio,chatafl,1,l_per,6.7
1772333964,kamailio,chatafl,1,l_abs,15902
1772333964,kamailio,chatafl,1,b_per,1.6
1772333964,kamailio,chatafl,1,b_abs,9187
1772333974,kamailio,chatafl,1,l_per,6.7
1772333974,kamailio,chatafl,1,l_abs,15902
1772333974,kamailio,chatafl,1,b_per,1.6
1772333974,kamailio,chatafl,1,b_abs,9188
1772333975,kamailio,chatafl,1,l_per,6.7
1772333975,kamailio,chatafl,1,l_abs,15902
1772333975,kamailio,chatafl,1,b_per,1.6
1772333975,kamailio,chatafl,1,b_abs,9188
1772333982,kamailio,chatafl,1,l_per,6.7
1772333982,kamailio,chatafl,1,l_abs,15902
1772333982,kamailio,chatafl,1,b_per,1.6
1772333982,kamailio,chatafl,1,b_abs,9188
1772333985,kamailio,chatafl,1,l_per,6.7
1772333985,kamailio,chatafl,1,l_abs,15902
1772333985,kamailio,chatafl,1,b_per,1.6
1772333985,kamailio,chatafl,1,b_abs,9188
1772333992,kamailio,chatafl,1,l_per,6.7
1772333992,kamailio,chatafl,1,l_abs,15902
1772333992,kamailio,chatafl,1,b_per,1.6
1772333992,kamailio,chatafl,1,b_abs,9191
1772333994,kamailio,chatafl,1,l_per,6.7
1772333994,kamailio,chatafl,1,l_abs,15902
1772333994,kamailio,chatafl,1,b_per,1.6
1772333994,kamailio,chatafl,1,b_abs,9191
1772334001,kamailio,chatafl,1,l_per,6.7
1772334001,kamailio,chatafl,1,l_abs,15902
1772334001,kamailio,chatafl,1,b_per,1.6
1772334001,kamailio,chatafl,1,b_abs,9191
1772334007,kamailio,chatafl,1,l_per,6.7
1772334007,kamailio,chatafl,1,l_abs,15902
1772334007,kamailio,chatafl,1,b_per,1.6
1772334007,kamailio,chatafl,1,b_abs,9191
1772334010,kamailio,chatafl,1,l_per,6.7
1772334010,kamailio,chatafl,1,l_abs,15902
1772334010,kamailio,chatafl,1,b_per,1.6
1772334010,kamailio,chatafl,1,b_abs,9191
1772334012,kamailio,chatafl,1,l_per,6.7
1772334012,kamailio,chatafl,1,l_abs,15902
1772334012,kamailio,chatafl,1,b_per,1.6
1772334012,kamailio,chatafl,1,b_abs,9191
1772334015,kamailio,chatafl,1,l_per,6.7
1772334015,kamailio,chatafl,1,l_abs,15902
1772334015,kamailio,chatafl,1,b_per,1.6
1772334015,kamailio,chatafl,1,b_abs,9191
1772334017,kamailio,chatafl,1,l_per,6.7
1772334017,kamailio,chatafl,1,l_abs,15907
1772334017,kamailio,chatafl,1,b_per,1.6
1772334017,kamailio,chatafl,1,b_abs,9192
1772334019,kamailio,chatafl,1,l_per,6.7
1772334019,kamailio,chatafl,1,l_abs,15907
1772334019,kamailio,chatafl,1,b_per,1.6
1772334019,kamailio,chatafl,1,b_abs,9192
1772334023,kamailio,chatafl,1,l_per,6.7
1772334023,kamailio,chatafl,1,l_abs,15907
1772334023,kamailio,chatafl,1,b_per,1.6
1772334023,kamailio,chatafl,1,b_abs,9194
1772334028,kamailio,chatafl,1,l_per,6.7
1772334028,kamailio,chatafl,1,l_abs,15907
1772334028,kamailio,chatafl,1,b_per,1.6
1772334028,kamailio,chatafl,1,b_abs,9194
1772334032,kamailio,chatafl,1,l_per,6.7
1772334032,kamailio,chatafl,1,l_abs,15907
1772334032,kamailio,chatafl,1,b_per,1.6
1772334032,kamailio,chatafl,1,b_abs,9194
1772334034,kamailio,chatafl,1,l_per,6.7
1772334034,kamailio,chatafl,1,l_abs,15907
1772334034,kamailio,chatafl,1,b_per,1.6
1772334034,kamailio,chatafl,1,b_abs,9194
1772334040,kamailio,chatafl,1,l_per,6.7
1772334040,kamailio,chatafl,1,l_abs,15907
1772334040,kamailio,chatafl,1,b_per,1.6
1772334040,kamailio,chatafl,1,b_abs,9194
1772334041,kamailio,chatafl,1,l_per,6.7
1772334041,kamailio,chatafl,1,l_abs,15907
1772334041,kamailio,chatafl,1,b_per,1.6
1772334041,kamailio,chatafl,1,b_abs,9194
1772334058,kamailio,chatafl,1,l_per,6.7
1772334058,kamailio,chatafl,1,l_abs,15907
1772334058,kamailio,chatafl,1,b_per,1.6
1772334058,kamailio,chatafl,1,b_abs,9194
1772334061,kamailio,chatafl,1,l_per,6.7
1772334061,kamailio,chatafl,1,l_abs,15907
1772334061,kamailio,chatafl,1,b_per,1.6
1772334061,kamailio,chatafl,1,b_abs,9194
1772334088,kamailio,chatafl,1,l_per,6.7
1772334088,kamailio,chatafl,1,l_abs,15908
1772334088,kamailio,chatafl,1,b_per,1.6
1772334088,kamailio,chatafl,1,b_abs,9195
1772334096,kamailio,chatafl,1,l_per,6.7
1772334096,kamailio,chatafl,1,l_abs,15908
1772334096,kamailio,chatafl,1,b_per,1.6
1772334096,kamailio,chatafl,1,b_abs,9195
1772334099,kamailio,chatafl,1,l_per,6.7
1772334099,kamailio,chatafl,1,l_abs,15908
1772334099,kamailio,chatafl,1,b_per,1.6
1772334099,kamailio,chatafl,1,b_abs,9195
1772334109,kamailio,chatafl,1,l_per,6.7
1772334109,kamailio,chatafl,1,l_abs,15908
1772334109,kamailio,chatafl,1,b_per,1.6
1772334109,kamailio,chatafl,1,b_abs,9195
1772334113,kamailio,chatafl,1,l_per,6.7
1772334113,kamailio,chatafl,1,l_abs,15908
1772334113,kamailio,chatafl,1,b_per,1.6
1772334113,kamailio,chatafl,1,b_abs,9195
1772334123,kamailio,chatafl,1,l_per,6.7
1772334123,kamailio,chatafl,1,l_abs,15914
1772334123,kamailio,chatafl,1,b_per,1.6
1772334123,kamailio,chatafl,1,b_abs,9196
1772334143,kamailio,chatafl,1,l_per,6.7
1772334143,kamailio,chatafl,1,l_abs,15916
1772334143,kamailio,chatafl,1,b_per,1.6
1772334143,kamailio,chatafl,1,b_abs,9208
1772334146,kamailio,chatafl,1,l_per,6.7
1772334146,kamailio,chatafl,1,l_abs,15923
1772334146,kamailio,chatafl,1,b_per,1.6
1772334146,kamailio,chatafl,1,b_abs,9209
1772334150,kamailio,chatafl,1,l_per,6.7
1772334150,kamailio,chatafl,1,l_abs,15928
1772334150,kamailio,chatafl,1,b_per,1.6
1772334150,kamailio,chatafl,1,b_abs,9212
1772334159,kamailio,chatafl,1,l_per,6.7
1772334159,kamailio,chatafl,1,l_abs,15928
1772334159,kamailio,chatafl,1,b_per,1.6
1772334159,kamailio,chatafl,1,b_abs,9212
1772334182,kamailio,chatafl,1,l_per,6.7
1772334182,kamailio,chatafl,1,l_abs,15928
1772334182,kamailio,chatafl,1,b_per,1.6
1772334182,kamailio,chatafl,1,b_abs,9212
1772334193,kamailio,chatafl,1,l_per,6.7
1772334193,kamailio,chatafl,1,l_abs,15928
1772334193,kamailio,chatafl,1,b_per,1.6
1772334193,kamailio,chatafl,1,b_abs,9212
1772334195,kamailio,chatafl,1,l_per,6.7
1772334195,kamailio,chatafl,1,l_abs,15928
1772334195,kamailio,chatafl,1,b_per,1.6
1772334195,kamailio,chatafl,1,b_abs,9212
1772334208,kamailio,chatafl,1,l_per,6.7
1772334208,kamailio,chatafl,1,l_abs,15932
1772334208,kamailio,chatafl,1,b_per,1.6
1772334208,kamailio,chatafl,1,b_abs,9213
1772334219,kamailio,chatafl,1,l_per,6.7
1772334219,kamailio,chatafl,1,l_abs,15934
1772334219,kamailio,chatafl,1,b_per,1.6
1772334219,kamailio,chatafl,1,b_abs,9214
1772334233,kamailio,chatafl,1,l_per,6.7
1772334233,kamailio,chatafl,1,l_abs,15934
1772334233,kamailio,chatafl,1,b_per,1.6
1772334233,kamailio,chatafl,1,b_abs,9214
1772334235,kamailio,chatafl,1,l_per,6.7
1772334235,kamailio,chatafl,1,l_abs,15934
1772334235,kamailio,chatafl,1,b_per,1.6
1772334235,kamailio,chatafl,1,b_abs,9214
1772334237,kamailio,chatafl,1,l_per,6.7
1772334237,kamailio,chatafl,1,l_abs,15934
1772334237,kamailio,chatafl,1,b_per,1.6
1772334237,kamailio,chatafl,1,b_abs,9214
1772334239,kamailio,chatafl,1,l_per,6.7
1772334239,kamailio,chatafl,1,l_abs,15934
1772334239,kamailio,chatafl,1,b_per,1.6
1772334239,kamailio,chatafl,1,b_abs,9214
1772334243,kamailio,chatafl,1,l_per,6.7
1772334243,kamailio,chatafl,1,l_abs,15934
1772334243,kamailio,chatafl,1,b_per,1.6
1772334243,kamailio,chatafl,1,b_abs,9214
1772334245,kamailio,chatafl,1,l_per,6.7
1772334245,kamailio,chatafl,1,l_abs,15934
1772334245,kamailio,chatafl,1,b_per,1.6
1772334245,kamailio,chatafl,1,b_abs,9214
1772334247,kamailio,chatafl,1,l_per,6.7
1772334247,kamailio,chatafl,1,l_abs,15934
1772334247,kamailio,chatafl,1,b_per,1.6
1772334247,kamailio,chatafl,1,b_abs,9214
1772334251,kamailio,chatafl,1,l_per,6.7
1772334251,kamailio,chatafl,1,l_abs,15934
1772334251,kamailio,chatafl,1,b_per,1.6
1772334251,kamailio,chatafl,1,b_abs,9214
1772334253,kamailio,chatafl,1,l_per,6.7
1772334253,kamailio,chatafl,1,l_abs,15934
1772334253,kamailio,chatafl,1,b_per,1.6
1772334253,kamailio,chatafl,1,b_abs,9214
1772334256,kamailio,chatafl,1,l_per,6.7
1772334256,kamailio,chatafl,1,l_abs,15934
1772334256,kamailio,chatafl,1,b_per,1.6
1772334256,kamailio,chatafl,1,b_abs,9214
1772334265,kamailio,chatafl,1,l_per,6.7
1772334265,kamailio,chatafl,1,l_abs,15934
1772334265,kamailio,chatafl,1,b_per,1.6
1772334265,kamailio,chatafl,1,b_abs,9214
1772334268,kamailio,chatafl,1,l_per,6.7
1772334268,kamailio,chatafl,1,l_abs,15934
1772334268,kamailio,chatafl,1,b_per,1.6
1772334268,kamailio,chatafl,1,b_abs,9214
1772334271,kamailio,chatafl,1,l_per,6.7
1772334271,kamailio,chatafl,1,l_abs,15934
1772334271,kamailio,chatafl,1,b_per,1.6
1772334271,kamailio,chatafl,1,b_abs,9215
1772334274,kamailio,chatafl,1,l_per,6.7
1772334274,kamailio,chatafl,1,l_abs,15934
1772334274,kamailio,chatafl,1,b_per,1.6
1772334274,kamailio,chatafl,1,b_abs,9215
1772334281,kamailio,chatafl,1,l_per,6.7
1772334281,kamailio,chatafl,1,l_abs,15934
1772334281,kamailio,chatafl,1,b_per,1.6
1772334281,kamailio,chatafl,1,b_abs,9215
1772334284,kamailio,chatafl,1,l_per,6.7
1772334284,kamailio,chatafl,1,l_abs,15934
1772334284,kamailio,chatafl,1,b_per,1.6
1772334284,kamailio,chatafl,1,b_abs,9215
1772334287,kamailio,chatafl,1,l_per,6.7
1772334287,kamailio,chatafl,1,l_abs,15934
1772334287,kamailio,chatafl,1,b_per,1.6
1772334287,kamailio,chatafl,1,b_abs,9215
1772334294,kamailio,chatafl,1,l_per,6.7
1772334294,kamailio,chatafl,1,l_abs,15934
1772334294,kamailio,chatafl,1,b_per,1.6
1772334294,kamailio,chatafl,1,b_abs,9215
1772334296,kamailio,chatafl,1,l_per,6.7
1772334296,kamailio,chatafl,1,l_abs,15934
1772334296,kamailio,chatafl,1,b_per,1.6
1772334296,kamailio,chatafl,1,b_abs,9215
1772334298,kamailio,chatafl,1,l_per,6.7
1772334298,kamailio,chatafl,1,l_abs,15935
1772334298,kamailio,chatafl,1,b_per,1.6
1772334298,kamailio,chatafl,1,b_abs,9216
1772334304,kamailio,chatafl,1,l_per,6.7
1772334304,kamailio,chatafl,1,l_abs,15935
1772334304,kamailio,chatafl,1,b_per,1.6
1772334304,kamailio,chatafl,1,b_abs,9216
1772334309,kamailio,chatafl,1,l_per,6.7
1772334309,kamailio,chatafl,1,l_abs,15935
1772334309,kamailio,chatafl,1,b_per,1.6
1772334309,kamailio,chatafl,1,b_abs,9216
1772334314,kamailio,chatafl,1,l_per,6.7
1772334314,kamailio,chatafl,1,l_abs,15935
1772334314,kamailio,chatafl,1,b_per,1.6
1772334314,kamailio,chatafl,1,b_abs,9216
1772334316,kamailio,chatafl,1,l_per,6.7
1772334316,kamailio,chatafl,1,l_abs,15935
1772334316,kamailio,chatafl,1,b_per,1.6
1772334316,kamailio,chatafl,1,b_abs,9216
1772334326,kamailio,chatafl,1,l_per,6.7
1772334326,kamailio,chatafl,1,l_abs,15935
1772334326,kamailio,chatafl,1,b_per,1.6
1772334326,kamailio,chatafl,1,b_abs,9216
1772334330,kamailio,chatafl,1,l_per,6.7
1772334330,kamailio,chatafl,1,l_abs,15935
1772334330,kamailio,chatafl,1,b_per,1.6
1772334330,kamailio,chatafl,1,b_abs,9216
1772334334,kamailio,chatafl,1,l_per,6.7
1772334334,kamailio,chatafl,1,l_abs,15935
1772334334,kamailio,chatafl,1,b_per,1.6
1772334334,kamailio,chatafl,1,b_abs,9216
1772334336,kamailio,chatafl,1,l_per,6.7
1772334336,kamailio,chatafl,1,l_abs,15935
1772334336,kamailio,chatafl,1,b_per,1.6
1772334336,kamailio,chatafl,1,b_abs,9216
1772334342,kamailio,chatafl,1,l_per,6.7
1772334342,kamailio,chatafl,1,l_abs,15935
1772334342,kamailio,chatafl,1,b_per,1.6
1772334342,kamailio,chatafl,1,b_abs,9216
1772334345,kamailio,chatafl,1,l_per,6.8
1772334345,kamailio,chatafl,1,l_abs,15997
1772334345,kamailio,chatafl,1,b_per,1.6
1772334345,kamailio,chatafl,1,b_abs,9273
1772334350,kamailio,chatafl,1,l_per,6.8
1772334350,kamailio,chatafl,1,l_abs,15997
1772334350,kamailio,chatafl,1,b_per,1.6
1772334350,kamailio,chatafl,1,b_abs,9273
1772334352,kamailio,chatafl,1,l_per,6.8
1772334352,kamailio,chatafl,1,l_abs,16029
1772334352,kamailio,chatafl,1,b_per,1.6
1772334352,kamailio,chatafl,1,b_abs,9293
1772334362,kamailio,chatafl,1,l_per,6.8
1772334362,kamailio,chatafl,1,l_abs,16029
1772334362,kamailio,chatafl,1,b_per,1.6
1772334362,kamailio,chatafl,1,b_abs,9293
1772334363,kamailio,chatafl,1,l_per,6.8
1772334363,kamailio,chatafl,1,l_abs,16029
1772334363,kamailio,chatafl,1,b_per,1.6
1772334363,kamailio,chatafl,1,b_abs,9293
1772334367,kamailio,chatafl,1,l_per,6.8
1772334367,kamailio,chatafl,1,l_abs,16029
1772334367,kamailio,chatafl,1,b_per,1.6
1772334367,kamailio,chatafl,1,b_abs,9294
1772334377,kamailio,chatafl,1,l_per,6.8
1772334377,kamailio,chatafl,1,l_abs,16029
1772334377,kamailio,chatafl,1,b_per,1.6
1772334377,kamailio,chatafl,1,b_abs,9294
1772334381,kamailio,chatafl,1,l_per,6.8
1772334381,kamailio,chatafl,1,l_abs,16037
1772334381,kamailio,chatafl,1,b_per,1.6
1772334381,kamailio,chatafl,1,b_abs,9314
1772334386,kamailio,chatafl,1,l_per,6.8
1772334386,kamailio,chatafl,1,l_abs,16037
1772334386,kamailio,chatafl,1,b_per,1.6
1772334386,kamailio,chatafl,1,b_abs,9314
1772334396,kamailio,chatafl,1,l_per,6.8
1772334396,kamailio,chatafl,1,l_abs,16038
1772334396,kamailio,chatafl,1,b_per,1.6
1772334396,kamailio,chatafl,1,b_abs,9315
1772334398,kamailio,chatafl,1,l_per,6.8
1772334398,kamailio,chatafl,1,l_abs,16038
1772334398,kamailio,chatafl,1,b_per,1.6
1772334398,kamailio,chatafl,1,b_abs,9315
1772334402,kamailio,chatafl,1,l_per,6.8
1772334402,kamailio,chatafl,1,l_abs,16040
1772334402,kamailio,chatafl,1,b_per,1.6
1772334402,kamailio,chatafl,1,b_abs,9316
1772334404,kamailio,chatafl,1,l_per,6.8
1772334404,kamailio,chatafl,1,l_abs,16040
1772334404,kamailio,chatafl,1,b_per,1.6
1772334404,kamailio,chatafl,1,b_abs,9316
1772334408,kamailio,chatafl,1,l_per,6.8
1772334408,kamailio,chatafl,1,l_abs,16040
1772334408,kamailio,chatafl,1,b_per,1.6
1772334408,kamailio,chatafl,1,b_abs,9316
1772334409,kamailio,chatafl,1,l_per,6.8
1772334409,kamailio,chatafl,1,l_abs,16040
1772334409,kamailio,chatafl,1,b_per,1.6
1772334409,kamailio,chatafl,1,b_abs,9318
1772334415,kamailio,chatafl,1,l_per,6.8
1772334415,kamailio,chatafl,1,l_abs,16045
1772334415,kamailio,chatafl,1,b_per,1.6
1772334415,kamailio,chatafl,1,b_abs,9321
1772334420,kamailio,chatafl,1,l_per,6.8
1772334420,kamailio,chatafl,1,l_abs,16045
1772334420,kamailio,chatafl,1,b_per,1.6
1772334420,kamailio,chatafl,1,b_abs,9321
1772334421,kamailio,chatafl,1,l_per,6.8
1772334421,kamailio,chatafl,1,l_abs,16045
1772334421,kamailio,chatafl,1,b_per,1.6
1772334421,kamailio,chatafl,1,b_abs,9321
1772334425,kamailio,chatafl,1,l_per,6.8
1772334425,kamailio,chatafl,1,l_abs,16045
1772334425,kamailio,chatafl,1,b_per,1.6
1772334425,kamailio,chatafl,1,b_abs,9321
1772334428,kamailio,chatafl,1,l_per,6.8
1772334428,kamailio,chatafl,1,l_abs,16045
1772334428,kamailio,chatafl,1,b_per,1.6
1772334428,kamailio,chatafl,1,b_abs,9321
1772334430,kamailio,chatafl,1,l_per,6.8
1772334430,kamailio,chatafl,1,l_abs,16045
1772334430,kamailio,chatafl,1,b_per,1.6
1772334430,kamailio,chatafl,1,b_abs,9321
1772334432,kamailio,chatafl,1,l_per,6.8
1772334432,kamailio,chatafl,1,l_abs,16045
1772334432,kamailio,chatafl,1,b_per,1.6
1772334432,kamailio,chatafl,1,b_abs,9321
1772334434,kamailio,chatafl,1,l_per,6.8
1772334434,kamailio,chatafl,1,l_abs,16045
1772334434,kamailio,chatafl,1,b_per,1.6
1772334434,kamailio,chatafl,1,b_abs,9321
1772334438,kamailio,chatafl,1,l_per,6.8
1772334438,kamailio,chatafl,1,l_abs,16045
1772334438,kamailio,chatafl,1,b_per,1.6
1772334438,kamailio,chatafl,1,b_abs,9321
1772334444,kamailio,chatafl,1,l_per,6.8
1772334444,kamailio,chatafl,1,l_abs,16045
1772334444,kamailio,chatafl,1,b_per,1.6
1772334444,kamailio,chatafl,1,b_abs,9321
1772334449,kamailio,chatafl,1,l_per,6.8
1772334449,kamailio,chatafl,1,l_abs,16045
1772334449,kamailio,chatafl,1,b_per,1.6
1772334449,kamailio,chatafl,1,b_abs,9321
1772334454,kamailio,chatafl,1,l_per,6.8
1772334454,kamailio,chatafl,1,l_abs,16047
1772334454,kamailio,chatafl,1,b_per,1.6
1772334454,kamailio,chatafl,1,b_abs,9323
1772334462,kamailio,chatafl,1,l_per,6.8
1772334462,kamailio,chatafl,1,l_abs,16047
1772334462,kamailio,chatafl,1,b_per,1.6
1772334462,kamailio,chatafl,1,b_abs,9323
1772334473,kamailio,chatafl,1,l_per,6.8
1772334473,kamailio,chatafl,1,l_abs,16047
1772334473,kamailio,chatafl,1,b_per,1.6
1772334473,kamailio,chatafl,1,b_abs,9323
1772334476,kamailio,chatafl,1,l_per,6.8
1772334476,kamailio,chatafl,1,l_abs,16047
1772334476,kamailio,chatafl,1,b_per,1.6
1772334476,kamailio,chatafl,1,b_abs,9323
1772334481,kamailio,chatafl,1,l_per,6.8
1772334481,kamailio,chatafl,1,l_abs,16047
1772334481,kamailio,chatafl,1,b_per,1.6
1772334481,kamailio,chatafl,1,b_abs,9323
1772334485,kamailio,chatafl,1,l_per,6.8
1772334485,kamailio,chatafl,1,l_abs,16047
1772334485,kamailio,chatafl,1,b_per,1.6
1772334485,kamailio,chatafl,1,b_abs,9323
1772334490,kamailio,chatafl,1,l_per,6.8
1772334490,kamailio,chatafl,1,l_abs,16047
1772334490,kamailio,chatafl,1,b_per,1.6
1772334490,kamailio,chatafl,1,b_abs,9323
1772334509,kamailio,chatafl,1,l_per,6.8
1772334509,kamailio,chatafl,1,l_abs,16047
1772334509,kamailio,chatafl,1,b_per,1.6
1772334509,kamailio,chatafl,1,b_abs,9325
1772334511,kamailio,chatafl,1,l_per,6.8
1772334511,kamailio,chatafl,1,l_abs,16047
1772334511,kamailio,chatafl,1,b_per,1.6
1772334511,kamailio,chatafl,1,b_abs,9325
1772334515,kamailio,chatafl,1,l_per,6.8
1772334515,kamailio,chatafl,1,l_abs,16047
1772334515,kamailio,chatafl,1,b_per,1.6
1772334515,kamailio,chatafl,1,b_abs,9325
1772334521,kamailio,chatafl,1,l_per,6.8
1772334521,kamailio,chatafl,1,l_abs,16047
1772334521,kamailio,chatafl,1,b_per,1.6
1772334521,kamailio,chatafl,1,b_abs,9327
1772334528,kamailio,chatafl,1,l_per,6.8
1772334528,kamailio,chatafl,1,l_abs,16047
1772334528,kamailio,chatafl,1,b_per,1.6
1772334528,kamailio,chatafl,1,b_abs,9327
1772334534,kamailio,chatafl,1,l_per,6.8
1772334534,kamailio,chatafl,1,l_abs,16047
1772334534,kamailio,chatafl,1,b_per,1.6
1772334534,kamailio,chatafl,1,b_abs,9327
1772334537,kamailio,chatafl,1,l_per,6.8
1772334537,kamailio,chatafl,1,l_abs,16047
1772334537,kamailio,chatafl,1,b_per,1.6
1772334537,kamailio,chatafl,1,b_abs,9327
1772334548,kamailio,chatafl,1,l_per,6.8
1772334548,kamailio,chatafl,1,l_abs,16047
1772334548,kamailio,chatafl,1,b_per,1.6
1772334548,kamailio,chatafl,1,b_abs,9327
1772334553,kamailio,chatafl,1,l_per,6.8
1772334553,kamailio,chatafl,1,l_abs,16048
1772334553,kamailio,chatafl,1,b_per,1.6
1772334553,kamailio,chatafl,1,b_abs,9328
1772334561,kamailio,chatafl,1,l_per,6.8
1772334561,kamailio,chatafl,1,l_abs,16048
1772334561,kamailio,chatafl,1,b_per,1.6
1772334561,kamailio,chatafl,1,b_abs,9328
1772334566,kamailio,chatafl,1,l_per,6.8
1772334566,kamailio,chatafl,1,l_abs,16049
1772334566,kamailio,chatafl,1,b_per,1.6
1772334566,kamailio,chatafl,1,b_abs,9329
1772334575,kamailio,chatafl,1,l_per,6.8
1772334575,kamailio,chatafl,1,l_abs,16049
1772334575,kamailio,chatafl,1,b_per,1.6
1772334575,kamailio,chatafl,1,b_abs,9329
1772334579,kamailio,chatafl,1,l_per,6.8
1772334579,kamailio,chatafl,1,l_abs,16049
1772334579,kamailio,chatafl,1,b_per,1.6
1772334579,kamailio,chatafl,1,b_abs,9329
1772334584,kamailio,chatafl,1,l_per,6.8
1772334584,kamailio,chatafl,1,l_abs,16049
1772334584,kamailio,chatafl,1,b_per,1.6
1772334584,kamailio,chatafl,1,b_abs,9329
1772334586,kamailio,chatafl,1,l_per,6.8
1772334586,kamailio,chatafl,1,l_abs,16049
1772334586,kamailio,chatafl,1,b_per,1.6
1772334586,kamailio,chatafl,1,b_abs,9329
1772334588,kamailio,chatafl,1,l_per,6.8
1772334588,kamailio,chatafl,1,l_abs,16118
1772334588,kamailio,chatafl,1,b_per,1.7
1772334588,kamailio,chatafl,1,b_abs,9367
1772334597,kamailio,chatafl,1,l_per,6.8
1772334597,kamailio,chatafl,1,l_abs,16118
1772334597,kamailio,chatafl,1,b_per,1.7
1772334597,kamailio,chatafl,1,b_abs,9367
1772334599,kamailio,chatafl,1,l_per,6.8
1772334599,kamailio,chatafl,1,l_abs,16118
1772334599,kamailio,chatafl,1,b_per,1.7
1772334599,kamailio,chatafl,1,b_abs,9367
1772334602,kamailio,chatafl,1,l_per,6.8
1772334602,kamailio,chatafl,1,l_abs,16118
1772334602,kamailio,chatafl,1,b_per,1.7
1772334602,kamailio,chatafl,1,b_abs,9367
1772334611,kamailio,chatafl,1,l_per,6.8
1772334611,kamailio,chatafl,1,l_abs,16118
1772334611,kamailio,chatafl,1,b_per,1.7
1772334611,kamailio,chatafl,1,b_abs,9367
1772334615,kamailio,chatafl,1,l_per,6.8
1772334615,kamailio,chatafl,1,l_abs,16118
1772334615,kamailio,chatafl,1,b_per,1.7
1772334615,kamailio,chatafl,1,b_abs,9367
1772334622,kamailio,chatafl,1,l_per,6.8
1772334622,kamailio,chatafl,1,l_abs,16118
1772334622,kamailio,chatafl,1,b_per,1.7
1772334622,kamailio,chatafl,1,b_abs,9367
1772334625,kamailio,chatafl,1,l_per,6.8
1772334625,kamailio,chatafl,1,l_abs,16118
1772334625,kamailio,chatafl,1,b_per,1.7
1772334625,kamailio,chatafl,1,b_abs,9367
1772334628,kamailio,chatafl,1,l_per,6.8
1772334628,kamailio,chatafl,1,l_abs,16118
1772334628,kamailio,chatafl,1,b_per,1.7
1772334628,kamailio,chatafl,1,b_abs,9367
1772334631,kamailio,chatafl,1,l_per,6.8
1772334631,kamailio,chatafl,1,l_abs,16118
1772334631,kamailio,chatafl,1,b_per,1.7
1772334631,kamailio,chatafl,1,b_abs,9367
1772334641,kamailio,chatafl,1,l_per,6.8
1772334641,kamailio,chatafl,1,l_abs,16118
1772334641,kamailio,chatafl,1,b_per,1.7
1772334641,kamailio,chatafl,1,b_abs,9367
1772334644,kamailio,chatafl,1,l_per,6.8
1772334644,kamailio,chatafl,1,l_abs,16118
1772334644,kamailio,chatafl,1,b_per,1.7
1772334644,kamailio,chatafl,1,b_abs,9367
1772334657,kamailio,chatafl,1,l_per,6.8
1772334657,kamailio,chatafl,1,l_abs,16118
1772334657,kamailio,chatafl,1,b_per,1.7
1772334657,kamailio,chatafl,1,b_abs,9367
1772334663,kamailio,chatafl,1,l_per,6.8
1772334663,kamailio,chatafl,1,l_abs,16122
1772334663,kamailio,chatafl,1,b_per,1.7
1772334663,kamailio,chatafl,1,b_abs,9368
1772334672,kamailio,chatafl,1,l_per,6.8
1772334672,kamailio,chatafl,1,l_abs,16122
1772334672,kamailio,chatafl,1,b_per,1.7
1772334672,kamailio,chatafl,1,b_abs,9368
1772334680,kamailio,chatafl,1,l_per,6.8
1772334680,kamailio,chatafl,1,l_abs,16122
1772334680,kamailio,chatafl,1,b_per,1.7
1772334680,kamailio,chatafl,1,b_abs,9368
1772334687,kamailio,chatafl,1,l_per,6.8
1772334687,kamailio,chatafl,1,l_abs,16122
1772334687,kamailio,chatafl,1,b_per,1.7
1772334687,kamailio,chatafl,1,b_abs,9368
1772334691,kamailio,chatafl,1,l_per,6.8
1772334691,kamailio,chatafl,1,l_abs,16122
1772334691,kamailio,chatafl,1,b_per,1.7
1772334691,kamailio,chatafl,1,b_abs,9368
1772334693,kamailio,chatafl,1,l_per,6.8
1772334693,kamailio,chatafl,1,l_abs,16127
1772334693,kamailio,chatafl,1,b_per,1.7
1772334693,kamailio,chatafl,1,b_abs,9378
1772334700,kamailio,chatafl,1,l_per,6.8
1772334700,kamailio,chatafl,1,l_abs,16127
1772334700,kamailio,chatafl,1,b_per,1.7
1772334700,kamailio,chatafl,1,b_abs,9378
1772334701,kamailio,chatafl,1,l_per,6.8
1772334701,kamailio,chatafl,1,l_abs,16127
1772334701,kamailio,chatafl,1,b_per,1.7
1772334701,kamailio,chatafl,1,b_abs,9378
1772334705,kamailio,chatafl,1,l_per,6.8
1772334705,kamailio,chatafl,1,l_abs,16127
1772334705,kamailio,chatafl,1,b_per,1.7
1772334705,kamailio,chatafl,1,b_abs,9378
1772334709,kamailio,chatafl,1,l_per,6.8
1772334709,kamailio,chatafl,1,l_abs,16131
1772334709,kamailio,chatafl,1,b_per,1.7
1772334709,kamailio,chatafl,1,b_abs,9379
1772334717,kamailio,chatafl,1,l_per,6.8
1772334717,kamailio,chatafl,1,l_abs,16131
1772334717,kamailio,chatafl,1,b_per,1.7
1772334717,kamailio,chatafl,1,b_abs,9379
1772334723,kamailio,chatafl,1,l_per,6.8
1772334723,kamailio,chatafl,1,l_abs,16131
1772334723,kamailio,chatafl,1,b_per,1.7
1772334723,kamailio,chatafl,1,b_abs,9379
1772334726,kamailio,chatafl,1,l_per,6.8
1772334726,kamailio,chatafl,1,l_abs,16131
1772334726,kamailio,chatafl,1,b_per,1.7
1772334726,kamailio,chatafl,1,b_abs,9381
1772334731,kamailio,chatafl,1,l_per,6.8
1772334731,kamailio,chatafl,1,l_abs,16131
1772334731,kamailio,chatafl,1,b_per,1.7
1772334731,kamailio,chatafl,1,b_abs,9381
1772334735,kamailio,chatafl,1,l_per,6.8
1772334735,kamailio,chatafl,1,l_abs,16173
1772334735,kamailio,chatafl,1,b_per,1.7
1772334735,kamailio,chatafl,1,b_abs,9407
1772334739,kamailio,chatafl,1,l_per,6.8
1772334739,kamailio,chatafl,1,l_abs,16173
1772334739,kamailio,chatafl,1,b_per,1.7
1772334739,kamailio,chatafl,1,b_abs,9407
1772334741,kamailio,chatafl,1,l_per,6.8
1772334741,kamailio,chatafl,1,l_abs,16173
1772334741,kamailio,chatafl,1,b_per,1.7
1772334741,kamailio,chatafl,1,b_abs,9407
1772334746,kamailio,chatafl,1,l_per,6.8
1772334746,kamailio,chatafl,1,l_abs,16173
1772334746,kamailio,chatafl,1,b_per,1.7
1772334746,kamailio,chatafl,1,b_abs,9407
1772334748,kamailio,chatafl,1,l_per,6.8
1772334748,kamailio,chatafl,1,l_abs,16186
1772334748,kamailio,chatafl,1,b_per,1.7
1772334748,kamailio,chatafl,1,b_abs,9413
1772334751,kamailio,chatafl,1,l_per,6.8
1772334751,kamailio,chatafl,1,l_abs,16186
1772334751,kamailio,chatafl,1,b_per,1.7
1772334751,kamailio,chatafl,1,b_abs,9413
1772334764,kamailio,chatafl,1,l_per,6.8
1772334764,kamailio,chatafl,1,l_abs,16186
1772334764,kamailio,chatafl,1,b_per,1.7
1772334764,kamailio,chatafl,1,b_abs,9413
1772334766,kamailio,chatafl,1,l_per,6.8
1772334766,kamailio,chatafl,1,l_abs,16186
1772334766,kamailio,chatafl,1,b_per,1.7
1772334766,kamailio,chatafl,1,b_abs,9413
1772334769,kamailio,chatafl,1,l_per,6.8
1772334769,kamailio,chatafl,1,l_abs,16186
1772334769,kamailio,chatafl,1,b_per,1.7
1772334769,kamailio,chatafl,1,b_abs,9413
1772334777,kamailio,chatafl,1,l_per,6.8
1772334777,kamailio,chatafl,1,l_abs,16186
1772334777,kamailio,chatafl,1,b_per,1.7
1772334777,kamailio,chatafl,1,b_abs,9414
1772334783,kamailio,chatafl,1,l_per,6.8
1772334783,kamailio,chatafl,1,l_abs,16186
1772334783,kamailio,chatafl,1,b_per,1.7
1772334783,kamailio,chatafl,1,b_abs,9414
1772334787,kamailio,chatafl,1,l_per,6.8
1772334787,kamailio,chatafl,1,l_abs,16186
1772334787,kamailio,chatafl,1,b_per,1.7
1772334787,kamailio,chatafl,1,b_abs,9414
1772334792,kamailio,chatafl,1,l_per,6.8
1772334792,kamailio,chatafl,1,l_abs,16186
1772334792,kamailio,chatafl,1,b_per,1.7
1772334792,kamailio,chatafl,1,b_abs,9416
1772334799,kamailio,chatafl,1,l_per,6.8
1772334799,kamailio,chatafl,1,l_abs,16199
1772334799,kamailio,chatafl,1,b_per,1.7
1772334799,kamailio,chatafl,1,b_abs,9419
1772334817,kamailio,chatafl,1,l_per,6.8
1772334817,kamailio,chatafl,1,l_abs,16199
1772334817,kamailio,chatafl,1,b_per,1.7
1772334817,kamailio,chatafl,1,b_abs,9420
1772334833,kamailio,chatafl,1,l_per,6.8
1772334833,kamailio,chatafl,1,l_abs,16199
1772334833,kamailio,chatafl,1,b_per,1.7
1772334833,kamailio,chatafl,1,b_abs,9420
1772334835,kamailio,chatafl,1,l_per,6.8
1772334835,kamailio,chatafl,1,l_abs,16199
1772334835,kamailio,chatafl,1,b_per,1.7
1772334835,kamailio,chatafl,1,b_abs,9422
1772334839,kamailio,chatafl,1,l_per,6.8
1772334839,kamailio,chatafl,1,l_abs,16199
1772334839,kamailio,chatafl,1,b_per,1.7
1772334839,kamailio,chatafl,1,b_abs,9422
1772334843,kamailio,chatafl,1,l_per,6.8
1772334843,kamailio,chatafl,1,l_abs,16199
1772334843,kamailio,chatafl,1,b_per,1.7
1772334843,kamailio,chatafl,1,b_abs,9422
1772334849,kamailio,chatafl,1,l_per,6.8
1772334849,kamailio,chatafl,1,l_abs,16199
1772334849,kamailio,chatafl,1,b_per,1.7
1772334849,kamailio,chatafl,1,b_abs,9423
1772334853,kamailio,chatafl,1,l_per,6.8
1772334853,kamailio,chatafl,1,l_abs,16199
1772334853,kamailio,chatafl,1,b_per,1.7
1772334853,kamailio,chatafl,1,b_abs,9429
1772334860,kamailio,chatafl,1,l_per,6.8
1772334860,kamailio,chatafl,1,l_abs,16199
1772334860,kamailio,chatafl,1,b_per,1.7
1772334860,kamailio,chatafl,1,b_abs,9429
1772334863,kamailio,chatafl,1,l_per,6.8
1772334863,kamailio,chatafl,1,l_abs,16199
1772334863,kamailio,chatafl,1,b_per,1.7
1772334863,kamailio,chatafl,1,b_abs,9429
1772334872,kamailio,chatafl,1,l_per,6.8
1772334872,kamailio,chatafl,1,l_abs,16199
1772334872,kamailio,chatafl,1,b_per,1.7
1772334872,kamailio,chatafl,1,b_abs,9429
1772334876,kamailio,chatafl,1,l_per,6.8
1772334876,kamailio,chatafl,1,l_abs,16199
1772334876,kamailio,chatafl,1,b_per,1.7
1772334876,kamailio,chatafl,1,b_abs,9429
1772334889,kamailio,chatafl,1,l_per,6.8
1772334889,kamailio,chatafl,1,l_abs,16199
1772334889,kamailio,chatafl,1,b_per,1.7
1772334889,kamailio,chatafl,1,b_abs,9433
1772334892,kamailio,chatafl,1,l_per,6.8
1772334892,kamailio,chatafl,1,l_abs,16202
1772334892,kamailio,chatafl,1,b_per,1.7
1772334892,kamailio,chatafl,1,b_abs,9434
1772334895,kamailio,chatafl,1,l_per,6.8
1772334895,kamailio,chatafl,1,l_abs,16202
1772334895,kamailio,chatafl,1,b_per,1.7
1772334895,kamailio,chatafl,1,b_abs,9434
1772334898,kamailio,chatafl,1,l_per,6.8
1772334898,kamailio,chatafl,1,l_abs,16202
1772334898,kamailio,chatafl,1,b_per,1.7
1772334898,kamailio,chatafl,1,b_abs,9434
1772334910,kamailio,chatafl,1,l_per,6.8
1772334910,kamailio,chatafl,1,l_abs,16202
1772334910,kamailio,chatafl,1,b_per,1.7
1772334910,kamailio,chatafl,1,b_abs,9434
1772334912,kamailio,chatafl,1,l_per,6.8
1772334912,kamailio,chatafl,1,l_abs,16202
1772334912,kamailio,chatafl,1,b_per,1.7
1772334912,kamailio,chatafl,1,b_abs,9434
1772334919,kamailio,chatafl,1,l_per,6.8
1772334919,kamailio,chatafl,1,l_abs,16202
1772334919,kamailio,chatafl,1,b_per,1.7
1772334919,kamailio,chatafl,1,b_abs,9434
1772334922,kamailio,chatafl,1,l_per,6.8
1772334922,kamailio,chatafl,1,l_abs,16202
1772334922,kamailio,chatafl,1,b_per,1.7
1772334922,kamailio,chatafl,1,b_abs,9434
1772334925,kamailio,chatafl,1,l_per,6.8
1772334925,kamailio,chatafl,1,l_abs,16202
1772334925,kamailio,chatafl,1,b_per,1.7
1772334925,kamailio,chatafl,1,b_abs,9434
1772334929,kamailio,chatafl,1,l_per,6.8
1772334929,kamailio,chatafl,1,l_abs,16202
1772334929,kamailio,chatafl,1,b_per,1.7
1772334929,kamailio,chatafl,1,b_abs,9434
1772334933,kamailio,chatafl,1,l_per,6.8
1772334933,kamailio,chatafl,1,l_abs,16202
1772334933,kamailio,chatafl,1,b_per,1.7
1772334933,kamailio,chatafl,1,b_abs,9434
1772334938,kamailio,chatafl,1,l_per,6.8
1772334938,kamailio,chatafl,1,l_abs,16202
1772334938,kamailio,chatafl,1,b_per,1.7
1772334938,kamailio,chatafl,1,b_abs,9434
1772334945,kamailio,chatafl,1,l_per,6.8
1772334945,kamailio,chatafl,1,l_abs,16202
1772334945,kamailio,chatafl,1,b_per,1.7
1772334945,kamailio,chatafl,1,b_abs,9434
1772334948,kamailio,chatafl,1,l_per,6.8
1772334948,kamailio,chatafl,1,l_abs,16202
1772334948,kamailio,chatafl,1,b_per,1.7
1772334948,kamailio,chatafl,1,b_abs,9434
1772334951,kamailio,chatafl,1,l_per,6.8
1772334951,kamailio,chatafl,1,l_abs,16202
1772334951,kamailio,chatafl,1,b_per,1.7
1772334951,kamailio,chatafl,1,b_abs,9435
1772334955,kamailio,chatafl,1,l_per,6.8
1772334955,kamailio,chatafl,1,l_abs,16202
1772334955,kamailio,chatafl,1,b_per,1.7
1772334955,kamailio,chatafl,1,b_abs,9436
1772334961,kamailio,chatafl,1,l_per,6.8
1772334961,kamailio,chatafl,1,l_abs,16202
1772334961,kamailio,chatafl,1,b_per,1.7
1772334961,kamailio,chatafl,1,b_abs,9436
1772334965,kamailio,chatafl,1,l_per,6.8
1772334965,kamailio,chatafl,1,l_abs,16202
1772334965,kamailio,chatafl,1,b_per,1.7
1772334965,kamailio,chatafl,1,b_abs,9436
1772334971,kamailio,chatafl,1,l_per,6.8
1772334971,kamailio,chatafl,1,l_abs,16202
1772334971,kamailio,chatafl,1,b_per,1.7
1772334971,kamailio,chatafl,1,b_abs,9437
1772334991,kamailio,chatafl,1,l_per,6.8
1772334991,kamailio,chatafl,1,l_abs,16202
1772334991,kamailio,chatafl,1,b_per,1.7
1772334991,kamailio,chatafl,1,b_abs,9437
1772334995,kamailio,chatafl,1,l_per,6.8
1772334995,kamailio,chatafl,1,l_abs,16202
1772334995,kamailio,chatafl,1,b_per,1.7
1772334995,kamailio,chatafl,1,b_abs,9437
1772334998,kamailio,chatafl,1,l_per,6.8
1772334998,kamailio,chatafl,1,l_abs,16202
1772334998,kamailio,chatafl,1,b_per,1.7
1772334998,kamailio,chatafl,1,b_abs,9437
1772335017,kamailio,chatafl,1,l_per,6.8
1772335017,kamailio,chatafl,1,l_abs,16202
1772335017,kamailio,chatafl,1,b_per,1.7
1772335017,kamailio,chatafl,1,b_abs,9437
1772335020,kamailio,chatafl,1,l_per,6.8
1772335020,kamailio,chatafl,1,l_abs,16202
1772335020,kamailio,chatafl,1,b_per,1.7
1772335020,kamailio,chatafl,1,b_abs,9437
1772335023,kamailio,chatafl,1,l_per,6.8
1772335023,kamailio,chatafl,1,l_abs,16202
1772335023,kamailio,chatafl,1,b_per,1.7
1772335023,kamailio,chatafl,1,b_abs,9437
1772335030,kamailio,chatafl,1,l_per,6.8
1772335030,kamailio,chatafl,1,l_abs,16202
1772335030,kamailio,chatafl,1,b_per,1.7
1772335030,kamailio,chatafl,1,b_abs,9437
1772335034,kamailio,chatafl,1,l_per,6.8
1772335034,kamailio,chatafl,1,l_abs,16202
1772335034,kamailio,chatafl,1,b_per,1.7
1772335034,kamailio,chatafl,1,b_abs,9437
1772335042,kamailio,chatafl,1,l_per,6.8
1772335042,kamailio,chatafl,1,l_abs,16202
1772335042,kamailio,chatafl,1,b_per,1.7
1772335042,kamailio,chatafl,1,b_abs,9437
1772335046,kamailio,chatafl,1,l_per,6.8
1772335046,kamailio,chatafl,1,l_abs,16202
1772335046,kamailio,chatafl,1,b_per,1.7
1772335046,kamailio,chatafl,1,b_abs,9437
1772335051,kamailio,chatafl,1,l_per,6.8
1772335051,kamailio,chatafl,1,l_abs,16202
1772335051,kamailio,chatafl,1,b_per,1.7
1772335051,kamailio,chatafl,1,b_abs,9437
1772335059,kamailio,chatafl,1,l_per,6.8
1772335059,kamailio,chatafl,1,l_abs,16202
1772335059,kamailio,chatafl,1,b_per,1.7
1772335059,kamailio,chatafl,1,b_abs,9437
1772335065,kamailio,chatafl,1,l_per,6.8
1772335065,kamailio,chatafl,1,l_abs,16202
1772335065,kamailio,chatafl,1,b_per,1.7
1772335065,kamailio,chatafl,1,b_abs,9437
1772335070,kamailio,chatafl,1,l_per,6.8
1772335070,kamailio,chatafl,1,l_abs,16202
1772335070,kamailio,chatafl,1,b_per,1.7
1772335070,kamailio,chatafl,1,b_abs,9437
1772335076,kamailio,chatafl,1,l_per,6.8
1772335076,kamailio,chatafl,1,l_abs,16202
1772335076,kamailio,chatafl,1,b_per,1.7
1772335076,kamailio,chatafl,1,b_abs,9437
1772335081,kamailio,chatafl,1,l_per,6.8
1772335081,kamailio,chatafl,1,l_abs,16202
1772335081,kamailio,chatafl,1,b_per,1.7
1772335081,kamailio,chatafl,1,b_abs,9437
1772335084,kamailio,chatafl,1,l_per,6.8
1772335084,kamailio,chatafl,1,l_abs,16202
1772335084,kamailio,chatafl,1,b_per,1.7
1772335084,kamailio,chatafl,1,b_abs,9437
1772335098,kamailio,chatafl,1,l_per,6.8
1772335098,kamailio,chatafl,1,l_abs,16202
1772335098,kamailio,chatafl,1,b_per,1.7
1772335098,kamailio,chatafl,1,b_abs,9437
1772335101,kamailio,chatafl,1,l_per,6.8
1772335101,kamailio,chatafl,1,l_abs,16202
1772335101,kamailio,chatafl,1,b_per,1.7
1772335101,kamailio,chatafl,1,b_abs,9437
1772335103,kamailio,chatafl,1,l_per,6.8
1772335103,kamailio,chatafl,1,l_abs,16202
1772335103,kamailio,chatafl,1,b_per,1.7
1772335103,kamailio,chatafl,1,b_abs,9437
1772335115,kamailio,chatafl,1,l_per,6.8
1772335115,kamailio,chatafl,1,l_abs,16202
1772335115,kamailio,chatafl,1,b_per,1.7
1772335115,kamailio,chatafl,1,b_abs,9437
1772335121,kamailio,chatafl,1,l_per,6.8
1772335121,kamailio,chatafl,1,l_abs,16202
1772335121,kamailio,chatafl,1,b_per,1.7
1772335121,kamailio,chatafl,1,b_abs,9437
1772335126,kamailio,chatafl,1,l_per,6.8
1772335126,kamailio,chatafl,1,l_abs,16202
1772335126,kamailio,chatafl,1,b_per,1.7
1772335126,kamailio,chatafl,1,b_abs,9437
1772335132,kamailio,chatafl,1,l_per,6.8
1772335132,kamailio,chatafl,1,l_abs,16202
1772335132,kamailio,chatafl,1,b_per,1.7
1772335132,kamailio,chatafl,1,b_abs,9437
1772335146,kamailio,chatafl,1,l_per,6.8
1772335146,kamailio,chatafl,1,l_abs,16202
1772335146,kamailio,chatafl,1,b_per,1.7
1772335146,kamailio,chatafl,1,b_abs,9437
1772335149,kamailio,chatafl,1,l_per,6.8
1772335149,kamailio,chatafl,1,l_abs,16204
1772335149,kamailio,chatafl,1,b_per,1.7
1772335149,kamailio,chatafl,1,b_abs,9438
1772335162,kamailio,chatafl,1,l_per,6.8
1772335162,kamailio,chatafl,1,l_abs,16204
1772335162,kamailio,chatafl,1,b_per,1.7
1772335162,kamailio,chatafl,1,b_abs,9438
1772335167,kamailio,chatafl,1,l_per,6.8
1772335167,kamailio,chatafl,1,l_abs,16204
1772335167,kamailio,chatafl,1,b_per,1.7
1772335167,kamailio,chatafl,1,b_abs,9438
1772335170,kamailio,chatafl,1,l_per,6.8
1772335170,kamailio,chatafl,1,l_abs,16204
1772335170,kamailio,chatafl,1,b_per,1.7
1772335170,kamailio,chatafl,1,b_abs,9438
1772335179,kamailio,chatafl,1,l_per,6.8
1772335179,kamailio,chatafl,1,l_abs,16204
1772335179,kamailio,chatafl,1,b_per,1.7
1772335179,kamailio,chatafl,1,b_abs,9438
1772335192,kamailio,chatafl,1,l_per,6.8
1772335192,kamailio,chatafl,1,l_abs,16204
1772335192,kamailio,chatafl,1,b_per,1.7
1772335192,kamailio,chatafl,1,b_abs,9440
1772335198,kamailio,chatafl,1,l_per,6.8
1772335198,kamailio,chatafl,1,l_abs,16204
1772335198,kamailio,chatafl,1,b_per,1.7
1772335198,kamailio,chatafl,1,b_abs,9440
1772335206,kamailio,chatafl,1,l_per,6.8
1772335206,kamailio,chatafl,1,l_abs,16204
1772335206,kamailio,chatafl,1,b_per,1.7
1772335206,kamailio,chatafl,1,b_abs,9440
1772335209,kamailio,chatafl,1,l_per,6.8
1772335209,kamailio,chatafl,1,l_abs,16204
1772335209,kamailio,chatafl,1,b_per,1.7
1772335209,kamailio,chatafl,1,b_abs,9442
1772335214,kamailio,chatafl,1,l_per,6.8
1772335214,kamailio,chatafl,1,l_abs,16204
1772335214,kamailio,chatafl,1,b_per,1.7
1772335214,kamailio,chatafl,1,b_abs,9442
1772335219,kamailio,chatafl,1,l_per,6.8
1772335219,kamailio,chatafl,1,l_abs,16205
1772335219,kamailio,chatafl,1,b_per,1.7
1772335219,kamailio,chatafl,1,b_abs,9443
1772335222,kamailio,chatafl,1,l_per,6.8
1772335222,kamailio,chatafl,1,l_abs,16205
1772335222,kamailio,chatafl,1,b_per,1.7
1772335222,kamailio,chatafl,1,b_abs,9443
1772335227,kamailio,chatafl,1,l_per,6.8
1772335227,kamailio,chatafl,1,l_abs,16205
1772335227,kamailio,chatafl,1,b_per,1.7
1772335227,kamailio,chatafl,1,b_abs,9443
1772335230,kamailio,chatafl,1,l_per,6.8
1772335230,kamailio,chatafl,1,l_abs,16205
1772335230,kamailio,chatafl,1,b_per,1.7
1772335230,kamailio,chatafl,1,b_abs,9444
1772335233,kamailio,chatafl,1,l_per,6.8
1772335233,kamailio,chatafl,1,l_abs,16205
1772335233,kamailio,chatafl,1,b_per,1.7
1772335233,kamailio,chatafl,1,b_abs,9444
1772335237,kamailio,chatafl,1,l_per,6.8
1772335237,kamailio,chatafl,1,l_abs,16205
1772335237,kamailio,chatafl,1,b_per,1.7
1772335237,kamailio,chatafl,1,b_abs,9444
1772335248,kamailio,chatafl,1,l_per,6.8
1772335248,kamailio,chatafl,1,l_abs,16220
1772335248,kamailio,chatafl,1,b_per,1.7
1772335248,kamailio,chatafl,1,b_abs,9459
1772335256,kamailio,chatafl,1,l_per,6.8
1772335256,kamailio,chatafl,1,l_abs,16220
1772335256,kamailio,chatafl,1,b_per,1.7
1772335256,kamailio,chatafl,1,b_abs,9459
1772335270,kamailio,chatafl,1,l_per,6.8
1772335270,kamailio,chatafl,1,l_abs,16220
1772335270,kamailio,chatafl,1,b_per,1.7
1772335270,kamailio,chatafl,1,b_abs,9459
1772335274,kamailio,chatafl,1,l_per,6.8
1772335274,kamailio,chatafl,1,l_abs,16220
1772335274,kamailio,chatafl,1,b_per,1.7
1772335274,kamailio,chatafl,1,b_abs,9459
1772335277,kamailio,chatafl,1,l_per,6.8
1772335277,kamailio,chatafl,1,l_abs,16220
1772335277,kamailio,chatafl,1,b_per,1.7
1772335277,kamailio,chatafl,1,b_abs,9459
1772335286,kamailio,chatafl,1,l_per,6.8
1772335286,kamailio,chatafl,1,l_abs,16220
1772335286,kamailio,chatafl,1,b_per,1.7
1772335286,kamailio,chatafl,1,b_abs,9459
1772335288,kamailio,chatafl,1,l_per,6.8
1772335288,kamailio,chatafl,1,l_abs,16220
1772335288,kamailio,chatafl,1,b_per,1.7
1772335288,kamailio,chatafl,1,b_abs,9459
1772335296,kamailio,chatafl,1,l_per,6.8
1772335296,kamailio,chatafl,1,l_abs,16220
1772335296,kamailio,chatafl,1,b_per,1.7
1772335296,kamailio,chatafl,1,b_abs,9460
1772335300,kamailio,chatafl,1,l_per,6.8
1772335300,kamailio,chatafl,1,l_abs,16220
1772335300,kamailio,chatafl,1,b_per,1.7
1772335300,kamailio,chatafl,1,b_abs,9460
1772335304,kamailio,chatafl,1,l_per,6.8
1772335304,kamailio,chatafl,1,l_abs,16220
1772335304,kamailio,chatafl,1,b_per,1.7
1772335304,kamailio,chatafl,1,b_abs,9460
1772335308,kamailio,chatafl,1,l_per,6.8
1772335308,kamailio,chatafl,1,l_abs,16220
1772335308,kamailio,chatafl,1,b_per,1.7
1772335308,kamailio,chatafl,1,b_abs,9460
1772335311,kamailio,chatafl,1,l_per,6.8
1772335311,kamailio,chatafl,1,l_abs,16225
1772335311,kamailio,chatafl,1,b_per,1.7
1772335311,kamailio,chatafl,1,b_abs,9467
1772335321,kamailio,chatafl,1,l_per,6.8
1772335321,kamailio,chatafl,1,l_abs,16225
1772335321,kamailio,chatafl,1,b_per,1.7
1772335321,kamailio,chatafl,1,b_abs,9467
1772335323,kamailio,chatafl,1,l_per,6.8
1772335323,kamailio,chatafl,1,l_abs,16228
1772335323,kamailio,chatafl,1,b_per,1.7
1772335323,kamailio,chatafl,1,b_abs,9468
1772335326,kamailio,chatafl,1,l_per,6.8
1772335326,kamailio,chatafl,1,l_abs,16231
1772335326,kamailio,chatafl,1,b_per,1.7
1772335326,kamailio,chatafl,1,b_abs,9469
1772335341,kamailio,chatafl,1,l_per,6.8
1772335341,kamailio,chatafl,1,l_abs,16231
1772335341,kamailio,chatafl,1,b_per,1.7
1772335341,kamailio,chatafl,1,b_abs,9469
1772335346,kamailio,chatafl,1,l_per,6.8
1772335346,kamailio,chatafl,1,l_abs,16231
1772335346,kamailio,chatafl,1,b_per,1.7
1772335346,kamailio,chatafl,1,b_abs,9469
1772335358,kamailio,chatafl,1,l_per,6.9
1772335358,kamailio,chatafl,1,l_abs,16234
1772335358,kamailio,chatafl,1,b_per,1.7
1772335358,kamailio,chatafl,1,b_abs,9478
1772335363,kamailio,chatafl,1,l_per,6.9
1772335363,kamailio,chatafl,1,l_abs,16236
1772335363,kamailio,chatafl,1,b_per,1.7
1772335363,kamailio,chatafl,1,b_abs,9479
1772335368,kamailio,chatafl,1,l_per,6.9
1772335368,kamailio,chatafl,1,l_abs,16236
1772335368,kamailio,chatafl,1,b_per,1.7
1772335368,kamailio,chatafl,1,b_abs,9479
1772335371,kamailio,chatafl,1,l_per,6.9
1772335371,kamailio,chatafl,1,l_abs,16236
1772335371,kamailio,chatafl,1,b_per,1.7
1772335371,kamailio,chatafl,1,b_abs,9479
1772335379,kamailio,chatafl,1,l_per,6.9
1772335379,kamailio,chatafl,1,l_abs,16236
1772335379,kamailio,chatafl,1,b_per,1.7
1772335379,kamailio,chatafl,1,b_abs,9479
1772335402,kamailio,chatafl,1,l_per,6.9
1772335402,kamailio,chatafl,1,l_abs,16236
1772335402,kamailio,chatafl,1,b_per,1.7
1772335402,kamailio,chatafl,1,b_abs,9481
1772335406,kamailio,chatafl,1,l_per,6.9
1772335406,kamailio,chatafl,1,l_abs,16242
1772335406,kamailio,chatafl,1,b_per,1.7
1772335406,kamailio,chatafl,1,b_abs,9483
1772335413,kamailio,chatafl,1,l_per,6.9
1772335413,kamailio,chatafl,1,l_abs,16242
1772335413,kamailio,chatafl,1,b_per,1.7
1772335413,kamailio,chatafl,1,b_abs,9483
1772335419,kamailio,chatafl,1,l_per,6.9
1772335419,kamailio,chatafl,1,l_abs,16242
1772335419,kamailio,chatafl,1,b_per,1.7
1772335419,kamailio,chatafl,1,b_abs,9483
1772335423,kamailio,chatafl,1,l_per,6.9
1772335423,kamailio,chatafl,1,l_abs,16242
1772335423,kamailio,chatafl,1,b_per,1.7
1772335423,kamailio,chatafl,1,b_abs,9483
1772335425,kamailio,chatafl,1,l_per,6.9
1772335425,kamailio,chatafl,1,l_abs,16242
1772335425,kamailio,chatafl,1,b_per,1.7
1772335425,kamailio,chatafl,1,b_abs,9483
1772335436,kamailio,chatafl,1,l_per,6.9
1772335436,kamailio,chatafl,1,l_abs,16242
1772335436,kamailio,chatafl,1,b_per,1.7
1772335436,kamailio,chatafl,1,b_abs,9483
1772335442,kamailio,chatafl,1,l_per,6.9
1772335442,kamailio,chatafl,1,l_abs,16242
1772335442,kamailio,chatafl,1,b_per,1.7
1772335442,kamailio,chatafl,1,b_abs,9483
1772335453,kamailio,chatafl,1,l_per,6.9
1772335453,kamailio,chatafl,1,l_abs,16242
1772335453,kamailio,chatafl,1,b_per,1.7
1772335453,kamailio,chatafl,1,b_abs,9485
1772335456,kamailio,chatafl,1,l_per,6.9
1772335456,kamailio,chatafl,1,l_abs,16251
1772335456,kamailio,chatafl,1,b_per,1.7
1772335456,kamailio,chatafl,1,b_abs,9497
1772335463,kamailio,chatafl,1,l_per,6.9
1772335463,kamailio,chatafl,1,l_abs,16256
1772335463,kamailio,chatafl,1,b_per,1.7
1772335463,kamailio,chatafl,1,b_abs,9499
1772335465,kamailio,chatafl,1,l_per,6.9
1772335465,kamailio,chatafl,1,l_abs,16256
1772335465,kamailio,chatafl,1,b_per,1.7
1772335465,kamailio,chatafl,1,b_abs,9499
1772335470,kamailio,chatafl,1,l_per,6.9
1772335470,kamailio,chatafl,1,l_abs,16256
1772335470,kamailio,chatafl,1,b_per,1.7
1772335470,kamailio,chatafl,1,b_abs,9500
1772335476,kamailio,chatafl,1,l_per,6.9
1772335476,kamailio,chatafl,1,l_abs,16256
1772335476,kamailio,chatafl,1,b_per,1.7
1772335476,kamailio,chatafl,1,b_abs,9500
1772335479,kamailio,chatafl,1,l_per,6.9
1772335479,kamailio,chatafl,1,l_abs,16256
1772335479,kamailio,chatafl,1,b_per,1.7
1772335479,kamailio,chatafl,1,b_abs,9500
1772335484,kamailio,chatafl,1,l_per,6.9
1772335484,kamailio,chatafl,1,l_abs,16256
1772335484,kamailio,chatafl,1,b_per,1.7
1772335484,kamailio,chatafl,1,b_abs,9500
1772335494,kamailio,chatafl,1,l_per,6.9
1772335494,kamailio,chatafl,1,l_abs,16256
1772335494,kamailio,chatafl,1,b_per,1.7
1772335494,kamailio,chatafl,1,b_abs,9500
1772335513,kamailio,chatafl,1,l_per,6.9
1772335513,kamailio,chatafl,1,l_abs,16259
1772335513,kamailio,chatafl,1,b_per,1.7
1772335513,kamailio,chatafl,1,b_abs,9501
1772335515,kamailio,chatafl,1,l_per,6.9
1772335515,kamailio,chatafl,1,l_abs,16259
1772335515,kamailio,chatafl,1,b_per,1.7
1772335515,kamailio,chatafl,1,b_abs,9501
1772335518,kamailio,chatafl,1,l_per,6.9
1772335518,kamailio,chatafl,1,l_abs,16259
1772335518,kamailio,chatafl,1,b_per,1.7
1772335518,kamailio,chatafl,1,b_abs,9503
1772335522,kamailio,chatafl,1,l_per,6.9
1772335522,kamailio,chatafl,1,l_abs,16259
1772335522,kamailio,chatafl,1,b_per,1.7
1772335522,kamailio,chatafl,1,b_abs,9503
1772335526,kamailio,chatafl,1,l_per,6.9
1772335526,kamailio,chatafl,1,l_abs,16259
1772335526,kamailio,chatafl,1,b_per,1.7
1772335526,kamailio,chatafl,1,b_abs,9503
1772335532,kamailio,chatafl,1,l_per,6.9
1772335532,kamailio,chatafl,1,l_abs,16259
1772335532,kamailio,chatafl,1,b_per,1.7
1772335532,kamailio,chatafl,1,b_abs,9503
1772335540,kamailio,chatafl,1,l_per,6.9
1772335540,kamailio,chatafl,1,l_abs,16259
1772335540,kamailio,chatafl,1,b_per,1.7
1772335540,kamailio,chatafl,1,b_abs,9503
1772335543,kamailio,chatafl,1,l_per,6.9
1772335543,kamailio,chatafl,1,l_abs,16259
1772335543,kamailio,chatafl,1,b_per,1.7
1772335543,kamailio,chatafl,1,b_abs,9503
1772335546,kamailio,chatafl,1,l_per,6.9
1772335546,kamailio,chatafl,1,l_abs,16259
1772335546,kamailio,chatafl,1,b_per,1.7
1772335546,kamailio,chatafl,1,b_abs,9503
1772335548,kamailio,chatafl,1,l_per,6.9
1772335548,kamailio,chatafl,1,l_abs,16259
1772335548,kamailio,chatafl,1,b_per,1.7
1772335548,kamailio,chatafl,1,b_abs,9503
1772335551,kamailio,chatafl,1,l_per,6.9
1772335551,kamailio,chatafl,1,l_abs,16260
1772335551,kamailio,chatafl,1,b_per,1.7
1772335551,kamailio,chatafl,1,b_abs,9504
1772335558,kamailio,chatafl,1,l_per,6.9
1772335558,kamailio,chatafl,1,l_abs,16266
1772335558,kamailio,chatafl,1,b_per,1.7
1772335558,kamailio,chatafl,1,b_abs,9505
1772335564,kamailio,chatafl,1,l_per,6.9
1772335564,kamailio,chatafl,1,l_abs,16266
1772335564,kamailio,chatafl,1,b_per,1.7
1772335564,kamailio,chatafl,1,b_abs,9505
1772335571,kamailio,chatafl,1,l_per,6.9
1772335571,kamailio,chatafl,1,l_abs,16266
1772335571,kamailio,chatafl,1,b_per,1.7
1772335571,kamailio,chatafl,1,b_abs,9505
1772335581,kamailio,chatafl,1,l_per,6.9
1772335581,kamailio,chatafl,1,l_abs,16266
1772335581,kamailio,chatafl,1,b_per,1.7
1772335581,kamailio,chatafl,1,b_abs,9505
1772335585,kamailio,chatafl,1,l_per,6.9
1772335585,kamailio,chatafl,1,l_abs,16266
1772335585,kamailio,chatafl,1,b_per,1.7
1772335585,kamailio,chatafl,1,b_abs,9505
1772335595,kamailio,chatafl,1,l_per,6.9
1772335595,kamailio,chatafl,1,l_abs,16266
1772335595,kamailio,chatafl,1,b_per,1.7
1772335595,kamailio,chatafl,1,b_abs,9505
1772335606,kamailio,chatafl,1,l_per,6.9
1772335606,kamailio,chatafl,1,l_abs,16266
1772335606,kamailio,chatafl,1,b_per,1.7
1772335606,kamailio,chatafl,1,b_abs,9505
1772335615,kamailio,chatafl,1,l_per,6.9
1772335615,kamailio,chatafl,1,l_abs,16266
1772335615,kamailio,chatafl,1,b_per,1.7
1772335615,kamailio,chatafl,1,b_abs,9505
1772335617,kamailio,chatafl,1,l_per,6.9
1772335617,kamailio,chatafl,1,l_abs,16266
1772335617,kamailio,chatafl,1,b_per,1.7
1772335617,kamailio,chatafl,1,b_abs,9505
1772335619,kamailio,chatafl,1,l_per,6.9
1772335619,kamailio,chatafl,1,l_abs,16266
1772335619,kamailio,chatafl,1,b_per,1.7
1772335619,kamailio,chatafl,1,b_abs,9505
1772335624,kamailio,chatafl,1,l_per,6.9
1772335624,kamailio,chatafl,1,l_abs,16269
1772335624,kamailio,chatafl,1,b_per,1.7
1772335624,kamailio,chatafl,1,b_abs,9509
1772335627,kamailio,chatafl,1,l_per,6.9
1772335627,kamailio,chatafl,1,l_abs,16269
1772335627,kamailio,chatafl,1,b_per,1.7
1772335627,kamailio,chatafl,1,b_abs,9509
1772335632,kamailio,chatafl,1,l_per,6.9
1772335632,kamailio,chatafl,1,l_abs,16271
1772335632,kamailio,chatafl,1,b_per,1.7
1772335632,kamailio,chatafl,1,b_abs,9518
1772335654,kamailio,chatafl,1,l_per,6.9
1772335654,kamailio,chatafl,1,l_abs,16271
1772335654,kamailio,chatafl,1,b_per,1.7
1772335654,kamailio,chatafl,1,b_abs,9518
1772335659,kamailio,chatafl,1,l_per,6.9
1772335659,kamailio,chatafl,1,l_abs,16271
1772335659,kamailio,chatafl,1,b_per,1.7
1772335659,kamailio,chatafl,1,b_abs,9518
1772335661,kamailio,chatafl,1,l_per,6.9
1772335661,kamailio,chatafl,1,l_abs,16271
1772335661,kamailio,chatafl,1,b_per,1.7
1772335661,kamailio,chatafl,1,b_abs,9518
1772335672,kamailio,chatafl,1,l_per,6.9
1772335672,kamailio,chatafl,1,l_abs,16271
1772335672,kamailio,chatafl,1,b_per,1.7
1772335672,kamailio,chatafl,1,b_abs,9518
1772335675,kamailio,chatafl,1,l_per,6.9
1772335675,kamailio,chatafl,1,l_abs,16271
1772335675,kamailio,chatafl,1,b_per,1.7
1772335675,kamailio,chatafl,1,b_abs,9518
1772335679,kamailio,chatafl,1,l_per,6.9
1772335679,kamailio,chatafl,1,l_abs,16271
1772335679,kamailio,chatafl,1,b_per,1.7
1772335679,kamailio,chatafl,1,b_abs,9519
1772335686,kamailio,chatafl,1,l_per,6.9
1772335686,kamailio,chatafl,1,l_abs,16273
1772335686,kamailio,chatafl,1,b_per,1.7
1772335686,kamailio,chatafl,1,b_abs,9520
1772335694,kamailio,chatafl,1,l_per,6.9
1772335694,kamailio,chatafl,1,l_abs,16273
1772335694,kamailio,chatafl,1,b_per,1.7
1772335694,kamailio,chatafl,1,b_abs,9520
1772335695,kamailio,chatafl,1,l_per,6.9
1772335695,kamailio,chatafl,1,l_abs,16273
1772335695,kamailio,chatafl,1,b_per,1.7
1772335695,kamailio,chatafl,1,b_abs,9522
1772335699,kamailio,chatafl,1,l_per,6.9
1772335699,kamailio,chatafl,1,l_abs,16273
1772335699,kamailio,chatafl,1,b_per,1.7
1772335699,kamailio,chatafl,1,b_abs,9524
1772335701,kamailio,chatafl,1,l_per,6.9
1772335701,kamailio,chatafl,1,l_abs,16276
1772335701,kamailio,chatafl,1,b_per,1.7
1772335701,kamailio,chatafl,1,b_abs,9526
1772335707,kamailio,chatafl,1,l_per,6.9
1772335707,kamailio,chatafl,1,l_abs,16276
1772335707,kamailio,chatafl,1,b_per,1.7
1772335707,kamailio,chatafl,1,b_abs,9526
1772335719,kamailio,chatafl,1,l_per,6.9
1772335719,kamailio,chatafl,1,l_abs,16276
1772335719,kamailio,chatafl,1,b_per,1.7
1772335719,kamailio,chatafl,1,b_abs,9526
1772335722,kamailio,chatafl,1,l_per,6.9
1772335722,kamailio,chatafl,1,l_abs,16276
1772335722,kamailio,chatafl,1,b_per,1.7
1772335722,kamailio,chatafl,1,b_abs,9526
1772335724,kamailio,chatafl,1,l_per,6.9
1772335724,kamailio,chatafl,1,l_abs,16276
1772335724,kamailio,chatafl,1,b_per,1.7
1772335724,kamailio,chatafl,1,b_abs,9526
1772335748,kamailio,chatafl,1,l_per,6.9
1772335748,kamailio,chatafl,1,l_abs,16276
1772335748,kamailio,chatafl,1,b_per,1.7
1772335748,kamailio,chatafl,1,b_abs,9526
1772335758,kamailio,chatafl,1,l_per,6.9
1772335758,kamailio,chatafl,1,l_abs,16277
1772335758,kamailio,chatafl,1,b_per,1.7
1772335758,kamailio,chatafl,1,b_abs,9527
1772335763,kamailio,chatafl,1,l_per,6.9
1772335763,kamailio,chatafl,1,l_abs,16282
1772335763,kamailio,chatafl,1,b_per,1.7
1772335763,kamailio,chatafl,1,b_abs,9528
1772335768,kamailio,chatafl,1,l_per,6.9
1772335768,kamailio,chatafl,1,l_abs,16282
1772335768,kamailio,chatafl,1,b_per,1.7
1772335768,kamailio,chatafl,1,b_abs,9528
1772335770,kamailio,chatafl,1,l_per,6.9
1772335770,kamailio,chatafl,1,l_abs,16282
1772335770,kamailio,chatafl,1,b_per,1.7
1772335770,kamailio,chatafl,1,b_abs,9528
1772335775,kamailio,chatafl,1,l_per,6.9
1772335775,kamailio,chatafl,1,l_abs,16282
1772335775,kamailio,chatafl,1,b_per,1.7
1772335775,kamailio,chatafl,1,b_abs,9528
1772335787,kamailio,chatafl,1,l_per,6.9
1772335787,kamailio,chatafl,1,l_abs,16282
1772335787,kamailio,chatafl,1,b_per,1.7
1772335787,kamailio,chatafl,1,b_abs,9528
1772335792,kamailio,chatafl,1,l_per,6.9
1772335792,kamailio,chatafl,1,l_abs,16282
1772335792,kamailio,chatafl,1,b_per,1.7
1772335792,kamailio,chatafl,1,b_abs,9528
1772335800,kamailio,chatafl,1,l_per,6.9
1772335800,kamailio,chatafl,1,l_abs,16282
1772335800,kamailio,chatafl,1,b_per,1.7
1772335800,kamailio,chatafl,1,b_abs,9528
1772335808,kamailio,chatafl,1,l_per,6.9
1772335808,kamailio,chatafl,1,l_abs,16282
1772335808,kamailio,chatafl,1,b_per,1.7
1772335808,kamailio,chatafl,1,b_abs,9528
1772335817,kamailio,chatafl,1,l_per,6.9
1772335817,kamailio,chatafl,1,l_abs,16282
1772335817,kamailio,chatafl,1,b_per,1.7
1772335817,kamailio,chatafl,1,b_abs,9528
1772335821,kamailio,chatafl,1,l_per,6.9
1772335821,kamailio,chatafl,1,l_abs,16282
1772335821,kamailio,chatafl,1,b_per,1.7
1772335821,kamailio,chatafl,1,b_abs,9529
1772335843,kamailio,chatafl,1,l_per,6.9
1772335843,kamailio,chatafl,1,l_abs,16282
1772335843,kamailio,chatafl,1,b_per,1.7
1772335843,kamailio,chatafl,1,b_abs,9529
1772335847,kamailio,chatafl,1,l_per,6.9
1772335847,kamailio,chatafl,1,l_abs,16282
1772335847,kamailio,chatafl,1,b_per,1.7
1772335847,kamailio,chatafl,1,b_abs,9529
1772335851,kamailio,chatafl,1,l_per,6.9
1772335851,kamailio,chatafl,1,l_abs,16282
1772335851,kamailio,chatafl,1,b_per,1.7
1772335851,kamailio,chatafl,1,b_abs,9529
1772335853,kamailio,chatafl,1,l_per,6.9
1772335853,kamailio,chatafl,1,l_abs,16293
1772335853,kamailio,chatafl,1,b_per,1.7
1772335853,kamailio,chatafl,1,b_abs,9534
1772335868,kamailio,chatafl,1,l_per,6.9
1772335868,kamailio,chatafl,1,l_abs,16293
1772335868,kamailio,chatafl,1,b_per,1.7
1772335868,kamailio,chatafl,1,b_abs,9534
1772335878,kamailio,chatafl,1,l_per,6.9
1772335878,kamailio,chatafl,1,l_abs,16293
1772335878,kamailio,chatafl,1,b_per,1.7
1772335878,kamailio,chatafl,1,b_abs,9534
1772335895,kamailio,chatafl,1,l_per,6.9
1772335895,kamailio,chatafl,1,l_abs,16293
1772335895,kamailio,chatafl,1,b_per,1.7
1772335895,kamailio,chatafl,1,b_abs,9534
1772335900,kamailio,chatafl,1,l_per,6.9
1772335900,kamailio,chatafl,1,l_abs,16293
1772335900,kamailio,chatafl,1,b_per,1.7
1772335900,kamailio,chatafl,1,b_abs,9534
1772335920,kamailio,chatafl,1,l_per,6.9
1772335920,kamailio,chatafl,1,l_abs,16293
1772335920,kamailio,chatafl,1,b_per,1.7
1772335920,kamailio,chatafl,1,b_abs,9534
1772335922,kamailio,chatafl,1,l_per,6.9
1772335922,kamailio,chatafl,1,l_abs,16293
1772335922,kamailio,chatafl,1,b_per,1.7
1772335922,kamailio,chatafl,1,b_abs,9534
1772335941,kamailio,chatafl,1,l_per,6.9
1772335941,kamailio,chatafl,1,l_abs,16293
1772335941,kamailio,chatafl,1,b_per,1.7
1772335941,kamailio,chatafl,1,b_abs,9534
1772335944,kamailio,chatafl,1,l_per,6.9
1772335944,kamailio,chatafl,1,l_abs,16299
1772335944,kamailio,chatafl,1,b_per,1.7
1772335944,kamailio,chatafl,1,b_abs,9536
1772335947,kamailio,chatafl,1,l_per,6.9
1772335947,kamailio,chatafl,1,l_abs,16304
1772335947,kamailio,chatafl,1,b_per,1.7
1772335947,kamailio,chatafl,1,b_abs,9543
1772335949,kamailio,chatafl,1,l_per,6.9
1772335949,kamailio,chatafl,1,l_abs,16304
1772335949,kamailio,chatafl,1,b_per,1.7
1772335949,kamailio,chatafl,1,b_abs,9544
1772335953,kamailio,chatafl,1,l_per,6.9
1772335953,kamailio,chatafl,1,l_abs,16304
1772335953,kamailio,chatafl,1,b_per,1.7
1772335953,kamailio,chatafl,1,b_abs,9545
1772335955,kamailio,chatafl,1,l_per,6.9
1772335955,kamailio,chatafl,1,l_abs,16304
1772335955,kamailio,chatafl,1,b_per,1.7
1772335955,kamailio,chatafl,1,b_abs,9545
1772335972,kamailio,chatafl,1,l_per,6.9
1772335972,kamailio,chatafl,1,l_abs,16308
1772335972,kamailio,chatafl,1,b_per,1.7
1772335972,kamailio,chatafl,1,b_abs,9547
1772335980,kamailio,chatafl,1,l_per,6.9
1772335980,kamailio,chatafl,1,l_abs,16308
1772335980,kamailio,chatafl,1,b_per,1.7
1772335980,kamailio,chatafl,1,b_abs,9547
1772335983,kamailio,chatafl,1,l_per,6.9
1772335983,kamailio,chatafl,1,l_abs,16308
1772335983,kamailio,chatafl,1,b_per,1.7
1772335983,kamailio,chatafl,1,b_abs,9547
1772335986,kamailio,chatafl,1,l_per,6.9
1772335986,kamailio,chatafl,1,l_abs,16308
1772335986,kamailio,chatafl,1,b_per,1.7
1772335986,kamailio,chatafl,1,b_abs,9547
1772335989,kamailio,chatafl,1,l_per,6.9
1772335989,kamailio,chatafl,1,l_abs,16353
1772335989,kamailio,chatafl,1,b_per,1.7
1772335989,kamailio,chatafl,1,b_abs,9580
1772335991,kamailio,chatafl,1,l_per,6.9
1772335991,kamailio,chatafl,1,l_abs,16353
1772335991,kamailio,chatafl,1,b_per,1.7
1772335991,kamailio,chatafl,1,b_abs,9580
1772335996,kamailio,chatafl,1,l_per,6.9
1772335996,kamailio,chatafl,1,l_abs,16353
1772335996,kamailio,chatafl,1,b_per,1.7
1772335996,kamailio,chatafl,1,b_abs,9580
1772336005,kamailio,chatafl,1,l_per,6.9
1772336005,kamailio,chatafl,1,l_abs,16353
1772336005,kamailio,chatafl,1,b_per,1.7
1772336005,kamailio,chatafl,1,b_abs,9580
1772336007,kamailio,chatafl,1,l_per,6.9
1772336007,kamailio,chatafl,1,l_abs,16353
1772336007,kamailio,chatafl,1,b_per,1.7
1772336007,kamailio,chatafl,1,b_abs,9580
1772336010,kamailio,chatafl,1,l_per,6.9
1772336010,kamailio,chatafl,1,l_abs,16353
1772336010,kamailio,chatafl,1,b_per,1.7
1772336010,kamailio,chatafl,1,b_abs,9580
1772336012,kamailio,chatafl,1,l_per,6.9
1772336012,kamailio,chatafl,1,l_abs,16353
1772336012,kamailio,chatafl,1,b_per,1.7
1772336012,kamailio,chatafl,1,b_abs,9580
1772336015,kamailio,chatafl,1,l_per,6.9
1772336015,kamailio,chatafl,1,l_abs,16353
1772336015,kamailio,chatafl,1,b_per,1.7
1772336015,kamailio,chatafl,1,b_abs,9580
1772336019,kamailio,chatafl,1,l_per,6.9
1772336019,kamailio,chatafl,1,l_abs,16353
1772336019,kamailio,chatafl,1,b_per,1.7
1772336019,kamailio,chatafl,1,b_abs,9580
1772336023,kamailio,chatafl,1,l_per,6.9
1772336023,kamailio,chatafl,1,l_abs,16353
1772336023,kamailio,chatafl,1,b_per,1.7
1772336023,kamailio,chatafl,1,b_abs,9580
1772336028,kamailio,chatafl,1,l_per,6.9
1772336028,kamailio,chatafl,1,l_abs,16354
1772336028,kamailio,chatafl,1,b_per,1.7
1772336028,kamailio,chatafl,1,b_abs,9581
1772336033,kamailio,chatafl,1,l_per,6.9
1772336033,kamailio,chatafl,1,l_abs,16354
1772336033,kamailio,chatafl,1,b_per,1.7
1772336033,kamailio,chatafl,1,b_abs,9581
1772336047,kamailio,chatafl,1,l_per,6.9
1772336047,kamailio,chatafl,1,l_abs,16354
1772336047,kamailio,chatafl,1,b_per,1.7
1772336047,kamailio,chatafl,1,b_abs,9581
1772336054,kamailio,chatafl,1,l_per,6.9
1772336054,kamailio,chatafl,1,l_abs,16354
1772336054,kamailio,chatafl,1,b_per,1.7
1772336054,kamailio,chatafl,1,b_abs,9581
1772336067,kamailio,chatafl,1,l_per,6.9
1772336067,kamailio,chatafl,1,l_abs,16354
1772336067,kamailio,chatafl,1,b_per,1.7
1772336067,kamailio,chatafl,1,b_abs,9581
1772336069,kamailio,chatafl,1,l_per,6.9
1772336069,kamailio,chatafl,1,l_abs,16354
1772336069,kamailio,chatafl,1,b_per,1.7
1772336069,kamailio,chatafl,1,b_abs,9581
1772336073,kamailio,chatafl,1,l_per,6.9
1772336073,kamailio,chatafl,1,l_abs,16354
1772336073,kamailio,chatafl,1,b_per,1.7
1772336073,kamailio,chatafl,1,b_abs,9581
1772336079,kamailio,chatafl,1,l_per,6.9
1772336079,kamailio,chatafl,1,l_abs,16354
1772336079,kamailio,chatafl,1,b_per,1.7
1772336079,kamailio,chatafl,1,b_abs,9581
1772336086,kamailio,chatafl,1,l_per,6.9
1772336086,kamailio,chatafl,1,l_abs,16354
1772336086,kamailio,chatafl,1,b_per,1.7
1772336086,kamailio,chatafl,1,b_abs,9581
1772336094,kamailio,chatafl,1,l_per,6.9
1772336094,kamailio,chatafl,1,l_abs,16354
1772336094,kamailio,chatafl,1,b_per,1.7
1772336094,kamailio,chatafl,1,b_abs,9581
1772336104,kamailio,chatafl,1,l_per,6.9
1772336104,kamailio,chatafl,1,l_abs,16362
1772336104,kamailio,chatafl,1,b_per,1.7
1772336104,kamailio,chatafl,1,b_abs,9587
1772336115,kamailio,chatafl,1,l_per,6.9
1772336115,kamailio,chatafl,1,l_abs,16362
1772336115,kamailio,chatafl,1,b_per,1.7
1772336115,kamailio,chatafl,1,b_abs,9587
1772336117,kamailio,chatafl,1,l_per,6.9
1772336117,kamailio,chatafl,1,l_abs,16362
1772336117,kamailio,chatafl,1,b_per,1.7
1772336117,kamailio,chatafl,1,b_abs,9587
1772336122,kamailio,chatafl,1,l_per,6.9
1772336122,kamailio,chatafl,1,l_abs,16364
1772336122,kamailio,chatafl,1,b_per,1.7
1772336122,kamailio,chatafl,1,b_abs,9588
1772336124,kamailio,chatafl,1,l_per,6.9
1772336124,kamailio,chatafl,1,l_abs,16364
1772336124,kamailio,chatafl,1,b_per,1.7
1772336124,kamailio,chatafl,1,b_abs,9588
1772336126,kamailio,chatafl,1,l_per,6.9
1772336126,kamailio,chatafl,1,l_abs,16364
1772336126,kamailio,chatafl,1,b_per,1.7
1772336126,kamailio,chatafl,1,b_abs,9588
1772336128,kamailio,chatafl,1,l_per,6.9
1772336128,kamailio,chatafl,1,l_abs,16364
1772336128,kamailio,chatafl,1,b_per,1.7
1772336128,kamailio,chatafl,1,b_abs,9588
1772336135,kamailio,chatafl,1,l_per,6.9
1772336135,kamailio,chatafl,1,l_abs,16364
1772336135,kamailio,chatafl,1,b_per,1.7
1772336135,kamailio,chatafl,1,b_abs,9588
1772336151,kamailio,chatafl,1,l_per,6.9
1772336151,kamailio,chatafl,1,l_abs,16364
1772336151,kamailio,chatafl,1,b_per,1.7
1772336151,kamailio,chatafl,1,b_abs,9588
1772336156,kamailio,chatafl,1,l_per,6.9
1772336156,kamailio,chatafl,1,l_abs,16364
1772336156,kamailio,chatafl,1,b_per,1.7
1772336156,kamailio,chatafl,1,b_abs,9589
1772336158,kamailio,chatafl,1,l_per,6.9
1772336158,kamailio,chatafl,1,l_abs,16364
1772336158,kamailio,chatafl,1,b_per,1.7
1772336158,kamailio,chatafl,1,b_abs,9589
1772336165,kamailio,chatafl,1,l_per,6.9
1772336165,kamailio,chatafl,1,l_abs,16364
1772336165,kamailio,chatafl,1,b_per,1.7
1772336165,kamailio,chatafl,1,b_abs,9589
1772336181,kamailio,chatafl,1,l_per,6.9
1772336181,kamailio,chatafl,1,l_abs,16369
1772336181,kamailio,chatafl,1,b_per,1.7
1772336181,kamailio,chatafl,1,b_abs,9594
1772336191,kamailio,chatafl,1,l_per,6.9
1772336191,kamailio,chatafl,1,l_abs,16373
1772336191,kamailio,chatafl,1,b_per,1.7
1772336191,kamailio,chatafl,1,b_abs,9596
1772336193,kamailio,chatafl,1,l_per,6.9
1772336193,kamailio,chatafl,1,l_abs,16373
1772336193,kamailio,chatafl,1,b_per,1.7
1772336193,kamailio,chatafl,1,b_abs,9596
1772336196,kamailio,chatafl,1,l_per,6.9
1772336196,kamailio,chatafl,1,l_abs,16373
1772336196,kamailio,chatafl,1,b_per,1.7
1772336196,kamailio,chatafl,1,b_abs,9596
1772336201,kamailio,chatafl,1,l_per,6.9
1772336201,kamailio,chatafl,1,l_abs,16373
1772336201,kamailio,chatafl,1,b_per,1.7
1772336201,kamailio,chatafl,1,b_abs,9596
1772336204,kamailio,chatafl,1,l_per,6.9
1772336204,kamailio,chatafl,1,l_abs,16373
1772336204,kamailio,chatafl,1,b_per,1.7
1772336204,kamailio,chatafl,1,b_abs,9596
1772336209,kamailio,chatafl,1,l_per,6.9
1772336209,kamailio,chatafl,1,l_abs,16373
1772336209,kamailio,chatafl,1,b_per,1.7
1772336209,kamailio,chatafl,1,b_abs,9596
1772336211,kamailio,chatafl,1,l_per,6.9
1772336211,kamailio,chatafl,1,l_abs,16373
1772336211,kamailio,chatafl,1,b_per,1.7
1772336211,kamailio,chatafl,1,b_abs,9596
1772336219,kamailio,chatafl,1,l_per,6.9
1772336219,kamailio,chatafl,1,l_abs,16373
1772336219,kamailio,chatafl,1,b_per,1.7
1772336219,kamailio,chatafl,1,b_abs,9596
1772336230,kamailio,chatafl,1,l_per,6.9
1772336230,kamailio,chatafl,1,l_abs,16373
1772336230,kamailio,chatafl,1,b_per,1.7
1772336230,kamailio,chatafl,1,b_abs,9596
1772336233,kamailio,chatafl,1,l_per,6.9
1772336233,kamailio,chatafl,1,l_abs,16373
1772336233,kamailio,chatafl,1,b_per,1.7
1772336233,kamailio,chatafl,1,b_abs,9596
1772336235,kamailio,chatafl,1,l_per,6.9
1772336235,kamailio,chatafl,1,l_abs,16373
1772336235,kamailio,chatafl,1,b_per,1.7
1772336235,kamailio,chatafl,1,b_abs,9596
1772336247,kamailio,chatafl,1,l_per,6.9
1772336247,kamailio,chatafl,1,l_abs,16373
1772336247,kamailio,chatafl,1,b_per,1.7
1772336247,kamailio,chatafl,1,b_abs,9596
1772336254,kamailio,chatafl,1,l_per,6.9
1772336254,kamailio,chatafl,1,l_abs,16373
1772336254,kamailio,chatafl,1,b_per,1.7
1772336254,kamailio,chatafl,1,b_abs,9597
1772336257,kamailio,chatafl,1,l_per,6.9
1772336257,kamailio,chatafl,1,l_abs,16373
1772336257,kamailio,chatafl,1,b_per,1.7
1772336257,kamailio,chatafl,1,b_abs,9597
1772336267,kamailio,chatafl,1,l_per,6.9
1772336267,kamailio,chatafl,1,l_abs,16373
1772336267,kamailio,chatafl,1,b_per,1.7
1772336267,kamailio,chatafl,1,b_abs,9598
1772336271,kamailio,chatafl,1,l_per,6.9
1772336271,kamailio,chatafl,1,l_abs,16373
1772336271,kamailio,chatafl,1,b_per,1.7
1772336271,kamailio,chatafl,1,b_abs,9598
1772336276,kamailio,chatafl,1,l_per,6.9
1772336276,kamailio,chatafl,1,l_abs,16373
1772336276,kamailio,chatafl,1,b_per,1.7
1772336276,kamailio,chatafl,1,b_abs,9598
1772336279,kamailio,chatafl,1,l_per,6.9
1772336279,kamailio,chatafl,1,l_abs,16373
1772336279,kamailio,chatafl,1,b_per,1.7
1772336279,kamailio,chatafl,1,b_abs,9598
1772336284,kamailio,chatafl,1,l_per,6.9
1772336284,kamailio,chatafl,1,l_abs,16373
1772336284,kamailio,chatafl,1,b_per,1.7
1772336284,kamailio,chatafl,1,b_abs,9598
1772336289,kamailio,chatafl,1,l_per,6.9
1772336289,kamailio,chatafl,1,l_abs,16373
1772336289,kamailio,chatafl,1,b_per,1.7
1772336289,kamailio,chatafl,1,b_abs,9598
1772336294,kamailio,chatafl,1,l_per,6.9
1772336294,kamailio,chatafl,1,l_abs,16373
1772336294,kamailio,chatafl,1,b_per,1.7
1772336294,kamailio,chatafl,1,b_abs,9598
1772336302,kamailio,chatafl,1,l_per,6.9
1772336302,kamailio,chatafl,1,l_abs,16373
1772336302,kamailio,chatafl,1,b_per,1.7
1772336302,kamailio,chatafl,1,b_abs,9598
1772336307,kamailio,chatafl,1,l_per,6.9
1772336307,kamailio,chatafl,1,l_abs,16373
1772336307,kamailio,chatafl,1,b_per,1.7
1772336307,kamailio,chatafl,1,b_abs,9598
1772336308,kamailio,chatafl,1,l_per,6.9
1772336308,kamailio,chatafl,1,l_abs,16373
1772336308,kamailio,chatafl,1,b_per,1.7
1772336308,kamailio,chatafl,1,b_abs,9598
1772336314,kamailio,chatafl,1,l_per,6.9
1772336314,kamailio,chatafl,1,l_abs,16373
1772336314,kamailio,chatafl,1,b_per,1.7
1772336314,kamailio,chatafl,1,b_abs,9598
1772336316,kamailio,chatafl,1,l_per,6.9
1772336316,kamailio,chatafl,1,l_abs,16373
1772336316,kamailio,chatafl,1,b_per,1.7
1772336316,kamailio,chatafl,1,b_abs,9598
1772336319,kamailio,chatafl,1,l_per,6.9
1772336319,kamailio,chatafl,1,l_abs,16373
1772336319,kamailio,chatafl,1,b_per,1.7
1772336319,kamailio,chatafl,1,b_abs,9598
1772336325,kamailio,chatafl,1,l_per,6.9
1772336325,kamailio,chatafl,1,l_abs,16373
1772336325,kamailio,chatafl,1,b_per,1.7
1772336325,kamailio,chatafl,1,b_abs,9598
1772336328,kamailio,chatafl,1,l_per,6.9
1772336328,kamailio,chatafl,1,l_abs,16373
1772336328,kamailio,chatafl,1,b_per,1.7
1772336328,kamailio,chatafl,1,b_abs,9598
1772336334,kamailio,chatafl,1,l_per,6.9
1772336334,kamailio,chatafl,1,l_abs,16373
1772336334,kamailio,chatafl,1,b_per,1.7
1772336334,kamailio,chatafl,1,b_abs,9598
1772336341,kamailio,chatafl,1,l_per,6.9
1772336341,kamailio,chatafl,1,l_abs,16373
1772336341,kamailio,chatafl,1,b_per,1.7
1772336341,kamailio,chatafl,1,b_abs,9598
1772336349,kamailio,chatafl,1,l_per,6.9
1772336349,kamailio,chatafl,1,l_abs,16373
1772336349,kamailio,chatafl,1,b_per,1.7
1772336349,kamailio,chatafl,1,b_abs,9598
1772336363,kamailio,chatafl,1,l_per,6.9
1772336363,kamailio,chatafl,1,l_abs,16373
1772336363,kamailio,chatafl,1,b_per,1.7
1772336363,kamailio,chatafl,1,b_abs,9598
1772336365,kamailio,chatafl,1,l_per,6.9
1772336365,kamailio,chatafl,1,l_abs,16373
1772336365,kamailio,chatafl,1,b_per,1.7
1772336365,kamailio,chatafl,1,b_abs,9598
1772336368,kamailio,chatafl,1,l_per,6.9
1772336368,kamailio,chatafl,1,l_abs,16373
1772336368,kamailio,chatafl,1,b_per,1.7
1772336368,kamailio,chatafl,1,b_abs,9598
1772336375,kamailio,chatafl,1,l_per,6.9
1772336375,kamailio,chatafl,1,l_abs,16373
1772336375,kamailio,chatafl,1,b_per,1.7
1772336375,kamailio,chatafl,1,b_abs,9598
1772336379,kamailio,chatafl,1,l_per,6.9
1772336379,kamailio,chatafl,1,l_abs,16373
1772336379,kamailio,chatafl,1,b_per,1.7
1772336379,kamailio,chatafl,1,b_abs,9598
1772336389,kamailio,chatafl,1,l_per,6.9
1772336389,kamailio,chatafl,1,l_abs,16373
1772336389,kamailio,chatafl,1,b_per,1.7
1772336389,kamailio,chatafl,1,b_abs,9598
1772336414,kamailio,chatafl,1,l_per,6.9
1772336414,kamailio,chatafl,1,l_abs,16373
1772336414,kamailio,chatafl,1,b_per,1.7
1772336414,kamailio,chatafl,1,b_abs,9598
1772336418,kamailio,chatafl,1,l_per,6.9
1772336418,kamailio,chatafl,1,l_abs,16373
1772336418,kamailio,chatafl,1,b_per,1.7
1772336418,kamailio,chatafl,1,b_abs,9598
1772336420,kamailio,chatafl,1,l_per,6.9
1772336420,kamailio,chatafl,1,l_abs,16373
1772336420,kamailio,chatafl,1,b_per,1.7
1772336420,kamailio,chatafl,1,b_abs,9598
1772336423,kamailio,chatafl,1,l_per,6.9
1772336423,kamailio,chatafl,1,l_abs,16373
1772336423,kamailio,chatafl,1,b_per,1.7
1772336423,kamailio,chatafl,1,b_abs,9599
1772336426,kamailio,chatafl,1,l_per,6.9
1772336426,kamailio,chatafl,1,l_abs,16373
1772336426,kamailio,chatafl,1,b_per,1.7
1772336426,kamailio,chatafl,1,b_abs,9599
1772336432,kamailio,chatafl,1,l_per,6.9
1772336432,kamailio,chatafl,1,l_abs,16373
1772336432,kamailio,chatafl,1,b_per,1.7
1772336432,kamailio,chatafl,1,b_abs,9599
1772336437,kamailio,chatafl,1,l_per,6.9
1772336437,kamailio,chatafl,1,l_abs,16373
1772336437,kamailio,chatafl,1,b_per,1.7
1772336437,kamailio,chatafl,1,b_abs,9599
1772336441,kamailio,chatafl,1,l_per,6.9
1772336441,kamailio,chatafl,1,l_abs,16373
1772336441,kamailio,chatafl,1,b_per,1.7
1772336441,kamailio,chatafl,1,b_abs,9599
1772336447,kamailio,chatafl,1,l_per,6.9
1772336447,kamailio,chatafl,1,l_abs,16373
1772336447,kamailio,chatafl,1,b_per,1.7
1772336447,kamailio,chatafl,1,b_abs,9599
1772336453,kamailio,chatafl,1,l_per,6.9
1772336453,kamailio,chatafl,1,l_abs,16373
1772336453,kamailio,chatafl,1,b_per,1.7
1772336453,kamailio,chatafl,1,b_abs,9599
1772336460,kamailio,chatafl,1,l_per,6.9
1772336460,kamailio,chatafl,1,l_abs,16373
1772336460,kamailio,chatafl,1,b_per,1.7
1772336460,kamailio,chatafl,1,b_abs,9599
1772336463,kamailio,chatafl,1,l_per,6.9
1772336463,kamailio,chatafl,1,l_abs,16373
1772336463,kamailio,chatafl,1,b_per,1.7
1772336463,kamailio,chatafl,1,b_abs,9599
1772336470,kamailio,chatafl,1,l_per,6.9
1772336470,kamailio,chatafl,1,l_abs,16373
1772336470,kamailio,chatafl,1,b_per,1.7
1772336470,kamailio,chatafl,1,b_abs,9599
1772336474,kamailio,chatafl,1,l_per,6.9
1772336474,kamailio,chatafl,1,l_abs,16373
1772336474,kamailio,chatafl,1,b_per,1.7
1772336474,kamailio,chatafl,1,b_abs,9599
1772336476,kamailio,chatafl,1,l_per,6.9
1772336476,kamailio,chatafl,1,l_abs,16377
1772336476,kamailio,chatafl,1,b_per,1.7
1772336476,kamailio,chatafl,1,b_abs,9600
1772336483,kamailio,chatafl,1,l_per,6.9
1772336483,kamailio,chatafl,1,l_abs,16377
1772336483,kamailio,chatafl,1,b_per,1.7
1772336483,kamailio,chatafl,1,b_abs,9600
1772336489,kamailio,chatafl,1,l_per,6.9
1772336489,kamailio,chatafl,1,l_abs,16377
1772336489,kamailio,chatafl,1,b_per,1.7
1772336489,kamailio,chatafl,1,b_abs,9600
1772336492,kamailio,chatafl,1,l_per,6.9
1772336492,kamailio,chatafl,1,l_abs,16377
1772336492,kamailio,chatafl,1,b_per,1.7
1772336492,kamailio,chatafl,1,b_abs,9600
1772336509,kamailio,chatafl,1,l_per,6.9
1772336509,kamailio,chatafl,1,l_abs,16377
1772336509,kamailio,chatafl,1,b_per,1.7
1772336509,kamailio,chatafl,1,b_abs,9601
1772336514,kamailio,chatafl,1,l_per,6.9
1772336514,kamailio,chatafl,1,l_abs,16377
1772336514,kamailio,chatafl,1,b_per,1.7
1772336514,kamailio,chatafl,1,b_abs,9601
1772336519,kamailio,chatafl,1,l_per,6.9
1772336519,kamailio,chatafl,1,l_abs,16385
1772336519,kamailio,chatafl,1,b_per,1.7
1772336519,kamailio,chatafl,1,b_abs,9624
1772336522,kamailio,chatafl,1,l_per,6.9
1772336522,kamailio,chatafl,1,l_abs,16394
1772336522,kamailio,chatafl,1,b_per,1.7
1772336522,kamailio,chatafl,1,b_abs,9629
1772336527,kamailio,chatafl,1,l_per,6.9
1772336527,kamailio,chatafl,1,l_abs,16394
1772336527,kamailio,chatafl,1,b_per,1.7
1772336527,kamailio,chatafl,1,b_abs,9629
1772336534,kamailio,chatafl,1,l_per,6.9
1772336534,kamailio,chatafl,1,l_abs,16394
1772336534,kamailio,chatafl,1,b_per,1.7
1772336534,kamailio,chatafl,1,b_abs,9629
1772336536,kamailio,chatafl,1,l_per,6.9
1772336536,kamailio,chatafl,1,l_abs,16394
1772336536,kamailio,chatafl,1,b_per,1.7
1772336536,kamailio,chatafl,1,b_abs,9629
1772336549,kamailio,chatafl,1,l_per,6.9
1772336549,kamailio,chatafl,1,l_abs,16394
1772336549,kamailio,chatafl,1,b_per,1.7
1772336549,kamailio,chatafl,1,b_abs,9629
1772336552,kamailio,chatafl,1,l_per,6.9
1772336552,kamailio,chatafl,1,l_abs,16394
1772336552,kamailio,chatafl,1,b_per,1.7
1772336552,kamailio,chatafl,1,b_abs,9629
1772336555,kamailio,chatafl,1,l_per,6.9
1772336555,kamailio,chatafl,1,l_abs,16394
1772336555,kamailio,chatafl,1,b_per,1.7
1772336555,kamailio,chatafl,1,b_abs,9629
1772331391,kamailio,chatafl_opt,1,l_per,4.3
1772331391,kamailio,chatafl_opt,1,l_abs,10087
1772331391,kamailio,chatafl_opt,1,b_per,0.8
1772331391,kamailio,chatafl_opt,1,b_abs,4738
1772331392,kamailio,chatafl_opt,1,l_per,4.3
1772331392,kamailio,chatafl_opt,1,l_abs,10106
1772331392,kamailio,chatafl_opt,1,b_per,0.8
1772331392,kamailio,chatafl_opt,1,b_abs,4772
1772331393,kamailio,chatafl_opt,1,l_per,4.3
1772331393,kamailio,chatafl_opt,1,l_abs,10107
1772331393,kamailio,chatafl_opt,1,b_per,0.8
1772331393,kamailio,chatafl_opt,1,b_abs,4783
1772331395,kamailio,chatafl_opt,1,l_per,4.3
1772331395,kamailio,chatafl_opt,1,l_abs,10107
1772331395,kamailio,chatafl_opt,1,b_per,0.8
1772331395,kamailio,chatafl_opt,1,b_abs,4783
1772331396,kamailio,chatafl_opt,1,l_per,4.3
1772331396,kamailio,chatafl_opt,1,l_abs,10107
1772331396,kamailio,chatafl_opt,1,b_per,0.8
1772331396,kamailio,chatafl_opt,1,b_abs,4787
1772331397,kamailio,chatafl_opt,1,l_per,4.3
1772331397,kamailio,chatafl_opt,1,l_abs,10107
1772331397,kamailio,chatafl_opt,1,b_per,0.8
1772331397,kamailio,chatafl_opt,1,b_abs,4794
1772331404,kamailio,chatafl_opt,1,l_per,4.3
1772331404,kamailio,chatafl_opt,1,l_abs,10107
1772331404,kamailio,chatafl_opt,1,b_per,0.8
1772331404,kamailio,chatafl_opt,1,b_abs,4794
1772331406,kamailio,chatafl_opt,1,l_per,4.3
1772331406,kamailio,chatafl_opt,1,l_abs,10107
1772331406,kamailio,chatafl_opt,1,b_per,0.8
1772331406,kamailio,chatafl_opt,1,b_abs,4797
1772331407,kamailio,chatafl_opt,1,l_per,4.3
1772331407,kamailio,chatafl_opt,1,l_abs,10107
1772331407,kamailio,chatafl_opt,1,b_per,0.8
1772331407,kamailio,chatafl_opt,1,b_abs,4800
1772331408,kamailio,chatafl_opt,1,l_per,4.3
1772331408,kamailio,chatafl_opt,1,l_abs,10107
1772331408,kamailio,chatafl_opt,1,b_per,0.8
1772331408,kamailio,chatafl_opt,1,b_abs,4800
1772331410,kamailio,chatafl_opt,1,l_per,4.3
1772331410,kamailio,chatafl_opt,1,l_abs,10107
1772331410,kamailio,chatafl_opt,1,b_per,0.8
1772331410,kamailio,chatafl_opt,1,b_abs,4800
1772331417,kamailio,chatafl_opt,1,l_per,4.3
1772331417,kamailio,chatafl_opt,1,l_abs,10107
1772331417,kamailio,chatafl_opt,1,b_per,0.8
1772331417,kamailio,chatafl_opt,1,b_abs,4800
1772331418,kamailio,chatafl_opt,1,l_per,4.3
1772331418,kamailio,chatafl_opt,1,l_abs,10107
1772331418,kamailio,chatafl_opt,1,b_per,0.8
1772331418,kamailio,chatafl_opt,1,b_abs,4800
1772331420,kamailio,chatafl_opt,1,l_per,4.3
1772331420,kamailio,chatafl_opt,1,l_abs,10107
1772331420,kamailio,chatafl_opt,1,b_per,0.8
1772331420,kamailio,chatafl_opt,1,b_abs,4800
1772331421,kamailio,chatafl_opt,1,l_per,4.3
1772331421,kamailio,chatafl_opt,1,l_abs,10107
1772331421,kamailio,chatafl_opt,1,b_per,0.8
1772331421,kamailio,chatafl_opt,1,b_abs,4800
1772331422,kamailio,chatafl_opt,1,l_per,4.3
1772331422,kamailio,chatafl_opt,1,l_abs,10107
1772331422,kamailio,chatafl_opt,1,b_per,0.8
1772331422,kamailio,chatafl_opt,1,b_abs,4800
1772331424,kamailio,chatafl_opt,1,l_per,4.3
1772331424,kamailio,chatafl_opt,1,l_abs,10107
1772331424,kamailio,chatafl_opt,1,b_per,0.8
1772331424,kamailio,chatafl_opt,1,b_abs,4800
1772331425,kamailio,chatafl_opt,1,l_per,4.3
1772331425,kamailio,chatafl_opt,1,l_abs,10109
1772331425,kamailio,chatafl_opt,1,b_per,0.8
1772331425,kamailio,chatafl_opt,1,b_abs,4801
1772331426,kamailio,chatafl_opt,1,l_per,4.3
1772331426,kamailio,chatafl_opt,1,l_abs,10109
1772331426,kamailio,chatafl_opt,1,b_per,0.8
1772331426,kamailio,chatafl_opt,1,b_abs,4801
1772331428,kamailio,chatafl_opt,1,l_per,4.3
1772331428,kamailio,chatafl_opt,1,l_abs,10109
1772331428,kamailio,chatafl_opt,1,b_per,0.8
1772331428,kamailio,chatafl_opt,1,b_abs,4801
1772331429,kamailio,chatafl_opt,1,l_per,4.3
1772331429,kamailio,chatafl_opt,1,l_abs,10109
1772331429,kamailio,chatafl_opt,1,b_per,0.8
1772331429,kamailio,chatafl_opt,1,b_abs,4801
1772331431,kamailio,chatafl_opt,1,l_per,4.3
1772331431,kamailio,chatafl_opt,1,l_abs,10109
1772331431,kamailio,chatafl_opt,1,b_per,0.8
1772331431,kamailio,chatafl_opt,1,b_abs,4801
1772331432,kamailio,chatafl_opt,1,l_per,4.3
1772331432,kamailio,chatafl_opt,1,l_abs,10109
1772331432,kamailio,chatafl_opt,1,b_per,0.8
1772331432,kamailio,chatafl_opt,1,b_abs,4801
1772331433,kamailio,chatafl_opt,1,l_per,4.3
1772331433,kamailio,chatafl_opt,1,l_abs,10109
1772331433,kamailio,chatafl_opt,1,b_per,0.8
1772331433,kamailio,chatafl_opt,1,b_abs,4801
1772331435,kamailio,chatafl_opt,1,l_per,4.3
1772331435,kamailio,chatafl_opt,1,l_abs,10109
1772331435,kamailio,chatafl_opt,1,b_per,0.8
1772331435,kamailio,chatafl_opt,1,b_abs,4801
1772331436,kamailio,chatafl_opt,1,l_per,4.3
1772331436,kamailio,chatafl_opt,1,l_abs,10109
1772331436,kamailio,chatafl_opt,1,b_per,0.8
1772331436,kamailio,chatafl_opt,1,b_abs,4801
1772331443,kamailio,chatafl_opt,1,l_per,4.3
1772331443,kamailio,chatafl_opt,1,l_abs,10109
1772331443,kamailio,chatafl_opt,1,b_per,0.8
1772331443,kamailio,chatafl_opt,1,b_abs,4801
1772331444,kamailio,chatafl_opt,1,l_per,4.3
1772331444,kamailio,chatafl_opt,1,l_abs,10109
1772331444,kamailio,chatafl_opt,1,b_per,0.8
1772331444,kamailio,chatafl_opt,1,b_abs,4801
1772331446,kamailio,chatafl_opt,1,l_per,4.3
1772331446,kamailio,chatafl_opt,1,l_abs,10109
1772331446,kamailio,chatafl_opt,1,b_per,0.8
1772331446,kamailio,chatafl_opt,1,b_abs,4801
1772331447,kamailio,chatafl_opt,1,l_per,4.3
1772331447,kamailio,chatafl_opt,1,l_abs,10109
1772331447,kamailio,chatafl_opt,1,b_per,0.8
1772331447,kamailio,chatafl_opt,1,b_abs,4801
1772331449,kamailio,chatafl_opt,1,l_per,4.3
1772331449,kamailio,chatafl_opt,1,l_abs,10109
1772331449,kamailio,chatafl_opt,1,b_per,0.8
1772331449,kamailio,chatafl_opt,1,b_abs,4801
1772331450,kamailio,chatafl_opt,1,l_per,4.3
1772331450,kamailio,chatafl_opt,1,l_abs,10109
1772331450,kamailio,chatafl_opt,1,b_per,0.8
1772331450,kamailio,chatafl_opt,1,b_abs,4801
1772331457,kamailio,chatafl_opt,1,l_per,4.3
1772331457,kamailio,chatafl_opt,1,l_abs,10109
1772331457,kamailio,chatafl_opt,1,b_per,0.8
1772331457,kamailio,chatafl_opt,1,b_abs,4801
1772331458,kamailio,chatafl_opt,1,l_per,4.3
1772331458,kamailio,chatafl_opt,1,l_abs,10109
1772331458,kamailio,chatafl_opt,1,b_per,0.8
1772331458,kamailio,chatafl_opt,1,b_abs,4801
1772331460,kamailio,chatafl_opt,1,l_per,4.3
1772331460,kamailio,chatafl_opt,1,l_abs,10109
1772331460,kamailio,chatafl_opt,1,b_per,0.8
1772331460,kamailio,chatafl_opt,1,b_abs,4801
1772331461,kamailio,chatafl_opt,1,l_per,4.3
1772331461,kamailio,chatafl_opt,1,l_abs,10109
1772331461,kamailio,chatafl_opt,1,b_per,0.8
1772331461,kamailio,chatafl_opt,1,b_abs,4801
1772331462,kamailio,chatafl_opt,1,l_per,4.3
1772331462,kamailio,chatafl_opt,1,l_abs,10109
1772331462,kamailio,chatafl_opt,1,b_per,0.8
1772331462,kamailio,chatafl_opt,1,b_abs,4801
1772331464,kamailio,chatafl_opt,1,l_per,4.3
1772331464,kamailio,chatafl_opt,1,l_abs,10109
1772331464,kamailio,chatafl_opt,1,b_per,0.8
1772331464,kamailio,chatafl_opt,1,b_abs,4801
1772331465,kamailio,chatafl_opt,1,l_per,4.3
1772331465,kamailio,chatafl_opt,1,l_abs,10109
1772331465,kamailio,chatafl_opt,1,b_per,0.8
1772331465,kamailio,chatafl_opt,1,b_abs,4801
1772331466,kamailio,chatafl_opt,1,l_per,4.3
1772331466,kamailio,chatafl_opt,1,l_abs,10109
1772331466,kamailio,chatafl_opt,1,b_per,0.8
1772331466,kamailio,chatafl_opt,1,b_abs,4801
1772331468,kamailio,chatafl_opt,1,l_per,4.3
1772331468,kamailio,chatafl_opt,1,l_abs,10109
1772331468,kamailio,chatafl_opt,1,b_per,0.8
1772331468,kamailio,chatafl_opt,1,b_abs,4801
1772331469,kamailio,chatafl_opt,1,l_per,4.3
1772331469,kamailio,chatafl_opt,1,l_abs,10109
1772331469,kamailio,chatafl_opt,1,b_per,0.8
1772331469,kamailio,chatafl_opt,1,b_abs,4801
1772331471,kamailio,chatafl_opt,1,l_per,4.3
1772331471,kamailio,chatafl_opt,1,l_abs,10109
1772331471,kamailio,chatafl_opt,1,b_per,0.8
1772331471,kamailio,chatafl_opt,1,b_abs,4801
1772331472,kamailio,chatafl_opt,1,l_per,4.3
1772331472,kamailio,chatafl_opt,1,l_abs,10109
1772331472,kamailio,chatafl_opt,1,b_per,0.8
1772331472,kamailio,chatafl_opt,1,b_abs,4801
1772331473,kamailio,chatafl_opt,1,l_per,4.3
1772331473,kamailio,chatafl_opt,1,l_abs,10109
1772331473,kamailio,chatafl_opt,1,b_per,0.8
1772331473,kamailio,chatafl_opt,1,b_abs,4801
1772331475,kamailio,chatafl_opt,1,l_per,5.5
1772331475,kamailio,chatafl_opt,1,l_abs,12976
1772331475,kamailio,chatafl_opt,1,b_per,1.1
1772331475,kamailio,chatafl_opt,1,b_abs,6237
1772331391,kamailio,chatafl_opt,1,l_per,5.5
1772331391,kamailio,chatafl_opt,1,l_abs,12976
1772331391,kamailio,chatafl_opt,1,b_per,1.1
1772331391,kamailio,chatafl_opt,1,b_abs,6237
1772331392,kamailio,chatafl_opt,1,l_per,5.5
1772331392,kamailio,chatafl_opt,1,l_abs,12976
1772331392,kamailio,chatafl_opt,1,b_per,1.1
1772331392,kamailio,chatafl_opt,1,b_abs,6237
1772331393,kamailio,chatafl_opt,1,l_per,5.5
1772331393,kamailio,chatafl_opt,1,l_abs,12976
1772331393,kamailio,chatafl_opt,1,b_per,1.1
1772331393,kamailio,chatafl_opt,1,b_abs,6237
1772331395,kamailio,chatafl_opt,1,l_per,5.5
1772331395,kamailio,chatafl_opt,1,l_abs,12976
1772331395,kamailio,chatafl_opt,1,b_per,1.1
1772331395,kamailio,chatafl_opt,1,b_abs,6237
1772331396,kamailio,chatafl_opt,1,l_per,5.5
1772331396,kamailio,chatafl_opt,1,l_abs,12976
1772331396,kamailio,chatafl_opt,1,b_per,1.1
1772331396,kamailio,chatafl_opt,1,b_abs,6237
1772331397,kamailio,chatafl_opt,1,l_per,5.5
1772331397,kamailio,chatafl_opt,1,l_abs,12976
1772331397,kamailio,chatafl_opt,1,b_per,1.1
1772331397,kamailio,chatafl_opt,1,b_abs,6237
1772331404,kamailio,chatafl_opt,1,l_per,5.5
1772331404,kamailio,chatafl_opt,1,l_abs,12976
1772331404,kamailio,chatafl_opt,1,b_per,1.1
1772331404,kamailio,chatafl_opt,1,b_abs,6237
1772331406,kamailio,chatafl_opt,1,l_per,5.5
1772331406,kamailio,chatafl_opt,1,l_abs,12976
1772331406,kamailio,chatafl_opt,1,b_per,1.1
1772331406,kamailio,chatafl_opt,1,b_abs,6237
1772331407,kamailio,chatafl_opt,1,l_per,5.5
1772331407,kamailio,chatafl_opt,1,l_abs,12976
1772331407,kamailio,chatafl_opt,1,b_per,1.1
1772331407,kamailio,chatafl_opt,1,b_abs,6237
1772331408,kamailio,chatafl_opt,1,l_per,5.5
1772331408,kamailio,chatafl_opt,1,l_abs,12976
1772331408,kamailio,chatafl_opt,1,b_per,1.1
1772331408,kamailio,chatafl_opt,1,b_abs,6237
1772331410,kamailio,chatafl_opt,1,l_per,5.5
1772331410,kamailio,chatafl_opt,1,l_abs,12976
1772331410,kamailio,chatafl_opt,1,b_per,1.1
1772331410,kamailio,chatafl_opt,1,b_abs,6237
1772331417,kamailio,chatafl_opt,1,l_per,5.5
1772331417,kamailio,chatafl_opt,1,l_abs,12976
1772331417,kamailio,chatafl_opt,1,b_per,1.1
1772331417,kamailio,chatafl_opt,1,b_abs,6237
1772331418,kamailio,chatafl_opt,1,l_per,5.5
1772331418,kamailio,chatafl_opt,1,l_abs,12976
1772331418,kamailio,chatafl_opt,1,b_per,1.1
1772331418,kamailio,chatafl_opt,1,b_abs,6237
1772331420,kamailio,chatafl_opt,1,l_per,5.5
1772331420,kamailio,chatafl_opt,1,l_abs,12976
1772331420,kamailio,chatafl_opt,1,b_per,1.1
1772331420,kamailio,chatafl_opt,1,b_abs,6237
1772331421,kamailio,chatafl_opt,1,l_per,5.5
1772331421,kamailio,chatafl_opt,1,l_abs,12976
1772331421,kamailio,chatafl_opt,1,b_per,1.1
1772331421,kamailio,chatafl_opt,1,b_abs,6237
1772331422,kamailio,chatafl_opt,1,l_per,5.5
1772331422,kamailio,chatafl_opt,1,l_abs,12976
1772331422,kamailio,chatafl_opt,1,b_per,1.1
1772331422,kamailio,chatafl_opt,1,b_abs,6237
1772331424,kamailio,chatafl_opt,1,l_per,5.5
1772331424,kamailio,chatafl_opt,1,l_abs,12976
1772331424,kamailio,chatafl_opt,1,b_per,1.1
1772331424,kamailio,chatafl_opt,1,b_abs,6237
1772331425,kamailio,chatafl_opt,1,l_per,5.5
1772331425,kamailio,chatafl_opt,1,l_abs,12976
1772331425,kamailio,chatafl_opt,1,b_per,1.1
1772331425,kamailio,chatafl_opt,1,b_abs,6237
1772331426,kamailio,chatafl_opt,1,l_per,5.5
1772331426,kamailio,chatafl_opt,1,l_abs,12976
1772331426,kamailio,chatafl_opt,1,b_per,1.1
1772331426,kamailio,chatafl_opt,1,b_abs,6237
1772331428,kamailio,chatafl_opt,1,l_per,5.5
1772331428,kamailio,chatafl_opt,1,l_abs,12976
1772331428,kamailio,chatafl_opt,1,b_per,1.1
1772331428,kamailio,chatafl_opt,1,b_abs,6237
1772331429,kamailio,chatafl_opt,1,l_per,5.5
1772331429,kamailio,chatafl_opt,1,l_abs,12976
1772331429,kamailio,chatafl_opt,1,b_per,1.1
1772331429,kamailio,chatafl_opt,1,b_abs,6237
1772331431,kamailio,chatafl_opt,1,l_per,5.5
1772331431,kamailio,chatafl_opt,1,l_abs,12976
1772331431,kamailio,chatafl_opt,1,b_per,1.1
1772331431,kamailio,chatafl_opt,1,b_abs,6237
1772331432,kamailio,chatafl_opt,1,l_per,5.5
1772331432,kamailio,chatafl_opt,1,l_abs,12976
1772331432,kamailio,chatafl_opt,1,b_per,1.1
1772331432,kamailio,chatafl_opt,1,b_abs,6237
1772331433,kamailio,chatafl_opt,1,l_per,5.5
1772331433,kamailio,chatafl_opt,1,l_abs,12976
1772331433,kamailio,chatafl_opt,1,b_per,1.1
1772331433,kamailio,chatafl_opt,1,b_abs,6237
1772331435,kamailio,chatafl_opt,1,l_per,5.5
1772331435,kamailio,chatafl_opt,1,l_abs,12976
1772331435,kamailio,chatafl_opt,1,b_per,1.1
1772331435,kamailio,chatafl_opt,1,b_abs,6237
1772331436,kamailio,chatafl_opt,1,l_per,5.5
1772331436,kamailio,chatafl_opt,1,l_abs,12983
1772331436,kamailio,chatafl_opt,1,b_per,1.1
1772331436,kamailio,chatafl_opt,1,b_abs,6239
1772331443,kamailio,chatafl_opt,1,l_per,5.5
1772331443,kamailio,chatafl_opt,1,l_abs,12983
1772331443,kamailio,chatafl_opt,1,b_per,1.1
1772331443,kamailio,chatafl_opt,1,b_abs,6239
1772331444,kamailio,chatafl_opt,1,l_per,5.5
1772331444,kamailio,chatafl_opt,1,l_abs,12983
1772331444,kamailio,chatafl_opt,1,b_per,1.1
1772331444,kamailio,chatafl_opt,1,b_abs,6239
1772331446,kamailio,chatafl_opt,1,l_per,5.5
1772331446,kamailio,chatafl_opt,1,l_abs,12983
1772331446,kamailio,chatafl_opt,1,b_per,1.1
1772331446,kamailio,chatafl_opt,1,b_abs,6239
1772331447,kamailio,chatafl_opt,1,l_per,5.5
1772331447,kamailio,chatafl_opt,1,l_abs,12983
1772331447,kamailio,chatafl_opt,1,b_per,1.1
1772331447,kamailio,chatafl_opt,1,b_abs,6239
1772331449,kamailio,chatafl_opt,1,l_per,5.5
1772331449,kamailio,chatafl_opt,1,l_abs,12983
1772331449,kamailio,chatafl_opt,1,b_per,1.1
1772331449,kamailio,chatafl_opt,1,b_abs,6239
1772331450,kamailio,chatafl_opt,1,l_per,5.5
1772331450,kamailio,chatafl_opt,1,l_abs,12983
1772331450,kamailio,chatafl_opt,1,b_per,1.1
1772331450,kamailio,chatafl_opt,1,b_abs,6239
1772331457,kamailio,chatafl_opt,1,l_per,5.5
1772331457,kamailio,chatafl_opt,1,l_abs,12983
1772331457,kamailio,chatafl_opt,1,b_per,1.1
1772331457,kamailio,chatafl_opt,1,b_abs,6239
1772331458,kamailio,chatafl_opt,1,l_per,5.5
1772331458,kamailio,chatafl_opt,1,l_abs,12983
1772331458,kamailio,chatafl_opt,1,b_per,1.1
1772331458,kamailio,chatafl_opt,1,b_abs,6239
1772331460,kamailio,chatafl_opt,1,l_per,5.5
1772331460,kamailio,chatafl_opt,1,l_abs,12983
1772331460,kamailio,chatafl_opt,1,b_per,1.1
1772331460,kamailio,chatafl_opt,1,b_abs,6239
1772331461,kamailio,chatafl_opt,1,l_per,5.5
1772331461,kamailio,chatafl_opt,1,l_abs,12983
1772331461,kamailio,chatafl_opt,1,b_per,1.1
1772331461,kamailio,chatafl_opt,1,b_abs,6239
1772331462,kamailio,chatafl_opt,1,l_per,5.5
1772331462,kamailio,chatafl_opt,1,l_abs,12983
1772331462,kamailio,chatafl_opt,1,b_per,1.1
1772331462,kamailio,chatafl_opt,1,b_abs,6239
1772331464,kamailio,chatafl_opt,1,l_per,5.5
1772331464,kamailio,chatafl_opt,1,l_abs,12983
1772331464,kamailio,chatafl_opt,1,b_per,1.1
1772331464,kamailio,chatafl_opt,1,b_abs,6239
1772331465,kamailio,chatafl_opt,1,l_per,5.5
1772331465,kamailio,chatafl_opt,1,l_abs,12983
1772331465,kamailio,chatafl_opt,1,b_per,1.1
1772331465,kamailio,chatafl_opt,1,b_abs,6239
1772331466,kamailio,chatafl_opt,1,l_per,5.5
1772331466,kamailio,chatafl_opt,1,l_abs,12983
1772331466,kamailio,chatafl_opt,1,b_per,1.1
1772331466,kamailio,chatafl_opt,1,b_abs,6239
1772331468,kamailio,chatafl_opt,1,l_per,5.5
1772331468,kamailio,chatafl_opt,1,l_abs,12983
1772331468,kamailio,chatafl_opt,1,b_per,1.1
1772331468,kamailio,chatafl_opt,1,b_abs,6239
1772331469,kamailio,chatafl_opt,1,l_per,5.5
1772331469,kamailio,chatafl_opt,1,l_abs,12983
1772331469,kamailio,chatafl_opt,1,b_per,1.1
1772331469,kamailio,chatafl_opt,1,b_abs,6239
1772331471,kamailio,chatafl_opt,1,l_per,5.5
1772331471,kamailio,chatafl_opt,1,l_abs,12983
1772331471,kamailio,chatafl_opt,1,b_per,1.1
1772331471,kamailio,chatafl_opt,1,b_abs,6239
1772331472,kamailio,chatafl_opt,1,l_per,5.5
1772331472,kamailio,chatafl_opt,1,l_abs,12983
1772331472,kamailio,chatafl_opt,1,b_per,1.1
1772331472,kamailio,chatafl_opt,1,b_abs,6239
1772331473,kamailio,chatafl_opt,1,l_per,5.5
1772331473,kamailio,chatafl_opt,1,l_abs,12983
1772331473,kamailio,chatafl_opt,1,b_per,1.1
1772331473,kamailio,chatafl_opt,1,b_abs,6239
1772331475,kamailio,chatafl_opt,1,l_per,5.5
1772331475,kamailio,chatafl_opt,1,l_abs,12984
1772331475,kamailio,chatafl_opt,1,b_per,1.1
1772331475,kamailio,chatafl_opt,1,b_abs,6242
1772331515,kamailio,chatafl_opt,1,l_per,5.5
1772331515,kamailio,chatafl_opt,1,l_abs,13030
1772331515,kamailio,chatafl_opt,1,b_per,1.1
1772331515,kamailio,chatafl_opt,1,b_abs,6328
1772331517,kamailio,chatafl_opt,1,l_per,5.5
1772331517,kamailio,chatafl_opt,1,l_abs,13034
1772331517,kamailio,chatafl_opt,1,b_per,1.1
1772331517,kamailio,chatafl_opt,1,b_abs,6338
1772331518,kamailio,chatafl_opt,1,l_per,5.5
1772331518,kamailio,chatafl_opt,1,l_abs,13059
1772331518,kamailio,chatafl_opt,1,b_per,1.1
1772331518,kamailio,chatafl_opt,1,b_abs,6369
1772331520,kamailio,chatafl_opt,1,l_per,5.5
1772331520,kamailio,chatafl_opt,1,l_abs,13072
1772331520,kamailio,chatafl_opt,1,b_per,1.1
1772331520,kamailio,chatafl_opt,1,b_abs,6391
1772331522,kamailio,chatafl_opt,1,l_per,5.5
1772331522,kamailio,chatafl_opt,1,l_abs,13072
1772331522,kamailio,chatafl_opt,1,b_per,1.1
1772331522,kamailio,chatafl_opt,1,b_abs,6391
1772331524,kamailio,chatafl_opt,1,l_per,5.5
1772331524,kamailio,chatafl_opt,1,l_abs,13110
1772331524,kamailio,chatafl_opt,1,b_per,1.1
1772331524,kamailio,chatafl_opt,1,b_abs,6439
1772331526,kamailio,chatafl_opt,1,l_per,5.5
1772331526,kamailio,chatafl_opt,1,l_abs,13114
1772331526,kamailio,chatafl_opt,1,b_per,1.1
1772331526,kamailio,chatafl_opt,1,b_abs,6457
1772331528,kamailio,chatafl_opt,1,l_per,5.5
1772331528,kamailio,chatafl_opt,1,l_abs,13147
1772331528,kamailio,chatafl_opt,1,b_per,1.1
1772331528,kamailio,chatafl_opt,1,b_abs,6475
1772331530,kamailio,chatafl_opt,1,l_per,5.6
1772331530,kamailio,chatafl_opt,1,l_abs,13162
1772331530,kamailio,chatafl_opt,1,b_per,1.1
1772331530,kamailio,chatafl_opt,1,b_abs,6480
1772331532,kamailio,chatafl_opt,1,l_per,5.6
1772331532,kamailio,chatafl_opt,1,l_abs,13162
1772331532,kamailio,chatafl_opt,1,b_per,1.1
1772331532,kamailio,chatafl_opt,1,b_abs,6480
1772331539,kamailio,chatafl_opt,1,l_per,5.6
1772331539,kamailio,chatafl_opt,1,l_abs,13182
1772331539,kamailio,chatafl_opt,1,b_per,1.1
1772331539,kamailio,chatafl_opt,1,b_abs,6506
1772331541,kamailio,chatafl_opt,1,l_per,5.6
1772331541,kamailio,chatafl_opt,1,l_abs,13210
1772331541,kamailio,chatafl_opt,1,b_per,1.2
1772331541,kamailio,chatafl_opt,1,b_abs,6571
1772331543,kamailio,chatafl_opt,1,l_per,5.6
1772331543,kamailio,chatafl_opt,1,l_abs,13213
1772331543,kamailio,chatafl_opt,1,b_per,1.2
1772331543,kamailio,chatafl_opt,1,b_abs,6581
1772331545,kamailio,chatafl_opt,1,l_per,5.6
1772331545,kamailio,chatafl_opt,1,l_abs,13218
1772331545,kamailio,chatafl_opt,1,b_per,1.2
1772331545,kamailio,chatafl_opt,1,b_abs,6591
1772331547,kamailio,chatafl_opt,1,l_per,5.6
1772331547,kamailio,chatafl_opt,1,l_abs,13219
1772331547,kamailio,chatafl_opt,1,b_per,1.2
1772331547,kamailio,chatafl_opt,1,b_abs,6592
1772331549,kamailio,chatafl_opt,1,l_per,5.6
1772331549,kamailio,chatafl_opt,1,l_abs,13222
1772331549,kamailio,chatafl_opt,1,b_per,1.2
1772331549,kamailio,chatafl_opt,1,b_abs,6601
1772331551,kamailio,chatafl_opt,1,l_per,5.6
1772331551,kamailio,chatafl_opt,1,l_abs,13223
1772331551,kamailio,chatafl_opt,1,b_per,1.2
1772331551,kamailio,chatafl_opt,1,b_abs,6603
1772331553,kamailio,chatafl_opt,1,l_per,5.6
1772331553,kamailio,chatafl_opt,1,l_abs,13223
1772331553,kamailio,chatafl_opt,1,b_per,1.2
1772331553,kamailio,chatafl_opt,1,b_abs,6603
1772331554,kamailio,chatafl_opt,1,l_per,5.6
1772331554,kamailio,chatafl_opt,1,l_abs,13248
1772331554,kamailio,chatafl_opt,1,b_per,1.2
1772331554,kamailio,chatafl_opt,1,b_abs,6620
1772331556,kamailio,chatafl_opt,1,l_per,5.6
1772331556,kamailio,chatafl_opt,1,l_abs,13264
1772331556,kamailio,chatafl_opt,1,b_per,1.2
1772331556,kamailio,chatafl_opt,1,b_abs,6644
1772331558,kamailio,chatafl_opt,1,l_per,5.6
1772331558,kamailio,chatafl_opt,1,l_abs,13272
1772331558,kamailio,chatafl_opt,1,b_per,1.2
1772331558,kamailio,chatafl_opt,1,b_abs,6648
1772331560,kamailio,chatafl_opt,1,l_per,5.6
1772331560,kamailio,chatafl_opt,1,l_abs,13344
1772331560,kamailio,chatafl_opt,1,b_per,1.2
1772331560,kamailio,chatafl_opt,1,b_abs,6675
1772331562,kamailio,chatafl_opt,1,l_per,5.6
1772331562,kamailio,chatafl_opt,1,l_abs,13347
1772331562,kamailio,chatafl_opt,1,b_per,1.2
1772331562,kamailio,chatafl_opt,1,b_abs,6684
1772331563,kamailio,chatafl_opt,1,l_per,5.6
1772331563,kamailio,chatafl_opt,1,l_abs,13355
1772331563,kamailio,chatafl_opt,1,b_per,1.2
1772331563,kamailio,chatafl_opt,1,b_abs,6691
1772331565,kamailio,chatafl_opt,1,l_per,5.6
1772331565,kamailio,chatafl_opt,1,l_abs,13360
1772331565,kamailio,chatafl_opt,1,b_per,1.2
1772331565,kamailio,chatafl_opt,1,b_abs,6702
1772331567,kamailio,chatafl_opt,1,l_per,5.6
1772331567,kamailio,chatafl_opt,1,l_abs,13361
1772331567,kamailio,chatafl_opt,1,b_per,1.2
1772331567,kamailio,chatafl_opt,1,b_abs,6704
1772331568,kamailio,chatafl_opt,1,l_per,5.6
1772331568,kamailio,chatafl_opt,1,l_abs,13363
1772331568,kamailio,chatafl_opt,1,b_per,1.2
1772331568,kamailio,chatafl_opt,1,b_abs,6715
1772331570,kamailio,chatafl_opt,1,l_per,5.6
1772331570,kamailio,chatafl_opt,1,l_abs,13369
1772331570,kamailio,chatafl_opt,1,b_per,1.2
1772331570,kamailio,chatafl_opt,1,b_abs,6717
1772331572,kamailio,chatafl_opt,1,l_per,5.7
1772331572,kamailio,chatafl_opt,1,l_abs,13399
1772331572,kamailio,chatafl_opt,1,b_per,1.2
1772331572,kamailio,chatafl_opt,1,b_abs,6726
1772331574,kamailio,chatafl_opt,1,l_per,5.7
1772331574,kamailio,chatafl_opt,1,l_abs,13401
1772331574,kamailio,chatafl_opt,1,b_per,1.2
1772331574,kamailio,chatafl_opt,1,b_abs,6727
1772331576,kamailio,chatafl_opt,1,l_per,5.7
1772331576,kamailio,chatafl_opt,1,l_abs,13404
1772331576,kamailio,chatafl_opt,1,b_per,1.2
1772331576,kamailio,chatafl_opt,1,b_abs,6736
1772331577,kamailio,chatafl_opt,1,l_per,5.7
1772331577,kamailio,chatafl_opt,1,l_abs,13404
1772331577,kamailio,chatafl_opt,1,b_per,1.2
1772331577,kamailio,chatafl_opt,1,b_abs,6737
1772331579,kamailio,chatafl_opt,1,l_per,5.7
1772331579,kamailio,chatafl_opt,1,l_abs,13425
1772331579,kamailio,chatafl_opt,1,b_per,1.2
1772331579,kamailio,chatafl_opt,1,b_abs,6744
1772331581,kamailio,chatafl_opt,1,l_per,5.7
1772331581,kamailio,chatafl_opt,1,l_abs,13425
1772331581,kamailio,chatafl_opt,1,b_per,1.2
1772331581,kamailio,chatafl_opt,1,b_abs,6745
1772331582,kamailio,chatafl_opt,1,l_per,5.7
1772331582,kamailio,chatafl_opt,1,l_abs,13431
1772331582,kamailio,chatafl_opt,1,b_per,1.2
1772331582,kamailio,chatafl_opt,1,b_abs,6748
1772331584,kamailio,chatafl_opt,1,l_per,5.7
1772331584,kamailio,chatafl_opt,1,l_abs,13441
1772331584,kamailio,chatafl_opt,1,b_per,1.2
1772331584,kamailio,chatafl_opt,1,b_abs,6760
1772331586,kamailio,chatafl_opt,1,l_per,5.7
1772331586,kamailio,chatafl_opt,1,l_abs,13448
1772331586,kamailio,chatafl_opt,1,b_per,1.2
1772331586,kamailio,chatafl_opt,1,b_abs,6780
1772331588,kamailio,chatafl_opt,1,l_per,5.7
1772331588,kamailio,chatafl_opt,1,l_abs,13452
1772331588,kamailio,chatafl_opt,1,b_per,1.2
1772331588,kamailio,chatafl_opt,1,b_abs,6785
1772331590,kamailio,chatafl_opt,1,l_per,5.7
1772331590,kamailio,chatafl_opt,1,l_abs,13454
1772331590,kamailio,chatafl_opt,1,b_per,1.2
1772331590,kamailio,chatafl_opt,1,b_abs,6786
1772331593,kamailio,chatafl_opt,1,l_per,5.7
1772331593,kamailio,chatafl_opt,1,l_abs,13460
1772331593,kamailio,chatafl_opt,1,b_per,1.2
1772331593,kamailio,chatafl_opt,1,b_abs,6788
1772331595,kamailio,chatafl_opt,1,l_per,5.7
1772331595,kamailio,chatafl_opt,1,l_abs,13465
1772331595,kamailio,chatafl_opt,1,b_per,1.2
1772331595,kamailio,chatafl_opt,1,b_abs,6789
1772331598,kamailio,chatafl_opt,1,l_per,5.7
1772331598,kamailio,chatafl_opt,1,l_abs,13468
1772331598,kamailio,chatafl_opt,1,b_per,1.2
1772331598,kamailio,chatafl_opt,1,b_abs,6799
1772331600,kamailio,chatafl_opt,1,l_per,5.7
1772331600,kamailio,chatafl_opt,1,l_abs,13479
1772331600,kamailio,chatafl_opt,1,b_per,1.2
1772331600,kamailio,chatafl_opt,1,b_abs,6809
1772331603,kamailio,chatafl_opt,1,l_per,5.7
1772331603,kamailio,chatafl_opt,1,l_abs,13486
1772331603,kamailio,chatafl_opt,1,b_per,1.2
1772331603,kamailio,chatafl_opt,1,b_abs,6821
1772331605,kamailio,chatafl_opt,1,l_per,5.7
1772331605,kamailio,chatafl_opt,1,l_abs,13486
1772331605,kamailio,chatafl_opt,1,b_per,1.2
1772331605,kamailio,chatafl_opt,1,b_abs,6821
1772331607,kamailio,chatafl_opt,1,l_per,5.7
1772331607,kamailio,chatafl_opt,1,l_abs,13486
1772331607,kamailio,chatafl_opt,1,b_per,1.2
1772331607,kamailio,chatafl_opt,1,b_abs,6823
1772331608,kamailio,chatafl_opt,1,l_per,5.7
1772331608,kamailio,chatafl_opt,1,l_abs,13486
1772331608,kamailio,chatafl_opt,1,b_per,1.2
1772331608,kamailio,chatafl_opt,1,b_abs,6825
1772331611,kamailio,chatafl_opt,1,l_per,5.7
1772331611,kamailio,chatafl_opt,1,l_abs,13490
1772331611,kamailio,chatafl_opt,1,b_per,1.2
1772331611,kamailio,chatafl_opt,1,b_abs,6830
1772331613,kamailio,chatafl_opt,1,l_per,5.7
1772331613,kamailio,chatafl_opt,1,l_abs,13490
1772331613,kamailio,chatafl_opt,1,b_per,1.2
1772331613,kamailio,chatafl_opt,1,b_abs,6830
1772331615,kamailio,chatafl_opt,1,l_per,5.7
1772331615,kamailio,chatafl_opt,1,l_abs,13492
1772331615,kamailio,chatafl_opt,1,b_per,1.2
1772331615,kamailio,chatafl_opt,1,b_abs,6833
1772331617,kamailio,chatafl_opt,1,l_per,5.7
1772331617,kamailio,chatafl_opt,1,l_abs,13498
1772331617,kamailio,chatafl_opt,1,b_per,1.2
1772331617,kamailio,chatafl_opt,1,b_abs,6835
1772331618,kamailio,chatafl_opt,1,l_per,5.7
1772331618,kamailio,chatafl_opt,1,l_abs,13502
1772331618,kamailio,chatafl_opt,1,b_per,1.2
1772331618,kamailio,chatafl_opt,1,b_abs,6849
1772331621,kamailio,chatafl_opt,1,l_per,5.7
1772331621,kamailio,chatafl_opt,1,l_abs,13505
1772331621,kamailio,chatafl_opt,1,b_per,1.2
1772331621,kamailio,chatafl_opt,1,b_abs,6858
1772331623,kamailio,chatafl_opt,1,l_per,5.7
1772331623,kamailio,chatafl_opt,1,l_abs,13505
1772331623,kamailio,chatafl_opt,1,b_per,1.2
1772331623,kamailio,chatafl_opt,1,b_abs,6861
1772331626,kamailio,chatafl_opt,1,l_per,5.7
1772331626,kamailio,chatafl_opt,1,l_abs,13510
1772331626,kamailio,chatafl_opt,1,b_per,1.2
1772331626,kamailio,chatafl_opt,1,b_abs,6871
1772331627,kamailio,chatafl_opt,1,l_per,5.7
1772331627,kamailio,chatafl_opt,1,l_abs,13510
1772331627,kamailio,chatafl_opt,1,b_per,1.2
1772331627,kamailio,chatafl_opt,1,b_abs,6872
1772331631,kamailio,chatafl_opt,1,l_per,5.7
1772331631,kamailio,chatafl_opt,1,l_abs,13512
1772331631,kamailio,chatafl_opt,1,b_per,1.2
1772331631,kamailio,chatafl_opt,1,b_abs,6873
1772331633,kamailio,chatafl_opt,1,l_per,5.7
1772331633,kamailio,chatafl_opt,1,l_abs,13532
1772331633,kamailio,chatafl_opt,1,b_per,1.2
1772331633,kamailio,chatafl_opt,1,b_abs,6891
1772331635,kamailio,chatafl_opt,1,l_per,5.7
1772331635,kamailio,chatafl_opt,1,l_abs,13535
1772331635,kamailio,chatafl_opt,1,b_per,1.2
1772331635,kamailio,chatafl_opt,1,b_abs,6900
1772331638,kamailio,chatafl_opt,1,l_per,5.7
1772331638,kamailio,chatafl_opt,1,l_abs,13537
1772331638,kamailio,chatafl_opt,1,b_per,1.2
1772331638,kamailio,chatafl_opt,1,b_abs,6901
1772331641,kamailio,chatafl_opt,1,l_per,5.7
1772331641,kamailio,chatafl_opt,1,l_abs,13549
1772331641,kamailio,chatafl_opt,1,b_per,1.2
1772331641,kamailio,chatafl_opt,1,b_abs,6913
1772331642,kamailio,chatafl_opt,1,l_per,5.7
1772331642,kamailio,chatafl_opt,1,l_abs,13554
1772331642,kamailio,chatafl_opt,1,b_per,1.2
1772331642,kamailio,chatafl_opt,1,b_abs,6915
1772331644,kamailio,chatafl_opt,1,l_per,5.7
1772331644,kamailio,chatafl_opt,1,l_abs,13554
1772331644,kamailio,chatafl_opt,1,b_per,1.2
1772331644,kamailio,chatafl_opt,1,b_abs,6915
1772331646,kamailio,chatafl_opt,1,l_per,5.7
1772331646,kamailio,chatafl_opt,1,l_abs,13570
1772331646,kamailio,chatafl_opt,1,b_per,1.2
1772331646,kamailio,chatafl_opt,1,b_abs,6931
1772331648,kamailio,chatafl_opt,1,l_per,5.7
1772331648,kamailio,chatafl_opt,1,l_abs,13570
1772331648,kamailio,chatafl_opt,1,b_per,1.2
1772331648,kamailio,chatafl_opt,1,b_abs,6932
1772331649,kamailio,chatafl_opt,1,l_per,5.7
1772331649,kamailio,chatafl_opt,1,l_abs,13574
1772331649,kamailio,chatafl_opt,1,b_per,1.2
1772331649,kamailio,chatafl_opt,1,b_abs,6936
1772331652,kamailio,chatafl_opt,1,l_per,5.7
1772331652,kamailio,chatafl_opt,1,l_abs,13591
1772331652,kamailio,chatafl_opt,1,b_per,1.2
1772331652,kamailio,chatafl_opt,1,b_abs,6964
1772331654,kamailio,chatafl_opt,1,l_per,5.7
1772331654,kamailio,chatafl_opt,1,l_abs,13599
1772331654,kamailio,chatafl_opt,1,b_per,1.2
1772331654,kamailio,chatafl_opt,1,b_abs,6973
1772331657,kamailio,chatafl_opt,1,l_per,5.7
1772331657,kamailio,chatafl_opt,1,l_abs,13605
1772331657,kamailio,chatafl_opt,1,b_per,1.2
1772331657,kamailio,chatafl_opt,1,b_abs,6975
1772331659,kamailio,chatafl_opt,1,l_per,5.7
1772331659,kamailio,chatafl_opt,1,l_abs,13608
1772331659,kamailio,chatafl_opt,1,b_per,1.2
1772331659,kamailio,chatafl_opt,1,b_abs,6984
1772331661,kamailio,chatafl_opt,1,l_per,5.7
1772331661,kamailio,chatafl_opt,1,l_abs,13613
1772331661,kamailio,chatafl_opt,1,b_per,1.2
1772331661,kamailio,chatafl_opt,1,b_abs,6994
1772331663,kamailio,chatafl_opt,1,l_per,5.7
1772331663,kamailio,chatafl_opt,1,l_abs,13613
1772331663,kamailio,chatafl_opt,1,b_per,1.2
1772331663,kamailio,chatafl_opt,1,b_abs,6996
1772331665,kamailio,chatafl_opt,1,l_per,5.7
1772331665,kamailio,chatafl_opt,1,l_abs,13613
1772331665,kamailio,chatafl_opt,1,b_per,1.2
1772331665,kamailio,chatafl_opt,1,b_abs,6996
1772331670,kamailio,chatafl_opt,1,l_per,5.7
1772331670,kamailio,chatafl_opt,1,l_abs,13617
1772331670,kamailio,chatafl_opt,1,b_per,1.2
1772331670,kamailio,chatafl_opt,1,b_abs,7010
1772331672,kamailio,chatafl_opt,1,l_per,5.7
1772331672,kamailio,chatafl_opt,1,l_abs,13617
1772331672,kamailio,chatafl_opt,1,b_per,1.2
1772331672,kamailio,chatafl_opt,1,b_abs,7010
1772331675,kamailio,chatafl_opt,1,l_per,5.7
1772331675,kamailio,chatafl_opt,1,l_abs,13617
1772331675,kamailio,chatafl_opt,1,b_per,1.2
1772331675,kamailio,chatafl_opt,1,b_abs,7010
1772331677,kamailio,chatafl_opt,1,l_per,5.7
1772331677,kamailio,chatafl_opt,1,l_abs,13620
1772331677,kamailio,chatafl_opt,1,b_per,1.2
1772331677,kamailio,chatafl_opt,1,b_abs,7019
1772331679,kamailio,chatafl_opt,1,l_per,5.7
1772331679,kamailio,chatafl_opt,1,l_abs,13620
1772331679,kamailio,chatafl_opt,1,b_per,1.2
1772331679,kamailio,chatafl_opt,1,b_abs,7019
1772331687,kamailio,chatafl_opt,1,l_per,5.7
1772331687,kamailio,chatafl_opt,1,l_abs,13620
1772331687,kamailio,chatafl_opt,1,b_per,1.2
1772331687,kamailio,chatafl_opt,1,b_abs,7021
1772331690,kamailio,chatafl_opt,1,l_per,5.7
1772331690,kamailio,chatafl_opt,1,l_abs,13620
1772331690,kamailio,chatafl_opt,1,b_per,1.2
1772331690,kamailio,chatafl_opt,1,b_abs,7022
1772331691,kamailio,chatafl_opt,1,l_per,5.7
1772331691,kamailio,chatafl_opt,1,l_abs,13620
1772331691,kamailio,chatafl_opt,1,b_per,1.2
1772331691,kamailio,chatafl_opt,1,b_abs,7022
1772331693,kamailio,chatafl_opt,1,l_per,5.7
1772331693,kamailio,chatafl_opt,1,l_abs,13620
1772331693,kamailio,chatafl_opt,1,b_per,1.2
1772331693,kamailio,chatafl_opt,1,b_abs,7023
1772331702,kamailio,chatafl_opt,1,l_per,5.7
1772331702,kamailio,chatafl_opt,1,l_abs,13622
1772331702,kamailio,chatafl_opt,1,b_per,1.2
1772331702,kamailio,chatafl_opt,1,b_abs,7024
1772331709,kamailio,chatafl_opt,1,l_per,5.7
1772331709,kamailio,chatafl_opt,1,l_abs,13622
1772331709,kamailio,chatafl_opt,1,b_per,1.2
1772331709,kamailio,chatafl_opt,1,b_abs,7024
1772331711,kamailio,chatafl_opt,1,l_per,5.7
1772331711,kamailio,chatafl_opt,1,l_abs,13622
1772331711,kamailio,chatafl_opt,1,b_per,1.2
1772331711,kamailio,chatafl_opt,1,b_abs,7024
1772331719,kamailio,chatafl_opt,1,l_per,5.7
1772331719,kamailio,chatafl_opt,1,l_abs,13622
1772331719,kamailio,chatafl_opt,1,b_per,1.2
1772331719,kamailio,chatafl_opt,1,b_abs,7024
1772331721,kamailio,chatafl_opt,1,l_per,5.8
1772331721,kamailio,chatafl_opt,1,l_abs,13626
1772331721,kamailio,chatafl_opt,1,b_per,1.2
1772331721,kamailio,chatafl_opt,1,b_abs,7036
1772331722,kamailio,chatafl_opt,1,l_per,5.8
1772331722,kamailio,chatafl_opt,1,l_abs,13626
1772331722,kamailio,chatafl_opt,1,b_per,1.2
1772331722,kamailio,chatafl_opt,1,b_abs,7036
1772331731,kamailio,chatafl_opt,1,l_per,5.8
1772331731,kamailio,chatafl_opt,1,l_abs,13626
1772331731,kamailio,chatafl_opt,1,b_per,1.2
1772331731,kamailio,chatafl_opt,1,b_abs,7036
1772331733,kamailio,chatafl_opt,1,l_per,5.8
1772331733,kamailio,chatafl_opt,1,l_abs,13632
1772331733,kamailio,chatafl_opt,1,b_per,1.2
1772331733,kamailio,chatafl_opt,1,b_abs,7041
1772331736,kamailio,chatafl_opt,1,l_per,5.8
1772331736,kamailio,chatafl_opt,1,l_abs,13637
1772331736,kamailio,chatafl_opt,1,b_per,1.2
1772331736,kamailio,chatafl_opt,1,b_abs,7042
1772331738,kamailio,chatafl_opt,1,l_per,5.8
1772331738,kamailio,chatafl_opt,1,l_abs,13638
1772331738,kamailio,chatafl_opt,1,b_per,1.2
1772331738,kamailio,chatafl_opt,1,b_abs,7043
1772331747,kamailio,chatafl_opt,1,l_per,5.8
1772331747,kamailio,chatafl_opt,1,l_abs,13646
1772331747,kamailio,chatafl_opt,1,b_per,1.2
1772331747,kamailio,chatafl_opt,1,b_abs,7048
1772331748,kamailio,chatafl_opt,1,l_per,5.8
1772331748,kamailio,chatafl_opt,1,l_abs,13655
1772331748,kamailio,chatafl_opt,1,b_per,1.2
1772331748,kamailio,chatafl_opt,1,b_abs,7053
1772331751,kamailio,chatafl_opt,1,l_per,5.8
1772331751,kamailio,chatafl_opt,1,l_abs,13655
1772331751,kamailio,chatafl_opt,1,b_per,1.2
1772331751,kamailio,chatafl_opt,1,b_abs,7053
1772331752,kamailio,chatafl_opt,1,l_per,5.8
1772331752,kamailio,chatafl_opt,1,l_abs,13658
1772331752,kamailio,chatafl_opt,1,b_per,1.2
1772331752,kamailio,chatafl_opt,1,b_abs,7062
1772331755,kamailio,chatafl_opt,1,l_per,5.8
1772331755,kamailio,chatafl_opt,1,l_abs,13658
1772331755,kamailio,chatafl_opt,1,b_per,1.2
1772331755,kamailio,chatafl_opt,1,b_abs,7062
1772331757,kamailio,chatafl_opt,1,l_per,5.8
1772331757,kamailio,chatafl_opt,1,l_abs,13658
1772331757,kamailio,chatafl_opt,1,b_per,1.2
1772331757,kamailio,chatafl_opt,1,b_abs,7062
1772331759,kamailio,chatafl_opt,1,l_per,5.8
1772331759,kamailio,chatafl_opt,1,l_abs,13661
1772331759,kamailio,chatafl_opt,1,b_per,1.2
1772331759,kamailio,chatafl_opt,1,b_abs,7071
1772331761,kamailio,chatafl_opt,1,l_per,5.8
1772331761,kamailio,chatafl_opt,1,l_abs,13663
1772331761,kamailio,chatafl_opt,1,b_per,1.2
1772331761,kamailio,chatafl_opt,1,b_abs,7077
1772331764,kamailio,chatafl_opt,1,l_per,5.8
1772331764,kamailio,chatafl_opt,1,l_abs,13663
1772331764,kamailio,chatafl_opt,1,b_per,1.2
1772331764,kamailio,chatafl_opt,1,b_abs,7077
1772331766,kamailio,chatafl_opt,1,l_per,5.8
1772331766,kamailio,chatafl_opt,1,l_abs,13663
1772331766,kamailio,chatafl_opt,1,b_per,1.2
1772331766,kamailio,chatafl_opt,1,b_abs,7077
1772331767,kamailio,chatafl_opt,1,l_per,5.8
1772331767,kamailio,chatafl_opt,1,l_abs,13663
1772331767,kamailio,chatafl_opt,1,b_per,1.2
1772331767,kamailio,chatafl_opt,1,b_abs,7083
1772331772,kamailio,chatafl_opt,1,l_per,5.8
1772331772,kamailio,chatafl_opt,1,l_abs,13670
1772331772,kamailio,chatafl_opt,1,b_per,1.2
1772331772,kamailio,chatafl_opt,1,b_abs,7086
1772331774,kamailio,chatafl_opt,1,l_per,5.8
1772331774,kamailio,chatafl_opt,1,l_abs,13672
1772331774,kamailio,chatafl_opt,1,b_per,1.2
1772331774,kamailio,chatafl_opt,1,b_abs,7087
1772331775,kamailio,chatafl_opt,1,l_per,5.8
1772331775,kamailio,chatafl_opt,1,l_abs,13672
1772331775,kamailio,chatafl_opt,1,b_per,1.2
1772331775,kamailio,chatafl_opt,1,b_abs,7087
1772331777,kamailio,chatafl_opt,1,l_per,5.8
1772331777,kamailio,chatafl_opt,1,l_abs,13676
1772331777,kamailio,chatafl_opt,1,b_per,1.2
1772331777,kamailio,chatafl_opt,1,b_abs,7088
1772331781,kamailio,chatafl_opt,1,l_per,5.8
1772331781,kamailio,chatafl_opt,1,l_abs,13679
1772331781,kamailio,chatafl_opt,1,b_per,1.2
1772331781,kamailio,chatafl_opt,1,b_abs,7091
1772331783,kamailio,chatafl_opt,1,l_per,5.8
1772331783,kamailio,chatafl_opt,1,l_abs,13682
1772331783,kamailio,chatafl_opt,1,b_per,1.3
1772331783,kamailio,chatafl_opt,1,b_abs,7093
1772331785,kamailio,chatafl_opt,1,l_per,5.8
1772331785,kamailio,chatafl_opt,1,l_abs,13685
1772331785,kamailio,chatafl_opt,1,b_per,1.3
1772331785,kamailio,chatafl_opt,1,b_abs,7103
1772331787,kamailio,chatafl_opt,1,l_per,5.8
1772331787,kamailio,chatafl_opt,1,l_abs,13685
1772331787,kamailio,chatafl_opt,1,b_per,1.3
1772331787,kamailio,chatafl_opt,1,b_abs,7103
1772331794,kamailio,chatafl_opt,1,l_per,5.8
1772331794,kamailio,chatafl_opt,1,l_abs,13690
1772331794,kamailio,chatafl_opt,1,b_per,1.3
1772331794,kamailio,chatafl_opt,1,b_abs,7113
1772331795,kamailio,chatafl_opt,1,l_per,5.8
1772331795,kamailio,chatafl_opt,1,l_abs,13690
1772331795,kamailio,chatafl_opt,1,b_per,1.3
1772331795,kamailio,chatafl_opt,1,b_abs,7113
1772331797,kamailio,chatafl_opt,1,l_per,5.8
1772331797,kamailio,chatafl_opt,1,l_abs,13697
1772331797,kamailio,chatafl_opt,1,b_per,1.3
1772331797,kamailio,chatafl_opt,1,b_abs,7119
1772331799,kamailio,chatafl_opt,1,l_per,5.8
1772331799,kamailio,chatafl_opt,1,l_abs,13697
1772331799,kamailio,chatafl_opt,1,b_per,1.3
1772331799,kamailio,chatafl_opt,1,b_abs,7119
1772331803,kamailio,chatafl_opt,1,l_per,5.8
1772331803,kamailio,chatafl_opt,1,l_abs,13707
1772331803,kamailio,chatafl_opt,1,b_per,1.3
1772331803,kamailio,chatafl_opt,1,b_abs,7129
1772331806,kamailio,chatafl_opt,1,l_per,5.8
1772331806,kamailio,chatafl_opt,1,l_abs,13710
1772331806,kamailio,chatafl_opt,1,b_per,1.3
1772331806,kamailio,chatafl_opt,1,b_abs,7130
1772331810,kamailio,chatafl_opt,1,l_per,5.8
1772331810,kamailio,chatafl_opt,1,l_abs,13711
1772331810,kamailio,chatafl_opt,1,b_per,1.3
1772331810,kamailio,chatafl_opt,1,b_abs,7131
1772331813,kamailio,chatafl_opt,1,l_per,5.8
1772331813,kamailio,chatafl_opt,1,l_abs,13711
1772331813,kamailio,chatafl_opt,1,b_per,1.3
1772331813,kamailio,chatafl_opt,1,b_abs,7133
1772331814,kamailio,chatafl_opt,1,l_per,5.8
1772331814,kamailio,chatafl_opt,1,l_abs,13716
1772331814,kamailio,chatafl_opt,1,b_per,1.3
1772331814,kamailio,chatafl_opt,1,b_abs,7135
1772331821,kamailio,chatafl_opt,1,l_per,5.8
1772331821,kamailio,chatafl_opt,1,l_abs,13716
1772331821,kamailio,chatafl_opt,1,b_per,1.3
1772331821,kamailio,chatafl_opt,1,b_abs,7135
1772331823,kamailio,chatafl_opt,1,l_per,5.8
1772331823,kamailio,chatafl_opt,1,l_abs,13721
1772331823,kamailio,chatafl_opt,1,b_per,1.3
1772331823,kamailio,chatafl_opt,1,b_abs,7138
1772331825,kamailio,chatafl_opt,1,l_per,5.8
1772331825,kamailio,chatafl_opt,1,l_abs,13721
1772331825,kamailio,chatafl_opt,1,b_per,1.3
1772331825,kamailio,chatafl_opt,1,b_abs,7140
1772331828,kamailio,chatafl_opt,1,l_per,5.8
1772331828,kamailio,chatafl_opt,1,l_abs,13724
1772331828,kamailio,chatafl_opt,1,b_per,1.3
1772331828,kamailio,chatafl_opt,1,b_abs,7149
1772331829,kamailio,chatafl_opt,1,l_per,5.8
1772331829,kamailio,chatafl_opt,1,l_abs,13727
1772331829,kamailio,chatafl_opt,1,b_per,1.3
1772331829,kamailio,chatafl_opt,1,b_abs,7158
1772331832,kamailio,chatafl_opt,1,l_per,5.8
1772331832,kamailio,chatafl_opt,1,l_abs,13756
1772331832,kamailio,chatafl_opt,1,b_per,1.3
1772331832,kamailio,chatafl_opt,1,b_abs,7180
1772331838,kamailio,chatafl_opt,1,l_per,5.8
1772331838,kamailio,chatafl_opt,1,l_abs,13756
1772331838,kamailio,chatafl_opt,1,b_per,1.3
1772331838,kamailio,chatafl_opt,1,b_abs,7180
1772331842,kamailio,chatafl_opt,1,l_per,5.8
1772331842,kamailio,chatafl_opt,1,l_abs,13762
1772331842,kamailio,chatafl_opt,1,b_per,1.3
1772331842,kamailio,chatafl_opt,1,b_abs,7182
1772331844,kamailio,chatafl_opt,1,l_per,5.8
1772331844,kamailio,chatafl_opt,1,l_abs,13762
1772331844,kamailio,chatafl_opt,1,b_per,1.3
1772331844,kamailio,chatafl_opt,1,b_abs,7183
1772331848,kamailio,chatafl_opt,1,l_per,5.8
1772331848,kamailio,chatafl_opt,1,l_abs,13766
1772331848,kamailio,chatafl_opt,1,b_per,1.3
1772331848,kamailio,chatafl_opt,1,b_abs,7184
1772331852,kamailio,chatafl_opt,1,l_per,5.8
1772331852,kamailio,chatafl_opt,1,l_abs,13769
1772331852,kamailio,chatafl_opt,1,b_per,1.3
1772331852,kamailio,chatafl_opt,1,b_abs,7185
1772331854,kamailio,chatafl_opt,1,l_per,5.8
1772331854,kamailio,chatafl_opt,1,l_abs,13771
1772331854,kamailio,chatafl_opt,1,b_per,1.3
1772331854,kamailio,chatafl_opt,1,b_abs,7186
1772331856,kamailio,chatafl_opt,1,l_per,5.8
1772331856,kamailio,chatafl_opt,1,l_abs,13773
1772331856,kamailio,chatafl_opt,1,b_per,1.3
1772331856,kamailio,chatafl_opt,1,b_abs,7188
1772331859,kamailio,chatafl_opt,1,l_per,5.8
1772331859,kamailio,chatafl_opt,1,l_abs,13786
1772331859,kamailio,chatafl_opt,1,b_per,1.3
1772331859,kamailio,chatafl_opt,1,b_abs,7211
1772331861,kamailio,chatafl_opt,1,l_per,5.8
1772331861,kamailio,chatafl_opt,1,l_abs,13786
1772331861,kamailio,chatafl_opt,1,b_per,1.3
1772331861,kamailio,chatafl_opt,1,b_abs,7212
1772331862,kamailio,chatafl_opt,1,l_per,5.8
1772331862,kamailio,chatafl_opt,1,l_abs,13786
1772331862,kamailio,chatafl_opt,1,b_per,1.3
1772331862,kamailio,chatafl_opt,1,b_abs,7212
1772331864,kamailio,chatafl_opt,1,l_per,5.8
1772331864,kamailio,chatafl_opt,1,l_abs,13787
1772331864,kamailio,chatafl_opt,1,b_per,1.3
1772331864,kamailio,chatafl_opt,1,b_abs,7214
1772331866,kamailio,chatafl_opt,1,l_per,5.8
1772331866,kamailio,chatafl_opt,1,l_abs,13788
1772331866,kamailio,chatafl_opt,1,b_per,1.3
1772331866,kamailio,chatafl_opt,1,b_abs,7215
1772331867,kamailio,chatafl_opt,1,l_per,5.8
1772331867,kamailio,chatafl_opt,1,l_abs,13791
1772331867,kamailio,chatafl_opt,1,b_per,1.3
1772331867,kamailio,chatafl_opt,1,b_abs,7218
1772331869,kamailio,chatafl_opt,1,l_per,5.8
1772331869,kamailio,chatafl_opt,1,l_abs,13791
1772331869,kamailio,chatafl_opt,1,b_per,1.3
1772331869,kamailio,chatafl_opt,1,b_abs,7221
1772331871,kamailio,chatafl_opt,1,l_per,5.8
1772331871,kamailio,chatafl_opt,1,l_abs,13791
1772331871,kamailio,chatafl_opt,1,b_per,1.3
1772331871,kamailio,chatafl_opt,1,b_abs,7221
1772331873,kamailio,chatafl_opt,1,l_per,5.8
1772331873,kamailio,chatafl_opt,1,l_abs,13791
1772331873,kamailio,chatafl_opt,1,b_per,1.3
1772331873,kamailio,chatafl_opt,1,b_abs,7221
1772331874,kamailio,chatafl_opt,1,l_per,5.8
1772331874,kamailio,chatafl_opt,1,l_abs,13793
1772331874,kamailio,chatafl_opt,1,b_per,1.3
1772331874,kamailio,chatafl_opt,1,b_abs,7231
1772331876,kamailio,chatafl_opt,1,l_per,5.8
1772331876,kamailio,chatafl_opt,1,l_abs,13793
1772331876,kamailio,chatafl_opt,1,b_per,1.3
1772331876,kamailio,chatafl_opt,1,b_abs,7231
1772331878,kamailio,chatafl_opt,1,l_per,5.8
1772331878,kamailio,chatafl_opt,1,l_abs,13793
1772331878,kamailio,chatafl_opt,1,b_per,1.3
1772331878,kamailio,chatafl_opt,1,b_abs,7231
1772331879,kamailio,chatafl_opt,1,l_per,5.8
1772331879,kamailio,chatafl_opt,1,l_abs,13793
1772331879,kamailio,chatafl_opt,1,b_per,1.3
1772331879,kamailio,chatafl_opt,1,b_abs,7232
1772331881,kamailio,chatafl_opt,1,l_per,5.8
1772331881,kamailio,chatafl_opt,1,l_abs,13796
1772331881,kamailio,chatafl_opt,1,b_per,1.3
1772331881,kamailio,chatafl_opt,1,b_abs,7242
1772331883,kamailio,chatafl_opt,1,l_per,5.8
1772331883,kamailio,chatafl_opt,1,l_abs,13796
1772331883,kamailio,chatafl_opt,1,b_per,1.3
1772331883,kamailio,chatafl_opt,1,b_abs,7242
1772331884,kamailio,chatafl_opt,1,l_per,5.8
1772331884,kamailio,chatafl_opt,1,l_abs,13796
1772331884,kamailio,chatafl_opt,1,b_per,1.3
1772331884,kamailio,chatafl_opt,1,b_abs,7243
1772331886,kamailio,chatafl_opt,1,l_per,5.8
1772331886,kamailio,chatafl_opt,1,l_abs,13796
1772331886,kamailio,chatafl_opt,1,b_per,1.3
1772331886,kamailio,chatafl_opt,1,b_abs,7243
1772331888,kamailio,chatafl_opt,1,l_per,5.8
1772331888,kamailio,chatafl_opt,1,l_abs,13796
1772331888,kamailio,chatafl_opt,1,b_per,1.3
1772331888,kamailio,chatafl_opt,1,b_abs,7243
1772331889,kamailio,chatafl_opt,1,l_per,5.8
1772331889,kamailio,chatafl_opt,1,l_abs,13796
1772331889,kamailio,chatafl_opt,1,b_per,1.3
1772331889,kamailio,chatafl_opt,1,b_abs,7243
1772331891,kamailio,chatafl_opt,1,l_per,5.8
1772331891,kamailio,chatafl_opt,1,l_abs,13796
1772331891,kamailio,chatafl_opt,1,b_per,1.3
1772331891,kamailio,chatafl_opt,1,b_abs,7243
1772331893,kamailio,chatafl_opt,1,l_per,5.8
1772331893,kamailio,chatafl_opt,1,l_abs,13796
1772331893,kamailio,chatafl_opt,1,b_per,1.3
1772331893,kamailio,chatafl_opt,1,b_abs,7243
1772331894,kamailio,chatafl_opt,1,l_per,5.8
1772331894,kamailio,chatafl_opt,1,l_abs,13796
1772331894,kamailio,chatafl_opt,1,b_per,1.3
1772331894,kamailio,chatafl_opt,1,b_abs,7244
1772331896,kamailio,chatafl_opt,1,l_per,5.8
1772331896,kamailio,chatafl_opt,1,l_abs,13796
1772331896,kamailio,chatafl_opt,1,b_per,1.3
1772331896,kamailio,chatafl_opt,1,b_abs,7245
1772331898,kamailio,chatafl_opt,1,l_per,5.8
1772331898,kamailio,chatafl_opt,1,l_abs,13796
1772331898,kamailio,chatafl_opt,1,b_per,1.3
1772331898,kamailio,chatafl_opt,1,b_abs,7245
1772331900,kamailio,chatafl_opt,1,l_per,5.8
1772331900,kamailio,chatafl_opt,1,l_abs,13796
1772331900,kamailio,chatafl_opt,1,b_per,1.3
1772331900,kamailio,chatafl_opt,1,b_abs,7245
1772331902,kamailio,chatafl_opt,1,l_per,5.8
1772331902,kamailio,chatafl_opt,1,l_abs,13796
1772331902,kamailio,chatafl_opt,1,b_per,1.3
1772331902,kamailio,chatafl_opt,1,b_abs,7245
1772331904,kamailio,chatafl_opt,1,l_per,5.8
1772331904,kamailio,chatafl_opt,1,l_abs,13796
1772331904,kamailio,chatafl_opt,1,b_per,1.3
1772331904,kamailio,chatafl_opt,1,b_abs,7245
1772331906,kamailio,chatafl_opt,1,l_per,5.8
1772331906,kamailio,chatafl_opt,1,l_abs,13796
1772331906,kamailio,chatafl_opt,1,b_per,1.3
1772331906,kamailio,chatafl_opt,1,b_abs,7246
1772331908,kamailio,chatafl_opt,1,l_per,5.8
1772331908,kamailio,chatafl_opt,1,l_abs,13799
1772331908,kamailio,chatafl_opt,1,b_per,1.3
1772331908,kamailio,chatafl_opt,1,b_abs,7256
1772331909,kamailio,chatafl_opt,1,l_per,5.8
1772331909,kamailio,chatafl_opt,1,l_abs,13799
1772331909,kamailio,chatafl_opt,1,b_per,1.3
1772331909,kamailio,chatafl_opt,1,b_abs,7258
1772331911,kamailio,chatafl_opt,1,l_per,5.8
1772331911,kamailio,chatafl_opt,1,l_abs,13799
1772331911,kamailio,chatafl_opt,1,b_per,1.3
1772331911,kamailio,chatafl_opt,1,b_abs,7258
1772331913,kamailio,chatafl_opt,1,l_per,5.8
1772331913,kamailio,chatafl_opt,1,l_abs,13808
1772331913,kamailio,chatafl_opt,1,b_per,1.3
1772331913,kamailio,chatafl_opt,1,b_abs,7267
1772331915,kamailio,chatafl_opt,1,l_per,5.8
1772331915,kamailio,chatafl_opt,1,l_abs,13808
1772331915,kamailio,chatafl_opt,1,b_per,1.3
1772331915,kamailio,chatafl_opt,1,b_abs,7267
1772331917,kamailio,chatafl_opt,1,l_per,5.8
1772331917,kamailio,chatafl_opt,1,l_abs,13809
1772331917,kamailio,chatafl_opt,1,b_per,1.3
1772331917,kamailio,chatafl_opt,1,b_abs,7268
1772331919,kamailio,chatafl_opt,1,l_per,5.8
1772331919,kamailio,chatafl_opt,1,l_abs,13809
1772331919,kamailio,chatafl_opt,1,b_per,1.3
1772331919,kamailio,chatafl_opt,1,b_abs,7269
1772331921,kamailio,chatafl_opt,1,l_per,5.8
1772331921,kamailio,chatafl_opt,1,l_abs,13809
1772331921,kamailio,chatafl_opt,1,b_per,1.3
1772331921,kamailio,chatafl_opt,1,b_abs,7269
1772331923,kamailio,chatafl_opt,1,l_per,5.8
1772331923,kamailio,chatafl_opt,1,l_abs,13809
1772331923,kamailio,chatafl_opt,1,b_per,1.3
1772331923,kamailio,chatafl_opt,1,b_abs,7269
1772331924,kamailio,chatafl_opt,1,l_per,5.8
1772331924,kamailio,chatafl_opt,1,l_abs,13809
1772331924,kamailio,chatafl_opt,1,b_per,1.3
1772331924,kamailio,chatafl_opt,1,b_abs,7274
1772331927,kamailio,chatafl_opt,1,l_per,5.8
1772331927,kamailio,chatafl_opt,1,l_abs,13809
1772331927,kamailio,chatafl_opt,1,b_per,1.3
1772331927,kamailio,chatafl_opt,1,b_abs,7274
1772331930,kamailio,chatafl_opt,1,l_per,5.8
1772331930,kamailio,chatafl_opt,1,l_abs,13816
1772331930,kamailio,chatafl_opt,1,b_per,1.3
1772331930,kamailio,chatafl_opt,1,b_abs,7277
1772331932,kamailio,chatafl_opt,1,l_per,5.8
1772331932,kamailio,chatafl_opt,1,l_abs,13816
1772331932,kamailio,chatafl_opt,1,b_per,1.3
1772331932,kamailio,chatafl_opt,1,b_abs,7277
1772331934,kamailio,chatafl_opt,1,l_per,5.8
1772331934,kamailio,chatafl_opt,1,l_abs,13816
1772331934,kamailio,chatafl_opt,1,b_per,1.3
1772331934,kamailio,chatafl_opt,1,b_abs,7277
1772331936,kamailio,chatafl_opt,1,l_per,5.8
1772331936,kamailio,chatafl_opt,1,l_abs,13822
1772331936,kamailio,chatafl_opt,1,b_per,1.3
1772331936,kamailio,chatafl_opt,1,b_abs,7279
1772331939,kamailio,chatafl_opt,1,l_per,5.8
1772331939,kamailio,chatafl_opt,1,l_abs,13822
1772331939,kamailio,chatafl_opt,1,b_per,1.3
1772331939,kamailio,chatafl_opt,1,b_abs,7279
1772331943,kamailio,chatafl_opt,1,l_per,5.8
1772331943,kamailio,chatafl_opt,1,l_abs,13822
1772331943,kamailio,chatafl_opt,1,b_per,1.3
1772331943,kamailio,chatafl_opt,1,b_abs,7279
1772331945,kamailio,chatafl_opt,1,l_per,5.8
1772331945,kamailio,chatafl_opt,1,l_abs,13822
1772331945,kamailio,chatafl_opt,1,b_per,1.3
1772331945,kamailio,chatafl_opt,1,b_abs,7280
1772331947,kamailio,chatafl_opt,1,l_per,5.8
1772331947,kamailio,chatafl_opt,1,l_abs,13822
1772331947,kamailio,chatafl_opt,1,b_per,1.3
1772331947,kamailio,chatafl_opt,1,b_abs,7280
1772331949,kamailio,chatafl_opt,1,l_per,5.8
1772331949,kamailio,chatafl_opt,1,l_abs,13822
1772331949,kamailio,chatafl_opt,1,b_per,1.3
1772331949,kamailio,chatafl_opt,1,b_abs,7280
1772331953,kamailio,chatafl_opt,1,l_per,5.8
1772331953,kamailio,chatafl_opt,1,l_abs,13827
1772331953,kamailio,chatafl_opt,1,b_per,1.3
1772331953,kamailio,chatafl_opt,1,b_abs,7290
1772331957,kamailio,chatafl_opt,1,l_per,5.8
1772331957,kamailio,chatafl_opt,1,l_abs,13827
1772331957,kamailio,chatafl_opt,1,b_per,1.3
1772331957,kamailio,chatafl_opt,1,b_abs,7291
1772331960,kamailio,chatafl_opt,1,l_per,5.8
1772331960,kamailio,chatafl_opt,1,l_abs,13827
1772331960,kamailio,chatafl_opt,1,b_per,1.3
1772331960,kamailio,chatafl_opt,1,b_abs,7291
1772331963,kamailio,chatafl_opt,1,l_per,5.8
1772331963,kamailio,chatafl_opt,1,l_abs,13827
1772331963,kamailio,chatafl_opt,1,b_per,1.3
1772331963,kamailio,chatafl_opt,1,b_abs,7291
1772331966,kamailio,chatafl_opt,1,l_per,5.8
1772331966,kamailio,chatafl_opt,1,l_abs,13827
1772331966,kamailio,chatafl_opt,1,b_per,1.3
1772331966,kamailio,chatafl_opt,1,b_abs,7291
1772331968,kamailio,chatafl_opt,1,l_per,5.8
1772331968,kamailio,chatafl_opt,1,l_abs,13827
1772331968,kamailio,chatafl_opt,1,b_per,1.3
1772331968,kamailio,chatafl_opt,1,b_abs,7291
1772331971,kamailio,chatafl_opt,1,l_per,5.8
1772331971,kamailio,chatafl_opt,1,l_abs,13827
1772331971,kamailio,chatafl_opt,1,b_per,1.3
1772331971,kamailio,chatafl_opt,1,b_abs,7292
1772331974,kamailio,chatafl_opt,1,l_per,5.8
1772331974,kamailio,chatafl_opt,1,l_abs,13827
1772331974,kamailio,chatafl_opt,1,b_per,1.3
1772331974,kamailio,chatafl_opt,1,b_abs,7292
1772331983,kamailio,chatafl_opt,1,l_per,5.8
1772331983,kamailio,chatafl_opt,1,l_abs,13827
1772331983,kamailio,chatafl_opt,1,b_per,1.3
1772331983,kamailio,chatafl_opt,1,b_abs,7292
1772331984,kamailio,chatafl_opt,1,l_per,5.8
1772331984,kamailio,chatafl_opt,1,l_abs,13828
1772331984,kamailio,chatafl_opt,1,b_per,1.3
1772331984,kamailio,chatafl_opt,1,b_abs,7293
1772331989,kamailio,chatafl_opt,1,l_per,5.8
1772331989,kamailio,chatafl_opt,1,l_abs,13828
1772331989,kamailio,chatafl_opt,1,b_per,1.3
1772331989,kamailio,chatafl_opt,1,b_abs,7293
1772331990,kamailio,chatafl_opt,1,l_per,5.8
1772331990,kamailio,chatafl_opt,1,l_abs,13828
1772331990,kamailio,chatafl_opt,1,b_per,1.3
1772331990,kamailio,chatafl_opt,1,b_abs,7293
1772331992,kamailio,chatafl_opt,1,l_per,5.8
1772331992,kamailio,chatafl_opt,1,l_abs,13828
1772331992,kamailio,chatafl_opt,1,b_per,1.3
1772331992,kamailio,chatafl_opt,1,b_abs,7293
1772332000,kamailio,chatafl_opt,1,l_per,5.8
1772332000,kamailio,chatafl_opt,1,l_abs,13828
1772332000,kamailio,chatafl_opt,1,b_per,1.3
1772332000,kamailio,chatafl_opt,1,b_abs,7293
1772332002,kamailio,chatafl_opt,1,l_per,5.8
1772332002,kamailio,chatafl_opt,1,l_abs,13828
1772332002,kamailio,chatafl_opt,1,b_per,1.3
1772332002,kamailio,chatafl_opt,1,b_abs,7293
1772332006,kamailio,chatafl_opt,1,l_per,5.8
1772332006,kamailio,chatafl_opt,1,l_abs,13828
1772332006,kamailio,chatafl_opt,1,b_per,1.3
1772332006,kamailio,chatafl_opt,1,b_abs,7293
1772332013,kamailio,chatafl_opt,1,l_per,5.8
1772332013,kamailio,chatafl_opt,1,l_abs,13828
1772332013,kamailio,chatafl_opt,1,b_per,1.3
1772332013,kamailio,chatafl_opt,1,b_abs,7293
1772332021,kamailio,chatafl_opt,1,l_per,5.8
1772332021,kamailio,chatafl_opt,1,l_abs,13832
1772332021,kamailio,chatafl_opt,1,b_per,1.3
1772332021,kamailio,chatafl_opt,1,b_abs,7294
1772332029,kamailio,chatafl_opt,1,l_per,5.8
1772332029,kamailio,chatafl_opt,1,l_abs,13848
1772332029,kamailio,chatafl_opt,1,b_per,1.3
1772332029,kamailio,chatafl_opt,1,b_abs,7317
1772332037,kamailio,chatafl_opt,1,l_per,5.8
1772332037,kamailio,chatafl_opt,1,l_abs,13848
1772332037,kamailio,chatafl_opt,1,b_per,1.3
1772332037,kamailio,chatafl_opt,1,b_abs,7317
1772332044,kamailio,chatafl_opt,1,l_per,5.9
1772332044,kamailio,chatafl_opt,1,l_abs,13890
1772332044,kamailio,chatafl_opt,1,b_per,1.3
1772332044,kamailio,chatafl_opt,1,b_abs,7346
1772332046,kamailio,chatafl_opt,1,l_per,5.9
1772332046,kamailio,chatafl_opt,1,l_abs,13908
1772332046,kamailio,chatafl_opt,1,b_per,1.3
1772332046,kamailio,chatafl_opt,1,b_abs,7358
1772332048,kamailio,chatafl_opt,1,l_per,5.9
1772332048,kamailio,chatafl_opt,1,l_abs,13908
1772332048,kamailio,chatafl_opt,1,b_per,1.3
1772332048,kamailio,chatafl_opt,1,b_abs,7358
1772332049,kamailio,chatafl_opt,1,l_per,5.9
1772332049,kamailio,chatafl_opt,1,l_abs,13909
1772332049,kamailio,chatafl_opt,1,b_per,1.3
1772332049,kamailio,chatafl_opt,1,b_abs,7359
1772332051,kamailio,chatafl_opt,1,l_per,5.9
1772332051,kamailio,chatafl_opt,1,l_abs,13931
1772332051,kamailio,chatafl_opt,1,b_per,1.3
1772332051,kamailio,chatafl_opt,1,b_abs,7372
1772332053,kamailio,chatafl_opt,1,l_per,5.9
1772332053,kamailio,chatafl_opt,1,l_abs,13931
1772332053,kamailio,chatafl_opt,1,b_per,1.3
1772332053,kamailio,chatafl_opt,1,b_abs,7372
1772332055,kamailio,chatafl_opt,1,l_per,5.9
1772332055,kamailio,chatafl_opt,1,l_abs,13931
1772332055,kamailio,chatafl_opt,1,b_per,1.3
1772332055,kamailio,chatafl_opt,1,b_abs,7372
1772332056,kamailio,chatafl_opt,1,l_per,5.9
1772332056,kamailio,chatafl_opt,1,l_abs,13937
1772332056,kamailio,chatafl_opt,1,b_per,1.3
1772332056,kamailio,chatafl_opt,1,b_abs,7373
1772332058,kamailio,chatafl_opt,1,l_per,5.9
1772332058,kamailio,chatafl_opt,1,l_abs,13937
1772332058,kamailio,chatafl_opt,1,b_per,1.3
1772332058,kamailio,chatafl_opt,1,b_abs,7373
1772332061,kamailio,chatafl_opt,1,l_per,5.9
1772332061,kamailio,chatafl_opt,1,l_abs,13946
1772332061,kamailio,chatafl_opt,1,b_per,1.3
1772332061,kamailio,chatafl_opt,1,b_abs,7375
1772332063,kamailio,chatafl_opt,1,l_per,5.9
1772332063,kamailio,chatafl_opt,1,l_abs,13946
1772332063,kamailio,chatafl_opt,1,b_per,1.3
1772332063,kamailio,chatafl_opt,1,b_abs,7375
1772332065,kamailio,chatafl_opt,1,l_per,6.0
1772332065,kamailio,chatafl_opt,1,l_abs,14290
1772332065,kamailio,chatafl_opt,1,b_per,1.3
1772332065,kamailio,chatafl_opt,1,b_abs,7561
1772332067,kamailio,chatafl_opt,1,l_per,6.0
1772332067,kamailio,chatafl_opt,1,l_abs,14290
1772332067,kamailio,chatafl_opt,1,b_per,1.3
1772332067,kamailio,chatafl_opt,1,b_abs,7561
1772332069,kamailio,chatafl_opt,1,l_per,6.0
1772332069,kamailio,chatafl_opt,1,l_abs,14318
1772332069,kamailio,chatafl_opt,1,b_per,1.3
1772332069,kamailio,chatafl_opt,1,b_abs,7578
1772332071,kamailio,chatafl_opt,1,l_per,6.0
1772332071,kamailio,chatafl_opt,1,l_abs,14318
1772332071,kamailio,chatafl_opt,1,b_per,1.3
1772332071,kamailio,chatafl_opt,1,b_abs,7578
1772332072,kamailio,chatafl_opt,1,l_per,6.0
1772332072,kamailio,chatafl_opt,1,l_abs,14320
1772332072,kamailio,chatafl_opt,1,b_per,1.3
1772332072,kamailio,chatafl_opt,1,b_abs,7583
1772332074,kamailio,chatafl_opt,1,l_per,6.0
1772332074,kamailio,chatafl_opt,1,l_abs,14324
1772332074,kamailio,chatafl_opt,1,b_per,1.3
1772332074,kamailio,chatafl_opt,1,b_abs,7589
1772332076,kamailio,chatafl_opt,1,l_per,6.0
1772332076,kamailio,chatafl_opt,1,l_abs,14324
1772332076,kamailio,chatafl_opt,1,b_per,1.3
1772332076,kamailio,chatafl_opt,1,b_abs,7590
1772332078,kamailio,chatafl_opt,1,l_per,6.0
1772332078,kamailio,chatafl_opt,1,l_abs,14332
1772332078,kamailio,chatafl_opt,1,b_per,1.3
1772332078,kamailio,chatafl_opt,1,b_abs,7603
1772332080,kamailio,chatafl_opt,1,l_per,6.0
1772332080,kamailio,chatafl_opt,1,l_abs,14332
1772332080,kamailio,chatafl_opt,1,b_per,1.3
1772332080,kamailio,chatafl_opt,1,b_abs,7603
1772332082,kamailio,chatafl_opt,1,l_per,6.1
1772332082,kamailio,chatafl_opt,1,l_abs,14402
1772332082,kamailio,chatafl_opt,1,b_per,1.4
1772332082,kamailio,chatafl_opt,1,b_abs,7671
1772332084,kamailio,chatafl_opt,1,l_per,6.1
1772332084,kamailio,chatafl_opt,1,l_abs,14413
1772332084,kamailio,chatafl_opt,1,b_per,1.4
1772332084,kamailio,chatafl_opt,1,b_abs,7691
1772332085,kamailio,chatafl_opt,1,l_per,6.1
1772332085,kamailio,chatafl_opt,1,l_abs,14416
1772332085,kamailio,chatafl_opt,1,b_per,1.4
1772332085,kamailio,chatafl_opt,1,b_abs,7692
1772332087,kamailio,chatafl_opt,1,l_per,6.1
1772332087,kamailio,chatafl_opt,1,l_abs,14487
1772332087,kamailio,chatafl_opt,1,b_per,1.4
1772332087,kamailio,chatafl_opt,1,b_abs,7752
1772332089,kamailio,chatafl_opt,1,l_per,6.1
1772332089,kamailio,chatafl_opt,1,l_abs,14492
1772332089,kamailio,chatafl_opt,1,b_per,1.4
1772332089,kamailio,chatafl_opt,1,b_abs,7762
1772332090,kamailio,chatafl_opt,1,l_per,6.1
1772332090,kamailio,chatafl_opt,1,l_abs,14493
1772332090,kamailio,chatafl_opt,1,b_per,1.4
1772332090,kamailio,chatafl_opt,1,b_abs,7772
1772332092,kamailio,chatafl_opt,1,l_per,6.1
1772332092,kamailio,chatafl_opt,1,l_abs,14497
1772332092,kamailio,chatafl_opt,1,b_per,1.4
1772332092,kamailio,chatafl_opt,1,b_abs,7778
1772332094,kamailio,chatafl_opt,1,l_per,6.1
1772332094,kamailio,chatafl_opt,1,l_abs,14501
1772332094,kamailio,chatafl_opt,1,b_per,1.4
1772332094,kamailio,chatafl_opt,1,b_abs,7780
1772332096,kamailio,chatafl_opt,1,l_per,6.1
1772332096,kamailio,chatafl_opt,1,l_abs,14501
1772332096,kamailio,chatafl_opt,1,b_per,1.4
1772332096,kamailio,chatafl_opt,1,b_abs,7781
1772332097,kamailio,chatafl_opt,1,l_per,6.1
1772332097,kamailio,chatafl_opt,1,l_abs,14504
1772332097,kamailio,chatafl_opt,1,b_per,1.4
1772332097,kamailio,chatafl_opt,1,b_abs,7782
1772332099,kamailio,chatafl_opt,1,l_per,6.1
1772332099,kamailio,chatafl_opt,1,l_abs,14514
1772332099,kamailio,chatafl_opt,1,b_per,1.4
1772332099,kamailio,chatafl_opt,1,b_abs,7785
1772332101,kamailio,chatafl_opt,1,l_per,6.1
1772332101,kamailio,chatafl_opt,1,l_abs,14514
1772332101,kamailio,chatafl_opt,1,b_per,1.4
1772332101,kamailio,chatafl_opt,1,b_abs,7785
1772332103,kamailio,chatafl_opt,1,l_per,6.1
1772332103,kamailio,chatafl_opt,1,l_abs,14517
1772332103,kamailio,chatafl_opt,1,b_per,1.4
1772332103,kamailio,chatafl_opt,1,b_abs,7788
1772332105,kamailio,chatafl_opt,1,l_per,6.1
1772332105,kamailio,chatafl_opt,1,l_abs,14520
1772332105,kamailio,chatafl_opt,1,b_per,1.4
1772332105,kamailio,chatafl_opt,1,b_abs,7794
1772332107,kamailio,chatafl_opt,1,l_per,6.1
1772332107,kamailio,chatafl_opt,1,l_abs,14520
1772332107,kamailio,chatafl_opt,1,b_per,1.4
1772332107,kamailio,chatafl_opt,1,b_abs,7794
1772332108,kamailio,chatafl_opt,1,l_per,6.1
1772332108,kamailio,chatafl_opt,1,l_abs,14530
1772332108,kamailio,chatafl_opt,1,b_per,1.4
1772332108,kamailio,chatafl_opt,1,b_abs,7806
1772332111,kamailio,chatafl_opt,1,l_per,6.1
1772332111,kamailio,chatafl_opt,1,l_abs,14530
1772332111,kamailio,chatafl_opt,1,b_per,1.4
1772332111,kamailio,chatafl_opt,1,b_abs,7807
1772332112,kamailio,chatafl_opt,1,l_per,6.1
1772332112,kamailio,chatafl_opt,1,l_abs,14530
1772332112,kamailio,chatafl_opt,1,b_per,1.4
1772332112,kamailio,chatafl_opt,1,b_abs,7807
1772332115,kamailio,chatafl_opt,1,l_per,6.1
1772332115,kamailio,chatafl_opt,1,l_abs,14536
1772332115,kamailio,chatafl_opt,1,b_per,1.4
1772332115,kamailio,chatafl_opt,1,b_abs,7813
1772332117,kamailio,chatafl_opt,1,l_per,6.1
1772332117,kamailio,chatafl_opt,1,l_abs,14537
1772332117,kamailio,chatafl_opt,1,b_per,1.4
1772332117,kamailio,chatafl_opt,1,b_abs,7814
1772332119,kamailio,chatafl_opt,1,l_per,6.1
1772332119,kamailio,chatafl_opt,1,l_abs,14537
1772332119,kamailio,chatafl_opt,1,b_per,1.4
1772332119,kamailio,chatafl_opt,1,b_abs,7814
1772332120,kamailio,chatafl_opt,1,l_per,6.1
1772332120,kamailio,chatafl_opt,1,l_abs,14537
1772332120,kamailio,chatafl_opt,1,b_per,1.4
1772332120,kamailio,chatafl_opt,1,b_abs,7814
1772332122,kamailio,chatafl_opt,1,l_per,6.1
1772332122,kamailio,chatafl_opt,1,l_abs,14537
1772332122,kamailio,chatafl_opt,1,b_per,1.4
1772332122,kamailio,chatafl_opt,1,b_abs,7814
1772332124,kamailio,chatafl_opt,1,l_per,6.1
1772332124,kamailio,chatafl_opt,1,l_abs,14537
1772332124,kamailio,chatafl_opt,1,b_per,1.4
1772332124,kamailio,chatafl_opt,1,b_abs,7814
1772332126,kamailio,chatafl_opt,1,l_per,6.1
1772332126,kamailio,chatafl_opt,1,l_abs,14543
1772332126,kamailio,chatafl_opt,1,b_per,1.4
1772332126,kamailio,chatafl_opt,1,b_abs,7818
1772332128,kamailio,chatafl_opt,1,l_per,6.1
1772332128,kamailio,chatafl_opt,1,l_abs,14550
1772332128,kamailio,chatafl_opt,1,b_per,1.4
1772332128,kamailio,chatafl_opt,1,b_abs,7820
1772332130,kamailio,chatafl_opt,1,l_per,6.1
1772332130,kamailio,chatafl_opt,1,l_abs,14554
1772332130,kamailio,chatafl_opt,1,b_per,1.4
1772332130,kamailio,chatafl_opt,1,b_abs,7830
1772332131,kamailio,chatafl_opt,1,l_per,6.1
1772332131,kamailio,chatafl_opt,1,l_abs,14554
1772332131,kamailio,chatafl_opt,1,b_per,1.4
1772332131,kamailio,chatafl_opt,1,b_abs,7830
1772332133,kamailio,chatafl_opt,1,l_per,6.1
1772332133,kamailio,chatafl_opt,1,l_abs,14554
1772332133,kamailio,chatafl_opt,1,b_per,1.4
1772332133,kamailio,chatafl_opt,1,b_abs,7830
1772332135,kamailio,chatafl_opt,1,l_per,6.1
1772332135,kamailio,chatafl_opt,1,l_abs,14554
1772332135,kamailio,chatafl_opt,1,b_per,1.4
1772332135,kamailio,chatafl_opt,1,b_abs,7831
1772332137,kamailio,chatafl_opt,1,l_per,6.1
1772332137,kamailio,chatafl_opt,1,l_abs,14554
1772332137,kamailio,chatafl_opt,1,b_per,1.4
1772332137,kamailio,chatafl_opt,1,b_abs,7831
1772332139,kamailio,chatafl_opt,1,l_per,6.2
1772332139,kamailio,chatafl_opt,1,l_abs,14633
1772332139,kamailio,chatafl_opt,1,b_per,1.4
1772332139,kamailio,chatafl_opt,1,b_abs,7888
1772332141,kamailio,chatafl_opt,1,l_per,6.2
1772332141,kamailio,chatafl_opt,1,l_abs,14633
1772332141,kamailio,chatafl_opt,1,b_per,1.4
1772332141,kamailio,chatafl_opt,1,b_abs,7888
1772332142,kamailio,chatafl_opt,1,l_per,6.2
1772332142,kamailio,chatafl_opt,1,l_abs,14633
1772332142,kamailio,chatafl_opt,1,b_per,1.4
1772332142,kamailio,chatafl_opt,1,b_abs,7888
1772332144,kamailio,chatafl_opt,1,l_per,6.2
1772332144,kamailio,chatafl_opt,1,l_abs,14635
1772332144,kamailio,chatafl_opt,1,b_per,1.4
1772332144,kamailio,chatafl_opt,1,b_abs,7891
1772332146,kamailio,chatafl_opt,1,l_per,6.2
1772332146,kamailio,chatafl_opt,1,l_abs,14635
1772332146,kamailio,chatafl_opt,1,b_per,1.4
1772332146,kamailio,chatafl_opt,1,b_abs,7891
1772332148,kamailio,chatafl_opt,1,l_per,6.2
1772332148,kamailio,chatafl_opt,1,l_abs,14644
1772332148,kamailio,chatafl_opt,1,b_per,1.4
1772332148,kamailio,chatafl_opt,1,b_abs,7893
1772332150,kamailio,chatafl_opt,1,l_per,6.2
1772332150,kamailio,chatafl_opt,1,l_abs,14647
1772332150,kamailio,chatafl_opt,1,b_per,1.4
1772332150,kamailio,chatafl_opt,1,b_abs,7902
1772332152,kamailio,chatafl_opt,1,l_per,6.2
1772332152,kamailio,chatafl_opt,1,l_abs,14647
1772332152,kamailio,chatafl_opt,1,b_per,1.4
1772332152,kamailio,chatafl_opt,1,b_abs,7902
1772332153,kamailio,chatafl_opt,1,l_per,6.2
1772332153,kamailio,chatafl_opt,1,l_abs,14650
1772332153,kamailio,chatafl_opt,1,b_per,1.4
1772332153,kamailio,chatafl_opt,1,b_abs,7905
1772332155,kamailio,chatafl_opt,1,l_per,6.2
1772332155,kamailio,chatafl_opt,1,l_abs,14650
1772332155,kamailio,chatafl_opt,1,b_per,1.4
1772332155,kamailio,chatafl_opt,1,b_abs,7905
1772332157,kamailio,chatafl_opt,1,l_per,6.2
1772332157,kamailio,chatafl_opt,1,l_abs,14650
1772332157,kamailio,chatafl_opt,1,b_per,1.4
1772332157,kamailio,chatafl_opt,1,b_abs,7905
1772332159,kamailio,chatafl_opt,1,l_per,6.2
1772332159,kamailio,chatafl_opt,1,l_abs,14651
1772332159,kamailio,chatafl_opt,1,b_per,1.4
1772332159,kamailio,chatafl_opt,1,b_abs,7909
1772332161,kamailio,chatafl_opt,1,l_per,6.2
1772332161,kamailio,chatafl_opt,1,l_abs,14651
1772332161,kamailio,chatafl_opt,1,b_per,1.4
1772332161,kamailio,chatafl_opt,1,b_abs,7909
1772332162,kamailio,chatafl_opt,1,l_per,6.2
1772332162,kamailio,chatafl_opt,1,l_abs,14651
1772332162,kamailio,chatafl_opt,1,b_per,1.4
1772332162,kamailio,chatafl_opt,1,b_abs,7910
1772332164,kamailio,chatafl_opt,1,l_per,6.2
1772332164,kamailio,chatafl_opt,1,l_abs,14651
1772332164,kamailio,chatafl_opt,1,b_per,1.4
1772332164,kamailio,chatafl_opt,1,b_abs,7910
1772332166,kamailio,chatafl_opt,1,l_per,6.2
1772332166,kamailio,chatafl_opt,1,l_abs,14653
1772332166,kamailio,chatafl_opt,1,b_per,1.4
1772332166,kamailio,chatafl_opt,1,b_abs,7911
1772332168,kamailio,chatafl_opt,1,l_per,6.2
1772332168,kamailio,chatafl_opt,1,l_abs,14653
1772332168,kamailio,chatafl_opt,1,b_per,1.4
1772332168,kamailio,chatafl_opt,1,b_abs,7911
1772332171,kamailio,chatafl_opt,1,l_per,6.2
1772332171,kamailio,chatafl_opt,1,l_abs,14653
1772332171,kamailio,chatafl_opt,1,b_per,1.4
1772332171,kamailio,chatafl_opt,1,b_abs,7912
1772332174,kamailio,chatafl_opt,1,l_per,6.2
1772332174,kamailio,chatafl_opt,1,l_abs,14653
1772332174,kamailio,chatafl_opt,1,b_per,1.4
1772332174,kamailio,chatafl_opt,1,b_abs,7914
1772332175,kamailio,chatafl_opt,1,l_per,6.2
1772332175,kamailio,chatafl_opt,1,l_abs,14663
1772332175,kamailio,chatafl_opt,1,b_per,1.4
1772332175,kamailio,chatafl_opt,1,b_abs,7917
1772332177,kamailio,chatafl_opt,1,l_per,6.2
1772332177,kamailio,chatafl_opt,1,l_abs,14663
1772332177,kamailio,chatafl_opt,1,b_per,1.4
1772332177,kamailio,chatafl_opt,1,b_abs,7917
1772332179,kamailio,chatafl_opt,1,l_per,6.2
1772332179,kamailio,chatafl_opt,1,l_abs,14667
1772332179,kamailio,chatafl_opt,1,b_per,1.4
1772332179,kamailio,chatafl_opt,1,b_abs,7921
1772332181,kamailio,chatafl_opt,1,l_per,6.2
1772332181,kamailio,chatafl_opt,1,l_abs,14669
1772332181,kamailio,chatafl_opt,1,b_per,1.4
1772332181,kamailio,chatafl_opt,1,b_abs,7923
1772332182,kamailio,chatafl_opt,1,l_per,6.2
1772332182,kamailio,chatafl_opt,1,l_abs,14670
1772332182,kamailio,chatafl_opt,1,b_per,1.4
1772332182,kamailio,chatafl_opt,1,b_abs,7924
1772332184,kamailio,chatafl_opt,1,l_per,6.2
1772332184,kamailio,chatafl_opt,1,l_abs,14670
1772332184,kamailio,chatafl_opt,1,b_per,1.4
1772332184,kamailio,chatafl_opt,1,b_abs,7924
1772332186,kamailio,chatafl_opt,1,l_per,6.2
1772332186,kamailio,chatafl_opt,1,l_abs,14674
1772332186,kamailio,chatafl_opt,1,b_per,1.4
1772332186,kamailio,chatafl_opt,1,b_abs,7929
1772332188,kamailio,chatafl_opt,1,l_per,6.2
1772332188,kamailio,chatafl_opt,1,l_abs,14674
1772332188,kamailio,chatafl_opt,1,b_per,1.4
1772332188,kamailio,chatafl_opt,1,b_abs,7929
1772332189,kamailio,chatafl_opt,1,l_per,6.2
1772332189,kamailio,chatafl_opt,1,l_abs,14674
1772332189,kamailio,chatafl_opt,1,b_per,1.4
1772332189,kamailio,chatafl_opt,1,b_abs,7930
1772332191,kamailio,chatafl_opt,1,l_per,6.2
1772332191,kamailio,chatafl_opt,1,l_abs,14674
1772332191,kamailio,chatafl_opt,1,b_per,1.4
1772332191,kamailio,chatafl_opt,1,b_abs,7930
1772332193,kamailio,chatafl_opt,1,l_per,6.2
1772332193,kamailio,chatafl_opt,1,l_abs,14762
1772332193,kamailio,chatafl_opt,1,b_per,1.4
1772332193,kamailio,chatafl_opt,1,b_abs,8001
1772332195,kamailio,chatafl_opt,1,l_per,6.2
1772332195,kamailio,chatafl_opt,1,l_abs,14762
1772332195,kamailio,chatafl_opt,1,b_per,1.4
1772332195,kamailio,chatafl_opt,1,b_abs,8002
1772332197,kamailio,chatafl_opt,1,l_per,6.2
1772332197,kamailio,chatafl_opt,1,l_abs,14765
1772332197,kamailio,chatafl_opt,1,b_per,1.4
1772332197,kamailio,chatafl_opt,1,b_abs,8006
1772332199,kamailio,chatafl_opt,1,l_per,6.2
1772332199,kamailio,chatafl_opt,1,l_abs,14770
1772332199,kamailio,chatafl_opt,1,b_per,1.4
1772332199,kamailio,chatafl_opt,1,b_abs,8008
1772332201,kamailio,chatafl_opt,1,l_per,6.2
1772332201,kamailio,chatafl_opt,1,l_abs,14775
1772332201,kamailio,chatafl_opt,1,b_per,1.4
1772332201,kamailio,chatafl_opt,1,b_abs,8010
1772332202,kamailio,chatafl_opt,1,l_per,6.2
1772332202,kamailio,chatafl_opt,1,l_abs,14775
1772332202,kamailio,chatafl_opt,1,b_per,1.4
1772332202,kamailio,chatafl_opt,1,b_abs,8010
1772332204,kamailio,chatafl_opt,1,l_per,6.2
1772332204,kamailio,chatafl_opt,1,l_abs,14783
1772332204,kamailio,chatafl_opt,1,b_per,1.4
1772332204,kamailio,chatafl_opt,1,b_abs,8016
1772332206,kamailio,chatafl_opt,1,l_per,6.2
1772332206,kamailio,chatafl_opt,1,l_abs,14783
1772332206,kamailio,chatafl_opt,1,b_per,1.4
1772332206,kamailio,chatafl_opt,1,b_abs,8016
1772332209,kamailio,chatafl_opt,1,l_per,6.2
1772332209,kamailio,chatafl_opt,1,l_abs,14789
1772332209,kamailio,chatafl_opt,1,b_per,1.4
1772332209,kamailio,chatafl_opt,1,b_abs,8018
1772332211,kamailio,chatafl_opt,1,l_per,6.2
1772332211,kamailio,chatafl_opt,1,l_abs,14796
1772332211,kamailio,chatafl_opt,1,b_per,1.4
1772332211,kamailio,chatafl_opt,1,b_abs,8021
1772332213,kamailio,chatafl_opt,1,l_per,6.2
1772332213,kamailio,chatafl_opt,1,l_abs,14800
1772332213,kamailio,chatafl_opt,1,b_per,1.4
1772332213,kamailio,chatafl_opt,1,b_abs,8022
1772332214,kamailio,chatafl_opt,1,l_per,6.2
1772332214,kamailio,chatafl_opt,1,l_abs,14804
1772332214,kamailio,chatafl_opt,1,b_per,1.4
1772332214,kamailio,chatafl_opt,1,b_abs,8023
1772332216,kamailio,chatafl_opt,1,l_per,6.2
1772332216,kamailio,chatafl_opt,1,l_abs,14806
1772332216,kamailio,chatafl_opt,1,b_per,1.4
1772332216,kamailio,chatafl_opt,1,b_abs,8024
1772332218,kamailio,chatafl_opt,1,l_per,6.2
1772332218,kamailio,chatafl_opt,1,l_abs,14806
1772332218,kamailio,chatafl_opt,1,b_per,1.4
1772332218,kamailio,chatafl_opt,1,b_abs,8024
1772332220,kamailio,chatafl_opt,1,l_per,6.2
1772332220,kamailio,chatafl_opt,1,l_abs,14806
1772332220,kamailio,chatafl_opt,1,b_per,1.4
1772332220,kamailio,chatafl_opt,1,b_abs,8024
1772332222,kamailio,chatafl_opt,1,l_per,6.2
1772332222,kamailio,chatafl_opt,1,l_abs,14806
1772332222,kamailio,chatafl_opt,1,b_per,1.4
1772332222,kamailio,chatafl_opt,1,b_abs,8024
1772332224,kamailio,chatafl_opt,1,l_per,6.2
1772332224,kamailio,chatafl_opt,1,l_abs,14806
1772332224,kamailio,chatafl_opt,1,b_per,1.4
1772332224,kamailio,chatafl_opt,1,b_abs,8025
1772332226,kamailio,chatafl_opt,1,l_per,6.2
1772332226,kamailio,chatafl_opt,1,l_abs,14810
1772332226,kamailio,chatafl_opt,1,b_per,1.4
1772332226,kamailio,chatafl_opt,1,b_abs,8027
1772332227,kamailio,chatafl_opt,1,l_per,6.2
1772332227,kamailio,chatafl_opt,1,l_abs,14810
1772332227,kamailio,chatafl_opt,1,b_per,1.4
1772332227,kamailio,chatafl_opt,1,b_abs,8027
1772332231,kamailio,chatafl_opt,1,l_per,6.3
1772332231,kamailio,chatafl_opt,1,l_abs,14824
1772332231,kamailio,chatafl_opt,1,b_per,1.4
1772332231,kamailio,chatafl_opt,1,b_abs,8033
1772332233,kamailio,chatafl_opt,1,l_per,6.3
1772332233,kamailio,chatafl_opt,1,l_abs,14829
1772332233,kamailio,chatafl_opt,1,b_per,1.4
1772332233,kamailio,chatafl_opt,1,b_abs,8044
1772332235,kamailio,chatafl_opt,1,l_per,6.3
1772332235,kamailio,chatafl_opt,1,l_abs,14829
1772332235,kamailio,chatafl_opt,1,b_per,1.4
1772332235,kamailio,chatafl_opt,1,b_abs,8044
1772332237,kamailio,chatafl_opt,1,l_per,6.3
1772332237,kamailio,chatafl_opt,1,l_abs,14923
1772332237,kamailio,chatafl_opt,1,b_per,1.4
1772332237,kamailio,chatafl_opt,1,b_abs,8162
1772332239,kamailio,chatafl_opt,1,l_per,6.3
1772332239,kamailio,chatafl_opt,1,l_abs,14934
1772332239,kamailio,chatafl_opt,1,b_per,1.4
1772332239,kamailio,chatafl_opt,1,b_abs,8166
1772332241,kamailio,chatafl_opt,1,l_per,6.3
1772332241,kamailio,chatafl_opt,1,l_abs,14934
1772332241,kamailio,chatafl_opt,1,b_per,1.4
1772332241,kamailio,chatafl_opt,1,b_abs,8166
1772332242,kamailio,chatafl_opt,1,l_per,6.3
1772332242,kamailio,chatafl_opt,1,l_abs,14934
1772332242,kamailio,chatafl_opt,1,b_per,1.4
1772332242,kamailio,chatafl_opt,1,b_abs,8167
1772332247,kamailio,chatafl_opt,1,l_per,6.3
1772332247,kamailio,chatafl_opt,1,l_abs,14938
1772332247,kamailio,chatafl_opt,1,b_per,1.4
1772332247,kamailio,chatafl_opt,1,b_abs,8168
1772332249,kamailio,chatafl_opt,1,l_per,6.3
1772332249,kamailio,chatafl_opt,1,l_abs,14938
1772332249,kamailio,chatafl_opt,1,b_per,1.4
1772332249,kamailio,chatafl_opt,1,b_abs,8168
1772332251,kamailio,chatafl_opt,1,l_per,6.3
1772332251,kamailio,chatafl_opt,1,l_abs,14946
1772332251,kamailio,chatafl_opt,1,b_per,1.4
1772332251,kamailio,chatafl_opt,1,b_abs,8179
1772332254,kamailio,chatafl_opt,1,l_per,6.3
1772332254,kamailio,chatafl_opt,1,l_abs,14946
1772332254,kamailio,chatafl_opt,1,b_per,1.4
1772332254,kamailio,chatafl_opt,1,b_abs,8179
1772332255,kamailio,chatafl_opt,1,l_per,6.3
1772332255,kamailio,chatafl_opt,1,l_abs,14950
1772332255,kamailio,chatafl_opt,1,b_per,1.4
1772332255,kamailio,chatafl_opt,1,b_abs,8180
1772332257,kamailio,chatafl_opt,1,l_per,6.3
1772332257,kamailio,chatafl_opt,1,l_abs,14950
1772332257,kamailio,chatafl_opt,1,b_per,1.4
1772332257,kamailio,chatafl_opt,1,b_abs,8180
1772332259,kamailio,chatafl_opt,1,l_per,6.3
1772332259,kamailio,chatafl_opt,1,l_abs,14950
1772332259,kamailio,chatafl_opt,1,b_per,1.4
1772332259,kamailio,chatafl_opt,1,b_abs,8180
1772332261,kamailio,chatafl_opt,1,l_per,6.3
1772332261,kamailio,chatafl_opt,1,l_abs,14950
1772332261,kamailio,chatafl_opt,1,b_per,1.4
1772332261,kamailio,chatafl_opt,1,b_abs,8180
1772332263,kamailio,chatafl_opt,1,l_per,6.3
1772332263,kamailio,chatafl_opt,1,l_abs,14950
1772332263,kamailio,chatafl_opt,1,b_per,1.4
1772332263,kamailio,chatafl_opt,1,b_abs,8181
1772332265,kamailio,chatafl_opt,1,l_per,6.3
1772332265,kamailio,chatafl_opt,1,l_abs,14954
1772332265,kamailio,chatafl_opt,1,b_per,1.4
1772332265,kamailio,chatafl_opt,1,b_abs,8192
1772332266,kamailio,chatafl_opt,1,l_per,6.3
1772332266,kamailio,chatafl_opt,1,l_abs,14954
1772332266,kamailio,chatafl_opt,1,b_per,1.4
1772332266,kamailio,chatafl_opt,1,b_abs,8192
1772332269,kamailio,chatafl_opt,1,l_per,6.3
1772332269,kamailio,chatafl_opt,1,l_abs,14954
1772332269,kamailio,chatafl_opt,1,b_per,1.4
1772332269,kamailio,chatafl_opt,1,b_abs,8192
1772332277,kamailio,chatafl_opt,1,l_per,6.3
1772332277,kamailio,chatafl_opt,1,l_abs,14954
1772332277,kamailio,chatafl_opt,1,b_per,1.4
1772332277,kamailio,chatafl_opt,1,b_abs,8192
1772332280,kamailio,chatafl_opt,1,l_per,6.3
1772332280,kamailio,chatafl_opt,1,l_abs,14954
1772332280,kamailio,chatafl_opt,1,b_per,1.4
1772332280,kamailio,chatafl_opt,1,b_abs,8192
1772332281,kamailio,chatafl_opt,1,l_per,6.3
1772332281,kamailio,chatafl_opt,1,l_abs,14958
1772332281,kamailio,chatafl_opt,1,b_per,1.4
1772332281,kamailio,chatafl_opt,1,b_abs,8194
1772332283,kamailio,chatafl_opt,1,l_per,6.3
1772332283,kamailio,chatafl_opt,1,l_abs,14958
1772332283,kamailio,chatafl_opt,1,b_per,1.4
1772332283,kamailio,chatafl_opt,1,b_abs,8194
1772332285,kamailio,chatafl_opt,1,l_per,6.3
1772332285,kamailio,chatafl_opt,1,l_abs,14958
1772332285,kamailio,chatafl_opt,1,b_per,1.4
1772332285,kamailio,chatafl_opt,1,b_abs,8194
1772332287,kamailio,chatafl_opt,1,l_per,6.3
1772332287,kamailio,chatafl_opt,1,l_abs,14984
1772332287,kamailio,chatafl_opt,1,b_per,1.4
1772332287,kamailio,chatafl_opt,1,b_abs,8203
1772332288,kamailio,chatafl_opt,1,l_per,6.3
1772332288,kamailio,chatafl_opt,1,l_abs,14984
1772332288,kamailio,chatafl_opt,1,b_per,1.4
1772332288,kamailio,chatafl_opt,1,b_abs,8203
1772332290,kamailio,chatafl_opt,1,l_per,6.3
1772332290,kamailio,chatafl_opt,1,l_abs,14984
1772332290,kamailio,chatafl_opt,1,b_per,1.4
1772332290,kamailio,chatafl_opt,1,b_abs,8203
1772332292,kamailio,chatafl_opt,1,l_per,6.3
1772332292,kamailio,chatafl_opt,1,l_abs,14990
1772332292,kamailio,chatafl_opt,1,b_per,1.4
1772332292,kamailio,chatafl_opt,1,b_abs,8206
1772332295,kamailio,chatafl_opt,1,l_per,6.3
1772332295,kamailio,chatafl_opt,1,l_abs,14993
1772332295,kamailio,chatafl_opt,1,b_per,1.4
1772332295,kamailio,chatafl_opt,1,b_abs,8207
1772332296,kamailio,chatafl_opt,1,l_per,6.3
1772332296,kamailio,chatafl_opt,1,l_abs,14997
1772332296,kamailio,chatafl_opt,1,b_per,1.4
1772332296,kamailio,chatafl_opt,1,b_abs,8208
1772332299,kamailio,chatafl_opt,1,l_per,6.3
1772332299,kamailio,chatafl_opt,1,l_abs,14997
1772332299,kamailio,chatafl_opt,1,b_per,1.4
1772332299,kamailio,chatafl_opt,1,b_abs,8208
1772332301,kamailio,chatafl_opt,1,l_per,6.3
1772332301,kamailio,chatafl_opt,1,l_abs,14997
1772332301,kamailio,chatafl_opt,1,b_per,1.4
1772332301,kamailio,chatafl_opt,1,b_abs,8208
1772332303,kamailio,chatafl_opt,1,l_per,6.3
1772332303,kamailio,chatafl_opt,1,l_abs,14997
1772332303,kamailio,chatafl_opt,1,b_per,1.4
1772332303,kamailio,chatafl_opt,1,b_abs,8208
1772332305,kamailio,chatafl_opt,1,l_per,6.3
1772332305,kamailio,chatafl_opt,1,l_abs,14997
1772332305,kamailio,chatafl_opt,1,b_per,1.4
1772332305,kamailio,chatafl_opt,1,b_abs,8208
1772332308,kamailio,chatafl_opt,1,l_per,6.3
1772332308,kamailio,chatafl_opt,1,l_abs,14997
1772332308,kamailio,chatafl_opt,1,b_per,1.4
1772332308,kamailio,chatafl_opt,1,b_abs,8211
1772332316,kamailio,chatafl_opt,1,l_per,6.3
1772332316,kamailio,chatafl_opt,1,l_abs,14997
1772332316,kamailio,chatafl_opt,1,b_per,1.4
1772332316,kamailio,chatafl_opt,1,b_abs,8211
1772332318,kamailio,chatafl_opt,1,l_per,6.3
1772332318,kamailio,chatafl_opt,1,l_abs,15003
1772332318,kamailio,chatafl_opt,1,b_per,1.4
1772332318,kamailio,chatafl_opt,1,b_abs,8212
1772332321,kamailio,chatafl_opt,1,l_per,6.3
1772332321,kamailio,chatafl_opt,1,l_abs,15003
1772332321,kamailio,chatafl_opt,1,b_per,1.4
1772332321,kamailio,chatafl_opt,1,b_abs,8213
1772332324,kamailio,chatafl_opt,1,l_per,6.3
1772332324,kamailio,chatafl_opt,1,l_abs,15005
1772332324,kamailio,chatafl_opt,1,b_per,1.4
1772332324,kamailio,chatafl_opt,1,b_abs,8214
1772332332,kamailio,chatafl_opt,1,l_per,6.3
1772332332,kamailio,chatafl_opt,1,l_abs,15005
1772332332,kamailio,chatafl_opt,1,b_per,1.4
1772332332,kamailio,chatafl_opt,1,b_abs,8214
1772332341,kamailio,chatafl_opt,1,l_per,6.3
1772332341,kamailio,chatafl_opt,1,l_abs,15005
1772332341,kamailio,chatafl_opt,1,b_per,1.4
1772332341,kamailio,chatafl_opt,1,b_abs,8214
1772332343,kamailio,chatafl_opt,1,l_per,6.3
1772332343,kamailio,chatafl_opt,1,l_abs,15005
1772332343,kamailio,chatafl_opt,1,b_per,1.4
1772332343,kamailio,chatafl_opt,1,b_abs,8214
1772332347,kamailio,chatafl_opt,1,l_per,6.4
1772332347,kamailio,chatafl_opt,1,l_abs,15052
1772332347,kamailio,chatafl_opt,1,b_per,1.5
1772332347,kamailio,chatafl_opt,1,b_abs,8246
1772332356,kamailio,chatafl_opt,1,l_per,6.4
1772332356,kamailio,chatafl_opt,1,l_abs,15052
1772332356,kamailio,chatafl_opt,1,b_per,1.5
1772332356,kamailio,chatafl_opt,1,b_abs,8246
1772332358,kamailio,chatafl_opt,1,l_per,6.4
1772332358,kamailio,chatafl_opt,1,l_abs,15060
1772332358,kamailio,chatafl_opt,1,b_per,1.5
1772332358,kamailio,chatafl_opt,1,b_abs,8249
1772332360,kamailio,chatafl_opt,1,l_per,6.4
1772332360,kamailio,chatafl_opt,1,l_abs,15063
1772332360,kamailio,chatafl_opt,1,b_per,1.5
1772332360,kamailio,chatafl_opt,1,b_abs,8260
1772332362,kamailio,chatafl_opt,1,l_per,6.4
1772332362,kamailio,chatafl_opt,1,l_abs,15063
1772332362,kamailio,chatafl_opt,1,b_per,1.5
1772332362,kamailio,chatafl_opt,1,b_abs,8260
1772332364,kamailio,chatafl_opt,1,l_per,6.4
1772332364,kamailio,chatafl_opt,1,l_abs,15063
1772332364,kamailio,chatafl_opt,1,b_per,1.5
1772332364,kamailio,chatafl_opt,1,b_abs,8260
1772332367,kamailio,chatafl_opt,1,l_per,6.4
1772332367,kamailio,chatafl_opt,1,l_abs,15063
1772332367,kamailio,chatafl_opt,1,b_per,1.5
1772332367,kamailio,chatafl_opt,1,b_abs,8260
1772332371,kamailio,chatafl_opt,1,l_per,6.4
1772332371,kamailio,chatafl_opt,1,l_abs,15065
1772332371,kamailio,chatafl_opt,1,b_per,1.5
1772332371,kamailio,chatafl_opt,1,b_abs,8261
1772332379,kamailio,chatafl_opt,1,l_per,6.4
1772332379,kamailio,chatafl_opt,1,l_abs,15068
1772332379,kamailio,chatafl_opt,1,b_per,1.5
1772332379,kamailio,chatafl_opt,1,b_abs,8263
1772332381,kamailio,chatafl_opt,1,l_per,6.4
1772332381,kamailio,chatafl_opt,1,l_abs,15072
1772332381,kamailio,chatafl_opt,1,b_per,1.5
1772332381,kamailio,chatafl_opt,1,b_abs,8264
1772332383,kamailio,chatafl_opt,1,l_per,6.4
1772332383,kamailio,chatafl_opt,1,l_abs,15072
1772332383,kamailio,chatafl_opt,1,b_per,1.5
1772332383,kamailio,chatafl_opt,1,b_abs,8264
1772332384,kamailio,chatafl_opt,1,l_per,6.4
1772332384,kamailio,chatafl_opt,1,l_abs,15072
1772332384,kamailio,chatafl_opt,1,b_per,1.5
1772332384,kamailio,chatafl_opt,1,b_abs,8266
1772332387,kamailio,chatafl_opt,1,l_per,6.4
1772332387,kamailio,chatafl_opt,1,l_abs,15077
1772332387,kamailio,chatafl_opt,1,b_per,1.5
1772332387,kamailio,chatafl_opt,1,b_abs,8268
1772332389,kamailio,chatafl_opt,1,l_per,6.4
1772332389,kamailio,chatafl_opt,1,l_abs,15085
1772332389,kamailio,chatafl_opt,1,b_per,1.5
1772332389,kamailio,chatafl_opt,1,b_abs,8277
1772332391,kamailio,chatafl_opt,1,l_per,6.4
1772332391,kamailio,chatafl_opt,1,l_abs,15085
1772332391,kamailio,chatafl_opt,1,b_per,1.5
1772332391,kamailio,chatafl_opt,1,b_abs,8277
1772332393,kamailio,chatafl_opt,1,l_per,6.4
1772332393,kamailio,chatafl_opt,1,l_abs,15085
1772332393,kamailio,chatafl_opt,1,b_per,1.5
1772332393,kamailio,chatafl_opt,1,b_abs,8277
1772332394,kamailio,chatafl_opt,1,l_per,6.4
1772332394,kamailio,chatafl_opt,1,l_abs,15085
1772332394,kamailio,chatafl_opt,1,b_per,1.5
1772332394,kamailio,chatafl_opt,1,b_abs,8277
1772332396,kamailio,chatafl_opt,1,l_per,6.4
1772332396,kamailio,chatafl_opt,1,l_abs,15085
1772332396,kamailio,chatafl_opt,1,b_per,1.5
1772332396,kamailio,chatafl_opt,1,b_abs,8277
1772332400,kamailio,chatafl_opt,1,l_per,6.4
1772332400,kamailio,chatafl_opt,1,l_abs,15087
1772332400,kamailio,chatafl_opt,1,b_per,1.5
1772332400,kamailio,chatafl_opt,1,b_abs,8278
1772332403,kamailio,chatafl_opt,1,l_per,6.4
1772332403,kamailio,chatafl_opt,1,l_abs,15089
1772332403,kamailio,chatafl_opt,1,b_per,1.5
1772332403,kamailio,chatafl_opt,1,b_abs,8279
1772332405,kamailio,chatafl_opt,1,l_per,6.4
1772332405,kamailio,chatafl_opt,1,l_abs,15089
1772332405,kamailio,chatafl_opt,1,b_per,1.5
1772332405,kamailio,chatafl_opt,1,b_abs,8279
1772332409,kamailio,chatafl_opt,1,l_per,6.4
1772332409,kamailio,chatafl_opt,1,l_abs,15089
1772332409,kamailio,chatafl_opt,1,b_per,1.5
1772332409,kamailio,chatafl_opt,1,b_abs,8279
1772332413,kamailio,chatafl_opt,1,l_per,6.4
1772332413,kamailio,chatafl_opt,1,l_abs,15089
1772332413,kamailio,chatafl_opt,1,b_per,1.5
1772332413,kamailio,chatafl_opt,1,b_abs,8280
1772332414,kamailio,chatafl_opt,1,l_per,6.4
1772332414,kamailio,chatafl_opt,1,l_abs,15089
1772332414,kamailio,chatafl_opt,1,b_per,1.5
1772332414,kamailio,chatafl_opt,1,b_abs,8281
1772332416,kamailio,chatafl_opt,1,l_per,6.4
1772332416,kamailio,chatafl_opt,1,l_abs,15096
1772332416,kamailio,chatafl_opt,1,b_per,1.5
1772332416,kamailio,chatafl_opt,1,b_abs,8283
1772332420,kamailio,chatafl_opt,1,l_per,6.4
1772332420,kamailio,chatafl_opt,1,l_abs,15096
1772332420,kamailio,chatafl_opt,1,b_per,1.5
1772332420,kamailio,chatafl_opt,1,b_abs,8283
1772332421,kamailio,chatafl_opt,1,l_per,6.4
1772332421,kamailio,chatafl_opt,1,l_abs,15096
1772332421,kamailio,chatafl_opt,1,b_per,1.5
1772332421,kamailio,chatafl_opt,1,b_abs,8283
1772332423,kamailio,chatafl_opt,1,l_per,6.4
1772332423,kamailio,chatafl_opt,1,l_abs,15096
1772332423,kamailio,chatafl_opt,1,b_per,1.5
1772332423,kamailio,chatafl_opt,1,b_abs,8284
1772332425,kamailio,chatafl_opt,1,l_per,6.4
1772332425,kamailio,chatafl_opt,1,l_abs,15096
1772332425,kamailio,chatafl_opt,1,b_per,1.5
1772332425,kamailio,chatafl_opt,1,b_abs,8284
1772332427,kamailio,chatafl_opt,1,l_per,6.4
1772332427,kamailio,chatafl_opt,1,l_abs,15098
1772332427,kamailio,chatafl_opt,1,b_per,1.5
1772332427,kamailio,chatafl_opt,1,b_abs,8285
1772332429,kamailio,chatafl_opt,1,l_per,6.4
1772332429,kamailio,chatafl_opt,1,l_abs,15098
1772332429,kamailio,chatafl_opt,1,b_per,1.5
1772332429,kamailio,chatafl_opt,1,b_abs,8285
1772332431,kamailio,chatafl_opt,1,l_per,6.4
1772332431,kamailio,chatafl_opt,1,l_abs,15098
1772332431,kamailio,chatafl_opt,1,b_per,1.5
1772332431,kamailio,chatafl_opt,1,b_abs,8285
1772332433,kamailio,chatafl_opt,1,l_per,6.4
1772332433,kamailio,chatafl_opt,1,l_abs,15116
1772332433,kamailio,chatafl_opt,1,b_per,1.5
1772332433,kamailio,chatafl_opt,1,b_abs,8304
1772332435,kamailio,chatafl_opt,1,l_per,6.4
1772332435,kamailio,chatafl_opt,1,l_abs,15116
1772332435,kamailio,chatafl_opt,1,b_per,1.5
1772332435,kamailio,chatafl_opt,1,b_abs,8304
1772332436,kamailio,chatafl_opt,1,l_per,6.4
1772332436,kamailio,chatafl_opt,1,l_abs,15116
1772332436,kamailio,chatafl_opt,1,b_per,1.5
1772332436,kamailio,chatafl_opt,1,b_abs,8304
1772332438,kamailio,chatafl_opt,1,l_per,6.4
1772332438,kamailio,chatafl_opt,1,l_abs,15116
1772332438,kamailio,chatafl_opt,1,b_per,1.5
1772332438,kamailio,chatafl_opt,1,b_abs,8304
1772332441,kamailio,chatafl_opt,1,l_per,6.4
1772332441,kamailio,chatafl_opt,1,l_abs,15116
1772332441,kamailio,chatafl_opt,1,b_per,1.5
1772332441,kamailio,chatafl_opt,1,b_abs,8304
1772332442,kamailio,chatafl_opt,1,l_per,6.4
1772332442,kamailio,chatafl_opt,1,l_abs,15116
1772332442,kamailio,chatafl_opt,1,b_per,1.5
1772332442,kamailio,chatafl_opt,1,b_abs,8304
1772332444,kamailio,chatafl_opt,1,l_per,6.4
1772332444,kamailio,chatafl_opt,1,l_abs,15118
1772332444,kamailio,chatafl_opt,1,b_per,1.5
1772332444,kamailio,chatafl_opt,1,b_abs,8305
1772332446,kamailio,chatafl_opt,1,l_per,6.4
1772332446,kamailio,chatafl_opt,1,l_abs,15118
1772332446,kamailio,chatafl_opt,1,b_per,1.5
1772332446,kamailio,chatafl_opt,1,b_abs,8305
1772332448,kamailio,chatafl_opt,1,l_per,6.4
1772332448,kamailio,chatafl_opt,1,l_abs,15118
1772332448,kamailio,chatafl_opt,1,b_per,1.5
1772332448,kamailio,chatafl_opt,1,b_abs,8306
1772332450,kamailio,chatafl_opt,1,l_per,6.4
1772332450,kamailio,chatafl_opt,1,l_abs,15118
1772332450,kamailio,chatafl_opt,1,b_per,1.5
1772332450,kamailio,chatafl_opt,1,b_abs,8306
1772332452,kamailio,chatafl_opt,1,l_per,6.4
1772332452,kamailio,chatafl_opt,1,l_abs,15118
1772332452,kamailio,chatafl_opt,1,b_per,1.5
1772332452,kamailio,chatafl_opt,1,b_abs,8306
1772332459,kamailio,chatafl_opt,1,l_per,6.4
1772332459,kamailio,chatafl_opt,1,l_abs,15118
1772332459,kamailio,chatafl_opt,1,b_per,1.5
1772332459,kamailio,chatafl_opt,1,b_abs,8306
1772332461,kamailio,chatafl_opt,1,l_per,6.4
1772332461,kamailio,chatafl_opt,1,l_abs,15118
1772332461,kamailio,chatafl_opt,1,b_per,1.5
1772332461,kamailio,chatafl_opt,1,b_abs,8306
1772332464,kamailio,chatafl_opt,1,l_per,6.4
1772332464,kamailio,chatafl_opt,1,l_abs,15121
1772332464,kamailio,chatafl_opt,1,b_per,1.5
1772332464,kamailio,chatafl_opt,1,b_abs,8308
1772332466,kamailio,chatafl_opt,1,l_per,6.4
1772332466,kamailio,chatafl_opt,1,l_abs,15131
1772332466,kamailio,chatafl_opt,1,b_per,1.5
1772332466,kamailio,chatafl_opt,1,b_abs,8320
1772332467,kamailio,chatafl_opt,1,l_per,6.4
1772332467,kamailio,chatafl_opt,1,l_abs,15131
1772332467,kamailio,chatafl_opt,1,b_per,1.5
1772332467,kamailio,chatafl_opt,1,b_abs,8320
1772332469,kamailio,chatafl_opt,1,l_per,6.4
1772332469,kamailio,chatafl_opt,1,l_abs,15134
1772332469,kamailio,chatafl_opt,1,b_per,1.5
1772332469,kamailio,chatafl_opt,1,b_abs,8329
1772332471,kamailio,chatafl_opt,1,l_per,6.4
1772332471,kamailio,chatafl_opt,1,l_abs,15134
1772332471,kamailio,chatafl_opt,1,b_per,1.5
1772332471,kamailio,chatafl_opt,1,b_abs,8329
1772332473,kamailio,chatafl_opt,1,l_per,6.4
1772332473,kamailio,chatafl_opt,1,l_abs,15134
1772332473,kamailio,chatafl_opt,1,b_per,1.5
1772332473,kamailio,chatafl_opt,1,b_abs,8329
1772332475,kamailio,chatafl_opt,1,l_per,6.4
1772332475,kamailio,chatafl_opt,1,l_abs,15134
1772332475,kamailio,chatafl_opt,1,b_per,1.5
1772332475,kamailio,chatafl_opt,1,b_abs,8329
1772332476,kamailio,chatafl_opt,1,l_per,6.4
1772332476,kamailio,chatafl_opt,1,l_abs,15134
1772332476,kamailio,chatafl_opt,1,b_per,1.5
1772332476,kamailio,chatafl_opt,1,b_abs,8329
1772332478,kamailio,chatafl_opt,1,l_per,6.4
1772332478,kamailio,chatafl_opt,1,l_abs,15142
1772332478,kamailio,chatafl_opt,1,b_per,1.5
1772332478,kamailio,chatafl_opt,1,b_abs,8335
1772332480,kamailio,chatafl_opt,1,l_per,6.4
1772332480,kamailio,chatafl_opt,1,l_abs,15142
1772332480,kamailio,chatafl_opt,1,b_per,1.5
1772332480,kamailio,chatafl_opt,1,b_abs,8335
1772332483,kamailio,chatafl_opt,1,l_per,6.4
1772332483,kamailio,chatafl_opt,1,l_abs,15142
1772332483,kamailio,chatafl_opt,1,b_per,1.5
1772332483,kamailio,chatafl_opt,1,b_abs,8335
1772332485,kamailio,chatafl_opt,1,l_per,6.4
1772332485,kamailio,chatafl_opt,1,l_abs,15142
1772332485,kamailio,chatafl_opt,1,b_per,1.5
1772332485,kamailio,chatafl_opt,1,b_abs,8335
1772332487,kamailio,chatafl_opt,1,l_per,6.4
1772332487,kamailio,chatafl_opt,1,l_abs,15145
1772332487,kamailio,chatafl_opt,1,b_per,1.5
1772332487,kamailio,chatafl_opt,1,b_abs,8336
1772332490,kamailio,chatafl_opt,1,l_per,6.4
1772332490,kamailio,chatafl_opt,1,l_abs,15145
1772332490,kamailio,chatafl_opt,1,b_per,1.5
1772332490,kamailio,chatafl_opt,1,b_abs,8336
1772332491,kamailio,chatafl_opt,1,l_per,6.4
1772332491,kamailio,chatafl_opt,1,l_abs,15145
1772332491,kamailio,chatafl_opt,1,b_per,1.5
1772332491,kamailio,chatafl_opt,1,b_abs,8336
1772332493,kamailio,chatafl_opt,1,l_per,6.4
1772332493,kamailio,chatafl_opt,1,l_abs,15145
1772332493,kamailio,chatafl_opt,1,b_per,1.5
1772332493,kamailio,chatafl_opt,1,b_abs,8336
1772332495,kamailio,chatafl_opt,1,l_per,6.4
1772332495,kamailio,chatafl_opt,1,l_abs,15145
1772332495,kamailio,chatafl_opt,1,b_per,1.5
1772332495,kamailio,chatafl_opt,1,b_abs,8336
1772332497,kamailio,chatafl_opt,1,l_per,6.4
1772332497,kamailio,chatafl_opt,1,l_abs,15145
1772332497,kamailio,chatafl_opt,1,b_per,1.5
1772332497,kamailio,chatafl_opt,1,b_abs,8336
1772332499,kamailio,chatafl_opt,1,l_per,6.4
1772332499,kamailio,chatafl_opt,1,l_abs,15147
1772332499,kamailio,chatafl_opt,1,b_per,1.5
1772332499,kamailio,chatafl_opt,1,b_abs,8337
1772332500,kamailio,chatafl_opt,1,l_per,6.4
1772332500,kamailio,chatafl_opt,1,l_abs,15151
1772332500,kamailio,chatafl_opt,1,b_per,1.5
1772332500,kamailio,chatafl_opt,1,b_abs,8353
1772332502,kamailio,chatafl_opt,1,l_per,6.4
1772332502,kamailio,chatafl_opt,1,l_abs,15151
1772332502,kamailio,chatafl_opt,1,b_per,1.5
1772332502,kamailio,chatafl_opt,1,b_abs,8353
1772332504,kamailio,chatafl_opt,1,l_per,6.4
1772332504,kamailio,chatafl_opt,1,l_abs,15151
1772332504,kamailio,chatafl_opt,1,b_per,1.5
1772332504,kamailio,chatafl_opt,1,b_abs,8353
1772332506,kamailio,chatafl_opt,1,l_per,6.4
1772332506,kamailio,chatafl_opt,1,l_abs,15151
1772332506,kamailio,chatafl_opt,1,b_per,1.5
1772332506,kamailio,chatafl_opt,1,b_abs,8353
1772332508,kamailio,chatafl_opt,1,l_per,6.4
1772332508,kamailio,chatafl_opt,1,l_abs,15151
1772332508,kamailio,chatafl_opt,1,b_per,1.5
1772332508,kamailio,chatafl_opt,1,b_abs,8354
1772332511,kamailio,chatafl_opt,1,l_per,6.4
1772332511,kamailio,chatafl_opt,1,l_abs,15151
1772332511,kamailio,chatafl_opt,1,b_per,1.5
1772332511,kamailio,chatafl_opt,1,b_abs,8354
1772332512,kamailio,chatafl_opt,1,l_per,6.4
1772332512,kamailio,chatafl_opt,1,l_abs,15151
1772332512,kamailio,chatafl_opt,1,b_per,1.5
1772332512,kamailio,chatafl_opt,1,b_abs,8354
1772332515,kamailio,chatafl_opt,1,l_per,6.4
1772332515,kamailio,chatafl_opt,1,l_abs,15151
1772332515,kamailio,chatafl_opt,1,b_per,1.5
1772332515,kamailio,chatafl_opt,1,b_abs,8354
1772332517,kamailio,chatafl_opt,1,l_per,6.4
1772332517,kamailio,chatafl_opt,1,l_abs,15151
1772332517,kamailio,chatafl_opt,1,b_per,1.5
1772332517,kamailio,chatafl_opt,1,b_abs,8354
1772332519,kamailio,chatafl_opt,1,l_per,6.4
1772332519,kamailio,chatafl_opt,1,l_abs,15154
1772332519,kamailio,chatafl_opt,1,b_per,1.5
1772332519,kamailio,chatafl_opt,1,b_abs,8356
1772332521,kamailio,chatafl_opt,1,l_per,6.4
1772332521,kamailio,chatafl_opt,1,l_abs,15154
1772332521,kamailio,chatafl_opt,1,b_per,1.5
1772332521,kamailio,chatafl_opt,1,b_abs,8357
1772332523,kamailio,chatafl_opt,1,l_per,6.4
1772332523,kamailio,chatafl_opt,1,l_abs,15154
1772332523,kamailio,chatafl_opt,1,b_per,1.5
1772332523,kamailio,chatafl_opt,1,b_abs,8357
1772332525,kamailio,chatafl_opt,1,l_per,6.4
1772332525,kamailio,chatafl_opt,1,l_abs,15154
1772332525,kamailio,chatafl_opt,1,b_per,1.5
1772332525,kamailio,chatafl_opt,1,b_abs,8357
1772332527,kamailio,chatafl_opt,1,l_per,6.4
1772332527,kamailio,chatafl_opt,1,l_abs,15154
1772332527,kamailio,chatafl_opt,1,b_per,1.5
1772332527,kamailio,chatafl_opt,1,b_abs,8358
1772332529,kamailio,chatafl_opt,1,l_per,6.4
1772332529,kamailio,chatafl_opt,1,l_abs,15154
1772332529,kamailio,chatafl_opt,1,b_per,1.5
1772332529,kamailio,chatafl_opt,1,b_abs,8358
1772332532,kamailio,chatafl_opt,1,l_per,6.4
1772332532,kamailio,chatafl_opt,1,l_abs,15154
1772332532,kamailio,chatafl_opt,1,b_per,1.5
1772332532,kamailio,chatafl_opt,1,b_abs,8358
1772332534,kamailio,chatafl_opt,1,l_per,6.4
1772332534,kamailio,chatafl_opt,1,l_abs,15154
1772332534,kamailio,chatafl_opt,1,b_per,1.5
1772332534,kamailio,chatafl_opt,1,b_abs,8358
1772332536,kamailio,chatafl_opt,1,l_per,6.4
1772332536,kamailio,chatafl_opt,1,l_abs,15159
1772332536,kamailio,chatafl_opt,1,b_per,1.5
1772332536,kamailio,chatafl_opt,1,b_abs,8369
1772332538,kamailio,chatafl_opt,1,l_per,6.4
1772332538,kamailio,chatafl_opt,1,l_abs,15159
1772332538,kamailio,chatafl_opt,1,b_per,1.5
1772332538,kamailio,chatafl_opt,1,b_abs,8369
1772332540,kamailio,chatafl_opt,1,l_per,6.4
1772332540,kamailio,chatafl_opt,1,l_abs,15159
1772332540,kamailio,chatafl_opt,1,b_per,1.5
1772332540,kamailio,chatafl_opt,1,b_abs,8369
1772332542,kamailio,chatafl_opt,1,l_per,6.4
1772332542,kamailio,chatafl_opt,1,l_abs,15159
1772332542,kamailio,chatafl_opt,1,b_per,1.5
1772332542,kamailio,chatafl_opt,1,b_abs,8369
1772332544,kamailio,chatafl_opt,1,l_per,6.4
1772332544,kamailio,chatafl_opt,1,l_abs,15161
1772332544,kamailio,chatafl_opt,1,b_per,1.5
1772332544,kamailio,chatafl_opt,1,b_abs,8373
1772332546,kamailio,chatafl_opt,1,l_per,6.4
1772332546,kamailio,chatafl_opt,1,l_abs,15161
1772332546,kamailio,chatafl_opt,1,b_per,1.5
1772332546,kamailio,chatafl_opt,1,b_abs,8373
1772332548,kamailio,chatafl_opt,1,l_per,6.4
1772332548,kamailio,chatafl_opt,1,l_abs,15161
1772332548,kamailio,chatafl_opt,1,b_per,1.5
1772332548,kamailio,chatafl_opt,1,b_abs,8375
1772332549,kamailio,chatafl_opt,1,l_per,6.4
1772332549,kamailio,chatafl_opt,1,l_abs,15161
1772332549,kamailio,chatafl_opt,1,b_per,1.5
1772332549,kamailio,chatafl_opt,1,b_abs,8375
1772332551,kamailio,chatafl_opt,1,l_per,6.4
1772332551,kamailio,chatafl_opt,1,l_abs,15166
1772332551,kamailio,chatafl_opt,1,b_per,1.5
1772332551,kamailio,chatafl_opt,1,b_abs,8385
1772332553,kamailio,chatafl_opt,1,l_per,6.4
1772332553,kamailio,chatafl_opt,1,l_abs,15168
1772332553,kamailio,chatafl_opt,1,b_per,1.5
1772332553,kamailio,chatafl_opt,1,b_abs,8386
1772332555,kamailio,chatafl_opt,1,l_per,6.4
1772332555,kamailio,chatafl_opt,1,l_abs,15168
1772332555,kamailio,chatafl_opt,1,b_per,1.5
1772332555,kamailio,chatafl_opt,1,b_abs,8386
1772332557,kamailio,chatafl_opt,1,l_per,6.4
1772332557,kamailio,chatafl_opt,1,l_abs,15168
1772332557,kamailio,chatafl_opt,1,b_per,1.5
1772332557,kamailio,chatafl_opt,1,b_abs,8386
1772332559,kamailio,chatafl_opt,1,l_per,6.4
1772332559,kamailio,chatafl_opt,1,l_abs,15168
1772332559,kamailio,chatafl_opt,1,b_per,1.5
1772332559,kamailio,chatafl_opt,1,b_abs,8386
1772332561,kamailio,chatafl_opt,1,l_per,6.4
1772332561,kamailio,chatafl_opt,1,l_abs,15168
1772332561,kamailio,chatafl_opt,1,b_per,1.5
1772332561,kamailio,chatafl_opt,1,b_abs,8386
1772332563,kamailio,chatafl_opt,1,l_per,6.4
1772332563,kamailio,chatafl_opt,1,l_abs,15168
1772332563,kamailio,chatafl_opt,1,b_per,1.5
1772332563,kamailio,chatafl_opt,1,b_abs,8386
1772332564,kamailio,chatafl_opt,1,l_per,6.4
1772332564,kamailio,chatafl_opt,1,l_abs,15168
1772332564,kamailio,chatafl_opt,1,b_per,1.5
1772332564,kamailio,chatafl_opt,1,b_abs,8394
1772332566,kamailio,chatafl_opt,1,l_per,6.4
1772332566,kamailio,chatafl_opt,1,l_abs,15171
1772332566,kamailio,chatafl_opt,1,b_per,1.5
1772332566,kamailio,chatafl_opt,1,b_abs,8403
1772332568,kamailio,chatafl_opt,1,l_per,6.4
1772332568,kamailio,chatafl_opt,1,l_abs,15189
1772332568,kamailio,chatafl_opt,1,b_per,1.5
1772332568,kamailio,chatafl_opt,1,b_abs,8443
1772332570,kamailio,chatafl_opt,1,l_per,6.4
1772332570,kamailio,chatafl_opt,1,l_abs,15189
1772332570,kamailio,chatafl_opt,1,b_per,1.5
1772332570,kamailio,chatafl_opt,1,b_abs,8443
1772332572,kamailio,chatafl_opt,1,l_per,6.4
1772332572,kamailio,chatafl_opt,1,l_abs,15196
1772332572,kamailio,chatafl_opt,1,b_per,1.5
1772332572,kamailio,chatafl_opt,1,b_abs,8458
1772332574,kamailio,chatafl_opt,1,l_per,6.4
1772332574,kamailio,chatafl_opt,1,l_abs,15196
1772332574,kamailio,chatafl_opt,1,b_per,1.5
1772332574,kamailio,chatafl_opt,1,b_abs,8458
1772332576,kamailio,chatafl_opt,1,l_per,6.4
1772332576,kamailio,chatafl_opt,1,l_abs,15196
1772332576,kamailio,chatafl_opt,1,b_per,1.5
1772332576,kamailio,chatafl_opt,1,b_abs,8462
1772332579,kamailio,chatafl_opt,1,l_per,6.4
1772332579,kamailio,chatafl_opt,1,l_abs,15196
1772332579,kamailio,chatafl_opt,1,b_per,1.5
1772332579,kamailio,chatafl_opt,1,b_abs,8462
1772332580,kamailio,chatafl_opt,1,l_per,6.4
1772332580,kamailio,chatafl_opt,1,l_abs,15199
1772332580,kamailio,chatafl_opt,1,b_per,1.5
1772332580,kamailio,chatafl_opt,1,b_abs,8471
1772332583,kamailio,chatafl_opt,1,l_per,6.4
1772332583,kamailio,chatafl_opt,1,l_abs,15199
1772332583,kamailio,chatafl_opt,1,b_per,1.5
1772332583,kamailio,chatafl_opt,1,b_abs,8472
1772332585,kamailio,chatafl_opt,1,l_per,6.4
1772332585,kamailio,chatafl_opt,1,l_abs,15199
1772332585,kamailio,chatafl_opt,1,b_per,1.5
1772332585,kamailio,chatafl_opt,1,b_abs,8472
1772332587,kamailio,chatafl_opt,1,l_per,6.4
1772332587,kamailio,chatafl_opt,1,l_abs,15199
1772332587,kamailio,chatafl_opt,1,b_per,1.5
1772332587,kamailio,chatafl_opt,1,b_abs,8472
1772332589,kamailio,chatafl_opt,1,l_per,6.4
1772332589,kamailio,chatafl_opt,1,l_abs,15199
1772332589,kamailio,chatafl_opt,1,b_per,1.5
1772332589,kamailio,chatafl_opt,1,b_abs,8472
1772332591,kamailio,chatafl_opt,1,l_per,6.4
1772332591,kamailio,chatafl_opt,1,l_abs,15203
1772332591,kamailio,chatafl_opt,1,b_per,1.5
1772332591,kamailio,chatafl_opt,1,b_abs,8473
1772332593,kamailio,chatafl_opt,1,l_per,6.4
1772332593,kamailio,chatafl_opt,1,l_abs,15203
1772332593,kamailio,chatafl_opt,1,b_per,1.5
1772332593,kamailio,chatafl_opt,1,b_abs,8473
1772332595,kamailio,chatafl_opt,1,l_per,6.4
1772332595,kamailio,chatafl_opt,1,l_abs,15203
1772332595,kamailio,chatafl_opt,1,b_per,1.5
1772332595,kamailio,chatafl_opt,1,b_abs,8473
1772332597,kamailio,chatafl_opt,1,l_per,6.4
1772332597,kamailio,chatafl_opt,1,l_abs,15203
1772332597,kamailio,chatafl_opt,1,b_per,1.5
1772332597,kamailio,chatafl_opt,1,b_abs,8473
1772332599,kamailio,chatafl_opt,1,l_per,6.4
1772332599,kamailio,chatafl_opt,1,l_abs,15203
1772332599,kamailio,chatafl_opt,1,b_per,1.5
1772332599,kamailio,chatafl_opt,1,b_abs,8473
1772332601,kamailio,chatafl_opt,1,l_per,6.4
1772332601,kamailio,chatafl_opt,1,l_abs,15203
1772332601,kamailio,chatafl_opt,1,b_per,1.5
1772332601,kamailio,chatafl_opt,1,b_abs,8473
1772332603,kamailio,chatafl_opt,1,l_per,6.4
1772332603,kamailio,chatafl_opt,1,l_abs,15203
1772332603,kamailio,chatafl_opt,1,b_per,1.5
1772332603,kamailio,chatafl_opt,1,b_abs,8473
1772332605,kamailio,chatafl_opt,1,l_per,6.4
1772332605,kamailio,chatafl_opt,1,l_abs,15208
1772332605,kamailio,chatafl_opt,1,b_per,1.5
1772332605,kamailio,chatafl_opt,1,b_abs,8474
1772332607,kamailio,chatafl_opt,1,l_per,6.4
1772332607,kamailio,chatafl_opt,1,l_abs,15208
1772332607,kamailio,chatafl_opt,1,b_per,1.5
1772332607,kamailio,chatafl_opt,1,b_abs,8476
1772332608,kamailio,chatafl_opt,1,l_per,6.4
1772332608,kamailio,chatafl_opt,1,l_abs,15208
1772332608,kamailio,chatafl_opt,1,b_per,1.5
1772332608,kamailio,chatafl_opt,1,b_abs,8476
1772332611,kamailio,chatafl_opt,1,l_per,6.4
1772332611,kamailio,chatafl_opt,1,l_abs,15208
1772332611,kamailio,chatafl_opt,1,b_per,1.5
1772332611,kamailio,chatafl_opt,1,b_abs,8476
1772332613,kamailio,chatafl_opt,1,l_per,6.4
1772332613,kamailio,chatafl_opt,1,l_abs,15211
1772332613,kamailio,chatafl_opt,1,b_per,1.5
1772332613,kamailio,chatafl_opt,1,b_abs,8477
1772332617,kamailio,chatafl_opt,1,l_per,6.4
1772332617,kamailio,chatafl_opt,1,l_abs,15211
1772332617,kamailio,chatafl_opt,1,b_per,1.5
1772332617,kamailio,chatafl_opt,1,b_abs,8477
1772332619,kamailio,chatafl_opt,1,l_per,6.4
1772332619,kamailio,chatafl_opt,1,l_abs,15211
1772332619,kamailio,chatafl_opt,1,b_per,1.5
1772332619,kamailio,chatafl_opt,1,b_abs,8477
1772332621,kamailio,chatafl_opt,1,l_per,6.4
1772332621,kamailio,chatafl_opt,1,l_abs,15211
1772332621,kamailio,chatafl_opt,1,b_per,1.5
1772332621,kamailio,chatafl_opt,1,b_abs,8478
1772332623,kamailio,chatafl_opt,1,l_per,6.4
1772332623,kamailio,chatafl_opt,1,l_abs,15211
1772332623,kamailio,chatafl_opt,1,b_per,1.5
1772332623,kamailio,chatafl_opt,1,b_abs,8479
1772332625,kamailio,chatafl_opt,1,l_per,6.4
1772332625,kamailio,chatafl_opt,1,l_abs,15211
1772332625,kamailio,chatafl_opt,1,b_per,1.5
1772332625,kamailio,chatafl_opt,1,b_abs,8479
1772332627,kamailio,chatafl_opt,1,l_per,6.4
1772332627,kamailio,chatafl_opt,1,l_abs,15214
1772332627,kamailio,chatafl_opt,1,b_per,1.5
1772332627,kamailio,chatafl_opt,1,b_abs,8489
1772332629,kamailio,chatafl_opt,1,l_per,6.4
1772332629,kamailio,chatafl_opt,1,l_abs,15214
1772332629,kamailio,chatafl_opt,1,b_per,1.5
1772332629,kamailio,chatafl_opt,1,b_abs,8490
1772332631,kamailio,chatafl_opt,1,l_per,6.4
1772332631,kamailio,chatafl_opt,1,l_abs,15214
1772332631,kamailio,chatafl_opt,1,b_per,1.5
1772332631,kamailio,chatafl_opt,1,b_abs,8490
1772332633,kamailio,chatafl_opt,1,l_per,6.4
1772332633,kamailio,chatafl_opt,1,l_abs,15214
1772332633,kamailio,chatafl_opt,1,b_per,1.5
1772332633,kamailio,chatafl_opt,1,b_abs,8490
1772332636,kamailio,chatafl_opt,1,l_per,6.4
1772332636,kamailio,chatafl_opt,1,l_abs,15214
1772332636,kamailio,chatafl_opt,1,b_per,1.5
1772332636,kamailio,chatafl_opt,1,b_abs,8490
1772332639,kamailio,chatafl_opt,1,l_per,6.4
1772332639,kamailio,chatafl_opt,1,l_abs,15214
1772332639,kamailio,chatafl_opt,1,b_per,1.5
1772332639,kamailio,chatafl_opt,1,b_abs,8490
1772332641,kamailio,chatafl_opt,1,l_per,6.4
1772332641,kamailio,chatafl_opt,1,l_abs,15214
1772332641,kamailio,chatafl_opt,1,b_per,1.5
1772332641,kamailio,chatafl_opt,1,b_abs,8490
1772332649,kamailio,chatafl_opt,1,l_per,6.4
1772332649,kamailio,chatafl_opt,1,l_abs,15218
1772332649,kamailio,chatafl_opt,1,b_per,1.5
1772332649,kamailio,chatafl_opt,1,b_abs,8491
1772332652,kamailio,chatafl_opt,1,l_per,6.4
1772332652,kamailio,chatafl_opt,1,l_abs,15218
1772332652,kamailio,chatafl_opt,1,b_per,1.5
1772332652,kamailio,chatafl_opt,1,b_abs,8493
1772332658,kamailio,chatafl_opt,1,l_per,6.4
1772332658,kamailio,chatafl_opt,1,l_abs,15220
1772332658,kamailio,chatafl_opt,1,b_per,1.5
1772332658,kamailio,chatafl_opt,1,b_abs,8494
1772332661,kamailio,chatafl_opt,1,l_per,6.4
1772332661,kamailio,chatafl_opt,1,l_abs,15220
1772332661,kamailio,chatafl_opt,1,b_per,1.5
1772332661,kamailio,chatafl_opt,1,b_abs,8494
1772332666,kamailio,chatafl_opt,1,l_per,6.4
1772332666,kamailio,chatafl_opt,1,l_abs,15222
1772332666,kamailio,chatafl_opt,1,b_per,1.5
1772332666,kamailio,chatafl_opt,1,b_abs,8498
1772332668,kamailio,chatafl_opt,1,l_per,6.4
1772332668,kamailio,chatafl_opt,1,l_abs,15222
1772332668,kamailio,chatafl_opt,1,b_per,1.5
1772332668,kamailio,chatafl_opt,1,b_abs,8498
1772332669,kamailio,chatafl_opt,1,l_per,6.4
1772332669,kamailio,chatafl_opt,1,l_abs,15222
1772332669,kamailio,chatafl_opt,1,b_per,1.5
1772332669,kamailio,chatafl_opt,1,b_abs,8498
1772332677,kamailio,chatafl_opt,1,l_per,6.4
1772332677,kamailio,chatafl_opt,1,l_abs,15226
1772332677,kamailio,chatafl_opt,1,b_per,1.5
1772332677,kamailio,chatafl_opt,1,b_abs,8499
1772332684,kamailio,chatafl_opt,1,l_per,6.4
1772332684,kamailio,chatafl_opt,1,l_abs,15280
1772332684,kamailio,chatafl_opt,1,b_per,1.5
1772332684,kamailio,chatafl_opt,1,b_abs,8535
1772332687,kamailio,chatafl_opt,1,l_per,6.4
1772332687,kamailio,chatafl_opt,1,l_abs,15280
1772332687,kamailio,chatafl_opt,1,b_per,1.5
1772332687,kamailio,chatafl_opt,1,b_abs,8535
1772332689,kamailio,chatafl_opt,1,l_per,6.4
1772332689,kamailio,chatafl_opt,1,l_abs,15280
1772332689,kamailio,chatafl_opt,1,b_per,1.5
1772332689,kamailio,chatafl_opt,1,b_abs,8535
1772332690,kamailio,chatafl_opt,1,l_per,6.4
1772332690,kamailio,chatafl_opt,1,l_abs,15280
1772332690,kamailio,chatafl_opt,1,b_per,1.5
1772332690,kamailio,chatafl_opt,1,b_abs,8535
1772332692,kamailio,chatafl_opt,1,l_per,6.4
1772332692,kamailio,chatafl_opt,1,l_abs,15280
1772332692,kamailio,chatafl_opt,1,b_per,1.5
1772332692,kamailio,chatafl_opt,1,b_abs,8535
1772332697,kamailio,chatafl_opt,1,l_per,6.4
1772332697,kamailio,chatafl_opt,1,l_abs,15283
1772332697,kamailio,chatafl_opt,1,b_per,1.5
1772332697,kamailio,chatafl_opt,1,b_abs,8537
1772332702,kamailio,chatafl_opt,1,l_per,6.4
1772332702,kamailio,chatafl_opt,1,l_abs,15283
1772332702,kamailio,chatafl_opt,1,b_per,1.5
1772332702,kamailio,chatafl_opt,1,b_abs,8537
1772332707,kamailio,chatafl_opt,1,l_per,6.5
1772332707,kamailio,chatafl_opt,1,l_abs,15291
1772332707,kamailio,chatafl_opt,1,b_per,1.5
1772332707,kamailio,chatafl_opt,1,b_abs,8539
1772332709,kamailio,chatafl_opt,1,l_per,6.5
1772332709,kamailio,chatafl_opt,1,l_abs,15296
1772332709,kamailio,chatafl_opt,1,b_per,1.5
1772332709,kamailio,chatafl_opt,1,b_abs,8552
1772332712,kamailio,chatafl_opt,1,l_per,6.5
1772332712,kamailio,chatafl_opt,1,l_abs,15296
1772332712,kamailio,chatafl_opt,1,b_per,1.5
1772332712,kamailio,chatafl_opt,1,b_abs,8552
1772332714,kamailio,chatafl_opt,1,l_per,6.5
1772332714,kamailio,chatafl_opt,1,l_abs,15297
1772332714,kamailio,chatafl_opt,1,b_per,1.5
1772332714,kamailio,chatafl_opt,1,b_abs,8554
1772332717,kamailio,chatafl_opt,1,l_per,6.5
1772332717,kamailio,chatafl_opt,1,l_abs,15297
1772332717,kamailio,chatafl_opt,1,b_per,1.5
1772332717,kamailio,chatafl_opt,1,b_abs,8554
1772332720,kamailio,chatafl_opt,1,l_per,6.5
1772332720,kamailio,chatafl_opt,1,l_abs,15297
1772332720,kamailio,chatafl_opt,1,b_per,1.5
1772332720,kamailio,chatafl_opt,1,b_abs,8555
1772332722,kamailio,chatafl_opt,1,l_per,6.5
1772332722,kamailio,chatafl_opt,1,l_abs,15298
1772332722,kamailio,chatafl_opt,1,b_per,1.5
1772332722,kamailio,chatafl_opt,1,b_abs,8556
1772332725,kamailio,chatafl_opt,1,l_per,6.5
1772332725,kamailio,chatafl_opt,1,l_abs,15306
1772332725,kamailio,chatafl_opt,1,b_per,1.5
1772332725,kamailio,chatafl_opt,1,b_abs,8562
1772332733,kamailio,chatafl_opt,1,l_per,6.5
1772332733,kamailio,chatafl_opt,1,l_abs,15306
1772332733,kamailio,chatafl_opt,1,b_per,1.5
1772332733,kamailio,chatafl_opt,1,b_abs,8562
1772332735,kamailio,chatafl_opt,1,l_per,6.5
1772332735,kamailio,chatafl_opt,1,l_abs,15306
1772332735,kamailio,chatafl_opt,1,b_per,1.5
1772332735,kamailio,chatafl_opt,1,b_abs,8562
1772332736,kamailio,chatafl_opt,1,l_per,6.5
1772332736,kamailio,chatafl_opt,1,l_abs,15310
1772332736,kamailio,chatafl_opt,1,b_per,1.5
1772332736,kamailio,chatafl_opt,1,b_abs,8564
1772332741,kamailio,chatafl_opt,1,l_per,6.5
1772332741,kamailio,chatafl_opt,1,l_abs,15310
1772332741,kamailio,chatafl_opt,1,b_per,1.5
1772332741,kamailio,chatafl_opt,1,b_abs,8565
1772332744,kamailio,chatafl_opt,1,l_per,6.5
1772332744,kamailio,chatafl_opt,1,l_abs,15310
1772332744,kamailio,chatafl_opt,1,b_per,1.5
1772332744,kamailio,chatafl_opt,1,b_abs,8565
1772332747,kamailio,chatafl_opt,1,l_per,6.5
1772332747,kamailio,chatafl_opt,1,l_abs,15310
1772332747,kamailio,chatafl_opt,1,b_per,1.5
1772332747,kamailio,chatafl_opt,1,b_abs,8565
1772332752,kamailio,chatafl_opt,1,l_per,6.5
1772332752,kamailio,chatafl_opt,1,l_abs,15310
1772332752,kamailio,chatafl_opt,1,b_per,1.5
1772332752,kamailio,chatafl_opt,1,b_abs,8565
1772332754,kamailio,chatafl_opt,1,l_per,6.5
1772332754,kamailio,chatafl_opt,1,l_abs,15310
1772332754,kamailio,chatafl_opt,1,b_per,1.5
1772332754,kamailio,chatafl_opt,1,b_abs,8566
1772332757,kamailio,chatafl_opt,1,l_per,6.5
1772332757,kamailio,chatafl_opt,1,l_abs,15310
1772332757,kamailio,chatafl_opt,1,b_per,1.5
1772332757,kamailio,chatafl_opt,1,b_abs,8566
1772332759,kamailio,chatafl_opt,1,l_per,6.5
1772332759,kamailio,chatafl_opt,1,l_abs,15310
1772332759,kamailio,chatafl_opt,1,b_per,1.5
1772332759,kamailio,chatafl_opt,1,b_abs,8566
1772332766,kamailio,chatafl_opt,1,l_per,6.5
1772332766,kamailio,chatafl_opt,1,l_abs,15313
1772332766,kamailio,chatafl_opt,1,b_per,1.5
1772332766,kamailio,chatafl_opt,1,b_abs,8567
1772332770,kamailio,chatafl_opt,1,l_per,6.5
1772332770,kamailio,chatafl_opt,1,l_abs,15315
1772332770,kamailio,chatafl_opt,1,b_per,1.5
1772332770,kamailio,chatafl_opt,1,b_abs,8568
1772332773,kamailio,chatafl_opt,1,l_per,6.5
1772332773,kamailio,chatafl_opt,1,l_abs,15321
1772332773,kamailio,chatafl_opt,1,b_per,1.5
1772332773,kamailio,chatafl_opt,1,b_abs,8570
1772332775,kamailio,chatafl_opt,1,l_per,6.5
1772332775,kamailio,chatafl_opt,1,l_abs,15321
1772332775,kamailio,chatafl_opt,1,b_per,1.5
1772332775,kamailio,chatafl_opt,1,b_abs,8571
1772332777,kamailio,chatafl_opt,1,l_per,6.5
1772332777,kamailio,chatafl_opt,1,l_abs,15321
1772332777,kamailio,chatafl_opt,1,b_per,1.5
1772332777,kamailio,chatafl_opt,1,b_abs,8571
1772332788,kamailio,chatafl_opt,1,l_per,6.5
1772332788,kamailio,chatafl_opt,1,l_abs,15327
1772332788,kamailio,chatafl_opt,1,b_per,1.5
1772332788,kamailio,chatafl_opt,1,b_abs,8572
1772332793,kamailio,chatafl_opt,1,l_per,6.5
1772332793,kamailio,chatafl_opt,1,l_abs,15327
1772332793,kamailio,chatafl_opt,1,b_per,1.5
1772332793,kamailio,chatafl_opt,1,b_abs,8572
1772332795,kamailio,chatafl_opt,1,l_per,6.5
1772332795,kamailio,chatafl_opt,1,l_abs,15332
1772332795,kamailio,chatafl_opt,1,b_per,1.5
1772332795,kamailio,chatafl_opt,1,b_abs,8575
1772332800,kamailio,chatafl_opt,1,l_per,6.5
1772332800,kamailio,chatafl_opt,1,l_abs,15332
1772332800,kamailio,chatafl_opt,1,b_per,1.5
1772332800,kamailio,chatafl_opt,1,b_abs,8576
1772332806,kamailio,chatafl_opt,1,l_per,6.5
1772332806,kamailio,chatafl_opt,1,l_abs,15339
1772332806,kamailio,chatafl_opt,1,b_per,1.5
1772332806,kamailio,chatafl_opt,1,b_abs,8577
1772332808,kamailio,chatafl_opt,1,l_per,6.5
1772332808,kamailio,chatafl_opt,1,l_abs,15343
1772332808,kamailio,chatafl_opt,1,b_per,1.5
1772332808,kamailio,chatafl_opt,1,b_abs,8578
1772332812,kamailio,chatafl_opt,1,l_per,6.5
1772332812,kamailio,chatafl_opt,1,l_abs,15347
1772332812,kamailio,chatafl_opt,1,b_per,1.5
1772332812,kamailio,chatafl_opt,1,b_abs,8589
1772332816,kamailio,chatafl_opt,1,l_per,6.5
1772332816,kamailio,chatafl_opt,1,l_abs,15347
1772332816,kamailio,chatafl_opt,1,b_per,1.5
1772332816,kamailio,chatafl_opt,1,b_abs,8590
1772332818,kamailio,chatafl_opt,1,l_per,6.5
1772332818,kamailio,chatafl_opt,1,l_abs,15356
1772332818,kamailio,chatafl_opt,1,b_per,1.5
1772332818,kamailio,chatafl_opt,1,b_abs,8594
1772332821,kamailio,chatafl_opt,1,l_per,6.5
1772332821,kamailio,chatafl_opt,1,l_abs,15357
1772332821,kamailio,chatafl_opt,1,b_per,1.5
1772332821,kamailio,chatafl_opt,1,b_abs,8596
1772332824,kamailio,chatafl_opt,1,l_per,6.5
1772332824,kamailio,chatafl_opt,1,l_abs,15357
1772332824,kamailio,chatafl_opt,1,b_per,1.5
1772332824,kamailio,chatafl_opt,1,b_abs,8596
1772332826,kamailio,chatafl_opt,1,l_per,6.5
1772332826,kamailio,chatafl_opt,1,l_abs,15365
1772332826,kamailio,chatafl_opt,1,b_per,1.5
1772332826,kamailio,chatafl_opt,1,b_abs,8598
1772332828,kamailio,chatafl_opt,1,l_per,6.5
1772332828,kamailio,chatafl_opt,1,l_abs,15365
1772332828,kamailio,chatafl_opt,1,b_per,1.5
1772332828,kamailio,chatafl_opt,1,b_abs,8598
1772332841,kamailio,chatafl_opt,1,l_per,6.5
1772332841,kamailio,chatafl_opt,1,l_abs,15365
1772332841,kamailio,chatafl_opt,1,b_per,1.5
1772332841,kamailio,chatafl_opt,1,b_abs,8598
1772332849,kamailio,chatafl_opt,1,l_per,6.5
1772332849,kamailio,chatafl_opt,1,l_abs,15368
1772332849,kamailio,chatafl_opt,1,b_per,1.5
1772332849,kamailio,chatafl_opt,1,b_abs,8599
1772332852,kamailio,chatafl_opt,1,l_per,6.5
1772332852,kamailio,chatafl_opt,1,l_abs,15379
1772332852,kamailio,chatafl_opt,1,b_per,1.5
1772332852,kamailio,chatafl_opt,1,b_abs,8612
1772332856,kamailio,chatafl_opt,1,l_per,6.5
1772332856,kamailio,chatafl_opt,1,l_abs,15379
1772332856,kamailio,chatafl_opt,1,b_per,1.5
1772332856,kamailio,chatafl_opt,1,b_abs,8613
1772332859,kamailio,chatafl_opt,1,l_per,6.5
1772332859,kamailio,chatafl_opt,1,l_abs,15379
1772332859,kamailio,chatafl_opt,1,b_per,1.5
1772332859,kamailio,chatafl_opt,1,b_abs,8614
1772332864,kamailio,chatafl_opt,1,l_per,6.5
1772332864,kamailio,chatafl_opt,1,l_abs,15385
1772332864,kamailio,chatafl_opt,1,b_per,1.5
1772332864,kamailio,chatafl_opt,1,b_abs,8616
1772332866,kamailio,chatafl_opt,1,l_per,6.5
1772332866,kamailio,chatafl_opt,1,l_abs,15385
1772332866,kamailio,chatafl_opt,1,b_per,1.5
1772332866,kamailio,chatafl_opt,1,b_abs,8616
1772332868,kamailio,chatafl_opt,1,l_per,6.5
1772332868,kamailio,chatafl_opt,1,l_abs,15388
1772332868,kamailio,chatafl_opt,1,b_per,1.5
1772332868,kamailio,chatafl_opt,1,b_abs,8617
1772332872,kamailio,chatafl_opt,1,l_per,6.5
1772332872,kamailio,chatafl_opt,1,l_abs,15388
1772332872,kamailio,chatafl_opt,1,b_per,1.5
1772332872,kamailio,chatafl_opt,1,b_abs,8619
1772332874,kamailio,chatafl_opt,1,l_per,6.5
1772332874,kamailio,chatafl_opt,1,l_abs,15388
1772332874,kamailio,chatafl_opt,1,b_per,1.5
1772332874,kamailio,chatafl_opt,1,b_abs,8619
1772332880,kamailio,chatafl_opt,1,l_per,6.5
1772332880,kamailio,chatafl_opt,1,l_abs,15388
1772332880,kamailio,chatafl_opt,1,b_per,1.5
1772332880,kamailio,chatafl_opt,1,b_abs,8620
1772332889,kamailio,chatafl_opt,1,l_per,6.5
1772332889,kamailio,chatafl_opt,1,l_abs,15388
1772332889,kamailio,chatafl_opt,1,b_per,1.5
1772332889,kamailio,chatafl_opt,1,b_abs,8620
1772332895,kamailio,chatafl_opt,1,l_per,6.5
1772332895,kamailio,chatafl_opt,1,l_abs,15392
1772332895,kamailio,chatafl_opt,1,b_per,1.5
1772332895,kamailio,chatafl_opt,1,b_abs,8621
1772332897,kamailio,chatafl_opt,1,l_per,6.5
1772332897,kamailio,chatafl_opt,1,l_abs,15392
1772332897,kamailio,chatafl_opt,1,b_per,1.5
1772332897,kamailio,chatafl_opt,1,b_abs,8625
1772332900,kamailio,chatafl_opt,1,l_per,6.5
1772332900,kamailio,chatafl_opt,1,l_abs,15397
1772332900,kamailio,chatafl_opt,1,b_per,1.5
1772332900,kamailio,chatafl_opt,1,b_abs,8635
1772332903,kamailio,chatafl_opt,1,l_per,6.5
1772332903,kamailio,chatafl_opt,1,l_abs,15397
1772332903,kamailio,chatafl_opt,1,b_per,1.5
1772332903,kamailio,chatafl_opt,1,b_abs,8635
1772332907,kamailio,chatafl_opt,1,l_per,6.5
1772332907,kamailio,chatafl_opt,1,l_abs,15397
1772332907,kamailio,chatafl_opt,1,b_per,1.5
1772332907,kamailio,chatafl_opt,1,b_abs,8635
1772332909,kamailio,chatafl_opt,1,l_per,6.5
1772332909,kamailio,chatafl_opt,1,l_abs,15397
1772332909,kamailio,chatafl_opt,1,b_per,1.5
1772332909,kamailio,chatafl_opt,1,b_abs,8635
1772332913,kamailio,chatafl_opt,1,l_per,6.5
1772332913,kamailio,chatafl_opt,1,l_abs,15397
1772332913,kamailio,chatafl_opt,1,b_per,1.5
1772332913,kamailio,chatafl_opt,1,b_abs,8635
1772332921,kamailio,chatafl_opt,1,l_per,6.5
1772332921,kamailio,chatafl_opt,1,l_abs,15397
1772332921,kamailio,chatafl_opt,1,b_per,1.5
1772332921,kamailio,chatafl_opt,1,b_abs,8635
1772332932,kamailio,chatafl_opt,1,l_per,6.5
1772332932,kamailio,chatafl_opt,1,l_abs,15397
1772332932,kamailio,chatafl_opt,1,b_per,1.5
1772332932,kamailio,chatafl_opt,1,b_abs,8637
1772332934,kamailio,chatafl_opt,1,l_per,6.5
1772332934,kamailio,chatafl_opt,1,l_abs,15397
1772332934,kamailio,chatafl_opt,1,b_per,1.5
1772332934,kamailio,chatafl_opt,1,b_abs,8637
1772332936,kamailio,chatafl_opt,1,l_per,6.5
1772332936,kamailio,chatafl_opt,1,l_abs,15402
1772332936,kamailio,chatafl_opt,1,b_per,1.5
1772332936,kamailio,chatafl_opt,1,b_abs,8638
1772332943,kamailio,chatafl_opt,1,l_per,6.5
1772332943,kamailio,chatafl_opt,1,l_abs,15402
1772332943,kamailio,chatafl_opt,1,b_per,1.5
1772332943,kamailio,chatafl_opt,1,b_abs,8640
1772332946,kamailio,chatafl_opt,1,l_per,6.5
1772332946,kamailio,chatafl_opt,1,l_abs,15402
1772332946,kamailio,chatafl_opt,1,b_per,1.5
1772332946,kamailio,chatafl_opt,1,b_abs,8641
1772332950,kamailio,chatafl_opt,1,l_per,6.5
1772332950,kamailio,chatafl_opt,1,l_abs,15402
1772332950,kamailio,chatafl_opt,1,b_per,1.5
1772332950,kamailio,chatafl_opt,1,b_abs,8641
1772332952,kamailio,chatafl_opt,1,l_per,6.5
1772332952,kamailio,chatafl_opt,1,l_abs,15402
1772332952,kamailio,chatafl_opt,1,b_per,1.5
1772332952,kamailio,chatafl_opt,1,b_abs,8641
1772332954,kamailio,chatafl_opt,1,l_per,6.5
1772332954,kamailio,chatafl_opt,1,l_abs,15402
1772332954,kamailio,chatafl_opt,1,b_per,1.5
1772332954,kamailio,chatafl_opt,1,b_abs,8641
1772332956,kamailio,chatafl_opt,1,l_per,6.5
1772332956,kamailio,chatafl_opt,1,l_abs,15407
1772332956,kamailio,chatafl_opt,1,b_per,1.5
1772332956,kamailio,chatafl_opt,1,b_abs,8644
1772332965,kamailio,chatafl_opt,1,l_per,6.5
1772332965,kamailio,chatafl_opt,1,l_abs,15407
1772332965,kamailio,chatafl_opt,1,b_per,1.5
1772332965,kamailio,chatafl_opt,1,b_abs,8644
1772332967,kamailio,chatafl_opt,1,l_per,6.5
1772332967,kamailio,chatafl_opt,1,l_abs,15407
1772332967,kamailio,chatafl_opt,1,b_per,1.5
1772332967,kamailio,chatafl_opt,1,b_abs,8644
1772332969,kamailio,chatafl_opt,1,l_per,6.5
1772332969,kamailio,chatafl_opt,1,l_abs,15407
1772332969,kamailio,chatafl_opt,1,b_per,1.5
1772332969,kamailio,chatafl_opt,1,b_abs,8644
1772332971,kamailio,chatafl_opt,1,l_per,6.5
1772332971,kamailio,chatafl_opt,1,l_abs,15408
1772332971,kamailio,chatafl_opt,1,b_per,1.5
1772332971,kamailio,chatafl_opt,1,b_abs,8645
1772332972,kamailio,chatafl_opt,1,l_per,6.5
1772332972,kamailio,chatafl_opt,1,l_abs,15408
1772332972,kamailio,chatafl_opt,1,b_per,1.5
1772332972,kamailio,chatafl_opt,1,b_abs,8645
1772332975,kamailio,chatafl_opt,1,l_per,6.5
1772332975,kamailio,chatafl_opt,1,l_abs,15408
1772332975,kamailio,chatafl_opt,1,b_per,1.5
1772332975,kamailio,chatafl_opt,1,b_abs,8645
1772332976,kamailio,chatafl_opt,1,l_per,6.5
1772332976,kamailio,chatafl_opt,1,l_abs,15408
1772332976,kamailio,chatafl_opt,1,b_per,1.5
1772332976,kamailio,chatafl_opt,1,b_abs,8645
1772332978,kamailio,chatafl_opt,1,l_per,6.5
1772332978,kamailio,chatafl_opt,1,l_abs,15408
1772332978,kamailio,chatafl_opt,1,b_per,1.5
1772332978,kamailio,chatafl_opt,1,b_abs,8645
1772332980,kamailio,chatafl_opt,1,l_per,6.5
1772332980,kamailio,chatafl_opt,1,l_abs,15408
1772332980,kamailio,chatafl_opt,1,b_per,1.5
1772332980,kamailio,chatafl_opt,1,b_abs,8645
1772332982,kamailio,chatafl_opt,1,l_per,6.5
1772332982,kamailio,chatafl_opt,1,l_abs,15408
1772332982,kamailio,chatafl_opt,1,b_per,1.5
1772332982,kamailio,chatafl_opt,1,b_abs,8645
1772332985,kamailio,chatafl_opt,1,l_per,6.5
1772332985,kamailio,chatafl_opt,1,l_abs,15409
1772332985,kamailio,chatafl_opt,1,b_per,1.5
1772332985,kamailio,chatafl_opt,1,b_abs,8647
1772332987,kamailio,chatafl_opt,1,l_per,6.5
1772332987,kamailio,chatafl_opt,1,l_abs,15409
1772332987,kamailio,chatafl_opt,1,b_per,1.5
1772332987,kamailio,chatafl_opt,1,b_abs,8647
1772332990,kamailio,chatafl_opt,1,l_per,6.5
1772332990,kamailio,chatafl_opt,1,l_abs,15409
1772332990,kamailio,chatafl_opt,1,b_per,1.5
1772332990,kamailio,chatafl_opt,1,b_abs,8647
1772332992,kamailio,chatafl_opt,1,l_per,6.5
1772332992,kamailio,chatafl_opt,1,l_abs,15409
1772332992,kamailio,chatafl_opt,1,b_per,1.5
1772332992,kamailio,chatafl_opt,1,b_abs,8647
1772332994,kamailio,chatafl_opt,1,l_per,6.5
1772332994,kamailio,chatafl_opt,1,l_abs,15409
1772332994,kamailio,chatafl_opt,1,b_per,1.5
1772332994,kamailio,chatafl_opt,1,b_abs,8647
1772332996,kamailio,chatafl_opt,1,l_per,6.5
1772332996,kamailio,chatafl_opt,1,l_abs,15409
1772332996,kamailio,chatafl_opt,1,b_per,1.5
1772332996,kamailio,chatafl_opt,1,b_abs,8647
1772332998,kamailio,chatafl_opt,1,l_per,6.5
1772332998,kamailio,chatafl_opt,1,l_abs,15409
1772332998,kamailio,chatafl_opt,1,b_per,1.5
1772332998,kamailio,chatafl_opt,1,b_abs,8647
1772333000,kamailio,chatafl_opt,1,l_per,6.5
1772333000,kamailio,chatafl_opt,1,l_abs,15409
1772333000,kamailio,chatafl_opt,1,b_per,1.5
1772333000,kamailio,chatafl_opt,1,b_abs,8647
1772333002,kamailio,chatafl_opt,1,l_per,6.5
1772333002,kamailio,chatafl_opt,1,l_abs,15409
1772333002,kamailio,chatafl_opt,1,b_per,1.5
1772333002,kamailio,chatafl_opt,1,b_abs,8647
1772333004,kamailio,chatafl_opt,1,l_per,6.5
1772333004,kamailio,chatafl_opt,1,l_abs,15412
1772333004,kamailio,chatafl_opt,1,b_per,1.5
1772333004,kamailio,chatafl_opt,1,b_abs,8648
1772333007,kamailio,chatafl_opt,1,l_per,6.5
1772333007,kamailio,chatafl_opt,1,l_abs,15412
1772333007,kamailio,chatafl_opt,1,b_per,1.5
1772333007,kamailio,chatafl_opt,1,b_abs,8648
1772333009,kamailio,chatafl_opt,1,l_per,6.5
1772333009,kamailio,chatafl_opt,1,l_abs,15412
1772333009,kamailio,chatafl_opt,1,b_per,1.5
1772333009,kamailio,chatafl_opt,1,b_abs,8648
1772333011,kamailio,chatafl_opt,1,l_per,6.5
1772333011,kamailio,chatafl_opt,1,l_abs,15412
1772333011,kamailio,chatafl_opt,1,b_per,1.5
1772333011,kamailio,chatafl_opt,1,b_abs,8648
1772333013,kamailio,chatafl_opt,1,l_per,6.5
1772333013,kamailio,chatafl_opt,1,l_abs,15412
1772333013,kamailio,chatafl_opt,1,b_per,1.5
1772333013,kamailio,chatafl_opt,1,b_abs,8648
1772333015,kamailio,chatafl_opt,1,l_per,6.5
1772333015,kamailio,chatafl_opt,1,l_abs,15412
1772333015,kamailio,chatafl_opt,1,b_per,1.5
1772333015,kamailio,chatafl_opt,1,b_abs,8648
1772333017,kamailio,chatafl_opt,1,l_per,6.5
1772333017,kamailio,chatafl_opt,1,l_abs,15415
1772333017,kamailio,chatafl_opt,1,b_per,1.5
1772333017,kamailio,chatafl_opt,1,b_abs,8649
1772333019,kamailio,chatafl_opt,1,l_per,6.5
1772333019,kamailio,chatafl_opt,1,l_abs,15415
1772333019,kamailio,chatafl_opt,1,b_per,1.5
1772333019,kamailio,chatafl_opt,1,b_abs,8649
1772333021,kamailio,chatafl_opt,1,l_per,6.5
1772333021,kamailio,chatafl_opt,1,l_abs,15415
1772333021,kamailio,chatafl_opt,1,b_per,1.5
1772333021,kamailio,chatafl_opt,1,b_abs,8649
1772333023,kamailio,chatafl_opt,1,l_per,6.5
1772333023,kamailio,chatafl_opt,1,l_abs,15415
1772333023,kamailio,chatafl_opt,1,b_per,1.5
1772333023,kamailio,chatafl_opt,1,b_abs,8649
1772333026,kamailio,chatafl_opt,1,l_per,6.5
1772333026,kamailio,chatafl_opt,1,l_abs,15415
1772333026,kamailio,chatafl_opt,1,b_per,1.5
1772333026,kamailio,chatafl_opt,1,b_abs,8651
1772333028,kamailio,chatafl_opt,1,l_per,6.5
1772333028,kamailio,chatafl_opt,1,l_abs,15420
1772333028,kamailio,chatafl_opt,1,b_per,1.5
1772333028,kamailio,chatafl_opt,1,b_abs,8661
1772333030,kamailio,chatafl_opt,1,l_per,6.5
1772333030,kamailio,chatafl_opt,1,l_abs,15420
1772333030,kamailio,chatafl_opt,1,b_per,1.5
1772333030,kamailio,chatafl_opt,1,b_abs,8661
1772333033,kamailio,chatafl_opt,1,l_per,6.5
1772333033,kamailio,chatafl_opt,1,l_abs,15421
1772333033,kamailio,chatafl_opt,1,b_per,1.5
1772333033,kamailio,chatafl_opt,1,b_abs,8662
1772333035,kamailio,chatafl_opt,1,l_per,6.5
1772333035,kamailio,chatafl_opt,1,l_abs,15421
1772333035,kamailio,chatafl_opt,1,b_per,1.5
1772333035,kamailio,chatafl_opt,1,b_abs,8662
1772333037,kamailio,chatafl_opt,1,l_per,6.5
1772333037,kamailio,chatafl_opt,1,l_abs,15421
1772333037,kamailio,chatafl_opt,1,b_per,1.5
1772333037,kamailio,chatafl_opt,1,b_abs,8662
1772333039,kamailio,chatafl_opt,1,l_per,6.5
1772333039,kamailio,chatafl_opt,1,l_abs,15421
1772333039,kamailio,chatafl_opt,1,b_per,1.5
1772333039,kamailio,chatafl_opt,1,b_abs,8662
1772333041,kamailio,chatafl_opt,1,l_per,6.5
1772333041,kamailio,chatafl_opt,1,l_abs,15421
1772333041,kamailio,chatafl_opt,1,b_per,1.5
1772333041,kamailio,chatafl_opt,1,b_abs,8662
1772333042,kamailio,chatafl_opt,1,l_per,6.5
1772333042,kamailio,chatafl_opt,1,l_abs,15421
1772333042,kamailio,chatafl_opt,1,b_per,1.5
1772333042,kamailio,chatafl_opt,1,b_abs,8664
1772333044,kamailio,chatafl_opt,1,l_per,6.5
1772333044,kamailio,chatafl_opt,1,l_abs,15454
1772333044,kamailio,chatafl_opt,1,b_per,1.5
1772333044,kamailio,chatafl_opt,1,b_abs,8688
1772333047,kamailio,chatafl_opt,1,l_per,6.5
1772333047,kamailio,chatafl_opt,1,l_abs,15457
1772333047,kamailio,chatafl_opt,1,b_per,1.5
1772333047,kamailio,chatafl_opt,1,b_abs,8697
1772333049,kamailio,chatafl_opt,1,l_per,6.5
1772333049,kamailio,chatafl_opt,1,l_abs,15462
1772333049,kamailio,chatafl_opt,1,b_per,1.5
1772333049,kamailio,chatafl_opt,1,b_abs,8699
1772333051,kamailio,chatafl_opt,1,l_per,6.5
1772333051,kamailio,chatafl_opt,1,l_abs,15473
1772333051,kamailio,chatafl_opt,1,b_per,1.5
1772333051,kamailio,chatafl_opt,1,b_abs,8709
1772333053,kamailio,chatafl_opt,1,l_per,6.5
1772333053,kamailio,chatafl_opt,1,l_abs,15473
1772333053,kamailio,chatafl_opt,1,b_per,1.5
1772333053,kamailio,chatafl_opt,1,b_abs,8709
1772333054,kamailio,chatafl_opt,1,l_per,6.5
1772333054,kamailio,chatafl_opt,1,l_abs,15473
1772333054,kamailio,chatafl_opt,1,b_per,1.5
1772333054,kamailio,chatafl_opt,1,b_abs,8709
1772333056,kamailio,chatafl_opt,1,l_per,6.5
1772333056,kamailio,chatafl_opt,1,l_abs,15475
1772333056,kamailio,chatafl_opt,1,b_per,1.5
1772333056,kamailio,chatafl_opt,1,b_abs,8710
1772333058,kamailio,chatafl_opt,1,l_per,6.5
1772333058,kamailio,chatafl_opt,1,l_abs,15475
1772333058,kamailio,chatafl_opt,1,b_per,1.5
1772333058,kamailio,chatafl_opt,1,b_abs,8710
1772333060,kamailio,chatafl_opt,1,l_per,6.5
1772333060,kamailio,chatafl_opt,1,l_abs,15475
1772333060,kamailio,chatafl_opt,1,b_per,1.5
1772333060,kamailio,chatafl_opt,1,b_abs,8710
1772333062,kamailio,chatafl_opt,1,l_per,6.5
1772333062,kamailio,chatafl_opt,1,l_abs,15475
1772333062,kamailio,chatafl_opt,1,b_per,1.5
1772333062,kamailio,chatafl_opt,1,b_abs,8710
1772333064,kamailio,chatafl_opt,1,l_per,6.5
1772333064,kamailio,chatafl_opt,1,l_abs,15475
1772333064,kamailio,chatafl_opt,1,b_per,1.5
1772333064,kamailio,chatafl_opt,1,b_abs,8710
1772333066,kamailio,chatafl_opt,1,l_per,6.5
1772333066,kamailio,chatafl_opt,1,l_abs,15478
1772333066,kamailio,chatafl_opt,1,b_per,1.5
1772333066,kamailio,chatafl_opt,1,b_abs,8711
1772333068,kamailio,chatafl_opt,1,l_per,6.5
1772333068,kamailio,chatafl_opt,1,l_abs,15478
1772333068,kamailio,chatafl_opt,1,b_per,1.5
1772333068,kamailio,chatafl_opt,1,b_abs,8712
1772333070,kamailio,chatafl_opt,1,l_per,6.5
1772333070,kamailio,chatafl_opt,1,l_abs,15478
1772333070,kamailio,chatafl_opt,1,b_per,1.5
1772333070,kamailio,chatafl_opt,1,b_abs,8712
1772333073,kamailio,chatafl_opt,1,l_per,6.5
1772333073,kamailio,chatafl_opt,1,l_abs,15478
1772333073,kamailio,chatafl_opt,1,b_per,1.5
1772333073,kamailio,chatafl_opt,1,b_abs,8712
1772333076,kamailio,chatafl_opt,1,l_per,6.5
1772333076,kamailio,chatafl_opt,1,l_abs,15478
1772333076,kamailio,chatafl_opt,1,b_per,1.5
1772333076,kamailio,chatafl_opt,1,b_abs,8712
1772333079,kamailio,chatafl_opt,1,l_per,6.5
1772333079,kamailio,chatafl_opt,1,l_abs,15478
1772333079,kamailio,chatafl_opt,1,b_per,1.5
1772333079,kamailio,chatafl_opt,1,b_abs,8712
1772333081,kamailio,chatafl_opt,1,l_per,6.5
1772333081,kamailio,chatafl_opt,1,l_abs,15478
1772333081,kamailio,chatafl_opt,1,b_per,1.5
1772333081,kamailio,chatafl_opt,1,b_abs,8712
1772333083,kamailio,chatafl_opt,1,l_per,6.5
1772333083,kamailio,chatafl_opt,1,l_abs,15478
1772333083,kamailio,chatafl_opt,1,b_per,1.5
1772333083,kamailio,chatafl_opt,1,b_abs,8712
1772333085,kamailio,chatafl_opt,1,l_per,6.5
1772333085,kamailio,chatafl_opt,1,l_abs,15478
1772333085,kamailio,chatafl_opt,1,b_per,1.5
1772333085,kamailio,chatafl_opt,1,b_abs,8712
1772333087,kamailio,chatafl_opt,1,l_per,6.5
1772333087,kamailio,chatafl_opt,1,l_abs,15478
1772333087,kamailio,chatafl_opt,1,b_per,1.5
1772333087,kamailio,chatafl_opt,1,b_abs,8712
1772333095,kamailio,chatafl_opt,1,l_per,6.5
1772333095,kamailio,chatafl_opt,1,l_abs,15481
1772333095,kamailio,chatafl_opt,1,b_per,1.5
1772333095,kamailio,chatafl_opt,1,b_abs,8716
1772333098,kamailio,chatafl_opt,1,l_per,6.5
1772333098,kamailio,chatafl_opt,1,l_abs,15481
1772333098,kamailio,chatafl_opt,1,b_per,1.5
1772333098,kamailio,chatafl_opt,1,b_abs,8716
1772333100,kamailio,chatafl_opt,1,l_per,6.5
1772333100,kamailio,chatafl_opt,1,l_abs,15481
1772333100,kamailio,chatafl_opt,1,b_per,1.5
1772333100,kamailio,chatafl_opt,1,b_abs,8716
1772333102,kamailio,chatafl_opt,1,l_per,6.5
1772333102,kamailio,chatafl_opt,1,l_abs,15481
1772333102,kamailio,chatafl_opt,1,b_per,1.5
1772333102,kamailio,chatafl_opt,1,b_abs,8716
1772333103,kamailio,chatafl_opt,1,l_per,6.5
1772333103,kamailio,chatafl_opt,1,l_abs,15485
1772333103,kamailio,chatafl_opt,1,b_per,1.5
1772333103,kamailio,chatafl_opt,1,b_abs,8717
1772333105,kamailio,chatafl_opt,1,l_per,6.5
1772333105,kamailio,chatafl_opt,1,l_abs,15485
1772333105,kamailio,chatafl_opt,1,b_per,1.5
1772333105,kamailio,chatafl_opt,1,b_abs,8718
1772333107,kamailio,chatafl_opt,1,l_per,6.5
1772333107,kamailio,chatafl_opt,1,l_abs,15485
1772333107,kamailio,chatafl_opt,1,b_per,1.5
1772333107,kamailio,chatafl_opt,1,b_abs,8720
1772333115,kamailio,chatafl_opt,1,l_per,6.5
1772333115,kamailio,chatafl_opt,1,l_abs,15485
1772333115,kamailio,chatafl_opt,1,b_per,1.5
1772333115,kamailio,chatafl_opt,1,b_abs,8720
1772333119,kamailio,chatafl_opt,1,l_per,6.5
1772333119,kamailio,chatafl_opt,1,l_abs,15485
1772333119,kamailio,chatafl_opt,1,b_per,1.5
1772333119,kamailio,chatafl_opt,1,b_abs,8720
1772333122,kamailio,chatafl_opt,1,l_per,6.5
1772333122,kamailio,chatafl_opt,1,l_abs,15487
1772333122,kamailio,chatafl_opt,1,b_per,1.5
1772333122,kamailio,chatafl_opt,1,b_abs,8723
1772333124,kamailio,chatafl_opt,1,l_per,6.5
1772333124,kamailio,chatafl_opt,1,l_abs,15487
1772333124,kamailio,chatafl_opt,1,b_per,1.5
1772333124,kamailio,chatafl_opt,1,b_abs,8723
1772333126,kamailio,chatafl_opt,1,l_per,6.5
1772333126,kamailio,chatafl_opt,1,l_abs,15487
1772333126,kamailio,chatafl_opt,1,b_per,1.5
1772333126,kamailio,chatafl_opt,1,b_abs,8723
1772333128,kamailio,chatafl_opt,1,l_per,6.5
1772333128,kamailio,chatafl_opt,1,l_abs,15488
1772333128,kamailio,chatafl_opt,1,b_per,1.5
1772333128,kamailio,chatafl_opt,1,b_abs,8724
1772333131,kamailio,chatafl_opt,1,l_per,6.5
1772333131,kamailio,chatafl_opt,1,l_abs,15488
1772333131,kamailio,chatafl_opt,1,b_per,1.5
1772333131,kamailio,chatafl_opt,1,b_abs,8725
1772333133,kamailio,chatafl_opt,1,l_per,6.5
1772333133,kamailio,chatafl_opt,1,l_abs,15488
1772333133,kamailio,chatafl_opt,1,b_per,1.5
1772333133,kamailio,chatafl_opt,1,b_abs,8727
1772333136,kamailio,chatafl_opt,1,l_per,6.5
1772333136,kamailio,chatafl_opt,1,l_abs,15490
1772333136,kamailio,chatafl_opt,1,b_per,1.5
1772333136,kamailio,chatafl_opt,1,b_abs,8728
1772333140,kamailio,chatafl_opt,1,l_per,6.5
1772333140,kamailio,chatafl_opt,1,l_abs,15490
1772333140,kamailio,chatafl_opt,1,b_per,1.5
1772333140,kamailio,chatafl_opt,1,b_abs,8728
1772333142,kamailio,chatafl_opt,1,l_per,6.5
1772333142,kamailio,chatafl_opt,1,l_abs,15490
1772333142,kamailio,chatafl_opt,1,b_per,1.5
1772333142,kamailio,chatafl_opt,1,b_abs,8728
1772333143,kamailio,chatafl_opt,1,l_per,6.5
1772333143,kamailio,chatafl_opt,1,l_abs,15490
1772333143,kamailio,chatafl_opt,1,b_per,1.5
1772333143,kamailio,chatafl_opt,1,b_abs,8728
1772333146,kamailio,chatafl_opt,1,l_per,6.5
1772333146,kamailio,chatafl_opt,1,l_abs,15490
1772333146,kamailio,chatafl_opt,1,b_per,1.5
1772333146,kamailio,chatafl_opt,1,b_abs,8728
1772333148,kamailio,chatafl_opt,1,l_per,6.5
1772333148,kamailio,chatafl_opt,1,l_abs,15493
1772333148,kamailio,chatafl_opt,1,b_per,1.5
1772333148,kamailio,chatafl_opt,1,b_abs,8729
1772333150,kamailio,chatafl_opt,1,l_per,6.5
1772333150,kamailio,chatafl_opt,1,l_abs,15493
1772333150,kamailio,chatafl_opt,1,b_per,1.5
1772333150,kamailio,chatafl_opt,1,b_abs,8729
1772333154,kamailio,chatafl_opt,1,l_per,6.5
1772333154,kamailio,chatafl_opt,1,l_abs,15496
1772333154,kamailio,chatafl_opt,1,b_per,1.5
1772333154,kamailio,chatafl_opt,1,b_abs,8738
1772333157,kamailio,chatafl_opt,1,l_per,6.5
1772333157,kamailio,chatafl_opt,1,l_abs,15499
1772333157,kamailio,chatafl_opt,1,b_per,1.5
1772333157,kamailio,chatafl_opt,1,b_abs,8747
1772333159,kamailio,chatafl_opt,1,l_per,6.5
1772333159,kamailio,chatafl_opt,1,l_abs,15499
1772333159,kamailio,chatafl_opt,1,b_per,1.5
1772333159,kamailio,chatafl_opt,1,b_abs,8749
1772333163,kamailio,chatafl_opt,1,l_per,6.5
1772333163,kamailio,chatafl_opt,1,l_abs,15499
1772333163,kamailio,chatafl_opt,1,b_per,1.5
1772333163,kamailio,chatafl_opt,1,b_abs,8749
1772333165,kamailio,chatafl_opt,1,l_per,6.5
1772333165,kamailio,chatafl_opt,1,l_abs,15504
1772333165,kamailio,chatafl_opt,1,b_per,1.5
1772333165,kamailio,chatafl_opt,1,b_abs,8750
1772333169,kamailio,chatafl_opt,1,l_per,6.5
1772333169,kamailio,chatafl_opt,1,l_abs,15505
1772333169,kamailio,chatafl_opt,1,b_per,1.5
1772333169,kamailio,chatafl_opt,1,b_abs,8752
1772333177,kamailio,chatafl_opt,1,l_per,6.5
1772333177,kamailio,chatafl_opt,1,l_abs,15505
1772333177,kamailio,chatafl_opt,1,b_per,1.5
1772333177,kamailio,chatafl_opt,1,b_abs,8752
1772333183,kamailio,chatafl_opt,1,l_per,6.5
1772333183,kamailio,chatafl_opt,1,l_abs,15505
1772333183,kamailio,chatafl_opt,1,b_per,1.5
1772333183,kamailio,chatafl_opt,1,b_abs,8752
1772333185,kamailio,chatafl_opt,1,l_per,6.5
1772333185,kamailio,chatafl_opt,1,l_abs,15507
1772333185,kamailio,chatafl_opt,1,b_per,1.5
1772333185,kamailio,chatafl_opt,1,b_abs,8753
1772333188,kamailio,chatafl_opt,1,l_per,6.5
1772333188,kamailio,chatafl_opt,1,l_abs,15507
1772333188,kamailio,chatafl_opt,1,b_per,1.5
1772333188,kamailio,chatafl_opt,1,b_abs,8754
1772333192,kamailio,chatafl_opt,1,l_per,6.5
1772333192,kamailio,chatafl_opt,1,l_abs,15511
1772333192,kamailio,chatafl_opt,1,b_per,1.5
1772333192,kamailio,chatafl_opt,1,b_abs,8755
1772333198,kamailio,chatafl_opt,1,l_per,6.5
1772333198,kamailio,chatafl_opt,1,l_abs,15511
1772333198,kamailio,chatafl_opt,1,b_per,1.5
1772333198,kamailio,chatafl_opt,1,b_abs,8755
1772333200,kamailio,chatafl_opt,1,l_per,6.5
1772333200,kamailio,chatafl_opt,1,l_abs,15511
1772333200,kamailio,chatafl_opt,1,b_per,1.5
1772333200,kamailio,chatafl_opt,1,b_abs,8755
1772333203,kamailio,chatafl_opt,1,l_per,6.5
1772333203,kamailio,chatafl_opt,1,l_abs,15511
1772333203,kamailio,chatafl_opt,1,b_per,1.5
1772333203,kamailio,chatafl_opt,1,b_abs,8755
1772333206,kamailio,chatafl_opt,1,l_per,6.5
1772333206,kamailio,chatafl_opt,1,l_abs,15514
1772333206,kamailio,chatafl_opt,1,b_per,1.5
1772333206,kamailio,chatafl_opt,1,b_abs,8756
1772333207,kamailio,chatafl_opt,1,l_per,6.5
1772333207,kamailio,chatafl_opt,1,l_abs,15521
1772333207,kamailio,chatafl_opt,1,b_per,1.5
1772333207,kamailio,chatafl_opt,1,b_abs,8775
1772333209,kamailio,chatafl_opt,1,l_per,6.5
1772333209,kamailio,chatafl_opt,1,l_abs,15521
1772333209,kamailio,chatafl_opt,1,b_per,1.5
1772333209,kamailio,chatafl_opt,1,b_abs,8775
1772333214,kamailio,chatafl_opt,1,l_per,6.6
1772333214,kamailio,chatafl_opt,1,l_abs,15525
1772333214,kamailio,chatafl_opt,1,b_per,1.5
1772333214,kamailio,chatafl_opt,1,b_abs,8776
1772333223,kamailio,chatafl_opt,1,l_per,6.6
1772333223,kamailio,chatafl_opt,1,l_abs,15525
1772333223,kamailio,chatafl_opt,1,b_per,1.5
1772333223,kamailio,chatafl_opt,1,b_abs,8777
1772333232,kamailio,chatafl_opt,1,l_per,6.6
1772333232,kamailio,chatafl_opt,1,l_abs,15525
1772333232,kamailio,chatafl_opt,1,b_per,1.5
1772333232,kamailio,chatafl_opt,1,b_abs,8777
1772333236,kamailio,chatafl_opt,1,l_per,6.6
1772333236,kamailio,chatafl_opt,1,l_abs,15525
1772333236,kamailio,chatafl_opt,1,b_per,1.5
1772333236,kamailio,chatafl_opt,1,b_abs,8777
1772333239,kamailio,chatafl_opt,1,l_per,6.6
1772333239,kamailio,chatafl_opt,1,l_abs,15528
1772333239,kamailio,chatafl_opt,1,b_per,1.5
1772333239,kamailio,chatafl_opt,1,b_abs,8779
1772333244,kamailio,chatafl_opt,1,l_per,6.6
1772333244,kamailio,chatafl_opt,1,l_abs,15528
1772333244,kamailio,chatafl_opt,1,b_per,1.5
1772333244,kamailio,chatafl_opt,1,b_abs,8779
1772333248,kamailio,chatafl_opt,1,l_per,6.6
1772333248,kamailio,chatafl_opt,1,l_abs,15532
1772333248,kamailio,chatafl_opt,1,b_per,1.5
1772333248,kamailio,chatafl_opt,1,b_abs,8780
1772333252,kamailio,chatafl_opt,1,l_per,6.6
1772333252,kamailio,chatafl_opt,1,l_abs,15532
1772333252,kamailio,chatafl_opt,1,b_per,1.5
1772333252,kamailio,chatafl_opt,1,b_abs,8780
1772333257,kamailio,chatafl_opt,1,l_per,6.6
1772333257,kamailio,chatafl_opt,1,l_abs,15537
1772333257,kamailio,chatafl_opt,1,b_per,1.5
1772333257,kamailio,chatafl_opt,1,b_abs,8782
1772333259,kamailio,chatafl_opt,1,l_per,6.6
1772333259,kamailio,chatafl_opt,1,l_abs,15537
1772333259,kamailio,chatafl_opt,1,b_per,1.5
1772333259,kamailio,chatafl_opt,1,b_abs,8782
1772333261,kamailio,chatafl_opt,1,l_per,6.6
1772333261,kamailio,chatafl_opt,1,l_abs,15537
1772333261,kamailio,chatafl_opt,1,b_per,1.5
1772333261,kamailio,chatafl_opt,1,b_abs,8782
1772333263,kamailio,chatafl_opt,1,l_per,6.6
1772333263,kamailio,chatafl_opt,1,l_abs,15537
1772333263,kamailio,chatafl_opt,1,b_per,1.5
1772333263,kamailio,chatafl_opt,1,b_abs,8782
1772333266,kamailio,chatafl_opt,1,l_per,6.6
1772333266,kamailio,chatafl_opt,1,l_abs,15537
1772333266,kamailio,chatafl_opt,1,b_per,1.5
1772333266,kamailio,chatafl_opt,1,b_abs,8782
1772333269,kamailio,chatafl_opt,1,l_per,6.6
1772333269,kamailio,chatafl_opt,1,l_abs,15537
1772333269,kamailio,chatafl_opt,1,b_per,1.5
1772333269,kamailio,chatafl_opt,1,b_abs,8782
1772333273,kamailio,chatafl_opt,1,l_per,6.6
1772333273,kamailio,chatafl_opt,1,l_abs,15537
1772333273,kamailio,chatafl_opt,1,b_per,1.5
1772333273,kamailio,chatafl_opt,1,b_abs,8782
1772333276,kamailio,chatafl_opt,1,l_per,6.6
1772333276,kamailio,chatafl_opt,1,l_abs,15537
1772333276,kamailio,chatafl_opt,1,b_per,1.5
1772333276,kamailio,chatafl_opt,1,b_abs,8782
1772333280,kamailio,chatafl_opt,1,l_per,6.6
1772333280,kamailio,chatafl_opt,1,l_abs,15537
1772333280,kamailio,chatafl_opt,1,b_per,1.5
1772333280,kamailio,chatafl_opt,1,b_abs,8782
1772333285,kamailio,chatafl_opt,1,l_per,6.6
1772333285,kamailio,chatafl_opt,1,l_abs,15537
1772333285,kamailio,chatafl_opt,1,b_per,1.5
1772333285,kamailio,chatafl_opt,1,b_abs,8782
1772333287,kamailio,chatafl_opt,1,l_per,6.6
1772333287,kamailio,chatafl_opt,1,l_abs,15538
1772333287,kamailio,chatafl_opt,1,b_per,1.5
1772333287,kamailio,chatafl_opt,1,b_abs,8783
1772333290,kamailio,chatafl_opt,1,l_per,6.6
1772333290,kamailio,chatafl_opt,1,l_abs,15538
1772333290,kamailio,chatafl_opt,1,b_per,1.5
1772333290,kamailio,chatafl_opt,1,b_abs,8783
1772333292,kamailio,chatafl_opt,1,l_per,6.6
1772333292,kamailio,chatafl_opt,1,l_abs,15538
1772333292,kamailio,chatafl_opt,1,b_per,1.5
1772333292,kamailio,chatafl_opt,1,b_abs,8784
1772333297,kamailio,chatafl_opt,1,l_per,6.6
1772333297,kamailio,chatafl_opt,1,l_abs,15538
1772333297,kamailio,chatafl_opt,1,b_per,1.5
1772333297,kamailio,chatafl_opt,1,b_abs,8784
1772333304,kamailio,chatafl_opt,1,l_per,6.6
1772333304,kamailio,chatafl_opt,1,l_abs,15541
1772333304,kamailio,chatafl_opt,1,b_per,1.5
1772333304,kamailio,chatafl_opt,1,b_abs,8787
1772333309,kamailio,chatafl_opt,1,l_per,6.6
1772333309,kamailio,chatafl_opt,1,l_abs,15544
1772333309,kamailio,chatafl_opt,1,b_per,1.5
1772333309,kamailio,chatafl_opt,1,b_abs,8788
1772333311,kamailio,chatafl_opt,1,l_per,6.6
1772333311,kamailio,chatafl_opt,1,l_abs,15544
1772333311,kamailio,chatafl_opt,1,b_per,1.5
1772333311,kamailio,chatafl_opt,1,b_abs,8788
1772333313,kamailio,chatafl_opt,1,l_per,6.6
1772333313,kamailio,chatafl_opt,1,l_abs,15544
1772333313,kamailio,chatafl_opt,1,b_per,1.5
1772333313,kamailio,chatafl_opt,1,b_abs,8788
1772333325,kamailio,chatafl_opt,1,l_per,6.6
1772333325,kamailio,chatafl_opt,1,l_abs,15550
1772333325,kamailio,chatafl_opt,1,b_per,1.5
1772333325,kamailio,chatafl_opt,1,b_abs,8789
1772333327,kamailio,chatafl_opt,1,l_per,6.6
1772333327,kamailio,chatafl_opt,1,l_abs,15554
1772333327,kamailio,chatafl_opt,1,b_per,1.5
1772333327,kamailio,chatafl_opt,1,b_abs,8790
1772333333,kamailio,chatafl_opt,1,l_per,6.6
1772333333,kamailio,chatafl_opt,1,l_abs,15555
1772333333,kamailio,chatafl_opt,1,b_per,1.5
1772333333,kamailio,chatafl_opt,1,b_abs,8791
1772333335,kamailio,chatafl_opt,1,l_per,6.6
1772333335,kamailio,chatafl_opt,1,l_abs,15555
1772333335,kamailio,chatafl_opt,1,b_per,1.5
1772333335,kamailio,chatafl_opt,1,b_abs,8792
1772333337,kamailio,chatafl_opt,1,l_per,6.6
1772333337,kamailio,chatafl_opt,1,l_abs,15555
1772333337,kamailio,chatafl_opt,1,b_per,1.5
1772333337,kamailio,chatafl_opt,1,b_abs,8794
1772333339,kamailio,chatafl_opt,1,l_per,6.6
1772333339,kamailio,chatafl_opt,1,l_abs,15555
1772333339,kamailio,chatafl_opt,1,b_per,1.5
1772333339,kamailio,chatafl_opt,1,b_abs,8794
1772333355,kamailio,chatafl_opt,1,l_per,6.6
1772333355,kamailio,chatafl_opt,1,l_abs,15555
1772333355,kamailio,chatafl_opt,1,b_per,1.5
1772333355,kamailio,chatafl_opt,1,b_abs,8794
1772333358,kamailio,chatafl_opt,1,l_per,6.6
1772333358,kamailio,chatafl_opt,1,l_abs,15558
1772333358,kamailio,chatafl_opt,1,b_per,1.6
1772333358,kamailio,chatafl_opt,1,b_abs,8804
1772333361,kamailio,chatafl_opt,1,l_per,6.6
1772333361,kamailio,chatafl_opt,1,l_abs,15558
1772333361,kamailio,chatafl_opt,1,b_per,1.6
1772333361,kamailio,chatafl_opt,1,b_abs,8804
1772333363,kamailio,chatafl_opt,1,l_per,6.6
1772333363,kamailio,chatafl_opt,1,l_abs,15561
1772333363,kamailio,chatafl_opt,1,b_per,1.6
1772333363,kamailio,chatafl_opt,1,b_abs,8805
1772333368,kamailio,chatafl_opt,1,l_per,6.6
1772333368,kamailio,chatafl_opt,1,l_abs,15565
1772333368,kamailio,chatafl_opt,1,b_per,1.6
1772333368,kamailio,chatafl_opt,1,b_abs,8806
1772333370,kamailio,chatafl_opt,1,l_per,6.6
1772333370,kamailio,chatafl_opt,1,l_abs,15565
1772333370,kamailio,chatafl_opt,1,b_per,1.6
1772333370,kamailio,chatafl_opt,1,b_abs,8806
1772333373,kamailio,chatafl_opt,1,l_per,6.6
1772333373,kamailio,chatafl_opt,1,l_abs,15565
1772333373,kamailio,chatafl_opt,1,b_per,1.6
1772333373,kamailio,chatafl_opt,1,b_abs,8807
1772333376,kamailio,chatafl_opt,1,l_per,6.6
1772333376,kamailio,chatafl_opt,1,l_abs,15568
1772333376,kamailio,chatafl_opt,1,b_per,1.6
1772333376,kamailio,chatafl_opt,1,b_abs,8811
1772333384,kamailio,chatafl_opt,1,l_per,6.6
1772333384,kamailio,chatafl_opt,1,l_abs,15622
1772333384,kamailio,chatafl_opt,1,b_per,1.6
1772333384,kamailio,chatafl_opt,1,b_abs,8839
1772333397,kamailio,chatafl_opt,1,l_per,6.6
1772333397,kamailio,chatafl_opt,1,l_abs,15622
1772333397,kamailio,chatafl_opt,1,b_per,1.6
1772333397,kamailio,chatafl_opt,1,b_abs,8839
1772333401,kamailio,chatafl_opt,1,l_per,6.6
1772333401,kamailio,chatafl_opt,1,l_abs,15622
1772333401,kamailio,chatafl_opt,1,b_per,1.6
1772333401,kamailio,chatafl_opt,1,b_abs,8839
1772333404,kamailio,chatafl_opt,1,l_per,6.6
1772333404,kamailio,chatafl_opt,1,l_abs,15622
1772333404,kamailio,chatafl_opt,1,b_per,1.6
1772333404,kamailio,chatafl_opt,1,b_abs,8839
1772333415,kamailio,chatafl_opt,1,l_per,6.6
1772333415,kamailio,chatafl_opt,1,l_abs,15622
1772333415,kamailio,chatafl_opt,1,b_per,1.6
1772333415,kamailio,chatafl_opt,1,b_abs,8839
1772333421,kamailio,chatafl_opt,1,l_per,6.6
1772333421,kamailio,chatafl_opt,1,l_abs,15622
1772333421,kamailio,chatafl_opt,1,b_per,1.6
1772333421,kamailio,chatafl_opt,1,b_abs,8839
1772333425,kamailio,chatafl_opt,1,l_per,6.6
1772333425,kamailio,chatafl_opt,1,l_abs,15622
1772333425,kamailio,chatafl_opt,1,b_per,1.6
1772333425,kamailio,chatafl_opt,1,b_abs,8839
1772333429,kamailio,chatafl_opt,1,l_per,6.6
1772333429,kamailio,chatafl_opt,1,l_abs,15622
1772333429,kamailio,chatafl_opt,1,b_per,1.6
1772333429,kamailio,chatafl_opt,1,b_abs,8839
1772333437,kamailio,chatafl_opt,1,l_per,6.6
1772333437,kamailio,chatafl_opt,1,l_abs,15622
1772333437,kamailio,chatafl_opt,1,b_per,1.6
1772333437,kamailio,chatafl_opt,1,b_abs,8839
1772333446,kamailio,chatafl_opt,1,l_per,6.6
1772333446,kamailio,chatafl_opt,1,l_abs,15623
1772333446,kamailio,chatafl_opt,1,b_per,1.6
1772333446,kamailio,chatafl_opt,1,b_abs,8840
1772333449,kamailio,chatafl_opt,1,l_per,6.6
1772333449,kamailio,chatafl_opt,1,l_abs,15623
1772333449,kamailio,chatafl_opt,1,b_per,1.6
1772333449,kamailio,chatafl_opt,1,b_abs,8840
1772333451,kamailio,chatafl_opt,1,l_per,6.6
1772333451,kamailio,chatafl_opt,1,l_abs,15623
1772333451,kamailio,chatafl_opt,1,b_per,1.6
1772333451,kamailio,chatafl_opt,1,b_abs,8840
1772333453,kamailio,chatafl_opt,1,l_per,6.6
1772333453,kamailio,chatafl_opt,1,l_abs,15623
1772333453,kamailio,chatafl_opt,1,b_per,1.6
1772333453,kamailio,chatafl_opt,1,b_abs,8840
1772333457,kamailio,chatafl_opt,1,l_per,6.6
1772333457,kamailio,chatafl_opt,1,l_abs,15623
1772333457,kamailio,chatafl_opt,1,b_per,1.6
1772333457,kamailio,chatafl_opt,1,b_abs,8840
1772333463,kamailio,chatafl_opt,1,l_per,6.6
1772333463,kamailio,chatafl_opt,1,l_abs,15623
1772333463,kamailio,chatafl_opt,1,b_per,1.6
1772333463,kamailio,chatafl_opt,1,b_abs,8840
1772333465,kamailio,chatafl_opt,1,l_per,6.6
1772333465,kamailio,chatafl_opt,1,l_abs,15623
1772333465,kamailio,chatafl_opt,1,b_per,1.6
1772333465,kamailio,chatafl_opt,1,b_abs,8840
1772333470,kamailio,chatafl_opt,1,l_per,6.6
1772333470,kamailio,chatafl_opt,1,l_abs,15623
1772333470,kamailio,chatafl_opt,1,b_per,1.6
1772333470,kamailio,chatafl_opt,1,b_abs,8840
1772333472,kamailio,chatafl_opt,1,l_per,6.6
1772333472,kamailio,chatafl_opt,1,l_abs,15623
1772333472,kamailio,chatafl_opt,1,b_per,1.6
1772333472,kamailio,chatafl_opt,1,b_abs,8840
1772333474,kamailio,chatafl_opt,1,l_per,6.6
1772333474,kamailio,chatafl_opt,1,l_abs,15628
1772333474,kamailio,chatafl_opt,1,b_per,1.6
1772333474,kamailio,chatafl_opt,1,b_abs,8843
1772333476,kamailio,chatafl_opt,1,l_per,6.6
1772333476,kamailio,chatafl_opt,1,l_abs,15628
1772333476,kamailio,chatafl_opt,1,b_per,1.6
1772333476,kamailio,chatafl_opt,1,b_abs,8843
1772333479,kamailio,chatafl_opt,1,l_per,6.6
1772333479,kamailio,chatafl_opt,1,l_abs,15628
1772333479,kamailio,chatafl_opt,1,b_per,1.6
1772333479,kamailio,chatafl_opt,1,b_abs,8845
1772333481,kamailio,chatafl_opt,1,l_per,6.6
1772333481,kamailio,chatafl_opt,1,l_abs,15628
1772333481,kamailio,chatafl_opt,1,b_per,1.6
1772333481,kamailio,chatafl_opt,1,b_abs,8845
1772333485,kamailio,chatafl_opt,1,l_per,6.6
1772333485,kamailio,chatafl_opt,1,l_abs,15628
1772333485,kamailio,chatafl_opt,1,b_per,1.6
1772333485,kamailio,chatafl_opt,1,b_abs,8847
1772333490,kamailio,chatafl_opt,1,l_per,6.6
1772333490,kamailio,chatafl_opt,1,l_abs,15628
1772333490,kamailio,chatafl_opt,1,b_per,1.6
1772333490,kamailio,chatafl_opt,1,b_abs,8847
1772333491,kamailio,chatafl_opt,1,l_per,6.6
1772333491,kamailio,chatafl_opt,1,l_abs,15628
1772333491,kamailio,chatafl_opt,1,b_per,1.6
1772333491,kamailio,chatafl_opt,1,b_abs,8847
1772333493,kamailio,chatafl_opt,1,l_per,6.6
1772333493,kamailio,chatafl_opt,1,l_abs,15628
1772333493,kamailio,chatafl_opt,1,b_per,1.6
1772333493,kamailio,chatafl_opt,1,b_abs,8847
1772333502,kamailio,chatafl_opt,1,l_per,6.6
1772333502,kamailio,chatafl_opt,1,l_abs,15631
1772333502,kamailio,chatafl_opt,1,b_per,1.6
1772333502,kamailio,chatafl_opt,1,b_abs,8856
1772333507,kamailio,chatafl_opt,1,l_per,6.6
1772333507,kamailio,chatafl_opt,1,l_abs,15631
1772333507,kamailio,chatafl_opt,1,b_per,1.6
1772333507,kamailio,chatafl_opt,1,b_abs,8856
1772333518,kamailio,chatafl_opt,1,l_per,6.6
1772333518,kamailio,chatafl_opt,1,l_abs,15631
1772333518,kamailio,chatafl_opt,1,b_per,1.6
1772333518,kamailio,chatafl_opt,1,b_abs,8856
1772333521,kamailio,chatafl_opt,1,l_per,6.6
1772333521,kamailio,chatafl_opt,1,l_abs,15631
1772333521,kamailio,chatafl_opt,1,b_per,1.6
1772333521,kamailio,chatafl_opt,1,b_abs,8856
1772333525,kamailio,chatafl_opt,1,l_per,6.6
1772333525,kamailio,chatafl_opt,1,l_abs,15631
1772333525,kamailio,chatafl_opt,1,b_per,1.6
1772333525,kamailio,chatafl_opt,1,b_abs,8856
1772333527,kamailio,chatafl_opt,1,l_per,6.6
1772333527,kamailio,chatafl_opt,1,l_abs,15635
1772333527,kamailio,chatafl_opt,1,b_per,1.6
1772333527,kamailio,chatafl_opt,1,b_abs,8870
1772333530,kamailio,chatafl_opt,1,l_per,6.6
1772333530,kamailio,chatafl_opt,1,l_abs,15635
1772333530,kamailio,chatafl_opt,1,b_per,1.6
1772333530,kamailio,chatafl_opt,1,b_abs,8870
1772333532,kamailio,chatafl_opt,1,l_per,6.6
1772333532,kamailio,chatafl_opt,1,l_abs,15638
1772333532,kamailio,chatafl_opt,1,b_per,1.6
1772333532,kamailio,chatafl_opt,1,b_abs,8882
1772333538,kamailio,chatafl_opt,1,l_per,6.6
1772333538,kamailio,chatafl_opt,1,l_abs,15638
1772333538,kamailio,chatafl_opt,1,b_per,1.6
1772333538,kamailio,chatafl_opt,1,b_abs,8882
1772333540,kamailio,chatafl_opt,1,l_per,6.6
1772333540,kamailio,chatafl_opt,1,l_abs,15638
1772333540,kamailio,chatafl_opt,1,b_per,1.6
1772333540,kamailio,chatafl_opt,1,b_abs,8882
1772333542,kamailio,chatafl_opt,1,l_per,6.6
1772333542,kamailio,chatafl_opt,1,l_abs,15638
1772333542,kamailio,chatafl_opt,1,b_per,1.6
1772333542,kamailio,chatafl_opt,1,b_abs,8882
1772333546,kamailio,chatafl_opt,1,l_per,6.6
1772333546,kamailio,chatafl_opt,1,l_abs,15638
1772333546,kamailio,chatafl_opt,1,b_per,1.6
1772333546,kamailio,chatafl_opt,1,b_abs,8882
1772333554,kamailio,chatafl_opt,1,l_per,6.6
1772333554,kamailio,chatafl_opt,1,l_abs,15638
1772333554,kamailio,chatafl_opt,1,b_per,1.6
1772333554,kamailio,chatafl_opt,1,b_abs,8883
1772333556,kamailio,chatafl_opt,1,l_per,6.6
1772333556,kamailio,chatafl_opt,1,l_abs,15638
1772333556,kamailio,chatafl_opt,1,b_per,1.6
1772333556,kamailio,chatafl_opt,1,b_abs,8883
1772333567,kamailio,chatafl_opt,1,l_per,6.6
1772333567,kamailio,chatafl_opt,1,l_abs,15638
1772333567,kamailio,chatafl_opt,1,b_per,1.6
1772333567,kamailio,chatafl_opt,1,b_abs,8884
1772333577,kamailio,chatafl_opt,1,l_per,6.6
1772333577,kamailio,chatafl_opt,1,l_abs,15638
1772333577,kamailio,chatafl_opt,1,b_per,1.6
1772333577,kamailio,chatafl_opt,1,b_abs,8884
1772333583,kamailio,chatafl_opt,1,l_per,6.6
1772333583,kamailio,chatafl_opt,1,l_abs,15638
1772333583,kamailio,chatafl_opt,1,b_per,1.6
1772333583,kamailio,chatafl_opt,1,b_abs,8884
1772333592,kamailio,chatafl_opt,1,l_per,6.6
1772333592,kamailio,chatafl_opt,1,l_abs,15638
1772333592,kamailio,chatafl_opt,1,b_per,1.6
1772333592,kamailio,chatafl_opt,1,b_abs,8884
1772333596,kamailio,chatafl_opt,1,l_per,6.6
1772333596,kamailio,chatafl_opt,1,l_abs,15642
1772333596,kamailio,chatafl_opt,1,b_per,1.6
1772333596,kamailio,chatafl_opt,1,b_abs,8885
1772333601,kamailio,chatafl_opt,1,l_per,6.6
1772333601,kamailio,chatafl_opt,1,l_abs,15642
1772333601,kamailio,chatafl_opt,1,b_per,1.6
1772333601,kamailio,chatafl_opt,1,b_abs,8885
1772333615,kamailio,chatafl_opt,1,l_per,6.6
1772333615,kamailio,chatafl_opt,1,l_abs,15645
1772333615,kamailio,chatafl_opt,1,b_per,1.6
1772333615,kamailio,chatafl_opt,1,b_abs,8886
1772333636,kamailio,chatafl_opt,1,l_per,6.6
1772333636,kamailio,chatafl_opt,1,l_abs,15645
1772333636,kamailio,chatafl_opt,1,b_per,1.6
1772333636,kamailio,chatafl_opt,1,b_abs,8886
1772333654,kamailio,chatafl_opt,1,l_per,6.6
1772333654,kamailio,chatafl_opt,1,l_abs,15645
1772333654,kamailio,chatafl_opt,1,b_per,1.6
1772333654,kamailio,chatafl_opt,1,b_abs,8887
1772333680,kamailio,chatafl_opt,1,l_per,6.6
1772333680,kamailio,chatafl_opt,1,l_abs,15646
1772333680,kamailio,chatafl_opt,1,b_per,1.6
1772333680,kamailio,chatafl_opt,1,b_abs,8891
1772333683,kamailio,chatafl_opt,1,l_per,6.6
1772333683,kamailio,chatafl_opt,1,l_abs,15646
1772333683,kamailio,chatafl_opt,1,b_per,1.6
1772333683,kamailio,chatafl_opt,1,b_abs,8891
1772333689,kamailio,chatafl_opt,1,l_per,6.6
1772333689,kamailio,chatafl_opt,1,l_abs,15646
1772333689,kamailio,chatafl_opt,1,b_per,1.6
1772333689,kamailio,chatafl_opt,1,b_abs,8891
1772333718,kamailio,chatafl_opt,1,l_per,6.6
1772333718,kamailio,chatafl_opt,1,l_abs,15647
1772333718,kamailio,chatafl_opt,1,b_per,1.6
1772333718,kamailio,chatafl_opt,1,b_abs,8892
1772333745,kamailio,chatafl_opt,1,l_per,6.6
1772333745,kamailio,chatafl_opt,1,l_abs,15647
1772333745,kamailio,chatafl_opt,1,b_per,1.6
1772333745,kamailio,chatafl_opt,1,b_abs,8892
1772333766,kamailio,chatafl_opt,1,l_per,6.6
1772333766,kamailio,chatafl_opt,1,l_abs,15647
1772333766,kamailio,chatafl_opt,1,b_per,1.6
1772333766,kamailio,chatafl_opt,1,b_abs,8892
1772333768,kamailio,chatafl_opt,1,l_per,6.6
1772333768,kamailio,chatafl_opt,1,l_abs,15647
1772333768,kamailio,chatafl_opt,1,b_per,1.6
1772333768,kamailio,chatafl_opt,1,b_abs,8892
1772333770,kamailio,chatafl_opt,1,l_per,6.6
1772333770,kamailio,chatafl_opt,1,l_abs,15647
1772333770,kamailio,chatafl_opt,1,b_per,1.6
1772333770,kamailio,chatafl_opt,1,b_abs,8893
1772333773,kamailio,chatafl_opt,1,l_per,6.6
1772333773,kamailio,chatafl_opt,1,l_abs,15647
1772333773,kamailio,chatafl_opt,1,b_per,1.6
1772333773,kamailio,chatafl_opt,1,b_abs,8893
1772333775,kamailio,chatafl_opt,1,l_per,6.6
1772333775,kamailio,chatafl_opt,1,l_abs,15647
1772333775,kamailio,chatafl_opt,1,b_per,1.6
1772333775,kamailio,chatafl_opt,1,b_abs,8893
1772333777,kamailio,chatafl_opt,1,l_per,6.6
1772333777,kamailio,chatafl_opt,1,l_abs,15647
1772333777,kamailio,chatafl_opt,1,b_per,1.6
1772333777,kamailio,chatafl_opt,1,b_abs,8893
1772333779,kamailio,chatafl_opt,1,l_per,6.6
1772333779,kamailio,chatafl_opt,1,l_abs,15647
1772333779,kamailio,chatafl_opt,1,b_per,1.6
1772333779,kamailio,chatafl_opt,1,b_abs,8893
1772333788,kamailio,chatafl_opt,1,l_per,6.6
1772333788,kamailio,chatafl_opt,1,l_abs,15647
1772333788,kamailio,chatafl_opt,1,b_per,1.6
1772333788,kamailio,chatafl_opt,1,b_abs,8893
1772333797,kamailio,chatafl_opt,1,l_per,6.6
1772333797,kamailio,chatafl_opt,1,l_abs,15647
1772333797,kamailio,chatafl_opt,1,b_per,1.6
1772333797,kamailio,chatafl_opt,1,b_abs,8893
1772333803,kamailio,chatafl_opt,1,l_per,6.6
1772333803,kamailio,chatafl_opt,1,l_abs,15647
1772333803,kamailio,chatafl_opt,1,b_per,1.6
1772333803,kamailio,chatafl_opt,1,b_abs,8893
1772333805,kamailio,chatafl_opt,1,l_per,6.6
1772333805,kamailio,chatafl_opt,1,l_abs,15651
1772333805,kamailio,chatafl_opt,1,b_per,1.6
1772333805,kamailio,chatafl_opt,1,b_abs,8894
1772333811,kamailio,chatafl_opt,1,l_per,6.6
1772333811,kamailio,chatafl_opt,1,l_abs,15651
1772333811,kamailio,chatafl_opt,1,b_per,1.6
1772333811,kamailio,chatafl_opt,1,b_abs,8894
1772333814,kamailio,chatafl_opt,1,l_per,6.6
1772333814,kamailio,chatafl_opt,1,l_abs,15651
1772333814,kamailio,chatafl_opt,1,b_per,1.6
1772333814,kamailio,chatafl_opt,1,b_abs,8894
1772333817,kamailio,chatafl_opt,1,l_per,6.6
1772333817,kamailio,chatafl_opt,1,l_abs,15651
1772333817,kamailio,chatafl_opt,1,b_per,1.6
1772333817,kamailio,chatafl_opt,1,b_abs,8894
1772333821,kamailio,chatafl_opt,1,l_per,6.6
1772333821,kamailio,chatafl_opt,1,l_abs,15651
1772333821,kamailio,chatafl_opt,1,b_per,1.6
1772333821,kamailio,chatafl_opt,1,b_abs,8894
1772333824,kamailio,chatafl_opt,1,l_per,6.6
1772333824,kamailio,chatafl_opt,1,l_abs,15651
1772333824,kamailio,chatafl_opt,1,b_per,1.6
1772333824,kamailio,chatafl_opt,1,b_abs,8894
1772333825,kamailio,chatafl_opt,1,l_per,6.6
1772333825,kamailio,chatafl_opt,1,l_abs,15653
1772333825,kamailio,chatafl_opt,1,b_per,1.6
1772333825,kamailio,chatafl_opt,1,b_abs,8895
1772333828,kamailio,chatafl_opt,1,l_per,6.6
1772333828,kamailio,chatafl_opt,1,l_abs,15653
1772333828,kamailio,chatafl_opt,1,b_per,1.6
1772333828,kamailio,chatafl_opt,1,b_abs,8895
1772333837,kamailio,chatafl_opt,1,l_per,6.6
1772333837,kamailio,chatafl_opt,1,l_abs,15653
1772333837,kamailio,chatafl_opt,1,b_per,1.6
1772333837,kamailio,chatafl_opt,1,b_abs,8895
1772333839,kamailio,chatafl_opt,1,l_per,6.6
1772333839,kamailio,chatafl_opt,1,l_abs,15653
1772333839,kamailio,chatafl_opt,1,b_per,1.6
1772333839,kamailio,chatafl_opt,1,b_abs,8895
1772333842,kamailio,chatafl_opt,1,l_per,6.6
1772333842,kamailio,chatafl_opt,1,l_abs,15653
1772333842,kamailio,chatafl_opt,1,b_per,1.6
1772333842,kamailio,chatafl_opt,1,b_abs,8895
1772333844,kamailio,chatafl_opt,1,l_per,6.6
1772333844,kamailio,chatafl_opt,1,l_abs,15653
1772333844,kamailio,chatafl_opt,1,b_per,1.6
1772333844,kamailio,chatafl_opt,1,b_abs,8895
1772333848,kamailio,chatafl_opt,1,l_per,6.6
1772333848,kamailio,chatafl_opt,1,l_abs,15653
1772333848,kamailio,chatafl_opt,1,b_per,1.6
1772333848,kamailio,chatafl_opt,1,b_abs,8897
1772333853,kamailio,chatafl_opt,1,l_per,6.6
1772333853,kamailio,chatafl_opt,1,l_abs,15653
1772333853,kamailio,chatafl_opt,1,b_per,1.6
1772333853,kamailio,chatafl_opt,1,b_abs,8897
1772333858,kamailio,chatafl_opt,1,l_per,6.6
1772333858,kamailio,chatafl_opt,1,l_abs,15653
1772333858,kamailio,chatafl_opt,1,b_per,1.6
1772333858,kamailio,chatafl_opt,1,b_abs,8897
1772333864,kamailio,chatafl_opt,1,l_per,6.6
1772333864,kamailio,chatafl_opt,1,l_abs,15658
1772333864,kamailio,chatafl_opt,1,b_per,1.6
1772333864,kamailio,chatafl_opt,1,b_abs,8898
1772333868,kamailio,chatafl_opt,1,l_per,6.6
1772333868,kamailio,chatafl_opt,1,l_abs,15660
1772333868,kamailio,chatafl_opt,1,b_per,1.6
1772333868,kamailio,chatafl_opt,1,b_abs,8908
1772333874,kamailio,chatafl_opt,1,l_per,6.6
1772333874,kamailio,chatafl_opt,1,l_abs,15660
1772333874,kamailio,chatafl_opt,1,b_per,1.6
1772333874,kamailio,chatafl_opt,1,b_abs,8908
1772333876,kamailio,chatafl_opt,1,l_per,6.6
1772333876,kamailio,chatafl_opt,1,l_abs,15660
1772333876,kamailio,chatafl_opt,1,b_per,1.6
1772333876,kamailio,chatafl_opt,1,b_abs,8908
1772333879,kamailio,chatafl_opt,1,l_per,6.6
1772333879,kamailio,chatafl_opt,1,l_abs,15660
1772333879,kamailio,chatafl_opt,1,b_per,1.6
1772333879,kamailio,chatafl_opt,1,b_abs,8908
1772333882,kamailio,chatafl_opt,1,l_per,6.6
1772333882,kamailio,chatafl_opt,1,l_abs,15660
1772333882,kamailio,chatafl_opt,1,b_per,1.6
1772333882,kamailio,chatafl_opt,1,b_abs,8908
1772333884,kamailio,chatafl_opt,1,l_per,6.6
1772333884,kamailio,chatafl_opt,1,l_abs,15662
1772333884,kamailio,chatafl_opt,1,b_per,1.6
1772333884,kamailio,chatafl_opt,1,b_abs,8909
1772333891,kamailio,chatafl_opt,1,l_per,6.6
1772333891,kamailio,chatafl_opt,1,l_abs,15662
1772333891,kamailio,chatafl_opt,1,b_per,1.6
1772333891,kamailio,chatafl_opt,1,b_abs,8909
1772333895,kamailio,chatafl_opt,1,l_per,6.6
1772333895,kamailio,chatafl_opt,1,l_abs,15662
1772333895,kamailio,chatafl_opt,1,b_per,1.6
1772333895,kamailio,chatafl_opt,1,b_abs,8909
1772333899,kamailio,chatafl_opt,1,l_per,6.6
1772333899,kamailio,chatafl_opt,1,l_abs,15662
1772333899,kamailio,chatafl_opt,1,b_per,1.6
1772333899,kamailio,chatafl_opt,1,b_abs,8909
1772333900,kamailio,chatafl_opt,1,l_per,6.6
1772333900,kamailio,chatafl_opt,1,l_abs,15662
1772333900,kamailio,chatafl_opt,1,b_per,1.6
1772333900,kamailio,chatafl_opt,1,b_abs,8909
1772333903,kamailio,chatafl_opt,1,l_per,6.6
1772333903,kamailio,chatafl_opt,1,l_abs,15662
1772333903,kamailio,chatafl_opt,1,b_per,1.6
1772333903,kamailio,chatafl_opt,1,b_abs,8909
1772333906,kamailio,chatafl_opt,1,l_per,6.6
1772333906,kamailio,chatafl_opt,1,l_abs,15662
1772333906,kamailio,chatafl_opt,1,b_per,1.6
1772333906,kamailio,chatafl_opt,1,b_abs,8909
1772333909,kamailio,chatafl_opt,1,l_per,6.6
1772333909,kamailio,chatafl_opt,1,l_abs,15662
1772333909,kamailio,chatafl_opt,1,b_per,1.6
1772333909,kamailio,chatafl_opt,1,b_abs,8909
1772333912,kamailio,chatafl_opt,1,l_per,6.6
1772333912,kamailio,chatafl_opt,1,l_abs,15662
1772333912,kamailio,chatafl_opt,1,b_per,1.6
1772333912,kamailio,chatafl_opt,1,b_abs,8909
1772333917,kamailio,chatafl_opt,1,l_per,6.6
1772333917,kamailio,chatafl_opt,1,l_abs,15662
1772333917,kamailio,chatafl_opt,1,b_per,1.6
1772333917,kamailio,chatafl_opt,1,b_abs,8909
1772333922,kamailio,chatafl_opt,1,l_per,6.6
1772333922,kamailio,chatafl_opt,1,l_abs,15663
1772333922,kamailio,chatafl_opt,1,b_per,1.6
1772333922,kamailio,chatafl_opt,1,b_abs,8910
1772333934,kamailio,chatafl_opt,1,l_per,6.6
1772333934,kamailio,chatafl_opt,1,l_abs,15663
1772333934,kamailio,chatafl_opt,1,b_per,1.6
1772333934,kamailio,chatafl_opt,1,b_abs,8911
1772333936,kamailio,chatafl_opt,1,l_per,6.6
1772333936,kamailio,chatafl_opt,1,l_abs,15663
1772333936,kamailio,chatafl_opt,1,b_per,1.6
1772333936,kamailio,chatafl_opt,1,b_abs,8911
1772333939,kamailio,chatafl_opt,1,l_per,6.6
1772333939,kamailio,chatafl_opt,1,l_abs,15667
1772333939,kamailio,chatafl_opt,1,b_per,1.6
1772333939,kamailio,chatafl_opt,1,b_abs,8912
1772333941,kamailio,chatafl_opt,1,l_per,6.6
1772333941,kamailio,chatafl_opt,1,l_abs,15667
1772333941,kamailio,chatafl_opt,1,b_per,1.6
1772333941,kamailio,chatafl_opt,1,b_abs,8912
1772333943,kamailio,chatafl_opt,1,l_per,6.6
1772333943,kamailio,chatafl_opt,1,l_abs,15667
1772333943,kamailio,chatafl_opt,1,b_per,1.6
1772333943,kamailio,chatafl_opt,1,b_abs,8912
1772333947,kamailio,chatafl_opt,1,l_per,6.6
1772333947,kamailio,chatafl_opt,1,l_abs,15667
1772333947,kamailio,chatafl_opt,1,b_per,1.6
1772333947,kamailio,chatafl_opt,1,b_abs,8912
1772333949,kamailio,chatafl_opt,1,l_per,6.6
1772333949,kamailio,chatafl_opt,1,l_abs,15667
1772333949,kamailio,chatafl_opt,1,b_per,1.6
1772333949,kamailio,chatafl_opt,1,b_abs,8912
1772333954,kamailio,chatafl_opt,1,l_per,6.6
1772333954,kamailio,chatafl_opt,1,l_abs,15672
1772333954,kamailio,chatafl_opt,1,b_per,1.6
1772333954,kamailio,chatafl_opt,1,b_abs,8914
1772333960,kamailio,chatafl_opt,1,l_per,6.6
1772333960,kamailio,chatafl_opt,1,l_abs,15672
1772333960,kamailio,chatafl_opt,1,b_per,1.6
1772333960,kamailio,chatafl_opt,1,b_abs,8914
1772333963,kamailio,chatafl_opt,1,l_per,6.6
1772333963,kamailio,chatafl_opt,1,l_abs,15672
1772333963,kamailio,chatafl_opt,1,b_per,1.6
1772333963,kamailio,chatafl_opt,1,b_abs,8914
1772333966,kamailio,chatafl_opt,1,l_per,6.6
1772333966,kamailio,chatafl_opt,1,l_abs,15672
1772333966,kamailio,chatafl_opt,1,b_per,1.6
1772333966,kamailio,chatafl_opt,1,b_abs,8915
1772333969,kamailio,chatafl_opt,1,l_per,6.6
1772333969,kamailio,chatafl_opt,1,l_abs,15672
1772333969,kamailio,chatafl_opt,1,b_per,1.6
1772333969,kamailio,chatafl_opt,1,b_abs,8915
1772333974,kamailio,chatafl_opt,1,l_per,6.6
1772333974,kamailio,chatafl_opt,1,l_abs,15672
1772333974,kamailio,chatafl_opt,1,b_per,1.6
1772333974,kamailio,chatafl_opt,1,b_abs,8915
1772333984,kamailio,chatafl_opt,1,l_per,6.6
1772333984,kamailio,chatafl_opt,1,l_abs,15672
1772333984,kamailio,chatafl_opt,1,b_per,1.6
1772333984,kamailio,chatafl_opt,1,b_abs,8915
1772333986,kamailio,chatafl_opt,1,l_per,6.6
1772333986,kamailio,chatafl_opt,1,l_abs,15674
1772333986,kamailio,chatafl_opt,1,b_per,1.6
1772333986,kamailio,chatafl_opt,1,b_abs,8918
1772333988,kamailio,chatafl_opt,1,l_per,6.6
1772333988,kamailio,chatafl_opt,1,l_abs,15674
1772333988,kamailio,chatafl_opt,1,b_per,1.6
1772333988,kamailio,chatafl_opt,1,b_abs,8918
1772333994,kamailio,chatafl_opt,1,l_per,6.6
1772333994,kamailio,chatafl_opt,1,l_abs,15674
1772333994,kamailio,chatafl_opt,1,b_per,1.6
1772333994,kamailio,chatafl_opt,1,b_abs,8918
1772334001,kamailio,chatafl_opt,1,l_per,6.6
1772334001,kamailio,chatafl_opt,1,l_abs,15674
1772334001,kamailio,chatafl_opt,1,b_per,1.6
1772334001,kamailio,chatafl_opt,1,b_abs,8918
1772334003,kamailio,chatafl_opt,1,l_per,6.6
1772334003,kamailio,chatafl_opt,1,l_abs,15680
1772334003,kamailio,chatafl_opt,1,b_per,1.6
1772334003,kamailio,chatafl_opt,1,b_abs,8923
1772334021,kamailio,chatafl_opt,1,l_per,6.6
1772334021,kamailio,chatafl_opt,1,l_abs,15680
1772334021,kamailio,chatafl_opt,1,b_per,1.6
1772334021,kamailio,chatafl_opt,1,b_abs,8923
1772334023,kamailio,chatafl_opt,1,l_per,6.6
1772334023,kamailio,chatafl_opt,1,l_abs,15680
1772334023,kamailio,chatafl_opt,1,b_per,1.6
1772334023,kamailio,chatafl_opt,1,b_abs,8923
1772334024,kamailio,chatafl_opt,1,l_per,6.6
1772334024,kamailio,chatafl_opt,1,l_abs,15680
1772334024,kamailio,chatafl_opt,1,b_per,1.6
1772334024,kamailio,chatafl_opt,1,b_abs,8923
1772334026,kamailio,chatafl_opt,1,l_per,6.6
1772334026,kamailio,chatafl_opt,1,l_abs,15680
1772334026,kamailio,chatafl_opt,1,b_per,1.6
1772334026,kamailio,chatafl_opt,1,b_abs,8923
1772334028,kamailio,chatafl_opt,1,l_per,6.6
1772334028,kamailio,chatafl_opt,1,l_abs,15688
1772334028,kamailio,chatafl_opt,1,b_per,1.6
1772334028,kamailio,chatafl_opt,1,b_abs,8926
1772334030,kamailio,chatafl_opt,1,l_per,6.6
1772334030,kamailio,chatafl_opt,1,l_abs,15688
1772334030,kamailio,chatafl_opt,1,b_per,1.6
1772334030,kamailio,chatafl_opt,1,b_abs,8926
1772334034,kamailio,chatafl_opt,1,l_per,6.6
1772334034,kamailio,chatafl_opt,1,l_abs,15688
1772334034,kamailio,chatafl_opt,1,b_per,1.6
1772334034,kamailio,chatafl_opt,1,b_abs,8927
1772334037,kamailio,chatafl_opt,1,l_per,6.6
1772334037,kamailio,chatafl_opt,1,l_abs,15688
1772334037,kamailio,chatafl_opt,1,b_per,1.6
1772334037,kamailio,chatafl_opt,1,b_abs,8927
1772334039,kamailio,chatafl_opt,1,l_per,6.6
1772334039,kamailio,chatafl_opt,1,l_abs,15688
1772334039,kamailio,chatafl_opt,1,b_per,1.6
1772334039,kamailio,chatafl_opt,1,b_abs,8927
1772334041,kamailio,chatafl_opt,1,l_per,6.6
1772334041,kamailio,chatafl_opt,1,l_abs,15688
1772334041,kamailio,chatafl_opt,1,b_per,1.6
1772334041,kamailio,chatafl_opt,1,b_abs,8927
1772334043,kamailio,chatafl_opt,1,l_per,6.6
1772334043,kamailio,chatafl_opt,1,l_abs,15688
1772334043,kamailio,chatafl_opt,1,b_per,1.6
1772334043,kamailio,chatafl_opt,1,b_abs,8927
1772334046,kamailio,chatafl_opt,1,l_per,6.6
1772334046,kamailio,chatafl_opt,1,l_abs,15688
1772334046,kamailio,chatafl_opt,1,b_per,1.6
1772334046,kamailio,chatafl_opt,1,b_abs,8927
1772334049,kamailio,chatafl_opt,1,l_per,6.6
1772334049,kamailio,chatafl_opt,1,l_abs,15688
1772334049,kamailio,chatafl_opt,1,b_per,1.6
1772334049,kamailio,chatafl_opt,1,b_abs,8927
1772334051,kamailio,chatafl_opt,1,l_per,6.6
1772334051,kamailio,chatafl_opt,1,l_abs,15688
1772334051,kamailio,chatafl_opt,1,b_per,1.6
1772334051,kamailio,chatafl_opt,1,b_abs,8927
1772334054,kamailio,chatafl_opt,1,l_per,6.6
1772334054,kamailio,chatafl_opt,1,l_abs,15688
1772334054,kamailio,chatafl_opt,1,b_per,1.6
1772334054,kamailio,chatafl_opt,1,b_abs,8927
1772334057,kamailio,chatafl_opt,1,l_per,6.6
1772334057,kamailio,chatafl_opt,1,l_abs,15688
1772334057,kamailio,chatafl_opt,1,b_per,1.6
1772334057,kamailio,chatafl_opt,1,b_abs,8927
1772334061,kamailio,chatafl_opt,1,l_per,6.6
1772334061,kamailio,chatafl_opt,1,l_abs,15688
1772334061,kamailio,chatafl_opt,1,b_per,1.6
1772334061,kamailio,chatafl_opt,1,b_abs,8927
1772334063,kamailio,chatafl_opt,1,l_per,6.6
1772334063,kamailio,chatafl_opt,1,l_abs,15688
1772334063,kamailio,chatafl_opt,1,b_per,1.6
1772334063,kamailio,chatafl_opt,1,b_abs,8927
1772334067,kamailio,chatafl_opt,1,l_per,6.6
1772334067,kamailio,chatafl_opt,1,l_abs,15690
1772334067,kamailio,chatafl_opt,1,b_per,1.6
1772334067,kamailio,chatafl_opt,1,b_abs,8929
1772334070,kamailio,chatafl_opt,1,l_per,6.6
1772334070,kamailio,chatafl_opt,1,l_abs,15690
1772334070,kamailio,chatafl_opt,1,b_per,1.6
1772334070,kamailio,chatafl_opt,1,b_abs,8929
1772334072,kamailio,chatafl_opt,1,l_per,6.6
1772334072,kamailio,chatafl_opt,1,l_abs,15690
1772334072,kamailio,chatafl_opt,1,b_per,1.6
1772334072,kamailio,chatafl_opt,1,b_abs,8929
1772334074,kamailio,chatafl_opt,1,l_per,6.6
1772334074,kamailio,chatafl_opt,1,l_abs,15690
1772334074,kamailio,chatafl_opt,1,b_per,1.6
1772334074,kamailio,chatafl_opt,1,b_abs,8929
1772334076,kamailio,chatafl_opt,1,l_per,6.6
1772334076,kamailio,chatafl_opt,1,l_abs,15690
1772334076,kamailio,chatafl_opt,1,b_per,1.6
1772334076,kamailio,chatafl_opt,1,b_abs,8929
1772334079,kamailio,chatafl_opt,1,l_per,6.6
1772334079,kamailio,chatafl_opt,1,l_abs,15690
1772334079,kamailio,chatafl_opt,1,b_per,1.6
1772334079,kamailio,chatafl_opt,1,b_abs,8929
1772334086,kamailio,chatafl_opt,1,l_per,6.6
1772334086,kamailio,chatafl_opt,1,l_abs,15690
1772334086,kamailio,chatafl_opt,1,b_per,1.6
1772334086,kamailio,chatafl_opt,1,b_abs,8929
1772334088,kamailio,chatafl_opt,1,l_per,6.6
1772334088,kamailio,chatafl_opt,1,l_abs,15690
1772334088,kamailio,chatafl_opt,1,b_per,1.6
1772334088,kamailio,chatafl_opt,1,b_abs,8929
1772334092,kamailio,chatafl_opt,1,l_per,6.6
1772334092,kamailio,chatafl_opt,1,l_abs,15690
1772334092,kamailio,chatafl_opt,1,b_per,1.6
1772334092,kamailio,chatafl_opt,1,b_abs,8929
1772334095,kamailio,chatafl_opt,1,l_per,6.6
1772334095,kamailio,chatafl_opt,1,l_abs,15690
1772334095,kamailio,chatafl_opt,1,b_per,1.6
1772334095,kamailio,chatafl_opt,1,b_abs,8929
1772334097,kamailio,chatafl_opt,1,l_per,6.6
1772334097,kamailio,chatafl_opt,1,l_abs,15690
1772334097,kamailio,chatafl_opt,1,b_per,1.6
1772334097,kamailio,chatafl_opt,1,b_abs,8929
1772334100,kamailio,chatafl_opt,1,l_per,6.6
1772334100,kamailio,chatafl_opt,1,l_abs,15690
1772334100,kamailio,chatafl_opt,1,b_per,1.6
1772334100,kamailio,chatafl_opt,1,b_abs,8929
1772334102,kamailio,chatafl_opt,1,l_per,6.6
1772334102,kamailio,chatafl_opt,1,l_abs,15690
1772334102,kamailio,chatafl_opt,1,b_per,1.6
1772334102,kamailio,chatafl_opt,1,b_abs,8929
1772334112,kamailio,chatafl_opt,1,l_per,6.6
1772334112,kamailio,chatafl_opt,1,l_abs,15690
1772334112,kamailio,chatafl_opt,1,b_per,1.6
1772334112,kamailio,chatafl_opt,1,b_abs,8929
1772334114,kamailio,chatafl_opt,1,l_per,6.6
1772334114,kamailio,chatafl_opt,1,l_abs,15690
1772334114,kamailio,chatafl_opt,1,b_per,1.6
1772334114,kamailio,chatafl_opt,1,b_abs,8929
1772334118,kamailio,chatafl_opt,1,l_per,6.6
1772334118,kamailio,chatafl_opt,1,l_abs,15690
1772334118,kamailio,chatafl_opt,1,b_per,1.6
1772334118,kamailio,chatafl_opt,1,b_abs,8929
1772334121,kamailio,chatafl_opt,1,l_per,6.6
1772334121,kamailio,chatafl_opt,1,l_abs,15690
1772334121,kamailio,chatafl_opt,1,b_per,1.6
1772334121,kamailio,chatafl_opt,1,b_abs,8929
1772334123,kamailio,chatafl_opt,1,l_per,6.6
1772334123,kamailio,chatafl_opt,1,l_abs,15690
1772334123,kamailio,chatafl_opt,1,b_per,1.6
1772334123,kamailio,chatafl_opt,1,b_abs,8929
1772334127,kamailio,chatafl_opt,1,l_per,6.6
1772334127,kamailio,chatafl_opt,1,l_abs,15690
1772334127,kamailio,chatafl_opt,1,b_per,1.6
1772334127,kamailio,chatafl_opt,1,b_abs,8929
1772334129,kamailio,chatafl_opt,1,l_per,6.6
1772334129,kamailio,chatafl_opt,1,l_abs,15690
1772334129,kamailio,chatafl_opt,1,b_per,1.6
1772334129,kamailio,chatafl_opt,1,b_abs,8930
1772334141,kamailio,chatafl_opt,1,l_per,6.6
1772334141,kamailio,chatafl_opt,1,l_abs,15690
1772334141,kamailio,chatafl_opt,1,b_per,1.6
1772334141,kamailio,chatafl_opt,1,b_abs,8930
1772334144,kamailio,chatafl_opt,1,l_per,6.6
1772334144,kamailio,chatafl_opt,1,l_abs,15690
1772334144,kamailio,chatafl_opt,1,b_per,1.6
1772334144,kamailio,chatafl_opt,1,b_abs,8931
1772334149,kamailio,chatafl_opt,1,l_per,6.6
1772334149,kamailio,chatafl_opt,1,l_abs,15690
1772334149,kamailio,chatafl_opt,1,b_per,1.6
1772334149,kamailio,chatafl_opt,1,b_abs,8932
1772334157,kamailio,chatafl_opt,1,l_per,6.6
1772334157,kamailio,chatafl_opt,1,l_abs,15694
1772334157,kamailio,chatafl_opt,1,b_per,1.6
1772334157,kamailio,chatafl_opt,1,b_abs,8933
1772334160,kamailio,chatafl_opt,1,l_per,6.6
1772334160,kamailio,chatafl_opt,1,l_abs,15694
1772334160,kamailio,chatafl_opt,1,b_per,1.6
1772334160,kamailio,chatafl_opt,1,b_abs,8933
1772334162,kamailio,chatafl_opt,1,l_per,6.6
1772334162,kamailio,chatafl_opt,1,l_abs,15694
1772334162,kamailio,chatafl_opt,1,b_per,1.6
1772334162,kamailio,chatafl_opt,1,b_abs,8933
1772334171,kamailio,chatafl_opt,1,l_per,6.6
1772334171,kamailio,chatafl_opt,1,l_abs,15694
1772334171,kamailio,chatafl_opt,1,b_per,1.6
1772334171,kamailio,chatafl_opt,1,b_abs,8933
1772334176,kamailio,chatafl_opt,1,l_per,6.6
1772334176,kamailio,chatafl_opt,1,l_abs,15694
1772334176,kamailio,chatafl_opt,1,b_per,1.6
1772334176,kamailio,chatafl_opt,1,b_abs,8933
1772334179,kamailio,chatafl_opt,1,l_per,6.6
1772334179,kamailio,chatafl_opt,1,l_abs,15694
1772334179,kamailio,chatafl_opt,1,b_per,1.6
1772334179,kamailio,chatafl_opt,1,b_abs,8933
1772334187,kamailio,chatafl_opt,1,l_per,6.6
1772334187,kamailio,chatafl_opt,1,l_abs,15694
1772334187,kamailio,chatafl_opt,1,b_per,1.6
1772334187,kamailio,chatafl_opt,1,b_abs,8933
1772334190,kamailio,chatafl_opt,1,l_per,6.6
1772334190,kamailio,chatafl_opt,1,l_abs,15701
1772334190,kamailio,chatafl_opt,1,b_per,1.6
1772334190,kamailio,chatafl_opt,1,b_abs,8935
1772334194,kamailio,chatafl_opt,1,l_per,6.6
1772334194,kamailio,chatafl_opt,1,l_abs,15707
1772334194,kamailio,chatafl_opt,1,b_per,1.6
1772334194,kamailio,chatafl_opt,1,b_abs,8936
1772334198,kamailio,chatafl_opt,1,l_per,6.6
1772334198,kamailio,chatafl_opt,1,l_abs,15707
1772334198,kamailio,chatafl_opt,1,b_per,1.6
1772334198,kamailio,chatafl_opt,1,b_abs,8936
1772334203,kamailio,chatafl_opt,1,l_per,6.6
1772334203,kamailio,chatafl_opt,1,l_abs,15708
1772334203,kamailio,chatafl_opt,1,b_per,1.6
1772334203,kamailio,chatafl_opt,1,b_abs,8937
1772334205,kamailio,chatafl_opt,1,l_per,6.6
1772334205,kamailio,chatafl_opt,1,l_abs,15708
1772334205,kamailio,chatafl_opt,1,b_per,1.6
1772334205,kamailio,chatafl_opt,1,b_abs,8939
1772334208,kamailio,chatafl_opt,1,l_per,6.6
1772334208,kamailio,chatafl_opt,1,l_abs,15708
1772334208,kamailio,chatafl_opt,1,b_per,1.6
1772334208,kamailio,chatafl_opt,1,b_abs,8939
1772334212,kamailio,chatafl_opt,1,l_per,6.6
1772334212,kamailio,chatafl_opt,1,l_abs,15708
1772334212,kamailio,chatafl_opt,1,b_per,1.6
1772334212,kamailio,chatafl_opt,1,b_abs,8939
1772334216,kamailio,chatafl_opt,1,l_per,6.6
1772334216,kamailio,chatafl_opt,1,l_abs,15708
1772334216,kamailio,chatafl_opt,1,b_per,1.6
1772334216,kamailio,chatafl_opt,1,b_abs,8939
1772334219,kamailio,chatafl_opt,1,l_per,6.6
1772334219,kamailio,chatafl_opt,1,l_abs,15717
1772334219,kamailio,chatafl_opt,1,b_per,1.6
1772334219,kamailio,chatafl_opt,1,b_abs,8945
1772334227,kamailio,chatafl_opt,1,l_per,6.6
1772334227,kamailio,chatafl_opt,1,l_abs,15717
1772334227,kamailio,chatafl_opt,1,b_per,1.6
1772334227,kamailio,chatafl_opt,1,b_abs,8945
1772334233,kamailio,chatafl_opt,1,l_per,6.6
1772334233,kamailio,chatafl_opt,1,l_abs,15717
1772334233,kamailio,chatafl_opt,1,b_per,1.6
1772334233,kamailio,chatafl_opt,1,b_abs,8945
1772334236,kamailio,chatafl_opt,1,l_per,6.6
1772334236,kamailio,chatafl_opt,1,l_abs,15717
1772334236,kamailio,chatafl_opt,1,b_per,1.6
1772334236,kamailio,chatafl_opt,1,b_abs,8945
1772334238,kamailio,chatafl_opt,1,l_per,6.6
1772334238,kamailio,chatafl_opt,1,l_abs,15717
1772334238,kamailio,chatafl_opt,1,b_per,1.6
1772334238,kamailio,chatafl_opt,1,b_abs,8945
1772334240,kamailio,chatafl_opt,1,l_per,6.6
1772334240,kamailio,chatafl_opt,1,l_abs,15717
1772334240,kamailio,chatafl_opt,1,b_per,1.6
1772334240,kamailio,chatafl_opt,1,b_abs,8945
1772334242,kamailio,chatafl_opt,1,l_per,6.6
1772334242,kamailio,chatafl_opt,1,l_abs,15717
1772334242,kamailio,chatafl_opt,1,b_per,1.6
1772334242,kamailio,chatafl_opt,1,b_abs,8945
1772334244,kamailio,chatafl_opt,1,l_per,6.6
1772334244,kamailio,chatafl_opt,1,l_abs,15717
1772334244,kamailio,chatafl_opt,1,b_per,1.6
1772334244,kamailio,chatafl_opt,1,b_abs,8945
1772334246,kamailio,chatafl_opt,1,l_per,6.6
1772334246,kamailio,chatafl_opt,1,l_abs,15717
1772334246,kamailio,chatafl_opt,1,b_per,1.6
1772334246,kamailio,chatafl_opt,1,b_abs,8945
1772334248,kamailio,chatafl_opt,1,l_per,6.6
1772334248,kamailio,chatafl_opt,1,l_abs,15717
1772334248,kamailio,chatafl_opt,1,b_per,1.6
1772334248,kamailio,chatafl_opt,1,b_abs,8945
1772334251,kamailio,chatafl_opt,1,l_per,6.6
1772334251,kamailio,chatafl_opt,1,l_abs,15717
1772334251,kamailio,chatafl_opt,1,b_per,1.6
1772334251,kamailio,chatafl_opt,1,b_abs,8945
1772334253,kamailio,chatafl_opt,1,l_per,6.6
1772334253,kamailio,chatafl_opt,1,l_abs,15717
1772334253,kamailio,chatafl_opt,1,b_per,1.6
1772334253,kamailio,chatafl_opt,1,b_abs,8945
1772334256,kamailio,chatafl_opt,1,l_per,6.6
1772334256,kamailio,chatafl_opt,1,l_abs,15717
1772334256,kamailio,chatafl_opt,1,b_per,1.6
1772334256,kamailio,chatafl_opt,1,b_abs,8945
1772334258,kamailio,chatafl_opt,1,l_per,6.6
1772334258,kamailio,chatafl_opt,1,l_abs,15717
1772334258,kamailio,chatafl_opt,1,b_per,1.6
1772334258,kamailio,chatafl_opt,1,b_abs,8945
1772334261,kamailio,chatafl_opt,1,l_per,6.6
1772334261,kamailio,chatafl_opt,1,l_abs,15717
1772334261,kamailio,chatafl_opt,1,b_per,1.6
1772334261,kamailio,chatafl_opt,1,b_abs,8945
1772334263,kamailio,chatafl_opt,1,l_per,6.6
1772334263,kamailio,chatafl_opt,1,l_abs,15717
1772334263,kamailio,chatafl_opt,1,b_per,1.6
1772334263,kamailio,chatafl_opt,1,b_abs,8945
1772334266,kamailio,chatafl_opt,1,l_per,6.6
1772334266,kamailio,chatafl_opt,1,l_abs,15717
1772334266,kamailio,chatafl_opt,1,b_per,1.6
1772334266,kamailio,chatafl_opt,1,b_abs,8945
1772334268,kamailio,chatafl_opt,1,l_per,6.6
1772334268,kamailio,chatafl_opt,1,l_abs,15717
1772334268,kamailio,chatafl_opt,1,b_per,1.6
1772334268,kamailio,chatafl_opt,1,b_abs,8945
1772334270,kamailio,chatafl_opt,1,l_per,6.6
1772334270,kamailio,chatafl_opt,1,l_abs,15717
1772334270,kamailio,chatafl_opt,1,b_per,1.6
1772334270,kamailio,chatafl_opt,1,b_abs,8945
1772334272,kamailio,chatafl_opt,1,l_per,6.6
1772334272,kamailio,chatafl_opt,1,l_abs,15717
1772334272,kamailio,chatafl_opt,1,b_per,1.6
1772334272,kamailio,chatafl_opt,1,b_abs,8945
1772334275,kamailio,chatafl_opt,1,l_per,6.6
1772334275,kamailio,chatafl_opt,1,l_abs,15717
1772334275,kamailio,chatafl_opt,1,b_per,1.6
1772334275,kamailio,chatafl_opt,1,b_abs,8945
1772334276,kamailio,chatafl_opt,1,l_per,6.6
1772334276,kamailio,chatafl_opt,1,l_abs,15717
1772334276,kamailio,chatafl_opt,1,b_per,1.6
1772334276,kamailio,chatafl_opt,1,b_abs,8945
1772334279,kamailio,chatafl_opt,1,l_per,6.6
1772334279,kamailio,chatafl_opt,1,l_abs,15717
1772334279,kamailio,chatafl_opt,1,b_per,1.6
1772334279,kamailio,chatafl_opt,1,b_abs,8945
1772334281,kamailio,chatafl_opt,1,l_per,6.6
1772334281,kamailio,chatafl_opt,1,l_abs,15717
1772334281,kamailio,chatafl_opt,1,b_per,1.6
1772334281,kamailio,chatafl_opt,1,b_abs,8945
1772334283,kamailio,chatafl_opt,1,l_per,6.6
1772334283,kamailio,chatafl_opt,1,l_abs,15719
1772334283,kamailio,chatafl_opt,1,b_per,1.6
1772334283,kamailio,chatafl_opt,1,b_abs,8946
1772334286,kamailio,chatafl_opt,1,l_per,6.6
1772334286,kamailio,chatafl_opt,1,l_abs,15719
1772334286,kamailio,chatafl_opt,1,b_per,1.6
1772334286,kamailio,chatafl_opt,1,b_abs,8946
1772334288,kamailio,chatafl_opt,1,l_per,6.6
1772334288,kamailio,chatafl_opt,1,l_abs,15719
1772334288,kamailio,chatafl_opt,1,b_per,1.6
1772334288,kamailio,chatafl_opt,1,b_abs,8946
1772334291,kamailio,chatafl_opt,1,l_per,6.6
1772334291,kamailio,chatafl_opt,1,l_abs,15719
1772334291,kamailio,chatafl_opt,1,b_per,1.6
1772334291,kamailio,chatafl_opt,1,b_abs,8946
1772334294,kamailio,chatafl_opt,1,l_per,6.6
1772334294,kamailio,chatafl_opt,1,l_abs,15719
1772334294,kamailio,chatafl_opt,1,b_per,1.6
1772334294,kamailio,chatafl_opt,1,b_abs,8946
1772334297,kamailio,chatafl_opt,1,l_per,6.6
1772334297,kamailio,chatafl_opt,1,l_abs,15722
1772334297,kamailio,chatafl_opt,1,b_per,1.6
1772334297,kamailio,chatafl_opt,1,b_abs,8948
1772334299,kamailio,chatafl_opt,1,l_per,6.6
1772334299,kamailio,chatafl_opt,1,l_abs,15722
1772334299,kamailio,chatafl_opt,1,b_per,1.6
1772334299,kamailio,chatafl_opt,1,b_abs,8948
1772334301,kamailio,chatafl_opt,1,l_per,6.6
1772334301,kamailio,chatafl_opt,1,l_abs,15722
1772334301,kamailio,chatafl_opt,1,b_per,1.6
1772334301,kamailio,chatafl_opt,1,b_abs,8948
1772334304,kamailio,chatafl_opt,1,l_per,6.6
1772334304,kamailio,chatafl_opt,1,l_abs,15722
1772334304,kamailio,chatafl_opt,1,b_per,1.6
1772334304,kamailio,chatafl_opt,1,b_abs,8948
1772334306,kamailio,chatafl_opt,1,l_per,6.6
1772334306,kamailio,chatafl_opt,1,l_abs,15722
1772334306,kamailio,chatafl_opt,1,b_per,1.6
1772334306,kamailio,chatafl_opt,1,b_abs,8948
1772334308,kamailio,chatafl_opt,1,l_per,6.6
1772334308,kamailio,chatafl_opt,1,l_abs,15722
1772334308,kamailio,chatafl_opt,1,b_per,1.6
1772334308,kamailio,chatafl_opt,1,b_abs,8948
1772334310,kamailio,chatafl_opt,1,l_per,6.6
1772334310,kamailio,chatafl_opt,1,l_abs,15722
1772334310,kamailio,chatafl_opt,1,b_per,1.6
1772334310,kamailio,chatafl_opt,1,b_abs,8948
1772334312,kamailio,chatafl_opt,1,l_per,6.6
1772334312,kamailio,chatafl_opt,1,l_abs,15722
1772334312,kamailio,chatafl_opt,1,b_per,1.6
1772334312,kamailio,chatafl_opt,1,b_abs,8948
1772334315,kamailio,chatafl_opt,1,l_per,6.6
1772334315,kamailio,chatafl_opt,1,l_abs,15722
1772334315,kamailio,chatafl_opt,1,b_per,1.6
1772334315,kamailio,chatafl_opt,1,b_abs,8948
1772334317,kamailio,chatafl_opt,1,l_per,6.6
1772334317,kamailio,chatafl_opt,1,l_abs,15722
1772334317,kamailio,chatafl_opt,1,b_per,1.6
1772334317,kamailio,chatafl_opt,1,b_abs,8948
1772334319,kamailio,chatafl_opt,1,l_per,6.6
1772334319,kamailio,chatafl_opt,1,l_abs,15722
1772334319,kamailio,chatafl_opt,1,b_per,1.6
1772334319,kamailio,chatafl_opt,1,b_abs,8949
1772334321,kamailio,chatafl_opt,1,l_per,6.6
1772334321,kamailio,chatafl_opt,1,l_abs,15722
1772334321,kamailio,chatafl_opt,1,b_per,1.6
1772334321,kamailio,chatafl_opt,1,b_abs,8949
1772334323,kamailio,chatafl_opt,1,l_per,6.6
1772334323,kamailio,chatafl_opt,1,l_abs,15722
1772334323,kamailio,chatafl_opt,1,b_per,1.6
1772334323,kamailio,chatafl_opt,1,b_abs,8949
1772334325,kamailio,chatafl_opt,1,l_per,6.6
1772334325,kamailio,chatafl_opt,1,l_abs,15722
1772334325,kamailio,chatafl_opt,1,b_per,1.6
1772334325,kamailio,chatafl_opt,1,b_abs,8949
1772334328,kamailio,chatafl_opt,1,l_per,6.6
1772334328,kamailio,chatafl_opt,1,l_abs,15722
1772334328,kamailio,chatafl_opt,1,b_per,1.6
1772334328,kamailio,chatafl_opt,1,b_abs,8949
1772334331,kamailio,chatafl_opt,1,l_per,6.6
1772334331,kamailio,chatafl_opt,1,l_abs,15722
1772334331,kamailio,chatafl_opt,1,b_per,1.6
1772334331,kamailio,chatafl_opt,1,b_abs,8950
1772334333,kamailio,chatafl_opt,1,l_per,6.6
1772334333,kamailio,chatafl_opt,1,l_abs,15722
1772334333,kamailio,chatafl_opt,1,b_per,1.6
1772334333,kamailio,chatafl_opt,1,b_abs,8950
1772334335,kamailio,chatafl_opt,1,l_per,6.6
1772334335,kamailio,chatafl_opt,1,l_abs,15722
1772334335,kamailio,chatafl_opt,1,b_per,1.6
1772334335,kamailio,chatafl_opt,1,b_abs,8950
1772334346,kamailio,chatafl_opt,1,l_per,6.6
1772334346,kamailio,chatafl_opt,1,l_abs,15722
1772334346,kamailio,chatafl_opt,1,b_per,1.6
1772334346,kamailio,chatafl_opt,1,b_abs,8950
1772334348,kamailio,chatafl_opt,1,l_per,6.6
1772334348,kamailio,chatafl_opt,1,l_abs,15722
1772334348,kamailio,chatafl_opt,1,b_per,1.6
1772334348,kamailio,chatafl_opt,1,b_abs,8950
1772334350,kamailio,chatafl_opt,1,l_per,6.6
1772334350,kamailio,chatafl_opt,1,l_abs,15722
1772334350,kamailio,chatafl_opt,1,b_per,1.6
1772334350,kamailio,chatafl_opt,1,b_abs,8950
1772334353,kamailio,chatafl_opt,1,l_per,6.6
1772334353,kamailio,chatafl_opt,1,l_abs,15722
1772334353,kamailio,chatafl_opt,1,b_per,1.6
1772334353,kamailio,chatafl_opt,1,b_abs,8950
1772334359,kamailio,chatafl_opt,1,l_per,6.6
1772334359,kamailio,chatafl_opt,1,l_abs,15722
1772334359,kamailio,chatafl_opt,1,b_per,1.6
1772334359,kamailio,chatafl_opt,1,b_abs,8952
1772334362,kamailio,chatafl_opt,1,l_per,6.6
1772334362,kamailio,chatafl_opt,1,l_abs,15722
1772334362,kamailio,chatafl_opt,1,b_per,1.6
1772334362,kamailio,chatafl_opt,1,b_abs,8952
1772334365,kamailio,chatafl_opt,1,l_per,6.6
1772334365,kamailio,chatafl_opt,1,l_abs,15722
1772334365,kamailio,chatafl_opt,1,b_per,1.6
1772334365,kamailio,chatafl_opt,1,b_abs,8955
1772334367,kamailio,chatafl_opt,1,l_per,6.6
1772334367,kamailio,chatafl_opt,1,l_abs,15722
1772334367,kamailio,chatafl_opt,1,b_per,1.6
1772334367,kamailio,chatafl_opt,1,b_abs,8955
1772334370,kamailio,chatafl_opt,1,l_per,6.6
1772334370,kamailio,chatafl_opt,1,l_abs,15722
1772334370,kamailio,chatafl_opt,1,b_per,1.6
1772334370,kamailio,chatafl_opt,1,b_abs,8955
1772334373,kamailio,chatafl_opt,1,l_per,6.6
1772334373,kamailio,chatafl_opt,1,l_abs,15722
1772334373,kamailio,chatafl_opt,1,b_per,1.6
1772334373,kamailio,chatafl_opt,1,b_abs,8955
1772334376,kamailio,chatafl_opt,1,l_per,6.6
1772334376,kamailio,chatafl_opt,1,l_abs,15722
1772334376,kamailio,chatafl_opt,1,b_per,1.6
1772334376,kamailio,chatafl_opt,1,b_abs,8955
1772334379,kamailio,chatafl_opt,1,l_per,6.6
1772334379,kamailio,chatafl_opt,1,l_abs,15722
1772334379,kamailio,chatafl_opt,1,b_per,1.6
1772334379,kamailio,chatafl_opt,1,b_abs,8955
1772334383,kamailio,chatafl_opt,1,l_per,6.6
1772334383,kamailio,chatafl_opt,1,l_abs,15722
1772334383,kamailio,chatafl_opt,1,b_per,1.6
1772334383,kamailio,chatafl_opt,1,b_abs,8959
1772334387,kamailio,chatafl_opt,1,l_per,6.6
1772334387,kamailio,chatafl_opt,1,l_abs,15722
1772334387,kamailio,chatafl_opt,1,b_per,1.6
1772334387,kamailio,chatafl_opt,1,b_abs,8959
1772334389,kamailio,chatafl_opt,1,l_per,6.6
1772334389,kamailio,chatafl_opt,1,l_abs,15724
1772334389,kamailio,chatafl_opt,1,b_per,1.6
1772334389,kamailio,chatafl_opt,1,b_abs,8970
1772334391,kamailio,chatafl_opt,1,l_per,6.6
1772334391,kamailio,chatafl_opt,1,l_abs,15724
1772334391,kamailio,chatafl_opt,1,b_per,1.6
1772334391,kamailio,chatafl_opt,1,b_abs,8970
1772334394,kamailio,chatafl_opt,1,l_per,6.6
1772334394,kamailio,chatafl_opt,1,l_abs,15724
1772334394,kamailio,chatafl_opt,1,b_per,1.6
1772334394,kamailio,chatafl_opt,1,b_abs,8972
1772334396,kamailio,chatafl_opt,1,l_per,6.6
1772334396,kamailio,chatafl_opt,1,l_abs,15724
1772334396,kamailio,chatafl_opt,1,b_per,1.6
1772334396,kamailio,chatafl_opt,1,b_abs,8972
1772334399,kamailio,chatafl_opt,1,l_per,6.6
1772334399,kamailio,chatafl_opt,1,l_abs,15724
1772334399,kamailio,chatafl_opt,1,b_per,1.6
1772334399,kamailio,chatafl_opt,1,b_abs,8972
1772334401,kamailio,chatafl_opt,1,l_per,6.6
1772334401,kamailio,chatafl_opt,1,l_abs,15726
1772334401,kamailio,chatafl_opt,1,b_per,1.6
1772334401,kamailio,chatafl_opt,1,b_abs,8973
1772334406,kamailio,chatafl_opt,1,l_per,6.6
1772334406,kamailio,chatafl_opt,1,l_abs,15729
1772334406,kamailio,chatafl_opt,1,b_per,1.6
1772334406,kamailio,chatafl_opt,1,b_abs,8975
1772334408,kamailio,chatafl_opt,1,l_per,6.6
1772334408,kamailio,chatafl_opt,1,l_abs,15729
1772334408,kamailio,chatafl_opt,1,b_per,1.6
1772334408,kamailio,chatafl_opt,1,b_abs,8975
1772334411,kamailio,chatafl_opt,1,l_per,6.6
1772334411,kamailio,chatafl_opt,1,l_abs,15730
1772334411,kamailio,chatafl_opt,1,b_per,1.6
1772334411,kamailio,chatafl_opt,1,b_abs,8976
1772334413,kamailio,chatafl_opt,1,l_per,6.6
1772334413,kamailio,chatafl_opt,1,l_abs,15730
1772334413,kamailio,chatafl_opt,1,b_per,1.6
1772334413,kamailio,chatafl_opt,1,b_abs,8976
1772334418,kamailio,chatafl_opt,1,l_per,6.6
1772334418,kamailio,chatafl_opt,1,l_abs,15730
1772334418,kamailio,chatafl_opt,1,b_per,1.6
1772334418,kamailio,chatafl_opt,1,b_abs,8976
1772334424,kamailio,chatafl_opt,1,l_per,6.6
1772334424,kamailio,chatafl_opt,1,l_abs,15730
1772334424,kamailio,chatafl_opt,1,b_per,1.6
1772334424,kamailio,chatafl_opt,1,b_abs,8976
1772334426,kamailio,chatafl_opt,1,l_per,6.6
1772334426,kamailio,chatafl_opt,1,l_abs,15730
1772334426,kamailio,chatafl_opt,1,b_per,1.6
1772334426,kamailio,chatafl_opt,1,b_abs,8976
1772334429,kamailio,chatafl_opt,1,l_per,6.6
1772334429,kamailio,chatafl_opt,1,l_abs,15735
1772334429,kamailio,chatafl_opt,1,b_per,1.6
1772334429,kamailio,chatafl_opt,1,b_abs,8977
1772334431,kamailio,chatafl_opt,1,l_per,6.6
1772334431,kamailio,chatafl_opt,1,l_abs,15735
1772334431,kamailio,chatafl_opt,1,b_per,1.6
1772334431,kamailio,chatafl_opt,1,b_abs,8977
1772334434,kamailio,chatafl_opt,1,l_per,6.6
1772334434,kamailio,chatafl_opt,1,l_abs,15735
1772334434,kamailio,chatafl_opt,1,b_per,1.6
1772334434,kamailio,chatafl_opt,1,b_abs,8977
1772334439,kamailio,chatafl_opt,1,l_per,6.6
1772334439,kamailio,chatafl_opt,1,l_abs,15735
1772334439,kamailio,chatafl_opt,1,b_per,1.6
1772334439,kamailio,chatafl_opt,1,b_abs,8977
1772334441,kamailio,chatafl_opt,1,l_per,6.6
1772334441,kamailio,chatafl_opt,1,l_abs,15735
1772334441,kamailio,chatafl_opt,1,b_per,1.6
1772334441,kamailio,chatafl_opt,1,b_abs,8977
1772334445,kamailio,chatafl_opt,1,l_per,6.6
1772334445,kamailio,chatafl_opt,1,l_abs,15735
1772334445,kamailio,chatafl_opt,1,b_per,1.6
1772334445,kamailio,chatafl_opt,1,b_abs,8977
1772334449,kamailio,chatafl_opt,1,l_per,6.6
1772334449,kamailio,chatafl_opt,1,l_abs,15735
1772334449,kamailio,chatafl_opt,1,b_per,1.6
1772334449,kamailio,chatafl_opt,1,b_abs,8977
1772334452,kamailio,chatafl_opt,1,l_per,6.6
1772334452,kamailio,chatafl_opt,1,l_abs,15735
1772334452,kamailio,chatafl_opt,1,b_per,1.6
1772334452,kamailio,chatafl_opt,1,b_abs,8977
1772334461,kamailio,chatafl_opt,1,l_per,6.6
1772334461,kamailio,chatafl_opt,1,l_abs,15735
1772334461,kamailio,chatafl_opt,1,b_per,1.6
1772334461,kamailio,chatafl_opt,1,b_abs,8977
1772334463,kamailio,chatafl_opt,1,l_per,6.6
1772334463,kamailio,chatafl_opt,1,l_abs,15735
1772334463,kamailio,chatafl_opt,1,b_per,1.6
1772334463,kamailio,chatafl_opt,1,b_abs,8977
1772334466,kamailio,chatafl_opt,1,l_per,6.6
1772334466,kamailio,chatafl_opt,1,l_abs,15735
1772334466,kamailio,chatafl_opt,1,b_per,1.6
1772334466,kamailio,chatafl_opt,1,b_abs,8977
1772334468,kamailio,chatafl_opt,1,l_per,6.6
1772334468,kamailio,chatafl_opt,1,l_abs,15737
1772334468,kamailio,chatafl_opt,1,b_per,1.6
1772334468,kamailio,chatafl_opt,1,b_abs,8978
1772334470,kamailio,chatafl_opt,1,l_per,6.6
1772334470,kamailio,chatafl_opt,1,l_abs,15737
1772334470,kamailio,chatafl_opt,1,b_per,1.6
1772334470,kamailio,chatafl_opt,1,b_abs,8978
1772334474,kamailio,chatafl_opt,1,l_per,6.6
1772334474,kamailio,chatafl_opt,1,l_abs,15737
1772334474,kamailio,chatafl_opt,1,b_per,1.6
1772334474,kamailio,chatafl_opt,1,b_abs,8978
1772334477,kamailio,chatafl_opt,1,l_per,6.6
1772334477,kamailio,chatafl_opt,1,l_abs,15737
1772334477,kamailio,chatafl_opt,1,b_per,1.6
1772334477,kamailio,chatafl_opt,1,b_abs,8978
1772334479,kamailio,chatafl_opt,1,l_per,6.6
1772334479,kamailio,chatafl_opt,1,l_abs,15737
1772334479,kamailio,chatafl_opt,1,b_per,1.6
1772334479,kamailio,chatafl_opt,1,b_abs,8978
1772334482,kamailio,chatafl_opt,1,l_per,6.6
1772334482,kamailio,chatafl_opt,1,l_abs,15737
1772334482,kamailio,chatafl_opt,1,b_per,1.6
1772334482,kamailio,chatafl_opt,1,b_abs,8978
1772334484,kamailio,chatafl_opt,1,l_per,6.6
1772334484,kamailio,chatafl_opt,1,l_abs,15737
1772334484,kamailio,chatafl_opt,1,b_per,1.6
1772334484,kamailio,chatafl_opt,1,b_abs,8978
1772334486,kamailio,chatafl_opt,1,l_per,6.6
1772334486,kamailio,chatafl_opt,1,l_abs,15737
1772334486,kamailio,chatafl_opt,1,b_per,1.6
1772334486,kamailio,chatafl_opt,1,b_abs,8978
1772334488,kamailio,chatafl_opt,1,l_per,6.6
1772334488,kamailio,chatafl_opt,1,l_abs,15737
1772334488,kamailio,chatafl_opt,1,b_per,1.6
1772334488,kamailio,chatafl_opt,1,b_abs,8978
1772334491,kamailio,chatafl_opt,1,l_per,6.6
1772334491,kamailio,chatafl_opt,1,l_abs,15737
1772334491,kamailio,chatafl_opt,1,b_per,1.6
1772334491,kamailio,chatafl_opt,1,b_abs,8978
1772334495,kamailio,chatafl_opt,1,l_per,6.6
1772334495,kamailio,chatafl_opt,1,l_abs,15737
1772334495,kamailio,chatafl_opt,1,b_per,1.6
1772334495,kamailio,chatafl_opt,1,b_abs,8978
1772334497,kamailio,chatafl_opt,1,l_per,6.6
1772334497,kamailio,chatafl_opt,1,l_abs,15741
1772334497,kamailio,chatafl_opt,1,b_per,1.6
1772334497,kamailio,chatafl_opt,1,b_abs,8989
1772334500,kamailio,chatafl_opt,1,l_per,6.6
1772334500,kamailio,chatafl_opt,1,l_abs,15741
1772334500,kamailio,chatafl_opt,1,b_per,1.6
1772334500,kamailio,chatafl_opt,1,b_abs,8989
1772334504,kamailio,chatafl_opt,1,l_per,6.6
1772334504,kamailio,chatafl_opt,1,l_abs,15741
1772334504,kamailio,chatafl_opt,1,b_per,1.6
1772334504,kamailio,chatafl_opt,1,b_abs,8989
1772334506,kamailio,chatafl_opt,1,l_per,6.6
1772334506,kamailio,chatafl_opt,1,l_abs,15741
1772334506,kamailio,chatafl_opt,1,b_per,1.6
1772334506,kamailio,chatafl_opt,1,b_abs,8989
1772334508,kamailio,chatafl_opt,1,l_per,6.6
1772334508,kamailio,chatafl_opt,1,l_abs,15741
1772334508,kamailio,chatafl_opt,1,b_per,1.6
1772334508,kamailio,chatafl_opt,1,b_abs,8989
1772334510,kamailio,chatafl_opt,1,l_per,6.6
1772334510,kamailio,chatafl_opt,1,l_abs,15741
1772334510,kamailio,chatafl_opt,1,b_per,1.6
1772334510,kamailio,chatafl_opt,1,b_abs,8989
1772334515,kamailio,chatafl_opt,1,l_per,6.6
1772334515,kamailio,chatafl_opt,1,l_abs,15744
1772334515,kamailio,chatafl_opt,1,b_per,1.6
1772334515,kamailio,chatafl_opt,1,b_abs,8998
1772334518,kamailio,chatafl_opt,1,l_per,6.6
1772334518,kamailio,chatafl_opt,1,l_abs,15744
1772334518,kamailio,chatafl_opt,1,b_per,1.6
1772334518,kamailio,chatafl_opt,1,b_abs,8998
1772334521,kamailio,chatafl_opt,1,l_per,6.6
1772334521,kamailio,chatafl_opt,1,l_abs,15744
1772334521,kamailio,chatafl_opt,1,b_per,1.6
1772334521,kamailio,chatafl_opt,1,b_abs,8998
1772334523,kamailio,chatafl_opt,1,l_per,6.6
1772334523,kamailio,chatafl_opt,1,l_abs,15744
1772334523,kamailio,chatafl_opt,1,b_per,1.6
1772334523,kamailio,chatafl_opt,1,b_abs,8998
1772334525,kamailio,chatafl_opt,1,l_per,6.6
1772334525,kamailio,chatafl_opt,1,l_abs,15744
1772334525,kamailio,chatafl_opt,1,b_per,1.6
1772334525,kamailio,chatafl_opt,1,b_abs,8998
1772334529,kamailio,chatafl_opt,1,l_per,6.6
1772334529,kamailio,chatafl_opt,1,l_abs,15746
1772334529,kamailio,chatafl_opt,1,b_per,1.6
1772334529,kamailio,chatafl_opt,1,b_abs,8999
1772334531,kamailio,chatafl_opt,1,l_per,6.6
1772334531,kamailio,chatafl_opt,1,l_abs,15747
1772334531,kamailio,chatafl_opt,1,b_per,1.6
1772334531,kamailio,chatafl_opt,1,b_abs,9000
1772334533,kamailio,chatafl_opt,1,l_per,6.6
1772334533,kamailio,chatafl_opt,1,l_abs,15747
1772334533,kamailio,chatafl_opt,1,b_per,1.6
1772334533,kamailio,chatafl_opt,1,b_abs,9000
1772334536,kamailio,chatafl_opt,1,l_per,6.6
1772334536,kamailio,chatafl_opt,1,l_abs,15747
1772334536,kamailio,chatafl_opt,1,b_per,1.6
1772334536,kamailio,chatafl_opt,1,b_abs,9000
1772334539,kamailio,chatafl_opt,1,l_per,6.6
1772334539,kamailio,chatafl_opt,1,l_abs,15747
1772334539,kamailio,chatafl_opt,1,b_per,1.6
1772334539,kamailio,chatafl_opt,1,b_abs,9000
1772334546,kamailio,chatafl_opt,1,l_per,6.6
1772334546,kamailio,chatafl_opt,1,l_abs,15747
1772334546,kamailio,chatafl_opt,1,b_per,1.6
1772334546,kamailio,chatafl_opt,1,b_abs,9000
1772334548,kamailio,chatafl_opt,1,l_per,6.6
1772334548,kamailio,chatafl_opt,1,l_abs,15750
1772334548,kamailio,chatafl_opt,1,b_per,1.6
1772334548,kamailio,chatafl_opt,1,b_abs,9009
1772334554,kamailio,chatafl_opt,1,l_per,6.6
1772334554,kamailio,chatafl_opt,1,l_abs,15758
1772334554,kamailio,chatafl_opt,1,b_per,1.6
1772334554,kamailio,chatafl_opt,1,b_abs,9015
1772334563,kamailio,chatafl_opt,1,l_per,6.6
1772334563,kamailio,chatafl_opt,1,l_abs,15758
1772334563,kamailio,chatafl_opt,1,b_per,1.6
1772334563,kamailio,chatafl_opt,1,b_abs,9015
1772334566,kamailio,chatafl_opt,1,l_per,6.7
1772334566,kamailio,chatafl_opt,1,l_abs,15760
1772334566,kamailio,chatafl_opt,1,b_per,1.6
1772334566,kamailio,chatafl_opt,1,b_abs,9016
1772334570,kamailio,chatafl_opt,1,l_per,6.7
1772334570,kamailio,chatafl_opt,1,l_abs,15760
1772334570,kamailio,chatafl_opt,1,b_per,1.6
1772334570,kamailio,chatafl_opt,1,b_abs,9016
1772334572,kamailio,chatafl_opt,1,l_per,6.7
1772334572,kamailio,chatafl_opt,1,l_abs,15760
1772334572,kamailio,chatafl_opt,1,b_per,1.6
1772334572,kamailio,chatafl_opt,1,b_abs,9016
1772334583,kamailio,chatafl_opt,1,l_per,6.7
1772334583,kamailio,chatafl_opt,1,l_abs,15760
1772334583,kamailio,chatafl_opt,1,b_per,1.6
1772334583,kamailio,chatafl_opt,1,b_abs,9016
1772334586,kamailio,chatafl_opt,1,l_per,6.7
1772334586,kamailio,chatafl_opt,1,l_abs,15760
1772334586,kamailio,chatafl_opt,1,b_per,1.6
1772334586,kamailio,chatafl_opt,1,b_abs,9018
1772334588,kamailio,chatafl_opt,1,l_per,6.7
1772334588,kamailio,chatafl_opt,1,l_abs,15760
1772334588,kamailio,chatafl_opt,1,b_per,1.6
1772334588,kamailio,chatafl_opt,1,b_abs,9020
1772334590,kamailio,chatafl_opt,1,l_per,6.7
1772334590,kamailio,chatafl_opt,1,l_abs,15760
1772334590,kamailio,chatafl_opt,1,b_per,1.6
1772334590,kamailio,chatafl_opt,1,b_abs,9020
1772334599,kamailio,chatafl_opt,1,l_per,6.7
1772334599,kamailio,chatafl_opt,1,l_abs,15760
1772334599,kamailio,chatafl_opt,1,b_per,1.6
1772334599,kamailio,chatafl_opt,1,b_abs,9020
1772334604,kamailio,chatafl_opt,1,l_per,6.7
1772334604,kamailio,chatafl_opt,1,l_abs,15780
1772334604,kamailio,chatafl_opt,1,b_per,1.6
1772334604,kamailio,chatafl_opt,1,b_abs,9027
1772334607,kamailio,chatafl_opt,1,l_per,6.7
1772334607,kamailio,chatafl_opt,1,l_abs,15780
1772334607,kamailio,chatafl_opt,1,b_per,1.6
1772334607,kamailio,chatafl_opt,1,b_abs,9027
1772334609,kamailio,chatafl_opt,1,l_per,6.7
1772334609,kamailio,chatafl_opt,1,l_abs,15781
1772334609,kamailio,chatafl_opt,1,b_per,1.6
1772334609,kamailio,chatafl_opt,1,b_abs,9028
1772334619,kamailio,chatafl_opt,1,l_per,6.7
1772334619,kamailio,chatafl_opt,1,l_abs,15781
1772334619,kamailio,chatafl_opt,1,b_per,1.6
1772334619,kamailio,chatafl_opt,1,b_abs,9028
1772334621,kamailio,chatafl_opt,1,l_per,6.7
1772334621,kamailio,chatafl_opt,1,l_abs,15781
1772334621,kamailio,chatafl_opt,1,b_per,1.6
1772334621,kamailio,chatafl_opt,1,b_abs,9028
1772334623,kamailio,chatafl_opt,1,l_per,6.7
1772334623,kamailio,chatafl_opt,1,l_abs,15781
1772334623,kamailio,chatafl_opt,1,b_per,1.6
1772334623,kamailio,chatafl_opt,1,b_abs,9030
1772334626,kamailio,chatafl_opt,1,l_per,6.7
1772334626,kamailio,chatafl_opt,1,l_abs,15784
1772334626,kamailio,chatafl_opt,1,b_per,1.6
1772334626,kamailio,chatafl_opt,1,b_abs,9033
1772334628,kamailio,chatafl_opt,1,l_per,6.7
1772334628,kamailio,chatafl_opt,1,l_abs,15784
1772334628,kamailio,chatafl_opt,1,b_per,1.6
1772334628,kamailio,chatafl_opt,1,b_abs,9033
1772334630,kamailio,chatafl_opt,1,l_per,6.7
1772334630,kamailio,chatafl_opt,1,l_abs,15784
1772334630,kamailio,chatafl_opt,1,b_per,1.6
1772334630,kamailio,chatafl_opt,1,b_abs,9033
1772334639,kamailio,chatafl_opt,1,l_per,6.7
1772334639,kamailio,chatafl_opt,1,l_abs,15784
1772334639,kamailio,chatafl_opt,1,b_per,1.6
1772334639,kamailio,chatafl_opt,1,b_abs,9033
1772334645,kamailio,chatafl_opt,1,l_per,6.7
1772334645,kamailio,chatafl_opt,1,l_abs,15784
1772334645,kamailio,chatafl_opt,1,b_per,1.6
1772334645,kamailio,chatafl_opt,1,b_abs,9035
1772334647,kamailio,chatafl_opt,1,l_per,6.7
1772334647,kamailio,chatafl_opt,1,l_abs,15784
1772334647,kamailio,chatafl_opt,1,b_per,1.6
1772334647,kamailio,chatafl_opt,1,b_abs,9037
1772334657,kamailio,chatafl_opt,1,l_per,6.7
1772334657,kamailio,chatafl_opt,1,l_abs,15784
1772334657,kamailio,chatafl_opt,1,b_per,1.6
1772334657,kamailio,chatafl_opt,1,b_abs,9037
1772334659,kamailio,chatafl_opt,1,l_per,6.7
1772334659,kamailio,chatafl_opt,1,l_abs,15787
1772334659,kamailio,chatafl_opt,1,b_per,1.6
1772334659,kamailio,chatafl_opt,1,b_abs,9039
1772334664,kamailio,chatafl_opt,1,l_per,6.7
1772334664,kamailio,chatafl_opt,1,l_abs,15787
1772334664,kamailio,chatafl_opt,1,b_per,1.6
1772334664,kamailio,chatafl_opt,1,b_abs,9039
1772334669,kamailio,chatafl_opt,1,l_per,6.7
1772334669,kamailio,chatafl_opt,1,l_abs,15792
1772334669,kamailio,chatafl_opt,1,b_per,1.6
1772334669,kamailio,chatafl_opt,1,b_abs,9041
1772334675,kamailio,chatafl_opt,1,l_per,6.7
1772334675,kamailio,chatafl_opt,1,l_abs,15792
1772334675,kamailio,chatafl_opt,1,b_per,1.6
1772334675,kamailio,chatafl_opt,1,b_abs,9041
1772334677,kamailio,chatafl_opt,1,l_per,6.7
1772334677,kamailio,chatafl_opt,1,l_abs,15792
1772334677,kamailio,chatafl_opt,1,b_per,1.6
1772334677,kamailio,chatafl_opt,1,b_abs,9041
1772334680,kamailio,chatafl_opt,1,l_per,6.7
1772334680,kamailio,chatafl_opt,1,l_abs,15792
1772334680,kamailio,chatafl_opt,1,b_per,1.6
1772334680,kamailio,chatafl_opt,1,b_abs,9043
1772334684,kamailio,chatafl_opt,1,l_per,6.7
1772334684,kamailio,chatafl_opt,1,l_abs,15792
1772334684,kamailio,chatafl_opt,1,b_per,1.6
1772334684,kamailio,chatafl_opt,1,b_abs,9043
1772334686,kamailio,chatafl_opt,1,l_per,6.7
1772334686,kamailio,chatafl_opt,1,l_abs,15798
1772334686,kamailio,chatafl_opt,1,b_per,1.6
1772334686,kamailio,chatafl_opt,1,b_abs,9044
1772334689,kamailio,chatafl_opt,1,l_per,6.7
1772334689,kamailio,chatafl_opt,1,l_abs,15798
1772334689,kamailio,chatafl_opt,1,b_per,1.6
1772334689,kamailio,chatafl_opt,1,b_abs,9046
1772334700,kamailio,chatafl_opt,1,l_per,6.7
1772334700,kamailio,chatafl_opt,1,l_abs,15798
1772334700,kamailio,chatafl_opt,1,b_per,1.6
1772334700,kamailio,chatafl_opt,1,b_abs,9046
1772334705,kamailio,chatafl_opt,1,l_per,6.7
1772334705,kamailio,chatafl_opt,1,l_abs,15798
1772334705,kamailio,chatafl_opt,1,b_per,1.6
1772334705,kamailio,chatafl_opt,1,b_abs,9047
1772334708,kamailio,chatafl_opt,1,l_per,6.7
1772334708,kamailio,chatafl_opt,1,l_abs,15798
1772334708,kamailio,chatafl_opt,1,b_per,1.6
1772334708,kamailio,chatafl_opt,1,b_abs,9047
1772334713,kamailio,chatafl_opt,1,l_per,6.7
1772334713,kamailio,chatafl_opt,1,l_abs,15798
1772334713,kamailio,chatafl_opt,1,b_per,1.6
1772334713,kamailio,chatafl_opt,1,b_abs,9047
1772334717,kamailio,chatafl_opt,1,l_per,6.7
1772334717,kamailio,chatafl_opt,1,l_abs,15798
1772334717,kamailio,chatafl_opt,1,b_per,1.6
1772334717,kamailio,chatafl_opt,1,b_abs,9047
1772334720,kamailio,chatafl_opt,1,l_per,6.7
1772334720,kamailio,chatafl_opt,1,l_abs,15798
1772334720,kamailio,chatafl_opt,1,b_per,1.6
1772334720,kamailio,chatafl_opt,1,b_abs,9047
1772334725,kamailio,chatafl_opt,1,l_per,6.7
1772334725,kamailio,chatafl_opt,1,l_abs,15798
1772334725,kamailio,chatafl_opt,1,b_per,1.6
1772334725,kamailio,chatafl_opt,1,b_abs,9049
1772334727,kamailio,chatafl_opt,1,l_per,6.7
1772334727,kamailio,chatafl_opt,1,l_abs,15798
1772334727,kamailio,chatafl_opt,1,b_per,1.6
1772334727,kamailio,chatafl_opt,1,b_abs,9049
1772334741,kamailio,chatafl_opt,1,l_per,6.7
1772334741,kamailio,chatafl_opt,1,l_abs,15800
1772334741,kamailio,chatafl_opt,1,b_per,1.6
1772334741,kamailio,chatafl_opt,1,b_abs,9050
1772334747,kamailio,chatafl_opt,1,l_per,6.7
1772334747,kamailio,chatafl_opt,1,l_abs,15807
1772334747,kamailio,chatafl_opt,1,b_per,1.6
1772334747,kamailio,chatafl_opt,1,b_abs,9051
1772334749,kamailio,chatafl_opt,1,l_per,6.7
1772334749,kamailio,chatafl_opt,1,l_abs,15807
1772334749,kamailio,chatafl_opt,1,b_per,1.6
1772334749,kamailio,chatafl_opt,1,b_abs,9053
1772334752,kamailio,chatafl_opt,1,l_per,6.7
1772334752,kamailio,chatafl_opt,1,l_abs,15807
1772334752,kamailio,chatafl_opt,1,b_per,1.6
1772334752,kamailio,chatafl_opt,1,b_abs,9053
1772334754,kamailio,chatafl_opt,1,l_per,6.7
1772334754,kamailio,chatafl_opt,1,l_abs,15807
1772334754,kamailio,chatafl_opt,1,b_per,1.6
1772334754,kamailio,chatafl_opt,1,b_abs,9053
1772334760,kamailio,chatafl_opt,1,l_per,6.7
1772334760,kamailio,chatafl_opt,1,l_abs,15807
1772334760,kamailio,chatafl_opt,1,b_per,1.6
1772334760,kamailio,chatafl_opt,1,b_abs,9053
1772334769,kamailio,chatafl_opt,1,l_per,6.7
1772334769,kamailio,chatafl_opt,1,l_abs,15807
1772334769,kamailio,chatafl_opt,1,b_per,1.6
1772334769,kamailio,chatafl_opt,1,b_abs,9053
1772334771,kamailio,chatafl_opt,1,l_per,6.7
1772334771,kamailio,chatafl_opt,1,l_abs,15807
1772334771,kamailio,chatafl_opt,1,b_per,1.6
1772334771,kamailio,chatafl_opt,1,b_abs,9053
1772334773,kamailio,chatafl_opt,1,l_per,6.7
1772334773,kamailio,chatafl_opt,1,l_abs,15808
1772334773,kamailio,chatafl_opt,1,b_per,1.6
1772334773,kamailio,chatafl_opt,1,b_abs,9055
1772334777,kamailio,chatafl_opt,1,l_per,6.7
1772334777,kamailio,chatafl_opt,1,l_abs,15808
1772334777,kamailio,chatafl_opt,1,b_per,1.6
1772334777,kamailio,chatafl_opt,1,b_abs,9055
1772334779,kamailio,chatafl_opt,1,l_per,6.7
1772334779,kamailio,chatafl_opt,1,l_abs,15808
1772334779,kamailio,chatafl_opt,1,b_per,1.6
1772334779,kamailio,chatafl_opt,1,b_abs,9055
1772334781,kamailio,chatafl_opt,1,l_per,6.7
1772334781,kamailio,chatafl_opt,1,l_abs,15808
1772334781,kamailio,chatafl_opt,1,b_per,1.6
1772334781,kamailio,chatafl_opt,1,b_abs,9055
1772334784,kamailio,chatafl_opt,1,l_per,6.7
1772334784,kamailio,chatafl_opt,1,l_abs,15808
1772334784,kamailio,chatafl_opt,1,b_per,1.6
1772334784,kamailio,chatafl_opt,1,b_abs,9055
1772334786,kamailio,chatafl_opt,1,l_per,6.7
1772334786,kamailio,chatafl_opt,1,l_abs,15808
1772334786,kamailio,chatafl_opt,1,b_per,1.6
1772334786,kamailio,chatafl_opt,1,b_abs,9055
1772334788,kamailio,chatafl_opt,1,l_per,6.7
1772334788,kamailio,chatafl_opt,1,l_abs,15808
1772334788,kamailio,chatafl_opt,1,b_per,1.6
1772334788,kamailio,chatafl_opt,1,b_abs,9055
1772334792,kamailio,chatafl_opt,1,l_per,6.7
1772334792,kamailio,chatafl_opt,1,l_abs,15808
1772334792,kamailio,chatafl_opt,1,b_per,1.6
1772334792,kamailio,chatafl_opt,1,b_abs,9055
1772334794,kamailio,chatafl_opt,1,l_per,6.7
1772334794,kamailio,chatafl_opt,1,l_abs,15808
1772334794,kamailio,chatafl_opt,1,b_per,1.6
1772334794,kamailio,chatafl_opt,1,b_abs,9055
1772334796,kamailio,chatafl_opt,1,l_per,6.7
1772334796,kamailio,chatafl_opt,1,l_abs,15808
1772334796,kamailio,chatafl_opt,1,b_per,1.6
1772334796,kamailio,chatafl_opt,1,b_abs,9055
1772334799,kamailio,chatafl_opt,1,l_per,6.7
1772334799,kamailio,chatafl_opt,1,l_abs,15808
1772334799,kamailio,chatafl_opt,1,b_per,1.6
1772334799,kamailio,chatafl_opt,1,b_abs,9055
1772334800,kamailio,chatafl_opt,1,l_per,6.7
1772334800,kamailio,chatafl_opt,1,l_abs,15808
1772334800,kamailio,chatafl_opt,1,b_per,1.6
1772334800,kamailio,chatafl_opt,1,b_abs,9055
1772334803,kamailio,chatafl_opt,1,l_per,6.7
1772334803,kamailio,chatafl_opt,1,l_abs,15808
1772334803,kamailio,chatafl_opt,1,b_per,1.6
1772334803,kamailio,chatafl_opt,1,b_abs,9055
1772334809,kamailio,chatafl_opt,1,l_per,6.7
1772334809,kamailio,chatafl_opt,1,l_abs,15808
1772334809,kamailio,chatafl_opt,1,b_per,1.6
1772334809,kamailio,chatafl_opt,1,b_abs,9055
1772334812,kamailio,chatafl_opt,1,l_per,6.7
1772334812,kamailio,chatafl_opt,1,l_abs,15808
1772334812,kamailio,chatafl_opt,1,b_per,1.6
1772334812,kamailio,chatafl_opt,1,b_abs,9055
1772334814,kamailio,chatafl_opt,1,l_per,6.7
1772334814,kamailio,chatafl_opt,1,l_abs,15808
1772334814,kamailio,chatafl_opt,1,b_per,1.6
1772334814,kamailio,chatafl_opt,1,b_abs,9055
1772334816,kamailio,chatafl_opt,1,l_per,6.7
1772334816,kamailio,chatafl_opt,1,l_abs,15808
1772334816,kamailio,chatafl_opt,1,b_per,1.6
1772334816,kamailio,chatafl_opt,1,b_abs,9055
1772334818,kamailio,chatafl_opt,1,l_per,6.8
1772334818,kamailio,chatafl_opt,1,l_abs,16028
1772334818,kamailio,chatafl_opt,1,b_per,1.6
1772334818,kamailio,chatafl_opt,1,b_abs,9222
1772334820,kamailio,chatafl_opt,1,l_per,6.8
1772334820,kamailio,chatafl_opt,1,l_abs,16028
1772334820,kamailio,chatafl_opt,1,b_per,1.6
1772334820,kamailio,chatafl_opt,1,b_abs,9222
1772334824,kamailio,chatafl_opt,1,l_per,6.8
1772334824,kamailio,chatafl_opt,1,l_abs,16028
1772334824,kamailio,chatafl_opt,1,b_per,1.6
1772334824,kamailio,chatafl_opt,1,b_abs,9222
1772334827,kamailio,chatafl_opt,1,l_per,6.8
1772334827,kamailio,chatafl_opt,1,l_abs,16028
1772334827,kamailio,chatafl_opt,1,b_per,1.6
1772334827,kamailio,chatafl_opt,1,b_abs,9222
1772334830,kamailio,chatafl_opt,1,l_per,6.8
1772334830,kamailio,chatafl_opt,1,l_abs,16028
1772334830,kamailio,chatafl_opt,1,b_per,1.6
1772334830,kamailio,chatafl_opt,1,b_abs,9222
1772334832,kamailio,chatafl_opt,1,l_per,6.8
1772334832,kamailio,chatafl_opt,1,l_abs,16028
1772334832,kamailio,chatafl_opt,1,b_per,1.6
1772334832,kamailio,chatafl_opt,1,b_abs,9222
1772334834,kamailio,chatafl_opt,1,l_per,6.8
1772334834,kamailio,chatafl_opt,1,l_abs,16028
1772334834,kamailio,chatafl_opt,1,b_per,1.6
1772334834,kamailio,chatafl_opt,1,b_abs,9222
1772334843,kamailio,chatafl_opt,1,l_per,6.8
1772334843,kamailio,chatafl_opt,1,l_abs,16028
1772334843,kamailio,chatafl_opt,1,b_per,1.6
1772334843,kamailio,chatafl_opt,1,b_abs,9224
1772334845,kamailio,chatafl_opt,1,l_per,6.8
1772334845,kamailio,chatafl_opt,1,l_abs,16028
1772334845,kamailio,chatafl_opt,1,b_per,1.6
1772334845,kamailio,chatafl_opt,1,b_abs,9224
1772334852,kamailio,chatafl_opt,1,l_per,6.8
1772334852,kamailio,chatafl_opt,1,l_abs,16028
1772334852,kamailio,chatafl_opt,1,b_per,1.6
1772334852,kamailio,chatafl_opt,1,b_abs,9224
1772334854,kamailio,chatafl_opt,1,l_per,6.8
1772334854,kamailio,chatafl_opt,1,l_abs,16028
1772334854,kamailio,chatafl_opt,1,b_per,1.6
1772334854,kamailio,chatafl_opt,1,b_abs,9224
1772334860,kamailio,chatafl_opt,1,l_per,6.8
1772334860,kamailio,chatafl_opt,1,l_abs,16028
1772334860,kamailio,chatafl_opt,1,b_per,1.6
1772334860,kamailio,chatafl_opt,1,b_abs,9224
1772334863,kamailio,chatafl_opt,1,l_per,6.8
1772334863,kamailio,chatafl_opt,1,l_abs,16028
1772334863,kamailio,chatafl_opt,1,b_per,1.6
1772334863,kamailio,chatafl_opt,1,b_abs,9224
1772334865,kamailio,chatafl_opt,1,l_per,6.8
1772334865,kamailio,chatafl_opt,1,l_abs,16028
1772334865,kamailio,chatafl_opt,1,b_per,1.6
1772334865,kamailio,chatafl_opt,1,b_abs,9224
1772334869,kamailio,chatafl_opt,1,l_per,6.8
1772334869,kamailio,chatafl_opt,1,l_abs,16028
1772334869,kamailio,chatafl_opt,1,b_per,1.6
1772334869,kamailio,chatafl_opt,1,b_abs,9224
1772334874,kamailio,chatafl_opt,1,l_per,6.8
1772334874,kamailio,chatafl_opt,1,l_abs,16028
1772334874,kamailio,chatafl_opt,1,b_per,1.6
1772334874,kamailio,chatafl_opt,1,b_abs,9226
1772334878,kamailio,chatafl_opt,1,l_per,6.8
1772334878,kamailio,chatafl_opt,1,l_abs,16028
1772334878,kamailio,chatafl_opt,1,b_per,1.6
1772334878,kamailio,chatafl_opt,1,b_abs,9226
1772334882,kamailio,chatafl_opt,1,l_per,6.8
1772334882,kamailio,chatafl_opt,1,l_abs,16028
1772334882,kamailio,chatafl_opt,1,b_per,1.6
1772334882,kamailio,chatafl_opt,1,b_abs,9226
1772334887,kamailio,chatafl_opt,1,l_per,6.8
1772334887,kamailio,chatafl_opt,1,l_abs,16028
1772334887,kamailio,chatafl_opt,1,b_per,1.6
1772334887,kamailio,chatafl_opt,1,b_abs,9226
1772334889,kamailio,chatafl_opt,1,l_per,6.8
1772334889,kamailio,chatafl_opt,1,l_abs,16028
1772334889,kamailio,chatafl_opt,1,b_per,1.6
1772334889,kamailio,chatafl_opt,1,b_abs,9226
1772334893,kamailio,chatafl_opt,1,l_per,6.8
1772334893,kamailio,chatafl_opt,1,l_abs,16028
1772334893,kamailio,chatafl_opt,1,b_per,1.6
1772334893,kamailio,chatafl_opt,1,b_abs,9226
1772334895,kamailio,chatafl_opt,1,l_per,6.8
1772334895,kamailio,chatafl_opt,1,l_abs,16028
1772334895,kamailio,chatafl_opt,1,b_per,1.6
1772334895,kamailio,chatafl_opt,1,b_abs,9226
1772334902,kamailio,chatafl_opt,1,l_per,6.8
1772334902,kamailio,chatafl_opt,1,l_abs,16028
1772334902,kamailio,chatafl_opt,1,b_per,1.6
1772334902,kamailio,chatafl_opt,1,b_abs,9226
1772334904,kamailio,chatafl_opt,1,l_per,6.8
1772334904,kamailio,chatafl_opt,1,l_abs,16028
1772334904,kamailio,chatafl_opt,1,b_per,1.6
1772334904,kamailio,chatafl_opt,1,b_abs,9226
1772334906,kamailio,chatafl_opt,1,l_per,6.8
1772334906,kamailio,chatafl_opt,1,l_abs,16030
1772334906,kamailio,chatafl_opt,1,b_per,1.6
1772334906,kamailio,chatafl_opt,1,b_abs,9229
1772334908,kamailio,chatafl_opt,1,l_per,6.8
1772334908,kamailio,chatafl_opt,1,l_abs,16030
1772334908,kamailio,chatafl_opt,1,b_per,1.6
1772334908,kamailio,chatafl_opt,1,b_abs,9229
1772334910,kamailio,chatafl_opt,1,l_per,6.8
1772334910,kamailio,chatafl_opt,1,l_abs,16030
1772334910,kamailio,chatafl_opt,1,b_per,1.6
1772334910,kamailio,chatafl_opt,1,b_abs,9229
1772334913,kamailio,chatafl_opt,1,l_per,6.8
1772334913,kamailio,chatafl_opt,1,l_abs,16030
1772334913,kamailio,chatafl_opt,1,b_per,1.6
1772334913,kamailio,chatafl_opt,1,b_abs,9229
1772334917,kamailio,chatafl_opt,1,l_per,6.8
1772334917,kamailio,chatafl_opt,1,l_abs,16030
1772334917,kamailio,chatafl_opt,1,b_per,1.6
1772334917,kamailio,chatafl_opt,1,b_abs,9229
1772334925,kamailio,chatafl_opt,1,l_per,6.8
1772334925,kamailio,chatafl_opt,1,l_abs,16030
1772334925,kamailio,chatafl_opt,1,b_per,1.6
1772334925,kamailio,chatafl_opt,1,b_abs,9229
1772334928,kamailio,chatafl_opt,1,l_per,6.8
1772334928,kamailio,chatafl_opt,1,l_abs,16030
1772334928,kamailio,chatafl_opt,1,b_per,1.6
1772334928,kamailio,chatafl_opt,1,b_abs,9229
1772334932,kamailio,chatafl_opt,1,l_per,6.8
1772334932,kamailio,chatafl_opt,1,l_abs,16030
1772334932,kamailio,chatafl_opt,1,b_per,1.6
1772334932,kamailio,chatafl_opt,1,b_abs,9229
1772334943,kamailio,chatafl_opt,1,l_per,6.8
1772334943,kamailio,chatafl_opt,1,l_abs,16030
1772334943,kamailio,chatafl_opt,1,b_per,1.6
1772334943,kamailio,chatafl_opt,1,b_abs,9229
1772334945,kamailio,chatafl_opt,1,l_per,6.8
1772334945,kamailio,chatafl_opt,1,l_abs,16030
1772334945,kamailio,chatafl_opt,1,b_per,1.6
1772334945,kamailio,chatafl_opt,1,b_abs,9229
1772334949,kamailio,chatafl_opt,1,l_per,6.8
1772334949,kamailio,chatafl_opt,1,l_abs,16033
1772334949,kamailio,chatafl_opt,1,b_per,1.6
1772334949,kamailio,chatafl_opt,1,b_abs,9230
1772334951,kamailio,chatafl_opt,1,l_per,6.8
1772334951,kamailio,chatafl_opt,1,l_abs,16033
1772334951,kamailio,chatafl_opt,1,b_per,1.6
1772334951,kamailio,chatafl_opt,1,b_abs,9230
1772334955,kamailio,chatafl_opt,1,l_per,6.8
1772334955,kamailio,chatafl_opt,1,l_abs,16033
1772334955,kamailio,chatafl_opt,1,b_per,1.6
1772334955,kamailio,chatafl_opt,1,b_abs,9230
1772334959,kamailio,chatafl_opt,1,l_per,6.8
1772334959,kamailio,chatafl_opt,1,l_abs,16033
1772334959,kamailio,chatafl_opt,1,b_per,1.6
1772334959,kamailio,chatafl_opt,1,b_abs,9230
1772334965,kamailio,chatafl_opt,1,l_per,6.8
1772334965,kamailio,chatafl_opt,1,l_abs,16033
1772334965,kamailio,chatafl_opt,1,b_per,1.6
1772334965,kamailio,chatafl_opt,1,b_abs,9230
1772334971,kamailio,chatafl_opt,1,l_per,6.8
1772334971,kamailio,chatafl_opt,1,l_abs,16033
1772334971,kamailio,chatafl_opt,1,b_per,1.6
1772334971,kamailio,chatafl_opt,1,b_abs,9230
1772334976,kamailio,chatafl_opt,1,l_per,6.8
1772334976,kamailio,chatafl_opt,1,l_abs,16033
1772334976,kamailio,chatafl_opt,1,b_per,1.6
1772334976,kamailio,chatafl_opt,1,b_abs,9231
1772334981,kamailio,chatafl_opt,1,l_per,6.8
1772334981,kamailio,chatafl_opt,1,l_abs,16033
1772334981,kamailio,chatafl_opt,1,b_per,1.6
1772334981,kamailio,chatafl_opt,1,b_abs,9231
1772334988,kamailio,chatafl_opt,1,l_per,6.8
1772334988,kamailio,chatafl_opt,1,l_abs,16033
1772334988,kamailio,chatafl_opt,1,b_per,1.6
1772334988,kamailio,chatafl_opt,1,b_abs,9231
1772334991,kamailio,chatafl_opt,1,l_per,6.8
1772334991,kamailio,chatafl_opt,1,l_abs,16033
1772334991,kamailio,chatafl_opt,1,b_per,1.6
1772334991,kamailio,chatafl_opt,1,b_abs,9231
1772334999,kamailio,chatafl_opt,1,l_per,6.8
1772334999,kamailio,chatafl_opt,1,l_abs,16033
1772334999,kamailio,chatafl_opt,1,b_per,1.6
1772334999,kamailio,chatafl_opt,1,b_abs,9231
1772335002,kamailio,chatafl_opt,1,l_per,6.8
1772335002,kamailio,chatafl_opt,1,l_abs,16033
1772335002,kamailio,chatafl_opt,1,b_per,1.6
1772335002,kamailio,chatafl_opt,1,b_abs,9233
1772335010,kamailio,chatafl_opt,1,l_per,6.8
1772335010,kamailio,chatafl_opt,1,l_abs,16033
1772335010,kamailio,chatafl_opt,1,b_per,1.6
1772335010,kamailio,chatafl_opt,1,b_abs,9233
1772335012,kamailio,chatafl_opt,1,l_per,6.8
1772335012,kamailio,chatafl_opt,1,l_abs,16033
1772335012,kamailio,chatafl_opt,1,b_per,1.6
1772335012,kamailio,chatafl_opt,1,b_abs,9233
1772335020,kamailio,chatafl_opt,1,l_per,6.8
1772335020,kamailio,chatafl_opt,1,l_abs,16036
1772335020,kamailio,chatafl_opt,1,b_per,1.6
1772335020,kamailio,chatafl_opt,1,b_abs,9243
1772335024,kamailio,chatafl_opt,1,l_per,6.8
1772335024,kamailio,chatafl_opt,1,l_abs,16036
1772335024,kamailio,chatafl_opt,1,b_per,1.6
1772335024,kamailio,chatafl_opt,1,b_abs,9243
1772335026,kamailio,chatafl_opt,1,l_per,6.8
1772335026,kamailio,chatafl_opt,1,l_abs,16036
1772335026,kamailio,chatafl_opt,1,b_per,1.6
1772335026,kamailio,chatafl_opt,1,b_abs,9243
1772335029,kamailio,chatafl_opt,1,l_per,6.8
1772335029,kamailio,chatafl_opt,1,l_abs,16036
1772335029,kamailio,chatafl_opt,1,b_per,1.6
1772335029,kamailio,chatafl_opt,1,b_abs,9243
1772335034,kamailio,chatafl_opt,1,l_per,6.8
1772335034,kamailio,chatafl_opt,1,l_abs,16036
1772335034,kamailio,chatafl_opt,1,b_per,1.6
1772335034,kamailio,chatafl_opt,1,b_abs,9244
1772335039,kamailio,chatafl_opt,1,l_per,6.8
1772335039,kamailio,chatafl_opt,1,l_abs,16036
1772335039,kamailio,chatafl_opt,1,b_per,1.6
1772335039,kamailio,chatafl_opt,1,b_abs,9244
1772335042,kamailio,chatafl_opt,1,l_per,6.8
1772335042,kamailio,chatafl_opt,1,l_abs,16036
1772335042,kamailio,chatafl_opt,1,b_per,1.6
1772335042,kamailio,chatafl_opt,1,b_abs,9244
1772335046,kamailio,chatafl_opt,1,l_per,6.8
1772335046,kamailio,chatafl_opt,1,l_abs,16036
1772335046,kamailio,chatafl_opt,1,b_per,1.6
1772335046,kamailio,chatafl_opt,1,b_abs,9244
1772335048,kamailio,chatafl_opt,1,l_per,6.8
1772335048,kamailio,chatafl_opt,1,l_abs,16036
1772335048,kamailio,chatafl_opt,1,b_per,1.6
1772335048,kamailio,chatafl_opt,1,b_abs,9246
1772335056,kamailio,chatafl_opt,1,l_per,6.8
1772335056,kamailio,chatafl_opt,1,l_abs,16036
1772335056,kamailio,chatafl_opt,1,b_per,1.6
1772335056,kamailio,chatafl_opt,1,b_abs,9246
1772335064,kamailio,chatafl_opt,1,l_per,6.8
1772335064,kamailio,chatafl_opt,1,l_abs,16036
1772335064,kamailio,chatafl_opt,1,b_per,1.6
1772335064,kamailio,chatafl_opt,1,b_abs,9246
1772335066,kamailio,chatafl_opt,1,l_per,6.8
1772335066,kamailio,chatafl_opt,1,l_abs,16036
1772335066,kamailio,chatafl_opt,1,b_per,1.6
1772335066,kamailio,chatafl_opt,1,b_abs,9246
1772335068,kamailio,chatafl_opt,1,l_per,6.8
1772335068,kamailio,chatafl_opt,1,l_abs,16036
1772335068,kamailio,chatafl_opt,1,b_per,1.6
1772335068,kamailio,chatafl_opt,1,b_abs,9246
1772335070,kamailio,chatafl_opt,1,l_per,6.8
1772335070,kamailio,chatafl_opt,1,l_abs,16036
1772335070,kamailio,chatafl_opt,1,b_per,1.6
1772335070,kamailio,chatafl_opt,1,b_abs,9246
1772335075,kamailio,chatafl_opt,1,l_per,6.8
1772335075,kamailio,chatafl_opt,1,l_abs,16038
1772335075,kamailio,chatafl_opt,1,b_per,1.6
1772335075,kamailio,chatafl_opt,1,b_abs,9248
1772335077,kamailio,chatafl_opt,1,l_per,6.8
1772335077,kamailio,chatafl_opt,1,l_abs,16038
1772335077,kamailio,chatafl_opt,1,b_per,1.6
1772335077,kamailio,chatafl_opt,1,b_abs,9248
1772335080,kamailio,chatafl_opt,1,l_per,6.8
1772335080,kamailio,chatafl_opt,1,l_abs,16038
1772335080,kamailio,chatafl_opt,1,b_per,1.6
1772335080,kamailio,chatafl_opt,1,b_abs,9249
1772335083,kamailio,chatafl_opt,1,l_per,6.8
1772335083,kamailio,chatafl_opt,1,l_abs,16038
1772335083,kamailio,chatafl_opt,1,b_per,1.6
1772335083,kamailio,chatafl_opt,1,b_abs,9249
1772335087,kamailio,chatafl_opt,1,l_per,6.8
1772335087,kamailio,chatafl_opt,1,l_abs,16038
1772335087,kamailio,chatafl_opt,1,b_per,1.6
1772335087,kamailio,chatafl_opt,1,b_abs,9249
1772335095,kamailio,chatafl_opt,1,l_per,6.8
1772335095,kamailio,chatafl_opt,1,l_abs,16038
1772335095,kamailio,chatafl_opt,1,b_per,1.6
1772335095,kamailio,chatafl_opt,1,b_abs,9249
1772335099,kamailio,chatafl_opt,1,l_per,6.8
1772335099,kamailio,chatafl_opt,1,l_abs,16038
1772335099,kamailio,chatafl_opt,1,b_per,1.6
1772335099,kamailio,chatafl_opt,1,b_abs,9249
1772335102,kamailio,chatafl_opt,1,l_per,6.8
1772335102,kamailio,chatafl_opt,1,l_abs,16043
1772335102,kamailio,chatafl_opt,1,b_per,1.6
1772335102,kamailio,chatafl_opt,1,b_abs,9250
1772335113,kamailio,chatafl_opt,1,l_per,6.8
1772335113,kamailio,chatafl_opt,1,l_abs,16043
1772335113,kamailio,chatafl_opt,1,b_per,1.6
1772335113,kamailio,chatafl_opt,1,b_abs,9250
1772335115,kamailio,chatafl_opt,1,l_per,6.8
1772335115,kamailio,chatafl_opt,1,l_abs,16043
1772335115,kamailio,chatafl_opt,1,b_per,1.6
1772335115,kamailio,chatafl_opt,1,b_abs,9250
1772335117,kamailio,chatafl_opt,1,l_per,6.8
1772335117,kamailio,chatafl_opt,1,l_abs,16043
1772335117,kamailio,chatafl_opt,1,b_per,1.6
1772335117,kamailio,chatafl_opt,1,b_abs,9250
1772335127,kamailio,chatafl_opt,1,l_per,6.8
1772335127,kamailio,chatafl_opt,1,l_abs,16043
1772335127,kamailio,chatafl_opt,1,b_per,1.6
1772335127,kamailio,chatafl_opt,1,b_abs,9251
1772335134,kamailio,chatafl_opt,1,l_per,6.8
1772335134,kamailio,chatafl_opt,1,l_abs,16043
1772335134,kamailio,chatafl_opt,1,b_per,1.6
1772335134,kamailio,chatafl_opt,1,b_abs,9253
1772335138,kamailio,chatafl_opt,1,l_per,6.8
1772335138,kamailio,chatafl_opt,1,l_abs,16043
1772335138,kamailio,chatafl_opt,1,b_per,1.6
1772335138,kamailio,chatafl_opt,1,b_abs,9253
1772335141,kamailio,chatafl_opt,1,l_per,6.8
1772335141,kamailio,chatafl_opt,1,l_abs,16043
1772335141,kamailio,chatafl_opt,1,b_per,1.6
1772335141,kamailio,chatafl_opt,1,b_abs,9253
1772335158,kamailio,chatafl_opt,1,l_per,6.8
1772335158,kamailio,chatafl_opt,1,l_abs,16043
1772335158,kamailio,chatafl_opt,1,b_per,1.6
1772335158,kamailio,chatafl_opt,1,b_abs,9253
1772335164,kamailio,chatafl_opt,1,l_per,6.8
1772335164,kamailio,chatafl_opt,1,l_abs,16043
1772335164,kamailio,chatafl_opt,1,b_per,1.6
1772335164,kamailio,chatafl_opt,1,b_abs,9254
1772335166,kamailio,chatafl_opt,1,l_per,6.8
1772335166,kamailio,chatafl_opt,1,l_abs,16043
1772335166,kamailio,chatafl_opt,1,b_per,1.6
1772335166,kamailio,chatafl_opt,1,b_abs,9256
1772335168,kamailio,chatafl_opt,1,l_per,6.8
1772335168,kamailio,chatafl_opt,1,l_abs,16043
1772335168,kamailio,chatafl_opt,1,b_per,1.6
1772335168,kamailio,chatafl_opt,1,b_abs,9258
1772335176,kamailio,chatafl_opt,1,l_per,6.8
1772335176,kamailio,chatafl_opt,1,l_abs,16046
1772335176,kamailio,chatafl_opt,1,b_per,1.6
1772335176,kamailio,chatafl_opt,1,b_abs,9259
1772335189,kamailio,chatafl_opt,1,l_per,6.8
1772335189,kamailio,chatafl_opt,1,l_abs,16046
1772335189,kamailio,chatafl_opt,1,b_per,1.6
1772335189,kamailio,chatafl_opt,1,b_abs,9259
1772335191,kamailio,chatafl_opt,1,l_per,6.8
1772335191,kamailio,chatafl_opt,1,l_abs,16046
1772335191,kamailio,chatafl_opt,1,b_per,1.6
1772335191,kamailio,chatafl_opt,1,b_abs,9259
1772335193,kamailio,chatafl_opt,1,l_per,6.8
1772335193,kamailio,chatafl_opt,1,l_abs,16046
1772335193,kamailio,chatafl_opt,1,b_per,1.6
1772335193,kamailio,chatafl_opt,1,b_abs,9259
1772335196,kamailio,chatafl_opt,1,l_per,6.8
1772335196,kamailio,chatafl_opt,1,l_abs,16046
1772335196,kamailio,chatafl_opt,1,b_per,1.6
1772335196,kamailio,chatafl_opt,1,b_abs,9259
1772335198,kamailio,chatafl_opt,1,l_per,6.8
1772335198,kamailio,chatafl_opt,1,l_abs,16046
1772335198,kamailio,chatafl_opt,1,b_per,1.6
1772335198,kamailio,chatafl_opt,1,b_abs,9259
1772335201,kamailio,chatafl_opt,1,l_per,6.8
1772335201,kamailio,chatafl_opt,1,l_abs,16046
1772335201,kamailio,chatafl_opt,1,b_per,1.6
1772335201,kamailio,chatafl_opt,1,b_abs,9259
1772335204,kamailio,chatafl_opt,1,l_per,6.8
1772335204,kamailio,chatafl_opt,1,l_abs,16046
1772335204,kamailio,chatafl_opt,1,b_per,1.6
1772335204,kamailio,chatafl_opt,1,b_abs,9259
1772335207,kamailio,chatafl_opt,1,l_per,6.8
1772335207,kamailio,chatafl_opt,1,l_abs,16046
1772335207,kamailio,chatafl_opt,1,b_per,1.6
1772335207,kamailio,chatafl_opt,1,b_abs,9259
1772335215,kamailio,chatafl_opt,1,l_per,6.8
1772335215,kamailio,chatafl_opt,1,l_abs,16049
1772335215,kamailio,chatafl_opt,1,b_per,1.6
1772335215,kamailio,chatafl_opt,1,b_abs,9260
1772335220,kamailio,chatafl_opt,1,l_per,6.8
1772335220,kamailio,chatafl_opt,1,l_abs,16049
1772335220,kamailio,chatafl_opt,1,b_per,1.6
1772335220,kamailio,chatafl_opt,1,b_abs,9260
1772335222,kamailio,chatafl_opt,1,l_per,6.8
1772335222,kamailio,chatafl_opt,1,l_abs,16051
1772335222,kamailio,chatafl_opt,1,b_per,1.6
1772335222,kamailio,chatafl_opt,1,b_abs,9261
1772335225,kamailio,chatafl_opt,1,l_per,6.8
1772335225,kamailio,chatafl_opt,1,l_abs,16051
1772335225,kamailio,chatafl_opt,1,b_per,1.6
1772335225,kamailio,chatafl_opt,1,b_abs,9261
1772335229,kamailio,chatafl_opt,1,l_per,6.8
1772335229,kamailio,chatafl_opt,1,l_abs,16051
1772335229,kamailio,chatafl_opt,1,b_per,1.6
1772335229,kamailio,chatafl_opt,1,b_abs,9261
1772335238,kamailio,chatafl_opt,1,l_per,6.8
1772335238,kamailio,chatafl_opt,1,l_abs,16051
1772335238,kamailio,chatafl_opt,1,b_per,1.6
1772335238,kamailio,chatafl_opt,1,b_abs,9261
1772335241,kamailio,chatafl_opt,1,l_per,6.8
1772335241,kamailio,chatafl_opt,1,l_abs,16051
1772335241,kamailio,chatafl_opt,1,b_per,1.6
1772335241,kamailio,chatafl_opt,1,b_abs,9261
1772335244,kamailio,chatafl_opt,1,l_per,6.8
1772335244,kamailio,chatafl_opt,1,l_abs,16051
1772335244,kamailio,chatafl_opt,1,b_per,1.6
1772335244,kamailio,chatafl_opt,1,b_abs,9261
1772335246,kamailio,chatafl_opt,1,l_per,6.8
1772335246,kamailio,chatafl_opt,1,l_abs,16051
1772335246,kamailio,chatafl_opt,1,b_per,1.6
1772335246,kamailio,chatafl_opt,1,b_abs,9261
1772335252,kamailio,chatafl_opt,1,l_per,6.8
1772335252,kamailio,chatafl_opt,1,l_abs,16051
1772335252,kamailio,chatafl_opt,1,b_per,1.6
1772335252,kamailio,chatafl_opt,1,b_abs,9261
1772335257,kamailio,chatafl_opt,1,l_per,6.8
1772335257,kamailio,chatafl_opt,1,l_abs,16051
1772335257,kamailio,chatafl_opt,1,b_per,1.6
1772335257,kamailio,chatafl_opt,1,b_abs,9261
1772335259,kamailio,chatafl_opt,1,l_per,6.8
1772335259,kamailio,chatafl_opt,1,l_abs,16051
1772335259,kamailio,chatafl_opt,1,b_per,1.6
1772335259,kamailio,chatafl_opt,1,b_abs,9261
1772335268,kamailio,chatafl_opt,1,l_per,6.8
1772335268,kamailio,chatafl_opt,1,l_abs,16051
1772335268,kamailio,chatafl_opt,1,b_per,1.6
1772335268,kamailio,chatafl_opt,1,b_abs,9261
1772335271,kamailio,chatafl_opt,1,l_per,6.8
1772335271,kamailio,chatafl_opt,1,l_abs,16054
1772335271,kamailio,chatafl_opt,1,b_per,1.6
1772335271,kamailio,chatafl_opt,1,b_abs,9262
1772335275,kamailio,chatafl_opt,1,l_per,6.8
1772335275,kamailio,chatafl_opt,1,l_abs,16054
1772335275,kamailio,chatafl_opt,1,b_per,1.6
1772335275,kamailio,chatafl_opt,1,b_abs,9262
1772335282,kamailio,chatafl_opt,1,l_per,6.8
1772335282,kamailio,chatafl_opt,1,l_abs,16054
1772335282,kamailio,chatafl_opt,1,b_per,1.6
1772335282,kamailio,chatafl_opt,1,b_abs,9262
1772335287,kamailio,chatafl_opt,1,l_per,6.8
1772335287,kamailio,chatafl_opt,1,l_abs,16054
1772335287,kamailio,chatafl_opt,1,b_per,1.6
1772335287,kamailio,chatafl_opt,1,b_abs,9262
1772335290,kamailio,chatafl_opt,1,l_per,6.8
1772335290,kamailio,chatafl_opt,1,l_abs,16054
1772335290,kamailio,chatafl_opt,1,b_per,1.6
1772335290,kamailio,chatafl_opt,1,b_abs,9262
1772335294,kamailio,chatafl_opt,1,l_per,6.8
1772335294,kamailio,chatafl_opt,1,l_abs,16054
1772335294,kamailio,chatafl_opt,1,b_per,1.6
1772335294,kamailio,chatafl_opt,1,b_abs,9262
1772335296,kamailio,chatafl_opt,1,l_per,6.8
1772335296,kamailio,chatafl_opt,1,l_abs,16054
1772335296,kamailio,chatafl_opt,1,b_per,1.6
1772335296,kamailio,chatafl_opt,1,b_abs,9262
1772335310,kamailio,chatafl_opt,1,l_per,6.8
1772335310,kamailio,chatafl_opt,1,l_abs,16054
1772335310,kamailio,chatafl_opt,1,b_per,1.6
1772335310,kamailio,chatafl_opt,1,b_abs,9262
1772335324,kamailio,chatafl_opt,1,l_per,6.8
1772335324,kamailio,chatafl_opt,1,l_abs,16054
1772335324,kamailio,chatafl_opt,1,b_per,1.6
1772335324,kamailio,chatafl_opt,1,b_abs,9262
1772335373,kamailio,chatafl_opt,1,l_per,6.8
1772335373,kamailio,chatafl_opt,1,l_abs,16054
1772335373,kamailio,chatafl_opt,1,b_per,1.6
1772335373,kamailio,chatafl_opt,1,b_abs,9262
1772335375,kamailio,chatafl_opt,1,l_per,6.8
1772335375,kamailio,chatafl_opt,1,l_abs,16054
1772335375,kamailio,chatafl_opt,1,b_per,1.6
1772335375,kamailio,chatafl_opt,1,b_abs,9263
1772335379,kamailio,chatafl_opt,1,l_per,6.8
1772335379,kamailio,chatafl_opt,1,l_abs,16054
1772335379,kamailio,chatafl_opt,1,b_per,1.6
1772335379,kamailio,chatafl_opt,1,b_abs,9263
1772335387,kamailio,chatafl_opt,1,l_per,6.8
1772335387,kamailio,chatafl_opt,1,l_abs,16054
1772335387,kamailio,chatafl_opt,1,b_per,1.6
1772335387,kamailio,chatafl_opt,1,b_abs,9263
1772335392,kamailio,chatafl_opt,1,l_per,6.8
1772335392,kamailio,chatafl_opt,1,l_abs,16054
1772335392,kamailio,chatafl_opt,1,b_per,1.6
1772335392,kamailio,chatafl_opt,1,b_abs,9263
1772335394,kamailio,chatafl_opt,1,l_per,6.8
1772335394,kamailio,chatafl_opt,1,l_abs,16054
1772335394,kamailio,chatafl_opt,1,b_per,1.6
1772335394,kamailio,chatafl_opt,1,b_abs,9263
1772335396,kamailio,chatafl_opt,1,l_per,6.8
1772335396,kamailio,chatafl_opt,1,l_abs,16054
1772335396,kamailio,chatafl_opt,1,b_per,1.6
1772335396,kamailio,chatafl_opt,1,b_abs,9263
1772335399,kamailio,chatafl_opt,1,l_per,6.8
1772335399,kamailio,chatafl_opt,1,l_abs,16057
1772335399,kamailio,chatafl_opt,1,b_per,1.6
1772335399,kamailio,chatafl_opt,1,b_abs,9272
1772335407,kamailio,chatafl_opt,1,l_per,6.8
1772335407,kamailio,chatafl_opt,1,l_abs,16057
1772335407,kamailio,chatafl_opt,1,b_per,1.6
1772335407,kamailio,chatafl_opt,1,b_abs,9272
1772335410,kamailio,chatafl_opt,1,l_per,6.8
1772335410,kamailio,chatafl_opt,1,l_abs,16059
1772335410,kamailio,chatafl_opt,1,b_per,1.6
1772335410,kamailio,chatafl_opt,1,b_abs,9281
1772335412,kamailio,chatafl_opt,1,l_per,6.8
1772335412,kamailio,chatafl_opt,1,l_abs,16059
1772335412,kamailio,chatafl_opt,1,b_per,1.6
1772335412,kamailio,chatafl_opt,1,b_abs,9281
1772335418,kamailio,chatafl_opt,1,l_per,6.8
1772335418,kamailio,chatafl_opt,1,l_abs,16059
1772335418,kamailio,chatafl_opt,1,b_per,1.6
1772335418,kamailio,chatafl_opt,1,b_abs,9281
1772335420,kamailio,chatafl_opt,1,l_per,6.8
1772335420,kamailio,chatafl_opt,1,l_abs,16059
1772335420,kamailio,chatafl_opt,1,b_per,1.6
1772335420,kamailio,chatafl_opt,1,b_abs,9281
1772335425,kamailio,chatafl_opt,1,l_per,6.8
1772335425,kamailio,chatafl_opt,1,l_abs,16059
1772335425,kamailio,chatafl_opt,1,b_per,1.6
1772335425,kamailio,chatafl_opt,1,b_abs,9281
1772335431,kamailio,chatafl_opt,1,l_per,6.8
1772335431,kamailio,chatafl_opt,1,l_abs,16059
1772335431,kamailio,chatafl_opt,1,b_per,1.6
1772335431,kamailio,chatafl_opt,1,b_abs,9281
1772335435,kamailio,chatafl_opt,1,l_per,6.8
1772335435,kamailio,chatafl_opt,1,l_abs,16059
1772335435,kamailio,chatafl_opt,1,b_per,1.6
1772335435,kamailio,chatafl_opt,1,b_abs,9281
1772335440,kamailio,chatafl_opt,1,l_per,6.8
1772335440,kamailio,chatafl_opt,1,l_abs,16059
1772335440,kamailio,chatafl_opt,1,b_per,1.6
1772335440,kamailio,chatafl_opt,1,b_abs,9283
1772335447,kamailio,chatafl_opt,1,l_per,6.8
1772335447,kamailio,chatafl_opt,1,l_abs,16059
1772335447,kamailio,chatafl_opt,1,b_per,1.6
1772335447,kamailio,chatafl_opt,1,b_abs,9283
1772335449,kamailio,chatafl_opt,1,l_per,6.8
1772335449,kamailio,chatafl_opt,1,l_abs,16059
1772335449,kamailio,chatafl_opt,1,b_per,1.6
1772335449,kamailio,chatafl_opt,1,b_abs,9283
1772335451,kamailio,chatafl_opt,1,l_per,6.8
1772335451,kamailio,chatafl_opt,1,l_abs,16059
1772335451,kamailio,chatafl_opt,1,b_per,1.6
1772335451,kamailio,chatafl_opt,1,b_abs,9283
1772335454,kamailio,chatafl_opt,1,l_per,6.8
1772335454,kamailio,chatafl_opt,1,l_abs,16059
1772335454,kamailio,chatafl_opt,1,b_per,1.6
1772335454,kamailio,chatafl_opt,1,b_abs,9283
1772335459,kamailio,chatafl_opt,1,l_per,6.8
1772335459,kamailio,chatafl_opt,1,l_abs,16059
1772335459,kamailio,chatafl_opt,1,b_per,1.6
1772335459,kamailio,chatafl_opt,1,b_abs,9285
1772335462,kamailio,chatafl_opt,1,l_per,6.8
1772335462,kamailio,chatafl_opt,1,l_abs,16059
1772335462,kamailio,chatafl_opt,1,b_per,1.6
1772335462,kamailio,chatafl_opt,1,b_abs,9285
1772335465,kamailio,chatafl_opt,1,l_per,6.8
1772335465,kamailio,chatafl_opt,1,l_abs,16065
1772335465,kamailio,chatafl_opt,1,b_per,1.6
1772335465,kamailio,chatafl_opt,1,b_abs,9292
1772335468,kamailio,chatafl_opt,1,l_per,6.8
1772335468,kamailio,chatafl_opt,1,l_abs,16065
1772335468,kamailio,chatafl_opt,1,b_per,1.6
1772335468,kamailio,chatafl_opt,1,b_abs,9292
1772335474,kamailio,chatafl_opt,1,l_per,6.8
1772335474,kamailio,chatafl_opt,1,l_abs,16068
1772335474,kamailio,chatafl_opt,1,b_per,1.6
1772335474,kamailio,chatafl_opt,1,b_abs,9293
1772335476,kamailio,chatafl_opt,1,l_per,6.8
1772335476,kamailio,chatafl_opt,1,l_abs,16068
1772335476,kamailio,chatafl_opt,1,b_per,1.6
1772335476,kamailio,chatafl_opt,1,b_abs,9293
1772335479,kamailio,chatafl_opt,1,l_per,6.8
1772335479,kamailio,chatafl_opt,1,l_abs,16068
1772335479,kamailio,chatafl_opt,1,b_per,1.6
1772335479,kamailio,chatafl_opt,1,b_abs,9293
1772335482,kamailio,chatafl_opt,1,l_per,6.8
1772335482,kamailio,chatafl_opt,1,l_abs,16068
1772335482,kamailio,chatafl_opt,1,b_per,1.6
1772335482,kamailio,chatafl_opt,1,b_abs,9293
1772335485,kamailio,chatafl_opt,1,l_per,6.8
1772335485,kamailio,chatafl_opt,1,l_abs,16068
1772335485,kamailio,chatafl_opt,1,b_per,1.6
1772335485,kamailio,chatafl_opt,1,b_abs,9293
1772335491,kamailio,chatafl_opt,1,l_per,6.8
1772335491,kamailio,chatafl_opt,1,l_abs,16068
1772335491,kamailio,chatafl_opt,1,b_per,1.6
1772335491,kamailio,chatafl_opt,1,b_abs,9293
1772335494,kamailio,chatafl_opt,1,l_per,6.8
1772335494,kamailio,chatafl_opt,1,l_abs,16070
1772335494,kamailio,chatafl_opt,1,b_per,1.6
1772335494,kamailio,chatafl_opt,1,b_abs,9302
1772335499,kamailio,chatafl_opt,1,l_per,6.8
1772335499,kamailio,chatafl_opt,1,l_abs,16070
1772335499,kamailio,chatafl_opt,1,b_per,1.6
1772335499,kamailio,chatafl_opt,1,b_abs,9302
1772335505,kamailio,chatafl_opt,1,l_per,6.8
1772335505,kamailio,chatafl_opt,1,l_abs,16070
1772335505,kamailio,chatafl_opt,1,b_per,1.6
1772335505,kamailio,chatafl_opt,1,b_abs,9302
1772335511,kamailio,chatafl_opt,1,l_per,6.8
1772335511,kamailio,chatafl_opt,1,l_abs,16070
1772335511,kamailio,chatafl_opt,1,b_per,1.6
1772335511,kamailio,chatafl_opt,1,b_abs,9302
1772335515,kamailio,chatafl_opt,1,l_per,6.8
1772335515,kamailio,chatafl_opt,1,l_abs,16070
1772335515,kamailio,chatafl_opt,1,b_per,1.6
1772335515,kamailio,chatafl_opt,1,b_abs,9302
1772335517,kamailio,chatafl_opt,1,l_per,6.8
1772335517,kamailio,chatafl_opt,1,l_abs,16070
1772335517,kamailio,chatafl_opt,1,b_per,1.6
1772335517,kamailio,chatafl_opt,1,b_abs,9302
1772335519,kamailio,chatafl_opt,1,l_per,6.8
1772335519,kamailio,chatafl_opt,1,l_abs,16070
1772335519,kamailio,chatafl_opt,1,b_per,1.6
1772335519,kamailio,chatafl_opt,1,b_abs,9302
1772335527,kamailio,chatafl_opt,1,l_per,6.8
1772335527,kamailio,chatafl_opt,1,l_abs,16070
1772335527,kamailio,chatafl_opt,1,b_per,1.6
1772335527,kamailio,chatafl_opt,1,b_abs,9302
1772335530,kamailio,chatafl_opt,1,l_per,6.8
1772335530,kamailio,chatafl_opt,1,l_abs,16070
1772335530,kamailio,chatafl_opt,1,b_per,1.6
1772335530,kamailio,chatafl_opt,1,b_abs,9304
1772335532,kamailio,chatafl_opt,1,l_per,6.8
1772335532,kamailio,chatafl_opt,1,l_abs,16070
1772335532,kamailio,chatafl_opt,1,b_per,1.6
1772335532,kamailio,chatafl_opt,1,b_abs,9304
1772335534,kamailio,chatafl_opt,1,l_per,6.8
1772335534,kamailio,chatafl_opt,1,l_abs,16070
1772335534,kamailio,chatafl_opt,1,b_per,1.6
1772335534,kamailio,chatafl_opt,1,b_abs,9304
1772335537,kamailio,chatafl_opt,1,l_per,6.8
1772335537,kamailio,chatafl_opt,1,l_abs,16070
1772335537,kamailio,chatafl_opt,1,b_per,1.6
1772335537,kamailio,chatafl_opt,1,b_abs,9305
1772335547,kamailio,chatafl_opt,1,l_per,6.8
1772335547,kamailio,chatafl_opt,1,l_abs,16070
1772335547,kamailio,chatafl_opt,1,b_per,1.6
1772335547,kamailio,chatafl_opt,1,b_abs,9305
1772335552,kamailio,chatafl_opt,1,l_per,6.8
1772335552,kamailio,chatafl_opt,1,l_abs,16070
1772335552,kamailio,chatafl_opt,1,b_per,1.6
1772335552,kamailio,chatafl_opt,1,b_abs,9305
1772335554,kamailio,chatafl_opt,1,l_per,6.8
1772335554,kamailio,chatafl_opt,1,l_abs,16070
1772335554,kamailio,chatafl_opt,1,b_per,1.6
1772335554,kamailio,chatafl_opt,1,b_abs,9305
1772335558,kamailio,chatafl_opt,1,l_per,6.8
1772335558,kamailio,chatafl_opt,1,l_abs,16070
1772335558,kamailio,chatafl_opt,1,b_per,1.6
1772335558,kamailio,chatafl_opt,1,b_abs,9305
1772335561,kamailio,chatafl_opt,1,l_per,6.8
1772335561,kamailio,chatafl_opt,1,l_abs,16070
1772335561,kamailio,chatafl_opt,1,b_per,1.6
1772335561,kamailio,chatafl_opt,1,b_abs,9305
1772335565,kamailio,chatafl_opt,1,l_per,6.8
1772335565,kamailio,chatafl_opt,1,l_abs,16070
1772335565,kamailio,chatafl_opt,1,b_per,1.6
1772335565,kamailio,chatafl_opt,1,b_abs,9305
1772335568,kamailio,chatafl_opt,1,l_per,6.8
1772335568,kamailio,chatafl_opt,1,l_abs,16070
1772335568,kamailio,chatafl_opt,1,b_per,1.6
1772335568,kamailio,chatafl_opt,1,b_abs,9305
1772335571,kamailio,chatafl_opt,1,l_per,6.8
1772335571,kamailio,chatafl_opt,1,l_abs,16070
1772335571,kamailio,chatafl_opt,1,b_per,1.6
1772335571,kamailio,chatafl_opt,1,b_abs,9305
1772335574,kamailio,chatafl_opt,1,l_per,6.8
1772335574,kamailio,chatafl_opt,1,l_abs,16072
1772335574,kamailio,chatafl_opt,1,b_per,1.6
1772335574,kamailio,chatafl_opt,1,b_abs,9315
1772335578,kamailio,chatafl_opt,1,l_per,6.8
1772335578,kamailio,chatafl_opt,1,l_abs,16072
1772335578,kamailio,chatafl_opt,1,b_per,1.6
1772335578,kamailio,chatafl_opt,1,b_abs,9315
1772335588,kamailio,chatafl_opt,1,l_per,6.8
1772335588,kamailio,chatafl_opt,1,l_abs,16075
1772335588,kamailio,chatafl_opt,1,b_per,1.6
1772335588,kamailio,chatafl_opt,1,b_abs,9319
1772335592,kamailio,chatafl_opt,1,l_per,6.8
1772335592,kamailio,chatafl_opt,1,l_abs,16075
1772335592,kamailio,chatafl_opt,1,b_per,1.6
1772335592,kamailio,chatafl_opt,1,b_abs,9319
1772335594,kamailio,chatafl_opt,1,l_per,6.8
1772335594,kamailio,chatafl_opt,1,l_abs,16075
1772335594,kamailio,chatafl_opt,1,b_per,1.6
1772335594,kamailio,chatafl_opt,1,b_abs,9319
1772335598,kamailio,chatafl_opt,1,l_per,6.8
1772335598,kamailio,chatafl_opt,1,l_abs,16075
1772335598,kamailio,chatafl_opt,1,b_per,1.6
1772335598,kamailio,chatafl_opt,1,b_abs,9319
1772335602,kamailio,chatafl_opt,1,l_per,6.8
1772335602,kamailio,chatafl_opt,1,l_abs,16075
1772335602,kamailio,chatafl_opt,1,b_per,1.6
1772335602,kamailio,chatafl_opt,1,b_abs,9319
1772335604,kamailio,chatafl_opt,1,l_per,6.8
1772335604,kamailio,chatafl_opt,1,l_abs,16075
1772335604,kamailio,chatafl_opt,1,b_per,1.6
1772335604,kamailio,chatafl_opt,1,b_abs,9319
1772335606,kamailio,chatafl_opt,1,l_per,6.8
1772335606,kamailio,chatafl_opt,1,l_abs,16075
1772335606,kamailio,chatafl_opt,1,b_per,1.6
1772335606,kamailio,chatafl_opt,1,b_abs,9319
1772335608,kamailio,chatafl_opt,1,l_per,6.8
1772335608,kamailio,chatafl_opt,1,l_abs,16075
1772335608,kamailio,chatafl_opt,1,b_per,1.6
1772335608,kamailio,chatafl_opt,1,b_abs,9319
1772335614,kamailio,chatafl_opt,1,l_per,6.8
1772335614,kamailio,chatafl_opt,1,l_abs,16083
1772335614,kamailio,chatafl_opt,1,b_per,1.6
1772335614,kamailio,chatafl_opt,1,b_abs,9341
1772335616,kamailio,chatafl_opt,1,l_per,6.8
1772335616,kamailio,chatafl_opt,1,l_abs,16083
1772335616,kamailio,chatafl_opt,1,b_per,1.6
1772335616,kamailio,chatafl_opt,1,b_abs,9341
1772335620,kamailio,chatafl_opt,1,l_per,6.8
1772335620,kamailio,chatafl_opt,1,l_abs,16083
1772335620,kamailio,chatafl_opt,1,b_per,1.6
1772335620,kamailio,chatafl_opt,1,b_abs,9341
1772335624,kamailio,chatafl_opt,1,l_per,6.8
1772335624,kamailio,chatafl_opt,1,l_abs,16083
1772335624,kamailio,chatafl_opt,1,b_per,1.6
1772335624,kamailio,chatafl_opt,1,b_abs,9342
1772335633,kamailio,chatafl_opt,1,l_per,6.8
1772335633,kamailio,chatafl_opt,1,l_abs,16083
1772335633,kamailio,chatafl_opt,1,b_per,1.6
1772335633,kamailio,chatafl_opt,1,b_abs,9342
1772335636,kamailio,chatafl_opt,1,l_per,6.8
1772335636,kamailio,chatafl_opt,1,l_abs,16090
1772335636,kamailio,chatafl_opt,1,b_per,1.6
1772335636,kamailio,chatafl_opt,1,b_abs,9343
1772335638,kamailio,chatafl_opt,1,l_per,6.8
1772335638,kamailio,chatafl_opt,1,l_abs,16093
1772335638,kamailio,chatafl_opt,1,b_per,1.6
1772335638,kamailio,chatafl_opt,1,b_abs,9344
1772335655,kamailio,chatafl_opt,1,l_per,6.8
1772335655,kamailio,chatafl_opt,1,l_abs,16093
1772335655,kamailio,chatafl_opt,1,b_per,1.6
1772335655,kamailio,chatafl_opt,1,b_abs,9344
1772335657,kamailio,chatafl_opt,1,l_per,6.8
1772335657,kamailio,chatafl_opt,1,l_abs,16093
1772335657,kamailio,chatafl_opt,1,b_per,1.6
1772335657,kamailio,chatafl_opt,1,b_abs,9344
1772335661,kamailio,chatafl_opt,1,l_per,6.8
1772335661,kamailio,chatafl_opt,1,l_abs,16093
1772335661,kamailio,chatafl_opt,1,b_per,1.6
1772335661,kamailio,chatafl_opt,1,b_abs,9345
1772335664,kamailio,chatafl_opt,1,l_per,6.8
1772335664,kamailio,chatafl_opt,1,l_abs,16093
1772335664,kamailio,chatafl_opt,1,b_per,1.6
1772335664,kamailio,chatafl_opt,1,b_abs,9347
1772335666,kamailio,chatafl_opt,1,l_per,6.8
1772335666,kamailio,chatafl_opt,1,l_abs,16093
1772335666,kamailio,chatafl_opt,1,b_per,1.6
1772335666,kamailio,chatafl_opt,1,b_abs,9347
1772335677,kamailio,chatafl_opt,1,l_per,6.8
1772335677,kamailio,chatafl_opt,1,l_abs,16093
1772335677,kamailio,chatafl_opt,1,b_per,1.6
1772335677,kamailio,chatafl_opt,1,b_abs,9348
1772335685,kamailio,chatafl_opt,1,l_per,6.8
1772335685,kamailio,chatafl_opt,1,l_abs,16093
1772335685,kamailio,chatafl_opt,1,b_per,1.6
1772335685,kamailio,chatafl_opt,1,b_abs,9348
1772335688,kamailio,chatafl_opt,1,l_per,6.8
1772335688,kamailio,chatafl_opt,1,l_abs,16093
1772335688,kamailio,chatafl_opt,1,b_per,1.6
1772335688,kamailio,chatafl_opt,1,b_abs,9348
1772335690,kamailio,chatafl_opt,1,l_per,6.8
1772335690,kamailio,chatafl_opt,1,l_abs,16093
1772335690,kamailio,chatafl_opt,1,b_per,1.6
1772335690,kamailio,chatafl_opt,1,b_abs,9348
1772335695,kamailio,chatafl_opt,1,l_per,6.8
1772335695,kamailio,chatafl_opt,1,l_abs,16093
1772335695,kamailio,chatafl_opt,1,b_per,1.6
1772335695,kamailio,chatafl_opt,1,b_abs,9351
1772335706,kamailio,chatafl_opt,1,l_per,6.8
1772335706,kamailio,chatafl_opt,1,l_abs,16093
1772335706,kamailio,chatafl_opt,1,b_per,1.6
1772335706,kamailio,chatafl_opt,1,b_abs,9351
1772335710,kamailio,chatafl_opt,1,l_per,6.8
1772335710,kamailio,chatafl_opt,1,l_abs,16093
1772335710,kamailio,chatafl_opt,1,b_per,1.6
1772335710,kamailio,chatafl_opt,1,b_abs,9351
1772335713,kamailio,chatafl_opt,1,l_per,6.8
1772335713,kamailio,chatafl_opt,1,l_abs,16093
1772335713,kamailio,chatafl_opt,1,b_per,1.6
1772335713,kamailio,chatafl_opt,1,b_abs,9351
1772335717,kamailio,chatafl_opt,1,l_per,6.8
1772335717,kamailio,chatafl_opt,1,l_abs,16093
1772335717,kamailio,chatafl_opt,1,b_per,1.6
1772335717,kamailio,chatafl_opt,1,b_abs,9351
1772335721,kamailio,chatafl_opt,1,l_per,6.8
1772335721,kamailio,chatafl_opt,1,l_abs,16093
1772335721,kamailio,chatafl_opt,1,b_per,1.6
1772335721,kamailio,chatafl_opt,1,b_abs,9351
1772335723,kamailio,chatafl_opt,1,l_per,6.8
1772335723,kamailio,chatafl_opt,1,l_abs,16095
1772335723,kamailio,chatafl_opt,1,b_per,1.6
1772335723,kamailio,chatafl_opt,1,b_abs,9361
1772335725,kamailio,chatafl_opt,1,l_per,6.8
1772335725,kamailio,chatafl_opt,1,l_abs,16095
1772335725,kamailio,chatafl_opt,1,b_per,1.6
1772335725,kamailio,chatafl_opt,1,b_abs,9361
1772335731,kamailio,chatafl_opt,1,l_per,6.8
1772335731,kamailio,chatafl_opt,1,l_abs,16095
1772335731,kamailio,chatafl_opt,1,b_per,1.6
1772335731,kamailio,chatafl_opt,1,b_abs,9361
1772335736,kamailio,chatafl_opt,1,l_per,6.8
1772335736,kamailio,chatafl_opt,1,l_abs,16095
1772335736,kamailio,chatafl_opt,1,b_per,1.6
1772335736,kamailio,chatafl_opt,1,b_abs,9361
1772335737,kamailio,chatafl_opt,1,l_per,6.8
1772335737,kamailio,chatafl_opt,1,l_abs,16095
1772335737,kamailio,chatafl_opt,1,b_per,1.6
1772335737,kamailio,chatafl_opt,1,b_abs,9361
1772335741,kamailio,chatafl_opt,1,l_per,6.8
1772335741,kamailio,chatafl_opt,1,l_abs,16095
1772335741,kamailio,chatafl_opt,1,b_per,1.6
1772335741,kamailio,chatafl_opt,1,b_abs,9361
1772335749,kamailio,chatafl_opt,1,l_per,6.8
1772335749,kamailio,chatafl_opt,1,l_abs,16095
1772335749,kamailio,chatafl_opt,1,b_per,1.6
1772335749,kamailio,chatafl_opt,1,b_abs,9361
1772335751,kamailio,chatafl_opt,1,l_per,6.8
1772335751,kamailio,chatafl_opt,1,l_abs,16095
1772335751,kamailio,chatafl_opt,1,b_per,1.6
1772335751,kamailio,chatafl_opt,1,b_abs,9361
1772335756,kamailio,chatafl_opt,1,l_per,6.8
1772335756,kamailio,chatafl_opt,1,l_abs,16095
1772335756,kamailio,chatafl_opt,1,b_per,1.6
1772335756,kamailio,chatafl_opt,1,b_abs,9361
1772335759,kamailio,chatafl_opt,1,l_per,6.8
1772335759,kamailio,chatafl_opt,1,l_abs,16095
1772335759,kamailio,chatafl_opt,1,b_per,1.6
1772335759,kamailio,chatafl_opt,1,b_abs,9361
1772335762,kamailio,chatafl_opt,1,l_per,6.8
1772335762,kamailio,chatafl_opt,1,l_abs,16098
1772335762,kamailio,chatafl_opt,1,b_per,1.7
1772335762,kamailio,chatafl_opt,1,b_abs,9371
1772335776,kamailio,chatafl_opt,1,l_per,6.8
1772335776,kamailio,chatafl_opt,1,l_abs,16098
1772335776,kamailio,chatafl_opt,1,b_per,1.7
1772335776,kamailio,chatafl_opt,1,b_abs,9371
1772335779,kamailio,chatafl_opt,1,l_per,6.8
1772335779,kamailio,chatafl_opt,1,l_abs,16098
1772335779,kamailio,chatafl_opt,1,b_per,1.7
1772335779,kamailio,chatafl_opt,1,b_abs,9371
1772335785,kamailio,chatafl_opt,1,l_per,6.8
1772335785,kamailio,chatafl_opt,1,l_abs,16098
1772335785,kamailio,chatafl_opt,1,b_per,1.7
1772335785,kamailio,chatafl_opt,1,b_abs,9371
1772335790,kamailio,chatafl_opt,1,l_per,6.8
1772335790,kamailio,chatafl_opt,1,l_abs,16098
1772335790,kamailio,chatafl_opt,1,b_per,1.7
1772335790,kamailio,chatafl_opt,1,b_abs,9371
1772335793,kamailio,chatafl_opt,1,l_per,6.8
1772335793,kamailio,chatafl_opt,1,l_abs,16098
1772335793,kamailio,chatafl_opt,1,b_per,1.7
1772335793,kamailio,chatafl_opt,1,b_abs,9371
1772335797,kamailio,chatafl_opt,1,l_per,6.8
1772335797,kamailio,chatafl_opt,1,l_abs,16098
1772335797,kamailio,chatafl_opt,1,b_per,1.7
1772335797,kamailio,chatafl_opt,1,b_abs,9371
1772335805,kamailio,chatafl_opt,1,l_per,6.8
1772335805,kamailio,chatafl_opt,1,l_abs,16098
1772335805,kamailio,chatafl_opt,1,b_per,1.7
1772335805,kamailio,chatafl_opt,1,b_abs,9371
1772335810,kamailio,chatafl_opt,1,l_per,6.8
1772335810,kamailio,chatafl_opt,1,l_abs,16107
1772335810,kamailio,chatafl_opt,1,b_per,1.7
1772335810,kamailio,chatafl_opt,1,b_abs,9376
1772335815,kamailio,chatafl_opt,1,l_per,6.8
1772335815,kamailio,chatafl_opt,1,l_abs,16107
1772335815,kamailio,chatafl_opt,1,b_per,1.7
1772335815,kamailio,chatafl_opt,1,b_abs,9376
1772335820,kamailio,chatafl_opt,1,l_per,6.8
1772335820,kamailio,chatafl_opt,1,l_abs,16107
1772335820,kamailio,chatafl_opt,1,b_per,1.7
1772335820,kamailio,chatafl_opt,1,b_abs,9376
1772335826,kamailio,chatafl_opt,1,l_per,6.8
1772335826,kamailio,chatafl_opt,1,l_abs,16107
1772335826,kamailio,chatafl_opt,1,b_per,1.7
1772335826,kamailio,chatafl_opt,1,b_abs,9376
1772335828,kamailio,chatafl_opt,1,l_per,6.8
1772335828,kamailio,chatafl_opt,1,l_abs,16107
1772335828,kamailio,chatafl_opt,1,b_per,1.7
1772335828,kamailio,chatafl_opt,1,b_abs,9376
1772335831,kamailio,chatafl_opt,1,l_per,6.8
1772335831,kamailio,chatafl_opt,1,l_abs,16107
1772335831,kamailio,chatafl_opt,1,b_per,1.7
1772335831,kamailio,chatafl_opt,1,b_abs,9376
1772335833,kamailio,chatafl_opt,1,l_per,6.8
1772335833,kamailio,chatafl_opt,1,l_abs,16107
1772335833,kamailio,chatafl_opt,1,b_per,1.7
1772335833,kamailio,chatafl_opt,1,b_abs,9376
1772335836,kamailio,chatafl_opt,1,l_per,6.8
1772335836,kamailio,chatafl_opt,1,l_abs,16107
1772335836,kamailio,chatafl_opt,1,b_per,1.7
1772335836,kamailio,chatafl_opt,1,b_abs,9376
1772335839,kamailio,chatafl_opt,1,l_per,6.8
1772335839,kamailio,chatafl_opt,1,l_abs,16107
1772335839,kamailio,chatafl_opt,1,b_per,1.7
1772335839,kamailio,chatafl_opt,1,b_abs,9376
1772335847,kamailio,chatafl_opt,1,l_per,6.8
1772335847,kamailio,chatafl_opt,1,l_abs,16107
1772335847,kamailio,chatafl_opt,1,b_per,1.7
1772335847,kamailio,chatafl_opt,1,b_abs,9376
1772335850,kamailio,chatafl_opt,1,l_per,6.8
1772335850,kamailio,chatafl_opt,1,l_abs,16107
1772335850,kamailio,chatafl_opt,1,b_per,1.7
1772335850,kamailio,chatafl_opt,1,b_abs,9376
1772335852,kamailio,chatafl_opt,1,l_per,6.8
1772335852,kamailio,chatafl_opt,1,l_abs,16107
1772335852,kamailio,chatafl_opt,1,b_per,1.7
1772335852,kamailio,chatafl_opt,1,b_abs,9376
1772335860,kamailio,chatafl_opt,1,l_per,6.8
1772335860,kamailio,chatafl_opt,1,l_abs,16107
1772335860,kamailio,chatafl_opt,1,b_per,1.7
1772335860,kamailio,chatafl_opt,1,b_abs,9376
1772335863,kamailio,chatafl_opt,1,l_per,6.8
1772335863,kamailio,chatafl_opt,1,l_abs,16107
1772335863,kamailio,chatafl_opt,1,b_per,1.7
1772335863,kamailio,chatafl_opt,1,b_abs,9376
1772335865,kamailio,chatafl_opt,1,l_per,6.8
1772335865,kamailio,chatafl_opt,1,l_abs,16107
1772335865,kamailio,chatafl_opt,1,b_per,1.7
1772335865,kamailio,chatafl_opt,1,b_abs,9376
1772335870,kamailio,chatafl_opt,1,l_per,6.8
1772335870,kamailio,chatafl_opt,1,l_abs,16107
1772335870,kamailio,chatafl_opt,1,b_per,1.7
1772335870,kamailio,chatafl_opt,1,b_abs,9376
1772335873,kamailio,chatafl_opt,1,l_per,6.8
1772335873,kamailio,chatafl_opt,1,l_abs,16107
1772335873,kamailio,chatafl_opt,1,b_per,1.7
1772335873,kamailio,chatafl_opt,1,b_abs,9376
1772335877,kamailio,chatafl_opt,1,l_per,6.8
1772335877,kamailio,chatafl_opt,1,l_abs,16107
1772335877,kamailio,chatafl_opt,1,b_per,1.7
1772335877,kamailio,chatafl_opt,1,b_abs,9376
1772335884,kamailio,chatafl_opt,1,l_per,6.8
1772335884,kamailio,chatafl_opt,1,l_abs,16107
1772335884,kamailio,chatafl_opt,1,b_per,1.7
1772335884,kamailio,chatafl_opt,1,b_abs,9376
1772335889,kamailio,chatafl_opt,1,l_per,6.8
1772335889,kamailio,chatafl_opt,1,l_abs,16107
1772335889,kamailio,chatafl_opt,1,b_per,1.7
1772335889,kamailio,chatafl_opt,1,b_abs,9376
1772335897,kamailio,chatafl_opt,1,l_per,6.8
1772335897,kamailio,chatafl_opt,1,l_abs,16107
1772335897,kamailio,chatafl_opt,1,b_per,1.7
1772335897,kamailio,chatafl_opt,1,b_abs,9376
1772335899,kamailio,chatafl_opt,1,l_per,6.8
1772335899,kamailio,chatafl_opt,1,l_abs,16107
1772335899,kamailio,chatafl_opt,1,b_per,1.7
1772335899,kamailio,chatafl_opt,1,b_abs,9376
1772335903,kamailio,chatafl_opt,1,l_per,6.8
1772335903,kamailio,chatafl_opt,1,l_abs,16107
1772335903,kamailio,chatafl_opt,1,b_per,1.7
1772335903,kamailio,chatafl_opt,1,b_abs,9376
1772335911,kamailio,chatafl_opt,1,l_per,6.8
1772335911,kamailio,chatafl_opt,1,l_abs,16107
1772335911,kamailio,chatafl_opt,1,b_per,1.7
1772335911,kamailio,chatafl_opt,1,b_abs,9376
1772335915,kamailio,chatafl_opt,1,l_per,6.8
1772335915,kamailio,chatafl_opt,1,l_abs,16107
1772335915,kamailio,chatafl_opt,1,b_per,1.7
1772335915,kamailio,chatafl_opt,1,b_abs,9376
1772335924,kamailio,chatafl_opt,1,l_per,6.8
1772335924,kamailio,chatafl_opt,1,l_abs,16107
1772335924,kamailio,chatafl_opt,1,b_per,1.7
1772335924,kamailio,chatafl_opt,1,b_abs,9376
1772335927,kamailio,chatafl_opt,1,l_per,6.8
1772335927,kamailio,chatafl_opt,1,l_abs,16107
1772335927,kamailio,chatafl_opt,1,b_per,1.7
1772335927,kamailio,chatafl_opt,1,b_abs,9376
1772335933,kamailio,chatafl_opt,1,l_per,6.8
1772335933,kamailio,chatafl_opt,1,l_abs,16107
1772335933,kamailio,chatafl_opt,1,b_per,1.7
1772335933,kamailio,chatafl_opt,1,b_abs,9376
1772335937,kamailio,chatafl_opt,1,l_per,6.8
1772335937,kamailio,chatafl_opt,1,l_abs,16109
1772335937,kamailio,chatafl_opt,1,b_per,1.7
1772335937,kamailio,chatafl_opt,1,b_abs,9385
1772335950,kamailio,chatafl_opt,1,l_per,6.8
1772335950,kamailio,chatafl_opt,1,l_abs,16111
1772335950,kamailio,chatafl_opt,1,b_per,1.7
1772335950,kamailio,chatafl_opt,1,b_abs,9387
1772335962,kamailio,chatafl_opt,1,l_per,6.8
1772335962,kamailio,chatafl_opt,1,l_abs,16111
1772335962,kamailio,chatafl_opt,1,b_per,1.7
1772335962,kamailio,chatafl_opt,1,b_abs,9389
1772335979,kamailio,chatafl_opt,1,l_per,6.8
1772335979,kamailio,chatafl_opt,1,l_abs,16117
1772335979,kamailio,chatafl_opt,1,b_per,1.7
1772335979,kamailio,chatafl_opt,1,b_abs,9396
1772335981,kamailio,chatafl_opt,1,l_per,6.8
1772335981,kamailio,chatafl_opt,1,l_abs,16117
1772335981,kamailio,chatafl_opt,1,b_per,1.7
1772335981,kamailio,chatafl_opt,1,b_abs,9396
1772335994,kamailio,chatafl_opt,1,l_per,6.8
1772335994,kamailio,chatafl_opt,1,l_abs,16117
1772335994,kamailio,chatafl_opt,1,b_per,1.7
1772335994,kamailio,chatafl_opt,1,b_abs,9396
1772336009,kamailio,chatafl_opt,1,l_per,6.8
1772336009,kamailio,chatafl_opt,1,l_abs,16117
1772336009,kamailio,chatafl_opt,1,b_per,1.7
1772336009,kamailio,chatafl_opt,1,b_abs,9396
1772336015,kamailio,chatafl_opt,1,l_per,6.8
1772336015,kamailio,chatafl_opt,1,l_abs,16117
1772336015,kamailio,chatafl_opt,1,b_per,1.7
1772336015,kamailio,chatafl_opt,1,b_abs,9396
1772336019,kamailio,chatafl_opt,1,l_per,6.8
1772336019,kamailio,chatafl_opt,1,l_abs,16117
1772336019,kamailio,chatafl_opt,1,b_per,1.7
1772336019,kamailio,chatafl_opt,1,b_abs,9396
1772336022,kamailio,chatafl_opt,1,l_per,6.8
1772336022,kamailio,chatafl_opt,1,l_abs,16117
1772336022,kamailio,chatafl_opt,1,b_per,1.7
1772336022,kamailio,chatafl_opt,1,b_abs,9396
1772336027,kamailio,chatafl_opt,1,l_per,6.8
1772336027,kamailio,chatafl_opt,1,l_abs,16117
1772336027,kamailio,chatafl_opt,1,b_per,1.7
1772336027,kamailio,chatafl_opt,1,b_abs,9396
1772336029,kamailio,chatafl_opt,1,l_per,6.8
1772336029,kamailio,chatafl_opt,1,l_abs,16117
1772336029,kamailio,chatafl_opt,1,b_per,1.7
1772336029,kamailio,chatafl_opt,1,b_abs,9396
1772336031,kamailio,chatafl_opt,1,l_per,6.8
1772336031,kamailio,chatafl_opt,1,l_abs,16117
1772336031,kamailio,chatafl_opt,1,b_per,1.7
1772336031,kamailio,chatafl_opt,1,b_abs,9396
1772336036,kamailio,chatafl_opt,1,l_per,6.8
1772336036,kamailio,chatafl_opt,1,l_abs,16117
1772336036,kamailio,chatafl_opt,1,b_per,1.7
1772336036,kamailio,chatafl_opt,1,b_abs,9396
1772336038,kamailio,chatafl_opt,1,l_per,6.8
1772336038,kamailio,chatafl_opt,1,l_abs,16117
1772336038,kamailio,chatafl_opt,1,b_per,1.7
1772336038,kamailio,chatafl_opt,1,b_abs,9396
1772336040,kamailio,chatafl_opt,1,l_per,6.8
1772336040,kamailio,chatafl_opt,1,l_abs,16117
1772336040,kamailio,chatafl_opt,1,b_per,1.7
1772336040,kamailio,chatafl_opt,1,b_abs,9396
1772336051,kamailio,chatafl_opt,1,l_per,6.8
1772336051,kamailio,chatafl_opt,1,l_abs,16117
1772336051,kamailio,chatafl_opt,1,b_per,1.7
1772336051,kamailio,chatafl_opt,1,b_abs,9396
1772336058,kamailio,chatafl_opt,1,l_per,6.8
1772336058,kamailio,chatafl_opt,1,l_abs,16117
1772336058,kamailio,chatafl_opt,1,b_per,1.7
1772336058,kamailio,chatafl_opt,1,b_abs,9396
1772336061,kamailio,chatafl_opt,1,l_per,6.8
1772336061,kamailio,chatafl_opt,1,l_abs,16117
1772336061,kamailio,chatafl_opt,1,b_per,1.7
1772336061,kamailio,chatafl_opt,1,b_abs,9396
1772336066,kamailio,chatafl_opt,1,l_per,6.8
1772336066,kamailio,chatafl_opt,1,l_abs,16117
1772336066,kamailio,chatafl_opt,1,b_per,1.7
1772336066,kamailio,chatafl_opt,1,b_abs,9396
1772336071,kamailio,chatafl_opt,1,l_per,6.8
1772336071,kamailio,chatafl_opt,1,l_abs,16122
1772336071,kamailio,chatafl_opt,1,b_per,1.7
1772336071,kamailio,chatafl_opt,1,b_abs,9399
1772336074,kamailio,chatafl_opt,1,l_per,6.8
1772336074,kamailio,chatafl_opt,1,l_abs,16122
1772336074,kamailio,chatafl_opt,1,b_per,1.7
1772336074,kamailio,chatafl_opt,1,b_abs,9399
1772336077,kamailio,chatafl_opt,1,l_per,6.8
1772336077,kamailio,chatafl_opt,1,l_abs,16122
1772336077,kamailio,chatafl_opt,1,b_per,1.7
1772336077,kamailio,chatafl_opt,1,b_abs,9399
1772336084,kamailio,chatafl_opt,1,l_per,6.8
1772336084,kamailio,chatafl_opt,1,l_abs,16122
1772336084,kamailio,chatafl_opt,1,b_per,1.7
1772336084,kamailio,chatafl_opt,1,b_abs,9399
1772336090,kamailio,chatafl_opt,1,l_per,6.8
1772336090,kamailio,chatafl_opt,1,l_abs,16122
1772336090,kamailio,chatafl_opt,1,b_per,1.7
1772336090,kamailio,chatafl_opt,1,b_abs,9399
1772336092,kamailio,chatafl_opt,1,l_per,6.8
1772336092,kamailio,chatafl_opt,1,l_abs,16122
1772336092,kamailio,chatafl_opt,1,b_per,1.7
1772336092,kamailio,chatafl_opt,1,b_abs,9399
1772336096,kamailio,chatafl_opt,1,l_per,6.8
1772336096,kamailio,chatafl_opt,1,l_abs,16122
1772336096,kamailio,chatafl_opt,1,b_per,1.7
1772336096,kamailio,chatafl_opt,1,b_abs,9400
1772336097,kamailio,chatafl_opt,1,l_per,6.8
1772336097,kamailio,chatafl_opt,1,l_abs,16122
1772336097,kamailio,chatafl_opt,1,b_per,1.7
1772336097,kamailio,chatafl_opt,1,b_abs,9400
1772336100,kamailio,chatafl_opt,1,l_per,6.8
1772336100,kamailio,chatafl_opt,1,l_abs,16122
1772336100,kamailio,chatafl_opt,1,b_per,1.7
1772336100,kamailio,chatafl_opt,1,b_abs,9400
1772336103,kamailio,chatafl_opt,1,l_per,6.8
1772336103,kamailio,chatafl_opt,1,l_abs,16122
1772336103,kamailio,chatafl_opt,1,b_per,1.7
1772336103,kamailio,chatafl_opt,1,b_abs,9400
1772336105,kamailio,chatafl_opt,1,l_per,6.8
1772336105,kamailio,chatafl_opt,1,l_abs,16122
1772336105,kamailio,chatafl_opt,1,b_per,1.7
1772336105,kamailio,chatafl_opt,1,b_abs,9400
1772336115,kamailio,chatafl_opt,1,l_per,6.8
1772336115,kamailio,chatafl_opt,1,l_abs,16122
1772336115,kamailio,chatafl_opt,1,b_per,1.7
1772336115,kamailio,chatafl_opt,1,b_abs,9400
1772336118,kamailio,chatafl_opt,1,l_per,6.8
1772336118,kamailio,chatafl_opt,1,l_abs,16122
1772336118,kamailio,chatafl_opt,1,b_per,1.7
1772336118,kamailio,chatafl_opt,1,b_abs,9400
1772336122,kamailio,chatafl_opt,1,l_per,6.8
1772336122,kamailio,chatafl_opt,1,l_abs,16122
1772336122,kamailio,chatafl_opt,1,b_per,1.7
1772336122,kamailio,chatafl_opt,1,b_abs,9400
1772336142,kamailio,chatafl_opt,1,l_per,6.8
1772336142,kamailio,chatafl_opt,1,l_abs,16122
1772336142,kamailio,chatafl_opt,1,b_per,1.7
1772336142,kamailio,chatafl_opt,1,b_abs,9400
1772336147,kamailio,chatafl_opt,1,l_per,6.8
1772336147,kamailio,chatafl_opt,1,l_abs,16122
1772336147,kamailio,chatafl_opt,1,b_per,1.7
1772336147,kamailio,chatafl_opt,1,b_abs,9400
1772336155,kamailio,chatafl_opt,1,l_per,6.8
1772336155,kamailio,chatafl_opt,1,l_abs,16122
1772336155,kamailio,chatafl_opt,1,b_per,1.7
1772336155,kamailio,chatafl_opt,1,b_abs,9401
1772336160,kamailio,chatafl_opt,1,l_per,6.8
1772336160,kamailio,chatafl_opt,1,l_abs,16122
1772336160,kamailio,chatafl_opt,1,b_per,1.7
1772336160,kamailio,chatafl_opt,1,b_abs,9401
1772336171,kamailio,chatafl_opt,1,l_per,6.8
1772336171,kamailio,chatafl_opt,1,l_abs,16122
1772336171,kamailio,chatafl_opt,1,b_per,1.7
1772336171,kamailio,chatafl_opt,1,b_abs,9401
1772336179,kamailio,chatafl_opt,1,l_per,6.8
1772336179,kamailio,chatafl_opt,1,l_abs,16123
1772336179,kamailio,chatafl_opt,1,b_per,1.7
1772336179,kamailio,chatafl_opt,1,b_abs,9402
1772336183,kamailio,chatafl_opt,1,l_per,6.8
1772336183,kamailio,chatafl_opt,1,l_abs,16123
1772336183,kamailio,chatafl_opt,1,b_per,1.7
1772336183,kamailio,chatafl_opt,1,b_abs,9402
1772336196,kamailio,chatafl_opt,1,l_per,6.8
1772336196,kamailio,chatafl_opt,1,l_abs,16123
1772336196,kamailio,chatafl_opt,1,b_per,1.7
1772336196,kamailio,chatafl_opt,1,b_abs,9402
1772336198,kamailio,chatafl_opt,1,l_per,6.8
1772336198,kamailio,chatafl_opt,1,l_abs,16123
1772336198,kamailio,chatafl_opt,1,b_per,1.7
1772336198,kamailio,chatafl_opt,1,b_abs,9402
1772336200,kamailio,chatafl_opt,1,l_per,6.8
1772336200,kamailio,chatafl_opt,1,l_abs,16123
1772336200,kamailio,chatafl_opt,1,b_per,1.7
1772336200,kamailio,chatafl_opt,1,b_abs,9402
1772336206,kamailio,chatafl_opt,1,l_per,6.8
1772336206,kamailio,chatafl_opt,1,l_abs,16123
1772336206,kamailio,chatafl_opt,1,b_per,1.7
1772336206,kamailio,chatafl_opt,1,b_abs,9402
1772336217,kamailio,chatafl_opt,1,l_per,6.8
1772336217,kamailio,chatafl_opt,1,l_abs,16123
1772336217,kamailio,chatafl_opt,1,b_per,1.7
1772336217,kamailio,chatafl_opt,1,b_abs,9402
1772336219,kamailio,chatafl_opt,1,l_per,6.8
1772336219,kamailio,chatafl_opt,1,l_abs,16123
1772336219,kamailio,chatafl_opt,1,b_per,1.7
1772336219,kamailio,chatafl_opt,1,b_abs,9402
1772336228,kamailio,chatafl_opt,1,l_per,6.8
1772336228,kamailio,chatafl_opt,1,l_abs,16123
1772336228,kamailio,chatafl_opt,1,b_per,1.7
1772336228,kamailio,chatafl_opt,1,b_abs,9402
1772336236,kamailio,chatafl_opt,1,l_per,6.8
1772336236,kamailio,chatafl_opt,1,l_abs,16123
1772336236,kamailio,chatafl_opt,1,b_per,1.7
1772336236,kamailio,chatafl_opt,1,b_abs,9402
1772336238,kamailio,chatafl_opt,1,l_per,6.8
1772336238,kamailio,chatafl_opt,1,l_abs,16123
1772336238,kamailio,chatafl_opt,1,b_per,1.7
1772336238,kamailio,chatafl_opt,1,b_abs,9404
1772336243,kamailio,chatafl_opt,1,l_per,6.8
1772336243,kamailio,chatafl_opt,1,l_abs,16123
1772336243,kamailio,chatafl_opt,1,b_per,1.7
1772336243,kamailio,chatafl_opt,1,b_abs,9404
1772336245,kamailio,chatafl_opt,1,l_per,6.8
1772336245,kamailio,chatafl_opt,1,l_abs,16123
1772336245,kamailio,chatafl_opt,1,b_per,1.7
1772336245,kamailio,chatafl_opt,1,b_abs,9404
1772336253,kamailio,chatafl_opt,1,l_per,6.8
1772336253,kamailio,chatafl_opt,1,l_abs,16123
1772336253,kamailio,chatafl_opt,1,b_per,1.7
1772336253,kamailio,chatafl_opt,1,b_abs,9404
1772336256,kamailio,chatafl_opt,1,l_per,6.8
1772336256,kamailio,chatafl_opt,1,l_abs,16123
1772336256,kamailio,chatafl_opt,1,b_per,1.7
1772336256,kamailio,chatafl_opt,1,b_abs,9405
1772336261,kamailio,chatafl_opt,1,l_per,6.8
1772336261,kamailio,chatafl_opt,1,l_abs,16123
1772336261,kamailio,chatafl_opt,1,b_per,1.7
1772336261,kamailio,chatafl_opt,1,b_abs,9405
1772336272,kamailio,chatafl_opt,1,l_per,6.8
1772336272,kamailio,chatafl_opt,1,l_abs,16123
1772336272,kamailio,chatafl_opt,1,b_per,1.7
1772336272,kamailio,chatafl_opt,1,b_abs,9405
1772336287,kamailio,chatafl_opt,1,l_per,6.8
1772336287,kamailio,chatafl_opt,1,l_abs,16123
1772336287,kamailio,chatafl_opt,1,b_per,1.7
1772336287,kamailio,chatafl_opt,1,b_abs,9405
1772336298,kamailio,chatafl_opt,1,l_per,6.8
1772336298,kamailio,chatafl_opt,1,l_abs,16123
1772336298,kamailio,chatafl_opt,1,b_per,1.7
1772336298,kamailio,chatafl_opt,1,b_abs,9405
1772336302,kamailio,chatafl_opt,1,l_per,6.8
1772336302,kamailio,chatafl_opt,1,l_abs,16123
1772336302,kamailio,chatafl_opt,1,b_per,1.7
1772336302,kamailio,chatafl_opt,1,b_abs,9405
1772336310,kamailio,chatafl_opt,1,l_per,6.8
1772336310,kamailio,chatafl_opt,1,l_abs,16123
1772336310,kamailio,chatafl_opt,1,b_per,1.7
1772336310,kamailio,chatafl_opt,1,b_abs,9405
1772336314,kamailio,chatafl_opt,1,l_per,6.8
1772336314,kamailio,chatafl_opt,1,l_abs,16123
1772336314,kamailio,chatafl_opt,1,b_per,1.7
1772336314,kamailio,chatafl_opt,1,b_abs,9406
1772336316,kamailio,chatafl_opt,1,l_per,6.8
1772336316,kamailio,chatafl_opt,1,l_abs,16123
1772336316,kamailio,chatafl_opt,1,b_per,1.7
1772336316,kamailio,chatafl_opt,1,b_abs,9406
1772336320,kamailio,chatafl_opt,1,l_per,6.8
1772336320,kamailio,chatafl_opt,1,l_abs,16123
1772336320,kamailio,chatafl_opt,1,b_per,1.7
1772336320,kamailio,chatafl_opt,1,b_abs,9406
1772336323,kamailio,chatafl_opt,1,l_per,6.8
1772336323,kamailio,chatafl_opt,1,l_abs,16123
1772336323,kamailio,chatafl_opt,1,b_per,1.7
1772336323,kamailio,chatafl_opt,1,b_abs,9406
1772336331,kamailio,chatafl_opt,1,l_per,6.8
1772336331,kamailio,chatafl_opt,1,l_abs,16123
1772336331,kamailio,chatafl_opt,1,b_per,1.7
1772336331,kamailio,chatafl_opt,1,b_abs,9406
1772336340,kamailio,chatafl_opt,1,l_per,6.8
1772336340,kamailio,chatafl_opt,1,l_abs,16123
1772336340,kamailio,chatafl_opt,1,b_per,1.7
1772336340,kamailio,chatafl_opt,1,b_abs,9406
1772336349,kamailio,chatafl_opt,1,l_per,6.8
1772336349,kamailio,chatafl_opt,1,l_abs,16123
1772336349,kamailio,chatafl_opt,1,b_per,1.7
1772336349,kamailio,chatafl_opt,1,b_abs,9406
1772336354,kamailio,chatafl_opt,1,l_per,6.8
1772336354,kamailio,chatafl_opt,1,l_abs,16123
1772336354,kamailio,chatafl_opt,1,b_per,1.7
1772336354,kamailio,chatafl_opt,1,b_abs,9406
1772336358,kamailio,chatafl_opt,1,l_per,6.8
1772336358,kamailio,chatafl_opt,1,l_abs,16123
1772336358,kamailio,chatafl_opt,1,b_per,1.7
1772336358,kamailio,chatafl_opt,1,b_abs,9406
1772336361,kamailio,chatafl_opt,1,l_per,6.8
1772336361,kamailio,chatafl_opt,1,l_abs,16123
1772336361,kamailio,chatafl_opt,1,b_per,1.7
1772336361,kamailio,chatafl_opt,1,b_abs,9406
1772336367,kamailio,chatafl_opt,1,l_per,6.8
1772336367,kamailio,chatafl_opt,1,l_abs,16123
1772336367,kamailio,chatafl_opt,1,b_per,1.7
1772336367,kamailio,chatafl_opt,1,b_abs,9406
1772336371,kamailio,chatafl_opt,1,l_per,6.8
1772336371,kamailio,chatafl_opt,1,l_abs,16123
1772336371,kamailio,chatafl_opt,1,b_per,1.7
1772336371,kamailio,chatafl_opt,1,b_abs,9406
1772336373,kamailio,chatafl_opt,1,l_per,6.8
1772336373,kamailio,chatafl_opt,1,l_abs,16123
1772336373,kamailio,chatafl_opt,1,b_per,1.7
1772336373,kamailio,chatafl_opt,1,b_abs,9406
1772336383,kamailio,chatafl_opt,1,l_per,6.8
1772336383,kamailio,chatafl_opt,1,l_abs,16123
1772336383,kamailio,chatafl_opt,1,b_per,1.7
1772336383,kamailio,chatafl_opt,1,b_abs,9408
1772336386,kamailio,chatafl_opt,1,l_per,6.8
1772336386,kamailio,chatafl_opt,1,l_abs,16123
1772336386,kamailio,chatafl_opt,1,b_per,1.7
1772336386,kamailio,chatafl_opt,1,b_abs,9408
1772336389,kamailio,chatafl_opt,1,l_per,6.8
1772336389,kamailio,chatafl_opt,1,l_abs,16123
1772336389,kamailio,chatafl_opt,1,b_per,1.7
1772336389,kamailio,chatafl_opt,1,b_abs,9408
1772336392,kamailio,chatafl_opt,1,l_per,6.8
1772336392,kamailio,chatafl_opt,1,l_abs,16123
1772336392,kamailio,chatafl_opt,1,b_per,1.7
1772336392,kamailio,chatafl_opt,1,b_abs,9408
1772336395,kamailio,chatafl_opt,1,l_per,6.8
1772336395,kamailio,chatafl_opt,1,l_abs,16123
1772336395,kamailio,chatafl_opt,1,b_per,1.7
1772336395,kamailio,chatafl_opt,1,b_abs,9408
1772336400,kamailio,chatafl_opt,1,l_per,6.8
1772336400,kamailio,chatafl_opt,1,l_abs,16123
1772336400,kamailio,chatafl_opt,1,b_per,1.7
1772336400,kamailio,chatafl_opt,1,b_abs,9408
1772336405,kamailio,chatafl_opt,1,l_per,6.8
1772336405,kamailio,chatafl_opt,1,l_abs,16123
1772336405,kamailio,chatafl_opt,1,b_per,1.7
1772336405,kamailio,chatafl_opt,1,b_abs,9408
1772336410,kamailio,chatafl_opt,1,l_per,6.8
1772336410,kamailio,chatafl_opt,1,l_abs,16123
1772336410,kamailio,chatafl_opt,1,b_per,1.7
1772336410,kamailio,chatafl_opt,1,b_abs,9408
1772336417,kamailio,chatafl_opt,1,l_per,6.8
1772336417,kamailio,chatafl_opt,1,l_abs,16123
1772336417,kamailio,chatafl_opt,1,b_per,1.7
1772336417,kamailio,chatafl_opt,1,b_abs,9408
1772336423,kamailio,chatafl_opt,1,l_per,6.8
1772336423,kamailio,chatafl_opt,1,l_abs,16123
1772336423,kamailio,chatafl_opt,1,b_per,1.7
1772336423,kamailio,chatafl_opt,1,b_abs,9410
1772336425,kamailio,chatafl_opt,1,l_per,6.8
1772336425,kamailio,chatafl_opt,1,l_abs,16123
1772336425,kamailio,chatafl_opt,1,b_per,1.7
1772336425,kamailio,chatafl_opt,1,b_abs,9410
1772336427,kamailio,chatafl_opt,1,l_per,6.8
1772336427,kamailio,chatafl_opt,1,l_abs,16123
1772336427,kamailio,chatafl_opt,1,b_per,1.7
1772336427,kamailio,chatafl_opt,1,b_abs,9410
1772336431,kamailio,chatafl_opt,1,l_per,6.8
1772336431,kamailio,chatafl_opt,1,l_abs,16123
1772336431,kamailio,chatafl_opt,1,b_per,1.7
1772336431,kamailio,chatafl_opt,1,b_abs,9410
1772336436,kamailio,chatafl_opt,1,l_per,6.8
1772336436,kamailio,chatafl_opt,1,l_abs,16123
1772336436,kamailio,chatafl_opt,1,b_per,1.7
1772336436,kamailio,chatafl_opt,1,b_abs,9411
1772336446,kamailio,chatafl_opt,1,l_per,6.8
1772336446,kamailio,chatafl_opt,1,l_abs,16123
1772336446,kamailio,chatafl_opt,1,b_per,1.7
1772336446,kamailio,chatafl_opt,1,b_abs,9411
1772336449,kamailio,chatafl_opt,1,l_per,6.8
1772336449,kamailio,chatafl_opt,1,l_abs,16123
1772336449,kamailio,chatafl_opt,1,b_per,1.7
1772336449,kamailio,chatafl_opt,1,b_abs,9411
1772336452,kamailio,chatafl_opt,1,l_per,6.8
1772336452,kamailio,chatafl_opt,1,l_abs,16123
1772336452,kamailio,chatafl_opt,1,b_per,1.7
1772336452,kamailio,chatafl_opt,1,b_abs,9411
1772336458,kamailio,chatafl_opt,1,l_per,6.8
1772336458,kamailio,chatafl_opt,1,l_abs,16123
1772336458,kamailio,chatafl_opt,1,b_per,1.7
1772336458,kamailio,chatafl_opt,1,b_abs,9411
1772336462,kamailio,chatafl_opt,1,l_per,6.8
1772336462,kamailio,chatafl_opt,1,l_abs,16123
1772336462,kamailio,chatafl_opt,1,b_per,1.7
1772336462,kamailio,chatafl_opt,1,b_abs,9411
1772336467,kamailio,chatafl_opt,1,l_per,6.8
1772336467,kamailio,chatafl_opt,1,l_abs,16123
1772336467,kamailio,chatafl_opt,1,b_per,1.7
1772336467,kamailio,chatafl_opt,1,b_abs,9411
1772336473,kamailio,chatafl_opt,1,l_per,6.8
1772336473,kamailio,chatafl_opt,1,l_abs,16123
1772336473,kamailio,chatafl_opt,1,b_per,1.7
1772336473,kamailio,chatafl_opt,1,b_abs,9411
1772336481,kamailio,chatafl_opt,1,l_per,6.8
1772336481,kamailio,chatafl_opt,1,l_abs,16123
1772336481,kamailio,chatafl_opt,1,b_per,1.7
1772336481,kamailio,chatafl_opt,1,b_abs,9411
1772336488,kamailio,chatafl_opt,1,l_per,6.8
1772336488,kamailio,chatafl_opt,1,l_abs,16123
1772336488,kamailio,chatafl_opt,1,b_per,1.7
1772336488,kamailio,chatafl_opt,1,b_abs,9411
1772336490,kamailio,chatafl_opt,1,l_per,6.8
1772336490,kamailio,chatafl_opt,1,l_abs,16123
1772336490,kamailio,chatafl_opt,1,b_per,1.7
1772336490,kamailio,chatafl_opt,1,b_abs,9411
1772336492,kamailio,chatafl_opt,1,l_per,6.8
1772336492,kamailio,chatafl_opt,1,l_abs,16123
1772336492,kamailio,chatafl_opt,1,b_per,1.7
1772336492,kamailio,chatafl_opt,1,b_abs,9411
1772336496,kamailio,chatafl_opt,1,l_per,6.8
1772336496,kamailio,chatafl_opt,1,l_abs,16123
1772336496,kamailio,chatafl_opt,1,b_per,1.7
1772336496,kamailio,chatafl_opt,1,b_abs,9411
1772336501,kamailio,chatafl_opt,1,l_per,6.8
1772336501,kamailio,chatafl_opt,1,l_abs,16130
1772336501,kamailio,chatafl_opt,1,b_per,1.7
1772336501,kamailio,chatafl_opt,1,b_abs,9414
1772336505,kamailio,chatafl_opt,1,l_per,6.8
1772336505,kamailio,chatafl_opt,1,l_abs,16130
1772336505,kamailio,chatafl_opt,1,b_per,1.7
1772336505,kamailio,chatafl_opt,1,b_abs,9414
1772336512,kamailio,chatafl_opt,1,l_per,6.8
1772336512,kamailio,chatafl_opt,1,l_abs,16130
1772336512,kamailio,chatafl_opt,1,b_per,1.7
1772336512,kamailio,chatafl_opt,1,b_abs,9414
1772336515,kamailio,chatafl_opt,1,l_per,6.8
1772336515,kamailio,chatafl_opt,1,l_abs,16130
1772336515,kamailio,chatafl_opt,1,b_per,1.7
1772336515,kamailio,chatafl_opt,1,b_abs,9414
1772336518,kamailio,chatafl_opt,1,l_per,6.8
1772336518,kamailio,chatafl_opt,1,l_abs,16130
1772336518,kamailio,chatafl_opt,1,b_per,1.7
1772336518,kamailio,chatafl_opt,1,b_abs,9414
1772336522,kamailio,chatafl_opt,1,l_per,6.8
1772336522,kamailio,chatafl_opt,1,l_abs,16130
1772336522,kamailio,chatafl_opt,1,b_per,1.7
1772336522,kamailio,chatafl_opt,1,b_abs,9414
1772336532,kamailio,chatafl_opt,1,l_per,6.8
1772336532,kamailio,chatafl_opt,1,l_abs,16130
1772336532,kamailio,chatafl_opt,1,b_per,1.7
1772336532,kamailio,chatafl_opt,1,b_abs,9414
1772336535,kamailio,chatafl_opt,1,l_per,6.8
1772336535,kamailio,chatafl_opt,1,l_abs,16130
1772336535,kamailio,chatafl_opt,1,b_per,1.7
1772336535,kamailio,chatafl_opt,1,b_abs,9414
1772336538,kamailio,chatafl_opt,1,l_per,6.8
1772336538,kamailio,chatafl_opt,1,l_abs,16130
1772336538,kamailio,chatafl_opt,1,b_per,1.7
1772336538,kamailio,chatafl_opt,1,b_abs,9414
1772336541,kamailio,chatafl_opt,1,l_per,6.8
1772336541,kamailio,chatafl_opt,1,l_abs,16130
1772336541,kamailio,chatafl_opt,1,b_per,1.7
1772336541,kamailio,chatafl_opt,1,b_abs,9414
1772336544,kamailio,chatafl_opt,1,l_per,6.8
1772336544,kamailio,chatafl_opt,1,l_abs,16130
1772336544,kamailio,chatafl_opt,1,b_per,1.7
1772336544,kamailio,chatafl_opt,1,b_abs,9414
1772336547,kamailio,chatafl_opt,1,l_per,6.8
1772336547,kamailio,chatafl_opt,1,l_abs,16130
1772336547,kamailio,chatafl_opt,1,b_per,1.7
1772336547,kamailio,chatafl_opt,1,b_abs,9414
1772336559,kamailio,chatafl_opt,1,l_per,6.8
1772336559,kamailio,chatafl_opt,1,l_abs,16130
1772336559,kamailio,chatafl_opt,1,b_per,1.7
1772336559,kamailio,chatafl_opt,1,b_abs,9414
