time,subject,fuzzer,run,cov_type,cov
1770033126,lightftp,chatafl,1,l_per,16.0
1770033126,lightftp,chatafl,1,l_abs,171
1770033126,lightftp,chatafl,1,b_per,10.5
1770033126,lightftp,chatafl,1,b_abs,71
1770033132,lightftp,chatafl,1,l_per,16.0
1770033132,lightftp,chatafl,1,l_abs,171
1770033132,lightftp,chatafl,1,b_per,10.5
1770033132,lightftp,chatafl,1,b_abs,71
1770033137,lightftp,chatafl,1,l_per,16.0
1770033137,lightftp,chatafl,1,l_abs,171
1770033137,lightftp,chatafl,1,b_per,10.5
1770033137,lightftp,chatafl,1,b_abs,71
1770033138,lightftp,chatafl,1,l_per,16.0
1770033138,lightftp,chatafl,1,l_abs,171
1770033138,lightftp,chatafl,1,b_per,10.5
1770033138,lightftp,chatafl,1,b_abs,71
1770033139,lightftp,chatafl,1,l_per,16.0
1770033139,lightftp,chatafl,1,l_abs,171
1770033139,lightftp,chatafl,1,b_per,10.5
1770033139,lightftp,chatafl,1,b_abs,71
1770033140,lightftp,chatafl,1,l_per,16.0
1770033140,lightftp,chatafl,1,l_abs,171
1770033140,lightftp,chatafl,1,b_per,10.5
1770033140,lightftp,chatafl,1,b_abs,71
1770033141,lightftp,chatafl,1,l_per,16.0
1770033141,lightftp,chatafl,1,l_abs,171
1770033141,lightftp,chatafl,1,b_per,10.5
1770033141,lightftp,chatafl,1,b_abs,71
1770033142,lightftp,chatafl,1,l_per,16.0
1770033142,lightftp,chatafl,1,l_abs,171
1770033142,lightftp,chatafl,1,b_per,10.5
1770033142,lightftp,chatafl,1,b_abs,71
1770033143,lightftp,chatafl,1,l_per,16.0
1770033143,lightftp,chatafl,1,l_abs,171
1770033143,lightftp,chatafl,1,b_per,10.5
1770033143,lightftp,chatafl,1,b_abs,71
1770033144,lightftp,chatafl,1,l_per,16.0
1770033144,lightftp,chatafl,1,l_abs,171
1770033144,lightftp,chatafl,1,b_per,10.5
1770033144,lightftp,chatafl,1,b_abs,71
1770033146,lightftp,chatafl,1,l_per,16.0
1770033146,lightftp,chatafl,1,l_abs,171
1770033146,lightftp,chatafl,1,b_per,10.5
1770033146,lightftp,chatafl,1,b_abs,71
1770033147,lightftp,chatafl,1,l_per,16.0
1770033147,lightftp,chatafl,1,l_abs,171
1770033147,lightftp,chatafl,1,b_per,10.5
1770033147,lightftp,chatafl,1,b_abs,71
1770033148,lightftp,chatafl,1,l_per,16.0
1770033148,lightftp,chatafl,1,l_abs,171
1770033148,lightftp,chatafl,1,b_per,10.5
1770033148,lightftp,chatafl,1,b_abs,71
1770033149,lightftp,chatafl,1,l_per,16.0
1770033149,lightftp,chatafl,1,l_abs,171
1770033149,lightftp,chatafl,1,b_per,10.5
1770033149,lightftp,chatafl,1,b_abs,71
1770033150,lightftp,chatafl,1,l_per,16.0
1770033150,lightftp,chatafl,1,l_abs,171
1770033150,lightftp,chatafl,1,b_per,10.5
1770033150,lightftp,chatafl,1,b_abs,71
1770033151,lightftp,chatafl,1,l_per,16.0
1770033151,lightftp,chatafl,1,l_abs,171
1770033151,lightftp,chatafl,1,b_per,10.5
1770033151,lightftp,chatafl,1,b_abs,71
1770033152,lightftp,chatafl,1,l_per,16.0
1770033152,lightftp,chatafl,1,l_abs,171
1770033152,lightftp,chatafl,1,b_per,10.5
1770033152,lightftp,chatafl,1,b_abs,71
1770033153,lightftp,chatafl,1,l_per,16.0
1770033153,lightftp,chatafl,1,l_abs,171
1770033153,lightftp,chatafl,1,b_per,10.5
1770033153,lightftp,chatafl,1,b_abs,71
1770033154,lightftp,chatafl,1,l_per,16.0
1770033154,lightftp,chatafl,1,l_abs,171
1770033154,lightftp,chatafl,1,b_per,10.5
1770033154,lightftp,chatafl,1,b_abs,71
1770033156,lightftp,chatafl,1,l_per,16.0
1770033156,lightftp,chatafl,1,l_abs,171
1770033156,lightftp,chatafl,1,b_per,10.5
1770033156,lightftp,chatafl,1,b_abs,71
1770033157,lightftp,chatafl,1,l_per,16.0
1770033157,lightftp,chatafl,1,l_abs,171
1770033157,lightftp,chatafl,1,b_per,10.5
1770033157,lightftp,chatafl,1,b_abs,71
1770033158,lightftp,chatafl,1,l_per,16.0
1770033158,lightftp,chatafl,1,l_abs,171
1770033158,lightftp,chatafl,1,b_per,10.5
1770033158,lightftp,chatafl,1,b_abs,71
1770033159,lightftp,chatafl,1,l_per,16.0
1770033159,lightftp,chatafl,1,l_abs,171
1770033159,lightftp,chatafl,1,b_per,10.5
1770033159,lightftp,chatafl,1,b_abs,71
1770033160,lightftp,chatafl,1,l_per,16.0
1770033160,lightftp,chatafl,1,l_abs,171
1770033160,lightftp,chatafl,1,b_per,10.5
1770033160,lightftp,chatafl,1,b_abs,71
1770033161,lightftp,chatafl,1,l_per,16.0
1770033161,lightftp,chatafl,1,l_abs,171
1770033161,lightftp,chatafl,1,b_per,10.5
1770033161,lightftp,chatafl,1,b_abs,71
1770033162,lightftp,chatafl,1,l_per,16.0
1770033162,lightftp,chatafl,1,l_abs,171
1770033162,lightftp,chatafl,1,b_per,10.5
1770033162,lightftp,chatafl,1,b_abs,71
1770033163,lightftp,chatafl,1,l_per,16.0
1770033163,lightftp,chatafl,1,l_abs,171
1770033163,lightftp,chatafl,1,b_per,10.5
1770033163,lightftp,chatafl,1,b_abs,71
1770033164,lightftp,chatafl,1,l_per,16.0
1770033164,lightftp,chatafl,1,l_abs,171
1770033164,lightftp,chatafl,1,b_per,10.5
1770033164,lightftp,chatafl,1,b_abs,71
1770033165,lightftp,chatafl,1,l_per,16.0
1770033165,lightftp,chatafl,1,l_abs,171
1770033165,lightftp,chatafl,1,b_per,10.5
1770033165,lightftp,chatafl,1,b_abs,71
1770033167,lightftp,chatafl,1,l_per,16.0
1770033167,lightftp,chatafl,1,l_abs,171
1770033167,lightftp,chatafl,1,b_per,10.5
1770033167,lightftp,chatafl,1,b_abs,71
1770033168,lightftp,chatafl,1,l_per,16.0
1770033168,lightftp,chatafl,1,l_abs,171
1770033168,lightftp,chatafl,1,b_per,10.5
1770033168,lightftp,chatafl,1,b_abs,71
1770033169,lightftp,chatafl,1,l_per,16.0
1770033169,lightftp,chatafl,1,l_abs,171
1770033169,lightftp,chatafl,1,b_per,10.5
1770033169,lightftp,chatafl,1,b_abs,71
1770033170,lightftp,chatafl,1,l_per,16.0
1770033170,lightftp,chatafl,1,l_abs,171
1770033170,lightftp,chatafl,1,b_per,10.5
1770033170,lightftp,chatafl,1,b_abs,71
1770033171,lightftp,chatafl,1,l_per,16.0
1770033171,lightftp,chatafl,1,l_abs,171
1770033171,lightftp,chatafl,1,b_per,10.5
1770033171,lightftp,chatafl,1,b_abs,71
1770033172,lightftp,chatafl,1,l_per,16.0
1770033172,lightftp,chatafl,1,l_abs,171
1770033172,lightftp,chatafl,1,b_per,10.5
1770033172,lightftp,chatafl,1,b_abs,71
1770033173,lightftp,chatafl,1,l_per,16.0
1770033173,lightftp,chatafl,1,l_abs,171
1770033173,lightftp,chatafl,1,b_per,10.5
1770033173,lightftp,chatafl,1,b_abs,71
1770033174,lightftp,chatafl,1,l_per,16.0
1770033174,lightftp,chatafl,1,l_abs,171
1770033174,lightftp,chatafl,1,b_per,10.5
1770033174,lightftp,chatafl,1,b_abs,71
1770033175,lightftp,chatafl,1,l_per,16.0
1770033175,lightftp,chatafl,1,l_abs,171
1770033175,lightftp,chatafl,1,b_per,10.5
1770033175,lightftp,chatafl,1,b_abs,71
1770033176,lightftp,chatafl,1,l_per,16.0
1770033176,lightftp,chatafl,1,l_abs,171
1770033176,lightftp,chatafl,1,b_per,10.5
1770033176,lightftp,chatafl,1,b_abs,71
1770033177,lightftp,chatafl,1,l_per,16.0
1770033177,lightftp,chatafl,1,l_abs,171
1770033177,lightftp,chatafl,1,b_per,10.5
1770033177,lightftp,chatafl,1,b_abs,71
1770033179,lightftp,chatafl,1,l_per,16.0
1770033179,lightftp,chatafl,1,l_abs,171
1770033179,lightftp,chatafl,1,b_per,10.5
1770033179,lightftp,chatafl,1,b_abs,71
1770033180,lightftp,chatafl,1,l_per,16.0
1770033180,lightftp,chatafl,1,l_abs,171
1770033180,lightftp,chatafl,1,b_per,10.5
1770033180,lightftp,chatafl,1,b_abs,71
1770033181,lightftp,chatafl,1,l_per,16.0
1770033181,lightftp,chatafl,1,l_abs,171
1770033181,lightftp,chatafl,1,b_per,10.5
1770033181,lightftp,chatafl,1,b_abs,71
1770033182,lightftp,chatafl,1,l_per,16.0
1770033182,lightftp,chatafl,1,l_abs,171
1770033182,lightftp,chatafl,1,b_per,10.5
1770033182,lightftp,chatafl,1,b_abs,71
1770033183,lightftp,chatafl,1,l_per,16.0
1770033183,lightftp,chatafl,1,l_abs,171
1770033183,lightftp,chatafl,1,b_per,10.5
1770033183,lightftp,chatafl,1,b_abs,71
1770033184,lightftp,chatafl,1,l_per,16.0
1770033184,lightftp,chatafl,1,l_abs,171
1770033184,lightftp,chatafl,1,b_per,10.5
1770033184,lightftp,chatafl,1,b_abs,71
1770033185,lightftp,chatafl,1,l_per,16.0
1770033185,lightftp,chatafl,1,l_abs,171
1770033185,lightftp,chatafl,1,b_per,10.5
1770033185,lightftp,chatafl,1,b_abs,71
1770033186,lightftp,chatafl,1,l_per,16.0
1770033186,lightftp,chatafl,1,l_abs,171
1770033186,lightftp,chatafl,1,b_per,10.5
1770033186,lightftp,chatafl,1,b_abs,71
1770033187,lightftp,chatafl,1,l_per,16.0
1770033187,lightftp,chatafl,1,l_abs,171
1770033187,lightftp,chatafl,1,b_per,10.5
1770033187,lightftp,chatafl,1,b_abs,71
1770033188,lightftp,chatafl,1,l_per,16.0
1770033188,lightftp,chatafl,1,l_abs,171
1770033188,lightftp,chatafl,1,b_per,10.5
1770033188,lightftp,chatafl,1,b_abs,71
1770033190,lightftp,chatafl,1,l_per,16.0
1770033190,lightftp,chatafl,1,l_abs,171
1770033190,lightftp,chatafl,1,b_per,10.5
1770033190,lightftp,chatafl,1,b_abs,71
1770033191,lightftp,chatafl,1,l_per,16.0
1770033191,lightftp,chatafl,1,l_abs,171
1770033191,lightftp,chatafl,1,b_per,10.5
1770033191,lightftp,chatafl,1,b_abs,71
1770033192,lightftp,chatafl,1,l_per,16.0
1770033192,lightftp,chatafl,1,l_abs,171
1770033192,lightftp,chatafl,1,b_per,10.5
1770033192,lightftp,chatafl,1,b_abs,71
1770033193,lightftp,chatafl,1,l_per,16.0
1770033193,lightftp,chatafl,1,l_abs,171
1770033193,lightftp,chatafl,1,b_per,10.5
1770033193,lightftp,chatafl,1,b_abs,71
1770033194,lightftp,chatafl,1,l_per,16.0
1770033194,lightftp,chatafl,1,l_abs,171
1770033194,lightftp,chatafl,1,b_per,10.5
1770033194,lightftp,chatafl,1,b_abs,71
1770033195,lightftp,chatafl,1,l_per,16.0
1770033195,lightftp,chatafl,1,l_abs,171
1770033195,lightftp,chatafl,1,b_per,10.5
1770033195,lightftp,chatafl,1,b_abs,71
1770033196,lightftp,chatafl,1,l_per,16.0
1770033196,lightftp,chatafl,1,l_abs,171
1770033196,lightftp,chatafl,1,b_per,10.5
1770033196,lightftp,chatafl,1,b_abs,71
1770033197,lightftp,chatafl,1,l_per,16.0
1770033197,lightftp,chatafl,1,l_abs,171
1770033197,lightftp,chatafl,1,b_per,10.5
1770033197,lightftp,chatafl,1,b_abs,71
1770033198,lightftp,chatafl,1,l_per,16.0
1770033198,lightftp,chatafl,1,l_abs,171
1770033198,lightftp,chatafl,1,b_per,10.5
1770033198,lightftp,chatafl,1,b_abs,71
1770033200,lightftp,chatafl,1,l_per,16.0
1770033200,lightftp,chatafl,1,l_abs,171
1770033200,lightftp,chatafl,1,b_per,10.5
1770033200,lightftp,chatafl,1,b_abs,71
1770033201,lightftp,chatafl,1,l_per,16.0
1770033201,lightftp,chatafl,1,l_abs,171
1770033201,lightftp,chatafl,1,b_per,10.5
1770033201,lightftp,chatafl,1,b_abs,71
1770033206,lightftp,chatafl,1,l_per,16.0
1770033206,lightftp,chatafl,1,l_abs,171
1770033206,lightftp,chatafl,1,b_per,10.5
1770033206,lightftp,chatafl,1,b_abs,71
1770033208,lightftp,chatafl,1,l_per,16.0
1770033208,lightftp,chatafl,1,l_abs,171
1770033208,lightftp,chatafl,1,b_per,10.5
1770033208,lightftp,chatafl,1,b_abs,71
1770033209,lightftp,chatafl,1,l_per,16.0
1770033209,lightftp,chatafl,1,l_abs,171
1770033209,lightftp,chatafl,1,b_per,10.5
1770033209,lightftp,chatafl,1,b_abs,71
1770033210,lightftp,chatafl,1,l_per,16.0
1770033210,lightftp,chatafl,1,l_abs,171
1770033210,lightftp,chatafl,1,b_per,10.5
1770033210,lightftp,chatafl,1,b_abs,71
1770033211,lightftp,chatafl,1,l_per,16.0
1770033211,lightftp,chatafl,1,l_abs,171
1770033211,lightftp,chatafl,1,b_per,10.5
1770033211,lightftp,chatafl,1,b_abs,71
1770033213,lightftp,chatafl,1,l_per,16.0
1770033213,lightftp,chatafl,1,l_abs,171
1770033213,lightftp,chatafl,1,b_per,10.5
1770033213,lightftp,chatafl,1,b_abs,71
1770033214,lightftp,chatafl,1,l_per,16.0
1770033214,lightftp,chatafl,1,l_abs,171
1770033214,lightftp,chatafl,1,b_per,10.5
1770033214,lightftp,chatafl,1,b_abs,71
1770033215,lightftp,chatafl,1,l_per,16.0
1770033215,lightftp,chatafl,1,l_abs,171
1770033215,lightftp,chatafl,1,b_per,10.5
1770033215,lightftp,chatafl,1,b_abs,71
1770033216,lightftp,chatafl,1,l_per,16.0
1770033216,lightftp,chatafl,1,l_abs,171
1770033216,lightftp,chatafl,1,b_per,10.5
1770033216,lightftp,chatafl,1,b_abs,71
1770033217,lightftp,chatafl,1,l_per,16.0
1770033217,lightftp,chatafl,1,l_abs,171
1770033217,lightftp,chatafl,1,b_per,10.5
1770033217,lightftp,chatafl,1,b_abs,71
1770033218,lightftp,chatafl,1,l_per,16.0
1770033218,lightftp,chatafl,1,l_abs,171
1770033218,lightftp,chatafl,1,b_per,10.5
1770033218,lightftp,chatafl,1,b_abs,71
1770033219,lightftp,chatafl,1,l_per,16.0
1770033219,lightftp,chatafl,1,l_abs,171
1770033219,lightftp,chatafl,1,b_per,10.5
1770033219,lightftp,chatafl,1,b_abs,71
1770033220,lightftp,chatafl,1,l_per,16.0
1770033220,lightftp,chatafl,1,l_abs,171
1770033220,lightftp,chatafl,1,b_per,10.5
1770033220,lightftp,chatafl,1,b_abs,71
1770033221,lightftp,chatafl,1,l_per,16.0
1770033221,lightftp,chatafl,1,l_abs,171
1770033221,lightftp,chatafl,1,b_per,10.5
1770033221,lightftp,chatafl,1,b_abs,71
1770033222,lightftp,chatafl,1,l_per,16.0
1770033222,lightftp,chatafl,1,l_abs,171
1770033222,lightftp,chatafl,1,b_per,10.5
1770033222,lightftp,chatafl,1,b_abs,71
1770033224,lightftp,chatafl,1,l_per,16.0
1770033224,lightftp,chatafl,1,l_abs,171
1770033224,lightftp,chatafl,1,b_per,10.5
1770033224,lightftp,chatafl,1,b_abs,71
1770033225,lightftp,chatafl,1,l_per,16.0
1770033225,lightftp,chatafl,1,l_abs,171
1770033225,lightftp,chatafl,1,b_per,10.5
1770033225,lightftp,chatafl,1,b_abs,71
1770033226,lightftp,chatafl,1,l_per,16.0
1770033226,lightftp,chatafl,1,l_abs,171
1770033226,lightftp,chatafl,1,b_per,10.5
1770033226,lightftp,chatafl,1,b_abs,71
1770033227,lightftp,chatafl,1,l_per,16.0
1770033227,lightftp,chatafl,1,l_abs,171
1770033227,lightftp,chatafl,1,b_per,10.5
1770033227,lightftp,chatafl,1,b_abs,71
1770033229,lightftp,chatafl,1,l_per,16.0
1770033229,lightftp,chatafl,1,l_abs,171
1770033229,lightftp,chatafl,1,b_per,10.5
1770033229,lightftp,chatafl,1,b_abs,71
1770033230,lightftp,chatafl,1,l_per,16.0
1770033230,lightftp,chatafl,1,l_abs,171
1770033230,lightftp,chatafl,1,b_per,10.5
1770033230,lightftp,chatafl,1,b_abs,71
1770033231,lightftp,chatafl,1,l_per,16.0
1770033231,lightftp,chatafl,1,l_abs,171
1770033231,lightftp,chatafl,1,b_per,10.5
1770033231,lightftp,chatafl,1,b_abs,71
1770033232,lightftp,chatafl,1,l_per,16.0
1770033232,lightftp,chatafl,1,l_abs,171
1770033232,lightftp,chatafl,1,b_per,10.5
1770033232,lightftp,chatafl,1,b_abs,71
1770033233,lightftp,chatafl,1,l_per,16.0
1770033233,lightftp,chatafl,1,l_abs,171
1770033233,lightftp,chatafl,1,b_per,10.5
1770033233,lightftp,chatafl,1,b_abs,71
1770033234,lightftp,chatafl,1,l_per,16.0
1770033234,lightftp,chatafl,1,l_abs,171
1770033234,lightftp,chatafl,1,b_per,10.5
1770033234,lightftp,chatafl,1,b_abs,71
1770033235,lightftp,chatafl,1,l_per,16.0
1770033235,lightftp,chatafl,1,l_abs,171
1770033235,lightftp,chatafl,1,b_per,10.5
1770033235,lightftp,chatafl,1,b_abs,71
1770033236,lightftp,chatafl,1,l_per,16.0
1770033236,lightftp,chatafl,1,l_abs,171
1770033236,lightftp,chatafl,1,b_per,10.5
1770033236,lightftp,chatafl,1,b_abs,71
1770033237,lightftp,chatafl,1,l_per,16.0
1770033237,lightftp,chatafl,1,l_abs,171
1770033237,lightftp,chatafl,1,b_per,10.5
1770033237,lightftp,chatafl,1,b_abs,71
1770033238,lightftp,chatafl,1,l_per,16.0
1770033238,lightftp,chatafl,1,l_abs,171
1770033238,lightftp,chatafl,1,b_per,10.5
1770033238,lightftp,chatafl,1,b_abs,71
1770033239,lightftp,chatafl,1,l_per,16.0
1770033239,lightftp,chatafl,1,l_abs,171
1770033239,lightftp,chatafl,1,b_per,10.5
1770033239,lightftp,chatafl,1,b_abs,71
1770033240,lightftp,chatafl,1,l_per,16.0
1770033240,lightftp,chatafl,1,l_abs,171
1770033240,lightftp,chatafl,1,b_per,10.5
1770033240,lightftp,chatafl,1,b_abs,71
1770033126,lightftp,chatafl,1,l_per,16.0
1770033126,lightftp,chatafl,1,l_abs,171
1770033126,lightftp,chatafl,1,b_per,10.5
1770033126,lightftp,chatafl,1,b_abs,71
1770033132,lightftp,chatafl,1,l_per,16.0
1770033132,lightftp,chatafl,1,l_abs,171
1770033132,lightftp,chatafl,1,b_per,10.5
1770033132,lightftp,chatafl,1,b_abs,71
1770033137,lightftp,chatafl,1,l_per,16.0
1770033137,lightftp,chatafl,1,l_abs,171
1770033137,lightftp,chatafl,1,b_per,10.5
1770033137,lightftp,chatafl,1,b_abs,71
1770033138,lightftp,chatafl,1,l_per,16.0
1770033138,lightftp,chatafl,1,l_abs,171
1770033138,lightftp,chatafl,1,b_per,10.5
1770033138,lightftp,chatafl,1,b_abs,71
1770033139,lightftp,chatafl,1,l_per,16.0
1770033139,lightftp,chatafl,1,l_abs,171
1770033139,lightftp,chatafl,1,b_per,10.5
1770033139,lightftp,chatafl,1,b_abs,71
1770033140,lightftp,chatafl,1,l_per,16.0
1770033140,lightftp,chatafl,1,l_abs,171
1770033140,lightftp,chatafl,1,b_per,10.5
1770033140,lightftp,chatafl,1,b_abs,71
1770033141,lightftp,chatafl,1,l_per,16.0
1770033141,lightftp,chatafl,1,l_abs,171
1770033141,lightftp,chatafl,1,b_per,10.5
1770033141,lightftp,chatafl,1,b_abs,71
1770033142,lightftp,chatafl,1,l_per,16.0
1770033142,lightftp,chatafl,1,l_abs,171
1770033142,lightftp,chatafl,1,b_per,10.5
1770033142,lightftp,chatafl,1,b_abs,71
1770033143,lightftp,chatafl,1,l_per,16.0
1770033143,lightftp,chatafl,1,l_abs,171
1770033143,lightftp,chatafl,1,b_per,10.5
1770033143,lightftp,chatafl,1,b_abs,71
1770033144,lightftp,chatafl,1,l_per,16.0
1770033144,lightftp,chatafl,1,l_abs,171
1770033144,lightftp,chatafl,1,b_per,10.5
1770033144,lightftp,chatafl,1,b_abs,71
1770033146,lightftp,chatafl,1,l_per,16.0
1770033146,lightftp,chatafl,1,l_abs,171
1770033146,lightftp,chatafl,1,b_per,10.5
1770033146,lightftp,chatafl,1,b_abs,71
1770033147,lightftp,chatafl,1,l_per,16.0
1770033147,lightftp,chatafl,1,l_abs,171
1770033147,lightftp,chatafl,1,b_per,10.5
1770033147,lightftp,chatafl,1,b_abs,71
1770033148,lightftp,chatafl,1,l_per,16.0
1770033148,lightftp,chatafl,1,l_abs,171
1770033148,lightftp,chatafl,1,b_per,10.5
1770033148,lightftp,chatafl,1,b_abs,71
1770033149,lightftp,chatafl,1,l_per,16.0
1770033149,lightftp,chatafl,1,l_abs,171
1770033149,lightftp,chatafl,1,b_per,10.5
1770033149,lightftp,chatafl,1,b_abs,71
1770033150,lightftp,chatafl,1,l_per,16.0
1770033150,lightftp,chatafl,1,l_abs,171
1770033150,lightftp,chatafl,1,b_per,10.5
1770033150,lightftp,chatafl,1,b_abs,71
1770033151,lightftp,chatafl,1,l_per,16.0
1770033151,lightftp,chatafl,1,l_abs,171
1770033151,lightftp,chatafl,1,b_per,10.5
1770033151,lightftp,chatafl,1,b_abs,71
1770033152,lightftp,chatafl,1,l_per,16.0
1770033152,lightftp,chatafl,1,l_abs,171
1770033152,lightftp,chatafl,1,b_per,10.5
1770033152,lightftp,chatafl,1,b_abs,71
1770033153,lightftp,chatafl,1,l_per,16.0
1770033153,lightftp,chatafl,1,l_abs,171
1770033153,lightftp,chatafl,1,b_per,10.5
1770033153,lightftp,chatafl,1,b_abs,71
1770033154,lightftp,chatafl,1,l_per,16.0
1770033154,lightftp,chatafl,1,l_abs,171
1770033154,lightftp,chatafl,1,b_per,10.5
1770033154,lightftp,chatafl,1,b_abs,71
1770033156,lightftp,chatafl,1,l_per,16.0
1770033156,lightftp,chatafl,1,l_abs,171
1770033156,lightftp,chatafl,1,b_per,10.5
1770033156,lightftp,chatafl,1,b_abs,71
1770033157,lightftp,chatafl,1,l_per,16.0
1770033157,lightftp,chatafl,1,l_abs,171
1770033157,lightftp,chatafl,1,b_per,10.5
1770033157,lightftp,chatafl,1,b_abs,71
1770033158,lightftp,chatafl,1,l_per,16.0
1770033158,lightftp,chatafl,1,l_abs,171
1770033158,lightftp,chatafl,1,b_per,10.5
1770033158,lightftp,chatafl,1,b_abs,71
1770033159,lightftp,chatafl,1,l_per,16.0
1770033159,lightftp,chatafl,1,l_abs,171
1770033159,lightftp,chatafl,1,b_per,10.5
1770033159,lightftp,chatafl,1,b_abs,71
1770033160,lightftp,chatafl,1,l_per,16.0
1770033160,lightftp,chatafl,1,l_abs,171
1770033160,lightftp,chatafl,1,b_per,10.5
1770033160,lightftp,chatafl,1,b_abs,71
1770033161,lightftp,chatafl,1,l_per,16.0
1770033161,lightftp,chatafl,1,l_abs,171
1770033161,lightftp,chatafl,1,b_per,10.5
1770033161,lightftp,chatafl,1,b_abs,71
1770033162,lightftp,chatafl,1,l_per,16.0
1770033162,lightftp,chatafl,1,l_abs,171
1770033162,lightftp,chatafl,1,b_per,10.5
1770033162,lightftp,chatafl,1,b_abs,71
1770033163,lightftp,chatafl,1,l_per,16.0
1770033163,lightftp,chatafl,1,l_abs,171
1770033163,lightftp,chatafl,1,b_per,10.5
1770033163,lightftp,chatafl,1,b_abs,71
1770033164,lightftp,chatafl,1,l_per,16.0
1770033164,lightftp,chatafl,1,l_abs,171
1770033164,lightftp,chatafl,1,b_per,10.5
1770033164,lightftp,chatafl,1,b_abs,71
1770033165,lightftp,chatafl,1,l_per,16.0
1770033165,lightftp,chatafl,1,l_abs,171
1770033165,lightftp,chatafl,1,b_per,10.5
1770033165,lightftp,chatafl,1,b_abs,71
1770033167,lightftp,chatafl,1,l_per,16.0
1770033167,lightftp,chatafl,1,l_abs,171
1770033167,lightftp,chatafl,1,b_per,10.5
1770033167,lightftp,chatafl,1,b_abs,71
1770033168,lightftp,chatafl,1,l_per,16.0
1770033168,lightftp,chatafl,1,l_abs,171
1770033168,lightftp,chatafl,1,b_per,10.5
1770033168,lightftp,chatafl,1,b_abs,71
1770033169,lightftp,chatafl,1,l_per,16.0
1770033169,lightftp,chatafl,1,l_abs,171
1770033169,lightftp,chatafl,1,b_per,10.5
1770033169,lightftp,chatafl,1,b_abs,71
1770033170,lightftp,chatafl,1,l_per,16.0
1770033170,lightftp,chatafl,1,l_abs,171
1770033170,lightftp,chatafl,1,b_per,10.5
1770033170,lightftp,chatafl,1,b_abs,71
1770033171,lightftp,chatafl,1,l_per,16.0
1770033171,lightftp,chatafl,1,l_abs,171
1770033171,lightftp,chatafl,1,b_per,10.5
1770033171,lightftp,chatafl,1,b_abs,71
1770033172,lightftp,chatafl,1,l_per,16.0
1770033172,lightftp,chatafl,1,l_abs,171
1770033172,lightftp,chatafl,1,b_per,10.5
1770033172,lightftp,chatafl,1,b_abs,71
1770033173,lightftp,chatafl,1,l_per,16.0
1770033173,lightftp,chatafl,1,l_abs,171
1770033173,lightftp,chatafl,1,b_per,10.5
1770033173,lightftp,chatafl,1,b_abs,71
1770033174,lightftp,chatafl,1,l_per,16.0
1770033174,lightftp,chatafl,1,l_abs,171
1770033174,lightftp,chatafl,1,b_per,10.5
1770033174,lightftp,chatafl,1,b_abs,71
1770033175,lightftp,chatafl,1,l_per,16.0
1770033175,lightftp,chatafl,1,l_abs,171
1770033175,lightftp,chatafl,1,b_per,10.5
1770033175,lightftp,chatafl,1,b_abs,71
1770033176,lightftp,chatafl,1,l_per,16.0
1770033176,lightftp,chatafl,1,l_abs,171
1770033176,lightftp,chatafl,1,b_per,10.5
1770033176,lightftp,chatafl,1,b_abs,71
1770033177,lightftp,chatafl,1,l_per,16.0
1770033177,lightftp,chatafl,1,l_abs,171
1770033177,lightftp,chatafl,1,b_per,10.5
1770033177,lightftp,chatafl,1,b_abs,71
1770033179,lightftp,chatafl,1,l_per,16.0
1770033179,lightftp,chatafl,1,l_abs,171
1770033179,lightftp,chatafl,1,b_per,10.5
1770033179,lightftp,chatafl,1,b_abs,71
1770033180,lightftp,chatafl,1,l_per,16.0
1770033180,lightftp,chatafl,1,l_abs,171
1770033180,lightftp,chatafl,1,b_per,10.5
1770033180,lightftp,chatafl,1,b_abs,71
1770033181,lightftp,chatafl,1,l_per,16.0
1770033181,lightftp,chatafl,1,l_abs,171
1770033181,lightftp,chatafl,1,b_per,10.5
1770033181,lightftp,chatafl,1,b_abs,71
1770033182,lightftp,chatafl,1,l_per,16.0
1770033182,lightftp,chatafl,1,l_abs,171
1770033182,lightftp,chatafl,1,b_per,10.5
1770033182,lightftp,chatafl,1,b_abs,71
1770033183,lightftp,chatafl,1,l_per,16.0
1770033183,lightftp,chatafl,1,l_abs,171
1770033183,lightftp,chatafl,1,b_per,10.5
1770033183,lightftp,chatafl,1,b_abs,71
1770033184,lightftp,chatafl,1,l_per,16.0
1770033184,lightftp,chatafl,1,l_abs,171
1770033184,lightftp,chatafl,1,b_per,10.5
1770033184,lightftp,chatafl,1,b_abs,71
1770033185,lightftp,chatafl,1,l_per,16.0
1770033185,lightftp,chatafl,1,l_abs,171
1770033185,lightftp,chatafl,1,b_per,10.5
1770033185,lightftp,chatafl,1,b_abs,71
1770033186,lightftp,chatafl,1,l_per,16.0
1770033186,lightftp,chatafl,1,l_abs,171
1770033186,lightftp,chatafl,1,b_per,10.5
1770033186,lightftp,chatafl,1,b_abs,71
1770033187,lightftp,chatafl,1,l_per,16.0
1770033187,lightftp,chatafl,1,l_abs,171
1770033187,lightftp,chatafl,1,b_per,10.5
1770033187,lightftp,chatafl,1,b_abs,71
1770033188,lightftp,chatafl,1,l_per,16.0
1770033188,lightftp,chatafl,1,l_abs,171
1770033188,lightftp,chatafl,1,b_per,10.5
1770033188,lightftp,chatafl,1,b_abs,71
1770033190,lightftp,chatafl,1,l_per,16.0
1770033190,lightftp,chatafl,1,l_abs,171
1770033190,lightftp,chatafl,1,b_per,10.5
1770033190,lightftp,chatafl,1,b_abs,71
1770033191,lightftp,chatafl,1,l_per,16.0
1770033191,lightftp,chatafl,1,l_abs,171
1770033191,lightftp,chatafl,1,b_per,10.5
1770033191,lightftp,chatafl,1,b_abs,71
1770033192,lightftp,chatafl,1,l_per,16.0
1770033192,lightftp,chatafl,1,l_abs,171
1770033192,lightftp,chatafl,1,b_per,10.5
1770033192,lightftp,chatafl,1,b_abs,71
1770033193,lightftp,chatafl,1,l_per,16.0
1770033193,lightftp,chatafl,1,l_abs,171
1770033193,lightftp,chatafl,1,b_per,10.5
1770033193,lightftp,chatafl,1,b_abs,71
1770033194,lightftp,chatafl,1,l_per,16.0
1770033194,lightftp,chatafl,1,l_abs,171
1770033194,lightftp,chatafl,1,b_per,10.5
1770033194,lightftp,chatafl,1,b_abs,71
1770033195,lightftp,chatafl,1,l_per,16.0
1770033195,lightftp,chatafl,1,l_abs,171
1770033195,lightftp,chatafl,1,b_per,10.5
1770033195,lightftp,chatafl,1,b_abs,71
1770033196,lightftp,chatafl,1,l_per,16.0
1770033196,lightftp,chatafl,1,l_abs,171
1770033196,lightftp,chatafl,1,b_per,10.5
1770033196,lightftp,chatafl,1,b_abs,71
1770033197,lightftp,chatafl,1,l_per,16.0
1770033197,lightftp,chatafl,1,l_abs,171
1770033197,lightftp,chatafl,1,b_per,10.5
1770033197,lightftp,chatafl,1,b_abs,71
1770033198,lightftp,chatafl,1,l_per,16.0
1770033198,lightftp,chatafl,1,l_abs,171
1770033198,lightftp,chatafl,1,b_per,10.5
1770033198,lightftp,chatafl,1,b_abs,71
1770033200,lightftp,chatafl,1,l_per,16.0
1770033200,lightftp,chatafl,1,l_abs,171
1770033200,lightftp,chatafl,1,b_per,10.5
1770033200,lightftp,chatafl,1,b_abs,71
1770033201,lightftp,chatafl,1,l_per,16.0
1770033201,lightftp,chatafl,1,l_abs,171
1770033201,lightftp,chatafl,1,b_per,10.5
1770033201,lightftp,chatafl,1,b_abs,71
1770033206,lightftp,chatafl,1,l_per,16.0
1770033206,lightftp,chatafl,1,l_abs,171
1770033206,lightftp,chatafl,1,b_per,10.5
1770033206,lightftp,chatafl,1,b_abs,71
1770033208,lightftp,chatafl,1,l_per,16.0
1770033208,lightftp,chatafl,1,l_abs,171
1770033208,lightftp,chatafl,1,b_per,10.5
1770033208,lightftp,chatafl,1,b_abs,71
1770033209,lightftp,chatafl,1,l_per,16.0
1770033209,lightftp,chatafl,1,l_abs,171
1770033209,lightftp,chatafl,1,b_per,10.5
1770033209,lightftp,chatafl,1,b_abs,71
1770033210,lightftp,chatafl,1,l_per,16.0
1770033210,lightftp,chatafl,1,l_abs,171
1770033210,lightftp,chatafl,1,b_per,10.5
1770033210,lightftp,chatafl,1,b_abs,71
1770033211,lightftp,chatafl,1,l_per,16.0
1770033211,lightftp,chatafl,1,l_abs,171
1770033211,lightftp,chatafl,1,b_per,10.5
1770033211,lightftp,chatafl,1,b_abs,71
1770033213,lightftp,chatafl,1,l_per,16.0
1770033213,lightftp,chatafl,1,l_abs,171
1770033213,lightftp,chatafl,1,b_per,10.5
1770033213,lightftp,chatafl,1,b_abs,71
1770033214,lightftp,chatafl,1,l_per,16.0
1770033214,lightftp,chatafl,1,l_abs,171
1770033214,lightftp,chatafl,1,b_per,10.5
1770033214,lightftp,chatafl,1,b_abs,71
1770033215,lightftp,chatafl,1,l_per,16.0
1770033215,lightftp,chatafl,1,l_abs,171
1770033215,lightftp,chatafl,1,b_per,10.5
1770033215,lightftp,chatafl,1,b_abs,71
1770033216,lightftp,chatafl,1,l_per,16.0
1770033216,lightftp,chatafl,1,l_abs,171
1770033216,lightftp,chatafl,1,b_per,10.5
1770033216,lightftp,chatafl,1,b_abs,71
1770033217,lightftp,chatafl,1,l_per,16.0
1770033217,lightftp,chatafl,1,l_abs,171
1770033217,lightftp,chatafl,1,b_per,10.5
1770033217,lightftp,chatafl,1,b_abs,71
1770033218,lightftp,chatafl,1,l_per,16.0
1770033218,lightftp,chatafl,1,l_abs,171
1770033218,lightftp,chatafl,1,b_per,10.5
1770033218,lightftp,chatafl,1,b_abs,71
1770033219,lightftp,chatafl,1,l_per,16.0
1770033219,lightftp,chatafl,1,l_abs,171
1770033219,lightftp,chatafl,1,b_per,10.5
1770033219,lightftp,chatafl,1,b_abs,71
1770033220,lightftp,chatafl,1,l_per,16.0
1770033220,lightftp,chatafl,1,l_abs,171
1770033220,lightftp,chatafl,1,b_per,10.5
1770033220,lightftp,chatafl,1,b_abs,71
1770033221,lightftp,chatafl,1,l_per,16.0
1770033221,lightftp,chatafl,1,l_abs,171
1770033221,lightftp,chatafl,1,b_per,10.5
1770033221,lightftp,chatafl,1,b_abs,71
1770033222,lightftp,chatafl,1,l_per,16.0
1770033222,lightftp,chatafl,1,l_abs,171
1770033222,lightftp,chatafl,1,b_per,10.5
1770033222,lightftp,chatafl,1,b_abs,71
1770033224,lightftp,chatafl,1,l_per,16.0
1770033224,lightftp,chatafl,1,l_abs,171
1770033224,lightftp,chatafl,1,b_per,10.5
1770033224,lightftp,chatafl,1,b_abs,71
1770033225,lightftp,chatafl,1,l_per,16.0
1770033225,lightftp,chatafl,1,l_abs,171
1770033225,lightftp,chatafl,1,b_per,10.5
1770033225,lightftp,chatafl,1,b_abs,71
1770033226,lightftp,chatafl,1,l_per,16.0
1770033226,lightftp,chatafl,1,l_abs,171
1770033226,lightftp,chatafl,1,b_per,10.5
1770033226,lightftp,chatafl,1,b_abs,71
1770033227,lightftp,chatafl,1,l_per,16.0
1770033227,lightftp,chatafl,1,l_abs,171
1770033227,lightftp,chatafl,1,b_per,10.5
1770033227,lightftp,chatafl,1,b_abs,71
1770033229,lightftp,chatafl,1,l_per,16.0
1770033229,lightftp,chatafl,1,l_abs,171
1770033229,lightftp,chatafl,1,b_per,10.5
1770033229,lightftp,chatafl,1,b_abs,71
1770033230,lightftp,chatafl,1,l_per,16.0
1770033230,lightftp,chatafl,1,l_abs,171
1770033230,lightftp,chatafl,1,b_per,10.5
1770033230,lightftp,chatafl,1,b_abs,71
1770033231,lightftp,chatafl,1,l_per,16.0
1770033231,lightftp,chatafl,1,l_abs,171
1770033231,lightftp,chatafl,1,b_per,10.5
1770033231,lightftp,chatafl,1,b_abs,71
1770033232,lightftp,chatafl,1,l_per,16.0
1770033232,lightftp,chatafl,1,l_abs,171
1770033232,lightftp,chatafl,1,b_per,10.5
1770033232,lightftp,chatafl,1,b_abs,71
1770033233,lightftp,chatafl,1,l_per,16.0
1770033233,lightftp,chatafl,1,l_abs,171
1770033233,lightftp,chatafl,1,b_per,10.5
1770033233,lightftp,chatafl,1,b_abs,71
1770033234,lightftp,chatafl,1,l_per,16.0
1770033234,lightftp,chatafl,1,l_abs,171
1770033234,lightftp,chatafl,1,b_per,10.5
1770033234,lightftp,chatafl,1,b_abs,71
1770033235,lightftp,chatafl,1,l_per,16.0
1770033235,lightftp,chatafl,1,l_abs,171
1770033235,lightftp,chatafl,1,b_per,10.5
1770033235,lightftp,chatafl,1,b_abs,71
1770033236,lightftp,chatafl,1,l_per,16.0
1770033236,lightftp,chatafl,1,l_abs,171
1770033236,lightftp,chatafl,1,b_per,10.5
1770033236,lightftp,chatafl,1,b_abs,71
1770033237,lightftp,chatafl,1,l_per,16.0
1770033237,lightftp,chatafl,1,l_abs,171
1770033237,lightftp,chatafl,1,b_per,10.5
1770033237,lightftp,chatafl,1,b_abs,71
1770033238,lightftp,chatafl,1,l_per,16.0
1770033238,lightftp,chatafl,1,l_abs,171
1770033238,lightftp,chatafl,1,b_per,10.5
1770033238,lightftp,chatafl,1,b_abs,71
1770033239,lightftp,chatafl,1,l_per,16.0
1770033239,lightftp,chatafl,1,l_abs,171
1770033239,lightftp,chatafl,1,b_per,10.5
1770033239,lightftp,chatafl,1,b_abs,71
1770033240,lightftp,chatafl,1,l_per,16.0
1770033240,lightftp,chatafl,1,l_abs,171
1770033240,lightftp,chatafl,1,b_per,10.5
1770033240,lightftp,chatafl,1,b_abs,71
1770033245,lightftp,chatafl,1,l_per,16.0
1770033245,lightftp,chatafl,1,l_abs,171
1770033245,lightftp,chatafl,1,b_per,10.5
1770033245,lightftp,chatafl,1,b_abs,71
1770033248,lightftp,chatafl,1,l_per,16.0
1770033248,lightftp,chatafl,1,l_abs,171
1770033248,lightftp,chatafl,1,b_per,10.5
1770033248,lightftp,chatafl,1,b_abs,71
1770033249,lightftp,chatafl,1,l_per,16.0
1770033249,lightftp,chatafl,1,l_abs,171
1770033249,lightftp,chatafl,1,b_per,10.5
1770033249,lightftp,chatafl,1,b_abs,71
1770033252,lightftp,chatafl,1,l_per,16.0
1770033252,lightftp,chatafl,1,l_abs,171
1770033252,lightftp,chatafl,1,b_per,10.5
1770033252,lightftp,chatafl,1,b_abs,71
1770033258,lightftp,chatafl,1,l_per,16.0
1770033258,lightftp,chatafl,1,l_abs,171
1770033258,lightftp,chatafl,1,b_per,10.5
1770033258,lightftp,chatafl,1,b_abs,71
1770033268,lightftp,chatafl,1,l_per,16.0
1770033268,lightftp,chatafl,1,l_abs,171
1770033268,lightftp,chatafl,1,b_per,10.5
1770033268,lightftp,chatafl,1,b_abs,71
1770033279,lightftp,chatafl,1,l_per,16.0
1770033279,lightftp,chatafl,1,l_abs,171
1770033279,lightftp,chatafl,1,b_per,10.5
1770033279,lightftp,chatafl,1,b_abs,71
1770033295,lightftp,chatafl,1,l_per,16.0
1770033295,lightftp,chatafl,1,l_abs,171
1770033295,lightftp,chatafl,1,b_per,10.5
1770033295,lightftp,chatafl,1,b_abs,71
1770033313,lightftp,chatafl,1,l_per,16.0
1770033313,lightftp,chatafl,1,l_abs,171
1770033313,lightftp,chatafl,1,b_per,10.5
1770033313,lightftp,chatafl,1,b_abs,71
1770033339,lightftp,chatafl,1,l_per,16.0
1770033339,lightftp,chatafl,1,l_abs,171
1770033339,lightftp,chatafl,1,b_per,10.5
1770033339,lightftp,chatafl,1,b_abs,71
1770033352,lightftp,chatafl,1,l_per,16.0
1770033352,lightftp,chatafl,1,l_abs,171
1770033352,lightftp,chatafl,1,b_per,10.5
1770033352,lightftp,chatafl,1,b_abs,71
1770033362,lightftp,chatafl,1,l_per,16.0
1770033362,lightftp,chatafl,1,l_abs,171
1770033362,lightftp,chatafl,1,b_per,10.5
1770033362,lightftp,chatafl,1,b_abs,71
1770033363,lightftp,chatafl,1,l_per,16.0
1770033363,lightftp,chatafl,1,l_abs,171
1770033363,lightftp,chatafl,1,b_per,10.5
1770033363,lightftp,chatafl,1,b_abs,71
1770033365,lightftp,chatafl,1,l_per,16.0
1770033365,lightftp,chatafl,1,l_abs,171
1770033365,lightftp,chatafl,1,b_per,10.5
1770033365,lightftp,chatafl,1,b_abs,71
1770033366,lightftp,chatafl,1,l_per,16.0
1770033366,lightftp,chatafl,1,l_abs,171
1770033366,lightftp,chatafl,1,b_per,10.5
1770033366,lightftp,chatafl,1,b_abs,71
1770033369,lightftp,chatafl,1,l_per,16.0
1770033369,lightftp,chatafl,1,l_abs,171
1770033369,lightftp,chatafl,1,b_per,10.5
1770033369,lightftp,chatafl,1,b_abs,71
1770033371,lightftp,chatafl,1,l_per,16.0
1770033371,lightftp,chatafl,1,l_abs,171
1770033371,lightftp,chatafl,1,b_per,10.5
1770033371,lightftp,chatafl,1,b_abs,71
1770033374,lightftp,chatafl,1,l_per,16.0
1770033374,lightftp,chatafl,1,l_abs,171
1770033374,lightftp,chatafl,1,b_per,10.5
1770033374,lightftp,chatafl,1,b_abs,71
1770033375,lightftp,chatafl,1,l_per,16.0
1770033375,lightftp,chatafl,1,l_abs,171
1770033375,lightftp,chatafl,1,b_per,10.5
1770033375,lightftp,chatafl,1,b_abs,71
1770033378,lightftp,chatafl,1,l_per,16.0
1770033378,lightftp,chatafl,1,l_abs,171
1770033378,lightftp,chatafl,1,b_per,10.5
1770033378,lightftp,chatafl,1,b_abs,71
1770033380,lightftp,chatafl,1,l_per,16.0
1770033380,lightftp,chatafl,1,l_abs,171
1770033380,lightftp,chatafl,1,b_per,10.5
1770033380,lightftp,chatafl,1,b_abs,71
1770033382,lightftp,chatafl,1,l_per,16.0
1770033382,lightftp,chatafl,1,l_abs,171
1770033382,lightftp,chatafl,1,b_per,10.5
1770033382,lightftp,chatafl,1,b_abs,71
1770033385,lightftp,chatafl,1,l_per,16.0
1770033385,lightftp,chatafl,1,l_abs,171
1770033385,lightftp,chatafl,1,b_per,10.5
1770033385,lightftp,chatafl,1,b_abs,71
1770033388,lightftp,chatafl,1,l_per,16.0
1770033388,lightftp,chatafl,1,l_abs,171
1770033388,lightftp,chatafl,1,b_per,10.5
1770033388,lightftp,chatafl,1,b_abs,71
1770033391,lightftp,chatafl,1,l_per,16.0
1770033391,lightftp,chatafl,1,l_abs,171
1770033391,lightftp,chatafl,1,b_per,10.5
1770033391,lightftp,chatafl,1,b_abs,71
1770033392,lightftp,chatafl,1,l_per,16.0
1770033392,lightftp,chatafl,1,l_abs,171
1770033392,lightftp,chatafl,1,b_per,10.5
1770033392,lightftp,chatafl,1,b_abs,71
1770033394,lightftp,chatafl,1,l_per,16.0
1770033394,lightftp,chatafl,1,l_abs,171
1770033394,lightftp,chatafl,1,b_per,10.5
1770033394,lightftp,chatafl,1,b_abs,71
1770033396,lightftp,chatafl,1,l_per,16.0
1770033396,lightftp,chatafl,1,l_abs,171
1770033396,lightftp,chatafl,1,b_per,10.5
1770033396,lightftp,chatafl,1,b_abs,71
1770033398,lightftp,chatafl,1,l_per,16.0
1770033398,lightftp,chatafl,1,l_abs,171
1770033398,lightftp,chatafl,1,b_per,10.5
1770033398,lightftp,chatafl,1,b_abs,71
1770033401,lightftp,chatafl,1,l_per,16.0
1770033401,lightftp,chatafl,1,l_abs,171
1770033401,lightftp,chatafl,1,b_per,10.5
1770033401,lightftp,chatafl,1,b_abs,71
1770033403,lightftp,chatafl,1,l_per,16.0
1770033403,lightftp,chatafl,1,l_abs,171
1770033403,lightftp,chatafl,1,b_per,10.5
1770033403,lightftp,chatafl,1,b_abs,71
1770033404,lightftp,chatafl,1,l_per,16.0
1770033404,lightftp,chatafl,1,l_abs,171
1770033404,lightftp,chatafl,1,b_per,10.5
1770033404,lightftp,chatafl,1,b_abs,71
1770033407,lightftp,chatafl,1,l_per,16.0
1770033407,lightftp,chatafl,1,l_abs,171
1770033407,lightftp,chatafl,1,b_per,10.5
1770033407,lightftp,chatafl,1,b_abs,71
1770033411,lightftp,chatafl,1,l_per,16.0
1770033411,lightftp,chatafl,1,l_abs,171
1770033411,lightftp,chatafl,1,b_per,10.5
1770033411,lightftp,chatafl,1,b_abs,71
1770033415,lightftp,chatafl,1,l_per,16.0
1770033415,lightftp,chatafl,1,l_abs,171
1770033415,lightftp,chatafl,1,b_per,10.5
1770033415,lightftp,chatafl,1,b_abs,71
1770033418,lightftp,chatafl,1,l_per,16.0
1770033418,lightftp,chatafl,1,l_abs,171
1770033418,lightftp,chatafl,1,b_per,10.5
1770033418,lightftp,chatafl,1,b_abs,71
1770033419,lightftp,chatafl,1,l_per,16.0
1770033419,lightftp,chatafl,1,l_abs,171
1770033419,lightftp,chatafl,1,b_per,10.5
1770033419,lightftp,chatafl,1,b_abs,71
1770033422,lightftp,chatafl,1,l_per,16.0
1770033422,lightftp,chatafl,1,l_abs,171
1770033422,lightftp,chatafl,1,b_per,10.5
1770033422,lightftp,chatafl,1,b_abs,71
1770033424,lightftp,chatafl,1,l_per,16.0
1770033424,lightftp,chatafl,1,l_abs,171
1770033424,lightftp,chatafl,1,b_per,10.5
1770033424,lightftp,chatafl,1,b_abs,71
1770033428,lightftp,chatafl,1,l_per,16.0
1770033428,lightftp,chatafl,1,l_abs,171
1770033428,lightftp,chatafl,1,b_per,10.5
1770033428,lightftp,chatafl,1,b_abs,71
1770033430,lightftp,chatafl,1,l_per,16.0
1770033430,lightftp,chatafl,1,l_abs,171
1770033430,lightftp,chatafl,1,b_per,10.5
1770033430,lightftp,chatafl,1,b_abs,71
1770033433,lightftp,chatafl,1,l_per,16.0
1770033433,lightftp,chatafl,1,l_abs,171
1770033433,lightftp,chatafl,1,b_per,10.5
1770033433,lightftp,chatafl,1,b_abs,71
1770033437,lightftp,chatafl,1,l_per,16.0
1770033437,lightftp,chatafl,1,l_abs,171
1770033437,lightftp,chatafl,1,b_per,10.5
1770033437,lightftp,chatafl,1,b_abs,71
1770033439,lightftp,chatafl,1,l_per,16.0
1770033439,lightftp,chatafl,1,l_abs,171
1770033439,lightftp,chatafl,1,b_per,10.5
1770033439,lightftp,chatafl,1,b_abs,71
1770033444,lightftp,chatafl,1,l_per,16.0
1770033444,lightftp,chatafl,1,l_abs,171
1770033444,lightftp,chatafl,1,b_per,10.5
1770033444,lightftp,chatafl,1,b_abs,71
1770033448,lightftp,chatafl,1,l_per,16.0
1770033448,lightftp,chatafl,1,l_abs,171
1770033448,lightftp,chatafl,1,b_per,10.5
1770033448,lightftp,chatafl,1,b_abs,71
1770033453,lightftp,chatafl,1,l_per,16.0
1770033453,lightftp,chatafl,1,l_abs,171
1770033453,lightftp,chatafl,1,b_per,10.5
1770033453,lightftp,chatafl,1,b_abs,71
1770033456,lightftp,chatafl,1,l_per,16.0
1770033456,lightftp,chatafl,1,l_abs,171
1770033456,lightftp,chatafl,1,b_per,10.5
1770033456,lightftp,chatafl,1,b_abs,71
1770033460,lightftp,chatafl,1,l_per,16.0
1770033460,lightftp,chatafl,1,l_abs,171
1770033460,lightftp,chatafl,1,b_per,10.5
1770033460,lightftp,chatafl,1,b_abs,71
1770033462,lightftp,chatafl,1,l_per,16.0
1770033462,lightftp,chatafl,1,l_abs,171
1770033462,lightftp,chatafl,1,b_per,10.5
1770033462,lightftp,chatafl,1,b_abs,71
1770033464,lightftp,chatafl,1,l_per,16.0
1770033464,lightftp,chatafl,1,l_abs,171
1770033464,lightftp,chatafl,1,b_per,10.5
1770033464,lightftp,chatafl,1,b_abs,71
1770033465,lightftp,chatafl,1,l_per,16.0
1770033465,lightftp,chatafl,1,l_abs,171
1770033465,lightftp,chatafl,1,b_per,10.5
1770033465,lightftp,chatafl,1,b_abs,71
1770033467,lightftp,chatafl,1,l_per,16.0
1770033467,lightftp,chatafl,1,l_abs,171
1770033467,lightftp,chatafl,1,b_per,10.5
1770033467,lightftp,chatafl,1,b_abs,71
1770033471,lightftp,chatafl,1,l_per,16.0
1770033471,lightftp,chatafl,1,l_abs,171
1770033471,lightftp,chatafl,1,b_per,10.5
1770033471,lightftp,chatafl,1,b_abs,71
1770033475,lightftp,chatafl,1,l_per,16.0
1770033475,lightftp,chatafl,1,l_abs,171
1770033475,lightftp,chatafl,1,b_per,10.5
1770033475,lightftp,chatafl,1,b_abs,71
1770033477,lightftp,chatafl,1,l_per,16.0
1770033477,lightftp,chatafl,1,l_abs,171
1770033477,lightftp,chatafl,1,b_per,10.5
1770033477,lightftp,chatafl,1,b_abs,71
1770033481,lightftp,chatafl,1,l_per,16.0
1770033481,lightftp,chatafl,1,l_abs,171
1770033481,lightftp,chatafl,1,b_per,10.5
1770033481,lightftp,chatafl,1,b_abs,71
1770033486,lightftp,chatafl,1,l_per,16.0
1770033486,lightftp,chatafl,1,l_abs,171
1770033486,lightftp,chatafl,1,b_per,10.5
1770033486,lightftp,chatafl,1,b_abs,71
1770033491,lightftp,chatafl,1,l_per,16.0
1770033491,lightftp,chatafl,1,l_abs,171
1770033491,lightftp,chatafl,1,b_per,10.5
1770033491,lightftp,chatafl,1,b_abs,71
1770033494,lightftp,chatafl,1,l_per,16.0
1770033494,lightftp,chatafl,1,l_abs,171
1770033494,lightftp,chatafl,1,b_per,10.5
1770033494,lightftp,chatafl,1,b_abs,71
1770033497,lightftp,chatafl,1,l_per,16.0
1770033497,lightftp,chatafl,1,l_abs,171
1770033497,lightftp,chatafl,1,b_per,10.5
1770033497,lightftp,chatafl,1,b_abs,71
1770033506,lightftp,chatafl,1,l_per,16.0
1770033506,lightftp,chatafl,1,l_abs,171
1770033506,lightftp,chatafl,1,b_per,10.5
1770033506,lightftp,chatafl,1,b_abs,71
1770033512,lightftp,chatafl,1,l_per,16.0
1770033512,lightftp,chatafl,1,l_abs,171
1770033512,lightftp,chatafl,1,b_per,10.5
1770033512,lightftp,chatafl,1,b_abs,71
1770033518,lightftp,chatafl,1,l_per,16.0
1770033518,lightftp,chatafl,1,l_abs,171
1770033518,lightftp,chatafl,1,b_per,10.5
1770033518,lightftp,chatafl,1,b_abs,71
1770033520,lightftp,chatafl,1,l_per,16.0
1770033520,lightftp,chatafl,1,l_abs,171
1770033520,lightftp,chatafl,1,b_per,10.5
1770033520,lightftp,chatafl,1,b_abs,71
1770033525,lightftp,chatafl,1,l_per,16.0
1770033525,lightftp,chatafl,1,l_abs,171
1770033525,lightftp,chatafl,1,b_per,10.5
1770033525,lightftp,chatafl,1,b_abs,71
1770033533,lightftp,chatafl,1,l_per,16.0
1770033533,lightftp,chatafl,1,l_abs,171
1770033533,lightftp,chatafl,1,b_per,10.5
1770033533,lightftp,chatafl,1,b_abs,71
1770033537,lightftp,chatafl,1,l_per,16.0
1770033537,lightftp,chatafl,1,l_abs,171
1770033537,lightftp,chatafl,1,b_per,10.5
1770033537,lightftp,chatafl,1,b_abs,71
1770033538,lightftp,chatafl,1,l_per,16.0
1770033538,lightftp,chatafl,1,l_abs,171
1770033538,lightftp,chatafl,1,b_per,10.5
1770033538,lightftp,chatafl,1,b_abs,71
1770033541,lightftp,chatafl,1,l_per,16.0
1770033541,lightftp,chatafl,1,l_abs,171
1770033541,lightftp,chatafl,1,b_per,10.5
1770033541,lightftp,chatafl,1,b_abs,71
1770033545,lightftp,chatafl,1,l_per,16.0
1770033545,lightftp,chatafl,1,l_abs,171
1770033545,lightftp,chatafl,1,b_per,10.5
1770033545,lightftp,chatafl,1,b_abs,71
1770033547,lightftp,chatafl,1,l_per,16.0
1770033547,lightftp,chatafl,1,l_abs,171
1770033547,lightftp,chatafl,1,b_per,10.5
1770033547,lightftp,chatafl,1,b_abs,71
1770033548,lightftp,chatafl,1,l_per,16.0
1770033548,lightftp,chatafl,1,l_abs,171
1770033548,lightftp,chatafl,1,b_per,10.5
1770033548,lightftp,chatafl,1,b_abs,71
1770033551,lightftp,chatafl,1,l_per,16.0
1770033551,lightftp,chatafl,1,l_abs,171
1770033551,lightftp,chatafl,1,b_per,10.5
1770033551,lightftp,chatafl,1,b_abs,71
1770033553,lightftp,chatafl,1,l_per,16.0
1770033553,lightftp,chatafl,1,l_abs,171
1770033553,lightftp,chatafl,1,b_per,10.5
1770033553,lightftp,chatafl,1,b_abs,71
1770033557,lightftp,chatafl,1,l_per,16.0
1770033557,lightftp,chatafl,1,l_abs,171
1770033557,lightftp,chatafl,1,b_per,10.5
1770033557,lightftp,chatafl,1,b_abs,71
1770033560,lightftp,chatafl,1,l_per,16.0
1770033560,lightftp,chatafl,1,l_abs,171
1770033560,lightftp,chatafl,1,b_per,10.5
1770033560,lightftp,chatafl,1,b_abs,71
1770033565,lightftp,chatafl,1,l_per,16.0
1770033565,lightftp,chatafl,1,l_abs,171
1770033565,lightftp,chatafl,1,b_per,10.5
1770033565,lightftp,chatafl,1,b_abs,71
1770033567,lightftp,chatafl,1,l_per,16.0
1770033567,lightftp,chatafl,1,l_abs,171
1770033567,lightftp,chatafl,1,b_per,10.5
1770033567,lightftp,chatafl,1,b_abs,71
1770033581,lightftp,chatafl,1,l_per,16.0
1770033581,lightftp,chatafl,1,l_abs,171
1770033581,lightftp,chatafl,1,b_per,10.5
1770033581,lightftp,chatafl,1,b_abs,71
1770033584,lightftp,chatafl,1,l_per,16.0
1770033584,lightftp,chatafl,1,l_abs,171
1770033584,lightftp,chatafl,1,b_per,10.5
1770033584,lightftp,chatafl,1,b_abs,71
1770033600,lightftp,chatafl,1,l_per,16.0
1770033600,lightftp,chatafl,1,l_abs,171
1770033600,lightftp,chatafl,1,b_per,10.5
1770033600,lightftp,chatafl,1,b_abs,71
1770033603,lightftp,chatafl,1,l_per,16.0
1770033603,lightftp,chatafl,1,l_abs,171
1770033603,lightftp,chatafl,1,b_per,10.5
1770033603,lightftp,chatafl,1,b_abs,71
1770033608,lightftp,chatafl,1,l_per,16.0
1770033608,lightftp,chatafl,1,l_abs,171
1770033608,lightftp,chatafl,1,b_per,10.5
1770033608,lightftp,chatafl,1,b_abs,71
1770033625,lightftp,chatafl,1,l_per,16.0
1770033625,lightftp,chatafl,1,l_abs,171
1770033625,lightftp,chatafl,1,b_per,10.5
1770033625,lightftp,chatafl,1,b_abs,71
1770033630,lightftp,chatafl,1,l_per,16.0
1770033630,lightftp,chatafl,1,l_abs,171
1770033630,lightftp,chatafl,1,b_per,10.5
1770033630,lightftp,chatafl,1,b_abs,71
1770033638,lightftp,chatafl,1,l_per,16.0
1770033638,lightftp,chatafl,1,l_abs,171
1770033638,lightftp,chatafl,1,b_per,10.5
1770033638,lightftp,chatafl,1,b_abs,71
1770033642,lightftp,chatafl,1,l_per,16.0
1770033642,lightftp,chatafl,1,l_abs,171
1770033642,lightftp,chatafl,1,b_per,10.5
1770033642,lightftp,chatafl,1,b_abs,71
1770033643,lightftp,chatafl,1,l_per,16.0
1770033643,lightftp,chatafl,1,l_abs,171
1770033643,lightftp,chatafl,1,b_per,10.5
1770033643,lightftp,chatafl,1,b_abs,71
1770033644,lightftp,chatafl,1,l_per,16.0
1770033644,lightftp,chatafl,1,l_abs,171
1770033644,lightftp,chatafl,1,b_per,10.5
1770033644,lightftp,chatafl,1,b_abs,71
1770033651,lightftp,chatafl,1,l_per,16.0
1770033651,lightftp,chatafl,1,l_abs,171
1770033651,lightftp,chatafl,1,b_per,10.5
1770033651,lightftp,chatafl,1,b_abs,71
1770033655,lightftp,chatafl,1,l_per,16.0
1770033655,lightftp,chatafl,1,l_abs,171
1770033655,lightftp,chatafl,1,b_per,10.5
1770033655,lightftp,chatafl,1,b_abs,71
1770033658,lightftp,chatafl,1,l_per,16.0
1770033658,lightftp,chatafl,1,l_abs,171
1770033658,lightftp,chatafl,1,b_per,10.5
1770033658,lightftp,chatafl,1,b_abs,71
1770033661,lightftp,chatafl,1,l_per,16.0
1770033661,lightftp,chatafl,1,l_abs,171
1770033661,lightftp,chatafl,1,b_per,10.5
1770033661,lightftp,chatafl,1,b_abs,71
1770033667,lightftp,chatafl,1,l_per,16.0
1770033667,lightftp,chatafl,1,l_abs,171
1770033667,lightftp,chatafl,1,b_per,10.5
1770033667,lightftp,chatafl,1,b_abs,71
1770033672,lightftp,chatafl,1,l_per,16.0
1770033672,lightftp,chatafl,1,l_abs,171
1770033672,lightftp,chatafl,1,b_per,10.5
1770033672,lightftp,chatafl,1,b_abs,71
1770033677,lightftp,chatafl,1,l_per,16.0
1770033677,lightftp,chatafl,1,l_abs,171
1770033677,lightftp,chatafl,1,b_per,10.5
1770033677,lightftp,chatafl,1,b_abs,71
1770033687,lightftp,chatafl,1,l_per,16.0
1770033687,lightftp,chatafl,1,l_abs,171
1770033687,lightftp,chatafl,1,b_per,10.5
1770033687,lightftp,chatafl,1,b_abs,71
1770033694,lightftp,chatafl,1,l_per,16.0
1770033694,lightftp,chatafl,1,l_abs,171
1770033694,lightftp,chatafl,1,b_per,10.5
1770033694,lightftp,chatafl,1,b_abs,71
1770033698,lightftp,chatafl,1,l_per,16.0
1770033698,lightftp,chatafl,1,l_abs,171
1770033698,lightftp,chatafl,1,b_per,10.5
1770033698,lightftp,chatafl,1,b_abs,71
1770033703,lightftp,chatafl,1,l_per,16.0
1770033703,lightftp,chatafl,1,l_abs,171
1770033703,lightftp,chatafl,1,b_per,10.5
1770033703,lightftp,chatafl,1,b_abs,71
1770033710,lightftp,chatafl,1,l_per,16.0
1770033710,lightftp,chatafl,1,l_abs,171
1770033710,lightftp,chatafl,1,b_per,10.5
1770033710,lightftp,chatafl,1,b_abs,71
1770033718,lightftp,chatafl,1,l_per,16.0
1770033718,lightftp,chatafl,1,l_abs,171
1770033718,lightftp,chatafl,1,b_per,10.5
1770033718,lightftp,chatafl,1,b_abs,71
1770033734,lightftp,chatafl,1,l_per,16.0
1770033734,lightftp,chatafl,1,l_abs,171
1770033734,lightftp,chatafl,1,b_per,10.5
1770033734,lightftp,chatafl,1,b_abs,71
1770033747,lightftp,chatafl,1,l_per,16.0
1770033747,lightftp,chatafl,1,l_abs,171
1770033747,lightftp,chatafl,1,b_per,10.5
1770033747,lightftp,chatafl,1,b_abs,71
1770033764,lightftp,chatafl,1,l_per,16.0
1770033764,lightftp,chatafl,1,l_abs,171
1770033764,lightftp,chatafl,1,b_per,10.5
1770033764,lightftp,chatafl,1,b_abs,71
1770033797,lightftp,chatafl,1,l_per,16.0
1770033797,lightftp,chatafl,1,l_abs,171
1770033797,lightftp,chatafl,1,b_per,10.5
1770033797,lightftp,chatafl,1,b_abs,71
1770033828,lightftp,chatafl,1,l_per,16.0
1770033828,lightftp,chatafl,1,l_abs,171
1770033828,lightftp,chatafl,1,b_per,10.5
1770033828,lightftp,chatafl,1,b_abs,71
1770033842,lightftp,chatafl,1,l_per,16.0
1770033842,lightftp,chatafl,1,l_abs,171
1770033842,lightftp,chatafl,1,b_per,10.5
1770033842,lightftp,chatafl,1,b_abs,71
1770033845,lightftp,chatafl,1,l_per,16.0
1770033845,lightftp,chatafl,1,l_abs,171
1770033845,lightftp,chatafl,1,b_per,10.5
1770033845,lightftp,chatafl,1,b_abs,71
1770033851,lightftp,chatafl,1,l_per,16.0
1770033851,lightftp,chatafl,1,l_abs,171
1770033851,lightftp,chatafl,1,b_per,10.5
1770033851,lightftp,chatafl,1,b_abs,71
1770033863,lightftp,chatafl,1,l_per,16.0
1770033863,lightftp,chatafl,1,l_abs,171
1770033863,lightftp,chatafl,1,b_per,10.5
1770033863,lightftp,chatafl,1,b_abs,71
1770033870,lightftp,chatafl,1,l_per,16.0
1770033870,lightftp,chatafl,1,l_abs,171
1770033870,lightftp,chatafl,1,b_per,10.5
1770033870,lightftp,chatafl,1,b_abs,71
1770033877,lightftp,chatafl,1,l_per,16.0
1770033877,lightftp,chatafl,1,l_abs,171
1770033877,lightftp,chatafl,1,b_per,10.5
1770033877,lightftp,chatafl,1,b_abs,71
1770033879,lightftp,chatafl,1,l_per,16.0
1770033879,lightftp,chatafl,1,l_abs,171
1770033879,lightftp,chatafl,1,b_per,10.5
1770033879,lightftp,chatafl,1,b_abs,71
1770033884,lightftp,chatafl,1,l_per,16.0
1770033884,lightftp,chatafl,1,l_abs,171
1770033884,lightftp,chatafl,1,b_per,10.5
1770033884,lightftp,chatafl,1,b_abs,71
1770033913,lightftp,chatafl,1,l_per,16.0
1770033913,lightftp,chatafl,1,l_abs,171
1770033913,lightftp,chatafl,1,b_per,10.5
1770033913,lightftp,chatafl,1,b_abs,71
1770033920,lightftp,chatafl,1,l_per,16.0
1770033920,lightftp,chatafl,1,l_abs,171
1770033920,lightftp,chatafl,1,b_per,10.5
1770033920,lightftp,chatafl,1,b_abs,71
1770033927,lightftp,chatafl,1,l_per,16.0
1770033927,lightftp,chatafl,1,l_abs,171
1770033927,lightftp,chatafl,1,b_per,10.5
1770033927,lightftp,chatafl,1,b_abs,71
1770033928,lightftp,chatafl,1,l_per,16.0
1770033928,lightftp,chatafl,1,l_abs,171
1770033928,lightftp,chatafl,1,b_per,10.5
1770033928,lightftp,chatafl,1,b_abs,71
1770033948,lightftp,chatafl,1,l_per,16.0
1770033948,lightftp,chatafl,1,l_abs,171
1770033948,lightftp,chatafl,1,b_per,10.5
1770033948,lightftp,chatafl,1,b_abs,71
1770033951,lightftp,chatafl,1,l_per,16.0
1770033951,lightftp,chatafl,1,l_abs,171
1770033951,lightftp,chatafl,1,b_per,10.5
1770033951,lightftp,chatafl,1,b_abs,71
1770033967,lightftp,chatafl,1,l_per,16.0
1770033967,lightftp,chatafl,1,l_abs,171
1770033967,lightftp,chatafl,1,b_per,10.5
1770033967,lightftp,chatafl,1,b_abs,71
1770033970,lightftp,chatafl,1,l_per,16.0
1770033970,lightftp,chatafl,1,l_abs,171
1770033970,lightftp,chatafl,1,b_per,10.5
1770033970,lightftp,chatafl,1,b_abs,71
1770033975,lightftp,chatafl,1,l_per,16.0
1770033975,lightftp,chatafl,1,l_abs,171
1770033975,lightftp,chatafl,1,b_per,10.5
1770033975,lightftp,chatafl,1,b_abs,71
1770034007,lightftp,chatafl,1,l_per,16.0
1770034007,lightftp,chatafl,1,l_abs,171
1770034007,lightftp,chatafl,1,b_per,10.5
1770034007,lightftp,chatafl,1,b_abs,71
1770034021,lightftp,chatafl,1,l_per,16.0
1770034021,lightftp,chatafl,1,l_abs,171
1770034021,lightftp,chatafl,1,b_per,10.5
1770034021,lightftp,chatafl,1,b_abs,71
1770034041,lightftp,chatafl,1,l_per,16.0
1770034041,lightftp,chatafl,1,l_abs,171
1770034041,lightftp,chatafl,1,b_per,10.5
1770034041,lightftp,chatafl,1,b_abs,71
1770034051,lightftp,chatafl,1,l_per,16.0
1770034051,lightftp,chatafl,1,l_abs,171
1770034051,lightftp,chatafl,1,b_per,10.5
1770034051,lightftp,chatafl,1,b_abs,71
1770034072,lightftp,chatafl,1,l_per,16.0
1770034072,lightftp,chatafl,1,l_abs,171
1770034072,lightftp,chatafl,1,b_per,10.5
1770034072,lightftp,chatafl,1,b_abs,71
1770034081,lightftp,chatafl,1,l_per,16.0
1770034081,lightftp,chatafl,1,l_abs,171
1770034081,lightftp,chatafl,1,b_per,10.5
1770034081,lightftp,chatafl,1,b_abs,71
1770034086,lightftp,chatafl,1,l_per,16.0
1770034086,lightftp,chatafl,1,l_abs,171
1770034086,lightftp,chatafl,1,b_per,10.5
1770034086,lightftp,chatafl,1,b_abs,71
1770034096,lightftp,chatafl,1,l_per,16.0
1770034096,lightftp,chatafl,1,l_abs,171
1770034096,lightftp,chatafl,1,b_per,10.5
1770034096,lightftp,chatafl,1,b_abs,71
1770034102,lightftp,chatafl,1,l_per,16.0
1770034102,lightftp,chatafl,1,l_abs,171
1770034102,lightftp,chatafl,1,b_per,10.5
1770034102,lightftp,chatafl,1,b_abs,71
1770034118,lightftp,chatafl,1,l_per,16.0
1770034118,lightftp,chatafl,1,l_abs,171
1770034118,lightftp,chatafl,1,b_per,10.5
1770034118,lightftp,chatafl,1,b_abs,71
1770034136,lightftp,chatafl,1,l_per,16.0
1770034136,lightftp,chatafl,1,l_abs,171
1770034136,lightftp,chatafl,1,b_per,10.5
1770034136,lightftp,chatafl,1,b_abs,71
1770034228,lightftp,chatafl,1,l_per,16.0
1770034228,lightftp,chatafl,1,l_abs,171
1770034228,lightftp,chatafl,1,b_per,10.5
1770034228,lightftp,chatafl,1,b_abs,71
1770034260,lightftp,chatafl,1,l_per,16.0
1770034260,lightftp,chatafl,1,l_abs,171
1770034260,lightftp,chatafl,1,b_per,10.5
1770034260,lightftp,chatafl,1,b_abs,71
1770034265,lightftp,chatafl,1,l_per,16.0
1770034265,lightftp,chatafl,1,l_abs,171
1770034265,lightftp,chatafl,1,b_per,10.5
1770034265,lightftp,chatafl,1,b_abs,71
1770034324,lightftp,chatafl,1,l_per,16.0
1770034324,lightftp,chatafl,1,l_abs,171
1770034324,lightftp,chatafl,1,b_per,10.5
1770034324,lightftp,chatafl,1,b_abs,71
1770034330,lightftp,chatafl,1,l_per,16.0
1770034330,lightftp,chatafl,1,l_abs,171
1770034330,lightftp,chatafl,1,b_per,10.5
1770034330,lightftp,chatafl,1,b_abs,71
1770034349,lightftp,chatafl,1,l_per,16.0
1770034349,lightftp,chatafl,1,l_abs,171
1770034349,lightftp,chatafl,1,b_per,10.5
1770034349,lightftp,chatafl,1,b_abs,71
1770034352,lightftp,chatafl,1,l_per,16.0
1770034352,lightftp,chatafl,1,l_abs,171
1770034352,lightftp,chatafl,1,b_per,10.5
1770034352,lightftp,chatafl,1,b_abs,71
1770034359,lightftp,chatafl,1,l_per,16.0
1770034359,lightftp,chatafl,1,l_abs,171
1770034359,lightftp,chatafl,1,b_per,10.5
1770034359,lightftp,chatafl,1,b_abs,71
1770034370,lightftp,chatafl,1,l_per,16.0
1770034370,lightftp,chatafl,1,l_abs,171
1770034370,lightftp,chatafl,1,b_per,10.5
1770034370,lightftp,chatafl,1,b_abs,71
1770034405,lightftp,chatafl,1,l_per,16.0
1770034405,lightftp,chatafl,1,l_abs,171
1770034405,lightftp,chatafl,1,b_per,10.5
1770034405,lightftp,chatafl,1,b_abs,71
1770034409,lightftp,chatafl,1,l_per,16.0
1770034409,lightftp,chatafl,1,l_abs,171
1770034409,lightftp,chatafl,1,b_per,10.5
1770034409,lightftp,chatafl,1,b_abs,71
1770034413,lightftp,chatafl,1,l_per,16.0
1770034413,lightftp,chatafl,1,l_abs,171
1770034413,lightftp,chatafl,1,b_per,10.5
1770034413,lightftp,chatafl,1,b_abs,71
1770034417,lightftp,chatafl,1,l_per,16.0
1770034417,lightftp,chatafl,1,l_abs,171
1770034417,lightftp,chatafl,1,b_per,10.5
1770034417,lightftp,chatafl,1,b_abs,71
1770034423,lightftp,chatafl,1,l_per,16.0
1770034423,lightftp,chatafl,1,l_abs,171
1770034423,lightftp,chatafl,1,b_per,10.5
1770034423,lightftp,chatafl,1,b_abs,71
1770034437,lightftp,chatafl,1,l_per,16.0
1770034437,lightftp,chatafl,1,l_abs,171
1770034437,lightftp,chatafl,1,b_per,10.5
1770034437,lightftp,chatafl,1,b_abs,71
1770034446,lightftp,chatafl,1,l_per,16.0
1770034446,lightftp,chatafl,1,l_abs,171
1770034446,lightftp,chatafl,1,b_per,10.5
1770034446,lightftp,chatafl,1,b_abs,71
1770034463,lightftp,chatafl,1,l_per,16.0
1770034463,lightftp,chatafl,1,l_abs,171
1770034463,lightftp,chatafl,1,b_per,10.5
1770034463,lightftp,chatafl,1,b_abs,71
1770034475,lightftp,chatafl,1,l_per,16.0
1770034475,lightftp,chatafl,1,l_abs,171
1770034475,lightftp,chatafl,1,b_per,10.5
1770034475,lightftp,chatafl,1,b_abs,71
1770034495,lightftp,chatafl,1,l_per,16.0
1770034495,lightftp,chatafl,1,l_abs,171
1770034495,lightftp,chatafl,1,b_per,10.5
1770034495,lightftp,chatafl,1,b_abs,71
1770034522,lightftp,chatafl,1,l_per,16.0
1770034522,lightftp,chatafl,1,l_abs,171
1770034522,lightftp,chatafl,1,b_per,10.5
1770034522,lightftp,chatafl,1,b_abs,71
1770034547,lightftp,chatafl,1,l_per,16.0
1770034547,lightftp,chatafl,1,l_abs,171
1770034547,lightftp,chatafl,1,b_per,10.5
1770034547,lightftp,chatafl,1,b_abs,71
1770034564,lightftp,chatafl,1,l_per,16.0
1770034564,lightftp,chatafl,1,l_abs,171
1770034564,lightftp,chatafl,1,b_per,10.5
1770034564,lightftp,chatafl,1,b_abs,71
1770034566,lightftp,chatafl,1,l_per,16.0
1770034566,lightftp,chatafl,1,l_abs,171
1770034566,lightftp,chatafl,1,b_per,10.5
1770034566,lightftp,chatafl,1,b_abs,71
1770034574,lightftp,chatafl,1,l_per,16.0
1770034574,lightftp,chatafl,1,l_abs,171
1770034574,lightftp,chatafl,1,b_per,10.5
1770034574,lightftp,chatafl,1,b_abs,71
1770034578,lightftp,chatafl,1,l_per,16.0
1770034578,lightftp,chatafl,1,l_abs,171
1770034578,lightftp,chatafl,1,b_per,10.5
1770034578,lightftp,chatafl,1,b_abs,71
1770034596,lightftp,chatafl,1,l_per,16.0
1770034596,lightftp,chatafl,1,l_abs,171
1770034596,lightftp,chatafl,1,b_per,10.5
1770034596,lightftp,chatafl,1,b_abs,71
1770034603,lightftp,chatafl,1,l_per,16.0
1770034603,lightftp,chatafl,1,l_abs,171
1770034603,lightftp,chatafl,1,b_per,10.5
1770034603,lightftp,chatafl,1,b_abs,71
1770034608,lightftp,chatafl,1,l_per,16.0
1770034608,lightftp,chatafl,1,l_abs,171
1770034608,lightftp,chatafl,1,b_per,10.5
1770034608,lightftp,chatafl,1,b_abs,71
1770034613,lightftp,chatafl,1,l_per,16.0
1770034613,lightftp,chatafl,1,l_abs,171
1770034613,lightftp,chatafl,1,b_per,10.5
1770034613,lightftp,chatafl,1,b_abs,71
1770034629,lightftp,chatafl,1,l_per,16.0
1770034629,lightftp,chatafl,1,l_abs,171
1770034629,lightftp,chatafl,1,b_per,10.5
1770034629,lightftp,chatafl,1,b_abs,71
1770034638,lightftp,chatafl,1,l_per,16.0
1770034638,lightftp,chatafl,1,l_abs,171
1770034638,lightftp,chatafl,1,b_per,10.5
1770034638,lightftp,chatafl,1,b_abs,71
1770034644,lightftp,chatafl,1,l_per,16.0
1770034644,lightftp,chatafl,1,l_abs,171
1770034644,lightftp,chatafl,1,b_per,10.5
1770034644,lightftp,chatafl,1,b_abs,71
1770034647,lightftp,chatafl,1,l_per,16.0
1770034647,lightftp,chatafl,1,l_abs,171
1770034647,lightftp,chatafl,1,b_per,10.5
1770034647,lightftp,chatafl,1,b_abs,71
1770034651,lightftp,chatafl,1,l_per,16.0
1770034651,lightftp,chatafl,1,l_abs,171
1770034651,lightftp,chatafl,1,b_per,10.5
1770034651,lightftp,chatafl,1,b_abs,71
1770034656,lightftp,chatafl,1,l_per,16.0
1770034656,lightftp,chatafl,1,l_abs,171
1770034656,lightftp,chatafl,1,b_per,10.5
1770034656,lightftp,chatafl,1,b_abs,71
1770034663,lightftp,chatafl,1,l_per,16.0
1770034663,lightftp,chatafl,1,l_abs,171
1770034663,lightftp,chatafl,1,b_per,10.5
1770034663,lightftp,chatafl,1,b_abs,71
1770034685,lightftp,chatafl,1,l_per,16.0
1770034685,lightftp,chatafl,1,l_abs,171
1770034685,lightftp,chatafl,1,b_per,10.5
1770034685,lightftp,chatafl,1,b_abs,71
1770034711,lightftp,chatafl,1,l_per,16.0
1770034711,lightftp,chatafl,1,l_abs,171
1770034711,lightftp,chatafl,1,b_per,10.5
1770034711,lightftp,chatafl,1,b_abs,71
1770034728,lightftp,chatafl,1,l_per,16.0
1770034728,lightftp,chatafl,1,l_abs,171
1770034728,lightftp,chatafl,1,b_per,10.5
1770034728,lightftp,chatafl,1,b_abs,71
1770034735,lightftp,chatafl,1,l_per,16.0
1770034735,lightftp,chatafl,1,l_abs,171
1770034735,lightftp,chatafl,1,b_per,10.5
1770034735,lightftp,chatafl,1,b_abs,71
1770034743,lightftp,chatafl,1,l_per,16.0
1770034743,lightftp,chatafl,1,l_abs,171
1770034743,lightftp,chatafl,1,b_per,10.5
1770034743,lightftp,chatafl,1,b_abs,71
1770034751,lightftp,chatafl,1,l_per,16.0
1770034751,lightftp,chatafl,1,l_abs,171
1770034751,lightftp,chatafl,1,b_per,10.5
1770034751,lightftp,chatafl,1,b_abs,71
1770034759,lightftp,chatafl,1,l_per,16.0
1770034759,lightftp,chatafl,1,l_abs,171
1770034759,lightftp,chatafl,1,b_per,10.5
1770034759,lightftp,chatafl,1,b_abs,71
1770034772,lightftp,chatafl,1,l_per,16.0
1770034772,lightftp,chatafl,1,l_abs,171
1770034772,lightftp,chatafl,1,b_per,10.5
1770034772,lightftp,chatafl,1,b_abs,71
1770034793,lightftp,chatafl,1,l_per,16.0
1770034793,lightftp,chatafl,1,l_abs,171
1770034793,lightftp,chatafl,1,b_per,10.5
1770034793,lightftp,chatafl,1,b_abs,71
1770034809,lightftp,chatafl,1,l_per,16.0
1770034809,lightftp,chatafl,1,l_abs,171
1770034809,lightftp,chatafl,1,b_per,10.5
1770034809,lightftp,chatafl,1,b_abs,71
1770034822,lightftp,chatafl,1,l_per,16.0
1770034822,lightftp,chatafl,1,l_abs,171
1770034822,lightftp,chatafl,1,b_per,10.5
1770034822,lightftp,chatafl,1,b_abs,71
1770034825,lightftp,chatafl,1,l_per,16.0
1770034825,lightftp,chatafl,1,l_abs,171
1770034825,lightftp,chatafl,1,b_per,10.5
1770034825,lightftp,chatafl,1,b_abs,71
1770034828,lightftp,chatafl,1,l_per,16.0
1770034828,lightftp,chatafl,1,l_abs,171
1770034828,lightftp,chatafl,1,b_per,10.5
1770034828,lightftp,chatafl,1,b_abs,71
1770034831,lightftp,chatafl,1,l_per,16.0
1770034831,lightftp,chatafl,1,l_abs,171
1770034831,lightftp,chatafl,1,b_per,10.5
1770034831,lightftp,chatafl,1,b_abs,71
1770034840,lightftp,chatafl,1,l_per,16.0
1770034840,lightftp,chatafl,1,l_abs,171
1770034840,lightftp,chatafl,1,b_per,10.5
1770034840,lightftp,chatafl,1,b_abs,71
1770034844,lightftp,chatafl,1,l_per,16.0
1770034844,lightftp,chatafl,1,l_abs,171
1770034844,lightftp,chatafl,1,b_per,10.5
1770034844,lightftp,chatafl,1,b_abs,71
1770034856,lightftp,chatafl,1,l_per,16.0
1770034856,lightftp,chatafl,1,l_abs,171
1770034856,lightftp,chatafl,1,b_per,10.5
1770034856,lightftp,chatafl,1,b_abs,71
1770034860,lightftp,chatafl,1,l_per,16.0
1770034860,lightftp,chatafl,1,l_abs,171
1770034860,lightftp,chatafl,1,b_per,10.5
1770034860,lightftp,chatafl,1,b_abs,71
1770034871,lightftp,chatafl,1,l_per,16.0
1770034871,lightftp,chatafl,1,l_abs,171
1770034871,lightftp,chatafl,1,b_per,10.5
1770034871,lightftp,chatafl,1,b_abs,71
1770034900,lightftp,chatafl,1,l_per,16.0
1770034900,lightftp,chatafl,1,l_abs,171
1770034900,lightftp,chatafl,1,b_per,10.5
1770034900,lightftp,chatafl,1,b_abs,71
1770034926,lightftp,chatafl,1,l_per,16.0
1770034926,lightftp,chatafl,1,l_abs,171
1770034926,lightftp,chatafl,1,b_per,10.5
1770034926,lightftp,chatafl,1,b_abs,71
1770034928,lightftp,chatafl,1,l_per,16.0
1770034928,lightftp,chatafl,1,l_abs,171
1770034928,lightftp,chatafl,1,b_per,10.5
1770034928,lightftp,chatafl,1,b_abs,71
1770034967,lightftp,chatafl,1,l_per,16.0
1770034967,lightftp,chatafl,1,l_abs,171
1770034967,lightftp,chatafl,1,b_per,10.5
1770034967,lightftp,chatafl,1,b_abs,71
1770034982,lightftp,chatafl,1,l_per,16.0
1770034982,lightftp,chatafl,1,l_abs,171
1770034982,lightftp,chatafl,1,b_per,10.5
1770034982,lightftp,chatafl,1,b_abs,71
1770035034,lightftp,chatafl,1,l_per,16.0
1770035034,lightftp,chatafl,1,l_abs,171
1770035034,lightftp,chatafl,1,b_per,10.5
1770035034,lightftp,chatafl,1,b_abs,71
1770035052,lightftp,chatafl,1,l_per,16.0
1770035052,lightftp,chatafl,1,l_abs,171
1770035052,lightftp,chatafl,1,b_per,10.5
1770035052,lightftp,chatafl,1,b_abs,71
1770035056,lightftp,chatafl,1,l_per,16.0
1770035056,lightftp,chatafl,1,l_abs,171
1770035056,lightftp,chatafl,1,b_per,10.5
1770035056,lightftp,chatafl,1,b_abs,71
1770035062,lightftp,chatafl,1,l_per,16.0
1770035062,lightftp,chatafl,1,l_abs,171
1770035062,lightftp,chatafl,1,b_per,10.5
1770035062,lightftp,chatafl,1,b_abs,71
1770035064,lightftp,chatafl,1,l_per,16.0
1770035064,lightftp,chatafl,1,l_abs,171
1770035064,lightftp,chatafl,1,b_per,10.5
1770035064,lightftp,chatafl,1,b_abs,71
1770035069,lightftp,chatafl,1,l_per,16.0
1770035069,lightftp,chatafl,1,l_abs,171
1770035069,lightftp,chatafl,1,b_per,10.5
1770035069,lightftp,chatafl,1,b_abs,71
1770035089,lightftp,chatafl,1,l_per,16.0
1770035089,lightftp,chatafl,1,l_abs,171
1770035089,lightftp,chatafl,1,b_per,10.5
1770035089,lightftp,chatafl,1,b_abs,71
1770035105,lightftp,chatafl,1,l_per,16.0
1770035105,lightftp,chatafl,1,l_abs,171
1770035105,lightftp,chatafl,1,b_per,10.5
1770035105,lightftp,chatafl,1,b_abs,71
1770035152,lightftp,chatafl,1,l_per,16.0
1770035152,lightftp,chatafl,1,l_abs,171
1770035152,lightftp,chatafl,1,b_per,10.5
1770035152,lightftp,chatafl,1,b_abs,71
1770035166,lightftp,chatafl,1,l_per,16.0
1770035166,lightftp,chatafl,1,l_abs,171
1770035166,lightftp,chatafl,1,b_per,10.5
1770035166,lightftp,chatafl,1,b_abs,71
1770035174,lightftp,chatafl,1,l_per,16.0
1770035174,lightftp,chatafl,1,l_abs,171
1770035174,lightftp,chatafl,1,b_per,10.5
1770035174,lightftp,chatafl,1,b_abs,71
1770035194,lightftp,chatafl,1,l_per,16.0
1770035194,lightftp,chatafl,1,l_abs,171
1770035194,lightftp,chatafl,1,b_per,10.5
1770035194,lightftp,chatafl,1,b_abs,71
1770035198,lightftp,chatafl,1,l_per,16.0
1770035198,lightftp,chatafl,1,l_abs,171
1770035198,lightftp,chatafl,1,b_per,10.5
1770035198,lightftp,chatafl,1,b_abs,71
1770035204,lightftp,chatafl,1,l_per,16.0
1770035204,lightftp,chatafl,1,l_abs,171
1770035204,lightftp,chatafl,1,b_per,10.5
1770035204,lightftp,chatafl,1,b_abs,71
1770035210,lightftp,chatafl,1,l_per,16.0
1770035210,lightftp,chatafl,1,l_abs,171
1770035210,lightftp,chatafl,1,b_per,10.5
1770035210,lightftp,chatafl,1,b_abs,71
1770035235,lightftp,chatafl,1,l_per,16.0
1770035235,lightftp,chatafl,1,l_abs,171
1770035235,lightftp,chatafl,1,b_per,10.5
1770035235,lightftp,chatafl,1,b_abs,71
1770035249,lightftp,chatafl,1,l_per,16.0
1770035249,lightftp,chatafl,1,l_abs,171
1770035249,lightftp,chatafl,1,b_per,10.5
1770035249,lightftp,chatafl,1,b_abs,71
1770035294,lightftp,chatafl,1,l_per,16.0
1770035294,lightftp,chatafl,1,l_abs,171
1770035294,lightftp,chatafl,1,b_per,10.5
1770035294,lightftp,chatafl,1,b_abs,71
1770035347,lightftp,chatafl,1,l_per,16.0
1770035347,lightftp,chatafl,1,l_abs,171
1770035347,lightftp,chatafl,1,b_per,10.5
1770035347,lightftp,chatafl,1,b_abs,71
1770035365,lightftp,chatafl,1,l_per,16.0
1770035365,lightftp,chatafl,1,l_abs,171
1770035365,lightftp,chatafl,1,b_per,10.5
1770035365,lightftp,chatafl,1,b_abs,71
1770035402,lightftp,chatafl,1,l_per,16.0
1770035402,lightftp,chatafl,1,l_abs,171
1770035402,lightftp,chatafl,1,b_per,10.5
1770035402,lightftp,chatafl,1,b_abs,71
1770035405,lightftp,chatafl,1,l_per,16.0
1770035405,lightftp,chatafl,1,l_abs,171
1770035405,lightftp,chatafl,1,b_per,10.5
1770035405,lightftp,chatafl,1,b_abs,71
1770035416,lightftp,chatafl,1,l_per,16.0
1770035416,lightftp,chatafl,1,l_abs,171
1770035416,lightftp,chatafl,1,b_per,10.5
1770035416,lightftp,chatafl,1,b_abs,71
1770035436,lightftp,chatafl,1,l_per,16.0
1770035436,lightftp,chatafl,1,l_abs,171
1770035436,lightftp,chatafl,1,b_per,10.5
1770035436,lightftp,chatafl,1,b_abs,71
1770035449,lightftp,chatafl,1,l_per,16.0
1770035449,lightftp,chatafl,1,l_abs,171
1770035449,lightftp,chatafl,1,b_per,10.5
1770035449,lightftp,chatafl,1,b_abs,71
1770035457,lightftp,chatafl,1,l_per,16.0
1770035457,lightftp,chatafl,1,l_abs,171
1770035457,lightftp,chatafl,1,b_per,10.5
1770035457,lightftp,chatafl,1,b_abs,71
1770035469,lightftp,chatafl,1,l_per,16.0
1770035469,lightftp,chatafl,1,l_abs,171
1770035469,lightftp,chatafl,1,b_per,10.5
1770035469,lightftp,chatafl,1,b_abs,71
1770035491,lightftp,chatafl,1,l_per,16.0
1770035491,lightftp,chatafl,1,l_abs,171
1770035491,lightftp,chatafl,1,b_per,10.5
1770035491,lightftp,chatafl,1,b_abs,71
1770035499,lightftp,chatafl,1,l_per,16.0
1770035499,lightftp,chatafl,1,l_abs,171
1770035499,lightftp,chatafl,1,b_per,10.5
1770035499,lightftp,chatafl,1,b_abs,71
1770035524,lightftp,chatafl,1,l_per,16.0
1770035524,lightftp,chatafl,1,l_abs,171
1770035524,lightftp,chatafl,1,b_per,10.5
1770035524,lightftp,chatafl,1,b_abs,71
1770035664,lightftp,chatafl,1,l_per,16.0
1770035664,lightftp,chatafl,1,l_abs,171
1770035664,lightftp,chatafl,1,b_per,10.5
1770035664,lightftp,chatafl,1,b_abs,71
1770035669,lightftp,chatafl,1,l_per,16.0
1770035669,lightftp,chatafl,1,l_abs,171
1770035669,lightftp,chatafl,1,b_per,10.5
1770035669,lightftp,chatafl,1,b_abs,71
1770035677,lightftp,chatafl,1,l_per,16.0
1770035677,lightftp,chatafl,1,l_abs,171
1770035677,lightftp,chatafl,1,b_per,10.5
1770035677,lightftp,chatafl,1,b_abs,71
1770035683,lightftp,chatafl,1,l_per,16.0
1770035683,lightftp,chatafl,1,l_abs,171
1770035683,lightftp,chatafl,1,b_per,10.5
1770035683,lightftp,chatafl,1,b_abs,71
1770035694,lightftp,chatafl,1,l_per,16.0
1770035694,lightftp,chatafl,1,l_abs,171
1770035694,lightftp,chatafl,1,b_per,10.5
1770035694,lightftp,chatafl,1,b_abs,71
1770035699,lightftp,chatafl,1,l_per,16.0
1770035699,lightftp,chatafl,1,l_abs,171
1770035699,lightftp,chatafl,1,b_per,10.5
1770035699,lightftp,chatafl,1,b_abs,71
1770035710,lightftp,chatafl,1,l_per,16.0
1770035710,lightftp,chatafl,1,l_abs,171
1770035710,lightftp,chatafl,1,b_per,10.5
1770035710,lightftp,chatafl,1,b_abs,71
1770035721,lightftp,chatafl,1,l_per,16.0
1770035721,lightftp,chatafl,1,l_abs,171
1770035721,lightftp,chatafl,1,b_per,10.5
1770035721,lightftp,chatafl,1,b_abs,71
1770035754,lightftp,chatafl,1,l_per,16.0
1770035754,lightftp,chatafl,1,l_abs,171
1770035754,lightftp,chatafl,1,b_per,10.5
1770035754,lightftp,chatafl,1,b_abs,71
1770035757,lightftp,chatafl,1,l_per,16.0
1770035757,lightftp,chatafl,1,l_abs,171
1770035757,lightftp,chatafl,1,b_per,10.5
1770035757,lightftp,chatafl,1,b_abs,71
1770035786,lightftp,chatafl,1,l_per,16.0
1770035786,lightftp,chatafl,1,l_abs,171
1770035786,lightftp,chatafl,1,b_per,10.5
1770035786,lightftp,chatafl,1,b_abs,71
1770035806,lightftp,chatafl,1,l_per,16.0
1770035806,lightftp,chatafl,1,l_abs,171
1770035806,lightftp,chatafl,1,b_per,10.5
1770035806,lightftp,chatafl,1,b_abs,71
1770035852,lightftp,chatafl,1,l_per,16.0
1770035852,lightftp,chatafl,1,l_abs,171
1770035852,lightftp,chatafl,1,b_per,10.5
1770035852,lightftp,chatafl,1,b_abs,71
1770035865,lightftp,chatafl,1,l_per,16.0
1770035865,lightftp,chatafl,1,l_abs,171
1770035865,lightftp,chatafl,1,b_per,10.5
1770035865,lightftp,chatafl,1,b_abs,71
1770035940,lightftp,chatafl,1,l_per,16.0
1770035940,lightftp,chatafl,1,l_abs,171
1770035940,lightftp,chatafl,1,b_per,10.5
1770035940,lightftp,chatafl,1,b_abs,71
1770035949,lightftp,chatafl,1,l_per,16.0
1770035949,lightftp,chatafl,1,l_abs,171
1770035949,lightftp,chatafl,1,b_per,10.5
1770035949,lightftp,chatafl,1,b_abs,71
1770035957,lightftp,chatafl,1,l_per,16.0
1770035957,lightftp,chatafl,1,l_abs,171
1770035957,lightftp,chatafl,1,b_per,10.5
1770035957,lightftp,chatafl,1,b_abs,71
1770035969,lightftp,chatafl,1,l_per,16.0
1770035969,lightftp,chatafl,1,l_abs,171
1770035969,lightftp,chatafl,1,b_per,10.5
1770035969,lightftp,chatafl,1,b_abs,71
1770035974,lightftp,chatafl,1,l_per,16.0
1770035974,lightftp,chatafl,1,l_abs,171
1770035974,lightftp,chatafl,1,b_per,10.5
1770035974,lightftp,chatafl,1,b_abs,71
1770035989,lightftp,chatafl,1,l_per,16.0
1770035989,lightftp,chatafl,1,l_abs,171
1770035989,lightftp,chatafl,1,b_per,10.5
1770035989,lightftp,chatafl,1,b_abs,71
1770035998,lightftp,chatafl,1,l_per,16.0
1770035998,lightftp,chatafl,1,l_abs,171
1770035998,lightftp,chatafl,1,b_per,10.5
1770035998,lightftp,chatafl,1,b_abs,71
1770036035,lightftp,chatafl,1,l_per,16.0
1770036035,lightftp,chatafl,1,l_abs,171
1770036035,lightftp,chatafl,1,b_per,10.5
1770036035,lightftp,chatafl,1,b_abs,71
1770036074,lightftp,chatafl,1,l_per,16.0
1770036074,lightftp,chatafl,1,l_abs,171
1770036074,lightftp,chatafl,1,b_per,10.5
1770036074,lightftp,chatafl,1,b_abs,71
1770036087,lightftp,chatafl,1,l_per,16.0
1770036087,lightftp,chatafl,1,l_abs,171
1770036087,lightftp,chatafl,1,b_per,10.5
1770036087,lightftp,chatafl,1,b_abs,71
1770036122,lightftp,chatafl,1,l_per,16.0
1770036122,lightftp,chatafl,1,l_abs,171
1770036122,lightftp,chatafl,1,b_per,10.5
1770036122,lightftp,chatafl,1,b_abs,71
1770036165,lightftp,chatafl,1,l_per,16.0
1770036165,lightftp,chatafl,1,l_abs,171
1770036165,lightftp,chatafl,1,b_per,10.5
1770036165,lightftp,chatafl,1,b_abs,71
1770036217,lightftp,chatafl,1,l_per,16.0
1770036217,lightftp,chatafl,1,l_abs,171
1770036217,lightftp,chatafl,1,b_per,10.5
1770036217,lightftp,chatafl,1,b_abs,71
1770036227,lightftp,chatafl,1,l_per,16.0
1770036227,lightftp,chatafl,1,l_abs,171
1770036227,lightftp,chatafl,1,b_per,10.5
1770036227,lightftp,chatafl,1,b_abs,71
1770036231,lightftp,chatafl,1,l_per,16.0
1770036231,lightftp,chatafl,1,l_abs,171
1770036231,lightftp,chatafl,1,b_per,10.5
1770036231,lightftp,chatafl,1,b_abs,71
1770036244,lightftp,chatafl,1,l_per,16.0
1770036244,lightftp,chatafl,1,l_abs,171
1770036244,lightftp,chatafl,1,b_per,10.5
1770036244,lightftp,chatafl,1,b_abs,71
1770036246,lightftp,chatafl,1,l_per,16.0
1770036246,lightftp,chatafl,1,l_abs,171
1770036246,lightftp,chatafl,1,b_per,10.5
1770036246,lightftp,chatafl,1,b_abs,71
1770036271,lightftp,chatafl,1,l_per,16.0
1770036271,lightftp,chatafl,1,l_abs,171
1770036271,lightftp,chatafl,1,b_per,10.5
1770036271,lightftp,chatafl,1,b_abs,71
1770036278,lightftp,chatafl,1,l_per,16.0
1770036278,lightftp,chatafl,1,l_abs,171
1770036278,lightftp,chatafl,1,b_per,10.5
1770036278,lightftp,chatafl,1,b_abs,71
1770033134,lightftp,chatafl_opt,1,l_per,0.0
1770033134,lightftp,chatafl_opt,1,l_abs,0
1770033134,lightftp,chatafl_opt,1,b_per,0.0
1770033134,lightftp,chatafl_opt,1,b_abs,0
1770033135,lightftp,chatafl_opt,1,l_per,16.0
1770033135,lightftp,chatafl_opt,1,l_abs,171
1770033135,lightftp,chatafl_opt,1,b_per,10.5
1770033135,lightftp,chatafl_opt,1,b_abs,71
1770033136,lightftp,chatafl_opt,1,l_per,16.0
1770033136,lightftp,chatafl_opt,1,l_abs,171
1770033136,lightftp,chatafl_opt,1,b_per,10.5
1770033136,lightftp,chatafl_opt,1,b_abs,71
1770033138,lightftp,chatafl_opt,1,l_per,16.0
1770033138,lightftp,chatafl_opt,1,l_abs,171
1770033138,lightftp,chatafl_opt,1,b_per,10.5
1770033138,lightftp,chatafl_opt,1,b_abs,71
1770033139,lightftp,chatafl_opt,1,l_per,16.0
1770033139,lightftp,chatafl_opt,1,l_abs,171
1770033139,lightftp,chatafl_opt,1,b_per,10.5
1770033139,lightftp,chatafl_opt,1,b_abs,71
1770033140,lightftp,chatafl_opt,1,l_per,16.0
1770033140,lightftp,chatafl_opt,1,l_abs,171
1770033140,lightftp,chatafl_opt,1,b_per,10.5
1770033140,lightftp,chatafl_opt,1,b_abs,71
1770033141,lightftp,chatafl_opt,1,l_per,16.0
1770033141,lightftp,chatafl_opt,1,l_abs,171
1770033141,lightftp,chatafl_opt,1,b_per,10.5
1770033141,lightftp,chatafl_opt,1,b_abs,71
1770033142,lightftp,chatafl_opt,1,l_per,16.0
1770033142,lightftp,chatafl_opt,1,l_abs,171
1770033142,lightftp,chatafl_opt,1,b_per,10.5
1770033142,lightftp,chatafl_opt,1,b_abs,71
1770033143,lightftp,chatafl_opt,1,l_per,16.0
1770033143,lightftp,chatafl_opt,1,l_abs,171
1770033143,lightftp,chatafl_opt,1,b_per,10.5
1770033143,lightftp,chatafl_opt,1,b_abs,71
1770033144,lightftp,chatafl_opt,1,l_per,16.0
1770033144,lightftp,chatafl_opt,1,l_abs,171
1770033144,lightftp,chatafl_opt,1,b_per,10.5
1770033144,lightftp,chatafl_opt,1,b_abs,71
1770033145,lightftp,chatafl_opt,1,l_per,16.0
1770033145,lightftp,chatafl_opt,1,l_abs,171
1770033145,lightftp,chatafl_opt,1,b_per,10.5
1770033145,lightftp,chatafl_opt,1,b_abs,71
1770033147,lightftp,chatafl_opt,1,l_per,16.0
1770033147,lightftp,chatafl_opt,1,l_abs,171
1770033147,lightftp,chatafl_opt,1,b_per,10.5
1770033147,lightftp,chatafl_opt,1,b_abs,71
1770033148,lightftp,chatafl_opt,1,l_per,16.0
1770033148,lightftp,chatafl_opt,1,l_abs,171
1770033148,lightftp,chatafl_opt,1,b_per,10.5
1770033148,lightftp,chatafl_opt,1,b_abs,71
1770033149,lightftp,chatafl_opt,1,l_per,16.0
1770033149,lightftp,chatafl_opt,1,l_abs,171
1770033149,lightftp,chatafl_opt,1,b_per,10.5
1770033149,lightftp,chatafl_opt,1,b_abs,71
1770033150,lightftp,chatafl_opt,1,l_per,16.0
1770033150,lightftp,chatafl_opt,1,l_abs,171
1770033150,lightftp,chatafl_opt,1,b_per,10.5
1770033150,lightftp,chatafl_opt,1,b_abs,71
1770033151,lightftp,chatafl_opt,1,l_per,16.0
1770033151,lightftp,chatafl_opt,1,l_abs,171
1770033151,lightftp,chatafl_opt,1,b_per,10.5
1770033151,lightftp,chatafl_opt,1,b_abs,71
1770033152,lightftp,chatafl_opt,1,l_per,16.0
1770033152,lightftp,chatafl_opt,1,l_abs,171
1770033152,lightftp,chatafl_opt,1,b_per,10.5
1770033152,lightftp,chatafl_opt,1,b_abs,71
1770033154,lightftp,chatafl_opt,1,l_per,16.0
1770033154,lightftp,chatafl_opt,1,l_abs,171
1770033154,lightftp,chatafl_opt,1,b_per,10.5
1770033154,lightftp,chatafl_opt,1,b_abs,71
1770033155,lightftp,chatafl_opt,1,l_per,16.0
1770033155,lightftp,chatafl_opt,1,l_abs,171
1770033155,lightftp,chatafl_opt,1,b_per,10.5
1770033155,lightftp,chatafl_opt,1,b_abs,71
1770033156,lightftp,chatafl_opt,1,l_per,16.0
1770033156,lightftp,chatafl_opt,1,l_abs,171
1770033156,lightftp,chatafl_opt,1,b_per,10.5
1770033156,lightftp,chatafl_opt,1,b_abs,71
1770033157,lightftp,chatafl_opt,1,l_per,16.0
1770033157,lightftp,chatafl_opt,1,l_abs,171
1770033157,lightftp,chatafl_opt,1,b_per,10.5
1770033157,lightftp,chatafl_opt,1,b_abs,71
1770033158,lightftp,chatafl_opt,1,l_per,16.0
1770033158,lightftp,chatafl_opt,1,l_abs,171
1770033158,lightftp,chatafl_opt,1,b_per,10.5
1770033158,lightftp,chatafl_opt,1,b_abs,71
1770033159,lightftp,chatafl_opt,1,l_per,16.0
1770033159,lightftp,chatafl_opt,1,l_abs,171
1770033159,lightftp,chatafl_opt,1,b_per,10.5
1770033159,lightftp,chatafl_opt,1,b_abs,71
1770033160,lightftp,chatafl_opt,1,l_per,16.0
1770033160,lightftp,chatafl_opt,1,l_abs,171
1770033160,lightftp,chatafl_opt,1,b_per,10.5
1770033160,lightftp,chatafl_opt,1,b_abs,71
1770033161,lightftp,chatafl_opt,1,l_per,16.0
1770033161,lightftp,chatafl_opt,1,l_abs,171
1770033161,lightftp,chatafl_opt,1,b_per,10.5
1770033161,lightftp,chatafl_opt,1,b_abs,71
1770033162,lightftp,chatafl_opt,1,l_per,16.0
1770033162,lightftp,chatafl_opt,1,l_abs,171
1770033162,lightftp,chatafl_opt,1,b_per,10.5
1770033162,lightftp,chatafl_opt,1,b_abs,71
1770033163,lightftp,chatafl_opt,1,l_per,16.0
1770033163,lightftp,chatafl_opt,1,l_abs,171
1770033163,lightftp,chatafl_opt,1,b_per,10.5
1770033163,lightftp,chatafl_opt,1,b_abs,71
1770033164,lightftp,chatafl_opt,1,l_per,16.0
1770033164,lightftp,chatafl_opt,1,l_abs,171
1770033164,lightftp,chatafl_opt,1,b_per,10.5
1770033164,lightftp,chatafl_opt,1,b_abs,71
1770033165,lightftp,chatafl_opt,1,l_per,16.0
1770033165,lightftp,chatafl_opt,1,l_abs,171
1770033165,lightftp,chatafl_opt,1,b_per,10.5
1770033165,lightftp,chatafl_opt,1,b_abs,71
1770033167,lightftp,chatafl_opt,1,l_per,16.0
1770033167,lightftp,chatafl_opt,1,l_abs,171
1770033167,lightftp,chatafl_opt,1,b_per,10.5
1770033167,lightftp,chatafl_opt,1,b_abs,71
1770033168,lightftp,chatafl_opt,1,l_per,16.0
1770033168,lightftp,chatafl_opt,1,l_abs,171
1770033168,lightftp,chatafl_opt,1,b_per,10.5
1770033168,lightftp,chatafl_opt,1,b_abs,71
1770033169,lightftp,chatafl_opt,1,l_per,16.0
1770033169,lightftp,chatafl_opt,1,l_abs,171
1770033169,lightftp,chatafl_opt,1,b_per,10.5
1770033169,lightftp,chatafl_opt,1,b_abs,71
1770033170,lightftp,chatafl_opt,1,l_per,16.0
1770033170,lightftp,chatafl_opt,1,l_abs,171
1770033170,lightftp,chatafl_opt,1,b_per,10.5
1770033170,lightftp,chatafl_opt,1,b_abs,71
1770033171,lightftp,chatafl_opt,1,l_per,16.0
1770033171,lightftp,chatafl_opt,1,l_abs,171
1770033171,lightftp,chatafl_opt,1,b_per,10.5
1770033171,lightftp,chatafl_opt,1,b_abs,71
1770033172,lightftp,chatafl_opt,1,l_per,16.0
1770033172,lightftp,chatafl_opt,1,l_abs,171
1770033172,lightftp,chatafl_opt,1,b_per,10.5
1770033172,lightftp,chatafl_opt,1,b_abs,71
1770033173,lightftp,chatafl_opt,1,l_per,16.0
1770033173,lightftp,chatafl_opt,1,l_abs,171
1770033173,lightftp,chatafl_opt,1,b_per,10.5
1770033173,lightftp,chatafl_opt,1,b_abs,71
1770033175,lightftp,chatafl_opt,1,l_per,16.0
1770033175,lightftp,chatafl_opt,1,l_abs,171
1770033175,lightftp,chatafl_opt,1,b_per,10.5
1770033175,lightftp,chatafl_opt,1,b_abs,71
1770033176,lightftp,chatafl_opt,1,l_per,16.0
1770033176,lightftp,chatafl_opt,1,l_abs,171
1770033176,lightftp,chatafl_opt,1,b_per,10.5
1770033176,lightftp,chatafl_opt,1,b_abs,71
1770033177,lightftp,chatafl_opt,1,l_per,16.0
1770033177,lightftp,chatafl_opt,1,l_abs,171
1770033177,lightftp,chatafl_opt,1,b_per,10.5
1770033177,lightftp,chatafl_opt,1,b_abs,71
1770033178,lightftp,chatafl_opt,1,l_per,16.0
1770033178,lightftp,chatafl_opt,1,l_abs,171
1770033178,lightftp,chatafl_opt,1,b_per,10.5
1770033178,lightftp,chatafl_opt,1,b_abs,71
1770033180,lightftp,chatafl_opt,1,l_per,16.0
1770033180,lightftp,chatafl_opt,1,l_abs,171
1770033180,lightftp,chatafl_opt,1,b_per,10.5
1770033180,lightftp,chatafl_opt,1,b_abs,71
1770033181,lightftp,chatafl_opt,1,l_per,16.0
1770033181,lightftp,chatafl_opt,1,l_abs,171
1770033181,lightftp,chatafl_opt,1,b_per,10.5
1770033181,lightftp,chatafl_opt,1,b_abs,71
1770033182,lightftp,chatafl_opt,1,l_per,16.0
1770033182,lightftp,chatafl_opt,1,l_abs,171
1770033182,lightftp,chatafl_opt,1,b_per,10.5
1770033182,lightftp,chatafl_opt,1,b_abs,71
1770033183,lightftp,chatafl_opt,1,l_per,16.0
1770033183,lightftp,chatafl_opt,1,l_abs,171
1770033183,lightftp,chatafl_opt,1,b_per,10.5
1770033183,lightftp,chatafl_opt,1,b_abs,71
1770033184,lightftp,chatafl_opt,1,l_per,16.0
1770033184,lightftp,chatafl_opt,1,l_abs,171
1770033184,lightftp,chatafl_opt,1,b_per,10.5
1770033184,lightftp,chatafl_opt,1,b_abs,71
1770033185,lightftp,chatafl_opt,1,l_per,16.0
1770033185,lightftp,chatafl_opt,1,l_abs,171
1770033185,lightftp,chatafl_opt,1,b_per,10.5
1770033185,lightftp,chatafl_opt,1,b_abs,71
1770033186,lightftp,chatafl_opt,1,l_per,16.0
1770033186,lightftp,chatafl_opt,1,l_abs,171
1770033186,lightftp,chatafl_opt,1,b_per,10.5
1770033186,lightftp,chatafl_opt,1,b_abs,71
1770033187,lightftp,chatafl_opt,1,l_per,16.0
1770033187,lightftp,chatafl_opt,1,l_abs,171
1770033187,lightftp,chatafl_opt,1,b_per,10.5
1770033187,lightftp,chatafl_opt,1,b_abs,71
1770033188,lightftp,chatafl_opt,1,l_per,16.0
1770033188,lightftp,chatafl_opt,1,l_abs,171
1770033188,lightftp,chatafl_opt,1,b_per,10.5
1770033188,lightftp,chatafl_opt,1,b_abs,71
1770033189,lightftp,chatafl_opt,1,l_per,16.0
1770033189,lightftp,chatafl_opt,1,l_abs,171
1770033189,lightftp,chatafl_opt,1,b_per,10.5
1770033189,lightftp,chatafl_opt,1,b_abs,71
1770033190,lightftp,chatafl_opt,1,l_per,16.0
1770033190,lightftp,chatafl_opt,1,l_abs,171
1770033190,lightftp,chatafl_opt,1,b_per,10.5
1770033190,lightftp,chatafl_opt,1,b_abs,71
1770033191,lightftp,chatafl_opt,1,l_per,16.0
1770033191,lightftp,chatafl_opt,1,l_abs,171
1770033191,lightftp,chatafl_opt,1,b_per,10.5
1770033191,lightftp,chatafl_opt,1,b_abs,71
1770033193,lightftp,chatafl_opt,1,l_per,16.0
1770033193,lightftp,chatafl_opt,1,l_abs,171
1770033193,lightftp,chatafl_opt,1,b_per,10.5
1770033193,lightftp,chatafl_opt,1,b_abs,71
1770033194,lightftp,chatafl_opt,1,l_per,16.0
1770033194,lightftp,chatafl_opt,1,l_abs,171
1770033194,lightftp,chatafl_opt,1,b_per,10.5
1770033194,lightftp,chatafl_opt,1,b_abs,71
1770033195,lightftp,chatafl_opt,1,l_per,16.0
1770033195,lightftp,chatafl_opt,1,l_abs,171
1770033195,lightftp,chatafl_opt,1,b_per,10.5
1770033195,lightftp,chatafl_opt,1,b_abs,71
1770033196,lightftp,chatafl_opt,1,l_per,16.0
1770033196,lightftp,chatafl_opt,1,l_abs,171
1770033196,lightftp,chatafl_opt,1,b_per,10.5
1770033196,lightftp,chatafl_opt,1,b_abs,71
1770033197,lightftp,chatafl_opt,1,l_per,16.0
1770033197,lightftp,chatafl_opt,1,l_abs,171
1770033197,lightftp,chatafl_opt,1,b_per,10.5
1770033197,lightftp,chatafl_opt,1,b_abs,71
1770033198,lightftp,chatafl_opt,1,l_per,16.0
1770033198,lightftp,chatafl_opt,1,l_abs,171
1770033198,lightftp,chatafl_opt,1,b_per,10.5
1770033198,lightftp,chatafl_opt,1,b_abs,71
1770033199,lightftp,chatafl_opt,1,l_per,16.0
1770033199,lightftp,chatafl_opt,1,l_abs,171
1770033199,lightftp,chatafl_opt,1,b_per,10.5
1770033199,lightftp,chatafl_opt,1,b_abs,71
1770033200,lightftp,chatafl_opt,1,l_per,16.0
1770033200,lightftp,chatafl_opt,1,l_abs,171
1770033200,lightftp,chatafl_opt,1,b_per,10.5
1770033200,lightftp,chatafl_opt,1,b_abs,71
1770033201,lightftp,chatafl_opt,1,l_per,16.0
1770033201,lightftp,chatafl_opt,1,l_abs,171
1770033201,lightftp,chatafl_opt,1,b_per,10.5
1770033201,lightftp,chatafl_opt,1,b_abs,71
1770033202,lightftp,chatafl_opt,1,l_per,16.0
1770033202,lightftp,chatafl_opt,1,l_abs,171
1770033202,lightftp,chatafl_opt,1,b_per,10.5
1770033202,lightftp,chatafl_opt,1,b_abs,71
1770033204,lightftp,chatafl_opt,1,l_per,16.0
1770033204,lightftp,chatafl_opt,1,l_abs,171
1770033204,lightftp,chatafl_opt,1,b_per,10.5
1770033204,lightftp,chatafl_opt,1,b_abs,71
1770033205,lightftp,chatafl_opt,1,l_per,16.0
1770033205,lightftp,chatafl_opt,1,l_abs,171
1770033205,lightftp,chatafl_opt,1,b_per,10.5
1770033205,lightftp,chatafl_opt,1,b_abs,71
1770033206,lightftp,chatafl_opt,1,l_per,16.0
1770033206,lightftp,chatafl_opt,1,l_abs,171
1770033206,lightftp,chatafl_opt,1,b_per,10.5
1770033206,lightftp,chatafl_opt,1,b_abs,71
1770033207,lightftp,chatafl_opt,1,l_per,16.0
1770033207,lightftp,chatafl_opt,1,l_abs,171
1770033207,lightftp,chatafl_opt,1,b_per,10.5
1770033207,lightftp,chatafl_opt,1,b_abs,71
1770033208,lightftp,chatafl_opt,1,l_per,16.0
1770033208,lightftp,chatafl_opt,1,l_abs,171
1770033208,lightftp,chatafl_opt,1,b_per,10.5
1770033208,lightftp,chatafl_opt,1,b_abs,71
1770033209,lightftp,chatafl_opt,1,l_per,16.0
1770033209,lightftp,chatafl_opt,1,l_abs,171
1770033209,lightftp,chatafl_opt,1,b_per,10.5
1770033209,lightftp,chatafl_opt,1,b_abs,71
1770033210,lightftp,chatafl_opt,1,l_per,16.0
1770033210,lightftp,chatafl_opt,1,l_abs,171
1770033210,lightftp,chatafl_opt,1,b_per,10.5
1770033210,lightftp,chatafl_opt,1,b_abs,71
1770033211,lightftp,chatafl_opt,1,l_per,16.0
1770033211,lightftp,chatafl_opt,1,l_abs,171
1770033211,lightftp,chatafl_opt,1,b_per,10.5
1770033211,lightftp,chatafl_opt,1,b_abs,71
1770033212,lightftp,chatafl_opt,1,l_per,16.0
1770033212,lightftp,chatafl_opt,1,l_abs,171
1770033212,lightftp,chatafl_opt,1,b_per,10.5
1770033212,lightftp,chatafl_opt,1,b_abs,71
1770033214,lightftp,chatafl_opt,1,l_per,16.0
1770033214,lightftp,chatafl_opt,1,l_abs,171
1770033214,lightftp,chatafl_opt,1,b_per,10.5
1770033214,lightftp,chatafl_opt,1,b_abs,71
1770033215,lightftp,chatafl_opt,1,l_per,16.0
1770033215,lightftp,chatafl_opt,1,l_abs,171
1770033215,lightftp,chatafl_opt,1,b_per,10.5
1770033215,lightftp,chatafl_opt,1,b_abs,71
1770033216,lightftp,chatafl_opt,1,l_per,16.0
1770033216,lightftp,chatafl_opt,1,l_abs,171
1770033216,lightftp,chatafl_opt,1,b_per,10.5
1770033216,lightftp,chatafl_opt,1,b_abs,71
1770033217,lightftp,chatafl_opt,1,l_per,16.0
1770033217,lightftp,chatafl_opt,1,l_abs,171
1770033217,lightftp,chatafl_opt,1,b_per,10.5
1770033217,lightftp,chatafl_opt,1,b_abs,71
1770033218,lightftp,chatafl_opt,1,l_per,16.0
1770033218,lightftp,chatafl_opt,1,l_abs,171
1770033218,lightftp,chatafl_opt,1,b_per,10.5
1770033218,lightftp,chatafl_opt,1,b_abs,71
1770033220,lightftp,chatafl_opt,1,l_per,16.0
1770033220,lightftp,chatafl_opt,1,l_abs,171
1770033220,lightftp,chatafl_opt,1,b_per,10.5
1770033220,lightftp,chatafl_opt,1,b_abs,71
1770033221,lightftp,chatafl_opt,1,l_per,16.0
1770033221,lightftp,chatafl_opt,1,l_abs,171
1770033221,lightftp,chatafl_opt,1,b_per,10.5
1770033221,lightftp,chatafl_opt,1,b_abs,71
1770033222,lightftp,chatafl_opt,1,l_per,16.0
1770033222,lightftp,chatafl_opt,1,l_abs,171
1770033222,lightftp,chatafl_opt,1,b_per,10.5
1770033222,lightftp,chatafl_opt,1,b_abs,71
1770033223,lightftp,chatafl_opt,1,l_per,16.0
1770033223,lightftp,chatafl_opt,1,l_abs,171
1770033223,lightftp,chatafl_opt,1,b_per,10.5
1770033223,lightftp,chatafl_opt,1,b_abs,71
1770033224,lightftp,chatafl_opt,1,l_per,16.0
1770033224,lightftp,chatafl_opt,1,l_abs,171
1770033224,lightftp,chatafl_opt,1,b_per,10.5
1770033224,lightftp,chatafl_opt,1,b_abs,71
1770033225,lightftp,chatafl_opt,1,l_per,16.0
1770033225,lightftp,chatafl_opt,1,l_abs,171
1770033225,lightftp,chatafl_opt,1,b_per,10.5
1770033225,lightftp,chatafl_opt,1,b_abs,71
1770033226,lightftp,chatafl_opt,1,l_per,16.0
1770033226,lightftp,chatafl_opt,1,l_abs,171
1770033226,lightftp,chatafl_opt,1,b_per,10.5
1770033226,lightftp,chatafl_opt,1,b_abs,71
1770033227,lightftp,chatafl_opt,1,l_per,16.0
1770033227,lightftp,chatafl_opt,1,l_abs,171
1770033227,lightftp,chatafl_opt,1,b_per,10.5
1770033227,lightftp,chatafl_opt,1,b_abs,71
1770033229,lightftp,chatafl_opt,1,l_per,16.0
1770033229,lightftp,chatafl_opt,1,l_abs,171
1770033229,lightftp,chatafl_opt,1,b_per,10.5
1770033229,lightftp,chatafl_opt,1,b_abs,71
1770033230,lightftp,chatafl_opt,1,l_per,16.0
1770033230,lightftp,chatafl_opt,1,l_abs,171
1770033230,lightftp,chatafl_opt,1,b_per,10.5
1770033230,lightftp,chatafl_opt,1,b_abs,71
1770033231,lightftp,chatafl_opt,1,l_per,16.0
1770033231,lightftp,chatafl_opt,1,l_abs,171
1770033231,lightftp,chatafl_opt,1,b_per,10.5
1770033231,lightftp,chatafl_opt,1,b_abs,71
1770033232,lightftp,chatafl_opt,1,l_per,16.0
1770033232,lightftp,chatafl_opt,1,l_abs,171
1770033232,lightftp,chatafl_opt,1,b_per,10.5
1770033232,lightftp,chatafl_opt,1,b_abs,71
1770033233,lightftp,chatafl_opt,1,l_per,16.0
1770033233,lightftp,chatafl_opt,1,l_abs,171
1770033233,lightftp,chatafl_opt,1,b_per,10.5
1770033233,lightftp,chatafl_opt,1,b_abs,71
1770033235,lightftp,chatafl_opt,1,l_per,16.0
1770033235,lightftp,chatafl_opt,1,l_abs,171
1770033235,lightftp,chatafl_opt,1,b_per,10.5
1770033235,lightftp,chatafl_opt,1,b_abs,71
1770033235,lightftp,chatafl_opt,1,l_per,16.0
1770033235,lightftp,chatafl_opt,1,l_abs,171
1770033235,lightftp,chatafl_opt,1,b_per,10.5
1770033235,lightftp,chatafl_opt,1,b_abs,71
1770033236,lightftp,chatafl_opt,1,l_per,16.0
1770033236,lightftp,chatafl_opt,1,l_abs,171
1770033236,lightftp,chatafl_opt,1,b_per,10.5
1770033236,lightftp,chatafl_opt,1,b_abs,71
1770033134,lightftp,chatafl_opt,1,l_per,16.0
1770033134,lightftp,chatafl_opt,1,l_abs,171
1770033134,lightftp,chatafl_opt,1,b_per,10.5
1770033134,lightftp,chatafl_opt,1,b_abs,71
1770033135,lightftp,chatafl_opt,1,l_per,16.0
1770033135,lightftp,chatafl_opt,1,l_abs,171
1770033135,lightftp,chatafl_opt,1,b_per,10.5
1770033135,lightftp,chatafl_opt,1,b_abs,71
1770033136,lightftp,chatafl_opt,1,l_per,16.0
1770033136,lightftp,chatafl_opt,1,l_abs,171
1770033136,lightftp,chatafl_opt,1,b_per,10.5
1770033136,lightftp,chatafl_opt,1,b_abs,71
1770033138,lightftp,chatafl_opt,1,l_per,16.0
1770033138,lightftp,chatafl_opt,1,l_abs,171
1770033138,lightftp,chatafl_opt,1,b_per,10.5
1770033138,lightftp,chatafl_opt,1,b_abs,71
1770033139,lightftp,chatafl_opt,1,l_per,16.0
1770033139,lightftp,chatafl_opt,1,l_abs,171
1770033139,lightftp,chatafl_opt,1,b_per,10.5
1770033139,lightftp,chatafl_opt,1,b_abs,71
1770033140,lightftp,chatafl_opt,1,l_per,16.0
1770033140,lightftp,chatafl_opt,1,l_abs,171
1770033140,lightftp,chatafl_opt,1,b_per,10.5
1770033140,lightftp,chatafl_opt,1,b_abs,71
1770033141,lightftp,chatafl_opt,1,l_per,16.0
1770033141,lightftp,chatafl_opt,1,l_abs,171
1770033141,lightftp,chatafl_opt,1,b_per,10.5
1770033141,lightftp,chatafl_opt,1,b_abs,71
1770033142,lightftp,chatafl_opt,1,l_per,16.0
1770033142,lightftp,chatafl_opt,1,l_abs,171
1770033142,lightftp,chatafl_opt,1,b_per,10.5
1770033142,lightftp,chatafl_opt,1,b_abs,71
1770033143,lightftp,chatafl_opt,1,l_per,16.0
1770033143,lightftp,chatafl_opt,1,l_abs,171
1770033143,lightftp,chatafl_opt,1,b_per,10.5
1770033143,lightftp,chatafl_opt,1,b_abs,71
1770033144,lightftp,chatafl_opt,1,l_per,16.0
1770033144,lightftp,chatafl_opt,1,l_abs,171
1770033144,lightftp,chatafl_opt,1,b_per,10.5
1770033144,lightftp,chatafl_opt,1,b_abs,71
1770033145,lightftp,chatafl_opt,1,l_per,16.0
1770033145,lightftp,chatafl_opt,1,l_abs,171
1770033145,lightftp,chatafl_opt,1,b_per,10.5
1770033145,lightftp,chatafl_opt,1,b_abs,71
1770033147,lightftp,chatafl_opt,1,l_per,16.0
1770033147,lightftp,chatafl_opt,1,l_abs,171
1770033147,lightftp,chatafl_opt,1,b_per,10.5
1770033147,lightftp,chatafl_opt,1,b_abs,71
1770033148,lightftp,chatafl_opt,1,l_per,16.0
1770033148,lightftp,chatafl_opt,1,l_abs,171
1770033148,lightftp,chatafl_opt,1,b_per,10.5
1770033148,lightftp,chatafl_opt,1,b_abs,71
1770033149,lightftp,chatafl_opt,1,l_per,16.0
1770033149,lightftp,chatafl_opt,1,l_abs,171
1770033149,lightftp,chatafl_opt,1,b_per,10.5
1770033149,lightftp,chatafl_opt,1,b_abs,71
1770033150,lightftp,chatafl_opt,1,l_per,16.0
1770033150,lightftp,chatafl_opt,1,l_abs,171
1770033150,lightftp,chatafl_opt,1,b_per,10.5
1770033150,lightftp,chatafl_opt,1,b_abs,71
1770033151,lightftp,chatafl_opt,1,l_per,16.0
1770033151,lightftp,chatafl_opt,1,l_abs,171
1770033151,lightftp,chatafl_opt,1,b_per,10.5
1770033151,lightftp,chatafl_opt,1,b_abs,71
1770033152,lightftp,chatafl_opt,1,l_per,16.0
1770033152,lightftp,chatafl_opt,1,l_abs,171
1770033152,lightftp,chatafl_opt,1,b_per,10.5
1770033152,lightftp,chatafl_opt,1,b_abs,71
1770033154,lightftp,chatafl_opt,1,l_per,16.0
1770033154,lightftp,chatafl_opt,1,l_abs,171
1770033154,lightftp,chatafl_opt,1,b_per,10.5
1770033154,lightftp,chatafl_opt,1,b_abs,71
1770033155,lightftp,chatafl_opt,1,l_per,16.0
1770033155,lightftp,chatafl_opt,1,l_abs,171
1770033155,lightftp,chatafl_opt,1,b_per,10.5
1770033155,lightftp,chatafl_opt,1,b_abs,71
1770033156,lightftp,chatafl_opt,1,l_per,16.0
1770033156,lightftp,chatafl_opt,1,l_abs,171
1770033156,lightftp,chatafl_opt,1,b_per,10.5
1770033156,lightftp,chatafl_opt,1,b_abs,71
1770033157,lightftp,chatafl_opt,1,l_per,16.0
1770033157,lightftp,chatafl_opt,1,l_abs,171
1770033157,lightftp,chatafl_opt,1,b_per,10.5
1770033157,lightftp,chatafl_opt,1,b_abs,71
1770033158,lightftp,chatafl_opt,1,l_per,16.0
1770033158,lightftp,chatafl_opt,1,l_abs,171
1770033158,lightftp,chatafl_opt,1,b_per,10.5
1770033158,lightftp,chatafl_opt,1,b_abs,71
1770033159,lightftp,chatafl_opt,1,l_per,16.0
1770033159,lightftp,chatafl_opt,1,l_abs,171
1770033159,lightftp,chatafl_opt,1,b_per,10.5
1770033159,lightftp,chatafl_opt,1,b_abs,71
1770033160,lightftp,chatafl_opt,1,l_per,16.0
1770033160,lightftp,chatafl_opt,1,l_abs,171
1770033160,lightftp,chatafl_opt,1,b_per,10.5
1770033160,lightftp,chatafl_opt,1,b_abs,71
1770033161,lightftp,chatafl_opt,1,l_per,16.0
1770033161,lightftp,chatafl_opt,1,l_abs,171
1770033161,lightftp,chatafl_opt,1,b_per,10.5
1770033161,lightftp,chatafl_opt,1,b_abs,71
1770033162,lightftp,chatafl_opt,1,l_per,16.0
1770033162,lightftp,chatafl_opt,1,l_abs,171
1770033162,lightftp,chatafl_opt,1,b_per,10.5
1770033162,lightftp,chatafl_opt,1,b_abs,71
1770033163,lightftp,chatafl_opt,1,l_per,16.0
1770033163,lightftp,chatafl_opt,1,l_abs,171
1770033163,lightftp,chatafl_opt,1,b_per,10.5
1770033163,lightftp,chatafl_opt,1,b_abs,71
1770033164,lightftp,chatafl_opt,1,l_per,16.0
1770033164,lightftp,chatafl_opt,1,l_abs,171
1770033164,lightftp,chatafl_opt,1,b_per,10.5
1770033164,lightftp,chatafl_opt,1,b_abs,71
1770033165,lightftp,chatafl_opt,1,l_per,16.0
1770033165,lightftp,chatafl_opt,1,l_abs,171
1770033165,lightftp,chatafl_opt,1,b_per,10.5
1770033165,lightftp,chatafl_opt,1,b_abs,71
1770033167,lightftp,chatafl_opt,1,l_per,16.0
1770033167,lightftp,chatafl_opt,1,l_abs,171
1770033167,lightftp,chatafl_opt,1,b_per,10.5
1770033167,lightftp,chatafl_opt,1,b_abs,71
1770033168,lightftp,chatafl_opt,1,l_per,16.0
1770033168,lightftp,chatafl_opt,1,l_abs,171
1770033168,lightftp,chatafl_opt,1,b_per,10.5
1770033168,lightftp,chatafl_opt,1,b_abs,71
1770033169,lightftp,chatafl_opt,1,l_per,16.0
1770033169,lightftp,chatafl_opt,1,l_abs,171
1770033169,lightftp,chatafl_opt,1,b_per,10.5
1770033169,lightftp,chatafl_opt,1,b_abs,71
1770033170,lightftp,chatafl_opt,1,l_per,16.0
1770033170,lightftp,chatafl_opt,1,l_abs,171
1770033170,lightftp,chatafl_opt,1,b_per,10.5
1770033170,lightftp,chatafl_opt,1,b_abs,71
1770033171,lightftp,chatafl_opt,1,l_per,16.0
1770033171,lightftp,chatafl_opt,1,l_abs,171
1770033171,lightftp,chatafl_opt,1,b_per,10.5
1770033171,lightftp,chatafl_opt,1,b_abs,71
1770033172,lightftp,chatafl_opt,1,l_per,16.0
1770033172,lightftp,chatafl_opt,1,l_abs,171
1770033172,lightftp,chatafl_opt,1,b_per,10.5
1770033172,lightftp,chatafl_opt,1,b_abs,71
1770033173,lightftp,chatafl_opt,1,l_per,16.0
1770033173,lightftp,chatafl_opt,1,l_abs,171
1770033173,lightftp,chatafl_opt,1,b_per,10.5
1770033173,lightftp,chatafl_opt,1,b_abs,71
1770033175,lightftp,chatafl_opt,1,l_per,16.0
1770033175,lightftp,chatafl_opt,1,l_abs,171
1770033175,lightftp,chatafl_opt,1,b_per,10.5
1770033175,lightftp,chatafl_opt,1,b_abs,71
1770033176,lightftp,chatafl_opt,1,l_per,16.0
1770033176,lightftp,chatafl_opt,1,l_abs,171
1770033176,lightftp,chatafl_opt,1,b_per,10.5
1770033176,lightftp,chatafl_opt,1,b_abs,71
1770033177,lightftp,chatafl_opt,1,l_per,16.0
1770033177,lightftp,chatafl_opt,1,l_abs,171
1770033177,lightftp,chatafl_opt,1,b_per,10.5
1770033177,lightftp,chatafl_opt,1,b_abs,71
1770033178,lightftp,chatafl_opt,1,l_per,16.0
1770033178,lightftp,chatafl_opt,1,l_abs,171
1770033178,lightftp,chatafl_opt,1,b_per,10.5
1770033178,lightftp,chatafl_opt,1,b_abs,71
1770033180,lightftp,chatafl_opt,1,l_per,16.0
1770033180,lightftp,chatafl_opt,1,l_abs,171
1770033180,lightftp,chatafl_opt,1,b_per,10.5
1770033180,lightftp,chatafl_opt,1,b_abs,71
1770033181,lightftp,chatafl_opt,1,l_per,16.0
1770033181,lightftp,chatafl_opt,1,l_abs,171
1770033181,lightftp,chatafl_opt,1,b_per,10.5
1770033181,lightftp,chatafl_opt,1,b_abs,71
1770033182,lightftp,chatafl_opt,1,l_per,16.0
1770033182,lightftp,chatafl_opt,1,l_abs,171
1770033182,lightftp,chatafl_opt,1,b_per,10.5
1770033182,lightftp,chatafl_opt,1,b_abs,71
1770033183,lightftp,chatafl_opt,1,l_per,16.0
1770033183,lightftp,chatafl_opt,1,l_abs,171
1770033183,lightftp,chatafl_opt,1,b_per,10.5
1770033183,lightftp,chatafl_opt,1,b_abs,71
1770033184,lightftp,chatafl_opt,1,l_per,16.0
1770033184,lightftp,chatafl_opt,1,l_abs,171
1770033184,lightftp,chatafl_opt,1,b_per,10.5
1770033184,lightftp,chatafl_opt,1,b_abs,71
1770033185,lightftp,chatafl_opt,1,l_per,16.0
1770033185,lightftp,chatafl_opt,1,l_abs,171
1770033185,lightftp,chatafl_opt,1,b_per,10.5
1770033185,lightftp,chatafl_opt,1,b_abs,71
1770033186,lightftp,chatafl_opt,1,l_per,16.0
1770033186,lightftp,chatafl_opt,1,l_abs,171
1770033186,lightftp,chatafl_opt,1,b_per,10.5
1770033186,lightftp,chatafl_opt,1,b_abs,71
1770033187,lightftp,chatafl_opt,1,l_per,16.0
1770033187,lightftp,chatafl_opt,1,l_abs,171
1770033187,lightftp,chatafl_opt,1,b_per,10.5
1770033187,lightftp,chatafl_opt,1,b_abs,71
1770033188,lightftp,chatafl_opt,1,l_per,16.0
1770033188,lightftp,chatafl_opt,1,l_abs,171
1770033188,lightftp,chatafl_opt,1,b_per,10.5
1770033188,lightftp,chatafl_opt,1,b_abs,71
1770033189,lightftp,chatafl_opt,1,l_per,16.0
1770033189,lightftp,chatafl_opt,1,l_abs,171
1770033189,lightftp,chatafl_opt,1,b_per,10.5
1770033189,lightftp,chatafl_opt,1,b_abs,71
1770033190,lightftp,chatafl_opt,1,l_per,16.0
1770033190,lightftp,chatafl_opt,1,l_abs,171
1770033190,lightftp,chatafl_opt,1,b_per,10.5
1770033190,lightftp,chatafl_opt,1,b_abs,71
1770033191,lightftp,chatafl_opt,1,l_per,16.0
1770033191,lightftp,chatafl_opt,1,l_abs,171
1770033191,lightftp,chatafl_opt,1,b_per,10.5
1770033191,lightftp,chatafl_opt,1,b_abs,71
1770033193,lightftp,chatafl_opt,1,l_per,16.0
1770033193,lightftp,chatafl_opt,1,l_abs,171
1770033193,lightftp,chatafl_opt,1,b_per,10.5
1770033193,lightftp,chatafl_opt,1,b_abs,71
1770033194,lightftp,chatafl_opt,1,l_per,16.0
1770033194,lightftp,chatafl_opt,1,l_abs,171
1770033194,lightftp,chatafl_opt,1,b_per,10.5
1770033194,lightftp,chatafl_opt,1,b_abs,71
1770033195,lightftp,chatafl_opt,1,l_per,16.0
1770033195,lightftp,chatafl_opt,1,l_abs,171
1770033195,lightftp,chatafl_opt,1,b_per,10.5
1770033195,lightftp,chatafl_opt,1,b_abs,71
1770033196,lightftp,chatafl_opt,1,l_per,16.0
1770033196,lightftp,chatafl_opt,1,l_abs,171
1770033196,lightftp,chatafl_opt,1,b_per,10.5
1770033196,lightftp,chatafl_opt,1,b_abs,71
1770033197,lightftp,chatafl_opt,1,l_per,16.0
1770033197,lightftp,chatafl_opt,1,l_abs,171
1770033197,lightftp,chatafl_opt,1,b_per,10.5
1770033197,lightftp,chatafl_opt,1,b_abs,71
1770033198,lightftp,chatafl_opt,1,l_per,16.0
1770033198,lightftp,chatafl_opt,1,l_abs,171
1770033198,lightftp,chatafl_opt,1,b_per,10.5
1770033198,lightftp,chatafl_opt,1,b_abs,71
1770033199,lightftp,chatafl_opt,1,l_per,16.0
1770033199,lightftp,chatafl_opt,1,l_abs,171
1770033199,lightftp,chatafl_opt,1,b_per,10.5
1770033199,lightftp,chatafl_opt,1,b_abs,71
1770033200,lightftp,chatafl_opt,1,l_per,16.0
1770033200,lightftp,chatafl_opt,1,l_abs,171
1770033200,lightftp,chatafl_opt,1,b_per,10.5
1770033200,lightftp,chatafl_opt,1,b_abs,71
1770033201,lightftp,chatafl_opt,1,l_per,16.0
1770033201,lightftp,chatafl_opt,1,l_abs,171
1770033201,lightftp,chatafl_opt,1,b_per,10.5
1770033201,lightftp,chatafl_opt,1,b_abs,71
1770033202,lightftp,chatafl_opt,1,l_per,16.0
1770033202,lightftp,chatafl_opt,1,l_abs,171
1770033202,lightftp,chatafl_opt,1,b_per,10.5
1770033202,lightftp,chatafl_opt,1,b_abs,71
1770033204,lightftp,chatafl_opt,1,l_per,16.0
1770033204,lightftp,chatafl_opt,1,l_abs,171
1770033204,lightftp,chatafl_opt,1,b_per,10.5
1770033204,lightftp,chatafl_opt,1,b_abs,71
1770033205,lightftp,chatafl_opt,1,l_per,16.0
1770033205,lightftp,chatafl_opt,1,l_abs,171
1770033205,lightftp,chatafl_opt,1,b_per,10.5
1770033205,lightftp,chatafl_opt,1,b_abs,71
1770033206,lightftp,chatafl_opt,1,l_per,16.0
1770033206,lightftp,chatafl_opt,1,l_abs,171
1770033206,lightftp,chatafl_opt,1,b_per,10.5
1770033206,lightftp,chatafl_opt,1,b_abs,71
1770033207,lightftp,chatafl_opt,1,l_per,16.0
1770033207,lightftp,chatafl_opt,1,l_abs,171
1770033207,lightftp,chatafl_opt,1,b_per,10.5
1770033207,lightftp,chatafl_opt,1,b_abs,71
1770033208,lightftp,chatafl_opt,1,l_per,16.0
1770033208,lightftp,chatafl_opt,1,l_abs,171
1770033208,lightftp,chatafl_opt,1,b_per,10.5
1770033208,lightftp,chatafl_opt,1,b_abs,71
1770033209,lightftp,chatafl_opt,1,l_per,16.0
1770033209,lightftp,chatafl_opt,1,l_abs,171
1770033209,lightftp,chatafl_opt,1,b_per,10.5
1770033209,lightftp,chatafl_opt,1,b_abs,71
1770033210,lightftp,chatafl_opt,1,l_per,16.0
1770033210,lightftp,chatafl_opt,1,l_abs,171
1770033210,lightftp,chatafl_opt,1,b_per,10.5
1770033210,lightftp,chatafl_opt,1,b_abs,71
1770033211,lightftp,chatafl_opt,1,l_per,16.0
1770033211,lightftp,chatafl_opt,1,l_abs,171
1770033211,lightftp,chatafl_opt,1,b_per,10.5
1770033211,lightftp,chatafl_opt,1,b_abs,71
1770033212,lightftp,chatafl_opt,1,l_per,16.0
1770033212,lightftp,chatafl_opt,1,l_abs,171
1770033212,lightftp,chatafl_opt,1,b_per,10.5
1770033212,lightftp,chatafl_opt,1,b_abs,71
1770033214,lightftp,chatafl_opt,1,l_per,16.0
1770033214,lightftp,chatafl_opt,1,l_abs,171
1770033214,lightftp,chatafl_opt,1,b_per,10.5
1770033214,lightftp,chatafl_opt,1,b_abs,71
1770033215,lightftp,chatafl_opt,1,l_per,16.0
1770033215,lightftp,chatafl_opt,1,l_abs,171
1770033215,lightftp,chatafl_opt,1,b_per,10.5
1770033215,lightftp,chatafl_opt,1,b_abs,71
1770033216,lightftp,chatafl_opt,1,l_per,16.0
1770033216,lightftp,chatafl_opt,1,l_abs,171
1770033216,lightftp,chatafl_opt,1,b_per,10.5
1770033216,lightftp,chatafl_opt,1,b_abs,71
1770033217,lightftp,chatafl_opt,1,l_per,16.0
1770033217,lightftp,chatafl_opt,1,l_abs,171
1770033217,lightftp,chatafl_opt,1,b_per,10.5
1770033217,lightftp,chatafl_opt,1,b_abs,71
1770033218,lightftp,chatafl_opt,1,l_per,16.0
1770033218,lightftp,chatafl_opt,1,l_abs,171
1770033218,lightftp,chatafl_opt,1,b_per,10.5
1770033218,lightftp,chatafl_opt,1,b_abs,71
1770033220,lightftp,chatafl_opt,1,l_per,16.0
1770033220,lightftp,chatafl_opt,1,l_abs,171
1770033220,lightftp,chatafl_opt,1,b_per,10.5
1770033220,lightftp,chatafl_opt,1,b_abs,71
1770033221,lightftp,chatafl_opt,1,l_per,16.0
1770033221,lightftp,chatafl_opt,1,l_abs,171
1770033221,lightftp,chatafl_opt,1,b_per,10.5
1770033221,lightftp,chatafl_opt,1,b_abs,71
1770033222,lightftp,chatafl_opt,1,l_per,16.0
1770033222,lightftp,chatafl_opt,1,l_abs,171
1770033222,lightftp,chatafl_opt,1,b_per,10.5
1770033222,lightftp,chatafl_opt,1,b_abs,71
1770033223,lightftp,chatafl_opt,1,l_per,16.0
1770033223,lightftp,chatafl_opt,1,l_abs,171
1770033223,lightftp,chatafl_opt,1,b_per,10.5
1770033223,lightftp,chatafl_opt,1,b_abs,71
1770033224,lightftp,chatafl_opt,1,l_per,16.0
1770033224,lightftp,chatafl_opt,1,l_abs,171
1770033224,lightftp,chatafl_opt,1,b_per,10.5
1770033224,lightftp,chatafl_opt,1,b_abs,71
1770033225,lightftp,chatafl_opt,1,l_per,16.0
1770033225,lightftp,chatafl_opt,1,l_abs,171
1770033225,lightftp,chatafl_opt,1,b_per,10.5
1770033225,lightftp,chatafl_opt,1,b_abs,71
1770033226,lightftp,chatafl_opt,1,l_per,16.0
1770033226,lightftp,chatafl_opt,1,l_abs,171
1770033226,lightftp,chatafl_opt,1,b_per,10.5
1770033226,lightftp,chatafl_opt,1,b_abs,71
1770033227,lightftp,chatafl_opt,1,l_per,16.0
1770033227,lightftp,chatafl_opt,1,l_abs,171
1770033227,lightftp,chatafl_opt,1,b_per,10.5
1770033227,lightftp,chatafl_opt,1,b_abs,71
1770033229,lightftp,chatafl_opt,1,l_per,16.0
1770033229,lightftp,chatafl_opt,1,l_abs,171
1770033229,lightftp,chatafl_opt,1,b_per,10.5
1770033229,lightftp,chatafl_opt,1,b_abs,71
1770033230,lightftp,chatafl_opt,1,l_per,16.0
1770033230,lightftp,chatafl_opt,1,l_abs,171
1770033230,lightftp,chatafl_opt,1,b_per,10.5
1770033230,lightftp,chatafl_opt,1,b_abs,71
1770033231,lightftp,chatafl_opt,1,l_per,16.0
1770033231,lightftp,chatafl_opt,1,l_abs,171
1770033231,lightftp,chatafl_opt,1,b_per,10.5
1770033231,lightftp,chatafl_opt,1,b_abs,71
1770033232,lightftp,chatafl_opt,1,l_per,16.0
1770033232,lightftp,chatafl_opt,1,l_abs,171
1770033232,lightftp,chatafl_opt,1,b_per,10.5
1770033232,lightftp,chatafl_opt,1,b_abs,71
1770033233,lightftp,chatafl_opt,1,l_per,16.0
1770033233,lightftp,chatafl_opt,1,l_abs,171
1770033233,lightftp,chatafl_opt,1,b_per,10.5
1770033233,lightftp,chatafl_opt,1,b_abs,71
1770033235,lightftp,chatafl_opt,1,l_per,16.0
1770033235,lightftp,chatafl_opt,1,l_abs,171
1770033235,lightftp,chatafl_opt,1,b_per,10.5
1770033235,lightftp,chatafl_opt,1,b_abs,71
1770033235,lightftp,chatafl_opt,1,l_per,16.0
1770033235,lightftp,chatafl_opt,1,l_abs,171
1770033235,lightftp,chatafl_opt,1,b_per,10.5
1770033235,lightftp,chatafl_opt,1,b_abs,71
1770033236,lightftp,chatafl_opt,1,l_per,16.0
1770033236,lightftp,chatafl_opt,1,l_abs,171
1770033236,lightftp,chatafl_opt,1,b_per,10.5
1770033236,lightftp,chatafl_opt,1,b_abs,71
1770033241,lightftp,chatafl_opt,1,l_per,16.0
1770033241,lightftp,chatafl_opt,1,l_abs,171
1770033241,lightftp,chatafl_opt,1,b_per,10.5
1770033241,lightftp,chatafl_opt,1,b_abs,71
1770033242,lightftp,chatafl_opt,1,l_per,16.0
1770033242,lightftp,chatafl_opt,1,l_abs,171
1770033242,lightftp,chatafl_opt,1,b_per,10.5
1770033242,lightftp,chatafl_opt,1,b_abs,71
1770033243,lightftp,chatafl_opt,1,l_per,16.0
1770033243,lightftp,chatafl_opt,1,l_abs,171
1770033243,lightftp,chatafl_opt,1,b_per,10.5
1770033243,lightftp,chatafl_opt,1,b_abs,71
1770033246,lightftp,chatafl_opt,1,l_per,16.0
1770033246,lightftp,chatafl_opt,1,l_abs,171
1770033246,lightftp,chatafl_opt,1,b_per,10.5
1770033246,lightftp,chatafl_opt,1,b_abs,71
1770033248,lightftp,chatafl_opt,1,l_per,16.0
1770033248,lightftp,chatafl_opt,1,l_abs,171
1770033248,lightftp,chatafl_opt,1,b_per,10.5
1770033248,lightftp,chatafl_opt,1,b_abs,71
1770033250,lightftp,chatafl_opt,1,l_per,16.0
1770033250,lightftp,chatafl_opt,1,l_abs,171
1770033250,lightftp,chatafl_opt,1,b_per,10.5
1770033250,lightftp,chatafl_opt,1,b_abs,71
1770033252,lightftp,chatafl_opt,1,l_per,16.0
1770033252,lightftp,chatafl_opt,1,l_abs,171
1770033252,lightftp,chatafl_opt,1,b_per,10.5
1770033252,lightftp,chatafl_opt,1,b_abs,71
1770033260,lightftp,chatafl_opt,1,l_per,16.0
1770033260,lightftp,chatafl_opt,1,l_abs,171
1770033260,lightftp,chatafl_opt,1,b_per,10.5
1770033260,lightftp,chatafl_opt,1,b_abs,71
1770033262,lightftp,chatafl_opt,1,l_per,16.0
1770033262,lightftp,chatafl_opt,1,l_abs,171
1770033262,lightftp,chatafl_opt,1,b_per,10.5
1770033262,lightftp,chatafl_opt,1,b_abs,71
1770033265,lightftp,chatafl_opt,1,l_per,16.0
1770033265,lightftp,chatafl_opt,1,l_abs,171
1770033265,lightftp,chatafl_opt,1,b_per,10.5
1770033265,lightftp,chatafl_opt,1,b_abs,71
1770033271,lightftp,chatafl_opt,1,l_per,16.0
1770033271,lightftp,chatafl_opt,1,l_abs,171
1770033271,lightftp,chatafl_opt,1,b_per,10.5
1770033271,lightftp,chatafl_opt,1,b_abs,71
1770033279,lightftp,chatafl_opt,1,l_per,16.0
1770033279,lightftp,chatafl_opt,1,l_abs,171
1770033279,lightftp,chatafl_opt,1,b_per,10.5
1770033279,lightftp,chatafl_opt,1,b_abs,71
1770033285,lightftp,chatafl_opt,1,l_per,16.0
1770033285,lightftp,chatafl_opt,1,l_abs,171
1770033285,lightftp,chatafl_opt,1,b_per,10.5
1770033285,lightftp,chatafl_opt,1,b_abs,71
1770033290,lightftp,chatafl_opt,1,l_per,16.0
1770033290,lightftp,chatafl_opt,1,l_abs,171
1770033290,lightftp,chatafl_opt,1,b_per,10.5
1770033290,lightftp,chatafl_opt,1,b_abs,71
1770033304,lightftp,chatafl_opt,1,l_per,16.0
1770033304,lightftp,chatafl_opt,1,l_abs,171
1770033304,lightftp,chatafl_opt,1,b_per,10.5
1770033304,lightftp,chatafl_opt,1,b_abs,71
1770033319,lightftp,chatafl_opt,1,l_per,16.0
1770033319,lightftp,chatafl_opt,1,l_abs,171
1770033319,lightftp,chatafl_opt,1,b_per,10.5
1770033319,lightftp,chatafl_opt,1,b_abs,71
1770033332,lightftp,chatafl_opt,1,l_per,16.0
1770033332,lightftp,chatafl_opt,1,l_abs,171
1770033332,lightftp,chatafl_opt,1,b_per,10.5
1770033332,lightftp,chatafl_opt,1,b_abs,71
1770033333,lightftp,chatafl_opt,1,l_per,16.0
1770033333,lightftp,chatafl_opt,1,l_abs,171
1770033333,lightftp,chatafl_opt,1,b_per,10.5
1770033333,lightftp,chatafl_opt,1,b_abs,71
1770033344,lightftp,chatafl_opt,1,l_per,16.0
1770033344,lightftp,chatafl_opt,1,l_abs,171
1770033344,lightftp,chatafl_opt,1,b_per,10.5
1770033344,lightftp,chatafl_opt,1,b_abs,71
1770033361,lightftp,chatafl_opt,1,l_per,16.0
1770033361,lightftp,chatafl_opt,1,l_abs,171
1770033361,lightftp,chatafl_opt,1,b_per,10.5
1770033361,lightftp,chatafl_opt,1,b_abs,71
1770033366,lightftp,chatafl_opt,1,l_per,16.0
1770033366,lightftp,chatafl_opt,1,l_abs,171
1770033366,lightftp,chatafl_opt,1,b_per,10.5
1770033366,lightftp,chatafl_opt,1,b_abs,71
1770033367,lightftp,chatafl_opt,1,l_per,16.0
1770033367,lightftp,chatafl_opt,1,l_abs,171
1770033367,lightftp,chatafl_opt,1,b_per,10.5
1770033367,lightftp,chatafl_opt,1,b_abs,71
1770033369,lightftp,chatafl_opt,1,l_per,16.0
1770033369,lightftp,chatafl_opt,1,l_abs,171
1770033369,lightftp,chatafl_opt,1,b_per,10.5
1770033369,lightftp,chatafl_opt,1,b_abs,71
1770033369,lightftp,chatafl_opt,1,l_per,16.0
1770033369,lightftp,chatafl_opt,1,l_abs,171
1770033369,lightftp,chatafl_opt,1,b_per,10.5
1770033369,lightftp,chatafl_opt,1,b_abs,71
1770033370,lightftp,chatafl_opt,1,l_per,16.0
1770033370,lightftp,chatafl_opt,1,l_abs,171
1770033370,lightftp,chatafl_opt,1,b_per,10.5
1770033370,lightftp,chatafl_opt,1,b_abs,71
1770033371,lightftp,chatafl_opt,1,l_per,16.0
1770033371,lightftp,chatafl_opt,1,l_abs,171
1770033371,lightftp,chatafl_opt,1,b_per,10.5
1770033371,lightftp,chatafl_opt,1,b_abs,71
1770033376,lightftp,chatafl_opt,1,l_per,16.0
1770033376,lightftp,chatafl_opt,1,l_abs,171
1770033376,lightftp,chatafl_opt,1,b_per,10.5
1770033376,lightftp,chatafl_opt,1,b_abs,71
1770033379,lightftp,chatafl_opt,1,l_per,16.0
1770033379,lightftp,chatafl_opt,1,l_abs,171
1770033379,lightftp,chatafl_opt,1,b_per,10.5
1770033379,lightftp,chatafl_opt,1,b_abs,71
1770033380,lightftp,chatafl_opt,1,l_per,16.0
1770033380,lightftp,chatafl_opt,1,l_abs,171
1770033380,lightftp,chatafl_opt,1,b_per,10.5
1770033380,lightftp,chatafl_opt,1,b_abs,71
1770033383,lightftp,chatafl_opt,1,l_per,16.0
1770033383,lightftp,chatafl_opt,1,l_abs,171
1770033383,lightftp,chatafl_opt,1,b_per,10.5
1770033383,lightftp,chatafl_opt,1,b_abs,71
1770033385,lightftp,chatafl_opt,1,l_per,16.0
1770033385,lightftp,chatafl_opt,1,l_abs,171
1770033385,lightftp,chatafl_opt,1,b_per,10.5
1770033385,lightftp,chatafl_opt,1,b_abs,71
1770033386,lightftp,chatafl_opt,1,l_per,16.0
1770033386,lightftp,chatafl_opt,1,l_abs,171
1770033386,lightftp,chatafl_opt,1,b_per,10.5
1770033386,lightftp,chatafl_opt,1,b_abs,71
1770033388,lightftp,chatafl_opt,1,l_per,16.0
1770033388,lightftp,chatafl_opt,1,l_abs,171
1770033388,lightftp,chatafl_opt,1,b_per,10.5
1770033388,lightftp,chatafl_opt,1,b_abs,71
1770033395,lightftp,chatafl_opt,1,l_per,16.0
1770033395,lightftp,chatafl_opt,1,l_abs,171
1770033395,lightftp,chatafl_opt,1,b_per,10.5
1770033395,lightftp,chatafl_opt,1,b_abs,71
1770033398,lightftp,chatafl_opt,1,l_per,16.0
1770033398,lightftp,chatafl_opt,1,l_abs,171
1770033398,lightftp,chatafl_opt,1,b_per,10.5
1770033398,lightftp,chatafl_opt,1,b_abs,71
1770033401,lightftp,chatafl_opt,1,l_per,16.0
1770033401,lightftp,chatafl_opt,1,l_abs,171
1770033401,lightftp,chatafl_opt,1,b_per,10.5
1770033401,lightftp,chatafl_opt,1,b_abs,71
1770033406,lightftp,chatafl_opt,1,l_per,16.0
1770033406,lightftp,chatafl_opt,1,l_abs,171
1770033406,lightftp,chatafl_opt,1,b_per,10.5
1770033406,lightftp,chatafl_opt,1,b_abs,71
1770033410,lightftp,chatafl_opt,1,l_per,16.0
1770033410,lightftp,chatafl_opt,1,l_abs,171
1770033410,lightftp,chatafl_opt,1,b_per,10.5
1770033410,lightftp,chatafl_opt,1,b_abs,71
1770033418,lightftp,chatafl_opt,1,l_per,16.0
1770033418,lightftp,chatafl_opt,1,l_abs,171
1770033418,lightftp,chatafl_opt,1,b_per,10.5
1770033418,lightftp,chatafl_opt,1,b_abs,71
1770033433,lightftp,chatafl_opt,1,l_per,16.0
1770033433,lightftp,chatafl_opt,1,l_abs,171
1770033433,lightftp,chatafl_opt,1,b_per,10.5
1770033433,lightftp,chatafl_opt,1,b_abs,71
1770033438,lightftp,chatafl_opt,1,l_per,16.0
1770033438,lightftp,chatafl_opt,1,l_abs,171
1770033438,lightftp,chatafl_opt,1,b_per,10.5
1770033438,lightftp,chatafl_opt,1,b_abs,71
1770033440,lightftp,chatafl_opt,1,l_per,16.0
1770033440,lightftp,chatafl_opt,1,l_abs,171
1770033440,lightftp,chatafl_opt,1,b_per,10.5
1770033440,lightftp,chatafl_opt,1,b_abs,71
1770033441,lightftp,chatafl_opt,1,l_per,16.0
1770033441,lightftp,chatafl_opt,1,l_abs,171
1770033441,lightftp,chatafl_opt,1,b_per,10.5
1770033441,lightftp,chatafl_opt,1,b_abs,71
1770033444,lightftp,chatafl_opt,1,l_per,16.0
1770033444,lightftp,chatafl_opt,1,l_abs,171
1770033444,lightftp,chatafl_opt,1,b_per,10.5
1770033444,lightftp,chatafl_opt,1,b_abs,71
1770033446,lightftp,chatafl_opt,1,l_per,16.0
1770033446,lightftp,chatafl_opt,1,l_abs,171
1770033446,lightftp,chatafl_opt,1,b_per,10.5
1770033446,lightftp,chatafl_opt,1,b_abs,71
1770033447,lightftp,chatafl_opt,1,l_per,16.0
1770033447,lightftp,chatafl_opt,1,l_abs,171
1770033447,lightftp,chatafl_opt,1,b_per,10.5
1770033447,lightftp,chatafl_opt,1,b_abs,71
1770033450,lightftp,chatafl_opt,1,l_per,16.0
1770033450,lightftp,chatafl_opt,1,l_abs,171
1770033450,lightftp,chatafl_opt,1,b_per,10.5
1770033450,lightftp,chatafl_opt,1,b_abs,71
1770033452,lightftp,chatafl_opt,1,l_per,16.0
1770033452,lightftp,chatafl_opt,1,l_abs,171
1770033452,lightftp,chatafl_opt,1,b_per,10.5
1770033452,lightftp,chatafl_opt,1,b_abs,71
1770033455,lightftp,chatafl_opt,1,l_per,16.0
1770033455,lightftp,chatafl_opt,1,l_abs,171
1770033455,lightftp,chatafl_opt,1,b_per,10.5
1770033455,lightftp,chatafl_opt,1,b_abs,71
1770033457,lightftp,chatafl_opt,1,l_per,16.0
1770033457,lightftp,chatafl_opt,1,l_abs,171
1770033457,lightftp,chatafl_opt,1,b_per,10.5
1770033457,lightftp,chatafl_opt,1,b_abs,71
1770033460,lightftp,chatafl_opt,1,l_per,16.0
1770033460,lightftp,chatafl_opt,1,l_abs,171
1770033460,lightftp,chatafl_opt,1,b_per,10.5
1770033460,lightftp,chatafl_opt,1,b_abs,71
1770033463,lightftp,chatafl_opt,1,l_per,16.0
1770033463,lightftp,chatafl_opt,1,l_abs,171
1770033463,lightftp,chatafl_opt,1,b_per,10.5
1770033463,lightftp,chatafl_opt,1,b_abs,71
1770033467,lightftp,chatafl_opt,1,l_per,16.0
1770033467,lightftp,chatafl_opt,1,l_abs,171
1770033467,lightftp,chatafl_opt,1,b_per,10.5
1770033467,lightftp,chatafl_opt,1,b_abs,71
1770033470,lightftp,chatafl_opt,1,l_per,16.0
1770033470,lightftp,chatafl_opt,1,l_abs,171
1770033470,lightftp,chatafl_opt,1,b_per,10.5
1770033470,lightftp,chatafl_opt,1,b_abs,71
1770033471,lightftp,chatafl_opt,1,l_per,16.0
1770033471,lightftp,chatafl_opt,1,l_abs,171
1770033471,lightftp,chatafl_opt,1,b_per,10.5
1770033471,lightftp,chatafl_opt,1,b_abs,71
1770033476,lightftp,chatafl_opt,1,l_per,16.0
1770033476,lightftp,chatafl_opt,1,l_abs,171
1770033476,lightftp,chatafl_opt,1,b_per,10.5
1770033476,lightftp,chatafl_opt,1,b_abs,71
1770033478,lightftp,chatafl_opt,1,l_per,16.0
1770033478,lightftp,chatafl_opt,1,l_abs,171
1770033478,lightftp,chatafl_opt,1,b_per,10.5
1770033478,lightftp,chatafl_opt,1,b_abs,71
1770033480,lightftp,chatafl_opt,1,l_per,16.0
1770033480,lightftp,chatafl_opt,1,l_abs,171
1770033480,lightftp,chatafl_opt,1,b_per,10.5
1770033480,lightftp,chatafl_opt,1,b_abs,71
1770033482,lightftp,chatafl_opt,1,l_per,16.0
1770033482,lightftp,chatafl_opt,1,l_abs,171
1770033482,lightftp,chatafl_opt,1,b_per,10.5
1770033482,lightftp,chatafl_opt,1,b_abs,71
1770033484,lightftp,chatafl_opt,1,l_per,16.0
1770033484,lightftp,chatafl_opt,1,l_abs,171
1770033484,lightftp,chatafl_opt,1,b_per,10.5
1770033484,lightftp,chatafl_opt,1,b_abs,71
1770033487,lightftp,chatafl_opt,1,l_per,16.0
1770033487,lightftp,chatafl_opt,1,l_abs,171
1770033487,lightftp,chatafl_opt,1,b_per,10.5
1770033487,lightftp,chatafl_opt,1,b_abs,71
1770033488,lightftp,chatafl_opt,1,l_per,16.0
1770033488,lightftp,chatafl_opt,1,l_abs,171
1770033488,lightftp,chatafl_opt,1,b_per,10.5
1770033488,lightftp,chatafl_opt,1,b_abs,71
1770033491,lightftp,chatafl_opt,1,l_per,16.0
1770033491,lightftp,chatafl_opt,1,l_abs,171
1770033491,lightftp,chatafl_opt,1,b_per,10.5
1770033491,lightftp,chatafl_opt,1,b_abs,71
1770033492,lightftp,chatafl_opt,1,l_per,16.0
1770033492,lightftp,chatafl_opt,1,l_abs,171
1770033492,lightftp,chatafl_opt,1,b_per,10.5
1770033492,lightftp,chatafl_opt,1,b_abs,71
1770033494,lightftp,chatafl_opt,1,l_per,16.0
1770033494,lightftp,chatafl_opt,1,l_abs,171
1770033494,lightftp,chatafl_opt,1,b_per,10.5
1770033494,lightftp,chatafl_opt,1,b_abs,71
1770033495,lightftp,chatafl_opt,1,l_per,16.0
1770033495,lightftp,chatafl_opt,1,l_abs,171
1770033495,lightftp,chatafl_opt,1,b_per,10.5
1770033495,lightftp,chatafl_opt,1,b_abs,71
1770033499,lightftp,chatafl_opt,1,l_per,16.0
1770033499,lightftp,chatafl_opt,1,l_abs,171
1770033499,lightftp,chatafl_opt,1,b_per,10.5
1770033499,lightftp,chatafl_opt,1,b_abs,71
1770033503,lightftp,chatafl_opt,1,l_per,16.0
1770033503,lightftp,chatafl_opt,1,l_abs,171
1770033503,lightftp,chatafl_opt,1,b_per,10.5
1770033503,lightftp,chatafl_opt,1,b_abs,71
1770033505,lightftp,chatafl_opt,1,l_per,16.0
1770033505,lightftp,chatafl_opt,1,l_abs,171
1770033505,lightftp,chatafl_opt,1,b_per,10.5
1770033505,lightftp,chatafl_opt,1,b_abs,71
1770033508,lightftp,chatafl_opt,1,l_per,16.0
1770033508,lightftp,chatafl_opt,1,l_abs,171
1770033508,lightftp,chatafl_opt,1,b_per,10.5
1770033508,lightftp,chatafl_opt,1,b_abs,71
1770033510,lightftp,chatafl_opt,1,l_per,16.0
1770033510,lightftp,chatafl_opt,1,l_abs,171
1770033510,lightftp,chatafl_opt,1,b_per,10.5
1770033510,lightftp,chatafl_opt,1,b_abs,71
1770033514,lightftp,chatafl_opt,1,l_per,16.0
1770033514,lightftp,chatafl_opt,1,l_abs,171
1770033514,lightftp,chatafl_opt,1,b_per,10.5
1770033514,lightftp,chatafl_opt,1,b_abs,71
1770033515,lightftp,chatafl_opt,1,l_per,16.0
1770033515,lightftp,chatafl_opt,1,l_abs,171
1770033515,lightftp,chatafl_opt,1,b_per,10.5
1770033515,lightftp,chatafl_opt,1,b_abs,71
1770033517,lightftp,chatafl_opt,1,l_per,16.0
1770033517,lightftp,chatafl_opt,1,l_abs,171
1770033517,lightftp,chatafl_opt,1,b_per,10.5
1770033517,lightftp,chatafl_opt,1,b_abs,71
1770033520,lightftp,chatafl_opt,1,l_per,16.0
1770033520,lightftp,chatafl_opt,1,l_abs,171
1770033520,lightftp,chatafl_opt,1,b_per,10.5
1770033520,lightftp,chatafl_opt,1,b_abs,71
1770033523,lightftp,chatafl_opt,1,l_per,16.0
1770033523,lightftp,chatafl_opt,1,l_abs,171
1770033523,lightftp,chatafl_opt,1,b_per,10.5
1770033523,lightftp,chatafl_opt,1,b_abs,71
1770033525,lightftp,chatafl_opt,1,l_per,16.0
1770033525,lightftp,chatafl_opt,1,l_abs,171
1770033525,lightftp,chatafl_opt,1,b_per,10.5
1770033525,lightftp,chatafl_opt,1,b_abs,71
1770033533,lightftp,chatafl_opt,1,l_per,16.0
1770033533,lightftp,chatafl_opt,1,l_abs,171
1770033533,lightftp,chatafl_opt,1,b_per,10.5
1770033533,lightftp,chatafl_opt,1,b_abs,71
1770033539,lightftp,chatafl_opt,1,l_per,16.0
1770033539,lightftp,chatafl_opt,1,l_abs,171
1770033539,lightftp,chatafl_opt,1,b_per,10.5
1770033539,lightftp,chatafl_opt,1,b_abs,71
1770033542,lightftp,chatafl_opt,1,l_per,16.0
1770033542,lightftp,chatafl_opt,1,l_abs,171
1770033542,lightftp,chatafl_opt,1,b_per,10.5
1770033542,lightftp,chatafl_opt,1,b_abs,71
1770033548,lightftp,chatafl_opt,1,l_per,16.0
1770033548,lightftp,chatafl_opt,1,l_abs,171
1770033548,lightftp,chatafl_opt,1,b_per,10.5
1770033548,lightftp,chatafl_opt,1,b_abs,71
1770033550,lightftp,chatafl_opt,1,l_per,16.0
1770033550,lightftp,chatafl_opt,1,l_abs,171
1770033550,lightftp,chatafl_opt,1,b_per,10.5
1770033550,lightftp,chatafl_opt,1,b_abs,71
1770033555,lightftp,chatafl_opt,1,l_per,16.0
1770033555,lightftp,chatafl_opt,1,l_abs,171
1770033555,lightftp,chatafl_opt,1,b_per,10.5
1770033555,lightftp,chatafl_opt,1,b_abs,71
1770033560,lightftp,chatafl_opt,1,l_per,16.0
1770033560,lightftp,chatafl_opt,1,l_abs,171
1770033560,lightftp,chatafl_opt,1,b_per,10.5
1770033560,lightftp,chatafl_opt,1,b_abs,71
1770033565,lightftp,chatafl_opt,1,l_per,16.0
1770033565,lightftp,chatafl_opt,1,l_abs,171
1770033565,lightftp,chatafl_opt,1,b_per,10.5
1770033565,lightftp,chatafl_opt,1,b_abs,71
1770033578,lightftp,chatafl_opt,1,l_per,16.0
1770033578,lightftp,chatafl_opt,1,l_abs,171
1770033578,lightftp,chatafl_opt,1,b_per,10.5
1770033578,lightftp,chatafl_opt,1,b_abs,71
1770033582,lightftp,chatafl_opt,1,l_per,16.0
1770033582,lightftp,chatafl_opt,1,l_abs,171
1770033582,lightftp,chatafl_opt,1,b_per,10.5
1770033582,lightftp,chatafl_opt,1,b_abs,71
1770033585,lightftp,chatafl_opt,1,l_per,16.0
1770033585,lightftp,chatafl_opt,1,l_abs,171
1770033585,lightftp,chatafl_opt,1,b_per,10.5
1770033585,lightftp,chatafl_opt,1,b_abs,71
1770033588,lightftp,chatafl_opt,1,l_per,16.0
1770033588,lightftp,chatafl_opt,1,l_abs,171
1770033588,lightftp,chatafl_opt,1,b_per,10.5
1770033588,lightftp,chatafl_opt,1,b_abs,71
1770033593,lightftp,chatafl_opt,1,l_per,16.0
1770033593,lightftp,chatafl_opt,1,l_abs,171
1770033593,lightftp,chatafl_opt,1,b_per,10.5
1770033593,lightftp,chatafl_opt,1,b_abs,71
1770033595,lightftp,chatafl_opt,1,l_per,16.0
1770033595,lightftp,chatafl_opt,1,l_abs,171
1770033595,lightftp,chatafl_opt,1,b_per,10.5
1770033595,lightftp,chatafl_opt,1,b_abs,71
1770033596,lightftp,chatafl_opt,1,l_per,16.0
1770033596,lightftp,chatafl_opt,1,l_abs,171
1770033596,lightftp,chatafl_opt,1,b_per,10.5
1770033596,lightftp,chatafl_opt,1,b_abs,71
1770033599,lightftp,chatafl_opt,1,l_per,16.0
1770033599,lightftp,chatafl_opt,1,l_abs,171
1770033599,lightftp,chatafl_opt,1,b_per,10.5
1770033599,lightftp,chatafl_opt,1,b_abs,71
1770033603,lightftp,chatafl_opt,1,l_per,16.0
1770033603,lightftp,chatafl_opt,1,l_abs,171
1770033603,lightftp,chatafl_opt,1,b_per,10.5
1770033603,lightftp,chatafl_opt,1,b_abs,71
1770033609,lightftp,chatafl_opt,1,l_per,16.0
1770033609,lightftp,chatafl_opt,1,l_abs,171
1770033609,lightftp,chatafl_opt,1,b_per,10.5
1770033609,lightftp,chatafl_opt,1,b_abs,71
1770033634,lightftp,chatafl_opt,1,l_per,16.0
1770033634,lightftp,chatafl_opt,1,l_abs,171
1770033634,lightftp,chatafl_opt,1,b_per,10.5
1770033634,lightftp,chatafl_opt,1,b_abs,71
1770033638,lightftp,chatafl_opt,1,l_per,16.0
1770033638,lightftp,chatafl_opt,1,l_abs,171
1770033638,lightftp,chatafl_opt,1,b_per,10.5
1770033638,lightftp,chatafl_opt,1,b_abs,71
1770033642,lightftp,chatafl_opt,1,l_per,16.0
1770033642,lightftp,chatafl_opt,1,l_abs,171
1770033642,lightftp,chatafl_opt,1,b_per,10.5
1770033642,lightftp,chatafl_opt,1,b_abs,71
1770033643,lightftp,chatafl_opt,1,l_per,16.0
1770033643,lightftp,chatafl_opt,1,l_abs,171
1770033643,lightftp,chatafl_opt,1,b_per,10.5
1770033643,lightftp,chatafl_opt,1,b_abs,71
1770033664,lightftp,chatafl_opt,1,l_per,16.0
1770033664,lightftp,chatafl_opt,1,l_abs,171
1770033664,lightftp,chatafl_opt,1,b_per,10.5
1770033664,lightftp,chatafl_opt,1,b_abs,71
1770033679,lightftp,chatafl_opt,1,l_per,16.0
1770033679,lightftp,chatafl_opt,1,l_abs,171
1770033679,lightftp,chatafl_opt,1,b_per,10.5
1770033679,lightftp,chatafl_opt,1,b_abs,71
1770033681,lightftp,chatafl_opt,1,l_per,16.0
1770033681,lightftp,chatafl_opt,1,l_abs,171
1770033681,lightftp,chatafl_opt,1,b_per,10.5
1770033681,lightftp,chatafl_opt,1,b_abs,71
1770033689,lightftp,chatafl_opt,1,l_per,16.0
1770033689,lightftp,chatafl_opt,1,l_abs,171
1770033689,lightftp,chatafl_opt,1,b_per,10.5
1770033689,lightftp,chatafl_opt,1,b_abs,71
1770033691,lightftp,chatafl_opt,1,l_per,16.0
1770033691,lightftp,chatafl_opt,1,l_abs,171
1770033691,lightftp,chatafl_opt,1,b_per,10.5
1770033691,lightftp,chatafl_opt,1,b_abs,71
1770033704,lightftp,chatafl_opt,1,l_per,16.0
1770033704,lightftp,chatafl_opt,1,l_abs,171
1770033704,lightftp,chatafl_opt,1,b_per,10.5
1770033704,lightftp,chatafl_opt,1,b_abs,71
1770033711,lightftp,chatafl_opt,1,l_per,16.0
1770033711,lightftp,chatafl_opt,1,l_abs,171
1770033711,lightftp,chatafl_opt,1,b_per,10.5
1770033711,lightftp,chatafl_opt,1,b_abs,71
1770033716,lightftp,chatafl_opt,1,l_per,16.0
1770033716,lightftp,chatafl_opt,1,l_abs,171
1770033716,lightftp,chatafl_opt,1,b_per,10.5
1770033716,lightftp,chatafl_opt,1,b_abs,71
1770033728,lightftp,chatafl_opt,1,l_per,16.0
1770033728,lightftp,chatafl_opt,1,l_abs,171
1770033728,lightftp,chatafl_opt,1,b_per,10.5
1770033728,lightftp,chatafl_opt,1,b_abs,71
1770033741,lightftp,chatafl_opt,1,l_per,16.0
1770033741,lightftp,chatafl_opt,1,l_abs,171
1770033741,lightftp,chatafl_opt,1,b_per,10.5
1770033741,lightftp,chatafl_opt,1,b_abs,71
1770033745,lightftp,chatafl_opt,1,l_per,16.0
1770033745,lightftp,chatafl_opt,1,l_abs,171
1770033745,lightftp,chatafl_opt,1,b_per,10.5
1770033745,lightftp,chatafl_opt,1,b_abs,71
1770033750,lightftp,chatafl_opt,1,l_per,16.0
1770033750,lightftp,chatafl_opt,1,l_abs,171
1770033750,lightftp,chatafl_opt,1,b_per,10.5
1770033750,lightftp,chatafl_opt,1,b_abs,71
1770033758,lightftp,chatafl_opt,1,l_per,16.0
1770033758,lightftp,chatafl_opt,1,l_abs,171
1770033758,lightftp,chatafl_opt,1,b_per,10.5
1770033758,lightftp,chatafl_opt,1,b_abs,71
1770033768,lightftp,chatafl_opt,1,l_per,16.0
1770033768,lightftp,chatafl_opt,1,l_abs,171
1770033768,lightftp,chatafl_opt,1,b_per,10.5
1770033768,lightftp,chatafl_opt,1,b_abs,71
1770033773,lightftp,chatafl_opt,1,l_per,16.0
1770033773,lightftp,chatafl_opt,1,l_abs,171
1770033773,lightftp,chatafl_opt,1,b_per,10.5
1770033773,lightftp,chatafl_opt,1,b_abs,71
1770033775,lightftp,chatafl_opt,1,l_per,16.0
1770033775,lightftp,chatafl_opt,1,l_abs,171
1770033775,lightftp,chatafl_opt,1,b_per,10.5
1770033775,lightftp,chatafl_opt,1,b_abs,71
1770033785,lightftp,chatafl_opt,1,l_per,16.0
1770033785,lightftp,chatafl_opt,1,l_abs,171
1770033785,lightftp,chatafl_opt,1,b_per,10.5
1770033785,lightftp,chatafl_opt,1,b_abs,71
1770033799,lightftp,chatafl_opt,1,l_per,16.0
1770033799,lightftp,chatafl_opt,1,l_abs,171
1770033799,lightftp,chatafl_opt,1,b_per,10.5
1770033799,lightftp,chatafl_opt,1,b_abs,71
1770033801,lightftp,chatafl_opt,1,l_per,16.0
1770033801,lightftp,chatafl_opt,1,l_abs,171
1770033801,lightftp,chatafl_opt,1,b_per,10.5
1770033801,lightftp,chatafl_opt,1,b_abs,71
1770033804,lightftp,chatafl_opt,1,l_per,16.0
1770033804,lightftp,chatafl_opt,1,l_abs,171
1770033804,lightftp,chatafl_opt,1,b_per,10.5
1770033804,lightftp,chatafl_opt,1,b_abs,71
1770033813,lightftp,chatafl_opt,1,l_per,16.0
1770033813,lightftp,chatafl_opt,1,l_abs,171
1770033813,lightftp,chatafl_opt,1,b_per,10.5
1770033813,lightftp,chatafl_opt,1,b_abs,71
1770033818,lightftp,chatafl_opt,1,l_per,16.0
1770033818,lightftp,chatafl_opt,1,l_abs,171
1770033818,lightftp,chatafl_opt,1,b_per,10.5
1770033818,lightftp,chatafl_opt,1,b_abs,71
1770033821,lightftp,chatafl_opt,1,l_per,16.0
1770033821,lightftp,chatafl_opt,1,l_abs,171
1770033821,lightftp,chatafl_opt,1,b_per,10.5
1770033821,lightftp,chatafl_opt,1,b_abs,71
1770033828,lightftp,chatafl_opt,1,l_per,16.0
1770033828,lightftp,chatafl_opt,1,l_abs,171
1770033828,lightftp,chatafl_opt,1,b_per,10.5
1770033828,lightftp,chatafl_opt,1,b_abs,71
1770033836,lightftp,chatafl_opt,1,l_per,16.0
1770033836,lightftp,chatafl_opt,1,l_abs,171
1770033836,lightftp,chatafl_opt,1,b_per,10.5
1770033836,lightftp,chatafl_opt,1,b_abs,71
1770033873,lightftp,chatafl_opt,1,l_per,16.0
1770033873,lightftp,chatafl_opt,1,l_abs,171
1770033873,lightftp,chatafl_opt,1,b_per,10.5
1770033873,lightftp,chatafl_opt,1,b_abs,71
1770033881,lightftp,chatafl_opt,1,l_per,16.0
1770033881,lightftp,chatafl_opt,1,l_abs,171
1770033881,lightftp,chatafl_opt,1,b_per,10.5
1770033881,lightftp,chatafl_opt,1,b_abs,71
1770033884,lightftp,chatafl_opt,1,l_per,16.0
1770033884,lightftp,chatafl_opt,1,l_abs,171
1770033884,lightftp,chatafl_opt,1,b_per,10.5
1770033884,lightftp,chatafl_opt,1,b_abs,71
1770033891,lightftp,chatafl_opt,1,l_per,16.0
1770033891,lightftp,chatafl_opt,1,l_abs,171
1770033891,lightftp,chatafl_opt,1,b_per,10.5
1770033891,lightftp,chatafl_opt,1,b_abs,71
1770033908,lightftp,chatafl_opt,1,l_per,16.0
1770033908,lightftp,chatafl_opt,1,l_abs,171
1770033908,lightftp,chatafl_opt,1,b_per,10.5
1770033908,lightftp,chatafl_opt,1,b_abs,71
1770033916,lightftp,chatafl_opt,1,l_per,16.0
1770033916,lightftp,chatafl_opt,1,l_abs,171
1770033916,lightftp,chatafl_opt,1,b_per,10.5
1770033916,lightftp,chatafl_opt,1,b_abs,71
1770033919,lightftp,chatafl_opt,1,l_per,16.0
1770033919,lightftp,chatafl_opt,1,l_abs,171
1770033919,lightftp,chatafl_opt,1,b_per,10.5
1770033919,lightftp,chatafl_opt,1,b_abs,71
1770033925,lightftp,chatafl_opt,1,l_per,16.0
1770033925,lightftp,chatafl_opt,1,l_abs,171
1770033925,lightftp,chatafl_opt,1,b_per,10.5
1770033925,lightftp,chatafl_opt,1,b_abs,71
1770033958,lightftp,chatafl_opt,1,l_per,16.0
1770033958,lightftp,chatafl_opt,1,l_abs,171
1770033958,lightftp,chatafl_opt,1,b_per,10.5
1770033958,lightftp,chatafl_opt,1,b_abs,71
1770033968,lightftp,chatafl_opt,1,l_per,16.0
1770033968,lightftp,chatafl_opt,1,l_abs,171
1770033968,lightftp,chatafl_opt,1,b_per,10.5
1770033968,lightftp,chatafl_opt,1,b_abs,71
1770033969,lightftp,chatafl_opt,1,l_per,16.0
1770033969,lightftp,chatafl_opt,1,l_abs,171
1770033969,lightftp,chatafl_opt,1,b_per,10.5
1770033969,lightftp,chatafl_opt,1,b_abs,71
1770033982,lightftp,chatafl_opt,1,l_per,16.0
1770033982,lightftp,chatafl_opt,1,l_abs,171
1770033982,lightftp,chatafl_opt,1,b_per,10.5
1770033982,lightftp,chatafl_opt,1,b_abs,71
1770033990,lightftp,chatafl_opt,1,l_per,16.0
1770033990,lightftp,chatafl_opt,1,l_abs,171
1770033990,lightftp,chatafl_opt,1,b_per,10.5
1770033990,lightftp,chatafl_opt,1,b_abs,71
1770033995,lightftp,chatafl_opt,1,l_per,16.0
1770033995,lightftp,chatafl_opt,1,l_abs,171
1770033995,lightftp,chatafl_opt,1,b_per,10.5
1770033995,lightftp,chatafl_opt,1,b_abs,71
1770034000,lightftp,chatafl_opt,1,l_per,16.0
1770034000,lightftp,chatafl_opt,1,l_abs,171
1770034000,lightftp,chatafl_opt,1,b_per,10.5
1770034000,lightftp,chatafl_opt,1,b_abs,71
1770034007,lightftp,chatafl_opt,1,l_per,16.0
1770034007,lightftp,chatafl_opt,1,l_abs,171
1770034007,lightftp,chatafl_opt,1,b_per,10.5
1770034007,lightftp,chatafl_opt,1,b_abs,71
1770034011,lightftp,chatafl_opt,1,l_per,16.0
1770034011,lightftp,chatafl_opt,1,l_abs,171
1770034011,lightftp,chatafl_opt,1,b_per,10.5
1770034011,lightftp,chatafl_opt,1,b_abs,71
1770034012,lightftp,chatafl_opt,1,l_per,16.0
1770034012,lightftp,chatafl_opt,1,l_abs,171
1770034012,lightftp,chatafl_opt,1,b_per,10.5
1770034012,lightftp,chatafl_opt,1,b_abs,71
1770034015,lightftp,chatafl_opt,1,l_per,16.0
1770034015,lightftp,chatafl_opt,1,l_abs,171
1770034015,lightftp,chatafl_opt,1,b_per,10.5
1770034015,lightftp,chatafl_opt,1,b_abs,71
1770034020,lightftp,chatafl_opt,1,l_per,16.0
1770034020,lightftp,chatafl_opt,1,l_abs,171
1770034020,lightftp,chatafl_opt,1,b_per,10.5
1770034020,lightftp,chatafl_opt,1,b_abs,71
1770034046,lightftp,chatafl_opt,1,l_per,16.0
1770034046,lightftp,chatafl_opt,1,l_abs,171
1770034046,lightftp,chatafl_opt,1,b_per,10.5
1770034046,lightftp,chatafl_opt,1,b_abs,71
1770034050,lightftp,chatafl_opt,1,l_per,16.0
1770034050,lightftp,chatafl_opt,1,l_abs,171
1770034050,lightftp,chatafl_opt,1,b_per,10.5
1770034050,lightftp,chatafl_opt,1,b_abs,71
1770034053,lightftp,chatafl_opt,1,l_per,16.0
1770034053,lightftp,chatafl_opt,1,l_abs,171
1770034053,lightftp,chatafl_opt,1,b_per,10.5
1770034053,lightftp,chatafl_opt,1,b_abs,71
1770034056,lightftp,chatafl_opt,1,l_per,16.0
1770034056,lightftp,chatafl_opt,1,l_abs,171
1770034056,lightftp,chatafl_opt,1,b_per,10.5
1770034056,lightftp,chatafl_opt,1,b_abs,71
1770034059,lightftp,chatafl_opt,1,l_per,16.0
1770034059,lightftp,chatafl_opt,1,l_abs,171
1770034059,lightftp,chatafl_opt,1,b_per,10.5
1770034059,lightftp,chatafl_opt,1,b_abs,71
1770034084,lightftp,chatafl_opt,1,l_per,16.0
1770034084,lightftp,chatafl_opt,1,l_abs,171
1770034084,lightftp,chatafl_opt,1,b_per,10.5
1770034084,lightftp,chatafl_opt,1,b_abs,71
1770034094,lightftp,chatafl_opt,1,l_per,16.0
1770034094,lightftp,chatafl_opt,1,l_abs,171
1770034094,lightftp,chatafl_opt,1,b_per,10.5
1770034094,lightftp,chatafl_opt,1,b_abs,71
1770034112,lightftp,chatafl_opt,1,l_per,16.0
1770034112,lightftp,chatafl_opt,1,l_abs,171
1770034112,lightftp,chatafl_opt,1,b_per,10.5
1770034112,lightftp,chatafl_opt,1,b_abs,71
1770034123,lightftp,chatafl_opt,1,l_per,16.0
1770034123,lightftp,chatafl_opt,1,l_abs,171
1770034123,lightftp,chatafl_opt,1,b_per,10.5
1770034123,lightftp,chatafl_opt,1,b_abs,71
1770034126,lightftp,chatafl_opt,1,l_per,16.0
1770034126,lightftp,chatafl_opt,1,l_abs,171
1770034126,lightftp,chatafl_opt,1,b_per,10.5
1770034126,lightftp,chatafl_opt,1,b_abs,71
1770034151,lightftp,chatafl_opt,1,l_per,16.0
1770034151,lightftp,chatafl_opt,1,l_abs,171
1770034151,lightftp,chatafl_opt,1,b_per,10.5
1770034151,lightftp,chatafl_opt,1,b_abs,71
1770034153,lightftp,chatafl_opt,1,l_per,16.0
1770034153,lightftp,chatafl_opt,1,l_abs,171
1770034153,lightftp,chatafl_opt,1,b_per,10.5
1770034153,lightftp,chatafl_opt,1,b_abs,71
1770034156,lightftp,chatafl_opt,1,l_per,16.0
1770034156,lightftp,chatafl_opt,1,l_abs,171
1770034156,lightftp,chatafl_opt,1,b_per,10.5
1770034156,lightftp,chatafl_opt,1,b_abs,71
1770034163,lightftp,chatafl_opt,1,l_per,16.0
1770034163,lightftp,chatafl_opt,1,l_abs,171
1770034163,lightftp,chatafl_opt,1,b_per,10.5
1770034163,lightftp,chatafl_opt,1,b_abs,71
1770034166,lightftp,chatafl_opt,1,l_per,16.0
1770034166,lightftp,chatafl_opt,1,l_abs,171
1770034166,lightftp,chatafl_opt,1,b_per,10.5
1770034166,lightftp,chatafl_opt,1,b_abs,71
1770034174,lightftp,chatafl_opt,1,l_per,16.0
1770034174,lightftp,chatafl_opt,1,l_abs,171
1770034174,lightftp,chatafl_opt,1,b_per,10.5
1770034174,lightftp,chatafl_opt,1,b_abs,71
1770034181,lightftp,chatafl_opt,1,l_per,16.0
1770034181,lightftp,chatafl_opt,1,l_abs,171
1770034181,lightftp,chatafl_opt,1,b_per,10.5
1770034181,lightftp,chatafl_opt,1,b_abs,71
1770034187,lightftp,chatafl_opt,1,l_per,16.0
1770034187,lightftp,chatafl_opt,1,l_abs,171
1770034187,lightftp,chatafl_opt,1,b_per,10.5
1770034187,lightftp,chatafl_opt,1,b_abs,71
1770034200,lightftp,chatafl_opt,1,l_per,16.0
1770034200,lightftp,chatafl_opt,1,l_abs,171
1770034200,lightftp,chatafl_opt,1,b_per,10.5
1770034200,lightftp,chatafl_opt,1,b_abs,71
1770034210,lightftp,chatafl_opt,1,l_per,16.0
1770034210,lightftp,chatafl_opt,1,l_abs,171
1770034210,lightftp,chatafl_opt,1,b_per,10.5
1770034210,lightftp,chatafl_opt,1,b_abs,71
1770034214,lightftp,chatafl_opt,1,l_per,16.0
1770034214,lightftp,chatafl_opt,1,l_abs,171
1770034214,lightftp,chatafl_opt,1,b_per,10.5
1770034214,lightftp,chatafl_opt,1,b_abs,71
1770034215,lightftp,chatafl_opt,1,l_per,16.0
1770034215,lightftp,chatafl_opt,1,l_abs,171
1770034215,lightftp,chatafl_opt,1,b_per,10.5
1770034215,lightftp,chatafl_opt,1,b_abs,71
1770034238,lightftp,chatafl_opt,1,l_per,16.0
1770034238,lightftp,chatafl_opt,1,l_abs,171
1770034238,lightftp,chatafl_opt,1,b_per,10.5
1770034238,lightftp,chatafl_opt,1,b_abs,71
1770034252,lightftp,chatafl_opt,1,l_per,16.0
1770034252,lightftp,chatafl_opt,1,l_abs,171
1770034252,lightftp,chatafl_opt,1,b_per,10.5
1770034252,lightftp,chatafl_opt,1,b_abs,71
1770034263,lightftp,chatafl_opt,1,l_per,16.0
1770034263,lightftp,chatafl_opt,1,l_abs,171
1770034263,lightftp,chatafl_opt,1,b_per,10.5
1770034263,lightftp,chatafl_opt,1,b_abs,71
1770034268,lightftp,chatafl_opt,1,l_per,16.0
1770034268,lightftp,chatafl_opt,1,l_abs,171
1770034268,lightftp,chatafl_opt,1,b_per,10.5
1770034268,lightftp,chatafl_opt,1,b_abs,71
1770034274,lightftp,chatafl_opt,1,l_per,16.0
1770034274,lightftp,chatafl_opt,1,l_abs,171
1770034274,lightftp,chatafl_opt,1,b_per,10.5
1770034274,lightftp,chatafl_opt,1,b_abs,71
1770034290,lightftp,chatafl_opt,1,l_per,16.0
1770034290,lightftp,chatafl_opt,1,l_abs,171
1770034290,lightftp,chatafl_opt,1,b_per,10.5
1770034290,lightftp,chatafl_opt,1,b_abs,71
1770034305,lightftp,chatafl_opt,1,l_per,16.0
1770034305,lightftp,chatafl_opt,1,l_abs,171
1770034305,lightftp,chatafl_opt,1,b_per,10.5
1770034305,lightftp,chatafl_opt,1,b_abs,71
1770034316,lightftp,chatafl_opt,1,l_per,16.0
1770034316,lightftp,chatafl_opt,1,l_abs,171
1770034316,lightftp,chatafl_opt,1,b_per,10.5
1770034316,lightftp,chatafl_opt,1,b_abs,71
1770034335,lightftp,chatafl_opt,1,l_per,16.0
1770034335,lightftp,chatafl_opt,1,l_abs,171
1770034335,lightftp,chatafl_opt,1,b_per,10.5
1770034335,lightftp,chatafl_opt,1,b_abs,71
1770034340,lightftp,chatafl_opt,1,l_per,16.0
1770034340,lightftp,chatafl_opt,1,l_abs,171
1770034340,lightftp,chatafl_opt,1,b_per,10.5
1770034340,lightftp,chatafl_opt,1,b_abs,71
1770034391,lightftp,chatafl_opt,1,l_per,16.0
1770034391,lightftp,chatafl_opt,1,l_abs,171
1770034391,lightftp,chatafl_opt,1,b_per,10.5
1770034391,lightftp,chatafl_opt,1,b_abs,71
1770034411,lightftp,chatafl_opt,1,l_per,16.0
1770034411,lightftp,chatafl_opt,1,l_abs,171
1770034411,lightftp,chatafl_opt,1,b_per,10.5
1770034411,lightftp,chatafl_opt,1,b_abs,71
1770034414,lightftp,chatafl_opt,1,l_per,16.0
1770034414,lightftp,chatafl_opt,1,l_abs,171
1770034414,lightftp,chatafl_opt,1,b_per,10.5
1770034414,lightftp,chatafl_opt,1,b_abs,71
1770034420,lightftp,chatafl_opt,1,l_per,16.0
1770034420,lightftp,chatafl_opt,1,l_abs,171
1770034420,lightftp,chatafl_opt,1,b_per,10.5
1770034420,lightftp,chatafl_opt,1,b_abs,71
1770034426,lightftp,chatafl_opt,1,l_per,16.0
1770034426,lightftp,chatafl_opt,1,l_abs,171
1770034426,lightftp,chatafl_opt,1,b_per,10.5
1770034426,lightftp,chatafl_opt,1,b_abs,71
1770034429,lightftp,chatafl_opt,1,l_per,16.0
1770034429,lightftp,chatafl_opt,1,l_abs,171
1770034429,lightftp,chatafl_opt,1,b_per,10.5
1770034429,lightftp,chatafl_opt,1,b_abs,71
1770034447,lightftp,chatafl_opt,1,l_per,16.0
1770034447,lightftp,chatafl_opt,1,l_abs,171
1770034447,lightftp,chatafl_opt,1,b_per,10.5
1770034447,lightftp,chatafl_opt,1,b_abs,71
1770034460,lightftp,chatafl_opt,1,l_per,16.0
1770034460,lightftp,chatafl_opt,1,l_abs,171
1770034460,lightftp,chatafl_opt,1,b_per,10.5
1770034460,lightftp,chatafl_opt,1,b_abs,71
1770034468,lightftp,chatafl_opt,1,l_per,16.0
1770034468,lightftp,chatafl_opt,1,l_abs,171
1770034468,lightftp,chatafl_opt,1,b_per,10.5
1770034468,lightftp,chatafl_opt,1,b_abs,71
1770034491,lightftp,chatafl_opt,1,l_per,16.0
1770034491,lightftp,chatafl_opt,1,l_abs,171
1770034491,lightftp,chatafl_opt,1,b_per,10.5
1770034491,lightftp,chatafl_opt,1,b_abs,71
1770034511,lightftp,chatafl_opt,1,l_per,16.0
1770034511,lightftp,chatafl_opt,1,l_abs,171
1770034511,lightftp,chatafl_opt,1,b_per,10.5
1770034511,lightftp,chatafl_opt,1,b_abs,71
1770034514,lightftp,chatafl_opt,1,l_per,16.0
1770034514,lightftp,chatafl_opt,1,l_abs,171
1770034514,lightftp,chatafl_opt,1,b_per,10.5
1770034514,lightftp,chatafl_opt,1,b_abs,71
1770034520,lightftp,chatafl_opt,1,l_per,16.0
1770034520,lightftp,chatafl_opt,1,l_abs,171
1770034520,lightftp,chatafl_opt,1,b_per,10.5
1770034520,lightftp,chatafl_opt,1,b_abs,71
1770034524,lightftp,chatafl_opt,1,l_per,16.0
1770034524,lightftp,chatafl_opt,1,l_abs,171
1770034524,lightftp,chatafl_opt,1,b_per,10.5
1770034524,lightftp,chatafl_opt,1,b_abs,71
1770034530,lightftp,chatafl_opt,1,l_per,16.0
1770034530,lightftp,chatafl_opt,1,l_abs,171
1770034530,lightftp,chatafl_opt,1,b_per,10.5
1770034530,lightftp,chatafl_opt,1,b_abs,71
1770034543,lightftp,chatafl_opt,1,l_per,16.0
1770034543,lightftp,chatafl_opt,1,l_abs,171
1770034543,lightftp,chatafl_opt,1,b_per,10.5
1770034543,lightftp,chatafl_opt,1,b_abs,71
1770034550,lightftp,chatafl_opt,1,l_per,16.0
1770034550,lightftp,chatafl_opt,1,l_abs,171
1770034550,lightftp,chatafl_opt,1,b_per,10.5
1770034550,lightftp,chatafl_opt,1,b_abs,71
1770034554,lightftp,chatafl_opt,1,l_per,16.0
1770034554,lightftp,chatafl_opt,1,l_abs,171
1770034554,lightftp,chatafl_opt,1,b_per,10.5
1770034554,lightftp,chatafl_opt,1,b_abs,71
1770034559,lightftp,chatafl_opt,1,l_per,16.0
1770034559,lightftp,chatafl_opt,1,l_abs,171
1770034559,lightftp,chatafl_opt,1,b_per,10.5
1770034559,lightftp,chatafl_opt,1,b_abs,71
1770034566,lightftp,chatafl_opt,1,l_per,16.0
1770034566,lightftp,chatafl_opt,1,l_abs,171
1770034566,lightftp,chatafl_opt,1,b_per,10.5
1770034566,lightftp,chatafl_opt,1,b_abs,71
1770034570,lightftp,chatafl_opt,1,l_per,16.0
1770034570,lightftp,chatafl_opt,1,l_abs,171
1770034570,lightftp,chatafl_opt,1,b_per,10.5
1770034570,lightftp,chatafl_opt,1,b_abs,71
1770034575,lightftp,chatafl_opt,1,l_per,16.0
1770034575,lightftp,chatafl_opt,1,l_abs,171
1770034575,lightftp,chatafl_opt,1,b_per,10.5
1770034575,lightftp,chatafl_opt,1,b_abs,71
1770034601,lightftp,chatafl_opt,1,l_per,16.0
1770034601,lightftp,chatafl_opt,1,l_abs,171
1770034601,lightftp,chatafl_opt,1,b_per,10.5
1770034601,lightftp,chatafl_opt,1,b_abs,71
1770034610,lightftp,chatafl_opt,1,l_per,16.0
1770034610,lightftp,chatafl_opt,1,l_abs,171
1770034610,lightftp,chatafl_opt,1,b_per,10.5
1770034610,lightftp,chatafl_opt,1,b_abs,71
1770034628,lightftp,chatafl_opt,1,l_per,16.0
1770034628,lightftp,chatafl_opt,1,l_abs,171
1770034628,lightftp,chatafl_opt,1,b_per,10.5
1770034628,lightftp,chatafl_opt,1,b_abs,71
1770034651,lightftp,chatafl_opt,1,l_per,16.0
1770034651,lightftp,chatafl_opt,1,l_abs,171
1770034651,lightftp,chatafl_opt,1,b_per,10.5
1770034651,lightftp,chatafl_opt,1,b_abs,71
1770034691,lightftp,chatafl_opt,1,l_per,16.0
1770034691,lightftp,chatafl_opt,1,l_abs,171
1770034691,lightftp,chatafl_opt,1,b_per,10.5
1770034691,lightftp,chatafl_opt,1,b_abs,71
1770034713,lightftp,chatafl_opt,1,l_per,16.0
1770034713,lightftp,chatafl_opt,1,l_abs,171
1770034713,lightftp,chatafl_opt,1,b_per,10.5
1770034713,lightftp,chatafl_opt,1,b_abs,71
1770034717,lightftp,chatafl_opt,1,l_per,16.0
1770034717,lightftp,chatafl_opt,1,l_abs,171
1770034717,lightftp,chatafl_opt,1,b_per,10.5
1770034717,lightftp,chatafl_opt,1,b_abs,71
1770034721,lightftp,chatafl_opt,1,l_per,16.0
1770034721,lightftp,chatafl_opt,1,l_abs,171
1770034721,lightftp,chatafl_opt,1,b_per,10.5
1770034721,lightftp,chatafl_opt,1,b_abs,71
1770034737,lightftp,chatafl_opt,1,l_per,16.0
1770034737,lightftp,chatafl_opt,1,l_abs,171
1770034737,lightftp,chatafl_opt,1,b_per,10.5
1770034737,lightftp,chatafl_opt,1,b_abs,71
1770034744,lightftp,chatafl_opt,1,l_per,16.0
1770034744,lightftp,chatafl_opt,1,l_abs,171
1770034744,lightftp,chatafl_opt,1,b_per,10.5
1770034744,lightftp,chatafl_opt,1,b_abs,71
1770034751,lightftp,chatafl_opt,1,l_per,16.0
1770034751,lightftp,chatafl_opt,1,l_abs,171
1770034751,lightftp,chatafl_opt,1,b_per,10.5
1770034751,lightftp,chatafl_opt,1,b_abs,71
1770034773,lightftp,chatafl_opt,1,l_per,16.0
1770034773,lightftp,chatafl_opt,1,l_abs,171
1770034773,lightftp,chatafl_opt,1,b_per,10.5
1770034773,lightftp,chatafl_opt,1,b_abs,71
1770034785,lightftp,chatafl_opt,1,l_per,16.0
1770034785,lightftp,chatafl_opt,1,l_abs,171
1770034785,lightftp,chatafl_opt,1,b_per,10.5
1770034785,lightftp,chatafl_opt,1,b_abs,71
1770034803,lightftp,chatafl_opt,1,l_per,16.0
1770034803,lightftp,chatafl_opt,1,l_abs,171
1770034803,lightftp,chatafl_opt,1,b_per,10.5
1770034803,lightftp,chatafl_opt,1,b_abs,71
1770034832,lightftp,chatafl_opt,1,l_per,16.0
1770034832,lightftp,chatafl_opt,1,l_abs,171
1770034832,lightftp,chatafl_opt,1,b_per,10.5
1770034832,lightftp,chatafl_opt,1,b_abs,71
1770034922,lightftp,chatafl_opt,1,l_per,16.0
1770034922,lightftp,chatafl_opt,1,l_abs,171
1770034922,lightftp,chatafl_opt,1,b_per,10.5
1770034922,lightftp,chatafl_opt,1,b_abs,71
1770034933,lightftp,chatafl_opt,1,l_per,16.0
1770034933,lightftp,chatafl_opt,1,l_abs,171
1770034933,lightftp,chatafl_opt,1,b_per,10.5
1770034933,lightftp,chatafl_opt,1,b_abs,71
1770034938,lightftp,chatafl_opt,1,l_per,16.0
1770034938,lightftp,chatafl_opt,1,l_abs,171
1770034938,lightftp,chatafl_opt,1,b_per,10.5
1770034938,lightftp,chatafl_opt,1,b_abs,71
1770034951,lightftp,chatafl_opt,1,l_per,16.0
1770034951,lightftp,chatafl_opt,1,l_abs,171
1770034951,lightftp,chatafl_opt,1,b_per,10.5
1770034951,lightftp,chatafl_opt,1,b_abs,71
1770034955,lightftp,chatafl_opt,1,l_per,16.0
1770034955,lightftp,chatafl_opt,1,l_abs,171
1770034955,lightftp,chatafl_opt,1,b_per,10.5
1770034955,lightftp,chatafl_opt,1,b_abs,71
1770034974,lightftp,chatafl_opt,1,l_per,16.0
1770034974,lightftp,chatafl_opt,1,l_abs,171
1770034974,lightftp,chatafl_opt,1,b_per,10.5
1770034974,lightftp,chatafl_opt,1,b_abs,71
1770034978,lightftp,chatafl_opt,1,l_per,16.0
1770034978,lightftp,chatafl_opt,1,l_abs,171
1770034978,lightftp,chatafl_opt,1,b_per,10.5
1770034978,lightftp,chatafl_opt,1,b_abs,71
1770034983,lightftp,chatafl_opt,1,l_per,16.0
1770034983,lightftp,chatafl_opt,1,l_abs,171
1770034983,lightftp,chatafl_opt,1,b_per,10.5
1770034983,lightftp,chatafl_opt,1,b_abs,71
1770034989,lightftp,chatafl_opt,1,l_per,16.0
1770034989,lightftp,chatafl_opt,1,l_abs,171
1770034989,lightftp,chatafl_opt,1,b_per,10.5
1770034989,lightftp,chatafl_opt,1,b_abs,71
1770035006,lightftp,chatafl_opt,1,l_per,16.0
1770035006,lightftp,chatafl_opt,1,l_abs,171
1770035006,lightftp,chatafl_opt,1,b_per,10.5
1770035006,lightftp,chatafl_opt,1,b_abs,71
1770035008,lightftp,chatafl_opt,1,l_per,16.0
1770035008,lightftp,chatafl_opt,1,l_abs,171
1770035008,lightftp,chatafl_opt,1,b_per,10.5
1770035008,lightftp,chatafl_opt,1,b_abs,71
1770035019,lightftp,chatafl_opt,1,l_per,16.0
1770035019,lightftp,chatafl_opt,1,l_abs,171
1770035019,lightftp,chatafl_opt,1,b_per,10.5
1770035019,lightftp,chatafl_opt,1,b_abs,71
1770035043,lightftp,chatafl_opt,1,l_per,16.0
1770035043,lightftp,chatafl_opt,1,l_abs,171
1770035043,lightftp,chatafl_opt,1,b_per,10.5
1770035043,lightftp,chatafl_opt,1,b_abs,71
1770035080,lightftp,chatafl_opt,1,l_per,16.0
1770035080,lightftp,chatafl_opt,1,l_abs,171
1770035080,lightftp,chatafl_opt,1,b_per,10.5
1770035080,lightftp,chatafl_opt,1,b_abs,71
1770035099,lightftp,chatafl_opt,1,l_per,16.0
1770035099,lightftp,chatafl_opt,1,l_abs,171
1770035099,lightftp,chatafl_opt,1,b_per,10.5
1770035099,lightftp,chatafl_opt,1,b_abs,71
1770035135,lightftp,chatafl_opt,1,l_per,16.0
1770035135,lightftp,chatafl_opt,1,l_abs,171
1770035135,lightftp,chatafl_opt,1,b_per,10.5
1770035135,lightftp,chatafl_opt,1,b_abs,71
1770035137,lightftp,chatafl_opt,1,l_per,16.0
1770035137,lightftp,chatafl_opt,1,l_abs,171
1770035137,lightftp,chatafl_opt,1,b_per,10.5
1770035137,lightftp,chatafl_opt,1,b_abs,71
1770035141,lightftp,chatafl_opt,1,l_per,16.0
1770035141,lightftp,chatafl_opt,1,l_abs,171
1770035141,lightftp,chatafl_opt,1,b_per,10.5
1770035141,lightftp,chatafl_opt,1,b_abs,71
1770035146,lightftp,chatafl_opt,1,l_per,16.0
1770035146,lightftp,chatafl_opt,1,l_abs,171
1770035146,lightftp,chatafl_opt,1,b_per,10.5
1770035146,lightftp,chatafl_opt,1,b_abs,71
1770035149,lightftp,chatafl_opt,1,l_per,16.0
1770035149,lightftp,chatafl_opt,1,l_abs,171
1770035149,lightftp,chatafl_opt,1,b_per,10.5
1770035149,lightftp,chatafl_opt,1,b_abs,71
1770035158,lightftp,chatafl_opt,1,l_per,16.0
1770035158,lightftp,chatafl_opt,1,l_abs,171
1770035158,lightftp,chatafl_opt,1,b_per,10.5
1770035158,lightftp,chatafl_opt,1,b_abs,71
1770035163,lightftp,chatafl_opt,1,l_per,16.0
1770035163,lightftp,chatafl_opt,1,l_abs,171
1770035163,lightftp,chatafl_opt,1,b_per,10.5
1770035163,lightftp,chatafl_opt,1,b_abs,71
1770035165,lightftp,chatafl_opt,1,l_per,16.0
1770035165,lightftp,chatafl_opt,1,l_abs,171
1770035165,lightftp,chatafl_opt,1,b_per,10.5
1770035165,lightftp,chatafl_opt,1,b_abs,71
1770035171,lightftp,chatafl_opt,1,l_per,16.0
1770035171,lightftp,chatafl_opt,1,l_abs,171
1770035171,lightftp,chatafl_opt,1,b_per,10.5
1770035171,lightftp,chatafl_opt,1,b_abs,71
1770035175,lightftp,chatafl_opt,1,l_per,16.0
1770035175,lightftp,chatafl_opt,1,l_abs,171
1770035175,lightftp,chatafl_opt,1,b_per,10.5
1770035175,lightftp,chatafl_opt,1,b_abs,71
1770035180,lightftp,chatafl_opt,1,l_per,16.0
1770035180,lightftp,chatafl_opt,1,l_abs,171
1770035180,lightftp,chatafl_opt,1,b_per,10.5
1770035180,lightftp,chatafl_opt,1,b_abs,71
1770035190,lightftp,chatafl_opt,1,l_per,16.0
1770035190,lightftp,chatafl_opt,1,l_abs,171
1770035190,lightftp,chatafl_opt,1,b_per,10.5
1770035190,lightftp,chatafl_opt,1,b_abs,71
1770035203,lightftp,chatafl_opt,1,l_per,16.0
1770035203,lightftp,chatafl_opt,1,l_abs,171
1770035203,lightftp,chatafl_opt,1,b_per,10.5
1770035203,lightftp,chatafl_opt,1,b_abs,71
1770035206,lightftp,chatafl_opt,1,l_per,16.0
1770035206,lightftp,chatafl_opt,1,l_abs,171
1770035206,lightftp,chatafl_opt,1,b_per,10.5
1770035206,lightftp,chatafl_opt,1,b_abs,71
1770035212,lightftp,chatafl_opt,1,l_per,16.0
1770035212,lightftp,chatafl_opt,1,l_abs,171
1770035212,lightftp,chatafl_opt,1,b_per,10.5
1770035212,lightftp,chatafl_opt,1,b_abs,71
1770035226,lightftp,chatafl_opt,1,l_per,16.0
1770035226,lightftp,chatafl_opt,1,l_abs,171
1770035226,lightftp,chatafl_opt,1,b_per,10.5
1770035226,lightftp,chatafl_opt,1,b_abs,71
1770035235,lightftp,chatafl_opt,1,l_per,16.0
1770035235,lightftp,chatafl_opt,1,l_abs,171
1770035235,lightftp,chatafl_opt,1,b_per,10.5
1770035235,lightftp,chatafl_opt,1,b_abs,71
1770035252,lightftp,chatafl_opt,1,l_per,16.0
1770035252,lightftp,chatafl_opt,1,l_abs,171
1770035252,lightftp,chatafl_opt,1,b_per,10.5
1770035252,lightftp,chatafl_opt,1,b_abs,71
1770035267,lightftp,chatafl_opt,1,l_per,16.0
1770035267,lightftp,chatafl_opt,1,l_abs,171
1770035267,lightftp,chatafl_opt,1,b_per,10.5
1770035267,lightftp,chatafl_opt,1,b_abs,71
1770035288,lightftp,chatafl_opt,1,l_per,16.0
1770035288,lightftp,chatafl_opt,1,l_abs,171
1770035288,lightftp,chatafl_opt,1,b_per,10.5
1770035288,lightftp,chatafl_opt,1,b_abs,71
1770035317,lightftp,chatafl_opt,1,l_per,16.0
1770035317,lightftp,chatafl_opt,1,l_abs,171
1770035317,lightftp,chatafl_opt,1,b_per,10.5
1770035317,lightftp,chatafl_opt,1,b_abs,71
1770035334,lightftp,chatafl_opt,1,l_per,16.0
1770035334,lightftp,chatafl_opt,1,l_abs,171
1770035334,lightftp,chatafl_opt,1,b_per,10.5
1770035334,lightftp,chatafl_opt,1,b_abs,71
1770035343,lightftp,chatafl_opt,1,l_per,16.0
1770035343,lightftp,chatafl_opt,1,l_abs,171
1770035343,lightftp,chatafl_opt,1,b_per,10.5
1770035343,lightftp,chatafl_opt,1,b_abs,71
1770035375,lightftp,chatafl_opt,1,l_per,16.0
1770035375,lightftp,chatafl_opt,1,l_abs,171
1770035375,lightftp,chatafl_opt,1,b_per,10.5
1770035375,lightftp,chatafl_opt,1,b_abs,71
1770035379,lightftp,chatafl_opt,1,l_per,16.0
1770035379,lightftp,chatafl_opt,1,l_abs,171
1770035379,lightftp,chatafl_opt,1,b_per,10.5
1770035379,lightftp,chatafl_opt,1,b_abs,71
1770035385,lightftp,chatafl_opt,1,l_per,16.0
1770035385,lightftp,chatafl_opt,1,l_abs,171
1770035385,lightftp,chatafl_opt,1,b_per,10.5
1770035385,lightftp,chatafl_opt,1,b_abs,71
1770035390,lightftp,chatafl_opt,1,l_per,16.0
1770035390,lightftp,chatafl_opt,1,l_abs,171
1770035390,lightftp,chatafl_opt,1,b_per,10.5
1770035390,lightftp,chatafl_opt,1,b_abs,71
1770035416,lightftp,chatafl_opt,1,l_per,16.0
1770035416,lightftp,chatafl_opt,1,l_abs,171
1770035416,lightftp,chatafl_opt,1,b_per,10.5
1770035416,lightftp,chatafl_opt,1,b_abs,71
1770035438,lightftp,chatafl_opt,1,l_per,16.0
1770035438,lightftp,chatafl_opt,1,l_abs,171
1770035438,lightftp,chatafl_opt,1,b_per,10.5
1770035438,lightftp,chatafl_opt,1,b_abs,71
1770035496,lightftp,chatafl_opt,1,l_per,16.0
1770035496,lightftp,chatafl_opt,1,l_abs,171
1770035496,lightftp,chatafl_opt,1,b_per,10.5
1770035496,lightftp,chatafl_opt,1,b_abs,71
1770035555,lightftp,chatafl_opt,1,l_per,16.0
1770035555,lightftp,chatafl_opt,1,l_abs,171
1770035555,lightftp,chatafl_opt,1,b_per,10.5
1770035555,lightftp,chatafl_opt,1,b_abs,71
1770035559,lightftp,chatafl_opt,1,l_per,16.0
1770035559,lightftp,chatafl_opt,1,l_abs,171
1770035559,lightftp,chatafl_opt,1,b_per,10.5
1770035559,lightftp,chatafl_opt,1,b_abs,71
1770035573,lightftp,chatafl_opt,1,l_per,16.0
1770035573,lightftp,chatafl_opt,1,l_abs,171
1770035573,lightftp,chatafl_opt,1,b_per,10.5
1770035573,lightftp,chatafl_opt,1,b_abs,71
1770035583,lightftp,chatafl_opt,1,l_per,16.0
1770035583,lightftp,chatafl_opt,1,l_abs,171
1770035583,lightftp,chatafl_opt,1,b_per,10.5
1770035583,lightftp,chatafl_opt,1,b_abs,71
1770035587,lightftp,chatafl_opt,1,l_per,16.0
1770035587,lightftp,chatafl_opt,1,l_abs,171
1770035587,lightftp,chatafl_opt,1,b_per,10.5
1770035587,lightftp,chatafl_opt,1,b_abs,71
1770035595,lightftp,chatafl_opt,1,l_per,16.0
1770035595,lightftp,chatafl_opt,1,l_abs,171
1770035595,lightftp,chatafl_opt,1,b_per,10.5
1770035595,lightftp,chatafl_opt,1,b_abs,71
1770035602,lightftp,chatafl_opt,1,l_per,16.0
1770035602,lightftp,chatafl_opt,1,l_abs,171
1770035602,lightftp,chatafl_opt,1,b_per,10.5
1770035602,lightftp,chatafl_opt,1,b_abs,71
1770035717,lightftp,chatafl_opt,1,l_per,16.0
1770035717,lightftp,chatafl_opt,1,l_abs,171
1770035717,lightftp,chatafl_opt,1,b_per,10.5
1770035717,lightftp,chatafl_opt,1,b_abs,71
1770035741,lightftp,chatafl_opt,1,l_per,16.0
1770035741,lightftp,chatafl_opt,1,l_abs,171
1770035741,lightftp,chatafl_opt,1,b_per,10.5
1770035741,lightftp,chatafl_opt,1,b_abs,71
1770035746,lightftp,chatafl_opt,1,l_per,16.0
1770035746,lightftp,chatafl_opt,1,l_abs,171
1770035746,lightftp,chatafl_opt,1,b_per,10.5
1770035746,lightftp,chatafl_opt,1,b_abs,71
1770035751,lightftp,chatafl_opt,1,l_per,16.0
1770035751,lightftp,chatafl_opt,1,l_abs,171
1770035751,lightftp,chatafl_opt,1,b_per,10.5
1770035751,lightftp,chatafl_opt,1,b_abs,71
1770035770,lightftp,chatafl_opt,1,l_per,16.0
1770035770,lightftp,chatafl_opt,1,l_abs,171
1770035770,lightftp,chatafl_opt,1,b_per,10.5
1770035770,lightftp,chatafl_opt,1,b_abs,71
1770035820,lightftp,chatafl_opt,1,l_per,16.0
1770035820,lightftp,chatafl_opt,1,l_abs,171
1770035820,lightftp,chatafl_opt,1,b_per,10.5
1770035820,lightftp,chatafl_opt,1,b_abs,71
1770035832,lightftp,chatafl_opt,1,l_per,16.0
1770035832,lightftp,chatafl_opt,1,l_abs,171
1770035832,lightftp,chatafl_opt,1,b_per,10.5
1770035832,lightftp,chatafl_opt,1,b_abs,71
1770035851,lightftp,chatafl_opt,1,l_per,16.0
1770035851,lightftp,chatafl_opt,1,l_abs,171
1770035851,lightftp,chatafl_opt,1,b_per,10.5
1770035851,lightftp,chatafl_opt,1,b_abs,71
1770035871,lightftp,chatafl_opt,1,l_per,16.0
1770035871,lightftp,chatafl_opt,1,l_abs,171
1770035871,lightftp,chatafl_opt,1,b_per,10.5
1770035871,lightftp,chatafl_opt,1,b_abs,71
1770035877,lightftp,chatafl_opt,1,l_per,16.0
1770035877,lightftp,chatafl_opt,1,l_abs,171
1770035877,lightftp,chatafl_opt,1,b_per,10.5
1770035877,lightftp,chatafl_opt,1,b_abs,71
1770035898,lightftp,chatafl_opt,1,l_per,16.0
1770035898,lightftp,chatafl_opt,1,l_abs,171
1770035898,lightftp,chatafl_opt,1,b_per,10.5
1770035898,lightftp,chatafl_opt,1,b_abs,71
1770035901,lightftp,chatafl_opt,1,l_per,16.0
1770035901,lightftp,chatafl_opt,1,l_abs,171
1770035901,lightftp,chatafl_opt,1,b_per,10.5
1770035901,lightftp,chatafl_opt,1,b_abs,71
1770035908,lightftp,chatafl_opt,1,l_per,16.0
1770035908,lightftp,chatafl_opt,1,l_abs,171
1770035908,lightftp,chatafl_opt,1,b_per,10.5
1770035908,lightftp,chatafl_opt,1,b_abs,71
1770035934,lightftp,chatafl_opt,1,l_per,16.0
1770035934,lightftp,chatafl_opt,1,l_abs,171
1770035934,lightftp,chatafl_opt,1,b_per,10.5
1770035934,lightftp,chatafl_opt,1,b_abs,71
1770035950,lightftp,chatafl_opt,1,l_per,16.0
1770035950,lightftp,chatafl_opt,1,l_abs,171
1770035950,lightftp,chatafl_opt,1,b_per,10.5
1770035950,lightftp,chatafl_opt,1,b_abs,71
1770035957,lightftp,chatafl_opt,1,l_per,16.0
1770035957,lightftp,chatafl_opt,1,l_abs,171
1770035957,lightftp,chatafl_opt,1,b_per,10.5
1770035957,lightftp,chatafl_opt,1,b_abs,71
1770035984,lightftp,chatafl_opt,1,l_per,16.0
1770035984,lightftp,chatafl_opt,1,l_abs,171
1770035984,lightftp,chatafl_opt,1,b_per,10.5
1770035984,lightftp,chatafl_opt,1,b_abs,71
1770035988,lightftp,chatafl_opt,1,l_per,16.0
1770035988,lightftp,chatafl_opt,1,l_abs,171
1770035988,lightftp,chatafl_opt,1,b_per,10.5
1770035988,lightftp,chatafl_opt,1,b_abs,71
1770035997,lightftp,chatafl_opt,1,l_per,16.0
1770035997,lightftp,chatafl_opt,1,l_abs,171
1770035997,lightftp,chatafl_opt,1,b_per,10.5
1770035997,lightftp,chatafl_opt,1,b_abs,71
1770036001,lightftp,chatafl_opt,1,l_per,16.0
1770036001,lightftp,chatafl_opt,1,l_abs,171
1770036001,lightftp,chatafl_opt,1,b_per,10.5
1770036001,lightftp,chatafl_opt,1,b_abs,71
1770036005,lightftp,chatafl_opt,1,l_per,16.0
1770036005,lightftp,chatafl_opt,1,l_abs,171
1770036005,lightftp,chatafl_opt,1,b_per,10.5
1770036005,lightftp,chatafl_opt,1,b_abs,71
1770036013,lightftp,chatafl_opt,1,l_per,16.0
1770036013,lightftp,chatafl_opt,1,l_abs,171
1770036013,lightftp,chatafl_opt,1,b_per,10.5
1770036013,lightftp,chatafl_opt,1,b_abs,71
1770036030,lightftp,chatafl_opt,1,l_per,16.0
1770036030,lightftp,chatafl_opt,1,l_abs,171
1770036030,lightftp,chatafl_opt,1,b_per,10.5
1770036030,lightftp,chatafl_opt,1,b_abs,71
1770036045,lightftp,chatafl_opt,1,l_per,16.0
1770036045,lightftp,chatafl_opt,1,l_abs,171
1770036045,lightftp,chatafl_opt,1,b_per,10.5
1770036045,lightftp,chatafl_opt,1,b_abs,71
1770036053,lightftp,chatafl_opt,1,l_per,16.0
1770036053,lightftp,chatafl_opt,1,l_abs,171
1770036053,lightftp,chatafl_opt,1,b_per,10.5
1770036053,lightftp,chatafl_opt,1,b_abs,71
1770036079,lightftp,chatafl_opt,1,l_per,16.0
1770036079,lightftp,chatafl_opt,1,l_abs,171
1770036079,lightftp,chatafl_opt,1,b_per,10.5
1770036079,lightftp,chatafl_opt,1,b_abs,71
1770036129,lightftp,chatafl_opt,1,l_per,16.0
1770036129,lightftp,chatafl_opt,1,l_abs,171
1770036129,lightftp,chatafl_opt,1,b_per,10.5
1770036129,lightftp,chatafl_opt,1,b_abs,71
1770036134,lightftp,chatafl_opt,1,l_per,16.0
1770036134,lightftp,chatafl_opt,1,l_abs,171
1770036134,lightftp,chatafl_opt,1,b_per,10.5
1770036134,lightftp,chatafl_opt,1,b_abs,71
1770036180,lightftp,chatafl_opt,1,l_per,16.0
1770036180,lightftp,chatafl_opt,1,l_abs,171
1770036180,lightftp,chatafl_opt,1,b_per,10.5
1770036180,lightftp,chatafl_opt,1,b_abs,71
1770036186,lightftp,chatafl_opt,1,l_per,16.0
1770036186,lightftp,chatafl_opt,1,l_abs,171
1770036186,lightftp,chatafl_opt,1,b_per,10.5
1770036186,lightftp,chatafl_opt,1,b_abs,71
1770036194,lightftp,chatafl_opt,1,l_per,16.0
1770036194,lightftp,chatafl_opt,1,l_abs,171
1770036194,lightftp,chatafl_opt,1,b_per,10.5
1770036194,lightftp,chatafl_opt,1,b_abs,71
1770036214,lightftp,chatafl_opt,1,l_per,16.0
1770036214,lightftp,chatafl_opt,1,l_abs,171
1770036214,lightftp,chatafl_opt,1,b_per,10.5
1770036214,lightftp,chatafl_opt,1,b_abs,71
