time,subject,fuzzer,run,cov_type,cov
1773398562,kamailio,aflnet,1,l_per,4.2
1773398562,kamailio,aflnet,1,l_abs,10014
1773398562,kamailio,aflnet,1,b_per,0.8
1773398562,kamailio,aflnet,1,b_abs,4638
1773398672,kamailio,aflnet,1,l_per,5.5
1773398672,kamailio,aflnet,1,l_abs,13131
1773398672,kamailio,aflnet,1,b_per,1.1
1773398672,kamailio,aflnet,1,b_abs,6417
1773398769,kamailio,aflnet,1,l_per,5.6
1773398769,kamailio,aflnet,1,l_abs,13266
1773398769,kamailio,aflnet,1,b_per,1.2
1773398769,kamailio,aflnet,1,b_abs,6576
1773398872,kamailio,aflnet,1,l_per,5.6
1773398872,kamailio,aflnet,1,l_abs,13354
1773398872,kamailio,aflnet,1,b_per,1.2
1773398872,kamailio,aflnet,1,b_abs,6707
1773399004,kamailio,aflnet,1,l_per,5.7
1773399004,kamailio,aflnet,1,l_abs,13440
1773399004,kamailio,aflnet,1,b_per,1.2
1773399004,kamailio,aflnet,1,b_abs,6820
1773399094,kamailio,aflnet,1,l_per,5.7
1773399094,kamailio,aflnet,1,l_abs,13565
1773399094,kamailio,aflnet,1,b_per,1.2
1773399094,kamailio,aflnet,1,b_abs,6952
1773399181,kamailio,aflnet,1,l_per,5.8
1773399181,kamailio,aflnet,1,l_abs,13747
1773399181,kamailio,aflnet,1,b_per,1.3
1773399181,kamailio,aflnet,1,b_abs,7130
1773399266,kamailio,aflnet,1,l_per,5.8
1773399266,kamailio,aflnet,1,l_abs,13791
1773399266,kamailio,aflnet,1,b_per,1.3
1773399266,kamailio,aflnet,1,b_abs,7200
1773399351,kamailio,aflnet,1,l_per,6.0
1773399351,kamailio,aflnet,1,l_abs,14236
1773399351,kamailio,aflnet,1,b_per,1.3
1773399351,kamailio,aflnet,1,b_abs,7522
1773399449,kamailio,aflnet,1,l_per,6.0
1773399449,kamailio,aflnet,1,l_abs,14273
1773399449,kamailio,aflnet,1,b_per,1.3
1773399449,kamailio,aflnet,1,b_abs,7563
1773399549,kamailio,aflnet,1,l_per,6.1
1773399549,kamailio,aflnet,1,l_abs,14465
1773399549,kamailio,aflnet,1,b_per,1.4
1773399549,kamailio,aflnet,1,b_abs,7717
1773399666,kamailio,aflnet,1,l_per,6.1
1773399666,kamailio,aflnet,1,l_abs,14562
1773399666,kamailio,aflnet,1,b_per,1.4
1773399666,kamailio,aflnet,1,b_abs,7802
1773399811,kamailio,aflnet,1,l_per,6.2
1773399811,kamailio,aflnet,1,l_abs,14788
1773399811,kamailio,aflnet,1,b_per,1.4
1773399811,kamailio,aflnet,1,b_abs,8011
1773399953,kamailio,aflnet,1,l_per,6.3
1773399953,kamailio,aflnet,1,l_abs,15026
1773399953,kamailio,aflnet,1,b_per,1.4
1773399953,kamailio,aflnet,1,b_abs,8226
1773400064,kamailio,aflnet,1,l_per,6.4
1773400064,kamailio,aflnet,1,l_abs,15080
1773400064,kamailio,aflnet,1,b_per,1.5
1773400064,kamailio,aflnet,1,b_abs,8280
1773400194,kamailio,aflnet,1,l_per,6.4
1773400194,kamailio,aflnet,1,l_abs,15192
1773400194,kamailio,aflnet,1,b_per,1.5
1773400194,kamailio,aflnet,1,b_abs,8423
1773400323,kamailio,aflnet,1,l_per,6.4
1773400323,kamailio,aflnet,1,l_abs,15245
1773400323,kamailio,aflnet,1,b_per,1.5
1773400323,kamailio,aflnet,1,b_abs,8497
1773400501,kamailio,aflnet,1,l_per,6.5
1773400501,kamailio,aflnet,1,l_abs,15372
1773400501,kamailio,aflnet,1,b_per,1.5
1773400501,kamailio,aflnet,1,b_abs,8676
1773400706,kamailio,aflnet,1,l_per,6.5
1773400706,kamailio,aflnet,1,l_abs,15421
1773400706,kamailio,aflnet,1,b_per,1.5
1773400706,kamailio,aflnet,1,b_abs,8718
1773400993,kamailio,aflnet,1,l_per,6.6
1773400993,kamailio,aflnet,1,l_abs,15572
1773400993,kamailio,aflnet,1,b_per,1.6
1773400993,kamailio,aflnet,1,b_abs,8813
1773401198,kamailio,aflnet,1,l_per,6.6
1773401198,kamailio,aflnet,1,l_abs,15627
1773401198,kamailio,aflnet,1,b_per,1.6
1773401198,kamailio,aflnet,1,b_abs,8885
1773401465,kamailio,aflnet,1,l_per,6.6
1773401465,kamailio,aflnet,1,l_abs,15642
1773401465,kamailio,aflnet,1,b_per,1.6
1773401465,kamailio,aflnet,1,b_abs,8911
1773401665,kamailio,aflnet,1,l_per,6.6
1773401665,kamailio,aflnet,1,l_abs,15665
1773401665,kamailio,aflnet,1,b_per,1.6
1773401665,kamailio,aflnet,1,b_abs,8949
1773402024,kamailio,aflnet,1,l_per,6.6
1773402024,kamailio,aflnet,1,l_abs,15674
1773402024,kamailio,aflnet,1,b_per,1.6
1773402024,kamailio,aflnet,1,b_abs,8970
1773402306,kamailio,aflnet,1,l_per,6.6
1773402306,kamailio,aflnet,1,l_abs,15694
1773402306,kamailio,aflnet,1,b_per,1.6
1773402306,kamailio,aflnet,1,b_abs,8984
1773402582,kamailio,aflnet,1,l_per,6.6
1773402582,kamailio,aflnet,1,l_abs,15726
1773402582,kamailio,aflnet,1,b_per,1.6
1773402582,kamailio,aflnet,1,b_abs,9024
1773402825,kamailio,aflnet,1,l_per,6.6
1773402825,kamailio,aflnet,1,l_abs,15738
1773402825,kamailio,aflnet,1,b_per,1.6
1773402825,kamailio,aflnet,1,b_abs,9042
1773403104,kamailio,aflnet,1,l_per,6.6
1773403104,kamailio,aflnet,1,l_abs,15759
1773403104,kamailio,aflnet,1,b_per,1.6
1773403104,kamailio,aflnet,1,b_abs,9069
1773403420,kamailio,aflnet,1,l_per,6.7
1773403420,kamailio,aflnet,1,l_abs,15792
1773403420,kamailio,aflnet,1,b_per,1.6
1773403420,kamailio,aflnet,1,b_abs,9094
1773403766,kamailio,aflnet,1,l_per,6.7
1773403766,kamailio,aflnet,1,l_abs,15830
1773403766,kamailio,aflnet,1,b_per,1.6
1773403766,kamailio,aflnet,1,b_abs,9151
1773404101,kamailio,aflnet,1,l_per,6.7
1773404101,kamailio,aflnet,1,l_abs,15852
1773404101,kamailio,aflnet,1,b_per,1.6
1773404101,kamailio,aflnet,1,b_abs,9213
1773404357,kamailio,aflnet,1,l_per,6.7
1773404357,kamailio,aflnet,1,l_abs,15913
1773404357,kamailio,aflnet,1,b_per,1.6
1773404357,kamailio,aflnet,1,b_abs,9265
1773404737,kamailio,aflnet,1,l_per,6.7
1773404737,kamailio,aflnet,1,l_abs,15981
1773404737,kamailio,aflnet,1,b_per,1.6
1773404737,kamailio,aflnet,1,b_abs,9319
1773405227,kamailio,aflnet,1,l_per,6.8
1773405227,kamailio,aflnet,1,l_abs,16050
1773405227,kamailio,aflnet,1,b_per,1.7
1773405227,kamailio,aflnet,1,b_abs,9365
1773405776,kamailio,aflnet,1,l_per,6.8
1773405776,kamailio,aflnet,1,l_abs,16058
1773405776,kamailio,aflnet,1,b_per,1.7
1773405776,kamailio,aflnet,1,b_abs,9378
1773406200,kamailio,aflnet,1,l_per,6.8
1773406200,kamailio,aflnet,1,l_abs,16079
1773406200,kamailio,aflnet,1,b_per,1.7
1773406200,kamailio,aflnet,1,b_abs,9417
1773406622,kamailio,aflnet,1,l_per,6.8
1773406622,kamailio,aflnet,1,l_abs,16100
1773406622,kamailio,aflnet,1,b_per,1.7
1773406622,kamailio,aflnet,1,b_abs,9454
1773407017,kamailio,aflnet,1,l_per,6.8
1773407017,kamailio,aflnet,1,l_abs,16104
1773407017,kamailio,aflnet,1,b_per,1.7
1773407017,kamailio,aflnet,1,b_abs,9457
1773407361,kamailio,aflnet,1,l_per,6.8
1773407361,kamailio,aflnet,1,l_abs,16104
1773407361,kamailio,aflnet,1,b_per,1.7
1773407361,kamailio,aflnet,1,b_abs,9457
1773408043,kamailio,aflnet,1,l_per,6.8
1773408043,kamailio,aflnet,1,l_abs,16104
1773408043,kamailio,aflnet,1,b_per,1.7
1773408043,kamailio,aflnet,1,b_abs,9457
1773408457,kamailio,aflnet,1,l_per,6.8
1773408457,kamailio,aflnet,1,l_abs,16104
1773408457,kamailio,aflnet,1,b_per,1.7
1773408457,kamailio,aflnet,1,b_abs,9457
1773408897,kamailio,aflnet,1,l_per,6.8
1773408897,kamailio,aflnet,1,l_abs,16104
1773408897,kamailio,aflnet,1,b_per,1.7
1773408897,kamailio,aflnet,1,b_abs,9457
1773409494,kamailio,aflnet,1,l_per,6.8
1773409494,kamailio,aflnet,1,l_abs,16104
1773409494,kamailio,aflnet,1,b_per,1.7
1773409494,kamailio,aflnet,1,b_abs,9457
1773410267,kamailio,aflnet,1,l_per,6.8
1773410267,kamailio,aflnet,1,l_abs,16104
1773410267,kamailio,aflnet,1,b_per,1.7
1773410267,kamailio,aflnet,1,b_abs,9457
1773410986,kamailio,aflnet,1,l_per,6.8
1773410986,kamailio,aflnet,1,l_abs,16114
1773410986,kamailio,aflnet,1,b_per,1.7
1773410986,kamailio,aflnet,1,b_abs,9461
1773411764,kamailio,aflnet,1,l_per,6.8
1773411764,kamailio,aflnet,1,l_abs,16114
1773411764,kamailio,aflnet,1,b_per,1.7
1773411764,kamailio,aflnet,1,b_abs,9461
1773412554,kamailio,aflnet,1,l_per,6.8
1773412554,kamailio,aflnet,1,l_abs,16114
1773412554,kamailio,aflnet,1,b_per,1.7
1773412554,kamailio,aflnet,1,b_abs,9461
1773413247,kamailio,aflnet,1,l_per,6.8
1773413247,kamailio,aflnet,1,l_abs,16114
1773413247,kamailio,aflnet,1,b_per,1.7
1773413247,kamailio,aflnet,1,b_abs,9461
1773413944,kamailio,aflnet,1,l_per,6.8
1773413944,kamailio,aflnet,1,l_abs,16114
1773413944,kamailio,aflnet,1,b_per,1.7
1773413944,kamailio,aflnet,1,b_abs,9461
1773414880,kamailio,aflnet,1,l_per,6.8
1773414880,kamailio,aflnet,1,l_abs,16114
1773414880,kamailio,aflnet,1,b_per,1.7
1773414880,kamailio,aflnet,1,b_abs,9461
1773415789,kamailio,aflnet,1,l_per,6.8
1773415789,kamailio,aflnet,1,l_abs,16116
1773415789,kamailio,aflnet,1,b_per,1.7
1773415789,kamailio,aflnet,1,b_abs,9466
1773416448,kamailio,aflnet,1,l_per,6.8
1773416448,kamailio,aflnet,1,l_abs,16116
1773416448,kamailio,aflnet,1,b_per,1.7
1773416448,kamailio,aflnet,1,b_abs,9466
1773417460,kamailio,aflnet,1,l_per,6.8
1773417460,kamailio,aflnet,1,l_abs,16116
1773417460,kamailio,aflnet,1,b_per,1.7
1773417460,kamailio,aflnet,1,b_abs,9466
1773418207,kamailio,aflnet,1,l_per,6.8
1773418207,kamailio,aflnet,1,l_abs,16116
1773418207,kamailio,aflnet,1,b_per,1.7
1773418207,kamailio,aflnet,1,b_abs,9466
1773419004,kamailio,aflnet,1,l_per,6.8
1773419004,kamailio,aflnet,1,l_abs,16119
1773419004,kamailio,aflnet,1,b_per,1.7
1773419004,kamailio,aflnet,1,b_abs,9476
1773420040,kamailio,aflnet,1,l_per,6.8
1773420040,kamailio,aflnet,1,l_abs,16119
1773420040,kamailio,aflnet,1,b_per,1.7
1773420040,kamailio,aflnet,1,b_abs,9476
1773420775,kamailio,aflnet,1,l_per,6.8
1773420775,kamailio,aflnet,1,l_abs,16119
1773420775,kamailio,aflnet,1,b_per,1.7
1773420775,kamailio,aflnet,1,b_abs,9476
1773421308,kamailio,aflnet,1,l_per,7.0
1773421308,kamailio,aflnet,1,l_abs,16614
1773421308,kamailio,aflnet,1,b_per,1.7
1773421308,kamailio,aflnet,1,b_abs,9748
1773422129,kamailio,aflnet,1,l_per,7.0
1773422129,kamailio,aflnet,1,l_abs,16614
1773422129,kamailio,aflnet,1,b_per,1.7
1773422129,kamailio,aflnet,1,b_abs,9748
1773423080,kamailio,aflnet,1,l_per,7.0
1773423080,kamailio,aflnet,1,l_abs,16619
1773423080,kamailio,aflnet,1,b_per,1.7
1773423080,kamailio,aflnet,1,b_abs,9749
1773424129,kamailio,aflnet,1,l_per,7.0
1773424129,kamailio,aflnet,1,l_abs,16619
1773424129,kamailio,aflnet,1,b_per,1.7
1773424129,kamailio,aflnet,1,b_abs,9751
1773424640,kamailio,aflnet,1,l_per,7.0
1773424640,kamailio,aflnet,1,l_abs,16619
1773424640,kamailio,aflnet,1,b_per,1.7
1773424640,kamailio,aflnet,1,b_abs,9751
1773425500,kamailio,aflnet,1,l_per,7.0
1773425500,kamailio,aflnet,1,l_abs,16619
1773425500,kamailio,aflnet,1,b_per,1.7
1773425500,kamailio,aflnet,1,b_abs,9751
1773426262,kamailio,aflnet,1,l_per,7.0
1773426262,kamailio,aflnet,1,l_abs,16619
1773426262,kamailio,aflnet,1,b_per,1.7
1773426262,kamailio,aflnet,1,b_abs,9751
1773427251,kamailio,aflnet,1,l_per,7.0
1773427251,kamailio,aflnet,1,l_abs,16619
1773427251,kamailio,aflnet,1,b_per,1.7
1773427251,kamailio,aflnet,1,b_abs,9751
1773428188,kamailio,aflnet,1,l_per,7.0
1773428188,kamailio,aflnet,1,l_abs,16619
1773428188,kamailio,aflnet,1,b_per,1.7
1773428188,kamailio,aflnet,1,b_abs,9751
1773428896,kamailio,aflnet,1,l_per,7.0
1773428896,kamailio,aflnet,1,l_abs,16619
1773428896,kamailio,aflnet,1,b_per,1.7
1773428896,kamailio,aflnet,1,b_abs,9751
1773429917,kamailio,aflnet,1,l_per,7.0
1773429917,kamailio,aflnet,1,l_abs,16619
1773429917,kamailio,aflnet,1,b_per,1.7
1773429917,kamailio,aflnet,1,b_abs,9751
1773431019,kamailio,aflnet,1,l_per,7.0
1773431019,kamailio,aflnet,1,l_abs,16619
1773431019,kamailio,aflnet,1,b_per,1.7
1773431019,kamailio,aflnet,1,b_abs,9751
1773432057,kamailio,aflnet,1,l_per,7.0
1773432057,kamailio,aflnet,1,l_abs,16619
1773432057,kamailio,aflnet,1,b_per,1.7
1773432057,kamailio,aflnet,1,b_abs,9751
1773433790,kamailio,aflnet,1,l_per,7.0
1773433790,kamailio,aflnet,1,l_abs,16619
1773433790,kamailio,aflnet,1,b_per,1.7
1773433790,kamailio,aflnet,1,b_abs,9751
1773435124,kamailio,aflnet,1,l_per,7.0
1773435124,kamailio,aflnet,1,l_abs,16619
1773435124,kamailio,aflnet,1,b_per,1.7
1773435124,kamailio,aflnet,1,b_abs,9751
1773436789,kamailio,aflnet,1,l_per,7.0
1773436789,kamailio,aflnet,1,l_abs,16621
1773436789,kamailio,aflnet,1,b_per,1.7
1773436789,kamailio,aflnet,1,b_abs,9756
1773437707,kamailio,aflnet,1,l_per,7.0
1773437707,kamailio,aflnet,1,l_abs,16623
1773437707,kamailio,aflnet,1,b_per,1.7
1773437707,kamailio,aflnet,1,b_abs,9757
1773438814,kamailio,aflnet,1,l_per,7.0
1773438814,kamailio,aflnet,1,l_abs,16623
1773438814,kamailio,aflnet,1,b_per,1.7
1773438814,kamailio,aflnet,1,b_abs,9757
1773440098,kamailio,aflnet,1,l_per,7.0
1773440098,kamailio,aflnet,1,l_abs,16623
1773440098,kamailio,aflnet,1,b_per,1.7
1773440098,kamailio,aflnet,1,b_abs,9758
1773441401,kamailio,aflnet,1,l_per,7.0
1773441401,kamailio,aflnet,1,l_abs,16623
1773441401,kamailio,aflnet,1,b_per,1.7
1773441401,kamailio,aflnet,1,b_abs,9758
1773442736,kamailio,aflnet,1,l_per,7.0
1773442736,kamailio,aflnet,1,l_abs,16623
1773442736,kamailio,aflnet,1,b_per,1.7
1773442736,kamailio,aflnet,1,b_abs,9758
1773445249,kamailio,aflnet,1,l_per,7.0
1773445249,kamailio,aflnet,1,l_abs,16623
1773445249,kamailio,aflnet,1,b_per,1.7
1773445249,kamailio,aflnet,1,b_abs,9758
1773446857,kamailio,aflnet,1,l_per,7.0
1773446857,kamailio,aflnet,1,l_abs,16623
1773446857,kamailio,aflnet,1,b_per,1.7
1773446857,kamailio,aflnet,1,b_abs,9758
1773449261,kamailio,aflnet,1,l_per,7.0
1773449261,kamailio,aflnet,1,l_abs,16623
1773449261,kamailio,aflnet,1,b_per,1.7
1773449261,kamailio,aflnet,1,b_abs,9758
1773451087,kamailio,aflnet,1,l_per,7.0
1773451087,kamailio,aflnet,1,l_abs,16625
1773451087,kamailio,aflnet,1,b_per,1.7
1773451087,kamailio,aflnet,1,b_abs,9768
1773452902,kamailio,aflnet,1,l_per,7.0
1773452902,kamailio,aflnet,1,l_abs,16635
1773452902,kamailio,aflnet,1,b_per,1.7
1773452902,kamailio,aflnet,1,b_abs,9774
1773454671,kamailio,aflnet,1,l_per,7.0
1773454671,kamailio,aflnet,1,l_abs,16638
1773454671,kamailio,aflnet,1,b_per,1.7
1773454671,kamailio,aflnet,1,b_abs,9790
1773456818,kamailio,aflnet,1,l_per,7.0
1773456818,kamailio,aflnet,1,l_abs,16641
1773456818,kamailio,aflnet,1,b_per,1.7
1773456818,kamailio,aflnet,1,b_abs,9802
1773457656,kamailio,aflnet,1,l_per,7.0
1773457656,kamailio,aflnet,1,l_abs,16641
1773457656,kamailio,aflnet,1,b_per,1.7
1773457656,kamailio,aflnet,1,b_abs,9802
1773459331,kamailio,aflnet,1,l_per,7.0
1773459331,kamailio,aflnet,1,l_abs,16641
1773459331,kamailio,aflnet,1,b_per,1.7
1773459331,kamailio,aflnet,1,b_abs,9802
1773461246,kamailio,aflnet,1,l_per,7.0
1773461246,kamailio,aflnet,1,l_abs,16641
1773461246,kamailio,aflnet,1,b_per,1.7
1773461246,kamailio,aflnet,1,b_abs,9803
1773462629,kamailio,aflnet,1,l_per,7.0
1773462629,kamailio,aflnet,1,l_abs,16641
1773462629,kamailio,aflnet,1,b_per,1.7
1773462629,kamailio,aflnet,1,b_abs,9803
1773464303,kamailio,aflnet,1,l_per,7.0
1773464303,kamailio,aflnet,1,l_abs,16641
1773464303,kamailio,aflnet,1,b_per,1.7
1773464303,kamailio,aflnet,1,b_abs,9803
1773465880,kamailio,aflnet,1,l_per,7.0
1773465880,kamailio,aflnet,1,l_abs,16641
1773465880,kamailio,aflnet,1,b_per,1.7
1773465880,kamailio,aflnet,1,b_abs,9803
1773468195,kamailio,aflnet,1,l_per,7.0
1773468195,kamailio,aflnet,1,l_abs,16642
1773468195,kamailio,aflnet,1,b_per,1.7
1773468195,kamailio,aflnet,1,b_abs,9804
1773469969,kamailio,aflnet,1,l_per,7.0
1773469969,kamailio,aflnet,1,l_abs,16642
1773469969,kamailio,aflnet,1,b_per,1.7
1773469969,kamailio,aflnet,1,b_abs,9804
1773471819,kamailio,aflnet,1,l_per,7.0
1773471819,kamailio,aflnet,1,l_abs,16642
1773471819,kamailio,aflnet,1,b_per,1.7
1773471819,kamailio,aflnet,1,b_abs,9804
1773473901,kamailio,aflnet,1,l_per,7.0
1773473901,kamailio,aflnet,1,l_abs,16642
1773473901,kamailio,aflnet,1,b_per,1.7
1773473901,kamailio,aflnet,1,b_abs,9804
1773475264,kamailio,aflnet,1,l_per,7.0
1773475264,kamailio,aflnet,1,l_abs,16642
1773475264,kamailio,aflnet,1,b_per,1.7
1773475264,kamailio,aflnet,1,b_abs,9804
1773477611,kamailio,aflnet,1,l_per,7.0
1773477611,kamailio,aflnet,1,l_abs,16642
1773477611,kamailio,aflnet,1,b_per,1.7
1773477611,kamailio,aflnet,1,b_abs,9804
1773479122,kamailio,aflnet,1,l_per,7.0
1773479122,kamailio,aflnet,1,l_abs,16642
1773479122,kamailio,aflnet,1,b_per,1.7
1773479122,kamailio,aflnet,1,b_abs,9804
1773481285,kamailio,aflnet,1,l_per,7.0
1773481285,kamailio,aflnet,1,l_abs,16642
1773481285,kamailio,aflnet,1,b_per,1.7
1773481285,kamailio,aflnet,1,b_abs,9804
1773483429,kamailio,aflnet,1,l_per,7.0
1773483429,kamailio,aflnet,1,l_abs,16642
1773483429,kamailio,aflnet,1,b_per,1.7
1773483429,kamailio,aflnet,1,b_abs,9806
1773485452,kamailio,aflnet,1,l_per,7.0
1773485452,kamailio,aflnet,1,l_abs,16642
1773485452,kamailio,aflnet,1,b_per,1.7
1773485452,kamailio,aflnet,1,b_abs,9806
1773486722,kamailio,aflnet,1,l_per,7.0
1773486722,kamailio,aflnet,1,l_abs,16642
1773486722,kamailio,aflnet,1,b_per,1.7
1773486722,kamailio,aflnet,1,b_abs,9806
1773398561,kamailio,aflnet,2,l_per,4.2
1773398561,kamailio,aflnet,2,l_abs,10014
1773398561,kamailio,aflnet,2,b_per,0.8
1773398561,kamailio,aflnet,2,b_abs,4638
1773398664,kamailio,aflnet,2,l_per,5.5
1773398664,kamailio,aflnet,2,l_abs,13090
1773398664,kamailio,aflnet,2,b_per,1.1
1773398664,kamailio,aflnet,2,b_abs,6351
1773398757,kamailio,aflnet,2,l_per,5.6
1773398757,kamailio,aflnet,2,l_abs,13299
1773398757,kamailio,aflnet,2,b_per,1.2
1773398757,kamailio,aflnet,2,b_abs,6595
1773398848,kamailio,aflnet,2,l_per,5.7
1773398848,kamailio,aflnet,2,l_abs,13442
1773398848,kamailio,aflnet,2,b_per,1.2
1773398848,kamailio,aflnet,2,b_abs,6764
1773398971,kamailio,aflnet,2,l_per,5.9
1773398971,kamailio,aflnet,2,l_abs,13993
1773398971,kamailio,aflnet,2,b_per,1.3
1773398971,kamailio,aflnet,2,b_abs,7261
1773399066,kamailio,aflnet,2,l_per,5.9
1773399066,kamailio,aflnet,2,l_abs,14089
1773399066,kamailio,aflnet,2,b_per,1.3
1773399066,kamailio,aflnet,2,b_abs,7375
1773399152,kamailio,aflnet,2,l_per,6.0
1773399152,kamailio,aflnet,2,l_abs,14229
1773399152,kamailio,aflnet,2,b_per,1.3
1773399152,kamailio,aflnet,2,b_abs,7540
1773399243,kamailio,aflnet,2,l_per,6.3
1773399243,kamailio,aflnet,2,l_abs,14812
1773399243,kamailio,aflnet,2,b_per,1.4
1773399243,kamailio,aflnet,2,b_abs,7952
1773399358,kamailio,aflnet,2,l_per,6.3
1773399358,kamailio,aflnet,2,l_abs,14967
1773399358,kamailio,aflnet,2,b_per,1.4
1773399358,kamailio,aflnet,2,b_abs,8083
1773399454,kamailio,aflnet,2,l_per,6.3
1773399454,kamailio,aflnet,2,l_abs,15027
1773399454,kamailio,aflnet,2,b_per,1.4
1773399454,kamailio,aflnet,2,b_abs,8142
1773399559,kamailio,aflnet,2,l_per,6.4
1773399559,kamailio,aflnet,2,l_abs,15102
1773399559,kamailio,aflnet,2,b_per,1.5
1773399559,kamailio,aflnet,2,b_abs,8269
1773399669,kamailio,aflnet,2,l_per,6.4
1773399669,kamailio,aflnet,2,l_abs,15129
1773399669,kamailio,aflnet,2,b_per,1.5
1773399669,kamailio,aflnet,2,b_abs,8313
1773399784,kamailio,aflnet,2,l_per,6.4
1773399784,kamailio,aflnet,2,l_abs,15232
1773399784,kamailio,aflnet,2,b_per,1.5
1773399784,kamailio,aflnet,2,b_abs,8412
1773399924,kamailio,aflnet,2,l_per,6.5
1773399924,kamailio,aflnet,2,l_abs,15302
1773399924,kamailio,aflnet,2,b_per,1.5
1773399924,kamailio,aflnet,2,b_abs,8478
1773400065,kamailio,aflnet,2,l_per,6.5
1773400065,kamailio,aflnet,2,l_abs,15436
1773400065,kamailio,aflnet,2,b_per,1.5
1773400065,kamailio,aflnet,2,b_abs,8541
1773400226,kamailio,aflnet,2,l_per,6.5
1773400226,kamailio,aflnet,2,l_abs,15496
1773400226,kamailio,aflnet,2,b_per,1.5
1773400226,kamailio,aflnet,2,b_abs,8605
1773400386,kamailio,aflnet,2,l_per,6.6
1773400386,kamailio,aflnet,2,l_abs,15568
1773400386,kamailio,aflnet,2,b_per,1.5
1773400386,kamailio,aflnet,2,b_abs,8684
1773400564,kamailio,aflnet,2,l_per,6.6
1773400564,kamailio,aflnet,2,l_abs,15632
1773400564,kamailio,aflnet,2,b_per,1.5
1773400564,kamailio,aflnet,2,b_abs,8760
1773400755,kamailio,aflnet,2,l_per,6.6
1773400755,kamailio,aflnet,2,l_abs,15678
1773400755,kamailio,aflnet,2,b_per,1.6
1773400755,kamailio,aflnet,2,b_abs,8856
1773400994,kamailio,aflnet,2,l_per,6.7
1773400994,kamailio,aflnet,2,l_abs,15794
1773400994,kamailio,aflnet,2,b_per,1.6
1773400994,kamailio,aflnet,2,b_abs,8947
1773401184,kamailio,aflnet,2,l_per,6.7
1773401184,kamailio,aflnet,2,l_abs,15839
1773401184,kamailio,aflnet,2,b_per,1.6
1773401184,kamailio,aflnet,2,b_abs,9018
1773401498,kamailio,aflnet,2,l_per,6.7
1773401498,kamailio,aflnet,2,l_abs,15865
1773401498,kamailio,aflnet,2,b_per,1.6
1773401498,kamailio,aflnet,2,b_abs,9061
1773401755,kamailio,aflnet,2,l_per,6.7
1773401755,kamailio,aflnet,2,l_abs,15884
1773401755,kamailio,aflnet,2,b_per,1.6
1773401755,kamailio,aflnet,2,b_abs,9116
1773401999,kamailio,aflnet,2,l_per,6.7
1773401999,kamailio,aflnet,2,l_abs,15919
1773401999,kamailio,aflnet,2,b_per,1.6
1773401999,kamailio,aflnet,2,b_abs,9170
1773402296,kamailio,aflnet,2,l_per,6.7
1773402296,kamailio,aflnet,2,l_abs,15939
1773402296,kamailio,aflnet,2,b_per,1.6
1773402296,kamailio,aflnet,2,b_abs,9189
1773402469,kamailio,aflnet,2,l_per,6.7
1773402469,kamailio,aflnet,2,l_abs,15959
1773402469,kamailio,aflnet,2,b_per,1.6
1773402469,kamailio,aflnet,2,b_abs,9244
1773402785,kamailio,aflnet,2,l_per,6.7
1773402785,kamailio,aflnet,2,l_abs,15966
1773402785,kamailio,aflnet,2,b_per,1.6
1773402785,kamailio,aflnet,2,b_abs,9258
1773403013,kamailio,aflnet,2,l_per,6.8
1773403013,kamailio,aflnet,2,l_abs,16006
1773403013,kamailio,aflnet,2,b_per,1.6
1773403013,kamailio,aflnet,2,b_abs,9280
1773403367,kamailio,aflnet,2,l_per,6.8
1773403367,kamailio,aflnet,2,l_abs,16033
1773403367,kamailio,aflnet,2,b_per,1.6
1773403367,kamailio,aflnet,2,b_abs,9306
1773403665,kamailio,aflnet,2,l_per,6.8
1773403665,kamailio,aflnet,2,l_abs,16046
1773403665,kamailio,aflnet,2,b_per,1.6
1773403665,kamailio,aflnet,2,b_abs,9319
1773404048,kamailio,aflnet,2,l_per,6.8
1773404048,kamailio,aflnet,2,l_abs,16064
1773404048,kamailio,aflnet,2,b_per,1.6
1773404048,kamailio,aflnet,2,b_abs,9346
1773404298,kamailio,aflnet,2,l_per,6.8
1773404298,kamailio,aflnet,2,l_abs,16069
1773404298,kamailio,aflnet,2,b_per,1.6
1773404298,kamailio,aflnet,2,b_abs,9353
1773404781,kamailio,aflnet,2,l_per,6.8
1773404781,kamailio,aflnet,2,l_abs,16075
1773404781,kamailio,aflnet,2,b_per,1.6
1773404781,kamailio,aflnet,2,b_abs,9359
1773405225,kamailio,aflnet,2,l_per,6.8
1773405225,kamailio,aflnet,2,l_abs,16090
1773405225,kamailio,aflnet,2,b_per,1.7
1773405225,kamailio,aflnet,2,b_abs,9365
1773405675,kamailio,aflnet,2,l_per,6.8
1773405675,kamailio,aflnet,2,l_abs,16102
1773405675,kamailio,aflnet,2,b_per,1.7
1773405675,kamailio,aflnet,2,b_abs,9402
1773406072,kamailio,aflnet,2,l_per,6.8
1773406072,kamailio,aflnet,2,l_abs,16123
1773406072,kamailio,aflnet,2,b_per,1.7
1773406072,kamailio,aflnet,2,b_abs,9418
1773406393,kamailio,aflnet,2,l_per,6.8
1773406393,kamailio,aflnet,2,l_abs,16132
1773406393,kamailio,aflnet,2,b_per,1.7
1773406393,kamailio,aflnet,2,b_abs,9427
1773406653,kamailio,aflnet,2,l_per,6.8
1773406653,kamailio,aflnet,2,l_abs,16134
1773406653,kamailio,aflnet,2,b_per,1.7
1773406653,kamailio,aflnet,2,b_abs,9428
1773407086,kamailio,aflnet,2,l_per,6.8
1773407086,kamailio,aflnet,2,l_abs,16134
1773407086,kamailio,aflnet,2,b_per,1.7
1773407086,kamailio,aflnet,2,b_abs,9429
1773407584,kamailio,aflnet,2,l_per,6.8
1773407584,kamailio,aflnet,2,l_abs,16134
1773407584,kamailio,aflnet,2,b_per,1.7
1773407584,kamailio,aflnet,2,b_abs,9429
1773408047,kamailio,aflnet,2,l_per,6.8
1773408047,kamailio,aflnet,2,l_abs,16138
1773408047,kamailio,aflnet,2,b_per,1.7
1773408047,kamailio,aflnet,2,b_abs,9430
1773408566,kamailio,aflnet,2,l_per,6.8
1773408566,kamailio,aflnet,2,l_abs,16138
1773408566,kamailio,aflnet,2,b_per,1.7
1773408566,kamailio,aflnet,2,b_abs,9430
1773409222,kamailio,aflnet,2,l_per,6.8
1773409222,kamailio,aflnet,2,l_abs,16138
1773409222,kamailio,aflnet,2,b_per,1.7
1773409222,kamailio,aflnet,2,b_abs,9430
1773410004,kamailio,aflnet,2,l_per,6.8
1773410004,kamailio,aflnet,2,l_abs,16138
1773410004,kamailio,aflnet,2,b_per,1.7
1773410004,kamailio,aflnet,2,b_abs,9430
1773410737,kamailio,aflnet,2,l_per,6.8
1773410737,kamailio,aflnet,2,l_abs,16182
1773410737,kamailio,aflnet,2,b_per,1.7
1773410737,kamailio,aflnet,2,b_abs,9507
1773411767,kamailio,aflnet,2,l_per,6.8
1773411767,kamailio,aflnet,2,l_abs,16182
1773411767,kamailio,aflnet,2,b_per,1.7
1773411767,kamailio,aflnet,2,b_abs,9507
1773412457,kamailio,aflnet,2,l_per,6.8
1773412457,kamailio,aflnet,2,l_abs,16182
1773412457,kamailio,aflnet,2,b_per,1.7
1773412457,kamailio,aflnet,2,b_abs,9507
1773413436,kamailio,aflnet,2,l_per,6.8
1773413436,kamailio,aflnet,2,l_abs,16183
1773413436,kamailio,aflnet,2,b_per,1.7
1773413436,kamailio,aflnet,2,b_abs,9510
1773414323,kamailio,aflnet,2,l_per,6.8
1773414323,kamailio,aflnet,2,l_abs,16183
1773414323,kamailio,aflnet,2,b_per,1.7
1773414323,kamailio,aflnet,2,b_abs,9512
1773414950,kamailio,aflnet,2,l_per,6.8
1773414950,kamailio,aflnet,2,l_abs,16183
1773414950,kamailio,aflnet,2,b_per,1.7
1773414950,kamailio,aflnet,2,b_abs,9512
1773415445,kamailio,aflnet,2,l_per,6.8
1773415445,kamailio,aflnet,2,l_abs,16183
1773415445,kamailio,aflnet,2,b_per,1.7
1773415445,kamailio,aflnet,2,b_abs,9512
1773416431,kamailio,aflnet,2,l_per,6.8
1773416431,kamailio,aflnet,2,l_abs,16183
1773416431,kamailio,aflnet,2,b_per,1.7
1773416431,kamailio,aflnet,2,b_abs,9512
1773417682,kamailio,aflnet,2,l_per,6.8
1773417682,kamailio,aflnet,2,l_abs,16183
1773417682,kamailio,aflnet,2,b_per,1.7
1773417682,kamailio,aflnet,2,b_abs,9514
1773418489,kamailio,aflnet,2,l_per,6.8
1773418489,kamailio,aflnet,2,l_abs,16183
1773418489,kamailio,aflnet,2,b_per,1.7
1773418489,kamailio,aflnet,2,b_abs,9514
1773419249,kamailio,aflnet,2,l_per,6.8
1773419249,kamailio,aflnet,2,l_abs,16183
1773419249,kamailio,aflnet,2,b_per,1.7
1773419249,kamailio,aflnet,2,b_abs,9514
1773420008,kamailio,aflnet,2,l_per,6.8
1773420008,kamailio,aflnet,2,l_abs,16183
1773420008,kamailio,aflnet,2,b_per,1.7
1773420008,kamailio,aflnet,2,b_abs,9516
1773420958,kamailio,aflnet,2,l_per,6.8
1773420958,kamailio,aflnet,2,l_abs,16183
1773420958,kamailio,aflnet,2,b_per,1.7
1773420958,kamailio,aflnet,2,b_abs,9520
1773421878,kamailio,aflnet,2,l_per,6.8
1773421878,kamailio,aflnet,2,l_abs,16183
1773421878,kamailio,aflnet,2,b_per,1.7
1773421878,kamailio,aflnet,2,b_abs,9520
1773422734,kamailio,aflnet,2,l_per,6.8
1773422734,kamailio,aflnet,2,l_abs,16183
1773422734,kamailio,aflnet,2,b_per,1.7
1773422734,kamailio,aflnet,2,b_abs,9520
1773423580,kamailio,aflnet,2,l_per,6.8
1773423580,kamailio,aflnet,2,l_abs,16183
1773423580,kamailio,aflnet,2,b_per,1.7
1773423580,kamailio,aflnet,2,b_abs,9520
1773424913,kamailio,aflnet,2,l_per,6.8
1773424913,kamailio,aflnet,2,l_abs,16210
1773424913,kamailio,aflnet,2,b_per,1.7
1773424913,kamailio,aflnet,2,b_abs,9534
1773425925,kamailio,aflnet,2,l_per,6.8
1773425925,kamailio,aflnet,2,l_abs,16210
1773425925,kamailio,aflnet,2,b_per,1.7
1773425925,kamailio,aflnet,2,b_abs,9534
1773427133,kamailio,aflnet,2,l_per,6.8
1773427133,kamailio,aflnet,2,l_abs,16210
1773427133,kamailio,aflnet,2,b_per,1.7
1773427133,kamailio,aflnet,2,b_abs,9534
1773428046,kamailio,aflnet,2,l_per,6.8
1773428046,kamailio,aflnet,2,l_abs,16210
1773428046,kamailio,aflnet,2,b_per,1.7
1773428046,kamailio,aflnet,2,b_abs,9534
1773429435,kamailio,aflnet,2,l_per,6.8
1773429435,kamailio,aflnet,2,l_abs,16210
1773429435,kamailio,aflnet,2,b_per,1.7
1773429435,kamailio,aflnet,2,b_abs,9535
1773430793,kamailio,aflnet,2,l_per,6.8
1773430793,kamailio,aflnet,2,l_abs,16216
1773430793,kamailio,aflnet,2,b_per,1.7
1773430793,kamailio,aflnet,2,b_abs,9538
1773432622,kamailio,aflnet,2,l_per,6.8
1773432622,kamailio,aflnet,2,l_abs,16216
1773432622,kamailio,aflnet,2,b_per,1.7
1773432622,kamailio,aflnet,2,b_abs,9538
1773434423,kamailio,aflnet,2,l_per,6.8
1773434423,kamailio,aflnet,2,l_abs,16216
1773434423,kamailio,aflnet,2,b_per,1.7
1773434423,kamailio,aflnet,2,b_abs,9538
1773435811,kamailio,aflnet,2,l_per,6.8
1773435811,kamailio,aflnet,2,l_abs,16221
1773435811,kamailio,aflnet,2,b_per,1.7
1773435811,kamailio,aflnet,2,b_abs,9540
1773437054,kamailio,aflnet,2,l_per,6.8
1773437054,kamailio,aflnet,2,l_abs,16229
1773437054,kamailio,aflnet,2,b_per,1.7
1773437054,kamailio,aflnet,2,b_abs,9543
1773438817,kamailio,aflnet,2,l_per,6.8
1773438817,kamailio,aflnet,2,l_abs,16231
1773438817,kamailio,aflnet,2,b_per,1.7
1773438817,kamailio,aflnet,2,b_abs,9547
1773440370,kamailio,aflnet,2,l_per,6.8
1773440370,kamailio,aflnet,2,l_abs,16231
1773440370,kamailio,aflnet,2,b_per,1.7
1773440370,kamailio,aflnet,2,b_abs,9549
1773441943,kamailio,aflnet,2,l_per,6.8
1773441943,kamailio,aflnet,2,l_abs,16231
1773441943,kamailio,aflnet,2,b_per,1.7
1773441943,kamailio,aflnet,2,b_abs,9550
1773442782,kamailio,aflnet,2,l_per,6.8
1773442782,kamailio,aflnet,2,l_abs,16231
1773442782,kamailio,aflnet,2,b_per,1.7
1773442782,kamailio,aflnet,2,b_abs,9550
1773444608,kamailio,aflnet,2,l_per,6.8
1773444608,kamailio,aflnet,2,l_abs,16231
1773444608,kamailio,aflnet,2,b_per,1.7
1773444608,kamailio,aflnet,2,b_abs,9550
1773446505,kamailio,aflnet,2,l_per,6.9
1773446505,kamailio,aflnet,2,l_abs,16235
1773446505,kamailio,aflnet,2,b_per,1.7
1773446505,kamailio,aflnet,2,b_abs,9552
1773448234,kamailio,aflnet,2,l_per,6.9
1773448234,kamailio,aflnet,2,l_abs,16235
1773448234,kamailio,aflnet,2,b_per,1.7
1773448234,kamailio,aflnet,2,b_abs,9553
1773450230,kamailio,aflnet,2,l_per,6.9
1773450230,kamailio,aflnet,2,l_abs,16237
1773450230,kamailio,aflnet,2,b_per,1.7
1773450230,kamailio,aflnet,2,b_abs,9554
1773452278,kamailio,aflnet,2,l_per,6.9
1773452278,kamailio,aflnet,2,l_abs,16252
1773452278,kamailio,aflnet,2,b_per,1.7
1773452278,kamailio,aflnet,2,b_abs,9581
1773454305,kamailio,aflnet,2,l_per,6.9
1773454305,kamailio,aflnet,2,l_abs,16252
1773454305,kamailio,aflnet,2,b_per,1.7
1773454305,kamailio,aflnet,2,b_abs,9583
1773456151,kamailio,aflnet,2,l_per,6.9
1773456151,kamailio,aflnet,2,l_abs,16252
1773456151,kamailio,aflnet,2,b_per,1.7
1773456151,kamailio,aflnet,2,b_abs,9583
1773457693,kamailio,aflnet,2,l_per,6.9
1773457693,kamailio,aflnet,2,l_abs,16252
1773457693,kamailio,aflnet,2,b_per,1.7
1773457693,kamailio,aflnet,2,b_abs,9583
1773459019,kamailio,aflnet,2,l_per,6.9
1773459019,kamailio,aflnet,2,l_abs,16252
1773459019,kamailio,aflnet,2,b_per,1.7
1773459019,kamailio,aflnet,2,b_abs,9583
1773460507,kamailio,aflnet,2,l_per,6.9
1773460507,kamailio,aflnet,2,l_abs,16252
1773460507,kamailio,aflnet,2,b_per,1.7
1773460507,kamailio,aflnet,2,b_abs,9584
1773462382,kamailio,aflnet,2,l_per,6.9
1773462382,kamailio,aflnet,2,l_abs,16254
1773462382,kamailio,aflnet,2,b_per,1.7
1773462382,kamailio,aflnet,2,b_abs,9587
1773464000,kamailio,aflnet,2,l_per,6.9
1773464000,kamailio,aflnet,2,l_abs,16255
1773464000,kamailio,aflnet,2,b_per,1.7
1773464000,kamailio,aflnet,2,b_abs,9589
1773465634,kamailio,aflnet,2,l_per,6.9
1773465634,kamailio,aflnet,2,l_abs,16255
1773465634,kamailio,aflnet,2,b_per,1.7
1773465634,kamailio,aflnet,2,b_abs,9591
1773468701,kamailio,aflnet,2,l_per,6.9
1773468701,kamailio,aflnet,2,l_abs,16255
1773468701,kamailio,aflnet,2,b_per,1.7
1773468701,kamailio,aflnet,2,b_abs,9591
1773471048,kamailio,aflnet,2,l_per,6.9
1773471048,kamailio,aflnet,2,l_abs,16255
1773471048,kamailio,aflnet,2,b_per,1.7
1773471048,kamailio,aflnet,2,b_abs,9591
1773472953,kamailio,aflnet,2,l_per,6.9
1773472953,kamailio,aflnet,2,l_abs,16257
1773472953,kamailio,aflnet,2,b_per,1.7
1773472953,kamailio,aflnet,2,b_abs,9593
1773474696,kamailio,aflnet,2,l_per,6.9
1773474696,kamailio,aflnet,2,l_abs,16257
1773474696,kamailio,aflnet,2,b_per,1.7
1773474696,kamailio,aflnet,2,b_abs,9593
1773477075,kamailio,aflnet,2,l_per,6.9
1773477075,kamailio,aflnet,2,l_abs,16259
1773477075,kamailio,aflnet,2,b_per,1.7
1773477075,kamailio,aflnet,2,b_abs,9594
1773479026,kamailio,aflnet,2,l_per,6.9
1773479026,kamailio,aflnet,2,l_abs,16259
1773479026,kamailio,aflnet,2,b_per,1.7
1773479026,kamailio,aflnet,2,b_abs,9594
1773480579,kamailio,aflnet,2,l_per,6.9
1773480579,kamailio,aflnet,2,l_abs,16259
1773480579,kamailio,aflnet,2,b_per,1.7
1773480579,kamailio,aflnet,2,b_abs,9594
1773482177,kamailio,aflnet,2,l_per,6.9
1773482177,kamailio,aflnet,2,l_abs,16259
1773482177,kamailio,aflnet,2,b_per,1.7
1773482177,kamailio,aflnet,2,b_abs,9594
1773485181,kamailio,aflnet,2,l_per,6.9
1773485181,kamailio,aflnet,2,l_abs,16263
1773485181,kamailio,aflnet,2,b_per,1.7
1773485181,kamailio,aflnet,2,b_abs,9600
1773486746,kamailio,aflnet,2,l_per,6.9
1773486746,kamailio,aflnet,2,l_abs,16263
1773486746,kamailio,aflnet,2,b_per,1.7
1773486746,kamailio,aflnet,2,b_abs,9600
1773398561,kamailio,aflnet,3,l_per,4.2
1773398561,kamailio,aflnet,3,l_abs,10014
1773398561,kamailio,aflnet,3,b_per,0.8
1773398561,kamailio,aflnet,3,b_abs,4638
1773398660,kamailio,aflnet,3,l_per,5.5
1773398660,kamailio,aflnet,3,l_abs,13097
1773398660,kamailio,aflnet,3,b_per,1.1
1773398660,kamailio,aflnet,3,b_abs,6418
1773398757,kamailio,aflnet,3,l_per,5.6
1773398757,kamailio,aflnet,3,l_abs,13326
1773398757,kamailio,aflnet,3,b_per,1.2
1773398757,kamailio,aflnet,3,b_abs,6621
1773398849,kamailio,aflnet,3,l_per,5.9
1773398849,kamailio,aflnet,3,l_abs,13937
1773398849,kamailio,aflnet,3,b_per,1.3
1773398849,kamailio,aflnet,3,b_abs,7097
1773398973,kamailio,aflnet,3,l_per,6.0
1773398973,kamailio,aflnet,3,l_abs,14101
1773398973,kamailio,aflnet,3,b_per,1.3
1773398973,kamailio,aflnet,3,b_abs,7274
1773399056,kamailio,aflnet,3,l_per,6.0
1773399056,kamailio,aflnet,3,l_abs,14251
1773399056,kamailio,aflnet,3,b_per,1.3
1773399056,kamailio,aflnet,3,b_abs,7458
1773399137,kamailio,aflnet,3,l_per,6.0
1773399137,kamailio,aflnet,3,l_abs,14325
1773399137,kamailio,aflnet,3,b_per,1.3
1773399137,kamailio,aflnet,3,b_abs,7545
1773399231,kamailio,aflnet,3,l_per,6.1
1773399231,kamailio,aflnet,3,l_abs,14518
1773399231,kamailio,aflnet,3,b_per,1.4
1773399231,kamailio,aflnet,3,b_abs,7710
1773399333,kamailio,aflnet,3,l_per,6.2
1773399333,kamailio,aflnet,3,l_abs,14649
1773399333,kamailio,aflnet,3,b_per,1.4
1773399333,kamailio,aflnet,3,b_abs,7858
1773399429,kamailio,aflnet,3,l_per,6.2
1773399429,kamailio,aflnet,3,l_abs,14718
1773399429,kamailio,aflnet,3,b_per,1.4
1773399429,kamailio,aflnet,3,b_abs,7969
1773399555,kamailio,aflnet,3,l_per,6.2
1773399555,kamailio,aflnet,3,l_abs,14780
1773399555,kamailio,aflnet,3,b_per,1.4
1773399555,kamailio,aflnet,3,b_abs,8023
1773399690,kamailio,aflnet,3,l_per,6.3
1773399690,kamailio,aflnet,3,l_abs,14816
1773399690,kamailio,aflnet,3,b_per,1.4
1773399690,kamailio,aflnet,3,b_abs,8092
1773399828,kamailio,aflnet,3,l_per,6.3
1773399828,kamailio,aflnet,3,l_abs,14879
1773399828,kamailio,aflnet,3,b_per,1.4
1773399828,kamailio,aflnet,3,b_abs,8192
1773399975,kamailio,aflnet,3,l_per,6.3
1773399975,kamailio,aflnet,3,l_abs,14945
1773399975,kamailio,aflnet,3,b_per,1.5
1773399975,kamailio,aflnet,3,b_abs,8236
1773400099,kamailio,aflnet,3,l_per,6.3
1773400099,kamailio,aflnet,3,l_abs,14985
1773400099,kamailio,aflnet,3,b_per,1.5
1773400099,kamailio,aflnet,3,b_abs,8271
1773400253,kamailio,aflnet,3,l_per,6.4
1773400253,kamailio,aflnet,3,l_abs,15191
1773400253,kamailio,aflnet,3,b_per,1.5
1773400253,kamailio,aflnet,3,b_abs,8483
1773400416,kamailio,aflnet,3,l_per,6.4
1773400416,kamailio,aflnet,3,l_abs,15253
1773400416,kamailio,aflnet,3,b_per,1.5
1773400416,kamailio,aflnet,3,b_abs,8563
1773400567,kamailio,aflnet,3,l_per,6.5
1773400567,kamailio,aflnet,3,l_abs,15325
1773400567,kamailio,aflnet,3,b_per,1.5
1773400567,kamailio,aflnet,3,b_abs,8638
1773400765,kamailio,aflnet,3,l_per,6.5
1773400765,kamailio,aflnet,3,l_abs,15372
1773400765,kamailio,aflnet,3,b_per,1.5
1773400765,kamailio,aflnet,3,b_abs,8690
1773401010,kamailio,aflnet,3,l_per,6.6
1773401010,kamailio,aflnet,3,l_abs,15546
1773401010,kamailio,aflnet,3,b_per,1.6
1773401010,kamailio,aflnet,3,b_abs,8827
1773401363,kamailio,aflnet,3,l_per,6.6
1773401363,kamailio,aflnet,3,l_abs,15575
1773401363,kamailio,aflnet,3,b_per,1.6
1773401363,kamailio,aflnet,3,b_abs,8848
1773401624,kamailio,aflnet,3,l_per,6.6
1773401624,kamailio,aflnet,3,l_abs,15593
1773401624,kamailio,aflnet,3,b_per,1.6
1773401624,kamailio,aflnet,3,b_abs,8868
1773401786,kamailio,aflnet,3,l_per,6.6
1773401786,kamailio,aflnet,3,l_abs,15625
1773401786,kamailio,aflnet,3,b_per,1.6
1773401786,kamailio,aflnet,3,b_abs,8913
1773401975,kamailio,aflnet,3,l_per,6.6
1773401975,kamailio,aflnet,3,l_abs,15642
1773401975,kamailio,aflnet,3,b_per,1.6
1773401975,kamailio,aflnet,3,b_abs,8934
1773402305,kamailio,aflnet,3,l_per,6.6
1773402305,kamailio,aflnet,3,l_abs,15666
1773402305,kamailio,aflnet,3,b_per,1.6
1773402305,kamailio,aflnet,3,b_abs,8979
1773402696,kamailio,aflnet,3,l_per,6.6
1773402696,kamailio,aflnet,3,l_abs,15684
1773402696,kamailio,aflnet,3,b_per,1.6
1773402696,kamailio,aflnet,3,b_abs,9004
1773402918,kamailio,aflnet,3,l_per,6.6
1773402918,kamailio,aflnet,3,l_abs,15752
1773402918,kamailio,aflnet,3,b_per,1.6
1773402918,kamailio,aflnet,3,b_abs,9055
1773403141,kamailio,aflnet,3,l_per,6.7
1773403141,kamailio,aflnet,3,l_abs,15771
1773403141,kamailio,aflnet,3,b_per,1.6
1773403141,kamailio,aflnet,3,b_abs,9090
1773403409,kamailio,aflnet,3,l_per,6.7
1773403409,kamailio,aflnet,3,l_abs,15818
1773403409,kamailio,aflnet,3,b_per,1.6
1773403409,kamailio,aflnet,3,b_abs,9146
1773403702,kamailio,aflnet,3,l_per,6.7
1773403702,kamailio,aflnet,3,l_abs,15868
1773403702,kamailio,aflnet,3,b_per,1.6
1773403702,kamailio,aflnet,3,b_abs,9193
1773404131,kamailio,aflnet,3,l_per,6.7
1773404131,kamailio,aflnet,3,l_abs,15900
1773404131,kamailio,aflnet,3,b_per,1.6
1773404131,kamailio,aflnet,3,b_abs,9239
1773404535,kamailio,aflnet,3,l_per,6.7
1773404535,kamailio,aflnet,3,l_abs,15914
1773404535,kamailio,aflnet,3,b_per,1.6
1773404535,kamailio,aflnet,3,b_abs,9256
1773405016,kamailio,aflnet,3,l_per,6.7
1773405016,kamailio,aflnet,3,l_abs,15933
1773405016,kamailio,aflnet,3,b_per,1.6
1773405016,kamailio,aflnet,3,b_abs,9271
1773405181,kamailio,aflnet,3,l_per,6.7
1773405181,kamailio,aflnet,3,l_abs,15950
1773405181,kamailio,aflnet,3,b_per,1.6
1773405181,kamailio,aflnet,3,b_abs,9287
1773405503,kamailio,aflnet,3,l_per,6.7
1773405503,kamailio,aflnet,3,l_abs,15966
1773405503,kamailio,aflnet,3,b_per,1.6
1773405503,kamailio,aflnet,3,b_abs,9316
1773405992,kamailio,aflnet,3,l_per,6.8
1773405992,kamailio,aflnet,3,l_abs,15997
1773405992,kamailio,aflnet,3,b_per,1.6
1773405992,kamailio,aflnet,3,b_abs,9344
1773406462,kamailio,aflnet,3,l_per,6.8
1773406462,kamailio,aflnet,3,l_abs,16013
1773406462,kamailio,aflnet,3,b_per,1.7
1773406462,kamailio,aflnet,3,b_abs,9374
1773407032,kamailio,aflnet,3,l_per,6.8
1773407032,kamailio,aflnet,3,l_abs,16017
1773407032,kamailio,aflnet,3,b_per,1.7
1773407032,kamailio,aflnet,3,b_abs,9383
1773407516,kamailio,aflnet,3,l_per,6.8
1773407516,kamailio,aflnet,3,l_abs,16017
1773407516,kamailio,aflnet,3,b_per,1.7
1773407516,kamailio,aflnet,3,b_abs,9383
1773408066,kamailio,aflnet,3,l_per,6.8
1773408066,kamailio,aflnet,3,l_abs,16017
1773408066,kamailio,aflnet,3,b_per,1.7
1773408066,kamailio,aflnet,3,b_abs,9384
1773408608,kamailio,aflnet,3,l_per,6.8
1773408608,kamailio,aflnet,3,l_abs,16017
1773408608,kamailio,aflnet,3,b_per,1.7
1773408608,kamailio,aflnet,3,b_abs,9384
1773409053,kamailio,aflnet,3,l_per,6.8
1773409053,kamailio,aflnet,3,l_abs,16017
1773409053,kamailio,aflnet,3,b_per,1.7
1773409053,kamailio,aflnet,3,b_abs,9385
1773409962,kamailio,aflnet,3,l_per,6.8
1773409962,kamailio,aflnet,3,l_abs,16017
1773409962,kamailio,aflnet,3,b_per,1.7
1773409962,kamailio,aflnet,3,b_abs,9385
1773410598,kamailio,aflnet,3,l_per,6.8
1773410598,kamailio,aflnet,3,l_abs,16017
1773410598,kamailio,aflnet,3,b_per,1.7
1773410598,kamailio,aflnet,3,b_abs,9385
1773411336,kamailio,aflnet,3,l_per,6.8
1773411336,kamailio,aflnet,3,l_abs,16017
1773411336,kamailio,aflnet,3,b_per,1.7
1773411336,kamailio,aflnet,3,b_abs,9385
1773412043,kamailio,aflnet,3,l_per,6.8
1773412043,kamailio,aflnet,3,l_abs,16019
1773412043,kamailio,aflnet,3,b_per,1.7
1773412043,kamailio,aflnet,3,b_abs,9395
1773412732,kamailio,aflnet,3,l_per,6.8
1773412732,kamailio,aflnet,3,l_abs,16019
1773412732,kamailio,aflnet,3,b_per,1.7
1773412732,kamailio,aflnet,3,b_abs,9395
1773413462,kamailio,aflnet,3,l_per,6.8
1773413462,kamailio,aflnet,3,l_abs,16019
1773413462,kamailio,aflnet,3,b_per,1.7
1773413462,kamailio,aflnet,3,b_abs,9395
1773414209,kamailio,aflnet,3,l_per,6.8
1773414209,kamailio,aflnet,3,l_abs,16022
1773414209,kamailio,aflnet,3,b_per,1.7
1773414209,kamailio,aflnet,3,b_abs,9396
1773415257,kamailio,aflnet,3,l_per,6.8
1773415257,kamailio,aflnet,3,l_abs,16022
1773415257,kamailio,aflnet,3,b_per,1.7
1773415257,kamailio,aflnet,3,b_abs,9396
1773416044,kamailio,aflnet,3,l_per,6.8
1773416044,kamailio,aflnet,3,l_abs,16022
1773416044,kamailio,aflnet,3,b_per,1.7
1773416044,kamailio,aflnet,3,b_abs,9396
1773417178,kamailio,aflnet,3,l_per,6.8
1773417178,kamailio,aflnet,3,l_abs,16022
1773417178,kamailio,aflnet,3,b_per,1.7
1773417178,kamailio,aflnet,3,b_abs,9396
1773418020,kamailio,aflnet,3,l_per,6.8
1773418020,kamailio,aflnet,3,l_abs,16022
1773418020,kamailio,aflnet,3,b_per,1.7
1773418020,kamailio,aflnet,3,b_abs,9396
1773418608,kamailio,aflnet,3,l_per,6.8
1773418608,kamailio,aflnet,3,l_abs,16022
1773418608,kamailio,aflnet,3,b_per,1.7
1773418608,kamailio,aflnet,3,b_abs,9396
1773419535,kamailio,aflnet,3,l_per,6.8
1773419535,kamailio,aflnet,3,l_abs,16022
1773419535,kamailio,aflnet,3,b_per,1.7
1773419535,kamailio,aflnet,3,b_abs,9396
1773420423,kamailio,aflnet,3,l_per,6.8
1773420423,kamailio,aflnet,3,l_abs,16022
1773420423,kamailio,aflnet,3,b_per,1.7
1773420423,kamailio,aflnet,3,b_abs,9396
1773421424,kamailio,aflnet,3,l_per,6.8
1773421424,kamailio,aflnet,3,l_abs,16022
1773421424,kamailio,aflnet,3,b_per,1.7
1773421424,kamailio,aflnet,3,b_abs,9396
1773422398,kamailio,aflnet,3,l_per,6.8
1773422398,kamailio,aflnet,3,l_abs,16022
1773422398,kamailio,aflnet,3,b_per,1.7
1773422398,kamailio,aflnet,3,b_abs,9396
1773423009,kamailio,aflnet,3,l_per,6.8
1773423009,kamailio,aflnet,3,l_abs,16022
1773423009,kamailio,aflnet,3,b_per,1.7
1773423009,kamailio,aflnet,3,b_abs,9396
1773423929,kamailio,aflnet,3,l_per,6.8
1773423929,kamailio,aflnet,3,l_abs,16022
1773423929,kamailio,aflnet,3,b_per,1.7
1773423929,kamailio,aflnet,3,b_abs,9396
1773425163,kamailio,aflnet,3,l_per,6.8
1773425163,kamailio,aflnet,3,l_abs,16034
1773425163,kamailio,aflnet,3,b_per,1.7
1773425163,kamailio,aflnet,3,b_abs,9400
1773426223,kamailio,aflnet,3,l_per,6.8
1773426223,kamailio,aflnet,3,l_abs,16034
1773426223,kamailio,aflnet,3,b_per,1.7
1773426223,kamailio,aflnet,3,b_abs,9400
1773427006,kamailio,aflnet,3,l_per,6.8
1773427006,kamailio,aflnet,3,l_abs,16039
1773427006,kamailio,aflnet,3,b_per,1.7
1773427006,kamailio,aflnet,3,b_abs,9402
1773428235,kamailio,aflnet,3,l_per,6.8
1773428235,kamailio,aflnet,3,l_abs,16039
1773428235,kamailio,aflnet,3,b_per,1.7
1773428235,kamailio,aflnet,3,b_abs,9402
1773429394,kamailio,aflnet,3,l_per,6.8
1773429394,kamailio,aflnet,3,l_abs,16044
1773429394,kamailio,aflnet,3,b_per,1.7
1773429394,kamailio,aflnet,3,b_abs,9409
1773430844,kamailio,aflnet,3,l_per,6.8
1773430844,kamailio,aflnet,3,l_abs,16044
1773430844,kamailio,aflnet,3,b_per,1.7
1773430844,kamailio,aflnet,3,b_abs,9409
1773431916,kamailio,aflnet,3,l_per,6.8
1773431916,kamailio,aflnet,3,l_abs,16044
1773431916,kamailio,aflnet,3,b_per,1.7
1773431916,kamailio,aflnet,3,b_abs,9409
1773432982,kamailio,aflnet,3,l_per,6.8
1773432982,kamailio,aflnet,3,l_abs,16044
1773432982,kamailio,aflnet,3,b_per,1.7
1773432982,kamailio,aflnet,3,b_abs,9409
1773434429,kamailio,aflnet,3,l_per,6.8
1773434429,kamailio,aflnet,3,l_abs,16044
1773434429,kamailio,aflnet,3,b_per,1.7
1773434429,kamailio,aflnet,3,b_abs,9409
1773436095,kamailio,aflnet,3,l_per,6.8
1773436095,kamailio,aflnet,3,l_abs,16046
1773436095,kamailio,aflnet,3,b_per,1.7
1773436095,kamailio,aflnet,3,b_abs,9410
1773437556,kamailio,aflnet,3,l_per,6.8
1773437556,kamailio,aflnet,3,l_abs,16046
1773437556,kamailio,aflnet,3,b_per,1.7
1773437556,kamailio,aflnet,3,b_abs,9410
1773438803,kamailio,aflnet,3,l_per,6.8
1773438803,kamailio,aflnet,3,l_abs,16046
1773438803,kamailio,aflnet,3,b_per,1.7
1773438803,kamailio,aflnet,3,b_abs,9410
1773440208,kamailio,aflnet,3,l_per,6.8
1773440208,kamailio,aflnet,3,l_abs,16046
1773440208,kamailio,aflnet,3,b_per,1.7
1773440208,kamailio,aflnet,3,b_abs,9410
1773441684,kamailio,aflnet,3,l_per,6.8
1773441684,kamailio,aflnet,3,l_abs,16050
1773441684,kamailio,aflnet,3,b_per,1.7
1773441684,kamailio,aflnet,3,b_abs,9411
1773442745,kamailio,aflnet,3,l_per,6.8
1773442745,kamailio,aflnet,3,l_abs,16050
1773442745,kamailio,aflnet,3,b_per,1.7
1773442745,kamailio,aflnet,3,b_abs,9411
1773443844,kamailio,aflnet,3,l_per,6.8
1773443844,kamailio,aflnet,3,l_abs,16061
1773443844,kamailio,aflnet,3,b_per,1.7
1773443844,kamailio,aflnet,3,b_abs,9424
1773445753,kamailio,aflnet,3,l_per,6.8
1773445753,kamailio,aflnet,3,l_abs,16061
1773445753,kamailio,aflnet,3,b_per,1.7
1773445753,kamailio,aflnet,3,b_abs,9424
1773447115,kamailio,aflnet,3,l_per,6.8
1773447115,kamailio,aflnet,3,l_abs,16061
1773447115,kamailio,aflnet,3,b_per,1.7
1773447115,kamailio,aflnet,3,b_abs,9424
1773448941,kamailio,aflnet,3,l_per,6.8
1773448941,kamailio,aflnet,3,l_abs,16061
1773448941,kamailio,aflnet,3,b_per,1.7
1773448941,kamailio,aflnet,3,b_abs,9424
1773450748,kamailio,aflnet,3,l_per,6.8
1773450748,kamailio,aflnet,3,l_abs,16061
1773450748,kamailio,aflnet,3,b_per,1.7
1773450748,kamailio,aflnet,3,b_abs,9424
1773451780,kamailio,aflnet,3,l_per,6.8
1773451780,kamailio,aflnet,3,l_abs,16061
1773451780,kamailio,aflnet,3,b_per,1.7
1773451780,kamailio,aflnet,3,b_abs,9426
1773452992,kamailio,aflnet,3,l_per,6.8
1773452992,kamailio,aflnet,3,l_abs,16061
1773452992,kamailio,aflnet,3,b_per,1.7
1773452992,kamailio,aflnet,3,b_abs,9426
1773454520,kamailio,aflnet,3,l_per,6.8
1773454520,kamailio,aflnet,3,l_abs,16061
1773454520,kamailio,aflnet,3,b_per,1.7
1773454520,kamailio,aflnet,3,b_abs,9428
1773456379,kamailio,aflnet,3,l_per,6.8
1773456379,kamailio,aflnet,3,l_abs,16061
1773456379,kamailio,aflnet,3,b_per,1.7
1773456379,kamailio,aflnet,3,b_abs,9428
1773457835,kamailio,aflnet,3,l_per,6.8
1773457835,kamailio,aflnet,3,l_abs,16061
1773457835,kamailio,aflnet,3,b_per,1.7
1773457835,kamailio,aflnet,3,b_abs,9430
1773459479,kamailio,aflnet,3,l_per,6.8
1773459479,kamailio,aflnet,3,l_abs,16061
1773459479,kamailio,aflnet,3,b_per,1.7
1773459479,kamailio,aflnet,3,b_abs,9430
1773461147,kamailio,aflnet,3,l_per,6.8
1773461147,kamailio,aflnet,3,l_abs,16066
1773461147,kamailio,aflnet,3,b_per,1.7
1773461147,kamailio,aflnet,3,b_abs,9432
1773462722,kamailio,aflnet,3,l_per,6.8
1773462722,kamailio,aflnet,3,l_abs,16066
1773462722,kamailio,aflnet,3,b_per,1.7
1773462722,kamailio,aflnet,3,b_abs,9432
1773463905,kamailio,aflnet,3,l_per,6.8
1773463905,kamailio,aflnet,3,l_abs,16066
1773463905,kamailio,aflnet,3,b_per,1.7
1773463905,kamailio,aflnet,3,b_abs,9432
1773465517,kamailio,aflnet,3,l_per,6.8
1773465517,kamailio,aflnet,3,l_abs,16066
1773465517,kamailio,aflnet,3,b_per,1.7
1773465517,kamailio,aflnet,3,b_abs,9432
1773468101,kamailio,aflnet,3,l_per,6.8
1773468101,kamailio,aflnet,3,l_abs,16066
1773468101,kamailio,aflnet,3,b_per,1.7
1773468101,kamailio,aflnet,3,b_abs,9434
1773469757,kamailio,aflnet,3,l_per,6.8
1773469757,kamailio,aflnet,3,l_abs,16068
1773469757,kamailio,aflnet,3,b_per,1.7
1773469757,kamailio,aflnet,3,b_abs,9436
1773471314,kamailio,aflnet,3,l_per,6.8
1773471314,kamailio,aflnet,3,l_abs,16070
1773471314,kamailio,aflnet,3,b_per,1.7
1773471314,kamailio,aflnet,3,b_abs,9438
1773473267,kamailio,aflnet,3,l_per,6.8
1773473267,kamailio,aflnet,3,l_abs,16070
1773473267,kamailio,aflnet,3,b_per,1.7
1773473267,kamailio,aflnet,3,b_abs,9438
1773474708,kamailio,aflnet,3,l_per,6.8
1773474708,kamailio,aflnet,3,l_abs,16070
1773474708,kamailio,aflnet,3,b_per,1.7
1773474708,kamailio,aflnet,3,b_abs,9438
1773476214,kamailio,aflnet,3,l_per,6.8
1773476214,kamailio,aflnet,3,l_abs,16070
1773476214,kamailio,aflnet,3,b_per,1.7
1773476214,kamailio,aflnet,3,b_abs,9438
1773478463,kamailio,aflnet,3,l_per,6.8
1773478463,kamailio,aflnet,3,l_abs,16070
1773478463,kamailio,aflnet,3,b_per,1.7
1773478463,kamailio,aflnet,3,b_abs,9438
1773479718,kamailio,aflnet,3,l_per,6.8
1773479718,kamailio,aflnet,3,l_abs,16070
1773479718,kamailio,aflnet,3,b_per,1.7
1773479718,kamailio,aflnet,3,b_abs,9438
1773482253,kamailio,aflnet,3,l_per,6.8
1773482253,kamailio,aflnet,3,l_abs,16070
1773482253,kamailio,aflnet,3,b_per,1.7
1773482253,kamailio,aflnet,3,b_abs,9438
1773484561,kamailio,aflnet,3,l_per,6.8
1773484561,kamailio,aflnet,3,l_abs,16070
1773484561,kamailio,aflnet,3,b_per,1.7
1773484561,kamailio,aflnet,3,b_abs,9438
1773486618,kamailio,aflnet,3,l_per,6.8
1773486618,kamailio,aflnet,3,l_abs,16070
1773486618,kamailio,aflnet,3,b_per,1.7
1773486618,kamailio,aflnet,3,b_abs,9439
1773398562,kamailio,aflnet,4,l_per,4.2
1773398562,kamailio,aflnet,4,l_abs,10014
1773398562,kamailio,aflnet,4,b_per,0.8
1773398562,kamailio,aflnet,4,b_abs,4638
1773398667,kamailio,aflnet,4,l_per,5.6
1773398667,kamailio,aflnet,4,l_abs,13165
1773398667,kamailio,aflnet,4,b_per,1.1
1773398667,kamailio,aflnet,4,b_abs,6498
1773398775,kamailio,aflnet,4,l_per,5.6
1773398775,kamailio,aflnet,4,l_abs,13255
1773398775,kamailio,aflnet,4,b_per,1.2
1773398775,kamailio,aflnet,4,b_abs,6632
1773398877,kamailio,aflnet,4,l_per,5.7
1773398877,kamailio,aflnet,4,l_abs,13412
1773398877,kamailio,aflnet,4,b_per,1.2
1773398877,kamailio,aflnet,4,b_abs,6780
1773398979,kamailio,aflnet,4,l_per,5.7
1773398979,kamailio,aflnet,4,l_abs,13499
1773398979,kamailio,aflnet,4,b_per,1.2
1773398979,kamailio,aflnet,4,b_abs,6907
1773399076,kamailio,aflnet,4,l_per,5.8
1773399076,kamailio,aflnet,4,l_abs,13720
1773399076,kamailio,aflnet,4,b_per,1.3
1773399076,kamailio,aflnet,4,b_abs,7142
1773399162,kamailio,aflnet,4,l_per,5.9
1773399162,kamailio,aflnet,4,l_abs,13978
1773399162,kamailio,aflnet,4,b_per,1.3
1773399162,kamailio,aflnet,4,b_abs,7336
1773399249,kamailio,aflnet,4,l_per,6.0
1773399249,kamailio,aflnet,4,l_abs,14138
1773399249,kamailio,aflnet,4,b_per,1.3
1773399249,kamailio,aflnet,4,b_abs,7450
1773399350,kamailio,aflnet,4,l_per,6.0
1773399350,kamailio,aflnet,4,l_abs,14207
1773399350,kamailio,aflnet,4,b_per,1.3
1773399350,kamailio,aflnet,4,b_abs,7496
1773399455,kamailio,aflnet,4,l_per,6.1
1773399455,kamailio,aflnet,4,l_abs,14535
1773399455,kamailio,aflnet,4,b_per,1.4
1773399455,kamailio,aflnet,4,b_abs,7667
1773399586,kamailio,aflnet,4,l_per,6.2
1773399586,kamailio,aflnet,4,l_abs,14597
1773399586,kamailio,aflnet,4,b_per,1.4
1773399586,kamailio,aflnet,4,b_abs,7731
1773399703,kamailio,aflnet,4,l_per,6.3
1773399703,kamailio,aflnet,4,l_abs,14823
1773399703,kamailio,aflnet,4,b_per,1.4
1773399703,kamailio,aflnet,4,b_abs,8016
1773399807,kamailio,aflnet,4,l_per,6.3
1773399807,kamailio,aflnet,4,l_abs,14969
1773399807,kamailio,aflnet,4,b_per,1.5
1773399807,kamailio,aflnet,4,b_abs,8228
1773399954,kamailio,aflnet,4,l_per,6.4
1773399954,kamailio,aflnet,4,l_abs,15049
1773399954,kamailio,aflnet,4,b_per,1.5
1773399954,kamailio,aflnet,4,b_abs,8335
1773400104,kamailio,aflnet,4,l_per,6.4
1773400104,kamailio,aflnet,4,l_abs,15147
1773400104,kamailio,aflnet,4,b_per,1.5
1773400104,kamailio,aflnet,4,b_abs,8447
1773400250,kamailio,aflnet,4,l_per,6.4
1773400250,kamailio,aflnet,4,l_abs,15236
1773400250,kamailio,aflnet,4,b_per,1.5
1773400250,kamailio,aflnet,4,b_abs,8549
1773400422,kamailio,aflnet,4,l_per,6.5
1773400422,kamailio,aflnet,4,l_abs,15344
1773400422,kamailio,aflnet,4,b_per,1.5
1773400422,kamailio,aflnet,4,b_abs,8683
1773400604,kamailio,aflnet,4,l_per,6.5
1773400604,kamailio,aflnet,4,l_abs,15478
1773400604,kamailio,aflnet,4,b_per,1.5
1773400604,kamailio,aflnet,4,b_abs,8786
1773400849,kamailio,aflnet,4,l_per,6.6
1773400849,kamailio,aflnet,4,l_abs,15530
1773400849,kamailio,aflnet,4,b_per,1.6
1773400849,kamailio,aflnet,4,b_abs,8862
1773401084,kamailio,aflnet,4,l_per,6.6
1773401084,kamailio,aflnet,4,l_abs,15661
1773401084,kamailio,aflnet,4,b_per,1.6
1773401084,kamailio,aflnet,4,b_abs,8959
1773401339,kamailio,aflnet,4,l_per,6.6
1773401339,kamailio,aflnet,4,l_abs,15706
1773401339,kamailio,aflnet,4,b_per,1.6
1773401339,kamailio,aflnet,4,b_abs,8995
1773401543,kamailio,aflnet,4,l_per,6.6
1773401543,kamailio,aflnet,4,l_abs,15752
1773401543,kamailio,aflnet,4,b_per,1.6
1773401543,kamailio,aflnet,4,b_abs,9026
1773401853,kamailio,aflnet,4,l_per,6.7
1773401853,kamailio,aflnet,4,l_abs,15764
1773401853,kamailio,aflnet,4,b_per,1.6
1773401853,kamailio,aflnet,4,b_abs,9040
1773402157,kamailio,aflnet,4,l_per,6.7
1773402157,kamailio,aflnet,4,l_abs,15794
1773402157,kamailio,aflnet,4,b_per,1.6
1773402157,kamailio,aflnet,4,b_abs,9056
1773402423,kamailio,aflnet,4,l_per,6.7
1773402423,kamailio,aflnet,4,l_abs,15813
1773402423,kamailio,aflnet,4,b_per,1.6
1773402423,kamailio,aflnet,4,b_abs,9086
1773402753,kamailio,aflnet,4,l_per,6.7
1773402753,kamailio,aflnet,4,l_abs,15839
1773402753,kamailio,aflnet,4,b_per,1.6
1773402753,kamailio,aflnet,4,b_abs,9124
1773403064,kamailio,aflnet,4,l_per,6.7
1773403064,kamailio,aflnet,4,l_abs,15847
1773403064,kamailio,aflnet,4,b_per,1.6
1773403064,kamailio,aflnet,4,b_abs,9144
1773403307,kamailio,aflnet,4,l_per,6.7
1773403307,kamailio,aflnet,4,l_abs,15886
1773403307,kamailio,aflnet,4,b_per,1.6
1773403307,kamailio,aflnet,4,b_abs,9176
1773403628,kamailio,aflnet,4,l_per,6.7
1773403628,kamailio,aflnet,4,l_abs,15907
1773403628,kamailio,aflnet,4,b_per,1.6
1773403628,kamailio,aflnet,4,b_abs,9232
1773404033,kamailio,aflnet,4,l_per,6.7
1773404033,kamailio,aflnet,4,l_abs,15922
1773404033,kamailio,aflnet,4,b_per,1.6
1773404033,kamailio,aflnet,4,b_abs,9254
1773404330,kamailio,aflnet,4,l_per,6.7
1773404330,kamailio,aflnet,4,l_abs,15963
1773404330,kamailio,aflnet,4,b_per,1.6
1773404330,kamailio,aflnet,4,b_abs,9343
1773404674,kamailio,aflnet,4,l_per,6.7
1773404674,kamailio,aflnet,4,l_abs,15975
1773404674,kamailio,aflnet,4,b_per,1.6
1773404674,kamailio,aflnet,4,b_abs,9354
1773405105,kamailio,aflnet,4,l_per,6.7
1773405105,kamailio,aflnet,4,l_abs,15991
1773405105,kamailio,aflnet,4,b_per,1.7
1773405105,kamailio,aflnet,4,b_abs,9366
1773405547,kamailio,aflnet,4,l_per,6.7
1773405547,kamailio,aflnet,4,l_abs,15996
1773405547,kamailio,aflnet,4,b_per,1.7
1773405547,kamailio,aflnet,4,b_abs,9376
1773406150,kamailio,aflnet,4,l_per,6.8
1773406150,kamailio,aflnet,4,l_abs,16044
1773406150,kamailio,aflnet,4,b_per,1.7
1773406150,kamailio,aflnet,4,b_abs,9421
1773406710,kamailio,aflnet,4,l_per,6.8
1773406710,kamailio,aflnet,4,l_abs,16063
1773406710,kamailio,aflnet,4,b_per,1.7
1773406710,kamailio,aflnet,4,b_abs,9437
1773407234,kamailio,aflnet,4,l_per,6.8
1773407234,kamailio,aflnet,4,l_abs,16076
1773407234,kamailio,aflnet,4,b_per,1.7
1773407234,kamailio,aflnet,4,b_abs,9455
1773407869,kamailio,aflnet,4,l_per,6.8
1773407869,kamailio,aflnet,4,l_abs,16164
1773407869,kamailio,aflnet,4,b_per,1.7
1773407869,kamailio,aflnet,4,b_abs,9511
1773408658,kamailio,aflnet,4,l_per,6.8
1773408658,kamailio,aflnet,4,l_abs,16164
1773408658,kamailio,aflnet,4,b_per,1.7
1773408658,kamailio,aflnet,4,b_abs,9511
1773409363,kamailio,aflnet,4,l_per,6.8
1773409363,kamailio,aflnet,4,l_abs,16164
1773409363,kamailio,aflnet,4,b_per,1.7
1773409363,kamailio,aflnet,4,b_abs,9511
1773409786,kamailio,aflnet,4,l_per,6.8
1773409786,kamailio,aflnet,4,l_abs,16164
1773409786,kamailio,aflnet,4,b_per,1.7
1773409786,kamailio,aflnet,4,b_abs,9512
1773410199,kamailio,aflnet,4,l_per,6.8
1773410199,kamailio,aflnet,4,l_abs,16164
1773410199,kamailio,aflnet,4,b_per,1.7
1773410199,kamailio,aflnet,4,b_abs,9512
1773410945,kamailio,aflnet,4,l_per,6.8
1773410945,kamailio,aflnet,4,l_abs,16164
1773410945,kamailio,aflnet,4,b_per,1.7
1773410945,kamailio,aflnet,4,b_abs,9512
1773411608,kamailio,aflnet,4,l_per,6.8
1773411608,kamailio,aflnet,4,l_abs,16164
1773411608,kamailio,aflnet,4,b_per,1.7
1773411608,kamailio,aflnet,4,b_abs,9512
1773412292,kamailio,aflnet,4,l_per,6.8
1773412292,kamailio,aflnet,4,l_abs,16164
1773412292,kamailio,aflnet,4,b_per,1.7
1773412292,kamailio,aflnet,4,b_abs,9512
1773412998,kamailio,aflnet,4,l_per,6.8
1773412998,kamailio,aflnet,4,l_abs,16164
1773412998,kamailio,aflnet,4,b_per,1.7
1773412998,kamailio,aflnet,4,b_abs,9512
1773413575,kamailio,aflnet,4,l_per,6.8
1773413575,kamailio,aflnet,4,l_abs,16164
1773413575,kamailio,aflnet,4,b_per,1.7
1773413575,kamailio,aflnet,4,b_abs,9512
1773414347,kamailio,aflnet,4,l_per,6.8
1773414347,kamailio,aflnet,4,l_abs,16164
1773414347,kamailio,aflnet,4,b_per,1.7
1773414347,kamailio,aflnet,4,b_abs,9512
1773415114,kamailio,aflnet,4,l_per,6.8
1773415114,kamailio,aflnet,4,l_abs,16164
1773415114,kamailio,aflnet,4,b_per,1.7
1773415114,kamailio,aflnet,4,b_abs,9512
1773415850,kamailio,aflnet,4,l_per,6.8
1773415850,kamailio,aflnet,4,l_abs,16164
1773415850,kamailio,aflnet,4,b_per,1.7
1773415850,kamailio,aflnet,4,b_abs,9512
1773416569,kamailio,aflnet,4,l_per,6.8
1773416569,kamailio,aflnet,4,l_abs,16164
1773416569,kamailio,aflnet,4,b_per,1.7
1773416569,kamailio,aflnet,4,b_abs,9512
1773417315,kamailio,aflnet,4,l_per,6.8
1773417315,kamailio,aflnet,4,l_abs,16168
1773417315,kamailio,aflnet,4,b_per,1.7
1773417315,kamailio,aflnet,4,b_abs,9513
1773417826,kamailio,aflnet,4,l_per,6.8
1773417826,kamailio,aflnet,4,l_abs,16168
1773417826,kamailio,aflnet,4,b_per,1.7
1773417826,kamailio,aflnet,4,b_abs,9517
1773418432,kamailio,aflnet,4,l_per,6.8
1773418432,kamailio,aflnet,4,l_abs,16171
1773418432,kamailio,aflnet,4,b_per,1.7
1773418432,kamailio,aflnet,4,b_abs,9518
1773419178,kamailio,aflnet,4,l_per,6.8
1773419178,kamailio,aflnet,4,l_abs,16174
1773419178,kamailio,aflnet,4,b_per,1.7
1773419178,kamailio,aflnet,4,b_abs,9529
1773419862,kamailio,aflnet,4,l_per,6.8
1773419862,kamailio,aflnet,4,l_abs,16174
1773419862,kamailio,aflnet,4,b_per,1.7
1773419862,kamailio,aflnet,4,b_abs,9529
1773420327,kamailio,aflnet,4,l_per,6.8
1773420327,kamailio,aflnet,4,l_abs,16174
1773420327,kamailio,aflnet,4,b_per,1.7
1773420327,kamailio,aflnet,4,b_abs,9530
1773421339,kamailio,aflnet,4,l_per,6.8
1773421339,kamailio,aflnet,4,l_abs,16174
1773421339,kamailio,aflnet,4,b_per,1.7
1773421339,kamailio,aflnet,4,b_abs,9530
1773421934,kamailio,aflnet,4,l_per,6.8
1773421934,kamailio,aflnet,4,l_abs,16174
1773421934,kamailio,aflnet,4,b_per,1.7
1773421934,kamailio,aflnet,4,b_abs,9530
1773422661,kamailio,aflnet,4,l_per,6.8
1773422661,kamailio,aflnet,4,l_abs,16174
1773422661,kamailio,aflnet,4,b_per,1.7
1773422661,kamailio,aflnet,4,b_abs,9530
1773423105,kamailio,aflnet,4,l_per,6.8
1773423105,kamailio,aflnet,4,l_abs,16174
1773423105,kamailio,aflnet,4,b_per,1.7
1773423105,kamailio,aflnet,4,b_abs,9531
1773423665,kamailio,aflnet,4,l_per,6.8
1773423665,kamailio,aflnet,4,l_abs,16174
1773423665,kamailio,aflnet,4,b_per,1.7
1773423665,kamailio,aflnet,4,b_abs,9531
1773424394,kamailio,aflnet,4,l_per,6.8
1773424394,kamailio,aflnet,4,l_abs,16174
1773424394,kamailio,aflnet,4,b_per,1.7
1773424394,kamailio,aflnet,4,b_abs,9531
1773425201,kamailio,aflnet,4,l_per,6.8
1773425201,kamailio,aflnet,4,l_abs,16174
1773425201,kamailio,aflnet,4,b_per,1.7
1773425201,kamailio,aflnet,4,b_abs,9531
1773426213,kamailio,aflnet,4,l_per,6.8
1773426213,kamailio,aflnet,4,l_abs,16174
1773426213,kamailio,aflnet,4,b_per,1.7
1773426213,kamailio,aflnet,4,b_abs,9531
1773427166,kamailio,aflnet,4,l_per,6.8
1773427166,kamailio,aflnet,4,l_abs,16174
1773427166,kamailio,aflnet,4,b_per,1.7
1773427166,kamailio,aflnet,4,b_abs,9531
1773428249,kamailio,aflnet,4,l_per,6.8
1773428249,kamailio,aflnet,4,l_abs,16174
1773428249,kamailio,aflnet,4,b_per,1.7
1773428249,kamailio,aflnet,4,b_abs,9531
1773429608,kamailio,aflnet,4,l_per,6.8
1773429608,kamailio,aflnet,4,l_abs,16177
1773429608,kamailio,aflnet,4,b_per,1.7
1773429608,kamailio,aflnet,4,b_abs,9534
1773430656,kamailio,aflnet,4,l_per,6.8
1773430656,kamailio,aflnet,4,l_abs,16181
1773430656,kamailio,aflnet,4,b_per,1.7
1773430656,kamailio,aflnet,4,b_abs,9535
1773432185,kamailio,aflnet,4,l_per,6.8
1773432185,kamailio,aflnet,4,l_abs,16181
1773432185,kamailio,aflnet,4,b_per,1.7
1773432185,kamailio,aflnet,4,b_abs,9535
1773433060,kamailio,aflnet,4,l_per,6.8
1773433060,kamailio,aflnet,4,l_abs,16181
1773433060,kamailio,aflnet,4,b_per,1.7
1773433060,kamailio,aflnet,4,b_abs,9535
1773434043,kamailio,aflnet,4,l_per,6.8
1773434043,kamailio,aflnet,4,l_abs,16184
1773434043,kamailio,aflnet,4,b_per,1.7
1773434043,kamailio,aflnet,4,b_abs,9538
1773435504,kamailio,aflnet,4,l_per,6.8
1773435504,kamailio,aflnet,4,l_abs,16184
1773435504,kamailio,aflnet,4,b_per,1.7
1773435504,kamailio,aflnet,4,b_abs,9538
1773436857,kamailio,aflnet,4,l_per,6.8
1773436857,kamailio,aflnet,4,l_abs,16184
1773436857,kamailio,aflnet,4,b_per,1.7
1773436857,kamailio,aflnet,4,b_abs,9540
1773438317,kamailio,aflnet,4,l_per,6.8
1773438317,kamailio,aflnet,4,l_abs,16188
1773438317,kamailio,aflnet,4,b_per,1.7
1773438317,kamailio,aflnet,4,b_abs,9542
1773440663,kamailio,aflnet,4,l_per,6.8
1773440663,kamailio,aflnet,4,l_abs,16188
1773440663,kamailio,aflnet,4,b_per,1.7
1773440663,kamailio,aflnet,4,b_abs,9542
1773442040,kamailio,aflnet,4,l_per,6.8
1773442040,kamailio,aflnet,4,l_abs,16191
1773442040,kamailio,aflnet,4,b_per,1.7
1773442040,kamailio,aflnet,4,b_abs,9545
1773443433,kamailio,aflnet,4,l_per,6.8
1773443433,kamailio,aflnet,4,l_abs,16191
1773443433,kamailio,aflnet,4,b_per,1.7
1773443433,kamailio,aflnet,4,b_abs,9545
1773444783,kamailio,aflnet,4,l_per,6.8
1773444783,kamailio,aflnet,4,l_abs,16191
1773444783,kamailio,aflnet,4,b_per,1.7
1773444783,kamailio,aflnet,4,b_abs,9545
1773446579,kamailio,aflnet,4,l_per,6.8
1773446579,kamailio,aflnet,4,l_abs,16191
1773446579,kamailio,aflnet,4,b_per,1.7
1773446579,kamailio,aflnet,4,b_abs,9545
1773447389,kamailio,aflnet,4,l_per,6.8
1773447389,kamailio,aflnet,4,l_abs,16191
1773447389,kamailio,aflnet,4,b_per,1.7
1773447389,kamailio,aflnet,4,b_abs,9545
1773449033,kamailio,aflnet,4,l_per,6.8
1773449033,kamailio,aflnet,4,l_abs,16191
1773449033,kamailio,aflnet,4,b_per,1.7
1773449033,kamailio,aflnet,4,b_abs,9545
1773450790,kamailio,aflnet,4,l_per,6.8
1773450790,kamailio,aflnet,4,l_abs,16191
1773450790,kamailio,aflnet,4,b_per,1.7
1773450790,kamailio,aflnet,4,b_abs,9545
1773452242,kamailio,aflnet,4,l_per,6.8
1773452242,kamailio,aflnet,4,l_abs,16198
1773452242,kamailio,aflnet,4,b_per,1.7
1773452242,kamailio,aflnet,4,b_abs,9555
1773452939,kamailio,aflnet,4,l_per,6.8
1773452939,kamailio,aflnet,4,l_abs,16198
1773452939,kamailio,aflnet,4,b_per,1.7
1773452939,kamailio,aflnet,4,b_abs,9555
1773454101,kamailio,aflnet,4,l_per,6.8
1773454101,kamailio,aflnet,4,l_abs,16198
1773454101,kamailio,aflnet,4,b_per,1.7
1773454101,kamailio,aflnet,4,b_abs,9555
1773455574,kamailio,aflnet,4,l_per,6.8
1773455574,kamailio,aflnet,4,l_abs,16198
1773455574,kamailio,aflnet,4,b_per,1.7
1773455574,kamailio,aflnet,4,b_abs,9560
1773457283,kamailio,aflnet,4,l_per,6.8
1773457283,kamailio,aflnet,4,l_abs,16198
1773457283,kamailio,aflnet,4,b_per,1.7
1773457283,kamailio,aflnet,4,b_abs,9560
1773458432,kamailio,aflnet,4,l_per,6.8
1773458432,kamailio,aflnet,4,l_abs,16198
1773458432,kamailio,aflnet,4,b_per,1.7
1773458432,kamailio,aflnet,4,b_abs,9562
1773460398,kamailio,aflnet,4,l_per,6.8
1773460398,kamailio,aflnet,4,l_abs,16201
1773460398,kamailio,aflnet,4,b_per,1.7
1773460398,kamailio,aflnet,4,b_abs,9565
1773461899,kamailio,aflnet,4,l_per,6.8
1773461899,kamailio,aflnet,4,l_abs,16201
1773461899,kamailio,aflnet,4,b_per,1.7
1773461899,kamailio,aflnet,4,b_abs,9565
1773463456,kamailio,aflnet,4,l_per,6.8
1773463456,kamailio,aflnet,4,l_abs,16201
1773463456,kamailio,aflnet,4,b_per,1.7
1773463456,kamailio,aflnet,4,b_abs,9565
1773465081,kamailio,aflnet,4,l_per,6.8
1773465081,kamailio,aflnet,4,l_abs,16201
1773465081,kamailio,aflnet,4,b_per,1.7
1773465081,kamailio,aflnet,4,b_abs,9565
1773467330,kamailio,aflnet,4,l_per,6.8
1773467330,kamailio,aflnet,4,l_abs,16201
1773467330,kamailio,aflnet,4,b_per,1.7
1773467330,kamailio,aflnet,4,b_abs,9565
1773469062,kamailio,aflnet,4,l_per,6.8
1773469062,kamailio,aflnet,4,l_abs,16201
1773469062,kamailio,aflnet,4,b_per,1.7
1773469062,kamailio,aflnet,4,b_abs,9565
1773470841,kamailio,aflnet,4,l_per,6.8
1773470841,kamailio,aflnet,4,l_abs,16201
1773470841,kamailio,aflnet,4,b_per,1.7
1773470841,kamailio,aflnet,4,b_abs,9565
1773472663,kamailio,aflnet,4,l_per,6.8
1773472663,kamailio,aflnet,4,l_abs,16205
1773472663,kamailio,aflnet,4,b_per,1.7
1773472663,kamailio,aflnet,4,b_abs,9572
1773475263,kamailio,aflnet,4,l_per,6.8
1773475263,kamailio,aflnet,4,l_abs,16207
1773475263,kamailio,aflnet,4,b_per,1.7
1773475263,kamailio,aflnet,4,b_abs,9575
1773476994,kamailio,aflnet,4,l_per,6.8
1773476994,kamailio,aflnet,4,l_abs,16207
1773476994,kamailio,aflnet,4,b_per,1.7
1773476994,kamailio,aflnet,4,b_abs,9575
1773479029,kamailio,aflnet,4,l_per,6.8
1773479029,kamailio,aflnet,4,l_abs,16207
1773479029,kamailio,aflnet,4,b_per,1.7
1773479029,kamailio,aflnet,4,b_abs,9575
1773480846,kamailio,aflnet,4,l_per,6.8
1773480846,kamailio,aflnet,4,l_abs,16213
1773480846,kamailio,aflnet,4,b_per,1.7
1773480846,kamailio,aflnet,4,b_abs,9577
1773482393,kamailio,aflnet,4,l_per,6.8
1773482393,kamailio,aflnet,4,l_abs,16220
1773482393,kamailio,aflnet,4,b_per,1.7
1773482393,kamailio,aflnet,4,b_abs,9583
1773485621,kamailio,aflnet,4,l_per,6.8
1773485621,kamailio,aflnet,4,l_abs,16225
1773485621,kamailio,aflnet,4,b_per,1.7
1773485621,kamailio,aflnet,4,b_abs,9592
1773486718,kamailio,aflnet,4,l_per,6.8
1773486718,kamailio,aflnet,4,l_abs,16225
1773486718,kamailio,aflnet,4,b_per,1.7
1773486718,kamailio,aflnet,4,b_abs,9592
1773398561,kamailio,aflnet,5,l_per,4.2
1773398561,kamailio,aflnet,5,l_abs,10014
1773398561,kamailio,aflnet,5,b_per,0.8
1773398561,kamailio,aflnet,5,b_abs,4638
1773398648,kamailio,aflnet,5,l_per,5.5
1773398648,kamailio,aflnet,5,l_abs,13011
1773398648,kamailio,aflnet,5,b_per,1.1
1773398648,kamailio,aflnet,5,b_abs,6265
1773398753,kamailio,aflnet,5,l_per,5.6
1773398753,kamailio,aflnet,5,l_abs,13204
1773398753,kamailio,aflnet,5,b_per,1.1
1773398753,kamailio,aflnet,5,b_abs,6489
1773398861,kamailio,aflnet,5,l_per,5.8
1773398861,kamailio,aflnet,5,l_abs,13799
1773398861,kamailio,aflnet,5,b_per,1.2
1773398861,kamailio,aflnet,5,b_abs,7050
1773398958,kamailio,aflnet,5,l_per,5.9
1773398958,kamailio,aflnet,5,l_abs,13865
1773398958,kamailio,aflnet,5,b_per,1.3
1773398958,kamailio,aflnet,5,b_abs,7177
1773399059,kamailio,aflnet,5,l_per,5.9
1773399059,kamailio,aflnet,5,l_abs,13962
1773399059,kamailio,aflnet,5,b_per,1.3
1773399059,kamailio,aflnet,5,b_abs,7277
1773399132,kamailio,aflnet,5,l_per,5.9
1773399132,kamailio,aflnet,5,l_abs,14071
1773399132,kamailio,aflnet,5,b_per,1.3
1773399132,kamailio,aflnet,5,b_abs,7405
1773399220,kamailio,aflnet,5,l_per,6.0
1773399220,kamailio,aflnet,5,l_abs,14127
1773399220,kamailio,aflnet,5,b_per,1.3
1773399220,kamailio,aflnet,5,b_abs,7457
1773399314,kamailio,aflnet,5,l_per,6.1
1773399314,kamailio,aflnet,5,l_abs,14495
1773399314,kamailio,aflnet,5,b_per,1.4
1773399314,kamailio,aflnet,5,b_abs,7680
1773399413,kamailio,aflnet,5,l_per,6.1
1773399413,kamailio,aflnet,5,l_abs,14557
1773399413,kamailio,aflnet,5,b_per,1.4
1773399413,kamailio,aflnet,5,b_abs,7741
1773399519,kamailio,aflnet,5,l_per,6.2
1773399519,kamailio,aflnet,5,l_abs,14661
1773399519,kamailio,aflnet,5,b_per,1.4
1773399519,kamailio,aflnet,5,b_abs,7829
1773399636,kamailio,aflnet,5,l_per,6.2
1773399636,kamailio,aflnet,5,l_abs,14727
1773399636,kamailio,aflnet,5,b_per,1.4
1773399636,kamailio,aflnet,5,b_abs,7909
1773399747,kamailio,aflnet,5,l_per,6.3
1773399747,kamailio,aflnet,5,l_abs,14911
1773399747,kamailio,aflnet,5,b_per,1.4
1773399747,kamailio,aflnet,5,b_abs,8049
1773399864,kamailio,aflnet,5,l_per,6.4
1773399864,kamailio,aflnet,5,l_abs,15050
1773399864,kamailio,aflnet,5,b_per,1.4
1773399864,kamailio,aflnet,5,b_abs,8204
1773400002,kamailio,aflnet,5,l_per,6.4
1773400002,kamailio,aflnet,5,l_abs,15155
1773400002,kamailio,aflnet,5,b_per,1.5
1773400002,kamailio,aflnet,5,b_abs,8312
1773400154,kamailio,aflnet,5,l_per,6.4
1773400154,kamailio,aflnet,5,l_abs,15284
1773400154,kamailio,aflnet,5,b_per,1.5
1773400154,kamailio,aflnet,5,b_abs,8428
1773400350,kamailio,aflnet,5,l_per,6.5
1773400350,kamailio,aflnet,5,l_abs,15350
1773400350,kamailio,aflnet,5,b_per,1.5
1773400350,kamailio,aflnet,5,b_abs,8503
1773400495,kamailio,aflnet,5,l_per,6.5
1773400495,kamailio,aflnet,5,l_abs,15393
1773400495,kamailio,aflnet,5,b_per,1.5
1773400495,kamailio,aflnet,5,b_abs,8536
1773400622,kamailio,aflnet,5,l_per,6.5
1773400622,kamailio,aflnet,5,l_abs,15482
1773400622,kamailio,aflnet,5,b_per,1.5
1773400622,kamailio,aflnet,5,b_abs,8606
1773400806,kamailio,aflnet,5,l_per,6.6
1773400806,kamailio,aflnet,5,l_abs,15544
1773400806,kamailio,aflnet,5,b_per,1.5
1773400806,kamailio,aflnet,5,b_abs,8667
1773401047,kamailio,aflnet,5,l_per,6.6
1773401047,kamailio,aflnet,5,l_abs,15591
1773401047,kamailio,aflnet,5,b_per,1.5
1773401047,kamailio,aflnet,5,b_abs,8734
1773401254,kamailio,aflnet,5,l_per,6.6
1773401254,kamailio,aflnet,5,l_abs,15626
1773401254,kamailio,aflnet,5,b_per,1.5
1773401254,kamailio,aflnet,5,b_abs,8779
1773401622,kamailio,aflnet,5,l_per,6.6
1773401622,kamailio,aflnet,5,l_abs,15656
1773401622,kamailio,aflnet,5,b_per,1.6
1773401622,kamailio,aflnet,5,b_abs,8831
1773401896,kamailio,aflnet,5,l_per,6.6
1773401896,kamailio,aflnet,5,l_abs,15676
1773401896,kamailio,aflnet,5,b_per,1.6
1773401896,kamailio,aflnet,5,b_abs,8845
1773402122,kamailio,aflnet,5,l_per,6.6
1773402122,kamailio,aflnet,5,l_abs,15757
1773402122,kamailio,aflnet,5,b_per,1.6
1773402122,kamailio,aflnet,5,b_abs,8969
1773402371,kamailio,aflnet,5,l_per,6.7
1773402371,kamailio,aflnet,5,l_abs,15770
1773402371,kamailio,aflnet,5,b_per,1.6
1773402371,kamailio,aflnet,5,b_abs,9004
1773402693,kamailio,aflnet,5,l_per,6.7
1773402693,kamailio,aflnet,5,l_abs,15781
1773402693,kamailio,aflnet,5,b_per,1.6
1773402693,kamailio,aflnet,5,b_abs,9031
1773402959,kamailio,aflnet,5,l_per,6.7
1773402959,kamailio,aflnet,5,l_abs,15812
1773402959,kamailio,aflnet,5,b_per,1.6
1773402959,kamailio,aflnet,5,b_abs,9073
1773403193,kamailio,aflnet,5,l_per,6.7
1773403193,kamailio,aflnet,5,l_abs,15825
1773403193,kamailio,aflnet,5,b_per,1.6
1773403193,kamailio,aflnet,5,b_abs,9098
1773403510,kamailio,aflnet,5,l_per,6.7
1773403510,kamailio,aflnet,5,l_abs,15849
1773403510,kamailio,aflnet,5,b_per,1.6
1773403510,kamailio,aflnet,5,b_abs,9136
1773403928,kamailio,aflnet,5,l_per,6.7
1773403928,kamailio,aflnet,5,l_abs,15857
1773403928,kamailio,aflnet,5,b_per,1.6
1773403928,kamailio,aflnet,5,b_abs,9148
1773404163,kamailio,aflnet,5,l_per,6.7
1773404163,kamailio,aflnet,5,l_abs,15866
1773404163,kamailio,aflnet,5,b_per,1.6
1773404163,kamailio,aflnet,5,b_abs,9187
1773404477,kamailio,aflnet,5,l_per,6.7
1773404477,kamailio,aflnet,5,l_abs,15873
1773404477,kamailio,aflnet,5,b_per,1.6
1773404477,kamailio,aflnet,5,b_abs,9194
1773404827,kamailio,aflnet,5,l_per,6.7
1773404827,kamailio,aflnet,5,l_abs,15899
1773404827,kamailio,aflnet,5,b_per,1.6
1773404827,kamailio,aflnet,5,b_abs,9280
1773405318,kamailio,aflnet,5,l_per,6.7
1773405318,kamailio,aflnet,5,l_abs,15948
1773405318,kamailio,aflnet,5,b_per,1.6
1773405318,kamailio,aflnet,5,b_abs,9323
1773405671,kamailio,aflnet,5,l_per,6.9
1773405671,kamailio,aflnet,5,l_abs,16437
1773405671,kamailio,aflnet,5,b_per,1.7
1773405671,kamailio,aflnet,5,b_abs,9605
1773405992,kamailio,aflnet,5,l_per,6.9
1773405992,kamailio,aflnet,5,l_abs,16442
1773405992,kamailio,aflnet,5,b_per,1.7
1773405992,kamailio,aflnet,5,b_abs,9613
1773406445,kamailio,aflnet,5,l_per,6.9
1773406445,kamailio,aflnet,5,l_abs,16449
1773406445,kamailio,aflnet,5,b_per,1.7
1773406445,kamailio,aflnet,5,b_abs,9616
1773406981,kamailio,aflnet,5,l_per,6.9
1773406981,kamailio,aflnet,5,l_abs,16449
1773406981,kamailio,aflnet,5,b_per,1.7
1773406981,kamailio,aflnet,5,b_abs,9616
1773407551,kamailio,aflnet,5,l_per,6.9
1773407551,kamailio,aflnet,5,l_abs,16449
1773407551,kamailio,aflnet,5,b_per,1.7
1773407551,kamailio,aflnet,5,b_abs,9616
1773408126,kamailio,aflnet,5,l_per,6.9
1773408126,kamailio,aflnet,5,l_abs,16449
1773408126,kamailio,aflnet,5,b_per,1.7
1773408126,kamailio,aflnet,5,b_abs,9616
1773408624,kamailio,aflnet,5,l_per,6.9
1773408624,kamailio,aflnet,5,l_abs,16449
1773408624,kamailio,aflnet,5,b_per,1.7
1773408624,kamailio,aflnet,5,b_abs,9616
1773409250,kamailio,aflnet,5,l_per,6.9
1773409250,kamailio,aflnet,5,l_abs,16449
1773409250,kamailio,aflnet,5,b_per,1.7
1773409250,kamailio,aflnet,5,b_abs,9616
1773409750,kamailio,aflnet,5,l_per,6.9
1773409750,kamailio,aflnet,5,l_abs,16449
1773409750,kamailio,aflnet,5,b_per,1.7
1773409750,kamailio,aflnet,5,b_abs,9616
1773410431,kamailio,aflnet,5,l_per,6.9
1773410431,kamailio,aflnet,5,l_abs,16449
1773410431,kamailio,aflnet,5,b_per,1.7
1773410431,kamailio,aflnet,5,b_abs,9616
1773411016,kamailio,aflnet,5,l_per,6.9
1773411016,kamailio,aflnet,5,l_abs,16449
1773411016,kamailio,aflnet,5,b_per,1.7
1773411016,kamailio,aflnet,5,b_abs,9616
1773411645,kamailio,aflnet,5,l_per,6.9
1773411645,kamailio,aflnet,5,l_abs,16449
1773411645,kamailio,aflnet,5,b_per,1.7
1773411645,kamailio,aflnet,5,b_abs,9616
1773412423,kamailio,aflnet,5,l_per,6.9
1773412423,kamailio,aflnet,5,l_abs,16449
1773412423,kamailio,aflnet,5,b_per,1.7
1773412423,kamailio,aflnet,5,b_abs,9616
1773413340,kamailio,aflnet,5,l_per,6.9
1773413340,kamailio,aflnet,5,l_abs,16449
1773413340,kamailio,aflnet,5,b_per,1.7
1773413340,kamailio,aflnet,5,b_abs,9616
1773414112,kamailio,aflnet,5,l_per,6.9
1773414112,kamailio,aflnet,5,l_abs,16449
1773414112,kamailio,aflnet,5,b_per,1.7
1773414112,kamailio,aflnet,5,b_abs,9616
1773414781,kamailio,aflnet,5,l_per,6.9
1773414781,kamailio,aflnet,5,l_abs,16449
1773414781,kamailio,aflnet,5,b_per,1.7
1773414781,kamailio,aflnet,5,b_abs,9621
1773415758,kamailio,aflnet,5,l_per,6.9
1773415758,kamailio,aflnet,5,l_abs,16449
1773415758,kamailio,aflnet,5,b_per,1.7
1773415758,kamailio,aflnet,5,b_abs,9621
1773416596,kamailio,aflnet,5,l_per,6.9
1773416596,kamailio,aflnet,5,l_abs,16453
1773416596,kamailio,aflnet,5,b_per,1.7
1773416596,kamailio,aflnet,5,b_abs,9632
1773417493,kamailio,aflnet,5,l_per,6.9
1773417493,kamailio,aflnet,5,l_abs,16453
1773417493,kamailio,aflnet,5,b_per,1.7
1773417493,kamailio,aflnet,5,b_abs,9632
1773418204,kamailio,aflnet,5,l_per,6.9
1773418204,kamailio,aflnet,5,l_abs,16453
1773418204,kamailio,aflnet,5,b_per,1.7
1773418204,kamailio,aflnet,5,b_abs,9632
1773419040,kamailio,aflnet,5,l_per,6.9
1773419040,kamailio,aflnet,5,l_abs,16453
1773419040,kamailio,aflnet,5,b_per,1.7
1773419040,kamailio,aflnet,5,b_abs,9632
1773419952,kamailio,aflnet,5,l_per,6.9
1773419952,kamailio,aflnet,5,l_abs,16453
1773419952,kamailio,aflnet,5,b_per,1.7
1773419952,kamailio,aflnet,5,b_abs,9632
1773420954,kamailio,aflnet,5,l_per,6.9
1773420954,kamailio,aflnet,5,l_abs,16453
1773420954,kamailio,aflnet,5,b_per,1.7
1773420954,kamailio,aflnet,5,b_abs,9632
1773421675,kamailio,aflnet,5,l_per,6.9
1773421675,kamailio,aflnet,5,l_abs,16453
1773421675,kamailio,aflnet,5,b_per,1.7
1773421675,kamailio,aflnet,5,b_abs,9632
1773422952,kamailio,aflnet,5,l_per,6.9
1773422952,kamailio,aflnet,5,l_abs,16453
1773422952,kamailio,aflnet,5,b_per,1.7
1773422952,kamailio,aflnet,5,b_abs,9632
1773423832,kamailio,aflnet,5,l_per,6.9
1773423832,kamailio,aflnet,5,l_abs,16453
1773423832,kamailio,aflnet,5,b_per,1.7
1773423832,kamailio,aflnet,5,b_abs,9632
1773424757,kamailio,aflnet,5,l_per,6.9
1773424757,kamailio,aflnet,5,l_abs,16453
1773424757,kamailio,aflnet,5,b_per,1.7
1773424757,kamailio,aflnet,5,b_abs,9632
1773425827,kamailio,aflnet,5,l_per,6.9
1773425827,kamailio,aflnet,5,l_abs,16453
1773425827,kamailio,aflnet,5,b_per,1.7
1773425827,kamailio,aflnet,5,b_abs,9632
1773426934,kamailio,aflnet,5,l_per,6.9
1773426934,kamailio,aflnet,5,l_abs,16453
1773426934,kamailio,aflnet,5,b_per,1.7
1773426934,kamailio,aflnet,5,b_abs,9632
1773428061,kamailio,aflnet,5,l_per,6.9
1773428061,kamailio,aflnet,5,l_abs,16453
1773428061,kamailio,aflnet,5,b_per,1.7
1773428061,kamailio,aflnet,5,b_abs,9632
1773429009,kamailio,aflnet,5,l_per,6.9
1773429009,kamailio,aflnet,5,l_abs,16464
1773429009,kamailio,aflnet,5,b_per,1.7
1773429009,kamailio,aflnet,5,b_abs,9637
1773430430,kamailio,aflnet,5,l_per,6.9
1773430430,kamailio,aflnet,5,l_abs,16464
1773430430,kamailio,aflnet,5,b_per,1.7
1773430430,kamailio,aflnet,5,b_abs,9638
1773431747,kamailio,aflnet,5,l_per,7.0
1773431747,kamailio,aflnet,5,l_abs,16475
1773431747,kamailio,aflnet,5,b_per,1.7
1773431747,kamailio,aflnet,5,b_abs,9651
1773432728,kamailio,aflnet,5,l_per,7.0
1773432728,kamailio,aflnet,5,l_abs,16475
1773432728,kamailio,aflnet,5,b_per,1.7
1773432728,kamailio,aflnet,5,b_abs,9651
1773434753,kamailio,aflnet,5,l_per,7.0
1773434753,kamailio,aflnet,5,l_abs,16475
1773434753,kamailio,aflnet,5,b_per,1.7
1773434753,kamailio,aflnet,5,b_abs,9651
1773436211,kamailio,aflnet,5,l_per,7.0
1773436211,kamailio,aflnet,5,l_abs,16482
1773436211,kamailio,aflnet,5,b_per,1.7
1773436211,kamailio,aflnet,5,b_abs,9652
1773437270,kamailio,aflnet,5,l_per,7.0
1773437270,kamailio,aflnet,5,l_abs,16482
1773437270,kamailio,aflnet,5,b_per,1.7
1773437270,kamailio,aflnet,5,b_abs,9652
1773438565,kamailio,aflnet,5,l_per,7.0
1773438565,kamailio,aflnet,5,l_abs,16482
1773438565,kamailio,aflnet,5,b_per,1.7
1773438565,kamailio,aflnet,5,b_abs,9652
1773439861,kamailio,aflnet,5,l_per,7.0
1773439861,kamailio,aflnet,5,l_abs,16485
1773439861,kamailio,aflnet,5,b_per,1.7
1773439861,kamailio,aflnet,5,b_abs,9657
1773441283,kamailio,aflnet,5,l_per,7.0
1773441283,kamailio,aflnet,5,l_abs,16485
1773441283,kamailio,aflnet,5,b_per,1.7
1773441283,kamailio,aflnet,5,b_abs,9657
1773441734,kamailio,aflnet,5,l_per,7.0
1773441734,kamailio,aflnet,5,l_abs,16485
1773441734,kamailio,aflnet,5,b_per,1.7
1773441734,kamailio,aflnet,5,b_abs,9658
1773442240,kamailio,aflnet,5,l_per,7.0
1773442240,kamailio,aflnet,5,l_abs,16485
1773442240,kamailio,aflnet,5,b_per,1.7
1773442240,kamailio,aflnet,5,b_abs,9658
1773442815,kamailio,aflnet,5,l_per,7.0
1773442815,kamailio,aflnet,5,l_abs,16485
1773442815,kamailio,aflnet,5,b_per,1.7
1773442815,kamailio,aflnet,5,b_abs,9658
1773443367,kamailio,aflnet,5,l_per,7.0
1773443367,kamailio,aflnet,5,l_abs,16485
1773443367,kamailio,aflnet,5,b_per,1.7
1773443367,kamailio,aflnet,5,b_abs,9658
1773445176,kamailio,aflnet,5,l_per,7.0
1773445176,kamailio,aflnet,5,l_abs,16485
1773445176,kamailio,aflnet,5,b_per,1.7
1773445176,kamailio,aflnet,5,b_abs,9658
1773446696,kamailio,aflnet,5,l_per,7.0
1773446696,kamailio,aflnet,5,l_abs,16488
1773446696,kamailio,aflnet,5,b_per,1.7
1773446696,kamailio,aflnet,5,b_abs,9659
1773448943,kamailio,aflnet,5,l_per,7.0
1773448943,kamailio,aflnet,5,l_abs,16491
1773448943,kamailio,aflnet,5,b_per,1.7
1773448943,kamailio,aflnet,5,b_abs,9660
1773450560,kamailio,aflnet,5,l_per,7.0
1773450560,kamailio,aflnet,5,l_abs,16504
1773450560,kamailio,aflnet,5,b_per,1.7
1773450560,kamailio,aflnet,5,b_abs,9667
1773453063,kamailio,aflnet,5,l_per,7.0
1773453063,kamailio,aflnet,5,l_abs,16504
1773453063,kamailio,aflnet,5,b_per,1.7
1773453063,kamailio,aflnet,5,b_abs,9667
1773455205,kamailio,aflnet,5,l_per,7.0
1773455205,kamailio,aflnet,5,l_abs,16507
1773455205,kamailio,aflnet,5,b_per,1.7
1773455205,kamailio,aflnet,5,b_abs,9677
1773457140,kamailio,aflnet,5,l_per,7.0
1773457140,kamailio,aflnet,5,l_abs,16507
1773457140,kamailio,aflnet,5,b_per,1.7
1773457140,kamailio,aflnet,5,b_abs,9677
1773458768,kamailio,aflnet,5,l_per,7.0
1773458768,kamailio,aflnet,5,l_abs,16507
1773458768,kamailio,aflnet,5,b_per,1.7
1773458768,kamailio,aflnet,5,b_abs,9677
1773460749,kamailio,aflnet,5,l_per,7.0
1773460749,kamailio,aflnet,5,l_abs,16509
1773460749,kamailio,aflnet,5,b_per,1.7
1773460749,kamailio,aflnet,5,b_abs,9680
1773462449,kamailio,aflnet,5,l_per,7.0
1773462449,kamailio,aflnet,5,l_abs,16509
1773462449,kamailio,aflnet,5,b_per,1.7
1773462449,kamailio,aflnet,5,b_abs,9680
1773463999,kamailio,aflnet,5,l_per,7.0
1773463999,kamailio,aflnet,5,l_abs,16509
1773463999,kamailio,aflnet,5,b_per,1.7
1773463999,kamailio,aflnet,5,b_abs,9680
1773466025,kamailio,aflnet,5,l_per,7.0
1773466025,kamailio,aflnet,5,l_abs,16513
1773466025,kamailio,aflnet,5,b_per,1.7
1773466025,kamailio,aflnet,5,b_abs,9681
1773469021,kamailio,aflnet,5,l_per,7.0
1773469021,kamailio,aflnet,5,l_abs,16513
1773469021,kamailio,aflnet,5,b_per,1.7
1773469021,kamailio,aflnet,5,b_abs,9681
1773470977,kamailio,aflnet,5,l_per,7.0
1773470977,kamailio,aflnet,5,l_abs,16557
1773470977,kamailio,aflnet,5,b_per,1.7
1773470977,kamailio,aflnet,5,b_abs,9713
1773472682,kamailio,aflnet,5,l_per,7.0
1773472682,kamailio,aflnet,5,l_abs,16557
1773472682,kamailio,aflnet,5,b_per,1.7
1773472682,kamailio,aflnet,5,b_abs,9713
1773473960,kamailio,aflnet,5,l_per,7.0
1773473960,kamailio,aflnet,5,l_abs,16557
1773473960,kamailio,aflnet,5,b_per,1.7
1773473960,kamailio,aflnet,5,b_abs,9713
1773475930,kamailio,aflnet,5,l_per,7.0
1773475930,kamailio,aflnet,5,l_abs,16560
1773475930,kamailio,aflnet,5,b_per,1.7
1773475930,kamailio,aflnet,5,b_abs,9724
1773478219,kamailio,aflnet,5,l_per,7.0
1773478219,kamailio,aflnet,5,l_abs,16568
1773478219,kamailio,aflnet,5,b_per,1.7
1773478219,kamailio,aflnet,5,b_abs,9743
1773479962,kamailio,aflnet,5,l_per,7.0
1773479962,kamailio,aflnet,5,l_abs,16569
1773479962,kamailio,aflnet,5,b_per,1.7
1773479962,kamailio,aflnet,5,b_abs,9745
1773481709,kamailio,aflnet,5,l_per,7.0
1773481709,kamailio,aflnet,5,l_abs,16569
1773481709,kamailio,aflnet,5,b_per,1.7
1773481709,kamailio,aflnet,5,b_abs,9745
1773483894,kamailio,aflnet,5,l_per,7.0
1773483894,kamailio,aflnet,5,l_abs,16571
1773483894,kamailio,aflnet,5,b_per,1.7
1773483894,kamailio,aflnet,5,b_abs,9748
1773485811,kamailio,aflnet,5,l_per,7.0
1773485811,kamailio,aflnet,5,l_abs,16571
1773485811,kamailio,aflnet,5,b_per,1.7
1773485811,kamailio,aflnet,5,b_abs,9748
1773486687,kamailio,aflnet,5,l_per,7.0
1773486687,kamailio,aflnet,5,l_abs,16633
1773486687,kamailio,aflnet,5,b_per,1.7
1773486687,kamailio,aflnet,5,b_abs,9788
1773399859,kamailio,chatafl,2,l_per,4.2
1773399859,kamailio,chatafl,2,l_abs,10014
1773399859,kamailio,chatafl,2,b_per,0.8
1773399859,kamailio,chatafl,2,b_abs,4638
1773399860,kamailio,chatafl,2,l_per,4.8
1773399860,kamailio,chatafl,2,l_abs,11440
1773399860,kamailio,chatafl,2,b_per,1.0
1773399860,kamailio,chatafl,2,b_abs,5435
1773399862,kamailio,chatafl,2,l_per,4.8
1773399862,kamailio,chatafl,2,l_abs,11443
1773399862,kamailio,chatafl,2,b_per,1.0
1773399862,kamailio,chatafl,2,b_abs,5439
1773399863,kamailio,chatafl,2,l_per,5.1
1773399863,kamailio,chatafl,2,l_abs,12110
1773399863,kamailio,chatafl,2,b_per,1.0
1773399863,kamailio,chatafl,2,b_abs,5784
1773399865,kamailio,chatafl,2,l_per,5.1
1773399865,kamailio,chatafl,2,l_abs,12110
1773399865,kamailio,chatafl,2,b_per,1.0
1773399865,kamailio,chatafl,2,b_abs,5784
1773399866,kamailio,chatafl,2,l_per,5.1
1773399866,kamailio,chatafl,2,l_abs,12165
1773399866,kamailio,chatafl,2,b_per,1.0
1773399866,kamailio,chatafl,2,b_abs,5819
1773399868,kamailio,chatafl,2,l_per,5.1
1773399868,kamailio,chatafl,2,l_abs,12175
1773399868,kamailio,chatafl,2,b_per,1.0
1773399868,kamailio,chatafl,2,b_abs,5823
1773399869,kamailio,chatafl,2,l_per,5.1
1773399869,kamailio,chatafl,2,l_abs,12175
1773399869,kamailio,chatafl,2,b_per,1.0
1773399869,kamailio,chatafl,2,b_abs,5823
1773399871,kamailio,chatafl,2,l_per,5.1
1773399871,kamailio,chatafl,2,l_abs,12175
1773399871,kamailio,chatafl,2,b_per,1.0
1773399871,kamailio,chatafl,2,b_abs,5823
1773399872,kamailio,chatafl,2,l_per,5.1
1773399872,kamailio,chatafl,2,l_abs,12175
1773399872,kamailio,chatafl,2,b_per,1.0
1773399872,kamailio,chatafl,2,b_abs,5823
1773399874,kamailio,chatafl,2,l_per,5.1
1773399874,kamailio,chatafl,2,l_abs,12175
1773399874,kamailio,chatafl,2,b_per,1.0
1773399874,kamailio,chatafl,2,b_abs,5823
1773399876,kamailio,chatafl,2,l_per,5.1
1773399876,kamailio,chatafl,2,l_abs,12175
1773399876,kamailio,chatafl,2,b_per,1.0
1773399876,kamailio,chatafl,2,b_abs,5823
1773399877,kamailio,chatafl,2,l_per,5.1
1773399877,kamailio,chatafl,2,l_abs,12175
1773399877,kamailio,chatafl,2,b_per,1.0
1773399877,kamailio,chatafl,2,b_abs,5823
1773399885,kamailio,chatafl,2,l_per,5.1
1773399885,kamailio,chatafl,2,l_abs,12199
1773399885,kamailio,chatafl,2,b_per,1.0
1773399885,kamailio,chatafl,2,b_abs,5843
1773399887,kamailio,chatafl,2,l_per,5.1
1773399887,kamailio,chatafl,2,l_abs,12199
1773399887,kamailio,chatafl,2,b_per,1.0
1773399887,kamailio,chatafl,2,b_abs,5843
1773399888,kamailio,chatafl,2,l_per,5.2
1773399888,kamailio,chatafl,2,l_abs,12211
1773399888,kamailio,chatafl,2,b_per,1.0
1773399888,kamailio,chatafl,2,b_abs,5857
1773399890,kamailio,chatafl,2,l_per,5.2
1773399890,kamailio,chatafl,2,l_abs,12211
1773399890,kamailio,chatafl,2,b_per,1.0
1773399890,kamailio,chatafl,2,b_abs,5857
1773399891,kamailio,chatafl,2,l_per,5.2
1773399891,kamailio,chatafl,2,l_abs,12211
1773399891,kamailio,chatafl,2,b_per,1.0
1773399891,kamailio,chatafl,2,b_abs,5859
1773399893,kamailio,chatafl,2,l_per,5.2
1773399893,kamailio,chatafl,2,l_abs,12211
1773399893,kamailio,chatafl,2,b_per,1.0
1773399893,kamailio,chatafl,2,b_abs,5859
1773399895,kamailio,chatafl,2,l_per,5.2
1773399895,kamailio,chatafl,2,l_abs,12211
1773399895,kamailio,chatafl,2,b_per,1.0
1773399895,kamailio,chatafl,2,b_abs,5859
1773399896,kamailio,chatafl,2,l_per,5.4
1773399896,kamailio,chatafl,2,l_abs,12843
1773399896,kamailio,chatafl,2,b_per,1.1
1773399896,kamailio,chatafl,2,b_abs,6202
1773399898,kamailio,chatafl,2,l_per,5.4
1773399898,kamailio,chatafl,2,l_abs,12843
1773399898,kamailio,chatafl,2,b_per,1.1
1773399898,kamailio,chatafl,2,b_abs,6202
1773399899,kamailio,chatafl,2,l_per,5.6
1773399899,kamailio,chatafl,2,l_abs,13276
1773399899,kamailio,chatafl,2,b_per,1.2
1773399899,kamailio,chatafl,2,b_abs,6533
1773399901,kamailio,chatafl,2,l_per,5.6
1773399901,kamailio,chatafl,2,l_abs,13276
1773399901,kamailio,chatafl,2,b_per,1.2
1773399901,kamailio,chatafl,2,b_abs,6533
1773399902,kamailio,chatafl,2,l_per,5.6
1773399902,kamailio,chatafl,2,l_abs,13296
1773399902,kamailio,chatafl,2,b_per,1.2
1773399902,kamailio,chatafl,2,b_abs,6559
1773399904,kamailio,chatafl,2,l_per,5.6
1773399904,kamailio,chatafl,2,l_abs,13296
1773399904,kamailio,chatafl,2,b_per,1.2
1773399904,kamailio,chatafl,2,b_abs,6559
1773399905,kamailio,chatafl,2,l_per,5.6
1773399905,kamailio,chatafl,2,l_abs,13296
1773399905,kamailio,chatafl,2,b_per,1.2
1773399905,kamailio,chatafl,2,b_abs,6559
1773399907,kamailio,chatafl,2,l_per,5.6
1773399907,kamailio,chatafl,2,l_abs,13296
1773399907,kamailio,chatafl,2,b_per,1.2
1773399907,kamailio,chatafl,2,b_abs,6559
1773399908,kamailio,chatafl,2,l_per,5.6
1773399908,kamailio,chatafl,2,l_abs,13296
1773399908,kamailio,chatafl,2,b_per,1.2
1773399908,kamailio,chatafl,2,b_abs,6559
1773399910,kamailio,chatafl,2,l_per,5.6
1773399910,kamailio,chatafl,2,l_abs,13296
1773399910,kamailio,chatafl,2,b_per,1.2
1773399910,kamailio,chatafl,2,b_abs,6559
1773399912,kamailio,chatafl,2,l_per,5.6
1773399912,kamailio,chatafl,2,l_abs,13296
1773399912,kamailio,chatafl,2,b_per,1.2
1773399912,kamailio,chatafl,2,b_abs,6559
1773399913,kamailio,chatafl,2,l_per,5.6
1773399913,kamailio,chatafl,2,l_abs,13296
1773399913,kamailio,chatafl,2,b_per,1.2
1773399913,kamailio,chatafl,2,b_abs,6559
1773399915,kamailio,chatafl,2,l_per,5.6
1773399915,kamailio,chatafl,2,l_abs,13296
1773399915,kamailio,chatafl,2,b_per,1.2
1773399915,kamailio,chatafl,2,b_abs,6559
1773399916,kamailio,chatafl,2,l_per,5.6
1773399916,kamailio,chatafl,2,l_abs,13296
1773399916,kamailio,chatafl,2,b_per,1.2
1773399916,kamailio,chatafl,2,b_abs,6559
1773399918,kamailio,chatafl,2,l_per,5.6
1773399918,kamailio,chatafl,2,l_abs,13296
1773399918,kamailio,chatafl,2,b_per,1.2
1773399918,kamailio,chatafl,2,b_abs,6559
1773399926,kamailio,chatafl,2,l_per,5.6
1773399926,kamailio,chatafl,2,l_abs,13296
1773399926,kamailio,chatafl,2,b_per,1.2
1773399926,kamailio,chatafl,2,b_abs,6559
1773399927,kamailio,chatafl,2,l_per,5.6
1773399927,kamailio,chatafl,2,l_abs,13296
1773399927,kamailio,chatafl,2,b_per,1.2
1773399927,kamailio,chatafl,2,b_abs,6559
1773399929,kamailio,chatafl,2,l_per,5.6
1773399929,kamailio,chatafl,2,l_abs,13296
1773399929,kamailio,chatafl,2,b_per,1.2
1773399929,kamailio,chatafl,2,b_abs,6561
1773399931,kamailio,chatafl,2,l_per,5.6
1773399931,kamailio,chatafl,2,l_abs,13296
1773399931,kamailio,chatafl,2,b_per,1.2
1773399931,kamailio,chatafl,2,b_abs,6561
1773399932,kamailio,chatafl,2,l_per,5.6
1773399932,kamailio,chatafl,2,l_abs,13296
1773399932,kamailio,chatafl,2,b_per,1.2
1773399932,kamailio,chatafl,2,b_abs,6561
1773399934,kamailio,chatafl,2,l_per,5.6
1773399934,kamailio,chatafl,2,l_abs,13296
1773399934,kamailio,chatafl,2,b_per,1.2
1773399934,kamailio,chatafl,2,b_abs,6561
1773399935,kamailio,chatafl,2,l_per,5.6
1773399935,kamailio,chatafl,2,l_abs,13296
1773399935,kamailio,chatafl,2,b_per,1.2
1773399935,kamailio,chatafl,2,b_abs,6561
1773399937,kamailio,chatafl,2,l_per,5.6
1773399937,kamailio,chatafl,2,l_abs,13296
1773399937,kamailio,chatafl,2,b_per,1.2
1773399937,kamailio,chatafl,2,b_abs,6561
1773399945,kamailio,chatafl,2,l_per,5.6
1773399945,kamailio,chatafl,2,l_abs,13296
1773399945,kamailio,chatafl,2,b_per,1.2
1773399945,kamailio,chatafl,2,b_abs,6561
1773399932,kamailio,chatafl,2,l_per,5.6
1773399932,kamailio,chatafl,2,l_abs,13316
1773399932,kamailio,chatafl,2,b_per,1.2
1773399932,kamailio,chatafl,2,b_abs,6591
1773400149,kamailio,chatafl,2,l_per,5.7
1773400149,kamailio,chatafl,2,l_abs,13403
1773400149,kamailio,chatafl,2,b_per,1.2
1773400149,kamailio,chatafl,2,b_abs,6695
1773400256,kamailio,chatafl,2,l_per,6.0
1773400256,kamailio,chatafl,2,l_abs,14211
1773400256,kamailio,chatafl,2,b_per,1.3
1773400256,kamailio,chatafl,2,b_abs,7510
1773400363,kamailio,chatafl,2,l_per,6.1
1773400363,kamailio,chatafl,2,l_abs,14436
1773400363,kamailio,chatafl,2,b_per,1.4
1773400363,kamailio,chatafl,2,b_abs,7748
1773400473,kamailio,chatafl,2,l_per,6.3
1773400473,kamailio,chatafl,2,l_abs,14831
1773400473,kamailio,chatafl,2,b_per,1.4
1773400473,kamailio,chatafl,2,b_abs,8043
1773400570,kamailio,chatafl,2,l_per,6.3
1773400570,kamailio,chatafl,2,l_abs,14935
1773400570,kamailio,chatafl,2,b_per,1.4
1773400570,kamailio,chatafl,2,b_abs,8159
1773400658,kamailio,chatafl,2,l_per,6.3
1773400658,kamailio,chatafl,2,l_abs,15000
1773400658,kamailio,chatafl,2,b_per,1.4
1773400658,kamailio,chatafl,2,b_abs,8216
1773400770,kamailio,chatafl,2,l_per,6.3
1773400770,kamailio,chatafl,2,l_abs,15046
1773400770,kamailio,chatafl,2,b_per,1.5
1773400770,kamailio,chatafl,2,b_abs,8272
1773400886,kamailio,chatafl,2,l_per,6.4
1773400886,kamailio,chatafl,2,l_abs,15202
1773400886,kamailio,chatafl,2,b_per,1.5
1773400886,kamailio,chatafl,2,b_abs,8413
1773401003,kamailio,chatafl,2,l_per,6.5
1773401003,kamailio,chatafl,2,l_abs,15290
1773401003,kamailio,chatafl,2,b_per,1.5
1773401003,kamailio,chatafl,2,b_abs,8473
1773401130,kamailio,chatafl,2,l_per,6.5
1773401130,kamailio,chatafl,2,l_abs,15502
1773401130,kamailio,chatafl,2,b_per,1.5
1773401130,kamailio,chatafl,2,b_abs,8671
1773401268,kamailio,chatafl,2,l_per,6.6
1773401268,kamailio,chatafl,2,l_abs,15565
1773401268,kamailio,chatafl,2,b_per,1.5
1773401268,kamailio,chatafl,2,b_abs,8744
1773401382,kamailio,chatafl,2,l_per,6.6
1773401382,kamailio,chatafl,2,l_abs,15601
1773401382,kamailio,chatafl,2,b_per,1.5
1773401382,kamailio,chatafl,2,b_abs,8766
1773401496,kamailio,chatafl,2,l_per,6.6
1773401496,kamailio,chatafl,2,l_abs,15664
1773401496,kamailio,chatafl,2,b_per,1.6
1773401496,kamailio,chatafl,2,b_abs,8874
1773401613,kamailio,chatafl,2,l_per,6.6
1773401613,kamailio,chatafl,2,l_abs,15737
1773401613,kamailio,chatafl,2,b_per,1.6
1773401613,kamailio,chatafl,2,b_abs,8953
1773401770,kamailio,chatafl,2,l_per,6.7
1773401770,kamailio,chatafl,2,l_abs,15769
1773401770,kamailio,chatafl,2,b_per,1.6
1773401770,kamailio,chatafl,2,b_abs,8977
1773401960,kamailio,chatafl,2,l_per,6.7
1773401960,kamailio,chatafl,2,l_abs,15804
1773401960,kamailio,chatafl,2,b_per,1.6
1773401960,kamailio,chatafl,2,b_abs,9017
1773402177,kamailio,chatafl,2,l_per,6.7
1773402177,kamailio,chatafl,2,l_abs,15826
1773402177,kamailio,chatafl,2,b_per,1.6
1773402177,kamailio,chatafl,2,b_abs,9044
1773402360,kamailio,chatafl,2,l_per,6.7
1773402360,kamailio,chatafl,2,l_abs,15835
1773402360,kamailio,chatafl,2,b_per,1.6
1773402360,kamailio,chatafl,2,b_abs,9059
1773402504,kamailio,chatafl,2,l_per,6.7
1773402504,kamailio,chatafl,2,l_abs,15867
1773402504,kamailio,chatafl,2,b_per,1.6
1773402504,kamailio,chatafl,2,b_abs,9118
1773402681,kamailio,chatafl,2,l_per,6.7
1773402681,kamailio,chatafl,2,l_abs,15890
1773402681,kamailio,chatafl,2,b_per,1.6
1773402681,kamailio,chatafl,2,b_abs,9174
1773402836,kamailio,chatafl,2,l_per,6.7
1773402836,kamailio,chatafl,2,l_abs,15929
1773402836,kamailio,chatafl,2,b_per,1.6
1773402836,kamailio,chatafl,2,b_abs,9234
1773403030,kamailio,chatafl,2,l_per,6.7
1773403030,kamailio,chatafl,2,l_abs,15964
1773403030,kamailio,chatafl,2,b_per,1.6
1773403030,kamailio,chatafl,2,b_abs,9271
1773403268,kamailio,chatafl,2,l_per,6.8
1773403268,kamailio,chatafl,2,l_abs,15998
1773403268,kamailio,chatafl,2,b_per,1.6
1773403268,kamailio,chatafl,2,b_abs,9304
1773403462,kamailio,chatafl,2,l_per,6.8
1773403462,kamailio,chatafl,2,l_abs,16030
1773403462,kamailio,chatafl,2,b_per,1.6
1773403462,kamailio,chatafl,2,b_abs,9350
1773403716,kamailio,chatafl,2,l_per,6.8
1773403716,kamailio,chatafl,2,l_abs,16034
1773403716,kamailio,chatafl,2,b_per,1.6
1773403716,kamailio,chatafl,2,b_abs,9354
1773403897,kamailio,chatafl,2,l_per,6.8
1773403897,kamailio,chatafl,2,l_abs,16047
1773403897,kamailio,chatafl,2,b_per,1.6
1773403897,kamailio,chatafl,2,b_abs,9358
1773404182,kamailio,chatafl,2,l_per,6.8
1773404182,kamailio,chatafl,2,l_abs,16047
1773404182,kamailio,chatafl,2,b_per,1.6
1773404182,kamailio,chatafl,2,b_abs,9358
1773404485,kamailio,chatafl,2,l_per,6.8
1773404485,kamailio,chatafl,2,l_abs,16047
1773404485,kamailio,chatafl,2,b_per,1.6
1773404485,kamailio,chatafl,2,b_abs,9358
1773404763,kamailio,chatafl,2,l_per,6.8
1773404763,kamailio,chatafl,2,l_abs,16047
1773404763,kamailio,chatafl,2,b_per,1.6
1773404763,kamailio,chatafl,2,b_abs,9359
1773405023,kamailio,chatafl,2,l_per,6.8
1773405023,kamailio,chatafl,2,l_abs,16047
1773405023,kamailio,chatafl,2,b_per,1.6
1773405023,kamailio,chatafl,2,b_abs,9359
1773405324,kamailio,chatafl,2,l_per,6.8
1773405324,kamailio,chatafl,2,l_abs,16047
1773405324,kamailio,chatafl,2,b_per,1.6
1773405324,kamailio,chatafl,2,b_abs,9359
1773405728,kamailio,chatafl,2,l_per,6.8
1773405728,kamailio,chatafl,2,l_abs,16047
1773405728,kamailio,chatafl,2,b_per,1.7
1773405728,kamailio,chatafl,2,b_abs,9363
1773406151,kamailio,chatafl,2,l_per,6.8
1773406151,kamailio,chatafl,2,l_abs,16047
1773406151,kamailio,chatafl,2,b_per,1.7
1773406151,kamailio,chatafl,2,b_abs,9363
1773406536,kamailio,chatafl,2,l_per,6.8
1773406536,kamailio,chatafl,2,l_abs,16065
1773406536,kamailio,chatafl,2,b_per,1.7
1773406536,kamailio,chatafl,2,b_abs,9382
1773406871,kamailio,chatafl,2,l_per,6.8
1773406871,kamailio,chatafl,2,l_abs,16065
1773406871,kamailio,chatafl,2,b_per,1.7
1773406871,kamailio,chatafl,2,b_abs,9384
1773407224,kamailio,chatafl,2,l_per,6.8
1773407224,kamailio,chatafl,2,l_abs,16065
1773407224,kamailio,chatafl,2,b_per,1.7
1773407224,kamailio,chatafl,2,b_abs,9384
1773407570,kamailio,chatafl,2,l_per,6.8
1773407570,kamailio,chatafl,2,l_abs,16065
1773407570,kamailio,chatafl,2,b_per,1.7
1773407570,kamailio,chatafl,2,b_abs,9384
1773408003,kamailio,chatafl,2,l_per,6.8
1773408003,kamailio,chatafl,2,l_abs,16065
1773408003,kamailio,chatafl,2,b_per,1.7
1773408003,kamailio,chatafl,2,b_abs,9384
1773408501,kamailio,chatafl,2,l_per,6.8
1773408501,kamailio,chatafl,2,l_abs,16065
1773408501,kamailio,chatafl,2,b_per,1.7
1773408501,kamailio,chatafl,2,b_abs,9384
1773409016,kamailio,chatafl,2,l_per,6.8
1773409016,kamailio,chatafl,2,l_abs,16065
1773409016,kamailio,chatafl,2,b_per,1.7
1773409016,kamailio,chatafl,2,b_abs,9384
1773409538,kamailio,chatafl,2,l_per,6.8
1773409538,kamailio,chatafl,2,l_abs,16069
1773409538,kamailio,chatafl,2,b_per,1.7
1773409538,kamailio,chatafl,2,b_abs,9386
1773410095,kamailio,chatafl,2,l_per,6.8
1773410095,kamailio,chatafl,2,l_abs,16074
1773410095,kamailio,chatafl,2,b_per,1.7
1773410095,kamailio,chatafl,2,b_abs,9387
1773410633,kamailio,chatafl,2,l_per,6.8
1773410633,kamailio,chatafl,2,l_abs,16074
1773410633,kamailio,chatafl,2,b_per,1.7
1773410633,kamailio,chatafl,2,b_abs,9389
1773411257,kamailio,chatafl,2,l_per,6.8
1773411257,kamailio,chatafl,2,l_abs,16076
1773411257,kamailio,chatafl,2,b_per,1.7
1773411257,kamailio,chatafl,2,b_abs,9390
1773411724,kamailio,chatafl,2,l_per,6.8
1773411724,kamailio,chatafl,2,l_abs,16076
1773411724,kamailio,chatafl,2,b_per,1.7
1773411724,kamailio,chatafl,2,b_abs,9390
1773412291,kamailio,chatafl,2,l_per,6.8
1773412291,kamailio,chatafl,2,l_abs,16081
1773412291,kamailio,chatafl,2,b_per,1.7
1773412291,kamailio,chatafl,2,b_abs,9391
1773412924,kamailio,chatafl,2,l_per,6.8
1773412924,kamailio,chatafl,2,l_abs,16081
1773412924,kamailio,chatafl,2,b_per,1.7
1773412924,kamailio,chatafl,2,b_abs,9391
1773413772,kamailio,chatafl,2,l_per,6.8
1773413772,kamailio,chatafl,2,l_abs,16081
1773413772,kamailio,chatafl,2,b_per,1.7
1773413772,kamailio,chatafl,2,b_abs,9391
1773414428,kamailio,chatafl,2,l_per,6.8
1773414428,kamailio,chatafl,2,l_abs,16102
1773414428,kamailio,chatafl,2,b_per,1.7
1773414428,kamailio,chatafl,2,b_abs,9415
1773415104,kamailio,chatafl,2,l_per,6.8
1773415104,kamailio,chatafl,2,l_abs,16102
1773415104,kamailio,chatafl,2,b_per,1.7
1773415104,kamailio,chatafl,2,b_abs,9415
1773416059,kamailio,chatafl,2,l_per,6.8
1773416059,kamailio,chatafl,2,l_abs,16102
1773416059,kamailio,chatafl,2,b_per,1.7
1773416059,kamailio,chatafl,2,b_abs,9415
1773416701,kamailio,chatafl,2,l_per,6.8
1773416701,kamailio,chatafl,2,l_abs,16102
1773416701,kamailio,chatafl,2,b_per,1.7
1773416701,kamailio,chatafl,2,b_abs,9415
1773417352,kamailio,chatafl,2,l_per,6.8
1773417352,kamailio,chatafl,2,l_abs,16102
1773417352,kamailio,chatafl,2,b_per,1.7
1773417352,kamailio,chatafl,2,b_abs,9415
1773417990,kamailio,chatafl,2,l_per,6.8
1773417990,kamailio,chatafl,2,l_abs,16102
1773417990,kamailio,chatafl,2,b_per,1.7
1773417990,kamailio,chatafl,2,b_abs,9415
1773418965,kamailio,chatafl,2,l_per,6.8
1773418965,kamailio,chatafl,2,l_abs,16102
1773418965,kamailio,chatafl,2,b_per,1.7
1773418965,kamailio,chatafl,2,b_abs,9415
1773419723,kamailio,chatafl,2,l_per,6.8
1773419723,kamailio,chatafl,2,l_abs,16102
1773419723,kamailio,chatafl,2,b_per,1.7
1773419723,kamailio,chatafl,2,b_abs,9415
1773420789,kamailio,chatafl,2,l_per,6.8
1773420789,kamailio,chatafl,2,l_abs,16102
1773420789,kamailio,chatafl,2,b_per,1.7
1773420789,kamailio,chatafl,2,b_abs,9417
1773421731,kamailio,chatafl,2,l_per,6.8
1773421731,kamailio,chatafl,2,l_abs,16104
1773421731,kamailio,chatafl,2,b_per,1.7
1773421731,kamailio,chatafl,2,b_abs,9418
1773422657,kamailio,chatafl,2,l_per,6.8
1773422657,kamailio,chatafl,2,l_abs,16106
1773422657,kamailio,chatafl,2,b_per,1.7
1773422657,kamailio,chatafl,2,b_abs,9420
1773423874,kamailio,chatafl,2,l_per,6.8
1773423874,kamailio,chatafl,2,l_abs,16106
1773423874,kamailio,chatafl,2,b_per,1.7
1773423874,kamailio,chatafl,2,b_abs,9420
1773424601,kamailio,chatafl,2,l_per,6.8
1773424601,kamailio,chatafl,2,l_abs,16106
1773424601,kamailio,chatafl,2,b_per,1.7
1773424601,kamailio,chatafl,2,b_abs,9420
1773426184,kamailio,chatafl,2,l_per,6.8
1773426184,kamailio,chatafl,2,l_abs,16117
1773426184,kamailio,chatafl,2,b_per,1.7
1773426184,kamailio,chatafl,2,b_abs,9424
1773427475,kamailio,chatafl,2,l_per,6.8
1773427475,kamailio,chatafl,2,l_abs,16117
1773427475,kamailio,chatafl,2,b_per,1.7
1773427475,kamailio,chatafl,2,b_abs,9424
1773428683,kamailio,chatafl,2,l_per,6.8
1773428683,kamailio,chatafl,2,l_abs,16117
1773428683,kamailio,chatafl,2,b_per,1.7
1773428683,kamailio,chatafl,2,b_abs,9424
1773429942,kamailio,chatafl,2,l_per,6.8
1773429942,kamailio,chatafl,2,l_abs,16117
1773429942,kamailio,chatafl,2,b_per,1.7
1773429942,kamailio,chatafl,2,b_abs,9426
1773431174,kamailio,chatafl,2,l_per,6.8
1773431174,kamailio,chatafl,2,l_abs,16117
1773431174,kamailio,chatafl,2,b_per,1.7
1773431174,kamailio,chatafl,2,b_abs,9426
1773432902,kamailio,chatafl,2,l_per,6.8
1773432902,kamailio,chatafl,2,l_abs,16120
1773432902,kamailio,chatafl,2,b_per,1.7
1773432902,kamailio,chatafl,2,b_abs,9435
1773433751,kamailio,chatafl,2,l_per,6.8
1773433751,kamailio,chatafl,2,l_abs,16216
1773433751,kamailio,chatafl,2,b_per,1.7
1773433751,kamailio,chatafl,2,b_abs,9525
1773435174,kamailio,chatafl,2,l_per,6.8
1773435174,kamailio,chatafl,2,l_abs,16221
1773435174,kamailio,chatafl,2,b_per,1.7
1773435174,kamailio,chatafl,2,b_abs,9531
1773437057,kamailio,chatafl,2,l_per,6.8
1773437057,kamailio,chatafl,2,l_abs,16223
1773437057,kamailio,chatafl,2,b_per,1.7
1773437057,kamailio,chatafl,2,b_abs,9532
1773438535,kamailio,chatafl,2,l_per,6.8
1773438535,kamailio,chatafl,2,l_abs,16223
1773438535,kamailio,chatafl,2,b_per,1.7
1773438535,kamailio,chatafl,2,b_abs,9532
1773440432,kamailio,chatafl,2,l_per,6.8
1773440432,kamailio,chatafl,2,l_abs,16224
1773440432,kamailio,chatafl,2,b_per,1.7
1773440432,kamailio,chatafl,2,b_abs,9538
1773442053,kamailio,chatafl,2,l_per,6.8
1773442053,kamailio,chatafl,2,l_abs,16224
1773442053,kamailio,chatafl,2,b_per,1.7
1773442053,kamailio,chatafl,2,b_abs,9538
1773443393,kamailio,chatafl,2,l_per,6.9
1773443393,kamailio,chatafl,2,l_abs,16242
1773443393,kamailio,chatafl,2,b_per,1.7
1773443393,kamailio,chatafl,2,b_abs,9566
1773445047,kamailio,chatafl,2,l_per,6.9
1773445047,kamailio,chatafl,2,l_abs,16247
1773445047,kamailio,chatafl,2,b_per,1.7
1773445047,kamailio,chatafl,2,b_abs,9569
1773446496,kamailio,chatafl,2,l_per,6.9
1773446496,kamailio,chatafl,2,l_abs,16253
1773446496,kamailio,chatafl,2,b_per,1.7
1773446496,kamailio,chatafl,2,b_abs,9571
1773447865,kamailio,chatafl,2,l_per,6.9
1773447865,kamailio,chatafl,2,l_abs,16253
1773447865,kamailio,chatafl,2,b_per,1.7
1773447865,kamailio,chatafl,2,b_abs,9571
1773449235,kamailio,chatafl,2,l_per,6.9
1773449235,kamailio,chatafl,2,l_abs,16253
1773449235,kamailio,chatafl,2,b_per,1.7
1773449235,kamailio,chatafl,2,b_abs,9571
1773451026,kamailio,chatafl,2,l_per,6.9
1773451026,kamailio,chatafl,2,l_abs,16255
1773451026,kamailio,chatafl,2,b_per,1.7
1773451026,kamailio,chatafl,2,b_abs,9574
1773452911,kamailio,chatafl,2,l_per,6.9
1773452911,kamailio,chatafl,2,l_abs,16255
1773452911,kamailio,chatafl,2,b_per,1.7
1773452911,kamailio,chatafl,2,b_abs,9574
1773454421,kamailio,chatafl,2,l_per,6.9
1773454421,kamailio,chatafl,2,l_abs,16260
1773454421,kamailio,chatafl,2,b_per,1.7
1773454421,kamailio,chatafl,2,b_abs,9576
1773456172,kamailio,chatafl,2,l_per,6.9
1773456172,kamailio,chatafl,2,l_abs,16260
1773456172,kamailio,chatafl,2,b_per,1.7
1773456172,kamailio,chatafl,2,b_abs,9576
1773457819,kamailio,chatafl,2,l_per,6.9
1773457819,kamailio,chatafl,2,l_abs,16260
1773457819,kamailio,chatafl,2,b_per,1.7
1773457819,kamailio,chatafl,2,b_abs,9576
1773458956,kamailio,chatafl,2,l_per,6.9
1773458956,kamailio,chatafl,2,l_abs,16260
1773458956,kamailio,chatafl,2,b_per,1.7
1773458956,kamailio,chatafl,2,b_abs,9576
1773460372,kamailio,chatafl,2,l_per,6.9
1773460372,kamailio,chatafl,2,l_abs,16260
1773460372,kamailio,chatafl,2,b_per,1.7
1773460372,kamailio,chatafl,2,b_abs,9576
1773462082,kamailio,chatafl,2,l_per,6.9
1773462082,kamailio,chatafl,2,l_abs,16260
1773462082,kamailio,chatafl,2,b_per,1.7
1773462082,kamailio,chatafl,2,b_abs,9576
1773463986,kamailio,chatafl,2,l_per,6.9
1773463986,kamailio,chatafl,2,l_abs,16264
1773463986,kamailio,chatafl,2,b_per,1.7
1773463986,kamailio,chatafl,2,b_abs,9580
1773465814,kamailio,chatafl,2,l_per,6.9
1773465814,kamailio,chatafl,2,l_abs,16264
1773465814,kamailio,chatafl,2,b_per,1.7
1773465814,kamailio,chatafl,2,b_abs,9580
1773467807,kamailio,chatafl,2,l_per,6.9
1773467807,kamailio,chatafl,2,l_abs,16264
1773467807,kamailio,chatafl,2,b_per,1.7
1773467807,kamailio,chatafl,2,b_abs,9581
1773469874,kamailio,chatafl,2,l_per,6.9
1773469874,kamailio,chatafl,2,l_abs,16266
1773469874,kamailio,chatafl,2,b_per,1.7
1773469874,kamailio,chatafl,2,b_abs,9582
1773471919,kamailio,chatafl,2,l_per,6.9
1773471919,kamailio,chatafl,2,l_abs,16269
1773471919,kamailio,chatafl,2,b_per,1.7
1773471919,kamailio,chatafl,2,b_abs,9583
1773474251,kamailio,chatafl,2,l_per,6.9
1773474251,kamailio,chatafl,2,l_abs,16269
1773474251,kamailio,chatafl,2,b_per,1.7
1773474251,kamailio,chatafl,2,b_abs,9583
1773475993,kamailio,chatafl,2,l_per,6.9
1773475993,kamailio,chatafl,2,l_abs,16269
1773475993,kamailio,chatafl,2,b_per,1.7
1773475993,kamailio,chatafl,2,b_abs,9583
1773477748,kamailio,chatafl,2,l_per,6.9
1773477748,kamailio,chatafl,2,l_abs,16269
1773477748,kamailio,chatafl,2,b_per,1.7
1773477748,kamailio,chatafl,2,b_abs,9583
1773479274,kamailio,chatafl,2,l_per,6.9
1773479274,kamailio,chatafl,2,l_abs,16315
1773479274,kamailio,chatafl,2,b_per,1.7
1773479274,kamailio,chatafl,2,b_abs,9602
1773481624,kamailio,chatafl,2,l_per,6.9
1773481624,kamailio,chatafl,2,l_abs,16319
1773481624,kamailio,chatafl,2,b_per,1.7
1773481624,kamailio,chatafl,2,b_abs,9615
1773483347,kamailio,chatafl,2,l_per,6.9
1773483347,kamailio,chatafl,2,l_abs,16319
1773483347,kamailio,chatafl,2,b_per,1.7
1773483347,kamailio,chatafl,2,b_abs,9615
1773485590,kamailio,chatafl,2,l_per,6.9
1773485590,kamailio,chatafl,2,l_abs,16319
1773485590,kamailio,chatafl,2,b_per,1.7
1773485590,kamailio,chatafl,2,b_abs,9615
1773486686,kamailio,chatafl,2,l_per,6.9
1773486686,kamailio,chatafl,2,l_abs,16319
1773486686,kamailio,chatafl,2,b_per,1.7
1773486686,kamailio,chatafl,2,b_abs,9616
1773399665,kamailio,chatafl,3,l_per,4.2
1773399665,kamailio,chatafl,3,l_abs,10014
1773399665,kamailio,chatafl,3,b_per,0.8
1773399665,kamailio,chatafl,3,b_abs,4638
1773399667,kamailio,chatafl,3,l_per,4.2
1773399667,kamailio,chatafl,3,l_abs,10017
1773399667,kamailio,chatafl,3,b_per,0.8
1773399667,kamailio,chatafl,3,b_abs,4643
1773399668,kamailio,chatafl,3,l_per,4.2
1773399668,kamailio,chatafl,3,l_abs,10017
1773399668,kamailio,chatafl,3,b_per,0.8
1773399668,kamailio,chatafl,3,b_abs,4643
1773399670,kamailio,chatafl,3,l_per,4.7
1773399670,kamailio,chatafl,3,l_abs,11034
1773399670,kamailio,chatafl,3,b_per,0.9
1773399670,kamailio,chatafl,3,b_abs,5339
1773399678,kamailio,chatafl,3,l_per,4.7
1773399678,kamailio,chatafl,3,l_abs,11034
1773399678,kamailio,chatafl,3,b_per,0.9
1773399678,kamailio,chatafl,3,b_abs,5339
1773399680,kamailio,chatafl,3,l_per,5.3
1773399680,kamailio,chatafl,3,l_abs,12534
1773399680,kamailio,chatafl,3,b_per,1.1
1773399680,kamailio,chatafl,3,b_abs,6050
1773399681,kamailio,chatafl,3,l_per,5.3
1773399681,kamailio,chatafl,3,l_abs,12534
1773399681,kamailio,chatafl,3,b_per,1.1
1773399681,kamailio,chatafl,3,b_abs,6050
1773399683,kamailio,chatafl,3,l_per,5.3
1773399683,kamailio,chatafl,3,l_abs,12561
1773399683,kamailio,chatafl,3,b_per,1.1
1773399683,kamailio,chatafl,3,b_abs,6109
1773399684,kamailio,chatafl,3,l_per,5.3
1773399684,kamailio,chatafl,3,l_abs,12561
1773399684,kamailio,chatafl,3,b_per,1.1
1773399684,kamailio,chatafl,3,b_abs,6109
1773399686,kamailio,chatafl,3,l_per,5.4
1773399686,kamailio,chatafl,3,l_abs,12857
1773399686,kamailio,chatafl,3,b_per,1.1
1773399686,kamailio,chatafl,3,b_abs,6245
1773399688,kamailio,chatafl,3,l_per,5.4
1773399688,kamailio,chatafl,3,l_abs,12857
1773399688,kamailio,chatafl,3,b_per,1.1
1773399688,kamailio,chatafl,3,b_abs,6245
1773399689,kamailio,chatafl,3,l_per,5.4
1773399689,kamailio,chatafl,3,l_abs,12857
1773399689,kamailio,chatafl,3,b_per,1.1
1773399689,kamailio,chatafl,3,b_abs,6245
1773399691,kamailio,chatafl,3,l_per,5.4
1773399691,kamailio,chatafl,3,l_abs,12857
1773399691,kamailio,chatafl,3,b_per,1.1
1773399691,kamailio,chatafl,3,b_abs,6245
1773399692,kamailio,chatafl,3,l_per,5.4
1773399692,kamailio,chatafl,3,l_abs,12857
1773399692,kamailio,chatafl,3,b_per,1.1
1773399692,kamailio,chatafl,3,b_abs,6245
1773399694,kamailio,chatafl,3,l_per,5.4
1773399694,kamailio,chatafl,3,l_abs,12857
1773399694,kamailio,chatafl,3,b_per,1.1
1773399694,kamailio,chatafl,3,b_abs,6245
1773399696,kamailio,chatafl,3,l_per,5.4
1773399696,kamailio,chatafl,3,l_abs,12857
1773399696,kamailio,chatafl,3,b_per,1.1
1773399696,kamailio,chatafl,3,b_abs,6245
1773399697,kamailio,chatafl,3,l_per,5.4
1773399697,kamailio,chatafl,3,l_abs,12857
1773399697,kamailio,chatafl,3,b_per,1.1
1773399697,kamailio,chatafl,3,b_abs,6245
1773399699,kamailio,chatafl,3,l_per,5.6
1773399699,kamailio,chatafl,3,l_abs,13270
1773399699,kamailio,chatafl,3,b_per,1.2
1773399699,kamailio,chatafl,3,b_abs,6540
1773399700,kamailio,chatafl,3,l_per,5.6
1773399700,kamailio,chatafl,3,l_abs,13270
1773399700,kamailio,chatafl,3,b_per,1.2
1773399700,kamailio,chatafl,3,b_abs,6540
1773399702,kamailio,chatafl,3,l_per,5.6
1773399702,kamailio,chatafl,3,l_abs,13270
1773399702,kamailio,chatafl,3,b_per,1.2
1773399702,kamailio,chatafl,3,b_abs,6540
1773399703,kamailio,chatafl,3,l_per,5.6
1773399703,kamailio,chatafl,3,l_abs,13270
1773399703,kamailio,chatafl,3,b_per,1.2
1773399703,kamailio,chatafl,3,b_abs,6540
1773399705,kamailio,chatafl,3,l_per,5.6
1773399705,kamailio,chatafl,3,l_abs,13270
1773399705,kamailio,chatafl,3,b_per,1.2
1773399705,kamailio,chatafl,3,b_abs,6540
1773399707,kamailio,chatafl,3,l_per,5.6
1773399707,kamailio,chatafl,3,l_abs,13270
1773399707,kamailio,chatafl,3,b_per,1.2
1773399707,kamailio,chatafl,3,b_abs,6540
1773399708,kamailio,chatafl,3,l_per,5.6
1773399708,kamailio,chatafl,3,l_abs,13275
1773399708,kamailio,chatafl,3,b_per,1.2
1773399708,kamailio,chatafl,3,b_abs,6542
1773399710,kamailio,chatafl,3,l_per,5.6
1773399710,kamailio,chatafl,3,l_abs,13284
1773399710,kamailio,chatafl,3,b_per,1.2
1773399710,kamailio,chatafl,3,b_abs,6555
1773399717,kamailio,chatafl,3,l_per,5.6
1773399717,kamailio,chatafl,3,l_abs,13284
1773399717,kamailio,chatafl,3,b_per,1.2
1773399717,kamailio,chatafl,3,b_abs,6555
1773399719,kamailio,chatafl,3,l_per,5.6
1773399719,kamailio,chatafl,3,l_abs,13285
1773399719,kamailio,chatafl,3,b_per,1.2
1773399719,kamailio,chatafl,3,b_abs,6556
1773399720,kamailio,chatafl,3,l_per,5.6
1773399720,kamailio,chatafl,3,l_abs,13285
1773399720,kamailio,chatafl,3,b_per,1.2
1773399720,kamailio,chatafl,3,b_abs,6556
1773399722,kamailio,chatafl,3,l_per,5.6
1773399722,kamailio,chatafl,3,l_abs,13303
1773399722,kamailio,chatafl,3,b_per,1.2
1773399722,kamailio,chatafl,3,b_abs,6569
1773399724,kamailio,chatafl,3,l_per,5.6
1773399724,kamailio,chatafl,3,l_abs,13303
1773399724,kamailio,chatafl,3,b_per,1.2
1773399724,kamailio,chatafl,3,b_abs,6569
1773399732,kamailio,chatafl,3,l_per,5.6
1773399732,kamailio,chatafl,3,l_abs,13303
1773399732,kamailio,chatafl,3,b_per,1.2
1773399732,kamailio,chatafl,3,b_abs,6569
1773399733,kamailio,chatafl,3,l_per,5.6
1773399733,kamailio,chatafl,3,l_abs,13307
1773399733,kamailio,chatafl,3,b_per,1.2
1773399733,kamailio,chatafl,3,b_abs,6570
1773399735,kamailio,chatafl,3,l_per,5.6
1773399735,kamailio,chatafl,3,l_abs,13307
1773399735,kamailio,chatafl,3,b_per,1.2
1773399735,kamailio,chatafl,3,b_abs,6570
1773399736,kamailio,chatafl,3,l_per,5.6
1773399736,kamailio,chatafl,3,l_abs,13307
1773399736,kamailio,chatafl,3,b_per,1.2
1773399736,kamailio,chatafl,3,b_abs,6570
1773399738,kamailio,chatafl,3,l_per,5.6
1773399738,kamailio,chatafl,3,l_abs,13307
1773399738,kamailio,chatafl,3,b_per,1.2
1773399738,kamailio,chatafl,3,b_abs,6570
1773399755,kamailio,chatafl,3,l_per,5.6
1773399755,kamailio,chatafl,3,l_abs,13317
1773399755,kamailio,chatafl,3,b_per,1.2
1773399755,kamailio,chatafl,3,b_abs,6578
1773400005,kamailio,chatafl,3,l_per,5.7
1773400005,kamailio,chatafl,3,l_abs,13481
1773400005,kamailio,chatafl,3,b_per,1.2
1773400005,kamailio,chatafl,3,b_abs,6846
1773400091,kamailio,chatafl,3,l_per,5.8
1773400091,kamailio,chatafl,3,l_abs,13714
1773400091,kamailio,chatafl,3,b_per,1.3
1773400091,kamailio,chatafl,3,b_abs,7123
1773400177,kamailio,chatafl,3,l_per,5.9
1773400177,kamailio,chatafl,3,l_abs,13924
1773400177,kamailio,chatafl,3,b_per,1.3
1773400177,kamailio,chatafl,3,b_abs,7388
1773400278,kamailio,chatafl,3,l_per,6.0
1773400278,kamailio,chatafl,3,l_abs,14147
1773400278,kamailio,chatafl,3,b_per,1.3
1773400278,kamailio,chatafl,3,b_abs,7591
1773400379,kamailio,chatafl,3,l_per,6.2
1773400379,kamailio,chatafl,3,l_abs,14796
1773400379,kamailio,chatafl,3,b_per,1.4
1773400379,kamailio,chatafl,3,b_abs,8036
1773400485,kamailio,chatafl,3,l_per,6.3
1773400485,kamailio,chatafl,3,l_abs,14945
1773400485,kamailio,chatafl,3,b_per,1.4
1773400485,kamailio,chatafl,3,b_abs,8150
1773400606,kamailio,chatafl,3,l_per,6.4
1773400606,kamailio,chatafl,3,l_abs,15130
1773400606,kamailio,chatafl,3,b_per,1.5
1773400606,kamailio,chatafl,3,b_abs,8305
1773400731,kamailio,chatafl,3,l_per,6.4
1773400731,kamailio,chatafl,3,l_abs,15202
1773400731,kamailio,chatafl,3,b_per,1.5
1773400731,kamailio,chatafl,3,b_abs,8383
1773400853,kamailio,chatafl,3,l_per,6.4
1773400853,kamailio,chatafl,3,l_abs,15283
1773400853,kamailio,chatafl,3,b_per,1.5
1773400853,kamailio,chatafl,3,b_abs,8467
1773401012,kamailio,chatafl,3,l_per,6.5
1773401012,kamailio,chatafl,3,l_abs,15376
1773401012,kamailio,chatafl,3,b_per,1.5
1773401012,kamailio,chatafl,3,b_abs,8560
1773401171,kamailio,chatafl,3,l_per,6.5
1773401171,kamailio,chatafl,3,l_abs,15489
1773401171,kamailio,chatafl,3,b_per,1.5
1773401171,kamailio,chatafl,3,b_abs,8660
1773401349,kamailio,chatafl,3,l_per,6.6
1773401349,kamailio,chatafl,3,l_abs,15541
1773401349,kamailio,chatafl,3,b_per,1.5
1773401349,kamailio,chatafl,3,b_abs,8729
1773401533,kamailio,chatafl,3,l_per,6.6
1773401533,kamailio,chatafl,3,l_abs,15702
1773401533,kamailio,chatafl,3,b_per,1.6
1773401533,kamailio,chatafl,3,b_abs,8891
1773401703,kamailio,chatafl,3,l_per,6.6
1773401703,kamailio,chatafl,3,l_abs,15740
1773401703,kamailio,chatafl,3,b_per,1.6
1773401703,kamailio,chatafl,3,b_abs,8953
1773401899,kamailio,chatafl,3,l_per,6.7
1773401899,kamailio,chatafl,3,l_abs,15914
1773401899,kamailio,chatafl,3,b_per,1.6
1773401899,kamailio,chatafl,3,b_abs,9135
1773402076,kamailio,chatafl,3,l_per,6.7
1773402076,kamailio,chatafl,3,l_abs,15945
1773402076,kamailio,chatafl,3,b_per,1.6
1773402076,kamailio,chatafl,3,b_abs,9189
1773402242,kamailio,chatafl,3,l_per,6.8
1773402242,kamailio,chatafl,3,l_abs,16005
1773402242,kamailio,chatafl,3,b_per,1.6
1773402242,kamailio,chatafl,3,b_abs,9277
1773402567,kamailio,chatafl,3,l_per,6.8
1773402567,kamailio,chatafl,3,l_abs,16024
1773402567,kamailio,chatafl,3,b_per,1.6
1773402567,kamailio,chatafl,3,b_abs,9292
1773402812,kamailio,chatafl,3,l_per,6.8
1773402812,kamailio,chatafl,3,l_abs,16104
1773402812,kamailio,chatafl,3,b_per,1.7
1773402812,kamailio,chatafl,3,b_abs,9371
1773403074,kamailio,chatafl,3,l_per,6.8
1773403074,kamailio,chatafl,3,l_abs,16217
1773403074,kamailio,chatafl,3,b_per,1.7
1773403074,kamailio,chatafl,3,b_abs,9423
1773403304,kamailio,chatafl,3,l_per,6.8
1773403304,kamailio,chatafl,3,l_abs,16232
1773403304,kamailio,chatafl,3,b_per,1.7
1773403304,kamailio,chatafl,3,b_abs,9438
1773403547,kamailio,chatafl,3,l_per,6.9
1773403547,kamailio,chatafl,3,l_abs,16253
1773403547,kamailio,chatafl,3,b_per,1.7
1773403547,kamailio,chatafl,3,b_abs,9481
1773403779,kamailio,chatafl,3,l_per,6.9
1773403779,kamailio,chatafl,3,l_abs,16271
1773403779,kamailio,chatafl,3,b_per,1.7
1773403779,kamailio,chatafl,3,b_abs,9495
1773404022,kamailio,chatafl,3,l_per,6.9
1773404022,kamailio,chatafl,3,l_abs,16292
1773404022,kamailio,chatafl,3,b_per,1.7
1773404022,kamailio,chatafl,3,b_abs,9530
1773404255,kamailio,chatafl,3,l_per,6.9
1773404255,kamailio,chatafl,3,l_abs,16302
1773404255,kamailio,chatafl,3,b_per,1.7
1773404255,kamailio,chatafl,3,b_abs,9542
1773404522,kamailio,chatafl,3,l_per,6.9
1773404522,kamailio,chatafl,3,l_abs,16385
1773404522,kamailio,chatafl,3,b_per,1.7
1773404522,kamailio,chatafl,3,b_abs,9604
1773404820,kamailio,chatafl,3,l_per,6.9
1773404820,kamailio,chatafl,3,l_abs,16393
1773404820,kamailio,chatafl,3,b_per,1.7
1773404820,kamailio,chatafl,3,b_abs,9611
1773405099,kamailio,chatafl,3,l_per,6.9
1773405099,kamailio,chatafl,3,l_abs,16410
1773405099,kamailio,chatafl,3,b_per,1.7
1773405099,kamailio,chatafl,3,b_abs,9626
1773405419,kamailio,chatafl,3,l_per,6.9
1773405419,kamailio,chatafl,3,l_abs,16410
1773405419,kamailio,chatafl,3,b_per,1.7
1773405419,kamailio,chatafl,3,b_abs,9627
1773405709,kamailio,chatafl,3,l_per,6.9
1773405709,kamailio,chatafl,3,l_abs,16410
1773405709,kamailio,chatafl,3,b_per,1.7
1773405709,kamailio,chatafl,3,b_abs,9627
1773406041,kamailio,chatafl,3,l_per,6.9
1773406041,kamailio,chatafl,3,l_abs,16410
1773406041,kamailio,chatafl,3,b_per,1.7
1773406041,kamailio,chatafl,3,b_abs,9628
1773406382,kamailio,chatafl,3,l_per,6.9
1773406382,kamailio,chatafl,3,l_abs,16410
1773406382,kamailio,chatafl,3,b_per,1.7
1773406382,kamailio,chatafl,3,b_abs,9628
1773406749,kamailio,chatafl,3,l_per,6.9
1773406749,kamailio,chatafl,3,l_abs,16410
1773406749,kamailio,chatafl,3,b_per,1.7
1773406749,kamailio,chatafl,3,b_abs,9628
1773407064,kamailio,chatafl,3,l_per,6.9
1773407064,kamailio,chatafl,3,l_abs,16410
1773407064,kamailio,chatafl,3,b_per,1.7
1773407064,kamailio,chatafl,3,b_abs,9630
1773407477,kamailio,chatafl,3,l_per,6.9
1773407477,kamailio,chatafl,3,l_abs,16410
1773407477,kamailio,chatafl,3,b_per,1.7
1773407477,kamailio,chatafl,3,b_abs,9630
1773407905,kamailio,chatafl,3,l_per,6.9
1773407905,kamailio,chatafl,3,l_abs,16410
1773407905,kamailio,chatafl,3,b_per,1.7
1773407905,kamailio,chatafl,3,b_abs,9630
1773408386,kamailio,chatafl,3,l_per,6.9
1773408386,kamailio,chatafl,3,l_abs,16410
1773408386,kamailio,chatafl,3,b_per,1.7
1773408386,kamailio,chatafl,3,b_abs,9630
1773408681,kamailio,chatafl,3,l_per,6.9
1773408681,kamailio,chatafl,3,l_abs,16419
1773408681,kamailio,chatafl,3,b_per,1.7
1773408681,kamailio,chatafl,3,b_abs,9650
1773409070,kamailio,chatafl,3,l_per,6.9
1773409070,kamailio,chatafl,3,l_abs,16420
1773409070,kamailio,chatafl,3,b_per,1.7
1773409070,kamailio,chatafl,3,b_abs,9651
1773409563,kamailio,chatafl,3,l_per,6.9
1773409563,kamailio,chatafl,3,l_abs,16420
1773409563,kamailio,chatafl,3,b_per,1.7
1773409563,kamailio,chatafl,3,b_abs,9651
1773409968,kamailio,chatafl,3,l_per,6.9
1773409968,kamailio,chatafl,3,l_abs,16420
1773409968,kamailio,chatafl,3,b_per,1.7
1773409968,kamailio,chatafl,3,b_abs,9653
1773410484,kamailio,chatafl,3,l_per,6.9
1773410484,kamailio,chatafl,3,l_abs,16420
1773410484,kamailio,chatafl,3,b_per,1.7
1773410484,kamailio,chatafl,3,b_abs,9653
1773411085,kamailio,chatafl,3,l_per,6.9
1773411085,kamailio,chatafl,3,l_abs,16420
1773411085,kamailio,chatafl,3,b_per,1.7
1773411085,kamailio,chatafl,3,b_abs,9654
1773411654,kamailio,chatafl,3,l_per,6.9
1773411654,kamailio,chatafl,3,l_abs,16420
1773411654,kamailio,chatafl,3,b_per,1.7
1773411654,kamailio,chatafl,3,b_abs,9654
1773412077,kamailio,chatafl,3,l_per,6.9
1773412077,kamailio,chatafl,3,l_abs,16420
1773412077,kamailio,chatafl,3,b_per,1.7
1773412077,kamailio,chatafl,3,b_abs,9654
1773412643,kamailio,chatafl,3,l_per,6.9
1773412643,kamailio,chatafl,3,l_abs,16420
1773412643,kamailio,chatafl,3,b_per,1.7
1773412643,kamailio,chatafl,3,b_abs,9654
1773413094,kamailio,chatafl,3,l_per,6.9
1773413094,kamailio,chatafl,3,l_abs,16420
1773413094,kamailio,chatafl,3,b_per,1.7
1773413094,kamailio,chatafl,3,b_abs,9654
1773413813,kamailio,chatafl,3,l_per,6.9
1773413813,kamailio,chatafl,3,l_abs,16434
1773413813,kamailio,chatafl,3,b_per,1.7
1773413813,kamailio,chatafl,3,b_abs,9672
1773414537,kamailio,chatafl,3,l_per,6.9
1773414537,kamailio,chatafl,3,l_abs,16434
1773414537,kamailio,chatafl,3,b_per,1.7
1773414537,kamailio,chatafl,3,b_abs,9672
1773415128,kamailio,chatafl,3,l_per,6.9
1773415128,kamailio,chatafl,3,l_abs,16434
1773415128,kamailio,chatafl,3,b_per,1.7
1773415128,kamailio,chatafl,3,b_abs,9672
1773415906,kamailio,chatafl,3,l_per,6.9
1773415906,kamailio,chatafl,3,l_abs,16434
1773415906,kamailio,chatafl,3,b_per,1.7
1773415906,kamailio,chatafl,3,b_abs,9672
1773416709,kamailio,chatafl,3,l_per,6.9
1773416709,kamailio,chatafl,3,l_abs,16434
1773416709,kamailio,chatafl,3,b_per,1.7
1773416709,kamailio,chatafl,3,b_abs,9672
1773417631,kamailio,chatafl,3,l_per,6.9
1773417631,kamailio,chatafl,3,l_abs,16434
1773417631,kamailio,chatafl,3,b_per,1.7
1773417631,kamailio,chatafl,3,b_abs,9672
1773418583,kamailio,chatafl,3,l_per,6.9
1773418583,kamailio,chatafl,3,l_abs,16434
1773418583,kamailio,chatafl,3,b_per,1.7
1773418583,kamailio,chatafl,3,b_abs,9672
1773419544,kamailio,chatafl,3,l_per,6.9
1773419544,kamailio,chatafl,3,l_abs,16434
1773419544,kamailio,chatafl,3,b_per,1.7
1773419544,kamailio,chatafl,3,b_abs,9672
1773420379,kamailio,chatafl,3,l_per,6.9
1773420379,kamailio,chatafl,3,l_abs,16436
1773420379,kamailio,chatafl,3,b_per,1.7
1773420379,kamailio,chatafl,3,b_abs,9675
1773421271,kamailio,chatafl,3,l_per,6.9
1773421271,kamailio,chatafl,3,l_abs,16450
1773421271,kamailio,chatafl,3,b_per,1.7
1773421271,kamailio,chatafl,3,b_abs,9703
1773422223,kamailio,chatafl,3,l_per,6.9
1773422223,kamailio,chatafl,3,l_abs,16450
1773422223,kamailio,chatafl,3,b_per,1.7
1773422223,kamailio,chatafl,3,b_abs,9704
1773423343,kamailio,chatafl,3,l_per,6.9
1773423343,kamailio,chatafl,3,l_abs,16450
1773423343,kamailio,chatafl,3,b_per,1.7
1773423343,kamailio,chatafl,3,b_abs,9704
1773424152,kamailio,chatafl,3,l_per,7.0
1773424152,kamailio,chatafl,3,l_abs,16486
1773424152,kamailio,chatafl,3,b_per,1.7
1773424152,kamailio,chatafl,3,b_abs,9748
1773425120,kamailio,chatafl,3,l_per,7.0
1773425120,kamailio,chatafl,3,l_abs,16501
1773425120,kamailio,chatafl,3,b_per,1.7
1773425120,kamailio,chatafl,3,b_abs,9777
1773426433,kamailio,chatafl,3,l_per,7.0
1773426433,kamailio,chatafl,3,l_abs,16501
1773426433,kamailio,chatafl,3,b_per,1.7
1773426433,kamailio,chatafl,3,b_abs,9777
1773427076,kamailio,chatafl,3,l_per,7.0
1773427076,kamailio,chatafl,3,l_abs,16502
1773427076,kamailio,chatafl,3,b_per,1.7
1773427076,kamailio,chatafl,3,b_abs,9779
1773428104,kamailio,chatafl,3,l_per,7.0
1773428104,kamailio,chatafl,3,l_abs,16573
1773428104,kamailio,chatafl,3,b_per,1.7
1773428104,kamailio,chatafl,3,b_abs,9825
1773429393,kamailio,chatafl,3,l_per,7.0
1773429393,kamailio,chatafl,3,l_abs,16573
1773429393,kamailio,chatafl,3,b_per,1.7
1773429393,kamailio,chatafl,3,b_abs,9825
1773430735,kamailio,chatafl,3,l_per,7.0
1773430735,kamailio,chatafl,3,l_abs,16573
1773430735,kamailio,chatafl,3,b_per,1.7
1773430735,kamailio,chatafl,3,b_abs,9825
1773432113,kamailio,chatafl,3,l_per,7.0
1773432113,kamailio,chatafl,3,l_abs,16576
1773432113,kamailio,chatafl,3,b_per,1.7
1773432113,kamailio,chatafl,3,b_abs,9841
1773433279,kamailio,chatafl,3,l_per,7.0
1773433279,kamailio,chatafl,3,l_abs,16576
1773433279,kamailio,chatafl,3,b_per,1.7
1773433279,kamailio,chatafl,3,b_abs,9841
1773434504,kamailio,chatafl,3,l_per,7.0
1773434504,kamailio,chatafl,3,l_abs,16576
1773434504,kamailio,chatafl,3,b_per,1.7
1773434504,kamailio,chatafl,3,b_abs,9841
1773436312,kamailio,chatafl,3,l_per,7.0
1773436312,kamailio,chatafl,3,l_abs,16578
1773436312,kamailio,chatafl,3,b_per,1.7
1773436312,kamailio,chatafl,3,b_abs,9853
1773437581,kamailio,chatafl,3,l_per,7.0
1773437581,kamailio,chatafl,3,l_abs,16578
1773437581,kamailio,chatafl,3,b_per,1.7
1773437581,kamailio,chatafl,3,b_abs,9853
1773439512,kamailio,chatafl,3,l_per,7.0
1773439512,kamailio,chatafl,3,l_abs,16581
1773439512,kamailio,chatafl,3,b_per,1.7
1773439512,kamailio,chatafl,3,b_abs,9858
1773441049,kamailio,chatafl,3,l_per,7.0
1773441049,kamailio,chatafl,3,l_abs,16583
1773441049,kamailio,chatafl,3,b_per,1.7
1773441049,kamailio,chatafl,3,b_abs,9860
1773442451,kamailio,chatafl,3,l_per,7.0
1773442451,kamailio,chatafl,3,l_abs,16600
1773442451,kamailio,chatafl,3,b_per,1.7
1773442451,kamailio,chatafl,3,b_abs,9874
1773443526,kamailio,chatafl,3,l_per,7.0
1773443526,kamailio,chatafl,3,l_abs,16600
1773443526,kamailio,chatafl,3,b_per,1.7
1773443526,kamailio,chatafl,3,b_abs,9874
1773445348,kamailio,chatafl,3,l_per,7.0
1773445348,kamailio,chatafl,3,l_abs,16602
1773445348,kamailio,chatafl,3,b_per,1.7
1773445348,kamailio,chatafl,3,b_abs,9876
1773446656,kamailio,chatafl,3,l_per,7.0
1773446656,kamailio,chatafl,3,l_abs,16605
1773446656,kamailio,chatafl,3,b_per,1.7
1773446656,kamailio,chatafl,3,b_abs,9898
1773447801,kamailio,chatafl,3,l_per,7.0
1773447801,kamailio,chatafl,3,l_abs,16605
1773447801,kamailio,chatafl,3,b_per,1.7
1773447801,kamailio,chatafl,3,b_abs,9902
1773449864,kamailio,chatafl,3,l_per,7.0
1773449864,kamailio,chatafl,3,l_abs,16605
1773449864,kamailio,chatafl,3,b_per,1.7
1773449864,kamailio,chatafl,3,b_abs,9902
1773452173,kamailio,chatafl,3,l_per,7.0
1773452173,kamailio,chatafl,3,l_abs,16605
1773452173,kamailio,chatafl,3,b_per,1.7
1773452173,kamailio,chatafl,3,b_abs,9902
1773454150,kamailio,chatafl,3,l_per,7.0
1773454150,kamailio,chatafl,3,l_abs,16605
1773454150,kamailio,chatafl,3,b_per,1.7
1773454150,kamailio,chatafl,3,b_abs,9903
1773456523,kamailio,chatafl,3,l_per,7.0
1773456523,kamailio,chatafl,3,l_abs,16605
1773456523,kamailio,chatafl,3,b_per,1.7
1773456523,kamailio,chatafl,3,b_abs,9905
1773458342,kamailio,chatafl,3,l_per,7.0
1773458342,kamailio,chatafl,3,l_abs,16605
1773458342,kamailio,chatafl,3,b_per,1.7
1773458342,kamailio,chatafl,3,b_abs,9905
1773460178,kamailio,chatafl,3,l_per,7.0
1773460178,kamailio,chatafl,3,l_abs,16605
1773460178,kamailio,chatafl,3,b_per,1.7
1773460178,kamailio,chatafl,3,b_abs,9905
1773462543,kamailio,chatafl,3,l_per,7.0
1773462543,kamailio,chatafl,3,l_abs,16608
1773462543,kamailio,chatafl,3,b_per,1.7
1773462543,kamailio,chatafl,3,b_abs,9907
1773464051,kamailio,chatafl,3,l_per,7.0
1773464051,kamailio,chatafl,3,l_abs,16608
1773464051,kamailio,chatafl,3,b_per,1.7
1773464051,kamailio,chatafl,3,b_abs,9907
1773465999,kamailio,chatafl,3,l_per,7.0
1773465999,kamailio,chatafl,3,l_abs,16608
1773465999,kamailio,chatafl,3,b_per,1.7
1773465999,kamailio,chatafl,3,b_abs,9907
1773468551,kamailio,chatafl,3,l_per,7.0
1773468551,kamailio,chatafl,3,l_abs,16612
1773468551,kamailio,chatafl,3,b_per,1.7
1773468551,kamailio,chatafl,3,b_abs,9920
1773471024,kamailio,chatafl,3,l_per,7.0
1773471024,kamailio,chatafl,3,l_abs,16612
1773471024,kamailio,chatafl,3,b_per,1.7
1773471024,kamailio,chatafl,3,b_abs,9920
1773472639,kamailio,chatafl,3,l_per,7.0
1773472639,kamailio,chatafl,3,l_abs,16612
1773472639,kamailio,chatafl,3,b_per,1.7
1773472639,kamailio,chatafl,3,b_abs,9920
1773473624,kamailio,chatafl,3,l_per,7.0
1773473624,kamailio,chatafl,3,l_abs,16612
1773473624,kamailio,chatafl,3,b_per,1.7
1773473624,kamailio,chatafl,3,b_abs,9920
1773474629,kamailio,chatafl,3,l_per,7.0
1773474629,kamailio,chatafl,3,l_abs,16613
1773474629,kamailio,chatafl,3,b_per,1.7
1773474629,kamailio,chatafl,3,b_abs,9924
1773475582,kamailio,chatafl,3,l_per,7.0
1773475582,kamailio,chatafl,3,l_abs,16613
1773475582,kamailio,chatafl,3,b_per,1.7
1773475582,kamailio,chatafl,3,b_abs,9925
1773477139,kamailio,chatafl,3,l_per,7.0
1773477139,kamailio,chatafl,3,l_abs,16613
1773477139,kamailio,chatafl,3,b_per,1.7
1773477139,kamailio,chatafl,3,b_abs,9925
1773478155,kamailio,chatafl,3,l_per,7.0
1773478155,kamailio,chatafl,3,l_abs,16613
1773478155,kamailio,chatafl,3,b_per,1.7
1773478155,kamailio,chatafl,3,b_abs,9925
1773479902,kamailio,chatafl,3,l_per,7.0
1773479902,kamailio,chatafl,3,l_abs,16616
1773479902,kamailio,chatafl,3,b_per,1.8
1773479902,kamailio,chatafl,3,b_abs,9931
1773482049,kamailio,chatafl,3,l_per,7.0
1773482049,kamailio,chatafl,3,l_abs,16616
1773482049,kamailio,chatafl,3,b_per,1.8
1773482049,kamailio,chatafl,3,b_abs,9931
1773483365,kamailio,chatafl,3,l_per,7.0
1773483365,kamailio,chatafl,3,l_abs,16616
1773483365,kamailio,chatafl,3,b_per,1.8
1773483365,kamailio,chatafl,3,b_abs,9935
1773484778,kamailio,chatafl,3,l_per,7.0
1773484778,kamailio,chatafl,3,l_abs,16616
1773484778,kamailio,chatafl,3,b_per,1.8
1773484778,kamailio,chatafl,3,b_abs,9937
1773486413,kamailio,chatafl,3,l_per,7.0
1773486413,kamailio,chatafl,3,l_abs,16616
1773486413,kamailio,chatafl,3,b_per,1.8
1773486413,kamailio,chatafl,3,b_abs,9937
1773486748,kamailio,chatafl,3,l_per,7.0
1773486748,kamailio,chatafl,3,l_abs,16633
1773486748,kamailio,chatafl,3,b_per,1.8
1773486748,kamailio,chatafl,3,b_abs,9958
1773399927,kamailio,chatafl,4,l_per,4.2
1773399927,kamailio,chatafl,4,l_abs,10014
1773399927,kamailio,chatafl,4,b_per,0.8
1773399927,kamailio,chatafl,4,b_abs,4638
1773399928,kamailio,chatafl,4,l_per,4.2
1773399928,kamailio,chatafl,4,l_abs,10014
1773399928,kamailio,chatafl,4,b_per,0.8
1773399928,kamailio,chatafl,4,b_abs,4640
1773399930,kamailio,chatafl,4,l_per,4.2
1773399930,kamailio,chatafl,4,l_abs,10017
1773399930,kamailio,chatafl,4,b_per,0.8
1773399930,kamailio,chatafl,4,b_abs,4643
1773399932,kamailio,chatafl,4,l_per,4.2
1773399932,kamailio,chatafl,4,l_abs,10017
1773399932,kamailio,chatafl,4,b_per,0.8
1773399932,kamailio,chatafl,4,b_abs,4643
1773399940,kamailio,chatafl,4,l_per,5.2
1773399940,kamailio,chatafl,4,l_abs,12403
1773399940,kamailio,chatafl,4,b_per,1.0
1773399940,kamailio,chatafl,4,b_abs,5957
1773399941,kamailio,chatafl,4,l_per,5.2
1773399941,kamailio,chatafl,4,l_abs,12405
1773399941,kamailio,chatafl,4,b_per,1.1
1773399941,kamailio,chatafl,4,b_abs,5958
1773399943,kamailio,chatafl,4,l_per,5.2
1773399943,kamailio,chatafl,4,l_abs,12405
1773399943,kamailio,chatafl,4,b_per,1.1
1773399943,kamailio,chatafl,4,b_abs,5958
1773399944,kamailio,chatafl,4,l_per,5.2
1773399944,kamailio,chatafl,4,l_abs,12405
1773399944,kamailio,chatafl,4,b_per,1.1
1773399944,kamailio,chatafl,4,b_abs,5958
1773399952,kamailio,chatafl,4,l_per,5.2
1773399952,kamailio,chatafl,4,l_abs,12405
1773399952,kamailio,chatafl,4,b_per,1.1
1773399952,kamailio,chatafl,4,b_abs,5958
1773399954,kamailio,chatafl,4,l_per,5.4
1773399954,kamailio,chatafl,4,l_abs,12776
1773399954,kamailio,chatafl,4,b_per,1.1
1773399954,kamailio,chatafl,4,b_abs,6186
1773399955,kamailio,chatafl,4,l_per,5.4
1773399955,kamailio,chatafl,4,l_abs,12776
1773399955,kamailio,chatafl,4,b_per,1.1
1773399955,kamailio,chatafl,4,b_abs,6186
1773399957,kamailio,chatafl,4,l_per,5.6
1773399957,kamailio,chatafl,4,l_abs,13192
1773399957,kamailio,chatafl,4,b_per,1.1
1773399957,kamailio,chatafl,4,b_abs,6481
1773399958,kamailio,chatafl,4,l_per,5.6
1773399958,kamailio,chatafl,4,l_abs,13192
1773399958,kamailio,chatafl,4,b_per,1.1
1773399958,kamailio,chatafl,4,b_abs,6481
1773399960,kamailio,chatafl,4,l_per,5.6
1773399960,kamailio,chatafl,4,l_abs,13198
1773399960,kamailio,chatafl,4,b_per,1.1
1773399960,kamailio,chatafl,4,b_abs,6487
1773399961,kamailio,chatafl,4,l_per,5.6
1773399961,kamailio,chatafl,4,l_abs,13198
1773399961,kamailio,chatafl,4,b_per,1.1
1773399961,kamailio,chatafl,4,b_abs,6487
1773399963,kamailio,chatafl,4,l_per,5.6
1773399963,kamailio,chatafl,4,l_abs,13198
1773399963,kamailio,chatafl,4,b_per,1.1
1773399963,kamailio,chatafl,4,b_abs,6487
1773399964,kamailio,chatafl,4,l_per,5.6
1773399964,kamailio,chatafl,4,l_abs,13198
1773399964,kamailio,chatafl,4,b_per,1.1
1773399964,kamailio,chatafl,4,b_abs,6487
1773399966,kamailio,chatafl,4,l_per,5.6
1773399966,kamailio,chatafl,4,l_abs,13219
1773399966,kamailio,chatafl,4,b_per,1.1
1773399966,kamailio,chatafl,4,b_abs,6510
1773399968,kamailio,chatafl,4,l_per,5.6
1773399968,kamailio,chatafl,4,l_abs,13219
1773399968,kamailio,chatafl,4,b_per,1.1
1773399968,kamailio,chatafl,4,b_abs,6510
1773399969,kamailio,chatafl,4,l_per,5.6
1773399969,kamailio,chatafl,4,l_abs,13252
1773399969,kamailio,chatafl,4,b_per,1.2
1773399969,kamailio,chatafl,4,b_abs,6528
1773399971,kamailio,chatafl,4,l_per,5.6
1773399971,kamailio,chatafl,4,l_abs,13289
1773399971,kamailio,chatafl,4,b_per,1.2
1773399971,kamailio,chatafl,4,b_abs,6555
1773399972,kamailio,chatafl,4,l_per,5.6
1773399972,kamailio,chatafl,4,l_abs,13298
1773399972,kamailio,chatafl,4,b_per,1.2
1773399972,kamailio,chatafl,4,b_abs,6569
1773399974,kamailio,chatafl,4,l_per,5.6
1773399974,kamailio,chatafl,4,l_abs,13298
1773399974,kamailio,chatafl,4,b_per,1.2
1773399974,kamailio,chatafl,4,b_abs,6569
1773399976,kamailio,chatafl,4,l_per,5.6
1773399976,kamailio,chatafl,4,l_abs,13298
1773399976,kamailio,chatafl,4,b_per,1.2
1773399976,kamailio,chatafl,4,b_abs,6569
1773399984,kamailio,chatafl,4,l_per,5.6
1773399984,kamailio,chatafl,4,l_abs,13298
1773399984,kamailio,chatafl,4,b_per,1.2
1773399984,kamailio,chatafl,4,b_abs,6569
1773399985,kamailio,chatafl,4,l_per,5.6
1773399985,kamailio,chatafl,4,l_abs,13298
1773399985,kamailio,chatafl,4,b_per,1.2
1773399985,kamailio,chatafl,4,b_abs,6569
1773399987,kamailio,chatafl,4,l_per,5.6
1773399987,kamailio,chatafl,4,l_abs,13302
1773399987,kamailio,chatafl,4,b_per,1.2
1773399987,kamailio,chatafl,4,b_abs,6571
1773399989,kamailio,chatafl,4,l_per,5.6
1773399989,kamailio,chatafl,4,l_abs,13302
1773399989,kamailio,chatafl,4,b_per,1.2
1773399989,kamailio,chatafl,4,b_abs,6571
1773399990,kamailio,chatafl,4,l_per,5.6
1773399990,kamailio,chatafl,4,l_abs,13302
1773399990,kamailio,chatafl,4,b_per,1.2
1773399990,kamailio,chatafl,4,b_abs,6571
1773399992,kamailio,chatafl,4,l_per,5.6
1773399992,kamailio,chatafl,4,l_abs,13306
1773399992,kamailio,chatafl,4,b_per,1.2
1773399992,kamailio,chatafl,4,b_abs,6572
1773399993,kamailio,chatafl,4,l_per,5.6
1773399993,kamailio,chatafl,4,l_abs,13306
1773399993,kamailio,chatafl,4,b_per,1.2
1773399993,kamailio,chatafl,4,b_abs,6572
1773399995,kamailio,chatafl,4,l_per,5.6
1773399995,kamailio,chatafl,4,l_abs,13315
1773399995,kamailio,chatafl,4,b_per,1.2
1773399995,kamailio,chatafl,4,b_abs,6576
1773399997,kamailio,chatafl,4,l_per,5.6
1773399997,kamailio,chatafl,4,l_abs,13315
1773399997,kamailio,chatafl,4,b_per,1.2
1773399997,kamailio,chatafl,4,b_abs,6576
1773399998,kamailio,chatafl,4,l_per,5.6
1773399998,kamailio,chatafl,4,l_abs,13315
1773399998,kamailio,chatafl,4,b_per,1.2
1773399998,kamailio,chatafl,4,b_abs,6577
1773400000,kamailio,chatafl,4,l_per,5.6
1773400000,kamailio,chatafl,4,l_abs,13315
1773400000,kamailio,chatafl,4,b_per,1.2
1773400000,kamailio,chatafl,4,b_abs,6577
1773400001,kamailio,chatafl,4,l_per,5.6
1773400001,kamailio,chatafl,4,l_abs,13315
1773400001,kamailio,chatafl,4,b_per,1.2
1773400001,kamailio,chatafl,4,b_abs,6577
1773400003,kamailio,chatafl,4,l_per,5.6
1773400003,kamailio,chatafl,4,l_abs,13315
1773400003,kamailio,chatafl,4,b_per,1.2
1773400003,kamailio,chatafl,4,b_abs,6577
1773400004,kamailio,chatafl,4,l_per,5.6
1773400004,kamailio,chatafl,4,l_abs,13315
1773400004,kamailio,chatafl,4,b_per,1.2
1773400004,kamailio,chatafl,4,b_abs,6577
1773400006,kamailio,chatafl,4,l_per,5.6
1773400006,kamailio,chatafl,4,l_abs,13315
1773400006,kamailio,chatafl,4,b_per,1.2
1773400006,kamailio,chatafl,4,b_abs,6577
1773400007,kamailio,chatafl,4,l_per,5.6
1773400007,kamailio,chatafl,4,l_abs,13315
1773400007,kamailio,chatafl,4,b_per,1.2
1773400007,kamailio,chatafl,4,b_abs,6577
1773400009,kamailio,chatafl,4,l_per,5.6
1773400009,kamailio,chatafl,4,l_abs,13315
1773400009,kamailio,chatafl,4,b_per,1.2
1773400009,kamailio,chatafl,4,b_abs,6577
1773400011,kamailio,chatafl,4,l_per,5.6
1773400011,kamailio,chatafl,4,l_abs,13315
1773400011,kamailio,chatafl,4,b_per,1.2
1773400011,kamailio,chatafl,4,b_abs,6577
1773400012,kamailio,chatafl,4,l_per,5.6
1773400012,kamailio,chatafl,4,l_abs,13315
1773400012,kamailio,chatafl,4,b_per,1.2
1773400012,kamailio,chatafl,4,b_abs,6577
1773400014,kamailio,chatafl,4,l_per,5.6
1773400014,kamailio,chatafl,4,l_abs,13315
1773400014,kamailio,chatafl,4,b_per,1.2
1773400014,kamailio,chatafl,4,b_abs,6577
1773400015,kamailio,chatafl,4,l_per,5.6
1773400015,kamailio,chatafl,4,l_abs,13315
1773400015,kamailio,chatafl,4,b_per,1.2
1773400015,kamailio,chatafl,4,b_abs,6577
1773400007,kamailio,chatafl,4,l_per,5.7
1773400007,kamailio,chatafl,4,l_abs,13395
1773400007,kamailio,chatafl,4,b_per,1.2
1773400007,kamailio,chatafl,4,b_abs,6607
1773400236,kamailio,chatafl,4,l_per,5.7
1773400236,kamailio,chatafl,4,l_abs,13496
1773400236,kamailio,chatafl,4,b_per,1.2
1773400236,kamailio,chatafl,4,b_abs,6709
1773400351,kamailio,chatafl,4,l_per,6.2
1773400351,kamailio,chatafl,4,l_abs,14613
1773400351,kamailio,chatafl,4,b_per,1.4
1773400351,kamailio,chatafl,4,b_abs,7707
1773400448,kamailio,chatafl,4,l_per,6.3
1773400448,kamailio,chatafl,4,l_abs,14976
1773400448,kamailio,chatafl,4,b_per,1.4
1773400448,kamailio,chatafl,4,b_abs,8072
1773400540,kamailio,chatafl,4,l_per,6.4
1773400540,kamailio,chatafl,4,l_abs,15087
1773400540,kamailio,chatafl,4,b_per,1.4
1773400540,kamailio,chatafl,4,b_abs,8208
1773400629,kamailio,chatafl,4,l_per,6.4
1773400629,kamailio,chatafl,4,l_abs,15190
1773400629,kamailio,chatafl,4,b_per,1.5
1773400629,kamailio,chatafl,4,b_abs,8353
1773400724,kamailio,chatafl,4,l_per,6.4
1773400724,kamailio,chatafl,4,l_abs,15254
1773400724,kamailio,chatafl,4,b_per,1.5
1773400724,kamailio,chatafl,4,b_abs,8431
1773400828,kamailio,chatafl,4,l_per,6.5
1773400828,kamailio,chatafl,4,l_abs,15345
1773400828,kamailio,chatafl,4,b_per,1.5
1773400828,kamailio,chatafl,4,b_abs,8524
1773400933,kamailio,chatafl,4,l_per,6.5
1773400933,kamailio,chatafl,4,l_abs,15521
1773400933,kamailio,chatafl,4,b_per,1.5
1773400933,kamailio,chatafl,4,b_abs,8691
1773401049,kamailio,chatafl,4,l_per,6.6
1773401049,kamailio,chatafl,4,l_abs,15563
1773401049,kamailio,chatafl,4,b_per,1.5
1773401049,kamailio,chatafl,4,b_abs,8731
1773401197,kamailio,chatafl,4,l_per,6.6
1773401197,kamailio,chatafl,4,l_abs,15639
1773401197,kamailio,chatafl,4,b_per,1.6
1773401197,kamailio,chatafl,4,b_abs,8812
1773401331,kamailio,chatafl,4,l_per,6.6
1773401331,kamailio,chatafl,4,l_abs,15717
1773401331,kamailio,chatafl,4,b_per,1.6
1773401331,kamailio,chatafl,4,b_abs,8867
1773401465,kamailio,chatafl,4,l_per,6.7
1773401465,kamailio,chatafl,4,l_abs,15770
1773401465,kamailio,chatafl,4,b_per,1.6
1773401465,kamailio,chatafl,4,b_abs,8916
1773401604,kamailio,chatafl,4,l_per,6.7
1773401604,kamailio,chatafl,4,l_abs,15877
1773401604,kamailio,chatafl,4,b_per,1.6
1773401604,kamailio,chatafl,4,b_abs,8995
1773401764,kamailio,chatafl,4,l_per,6.7
1773401764,kamailio,chatafl,4,l_abs,15929
1773401764,kamailio,chatafl,4,b_per,1.6
1773401764,kamailio,chatafl,4,b_abs,9060
1773401955,kamailio,chatafl,4,l_per,6.7
1773401955,kamailio,chatafl,4,l_abs,15983
1773401955,kamailio,chatafl,4,b_per,1.6
1773401955,kamailio,chatafl,4,b_abs,9128
1773402140,kamailio,chatafl,4,l_per,6.8
1773402140,kamailio,chatafl,4,l_abs,16029
1773402140,kamailio,chatafl,4,b_per,1.6
1773402140,kamailio,chatafl,4,b_abs,9179
1773402360,kamailio,chatafl,4,l_per,6.8
1773402360,kamailio,chatafl,4,l_abs,16091
1773402360,kamailio,chatafl,4,b_per,1.6
1773402360,kamailio,chatafl,4,b_abs,9259
1773402683,kamailio,chatafl,4,l_per,6.8
1773402683,kamailio,chatafl,4,l_abs,16136
1773402683,kamailio,chatafl,4,b_per,1.6
1773402683,kamailio,chatafl,4,b_abs,9295
1773402899,kamailio,chatafl,4,l_per,6.8
1773402899,kamailio,chatafl,4,l_abs,16233
1773402899,kamailio,chatafl,4,b_per,1.7
1773402899,kamailio,chatafl,4,b_abs,9377
1773403071,kamailio,chatafl,4,l_per,6.9
1773403071,kamailio,chatafl,4,l_abs,16262
1773403071,kamailio,chatafl,4,b_per,1.7
1773403071,kamailio,chatafl,4,b_abs,9428
1773403304,kamailio,chatafl,4,l_per,6.9
1773403304,kamailio,chatafl,4,l_abs,16279
1773403304,kamailio,chatafl,4,b_per,1.7
1773403304,kamailio,chatafl,4,b_abs,9447
1773403492,kamailio,chatafl,4,l_per,6.9
1773403492,kamailio,chatafl,4,l_abs,16290
1773403492,kamailio,chatafl,4,b_per,1.7
1773403492,kamailio,chatafl,4,b_abs,9487
1773403711,kamailio,chatafl,4,l_per,6.9
1773403711,kamailio,chatafl,4,l_abs,16364
1773403711,kamailio,chatafl,4,b_per,1.7
1773403711,kamailio,chatafl,4,b_abs,9574
1773403991,kamailio,chatafl,4,l_per,6.9
1773403991,kamailio,chatafl,4,l_abs,16370
1773403991,kamailio,chatafl,4,b_per,1.7
1773403991,kamailio,chatafl,4,b_abs,9581
1773404283,kamailio,chatafl,4,l_per,6.9
1773404283,kamailio,chatafl,4,l_abs,16393
1773404283,kamailio,chatafl,4,b_per,1.7
1773404283,kamailio,chatafl,4,b_abs,9621
1773404550,kamailio,chatafl,4,l_per,6.9
1773404550,kamailio,chatafl,4,l_abs,16393
1773404550,kamailio,chatafl,4,b_per,1.7
1773404550,kamailio,chatafl,4,b_abs,9621
1773404862,kamailio,chatafl,4,l_per,6.9
1773404862,kamailio,chatafl,4,l_abs,16395
1773404862,kamailio,chatafl,4,b_per,1.7
1773404862,kamailio,chatafl,4,b_abs,9627
1773405125,kamailio,chatafl,4,l_per,6.9
1773405125,kamailio,chatafl,4,l_abs,16395
1773405125,kamailio,chatafl,4,b_per,1.7
1773405125,kamailio,chatafl,4,b_abs,9627
1773405436,kamailio,chatafl,4,l_per,6.9
1773405436,kamailio,chatafl,4,l_abs,16395
1773405436,kamailio,chatafl,4,b_per,1.7
1773405436,kamailio,chatafl,4,b_abs,9627
1773405816,kamailio,chatafl,4,l_per,6.9
1773405816,kamailio,chatafl,4,l_abs,16395
1773405816,kamailio,chatafl,4,b_per,1.7
1773405816,kamailio,chatafl,4,b_abs,9627
1773406133,kamailio,chatafl,4,l_per,6.9
1773406133,kamailio,chatafl,4,l_abs,16395
1773406133,kamailio,chatafl,4,b_per,1.7
1773406133,kamailio,chatafl,4,b_abs,9627
1773406507,kamailio,chatafl,4,l_per,6.9
1773406507,kamailio,chatafl,4,l_abs,16456
1773406507,kamailio,chatafl,4,b_per,1.7
1773406507,kamailio,chatafl,4,b_abs,9675
1773406912,kamailio,chatafl,4,l_per,6.9
1773406912,kamailio,chatafl,4,l_abs,16456
1773406912,kamailio,chatafl,4,b_per,1.7
1773406912,kamailio,chatafl,4,b_abs,9675
1773407215,kamailio,chatafl,4,l_per,6.9
1773407215,kamailio,chatafl,4,l_abs,16456
1773407215,kamailio,chatafl,4,b_per,1.7
1773407215,kamailio,chatafl,4,b_abs,9675
1773407659,kamailio,chatafl,4,l_per,6.9
1773407659,kamailio,chatafl,4,l_abs,16456
1773407659,kamailio,chatafl,4,b_per,1.7
1773407659,kamailio,chatafl,4,b_abs,9675
1773408017,kamailio,chatafl,4,l_per,6.9
1773408017,kamailio,chatafl,4,l_abs,16456
1773408017,kamailio,chatafl,4,b_per,1.7
1773408017,kamailio,chatafl,4,b_abs,9679
1773408410,kamailio,chatafl,4,l_per,6.9
1773408410,kamailio,chatafl,4,l_abs,16456
1773408410,kamailio,chatafl,4,b_per,1.7
1773408410,kamailio,chatafl,4,b_abs,9679
1773408930,kamailio,chatafl,4,l_per,6.9
1773408930,kamailio,chatafl,4,l_abs,16456
1773408930,kamailio,chatafl,4,b_per,1.7
1773408930,kamailio,chatafl,4,b_abs,9679
1773409616,kamailio,chatafl,4,l_per,6.9
1773409616,kamailio,chatafl,4,l_abs,16456
1773409616,kamailio,chatafl,4,b_per,1.7
1773409616,kamailio,chatafl,4,b_abs,9679
1773410000,kamailio,chatafl,4,l_per,6.9
1773410000,kamailio,chatafl,4,l_abs,16456
1773410000,kamailio,chatafl,4,b_per,1.7
1773410000,kamailio,chatafl,4,b_abs,9683
1773410518,kamailio,chatafl,4,l_per,6.9
1773410518,kamailio,chatafl,4,l_abs,16456
1773410518,kamailio,chatafl,4,b_per,1.7
1773410518,kamailio,chatafl,4,b_abs,9684
1773411202,kamailio,chatafl,4,l_per,6.9
1773411202,kamailio,chatafl,4,l_abs,16456
1773411202,kamailio,chatafl,4,b_per,1.7
1773411202,kamailio,chatafl,4,b_abs,9686
1773411971,kamailio,chatafl,4,l_per,6.9
1773411971,kamailio,chatafl,4,l_abs,16456
1773411971,kamailio,chatafl,4,b_per,1.7
1773411971,kamailio,chatafl,4,b_abs,9686
1773412506,kamailio,chatafl,4,l_per,6.9
1773412506,kamailio,chatafl,4,l_abs,16460
1773412506,kamailio,chatafl,4,b_per,1.7
1773412506,kamailio,chatafl,4,b_abs,9688
1773413106,kamailio,chatafl,4,l_per,6.9
1773413106,kamailio,chatafl,4,l_abs,16460
1773413106,kamailio,chatafl,4,b_per,1.7
1773413106,kamailio,chatafl,4,b_abs,9688
1773413642,kamailio,chatafl,4,l_per,6.9
1773413642,kamailio,chatafl,4,l_abs,16460
1773413642,kamailio,chatafl,4,b_per,1.7
1773413642,kamailio,chatafl,4,b_abs,9690
1773414264,kamailio,chatafl,4,l_per,6.9
1773414264,kamailio,chatafl,4,l_abs,16460
1773414264,kamailio,chatafl,4,b_per,1.7
1773414264,kamailio,chatafl,4,b_abs,9690
1773415016,kamailio,chatafl,4,l_per,6.9
1773415016,kamailio,chatafl,4,l_abs,16460
1773415016,kamailio,chatafl,4,b_per,1.7
1773415016,kamailio,chatafl,4,b_abs,9690
1773415454,kamailio,chatafl,4,l_per,6.9
1773415454,kamailio,chatafl,4,l_abs,16460
1773415454,kamailio,chatafl,4,b_per,1.7
1773415454,kamailio,chatafl,4,b_abs,9690
1773416047,kamailio,chatafl,4,l_per,6.9
1773416047,kamailio,chatafl,4,l_abs,16460
1773416047,kamailio,chatafl,4,b_per,1.7
1773416047,kamailio,chatafl,4,b_abs,9693
1773416863,kamailio,chatafl,4,l_per,6.9
1773416863,kamailio,chatafl,4,l_abs,16462
1773416863,kamailio,chatafl,4,b_per,1.7
1773416863,kamailio,chatafl,4,b_abs,9696
1773417772,kamailio,chatafl,4,l_per,6.9
1773417772,kamailio,chatafl,4,l_abs,16462
1773417772,kamailio,chatafl,4,b_per,1.7
1773417772,kamailio,chatafl,4,b_abs,9696
1773418489,kamailio,chatafl,4,l_per,6.9
1773418489,kamailio,chatafl,4,l_abs,16466
1773418489,kamailio,chatafl,4,b_per,1.7
1773418489,kamailio,chatafl,4,b_abs,9699
1773419439,kamailio,chatafl,4,l_per,6.9
1773419439,kamailio,chatafl,4,l_abs,16467
1773419439,kamailio,chatafl,4,b_per,1.7
1773419439,kamailio,chatafl,4,b_abs,9700
1773420319,kamailio,chatafl,4,l_per,7.0
1773420319,kamailio,chatafl,4,l_abs,16471
1773420319,kamailio,chatafl,4,b_per,1.7
1773420319,kamailio,chatafl,4,b_abs,9712
1773421196,kamailio,chatafl,4,l_per,7.0
1773421196,kamailio,chatafl,4,l_abs,16471
1773421196,kamailio,chatafl,4,b_per,1.7
1773421196,kamailio,chatafl,4,b_abs,9712
1773421912,kamailio,chatafl,4,l_per,7.0
1773421912,kamailio,chatafl,4,l_abs,16471
1773421912,kamailio,chatafl,4,b_per,1.7
1773421912,kamailio,chatafl,4,b_abs,9712
1773422979,kamailio,chatafl,4,l_per,7.0
1773422979,kamailio,chatafl,4,l_abs,16511
1773422979,kamailio,chatafl,4,b_per,1.7
1773422979,kamailio,chatafl,4,b_abs,9745
1773423958,kamailio,chatafl,4,l_per,7.0
1773423958,kamailio,chatafl,4,l_abs,16511
1773423958,kamailio,chatafl,4,b_per,1.7
1773423958,kamailio,chatafl,4,b_abs,9745
1773425125,kamailio,chatafl,4,l_per,7.0
1773425125,kamailio,chatafl,4,l_abs,16511
1773425125,kamailio,chatafl,4,b_per,1.7
1773425125,kamailio,chatafl,4,b_abs,9745
1773426380,kamailio,chatafl,4,l_per,7.0
1773426380,kamailio,chatafl,4,l_abs,16515
1773426380,kamailio,chatafl,4,b_per,1.7
1773426380,kamailio,chatafl,4,b_abs,9746
1773427558,kamailio,chatafl,4,l_per,7.0
1773427558,kamailio,chatafl,4,l_abs,16515
1773427558,kamailio,chatafl,4,b_per,1.7
1773427558,kamailio,chatafl,4,b_abs,9746
1773428898,kamailio,chatafl,4,l_per,7.0
1773428898,kamailio,chatafl,4,l_abs,16515
1773428898,kamailio,chatafl,4,b_per,1.7
1773428898,kamailio,chatafl,4,b_abs,9747
1773430193,kamailio,chatafl,4,l_per,7.0
1773430193,kamailio,chatafl,4,l_abs,16515
1773430193,kamailio,chatafl,4,b_per,1.7
1773430193,kamailio,chatafl,4,b_abs,9747
1773431584,kamailio,chatafl,4,l_per,7.0
1773431584,kamailio,chatafl,4,l_abs,16520
1773431584,kamailio,chatafl,4,b_per,1.7
1773431584,kamailio,chatafl,4,b_abs,9750
1773432928,kamailio,chatafl,4,l_per,7.0
1773432928,kamailio,chatafl,4,l_abs,16584
1773432928,kamailio,chatafl,4,b_per,1.7
1773432928,kamailio,chatafl,4,b_abs,9818
1773435427,kamailio,chatafl,4,l_per,7.0
1773435427,kamailio,chatafl,4,l_abs,16584
1773435427,kamailio,chatafl,4,b_per,1.7
1773435427,kamailio,chatafl,4,b_abs,9818
1773437093,kamailio,chatafl,4,l_per,7.0
1773437093,kamailio,chatafl,4,l_abs,16586
1773437093,kamailio,chatafl,4,b_per,1.7
1773437093,kamailio,chatafl,4,b_abs,9819
1773438557,kamailio,chatafl,4,l_per,7.0
1773438557,kamailio,chatafl,4,l_abs,16594
1773438557,kamailio,chatafl,4,b_per,1.7
1773438557,kamailio,chatafl,4,b_abs,9822
1773439961,kamailio,chatafl,4,l_per,7.0
1773439961,kamailio,chatafl,4,l_abs,16594
1773439961,kamailio,chatafl,4,b_per,1.7
1773439961,kamailio,chatafl,4,b_abs,9822
1773441507,kamailio,chatafl,4,l_per,7.0
1773441507,kamailio,chatafl,4,l_abs,16596
1773441507,kamailio,chatafl,4,b_per,1.7
1773441507,kamailio,chatafl,4,b_abs,9823
1773443010,kamailio,chatafl,4,l_per,7.0
1773443010,kamailio,chatafl,4,l_abs,16598
1773443010,kamailio,chatafl,4,b_per,1.7
1773443010,kamailio,chatafl,4,b_abs,9829
1773444094,kamailio,chatafl,4,l_per,7.0
1773444094,kamailio,chatafl,4,l_abs,16598
1773444094,kamailio,chatafl,4,b_per,1.7
1773444094,kamailio,chatafl,4,b_abs,9831
1773444804,kamailio,chatafl,4,l_per,7.0
1773444804,kamailio,chatafl,4,l_abs,16598
1773444804,kamailio,chatafl,4,b_per,1.7
1773444804,kamailio,chatafl,4,b_abs,9831
1773445830,kamailio,chatafl,4,l_per,7.0
1773445830,kamailio,chatafl,4,l_abs,16599
1773445830,kamailio,chatafl,4,b_per,1.7
1773445830,kamailio,chatafl,4,b_abs,9833
1773447402,kamailio,chatafl,4,l_per,7.0
1773447402,kamailio,chatafl,4,l_abs,16599
1773447402,kamailio,chatafl,4,b_per,1.7
1773447402,kamailio,chatafl,4,b_abs,9837
1773449412,kamailio,chatafl,4,l_per,7.0
1773449412,kamailio,chatafl,4,l_abs,16600
1773449412,kamailio,chatafl,4,b_per,1.7
1773449412,kamailio,chatafl,4,b_abs,9838
1773450946,kamailio,chatafl,4,l_per,7.0
1773450946,kamailio,chatafl,4,l_abs,16600
1773450946,kamailio,chatafl,4,b_per,1.7
1773450946,kamailio,chatafl,4,b_abs,9840
1773452749,kamailio,chatafl,4,l_per,7.0
1773452749,kamailio,chatafl,4,l_abs,16605
1773452749,kamailio,chatafl,4,b_per,1.7
1773452749,kamailio,chatafl,4,b_abs,9847
1773454327,kamailio,chatafl,4,l_per,7.0
1773454327,kamailio,chatafl,4,l_abs,16610
1773454327,kamailio,chatafl,4,b_per,1.7
1773454327,kamailio,chatafl,4,b_abs,9848
1773456235,kamailio,chatafl,4,l_per,7.0
1773456235,kamailio,chatafl,4,l_abs,16610
1773456235,kamailio,chatafl,4,b_per,1.7
1773456235,kamailio,chatafl,4,b_abs,9848
1773458129,kamailio,chatafl,4,l_per,7.0
1773458129,kamailio,chatafl,4,l_abs,16613
1773458129,kamailio,chatafl,4,b_per,1.7
1773458129,kamailio,chatafl,4,b_abs,9850
1773459417,kamailio,chatafl,4,l_per,7.0
1773459417,kamailio,chatafl,4,l_abs,16613
1773459417,kamailio,chatafl,4,b_per,1.7
1773459417,kamailio,chatafl,4,b_abs,9850
1773461323,kamailio,chatafl,4,l_per,7.0
1773461323,kamailio,chatafl,4,l_abs,16614
1773461323,kamailio,chatafl,4,b_per,1.7
1773461323,kamailio,chatafl,4,b_abs,9851
1773463745,kamailio,chatafl,4,l_per,7.0
1773463745,kamailio,chatafl,4,l_abs,16614
1773463745,kamailio,chatafl,4,b_per,1.7
1773463745,kamailio,chatafl,4,b_abs,9851
1773465623,kamailio,chatafl,4,l_per,7.0
1773465623,kamailio,chatafl,4,l_abs,16614
1773465623,kamailio,chatafl,4,b_per,1.7
1773465623,kamailio,chatafl,4,b_abs,9855
1773468533,kamailio,chatafl,4,l_per,7.0
1773468533,kamailio,chatafl,4,l_abs,16614
1773468533,kamailio,chatafl,4,b_per,1.7
1773468533,kamailio,chatafl,4,b_abs,9855
1773471080,kamailio,chatafl,4,l_per,7.0
1773471080,kamailio,chatafl,4,l_abs,16619
1773471080,kamailio,chatafl,4,b_per,1.7
1773471080,kamailio,chatafl,4,b_abs,9856
1773473409,kamailio,chatafl,4,l_per,7.0
1773473409,kamailio,chatafl,4,l_abs,16619
1773473409,kamailio,chatafl,4,b_per,1.7
1773473409,kamailio,chatafl,4,b_abs,9856
1773474921,kamailio,chatafl,4,l_per,7.0
1773474921,kamailio,chatafl,4,l_abs,16619
1773474921,kamailio,chatafl,4,b_per,1.7
1773474921,kamailio,chatafl,4,b_abs,9856
1773476904,kamailio,chatafl,4,l_per,7.0
1773476904,kamailio,chatafl,4,l_abs,16623
1773476904,kamailio,chatafl,4,b_per,1.7
1773476904,kamailio,chatafl,4,b_abs,9859
1773479339,kamailio,chatafl,4,l_per,7.0
1773479339,kamailio,chatafl,4,l_abs,16626
1773479339,kamailio,chatafl,4,b_per,1.7
1773479339,kamailio,chatafl,4,b_abs,9865
1773481478,kamailio,chatafl,4,l_per,7.0
1773481478,kamailio,chatafl,4,l_abs,16641
1773481478,kamailio,chatafl,4,b_per,1.7
1773481478,kamailio,chatafl,4,b_abs,9883
1773483420,kamailio,chatafl,4,l_per,7.0
1773483420,kamailio,chatafl,4,l_abs,16670
1773483420,kamailio,chatafl,4,b_per,1.7
1773483420,kamailio,chatafl,4,b_abs,9910
1773485248,kamailio,chatafl,4,l_per,7.0
1773485248,kamailio,chatafl,4,l_abs,16670
1773485248,kamailio,chatafl,4,b_per,1.7
1773485248,kamailio,chatafl,4,b_abs,9910
1773486673,kamailio,chatafl,4,l_per,7.0
1773486673,kamailio,chatafl,4,l_abs,16673
1773486673,kamailio,chatafl,4,b_per,1.7
1773486673,kamailio,chatafl,4,b_abs,9914
1773399730,kamailio,chatafl,5,l_per,4.2
1773399730,kamailio,chatafl,5,l_abs,10014
1773399730,kamailio,chatafl,5,b_per,0.8
1773399730,kamailio,chatafl,5,b_abs,4638
1773399732,kamailio,chatafl,5,l_per,5.2
1773399732,kamailio,chatafl,5,l_abs,12379
1773399732,kamailio,chatafl,5,b_per,1.1
1773399732,kamailio,chatafl,5,b_abs,6013
1773399733,kamailio,chatafl,5,l_per,5.3
1773399733,kamailio,chatafl,5,l_abs,12598
1773399733,kamailio,chatafl,5,b_per,1.1
1773399733,kamailio,chatafl,5,b_abs,6156
1773399735,kamailio,chatafl,5,l_per,5.3
1773399735,kamailio,chatafl,5,l_abs,12598
1773399735,kamailio,chatafl,5,b_per,1.1
1773399735,kamailio,chatafl,5,b_abs,6157
1773399737,kamailio,chatafl,5,l_per,5.3
1773399737,kamailio,chatafl,5,l_abs,12598
1773399737,kamailio,chatafl,5,b_per,1.1
1773399737,kamailio,chatafl,5,b_abs,6157
1773399744,kamailio,chatafl,5,l_per,5.3
1773399744,kamailio,chatafl,5,l_abs,12600
1773399744,kamailio,chatafl,5,b_per,1.1
1773399744,kamailio,chatafl,5,b_abs,6158
1773399746,kamailio,chatafl,5,l_per,5.5
1773399746,kamailio,chatafl,5,l_abs,12936
1773399746,kamailio,chatafl,5,b_per,1.1
1773399746,kamailio,chatafl,5,b_abs,6365
1773399748,kamailio,chatafl,5,l_per,5.6
1773399748,kamailio,chatafl,5,l_abs,13189
1773399748,kamailio,chatafl,5,b_per,1.1
1773399748,kamailio,chatafl,5,b_abs,6482
1773399749,kamailio,chatafl,5,l_per,5.6
1773399749,kamailio,chatafl,5,l_abs,13189
1773399749,kamailio,chatafl,5,b_per,1.1
1773399749,kamailio,chatafl,5,b_abs,6482
1773399751,kamailio,chatafl,5,l_per,5.6
1773399751,kamailio,chatafl,5,l_abs,13194
1773399751,kamailio,chatafl,5,b_per,1.1
1773399751,kamailio,chatafl,5,b_abs,6485
1773399752,kamailio,chatafl,5,l_per,5.6
1773399752,kamailio,chatafl,5,l_abs,13194
1773399752,kamailio,chatafl,5,b_per,1.1
1773399752,kamailio,chatafl,5,b_abs,6485
1773399754,kamailio,chatafl,5,l_per,5.6
1773399754,kamailio,chatafl,5,l_abs,13194
1773399754,kamailio,chatafl,5,b_per,1.1
1773399754,kamailio,chatafl,5,b_abs,6485
1773399755,kamailio,chatafl,5,l_per,5.6
1773399755,kamailio,chatafl,5,l_abs,13220
1773399755,kamailio,chatafl,5,b_per,1.1
1773399755,kamailio,chatafl,5,b_abs,6512
1773399757,kamailio,chatafl,5,l_per,5.6
1773399757,kamailio,chatafl,5,l_abs,13220
1773399757,kamailio,chatafl,5,b_per,1.1
1773399757,kamailio,chatafl,5,b_abs,6512
1773399759,kamailio,chatafl,5,l_per,5.6
1773399759,kamailio,chatafl,5,l_abs,13227
1773399759,kamailio,chatafl,5,b_per,1.2
1773399759,kamailio,chatafl,5,b_abs,6533
1773399760,kamailio,chatafl,5,l_per,5.6
1773399760,kamailio,chatafl,5,l_abs,13228
1773399760,kamailio,chatafl,5,b_per,1.2
1773399760,kamailio,chatafl,5,b_abs,6536
1773399768,kamailio,chatafl,5,l_per,5.6
1773399768,kamailio,chatafl,5,l_abs,13228
1773399768,kamailio,chatafl,5,b_per,1.2
1773399768,kamailio,chatafl,5,b_abs,6536
1773399769,kamailio,chatafl,5,l_per,5.6
1773399769,kamailio,chatafl,5,l_abs,13228
1773399769,kamailio,chatafl,5,b_per,1.2
1773399769,kamailio,chatafl,5,b_abs,6537
1773399771,kamailio,chatafl,5,l_per,5.6
1773399771,kamailio,chatafl,5,l_abs,13228
1773399771,kamailio,chatafl,5,b_per,1.2
1773399771,kamailio,chatafl,5,b_abs,6537
1773399773,kamailio,chatafl,5,l_per,5.6
1773399773,kamailio,chatafl,5,l_abs,13228
1773399773,kamailio,chatafl,5,b_per,1.2
1773399773,kamailio,chatafl,5,b_abs,6537
1773399774,kamailio,chatafl,5,l_per,5.6
1773399774,kamailio,chatafl,5,l_abs,13228
1773399774,kamailio,chatafl,5,b_per,1.2
1773399774,kamailio,chatafl,5,b_abs,6537
1773399782,kamailio,chatafl,5,l_per,5.6
1773399782,kamailio,chatafl,5,l_abs,13228
1773399782,kamailio,chatafl,5,b_per,1.2
1773399782,kamailio,chatafl,5,b_abs,6537
1773399784,kamailio,chatafl,5,l_per,5.6
1773399784,kamailio,chatafl,5,l_abs,13235
1773399784,kamailio,chatafl,5,b_per,1.2
1773399784,kamailio,chatafl,5,b_abs,6544
1773399786,kamailio,chatafl,5,l_per,5.6
1773399786,kamailio,chatafl,5,l_abs,13235
1773399786,kamailio,chatafl,5,b_per,1.2
1773399786,kamailio,chatafl,5,b_abs,6544
1773399787,kamailio,chatafl,5,l_per,5.6
1773399787,kamailio,chatafl,5,l_abs,13235
1773399787,kamailio,chatafl,5,b_per,1.2
1773399787,kamailio,chatafl,5,b_abs,6544
1773399789,kamailio,chatafl,5,l_per,5.6
1773399789,kamailio,chatafl,5,l_abs,13235
1773399789,kamailio,chatafl,5,b_per,1.2
1773399789,kamailio,chatafl,5,b_abs,6546
1773399790,kamailio,chatafl,5,l_per,5.6
1773399790,kamailio,chatafl,5,l_abs,13287
1773399790,kamailio,chatafl,5,b_per,1.2
1773399790,kamailio,chatafl,5,b_abs,6576
1773399792,kamailio,chatafl,5,l_per,5.6
1773399792,kamailio,chatafl,5,l_abs,13287
1773399792,kamailio,chatafl,5,b_per,1.2
1773399792,kamailio,chatafl,5,b_abs,6576
1773399793,kamailio,chatafl,5,l_per,5.6
1773399793,kamailio,chatafl,5,l_abs,13287
1773399793,kamailio,chatafl,5,b_per,1.2
1773399793,kamailio,chatafl,5,b_abs,6576
1773399795,kamailio,chatafl,5,l_per,5.6
1773399795,kamailio,chatafl,5,l_abs,13287
1773399795,kamailio,chatafl,5,b_per,1.2
1773399795,kamailio,chatafl,5,b_abs,6577
1773399797,kamailio,chatafl,5,l_per,5.6
1773399797,kamailio,chatafl,5,l_abs,13287
1773399797,kamailio,chatafl,5,b_per,1.2
1773399797,kamailio,chatafl,5,b_abs,6577
1773399798,kamailio,chatafl,5,l_per,5.6
1773399798,kamailio,chatafl,5,l_abs,13290
1773399798,kamailio,chatafl,5,b_per,1.2
1773399798,kamailio,chatafl,5,b_abs,6578
1773399800,kamailio,chatafl,5,l_per,5.6
1773399800,kamailio,chatafl,5,l_abs,13290
1773399800,kamailio,chatafl,5,b_per,1.2
1773399800,kamailio,chatafl,5,b_abs,6578
1773399801,kamailio,chatafl,5,l_per,5.6
1773399801,kamailio,chatafl,5,l_abs,13290
1773399801,kamailio,chatafl,5,b_per,1.2
1773399801,kamailio,chatafl,5,b_abs,6578
1773399803,kamailio,chatafl,5,l_per,5.6
1773399803,kamailio,chatafl,5,l_abs,13290
1773399803,kamailio,chatafl,5,b_per,1.2
1773399803,kamailio,chatafl,5,b_abs,6578
1773399804,kamailio,chatafl,5,l_per,5.6
1773399804,kamailio,chatafl,5,l_abs,13290
1773399804,kamailio,chatafl,5,b_per,1.2
1773399804,kamailio,chatafl,5,b_abs,6578
1773399816,kamailio,chatafl,5,l_per,5.6
1773399816,kamailio,chatafl,5,l_abs,13384
1773399816,kamailio,chatafl,5,b_per,1.2
1773399816,kamailio,chatafl,5,b_abs,6645
1773400043,kamailio,chatafl,5,l_per,5.7
1773400043,kamailio,chatafl,5,l_abs,13555
1773400043,kamailio,chatafl,5,b_per,1.2
1773400043,kamailio,chatafl,5,b_abs,6874
1773400125,kamailio,chatafl,5,l_per,5.8
1773400125,kamailio,chatafl,5,l_abs,13745
1773400125,kamailio,chatafl,5,b_per,1.3
1773400125,kamailio,chatafl,5,b_abs,7135
1773400216,kamailio,chatafl,5,l_per,5.9
1773400216,kamailio,chatafl,5,l_abs,14005
1773400216,kamailio,chatafl,5,b_per,1.3
1773400216,kamailio,chatafl,5,b_abs,7382
1773400312,kamailio,chatafl,5,l_per,6.2
1773400312,kamailio,chatafl,5,l_abs,14660
1773400312,kamailio,chatafl,5,b_per,1.4
1773400312,kamailio,chatafl,5,b_abs,7867
1773400410,kamailio,chatafl,5,l_per,6.3
1773400410,kamailio,chatafl,5,l_abs,14983
1773400410,kamailio,chatafl,5,b_per,1.4
1773400410,kamailio,chatafl,5,b_abs,8196
1773400527,kamailio,chatafl,5,l_per,6.4
1773400527,kamailio,chatafl,5,l_abs,15129
1773400527,kamailio,chatafl,5,b_per,1.5
1773400527,kamailio,chatafl,5,b_abs,8320
1773400642,kamailio,chatafl,5,l_per,6.4
1773400642,kamailio,chatafl,5,l_abs,15190
1773400642,kamailio,chatafl,5,b_per,1.5
1773400642,kamailio,chatafl,5,b_abs,8380
1773400754,kamailio,chatafl,5,l_per,6.5
1773400754,kamailio,chatafl,5,l_abs,15302
1773400754,kamailio,chatafl,5,b_per,1.5
1773400754,kamailio,chatafl,5,b_abs,8499
1773400861,kamailio,chatafl,5,l_per,6.5
1773400861,kamailio,chatafl,5,l_abs,15378
1773400861,kamailio,chatafl,5,b_per,1.5
1773400861,kamailio,chatafl,5,b_abs,8574
1773400983,kamailio,chatafl,5,l_per,6.5
1773400983,kamailio,chatafl,5,l_abs,15437
1773400983,kamailio,chatafl,5,b_per,1.5
1773400983,kamailio,chatafl,5,b_abs,8626
1773401144,kamailio,chatafl,5,l_per,6.5
1773401144,kamailio,chatafl,5,l_abs,15500
1773401144,kamailio,chatafl,5,b_per,1.5
1773401144,kamailio,chatafl,5,b_abs,8669
1773401274,kamailio,chatafl,5,l_per,6.6
1773401274,kamailio,chatafl,5,l_abs,15616
1773401274,kamailio,chatafl,5,b_per,1.5
1773401274,kamailio,chatafl,5,b_abs,8784
1773401436,kamailio,chatafl,5,l_per,6.6
1773401436,kamailio,chatafl,5,l_abs,15692
1773401436,kamailio,chatafl,5,b_per,1.6
1773401436,kamailio,chatafl,5,b_abs,8884
1773401631,kamailio,chatafl,5,l_per,6.6
1773401631,kamailio,chatafl,5,l_abs,15720
1773401631,kamailio,chatafl,5,b_per,1.6
1773401631,kamailio,chatafl,5,b_abs,8934
1773401820,kamailio,chatafl,5,l_per,6.7
1773401820,kamailio,chatafl,5,l_abs,15807
1773401820,kamailio,chatafl,5,b_per,1.6
1773401820,kamailio,chatafl,5,b_abs,9010
1773402001,kamailio,chatafl,5,l_per,6.7
1773402001,kamailio,chatafl,5,l_abs,15872
1773402001,kamailio,chatafl,5,b_per,1.6
1773402001,kamailio,chatafl,5,b_abs,9097
1773402206,kamailio,chatafl,5,l_per,6.7
1773402206,kamailio,chatafl,5,l_abs,15899
1773402206,kamailio,chatafl,5,b_per,1.6
1773402206,kamailio,chatafl,5,b_abs,9144
1773402379,kamailio,chatafl,5,l_per,6.7
1773402379,kamailio,chatafl,5,l_abs,15957
1773402379,kamailio,chatafl,5,b_per,1.6
1773402379,kamailio,chatafl,5,b_abs,9231
1773402537,kamailio,chatafl,5,l_per,6.7
1773402537,kamailio,chatafl,5,l_abs,15977
1773402537,kamailio,chatafl,5,b_per,1.6
1773402537,kamailio,chatafl,5,b_abs,9266
1773402795,kamailio,chatafl,5,l_per,6.8
1773402795,kamailio,chatafl,5,l_abs,15998
1773402795,kamailio,chatafl,5,b_per,1.6
1773402795,kamailio,chatafl,5,b_abs,9275
1773402998,kamailio,chatafl,5,l_per,6.8
1773402998,kamailio,chatafl,5,l_abs,16033
1773402998,kamailio,chatafl,5,b_per,1.6
1773402998,kamailio,chatafl,5,b_abs,9318
1773403200,kamailio,chatafl,5,l_per,6.8
1773403200,kamailio,chatafl,5,l_abs,16036
1773403200,kamailio,chatafl,5,b_per,1.6
1773403200,kamailio,chatafl,5,b_abs,9325
1773403416,kamailio,chatafl,5,l_per,6.8
1773403416,kamailio,chatafl,5,l_abs,16046
1773403416,kamailio,chatafl,5,b_per,1.6
1773403416,kamailio,chatafl,5,b_abs,9345
1773403652,kamailio,chatafl,5,l_per,6.8
1773403652,kamailio,chatafl,5,l_abs,16065
1773403652,kamailio,chatafl,5,b_per,1.7
1773403652,kamailio,chatafl,5,b_abs,9373
1773403937,kamailio,chatafl,5,l_per,6.8
1773403937,kamailio,chatafl,5,l_abs,16089
1773403937,kamailio,chatafl,5,b_per,1.7
1773403937,kamailio,chatafl,5,b_abs,9401
1773404158,kamailio,chatafl,5,l_per,6.8
1773404158,kamailio,chatafl,5,l_abs,16098
1773404158,kamailio,chatafl,5,b_per,1.7
1773404158,kamailio,chatafl,5,b_abs,9408
1773404460,kamailio,chatafl,5,l_per,6.8
1773404460,kamailio,chatafl,5,l_abs,16189
1773404460,kamailio,chatafl,5,b_per,1.7
1773404460,kamailio,chatafl,5,b_abs,9479
1773404705,kamailio,chatafl,5,l_per,6.8
1773404705,kamailio,chatafl,5,l_abs,16197
1773404705,kamailio,chatafl,5,b_per,1.7
1773404705,kamailio,chatafl,5,b_abs,9499
1773404999,kamailio,chatafl,5,l_per,6.8
1773404999,kamailio,chatafl,5,l_abs,16201
1773404999,kamailio,chatafl,5,b_per,1.7
1773404999,kamailio,chatafl,5,b_abs,9503
1773405282,kamailio,chatafl,5,l_per,6.8
1773405282,kamailio,chatafl,5,l_abs,16201
1773405282,kamailio,chatafl,5,b_per,1.7
1773405282,kamailio,chatafl,5,b_abs,9504
1773405639,kamailio,chatafl,5,l_per,6.8
1773405639,kamailio,chatafl,5,l_abs,16201
1773405639,kamailio,chatafl,5,b_per,1.7
1773405639,kamailio,chatafl,5,b_abs,9504
1773406002,kamailio,chatafl,5,l_per,6.8
1773406002,kamailio,chatafl,5,l_abs,16201
1773406002,kamailio,chatafl,5,b_per,1.7
1773406002,kamailio,chatafl,5,b_abs,9504
1773406417,kamailio,chatafl,5,l_per,6.8
1773406417,kamailio,chatafl,5,l_abs,16205
1773406417,kamailio,chatafl,5,b_per,1.7
1773406417,kamailio,chatafl,5,b_abs,9514
1773406699,kamailio,chatafl,5,l_per,6.8
1773406699,kamailio,chatafl,5,l_abs,16205
1773406699,kamailio,chatafl,5,b_per,1.7
1773406699,kamailio,chatafl,5,b_abs,9514
1773406982,kamailio,chatafl,5,l_per,6.8
1773406982,kamailio,chatafl,5,l_abs,16205
1773406982,kamailio,chatafl,5,b_per,1.7
1773406982,kamailio,chatafl,5,b_abs,9514
1773407317,kamailio,chatafl,5,l_per,6.8
1773407317,kamailio,chatafl,5,l_abs,16205
1773407317,kamailio,chatafl,5,b_per,1.7
1773407317,kamailio,chatafl,5,b_abs,9514
1773407714,kamailio,chatafl,5,l_per,6.8
1773407714,kamailio,chatafl,5,l_abs,16205
1773407714,kamailio,chatafl,5,b_per,1.7
1773407714,kamailio,chatafl,5,b_abs,9514
1773408114,kamailio,chatafl,5,l_per,6.8
1773408114,kamailio,chatafl,5,l_abs,16205
1773408114,kamailio,chatafl,5,b_per,1.7
1773408114,kamailio,chatafl,5,b_abs,9514
1773408490,kamailio,chatafl,5,l_per,6.8
1773408490,kamailio,chatafl,5,l_abs,16207
1773408490,kamailio,chatafl,5,b_per,1.7
1773408490,kamailio,chatafl,5,b_abs,9515
1773408887,kamailio,chatafl,5,l_per,6.8
1773408887,kamailio,chatafl,5,l_abs,16207
1773408887,kamailio,chatafl,5,b_per,1.7
1773408887,kamailio,chatafl,5,b_abs,9516
1773409341,kamailio,chatafl,5,l_per,6.8
1773409341,kamailio,chatafl,5,l_abs,16210
1773409341,kamailio,chatafl,5,b_per,1.7
1773409341,kamailio,chatafl,5,b_abs,9519
1773409837,kamailio,chatafl,5,l_per,6.8
1773409837,kamailio,chatafl,5,l_abs,16210
1773409837,kamailio,chatafl,5,b_per,1.7
1773409837,kamailio,chatafl,5,b_abs,9521
1773410372,kamailio,chatafl,5,l_per,6.8
1773410372,kamailio,chatafl,5,l_abs,16210
1773410372,kamailio,chatafl,5,b_per,1.7
1773410372,kamailio,chatafl,5,b_abs,9523
1773410937,kamailio,chatafl,5,l_per,6.8
1773410937,kamailio,chatafl,5,l_abs,16210
1773410937,kamailio,chatafl,5,b_per,1.7
1773410937,kamailio,chatafl,5,b_abs,9523
1773411572,kamailio,chatafl,5,l_per,6.8
1773411572,kamailio,chatafl,5,l_abs,16210
1773411572,kamailio,chatafl,5,b_per,1.7
1773411572,kamailio,chatafl,5,b_abs,9523
1773412132,kamailio,chatafl,5,l_per,6.8
1773412132,kamailio,chatafl,5,l_abs,16210
1773412132,kamailio,chatafl,5,b_per,1.7
1773412132,kamailio,chatafl,5,b_abs,9523
1773412623,kamailio,chatafl,5,l_per,6.8
1773412623,kamailio,chatafl,5,l_abs,16210
1773412623,kamailio,chatafl,5,b_per,1.7
1773412623,kamailio,chatafl,5,b_abs,9523
1773413217,kamailio,chatafl,5,l_per,6.8
1773413217,kamailio,chatafl,5,l_abs,16210
1773413217,kamailio,chatafl,5,b_per,1.7
1773413217,kamailio,chatafl,5,b_abs,9523
1773413793,kamailio,chatafl,5,l_per,6.8
1773413793,kamailio,chatafl,5,l_abs,16210
1773413793,kamailio,chatafl,5,b_per,1.7
1773413793,kamailio,chatafl,5,b_abs,9523
1773414491,kamailio,chatafl,5,l_per,6.8
1773414491,kamailio,chatafl,5,l_abs,16210
1773414491,kamailio,chatafl,5,b_per,1.7
1773414491,kamailio,chatafl,5,b_abs,9523
1773415095,kamailio,chatafl,5,l_per,6.8
1773415095,kamailio,chatafl,5,l_abs,16210
1773415095,kamailio,chatafl,5,b_per,1.7
1773415095,kamailio,chatafl,5,b_abs,9523
1773415876,kamailio,chatafl,5,l_per,6.8
1773415876,kamailio,chatafl,5,l_abs,16210
1773415876,kamailio,chatafl,5,b_per,1.7
1773415876,kamailio,chatafl,5,b_abs,9523
1773416944,kamailio,chatafl,5,l_per,6.8
1773416944,kamailio,chatafl,5,l_abs,16210
1773416944,kamailio,chatafl,5,b_per,1.7
1773416944,kamailio,chatafl,5,b_abs,9523
1773417998,kamailio,chatafl,5,l_per,6.8
1773417998,kamailio,chatafl,5,l_abs,16210
1773417998,kamailio,chatafl,5,b_per,1.7
1773417998,kamailio,chatafl,5,b_abs,9523
1773418893,kamailio,chatafl,5,l_per,6.8
1773418893,kamailio,chatafl,5,l_abs,16213
1773418893,kamailio,chatafl,5,b_per,1.7
1773418893,kamailio,chatafl,5,b_abs,9533
1773419927,kamailio,chatafl,5,l_per,6.8
1773419927,kamailio,chatafl,5,l_abs,16213
1773419927,kamailio,chatafl,5,b_per,1.7
1773419927,kamailio,chatafl,5,b_abs,9533
1773420918,kamailio,chatafl,5,l_per,6.8
1773420918,kamailio,chatafl,5,l_abs,16215
1773420918,kamailio,chatafl,5,b_per,1.7
1773420918,kamailio,chatafl,5,b_abs,9536
1773421857,kamailio,chatafl,5,l_per,6.8
1773421857,kamailio,chatafl,5,l_abs,16215
1773421857,kamailio,chatafl,5,b_per,1.7
1773421857,kamailio,chatafl,5,b_abs,9536
1773422746,kamailio,chatafl,5,l_per,6.8
1773422746,kamailio,chatafl,5,l_abs,16215
1773422746,kamailio,chatafl,5,b_per,1.7
1773422746,kamailio,chatafl,5,b_abs,9536
1773423764,kamailio,chatafl,5,l_per,6.8
1773423764,kamailio,chatafl,5,l_abs,16215
1773423764,kamailio,chatafl,5,b_per,1.7
1773423764,kamailio,chatafl,5,b_abs,9536
1773424828,kamailio,chatafl,5,l_per,6.8
1773424828,kamailio,chatafl,5,l_abs,16215
1773424828,kamailio,chatafl,5,b_per,1.7
1773424828,kamailio,chatafl,5,b_abs,9536
1773425899,kamailio,chatafl,5,l_per,6.9
1773425899,kamailio,chatafl,5,l_abs,16247
1773425899,kamailio,chatafl,5,b_per,1.7
1773425899,kamailio,chatafl,5,b_abs,9558
1773426749,kamailio,chatafl,5,l_per,6.9
1773426749,kamailio,chatafl,5,l_abs,16247
1773426749,kamailio,chatafl,5,b_per,1.7
1773426749,kamailio,chatafl,5,b_abs,9560
1773427940,kamailio,chatafl,5,l_per,6.9
1773427940,kamailio,chatafl,5,l_abs,16252
1773427940,kamailio,chatafl,5,b_per,1.7
1773427940,kamailio,chatafl,5,b_abs,9563
1773428877,kamailio,chatafl,5,l_per,6.9
1773428877,kamailio,chatafl,5,l_abs,16258
1773428877,kamailio,chatafl,5,b_per,1.7
1773428877,kamailio,chatafl,5,b_abs,9567
1773430247,kamailio,chatafl,5,l_per,6.9
1773430247,kamailio,chatafl,5,l_abs,16258
1773430247,kamailio,chatafl,5,b_per,1.7
1773430247,kamailio,chatafl,5,b_abs,9570
1773431649,kamailio,chatafl,5,l_per,6.9
1773431649,kamailio,chatafl,5,l_abs,16276
1773431649,kamailio,chatafl,5,b_per,1.7
1773431649,kamailio,chatafl,5,b_abs,9588
1773433278,kamailio,chatafl,5,l_per,6.9
1773433278,kamailio,chatafl,5,l_abs,16276
1773433278,kamailio,chatafl,5,b_per,1.7
1773433278,kamailio,chatafl,5,b_abs,9588
1773434657,kamailio,chatafl,5,l_per,6.9
1773434657,kamailio,chatafl,5,l_abs,16276
1773434657,kamailio,chatafl,5,b_per,1.7
1773434657,kamailio,chatafl,5,b_abs,9593
1773436029,kamailio,chatafl,5,l_per,6.9
1773436029,kamailio,chatafl,5,l_abs,16278
1773436029,kamailio,chatafl,5,b_per,1.7
1773436029,kamailio,chatafl,5,b_abs,9594
1773437758,kamailio,chatafl,5,l_per,6.9
1773437758,kamailio,chatafl,5,l_abs,16278
1773437758,kamailio,chatafl,5,b_per,1.7
1773437758,kamailio,chatafl,5,b_abs,9594
1773438752,kamailio,chatafl,5,l_per,6.9
1773438752,kamailio,chatafl,5,l_abs,16278
1773438752,kamailio,chatafl,5,b_per,1.7
1773438752,kamailio,chatafl,5,b_abs,9594
1773440043,kamailio,chatafl,5,l_per,6.9
1773440043,kamailio,chatafl,5,l_abs,16278
1773440043,kamailio,chatafl,5,b_per,1.7
1773440043,kamailio,chatafl,5,b_abs,9594
1773441727,kamailio,chatafl,5,l_per,6.9
1773441727,kamailio,chatafl,5,l_abs,16278
1773441727,kamailio,chatafl,5,b_per,1.7
1773441727,kamailio,chatafl,5,b_abs,9597
1773442938,kamailio,chatafl,5,l_per,6.9
1773442938,kamailio,chatafl,5,l_abs,16278
1773442938,kamailio,chatafl,5,b_per,1.7
1773442938,kamailio,chatafl,5,b_abs,9597
1773443770,kamailio,chatafl,5,l_per,6.9
1773443770,kamailio,chatafl,5,l_abs,16322
1773443770,kamailio,chatafl,5,b_per,1.7
1773443770,kamailio,chatafl,5,b_abs,9646
1773444390,kamailio,chatafl,5,l_per,6.9
1773444390,kamailio,chatafl,5,l_abs,16322
1773444390,kamailio,chatafl,5,b_per,1.7
1773444390,kamailio,chatafl,5,b_abs,9646
1773445020,kamailio,chatafl,5,l_per,6.9
1773445020,kamailio,chatafl,5,l_abs,16327
1773445020,kamailio,chatafl,5,b_per,1.7
1773445020,kamailio,chatafl,5,b_abs,9647
1773446026,kamailio,chatafl,5,l_per,6.9
1773446026,kamailio,chatafl,5,l_abs,16327
1773446026,kamailio,chatafl,5,b_per,1.7
1773446026,kamailio,chatafl,5,b_abs,9647
1773447367,kamailio,chatafl,5,l_per,6.9
1773447367,kamailio,chatafl,5,l_abs,16335
1773447367,kamailio,chatafl,5,b_per,1.7
1773447367,kamailio,chatafl,5,b_abs,9653
1773449523,kamailio,chatafl,5,l_per,6.9
1773449523,kamailio,chatafl,5,l_abs,16335
1773449523,kamailio,chatafl,5,b_per,1.7
1773449523,kamailio,chatafl,5,b_abs,9654
1773451266,kamailio,chatafl,5,l_per,6.9
1773451266,kamailio,chatafl,5,l_abs,16344
1773451266,kamailio,chatafl,5,b_per,1.7
1773451266,kamailio,chatafl,5,b_abs,9658
1773452893,kamailio,chatafl,5,l_per,6.9
1773452893,kamailio,chatafl,5,l_abs,16344
1773452893,kamailio,chatafl,5,b_per,1.7
1773452893,kamailio,chatafl,5,b_abs,9658
1773454943,kamailio,chatafl,5,l_per,6.9
1773454943,kamailio,chatafl,5,l_abs,16349
1773454943,kamailio,chatafl,5,b_per,1.7
1773454943,kamailio,chatafl,5,b_abs,9667
1773457195,kamailio,chatafl,5,l_per,6.9
1773457195,kamailio,chatafl,5,l_abs,16349
1773457195,kamailio,chatafl,5,b_per,1.7
1773457195,kamailio,chatafl,5,b_abs,9667
1773458942,kamailio,chatafl,5,l_per,6.9
1773458942,kamailio,chatafl,5,l_abs,16349
1773458942,kamailio,chatafl,5,b_per,1.7
1773458942,kamailio,chatafl,5,b_abs,9667
1773460915,kamailio,chatafl,5,l_per,6.9
1773460915,kamailio,chatafl,5,l_abs,16355
1773460915,kamailio,chatafl,5,b_per,1.7
1773460915,kamailio,chatafl,5,b_abs,9672
1773463070,kamailio,chatafl,5,l_per,6.9
1773463070,kamailio,chatafl,5,l_abs,16355
1773463070,kamailio,chatafl,5,b_per,1.7
1773463070,kamailio,chatafl,5,b_abs,9672
1773465854,kamailio,chatafl,5,l_per,6.9
1773465854,kamailio,chatafl,5,l_abs,16355
1773465854,kamailio,chatafl,5,b_per,1.7
1773465854,kamailio,chatafl,5,b_abs,9672
1773468493,kamailio,chatafl,5,l_per,6.9
1773468493,kamailio,chatafl,5,l_abs,16355
1773468493,kamailio,chatafl,5,b_per,1.7
1773468493,kamailio,chatafl,5,b_abs,9672
1773470913,kamailio,chatafl,5,l_per,6.9
1773470913,kamailio,chatafl,5,l_abs,16355
1773470913,kamailio,chatafl,5,b_per,1.7
1773470913,kamailio,chatafl,5,b_abs,9674
1773473118,kamailio,chatafl,5,l_per,6.9
1773473118,kamailio,chatafl,5,l_abs,16355
1773473118,kamailio,chatafl,5,b_per,1.7
1773473118,kamailio,chatafl,5,b_abs,9674
1773474741,kamailio,chatafl,5,l_per,6.9
1773474741,kamailio,chatafl,5,l_abs,16357
1773474741,kamailio,chatafl,5,b_per,1.7
1773474741,kamailio,chatafl,5,b_abs,9675
1773476367,kamailio,chatafl,5,l_per,6.9
1773476367,kamailio,chatafl,5,l_abs,16357
1773476367,kamailio,chatafl,5,b_per,1.7
1773476367,kamailio,chatafl,5,b_abs,9675
1773478400,kamailio,chatafl,5,l_per,6.9
1773478400,kamailio,chatafl,5,l_abs,16364
1773478400,kamailio,chatafl,5,b_per,1.7
1773478400,kamailio,chatafl,5,b_abs,9680
1773480044,kamailio,chatafl,5,l_per,6.9
1773480044,kamailio,chatafl,5,l_abs,16364
1773480044,kamailio,chatafl,5,b_per,1.7
1773480044,kamailio,chatafl,5,b_abs,9680
1773482305,kamailio,chatafl,5,l_per,6.9
1773482305,kamailio,chatafl,5,l_abs,16364
1773482305,kamailio,chatafl,5,b_per,1.7
1773482305,kamailio,chatafl,5,b_abs,9680
1773484598,kamailio,chatafl,5,l_per,6.9
1773484598,kamailio,chatafl,5,l_abs,16369
1773484598,kamailio,chatafl,5,b_per,1.7
1773484598,kamailio,chatafl,5,b_abs,9690
1773486536,kamailio,chatafl,5,l_per,6.9
1773486536,kamailio,chatafl,5,l_abs,16375
1773486536,kamailio,chatafl,5,b_per,1.7
1773486536,kamailio,chatafl,5,b_abs,9705
1773486606,kamailio,chatafl,5,l_per,6.9
1773486606,kamailio,chatafl,5,l_abs,16375
1773486606,kamailio,chatafl,5,b_per,1.7
1773486606,kamailio,chatafl,5,b_abs,9705
1773398773,kamailio,chatafl_opt,1,l_per,4.2
1773398773,kamailio,chatafl_opt,1,l_abs,10014
1773398773,kamailio,chatafl_opt,1,b_per,0.8
1773398773,kamailio,chatafl_opt,1,b_abs,4638
1773398775,kamailio,chatafl_opt,1,l_per,5.2
1773398775,kamailio,chatafl_opt,1,l_abs,12424
1773398775,kamailio,chatafl_opt,1,b_per,1.0
1773398775,kamailio,chatafl_opt,1,b_abs,5886
1773398776,kamailio,chatafl_opt,1,l_per,5.2
1773398776,kamailio,chatafl_opt,1,l_abs,12427
1773398776,kamailio,chatafl_opt,1,b_per,1.0
1773398776,kamailio,chatafl_opt,1,b_abs,5890
1773398778,kamailio,chatafl_opt,1,l_per,5.2
1773398778,kamailio,chatafl_opt,1,l_abs,12427
1773398778,kamailio,chatafl_opt,1,b_per,1.0
1773398778,kamailio,chatafl_opt,1,b_abs,5890
1773398780,kamailio,chatafl_opt,1,l_per,5.3
1773398780,kamailio,chatafl_opt,1,l_abs,12631
1773398780,kamailio,chatafl_opt,1,b_per,1.1
1773398780,kamailio,chatafl_opt,1,b_abs,6055
1773398782,kamailio,chatafl_opt,1,l_per,5.3
1773398782,kamailio,chatafl_opt,1,l_abs,12633
1773398782,kamailio,chatafl_opt,1,b_per,1.1
1773398782,kamailio,chatafl_opt,1,b_abs,6056
1773398783,kamailio,chatafl_opt,1,l_per,5.3
1773398783,kamailio,chatafl_opt,1,l_abs,12633
1773398783,kamailio,chatafl_opt,1,b_per,1.1
1773398783,kamailio,chatafl_opt,1,b_abs,6056
1773398785,kamailio,chatafl_opt,1,l_per,5.3
1773398785,kamailio,chatafl_opt,1,l_abs,12633
1773398785,kamailio,chatafl_opt,1,b_per,1.1
1773398785,kamailio,chatafl_opt,1,b_abs,6056
1773398787,kamailio,chatafl_opt,1,l_per,5.3
1773398787,kamailio,chatafl_opt,1,l_abs,12633
1773398787,kamailio,chatafl_opt,1,b_per,1.1
1773398787,kamailio,chatafl_opt,1,b_abs,6056
1773398789,kamailio,chatafl_opt,1,l_per,5.3
1773398789,kamailio,chatafl_opt,1,l_abs,12633
1773398789,kamailio,chatafl_opt,1,b_per,1.1
1773398789,kamailio,chatafl_opt,1,b_abs,6056
1773398790,kamailio,chatafl_opt,1,l_per,5.3
1773398790,kamailio,chatafl_opt,1,l_abs,12633
1773398790,kamailio,chatafl_opt,1,b_per,1.1
1773398790,kamailio,chatafl_opt,1,b_abs,6056
1773398802,kamailio,chatafl_opt,1,l_per,5.3
1773398802,kamailio,chatafl_opt,1,l_abs,12633
1773398802,kamailio,chatafl_opt,1,b_per,1.1
1773398802,kamailio,chatafl_opt,1,b_abs,6056
1773398803,kamailio,chatafl_opt,1,l_per,5.3
1773398803,kamailio,chatafl_opt,1,l_abs,12633
1773398803,kamailio,chatafl_opt,1,b_per,1.1
1773398803,kamailio,chatafl_opt,1,b_abs,6056
1773398811,kamailio,chatafl_opt,1,l_per,5.3
1773398811,kamailio,chatafl_opt,1,l_abs,12635
1773398811,kamailio,chatafl_opt,1,b_per,1.1
1773398811,kamailio,chatafl_opt,1,b_abs,6060
1773398812,kamailio,chatafl_opt,1,l_per,5.3
1773398812,kamailio,chatafl_opt,1,l_abs,12636
1773398812,kamailio,chatafl_opt,1,b_per,1.1
1773398812,kamailio,chatafl_opt,1,b_abs,6061
1773398814,kamailio,chatafl_opt,1,l_per,5.5
1773398814,kamailio,chatafl_opt,1,l_abs,13022
1773398814,kamailio,chatafl_opt,1,b_per,1.1
1773398814,kamailio,chatafl_opt,1,b_abs,6266
1773398816,kamailio,chatafl_opt,1,l_per,5.5
1773398816,kamailio,chatafl_opt,1,l_abs,13056
1773398816,kamailio,chatafl_opt,1,b_per,1.1
1773398816,kamailio,chatafl_opt,1,b_abs,6295
1773398818,kamailio,chatafl_opt,1,l_per,5.5
1773398818,kamailio,chatafl_opt,1,l_abs,13056
1773398818,kamailio,chatafl_opt,1,b_per,1.1
1773398818,kamailio,chatafl_opt,1,b_abs,6295
1773398826,kamailio,chatafl_opt,1,l_per,5.5
1773398826,kamailio,chatafl_opt,1,l_abs,13056
1773398826,kamailio,chatafl_opt,1,b_per,1.1
1773398826,kamailio,chatafl_opt,1,b_abs,6295
1773398828,kamailio,chatafl_opt,1,l_per,5.5
1773398828,kamailio,chatafl_opt,1,l_abs,13056
1773398828,kamailio,chatafl_opt,1,b_per,1.1
1773398828,kamailio,chatafl_opt,1,b_abs,6295
1773398829,kamailio,chatafl_opt,1,l_per,5.5
1773398829,kamailio,chatafl_opt,1,l_abs,13056
1773398829,kamailio,chatafl_opt,1,b_per,1.1
1773398829,kamailio,chatafl_opt,1,b_abs,6295
1773398831,kamailio,chatafl_opt,1,l_per,5.5
1773398831,kamailio,chatafl_opt,1,l_abs,13056
1773398831,kamailio,chatafl_opt,1,b_per,1.1
1773398831,kamailio,chatafl_opt,1,b_abs,6295
1773398832,kamailio,chatafl_opt,1,l_per,5.5
1773398832,kamailio,chatafl_opt,1,l_abs,13056
1773398832,kamailio,chatafl_opt,1,b_per,1.1
1773398832,kamailio,chatafl_opt,1,b_abs,6295
1773398834,kamailio,chatafl_opt,1,l_per,5.5
1773398834,kamailio,chatafl_opt,1,l_abs,13056
1773398834,kamailio,chatafl_opt,1,b_per,1.1
1773398834,kamailio,chatafl_opt,1,b_abs,6295
1773398836,kamailio,chatafl_opt,1,l_per,5.5
1773398836,kamailio,chatafl_opt,1,l_abs,13065
1773398836,kamailio,chatafl_opt,1,b_per,1.1
1773398836,kamailio,chatafl_opt,1,b_abs,6299
1773398837,kamailio,chatafl_opt,1,l_per,5.6
1773398837,kamailio,chatafl_opt,1,l_abs,13216
1773398837,kamailio,chatafl_opt,1,b_per,1.1
1773398837,kamailio,chatafl_opt,1,b_abs,6374
1773398839,kamailio,chatafl_opt,1,l_per,5.6
1773398839,kamailio,chatafl_opt,1,l_abs,13216
1773398839,kamailio,chatafl_opt,1,b_per,1.1
1773398839,kamailio,chatafl_opt,1,b_abs,6374
1773398841,kamailio,chatafl_opt,1,l_per,5.6
1773398841,kamailio,chatafl_opt,1,l_abs,13216
1773398841,kamailio,chatafl_opt,1,b_per,1.1
1773398841,kamailio,chatafl_opt,1,b_abs,6374
1773398842,kamailio,chatafl_opt,1,l_per,5.6
1773398842,kamailio,chatafl_opt,1,l_abs,13216
1773398842,kamailio,chatafl_opt,1,b_per,1.1
1773398842,kamailio,chatafl_opt,1,b_abs,6374
1773398844,kamailio,chatafl_opt,1,l_per,5.6
1773398844,kamailio,chatafl_opt,1,l_abs,13226
1773398844,kamailio,chatafl_opt,1,b_per,1.1
1773398844,kamailio,chatafl_opt,1,b_abs,6380
1773398846,kamailio,chatafl_opt,1,l_per,5.6
1773398846,kamailio,chatafl_opt,1,l_abs,13226
1773398846,kamailio,chatafl_opt,1,b_per,1.1
1773398846,kamailio,chatafl_opt,1,b_abs,6380
1773398848,kamailio,chatafl_opt,1,l_per,5.6
1773398848,kamailio,chatafl_opt,1,l_abs,13226
1773398848,kamailio,chatafl_opt,1,b_per,1.1
1773398848,kamailio,chatafl_opt,1,b_abs,6380
1773398850,kamailio,chatafl_opt,1,l_per,5.6
1773398850,kamailio,chatafl_opt,1,l_abs,13226
1773398850,kamailio,chatafl_opt,1,b_per,1.1
1773398850,kamailio,chatafl_opt,1,b_abs,6380
1773398851,kamailio,chatafl_opt,1,l_per,5.6
1773398851,kamailio,chatafl_opt,1,l_abs,13226
1773398851,kamailio,chatafl_opt,1,b_per,1.1
1773398851,kamailio,chatafl_opt,1,b_abs,6380
1773398853,kamailio,chatafl_opt,1,l_per,5.6
1773398853,kamailio,chatafl_opt,1,l_abs,13226
1773398853,kamailio,chatafl_opt,1,b_per,1.1
1773398853,kamailio,chatafl_opt,1,b_abs,6380
1773398855,kamailio,chatafl_opt,1,l_per,5.6
1773398855,kamailio,chatafl_opt,1,l_abs,13226
1773398855,kamailio,chatafl_opt,1,b_per,1.1
1773398855,kamailio,chatafl_opt,1,b_abs,6380
1773398856,kamailio,chatafl_opt,1,l_per,5.6
1773398856,kamailio,chatafl_opt,1,l_abs,13226
1773398856,kamailio,chatafl_opt,1,b_per,1.1
1773398856,kamailio,chatafl_opt,1,b_abs,6380
1773398858,kamailio,chatafl_opt,1,l_per,5.6
1773398858,kamailio,chatafl_opt,1,l_abs,13226
1773398858,kamailio,chatafl_opt,1,b_per,1.1
1773398858,kamailio,chatafl_opt,1,b_abs,6380
1773398859,kamailio,chatafl_opt,1,l_per,5.6
1773398859,kamailio,chatafl_opt,1,l_abs,13226
1773398859,kamailio,chatafl_opt,1,b_per,1.1
1773398859,kamailio,chatafl_opt,1,b_abs,6380
1773398868,kamailio,chatafl_opt,1,l_per,5.6
1773398868,kamailio,chatafl_opt,1,l_abs,13226
1773398868,kamailio,chatafl_opt,1,b_per,1.1
1773398868,kamailio,chatafl_opt,1,b_abs,6380
1773398869,kamailio,chatafl_opt,1,l_per,5.6
1773398869,kamailio,chatafl_opt,1,l_abs,13228
1773398869,kamailio,chatafl_opt,1,b_per,1.1
1773398869,kamailio,chatafl_opt,1,b_abs,6381
1773398871,kamailio,chatafl_opt,1,l_per,5.6
1773398871,kamailio,chatafl_opt,1,l_abs,13228
1773398871,kamailio,chatafl_opt,1,b_per,1.1
1773398871,kamailio,chatafl_opt,1,b_abs,6381
1773398872,kamailio,chatafl_opt,1,l_per,5.6
1773398872,kamailio,chatafl_opt,1,l_abs,13228
1773398872,kamailio,chatafl_opt,1,b_per,1.1
1773398872,kamailio,chatafl_opt,1,b_abs,6381
1773398874,kamailio,chatafl_opt,1,l_per,5.6
1773398874,kamailio,chatafl_opt,1,l_abs,13228
1773398874,kamailio,chatafl_opt,1,b_per,1.1
1773398874,kamailio,chatafl_opt,1,b_abs,6381
1773398876,kamailio,chatafl_opt,1,l_per,5.6
1773398876,kamailio,chatafl_opt,1,l_abs,13269
1773398876,kamailio,chatafl_opt,1,b_per,1.1
1773398876,kamailio,chatafl_opt,1,b_abs,6423
1773398878,kamailio,chatafl_opt,1,l_per,5.6
1773398878,kamailio,chatafl_opt,1,l_abs,13329
1773398878,kamailio,chatafl_opt,1,b_per,1.1
1773398878,kamailio,chatafl_opt,1,b_abs,6465
1773398868,kamailio,chatafl_opt,1,l_per,5.8
1773398868,kamailio,chatafl_opt,1,l_abs,13637
1773398868,kamailio,chatafl_opt,1,b_per,1.2
1773398868,kamailio,chatafl_opt,1,b_abs,6637
1773398942,kamailio,chatafl_opt,1,l_per,5.9
1773398942,kamailio,chatafl_opt,1,l_abs,13893
1773398942,kamailio,chatafl_opt,1,b_per,1.2
1773398942,kamailio,chatafl_opt,1,b_abs,7038
1773399026,kamailio,chatafl_opt,1,l_per,5.9
1773399026,kamailio,chatafl_opt,1,l_abs,14078
1773399026,kamailio,chatafl_opt,1,b_per,1.3
1773399026,kamailio,chatafl_opt,1,b_abs,7301
1773399139,kamailio,chatafl_opt,1,l_per,6.1
1773399139,kamailio,chatafl_opt,1,l_abs,14438
1773399139,kamailio,chatafl_opt,1,b_per,1.3
1773399139,kamailio,chatafl_opt,1,b_abs,7656
1773399273,kamailio,chatafl_opt,1,l_per,6.3
1773399273,kamailio,chatafl_opt,1,l_abs,14848
1773399273,kamailio,chatafl_opt,1,b_per,1.4
1773399273,kamailio,chatafl_opt,1,b_abs,7979
1773399397,kamailio,chatafl_opt,1,l_per,6.4
1773399397,kamailio,chatafl_opt,1,l_abs,15072
1773399397,kamailio,chatafl_opt,1,b_per,1.4
1773399397,kamailio,chatafl_opt,1,b_abs,8187
1773399482,kamailio,chatafl_opt,1,l_per,6.4
1773399482,kamailio,chatafl_opt,1,l_abs,15232
1773399482,kamailio,chatafl_opt,1,b_per,1.5
1773399482,kamailio,chatafl_opt,1,b_abs,8342
1773399571,kamailio,chatafl_opt,1,l_per,6.5
1773399571,kamailio,chatafl_opt,1,l_abs,15292
1773399571,kamailio,chatafl_opt,1,b_per,1.5
1773399571,kamailio,chatafl_opt,1,b_abs,8450
1773399663,kamailio,chatafl_opt,1,l_per,6.5
1773399663,kamailio,chatafl_opt,1,l_abs,15370
1773399663,kamailio,chatafl_opt,1,b_per,1.5
1773399663,kamailio,chatafl_opt,1,b_abs,8543
1773399764,kamailio,chatafl_opt,1,l_per,6.5
1773399764,kamailio,chatafl_opt,1,l_abs,15458
1773399764,kamailio,chatafl_opt,1,b_per,1.5
1773399764,kamailio,chatafl_opt,1,b_abs,8619
1773399883,kamailio,chatafl_opt,1,l_per,6.6
1773399883,kamailio,chatafl_opt,1,l_abs,15524
1773399883,kamailio,chatafl_opt,1,b_per,1.5
1773399883,kamailio,chatafl_opt,1,b_abs,8699
1773400004,kamailio,chatafl_opt,1,l_per,6.6
1773400004,kamailio,chatafl_opt,1,l_abs,15571
1773400004,kamailio,chatafl_opt,1,b_per,1.5
1773400004,kamailio,chatafl_opt,1,b_abs,8743
1773400122,kamailio,chatafl_opt,1,l_per,6.6
1773400122,kamailio,chatafl_opt,1,l_abs,15623
1773400122,kamailio,chatafl_opt,1,b_per,1.5
1773400122,kamailio,chatafl_opt,1,b_abs,8782
1773400224,kamailio,chatafl_opt,1,l_per,6.6
1773400224,kamailio,chatafl_opt,1,l_abs,15740
1773400224,kamailio,chatafl_opt,1,b_per,1.6
1773400224,kamailio,chatafl_opt,1,b_abs,8948
1773400345,kamailio,chatafl_opt,1,l_per,6.7
1773400345,kamailio,chatafl_opt,1,l_abs,15798
1773400345,kamailio,chatafl_opt,1,b_per,1.6
1773400345,kamailio,chatafl_opt,1,b_abs,8988
1773400471,kamailio,chatafl_opt,1,l_per,6.7
1773400471,kamailio,chatafl_opt,1,l_abs,15817
1773400471,kamailio,chatafl_opt,1,b_per,1.6
1773400471,kamailio,chatafl_opt,1,b_abs,9025
1773400606,kamailio,chatafl_opt,1,l_per,6.7
1773400606,kamailio,chatafl_opt,1,l_abs,15865
1773400606,kamailio,chatafl_opt,1,b_per,1.6
1773400606,kamailio,chatafl_opt,1,b_abs,9084
1773400752,kamailio,chatafl_opt,1,l_per,6.7
1773400752,kamailio,chatafl_opt,1,l_abs,15885
1773400752,kamailio,chatafl_opt,1,b_per,1.6
1773400752,kamailio,chatafl_opt,1,b_abs,9106
1773400882,kamailio,chatafl_opt,1,l_per,6.7
1773400882,kamailio,chatafl_opt,1,l_abs,15930
1773400882,kamailio,chatafl_opt,1,b_per,1.6
1773400882,kamailio,chatafl_opt,1,b_abs,9134
1773401041,kamailio,chatafl_opt,1,l_per,6.8
1773401041,kamailio,chatafl_opt,1,l_abs,16034
1773401041,kamailio,chatafl_opt,1,b_per,1.6
1773401041,kamailio,chatafl_opt,1,b_abs,9218
1773401158,kamailio,chatafl_opt,1,l_per,6.8
1773401158,kamailio,chatafl_opt,1,l_abs,16094
1773401158,kamailio,chatafl_opt,1,b_per,1.6
1773401158,kamailio,chatafl_opt,1,b_abs,9259
1773401338,kamailio,chatafl_opt,1,l_per,6.8
1773401338,kamailio,chatafl_opt,1,l_abs,16145
1773401338,kamailio,chatafl_opt,1,b_per,1.6
1773401338,kamailio,chatafl_opt,1,b_abs,9302
1773401519,kamailio,chatafl_opt,1,l_per,6.8
1773401519,kamailio,chatafl_opt,1,l_abs,16171
1773401519,kamailio,chatafl_opt,1,b_per,1.6
1773401519,kamailio,chatafl_opt,1,b_abs,9328
1773401738,kamailio,chatafl_opt,1,l_per,6.8
1773401738,kamailio,chatafl_opt,1,l_abs,16195
1773401738,kamailio,chatafl_opt,1,b_per,1.7
1773401738,kamailio,chatafl_opt,1,b_abs,9368
1773401982,kamailio,chatafl_opt,1,l_per,6.8
1773401982,kamailio,chatafl_opt,1,l_abs,16231
1773401982,kamailio,chatafl_opt,1,b_per,1.7
1773401982,kamailio,chatafl_opt,1,b_abs,9403
1773402366,kamailio,chatafl_opt,1,l_per,6.9
1773402366,kamailio,chatafl_opt,1,l_abs,16238
1773402366,kamailio,chatafl_opt,1,b_per,1.7
1773402366,kamailio,chatafl_opt,1,b_abs,9405
1773402649,kamailio,chatafl_opt,1,l_per,6.9
1773402649,kamailio,chatafl_opt,1,l_abs,16238
1773402649,kamailio,chatafl_opt,1,b_per,1.7
1773402649,kamailio,chatafl_opt,1,b_abs,9406
1773402892,kamailio,chatafl_opt,1,l_per,6.9
1773402892,kamailio,chatafl_opt,1,l_abs,16238
1773402892,kamailio,chatafl_opt,1,b_per,1.7
1773402892,kamailio,chatafl_opt,1,b_abs,9406
1773403152,kamailio,chatafl_opt,1,l_per,6.9
1773403152,kamailio,chatafl_opt,1,l_abs,16238
1773403152,kamailio,chatafl_opt,1,b_per,1.7
1773403152,kamailio,chatafl_opt,1,b_abs,9406
1773403488,kamailio,chatafl_opt,1,l_per,6.9
1773403488,kamailio,chatafl_opt,1,l_abs,16238
1773403488,kamailio,chatafl_opt,1,b_per,1.7
1773403488,kamailio,chatafl_opt,1,b_abs,9406
1773403796,kamailio,chatafl_opt,1,l_per,6.9
1773403796,kamailio,chatafl_opt,1,l_abs,16238
1773403796,kamailio,chatafl_opt,1,b_per,1.7
1773403796,kamailio,chatafl_opt,1,b_abs,9407
1773404041,kamailio,chatafl_opt,1,l_per,6.9
1773404041,kamailio,chatafl_opt,1,l_abs,16238
1773404041,kamailio,chatafl_opt,1,b_per,1.7
1773404041,kamailio,chatafl_opt,1,b_abs,9407
1773404418,kamailio,chatafl_opt,1,l_per,6.9
1773404418,kamailio,chatafl_opt,1,l_abs,16238
1773404418,kamailio,chatafl_opt,1,b_per,1.7
1773404418,kamailio,chatafl_opt,1,b_abs,9407
1773404718,kamailio,chatafl_opt,1,l_per,6.9
1773404718,kamailio,chatafl_opt,1,l_abs,16238
1773404718,kamailio,chatafl_opt,1,b_per,1.7
1773404718,kamailio,chatafl_opt,1,b_abs,9407
1773404927,kamailio,chatafl_opt,1,l_per,6.9
1773404927,kamailio,chatafl_opt,1,l_abs,16238
1773404927,kamailio,chatafl_opt,1,b_per,1.7
1773404927,kamailio,chatafl_opt,1,b_abs,9407
1773405149,kamailio,chatafl_opt,1,l_per,6.9
1773405149,kamailio,chatafl_opt,1,l_abs,16244
1773405149,kamailio,chatafl_opt,1,b_per,1.7
1773405149,kamailio,chatafl_opt,1,b_abs,9421
1773405542,kamailio,chatafl_opt,1,l_per,6.9
1773405542,kamailio,chatafl_opt,1,l_abs,16244
1773405542,kamailio,chatafl_opt,1,b_per,1.7
1773405542,kamailio,chatafl_opt,1,b_abs,9421
1773405954,kamailio,chatafl_opt,1,l_per,6.9
1773405954,kamailio,chatafl_opt,1,l_abs,16244
1773405954,kamailio,chatafl_opt,1,b_per,1.7
1773405954,kamailio,chatafl_opt,1,b_abs,9422
1773406293,kamailio,chatafl_opt,1,l_per,6.9
1773406293,kamailio,chatafl_opt,1,l_abs,16247
1773406293,kamailio,chatafl_opt,1,b_per,1.7
1773406293,kamailio,chatafl_opt,1,b_abs,9433
1773406640,kamailio,chatafl_opt,1,l_per,6.9
1773406640,kamailio,chatafl_opt,1,l_abs,16247
1773406640,kamailio,chatafl_opt,1,b_per,1.7
1773406640,kamailio,chatafl_opt,1,b_abs,9433
1773406929,kamailio,chatafl_opt,1,l_per,6.9
1773406929,kamailio,chatafl_opt,1,l_abs,16276
1773406929,kamailio,chatafl_opt,1,b_per,1.7
1773406929,kamailio,chatafl_opt,1,b_abs,9480
1773407132,kamailio,chatafl_opt,1,l_per,6.9
1773407132,kamailio,chatafl_opt,1,l_abs,16285
1773407132,kamailio,chatafl_opt,1,b_per,1.7
1773407132,kamailio,chatafl_opt,1,b_abs,9482
1773407451,kamailio,chatafl_opt,1,l_per,6.9
1773407451,kamailio,chatafl_opt,1,l_abs,16285
1773407451,kamailio,chatafl_opt,1,b_per,1.7
1773407451,kamailio,chatafl_opt,1,b_abs,9482
1773407751,kamailio,chatafl_opt,1,l_per,6.9
1773407751,kamailio,chatafl_opt,1,l_abs,16285
1773407751,kamailio,chatafl_opt,1,b_per,1.7
1773407751,kamailio,chatafl_opt,1,b_abs,9482
1773408052,kamailio,chatafl_opt,1,l_per,6.9
1773408052,kamailio,chatafl_opt,1,l_abs,16285
1773408052,kamailio,chatafl_opt,1,b_per,1.7
1773408052,kamailio,chatafl_opt,1,b_abs,9483
1773408315,kamailio,chatafl_opt,1,l_per,6.9
1773408315,kamailio,chatafl_opt,1,l_abs,16285
1773408315,kamailio,chatafl_opt,1,b_per,1.7
1773408315,kamailio,chatafl_opt,1,b_abs,9483
1773408623,kamailio,chatafl_opt,1,l_per,6.9
1773408623,kamailio,chatafl_opt,1,l_abs,16288
1773408623,kamailio,chatafl_opt,1,b_per,1.7
1773408623,kamailio,chatafl_opt,1,b_abs,9484
1773409039,kamailio,chatafl_opt,1,l_per,6.9
1773409039,kamailio,chatafl_opt,1,l_abs,16288
1773409039,kamailio,chatafl_opt,1,b_per,1.7
1773409039,kamailio,chatafl_opt,1,b_abs,9484
1773409537,kamailio,chatafl_opt,1,l_per,6.9
1773409537,kamailio,chatafl_opt,1,l_abs,16288
1773409537,kamailio,chatafl_opt,1,b_per,1.7
1773409537,kamailio,chatafl_opt,1,b_abs,9484
1773409832,kamailio,chatafl_opt,1,l_per,6.9
1773409832,kamailio,chatafl_opt,1,l_abs,16291
1773409832,kamailio,chatafl_opt,1,b_per,1.7
1773409832,kamailio,chatafl_opt,1,b_abs,9485
1773410143,kamailio,chatafl_opt,1,l_per,6.9
1773410143,kamailio,chatafl_opt,1,l_abs,16292
1773410143,kamailio,chatafl_opt,1,b_per,1.7
1773410143,kamailio,chatafl_opt,1,b_abs,9488
1773410439,kamailio,chatafl_opt,1,l_per,6.9
1773410439,kamailio,chatafl_opt,1,l_abs,16295
1773410439,kamailio,chatafl_opt,1,b_per,1.7
1773410439,kamailio,chatafl_opt,1,b_abs,9497
1773410780,kamailio,chatafl_opt,1,l_per,6.9
1773410780,kamailio,chatafl_opt,1,l_abs,16302
1773410780,kamailio,chatafl_opt,1,b_per,1.7
1773410780,kamailio,chatafl_opt,1,b_abs,9518
1773411421,kamailio,chatafl_opt,1,l_per,6.9
1773411421,kamailio,chatafl_opt,1,l_abs,16302
1773411421,kamailio,chatafl_opt,1,b_per,1.7
1773411421,kamailio,chatafl_opt,1,b_abs,9518
1773412090,kamailio,chatafl_opt,1,l_per,6.9
1773412090,kamailio,chatafl_opt,1,l_abs,16305
1773412090,kamailio,chatafl_opt,1,b_per,1.7
1773412090,kamailio,chatafl_opt,1,b_abs,9528
1773412855,kamailio,chatafl_opt,1,l_per,6.9
1773412855,kamailio,chatafl_opt,1,l_abs,16305
1773412855,kamailio,chatafl_opt,1,b_per,1.7
1773412855,kamailio,chatafl_opt,1,b_abs,9528
1773413587,kamailio,chatafl_opt,1,l_per,6.9
1773413587,kamailio,chatafl_opt,1,l_abs,16305
1773413587,kamailio,chatafl_opt,1,b_per,1.7
1773413587,kamailio,chatafl_opt,1,b_abs,9528
1773414152,kamailio,chatafl_opt,1,l_per,6.9
1773414152,kamailio,chatafl_opt,1,l_abs,16305
1773414152,kamailio,chatafl_opt,1,b_per,1.7
1773414152,kamailio,chatafl_opt,1,b_abs,9528
1773414925,kamailio,chatafl_opt,1,l_per,6.9
1773414925,kamailio,chatafl_opt,1,l_abs,16323
1773414925,kamailio,chatafl_opt,1,b_per,1.7
1773414925,kamailio,chatafl_opt,1,b_abs,9540
1773415627,kamailio,chatafl_opt,1,l_per,6.9
1773415627,kamailio,chatafl_opt,1,l_abs,16323
1773415627,kamailio,chatafl_opt,1,b_per,1.7
1773415627,kamailio,chatafl_opt,1,b_abs,9540
1773416279,kamailio,chatafl_opt,1,l_per,6.9
1773416279,kamailio,chatafl_opt,1,l_abs,16327
1773416279,kamailio,chatafl_opt,1,b_per,1.7
1773416279,kamailio,chatafl_opt,1,b_abs,9542
1773416915,kamailio,chatafl_opt,1,l_per,6.9
1773416915,kamailio,chatafl_opt,1,l_abs,16327
1773416915,kamailio,chatafl_opt,1,b_per,1.7
1773416915,kamailio,chatafl_opt,1,b_abs,9542
1773417585,kamailio,chatafl_opt,1,l_per,6.9
1773417585,kamailio,chatafl_opt,1,l_abs,16329
1773417585,kamailio,chatafl_opt,1,b_per,1.7
1773417585,kamailio,chatafl_opt,1,b_abs,9544
1773418296,kamailio,chatafl_opt,1,l_per,6.9
1773418296,kamailio,chatafl_opt,1,l_abs,16329
1773418296,kamailio,chatafl_opt,1,b_per,1.7
1773418296,kamailio,chatafl_opt,1,b_abs,9545
1773418966,kamailio,chatafl_opt,1,l_per,6.9
1773418966,kamailio,chatafl_opt,1,l_abs,16329
1773418966,kamailio,chatafl_opt,1,b_per,1.7
1773418966,kamailio,chatafl_opt,1,b_abs,9545
1773420003,kamailio,chatafl_opt,1,l_per,6.9
1773420003,kamailio,chatafl_opt,1,l_abs,16329
1773420003,kamailio,chatafl_opt,1,b_per,1.7
1773420003,kamailio,chatafl_opt,1,b_abs,9545
1773420883,kamailio,chatafl_opt,1,l_per,6.9
1773420883,kamailio,chatafl_opt,1,l_abs,16329
1773420883,kamailio,chatafl_opt,1,b_per,1.7
1773420883,kamailio,chatafl_opt,1,b_abs,9547
1773421676,kamailio,chatafl_opt,1,l_per,6.9
1773421676,kamailio,chatafl_opt,1,l_abs,16333
1773421676,kamailio,chatafl_opt,1,b_per,1.7
1773421676,kamailio,chatafl_opt,1,b_abs,9550
1773422409,kamailio,chatafl_opt,1,l_per,6.9
1773422409,kamailio,chatafl_opt,1,l_abs,16333
1773422409,kamailio,chatafl_opt,1,b_per,1.7
1773422409,kamailio,chatafl_opt,1,b_abs,9550
1773423187,kamailio,chatafl_opt,1,l_per,6.9
1773423187,kamailio,chatafl_opt,1,l_abs,16336
1773423187,kamailio,chatafl_opt,1,b_per,1.7
1773423187,kamailio,chatafl_opt,1,b_abs,9554
1773424342,kamailio,chatafl_opt,1,l_per,6.9
1773424342,kamailio,chatafl_opt,1,l_abs,16339
1773424342,kamailio,chatafl_opt,1,b_per,1.7
1773424342,kamailio,chatafl_opt,1,b_abs,9556
1773425414,kamailio,chatafl_opt,1,l_per,6.9
1773425414,kamailio,chatafl_opt,1,l_abs,16347
1773425414,kamailio,chatafl_opt,1,b_per,1.7
1773425414,kamailio,chatafl_opt,1,b_abs,9562
1773426520,kamailio,chatafl_opt,1,l_per,6.9
1773426520,kamailio,chatafl_opt,1,l_abs,16347
1773426520,kamailio,chatafl_opt,1,b_per,1.7
1773426520,kamailio,chatafl_opt,1,b_abs,9566
1773427400,kamailio,chatafl_opt,1,l_per,6.9
1773427400,kamailio,chatafl_opt,1,l_abs,16347
1773427400,kamailio,chatafl_opt,1,b_per,1.7
1773427400,kamailio,chatafl_opt,1,b_abs,9566
1773428730,kamailio,chatafl_opt,1,l_per,6.9
1773428730,kamailio,chatafl_opt,1,l_abs,16351
1773428730,kamailio,chatafl_opt,1,b_per,1.7
1773428730,kamailio,chatafl_opt,1,b_abs,9571
1773429566,kamailio,chatafl_opt,1,l_per,6.9
1773429566,kamailio,chatafl_opt,1,l_abs,16380
1773429566,kamailio,chatafl_opt,1,b_per,1.7
1773429566,kamailio,chatafl_opt,1,b_abs,9623
1773430787,kamailio,chatafl_opt,1,l_per,6.9
1773430787,kamailio,chatafl_opt,1,l_abs,16384
1773430787,kamailio,chatafl_opt,1,b_per,1.7
1773430787,kamailio,chatafl_opt,1,b_abs,9635
1773431851,kamailio,chatafl_opt,1,l_per,6.9
1773431851,kamailio,chatafl_opt,1,l_abs,16384
1773431851,kamailio,chatafl_opt,1,b_per,1.7
1773431851,kamailio,chatafl_opt,1,b_abs,9635
1773433258,kamailio,chatafl_opt,1,l_per,6.9
1773433258,kamailio,chatafl_opt,1,l_abs,16389
1773433258,kamailio,chatafl_opt,1,b_per,1.7
1773433258,kamailio,chatafl_opt,1,b_abs,9649
1773434661,kamailio,chatafl_opt,1,l_per,6.9
1773434661,kamailio,chatafl_opt,1,l_abs,16389
1773434661,kamailio,chatafl_opt,1,b_per,1.7
1773434661,kamailio,chatafl_opt,1,b_abs,9649
1773435640,kamailio,chatafl_opt,1,l_per,6.9
1773435640,kamailio,chatafl_opt,1,l_abs,16390
1773435640,kamailio,chatafl_opt,1,b_per,1.7
1773435640,kamailio,chatafl_opt,1,b_abs,9650
1773437104,kamailio,chatafl_opt,1,l_per,6.9
1773437104,kamailio,chatafl_opt,1,l_abs,16392
1773437104,kamailio,chatafl_opt,1,b_per,1.7
1773437104,kamailio,chatafl_opt,1,b_abs,9660
1773438485,kamailio,chatafl_opt,1,l_per,6.9
1773438485,kamailio,chatafl_opt,1,l_abs,16392
1773438485,kamailio,chatafl_opt,1,b_per,1.7
1773438485,kamailio,chatafl_opt,1,b_abs,9660
1773441104,kamailio,chatafl_opt,1,l_per,6.9
1773441104,kamailio,chatafl_opt,1,l_abs,16392
1773441104,kamailio,chatafl_opt,1,b_per,1.7
1773441104,kamailio,chatafl_opt,1,b_abs,9660
1773442725,kamailio,chatafl_opt,1,l_per,6.9
1773442725,kamailio,chatafl_opt,1,l_abs,16392
1773442725,kamailio,chatafl_opt,1,b_per,1.7
1773442725,kamailio,chatafl_opt,1,b_abs,9660
1773443765,kamailio,chatafl_opt,1,l_per,6.9
1773443765,kamailio,chatafl_opt,1,l_abs,16392
1773443765,kamailio,chatafl_opt,1,b_per,1.7
1773443765,kamailio,chatafl_opt,1,b_abs,9664
1773444837,kamailio,chatafl_opt,1,l_per,6.9
1773444837,kamailio,chatafl_opt,1,l_abs,16392
1773444837,kamailio,chatafl_opt,1,b_per,1.7
1773444837,kamailio,chatafl_opt,1,b_abs,9664
1773446274,kamailio,chatafl_opt,1,l_per,6.9
1773446274,kamailio,chatafl_opt,1,l_abs,16400
1773446274,kamailio,chatafl_opt,1,b_per,1.7
1773446274,kamailio,chatafl_opt,1,b_abs,9666
1773448219,kamailio,chatafl_opt,1,l_per,6.9
1773448219,kamailio,chatafl_opt,1,l_abs,16400
1773448219,kamailio,chatafl_opt,1,b_per,1.7
1773448219,kamailio,chatafl_opt,1,b_abs,9666
1773449626,kamailio,chatafl_opt,1,l_per,6.9
1773449626,kamailio,chatafl_opt,1,l_abs,16414
1773449626,kamailio,chatafl_opt,1,b_per,1.7
1773449626,kamailio,chatafl_opt,1,b_abs,9680
1773452424,kamailio,chatafl_opt,1,l_per,6.9
1773452424,kamailio,chatafl_opt,1,l_abs,16414
1773452424,kamailio,chatafl_opt,1,b_per,1.7
1773452424,kamailio,chatafl_opt,1,b_abs,9680
1773454332,kamailio,chatafl_opt,1,l_per,6.9
1773454332,kamailio,chatafl_opt,1,l_abs,16414
1773454332,kamailio,chatafl_opt,1,b_per,1.7
1773454332,kamailio,chatafl_opt,1,b_abs,9680
1773456183,kamailio,chatafl_opt,1,l_per,6.9
1773456183,kamailio,chatafl_opt,1,l_abs,16423
1773456183,kamailio,chatafl_opt,1,b_per,1.7
1773456183,kamailio,chatafl_opt,1,b_abs,9682
1773458214,kamailio,chatafl_opt,1,l_per,6.9
1773458214,kamailio,chatafl_opt,1,l_abs,16423
1773458214,kamailio,chatafl_opt,1,b_per,1.7
1773458214,kamailio,chatafl_opt,1,b_abs,9686
1773459854,kamailio,chatafl_opt,1,l_per,6.9
1773459854,kamailio,chatafl_opt,1,l_abs,16423
1773459854,kamailio,chatafl_opt,1,b_per,1.7
1773459854,kamailio,chatafl_opt,1,b_abs,9686
1773461602,kamailio,chatafl_opt,1,l_per,6.9
1773461602,kamailio,chatafl_opt,1,l_abs,16425
1773461602,kamailio,chatafl_opt,1,b_per,1.7
1773461602,kamailio,chatafl_opt,1,b_abs,9689
1773463016,kamailio,chatafl_opt,1,l_per,7.1
1773463016,kamailio,chatafl_opt,1,l_abs,16826
1773463016,kamailio,chatafl_opt,1,b_per,1.7
1773463016,kamailio,chatafl_opt,1,b_abs,9920
1773463562,kamailio,chatafl_opt,1,l_per,7.1
1773463562,kamailio,chatafl_opt,1,l_abs,16826
1773463562,kamailio,chatafl_opt,1,b_per,1.7
1773463562,kamailio,chatafl_opt,1,b_abs,9920
1773465780,kamailio,chatafl_opt,1,l_per,7.1
1773465780,kamailio,chatafl_opt,1,l_abs,16826
1773465780,kamailio,chatafl_opt,1,b_per,1.7
1773465780,kamailio,chatafl_opt,1,b_abs,9920
1773467092,kamailio,chatafl_opt,1,l_per,7.1
1773467092,kamailio,chatafl_opt,1,l_abs,16826
1773467092,kamailio,chatafl_opt,1,b_per,1.7
1773467092,kamailio,chatafl_opt,1,b_abs,9920
1773468547,kamailio,chatafl_opt,1,l_per,7.1
1773468547,kamailio,chatafl_opt,1,l_abs,16834
1773468547,kamailio,chatafl_opt,1,b_per,1.8
1773468547,kamailio,chatafl_opt,1,b_abs,9940
1773469691,kamailio,chatafl_opt,1,l_per,7.1
1773469691,kamailio,chatafl_opt,1,l_abs,16834
1773469691,kamailio,chatafl_opt,1,b_per,1.8
1773469691,kamailio,chatafl_opt,1,b_abs,9940
1773470960,kamailio,chatafl_opt,1,l_per,7.1
1773470960,kamailio,chatafl_opt,1,l_abs,16834
1773470960,kamailio,chatafl_opt,1,b_per,1.8
1773470960,kamailio,chatafl_opt,1,b_abs,9940
1773472570,kamailio,chatafl_opt,1,l_per,7.1
1773472570,kamailio,chatafl_opt,1,l_abs,16834
1773472570,kamailio,chatafl_opt,1,b_per,1.8
1773472570,kamailio,chatafl_opt,1,b_abs,9940
1773474239,kamailio,chatafl_opt,1,l_per,7.1
1773474239,kamailio,chatafl_opt,1,l_abs,16834
1773474239,kamailio,chatafl_opt,1,b_per,1.8
1773474239,kamailio,chatafl_opt,1,b_abs,9940
1773475370,kamailio,chatafl_opt,1,l_per,7.1
1773475370,kamailio,chatafl_opt,1,l_abs,16834
1773475370,kamailio,chatafl_opt,1,b_per,1.8
1773475370,kamailio,chatafl_opt,1,b_abs,9940
1773477409,kamailio,chatafl_opt,1,l_per,7.1
1773477409,kamailio,chatafl_opt,1,l_abs,16837
1773477409,kamailio,chatafl_opt,1,b_per,1.8
1773477409,kamailio,chatafl_opt,1,b_abs,9944
1773479200,kamailio,chatafl_opt,1,l_per,7.1
1773479200,kamailio,chatafl_opt,1,l_abs,16837
1773479200,kamailio,chatafl_opt,1,b_per,1.8
1773479200,kamailio,chatafl_opt,1,b_abs,9944
1773481184,kamailio,chatafl_opt,1,l_per,7.1
1773481184,kamailio,chatafl_opt,1,l_abs,16837
1773481184,kamailio,chatafl_opt,1,b_per,1.8
1773481184,kamailio,chatafl_opt,1,b_abs,9944
1773482834,kamailio,chatafl_opt,1,l_per,7.1
1773482834,kamailio,chatafl_opt,1,l_abs,16837
1773482834,kamailio,chatafl_opt,1,b_per,1.8
1773482834,kamailio,chatafl_opt,1,b_abs,9944
1773486751,kamailio,chatafl_opt,1,l_per,7.1
1773486751,kamailio,chatafl_opt,1,l_abs,16837
1773486751,kamailio,chatafl_opt,1,b_per,1.8
1773486751,kamailio,chatafl_opt,1,b_abs,9944
1773398794,kamailio,chatafl_opt,2,l_per,4.2
1773398794,kamailio,chatafl_opt,2,l_abs,10014
1773398794,kamailio,chatafl_opt,2,b_per,0.8
1773398794,kamailio,chatafl_opt,2,b_abs,4638
1773398796,kamailio,chatafl_opt,2,l_per,4.2
1773398796,kamailio,chatafl_opt,2,l_abs,10017
1773398796,kamailio,chatafl_opt,2,b_per,0.8
1773398796,kamailio,chatafl_opt,2,b_abs,4643
1773398798,kamailio,chatafl_opt,2,l_per,5.5
1773398798,kamailio,chatafl_opt,2,l_abs,13090
1773398798,kamailio,chatafl_opt,2,b_per,1.1
1773398798,kamailio,chatafl_opt,2,b_abs,6263
1773398800,kamailio,chatafl_opt,2,l_per,5.6
1773398800,kamailio,chatafl_opt,2,l_abs,13235
1773398800,kamailio,chatafl_opt,2,b_per,1.1
1773398800,kamailio,chatafl_opt,2,b_abs,6389
1773398809,kamailio,chatafl_opt,2,l_per,5.6
1773398809,kamailio,chatafl_opt,2,l_abs,13235
1773398809,kamailio,chatafl_opt,2,b_per,1.1
1773398809,kamailio,chatafl_opt,2,b_abs,6389
1773398810,kamailio,chatafl_opt,2,l_per,5.6
1773398810,kamailio,chatafl_opt,2,l_abs,13237
1773398810,kamailio,chatafl_opt,2,b_per,1.1
1773398810,kamailio,chatafl_opt,2,b_abs,6390
1773398812,kamailio,chatafl_opt,2,l_per,5.6
1773398812,kamailio,chatafl_opt,2,l_abs,13240
1773398812,kamailio,chatafl_opt,2,b_per,1.1
1773398812,kamailio,chatafl_opt,2,b_abs,6404
1773398814,kamailio,chatafl_opt,2,l_per,5.6
1773398814,kamailio,chatafl_opt,2,l_abs,13240
1773398814,kamailio,chatafl_opt,2,b_per,1.1
1773398814,kamailio,chatafl_opt,2,b_abs,6404
1773398815,kamailio,chatafl_opt,2,l_per,5.6
1773398815,kamailio,chatafl_opt,2,l_abs,13240
1773398815,kamailio,chatafl_opt,2,b_per,1.1
1773398815,kamailio,chatafl_opt,2,b_abs,6404
1773398817,kamailio,chatafl_opt,2,l_per,5.6
1773398817,kamailio,chatafl_opt,2,l_abs,13240
1773398817,kamailio,chatafl_opt,2,b_per,1.1
1773398817,kamailio,chatafl_opt,2,b_abs,6404
1773398819,kamailio,chatafl_opt,2,l_per,5.6
1773398819,kamailio,chatafl_opt,2,l_abs,13240
1773398819,kamailio,chatafl_opt,2,b_per,1.1
1773398819,kamailio,chatafl_opt,2,b_abs,6404
1773398820,kamailio,chatafl_opt,2,l_per,5.6
1773398820,kamailio,chatafl_opt,2,l_abs,13240
1773398820,kamailio,chatafl_opt,2,b_per,1.1
1773398820,kamailio,chatafl_opt,2,b_abs,6404
1773398822,kamailio,chatafl_opt,2,l_per,5.6
1773398822,kamailio,chatafl_opt,2,l_abs,13240
1773398822,kamailio,chatafl_opt,2,b_per,1.1
1773398822,kamailio,chatafl_opt,2,b_abs,6404
1773398824,kamailio,chatafl_opt,2,l_per,5.6
1773398824,kamailio,chatafl_opt,2,l_abs,13255
1773398824,kamailio,chatafl_opt,2,b_per,1.1
1773398824,kamailio,chatafl_opt,2,b_abs,6408
1773398825,kamailio,chatafl_opt,2,l_per,5.6
1773398825,kamailio,chatafl_opt,2,l_abs,13255
1773398825,kamailio,chatafl_opt,2,b_per,1.1
1773398825,kamailio,chatafl_opt,2,b_abs,6408
1773398827,kamailio,chatafl_opt,2,l_per,5.6
1773398827,kamailio,chatafl_opt,2,l_abs,13256
1773398827,kamailio,chatafl_opt,2,b_per,1.1
1773398827,kamailio,chatafl_opt,2,b_abs,6412
1773398829,kamailio,chatafl_opt,2,l_per,5.6
1773398829,kamailio,chatafl_opt,2,l_abs,13256
1773398829,kamailio,chatafl_opt,2,b_per,1.1
1773398829,kamailio,chatafl_opt,2,b_abs,6412
1773398830,kamailio,chatafl_opt,2,l_per,5.6
1773398830,kamailio,chatafl_opt,2,l_abs,13256
1773398830,kamailio,chatafl_opt,2,b_per,1.1
1773398830,kamailio,chatafl_opt,2,b_abs,6412
1773398832,kamailio,chatafl_opt,2,l_per,5.6
1773398832,kamailio,chatafl_opt,2,l_abs,13256
1773398832,kamailio,chatafl_opt,2,b_per,1.1
1773398832,kamailio,chatafl_opt,2,b_abs,6412
1773398834,kamailio,chatafl_opt,2,l_per,5.6
1773398834,kamailio,chatafl_opt,2,l_abs,13263
1773398834,kamailio,chatafl_opt,2,b_per,1.1
1773398834,kamailio,chatafl_opt,2,b_abs,6419
1773398836,kamailio,chatafl_opt,2,l_per,5.6
1773398836,kamailio,chatafl_opt,2,l_abs,13263
1773398836,kamailio,chatafl_opt,2,b_per,1.1
1773398836,kamailio,chatafl_opt,2,b_abs,6419
1773398838,kamailio,chatafl_opt,2,l_per,5.6
1773398838,kamailio,chatafl_opt,2,l_abs,13263
1773398838,kamailio,chatafl_opt,2,b_per,1.1
1773398838,kamailio,chatafl_opt,2,b_abs,6419
1773398846,kamailio,chatafl_opt,2,l_per,5.6
1773398846,kamailio,chatafl_opt,2,l_abs,13263
1773398846,kamailio,chatafl_opt,2,b_per,1.1
1773398846,kamailio,chatafl_opt,2,b_abs,6419
1773398848,kamailio,chatafl_opt,2,l_per,5.6
1773398848,kamailio,chatafl_opt,2,l_abs,13263
1773398848,kamailio,chatafl_opt,2,b_per,1.1
1773398848,kamailio,chatafl_opt,2,b_abs,6419
1773398850,kamailio,chatafl_opt,2,l_per,5.6
1773398850,kamailio,chatafl_opt,2,l_abs,13263
1773398850,kamailio,chatafl_opt,2,b_per,1.1
1773398850,kamailio,chatafl_opt,2,b_abs,6419
1773398852,kamailio,chatafl_opt,2,l_per,5.6
1773398852,kamailio,chatafl_opt,2,l_abs,13263
1773398852,kamailio,chatafl_opt,2,b_per,1.1
1773398852,kamailio,chatafl_opt,2,b_abs,6419
1773398854,kamailio,chatafl_opt,2,l_per,5.6
1773398854,kamailio,chatafl_opt,2,l_abs,13263
1773398854,kamailio,chatafl_opt,2,b_per,1.1
1773398854,kamailio,chatafl_opt,2,b_abs,6419
1773398855,kamailio,chatafl_opt,2,l_per,5.6
1773398855,kamailio,chatafl_opt,2,l_abs,13327
1773398855,kamailio,chatafl_opt,2,b_per,1.1
1773398855,kamailio,chatafl_opt,2,b_abs,6493
1773398858,kamailio,chatafl_opt,2,l_per,5.6
1773398858,kamailio,chatafl_opt,2,l_abs,13332
1773398858,kamailio,chatafl_opt,2,b_per,1.1
1773398858,kamailio,chatafl_opt,2,b_abs,6495
1773398859,kamailio,chatafl_opt,2,l_per,5.6
1773398859,kamailio,chatafl_opt,2,l_abs,13332
1773398859,kamailio,chatafl_opt,2,b_per,1.1
1773398859,kamailio,chatafl_opt,2,b_abs,6495
1773398861,kamailio,chatafl_opt,2,l_per,5.6
1773398861,kamailio,chatafl_opt,2,l_abs,13332
1773398861,kamailio,chatafl_opt,2,b_per,1.1
1773398861,kamailio,chatafl_opt,2,b_abs,6495
1773398862,kamailio,chatafl_opt,2,l_per,5.6
1773398862,kamailio,chatafl_opt,2,l_abs,13332
1773398862,kamailio,chatafl_opt,2,b_per,1.1
1773398862,kamailio,chatafl_opt,2,b_abs,6495
1773398864,kamailio,chatafl_opt,2,l_per,5.6
1773398864,kamailio,chatafl_opt,2,l_abs,13332
1773398864,kamailio,chatafl_opt,2,b_per,1.1
1773398864,kamailio,chatafl_opt,2,b_abs,6495
1773398866,kamailio,chatafl_opt,2,l_per,5.6
1773398866,kamailio,chatafl_opt,2,l_abs,13332
1773398866,kamailio,chatafl_opt,2,b_per,1.1
1773398866,kamailio,chatafl_opt,2,b_abs,6495
1773398868,kamailio,chatafl_opt,2,l_per,5.6
1773398868,kamailio,chatafl_opt,2,l_abs,13372
1773398868,kamailio,chatafl_opt,2,b_per,1.2
1773398868,kamailio,chatafl_opt,2,b_abs,6527
1773398870,kamailio,chatafl_opt,2,l_per,5.6
1773398870,kamailio,chatafl_opt,2,l_abs,13372
1773398870,kamailio,chatafl_opt,2,b_per,1.2
1773398870,kamailio,chatafl_opt,2,b_abs,6527
1773398872,kamailio,chatafl_opt,2,l_per,5.6
1773398872,kamailio,chatafl_opt,2,l_abs,13372
1773398872,kamailio,chatafl_opt,2,b_per,1.2
1773398872,kamailio,chatafl_opt,2,b_abs,6527
1773398880,kamailio,chatafl_opt,2,l_per,5.6
1773398880,kamailio,chatafl_opt,2,l_abs,13372
1773398880,kamailio,chatafl_opt,2,b_per,1.2
1773398880,kamailio,chatafl_opt,2,b_abs,6527
1773398882,kamailio,chatafl_opt,2,l_per,5.6
1773398882,kamailio,chatafl_opt,2,l_abs,13372
1773398882,kamailio,chatafl_opt,2,b_per,1.2
1773398882,kamailio,chatafl_opt,2,b_abs,6527
1773398883,kamailio,chatafl_opt,2,l_per,5.6
1773398883,kamailio,chatafl_opt,2,l_abs,13372
1773398883,kamailio,chatafl_opt,2,b_per,1.2
1773398883,kamailio,chatafl_opt,2,b_abs,6527
1773398885,kamailio,chatafl_opt,2,l_per,5.6
1773398885,kamailio,chatafl_opt,2,l_abs,13372
1773398885,kamailio,chatafl_opt,2,b_per,1.2
1773398885,kamailio,chatafl_opt,2,b_abs,6527
1773398887,kamailio,chatafl_opt,2,l_per,5.6
1773398887,kamailio,chatafl_opt,2,l_abs,13372
1773398887,kamailio,chatafl_opt,2,b_per,1.2
1773398887,kamailio,chatafl_opt,2,b_abs,6527
1773398889,kamailio,chatafl_opt,2,l_per,5.6
1773398889,kamailio,chatafl_opt,2,l_abs,13381
1773398889,kamailio,chatafl_opt,2,b_per,1.2
1773398889,kamailio,chatafl_opt,2,b_abs,6531
1773398890,kamailio,chatafl_opt,2,l_per,5.6
1773398890,kamailio,chatafl_opt,2,l_abs,13381
1773398890,kamailio,chatafl_opt,2,b_per,1.2
1773398890,kamailio,chatafl_opt,2,b_abs,6531
1773398892,kamailio,chatafl_opt,2,l_per,5.6
1773398892,kamailio,chatafl_opt,2,l_abs,13381
1773398892,kamailio,chatafl_opt,2,b_per,1.2
1773398892,kamailio,chatafl_opt,2,b_abs,6531
1773398893,kamailio,chatafl_opt,2,l_per,5.7
1773398893,kamailio,chatafl_opt,2,l_abs,13426
1773398893,kamailio,chatafl_opt,2,b_per,1.2
1773398893,kamailio,chatafl_opt,2,b_abs,6569
1773398883,kamailio,chatafl_opt,2,l_per,5.7
1773398883,kamailio,chatafl_opt,2,l_abs,13531
1773398883,kamailio,chatafl_opt,2,b_per,1.2
1773398883,kamailio,chatafl_opt,2,b_abs,6615
1773398960,kamailio,chatafl_opt,2,l_per,5.9
1773398960,kamailio,chatafl_opt,2,l_abs,13887
1773398960,kamailio,chatafl_opt,2,b_per,1.3
1773398960,kamailio,chatafl_opt,2,b_abs,7167
1773399065,kamailio,chatafl_opt,2,l_per,5.9
1773399065,kamailio,chatafl_opt,2,l_abs,13999
1773399065,kamailio,chatafl_opt,2,b_per,1.3
1773399065,kamailio,chatafl_opt,2,b_abs,7328
1773399166,kamailio,chatafl_opt,2,l_per,6.1
1773399166,kamailio,chatafl_opt,2,l_abs,14356
1773399166,kamailio,chatafl_opt,2,b_per,1.3
1773399166,kamailio,chatafl_opt,2,b_abs,7628
1773399274,kamailio,chatafl_opt,2,l_per,6.1
1773399274,kamailio,chatafl_opt,2,l_abs,14461
1773399274,kamailio,chatafl_opt,2,b_per,1.4
1773399274,kamailio,chatafl_opt,2,b_abs,7757
1773399394,kamailio,chatafl_opt,2,l_per,6.3
1773399394,kamailio,chatafl_opt,2,l_abs,14922
1773399394,kamailio,chatafl_opt,2,b_per,1.4
1773399394,kamailio,chatafl_opt,2,b_abs,8048
1773399471,kamailio,chatafl_opt,2,l_per,6.4
1773399471,kamailio,chatafl_opt,2,l_abs,15084
1773399471,kamailio,chatafl_opt,2,b_per,1.4
1773399471,kamailio,chatafl_opt,2,b_abs,8205
1773399575,kamailio,chatafl_opt,2,l_per,6.4
1773399575,kamailio,chatafl_opt,2,l_abs,15184
1773399575,kamailio,chatafl_opt,2,b_per,1.5
1773399575,kamailio,chatafl_opt,2,b_abs,8316
1773399688,kamailio,chatafl_opt,2,l_per,6.4
1773399688,kamailio,chatafl_opt,2,l_abs,15270
1773399688,kamailio,chatafl_opt,2,b_per,1.5
1773399688,kamailio,chatafl_opt,2,b_abs,8443
1773399794,kamailio,chatafl_opt,2,l_per,6.5
1773399794,kamailio,chatafl_opt,2,l_abs,15347
1773399794,kamailio,chatafl_opt,2,b_per,1.5
1773399794,kamailio,chatafl_opt,2,b_abs,8523
1773399882,kamailio,chatafl_opt,2,l_per,6.5
1773399882,kamailio,chatafl_opt,2,l_abs,15407
1773399882,kamailio,chatafl_opt,2,b_per,1.5
1773399882,kamailio,chatafl_opt,2,b_abs,8576
1773399997,kamailio,chatafl_opt,2,l_per,6.5
1773399997,kamailio,chatafl_opt,2,l_abs,15486
1773399997,kamailio,chatafl_opt,2,b_per,1.5
1773399997,kamailio,chatafl_opt,2,b_abs,8654
1773400107,kamailio,chatafl_opt,2,l_per,6.6
1773400107,kamailio,chatafl_opt,2,l_abs,15590
1773400107,kamailio,chatafl_opt,2,b_per,1.5
1773400107,kamailio,chatafl_opt,2,b_abs,8737
1773400220,kamailio,chatafl_opt,2,l_per,6.6
1773400220,kamailio,chatafl_opt,2,l_abs,15628
1773400220,kamailio,chatafl_opt,2,b_per,1.5
1773400220,kamailio,chatafl_opt,2,b_abs,8783
1773400343,kamailio,chatafl_opt,2,l_per,6.6
1773400343,kamailio,chatafl_opt,2,l_abs,15693
1773400343,kamailio,chatafl_opt,2,b_per,1.6
1773400343,kamailio,chatafl_opt,2,b_abs,8849
1773400477,kamailio,chatafl_opt,2,l_per,6.6
1773400477,kamailio,chatafl_opt,2,l_abs,15723
1773400477,kamailio,chatafl_opt,2,b_per,1.6
1773400477,kamailio,chatafl_opt,2,b_abs,8883
1773400615,kamailio,chatafl_opt,2,l_per,6.6
1773400615,kamailio,chatafl_opt,2,l_abs,15745
1773400615,kamailio,chatafl_opt,2,b_per,1.6
1773400615,kamailio,chatafl_opt,2,b_abs,8919
1773400755,kamailio,chatafl_opt,2,l_per,6.7
1773400755,kamailio,chatafl_opt,2,l_abs,15779
1773400755,kamailio,chatafl_opt,2,b_per,1.6
1773400755,kamailio,chatafl_opt,2,b_abs,8956
1773400899,kamailio,chatafl_opt,2,l_per,6.7
1773400899,kamailio,chatafl_opt,2,l_abs,15901
1773400899,kamailio,chatafl_opt,2,b_per,1.6
1773400899,kamailio,chatafl_opt,2,b_abs,9042
1773401034,kamailio,chatafl_opt,2,l_per,6.7
1773401034,kamailio,chatafl_opt,2,l_abs,15940
1773401034,kamailio,chatafl_opt,2,b_per,1.6
1773401034,kamailio,chatafl_opt,2,b_abs,9082
1773401172,kamailio,chatafl_opt,2,l_per,6.8
1773401172,kamailio,chatafl_opt,2,l_abs,16030
1773401172,kamailio,chatafl_opt,2,b_per,1.6
1773401172,kamailio,chatafl_opt,2,b_abs,9149
1773401366,kamailio,chatafl_opt,2,l_per,6.8
1773401366,kamailio,chatafl_opt,2,l_abs,16086
1773401366,kamailio,chatafl_opt,2,b_per,1.6
1773401366,kamailio,chatafl_opt,2,b_abs,9216
1773401644,kamailio,chatafl_opt,2,l_per,6.8
1773401644,kamailio,chatafl_opt,2,l_abs,16147
1773401644,kamailio,chatafl_opt,2,b_per,1.6
1773401644,kamailio,chatafl_opt,2,b_abs,9248
1773401846,kamailio,chatafl_opt,2,l_per,6.8
1773401846,kamailio,chatafl_opt,2,l_abs,16218
1773401846,kamailio,chatafl_opt,2,b_per,1.6
1773401846,kamailio,chatafl_opt,2,b_abs,9298
1773402125,kamailio,chatafl_opt,2,l_per,6.9
1773402125,kamailio,chatafl_opt,2,l_abs,16245
1773402125,kamailio,chatafl_opt,2,b_per,1.6
1773402125,kamailio,chatafl_opt,2,b_abs,9335
1773402326,kamailio,chatafl_opt,2,l_per,6.9
1773402326,kamailio,chatafl_opt,2,l_abs,16248
1773402326,kamailio,chatafl_opt,2,b_per,1.6
1773402326,kamailio,chatafl_opt,2,b_abs,9336
1773402644,kamailio,chatafl_opt,2,l_per,6.9
1773402644,kamailio,chatafl_opt,2,l_abs,16253
1773402644,kamailio,chatafl_opt,2,b_per,1.6
1773402644,kamailio,chatafl_opt,2,b_abs,9338
1773402973,kamailio,chatafl_opt,2,l_per,6.9
1773402973,kamailio,chatafl_opt,2,l_abs,16253
1773402973,kamailio,chatafl_opt,2,b_per,1.6
1773402973,kamailio,chatafl_opt,2,b_abs,9338
1773403211,kamailio,chatafl_opt,2,l_per,6.9
1773403211,kamailio,chatafl_opt,2,l_abs,16253
1773403211,kamailio,chatafl_opt,2,b_per,1.6
1773403211,kamailio,chatafl_opt,2,b_abs,9339
1773403385,kamailio,chatafl_opt,2,l_per,6.9
1773403385,kamailio,chatafl_opt,2,l_abs,16253
1773403385,kamailio,chatafl_opt,2,b_per,1.6
1773403385,kamailio,chatafl_opt,2,b_abs,9340
1773403620,kamailio,chatafl_opt,2,l_per,6.9
1773403620,kamailio,chatafl_opt,2,l_abs,16253
1773403620,kamailio,chatafl_opt,2,b_per,1.6
1773403620,kamailio,chatafl_opt,2,b_abs,9340
1773403910,kamailio,chatafl_opt,2,l_per,6.9
1773403910,kamailio,chatafl_opt,2,l_abs,16257
1773403910,kamailio,chatafl_opt,2,b_per,1.6
1773403910,kamailio,chatafl_opt,2,b_abs,9342
1773404374,kamailio,chatafl_opt,2,l_per,6.9
1773404374,kamailio,chatafl_opt,2,l_abs,16257
1773404374,kamailio,chatafl_opt,2,b_per,1.6
1773404374,kamailio,chatafl_opt,2,b_abs,9342
1773404615,kamailio,chatafl_opt,2,l_per,6.9
1773404615,kamailio,chatafl_opt,2,l_abs,16257
1773404615,kamailio,chatafl_opt,2,b_per,1.6
1773404615,kamailio,chatafl_opt,2,b_abs,9342
1773404880,kamailio,chatafl_opt,2,l_per,6.9
1773404880,kamailio,chatafl_opt,2,l_abs,16257
1773404880,kamailio,chatafl_opt,2,b_per,1.6
1773404880,kamailio,chatafl_opt,2,b_abs,9342
1773405032,kamailio,chatafl_opt,2,l_per,6.9
1773405032,kamailio,chatafl_opt,2,l_abs,16257
1773405032,kamailio,chatafl_opt,2,b_per,1.6
1773405032,kamailio,chatafl_opt,2,b_abs,9344
1773405223,kamailio,chatafl_opt,2,l_per,6.9
1773405223,kamailio,chatafl_opt,2,l_abs,16301
1773405223,kamailio,chatafl_opt,2,b_per,1.7
1773405223,kamailio,chatafl_opt,2,b_abs,9420
1773405466,kamailio,chatafl_opt,2,l_per,6.9
1773405466,kamailio,chatafl_opt,2,l_abs,16301
1773405466,kamailio,chatafl_opt,2,b_per,1.7
1773405466,kamailio,chatafl_opt,2,b_abs,9420
1773405796,kamailio,chatafl_opt,2,l_per,6.9
1773405796,kamailio,chatafl_opt,2,l_abs,16301
1773405796,kamailio,chatafl_opt,2,b_per,1.7
1773405796,kamailio,chatafl_opt,2,b_abs,9423
1773406147,kamailio,chatafl_opt,2,l_per,6.9
1773406147,kamailio,chatafl_opt,2,l_abs,16304
1773406147,kamailio,chatafl_opt,2,b_per,1.7
1773406147,kamailio,chatafl_opt,2,b_abs,9424
1773406609,kamailio,chatafl_opt,2,l_per,6.9
1773406609,kamailio,chatafl_opt,2,l_abs,16304
1773406609,kamailio,chatafl_opt,2,b_per,1.7
1773406609,kamailio,chatafl_opt,2,b_abs,9424
1773406920,kamailio,chatafl_opt,2,l_per,6.9
1773406920,kamailio,chatafl_opt,2,l_abs,16307
1773406920,kamailio,chatafl_opt,2,b_per,1.7
1773406920,kamailio,chatafl_opt,2,b_abs,9425
1773407247,kamailio,chatafl_opt,2,l_per,6.9
1773407247,kamailio,chatafl_opt,2,l_abs,16307
1773407247,kamailio,chatafl_opt,2,b_per,1.7
1773407247,kamailio,chatafl_opt,2,b_abs,9426
1773407623,kamailio,chatafl_opt,2,l_per,6.9
1773407623,kamailio,chatafl_opt,2,l_abs,16307
1773407623,kamailio,chatafl_opt,2,b_per,1.7
1773407623,kamailio,chatafl_opt,2,b_abs,9426
1773408013,kamailio,chatafl_opt,2,l_per,6.9
1773408013,kamailio,chatafl_opt,2,l_abs,16310
1773408013,kamailio,chatafl_opt,2,b_per,1.7
1773408013,kamailio,chatafl_opt,2,b_abs,9435
1773408602,kamailio,chatafl_opt,2,l_per,6.9
1773408602,kamailio,chatafl_opt,2,l_abs,16310
1773408602,kamailio,chatafl_opt,2,b_per,1.7
1773408602,kamailio,chatafl_opt,2,b_abs,9435
1773409038,kamailio,chatafl_opt,2,l_per,6.9
1773409038,kamailio,chatafl_opt,2,l_abs,16334
1773409038,kamailio,chatafl_opt,2,b_per,1.7
1773409038,kamailio,chatafl_opt,2,b_abs,9471
1773409459,kamailio,chatafl_opt,2,l_per,6.9
1773409459,kamailio,chatafl_opt,2,l_abs,16334
1773409459,kamailio,chatafl_opt,2,b_per,1.7
1773409459,kamailio,chatafl_opt,2,b_abs,9471
1773409946,kamailio,chatafl_opt,2,l_per,6.9
1773409946,kamailio,chatafl_opt,2,l_abs,16334
1773409946,kamailio,chatafl_opt,2,b_per,1.7
1773409946,kamailio,chatafl_opt,2,b_abs,9475
1773410475,kamailio,chatafl_opt,2,l_per,6.9
1773410475,kamailio,chatafl_opt,2,l_abs,16334
1773410475,kamailio,chatafl_opt,2,b_per,1.7
1773410475,kamailio,chatafl_opt,2,b_abs,9477
1773411050,kamailio,chatafl_opt,2,l_per,6.9
1773411050,kamailio,chatafl_opt,2,l_abs,16334
1773411050,kamailio,chatafl_opt,2,b_per,1.7
1773411050,kamailio,chatafl_opt,2,b_abs,9478
1773411491,kamailio,chatafl_opt,2,l_per,6.9
1773411491,kamailio,chatafl_opt,2,l_abs,16334
1773411491,kamailio,chatafl_opt,2,b_per,1.7
1773411491,kamailio,chatafl_opt,2,b_abs,9478
1773412050,kamailio,chatafl_opt,2,l_per,6.9
1773412050,kamailio,chatafl_opt,2,l_abs,16335
1773412050,kamailio,chatafl_opt,2,b_per,1.7
1773412050,kamailio,chatafl_opt,2,b_abs,9480
1773412718,kamailio,chatafl_opt,2,l_per,6.9
1773412718,kamailio,chatafl_opt,2,l_abs,16340
1773412718,kamailio,chatafl_opt,2,b_per,1.7
1773412718,kamailio,chatafl_opt,2,b_abs,9481
1773413236,kamailio,chatafl_opt,2,l_per,6.9
1773413236,kamailio,chatafl_opt,2,l_abs,16340
1773413236,kamailio,chatafl_opt,2,b_per,1.7
1773413236,kamailio,chatafl_opt,2,b_abs,9481
1773413940,kamailio,chatafl_opt,2,l_per,6.9
1773413940,kamailio,chatafl_opt,2,l_abs,16340
1773413940,kamailio,chatafl_opt,2,b_per,1.7
1773413940,kamailio,chatafl_opt,2,b_abs,9484
1773414599,kamailio,chatafl_opt,2,l_per,6.9
1773414599,kamailio,chatafl_opt,2,l_abs,16340
1773414599,kamailio,chatafl_opt,2,b_per,1.7
1773414599,kamailio,chatafl_opt,2,b_abs,9484
1773415182,kamailio,chatafl_opt,2,l_per,6.9
1773415182,kamailio,chatafl_opt,2,l_abs,16340
1773415182,kamailio,chatafl_opt,2,b_per,1.7
1773415182,kamailio,chatafl_opt,2,b_abs,9485
1773415689,kamailio,chatafl_opt,2,l_per,6.9
1773415689,kamailio,chatafl_opt,2,l_abs,16340
1773415689,kamailio,chatafl_opt,2,b_per,1.7
1773415689,kamailio,chatafl_opt,2,b_abs,9485
1773416308,kamailio,chatafl_opt,2,l_per,6.9
1773416308,kamailio,chatafl_opt,2,l_abs,16340
1773416308,kamailio,chatafl_opt,2,b_per,1.7
1773416308,kamailio,chatafl_opt,2,b_abs,9486
1773416907,kamailio,chatafl_opt,2,l_per,6.9
1773416907,kamailio,chatafl_opt,2,l_abs,16405
1773416907,kamailio,chatafl_opt,2,b_per,1.7
1773416907,kamailio,chatafl_opt,2,b_abs,9538
1773417439,kamailio,chatafl_opt,2,l_per,6.9
1773417439,kamailio,chatafl_opt,2,l_abs,16422
1773417439,kamailio,chatafl_opt,2,b_per,1.7
1773417439,kamailio,chatafl_opt,2,b_abs,9567
1773418205,kamailio,chatafl_opt,2,l_per,6.9
1773418205,kamailio,chatafl_opt,2,l_abs,16422
1773418205,kamailio,chatafl_opt,2,b_per,1.7
1773418205,kamailio,chatafl_opt,2,b_abs,9567
1773418731,kamailio,chatafl_opt,2,l_per,6.9
1773418731,kamailio,chatafl_opt,2,l_abs,16434
1773418731,kamailio,chatafl_opt,2,b_per,1.7
1773418731,kamailio,chatafl_opt,2,b_abs,9597
1773419279,kamailio,chatafl_opt,2,l_per,6.9
1773419279,kamailio,chatafl_opt,2,l_abs,16434
1773419279,kamailio,chatafl_opt,2,b_per,1.7
1773419279,kamailio,chatafl_opt,2,b_abs,9599
1773419819,kamailio,chatafl_opt,2,l_per,6.9
1773419819,kamailio,chatafl_opt,2,l_abs,16438
1773419819,kamailio,chatafl_opt,2,b_per,1.7
1773419819,kamailio,chatafl_opt,2,b_abs,9619
1773420988,kamailio,chatafl_opt,2,l_per,6.9
1773420988,kamailio,chatafl_opt,2,l_abs,16448
1773420988,kamailio,chatafl_opt,2,b_per,1.7
1773420988,kamailio,chatafl_opt,2,b_abs,9640
1773421951,kamailio,chatafl_opt,2,l_per,6.9
1773421951,kamailio,chatafl_opt,2,l_abs,16448
1773421951,kamailio,chatafl_opt,2,b_per,1.7
1773421951,kamailio,chatafl_opt,2,b_abs,9640
1773422928,kamailio,chatafl_opt,2,l_per,6.9
1773422928,kamailio,chatafl_opt,2,l_abs,16458
1773422928,kamailio,chatafl_opt,2,b_per,1.7
1773422928,kamailio,chatafl_opt,2,b_abs,9648
1773423671,kamailio,chatafl_opt,2,l_per,6.9
1773423671,kamailio,chatafl_opt,2,l_abs,16459
1773423671,kamailio,chatafl_opt,2,b_per,1.7
1773423671,kamailio,chatafl_opt,2,b_abs,9653
1773424270,kamailio,chatafl_opt,2,l_per,6.9
1773424270,kamailio,chatafl_opt,2,l_abs,16460
1773424270,kamailio,chatafl_opt,2,b_per,1.7
1773424270,kamailio,chatafl_opt,2,b_abs,9654
1773425090,kamailio,chatafl_opt,2,l_per,7.0
1773425090,kamailio,chatafl_opt,2,l_abs,16515
1773425090,kamailio,chatafl_opt,2,b_per,1.7
1773425090,kamailio,chatafl_opt,2,b_abs,9696
1773425888,kamailio,chatafl_opt,2,l_per,7.0
1773425888,kamailio,chatafl_opt,2,l_abs,16515
1773425888,kamailio,chatafl_opt,2,b_per,1.7
1773425888,kamailio,chatafl_opt,2,b_abs,9696
1773426569,kamailio,chatafl_opt,2,l_per,7.0
1773426569,kamailio,chatafl_opt,2,l_abs,16525
1773426569,kamailio,chatafl_opt,2,b_per,1.7
1773426569,kamailio,chatafl_opt,2,b_abs,9704
1773427749,kamailio,chatafl_opt,2,l_per,7.0
1773427749,kamailio,chatafl_opt,2,l_abs,16525
1773427749,kamailio,chatafl_opt,2,b_per,1.7
1773427749,kamailio,chatafl_opt,2,b_abs,9704
1773428961,kamailio,chatafl_opt,2,l_per,7.0
1773428961,kamailio,chatafl_opt,2,l_abs,16525
1773428961,kamailio,chatafl_opt,2,b_per,1.7
1773428961,kamailio,chatafl_opt,2,b_abs,9704
1773430600,kamailio,chatafl_opt,2,l_per,7.0
1773430600,kamailio,chatafl_opt,2,l_abs,16525
1773430600,kamailio,chatafl_opt,2,b_per,1.7
1773430600,kamailio,chatafl_opt,2,b_abs,9704
1773431452,kamailio,chatafl_opt,2,l_per,7.0
1773431452,kamailio,chatafl_opt,2,l_abs,16525
1773431452,kamailio,chatafl_opt,2,b_per,1.7
1773431452,kamailio,chatafl_opt,2,b_abs,9706
1773432641,kamailio,chatafl_opt,2,l_per,7.0
1773432641,kamailio,chatafl_opt,2,l_abs,16525
1773432641,kamailio,chatafl_opt,2,b_per,1.7
1773432641,kamailio,chatafl_opt,2,b_abs,9706
1773433870,kamailio,chatafl_opt,2,l_per,7.0
1773433870,kamailio,chatafl_opt,2,l_abs,16527
1773433870,kamailio,chatafl_opt,2,b_per,1.7
1773433870,kamailio,chatafl_opt,2,b_abs,9708
1773435330,kamailio,chatafl_opt,2,l_per,7.0
1773435330,kamailio,chatafl_opt,2,l_abs,16527
1773435330,kamailio,chatafl_opt,2,b_per,1.7
1773435330,kamailio,chatafl_opt,2,b_abs,9709
1773437788,kamailio,chatafl_opt,2,l_per,7.0
1773437788,kamailio,chatafl_opt,2,l_abs,16527
1773437788,kamailio,chatafl_opt,2,b_per,1.7
1773437788,kamailio,chatafl_opt,2,b_abs,9709
1773439592,kamailio,chatafl_opt,2,l_per,7.0
1773439592,kamailio,chatafl_opt,2,l_abs,16527
1773439592,kamailio,chatafl_opt,2,b_per,1.7
1773439592,kamailio,chatafl_opt,2,b_abs,9709
1773441037,kamailio,chatafl_opt,2,l_per,7.0
1773441037,kamailio,chatafl_opt,2,l_abs,16527
1773441037,kamailio,chatafl_opt,2,b_per,1.7
1773441037,kamailio,chatafl_opt,2,b_abs,9709
1773441928,kamailio,chatafl_opt,2,l_per,7.0
1773441928,kamailio,chatafl_opt,2,l_abs,16527
1773441928,kamailio,chatafl_opt,2,b_per,1.7
1773441928,kamailio,chatafl_opt,2,b_abs,9709
1773443083,kamailio,chatafl_opt,2,l_per,7.0
1773443083,kamailio,chatafl_opt,2,l_abs,16529
1773443083,kamailio,chatafl_opt,2,b_per,1.7
1773443083,kamailio,chatafl_opt,2,b_abs,9719
1773444637,kamailio,chatafl_opt,2,l_per,7.0
1773444637,kamailio,chatafl_opt,2,l_abs,16529
1773444637,kamailio,chatafl_opt,2,b_per,1.7
1773444637,kamailio,chatafl_opt,2,b_abs,9719
1773445441,kamailio,chatafl_opt,2,l_per,7.0
1773445441,kamailio,chatafl_opt,2,l_abs,16529
1773445441,kamailio,chatafl_opt,2,b_per,1.7
1773445441,kamailio,chatafl_opt,2,b_abs,9719
1773446930,kamailio,chatafl_opt,2,l_per,7.0
1773446930,kamailio,chatafl_opt,2,l_abs,16529
1773446930,kamailio,chatafl_opt,2,b_per,1.7
1773446930,kamailio,chatafl_opt,2,b_abs,9719
1773448553,kamailio,chatafl_opt,2,l_per,7.0
1773448553,kamailio,chatafl_opt,2,l_abs,16529
1773448553,kamailio,chatafl_opt,2,b_per,1.7
1773448553,kamailio,chatafl_opt,2,b_abs,9719
1773449749,kamailio,chatafl_opt,2,l_per,7.0
1773449749,kamailio,chatafl_opt,2,l_abs,16532
1773449749,kamailio,chatafl_opt,2,b_per,1.7
1773449749,kamailio,chatafl_opt,2,b_abs,9720
1773450419,kamailio,chatafl_opt,2,l_per,7.0
1773450419,kamailio,chatafl_opt,2,l_abs,16532
1773450419,kamailio,chatafl_opt,2,b_per,1.7
1773450419,kamailio,chatafl_opt,2,b_abs,9720
1773451228,kamailio,chatafl_opt,2,l_per,7.0
1773451228,kamailio,chatafl_opt,2,l_abs,16533
1773451228,kamailio,chatafl_opt,2,b_per,1.7
1773451228,kamailio,chatafl_opt,2,b_abs,9722
1773452451,kamailio,chatafl_opt,2,l_per,7.0
1773452451,kamailio,chatafl_opt,2,l_abs,16547
1773452451,kamailio,chatafl_opt,2,b_per,1.7
1773452451,kamailio,chatafl_opt,2,b_abs,9730
1773453895,kamailio,chatafl_opt,2,l_per,7.0
1773453895,kamailio,chatafl_opt,2,l_abs,16547
1773453895,kamailio,chatafl_opt,2,b_per,1.7
1773453895,kamailio,chatafl_opt,2,b_abs,9730
1773454841,kamailio,chatafl_opt,2,l_per,7.0
1773454841,kamailio,chatafl_opt,2,l_abs,16547
1773454841,kamailio,chatafl_opt,2,b_per,1.7
1773454841,kamailio,chatafl_opt,2,b_abs,9730
1773456414,kamailio,chatafl_opt,2,l_per,7.0
1773456414,kamailio,chatafl_opt,2,l_abs,16547
1773456414,kamailio,chatafl_opt,2,b_per,1.7
1773456414,kamailio,chatafl_opt,2,b_abs,9730
1773457753,kamailio,chatafl_opt,2,l_per,7.0
1773457753,kamailio,chatafl_opt,2,l_abs,16549
1773457753,kamailio,chatafl_opt,2,b_per,1.7
1773457753,kamailio,chatafl_opt,2,b_abs,9733
1773459071,kamailio,chatafl_opt,2,l_per,7.0
1773459071,kamailio,chatafl_opt,2,l_abs,16557
1773459071,kamailio,chatafl_opt,2,b_per,1.7
1773459071,kamailio,chatafl_opt,2,b_abs,9740
1773460461,kamailio,chatafl_opt,2,l_per,7.0
1773460461,kamailio,chatafl_opt,2,l_abs,16559
1773460461,kamailio,chatafl_opt,2,b_per,1.7
1773460461,kamailio,chatafl_opt,2,b_abs,9741
1773461773,kamailio,chatafl_opt,2,l_per,7.0
1773461773,kamailio,chatafl_opt,2,l_abs,16559
1773461773,kamailio,chatafl_opt,2,b_per,1.7
1773461773,kamailio,chatafl_opt,2,b_abs,9741
1773464455,kamailio,chatafl_opt,2,l_per,7.0
1773464455,kamailio,chatafl_opt,2,l_abs,16559
1773464455,kamailio,chatafl_opt,2,b_per,1.7
1773464455,kamailio,chatafl_opt,2,b_abs,9741
1773466439,kamailio,chatafl_opt,2,l_per,7.0
1773466439,kamailio,chatafl_opt,2,l_abs,16559
1773466439,kamailio,chatafl_opt,2,b_per,1.7
1773466439,kamailio,chatafl_opt,2,b_abs,9741
1773468551,kamailio,chatafl_opt,2,l_per,7.0
1773468551,kamailio,chatafl_opt,2,l_abs,16559
1773468551,kamailio,chatafl_opt,2,b_per,1.7
1773468551,kamailio,chatafl_opt,2,b_abs,9741
1773470417,kamailio,chatafl_opt,2,l_per,7.0
1773470417,kamailio,chatafl_opt,2,l_abs,16559
1773470417,kamailio,chatafl_opt,2,b_per,1.7
1773470417,kamailio,chatafl_opt,2,b_abs,9741
1773472163,kamailio,chatafl_opt,2,l_per,7.0
1773472163,kamailio,chatafl_opt,2,l_abs,16559
1773472163,kamailio,chatafl_opt,2,b_per,1.7
1773472163,kamailio,chatafl_opt,2,b_abs,9741
1773473405,kamailio,chatafl_opt,2,l_per,7.0
1773473405,kamailio,chatafl_opt,2,l_abs,16563
1773473405,kamailio,chatafl_opt,2,b_per,1.7
1773473405,kamailio,chatafl_opt,2,b_abs,9743
1773474682,kamailio,chatafl_opt,2,l_per,7.0
1773474682,kamailio,chatafl_opt,2,l_abs,16566
1773474682,kamailio,chatafl_opt,2,b_per,1.7
1773474682,kamailio,chatafl_opt,2,b_abs,9755
1773475731,kamailio,chatafl_opt,2,l_per,7.0
1773475731,kamailio,chatafl_opt,2,l_abs,16567
1773475731,kamailio,chatafl_opt,2,b_per,1.7
1773475731,kamailio,chatafl_opt,2,b_abs,9757
1773478023,kamailio,chatafl_opt,2,l_per,7.0
1773478023,kamailio,chatafl_opt,2,l_abs,16567
1773478023,kamailio,chatafl_opt,2,b_per,1.7
1773478023,kamailio,chatafl_opt,2,b_abs,9759
1773479823,kamailio,chatafl_opt,2,l_per,7.0
1773479823,kamailio,chatafl_opt,2,l_abs,16579
1773479823,kamailio,chatafl_opt,2,b_per,1.7
1773479823,kamailio,chatafl_opt,2,b_abs,9767
1773481209,kamailio,chatafl_opt,2,l_per,7.0
1773481209,kamailio,chatafl_opt,2,l_abs,16581
1773481209,kamailio,chatafl_opt,2,b_per,1.7
1773481209,kamailio,chatafl_opt,2,b_abs,9768
1773482544,kamailio,chatafl_opt,2,l_per,7.0
1773482544,kamailio,chatafl_opt,2,l_abs,16581
1773482544,kamailio,chatafl_opt,2,b_per,1.7
1773482544,kamailio,chatafl_opt,2,b_abs,9768
1773484955,kamailio,chatafl_opt,2,l_per,7.0
1773484955,kamailio,chatafl_opt,2,l_abs,16581
1773484955,kamailio,chatafl_opt,2,b_per,1.7
1773484955,kamailio,chatafl_opt,2,b_abs,9768
1773486758,kamailio,chatafl_opt,2,l_per,7.0
1773486758,kamailio,chatafl_opt,2,l_abs,16581
1773486758,kamailio,chatafl_opt,2,b_per,1.7
1773486758,kamailio,chatafl_opt,2,b_abs,9768
1773398792,kamailio,chatafl_opt,3,l_per,4.2
1773398792,kamailio,chatafl_opt,3,l_abs,10014
1773398792,kamailio,chatafl_opt,3,b_per,0.8
1773398792,kamailio,chatafl_opt,3,b_abs,4638
1773398794,kamailio,chatafl_opt,3,l_per,4.2
1773398794,kamailio,chatafl_opt,3,l_abs,10017
1773398794,kamailio,chatafl_opt,3,b_per,0.8
1773398794,kamailio,chatafl_opt,3,b_abs,4643
1773398796,kamailio,chatafl_opt,3,l_per,4.7
1773398796,kamailio,chatafl_opt,3,l_abs,11138
1773398796,kamailio,chatafl_opt,3,b_per,0.9
1773398796,kamailio,chatafl_opt,3,b_abs,5194
1773398797,kamailio,chatafl_opt,3,l_per,4.7
1773398797,kamailio,chatafl_opt,3,l_abs,11138
1773398797,kamailio,chatafl_opt,3,b_per,0.9
1773398797,kamailio,chatafl_opt,3,b_abs,5194
1773398806,kamailio,chatafl_opt,3,l_per,4.7
1773398806,kamailio,chatafl_opt,3,l_abs,11138
1773398806,kamailio,chatafl_opt,3,b_per,0.9
1773398806,kamailio,chatafl_opt,3,b_abs,5194
1773398807,kamailio,chatafl_opt,3,l_per,4.7
1773398807,kamailio,chatafl_opt,3,l_abs,11138
1773398807,kamailio,chatafl_opt,3,b_per,0.9
1773398807,kamailio,chatafl_opt,3,b_abs,5194
1773398809,kamailio,chatafl_opt,3,l_per,4.7
1773398809,kamailio,chatafl_opt,3,l_abs,11138
1773398809,kamailio,chatafl_opt,3,b_per,0.9
1773398809,kamailio,chatafl_opt,3,b_abs,5194
1773398811,kamailio,chatafl_opt,3,l_per,4.7
1773398811,kamailio,chatafl_opt,3,l_abs,11138
1773398811,kamailio,chatafl_opt,3,b_per,0.9
1773398811,kamailio,chatafl_opt,3,b_abs,5194
1773398812,kamailio,chatafl_opt,3,l_per,4.7
1773398812,kamailio,chatafl_opt,3,l_abs,11138
1773398812,kamailio,chatafl_opt,3,b_per,0.9
1773398812,kamailio,chatafl_opt,3,b_abs,5194
1773398814,kamailio,chatafl_opt,3,l_per,4.7
1773398814,kamailio,chatafl_opt,3,l_abs,11138
1773398814,kamailio,chatafl_opt,3,b_per,0.9
1773398814,kamailio,chatafl_opt,3,b_abs,5194
1773398816,kamailio,chatafl_opt,3,l_per,4.7
1773398816,kamailio,chatafl_opt,3,l_abs,11138
1773398816,kamailio,chatafl_opt,3,b_per,0.9
1773398816,kamailio,chatafl_opt,3,b_abs,5194
1773398817,kamailio,chatafl_opt,3,l_per,4.7
1773398817,kamailio,chatafl_opt,3,l_abs,11138
1773398817,kamailio,chatafl_opt,3,b_per,0.9
1773398817,kamailio,chatafl_opt,3,b_abs,5194
1773398819,kamailio,chatafl_opt,3,l_per,5.5
1773398819,kamailio,chatafl_opt,3,l_abs,13061
1773398819,kamailio,chatafl_opt,3,b_per,1.1
1773398819,kamailio,chatafl_opt,3,b_abs,6240
1773398821,kamailio,chatafl_opt,3,l_per,5.5
1773398821,kamailio,chatafl_opt,3,l_abs,13061
1773398821,kamailio,chatafl_opt,3,b_per,1.1
1773398821,kamailio,chatafl_opt,3,b_abs,6240
1773398823,kamailio,chatafl_opt,3,l_per,5.5
1773398823,kamailio,chatafl_opt,3,l_abs,13061
1773398823,kamailio,chatafl_opt,3,b_per,1.1
1773398823,kamailio,chatafl_opt,3,b_abs,6240
1773398824,kamailio,chatafl_opt,3,l_per,5.5
1773398824,kamailio,chatafl_opt,3,l_abs,13061
1773398824,kamailio,chatafl_opt,3,b_per,1.1
1773398824,kamailio,chatafl_opt,3,b_abs,6240
1773398826,kamailio,chatafl_opt,3,l_per,5.6
1773398826,kamailio,chatafl_opt,3,l_abs,13250
1773398826,kamailio,chatafl_opt,3,b_per,1.1
1773398826,kamailio,chatafl_opt,3,b_abs,6396
1773398828,kamailio,chatafl_opt,3,l_per,5.6
1773398828,kamailio,chatafl_opt,3,l_abs,13250
1773398828,kamailio,chatafl_opt,3,b_per,1.1
1773398828,kamailio,chatafl_opt,3,b_abs,6396
1773398829,kamailio,chatafl_opt,3,l_per,5.6
1773398829,kamailio,chatafl_opt,3,l_abs,13266
1773398829,kamailio,chatafl_opt,3,b_per,1.1
1773398829,kamailio,chatafl_opt,3,b_abs,6439
1773398831,kamailio,chatafl_opt,3,l_per,5.6
1773398831,kamailio,chatafl_opt,3,l_abs,13266
1773398831,kamailio,chatafl_opt,3,b_per,1.1
1773398831,kamailio,chatafl_opt,3,b_abs,6439
1773398833,kamailio,chatafl_opt,3,l_per,5.6
1773398833,kamailio,chatafl_opt,3,l_abs,13316
1773398833,kamailio,chatafl_opt,3,b_per,1.1
1773398833,kamailio,chatafl_opt,3,b_abs,6488
1773398835,kamailio,chatafl_opt,3,l_per,5.6
1773398835,kamailio,chatafl_opt,3,l_abs,13316
1773398835,kamailio,chatafl_opt,3,b_per,1.1
1773398835,kamailio,chatafl_opt,3,b_abs,6488
1773398836,kamailio,chatafl_opt,3,l_per,5.6
1773398836,kamailio,chatafl_opt,3,l_abs,13316
1773398836,kamailio,chatafl_opt,3,b_per,1.1
1773398836,kamailio,chatafl_opt,3,b_abs,6488
1773398838,kamailio,chatafl_opt,3,l_per,5.6
1773398838,kamailio,chatafl_opt,3,l_abs,13321
1773398838,kamailio,chatafl_opt,3,b_per,1.1
1773398838,kamailio,chatafl_opt,3,b_abs,6490
1773398840,kamailio,chatafl_opt,3,l_per,5.6
1773398840,kamailio,chatafl_opt,3,l_abs,13321
1773398840,kamailio,chatafl_opt,3,b_per,1.1
1773398840,kamailio,chatafl_opt,3,b_abs,6491
1773398841,kamailio,chatafl_opt,3,l_per,5.6
1773398841,kamailio,chatafl_opt,3,l_abs,13321
1773398841,kamailio,chatafl_opt,3,b_per,1.1
1773398841,kamailio,chatafl_opt,3,b_abs,6491
1773398843,kamailio,chatafl_opt,3,l_per,5.6
1773398843,kamailio,chatafl_opt,3,l_abs,13321
1773398843,kamailio,chatafl_opt,3,b_per,1.1
1773398843,kamailio,chatafl_opt,3,b_abs,6491
1773398844,kamailio,chatafl_opt,3,l_per,5.6
1773398844,kamailio,chatafl_opt,3,l_abs,13321
1773398844,kamailio,chatafl_opt,3,b_per,1.1
1773398844,kamailio,chatafl_opt,3,b_abs,6491
1773398846,kamailio,chatafl_opt,3,l_per,5.6
1773398846,kamailio,chatafl_opt,3,l_abs,13356
1773398846,kamailio,chatafl_opt,3,b_per,1.1
1773398846,kamailio,chatafl_opt,3,b_abs,6512
1773398848,kamailio,chatafl_opt,3,l_per,5.6
1773398848,kamailio,chatafl_opt,3,l_abs,13356
1773398848,kamailio,chatafl_opt,3,b_per,1.1
1773398848,kamailio,chatafl_opt,3,b_abs,6512
1773398850,kamailio,chatafl_opt,3,l_per,5.6
1773398850,kamailio,chatafl_opt,3,l_abs,13356
1773398850,kamailio,chatafl_opt,3,b_per,1.1
1773398850,kamailio,chatafl_opt,3,b_abs,6512
1773398851,kamailio,chatafl_opt,3,l_per,5.6
1773398851,kamailio,chatafl_opt,3,l_abs,13356
1773398851,kamailio,chatafl_opt,3,b_per,1.1
1773398851,kamailio,chatafl_opt,3,b_abs,6512
1773398853,kamailio,chatafl_opt,3,l_per,5.6
1773398853,kamailio,chatafl_opt,3,l_abs,13356
1773398853,kamailio,chatafl_opt,3,b_per,1.1
1773398853,kamailio,chatafl_opt,3,b_abs,6512
1773398855,kamailio,chatafl_opt,3,l_per,5.6
1773398855,kamailio,chatafl_opt,3,l_abs,13356
1773398855,kamailio,chatafl_opt,3,b_per,1.1
1773398855,kamailio,chatafl_opt,3,b_abs,6512
1773398857,kamailio,chatafl_opt,3,l_per,5.6
1773398857,kamailio,chatafl_opt,3,l_abs,13356
1773398857,kamailio,chatafl_opt,3,b_per,1.1
1773398857,kamailio,chatafl_opt,3,b_abs,6512
1773398858,kamailio,chatafl_opt,3,l_per,5.6
1773398858,kamailio,chatafl_opt,3,l_abs,13356
1773398858,kamailio,chatafl_opt,3,b_per,1.1
1773398858,kamailio,chatafl_opt,3,b_abs,6512
1773398860,kamailio,chatafl_opt,3,l_per,5.7
1773398860,kamailio,chatafl_opt,3,l_abs,13524
1773398860,kamailio,chatafl_opt,3,b_per,1.2
1773398860,kamailio,chatafl_opt,3,b_abs,6609
1773398862,kamailio,chatafl_opt,3,l_per,5.7
1773398862,kamailio,chatafl_opt,3,l_abs,13524
1773398862,kamailio,chatafl_opt,3,b_per,1.2
1773398862,kamailio,chatafl_opt,3,b_abs,6609
1773398863,kamailio,chatafl_opt,3,l_per,5.7
1773398863,kamailio,chatafl_opt,3,l_abs,13524
1773398863,kamailio,chatafl_opt,3,b_per,1.2
1773398863,kamailio,chatafl_opt,3,b_abs,6609
1773398865,kamailio,chatafl_opt,3,l_per,5.7
1773398865,kamailio,chatafl_opt,3,l_abs,13524
1773398865,kamailio,chatafl_opt,3,b_per,1.2
1773398865,kamailio,chatafl_opt,3,b_abs,6609
1773398873,kamailio,chatafl_opt,3,l_per,5.7
1773398873,kamailio,chatafl_opt,3,l_abs,13524
1773398873,kamailio,chatafl_opt,3,b_per,1.2
1773398873,kamailio,chatafl_opt,3,b_abs,6609
1773398875,kamailio,chatafl_opt,3,l_per,5.7
1773398875,kamailio,chatafl_opt,3,l_abs,13524
1773398875,kamailio,chatafl_opt,3,b_per,1.2
1773398875,kamailio,chatafl_opt,3,b_abs,6609
1773398876,kamailio,chatafl_opt,3,l_per,5.7
1773398876,kamailio,chatafl_opt,3,l_abs,13524
1773398876,kamailio,chatafl_opt,3,b_per,1.2
1773398876,kamailio,chatafl_opt,3,b_abs,6609
1773398878,kamailio,chatafl_opt,3,l_per,5.7
1773398878,kamailio,chatafl_opt,3,l_abs,13524
1773398878,kamailio,chatafl_opt,3,b_per,1.2
1773398878,kamailio,chatafl_opt,3,b_abs,6609
1773398880,kamailio,chatafl_opt,3,l_per,5.7
1773398880,kamailio,chatafl_opt,3,l_abs,13524
1773398880,kamailio,chatafl_opt,3,b_per,1.2
1773398880,kamailio,chatafl_opt,3,b_abs,6609
1773398881,kamailio,chatafl_opt,3,l_per,5.7
1773398881,kamailio,chatafl_opt,3,l_abs,13524
1773398881,kamailio,chatafl_opt,3,b_per,1.2
1773398881,kamailio,chatafl_opt,3,b_abs,6609
1773398865,kamailio,chatafl_opt,3,l_per,5.7
1773398865,kamailio,chatafl_opt,3,l_abs,13542
1773398865,kamailio,chatafl_opt,3,b_per,1.2
1773398865,kamailio,chatafl_opt,3,b_abs,6618
1773398944,kamailio,chatafl_opt,3,l_per,6.0
1773398944,kamailio,chatafl_opt,3,l_abs,14299
1773398944,kamailio,chatafl_opt,3,b_per,1.3
1773398944,kamailio,chatafl_opt,3,b_abs,7323
1773399027,kamailio,chatafl_opt,3,l_per,6.1
1773399027,kamailio,chatafl_opt,3,l_abs,14545
1773399027,kamailio,chatafl_opt,3,b_per,1.3
1773399027,kamailio,chatafl_opt,3,b_abs,7602
1773399151,kamailio,chatafl_opt,3,l_per,6.2
1773399151,kamailio,chatafl_opt,3,l_abs,14658
1773399151,kamailio,chatafl_opt,3,b_per,1.4
1773399151,kamailio,chatafl_opt,3,b_abs,7733
1773399278,kamailio,chatafl_opt,3,l_per,6.3
1773399278,kamailio,chatafl_opt,3,l_abs,14821
1773399278,kamailio,chatafl_opt,3,b_per,1.4
1773399278,kamailio,chatafl_opt,3,b_abs,7932
1773399386,kamailio,chatafl_opt,3,l_per,6.3
1773399386,kamailio,chatafl_opt,3,l_abs,14919
1773399386,kamailio,chatafl_opt,3,b_per,1.4
1773399386,kamailio,chatafl_opt,3,b_abs,8039
1773399467,kamailio,chatafl_opt,3,l_per,6.3
1773399467,kamailio,chatafl_opt,3,l_abs,15015
1773399467,kamailio,chatafl_opt,3,b_per,1.4
1773399467,kamailio,chatafl_opt,3,b_abs,8146
1773399569,kamailio,chatafl_opt,3,l_per,6.4
1773399569,kamailio,chatafl_opt,3,l_abs,15106
1773399569,kamailio,chatafl_opt,3,b_per,1.5
1773399569,kamailio,chatafl_opt,3,b_abs,8264
1773399677,kamailio,chatafl_opt,3,l_per,6.4
1773399677,kamailio,chatafl_opt,3,l_abs,15232
1773399677,kamailio,chatafl_opt,3,b_per,1.5
1773399677,kamailio,chatafl_opt,3,b_abs,8394
1773399765,kamailio,chatafl_opt,3,l_per,6.5
1773399765,kamailio,chatafl_opt,3,l_abs,15325
1773399765,kamailio,chatafl_opt,3,b_per,1.5
1773399765,kamailio,chatafl_opt,3,b_abs,8509
1773399879,kamailio,chatafl_opt,3,l_per,6.5
1773399879,kamailio,chatafl_opt,3,l_abs,15366
1773399879,kamailio,chatafl_opt,3,b_per,1.5
1773399879,kamailio,chatafl_opt,3,b_abs,8581
1773400013,kamailio,chatafl_opt,3,l_per,6.5
1773400013,kamailio,chatafl_opt,3,l_abs,15505
1773400013,kamailio,chatafl_opt,3,b_per,1.5
1773400013,kamailio,chatafl_opt,3,b_abs,8665
1773400177,kamailio,chatafl_opt,3,l_per,6.6
1773400177,kamailio,chatafl_opt,3,l_abs,15576
1773400177,kamailio,chatafl_opt,3,b_per,1.5
1773400177,kamailio,chatafl_opt,3,b_abs,8714
1773400311,kamailio,chatafl_opt,3,l_per,6.6
1773400311,kamailio,chatafl_opt,3,l_abs,15586
1773400311,kamailio,chatafl_opt,3,b_per,1.5
1773400311,kamailio,chatafl_opt,3,b_abs,8736
1773400457,kamailio,chatafl_opt,3,l_per,6.6
1773400457,kamailio,chatafl_opt,3,l_abs,15620
1773400457,kamailio,chatafl_opt,3,b_per,1.5
1773400457,kamailio,chatafl_opt,3,b_abs,8766
1773400598,kamailio,chatafl_opt,3,l_per,6.6
1773400598,kamailio,chatafl_opt,3,l_abs,15700
1773400598,kamailio,chatafl_opt,3,b_per,1.6
1773400598,kamailio,chatafl_opt,3,b_abs,8854
1773400797,kamailio,chatafl_opt,3,l_per,6.6
1773400797,kamailio,chatafl_opt,3,l_abs,15720
1773400797,kamailio,chatafl_opt,3,b_per,1.6
1773400797,kamailio,chatafl_opt,3,b_abs,8894
1773400951,kamailio,chatafl_opt,3,l_per,6.6
1773400951,kamailio,chatafl_opt,3,l_abs,15730
1773400951,kamailio,chatafl_opt,3,b_per,1.6
1773400951,kamailio,chatafl_opt,3,b_abs,8924
1773401083,kamailio,chatafl_opt,3,l_per,6.7
1773401083,kamailio,chatafl_opt,3,l_abs,15766
1773401083,kamailio,chatafl_opt,3,b_per,1.6
1773401083,kamailio,chatafl_opt,3,b_abs,8960
1773401227,kamailio,chatafl_opt,3,l_per,6.7
1773401227,kamailio,chatafl_opt,3,l_abs,15822
1773401227,kamailio,chatafl_opt,3,b_per,1.6
1773401227,kamailio,chatafl_opt,3,b_abs,9008
1773401440,kamailio,chatafl_opt,3,l_per,6.7
1773401440,kamailio,chatafl_opt,3,l_abs,15869
1773401440,kamailio,chatafl_opt,3,b_per,1.6
1773401440,kamailio,chatafl_opt,3,b_abs,9063
1773401651,kamailio,chatafl_opt,3,l_per,6.7
1773401651,kamailio,chatafl_opt,3,l_abs,15899
1773401651,kamailio,chatafl_opt,3,b_per,1.6
1773401651,kamailio,chatafl_opt,3,b_abs,9106
1773401872,kamailio,chatafl_opt,3,l_per,6.7
1773401872,kamailio,chatafl_opt,3,l_abs,15955
1773401872,kamailio,chatafl_opt,3,b_per,1.6
1773401872,kamailio,chatafl_opt,3,b_abs,9151
1773402202,kamailio,chatafl_opt,3,l_per,6.7
1773402202,kamailio,chatafl_opt,3,l_abs,15986
1773402202,kamailio,chatafl_opt,3,b_per,1.6
1773402202,kamailio,chatafl_opt,3,b_abs,9181
1773402416,kamailio,chatafl_opt,3,l_per,6.7
1773402416,kamailio,chatafl_opt,3,l_abs,15995
1773402416,kamailio,chatafl_opt,3,b_per,1.6
1773402416,kamailio,chatafl_opt,3,b_abs,9190
1773402561,kamailio,chatafl_opt,3,l_per,6.8
1773402561,kamailio,chatafl_opt,3,l_abs,16003
1773402561,kamailio,chatafl_opt,3,b_per,1.6
1773402561,kamailio,chatafl_opt,3,b_abs,9196
1773402765,kamailio,chatafl_opt,3,l_per,6.8
1773402765,kamailio,chatafl_opt,3,l_abs,16013
1773402765,kamailio,chatafl_opt,3,b_per,1.6
1773402765,kamailio,chatafl_opt,3,b_abs,9210
1773403102,kamailio,chatafl_opt,3,l_per,6.8
1773403102,kamailio,chatafl_opt,3,l_abs,16013
1773403102,kamailio,chatafl_opt,3,b_per,1.6
1773403102,kamailio,chatafl_opt,3,b_abs,9211
1773403386,kamailio,chatafl_opt,3,l_per,6.8
1773403386,kamailio,chatafl_opt,3,l_abs,16013
1773403386,kamailio,chatafl_opt,3,b_per,1.6
1773403386,kamailio,chatafl_opt,3,b_abs,9211
1773403544,kamailio,chatafl_opt,3,l_per,6.8
1773403544,kamailio,chatafl_opt,3,l_abs,16019
1773403544,kamailio,chatafl_opt,3,b_per,1.6
1773403544,kamailio,chatafl_opt,3,b_abs,9217
1773403716,kamailio,chatafl_opt,3,l_per,6.8
1773403716,kamailio,chatafl_opt,3,l_abs,16019
1773403716,kamailio,chatafl_opt,3,b_per,1.6
1773403716,kamailio,chatafl_opt,3,b_abs,9217
1773403994,kamailio,chatafl_opt,3,l_per,6.8
1773403994,kamailio,chatafl_opt,3,l_abs,16019
1773403994,kamailio,chatafl_opt,3,b_per,1.6
1773403994,kamailio,chatafl_opt,3,b_abs,9217
1773404323,kamailio,chatafl_opt,3,l_per,6.8
1773404323,kamailio,chatafl_opt,3,l_abs,16019
1773404323,kamailio,chatafl_opt,3,b_per,1.6
1773404323,kamailio,chatafl_opt,3,b_abs,9217
1773404633,kamailio,chatafl_opt,3,l_per,6.8
1773404633,kamailio,chatafl_opt,3,l_abs,16019
1773404633,kamailio,chatafl_opt,3,b_per,1.6
1773404633,kamailio,chatafl_opt,3,b_abs,9217
1773404983,kamailio,chatafl_opt,3,l_per,6.8
1773404983,kamailio,chatafl_opt,3,l_abs,16019
1773404983,kamailio,chatafl_opt,3,b_per,1.6
1773404983,kamailio,chatafl_opt,3,b_abs,9217
1773405299,kamailio,chatafl_opt,3,l_per,6.8
1773405299,kamailio,chatafl_opt,3,l_abs,16019
1773405299,kamailio,chatafl_opt,3,b_per,1.6
1773405299,kamailio,chatafl_opt,3,b_abs,9217
1773405571,kamailio,chatafl_opt,3,l_per,6.8
1773405571,kamailio,chatafl_opt,3,l_abs,16020
1773405571,kamailio,chatafl_opt,3,b_per,1.6
1773405571,kamailio,chatafl_opt,3,b_abs,9218
1773405893,kamailio,chatafl_opt,3,l_per,6.8
1773405893,kamailio,chatafl_opt,3,l_abs,16022
1773405893,kamailio,chatafl_opt,3,b_per,1.6
1773405893,kamailio,chatafl_opt,3,b_abs,9221
1773406180,kamailio,chatafl_opt,3,l_per,6.8
1773406180,kamailio,chatafl_opt,3,l_abs,16022
1773406180,kamailio,chatafl_opt,3,b_per,1.6
1773406180,kamailio,chatafl_opt,3,b_abs,9221
1773406504,kamailio,chatafl_opt,3,l_per,6.8
1773406504,kamailio,chatafl_opt,3,l_abs,16022
1773406504,kamailio,chatafl_opt,3,b_per,1.6
1773406504,kamailio,chatafl_opt,3,b_abs,9221
1773406770,kamailio,chatafl_opt,3,l_per,6.8
1773406770,kamailio,chatafl_opt,3,l_abs,16026
1773406770,kamailio,chatafl_opt,3,b_per,1.6
1773406770,kamailio,chatafl_opt,3,b_abs,9235
1773406990,kamailio,chatafl_opt,3,l_per,6.8
1773406990,kamailio,chatafl_opt,3,l_abs,16026
1773406990,kamailio,chatafl_opt,3,b_per,1.6
1773406990,kamailio,chatafl_opt,3,b_abs,9236
1773407430,kamailio,chatafl_opt,3,l_per,6.8
1773407430,kamailio,chatafl_opt,3,l_abs,16043
1773407430,kamailio,chatafl_opt,3,b_per,1.6
1773407430,kamailio,chatafl_opt,3,b_abs,9246
1773407757,kamailio,chatafl_opt,3,l_per,6.8
1773407757,kamailio,chatafl_opt,3,l_abs,16043
1773407757,kamailio,chatafl_opt,3,b_per,1.6
1773407757,kamailio,chatafl_opt,3,b_abs,9246
1773408105,kamailio,chatafl_opt,3,l_per,6.8
1773408105,kamailio,chatafl_opt,3,l_abs,16056
1773408105,kamailio,chatafl_opt,3,b_per,1.6
1773408105,kamailio,chatafl_opt,3,b_abs,9261
1773408558,kamailio,chatafl_opt,3,l_per,6.8
1773408558,kamailio,chatafl_opt,3,l_abs,16056
1773408558,kamailio,chatafl_opt,3,b_per,1.6
1773408558,kamailio,chatafl_opt,3,b_abs,9261
1773408949,kamailio,chatafl_opt,3,l_per,6.8
1773408949,kamailio,chatafl_opt,3,l_abs,16056
1773408949,kamailio,chatafl_opt,3,b_per,1.6
1773408949,kamailio,chatafl_opt,3,b_abs,9261
1773409468,kamailio,chatafl_opt,3,l_per,6.8
1773409468,kamailio,chatafl_opt,3,l_abs,16057
1773409468,kamailio,chatafl_opt,3,b_per,1.6
1773409468,kamailio,chatafl_opt,3,b_abs,9262
1773409866,kamailio,chatafl_opt,3,l_per,6.8
1773409866,kamailio,chatafl_opt,3,l_abs,16057
1773409866,kamailio,chatafl_opt,3,b_per,1.6
1773409866,kamailio,chatafl_opt,3,b_abs,9263
1773410315,kamailio,chatafl_opt,3,l_per,6.8
1773410315,kamailio,chatafl_opt,3,l_abs,16073
1773410315,kamailio,chatafl_opt,3,b_per,1.6
1773410315,kamailio,chatafl_opt,3,b_abs,9280
1773410623,kamailio,chatafl_opt,3,l_per,6.8
1773410623,kamailio,chatafl_opt,3,l_abs,16073
1773410623,kamailio,chatafl_opt,3,b_per,1.6
1773410623,kamailio,chatafl_opt,3,b_abs,9282
1773410916,kamailio,chatafl_opt,3,l_per,6.8
1773410916,kamailio,chatafl_opt,3,l_abs,16073
1773410916,kamailio,chatafl_opt,3,b_per,1.6
1773410916,kamailio,chatafl_opt,3,b_abs,9282
1773411421,kamailio,chatafl_opt,3,l_per,6.8
1773411421,kamailio,chatafl_opt,3,l_abs,16076
1773411421,kamailio,chatafl_opt,3,b_per,1.6
1773411421,kamailio,chatafl_opt,3,b_abs,9286
1773412151,kamailio,chatafl_opt,3,l_per,6.8
1773412151,kamailio,chatafl_opt,3,l_abs,16078
1773412151,kamailio,chatafl_opt,3,b_per,1.6
1773412151,kamailio,chatafl_opt,3,b_abs,9289
1773412580,kamailio,chatafl_opt,3,l_per,6.8
1773412580,kamailio,chatafl_opt,3,l_abs,16078
1773412580,kamailio,chatafl_opt,3,b_per,1.6
1773412580,kamailio,chatafl_opt,3,b_abs,9289
1773413234,kamailio,chatafl_opt,3,l_per,6.8
1773413234,kamailio,chatafl_opt,3,l_abs,16126
1773413234,kamailio,chatafl_opt,3,b_per,1.7
1773413234,kamailio,chatafl_opt,3,b_abs,9370
1773413614,kamailio,chatafl_opt,3,l_per,6.8
1773413614,kamailio,chatafl_opt,3,l_abs,16126
1773413614,kamailio,chatafl_opt,3,b_per,1.7
1773413614,kamailio,chatafl_opt,3,b_abs,9370
1773414255,kamailio,chatafl_opt,3,l_per,6.8
1773414255,kamailio,chatafl_opt,3,l_abs,16126
1773414255,kamailio,chatafl_opt,3,b_per,1.7
1773414255,kamailio,chatafl_opt,3,b_abs,9370
1773414953,kamailio,chatafl_opt,3,l_per,6.8
1773414953,kamailio,chatafl_opt,3,l_abs,16132
1773414953,kamailio,chatafl_opt,3,b_per,1.7
1773414953,kamailio,chatafl_opt,3,b_abs,9373
1773415697,kamailio,chatafl_opt,3,l_per,6.8
1773415697,kamailio,chatafl_opt,3,l_abs,16132
1773415697,kamailio,chatafl_opt,3,b_per,1.7
1773415697,kamailio,chatafl_opt,3,b_abs,9373
1773416344,kamailio,chatafl_opt,3,l_per,6.8
1773416344,kamailio,chatafl_opt,3,l_abs,16140
1773416344,kamailio,chatafl_opt,3,b_per,1.7
1773416344,kamailio,chatafl_opt,3,b_abs,9379
1773417319,kamailio,chatafl_opt,3,l_per,6.8
1773417319,kamailio,chatafl_opt,3,l_abs,16142
1773417319,kamailio,chatafl_opt,3,b_per,1.7
1773417319,kamailio,chatafl_opt,3,b_abs,9381
1773417998,kamailio,chatafl_opt,3,l_per,6.8
1773417998,kamailio,chatafl_opt,3,l_abs,16146
1773417998,kamailio,chatafl_opt,3,b_per,1.7
1773417998,kamailio,chatafl_opt,3,b_abs,9393
1773418678,kamailio,chatafl_opt,3,l_per,6.8
1773418678,kamailio,chatafl_opt,3,l_abs,16146
1773418678,kamailio,chatafl_opt,3,b_per,1.7
1773418678,kamailio,chatafl_opt,3,b_abs,9393
1773419436,kamailio,chatafl_opt,3,l_per,6.8
1773419436,kamailio,chatafl_opt,3,l_abs,16146
1773419436,kamailio,chatafl_opt,3,b_per,1.7
1773419436,kamailio,chatafl_opt,3,b_abs,9393
1773420034,kamailio,chatafl_opt,3,l_per,6.8
1773420034,kamailio,chatafl_opt,3,l_abs,16146
1773420034,kamailio,chatafl_opt,3,b_per,1.7
1773420034,kamailio,chatafl_opt,3,b_abs,9393
1773420692,kamailio,chatafl_opt,3,l_per,6.8
1773420692,kamailio,chatafl_opt,3,l_abs,16146
1773420692,kamailio,chatafl_opt,3,b_per,1.7
1773420692,kamailio,chatafl_opt,3,b_abs,9394
1773421333,kamailio,chatafl_opt,3,l_per,6.8
1773421333,kamailio,chatafl_opt,3,l_abs,16146
1773421333,kamailio,chatafl_opt,3,b_per,1.7
1773421333,kamailio,chatafl_opt,3,b_abs,9394
1773422077,kamailio,chatafl_opt,3,l_per,6.8
1773422077,kamailio,chatafl_opt,3,l_abs,16146
1773422077,kamailio,chatafl_opt,3,b_per,1.7
1773422077,kamailio,chatafl_opt,3,b_abs,9394
1773423060,kamailio,chatafl_opt,3,l_per,6.8
1773423060,kamailio,chatafl_opt,3,l_abs,16146
1773423060,kamailio,chatafl_opt,3,b_per,1.7
1773423060,kamailio,chatafl_opt,3,b_abs,9395
1773424104,kamailio,chatafl_opt,3,l_per,6.8
1773424104,kamailio,chatafl_opt,3,l_abs,16146
1773424104,kamailio,chatafl_opt,3,b_per,1.7
1773424104,kamailio,chatafl_opt,3,b_abs,9395
1773425477,kamailio,chatafl_opt,3,l_per,6.8
1773425477,kamailio,chatafl_opt,3,l_abs,16146
1773425477,kamailio,chatafl_opt,3,b_per,1.7
1773425477,kamailio,chatafl_opt,3,b_abs,9395
1773426490,kamailio,chatafl_opt,3,l_per,6.8
1773426490,kamailio,chatafl_opt,3,l_abs,16146
1773426490,kamailio,chatafl_opt,3,b_per,1.7
1773426490,kamailio,chatafl_opt,3,b_abs,9395
1773427071,kamailio,chatafl_opt,3,l_per,6.8
1773427071,kamailio,chatafl_opt,3,l_abs,16146
1773427071,kamailio,chatafl_opt,3,b_per,1.7
1773427071,kamailio,chatafl_opt,3,b_abs,9395
1773427942,kamailio,chatafl_opt,3,l_per,6.8
1773427942,kamailio,chatafl_opt,3,l_abs,16147
1773427942,kamailio,chatafl_opt,3,b_per,1.7
1773427942,kamailio,chatafl_opt,3,b_abs,9397
1773429119,kamailio,chatafl_opt,3,l_per,6.8
1773429119,kamailio,chatafl_opt,3,l_abs,16147
1773429119,kamailio,chatafl_opt,3,b_per,1.7
1773429119,kamailio,chatafl_opt,3,b_abs,9401
1773430362,kamailio,chatafl_opt,3,l_per,6.8
1773430362,kamailio,chatafl_opt,3,l_abs,16147
1773430362,kamailio,chatafl_opt,3,b_per,1.7
1773430362,kamailio,chatafl_opt,3,b_abs,9403
1773432054,kamailio,chatafl_opt,3,l_per,6.8
1773432054,kamailio,chatafl_opt,3,l_abs,16158
1773432054,kamailio,chatafl_opt,3,b_per,1.7
1773432054,kamailio,chatafl_opt,3,b_abs,9409
1773433414,kamailio,chatafl_opt,3,l_per,6.8
1773433414,kamailio,chatafl_opt,3,l_abs,16158
1773433414,kamailio,chatafl_opt,3,b_per,1.7
1773433414,kamailio,chatafl_opt,3,b_abs,9412
1773434079,kamailio,chatafl_opt,3,l_per,6.8
1773434079,kamailio,chatafl_opt,3,l_abs,16158
1773434079,kamailio,chatafl_opt,3,b_per,1.7
1773434079,kamailio,chatafl_opt,3,b_abs,9412
1773434821,kamailio,chatafl_opt,3,l_per,6.8
1773434821,kamailio,chatafl_opt,3,l_abs,16158
1773434821,kamailio,chatafl_opt,3,b_per,1.7
1773434821,kamailio,chatafl_opt,3,b_abs,9412
1773436262,kamailio,chatafl_opt,3,l_per,6.8
1773436262,kamailio,chatafl_opt,3,l_abs,16158
1773436262,kamailio,chatafl_opt,3,b_per,1.7
1773436262,kamailio,chatafl_opt,3,b_abs,9413
1773437565,kamailio,chatafl_opt,3,l_per,6.8
1773437565,kamailio,chatafl_opt,3,l_abs,16158
1773437565,kamailio,chatafl_opt,3,b_per,1.7
1773437565,kamailio,chatafl_opt,3,b_abs,9413
1773439475,kamailio,chatafl_opt,3,l_per,6.8
1773439475,kamailio,chatafl_opt,3,l_abs,16158
1773439475,kamailio,chatafl_opt,3,b_per,1.7
1773439475,kamailio,chatafl_opt,3,b_abs,9413
1773441281,kamailio,chatafl_opt,3,l_per,6.8
1773441281,kamailio,chatafl_opt,3,l_abs,16159
1773441281,kamailio,chatafl_opt,3,b_per,1.7
1773441281,kamailio,chatafl_opt,3,b_abs,9416
1773443186,kamailio,chatafl_opt,3,l_per,6.8
1773443186,kamailio,chatafl_opt,3,l_abs,16165
1773443186,kamailio,chatafl_opt,3,b_per,1.7
1773443186,kamailio,chatafl_opt,3,b_abs,9420
1773444461,kamailio,chatafl_opt,3,l_per,6.8
1773444461,kamailio,chatafl_opt,3,l_abs,16165
1773444461,kamailio,chatafl_opt,3,b_per,1.7
1773444461,kamailio,chatafl_opt,3,b_abs,9421
1773445126,kamailio,chatafl_opt,3,l_per,6.8
1773445126,kamailio,chatafl_opt,3,l_abs,16165
1773445126,kamailio,chatafl_opt,3,b_per,1.7
1773445126,kamailio,chatafl_opt,3,b_abs,9421
1773446390,kamailio,chatafl_opt,3,l_per,6.8
1773446390,kamailio,chatafl_opt,3,l_abs,16165
1773446390,kamailio,chatafl_opt,3,b_per,1.7
1773446390,kamailio,chatafl_opt,3,b_abs,9421
1773447307,kamailio,chatafl_opt,3,l_per,6.8
1773447307,kamailio,chatafl_opt,3,l_abs,16165
1773447307,kamailio,chatafl_opt,3,b_per,1.7
1773447307,kamailio,chatafl_opt,3,b_abs,9421
1773448347,kamailio,chatafl_opt,3,l_per,6.8
1773448347,kamailio,chatafl_opt,3,l_abs,16165
1773448347,kamailio,chatafl_opt,3,b_per,1.7
1773448347,kamailio,chatafl_opt,3,b_abs,9421
1773449686,kamailio,chatafl_opt,3,l_per,6.8
1773449686,kamailio,chatafl_opt,3,l_abs,16173
1773449686,kamailio,chatafl_opt,3,b_per,1.7
1773449686,kamailio,chatafl_opt,3,b_abs,9444
1773451891,kamailio,chatafl_opt,3,l_per,6.8
1773451891,kamailio,chatafl_opt,3,l_abs,16173
1773451891,kamailio,chatafl_opt,3,b_per,1.7
1773451891,kamailio,chatafl_opt,3,b_abs,9444
1773454180,kamailio,chatafl_opt,3,l_per,6.8
1773454180,kamailio,chatafl_opt,3,l_abs,16175
1773454180,kamailio,chatafl_opt,3,b_per,1.7
1773454180,kamailio,chatafl_opt,3,b_abs,9447
1773456240,kamailio,chatafl_opt,3,l_per,6.8
1773456240,kamailio,chatafl_opt,3,l_abs,16175
1773456240,kamailio,chatafl_opt,3,b_per,1.7
1773456240,kamailio,chatafl_opt,3,b_abs,9447
1773457503,kamailio,chatafl_opt,3,l_per,6.8
1773457503,kamailio,chatafl_opt,3,l_abs,16187
1773457503,kamailio,chatafl_opt,3,b_per,1.7
1773457503,kamailio,chatafl_opt,3,b_abs,9474
1773458215,kamailio,chatafl_opt,3,l_per,6.8
1773458215,kamailio,chatafl_opt,3,l_abs,16188
1773458215,kamailio,chatafl_opt,3,b_per,1.7
1773458215,kamailio,chatafl_opt,3,b_abs,9477
1773459730,kamailio,chatafl_opt,3,l_per,6.8
1773459730,kamailio,chatafl_opt,3,l_abs,16188
1773459730,kamailio,chatafl_opt,3,b_per,1.7
1773459730,kamailio,chatafl_opt,3,b_abs,9477
1773462094,kamailio,chatafl_opt,3,l_per,6.8
1773462094,kamailio,chatafl_opt,3,l_abs,16188
1773462094,kamailio,chatafl_opt,3,b_per,1.7
1773462094,kamailio,chatafl_opt,3,b_abs,9477
1773464085,kamailio,chatafl_opt,3,l_per,6.8
1773464085,kamailio,chatafl_opt,3,l_abs,16188
1773464085,kamailio,chatafl_opt,3,b_per,1.7
1773464085,kamailio,chatafl_opt,3,b_abs,9477
1773465927,kamailio,chatafl_opt,3,l_per,6.8
1773465927,kamailio,chatafl_opt,3,l_abs,16188
1773465927,kamailio,chatafl_opt,3,b_per,1.7
1773465927,kamailio,chatafl_opt,3,b_abs,9477
1773467667,kamailio,chatafl_opt,3,l_per,6.8
1773467667,kamailio,chatafl_opt,3,l_abs,16188
1773467667,kamailio,chatafl_opt,3,b_per,1.7
1773467667,kamailio,chatafl_opt,3,b_abs,9477
1773469992,kamailio,chatafl_opt,3,l_per,6.8
1773469992,kamailio,chatafl_opt,3,l_abs,16188
1773469992,kamailio,chatafl_opt,3,b_per,1.7
1773469992,kamailio,chatafl_opt,3,b_abs,9480
1773472370,kamailio,chatafl_opt,3,l_per,6.8
1773472370,kamailio,chatafl_opt,3,l_abs,16188
1773472370,kamailio,chatafl_opt,3,b_per,1.7
1773472370,kamailio,chatafl_opt,3,b_abs,9480
1773474076,kamailio,chatafl_opt,3,l_per,6.8
1773474076,kamailio,chatafl_opt,3,l_abs,16188
1773474076,kamailio,chatafl_opt,3,b_per,1.7
1773474076,kamailio,chatafl_opt,3,b_abs,9480
1773475358,kamailio,chatafl_opt,3,l_per,6.8
1773475358,kamailio,chatafl_opt,3,l_abs,16188
1773475358,kamailio,chatafl_opt,3,b_per,1.7
1773475358,kamailio,chatafl_opt,3,b_abs,9480
1773478429,kamailio,chatafl_opt,3,l_per,6.8
1773478429,kamailio,chatafl_opt,3,l_abs,16188
1773478429,kamailio,chatafl_opt,3,b_per,1.7
1773478429,kamailio,chatafl_opt,3,b_abs,9489
1773480715,kamailio,chatafl_opt,3,l_per,6.8
1773480715,kamailio,chatafl_opt,3,l_abs,16188
1773480715,kamailio,chatafl_opt,3,b_per,1.7
1773480715,kamailio,chatafl_opt,3,b_abs,9489
1773482902,kamailio,chatafl_opt,3,l_per,6.8
1773482902,kamailio,chatafl_opt,3,l_abs,16188
1773482902,kamailio,chatafl_opt,3,b_per,1.7
1773482902,kamailio,chatafl_opt,3,b_abs,9489
1773485489,kamailio,chatafl_opt,3,l_per,6.8
1773485489,kamailio,chatafl_opt,3,l_abs,16195
1773485489,kamailio,chatafl_opt,3,b_per,1.7
1773485489,kamailio,chatafl_opt,3,b_abs,9492
1773486750,kamailio,chatafl_opt,3,l_per,7.0
1773486750,kamailio,chatafl_opt,3,l_abs,16616
1773486750,kamailio,chatafl_opt,3,b_per,1.7
1773486750,kamailio,chatafl_opt,3,b_abs,9700
1773398757,kamailio,chatafl_opt,4,l_per,4.2
1773398757,kamailio,chatafl_opt,4,l_abs,10014
1773398757,kamailio,chatafl_opt,4,b_per,0.8
1773398757,kamailio,chatafl_opt,4,b_abs,4638
1773398758,kamailio,chatafl_opt,4,l_per,4.2
1773398758,kamailio,chatafl_opt,4,l_abs,10014
1773398758,kamailio,chatafl_opt,4,b_per,0.8
1773398758,kamailio,chatafl_opt,4,b_abs,4640
1773398760,kamailio,chatafl_opt,4,l_per,4.2
1773398760,kamailio,chatafl_opt,4,l_abs,10017
1773398760,kamailio,chatafl_opt,4,b_per,0.8
1773398760,kamailio,chatafl_opt,4,b_abs,4643
1773398762,kamailio,chatafl_opt,4,l_per,4.2
1773398762,kamailio,chatafl_opt,4,l_abs,10017
1773398762,kamailio,chatafl_opt,4,b_per,0.8
1773398762,kamailio,chatafl_opt,4,b_abs,4643
1773398770,kamailio,chatafl_opt,4,l_per,4.2
1773398770,kamailio,chatafl_opt,4,l_abs,10017
1773398770,kamailio,chatafl_opt,4,b_per,0.8
1773398770,kamailio,chatafl_opt,4,b_abs,4643
1773398771,kamailio,chatafl_opt,4,l_per,4.2
1773398771,kamailio,chatafl_opt,4,l_abs,10019
1773398771,kamailio,chatafl_opt,4,b_per,0.8
1773398771,kamailio,chatafl_opt,4,b_abs,4644
1773398773,kamailio,chatafl_opt,4,l_per,5.3
1773398773,kamailio,chatafl_opt,4,l_abs,12450
1773398773,kamailio,chatafl_opt,4,b_per,1.0
1773398773,kamailio,chatafl_opt,4,b_abs,5897
1773398781,kamailio,chatafl_opt,4,l_per,5.3
1773398781,kamailio,chatafl_opt,4,l_abs,12450
1773398781,kamailio,chatafl_opt,4,b_per,1.0
1773398781,kamailio,chatafl_opt,4,b_abs,5897
1773398783,kamailio,chatafl_opt,4,l_per,5.3
1773398783,kamailio,chatafl_opt,4,l_abs,12450
1773398783,kamailio,chatafl_opt,4,b_per,1.0
1773398783,kamailio,chatafl_opt,4,b_abs,5897
1773398784,kamailio,chatafl_opt,4,l_per,5.3
1773398784,kamailio,chatafl_opt,4,l_abs,12450
1773398784,kamailio,chatafl_opt,4,b_per,1.0
1773398784,kamailio,chatafl_opt,4,b_abs,5897
1773398786,kamailio,chatafl_opt,4,l_per,5.3
1773398786,kamailio,chatafl_opt,4,l_abs,12450
1773398786,kamailio,chatafl_opt,4,b_per,1.0
1773398786,kamailio,chatafl_opt,4,b_abs,5897
1773398787,kamailio,chatafl_opt,4,l_per,5.3
1773398787,kamailio,chatafl_opt,4,l_abs,12457
1773398787,kamailio,chatafl_opt,4,b_per,1.0
1773398787,kamailio,chatafl_opt,4,b_abs,5902
1773398789,kamailio,chatafl_opt,4,l_per,5.3
1773398789,kamailio,chatafl_opt,4,l_abs,12457
1773398789,kamailio,chatafl_opt,4,b_per,1.0
1773398789,kamailio,chatafl_opt,4,b_abs,5902
1773398791,kamailio,chatafl_opt,4,l_per,5.3
1773398791,kamailio,chatafl_opt,4,l_abs,12457
1773398791,kamailio,chatafl_opt,4,b_per,1.0
1773398791,kamailio,chatafl_opt,4,b_abs,5902
1773398792,kamailio,chatafl_opt,4,l_per,5.3
1773398792,kamailio,chatafl_opt,4,l_abs,12457
1773398792,kamailio,chatafl_opt,4,b_per,1.0
1773398792,kamailio,chatafl_opt,4,b_abs,5902
1773398794,kamailio,chatafl_opt,4,l_per,5.3
1773398794,kamailio,chatafl_opt,4,l_abs,12457
1773398794,kamailio,chatafl_opt,4,b_per,1.0
1773398794,kamailio,chatafl_opt,4,b_abs,5902
1773398796,kamailio,chatafl_opt,4,l_per,5.3
1773398796,kamailio,chatafl_opt,4,l_abs,12457
1773398796,kamailio,chatafl_opt,4,b_per,1.0
1773398796,kamailio,chatafl_opt,4,b_abs,5902
1773398797,kamailio,chatafl_opt,4,l_per,5.3
1773398797,kamailio,chatafl_opt,4,l_abs,12457
1773398797,kamailio,chatafl_opt,4,b_per,1.0
1773398797,kamailio,chatafl_opt,4,b_abs,5902
1773398799,kamailio,chatafl_opt,4,l_per,5.4
1773398799,kamailio,chatafl_opt,4,l_abs,12876
1773398799,kamailio,chatafl_opt,4,b_per,1.1
1773398799,kamailio,chatafl_opt,4,b_abs,6212
1773398801,kamailio,chatafl_opt,4,l_per,5.4
1773398801,kamailio,chatafl_opt,4,l_abs,12876
1773398801,kamailio,chatafl_opt,4,b_per,1.1
1773398801,kamailio,chatafl_opt,4,b_abs,6212
1773398802,kamailio,chatafl_opt,4,l_per,5.5
1773398802,kamailio,chatafl_opt,4,l_abs,13133
1773398802,kamailio,chatafl_opt,4,b_per,1.1
1773398802,kamailio,chatafl_opt,4,b_abs,6337
1773398804,kamailio,chatafl_opt,4,l_per,5.5
1773398804,kamailio,chatafl_opt,4,l_abs,13133
1773398804,kamailio,chatafl_opt,4,b_per,1.1
1773398804,kamailio,chatafl_opt,4,b_abs,6337
1773398806,kamailio,chatafl_opt,4,l_per,5.5
1773398806,kamailio,chatafl_opt,4,l_abs,13133
1773398806,kamailio,chatafl_opt,4,b_per,1.1
1773398806,kamailio,chatafl_opt,4,b_abs,6337
1773398808,kamailio,chatafl_opt,4,l_per,5.6
1773398808,kamailio,chatafl_opt,4,l_abs,13241
1773398808,kamailio,chatafl_opt,4,b_per,1.1
1773398808,kamailio,chatafl_opt,4,b_abs,6418
1773398809,kamailio,chatafl_opt,4,l_per,5.6
1773398809,kamailio,chatafl_opt,4,l_abs,13241
1773398809,kamailio,chatafl_opt,4,b_per,1.1
1773398809,kamailio,chatafl_opt,4,b_abs,6418
1773398811,kamailio,chatafl_opt,4,l_per,5.6
1773398811,kamailio,chatafl_opt,4,l_abs,13267
1773398811,kamailio,chatafl_opt,4,b_per,1.1
1773398811,kamailio,chatafl_opt,4,b_abs,6435
1773398813,kamailio,chatafl_opt,4,l_per,5.6
1773398813,kamailio,chatafl_opt,4,l_abs,13267
1773398813,kamailio,chatafl_opt,4,b_per,1.1
1773398813,kamailio,chatafl_opt,4,b_abs,6435
1773398814,kamailio,chatafl_opt,4,l_per,5.6
1773398814,kamailio,chatafl_opt,4,l_abs,13267
1773398814,kamailio,chatafl_opt,4,b_per,1.1
1773398814,kamailio,chatafl_opt,4,b_abs,6435
1773398816,kamailio,chatafl_opt,4,l_per,5.6
1773398816,kamailio,chatafl_opt,4,l_abs,13267
1773398816,kamailio,chatafl_opt,4,b_per,1.1
1773398816,kamailio,chatafl_opt,4,b_abs,6435
1773398818,kamailio,chatafl_opt,4,l_per,5.6
1773398818,kamailio,chatafl_opt,4,l_abs,13271
1773398818,kamailio,chatafl_opt,4,b_per,1.1
1773398818,kamailio,chatafl_opt,4,b_abs,6436
1773398819,kamailio,chatafl_opt,4,l_per,5.6
1773398819,kamailio,chatafl_opt,4,l_abs,13271
1773398819,kamailio,chatafl_opt,4,b_per,1.1
1773398819,kamailio,chatafl_opt,4,b_abs,6436
1773398821,kamailio,chatafl_opt,4,l_per,5.6
1773398821,kamailio,chatafl_opt,4,l_abs,13271
1773398821,kamailio,chatafl_opt,4,b_per,1.1
1773398821,kamailio,chatafl_opt,4,b_abs,6436
1773398823,kamailio,chatafl_opt,4,l_per,5.6
1773398823,kamailio,chatafl_opt,4,l_abs,13298
1773398823,kamailio,chatafl_opt,4,b_per,1.1
1773398823,kamailio,chatafl_opt,4,b_abs,6456
1773398825,kamailio,chatafl_opt,4,l_per,5.6
1773398825,kamailio,chatafl_opt,4,l_abs,13319
1773398825,kamailio,chatafl_opt,4,b_per,1.1
1773398825,kamailio,chatafl_opt,4,b_abs,6484
1773398826,kamailio,chatafl_opt,4,l_per,5.6
1773398826,kamailio,chatafl_opt,4,l_abs,13319
1773398826,kamailio,chatafl_opt,4,b_per,1.1
1773398826,kamailio,chatafl_opt,4,b_abs,6484
1773398828,kamailio,chatafl_opt,4,l_per,5.6
1773398828,kamailio,chatafl_opt,4,l_abs,13319
1773398828,kamailio,chatafl_opt,4,b_per,1.1
1773398828,kamailio,chatafl_opt,4,b_abs,6484
1773398830,kamailio,chatafl_opt,4,l_per,5.6
1773398830,kamailio,chatafl_opt,4,l_abs,13328
1773398830,kamailio,chatafl_opt,4,b_per,1.1
1773398830,kamailio,chatafl_opt,4,b_abs,6488
1773398831,kamailio,chatafl_opt,4,l_per,5.6
1773398831,kamailio,chatafl_opt,4,l_abs,13358
1773398831,kamailio,chatafl_opt,4,b_per,1.1
1773398831,kamailio,chatafl_opt,4,b_abs,6508
1773398833,kamailio,chatafl_opt,4,l_per,5.6
1773398833,kamailio,chatafl_opt,4,l_abs,13358
1773398833,kamailio,chatafl_opt,4,b_per,1.1
1773398833,kamailio,chatafl_opt,4,b_abs,6508
1773398835,kamailio,chatafl_opt,4,l_per,5.6
1773398835,kamailio,chatafl_opt,4,l_abs,13358
1773398835,kamailio,chatafl_opt,4,b_per,1.1
1773398835,kamailio,chatafl_opt,4,b_abs,6508
1773398836,kamailio,chatafl_opt,4,l_per,5.6
1773398836,kamailio,chatafl_opt,4,l_abs,13358
1773398836,kamailio,chatafl_opt,4,b_per,1.1
1773398836,kamailio,chatafl_opt,4,b_abs,6508
1773398838,kamailio,chatafl_opt,4,l_per,5.6
1773398838,kamailio,chatafl_opt,4,l_abs,13358
1773398838,kamailio,chatafl_opt,4,b_per,1.1
1773398838,kamailio,chatafl_opt,4,b_abs,6508
1773398840,kamailio,chatafl_opt,4,l_per,5.6
1773398840,kamailio,chatafl_opt,4,l_abs,13358
1773398840,kamailio,chatafl_opt,4,b_per,1.1
1773398840,kamailio,chatafl_opt,4,b_abs,6508
1773398842,kamailio,chatafl_opt,4,l_per,5.6
1773398842,kamailio,chatafl_opt,4,l_abs,13358
1773398842,kamailio,chatafl_opt,4,b_per,1.1
1773398842,kamailio,chatafl_opt,4,b_abs,6508
1773398843,kamailio,chatafl_opt,4,l_per,5.6
1773398843,kamailio,chatafl_opt,4,l_abs,13358
1773398843,kamailio,chatafl_opt,4,b_per,1.1
1773398843,kamailio,chatafl_opt,4,b_abs,6508
1773398845,kamailio,chatafl_opt,4,l_per,5.7
1773398845,kamailio,chatafl_opt,4,l_abs,13403
1773398845,kamailio,chatafl_opt,4,b_per,1.2
1773398845,kamailio,chatafl_opt,4,b_abs,6544
1773398835,kamailio,chatafl_opt,4,l_per,5.7
1773398835,kamailio,chatafl_opt,4,l_abs,13413
1773398835,kamailio,chatafl_opt,4,b_per,1.2
1773398835,kamailio,chatafl_opt,4,b_abs,6559
1773398911,kamailio,chatafl_opt,4,l_per,6.0
1773398911,kamailio,chatafl_opt,4,l_abs,14310
1773398911,kamailio,chatafl_opt,4,b_per,1.3
1773398911,kamailio,chatafl_opt,4,b_abs,7358
1773399006,kamailio,chatafl_opt,4,l_per,6.1
1773399006,kamailio,chatafl_opt,4,l_abs,14523
1773399006,kamailio,chatafl_opt,4,b_per,1.3
1773399006,kamailio,chatafl_opt,4,b_abs,7598
1773399160,kamailio,chatafl_opt,4,l_per,6.2
1773399160,kamailio,chatafl_opt,4,l_abs,14665
1773399160,kamailio,chatafl_opt,4,b_per,1.4
1773399160,kamailio,chatafl_opt,4,b_abs,7807
1773399307,kamailio,chatafl_opt,4,l_per,6.2
1773399307,kamailio,chatafl_opt,4,l_abs,14793
1773399307,kamailio,chatafl_opt,4,b_per,1.4
1773399307,kamailio,chatafl_opt,4,b_abs,7979
1773399424,kamailio,chatafl_opt,4,l_per,6.3
1773399424,kamailio,chatafl_opt,4,l_abs,15037
1773399424,kamailio,chatafl_opt,4,b_per,1.4
1773399424,kamailio,chatafl_opt,4,b_abs,8210
1773399517,kamailio,chatafl_opt,4,l_per,6.4
1773399517,kamailio,chatafl_opt,4,l_abs,15142
1773399517,kamailio,chatafl_opt,4,b_per,1.5
1773399517,kamailio,chatafl_opt,4,b_abs,8350
1773399620,kamailio,chatafl_opt,4,l_per,6.4
1773399620,kamailio,chatafl_opt,4,l_abs,15223
1773399620,kamailio,chatafl_opt,4,b_per,1.5
1773399620,kamailio,chatafl_opt,4,b_abs,8444
1773399712,kamailio,chatafl_opt,4,l_per,6.5
1773399712,kamailio,chatafl_opt,4,l_abs,15301
1773399712,kamailio,chatafl_opt,4,b_per,1.5
1773399712,kamailio,chatafl_opt,4,b_abs,8519
1773399814,kamailio,chatafl_opt,4,l_per,6.5
1773399814,kamailio,chatafl_opt,4,l_abs,15407
1773399814,kamailio,chatafl_opt,4,b_per,1.5
1773399814,kamailio,chatafl_opt,4,b_abs,8636
1773399928,kamailio,chatafl_opt,4,l_per,6.6
1773399928,kamailio,chatafl_opt,4,l_abs,15535
1773399928,kamailio,chatafl_opt,4,b_per,1.5
1773399928,kamailio,chatafl_opt,4,b_abs,8785
1773400087,kamailio,chatafl_opt,4,l_per,6.6
1773400087,kamailio,chatafl_opt,4,l_abs,15559
1773400087,kamailio,chatafl_opt,4,b_per,1.6
1773400087,kamailio,chatafl_opt,4,b_abs,8812
1773400224,kamailio,chatafl_opt,4,l_per,6.6
1773400224,kamailio,chatafl_opt,4,l_abs,15592
1773400224,kamailio,chatafl_opt,4,b_per,1.6
1773400224,kamailio,chatafl_opt,4,b_abs,8852
1773400332,kamailio,chatafl_opt,4,l_per,6.6
1773400332,kamailio,chatafl_opt,4,l_abs,15620
1773400332,kamailio,chatafl_opt,4,b_per,1.6
1773400332,kamailio,chatafl_opt,4,b_abs,8879
1773400470,kamailio,chatafl_opt,4,l_per,6.6
1773400470,kamailio,chatafl_opt,4,l_abs,15658
1773400470,kamailio,chatafl_opt,4,b_per,1.6
1773400470,kamailio,chatafl_opt,4,b_abs,8915
1773400603,kamailio,chatafl_opt,4,l_per,6.6
1773400603,kamailio,chatafl_opt,4,l_abs,15696
1773400603,kamailio,chatafl_opt,4,b_per,1.6
1773400603,kamailio,chatafl_opt,4,b_abs,8956
1773400741,kamailio,chatafl_opt,4,l_per,6.6
1773400741,kamailio,chatafl_opt,4,l_abs,15713
1773400741,kamailio,chatafl_opt,4,b_per,1.6
1773400741,kamailio,chatafl_opt,4,b_abs,8991
1773400910,kamailio,chatafl_opt,4,l_per,6.6
1773400910,kamailio,chatafl_opt,4,l_abs,15749
1773400910,kamailio,chatafl_opt,4,b_per,1.6
1773400910,kamailio,chatafl_opt,4,b_abs,9037
1773401103,kamailio,chatafl_opt,4,l_per,6.7
1773401103,kamailio,chatafl_opt,4,l_abs,15822
1773401103,kamailio,chatafl_opt,4,b_per,1.6
1773401103,kamailio,chatafl_opt,4,b_abs,9100
1773401269,kamailio,chatafl_opt,4,l_per,6.7
1773401269,kamailio,chatafl_opt,4,l_abs,15864
1773401269,kamailio,chatafl_opt,4,b_per,1.6
1773401269,kamailio,chatafl_opt,4,b_abs,9143
1773401426,kamailio,chatafl_opt,4,l_per,6.7
1773401426,kamailio,chatafl_opt,4,l_abs,15911
1773401426,kamailio,chatafl_opt,4,b_per,1.6
1773401426,kamailio,chatafl_opt,4,b_abs,9172
1773401621,kamailio,chatafl_opt,4,l_per,6.7
1773401621,kamailio,chatafl_opt,4,l_abs,15937
1773401621,kamailio,chatafl_opt,4,b_per,1.6
1773401621,kamailio,chatafl_opt,4,b_abs,9194
1773401854,kamailio,chatafl_opt,4,l_per,6.7
1773401854,kamailio,chatafl_opt,4,l_abs,15951
1773401854,kamailio,chatafl_opt,4,b_per,1.6
1773401854,kamailio,chatafl_opt,4,b_abs,9207
1773402186,kamailio,chatafl_opt,4,l_per,6.7
1773402186,kamailio,chatafl_opt,4,l_abs,15955
1773402186,kamailio,chatafl_opt,4,b_per,1.6
1773402186,kamailio,chatafl_opt,4,b_abs,9219
1773402460,kamailio,chatafl_opt,4,l_per,6.7
1773402460,kamailio,chatafl_opt,4,l_abs,15983
1773402460,kamailio,chatafl_opt,4,b_per,1.6
1773402460,kamailio,chatafl_opt,4,b_abs,9245
1773402675,kamailio,chatafl_opt,4,l_per,6.8
1773402675,kamailio,chatafl_opt,4,l_abs,15998
1773402675,kamailio,chatafl_opt,4,b_per,1.6
1773402675,kamailio,chatafl_opt,4,b_abs,9254
1773402858,kamailio,chatafl_opt,4,l_per,6.8
1773402858,kamailio,chatafl_opt,4,l_abs,15998
1773402858,kamailio,chatafl_opt,4,b_per,1.6
1773402858,kamailio,chatafl_opt,4,b_abs,9254
1773403051,kamailio,chatafl_opt,4,l_per,6.8
1773403051,kamailio,chatafl_opt,4,l_abs,15998
1773403051,kamailio,chatafl_opt,4,b_per,1.6
1773403051,kamailio,chatafl_opt,4,b_abs,9254
1773403362,kamailio,chatafl_opt,4,l_per,6.8
1773403362,kamailio,chatafl_opt,4,l_abs,16001
1773403362,kamailio,chatafl_opt,4,b_per,1.6
1773403362,kamailio,chatafl_opt,4,b_abs,9256
1773403637,kamailio,chatafl_opt,4,l_per,6.8
1773403637,kamailio,chatafl_opt,4,l_abs,16001
1773403637,kamailio,chatafl_opt,4,b_per,1.6
1773403637,kamailio,chatafl_opt,4,b_abs,9257
1773403941,kamailio,chatafl_opt,4,l_per,6.8
1773403941,kamailio,chatafl_opt,4,l_abs,16001
1773403941,kamailio,chatafl_opt,4,b_per,1.6
1773403941,kamailio,chatafl_opt,4,b_abs,9257
1773404193,kamailio,chatafl_opt,4,l_per,6.8
1773404193,kamailio,chatafl_opt,4,l_abs,16001
1773404193,kamailio,chatafl_opt,4,b_per,1.6
1773404193,kamailio,chatafl_opt,4,b_abs,9257
1773404611,kamailio,chatafl_opt,4,l_per,6.8
1773404611,kamailio,chatafl_opt,4,l_abs,16001
1773404611,kamailio,chatafl_opt,4,b_per,1.6
1773404611,kamailio,chatafl_opt,4,b_abs,9257
1773405118,kamailio,chatafl_opt,4,l_per,6.8
1773405118,kamailio,chatafl_opt,4,l_abs,16001
1773405118,kamailio,chatafl_opt,4,b_per,1.6
1773405118,kamailio,chatafl_opt,4,b_abs,9257
1773405434,kamailio,chatafl_opt,4,l_per,6.8
1773405434,kamailio,chatafl_opt,4,l_abs,16001
1773405434,kamailio,chatafl_opt,4,b_per,1.6
1773405434,kamailio,chatafl_opt,4,b_abs,9257
1773405780,kamailio,chatafl_opt,4,l_per,6.8
1773405780,kamailio,chatafl_opt,4,l_abs,16001
1773405780,kamailio,chatafl_opt,4,b_per,1.6
1773405780,kamailio,chatafl_opt,4,b_abs,9257
1773406098,kamailio,chatafl_opt,4,l_per,6.8
1773406098,kamailio,chatafl_opt,4,l_abs,16001
1773406098,kamailio,chatafl_opt,4,b_per,1.6
1773406098,kamailio,chatafl_opt,4,b_abs,9258
1773406440,kamailio,chatafl_opt,4,l_per,6.8
1773406440,kamailio,chatafl_opt,4,l_abs,16001
1773406440,kamailio,chatafl_opt,4,b_per,1.6
1773406440,kamailio,chatafl_opt,4,b_abs,9258
1773406744,kamailio,chatafl_opt,4,l_per,6.8
1773406744,kamailio,chatafl_opt,4,l_abs,16001
1773406744,kamailio,chatafl_opt,4,b_per,1.6
1773406744,kamailio,chatafl_opt,4,b_abs,9258
1773407072,kamailio,chatafl_opt,4,l_per,6.8
1773407072,kamailio,chatafl_opt,4,l_abs,16008
1773407072,kamailio,chatafl_opt,4,b_per,1.6
1773407072,kamailio,chatafl_opt,4,b_abs,9259
1773407377,kamailio,chatafl_opt,4,l_per,6.8
1773407377,kamailio,chatafl_opt,4,l_abs,16008
1773407377,kamailio,chatafl_opt,4,b_per,1.6
1773407377,kamailio,chatafl_opt,4,b_abs,9259
1773407742,kamailio,chatafl_opt,4,l_per,6.8
1773407742,kamailio,chatafl_opt,4,l_abs,16010
1773407742,kamailio,chatafl_opt,4,b_per,1.6
1773407742,kamailio,chatafl_opt,4,b_abs,9265
1773408093,kamailio,chatafl_opt,4,l_per,6.8
1773408093,kamailio,chatafl_opt,4,l_abs,16010
1773408093,kamailio,chatafl_opt,4,b_per,1.6
1773408093,kamailio,chatafl_opt,4,b_abs,9266
1773408405,kamailio,chatafl_opt,4,l_per,6.8
1773408405,kamailio,chatafl_opt,4,l_abs,16012
1773408405,kamailio,chatafl_opt,4,b_per,1.6
1773408405,kamailio,chatafl_opt,4,b_abs,9267
1773408709,kamailio,chatafl_opt,4,l_per,6.8
1773408709,kamailio,chatafl_opt,4,l_abs,16012
1773408709,kamailio,chatafl_opt,4,b_per,1.6
1773408709,kamailio,chatafl_opt,4,b_abs,9267
1773409309,kamailio,chatafl_opt,4,l_per,6.8
1773409309,kamailio,chatafl_opt,4,l_abs,16012
1773409309,kamailio,chatafl_opt,4,b_per,1.6
1773409309,kamailio,chatafl_opt,4,b_abs,9267
1773409810,kamailio,chatafl_opt,4,l_per,6.8
1773409810,kamailio,chatafl_opt,4,l_abs,16015
1773409810,kamailio,chatafl_opt,4,b_per,1.6
1773409810,kamailio,chatafl_opt,4,b_abs,9272
1773410308,kamailio,chatafl_opt,4,l_per,6.8
1773410308,kamailio,chatafl_opt,4,l_abs,16015
1773410308,kamailio,chatafl_opt,4,b_per,1.6
1773410308,kamailio,chatafl_opt,4,b_abs,9272
1773410589,kamailio,chatafl_opt,4,l_per,6.8
1773410589,kamailio,chatafl_opt,4,l_abs,16015
1773410589,kamailio,chatafl_opt,4,b_per,1.6
1773410589,kamailio,chatafl_opt,4,b_abs,9272
1773410952,kamailio,chatafl_opt,4,l_per,6.8
1773410952,kamailio,chatafl_opt,4,l_abs,16019
1773410952,kamailio,chatafl_opt,4,b_per,1.6
1773410952,kamailio,chatafl_opt,4,b_abs,9283
1773411576,kamailio,chatafl_opt,4,l_per,6.8
1773411576,kamailio,chatafl_opt,4,l_abs,16019
1773411576,kamailio,chatafl_opt,4,b_per,1.6
1773411576,kamailio,chatafl_opt,4,b_abs,9283
1773412119,kamailio,chatafl_opt,4,l_per,6.8
1773412119,kamailio,chatafl_opt,4,l_abs,16019
1773412119,kamailio,chatafl_opt,4,b_per,1.6
1773412119,kamailio,chatafl_opt,4,b_abs,9283
1773412703,kamailio,chatafl_opt,4,l_per,6.8
1773412703,kamailio,chatafl_opt,4,l_abs,16020
1773412703,kamailio,chatafl_opt,4,b_per,1.6
1773412703,kamailio,chatafl_opt,4,b_abs,9286
1773413333,kamailio,chatafl_opt,4,l_per,6.8
1773413333,kamailio,chatafl_opt,4,l_abs,16020
1773413333,kamailio,chatafl_opt,4,b_per,1.6
1773413333,kamailio,chatafl_opt,4,b_abs,9286
1773413600,kamailio,chatafl_opt,4,l_per,6.8
1773413600,kamailio,chatafl_opt,4,l_abs,16020
1773413600,kamailio,chatafl_opt,4,b_per,1.6
1773413600,kamailio,chatafl_opt,4,b_abs,9288
1773413974,kamailio,chatafl_opt,4,l_per,6.8
1773413974,kamailio,chatafl_opt,4,l_abs,16020
1773413974,kamailio,chatafl_opt,4,b_per,1.6
1773413974,kamailio,chatafl_opt,4,b_abs,9288
1773414531,kamailio,chatafl_opt,4,l_per,6.8
1773414531,kamailio,chatafl_opt,4,l_abs,16020
1773414531,kamailio,chatafl_opt,4,b_per,1.6
1773414531,kamailio,chatafl_opt,4,b_abs,9289
1773415157,kamailio,chatafl_opt,4,l_per,6.8
1773415157,kamailio,chatafl_opt,4,l_abs,16020
1773415157,kamailio,chatafl_opt,4,b_per,1.6
1773415157,kamailio,chatafl_opt,4,b_abs,9291
1773415826,kamailio,chatafl_opt,4,l_per,6.8
1773415826,kamailio,chatafl_opt,4,l_abs,16020
1773415826,kamailio,chatafl_opt,4,b_per,1.6
1773415826,kamailio,chatafl_opt,4,b_abs,9291
1773416515,kamailio,chatafl_opt,4,l_per,6.8
1773416515,kamailio,chatafl_opt,4,l_abs,16020
1773416515,kamailio,chatafl_opt,4,b_per,1.6
1773416515,kamailio,chatafl_opt,4,b_abs,9291
1773417224,kamailio,chatafl_opt,4,l_per,6.8
1773417224,kamailio,chatafl_opt,4,l_abs,16020
1773417224,kamailio,chatafl_opt,4,b_per,1.6
1773417224,kamailio,chatafl_opt,4,b_abs,9291
1773417706,kamailio,chatafl_opt,4,l_per,6.8
1773417706,kamailio,chatafl_opt,4,l_abs,16020
1773417706,kamailio,chatafl_opt,4,b_per,1.6
1773417706,kamailio,chatafl_opt,4,b_abs,9291
1773418398,kamailio,chatafl_opt,4,l_per,6.8
1773418398,kamailio,chatafl_opt,4,l_abs,16020
1773418398,kamailio,chatafl_opt,4,b_per,1.6
1773418398,kamailio,chatafl_opt,4,b_abs,9293
1773419188,kamailio,chatafl_opt,4,l_per,6.8
1773419188,kamailio,chatafl_opt,4,l_abs,16020
1773419188,kamailio,chatafl_opt,4,b_per,1.6
1773419188,kamailio,chatafl_opt,4,b_abs,9294
1773419924,kamailio,chatafl_opt,4,l_per,6.8
1773419924,kamailio,chatafl_opt,4,l_abs,16020
1773419924,kamailio,chatafl_opt,4,b_per,1.6
1773419924,kamailio,chatafl_opt,4,b_abs,9294
1773420475,kamailio,chatafl_opt,4,l_per,6.8
1773420475,kamailio,chatafl_opt,4,l_abs,16022
1773420475,kamailio,chatafl_opt,4,b_per,1.6
1773420475,kamailio,chatafl_opt,4,b_abs,9296
1773421302,kamailio,chatafl_opt,4,l_per,6.8
1773421302,kamailio,chatafl_opt,4,l_abs,16022
1773421302,kamailio,chatafl_opt,4,b_per,1.6
1773421302,kamailio,chatafl_opt,4,b_abs,9296
1773422292,kamailio,chatafl_opt,4,l_per,6.8
1773422292,kamailio,chatafl_opt,4,l_abs,16022
1773422292,kamailio,chatafl_opt,4,b_per,1.6
1773422292,kamailio,chatafl_opt,4,b_abs,9296
1773423190,kamailio,chatafl_opt,4,l_per,6.8
1773423190,kamailio,chatafl_opt,4,l_abs,16022
1773423190,kamailio,chatafl_opt,4,b_per,1.6
1773423190,kamailio,chatafl_opt,4,b_abs,9296
1773423809,kamailio,chatafl_opt,4,l_per,6.8
1773423809,kamailio,chatafl_opt,4,l_abs,16028
1773423809,kamailio,chatafl_opt,4,b_per,1.6
1773423809,kamailio,chatafl_opt,4,b_abs,9298
1773424762,kamailio,chatafl_opt,4,l_per,6.8
1773424762,kamailio,chatafl_opt,4,l_abs,16031
1773424762,kamailio,chatafl_opt,4,b_per,1.6
1773424762,kamailio,chatafl_opt,4,b_abs,9299
1773425684,kamailio,chatafl_opt,4,l_per,6.8
1773425684,kamailio,chatafl_opt,4,l_abs,16035
1773425684,kamailio,chatafl_opt,4,b_per,1.6
1773425684,kamailio,chatafl_opt,4,b_abs,9301
1773426384,kamailio,chatafl_opt,4,l_per,6.8
1773426384,kamailio,chatafl_opt,4,l_abs,16050
1773426384,kamailio,chatafl_opt,4,b_per,1.6
1773426384,kamailio,chatafl_opt,4,b_abs,9313
1773427149,kamailio,chatafl_opt,4,l_per,6.8
1773427149,kamailio,chatafl_opt,4,l_abs,16050
1773427149,kamailio,chatafl_opt,4,b_per,1.6
1773427149,kamailio,chatafl_opt,4,b_abs,9313
1773428135,kamailio,chatafl_opt,4,l_per,6.8
1773428135,kamailio,chatafl_opt,4,l_abs,16052
1773428135,kamailio,chatafl_opt,4,b_per,1.6
1773428135,kamailio,chatafl_opt,4,b_abs,9323
1773428932,kamailio,chatafl_opt,4,l_per,6.8
1773428932,kamailio,chatafl_opt,4,l_abs,16052
1773428932,kamailio,chatafl_opt,4,b_per,1.6
1773428932,kamailio,chatafl_opt,4,b_abs,9323
1773430138,kamailio,chatafl_opt,4,l_per,6.8
1773430138,kamailio,chatafl_opt,4,l_abs,16052
1773430138,kamailio,chatafl_opt,4,b_per,1.6
1773430138,kamailio,chatafl_opt,4,b_abs,9323
1773431200,kamailio,chatafl_opt,4,l_per,6.8
1773431200,kamailio,chatafl_opt,4,l_abs,16052
1773431200,kamailio,chatafl_opt,4,b_per,1.6
1773431200,kamailio,chatafl_opt,4,b_abs,9323
1773432651,kamailio,chatafl_opt,4,l_per,6.8
1773432651,kamailio,chatafl_opt,4,l_abs,16068
1773432651,kamailio,chatafl_opt,4,b_per,1.6
1773432651,kamailio,chatafl_opt,4,b_abs,9334
1773433641,kamailio,chatafl_opt,4,l_per,6.8
1773433641,kamailio,chatafl_opt,4,l_abs,16068
1773433641,kamailio,chatafl_opt,4,b_per,1.6
1773433641,kamailio,chatafl_opt,4,b_abs,9334
1773434664,kamailio,chatafl_opt,4,l_per,6.8
1773434664,kamailio,chatafl_opt,4,l_abs,16071
1773434664,kamailio,chatafl_opt,4,b_per,1.6
1773434664,kamailio,chatafl_opt,4,b_abs,9336
1773436031,kamailio,chatafl_opt,4,l_per,6.8
1773436031,kamailio,chatafl_opt,4,l_abs,16079
1773436031,kamailio,chatafl_opt,4,b_per,1.6
1773436031,kamailio,chatafl_opt,4,b_abs,9348
1773437609,kamailio,chatafl_opt,4,l_per,6.8
1773437609,kamailio,chatafl_opt,4,l_abs,16079
1773437609,kamailio,chatafl_opt,4,b_per,1.6
1773437609,kamailio,chatafl_opt,4,b_abs,9351
1773438894,kamailio,chatafl_opt,4,l_per,6.8
1773438894,kamailio,chatafl_opt,4,l_abs,16141
1773438894,kamailio,chatafl_opt,4,b_per,1.7
1773438894,kamailio,chatafl_opt,4,b_abs,9384
1773439901,kamailio,chatafl_opt,4,l_per,6.8
1773439901,kamailio,chatafl_opt,4,l_abs,16146
1773439901,kamailio,chatafl_opt,4,b_per,1.7
1773439901,kamailio,chatafl_opt,4,b_abs,9387
1773440895,kamailio,chatafl_opt,4,l_per,6.8
1773440895,kamailio,chatafl_opt,4,l_abs,16201
1773440895,kamailio,chatafl_opt,4,b_per,1.7
1773440895,kamailio,chatafl_opt,4,b_abs,9433
1773442029,kamailio,chatafl_opt,4,l_per,6.8
1773442029,kamailio,chatafl_opt,4,l_abs,16201
1773442029,kamailio,chatafl_opt,4,b_per,1.7
1773442029,kamailio,chatafl_opt,4,b_abs,9437
1773442949,kamailio,chatafl_opt,4,l_per,6.8
1773442949,kamailio,chatafl_opt,4,l_abs,16201
1773442949,kamailio,chatafl_opt,4,b_per,1.7
1773442949,kamailio,chatafl_opt,4,b_abs,9437
1773444687,kamailio,chatafl_opt,4,l_per,6.8
1773444687,kamailio,chatafl_opt,4,l_abs,16201
1773444687,kamailio,chatafl_opt,4,b_per,1.7
1773444687,kamailio,chatafl_opt,4,b_abs,9437
1773446095,kamailio,chatafl_opt,4,l_per,6.8
1773446095,kamailio,chatafl_opt,4,l_abs,16201
1773446095,kamailio,chatafl_opt,4,b_per,1.7
1773446095,kamailio,chatafl_opt,4,b_abs,9437
1773447826,kamailio,chatafl_opt,4,l_per,6.8
1773447826,kamailio,chatafl_opt,4,l_abs,16201
1773447826,kamailio,chatafl_opt,4,b_per,1.7
1773447826,kamailio,chatafl_opt,4,b_abs,9437
1773449369,kamailio,chatafl_opt,4,l_per,6.8
1773449369,kamailio,chatafl_opt,4,l_abs,16201
1773449369,kamailio,chatafl_opt,4,b_per,1.7
1773449369,kamailio,chatafl_opt,4,b_abs,9439
1773450552,kamailio,chatafl_opt,4,l_per,6.8
1773450552,kamailio,chatafl_opt,4,l_abs,16201
1773450552,kamailio,chatafl_opt,4,b_per,1.7
1773450552,kamailio,chatafl_opt,4,b_abs,9439
1773452012,kamailio,chatafl_opt,4,l_per,6.8
1773452012,kamailio,chatafl_opt,4,l_abs,16201
1773452012,kamailio,chatafl_opt,4,b_per,1.7
1773452012,kamailio,chatafl_opt,4,b_abs,9442
1773454224,kamailio,chatafl_opt,4,l_per,6.8
1773454224,kamailio,chatafl_opt,4,l_abs,16233
1773454224,kamailio,chatafl_opt,4,b_per,1.7
1773454224,kamailio,chatafl_opt,4,b_abs,9468
1773455633,kamailio,chatafl_opt,4,l_per,6.8
1773455633,kamailio,chatafl_opt,4,l_abs,16233
1773455633,kamailio,chatafl_opt,4,b_per,1.7
1773455633,kamailio,chatafl_opt,4,b_abs,9469
1773456784,kamailio,chatafl_opt,4,l_per,6.9
1773456784,kamailio,chatafl_opt,4,l_abs,16237
1773456784,kamailio,chatafl_opt,4,b_per,1.7
1773456784,kamailio,chatafl_opt,4,b_abs,9481
1773457987,kamailio,chatafl_opt,4,l_per,6.9
1773457987,kamailio,chatafl_opt,4,l_abs,16237
1773457987,kamailio,chatafl_opt,4,b_per,1.7
1773457987,kamailio,chatafl_opt,4,b_abs,9481
1773459821,kamailio,chatafl_opt,4,l_per,6.9
1773459821,kamailio,chatafl_opt,4,l_abs,16237
1773459821,kamailio,chatafl_opt,4,b_per,1.7
1773459821,kamailio,chatafl_opt,4,b_abs,9481
1773460816,kamailio,chatafl_opt,4,l_per,6.9
1773460816,kamailio,chatafl_opt,4,l_abs,16237
1773460816,kamailio,chatafl_opt,4,b_per,1.7
1773460816,kamailio,chatafl_opt,4,b_abs,9481
1773462685,kamailio,chatafl_opt,4,l_per,6.9
1773462685,kamailio,chatafl_opt,4,l_abs,16237
1773462685,kamailio,chatafl_opt,4,b_per,1.7
1773462685,kamailio,chatafl_opt,4,b_abs,9481
1773464414,kamailio,chatafl_opt,4,l_per,6.9
1773464414,kamailio,chatafl_opt,4,l_abs,16237
1773464414,kamailio,chatafl_opt,4,b_per,1.7
1773464414,kamailio,chatafl_opt,4,b_abs,9483
1773465648,kamailio,chatafl_opt,4,l_per,6.9
1773465648,kamailio,chatafl_opt,4,l_abs,16237
1773465648,kamailio,chatafl_opt,4,b_per,1.7
1773465648,kamailio,chatafl_opt,4,b_abs,9483
1773467338,kamailio,chatafl_opt,4,l_per,6.9
1773467338,kamailio,chatafl_opt,4,l_abs,16238
1773467338,kamailio,chatafl_opt,4,b_per,1.7
1773467338,kamailio,chatafl_opt,4,b_abs,9485
1773469444,kamailio,chatafl_opt,4,l_per,6.9
1773469444,kamailio,chatafl_opt,4,l_abs,16238
1773469444,kamailio,chatafl_opt,4,b_per,1.7
1773469444,kamailio,chatafl_opt,4,b_abs,9485
1773471817,kamailio,chatafl_opt,4,l_per,6.9
1773471817,kamailio,chatafl_opt,4,l_abs,16238
1773471817,kamailio,chatafl_opt,4,b_per,1.7
1773471817,kamailio,chatafl_opt,4,b_abs,9485
1773473663,kamailio,chatafl_opt,4,l_per,6.9
1773473663,kamailio,chatafl_opt,4,l_abs,16238
1773473663,kamailio,chatafl_opt,4,b_per,1.7
1773473663,kamailio,chatafl_opt,4,b_abs,9485
1773474875,kamailio,chatafl_opt,4,l_per,6.9
1773474875,kamailio,chatafl_opt,4,l_abs,16238
1773474875,kamailio,chatafl_opt,4,b_per,1.7
1773474875,kamailio,chatafl_opt,4,b_abs,9487
1773476614,kamailio,chatafl_opt,4,l_per,6.9
1773476614,kamailio,chatafl_opt,4,l_abs,16310
1773476614,kamailio,chatafl_opt,4,b_per,1.7
1773476614,kamailio,chatafl_opt,4,b_abs,9515
1773478117,kamailio,chatafl_opt,4,l_per,6.9
1773478117,kamailio,chatafl_opt,4,l_abs,16396
1773478117,kamailio,chatafl_opt,4,b_per,1.7
1773478117,kamailio,chatafl_opt,4,b_abs,9550
1773478994,kamailio,chatafl_opt,4,l_per,6.9
1773478994,kamailio,chatafl_opt,4,l_abs,16396
1773478994,kamailio,chatafl_opt,4,b_per,1.7
1773478994,kamailio,chatafl_opt,4,b_abs,9550
1773480784,kamailio,chatafl_opt,4,l_per,6.9
1773480784,kamailio,chatafl_opt,4,l_abs,16396
1773480784,kamailio,chatafl_opt,4,b_per,1.7
1773480784,kamailio,chatafl_opt,4,b_abs,9550
1773482701,kamailio,chatafl_opt,4,l_per,6.9
1773482701,kamailio,chatafl_opt,4,l_abs,16396
1773482701,kamailio,chatafl_opt,4,b_per,1.7
1773482701,kamailio,chatafl_opt,4,b_abs,9550
1773483669,kamailio,chatafl_opt,4,l_per,6.9
1773483669,kamailio,chatafl_opt,4,l_abs,16436
1773483669,kamailio,chatafl_opt,4,b_per,1.7
1773483669,kamailio,chatafl_opt,4,b_abs,9603
1773484734,kamailio,chatafl_opt,4,l_per,6.9
1773484734,kamailio,chatafl_opt,4,l_abs,16436
1773484734,kamailio,chatafl_opt,4,b_per,1.7
1773484734,kamailio,chatafl_opt,4,b_abs,9603
1773486003,kamailio,chatafl_opt,4,l_per,6.9
1773486003,kamailio,chatafl_opt,4,l_abs,16436
1773486003,kamailio,chatafl_opt,4,b_per,1.7
1773486003,kamailio,chatafl_opt,4,b_abs,9603
1773486747,kamailio,chatafl_opt,4,l_per,6.9
1773486747,kamailio,chatafl_opt,4,l_abs,16436
1773486747,kamailio,chatafl_opt,4,b_per,1.7
1773486747,kamailio,chatafl_opt,4,b_abs,9603
1773398799,kamailio,chatafl_opt,5,l_per,4.2
1773398799,kamailio,chatafl_opt,5,l_abs,10014
1773398799,kamailio,chatafl_opt,5,b_per,0.8
1773398799,kamailio,chatafl_opt,5,b_abs,4638
1773398801,kamailio,chatafl_opt,5,l_per,4.2
1773398801,kamailio,chatafl_opt,5,l_abs,10014
1773398801,kamailio,chatafl_opt,5,b_per,0.8
1773398801,kamailio,chatafl_opt,5,b_abs,4640
1773398802,kamailio,chatafl_opt,5,l_per,4.2
1773398802,kamailio,chatafl_opt,5,l_abs,10014
1773398802,kamailio,chatafl_opt,5,b_per,0.8
1773398802,kamailio,chatafl_opt,5,b_abs,4640
1773398804,kamailio,chatafl_opt,5,l_per,4.2
1773398804,kamailio,chatafl_opt,5,l_abs,10014
1773398804,kamailio,chatafl_opt,5,b_per,0.8
1773398804,kamailio,chatafl_opt,5,b_abs,4640
1773398812,kamailio,chatafl_opt,5,l_per,4.2
1773398812,kamailio,chatafl_opt,5,l_abs,10014
1773398812,kamailio,chatafl_opt,5,b_per,0.8
1773398812,kamailio,chatafl_opt,5,b_abs,4640
1773398813,kamailio,chatafl_opt,5,l_per,4.2
1773398813,kamailio,chatafl_opt,5,l_abs,10016
1773398813,kamailio,chatafl_opt,5,b_per,0.8
1773398813,kamailio,chatafl_opt,5,b_abs,4641
1773398815,kamailio,chatafl_opt,5,l_per,4.6
1773398815,kamailio,chatafl_opt,5,l_abs,11003
1773398815,kamailio,chatafl_opt,5,b_per,0.9
1773398815,kamailio,chatafl_opt,5,b_abs,5197
1773398816,kamailio,chatafl_opt,5,l_per,5.5
1773398816,kamailio,chatafl_opt,5,l_abs,13057
1773398816,kamailio,chatafl_opt,5,b_per,1.1
1773398816,kamailio,chatafl_opt,5,b_abs,6221
1773398818,kamailio,chatafl_opt,5,l_per,5.7
1773398818,kamailio,chatafl_opt,5,l_abs,13461
1773398818,kamailio,chatafl_opt,5,b_per,1.2
1773398818,kamailio,chatafl_opt,5,b_abs,6546
1773398820,kamailio,chatafl_opt,5,l_per,5.7
1773398820,kamailio,chatafl_opt,5,l_abs,13461
1773398820,kamailio,chatafl_opt,5,b_per,1.2
1773398820,kamailio,chatafl_opt,5,b_abs,6546
1773398822,kamailio,chatafl_opt,5,l_per,5.7
1773398822,kamailio,chatafl_opt,5,l_abs,13461
1773398822,kamailio,chatafl_opt,5,b_per,1.2
1773398822,kamailio,chatafl_opt,5,b_abs,6546
1773398823,kamailio,chatafl_opt,5,l_per,5.7
1773398823,kamailio,chatafl_opt,5,l_abs,13461
1773398823,kamailio,chatafl_opt,5,b_per,1.2
1773398823,kamailio,chatafl_opt,5,b_abs,6546
1773398825,kamailio,chatafl_opt,5,l_per,5.7
1773398825,kamailio,chatafl_opt,5,l_abs,13536
1773398825,kamailio,chatafl_opt,5,b_per,1.2
1773398825,kamailio,chatafl_opt,5,b_abs,6573
1773398827,kamailio,chatafl_opt,5,l_per,5.7
1773398827,kamailio,chatafl_opt,5,l_abs,13536
1773398827,kamailio,chatafl_opt,5,b_per,1.2
1773398827,kamailio,chatafl_opt,5,b_abs,6573
1773398829,kamailio,chatafl_opt,5,l_per,5.7
1773398829,kamailio,chatafl_opt,5,l_abs,13536
1773398829,kamailio,chatafl_opt,5,b_per,1.2
1773398829,kamailio,chatafl_opt,5,b_abs,6573
1773398837,kamailio,chatafl_opt,5,l_per,5.7
1773398837,kamailio,chatafl_opt,5,l_abs,13537
1773398837,kamailio,chatafl_opt,5,b_per,1.2
1773398837,kamailio,chatafl_opt,5,b_abs,6576
1773398839,kamailio,chatafl_opt,5,l_per,5.7
1773398839,kamailio,chatafl_opt,5,l_abs,13537
1773398839,kamailio,chatafl_opt,5,b_per,1.2
1773398839,kamailio,chatafl_opt,5,b_abs,6576
1773398841,kamailio,chatafl_opt,5,l_per,5.7
1773398841,kamailio,chatafl_opt,5,l_abs,13546
1773398841,kamailio,chatafl_opt,5,b_per,1.2
1773398841,kamailio,chatafl_opt,5,b_abs,6580
1773398842,kamailio,chatafl_opt,5,l_per,5.7
1773398842,kamailio,chatafl_opt,5,l_abs,13546
1773398842,kamailio,chatafl_opt,5,b_per,1.2
1773398842,kamailio,chatafl_opt,5,b_abs,6580
1773398851,kamailio,chatafl_opt,5,l_per,5.7
1773398851,kamailio,chatafl_opt,5,l_abs,13546
1773398851,kamailio,chatafl_opt,5,b_per,1.2
1773398851,kamailio,chatafl_opt,5,b_abs,6580
1773398852,kamailio,chatafl_opt,5,l_per,5.7
1773398852,kamailio,chatafl_opt,5,l_abs,13546
1773398852,kamailio,chatafl_opt,5,b_per,1.2
1773398852,kamailio,chatafl_opt,5,b_abs,6580
1773398854,kamailio,chatafl_opt,5,l_per,5.7
1773398854,kamailio,chatafl_opt,5,l_abs,13546
1773398854,kamailio,chatafl_opt,5,b_per,1.2
1773398854,kamailio,chatafl_opt,5,b_abs,6580
1773398856,kamailio,chatafl_opt,5,l_per,5.7
1773398856,kamailio,chatafl_opt,5,l_abs,13546
1773398856,kamailio,chatafl_opt,5,b_per,1.2
1773398856,kamailio,chatafl_opt,5,b_abs,6580
1773398857,kamailio,chatafl_opt,5,l_per,5.7
1773398857,kamailio,chatafl_opt,5,l_abs,13546
1773398857,kamailio,chatafl_opt,5,b_per,1.2
1773398857,kamailio,chatafl_opt,5,b_abs,6580
1773398859,kamailio,chatafl_opt,5,l_per,5.7
1773398859,kamailio,chatafl_opt,5,l_abs,13546
1773398859,kamailio,chatafl_opt,5,b_per,1.2
1773398859,kamailio,chatafl_opt,5,b_abs,6580
1773398861,kamailio,chatafl_opt,5,l_per,5.7
1773398861,kamailio,chatafl_opt,5,l_abs,13546
1773398861,kamailio,chatafl_opt,5,b_per,1.2
1773398861,kamailio,chatafl_opt,5,b_abs,6580
1773398862,kamailio,chatafl_opt,5,l_per,5.7
1773398862,kamailio,chatafl_opt,5,l_abs,13546
1773398862,kamailio,chatafl_opt,5,b_per,1.2
1773398862,kamailio,chatafl_opt,5,b_abs,6580
1773398864,kamailio,chatafl_opt,5,l_per,5.7
1773398864,kamailio,chatafl_opt,5,l_abs,13546
1773398864,kamailio,chatafl_opt,5,b_per,1.2
1773398864,kamailio,chatafl_opt,5,b_abs,6580
1773398866,kamailio,chatafl_opt,5,l_per,5.7
1773398866,kamailio,chatafl_opt,5,l_abs,13546
1773398866,kamailio,chatafl_opt,5,b_per,1.2
1773398866,kamailio,chatafl_opt,5,b_abs,6580
1773398867,kamailio,chatafl_opt,5,l_per,5.7
1773398867,kamailio,chatafl_opt,5,l_abs,13546
1773398867,kamailio,chatafl_opt,5,b_per,1.2
1773398867,kamailio,chatafl_opt,5,b_abs,6580
1773398876,kamailio,chatafl_opt,5,l_per,5.7
1773398876,kamailio,chatafl_opt,5,l_abs,13546
1773398876,kamailio,chatafl_opt,5,b_per,1.2
1773398876,kamailio,chatafl_opt,5,b_abs,6580
1773398877,kamailio,chatafl_opt,5,l_per,5.7
1773398877,kamailio,chatafl_opt,5,l_abs,13546
1773398877,kamailio,chatafl_opt,5,b_per,1.2
1773398877,kamailio,chatafl_opt,5,b_abs,6580
1773398879,kamailio,chatafl_opt,5,l_per,5.7
1773398879,kamailio,chatafl_opt,5,l_abs,13546
1773398879,kamailio,chatafl_opt,5,b_per,1.2
1773398879,kamailio,chatafl_opt,5,b_abs,6580
1773398880,kamailio,chatafl_opt,5,l_per,5.7
1773398880,kamailio,chatafl_opt,5,l_abs,13546
1773398880,kamailio,chatafl_opt,5,b_per,1.2
1773398880,kamailio,chatafl_opt,5,b_abs,6580
1773398882,kamailio,chatafl_opt,5,l_per,5.7
1773398882,kamailio,chatafl_opt,5,l_abs,13546
1773398882,kamailio,chatafl_opt,5,b_per,1.2
1773398882,kamailio,chatafl_opt,5,b_abs,6580
1773398884,kamailio,chatafl_opt,5,l_per,5.7
1773398884,kamailio,chatafl_opt,5,l_abs,13546
1773398884,kamailio,chatafl_opt,5,b_per,1.2
1773398884,kamailio,chatafl_opt,5,b_abs,6580
1773398886,kamailio,chatafl_opt,5,l_per,5.7
1773398886,kamailio,chatafl_opt,5,l_abs,13546
1773398886,kamailio,chatafl_opt,5,b_per,1.2
1773398886,kamailio,chatafl_opt,5,b_abs,6586
1773398887,kamailio,chatafl_opt,5,l_per,5.7
1773398887,kamailio,chatafl_opt,5,l_abs,13546
1773398887,kamailio,chatafl_opt,5,b_per,1.2
1773398887,kamailio,chatafl_opt,5,b_abs,6586
1773398889,kamailio,chatafl_opt,5,l_per,5.7
1773398889,kamailio,chatafl_opt,5,l_abs,13546
1773398889,kamailio,chatafl_opt,5,b_per,1.2
1773398889,kamailio,chatafl_opt,5,b_abs,6586
1773398890,kamailio,chatafl_opt,5,l_per,5.7
1773398890,kamailio,chatafl_opt,5,l_abs,13546
1773398890,kamailio,chatafl_opt,5,b_per,1.2
1773398890,kamailio,chatafl_opt,5,b_abs,6586
1773398892,kamailio,chatafl_opt,5,l_per,5.7
1773398892,kamailio,chatafl_opt,5,l_abs,13549
1773398892,kamailio,chatafl_opt,5,b_per,1.2
1773398892,kamailio,chatafl_opt,5,b_abs,6596
1773398894,kamailio,chatafl_opt,5,l_per,5.7
1773398894,kamailio,chatafl_opt,5,l_abs,13549
1773398894,kamailio,chatafl_opt,5,b_per,1.2
1773398894,kamailio,chatafl_opt,5,b_abs,6596
1773398895,kamailio,chatafl_opt,5,l_per,5.7
1773398895,kamailio,chatafl_opt,5,l_abs,13549
1773398895,kamailio,chatafl_opt,5,b_per,1.2
1773398895,kamailio,chatafl_opt,5,b_abs,6596
1773398897,kamailio,chatafl_opt,5,l_per,5.7
1773398897,kamailio,chatafl_opt,5,l_abs,13549
1773398897,kamailio,chatafl_opt,5,b_per,1.2
1773398897,kamailio,chatafl_opt,5,b_abs,6596
1773398899,kamailio,chatafl_opt,5,l_per,5.7
1773398899,kamailio,chatafl_opt,5,l_abs,13549
1773398899,kamailio,chatafl_opt,5,b_per,1.2
1773398899,kamailio,chatafl_opt,5,b_abs,6596
1773398900,kamailio,chatafl_opt,5,l_per,5.7
1773398900,kamailio,chatafl_opt,5,l_abs,13594
1773398900,kamailio,chatafl_opt,5,b_per,1.2
1773398900,kamailio,chatafl_opt,5,b_abs,6632
1773398890,kamailio,chatafl_opt,5,l_per,5.8
1773398890,kamailio,chatafl_opt,5,l_abs,13670
1773398890,kamailio,chatafl_opt,5,b_per,1.2
1773398890,kamailio,chatafl_opt,5,b_abs,6700
1773398971,kamailio,chatafl_opt,5,l_per,5.9
1773398971,kamailio,chatafl_opt,5,l_abs,13931
1773398971,kamailio,chatafl_opt,5,b_per,1.3
1773398971,kamailio,chatafl_opt,5,b_abs,7143
1773399058,kamailio,chatafl_opt,5,l_per,6.1
1773399058,kamailio,chatafl_opt,5,l_abs,14387
1773399058,kamailio,chatafl_opt,5,b_per,1.3
1773399058,kamailio,chatafl_opt,5,b_abs,7578
1773399170,kamailio,chatafl_opt,5,l_per,6.1
1773399170,kamailio,chatafl_opt,5,l_abs,14497
1773399170,kamailio,chatafl_opt,5,b_per,1.4
1773399170,kamailio,chatafl_opt,5,b_abs,7736
1773399281,kamailio,chatafl_opt,5,l_per,6.2
1773399281,kamailio,chatafl_opt,5,l_abs,14691
1773399281,kamailio,chatafl_opt,5,b_per,1.4
1773399281,kamailio,chatafl_opt,5,b_abs,7983
1773399389,kamailio,chatafl_opt,5,l_per,6.3
1773399389,kamailio,chatafl_opt,5,l_abs,14839
1773399389,kamailio,chatafl_opt,5,b_per,1.4
1773399389,kamailio,chatafl_opt,5,b_abs,8156
1773399486,kamailio,chatafl_opt,5,l_per,6.3
1773399486,kamailio,chatafl_opt,5,l_abs,14934
1773399486,kamailio,chatafl_opt,5,b_per,1.5
1773399486,kamailio,chatafl_opt,5,b_abs,8281
1773399581,kamailio,chatafl_opt,5,l_per,6.3
1773399581,kamailio,chatafl_opt,5,l_abs,15025
1773399581,kamailio,chatafl_opt,5,b_per,1.5
1773399581,kamailio,chatafl_opt,5,b_abs,8415
1773399672,kamailio,chatafl_opt,5,l_per,6.4
1773399672,kamailio,chatafl_opt,5,l_abs,15123
1773399672,kamailio,chatafl_opt,5,b_per,1.5
1773399672,kamailio,chatafl_opt,5,b_abs,8507
1773399773,kamailio,chatafl_opt,5,l_per,6.4
1773399773,kamailio,chatafl_opt,5,l_abs,15201
1773399773,kamailio,chatafl_opt,5,b_per,1.5
1773399773,kamailio,chatafl_opt,5,b_abs,8580
1773399872,kamailio,chatafl_opt,5,l_per,6.5
1773399872,kamailio,chatafl_opt,5,l_abs,15499
1773399872,kamailio,chatafl_opt,5,b_per,1.5
1773399872,kamailio,chatafl_opt,5,b_abs,8746
1773399981,kamailio,chatafl_opt,5,l_per,6.6
1773399981,kamailio,chatafl_opt,5,l_abs,15559
1773399981,kamailio,chatafl_opt,5,b_per,1.6
1773399981,kamailio,chatafl_opt,5,b_abs,8817
1773400101,kamailio,chatafl_opt,5,l_per,6.6
1773400101,kamailio,chatafl_opt,5,l_abs,15631
1773400101,kamailio,chatafl_opt,5,b_per,1.6
1773400101,kamailio,chatafl_opt,5,b_abs,8890
1773400224,kamailio,chatafl_opt,5,l_per,6.6
1773400224,kamailio,chatafl_opt,5,l_abs,15672
1773400224,kamailio,chatafl_opt,5,b_per,1.6
1773400224,kamailio,chatafl_opt,5,b_abs,8923
1773400391,kamailio,chatafl_opt,5,l_per,6.7
1773400391,kamailio,chatafl_opt,5,l_abs,15784
1773400391,kamailio,chatafl_opt,5,b_per,1.6
1773400391,kamailio,chatafl_opt,5,b_abs,8991
1773400528,kamailio,chatafl_opt,5,l_per,6.7
1773400528,kamailio,chatafl_opt,5,l_abs,15823
1773400528,kamailio,chatafl_opt,5,b_per,1.6
1773400528,kamailio,chatafl_opt,5,b_abs,9025
1773400684,kamailio,chatafl_opt,5,l_per,6.7
1773400684,kamailio,chatafl_opt,5,l_abs,15858
1773400684,kamailio,chatafl_opt,5,b_per,1.6
1773400684,kamailio,chatafl_opt,5,b_abs,9051
1773400801,kamailio,chatafl_opt,5,l_per,6.8
1773400801,kamailio,chatafl_opt,5,l_abs,15999
1773400801,kamailio,chatafl_opt,5,b_per,1.6
1773400801,kamailio,chatafl_opt,5,b_abs,9137
1773400931,kamailio,chatafl_opt,5,l_per,6.8
1773400931,kamailio,chatafl_opt,5,l_abs,16017
1773400931,kamailio,chatafl_opt,5,b_per,1.6
1773400931,kamailio,chatafl_opt,5,b_abs,9150
1773401069,kamailio,chatafl_opt,5,l_per,6.8
1773401069,kamailio,chatafl_opt,5,l_abs,16069
1773401069,kamailio,chatafl_opt,5,b_per,1.6
1773401069,kamailio,chatafl_opt,5,b_abs,9199
1773401267,kamailio,chatafl_opt,5,l_per,6.8
1773401267,kamailio,chatafl_opt,5,l_abs,16095
1773401267,kamailio,chatafl_opt,5,b_per,1.6
1773401267,kamailio,chatafl_opt,5,b_abs,9218
1773401450,kamailio,chatafl_opt,5,l_per,6.8
1773401450,kamailio,chatafl_opt,5,l_abs,16127
1773401450,kamailio,chatafl_opt,5,b_per,1.6
1773401450,kamailio,chatafl_opt,5,b_abs,9251
1773401618,kamailio,chatafl_opt,5,l_per,6.8
1773401618,kamailio,chatafl_opt,5,l_abs,16144
1773401618,kamailio,chatafl_opt,5,b_per,1.6
1773401618,kamailio,chatafl_opt,5,b_abs,9260
1773401809,kamailio,chatafl_opt,5,l_per,6.8
1773401809,kamailio,chatafl_opt,5,l_abs,16191
1773401809,kamailio,chatafl_opt,5,b_per,1.6
1773401809,kamailio,chatafl_opt,5,b_abs,9324
1773402013,kamailio,chatafl_opt,5,l_per,6.9
1773402013,kamailio,chatafl_opt,5,l_abs,16241
1773402013,kamailio,chatafl_opt,5,b_per,1.7
1773402013,kamailio,chatafl_opt,5,b_abs,9380
1773402234,kamailio,chatafl_opt,5,l_per,6.9
1773402234,kamailio,chatafl_opt,5,l_abs,16247
1773402234,kamailio,chatafl_opt,5,b_per,1.7
1773402234,kamailio,chatafl_opt,5,b_abs,9388
1773402415,kamailio,chatafl_opt,5,l_per,6.9
1773402415,kamailio,chatafl_opt,5,l_abs,16247
1773402415,kamailio,chatafl_opt,5,b_per,1.7
1773402415,kamailio,chatafl_opt,5,b_abs,9388
1773402645,kamailio,chatafl_opt,5,l_per,6.9
1773402645,kamailio,chatafl_opt,5,l_abs,16247
1773402645,kamailio,chatafl_opt,5,b_per,1.7
1773402645,kamailio,chatafl_opt,5,b_abs,9389
1773402919,kamailio,chatafl_opt,5,l_per,6.9
1773402919,kamailio,chatafl_opt,5,l_abs,16247
1773402919,kamailio,chatafl_opt,5,b_per,1.7
1773402919,kamailio,chatafl_opt,5,b_abs,9389
1773403126,kamailio,chatafl_opt,5,l_per,6.9
1773403126,kamailio,chatafl_opt,5,l_abs,16247
1773403126,kamailio,chatafl_opt,5,b_per,1.7
1773403126,kamailio,chatafl_opt,5,b_abs,9389
1773403415,kamailio,chatafl_opt,5,l_per,6.9
1773403415,kamailio,chatafl_opt,5,l_abs,16247
1773403415,kamailio,chatafl_opt,5,b_per,1.7
1773403415,kamailio,chatafl_opt,5,b_abs,9389
1773403732,kamailio,chatafl_opt,5,l_per,6.9
1773403732,kamailio,chatafl_opt,5,l_abs,16247
1773403732,kamailio,chatafl_opt,5,b_per,1.7
1773403732,kamailio,chatafl_opt,5,b_abs,9389
1773404073,kamailio,chatafl_opt,5,l_per,6.9
1773404073,kamailio,chatafl_opt,5,l_abs,16247
1773404073,kamailio,chatafl_opt,5,b_per,1.7
1773404073,kamailio,chatafl_opt,5,b_abs,9389
1773404387,kamailio,chatafl_opt,5,l_per,6.9
1773404387,kamailio,chatafl_opt,5,l_abs,16247
1773404387,kamailio,chatafl_opt,5,b_per,1.7
1773404387,kamailio,chatafl_opt,5,b_abs,9389
1773404665,kamailio,chatafl_opt,5,l_per,6.9
1773404665,kamailio,chatafl_opt,5,l_abs,16247
1773404665,kamailio,chatafl_opt,5,b_per,1.7
1773404665,kamailio,chatafl_opt,5,b_abs,9389
1773405020,kamailio,chatafl_opt,5,l_per,6.9
1773405020,kamailio,chatafl_opt,5,l_abs,16250
1773405020,kamailio,chatafl_opt,5,b_per,1.7
1773405020,kamailio,chatafl_opt,5,b_abs,9393
1773405292,kamailio,chatafl_opt,5,l_per,6.9
1773405292,kamailio,chatafl_opt,5,l_abs,16250
1773405292,kamailio,chatafl_opt,5,b_per,1.7
1773405292,kamailio,chatafl_opt,5,b_abs,9395
1773405710,kamailio,chatafl_opt,5,l_per,6.9
1773405710,kamailio,chatafl_opt,5,l_abs,16250
1773405710,kamailio,chatafl_opt,5,b_per,1.7
1773405710,kamailio,chatafl_opt,5,b_abs,9395
1773405983,kamailio,chatafl_opt,5,l_per,6.9
1773405983,kamailio,chatafl_opt,5,l_abs,16250
1773405983,kamailio,chatafl_opt,5,b_per,1.7
1773405983,kamailio,chatafl_opt,5,b_abs,9395
1773406360,kamailio,chatafl_opt,5,l_per,6.9
1773406360,kamailio,chatafl_opt,5,l_abs,16250
1773406360,kamailio,chatafl_opt,5,b_per,1.7
1773406360,kamailio,chatafl_opt,5,b_abs,9395
1773406595,kamailio,chatafl_opt,5,l_per,6.9
1773406595,kamailio,chatafl_opt,5,l_abs,16250
1773406595,kamailio,chatafl_opt,5,b_per,1.7
1773406595,kamailio,chatafl_opt,5,b_abs,9395
1773406953,kamailio,chatafl_opt,5,l_per,6.9
1773406953,kamailio,chatafl_opt,5,l_abs,16265
1773406953,kamailio,chatafl_opt,5,b_per,1.7
1773406953,kamailio,chatafl_opt,5,b_abs,9407
1773407365,kamailio,chatafl_opt,5,l_per,6.9
1773407365,kamailio,chatafl_opt,5,l_abs,16276
1773407365,kamailio,chatafl_opt,5,b_per,1.7
1773407365,kamailio,chatafl_opt,5,b_abs,9411
1773407795,kamailio,chatafl_opt,5,l_per,6.9
1773407795,kamailio,chatafl_opt,5,l_abs,16276
1773407795,kamailio,chatafl_opt,5,b_per,1.7
1773407795,kamailio,chatafl_opt,5,b_abs,9411
1773408233,kamailio,chatafl_opt,5,l_per,6.9
1773408233,kamailio,chatafl_opt,5,l_abs,16324
1773408233,kamailio,chatafl_opt,5,b_per,1.7
1773408233,kamailio,chatafl_opt,5,b_abs,9448
1773408689,kamailio,chatafl_opt,5,l_per,6.9
1773408689,kamailio,chatafl_opt,5,l_abs,16324
1773408689,kamailio,chatafl_opt,5,b_per,1.7
1773408689,kamailio,chatafl_opt,5,b_abs,9448
1773409185,kamailio,chatafl_opt,5,l_per,6.9
1773409185,kamailio,chatafl_opt,5,l_abs,16324
1773409185,kamailio,chatafl_opt,5,b_per,1.7
1773409185,kamailio,chatafl_opt,5,b_abs,9448
1773409855,kamailio,chatafl_opt,5,l_per,6.9
1773409855,kamailio,chatafl_opt,5,l_abs,16331
1773409855,kamailio,chatafl_opt,5,b_per,1.7
1773409855,kamailio,chatafl_opt,5,b_abs,9451
1773410308,kamailio,chatafl_opt,5,l_per,6.9
1773410308,kamailio,chatafl_opt,5,l_abs,16331
1773410308,kamailio,chatafl_opt,5,b_per,1.7
1773410308,kamailio,chatafl_opt,5,b_abs,9451
1773410616,kamailio,chatafl_opt,5,l_per,6.9
1773410616,kamailio,chatafl_opt,5,l_abs,16365
1773410616,kamailio,chatafl_opt,5,b_per,1.7
1773410616,kamailio,chatafl_opt,5,b_abs,9475
1773411174,kamailio,chatafl_opt,5,l_per,6.9
1773411174,kamailio,chatafl_opt,5,l_abs,16367
1773411174,kamailio,chatafl_opt,5,b_per,1.7
1773411174,kamailio,chatafl_opt,5,b_abs,9477
1773411746,kamailio,chatafl_opt,5,l_per,6.9
1773411746,kamailio,chatafl_opt,5,l_abs,16367
1773411746,kamailio,chatafl_opt,5,b_per,1.7
1773411746,kamailio,chatafl_opt,5,b_abs,9477
1773412333,kamailio,chatafl_opt,5,l_per,6.9
1773412333,kamailio,chatafl_opt,5,l_abs,16367
1773412333,kamailio,chatafl_opt,5,b_per,1.7
1773412333,kamailio,chatafl_opt,5,b_abs,9477
1773412626,kamailio,chatafl_opt,5,l_per,6.9
1773412626,kamailio,chatafl_opt,5,l_abs,16375
1773412626,kamailio,chatafl_opt,5,b_per,1.7
1773412626,kamailio,chatafl_opt,5,b_abs,9483
1773413218,kamailio,chatafl_opt,5,l_per,6.9
1773413218,kamailio,chatafl_opt,5,l_abs,16375
1773413218,kamailio,chatafl_opt,5,b_per,1.7
1773413218,kamailio,chatafl_opt,5,b_abs,9483
1773413711,kamailio,chatafl_opt,5,l_per,6.9
1773413711,kamailio,chatafl_opt,5,l_abs,16376
1773413711,kamailio,chatafl_opt,5,b_per,1.7
1773413711,kamailio,chatafl_opt,5,b_abs,9488
1773414383,kamailio,chatafl_opt,5,l_per,6.9
1773414383,kamailio,chatafl_opt,5,l_abs,16377
1773414383,kamailio,chatafl_opt,5,b_per,1.7
1773414383,kamailio,chatafl_opt,5,b_abs,9489
1773414906,kamailio,chatafl_opt,5,l_per,6.9
1773414906,kamailio,chatafl_opt,5,l_abs,16378
1773414906,kamailio,chatafl_opt,5,b_per,1.7
1773414906,kamailio,chatafl_opt,5,b_abs,9491
1773415514,kamailio,chatafl_opt,5,l_per,6.9
1773415514,kamailio,chatafl_opt,5,l_abs,16379
1773415514,kamailio,chatafl_opt,5,b_per,1.7
1773415514,kamailio,chatafl_opt,5,b_abs,9493
1773416191,kamailio,chatafl_opt,5,l_per,6.9
1773416191,kamailio,chatafl_opt,5,l_abs,16379
1773416191,kamailio,chatafl_opt,5,b_per,1.7
1773416191,kamailio,chatafl_opt,5,b_abs,9495
1773416807,kamailio,chatafl_opt,5,l_per,6.9
1773416807,kamailio,chatafl_opt,5,l_abs,16379
1773416807,kamailio,chatafl_opt,5,b_per,1.7
1773416807,kamailio,chatafl_opt,5,b_abs,9495
1773417499,kamailio,chatafl_opt,5,l_per,6.9
1773417499,kamailio,chatafl_opt,5,l_abs,16379
1773417499,kamailio,chatafl_opt,5,b_per,1.7
1773417499,kamailio,chatafl_opt,5,b_abs,9495
1773418349,kamailio,chatafl_opt,5,l_per,6.9
1773418349,kamailio,chatafl_opt,5,l_abs,16382
1773418349,kamailio,chatafl_opt,5,b_per,1.7
1773418349,kamailio,chatafl_opt,5,b_abs,9497
1773419121,kamailio,chatafl_opt,5,l_per,6.9
1773419121,kamailio,chatafl_opt,5,l_abs,16382
1773419121,kamailio,chatafl_opt,5,b_per,1.7
1773419121,kamailio,chatafl_opt,5,b_abs,9497
1773419826,kamailio,chatafl_opt,5,l_per,6.9
1773419826,kamailio,chatafl_opt,5,l_abs,16382
1773419826,kamailio,chatafl_opt,5,b_per,1.7
1773419826,kamailio,chatafl_opt,5,b_abs,9497
1773420583,kamailio,chatafl_opt,5,l_per,6.9
1773420583,kamailio,chatafl_opt,5,l_abs,16383
1773420583,kamailio,chatafl_opt,5,b_per,1.7
1773420583,kamailio,chatafl_opt,5,b_abs,9498
1773421223,kamailio,chatafl_opt,5,l_per,6.9
1773421223,kamailio,chatafl_opt,5,l_abs,16383
1773421223,kamailio,chatafl_opt,5,b_per,1.7
1773421223,kamailio,chatafl_opt,5,b_abs,9498
1773421878,kamailio,chatafl_opt,5,l_per,6.9
1773421878,kamailio,chatafl_opt,5,l_abs,16384
1773421878,kamailio,chatafl_opt,5,b_per,1.7
1773421878,kamailio,chatafl_opt,5,b_abs,9499
1773422781,kamailio,chatafl_opt,5,l_per,6.9
1773422781,kamailio,chatafl_opt,5,l_abs,16384
1773422781,kamailio,chatafl_opt,5,b_per,1.7
1773422781,kamailio,chatafl_opt,5,b_abs,9499
1773423648,kamailio,chatafl_opt,5,l_per,6.9
1773423648,kamailio,chatafl_opt,5,l_abs,16384
1773423648,kamailio,chatafl_opt,5,b_per,1.7
1773423648,kamailio,chatafl_opt,5,b_abs,9499
1773424380,kamailio,chatafl_opt,5,l_per,6.9
1773424380,kamailio,chatafl_opt,5,l_abs,16384
1773424380,kamailio,chatafl_opt,5,b_per,1.7
1773424380,kamailio,chatafl_opt,5,b_abs,9499
1773425263,kamailio,chatafl_opt,5,l_per,6.9
1773425263,kamailio,chatafl_opt,5,l_abs,16384
1773425263,kamailio,chatafl_opt,5,b_per,1.7
1773425263,kamailio,chatafl_opt,5,b_abs,9499
1773426017,kamailio,chatafl_opt,5,l_per,6.9
1773426017,kamailio,chatafl_opt,5,l_abs,16384
1773426017,kamailio,chatafl_opt,5,b_per,1.7
1773426017,kamailio,chatafl_opt,5,b_abs,9499
1773426966,kamailio,chatafl_opt,5,l_per,6.9
1773426966,kamailio,chatafl_opt,5,l_abs,16389
1773426966,kamailio,chatafl_opt,5,b_per,1.7
1773426966,kamailio,chatafl_opt,5,b_abs,9520
1773428078,kamailio,chatafl_opt,5,l_per,6.9
1773428078,kamailio,chatafl_opt,5,l_abs,16389
1773428078,kamailio,chatafl_opt,5,b_per,1.7
1773428078,kamailio,chatafl_opt,5,b_abs,9520
1773429421,kamailio,chatafl_opt,5,l_per,6.9
1773429421,kamailio,chatafl_opt,5,l_abs,16389
1773429421,kamailio,chatafl_opt,5,b_per,1.7
1773429421,kamailio,chatafl_opt,5,b_abs,9520
1773430487,kamailio,chatafl_opt,5,l_per,6.9
1773430487,kamailio,chatafl_opt,5,l_abs,16390
1773430487,kamailio,chatafl_opt,5,b_per,1.7
1773430487,kamailio,chatafl_opt,5,b_abs,9522
1773431117,kamailio,chatafl_opt,5,l_per,6.9
1773431117,kamailio,chatafl_opt,5,l_abs,16390
1773431117,kamailio,chatafl_opt,5,b_per,1.7
1773431117,kamailio,chatafl_opt,5,b_abs,9522
1773432017,kamailio,chatafl_opt,5,l_per,6.9
1773432017,kamailio,chatafl_opt,5,l_abs,16393
1773432017,kamailio,chatafl_opt,5,b_per,1.7
1773432017,kamailio,chatafl_opt,5,b_abs,9525
1773433356,kamailio,chatafl_opt,5,l_per,6.9
1773433356,kamailio,chatafl_opt,5,l_abs,16397
1773433356,kamailio,chatafl_opt,5,b_per,1.7
1773433356,kamailio,chatafl_opt,5,b_abs,9526
1773434402,kamailio,chatafl_opt,5,l_per,6.9
1773434402,kamailio,chatafl_opt,5,l_abs,16401
1773434402,kamailio,chatafl_opt,5,b_per,1.7
1773434402,kamailio,chatafl_opt,5,b_abs,9529
1773435109,kamailio,chatafl_opt,5,l_per,6.9
1773435109,kamailio,chatafl_opt,5,l_abs,16401
1773435109,kamailio,chatafl_opt,5,b_per,1.7
1773435109,kamailio,chatafl_opt,5,b_abs,9529
1773436166,kamailio,chatafl_opt,5,l_per,6.9
1773436166,kamailio,chatafl_opt,5,l_abs,16413
1773436166,kamailio,chatafl_opt,5,b_per,1.7
1773436166,kamailio,chatafl_opt,5,b_abs,9537
1773436965,kamailio,chatafl_opt,5,l_per,6.9
1773436965,kamailio,chatafl_opt,5,l_abs,16421
1773436965,kamailio,chatafl_opt,5,b_per,1.7
1773436965,kamailio,chatafl_opt,5,b_abs,9540
1773438118,kamailio,chatafl_opt,5,l_per,6.9
1773438118,kamailio,chatafl_opt,5,l_abs,16421
1773438118,kamailio,chatafl_opt,5,b_per,1.7
1773438118,kamailio,chatafl_opt,5,b_abs,9541
1773439104,kamailio,chatafl_opt,5,l_per,6.9
1773439104,kamailio,chatafl_opt,5,l_abs,16428
1773439104,kamailio,chatafl_opt,5,b_per,1.7
1773439104,kamailio,chatafl_opt,5,b_abs,9542
1773440157,kamailio,chatafl_opt,5,l_per,6.9
1773440157,kamailio,chatafl_opt,5,l_abs,16428
1773440157,kamailio,chatafl_opt,5,b_per,1.7
1773440157,kamailio,chatafl_opt,5,b_abs,9542
1773441574,kamailio,chatafl_opt,5,l_per,6.9
1773441574,kamailio,chatafl_opt,5,l_abs,16428
1773441574,kamailio,chatafl_opt,5,b_per,1.7
1773441574,kamailio,chatafl_opt,5,b_abs,9542
1773442746,kamailio,chatafl_opt,5,l_per,6.9
1773442746,kamailio,chatafl_opt,5,l_abs,16428
1773442746,kamailio,chatafl_opt,5,b_per,1.7
1773442746,kamailio,chatafl_opt,5,b_abs,9542
1773443482,kamailio,chatafl_opt,5,l_per,6.9
1773443482,kamailio,chatafl_opt,5,l_abs,16428
1773443482,kamailio,chatafl_opt,5,b_per,1.7
1773443482,kamailio,chatafl_opt,5,b_abs,9542
1773444147,kamailio,chatafl_opt,5,l_per,6.9
1773444147,kamailio,chatafl_opt,5,l_abs,16428
1773444147,kamailio,chatafl_opt,5,b_per,1.7
1773444147,kamailio,chatafl_opt,5,b_abs,9542
1773445267,kamailio,chatafl_opt,5,l_per,7.0
1773445267,kamailio,chatafl_opt,5,l_abs,16479
1773445267,kamailio,chatafl_opt,5,b_per,1.7
1773445267,kamailio,chatafl_opt,5,b_abs,9571
1773447361,kamailio,chatafl_opt,5,l_per,7.0
1773447361,kamailio,chatafl_opt,5,l_abs,16479
1773447361,kamailio,chatafl_opt,5,b_per,1.7
1773447361,kamailio,chatafl_opt,5,b_abs,9571
1773449045,kamailio,chatafl_opt,5,l_per,7.0
1773449045,kamailio,chatafl_opt,5,l_abs,16479
1773449045,kamailio,chatafl_opt,5,b_per,1.7
1773449045,kamailio,chatafl_opt,5,b_abs,9571
1773450506,kamailio,chatafl_opt,5,l_per,7.0
1773450506,kamailio,chatafl_opt,5,l_abs,16482
1773450506,kamailio,chatafl_opt,5,b_per,1.7
1773450506,kamailio,chatafl_opt,5,b_abs,9574
1773451738,kamailio,chatafl_opt,5,l_per,7.0
1773451738,kamailio,chatafl_opt,5,l_abs,16482
1773451738,kamailio,chatafl_opt,5,b_per,1.7
1773451738,kamailio,chatafl_opt,5,b_abs,9574
1773453420,kamailio,chatafl_opt,5,l_per,7.0
1773453420,kamailio,chatafl_opt,5,l_abs,16485
1773453420,kamailio,chatafl_opt,5,b_per,1.7
1773453420,kamailio,chatafl_opt,5,b_abs,9578
1773455311,kamailio,chatafl_opt,5,l_per,7.0
1773455311,kamailio,chatafl_opt,5,l_abs,16493
1773455311,kamailio,chatafl_opt,5,b_per,1.7
1773455311,kamailio,chatafl_opt,5,b_abs,9587
1773456263,kamailio,chatafl_opt,5,l_per,7.0
1773456263,kamailio,chatafl_opt,5,l_abs,16493
1773456263,kamailio,chatafl_opt,5,b_per,1.7
1773456263,kamailio,chatafl_opt,5,b_abs,9587
1773457280,kamailio,chatafl_opt,5,l_per,7.0
1773457280,kamailio,chatafl_opt,5,l_abs,16493
1773457280,kamailio,chatafl_opt,5,b_per,1.7
1773457280,kamailio,chatafl_opt,5,b_abs,9587
1773458278,kamailio,chatafl_opt,5,l_per,7.0
1773458278,kamailio,chatafl_opt,5,l_abs,16494
1773458278,kamailio,chatafl_opt,5,b_per,1.7
1773458278,kamailio,chatafl_opt,5,b_abs,9588
1773459443,kamailio,chatafl_opt,5,l_per,7.0
1773459443,kamailio,chatafl_opt,5,l_abs,16499
1773459443,kamailio,chatafl_opt,5,b_per,1.7
1773459443,kamailio,chatafl_opt,5,b_abs,9610
1773461174,kamailio,chatafl_opt,5,l_per,7.0
1773461174,kamailio,chatafl_opt,5,l_abs,16516
1773461174,kamailio,chatafl_opt,5,b_per,1.7
1773461174,kamailio,chatafl_opt,5,b_abs,9626
1773463026,kamailio,chatafl_opt,5,l_per,7.0
1773463026,kamailio,chatafl_opt,5,l_abs,16516
1773463026,kamailio,chatafl_opt,5,b_per,1.7
1773463026,kamailio,chatafl_opt,5,b_abs,9626
1773464925,kamailio,chatafl_opt,5,l_per,7.0
1773464925,kamailio,chatafl_opt,5,l_abs,16517
1773464925,kamailio,chatafl_opt,5,b_per,1.7
1773464925,kamailio,chatafl_opt,5,b_abs,9627
1773466828,kamailio,chatafl_opt,5,l_per,7.0
1773466828,kamailio,chatafl_opt,5,l_abs,16517
1773466828,kamailio,chatafl_opt,5,b_per,1.7
1773466828,kamailio,chatafl_opt,5,b_abs,9627
1773469061,kamailio,chatafl_opt,5,l_per,7.0
1773469061,kamailio,chatafl_opt,5,l_abs,16517
1773469061,kamailio,chatafl_opt,5,b_per,1.7
1773469061,kamailio,chatafl_opt,5,b_abs,9627
1773470283,kamailio,chatafl_opt,5,l_per,7.0
1773470283,kamailio,chatafl_opt,5,l_abs,16527
1773470283,kamailio,chatafl_opt,5,b_per,1.7
1773470283,kamailio,chatafl_opt,5,b_abs,9635
1773471960,kamailio,chatafl_opt,5,l_per,7.0
1773471960,kamailio,chatafl_opt,5,l_abs,16527
1773471960,kamailio,chatafl_opt,5,b_per,1.7
1773471960,kamailio,chatafl_opt,5,b_abs,9639
1773474054,kamailio,chatafl_opt,5,l_per,7.0
1773474054,kamailio,chatafl_opt,5,l_abs,16527
1773474054,kamailio,chatafl_opt,5,b_per,1.7
1773474054,kamailio,chatafl_opt,5,b_abs,9639
1773476219,kamailio,chatafl_opt,5,l_per,7.0
1773476219,kamailio,chatafl_opt,5,l_abs,16527
1773476219,kamailio,chatafl_opt,5,b_per,1.7
1773476219,kamailio,chatafl_opt,5,b_abs,9639
1773477961,kamailio,chatafl_opt,5,l_per,7.0
1773477961,kamailio,chatafl_opt,5,l_abs,16527
1773477961,kamailio,chatafl_opt,5,b_per,1.7
1773477961,kamailio,chatafl_opt,5,b_abs,9639
1773479726,kamailio,chatafl_opt,5,l_per,7.0
1773479726,kamailio,chatafl_opt,5,l_abs,16527
1773479726,kamailio,chatafl_opt,5,b_per,1.7
1773479726,kamailio,chatafl_opt,5,b_abs,9639
1773481756,kamailio,chatafl_opt,5,l_per,7.0
1773481756,kamailio,chatafl_opt,5,l_abs,16527
1773481756,kamailio,chatafl_opt,5,b_per,1.7
1773481756,kamailio,chatafl_opt,5,b_abs,9639
1773484099,kamailio,chatafl_opt,5,l_per,7.0
1773484099,kamailio,chatafl_opt,5,l_abs,16529
1773484099,kamailio,chatafl_opt,5,b_per,1.7
1773484099,kamailio,chatafl_opt,5,b_abs,9641
1773485970,kamailio,chatafl_opt,5,l_per,7.0
1773485970,kamailio,chatafl_opt,5,l_abs,16534
1773485970,kamailio,chatafl_opt,5,b_per,1.7
1773485970,kamailio,chatafl_opt,5,b_abs,9643
1773486752,kamailio,chatafl_opt,5,l_per,7.0
1773486752,kamailio,chatafl_opt,5,l_abs,16534
1773486752,kamailio,chatafl_opt,5,b_per,1.7
1773486752,kamailio,chatafl_opt,5,b_abs,9643
1773397985,live555,aflnet,1,l_per,13.5
1773397985,live555,aflnet,1,l_abs,3208
1773397985,live555,aflnet,1,b_per,8.1
1773397985,live555,aflnet,1,b_abs,1492
1773397986,live555,aflnet,1,l_per,14.3
1773397986,live555,aflnet,1,l_abs,3389
1773397986,live555,aflnet,1,b_per,8.5
1773397986,live555,aflnet,1,b_abs,1572
1773397989,live555,aflnet,1,l_per,17.2
1773397989,live555,aflnet,1,l_abs,4086
1773397989,live555,aflnet,1,b_per,10.2
1773397989,live555,aflnet,1,b_abs,1892
1773397991,live555,aflnet,1,l_per,19.4
1773397991,live555,aflnet,1,l_abs,4610
1773397991,live555,aflnet,1,b_per,11.4
1773397991,live555,aflnet,1,b_abs,2114
1773397993,live555,aflnet,1,l_per,21.1
1773397993,live555,aflnet,1,l_abs,5027
1773397993,live555,aflnet,1,b_per,12.3
1773397993,live555,aflnet,1,b_abs,2273
1773397995,live555,aflnet,1,l_per,22.0
1773397995,live555,aflnet,1,l_abs,5235
1773397995,live555,aflnet,1,b_per,12.9
1773397995,live555,aflnet,1,b_abs,2396
1773397997,live555,aflnet,1,l_per,22.6
1773397997,live555,aflnet,1,l_abs,5383
1773397997,live555,aflnet,1,b_per,13.3
1773397997,live555,aflnet,1,b_abs,2472
1773398023,live555,aflnet,1,l_per,22.8
1773398023,live555,aflnet,1,l_abs,5445
1773398023,live555,aflnet,1,b_per,13.7
1773398023,live555,aflnet,1,b_abs,2543
1773398053,live555,aflnet,1,l_per,22.8
1773398053,live555,aflnet,1,l_abs,5448
1773398053,live555,aflnet,1,b_per,13.8
1773398053,live555,aflnet,1,b_abs,2553
1773398080,live555,aflnet,1,l_per,23.0
1773398080,live555,aflnet,1,l_abs,5484
1773398080,live555,aflnet,1,b_per,14.0
1773398080,live555,aflnet,1,b_abs,2598
1773398116,live555,aflnet,1,l_per,23.0
1773398116,live555,aflnet,1,l_abs,5488
1773398116,live555,aflnet,1,b_per,14.1
1773398116,live555,aflnet,1,b_abs,2611
1773398280,live555,aflnet,1,l_per,23.0
1773398280,live555,aflnet,1,l_abs,5490
1773398280,live555,aflnet,1,b_per,14.2
1773398280,live555,aflnet,1,b_abs,2621
1773398351,live555,aflnet,1,l_per,23.1
1773398351,live555,aflnet,1,l_abs,5502
1773398351,live555,aflnet,1,b_per,14.2
1773398351,live555,aflnet,1,b_abs,2638
1773398428,live555,aflnet,1,l_per,23.1
1773398428,live555,aflnet,1,l_abs,5513
1773398428,live555,aflnet,1,b_per,14.3
1773398428,live555,aflnet,1,b_abs,2644
1773398530,live555,aflnet,1,l_per,23.1
1773398530,live555,aflnet,1,l_abs,5522
1773398530,live555,aflnet,1,b_per,14.3
1773398530,live555,aflnet,1,b_abs,2653
1773398665,live555,aflnet,1,l_per,23.2
1773398665,live555,aflnet,1,l_abs,5524
1773398665,live555,aflnet,1,b_per,14.3
1773398665,live555,aflnet,1,b_abs,2655
1773398928,live555,aflnet,1,l_per,23.2
1773398928,live555,aflnet,1,l_abs,5529
1773398928,live555,aflnet,1,b_per,14.4
1773398928,live555,aflnet,1,b_abs,2658
1773399178,live555,aflnet,1,l_per,23.2
1773399178,live555,aflnet,1,l_abs,5529
1773399178,live555,aflnet,1,b_per,14.4
1773399178,live555,aflnet,1,b_abs,2664
1773399413,live555,aflnet,1,l_per,23.2
1773399413,live555,aflnet,1,l_abs,5529
1773399413,live555,aflnet,1,b_per,14.4
1773399413,live555,aflnet,1,b_abs,2667
1773399816,live555,aflnet,1,l_per,23.2
1773399816,live555,aflnet,1,l_abs,5529
1773399816,live555,aflnet,1,b_per,14.4
1773399816,live555,aflnet,1,b_abs,2670
1773400136,live555,aflnet,1,l_per,23.2
1773400136,live555,aflnet,1,l_abs,5538
1773400136,live555,aflnet,1,b_per,14.5
1773400136,live555,aflnet,1,b_abs,2693
1773400411,live555,aflnet,1,l_per,23.4
1773400411,live555,aflnet,1,l_abs,5578
1773400411,live555,aflnet,1,b_per,14.6
1773400411,live555,aflnet,1,b_abs,2712
1773400876,live555,aflnet,1,l_per,23.4
1773400876,live555,aflnet,1,l_abs,5578
1773400876,live555,aflnet,1,b_per,14.6
1773400876,live555,aflnet,1,b_abs,2712
1773401003,live555,aflnet,1,l_per,23.7
1773401003,live555,aflnet,1,l_abs,5657
1773401003,live555,aflnet,1,b_per,14.8
1773401003,live555,aflnet,1,b_abs,2739
1773401815,live555,aflnet,1,l_per,23.7
1773401815,live555,aflnet,1,l_abs,5666
1773401815,live555,aflnet,1,b_per,14.8
1773401815,live555,aflnet,1,b_abs,2750
1773402361,live555,aflnet,1,l_per,23.9
1773402361,live555,aflnet,1,l_abs,5698
1773402361,live555,aflnet,1,b_per,15.1
1773402361,live555,aflnet,1,b_abs,2797
1773402997,live555,aflnet,1,l_per,23.9
1773402997,live555,aflnet,1,l_abs,5699
1773402997,live555,aflnet,1,b_per,15.1
1773402997,live555,aflnet,1,b_abs,2798
1773403457,live555,aflnet,1,l_per,23.9
1773403457,live555,aflnet,1,l_abs,5701
1773403457,live555,aflnet,1,b_per,15.1
1773403457,live555,aflnet,1,b_abs,2800
1773404048,live555,aflnet,1,l_per,23.9
1773404048,live555,aflnet,1,l_abs,5702
1773404048,live555,aflnet,1,b_per,15.1
1773404048,live555,aflnet,1,b_abs,2802
1773405453,live555,aflnet,1,l_per,24.0
1773405453,live555,aflnet,1,l_abs,5727
1773405453,live555,aflnet,1,b_per,15.2
1773405453,live555,aflnet,1,b_abs,2811
1773406972,live555,aflnet,1,l_per,24.0
1773406972,live555,aflnet,1,l_abs,5729
1773406972,live555,aflnet,1,b_per,15.2
1773406972,live555,aflnet,1,b_abs,2821
1773408594,live555,aflnet,1,l_per,24.0
1773408594,live555,aflnet,1,l_abs,5736
1773408594,live555,aflnet,1,b_per,15.3
1773408594,live555,aflnet,1,b_abs,2829
1773410071,live555,aflnet,1,l_per,24.0
1773410071,live555,aflnet,1,l_abs,5736
1773410071,live555,aflnet,1,b_per,15.3
1773410071,live555,aflnet,1,b_abs,2829
1773412653,live555,aflnet,1,l_per,24.0
1773412653,live555,aflnet,1,l_abs,5736
1773412653,live555,aflnet,1,b_per,15.3
1773412653,live555,aflnet,1,b_abs,2829
1773415636,live555,aflnet,1,l_per,24.1
1773415636,live555,aflnet,1,l_abs,5748
1773415636,live555,aflnet,1,b_per,15.3
1773415636,live555,aflnet,1,b_abs,2839
1773417764,live555,aflnet,1,l_per,24.1
1773417764,live555,aflnet,1,l_abs,5748
1773417764,live555,aflnet,1,b_per,15.3
1773417764,live555,aflnet,1,b_abs,2840
1773420613,live555,aflnet,1,l_per,24.1
1773420613,live555,aflnet,1,l_abs,5755
1773420613,live555,aflnet,1,b_per,15.4
1773420613,live555,aflnet,1,b_abs,2845
1773424487,live555,aflnet,1,l_per,24.1
1773424487,live555,aflnet,1,l_abs,5757
1773424487,live555,aflnet,1,b_per,15.4
1773424487,live555,aflnet,1,b_abs,2848
1773429586,live555,aflnet,1,l_per,24.2
1773429586,live555,aflnet,1,l_abs,5771
1773429586,live555,aflnet,1,b_per,15.4
1773429586,live555,aflnet,1,b_abs,2856
1773432608,live555,aflnet,1,l_per,24.2
1773432608,live555,aflnet,1,l_abs,5771
1773432608,live555,aflnet,1,b_per,15.4
1773432608,live555,aflnet,1,b_abs,2858
1773439074,live555,aflnet,1,l_per,24.2
1773439074,live555,aflnet,1,l_abs,5771
1773439074,live555,aflnet,1,b_per,15.4
1773439074,live555,aflnet,1,b_abs,2858
1773446240,live555,aflnet,1,l_per,24.2
1773446240,live555,aflnet,1,l_abs,5771
1773446240,live555,aflnet,1,b_per,15.4
1773446240,live555,aflnet,1,b_abs,2861
1773454258,live555,aflnet,1,l_per,24.2
1773454258,live555,aflnet,1,l_abs,5771
1773454258,live555,aflnet,1,b_per,15.4
1773454258,live555,aflnet,1,b_abs,2861
1773465771,live555,aflnet,1,l_per,24.2
1773465771,live555,aflnet,1,l_abs,5773
1773465771,live555,aflnet,1,b_per,15.5
1773465771,live555,aflnet,1,b_abs,2873
1773485915,live555,aflnet,1,l_per,24.2
1773485915,live555,aflnet,1,l_abs,5780
1773485915,live555,aflnet,1,b_per,15.5
1773485915,live555,aflnet,1,b_abs,2876
1773485915,live555,aflnet,1,l_per,24.2
1773485915,live555,aflnet,1,l_abs,5780
1773485915,live555,aflnet,1,b_per,15.5
1773485915,live555,aflnet,1,b_abs,2876
1773397985,live555,aflnet,2,l_per,13.5
1773397985,live555,aflnet,2,l_abs,3207
1773397985,live555,aflnet,2,b_per,8.1
1773397985,live555,aflnet,2,b_abs,1491
1773397985,live555,aflnet,2,l_per,14.2
1773397985,live555,aflnet,2,l_abs,3367
1773397985,live555,aflnet,2,b_per,8.3
1773397985,live555,aflnet,2,b_abs,1534
1773397987,live555,aflnet,2,l_per,17.1
1773397987,live555,aflnet,2,l_abs,4066
1773397987,live555,aflnet,2,b_per,10.0
1773397987,live555,aflnet,2,b_abs,1859
1773397989,live555,aflnet,2,l_per,19.3
1773397989,live555,aflnet,2,l_abs,4590
1773397989,live555,aflnet,2,b_per,11.2
1773397989,live555,aflnet,2,b_abs,2081
1773397991,live555,aflnet,2,l_per,21.0
1773397991,live555,aflnet,2,l_abs,5007
1773397991,live555,aflnet,2,b_per,12.1
1773397991,live555,aflnet,2,b_abs,2240
1773397993,live555,aflnet,2,l_per,21.9
1773397993,live555,aflnet,2,l_abs,5212
1773397993,live555,aflnet,2,b_per,12.8
1773397993,live555,aflnet,2,b_abs,2362
1773397996,live555,aflnet,2,l_per,22.5
1773397996,live555,aflnet,2,l_abs,5360
1773397996,live555,aflnet,2,b_per,13.2
1773397996,live555,aflnet,2,b_abs,2438
1773398022,live555,aflnet,2,l_per,22.7
1773398022,live555,aflnet,2,l_abs,5421
1773398022,live555,aflnet,2,b_per,13.6
1773398022,live555,aflnet,2,b_abs,2516
1773398044,live555,aflnet,2,l_per,22.8
1773398044,live555,aflnet,2,l_abs,5434
1773398044,live555,aflnet,2,b_per,13.7
1773398044,live555,aflnet,2,b_abs,2529
1773398072,live555,aflnet,2,l_per,22.9
1773398072,live555,aflnet,2,l_abs,5463
1773398072,live555,aflnet,2,b_per,13.8
1773398072,live555,aflnet,2,b_abs,2557
1773398110,live555,aflnet,2,l_per,22.9
1773398110,live555,aflnet,2,l_abs,5464
1773398110,live555,aflnet,2,b_per,13.9
1773398110,live555,aflnet,2,b_abs,2568
1773398148,live555,aflnet,2,l_per,23.0
1773398148,live555,aflnet,2,l_abs,5497
1773398148,live555,aflnet,2,b_per,14.2
1773398148,live555,aflnet,2,b_abs,2632
1773398207,live555,aflnet,2,l_per,23.2
1773398207,live555,aflnet,2,l_abs,5530
1773398207,live555,aflnet,2,b_per,14.4
1773398207,live555,aflnet,2,b_abs,2659
1773398289,live555,aflnet,2,l_per,23.2
1773398289,live555,aflnet,2,l_abs,5536
1773398289,live555,aflnet,2,b_per,14.4
1773398289,live555,aflnet,2,b_abs,2665
1773398373,live555,aflnet,2,l_per,23.2
1773398373,live555,aflnet,2,l_abs,5539
1773398373,live555,aflnet,2,b_per,14.4
1773398373,live555,aflnet,2,b_abs,2672
1773398524,live555,aflnet,2,l_per,23.3
1773398524,live555,aflnet,2,l_abs,5548
1773398524,live555,aflnet,2,b_per,14.5
1773398524,live555,aflnet,2,b_abs,2682
1773398696,live555,aflnet,2,l_per,23.3
1773398696,live555,aflnet,2,l_abs,5548
1773398696,live555,aflnet,2,b_per,14.5
1773398696,live555,aflnet,2,b_abs,2683
1773398956,live555,aflnet,2,l_per,23.3
1773398956,live555,aflnet,2,l_abs,5562
1773398956,live555,aflnet,2,b_per,14.5
1773398956,live555,aflnet,2,b_abs,2693
1773399253,live555,aflnet,2,l_per,23.3
1773399253,live555,aflnet,2,l_abs,5563
1773399253,live555,aflnet,2,b_per,14.6
1773399253,live555,aflnet,2,b_abs,2700
1773399565,live555,aflnet,2,l_per,23.3
1773399565,live555,aflnet,2,l_abs,5567
1773399565,live555,aflnet,2,b_per,14.6
1773399565,live555,aflnet,2,b_abs,2708
1773399803,live555,aflnet,2,l_per,23.3
1773399803,live555,aflnet,2,l_abs,5567
1773399803,live555,aflnet,2,b_per,14.6
1773399803,live555,aflnet,2,b_abs,2711
1773399885,live555,aflnet,2,l_per,23.3
1773399885,live555,aflnet,2,l_abs,5567
1773399885,live555,aflnet,2,b_per,14.6
1773399885,live555,aflnet,2,b_abs,2711
1773400318,live555,aflnet,2,l_per,23.6
1773400318,live555,aflnet,2,l_abs,5624
1773400318,live555,aflnet,2,b_per,14.8
1773400318,live555,aflnet,2,b_abs,2742
1773400528,live555,aflnet,2,l_per,24.1
1773400528,live555,aflnet,2,l_abs,5752
1773400528,live555,aflnet,2,b_per,15.2
1773400528,live555,aflnet,2,b_abs,2823
1773400951,live555,aflnet,2,l_per,24.1
1773400951,live555,aflnet,2,l_abs,5761
1773400951,live555,aflnet,2,b_per,15.3
1773400951,live555,aflnet,2,b_abs,2835
1773401367,live555,aflnet,2,l_per,24.2
1773401367,live555,aflnet,2,l_abs,5772
1773401367,live555,aflnet,2,b_per,15.4
1773401367,live555,aflnet,2,b_abs,2845
1773401714,live555,aflnet,2,l_per,24.2
1773401714,live555,aflnet,2,l_abs,5772
1773401714,live555,aflnet,2,b_per,15.4
1773401714,live555,aflnet,2,b_abs,2845
1773402282,live555,aflnet,2,l_per,24.2
1773402282,live555,aflnet,2,l_abs,5775
1773402282,live555,aflnet,2,b_per,15.4
1773402282,live555,aflnet,2,b_abs,2852
1773403175,live555,aflnet,2,l_per,24.2
1773403175,live555,aflnet,2,l_abs,5776
1773403175,live555,aflnet,2,b_per,15.4
1773403175,live555,aflnet,2,b_abs,2859
1773403929,live555,aflnet,2,l_per,24.2
1773403929,live555,aflnet,2,l_abs,5780
1773403929,live555,aflnet,2,b_per,15.4
1773403929,live555,aflnet,2,b_abs,2861
1773404692,live555,aflnet,2,l_per,24.3
1773404692,live555,aflnet,2,l_abs,5810
1773404692,live555,aflnet,2,b_per,15.5
1773404692,live555,aflnet,2,b_abs,2870
1773405853,live555,aflnet,2,l_per,24.3
1773405853,live555,aflnet,2,l_abs,5810
1773405853,live555,aflnet,2,b_per,15.5
1773405853,live555,aflnet,2,b_abs,2871
1773407570,live555,aflnet,2,l_per,24.3
1773407570,live555,aflnet,2,l_abs,5810
1773407570,live555,aflnet,2,b_per,15.5
1773407570,live555,aflnet,2,b_abs,2871
1773409337,live555,aflnet,2,l_per,24.4
1773409337,live555,aflnet,2,l_abs,5828
1773409337,live555,aflnet,2,b_per,15.6
1773409337,live555,aflnet,2,b_abs,2884
1773411798,live555,aflnet,2,l_per,24.4
1773411798,live555,aflnet,2,l_abs,5832
1773411798,live555,aflnet,2,b_per,15.6
1773411798,live555,aflnet,2,b_abs,2887
1773413359,live555,aflnet,2,l_per,24.4
1773413359,live555,aflnet,2,l_abs,5832
1773413359,live555,aflnet,2,b_per,15.6
1773413359,live555,aflnet,2,b_abs,2889
1773416447,live555,aflnet,2,l_per,24.4
1773416447,live555,aflnet,2,l_abs,5835
1773416447,live555,aflnet,2,b_per,15.6
1773416447,live555,aflnet,2,b_abs,2891
1773419106,live555,aflnet,2,l_per,24.5
1773419106,live555,aflnet,2,l_abs,5838
1773419106,live555,aflnet,2,b_per,15.6
1773419106,live555,aflnet,2,b_abs,2893
1773422620,live555,aflnet,2,l_per,24.5
1773422620,live555,aflnet,2,l_abs,5838
1773422620,live555,aflnet,2,b_per,15.6
1773422620,live555,aflnet,2,b_abs,2893
1773426881,live555,aflnet,2,l_per,24.5
1773426881,live555,aflnet,2,l_abs,5852
1773426881,live555,aflnet,2,b_per,15.7
1773426881,live555,aflnet,2,b_abs,2901
1773429480,live555,aflnet,2,l_per,24.5
1773429480,live555,aflnet,2,l_abs,5855
1773429480,live555,aflnet,2,b_per,15.7
1773429480,live555,aflnet,2,b_abs,2906
1773437794,live555,aflnet,2,l_per,24.5
1773437794,live555,aflnet,2,l_abs,5855
1773437794,live555,aflnet,2,b_per,15.7
1773437794,live555,aflnet,2,b_abs,2907
1773445311,live555,aflnet,2,l_per,24.5
1773445311,live555,aflnet,2,l_abs,5856
1773445311,live555,aflnet,2,b_per,15.7
1773445311,live555,aflnet,2,b_abs,2908
1773453770,live555,aflnet,2,l_per,24.5
1773453770,live555,aflnet,2,l_abs,5856
1773453770,live555,aflnet,2,b_per,15.7
1773453770,live555,aflnet,2,b_abs,2908
1773463415,live555,aflnet,2,l_per,24.6
1773463415,live555,aflnet,2,l_abs,5862
1773463415,live555,aflnet,2,b_per,15.7
1773463415,live555,aflnet,2,b_abs,2912
1773475639,live555,aflnet,2,l_per,24.6
1773475639,live555,aflnet,2,l_abs,5869
1773475639,live555,aflnet,2,b_per,15.8
1773475639,live555,aflnet,2,b_abs,2918
1773485469,live555,aflnet,2,l_per,24.6
1773485469,live555,aflnet,2,l_abs,5869
1773485469,live555,aflnet,2,b_per,15.8
1773485469,live555,aflnet,2,b_abs,2919
1773397984,live555,aflnet,3,l_per,13.5
1773397984,live555,aflnet,3,l_abs,3209
1773397984,live555,aflnet,3,b_per,8.1
1773397984,live555,aflnet,3,b_abs,1491
1773397984,live555,aflnet,3,l_per,14.2
1773397984,live555,aflnet,3,l_abs,3367
1773397984,live555,aflnet,3,b_per,8.3
1773397984,live555,aflnet,3,b_abs,1533
1773397985,live555,aflnet,3,l_per,17.1
1773397985,live555,aflnet,3,l_abs,4066
1773397985,live555,aflnet,3,b_per,10.0
1773397985,live555,aflnet,3,b_abs,1858
1773397987,live555,aflnet,3,l_per,19.3
1773397987,live555,aflnet,3,l_abs,4590
1773397987,live555,aflnet,3,b_per,11.2
1773397987,live555,aflnet,3,b_abs,2080
1773397989,live555,aflnet,3,l_per,21.0
1773397989,live555,aflnet,3,l_abs,5007
1773397989,live555,aflnet,3,b_per,12.1
1773397989,live555,aflnet,3,b_abs,2239
1773397991,live555,aflnet,3,l_per,21.9
1773397991,live555,aflnet,3,l_abs,5216
1773397991,live555,aflnet,3,b_per,12.8
1773397991,live555,aflnet,3,b_abs,2364
1773397993,live555,aflnet,3,l_per,22.0
1773397993,live555,aflnet,3,l_abs,5242
1773397993,live555,aflnet,3,b_per,12.8
1773397993,live555,aflnet,3,b_abs,2374
1773398017,live555,aflnet,3,l_per,22.7
1773398017,live555,aflnet,3,l_abs,5421
1773398017,live555,aflnet,3,b_per,13.6
1773398017,live555,aflnet,3,b_abs,2511
1773398046,live555,aflnet,3,l_per,22.8
1773398046,live555,aflnet,3,l_abs,5435
1773398046,live555,aflnet,3,b_per,13.7
1773398046,live555,aflnet,3,b_abs,2543
1773398079,live555,aflnet,3,l_per,23.0
1773398079,live555,aflnet,3,l_abs,5476
1773398079,live555,aflnet,3,b_per,14.0
1773398079,live555,aflnet,3,b_abs,2586
1773398124,live555,aflnet,3,l_per,23.0
1773398124,live555,aflnet,3,l_abs,5497
1773398124,live555,aflnet,3,b_per,14.1
1773398124,live555,aflnet,3,b_abs,2614
1773398169,live555,aflnet,3,l_per,23.0
1773398169,live555,aflnet,3,l_abs,5497
1773398169,live555,aflnet,3,b_per,14.2
1773398169,live555,aflnet,3,b_abs,2622
1773398238,live555,aflnet,3,l_per,23.1
1773398238,live555,aflnet,3,l_abs,5515
1773398238,live555,aflnet,3,b_per,14.3
1773398238,live555,aflnet,3,b_abs,2652
1773398305,live555,aflnet,3,l_per,23.2
1773398305,live555,aflnet,3,l_abs,5531
1773398305,live555,aflnet,3,b_per,14.4
1773398305,live555,aflnet,3,b_abs,2667
1773398410,live555,aflnet,3,l_per,23.2
1773398410,live555,aflnet,3,l_abs,5539
1773398410,live555,aflnet,3,b_per,14.5
1773398410,live555,aflnet,3,b_abs,2679
1773398541,live555,aflnet,3,l_per,23.3
1773398541,live555,aflnet,3,l_abs,5551
1773398541,live555,aflnet,3,b_per,14.5
1773398541,live555,aflnet,3,b_abs,2689
1773398731,live555,aflnet,3,l_per,23.3
1773398731,live555,aflnet,3,l_abs,5551
1773398731,live555,aflnet,3,b_per,14.5
1773398731,live555,aflnet,3,b_abs,2692
1773398985,live555,aflnet,3,l_per,23.3
1773398985,live555,aflnet,3,l_abs,5551
1773398985,live555,aflnet,3,b_per,14.6
1773398985,live555,aflnet,3,b_abs,2697
1773399224,live555,aflnet,3,l_per,23.3
1773399224,live555,aflnet,3,l_abs,5557
1773399224,live555,aflnet,3,b_per,14.7
1773399224,live555,aflnet,3,b_abs,2717
1773399434,live555,aflnet,3,l_per,23.4
1773399434,live555,aflnet,3,l_abs,5575
1773399434,live555,aflnet,3,b_per,14.8
1773399434,live555,aflnet,3,b_abs,2735
1773399740,live555,aflnet,3,l_per,23.4
1773399740,live555,aflnet,3,l_abs,5575
1773399740,live555,aflnet,3,b_per,14.8
1773399740,live555,aflnet,3,b_abs,2735
1773399986,live555,aflnet,3,l_per,23.7
1773399986,live555,aflnet,3,l_abs,5663
1773399986,live555,aflnet,3,b_per,15.0
1773399986,live555,aflnet,3,b_abs,2769
1773400146,live555,aflnet,3,l_per,23.7
1773400146,live555,aflnet,3,l_abs,5664
1773400146,live555,aflnet,3,b_per,15.0
1773400146,live555,aflnet,3,b_abs,2771
1773400530,live555,aflnet,3,l_per,23.8
1773400530,live555,aflnet,3,l_abs,5690
1773400530,live555,aflnet,3,b_per,15.0
1773400530,live555,aflnet,3,b_abs,2782
1773400942,live555,aflnet,3,l_per,23.9
1773400942,live555,aflnet,3,l_abs,5694
1773400942,live555,aflnet,3,b_per,15.1
1773400942,live555,aflnet,3,b_abs,2789
1773401635,live555,aflnet,3,l_per,23.9
1773401635,live555,aflnet,3,l_abs,5706
1773401635,live555,aflnet,3,b_per,15.1
1773401635,live555,aflnet,3,b_abs,2796
1773402259,live555,aflnet,3,l_per,23.9
1773402259,live555,aflnet,3,l_abs,5706
1773402259,live555,aflnet,3,b_per,15.1
1773402259,live555,aflnet,3,b_abs,2797
1773403567,live555,aflnet,3,l_per,23.9
1773403567,live555,aflnet,3,l_abs,5708
1773403567,live555,aflnet,3,b_per,15.1
1773403567,live555,aflnet,3,b_abs,2801
1773405070,live555,aflnet,3,l_per,24.0
1773405070,live555,aflnet,3,l_abs,5721
1773405070,live555,aflnet,3,b_per,15.2
1773405070,live555,aflnet,3,b_abs,2811
1773406412,live555,aflnet,3,l_per,24.0
1773406412,live555,aflnet,3,l_abs,5723
1773406412,live555,aflnet,3,b_per,15.2
1773406412,live555,aflnet,3,b_abs,2815
1773407763,live555,aflnet,3,l_per,24.1
1773407763,live555,aflnet,3,l_abs,5750
1773407763,live555,aflnet,3,b_per,15.2
1773407763,live555,aflnet,3,b_abs,2821
1773409565,live555,aflnet,3,l_per,24.1
1773409565,live555,aflnet,3,l_abs,5751
1773409565,live555,aflnet,3,b_per,15.2
1773409565,live555,aflnet,3,b_abs,2824
1773412173,live555,aflnet,3,l_per,24.1
1773412173,live555,aflnet,3,l_abs,5764
1773412173,live555,aflnet,3,b_per,15.3
1773412173,live555,aflnet,3,b_abs,2834
1773415207,live555,aflnet,3,l_per,24.2
1773415207,live555,aflnet,3,l_abs,5778
1773415207,live555,aflnet,3,b_per,15.3
1773415207,live555,aflnet,3,b_abs,2838
1773417687,live555,aflnet,3,l_per,24.2
1773417687,live555,aflnet,3,l_abs,5779
1773417687,live555,aflnet,3,b_per,15.3
1773417687,live555,aflnet,3,b_abs,2840
1773421661,live555,aflnet,3,l_per,24.2
1773421661,live555,aflnet,3,l_abs,5780
1773421661,live555,aflnet,3,b_per,15.4
1773421661,live555,aflnet,3,b_abs,2849
1773426188,live555,aflnet,3,l_per,24.3
1773426188,live555,aflnet,3,l_abs,5798
1773426188,live555,aflnet,3,b_per,15.4
1773426188,live555,aflnet,3,b_abs,2861
1773432615,live555,aflnet,3,l_per,24.4
1773432615,live555,aflnet,3,l_abs,5819
1773432615,live555,aflnet,3,b_per,15.5
1773432615,live555,aflnet,3,b_abs,2873
1773440762,live555,aflnet,3,l_per,24.4
1773440762,live555,aflnet,3,l_abs,5821
1773440762,live555,aflnet,3,b_per,15.5
1773440762,live555,aflnet,3,b_abs,2877
1773444079,live555,aflnet,3,l_per,24.4
1773444079,live555,aflnet,3,l_abs,5831
1773444079,live555,aflnet,3,b_per,15.6
1773444079,live555,aflnet,3,b_abs,2880
1773452301,live555,aflnet,3,l_per,24.4
1773452301,live555,aflnet,3,l_abs,5831
1773452301,live555,aflnet,3,b_per,15.6
1773452301,live555,aflnet,3,b_abs,2880
1773461626,live555,aflnet,3,l_per,24.4
1773461626,live555,aflnet,3,l_abs,5831
1773461626,live555,aflnet,3,b_per,15.6
1773461626,live555,aflnet,3,b_abs,2880
1773470278,live555,aflnet,3,l_per,24.4
1773470278,live555,aflnet,3,l_abs,5831
1773470278,live555,aflnet,3,b_per,15.6
1773470278,live555,aflnet,3,b_abs,2880
1773479689,live555,aflnet,3,l_per,24.4
1773479689,live555,aflnet,3,l_abs,5834
1773479689,live555,aflnet,3,b_per,15.6
1773479689,live555,aflnet,3,b_abs,2884
1773485638,live555,aflnet,3,l_per,24.4
1773485638,live555,aflnet,3,l_abs,5834
1773485638,live555,aflnet,3,b_per,15.6
1773485638,live555,aflnet,3,b_abs,2884
1773397984,live555,aflnet,4,l_per,13.6
1773397984,live555,aflnet,4,l_abs,3222
1773397984,live555,aflnet,4,b_per,8.1
1773397984,live555,aflnet,4,b_abs,1494
1773397985,live555,aflnet,4,l_per,14.2
1773397985,live555,aflnet,4,l_abs,3367
1773397985,live555,aflnet,4,b_per,8.3
1773397985,live555,aflnet,4,b_abs,1534
1773397985,live555,aflnet,4,l_per,17.1
1773397985,live555,aflnet,4,l_abs,4066
1773397985,live555,aflnet,4,b_per,10.0
1773397985,live555,aflnet,4,b_abs,1859
1773397987,live555,aflnet,4,l_per,18.3
1773397987,live555,aflnet,4,l_abs,4366
1773397987,live555,aflnet,4,b_per,10.7
1773397987,live555,aflnet,4,b_abs,1982
1773397988,live555,aflnet,4,l_per,20.1
1773397988,live555,aflnet,4,l_abs,4796
1773397988,live555,aflnet,4,b_per,11.6
1773397988,live555,aflnet,4,b_abs,2148
1773397990,live555,aflnet,4,l_per,21.0
1773397990,live555,aflnet,4,l_abs,5001
1773397990,live555,aflnet,4,b_per,12.3
1773397990,live555,aflnet,4,b_abs,2270
1773397992,live555,aflnet,4,l_per,21.6
1773397992,live555,aflnet,4,l_abs,5149
1773397992,live555,aflnet,4,b_per,12.7
1773397992,live555,aflnet,4,b_abs,2347
1773398011,live555,aflnet,4,l_per,22.7
1773398011,live555,aflnet,4,l_abs,5423
1773398011,live555,aflnet,4,b_per,13.6
1773398011,live555,aflnet,4,b_abs,2511
1773398034,live555,aflnet,4,l_per,22.8
1773398034,live555,aflnet,4,l_abs,5426
1773398034,live555,aflnet,4,b_per,13.7
1773398034,live555,aflnet,4,b_abs,2534
1773398063,live555,aflnet,4,l_per,23.0
1773398063,live555,aflnet,4,l_abs,5477
1773398063,live555,aflnet,4,b_per,14.0
1773398063,live555,aflnet,4,b_abs,2593
1773398097,live555,aflnet,4,l_per,23.1
1773398097,live555,aflnet,4,l_abs,5502
1773398097,live555,aflnet,4,b_per,14.1
1773398097,live555,aflnet,4,b_abs,2612
1773398142,live555,aflnet,4,l_per,23.1
1773398142,live555,aflnet,4,l_abs,5510
1773398142,live555,aflnet,4,b_per,14.2
1773398142,live555,aflnet,4,b_abs,2633
1773398198,live555,aflnet,4,l_per,23.1
1773398198,live555,aflnet,4,l_abs,5512
1773398198,live555,aflnet,4,b_per,14.3
1773398198,live555,aflnet,4,b_abs,2642
1773398280,live555,aflnet,4,l_per,23.1
1773398280,live555,aflnet,4,l_abs,5516
1773398280,live555,aflnet,4,b_per,14.3
1773398280,live555,aflnet,4,b_abs,2648
1773398402,live555,aflnet,4,l_per,23.1
1773398402,live555,aflnet,4,l_abs,5519
1773398402,live555,aflnet,4,b_per,14.3
1773398402,live555,aflnet,4,b_abs,2656
1773398530,live555,aflnet,4,l_per,23.2
1773398530,live555,aflnet,4,l_abs,5528
1773398530,live555,aflnet,4,b_per,14.4
1773398530,live555,aflnet,4,b_abs,2661
1773398715,live555,aflnet,4,l_per,23.2
1773398715,live555,aflnet,4,l_abs,5528
1773398715,live555,aflnet,4,b_per,14.4
1773398715,live555,aflnet,4,b_abs,2667
1773398977,live555,aflnet,4,l_per,23.2
1773398977,live555,aflnet,4,l_abs,5532
1773398977,live555,aflnet,4,b_per,14.5
1773398977,live555,aflnet,4,b_abs,2683
1773399298,live555,aflnet,4,l_per,23.2
1773399298,live555,aflnet,4,l_abs,5537
1773399298,live555,aflnet,4,b_per,14.5
1773399298,live555,aflnet,4,b_abs,2687
1773399542,live555,aflnet,4,l_per,23.3
1773399542,live555,aflnet,4,l_abs,5564
1773399542,live555,aflnet,4,b_per,14.6
1773399542,live555,aflnet,4,b_abs,2705
1773399766,live555,aflnet,4,l_per,23.3
1773399766,live555,aflnet,4,l_abs,5564
1773399766,live555,aflnet,4,b_per,14.6
1773399766,live555,aflnet,4,b_abs,2706
1773400048,live555,aflnet,4,l_per,23.3
1773400048,live555,aflnet,4,l_abs,5566
1773400048,live555,aflnet,4,b_per,14.6
1773400048,live555,aflnet,4,b_abs,2713
1773400289,live555,aflnet,4,l_per,23.3
1773400289,live555,aflnet,4,l_abs,5567
1773400289,live555,aflnet,4,b_per,14.7
1773400289,live555,aflnet,4,b_abs,2715
1773400786,live555,aflnet,4,l_per,23.8
1773400786,live555,aflnet,4,l_abs,5679
1773400786,live555,aflnet,4,b_per,14.9
1773400786,live555,aflnet,4,b_abs,2757
1773401079,live555,aflnet,4,l_per,23.8
1773401079,live555,aflnet,4,l_abs,5680
1773401079,live555,aflnet,4,b_per,14.9
1773401079,live555,aflnet,4,b_abs,2758
1773401463,live555,aflnet,4,l_per,23.8
1773401463,live555,aflnet,4,l_abs,5686
1773401463,live555,aflnet,4,b_per,14.9
1773401463,live555,aflnet,4,b_abs,2764
1773402115,live555,aflnet,4,l_per,23.9
1773402115,live555,aflnet,4,l_abs,5694
1773402115,live555,aflnet,4,b_per,15.0
1773402115,live555,aflnet,4,b_abs,2773
1773402959,live555,aflnet,4,l_per,23.9
1773402959,live555,aflnet,4,l_abs,5709
1773402959,live555,aflnet,4,b_per,15.1
1773402959,live555,aflnet,4,b_abs,2801
1773403709,live555,aflnet,4,l_per,23.9
1773403709,live555,aflnet,4,l_abs,5709
1773403709,live555,aflnet,4,b_per,15.1
1773403709,live555,aflnet,4,b_abs,2802
1773404744,live555,aflnet,4,l_per,24.1
1773404744,live555,aflnet,4,l_abs,5744
1773404744,live555,aflnet,4,b_per,15.2
1773404744,live555,aflnet,4,b_abs,2823
1773406687,live555,aflnet,4,l_per,24.1
1773406687,live555,aflnet,4,l_abs,5744
1773406687,live555,aflnet,4,b_per,15.2
1773406687,live555,aflnet,4,b_abs,2823
1773408571,live555,aflnet,4,l_per,24.1
1773408571,live555,aflnet,4,l_abs,5748
1773408571,live555,aflnet,4,b_per,15.3
1773408571,live555,aflnet,4,b_abs,2830
1773410104,live555,aflnet,4,l_per,24.1
1773410104,live555,aflnet,4,l_abs,5748
1773410104,live555,aflnet,4,b_per,15.3
1773410104,live555,aflnet,4,b_abs,2830
1773411480,live555,aflnet,4,l_per,24.1
1773411480,live555,aflnet,4,l_abs,5763
1773411480,live555,aflnet,4,b_per,15.4
1773411480,live555,aflnet,4,b_abs,2849
1773414753,live555,aflnet,4,l_per,24.1
1773414753,live555,aflnet,4,l_abs,5763
1773414753,live555,aflnet,4,b_per,15.4
1773414753,live555,aflnet,4,b_abs,2850
1773416830,live555,aflnet,4,l_per,24.2
1773416830,live555,aflnet,4,l_abs,5778
1773416830,live555,aflnet,4,b_per,15.4
1773416830,live555,aflnet,4,b_abs,2860
1773420744,live555,aflnet,4,l_per,24.2
1773420744,live555,aflnet,4,l_abs,5778
1773420744,live555,aflnet,4,b_per,15.4
1773420744,live555,aflnet,4,b_abs,2860
1773424238,live555,aflnet,4,l_per,24.2
1773424238,live555,aflnet,4,l_abs,5778
1773424238,live555,aflnet,4,b_per,15.4
1773424238,live555,aflnet,4,b_abs,2860
1773427054,live555,aflnet,4,l_per,24.2
1773427054,live555,aflnet,4,l_abs,5779
1773427054,live555,aflnet,4,b_per,15.4
1773427054,live555,aflnet,4,b_abs,2861
1773432375,live555,aflnet,4,l_per,24.2
1773432375,live555,aflnet,4,l_abs,5781
1773432375,live555,aflnet,4,b_per,15.5
1773432375,live555,aflnet,4,b_abs,2863
1773438845,live555,aflnet,4,l_per,24.2
1773438845,live555,aflnet,4,l_abs,5781
1773438845,live555,aflnet,4,b_per,15.5
1773438845,live555,aflnet,4,b_abs,2863
1773444166,live555,aflnet,4,l_per,24.2
1773444166,live555,aflnet,4,l_abs,5781
1773444166,live555,aflnet,4,b_per,15.5
1773444166,live555,aflnet,4,b_abs,2863
1773454196,live555,aflnet,4,l_per,24.4
1773454196,live555,aflnet,4,l_abs,5828
1773454196,live555,aflnet,4,b_per,15.6
1773454196,live555,aflnet,4,b_abs,2885
1773467846,live555,aflnet,4,l_per,24.4
1773467846,live555,aflnet,4,l_abs,5830
1773467846,live555,aflnet,4,b_per,15.6
1773467846,live555,aflnet,4,b_abs,2888
1773482617,live555,aflnet,4,l_per,24.4
1773482617,live555,aflnet,4,l_abs,5836
1773482617,live555,aflnet,4,b_per,15.6
1773482617,live555,aflnet,4,b_abs,2896
1773486104,live555,aflnet,4,l_per,24.4
1773486104,live555,aflnet,4,l_abs,5836
1773486104,live555,aflnet,4,b_per,15.6
1773486104,live555,aflnet,4,b_abs,2898
1773397984,live555,aflnet,5,l_per,13.6
1773397984,live555,aflnet,5,l_abs,3221
1773397984,live555,aflnet,5,b_per,8.1
1773397984,live555,aflnet,5,b_abs,1494
1773397984,live555,aflnet,5,l_per,14.3
1773397984,live555,aflnet,5,l_abs,3391
1773397984,live555,aflnet,5,b_per,8.5
1773397984,live555,aflnet,5,b_abs,1577
1773397985,live555,aflnet,5,l_per,17.2
1773397985,live555,aflnet,5,l_abs,4088
1773397985,live555,aflnet,5,b_per,10.2
1773397985,live555,aflnet,5,b_abs,1895
1773397987,live555,aflnet,5,l_per,19.4
1773397987,live555,aflnet,5,l_abs,4612
1773397987,live555,aflnet,5,b_per,11.4
1773397987,live555,aflnet,5,b_abs,2117
1773397987,live555,aflnet,5,l_per,21.1
1773397987,live555,aflnet,5,l_abs,5029
1773397987,live555,aflnet,5,b_per,12.3
1773397987,live555,aflnet,5,b_abs,2277
1773397989,live555,aflnet,5,l_per,22.0
1773397989,live555,aflnet,5,l_abs,5237
1773397989,live555,aflnet,5,b_per,13.0
1773397989,live555,aflnet,5,b_abs,2400
1773397991,live555,aflnet,5,l_per,22.6
1773397991,live555,aflnet,5,l_abs,5385
1773397991,live555,aflnet,5,b_per,13.4
1773397991,live555,aflnet,5,b_abs,2476
1773398013,live555,aflnet,5,l_per,22.8
1773398013,live555,aflnet,5,l_abs,5432
1773398013,live555,aflnet,5,b_per,13.8
1773398013,live555,aflnet,5,b_abs,2551
1773398035,live555,aflnet,5,l_per,23.0
1773398035,live555,aflnet,5,l_abs,5488
1773398035,live555,aflnet,5,b_per,14.0
1773398035,live555,aflnet,5,b_abs,2587
1773398063,live555,aflnet,5,l_per,23.0
1773398063,live555,aflnet,5,l_abs,5496
1773398063,live555,aflnet,5,b_per,14.0
1773398063,live555,aflnet,5,b_abs,2602
1773398099,live555,aflnet,5,l_per,23.1
1773398099,live555,aflnet,5,l_abs,5506
1773398099,live555,aflnet,5,b_per,14.1
1773398099,live555,aflnet,5,b_abs,2615
1773398149,live555,aflnet,5,l_per,23.1
1773398149,live555,aflnet,5,l_abs,5519
1773398149,live555,aflnet,5,b_per,14.2
1773398149,live555,aflnet,5,b_abs,2639
1773398212,live555,aflnet,5,l_per,23.1
1773398212,live555,aflnet,5,l_abs,5519
1773398212,live555,aflnet,5,b_per,14.3
1773398212,live555,aflnet,5,b_abs,2647
1773398282,live555,aflnet,5,l_per,23.1
1773398282,live555,aflnet,5,l_abs,5519
1773398282,live555,aflnet,5,b_per,14.3
1773398282,live555,aflnet,5,b_abs,2650
1773398357,live555,aflnet,5,l_per,23.2
1773398357,live555,aflnet,5,l_abs,5526
1773398357,live555,aflnet,5,b_per,14.4
1773398357,live555,aflnet,5,b_abs,2669
1773398500,live555,aflnet,5,l_per,23.2
1773398500,live555,aflnet,5,l_abs,5537
1773398500,live555,aflnet,5,b_per,14.4
1773398500,live555,aflnet,5,b_abs,2674
1773398686,live555,aflnet,5,l_per,23.2
1773398686,live555,aflnet,5,l_abs,5537
1773398686,live555,aflnet,5,b_per,14.4
1773398686,live555,aflnet,5,b_abs,2676
1773398900,live555,aflnet,5,l_per,23.2
1773398900,live555,aflnet,5,l_abs,5542
1773398900,live555,aflnet,5,b_per,14.5
1773398900,live555,aflnet,5,b_abs,2686
1773399005,live555,aflnet,5,l_per,23.6
1773399005,live555,aflnet,5,l_abs,5634
1773399005,live555,aflnet,5,b_per,14.7
1773399005,live555,aflnet,5,b_abs,2722
1773399165,live555,aflnet,5,l_per,23.6
1773399165,live555,aflnet,5,l_abs,5639
1773399165,live555,aflnet,5,b_per,14.8
1773399165,live555,aflnet,5,b_abs,2733
1773399373,live555,aflnet,5,l_per,23.6
1773399373,live555,aflnet,5,l_abs,5640
1773399373,live555,aflnet,5,b_per,14.8
1773399373,live555,aflnet,5,b_abs,2735
1773399718,live555,aflnet,5,l_per,23.6
1773399718,live555,aflnet,5,l_abs,5640
1773399718,live555,aflnet,5,b_per,14.8
1773399718,live555,aflnet,5,b_abs,2735
1773400105,live555,aflnet,5,l_per,23.8
1773400105,live555,aflnet,5,l_abs,5670
1773400105,live555,aflnet,5,b_per,14.9
1773400105,live555,aflnet,5,b_abs,2762
1773400616,live555,aflnet,5,l_per,23.8
1773400616,live555,aflnet,5,l_abs,5673
1773400616,live555,aflnet,5,b_per,14.9
1773400616,live555,aflnet,5,b_abs,2766
1773401145,live555,aflnet,5,l_per,23.8
1773401145,live555,aflnet,5,l_abs,5677
1773401145,live555,aflnet,5,b_per,15.0
1773401145,live555,aflnet,5,b_abs,2769
1773401778,live555,aflnet,5,l_per,24.0
1773401778,live555,aflnet,5,l_abs,5717
1773401778,live555,aflnet,5,b_per,15.1
1773401778,live555,aflnet,5,b_abs,2800
1773403073,live555,aflnet,5,l_per,24.1
1773403073,live555,aflnet,5,l_abs,5741
1773403073,live555,aflnet,5,b_per,15.2
1773403073,live555,aflnet,5,b_abs,2823
1773404384,live555,aflnet,5,l_per,24.1
1773404384,live555,aflnet,5,l_abs,5742
1773404384,live555,aflnet,5,b_per,15.3
1773404384,live555,aflnet,5,b_abs,2831
1773405556,live555,aflnet,5,l_per,24.1
1773405556,live555,aflnet,5,l_abs,5745
1773405556,live555,aflnet,5,b_per,15.3
1773405556,live555,aflnet,5,b_abs,2835
1773406548,live555,aflnet,5,l_per,24.1
1773406548,live555,aflnet,5,l_abs,5749
1773406548,live555,aflnet,5,b_per,15.4
1773406548,live555,aflnet,5,b_abs,2843
1773408121,live555,aflnet,5,l_per,24.1
1773408121,live555,aflnet,5,l_abs,5749
1773408121,live555,aflnet,5,b_per,15.4
1773408121,live555,aflnet,5,b_abs,2846
1773409941,live555,aflnet,5,l_per,24.1
1773409941,live555,aflnet,5,l_abs,5749
1773409941,live555,aflnet,5,b_per,15.4
1773409941,live555,aflnet,5,b_abs,2848
1773411342,live555,aflnet,5,l_per,24.1
1773411342,live555,aflnet,5,l_abs,5749
1773411342,live555,aflnet,5,b_per,15.4
1773411342,live555,aflnet,5,b_abs,2848
1773412667,live555,aflnet,5,l_per,24.1
1773412667,live555,aflnet,5,l_abs,5749
1773412667,live555,aflnet,5,b_per,15.4
1773412667,live555,aflnet,5,b_abs,2848
1773415227,live555,aflnet,5,l_per,24.1
1773415227,live555,aflnet,5,l_abs,5762
1773415227,live555,aflnet,5,b_per,15.4
1773415227,live555,aflnet,5,b_abs,2852
1773416925,live555,aflnet,5,l_per,24.2
1773416925,live555,aflnet,5,l_abs,5764
1773416925,live555,aflnet,5,b_per,15.4
1773416925,live555,aflnet,5,b_abs,2855
1773420022,live555,aflnet,5,l_per,24.2
1773420022,live555,aflnet,5,l_abs,5764
1773420022,live555,aflnet,5,b_per,15.4
1773420022,live555,aflnet,5,b_abs,2855
1773426595,live555,aflnet,5,l_per,24.3
1773426595,live555,aflnet,5,l_abs,5791
1773426595,live555,aflnet,5,b_per,15.5
1773426595,live555,aflnet,5,b_abs,2878
1773430962,live555,aflnet,5,l_per,24.3
1773430962,live555,aflnet,5,l_abs,5793
1773430962,live555,aflnet,5,b_per,15.6
1773430962,live555,aflnet,5,b_abs,2880
1773439499,live555,aflnet,5,l_per,24.3
1773439499,live555,aflnet,5,l_abs,5795
1773439499,live555,aflnet,5,b_per,15.6
1773439499,live555,aflnet,5,b_abs,2881
1773443762,live555,aflnet,5,l_per,24.3
1773443762,live555,aflnet,5,l_abs,5795
1773443762,live555,aflnet,5,b_per,15.6
1773443762,live555,aflnet,5,b_abs,2882
1773452072,live555,aflnet,5,l_per,24.4
1773452072,live555,aflnet,5,l_abs,5815
1773452072,live555,aflnet,5,b_per,15.7
1773452072,live555,aflnet,5,b_abs,2900
1773462201,live555,aflnet,5,l_per,24.4
1773462201,live555,aflnet,5,l_abs,5815
1773462201,live555,aflnet,5,b_per,15.7
1773462201,live555,aflnet,5,b_abs,2901
1773475799,live555,aflnet,5,l_per,24.4
1773475799,live555,aflnet,5,l_abs,5815
1773475799,live555,aflnet,5,b_per,15.7
1773475799,live555,aflnet,5,b_abs,2902
1773486084,live555,aflnet,5,l_per,24.5
1773486084,live555,aflnet,5,l_abs,5840
1773486084,live555,aflnet,5,b_per,15.7
1773486084,live555,aflnet,5,b_abs,2907
1773400606,live555,chatafl,1,l_per,13.1
1773400606,live555,chatafl,1,l_abs,3115
1773400606,live555,chatafl,1,b_per,7.8
1773400606,live555,chatafl,1,b_abs,1440
1773400610,live555,chatafl,1,l_per,16.3
1773400610,live555,chatafl,1,l_abs,3866
1773400610,live555,chatafl,1,b_per,9.7
1773400610,live555,chatafl,1,b_abs,1798
1773400614,live555,chatafl,1,l_per,18.5
1773400614,live555,chatafl,1,l_abs,4394
1773400614,live555,chatafl,1,b_per,10.9
1773400614,live555,chatafl,1,b_abs,2025
1773400615,live555,chatafl,1,l_per,20.2
1773400615,live555,chatafl,1,l_abs,4806
1773400615,live555,chatafl,1,b_per,11.8
1773400615,live555,chatafl,1,b_abs,2182
1773400619,live555,chatafl,1,l_per,21.0
1773400619,live555,chatafl,1,l_abs,5012
1773400619,live555,chatafl,1,b_per,12.4
1773400619,live555,chatafl,1,b_abs,2305
1773400620,live555,chatafl,1,l_per,21.7
1773400620,live555,chatafl,1,l_abs,5176
1773400620,live555,chatafl,1,b_per,12.9
1773400620,live555,chatafl,1,b_abs,2384
1773400623,live555,chatafl,1,l_per,21.9
1773400623,live555,chatafl,1,l_abs,5227
1773400623,live555,chatafl,1,b_per,13.0
1773400623,live555,chatafl,1,b_abs,2403
1773400624,live555,chatafl,1,l_per,22.0
1773400624,live555,chatafl,1,l_abs,5236
1773400624,live555,chatafl,1,b_per,13.0
1773400624,live555,chatafl,1,b_abs,2405
1773400625,live555,chatafl,1,l_per,22.0
1773400625,live555,chatafl,1,l_abs,5236
1773400625,live555,chatafl,1,b_per,13.0
1773400625,live555,chatafl,1,b_abs,2405
1773400625,live555,chatafl,1,l_per,22.0
1773400625,live555,chatafl,1,l_abs,5236
1773400625,live555,chatafl,1,b_per,13.0
1773400625,live555,chatafl,1,b_abs,2405
1773400626,live555,chatafl,1,l_per,22.0
1773400626,live555,chatafl,1,l_abs,5236
1773400626,live555,chatafl,1,b_per,13.0
1773400626,live555,chatafl,1,b_abs,2405
1773400627,live555,chatafl,1,l_per,22.0
1773400627,live555,chatafl,1,l_abs,5236
1773400627,live555,chatafl,1,b_per,13.0
1773400627,live555,chatafl,1,b_abs,2405
1773400631,live555,chatafl,1,l_per,22.0
1773400631,live555,chatafl,1,l_abs,5236
1773400631,live555,chatafl,1,b_per,13.0
1773400631,live555,chatafl,1,b_abs,2406
1773400632,live555,chatafl,1,l_per,22.5
1773400632,live555,chatafl,1,l_abs,5366
1773400632,live555,chatafl,1,b_per,13.3
1773400632,live555,chatafl,1,b_abs,2465
1773400636,live555,chatafl,1,l_per,22.6
1773400636,live555,chatafl,1,l_abs,5379
1773400636,live555,chatafl,1,b_per,13.3
1773400636,live555,chatafl,1,b_abs,2471
1773400640,live555,chatafl,1,l_per,22.6
1773400640,live555,chatafl,1,l_abs,5399
1773400640,live555,chatafl,1,b_per,13.4
1773400640,live555,chatafl,1,b_abs,2488
1773400640,live555,chatafl,1,l_per,22.7
1773400640,live555,chatafl,1,l_abs,5403
1773400640,live555,chatafl,1,b_per,13.5
1773400640,live555,chatafl,1,b_abs,2497
1773400644,live555,chatafl,1,l_per,22.7
1773400644,live555,chatafl,1,l_abs,5403
1773400644,live555,chatafl,1,b_per,13.5
1773400644,live555,chatafl,1,b_abs,2497
1773400645,live555,chatafl,1,l_per,22.7
1773400645,live555,chatafl,1,l_abs,5405
1773400645,live555,chatafl,1,b_per,13.5
1773400645,live555,chatafl,1,b_abs,2497
1773400650,live555,chatafl,1,l_per,22.7
1773400650,live555,chatafl,1,l_abs,5409
1773400650,live555,chatafl,1,b_per,13.5
1773400650,live555,chatafl,1,b_abs,2499
1773400650,live555,chatafl,1,l_per,22.7
1773400650,live555,chatafl,1,l_abs,5409
1773400650,live555,chatafl,1,b_per,13.5
1773400650,live555,chatafl,1,b_abs,2499
1773400651,live555,chatafl,1,l_per,22.7
1773400651,live555,chatafl,1,l_abs,5409
1773400651,live555,chatafl,1,b_per,13.5
1773400651,live555,chatafl,1,b_abs,2499
1773400652,live555,chatafl,1,l_per,22.7
1773400652,live555,chatafl,1,l_abs,5409
1773400652,live555,chatafl,1,b_per,13.5
1773400652,live555,chatafl,1,b_abs,2499
1773400653,live555,chatafl,1,l_per,22.7
1773400653,live555,chatafl,1,l_abs,5410
1773400653,live555,chatafl,1,b_per,13.5
1773400653,live555,chatafl,1,b_abs,2500
1773400653,live555,chatafl,1,l_per,22.7
1773400653,live555,chatafl,1,l_abs,5410
1773400653,live555,chatafl,1,b_per,13.5
1773400653,live555,chatafl,1,b_abs,2500
1773400654,live555,chatafl,1,l_per,22.7
1773400654,live555,chatafl,1,l_abs,5410
1773400654,live555,chatafl,1,b_per,13.5
1773400654,live555,chatafl,1,b_abs,2500
1773400658,live555,chatafl,1,l_per,22.7
1773400658,live555,chatafl,1,l_abs,5410
1773400658,live555,chatafl,1,b_per,13.5
1773400658,live555,chatafl,1,b_abs,2500
1773400659,live555,chatafl,1,l_per,22.7
1773400659,live555,chatafl,1,l_abs,5410
1773400659,live555,chatafl,1,b_per,13.5
1773400659,live555,chatafl,1,b_abs,2500
1773400660,live555,chatafl,1,l_per,22.7
1773400660,live555,chatafl,1,l_abs,5410
1773400660,live555,chatafl,1,b_per,13.5
1773400660,live555,chatafl,1,b_abs,2501
1773400660,live555,chatafl,1,l_per,22.8
1773400660,live555,chatafl,1,l_abs,5441
1773400660,live555,chatafl,1,b_per,13.6
1773400660,live555,chatafl,1,b_abs,2517
1773400661,live555,chatafl,1,l_per,22.8
1773400661,live555,chatafl,1,l_abs,5441
1773400661,live555,chatafl,1,b_per,13.6
1773400661,live555,chatafl,1,b_abs,2517
1773400662,live555,chatafl,1,l_per,22.8
1773400662,live555,chatafl,1,l_abs,5447
1773400662,live555,chatafl,1,b_per,13.6
1773400662,live555,chatafl,1,b_abs,2519
1773400662,live555,chatafl,1,l_per,22.8
1773400662,live555,chatafl,1,l_abs,5447
1773400662,live555,chatafl,1,b_per,13.6
1773400662,live555,chatafl,1,b_abs,2519
1773400663,live555,chatafl,1,l_per,22.8
1773400663,live555,chatafl,1,l_abs,5447
1773400663,live555,chatafl,1,b_per,13.6
1773400663,live555,chatafl,1,b_abs,2519
1773400664,live555,chatafl,1,l_per,22.8
1773400664,live555,chatafl,1,l_abs,5447
1773400664,live555,chatafl,1,b_per,13.6
1773400664,live555,chatafl,1,b_abs,2519
1773400665,live555,chatafl,1,l_per,22.8
1773400665,live555,chatafl,1,l_abs,5447
1773400665,live555,chatafl,1,b_per,13.6
1773400665,live555,chatafl,1,b_abs,2519
1773400665,live555,chatafl,1,l_per,22.9
1773400665,live555,chatafl,1,l_abs,5465
1773400665,live555,chatafl,1,b_per,13.6
1773400665,live555,chatafl,1,b_abs,2525
1773400666,live555,chatafl,1,l_per,22.9
1773400666,live555,chatafl,1,l_abs,5468
1773400666,live555,chatafl,1,b_per,13.7
1773400666,live555,chatafl,1,b_abs,2529
1773400667,live555,chatafl,1,l_per,22.9
1773400667,live555,chatafl,1,l_abs,5468
1773400667,live555,chatafl,1,b_per,13.7
1773400667,live555,chatafl,1,b_abs,2529
1773400668,live555,chatafl,1,l_per,22.9
1773400668,live555,chatafl,1,l_abs,5468
1773400668,live555,chatafl,1,b_per,13.7
1773400668,live555,chatafl,1,b_abs,2529
1773400669,live555,chatafl,1,l_per,22.9
1773400669,live555,chatafl,1,l_abs,5468
1773400669,live555,chatafl,1,b_per,13.7
1773400669,live555,chatafl,1,b_abs,2529
1773400669,live555,chatafl,1,l_per,22.9
1773400669,live555,chatafl,1,l_abs,5468
1773400669,live555,chatafl,1,b_per,13.7
1773400669,live555,chatafl,1,b_abs,2529
1773400673,live555,chatafl,1,l_per,22.9
1773400673,live555,chatafl,1,l_abs,5468
1773400673,live555,chatafl,1,b_per,13.7
1773400673,live555,chatafl,1,b_abs,2530
1773400673,live555,chatafl,1,l_per,22.9
1773400673,live555,chatafl,1,l_abs,5468
1773400673,live555,chatafl,1,b_per,13.7
1773400673,live555,chatafl,1,b_abs,2530
1773400674,live555,chatafl,1,l_per,22.9
1773400674,live555,chatafl,1,l_abs,5468
1773400674,live555,chatafl,1,b_per,13.7
1773400674,live555,chatafl,1,b_abs,2530
1773400675,live555,chatafl,1,l_per,22.9
1773400675,live555,chatafl,1,l_abs,5468
1773400675,live555,chatafl,1,b_per,13.7
1773400675,live555,chatafl,1,b_abs,2530
1773400680,live555,chatafl,1,l_per,22.9
1773400680,live555,chatafl,1,l_abs,5468
1773400680,live555,chatafl,1,b_per,13.7
1773400680,live555,chatafl,1,b_abs,2530
1773400681,live555,chatafl,1,l_per,22.9
1773400681,live555,chatafl,1,l_abs,5468
1773400681,live555,chatafl,1,b_per,13.7
1773400681,live555,chatafl,1,b_abs,2530
1773400681,live555,chatafl,1,l_per,22.9
1773400681,live555,chatafl,1,l_abs,5469
1773400681,live555,chatafl,1,b_per,13.7
1773400681,live555,chatafl,1,b_abs,2532
1773400684,live555,chatafl,1,l_per,22.9
1773400684,live555,chatafl,1,l_abs,5469
1773400684,live555,chatafl,1,b_per,13.7
1773400684,live555,chatafl,1,b_abs,2532
1773400685,live555,chatafl,1,l_per,23.0
1773400685,live555,chatafl,1,l_abs,5484
1773400685,live555,chatafl,1,b_per,13.8
1773400685,live555,chatafl,1,b_abs,2557
1773400686,live555,chatafl,1,l_per,23.0
1773400686,live555,chatafl,1,l_abs,5484
1773400686,live555,chatafl,1,b_per,13.8
1773400686,live555,chatafl,1,b_abs,2557
1773400687,live555,chatafl,1,l_per,23.0
1773400687,live555,chatafl,1,l_abs,5484
1773400687,live555,chatafl,1,b_per,13.8
1773400687,live555,chatafl,1,b_abs,2557
1773400687,live555,chatafl,1,l_per,23.0
1773400687,live555,chatafl,1,l_abs,5484
1773400687,live555,chatafl,1,b_per,13.8
1773400687,live555,chatafl,1,b_abs,2557
1773400688,live555,chatafl,1,l_per,23.0
1773400688,live555,chatafl,1,l_abs,5484
1773400688,live555,chatafl,1,b_per,13.8
1773400688,live555,chatafl,1,b_abs,2557
1773400689,live555,chatafl,1,l_per,23.0
1773400689,live555,chatafl,1,l_abs,5484
1773400689,live555,chatafl,1,b_per,13.8
1773400689,live555,chatafl,1,b_abs,2557
1773400689,live555,chatafl,1,l_per,23.0
1773400689,live555,chatafl,1,l_abs,5484
1773400689,live555,chatafl,1,b_per,13.8
1773400689,live555,chatafl,1,b_abs,2557
1773400690,live555,chatafl,1,l_per,23.0
1773400690,live555,chatafl,1,l_abs,5484
1773400690,live555,chatafl,1,b_per,13.8
1773400690,live555,chatafl,1,b_abs,2557
1773400695,live555,chatafl,1,l_per,23.0
1773400695,live555,chatafl,1,l_abs,5484
1773400695,live555,chatafl,1,b_per,13.8
1773400695,live555,chatafl,1,b_abs,2557
1773400695,live555,chatafl,1,l_per,23.0
1773400695,live555,chatafl,1,l_abs,5484
1773400695,live555,chatafl,1,b_per,13.8
1773400695,live555,chatafl,1,b_abs,2557
1773400696,live555,chatafl,1,l_per,23.0
1773400696,live555,chatafl,1,l_abs,5484
1773400696,live555,chatafl,1,b_per,13.8
1773400696,live555,chatafl,1,b_abs,2557
1773400697,live555,chatafl,1,l_per,23.0
1773400697,live555,chatafl,1,l_abs,5484
1773400697,live555,chatafl,1,b_per,13.8
1773400697,live555,chatafl,1,b_abs,2557
1773400698,live555,chatafl,1,l_per,23.0
1773400698,live555,chatafl,1,l_abs,5484
1773400698,live555,chatafl,1,b_per,13.8
1773400698,live555,chatafl,1,b_abs,2557
1773400699,live555,chatafl,1,l_per,23.0
1773400699,live555,chatafl,1,l_abs,5484
1773400699,live555,chatafl,1,b_per,13.8
1773400699,live555,chatafl,1,b_abs,2557
1773400700,live555,chatafl,1,l_per,23.0
1773400700,live555,chatafl,1,l_abs,5484
1773400700,live555,chatafl,1,b_per,13.8
1773400700,live555,chatafl,1,b_abs,2557
1773400704,live555,chatafl,1,l_per,23.0
1773400704,live555,chatafl,1,l_abs,5484
1773400704,live555,chatafl,1,b_per,13.8
1773400704,live555,chatafl,1,b_abs,2557
1773400704,live555,chatafl,1,l_per,23.0
1773400704,live555,chatafl,1,l_abs,5484
1773400704,live555,chatafl,1,b_per,13.8
1773400704,live555,chatafl,1,b_abs,2557
1773400705,live555,chatafl,1,l_per,23.0
1773400705,live555,chatafl,1,l_abs,5484
1773400705,live555,chatafl,1,b_per,13.8
1773400705,live555,chatafl,1,b_abs,2557
1773400706,live555,chatafl,1,l_per,23.0
1773400706,live555,chatafl,1,l_abs,5484
1773400706,live555,chatafl,1,b_per,13.8
1773400706,live555,chatafl,1,b_abs,2557
1773400707,live555,chatafl,1,l_per,23.0
1773400707,live555,chatafl,1,l_abs,5484
1773400707,live555,chatafl,1,b_per,13.8
1773400707,live555,chatafl,1,b_abs,2557
1773400707,live555,chatafl,1,l_per,23.0
1773400707,live555,chatafl,1,l_abs,5484
1773400707,live555,chatafl,1,b_per,13.8
1773400707,live555,chatafl,1,b_abs,2557
1773400708,live555,chatafl,1,l_per,23.0
1773400708,live555,chatafl,1,l_abs,5484
1773400708,live555,chatafl,1,b_per,13.8
1773400708,live555,chatafl,1,b_abs,2557
1773400709,live555,chatafl,1,l_per,23.0
1773400709,live555,chatafl,1,l_abs,5484
1773400709,live555,chatafl,1,b_per,13.8
1773400709,live555,chatafl,1,b_abs,2557
1773400710,live555,chatafl,1,l_per,23.0
1773400710,live555,chatafl,1,l_abs,5484
1773400710,live555,chatafl,1,b_per,13.8
1773400710,live555,chatafl,1,b_abs,2557
1773400711,live555,chatafl,1,l_per,23.0
1773400711,live555,chatafl,1,l_abs,5484
1773400711,live555,chatafl,1,b_per,13.8
1773400711,live555,chatafl,1,b_abs,2557
1773400712,live555,chatafl,1,l_per,23.0
1773400712,live555,chatafl,1,l_abs,5484
1773400712,live555,chatafl,1,b_per,13.8
1773400712,live555,chatafl,1,b_abs,2557
1773400712,live555,chatafl,1,l_per,23.0
1773400712,live555,chatafl,1,l_abs,5484
1773400712,live555,chatafl,1,b_per,13.8
1773400712,live555,chatafl,1,b_abs,2557
1773400713,live555,chatafl,1,l_per,23.0
1773400713,live555,chatafl,1,l_abs,5484
1773400713,live555,chatafl,1,b_per,13.8
1773400713,live555,chatafl,1,b_abs,2557
1773400714,live555,chatafl,1,l_per,23.0
1773400714,live555,chatafl,1,l_abs,5484
1773400714,live555,chatafl,1,b_per,13.8
1773400714,live555,chatafl,1,b_abs,2557
1773400715,live555,chatafl,1,l_per,23.0
1773400715,live555,chatafl,1,l_abs,5484
1773400715,live555,chatafl,1,b_per,13.8
1773400715,live555,chatafl,1,b_abs,2557
1773400715,live555,chatafl,1,l_per,23.0
1773400715,live555,chatafl,1,l_abs,5484
1773400715,live555,chatafl,1,b_per,13.8
1773400715,live555,chatafl,1,b_abs,2557
1773400716,live555,chatafl,1,l_per,23.0
1773400716,live555,chatafl,1,l_abs,5484
1773400716,live555,chatafl,1,b_per,13.8
1773400716,live555,chatafl,1,b_abs,2557
1773400717,live555,chatafl,1,l_per,23.0
1773400717,live555,chatafl,1,l_abs,5484
1773400717,live555,chatafl,1,b_per,13.8
1773400717,live555,chatafl,1,b_abs,2557
1773400717,live555,chatafl,1,l_per,23.0
1773400717,live555,chatafl,1,l_abs,5484
1773400717,live555,chatafl,1,b_per,13.8
1773400717,live555,chatafl,1,b_abs,2557
1773400718,live555,chatafl,1,l_per,23.0
1773400718,live555,chatafl,1,l_abs,5484
1773400718,live555,chatafl,1,b_per,13.8
1773400718,live555,chatafl,1,b_abs,2557
1773400719,live555,chatafl,1,l_per,23.0
1773400719,live555,chatafl,1,l_abs,5489
1773400719,live555,chatafl,1,b_per,13.8
1773400719,live555,chatafl,1,b_abs,2562
1773400720,live555,chatafl,1,l_per,23.0
1773400720,live555,chatafl,1,l_abs,5489
1773400720,live555,chatafl,1,b_per,13.8
1773400720,live555,chatafl,1,b_abs,2562
1773400721,live555,chatafl,1,l_per,23.0
1773400721,live555,chatafl,1,l_abs,5489
1773400721,live555,chatafl,1,b_per,13.8
1773400721,live555,chatafl,1,b_abs,2562
1773400722,live555,chatafl,1,l_per,23.0
1773400722,live555,chatafl,1,l_abs,5489
1773400722,live555,chatafl,1,b_per,13.8
1773400722,live555,chatafl,1,b_abs,2562
1773400723,live555,chatafl,1,l_per,23.0
1773400723,live555,chatafl,1,l_abs,5489
1773400723,live555,chatafl,1,b_per,13.8
1773400723,live555,chatafl,1,b_abs,2562
1773400723,live555,chatafl,1,l_per,23.0
1773400723,live555,chatafl,1,l_abs,5489
1773400723,live555,chatafl,1,b_per,13.8
1773400723,live555,chatafl,1,b_abs,2562
1773400724,live555,chatafl,1,l_per,23.0
1773400724,live555,chatafl,1,l_abs,5489
1773400724,live555,chatafl,1,b_per,13.8
1773400724,live555,chatafl,1,b_abs,2563
1773400725,live555,chatafl,1,l_per,23.0
1773400725,live555,chatafl,1,l_abs,5489
1773400725,live555,chatafl,1,b_per,13.8
1773400725,live555,chatafl,1,b_abs,2563
1773400726,live555,chatafl,1,l_per,23.0
1773400726,live555,chatafl,1,l_abs,5489
1773400726,live555,chatafl,1,b_per,13.8
1773400726,live555,chatafl,1,b_abs,2563
1773400727,live555,chatafl,1,l_per,23.0
1773400727,live555,chatafl,1,l_abs,5489
1773400727,live555,chatafl,1,b_per,13.8
1773400727,live555,chatafl,1,b_abs,2563
1773400727,live555,chatafl,1,l_per,23.0
1773400727,live555,chatafl,1,l_abs,5489
1773400727,live555,chatafl,1,b_per,13.8
1773400727,live555,chatafl,1,b_abs,2563
1773400728,live555,chatafl,1,l_per,23.0
1773400728,live555,chatafl,1,l_abs,5489
1773400728,live555,chatafl,1,b_per,13.8
1773400728,live555,chatafl,1,b_abs,2563
1773400729,live555,chatafl,1,l_per,23.0
1773400729,live555,chatafl,1,l_abs,5489
1773400729,live555,chatafl,1,b_per,13.8
1773400729,live555,chatafl,1,b_abs,2563
1773400730,live555,chatafl,1,l_per,23.0
1773400730,live555,chatafl,1,l_abs,5489
1773400730,live555,chatafl,1,b_per,13.8
1773400730,live555,chatafl,1,b_abs,2563
1773400730,live555,chatafl,1,l_per,23.0
1773400730,live555,chatafl,1,l_abs,5489
1773400730,live555,chatafl,1,b_per,13.8
1773400730,live555,chatafl,1,b_abs,2563
1773400731,live555,chatafl,1,l_per,23.0
1773400731,live555,chatafl,1,l_abs,5489
1773400731,live555,chatafl,1,b_per,13.8
1773400731,live555,chatafl,1,b_abs,2563
1773400732,live555,chatafl,1,l_per,23.0
1773400732,live555,chatafl,1,l_abs,5489
1773400732,live555,chatafl,1,b_per,13.8
1773400732,live555,chatafl,1,b_abs,2563
1773400732,live555,chatafl,1,l_per,23.0
1773400732,live555,chatafl,1,l_abs,5489
1773400732,live555,chatafl,1,b_per,13.8
1773400732,live555,chatafl,1,b_abs,2563
1773400733,live555,chatafl,1,l_per,23.0
1773400733,live555,chatafl,1,l_abs,5489
1773400733,live555,chatafl,1,b_per,13.8
1773400733,live555,chatafl,1,b_abs,2563
1773400734,live555,chatafl,1,l_per,23.0
1773400734,live555,chatafl,1,l_abs,5489
1773400734,live555,chatafl,1,b_per,13.8
1773400734,live555,chatafl,1,b_abs,2563
1773400735,live555,chatafl,1,l_per,23.0
1773400735,live555,chatafl,1,l_abs,5489
1773400735,live555,chatafl,1,b_per,13.8
1773400735,live555,chatafl,1,b_abs,2563
1773400736,live555,chatafl,1,l_per,23.0
1773400736,live555,chatafl,1,l_abs,5489
1773400736,live555,chatafl,1,b_per,13.8
1773400736,live555,chatafl,1,b_abs,2563
1773400737,live555,chatafl,1,l_per,23.0
1773400737,live555,chatafl,1,l_abs,5489
1773400737,live555,chatafl,1,b_per,13.8
1773400737,live555,chatafl,1,b_abs,2563
1773400742,live555,chatafl,1,l_per,23.1
1773400742,live555,chatafl,1,l_abs,5502
1773400742,live555,chatafl,1,b_per,13.9
1773400742,live555,chatafl,1,b_abs,2568
1773400743,live555,chatafl,1,l_per,23.1
1773400743,live555,chatafl,1,l_abs,5502
1773400743,live555,chatafl,1,b_per,13.9
1773400743,live555,chatafl,1,b_abs,2568
1773400743,live555,chatafl,1,l_per,23.1
1773400743,live555,chatafl,1,l_abs,5502
1773400743,live555,chatafl,1,b_per,13.9
1773400743,live555,chatafl,1,b_abs,2568
1773400748,live555,chatafl,1,l_per,23.1
1773400748,live555,chatafl,1,l_abs,5502
1773400748,live555,chatafl,1,b_per,13.9
1773400748,live555,chatafl,1,b_abs,2568
1773400749,live555,chatafl,1,l_per,23.1
1773400749,live555,chatafl,1,l_abs,5502
1773400749,live555,chatafl,1,b_per,13.9
1773400749,live555,chatafl,1,b_abs,2568
1773400750,live555,chatafl,1,l_per,23.1
1773400750,live555,chatafl,1,l_abs,5502
1773400750,live555,chatafl,1,b_per,13.9
1773400750,live555,chatafl,1,b_abs,2568
1773400750,live555,chatafl,1,l_per,23.1
1773400750,live555,chatafl,1,l_abs,5502
1773400750,live555,chatafl,1,b_per,13.9
1773400750,live555,chatafl,1,b_abs,2568
1773400751,live555,chatafl,1,l_per,23.1
1773400751,live555,chatafl,1,l_abs,5502
1773400751,live555,chatafl,1,b_per,13.9
1773400751,live555,chatafl,1,b_abs,2568
1773400752,live555,chatafl,1,l_per,23.1
1773400752,live555,chatafl,1,l_abs,5502
1773400752,live555,chatafl,1,b_per,13.9
1773400752,live555,chatafl,1,b_abs,2568
1773400756,live555,chatafl,1,l_per,23.1
1773400756,live555,chatafl,1,l_abs,5502
1773400756,live555,chatafl,1,b_per,13.9
1773400756,live555,chatafl,1,b_abs,2568
1773400757,live555,chatafl,1,l_per,23.1
1773400757,live555,chatafl,1,l_abs,5502
1773400757,live555,chatafl,1,b_per,13.9
1773400757,live555,chatafl,1,b_abs,2568
1773400757,live555,chatafl,1,l_per,23.1
1773400757,live555,chatafl,1,l_abs,5502
1773400757,live555,chatafl,1,b_per,13.9
1773400757,live555,chatafl,1,b_abs,2568
1773400758,live555,chatafl,1,l_per,23.1
1773400758,live555,chatafl,1,l_abs,5502
1773400758,live555,chatafl,1,b_per,13.9
1773400758,live555,chatafl,1,b_abs,2568
1773400759,live555,chatafl,1,l_per,23.1
1773400759,live555,chatafl,1,l_abs,5502
1773400759,live555,chatafl,1,b_per,13.9
1773400759,live555,chatafl,1,b_abs,2568
1773400760,live555,chatafl,1,l_per,23.1
1773400760,live555,chatafl,1,l_abs,5502
1773400760,live555,chatafl,1,b_per,13.9
1773400760,live555,chatafl,1,b_abs,2568
1773400761,live555,chatafl,1,l_per,23.1
1773400761,live555,chatafl,1,l_abs,5502
1773400761,live555,chatafl,1,b_per,13.9
1773400761,live555,chatafl,1,b_abs,2568
1773400762,live555,chatafl,1,l_per,23.1
1773400762,live555,chatafl,1,l_abs,5502
1773400762,live555,chatafl,1,b_per,13.9
1773400762,live555,chatafl,1,b_abs,2568
1773400763,live555,chatafl,1,l_per,23.1
1773400763,live555,chatafl,1,l_abs,5502
1773400763,live555,chatafl,1,b_per,13.9
1773400763,live555,chatafl,1,b_abs,2568
1773400763,live555,chatafl,1,l_per,23.1
1773400763,live555,chatafl,1,l_abs,5502
1773400763,live555,chatafl,1,b_per,13.9
1773400763,live555,chatafl,1,b_abs,2568
1773400764,live555,chatafl,1,l_per,23.1
1773400764,live555,chatafl,1,l_abs,5502
1773400764,live555,chatafl,1,b_per,13.9
1773400764,live555,chatafl,1,b_abs,2568
1773400765,live555,chatafl,1,l_per,23.1
1773400765,live555,chatafl,1,l_abs,5502
1773400765,live555,chatafl,1,b_per,13.9
1773400765,live555,chatafl,1,b_abs,2568
1773400765,live555,chatafl,1,l_per,23.1
1773400765,live555,chatafl,1,l_abs,5502
1773400765,live555,chatafl,1,b_per,13.9
1773400765,live555,chatafl,1,b_abs,2568
1773400766,live555,chatafl,1,l_per,23.1
1773400766,live555,chatafl,1,l_abs,5502
1773400766,live555,chatafl,1,b_per,13.9
1773400766,live555,chatafl,1,b_abs,2568
1773400767,live555,chatafl,1,l_per,23.1
1773400767,live555,chatafl,1,l_abs,5502
1773400767,live555,chatafl,1,b_per,13.9
1773400767,live555,chatafl,1,b_abs,2568
1773400768,live555,chatafl,1,l_per,23.1
1773400768,live555,chatafl,1,l_abs,5502
1773400768,live555,chatafl,1,b_per,13.9
1773400768,live555,chatafl,1,b_abs,2568
1773400768,live555,chatafl,1,l_per,23.1
1773400768,live555,chatafl,1,l_abs,5502
1773400768,live555,chatafl,1,b_per,13.9
1773400768,live555,chatafl,1,b_abs,2568
1773400769,live555,chatafl,1,l_per,23.1
1773400769,live555,chatafl,1,l_abs,5502
1773400769,live555,chatafl,1,b_per,13.9
1773400769,live555,chatafl,1,b_abs,2568
1773400773,live555,chatafl,1,l_per,23.1
1773400773,live555,chatafl,1,l_abs,5502
1773400773,live555,chatafl,1,b_per,13.9
1773400773,live555,chatafl,1,b_abs,2568
1773400774,live555,chatafl,1,l_per,23.1
1773400774,live555,chatafl,1,l_abs,5502
1773400774,live555,chatafl,1,b_per,13.9
1773400774,live555,chatafl,1,b_abs,2568
1773400775,live555,chatafl,1,l_per,23.1
1773400775,live555,chatafl,1,l_abs,5502
1773400775,live555,chatafl,1,b_per,13.9
1773400775,live555,chatafl,1,b_abs,2568
1773400776,live555,chatafl,1,l_per,23.1
1773400776,live555,chatafl,1,l_abs,5502
1773400776,live555,chatafl,1,b_per,13.9
1773400776,live555,chatafl,1,b_abs,2568
1773400776,live555,chatafl,1,l_per,23.1
1773400776,live555,chatafl,1,l_abs,5502
1773400776,live555,chatafl,1,b_per,13.9
1773400776,live555,chatafl,1,b_abs,2568
1773400777,live555,chatafl,1,l_per,23.1
1773400777,live555,chatafl,1,l_abs,5502
1773400777,live555,chatafl,1,b_per,13.9
1773400777,live555,chatafl,1,b_abs,2568
1773400778,live555,chatafl,1,l_per,23.1
1773400778,live555,chatafl,1,l_abs,5502
1773400778,live555,chatafl,1,b_per,13.9
1773400778,live555,chatafl,1,b_abs,2568
1773400778,live555,chatafl,1,l_per,23.1
1773400778,live555,chatafl,1,l_abs,5508
1773400778,live555,chatafl,1,b_per,13.9
1773400778,live555,chatafl,1,b_abs,2573
1773400779,live555,chatafl,1,l_per,23.1
1773400779,live555,chatafl,1,l_abs,5508
1773400779,live555,chatafl,1,b_per,13.9
1773400779,live555,chatafl,1,b_abs,2573
1773400780,live555,chatafl,1,l_per,23.1
1773400780,live555,chatafl,1,l_abs,5508
1773400780,live555,chatafl,1,b_per,13.9
1773400780,live555,chatafl,1,b_abs,2573
1773400781,live555,chatafl,1,l_per,23.1
1773400781,live555,chatafl,1,l_abs,5508
1773400781,live555,chatafl,1,b_per,13.9
1773400781,live555,chatafl,1,b_abs,2573
1773400782,live555,chatafl,1,l_per,23.1
1773400782,live555,chatafl,1,l_abs,5508
1773400782,live555,chatafl,1,b_per,13.9
1773400782,live555,chatafl,1,b_abs,2573
1773400782,live555,chatafl,1,l_per,23.1
1773400782,live555,chatafl,1,l_abs,5508
1773400782,live555,chatafl,1,b_per,13.9
1773400782,live555,chatafl,1,b_abs,2573
1773400783,live555,chatafl,1,l_per,23.1
1773400783,live555,chatafl,1,l_abs,5508
1773400783,live555,chatafl,1,b_per,13.9
1773400783,live555,chatafl,1,b_abs,2573
1773400784,live555,chatafl,1,l_per,23.1
1773400784,live555,chatafl,1,l_abs,5508
1773400784,live555,chatafl,1,b_per,13.9
1773400784,live555,chatafl,1,b_abs,2573
1773400785,live555,chatafl,1,l_per,23.1
1773400785,live555,chatafl,1,l_abs,5508
1773400785,live555,chatafl,1,b_per,13.9
1773400785,live555,chatafl,1,b_abs,2573
1773400785,live555,chatafl,1,l_per,23.1
1773400785,live555,chatafl,1,l_abs,5508
1773400785,live555,chatafl,1,b_per,13.9
1773400785,live555,chatafl,1,b_abs,2573
1773400786,live555,chatafl,1,l_per,23.1
1773400786,live555,chatafl,1,l_abs,5508
1773400786,live555,chatafl,1,b_per,13.9
1773400786,live555,chatafl,1,b_abs,2573
1773400786,live555,chatafl,1,l_per,23.1
1773400786,live555,chatafl,1,l_abs,5508
1773400786,live555,chatafl,1,b_per,13.9
1773400786,live555,chatafl,1,b_abs,2573
1773400786,live555,chatafl,1,l_per,23.1
1773400786,live555,chatafl,1,l_abs,5508
1773400786,live555,chatafl,1,b_per,13.9
1773400786,live555,chatafl,1,b_abs,2573
1773400788,live555,chatafl,1,l_per,23.1
1773400788,live555,chatafl,1,l_abs,5508
1773400788,live555,chatafl,1,b_per,13.9
1773400788,live555,chatafl,1,b_abs,2573
1773400789,live555,chatafl,1,l_per,23.1
1773400789,live555,chatafl,1,l_abs,5508
1773400789,live555,chatafl,1,b_per,13.9
1773400789,live555,chatafl,1,b_abs,2573
1773400789,live555,chatafl,1,l_per,23.1
1773400789,live555,chatafl,1,l_abs,5508
1773400789,live555,chatafl,1,b_per,13.9
1773400789,live555,chatafl,1,b_abs,2573
1773400790,live555,chatafl,1,l_per,23.1
1773400790,live555,chatafl,1,l_abs,5508
1773400790,live555,chatafl,1,b_per,13.9
1773400790,live555,chatafl,1,b_abs,2573
1773400668,live555,chatafl,1,l_per,23.1
1773400668,live555,chatafl,1,l_abs,5508
1773400668,live555,chatafl,1,b_per,13.9
1773400668,live555,chatafl,1,b_abs,2573
1773400715,live555,chatafl,1,l_per,23.1
1773400715,live555,chatafl,1,l_abs,5508
1773400715,live555,chatafl,1,b_per,13.9
1773400715,live555,chatafl,1,b_abs,2573
1773400757,live555,chatafl,1,l_per,23.1
1773400757,live555,chatafl,1,l_abs,5508
1773400757,live555,chatafl,1,b_per,13.9
1773400757,live555,chatafl,1,b_abs,2573
1773400794,live555,chatafl,1,l_per,23.1
1773400794,live555,chatafl,1,l_abs,5508
1773400794,live555,chatafl,1,b_per,13.9
1773400794,live555,chatafl,1,b_abs,2575
1773400838,live555,chatafl,1,l_per,23.1
1773400838,live555,chatafl,1,l_abs,5519
1773400838,live555,chatafl,1,b_per,14.1
1773400838,live555,chatafl,1,b_abs,2607
1773400907,live555,chatafl,1,l_per,23.1
1773400907,live555,chatafl,1,l_abs,5522
1773400907,live555,chatafl,1,b_per,14.1
1773400907,live555,chatafl,1,b_abs,2615
1773400979,live555,chatafl,1,l_per,23.3
1773400979,live555,chatafl,1,l_abs,5560
1773400979,live555,chatafl,1,b_per,14.4
1773400979,live555,chatafl,1,b_abs,2660
1773401099,live555,chatafl,1,l_per,23.3
1773401099,live555,chatafl,1,l_abs,5566
1773401099,live555,chatafl,1,b_per,14.4
1773401099,live555,chatafl,1,b_abs,2672
1773401232,live555,chatafl,1,l_per,23.4
1773401232,live555,chatafl,1,l_abs,5579
1773401232,live555,chatafl,1,b_per,14.6
1773401232,live555,chatafl,1,b_abs,2708
1773401429,live555,chatafl,1,l_per,23.7
1773401429,live555,chatafl,1,l_abs,5664
1773401429,live555,chatafl,1,b_per,14.8
1773401429,live555,chatafl,1,b_abs,2739
1773401614,live555,chatafl,1,l_per,23.7
1773401614,live555,chatafl,1,l_abs,5665
1773401614,live555,chatafl,1,b_per,14.8
1773401614,live555,chatafl,1,b_abs,2740
1773401991,live555,chatafl,1,l_per,23.8
1773401991,live555,chatafl,1,l_abs,5669
1773401991,live555,chatafl,1,b_per,14.8
1773401991,live555,chatafl,1,b_abs,2748
1773402441,live555,chatafl,1,l_per,23.8
1773402441,live555,chatafl,1,l_abs,5681
1773402441,live555,chatafl,1,b_per,14.9
1773402441,live555,chatafl,1,b_abs,2760
1773402817,live555,chatafl,1,l_per,23.9
1773402817,live555,chatafl,1,l_abs,5698
1773402817,live555,chatafl,1,b_per,15.0
1773402817,live555,chatafl,1,b_abs,2779
1773403232,live555,chatafl,1,l_per,24.0
1773403232,live555,chatafl,1,l_abs,5718
1773403232,live555,chatafl,1,b_per,15.1
1773403232,live555,chatafl,1,b_abs,2795
1773403539,live555,chatafl,1,l_per,24.0
1773403539,live555,chatafl,1,l_abs,5718
1773403539,live555,chatafl,1,b_per,15.1
1773403539,live555,chatafl,1,b_abs,2799
1773404037,live555,chatafl,1,l_per,24.0
1773404037,live555,chatafl,1,l_abs,5719
1773404037,live555,chatafl,1,b_per,15.1
1773404037,live555,chatafl,1,b_abs,2804
1773404769,live555,chatafl,1,l_per,24.0
1773404769,live555,chatafl,1,l_abs,5722
1773404769,live555,chatafl,1,b_per,15.2
1773404769,live555,chatafl,1,b_abs,2810
1773405409,live555,chatafl,1,l_per,24.0
1773405409,live555,chatafl,1,l_abs,5731
1773405409,live555,chatafl,1,b_per,15.2
1773405409,live555,chatafl,1,b_abs,2821
1773406027,live555,chatafl,1,l_per,24.0
1773406027,live555,chatafl,1,l_abs,5731
1773406027,live555,chatafl,1,b_per,15.2
1773406027,live555,chatafl,1,b_abs,2821
1773407309,live555,chatafl,1,l_per,24.0
1773407309,live555,chatafl,1,l_abs,5731
1773407309,live555,chatafl,1,b_per,15.2
1773407309,live555,chatafl,1,b_abs,2824
1773408541,live555,chatafl,1,l_per,24.1
1773408541,live555,chatafl,1,l_abs,5756
1773408541,live555,chatafl,1,b_per,15.3
1773408541,live555,chatafl,1,b_abs,2840
1773409680,live555,chatafl,1,l_per,24.1
1773409680,live555,chatafl,1,l_abs,5757
1773409680,live555,chatafl,1,b_per,15.3
1773409680,live555,chatafl,1,b_abs,2841
1773411203,live555,chatafl,1,l_per,24.2
1773411203,live555,chatafl,1,l_abs,5774
1773411203,live555,chatafl,1,b_per,15.4
1773411203,live555,chatafl,1,b_abs,2846
1773413142,live555,chatafl,1,l_per,24.2
1773413142,live555,chatafl,1,l_abs,5782
1773413142,live555,chatafl,1,b_per,15.4
1773413142,live555,chatafl,1,b_abs,2851
1773415050,live555,chatafl,1,l_per,24.2
1773415050,live555,chatafl,1,l_abs,5782
1773415050,live555,chatafl,1,b_per,15.4
1773415050,live555,chatafl,1,b_abs,2851
1773418438,live555,chatafl,1,l_per,24.3
1773418438,live555,chatafl,1,l_abs,5794
1773418438,live555,chatafl,1,b_per,15.4
1773418438,live555,chatafl,1,b_abs,2854
1773421978,live555,chatafl,1,l_per,24.3
1773421978,live555,chatafl,1,l_abs,5809
1773421978,live555,chatafl,1,b_per,15.4
1773421978,live555,chatafl,1,b_abs,2861
1773426354,live555,chatafl,1,l_per,24.3
1773426354,live555,chatafl,1,l_abs,5809
1773426354,live555,chatafl,1,b_per,15.5
1773426354,live555,chatafl,1,b_abs,2862
1773430722,live555,chatafl,1,l_per,24.4
1773430722,live555,chatafl,1,l_abs,5818
1773430722,live555,chatafl,1,b_per,15.5
1773430722,live555,chatafl,1,b_abs,2871
1773435845,live555,chatafl,1,l_per,24.4
1773435845,live555,chatafl,1,l_abs,5818
1773435845,live555,chatafl,1,b_per,15.5
1773435845,live555,chatafl,1,b_abs,2871
1773443599,live555,chatafl,1,l_per,24.4
1773443599,live555,chatafl,1,l_abs,5818
1773443599,live555,chatafl,1,b_per,15.5
1773443599,live555,chatafl,1,b_abs,2874
1773452938,live555,chatafl,1,l_per,24.4
1773452938,live555,chatafl,1,l_abs,5818
1773452938,live555,chatafl,1,b_per,15.5
1773452938,live555,chatafl,1,b_abs,2877
1773459685,live555,chatafl,1,l_per,24.4
1773459685,live555,chatafl,1,l_abs,5822
1773459685,live555,chatafl,1,b_per,15.6
1773459685,live555,chatafl,1,b_abs,2882
1773476485,live555,chatafl,1,l_per,24.4
1773476485,live555,chatafl,1,l_abs,5822
1773476485,live555,chatafl,1,b_per,15.6
1773476485,live555,chatafl,1,b_abs,2882
1773485956,live555,chatafl,1,l_per,24.4
1773485956,live555,chatafl,1,l_abs,5822
1773485956,live555,chatafl,1,b_per,15.6
1773485956,live555,chatafl,1,b_abs,2884
1773401756,live555,chatafl,2,l_per,13.9
1773401756,live555,chatafl,2,l_abs,3310
1773401756,live555,chatafl,2,b_per,8.2
1773401756,live555,chatafl,2,b_abs,1526
1773401761,live555,chatafl,2,l_per,16.2
1773401761,live555,chatafl,2,l_abs,3860
1773401761,live555,chatafl,2,b_per,9.7
1773401761,live555,chatafl,2,b_abs,1792
1773401764,live555,chatafl,2,l_per,18.4
1773401764,live555,chatafl,2,l_abs,4383
1773401764,live555,chatafl,2,b_per,10.9
1773401764,live555,chatafl,2,b_abs,2023
1773401765,live555,chatafl,2,l_per,20.1
1773401765,live555,chatafl,2,l_abs,4795
1773401765,live555,chatafl,2,b_per,11.8
1773401765,live555,chatafl,2,b_abs,2177
1773401769,live555,chatafl,2,l_per,21.0
1773401769,live555,chatafl,2,l_abs,5001
1773401769,live555,chatafl,2,b_per,12.4
1773401769,live555,chatafl,2,b_abs,2300
1773401773,live555,chatafl,2,l_per,21.7
1773401773,live555,chatafl,2,l_abs,5165
1773401773,live555,chatafl,2,b_per,12.9
1773401773,live555,chatafl,2,b_abs,2380
1773401776,live555,chatafl,2,l_per,21.9
1773401776,live555,chatafl,2,l_abs,5215
1773401776,live555,chatafl,2,b_per,12.9
1773401776,live555,chatafl,2,b_abs,2398
1773401777,live555,chatafl,2,l_per,21.9
1773401777,live555,chatafl,2,l_abs,5215
1773401777,live555,chatafl,2,b_per,12.9
1773401777,live555,chatafl,2,b_abs,2398
1773401778,live555,chatafl,2,l_per,21.9
1773401778,live555,chatafl,2,l_abs,5215
1773401778,live555,chatafl,2,b_per,13.0
1773401778,live555,chatafl,2,b_abs,2399
1773401781,live555,chatafl,2,l_per,21.9
1773401781,live555,chatafl,2,l_abs,5215
1773401781,live555,chatafl,2,b_per,13.0
1773401781,live555,chatafl,2,b_abs,2399
1773401782,live555,chatafl,2,l_per,21.9
1773401782,live555,chatafl,2,l_abs,5215
1773401782,live555,chatafl,2,b_per,13.0
1773401782,live555,chatafl,2,b_abs,2400
1773401783,live555,chatafl,2,l_per,21.9
1773401783,live555,chatafl,2,l_abs,5215
1773401783,live555,chatafl,2,b_per,13.0
1773401783,live555,chatafl,2,b_abs,2400
1773401784,live555,chatafl,2,l_per,21.9
1773401784,live555,chatafl,2,l_abs,5215
1773401784,live555,chatafl,2,b_per,13.0
1773401784,live555,chatafl,2,b_abs,2400
1773401787,live555,chatafl,2,l_per,21.9
1773401787,live555,chatafl,2,l_abs,5222
1773401787,live555,chatafl,2,b_per,13.0
1773401787,live555,chatafl,2,b_abs,2407
1773401787,live555,chatafl,2,l_per,21.9
1773401787,live555,chatafl,2,l_abs,5223
1773401787,live555,chatafl,2,b_per,13.0
1773401787,live555,chatafl,2,b_abs,2415
1773401788,live555,chatafl,2,l_per,21.9
1773401788,live555,chatafl,2,l_abs,5223
1773401788,live555,chatafl,2,b_per,13.0
1773401788,live555,chatafl,2,b_abs,2416
1773401789,live555,chatafl,2,l_per,22.4
1773401789,live555,chatafl,2,l_abs,5344
1773401789,live555,chatafl,2,b_per,13.4
1773401789,live555,chatafl,2,b_abs,2476
1773401790,live555,chatafl,2,l_per,22.4
1773401790,live555,chatafl,2,l_abs,5351
1773401790,live555,chatafl,2,b_per,13.4
1773401790,live555,chatafl,2,b_abs,2481
1773401791,live555,chatafl,2,l_per,22.4
1773401791,live555,chatafl,2,l_abs,5351
1773401791,live555,chatafl,2,b_per,13.4
1773401791,live555,chatafl,2,b_abs,2481
1773401796,live555,chatafl,2,l_per,22.5
1773401796,live555,chatafl,2,l_abs,5364
1773401796,live555,chatafl,2,b_per,13.4
1773401796,live555,chatafl,2,b_abs,2487
1773401796,live555,chatafl,2,l_per,22.5
1773401796,live555,chatafl,2,l_abs,5374
1773401796,live555,chatafl,2,b_per,13.5
1773401796,live555,chatafl,2,b_abs,2492
1773401797,live555,chatafl,2,l_per,22.5
1773401797,live555,chatafl,2,l_abs,5378
1773401797,live555,chatafl,2,b_per,13.5
1773401797,live555,chatafl,2,b_abs,2493
1773401798,live555,chatafl,2,l_per,22.5
1773401798,live555,chatafl,2,l_abs,5378
1773401798,live555,chatafl,2,b_per,13.5
1773401798,live555,chatafl,2,b_abs,2493
1773401801,live555,chatafl,2,l_per,22.5
1773401801,live555,chatafl,2,l_abs,5378
1773401801,live555,chatafl,2,b_per,13.5
1773401801,live555,chatafl,2,b_abs,2493
1773401802,live555,chatafl,2,l_per,22.5
1773401802,live555,chatafl,2,l_abs,5378
1773401802,live555,chatafl,2,b_per,13.5
1773401802,live555,chatafl,2,b_abs,2493
1773401803,live555,chatafl,2,l_per,22.5
1773401803,live555,chatafl,2,l_abs,5378
1773401803,live555,chatafl,2,b_per,13.5
1773401803,live555,chatafl,2,b_abs,2493
1773401808,live555,chatafl,2,l_per,22.5
1773401808,live555,chatafl,2,l_abs,5378
1773401808,live555,chatafl,2,b_per,13.5
1773401808,live555,chatafl,2,b_abs,2493
1773401809,live555,chatafl,2,l_per,22.5
1773401809,live555,chatafl,2,l_abs,5378
1773401809,live555,chatafl,2,b_per,13.5
1773401809,live555,chatafl,2,b_abs,2493
1773401809,live555,chatafl,2,l_per,22.5
1773401809,live555,chatafl,2,l_abs,5378
1773401809,live555,chatafl,2,b_per,13.5
1773401809,live555,chatafl,2,b_abs,2493
1773401810,live555,chatafl,2,l_per,22.5
1773401810,live555,chatafl,2,l_abs,5378
1773401810,live555,chatafl,2,b_per,13.5
1773401810,live555,chatafl,2,b_abs,2493
1773401811,live555,chatafl,2,l_per,22.5
1773401811,live555,chatafl,2,l_abs,5378
1773401811,live555,chatafl,2,b_per,13.5
1773401811,live555,chatafl,2,b_abs,2493
1773401812,live555,chatafl,2,l_per,22.5
1773401812,live555,chatafl,2,l_abs,5378
1773401812,live555,chatafl,2,b_per,13.5
1773401812,live555,chatafl,2,b_abs,2493
1773401813,live555,chatafl,2,l_per,22.5
1773401813,live555,chatafl,2,l_abs,5378
1773401813,live555,chatafl,2,b_per,13.5
1773401813,live555,chatafl,2,b_abs,2493
1773401814,live555,chatafl,2,l_per,22.5
1773401814,live555,chatafl,2,l_abs,5378
1773401814,live555,chatafl,2,b_per,13.5
1773401814,live555,chatafl,2,b_abs,2493
1773401814,live555,chatafl,2,l_per,22.6
1773401814,live555,chatafl,2,l_abs,5395
1773401814,live555,chatafl,2,b_per,13.5
1773401814,live555,chatafl,2,b_abs,2504
1773401815,live555,chatafl,2,l_per,22.7
1773401815,live555,chatafl,2,l_abs,5405
1773401815,live555,chatafl,2,b_per,13.6
1773401815,live555,chatafl,2,b_abs,2516
1773401816,live555,chatafl,2,l_per,22.7
1773401816,live555,chatafl,2,l_abs,5405
1773401816,live555,chatafl,2,b_per,13.6
1773401816,live555,chatafl,2,b_abs,2516
1773401816,live555,chatafl,2,l_per,22.7
1773401816,live555,chatafl,2,l_abs,5405
1773401816,live555,chatafl,2,b_per,13.6
1773401816,live555,chatafl,2,b_abs,2516
1773401817,live555,chatafl,2,l_per,22.7
1773401817,live555,chatafl,2,l_abs,5405
1773401817,live555,chatafl,2,b_per,13.6
1773401817,live555,chatafl,2,b_abs,2516
1773401821,live555,chatafl,2,l_per,22.7
1773401821,live555,chatafl,2,l_abs,5405
1773401821,live555,chatafl,2,b_per,13.6
1773401821,live555,chatafl,2,b_abs,2516
1773401821,live555,chatafl,2,l_per,22.7
1773401821,live555,chatafl,2,l_abs,5405
1773401821,live555,chatafl,2,b_per,13.6
1773401821,live555,chatafl,2,b_abs,2516
1773401822,live555,chatafl,2,l_per,22.7
1773401822,live555,chatafl,2,l_abs,5419
1773401822,live555,chatafl,2,b_per,13.6
1773401822,live555,chatafl,2,b_abs,2519
1773401825,live555,chatafl,2,l_per,22.7
1773401825,live555,chatafl,2,l_abs,5419
1773401825,live555,chatafl,2,b_per,13.6
1773401825,live555,chatafl,2,b_abs,2519
1773401826,live555,chatafl,2,l_per,22.7
1773401826,live555,chatafl,2,l_abs,5419
1773401826,live555,chatafl,2,b_per,13.6
1773401826,live555,chatafl,2,b_abs,2519
1773401827,live555,chatafl,2,l_per,22.7
1773401827,live555,chatafl,2,l_abs,5419
1773401827,live555,chatafl,2,b_per,13.6
1773401827,live555,chatafl,2,b_abs,2519
1773401831,live555,chatafl,2,l_per,22.7
1773401831,live555,chatafl,2,l_abs,5419
1773401831,live555,chatafl,2,b_per,13.6
1773401831,live555,chatafl,2,b_abs,2519
1773401832,live555,chatafl,2,l_per,22.7
1773401832,live555,chatafl,2,l_abs,5419
1773401832,live555,chatafl,2,b_per,13.6
1773401832,live555,chatafl,2,b_abs,2519
1773401836,live555,chatafl,2,l_per,22.7
1773401836,live555,chatafl,2,l_abs,5419
1773401836,live555,chatafl,2,b_per,13.6
1773401836,live555,chatafl,2,b_abs,2519
1773401837,live555,chatafl,2,l_per,22.7
1773401837,live555,chatafl,2,l_abs,5425
1773401837,live555,chatafl,2,b_per,13.6
1773401837,live555,chatafl,2,b_abs,2521
1773401842,live555,chatafl,2,l_per,22.7
1773401842,live555,chatafl,2,l_abs,5425
1773401842,live555,chatafl,2,b_per,13.6
1773401842,live555,chatafl,2,b_abs,2521
1773401847,live555,chatafl,2,l_per,22.9
1773401847,live555,chatafl,2,l_abs,5460
1773401847,live555,chatafl,2,b_per,13.7
1773401847,live555,chatafl,2,b_abs,2538
1773401852,live555,chatafl,2,l_per,22.9
1773401852,live555,chatafl,2,l_abs,5461
1773401852,live555,chatafl,2,b_per,13.7
1773401852,live555,chatafl,2,b_abs,2539
1773401857,live555,chatafl,2,l_per,22.9
1773401857,live555,chatafl,2,l_abs,5461
1773401857,live555,chatafl,2,b_per,13.7
1773401857,live555,chatafl,2,b_abs,2539
1773401862,live555,chatafl,2,l_per,22.9
1773401862,live555,chatafl,2,l_abs,5463
1773401862,live555,chatafl,2,b_per,13.7
1773401862,live555,chatafl,2,b_abs,2541
1773401867,live555,chatafl,2,l_per,22.9
1773401867,live555,chatafl,2,l_abs,5463
1773401867,live555,chatafl,2,b_per,13.7
1773401867,live555,chatafl,2,b_abs,2541
1773401872,live555,chatafl,2,l_per,22.9
1773401872,live555,chatafl,2,l_abs,5463
1773401872,live555,chatafl,2,b_per,13.7
1773401872,live555,chatafl,2,b_abs,2541
1773401877,live555,chatafl,2,l_per,22.9
1773401877,live555,chatafl,2,l_abs,5463
1773401877,live555,chatafl,2,b_per,13.7
1773401877,live555,chatafl,2,b_abs,2541
1773401882,live555,chatafl,2,l_per,23.0
1773401882,live555,chatafl,2,l_abs,5484
1773401882,live555,chatafl,2,b_per,13.8
1773401882,live555,chatafl,2,b_abs,2548
1773401887,live555,chatafl,2,l_per,23.0
1773401887,live555,chatafl,2,l_abs,5484
1773401887,live555,chatafl,2,b_per,13.8
1773401887,live555,chatafl,2,b_abs,2548
1773401892,live555,chatafl,2,l_per,23.1
1773401892,live555,chatafl,2,l_abs,5505
1773401892,live555,chatafl,2,b_per,13.9
1773401892,live555,chatafl,2,b_abs,2579
1773401897,live555,chatafl,2,l_per,23.1
1773401897,live555,chatafl,2,l_abs,5505
1773401897,live555,chatafl,2,b_per,13.9
1773401897,live555,chatafl,2,b_abs,2579
1773401902,live555,chatafl,2,l_per,23.1
1773401902,live555,chatafl,2,l_abs,5505
1773401902,live555,chatafl,2,b_per,13.9
1773401902,live555,chatafl,2,b_abs,2581
1773401903,live555,chatafl,2,l_per,23.1
1773401903,live555,chatafl,2,l_abs,5505
1773401903,live555,chatafl,2,b_per,13.9
1773401903,live555,chatafl,2,b_abs,2581
1773401904,live555,chatafl,2,l_per,23.1
1773401904,live555,chatafl,2,l_abs,5505
1773401904,live555,chatafl,2,b_per,13.9
1773401904,live555,chatafl,2,b_abs,2581
1773401905,live555,chatafl,2,l_per,23.1
1773401905,live555,chatafl,2,l_abs,5505
1773401905,live555,chatafl,2,b_per,13.9
1773401905,live555,chatafl,2,b_abs,2581
1773401906,live555,chatafl,2,l_per,23.1
1773401906,live555,chatafl,2,l_abs,5505
1773401906,live555,chatafl,2,b_per,13.9
1773401906,live555,chatafl,2,b_abs,2581
1773401907,live555,chatafl,2,l_per,23.1
1773401907,live555,chatafl,2,l_abs,5505
1773401907,live555,chatafl,2,b_per,13.9
1773401907,live555,chatafl,2,b_abs,2581
1773401908,live555,chatafl,2,l_per,23.1
1773401908,live555,chatafl,2,l_abs,5505
1773401908,live555,chatafl,2,b_per,13.9
1773401908,live555,chatafl,2,b_abs,2581
1773401908,live555,chatafl,2,l_per,23.1
1773401908,live555,chatafl,2,l_abs,5505
1773401908,live555,chatafl,2,b_per,13.9
1773401908,live555,chatafl,2,b_abs,2581
1773401909,live555,chatafl,2,l_per,23.1
1773401909,live555,chatafl,2,l_abs,5505
1773401909,live555,chatafl,2,b_per,13.9
1773401909,live555,chatafl,2,b_abs,2581
1773401910,live555,chatafl,2,l_per,23.1
1773401910,live555,chatafl,2,l_abs,5505
1773401910,live555,chatafl,2,b_per,13.9
1773401910,live555,chatafl,2,b_abs,2581
1773401914,live555,chatafl,2,l_per,23.1
1773401914,live555,chatafl,2,l_abs,5505
1773401914,live555,chatafl,2,b_per,13.9
1773401914,live555,chatafl,2,b_abs,2581
1773401915,live555,chatafl,2,l_per,23.1
1773401915,live555,chatafl,2,l_abs,5505
1773401915,live555,chatafl,2,b_per,13.9
1773401915,live555,chatafl,2,b_abs,2581
1773401916,live555,chatafl,2,l_per,23.1
1773401916,live555,chatafl,2,l_abs,5505
1773401916,live555,chatafl,2,b_per,13.9
1773401916,live555,chatafl,2,b_abs,2581
1773401916,live555,chatafl,2,l_per,23.1
1773401916,live555,chatafl,2,l_abs,5505
1773401916,live555,chatafl,2,b_per,13.9
1773401916,live555,chatafl,2,b_abs,2581
1773401917,live555,chatafl,2,l_per,23.1
1773401917,live555,chatafl,2,l_abs,5505
1773401917,live555,chatafl,2,b_per,13.9
1773401917,live555,chatafl,2,b_abs,2581
1773401918,live555,chatafl,2,l_per,23.1
1773401918,live555,chatafl,2,l_abs,5505
1773401918,live555,chatafl,2,b_per,13.9
1773401918,live555,chatafl,2,b_abs,2581
1773401919,live555,chatafl,2,l_per,23.1
1773401919,live555,chatafl,2,l_abs,5505
1773401919,live555,chatafl,2,b_per,13.9
1773401919,live555,chatafl,2,b_abs,2581
1773401920,live555,chatafl,2,l_per,23.1
1773401920,live555,chatafl,2,l_abs,5505
1773401920,live555,chatafl,2,b_per,13.9
1773401920,live555,chatafl,2,b_abs,2581
1773401921,live555,chatafl,2,l_per,23.1
1773401921,live555,chatafl,2,l_abs,5505
1773401921,live555,chatafl,2,b_per,13.9
1773401921,live555,chatafl,2,b_abs,2581
1773401921,live555,chatafl,2,l_per,23.1
1773401921,live555,chatafl,2,l_abs,5505
1773401921,live555,chatafl,2,b_per,13.9
1773401921,live555,chatafl,2,b_abs,2581
1773401922,live555,chatafl,2,l_per,23.1
1773401922,live555,chatafl,2,l_abs,5505
1773401922,live555,chatafl,2,b_per,13.9
1773401922,live555,chatafl,2,b_abs,2581
1773401923,live555,chatafl,2,l_per,23.1
1773401923,live555,chatafl,2,l_abs,5505
1773401923,live555,chatafl,2,b_per,13.9
1773401923,live555,chatafl,2,b_abs,2581
1773401924,live555,chatafl,2,l_per,23.1
1773401924,live555,chatafl,2,l_abs,5505
1773401924,live555,chatafl,2,b_per,13.9
1773401924,live555,chatafl,2,b_abs,2581
1773401924,live555,chatafl,2,l_per,23.1
1773401924,live555,chatafl,2,l_abs,5505
1773401924,live555,chatafl,2,b_per,13.9
1773401924,live555,chatafl,2,b_abs,2581
1773401925,live555,chatafl,2,l_per,23.1
1773401925,live555,chatafl,2,l_abs,5505
1773401925,live555,chatafl,2,b_per,13.9
1773401925,live555,chatafl,2,b_abs,2581
1773401926,live555,chatafl,2,l_per,23.1
1773401926,live555,chatafl,2,l_abs,5505
1773401926,live555,chatafl,2,b_per,13.9
1773401926,live555,chatafl,2,b_abs,2581
1773401927,live555,chatafl,2,l_per,23.1
1773401927,live555,chatafl,2,l_abs,5505
1773401927,live555,chatafl,2,b_per,13.9
1773401927,live555,chatafl,2,b_abs,2581
1773401928,live555,chatafl,2,l_per,23.1
1773401928,live555,chatafl,2,l_abs,5505
1773401928,live555,chatafl,2,b_per,13.9
1773401928,live555,chatafl,2,b_abs,2581
1773401928,live555,chatafl,2,l_per,23.1
1773401928,live555,chatafl,2,l_abs,5505
1773401928,live555,chatafl,2,b_per,13.9
1773401928,live555,chatafl,2,b_abs,2581
1773401929,live555,chatafl,2,l_per,23.1
1773401929,live555,chatafl,2,l_abs,5505
1773401929,live555,chatafl,2,b_per,13.9
1773401929,live555,chatafl,2,b_abs,2581
1773401930,live555,chatafl,2,l_per,23.1
1773401930,live555,chatafl,2,l_abs,5505
1773401930,live555,chatafl,2,b_per,13.9
1773401930,live555,chatafl,2,b_abs,2581
1773401931,live555,chatafl,2,l_per,23.1
1773401931,live555,chatafl,2,l_abs,5505
1773401931,live555,chatafl,2,b_per,13.9
1773401931,live555,chatafl,2,b_abs,2581
1773401935,live555,chatafl,2,l_per,23.1
1773401935,live555,chatafl,2,l_abs,5505
1773401935,live555,chatafl,2,b_per,13.9
1773401935,live555,chatafl,2,b_abs,2581
1773401936,live555,chatafl,2,l_per,23.1
1773401936,live555,chatafl,2,l_abs,5505
1773401936,live555,chatafl,2,b_per,13.9
1773401936,live555,chatafl,2,b_abs,2581
1773401936,live555,chatafl,2,l_per,23.1
1773401936,live555,chatafl,2,l_abs,5505
1773401936,live555,chatafl,2,b_per,13.9
1773401936,live555,chatafl,2,b_abs,2581
1773401937,live555,chatafl,2,l_per,23.1
1773401937,live555,chatafl,2,l_abs,5505
1773401937,live555,chatafl,2,b_per,13.9
1773401937,live555,chatafl,2,b_abs,2581
1773401938,live555,chatafl,2,l_per,23.1
1773401938,live555,chatafl,2,l_abs,5505
1773401938,live555,chatafl,2,b_per,13.9
1773401938,live555,chatafl,2,b_abs,2581
1773401943,live555,chatafl,2,l_per,23.1
1773401943,live555,chatafl,2,l_abs,5505
1773401943,live555,chatafl,2,b_per,13.9
1773401943,live555,chatafl,2,b_abs,2581
1773401943,live555,chatafl,2,l_per,23.1
1773401943,live555,chatafl,2,l_abs,5505
1773401943,live555,chatafl,2,b_per,13.9
1773401943,live555,chatafl,2,b_abs,2581
1773401944,live555,chatafl,2,l_per,23.1
1773401944,live555,chatafl,2,l_abs,5505
1773401944,live555,chatafl,2,b_per,13.9
1773401944,live555,chatafl,2,b_abs,2581
1773401945,live555,chatafl,2,l_per,23.1
1773401945,live555,chatafl,2,l_abs,5505
1773401945,live555,chatafl,2,b_per,13.9
1773401945,live555,chatafl,2,b_abs,2581
1773401946,live555,chatafl,2,l_per,23.1
1773401946,live555,chatafl,2,l_abs,5505
1773401946,live555,chatafl,2,b_per,13.9
1773401946,live555,chatafl,2,b_abs,2581
1773401947,live555,chatafl,2,l_per,23.1
1773401947,live555,chatafl,2,l_abs,5506
1773401947,live555,chatafl,2,b_per,13.9
1773401947,live555,chatafl,2,b_abs,2583
1773401948,live555,chatafl,2,l_per,23.1
1773401948,live555,chatafl,2,l_abs,5506
1773401948,live555,chatafl,2,b_per,13.9
1773401948,live555,chatafl,2,b_abs,2583
1773401948,live555,chatafl,2,l_per,23.1
1773401948,live555,chatafl,2,l_abs,5506
1773401948,live555,chatafl,2,b_per,13.9
1773401948,live555,chatafl,2,b_abs,2583
1773401949,live555,chatafl,2,l_per,23.1
1773401949,live555,chatafl,2,l_abs,5506
1773401949,live555,chatafl,2,b_per,13.9
1773401949,live555,chatafl,2,b_abs,2583
1773401950,live555,chatafl,2,l_per,23.1
1773401950,live555,chatafl,2,l_abs,5506
1773401950,live555,chatafl,2,b_per,13.9
1773401950,live555,chatafl,2,b_abs,2583
1773401951,live555,chatafl,2,l_per,23.1
1773401951,live555,chatafl,2,l_abs,5506
1773401951,live555,chatafl,2,b_per,13.9
1773401951,live555,chatafl,2,b_abs,2583
1773401952,live555,chatafl,2,l_per,23.1
1773401952,live555,chatafl,2,l_abs,5506
1773401952,live555,chatafl,2,b_per,13.9
1773401952,live555,chatafl,2,b_abs,2583
1773401952,live555,chatafl,2,l_per,23.1
1773401952,live555,chatafl,2,l_abs,5506
1773401952,live555,chatafl,2,b_per,13.9
1773401952,live555,chatafl,2,b_abs,2583
1773401953,live555,chatafl,2,l_per,23.1
1773401953,live555,chatafl,2,l_abs,5506
1773401953,live555,chatafl,2,b_per,13.9
1773401953,live555,chatafl,2,b_abs,2583
1773401954,live555,chatafl,2,l_per,23.1
1773401954,live555,chatafl,2,l_abs,5506
1773401954,live555,chatafl,2,b_per,13.9
1773401954,live555,chatafl,2,b_abs,2583
1773401958,live555,chatafl,2,l_per,23.1
1773401958,live555,chatafl,2,l_abs,5506
1773401958,live555,chatafl,2,b_per,13.9
1773401958,live555,chatafl,2,b_abs,2583
1773401959,live555,chatafl,2,l_per,23.1
1773401959,live555,chatafl,2,l_abs,5506
1773401959,live555,chatafl,2,b_per,13.9
1773401959,live555,chatafl,2,b_abs,2583
1773401960,live555,chatafl,2,l_per,23.1
1773401960,live555,chatafl,2,l_abs,5506
1773401960,live555,chatafl,2,b_per,13.9
1773401960,live555,chatafl,2,b_abs,2583
1773401961,live555,chatafl,2,l_per,23.1
1773401961,live555,chatafl,2,l_abs,5506
1773401961,live555,chatafl,2,b_per,13.9
1773401961,live555,chatafl,2,b_abs,2583
1773401962,live555,chatafl,2,l_per,23.1
1773401962,live555,chatafl,2,l_abs,5506
1773401962,live555,chatafl,2,b_per,13.9
1773401962,live555,chatafl,2,b_abs,2583
1773401962,live555,chatafl,2,l_per,23.1
1773401962,live555,chatafl,2,l_abs,5506
1773401962,live555,chatafl,2,b_per,13.9
1773401962,live555,chatafl,2,b_abs,2583
1773401966,live555,chatafl,2,l_per,23.1
1773401966,live555,chatafl,2,l_abs,5506
1773401966,live555,chatafl,2,b_per,13.9
1773401966,live555,chatafl,2,b_abs,2583
1773401970,live555,chatafl,2,l_per,23.1
1773401970,live555,chatafl,2,l_abs,5506
1773401970,live555,chatafl,2,b_per,13.9
1773401970,live555,chatafl,2,b_abs,2583
1773401971,live555,chatafl,2,l_per,23.1
1773401971,live555,chatafl,2,l_abs,5506
1773401971,live555,chatafl,2,b_per,13.9
1773401971,live555,chatafl,2,b_abs,2583
1773401975,live555,chatafl,2,l_per,23.1
1773401975,live555,chatafl,2,l_abs,5506
1773401975,live555,chatafl,2,b_per,13.9
1773401975,live555,chatafl,2,b_abs,2583
1773401975,live555,chatafl,2,l_per,23.1
1773401975,live555,chatafl,2,l_abs,5506
1773401975,live555,chatafl,2,b_per,13.9
1773401975,live555,chatafl,2,b_abs,2583
1773401976,live555,chatafl,2,l_per,23.1
1773401976,live555,chatafl,2,l_abs,5506
1773401976,live555,chatafl,2,b_per,13.9
1773401976,live555,chatafl,2,b_abs,2583
1773401977,live555,chatafl,2,l_per,23.1
1773401977,live555,chatafl,2,l_abs,5506
1773401977,live555,chatafl,2,b_per,13.9
1773401977,live555,chatafl,2,b_abs,2583
1773401978,live555,chatafl,2,l_per,23.1
1773401978,live555,chatafl,2,l_abs,5506
1773401978,live555,chatafl,2,b_per,13.9
1773401978,live555,chatafl,2,b_abs,2583
1773401978,live555,chatafl,2,l_per,23.1
1773401978,live555,chatafl,2,l_abs,5506
1773401978,live555,chatafl,2,b_per,13.9
1773401978,live555,chatafl,2,b_abs,2583
1773401979,live555,chatafl,2,l_per,23.1
1773401979,live555,chatafl,2,l_abs,5506
1773401979,live555,chatafl,2,b_per,13.9
1773401979,live555,chatafl,2,b_abs,2583
1773401980,live555,chatafl,2,l_per,23.1
1773401980,live555,chatafl,2,l_abs,5506
1773401980,live555,chatafl,2,b_per,13.9
1773401980,live555,chatafl,2,b_abs,2583
1773401980,live555,chatafl,2,l_per,23.1
1773401980,live555,chatafl,2,l_abs,5506
1773401980,live555,chatafl,2,b_per,13.9
1773401980,live555,chatafl,2,b_abs,2583
1773401984,live555,chatafl,2,l_per,23.1
1773401984,live555,chatafl,2,l_abs,5506
1773401984,live555,chatafl,2,b_per,13.9
1773401984,live555,chatafl,2,b_abs,2583
1773401985,live555,chatafl,2,l_per,23.1
1773401985,live555,chatafl,2,l_abs,5506
1773401985,live555,chatafl,2,b_per,13.9
1773401985,live555,chatafl,2,b_abs,2583
1773401986,live555,chatafl,2,l_per,23.1
1773401986,live555,chatafl,2,l_abs,5506
1773401986,live555,chatafl,2,b_per,13.9
1773401986,live555,chatafl,2,b_abs,2583
1773401986,live555,chatafl,2,l_per,23.1
1773401986,live555,chatafl,2,l_abs,5506
1773401986,live555,chatafl,2,b_per,13.9
1773401986,live555,chatafl,2,b_abs,2583
1773401990,live555,chatafl,2,l_per,23.1
1773401990,live555,chatafl,2,l_abs,5506
1773401990,live555,chatafl,2,b_per,13.9
1773401990,live555,chatafl,2,b_abs,2583
1773401991,live555,chatafl,2,l_per,23.1
1773401991,live555,chatafl,2,l_abs,5506
1773401991,live555,chatafl,2,b_per,13.9
1773401991,live555,chatafl,2,b_abs,2583
1773401992,live555,chatafl,2,l_per,23.1
1773401992,live555,chatafl,2,l_abs,5506
1773401992,live555,chatafl,2,b_per,13.9
1773401992,live555,chatafl,2,b_abs,2583
1773401993,live555,chatafl,2,l_per,23.1
1773401993,live555,chatafl,2,l_abs,5506
1773401993,live555,chatafl,2,b_per,13.9
1773401993,live555,chatafl,2,b_abs,2583
1773401993,live555,chatafl,2,l_per,23.1
1773401993,live555,chatafl,2,l_abs,5506
1773401993,live555,chatafl,2,b_per,13.9
1773401993,live555,chatafl,2,b_abs,2583
1773401994,live555,chatafl,2,l_per,23.1
1773401994,live555,chatafl,2,l_abs,5506
1773401994,live555,chatafl,2,b_per,13.9
1773401994,live555,chatafl,2,b_abs,2583
1773401998,live555,chatafl,2,l_per,23.1
1773401998,live555,chatafl,2,l_abs,5506
1773401998,live555,chatafl,2,b_per,13.9
1773401998,live555,chatafl,2,b_abs,2583
1773401998,live555,chatafl,2,l_per,23.1
1773401998,live555,chatafl,2,l_abs,5506
1773401998,live555,chatafl,2,b_per,13.9
1773401998,live555,chatafl,2,b_abs,2583
1773401999,live555,chatafl,2,l_per,23.1
1773401999,live555,chatafl,2,l_abs,5506
1773401999,live555,chatafl,2,b_per,13.9
1773401999,live555,chatafl,2,b_abs,2583
1773402000,live555,chatafl,2,l_per,23.1
1773402000,live555,chatafl,2,l_abs,5506
1773402000,live555,chatafl,2,b_per,14.0
1773402000,live555,chatafl,2,b_abs,2584
1773402001,live555,chatafl,2,l_per,23.1
1773402001,live555,chatafl,2,l_abs,5506
1773402001,live555,chatafl,2,b_per,14.0
1773402001,live555,chatafl,2,b_abs,2584
1773402001,live555,chatafl,2,l_per,23.1
1773402001,live555,chatafl,2,l_abs,5506
1773402001,live555,chatafl,2,b_per,14.0
1773402001,live555,chatafl,2,b_abs,2584
1773402002,live555,chatafl,2,l_per,23.1
1773402002,live555,chatafl,2,l_abs,5506
1773402002,live555,chatafl,2,b_per,14.0
1773402002,live555,chatafl,2,b_abs,2584
1773402003,live555,chatafl,2,l_per,23.1
1773402003,live555,chatafl,2,l_abs,5506
1773402003,live555,chatafl,2,b_per,14.0
1773402003,live555,chatafl,2,b_abs,2584
1773402004,live555,chatafl,2,l_per,23.1
1773402004,live555,chatafl,2,l_abs,5506
1773402004,live555,chatafl,2,b_per,14.0
1773402004,live555,chatafl,2,b_abs,2584
1773402004,live555,chatafl,2,l_per,23.1
1773402004,live555,chatafl,2,l_abs,5506
1773402004,live555,chatafl,2,b_per,14.0
1773402004,live555,chatafl,2,b_abs,2584
1773402005,live555,chatafl,2,l_per,23.1
1773402005,live555,chatafl,2,l_abs,5506
1773402005,live555,chatafl,2,b_per,14.0
1773402005,live555,chatafl,2,b_abs,2584
1773402006,live555,chatafl,2,l_per,23.1
1773402006,live555,chatafl,2,l_abs,5506
1773402006,live555,chatafl,2,b_per,14.0
1773402006,live555,chatafl,2,b_abs,2584
1773402007,live555,chatafl,2,l_per,23.1
1773402007,live555,chatafl,2,l_abs,5506
1773402007,live555,chatafl,2,b_per,14.0
1773402007,live555,chatafl,2,b_abs,2584
1773402008,live555,chatafl,2,l_per,23.1
1773402008,live555,chatafl,2,l_abs,5506
1773402008,live555,chatafl,2,b_per,14.0
1773402008,live555,chatafl,2,b_abs,2584
1773402008,live555,chatafl,2,l_per,23.1
1773402008,live555,chatafl,2,l_abs,5506
1773402008,live555,chatafl,2,b_per,14.0
1773402008,live555,chatafl,2,b_abs,2584
1773402009,live555,chatafl,2,l_per,23.1
1773402009,live555,chatafl,2,l_abs,5506
1773402009,live555,chatafl,2,b_per,14.0
1773402009,live555,chatafl,2,b_abs,2584
1773402010,live555,chatafl,2,l_per,23.1
1773402010,live555,chatafl,2,l_abs,5506
1773402010,live555,chatafl,2,b_per,14.0
1773402010,live555,chatafl,2,b_abs,2584
1773402014,live555,chatafl,2,l_per,23.1
1773402014,live555,chatafl,2,l_abs,5506
1773402014,live555,chatafl,2,b_per,14.0
1773402014,live555,chatafl,2,b_abs,2584
1773402016,live555,chatafl,2,l_per,23.1
1773402016,live555,chatafl,2,l_abs,5506
1773402016,live555,chatafl,2,b_per,14.0
1773402016,live555,chatafl,2,b_abs,2584
1773402016,live555,chatafl,2,l_per,23.1
1773402016,live555,chatafl,2,l_abs,5506
1773402016,live555,chatafl,2,b_per,14.0
1773402016,live555,chatafl,2,b_abs,2584
1773402022,live555,chatafl,2,l_per,23.1
1773402022,live555,chatafl,2,l_abs,5506
1773402022,live555,chatafl,2,b_per,14.0
1773402022,live555,chatafl,2,b_abs,2584
1773402026,live555,chatafl,2,l_per,23.1
1773402026,live555,chatafl,2,l_abs,5506
1773402026,live555,chatafl,2,b_per,14.0
1773402026,live555,chatafl,2,b_abs,2584
1773402027,live555,chatafl,2,l_per,23.1
1773402027,live555,chatafl,2,l_abs,5506
1773402027,live555,chatafl,2,b_per,14.0
1773402027,live555,chatafl,2,b_abs,2584
1773402028,live555,chatafl,2,l_per,23.1
1773402028,live555,chatafl,2,l_abs,5506
1773402028,live555,chatafl,2,b_per,14.0
1773402028,live555,chatafl,2,b_abs,2584
1773402029,live555,chatafl,2,l_per,23.1
1773402029,live555,chatafl,2,l_abs,5506
1773402029,live555,chatafl,2,b_per,14.0
1773402029,live555,chatafl,2,b_abs,2584
1773402030,live555,chatafl,2,l_per,23.1
1773402030,live555,chatafl,2,l_abs,5506
1773402030,live555,chatafl,2,b_per,14.0
1773402030,live555,chatafl,2,b_abs,2584
1773402030,live555,chatafl,2,l_per,23.1
1773402030,live555,chatafl,2,l_abs,5506
1773402030,live555,chatafl,2,b_per,14.0
1773402030,live555,chatafl,2,b_abs,2584
1773402031,live555,chatafl,2,l_per,23.1
1773402031,live555,chatafl,2,l_abs,5506
1773402031,live555,chatafl,2,b_per,14.0
1773402031,live555,chatafl,2,b_abs,2584
1773402032,live555,chatafl,2,l_per,23.1
1773402032,live555,chatafl,2,l_abs,5506
1773402032,live555,chatafl,2,b_per,14.0
1773402032,live555,chatafl,2,b_abs,2584
1773402033,live555,chatafl,2,l_per,23.1
1773402033,live555,chatafl,2,l_abs,5506
1773402033,live555,chatafl,2,b_per,14.0
1773402033,live555,chatafl,2,b_abs,2584
1773402034,live555,chatafl,2,l_per,23.1
1773402034,live555,chatafl,2,l_abs,5506
1773402034,live555,chatafl,2,b_per,14.0
1773402034,live555,chatafl,2,b_abs,2584
1773402035,live555,chatafl,2,l_per,23.1
1773402035,live555,chatafl,2,l_abs,5506
1773402035,live555,chatafl,2,b_per,14.0
1773402035,live555,chatafl,2,b_abs,2584
1773402036,live555,chatafl,2,l_per,23.1
1773402036,live555,chatafl,2,l_abs,5506
1773402036,live555,chatafl,2,b_per,14.0
1773402036,live555,chatafl,2,b_abs,2584
1773402040,live555,chatafl,2,l_per,23.1
1773402040,live555,chatafl,2,l_abs,5506
1773402040,live555,chatafl,2,b_per,14.0
1773402040,live555,chatafl,2,b_abs,2584
1773402041,live555,chatafl,2,l_per,23.1
1773402041,live555,chatafl,2,l_abs,5506
1773402041,live555,chatafl,2,b_per,14.0
1773402041,live555,chatafl,2,b_abs,2584
1773402042,live555,chatafl,2,l_per,23.1
1773402042,live555,chatafl,2,l_abs,5506
1773402042,live555,chatafl,2,b_per,14.0
1773402042,live555,chatafl,2,b_abs,2584
1773402045,live555,chatafl,2,l_per,23.1
1773402045,live555,chatafl,2,l_abs,5506
1773402045,live555,chatafl,2,b_per,14.0
1773402045,live555,chatafl,2,b_abs,2584
1773402046,live555,chatafl,2,l_per,23.1
1773402046,live555,chatafl,2,l_abs,5506
1773402046,live555,chatafl,2,b_per,14.0
1773402046,live555,chatafl,2,b_abs,2584
1773402047,live555,chatafl,2,l_per,23.1
1773402047,live555,chatafl,2,l_abs,5506
1773402047,live555,chatafl,2,b_per,14.0
1773402047,live555,chatafl,2,b_abs,2584
1773402048,live555,chatafl,2,l_per,23.1
1773402048,live555,chatafl,2,l_abs,5506
1773402048,live555,chatafl,2,b_per,14.0
1773402048,live555,chatafl,2,b_abs,2584
1773402049,live555,chatafl,2,l_per,23.1
1773402049,live555,chatafl,2,l_abs,5512
1773402049,live555,chatafl,2,b_per,14.0
1773402049,live555,chatafl,2,b_abs,2586
1773402050,live555,chatafl,2,l_per,23.1
1773402050,live555,chatafl,2,l_abs,5512
1773402050,live555,chatafl,2,b_per,14.0
1773402050,live555,chatafl,2,b_abs,2586
1773402051,live555,chatafl,2,l_per,23.1
1773402051,live555,chatafl,2,l_abs,5512
1773402051,live555,chatafl,2,b_per,14.0
1773402051,live555,chatafl,2,b_abs,2586
1773402052,live555,chatafl,2,l_per,23.1
1773402052,live555,chatafl,2,l_abs,5512
1773402052,live555,chatafl,2,b_per,14.0
1773402052,live555,chatafl,2,b_abs,2586
1773402052,live555,chatafl,2,l_per,23.1
1773402052,live555,chatafl,2,l_abs,5512
1773402052,live555,chatafl,2,b_per,14.0
1773402052,live555,chatafl,2,b_abs,2586
1773402053,live555,chatafl,2,l_per,23.1
1773402053,live555,chatafl,2,l_abs,5512
1773402053,live555,chatafl,2,b_per,14.0
1773402053,live555,chatafl,2,b_abs,2586
1773402054,live555,chatafl,2,l_per,23.1
1773402054,live555,chatafl,2,l_abs,5512
1773402054,live555,chatafl,2,b_per,14.0
1773402054,live555,chatafl,2,b_abs,2586
1773402055,live555,chatafl,2,l_per,23.1
1773402055,live555,chatafl,2,l_abs,5512
1773402055,live555,chatafl,2,b_per,14.0
1773402055,live555,chatafl,2,b_abs,2586
1773402056,live555,chatafl,2,l_per,23.1
1773402056,live555,chatafl,2,l_abs,5512
1773402056,live555,chatafl,2,b_per,14.0
1773402056,live555,chatafl,2,b_abs,2586
1773402056,live555,chatafl,2,l_per,23.1
1773402056,live555,chatafl,2,l_abs,5512
1773402056,live555,chatafl,2,b_per,14.0
1773402056,live555,chatafl,2,b_abs,2586
1773402057,live555,chatafl,2,l_per,23.1
1773402057,live555,chatafl,2,l_abs,5512
1773402057,live555,chatafl,2,b_per,14.0
1773402057,live555,chatafl,2,b_abs,2586
1773402058,live555,chatafl,2,l_per,23.1
1773402058,live555,chatafl,2,l_abs,5512
1773402058,live555,chatafl,2,b_per,14.0
1773402058,live555,chatafl,2,b_abs,2586
1773402058,live555,chatafl,2,l_per,23.1
1773402058,live555,chatafl,2,l_abs,5512
1773402058,live555,chatafl,2,b_per,14.0
1773402058,live555,chatafl,2,b_abs,2586
1773402059,live555,chatafl,2,l_per,23.1
1773402059,live555,chatafl,2,l_abs,5512
1773402059,live555,chatafl,2,b_per,14.0
1773402059,live555,chatafl,2,b_abs,2586
1773402060,live555,chatafl,2,l_per,23.1
1773402060,live555,chatafl,2,l_abs,5512
1773402060,live555,chatafl,2,b_per,14.0
1773402060,live555,chatafl,2,b_abs,2586
1773402061,live555,chatafl,2,l_per,23.1
1773402061,live555,chatafl,2,l_abs,5512
1773402061,live555,chatafl,2,b_per,14.0
1773402061,live555,chatafl,2,b_abs,2586
1773402062,live555,chatafl,2,l_per,23.1
1773402062,live555,chatafl,2,l_abs,5512
1773402062,live555,chatafl,2,b_per,14.0
1773402062,live555,chatafl,2,b_abs,2586
1773402063,live555,chatafl,2,l_per,23.1
1773402063,live555,chatafl,2,l_abs,5512
1773402063,live555,chatafl,2,b_per,14.0
1773402063,live555,chatafl,2,b_abs,2586
1773402064,live555,chatafl,2,l_per,23.1
1773402064,live555,chatafl,2,l_abs,5512
1773402064,live555,chatafl,2,b_per,14.0
1773402064,live555,chatafl,2,b_abs,2586
1773402064,live555,chatafl,2,l_per,23.1
1773402064,live555,chatafl,2,l_abs,5512
1773402064,live555,chatafl,2,b_per,14.0
1773402064,live555,chatafl,2,b_abs,2586
1773402065,live555,chatafl,2,l_per,23.1
1773402065,live555,chatafl,2,l_abs,5512
1773402065,live555,chatafl,2,b_per,14.0
1773402065,live555,chatafl,2,b_abs,2586
1773402066,live555,chatafl,2,l_per,23.1
1773402066,live555,chatafl,2,l_abs,5512
1773402066,live555,chatafl,2,b_per,14.0
1773402066,live555,chatafl,2,b_abs,2586
1773402067,live555,chatafl,2,l_per,23.1
1773402067,live555,chatafl,2,l_abs,5512
1773402067,live555,chatafl,2,b_per,14.0
1773402067,live555,chatafl,2,b_abs,2586
1773402068,live555,chatafl,2,l_per,23.1
1773402068,live555,chatafl,2,l_abs,5512
1773402068,live555,chatafl,2,b_per,14.0
1773402068,live555,chatafl,2,b_abs,2586
1773402069,live555,chatafl,2,l_per,23.1
1773402069,live555,chatafl,2,l_abs,5512
1773402069,live555,chatafl,2,b_per,14.0
1773402069,live555,chatafl,2,b_abs,2586
1773402070,live555,chatafl,2,l_per,23.1
1773402070,live555,chatafl,2,l_abs,5512
1773402070,live555,chatafl,2,b_per,14.0
1773402070,live555,chatafl,2,b_abs,2586
1773402071,live555,chatafl,2,l_per,23.1
1773402071,live555,chatafl,2,l_abs,5512
1773402071,live555,chatafl,2,b_per,14.0
1773402071,live555,chatafl,2,b_abs,2586
1773402072,live555,chatafl,2,l_per,23.1
1773402072,live555,chatafl,2,l_abs,5512
1773402072,live555,chatafl,2,b_per,14.0
1773402072,live555,chatafl,2,b_abs,2586
1773402072,live555,chatafl,2,l_per,23.1
1773402072,live555,chatafl,2,l_abs,5512
1773402072,live555,chatafl,2,b_per,14.0
1773402072,live555,chatafl,2,b_abs,2586
1773402073,live555,chatafl,2,l_per,23.1
1773402073,live555,chatafl,2,l_abs,5512
1773402073,live555,chatafl,2,b_per,14.0
1773402073,live555,chatafl,2,b_abs,2586
1773402074,live555,chatafl,2,l_per,23.1
1773402074,live555,chatafl,2,l_abs,5512
1773402074,live555,chatafl,2,b_per,14.0
1773402074,live555,chatafl,2,b_abs,2586
1773402075,live555,chatafl,2,l_per,23.1
1773402075,live555,chatafl,2,l_abs,5512
1773402075,live555,chatafl,2,b_per,14.0
1773402075,live555,chatafl,2,b_abs,2586
1773402076,live555,chatafl,2,l_per,23.1
1773402076,live555,chatafl,2,l_abs,5512
1773402076,live555,chatafl,2,b_per,14.0
1773402076,live555,chatafl,2,b_abs,2586
1773402077,live555,chatafl,2,l_per,23.1
1773402077,live555,chatafl,2,l_abs,5512
1773402077,live555,chatafl,2,b_per,14.0
1773402077,live555,chatafl,2,b_abs,2586
1773402077,live555,chatafl,2,l_per,23.1
1773402077,live555,chatafl,2,l_abs,5512
1773402077,live555,chatafl,2,b_per,14.0
1773402077,live555,chatafl,2,b_abs,2586
1773402078,live555,chatafl,2,l_per,23.1
1773402078,live555,chatafl,2,l_abs,5512
1773402078,live555,chatafl,2,b_per,14.0
1773402078,live555,chatafl,2,b_abs,2586
1773402079,live555,chatafl,2,l_per,23.1
1773402079,live555,chatafl,2,l_abs,5512
1773402079,live555,chatafl,2,b_per,14.0
1773402079,live555,chatafl,2,b_abs,2586
1773402080,live555,chatafl,2,l_per,23.1
1773402080,live555,chatafl,2,l_abs,5512
1773402080,live555,chatafl,2,b_per,14.0
1773402080,live555,chatafl,2,b_abs,2586
1773402080,live555,chatafl,2,l_per,23.1
1773402080,live555,chatafl,2,l_abs,5512
1773402080,live555,chatafl,2,b_per,14.0
1773402080,live555,chatafl,2,b_abs,2586
1773402081,live555,chatafl,2,l_per,23.1
1773402081,live555,chatafl,2,l_abs,5512
1773402081,live555,chatafl,2,b_per,14.0
1773402081,live555,chatafl,2,b_abs,2586
1773402082,live555,chatafl,2,l_per,23.1
1773402082,live555,chatafl,2,l_abs,5512
1773402082,live555,chatafl,2,b_per,14.0
1773402082,live555,chatafl,2,b_abs,2586
1773402082,live555,chatafl,2,l_per,23.1
1773402082,live555,chatafl,2,l_abs,5512
1773402082,live555,chatafl,2,b_per,14.0
1773402082,live555,chatafl,2,b_abs,2586
1773402083,live555,chatafl,2,l_per,23.1
1773402083,live555,chatafl,2,l_abs,5512
1773402083,live555,chatafl,2,b_per,14.0
1773402083,live555,chatafl,2,b_abs,2586
1773402084,live555,chatafl,2,l_per,23.1
1773402084,live555,chatafl,2,l_abs,5512
1773402084,live555,chatafl,2,b_per,14.0
1773402084,live555,chatafl,2,b_abs,2586
1773402085,live555,chatafl,2,l_per,23.1
1773402085,live555,chatafl,2,l_abs,5512
1773402085,live555,chatafl,2,b_per,14.0
1773402085,live555,chatafl,2,b_abs,2586
1773402086,live555,chatafl,2,l_per,23.1
1773402086,live555,chatafl,2,l_abs,5512
1773402086,live555,chatafl,2,b_per,14.0
1773402086,live555,chatafl,2,b_abs,2586
1773402087,live555,chatafl,2,l_per,23.1
1773402087,live555,chatafl,2,l_abs,5512
1773402087,live555,chatafl,2,b_per,14.0
1773402087,live555,chatafl,2,b_abs,2586
1773402088,live555,chatafl,2,l_per,23.1
1773402088,live555,chatafl,2,l_abs,5512
1773402088,live555,chatafl,2,b_per,14.0
1773402088,live555,chatafl,2,b_abs,2586
1773402089,live555,chatafl,2,l_per,23.1
1773402089,live555,chatafl,2,l_abs,5512
1773402089,live555,chatafl,2,b_per,14.0
1773402089,live555,chatafl,2,b_abs,2586
1773402090,live555,chatafl,2,l_per,23.1
1773402090,live555,chatafl,2,l_abs,5512
1773402090,live555,chatafl,2,b_per,14.0
1773402090,live555,chatafl,2,b_abs,2586
1773402091,live555,chatafl,2,l_per,23.1
1773402091,live555,chatafl,2,l_abs,5512
1773402091,live555,chatafl,2,b_per,14.0
1773402091,live555,chatafl,2,b_abs,2586
1773402091,live555,chatafl,2,l_per,23.1
1773402091,live555,chatafl,2,l_abs,5512
1773402091,live555,chatafl,2,b_per,14.0
1773402091,live555,chatafl,2,b_abs,2586
1773402092,live555,chatafl,2,l_per,23.1
1773402092,live555,chatafl,2,l_abs,5512
1773402092,live555,chatafl,2,b_per,14.0
1773402092,live555,chatafl,2,b_abs,2586
1773402093,live555,chatafl,2,l_per,23.1
1773402093,live555,chatafl,2,l_abs,5512
1773402093,live555,chatafl,2,b_per,14.0
1773402093,live555,chatafl,2,b_abs,2586
1773402094,live555,chatafl,2,l_per,23.1
1773402094,live555,chatafl,2,l_abs,5512
1773402094,live555,chatafl,2,b_per,14.0
1773402094,live555,chatafl,2,b_abs,2589
1773402095,live555,chatafl,2,l_per,23.1
1773402095,live555,chatafl,2,l_abs,5512
1773402095,live555,chatafl,2,b_per,14.0
1773402095,live555,chatafl,2,b_abs,2589
1773402096,live555,chatafl,2,l_per,23.2
1773402096,live555,chatafl,2,l_abs,5527
1773402096,live555,chatafl,2,b_per,14.0
1773402096,live555,chatafl,2,b_abs,2595
1773402097,live555,chatafl,2,l_per,23.2
1773402097,live555,chatafl,2,l_abs,5527
1773402097,live555,chatafl,2,b_per,14.0
1773402097,live555,chatafl,2,b_abs,2595
1773402098,live555,chatafl,2,l_per,23.2
1773402098,live555,chatafl,2,l_abs,5527
1773402098,live555,chatafl,2,b_per,14.0
1773402098,live555,chatafl,2,b_abs,2595
1773402100,live555,chatafl,2,l_per,23.2
1773402100,live555,chatafl,2,l_abs,5527
1773402100,live555,chatafl,2,b_per,14.0
1773402100,live555,chatafl,2,b_abs,2595
1773402101,live555,chatafl,2,l_per,23.2
1773402101,live555,chatafl,2,l_abs,5527
1773402101,live555,chatafl,2,b_per,14.0
1773402101,live555,chatafl,2,b_abs,2595
1773402102,live555,chatafl,2,l_per,23.2
1773402102,live555,chatafl,2,l_abs,5527
1773402102,live555,chatafl,2,b_per,14.0
1773402102,live555,chatafl,2,b_abs,2595
1773402103,live555,chatafl,2,l_per,23.2
1773402103,live555,chatafl,2,l_abs,5527
1773402103,live555,chatafl,2,b_per,14.0
1773402103,live555,chatafl,2,b_abs,2595
1773402104,live555,chatafl,2,l_per,23.2
1773402104,live555,chatafl,2,l_abs,5527
1773402104,live555,chatafl,2,b_per,14.0
1773402104,live555,chatafl,2,b_abs,2595
1773402104,live555,chatafl,2,l_per,23.2
1773402104,live555,chatafl,2,l_abs,5527
1773402104,live555,chatafl,2,b_per,14.0
1773402104,live555,chatafl,2,b_abs,2595
1773402105,live555,chatafl,2,l_per,23.2
1773402105,live555,chatafl,2,l_abs,5527
1773402105,live555,chatafl,2,b_per,14.0
1773402105,live555,chatafl,2,b_abs,2595
1773402106,live555,chatafl,2,l_per,23.2
1773402106,live555,chatafl,2,l_abs,5527
1773402106,live555,chatafl,2,b_per,14.0
1773402106,live555,chatafl,2,b_abs,2595
1773402107,live555,chatafl,2,l_per,23.2
1773402107,live555,chatafl,2,l_abs,5527
1773402107,live555,chatafl,2,b_per,14.0
1773402107,live555,chatafl,2,b_abs,2595
1773402107,live555,chatafl,2,l_per,23.2
1773402107,live555,chatafl,2,l_abs,5527
1773402107,live555,chatafl,2,b_per,14.0
1773402107,live555,chatafl,2,b_abs,2595
1773402108,live555,chatafl,2,l_per,23.2
1773402108,live555,chatafl,2,l_abs,5527
1773402108,live555,chatafl,2,b_per,14.0
1773402108,live555,chatafl,2,b_abs,2595
1773402109,live555,chatafl,2,l_per,23.2
1773402109,live555,chatafl,2,l_abs,5527
1773402109,live555,chatafl,2,b_per,14.0
1773402109,live555,chatafl,2,b_abs,2595
1773402110,live555,chatafl,2,l_per,23.2
1773402110,live555,chatafl,2,l_abs,5527
1773402110,live555,chatafl,2,b_per,14.0
1773402110,live555,chatafl,2,b_abs,2595
1773402111,live555,chatafl,2,l_per,23.2
1773402111,live555,chatafl,2,l_abs,5527
1773402111,live555,chatafl,2,b_per,14.0
1773402111,live555,chatafl,2,b_abs,2595
1773402111,live555,chatafl,2,l_per,23.2
1773402111,live555,chatafl,2,l_abs,5527
1773402111,live555,chatafl,2,b_per,14.0
1773402111,live555,chatafl,2,b_abs,2595
1773402112,live555,chatafl,2,l_per,23.2
1773402112,live555,chatafl,2,l_abs,5527
1773402112,live555,chatafl,2,b_per,14.0
1773402112,live555,chatafl,2,b_abs,2595
1773402113,live555,chatafl,2,l_per,23.2
1773402113,live555,chatafl,2,l_abs,5527
1773402113,live555,chatafl,2,b_per,14.0
1773402113,live555,chatafl,2,b_abs,2595
1773402113,live555,chatafl,2,l_per,23.2
1773402113,live555,chatafl,2,l_abs,5527
1773402113,live555,chatafl,2,b_per,14.0
1773402113,live555,chatafl,2,b_abs,2595
1773402114,live555,chatafl,2,l_per,23.2
1773402114,live555,chatafl,2,l_abs,5527
1773402114,live555,chatafl,2,b_per,14.0
1773402114,live555,chatafl,2,b_abs,2595
1773402115,live555,chatafl,2,l_per,23.2
1773402115,live555,chatafl,2,l_abs,5527
1773402115,live555,chatafl,2,b_per,14.0
1773402115,live555,chatafl,2,b_abs,2595
1773402116,live555,chatafl,2,l_per,23.2
1773402116,live555,chatafl,2,l_abs,5527
1773402116,live555,chatafl,2,b_per,14.0
1773402116,live555,chatafl,2,b_abs,2595
1773402116,live555,chatafl,2,l_per,23.2
1773402116,live555,chatafl,2,l_abs,5527
1773402116,live555,chatafl,2,b_per,14.0
1773402116,live555,chatafl,2,b_abs,2595
1773402117,live555,chatafl,2,l_per,23.2
1773402117,live555,chatafl,2,l_abs,5527
1773402117,live555,chatafl,2,b_per,14.0
1773402117,live555,chatafl,2,b_abs,2595
1773402118,live555,chatafl,2,l_per,23.2
1773402118,live555,chatafl,2,l_abs,5527
1773402118,live555,chatafl,2,b_per,14.0
1773402118,live555,chatafl,2,b_abs,2595
1773402119,live555,chatafl,2,l_per,23.2
1773402119,live555,chatafl,2,l_abs,5527
1773402119,live555,chatafl,2,b_per,14.0
1773402119,live555,chatafl,2,b_abs,2595
1773402120,live555,chatafl,2,l_per,23.2
1773402120,live555,chatafl,2,l_abs,5527
1773402120,live555,chatafl,2,b_per,14.0
1773402120,live555,chatafl,2,b_abs,2595
1773402120,live555,chatafl,2,l_per,23.2
1773402120,live555,chatafl,2,l_abs,5527
1773402120,live555,chatafl,2,b_per,14.0
1773402120,live555,chatafl,2,b_abs,2595
1773402121,live555,chatafl,2,l_per,23.2
1773402121,live555,chatafl,2,l_abs,5527
1773402121,live555,chatafl,2,b_per,14.0
1773402121,live555,chatafl,2,b_abs,2595
1773402122,live555,chatafl,2,l_per,23.2
1773402122,live555,chatafl,2,l_abs,5527
1773402122,live555,chatafl,2,b_per,14.0
1773402122,live555,chatafl,2,b_abs,2595
1773402123,live555,chatafl,2,l_per,23.2
1773402123,live555,chatafl,2,l_abs,5527
1773402123,live555,chatafl,2,b_per,14.0
1773402123,live555,chatafl,2,b_abs,2595
1773402124,live555,chatafl,2,l_per,23.2
1773402124,live555,chatafl,2,l_abs,5527
1773402124,live555,chatafl,2,b_per,14.0
1773402124,live555,chatafl,2,b_abs,2595
1773402124,live555,chatafl,2,l_per,23.2
1773402124,live555,chatafl,2,l_abs,5527
1773402124,live555,chatafl,2,b_per,14.0
1773402124,live555,chatafl,2,b_abs,2595
1773402125,live555,chatafl,2,l_per,23.2
1773402125,live555,chatafl,2,l_abs,5527
1773402125,live555,chatafl,2,b_per,14.0
1773402125,live555,chatafl,2,b_abs,2595
1773402126,live555,chatafl,2,l_per,23.2
1773402126,live555,chatafl,2,l_abs,5527
1773402126,live555,chatafl,2,b_per,14.0
1773402126,live555,chatafl,2,b_abs,2595
1773402127,live555,chatafl,2,l_per,23.2
1773402127,live555,chatafl,2,l_abs,5527
1773402127,live555,chatafl,2,b_per,14.0
1773402127,live555,chatafl,2,b_abs,2595
1773402127,live555,chatafl,2,l_per,23.2
1773402127,live555,chatafl,2,l_abs,5527
1773402127,live555,chatafl,2,b_per,14.0
1773402127,live555,chatafl,2,b_abs,2595
1773402128,live555,chatafl,2,l_per,23.2
1773402128,live555,chatafl,2,l_abs,5527
1773402128,live555,chatafl,2,b_per,14.0
1773402128,live555,chatafl,2,b_abs,2595
1773402129,live555,chatafl,2,l_per,23.2
1773402129,live555,chatafl,2,l_abs,5527
1773402129,live555,chatafl,2,b_per,14.0
1773402129,live555,chatafl,2,b_abs,2595
1773402130,live555,chatafl,2,l_per,23.2
1773402130,live555,chatafl,2,l_abs,5527
1773402130,live555,chatafl,2,b_per,14.0
1773402130,live555,chatafl,2,b_abs,2595
1773402130,live555,chatafl,2,l_per,23.2
1773402130,live555,chatafl,2,l_abs,5527
1773402130,live555,chatafl,2,b_per,14.0
1773402130,live555,chatafl,2,b_abs,2595
1773402131,live555,chatafl,2,l_per,23.2
1773402131,live555,chatafl,2,l_abs,5527
1773402131,live555,chatafl,2,b_per,14.0
1773402131,live555,chatafl,2,b_abs,2595
1773402132,live555,chatafl,2,l_per,23.2
1773402132,live555,chatafl,2,l_abs,5527
1773402132,live555,chatafl,2,b_per,14.0
1773402132,live555,chatafl,2,b_abs,2595
1773402133,live555,chatafl,2,l_per,23.2
1773402133,live555,chatafl,2,l_abs,5527
1773402133,live555,chatafl,2,b_per,14.0
1773402133,live555,chatafl,2,b_abs,2595
1773402133,live555,chatafl,2,l_per,23.2
1773402133,live555,chatafl,2,l_abs,5527
1773402133,live555,chatafl,2,b_per,14.0
1773402133,live555,chatafl,2,b_abs,2595
1773402134,live555,chatafl,2,l_per,23.2
1773402134,live555,chatafl,2,l_abs,5527
1773402134,live555,chatafl,2,b_per,14.0
1773402134,live555,chatafl,2,b_abs,2595
1773402135,live555,chatafl,2,l_per,23.2
1773402135,live555,chatafl,2,l_abs,5527
1773402135,live555,chatafl,2,b_per,14.0
1773402135,live555,chatafl,2,b_abs,2595
1773402136,live555,chatafl,2,l_per,23.2
1773402136,live555,chatafl,2,l_abs,5527
1773402136,live555,chatafl,2,b_per,14.0
1773402136,live555,chatafl,2,b_abs,2595
1773402137,live555,chatafl,2,l_per,23.2
1773402137,live555,chatafl,2,l_abs,5527
1773402137,live555,chatafl,2,b_per,14.0
1773402137,live555,chatafl,2,b_abs,2595
1773402138,live555,chatafl,2,l_per,23.2
1773402138,live555,chatafl,2,l_abs,5527
1773402138,live555,chatafl,2,b_per,14.0
1773402138,live555,chatafl,2,b_abs,2595
1773402139,live555,chatafl,2,l_per,23.2
1773402139,live555,chatafl,2,l_abs,5527
1773402139,live555,chatafl,2,b_per,14.0
1773402139,live555,chatafl,2,b_abs,2595
1773402140,live555,chatafl,2,l_per,23.2
1773402140,live555,chatafl,2,l_abs,5527
1773402140,live555,chatafl,2,b_per,14.0
1773402140,live555,chatafl,2,b_abs,2595
1773402141,live555,chatafl,2,l_per,23.2
1773402141,live555,chatafl,2,l_abs,5527
1773402141,live555,chatafl,2,b_per,14.0
1773402141,live555,chatafl,2,b_abs,2595
1773402141,live555,chatafl,2,l_per,23.2
1773402141,live555,chatafl,2,l_abs,5527
1773402141,live555,chatafl,2,b_per,14.0
1773402141,live555,chatafl,2,b_abs,2595
1773402142,live555,chatafl,2,l_per,23.2
1773402142,live555,chatafl,2,l_abs,5527
1773402142,live555,chatafl,2,b_per,14.0
1773402142,live555,chatafl,2,b_abs,2595
1773402143,live555,chatafl,2,l_per,23.2
1773402143,live555,chatafl,2,l_abs,5527
1773402143,live555,chatafl,2,b_per,14.0
1773402143,live555,chatafl,2,b_abs,2595
1773402144,live555,chatafl,2,l_per,23.2
1773402144,live555,chatafl,2,l_abs,5527
1773402144,live555,chatafl,2,b_per,14.0
1773402144,live555,chatafl,2,b_abs,2595
1773402145,live555,chatafl,2,l_per,23.2
1773402145,live555,chatafl,2,l_abs,5527
1773402145,live555,chatafl,2,b_per,14.0
1773402145,live555,chatafl,2,b_abs,2595
1773402145,live555,chatafl,2,l_per,23.2
1773402145,live555,chatafl,2,l_abs,5527
1773402145,live555,chatafl,2,b_per,14.0
1773402145,live555,chatafl,2,b_abs,2595
1773402146,live555,chatafl,2,l_per,23.2
1773402146,live555,chatafl,2,l_abs,5527
1773402146,live555,chatafl,2,b_per,14.0
1773402146,live555,chatafl,2,b_abs,2595
1773402147,live555,chatafl,2,l_per,23.2
1773402147,live555,chatafl,2,l_abs,5527
1773402147,live555,chatafl,2,b_per,14.0
1773402147,live555,chatafl,2,b_abs,2595
1773402147,live555,chatafl,2,l_per,23.2
1773402147,live555,chatafl,2,l_abs,5527
1773402147,live555,chatafl,2,b_per,14.0
1773402147,live555,chatafl,2,b_abs,2595
1773402148,live555,chatafl,2,l_per,23.2
1773402148,live555,chatafl,2,l_abs,5527
1773402148,live555,chatafl,2,b_per,14.0
1773402148,live555,chatafl,2,b_abs,2595
1773402149,live555,chatafl,2,l_per,23.2
1773402149,live555,chatafl,2,l_abs,5527
1773402149,live555,chatafl,2,b_per,14.0
1773402149,live555,chatafl,2,b_abs,2595
1773402150,live555,chatafl,2,l_per,23.2
1773402150,live555,chatafl,2,l_abs,5527
1773402150,live555,chatafl,2,b_per,14.0
1773402150,live555,chatafl,2,b_abs,2595
1773402151,live555,chatafl,2,l_per,23.2
1773402151,live555,chatafl,2,l_abs,5527
1773402151,live555,chatafl,2,b_per,14.0
1773402151,live555,chatafl,2,b_abs,2595
1773402152,live555,chatafl,2,l_per,23.2
1773402152,live555,chatafl,2,l_abs,5527
1773402152,live555,chatafl,2,b_per,14.0
1773402152,live555,chatafl,2,b_abs,2595
1773402152,live555,chatafl,2,l_per,23.2
1773402152,live555,chatafl,2,l_abs,5527
1773402152,live555,chatafl,2,b_per,14.0
1773402152,live555,chatafl,2,b_abs,2595
1773402152,live555,chatafl,2,l_per,23.2
1773402152,live555,chatafl,2,l_abs,5527
1773402152,live555,chatafl,2,b_per,14.0
1773402152,live555,chatafl,2,b_abs,2595
1773402153,live555,chatafl,2,l_per,23.2
1773402153,live555,chatafl,2,l_abs,5527
1773402153,live555,chatafl,2,b_per,14.0
1773402153,live555,chatafl,2,b_abs,2595
1773402153,live555,chatafl,2,l_per,23.2
1773402153,live555,chatafl,2,l_abs,5527
1773402153,live555,chatafl,2,b_per,14.0
1773402153,live555,chatafl,2,b_abs,2595
1773402153,live555,chatafl,2,l_per,23.2
1773402153,live555,chatafl,2,l_abs,5527
1773402153,live555,chatafl,2,b_per,14.0
1773402153,live555,chatafl,2,b_abs,2595
1773402154,live555,chatafl,2,l_per,23.2
1773402154,live555,chatafl,2,l_abs,5527
1773402154,live555,chatafl,2,b_per,14.0
1773402154,live555,chatafl,2,b_abs,2595
1773402154,live555,chatafl,2,l_per,23.2
1773402154,live555,chatafl,2,l_abs,5527
1773402154,live555,chatafl,2,b_per,14.0
1773402154,live555,chatafl,2,b_abs,2595
1773401821,live555,chatafl,2,l_per,23.2
1773401821,live555,chatafl,2,l_abs,5527
1773401821,live555,chatafl,2,b_per,14.0
1773401821,live555,chatafl,2,b_abs,2595
1773401921,live555,chatafl,2,l_per,23.2
1773401921,live555,chatafl,2,l_abs,5527
1773401921,live555,chatafl,2,b_per,14.0
1773401921,live555,chatafl,2,b_abs,2595
1773401966,live555,chatafl,2,l_per,23.2
1773401966,live555,chatafl,2,l_abs,5527
1773401966,live555,chatafl,2,b_per,14.0
1773401966,live555,chatafl,2,b_abs,2595
1773402016,live555,chatafl,2,l_per,23.2
1773402016,live555,chatafl,2,l_abs,5527
1773402016,live555,chatafl,2,b_per,14.0
1773402016,live555,chatafl,2,b_abs,2595
1773402064,live555,chatafl,2,l_per,23.2
1773402064,live555,chatafl,2,l_abs,5527
1773402064,live555,chatafl,2,b_per,14.0
1773402064,live555,chatafl,2,b_abs,2595
1773402098,live555,chatafl,2,l_per,23.2
1773402098,live555,chatafl,2,l_abs,5527
1773402098,live555,chatafl,2,b_per,14.0
1773402098,live555,chatafl,2,b_abs,2595
1773402130,live555,chatafl,2,l_per,23.2
1773402130,live555,chatafl,2,l_abs,5527
1773402130,live555,chatafl,2,b_per,14.0
1773402130,live555,chatafl,2,b_abs,2596
1773402163,live555,chatafl,2,l_per,23.2
1773402163,live555,chatafl,2,l_abs,5528
1773402163,live555,chatafl,2,b_per,14.0
1773402163,live555,chatafl,2,b_abs,2602
1773402230,live555,chatafl,2,l_per,23.3
1773402230,live555,chatafl,2,l_abs,5548
1773402230,live555,chatafl,2,b_per,14.2
1773402230,live555,chatafl,2,b_abs,2635
1773402308,live555,chatafl,2,l_per,23.3
1773402308,live555,chatafl,2,l_abs,5553
1773402308,live555,chatafl,2,b_per,14.3
1773402308,live555,chatafl,2,b_abs,2646
1773402426,live555,chatafl,2,l_per,23.4
1773402426,live555,chatafl,2,l_abs,5590
1773402426,live555,chatafl,2,b_per,14.6
1773402426,live555,chatafl,2,b_abs,2699
1773402572,live555,chatafl,2,l_per,23.4
1773402572,live555,chatafl,2,l_abs,5594
1773402572,live555,chatafl,2,b_per,14.6
1773402572,live555,chatafl,2,b_abs,2705
1773402726,live555,chatafl,2,l_per,23.6
1773402726,live555,chatafl,2,l_abs,5631
1773402726,live555,chatafl,2,b_per,14.8
1773402726,live555,chatafl,2,b_abs,2738
1773402879,live555,chatafl,2,l_per,23.6
1773402879,live555,chatafl,2,l_abs,5632
1773402879,live555,chatafl,2,b_per,14.8
1773402879,live555,chatafl,2,b_abs,2744
1773403097,live555,chatafl,2,l_per,24.0
1773403097,live555,chatafl,2,l_abs,5720
1773403097,live555,chatafl,2,b_per,15.0
1773403097,live555,chatafl,2,b_abs,2782
1773403343,live555,chatafl,2,l_per,24.0
1773403343,live555,chatafl,2,l_abs,5736
1773403343,live555,chatafl,2,b_per,15.1
1773403343,live555,chatafl,2,b_abs,2793
1773403710,live555,chatafl,2,l_per,24.1
1773403710,live555,chatafl,2,l_abs,5761
1773403710,live555,chatafl,2,b_per,15.2
1773403710,live555,chatafl,2,b_abs,2820
1773404098,live555,chatafl,2,l_per,24.1
1773404098,live555,chatafl,2,l_abs,5763
1773404098,live555,chatafl,2,b_per,15.2
1773404098,live555,chatafl,2,b_abs,2822
1773404608,live555,chatafl,2,l_per,24.2
1773404608,live555,chatafl,2,l_abs,5768
1773404608,live555,chatafl,2,b_per,15.3
1773404608,live555,chatafl,2,b_abs,2836
1773405200,live555,chatafl,2,l_per,24.2
1773405200,live555,chatafl,2,l_abs,5770
1773405200,live555,chatafl,2,b_per,15.3
1773405200,live555,chatafl,2,b_abs,2842
1773405676,live555,chatafl,2,l_per,24.2
1773405676,live555,chatafl,2,l_abs,5773
1773405676,live555,chatafl,2,b_per,15.4
1773405676,live555,chatafl,2,b_abs,2845
1773406464,live555,chatafl,2,l_per,24.2
1773406464,live555,chatafl,2,l_abs,5773
1773406464,live555,chatafl,2,b_per,15.4
1773406464,live555,chatafl,2,b_abs,2845
1773407450,live555,chatafl,2,l_per,24.2
1773407450,live555,chatafl,2,l_abs,5782
1773407450,live555,chatafl,2,b_per,15.4
1773407450,live555,chatafl,2,b_abs,2854
1773408432,live555,chatafl,2,l_per,24.2
1773408432,live555,chatafl,2,l_abs,5783
1773408432,live555,chatafl,2,b_per,15.4
1773408432,live555,chatafl,2,b_abs,2855
1773409171,live555,chatafl,2,l_per,24.2
1773409171,live555,chatafl,2,l_abs,5785
1773409171,live555,chatafl,2,b_per,15.4
1773409171,live555,chatafl,2,b_abs,2859
1773410273,live555,chatafl,2,l_per,24.2
1773410273,live555,chatafl,2,l_abs,5785
1773410273,live555,chatafl,2,b_per,15.4
1773410273,live555,chatafl,2,b_abs,2860
1773412158,live555,chatafl,2,l_per,24.2
1773412158,live555,chatafl,2,l_abs,5785
1773412158,live555,chatafl,2,b_per,15.5
1773412158,live555,chatafl,2,b_abs,2863
1773414619,live555,chatafl,2,l_per,24.3
1773414619,live555,chatafl,2,l_abs,5789
1773414619,live555,chatafl,2,b_per,15.5
1773414619,live555,chatafl,2,b_abs,2866
1773417014,live555,chatafl,2,l_per,24.3
1773417014,live555,chatafl,2,l_abs,5793
1773417014,live555,chatafl,2,b_per,15.5
1773417014,live555,chatafl,2,b_abs,2872
1773419288,live555,chatafl,2,l_per,24.3
1773419288,live555,chatafl,2,l_abs,5793
1773419288,live555,chatafl,2,b_per,15.5
1773419288,live555,chatafl,2,b_abs,2874
1773422508,live555,chatafl,2,l_per,24.3
1773422508,live555,chatafl,2,l_abs,5793
1773422508,live555,chatafl,2,b_per,15.5
1773422508,live555,chatafl,2,b_abs,2874
1773425045,live555,chatafl,2,l_per,24.3
1773425045,live555,chatafl,2,l_abs,5793
1773425045,live555,chatafl,2,b_per,15.5
1773425045,live555,chatafl,2,b_abs,2874
1773428457,live555,chatafl,2,l_per,24.3
1773428457,live555,chatafl,2,l_abs,5793
1773428457,live555,chatafl,2,b_per,15.5
1773428457,live555,chatafl,2,b_abs,2874
1773432051,live555,chatafl,2,l_per,24.3
1773432051,live555,chatafl,2,l_abs,5793
1773432051,live555,chatafl,2,b_per,15.5
1773432051,live555,chatafl,2,b_abs,2877
1773438751,live555,chatafl,2,l_per,24.3
1773438751,live555,chatafl,2,l_abs,5796
1773438751,live555,chatafl,2,b_per,15.6
1773438751,live555,chatafl,2,b_abs,2883
1773446025,live555,chatafl,2,l_per,24.3
1773446025,live555,chatafl,2,l_abs,5796
1773446025,live555,chatafl,2,b_per,15.6
1773446025,live555,chatafl,2,b_abs,2883
1773460615,live555,chatafl,2,l_per,24.3
1773460615,live555,chatafl,2,l_abs,5796
1773460615,live555,chatafl,2,b_per,15.6
1773460615,live555,chatafl,2,b_abs,2886
1773473725,live555,chatafl,2,l_per,24.3
1773473725,live555,chatafl,2,l_abs,5803
1773473725,live555,chatafl,2,b_per,15.6
1773473725,live555,chatafl,2,b_abs,2892
1773486112,live555,chatafl,2,l_per,24.3
1773486112,live555,chatafl,2,l_abs,5805
1773486112,live555,chatafl,2,b_per,15.6
1773486112,live555,chatafl,2,b_abs,2896
1773400229,live555,chatafl,3,l_per,13.2
1773400229,live555,chatafl,3,l_abs,3124
1773400229,live555,chatafl,3,b_per,7.8
1773400229,live555,chatafl,3,b_abs,1452
1773400234,live555,chatafl,3,l_per,16.3
1773400234,live555,chatafl,3,l_abs,3866
1773400234,live555,chatafl,3,b_per,9.7
1773400234,live555,chatafl,3,b_abs,1795
1773400238,live555,chatafl,3,l_per,18.4
1773400238,live555,chatafl,3,l_abs,4390
1773400238,live555,chatafl,3,b_per,10.9
1773400238,live555,chatafl,3,b_abs,2016
1773400239,live555,chatafl,3,l_per,20.2
1773400239,live555,chatafl,3,l_abs,4802
1773400239,live555,chatafl,3,b_per,11.7
1773400239,live555,chatafl,3,b_abs,2171
1773400243,live555,chatafl,3,l_per,21.0
1773400243,live555,chatafl,3,l_abs,5008
1773400243,live555,chatafl,3,b_per,12.4
1773400243,live555,chatafl,3,b_abs,2300
1773400248,live555,chatafl,3,l_per,21.7
1773400248,live555,chatafl,3,l_abs,5172
1773400248,live555,chatafl,3,b_per,12.8
1773400248,live555,chatafl,3,b_abs,2379
1773400249,live555,chatafl,3,l_per,21.9
1773400249,live555,chatafl,3,l_abs,5227
1773400249,live555,chatafl,3,b_per,13.0
1773400249,live555,chatafl,3,b_abs,2406
1773400250,live555,chatafl,3,l_per,21.9
1773400250,live555,chatafl,3,l_abs,5227
1773400250,live555,chatafl,3,b_per,13.0
1773400250,live555,chatafl,3,b_abs,2410
1773400251,live555,chatafl,3,l_per,22.6
1773400251,live555,chatafl,3,l_abs,5389
1773400251,live555,chatafl,3,b_per,13.4
1773400251,live555,chatafl,3,b_abs,2488
1773400252,live555,chatafl,3,l_per,22.6
1773400252,live555,chatafl,3,l_abs,5394
1773400252,live555,chatafl,3,b_per,13.4
1773400252,live555,chatafl,3,b_abs,2490
1773400253,live555,chatafl,3,l_per,22.6
1773400253,live555,chatafl,3,l_abs,5399
1773400253,live555,chatafl,3,b_per,13.5
1773400253,live555,chatafl,3,b_abs,2495
1773400256,live555,chatafl,3,l_per,22.6
1773400256,live555,chatafl,3,l_abs,5401
1773400256,live555,chatafl,3,b_per,13.5
1773400256,live555,chatafl,3,b_abs,2497
1773400260,live555,chatafl,3,l_per,22.7
1773400260,live555,chatafl,3,l_abs,5405
1773400260,live555,chatafl,3,b_per,13.5
1773400260,live555,chatafl,3,b_abs,2499
1773400261,live555,chatafl,3,l_per,22.7
1773400261,live555,chatafl,3,l_abs,5409
1773400261,live555,chatafl,3,b_per,13.5
1773400261,live555,chatafl,3,b_abs,2501
1773400262,live555,chatafl,3,l_per,22.7
1773400262,live555,chatafl,3,l_abs,5409
1773400262,live555,chatafl,3,b_per,13.5
1773400262,live555,chatafl,3,b_abs,2501
1773400262,live555,chatafl,3,l_per,22.8
1773400262,live555,chatafl,3,l_abs,5430
1773400262,live555,chatafl,3,b_per,13.6
1773400262,live555,chatafl,3,b_abs,2512
1773400263,live555,chatafl,3,l_per,22.8
1773400263,live555,chatafl,3,l_abs,5430
1773400263,live555,chatafl,3,b_per,13.6
1773400263,live555,chatafl,3,b_abs,2512
1773400264,live555,chatafl,3,l_per,22.8
1773400264,live555,chatafl,3,l_abs,5430
1773400264,live555,chatafl,3,b_per,13.6
1773400264,live555,chatafl,3,b_abs,2512
1773400265,live555,chatafl,3,l_per,22.8
1773400265,live555,chatafl,3,l_abs,5430
1773400265,live555,chatafl,3,b_per,13.6
1773400265,live555,chatafl,3,b_abs,2512
1773400266,live555,chatafl,3,l_per,22.8
1773400266,live555,chatafl,3,l_abs,5430
1773400266,live555,chatafl,3,b_per,13.6
1773400266,live555,chatafl,3,b_abs,2512
1773400266,live555,chatafl,3,l_per,22.8
1773400266,live555,chatafl,3,l_abs,5433
1773400266,live555,chatafl,3,b_per,13.6
1773400266,live555,chatafl,3,b_abs,2514
1773400267,live555,chatafl,3,l_per,22.8
1773400267,live555,chatafl,3,l_abs,5439
1773400267,live555,chatafl,3,b_per,13.6
1773400267,live555,chatafl,3,b_abs,2516
1773400268,live555,chatafl,3,l_per,22.8
1773400268,live555,chatafl,3,l_abs,5439
1773400268,live555,chatafl,3,b_per,13.6
1773400268,live555,chatafl,3,b_abs,2516
1773400268,live555,chatafl,3,l_per,22.8
1773400268,live555,chatafl,3,l_abs,5439
1773400268,live555,chatafl,3,b_per,13.6
1773400268,live555,chatafl,3,b_abs,2516
1773400273,live555,chatafl,3,l_per,22.8
1773400273,live555,chatafl,3,l_abs,5439
1773400273,live555,chatafl,3,b_per,13.6
1773400273,live555,chatafl,3,b_abs,2517
1773400274,live555,chatafl,3,l_per,22.8
1773400274,live555,chatafl,3,l_abs,5439
1773400274,live555,chatafl,3,b_per,13.6
1773400274,live555,chatafl,3,b_abs,2517
1773400274,live555,chatafl,3,l_per,22.8
1773400274,live555,chatafl,3,l_abs,5439
1773400274,live555,chatafl,3,b_per,13.6
1773400274,live555,chatafl,3,b_abs,2517
1773400275,live555,chatafl,3,l_per,22.8
1773400275,live555,chatafl,3,l_abs,5439
1773400275,live555,chatafl,3,b_per,13.6
1773400275,live555,chatafl,3,b_abs,2517
1773400276,live555,chatafl,3,l_per,22.8
1773400276,live555,chatafl,3,l_abs,5446
1773400276,live555,chatafl,3,b_per,13.6
1773400276,live555,chatafl,3,b_abs,2519
1773400276,live555,chatafl,3,l_per,22.9
1773400276,live555,chatafl,3,l_abs,5452
1773400276,live555,chatafl,3,b_per,13.6
1773400276,live555,chatafl,3,b_abs,2522
1773400277,live555,chatafl,3,l_per,22.9
1773400277,live555,chatafl,3,l_abs,5452
1773400277,live555,chatafl,3,b_per,13.6
1773400277,live555,chatafl,3,b_abs,2522
1773400278,live555,chatafl,3,l_per,22.9
1773400278,live555,chatafl,3,l_abs,5452
1773400278,live555,chatafl,3,b_per,13.6
1773400278,live555,chatafl,3,b_abs,2523
1773400282,live555,chatafl,3,l_per,22.9
1773400282,live555,chatafl,3,l_abs,5452
1773400282,live555,chatafl,3,b_per,13.6
1773400282,live555,chatafl,3,b_abs,2523
1773400285,live555,chatafl,3,l_per,22.9
1773400285,live555,chatafl,3,l_abs,5452
1773400285,live555,chatafl,3,b_per,13.6
1773400285,live555,chatafl,3,b_abs,2523
1773400286,live555,chatafl,3,l_per,22.9
1773400286,live555,chatafl,3,l_abs,5452
1773400286,live555,chatafl,3,b_per,13.6
1773400286,live555,chatafl,3,b_abs,2523
1773400287,live555,chatafl,3,l_per,22.9
1773400287,live555,chatafl,3,l_abs,5452
1773400287,live555,chatafl,3,b_per,13.6
1773400287,live555,chatafl,3,b_abs,2523
1773400291,live555,chatafl,3,l_per,22.9
1773400291,live555,chatafl,3,l_abs,5452
1773400291,live555,chatafl,3,b_per,13.6
1773400291,live555,chatafl,3,b_abs,2523
1773400294,live555,chatafl,3,l_per,22.9
1773400294,live555,chatafl,3,l_abs,5452
1773400294,live555,chatafl,3,b_per,13.6
1773400294,live555,chatafl,3,b_abs,2523
1773400298,live555,chatafl,3,l_per,22.9
1773400298,live555,chatafl,3,l_abs,5452
1773400298,live555,chatafl,3,b_per,13.6
1773400298,live555,chatafl,3,b_abs,2523
1773400298,live555,chatafl,3,l_per,22.9
1773400298,live555,chatafl,3,l_abs,5452
1773400298,live555,chatafl,3,b_per,13.6
1773400298,live555,chatafl,3,b_abs,2523
1773400299,live555,chatafl,3,l_per,22.9
1773400299,live555,chatafl,3,l_abs,5452
1773400299,live555,chatafl,3,b_per,13.6
1773400299,live555,chatafl,3,b_abs,2523
1773400300,live555,chatafl,3,l_per,22.9
1773400300,live555,chatafl,3,l_abs,5452
1773400300,live555,chatafl,3,b_per,13.6
1773400300,live555,chatafl,3,b_abs,2525
1773400301,live555,chatafl,3,l_per,22.9
1773400301,live555,chatafl,3,l_abs,5452
1773400301,live555,chatafl,3,b_per,13.6
1773400301,live555,chatafl,3,b_abs,2525
1773400302,live555,chatafl,3,l_per,22.9
1773400302,live555,chatafl,3,l_abs,5452
1773400302,live555,chatafl,3,b_per,13.6
1773400302,live555,chatafl,3,b_abs,2525
1773400302,live555,chatafl,3,l_per,22.9
1773400302,live555,chatafl,3,l_abs,5452
1773400302,live555,chatafl,3,b_per,13.6
1773400302,live555,chatafl,3,b_abs,2525
1773400303,live555,chatafl,3,l_per,22.9
1773400303,live555,chatafl,3,l_abs,5452
1773400303,live555,chatafl,3,b_per,13.6
1773400303,live555,chatafl,3,b_abs,2525
1773400304,live555,chatafl,3,l_per,22.9
1773400304,live555,chatafl,3,l_abs,5452
1773400304,live555,chatafl,3,b_per,13.6
1773400304,live555,chatafl,3,b_abs,2525
1773400310,live555,chatafl,3,l_per,22.9
1773400310,live555,chatafl,3,l_abs,5452
1773400310,live555,chatafl,3,b_per,13.6
1773400310,live555,chatafl,3,b_abs,2525
1773400310,live555,chatafl,3,l_per,22.9
1773400310,live555,chatafl,3,l_abs,5452
1773400310,live555,chatafl,3,b_per,13.6
1773400310,live555,chatafl,3,b_abs,2525
1773400311,live555,chatafl,3,l_per,22.9
1773400311,live555,chatafl,3,l_abs,5452
1773400311,live555,chatafl,3,b_per,13.6
1773400311,live555,chatafl,3,b_abs,2525
1773400311,live555,chatafl,3,l_per,22.9
1773400311,live555,chatafl,3,l_abs,5452
1773400311,live555,chatafl,3,b_per,13.6
1773400311,live555,chatafl,3,b_abs,2525
1773400312,live555,chatafl,3,l_per,22.9
1773400312,live555,chatafl,3,l_abs,5452
1773400312,live555,chatafl,3,b_per,13.6
1773400312,live555,chatafl,3,b_abs,2525
1773400313,live555,chatafl,3,l_per,22.9
1773400313,live555,chatafl,3,l_abs,5452
1773400313,live555,chatafl,3,b_per,13.6
1773400313,live555,chatafl,3,b_abs,2525
1773400314,live555,chatafl,3,l_per,22.9
1773400314,live555,chatafl,3,l_abs,5452
1773400314,live555,chatafl,3,b_per,13.6
1773400314,live555,chatafl,3,b_abs,2525
1773400315,live555,chatafl,3,l_per,22.9
1773400315,live555,chatafl,3,l_abs,5452
1773400315,live555,chatafl,3,b_per,13.6
1773400315,live555,chatafl,3,b_abs,2525
1773400315,live555,chatafl,3,l_per,22.9
1773400315,live555,chatafl,3,l_abs,5453
1773400315,live555,chatafl,3,b_per,13.6
1773400315,live555,chatafl,3,b_abs,2527
1773400316,live555,chatafl,3,l_per,22.9
1773400316,live555,chatafl,3,l_abs,5453
1773400316,live555,chatafl,3,b_per,13.6
1773400316,live555,chatafl,3,b_abs,2527
1773400319,live555,chatafl,3,l_per,22.9
1773400319,live555,chatafl,3,l_abs,5453
1773400319,live555,chatafl,3,b_per,13.6
1773400319,live555,chatafl,3,b_abs,2527
1773400320,live555,chatafl,3,l_per,22.9
1773400320,live555,chatafl,3,l_abs,5453
1773400320,live555,chatafl,3,b_per,13.6
1773400320,live555,chatafl,3,b_abs,2527
1773400321,live555,chatafl,3,l_per,22.9
1773400321,live555,chatafl,3,l_abs,5453
1773400321,live555,chatafl,3,b_per,13.6
1773400321,live555,chatafl,3,b_abs,2527
1773400322,live555,chatafl,3,l_per,22.9
1773400322,live555,chatafl,3,l_abs,5453
1773400322,live555,chatafl,3,b_per,13.6
1773400322,live555,chatafl,3,b_abs,2527
1773400322,live555,chatafl,3,l_per,22.9
1773400322,live555,chatafl,3,l_abs,5453
1773400322,live555,chatafl,3,b_per,13.6
1773400322,live555,chatafl,3,b_abs,2527
1773400323,live555,chatafl,3,l_per,22.9
1773400323,live555,chatafl,3,l_abs,5453
1773400323,live555,chatafl,3,b_per,13.6
1773400323,live555,chatafl,3,b_abs,2527
1773400324,live555,chatafl,3,l_per,22.9
1773400324,live555,chatafl,3,l_abs,5453
1773400324,live555,chatafl,3,b_per,13.7
1773400324,live555,chatafl,3,b_abs,2529
1773400325,live555,chatafl,3,l_per,22.9
1773400325,live555,chatafl,3,l_abs,5453
1773400325,live555,chatafl,3,b_per,13.7
1773400325,live555,chatafl,3,b_abs,2529
1773400326,live555,chatafl,3,l_per,22.9
1773400326,live555,chatafl,3,l_abs,5453
1773400326,live555,chatafl,3,b_per,13.7
1773400326,live555,chatafl,3,b_abs,2529
1773400327,live555,chatafl,3,l_per,22.9
1773400327,live555,chatafl,3,l_abs,5453
1773400327,live555,chatafl,3,b_per,13.7
1773400327,live555,chatafl,3,b_abs,2529
1773400331,live555,chatafl,3,l_per,22.9
1773400331,live555,chatafl,3,l_abs,5453
1773400331,live555,chatafl,3,b_per,13.7
1773400331,live555,chatafl,3,b_abs,2529
1773400332,live555,chatafl,3,l_per,22.9
1773400332,live555,chatafl,3,l_abs,5453
1773400332,live555,chatafl,3,b_per,13.7
1773400332,live555,chatafl,3,b_abs,2529
1773400332,live555,chatafl,3,l_per,22.9
1773400332,live555,chatafl,3,l_abs,5453
1773400332,live555,chatafl,3,b_per,13.7
1773400332,live555,chatafl,3,b_abs,2529
1773400333,live555,chatafl,3,l_per,22.9
1773400333,live555,chatafl,3,l_abs,5453
1773400333,live555,chatafl,3,b_per,13.7
1773400333,live555,chatafl,3,b_abs,2529
1773400334,live555,chatafl,3,l_per,22.9
1773400334,live555,chatafl,3,l_abs,5453
1773400334,live555,chatafl,3,b_per,13.7
1773400334,live555,chatafl,3,b_abs,2529
1773400338,live555,chatafl,3,l_per,22.9
1773400338,live555,chatafl,3,l_abs,5453
1773400338,live555,chatafl,3,b_per,13.7
1773400338,live555,chatafl,3,b_abs,2529
1773400339,live555,chatafl,3,l_per,22.9
1773400339,live555,chatafl,3,l_abs,5453
1773400339,live555,chatafl,3,b_per,13.7
1773400339,live555,chatafl,3,b_abs,2529
1773400340,live555,chatafl,3,l_per,22.9
1773400340,live555,chatafl,3,l_abs,5453
1773400340,live555,chatafl,3,b_per,13.7
1773400340,live555,chatafl,3,b_abs,2529
1773400341,live555,chatafl,3,l_per,22.9
1773400341,live555,chatafl,3,l_abs,5453
1773400341,live555,chatafl,3,b_per,13.7
1773400341,live555,chatafl,3,b_abs,2529
1773400341,live555,chatafl,3,l_per,22.9
1773400341,live555,chatafl,3,l_abs,5453
1773400341,live555,chatafl,3,b_per,13.7
1773400341,live555,chatafl,3,b_abs,2529
1773400342,live555,chatafl,3,l_per,22.9
1773400342,live555,chatafl,3,l_abs,5453
1773400342,live555,chatafl,3,b_per,13.7
1773400342,live555,chatafl,3,b_abs,2529
1773400343,live555,chatafl,3,l_per,22.9
1773400343,live555,chatafl,3,l_abs,5453
1773400343,live555,chatafl,3,b_per,13.7
1773400343,live555,chatafl,3,b_abs,2529
1773400344,live555,chatafl,3,l_per,22.9
1773400344,live555,chatafl,3,l_abs,5453
1773400344,live555,chatafl,3,b_per,13.7
1773400344,live555,chatafl,3,b_abs,2529
1773400345,live555,chatafl,3,l_per,22.9
1773400345,live555,chatafl,3,l_abs,5453
1773400345,live555,chatafl,3,b_per,13.7
1773400345,live555,chatafl,3,b_abs,2529
1773400345,live555,chatafl,3,l_per,22.9
1773400345,live555,chatafl,3,l_abs,5453
1773400345,live555,chatafl,3,b_per,13.7
1773400345,live555,chatafl,3,b_abs,2529
1773400346,live555,chatafl,3,l_per,22.9
1773400346,live555,chatafl,3,l_abs,5453
1773400346,live555,chatafl,3,b_per,13.7
1773400346,live555,chatafl,3,b_abs,2529
1773400347,live555,chatafl,3,l_per,22.9
1773400347,live555,chatafl,3,l_abs,5453
1773400347,live555,chatafl,3,b_per,13.7
1773400347,live555,chatafl,3,b_abs,2529
1773400347,live555,chatafl,3,l_per,22.9
1773400347,live555,chatafl,3,l_abs,5453
1773400347,live555,chatafl,3,b_per,13.7
1773400347,live555,chatafl,3,b_abs,2529
1773400348,live555,chatafl,3,l_per,22.9
1773400348,live555,chatafl,3,l_abs,5453
1773400348,live555,chatafl,3,b_per,13.7
1773400348,live555,chatafl,3,b_abs,2529
1773400349,live555,chatafl,3,l_per,22.9
1773400349,live555,chatafl,3,l_abs,5453
1773400349,live555,chatafl,3,b_per,13.7
1773400349,live555,chatafl,3,b_abs,2529
1773400350,live555,chatafl,3,l_per,22.9
1773400350,live555,chatafl,3,l_abs,5453
1773400350,live555,chatafl,3,b_per,13.7
1773400350,live555,chatafl,3,b_abs,2529
1773400350,live555,chatafl,3,l_per,22.9
1773400350,live555,chatafl,3,l_abs,5453
1773400350,live555,chatafl,3,b_per,13.7
1773400350,live555,chatafl,3,b_abs,2529
1773400351,live555,chatafl,3,l_per,22.9
1773400351,live555,chatafl,3,l_abs,5453
1773400351,live555,chatafl,3,b_per,13.7
1773400351,live555,chatafl,3,b_abs,2529
1773400352,live555,chatafl,3,l_per,22.9
1773400352,live555,chatafl,3,l_abs,5453
1773400352,live555,chatafl,3,b_per,13.7
1773400352,live555,chatafl,3,b_abs,2529
1773400356,live555,chatafl,3,l_per,22.9
1773400356,live555,chatafl,3,l_abs,5453
1773400356,live555,chatafl,3,b_per,13.7
1773400356,live555,chatafl,3,b_abs,2529
1773400360,live555,chatafl,3,l_per,22.9
1773400360,live555,chatafl,3,l_abs,5453
1773400360,live555,chatafl,3,b_per,13.7
1773400360,live555,chatafl,3,b_abs,2529
1773400361,live555,chatafl,3,l_per,22.9
1773400361,live555,chatafl,3,l_abs,5453
1773400361,live555,chatafl,3,b_per,13.7
1773400361,live555,chatafl,3,b_abs,2529
1773400361,live555,chatafl,3,l_per,22.9
1773400361,live555,chatafl,3,l_abs,5453
1773400361,live555,chatafl,3,b_per,13.7
1773400361,live555,chatafl,3,b_abs,2529
1773400362,live555,chatafl,3,l_per,22.9
1773400362,live555,chatafl,3,l_abs,5453
1773400362,live555,chatafl,3,b_per,13.7
1773400362,live555,chatafl,3,b_abs,2529
1773400363,live555,chatafl,3,l_per,22.9
1773400363,live555,chatafl,3,l_abs,5453
1773400363,live555,chatafl,3,b_per,13.7
1773400363,live555,chatafl,3,b_abs,2530
1773400364,live555,chatafl,3,l_per,22.9
1773400364,live555,chatafl,3,l_abs,5453
1773400364,live555,chatafl,3,b_per,13.7
1773400364,live555,chatafl,3,b_abs,2531
1773400364,live555,chatafl,3,l_per,22.9
1773400364,live555,chatafl,3,l_abs,5453
1773400364,live555,chatafl,3,b_per,13.7
1773400364,live555,chatafl,3,b_abs,2531
1773400368,live555,chatafl,3,l_per,22.9
1773400368,live555,chatafl,3,l_abs,5453
1773400368,live555,chatafl,3,b_per,13.7
1773400368,live555,chatafl,3,b_abs,2531
1773400368,live555,chatafl,3,l_per,22.9
1773400368,live555,chatafl,3,l_abs,5453
1773400368,live555,chatafl,3,b_per,13.7
1773400368,live555,chatafl,3,b_abs,2531
1773400369,live555,chatafl,3,l_per,22.9
1773400369,live555,chatafl,3,l_abs,5453
1773400369,live555,chatafl,3,b_per,13.7
1773400369,live555,chatafl,3,b_abs,2531
1773400370,live555,chatafl,3,l_per,22.9
1773400370,live555,chatafl,3,l_abs,5453
1773400370,live555,chatafl,3,b_per,13.7
1773400370,live555,chatafl,3,b_abs,2531
1773400370,live555,chatafl,3,l_per,22.9
1773400370,live555,chatafl,3,l_abs,5453
1773400370,live555,chatafl,3,b_per,13.7
1773400370,live555,chatafl,3,b_abs,2531
1773400371,live555,chatafl,3,l_per,22.9
1773400371,live555,chatafl,3,l_abs,5453
1773400371,live555,chatafl,3,b_per,13.7
1773400371,live555,chatafl,3,b_abs,2531
1773400372,live555,chatafl,3,l_per,22.9
1773400372,live555,chatafl,3,l_abs,5453
1773400372,live555,chatafl,3,b_per,13.7
1773400372,live555,chatafl,3,b_abs,2531
1773400373,live555,chatafl,3,l_per,22.9
1773400373,live555,chatafl,3,l_abs,5453
1773400373,live555,chatafl,3,b_per,13.7
1773400373,live555,chatafl,3,b_abs,2531
1773400374,live555,chatafl,3,l_per,22.9
1773400374,live555,chatafl,3,l_abs,5453
1773400374,live555,chatafl,3,b_per,13.7
1773400374,live555,chatafl,3,b_abs,2531
1773400375,live555,chatafl,3,l_per,22.9
1773400375,live555,chatafl,3,l_abs,5453
1773400375,live555,chatafl,3,b_per,13.7
1773400375,live555,chatafl,3,b_abs,2531
1773400375,live555,chatafl,3,l_per,22.9
1773400375,live555,chatafl,3,l_abs,5453
1773400375,live555,chatafl,3,b_per,13.7
1773400375,live555,chatafl,3,b_abs,2532
1773400376,live555,chatafl,3,l_per,22.9
1773400376,live555,chatafl,3,l_abs,5453
1773400376,live555,chatafl,3,b_per,13.7
1773400376,live555,chatafl,3,b_abs,2532
1773400377,live555,chatafl,3,l_per,22.9
1773400377,live555,chatafl,3,l_abs,5453
1773400377,live555,chatafl,3,b_per,13.7
1773400377,live555,chatafl,3,b_abs,2532
1773400378,live555,chatafl,3,l_per,22.9
1773400378,live555,chatafl,3,l_abs,5453
1773400378,live555,chatafl,3,b_per,13.7
1773400378,live555,chatafl,3,b_abs,2532
1773400379,live555,chatafl,3,l_per,22.9
1773400379,live555,chatafl,3,l_abs,5453
1773400379,live555,chatafl,3,b_per,13.7
1773400379,live555,chatafl,3,b_abs,2532
1773400380,live555,chatafl,3,l_per,22.9
1773400380,live555,chatafl,3,l_abs,5453
1773400380,live555,chatafl,3,b_per,13.7
1773400380,live555,chatafl,3,b_abs,2532
1773400380,live555,chatafl,3,l_per,22.9
1773400380,live555,chatafl,3,l_abs,5453
1773400380,live555,chatafl,3,b_per,13.7
1773400380,live555,chatafl,3,b_abs,2532
1773400385,live555,chatafl,3,l_per,22.9
1773400385,live555,chatafl,3,l_abs,5453
1773400385,live555,chatafl,3,b_per,13.7
1773400385,live555,chatafl,3,b_abs,2532
1773400385,live555,chatafl,3,l_per,22.9
1773400385,live555,chatafl,3,l_abs,5453
1773400385,live555,chatafl,3,b_per,13.7
1773400385,live555,chatafl,3,b_abs,2532
1773400386,live555,chatafl,3,l_per,22.9
1773400386,live555,chatafl,3,l_abs,5453
1773400386,live555,chatafl,3,b_per,13.7
1773400386,live555,chatafl,3,b_abs,2532
1773400387,live555,chatafl,3,l_per,22.9
1773400387,live555,chatafl,3,l_abs,5453
1773400387,live555,chatafl,3,b_per,13.7
1773400387,live555,chatafl,3,b_abs,2532
1773400388,live555,chatafl,3,l_per,22.9
1773400388,live555,chatafl,3,l_abs,5453
1773400388,live555,chatafl,3,b_per,13.7
1773400388,live555,chatafl,3,b_abs,2532
1773400389,live555,chatafl,3,l_per,22.9
1773400389,live555,chatafl,3,l_abs,5453
1773400389,live555,chatafl,3,b_per,13.7
1773400389,live555,chatafl,3,b_abs,2532
1773400390,live555,chatafl,3,l_per,22.9
1773400390,live555,chatafl,3,l_abs,5453
1773400390,live555,chatafl,3,b_per,13.7
1773400390,live555,chatafl,3,b_abs,2532
1773400391,live555,chatafl,3,l_per,22.9
1773400391,live555,chatafl,3,l_abs,5453
1773400391,live555,chatafl,3,b_per,13.7
1773400391,live555,chatafl,3,b_abs,2532
1773400392,live555,chatafl,3,l_per,22.9
1773400392,live555,chatafl,3,l_abs,5453
1773400392,live555,chatafl,3,b_per,13.7
1773400392,live555,chatafl,3,b_abs,2532
1773400392,live555,chatafl,3,l_per,22.9
1773400392,live555,chatafl,3,l_abs,5453
1773400392,live555,chatafl,3,b_per,13.7
1773400392,live555,chatafl,3,b_abs,2532
1773400393,live555,chatafl,3,l_per,22.9
1773400393,live555,chatafl,3,l_abs,5453
1773400393,live555,chatafl,3,b_per,13.7
1773400393,live555,chatafl,3,b_abs,2532
1773400394,live555,chatafl,3,l_per,22.9
1773400394,live555,chatafl,3,l_abs,5453
1773400394,live555,chatafl,3,b_per,13.7
1773400394,live555,chatafl,3,b_abs,2532
1773400395,live555,chatafl,3,l_per,22.9
1773400395,live555,chatafl,3,l_abs,5453
1773400395,live555,chatafl,3,b_per,13.7
1773400395,live555,chatafl,3,b_abs,2532
1773400399,live555,chatafl,3,l_per,22.9
1773400399,live555,chatafl,3,l_abs,5453
1773400399,live555,chatafl,3,b_per,13.7
1773400399,live555,chatafl,3,b_abs,2532
1773400400,live555,chatafl,3,l_per,22.9
1773400400,live555,chatafl,3,l_abs,5453
1773400400,live555,chatafl,3,b_per,13.7
1773400400,live555,chatafl,3,b_abs,2532
1773400400,live555,chatafl,3,l_per,22.9
1773400400,live555,chatafl,3,l_abs,5453
1773400400,live555,chatafl,3,b_per,13.7
1773400400,live555,chatafl,3,b_abs,2532
1773400401,live555,chatafl,3,l_per,22.9
1773400401,live555,chatafl,3,l_abs,5453
1773400401,live555,chatafl,3,b_per,13.7
1773400401,live555,chatafl,3,b_abs,2532
1773400402,live555,chatafl,3,l_per,22.9
1773400402,live555,chatafl,3,l_abs,5453
1773400402,live555,chatafl,3,b_per,13.7
1773400402,live555,chatafl,3,b_abs,2532
1773400402,live555,chatafl,3,l_per,22.9
1773400402,live555,chatafl,3,l_abs,5453
1773400402,live555,chatafl,3,b_per,13.7
1773400402,live555,chatafl,3,b_abs,2532
1773400403,live555,chatafl,3,l_per,22.9
1773400403,live555,chatafl,3,l_abs,5453
1773400403,live555,chatafl,3,b_per,13.7
1773400403,live555,chatafl,3,b_abs,2532
1773400404,live555,chatafl,3,l_per,22.9
1773400404,live555,chatafl,3,l_abs,5453
1773400404,live555,chatafl,3,b_per,13.7
1773400404,live555,chatafl,3,b_abs,2532
1773400405,live555,chatafl,3,l_per,22.9
1773400405,live555,chatafl,3,l_abs,5453
1773400405,live555,chatafl,3,b_per,13.7
1773400405,live555,chatafl,3,b_abs,2532
1773400406,live555,chatafl,3,l_per,22.9
1773400406,live555,chatafl,3,l_abs,5453
1773400406,live555,chatafl,3,b_per,13.7
1773400406,live555,chatafl,3,b_abs,2532
1773400407,live555,chatafl,3,l_per,22.9
1773400407,live555,chatafl,3,l_abs,5453
1773400407,live555,chatafl,3,b_per,13.7
1773400407,live555,chatafl,3,b_abs,2532
1773400407,live555,chatafl,3,l_per,22.9
1773400407,live555,chatafl,3,l_abs,5453
1773400407,live555,chatafl,3,b_per,13.7
1773400407,live555,chatafl,3,b_abs,2532
1773400408,live555,chatafl,3,l_per,22.9
1773400408,live555,chatafl,3,l_abs,5453
1773400408,live555,chatafl,3,b_per,13.7
1773400408,live555,chatafl,3,b_abs,2532
1773400409,live555,chatafl,3,l_per,22.9
1773400409,live555,chatafl,3,l_abs,5453
1773400409,live555,chatafl,3,b_per,13.7
1773400409,live555,chatafl,3,b_abs,2532
1773400410,live555,chatafl,3,l_per,22.9
1773400410,live555,chatafl,3,l_abs,5453
1773400410,live555,chatafl,3,b_per,13.7
1773400410,live555,chatafl,3,b_abs,2532
1773400411,live555,chatafl,3,l_per,22.9
1773400411,live555,chatafl,3,l_abs,5453
1773400411,live555,chatafl,3,b_per,13.7
1773400411,live555,chatafl,3,b_abs,2532
1773400412,live555,chatafl,3,l_per,22.9
1773400412,live555,chatafl,3,l_abs,5453
1773400412,live555,chatafl,3,b_per,13.7
1773400412,live555,chatafl,3,b_abs,2532
1773400412,live555,chatafl,3,l_per,22.9
1773400412,live555,chatafl,3,l_abs,5453
1773400412,live555,chatafl,3,b_per,13.7
1773400412,live555,chatafl,3,b_abs,2532
1773400413,live555,chatafl,3,l_per,22.9
1773400413,live555,chatafl,3,l_abs,5453
1773400413,live555,chatafl,3,b_per,13.7
1773400413,live555,chatafl,3,b_abs,2532
1773400414,live555,chatafl,3,l_per,22.9
1773400414,live555,chatafl,3,l_abs,5453
1773400414,live555,chatafl,3,b_per,13.7
1773400414,live555,chatafl,3,b_abs,2532
1773400415,live555,chatafl,3,l_per,22.9
1773400415,live555,chatafl,3,l_abs,5453
1773400415,live555,chatafl,3,b_per,13.7
1773400415,live555,chatafl,3,b_abs,2532
1773400416,live555,chatafl,3,l_per,22.9
1773400416,live555,chatafl,3,l_abs,5453
1773400416,live555,chatafl,3,b_per,13.7
1773400416,live555,chatafl,3,b_abs,2532
1773400417,live555,chatafl,3,l_per,22.9
1773400417,live555,chatafl,3,l_abs,5453
1773400417,live555,chatafl,3,b_per,13.7
1773400417,live555,chatafl,3,b_abs,2532
1773400417,live555,chatafl,3,l_per,22.9
1773400417,live555,chatafl,3,l_abs,5453
1773400417,live555,chatafl,3,b_per,13.7
1773400417,live555,chatafl,3,b_abs,2532
1773400418,live555,chatafl,3,l_per,22.9
1773400418,live555,chatafl,3,l_abs,5453
1773400418,live555,chatafl,3,b_per,13.7
1773400418,live555,chatafl,3,b_abs,2532
1773400419,live555,chatafl,3,l_per,22.9
1773400419,live555,chatafl,3,l_abs,5453
1773400419,live555,chatafl,3,b_per,13.7
1773400419,live555,chatafl,3,b_abs,2532
1773400419,live555,chatafl,3,l_per,22.9
1773400419,live555,chatafl,3,l_abs,5453
1773400419,live555,chatafl,3,b_per,13.7
1773400419,live555,chatafl,3,b_abs,2532
1773400420,live555,chatafl,3,l_per,22.9
1773400420,live555,chatafl,3,l_abs,5453
1773400420,live555,chatafl,3,b_per,13.7
1773400420,live555,chatafl,3,b_abs,2532
1773400420,live555,chatafl,3,l_per,22.9
1773400420,live555,chatafl,3,l_abs,5453
1773400420,live555,chatafl,3,b_per,13.7
1773400420,live555,chatafl,3,b_abs,2532
1773400420,live555,chatafl,3,l_per,22.9
1773400420,live555,chatafl,3,l_abs,5453
1773400420,live555,chatafl,3,b_per,13.7
1773400420,live555,chatafl,3,b_abs,2532
1773400298,live555,chatafl,3,l_per,22.9
1773400298,live555,chatafl,3,l_abs,5455
1773400298,live555,chatafl,3,b_per,13.7
1773400298,live555,chatafl,3,b_abs,2537
1773400344,live555,chatafl,3,l_per,22.9
1773400344,live555,chatafl,3,l_abs,5455
1773400344,live555,chatafl,3,b_per,13.7
1773400344,live555,chatafl,3,b_abs,2537
1773400387,live555,chatafl,3,l_per,22.9
1773400387,live555,chatafl,3,l_abs,5455
1773400387,live555,chatafl,3,b_per,13.7
1773400387,live555,chatafl,3,b_abs,2537
1773400425,live555,chatafl,3,l_per,22.9
1773400425,live555,chatafl,3,l_abs,5468
1773400425,live555,chatafl,3,b_per,13.7
1773400425,live555,chatafl,3,b_abs,2542
1773400466,live555,chatafl,3,l_per,23.1
1773400466,live555,chatafl,3,l_abs,5513
1773400466,live555,chatafl,3,b_per,14.1
1773400466,live555,chatafl,3,b_abs,2605
1773400518,live555,chatafl,3,l_per,23.1
1773400518,live555,chatafl,3,l_abs,5521
1773400518,live555,chatafl,3,b_per,14.1
1773400518,live555,chatafl,3,b_abs,2615
1773400596,live555,chatafl,3,l_per,23.3
1773400596,live555,chatafl,3,l_abs,5558
1773400596,live555,chatafl,3,b_per,14.3
1773400596,live555,chatafl,3,b_abs,2649
1773400691,live555,chatafl,3,l_per,23.3
1773400691,live555,chatafl,3,l_abs,5566
1773400691,live555,chatafl,3,b_per,14.5
1773400691,live555,chatafl,3,b_abs,2678
1773400801,live555,chatafl,3,l_per,23.7
1773400801,live555,chatafl,3,l_abs,5651
1773400801,live555,chatafl,3,b_per,14.7
1773400801,live555,chatafl,3,b_abs,2717
1773400936,live555,chatafl,3,l_per,23.7
1773400936,live555,chatafl,3,l_abs,5661
1773400936,live555,chatafl,3,b_per,14.8
1773400936,live555,chatafl,3,b_abs,2739
1773401167,live555,chatafl,3,l_per,23.7
1773401167,live555,chatafl,3,l_abs,5661
1773401167,live555,chatafl,3,b_per,14.8
1773401167,live555,chatafl,3,b_abs,2743
1773401416,live555,chatafl,3,l_per,23.7
1773401416,live555,chatafl,3,l_abs,5667
1773401416,live555,chatafl,3,b_per,14.8
1773401416,live555,chatafl,3,b_abs,2748
1773401621,live555,chatafl,3,l_per,23.8
1773401621,live555,chatafl,3,l_abs,5668
1773401621,live555,chatafl,3,b_per,14.9
1773401621,live555,chatafl,3,b_abs,2753
1773401871,live555,chatafl,3,l_per,23.8
1773401871,live555,chatafl,3,l_abs,5679
1773401871,live555,chatafl,3,b_per,14.9
1773401871,live555,chatafl,3,b_abs,2767
1773402191,live555,chatafl,3,l_per,23.9
1773402191,live555,chatafl,3,l_abs,5703
1773402191,live555,chatafl,3,b_per,15.0
1773402191,live555,chatafl,3,b_abs,2781
1773402480,live555,chatafl,3,l_per,24.0
1773402480,live555,chatafl,3,l_abs,5723
1773402480,live555,chatafl,3,b_per,15.1
1773402480,live555,chatafl,3,b_abs,2798
1773402856,live555,chatafl,3,l_per,24.0
1773402856,live555,chatafl,3,l_abs,5724
1773402856,live555,chatafl,3,b_per,15.1
1773402856,live555,chatafl,3,b_abs,2800
1773403332,live555,chatafl,3,l_per,24.1
1773403332,live555,chatafl,3,l_abs,5741
1773403332,live555,chatafl,3,b_per,15.2
1773403332,live555,chatafl,3,b_abs,2811
1773403876,live555,chatafl,3,l_per,24.1
1773403876,live555,chatafl,3,l_abs,5745
1773403876,live555,chatafl,3,b_per,15.2
1773403876,live555,chatafl,3,b_abs,2812
1773404418,live555,chatafl,3,l_per,24.1
1773404418,live555,chatafl,3,l_abs,5750
1773404418,live555,chatafl,3,b_per,15.2
1773404418,live555,chatafl,3,b_abs,2821
1773404925,live555,chatafl,3,l_per,24.1
1773404925,live555,chatafl,3,l_abs,5753
1773404925,live555,chatafl,3,b_per,15.2
1773404925,live555,chatafl,3,b_abs,2822
1773405652,live555,chatafl,3,l_per,24.1
1773405652,live555,chatafl,3,l_abs,5753
1773405652,live555,chatafl,3,b_per,15.2
1773405652,live555,chatafl,3,b_abs,2823
1773407014,live555,chatafl,3,l_per,24.1
1773407014,live555,chatafl,3,l_abs,5758
1773407014,live555,chatafl,3,b_per,15.3
1773407014,live555,chatafl,3,b_abs,2833
1773408306,live555,chatafl,3,l_per,24.1
1773408306,live555,chatafl,3,l_abs,5763
1773408306,live555,chatafl,3,b_per,15.3
1773408306,live555,chatafl,3,b_abs,2834
1773409516,live555,chatafl,3,l_per,24.2
1773409516,live555,chatafl,3,l_abs,5766
1773409516,live555,chatafl,3,b_per,15.3
1773409516,live555,chatafl,3,b_abs,2842
1773410821,live555,chatafl,3,l_per,24.2
1773410821,live555,chatafl,3,l_abs,5766
1773410821,live555,chatafl,3,b_per,15.4
1773410821,live555,chatafl,3,b_abs,2846
1773412790,live555,chatafl,3,l_per,24.2
1773412790,live555,chatafl,3,l_abs,5768
1773412790,live555,chatafl,3,b_per,15.4
1773412790,live555,chatafl,3,b_abs,2848
1773414918,live555,chatafl,3,l_per,24.2
1773414918,live555,chatafl,3,l_abs,5768
1773414918,live555,chatafl,3,b_per,15.4
1773414918,live555,chatafl,3,b_abs,2848
1773417164,live555,chatafl,3,l_per,24.2
1773417164,live555,chatafl,3,l_abs,5777
1773417164,live555,chatafl,3,b_per,15.4
1773417164,live555,chatafl,3,b_abs,2851
1773420450,live555,chatafl,3,l_per,24.2
1773420450,live555,chatafl,3,l_abs,5783
1773420450,live555,chatafl,3,b_per,15.5
1773420450,live555,chatafl,3,b_abs,2862
1773424283,live555,chatafl,3,l_per,24.3
1773424283,live555,chatafl,3,l_abs,5809
1773424283,live555,chatafl,3,b_per,15.5
1773424283,live555,chatafl,3,b_abs,2879
1773429246,live555,chatafl,3,l_per,24.3
1773429246,live555,chatafl,3,l_abs,5809
1773429246,live555,chatafl,3,b_per,15.6
1773429246,live555,chatafl,3,b_abs,2880
1773435276,live555,chatafl,3,l_per,24.4
1773435276,live555,chatafl,3,l_abs,5827
1773435276,live555,chatafl,3,b_per,15.6
1773435276,live555,chatafl,3,b_abs,2897
1773442452,live555,chatafl,3,l_per,24.4
1773442452,live555,chatafl,3,l_abs,5827
1773442452,live555,chatafl,3,b_per,15.6
1773442452,live555,chatafl,3,b_abs,2897
1773453118,live555,chatafl,3,l_per,24.4
1773453118,live555,chatafl,3,l_abs,5828
1773453118,live555,chatafl,3,b_per,15.7
1773453118,live555,chatafl,3,b_abs,2903
1773460881,live555,chatafl,3,l_per,24.4
1773460881,live555,chatafl,3,l_abs,5828
1773460881,live555,chatafl,3,b_per,15.7
1773460881,live555,chatafl,3,b_abs,2904
1773471577,live555,chatafl,3,l_per,24.4
1773471577,live555,chatafl,3,l_abs,5828
1773471577,live555,chatafl,3,b_per,15.7
1773471577,live555,chatafl,3,b_abs,2908
1773482550,live555,chatafl,3,l_per,24.5
1773482550,live555,chatafl,3,l_abs,5860
1773482550,live555,chatafl,3,b_per,15.8
1773482550,live555,chatafl,3,b_abs,2921
1773486092,live555,chatafl,3,l_per,24.6
1773486092,live555,chatafl,3,l_abs,5865
1773486092,live555,chatafl,3,b_per,15.8
1773486092,live555,chatafl,3,b_abs,2927
1773400489,live555,chatafl,4,l_per,13.1
1773400489,live555,chatafl,4,l_abs,3115
1773400489,live555,chatafl,4,b_per,7.8
1773400489,live555,chatafl,4,b_abs,1447
1773400493,live555,chatafl,4,l_per,16.3
1773400493,live555,chatafl,4,l_abs,3870
1773400493,live555,chatafl,4,b_per,9.7
1773400493,live555,chatafl,4,b_abs,1802
1773400497,live555,chatafl,4,l_per,18.5
1773400497,live555,chatafl,4,l_abs,4394
1773400497,live555,chatafl,4,b_per,10.9
1773400497,live555,chatafl,4,b_abs,2023
1773400498,live555,chatafl,4,l_per,20.2
1773400498,live555,chatafl,4,l_abs,4806
1773400498,live555,chatafl,4,b_per,11.8
1773400498,live555,chatafl,4,b_abs,2177
1773400502,live555,chatafl,4,l_per,21.0
1773400502,live555,chatafl,4,l_abs,5012
1773400502,live555,chatafl,4,b_per,12.4
1773400502,live555,chatafl,4,b_abs,2300
1773400503,live555,chatafl,4,l_per,21.7
1773400503,live555,chatafl,4,l_abs,5176
1773400503,live555,chatafl,4,b_per,12.8
1773400503,live555,chatafl,4,b_abs,2379
1773400504,live555,chatafl,4,l_per,22.0
1773400504,live555,chatafl,4,l_abs,5236
1773400504,live555,chatafl,4,b_per,13.0
1773400504,live555,chatafl,4,b_abs,2400
1773400507,live555,chatafl,4,l_per,22.0
1773400507,live555,chatafl,4,l_abs,5236
1773400507,live555,chatafl,4,b_per,13.0
1773400507,live555,chatafl,4,b_abs,2400
1773400508,live555,chatafl,4,l_per,22.0
1773400508,live555,chatafl,4,l_abs,5242
1773400508,live555,chatafl,4,b_per,13.0
1773400508,live555,chatafl,4,b_abs,2403
1773400509,live555,chatafl,4,l_per,22.0
1773400509,live555,chatafl,4,l_abs,5242
1773400509,live555,chatafl,4,b_per,13.0
1773400509,live555,chatafl,4,b_abs,2403
1773400510,live555,chatafl,4,l_per,22.0
1773400510,live555,chatafl,4,l_abs,5242
1773400510,live555,chatafl,4,b_per,13.0
1773400510,live555,chatafl,4,b_abs,2403
1773400514,live555,chatafl,4,l_per,22.0
1773400514,live555,chatafl,4,l_abs,5242
1773400514,live555,chatafl,4,b_per,13.0
1773400514,live555,chatafl,4,b_abs,2406
1773400519,live555,chatafl,4,l_per,22.0
1773400519,live555,chatafl,4,l_abs,5242
1773400519,live555,chatafl,4,b_per,13.0
1773400519,live555,chatafl,4,b_abs,2406
1773400522,live555,chatafl,4,l_per,22.5
1773400522,live555,chatafl,4,l_abs,5372
1773400522,live555,chatafl,4,b_per,13.3
1773400522,live555,chatafl,4,b_abs,2465
1773400523,live555,chatafl,4,l_per,22.5
1773400523,live555,chatafl,4,l_abs,5378
1773400523,live555,chatafl,4,b_per,13.3
1773400523,live555,chatafl,4,b_abs,2467
1773400524,live555,chatafl,4,l_per,22.6
1773400524,live555,chatafl,4,l_abs,5398
1773400524,live555,chatafl,4,b_per,13.4
1773400524,live555,chatafl,4,b_abs,2484
1773400525,live555,chatafl,4,l_per,22.7
1773400525,live555,chatafl,4,l_abs,5407
1773400525,live555,chatafl,4,b_per,13.5
1773400525,live555,chatafl,4,b_abs,2493
1773400526,live555,chatafl,4,l_per,22.7
1773400526,live555,chatafl,4,l_abs,5407
1773400526,live555,chatafl,4,b_per,13.5
1773400526,live555,chatafl,4,b_abs,2497
1773400529,live555,chatafl,4,l_per,22.7
1773400529,live555,chatafl,4,l_abs,5407
1773400529,live555,chatafl,4,b_per,13.5
1773400529,live555,chatafl,4,b_abs,2497
1773400530,live555,chatafl,4,l_per,22.7
1773400530,live555,chatafl,4,l_abs,5407
1773400530,live555,chatafl,4,b_per,13.5
1773400530,live555,chatafl,4,b_abs,2497
1773400530,live555,chatafl,4,l_per,22.7
1773400530,live555,chatafl,4,l_abs,5407
1773400530,live555,chatafl,4,b_per,13.5
1773400530,live555,chatafl,4,b_abs,2497
1773400531,live555,chatafl,4,l_per,22.7
1773400531,live555,chatafl,4,l_abs,5407
1773400531,live555,chatafl,4,b_per,13.5
1773400531,live555,chatafl,4,b_abs,2497
1773400532,live555,chatafl,4,l_per,22.7
1773400532,live555,chatafl,4,l_abs,5420
1773400532,live555,chatafl,4,b_per,13.5
1773400532,live555,chatafl,4,b_abs,2502
1773400537,live555,chatafl,4,l_per,22.7
1773400537,live555,chatafl,4,l_abs,5420
1773400537,live555,chatafl,4,b_per,13.5
1773400537,live555,chatafl,4,b_abs,2503
1773400538,live555,chatafl,4,l_per,22.7
1773400538,live555,chatafl,4,l_abs,5420
1773400538,live555,chatafl,4,b_per,13.5
1773400538,live555,chatafl,4,b_abs,2503
1773400538,live555,chatafl,4,l_per,22.7
1773400538,live555,chatafl,4,l_abs,5421
1773400538,live555,chatafl,4,b_per,13.5
1773400538,live555,chatafl,4,b_abs,2504
1773400543,live555,chatafl,4,l_per,22.7
1773400543,live555,chatafl,4,l_abs,5421
1773400543,live555,chatafl,4,b_per,13.5
1773400543,live555,chatafl,4,b_abs,2504
1773400544,live555,chatafl,4,l_per,22.7
1773400544,live555,chatafl,4,l_abs,5421
1773400544,live555,chatafl,4,b_per,13.5
1773400544,live555,chatafl,4,b_abs,2504
1773400544,live555,chatafl,4,l_per,22.8
1773400544,live555,chatafl,4,l_abs,5428
1773400544,live555,chatafl,4,b_per,13.5
1773400544,live555,chatafl,4,b_abs,2506
1773400545,live555,chatafl,4,l_per,22.8
1773400545,live555,chatafl,4,l_abs,5428
1773400545,live555,chatafl,4,b_per,13.5
1773400545,live555,chatafl,4,b_abs,2506
1773400549,live555,chatafl,4,l_per,22.8
1773400549,live555,chatafl,4,l_abs,5428
1773400549,live555,chatafl,4,b_per,13.5
1773400549,live555,chatafl,4,b_abs,2506
1773400549,live555,chatafl,4,l_per,22.8
1773400549,live555,chatafl,4,l_abs,5428
1773400549,live555,chatafl,4,b_per,13.5
1773400549,live555,chatafl,4,b_abs,2506
1773400550,live555,chatafl,4,l_per,22.8
1773400550,live555,chatafl,4,l_abs,5428
1773400550,live555,chatafl,4,b_per,13.5
1773400550,live555,chatafl,4,b_abs,2506
1773400551,live555,chatafl,4,l_per,22.8
1773400551,live555,chatafl,4,l_abs,5428
1773400551,live555,chatafl,4,b_per,13.5
1773400551,live555,chatafl,4,b_abs,2506
1773400552,live555,chatafl,4,l_per,22.8
1773400552,live555,chatafl,4,l_abs,5428
1773400552,live555,chatafl,4,b_per,13.5
1773400552,live555,chatafl,4,b_abs,2508
1773400552,live555,chatafl,4,l_per,22.8
1773400552,live555,chatafl,4,l_abs,5428
1773400552,live555,chatafl,4,b_per,13.5
1773400552,live555,chatafl,4,b_abs,2508
1773400553,live555,chatafl,4,l_per,22.8
1773400553,live555,chatafl,4,l_abs,5428
1773400553,live555,chatafl,4,b_per,13.5
1773400553,live555,chatafl,4,b_abs,2508
1773400554,live555,chatafl,4,l_per,22.8
1773400554,live555,chatafl,4,l_abs,5428
1773400554,live555,chatafl,4,b_per,13.5
1773400554,live555,chatafl,4,b_abs,2508
1773400555,live555,chatafl,4,l_per,22.8
1773400555,live555,chatafl,4,l_abs,5428
1773400555,live555,chatafl,4,b_per,13.5
1773400555,live555,chatafl,4,b_abs,2508
1773400556,live555,chatafl,4,l_per,22.8
1773400556,live555,chatafl,4,l_abs,5428
1773400556,live555,chatafl,4,b_per,13.5
1773400556,live555,chatafl,4,b_abs,2508
1773400556,live555,chatafl,4,l_per,22.8
1773400556,live555,chatafl,4,l_abs,5428
1773400556,live555,chatafl,4,b_per,13.5
1773400556,live555,chatafl,4,b_abs,2508
1773400557,live555,chatafl,4,l_per,22.8
1773400557,live555,chatafl,4,l_abs,5428
1773400557,live555,chatafl,4,b_per,13.5
1773400557,live555,chatafl,4,b_abs,2508
1773400558,live555,chatafl,4,l_per,22.8
1773400558,live555,chatafl,4,l_abs,5428
1773400558,live555,chatafl,4,b_per,13.5
1773400558,live555,chatafl,4,b_abs,2508
1773400559,live555,chatafl,4,l_per,22.8
1773400559,live555,chatafl,4,l_abs,5428
1773400559,live555,chatafl,4,b_per,13.5
1773400559,live555,chatafl,4,b_abs,2508
1773400560,live555,chatafl,4,l_per,22.8
1773400560,live555,chatafl,4,l_abs,5428
1773400560,live555,chatafl,4,b_per,13.5
1773400560,live555,chatafl,4,b_abs,2509
1773400560,live555,chatafl,4,l_per,22.8
1773400560,live555,chatafl,4,l_abs,5428
1773400560,live555,chatafl,4,b_per,13.5
1773400560,live555,chatafl,4,b_abs,2509
1773400561,live555,chatafl,4,l_per,22.8
1773400561,live555,chatafl,4,l_abs,5430
1773400561,live555,chatafl,4,b_per,13.5
1773400561,live555,chatafl,4,b_abs,2509
1773400562,live555,chatafl,4,l_per,22.8
1773400562,live555,chatafl,4,l_abs,5430
1773400562,live555,chatafl,4,b_per,13.5
1773400562,live555,chatafl,4,b_abs,2509
1773400563,live555,chatafl,4,l_per,22.8
1773400563,live555,chatafl,4,l_abs,5431
1773400563,live555,chatafl,4,b_per,13.6
1773400563,live555,chatafl,4,b_abs,2511
1773400567,live555,chatafl,4,l_per,22.8
1773400567,live555,chatafl,4,l_abs,5432
1773400567,live555,chatafl,4,b_per,13.6
1773400567,live555,chatafl,4,b_abs,2513
1773400568,live555,chatafl,4,l_per,22.9
1773400568,live555,chatafl,4,l_abs,5465
1773400568,live555,chatafl,4,b_per,13.7
1773400568,live555,chatafl,4,b_abs,2530
1773400572,live555,chatafl,4,l_per,22.9
1773400572,live555,chatafl,4,l_abs,5465
1773400572,live555,chatafl,4,b_per,13.7
1773400572,live555,chatafl,4,b_abs,2530
1773400573,live555,chatafl,4,l_per,22.9
1773400573,live555,chatafl,4,l_abs,5470
1773400573,live555,chatafl,4,b_per,13.7
1773400573,live555,chatafl,4,b_abs,2535
1773400574,live555,chatafl,4,l_per,22.9
1773400574,live555,chatafl,4,l_abs,5470
1773400574,live555,chatafl,4,b_per,13.7
1773400574,live555,chatafl,4,b_abs,2535
1773400578,live555,chatafl,4,l_per,22.9
1773400578,live555,chatafl,4,l_abs,5472
1773400578,live555,chatafl,4,b_per,13.7
1773400578,live555,chatafl,4,b_abs,2536
1773400581,live555,chatafl,4,l_per,22.9
1773400581,live555,chatafl,4,l_abs,5472
1773400581,live555,chatafl,4,b_per,13.7
1773400581,live555,chatafl,4,b_abs,2536
1773400581,live555,chatafl,4,l_per,22.9
1773400581,live555,chatafl,4,l_abs,5472
1773400581,live555,chatafl,4,b_per,13.7
1773400581,live555,chatafl,4,b_abs,2536
1773400590,live555,chatafl,4,l_per,22.9
1773400590,live555,chatafl,4,l_abs,5472
1773400590,live555,chatafl,4,b_per,13.7
1773400590,live555,chatafl,4,b_abs,2536
1773400595,live555,chatafl,4,l_per,22.9
1773400595,live555,chatafl,4,l_abs,5472
1773400595,live555,chatafl,4,b_per,13.7
1773400595,live555,chatafl,4,b_abs,2536
1773400600,live555,chatafl,4,l_per,22.9
1773400600,live555,chatafl,4,l_abs,5472
1773400600,live555,chatafl,4,b_per,13.7
1773400600,live555,chatafl,4,b_abs,2536
1773400605,live555,chatafl,4,l_per,23.0
1773400605,live555,chatafl,4,l_abs,5487
1773400605,live555,chatafl,4,b_per,13.7
1773400605,live555,chatafl,4,b_abs,2543
1773400610,live555,chatafl,4,l_per,23.0
1773400610,live555,chatafl,4,l_abs,5487
1773400610,live555,chatafl,4,b_per,13.7
1773400610,live555,chatafl,4,b_abs,2543
1773400611,live555,chatafl,4,l_per,23.0
1773400611,live555,chatafl,4,l_abs,5487
1773400611,live555,chatafl,4,b_per,13.7
1773400611,live555,chatafl,4,b_abs,2543
1773400612,live555,chatafl,4,l_per,23.0
1773400612,live555,chatafl,4,l_abs,5487
1773400612,live555,chatafl,4,b_per,13.7
1773400612,live555,chatafl,4,b_abs,2545
1773400613,live555,chatafl,4,l_per,23.0
1773400613,live555,chatafl,4,l_abs,5487
1773400613,live555,chatafl,4,b_per,13.7
1773400613,live555,chatafl,4,b_abs,2545
1773400613,live555,chatafl,4,l_per,23.0
1773400613,live555,chatafl,4,l_abs,5487
1773400613,live555,chatafl,4,b_per,13.7
1773400613,live555,chatafl,4,b_abs,2545
1773400614,live555,chatafl,4,l_per,23.0
1773400614,live555,chatafl,4,l_abs,5487
1773400614,live555,chatafl,4,b_per,13.7
1773400614,live555,chatafl,4,b_abs,2545
1773400615,live555,chatafl,4,l_per,23.0
1773400615,live555,chatafl,4,l_abs,5487
1773400615,live555,chatafl,4,b_per,13.7
1773400615,live555,chatafl,4,b_abs,2545
1773400616,live555,chatafl,4,l_per,23.0
1773400616,live555,chatafl,4,l_abs,5487
1773400616,live555,chatafl,4,b_per,13.7
1773400616,live555,chatafl,4,b_abs,2545
1773400617,live555,chatafl,4,l_per,23.0
1773400617,live555,chatafl,4,l_abs,5487
1773400617,live555,chatafl,4,b_per,13.7
1773400617,live555,chatafl,4,b_abs,2546
1773400617,live555,chatafl,4,l_per,23.0
1773400617,live555,chatafl,4,l_abs,5487
1773400617,live555,chatafl,4,b_per,13.7
1773400617,live555,chatafl,4,b_abs,2546
1773400618,live555,chatafl,4,l_per,23.0
1773400618,live555,chatafl,4,l_abs,5487
1773400618,live555,chatafl,4,b_per,13.7
1773400618,live555,chatafl,4,b_abs,2546
1773400619,live555,chatafl,4,l_per,23.0
1773400619,live555,chatafl,4,l_abs,5487
1773400619,live555,chatafl,4,b_per,13.7
1773400619,live555,chatafl,4,b_abs,2546
1773400620,live555,chatafl,4,l_per,23.0
1773400620,live555,chatafl,4,l_abs,5487
1773400620,live555,chatafl,4,b_per,13.7
1773400620,live555,chatafl,4,b_abs,2546
1773400621,live555,chatafl,4,l_per,23.0
1773400621,live555,chatafl,4,l_abs,5487
1773400621,live555,chatafl,4,b_per,13.7
1773400621,live555,chatafl,4,b_abs,2546
1773400622,live555,chatafl,4,l_per,23.0
1773400622,live555,chatafl,4,l_abs,5487
1773400622,live555,chatafl,4,b_per,13.7
1773400622,live555,chatafl,4,b_abs,2546
1773400622,live555,chatafl,4,l_per,23.0
1773400622,live555,chatafl,4,l_abs,5487
1773400622,live555,chatafl,4,b_per,13.7
1773400622,live555,chatafl,4,b_abs,2546
1773400623,live555,chatafl,4,l_per,23.0
1773400623,live555,chatafl,4,l_abs,5487
1773400623,live555,chatafl,4,b_per,13.7
1773400623,live555,chatafl,4,b_abs,2546
1773400624,live555,chatafl,4,l_per,23.0
1773400624,live555,chatafl,4,l_abs,5487
1773400624,live555,chatafl,4,b_per,13.7
1773400624,live555,chatafl,4,b_abs,2546
1773400625,live555,chatafl,4,l_per,23.0
1773400625,live555,chatafl,4,l_abs,5487
1773400625,live555,chatafl,4,b_per,13.7
1773400625,live555,chatafl,4,b_abs,2546
1773400626,live555,chatafl,4,l_per,23.0
1773400626,live555,chatafl,4,l_abs,5487
1773400626,live555,chatafl,4,b_per,13.7
1773400626,live555,chatafl,4,b_abs,2546
1773400627,live555,chatafl,4,l_per,23.0
1773400627,live555,chatafl,4,l_abs,5487
1773400627,live555,chatafl,4,b_per,13.7
1773400627,live555,chatafl,4,b_abs,2546
1773400627,live555,chatafl,4,l_per,23.0
1773400627,live555,chatafl,4,l_abs,5487
1773400627,live555,chatafl,4,b_per,13.7
1773400627,live555,chatafl,4,b_abs,2546
1773400628,live555,chatafl,4,l_per,23.0
1773400628,live555,chatafl,4,l_abs,5487
1773400628,live555,chatafl,4,b_per,13.7
1773400628,live555,chatafl,4,b_abs,2546
1773400629,live555,chatafl,4,l_per,23.0
1773400629,live555,chatafl,4,l_abs,5487
1773400629,live555,chatafl,4,b_per,13.7
1773400629,live555,chatafl,4,b_abs,2546
1773400629,live555,chatafl,4,l_per,23.0
1773400629,live555,chatafl,4,l_abs,5487
1773400629,live555,chatafl,4,b_per,13.7
1773400629,live555,chatafl,4,b_abs,2546
1773400630,live555,chatafl,4,l_per,23.0
1773400630,live555,chatafl,4,l_abs,5487
1773400630,live555,chatafl,4,b_per,13.7
1773400630,live555,chatafl,4,b_abs,2546
1773400631,live555,chatafl,4,l_per,23.0
1773400631,live555,chatafl,4,l_abs,5487
1773400631,live555,chatafl,4,b_per,13.7
1773400631,live555,chatafl,4,b_abs,2546
1773400632,live555,chatafl,4,l_per,23.0
1773400632,live555,chatafl,4,l_abs,5487
1773400632,live555,chatafl,4,b_per,13.7
1773400632,live555,chatafl,4,b_abs,2546
1773400633,live555,chatafl,4,l_per,23.0
1773400633,live555,chatafl,4,l_abs,5487
1773400633,live555,chatafl,4,b_per,13.7
1773400633,live555,chatafl,4,b_abs,2546
1773400633,live555,chatafl,4,l_per,23.0
1773400633,live555,chatafl,4,l_abs,5487
1773400633,live555,chatafl,4,b_per,13.7
1773400633,live555,chatafl,4,b_abs,2546
1773400637,live555,chatafl,4,l_per,23.0
1773400637,live555,chatafl,4,l_abs,5487
1773400637,live555,chatafl,4,b_per,13.7
1773400637,live555,chatafl,4,b_abs,2546
1773400641,live555,chatafl,4,l_per,23.0
1773400641,live555,chatafl,4,l_abs,5487
1773400641,live555,chatafl,4,b_per,13.7
1773400641,live555,chatafl,4,b_abs,2546
1773400645,live555,chatafl,4,l_per,23.0
1773400645,live555,chatafl,4,l_abs,5487
1773400645,live555,chatafl,4,b_per,13.7
1773400645,live555,chatafl,4,b_abs,2546
1773400649,live555,chatafl,4,l_per,23.0
1773400649,live555,chatafl,4,l_abs,5487
1773400649,live555,chatafl,4,b_per,13.7
1773400649,live555,chatafl,4,b_abs,2546
1773400650,live555,chatafl,4,l_per,23.0
1773400650,live555,chatafl,4,l_abs,5487
1773400650,live555,chatafl,4,b_per,13.7
1773400650,live555,chatafl,4,b_abs,2546
1773400651,live555,chatafl,4,l_per,23.0
1773400651,live555,chatafl,4,l_abs,5487
1773400651,live555,chatafl,4,b_per,13.7
1773400651,live555,chatafl,4,b_abs,2546
1773400652,live555,chatafl,4,l_per,23.0
1773400652,live555,chatafl,4,l_abs,5487
1773400652,live555,chatafl,4,b_per,13.7
1773400652,live555,chatafl,4,b_abs,2546
1773400653,live555,chatafl,4,l_per,23.0
1773400653,live555,chatafl,4,l_abs,5487
1773400653,live555,chatafl,4,b_per,13.7
1773400653,live555,chatafl,4,b_abs,2546
1773400653,live555,chatafl,4,l_per,23.0
1773400653,live555,chatafl,4,l_abs,5487
1773400653,live555,chatafl,4,b_per,13.7
1773400653,live555,chatafl,4,b_abs,2546
1773400654,live555,chatafl,4,l_per,23.0
1773400654,live555,chatafl,4,l_abs,5487
1773400654,live555,chatafl,4,b_per,13.7
1773400654,live555,chatafl,4,b_abs,2546
1773400655,live555,chatafl,4,l_per,23.0
1773400655,live555,chatafl,4,l_abs,5487
1773400655,live555,chatafl,4,b_per,13.7
1773400655,live555,chatafl,4,b_abs,2546
1773400656,live555,chatafl,4,l_per,23.0
1773400656,live555,chatafl,4,l_abs,5487
1773400656,live555,chatafl,4,b_per,13.7
1773400656,live555,chatafl,4,b_abs,2546
1773400656,live555,chatafl,4,l_per,23.0
1773400656,live555,chatafl,4,l_abs,5487
1773400656,live555,chatafl,4,b_per,13.7
1773400656,live555,chatafl,4,b_abs,2546
1773400657,live555,chatafl,4,l_per,23.0
1773400657,live555,chatafl,4,l_abs,5487
1773400657,live555,chatafl,4,b_per,13.7
1773400657,live555,chatafl,4,b_abs,2546
1773400658,live555,chatafl,4,l_per,23.0
1773400658,live555,chatafl,4,l_abs,5487
1773400658,live555,chatafl,4,b_per,13.7
1773400658,live555,chatafl,4,b_abs,2546
1773400659,live555,chatafl,4,l_per,23.0
1773400659,live555,chatafl,4,l_abs,5487
1773400659,live555,chatafl,4,b_per,13.7
1773400659,live555,chatafl,4,b_abs,2546
1773400660,live555,chatafl,4,l_per,23.0
1773400660,live555,chatafl,4,l_abs,5487
1773400660,live555,chatafl,4,b_per,13.7
1773400660,live555,chatafl,4,b_abs,2546
1773400661,live555,chatafl,4,l_per,23.0
1773400661,live555,chatafl,4,l_abs,5487
1773400661,live555,chatafl,4,b_per,13.7
1773400661,live555,chatafl,4,b_abs,2546
1773400662,live555,chatafl,4,l_per,23.0
1773400662,live555,chatafl,4,l_abs,5487
1773400662,live555,chatafl,4,b_per,13.7
1773400662,live555,chatafl,4,b_abs,2546
1773400663,live555,chatafl,4,l_per,23.0
1773400663,live555,chatafl,4,l_abs,5487
1773400663,live555,chatafl,4,b_per,13.7
1773400663,live555,chatafl,4,b_abs,2546
1773400663,live555,chatafl,4,l_per,23.0
1773400663,live555,chatafl,4,l_abs,5487
1773400663,live555,chatafl,4,b_per,13.7
1773400663,live555,chatafl,4,b_abs,2546
1773400664,live555,chatafl,4,l_per,23.0
1773400664,live555,chatafl,4,l_abs,5487
1773400664,live555,chatafl,4,b_per,13.7
1773400664,live555,chatafl,4,b_abs,2546
1773400665,live555,chatafl,4,l_per,23.0
1773400665,live555,chatafl,4,l_abs,5487
1773400665,live555,chatafl,4,b_per,13.7
1773400665,live555,chatafl,4,b_abs,2546
1773400665,live555,chatafl,4,l_per,23.0
1773400665,live555,chatafl,4,l_abs,5487
1773400665,live555,chatafl,4,b_per,13.7
1773400665,live555,chatafl,4,b_abs,2546
1773400666,live555,chatafl,4,l_per,23.0
1773400666,live555,chatafl,4,l_abs,5487
1773400666,live555,chatafl,4,b_per,13.7
1773400666,live555,chatafl,4,b_abs,2546
1773400667,live555,chatafl,4,l_per,23.0
1773400667,live555,chatafl,4,l_abs,5487
1773400667,live555,chatafl,4,b_per,13.7
1773400667,live555,chatafl,4,b_abs,2546
1773400668,live555,chatafl,4,l_per,23.0
1773400668,live555,chatafl,4,l_abs,5487
1773400668,live555,chatafl,4,b_per,13.7
1773400668,live555,chatafl,4,b_abs,2546
1773400669,live555,chatafl,4,l_per,23.0
1773400669,live555,chatafl,4,l_abs,5487
1773400669,live555,chatafl,4,b_per,13.7
1773400669,live555,chatafl,4,b_abs,2546
1773400669,live555,chatafl,4,l_per,23.0
1773400669,live555,chatafl,4,l_abs,5487
1773400669,live555,chatafl,4,b_per,13.7
1773400669,live555,chatafl,4,b_abs,2546
1773400670,live555,chatafl,4,l_per,23.0
1773400670,live555,chatafl,4,l_abs,5487
1773400670,live555,chatafl,4,b_per,13.7
1773400670,live555,chatafl,4,b_abs,2546
1773400671,live555,chatafl,4,l_per,23.0
1773400671,live555,chatafl,4,l_abs,5487
1773400671,live555,chatafl,4,b_per,13.7
1773400671,live555,chatafl,4,b_abs,2546
1773400672,live555,chatafl,4,l_per,23.0
1773400672,live555,chatafl,4,l_abs,5487
1773400672,live555,chatafl,4,b_per,13.7
1773400672,live555,chatafl,4,b_abs,2546
1773400673,live555,chatafl,4,l_per,23.0
1773400673,live555,chatafl,4,l_abs,5487
1773400673,live555,chatafl,4,b_per,13.7
1773400673,live555,chatafl,4,b_abs,2546
1773400677,live555,chatafl,4,l_per,23.0
1773400677,live555,chatafl,4,l_abs,5487
1773400677,live555,chatafl,4,b_per,13.7
1773400677,live555,chatafl,4,b_abs,2546
1773400678,live555,chatafl,4,l_per,23.0
1773400678,live555,chatafl,4,l_abs,5487
1773400678,live555,chatafl,4,b_per,13.7
1773400678,live555,chatafl,4,b_abs,2546
1773400679,live555,chatafl,4,l_per,23.0
1773400679,live555,chatafl,4,l_abs,5487
1773400679,live555,chatafl,4,b_per,13.7
1773400679,live555,chatafl,4,b_abs,2546
1773400682,live555,chatafl,4,l_per,23.0
1773400682,live555,chatafl,4,l_abs,5487
1773400682,live555,chatafl,4,b_per,13.7
1773400682,live555,chatafl,4,b_abs,2546
1773400683,live555,chatafl,4,l_per,23.0
1773400683,live555,chatafl,4,l_abs,5487
1773400683,live555,chatafl,4,b_per,13.7
1773400683,live555,chatafl,4,b_abs,2546
1773400684,live555,chatafl,4,l_per,23.0
1773400684,live555,chatafl,4,l_abs,5487
1773400684,live555,chatafl,4,b_per,13.7
1773400684,live555,chatafl,4,b_abs,2546
1773400689,live555,chatafl,4,l_per,23.0
1773400689,live555,chatafl,4,l_abs,5487
1773400689,live555,chatafl,4,b_per,13.7
1773400689,live555,chatafl,4,b_abs,2546
1773400689,live555,chatafl,4,l_per,23.0
1773400689,live555,chatafl,4,l_abs,5487
1773400689,live555,chatafl,4,b_per,13.7
1773400689,live555,chatafl,4,b_abs,2546
1773400690,live555,chatafl,4,l_per,23.0
1773400690,live555,chatafl,4,l_abs,5487
1773400690,live555,chatafl,4,b_per,13.7
1773400690,live555,chatafl,4,b_abs,2546
1773400693,live555,chatafl,4,l_per,23.0
1773400693,live555,chatafl,4,l_abs,5487
1773400693,live555,chatafl,4,b_per,13.7
1773400693,live555,chatafl,4,b_abs,2546
1773400694,live555,chatafl,4,l_per,23.0
1773400694,live555,chatafl,4,l_abs,5487
1773400694,live555,chatafl,4,b_per,13.7
1773400694,live555,chatafl,4,b_abs,2546
1773400695,live555,chatafl,4,l_per,23.0
1773400695,live555,chatafl,4,l_abs,5487
1773400695,live555,chatafl,4,b_per,13.7
1773400695,live555,chatafl,4,b_abs,2546
1773400696,live555,chatafl,4,l_per,23.0
1773400696,live555,chatafl,4,l_abs,5487
1773400696,live555,chatafl,4,b_per,13.7
1773400696,live555,chatafl,4,b_abs,2546
1773400700,live555,chatafl,4,l_per,23.0
1773400700,live555,chatafl,4,l_abs,5487
1773400700,live555,chatafl,4,b_per,13.7
1773400700,live555,chatafl,4,b_abs,2546
1773400701,live555,chatafl,4,l_per,23.0
1773400701,live555,chatafl,4,l_abs,5487
1773400701,live555,chatafl,4,b_per,13.7
1773400701,live555,chatafl,4,b_abs,2546
1773400702,live555,chatafl,4,l_per,23.0
1773400702,live555,chatafl,4,l_abs,5487
1773400702,live555,chatafl,4,b_per,13.7
1773400702,live555,chatafl,4,b_abs,2546
1773400702,live555,chatafl,4,l_per,23.0
1773400702,live555,chatafl,4,l_abs,5487
1773400702,live555,chatafl,4,b_per,13.7
1773400702,live555,chatafl,4,b_abs,2546
1773400703,live555,chatafl,4,l_per,23.0
1773400703,live555,chatafl,4,l_abs,5487
1773400703,live555,chatafl,4,b_per,13.7
1773400703,live555,chatafl,4,b_abs,2546
1773400704,live555,chatafl,4,l_per,23.0
1773400704,live555,chatafl,4,l_abs,5487
1773400704,live555,chatafl,4,b_per,13.7
1773400704,live555,chatafl,4,b_abs,2546
1773400705,live555,chatafl,4,l_per,23.0
1773400705,live555,chatafl,4,l_abs,5487
1773400705,live555,chatafl,4,b_per,13.7
1773400705,live555,chatafl,4,b_abs,2546
1773400706,live555,chatafl,4,l_per,23.0
1773400706,live555,chatafl,4,l_abs,5487
1773400706,live555,chatafl,4,b_per,13.7
1773400706,live555,chatafl,4,b_abs,2546
1773400706,live555,chatafl,4,l_per,23.0
1773400706,live555,chatafl,4,l_abs,5487
1773400706,live555,chatafl,4,b_per,13.7
1773400706,live555,chatafl,4,b_abs,2546
1773400707,live555,chatafl,4,l_per,23.0
1773400707,live555,chatafl,4,l_abs,5487
1773400707,live555,chatafl,4,b_per,13.7
1773400707,live555,chatafl,4,b_abs,2546
1773400708,live555,chatafl,4,l_per,23.0
1773400708,live555,chatafl,4,l_abs,5487
1773400708,live555,chatafl,4,b_per,13.7
1773400708,live555,chatafl,4,b_abs,2546
1773400709,live555,chatafl,4,l_per,23.0
1773400709,live555,chatafl,4,l_abs,5487
1773400709,live555,chatafl,4,b_per,13.7
1773400709,live555,chatafl,4,b_abs,2546
1773400709,live555,chatafl,4,l_per,23.0
1773400709,live555,chatafl,4,l_abs,5487
1773400709,live555,chatafl,4,b_per,13.7
1773400709,live555,chatafl,4,b_abs,2546
1773400710,live555,chatafl,4,l_per,23.0
1773400710,live555,chatafl,4,l_abs,5487
1773400710,live555,chatafl,4,b_per,13.7
1773400710,live555,chatafl,4,b_abs,2546
1773400711,live555,chatafl,4,l_per,23.0
1773400711,live555,chatafl,4,l_abs,5487
1773400711,live555,chatafl,4,b_per,13.7
1773400711,live555,chatafl,4,b_abs,2546
1773400711,live555,chatafl,4,l_per,23.0
1773400711,live555,chatafl,4,l_abs,5487
1773400711,live555,chatafl,4,b_per,13.7
1773400711,live555,chatafl,4,b_abs,2546
1773400712,live555,chatafl,4,l_per,23.0
1773400712,live555,chatafl,4,l_abs,5487
1773400712,live555,chatafl,4,b_per,13.7
1773400712,live555,chatafl,4,b_abs,2546
1773400712,live555,chatafl,4,l_per,23.0
1773400712,live555,chatafl,4,l_abs,5487
1773400712,live555,chatafl,4,b_per,13.7
1773400712,live555,chatafl,4,b_abs,2546
1773400712,live555,chatafl,4,l_per,23.0
1773400712,live555,chatafl,4,l_abs,5487
1773400712,live555,chatafl,4,b_per,13.7
1773400712,live555,chatafl,4,b_abs,2546
1773400713,live555,chatafl,4,l_per,23.0
1773400713,live555,chatafl,4,l_abs,5487
1773400713,live555,chatafl,4,b_per,13.7
1773400713,live555,chatafl,4,b_abs,2546
1773400713,live555,chatafl,4,l_per,23.0
1773400713,live555,chatafl,4,l_abs,5487
1773400713,live555,chatafl,4,b_per,13.7
1773400713,live555,chatafl,4,b_abs,2546
1773400714,live555,chatafl,4,l_per,23.0
1773400714,live555,chatafl,4,l_abs,5487
1773400714,live555,chatafl,4,b_per,13.7
1773400714,live555,chatafl,4,b_abs,2546
1773400556,live555,chatafl,4,l_per,23.0
1773400556,live555,chatafl,4,l_abs,5487
1773400556,live555,chatafl,4,b_per,13.7
1773400556,live555,chatafl,4,b_abs,2546
1773400625,live555,chatafl,4,l_per,23.0
1773400625,live555,chatafl,4,l_abs,5487
1773400625,live555,chatafl,4,b_per,13.7
1773400625,live555,chatafl,4,b_abs,2546
1773400669,live555,chatafl,4,l_per,23.0
1773400669,live555,chatafl,4,l_abs,5487
1773400669,live555,chatafl,4,b_per,13.7
1773400669,live555,chatafl,4,b_abs,2546
1773400718,live555,chatafl,4,l_per,23.1
1773400718,live555,chatafl,4,l_abs,5502
1773400718,live555,chatafl,4,b_per,13.9
1773400718,live555,chatafl,4,b_abs,2568
1773400765,live555,chatafl,4,l_per,23.1
1773400765,live555,chatafl,4,l_abs,5507
1773400765,live555,chatafl,4,b_per,14.0
1773400765,live555,chatafl,4,b_abs,2592
1773400842,live555,chatafl,4,l_per,23.1
1773400842,live555,chatafl,4,l_abs,5517
1773400842,live555,chatafl,4,b_per,14.1
1773400842,live555,chatafl,4,b_abs,2613
1773400944,live555,chatafl,4,l_per,23.2
1773400944,live555,chatafl,4,l_abs,5523
1773400944,live555,chatafl,4,b_per,14.2
1773400944,live555,chatafl,4,b_abs,2628
1773401076,live555,chatafl,4,l_per,23.3
1773401076,live555,chatafl,4,l_abs,5559
1773401076,live555,chatafl,4,b_per,14.4
1773401076,live555,chatafl,4,b_abs,2659
1773401230,live555,chatafl,4,l_per,23.3
1773401230,live555,chatafl,4,l_abs,5561
1773401230,live555,chatafl,4,b_per,14.4
1773401230,live555,chatafl,4,b_abs,2668
1773401445,live555,chatafl,4,l_per,23.3
1773401445,live555,chatafl,4,l_abs,5566
1773401445,live555,chatafl,4,b_per,14.5
1773401445,live555,chatafl,4,b_abs,2680
1773401631,live555,chatafl,4,l_per,23.3
1773401631,live555,chatafl,4,l_abs,5570
1773401631,live555,chatafl,4,b_per,14.5
1773401631,live555,chatafl,4,b_abs,2691
1773401859,live555,chatafl,4,l_per,23.7
1773401859,live555,chatafl,4,l_abs,5654
1773401859,live555,chatafl,4,b_per,14.7
1773401859,live555,chatafl,4,b_abs,2724
1773402203,live555,chatafl,4,l_per,23.8
1773402203,live555,chatafl,4,l_abs,5672
1773402203,live555,chatafl,4,b_per,14.8
1773402203,live555,chatafl,4,b_abs,2740
1773402526,live555,chatafl,4,l_per,23.9
1773402526,live555,chatafl,4,l_abs,5705
1773402526,live555,chatafl,4,b_per,15.0
1773402526,live555,chatafl,4,b_abs,2785
1773402998,live555,chatafl,4,l_per,23.9
1773402998,live555,chatafl,4,l_abs,5706
1773402998,live555,chatafl,4,b_per,15.1
1773402998,live555,chatafl,4,b_abs,2791
1773403330,live555,chatafl,4,l_per,23.9
1773403330,live555,chatafl,4,l_abs,5714
1773403330,live555,chatafl,4,b_per,15.1
1773403330,live555,chatafl,4,b_abs,2800
1773403881,live555,chatafl,4,l_per,24.0
1773403881,live555,chatafl,4,l_abs,5725
1773403881,live555,chatafl,4,b_per,15.2
1773403881,live555,chatafl,4,b_abs,2817
1773404531,live555,chatafl,4,l_per,24.0
1773404531,live555,chatafl,4,l_abs,5725
1773404531,live555,chatafl,4,b_per,15.2
1773404531,live555,chatafl,4,b_abs,2818
1773405133,live555,chatafl,4,l_per,24.2
1773405133,live555,chatafl,4,l_abs,5789
1773405133,live555,chatafl,4,b_per,15.5
1773405133,live555,chatafl,4,b_abs,2863
1773406104,live555,chatafl,4,l_per,24.3
1773406104,live555,chatafl,4,l_abs,5797
1773406104,live555,chatafl,4,b_per,15.5
1773406104,live555,chatafl,4,b_abs,2866
1773407353,live555,chatafl,4,l_per,24.3
1773407353,live555,chatafl,4,l_abs,5812
1773407353,live555,chatafl,4,b_per,15.5
1773407353,live555,chatafl,4,b_abs,2874
1773408320,live555,chatafl,4,l_per,24.4
1773408320,live555,chatafl,4,l_abs,5826
1773408320,live555,chatafl,4,b_per,15.6
1773408320,live555,chatafl,4,b_abs,2880
1773409159,live555,chatafl,4,l_per,24.4
1773409159,live555,chatafl,4,l_abs,5826
1773409159,live555,chatafl,4,b_per,15.6
1773409159,live555,chatafl,4,b_abs,2881
1773410977,live555,chatafl,4,l_per,24.4
1773410977,live555,chatafl,4,l_abs,5830
1773410977,live555,chatafl,4,b_per,15.6
1773410977,live555,chatafl,4,b_abs,2882
1773413106,live555,chatafl,4,l_per,24.4
1773413106,live555,chatafl,4,l_abs,5833
1773413106,live555,chatafl,4,b_per,15.6
1773413106,live555,chatafl,4,b_abs,2887
1773415188,live555,chatafl,4,l_per,24.4
1773415188,live555,chatafl,4,l_abs,5834
1773415188,live555,chatafl,4,b_per,15.6
1773415188,live555,chatafl,4,b_abs,2890
1773417390,live555,chatafl,4,l_per,24.5
1773417390,live555,chatafl,4,l_abs,5838
1773417390,live555,chatafl,4,b_per,15.6
1773417390,live555,chatafl,4,b_abs,2895
1773419541,live555,chatafl,4,l_per,24.5
1773419541,live555,chatafl,4,l_abs,5840
1773419541,live555,chatafl,4,b_per,15.7
1773419541,live555,chatafl,4,b_abs,2901
1773422944,live555,chatafl,4,l_per,24.5
1773422944,live555,chatafl,4,l_abs,5840
1773422944,live555,chatafl,4,b_per,15.7
1773422944,live555,chatafl,4,b_abs,2901
1773425463,live555,chatafl,4,l_per,24.5
1773425463,live555,chatafl,4,l_abs,5840
1773425463,live555,chatafl,4,b_per,15.7
1773425463,live555,chatafl,4,b_abs,2901
1773429238,live555,chatafl,4,l_per,24.5
1773429238,live555,chatafl,4,l_abs,5841
1773429238,live555,chatafl,4,b_per,15.7
1773429238,live555,chatafl,4,b_abs,2904
1773434397,live555,chatafl,4,l_per,24.5
1773434397,live555,chatafl,4,l_abs,5841
1773434397,live555,chatafl,4,b_per,15.7
1773434397,live555,chatafl,4,b_abs,2905
1773439860,live555,chatafl,4,l_per,24.5
1773439860,live555,chatafl,4,l_abs,5841
1773439860,live555,chatafl,4,b_per,15.7
1773439860,live555,chatafl,4,b_abs,2905
1773445242,live555,chatafl,4,l_per,24.5
1773445242,live555,chatafl,4,l_abs,5841
1773445242,live555,chatafl,4,b_per,15.7
1773445242,live555,chatafl,4,b_abs,2906
1773452744,live555,chatafl,4,l_per,24.5
1773452744,live555,chatafl,4,l_abs,5841
1773452744,live555,chatafl,4,b_per,15.7
1773452744,live555,chatafl,4,b_abs,2907
1773460799,live555,chatafl,4,l_per,24.5
1773460799,live555,chatafl,4,l_abs,5847
1773460799,live555,chatafl,4,b_per,15.8
1773460799,live555,chatafl,4,b_abs,2918
1773468154,live555,chatafl,4,l_per,24.5
1773468154,live555,chatafl,4,l_abs,5847
1773468154,live555,chatafl,4,b_per,15.8
1773468154,live555,chatafl,4,b_abs,2919
1773478952,live555,chatafl,4,l_per,24.5
1773478952,live555,chatafl,4,l_abs,5849
1773478952,live555,chatafl,4,b_per,15.8
1773478952,live555,chatafl,4,b_abs,2921
1773486054,live555,chatafl,4,l_per,24.5
1773486054,live555,chatafl,4,l_abs,5849
1773486054,live555,chatafl,4,b_per,15.8
1773486054,live555,chatafl,4,b_abs,2922
1773398355,live555,chatafl_opt,1,l_per,15.9
1773398355,live555,chatafl_opt,1,l_abs,3771
1773398355,live555,chatafl_opt,1,b_per,9.6
1773398355,live555,chatafl_opt,1,b_abs,1786
1773398360,live555,chatafl_opt,1,l_per,15.9
1773398360,live555,chatafl_opt,1,l_abs,3773
1773398360,live555,chatafl_opt,1,b_per,9.7
1773398360,live555,chatafl_opt,1,b_abs,1788
1773398366,live555,chatafl_opt,1,l_per,15.9
1773398366,live555,chatafl_opt,1,l_abs,3775
1773398366,live555,chatafl_opt,1,b_per,9.7
1773398366,live555,chatafl_opt,1,b_abs,1795
1773398372,live555,chatafl_opt,1,l_per,15.9
1773398372,live555,chatafl_opt,1,l_abs,3775
1773398372,live555,chatafl_opt,1,b_per,9.7
1773398372,live555,chatafl_opt,1,b_abs,1796
1773398372,live555,chatafl_opt,1,l_per,15.9
1773398372,live555,chatafl_opt,1,l_abs,3775
1773398372,live555,chatafl_opt,1,b_per,9.7
1773398372,live555,chatafl_opt,1,b_abs,1796
1773398373,live555,chatafl_opt,1,l_per,16.0
1773398373,live555,chatafl_opt,1,l_abs,3791
1773398373,live555,chatafl_opt,1,b_per,9.8
1773398373,live555,chatafl_opt,1,b_abs,1824
1773398374,live555,chatafl_opt,1,l_per,16.0
1773398374,live555,chatafl_opt,1,l_abs,3800
1773398374,live555,chatafl_opt,1,b_per,9.9
1773398374,live555,chatafl_opt,1,b_abs,1837
1773398379,live555,chatafl_opt,1,l_per,16.0
1773398379,live555,chatafl_opt,1,l_abs,3800
1773398379,live555,chatafl_opt,1,b_per,9.9
1773398379,live555,chatafl_opt,1,b_abs,1837
1773398380,live555,chatafl_opt,1,l_per,16.0
1773398380,live555,chatafl_opt,1,l_abs,3800
1773398380,live555,chatafl_opt,1,b_per,9.9
1773398380,live555,chatafl_opt,1,b_abs,1839
1773398381,live555,chatafl_opt,1,l_per,16.0
1773398381,live555,chatafl_opt,1,l_abs,3800
1773398381,live555,chatafl_opt,1,b_per,9.9
1773398381,live555,chatafl_opt,1,b_abs,1839
1773398382,live555,chatafl_opt,1,l_per,16.0
1773398382,live555,chatafl_opt,1,l_abs,3800
1773398382,live555,chatafl_opt,1,b_per,9.9
1773398382,live555,chatafl_opt,1,b_abs,1839
1773398387,live555,chatafl_opt,1,l_per,16.9
1773398387,live555,chatafl_opt,1,l_abs,4024
1773398387,live555,chatafl_opt,1,b_per,10.6
1773398387,live555,chatafl_opt,1,b_abs,1966
1773398388,live555,chatafl_opt,1,l_per,16.9
1773398388,live555,chatafl_opt,1,l_abs,4024
1773398388,live555,chatafl_opt,1,b_per,10.6
1773398388,live555,chatafl_opt,1,b_abs,1966
1773398389,live555,chatafl_opt,1,l_per,16.9
1773398389,live555,chatafl_opt,1,l_abs,4024
1773398389,live555,chatafl_opt,1,b_per,10.6
1773398389,live555,chatafl_opt,1,b_abs,1966
1773398394,live555,chatafl_opt,1,l_per,16.9
1773398394,live555,chatafl_opt,1,l_abs,4028
1773398394,live555,chatafl_opt,1,b_per,10.6
1773398394,live555,chatafl_opt,1,b_abs,1972
1773398395,live555,chatafl_opt,1,l_per,16.9
1773398395,live555,chatafl_opt,1,l_abs,4028
1773398395,live555,chatafl_opt,1,b_per,10.6
1773398395,live555,chatafl_opt,1,b_abs,1972
1773398396,live555,chatafl_opt,1,l_per,16.9
1773398396,live555,chatafl_opt,1,l_abs,4029
1773398396,live555,chatafl_opt,1,b_per,10.7
1773398396,live555,chatafl_opt,1,b_abs,1979
1773398397,live555,chatafl_opt,1,l_per,16.9
1773398397,live555,chatafl_opt,1,l_abs,4029
1773398397,live555,chatafl_opt,1,b_per,10.7
1773398397,live555,chatafl_opt,1,b_abs,1979
1773398403,live555,chatafl_opt,1,l_per,16.9
1773398403,live555,chatafl_opt,1,l_abs,4029
1773398403,live555,chatafl_opt,1,b_per,10.7
1773398403,live555,chatafl_opt,1,b_abs,1979
1773398404,live555,chatafl_opt,1,l_per,16.9
1773398404,live555,chatafl_opt,1,l_abs,4029
1773398404,live555,chatafl_opt,1,b_per,10.7
1773398404,live555,chatafl_opt,1,b_abs,1979
1773398408,live555,chatafl_opt,1,l_per,16.9
1773398408,live555,chatafl_opt,1,l_abs,4029
1773398408,live555,chatafl_opt,1,b_per,10.7
1773398408,live555,chatafl_opt,1,b_abs,1979
1773398409,live555,chatafl_opt,1,l_per,16.9
1773398409,live555,chatafl_opt,1,l_abs,4029
1773398409,live555,chatafl_opt,1,b_per,10.7
1773398409,live555,chatafl_opt,1,b_abs,1979
1773398410,live555,chatafl_opt,1,l_per,16.9
1773398410,live555,chatafl_opt,1,l_abs,4029
1773398410,live555,chatafl_opt,1,b_per,10.7
1773398410,live555,chatafl_opt,1,b_abs,1979
1773398411,live555,chatafl_opt,1,l_per,16.9
1773398411,live555,chatafl_opt,1,l_abs,4029
1773398411,live555,chatafl_opt,1,b_per,10.7
1773398411,live555,chatafl_opt,1,b_abs,1979
1773398412,live555,chatafl_opt,1,l_per,16.9
1773398412,live555,chatafl_opt,1,l_abs,4029
1773398412,live555,chatafl_opt,1,b_per,10.7
1773398412,live555,chatafl_opt,1,b_abs,1979
1773398413,live555,chatafl_opt,1,l_per,16.9
1773398413,live555,chatafl_opt,1,l_abs,4029
1773398413,live555,chatafl_opt,1,b_per,10.7
1773398413,live555,chatafl_opt,1,b_abs,1979
1773398417,live555,chatafl_opt,1,l_per,16.9
1773398417,live555,chatafl_opt,1,l_abs,4029
1773398417,live555,chatafl_opt,1,b_per,10.7
1773398417,live555,chatafl_opt,1,b_abs,1979
1773398418,live555,chatafl_opt,1,l_per,16.9
1773398418,live555,chatafl_opt,1,l_abs,4029
1773398418,live555,chatafl_opt,1,b_per,10.7
1773398418,live555,chatafl_opt,1,b_abs,1979
1773398425,live555,chatafl_opt,1,l_per,16.9
1773398425,live555,chatafl_opt,1,l_abs,4029
1773398425,live555,chatafl_opt,1,b_per,10.7
1773398425,live555,chatafl_opt,1,b_abs,1979
1773398426,live555,chatafl_opt,1,l_per,16.9
1773398426,live555,chatafl_opt,1,l_abs,4029
1773398426,live555,chatafl_opt,1,b_per,10.7
1773398426,live555,chatafl_opt,1,b_abs,1979
1773398427,live555,chatafl_opt,1,l_per,16.9
1773398427,live555,chatafl_opt,1,l_abs,4029
1773398427,live555,chatafl_opt,1,b_per,10.7
1773398427,live555,chatafl_opt,1,b_abs,1979
1773398430,live555,chatafl_opt,1,l_per,16.9
1773398430,live555,chatafl_opt,1,l_abs,4029
1773398430,live555,chatafl_opt,1,b_per,10.7
1773398430,live555,chatafl_opt,1,b_abs,1979
1773398431,live555,chatafl_opt,1,l_per,16.9
1773398431,live555,chatafl_opt,1,l_abs,4029
1773398431,live555,chatafl_opt,1,b_per,10.7
1773398431,live555,chatafl_opt,1,b_abs,1979
1773398439,live555,chatafl_opt,1,l_per,16.9
1773398439,live555,chatafl_opt,1,l_abs,4029
1773398439,live555,chatafl_opt,1,b_per,10.7
1773398439,live555,chatafl_opt,1,b_abs,1980
1773398440,live555,chatafl_opt,1,l_per,16.9
1773398440,live555,chatafl_opt,1,l_abs,4029
1773398440,live555,chatafl_opt,1,b_per,10.7
1773398440,live555,chatafl_opt,1,b_abs,1980
1773398446,live555,chatafl_opt,1,l_per,16.9
1773398446,live555,chatafl_opt,1,l_abs,4029
1773398446,live555,chatafl_opt,1,b_per,10.7
1773398446,live555,chatafl_opt,1,b_abs,1980
1773398455,live555,chatafl_opt,1,l_per,16.9
1773398455,live555,chatafl_opt,1,l_abs,4029
1773398455,live555,chatafl_opt,1,b_per,10.7
1773398455,live555,chatafl_opt,1,b_abs,1980
1773398455,live555,chatafl_opt,1,l_per,16.9
1773398455,live555,chatafl_opt,1,l_abs,4029
1773398455,live555,chatafl_opt,1,b_per,10.7
1773398455,live555,chatafl_opt,1,b_abs,1980
1773398456,live555,chatafl_opt,1,l_per,16.9
1773398456,live555,chatafl_opt,1,l_abs,4029
1773398456,live555,chatafl_opt,1,b_per,10.7
1773398456,live555,chatafl_opt,1,b_abs,1980
1773398457,live555,chatafl_opt,1,l_per,16.9
1773398457,live555,chatafl_opt,1,l_abs,4029
1773398457,live555,chatafl_opt,1,b_per,10.7
1773398457,live555,chatafl_opt,1,b_abs,1980
1773398458,live555,chatafl_opt,1,l_per,16.9
1773398458,live555,chatafl_opt,1,l_abs,4029
1773398458,live555,chatafl_opt,1,b_per,10.7
1773398458,live555,chatafl_opt,1,b_abs,1980
1773398460,live555,chatafl_opt,1,l_per,16.9
1773398460,live555,chatafl_opt,1,l_abs,4029
1773398460,live555,chatafl_opt,1,b_per,10.7
1773398460,live555,chatafl_opt,1,b_abs,1980
1773398461,live555,chatafl_opt,1,l_per,16.9
1773398461,live555,chatafl_opt,1,l_abs,4029
1773398461,live555,chatafl_opt,1,b_per,10.7
1773398461,live555,chatafl_opt,1,b_abs,1980
1773398462,live555,chatafl_opt,1,l_per,16.9
1773398462,live555,chatafl_opt,1,l_abs,4029
1773398462,live555,chatafl_opt,1,b_per,10.7
1773398462,live555,chatafl_opt,1,b_abs,1980
1773398463,live555,chatafl_opt,1,l_per,16.9
1773398463,live555,chatafl_opt,1,l_abs,4029
1773398463,live555,chatafl_opt,1,b_per,10.7
1773398463,live555,chatafl_opt,1,b_abs,1980
1773398464,live555,chatafl_opt,1,l_per,16.9
1773398464,live555,chatafl_opt,1,l_abs,4029
1773398464,live555,chatafl_opt,1,b_per,10.7
1773398464,live555,chatafl_opt,1,b_abs,1980
1773398464,live555,chatafl_opt,1,l_per,16.9
1773398464,live555,chatafl_opt,1,l_abs,4029
1773398464,live555,chatafl_opt,1,b_per,10.7
1773398464,live555,chatafl_opt,1,b_abs,1980
1773398465,live555,chatafl_opt,1,l_per,16.9
1773398465,live555,chatafl_opt,1,l_abs,4029
1773398465,live555,chatafl_opt,1,b_per,10.7
1773398465,live555,chatafl_opt,1,b_abs,1980
1773398466,live555,chatafl_opt,1,l_per,17.5
1773398466,live555,chatafl_opt,1,l_abs,4150
1773398466,live555,chatafl_opt,1,b_per,10.9
1773398466,live555,chatafl_opt,1,b_abs,2023
1773398466,live555,chatafl_opt,1,l_per,18.0
1773398466,live555,chatafl_opt,1,l_abs,4272
1773398466,live555,chatafl_opt,1,b_per,11.1
1773398466,live555,chatafl_opt,1,b_abs,2057
1773398466,live555,chatafl_opt,1,l_per,19.0
1773398466,live555,chatafl_opt,1,l_abs,4523
1773398466,live555,chatafl_opt,1,b_per,11.7
1773398466,live555,chatafl_opt,1,b_abs,2167
1773398469,live555,chatafl_opt,1,l_per,21.2
1773398469,live555,chatafl_opt,1,l_abs,5043
1773398469,live555,chatafl_opt,1,b_per,12.9
1773398469,live555,chatafl_opt,1,b_abs,2383
1773398469,live555,chatafl_opt,1,l_per,22.9
1773398469,live555,chatafl_opt,1,l_abs,5460
1773398469,live555,chatafl_opt,1,b_per,13.7
1773398469,live555,chatafl_opt,1,b_abs,2540
1773398469,live555,chatafl_opt,1,l_per,22.9
1773398469,live555,chatafl_opt,1,l_abs,5460
1773398469,live555,chatafl_opt,1,b_per,13.7
1773398469,live555,chatafl_opt,1,b_abs,2540
1773398470,live555,chatafl_opt,1,l_per,22.9
1773398470,live555,chatafl_opt,1,l_abs,5460
1773398470,live555,chatafl_opt,1,b_per,13.7
1773398470,live555,chatafl_opt,1,b_abs,2540
1773398457,live555,chatafl_opt,1,l_per,22.9
1773398457,live555,chatafl_opt,1,l_abs,5460
1773398457,live555,chatafl_opt,1,b_per,13.7
1773398457,live555,chatafl_opt,1,b_abs,2540
1773398507,live555,chatafl_opt,1,l_per,23.0
1773398507,live555,chatafl_opt,1,l_abs,5497
1773398507,live555,chatafl_opt,1,b_per,14.0
1773398507,live555,chatafl_opt,1,b_abs,2589
1773398562,live555,chatafl_opt,1,l_per,23.1
1773398562,live555,chatafl_opt,1,l_abs,5500
1773398562,live555,chatafl_opt,1,b_per,14.0
1773398562,live555,chatafl_opt,1,b_abs,2596
1773398624,live555,chatafl_opt,1,l_per,23.1
1773398624,live555,chatafl_opt,1,l_abs,5503
1773398624,live555,chatafl_opt,1,b_per,14.1
1773398624,live555,chatafl_opt,1,b_abs,2606
1773398760,live555,chatafl_opt,1,l_per,23.2
1773398760,live555,chatafl_opt,1,l_abs,5544
1773398760,live555,chatafl_opt,1,b_per,14.3
1773398760,live555,chatafl_opt,1,b_abs,2651
1773398866,live555,chatafl_opt,1,l_per,23.4
1773398866,live555,chatafl_opt,1,l_abs,5576
1773398866,live555,chatafl_opt,1,b_per,14.5
1773398866,live555,chatafl_opt,1,b_abs,2684
1773399065,live555,chatafl_opt,1,l_per,23.4
1773399065,live555,chatafl_opt,1,l_abs,5579
1773399065,live555,chatafl_opt,1,b_per,14.5
1773399065,live555,chatafl_opt,1,b_abs,2694
1773399241,live555,chatafl_opt,1,l_per,23.4
1773399241,live555,chatafl_opt,1,l_abs,5592
1773399241,live555,chatafl_opt,1,b_per,14.6
1773399241,live555,chatafl_opt,1,b_abs,2710
1773399478,live555,chatafl_opt,1,l_per,23.5
1773399478,live555,chatafl_opt,1,l_abs,5612
1773399478,live555,chatafl_opt,1,b_per,14.7
1773399478,live555,chatafl_opt,1,b_abs,2726
1773399849,live555,chatafl_opt,1,l_per,23.5
1773399849,live555,chatafl_opt,1,l_abs,5614
1773399849,live555,chatafl_opt,1,b_per,14.8
1773399849,live555,chatafl_opt,1,b_abs,2732
1773400204,live555,chatafl_opt,1,l_per,23.6
1773400204,live555,chatafl_opt,1,l_abs,5634
1773400204,live555,chatafl_opt,1,b_per,14.8
1773400204,live555,chatafl_opt,1,b_abs,2744
1773400584,live555,chatafl_opt,1,l_per,23.6
1773400584,live555,chatafl_opt,1,l_abs,5634
1773400584,live555,chatafl_opt,1,b_per,14.8
1773400584,live555,chatafl_opt,1,b_abs,2749
1773400997,live555,chatafl_opt,1,l_per,23.6
1773400997,live555,chatafl_opt,1,l_abs,5641
1773400997,live555,chatafl_opt,1,b_per,14.9
1773400997,live555,chatafl_opt,1,b_abs,2754
1773401491,live555,chatafl_opt,1,l_per,23.6
1773401491,live555,chatafl_opt,1,l_abs,5642
1773401491,live555,chatafl_opt,1,b_per,14.9
1773401491,live555,chatafl_opt,1,b_abs,2760
1773401962,live555,chatafl_opt,1,l_per,24.0
1773401962,live555,chatafl_opt,1,l_abs,5722
1773401962,live555,chatafl_opt,1,b_per,15.1
1773401962,live555,chatafl_opt,1,b_abs,2790
1773403288,live555,chatafl_opt,1,l_per,24.0
1773403288,live555,chatafl_opt,1,l_abs,5724
1773403288,live555,chatafl_opt,1,b_per,15.1
1773403288,live555,chatafl_opt,1,b_abs,2794
1773404189,live555,chatafl_opt,1,l_per,24.0
1773404189,live555,chatafl_opt,1,l_abs,5736
1773404189,live555,chatafl_opt,1,b_per,15.2
1773404189,live555,chatafl_opt,1,b_abs,2808
1773405331,live555,chatafl_opt,1,l_per,24.0
1773405331,live555,chatafl_opt,1,l_abs,5737
1773405331,live555,chatafl_opt,1,b_per,15.2
1773405331,live555,chatafl_opt,1,b_abs,2812
1773406388,live555,chatafl_opt,1,l_per,24.1
1773406388,live555,chatafl_opt,1,l_abs,5741
1773406388,live555,chatafl_opt,1,b_per,15.2
1773406388,live555,chatafl_opt,1,b_abs,2813
1773407761,live555,chatafl_opt,1,l_per,24.1
1773407761,live555,chatafl_opt,1,l_abs,5741
1773407761,live555,chatafl_opt,1,b_per,15.2
1773407761,live555,chatafl_opt,1,b_abs,2814
1773409753,live555,chatafl_opt,1,l_per,24.1
1773409753,live555,chatafl_opt,1,l_abs,5741
1773409753,live555,chatafl_opt,1,b_per,15.2
1773409753,live555,chatafl_opt,1,b_abs,2814
1773411350,live555,chatafl_opt,1,l_per,24.1
1773411350,live555,chatafl_opt,1,l_abs,5742
1773411350,live555,chatafl_opt,1,b_per,15.2
1773411350,live555,chatafl_opt,1,b_abs,2816
1773413951,live555,chatafl_opt,1,l_per,24.1
1773413951,live555,chatafl_opt,1,l_abs,5755
1773413951,live555,chatafl_opt,1,b_per,15.2
1773413951,live555,chatafl_opt,1,b_abs,2822
1773418006,live555,chatafl_opt,1,l_per,24.1
1773418006,live555,chatafl_opt,1,l_abs,5755
1773418006,live555,chatafl_opt,1,b_per,15.2
1773418006,live555,chatafl_opt,1,b_abs,2823
1773421188,live555,chatafl_opt,1,l_per,24.1
1773421188,live555,chatafl_opt,1,l_abs,5758
1773421188,live555,chatafl_opt,1,b_per,15.3
1773421188,live555,chatafl_opt,1,b_abs,2829
1773426500,live555,chatafl_opt,1,l_per,24.1
1773426500,live555,chatafl_opt,1,l_abs,5758
1773426500,live555,chatafl_opt,1,b_per,15.3
1773426500,live555,chatafl_opt,1,b_abs,2831
1773430585,live555,chatafl_opt,1,l_per,24.1
1773430585,live555,chatafl_opt,1,l_abs,5758
1773430585,live555,chatafl_opt,1,b_per,15.3
1773430585,live555,chatafl_opt,1,b_abs,2832
1773438351,live555,chatafl_opt,1,l_per,24.2
1773438351,live555,chatafl_opt,1,l_abs,5770
1773438351,live555,chatafl_opt,1,b_per,15.4
1773438351,live555,chatafl_opt,1,b_abs,2851
1773445814,live555,chatafl_opt,1,l_per,24.2
1773445814,live555,chatafl_opt,1,l_abs,5770
1773445814,live555,chatafl_opt,1,b_per,15.4
1773445814,live555,chatafl_opt,1,b_abs,2853
1773458382,live555,chatafl_opt,1,l_per,24.2
1773458382,live555,chatafl_opt,1,l_abs,5770
1773458382,live555,chatafl_opt,1,b_per,15.4
1773458382,live555,chatafl_opt,1,b_abs,2856
1773467256,live555,chatafl_opt,1,l_per,24.2
1773467256,live555,chatafl_opt,1,l_abs,5783
1773467256,live555,chatafl_opt,1,b_per,15.5
1773467256,live555,chatafl_opt,1,b_abs,2877
1773482462,live555,chatafl_opt,1,l_per,24.2
1773482462,live555,chatafl_opt,1,l_abs,5783
1773482462,live555,chatafl_opt,1,b_per,15.5
1773482462,live555,chatafl_opt,1,b_abs,2877
1773485915,live555,chatafl_opt,1,l_per,24.2
1773485915,live555,chatafl_opt,1,l_abs,5783
1773485915,live555,chatafl_opt,1,b_per,15.5
1773485915,live555,chatafl_opt,1,b_abs,2877
1773398281,live555,chatafl_opt,2,l_per,13.6
1773398281,live555,chatafl_opt,2,l_abs,3222
1773398281,live555,chatafl_opt,2,b_per,8.1
1773398281,live555,chatafl_opt,2,b_abs,1495
1773398282,live555,chatafl_opt,2,l_per,14.2
1773398282,live555,chatafl_opt,2,l_abs,3367
1773398282,live555,chatafl_opt,2,b_per,8.3
1773398282,live555,chatafl_opt,2,b_abs,1534
1773398285,live555,chatafl_opt,2,l_per,17.1
1773398285,live555,chatafl_opt,2,l_abs,4066
1773398285,live555,chatafl_opt,2,b_per,10.0
1773398285,live555,chatafl_opt,2,b_abs,1858
1773398287,live555,chatafl_opt,2,l_per,19.3
1773398287,live555,chatafl_opt,2,l_abs,4590
1773398287,live555,chatafl_opt,2,b_per,11.2
1773398287,live555,chatafl_opt,2,b_abs,2081
1773398289,live555,chatafl_opt,2,l_per,19.4
1773398289,live555,chatafl_opt,2,l_abs,4617
1773398289,live555,chatafl_opt,2,b_per,11.3
1773398289,live555,chatafl_opt,2,b_abs,2093
1773398291,live555,chatafl_opt,2,l_per,20.3
1773398291,live555,chatafl_opt,2,l_abs,4825
1773398291,live555,chatafl_opt,2,b_per,12.0
1773398291,live555,chatafl_opt,2,b_abs,2216
1773398294,live555,chatafl_opt,2,l_per,20.9
1773398294,live555,chatafl_opt,2,l_abs,4973
1773398294,live555,chatafl_opt,2,b_per,12.4
1773398294,live555,chatafl_opt,2,b_abs,2294
1773398315,live555,chatafl_opt,2,l_per,22.7
1773398315,live555,chatafl_opt,2,l_abs,5421
1773398315,live555,chatafl_opt,2,b_per,13.5
1773398315,live555,chatafl_opt,2,b_abs,2502
1773398346,live555,chatafl_opt,2,l_per,22.8
1773398346,live555,chatafl_opt,2,l_abs,5442
1773398346,live555,chatafl_opt,2,b_per,13.7
1773398346,live555,chatafl_opt,2,b_abs,2541
1773398381,live555,chatafl_opt,2,l_per,23.0
1773398381,live555,chatafl_opt,2,l_abs,5482
1773398381,live555,chatafl_opt,2,b_per,13.9
1773398381,live555,chatafl_opt,2,b_abs,2579
1773398430,live555,chatafl_opt,2,l_per,23.0
1773398430,live555,chatafl_opt,2,l_abs,5497
1773398430,live555,chatafl_opt,2,b_per,14.1
1773398430,live555,chatafl_opt,2,b_abs,2610
1773398496,live555,chatafl_opt,2,l_per,23.1
1773398496,live555,chatafl_opt,2,l_abs,5517
1773398496,live555,chatafl_opt,2,b_per,14.2
1773398496,live555,chatafl_opt,2,b_abs,2632
1773398581,live555,chatafl_opt,2,l_per,23.1
1773398581,live555,chatafl_opt,2,l_abs,5520
1773398581,live555,chatafl_opt,2,b_per,14.3
1773398581,live555,chatafl_opt,2,b_abs,2655
1773398684,live555,chatafl_opt,2,l_per,23.1
1773398684,live555,chatafl_opt,2,l_abs,5520
1773398684,live555,chatafl_opt,2,b_per,14.3
1773398684,live555,chatafl_opt,2,b_abs,2656
1773398869,live555,chatafl_opt,2,l_per,23.2
1773398869,live555,chatafl_opt,2,l_abs,5536
1773398869,live555,chatafl_opt,2,b_per,14.4
1773398869,live555,chatafl_opt,2,b_abs,2671
1773399082,live555,chatafl_opt,2,l_per,23.3
1773399082,live555,chatafl_opt,2,l_abs,5558
1773399082,live555,chatafl_opt,2,b_per,14.5
1773399082,live555,chatafl_opt,2,b_abs,2687
1773399310,live555,chatafl_opt,2,l_per,23.3
1773399310,live555,chatafl_opt,2,l_abs,5558
1773399310,live555,chatafl_opt,2,b_per,14.5
1773399310,live555,chatafl_opt,2,b_abs,2690
1773399415,live555,chatafl_opt,2,l_per,23.3
1773399415,live555,chatafl_opt,2,l_abs,5558
1773399415,live555,chatafl_opt,2,b_per,14.5
1773399415,live555,chatafl_opt,2,b_abs,2691
1773399513,live555,chatafl_opt,2,l_per,23.6
1773399513,live555,chatafl_opt,2,l_abs,5636
1773399513,live555,chatafl_opt,2,b_per,14.7
1773399513,live555,chatafl_opt,2,b_abs,2717
1773399668,live555,chatafl_opt,2,l_per,23.6
1773399668,live555,chatafl_opt,2,l_abs,5637
1773399668,live555,chatafl_opt,2,b_per,14.7
1773399668,live555,chatafl_opt,2,b_abs,2725
1773399900,live555,chatafl_opt,2,l_per,23.6
1773399900,live555,chatafl_opt,2,l_abs,5637
1773399900,live555,chatafl_opt,2,b_per,14.7
1773399900,live555,chatafl_opt,2,b_abs,2726
1773400172,live555,chatafl_opt,2,l_per,23.6
1773400172,live555,chatafl_opt,2,l_abs,5639
1773400172,live555,chatafl_opt,2,b_per,14.7
1773400172,live555,chatafl_opt,2,b_abs,2730
1773400519,live555,chatafl_opt,2,l_per,23.7
1773400519,live555,chatafl_opt,2,l_abs,5655
1773400519,live555,chatafl_opt,2,b_per,14.8
1773400519,live555,chatafl_opt,2,b_abs,2738
1773400918,live555,chatafl_opt,2,l_per,23.8
1773400918,live555,chatafl_opt,2,l_abs,5667
1773400918,live555,chatafl_opt,2,b_per,14.9
1773400918,live555,chatafl_opt,2,b_abs,2761
1773401168,live555,chatafl_opt,2,l_per,23.8
1773401168,live555,chatafl_opt,2,l_abs,5675
1773401168,live555,chatafl_opt,2,b_per,14.9
1773401168,live555,chatafl_opt,2,b_abs,2763
1773401688,live555,chatafl_opt,2,l_per,23.8
1773401688,live555,chatafl_opt,2,l_abs,5681
1773401688,live555,chatafl_opt,2,b_per,15.0
1773401688,live555,chatafl_opt,2,b_abs,2770
1773402601,live555,chatafl_opt,2,l_per,23.9
1773402601,live555,chatafl_opt,2,l_abs,5697
1773402601,live555,chatafl_opt,2,b_per,15.0
1773402601,live555,chatafl_opt,2,b_abs,2785
1773403369,live555,chatafl_opt,2,l_per,23.9
1773403369,live555,chatafl_opt,2,l_abs,5708
1773403369,live555,chatafl_opt,2,b_per,15.1
1773403369,live555,chatafl_opt,2,b_abs,2802
1773404104,live555,chatafl_opt,2,l_per,23.9
1773404104,live555,chatafl_opt,2,l_abs,5708
1773404104,live555,chatafl_opt,2,b_per,15.1
1773404104,live555,chatafl_opt,2,b_abs,2805
1773405010,live555,chatafl_opt,2,l_per,24.0
1773405010,live555,chatafl_opt,2,l_abs,5722
1773405010,live555,chatafl_opt,2,b_per,15.2
1773405010,live555,chatafl_opt,2,b_abs,2819
1773406234,live555,chatafl_opt,2,l_per,24.0
1773406234,live555,chatafl_opt,2,l_abs,5734
1773406234,live555,chatafl_opt,2,b_per,15.3
1773406234,live555,chatafl_opt,2,b_abs,2828
1773407454,live555,chatafl_opt,2,l_per,24.1
1773407454,live555,chatafl_opt,2,l_abs,5740
1773407454,live555,chatafl_opt,2,b_per,15.3
1773407454,live555,chatafl_opt,2,b_abs,2836
1773408434,live555,chatafl_opt,2,l_per,24.1
1773408434,live555,chatafl_opt,2,l_abs,5740
1773408434,live555,chatafl_opt,2,b_per,15.3
1773408434,live555,chatafl_opt,2,b_abs,2837
1773409868,live555,chatafl_opt,2,l_per,24.1
1773409868,live555,chatafl_opt,2,l_abs,5740
1773409868,live555,chatafl_opt,2,b_per,15.3
1773409868,live555,chatafl_opt,2,b_abs,2837
1773411428,live555,chatafl_opt,2,l_per,24.1
1773411428,live555,chatafl_opt,2,l_abs,5745
1773411428,live555,chatafl_opt,2,b_per,15.3
1773411428,live555,chatafl_opt,2,b_abs,2842
1773412459,live555,chatafl_opt,2,l_per,24.1
1773412459,live555,chatafl_opt,2,l_abs,5745
1773412459,live555,chatafl_opt,2,b_per,15.4
1773412459,live555,chatafl_opt,2,b_abs,2844
1773414161,live555,chatafl_opt,2,l_per,24.1
1773414161,live555,chatafl_opt,2,l_abs,5745
1773414161,live555,chatafl_opt,2,b_per,15.4
1773414161,live555,chatafl_opt,2,b_abs,2844
1773417213,live555,chatafl_opt,2,l_per,24.1
1773417213,live555,chatafl_opt,2,l_abs,5746
1773417213,live555,chatafl_opt,2,b_per,15.4
1773417213,live555,chatafl_opt,2,b_abs,2849
1773420314,live555,chatafl_opt,2,l_per,24.1
1773420314,live555,chatafl_opt,2,l_abs,5746
1773420314,live555,chatafl_opt,2,b_per,15.4
1773420314,live555,chatafl_opt,2,b_abs,2849
1773423513,live555,chatafl_opt,2,l_per,24.1
1773423513,live555,chatafl_opt,2,l_abs,5746
1773423513,live555,chatafl_opt,2,b_per,15.4
1773423513,live555,chatafl_opt,2,b_abs,2849
1773427566,live555,chatafl_opt,2,l_per,24.1
1773427566,live555,chatafl_opt,2,l_abs,5746
1773427566,live555,chatafl_opt,2,b_per,15.4
1773427566,live555,chatafl_opt,2,b_abs,2850
1773433646,live555,chatafl_opt,2,l_per,24.1
1773433646,live555,chatafl_opt,2,l_abs,5746
1773433646,live555,chatafl_opt,2,b_per,15.4
1773433646,live555,chatafl_opt,2,b_abs,2851
1773442019,live555,chatafl_opt,2,l_per,24.1
1773442019,live555,chatafl_opt,2,l_abs,5747
1773442019,live555,chatafl_opt,2,b_per,15.4
1773442019,live555,chatafl_opt,2,b_abs,2853
1773447399,live555,chatafl_opt,2,l_per,24.2
1773447399,live555,chatafl_opt,2,l_abs,5781
1773447399,live555,chatafl_opt,2,b_per,15.5
1773447399,live555,chatafl_opt,2,b_abs,2872
1773456054,live555,chatafl_opt,2,l_per,24.2
1773456054,live555,chatafl_opt,2,l_abs,5783
1773456054,live555,chatafl_opt,2,b_per,15.5
1773456054,live555,chatafl_opt,2,b_abs,2876
1773464908,live555,chatafl_opt,2,l_per,24.3
1773464908,live555,chatafl_opt,2,l_abs,5794
1773464908,live555,chatafl_opt,2,b_per,15.5
1773464908,live555,chatafl_opt,2,b_abs,2878
1773479616,live555,chatafl_opt,2,l_per,24.3
1773479616,live555,chatafl_opt,2,l_abs,5800
1773479616,live555,chatafl_opt,2,b_per,15.6
1773479616,live555,chatafl_opt,2,b_abs,2887
1773485807,live555,chatafl_opt,2,l_per,24.3
1773485807,live555,chatafl_opt,2,l_abs,5800
1773485807,live555,chatafl_opt,2,b_per,15.6
1773485807,live555,chatafl_opt,2,b_abs,2887
1773398281,live555,chatafl_opt,3,l_per,13.6
1773398281,live555,chatafl_opt,3,l_abs,3222
1773398281,live555,chatafl_opt,3,b_per,8.1
1773398281,live555,chatafl_opt,3,b_abs,1494
1773398282,live555,chatafl_opt,3,l_per,14.2
1773398282,live555,chatafl_opt,3,l_abs,3367
1773398282,live555,chatafl_opt,3,b_per,8.3
1773398282,live555,chatafl_opt,3,b_abs,1533
1773398285,live555,chatafl_opt,3,l_per,17.1
1773398285,live555,chatafl_opt,3,l_abs,4066
1773398285,live555,chatafl_opt,3,b_per,10.0
1773398285,live555,chatafl_opt,3,b_abs,1858
1773398287,live555,chatafl_opt,3,l_per,19.3
1773398287,live555,chatafl_opt,3,l_abs,4590
1773398287,live555,chatafl_opt,3,b_per,11.2
1773398287,live555,chatafl_opt,3,b_abs,2080
1773398289,live555,chatafl_opt,3,l_per,21.0
1773398289,live555,chatafl_opt,3,l_abs,5007
1773398289,live555,chatafl_opt,3,b_per,12.1
1773398289,live555,chatafl_opt,3,b_abs,2239
1773398291,live555,chatafl_opt,3,l_per,21.9
1773398291,live555,chatafl_opt,3,l_abs,5213
1773398291,live555,chatafl_opt,3,b_per,12.8
1773398291,live555,chatafl_opt,3,b_abs,2363
1773398294,live555,chatafl_opt,3,l_per,22.5
1773398294,live555,chatafl_opt,3,l_abs,5361
1773398294,live555,chatafl_opt,3,b_per,13.2
1773398294,live555,chatafl_opt,3,b_abs,2439
1773398314,live555,chatafl_opt,3,l_per,22.8
1773398314,live555,chatafl_opt,3,l_abs,5427
1773398314,live555,chatafl_opt,3,b_per,13.5
1773398314,live555,chatafl_opt,3,b_abs,2507
1773398337,live555,chatafl_opt,3,l_per,22.8
1773398337,live555,chatafl_opt,3,l_abs,5444
1773398337,live555,chatafl_opt,3,b_per,13.7
1773398337,live555,chatafl_opt,3,b_abs,2544
1773398365,live555,chatafl_opt,3,l_per,23.0
1773398365,live555,chatafl_opt,3,l_abs,5487
1773398365,live555,chatafl_opt,3,b_per,14.0
1773398365,live555,chatafl_opt,3,b_abs,2593
1773398414,live555,chatafl_opt,3,l_per,23.0
1773398414,live555,chatafl_opt,3,l_abs,5487
1773398414,live555,chatafl_opt,3,b_per,14.1
1773398414,live555,chatafl_opt,3,b_abs,2608
1773398481,live555,chatafl_opt,3,l_per,23.0
1773398481,live555,chatafl_opt,3,l_abs,5487
1773398481,live555,chatafl_opt,3,b_per,14.1
1773398481,live555,chatafl_opt,3,b_abs,2617
1773398563,live555,chatafl_opt,3,l_per,23.1
1773398563,live555,chatafl_opt,3,l_abs,5499
1773398563,live555,chatafl_opt,3,b_per,14.2
1773398563,live555,chatafl_opt,3,b_abs,2637
1773398619,live555,chatafl_opt,3,l_per,23.4
1773398619,live555,chatafl_opt,3,l_abs,5583
1773398619,live555,chatafl_opt,3,b_per,14.4
1773398619,live555,chatafl_opt,3,b_abs,2674
1773398724,live555,chatafl_opt,3,l_per,23.5
1773398724,live555,chatafl_opt,3,l_abs,5598
1773398724,live555,chatafl_opt,3,b_per,14.5
1773398724,live555,chatafl_opt,3,b_abs,2692
1773398889,live555,chatafl_opt,3,l_per,23.5
1773398889,live555,chatafl_opt,3,l_abs,5613
1773398889,live555,chatafl_opt,3,b_per,14.6
1773398889,live555,chatafl_opt,3,b_abs,2703
1773399040,live555,chatafl_opt,3,l_per,23.5
1773399040,live555,chatafl_opt,3,l_abs,5618
1773399040,live555,chatafl_opt,3,b_per,14.6
1773399040,live555,chatafl_opt,3,b_abs,2713
1773399214,live555,chatafl_opt,3,l_per,23.6
1773399214,live555,chatafl_opt,3,l_abs,5619
1773399214,live555,chatafl_opt,3,b_per,14.7
1773399214,live555,chatafl_opt,3,b_abs,2717
1773399447,live555,chatafl_opt,3,l_per,23.6
1773399447,live555,chatafl_opt,3,l_abs,5632
1773399447,live555,chatafl_opt,3,b_per,14.7
1773399447,live555,chatafl_opt,3,b_abs,2727
1773399609,live555,chatafl_opt,3,l_per,23.6
1773399609,live555,chatafl_opt,3,l_abs,5637
1773399609,live555,chatafl_opt,3,b_per,14.7
1773399609,live555,chatafl_opt,3,b_abs,2731
1773399861,live555,chatafl_opt,3,l_per,23.7
1773399861,live555,chatafl_opt,3,l_abs,5667
1773399861,live555,chatafl_opt,3,b_per,14.9
1773399861,live555,chatafl_opt,3,b_abs,2752
1773400067,live555,chatafl_opt,3,l_per,23.9
1773400067,live555,chatafl_opt,3,l_abs,5697
1773400067,live555,chatafl_opt,3,b_per,14.9
1773400067,live555,chatafl_opt,3,b_abs,2756
1773400241,live555,chatafl_opt,3,l_per,24.0
1773400241,live555,chatafl_opt,3,l_abs,5721
1773400241,live555,chatafl_opt,3,b_per,15.1
1773400241,live555,chatafl_opt,3,b_abs,2795
1773400506,live555,chatafl_opt,3,l_per,24.0
1773400506,live555,chatafl_opt,3,l_abs,5730
1773400506,live555,chatafl_opt,3,b_per,15.1
1773400506,live555,chatafl_opt,3,b_abs,2804
1773400817,live555,chatafl_opt,3,l_per,24.0
1773400817,live555,chatafl_opt,3,l_abs,5736
1773400817,live555,chatafl_opt,3,b_per,15.2
1773400817,live555,chatafl_opt,3,b_abs,2812
1773401156,live555,chatafl_opt,3,l_per,24.1
1773401156,live555,chatafl_opt,3,l_abs,5751
1773401156,live555,chatafl_opt,3,b_per,15.2
1773401156,live555,chatafl_opt,3,b_abs,2823
1773401669,live555,chatafl_opt,3,l_per,24.1
1773401669,live555,chatafl_opt,3,l_abs,5751
1773401669,live555,chatafl_opt,3,b_per,15.2
1773401669,live555,chatafl_opt,3,b_abs,2823
1773402258,live555,chatafl_opt,3,l_per,24.1
1773402258,live555,chatafl_opt,3,l_abs,5753
1773402258,live555,chatafl_opt,3,b_per,15.3
1773402258,live555,chatafl_opt,3,b_abs,2826
1773402880,live555,chatafl_opt,3,l_per,24.1
1773402880,live555,chatafl_opt,3,l_abs,5759
1773402880,live555,chatafl_opt,3,b_per,15.3
1773402880,live555,chatafl_opt,3,b_abs,2833
1773403671,live555,chatafl_opt,3,l_per,24.1
1773403671,live555,chatafl_opt,3,l_abs,5761
1773403671,live555,chatafl_opt,3,b_per,15.3
1773403671,live555,chatafl_opt,3,b_abs,2835
1773404694,live555,chatafl_opt,3,l_per,24.1
1773404694,live555,chatafl_opt,3,l_abs,5761
1773404694,live555,chatafl_opt,3,b_per,15.3
1773404694,live555,chatafl_opt,3,b_abs,2835
1773405825,live555,chatafl_opt,3,l_per,24.3
1773405825,live555,chatafl_opt,3,l_abs,5793
1773405825,live555,chatafl_opt,3,b_per,15.4
1773405825,live555,chatafl_opt,3,b_abs,2848
1773406873,live555,chatafl_opt,3,l_per,24.3
1773406873,live555,chatafl_opt,3,l_abs,5793
1773406873,live555,chatafl_opt,3,b_per,15.4
1773406873,live555,chatafl_opt,3,b_abs,2848
1773408566,live555,chatafl_opt,3,l_per,24.3
1773408566,live555,chatafl_opt,3,l_abs,5796
1773408566,live555,chatafl_opt,3,b_per,15.4
1773408566,live555,chatafl_opt,3,b_abs,2855
1773410589,live555,chatafl_opt,3,l_per,24.3
1773410589,live555,chatafl_opt,3,l_abs,5799
1773410589,live555,chatafl_opt,3,b_per,15.4
1773410589,live555,chatafl_opt,3,b_abs,2860
1773413560,live555,chatafl_opt,3,l_per,24.3
1773413560,live555,chatafl_opt,3,l_abs,5805
1773413560,live555,chatafl_opt,3,b_per,15.5
1773413560,live555,chatafl_opt,3,b_abs,2866
1773415256,live555,chatafl_opt,3,l_per,24.3
1773415256,live555,chatafl_opt,3,l_abs,5805
1773415256,live555,chatafl_opt,3,b_per,15.5
1773415256,live555,chatafl_opt,3,b_abs,2866
1773418215,live555,chatafl_opt,3,l_per,24.3
1773418215,live555,chatafl_opt,3,l_abs,5805
1773418215,live555,chatafl_opt,3,b_per,15.5
1773418215,live555,chatafl_opt,3,b_abs,2866
1773422632,live555,chatafl_opt,3,l_per,24.3
1773422632,live555,chatafl_opt,3,l_abs,5805
1773422632,live555,chatafl_opt,3,b_per,15.5
1773422632,live555,chatafl_opt,3,b_abs,2866
1773425371,live555,chatafl_opt,3,l_per,24.3
1773425371,live555,chatafl_opt,3,l_abs,5805
1773425371,live555,chatafl_opt,3,b_per,15.5
1773425371,live555,chatafl_opt,3,b_abs,2866
1773431645,live555,chatafl_opt,3,l_per,24.4
1773431645,live555,chatafl_opt,3,l_abs,5823
1773431645,live555,chatafl_opt,3,b_per,15.5
1773431645,live555,chatafl_opt,3,b_abs,2879
1773440871,live555,chatafl_opt,3,l_per,24.4
1773440871,live555,chatafl_opt,3,l_abs,5826
1773440871,live555,chatafl_opt,3,b_per,15.6
1773440871,live555,chatafl_opt,3,b_abs,2892
1773446467,live555,chatafl_opt,3,l_per,24.4
1773446467,live555,chatafl_opt,3,l_abs,5826
1773446467,live555,chatafl_opt,3,b_per,15.6
1773446467,live555,chatafl_opt,3,b_abs,2893
1773460559,live555,chatafl_opt,3,l_per,24.4
1773460559,live555,chatafl_opt,3,l_abs,5826
1773460559,live555,chatafl_opt,3,b_per,15.6
1773460559,live555,chatafl_opt,3,b_abs,2894
1773474691,live555,chatafl_opt,3,l_per,24.4
1773474691,live555,chatafl_opt,3,l_abs,5827
1773474691,live555,chatafl_opt,3,b_per,15.6
1773474691,live555,chatafl_opt,3,b_abs,2895
1773486033,live555,chatafl_opt,3,l_per,24.4
1773486033,live555,chatafl_opt,3,l_abs,5827
1773486033,live555,chatafl_opt,3,b_per,15.6
1773486033,live555,chatafl_opt,3,b_abs,2895
1773398445,live555,chatafl_opt,4,l_per,14.7
1773398445,live555,chatafl_opt,4,l_abs,3498
1773398445,live555,chatafl_opt,4,b_per,9.0
1773398445,live555,chatafl_opt,4,b_abs,1671
1773398451,live555,chatafl_opt,4,l_per,16.8
1773398451,live555,chatafl_opt,4,l_abs,3995
1773398451,live555,chatafl_opt,4,b_per,10.4
1773398451,live555,chatafl_opt,4,b_abs,1918
1773398454,live555,chatafl_opt,4,l_per,16.8
1773398454,live555,chatafl_opt,4,l_abs,3999
1773398454,live555,chatafl_opt,4,b_per,10.4
1773398454,live555,chatafl_opt,4,b_abs,1925
1773398455,live555,chatafl_opt,4,l_per,16.8
1773398455,live555,chatafl_opt,4,l_abs,4001
1773398455,live555,chatafl_opt,4,b_per,10.4
1773398455,live555,chatafl_opt,4,b_abs,1935
1773398456,live555,chatafl_opt,4,l_per,16.9
1773398456,live555,chatafl_opt,4,l_abs,4006
1773398456,live555,chatafl_opt,4,b_per,10.5
1773398456,live555,chatafl_opt,4,b_abs,1938
1773398463,live555,chatafl_opt,4,l_per,16.9
1773398463,live555,chatafl_opt,4,l_abs,4011
1773398463,live555,chatafl_opt,4,b_per,10.5
1773398463,live555,chatafl_opt,4,b_abs,1951
1773398471,live555,chatafl_opt,4,l_per,16.9
1773398471,live555,chatafl_opt,4,l_abs,4011
1773398471,live555,chatafl_opt,4,b_per,10.5
1773398471,live555,chatafl_opt,4,b_abs,1952
1773398472,live555,chatafl_opt,4,l_per,16.9
1773398472,live555,chatafl_opt,4,l_abs,4011
1773398472,live555,chatafl_opt,4,b_per,10.5
1773398472,live555,chatafl_opt,4,b_abs,1952
1773398477,live555,chatafl_opt,4,l_per,16.9
1773398477,live555,chatafl_opt,4,l_abs,4022
1773398477,live555,chatafl_opt,4,b_per,10.6
1773398477,live555,chatafl_opt,4,b_abs,1958
1773398483,live555,chatafl_opt,4,l_per,16.9
1773398483,live555,chatafl_opt,4,l_abs,4022
1773398483,live555,chatafl_opt,4,b_per,10.6
1773398483,live555,chatafl_opt,4,b_abs,1959
1773398496,live555,chatafl_opt,4,l_per,17.0
1773398496,live555,chatafl_opt,4,l_abs,4033
1773398496,live555,chatafl_opt,4,b_per,10.6
1773398496,live555,chatafl_opt,4,b_abs,1971
1773398497,live555,chatafl_opt,4,l_per,17.0
1773398497,live555,chatafl_opt,4,l_abs,4033
1773398497,live555,chatafl_opt,4,b_per,10.6
1773398497,live555,chatafl_opt,4,b_abs,1971
1773398498,live555,chatafl_opt,4,l_per,17.0
1773398498,live555,chatafl_opt,4,l_abs,4036
1773398498,live555,chatafl_opt,4,b_per,10.6
1773398498,live555,chatafl_opt,4,b_abs,1972
1773398503,live555,chatafl_opt,4,l_per,17.0
1773398503,live555,chatafl_opt,4,l_abs,4036
1773398503,live555,chatafl_opt,4,b_per,10.6
1773398503,live555,chatafl_opt,4,b_abs,1972
1773398507,live555,chatafl_opt,4,l_per,17.0
1773398507,live555,chatafl_opt,4,l_abs,4036
1773398507,live555,chatafl_opt,4,b_per,10.6
1773398507,live555,chatafl_opt,4,b_abs,1972
1773398511,live555,chatafl_opt,4,l_per,17.0
1773398511,live555,chatafl_opt,4,l_abs,4036
1773398511,live555,chatafl_opt,4,b_per,10.6
1773398511,live555,chatafl_opt,4,b_abs,1972
1773398512,live555,chatafl_opt,4,l_per,17.0
1773398512,live555,chatafl_opt,4,l_abs,4036
1773398512,live555,chatafl_opt,4,b_per,10.6
1773398512,live555,chatafl_opt,4,b_abs,1972
1773398518,live555,chatafl_opt,4,l_per,17.0
1773398518,live555,chatafl_opt,4,l_abs,4036
1773398518,live555,chatafl_opt,4,b_per,10.6
1773398518,live555,chatafl_opt,4,b_abs,1972
1773398526,live555,chatafl_opt,4,l_per,17.0
1773398526,live555,chatafl_opt,4,l_abs,4036
1773398526,live555,chatafl_opt,4,b_per,10.6
1773398526,live555,chatafl_opt,4,b_abs,1972
1773398527,live555,chatafl_opt,4,l_per,17.0
1773398527,live555,chatafl_opt,4,l_abs,4036
1773398527,live555,chatafl_opt,4,b_per,10.7
1773398527,live555,chatafl_opt,4,b_abs,1974
1773398539,live555,chatafl_opt,4,l_per,17.0
1773398539,live555,chatafl_opt,4,l_abs,4036
1773398539,live555,chatafl_opt,4,b_per,10.7
1773398539,live555,chatafl_opt,4,b_abs,1974
1773398540,live555,chatafl_opt,4,l_per,17.0
1773398540,live555,chatafl_opt,4,l_abs,4036
1773398540,live555,chatafl_opt,4,b_per,10.7
1773398540,live555,chatafl_opt,4,b_abs,1974
1773398545,live555,chatafl_opt,4,l_per,17.0
1773398545,live555,chatafl_opt,4,l_abs,4036
1773398545,live555,chatafl_opt,4,b_per,10.7
1773398545,live555,chatafl_opt,4,b_abs,1974
1773398546,live555,chatafl_opt,4,l_per,17.0
1773398546,live555,chatafl_opt,4,l_abs,4036
1773398546,live555,chatafl_opt,4,b_per,10.7
1773398546,live555,chatafl_opt,4,b_abs,1974
1773398547,live555,chatafl_opt,4,l_per,17.0
1773398547,live555,chatafl_opt,4,l_abs,4036
1773398547,live555,chatafl_opt,4,b_per,10.7
1773398547,live555,chatafl_opt,4,b_abs,1974
1773398548,live555,chatafl_opt,4,l_per,17.0
1773398548,live555,chatafl_opt,4,l_abs,4036
1773398548,live555,chatafl_opt,4,b_per,10.7
1773398548,live555,chatafl_opt,4,b_abs,1974
1773398553,live555,chatafl_opt,4,l_per,17.0
1773398553,live555,chatafl_opt,4,l_abs,4036
1773398553,live555,chatafl_opt,4,b_per,10.7
1773398553,live555,chatafl_opt,4,b_abs,1974
1773398561,live555,chatafl_opt,4,l_per,17.0
1773398561,live555,chatafl_opt,4,l_abs,4036
1773398561,live555,chatafl_opt,4,b_per,10.7
1773398561,live555,chatafl_opt,4,b_abs,1974
1773398563,live555,chatafl_opt,4,l_per,17.0
1773398563,live555,chatafl_opt,4,l_abs,4036
1773398563,live555,chatafl_opt,4,b_per,10.7
1773398563,live555,chatafl_opt,4,b_abs,1974
1773398565,live555,chatafl_opt,4,l_per,17.0
1773398565,live555,chatafl_opt,4,l_abs,4036
1773398565,live555,chatafl_opt,4,b_per,10.7
1773398565,live555,chatafl_opt,4,b_abs,1974
1773398566,live555,chatafl_opt,4,l_per,17.0
1773398566,live555,chatafl_opt,4,l_abs,4036
1773398566,live555,chatafl_opt,4,b_per,10.7
1773398566,live555,chatafl_opt,4,b_abs,1974
1773398567,live555,chatafl_opt,4,l_per,17.0
1773398567,live555,chatafl_opt,4,l_abs,4036
1773398567,live555,chatafl_opt,4,b_per,10.7
1773398567,live555,chatafl_opt,4,b_abs,1974
1773398568,live555,chatafl_opt,4,l_per,17.0
1773398568,live555,chatafl_opt,4,l_abs,4036
1773398568,live555,chatafl_opt,4,b_per,10.7
1773398568,live555,chatafl_opt,4,b_abs,1974
1773398569,live555,chatafl_opt,4,l_per,17.0
1773398569,live555,chatafl_opt,4,l_abs,4036
1773398569,live555,chatafl_opt,4,b_per,10.7
1773398569,live555,chatafl_opt,4,b_abs,1974
1773398570,live555,chatafl_opt,4,l_per,17.0
1773398570,live555,chatafl_opt,4,l_abs,4038
1773398570,live555,chatafl_opt,4,b_per,10.7
1773398570,live555,chatafl_opt,4,b_abs,1975
1773398571,live555,chatafl_opt,4,l_per,17.0
1773398571,live555,chatafl_opt,4,l_abs,4038
1773398571,live555,chatafl_opt,4,b_per,10.7
1773398571,live555,chatafl_opt,4,b_abs,1975
1773398572,live555,chatafl_opt,4,l_per,17.0
1773398572,live555,chatafl_opt,4,l_abs,4038
1773398572,live555,chatafl_opt,4,b_per,10.7
1773398572,live555,chatafl_opt,4,b_abs,1975
1773398573,live555,chatafl_opt,4,l_per,17.0
1773398573,live555,chatafl_opt,4,l_abs,4038
1773398573,live555,chatafl_opt,4,b_per,10.7
1773398573,live555,chatafl_opt,4,b_abs,1975
1773398574,live555,chatafl_opt,4,l_per,17.0
1773398574,live555,chatafl_opt,4,l_abs,4038
1773398574,live555,chatafl_opt,4,b_per,10.7
1773398574,live555,chatafl_opt,4,b_abs,1975
1773398575,live555,chatafl_opt,4,l_per,17.0
1773398575,live555,chatafl_opt,4,l_abs,4038
1773398575,live555,chatafl_opt,4,b_per,10.7
1773398575,live555,chatafl_opt,4,b_abs,1975
1773398576,live555,chatafl_opt,4,l_per,17.0
1773398576,live555,chatafl_opt,4,l_abs,4038
1773398576,live555,chatafl_opt,4,b_per,10.7
1773398576,live555,chatafl_opt,4,b_abs,1975
1773398577,live555,chatafl_opt,4,l_per,17.0
1773398577,live555,chatafl_opt,4,l_abs,4038
1773398577,live555,chatafl_opt,4,b_per,10.7
1773398577,live555,chatafl_opt,4,b_abs,1975
1773398578,live555,chatafl_opt,4,l_per,19.2
1773398578,live555,chatafl_opt,4,l_abs,4563
1773398578,live555,chatafl_opt,4,b_per,11.8
1773398578,live555,chatafl_opt,4,b_abs,2180
1773398578,live555,chatafl_opt,4,l_per,19.2
1773398578,live555,chatafl_opt,4,l_abs,4563
1773398578,live555,chatafl_opt,4,b_per,11.8
1773398578,live555,chatafl_opt,4,b_abs,2180
1773398580,live555,chatafl_opt,4,l_per,19.2
1773398580,live555,chatafl_opt,4,l_abs,4563
1773398580,live555,chatafl_opt,4,b_per,11.8
1773398580,live555,chatafl_opt,4,b_abs,2180
1773398580,live555,chatafl_opt,4,l_per,19.2
1773398580,live555,chatafl_opt,4,l_abs,4563
1773398580,live555,chatafl_opt,4,b_per,11.8
1773398580,live555,chatafl_opt,4,b_abs,2180
1773398582,live555,chatafl_opt,4,l_per,19.2
1773398582,live555,chatafl_opt,4,l_abs,4563
1773398582,live555,chatafl_opt,4,b_per,11.8
1773398582,live555,chatafl_opt,4,b_abs,2180
1773398583,live555,chatafl_opt,4,l_per,19.2
1773398583,live555,chatafl_opt,4,l_abs,4563
1773398583,live555,chatafl_opt,4,b_per,11.8
1773398583,live555,chatafl_opt,4,b_abs,2180
1773398584,live555,chatafl_opt,4,l_per,19.2
1773398584,live555,chatafl_opt,4,l_abs,4563
1773398584,live555,chatafl_opt,4,b_per,11.8
1773398584,live555,chatafl_opt,4,b_abs,2180
1773398586,live555,chatafl_opt,4,l_per,19.2
1773398586,live555,chatafl_opt,4,l_abs,4563
1773398586,live555,chatafl_opt,4,b_per,11.8
1773398586,live555,chatafl_opt,4,b_abs,2180
1773398587,live555,chatafl_opt,4,l_per,19.2
1773398587,live555,chatafl_opt,4,l_abs,4563
1773398587,live555,chatafl_opt,4,b_per,11.8
1773398587,live555,chatafl_opt,4,b_abs,2180
1773398588,live555,chatafl_opt,4,l_per,19.2
1773398588,live555,chatafl_opt,4,l_abs,4563
1773398588,live555,chatafl_opt,4,b_per,11.8
1773398588,live555,chatafl_opt,4,b_abs,2180
1773398589,live555,chatafl_opt,4,l_per,19.2
1773398589,live555,chatafl_opt,4,l_abs,4563
1773398589,live555,chatafl_opt,4,b_per,11.8
1773398589,live555,chatafl_opt,4,b_abs,2180
1773398590,live555,chatafl_opt,4,l_per,19.2
1773398590,live555,chatafl_opt,4,l_abs,4563
1773398590,live555,chatafl_opt,4,b_per,11.8
1773398590,live555,chatafl_opt,4,b_abs,2180
1773398591,live555,chatafl_opt,4,l_per,19.2
1773398591,live555,chatafl_opt,4,l_abs,4563
1773398591,live555,chatafl_opt,4,b_per,11.8
1773398591,live555,chatafl_opt,4,b_abs,2180
1773398591,live555,chatafl_opt,4,l_per,19.2
1773398591,live555,chatafl_opt,4,l_abs,4563
1773398591,live555,chatafl_opt,4,b_per,11.8
1773398591,live555,chatafl_opt,4,b_abs,2180
1773398592,live555,chatafl_opt,4,l_per,19.2
1773398592,live555,chatafl_opt,4,l_abs,4563
1773398592,live555,chatafl_opt,4,b_per,11.8
1773398592,live555,chatafl_opt,4,b_abs,2180
1773398593,live555,chatafl_opt,4,l_per,19.2
1773398593,live555,chatafl_opt,4,l_abs,4563
1773398593,live555,chatafl_opt,4,b_per,11.8
1773398593,live555,chatafl_opt,4,b_abs,2180
1773398595,live555,chatafl_opt,4,l_per,19.2
1773398595,live555,chatafl_opt,4,l_abs,4563
1773398595,live555,chatafl_opt,4,b_per,11.8
1773398595,live555,chatafl_opt,4,b_abs,2180
1773398596,live555,chatafl_opt,4,l_per,19.2
1773398596,live555,chatafl_opt,4,l_abs,4563
1773398596,live555,chatafl_opt,4,b_per,11.8
1773398596,live555,chatafl_opt,4,b_abs,2180
1773398597,live555,chatafl_opt,4,l_per,19.2
1773398597,live555,chatafl_opt,4,l_abs,4563
1773398597,live555,chatafl_opt,4,b_per,11.8
1773398597,live555,chatafl_opt,4,b_abs,2180
1773398599,live555,chatafl_opt,4,l_per,19.2
1773398599,live555,chatafl_opt,4,l_abs,4563
1773398599,live555,chatafl_opt,4,b_per,11.8
1773398599,live555,chatafl_opt,4,b_abs,2180
1773398600,live555,chatafl_opt,4,l_per,19.2
1773398600,live555,chatafl_opt,4,l_abs,4563
1773398600,live555,chatafl_opt,4,b_per,11.8
1773398600,live555,chatafl_opt,4,b_abs,2180
1773398601,live555,chatafl_opt,4,l_per,19.2
1773398601,live555,chatafl_opt,4,l_abs,4563
1773398601,live555,chatafl_opt,4,b_per,11.8
1773398601,live555,chatafl_opt,4,b_abs,2180
1773398602,live555,chatafl_opt,4,l_per,19.2
1773398602,live555,chatafl_opt,4,l_abs,4563
1773398602,live555,chatafl_opt,4,b_per,11.8
1773398602,live555,chatafl_opt,4,b_abs,2180
1773398603,live555,chatafl_opt,4,l_per,19.2
1773398603,live555,chatafl_opt,4,l_abs,4563
1773398603,live555,chatafl_opt,4,b_per,11.8
1773398603,live555,chatafl_opt,4,b_abs,2180
1773398604,live555,chatafl_opt,4,l_per,19.2
1773398604,live555,chatafl_opt,4,l_abs,4563
1773398604,live555,chatafl_opt,4,b_per,11.8
1773398604,live555,chatafl_opt,4,b_abs,2180
1773398605,live555,chatafl_opt,4,l_per,19.2
1773398605,live555,chatafl_opt,4,l_abs,4563
1773398605,live555,chatafl_opt,4,b_per,11.8
1773398605,live555,chatafl_opt,4,b_abs,2180
1773398606,live555,chatafl_opt,4,l_per,19.2
1773398606,live555,chatafl_opt,4,l_abs,4563
1773398606,live555,chatafl_opt,4,b_per,11.8
1773398606,live555,chatafl_opt,4,b_abs,2180
1773398607,live555,chatafl_opt,4,l_per,19.2
1773398607,live555,chatafl_opt,4,l_abs,4563
1773398607,live555,chatafl_opt,4,b_per,11.8
1773398607,live555,chatafl_opt,4,b_abs,2181
1773398608,live555,chatafl_opt,4,l_per,19.2
1773398608,live555,chatafl_opt,4,l_abs,4563
1773398608,live555,chatafl_opt,4,b_per,11.8
1773398608,live555,chatafl_opt,4,b_abs,2181
1773398609,live555,chatafl_opt,4,l_per,19.2
1773398609,live555,chatafl_opt,4,l_abs,4563
1773398609,live555,chatafl_opt,4,b_per,11.8
1773398609,live555,chatafl_opt,4,b_abs,2181
1773398611,live555,chatafl_opt,4,l_per,19.2
1773398611,live555,chatafl_opt,4,l_abs,4563
1773398611,live555,chatafl_opt,4,b_per,11.8
1773398611,live555,chatafl_opt,4,b_abs,2181
1773398612,live555,chatafl_opt,4,l_per,19.2
1773398612,live555,chatafl_opt,4,l_abs,4563
1773398612,live555,chatafl_opt,4,b_per,11.8
1773398612,live555,chatafl_opt,4,b_abs,2181
1773398613,live555,chatafl_opt,4,l_per,19.2
1773398613,live555,chatafl_opt,4,l_abs,4563
1773398613,live555,chatafl_opt,4,b_per,11.8
1773398613,live555,chatafl_opt,4,b_abs,2181
1773398614,live555,chatafl_opt,4,l_per,19.2
1773398614,live555,chatafl_opt,4,l_abs,4563
1773398614,live555,chatafl_opt,4,b_per,11.8
1773398614,live555,chatafl_opt,4,b_abs,2181
1773398615,live555,chatafl_opt,4,l_per,19.2
1773398615,live555,chatafl_opt,4,l_abs,4578
1773398615,live555,chatafl_opt,4,b_per,11.8
1773398615,live555,chatafl_opt,4,b_abs,2193
1773398616,live555,chatafl_opt,4,l_per,19.2
1773398616,live555,chatafl_opt,4,l_abs,4578
1773398616,live555,chatafl_opt,4,b_per,11.8
1773398616,live555,chatafl_opt,4,b_abs,2193
1773398616,live555,chatafl_opt,4,l_per,19.2
1773398616,live555,chatafl_opt,4,l_abs,4578
1773398616,live555,chatafl_opt,4,b_per,11.8
1773398616,live555,chatafl_opt,4,b_abs,2193
1773398617,live555,chatafl_opt,4,l_per,19.2
1773398617,live555,chatafl_opt,4,l_abs,4578
1773398617,live555,chatafl_opt,4,b_per,11.8
1773398617,live555,chatafl_opt,4,b_abs,2193
1773398618,live555,chatafl_opt,4,l_per,19.2
1773398618,live555,chatafl_opt,4,l_abs,4578
1773398618,live555,chatafl_opt,4,b_per,11.8
1773398618,live555,chatafl_opt,4,b_abs,2194
1773398619,live555,chatafl_opt,4,l_per,19.2
1773398619,live555,chatafl_opt,4,l_abs,4578
1773398619,live555,chatafl_opt,4,b_per,11.8
1773398619,live555,chatafl_opt,4,b_abs,2194
1773398620,live555,chatafl_opt,4,l_per,19.2
1773398620,live555,chatafl_opt,4,l_abs,4578
1773398620,live555,chatafl_opt,4,b_per,11.8
1773398620,live555,chatafl_opt,4,b_abs,2194
1773398622,live555,chatafl_opt,4,l_per,19.2
1773398622,live555,chatafl_opt,4,l_abs,4578
1773398622,live555,chatafl_opt,4,b_per,11.8
1773398622,live555,chatafl_opt,4,b_abs,2194
1773398623,live555,chatafl_opt,4,l_per,19.2
1773398623,live555,chatafl_opt,4,l_abs,4578
1773398623,live555,chatafl_opt,4,b_per,11.8
1773398623,live555,chatafl_opt,4,b_abs,2194
1773398624,live555,chatafl_opt,4,l_per,19.2
1773398624,live555,chatafl_opt,4,l_abs,4578
1773398624,live555,chatafl_opt,4,b_per,11.8
1773398624,live555,chatafl_opt,4,b_abs,2194
1773398625,live555,chatafl_opt,4,l_per,19.2
1773398625,live555,chatafl_opt,4,l_abs,4578
1773398625,live555,chatafl_opt,4,b_per,11.8
1773398625,live555,chatafl_opt,4,b_abs,2194
1773398626,live555,chatafl_opt,4,l_per,19.2
1773398626,live555,chatafl_opt,4,l_abs,4578
1773398626,live555,chatafl_opt,4,b_per,11.8
1773398626,live555,chatafl_opt,4,b_abs,2194
1773398628,live555,chatafl_opt,4,l_per,19.2
1773398628,live555,chatafl_opt,4,l_abs,4578
1773398628,live555,chatafl_opt,4,b_per,11.8
1773398628,live555,chatafl_opt,4,b_abs,2194
1773398628,live555,chatafl_opt,4,l_per,19.2
1773398628,live555,chatafl_opt,4,l_abs,4578
1773398628,live555,chatafl_opt,4,b_per,11.8
1773398628,live555,chatafl_opt,4,b_abs,2194
1773398629,live555,chatafl_opt,4,l_per,19.2
1773398629,live555,chatafl_opt,4,l_abs,4578
1773398629,live555,chatafl_opt,4,b_per,11.8
1773398629,live555,chatafl_opt,4,b_abs,2194
1773398630,live555,chatafl_opt,4,l_per,19.2
1773398630,live555,chatafl_opt,4,l_abs,4578
1773398630,live555,chatafl_opt,4,b_per,11.8
1773398630,live555,chatafl_opt,4,b_abs,2194
1773398631,live555,chatafl_opt,4,l_per,19.2
1773398631,live555,chatafl_opt,4,l_abs,4578
1773398631,live555,chatafl_opt,4,b_per,11.8
1773398631,live555,chatafl_opt,4,b_abs,2194
1773398632,live555,chatafl_opt,4,l_per,19.2
1773398632,live555,chatafl_opt,4,l_abs,4578
1773398632,live555,chatafl_opt,4,b_per,11.8
1773398632,live555,chatafl_opt,4,b_abs,2194
1773398634,live555,chatafl_opt,4,l_per,19.2
1773398634,live555,chatafl_opt,4,l_abs,4578
1773398634,live555,chatafl_opt,4,b_per,11.8
1773398634,live555,chatafl_opt,4,b_abs,2194
1773398634,live555,chatafl_opt,4,l_per,19.7
1773398634,live555,chatafl_opt,4,l_abs,4699
1773398634,live555,chatafl_opt,4,b_per,12.1
1773398634,live555,chatafl_opt,4,b_abs,2237
1773398634,live555,chatafl_opt,4,l_per,20.2
1773398634,live555,chatafl_opt,4,l_abs,4821
1773398634,live555,chatafl_opt,4,b_per,12.2
1773398634,live555,chatafl_opt,4,b_abs,2267
1773398635,live555,chatafl_opt,4,l_per,21.2
1773398635,live555,chatafl_opt,4,l_abs,5053
1773398635,live555,chatafl_opt,4,b_per,12.8
1773398635,live555,chatafl_opt,4,b_abs,2377
1773398637,live555,chatafl_opt,4,l_per,23.0
1773398637,live555,chatafl_opt,4,l_abs,5484
1773398637,live555,chatafl_opt,4,b_per,13.8
1773398637,live555,chatafl_opt,4,b_abs,2551
1773398637,live555,chatafl_opt,4,l_per,23.0
1773398637,live555,chatafl_opt,4,l_abs,5484
1773398637,live555,chatafl_opt,4,b_per,13.8
1773398637,live555,chatafl_opt,4,b_abs,2551
1773398638,live555,chatafl_opt,4,l_per,23.0
1773398638,live555,chatafl_opt,4,l_abs,5484
1773398638,live555,chatafl_opt,4,b_per,13.8
1773398638,live555,chatafl_opt,4,b_abs,2551
1773398638,live555,chatafl_opt,4,l_per,23.0
1773398638,live555,chatafl_opt,4,l_abs,5484
1773398638,live555,chatafl_opt,4,b_per,13.8
1773398638,live555,chatafl_opt,4,b_abs,2551
1773398575,live555,chatafl_opt,4,l_per,23.0
1773398575,live555,chatafl_opt,4,l_abs,5484
1773398575,live555,chatafl_opt,4,b_per,13.8
1773398575,live555,chatafl_opt,4,b_abs,2551
1773398617,live555,chatafl_opt,4,l_per,23.0
1773398617,live555,chatafl_opt,4,l_abs,5484
1773398617,live555,chatafl_opt,4,b_per,13.8
1773398617,live555,chatafl_opt,4,b_abs,2551
1773398659,live555,chatafl_opt,4,l_per,23.1
1773398659,live555,chatafl_opt,4,l_abs,5510
1773398659,live555,chatafl_opt,4,b_per,14.0
1773398659,live555,chatafl_opt,4,b_abs,2591
1773398708,live555,chatafl_opt,4,l_per,23.1
1773398708,live555,chatafl_opt,4,l_abs,5513
1773398708,live555,chatafl_opt,4,b_per,14.0
1773398708,live555,chatafl_opt,4,b_abs,2601
1773398780,live555,chatafl_opt,4,l_per,23.1
1773398780,live555,chatafl_opt,4,l_abs,5518
1773398780,live555,chatafl_opt,4,b_per,14.1
1773398780,live555,chatafl_opt,4,b_abs,2610
1773398865,live555,chatafl_opt,4,l_per,23.1
1773398865,live555,chatafl_opt,4,l_abs,5519
1773398865,live555,chatafl_opt,4,b_per,14.2
1773398865,live555,chatafl_opt,4,b_abs,2628
1773398976,live555,chatafl_opt,4,l_per,23.4
1773398976,live555,chatafl_opt,4,l_abs,5578
1773398976,live555,chatafl_opt,4,b_per,14.5
1773398976,live555,chatafl_opt,4,b_abs,2692
1773399178,live555,chatafl_opt,4,l_per,23.6
1773399178,live555,chatafl_opt,4,l_abs,5625
1773399178,live555,chatafl_opt,4,b_per,14.8
1773399178,live555,chatafl_opt,4,b_abs,2741
1773399323,live555,chatafl_opt,4,l_per,23.9
1773399323,live555,chatafl_opt,4,l_abs,5710
1773399323,live555,chatafl_opt,4,b_per,15.0
1773399323,live555,chatafl_opt,4,b_abs,2776
1773399471,live555,chatafl_opt,4,l_per,24.0
1773399471,live555,chatafl_opt,4,l_abs,5719
1773399471,live555,chatafl_opt,4,b_per,15.0
1773399471,live555,chatafl_opt,4,b_abs,2787
1773399697,live555,chatafl_opt,4,l_per,24.0
1773399697,live555,chatafl_opt,4,l_abs,5719
1773399697,live555,chatafl_opt,4,b_per,15.1
1773399697,live555,chatafl_opt,4,b_abs,2791
1773400145,live555,chatafl_opt,4,l_per,24.0
1773400145,live555,chatafl_opt,4,l_abs,5720
1773400145,live555,chatafl_opt,4,b_per,15.1
1773400145,live555,chatafl_opt,4,b_abs,2799
1773400542,live555,chatafl_opt,4,l_per,24.0
1773400542,live555,chatafl_opt,4,l_abs,5723
1773400542,live555,chatafl_opt,4,b_per,15.1
1773400542,live555,chatafl_opt,4,b_abs,2804
1773400969,live555,chatafl_opt,4,l_per,24.0
1773400969,live555,chatafl_opt,4,l_abs,5725
1773400969,live555,chatafl_opt,4,b_per,15.2
1773400969,live555,chatafl_opt,4,b_abs,2813
1773401615,live555,chatafl_opt,4,l_per,24.0
1773401615,live555,chatafl_opt,4,l_abs,5730
1773401615,live555,chatafl_opt,4,b_per,15.2
1773401615,live555,chatafl_opt,4,b_abs,2817
1773402068,live555,chatafl_opt,4,l_per,24.1
1773402068,live555,chatafl_opt,4,l_abs,5756
1773402068,live555,chatafl_opt,4,b_per,15.3
1773402068,live555,chatafl_opt,4,b_abs,2838
1773402969,live555,chatafl_opt,4,l_per,24.2
1773402969,live555,chatafl_opt,4,l_abs,5767
1773402969,live555,chatafl_opt,4,b_per,15.4
1773402969,live555,chatafl_opt,4,b_abs,2850
1773403886,live555,chatafl_opt,4,l_per,24.2
1773403886,live555,chatafl_opt,4,l_abs,5769
1773403886,live555,chatafl_opt,4,b_per,15.4
1773403886,live555,chatafl_opt,4,b_abs,2856
1773404977,live555,chatafl_opt,4,l_per,24.2
1773404977,live555,chatafl_opt,4,l_abs,5774
1773404977,live555,chatafl_opt,4,b_per,15.5
1773404977,live555,chatafl_opt,4,b_abs,2867
1773406268,live555,chatafl_opt,4,l_per,24.2
1773406268,live555,chatafl_opt,4,l_abs,5774
1773406268,live555,chatafl_opt,4,b_per,15.5
1773406268,live555,chatafl_opt,4,b_abs,2867
1773407713,live555,chatafl_opt,4,l_per,24.3
1773407713,live555,chatafl_opt,4,l_abs,5799
1773407713,live555,chatafl_opt,4,b_per,15.6
1773407713,live555,chatafl_opt,4,b_abs,2881
1773409636,live555,chatafl_opt,4,l_per,24.3
1773409636,live555,chatafl_opt,4,l_abs,5799
1773409636,live555,chatafl_opt,4,b_per,15.6
1773409636,live555,chatafl_opt,4,b_abs,2881
1773411698,live555,chatafl_opt,4,l_per,24.3
1773411698,live555,chatafl_opt,4,l_abs,5799
1773411698,live555,chatafl_opt,4,b_per,15.6
1773411698,live555,chatafl_opt,4,b_abs,2881
1773414965,live555,chatafl_opt,4,l_per,24.3
1773414965,live555,chatafl_opt,4,l_abs,5799
1773414965,live555,chatafl_opt,4,b_per,15.6
1773414965,live555,chatafl_opt,4,b_abs,2881
1773419455,live555,chatafl_opt,4,l_per,24.3
1773419455,live555,chatafl_opt,4,l_abs,5799
1773419455,live555,chatafl_opt,4,b_per,15.6
1773419455,live555,chatafl_opt,4,b_abs,2881
1773425221,live555,chatafl_opt,4,l_per,24.3
1773425221,live555,chatafl_opt,4,l_abs,5799
1773425221,live555,chatafl_opt,4,b_per,15.6
1773425221,live555,chatafl_opt,4,b_abs,2882
1773429780,live555,chatafl_opt,4,l_per,24.3
1773429780,live555,chatafl_opt,4,l_abs,5812
1773429780,live555,chatafl_opt,4,b_per,15.6
1773429780,live555,chatafl_opt,4,b_abs,2887
1773438540,live555,chatafl_opt,4,l_per,24.4
1773438540,live555,chatafl_opt,4,l_abs,5817
1773438540,live555,chatafl_opt,4,b_per,15.6
1773438540,live555,chatafl_opt,4,b_abs,2892
1773449757,live555,chatafl_opt,4,l_per,24.4
1773449757,live555,chatafl_opt,4,l_abs,5817
1773449757,live555,chatafl_opt,4,b_per,15.6
1773449757,live555,chatafl_opt,4,b_abs,2892
1773456975,live555,chatafl_opt,4,l_per,24.4
1773456975,live555,chatafl_opt,4,l_abs,5822
1773456975,live555,chatafl_opt,4,b_per,15.7
1773456975,live555,chatafl_opt,4,b_abs,2902
1773465420,live555,chatafl_opt,4,l_per,24.5
1773465420,live555,chatafl_opt,4,l_abs,5839
1773465420,live555,chatafl_opt,4,b_per,15.8
1773465420,live555,chatafl_opt,4,b_abs,2917
1773482213,live555,chatafl_opt,4,l_per,24.5
1773482213,live555,chatafl_opt,4,l_abs,5842
1773482213,live555,chatafl_opt,4,b_per,15.8
1773482213,live555,chatafl_opt,4,b_abs,2920
1773485717,live555,chatafl_opt,4,l_per,24.5
1773485717,live555,chatafl_opt,4,l_abs,5842
1773485717,live555,chatafl_opt,4,b_per,15.8
1773485717,live555,chatafl_opt,4,b_abs,2920
1773398331,live555,chatafl_opt,5,l_per,15.8
1773398331,live555,chatafl_opt,5,l_abs,3760
1773398331,live555,chatafl_opt,5,b_per,9.6
1773398331,live555,chatafl_opt,5,b_abs,1783
1773398333,live555,chatafl_opt,5,l_per,16.3
1773398333,live555,chatafl_opt,5,l_abs,3881
1773398333,live555,chatafl_opt,5,b_per,9.9
1773398333,live555,chatafl_opt,5,b_abs,1826
1773398335,live555,chatafl_opt,5,l_per,16.9
1773398335,live555,chatafl_opt,5,l_abs,4009
1773398335,live555,chatafl_opt,5,b_per,10.0
1773398335,live555,chatafl_opt,5,b_abs,1861
1773398337,live555,chatafl_opt,5,l_per,17.9
1773398337,live555,chatafl_opt,5,l_abs,4269
1773398337,live555,chatafl_opt,5,b_per,10.7
1773398337,live555,chatafl_opt,5,b_abs,1973
1773398339,live555,chatafl_opt,5,l_per,20.1
1773398339,live555,chatafl_opt,5,l_abs,4790
1773398339,live555,chatafl_opt,5,b_per,11.8
1773398339,live555,chatafl_opt,5,b_abs,2190
1773398339,live555,chatafl_opt,5,l_per,21.8
1773398339,live555,chatafl_opt,5,l_abs,5207
1773398339,live555,chatafl_opt,5,b_per,12.7
1773398339,live555,chatafl_opt,5,b_abs,2347
1773398342,live555,chatafl_opt,5,l_per,22.7
1773398342,live555,chatafl_opt,5,l_abs,5415
1773398342,live555,chatafl_opt,5,b_per,13.3
1773398342,live555,chatafl_opt,5,b_abs,2470
1773398344,live555,chatafl_opt,5,l_per,22.7
1773398344,live555,chatafl_opt,5,l_abs,5415
1773398344,live555,chatafl_opt,5,b_per,13.3
1773398344,live555,chatafl_opt,5,b_abs,2470
1773398398,live555,chatafl_opt,5,l_per,22.9
1773398398,live555,chatafl_opt,5,l_abs,5472
1773398398,live555,chatafl_opt,5,b_per,13.9
1773398398,live555,chatafl_opt,5,b_abs,2574
1773398459,live555,chatafl_opt,5,l_per,23.0
1773398459,live555,chatafl_opt,5,l_abs,5482
1773398459,live555,chatafl_opt,5,b_per,14.1
1773398459,live555,chatafl_opt,5,b_abs,2603
1773398536,live555,chatafl_opt,5,l_per,23.0
1773398536,live555,chatafl_opt,5,l_abs,5485
1773398536,live555,chatafl_opt,5,b_per,14.1
1773398536,live555,chatafl_opt,5,b_abs,2611
1773398616,live555,chatafl_opt,5,l_per,23.0
1773398616,live555,chatafl_opt,5,l_abs,5490
1773398616,live555,chatafl_opt,5,b_per,14.2
1773398616,live555,chatafl_opt,5,b_abs,2621
1773398717,live555,chatafl_opt,5,l_per,23.2
1773398717,live555,chatafl_opt,5,l_abs,5524
1773398717,live555,chatafl_opt,5,b_per,14.3
1773398717,live555,chatafl_opt,5,b_abs,2648
1773398836,live555,chatafl_opt,5,l_per,23.2
1773398836,live555,chatafl_opt,5,l_abs,5525
1773398836,live555,chatafl_opt,5,b_per,14.3
1773398836,live555,chatafl_opt,5,b_abs,2655
1773398994,live555,chatafl_opt,5,l_per,23.2
1773398994,live555,chatafl_opt,5,l_abs,5531
1773398994,live555,chatafl_opt,5,b_per,14.4
1773398994,live555,chatafl_opt,5,b_abs,2667
1773399224,live555,chatafl_opt,5,l_per,23.3
1773399224,live555,chatafl_opt,5,l_abs,5555
1773399224,live555,chatafl_opt,5,b_per,14.5
1773399224,live555,chatafl_opt,5,b_abs,2684
1773399596,live555,chatafl_opt,5,l_per,23.4
1773399596,live555,chatafl_opt,5,l_abs,5595
1773399596,live555,chatafl_opt,5,b_per,14.6
1773399596,live555,chatafl_opt,5,b_abs,2712
1773399960,live555,chatafl_opt,5,l_per,23.5
1773399960,live555,chatafl_opt,5,l_abs,5597
1773399960,live555,chatafl_opt,5,b_per,14.7
1773399960,live555,chatafl_opt,5,b_abs,2716
1773400264,live555,chatafl_opt,5,l_per,23.5
1773400264,live555,chatafl_opt,5,l_abs,5617
1773400264,live555,chatafl_opt,5,b_per,14.8
1773400264,live555,chatafl_opt,5,b_abs,2750
1773400861,live555,chatafl_opt,5,l_per,23.5
1773400861,live555,chatafl_opt,5,l_abs,5619
1773400861,live555,chatafl_opt,5,b_per,14.9
1773400861,live555,chatafl_opt,5,b_abs,2760
1773401159,live555,chatafl_opt,5,l_per,23.6
1773401159,live555,chatafl_opt,5,l_abs,5638
1773401159,live555,chatafl_opt,5,b_per,15.0
1773401159,live555,chatafl_opt,5,b_abs,2773
1773401479,live555,chatafl_opt,5,l_per,23.7
1773401479,live555,chatafl_opt,5,l_abs,5651
1773401479,live555,chatafl_opt,5,b_per,15.0
1773401479,live555,chatafl_opt,5,b_abs,2785
1773402332,live555,chatafl_opt,5,l_per,23.7
1773402332,live555,chatafl_opt,5,l_abs,5651
1773402332,live555,chatafl_opt,5,b_per,15.0
1773402332,live555,chatafl_opt,5,b_abs,2786
1773403153,live555,chatafl_opt,5,l_per,23.7
1773403153,live555,chatafl_opt,5,l_abs,5651
1773403153,live555,chatafl_opt,5,b_per,15.1
1773403153,live555,chatafl_opt,5,b_abs,2788
1773404105,live555,chatafl_opt,5,l_per,24.0
1773404105,live555,chatafl_opt,5,l_abs,5730
1773404105,live555,chatafl_opt,5,b_per,15.2
1773404105,live555,chatafl_opt,5,b_abs,2819
1773404499,live555,chatafl_opt,5,l_per,24.1
1773404499,live555,chatafl_opt,5,l_abs,5747
1773404499,live555,chatafl_opt,5,b_per,15.3
1773404499,live555,chatafl_opt,5,b_abs,2835
1773405809,live555,chatafl_opt,5,l_per,24.1
1773405809,live555,chatafl_opt,5,l_abs,5760
1773405809,live555,chatafl_opt,5,b_per,15.3
1773405809,live555,chatafl_opt,5,b_abs,2838
1773406924,live555,chatafl_opt,5,l_per,24.1
1773406924,live555,chatafl_opt,5,l_abs,5760
1773406924,live555,chatafl_opt,5,b_per,15.4
1773406924,live555,chatafl_opt,5,b_abs,2845
1773408210,live555,chatafl_opt,5,l_per,24.1
1773408210,live555,chatafl_opt,5,l_abs,5760
1773408210,live555,chatafl_opt,5,b_per,15.4
1773408210,live555,chatafl_opt,5,b_abs,2845
1773410068,live555,chatafl_opt,5,l_per,24.1
1773410068,live555,chatafl_opt,5,l_abs,5762
1773410068,live555,chatafl_opt,5,b_per,15.4
1773410068,live555,chatafl_opt,5,b_abs,2854
1773412988,live555,chatafl_opt,5,l_per,24.2
1773412988,live555,chatafl_opt,5,l_abs,5780
1773412988,live555,chatafl_opt,5,b_per,15.5
1773412988,live555,chatafl_opt,5,b_abs,2865
1773415473,live555,chatafl_opt,5,l_per,24.2
1773415473,live555,chatafl_opt,5,l_abs,5782
1773415473,live555,chatafl_opt,5,b_per,15.5
1773415473,live555,chatafl_opt,5,b_abs,2867
1773418774,live555,chatafl_opt,5,l_per,24.2
1773418774,live555,chatafl_opt,5,l_abs,5782
1773418774,live555,chatafl_opt,5,b_per,15.5
1773418774,live555,chatafl_opt,5,b_abs,2867
1773422249,live555,chatafl_opt,5,l_per,24.2
1773422249,live555,chatafl_opt,5,l_abs,5782
1773422249,live555,chatafl_opt,5,b_per,15.5
1773422249,live555,chatafl_opt,5,b_abs,2867
1773427222,live555,chatafl_opt,5,l_per,24.2
1773427222,live555,chatafl_opt,5,l_abs,5782
1773427222,live555,chatafl_opt,5,b_per,15.5
1773427222,live555,chatafl_opt,5,b_abs,2868
1773432308,live555,chatafl_opt,5,l_per,24.2
1773432308,live555,chatafl_opt,5,l_abs,5782
1773432308,live555,chatafl_opt,5,b_per,15.5
1773432308,live555,chatafl_opt,5,b_abs,2868
1773438675,live555,chatafl_opt,5,l_per,24.4
1773438675,live555,chatafl_opt,5,l_abs,5825
1773438675,live555,chatafl_opt,5,b_per,15.6
1773438675,live555,chatafl_opt,5,b_abs,2882
1773446268,live555,chatafl_opt,5,l_per,24.5
1773446268,live555,chatafl_opt,5,l_abs,5837
1773446268,live555,chatafl_opt,5,b_per,15.6
1773446268,live555,chatafl_opt,5,b_abs,2890
1773456701,live555,chatafl_opt,5,l_per,24.5
1773456701,live555,chatafl_opt,5,l_abs,5842
1773456701,live555,chatafl_opt,5,b_per,15.6
1773456701,live555,chatafl_opt,5,b_abs,2896
1773468919,live555,chatafl_opt,5,l_per,24.5
1773468919,live555,chatafl_opt,5,l_abs,5842
1773468919,live555,chatafl_opt,5,b_per,15.6
1773468919,live555,chatafl_opt,5,b_abs,2897
1773484472,live555,chatafl_opt,5,l_per,24.5
1773484472,live555,chatafl_opt,5,l_abs,5842
1773484472,live555,chatafl_opt,5,b_per,15.6
1773484472,live555,chatafl_opt,5,b_abs,2897
1773486182,live555,chatafl_opt,5,l_per,24.5
1773486182,live555,chatafl_opt,5,l_abs,5842
1773486182,live555,chatafl_opt,5,b_per,15.6
1773486182,live555,chatafl_opt,5,b_abs,2897
