# unix_time, cycles_done, cur_path, paths_total, pending_total, pending_favs, map_size, unique_crashes, unique_hangs, max_depth, execs_per_sec, n_nodes, n_edges, chat_times, llm_calls, llm_prompt_tok, llm_compl_tok, llm_dedup, hyp_fitness, hyp_success, hyp_failure, mqtt_diff_avg, mqtt_diff_last, mqtt_diff_pos
1777098800, 0, 0, 460, 460, 25, 6.22%, 0, 0, 2, 4.56, 14, 90, 0, 369, 102786, 37881, 0, 0.000, 0, 0, 0.000000, 0.000000, 0, 0, 0, 0, 0, 0, 0, 0
1777098805, 0, 0, 463, 463, 25, 6.69%, 0, 0, 2, 1.01, 15, 91, 0, 369, 102786, 37881, 0, 0.000, 0, 0, 0.000000, 0.000000, 0, 0, 0, 0, 0, 0, 0, 0
1777098810, 0, 0, 466, 466, 25, 6.71%, 0, 0, 2, 6.07, 15, 94, 0, 369, 102786, 37881, 0, 0.000, 0, 0, 0.000000, 0.000000, 0, 0, 0, 0, 0, 0, 0, 0
1777098815, 0, 0, 468, 468, 25, 6.79%, 0, 0, 2, 0.65, 15, 94, 0, 369, 102786, 37881, 0, 0.000, 0, 0, 0.000000, 0.000000, 0, 0, 0, 0, 0, 0, 0, 0
1777098820, 0, 0, 470, 470, 25, 6.80%, 0, 0, 2, 5.41, 15, 94, 0, 369, 102786, 37881, 0, 0.000, 0, 0, 0.000000, 0.000000, 0, 0, 0, 0, 0, 0, 0, 0
1777098825, 0, 0, 472, 472, 25, 6.82%, 0, 0, 2, 5.22, 15, 95, 0, 369, 102786, 37881, 0, 0.000, 0, 0, 0.000000, 0.000000, 0, 0, 0, 0, 0, 0, 0, 0
1777098831, 0, 0, 474, 474, 25, 6.84%, 0, 0, 2, 5.40, 15, 96, 0, 369, 102786, 37881, 0, 0.000, 0, 0, 0.000000, 0.000000, 0, 0, 0, 0, 0, 0, 0, 0
1777098836, 0, 0, 476, 476, 25, 6.85%, 0, 0, 2, 5.24, 15, 96, 0, 369, 102786, 37881, 0, 0.000, 0, 0, 0.000000, 0.000000, 0, 0, 0, 0, 0, 0, 0, 0
1777098841, 0, 0, 477, 477, 25, 6.86%, 0, 0, 2, 5.53, 15, 96, 0, 369, 102786, 37881, 0, 0.000, 0, 0, 0.000000, 0.000000, 0, 0, 0, 0, 0, 0, 0, 0
1777098847, 0, 0, 479, 479, 25, 6.86%, 0, 0, 2, 6.13, 15, 96, 0, 369, 102786, 37881, 0, 0.000, 0, 0, 0.000000, 0.000000, 0, 0, 0, 0, 0, 0, 0, 0
1777098852, 0, 0, 482, 482, 25, 6.87%, 0, 0, 2, 6.24, 15, 96, 0, 369, 102786, 37881, 0, 0.000, 0, 0, 0.000000, 0.000000, 0, 0, 0, 0, 0, 0, 0, 0
1777098857, 0, 0, 484, 484, 25, 6.89%, 0, 0, 2, 5.24, 15, 96, 0, 369, 102786, 37881, 0, 0.000, 0, 0, 0.000000, 0.000000, 0, 0, 0, 0, 0, 0, 0, 0
1777098862, 0, 0, 486, 486, 25, 6.89%, 0, 0, 2, 5.60, 15, 96, 0, 369, 102786, 37881, 0, 0.000, 0, 0, 0.000000, 0.000000, 0, 0, 0, 0, 0, 0, 0, 0
1777098873, 0, 0, 488, 488, 25, 6.90%, 0, 0, 2, 5.45, 15, 96, 0, 369, 102786, 37881, 0, 0.000, 0, 0, 0.000000, 0.000000, 0, 0, 0, 0, 0, 0, 0, 0
1777098878, 0, 0, 490, 490, 25, 6.93%, 0, 0, 2, 6.19, 15, 96, 0, 369, 102786, 37881, 0, 0.000, 0, 0, 0.000000, 0.000000, 0, 0, 0, 0, 0, 0, 0, 0
1777098883, 0, 0, 492, 492, 25, 6.93%, 0, 0, 2, 5.87, 15, 98, 0, 369, 102786, 37881, 0, 0.000, 0, 0, 0.000000, 0.000000, 0, 0, 0, 0, 0, 0, 0, 0
1777098888, 0, 0, 494, 494, 25, 6.95%, 0, 0, 2, 5.62, 15, 98, 0, 369, 102786, 37881, 0, 0.000, 0, 0, 0.000000, 0.000000, 0, 0, 0, 0, 0, 0, 0, 0
1777098893, 0, 0, 496, 496, 25, 6.96%, 0, 0, 2, 5.59, 15, 98, 0, 369, 102786, 37881, 0, 0.000, 0, 0, 0.000000, 0.000000, 0, 0, 0, 0, 0, 0, 0, 0
1777098904, 0, 0, 497, 497, 25, 6.96%, 0, 0, 2, 5.72, 15, 98, 0, 369, 102786, 37881, 0, 0.000, 0, 0, 0.000000, 0.000000, 0, 0, 0, 0, 0, 0, 0, 0
1777098909, 0, 0, 498, 498, 25, 6.96%, 0, 0, 2, 5.68, 15, 98, 0, 369, 102786, 37881, 0, 0.000, 0, 0, 0.000000, 0.000000, 0, 0, 0, 0, 0, 0, 0, 0
1777098920, 0, 0, 500, 500, 25, 6.96%, 0, 0, 2, 5.07, 15, 98, 0, 369, 102786, 37881, 0, 0.000, 0, 0, 0.000000, 0.000000, 0, 0, 0, 0, 0, 0, 0, 0
1777098925, 0, 0, 501, 501, 25, 6.96%, 0, 0, 2, 5.53, 15, 98, 0, 369, 102786, 37881, 0, 0.000, 0, 0, 0.000000, 0.000000, 0, 0, 0, 0, 0, 0, 0, 0
1777098930, 0, 0, 502, 502, 25, 6.97%, 0, 0, 2, 0.66, 15, 98, 0, 369, 102786, 37881, 0, 0.000, 0, 0, 0.000000, 0.000000, 0, 0, 0, 0, 0, 0, 0, 0
1777098945, 0, 0, 503, 503, 25, 6.97%, 0, 0, 2, 5.59, 15, 98, 0, 369, 102786, 37881, 0, 0.000, 0, 0, 0.000000, 0.000000, 0, 0, 0, 0, 0, 0, 0, 0
1777098951, 0, 0, 504, 504, 25, 6.99%, 0, 0, 2, 5.56, 15, 99, 0, 369, 102786, 37881, 0, 0.000, 0, 0, 0.000000, 0.000000, 0, 0, 0, 0, 0, 0, 0, 0
1777098956, 0, 0, 506, 506, 25, 7.00%, 0, 0, 2, 5.58, 15, 99, 0, 369, 102786, 37881, 0, 0.000, 0, 0, 0.000000, 0.000000, 0, 0, 0, 0, 0, 0, 0, 0
1777098961, 0, 0, 507, 507, 25, 7.00%, 0, 0, 2, 6.62, 15, 99, 0, 369, 102786, 37881, 0, 0.000, 0, 0, 0.000000, 0.000000, 0, 0, 0, 0, 0, 0, 0, 0
1777098971, 0, 0, 508, 508, 25, 7.00%, 0, 0, 2, 5.37, 15, 99, 0, 369, 102786, 37881, 0, 0.000, 0, 0, 0.000000, 0.000000, 0, 0, 0, 0, 0, 0, 0, 0
1777098976, 0, 0, 509, 509, 25, 7.00%, 0, 0, 2, 5.40, 15, 100, 0, 369, 102786, 37881, 0, 0.000, 0, 0, 0.000000, 0.000000, 0, 0, 0, 0, 0, 0, 0, 0
1777098982, 0, 0, 510, 510, 25, 7.00%, 0, 0, 2, 5.34, 15, 100, 0, 369, 102786, 37881, 0, 0.000, 0, 0, 0.000000, 0.000000, 0, 0, 0, 0, 0, 0, 0, 0
1777098987, 0, 0, 511, 511, 25, 7.02%, 0, 0, 2, 5.31, 15, 101, 0, 369, 102786, 37881, 0, 0.000, 0, 0, 0.000000, 0.000000, 0, 0, 0, 0, 0, 0, 0, 0
1777098992, 0, 0, 513, 513, 25, 7.02%, 0, 0, 2, 5.75, 15, 101, 0, 369, 102786, 37881, 0, 0.000, 0, 0, 0.000000, 0.000000, 0, 0, 0, 0, 0, 0, 0, 0
1777098997, 0, 0, 515, 515, 25, 7.02%, 0, 0, 2, 8.36, 15, 101, 0, 369, 102786, 37881, 0, 0.000, 0, 0, 0.000000, 0.000000, 0, 0, 0, 0, 0, 0, 0, 0
1777099003, 0, 0, 516, 516, 25, 7.02%, 0, 0, 2, 7.06, 15, 101, 0, 369, 102786, 37881, 0, 0.000, 0, 0, 0.000000, 0.000000, 0, 0, 0, 0, 0, 0, 0, 0
1777099008, 0, 0, 517, 517, 25, 7.03%, 0, 0, 2, 5.79, 15, 101, 0, 369, 102786, 37881, 0, 0.000, 0, 0, 0.000000, 0.000000, 0, 0, 0, 0, 0, 0, 0, 0
1777099018, 0, 0, 519, 519, 25, 7.03%, 0, 0, 2, 6.05, 15, 101, 0, 369, 102786, 37881, 0, 0.000, 0, 0, 0.000000, 0.000000, 0, 0, 0, 0, 0, 0, 0, 0
1777099023, 0, 0, 520, 520, 25, 7.03%, 0, 0, 2, 6.10, 15, 101, 0, 369, 102786, 37881, 0, 0.000, 0, 0, 0.000000, 0.000000, 0, 0, 0, 0, 0, 0, 0, 0
1777099028, 0, 0, 522, 522, 25, 7.03%, 0, 0, 2, 5.97, 15, 101, 0, 369, 102786, 37881, 0, 0.000, 0, 0, 0.000000, 0.000000, 0, 0, 0, 0, 0, 0, 0, 0
1777099033, 0, 0, 523, 523, 25, 7.03%, 0, 0, 2, 1.12, 15, 101, 0, 369, 102786, 37881, 0, 0.000, 0, 0, 0.000000, 0.000000, 0, 0, 0, 0, 0, 0, 0, 0
1777099049, 0, 0, 524, 524, 25, 7.03%, 0, 0, 2, 5.61, 15, 101, 0, 369, 102786, 37881, 0, 0.000, 0, 0, 0.000000, 0.000000, 0, 0, 0, 0, 0, 0, 0, 0
1777099054, 0, 0, 526, 526, 25, 7.04%, 0, 0, 2, 5.45, 15, 101, 0, 369, 102786, 37881, 0, 0.000, 0, 0, 0.000000, 0.000000, 0, 0, 0, 0, 0, 0, 0, 0
1777099064, 0, 0, 527, 527, 25, 7.04%, 0, 0, 2, 6.04, 15, 101, 0, 369, 102786, 37881, 0, 0.000, 0, 0, 0.000000, 0.000000, 0, 0, 0, 0, 0, 0, 0, 0
1777099070, 0, 0, 529, 529, 25, 7.05%, 0, 0, 2, 6.33, 15, 102, 0, 369, 102786, 37881, 0, 0.000, 0, 0, 0.000000, 0.000000, 0, 0, 0, 0, 0, 0, 0, 0
1777099075, 0, 0, 531, 531, 25, 7.07%, 0, 0, 2, 6.45, 16, 103, 0, 369, 102786, 37881, 0, 0.000, 0, 0, 0.000000, 0.000000, 0, 0, 0, 0, 0, 0, 0, 0
1777099085, 0, 0, 532, 532, 25, 7.07%, 0, 0, 2, 5.17, 16, 103, 0, 369, 102786, 37881, 0, 0.000, 0, 0, 0.000000, 0.000000, 0, 0, 0, 0, 0, 0, 0, 0
1777099090, 0, 0, 534, 534, 25, 7.15%, 0, 0, 2, 5.36, 16, 105, 0, 369, 102786, 37881, 0, 0.000, 0, 0, 0.000000, 0.000000, 0, 0, 0, 0, 0, 0, 0, 0
1777099106, 0, 0, 535, 535, 25, 7.15%, 0, 0, 2, 5.43, 16, 105, 0, 369, 102786, 37881, 0, 0.000, 0, 0, 0.000000, 0.000000, 0, 0, 0, 0, 0, 0, 0, 0
1777099116, 0, 0, 536, 536, 25, 7.15%, 0, 0, 2, 5.60, 16, 105, 0, 369, 102786, 37881, 0, 0.000, 0, 0, 0.000000, 0.000000, 0, 0, 0, 0, 0, 0, 0, 0
1777099121, 0, 0, 537, 537, 25, 7.15%, 0, 0, 2, 6.08, 16, 105, 0, 369, 102786, 37881, 0, 0.000, 0, 0, 0.000000, 0.000000, 0, 0, 0, 0, 0, 0, 0, 0
1777099126, 0, 0, 538, 538, 25, 7.15%, 0, 0, 2, 5.93, 16, 105, 0, 369, 102786, 37881, 0, 0.000, 0, 0, 0.000000, 0.000000, 0, 0, 0, 0, 0, 0, 0, 0
1777099131, 0, 0, 539, 539, 25, 7.15%, 0, 0, 2, 5.66, 16, 105, 0, 369, 102786, 37881, 0, 0.000, 0, 0, 0.000000, 0.000000, 0, 0, 0, 0, 0, 0, 0, 0
1777099147, 0, 0, 540, 540, 25, 7.15%, 0, 0, 2, 1.11, 16, 105, 0, 369, 102786, 37881, 0, 0.000, 0, 0, 0.000000, 0.000000, 0, 0, 0, 0, 0, 0, 0, 0
1777099152, 0, 0, 541, 541, 25, 7.16%, 0, 0, 2, 5.60, 16, 105, 0, 369, 102786, 37881, 0, 0.000, 0, 0, 0.000000, 0.000000, 0, 0, 0, 0, 0, 0, 0, 0
1777099157, 0, 0, 542, 542, 25, 7.16%, 0, 0, 2, 4.59, 16, 105, 0, 369, 102786, 37881, 0, 0.000, 0, 0, 0.000000, 0.000000, 0, 0, 0, 0, 0, 0, 0, 0
1777099167, 0, 0, 543, 543, 25, 7.16%, 0, 0, 2, 5.04, 16, 105, 0, 369, 102786, 37881, 0, 0.000, 0, 0, 0.000000, 0.000000, 0, 0, 0, 0, 0, 0, 0, 0
1777099172, 0, 0, 544, 544, 25, 7.16%, 0, 0, 2, 5.51, 16, 105, 0, 369, 102786, 37881, 0, 0.000, 0, 0, 0.000000, 0.000000, 0, 0, 0, 0, 0, 0, 0, 0
1777099177, 0, 0, 545, 545, 25, 7.16%, 0, 0, 2, 5.35, 16, 106, 0, 369, 102786, 37881, 0, 0.000, 0, 0, 0.000000, 0.000000, 0, 0, 0, 0, 0, 0, 0, 0
1777099182, 0, 0, 546, 546, 25, 7.17%, 0, 0, 2, 5.73, 16, 107, 0, 369, 102786, 37881, 0, 0.000, 0, 0, 0.000000, 0.000000, 0, 0, 0, 0, 0, 0, 0, 0
1777099188, 0, 0, 547, 547, 25, 7.17%, 0, 0, 2, 2.94, 16, 107, 0, 369, 102786, 37881, 0, 0.000, 0, 0, 0.000000, 0.000000, 0, 0, 0, 0, 0, 0, 0, 0
1777099198, 0, 0, 548, 548, 25, 7.17%, 0, 0, 2, 4.86, 16, 107, 0, 369, 102786, 37881, 0, 0.000, 0, 0, 0.000000, 0.000000, 0, 0, 0, 0, 0, 0, 0, 0
1777099208, 0, 0, 550, 550, 25, 7.17%, 0, 0, 2, 5.79, 16, 107, 0, 369, 102786, 37881, 0, 0.000, 0, 0, 0.000000, 0.000000, 0, 0, 0, 0, 0, 0, 0, 0
1777099224, 0, 0, 551, 551, 25, 7.17%, 0, 0, 2, 2.09, 16, 107, 0, 369, 102786, 37881, 0, 0.000, 0, 0, 0.000000, 0.000000, 0, 0, 0, 0, 0, 0, 0, 0
1777099239, 0, 0, 552, 552, 25, 7.17%, 0, 0, 2, 6.01, 16, 107, 0, 369, 102786, 37881, 0, 0.000, 0, 0, 0.000000, 0.000000, 0, 0, 0, 0, 0, 0, 0, 0
1777099261, 0, 0, 553, 553, 25, 7.17%, 0, 0, 2, 1.10, 16, 107, 0, 369, 102786, 37881, 0, 0.000, 0, 0, 0.000000, 0.000000, 0, 0, 0, 0, 0, 0, 0, 0
1777099271, 0, 0, 554, 554, 25, 7.17%, 0, 0, 2, 4.61, 16, 107, 0, 369, 102786, 37881, 0, 0.000, 0, 0, 0.000000, 0.000000, 0, 0, 0, 0, 0, 0, 0, 0
1777099281, 0, 0, 556, 556, 25, 7.17%, 0, 0, 2, 6.17, 16, 107, 0, 369, 102786, 37881, 0, 0.000, 0, 0, 0.000000, 0.000000, 0, 0, 0, 0, 0, 0, 0, 0
1777099286, 0, 0, 557, 557, 25, 7.18%, 0, 0, 2, 6.25, 16, 107, 0, 369, 102786, 37881, 0, 0.000, 0, 0, 0.000000, 0.000000, 0, 0, 0, 0, 0, 0, 0, 0
1777099291, 0, 0, 559, 559, 25, 7.18%, 0, 0, 2, 5.97, 16, 107, 0, 369, 102786, 37881, 0, 0.000, 0, 0, 0.000000, 0.000000, 0, 0, 0, 0, 0, 0, 0, 0
1777099302, 0, 0, 561, 561, 25, 7.20%, 0, 0, 2, 5.76, 16, 107, 0, 369, 102786, 37881, 0, 0.000, 0, 0, 0.000000, 0.000000, 0, 0, 0, 0, 0, 0, 0, 0
1777099307, 0, 0, 562, 562, 25, 7.20%, 0, 0, 2, 4.74, 16, 107, 0, 369, 102786, 37881, 0, 0.000, 0, 0, 0.000000, 0.000000, 0, 0, 0, 0, 0, 0, 0, 0
1777099318, 0, 0, 563, 563, 25, 7.20%, 0, 0, 2, 5.53, 16, 107, 0, 369, 102786, 37881, 0, 0.000, 0, 0, 0.000000, 0.000000, 0, 0, 0, 0, 0, 0, 0, 0
1777099323, 0, 0, 564, 564, 25, 7.21%, 0, 0, 2, 5.42, 16, 107, 0, 369, 102786, 37881, 0, 0.000, 0, 0, 0.000000, 0.000000, 0, 0, 0, 0, 0, 0, 0, 0
1777099338, 0, 0, 566, 566, 25, 7.21%, 0, 0, 2, 2.83, 16, 107, 0, 369, 102786, 37881, 0, 0.000, 0, 0, 0.000000, 0.000000, 0, 0, 0, 0, 0, 0, 0, 0
1777099343, 0, 0, 567, 567, 25, 7.21%, 0, 0, 2, 4.76, 16, 107, 0, 369, 102786, 37881, 0, 0.000, 0, 0, 0.000000, 0.000000, 0, 0, 0, 0, 0, 0, 0, 0
1777099348, 0, 0, 568, 568, 25, 7.22%, 0, 0, 2, 5.90, 16, 107, 0, 369, 102786, 37881, 0, 0.000, 0, 0, 0.000000, 0.000000, 0, 0, 0, 0, 0, 0, 0, 0
1777099354, 0, 0, 569, 569, 25, 7.22%, 0, 0, 2, 5.90, 16, 107, 0, 369, 102786, 37881, 0, 0.000, 0, 0, 0.000000, 0.000000, 0, 0, 0, 0, 0, 0, 0, 0
1777099359, 0, 0, 570, 570, 25, 7.22%, 0, 0, 2, 3.36, 16, 107, 0, 369, 102786, 37881, 0, 0.000, 0, 0, 0.000000, 0.000000, 0, 0, 0, 0, 0, 0, 0, 0
1777099380, 0, 0, 571, 571, 25, 7.23%, 0, 0, 2, 5.77, 16, 107, 0, 369, 102786, 37881, 0, 0.000, 0, 0, 0.000000, 0.000000, 0, 0, 0, 0, 0, 0, 0, 0
1777099386, 0, 0, 572, 572, 25, 7.23%, 0, 0, 2, 4.55, 16, 107, 0, 369, 102786, 37881, 0, 0.000, 0, 0, 0.000000, 0.000000, 0, 0, 0, 0, 0, 0, 0, 0
1777099391, 0, 0, 573, 573, 25, 7.23%, 0, 0, 2, 5.30, 16, 107, 0, 369, 102786, 37881, 0, 0.000, 0, 0, 0.000000, 0.000000, 0, 0, 0, 0, 0, 0, 0, 0
1777099396, 0, 0, 575, 575, 25, 7.24%, 0, 0, 2, 5.34, 16, 107, 0, 369, 102786, 37881, 0, 0.000, 0, 0, 0.000000, 0.000000, 0, 0, 0, 0, 0, 0, 0, 0
1777099401, 0, 0, 576, 576, 25, 7.24%, 0, 0, 2, 6.03, 16, 107, 0, 369, 102786, 37881, 0, 0.000, 0, 0, 0.000000, 0.000000, 0, 0, 0, 0, 0, 0, 0, 0
1777099407, 0, 0, 578, 578, 25, 7.25%, 0, 0, 2, 6.07, 16, 107, 0, 369, 102786, 37881, 0, 0.000, 0, 0, 0.000000, 0.000000, 0, 0, 0, 0, 0, 0, 0, 0
1777099417, 0, 0, 579, 579, 25, 7.25%, 0, 0, 2, 6.27, 16, 107, 0, 369, 102786, 37881, 0, 0.000, 0, 0, 0.000000, 0.000000, 0, 0, 0, 0, 0, 0, 0, 0
1777099422, 0, 0, 580, 580, 25, 7.25%, 0, 0, 2, 4.29, 16, 107, 0, 369, 102786, 37881, 0, 0.000, 0, 0, 0.000000, 0.000000, 0, 0, 0, 0, 0, 0, 0, 0
1777099437, 0, 0, 581, 581, 25, 7.26%, 0, 0, 2, 5.54, 16, 107, 0, 369, 102786, 37881, 0, 0.000, 0, 0, 0.000000, 0.000000, 0, 0, 0, 0, 0, 0, 0, 0
1777099448, 0, 0, 582, 582, 25, 7.26%, 0, 0, 2, 6.05, 16, 107, 0, 369, 102786, 37881, 0, 0.000, 0, 0, 0.000000, 0.000000, 0, 0, 0, 0, 0, 0, 0, 0
1777099453, 0, 0, 583, 583, 25, 7.26%, 0, 0, 2, 3.27, 16, 107, 0, 369, 102786, 37881, 0, 0.000, 0, 0, 0.000000, 0.000000, 0, 0, 0, 0, 0, 0, 0, 0
1777099459, 0, 0, 584, 584, 25, 7.26%, 0, 0, 2, 0.66, 16, 107, 0, 369, 102786, 37881, 0, 0.000, 0, 0, 0.000000, 0.000000, 0, 0, 0, 0, 0, 0, 0, 0
1777099480, 0, 0, 586, 586, 25, 7.27%, 0, 0, 2, 5.51, 16, 107, 0, 369, 102786, 37881, 0, 0.000, 0, 0, 0.000000, 0.000000, 0, 0, 0, 0, 0, 0, 0, 0
1777099485, 0, 0, 587, 587, 25, 7.27%, 0, 0, 2, 5.86, 16, 107, 0, 369, 102786, 37881, 0, 0.000, 0, 0, 0.000000, 0.000000, 0, 0, 0, 0, 0, 0, 0, 0
1777099495, 0, 0, 588, 588, 25, 7.27%, 0, 0, 2, 6.61, 16, 107, 0, 369, 102786, 37881, 0, 0.000, 0, 0, 0.000000, 0.000000, 0, 0, 0, 0, 0, 0, 0, 0
1777099500, 0, 0, 589, 589, 25, 7.28%, 0, 0, 2, 6.32, 16, 107, 0, 369, 102786, 37881, 0, 0.000, 0, 0, 0.000000, 0.000000, 0, 0, 0, 0, 0, 0, 0, 0
1777099511, 0, 0, 590, 590, 25, 7.28%, 0, 0, 2, 6.02, 16, 107, 0, 369, 102786, 37881, 0, 0.000, 0, 0, 0.000000, 0.000000, 0, 0, 0, 0, 0, 0, 0, 0
1777099526, 0, 0, 591, 591, 25, 7.28%, 0, 0, 2, 2.02, 16, 107, 0, 369, 102786, 37881, 0, 0.000, 0, 0, 0.000000, 0.000000, 0, 0, 0, 0, 0, 0, 0, 0
1777099552, 0, 0, 592, 592, 25, 7.30%, 0, 0, 2, 5.65, 16, 107, 0, 369, 102786, 37881, 0, 0.000, 0, 0, 0.000000, 0.000000, 0, 0, 0, 0, 0, 0, 0, 0
1777099563, 0, 0, 593, 593, 25, 7.31%, 0, 0, 2, 1.14, 16, 107, 0, 369, 102786, 37881, 0, 0.000, 0, 0, 0.000000, 0.000000, 0, 0, 0, 0, 0, 0, 0, 0
1777099589, 0, 0, 594, 594, 25, 7.31%, 0, 0, 2, 5.50, 16, 109, 0, 369, 102786, 37881, 0, 0.000, 0, 0, 0.000000, 0.000000, 0, 0, 0, 0, 0, 0, 0, 0
1777099594, 0, 0, 595, 595, 25, 7.31%, 0, 0, 2, 5.27, 16, 109, 0, 369, 102786, 37881, 0, 0.000, 0, 0, 0.000000, 0.000000, 0, 0, 0, 0, 0, 0, 0, 0
1777099641, 0, 0, 596, 596, 25, 7.31%, 0, 0, 2, 0.99, 16, 109, 0, 369, 102786, 37881, 0, 0.000, 0, 0, 0.000000, 0.000000, 0, 0, 0, 0, 0, 0, 1, 0
1777099662, 0, 0, 597, 597, 25, 7.31%, 0, 0, 2, 7.82, 16, 109, 0, 369, 102786, 37881, 0, 0.000, 0, 0, 0.000000, 0.000000, 0, 0, 0, 0, 0, 0, 1, 0
1777099689, 0, 0, 598, 598, 25, 7.32%, 0, 0, 2, 0.66, 16, 109, 0, 369, 102786, 37881, 0, 0.000, 0, 0, 0.000000, 0.000000, 0, 0, 0, 0, 0, 0, 1, 0
1777099725, 0, 0, 599, 599, 25, 7.32%, 0, 0, 2, 6.20, 16, 109, 0, 369, 102786, 37881, 0, 0.000, 0, 0, 0.000000, 0.000000, 0, 0, 0, 0, 0, 0, 1, 0
1777099741, 0, 0, 600, 600, 25, 7.32%, 0, 0, 2, 5.41, 16, 109, 0, 369, 102786, 37881, 0, 0.000, 0, 0, 0.000000, 0.000000, 0, 0, 0, 0, 0, 0, 1, 0
1777099746, 0, 0, 601, 601, 25, 7.32%, 0, 0, 2, 5.53, 16, 109, 0, 369, 102786, 37881, 0, 0.000, 0, 0, 0.000000, 0.000000, 0, 0, 0, 0, 0, 0, 1, 0
1777099751, 0, 0, 602, 602, 25, 7.32%, 0, 0, 2, 5.56, 16, 109, 0, 369, 102786, 37881, 0, 0.000, 0, 0, 0.000000, 0.000000, 0, 0, 0, 0, 0, 0, 1, 0
1777099756, 0, 0, 603, 603, 25, 7.32%, 0, 0, 2, 1.73, 16, 109, 0, 369, 102786, 37881, 0, 0.000, 0, 0, 0.000000, 0.000000, 0, 0, 0, 0, 0, 0, 1, 0
1777099772, 0, 0, 604, 604, 25, 7.33%, 0, 0, 2, 5.70, 16, 109, 0, 369, 102786, 37881, 0, 0.000, 0, 0, 0.000000, 0.000000, 0, 0, 0, 0, 0, 0, 1, 0
1777099777, 0, 0, 605, 605, 25, 7.33%, 0, 0, 2, 5.48, 16, 109, 0, 369, 102786, 37881, 0, 0.000, 0, 0, 0.000000, 0.000000, 0, 0, 0, 0, 0, 0, 1, 0
1777099793, 0, 0, 606, 606, 25, 7.33%, 0, 0, 2, 1.10, 16, 109, 0, 369, 102786, 37881, 0, 0.000, 0, 0, 0.000000, 0.000000, 0, 0, 0, 0, 0, 0, 1, 0
1777099808, 0, 0, 607, 607, 25, 7.33%, 0, 0, 2, 6.33, 16, 109, 0, 369, 102786, 37881, 0, 0.000, 0, 0, 0.000000, 0.000000, 0, 0, 0, 0, 0, 0, 1, 0
1777099814, 0, 0, 608, 608, 25, 7.34%, 0, 0, 2, 5.76, 16, 109, 0, 369, 102786, 37881, 0, 0.000, 0, 0, 0.000000, 0.000000, 0, 0, 0, 0, 0, 0, 1, 0
1777099819, 0, 0, 609, 609, 25, 7.34%, 0, 0, 2, 6.00, 16, 109, 0, 369, 102786, 37881, 0, 0.000, 0, 0, 0.000000, 0.000000, 0, 0, 0, 0, 0, 0, 1, 0
1777099840, 0, 0, 610, 610, 25, 7.35%, 0, 0, 2, 0.66, 16, 109, 0, 369, 102786, 37881, 0, 0.000, 0, 0, 0.000000, 0.000000, 0, 0, 0, 0, 0, 0, 1, 0
1777099861, 0, 0, 611, 611, 25, 7.36%, 0, 0, 2, 5.74, 16, 109, 0, 369, 102786, 37881, 0, 0.000, 0, 0, 0.000000, 0.000000, 0, 0, 0, 0, 0, 0, 1, 0
1777099908, 0, 0, 612, 612, 25, 7.36%, 0, 0, 2, 3.43, 16, 109, 0, 369, 102786, 37881, 0, 0.000, 0, 0, 0.000000, 0.000000, 0, 0, 0, 0, 0, 0, 2, 0
1777099929, 0, 0, 614, 614, 25, 7.36%, 0, 0, 2, 5.33, 16, 110, 0, 369, 102786, 37881, 0, 0.000, 0, 0, 0.000000, 0.000000, 0, 0, 0, 0, 0, 0, 2, 0
1777099960, 0, 0, 615, 615, 25, 7.36%, 0, 0, 2, 5.86, 16, 110, 0, 369, 102786, 37881, 0, 0.000, 0, 0, 0.000000, 0.000000, 0, 0, 0, 0, 0, 0, 2, 0
1777099966, 0, 0, 616, 616, 25, 7.36%, 0, 0, 2, 5.67, 16, 110, 0, 369, 102786, 37881, 0, 0.000, 0, 0, 0.000000, 0.000000, 0, 0, 0, 0, 0, 0, 2, 0
1777099976, 0, 0, 617, 617, 25, 7.36%, 0, 0, 2, 5.84, 16, 110, 0, 369, 102786, 37881, 0, 0.000, 0, 0, 0.000000, 0.000000, 0, 0, 0, 0, 0, 0, 2, 0
1777100033, 0, 0, 618, 618, 25, 7.36%, 0, 0, 2, 5.91, 16, 110, 0, 369, 102786, 37881, 0, 0.000, 0, 0, 0.000000, 0.000000, 0, 0, 0, 0, 0, 0, 3, 0
1777100038, 0, 0, 619, 619, 25, 7.37%, 0, 0, 2, 5.74, 16, 110, 0, 369, 102786, 37881, 0, 0.000, 0, 0, 0.000000, 0.000000, 0, 0, 0, 0, 0, 0, 3, 0
1777100059, 0, 0, 620, 620, 25, 7.38%, 0, 0, 2, 6.19, 16, 110, 0, 369, 102786, 37881, 0, 0.000, 0, 0, 0.000000, 0.000000, 0, 0, 0, 0, 0, 0, 3, 0
1777100069, 0, 0, 621, 621, 25, 7.40%, 0, 0, 2, 6.47, 16, 110, 0, 369, 102786, 37881, 0, 0.000, 0, 0, 0.000000, 0.000000, 0, 0, 0, 0, 0, 0, 3, 0
1777100074, 0, 0, 622, 622, 25, 7.41%, 0, 0, 2, 5.96, 16, 110, 0, 369, 102786, 37881, 0, 0.000, 0, 0, 0.000000, 0.000000, 0, 0, 0, 0, 0, 0, 3, 0
1777100100, 0, 0, 623, 623, 25, 7.41%, 0, 0, 2, 5.71, 16, 110, 0, 369, 102786, 37881, 0, 0.000, 0, 0, 0.000000, 0.000000, 0, 0, 0, 0, 0, 0, 3, 0
1777100105, 0, 0, 625, 625, 25, 7.41%, 0, 0, 2, 0.66, 16, 110, 0, 369, 102786, 37881, 0, 0.000, 0, 0, 0.000000, 0.000000, 0, 0, 0, 0, 0, 0, 3, 0
1777100146, 0, 0, 626, 626, 25, 7.41%, 0, 0, 2, 7.71, 16, 110, 0, 369, 102786, 37881, 0, 0.000, 0, 0, 0.000000, 0.000000, 0, 0, 0, 0, 0, 0, 3, 0
1777100152, 0, 0, 627, 627, 25, 7.41%, 0, 0, 2, 6.29, 16, 110, 0, 369, 102786, 37881, 0, 0.000, 0, 0, 0.000000, 0.000000, 0, 0, 0, 0, 0, 0, 3, 0
1777100167, 0, 0, 628, 628, 25, 7.41%, 0, 0, 2, 6.46, 16, 110, 0, 369, 102786, 37881, 0, 0.000, 0, 0, 0.000000, 0.000000, 0, 0, 0, 0, 0, 0, 3, 0
1777100173, 0, 0, 629, 629, 25, 7.41%, 0, 0, 2, 7.02, 16, 110, 0, 369, 102786, 37881, 0, 0.000, 0, 0, 0.000000, 0.000000, 0, 0, 0, 0, 0, 0, 3, 0
1777100193, 0, 0, 630, 630, 25, 7.42%, 0, 0, 2, 5.14, 16, 110, 0, 369, 102786, 37881, 0, 0.000, 0, 0, 0.000000, 0.000000, 0, 0, 0, 0, 0, 0, 3, 0
1777100209, 0, 0, 631, 631, 25, 7.42%, 0, 0, 2, 8.47, 16, 110, 0, 369, 102786, 37881, 0, 0.000, 0, 0, 0.000000, 0.000000, 0, 0, 0, 0, 0, 0, 3, 0
1777100214, 0, 0, 632, 632, 25, 7.42%, 0, 0, 2, 6.88, 16, 110, 0, 369, 102786, 37881, 0, 0.000, 0, 0, 0.000000, 0.000000, 0, 0, 0, 0, 0, 0, 3, 0
1777100219, 0, 0, 633, 633, 25, 7.42%, 0, 0, 2, 5.71, 16, 110, 0, 369, 102786, 37881, 0, 0.000, 0, 0, 0.000000, 0.000000, 0, 0, 0, 0, 0, 0, 3, 0
1777100235, 0, 0, 634, 634, 25, 7.42%, 0, 0, 2, 5.78, 16, 110, 0, 369, 102786, 37881, 0, 0.000, 0, 0, 0.000000, 0.000000, 0, 0, 0, 0, 0, 0, 3, 0
1777100256, 0, 0, 635, 635, 25, 7.42%, 0, 0, 2, 6.64, 16, 110, 0, 369, 102786, 37881, 0, 0.000, 0, 0, 0.000000, 0.000000, 0, 0, 0, 0, 0, 0, 3, 0
1777100272, 0, 0, 636, 636, 25, 7.42%, 0, 0, 2, 5.59, 16, 110, 0, 369, 102786, 37881, 0, 0.000, 0, 0, 0.000000, 0.000000, 0, 0, 0, 0, 0, 0, 3, 0
1777100282, 0, 0, 637, 637, 25, 7.42%, 0, 0, 2, 5.49, 16, 110, 0, 369, 102786, 37881, 0, 0.000, 0, 0, 0.000000, 0.000000, 0, 0, 0, 0, 0, 0, 3, 0
1777100308, 0, 0, 638, 638, 25, 7.43%, 0, 0, 2, 5.69, 16, 110, 0, 369, 102786, 37881, 0, 0.000, 0, 0, 0.000000, 0.000000, 0, 0, 0, 0, 0, 0, 3, 0
1777100318, 0, 0, 639, 639, 25, 7.43%, 0, 0, 2, 5.54, 16, 110, 0, 369, 102786, 37881, 0, 0.000, 0, 0, 0.000000, 0.000000, 0, 0, 0, 0, 0, 0, 3, 0
1777100328, 0, 0, 640, 640, 25, 7.43%, 0, 0, 2, 5.38, 16, 110, 0, 369, 102786, 37881, 0, 0.000, 0, 0, 0.000000, 0.000000, 0, 0, 0, 0, 0, 0, 3, 0
1777100344, 0, 0, 641, 641, 25, 7.43%, 0, 0, 2, 5.43, 16, 110, 0, 369, 102786, 37881, 0, 0.000, 0, 0, 0.000000, 0.000000, 0, 0, 0, 0, 0, 0, 3, 0
1777100385, 0, 0, 642, 642, 25, 7.44%, 0, 0, 2, 5.62, 16, 110, 0, 369, 102786, 37881, 0, 0.000, 0, 0, 0.000000, 0.000000, 0, 0, 0, 0, 0, 0, 3, 0
1777100406, 0, 0, 643, 643, 25, 7.44%, 0, 0, 2, 5.73, 16, 110, 0, 369, 102786, 37881, 0, 0.000, 0, 0, 0.000000, 0.000000, 0, 0, 0, 0, 0, 0, 3, 0
1777100454, 0, 0, 644, 644, 25, 7.45%, 0, 0, 2, 5.56, 16, 110, 0, 369, 102786, 37881, 0, 0.000, 0, 0, 0.000000, 0.000000, 0, 0, 0, 0, 0, 0, 4, 0
1777100459, 0, 0, 645, 645, 25, 7.45%, 0, 0, 2, 5.32, 16, 110, 0, 369, 102786, 37881, 0, 0.000, 0, 0, 0.000000, 0.000000, 0, 0, 0, 0, 0, 0, 4, 0
1777100485, 0, 0, 646, 646, 25, 7.45%, 0, 0, 2, 5.72, 16, 110, 0, 369, 102786, 37881, 0, 0.000, 0, 0, 0.000000, 0.000000, 0, 0, 0, 0, 0, 0, 4, 0
1777100522, 0, 0, 647, 647, 25, 7.45%, 0, 0, 2, 5.82, 16, 110, 0, 369, 102786, 37881, 0, 0.000, 0, 0, 0.000000, 0.000000, 0, 0, 0, 0, 0, 0, 4, 0
1777100532, 0, 0, 648, 648, 25, 7.46%, 0, 0, 2, 5.37, 16, 110, 0, 369, 102786, 37881, 0, 0.000, 0, 0, 0.000000, 0.000000, 0, 0, 0, 0, 0, 0, 4, 0
1777100579, 0, 0, 649, 649, 25, 7.46%, 0, 0, 2, 5.46, 16, 110, 0, 369, 102786, 37881, 0, 0.000, 0, 0, 0.000000, 0.000000, 0, 0, 0, 0, 0, 0, 5, 0
1777100610, 0, 0, 650, 650, 25, 7.46%, 0, 0, 2, 6.12, 16, 110, 0, 369, 102786, 37881, 0, 0.000, 0, 0, 0.000000, 0.000000, 0, 0, 0, 0, 0, 0, 5, 0
1777100615, 0, 0, 651, 651, 25, 7.46%, 0, 0, 2, 5.56, 16, 110, 0, 369, 102786, 37881, 0, 0.000, 0, 0, 0.000000, 0.000000, 0, 0, 0, 0, 0, 0, 5, 0
1777100646, 0, 0, 652, 652, 25, 7.46%, 0, 0, 2, 4.67, 16, 110, 0, 369, 102786, 37881, 0, 0.000, 0, 0, 0.000000, 0.000000, 0, 0, 0, 0, 0, 0, 5, 0
1777100672, 0, 0, 653, 653, 25, 7.46%, 0, 0, 2, 2.35, 16, 110, 0, 369, 102786, 37881, 0, 0.000, 0, 0, 0.000000, 0.000000, 0, 0, 0, 0, 0, 0, 5, 0
1777100683, 0, 0, 654, 654, 25, 7.46%, 0, 0, 2, 5.10, 16, 110, 0, 369, 102786, 37881, 0, 0.000, 0, 0, 0.000000, 0.000000, 0, 0, 0, 0, 0, 0, 5, 0
1777100693, 0, 0, 655, 655, 25, 7.46%, 0, 0, 2, 5.77, 16, 110, 0, 369, 102786, 37881, 0, 0.000, 0, 0, 0.000000, 0.000000, 0, 0, 0, 0, 0, 0, 5, 0
1777100698, 0, 0, 656, 656, 25, 7.47%, 0, 0, 2, 5.90, 16, 110, 0, 369, 102786, 37881, 0, 0.000, 0, 0, 0.000000, 0.000000, 0, 0, 0, 0, 0, 0, 5, 0
1777100709, 0, 0, 657, 657, 25, 7.47%, 0, 0, 2, 5.42, 16, 110, 0, 369, 102786, 37881, 0, 0.000, 0, 0, 0.000000, 0.000000, 0, 0, 0, 0, 0, 0, 5, 0
1777100714, 0, 0, 658, 658, 25, 7.47%, 0, 0, 2, 6.05, 16, 110, 0, 369, 102786, 37881, 0, 0.000, 0, 0, 0.000000, 0.000000, 0, 0, 0, 0, 0, 0, 5, 0
1777100719, 0, 0, 659, 659, 25, 7.47%, 0, 0, 2, 6.29, 16, 110, 0, 369, 102786, 37881, 0, 0.000, 0, 0, 0.000000, 0.000000, 0, 0, 0, 0, 0, 0, 5, 0
1777100740, 0, 0, 660, 660, 25, 7.47%, 0, 0, 2, 5.42, 16, 110, 0, 369, 102786, 37881, 0, 0.000, 0, 0, 0.000000, 0.000000, 0, 0, 0, 0, 0, 0, 5, 0
1777100776, 0, 0, 661, 661, 25, 7.47%, 0, 0, 2, 5.69, 16, 110, 0, 369, 102786, 37881, 0, 0.000, 0, 0, 0.000000, 0.000000, 0, 0, 0, 0, 0, 0, 6, 0
1777100801, 0, 0, 662, 662, 25, 7.47%, 0, 0, 2, 5.34, 16, 110, 0, 369, 102786, 37881, 0, 0.000, 0, 0, 0.000000, 0.000000, 0, 0, 0, 0, 0, 0, 6, 0
1777100827, 0, 0, 663, 663, 25, 7.47%, 0, 0, 2, 3.16, 16, 110, 0, 369, 102786, 37881, 0, 0.000, 0, 0, 0.000000, 0.000000, 0, 0, 0, 0, 0, 0, 6, 0
1777100837, 0, 0, 664, 664, 25, 7.48%, 0, 0, 2, 5.54, 16, 110, 0, 369, 102786, 37881, 0, 0.000, 0, 0, 0.000000, 0.000000, 0, 0, 0, 0, 0, 0, 6, 0
1777100843, 0, 0, 665, 665, 25, 7.48%, 0, 0, 2, 5.56, 16, 110, 0, 369, 102786, 37881, 0, 0.000, 0, 0, 0.000000, 0.000000, 0, 0, 0, 0, 0, 0, 6, 0
1777100853, 0, 0, 666, 666, 25, 7.49%, 0, 0, 2, 5.44, 16, 110, 0, 369, 102786, 37881, 0, 0.000, 0, 0, 0.000000, 0.000000, 0, 0, 0, 0, 0, 0, 6, 0
1777100873, 0, 0, 667, 667, 25, 7.49%, 0, 0, 2, 5.87, 16, 110, 0, 369, 102786, 37881, 0, 0.000, 0, 0, 0.000000, 0.000000, 0, 0, 0, 0, 0, 0, 6, 0
1777100920, 0, 0, 668, 668, 25, 7.49%, 0, 0, 2, 5.78, 16, 110, 0, 369, 102786, 37881, 0, 0.000, 0, 0, 0.000000, 0.000000, 0, 0, 0, 0, 0, 0, 7, 0
1777100967, 0, 0, 669, 669, 25, 7.50%, 0, 0, 2, 5.66, 16, 110, 0, 369, 102786, 37881, 0, 0.000, 0, 0, 0.000000, 0.000000, 0, 0, 0, 0, 0, 0, 8, 0
1777100999, 0, 0, 670, 670, 25, 7.50%, 0, 0, 2, 5.78, 16, 110, 0, 369, 102786, 37881, 0, 0.000, 0, 0, 0.000000, 0.000000, 0, 0, 0, 0, 0, 0, 8, 0
1777101041, 0, 0, 671, 671, 25, 7.50%, 0, 0, 2, 6.15, 16, 110, 0, 369, 102786, 37881, 0, 0.000, 0, 0, 0.000000, 0.000000, 0, 0, 0, 0, 0, 0, 9, 0
1777101046, 0, 0, 672, 672, 25, 7.50%, 0, 0, 2, 5.49, 16, 110, 0, 369, 102786, 37881, 0, 0.000, 0, 0, 0.000000, 0.000000, 0, 0, 0, 0, 0, 0, 9, 0
1777101051, 0, 0, 673, 673, 25, 7.50%, 0, 0, 2, 5.62, 16, 110, 0, 369, 102786, 37881, 0, 0.000, 0, 0, 0.000000, 0.000000, 0, 0, 0, 0, 0, 0, 9, 0
1777101123, 0, 0, 674, 674, 25, 7.50%, 0, 0, 2, 5.56, 16, 110, 0, 369, 102786, 37881, 0, 0.000, 0, 0, 0.000000, 0.000000, 0, 0, 0, 0, 0, 0, 10, 0
1777101160, 0, 0, 675, 675, 25, 7.50%, 0, 0, 2, 6.19, 16, 110, 0, 369, 102786, 37881, 0, 0.000, 0, 0, 0.000000, 0.000000, 0, 0, 0, 0, 0, 0, 11, 0
1777101186, 0, 0, 676, 676, 25, 7.50%, 0, 0, 2, 5.92, 16, 110, 0, 369, 102786, 37881, 0, 0.000, 0, 0, 0.000000, 0.000000, 0, 0, 0, 0, 0, 0, 11, 0
1777101243, 0, 0, 677, 677, 25, 7.51%, 0, 0, 2, 5.27, 16, 110, 0, 369, 102786, 37881, 0, 0.000, 0, 0, 0.000000, 0.000000, 0, 0, 0, 0, 0, 0, 12, 0
1777101258, 0, 0, 678, 678, 25, 7.51%, 0, 0, 2, 5.43, 16, 110, 0, 369, 102786, 37881, 0, 0.000, 0, 0, 0.000000, 0.000000, 0, 0, 0, 0, 0, 0, 12, 0
1777101269, 0, 0, 679, 679, 25, 7.51%, 0, 0, 2, 5.55, 16, 110, 0, 369, 102786, 37881, 0, 0.000, 0, 0, 0.000000, 0.000000, 0, 0, 0, 0, 0, 0, 12, 0
1777101284, 0, 0, 680, 680, 25, 7.51%, 0, 0, 2, 5.39, 16, 110, 0, 369, 102786, 37881, 0, 0.000, 0, 0, 0.000000, 0.000000, 0, 0, 0, 0, 0, 0, 12, 0
1777101290, 0, 0, 681, 681, 25, 7.52%, 0, 0, 2, 5.46, 16, 110, 0, 369, 102786, 37881, 0, 0.000, 0, 0, 0.000000, 0.000000, 0, 0, 0, 0, 0, 0, 12, 0
1777101305, 0, 0, 682, 682, 25, 7.52%, 0, 0, 2, 5.49, 16, 110, 0, 369, 102786, 37881, 0, 0.000, 0, 0, 0.000000, 0.000000, 0, 0, 0, 0, 0, 0, 12, 0
1777101316, 0, 0, 683, 683, 25, 7.52%, 0, 0, 2, 5.46, 16, 110, 0, 369, 102786, 37881, 0, 0.000, 0, 0, 0.000000, 0.000000, 0, 0, 0, 0, 0, 0, 12, 0
1777101342, 0, 0, 684, 684, 25, 7.52%, 0, 0, 2, 5.38, 16, 110, 0, 369, 102786, 37881, 0, 0.000, 0, 0, 0.000000, 0.000000, 0, 0, 0, 0, 0, 0, 12, 0
1777101357, 0, 0, 685, 685, 25, 7.53%, 0, 0, 2, 5.45, 16, 110, 0, 369, 102786, 37881, 0, 0.000, 0, 0, 0.000000, 0.000000, 0, 0, 0, 0, 0, 0, 12, 0
1777101368, 0, 0, 686, 686, 25, 7.53%, 0, 0, 2, 5.51, 16, 110, 0, 369, 102786, 37881, 0, 0.000, 0, 0, 0.000000, 0.000000, 0, 0, 0, 0, 0, 0, 12, 0
1777101373, 0, 0, 687, 687, 25, 7.53%, 0, 0, 2, 5.64, 16, 110, 0, 369, 102786, 37881, 0, 0.000, 0, 0, 0.000000, 0.000000, 0, 0, 0, 0, 0, 0, 12, 0
1777101409, 0, 0, 688, 688, 25, 7.54%, 0, 0, 2, 6.13, 16, 110, 0, 369, 102786, 37881, 0, 0.000, 0, 0, 0.000000, 0.000000, 0, 0, 0, 0, 0, 0, 12, 0
1777101440, 0, 13, 689, 688, 4, 7.54%, 0, 0, 2, 5.30, 16, 113, 0, 369, 102786, 37881, 0, 0.000, 0, 0, 0.000000, 0.000000, 0, 0, 0, 0, 0, 0, 12, 0
1777101445, 0, 13, 690, 689, 4, 7.54%, 0, 0, 2, 5.14, 16, 113, 0, 369, 102786, 37881, 0, 0.000, 0, 0, 0.000000, 0.000000, 0, 0, 0, 0, 0, 0, 12, 0
1777101466, 0, 13, 691, 690, 4, 7.54%, 0, 0, 2, 5.13, 16, 113, 0, 369, 102786, 37881, 0, 0.000, 0, 0, 0.000000, 0.000000, 0, 0, 0, 0, 0, 0, 12, 0
1777101471, 0, 13, 693, 692, 4, 7.54%, 0, 0, 2, 5.08, 16, 113, 0, 369, 102786, 37881, 0, 0.000, 0, 0, 0.000000, 0.000000, 0, 0, 0, 0, 0, 0, 12, 0
1777101477, 0, 13, 695, 694, 4, 7.54%, 0, 0, 2, 5.03, 16, 114, 0, 369, 102786, 37881, 0, 0.000, 0, 0, 0.000000, 0.000000, 0, 0, 0, 0, 0, 0, 12, 0
1777101493, 0, 13, 696, 695, 4, 7.54%, 0, 0, 2, 5.15, 16, 114, 0, 369, 102786, 37881, 0, 0.000, 0, 0, 0.000000, 0.000000, 0, 0, 0, 0, 0, 0, 12, 0
1777101504, 0, 13, 698, 697, 4, 7.54%, 0, 0, 2, 4.79, 16, 114, 0, 369, 102786, 37881, 0, 0.000, 0, 0, 0.000000, 0.000000, 0, 0, 0, 0, 0, 0, 12, 0
1777101519, 0, 13, 700, 699, 4, 7.54%, 0, 0, 2, 0.95, 16, 114, 0, 369, 102786, 37881, 0, 0.000, 0, 0, 0.000000, 0.000000, 0, 0, 0, 0, 0, 0, 12, 0
1777101535, 0, 13, 701, 700, 4, 7.54%, 0, 0, 2, 5.30, 16, 115, 0, 369, 102786, 37881, 0, 0.000, 0, 0, 0.000000, 0.000000, 0, 0, 0, 0, 0, 0, 12, 0
1777101560, 0, 13, 702, 701, 4, 7.54%, 0, 0, 2, 0.93, 16, 115, 0, 369, 102786, 37881, 0, 0.000, 0, 0, 0.000000, 0.000000, 0, 0, 0, 0, 0, 0, 12, 0
1777101592, 0, 13, 704, 703, 4, 7.54%, 0, 0, 2, 5.44, 16, 117, 0, 369, 102786, 37881, 0, 0.000, 0, 0, 0.000000, 0.000000, 0, 0, 0, 0, 0, 0, 12, 0
1777101602, 0, 13, 705, 704, 4, 7.54%, 0, 0, 2, 5.04, 16, 117, 0, 369, 102786, 37881, 0, 0.000, 0, 0, 0.000000, 0.000000, 0, 0, 0, 0, 0, 0, 12, 0
1777101612, 0, 13, 706, 705, 4, 7.55%, 0, 0, 2, 4.76, 16, 117, 0, 369, 102786, 37881, 0, 0.000, 0, 0, 0.000000, 0.000000, 0, 0, 0, 0, 0, 0, 12, 0
1777101618, 0, 13, 707, 706, 4, 7.55%, 0, 0, 2, 5.36, 16, 117, 0, 369, 102786, 37881, 0, 0.000, 0, 0, 0.000000, 0.000000, 0, 0, 0, 0, 0, 0, 12, 0
1777101623, 0, 13, 708, 707, 4, 7.55%, 0, 0, 2, 5.06, 16, 117, 0, 369, 102786, 37881, 0, 0.000, 0, 0, 0.000000, 0.000000, 0, 0, 0, 0, 0, 0, 12, 0
1777101654, 0, 13, 709, 708, 4, 7.55%, 0, 0, 2, 5.04, 16, 117, 0, 369, 102786, 37881, 0, 0.000, 0, 0, 0.000000, 0.000000, 0, 0, 0, 0, 0, 0, 12, 0
1777101664, 0, 13, 710, 709, 4, 7.55%, 0, 0, 2, 5.25, 16, 117, 0, 369, 102786, 37881, 0, 0.000, 0, 0, 0.000000, 0.000000, 0, 0, 0, 0, 0, 0, 12, 0
1777101685, 0, 13, 711, 710, 4, 7.55%, 0, 0, 2, 5.73, 16, 117, 0, 369, 102786, 37881, 0, 0.000, 0, 0, 0.000000, 0.000000, 0, 0, 0, 0, 0, 0, 12, 0
1777101690, 0, 13, 712, 711, 4, 7.55%, 0, 0, 2, 5.34, 16, 117, 0, 369, 102786, 37881, 0, 0.000, 0, 0, 0.000000, 0.000000, 0, 0, 0, 0, 0, 0, 12, 0
1777101705, 0, 13, 713, 712, 4, 7.55%, 0, 0, 2, 5.13, 16, 117, 0, 369, 102786, 37881, 0, 0.000, 0, 0, 0.000000, 0.000000, 0, 0, 0, 0, 0, 0, 12, 0
1777101736, 0, 13, 714, 713, 4, 7.55%, 0, 0, 2, 4.84, 16, 117, 0, 369, 102786, 37881, 0, 0.000, 0, 0, 0.000000, 0.000000, 0, 0, 0, 0, 0, 0, 12, 0
1777101763, 0, 13, 716, 715, 4, 7.56%, 0, 0, 2, 1.01, 16, 117, 0, 369, 102786, 37881, 0, 0.000, 0, 0, 0.000000, 0.000000, 0, 0, 0, 0, 0, 0, 12, 0
1777101768, 0, 13, 717, 716, 4, 7.56%, 0, 0, 2, 5.27, 16, 117, 0, 369, 102786, 37881, 0, 0.000, 0, 0, 0.000000, 0.000000, 0, 0, 0, 0, 0, 0, 12, 0
1777101845, 0, 13, 718, 717, 4, 7.56%, 0, 0, 2, 2.32, 16, 117, 0, 369, 102786, 37881, 0, 0.000, 0, 0, 0.000000, 0.000000, 0, 0, 0, 0, 0, 0, 13, 0
1777101850, 0, 13, 719, 718, 4, 7.56%, 0, 0, 2, 4.57, 16, 117, 0, 369, 102786, 37881, 0, 0.000, 0, 0, 0.000000, 0.000000, 0, 0, 0, 0, 0, 0, 13, 0
1777101964, 0, 13, 720, 719, 4, 7.56%, 0, 0, 2, 5.35, 16, 117, 0, 369, 102786, 37881, 0, 0.000, 0, 0, 0.000000, 0.000000, 0, 0, 0, 0, 0, 0, 15, 0
1777102078, 0, 13, 721, 720, 4, 7.56%, 0, 0, 2, 5.12, 16, 117, 0, 369, 102786, 37881, 0, 0.000, 0, 0, 0.000000, 0.000000, 0, 0, 0, 0, 0, 0, 17, 0
1777102129, 0, 13, 722, 721, 4, 7.57%, 0, 0, 2, 4.86, 16, 117, 0, 369, 102786, 37881, 0, 0.000, 0, 0, 0.000000, 0.000000, 0, 0, 0, 0, 0, 0, 18, 0
1777102206, 0, 13, 723, 722, 4, 7.57%, 0, 0, 2, 5.29, 16, 117, 0, 369, 102786, 37881, 0, 0.000, 0, 0, 0.000000, 0.000000, 0, 0, 0, 0, 0, 0, 19, 0
1777102212, 0, 13, 724, 723, 4, 7.57%, 0, 0, 2, 3.67, 16, 117, 0, 369, 102786, 37881, 0, 0.000, 0, 0, 0.000000, 0.000000, 0, 0, 0, 0, 0, 0, 19, 0
1777102218, 0, 13, 725, 724, 4, 7.57%, 0, 0, 2, 0.67, 16, 117, 0, 369, 102786, 37881, 0, 0.000, 0, 0, 0.000000, 0.000000, 0, 0, 0, 0, 0, 0, 19, 0
1777102275, 0, 13, 726, 725, 4, 7.58%, 0, 0, 2, 5.28, 16, 118, 0, 369, 102786, 37881, 0, 0.000, 0, 0, 0.000000, 0.000000, 0, 0, 0, 0, 0, 0, 20, 0
1777102296, 0, 13, 727, 726, 4, 7.58%, 0, 0, 2, 5.76, 16, 118, 0, 369, 102786, 37881, 0, 0.000, 0, 0, 0.000000, 0.000000, 0, 0, 0, 0, 0, 0, 20, 0
1777102306, 0, 13, 728, 727, 4, 7.58%, 0, 0, 2, 5.13, 16, 119, 0, 369, 102786, 37881, 0, 0.000, 0, 0, 0.000000, 0.000000, 0, 0, 0, 0, 0, 0, 20, 0
1777102337, 0, 13, 729, 728, 4, 7.58%, 0, 0, 2, 5.40, 16, 119, 0, 369, 102786, 37881, 0, 0.000, 0, 0, 0.000000, 0.000000, 0, 0, 0, 0, 0, 0, 20, 0
1777102348, 0, 13, 730, 729, 4, 7.58%, 0, 0, 2, 5.33, 16, 119, 0, 369, 102786, 37881, 0, 0.000, 0, 0, 0.000000, 0.000000, 0, 0, 0, 0, 0, 0, 20, 0
1777102421, 0, 13, 731, 730, 4, 7.58%, 0, 0, 2, 7.21, 16, 119, 0, 369, 102786, 37881, 0, 0.000, 0, 0, 0.000000, 0.000000, 0, 0, 0, 0, 0, 0, 21, 0
1777102463, 0, 13, 732, 731, 4, 7.58%, 0, 0, 2, 5.14, 16, 119, 0, 369, 102786, 37881, 0, 0.000, 0, 0, 0.000000, 0.000000, 0, 0, 0, 0, 0, 0, 21, 0
1777102499, 0, 13, 733, 732, 4, 7.59%, 0, 0, 2, 5.14, 16, 119, 0, 369, 102786, 37881, 0, 0.000, 0, 0, 0.000000, 0.000000, 0, 0, 0, 0, 0, 0, 21, 0
1777102551, 0, 13, 734, 733, 4, 7.59%, 0, 0, 2, 5.06, 16, 119, 0, 369, 102786, 37881, 0, 0.000, 0, 0, 0.000000, 0.000000, 0, 0, 0, 0, 0, 0, 22, 0
1777102556, 0, 13, 735, 734, 4, 7.59%, 0, 0, 2, 5.01, 16, 119, 0, 369, 102786, 37881, 0, 0.000, 0, 0, 0.000000, 0.000000, 0, 0, 0, 0, 0, 0, 22, 0
1777102577, 0, 13, 736, 735, 4, 7.59%, 0, 0, 2, 4.92, 16, 119, 0, 369, 102786, 37881, 0, 0.000, 0, 0, 0.000058, 0.664465, 1, 0, 0, 0, 0, 0, 22, 0
1777102582, 0, 13, 736, 735, 4, 7.59%, 0, 0, 2, 5.08, 16, 119, 0, 369, 102786, 37881, 0, 0.000, 0, 0, 0.001449, 1.000000, 25, 0, 0, 0, 0, 0, 22, 0
1777102587, 0, 13, 736, 735, 4, 7.59%, 0, 0, 2, 6.01, 16, 119, 0, 369, 102786, 37881, 0, 0.000, 0, 0, 0.002605, 1.000000, 45, 0, 0, 0, 0, 0, 22, 0
1777102592, 0, 13, 736, 735, 4, 7.59%, 0, 0, 2, 5.83, 16, 119, 0, 369, 102786, 37881, 0, 0.000, 0, 0, 0.004276, 1.000000, 74, 0, 0, 0, 0, 0, 22, 0
1777102597, 0, 13, 736, 735, 4, 7.59%, 0, 0, 2, 5.35, 16, 119, 0, 369, 102786, 37881, 0, 0.000, 0, 0, 0.005712, 1.000000, 99, 0, 0, 0, 0, 0, 22, 0
1777102602, 0, 13, 736, 735, 4, 7.59%, 0, 0, 2, 5.48, 16, 119, 0, 369, 102786, 37881, 0, 0.000, 0, 0, 0.007373, 1.000000, 128, 0, 0, 0, 0, 0, 22, 0
1777102607, 0, 13, 736, 735, 4, 7.59%, 0, 0, 2, 5.51, 16, 119, 0, 369, 102786, 37881, 0, 0.000, 0, 0, 0.008858, 1.000000, 154, 0, 0, 0, 0, 0, 22, 0
1777102613, 0, 13, 736, 735, 4, 7.59%, 0, 0, 2, 1.04, 16, 119, 0, 369, 102786, 37881, 0, 0.000, 0, 0, 0.010395, 1.000000, 181, 0, 0, 0, 0, 0, 22, 0
1777102618, 0, 13, 736, 735, 4, 7.59%, 0, 0, 2, 5.29, 16, 119, 0, 369, 102786, 37881, 0, 0.000, 0, 0, 0.011927, 1.000000, 208, 0, 0, 0, 0, 0, 23, 0
1777102624, 0, 13, 736, 735, 4, 7.59%, 0, 0, 2, 5.11, 16, 119, 0, 369, 102786, 37881, 0, 0.000, 0, 0, 0.013228, 1.000000, 231, 0, 0, 0, 0, 0, 23, 0
1777102629, 0, 13, 736, 735, 4, 7.59%, 0, 0, 2, 5.33, 16, 119, 0, 369, 102786, 37881, 0, 0.000, 0, 0, 0.014864, 1.000000, 260, 0, 0, 0, 0, 0, 23, 0
1777102634, 0, 13, 737, 736, 4, 7.59%, 0, 0, 2, 5.09, 16, 119, 0, 369, 102786, 37881, 0, 0.000, 0, 0, 0.016045, 0.806954, 281, 0, 0, 0, 0, 0, 23, 0
1777102639, 0, 13, 737, 736, 4, 7.59%, 0, 0, 2, 5.31, 16, 119, 0, 369, 102786, 37881, 0, 0.000, 0, 0, 0.017336, 1.000000, 304, 0, 0, 0, 0, 0, 23, 0
1777102644, 0, 13, 737, 736, 4, 7.59%, 0, 0, 2, 5.02, 16, 119, 0, 369, 102786, 37881, 0, 0.000, 0, 0, 0.018679, 1.000000, 328, 0, 0, 0, 0, 0, 23, 0
1777102649, 0, 13, 737, 736, 4, 7.59%, 0, 0, 2, 5.12, 16, 119, 0, 369, 102786, 37881, 0, 0.000, 0, 0, 0.020185, 1.000000, 355, 0, 0, 0, 0, 0, 23, 0
1777102655, 0, 13, 737, 736, 4, 7.59%, 0, 0, 2, 5.10, 16, 119, 0, 369, 102786, 37881, 0, 0.000, 0, 0, 0.021521, 1.000000, 379, 0, 0, 0, 0, 0, 23, 0
1777102660, 0, 13, 737, 736, 4, 7.59%, 0, 0, 2, 5.47, 16, 119, 0, 369, 102786, 37881, 0, 0.000, 0, 0, 0.023129, 1.000000, 408, 0, 0, 0, 0, 0, 23, 0
1777102665, 0, 13, 737, 736, 4, 7.59%, 0, 0, 2, 5.00, 16, 119, 0, 369, 102786, 37881, 0, 0.000, 0, 0, 0.024180, 1.000000, 427, 0, 0, 0, 0, 0, 23, 0
1777102670, 0, 13, 738, 737, 4, 7.59%, 0, 0, 2, 5.13, 16, 119, 0, 369, 102786, 37881, 0, 0.000, 0, 0, 0.025284, 1.000000, 447, 0, 0, 0, 0, 0, 23, 0
1777102675, 0, 13, 738, 737, 4, 7.59%, 0, 0, 2, 5.33, 16, 119, 0, 369, 102786, 37881, 0, 0.000, 0, 0, 0.026716, 1.000000, 473, 0, 0, 0, 0, 0, 23, 0
1777102680, 0, 13, 738, 737, 4, 7.59%, 0, 0, 2, 5.22, 16, 119, 0, 369, 102786, 37881, 0, 0.000, 0, 0, 0.028198, 1.000000, 500, 0, 0, 0, 0, 0, 23, 0
1777102686, 0, 13, 738, 737, 4, 7.59%, 0, 0, 2, 5.06, 16, 119, 0, 369, 102786, 37881, 0, 0.000, 0, 0, 0.029566, 1.000000, 525, 0, 0, 0, 0, 0, 23, 0
1777102691, 0, 13, 738, 737, 4, 7.59%, 0, 0, 2, 5.31, 16, 119, 0, 369, 102786, 37881, 0, 0.000, 0, 0, 0.031148, 1.000000, 554, 0, 0, 0, 0, 0, 23, 0
1777102696, 0, 13, 738, 737, 4, 7.59%, 0, 0, 2, 5.20, 16, 119, 0, 369, 102786, 37881, 0, 0.000, 0, 0, 0.032508, 1.000000, 579, 0, 0, 0, 0, 0, 23, 0
1777102701, 0, 13, 738, 737, 4, 7.59%, 0, 0, 2, 5.44, 16, 119, 0, 369, 102786, 37881, 0, 0.000, 0, 0, 0.034081, 1.000000, 608, 0, 0, 0, 0, 0, 23, 0
1777102706, 0, 13, 739, 738, 4, 7.59%, 0, 0, 2, 6.56, 16, 119, 0, 369, 102786, 37881, 0, 0.000, 0, 0, 0.034838, 1.000000, 622, 0, 0, 0, 0, 0, 23, 0
1777102712, 0, 13, 739, 738, 4, 7.59%, 0, 0, 2, 5.69, 16, 119, 0, 369, 102786, 37881, 0, 0.000, 0, 0, 0.036296, 1.000000, 649, 0, 0, 0, 0, 0, 23, 0
1777102717, 0, 13, 739, 738, 4, 7.59%, 0, 0, 2, 5.28, 16, 119, 0, 369, 102786, 37881, 0, 0.000, 0, 0, 0.037587, 1.000000, 673, 0, 0, 0, 0, 0, 23, 0
1777102722, 0, 13, 739, 738, 4, 7.59%, 0, 0, 2, 5.33, 16, 119, 0, 369, 102786, 37881, 0, 0.000, 0, 0, 0.039090, 1.000000, 701, 0, 0, 0, 0, 0, 23, 0
1777102727, 0, 13, 739, 738, 4, 7.59%, 0, 0, 2, 5.25, 16, 119, 0, 369, 102786, 37881, 0, 0.000, 0, 0, 0.040481, 1.000000, 727, 0, 0, 0, 0, 0, 23, 0
1777102732, 0, 13, 739, 738, 4, 7.59%, 0, 0, 2, 5.38, 16, 119, 0, 369, 102786, 37881, 0, 0.000, 0, 0, 0.042028, 1.000000, 756, 0, 0, 0, 0, 0, 23, 0
1777102737, 0, 13, 739, 738, 4, 7.59%, 0, 0, 2, 5.03, 16, 119, 0, 369, 102786, 37881, 0, 0.000, 0, 0, 0.043145, 1.000000, 777, 0, 0, 0, 0, 0, 23, 0
1777102742, 0, 13, 739, 738, 4, 7.59%, 0, 0, 2, 5.17, 16, 119, 0, 369, 102786, 37881, 0, 0.000, 0, 0, 0.044578, 1.000000, 804, 0, 0, 0, 0, 0, 23, 0
1777102747, 0, 13, 739, 738, 4, 7.59%, 0, 0, 2, 5.12, 16, 119, 0, 369, 102786, 37881, 0, 0.000, 0, 0, 0.045689, 1.000000, 825, 0, 0, 0, 0, 0, 24, 0
1777102752, 0, 13, 739, 738, 4, 7.59%, 0, 0, 2, 5.34, 16, 119, 0, 369, 102786, 37881, 0, 0.000, 0, 0, 0.047113, 1.000000, 852, 0, 0, 0, 0, 0, 24, 0
1777102757, 0, 13, 739, 738, 4, 7.59%, 0, 0, 2, 5.21, 16, 119, 0, 369, 102786, 37881, 0, 0.000, 0, 0, 0.048376, 1.000000, 876, 0, 0, 0, 0, 0, 24, 0
1777102762, 0, 13, 739, 738, 4, 7.59%, 0, 0, 2, 5.41, 16, 119, 0, 369, 102786, 37881, 0, 0.000, 0, 0, 0.049846, 1.000000, 904, 0, 0, 0, 0, 0, 24, 0
1777102768, 1, 0, 741, 739, 17, 7.59%, 0, 0, 2, 5.33, 16, 119, 0, 369, 102786, 37881, 0, 0.000, 0, 0, 0.050369, 0.587686, 914, 0, 0, 0, 0, 0, 24, 0
1777102773, 1, 0, 742, 740, 17, 7.59%, 0, 0, 2, 5.15, 16, 119, 0, 369, 102786, 37881, 0, 0.000, 0, 0, 0.051363, 1.000000, 933, 0, 0, 0, 0, 0, 24, 0
1777102778, 1, 0, 743, 741, 17, 7.59%, 0, 0, 2, 5.60, 16, 119, 0, 369, 102786, 37881, 0, 0.000, 0, 0, 0.052666, 0.713711, 958, 0, 0, 0, 0, 0, 24, 0
1777102783, 1, 0, 744, 742, 17, 7.59%, 0, 0, 2, 0.65, 16, 119, 0, 369, 102786, 37881, 0, 0.000, 0, 0, 0.053135, 1.000000, 967, 0, 0, 0, 0, 0, 24, 0
1777102789, 1, 0, 746, 744, 17, 7.60%, 0, 0, 2, 5.72, 16, 119, 0, 369, 102786, 37881, 0, 0.000, 0, 0, 0.054070, 0.618617, 985, 0, 0, 0, 0, 0, 24, 0
1777102794, 1, 0, 747, 745, 17, 7.60%, 0, 0, 2, 5.66, 16, 119, 0, 369, 102786, 37881, 0, 0.000, 0, 0, 0.055108, 0.664465, 1005, 0, 0, 0, 0, 0, 24, 0
1777102799, 1, 0, 747, 745, 17, 7.60%, 0, 0, 2, 6.02, 16, 119, 0, 369, 102786, 37881, 0, 0.000, 0, 0, 0.056608, 1.000000, 1034, 0, 0, 0, 0, 0, 24, 0
1777102804, 1, 0, 747, 745, 17, 7.60%, 0, 0, 2, 6.05, 16, 119, 0, 369, 102786, 37881, 0, 0.000, 0, 0, 0.058052, 1.000000, 1062, 0, 0, 0, 0, 0, 24, 0
1777102809, 1, 0, 747, 745, 17, 7.60%, 0, 0, 2, 5.87, 16, 119, 0, 369, 102786, 37881, 0, 0.000, 0, 0, 0.059594, 1.000000, 1092, 0, 0, 0, 0, 0, 24, 0
1777102814, 1, 0, 748, 746, 17, 7.60%, 0, 0, 2, 4.04, 16, 119, 0, 369, 102786, 37881, 0, 0.000, 0, 0, 0.060670, 0.713711, 1113, 0, 0, 0, 0, 0, 24, 0
1777102820, 1, 0, 748, 746, 17, 7.60%, 0, 0, 2, 0.66, 16, 119, 0, 369, 102786, 37881, 0, 0.000, 0, 0, 0.061796, 1.000000, 1135, 0, 0, 0, 0, 0, 24, 0
1777102825, 1, 0, 748, 746, 17, 7.60%, 0, 0, 2, 6.21, 16, 119, 0, 369, 102786, 37881, 0, 0.000, 0, 0, 0.063275, 1.000000, 1164, 0, 0, 0, 0, 0, 24, 0
1777102830, 1, 0, 749, 747, 17, 7.60%, 0, 0, 2, 7.74, 16, 119, 0, 369, 102786, 37881, 0, 0.000, 0, 0, 0.064190, 1.000000, 1182, 0, 0, 0, 0, 0, 24, 0
1777102835, 1, 0, 750, 748, 17, 7.60%, 0, 0, 2, 6.83, 16, 119, 0, 369, 102786, 37881, 0, 0.000, 0, 0, 0.065408, 1.000000, 1206, 0, 0, 0, 0, 0, 24, 0
1777102840, 1, 0, 750, 748, 17, 7.60%, 0, 0, 2, 6.29, 16, 119, 0, 369, 102786, 37881, 0, 0.000, 0, 0, 0.066775, 1.000000, 1233, 0, 0, 0, 0, 0, 24, 0
1777102845, 1, 0, 750, 748, 17, 7.60%, 0, 0, 2, 6.13, 16, 119, 0, 369, 102786, 37881, 0, 0.000, 0, 0, 0.068339, 1.000000, 1264, 0, 0, 0, 0, 0, 24, 0
1777102851, 1, 0, 751, 749, 17, 7.60%, 0, 0, 2, 5.91, 16, 119, 0, 369, 102786, 37881, 0, 0.000, 0, 0, 0.069245, 1.000000, 1282, 0, 0, 0, 0, 0, 24, 0
1777102857, 1, 0, 751, 749, 17, 7.60%, 0, 0, 2, 5.45, 16, 119, 0, 369, 102786, 37881, 0, 0.000, 0, 0, 0.070701, 1.000000, 1311, 0, 0, 0, 0, 0, 24, 0
1777102862, 1, 0, 751, 749, 17, 7.60%, 0, 0, 2, 5.84, 16, 119, 0, 369, 102786, 37881, 0, 0.000, 0, 0, 0.072252, 1.000000, 1342, 0, 0, 0, 0, 0, 24, 0
1777102867, 1, 0, 752, 750, 17, 7.60%, 0, 0, 2, 6.04, 16, 119, 0, 369, 102786, 37881, 0, 0.000, 0, 0, 0.073598, 0.931000, 1369, 0, 0, 0, 0, 0, 24, 0
1777102872, 1, 0, 752, 750, 17, 7.60%, 0, 0, 2, 5.97, 16, 119, 0, 369, 102786, 37881, 0, 0.000, 0, 0, 0.074742, 1.000000, 1392, 0, 0, 0, 0, 0, 24, 0
1777102877, 1, 0, 752, 750, 17, 7.60%, 0, 0, 2, 5.91, 16, 119, 0, 369, 102786, 37881, 0, 0.000, 0, 0, 0.076131, 1.000000, 1420, 0, 0, 0, 0, 0, 24, 0
1777102883, 1, 0, 753, 751, 17, 7.60%, 0, 0, 2, 5.83, 16, 119, 0, 369, 102786, 37881, 0, 0.000, 0, 0, 0.077220, 1.000000, 1442, 0, 0, 0, 0, 0, 24, 0
1777102888, 1, 0, 753, 751, 17, 7.60%, 0, 0, 2, 5.79, 16, 119, 0, 369, 102786, 37881, 0, 0.000, 0, 0, 0.078503, 1.000000, 1468, 0, 0, 0, 0, 0, 24, 0
1777102894, 1, 0, 753, 751, 17, 7.60%, 0, 0, 2, 0.66, 16, 119, 0, 369, 102786, 37881, 0, 0.000, 0, 0, 0.079831, 1.000000, 1495, 0, 0, 0, 0, 0, 24, 0
1777102899, 1, 0, 753, 751, 17, 7.60%, 0, 0, 2, 7.56, 16, 119, 0, 369, 102786, 37881, 0, 0.000, 0, 0, 0.081548, 1.000000, 1530, 0, 0, 0, 0, 0, 24, 0
1777102904, 1, 0, 753, 751, 17, 7.60%, 0, 0, 2, 7.80, 16, 119, 0, 369, 102786, 37881, 0, 0.000, 0, 0, 0.082916, 1.000000, 1558, 0, 0, 0, 0, 0, 24, 0
1777102909, 1, 0, 753, 751, 17, 7.60%, 0, 0, 2, 6.94, 16, 119, 0, 369, 102786, 37881, 0, 0.000, 0, 0, 0.084573, 1.000000, 1592, 0, 0, 0, 0, 0, 24, 0
1777102914, 1, 0, 753, 751, 17, 7.60%, 0, 0, 2, 6.51, 16, 119, 0, 369, 102786, 37881, 0, 0.000, 0, 0, 0.085933, 1.000000, 1620, 0, 0, 0, 0, 0, 24, 0
1777102920, 1, 0, 754, 752, 17, 7.60%, 0, 0, 2, 1.31, 16, 119, 0, 369, 102786, 37881, 0, 0.000, 0, 0, 0.086804, 1.000000, 1638, 0, 0, 0, 0, 0, 24, 0
1777102925, 1, 0, 754, 752, 17, 7.60%, 0, 0, 2, 6.65, 16, 119, 0, 369, 102786, 37881, 0, 0.000, 0, 0, 0.088206, 1.000000, 1667, 0, 0, 0, 0, 0, 24, 0
1777102930, 1, 0, 754, 752, 17, 7.60%, 0, 0, 2, 5.95, 16, 119, 0, 369, 102786, 37881, 0, 0.000, 0, 0, 0.089362, 1.000000, 1691, 0, 0, 0, 0, 0, 24, 0
1777102935, 1, 0, 755, 753, 17, 7.61%, 0, 0, 2, 6.19, 16, 119, 0, 369, 102786, 37881, 0, 0.000, 0, 0, 0.090708, 0.766607, 1719, 0, 0, 0, 0, 0, 24, 0
1777102940, 1, 0, 755, 753, 17, 7.61%, 0, 0, 2, 6.55, 16, 119, 0, 369, 102786, 37881, 0, 0.000, 0, 0, 0.091953, 1.000000, 1745, 0, 0, 0, 0, 0, 24, 0
1777102945, 1, 0, 755, 753, 17, 7.61%, 0, 0, 2, 6.32, 16, 119, 0, 369, 102786, 37881, 0, 0.000, 0, 0, 0.093434, 1.000000, 1776, 0, 0, 0, 0, 0, 24, 0
1777102950, 1, 0, 756, 754, 17, 7.61%, 0, 0, 2, 6.40, 16, 119, 0, 369, 102786, 37881, 0, 0.000, 0, 0, 0.094768, 0.884450, 1804, 0, 0, 0, 0, 0, 24, 0
1777102955, 1, 0, 756, 754, 17, 7.61%, 0, 0, 2, 5.54, 16, 119, 0, 369, 102786, 37881, 0, 0.000, 0, 0, 0.095718, 1.000000, 1824, 0, 0, 0, 0, 0, 24, 0
1777102960, 1, 0, 756, 754, 17, 7.61%, 0, 0, 2, 5.99, 16, 119, 0, 369, 102786, 37881, 0, 0.000, 0, 0, 0.097234, 1.000000, 1856, 0, 0, 0, 0, 0, 24, 0
1777102965, 1, 0, 756, 754, 17, 7.61%, 0, 0, 2, 7.32, 16, 119, 0, 369, 102786, 37881, 0, 0.000, 0, 0, 0.098368, 1.000000, 1880, 0, 0, 0, 0, 0, 24, 0
1777102971, 1, 0, 756, 754, 17, 7.61%, 0, 0, 2, 6.36, 16, 119, 0, 369, 102786, 37881, 0, 0.000, 0, 0, 0.099781, 1.000000, 1910, 0, 0, 0, 0, 0, 24, 0
1777102976, 1, 0, 756, 754, 17, 7.61%, 0, 0, 2, 5.90, 16, 119, 0, 369, 102786, 37881, 0, 0.000, 0, 0, 0.101002, 1.000000, 1936, 0, 0, 0, 0, 0, 24, 0
1777102981, 1, 0, 757, 755, 17, 7.61%, 0, 0, 2, 6.10, 16, 119, 0, 369, 102786, 37881, 0, 0.000, 0, 0, 0.102126, 1.000000, 1960, 0, 0, 0, 0, 0, 24, 0
1777102986, 1, 0, 757, 755, 17, 7.61%, 0, 0, 2, 6.02, 16, 119, 0, 369, 102786, 37881, 0, 0.000, 0, 0, 0.103434, 1.000000, 1988, 0, 0, 0, 0, 0, 24, 0
1777102991, 1, 0, 758, 756, 17, 7.61%, 0, 0, 2, 1.22, 16, 119, 0, 369, 102786, 37881, 0, 0.000, 0, 0, 0.104273, 1.000000, 2006, 0, 0, 0, 0, 0, 24, 0
1777102996, 1, 0, 758, 756, 17, 7.61%, 0, 0, 2, 4.48, 16, 119, 0, 369, 102786, 37881, 0, 0.000, 0, 0, 0.105760, 1.000000, 2038, 0, 0, 0, 0, 0, 24, 0
1777103002, 1, 0, 758, 756, 17, 7.61%, 0, 0, 2, 5.81, 16, 119, 0, 369, 102786, 37881, 0, 0.000, 0, 0, 0.106826, 1.000000, 2061, 0, 0, 0, 0, 0, 24, 0
1777103007, 1, 0, 758, 756, 17, 7.61%, 0, 0, 2, 6.22, 16, 119, 0, 369, 102786, 37881, 0, 0.000, 0, 0, 0.108351, 1.000000, 2094, 0, 0, 0, 0, 0, 24, 0
1777103012, 1, 0, 758, 756, 17, 7.61%, 0, 0, 2, 5.96, 16, 119, 0, 369, 102786, 37881, 0, 0.000, 0, 0, 0.109595, 1.000000, 2121, 0, 0, 0, 0, 0, 24, 0
1777103017, 1, 0, 758, 756, 17, 7.61%, 0, 0, 2, 6.14, 16, 119, 0, 369, 102786, 37881, 0, 0.000, 0, 0, 0.111019, 1.000000, 2152, 0, 0, 0, 0, 0, 24, 0
1777103022, 1, 0, 759, 757, 17, 7.62%, 0, 0, 2, 5.91, 16, 119, 0, 369, 102786, 37881, 0, 0.000, 0, 0, 0.111936, 1.000000, 2172, 0, 0, 0, 0, 0, 24, 0
1777103027, 1, 0, 759, 757, 17, 7.62%, 0, 0, 2, 1.00, 16, 119, 0, 369, 102786, 37881, 0, 0.000, 0, 0, 0.113078, 1.000000, 2197, 0, 0, 0, 0, 0, 24, 0
1777103033, 1, 0, 759, 757, 17, 7.62%, 0, 0, 2, 6.85, 16, 119, 0, 369, 102786, 37881, 0, 0.000, 0, 0, 0.114537, 1.000000, 2229, 0, 0, 0, 0, 0, 24, 0
1777103038, 1, 0, 759, 757, 17, 7.62%, 0, 0, 2, 2.06, 16, 119, 0, 369, 102786, 37881, 0, 0.000, 0, 0, 0.115582, 1.000000, 2252, 0, 0, 0, 0, 0, 24, 0
1777103043, 1, 0, 759, 757, 17, 7.62%, 0, 0, 2, 5.16, 16, 119, 0, 369, 102786, 37881, 0, 0.000, 0, 0, 0.117123, 1.000000, 2286, 0, 0, 0, 0, 0, 24, 0
1777103048, 1, 0, 759, 757, 17, 7.62%, 0, 0, 2, 5.98, 16, 119, 0, 369, 102786, 37881, 0, 0.000, 0, 0, 0.118478, 1.000000, 2316, 0, 0, 0, 0, 0, 24, 0
1777103054, 1, 0, 760, 758, 17, 7.62%, 0, 0, 2, 5.77, 16, 119, 0, 369, 102786, 37881, 0, 0.000, 0, 0, 0.119514, 1.000000, 2339, 0, 0, 0, 0, 0, 24, 0
1777103059, 1, 0, 761, 759, 17, 7.62%, 0, 0, 2, 5.81, 16, 119, 0, 369, 102786, 37881, 0, 0.000, 0, 0, 0.120547, 1.000000, 2362, 0, 0, 0, 0, 0, 24, 0
1777103065, 1, 0, 761, 759, 17, 7.62%, 0, 0, 2, 6.17, 16, 119, 0, 369, 102786, 37881, 0, 0.000, 0, 0, 0.121757, 1.000000, 2389, 0, 0, 0, 0, 0, 24, 0
1777103070, 1, 0, 761, 759, 17, 7.62%, 0, 0, 2, 6.20, 16, 119, 0, 369, 102786, 37881, 0, 0.000, 0, 0, 0.123232, 1.000000, 2422, 0, 0, 0, 0, 0, 24, 0
1777103075, 1, 0, 761, 759, 17, 7.62%, 0, 0, 2, 5.10, 16, 119, 0, 369, 102786, 37881, 0, 0.000, 0, 0, 0.124212, 1.000000, 2444, 0, 0, 0, 0, 0, 24, 0
1777103080, 1, 0, 761, 759, 17, 7.62%, 0, 0, 2, 6.02, 16, 119, 0, 369, 102786, 37881, 0, 0.000, 0, 0, 0.125723, 1.000000, 2478, 0, 0, 0, 0, 0, 24, 0
1777103086, 1, 0, 761, 759, 17, 7.62%, 0, 0, 2, 5.72, 16, 119, 0, 369, 102786, 37881, 0, 0.000, 0, 0, 0.126875, 1.000000, 2504, 0, 0, 0, 0, 0, 24, 0
1777103091, 1, 0, 762, 760, 17, 7.62%, 0, 0, 2, 5.67, 16, 119, 0, 369, 102786, 37881, 0, 0.000, 0, 0, 0.128023, 0.931000, 2530, 0, 0, 0, 0, 0, 24, 0
1777103096, 1, 0, 762, 760, 17, 7.62%, 0, 0, 2, 5.87, 16, 119, 0, 369, 102786, 37881, 0, 0.000, 0, 0, 0.129169, 1.000000, 2556, 0, 0, 0, 0, 0, 24, 0
1777103101, 1, 0, 762, 760, 17, 7.62%, 0, 0, 2, 6.58, 16, 119, 0, 369, 102786, 37881, 0, 0.000, 0, 0, 0.130312, 1.000000, 2582, 0, 0, 0, 0, 0, 24, 0
1777103106, 1, 0, 762, 760, 17, 7.62%, 0, 0, 2, 6.05, 16, 119, 0, 369, 102786, 37881, 0, 0.000, 0, 0, 0.131627, 1.000000, 2612, 0, 0, 0, 0, 0, 24, 0
1777103112, 1, 0, 762, 760, 17, 7.62%, 0, 0, 2, 5.61, 16, 119, 0, 369, 102786, 37881, 0, 0.000, 0, 0, 0.132676, 1.000000, 2636, 0, 0, 0, 0, 0, 24, 0
1777103117, 1, 0, 762, 760, 17, 7.62%, 0, 0, 2, 5.78, 16, 119, 0, 369, 102786, 37881, 0, 0.000, 0, 0, 0.133983, 1.000000, 2666, 0, 0, 0, 0, 0, 24, 0
1777103122, 1, 0, 762, 760, 17, 7.62%, 0, 0, 2, 6.20, 16, 119, 0, 369, 102786, 37881, 0, 0.000, 0, 0, 0.135244, 1.000000, 2695, 0, 0, 0, 0, 0, 24, 0
1777103127, 1, 0, 762, 760, 17, 7.62%, 0, 0, 2, 6.00, 16, 119, 0, 369, 102786, 37881, 0, 0.000, 0, 0, 0.136457, 1.000000, 2723, 0, 0, 0, 0, 0, 24, 0
1777103132, 1, 0, 762, 760, 17, 7.62%, 0, 0, 2, 6.06, 16, 119, 0, 369, 102786, 37881, 0, 0.000, 0, 0, 0.137796, 1.000000, 2754, 0, 0, 0, 0, 0, 25, 0
1777103137, 1, 0, 762, 760, 17, 7.62%, 0, 0, 2, 6.19, 16, 119, 0, 369, 102786, 37881, 0, 0.000, 0, 0, 0.139003, 1.000000, 2782, 0, 0, 0, 0, 0, 25, 0
1777103142, 1, 0, 762, 760, 17, 7.62%, 0, 0, 2, 6.62, 16, 119, 0, 369, 102786, 37881, 0, 0.000, 0, 0, 0.140463, 1.000000, 2816, 0, 0, 0, 0, 0, 25, 0
1777103147, 1, 0, 763, 761, 17, 7.62%, 0, 0, 2, 5.97, 16, 119, 0, 369, 102786, 37881, 0, 0.000, 0, 0, 0.141148, 1.000000, 2832, 0, 0, 0, 0, 0, 25, 0
1777103153, 1, 0, 764, 762, 17, 7.62%, 0, 0, 2, 5.89, 16, 119, 0, 369, 102786, 37881, 0, 0.000, 0, 0, 0.142089, 1.000000, 2854, 0, 0, 0, 0, 0, 25, 0
1777103158, 1, 0, 764, 762, 17, 7.62%, 0, 0, 2, 4.05, 16, 119, 0, 369, 102786, 37881, 0, 0.000, 0, 0, 0.143283, 1.000000, 2882, 0, 0, 0, 0, 0, 25, 0
1777103163, 1, 0, 764, 762, 17, 7.62%, 0, 0, 2, 5.13, 16, 119, 0, 369, 102786, 37881, 0, 0.000, 0, 0, 0.144517, 1.000000, 2911, 0, 0, 0, 0, 0, 25, 0
1777103168, 1, 0, 764, 762, 17, 7.62%, 0, 0, 2, 5.75, 16, 119, 0, 369, 102786, 37881, 0, 0.000, 0, 0, 0.145789, 1.000000, 2941, 0, 0, 0, 0, 0, 25, 0
1777103173, 1, 0, 764, 762, 17, 7.62%, 0, 0, 2, 5.66, 16, 119, 0, 369, 102786, 37881, 0, 0.000, 0, 0, 0.146846, 1.000000, 2966, 0, 0, 0, 0, 0, 25, 0
1777103178, 1, 0, 764, 762, 17, 7.62%, 0, 0, 2, 5.57, 16, 119, 0, 369, 102786, 37881, 0, 0.000, 0, 0, 0.148027, 1.000000, 2994, 0, 0, 0, 0, 0, 25, 0
1777103183, 1, 0, 764, 762, 17, 7.62%, 0, 0, 2, 5.49, 16, 119, 0, 369, 102786, 37881, 0, 0.000, 0, 0, 0.148953, 1.000000, 3016, 0, 0, 0, 0, 0, 25, 0
1777103189, 1, 0, 764, 762, 17, 7.62%, 0, 0, 2, 6.08, 16, 119, 0, 369, 102786, 37881, 0, 0.000, 0, 0, 0.150296, 1.000000, 3048, 0, 0, 0, 0, 0, 26, 0
1777103194, 1, 0, 764, 762, 17, 7.62%, 0, 0, 2, 5.79, 16, 119, 0, 369, 102786, 37881, 0, 0.000, 0, 0, 0.151426, 1.000000, 3075, 0, 0, 0, 0, 0, 26, 0
1777103199, 1, 0, 764, 762, 17, 7.62%, 0, 0, 2, 6.08, 16, 119, 0, 369, 102786, 37881, 0, 0.000, 0, 0, 0.152761, 1.000000, 3107, 0, 0, 0, 0, 0, 26, 0
1777103204, 1, 0, 764, 762, 17, 7.62%, 0, 0, 2, 6.11, 16, 119, 0, 369, 102786, 37881, 0, 0.000, 0, 0, 0.154050, 1.000000, 3138, 0, 0, 0, 0, 0, 26, 0
1777103210, 1, 0, 764, 762, 17, 7.62%, 0, 0, 2, 7.75, 16, 119, 0, 369, 102786, 37881, 0, 0.000, 0, 0, 0.155211, 1.000000, 3166, 0, 0, 0, 0, 0, 26, 0
1777103215, 1, 0, 764, 762, 17, 7.62%, 0, 0, 2, 6.98, 16, 119, 0, 369, 102786, 37881, 0, 0.000, 0, 0, 0.156535, 1.000000, 3198, 0, 0, 0, 0, 0, 26, 0
1777103220, 1, 0, 765, 763, 17, 7.63%, 0, 0, 2, 6.29, 16, 119, 0, 369, 102786, 37881, 0, 0.000, 0, 0, 0.157318, 0.806954, 3217, 0, 0, 0, 0, 0, 26, 0
1777103225, 1, 0, 765, 763, 17, 7.63%, 0, 0, 2, 6.43, 16, 119, 0, 369, 102786, 37881, 0, 0.000, 0, 0, 0.158429, 1.000000, 3244, 0, 0, 0, 0, 0, 26, 0
1777103230, 1, 0, 765, 763, 17, 7.63%, 0, 0, 2, 5.85, 16, 119, 0, 369, 102786, 37881, 0, 0.000, 0, 0, 0.159497, 1.000000, 3270, 0, 0, 0, 0, 0, 26, 0
1777103236, 1, 0, 765, 763, 17, 7.63%, 0, 0, 2, 5.68, 16, 119, 0, 369, 102786, 37881, 0, 0.000, 0, 0, 0.160684, 1.000000, 3299, 0, 0, 0, 0, 0, 26, 0
1777103241, 1, 0, 765, 763, 17, 7.63%, 0, 0, 2, 5.88, 16, 119, 0, 369, 102786, 37881, 0, 0.000, 0, 0, 0.161908, 1.000000, 3329, 0, 0, 0, 0, 0, 26, 0
1777103246, 1, 0, 765, 763, 17, 7.63%, 0, 0, 2, 9.02, 16, 119, 0, 369, 102786, 37881, 0, 0.000, 0, 0, 0.163008, 1.000000, 3356, 0, 0, 0, 0, 0, 26, 0
1777103251, 1, 0, 766, 764, 17, 7.63%, 0, 0, 2, 7.28, 16, 119, 0, 369, 102786, 37881, 0, 0.000, 0, 0, 0.164144, 0.884450, 3384, 0, 0, 0, 0, 0, 26, 0
1777103256, 1, 0, 766, 764, 17, 7.63%, 0, 0, 2, 6.08, 16, 119, 0, 369, 102786, 37881, 0, 0.000, 0, 0, 0.164793, 1.000000, 3400, 0, 0, 0, 0, 0, 26, 0
1777103261, 1, 0, 766, 764, 17, 7.63%, 0, 0, 2, 5.68, 16, 119, 0, 369, 102786, 37881, 0, 0.000, 0, 0, 0.165924, 1.000000, 3428, 0, 0, 0, 0, 0, 26, 0
1777103266, 1, 0, 766, 764, 17, 7.63%, 0, 0, 2, 5.81, 16, 119, 0, 369, 102786, 37881, 0, 0.000, 0, 0, 0.167013, 1.000000, 3455, 0, 0, 0, 0, 0, 26, 0
1777103271, 1, 0, 766, 764, 17, 7.63%, 0, 0, 2, 6.09, 16, 119, 0, 369, 102786, 37881, 0, 0.000, 0, 0, 0.168259, 1.000000, 3486, 0, 0, 0, 0, 0, 26, 0
1777103276, 1, 0, 766, 764, 17, 7.63%, 0, 0, 2, 5.76, 16, 119, 0, 369, 102786, 37881, 0, 0.000, 0, 0, 0.169342, 1.000000, 3513, 0, 0, 0, 0, 0, 26, 0
1777103282, 1, 0, 766, 764, 17, 7.63%, 0, 0, 2, 1.01, 16, 119, 0, 369, 102786, 37881, 0, 0.000, 0, 0, 0.170462, 1.000000, 3541, 0, 0, 0, 0, 0, 26, 0
1777103287, 1, 0, 766, 764, 17, 7.63%, 0, 0, 2, 5.86, 16, 119, 0, 369, 102786, 37881, 0, 0.000, 0, 0, 0.171698, 1.000000, 3572, 0, 0, 0, 0, 0, 26, 0
1777103292, 1, 0, 766, 764, 17, 7.63%, 0, 0, 2, 4.30, 16, 119, 0, 369, 102786, 37881, 0, 0.000, 0, 0, 0.172573, 1.000000, 3594, 0, 0, 0, 0, 0, 27, 0
1777103298, 1, 0, 766, 764, 17, 7.63%, 0, 0, 2, 5.12, 16, 119, 0, 369, 102786, 37881, 0, 0.000, 0, 0, 0.173763, 1.000000, 3624, 0, 0, 0, 0, 0, 27, 0
1777103303, 1, 0, 767, 765, 17, 7.64%, 0, 0, 2, 5.32, 16, 119, 0, 369, 102786, 37881, 0, 0.000, 0, 0, 0.174713, 0.823423, 3648, 0, 0, 0, 0, 0, 27, 0
1777103308, 1, 0, 767, 765, 17, 7.64%, 0, 0, 2, 5.74, 16, 119, 0, 369, 102786, 37881, 0, 0.000, 0, 0, 0.175739, 1.000000, 3674, 0, 0, 0, 0, 0, 27, 0
1777103313, 1, 0, 767, 765, 17, 7.64%, 0, 0, 2, 5.80, 16, 119, 0, 369, 102786, 37881, 0, 0.000, 0, 0, 0.176802, 1.000000, 3701, 0, 0, 0, 0, 0, 27, 0
1777103319, 1, 0, 768, 766, 17, 7.64%, 0, 0, 2, 6.04, 16, 119, 0, 369, 102786, 37881, 0, 0.000, 0, 0, 0.177745, 1.000000, 3725, 0, 0, 0, 0, 0, 27, 0
1777103324, 1, 0, 768, 766, 17, 7.64%, 0, 0, 2, 6.13, 16, 119, 0, 369, 102786, 37881, 0, 0.000, 0, 0, 0.178959, 1.000000, 3756, 0, 0, 0, 0, 0, 27, 0
1777103329, 1, 0, 768, 766, 17, 7.64%, 0, 0, 2, 4.56, 16, 119, 0, 369, 102786, 37881, 0, 0.000, 0, 0, 0.179819, 1.000000, 3778, 0, 0, 0, 0, 0, 27, 0
1777103334, 1, 0, 768, 766, 17, 7.64%, 0, 0, 2, 5.70, 16, 119, 0, 369, 102786, 37881, 0, 0.000, 0, 0, 0.181028, 1.000000, 3809, 0, 0, 0, 0, 0, 27, 0
1777103339, 1, 0, 769, 767, 17, 7.64%, 0, 0, 2, 5.65, 16, 119, 0, 369, 102786, 37881, 0, 0.000, 0, 0, 0.181766, 0.587686, 3828, 0, 0, 0, 0, 0, 27, 0
1777103344, 1, 0, 769, 767, 17, 7.64%, 0, 0, 2, 5.92, 16, 119, 0, 369, 102786, 37881, 0, 0.000, 0, 0, 0.182930, 1.000000, 3858, 0, 0, 0, 0, 0, 27, 0
1777103350, 1, 0, 769, 767, 17, 7.64%, 0, 0, 2, 5.73, 16, 119, 0, 369, 102786, 37881, 0, 0.000, 0, 0, 0.184014, 1.000000, 3886, 0, 0, 0, 0, 0, 27, 0
1777103356, 1, 0, 769, 767, 17, 7.64%, 0, 0, 2, 5.60, 16, 119, 0, 369, 102786, 37881, 0, 0.000, 0, 0, 0.185210, 1.000000, 3917, 0, 0, 0, 0, 0, 27, 0
1777103361, 1, 0, 769, 767, 17, 7.64%, 0, 0, 2, 5.81, 16, 119, 0, 369, 102786, 37881, 0, 0.000, 0, 0, 0.186402, 1.000000, 3948, 0, 0, 0, 0, 0, 27, 0
1777103366, 1, 0, 769, 767, 17, 7.64%, 0, 0, 2, 5.61, 16, 119, 0, 369, 102786, 37881, 0, 0.000, 0, 0, 0.187323, 1.000000, 3972, 0, 0, 0, 0, 0, 27, 0
1777103371, 1, 0, 769, 767, 17, 7.64%, 0, 0, 2, 6.28, 16, 119, 0, 369, 102786, 37881, 0, 0.000, 0, 0, 0.188624, 1.000000, 4006, 0, 0, 0, 0, 0, 27, 0
1777103377, 1, 0, 769, 767, 17, 7.64%, 0, 0, 2, 6.39, 16, 119, 0, 369, 102786, 37881, 0, 0.000, 0, 0, 0.189769, 1.000000, 4036, 0, 0, 0, 0, 0, 28, 0
1777103382, 1, 0, 769, 767, 17, 7.64%, 0, 0, 2, 5.97, 16, 119, 0, 369, 102786, 37881, 0, 0.000, 0, 0, 0.190910, 1.000000, 4066, 0, 0, 0, 0, 0, 28, 0
1777103387, 1, 0, 770, 768, 17, 7.64%, 0, 0, 2, 6.31, 16, 119, 0, 369, 102786, 37881, 0, 0.000, 0, 0, 0.191934, 0.866761, 4093, 0, 0, 0, 0, 0, 28, 0
1777103392, 1, 0, 770, 768, 17, 7.64%, 0, 0, 2, 5.85, 16, 119, 0, 369, 102786, 37881, 0, 0.000, 0, 0, 0.192843, 1.000000, 4117, 0, 0, 0, 0, 0, 28, 0
1777103397, 1, 0, 772, 770, 17, 7.65%, 0, 0, 2, 5.43, 16, 120, 0, 369, 102786, 37881, 0, 0.000, 0, 0, 0.193485, 0.766607, 4134, 0, 0, 0, 0, 0, 28, 0
1777103402, 1, 0, 772, 770, 17, 7.65%, 0, 0, 2, 4.49, 16, 120, 0, 369, 102786, 37881, 0, 0.000, 0, 0, 0.194088, 1.000000, 4150, 0, 0, 0, 0, 0, 28, 0
1777103408, 1, 0, 773, 771, 17, 7.65%, 0, 0, 2, 5.27, 16, 120, 0, 369, 102786, 37881, 0, 0.000, 0, 0, 0.194917, 1.000000, 4172, 0, 0, 0, 0, 0, 28, 0
1777103413, 1, 0, 775, 773, 17, 7.65%, 0, 0, 2, 5.31, 16, 120, 0, 369, 102786, 37881, 0, 0.000, 0, 0, 0.195443, 0.766607, 4186, 0, 0, 0, 0, 0, 28, 0
1777103418, 1, 0, 775, 773, 17, 7.65%, 0, 0, 2, 5.90, 16, 120, 0, 369, 102786, 37881, 0, 0.000, 0, 0, 0.196419, 1.000000, 4212, 0, 0, 0, 0, 0, 28, 0
1777103423, 1, 0, 775, 773, 17, 7.65%, 0, 0, 2, 5.84, 16, 120, 0, 369, 102786, 37881, 0, 0.000, 0, 0, 0.197466, 1.000000, 4240, 0, 0, 0, 0, 0, 28, 0
1777103429, 1, 0, 775, 773, 17, 7.65%, 0, 0, 2, 1.10, 16, 120, 0, 369, 102786, 37881, 0, 0.000, 0, 0, 0.198549, 1.000000, 4269, 0, 0, 0, 0, 0, 28, 0
1777103434, 1, 0, 776, 774, 17, 7.65%, 0, 0, 2, 6.01, 16, 120, 0, 369, 102786, 37881, 0, 0.000, 0, 0, 0.199591, 0.806954, 4297, 0, 0, 0, 0, 0, 28, 0
1777103439, 1, 0, 777, 775, 17, 7.65%, 0, 0, 2, 4.59, 16, 120, 0, 369, 102786, 37881, 0, 0.000, 0, 0, 0.200111, 0.766607, 4311, 0, 0, 0, 0, 0, 28, 0
1777103444, 1, 0, 777, 775, 17, 7.65%, 0, 0, 2, 5.45, 16, 120, 0, 369, 102786, 37881, 0, 0.000, 0, 0, 0.201039, 1.000000, 4336, 0, 0, 0, 0, 0, 28, 0
1777103449, 1, 0, 777, 775, 17, 7.65%, 0, 0, 2, 5.56, 16, 120, 0, 369, 102786, 37881, 0, 0.000, 0, 0, 0.202001, 1.000000, 4362, 0, 0, 0, 0, 0, 28, 0
1777103454, 1, 0, 777, 775, 17, 7.65%, 0, 0, 2, 5.81, 16, 120, 0, 369, 102786, 37881, 0, 0.000, 0, 0, 0.203108, 1.000000, 4392, 0, 0, 0, 0, 0, 28, 0
1777103459, 1, 0, 778, 776, 17, 7.65%, 0, 0, 2, 6.36, 16, 120, 0, 369, 102786, 37881, 0, 0.000, 0, 0, 0.203918, 1.000000, 4414, 0, 0, 0, 0, 0, 28, 0
1777103465, 1, 0, 778, 776, 17, 7.65%, 0, 0, 2, 1.09, 16, 120, 0, 369, 102786, 37881, 0, 0.000, 0, 0, 0.205056, 1.000000, 4445, 0, 0, 0, 0, 0, 28, 0
1777103470, 1, 0, 778, 776, 17, 7.65%, 0, 0, 2, 7.65, 16, 120, 0, 369, 102786, 37881, 0, 0.000, 0, 0, 0.206191, 1.000000, 4476, 0, 0, 0, 0, 0, 28, 0
1777103475, 1, 0, 779, 777, 17, 7.65%, 0, 0, 2, 6.07, 16, 120, 0, 369, 102786, 37881, 0, 0.000, 0, 0, 0.206739, 1.000000, 4491, 0, 0, 0, 0, 0, 28, 0
1777103480, 1, 0, 779, 777, 17, 7.65%, 0, 0, 2, 5.93, 16, 120, 0, 369, 102786, 37881, 0, 0.000, 0, 0, 0.207797, 1.000000, 4520, 0, 0, 0, 0, 0, 28, 0
1777103485, 1, 0, 779, 777, 17, 7.65%, 0, 0, 2, 5.87, 16, 120, 0, 369, 102786, 37881, 0, 0.000, 0, 0, 0.208815, 1.000000, 4548, 0, 0, 0, 0, 0, 28, 0
1777103490, 1, 0, 779, 777, 17, 7.65%, 0, 0, 2, 6.00, 16, 120, 0, 369, 102786, 37881, 0, 0.000, 0, 0, 0.209976, 1.000000, 4580, 0, 0, 0, 0, 0, 28, 0
1777103496, 1, 0, 779, 777, 17, 7.65%, 0, 0, 2, 5.58, 16, 120, 0, 369, 102786, 37881, 0, 0.000, 0, 0, 0.210917, 1.000000, 4606, 0, 0, 0, 0, 0, 28, 0
1777103501, 1, 0, 779, 777, 17, 7.65%, 0, 0, 2, 5.66, 16, 120, 0, 369, 102786, 37881, 0, 0.000, 0, 0, 0.211999, 1.000000, 4636, 0, 0, 0, 0, 0, 28, 0
1777103506, 1, 0, 779, 777, 17, 7.65%, 0, 0, 2, 6.05, 16, 120, 0, 369, 102786, 37881, 0, 0.000, 0, 0, 0.213007, 1.000000, 4664, 0, 0, 0, 0, 0, 28, 0
1777103512, 1, 0, 779, 777, 17, 7.65%, 0, 0, 2, 1.17, 16, 120, 0, 369, 102786, 37881, 0, 0.000, 0, 0, 0.213833, 1.000000, 4687, 0, 0, 0, 0, 0, 28, 0
1777103517, 1, 0, 779, 777, 17, 7.65%, 0, 0, 2, 6.80, 16, 120, 0, 369, 102786, 37881, 0, 0.000, 0, 0, 0.214943, 1.000000, 4718, 0, 0, 0, 0, 0, 29, 0
1777103522, 1, 0, 779, 777, 17, 7.65%, 0, 0, 2, 6.09, 16, 120, 0, 369, 102786, 37881, 0, 0.000, 0, 0, 0.215872, 1.000000, 4744, 0, 0, 0, 0, 0, 29, 0
1777103527, 1, 0, 780, 778, 17, 7.65%, 0, 0, 2, 6.03, 16, 120, 0, 369, 102786, 37881, 0, 0.000, 0, 0, 0.216656, 1.000000, 4766, 0, 0, 0, 0, 0, 29, 0
1777103532, 1, 0, 780, 778, 17, 7.65%, 0, 0, 2, 6.26, 16, 120, 0, 369, 102786, 37881, 0, 0.000, 0, 0, 0.217723, 1.000000, 4796, 0, 0, 0, 0, 0, 29, 0
1777103537, 1, 0, 780, 778, 17, 7.65%, 0, 0, 2, 6.03, 16, 120, 0, 369, 102786, 37881, 0, 0.000, 0, 0, 0.218787, 1.000000, 4826, 0, 0, 0, 0, 0, 29, 0
1777103543, 1, 0, 780, 778, 17, 7.65%, 0, 0, 2, 5.93, 16, 120, 0, 369, 102786, 37881, 0, 0.000, 0, 0, 0.219742, 1.000000, 4853, 0, 0, 0, 0, 0, 29, 0
1777103548, 1, 0, 780, 778, 17, 7.65%, 0, 0, 2, 0.67, 16, 120, 0, 369, 102786, 37881, 0, 0.000, 0, 0, 0.220659, 1.000000, 4879, 0, 0, 0, 0, 0, 29, 0
1777103554, 1, 0, 780, 778, 17, 7.65%, 0, 0, 2, 5.46, 16, 120, 0, 369, 102786, 37881, 0, 0.000, 0, 0, 0.221680, 1.000000, 4908, 0, 0, 0, 0, 0, 29, 0
1777103559, 1, 0, 781, 779, 17, 7.66%, 0, 0, 2, 5.86, 16, 120, 0, 369, 102786, 37881, 0, 0.000, 0, 0, 0.222593, 0.866761, 4934, 0, 0, 0, 0, 0, 29, 0
1777103564, 1, 0, 781, 779, 17, 7.66%, 0, 0, 2, 6.13, 16, 120, 0, 369, 102786, 37881, 0, 0.000, 0, 0, 0.223504, 1.000000, 4960, 0, 0, 0, 0, 0, 29, 0
1777103569, 1, 0, 782, 780, 17, 7.66%, 0, 0, 2, 5.90, 16, 120, 0, 369, 102786, 37881, 0, 0.000, 0, 0, 0.224238, 0.618617, 4981, 0, 0, 0, 0, 0, 29, 0
1777103574, 1, 0, 782, 780, 17, 7.66%, 0, 0, 2, 5.93, 16, 120, 0, 369, 102786, 37881, 0, 0.000, 0, 0, 0.225250, 1.000000, 5010, 0, 0, 0, 0, 0, 29, 0
1777103579, 1, 0, 782, 780, 17, 7.66%, 0, 0, 2, 3.84, 16, 120, 0, 369, 102786, 37881, 0, 0.000, 0, 0, 0.226154, 1.000000, 5036, 0, 0, 0, 0, 0, 29, 0
1777103585, 1, 0, 782, 780, 17, 7.66%, 0, 0, 2, 0.66, 16, 120, 0, 369, 102786, 37881, 0, 0.000, 0, 0, 0.227091, 1.000000, 5063, 0, 0, 0, 0, 0, 29, 0
1777103590, 1, 0, 782, 780, 17, 7.66%, 0, 0, 2, 5.90, 16, 120, 0, 369, 102786, 37881, 0, 0.000, 0, 0, 0.228199, 1.000000, 5095, 0, 0, 0, 0, 0, 29, 0
1777103596, 1, 0, 782, 780, 17, 7.66%, 0, 0, 2, 5.95, 16, 120, 0, 369, 102786, 37881, 0, 0.000, 0, 0, 0.229200, 1.000000, 5124, 0, 0, 0, 0, 0, 29, 0
1777103601, 1, 0, 782, 780, 17, 7.66%, 0, 0, 2, 5.84, 16, 120, 0, 369, 102786, 37881, 0, 0.000, 0, 0, 0.230233, 1.000000, 5154, 0, 0, 0, 0, 0, 29, 0
1777103606, 1, 0, 782, 780, 17, 7.66%, 0, 0, 2, 5.88, 16, 120, 0, 369, 102786, 37881, 0, 0.000, 0, 0, 0.231195, 1.000000, 5182, 0, 0, 0, 0, 0, 30, 0
1777103612, 1, 0, 782, 780, 17, 7.66%, 0, 0, 2, 1.06, 16, 120, 0, 369, 102786, 37881, 0, 0.000, 0, 0, 0.232257, 1.000000, 5213, 0, 0, 0, 0, 0, 30, 0
1777103617, 1, 0, 783, 781, 17, 7.66%, 0, 0, 2, 6.14, 16, 120, 0, 369, 102786, 37881, 0, 0.000, 0, 0, 0.233111, 1.000000, 5238, 0, 0, 0, 0, 0, 30, 0
1777103622, 1, 0, 783, 781, 17, 7.66%, 0, 0, 2, 5.88, 16, 120, 0, 369, 102786, 37881, 0, 0.000, 0, 0, 0.233895, 1.000000, 5261, 0, 0, 0, 0, 0, 30, 0
1777103628, 1, 0, 783, 781, 17, 7.66%, 0, 0, 2, 5.95, 16, 120, 0, 369, 102786, 37881, 0, 0.000, 0, 0, 0.234949, 1.000000, 5292, 0, 0, 0, 0, 0, 30, 0
1777103633, 1, 0, 783, 781, 17, 7.66%, 0, 0, 2, 5.82, 16, 120, 0, 369, 102786, 37881, 0, 0.000, 0, 0, 0.235899, 1.000000, 5320, 0, 0, 0, 0, 0, 30, 0
1777103638, 1, 0, 784, 782, 17, 7.66%, 0, 0, 2, 6.27, 16, 120, 0, 369, 102786, 37881, 0, 0.000, 0, 0, 0.236813, 1.000000, 5347, 0, 0, 0, 0, 0, 30, 0
1777103644, 1, 0, 784, 782, 17, 7.66%, 0, 0, 2, 5.93, 16, 120, 0, 369, 102786, 37881, 0, 0.000, 0, 0, 0.237826, 1.000000, 5377, 0, 0, 0, 0, 0, 30, 0
1777103649, 1, 0, 784, 782, 17, 7.66%, 0, 0, 2, 5.76, 16, 120, 0, 369, 102786, 37881, 0, 0.000, 0, 0, 0.238735, 1.000000, 5404, 0, 0, 0, 0, 0, 30, 0
1777103654, 1, 0, 784, 782, 17, 7.66%, 0, 0, 2, 5.75, 16, 120, 0, 369, 102786, 37881, 0, 0.000, 0, 0, 0.239742, 1.000000, 5434, 0, 0, 0, 0, 0, 30, 0
1777103659, 1, 0, 784, 782, 17, 7.66%, 0, 0, 2, 5.61, 16, 120, 0, 369, 102786, 37881, 0, 0.000, 0, 0, 0.240480, 1.000000, 5456, 0, 0, 0, 0, 0, 30, 0
1777103664, 1, 0, 784, 782, 17, 7.66%, 0, 0, 2, 5.81, 16, 120, 0, 369, 102786, 37881, 0, 0.000, 0, 0, 0.241516, 1.000000, 5487, 0, 0, 0, 0, 0, 30, 0
1777103670, 1, 0, 785, 783, 17, 7.66%, 0, 0, 2, 5.95, 16, 120, 0, 369, 102786, 37881, 0, 0.000, 0, 0, 0.242250, 0.618617, 5509, 0, 0, 0, 0, 0, 30, 0
1777103675, 1, 0, 785, 783, 17, 7.66%, 0, 0, 2, 5.75, 16, 120, 0, 369, 102786, 37881, 0, 0.000, 0, 0, 0.243248, 1.000000, 5539, 0, 0, 0, 0, 0, 30, 0
1777103680, 1, 0, 785, 783, 17, 7.66%, 0, 0, 2, 6.07, 16, 120, 0, 369, 102786, 37881, 0, 0.000, 0, 0, 0.244343, 1.000000, 5572, 0, 0, 0, 0, 0, 30, 0
1777103686, 1, 0, 785, 783, 17, 7.66%, 0, 0, 2, 7.06, 16, 120, 0, 369, 102786, 37881, 0, 0.000, 0, 0, 0.245237, 1.000000, 5599, 0, 0, 0, 0, 0, 30, 0
1777103691, 1, 0, 785, 783, 17, 7.66%, 0, 0, 2, 6.82, 16, 120, 0, 369, 102786, 37881, 0, 0.000, 0, 0, 0.246392, 1.000000, 5634, 0, 0, 0, 0, 0, 30, 0
1777103696, 1, 0, 786, 784, 17, 7.67%, 0, 0, 2, 6.73, 16, 120, 0, 369, 102786, 37881, 0, 0.000, 0, 0, 0.247018, 1.000000, 5653, 0, 0, 0, 0, 0, 30, 0
1777103702, 1, 0, 786, 784, 17, 7.67%, 0, 0, 2, 1.21, 16, 120, 0, 369, 102786, 37881, 0, 0.000, 0, 0, 0.247938, 1.000000, 5681, 0, 0, 0, 0, 0, 30, 0
1777103707, 1, 0, 786, 784, 17, 7.67%, 0, 0, 2, 6.83, 16, 120, 0, 369, 102786, 37881, 0, 0.000, 0, 0, 0.249019, 1.000000, 5714, 0, 0, 0, 0, 0, 30, 0
1777103712, 1, 0, 786, 784, 17, 7.67%, 0, 0, 2, 6.09, 16, 120, 0, 369, 102786, 37881, 0, 0.000, 0, 0, 0.249902, 1.000000, 5741, 0, 0, 0, 0, 0, 30, 0
1777103717, 1, 0, 786, 784, 17, 7.67%, 0, 0, 2, 5.81, 16, 120, 0, 369, 102786, 37881, 0, 0.000, 0, 0, 0.250848, 1.000000, 5770, 0, 0, 0, 0, 0, 30, 0
1777103722, 1, 0, 787, 785, 17, 7.67%, 0, 0, 2, 5.99, 16, 120, 0, 369, 102786, 37881, 0, 0.000, 0, 0, 0.251401, 1.000000, 5787, 0, 0, 0, 0, 0, 30, 0
1777103727, 1, 0, 787, 785, 17, 7.67%, 0, 0, 2, 6.08, 16, 120, 0, 369, 102786, 37881, 0, 0.000, 0, 0, 0.252440, 1.000000, 5819, 0, 0, 0, 0, 0, 30, 0
1777103732, 1, 0, 787, 785, 17, 7.67%, 0, 0, 2, 6.61, 16, 120, 0, 369, 102786, 37881, 0, 0.000, 0, 0, 0.253185, 1.000000, 5842, 0, 0, 0, 0, 0, 30, 0
1777103738, 1, 0, 788, 786, 17, 7.67%, 0, 0, 2, 1.33, 16, 120, 0, 369, 102786, 37881, 0, 0.000, 0, 0, 0.253929, 0.587686, 5865, 0, 0, 0, 0, 0, 30, 0
1777103743, 1, 0, 788, 786, 17, 7.67%, 0, 0, 2, 7.09, 16, 120, 0, 369, 102786, 37881, 0, 0.000, 0, 0, 0.254929, 1.000000, 5896, 0, 0, 0, 0, 0, 30, 0
1777103748, 1, 0, 788, 786, 17, 7.67%, 0, 0, 2, 6.37, 16, 120, 0, 369, 102786, 37881, 0, 0.000, 0, 0, 0.255830, 1.000000, 5924, 0, 0, 0, 0, 0, 30, 0
1777103753, 1, 0, 788, 786, 17, 7.67%, 0, 0, 2, 6.46, 16, 120, 0, 369, 102786, 37881, 0, 0.000, 0, 0, 0.256857, 1.000000, 5956, 0, 0, 0, 0, 0, 30, 0
1777103758, 1, 0, 788, 786, 17, 7.67%, 0, 0, 2, 5.90, 16, 120, 0, 369, 102786, 37881, 0, 0.000, 0, 0, 0.257753, 1.000000, 5984, 0, 0, 0, 0, 0, 30, 0
1777103765, 1, 0, 788, 786, 17, 7.67%, 0, 0, 2, 0.66, 16, 120, 0, 369, 102786, 37881, 0, 0.000, 0, 0, 0.258743, 1.000000, 6015, 0, 0, 0, 0, 0, 30, 0
1777103770, 1, 0, 788, 786, 17, 7.67%, 0, 0, 2, 5.90, 16, 120, 0, 369, 102786, 37881, 0, 0.000, 0, 0, 0.259730, 1.000000, 6046, 0, 0, 0, 0, 0, 30, 0
1777103775, 1, 0, 788, 786, 17, 7.67%, 0, 0, 2, 6.12, 16, 120, 0, 369, 102786, 37881, 0, 0.000, 0, 0, 0.260683, 1.000000, 6076, 0, 0, 0, 0, 0, 31, 0
1777103780, 1, 0, 789, 787, 17, 7.67%, 0, 0, 2, 6.80, 16, 120, 0, 369, 102786, 37881, 0, 0.000, 0, 0, 0.261570, 1.000000, 6104, 0, 0, 0, 0, 0, 31, 0
1777103785, 1, 0, 789, 787, 17, 7.67%, 0, 0, 2, 6.22, 16, 120, 0, 369, 102786, 37881, 0, 0.000, 0, 0, 0.262455, 1.000000, 6132, 0, 0, 0, 0, 0, 31, 0
1777103791, 1, 0, 790, 788, 17, 7.68%, 0, 0, 2, 6.17, 16, 120, 0, 369, 102786, 37881, 0, 0.000, 0, 0, 0.263086, 1.000000, 6152, 0, 0, 0, 0, 0, 31, 0
1777103796, 1, 0, 790, 788, 17, 7.68%, 0, 0, 2, 6.03, 16, 120, 0, 369, 102786, 37881, 0, 0.000, 0, 0, 0.264030, 1.000000, 6182, 0, 0, 0, 0, 0, 31, 0
1777103801, 1, 0, 791, 789, 17, 7.68%, 0, 0, 2, 5.74, 16, 120, 0, 369, 102786, 37881, 0, 0.000, 0, 0, 0.264564, 0.713711, 6199, 0, 0, 0, 0, 0, 31, 0
1777103806, 1, 0, 791, 789, 17, 7.68%, 0, 0, 2, 5.87, 16, 120, 0, 369, 102786, 37881, 0, 0.000, 0, 0, 0.265411, 1.000000, 6226, 0, 0, 0, 0, 0, 31, 0
1777103811, 1, 0, 791, 789, 17, 7.68%, 0, 0, 2, 5.64, 16, 120, 0, 369, 102786, 37881, 0, 0.000, 0, 0, 0.266224, 1.000000, 6252, 0, 0, 0, 0, 0, 31, 0
1777103816, 1, 0, 791, 789, 17, 7.68%, 0, 0, 2, 6.00, 16, 120, 0, 369, 102786, 37881, 0, 0.000, 0, 0, 0.267191, 1.000000, 6283, 0, 0, 0, 0, 0, 31, 0
1777103821, 1, 0, 791, 789, 17, 7.68%, 0, 0, 2, 5.68, 16, 120, 0, 369, 102786, 37881, 0, 0.000, 0, 0, 0.268001, 1.000000, 6309, 0, 0, 0, 0, 0, 31, 0
1777103827, 1, 0, 791, 789, 17, 7.68%, 0, 0, 2, 6.00, 16, 120, 0, 369, 102786, 37881, 0, 0.000, 0, 0, 0.268963, 1.000000, 6340, 0, 0, 0, 0, 0, 31, 0
1777103832, 1, 0, 791, 789, 17, 7.68%, 0, 0, 2, 6.87, 16, 120, 0, 369, 102786, 37881, 0, 0.000, 0, 0, 0.269800, 1.000000, 6367, 0, 0, 0, 0, 0, 31, 0
1777103837, 1, 0, 791, 789, 17, 7.68%, 0, 0, 2, 0.66, 16, 120, 0, 369, 102786, 37881, 0, 0.000, 0, 0, 0.270541, 1.000000, 6391, 0, 0, 0, 0, 0, 31, 0
1777103842, 1, 0, 791, 789, 17, 7.68%, 0, 0, 2, 5.48, 16, 120, 0, 369, 102786, 37881, 0, 0.000, 0, 0, 0.271497, 1.000000, 6422, 0, 0, 0, 0, 0, 32, 0
1777103848, 1, 0, 791, 789, 17, 7.68%, 0, 0, 2, 5.40, 16, 120, 0, 369, 102786, 37881, 0, 0.000, 0, 0, 0.272297, 1.000000, 6448, 0, 0, 0, 0, 0, 32, 0
1777103853, 1, 0, 791, 789, 17, 7.68%, 0, 0, 2, 6.22, 16, 120, 0, 369, 102786, 37881, 0, 0.000, 0, 0, 0.273310, 1.000000, 6481, 0, 0, 0, 0, 0, 32, 0
1777103858, 1, 0, 791, 789, 17, 7.68%, 0, 0, 2, 5.87, 16, 120, 0, 369, 102786, 37881, 0, 0.000, 0, 0, 0.274136, 1.000000, 6508, 0, 0, 0, 0, 0, 32, 0
1777103863, 1, 0, 791, 789, 17, 7.68%, 0, 0, 2, 6.03, 16, 120, 0, 369, 102786, 37881, 0, 0.000, 0, 0, 0.275053, 1.000000, 6538, 0, 0, 0, 0, 0, 32, 0
1777103868, 1, 0, 791, 789, 17, 7.68%, 0, 0, 2, 7.78, 16, 120, 0, 369, 102786, 37881, 0, 0.000, 0, 0, 0.275906, 1.000000, 6566, 0, 0, 0, 0, 0, 32, 0
1777103873, 1, 0, 791, 789, 17, 7.68%, 0, 0, 2, 0.67, 16, 120, 0, 369, 102786, 37881, 0, 0.000, 0, 0, 0.276665, 1.000000, 6591, 0, 0, 0, 0, 0, 32, 0
1777103878, 1, 0, 791, 789, 17, 7.68%, 0, 0, 2, 5.66, 16, 120, 0, 369, 102786, 37881, 0, 0.000, 0, 0, 0.277605, 1.000000, 6622, 0, 0, 0, 0, 0, 33, 0
1777103884, 1, 0, 792, 790, 17, 7.68%, 0, 0, 2, 6.68, 16, 120, 0, 369, 102786, 37881, 0, 0.000, 0, 0, 0.278422, 0.931000, 6649, 0, 0, 0, 0, 0, 33, 0
1777103889, 1, 0, 792, 790, 17, 7.68%, 0, 0, 2, 6.30, 16, 120, 0, 369, 102786, 37881, 0, 0.000, 0, 0, 0.279116, 1.000000, 6672, 0, 0, 0, 0, 0, 33, 0
1777103894, 1, 0, 792, 790, 17, 7.68%, 0, 0, 2, 5.98, 16, 120, 0, 369, 102786, 37881, 0, 0.000, 0, 0, 0.279960, 1.000000, 6700, 0, 0, 0, 0, 0, 33, 0
1777103899, 1, 0, 792, 790, 17, 7.68%, 0, 0, 2, 1.13, 16, 120, 0, 369, 102786, 37881, 0, 0.000, 0, 0, 0.280951, 1.000000, 6733, 0, 0, 0, 0, 0, 33, 0
1777103905, 1, 0, 792, 790, 17, 7.68%, 0, 0, 2, 6.93, 16, 120, 0, 369, 102786, 37881, 0, 0.000, 0, 0, 0.281880, 1.000000, 6764, 0, 0, 0, 0, 0, 33, 0
1777103910, 1, 0, 792, 790, 17, 7.68%, 0, 0, 2, 6.10, 16, 120, 0, 369, 102786, 37881, 0, 0.000, 0, 0, 0.282538, 1.000000, 6786, 0, 0, 0, 0, 0, 33, 0
1777103915, 1, 0, 792, 790, 17, 7.68%, 0, 0, 2, 5.93, 16, 120, 0, 369, 102786, 37881, 0, 0.000, 0, 0, 0.283433, 1.000000, 6816, 0, 0, 0, 0, 0, 33, 0
1777103920, 1, 0, 792, 790, 17, 7.68%, 0, 0, 2, 5.53, 16, 120, 0, 369, 102786, 37881, 0, 0.000, 0, 0, 0.284207, 1.000000, 6842, 0, 0, 0, 0, 0, 33, 0
1777103925, 1, 0, 792, 790, 17, 7.68%, 0, 0, 2, 5.76, 16, 120, 0, 369, 102786, 37881, 0, 0.000, 0, 0, 0.285098, 1.000000, 6872, 0, 0, 0, 0, 0, 34, 0
1777103930, 1, 0, 792, 790, 17, 7.68%, 0, 0, 2, 5.81, 16, 120, 0, 369, 102786, 37881, 0, 0.000, 0, 0, 0.285927, 1.000000, 6900, 0, 0, 0, 0, 0, 34, 0
1777103935, 1, 0, 792, 790, 17, 7.68%, 0, 0, 2, 6.21, 16, 120, 0, 369, 102786, 37881, 0, 0.000, 0, 0, 0.286873, 1.000000, 6932, 0, 0, 0, 0, 0, 34, 0
1777103940, 1, 0, 792, 790, 17, 7.68%, 0, 0, 2, 6.05, 16, 120, 0, 369, 102786, 37881, 0, 0.000, 0, 0, 0.287669, 1.000000, 6959, 0, 0, 0, 0, 0, 34, 0
1777103946, 1, 0, 792, 790, 17, 7.68%, 0, 0, 2, 0.66, 16, 120, 0, 369, 102786, 37881, 0, 0.000, 0, 0, 0.288375, 1.000000, 6983, 0, 0, 0, 0, 0, 34, 0
1777103951, 1, 0, 792, 790, 17, 7.68%, 0, 0, 2, 5.60, 16, 120, 0, 369, 102786, 37881, 0, 0.000, 0, 0, 0.289343, 1.000000, 7016, 0, 0, 0, 0, 0, 34, 0
1777103956, 1, 0, 793, 791, 17, 7.68%, 0, 0, 2, 6.08, 16, 120, 0, 369, 102786, 37881, 0, 0.000, 0, 0, 0.289988, 1.000000, 7038, 0, 0, 0, 0, 0, 34, 0
1777103962, 1, 0, 793, 791, 17, 7.68%, 0, 0, 2, 6.02, 16, 120, 0, 369, 102786, 37881, 0, 0.000, 0, 0, 0.290864, 1.000000, 7068, 0, 0, 0, 0, 0, 34, 0
1777103967, 1, 0, 793, 791, 17, 7.68%, 0, 0, 2, 5.91, 16, 120, 0, 369, 102786, 37881, 0, 0.000, 0, 0, 0.291680, 1.000000, 7096, 0, 0, 0, 0, 0, 34, 0
1777103973, 1, 0, 793, 791, 17, 7.68%, 0, 0, 2, 0.98, 16, 120, 0, 369, 102786, 37881, 0, 0.000, 0, 0, 0.292524, 1.000000, 7125, 0, 0, 0, 0, 0, 34, 0
1777103978, 1, 0, 793, 791, 17, 7.68%, 0, 0, 2, 6.51, 16, 120, 0, 369, 102786, 37881, 0, 0.000, 0, 0, 0.293423, 1.000000, 7156, 0, 0, 0, 0, 0, 34, 0
1777103983, 1, 0, 794, 792, 17, 7.68%, 0, 0, 2, 6.57, 16, 120, 0, 369, 102786, 37881, 0, 0.000, 0, 0, 0.293944, 1.000000, 7174, 0, 0, 0, 0, 0, 34, 0
1777103988, 1, 0, 794, 792, 17, 7.68%, 0, 0, 2, 6.14, 16, 120, 0, 369, 102786, 37881, 0, 0.000, 0, 0, 0.294811, 1.000000, 7204, 0, 0, 0, 0, 0, 34, 0
1777103993, 1, 0, 795, 793, 17, 7.68%, 0, 0, 2, 6.12, 16, 120, 0, 369, 102786, 37881, 0, 0.000, 0, 0, 0.295618, 1.000000, 7232, 0, 0, 0, 0, 0, 34, 0
1777103999, 1, 0, 795, 793, 17, 7.68%, 0, 0, 2, 6.57, 16, 120, 0, 369, 102786, 37881, 0, 0.000, 0, 0, 0.296395, 1.000000, 7259, 0, 0, 0, 0, 0, 34, 0
1777104004, 1, 0, 795, 793, 17, 7.68%, 0, 0, 2, 6.55, 16, 120, 0, 369, 102786, 37881, 0, 0.000, 0, 0, 0.297341, 1.000000, 7292, 0, 0, 0, 0, 0, 34, 0
1777104009, 1, 0, 795, 793, 17, 7.68%, 0, 0, 2, 6.76, 16, 120, 0, 369, 102786, 37881, 0, 0.000, 0, 0, 0.298028, 1.000000, 7316, 0, 0, 0, 0, 0, 34, 0
1777104014, 1, 0, 795, 793, 17, 7.68%, 0, 0, 2, 6.14, 16, 120, 0, 369, 102786, 37881, 0, 0.000, 0, 0, 0.298857, 1.000000, 7345, 0, 0, 0, 0, 0, 34, 0
1777104019, 1, 0, 795, 793, 17, 7.68%, 0, 0, 2, 6.41, 16, 120, 0, 369, 102786, 37881, 0, 0.000, 0, 0, 0.299541, 1.000000, 7369, 0, 0, 0, 0, 0, 34, 0
1777104024, 1, 0, 795, 793, 17, 7.68%, 0, 0, 2, 6.12, 16, 120, 0, 369, 102786, 37881, 0, 0.000, 0, 0, 0.300422, 1.000000, 7400, 0, 0, 0, 0, 0, 34, 0
1777104030, 1, 0, 795, 793, 17, 7.68%, 0, 0, 2, 6.96, 16, 120, 0, 369, 102786, 37881, 0, 0.000, 0, 0, 0.301188, 1.000000, 7427, 0, 0, 0, 0, 0, 34, 0
1777104035, 1, 0, 795, 793, 17, 7.68%, 0, 0, 2, 6.50, 16, 120, 0, 369, 102786, 37881, 0, 0.000, 0, 0, 0.302066, 1.000000, 7458, 0, 0, 0, 0, 0, 35, 0
1777104040, 1, 0, 795, 793, 17, 7.68%, 0, 0, 2, 6.29, 16, 120, 0, 369, 102786, 37881, 0, 0.000, 0, 0, 0.302913, 1.000000, 7488, 0, 0, 0, 0, 0, 35, 0
1777104045, 1, 0, 795, 793, 17, 7.68%, 0, 0, 2, 5.81, 16, 120, 0, 369, 102786, 37881, 0, 0.000, 0, 0, 0.303673, 1.000000, 7515, 0, 0, 0, 0, 0, 35, 0
1777104050, 1, 0, 795, 793, 17, 7.68%, 0, 0, 2, 5.78, 16, 120, 0, 369, 102786, 37881, 0, 0.000, 0, 0, 0.304488, 1.000000, 7544, 0, 0, 0, 0, 0, 35, 0
1777104056, 1, 0, 796, 794, 17, 7.68%, 0, 0, 2, 5.16, 16, 120, 0, 369, 102786, 37881, 0, 0.000, 0, 0, 0.304937, 1.000000, 7560, 0, 0, 0, 0, 0, 35, 0
1777104061, 1, 0, 796, 794, 17, 7.68%, 0, 0, 2, 5.52, 16, 120, 0, 369, 102786, 37881, 0, 0.000, 0, 0, 0.305749, 1.000000, 7589, 0, 0, 0, 0, 0, 35, 0
1777104066, 1, 0, 797, 795, 17, 7.68%, 0, 0, 2, 5.79, 16, 120, 0, 369, 102786, 37881, 0, 0.000, 0, 0, 0.306280, 1.000000, 7608, 0, 0, 0, 0, 0, 35, 0
1777104071, 1, 0, 797, 795, 17, 7.68%, 0, 0, 2, 6.01, 16, 120, 0, 369, 102786, 37881, 0, 0.000, 0, 0, 0.307117, 1.000000, 7638, 0, 0, 0, 0, 0, 35, 0
1777104076, 1, 0, 798, 796, 17, 7.68%, 0, 0, 2, 6.01, 16, 120, 0, 369, 102786, 37881, 0, 0.000, 0, 0, 0.307757, 0.713711, 7661, 0, 0, 0, 0, 0, 35, 0
1777104081, 1, 0, 798, 796, 17, 7.68%, 0, 0, 2, 1.01, 16, 120, 0, 369, 102786, 37881, 0, 0.000, 0, 0, 0.308424, 1.000000, 7685, 0, 0, 0, 0, 0, 35, 0
1777104086, 1, 0, 798, 796, 17, 7.68%, 0, 0, 2, 3.91, 16, 120, 0, 369, 102786, 37881, 0, 0.000, 0, 0, 0.309228, 1.000000, 7714, 0, 0, 0, 0, 0, 35, 0
1777104092, 1, 0, 798, 796, 17, 7.68%, 0, 0, 2, 0.65, 16, 120, 0, 369, 102786, 37881, 0, 0.000, 0, 0, 0.309809, 1.000000, 7735, 0, 0, 0, 0, 0, 35, 0
1777104097, 1, 0, 798, 796, 17, 7.68%, 0, 0, 2, 5.49, 16, 120, 0, 369, 102786, 37881, 0, 0.000, 0, 0, 0.310610, 1.000000, 7764, 0, 0, 0, 0, 0, 35, 0
1777104102, 1, 0, 799, 797, 17, 7.68%, 0, 0, 2, 6.43, 16, 120, 0, 369, 102786, 37881, 0, 0.000, 0, 0, 0.311216, 1.000000, 7786, 0, 0, 0, 0, 0, 35, 0
1777104107, 1, 0, 799, 797, 17, 7.68%, 0, 0, 2, 5.94, 16, 120, 0, 369, 102786, 37881, 0, 0.000, 0, 0, 0.312041, 1.000000, 7816, 0, 0, 0, 0, 0, 35, 0
1777104112, 1, 0, 800, 798, 17, 7.68%, 0, 0, 2, 5.51, 16, 120, 0, 369, 102786, 37881, 0, 0.000, 0, 0, 0.312535, 1.000000, 7834, 0, 0, 0, 0, 0, 35, 0
1777104118, 1, 0, 800, 798, 17, 7.68%, 0, 0, 2, 5.63, 16, 120, 0, 369, 102786, 37881, 0, 0.000, 0, 0, 0.313357, 1.000000, 7864, 0, 0, 0, 0, 0, 35, 0
1777104123, 1, 0, 800, 798, 17, 7.68%, 0, 0, 2, 5.49, 16, 120, 0, 369, 102786, 37881, 0, 0.000, 0, 0, 0.314067, 1.000000, 7890, 0, 0, 0, 0, 0, 35, 0
1777104129, 1, 0, 800, 798, 17, 7.68%, 0, 0, 2, 0.66, 16, 120, 0, 369, 102786, 37881, 0, 0.000, 0, 0, 0.314858, 1.000000, 7919, 0, 0, 0, 0, 0, 35, 0
1777104134, 1, 0, 800, 798, 17, 7.68%, 0, 0, 2, 5.52, 16, 120, 0, 369, 102786, 37881, 0, 0.000, 0, 0, 0.315647, 1.000000, 7948, 0, 0, 0, 0, 0, 35, 0
1777104140, 1, 0, 800, 798, 17, 7.68%, 0, 0, 2, 5.57, 16, 120, 0, 369, 102786, 37881, 0, 0.000, 0, 0, 0.316407, 1.000000, 7976, 0, 0, 0, 0, 0, 35, 0
1777104145, 1, 0, 800, 798, 17, 7.68%, 0, 0, 2, 5.84, 16, 120, 0, 369, 102786, 37881, 0, 0.000, 0, 0, 0.317220, 1.000000, 8006, 0, 0, 0, 0, 0, 35, 0
1777104150, 1, 0, 801, 799, 17, 7.68%, 0, 0, 2, 5.70, 16, 120, 0, 369, 102786, 37881, 0, 0.000, 0, 0, 0.317761, 1.000000, 8026, 0, 0, 0, 0, 0, 35, 0
1777104155, 1, 0, 801, 799, 17, 7.68%, 0, 0, 2, 5.90, 16, 120, 0, 369, 102786, 37881, 0, 0.000, 0, 0, 0.318570, 1.000000, 8056, 0, 0, 0, 0, 0, 35, 0
1777104160, 1, 0, 801, 799, 17, 7.68%, 0, 0, 2, 6.41, 16, 120, 0, 369, 102786, 37881, 0, 0.000, 0, 0, 0.319378, 1.000000, 8086, 0, 0, 0, 0, 0, 35, 0
1777104166, 1, 0, 801, 799, 17, 7.68%, 0, 0, 2, 0.66, 16, 120, 0, 369, 102786, 37881, 0, 0.000, 0, 0, 0.320049, 1.000000, 8111, 0, 0, 0, 0, 0, 35, 0
1777104171, 1, 0, 801, 799, 17, 7.68%, 0, 0, 2, 6.01, 16, 120, 0, 369, 102786, 37881, 0, 0.000, 0, 0, 0.320826, 1.000000, 8140, 0, 0, 0, 0, 0, 35, 0
1777104176, 1, 0, 801, 799, 17, 7.68%, 0, 0, 2, 5.60, 16, 120, 0, 369, 102786, 37881, 0, 0.000, 0, 0, 0.321521, 1.000000, 8166, 0, 0, 0, 0, 0, 35, 0
1777104181, 1, 0, 801, 799, 17, 7.68%, 0, 0, 2, 6.08, 16, 120, 0, 369, 102786, 37881, 0, 0.000, 0, 0, 0.322375, 1.000000, 8198, 0, 0, 0, 0, 0, 35, 0
1777104186, 1, 0, 801, 799, 17, 7.68%, 0, 0, 2, 5.84, 16, 120, 0, 369, 102786, 37881, 0, 0.000, 0, 0, 0.323120, 1.000000, 8226, 0, 0, 0, 0, 0, 36, 0
1777104191, 1, 0, 801, 799, 17, 7.68%, 0, 0, 2, 6.04, 16, 120, 0, 369, 102786, 37881, 0, 0.000, 0, 0, 0.323944, 1.000000, 8257, 0, 0, 0, 0, 0, 36, 0
1777104197, 1, 0, 802, 800, 17, 7.68%, 0, 0, 2, 6.26, 16, 120, 0, 369, 102786, 37881, 0, 0.000, 0, 0, 0.324500, 1.000000, 8278, 0, 0, 0, 0, 0, 36, 0
1777104202, 1, 0, 802, 800, 17, 7.68%, 0, 0, 2, 0.67, 16, 120, 0, 369, 102786, 37881, 0, 0.000, 0, 0, 0.325162, 1.000000, 8303, 0, 0, 0, 0, 0, 36, 0
1777104208, 1, 0, 802, 800, 17, 7.68%, 0, 0, 2, 5.75, 16, 120, 0, 369, 102786, 37881, 0, 0.000, 0, 0, 0.325953, 1.000000, 8333, 0, 0, 0, 0, 0, 36, 0
1777104213, 1, 0, 802, 800, 17, 7.68%, 0, 0, 2, 5.46, 16, 120, 0, 369, 102786, 37881, 0, 0.000, 0, 0, 0.326638, 1.000000, 8359, 0, 0, 0, 0, 0, 36, 0
1777104218, 1, 0, 802, 800, 17, 7.68%, 0, 0, 2, 5.55, 16, 120, 0, 369, 102786, 37881, 0, 0.000, 0, 0, 0.327400, 1.000000, 8388, 0, 0, 0, 0, 0, 36, 0
1777104223, 1, 0, 802, 800, 17, 7.68%, 0, 0, 2, 5.83, 16, 120, 0, 369, 102786, 37881, 0, 0.000, 0, 0, 0.328135, 1.000000, 8416, 0, 0, 0, 0, 0, 36, 0
1777104228, 1, 0, 802, 800, 17, 7.68%, 0, 0, 2, 5.82, 16, 120, 0, 369, 102786, 37881, 0, 0.000, 0, 0, 0.328920, 1.000000, 8446, 0, 0, 0, 0, 0, 36, 0
1777104233, 1, 0, 802, 800, 17, 7.68%, 0, 0, 2, 6.35, 16, 120, 0, 369, 102786, 37881, 0, 0.000, 0, 0, 0.329572, 1.000000, 8471, 0, 0, 0, 0, 0, 37, 0
1777104239, 1, 0, 802, 800, 17, 7.68%, 0, 0, 2, 6.11, 16, 120, 0, 369, 102786, 37881, 0, 0.000, 0, 0, 0.330380, 1.000000, 8502, 0, 0, 0, 0, 0, 37, 0
1777104244, 1, 0, 802, 800, 17, 7.68%, 0, 0, 2, 5.92, 16, 120, 0, 369, 102786, 37881, 0, 0.000, 0, 0, 0.330952, 1.000000, 8524, 0, 0, 0, 0, 0, 37, 0
1777104249, 1, 0, 802, 800, 17, 7.68%, 0, 0, 2, 5.69, 16, 120, 0, 369, 102786, 37881, 0, 0.000, 0, 0, 0.331679, 1.000000, 8552, 0, 0, 0, 0, 0, 37, 0
1777104254, 1, 0, 802, 800, 17, 7.68%, 0, 0, 2, 5.58, 16, 120, 0, 369, 102786, 37881, 0, 0.000, 0, 0, 0.332378, 1.000000, 8579, 0, 0, 0, 0, 0, 37, 0
1777104259, 1, 0, 802, 800, 17, 7.68%, 0, 0, 2, 5.23, 16, 120, 0, 369, 102786, 37881, 0, 0.000, 0, 0, 0.333050, 1.000000, 8605, 0, 0, 0, 0, 0, 37, 0
1777104265, 1, 0, 802, 800, 17, 7.68%, 0, 0, 2, 5.66, 16, 120, 0, 369, 102786, 37881, 0, 0.000, 0, 0, 0.333849, 1.000000, 8636, 0, 0, 0, 0, 0, 37, 0
1777104270, 1, 0, 802, 800, 17, 7.68%, 0, 0, 2, 5.92, 16, 120, 0, 369, 102786, 37881, 0, 0.000, 0, 0, 0.334466, 1.000000, 8660, 0, 0, 0, 0, 0, 37, 0
1777104275, 1, 0, 802, 800, 17, 7.68%, 0, 0, 2, 5.68, 16, 120, 0, 369, 102786, 37881, 0, 0.000, 0, 0, 0.335185, 1.000000, 8688, 0, 0, 0, 0, 0, 38, 0
1777104280, 1, 0, 802, 800, 17, 7.68%, 0, 0, 2, 5.69, 16, 120, 0, 369, 102786, 37881, 0, 0.000, 0, 0, 0.335749, 1.000000, 8710, 0, 0, 0, 0, 0, 38, 0
1777104285, 1, 0, 803, 801, 17, 7.69%, 0, 0, 2, 5.77, 16, 120, 0, 369, 102786, 37881, 0, 0.000, 0, 0, 0.336312, 1.000000, 8732, 0, 0, 0, 0, 0, 38, 0
1777104290, 1, 0, 803, 801, 17, 7.69%, 0, 0, 2, 5.65, 16, 120, 0, 369, 102786, 37881, 0, 0.000, 0, 0, 0.336976, 1.000000, 8758, 0, 0, 0, 0, 0, 38, 0
1777104295, 1, 0, 803, 801, 17, 7.69%, 0, 0, 2, 5.66, 16, 120, 0, 369, 102786, 37881, 0, 0.000, 0, 0, 0.337740, 1.000000, 8788, 0, 0, 0, 0, 0, 38, 0
1777104301, 1, 0, 803, 801, 17, 7.69%, 0, 0, 2, 5.35, 16, 120, 0, 369, 102786, 37881, 0, 0.000, 0, 0, 0.338376, 1.000000, 8813, 0, 0, 0, 0, 0, 38, 0
1777104306, 1, 0, 803, 801, 17, 7.69%, 0, 0, 2, 5.78, 16, 120, 0, 369, 102786, 37881, 0, 0.000, 0, 0, 0.339162, 1.000000, 8844, 0, 0, 0, 0, 0, 38, 0
1777104311, 1, 0, 803, 801, 17, 7.69%, 0, 0, 2, 5.65, 16, 120, 0, 369, 102786, 37881, 0, 0.000, 0, 0, 0.339821, 1.000000, 8870, 0, 0, 0, 0, 0, 38, 0
1777104317, 1, 0, 803, 801, 17, 7.69%, 0, 0, 2, 0.67, 16, 120, 0, 369, 102786, 37881, 0, 0.000, 0, 0, 0.340452, 1.000000, 8895, 0, 0, 0, 0, 0, 38, 0
1777104322, 1, 0, 803, 801, 17, 7.69%, 0, 0, 2, 5.73, 16, 120, 0, 369, 102786, 37881, 0, 0.000, 0, 0, 0.341184, 1.000000, 8924, 0, 0, 0, 0, 0, 39, 0
1777104327, 1, 0, 803, 801, 17, 7.69%, 0, 0, 2, 5.43, 16, 120, 0, 369, 102786, 37881, 0, 0.000, 0, 0, 0.341838, 1.000000, 8950, 0, 0, 0, 0, 0, 39, 0
1777104332, 1, 0, 803, 801, 17, 7.69%, 0, 0, 2, 5.47, 16, 120, 0, 369, 102786, 37881, 0, 0.000, 0, 0, 0.342541, 1.000000, 8978, 0, 0, 0, 0, 0, 39, 0
1777104337, 1, 0, 803, 801, 17, 7.69%, 0, 0, 2, 5.53, 16, 120, 0, 369, 102786, 37881, 0, 0.000, 0, 0, 0.343243, 1.000000, 9006, 0, 0, 0, 0, 0, 39, 0
1777104343, 1, 0, 803, 801, 17, 7.69%, 0, 0, 2, 5.69, 16, 120, 0, 369, 102786, 37881, 0, 0.000, 0, 0, 0.343993, 1.000000, 9036, 0, 0, 0, 0, 0, 39, 0
1777104348, 1, 0, 803, 801, 17, 7.69%, 0, 0, 2, 2.81, 16, 120, 0, 369, 102786, 37881, 0, 0.000, 0, 0, 0.344592, 1.000000, 9060, 0, 0, 0, 0, 0, 39, 0
1777104353, 1, 0, 803, 801, 17, 7.69%, 0, 0, 2, 4.93, 16, 120, 0, 369, 102786, 37881, 0, 0.000, 0, 0, 0.345339, 1.000000, 9090, 0, 0, 0, 0, 0, 39, 0
1777104358, 1, 0, 803, 801, 17, 7.69%, 0, 0, 2, 5.74, 16, 120, 0, 369, 102786, 37881, 0, 0.000, 0, 0, 0.345885, 1.000000, 9112, 0, 0, 0, 0, 0, 39, 0
1777104363, 1, 0, 803, 801, 17, 7.69%, 0, 0, 2, 5.78, 16, 120, 0, 369, 102786, 37881, 0, 0.000, 0, 0, 0.346629, 1.000000, 9142, 0, 0, 0, 0, 0, 40, 0
1777104368, 1, 0, 804, 802, 17, 7.69%, 0, 0, 2, 3.76, 16, 120, 0, 369, 102786, 37881, 0, 0.000, 0, 0, 0.347075, 1.000000, 9160, 0, 0, 0, 0, 0, 40, 0
1777104374, 1, 0, 804, 802, 17, 7.69%, 0, 0, 2, 5.05, 16, 120, 0, 369, 102786, 37881, 0, 0.000, 0, 0, 0.347792, 1.000000, 9189, 0, 0, 0, 0, 0, 40, 0
1777104379, 1, 0, 804, 802, 17, 7.69%, 0, 0, 2, 5.39, 16, 120, 0, 369, 102786, 37881, 0, 0.000, 0, 0, 0.348507, 1.000000, 9218, 0, 0, 0, 0, 0, 40, 0
1777104384, 1, 0, 804, 802, 17, 7.69%, 0, 0, 2, 5.42, 16, 120, 0, 369, 102786, 37881, 0, 0.000, 0, 0, 0.349146, 1.000000, 9244, 0, 0, 0, 0, 0, 40, 0
1777104389, 1, 0, 804, 802, 17, 7.69%, 0, 0, 2, 5.81, 16, 120, 0, 369, 102786, 37881, 0, 0.000, 0, 0, 0.349883, 1.000000, 9274, 0, 0, 0, 0, 0, 40, 0
1777104394, 1, 0, 804, 802, 17, 7.69%, 0, 0, 2, 5.49, 16, 120, 0, 369, 102786, 37881, 0, 0.000, 0, 0, 0.350422, 1.000000, 9296, 0, 0, 0, 0, 0, 40, 0
1777104400, 1, 0, 804, 802, 17, 7.69%, 0, 0, 2, 5.60, 16, 120, 0, 369, 102786, 37881, 0, 0.000, 0, 0, 0.351156, 1.000000, 9326, 0, 0, 0, 0, 0, 40, 0
1777104405, 1, 0, 805, 803, 17, 7.69%, 0, 0, 2, 5.57, 16, 120, 0, 369, 102786, 37881, 0, 0.000, 0, 0, 0.351644, 1.000000, 9346, 0, 0, 0, 0, 0, 40, 0
1777104410, 1, 0, 805, 803, 17, 7.69%, 0, 0, 2, 5.57, 16, 120, 0, 369, 102786, 37881, 0, 0.000, 0, 0, 0.352327, 1.000000, 9374, 0, 0, 0, 0, 0, 40, 0
1777104415, 1, 0, 805, 803, 17, 7.69%, 0, 0, 2, 5.45, 16, 120, 0, 369, 102786, 37881, 0, 0.000, 0, 0, 0.352959, 1.000000, 9400, 0, 0, 0, 0, 0, 40, 0
1777104421, 1, 0, 805, 803, 17, 7.69%, 0, 0, 2, 1.11, 16, 120, 0, 369, 102786, 37881, 0, 0.000, 0, 0, 0.353663, 1.000000, 9429, 0, 0, 0, 0, 0, 40, 0
1777104426, 1, 0, 805, 803, 17, 7.69%, 0, 0, 2, 4.32, 16, 120, 0, 369, 102786, 37881, 0, 0.000, 0, 0, 0.354389, 1.000000, 9459, 0, 0, 0, 0, 0, 40, 0
1777104431, 1, 0, 805, 803, 17, 7.69%, 0, 0, 2, 4.85, 16, 120, 0, 369, 102786, 37881, 0, 0.000, 0, 0, 0.354897, 1.000000, 9480, 0, 0, 0, 0, 0, 40, 0
1777104436, 1, 0, 805, 803, 17, 7.69%, 0, 0, 2, 6.04, 16, 120, 0, 369, 102786, 37881, 0, 0.000, 0, 0, 0.355669, 1.000000, 9512, 0, 0, 0, 0, 0, 40, 0
1777104442, 1, 0, 805, 803, 17, 7.69%, 0, 0, 2, 5.88, 16, 120, 0, 369, 102786, 37881, 0, 0.000, 0, 0, 0.356342, 1.000000, 9540, 0, 0, 0, 0, 0, 40, 0
1777104447, 1, 0, 805, 803, 17, 7.69%, 0, 0, 2, 5.80, 16, 120, 0, 369, 102786, 37881, 0, 0.000, 0, 0, 0.357063, 1.000000, 9570, 0, 0, 0, 0, 0, 41, 0
1777104452, 1, 0, 805, 803, 17, 7.69%, 0, 0, 2, 5.61, 16, 120, 0, 369, 102786, 37881, 0, 0.000, 0, 0, 0.357686, 1.000000, 9596, 0, 0, 0, 0, 0, 41, 0
1777104457, 1, 0, 805, 803, 17, 7.69%, 0, 0, 2, 5.53, 16, 120, 0, 369, 102786, 37881, 0, 0.000, 0, 0, 0.358356, 1.000000, 9624, 0, 0, 0, 0, 0, 41, 0
1777104462, 1, 0, 805, 803, 17, 7.69%, 0, 0, 2, 3.56, 16, 120, 0, 369, 102786, 37881, 0, 0.000, 0, 0, 0.358976, 1.000000, 9650, 0, 0, 0, 0, 0, 41, 0
1777104469, 1, 0, 805, 803, 17, 7.69%, 0, 0, 2, 0.66, 16, 120, 0, 369, 102786, 37881, 0, 0.000, 0, 0, 0.359667, 1.000000, 9679, 0, 0, 0, 0, 0, 41, 0
1777104474, 1, 0, 805, 803, 17, 7.69%, 0, 0, 2, 5.77, 16, 120, 0, 369, 102786, 37881, 0, 0.000, 0, 0, 0.360356, 1.000000, 9708, 0, 0, 0, 0, 0, 41, 0
1777104479, 1, 0, 805, 803, 17, 7.69%, 0, 0, 2, 5.45, 16, 120, 0, 369, 102786, 37881, 0, 0.000, 0, 0, 0.360973, 1.000000, 9734, 0, 0, 0, 0, 0, 41, 0
1777104484, 2, 0, 806, 804, 1, 7.69%, 0, 0, 2, 5.92, 16, 120, 0, 369, 102786, 37881, 0, 0.000, 0, 0, 0.361707, 0.931000, 9765, 0, 0, 0, 0, 0, 42, 0
1777104489, 2, 0, 807, 805, 1, 7.69%, 0, 0, 2, 5.58, 16, 120, 0, 369, 102786, 37881, 0, 0.000, 0, 0, 0.361967, 1.000000, 9776, 0, 0, 0, 0, 0, 42, 0
1777104494, 2, 0, 807, 805, 1, 7.69%, 0, 0, 2, 5.73, 16, 120, 0, 369, 102786, 37881, 0, 0.000, 0, 0, 0.362675, 1.000000, 9806, 0, 0, 0, 0, 0, 42, 0
1777104500, 2, 0, 808, 806, 1, 7.69%, 0, 0, 2, 6.10, 16, 120, 0, 369, 102786, 37881, 0, 0.000, 0, 0, 0.363099, 1.000000, 9824, 0, 0, 0, 0, 0, 42, 0
1777104506, 2, 0, 808, 806, 1, 7.69%, 0, 0, 2, 5.63, 16, 120, 0, 369, 102786, 37881, 0, 0.000, 0, 0, 0.363828, 1.000000, 9855, 0, 0, 0, 0, 0, 42, 0
1777104511, 2, 0, 808, 806, 1, 7.69%, 0, 0, 2, 5.69, 16, 120, 0, 369, 102786, 37881, 0, 0.000, 0, 0, 0.364508, 1.000000, 9884, 0, 0, 0, 0, 0, 42, 0
1777104516, 2, 0, 809, 807, 1, 7.69%, 0, 0, 2, 5.98, 16, 120, 0, 369, 102786, 37881, 0, 0.000, 0, 0, 0.365000, 0.587686, 9905, 0, 0, 0, 0, 0, 42, 0
1777104522, 2, 0, 809, 807, 1, 7.69%, 0, 0, 2, 5.95, 16, 120, 0, 369, 102786, 37881, 0, 0.000, 0, 0, 0.365724, 1.000000, 9936, 0, 0, 0, 0, 0, 42, 0
1777104527, 2, 0, 809, 807, 1, 7.69%, 0, 0, 2, 5.81, 16, 120, 0, 369, 102786, 37881, 0, 0.000, 0, 0, 0.366331, 1.000000, 9962, 0, 0, 0, 0, 0, 42, 0
1777104532, 2, 0, 809, 807, 1, 7.69%, 0, 0, 2, 5.75, 16, 120, 0, 369, 102786, 37881, 0, 0.000, 0, 0, 0.367006, 1.000000, 9991, 0, 0, 0, 0, 0, 42, 0
1777104537, 2, 0, 809, 807, 1, 7.69%, 0, 0, 2, 3.31, 16, 120, 0, 369, 102786, 37881, 0, 0.000, 0, 0, 0.367540, 1.000000, 10014, 0, 0, 0, 0, 0, 42, 0
1777104542, 2, 0, 809, 807, 1, 7.69%, 0, 0, 2, 4.86, 16, 120, 0, 369, 102786, 37881, 0, 0.000, 0, 0, 0.368189, 1.000000, 10042, 0, 0, 0, 0, 0, 42, 0
1777104547, 2, 0, 809, 807, 1, 7.69%, 0, 0, 2, 5.14, 16, 120, 0, 369, 102786, 37881, 0, 0.000, 0, 0, 0.368652, 1.000000, 10062, 0, 0, 0, 0, 0, 42, 0
1777104552, 2, 0, 809, 807, 1, 7.69%, 0, 0, 2, 5.40, 16, 120, 0, 369, 102786, 37881, 0, 0.000, 0, 0, 0.369299, 1.000000, 10090, 0, 0, 0, 0, 0, 42, 0
1777104557, 2, 0, 809, 807, 1, 7.69%, 0, 0, 2, 5.57, 16, 120, 0, 369, 102786, 37881, 0, 0.000, 0, 0, 0.369922, 1.000000, 10117, 0, 0, 0, 0, 0, 43, 0
1777104562, 2, 0, 809, 807, 1, 7.69%, 0, 0, 2, 5.47, 16, 120, 0, 369, 102786, 37881, 0, 0.000, 0, 0, 0.370590, 1.000000, 10146, 0, 0, 0, 0, 0, 43, 0
1777104567, 2, 0, 809, 807, 1, 7.69%, 0, 0, 2, 5.39, 16, 120, 0, 369, 102786, 37881, 0, 0.000, 0, 0, 0.371164, 1.000000, 10171, 0, 0, 0, 0, 0, 43, 0
1777104573, 2, 0, 809, 807, 1, 7.69%, 0, 0, 2, 6.69, 16, 120, 0, 369, 102786, 37881, 0, 0.000, 0, 0, 0.371806, 1.000000, 10199, 0, 0, 0, 0, 0, 43, 0
1777104578, 2, 0, 809, 807, 1, 7.69%, 0, 0, 2, 6.00, 16, 120, 0, 369, 102786, 37881, 0, 0.000, 0, 0, 0.372469, 1.000000, 10228, 0, 0, 0, 0, 0, 43, 0
1777104583, 2, 0, 810, 808, 1, 7.69%, 0, 0, 2, 7.32, 16, 120, 0, 369, 102786, 37881, 0, 0.000, 0, 0, 0.372949, 0.866761, 10249, 0, 0, 0, 0, 0, 43, 0
1777104588, 2, 0, 810, 808, 1, 7.69%, 0, 0, 2, 6.69, 16, 120, 0, 369, 102786, 37881, 0, 0.000, 0, 0, 0.373564, 1.000000, 10276, 0, 0, 0, 0, 0, 43, 0
1777104593, 2, 0, 810, 808, 1, 7.69%, 0, 0, 2, 5.74, 16, 120, 0, 369, 102786, 37881, 0, 0.000, 0, 0, 0.374110, 1.000000, 10300, 0, 0, 0, 0, 0, 43, 0
1777104598, 2, 0, 810, 808, 1, 7.69%, 0, 0, 2, 5.78, 16, 120, 0, 369, 102786, 37881, 0, 0.000, 0, 0, 0.374769, 1.000000, 10329, 0, 0, 0, 0, 0, 43, 0
1777104604, 2, 0, 810, 808, 1, 7.69%, 0, 0, 2, 5.40, 16, 120, 0, 369, 102786, 37881, 0, 0.000, 0, 0, 0.375381, 1.000000, 10356, 0, 0, 0, 0, 0, 43, 0
1777104609, 2, 0, 810, 808, 1, 7.69%, 0, 0, 2, 5.54, 16, 120, 0, 369, 102786, 37881, 0, 0.000, 0, 0, 0.376036, 1.000000, 10385, 0, 0, 0, 0, 0, 43, 0
1777104614, 2, 0, 810, 808, 1, 7.69%, 0, 0, 2, 5.66, 16, 120, 0, 369, 102786, 37881, 0, 0.000, 0, 0, 0.376556, 1.000000, 10408, 0, 0, 0, 0, 0, 43, 0
1777104619, 2, 0, 810, 808, 1, 7.69%, 0, 0, 2, 5.61, 16, 120, 0, 369, 102786, 37881, 0, 0.000, 0, 0, 0.377187, 1.000000, 10436, 0, 0, 0, 0, 0, 43, 0
1777104624, 2, 0, 810, 808, 1, 7.69%, 0, 0, 2, 6.37, 16, 120, 0, 369, 102786, 37881, 0, 0.000, 0, 0, 0.377681, 1.000000, 10458, 0, 0, 0, 0, 0, 44, 0
1777104629, 2, 0, 810, 808, 1, 7.69%, 0, 0, 2, 5.80, 16, 120, 0, 369, 102786, 37881, 0, 0.000, 0, 0, 0.378333, 1.000000, 10487, 0, 0, 0, 0, 0, 44, 0
1777104634, 2, 0, 810, 808, 1, 7.69%, 0, 0, 2, 5.83, 16, 120, 0, 369, 102786, 37881, 0, 0.000, 0, 0, 0.378938, 1.000000, 10514, 0, 0, 0, 0, 0, 44, 0
1777104639, 2, 0, 811, 809, 1, 7.70%, 0, 0, 2, 5.62, 16, 120, 0, 369, 102786, 37881, 0, 0.000, 0, 0, 0.379541, 0.931000, 10541, 0, 0, 0, 0, 0, 44, 0
1777104645, 2, 0, 811, 809, 1, 7.70%, 0, 0, 2, 5.66, 16, 120, 0, 369, 102786, 37881, 0, 0.000, 0, 0, 0.380032, 1.000000, 10563, 0, 0, 0, 0, 0, 44, 0
1777104650, 2, 0, 812, 810, 1, 7.70%, 0, 0, 2, 6.73, 16, 120, 0, 369, 102786, 37881, 0, 0.000, 0, 0, 0.380590, 0.950000, 10588, 0, 0, 0, 0, 0, 44, 0
1777104655, 2, 0, 812, 810, 1, 7.70%, 0, 0, 2, 6.33, 16, 120, 0, 369, 102786, 37881, 0, 0.000, 0, 0, 0.381123, 1.000000, 10612, 0, 0, 0, 0, 0, 44, 0
1777104660, 2, 0, 812, 810, 1, 7.70%, 0, 0, 2, 7.23, 16, 120, 0, 369, 102786, 37881, 0, 0.000, 0, 0, 0.381590, 1.000000, 10633, 0, 0, 0, 0, 0, 44, 0
1777104665, 2, 0, 812, 810, 1, 7.70%, 0, 0, 2, 6.30, 16, 120, 0, 369, 102786, 37881, 0, 0.000, 0, 0, 0.382255, 1.000000, 10663, 0, 0, 0, 0, 0, 44, 0
1777104670, 2, 0, 812, 810, 1, 7.70%, 0, 0, 2, 5.64, 16, 120, 0, 369, 102786, 37881, 0, 0.000, 0, 0, 0.382830, 1.000000, 10689, 0, 0, 0, 0, 0, 44, 0
1777104675, 2, 0, 812, 810, 1, 7.70%, 0, 0, 2, 5.58, 16, 120, 0, 369, 102786, 37881, 0, 0.000, 0, 0, 0.383470, 1.000000, 10718, 0, 0, 0, 0, 0, 44, 0
1777104681, 2, 0, 812, 810, 1, 7.70%, 0, 0, 2, 5.39, 16, 120, 0, 369, 102786, 37881, 0, 0.000, 0, 0, 0.384043, 1.000000, 10744, 0, 0, 0, 0, 0, 44, 0
1777104686, 2, 0, 812, 810, 1, 7.70%, 0, 0, 2, 5.39, 16, 120, 0, 369, 102786, 37881, 0, 0.000, 0, 0, 0.384659, 1.000000, 10772, 0, 0, 0, 0, 0, 44, 0
1777104691, 2, 0, 812, 810, 1, 7.70%, 0, 0, 2, 5.38, 16, 120, 0, 369, 102786, 37881, 0, 0.000, 0, 0, 0.385186, 1.000000, 10796, 0, 0, 0, 0, 0, 45, 0
1777104697, 2, 0, 813, 811, 1, 7.70%, 0, 0, 2, 0.65, 16, 120, 0, 369, 102786, 37881, 0, 0.000, 0, 0, 0.385647, 0.664465, 10817, 0, 0, 0, 0, 0, 45, 0
1777104702, 2, 0, 813, 811, 1, 7.70%, 0, 0, 2, 5.44, 16, 120, 0, 369, 102786, 37881, 0, 0.000, 0, 0, 0.386194, 1.000000, 10842, 0, 0, 0, 0, 0, 45, 0
1777104707, 2, 0, 813, 811, 1, 7.70%, 0, 0, 2, 5.38, 16, 120, 0, 369, 102786, 37881, 0, 0.000, 0, 0, 0.386762, 1.000000, 10868, 0, 0, 0, 0, 0, 45, 0
1777104712, 2, 0, 813, 811, 1, 7.70%, 0, 0, 2, 5.39, 16, 120, 0, 369, 102786, 37881, 0, 0.000, 0, 0, 0.387350, 1.000000, 10895, 0, 0, 0, 0, 0, 45, 0
1777104717, 2, 0, 813, 811, 1, 7.70%, 0, 0, 2, 5.65, 16, 120, 0, 369, 102786, 37881, 0, 0.000, 0, 0, 0.387938, 1.000000, 10922, 0, 0, 0, 0, 0, 45, 0
1777104722, 2, 0, 813, 811, 1, 7.70%, 0, 0, 2, 5.65, 16, 120, 0, 369, 102786, 37881, 0, 0.000, 0, 0, 0.388589, 1.000000, 10952, 0, 0, 0, 0, 0, 45, 0
1777104728, 2, 0, 813, 811, 1, 7.70%, 0, 0, 2, 5.89, 16, 120, 0, 369, 102786, 37881, 0, 0.000, 0, 0, 0.389109, 1.000000, 10976, 0, 0, 0, 0, 0, 45, 0
1777104733, 2, 0, 813, 811, 1, 7.70%, 0, 0, 2, 5.53, 16, 120, 0, 369, 102786, 37881, 0, 0.000, 0, 0, 0.389715, 1.000000, 11004, 0, 0, 0, 0, 0, 45, 0
1777104738, 2, 0, 813, 811, 1, 7.70%, 0, 0, 2, 5.04, 16, 120, 0, 369, 102786, 37881, 0, 0.000, 0, 0, 0.390190, 1.000000, 11026, 0, 0, 0, 0, 0, 46, 0
1777104743, 2, 0, 813, 811, 1, 7.70%, 0, 0, 2, 5.29, 16, 120, 0, 369, 102786, 37881, 0, 0.000, 0, 0, 0.390794, 1.000000, 11054, 0, 0, 0, 0, 0, 46, 0
1777104748, 2, 0, 813, 811, 1, 7.70%, 0, 0, 2, 5.47, 16, 120, 0, 369, 102786, 37881, 0, 0.000, 0, 0, 0.391353, 1.000000, 11080, 0, 0, 0, 0, 0, 46, 0
1777104753, 2, 0, 813, 811, 1, 7.70%, 0, 0, 2, 5.35, 16, 120, 0, 369, 102786, 37881, 0, 0.000, 0, 0, 0.391955, 1.000000, 11108, 0, 0, 0, 0, 0, 46, 0
1777104758, 2, 0, 813, 811, 1, 7.70%, 0, 0, 2, 5.43, 16, 120, 0, 369, 102786, 37881, 0, 0.000, 0, 0, 0.392512, 1.000000, 11134, 0, 0, 0, 0, 0, 46, 0
1777104764, 2, 0, 814, 812, 1, 7.70%, 0, 0, 2, 5.64, 16, 120, 0, 369, 102786, 37881, 0, 0.000, 0, 0, 0.392983, 1.000000, 11156, 0, 0, 0, 0, 0, 46, 0
1777104769, 2, 0, 814, 812, 1, 7.70%, 0, 0, 2, 3.75, 16, 120, 0, 369, 102786, 37881, 0, 0.000, 0, 0, 0.393496, 1.000000, 11180, 0, 0, 0, 0, 0, 46, 0
1777104775, 2, 0, 814, 812, 1, 7.70%, 0, 0, 2, 0.66, 16, 120, 0, 369, 102786, 37881, 0, 0.000, 0, 0, 0.394072, 1.000000, 11207, 0, 0, 0, 0, 0, 46, 0
1777104780, 2, 0, 814, 812, 1, 7.70%, 0, 0, 2, 5.26, 16, 120, 0, 369, 102786, 37881, 0, 0.000, 0, 0, 0.394689, 1.000000, 11236, 0, 0, 0, 0, 0, 46, 0
1777104785, 2, 0, 814, 812, 1, 7.70%, 0, 0, 2, 5.06, 16, 120, 0, 369, 102786, 37881, 0, 0.000, 0, 0, 0.395199, 1.000000, 11260, 0, 0, 0, 0, 0, 46, 0
1777104790, 2, 0, 814, 812, 1, 7.70%, 0, 0, 2, 5.47, 16, 120, 0, 369, 102786, 37881, 0, 0.000, 0, 0, 0.395835, 1.000000, 11290, 0, 0, 0, 0, 0, 46, 0
1777104796, 2, 0, 814, 812, 1, 7.70%, 0, 0, 2, 5.52, 16, 120, 0, 369, 102786, 37881, 0, 0.000, 0, 0, 0.396385, 1.000000, 11316, 0, 0, 0, 0, 0, 46, 0
1777104801, 2, 0, 814, 812, 1, 7.70%, 0, 0, 2, 5.68, 16, 120, 0, 369, 102786, 37881, 0, 0.000, 0, 0, 0.397019, 1.000000, 11346, 0, 0, 0, 0, 0, 47, 0
1777104806, 2, 0, 814, 812, 1, 7.70%, 0, 0, 2, 6.68, 16, 120, 0, 369, 102786, 37881, 0, 0.000, 0, 0, 0.397504, 1.000000, 11369, 0, 0, 0, 0, 0, 47, 0
1777104811, 2, 0, 814, 812, 1, 7.70%, 0, 0, 2, 6.20, 16, 120, 0, 369, 102786, 37881, 0, 0.000, 0, 0, 0.398114, 1.000000, 11398, 0, 0, 0, 0, 0, 47, 0
1777104816, 2, 0, 814, 812, 1, 7.70%, 0, 0, 2, 5.27, 16, 120, 0, 369, 102786, 37881, 0, 0.000, 0, 0, 0.398555, 1.000000, 11419, 0, 0, 0, 0, 0, 47, 0
1777104821, 2, 0, 814, 812, 1, 7.70%, 0, 0, 2, 5.57, 16, 120, 0, 369, 102786, 37881, 0, 0.000, 0, 0, 0.399163, 1.000000, 11448, 0, 0, 0, 0, 0, 47, 0
1777104826, 2, 0, 814, 812, 1, 7.70%, 0, 0, 2, 5.26, 16, 120, 0, 369, 102786, 37881, 0, 0.000, 0, 0, 0.399666, 1.000000, 11472, 0, 0, 0, 0, 0, 47, 0
1777104831, 2, 0, 814, 812, 1, 7.70%, 0, 0, 2, 5.43, 16, 120, 0, 369, 102786, 37881, 0, 0.000, 0, 0, 0.400251, 1.000000, 11500, 0, 0, 0, 0, 0, 47, 0
1777104836, 2, 0, 814, 812, 1, 7.70%, 0, 0, 2, 5.53, 16, 120, 0, 369, 102786, 37881, 0, 0.000, 0, 0, 0.400793, 1.000000, 11526, 0, 0, 0, 0, 0, 47, 0
1777104842, 2, 0, 814, 812, 1, 7.70%, 0, 0, 2, 5.63, 16, 120, 0, 369, 102786, 37881, 0, 0.000, 0, 0, 0.401417, 1.000000, 11556, 0, 0, 0, 0, 0, 48, 0
1777104847, 2, 0, 814, 812, 1, 7.70%, 0, 0, 2, 5.70, 16, 120, 0, 369, 102786, 37881, 0, 0.000, 0, 0, 0.401916, 1.000000, 11580, 0, 0, 0, 0, 0, 48, 0
1777104853, 2, 0, 815, 813, 1, 7.70%, 0, 0, 2, 5.48, 16, 120, 0, 369, 102786, 37881, 0, 0.000, 0, 0, 0.402476, 1.000000, 11607, 0, 0, 0, 0, 0, 48, 0
1777104858, 2, 0, 815, 813, 1, 7.70%, 0, 0, 2, 5.34, 16, 120, 0, 369, 102786, 37881, 0, 0.000, 0, 0, 0.402911, 1.000000, 11628, 0, 0, 0, 0, 0, 48, 0
1777104863, 2, 0, 816, 814, 1, 7.70%, 0, 0, 2, 5.04, 16, 120, 0, 369, 102786, 37881, 0, 0.000, 0, 0, 0.403345, 0.806954, 11649, 0, 0, 0, 0, 0, 48, 0
1777104868, 2, 0, 816, 814, 1, 7.70%, 0, 0, 2, 5.37, 16, 120, 0, 369, 102786, 37881, 0, 0.000, 0, 0, 0.403820, 1.000000, 11672, 0, 0, 0, 0, 0, 48, 0
1777104874, 2, 0, 816, 814, 1, 7.70%, 0, 0, 2, 5.60, 16, 120, 0, 369, 102786, 37881, 0, 0.000, 0, 0, 0.404376, 1.000000, 11699, 0, 0, 0, 0, 0, 48, 0
1777104879, 2, 0, 816, 814, 1, 7.70%, 0, 0, 2, 5.50, 16, 120, 0, 369, 102786, 37881, 0, 0.000, 0, 0, 0.404972, 1.000000, 11728, 0, 0, 0, 0, 0, 48, 0
1777104884, 2, 0, 816, 814, 1, 7.70%, 0, 0, 2, 6.81, 16, 120, 0, 369, 102786, 37881, 0, 0.000, 0, 0, 0.405506, 1.000000, 11754, 0, 0, 0, 0, 0, 48, 0
1777104889, 2, 0, 816, 814, 1, 7.70%, 0, 0, 2, 6.11, 16, 120, 0, 369, 102786, 37881, 0, 0.000, 0, 0, 0.406100, 1.000000, 11783, 0, 0, 0, 0, 0, 48, 0
1777104894, 2, 0, 816, 814, 1, 7.70%, 0, 0, 2, 5.40, 16, 120, 0, 369, 102786, 37881, 0, 0.000, 0, 0, 0.406530, 1.000000, 11804, 0, 0, 0, 0, 0, 48, 0
1777104900, 2, 0, 816, 814, 1, 7.70%, 0, 0, 2, 5.59, 16, 120, 0, 369, 102786, 37881, 0, 0.000, 0, 0, 0.407122, 1.000000, 11833, 0, 0, 0, 0, 0, 48, 0
1777104905, 2, 0, 816, 814, 1, 7.70%, 0, 0, 2, 5.52, 16, 120, 0, 369, 102786, 37881, 0, 0.000, 0, 0, 0.407672, 1.000000, 11860, 0, 0, 0, 0, 0, 49, 0
1777104910, 2, 0, 817, 815, 1, 7.71%, 0, 0, 2, 5.73, 16, 120, 0, 369, 102786, 37881, 0, 0.000, 0, 0, 0.408140, 1.000000, 11883, 0, 0, 0, 0, 0, 49, 0
1777104915, 2, 0, 817, 815, 1, 7.71%, 0, 0, 2, 5.51, 16, 120, 0, 369, 102786, 37881, 0, 0.000, 0, 0, 0.408709, 1.000000, 11911, 0, 0, 0, 0, 0, 49, 0
1777104921, 2, 0, 818, 816, 1, 7.71%, 0, 0, 2, 5.53, 16, 120, 0, 369, 102786, 37881, 0, 0.000, 0, 0, 0.409094, 1.000000, 11930, 0, 0, 0, 0, 0, 49, 0
1777104926, 2, 0, 818, 816, 1, 7.71%, 0, 0, 2, 5.79, 16, 120, 0, 369, 102786, 37881, 0, 0.000, 0, 0, 0.409701, 1.000000, 11960, 0, 0, 0, 0, 0, 49, 0
1777104931, 2, 0, 818, 816, 1, 7.71%, 0, 0, 2, 5.30, 16, 120, 0, 369, 102786, 37881, 0, 0.000, 0, 0, 0.410126, 1.000000, 11981, 0, 0, 0, 0, 0, 49, 0
1777104936, 2, 0, 818, 816, 1, 7.71%, 0, 0, 2, 5.64, 16, 120, 0, 369, 102786, 37881, 0, 0.000, 0, 0, 0.410751, 1.000000, 12012, 0, 0, 0, 0, 0, 49, 0
1777104941, 2, 0, 818, 816, 1, 7.71%, 0, 0, 2, 5.50, 16, 120, 0, 369, 102786, 37881, 0, 0.000, 0, 0, 0.411274, 1.000000, 12038, 0, 0, 0, 0, 0, 49, 0
1777104947, 2, 0, 818, 816, 1, 7.71%, 0, 0, 2, 5.63, 16, 120, 0, 369, 102786, 37881, 0, 0.000, 0, 0, 0.411877, 1.000000, 12068, 0, 0, 0, 0, 0, 49, 0
1777104952, 2, 0, 818, 816, 1, 7.71%, 0, 0, 2, 5.43, 16, 120, 0, 369, 102786, 37881, 0, 0.000, 0, 0, 0.412379, 1.000000, 12093, 0, 0, 0, 0, 0, 49, 0
1777104957, 2, 0, 818, 816, 1, 7.71%, 0, 0, 2, 5.44, 16, 120, 0, 369, 102786, 37881, 0, 0.000, 0, 0, 0.412939, 1.000000, 12121, 0, 0, 0, 0, 0, 50, 0
1777104962, 2, 0, 818, 816, 1, 7.71%, 0, 0, 2, 5.39, 16, 120, 0, 369, 102786, 37881, 0, 0.000, 0, 0, 0.413419, 1.000000, 12145, 0, 0, 0, 0, 0, 50, 0
1777104968, 2, 0, 818, 816, 1, 7.71%, 0, 0, 2, 0.65, 16, 120, 0, 369, 102786, 37881, 0, 0.000, 0, 0, 0.414017, 1.000000, 12175, 0, 0, 0, 0, 0, 50, 0
1777104974, 2, 0, 818, 816, 1, 7.71%, 0, 0, 2, 6.03, 16, 120, 0, 369, 102786, 37881, 0, 0.000, 0, 0, 0.414634, 1.000000, 12206, 0, 0, 0, 0, 0, 50, 0
1777104979, 2, 0, 818, 816, 1, 7.71%, 0, 0, 2, 5.57, 16, 120, 0, 369, 102786, 37881, 0, 0.000, 0, 0, 0.415151, 1.000000, 12232, 0, 0, 0, 0, 0, 50, 0
1777104984, 2, 0, 819, 817, 1, 7.71%, 0, 0, 2, 5.70, 16, 120, 0, 369, 102786, 37881, 0, 0.000, 0, 0, 0.415587, 1.000000, 12254, 0, 0, 0, 0, 0, 50, 0
1777104989, 2, 0, 819, 817, 1, 7.71%, 0, 0, 2, 5.40, 16, 120, 0, 369, 102786, 37881, 0, 0.000, 0, 0, 0.416102, 1.000000, 12280, 0, 0, 0, 0, 0, 50, 0
1777104994, 2, 0, 819, 817, 1, 7.71%, 0, 0, 2, 5.61, 16, 120, 0, 369, 102786, 37881, 0, 0.000, 0, 0, 0.416675, 1.000000, 12309, 0, 0, 0, 0, 0, 50, 0
1777104999, 2, 0, 819, 817, 1, 7.71%, 0, 0, 2, 6.70, 16, 120, 0, 369, 102786, 37881, 0, 0.000, 0, 0, 0.417208, 1.000000, 12336, 0, 0, 0, 0, 0, 50, 0
1777105005, 2, 0, 819, 817, 1, 7.71%, 0, 0, 2, 6.16, 16, 120, 0, 369, 102786, 37881, 0, 0.000, 0, 0, 0.417798, 1.000000, 12366, 0, 0, 0, 0, 0, 50, 0
1777105010, 2, 0, 819, 817, 1, 7.71%, 0, 0, 2, 7.11, 16, 120, 0, 369, 102786, 37881, 0, 0.000, 0, 0, 0.418231, 1.000000, 12388, 0, 0, 0, 0, 0, 50, 0
1777105015, 2, 0, 819, 817, 1, 7.71%, 0, 0, 2, 1.14, 16, 120, 0, 369, 102786, 37881, 0, 0.000, 0, 0, 0.418800, 1.000000, 12417, 0, 0, 0, 0, 0, 50, 0
1777105020, 2, 0, 819, 817, 1, 7.71%, 0, 0, 2, 5.99, 16, 120, 0, 369, 102786, 37881, 0, 0.000, 0, 0, 0.419407, 1.000000, 12448, 0, 0, 0, 0, 0, 51, 0
1777105026, 2, 0, 819, 817, 1, 7.71%, 0, 0, 2, 5.62, 16, 120, 0, 369, 102786, 37881, 0, 0.000, 0, 0, 0.419915, 1.000000, 12474, 0, 0, 0, 0, 0, 51, 0
1777105031, 2, 0, 819, 817, 1, 7.71%, 0, 0, 2, 5.77, 16, 120, 0, 369, 102786, 37881, 0, 0.000, 0, 0, 0.420500, 1.000000, 12504, 0, 0, 0, 0, 0, 51, 0
1777105036, 2, 0, 820, 818, 1, 7.71%, 0, 0, 2, 2.61, 16, 120, 0, 369, 102786, 37881, 0, 0.000, 0, 0, 0.420832, 0.618617, 12521, 0, 0, 0, 0, 0, 51, 0
1777105041, 2, 0, 820, 818, 1, 7.71%, 0, 0, 2, 4.43, 16, 120, 0, 369, 102786, 37881, 0, 0.000, 0, 0, 0.421357, 1.000000, 12548, 0, 0, 0, 0, 0, 51, 0
1777105046, 2, 0, 820, 818, 1, 7.71%, 0, 0, 2, 5.21, 16, 120, 0, 369, 102786, 37881, 0, 0.000, 0, 0, 0.421726, 1.000000, 12567, 0, 0, 0, 0, 0, 51, 0
1777105051, 2, 0, 820, 818, 1, 7.71%, 0, 0, 2, 5.80, 16, 120, 0, 369, 102786, 37881, 0, 0.000, 0, 0, 0.422327, 1.000000, 12598, 0, 0, 0, 0, 0, 51, 0
1777105057, 2, 0, 820, 818, 1, 7.71%, 0, 0, 2, 2.95, 16, 120, 0, 369, 102786, 37881, 0, 0.000, 0, 0, 0.422830, 1.000000, 12624, 0, 0, 0, 0, 0, 51, 0
1777105062, 2, 0, 821, 819, 1, 7.71%, 0, 0, 2, 4.85, 16, 120, 0, 369, 102786, 37881, 0, 0.000, 0, 0, 0.423255, 1.000000, 12646, 0, 0, 0, 0, 0, 51, 0
1777105067, 2, 0, 821, 819, 1, 7.71%, 0, 0, 2, 5.44, 16, 120, 0, 369, 102786, 37881, 0, 0.000, 0, 0, 0.423795, 1.000000, 12674, 0, 0, 0, 0, 0, 51, 0
1777105072, 2, 0, 821, 819, 1, 7.71%, 0, 0, 2, 0.94, 16, 120, 0, 369, 102786, 37881, 0, 0.000, 0, 0, 0.424314, 1.000000, 12701, 0, 0, 0, 0, 0, 51, 0
1777105078, 2, 0, 821, 819, 1, 7.71%, 0, 0, 2, 5.65, 16, 120, 0, 369, 102786, 37881, 0, 0.000, 0, 0, 0.424872, 1.000000, 12730, 0, 0, 0, 0, 0, 51, 0
1777105083, 2, 0, 821, 819, 1, 7.71%, 0, 0, 2, 5.36, 16, 120, 0, 369, 102786, 37881, 0, 0.000, 0, 0, 0.425274, 1.000000, 12751, 0, 0, 0, 0, 0, 51, 0
1777105088, 2, 0, 822, 820, 1, 7.71%, 0, 0, 2, 5.70, 16, 120, 0, 369, 102786, 37881, 0, 0.000, 0, 0, 0.425772, 0.766607, 12777, 0, 0, 0, 0, 0, 51, 0
1777105093, 2, 0, 822, 820, 1, 7.71%, 0, 0, 2, 5.20, 16, 120, 0, 369, 102786, 37881, 0, 0.000, 0, 0, 0.426155, 1.000000, 12797, 0, 0, 0, 0, 0, 51, 0
1777105098, 2, 0, 822, 820, 1, 7.71%, 0, 0, 2, 5.88, 16, 120, 0, 369, 102786, 37881, 0, 0.000, 0, 0, 0.426747, 1.000000, 12828, 0, 0, 0, 0, 0, 51, 0
1777105103, 2, 0, 822, 820, 1, 7.71%, 0, 0, 2, 5.69, 16, 120, 0, 369, 102786, 37881, 0, 0.000, 0, 0, 0.427280, 1.000000, 12856, 0, 0, 0, 0, 0, 51, 0
1777105108, 2, 0, 822, 820, 1, 7.71%, 0, 0, 2, 5.91, 16, 120, 0, 369, 102786, 37881, 0, 0.000, 0, 0, 0.427850, 1.000000, 12886, 0, 0, 0, 0, 0, 51, 0
1777105113, 2, 0, 823, 821, 1, 7.71%, 0, 0, 2, 6.85, 16, 120, 0, 369, 102786, 37881, 0, 0.000, 0, 0, 0.428230, 0.664465, 12906, 0, 0, 0, 0, 0, 51, 0
1777105119, 2, 0, 823, 821, 1, 7.71%, 0, 0, 2, 5.95, 16, 120, 0, 369, 102786, 37881, 0, 0.000, 0, 0, 0.428723, 1.000000, 12932, 0, 0, 0, 0, 0, 51, 0
1777105124, 2, 0, 824, 822, 1, 7.72%, 0, 0, 2, 6.10, 16, 120, 0, 369, 102786, 37881, 0, 0.000, 0, 0, 0.429102, 0.884450, 12952, 0, 0, 0, 0, 0, 51, 0
1777105129, 2, 0, 824, 822, 1, 7.72%, 0, 0, 2, 5.82, 16, 120, 0, 369, 102786, 37881, 0, 0.000, 0, 0, 0.429555, 1.000000, 12976, 0, 0, 0, 0, 0, 51, 0
1777105134, 2, 0, 824, 822, 1, 7.72%, 0, 0, 2, 5.78, 16, 120, 0, 369, 102786, 37881, 0, 0.000, 0, 0, 0.430046, 1.000000, 13002, 0, 0, 0, 0, 0, 51, 0
1777105139, 2, 0, 824, 822, 1, 7.72%, 0, 0, 2, 5.33, 16, 120, 0, 369, 102786, 37881, 0, 0.000, 0, 0, 0.430517, 1.000000, 13027, 0, 0, 0, 0, 0, 51, 0
1777105144, 2, 0, 824, 822, 1, 7.72%, 0, 0, 2, 5.39, 16, 120, 0, 369, 102786, 37881, 0, 0.000, 0, 0, 0.431024, 1.000000, 13054, 0, 0, 0, 0, 0, 51, 0
1777105149, 2, 0, 824, 822, 1, 7.72%, 0, 0, 2, 1.28, 16, 120, 0, 369, 102786, 37881, 0, 0.000, 0, 0, 0.431475, 1.000000, 13078, 0, 0, 0, 0, 0, 51, 0
1777105154, 2, 0, 824, 822, 1, 7.72%, 0, 0, 2, 4.29, 16, 120, 0, 369, 102786, 37881, 0, 0.000, 0, 0, 0.432037, 1.000000, 13108, 0, 0, 0, 0, 0, 51, 0
1777105159, 2, 0, 824, 822, 1, 7.72%, 0, 0, 2, 7.46, 16, 120, 0, 369, 102786, 37881, 0, 0.000, 0, 0, 0.432430, 1.000000, 13129, 0, 0, 0, 0, 0, 51, 0
1777105165, 2, 0, 824, 822, 1, 7.72%, 0, 0, 2, 6.09, 16, 120, 0, 369, 102786, 37881, 0, 0.000, 0, 0, 0.432971, 1.000000, 13158, 0, 0, 0, 0, 0, 52, 0
1777105170, 2, 0, 824, 822, 1, 7.72%, 0, 0, 2, 5.67, 16, 120, 0, 369, 102786, 37881, 0, 0.000, 0, 0, 0.433456, 1.000000, 13184, 0, 0, 0, 0, 0, 52, 0
1777105175, 2, 0, 824, 822, 1, 7.72%, 0, 0, 2, 5.74, 16, 120, 0, 369, 102786, 37881, 0, 0.000, 0, 0, 0.434014, 1.000000, 13214, 0, 0, 0, 0, 0, 52, 0
1777105180, 2, 0, 824, 822, 1, 7.72%, 0, 0, 2, 5.57, 16, 120, 0, 369, 102786, 37881, 0, 0.000, 0, 0, 0.434497, 1.000000, 13240, 0, 0, 0, 0, 0, 52, 0
1777105185, 2, 0, 824, 822, 1, 7.72%, 0, 0, 2, 5.99, 16, 120, 0, 369, 102786, 37881, 0, 0.000, 0, 0, 0.435090, 1.000000, 13272, 0, 0, 0, 0, 0, 52, 0
1777105190, 2, 0, 825, 823, 1, 7.72%, 0, 0, 2, 5.66, 16, 120, 0, 369, 102786, 37881, 0, 0.000, 0, 0, 0.435387, 1.000000, 13288, 0, 0, 0, 0, 0, 52, 0
1777105195, 2, 0, 825, 823, 1, 7.72%, 0, 0, 2, 5.71, 16, 120, 0, 369, 102786, 37881, 0, 0.000, 0, 0, 0.435941, 1.000000, 13318, 0, 0, 0, 0, 0, 52, 0
1777105201, 2, 0, 825, 823, 1, 7.72%, 0, 0, 2, 6.11, 16, 120, 0, 369, 102786, 37881, 0, 0.000, 0, 0, 0.436365, 1.000000, 13341, 0, 0, 0, 0, 0, 52, 0
1777105206, 2, 0, 825, 823, 1, 7.72%, 0, 0, 2, 5.69, 16, 120, 0, 369, 102786, 37881, 0, 0.000, 0, 0, 0.436881, 1.000000, 13369, 0, 0, 0, 0, 0, 52, 0
1777105211, 2, 0, 826, 824, 1, 7.72%, 0, 0, 2, 5.85, 16, 120, 0, 369, 102786, 37881, 0, 0.000, 0, 0, 0.437304, 1.000000, 13392, 0, 0, 0, 0, 0, 52, 0
1777105217, 2, 0, 826, 824, 1, 7.72%, 0, 0, 2, 5.66, 16, 120, 0, 369, 102786, 37881, 0, 0.000, 0, 0, 0.437818, 1.000000, 13420, 0, 0, 0, 0, 0, 52, 0
1777105222, 2, 0, 827, 825, 1, 7.72%, 0, 0, 2, 5.75, 16, 120, 0, 369, 102786, 37881, 0, 0.000, 0, 0, 0.438221, 1.000000, 13442, 0, 0, 0, 0, 0, 52, 0
1777105227, 2, 0, 827, 825, 1, 7.72%, 0, 0, 2, 6.23, 16, 120, 0, 369, 102786, 37881, 0, 0.000, 0, 0, 0.438679, 1.000000, 13467, 0, 0, 0, 0, 0, 52, 0
1777105232, 2, 0, 827, 825, 1, 7.72%, 0, 0, 2, 5.93, 16, 120, 0, 369, 102786, 37881, 0, 0.000, 0, 0, 0.439209, 1.000000, 13496, 0, 0, 0, 0, 0, 52, 0
1777105237, 2, 0, 827, 825, 1, 7.72%, 0, 0, 2, 4.89, 16, 120, 0, 369, 102786, 37881, 0, 0.000, 0, 0, 0.439610, 1.000000, 13518, 0, 0, 0, 0, 0, 52, 0
1777105242, 2, 0, 828, 826, 1, 7.72%, 0, 0, 2, 5.74, 16, 120, 0, 369, 102786, 37881, 0, 0.000, 0, 0, 0.440029, 1.000000, 13541, 0, 0, 0, 0, 0, 52, 0
1777105247, 2, 0, 828, 826, 1, 7.72%, 0, 0, 2, 5.70, 16, 120, 0, 369, 102786, 37881, 0, 0.000, 0, 0, 0.440519, 1.000000, 13568, 0, 0, 0, 0, 0, 52, 0
1777105253, 2, 0, 828, 826, 1, 7.72%, 0, 0, 2, 5.50, 16, 120, 0, 369, 102786, 37881, 0, 0.000, 0, 0, 0.441010, 1.000000, 13595, 0, 0, 0, 0, 0, 52, 0
1777105258, 2, 0, 828, 826, 1, 7.72%, 0, 0, 2, 5.65, 16, 120, 0, 369, 102786, 37881, 0, 0.000, 0, 0, 0.441535, 1.000000, 13624, 0, 0, 0, 0, 0, 52, 0
1777105263, 2, 0, 829, 827, 1, 7.72%, 0, 0, 2, 7.30, 16, 120, 0, 369, 102786, 37881, 0, 0.000, 0, 0, 0.441806, 1.000000, 13639, 0, 0, 0, 0, 0, 52, 0
1777105268, 2, 0, 829, 827, 1, 7.72%, 0, 0, 2, 6.56, 16, 120, 0, 369, 102786, 37881, 0, 0.000, 0, 0, 0.442384, 1.000000, 13671, 0, 0, 0, 0, 0, 52, 0
1777105273, 2, 0, 829, 827, 1, 7.72%, 0, 0, 2, 6.47, 16, 120, 0, 369, 102786, 37881, 0, 0.000, 0, 0, 0.442763, 1.000000, 13692, 0, 0, 0, 0, 0, 52, 0
1777105278, 2, 0, 829, 827, 1, 7.72%, 0, 0, 2, 5.89, 16, 120, 0, 369, 102786, 37881, 0, 0.000, 0, 0, 0.443267, 1.000000, 13720, 0, 0, 0, 0, 0, 52, 0
1777105284, 2, 0, 829, 827, 1, 7.72%, 0, 0, 2, 5.54, 16, 120, 0, 369, 102786, 37881, 0, 0.000, 0, 0, 0.443752, 1.000000, 13747, 0, 0, 0, 0, 0, 52, 0
1777105289, 2, 0, 829, 827, 1, 7.72%, 0, 0, 2, 5.60, 16, 120, 0, 369, 102786, 37881, 0, 0.000, 0, 0, 0.444272, 1.000000, 13776, 0, 0, 0, 0, 0, 52, 0
1777105294, 2, 0, 829, 827, 1, 7.72%, 0, 0, 2, 5.52, 16, 120, 0, 369, 102786, 37881, 0, 0.000, 0, 0, 0.444738, 1.000000, 13802, 0, 0, 0, 0, 0, 52, 0
1777105299, 2, 0, 829, 827, 1, 7.72%, 0, 0, 2, 5.51, 16, 120, 0, 369, 102786, 37881, 0, 0.000, 0, 0, 0.445239, 1.000000, 13830, 0, 0, 0, 0, 0, 52, 0
1777105304, 2, 0, 830, 828, 1, 7.73%, 0, 0, 2, 5.99, 16, 120, 0, 369, 102786, 37881, 0, 0.000, 0, 0, 0.445560, 1.000000, 13848, 0, 0, 0, 0, 0, 53, 0
1777105309, 2, 0, 830, 828, 1, 7.73%, 0, 0, 2, 5.62, 16, 120, 0, 369, 102786, 37881, 0, 0.000, 0, 0, 0.446059, 1.000000, 13876, 0, 0, 0, 0, 0, 53, 0
1777105314, 2, 0, 830, 828, 1, 7.73%, 0, 0, 2, 5.08, 16, 120, 0, 369, 102786, 37881, 0, 0.000, 0, 0, 0.446450, 1.000000, 13898, 0, 0, 0, 0, 0, 53, 0
1777105320, 2, 0, 831, 829, 1, 7.73%, 0, 0, 2, 5.58, 16, 120, 0, 369, 102786, 37881, 0, 0.000, 0, 0, 0.446859, 1.000000, 13921, 0, 0, 0, 0, 0, 53, 0
1777105325, 2, 0, 831, 829, 1, 7.73%, 0, 0, 2, 5.60, 16, 120, 0, 369, 102786, 37881, 0, 0.000, 0, 0, 0.447391, 1.000000, 13951, 0, 0, 0, 0, 0, 53, 0
1777105330, 2, 0, 831, 829, 1, 7.73%, 0, 0, 2, 5.35, 16, 120, 0, 369, 102786, 37881, 0, 0.000, 0, 0, 0.447834, 1.000000, 13976, 0, 0, 0, 0, 0, 53, 0
1777105335, 2, 0, 831, 829, 1, 7.73%, 0, 0, 2, 5.77, 16, 120, 0, 369, 102786, 37881, 0, 0.000, 0, 0, 0.448364, 1.000000, 14006, 0, 0, 0, 0, 0, 53, 0
1777105340, 2, 0, 831, 829, 1, 7.73%, 0, 0, 2, 2.47, 16, 120, 0, 369, 102786, 37881, 0, 0.000, 0, 0, 0.448788, 1.000000, 14030, 0, 0, 0, 0, 0, 53, 0
1777105345, 2, 0, 831, 829, 1, 7.73%, 0, 0, 2, 4.83, 16, 120, 0, 369, 102786, 37881, 0, 0.000, 0, 0, 0.449316, 1.000000, 14060, 0, 0, 0, 0, 0, 53, 0
1777105351, 2, 0, 831, 829, 1, 7.73%, 0, 0, 2, 5.56, 16, 120, 0, 369, 102786, 37881, 0, 0.000, 0, 0, 0.449738, 1.000000, 14084, 0, 0, 0, 0, 0, 53, 0
1777105356, 2, 0, 831, 829, 1, 7.73%, 0, 0, 2, 5.76, 16, 120, 0, 369, 102786, 37881, 0, 0.000, 0, 0, 0.450265, 1.000000, 14114, 0, 0, 0, 0, 0, 54, 0
1777105361, 2, 0, 831, 829, 1, 7.73%, 0, 0, 2, 5.35, 16, 120, 0, 369, 102786, 37881, 0, 0.000, 0, 0, 0.450685, 1.000000, 14138, 0, 0, 0, 0, 0, 54, 0
1777105366, 2, 0, 831, 829, 1, 7.73%, 0, 0, 2, 5.80, 16, 120, 0, 369, 102786, 37881, 0, 0.000, 0, 0, 0.451228, 1.000000, 14169, 0, 0, 0, 0, 0, 54, 0
1777105371, 2, 0, 832, 830, 1, 7.73%, 0, 0, 2, 5.67, 16, 120, 0, 369, 102786, 37881, 0, 0.000, 0, 0, 0.451560, 1.000000, 14188, 0, 0, 0, 0, 0, 54, 0
1777105377, 2, 0, 832, 830, 1, 7.73%, 0, 0, 2, 0.97, 16, 120, 0, 369, 102786, 37881, 0, 0.000, 0, 0, 0.451996, 1.000000, 14213, 0, 0, 0, 0, 0, 54, 0
1777105382, 2, 0, 833, 831, 1, 7.73%, 0, 0, 2, 4.02, 16, 120, 0, 369, 102786, 37881, 0, 0.000, 0, 0, 0.452361, 1.000000, 14234, 0, 0, 0, 0, 0, 54, 0
1777105387, 2, 0, 833, 831, 1, 7.73%, 0, 0, 2, 0.65, 16, 120, 0, 369, 102786, 37881, 0, 0.000, 0, 0, 0.452727, 1.000000, 14255, 0, 0, 0, 0, 0, 54, 0
1777105392, 2, 0, 833, 831, 1, 7.73%, 0, 0, 2, 5.45, 16, 120, 0, 369, 102786, 37881, 0, 0.000, 0, 0, 0.453213, 1.000000, 14283, 0, 0, 0, 0, 0, 54, 0
1777105397, 2, 0, 833, 831, 1, 7.73%, 0, 0, 2, 5.43, 16, 120, 0, 369, 102786, 37881, 0, 0.000, 0, 0, 0.453663, 1.000000, 14309, 0, 0, 0, 0, 0, 54, 0
1777105402, 2, 0, 833, 831, 1, 7.73%, 0, 0, 2, 5.87, 16, 120, 0, 369, 102786, 37881, 0, 0.000, 0, 0, 0.454200, 1.000000, 14340, 0, 0, 0, 0, 0, 54, 0
1777105408, 2, 0, 833, 831, 1, 7.73%, 0, 0, 2, 5.39, 16, 120, 0, 369, 102786, 37881, 0, 0.000, 0, 0, 0.454649, 1.000000, 14366, 0, 0, 0, 0, 0, 54, 0
1777105413, 2, 0, 833, 831, 1, 7.73%, 0, 0, 2, 5.55, 16, 120, 0, 369, 102786, 37881, 0, 0.000, 0, 0, 0.455166, 1.000000, 14396, 0, 0, 0, 0, 0, 54, 0
1777105418, 2, 0, 833, 831, 1, 7.73%, 0, 0, 2, 5.53, 16, 120, 0, 369, 102786, 37881, 0, 0.000, 0, 0, 0.455579, 1.000000, 14420, 0, 0, 0, 0, 0, 54, 0
1777105423, 2, 0, 833, 831, 1, 7.73%, 0, 0, 2, 5.49, 16, 120, 0, 369, 102786, 37881, 0, 0.000, 0, 0, 0.456078, 1.000000, 14449, 0, 0, 0, 0, 0, 55, 0
1777105428, 2, 0, 833, 831, 1, 7.73%, 0, 0, 2, 4.97, 16, 120, 0, 369, 102786, 37881, 0, 0.000, 0, 0, 0.456438, 1.000000, 14470, 0, 0, 0, 0, 0, 55, 0
1777105434, 2, 0, 833, 831, 1, 7.73%, 0, 0, 2, 5.34, 16, 120, 0, 369, 102786, 37881, 0, 0.000, 0, 0, 0.456935, 1.000000, 14499, 0, 0, 0, 0, 0, 55, 0
1777105439, 2, 0, 834, 832, 1, 7.73%, 0, 0, 2, 5.50, 16, 120, 0, 369, 102786, 37881, 0, 0.000, 0, 0, 0.457260, 1.000000, 14518, 0, 0, 0, 0, 0, 55, 0
1777105444, 2, 0, 834, 832, 1, 7.73%, 0, 0, 2, 5.57, 16, 120, 0, 369, 102786, 37881, 0, 0.000, 0, 0, 0.457755, 1.000000, 14547, 0, 0, 0, 0, 0, 55, 0
1777105450, 2, 0, 834, 832, 1, 7.73%, 0, 0, 2, 5.47, 16, 120, 0, 369, 102786, 37881, 0, 0.000, 0, 0, 0.458249, 1.000000, 14576, 0, 0, 0, 0, 0, 55, 0
1777105455, 2, 0, 834, 832, 1, 7.73%, 0, 0, 2, 6.64, 16, 120, 0, 369, 102786, 37881, 0, 0.000, 0, 0, 0.458658, 1.000000, 14600, 0, 0, 0, 0, 0, 55, 0
1777105460, 2, 0, 834, 832, 1, 7.73%, 0, 0, 2, 5.97, 16, 120, 0, 369, 102786, 37881, 0, 0.000, 0, 0, 0.459134, 1.000000, 14628, 0, 0, 0, 0, 0, 55, 0
1777105465, 2, 0, 834, 832, 1, 7.73%, 0, 0, 2, 4.66, 16, 120, 0, 369, 102786, 37881, 0, 0.000, 0, 0, 0.459541, 1.000000, 14652, 0, 0, 0, 0, 0, 55, 0
1777105470, 2, 0, 834, 832, 1, 7.73%, 0, 0, 2, 5.45, 16, 120, 0, 369, 102786, 37881, 0, 0.000, 0, 0, 0.460049, 1.000000, 14682, 0, 0, 0, 0, 0, 55, 0
1777105475, 2, 0, 834, 832, 1, 7.73%, 0, 0, 2, 5.13, 16, 120, 0, 369, 102786, 37881, 0, 0.000, 0, 0, 0.460455, 1.000000, 14706, 0, 0, 0, 0, 0, 56, 0
1777105480, 2, 0, 834, 832, 1, 7.73%, 0, 0, 2, 5.26, 16, 120, 0, 369, 102786, 37881, 0, 0.000, 0, 0, 0.460927, 1.000000, 14734, 0, 0, 0, 0, 0, 56, 0
1777105486, 2, 0, 834, 832, 1, 7.73%, 0, 0, 2, 5.41, 16, 120, 0, 369, 102786, 37881, 0, 0.000, 0, 0, 0.461365, 1.000000, 14760, 0, 0, 0, 0, 0, 56, 0
1777105491, 2, 0, 834, 832, 1, 7.73%, 0, 0, 2, 5.83, 16, 120, 0, 369, 102786, 37881, 0, 0.000, 0, 0, 0.461870, 1.000000, 14790, 0, 0, 0, 0, 0, 56, 0
1777105496, 2, 0, 834, 832, 1, 7.73%, 0, 0, 2, 5.63, 16, 120, 0, 369, 102786, 37881, 0, 0.000, 0, 0, 0.462290, 1.000000, 14815, 0, 0, 0, 0, 0, 56, 0
1777105501, 2, 0, 834, 832, 1, 7.73%, 0, 0, 2, 5.70, 16, 120, 0, 369, 102786, 37881, 0, 0.000, 0, 0, 0.462776, 1.000000, 14844, 0, 0, 0, 0, 0, 56, 0
1777105506, 2, 0, 834, 832, 1, 7.73%, 0, 0, 2, 5.44, 16, 120, 0, 369, 102786, 37881, 0, 0.000, 0, 0, 0.463144, 1.000000, 14866, 0, 0, 0, 0, 0, 56, 0
1777105511, 2, 0, 834, 832, 1, 7.73%, 0, 0, 2, 5.81, 16, 120, 0, 369, 102786, 37881, 0, 0.000, 0, 0, 0.463645, 1.000000, 14896, 0, 0, 0, 0, 0, 56, 0
1777105516, 2, 0, 834, 832, 1, 7.73%, 0, 0, 2, 5.71, 16, 120, 0, 369, 102786, 37881, 0, 0.000, 0, 0, 0.464079, 1.000000, 14922, 0, 0, 0, 0, 0, 57, 0
1777105522, 2, 0, 834, 832, 1, 7.73%, 0, 0, 2, 5.51, 16, 120, 0, 369, 102786, 37881, 0, 0.000, 0, 0, 0.464529, 1.000000, 14949, 0, 0, 0, 0, 0, 57, 0
1777105527, 2, 0, 834, 832, 1, 7.73%, 0, 0, 2, 5.79, 16, 120, 0, 369, 102786, 37881, 0, 0.000, 0, 0, 0.465044, 1.000000, 14980, 0, 0, 0, 0, 0, 57, 0
1777105532, 2, 0, 834, 832, 1, 7.73%, 0, 0, 2, 6.12, 16, 120, 0, 369, 102786, 37881, 0, 0.000, 0, 0, 0.465459, 1.000000, 15005, 0, 0, 0, 0, 0, 57, 0
1777105537, 2, 0, 834, 832, 1, 7.73%, 0, 0, 2, 6.03, 16, 120, 0, 369, 102786, 37881, 0, 0.000, 0, 0, 0.465972, 1.000000, 15036, 0, 0, 0, 0, 0, 57, 0
1777105542, 2, 0, 834, 832, 1, 7.73%, 0, 0, 2, 4.42, 16, 120, 0, 369, 102786, 37881, 0, 0.000, 0, 0, 0.466320, 1.000000, 15057, 0, 0, 0, 0, 0, 57, 0
1777105547, 2, 0, 834, 832, 1, 7.73%, 0, 0, 2, 5.42, 16, 120, 0, 369, 102786, 37881, 0, 0.000, 0, 0, 0.466832, 1.000000, 15088, 0, 0, 0, 0, 0, 57, 0
1777105553, 2, 0, 834, 832, 1, 7.73%, 0, 0, 2, 5.32, 16, 120, 0, 369, 102786, 37881, 0, 0.000, 0, 0, 0.467244, 1.000000, 15113, 0, 0, 0, 0, 0, 58, 0
1777105558, 2, 0, 834, 832, 1, 7.73%, 0, 0, 2, 5.71, 16, 120, 0, 369, 102786, 37881, 0, 0.000, 0, 0, 0.467737, 1.000000, 15143, 0, 0, 0, 0, 0, 58, 0
1777105563, 2, 0, 834, 832, 1, 7.73%, 0, 0, 2, 5.54, 16, 120, 0, 369, 102786, 37881, 0, 0.000, 0, 0, 0.468148, 1.000000, 15168, 0, 0, 0, 0, 0, 58, 0
1777105568, 2, 0, 834, 832, 1, 7.73%, 0, 0, 2, 1.06, 16, 120, 0, 369, 102786, 37881, 0, 0.000, 0, 0, 0.468624, 1.000000, 15197, 0, 0, 0, 0, 0, 58, 0
1777105573, 2, 0, 834, 832, 1, 7.73%, 0, 0, 2, 5.95, 16, 120, 0, 369, 102786, 37881, 0, 0.000, 0, 0, 0.469066, 1.000000, 15224, 0, 0, 0, 0, 0, 58, 0
1777105579, 2, 0, 834, 832, 1, 7.73%, 0, 0, 2, 0.66, 16, 120, 0, 369, 102786, 37881, 0, 0.000, 0, 0, 0.469442, 1.000000, 15247, 0, 0, 0, 0, 0, 58, 0
1777105584, 2, 0, 834, 832, 1, 7.73%, 0, 0, 2, 5.19, 16, 120, 0, 369, 102786, 37881, 0, 0.000, 0, 0, 0.469915, 1.000000, 15276, 0, 0, 0, 0, 0, 58, 0
1777105589, 2, 0, 834, 832, 1, 7.73%, 0, 0, 2, 5.84, 16, 120, 0, 369, 102786, 37881, 0, 0.000, 0, 0, 0.470371, 1.000000, 15304, 0, 0, 0, 0, 0, 58, 0
1777105594, 2, 0, 834, 832, 1, 7.73%, 0, 0, 2, 5.74, 16, 120, 0, 369, 102786, 37881, 0, 0.000, 0, 0, 0.470827, 1.000000, 15332, 0, 0, 0, 0, 0, 59, 0
1777105599, 2, 0, 834, 832, 1, 7.73%, 0, 0, 2, 5.62, 16, 120, 0, 369, 102786, 37881, 0, 0.000, 0, 0, 0.471249, 1.000000, 15358, 0, 0, 0, 0, 0, 59, 0
1777105604, 2, 0, 834, 832, 1, 7.73%, 0, 0, 2, 5.77, 16, 120, 0, 369, 102786, 37881, 0, 0.000, 0, 0, 0.471735, 1.000000, 15388, 0, 0, 0, 0, 0, 59, 0
1777105609, 2, 0, 834, 832, 1, 7.73%, 0, 0, 2, 5.35, 16, 120, 0, 369, 102786, 37881, 0, 0.000, 0, 0, 0.472124, 1.000000, 15412, 0, 0, 0, 0, 0, 59, 0
1777105615, 2, 0, 834, 832, 1, 7.73%, 0, 0, 2, 5.33, 16, 120, 0, 369, 102786, 37881, 0, 0.000, 0, 0, 0.472576, 1.000000, 15440, 0, 0, 0, 0, 0, 59, 0
1777105620, 2, 0, 834, 832, 1, 7.73%, 0, 0, 2, 6.33, 16, 120, 0, 369, 102786, 37881, 0, 0.000, 0, 0, 0.472931, 1.000000, 15462, 0, 0, 0, 0, 0, 59, 0
1777105625, 2, 0, 834, 832, 1, 7.73%, 0, 0, 2, 5.93, 16, 120, 0, 369, 102786, 37881, 0, 0.000, 0, 0, 0.473398, 1.000000, 15491, 0, 0, 0, 0, 0, 59, 0
1777105630, 2, 0, 834, 832, 1, 7.73%, 0, 0, 2, 5.48, 16, 120, 0, 369, 102786, 37881, 0, 0.000, 0, 0, 0.473784, 1.000000, 15515, 0, 0, 0, 0, 0, 60, 0
1777105635, 2, 0, 834, 832, 1, 7.73%, 0, 0, 2, 5.52, 16, 120, 0, 369, 102786, 37881, 0, 0.000, 0, 0, 0.474249, 1.000000, 15544, 0, 0, 0, 0, 0, 60, 0
1777105640, 2, 0, 834, 832, 1, 7.73%, 0, 0, 2, 5.35, 16, 120, 0, 369, 102786, 37881, 0, 0.000, 0, 0, 0.474666, 1.000000, 15570, 0, 0, 0, 0, 0, 60, 0
1777105646, 2, 0, 834, 832, 1, 7.73%, 0, 0, 2, 1.07, 16, 120, 0, 369, 102786, 37881, 0, 0.000, 0, 0, 0.475098, 1.000000, 15597, 0, 0, 0, 0, 0, 60, 0
1777105651, 2, 0, 834, 832, 1, 7.73%, 0, 0, 2, 5.92, 16, 120, 0, 369, 102786, 37881, 0, 0.000, 0, 0, 0.475562, 1.000000, 15626, 0, 0, 0, 0, 0, 60, 0
1777105656, 2, 0, 834, 832, 1, 7.73%, 0, 0, 2, 5.41, 16, 120, 0, 369, 102786, 37881, 0, 0.000, 0, 0, 0.475896, 1.000000, 15647, 0, 0, 0, 0, 0, 60, 0
1777105661, 2, 0, 834, 832, 1, 7.73%, 0, 0, 2, 5.30, 16, 120, 0, 369, 102786, 37881, 0, 0.000, 0, 0, 0.476342, 1.000000, 15675, 0, 0, 0, 0, 0, 60, 0
1777105666, 2, 0, 834, 832, 1, 7.73%, 0, 0, 2, 5.30, 16, 120, 0, 369, 102786, 37881, 0, 0.000, 0, 0, 0.476772, 1.000000, 15702, 0, 0, 0, 0, 0, 60, 0
1777105671, 2, 0, 834, 832, 1, 7.73%, 0, 0, 2, 5.95, 16, 120, 0, 369, 102786, 37881, 0, 0.000, 0, 0, 0.477280, 1.000000, 15734, 0, 0, 0, 0, 0, 61, 0
1777105677, 2, 0, 834, 832, 1, 7.73%, 0, 0, 2, 5.71, 16, 120, 0, 369, 102786, 37881, 0, 0.000, 0, 0, 0.477692, 1.000000, 15760, 0, 0, 0, 0, 0, 61, 0
1777105682, 2, 0, 834, 832, 1, 7.73%, 0, 0, 2, 5.65, 16, 120, 0, 369, 102786, 37881, 0, 0.000, 0, 0, 0.478150, 1.000000, 15789, 0, 0, 0, 0, 0, 61, 0
1777105687, 2, 0, 834, 832, 1, 7.73%, 0, 0, 2, 5.95, 16, 120, 0, 369, 102786, 37881, 0, 0.000, 0, 0, 0.478545, 1.000000, 15814, 0, 0, 0, 0, 0, 61, 0
1777105692, 2, 0, 834, 832, 1, 7.73%, 0, 0, 2, 5.82, 16, 120, 0, 369, 102786, 37881, 0, 0.000, 0, 0, 0.479018, 1.000000, 15844, 0, 0, 0, 0, 0, 61, 0
1777105697, 2, 0, 834, 832, 1, 7.73%, 0, 0, 2, 5.86, 16, 120, 0, 369, 102786, 37881, 0, 0.000, 0, 0, 0.479349, 1.000000, 15865, 0, 0, 0, 0, 0, 61, 0
1777105835, 2, 0, 834, 832, 15, 7.73%, 0, 0, 2, 0.01, 16, 120, 1, 370, 102786, 37881, 0, 0.500, 0, 0, 0.479726, 1.000000, 15889, 0, 0, 0, 0, 0, 61, 0
1777105840, 2, 0, 834, 832, 15, 7.73%, 0, 0, 2, 5.34, 16, 120, 1, 370, 102786, 37881, 0, 0.500, 0, 0, 0.480118, 1.000000, 15914, 0, 0, 0, 0, 0, 61, 0
1777105845, 2, 0, 834, 832, 15, 7.73%, 0, 0, 2, 5.99, 16, 120, 1, 370, 102786, 37881, 0, 0.500, 0, 0, 0.480620, 1.000000, 15946, 0, 0, 0, 0, 0, 61, 0
1777105850, 2, 0, 834, 832, 15, 7.73%, 0, 0, 2, 5.96, 16, 120, 1, 370, 102786, 37881, 0, 0.500, 0, 0, 0.481058, 1.000000, 15974, 0, 0, 0, 0, 0, 61, 0
1777105856, 2, 0, 834, 832, 15, 7.73%, 0, 0, 2, 5.57, 16, 120, 1, 370, 102786, 37881, 0, 0.500, 0, 0, 0.481448, 1.000000, 15999, 0, 0, 0, 0, 0, 61, 0
1777105861, 2, 0, 834, 832, 15, 7.73%, 0, 0, 2, 5.52, 16, 120, 1, 370, 102786, 37881, 0, 0.500, 0, 0, 0.481900, 1.000000, 16028, 0, 0, 0, 0, 0, 61, 0
1777105866, 2, 0, 834, 832, 15, 7.73%, 0, 0, 2, 5.75, 16, 120, 1, 370, 102786, 37881, 0, 0.500, 0, 0, 0.482227, 1.000000, 16049, 0, 0, 0, 0, 0, 61, 0
1777105871, 2, 0, 834, 832, 15, 7.73%, 0, 0, 2, 6.00, 16, 120, 1, 370, 102786, 37881, 0, 0.500, 0, 0, 0.482709, 1.000000, 16080, 0, 0, 0, 0, 0, 61, 0
1777105876, 2, 0, 834, 832, 15, 7.73%, 0, 0, 2, 5.56, 16, 120, 1, 370, 102786, 37881, 0, 0.441, 2, 3, 0.483081, 1.000000, 16104, 0, 0, 0, 0, 0, 62, 0
1777105881, 2, 0, 834, 832, 15, 7.73%, 0, 0, 2, 5.69, 16, 120, 1, 370, 102786, 37881, 0, 0.441, 2, 3, 0.483546, 1.000000, 16134, 0, 0, 0, 0, 0, 62, 0
1777105887, 2, 0, 834, 832, 15, 7.73%, 0, 0, 2, 5.44, 16, 120, 1, 370, 102786, 37881, 0, 0.441, 2, 3, 0.483948, 1.000000, 16160, 0, 0, 0, 0, 0, 62, 0
1777105892, 2, 0, 835, 833, 15, 7.73%, 0, 0, 2, 5.89, 16, 120, 1, 370, 102786, 37881, 0, 0.441, 2, 3, 0.484303, 1.000000, 16183, 0, 0, 0, 0, 0, 62, 0
1777105897, 2, 0, 835, 833, 15, 7.73%, 0, 0, 2, 5.84, 16, 120, 1, 370, 102786, 37881, 0, 0.441, 2, 3, 0.484689, 1.000000, 16208, 0, 0, 0, 0, 0, 62, 0
1777105902, 2, 0, 835, 833, 15, 7.73%, 0, 0, 2, 5.66, 16, 120, 1, 370, 102786, 37881, 0, 0.441, 2, 3, 0.485120, 1.000000, 16236, 0, 0, 0, 0, 0, 62, 0
1777105907, 2, 0, 835, 833, 15, 7.73%, 0, 0, 2, 4.89, 16, 120, 1, 370, 102786, 37881, 0, 0.441, 2, 3, 0.485458, 1.000000, 16258, 0, 0, 0, 0, 0, 62, 0
1777105912, 2, 0, 835, 833, 15, 7.73%, 0, 0, 2, 5.53, 16, 120, 1, 370, 102786, 37881, 0, 0.441, 2, 3, 0.485919, 1.000000, 16288, 0, 0, 0, 0, 0, 62, 0
1777105917, 2, 0, 835, 833, 15, 7.73%, 0, 0, 2, 5.36, 16, 120, 1, 370, 102786, 37881, 0, 0.441, 2, 3, 0.486287, 1.000000, 16312, 0, 0, 0, 0, 0, 62, 0
1777105922, 2, 0, 835, 833, 15, 7.73%, 0, 0, 2, 5.28, 16, 120, 1, 370, 102786, 37881, 0, 0.441, 2, 3, 0.486700, 1.000000, 16339, 0, 0, 0, 0, 0, 62, 0
1777105928, 2, 0, 835, 833, 15, 7.73%, 0, 0, 2, 5.43, 16, 120, 1, 370, 102786, 37881, 0, 0.441, 2, 3, 0.487143, 1.000000, 16368, 0, 0, 0, 0, 0, 62, 0
1777105933, 2, 0, 835, 833, 15, 7.73%, 0, 0, 2, 7.78, 16, 120, 1, 370, 102786, 37881, 0, 0.441, 2, 3, 0.487539, 1.000000, 16394, 0, 0, 0, 0, 0, 63, 0
1777105938, 2, 0, 835, 833, 15, 7.73%, 0, 0, 2, 6.36, 16, 120, 1, 370, 102786, 37881, 0, 0.441, 2, 3, 0.487996, 1.000000, 16424, 0, 0, 0, 0, 0, 63, 0
1777105943, 2, 0, 835, 833, 15, 7.73%, 0, 0, 2, 4.84, 16, 120, 1, 370, 102786, 37881, 0, 0.441, 2, 3, 0.488331, 1.000000, 16446, 0, 0, 0, 0, 0, 63, 0
1777105948, 2, 0, 835, 833, 15, 7.73%, 0, 0, 2, 5.36, 16, 120, 1, 370, 102786, 37881, 0, 0.441, 2, 3, 0.488756, 1.000000, 16474, 0, 0, 0, 0, 0, 63, 0
1777105953, 2, 0, 835, 833, 15, 7.73%, 0, 0, 2, 5.48, 16, 120, 1, 370, 102786, 37881, 0, 0.441, 2, 3, 0.489150, 1.000000, 16500, 0, 0, 0, 0, 0, 63, 0
1777105959, 2, 0, 835, 833, 15, 7.73%, 0, 0, 2, 5.75, 16, 120, 1, 370, 102786, 37881, 0, 0.441, 2, 3, 0.489604, 1.000000, 16530, 0, 0, 0, 0, 0, 63, 0
1777105964, 2, 0, 835, 833, 15, 7.73%, 0, 0, 2, 5.66, 16, 120, 1, 370, 102786, 37881, 0, 0.441, 2, 3, 0.490027, 1.000000, 16558, 0, 0, 0, 0, 0, 63, 0
1777105970, 2, 0, 835, 833, 15, 7.73%, 0, 0, 2, 0.99, 16, 120, 1, 370, 102786, 37881, 0, 0.453, 2, 4, 0.490494, 1.000000, 16589, 0, 0, 0, 0, 0, 64, 0
1777105975, 2, 0, 835, 833, 15, 7.73%, 0, 0, 2, 3.92, 16, 120, 1, 370, 102786, 37881, 0, 0.453, 2, 4, 0.490931, 1.000000, 16618, 0, 0, 0, 0, 0, 64, 0
1777105980, 2, 0, 835, 833, 15, 7.73%, 0, 0, 2, 0.66, 16, 120, 1, 370, 102786, 37881, 0, 0.453, 2, 4, 0.491246, 1.000000, 16639, 0, 0, 0, 0, 0, 64, 0
1777105985, 2, 0, 835, 833, 15, 7.73%, 0, 0, 2, 5.35, 16, 120, 1, 370, 102786, 37881, 0, 0.453, 2, 4, 0.491651, 1.000000, 16666, 0, 0, 0, 0, 0, 64, 0
1777105991, 2, 0, 835, 833, 15, 7.73%, 0, 0, 2, 5.41, 16, 120, 1, 370, 102786, 37881, 0, 0.453, 2, 4, 0.492056, 1.000000, 16693, 0, 0, 0, 0, 0, 64, 0
1777105996, 2, 0, 835, 833, 15, 7.73%, 0, 0, 2, 5.60, 16, 120, 1, 370, 102786, 37881, 0, 0.453, 2, 4, 0.492490, 1.000000, 16722, 0, 0, 0, 0, 0, 64, 0
1777106001, 2, 0, 835, 833, 15, 7.73%, 0, 0, 2, 5.79, 16, 120, 1, 370, 102786, 37881, 0, 0.453, 2, 4, 0.492908, 1.000000, 16750, 0, 0, 0, 0, 0, 64, 0
1777106006, 2, 0, 835, 833, 15, 7.73%, 0, 0, 2, 6.24, 16, 120, 1, 370, 102786, 37881, 0, 0.453, 2, 4, 0.493385, 1.000000, 16782, 0, 0, 0, 0, 0, 65, 0
1777106011, 2, 0, 835, 833, 15, 7.73%, 0, 0, 2, 6.13, 16, 120, 1, 370, 102786, 37881, 0, 0.453, 2, 4, 0.493772, 1.000000, 16808, 0, 0, 0, 0, 0, 65, 0
1777106016, 2, 0, 835, 833, 15, 7.73%, 0, 0, 2, 6.01, 16, 120, 1, 370, 102786, 37881, 0, 0.453, 2, 4, 0.494218, 1.000000, 16838, 0, 0, 0, 0, 0, 65, 0
1777106021, 2, 0, 835, 833, 15, 7.73%, 0, 0, 2, 6.26, 16, 120, 1, 370, 102786, 37881, 0, 0.453, 2, 4, 0.494544, 1.000000, 16860, 0, 0, 0, 0, 0, 65, 0
1777106027, 2, 0, 835, 833, 15, 7.73%, 0, 0, 2, 5.61, 16, 120, 1, 370, 102786, 37881, 0, 0.453, 2, 4, 0.494974, 1.000000, 16889, 0, 0, 0, 0, 0, 65, 0
1777106032, 2, 0, 835, 833, 15, 7.73%, 0, 0, 2, 5.81, 16, 120, 1, 370, 102786, 37881, 0, 0.453, 2, 4, 0.495417, 1.000000, 16919, 0, 0, 0, 0, 0, 65, 0
1777106038, 2, 0, 835, 833, 15, 7.73%, 0, 0, 2, 5.84, 16, 120, 1, 370, 102786, 37881, 0, 0.453, 2, 4, 0.495846, 1.000000, 16948, 0, 0, 0, 0, 0, 65, 0
1777106043, 2, 0, 835, 833, 15, 7.73%, 0, 0, 2, 5.73, 16, 120, 1, 370, 102786, 37881, 0, 0.453, 2, 4, 0.496273, 1.000000, 16977, 0, 0, 0, 0, 0, 66, 0
1777106048, 2, 0, 835, 833, 15, 7.73%, 0, 0, 2, 2.76, 16, 120, 1, 370, 102786, 37881, 0, 0.453, 2, 4, 0.496641, 1.000000, 17002, 0, 0, 0, 0, 0, 66, 0
1777106053, 2, 0, 835, 833, 15, 7.73%, 0, 0, 2, 4.47, 16, 120, 1, 370, 102786, 37881, 0, 0.453, 2, 4, 0.497052, 1.000000, 17030, 0, 0, 0, 0, 0, 66, 0
1777106058, 2, 0, 835, 833, 15, 7.73%, 0, 0, 2, 4.64, 16, 120, 1, 370, 102786, 37881, 0, 0.453, 2, 4, 0.497346, 1.000000, 17050, 0, 0, 0, 0, 0, 66, 0
1777106063, 2, 0, 835, 833, 15, 7.73%, 0, 0, 2, 5.08, 16, 120, 1, 370, 102786, 37881, 0, 0.453, 2, 4, 0.497756, 1.000000, 17078, 0, 0, 0, 0, 0, 66, 0
1777106068, 2, 0, 835, 833, 15, 7.73%, 0, 0, 2, 5.27, 16, 120, 1, 370, 102786, 37881, 0, 0.453, 2, 4, 0.498136, 1.000000, 17104, 0, 0, 0, 0, 0, 66, 0
1777106074, 2, 0, 835, 833, 15, 7.73%, 0, 0, 2, 5.78, 16, 120, 1, 370, 102786, 37881, 0, 0.453, 2, 4, 0.498603, 1.000000, 17136, 0, 0, 0, 0, 0, 66, 0
1777106079, 2, 0, 835, 833, 15, 7.73%, 0, 0, 2, 5.57, 16, 120, 1, 370, 102786, 37881, 0, 0.453, 2, 4, 0.498968, 1.000000, 17161, 0, 0, 0, 0, 0, 66, 0
1777106085, 2, 0, 835, 833, 15, 7.73%, 0, 0, 2, 0.98, 16, 120, 1, 370, 102786, 37881, 0, 0.453, 2, 4, 0.499375, 1.000000, 17189, 0, 0, 0, 0, 0, 67, 0
1777106090, 2, 0, 835, 833, 15, 7.73%, 0, 0, 2, 5.44, 16, 120, 1, 370, 102786, 37881, 0, 0.453, 2, 4, 0.499797, 1.000000, 17218, 0, 0, 0, 0, 0, 67, 0
1777106095, 2, 0, 835, 833, 15, 7.73%, 0, 0, 2, 5.68, 16, 120, 1, 370, 102786, 37881, 0, 0.453, 2, 4, 0.500131, 1.000000, 17241, 0, 0, 0, 0, 0, 67, 0
1777106100, 2, 0, 835, 833, 15, 7.73%, 0, 0, 2, 5.92, 16, 120, 1, 370, 102786, 37881, 0, 0.453, 2, 4, 0.500580, 1.000000, 17272, 0, 0, 0, 0, 0, 67, 0
1777106105, 2, 0, 835, 833, 15, 7.73%, 0, 0, 2, 5.78, 16, 120, 1, 370, 102786, 37881, 0, 0.453, 2, 4, 0.500970, 1.000000, 17299, 0, 0, 0, 0, 0, 67, 0
1777106111, 2, 0, 835, 833, 15, 7.73%, 0, 0, 2, 5.67, 16, 120, 1, 370, 102786, 37881, 0, 0.453, 2, 4, 0.501389, 1.000000, 17328, 0, 0, 0, 0, 0, 67, 0
1777106116, 2, 0, 835, 833, 15, 7.73%, 0, 0, 2, 5.48, 16, 120, 1, 370, 102786, 37881, 0, 0.453, 2, 4, 0.501778, 1.000000, 17355, 0, 0, 0, 0, 0, 67, 0
1777106121, 2, 0, 835, 833, 15, 7.73%, 0, 0, 2, 5.60, 16, 120, 1, 370, 102786, 37881, 0, 0.453, 2, 4, 0.502210, 1.000000, 17385, 0, 0, 0, 0, 0, 68, 0
1777106126, 2, 0, 835, 833, 15, 7.73%, 0, 0, 2, 5.91, 16, 120, 1, 370, 102786, 37881, 0, 0.453, 2, 4, 0.502555, 1.000000, 17409, 0, 0, 0, 0, 0, 68, 0
1777106132, 2, 0, 835, 833, 18, 7.73%, 0, 0, 2, 0.31, 16, 120, 2, 371, 105016, 37970, 0, 0.453, 2, 4, 0.502784, 1.000000, 17425, 0, 0, 0, 0, 0, 68, 0
1777106138, 2, 0, 836, 834, 18, 7.73%, 0, 0, 2, 8.17, 16, 120, 2, 371, 105016, 37970, 0, 0.453, 2, 4, 0.503043, 1.000000, 17443, 0, 0, 0, 0, 0, 68, 0
1777106143, 2, 0, 836, 834, 18, 7.73%, 0, 0, 2, 6.42, 16, 120, 2, 371, 105016, 37970, 0, 0.453, 2, 4, 0.503458, 1.000000, 17472, 0, 0, 0, 0, 0, 68, 0
1777106148, 2, 0, 836, 834, 18, 7.73%, 0, 0, 2, 5.45, 16, 120, 2, 371, 105016, 37970, 0, 0.453, 2, 4, 0.503801, 1.000000, 17496, 0, 0, 0, 0, 0, 68, 0
1777106153, 2, 0, 836, 834, 18, 7.73%, 0, 0, 2, 5.72, 16, 120, 2, 371, 105016, 37970, 0, 0.453, 2, 4, 0.504229, 1.000000, 17526, 0, 0, 0, 0, 0, 68, 0
1777106158, 2, 0, 837, 835, 18, 7.74%, 0, 0, 2, 5.66, 16, 120, 2, 371, 105016, 37970, 0, 0.453, 2, 4, 0.504500, 1.000000, 17545, 0, 0, 0, 0, 0, 68, 0
1777106164, 2, 0, 839, 837, 18, 7.74%, 0, 0, 2, 5.35, 16, 120, 2, 371, 105016, 37970, 0, 0.453, 2, 4, 0.504785, 1.000000, 17565, 0, 0, 0, 0, 0, 68, 0
1777106169, 2, 0, 839, 837, 18, 7.74%, 0, 0, 2, 5.35, 16, 120, 2, 371, 105016, 37970, 0, 0.453, 2, 4, 0.505069, 1.000000, 17585, 0, 0, 0, 0, 0, 68, 0
1777106174, 2, 0, 839, 837, 18, 7.74%, 0, 0, 2, 5.55, 16, 120, 2, 371, 105016, 37970, 0, 0.453, 2, 4, 0.505410, 1.000000, 17609, 0, 0, 0, 0, 0, 68, 0
1777106179, 2, 0, 839, 837, 18, 7.74%, 0, 0, 2, 5.62, 16, 120, 2, 371, 105016, 37970, 0, 0.453, 2, 4, 0.505807, 1.000000, 17637, 0, 0, 0, 0, 0, 68, 0
1777106185, 2, 0, 839, 837, 18, 7.74%, 0, 0, 2, 5.50, 16, 120, 2, 371, 105016, 37970, 0, 0.453, 2, 4, 0.506190, 1.000000, 17664, 0, 0, 0, 0, 0, 68, 0
1777106190, 2, 0, 839, 837, 18, 7.74%, 0, 0, 2, 5.70, 16, 120, 2, 371, 105016, 37970, 0, 0.453, 2, 4, 0.506614, 1.000000, 17694, 0, 0, 0, 0, 0, 68, 0
1777106195, 2, 0, 839, 837, 18, 7.74%, 0, 0, 2, 5.28, 16, 120, 2, 371, 105016, 37970, 0, 0.453, 2, 4, 0.506953, 1.000000, 17718, 0, 0, 0, 0, 0, 68, 0
1777106200, 2, 0, 839, 837, 18, 7.74%, 0, 0, 2, 5.34, 16, 120, 2, 371, 105016, 37970, 0, 0.453, 2, 4, 0.507347, 1.000000, 17746, 0, 0, 0, 0, 0, 68, 0
1777106205, 2, 0, 839, 837, 18, 7.74%, 0, 0, 2, 2.94, 16, 120, 2, 371, 105016, 37970, 0, 0.453, 2, 4, 0.507699, 1.000000, 17771, 0, 0, 0, 0, 0, 69, 0
1777106211, 2, 0, 839, 837, 18, 7.74%, 0, 0, 2, 4.55, 16, 120, 2, 371, 105016, 37970, 0, 0.453, 2, 4, 0.508107, 1.000000, 17800, 0, 0, 0, 0, 0, 69, 0
1777106216, 2, 0, 839, 837, 18, 7.74%, 0, 0, 2, 5.60, 16, 120, 2, 371, 105016, 37970, 0, 0.453, 2, 4, 0.508402, 1.000000, 17821, 0, 0, 0, 0, 0, 69, 0
1777106221, 2, 0, 839, 837, 18, 7.74%, 0, 0, 2, 5.75, 16, 120, 2, 371, 105016, 37970, 0, 0.453, 2, 4, 0.508822, 1.000000, 17851, 0, 0, 0, 0, 0, 69, 0
1777106226, 2, 0, 839, 837, 18, 7.74%, 0, 0, 2, 5.35, 16, 120, 2, 371, 105016, 37970, 0, 0.453, 2, 4, 0.509158, 1.000000, 17875, 0, 0, 0, 0, 0, 69, 0
1777106231, 2, 0, 839, 837, 18, 7.74%, 0, 0, 2, 5.29, 16, 120, 2, 371, 105016, 37970, 0, 0.453, 2, 4, 0.509535, 1.000000, 17902, 0, 0, 0, 0, 0, 69, 0
1777106237, 2, 0, 839, 837, 18, 7.74%, 0, 0, 2, 5.16, 16, 120, 2, 371, 105016, 37970, 0, 0.453, 2, 4, 0.509884, 1.000000, 17927, 0, 0, 0, 0, 0, 69, 0
1777106242, 2, 0, 839, 837, 18, 7.74%, 0, 0, 2, 5.28, 16, 120, 2, 371, 105016, 37970, 0, 0.453, 2, 4, 0.510260, 1.000000, 17954, 0, 0, 0, 0, 0, 69, 0
1777106247, 2, 0, 839, 837, 18, 7.74%, 0, 0, 2, 5.13, 16, 120, 2, 371, 105016, 37970, 0, 0.453, 2, 4, 0.510580, 1.000000, 17977, 0, 0, 0, 0, 0, 70, 0
1777106252, 2, 0, 839, 837, 18, 7.74%, 0, 0, 2, 5.37, 16, 120, 2, 371, 105016, 37970, 0, 0.453, 2, 4, 0.510969, 1.000000, 18005, 0, 0, 0, 0, 0, 70, 0
1777106257, 2, 0, 839, 837, 18, 7.74%, 0, 0, 2, 5.46, 16, 120, 2, 371, 105016, 37970, 0, 0.453, 2, 4, 0.511288, 1.000000, 18028, 0, 0, 0, 0, 0, 70, 0
1777106262, 2, 0, 841, 839, 18, 7.75%, 0, 0, 2, 5.56, 16, 120, 2, 371, 105016, 37970, 0, 0.453, 2, 4, 0.511482, 0.631242, 18042, 0, 0, 0, 0, 0, 70, 0
1777106268, 2, 0, 842, 840, 18, 7.75%, 0, 0, 2, 5.40, 16, 120, 2, 371, 105016, 37970, 0, 0.453, 2, 4, 0.511745, 1.000000, 18061, 0, 0, 0, 0, 0, 70, 0
1777106273, 2, 0, 842, 840, 18, 7.75%, 0, 0, 2, 5.77, 16, 120, 2, 371, 105016, 37970, 0, 0.453, 2, 4, 0.512145, 1.000000, 18090, 0, 0, 0, 0, 0, 70, 0
1777106278, 2, 0, 842, 840, 18, 7.75%, 0, 0, 2, 5.39, 16, 120, 2, 371, 105016, 37970, 0, 0.453, 2, 4, 0.512532, 1.000000, 18118, 0, 0, 0, 0, 0, 70, 0
1777106283, 2, 0, 842, 840, 18, 7.75%, 0, 0, 2, 2.29, 16, 120, 2, 371, 105016, 37970, 0, 0.453, 2, 4, 0.512863, 1.000000, 18142, 0, 0, 0, 0, 0, 70, 0
1777106288, 2, 0, 842, 840, 18, 7.75%, 0, 0, 2, 4.40, 16, 120, 2, 371, 105016, 37970, 0, 0.453, 2, 4, 0.513248, 1.000000, 18170, 0, 0, 0, 0, 0, 70, 0
1777106294, 2, 0, 843, 841, 18, 7.75%, 0, 0, 2, 5.04, 16, 120, 2, 371, 105016, 37970, 0, 0.453, 2, 4, 0.513427, 0.587686, 18183, 0, 0, 0, 0, 0, 70, 0
1777106299, 2, 0, 843, 841, 18, 7.75%, 0, 0, 2, 5.51, 16, 120, 2, 371, 105016, 37970, 0, 0.453, 2, 4, 0.513838, 1.000000, 18213, 0, 0, 0, 0, 0, 70, 0
1777106304, 2, 0, 843, 841, 18, 7.75%, 0, 0, 2, 5.14, 16, 120, 2, 371, 105016, 37970, 0, 0.453, 2, 4, 0.514167, 1.000000, 18237, 0, 0, 0, 0, 0, 70, 0
1777106309, 2, 0, 843, 841, 18, 7.75%, 0, 0, 2, 5.19, 16, 120, 2, 371, 105016, 37970, 0, 0.453, 2, 4, 0.514537, 1.000000, 18264, 0, 0, 0, 0, 0, 70, 0
1777106314, 2, 0, 843, 841, 18, 7.75%, 0, 0, 2, 5.26, 16, 120, 2, 371, 105016, 37970, 0, 0.453, 2, 4, 0.514906, 1.000000, 18291, 0, 0, 0, 0, 0, 70, 0
1777106320, 2, 0, 843, 841, 18, 7.75%, 0, 0, 2, 5.56, 16, 120, 2, 371, 105016, 37970, 0, 0.453, 2, 4, 0.515302, 1.000000, 18320, 0, 0, 0, 0, 0, 70, 0
1777106325, 2, 0, 843, 841, 18, 7.75%, 0, 0, 2, 6.84, 16, 120, 2, 371, 105016, 37970, 0, 0.453, 2, 4, 0.515642, 1.000000, 18345, 0, 0, 0, 0, 0, 70, 0
1777106330, 2, 0, 843, 841, 18, 7.75%, 0, 0, 2, 6.06, 16, 120, 2, 371, 105016, 37970, 0, 0.453, 2, 4, 0.516023, 1.000000, 18373, 0, 0, 0, 0, 0, 70, 0
1777106335, 2, 0, 843, 841, 18, 7.75%, 0, 0, 2, 3.30, 16, 120, 2, 371, 105016, 37970, 0, 0.453, 2, 4, 0.516308, 1.000000, 18394, 0, 0, 0, 0, 0, 71, 0
1777106341, 2, 0, 844, 842, 18, 7.75%, 0, 0, 2, 4.72, 16, 120, 2, 371, 105016, 37970, 0, 0.453, 2, 4, 0.516729, 1.000000, 18425, 0, 0, 0, 0, 0, 71, 0
1777106346, 2, 0, 844, 842, 18, 7.75%, 0, 0, 2, 4.93, 16, 120, 2, 371, 105016, 37970, 0, 0.453, 2, 4, 0.516986, 1.000000, 18444, 0, 0, 0, 0, 0, 71, 0
1777106351, 2, 0, 844, 842, 18, 7.75%, 0, 0, 2, 5.19, 16, 120, 2, 371, 105016, 37970, 0, 0.453, 2, 4, 0.517338, 1.000000, 18470, 0, 0, 0, 0, 0, 71, 0
1777106356, 2, 0, 844, 842, 18, 7.75%, 0, 0, 2, 5.76, 16, 120, 2, 371, 105016, 37970, 0, 0.453, 2, 4, 0.517743, 1.000000, 18500, 0, 0, 0, 0, 0, 71, 0
1777106361, 2, 0, 844, 842, 18, 7.75%, 0, 0, 2, 6.49, 16, 120, 2, 371, 105016, 37970, 0, 0.453, 2, 4, 0.518067, 1.000000, 18524, 0, 0, 0, 0, 0, 71, 0
1777106366, 2, 0, 845, 843, 18, 7.75%, 0, 0, 2, 6.02, 16, 120, 2, 371, 105016, 37970, 0, 0.453, 2, 4, 0.518363, 1.000000, 18546, 0, 0, 0, 0, 0, 71, 0
1777106372, 2, 0, 845, 843, 18, 7.75%, 0, 0, 2, 4.80, 16, 120, 2, 371, 105016, 37970, 0, 0.453, 2, 4, 0.518673, 1.000000, 18569, 0, 0, 0, 0, 0, 71, 0
1777106377, 2, 0, 845, 843, 18, 7.75%, 0, 0, 2, 5.07, 16, 120, 2, 371, 105016, 37970, 0, 0.453, 2, 4, 0.519035, 1.000000, 18596, 0, 0, 0, 0, 0, 71, 0
1777106382, 2, 0, 846, 844, 18, 7.75%, 0, 0, 2, 5.40, 16, 120, 2, 371, 105016, 37970, 0, 0.453, 2, 4, 0.519290, 1.000000, 18615, 0, 0, 0, 0, 0, 71, 0
1777106387, 2, 0, 846, 844, 18, 7.75%, 0, 0, 2, 5.34, 16, 120, 2, 371, 105016, 37970, 0, 0.453, 2, 4, 0.519666, 1.000000, 18643, 0, 0, 0, 0, 0, 71, 0
1777106392, 2, 0, 846, 844, 18, 7.75%, 0, 0, 2, 5.19, 16, 120, 2, 371, 105016, 37970, 0, 0.453, 2, 4, 0.520000, 1.000000, 18668, 0, 0, 0, 0, 0, 71, 0
1777106397, 2, 0, 846, 844, 18, 7.75%, 0, 0, 2, 5.40, 16, 120, 2, 371, 105016, 37970, 0, 0.453, 2, 4, 0.520374, 1.000000, 18696, 0, 0, 0, 0, 0, 71, 0
1777106402, 2, 0, 846, 844, 18, 7.75%, 0, 0, 2, 5.73, 16, 120, 2, 371, 105016, 37970, 0, 0.453, 2, 4, 0.520694, 1.000000, 18720, 0, 0, 0, 0, 0, 71, 0
1777106408, 2, 0, 846, 844, 18, 7.75%, 0, 0, 2, 5.70, 16, 120, 2, 371, 105016, 37970, 0, 0.453, 2, 4, 0.521081, 1.000000, 18749, 0, 0, 0, 0, 0, 71, 0
1777106413, 2, 0, 846, 844, 18, 7.75%, 0, 0, 2, 5.47, 16, 120, 2, 371, 105016, 37970, 0, 0.453, 2, 4, 0.521347, 1.000000, 18769, 0, 0, 0, 0, 0, 71, 0
1777106418, 2, 0, 846, 844, 18, 7.75%, 0, 0, 2, 5.64, 16, 120, 2, 371, 105016, 37970, 0, 0.453, 2, 4, 0.521732, 1.000000, 18798, 0, 0, 0, 0, 0, 71, 0
1777106423, 2, 0, 847, 845, 18, 7.76%, 0, 0, 2, 5.64, 16, 120, 2, 371, 105016, 37970, 0, 0.453, 2, 4, 0.521971, 1.000000, 18816, 0, 0, 0, 0, 0, 71, 0
1777106428, 2, 0, 847, 845, 18, 7.76%, 0, 0, 2, 5.35, 16, 120, 2, 371, 105016, 37970, 0, 0.453, 2, 4, 0.522328, 1.000000, 18843, 0, 0, 0, 0, 0, 71, 0
1777106433, 2, 0, 847, 845, 18, 7.76%, 0, 0, 2, 5.48, 16, 120, 2, 371, 105016, 37970, 0, 0.453, 2, 4, 0.522699, 1.000000, 18871, 0, 0, 0, 0, 0, 71, 0
1777106438, 2, 0, 848, 846, 18, 7.76%, 0, 0, 2, 7.74, 16, 120, 2, 371, 105016, 37970, 0, 0.453, 2, 4, 0.522990, 0.713711, 18893, 0, 0, 0, 0, 0, 71, 0
1777106444, 2, 0, 848, 846, 18, 7.76%, 0, 0, 2, 6.34, 16, 120, 2, 371, 105016, 37970, 0, 0.453, 2, 4, 0.523346, 1.000000, 18920, 0, 0, 0, 0, 0, 71, 0
1777106449, 2, 0, 848, 846, 18, 7.76%, 0, 0, 2, 7.08, 16, 120, 2, 371, 105016, 37970, 0, 0.453, 2, 4, 0.523636, 1.000000, 18942, 0, 0, 0, 0, 0, 71, 0
1777106454, 2, 0, 848, 846, 18, 7.76%, 0, 0, 2, 6.20, 16, 120, 2, 371, 105016, 37970, 0, 0.453, 2, 4, 0.524017, 1.000000, 18971, 0, 0, 0, 0, 0, 71, 0
1777106459, 2, 0, 848, 846, 18, 7.76%, 0, 0, 2, 5.64, 16, 120, 2, 371, 105016, 37970, 0, 0.453, 2, 4, 0.524359, 1.000000, 18997, 0, 0, 0, 0, 0, 71, 0
