# unix_time, cycles_done, cur_path, paths_total, pending_total, pending_favs, map_size, unique_crashes, unique_hangs, max_depth, execs_per_sec, n_nodes, n_edges, chat_times, llm_calls, llm_prompt_tok, llm_compl_tok, llm_dedup, hyp_fitness, hyp_success, hyp_failure
1773260193, 0, 0, 93, 93, 21, 11.30%, 0, 0, 2, 1.51, 17, 57, 0, 0, 0, 0, 0, 0.000, 0, 0
1773260198, 0, 0, 94, 94, 21, 11.32%, 0, 0, 2, 2.03, 17, 58, 0, 0, 0, 0, 0, 0.000, 0, 0
1773260203, 0, 0, 95, 95, 21, 11.32%, 0, 0, 2, 2.20, 17, 58, 0, 0, 0, 0, 0, 0.000, 0, 0
1773260208, 0, 0, 97, 97, 21, 11.32%, 0, 0, 2, 2.30, 17, 58, 0, 0, 0, 0, 0, 0.000, 0, 0
1773260224, 0, 0, 98, 98, 21, 11.33%, 0, 0, 2, 2.56, 17, 58, 0, 0, 0, 0, 0, 0.000, 0, 0
1773260230, 0, 0, 99, 99, 21, 11.33%, 0, 0, 2, 2.47, 17, 58, 0, 0, 0, 0, 0, 0.000, 0, 0
1773260235, 0, 0, 100, 100, 21, 11.34%, 0, 0, 2, 2.53, 17, 58, 0, 0, 0, 0, 0, 0.000, 0, 0
1773260240, 0, 0, 101, 101, 21, 11.35%, 0, 0, 2, 2.16, 17, 58, 0, 0, 0, 0, 0, 0.000, 0, 0
1773260271, 0, 0, 103, 103, 21, 11.35%, 0, 0, 2, 2.08, 17, 58, 0, 0, 0, 0, 0, 0.000, 0, 0
1773260277, 0, 0, 104, 104, 21, 11.36%, 0, 0, 2, 2.27, 17, 58, 0, 0, 0, 0, 0, 0.000, 0, 0
1773260282, 0, 0, 105, 105, 21, 11.36%, 0, 0, 2, 2.35, 17, 58, 0, 0, 0, 0, 0, 0.000, 0, 0
1773260287, 0, 0, 106, 106, 21, 11.36%, 0, 0, 2, 2.41, 17, 58, 0, 0, 0, 0, 0, 0.000, 0, 0
1773260293, 0, 0, 108, 108, 21, 11.36%, 0, 0, 2, 2.53, 17, 58, 0, 0, 0, 0, 0, 0.000, 0, 0
1773260298, 0, 0, 109, 109, 21, 11.36%, 0, 0, 2, 2.47, 17, 59, 0, 0, 0, 0, 0, 0.000, 0, 0
1773260303, 0, 0, 110, 110, 21, 11.36%, 0, 0, 2, 2.39, 17, 59, 0, 0, 0, 0, 0, 0.000, 0, 0
1773260308, 0, 0, 112, 112, 21, 11.36%, 0, 0, 2, 2.46, 17, 60, 0, 0, 0, 0, 0, 0.000, 0, 0
1773260314, 0, 0, 113, 113, 21, 11.36%, 0, 0, 2, 2.47, 17, 60, 0, 0, 0, 0, 0, 0.000, 0, 0
1773260319, 0, 0, 114, 114, 21, 11.36%, 0, 0, 2, 2.43, 17, 60, 0, 0, 0, 0, 0, 0.000, 0, 0
1773260324, 0, 0, 115, 115, 21, 11.36%, 0, 0, 2, 2.41, 17, 60, 0, 0, 0, 0, 0, 0.000, 0, 0
1773260334, 0, 0, 116, 116, 21, 11.36%, 0, 0, 2, 2.44, 17, 60, 0, 0, 0, 0, 0, 0.000, 0, 0
1773260339, 0, 0, 117, 117, 21, 11.38%, 0, 0, 2, 2.37, 17, 60, 0, 0, 0, 0, 0, 0.000, 0, 0
1773260355, 0, 0, 118, 118, 21, 11.38%, 0, 0, 2, 2.37, 17, 60, 0, 0, 0, 0, 0, 0.000, 0, 0
1773260365, 0, 0, 119, 119, 21, 11.38%, 0, 0, 2, 2.48, 17, 60, 0, 0, 0, 0, 0, 0.000, 0, 0
1773260370, 0, 0, 120, 120, 21, 11.38%, 0, 0, 2, 2.49, 17, 60, 0, 0, 0, 0, 0, 0.000, 0, 0
1773260375, 0, 0, 121, 121, 21, 11.38%, 0, 0, 2, 2.55, 17, 61, 0, 0, 0, 0, 0, 0.000, 0, 0
1773260380, 0, 0, 122, 122, 21, 11.38%, 0, 0, 2, 2.50, 17, 61, 0, 0, 0, 0, 0, 0.000, 0, 0
1773260391, 0, 0, 124, 124, 21, 11.38%, 0, 0, 2, 2.59, 17, 61, 0, 0, 0, 0, 0, 0.000, 0, 0
1773260396, 0, 0, 125, 125, 21, 11.38%, 0, 0, 2, 2.60, 17, 61, 0, 0, 0, 0, 0, 0.000, 0, 0
1773260401, 0, 0, 126, 126, 21, 11.38%, 0, 0, 2, 2.51, 17, 61, 0, 0, 0, 0, 0, 0.000, 0, 0
1773260412, 0, 0, 127, 127, 21, 11.38%, 0, 0, 2, 2.40, 17, 61, 0, 0, 0, 0, 0, 0.000, 0, 0
1773260417, 0, 0, 128, 128, 21, 11.38%, 0, 0, 2, 2.41, 17, 61, 0, 0, 0, 0, 0, 0.000, 0, 0
1773260423, 0, 0, 129, 129, 21, 11.38%, 0, 0, 2, 2.49, 17, 61, 0, 0, 0, 0, 0, 0.000, 0, 0
1773260438, 0, 0, 130, 130, 21, 11.38%, 0, 0, 2, 2.48, 17, 61, 0, 0, 0, 0, 0, 0.000, 0, 0
1773260464, 0, 0, 131, 131, 21, 11.38%, 0, 0, 2, 2.47, 17, 61, 0, 0, 0, 0, 0, 0.000, 0, 0
1773260475, 0, 0, 132, 132, 21, 11.38%, 0, 0, 2, 2.47, 17, 61, 0, 0, 0, 0, 0, 0.000, 0, 0
1773260480, 0, 0, 133, 133, 21, 11.38%, 0, 0, 2, 2.47, 17, 61, 0, 0, 0, 0, 0, 0.000, 0, 0
1773260495, 0, 0, 134, 134, 21, 11.38%, 0, 0, 2, 2.45, 17, 61, 0, 0, 0, 0, 0, 0.000, 0, 0
1773260506, 0, 0, 135, 135, 21, 11.38%, 0, 0, 2, 2.52, 17, 61, 0, 0, 0, 0, 0, 0.000, 0, 0
1773260511, 0, 0, 136, 136, 21, 11.38%, 0, 0, 2, 2.48, 17, 61, 0, 0, 0, 0, 0, 0.000, 0, 0
1773260516, 0, 0, 137, 137, 21, 11.38%, 0, 0, 2, 2.57, 17, 61, 0, 0, 0, 0, 0, 0.000, 0, 0
1773260532, 0, 0, 138, 138, 21, 11.38%, 0, 0, 2, 2.47, 17, 61, 0, 0, 0, 0, 0, 0.000, 0, 0
1773260548, 0, 0, 139, 139, 21, 11.38%, 0, 0, 2, 2.51, 17, 61, 0, 0, 0, 0, 0, 0.000, 0, 0
1773260553, 0, 0, 140, 140, 21, 11.38%, 0, 0, 2, 2.33, 17, 61, 0, 0, 0, 0, 0, 0.000, 0, 0
1773260569, 0, 0, 141, 141, 21, 11.38%, 0, 0, 2, 2.36, 17, 61, 0, 0, 0, 0, 0, 0.000, 0, 0
1773260589, 0, 0, 142, 142, 21, 11.38%, 0, 0, 2, 2.51, 17, 61, 0, 0, 0, 0, 0, 0.000, 0, 0
1773260594, 0, 0, 143, 143, 21, 11.38%, 0, 0, 2, 2.55, 17, 61, 0, 0, 0, 0, 0, 0.000, 0, 0
1773260610, 0, 0, 144, 144, 21, 11.38%, 0, 0, 2, 2.51, 17, 61, 0, 0, 0, 0, 0, 0.000, 0, 0
1773260615, 0, 0, 145, 145, 21, 11.38%, 0, 0, 2, 2.53, 17, 61, 0, 0, 0, 0, 0, 0.000, 0, 0
1773260651, 0, 0, 146, 146, 21, 11.38%, 0, 0, 2, 2.53, 17, 61, 0, 0, 0, 0, 0, 0.000, 0, 0
1773260657, 0, 0, 147, 147, 21, 11.38%, 0, 0, 2, 2.16, 17, 61, 0, 0, 0, 0, 0, 0.000, 0, 0
1773260667, 0, 0, 148, 148, 21, 11.38%, 0, 0, 2, 2.37, 17, 61, 0, 0, 0, 0, 0, 0.000, 0, 0
1773260683, 0, 0, 149, 149, 21, 11.38%, 0, 0, 2, 2.50, 17, 61, 0, 0, 0, 0, 0, 0.000, 0, 0
1773260694, 0, 0, 151, 151, 21, 11.38%, 0, 0, 2, 2.52, 17, 61, 0, 0, 0, 0, 0, 0.000, 0, 0
1773260715, 0, 0, 152, 152, 21, 11.38%, 0, 0, 2, 2.43, 17, 61, 0, 0, 0, 0, 0, 0.000, 0, 0
1773260741, 0, 0, 153, 153, 21, 11.38%, 0, 0, 2, 2.51, 17, 61, 0, 0, 0, 0, 0, 0.000, 0, 0
1773260757, 0, 0, 154, 154, 21, 11.39%, 0, 0, 2, 2.57, 17, 61, 0, 0, 0, 0, 0, 0.000, 0, 0
1773260772, 0, 0, 155, 155, 21, 11.39%, 0, 0, 2, 2.52, 17, 61, 0, 0, 0, 0, 0, 0.000, 0, 0
1773260798, 0, 0, 156, 156, 21, 11.39%, 0, 0, 2, 2.59, 17, 61, 0, 0, 0, 0, 0, 0.000, 0, 0
1773260803, 0, 0, 157, 157, 21, 11.39%, 0, 0, 2, 2.63, 17, 61, 0, 0, 0, 0, 0, 0.000, 0, 0
1773260809, 0, 0, 158, 158, 21, 11.39%, 0, 0, 2, 2.66, 17, 61, 0, 0, 0, 0, 0, 0.000, 0, 0
1773260814, 0, 0, 160, 160, 21, 11.39%, 0, 0, 2, 2.66, 17, 61, 0, 0, 0, 0, 0, 0.000, 0, 0
1773260825, 0, 0, 161, 161, 21, 11.39%, 0, 0, 2, 2.54, 17, 61, 0, 0, 0, 0, 0, 0.000, 0, 0
1773260830, 0, 0, 162, 162, 21, 11.39%, 0, 0, 2, 2.57, 17, 61, 0, 0, 0, 0, 0, 0.000, 0, 0
1773260835, 0, 0, 163, 163, 21, 11.39%, 0, 0, 2, 2.61, 17, 61, 0, 0, 0, 0, 0, 0.000, 0, 0
1773260841, 0, 0, 164, 164, 21, 11.39%, 0, 0, 2, 2.61, 17, 61, 0, 0, 0, 0, 0, 0.000, 0, 0
1773260846, 0, 0, 165, 165, 21, 11.39%, 0, 0, 2, 2.65, 17, 61, 0, 0, 0, 0, 0, 0.000, 0, 0
1773260856, 0, 0, 167, 167, 21, 11.39%, 0, 0, 2, 2.58, 17, 62, 0, 0, 0, 0, 0, 0.000, 0, 0
1773260862, 0, 0, 168, 168, 21, 11.39%, 0, 0, 2, 2.63, 17, 62, 0, 0, 0, 0, 0, 0.000, 0, 0
1773260867, 0, 0, 169, 169, 21, 11.39%, 0, 0, 2, 2.65, 17, 62, 0, 0, 0, 0, 0, 0.000, 0, 0
1773260872, 0, 0, 170, 170, 21, 11.40%, 0, 0, 2, 2.64, 17, 63, 0, 0, 0, 0, 0, 0.000, 0, 0
1773260898, 0, 0, 172, 172, 21, 11.40%, 0, 0, 2, 2.66, 17, 63, 0, 0, 0, 0, 0, 0.000, 0, 0
1773260914, 0, 0, 173, 173, 21, 11.40%, 0, 0, 2, 2.65, 17, 63, 0, 0, 0, 0, 0, 0.000, 0, 0
1773260919, 0, 0, 174, 174, 21, 11.40%, 0, 0, 2, 2.53, 17, 63, 0, 0, 0, 0, 0, 0.000, 0, 0
1773260925, 0, 0, 175, 175, 21, 11.40%, 0, 0, 2, 2.47, 17, 63, 0, 0, 0, 0, 0, 0.000, 0, 0
1773260935, 0, 0, 176, 176, 21, 11.40%, 0, 0, 2, 2.60, 17, 63, 0, 0, 0, 0, 0, 0.000, 0, 0
1773260940, 0, 0, 177, 177, 21, 11.40%, 0, 0, 2, 2.65, 17, 63, 0, 0, 0, 0, 0, 0.000, 0, 0
1773260951, 0, 0, 178, 178, 21, 11.40%, 0, 0, 2, 2.64, 17, 63, 0, 0, 0, 0, 0, 0.000, 0, 0
1773260961, 0, 0, 179, 179, 21, 11.40%, 0, 0, 2, 2.58, 17, 63, 0, 0, 0, 0, 0, 0.000, 0, 0
1773260982, 0, 0, 180, 180, 21, 11.40%, 0, 0, 2, 2.52, 17, 63, 0, 0, 0, 0, 0, 0.000, 0, 0
1773260998, 0, 0, 181, 181, 21, 11.40%, 0, 0, 2, 2.65, 17, 63, 0, 0, 0, 0, 0, 0.000, 0, 0
1773261029, 0, 0, 182, 182, 21, 11.40%, 0, 0, 2, 2.54, 17, 63, 0, 0, 0, 0, 0, 0.000, 0, 0
1773261034, 0, 0, 183, 183, 21, 11.40%, 0, 0, 2, 2.53, 17, 63, 0, 0, 0, 0, 0, 0.000, 0, 0
1773261039, 0, 0, 184, 184, 21, 11.40%, 0, 0, 2, 2.58, 17, 63, 0, 0, 0, 0, 0, 0.000, 0, 0
1773261050, 0, 0, 185, 185, 21, 11.40%, 0, 0, 2, 2.63, 17, 63, 0, 0, 0, 0, 0, 0.000, 0, 0
1773261055, 0, 0, 186, 186, 21, 11.40%, 0, 0, 2, 2.54, 17, 63, 0, 0, 0, 0, 0, 0.000, 0, 0
1773261061, 0, 0, 187, 187, 21, 11.40%, 0, 0, 2, 2.53, 17, 63, 0, 0, 0, 0, 0, 0.000, 0, 0
1773261091, 0, 0, 188, 188, 21, 11.43%, 0, 0, 2, 2.63, 17, 63, 0, 0, 0, 0, 0, 0.000, 0, 0
1773261123, 0, 0, 189, 189, 21, 11.43%, 0, 0, 2, 2.57, 17, 63, 0, 0, 0, 0, 0, 0.000, 0, 0
1773261128, 0, 0, 190, 190, 21, 11.43%, 0, 0, 2, 2.49, 17, 63, 0, 0, 0, 0, 0, 0.000, 0, 0
1773261144, 0, 0, 191, 191, 21, 11.43%, 0, 0, 2, 2.63, 17, 63, 0, 0, 0, 0, 0, 0.000, 0, 0
1773261149, 0, 0, 192, 192, 21, 11.43%, 0, 0, 2, 2.54, 17, 63, 0, 0, 0, 0, 0, 0.000, 0, 0
1773261154, 0, 0, 193, 193, 21, 11.43%, 0, 0, 2, 2.62, 17, 63, 0, 0, 0, 0, 0, 0.000, 0, 0
1773261165, 0, 0, 194, 194, 21, 11.43%, 0, 0, 2, 2.56, 17, 63, 0, 0, 0, 0, 0, 0.000, 0, 0
1773261170, 0, 0, 195, 195, 21, 11.43%, 0, 0, 2, 2.58, 17, 63, 0, 0, 0, 0, 0, 0.000, 0, 0
1773261185, 0, 0, 196, 196, 21, 11.43%, 0, 0, 2, 2.61, 17, 63, 0, 0, 0, 0, 0, 0.000, 0, 0
1773261211, 0, 0, 197, 197, 21, 11.43%, 0, 0, 2, 2.59, 17, 63, 0, 0, 0, 0, 0, 0.000, 0, 0
1773261216, 0, 0, 198, 198, 21, 11.43%, 0, 0, 2, 2.59, 17, 63, 0, 0, 0, 0, 0, 0.000, 0, 0
1773261242, 0, 0, 199, 199, 21, 11.43%, 0, 0, 2, 2.63, 17, 63, 0, 0, 0, 0, 0, 0.000, 0, 0
1773261252, 0, 0, 200, 200, 21, 11.43%, 0, 0, 2, 2.63, 17, 63, 0, 0, 0, 0, 0, 0.000, 0, 0
1773261258, 0, 0, 201, 201, 21, 11.43%, 0, 0, 2, 2.53, 17, 63, 0, 0, 0, 0, 0, 0.000, 0, 0
1773261263, 0, 0, 202, 202, 21, 11.43%, 0, 0, 2, 2.57, 17, 63, 0, 0, 0, 0, 0, 0.000, 0, 0
1773261268, 0, 0, 203, 203, 21, 11.43%, 0, 0, 2, 2.58, 17, 63, 0, 0, 0, 0, 0, 0.000, 0, 0
1773261283, 0, 0, 204, 204, 21, 11.43%, 0, 0, 2, 2.64, 17, 63, 0, 0, 0, 0, 0, 0.000, 0, 0
1773261289, 0, 0, 205, 205, 21, 11.43%, 0, 0, 2, 2.64, 17, 63, 0, 0, 0, 0, 0, 0.000, 0, 0
1773261299, 0, 0, 206, 206, 21, 11.45%, 0, 0, 2, 2.65, 18, 66, 0, 0, 0, 0, 0, 0.000, 0, 0
1773261315, 0, 0, 207, 207, 21, 11.45%, 0, 0, 2, 2.60, 18, 66, 0, 0, 0, 0, 0, 0.000, 0, 0
1773261325, 0, 0, 208, 208, 21, 11.45%, 0, 0, 2, 2.64, 18, 66, 0, 0, 0, 0, 0, 0.000, 0, 0
1773261330, 0, 0, 209, 209, 21, 11.45%, 0, 0, 2, 2.61, 18, 66, 0, 0, 0, 0, 0, 0.000, 0, 0
1773261366, 0, 0, 210, 210, 21, 11.45%, 0, 0, 2, 2.59, 18, 66, 0, 0, 0, 0, 0, 0.000, 0, 0
1773261397, 0, 0, 211, 211, 21, 11.45%, 0, 0, 2, 2.60, 18, 66, 0, 0, 0, 0, 0, 0.000, 0, 0
1773261402, 0, 0, 212, 212, 21, 11.45%, 0, 0, 2, 2.59, 18, 66, 0, 0, 0, 0, 0, 0.000, 0, 0
1773261407, 0, 0, 213, 213, 21, 11.45%, 0, 0, 2, 2.52, 18, 66, 0, 0, 0, 0, 0, 0.000, 0, 0
1773261412, 0, 0, 214, 214, 21, 11.45%, 0, 0, 2, 2.44, 18, 66, 0, 0, 0, 0, 0, 0.000, 0, 0
1773261449, 0, 0, 215, 215, 21, 11.45%, 0, 0, 2, 2.62, 18, 66, 0, 0, 0, 0, 0, 0.000, 0, 0
1773261491, 0, 0, 216, 216, 21, 11.45%, 0, 0, 2, 2.66, 18, 66, 0, 0, 0, 0, 0, 0.000, 0, 0
1773261501, 0, 0, 217, 217, 21, 11.45%, 0, 0, 2, 2.60, 18, 66, 0, 0, 0, 0, 0, 0.000, 0, 0
1773261516, 0, 0, 218, 218, 21, 11.45%, 0, 0, 2, 2.63, 18, 66, 0, 0, 0, 0, 0, 0.000, 0, 0
1773261528, 0, 0, 219, 219, 21, 11.45%, 0, 0, 2, 0.32, 18, 66, 0, 0, 0, 0, 0, 0.000, 0, 0
1773261549, 0, 0, 220, 220, 21, 11.46%, 0, 0, 2, 2.22, 18, 66, 0, 0, 0, 0, 0, 0.000, 0, 0
1773261554, 0, 0, 221, 221, 21, 11.46%, 0, 0, 2, 2.24, 18, 66, 0, 0, 0, 0, 0, 0.000, 0, 0
1773261559, 0, 0, 222, 222, 21, 11.47%, 0, 0, 2, 2.16, 18, 66, 0, 0, 0, 0, 0, 0.000, 0, 0
1773261585, 0, 0, 223, 223, 21, 11.50%, 0, 0, 2, 2.47, 18, 66, 0, 0, 0, 0, 0, 0.000, 0, 0
1773261606, 0, 0, 224, 224, 21, 11.50%, 0, 0, 2, 2.62, 18, 66, 0, 0, 0, 0, 0, 0.000, 0, 0
1773261658, 0, 0, 225, 225, 21, 11.50%, 0, 0, 2, 2.63, 18, 66, 0, 0, 0, 0, 0, 0.000, 0, 0
1773261669, 0, 0, 226, 226, 21, 11.51%, 0, 0, 2, 2.61, 18, 66, 0, 0, 0, 0, 0, 0.000, 0, 0
1773261730, 0, 0, 227, 227, 21, 11.51%, 0, 0, 2, 2.54, 18, 66, 0, 0, 0, 0, 0, 0.000, 0, 0
1773261735, 0, 0, 228, 228, 21, 11.51%, 0, 0, 2, 2.52, 18, 66, 0, 0, 0, 0, 0, 0.000, 0, 0
1773261762, 0, 0, 229, 229, 21, 11.51%, 0, 0, 2, 2.50, 18, 66, 0, 0, 0, 0, 0, 0.000, 0, 0
1773261777, 0, 27, 230, 229, 1, 11.51%, 0, 0, 2, 2.36, 18, 66, 0, 0, 0, 0, 0, 0.000, 0, 0
1773261798, 0, 27, 231, 230, 1, 11.51%, 0, 0, 2, 2.03, 18, 66, 0, 0, 0, 0, 0, 0.000, 0, 0
1773261813, 0, 27, 232, 231, 1, 11.51%, 0, 0, 2, 1.96, 18, 66, 0, 0, 0, 0, 0, 0.000, 0, 0
1773261845, 0, 27, 233, 232, 1, 11.51%, 0, 0, 2, 2.13, 18, 66, 0, 0, 0, 0, 0, 0.000, 0, 0
1773261866, 0, 27, 234, 233, 1, 11.51%, 0, 0, 2, 2.06, 18, 66, 0, 0, 0, 0, 0, 0.000, 0, 0
1773261903, 0, 27, 235, 234, 1, 11.52%, 0, 0, 2, 2.09, 18, 66, 0, 0, 0, 0, 0, 0.000, 0, 0
1773261950, 0, 27, 236, 235, 1, 11.52%, 0, 0, 2, 2.04, 18, 66, 0, 0, 0, 0, 0, 0.000, 0, 0
1773261992, 0, 27, 237, 236, 1, 11.53%, 0, 0, 2, 1.90, 18, 66, 0, 0, 0, 0, 0, 0.000, 0, 0
1773262024, 0, 27, 238, 237, 1, 11.53%, 0, 0, 2, 2.05, 18, 66, 0, 0, 0, 0, 0, 0.000, 0, 0
1773262071, 0, 27, 239, 238, 1, 11.53%, 0, 0, 2, 1.93, 18, 66, 0, 0, 0, 0, 0, 0.000, 0, 0
1773262118, 0, 27, 240, 239, 1, 11.53%, 0, 0, 2, 1.97, 18, 66, 0, 0, 0, 0, 0, 0.000, 0, 0
1773262123, 0, 27, 241, 240, 1, 11.53%, 0, 0, 2, 1.99, 18, 66, 0, 0, 0, 0, 0, 0.000, 0, 0
1773262165, 0, 27, 242, 241, 1, 11.54%, 0, 0, 2, 2.07, 18, 66, 0, 0, 0, 0, 0, 0.000, 0, 0
1773262191, 0, 27, 243, 242, 1, 11.54%, 0, 0, 2, 2.08, 18, 66, 0, 0, 0, 0, 0, 0.000, 0, 0
1773262218, 0, 27, 244, 243, 1, 11.54%, 0, 0, 2, 2.02, 18, 66, 0, 0, 0, 0, 0, 0.000, 0, 0
1773262249, 0, 27, 245, 244, 1, 11.55%, 0, 0, 2, 2.05, 18, 66, 0, 0, 0, 0, 0, 0.000, 0, 0
1773262291, 0, 27, 246, 245, 1, 11.56%, 0, 0, 2, 2.08, 18, 66, 0, 0, 0, 0, 0, 0.000, 0, 0
1773262311, 0, 27, 247, 246, 1, 11.56%, 0, 0, 2, 2.11, 18, 66, 0, 0, 0, 0, 0, 0.000, 0, 0
1773262375, 0, 27, 248, 247, 1, 11.56%, 0, 0, 2, 2.17, 18, 66, 0, 0, 0, 0, 0, 0.000, 0, 0
1773262437, 0, 27, 249, 248, 1, 11.56%, 0, 0, 2, 2.09, 18, 66, 0, 0, 0, 0, 0, 0.000, 0, 0
1773262479, 0, 27, 250, 249, 1, 11.57%, 0, 0, 2, 2.08, 18, 66, 0, 0, 0, 0, 0, 0.000, 0, 0
1773262511, 0, 27, 251, 250, 1, 11.57%, 0, 0, 2, 1.99, 18, 66, 0, 0, 0, 0, 0, 0.000, 0, 0
1773262531, 0, 27, 252, 251, 1, 11.57%, 0, 0, 2, 1.92, 18, 66, 0, 0, 0, 0, 0, 0.000, 0, 0
1773262569, 0, 27, 253, 252, 1, 11.57%, 0, 0, 2, 2.01, 18, 66, 0, 0, 0, 0, 0, 0.000, 0, 0
1773262574, 0, 27, 254, 253, 1, 11.57%, 0, 0, 2, 1.97, 18, 66, 0, 0, 0, 0, 0, 0.000, 0, 0
1773262600, 0, 27, 255, 254, 1, 11.57%, 0, 0, 2, 1.74, 18, 66, 0, 0, 0, 0, 0, 0.000, 0, 0
1773262626, 0, 27, 256, 255, 1, 11.57%, 0, 0, 2, 1.99, 18, 66, 0, 0, 0, 0, 0, 0.000, 0, 0
1773262631, 0, 27, 257, 256, 1, 11.57%, 0, 0, 2, 1.84, 18, 66, 0, 0, 0, 0, 0, 0.000, 0, 0
1773262637, 0, 27, 258, 257, 1, 11.57%, 0, 0, 2, 1.81, 18, 66, 0, 0, 0, 0, 0, 0.000, 0, 0
1773262673, 0, 27, 259, 258, 1, 11.58%, 0, 0, 2, 1.87, 18, 66, 0, 0, 0, 0, 0, 0.000, 0, 0
1773262695, 0, 27, 260, 259, 1, 11.58%, 0, 0, 2, 1.95, 18, 66, 0, 0, 0, 0, 0, 0.000, 0, 0
1773262711, 0, 27, 261, 260, 1, 11.58%, 0, 0, 2, 2.01, 18, 66, 0, 0, 0, 0, 0, 0.000, 0, 0
1773262742, 0, 27, 262, 261, 1, 11.58%, 0, 0, 2, 1.93, 18, 66, 0, 0, 0, 0, 0, 0.000, 0, 0
1773262753, 0, 27, 263, 262, 1, 11.58%, 0, 0, 2, 2.06, 18, 66, 0, 0, 0, 0, 0, 0.000, 0, 0
1773262769, 0, 27, 264, 263, 1, 11.58%, 0, 0, 2, 2.06, 18, 66, 0, 0, 0, 0, 0, 0.000, 0, 0
1773262774, 0, 27, 265, 264, 1, 11.58%, 0, 0, 2, 1.93, 18, 66, 0, 0, 0, 0, 0, 0.000, 0, 0
1773262790, 0, 27, 266, 265, 1, 11.58%, 0, 0, 2, 1.80, 18, 66, 0, 0, 0, 0, 0, 0.000, 0, 0
1773262817, 0, 27, 267, 266, 1, 11.58%, 0, 0, 2, 1.79, 18, 66, 0, 0, 0, 0, 0, 0.000, 0, 0
1773262822, 0, 27, 268, 267, 1, 11.58%, 0, 0, 2, 1.86, 18, 66, 0, 0, 0, 0, 0, 0.000, 0, 0
1773262833, 0, 27, 269, 268, 1, 11.58%, 0, 0, 2, 1.86, 18, 66, 0, 0, 0, 0, 0, 0.000, 0, 0
1773262843, 0, 27, 270, 269, 1, 11.58%, 0, 0, 2, 2.13, 18, 66, 0, 0, 0, 0, 0, 0.000, 0, 0
1773262896, 0, 27, 271, 270, 1, 11.58%, 0, 0, 2, 1.93, 18, 66, 0, 0, 0, 0, 0, 0.000, 0, 0
1773262906, 0, 27, 272, 271, 1, 11.58%, 0, 0, 2, 1.93, 18, 66, 0, 0, 0, 0, 0, 0.000, 0, 0
1773262953, 0, 27, 273, 272, 1, 11.58%, 0, 0, 2, 1.94, 18, 66, 0, 0, 0, 0, 0, 0.000, 0, 0
1773262986, 0, 27, 274, 273, 1, 11.58%, 0, 0, 2, 1.92, 18, 66, 0, 0, 0, 0, 0, 0.000, 0, 0
1773263022, 0, 27, 275, 274, 1, 11.58%, 0, 0, 2, 2.00, 18, 66, 0, 0, 0, 0, 0, 0.000, 0, 0
1773263097, 0, 27, 276, 275, 1, 11.58%, 0, 0, 2, 1.97, 18, 66, 0, 0, 0, 0, 0, 0.000, 0, 0
1773263113, 0, 27, 277, 276, 1, 11.58%, 0, 0, 2, 1.98, 18, 66, 0, 0, 0, 0, 0, 0.000, 0, 0
1773263118, 0, 27, 278, 277, 1, 11.58%, 0, 0, 2, 1.99, 18, 66, 0, 0, 0, 0, 0, 0.000, 0, 0
1773263128, 0, 27, 279, 278, 1, 11.58%, 0, 0, 2, 2.01, 18, 66, 0, 0, 0, 0, 0, 0.000, 0, 0
1773263144, 0, 27, 280, 279, 1, 11.58%, 0, 0, 2, 2.11, 18, 66, 0, 0, 0, 0, 0, 0.000, 0, 0
1773263165, 0, 27, 281, 280, 1, 11.58%, 0, 0, 2, 1.90, 18, 66, 0, 0, 0, 0, 0, 0.000, 0, 0
1773263217, 0, 27, 282, 281, 1, 11.58%, 0, 0, 2, 2.02, 18, 66, 0, 0, 0, 0, 0, 0.000, 0, 0
1773263238, 0, 27, 283, 282, 1, 11.58%, 0, 0, 2, 2.06, 18, 66, 0, 0, 0, 0, 0, 0.000, 0, 0
1773263296, 0, 27, 284, 283, 1, 11.58%, 0, 0, 2, 2.03, 18, 66, 0, 0, 0, 0, 0, 0.000, 0, 0
1773263316, 0, 27, 285, 284, 1, 11.58%, 0, 0, 2, 1.90, 18, 66, 0, 0, 0, 0, 0, 0.000, 0, 0
1773263400, 0, 27, 286, 285, 1, 11.58%, 0, 0, 2, 2.03, 18, 66, 0, 0, 0, 0, 0, 0.000, 0, 0
1773263431, 0, 27, 287, 286, 1, 11.58%, 0, 0, 2, 1.92, 18, 66, 0, 0, 0, 0, 0, 0.000, 0, 0
1773263508, 1, 0, 287, 285, 16, 11.58%, 0, 0, 2, 0.05, 18, 66, 1, 0, 0, 0, 0, 0.500, 0, 0
1773263513, 1, 0, 289, 287, 16, 11.60%, 0, 0, 2, 2.55, 18, 66, 1, 0, 0, 0, 0, 0.500, 0, 0
1773263518, 1, 0, 290, 288, 16, 11.60%, 0, 0, 2, 2.26, 18, 66, 1, 0, 0, 0, 0, 0.500, 0, 0
1773263523, 1, 0, 291, 289, 16, 11.62%, 0, 0, 2, 2.08, 18, 66, 1, 0, 0, 0, 0, 0.500, 0, 0
1773263529, 1, 0, 292, 290, 16, 11.62%, 0, 0, 2, 2.33, 18, 66, 1, 0, 0, 0, 0, 0.500, 0, 0
1773263534, 1, 0, 293, 291, 16, 11.62%, 0, 0, 2, 2.49, 18, 66, 1, 0, 0, 0, 0, 0.500, 0, 0
1773263539, 1, 0, 295, 293, 16, 11.63%, 0, 0, 2, 2.57, 18, 66, 1, 0, 0, 0, 0, 0.500, 0, 0
1773263545, 1, 0, 296, 294, 16, 11.64%, 0, 0, 2, 2.61, 18, 66, 1, 0, 0, 0, 0, 0.500, 0, 0
1773263550, 1, 0, 297, 295, 16, 11.64%, 0, 0, 2, 2.63, 18, 66, 1, 0, 0, 0, 0, 0.500, 0, 0
1773263555, 1, 0, 298, 296, 16, 11.65%, 0, 0, 2, 2.63, 18, 66, 1, 0, 0, 0, 0, 0.500, 0, 0
1773263561, 1, 0, 299, 297, 16, 11.65%, 0, 0, 2, 2.61, 18, 66, 1, 0, 0, 0, 0, 0.500, 0, 0
1773263566, 1, 0, 300, 298, 16, 11.65%, 0, 0, 2, 2.55, 18, 66, 1, 0, 0, 0, 0, 0.500, 0, 0
1773263581, 1, 0, 301, 299, 16, 11.65%, 0, 0, 2, 2.47, 18, 66, 1, 0, 0, 0, 0, 0.439, 0, 1
1773263597, 1, 0, 302, 300, 16, 11.65%, 0, 0, 2, 2.58, 18, 66, 1, 0, 0, 0, 0, 0.439, 0, 1
1773263602, 1, 0, 303, 301, 16, 11.66%, 0, 0, 2, 2.62, 18, 66, 1, 0, 0, 0, 0, 0.439, 0, 1
1773263608, 1, 0, 304, 302, 16, 11.66%, 0, 0, 2, 2.63, 18, 66, 1, 0, 0, 0, 0, 0.439, 0, 1
1773263613, 1, 0, 305, 303, 16, 11.66%, 0, 0, 2, 2.62, 18, 66, 1, 0, 0, 0, 0, 0.439, 0, 1
1773263618, 1, 0, 306, 304, 16, 11.66%, 0, 0, 2, 2.62, 18, 66, 1, 0, 0, 0, 0, 0.439, 0, 1
1773263623, 1, 0, 308, 306, 16, 11.66%, 0, 0, 2, 2.59, 18, 66, 1, 0, 0, 0, 0, 0.439, 0, 1
1773263634, 1, 0, 309, 307, 16, 11.66%, 0, 0, 2, 2.55, 18, 66, 1, 0, 0, 0, 0, 0.439, 0, 1
1773263639, 1, 0, 310, 308, 16, 11.66%, 0, 0, 2, 2.54, 18, 66, 1, 0, 0, 0, 0, 0.439, 0, 1
1773263644, 1, 0, 311, 309, 16, 11.66%, 0, 0, 2, 2.54, 18, 66, 1, 0, 0, 0, 0, 0.439, 0, 1
1773263649, 1, 0, 313, 311, 16, 11.66%, 0, 0, 2, 2.52, 18, 66, 1, 0, 0, 0, 0, 0.439, 0, 1
1773263654, 1, 0, 314, 312, 16, 11.66%, 0, 0, 2, 2.53, 18, 66, 1, 0, 0, 0, 0, 0.439, 0, 1
1773263665, 1, 0, 315, 313, 16, 11.66%, 0, 0, 2, 2.61, 18, 66, 1, 0, 0, 0, 0, 0.439, 0, 1
1773263670, 1, 0, 316, 314, 16, 11.68%, 0, 0, 2, 2.62, 18, 66, 1, 0, 0, 0, 0, 0.439, 0, 1
1773263675, 1, 0, 317, 315, 16, 11.68%, 0, 0, 2, 2.62, 18, 66, 1, 0, 0, 0, 0, 0.439, 0, 1
1773263681, 1, 0, 318, 316, 16, 11.69%, 0, 0, 2, 2.62, 18, 66, 1, 0, 0, 0, 0, 0.439, 0, 1
1773263691, 1, 0, 319, 317, 16, 11.69%, 0, 0, 2, 2.56, 18, 66, 1, 0, 0, 0, 0, 0.439, 0, 1
1773263707, 1, 0, 320, 318, 16, 11.69%, 0, 0, 2, 2.47, 18, 66, 1, 0, 0, 0, 0, 0.439, 0, 1
1773263728, 1, 0, 321, 319, 16, 11.70%, 0, 0, 2, 2.61, 18, 66, 1, 0, 0, 0, 0, 0.439, 0, 1
1773263733, 1, 0, 322, 320, 16, 11.70%, 0, 0, 2, 2.62, 18, 66, 1, 0, 0, 0, 0, 0.439, 0, 1
1773263738, 1, 0, 323, 321, 16, 11.71%, 0, 0, 2, 2.63, 18, 66, 1, 0, 0, 0, 0, 0.439, 0, 1
1773263759, 1, 0, 324, 322, 16, 11.71%, 0, 0, 2, 2.54, 18, 66, 1, 0, 0, 0, 0, 0.439, 0, 1
1773263780, 1, 0, 325, 323, 16, 11.71%, 0, 0, 2, 2.56, 18, 66, 1, 0, 0, 0, 0, 0.439, 0, 2
1773263806, 1, 0, 326, 324, 16, 11.72%, 0, 0, 2, 2.63, 18, 66, 1, 0, 0, 0, 0, 0.439, 0, 2
1773263837, 1, 0, 327, 325, 16, 11.72%, 0, 0, 2, 2.55, 18, 66, 1, 0, 0, 0, 0, 0.439, 0, 2
1773263842, 1, 0, 328, 326, 16, 11.72%, 0, 0, 2, 2.59, 18, 66, 1, 0, 0, 0, 0, 0.439, 0, 2
1773263853, 1, 0, 329, 327, 16, 11.72%, 0, 0, 2, 2.63, 18, 66, 1, 0, 0, 0, 0, 0.439, 0, 2
1773263884, 1, 0, 330, 328, 16, 11.72%, 0, 0, 2, 2.49, 18, 66, 1, 0, 0, 0, 0, 0.439, 0, 2
1773263889, 1, 0, 331, 329, 16, 11.72%, 0, 0, 2, 2.52, 18, 66, 1, 0, 0, 0, 0, 0.439, 0, 2
1773263899, 1, 0, 332, 330, 16, 11.72%, 0, 0, 2, 2.56, 18, 66, 1, 0, 0, 0, 0, 0.439, 0, 2
1773263915, 1, 0, 333, 331, 16, 11.72%, 0, 0, 2, 2.64, 18, 66, 1, 0, 0, 0, 0, 0.439, 0, 2
1773263921, 1, 0, 334, 332, 16, 11.72%, 0, 0, 2, 2.64, 18, 66, 1, 0, 0, 0, 0, 0.439, 0, 2
1773263936, 1, 0, 335, 333, 16, 11.72%, 0, 0, 2, 2.59, 18, 66, 1, 0, 0, 0, 0, 0.439, 0, 2
1773263941, 1, 0, 336, 334, 16, 11.72%, 0, 0, 2, 2.56, 18, 66, 1, 0, 0, 0, 0, 0.439, 0, 2
1773263947, 1, 0, 337, 335, 16, 11.72%, 0, 0, 2, 2.53, 18, 66, 1, 0, 0, 0, 0, 0.439, 0, 2
1773263967, 1, 0, 338, 336, 16, 11.72%, 0, 0, 2, 2.62, 18, 66, 1, 0, 0, 0, 0, 0.639, 3, 3
1773263972, 1, 0, 339, 337, 16, 11.72%, 0, 0, 2, 2.64, 18, 66, 1, 0, 0, 0, 0, 0.639, 3, 3
1773263978, 1, 0, 340, 338, 16, 11.72%, 0, 0, 2, 2.65, 18, 66, 1, 0, 0, 0, 0, 0.639, 3, 3
1773263983, 1, 0, 341, 339, 16, 11.72%, 0, 0, 2, 2.65, 18, 66, 1, 0, 0, 0, 0, 0.639, 3, 3
1773263988, 1, 0, 342, 340, 16, 11.72%, 0, 0, 2, 2.64, 18, 66, 1, 0, 0, 0, 0, 0.639, 3, 3
1773263998, 1, 0, 343, 341, 16, 11.72%, 0, 0, 2, 2.57, 18, 66, 1, 0, 0, 0, 0, 0.639, 3, 3
1773264014, 1, 0, 344, 342, 16, 11.72%, 0, 0, 2, 2.55, 18, 67, 1, 0, 0, 0, 0, 0.639, 3, 3
1773264019, 1, 0, 345, 343, 16, 11.72%, 0, 0, 2, 2.55, 18, 67, 1, 0, 0, 0, 0, 0.639, 3, 3
1773264024, 1, 0, 346, 344, 16, 11.72%, 0, 0, 2, 2.61, 18, 67, 1, 0, 0, 0, 0, 0.639, 3, 3
1773264040, 1, 0, 347, 345, 16, 11.73%, 0, 0, 2, 2.64, 18, 67, 1, 0, 0, 0, 0, 0.639, 3, 3
1773264066, 1, 0, 348, 346, 16, 11.73%, 0, 0, 2, 2.52, 18, 67, 1, 0, 0, 0, 0, 0.639, 3, 3
1773264076, 1, 0, 349, 347, 16, 11.73%, 0, 0, 2, 2.56, 18, 67, 1, 0, 0, 0, 0, 0.639, 3, 3
1773264082, 1, 0, 350, 348, 16, 11.73%, 0, 0, 2, 2.59, 18, 67, 1, 0, 0, 0, 0, 0.639, 3, 3
1773264118, 1, 0, 351, 349, 16, 11.73%, 0, 0, 2, 2.44, 18, 67, 1, 0, 0, 0, 0, 0.639, 3, 3
1773264129, 1, 0, 352, 350, 16, 11.73%, 0, 0, 2, 2.51, 18, 67, 1, 0, 0, 0, 0, 0.639, 3, 3
1773264134, 1, 0, 353, 351, 16, 11.73%, 0, 0, 2, 2.53, 18, 67, 1, 0, 0, 0, 0, 0.639, 3, 3
1773264149, 1, 0, 354, 352, 16, 11.73%, 0, 0, 2, 2.59, 18, 67, 1, 0, 0, 0, 0, 0.639, 3, 3
1773264180, 1, 0, 355, 353, 16, 11.74%, 0, 0, 2, 2.55, 18, 67, 1, 0, 0, 0, 0, 0.639, 5, 4
1773264191, 1, 0, 356, 354, 16, 11.74%, 0, 0, 2, 2.55, 18, 67, 1, 0, 0, 0, 0, 0.639, 5, 4
1773264196, 1, 0, 357, 355, 16, 11.74%, 0, 0, 2, 2.55, 18, 67, 1, 0, 0, 0, 0, 0.639, 5, 4
1773264222, 1, 0, 358, 356, 16, 11.74%, 0, 0, 2, 2.62, 18, 67, 1, 0, 0, 0, 0, 0.639, 5, 4
1773264227, 1, 0, 359, 357, 16, 11.74%, 0, 0, 2, 2.63, 18, 67, 1, 0, 0, 0, 0, 0.639, 5, 4
1773264248, 1, 0, 360, 358, 16, 11.74%, 0, 0, 2, 2.49, 18, 67, 1, 0, 0, 0, 0, 0.639, 5, 4
1773264259, 1, 0, 361, 359, 16, 11.75%, 0, 0, 2, 2.35, 18, 67, 1, 0, 0, 0, 0, 0.639, 5, 4
1773264279, 1, 0, 362, 360, 16, 11.75%, 0, 0, 2, 2.51, 18, 67, 1, 0, 0, 0, 0, 0.639, 5, 4
1773264290, 1, 0, 363, 361, 16, 11.75%, 0, 0, 2, 2.61, 18, 67, 1, 0, 0, 0, 0, 0.639, 5, 4
1773264300, 1, 0, 364, 362, 16, 11.76%, 0, 0, 2, 2.55, 18, 67, 1, 0, 0, 0, 0, 0.639, 5, 4
1773264311, 1, 0, 365, 363, 16, 11.76%, 0, 0, 2, 2.51, 18, 67, 1, 0, 0, 0, 0, 0.639, 5, 4
1773264316, 1, 0, 366, 364, 16, 11.76%, 0, 0, 2, 2.53, 18, 68, 1, 0, 0, 0, 0, 0.639, 5, 4
1773264342, 1, 0, 367, 365, 16, 11.76%, 0, 0, 2, 2.49, 18, 68, 1, 0, 0, 0, 0, 0.639, 5, 4
1773264347, 1, 0, 368, 366, 16, 11.76%, 0, 0, 2, 2.56, 18, 68, 1, 0, 0, 0, 0, 0.639, 5, 4
1773264352, 1, 0, 369, 367, 16, 11.76%, 0, 0, 2, 2.57, 18, 68, 1, 0, 0, 0, 0, 0.639, 5, 4
1773264367, 1, 0, 370, 368, 16, 11.76%, 0, 0, 2, 2.46, 18, 68, 1, 0, 0, 0, 0, 0.681, 6, 7
1773264372, 1, 0, 371, 369, 16, 11.76%, 0, 0, 2, 2.38, 18, 69, 1, 0, 0, 0, 0, 0.681, 6, 7
1773264378, 1, 0, 372, 370, 16, 11.76%, 0, 0, 2, 2.43, 18, 69, 1, 0, 0, 0, 0, 0.681, 6, 7
1773264393, 1, 0, 373, 371, 16, 11.78%, 0, 0, 2, 2.56, 18, 69, 1, 0, 0, 0, 0, 0.681, 6, 7
1773264399, 1, 0, 374, 372, 16, 11.78%, 0, 0, 2, 2.61, 18, 69, 1, 0, 0, 0, 0, 0.681, 6, 7
1773264414, 1, 0, 375, 373, 16, 11.78%, 0, 0, 2, 2.60, 18, 69, 1, 0, 0, 0, 0, 0.681, 6, 7
1773264419, 1, 0, 376, 374, 16, 11.78%, 0, 0, 2, 2.56, 18, 69, 1, 0, 0, 0, 0, 0.681, 6, 7
1773264425, 1, 0, 377, 375, 16, 11.78%, 0, 0, 2, 2.50, 18, 69, 1, 0, 0, 0, 0, 0.681, 6, 7
1773264467, 1, 0, 378, 376, 16, 11.78%, 0, 0, 2, 2.33, 18, 70, 1, 0, 0, 0, 0, 0.681, 6, 7
1773264482, 1, 0, 379, 377, 16, 11.78%, 0, 0, 2, 2.42, 18, 70, 1, 0, 0, 0, 0, 0.681, 6, 7
1773264519, 1, 0, 380, 378, 16, 11.78%, 0, 0, 2, 2.58, 18, 70, 1, 0, 0, 0, 0, 0.681, 6, 7
1773264524, 1, 0, 381, 379, 16, 11.79%, 0, 0, 2, 2.62, 18, 70, 1, 0, 0, 0, 0, 0.681, 6, 7
1773264562, 1, 0, 382, 380, 16, 11.85%, 0, 0, 2, 2.08, 18, 70, 1, 0, 0, 0, 0, 0.681, 6, 7
1773264583, 1, 0, 383, 381, 16, 11.85%, 0, 0, 2, 2.43, 18, 70, 1, 0, 0, 0, 0, 0.681, 6, 7
1773264588, 1, 0, 384, 382, 16, 11.85%, 0, 0, 2, 2.50, 18, 70, 1, 0, 0, 0, 0, 0.681, 6, 7
1773264598, 1, 0, 385, 383, 16, 11.86%, 0, 0, 2, 2.19, 18, 71, 1, 0, 0, 0, 0, 0.681, 6, 7
1773264624, 1, 0, 386, 384, 16, 11.86%, 0, 0, 2, 2.25, 18, 72, 1, 0, 0, 0, 0, 0.681, 6, 7
1773264634, 1, 0, 387, 385, 16, 11.86%, 0, 0, 2, 2.33, 18, 72, 1, 0, 0, 0, 0, 0.681, 6, 7
1773264649, 1, 0, 388, 386, 16, 11.86%, 0, 0, 2, 2.41, 18, 72, 1, 0, 0, 0, 0, 0.681, 6, 7
1773264681, 1, 0, 389, 387, 16, 11.86%, 0, 0, 2, 2.03, 18, 72, 1, 0, 0, 0, 0, 0.681, 6, 7
1773264707, 1, 0, 390, 388, 16, 11.86%, 0, 0, 2, 2.34, 18, 72, 1, 0, 0, 0, 0, 0.681, 6, 7
1773264728, 1, 0, 391, 389, 16, 11.86%, 0, 0, 2, 2.44, 18, 72, 1, 0, 0, 0, 0, 0.681, 6, 7
1773264733, 1, 0, 392, 390, 16, 11.86%, 0, 0, 2, 2.36, 18, 72, 1, 0, 0, 0, 0, 0.681, 6, 7
1773264738, 1, 0, 393, 391, 16, 11.86%, 0, 0, 2, 2.36, 18, 72, 1, 0, 0, 0, 0, 0.681, 6, 7
1773264749, 1, 0, 394, 392, 16, 11.86%, 0, 0, 2, 2.25, 18, 72, 1, 0, 0, 0, 0, 0.681, 6, 7
1773264790, 1, 0, 395, 393, 16, 11.86%, 0, 0, 2, 2.38, 18, 72, 1, 0, 0, 0, 0, 0.581, 6, 10
1773264832, 1, 0, 396, 394, 16, 11.86%, 0, 0, 2, 2.56, 18, 72, 1, 0, 0, 0, 0, 0.581, 6, 10
1773264848, 1, 0, 397, 395, 16, 11.87%, 0, 0, 2, 2.25, 18, 72, 1, 0, 0, 0, 0, 0.581, 6, 10
1773264853, 1, 0, 398, 396, 16, 11.87%, 0, 0, 2, 2.29, 18, 72, 1, 0, 0, 0, 0, 0.581, 6, 10
1773264895, 1, 0, 399, 397, 16, 11.87%, 0, 0, 2, 2.15, 18, 72, 1, 0, 0, 0, 0, 0.581, 6, 10
1773264911, 1, 0, 400, 398, 16, 11.87%, 0, 0, 2, 1.94, 18, 72, 1, 0, 0, 0, 0, 0.581, 6, 10
1773264932, 1, 0, 401, 399, 16, 11.87%, 0, 0, 2, 2.13, 18, 73, 1, 0, 0, 0, 0, 0.581, 6, 10
1773264953, 1, 0, 402, 400, 16, 11.87%, 0, 0, 2, 2.51, 18, 74, 1, 0, 0, 0, 0, 0.581, 6, 10
1773264958, 1, 0, 403, 401, 16, 11.88%, 0, 0, 2, 2.21, 18, 74, 1, 0, 0, 0, 0, 0.581, 6, 10
1773264979, 1, 0, 404, 402, 16, 11.88%, 0, 0, 2, 2.33, 18, 74, 1, 0, 0, 0, 0, 0.581, 6, 10
1773265020, 1, 0, 405, 403, 16, 11.88%, 0, 0, 2, 2.33, 18, 74, 1, 0, 0, 0, 0, 0.578, 6, 12
1773265047, 1, 0, 406, 404, 16, 11.88%, 0, 0, 2, 2.39, 18, 74, 1, 0, 0, 0, 0, 0.578, 6, 12
1773265063, 1, 0, 407, 405, 16, 11.89%, 0, 0, 2, 2.39, 18, 74, 1, 0, 0, 0, 0, 0.578, 6, 12
1773265094, 1, 0, 408, 406, 16, 11.89%, 0, 0, 2, 2.43, 18, 74, 1, 0, 0, 0, 0, 0.578, 6, 12
1773265115, 1, 0, 409, 407, 16, 11.89%, 0, 0, 2, 2.52, 18, 74, 1, 0, 0, 0, 0, 0.578, 6, 12
1773265126, 1, 0, 410, 408, 16, 11.89%, 0, 0, 2, 2.48, 18, 74, 1, 0, 0, 0, 0, 0.578, 6, 12
1773265136, 1, 0, 411, 409, 16, 11.89%, 0, 0, 2, 2.25, 18, 75, 1, 0, 0, 0, 0, 0.578, 6, 12
1773265168, 1, 0, 412, 410, 16, 11.90%, 0, 0, 2, 2.39, 18, 75, 1, 0, 0, 0, 0, 0.578, 6, 12
1773265199, 1, 0, 413, 411, 16, 11.90%, 0, 0, 2, 2.18, 18, 75, 1, 0, 0, 0, 0, 0.578, 6, 12
1773265221, 1, 0, 414, 412, 16, 11.91%, 0, 0, 2, 1.97, 18, 75, 1, 0, 0, 0, 0, 0.578, 6, 12
1773265258, 1, 0, 415, 413, 16, 11.91%, 0, 0, 2, 1.35, 18, 75, 1, 0, 0, 0, 0, 0.578, 6, 12
1773265269, 1, 0, 417, 415, 16, 11.91%, 0, 0, 2, 1.82, 18, 75, 1, 0, 0, 0, 0, 0.578, 6, 12
1773265296, 1, 0, 418, 416, 16, 11.92%, 0, 0, 2, 1.39, 18, 75, 1, 0, 0, 0, 0, 0.578, 6, 12
1773265317, 1, 0, 419, 417, 16, 11.92%, 0, 0, 2, 1.32, 18, 75, 1, 0, 0, 0, 0, 0.578, 6, 12
1773265344, 1, 0, 420, 418, 16, 11.92%, 0, 0, 2, 1.31, 18, 75, 1, 0, 0, 0, 0, 0.578, 6, 12
1773265409, 1, 0, 421, 419, 16, 11.92%, 0, 0, 2, 1.37, 18, 75, 1, 0, 0, 0, 0, 0.578, 6, 12
1773265425, 1, 0, 422, 420, 16, 11.92%, 0, 0, 2, 1.50, 18, 75, 1, 0, 0, 0, 0, 0.578, 6, 12
1773265468, 1, 0, 423, 421, 16, 11.92%, 0, 0, 2, 1.38, 18, 75, 1, 0, 0, 0, 0, 0.578, 6, 12
1773265520, 1, 0, 424, 422, 16, 11.92%, 0, 0, 2, 1.29, 18, 75, 1, 0, 0, 0, 0, 0.578, 6, 12
1773265531, 1, 0, 425, 423, 16, 11.92%, 0, 0, 2, 1.35, 18, 75, 1, 0, 0, 0, 0, 0.578, 6, 12
1773265541, 1, 0, 426, 424, 16, 11.93%, 0, 0, 2, 1.44, 18, 75, 1, 0, 0, 0, 0, 0.578, 6, 12
1773265557, 1, 0, 427, 425, 16, 11.94%, 0, 0, 2, 1.46, 18, 75, 1, 0, 0, 0, 0, 0.578, 6, 12
1773265569, 1, 0, 428, 426, 16, 11.94%, 0, 0, 2, 1.31, 18, 75, 1, 0, 0, 0, 0, 0.578, 6, 12
1773265585, 1, 0, 429, 427, 16, 11.95%, 0, 0, 2, 1.18, 18, 75, 1, 0, 0, 0, 0, 0.578, 6, 12
1773265632, 1, 0, 430, 428, 16, 11.95%, 0, 0, 2, 1.62, 18, 75, 1, 0, 0, 0, 0, 0.578, 6, 12
1773265648, 1, 0, 431, 429, 16, 11.95%, 0, 0, 2, 1.43, 18, 75, 1, 0, 0, 0, 0, 0.578, 6, 12
1773265680, 1, 0, 432, 430, 16, 11.96%, 0, 0, 2, 1.46, 18, 75, 1, 0, 0, 0, 0, 0.590, 7, 15
1773265697, 1, 0, 433, 431, 16, 11.97%, 0, 0, 2, 1.35, 18, 75, 1, 0, 0, 0, 0, 0.590, 7, 15
1773265708, 1, 0, 434, 432, 16, 11.97%, 0, 0, 2, 1.37, 18, 75, 1, 0, 0, 0, 0, 0.590, 7, 15
1773265735, 1, 0, 435, 433, 16, 11.97%, 0, 0, 2, 1.77, 18, 76, 1, 0, 0, 0, 0, 0.590, 7, 15
1773265804, 1, 0, 435, 433, 10, 11.97%, 0, 0, 2, 1.39, 18, 76, 1, 0, 0, 0, 0, 0.590, 7, 15
1773265820, 1, 0, 436, 434, 10, 11.97%, 0, 0, 2, 1.81, 18, 76, 1, 0, 0, 0, 0, 0.590, 7, 15
1773265827, 1, 0, 437, 435, 10, 11.97%, 0, 0, 2, 1.74, 18, 76, 1, 0, 0, 0, 0, 0.590, 7, 15
1773265838, 1, 0, 438, 436, 10, 11.97%, 0, 0, 2, 1.72, 18, 76, 1, 0, 0, 0, 0, 0.590, 7, 15
1773265843, 1, 0, 439, 437, 10, 11.97%, 0, 0, 2, 2.27, 18, 76, 1, 0, 0, 0, 0, 0.590, 7, 15
1773265848, 1, 0, 440, 438, 10, 11.97%, 0, 0, 2, 2.00, 18, 76, 1, 0, 0, 0, 0, 0.590, 7, 15
1773265859, 1, 0, 441, 439, 10, 11.97%, 0, 0, 2, 1.72, 18, 76, 1, 0, 0, 0, 0, 0.590, 7, 15
1773265865, 1, 0, 442, 440, 10, 11.97%, 0, 0, 2, 1.53, 18, 76, 1, 0, 0, 0, 0, 0.590, 7, 15
1773265875, 1, 0, 443, 441, 10, 11.99%, 0, 0, 2, 1.70, 18, 76, 1, 0, 0, 0, 0, 0.590, 7, 15
1773265886, 1, 0, 444, 442, 10, 11.99%, 0, 0, 2, 1.52, 18, 76, 1, 0, 0, 0, 0, 0.590, 7, 15
1773265897, 1, 0, 445, 443, 10, 11.99%, 0, 0, 2, 1.60, 18, 76, 1, 0, 0, 0, 0, 0.590, 7, 15
1773265903, 1, 0, 446, 444, 10, 11.99%, 0, 0, 2, 1.44, 18, 76, 1, 0, 0, 0, 0, 0.590, 7, 15
1773265922, 1, 0, 447, 445, 10, 11.99%, 0, 0, 2, 1.01, 18, 76, 1, 0, 0, 0, 0, 0.590, 7, 15
1773265938, 1, 0, 448, 446, 10, 11.99%, 0, 0, 2, 1.57, 18, 76, 1, 0, 0, 0, 0, 0.590, 7, 15
1773265944, 1, 0, 449, 447, 10, 11.99%, 0, 0, 2, 1.83, 18, 76, 1, 0, 0, 0, 0, 0.590, 7, 15
1773265965, 1, 0, 450, 448, 10, 11.99%, 0, 0, 2, 2.12, 18, 77, 1, 0, 0, 0, 0, 0.590, 7, 15
1773265977, 1, 0, 451, 449, 10, 12.00%, 0, 0, 2, 1.53, 18, 77, 1, 0, 0, 0, 0, 0.590, 7, 15
1773265994, 1, 0, 452, 450, 10, 12.00%, 0, 0, 2, 2.01, 18, 77, 1, 0, 0, 0, 0, 0.590, 7, 15
1773265999, 1, 0, 453, 451, 10, 12.00%, 0, 0, 2, 2.27, 18, 77, 1, 0, 0, 0, 0, 0.590, 7, 15
1773266004, 1, 0, 454, 452, 10, 12.00%, 0, 0, 2, 2.05, 18, 77, 1, 0, 0, 0, 0, 0.590, 7, 15
1773266021, 1, 0, 455, 453, 10, 12.00%, 0, 0, 2, 1.66, 18, 77, 1, 0, 0, 0, 0, 0.590, 7, 15
1773266031, 1, 0, 456, 454, 10, 12.00%, 0, 0, 2, 1.53, 18, 77, 1, 0, 0, 0, 0, 0.587, 8, 19
1773266050, 1, 0, 457, 455, 10, 12.00%, 0, 0, 2, 1.21, 18, 77, 1, 0, 0, 0, 0, 0.587, 8, 19
1773266061, 1, 0, 458, 456, 10, 12.00%, 0, 0, 2, 1.66, 18, 77, 1, 0, 0, 0, 0, 0.587, 8, 19
1773266073, 1, 0, 459, 457, 10, 12.00%, 0, 0, 2, 1.37, 18, 77, 1, 0, 0, 0, 0, 0.587, 8, 19
1773266085, 1, 0, 460, 458, 10, 12.00%, 0, 0, 2, 1.26, 18, 77, 1, 0, 0, 0, 0, 0.587, 8, 19
1773266102, 1, 0, 461, 459, 10, 12.00%, 0, 0, 2, 0.95, 18, 77, 1, 0, 0, 0, 0, 0.587, 8, 19
1773266113, 1, 0, 462, 460, 10, 12.00%, 0, 0, 2, 0.94, 18, 77, 1, 0, 0, 0, 0, 0.587, 8, 19
1773266124, 1, 0, 463, 461, 10, 12.00%, 0, 0, 2, 1.85, 18, 77, 1, 0, 0, 0, 0, 0.587, 8, 19
1773266129, 1, 0, 464, 462, 10, 12.00%, 0, 0, 2, 1.85, 18, 77, 1, 0, 0, 0, 0, 0.587, 8, 19
1773266152, 1, 0, 465, 463, 10, 12.00%, 0, 0, 2, 1.38, 18, 77, 1, 0, 0, 0, 0, 0.587, 8, 19
1773266163, 1, 0, 466, 464, 10, 12.00%, 0, 0, 2, 1.73, 18, 77, 1, 0, 0, 0, 0, 0.587, 8, 19
1773266173, 1, 0, 467, 465, 10, 12.00%, 0, 0, 2, 1.98, 18, 77, 1, 0, 0, 0, 0, 0.587, 8, 19
1773266179, 1, 0, 468, 466, 10, 12.00%, 0, 0, 2, 1.66, 18, 77, 1, 0, 0, 0, 0, 0.587, 8, 19
1773266191, 1, 0, 469, 467, 10, 12.00%, 0, 0, 2, 1.67, 18, 77, 1, 0, 0, 0, 0, 0.587, 8, 19
1773266196, 1, 0, 470, 468, 10, 12.00%, 0, 0, 2, 1.75, 18, 77, 1, 0, 0, 0, 0, 0.587, 8, 19
1773266202, 1, 0, 471, 469, 10, 12.01%, 0, 0, 2, 1.86, 18, 77, 1, 0, 0, 0, 0, 0.587, 8, 19
1773266218, 1, 0, 472, 470, 10, 12.01%, 0, 0, 2, 1.45, 18, 77, 1, 0, 0, 0, 0, 0.587, 8, 19
1773266230, 1, 0, 473, 471, 10, 12.01%, 0, 0, 2, 1.51, 18, 77, 1, 0, 0, 0, 0, 0.587, 8, 19
1773266241, 1, 0, 474, 472, 10, 12.02%, 0, 0, 2, 1.28, 18, 77, 1, 0, 0, 0, 0, 0.587, 8, 19
1773266252, 1, 0, 475, 473, 10, 12.02%, 0, 0, 2, 1.54, 18, 77, 1, 0, 0, 0, 0, 0.587, 8, 19
1773266257, 1, 0, 476, 474, 10, 12.02%, 0, 0, 2, 2.14, 18, 77, 1, 0, 0, 0, 0, 0.587, 8, 19
1773266262, 1, 0, 477, 475, 10, 12.02%, 0, 0, 2, 1.84, 18, 77, 1, 0, 0, 0, 0, 0.587, 8, 19
1773266268, 1, 0, 478, 476, 10, 12.02%, 0, 0, 2, 1.68, 18, 77, 1, 0, 0, 0, 0, 0.587, 8, 19
1773266274, 1, 0, 479, 477, 10, 12.02%, 0, 0, 2, 1.67, 18, 77, 1, 0, 0, 0, 0, 0.587, 8, 19
1773266291, 1, 0, 480, 478, 10, 12.02%, 0, 0, 2, 1.83, 18, 77, 1, 0, 0, 0, 0, 0.587, 8, 19
1773266302, 1, 0, 481, 479, 10, 12.02%, 0, 0, 2, 1.72, 18, 77, 1, 0, 0, 0, 0, 0.587, 8, 19
1773266336, 1, 0, 482, 480, 10, 12.02%, 0, 0, 2, 1.94, 18, 77, 1, 0, 0, 0, 0, 0.587, 8, 19
1773266352, 1, 0, 483, 481, 10, 12.02%, 0, 0, 2, 1.60, 18, 77, 1, 0, 0, 0, 0, 0.587, 8, 19
1773266358, 1, 0, 484, 482, 10, 12.02%, 0, 0, 2, 1.56, 18, 77, 1, 0, 0, 0, 0, 0.587, 8, 19
1773266377, 1, 0, 485, 483, 10, 12.03%, 0, 0, 2, 1.14, 18, 77, 1, 0, 0, 0, 0, 0.587, 8, 19
1773266416, 1, 0, 486, 484, 10, 12.03%, 0, 0, 2, 1.47, 18, 77, 1, 0, 0, 0, 0, 0.587, 8, 19
1773266439, 1, 0, 487, 485, 10, 12.03%, 0, 0, 2, 1.28, 18, 77, 1, 0, 0, 0, 0, 0.587, 8, 19
1773266467, 1, 0, 488, 486, 10, 12.03%, 0, 0, 2, 1.90, 18, 77, 1, 0, 0, 0, 0, 0.587, 8, 19
1773266483, 1, 0, 489, 487, 10, 12.03%, 0, 0, 2, 1.56, 18, 77, 1, 0, 0, 0, 0, 0.580, 8, 22
1773266501, 1, 0, 490, 488, 10, 12.03%, 0, 0, 2, 1.68, 18, 77, 1, 0, 0, 0, 0, 0.580, 8, 22
1773266527, 1, 0, 491, 489, 10, 12.03%, 0, 0, 2, 1.57, 18, 77, 1, 0, 0, 0, 0, 0.580, 8, 22
1773266545, 1, 0, 492, 490, 10, 12.03%, 0, 0, 2, 1.80, 18, 77, 1, 0, 0, 0, 0, 0.580, 8, 22
1773266551, 1, 0, 493, 491, 10, 12.03%, 0, 0, 2, 1.93, 18, 77, 1, 0, 0, 0, 0, 0.580, 8, 22
1773266572, 1, 0, 494, 492, 10, 12.03%, 0, 0, 2, 1.71, 18, 77, 1, 0, 0, 0, 0, 0.580, 8, 22
1773266594, 1, 0, 495, 493, 10, 12.03%, 0, 0, 2, 1.39, 18, 77, 1, 0, 0, 0, 0, 0.580, 8, 22
1773266599, 1, 0, 496, 494, 10, 12.03%, 0, 0, 2, 1.28, 18, 77, 1, 0, 0, 0, 0, 0.580, 8, 22
1773266624, 1, 0, 497, 495, 10, 12.03%, 0, 0, 2, 1.44, 18, 77, 1, 0, 0, 0, 0, 0.580, 8, 22
1773266635, 1, 0, 498, 496, 10, 12.03%, 0, 0, 2, 1.32, 18, 77, 1, 0, 0, 0, 0, 0.580, 8, 22
1773266651, 1, 0, 499, 497, 10, 12.03%, 0, 0, 2, 1.53, 18, 77, 1, 0, 0, 0, 0, 0.580, 8, 22
1773266668, 1, 0, 500, 498, 10, 12.03%, 0, 0, 2, 1.74, 18, 77, 1, 0, 0, 0, 0, 0.580, 8, 22
1773266697, 1, 0, 501, 499, 10, 12.03%, 0, 0, 2, 1.57, 18, 77, 1, 0, 0, 0, 0, 0.580, 8, 22
1773266714, 1, 0, 502, 500, 10, 12.03%, 0, 0, 2, 1.36, 18, 77, 1, 0, 0, 0, 0, 0.580, 8, 22
1773266721, 1, 0, 503, 501, 10, 12.04%, 0, 0, 2, 1.30, 18, 77, 1, 0, 0, 0, 0, 0.580, 8, 22
1773266738, 1, 0, 504, 502, 10, 12.04%, 0, 0, 2, 1.18, 18, 77, 1, 0, 0, 0, 0, 0.580, 8, 22
1773266749, 1, 0, 505, 503, 10, 12.04%, 0, 0, 2, 1.40, 18, 77, 1, 0, 0, 0, 0, 0.580, 8, 22
1773266766, 1, 0, 506, 504, 10, 12.04%, 0, 0, 2, 1.36, 18, 77, 1, 0, 0, 0, 0, 0.580, 8, 22
1773266771, 1, 0, 507, 505, 10, 12.04%, 0, 0, 2, 1.38, 18, 77, 1, 0, 0, 0, 0, 0.580, 8, 22
1773266799, 1, 0, 508, 506, 10, 12.04%, 0, 0, 2, 2.05, 18, 77, 1, 0, 0, 0, 0, 0.580, 8, 22
1773266805, 1, 0, 509, 507, 10, 12.04%, 0, 0, 2, 2.03, 18, 77, 1, 0, 0, 0, 0, 0.580, 8, 22
1773266828, 1, 0, 510, 508, 10, 12.04%, 0, 0, 2, 1.46, 18, 77, 1, 0, 0, 0, 0, 0.580, 8, 22
1773266838, 1, 0, 511, 509, 10, 12.04%, 0, 0, 2, 1.77, 18, 77, 1, 0, 0, 0, 0, 0.580, 8, 22
1773266860, 1, 0, 512, 510, 10, 12.04%, 0, 0, 2, 2.10, 18, 77, 1, 0, 0, 0, 0, 0.580, 8, 22
1773266871, 1, 0, 513, 511, 10, 12.04%, 0, 0, 2, 1.82, 18, 77, 1, 0, 0, 0, 0, 0.580, 8, 22
1773266894, 1, 0, 515, 513, 10, 12.04%, 0, 0, 2, 1.83, 18, 77, 1, 0, 0, 0, 0, 0.580, 8, 22
1773266921, 1, 0, 516, 514, 10, 12.04%, 0, 0, 2, 1.66, 18, 77, 1, 0, 0, 0, 0, 0.580, 8, 22
1773266932, 1, 0, 517, 515, 10, 12.04%, 0, 0, 2, 1.38, 18, 77, 1, 0, 0, 0, 0, 0.580, 8, 22
1773266948, 1, 0, 518, 516, 10, 12.04%, 0, 0, 2, 1.43, 18, 77, 1, 0, 0, 0, 0, 0.580, 8, 22
1773266996, 1, 0, 519, 517, 10, 12.05%, 0, 0, 2, 1.10, 18, 77, 1, 0, 0, 0, 0, 0.580, 8, 22
1773267012, 1, 0, 520, 518, 10, 12.05%, 0, 0, 2, 1.23, 18, 77, 1, 0, 0, 0, 0, 0.580, 8, 22
1773267023, 1, 0, 521, 519, 10, 12.05%, 0, 0, 2, 1.13, 18, 77, 1, 0, 0, 0, 0, 0.580, 8, 22
1773267039, 1, 0, 522, 520, 10, 12.05%, 0, 0, 2, 1.25, 18, 77, 1, 0, 0, 0, 0, 0.580, 8, 22
1773267072, 1, 0, 523, 521, 10, 12.05%, 0, 0, 2, 1.37, 18, 77, 1, 0, 0, 0, 0, 0.580, 8, 22
1773267101, 1, 0, 524, 522, 10, 12.05%, 0, 0, 2, 1.34, 18, 77, 1, 0, 0, 0, 0, 0.580, 8, 22
1773267113, 1, 0, 525, 523, 10, 12.05%, 0, 0, 2, 1.11, 18, 77, 1, 0, 0, 0, 0, 0.580, 8, 22
1773267145, 1, 0, 526, 524, 10, 12.05%, 0, 0, 2, 1.39, 18, 77, 1, 0, 0, 0, 0, 0.580, 8, 22
1773267155, 1, 0, 527, 525, 10, 12.05%, 0, 0, 2, 1.24, 18, 77, 1, 0, 0, 0, 0, 0.580, 8, 22
1773267187, 1, 0, 528, 526, 10, 12.05%, 0, 0, 2, 1.42, 18, 77, 1, 0, 0, 0, 0, 0.580, 8, 22
1773267232, 1, 0, 529, 527, 10, 12.05%, 0, 0, 2, 1.52, 18, 77, 1, 0, 0, 0, 0, 0.580, 8, 22
1773267254, 1, 0, 530, 528, 10, 12.05%, 0, 0, 2, 1.52, 18, 77, 1, 0, 0, 0, 0, 0.580, 8, 22
1773267266, 1, 0, 531, 529, 10, 12.05%, 0, 0, 2, 1.28, 18, 77, 1, 0, 0, 0, 0, 0.580, 8, 22
1773267277, 1, 0, 532, 530, 10, 12.05%, 0, 0, 2, 1.28, 18, 77, 1, 0, 0, 0, 0, 0.580, 8, 22
1773267325, 1, 0, 533, 531, 10, 12.05%, 0, 0, 2, 1.65, 18, 77, 1, 0, 0, 0, 0, 0.580, 8, 22
1773267336, 1, 0, 534, 532, 10, 12.05%, 0, 0, 2, 1.32, 18, 79, 1, 0, 0, 0, 0, 0.580, 8, 22
1773267357, 1, 0, 535, 533, 10, 12.05%, 0, 0, 2, 1.30, 18, 79, 1, 0, 0, 0, 0, 0.596, 10, 23
1773267368, 1, 0, 536, 534, 10, 12.05%, 0, 0, 2, 1.57, 18, 79, 1, 0, 0, 0, 0, 0.596, 10, 23
1773267380, 1, 0, 537, 535, 10, 12.05%, 0, 0, 2, 1.58, 18, 79, 1, 0, 0, 0, 0, 0.596, 10, 23
1773267402, 1, 0, 538, 536, 10, 12.06%, 0, 0, 2, 1.39, 18, 79, 1, 0, 0, 0, 0, 0.596, 10, 23
1773267428, 1, 0, 539, 537, 10, 12.06%, 0, 0, 2, 1.90, 18, 79, 1, 0, 0, 0, 0, 0.596, 10, 23
1773267454, 1, 0, 540, 538, 10, 12.06%, 0, 0, 2, 1.73, 18, 79, 1, 0, 0, 0, 0, 0.596, 10, 23
1773267515, 1, 0, 541, 539, 10, 12.06%, 0, 0, 2, 1.56, 18, 79, 1, 0, 0, 0, 0, 0.596, 10, 23
1773267520, 1, 0, 542, 540, 10, 12.06%, 0, 0, 2, 1.44, 18, 79, 1, 0, 0, 0, 0, 0.596, 10, 23
1773267546, 1, 0, 543, 541, 10, 12.06%, 0, 0, 2, 1.78, 18, 79, 1, 0, 0, 0, 0, 0.596, 10, 23
1773267557, 1, 0, 544, 542, 10, 12.06%, 0, 0, 2, 2.16, 18, 79, 1, 0, 0, 0, 0, 0.596, 10, 23
1773267563, 1, 0, 545, 543, 10, 12.06%, 0, 0, 2, 2.03, 18, 79, 1, 0, 0, 0, 0, 0.596, 10, 23
1773267621, 1, 0, 546, 544, 10, 12.06%, 0, 0, 2, 2.13, 18, 79, 1, 0, 0, 0, 0, 0.596, 10, 23
1773267631, 1, 0, 547, 545, 10, 12.06%, 0, 0, 2, 1.89, 18, 79, 1, 0, 0, 0, 0, 0.596, 10, 23
1773267637, 1, 0, 549, 547, 10, 12.06%, 0, 0, 2, 2.26, 18, 79, 1, 0, 0, 0, 0, 0.596, 10, 23
1773267649, 1, 0, 550, 548, 10, 12.06%, 0, 0, 2, 1.72, 18, 79, 1, 0, 0, 0, 0, 0.596, 10, 23
1773267660, 1, 0, 551, 549, 10, 12.06%, 0, 0, 2, 1.47, 18, 79, 1, 0, 0, 0, 0, 0.596, 10, 23
1773267675, 1, 0, 552, 550, 10, 12.06%, 0, 0, 2, 1.98, 18, 79, 1, 0, 0, 0, 0, 0.596, 10, 23
1773267690, 1, 0, 553, 551, 10, 12.06%, 0, 0, 2, 2.25, 18, 79, 1, 0, 0, 0, 0, 0.596, 10, 23
1773267708, 1, 0, 554, 552, 10, 12.06%, 0, 0, 2, 2.13, 18, 79, 1, 0, 0, 0, 0, 0.596, 10, 23
1773267720, 1, 0, 555, 553, 10, 12.06%, 0, 0, 2, 2.02, 18, 79, 1, 0, 0, 0, 0, 0.596, 10, 23
1773267736, 1, 0, 556, 554, 10, 12.06%, 0, 0, 2, 1.44, 18, 79, 1, 0, 0, 0, 0, 0.596, 10, 23
1773267753, 1, 0, 557, 555, 10, 12.06%, 0, 0, 2, 1.11, 18, 79, 1, 0, 0, 0, 0, 0.596, 10, 23
1773267765, 1, 0, 558, 556, 10, 12.06%, 0, 0, 2, 1.50, 18, 79, 1, 0, 0, 0, 0, 0.596, 10, 23
1773267781, 1, 0, 559, 557, 10, 12.06%, 0, 0, 2, 1.77, 18, 79, 1, 0, 0, 0, 0, 0.596, 10, 23
1773267804, 1, 0, 560, 558, 10, 12.06%, 0, 0, 2, 1.46, 18, 79, 1, 0, 0, 0, 0, 0.596, 10, 23
1773267816, 1, 0, 561, 559, 10, 12.06%, 0, 0, 2, 1.59, 18, 79, 1, 0, 0, 0, 0, 0.596, 10, 23
1773267826, 1, 0, 562, 560, 10, 12.06%, 0, 0, 2, 2.10, 18, 79, 1, 0, 0, 0, 0, 0.596, 10, 23
1773267833, 1, 0, 563, 561, 10, 12.06%, 0, 0, 2, 0.40, 18, 79, 1, 0, 0, 0, 0, 0.596, 10, 23
1773267871, 1, 0, 564, 562, 10, 12.06%, 0, 0, 2, 2.17, 18, 79, 1, 0, 0, 0, 0, 0.596, 10, 23
1773267891, 1, 0, 565, 563, 10, 12.06%, 0, 0, 2, 0.34, 18, 79, 1, 0, 0, 0, 0, 0.596, 10, 23
1773267921, 1, 0, 566, 564, 10, 12.06%, 0, 0, 2, 2.24, 18, 79, 1, 0, 0, 0, 0, 0.596, 10, 23
1773267938, 1, 0, 567, 565, 10, 12.06%, 0, 0, 2, 1.90, 18, 79, 1, 0, 0, 0, 0, 0.596, 10, 23
1773267950, 1, 0, 568, 566, 10, 12.06%, 0, 0, 2, 1.48, 18, 79, 1, 0, 0, 0, 0, 0.596, 10, 23
1773267975, 1, 0, 569, 567, 10, 12.06%, 0, 0, 2, 1.52, 18, 79, 1, 0, 0, 0, 0, 0.596, 10, 23
1773267985, 1, 0, 570, 568, 10, 12.06%, 0, 0, 2, 1.85, 18, 79, 1, 0, 0, 0, 0, 0.596, 10, 23
1773267998, 1, 0, 571, 569, 10, 12.08%, 0, 0, 2, 1.76, 18, 79, 1, 0, 0, 0, 0, 0.596, 10, 23
1773268015, 1, 0, 572, 570, 10, 12.08%, 0, 0, 2, 2.05, 18, 79, 1, 0, 0, 0, 0, 0.596, 10, 23
1773268032, 1, 0, 573, 571, 10, 12.08%, 0, 0, 2, 2.15, 18, 79, 1, 0, 0, 0, 0, 0.596, 10, 23
1773268038, 1, 0, 574, 572, 10, 12.08%, 0, 0, 2, 1.79, 18, 79, 1, 0, 0, 0, 0, 0.596, 10, 23
1773268055, 1, 0, 575, 573, 10, 12.08%, 0, 0, 2, 1.60, 18, 79, 1, 0, 0, 0, 0, 0.596, 10, 23
1773268071, 1, 0, 576, 574, 10, 12.08%, 0, 0, 2, 1.13, 18, 79, 1, 0, 0, 0, 0, 0.596, 10, 23
1773268088, 1, 0, 577, 575, 10, 12.08%, 0, 0, 2, 1.19, 18, 79, 1, 0, 0, 0, 0, 0.596, 10, 23
1773268142, 1, 0, 578, 576, 10, 12.08%, 0, 0, 2, 2.30, 18, 79, 1, 0, 0, 0, 0, 0.596, 10, 23
1773268159, 1, 0, 579, 577, 10, 12.08%, 0, 0, 2, 1.63, 18, 79, 1, 0, 0, 0, 0, 0.596, 10, 23
1773268188, 1, 0, 580, 578, 10, 12.08%, 0, 0, 2, 1.51, 18, 79, 1, 0, 0, 0, 0, 0.596, 10, 23
1773268198, 1, 0, 581, 579, 10, 12.08%, 0, 0, 2, 1.52, 18, 79, 1, 0, 0, 0, 0, 0.596, 10, 23
1773268227, 1, 0, 582, 580, 10, 12.08%, 0, 0, 2, 1.85, 18, 79, 1, 0, 0, 0, 0, 0.596, 10, 23
1773268259, 1, 0, 583, 581, 10, 12.08%, 0, 0, 2, 1.83, 18, 79, 1, 0, 0, 0, 0, 0.596, 10, 23
1773268292, 1, 0, 584, 582, 10, 12.08%, 0, 0, 2, 1.68, 18, 79, 1, 0, 0, 0, 0, 0.596, 10, 23
1773268336, 1, 0, 585, 583, 10, 12.08%, 0, 0, 2, 1.83, 18, 79, 1, 0, 0, 0, 0, 0.596, 10, 23
1773268352, 1, 0, 586, 584, 10, 12.08%, 0, 0, 2, 1.94, 18, 79, 1, 0, 0, 0, 0, 0.596, 10, 23
1773268426, 1, 0, 587, 585, 10, 12.08%, 0, 0, 2, 2.20, 18, 79, 1, 0, 0, 0, 0, 0.596, 10, 23
1773268431, 1, 0, 588, 586, 10, 12.08%, 0, 0, 2, 2.02, 18, 79, 1, 0, 0, 0, 0, 0.596, 10, 23
1773268437, 1, 0, 589, 587, 10, 12.08%, 0, 0, 2, 2.27, 18, 79, 1, 0, 0, 0, 0, 0.596, 10, 23
1773268442, 1, 0, 590, 588, 10, 12.08%, 0, 0, 2, 1.92, 18, 79, 1, 0, 0, 0, 0, 0.596, 10, 23
1773268448, 1, 0, 591, 589, 10, 12.08%, 0, 0, 2, 1.92, 18, 79, 1, 0, 0, 0, 0, 0.596, 10, 23
1773268463, 1, 0, 592, 590, 10, 12.08%, 0, 0, 2, 1.94, 18, 79, 1, 0, 0, 0, 0, 0.596, 10, 23
1773268475, 1, 0, 593, 591, 10, 12.08%, 0, 0, 2, 1.96, 18, 79, 1, 0, 0, 0, 0, 0.596, 10, 23
1773268491, 1, 0, 594, 592, 10, 12.08%, 0, 0, 2, 1.43, 18, 79, 1, 0, 0, 0, 0, 0.596, 10, 23
1773268523, 1, 0, 595, 593, 10, 12.08%, 0, 0, 2, 1.66, 18, 79, 1, 0, 0, 0, 0, 0.596, 10, 23
1773268533, 1, 0, 596, 594, 10, 12.08%, 0, 0, 2, 1.74, 18, 79, 1, 0, 0, 0, 0, 0.596, 10, 23
1773268539, 1, 0, 597, 595, 10, 12.08%, 0, 0, 2, 1.95, 18, 79, 1, 0, 0, 0, 0, 0.596, 10, 23
1773268555, 1, 0, 598, 596, 10, 12.08%, 0, 0, 2, 2.16, 18, 79, 1, 0, 0, 0, 0, 0.596, 10, 23
1773268561, 1, 0, 599, 597, 10, 12.08%, 0, 0, 2, 1.95, 18, 79, 1, 0, 0, 0, 0, 0.596, 10, 23
1773268582, 1, 0, 600, 598, 10, 12.08%, 0, 0, 2, 1.83, 18, 79, 1, 0, 0, 0, 0, 0.530, 12, 29
1773268593, 1, 0, 601, 599, 10, 12.08%, 0, 0, 2, 1.85, 18, 79, 1, 0, 0, 0, 0, 0.530, 12, 29
1773268619, 1, 0, 602, 600, 10, 12.08%, 0, 0, 2, 2.07, 18, 79, 1, 0, 0, 0, 0, 0.530, 12, 29
1773268641, 1, 0, 603, 601, 10, 12.08%, 0, 0, 2, 1.85, 18, 79, 1, 0, 0, 0, 0, 0.530, 12, 29
1773268662, 1, 0, 604, 602, 10, 12.09%, 0, 0, 2, 1.96, 18, 79, 1, 0, 0, 0, 0, 0.530, 12, 29
1773268673, 1, 0, 605, 603, 10, 12.09%, 0, 0, 2, 2.07, 18, 79, 1, 0, 0, 0, 0, 0.530, 12, 29
1773268689, 1, 0, 606, 604, 10, 12.09%, 0, 0, 2, 1.81, 18, 79, 1, 0, 0, 0, 0, 0.530, 12, 29
1773268705, 1, 0, 607, 605, 10, 12.09%, 0, 0, 2, 1.97, 18, 79, 1, 0, 0, 0, 0, 0.530, 12, 29
1773268710, 1, 0, 608, 606, 10, 12.09%, 0, 0, 2, 1.81, 18, 79, 1, 0, 0, 0, 0, 0.530, 12, 29
1773268741, 1, 0, 609, 607, 10, 12.09%, 0, 0, 2, 2.42, 18, 79, 1, 0, 0, 0, 0, 0.530, 12, 29
1773268773, 1, 0, 610, 608, 10, 12.09%, 0, 0, 2, 1.98, 18, 79, 1, 0, 0, 0, 0, 0.530, 12, 29
1773268789, 1, 0, 611, 609, 10, 12.09%, 0, 0, 2, 2.09, 18, 81, 1, 0, 0, 0, 0, 0.530, 12, 29
1773268800, 1, 0, 612, 610, 10, 12.09%, 0, 0, 2, 2.06, 18, 81, 1, 0, 0, 0, 0, 0.530, 12, 29
1773268805, 1, 0, 613, 611, 10, 12.09%, 0, 0, 2, 1.87, 18, 81, 1, 0, 0, 0, 0, 0.530, 12, 29
1773268826, 1, 0, 614, 612, 10, 12.09%, 0, 0, 2, 2.19, 18, 81, 1, 0, 0, 0, 0, 0.535, 14, 30
1773268831, 1, 0, 615, 613, 10, 12.09%, 0, 0, 2, 2.44, 18, 81, 1, 0, 0, 0, 0, 0.535, 14, 30
1773268868, 1, 0, 616, 614, 10, 12.09%, 0, 0, 2, 2.43, 18, 81, 1, 0, 0, 0, 0, 0.535, 14, 30
1773268905, 1, 0, 617, 615, 10, 12.09%, 0, 0, 2, 2.13, 18, 81, 1, 0, 0, 0, 0, 0.535, 14, 30
1773268916, 1, 0, 618, 616, 10, 12.09%, 0, 0, 2, 1.56, 18, 81, 1, 0, 0, 0, 0, 0.535, 14, 30
1773268938, 1, 0, 619, 617, 10, 12.09%, 0, 0, 2, 1.42, 18, 81, 1, 0, 0, 0, 0, 0.535, 14, 30
1773268965, 1, 0, 620, 618, 10, 12.09%, 0, 0, 2, 1.34, 18, 81, 1, 0, 0, 0, 0, 0.535, 14, 30
1773268977, 1, 0, 621, 619, 10, 12.09%, 0, 0, 2, 1.18, 18, 81, 1, 0, 0, 0, 0, 0.535, 14, 30
1773268999, 1, 0, 622, 620, 10, 12.10%, 0, 0, 2, 1.09, 18, 81, 1, 0, 0, 0, 0, 0.535, 14, 30
1773269046, 1, 0, 623, 621, 10, 12.10%, 0, 0, 2, 0.95, 18, 81, 1, 0, 0, 0, 0, 0.535, 14, 30
1773269057, 1, 0, 624, 622, 10, 12.10%, 0, 0, 2, 1.07, 18, 81, 1, 0, 0, 0, 0, 0.535, 14, 30
1773269079, 1, 0, 625, 623, 10, 12.10%, 0, 0, 2, 1.14, 18, 81, 1, 0, 0, 0, 0, 0.535, 14, 30
1773269090, 1, 0, 626, 624, 10, 12.10%, 0, 0, 2, 1.36, 18, 81, 1, 0, 0, 0, 0, 0.535, 14, 30
1773269100, 1, 0, 627, 625, 10, 12.10%, 0, 0, 2, 1.65, 18, 82, 1, 0, 0, 0, 0, 0.535, 14, 30
1773269118, 1, 0, 628, 626, 10, 12.10%, 0, 0, 2, 1.48, 18, 82, 1, 0, 0, 0, 0, 0.535, 14, 30
1773269134, 1, 0, 629, 627, 10, 12.13%, 0, 0, 2, 1.38, 18, 83, 1, 0, 0, 0, 0, 0.535, 14, 30
1773269166, 1, 0, 630, 628, 10, 12.13%, 0, 0, 2, 1.39, 18, 83, 1, 0, 0, 0, 0, 0.535, 14, 30
1773269184, 1, 0, 631, 629, 10, 12.13%, 0, 0, 2, 1.18, 18, 83, 1, 0, 0, 0, 0, 0.535, 14, 30
1773269207, 1, 0, 632, 630, 10, 12.13%, 0, 0, 2, 1.38, 18, 83, 1, 0, 0, 0, 0, 0.535, 14, 30
1773269218, 1, 0, 633, 631, 10, 12.13%, 0, 0, 2, 1.31, 18, 83, 1, 0, 0, 0, 0, 0.535, 14, 30
1773269235, 1, 0, 634, 632, 10, 12.13%, 0, 0, 2, 1.16, 18, 83, 1, 0, 0, 0, 0, 0.540, 16, 31
1773269257, 1, 0, 635, 633, 10, 12.13%, 0, 0, 2, 1.30, 18, 83, 1, 0, 0, 0, 0, 0.540, 16, 31
1773269280, 1, 0, 636, 634, 10, 12.13%, 0, 0, 2, 1.28, 18, 83, 1, 0, 0, 0, 0, 0.540, 16, 31
1773269314, 1, 0, 637, 635, 10, 12.13%, 0, 0, 2, 1.38, 18, 83, 1, 0, 0, 0, 0, 0.540, 16, 31
1773269325, 1, 0, 638, 636, 10, 12.13%, 0, 0, 2, 1.55, 18, 83, 1, 0, 0, 0, 0, 0.540, 16, 31
1773269341, 1, 0, 639, 637, 10, 12.13%, 0, 0, 2, 1.44, 18, 83, 1, 0, 0, 0, 0, 0.540, 16, 31
1773269395, 1, 0, 640, 638, 10, 12.13%, 0, 0, 2, 1.36, 18, 83, 1, 0, 0, 0, 0, 0.540, 16, 31
1773269412, 1, 0, 641, 639, 10, 12.13%, 0, 0, 2, 1.12, 18, 83, 1, 0, 0, 0, 0, 0.540, 16, 31
1773269433, 1, 0, 642, 640, 10, 12.13%, 0, 0, 2, 1.30, 18, 83, 1, 0, 0, 0, 0, 0.540, 16, 31
1773269456, 1, 0, 643, 641, 10, 12.13%, 0, 0, 2, 1.41, 18, 83, 1, 0, 0, 0, 0, 0.540, 16, 31
1773269522, 1, 0, 644, 642, 10, 12.13%, 0, 0, 2, 1.39, 18, 83, 1, 0, 0, 0, 0, 0.540, 16, 31
1773269534, 1, 0, 645, 643, 10, 12.13%, 0, 0, 2, 1.18, 18, 83, 1, 0, 0, 0, 0, 0.540, 16, 31
1773269552, 1, 0, 646, 644, 10, 12.15%, 0, 0, 2, 1.37, 18, 83, 1, 0, 0, 0, 0, 0.540, 16, 31
1773269579, 1, 0, 647, 645, 10, 12.15%, 0, 0, 2, 1.84, 18, 83, 1, 0, 0, 0, 0, 0.540, 16, 31
1773269585, 1, 0, 648, 646, 10, 12.15%, 0, 0, 2, 1.78, 18, 83, 1, 0, 0, 0, 0, 0.540, 16, 31
1773269595, 1, 0, 649, 647, 10, 12.15%, 0, 0, 2, 1.74, 18, 83, 1, 0, 0, 0, 0, 0.540, 16, 31
1773269612, 1, 0, 650, 648, 10, 12.15%, 0, 0, 2, 1.65, 18, 83, 1, 0, 0, 0, 0, 0.540, 16, 31
1773269622, 1, 0, 651, 649, 10, 12.15%, 0, 0, 2, 1.64, 18, 83, 1, 0, 0, 0, 0, 0.540, 16, 31
1773269638, 1, 0, 652, 650, 10, 12.15%, 0, 0, 2, 1.24, 18, 83, 1, 0, 0, 0, 0, 0.540, 16, 31
1773269668, 1, 0, 653, 651, 10, 12.15%, 0, 0, 2, 1.27, 18, 83, 1, 0, 0, 0, 0, 0.540, 16, 31
1773269678, 1, 0, 654, 652, 10, 12.15%, 0, 0, 2, 1.20, 18, 83, 1, 0, 0, 0, 0, 0.540, 16, 31
1773269748, 1, 0, 655, 653, 10, 12.15%, 0, 0, 2, 1.50, 18, 83, 1, 0, 0, 0, 0, 0.540, 17, 32
1773269797, 1, 0, 656, 654, 10, 12.15%, 0, 0, 2, 2.10, 18, 83, 1, 0, 0, 0, 0, 0.540, 17, 32
1773269813, 1, 0, 656, 654, 2, 12.15%, 0, 0, 2, 1.97, 18, 83, 1, 0, 0, 0, 0, 0.540, 17, 32
1773269836, 1, 0, 657, 655, 2, 12.15%, 0, 0, 2, 1.57, 18, 83, 1, 0, 0, 0, 0, 0.540, 17, 32
1773269841, 1, 0, 658, 656, 2, 12.16%, 0, 0, 2, 1.89, 18, 83, 1, 0, 0, 0, 0, 0.540, 17, 32
1773269876, 1, 0, 659, 657, 2, 12.16%, 0, 0, 2, 1.19, 18, 83, 1, 0, 0, 0, 0, 0.540, 17, 32
1773269893, 1, 0, 660, 658, 2, 12.16%, 0, 0, 2, 1.58, 18, 83, 1, 0, 0, 0, 0, 0.540, 17, 32
1773269921, 1, 0, 661, 659, 2, 12.16%, 0, 0, 2, 1.19, 18, 83, 1, 0, 0, 0, 0, 0.540, 17, 32
1773269984, 1, 0, 662, 660, 2, 12.16%, 0, 0, 2, 1.46, 18, 83, 1, 0, 0, 0, 0, 0.540, 17, 32
1773269990, 1, 0, 663, 661, 2, 12.16%, 0, 0, 2, 1.38, 18, 83, 1, 0, 0, 0, 0, 0.540, 17, 32
1773270072, 1, 0, 664, 662, 2, 12.16%, 0, 0, 2, 0.98, 18, 83, 1, 0, 0, 0, 0, 0.540, 17, 32
1773270105, 1, 0, 665, 663, 2, 12.16%, 0, 0, 2, 1.02, 18, 83, 1, 0, 0, 0, 0, 0.540, 17, 32
1773270126, 1, 0, 666, 664, 2, 12.16%, 0, 0, 2, 1.61, 18, 83, 1, 0, 0, 0, 0, 0.540, 17, 32
1773270138, 1, 0, 667, 665, 2, 12.16%, 0, 0, 2, 1.47, 18, 83, 1, 0, 0, 0, 0, 0.540, 17, 32
1773270157, 1, 0, 668, 666, 2, 12.16%, 0, 0, 2, 1.17, 18, 83, 1, 0, 0, 0, 0, 0.540, 17, 32
1773270217, 1, 0, 669, 667, 2, 12.16%, 0, 0, 2, 1.02, 18, 83, 1, 0, 0, 0, 0, 0.540, 17, 32
1773270273, 1, 0, 670, 668, 2, 12.16%, 0, 0, 2, 1.02, 18, 83, 1, 0, 0, 0, 0, 0.540, 17, 32
1773270304, 1, 0, 671, 669, 2, 12.16%, 0, 0, 2, 1.44, 18, 83, 1, 0, 0, 0, 0, 0.540, 17, 32
1773270324, 1, 0, 672, 670, 2, 12.16%, 0, 0, 2, 1.19, 18, 83, 1, 0, 0, 0, 0, 0.540, 17, 32
1773270340, 1, 0, 673, 671, 2, 12.16%, 0, 0, 2, 1.52, 18, 83, 1, 0, 0, 0, 0, 0.540, 17, 32
1773270363, 1, 0, 674, 672, 2, 12.16%, 0, 0, 2, 1.18, 18, 83, 1, 0, 0, 0, 0, 0.540, 17, 32
1773270404, 1, 0, 675, 673, 2, 12.16%, 0, 0, 2, 1.25, 18, 83, 1, 0, 0, 0, 0, 0.540, 17, 32
1773270445, 1, 0, 676, 674, 2, 12.17%, 0, 0, 2, 1.65, 18, 83, 1, 0, 0, 0, 0, 0.540, 17, 32
1773270451, 1, 0, 677, 675, 2, 12.17%, 0, 0, 2, 1.56, 18, 83, 1, 0, 0, 0, 0, 0.540, 17, 32
1773270492, 1, 0, 678, 676, 2, 12.17%, 0, 0, 2, 1.23, 18, 83, 1, 0, 0, 0, 0, 0.540, 17, 32
1773270604, 1, 0, 679, 677, 2, 12.17%, 0, 0, 2, 1.00, 18, 83, 1, 0, 0, 0, 0, 0.540, 17, 32
1773270636, 1, 0, 680, 678, 2, 12.17%, 0, 0, 2, 1.45, 18, 83, 1, 0, 0, 0, 0, 0.540, 17, 32
1773270647, 1, 0, 681, 679, 2, 12.17%, 0, 0, 2, 1.37, 18, 83, 1, 0, 0, 0, 0, 0.540, 17, 32
1773270663, 1, 0, 682, 680, 2, 12.17%, 0, 0, 2, 1.59, 18, 83, 1, 0, 0, 0, 0, 0.540, 17, 32
1773270685, 1, 0, 683, 681, 2, 12.17%, 0, 0, 2, 1.77, 18, 83, 1, 0, 0, 0, 0, 0.540, 17, 32
1773270729, 1, 0, 684, 682, 2, 12.17%, 0, 0, 2, 1.76, 18, 83, 1, 0, 0, 0, 0, 0.540, 17, 32
1773270765, 1, 0, 685, 683, 2, 12.17%, 0, 0, 2, 1.12, 18, 83, 1, 0, 0, 0, 0, 0.540, 17, 32
1773270874, 1, 0, 686, 684, 2, 12.17%, 0, 0, 2, 1.12, 18, 83, 1, 0, 0, 0, 0, 0.540, 17, 32
1773271031, 1, 0, 687, 685, 2, 12.17%, 0, 0, 2, 1.19, 18, 83, 1, 0, 0, 0, 0, 0.540, 17, 32
1773271085, 1, 0, 688, 686, 2, 12.17%, 0, 0, 2, 1.11, 18, 83, 1, 0, 0, 0, 0, 0.540, 17, 32
1773271142, 1, 0, 689, 687, 2, 12.17%, 0, 0, 2, 0.77, 18, 83, 1, 0, 0, 0, 0, 0.540, 17, 32
1773271159, 1, 0, 690, 688, 2, 12.17%, 0, 0, 2, 0.66, 18, 83, 1, 0, 0, 0, 0, 0.540, 17, 32
1773271178, 1, 0, 691, 689, 2, 12.17%, 0, 0, 2, 0.66, 18, 83, 1, 0, 0, 0, 0, 0.540, 17, 32
1773271197, 1, 0, 692, 690, 2, 12.17%, 0, 0, 2, 0.62, 18, 83, 1, 0, 0, 0, 0, 0.540, 17, 32
1773271281, 1, 0, 693, 691, 2, 12.17%, 0, 0, 2, 0.65, 18, 83, 1, 0, 0, 0, 0, 0.540, 17, 32
1773271312, 1, 0, 694, 692, 2, 12.17%, 0, 0, 2, 0.55, 18, 83, 1, 0, 0, 0, 0, 0.540, 17, 32
1773271331, 1, 0, 695, 693, 2, 12.17%, 0, 0, 2, 0.52, 18, 83, 1, 0, 0, 0, 0, 0.540, 17, 32
1773271375, 1, 0, 696, 694, 2, 12.17%, 0, 0, 2, 0.69, 18, 83, 1, 0, 0, 0, 0, 0.540, 17, 32
1773271446, 1, 0, 697, 695, 2, 12.17%, 0, 0, 2, 0.65, 18, 83, 1, 0, 0, 0, 0, 0.540, 17, 32
1773271475, 1, 0, 698, 696, 2, 12.17%, 0, 0, 2, 0.74, 18, 83, 1, 0, 0, 0, 0, 0.540, 17, 32
1773271481, 1, 0, 699, 697, 2, 12.17%, 0, 0, 2, 0.85, 18, 83, 1, 0, 0, 0, 0, 0.540, 17, 32
1773271492, 1, 0, 700, 698, 2, 12.17%, 0, 0, 2, 0.86, 18, 83, 1, 0, 0, 0, 0, 0.540, 17, 32
1773271529, 1, 0, 701, 699, 2, 12.17%, 0, 0, 2, 0.77, 18, 83, 1, 0, 0, 0, 0, 0.540, 17, 32
1773271550, 1, 0, 702, 700, 2, 12.17%, 0, 0, 2, 0.73, 18, 83, 1, 0, 0, 0, 0, 0.540, 17, 32
1773271588, 1, 0, 703, 701, 2, 12.18%, 0, 0, 2, 0.82, 18, 83, 1, 0, 0, 0, 0, 0.540, 17, 32
1773271640, 1, 0, 704, 702, 2, 12.18%, 0, 0, 2, 0.97, 18, 83, 1, 0, 0, 0, 0, 0.540, 17, 32
1773271771, 1, 0, 705, 703, 2, 12.18%, 0, 0, 2, 0.61, 18, 83, 1, 0, 0, 0, 0, 0.540, 17, 32
1773271795, 1, 0, 706, 704, 2, 12.18%, 0, 0, 2, 0.60, 18, 83, 1, 0, 0, 0, 0, 0.540, 17, 32
1773271814, 1, 0, 707, 705, 2, 12.18%, 0, 0, 2, 0.54, 18, 83, 1, 0, 0, 0, 0, 0.540, 17, 32
1773271877, 1, 0, 708, 706, 2, 12.18%, 0, 0, 2, 0.45, 18, 83, 1, 0, 0, 0, 0, 0.540, 17, 32
1773271916, 1, 0, 709, 707, 2, 12.18%, 0, 0, 2, 0.47, 18, 83, 1, 0, 0, 0, 0, 0.540, 17, 32
1773271955, 1, 0, 710, 708, 2, 12.18%, 0, 0, 2, 0.64, 18, 83, 1, 0, 0, 0, 0, 0.540, 17, 32
1773271986, 1, 0, 711, 709, 2, 12.18%, 0, 0, 2, 0.62, 18, 83, 1, 0, 0, 0, 0, 0.540, 17, 32
1773272079, 1, 0, 712, 710, 2, 12.18%, 0, 0, 2, 0.58, 18, 83, 1, 0, 0, 0, 0, 0.540, 17, 32
1773272120, 1, 0, 713, 711, 2, 12.18%, 0, 0, 2, 0.62, 18, 83, 1, 0, 0, 0, 0, 0.540, 17, 32
1773272254, 1, 0, 714, 712, 2, 12.18%, 0, 0, 2, 0.59, 18, 83, 1, 0, 0, 0, 0, 0.540, 17, 32
1773272284, 1, 0, 715, 713, 2, 12.18%, 0, 0, 2, 0.53, 18, 83, 1, 0, 0, 0, 0, 0.540, 17, 32
1773272334, 1, 0, 716, 714, 2, 12.18%, 0, 0, 2, 0.59, 18, 83, 1, 0, 0, 0, 0, 0.540, 17, 32
1773272358, 1, 0, 717, 715, 2, 12.18%, 0, 0, 2, 0.52, 18, 83, 1, 0, 0, 0, 0, 0.540, 17, 32
1773272421, 1, 0, 718, 716, 2, 12.18%, 0, 0, 2, 0.57, 18, 83, 1, 0, 0, 0, 0, 0.540, 17, 32
1773272439, 1, 0, 719, 717, 2, 12.18%, 0, 0, 2, 0.53, 18, 83, 1, 0, 0, 0, 0, 0.540, 17, 32
1773272480, 1, 0, 720, 718, 2, 12.18%, 0, 0, 2, 0.58, 18, 83, 1, 0, 0, 0, 0, 0.540, 17, 32
1773272559, 1, 0, 721, 719, 2, 12.18%, 0, 0, 2, 0.59, 18, 83, 1, 0, 0, 0, 0, 0.540, 17, 32
1773272684, 1, 0, 722, 720, 2, 12.18%, 0, 0, 2, 1.03, 18, 83, 1, 0, 0, 0, 0, 0.548, 18, 32
1773272761, 1, 0, 723, 721, 2, 12.18%, 0, 0, 2, 1.58, 18, 83, 1, 0, 0, 0, 0, 0.548, 18, 32
1773272797, 1, 0, 724, 722, 2, 12.18%, 0, 0, 2, 1.07, 18, 83, 1, 0, 0, 0, 0, 0.548, 18, 32
1773272956, 1, 0, 725, 723, 2, 12.18%, 0, 0, 2, 0.83, 18, 83, 1, 0, 0, 0, 0, 0.548, 18, 32
1773273018, 1, 0, 726, 724, 2, 12.18%, 0, 0, 2, 0.76, 18, 83, 1, 0, 0, 0, 0, 0.548, 18, 32
1773273099, 1, 1, 726, 724, 4, 12.18%, 0, 0, 2, 1.57, 18, 83, 1, 0, 0, 0, 0, 0.548, 18, 32
1773273120, 1, 1, 727, 725, 4, 12.19%, 0, 0, 2, 2.50, 18, 83, 1, 0, 0, 0, 0, 0.548, 18, 32
1773273140, 1, 1, 728, 726, 4, 12.19%, 0, 0, 2, 2.52, 18, 83, 1, 0, 0, 0, 0, 0.548, 18, 32
1773273177, 1, 1, 729, 727, 4, 12.19%, 0, 0, 2, 2.43, 18, 83, 1, 0, 0, 0, 0, 0.548, 18, 32
1773273187, 1, 1, 731, 729, 4, 12.20%, 0, 0, 2, 2.39, 18, 85, 1, 0, 0, 0, 0, 0.548, 18, 32
1773273203, 1, 1, 732, 730, 4, 12.20%, 0, 0, 2, 2.16, 18, 85, 1, 0, 0, 0, 0, 0.548, 18, 32
1773273235, 1, 1, 733, 731, 4, 12.21%, 0, 0, 2, 2.00, 18, 85, 1, 0, 0, 0, 0, 0.548, 18, 32
1773273282, 1, 1, 734, 732, 4, 12.21%, 0, 0, 2, 2.12, 18, 86, 1, 0, 0, 0, 0, 0.548, 18, 32
1773273298, 1, 1, 735, 733, 4, 12.21%, 0, 0, 2, 1.93, 18, 86, 1, 0, 0, 0, 0, 0.548, 18, 32
1773273309, 1, 1, 736, 734, 4, 12.21%, 0, 0, 2, 1.90, 18, 86, 1, 0, 0, 0, 0, 0.548, 18, 32
1773273320, 1, 1, 737, 735, 4, 12.21%, 0, 0, 2, 2.28, 18, 86, 1, 0, 0, 0, 0, 0.548, 18, 32
1773273341, 1, 1, 738, 736, 4, 12.21%, 0, 0, 2, 2.19, 18, 86, 1, 0, 0, 0, 0, 0.548, 18, 32
1773273351, 1, 1, 739, 737, 4, 12.21%, 0, 0, 2, 2.49, 18, 86, 1, 0, 0, 0, 0, 0.548, 18, 32
1773273409, 1, 1, 740, 738, 4, 12.22%, 0, 0, 2, 2.29, 18, 86, 1, 0, 0, 0, 0, 0.515, 19, 36
1773273541, 1, 1, 740, 737, 7, 12.22%, 0, 0, 2, 0.22, 18, 86, 2, 1, 1626, 93, 0, 0.515, 19, 36
1773273650, 3, 5, 740, 737, 10, 12.22%, 0, 0, 2, 0.22, 18, 86, 3, 2, 3230, 244, 0, 0.515, 19, 36
1773273666, 3, 5, 741, 738, 10, 12.22%, 0, 0, 2, 2.35, 18, 87, 3, 2, 3230, 244, 0, 0.515, 19, 36
1773273671, 3, 5, 742, 739, 10, 12.22%, 0, 0, 2, 2.32, 18, 87, 3, 2, 3230, 244, 0, 0.515, 19, 36
1773273687, 3, 5, 744, 741, 10, 12.22%, 0, 0, 2, 2.20, 18, 87, 3, 2, 3230, 244, 0, 0.515, 19, 36
1773273709, 3, 5, 745, 742, 10, 12.23%, 0, 0, 2, 2.17, 18, 87, 3, 2, 3230, 244, 0, 0.515, 19, 36
1773273726, 3, 5, 746, 743, 10, 12.23%, 0, 0, 2, 1.93, 18, 87, 3, 2, 3230, 244, 0, 0.515, 19, 36
1773273743, 3, 5, 747, 744, 10, 12.23%, 0, 0, 2, 1.82, 18, 87, 3, 2, 3230, 244, 0, 0.515, 19, 36
1773273764, 3, 5, 748, 745, 10, 12.23%, 0, 0, 2, 2.14, 18, 87, 3, 2, 3230, 244, 0, 0.515, 19, 36
1773273769, 3, 5, 749, 746, 10, 12.23%, 0, 0, 2, 2.17, 18, 87, 3, 2, 3230, 244, 0, 0.515, 19, 36
1773273795, 3, 5, 750, 747, 10, 12.23%, 0, 0, 2, 2.19, 18, 87, 3, 2, 3230, 244, 0, 0.515, 19, 36
1773273805, 3, 5, 751, 748, 10, 12.24%, 0, 0, 2, 2.17, 18, 88, 3, 2, 3230, 244, 0, 0.515, 19, 36
1773273834, 3, 5, 752, 749, 10, 12.24%, 0, 0, 2, 1.93, 18, 88, 3, 2, 3230, 244, 0, 0.515, 19, 36
1773273853, 3, 5, 753, 750, 10, 12.24%, 0, 0, 2, 1.47, 18, 88, 3, 2, 3230, 244, 0, 0.515, 19, 36
1773273882, 3, 5, 754, 751, 10, 12.24%, 0, 0, 2, 2.17, 18, 88, 3, 2, 3230, 244, 0, 0.515, 19, 36
1773273935, 3, 5, 755, 752, 10, 12.24%, 0, 0, 2, 2.24, 18, 88, 3, 2, 3230, 244, 0, 0.517, 20, 39
1773273940, 3, 5, 756, 753, 10, 12.24%, 0, 0, 2, 1.98, 18, 88, 3, 2, 3230, 244, 0, 0.517, 20, 39
1773273957, 3, 5, 757, 754, 10, 12.24%, 0, 0, 2, 1.97, 18, 88, 3, 2, 3230, 244, 0, 0.517, 20, 39
1773273993, 3, 5, 758, 755, 10, 12.25%, 0, 0, 2, 1.85, 18, 88, 3, 2, 3230, 244, 0, 0.517, 20, 39
1773274082, 3, 5, 759, 756, 10, 12.25%, 0, 0, 2, 2.28, 18, 88, 3, 2, 3230, 244, 0, 0.517, 20, 39
1773274092, 3, 5, 760, 757, 10, 12.25%, 0, 0, 2, 0.22, 18, 88, 3, 2, 3230, 244, 0, 0.517, 20, 39
1773274134, 3, 5, 761, 758, 10, 12.25%, 0, 0, 2, 2.19, 18, 88, 3, 2, 3230, 244, 0, 0.517, 20, 39
1773274140, 3, 5, 762, 759, 10, 12.25%, 0, 0, 2, 1.83, 18, 88, 3, 2, 3230, 244, 0, 0.517, 20, 39
1773274173, 3, 5, 764, 761, 10, 12.25%, 0, 0, 2, 2.39, 18, 88, 3, 2, 3230, 244, 0, 0.517, 20, 39
1773274179, 3, 5, 765, 762, 10, 12.25%, 0, 0, 2, 2.29, 18, 88, 3, 2, 3230, 244, 0, 0.517, 20, 39
1773274189, 3, 5, 766, 763, 10, 12.25%, 0, 0, 2, 1.99, 18, 88, 3, 2, 3230, 244, 0, 0.517, 20, 39
1773274200, 3, 5, 767, 764, 10, 12.25%, 0, 0, 2, 2.18, 18, 88, 3, 2, 3230, 244, 0, 0.517, 20, 39
1773274227, 3, 5, 768, 765, 10, 12.25%, 0, 0, 2, 2.18, 18, 88, 3, 2, 3230, 244, 0, 0.517, 20, 39
1773274277, 3, 5, 769, 766, 10, 12.25%, 0, 0, 2, 2.29, 18, 88, 3, 2, 3230, 244, 0, 0.517, 20, 39
1773274298, 3, 5, 770, 767, 10, 12.25%, 0, 0, 2, 2.40, 18, 88, 3, 2, 3230, 244, 0, 0.517, 20, 39
1773274309, 3, 5, 771, 768, 10, 12.25%, 0, 0, 2, 0.42, 18, 88, 3, 2, 3230, 244, 0, 0.517, 20, 39
1773274347, 3, 5, 772, 769, 10, 12.25%, 0, 0, 2, 2.28, 18, 88, 3, 2, 3230, 244, 0, 0.517, 20, 39
1773274364, 3, 5, 773, 770, 10, 12.25%, 0, 0, 2, 0.45, 18, 88, 3, 2, 3230, 244, 0, 0.517, 20, 39
1773274376, 3, 5, 774, 771, 10, 12.25%, 0, 0, 2, 1.88, 18, 88, 3, 2, 3230, 244, 0, 0.517, 20, 39
1773274409, 3, 5, 775, 772, 10, 12.25%, 0, 0, 2, 2.22, 18, 88, 3, 2, 3230, 244, 0, 0.517, 20, 39
1773274416, 3, 5, 776, 773, 10, 12.25%, 0, 0, 2, 2.24, 18, 88, 3, 2, 3230, 244, 0, 0.517, 20, 39
1773274437, 3, 5, 777, 774, 10, 12.25%, 0, 0, 2, 1.65, 18, 88, 3, 2, 3230, 244, 0, 0.517, 20, 39
1773274454, 3, 5, 778, 775, 10, 12.25%, 0, 0, 2, 1.79, 18, 88, 3, 2, 3230, 244, 0, 0.517, 20, 39
1773274464, 3, 5, 779, 776, 10, 12.25%, 0, 0, 2, 2.21, 18, 88, 3, 2, 3230, 244, 0, 0.517, 20, 39
1773274496, 3, 5, 780, 777, 10, 12.26%, 0, 0, 2, 2.32, 18, 88, 3, 2, 3230, 244, 0, 0.517, 20, 39
1773274572, 3, 5, 781, 778, 10, 12.26%, 0, 0, 2, 0.44, 18, 88, 3, 2, 3230, 244, 0, 0.516, 21, 42
1773274606, 3, 5, 782, 779, 10, 12.26%, 0, 0, 2, 2.58, 18, 88, 3, 2, 3230, 244, 0, 0.516, 21, 42
1773274674, 3, 5, 783, 780, 10, 12.26%, 0, 0, 2, 2.35, 18, 88, 3, 2, 3230, 244, 0, 0.516, 21, 42
1773274697, 3, 5, 784, 781, 10, 12.26%, 0, 0, 2, 1.98, 18, 88, 3, 2, 3230, 244, 0, 0.516, 21, 42
1773274709, 3, 5, 785, 782, 10, 12.26%, 0, 0, 2, 1.67, 18, 88, 3, 2, 3230, 244, 0, 0.516, 21, 42
1773274759, 3, 5, 786, 783, 10, 12.26%, 0, 0, 2, 0.29, 18, 88, 3, 2, 3230, 244, 0, 0.516, 21, 42
1773274792, 3, 5, 787, 784, 10, 12.26%, 0, 0, 2, 2.30, 18, 88, 3, 2, 3230, 244, 0, 0.516, 21, 42
1773274815, 3, 5, 788, 785, 10, 12.26%, 0, 0, 2, 1.75, 18, 88, 3, 2, 3230, 244, 0, 0.516, 21, 42
1773274844, 3, 5, 789, 786, 10, 12.26%, 0, 0, 2, 1.81, 18, 88, 3, 2, 3230, 244, 0, 0.516, 21, 42
1773274855, 3, 5, 790, 787, 10, 12.26%, 0, 0, 2, 2.04, 18, 89, 3, 2, 3230, 244, 0, 0.516, 21, 42
1773274865, 3, 5, 791, 788, 10, 12.26%, 0, 0, 2, 2.05, 18, 89, 3, 2, 3230, 244, 0, 0.516, 21, 42
1773274908, 3, 5, 792, 789, 10, 12.26%, 0, 0, 2, 1.85, 18, 89, 3, 2, 3230, 244, 0, 0.516, 21, 42
1773274949, 3, 5, 793, 790, 10, 12.26%, 0, 0, 2, 1.62, 18, 89, 3, 2, 3230, 244, 0, 0.518, 23, 46
1773274966, 3, 5, 794, 791, 10, 12.26%, 0, 0, 2, 1.59, 18, 89, 3, 2, 3230, 244, 0, 0.518, 23, 46
1773275061, 3, 5, 795, 792, 10, 12.26%, 0, 0, 2, 2.10, 18, 89, 3, 2, 3230, 244, 0, 0.518, 23, 46
1773275084, 3, 5, 796, 793, 10, 12.26%, 0, 0, 2, 1.81, 18, 89, 3, 2, 3230, 244, 0, 0.518, 23, 46
1773275139, 3, 5, 797, 794, 10, 12.27%, 0, 0, 2, 2.17, 18, 89, 3, 2, 3230, 244, 0, 0.518, 23, 46
1773275172, 3, 5, 798, 795, 10, 12.27%, 0, 0, 2, 2.33, 18, 89, 3, 2, 3230, 244, 0, 0.518, 23, 46
1773275198, 3, 5, 799, 796, 10, 12.27%, 0, 0, 2, 2.09, 18, 89, 3, 2, 3230, 244, 0, 0.518, 23, 46
1773275301, 3, 5, 800, 797, 10, 12.27%, 0, 0, 2, 2.07, 18, 89, 3, 2, 3230, 244, 0, 0.505, 28, 52
1773275323, 3, 5, 801, 798, 10, 12.27%, 0, 0, 2, 1.82, 18, 89, 3, 2, 3230, 244, 0, 0.505, 28, 52
1773275370, 3, 5, 802, 799, 10, 12.27%, 0, 0, 2, 1.83, 18, 89, 3, 2, 3230, 244, 0, 0.505, 28, 52
1773275376, 3, 5, 803, 800, 10, 12.27%, 0, 0, 2, 1.68, 18, 89, 3, 2, 3230, 244, 0, 0.505, 28, 52
1773275400, 3, 5, 804, 801, 10, 12.27%, 0, 0, 2, 1.30, 18, 89, 3, 2, 3230, 244, 0, 0.505, 28, 52
1773275442, 3, 5, 805, 802, 10, 12.27%, 0, 0, 2, 2.36, 18, 89, 3, 2, 3230, 244, 0, 0.505, 28, 52
1773275537, 3, 5, 806, 803, 10, 12.27%, 0, 0, 2, 1.53, 18, 89, 3, 2, 3230, 244, 0, 0.505, 28, 52
1773275647, 3, 5, 807, 804, 10, 12.27%, 0, 0, 2, 1.88, 18, 89, 3, 2, 3230, 244, 0, 0.505, 28, 52
1773275658, 3, 5, 808, 805, 10, 12.27%, 0, 0, 2, 1.63, 18, 89, 3, 2, 3230, 244, 0, 0.505, 28, 52
1773275820, 3, 5, 809, 806, 10, 12.29%, 0, 0, 2, 2.08, 18, 89, 3, 2, 3230, 244, 0, 0.505, 28, 52
1773275858, 3, 5, 810, 807, 10, 12.29%, 0, 0, 2, 0.25, 18, 89, 3, 2, 3230, 244, 0, 0.505, 28, 52
1773275981, 3, 5, 811, 808, 10, 12.29%, 0, 0, 2, 1.97, 18, 89, 3, 2, 3230, 244, 0, 0.505, 28, 52
1773276002, 3, 5, 812, 809, 10, 12.30%, 0, 0, 2, 1.94, 18, 89, 3, 2, 3230, 244, 0, 0.505, 28, 52
1773276044, 3, 21, 812, 808, 4, 12.30%, 0, 0, 2, 2.03, 18, 89, 3, 2, 3230, 244, 0, 0.505, 28, 52
1773276102, 3, 21, 813, 809, 4, 12.30%, 0, 0, 2, 2.26, 18, 90, 3, 2, 3230, 244, 0, 0.505, 28, 52
1773276113, 3, 21, 814, 810, 4, 12.30%, 0, 0, 2, 2.52, 18, 90, 3, 2, 3230, 244, 0, 0.505, 28, 52
1773276165, 3, 21, 815, 811, 4, 12.31%, 0, 0, 2, 1.93, 18, 90, 3, 2, 3230, 244, 0, 0.505, 28, 52
1773276219, 3, 21, 816, 812, 4, 12.31%, 0, 0, 2, 2.11, 18, 90, 3, 2, 3230, 244, 0, 0.505, 28, 52
1773276263, 3, 21, 817, 813, 4, 12.31%, 0, 0, 2, 1.81, 18, 90, 3, 2, 3230, 244, 0, 0.505, 28, 52
1773276302, 3, 21, 818, 814, 4, 12.31%, 0, 0, 2, 1.27, 18, 90, 3, 2, 3230, 244, 0, 0.505, 28, 52
1773276322, 3, 21, 819, 815, 4, 12.31%, 0, 0, 2, 1.81, 18, 90, 3, 2, 3230, 244, 0, 0.505, 28, 52
1773276430, 3, 297, 819, 814, 1, 12.31%, 0, 0, 2, 0.23, 18, 90, 4, 3, 4817, 378, 0, 0.505, 28, 52
1773276462, 3, 297, 820, 815, 1, 12.31%, 0, 0, 3, 2.47, 18, 90, 4, 3, 4817, 378, 0, 0.505, 28, 52
1773276467, 3, 297, 821, 816, 1, 12.31%, 0, 0, 3, 2.52, 18, 90, 4, 3, 4817, 378, 0, 0.505, 28, 52
1773276482, 3, 297, 822, 817, 1, 12.31%, 0, 0, 3, 2.56, 18, 90, 4, 3, 4817, 378, 0, 0.505, 28, 52
1773276566, 3, 297, 823, 818, 1, 12.31%, 0, 0, 3, 2.45, 18, 90, 4, 3, 4817, 378, 0, 0.505, 28, 52
1773276576, 3, 297, 824, 819, 1, 12.31%, 0, 0, 3, 2.34, 18, 90, 4, 3, 4817, 378, 0, 0.505, 28, 52
1773276582, 3, 297, 825, 820, 1, 12.32%, 0, 0, 3, 2.12, 18, 90, 4, 3, 4817, 378, 0, 0.505, 28, 52
1773276592, 3, 297, 826, 821, 1, 12.32%, 0, 0, 3, 1.95, 18, 90, 4, 3, 4817, 378, 0, 0.505, 28, 52
1773276696, 4, 205, 826, 820, 0, 12.32%, 0, 0, 3, 2.48, 18, 90, 5, 3, 4817, 378, 0, 0.505, 28, 52
1773276716, 4, 205, 827, 821, 0, 12.32%, 0, 0, 3, 2.57, 18, 91, 5, 3, 4817, 378, 0, 0.504, 28, 53
1773276732, 4, 205, 828, 822, 0, 12.32%, 0, 0, 3, 2.44, 18, 91, 5, 3, 4817, 378, 0, 0.504, 28, 53
1773276742, 4, 205, 829, 823, 0, 12.32%, 0, 0, 3, 2.52, 18, 91, 5, 3, 4817, 378, 0, 0.504, 28, 53
1773276763, 4, 205, 830, 824, 0, 12.32%, 0, 0, 3, 2.46, 18, 91, 5, 3, 4817, 378, 0, 0.504, 28, 53
1773276795, 4, 205, 831, 825, 0, 12.32%, 0, 0, 3, 2.53, 18, 91, 5, 3, 4817, 378, 0, 0.504, 28, 53
1773276831, 4, 205, 832, 826, 0, 12.32%, 0, 0, 3, 2.41, 18, 92, 5, 3, 4817, 378, 0, 0.504, 28, 53
1773276846, 4, 205, 833, 827, 0, 12.32%, 0, 0, 3, 2.26, 18, 92, 5, 3, 4817, 378, 0, 0.504, 28, 53
1773276852, 4, 205, 834, 828, 0, 12.32%, 0, 0, 3, 2.37, 18, 92, 5, 3, 4817, 378, 0, 0.504, 28, 53
1773276857, 4, 205, 835, 829, 0, 12.32%, 0, 0, 3, 2.44, 18, 92, 5, 3, 4817, 378, 0, 0.504, 28, 53
1773276885, 4, 205, 836, 830, 0, 12.32%, 0, 0, 3, 2.41, 18, 92, 5, 3, 4817, 378, 0, 0.504, 28, 53
1773276911, 4, 205, 837, 831, 0, 12.32%, 0, 0, 3, 2.20, 18, 92, 5, 3, 4817, 378, 0, 0.504, 28, 53
1773276975, 4, 205, 838, 832, 0, 12.35%, 0, 0, 3, 2.44, 18, 92, 5, 3, 4817, 378, 0, 0.504, 28, 54
1773277001, 4, 205, 839, 833, 0, 12.35%, 0, 0, 3, 2.17, 18, 92, 5, 3, 4817, 378, 0, 0.504, 28, 54
1773277043, 4, 205, 840, 834, 0, 12.36%, 0, 0, 3, 2.37, 18, 92, 5, 3, 4817, 378, 0, 0.504, 28, 54
1773277111, 4, 205, 842, 836, 0, 12.36%, 0, 0, 3, 2.50, 18, 92, 5, 3, 4817, 378, 0, 0.504, 28, 54
1773277158, 5, 45, 842, 835, 7, 12.36%, 0, 0, 3, 2.53, 18, 92, 5, 3, 4817, 378, 0, 0.511, 30, 56
1773277179, 5, 45, 843, 836, 7, 12.36%, 0, 0, 3, 2.38, 18, 92, 5, 3, 4817, 378, 0, 0.511, 30, 56
1773277205, 5, 64, 843, 835, 6, 12.36%, 0, 0, 3, 2.30, 18, 92, 5, 3, 4817, 378, 0, 0.511, 30, 56
1773277237, 5, 64, 844, 836, 6, 12.36%, 0, 0, 3, 2.16, 18, 92, 5, 3, 4817, 378, 0, 0.511, 30, 56
1773277295, 5, 64, 845, 837, 6, 12.38%, 0, 0, 3, 1.66, 18, 92, 5, 3, 4817, 378, 0, 0.511, 30, 56
1773277328, 5, 64, 846, 838, 6, 12.38%, 0, 0, 3, 1.74, 18, 92, 5, 3, 4817, 378, 0, 0.511, 30, 56
1773277338, 5, 64, 847, 839, 6, 12.38%, 0, 0, 3, 1.75, 18, 92, 5, 3, 4817, 378, 0, 0.511, 30, 56
1773277349, 5, 64, 848, 840, 6, 12.38%, 0, 0, 3, 1.49, 18, 92, 5, 3, 4817, 378, 0, 0.511, 30, 56
1773277359, 5, 64, 849, 841, 6, 12.38%, 0, 0, 3, 1.35, 18, 92, 5, 3, 4817, 378, 0, 0.511, 30, 56
1773277381, 5, 64, 850, 842, 6, 12.38%, 0, 0, 3, 1.68, 18, 92, 5, 3, 4817, 378, 0, 0.511, 30, 56
1773277408, 5, 64, 851, 843, 6, 12.38%, 0, 0, 3, 1.70, 18, 92, 5, 3, 4817, 378, 0, 0.511, 30, 56
1773277450, 5, 64, 852, 844, 6, 12.38%, 0, 0, 3, 1.66, 18, 92, 5, 3, 4817, 378, 0, 0.511, 30, 57
1773277455, 5, 64, 853, 845, 6, 12.38%, 0, 0, 3, 1.69, 18, 92, 5, 3, 4817, 378, 0, 0.511, 30, 57
1773277497, 5, 64, 854, 846, 6, 12.38%, 0, 0, 3, 1.67, 18, 92, 5, 3, 4817, 378, 0, 0.511, 30, 57
1773277535, 5, 64, 855, 847, 6, 12.38%, 0, 0, 3, 1.65, 18, 92, 5, 3, 4817, 378, 0, 0.511, 30, 57
1773277615, 5, 64, 856, 848, 6, 12.38%, 0, 0, 3, 1.75, 18, 92, 5, 3, 4817, 378, 0, 0.511, 30, 57
1773277647, 5, 64, 857, 849, 6, 12.38%, 0, 0, 3, 1.89, 18, 92, 5, 3, 4817, 378, 0, 0.511, 30, 57
1773277658, 5, 64, 858, 850, 6, 12.38%, 0, 0, 3, 1.74, 18, 92, 5, 3, 4817, 378, 0, 0.511, 30, 57
1773277722, 5, 64, 859, 851, 6, 12.38%, 0, 0, 3, 1.82, 18, 92, 5, 3, 4817, 378, 0, 0.511, 30, 57
1773277760, 5, 64, 860, 852, 6, 12.39%, 0, 0, 3, 1.89, 18, 92, 5, 3, 4817, 378, 0, 0.511, 31, 60
1773277830, 6, 45, 860, 851, 12, 12.39%, 0, 0, 3, 1.79, 18, 92, 5, 3, 4817, 378, 0, 0.511, 31, 60
1773277835, 6, 45, 861, 852, 12, 12.39%, 0, 0, 3, 2.03, 18, 92, 5, 3, 4817, 378, 0, 0.511, 31, 60
1773277937, 6, 45, 862, 853, 12, 12.39%, 0, 0, 3, 0.43, 18, 92, 5, 3, 4817, 378, 0, 0.511, 31, 60
1773277963, 6, 45, 863, 854, 12, 12.39%, 0, 0, 3, 0.26, 18, 92, 5, 3, 4817, 378, 0, 0.511, 31, 60
1773278044, 6, 45, 864, 855, 12, 12.39%, 0, 0, 3, 2.36, 18, 92, 5, 3, 4817, 378, 0, 0.511, 31, 60
1773278091, 6, 45, 865, 856, 12, 12.39%, 0, 0, 3, 2.23, 18, 92, 5, 3, 4817, 378, 0, 0.511, 31, 60
1773278123, 6, 45, 866, 857, 12, 12.39%, 0, 0, 3, 2.18, 18, 92, 5, 3, 4817, 378, 0, 0.510, 31, 61
1773278144, 6, 45, 866, 857, 36, 12.39%, 0, 0, 3, 1.91, 18, 92, 5, 3, 4817, 378, 0, 0.510, 31, 61
1773278165, 6, 45, 867, 858, 36, 12.39%, 0, 0, 3, 2.55, 18, 92, 5, 3, 4817, 378, 0, 0.510, 31, 61
1773278170, 6, 45, 868, 859, 36, 12.39%, 0, 0, 3, 2.54, 18, 92, 5, 3, 4817, 378, 0, 0.510, 31, 61
1773278289, 7, 6, 869, 860, 36, 12.39%, 0, 0, 3, 2.30, 18, 92, 5, 3, 4817, 378, 0, 0.510, 31, 61
1773278306, 7, 6, 870, 861, 36, 12.39%, 0, 0, 3, 1.52, 18, 92, 5, 3, 4817, 378, 0, 0.510, 31, 61
1773278311, 7, 6, 871, 862, 36, 12.39%, 0, 0, 3, 1.43, 18, 92, 5, 3, 4817, 378, 0, 0.510, 31, 61
1773278404, 7, 6, 872, 863, 36, 12.39%, 0, 0, 3, 1.30, 18, 92, 5, 3, 4817, 378, 0, 0.493, 32, 65
1773278458, 7, 6, 873, 864, 36, 12.39%, 0, 0, 3, 1.66, 18, 92, 5, 3, 4817, 378, 0, 0.493, 32, 65
1773278506, 7, 6, 874, 865, 36, 12.39%, 0, 0, 3, 1.33, 18, 92, 5, 3, 4817, 378, 0, 0.493, 32, 65
1773278517, 7, 6, 875, 866, 36, 12.39%, 0, 0, 3, 1.25, 18, 92, 5, 3, 4817, 378, 0, 0.493, 32, 65
1773278560, 7, 6, 876, 867, 36, 12.39%, 0, 0, 3, 1.35, 18, 92, 5, 3, 4817, 378, 0, 0.493, 32, 65
1773278644, 7, 6, 877, 868, 36, 12.39%, 0, 0, 3, 1.55, 18, 92, 5, 3, 4817, 378, 0, 0.493, 32, 65
1773278649, 7, 6, 878, 869, 36, 12.40%, 0, 0, 3, 1.53, 18, 92, 5, 3, 4817, 378, 0, 0.493, 32, 65
1773278696, 7, 6, 879, 870, 36, 12.40%, 0, 0, 3, 1.25, 18, 92, 5, 3, 4817, 378, 0, 0.493, 32, 65
1773278744, 7, 6, 880, 871, 36, 12.40%, 0, 0, 3, 1.35, 18, 92, 5, 3, 4817, 378, 0, 0.493, 32, 65
1773278798, 7, 6, 881, 872, 36, 12.40%, 0, 0, 3, 1.37, 18, 92, 5, 3, 4817, 378, 0, 0.493, 32, 65
1773278852, 7, 6, 882, 873, 36, 12.40%, 0, 0, 3, 1.30, 18, 92, 5, 3, 4817, 378, 0, 0.493, 32, 65
1773278890, 7, 6, 883, 874, 36, 12.40%, 0, 0, 3, 1.22, 18, 92, 5, 3, 4817, 378, 0, 0.493, 32, 65
1773279014, 7, 6, 884, 875, 36, 12.40%, 0, 0, 3, 1.31, 18, 92, 5, 3, 4817, 378, 0, 0.493, 32, 65
1773279111, 7, 6, 885, 876, 36, 12.40%, 0, 0, 3, 1.28, 18, 92, 5, 3, 4817, 378, 0, 0.493, 32, 65
1773279205, 7, 6, 886, 877, 36, 12.40%, 0, 0, 3, 1.14, 18, 92, 5, 3, 4817, 378, 0, 0.492, 32, 68
1773279228, 7, 6, 887, 878, 36, 12.40%, 0, 0, 3, 1.05, 18, 92, 5, 3, 4817, 378, 0, 0.492, 32, 68
1773279277, 7, 6, 888, 879, 36, 12.40%, 0, 0, 3, 1.20, 18, 92, 5, 3, 4817, 378, 0, 0.492, 32, 68
1773279311, 7, 6, 889, 880, 36, 12.40%, 0, 0, 3, 1.21, 18, 92, 5, 3, 4817, 378, 0, 0.492, 32, 68
1773279381, 7, 6, 890, 881, 36, 12.40%, 0, 0, 3, 1.36, 18, 92, 5, 3, 4817, 378, 0, 0.492, 32, 68
1773279391, 7, 6, 891, 882, 36, 12.40%, 0, 0, 3, 1.49, 18, 92, 5, 3, 4817, 378, 0, 0.492, 32, 68
1773279419, 7, 6, 892, 883, 36, 12.40%, 0, 0, 3, 1.51, 18, 92, 5, 3, 4817, 378, 0, 0.492, 32, 68
1773279446, 7, 6, 893, 884, 36, 12.40%, 0, 0, 3, 1.48, 18, 92, 5, 3, 4817, 378, 0, 0.492, 32, 68
1773279523, 7, 6, 894, 885, 36, 12.40%, 0, 0, 3, 1.19, 18, 92, 5, 3, 4817, 378, 0, 0.492, 32, 68
1773279566, 7, 6, 895, 886, 36, 12.40%, 0, 0, 3, 1.28, 18, 92, 5, 3, 4817, 378, 0, 0.492, 32, 68
1773279669, 7, 6, 896, 887, 36, 12.40%, 0, 0, 3, 1.59, 18, 92, 5, 3, 4817, 378, 0, 0.492, 32, 68
1773279829, 7, 6, 897, 888, 36, 12.40%, 0, 0, 3, 1.08, 18, 92, 5, 3, 4817, 378, 0, 0.492, 32, 68
1773279866, 7, 6, 898, 889, 36, 12.40%, 0, 0, 3, 1.19, 18, 92, 5, 3, 4817, 378, 0, 0.492, 32, 68
1773279878, 7, 6, 899, 890, 36, 12.40%, 0, 0, 3, 1.08, 18, 92, 5, 3, 4817, 378, 0, 0.492, 32, 68
1773279902, 7, 6, 900, 891, 36, 12.41%, 0, 0, 3, 0.91, 18, 92, 5, 3, 4817, 378, 0, 0.492, 32, 68
1773280170, 8, 29, 901, 891, 3, 12.41%, 0, 0, 3, 0.18, 18, 92, 6, 4, 6402, 471, 0, 0.492, 32, 68
1773280186, 8, 29, 902, 892, 3, 12.41%, 0, 0, 3, 2.30, 18, 92, 6, 4, 6402, 471, 0, 0.492, 32, 68
1773280212, 8, 29, 903, 893, 3, 12.41%, 0, 0, 3, 2.31, 18, 92, 6, 4, 6402, 471, 0, 0.492, 32, 68
1773280238, 8, 29, 904, 894, 3, 12.41%, 0, 0, 3, 2.45, 18, 92, 6, 4, 6402, 471, 0, 0.492, 32, 68
1773280243, 8, 29, 905, 895, 3, 12.41%, 0, 0, 3, 2.55, 18, 92, 6, 4, 6402, 471, 0, 0.492, 32, 68
1773280264, 8, 29, 906, 896, 3, 12.41%, 0, 0, 3, 2.57, 18, 92, 6, 4, 6402, 471, 0, 0.492, 32, 68
1773280295, 8, 29, 907, 897, 3, 12.41%, 0, 0, 3, 2.61, 18, 92, 6, 4, 6402, 471, 0, 0.492, 32, 68
1773280300, 8, 29, 908, 898, 3, 12.41%, 0, 0, 3, 2.62, 18, 92, 6, 4, 6402, 471, 0, 0.492, 32, 68
1773280331, 8, 29, 909, 899, 3, 12.41%, 0, 0, 3, 2.54, 18, 92, 6, 4, 6402, 471, 0, 0.492, 32, 68
1773280388, 8, 29, 910, 900, 3, 12.41%, 0, 0, 3, 2.56, 18, 92, 6, 4, 6402, 471, 0, 0.500, 35, 72
1773280419, 8, 29, 911, 901, 3, 12.41%, 0, 0, 3, 2.60, 18, 92, 6, 4, 6402, 471, 0, 0.500, 35, 72
1773280430, 8, 29, 912, 902, 3, 12.41%, 0, 0, 3, 2.62, 18, 92, 6, 4, 6402, 471, 0, 0.500, 35, 72
1773280476, 8, 29, 913, 903, 3, 12.42%, 0, 0, 3, 2.15, 18, 93, 6, 4, 6402, 471, 0, 0.500, 35, 72
1773280508, 8, 29, 914, 904, 3, 12.42%, 0, 0, 3, 2.52, 18, 93, 6, 4, 6402, 471, 0, 0.500, 35, 72
1773280523, 8, 29, 915, 905, 3, 12.42%, 0, 0, 3, 2.55, 18, 93, 6, 4, 6402, 471, 0, 0.500, 35, 72
1773280533, 8, 29, 916, 906, 3, 12.42%, 0, 0, 3, 2.56, 18, 93, 6, 4, 6402, 471, 0, 0.500, 35, 72
1773280549, 8, 29, 917, 907, 3, 12.42%, 0, 0, 3, 2.61, 18, 93, 6, 4, 6402, 471, 0, 0.500, 35, 72
1773280586, 8, 29, 918, 908, 3, 12.42%, 0, 0, 3, 2.55, 18, 93, 6, 4, 6402, 471, 0, 0.500, 36, 78
1773280656, 8, 45, 918, 907, 5, 12.42%, 0, 0, 3, 0.19, 18, 93, 7, 5, 7957, 562, 0, 0.500, 36, 78
1773280667, 8, 45, 919, 908, 5, 12.42%, 0, 0, 3, 2.58, 18, 93, 7, 5, 7957, 562, 0, 0.500, 36, 78
1773280785, 9, 5, 919, 908, 5, 12.42%, 0, 0, 3, 0.16, 18, 93, 8, 6, 9576, 687, 0, 0.500, 36, 78
1773280827, 9, 5, 920, 909, 5, 12.42%, 0, 0, 3, 2.39, 18, 93, 8, 6, 9576, 687, 0, 0.500, 36, 78
1773280950, 9, 61, 920, 909, 5, 12.42%, 0, 0, 3, 0.18, 18, 93, 9, 7, 11177, 754, 0, 0.500, 36, 78
1773280955, 9, 61, 921, 910, 5, 12.42%, 0, 0, 3, 1.78, 18, 93, 9, 7, 11177, 754, 0, 0.500, 36, 78
1773280965, 9, 61, 922, 911, 5, 12.42%, 0, 0, 3, 1.79, 18, 94, 9, 7, 11177, 754, 0, 0.500, 36, 78
1773281019, 9, 61, 923, 912, 5, 12.42%, 0, 0, 3, 1.73, 18, 94, 9, 7, 11177, 754, 0, 0.500, 36, 78
1773281074, 9, 61, 924, 913, 5, 12.43%, 0, 0, 3, 1.68, 18, 94, 9, 7, 11177, 754, 0, 0.500, 36, 78
1773281175, 9, 61, 925, 914, 5, 12.43%, 0, 0, 3, 1.81, 18, 94, 9, 7, 11177, 754, 0, 0.500, 36, 78
1773281495, 9, 61, 926, 915, 5, 12.43%, 0, 0, 3, 1.85, 18, 94, 9, 7, 11177, 754, 0, 0.500, 36, 78
1773281545, 9, 61, 927, 916, 5, 12.43%, 0, 0, 3, 0.46, 18, 94, 9, 7, 11177, 754, 0, 0.500, 36, 78
1773281605, 9, 61, 928, 917, 5, 12.43%, 0, 0, 3, 1.90, 18, 95, 9, 7, 11177, 754, 0, 0.500, 36, 78
1773281610, 9, 61, 929, 918, 5, 12.43%, 0, 0, 3, 2.02, 18, 95, 9, 7, 11177, 754, 0, 0.500, 36, 78
1773281636, 9, 61, 930, 919, 5, 12.43%, 0, 0, 3, 2.04, 18, 96, 9, 7, 11177, 754, 0, 0.500, 36, 78
1773281642, 9, 61, 931, 920, 5, 12.44%, 0, 0, 3, 2.01, 18, 96, 9, 7, 11177, 754, 0, 0.500, 36, 78
1773281678, 9, 61, 932, 921, 5, 12.44%, 0, 0, 3, 1.98, 18, 96, 9, 7, 11177, 754, 0, 0.498, 36, 82
1773281683, 9, 61, 933, 922, 5, 12.44%, 0, 0, 3, 1.92, 18, 96, 9, 7, 11177, 754, 0, 0.498, 36, 82
1773281694, 9, 61, 934, 923, 5, 12.44%, 0, 0, 3, 1.66, 18, 96, 9, 7, 11177, 754, 0, 0.498, 36, 82
1773281779, 9, 61, 935, 924, 5, 12.44%, 0, 0, 3, 2.42, 18, 96, 9, 7, 11177, 754, 0, 0.498, 36, 82
1773281810, 9, 61, 936, 925, 5, 12.44%, 0, 0, 3, 2.32, 18, 96, 9, 7, 11177, 754, 0, 0.498, 36, 82
1773281830, 9, 61, 937, 926, 5, 12.45%, 0, 0, 3, 2.45, 18, 97, 9, 7, 11177, 754, 0, 0.498, 36, 82
1773281847, 9, 61, 938, 927, 5, 12.45%, 0, 0, 3, 2.10, 18, 97, 9, 7, 11177, 754, 0, 0.498, 36, 82
1773281872, 9, 61, 938, 927, 5, 12.45%, 0, 1, 3, 0.20, 18, 97, 9, 7, 11177, 754, 0, 0.498, 36, 82
1773281878, 9, 61, 939, 928, 5, 12.45%, 0, 1, 3, 1.68, 18, 97, 9, 7, 11177, 754, 0, 0.498, 36, 82
1773281899, 9, 61, 940, 929, 5, 12.45%, 0, 1, 3, 1.97, 18, 97, 9, 7, 11177, 754, 0, 0.498, 36, 82
1773281910, 9, 61, 941, 930, 5, 12.45%, 0, 1, 3, 2.08, 18, 97, 9, 7, 11177, 754, 0, 0.498, 36, 82
1773281939, 9, 61, 941, 930, 5, 12.45%, 0, 2, 3, 0.20, 18, 97, 9, 7, 11177, 754, 0, 0.498, 36, 84
1773281950, 9, 61, 942, 931, 5, 12.45%, 0, 2, 3, 2.42, 18, 97, 9, 7, 11177, 754, 0, 0.498, 36, 84
1773282002, 9, 61, 943, 932, 5, 12.46%, 0, 2, 3, 2.05, 18, 97, 9, 7, 11177, 754, 0, 0.498, 36, 84
1773282007, 9, 61, 944, 933, 5, 12.46%, 0, 2, 3, 2.34, 18, 98, 9, 7, 11177, 754, 0, 0.498, 36, 84
1773282060, 10, 819, 944, 932, 0, 12.46%, 0, 2, 3, 2.09, 18, 98, 9, 7, 11177, 754, 0, 0.498, 36, 84
1773282087, 10, 819, 945, 933, 0, 12.46%, 0, 2, 4, 2.41, 18, 98, 9, 7, 11177, 754, 0, 0.498, 36, 84
1773282092, 10, 819, 946, 934, 0, 12.46%, 0, 2, 4, 2.27, 18, 98, 9, 7, 11177, 754, 0, 0.498, 36, 84
1773282112, 10, 819, 947, 935, 0, 12.46%, 0, 2, 4, 2.08, 18, 99, 9, 7, 11177, 754, 0, 0.498, 36, 84
1773282123, 10, 819, 948, 936, 0, 12.46%, 0, 2, 4, 2.05, 18, 99, 9, 7, 11177, 754, 0, 0.498, 36, 84
1773282229, 10, 819, 949, 937, 0, 12.46%, 0, 2, 4, 1.81, 18, 100, 9, 7, 11177, 754, 0, 0.498, 37, 84
1773282241, 10, 819, 950, 938, 0, 12.46%, 0, 2, 4, 2.10, 18, 100, 9, 7, 11177, 754, 0, 0.498, 37, 84
1773282246, 10, 819, 951, 939, 0, 12.46%, 0, 2, 4, 2.34, 18, 100, 9, 7, 11177, 754, 0, 0.498, 37, 84
1773282288, 10, 819, 952, 940, 0, 12.46%, 0, 2, 4, 2.47, 18, 100, 9, 7, 11177, 754, 0, 0.498, 37, 84
1773282341, 10, 819, 953, 941, 0, 12.46%, 0, 2, 4, 2.07, 18, 100, 9, 7, 11177, 754, 0, 0.498, 37, 84
1773282378, 10, 819, 954, 942, 0, 12.46%, 0, 2, 4, 2.41, 18, 101, 9, 7, 11177, 754, 0, 0.498, 37, 84
1773282383, 10, 819, 955, 943, 0, 12.46%, 0, 2, 4, 2.43, 18, 102, 9, 7, 11177, 754, 0, 0.498, 37, 84
1773282394, 10, 819, 956, 944, 0, 12.46%, 0, 2, 4, 2.43, 18, 102, 9, 7, 11177, 754, 0, 0.498, 37, 84
1773282404, 10, 819, 957, 945, 0, 12.46%, 0, 2, 4, 2.36, 18, 102, 9, 7, 11177, 754, 0, 0.496, 37, 89
1773282415, 10, 819, 958, 946, 0, 12.46%, 0, 2, 4, 2.31, 18, 102, 9, 7, 11177, 754, 0, 0.496, 37, 89
1773282420, 10, 819, 959, 947, 0, 12.46%, 0, 2, 4, 2.29, 18, 102, 9, 7, 11177, 754, 0, 0.496, 37, 89
1773282451, 10, 819, 960, 948, 0, 12.46%, 0, 2, 4, 2.39, 18, 102, 9, 7, 11177, 754, 0, 0.496, 37, 89
1773282476, 10, 819, 961, 949, 0, 12.46%, 0, 2, 4, 2.36, 18, 102, 9, 7, 11177, 754, 0, 0.496, 37, 89
1773282503, 10, 819, 962, 950, 0, 12.46%, 0, 2, 4, 2.32, 18, 102, 9, 7, 11177, 754, 0, 0.496, 37, 89
1773282544, 10, 826, 963, 950, 3, 12.46%, 0, 2, 4, 2.32, 18, 103, 9, 7, 11177, 754, 0, 0.496, 37, 89
1773282560, 10, 826, 964, 951, 3, 12.47%, 0, 2, 4, 2.25, 18, 103, 9, 7, 11177, 754, 0, 0.496, 37, 89
1773282638, 10, 826, 965, 952, 3, 12.47%, 0, 2, 4, 2.29, 18, 103, 9, 7, 11177, 754, 0, 0.496, 37, 89
1773282869, 10, 826, 966, 953, 3, 12.47%, 0, 2, 4, 2.25, 18, 103, 9, 7, 11177, 754, 0, 0.496, 37, 89
1773282937, 10, 826, 967, 954, 3, 12.47%, 0, 2, 4, 2.38, 18, 103, 9, 7, 11177, 754, 0, 0.496, 37, 89
1773282968, 10, 826, 968, 955, 3, 12.47%, 0, 2, 4, 2.42, 18, 103, 9, 7, 11177, 754, 0, 0.496, 37, 89
1773282994, 10, 826, 969, 956, 3, 12.47%, 0, 2, 4, 2.45, 18, 103, 9, 7, 11177, 754, 0, 0.496, 37, 89
1773283046, 10, 826, 970, 957, 3, 12.47%, 0, 2, 4, 2.35, 18, 103, 9, 7, 11177, 754, 0, 0.496, 37, 89
1773283088, 10, 826, 971, 958, 3, 12.47%, 0, 2, 4, 2.41, 18, 103, 9, 7, 11177, 754, 0, 0.496, 37, 89
1773283098, 10, 826, 972, 959, 3, 12.47%, 0, 2, 4, 2.42, 18, 103, 9, 7, 11177, 754, 0, 0.496, 37, 89
1773283119, 10, 826, 973, 960, 3, 12.47%, 0, 2, 4, 2.48, 18, 103, 9, 7, 11177, 754, 0, 0.496, 37, 89
1773283124, 10, 826, 974, 961, 3, 12.47%, 0, 2, 4, 2.43, 18, 104, 9, 7, 11177, 754, 0, 0.496, 37, 89
1773283134, 10, 826, 975, 962, 3, 12.48%, 0, 2, 4, 2.31, 18, 104, 9, 7, 11177, 754, 0, 0.496, 37, 89
1773283205, 11, 12, 975, 961, 4, 12.48%, 0, 2, 4, 0.18, 18, 104, 10, 8, 12980, 857, 0, 0.496, 37, 89
1773283210, 11, 12, 976, 962, 4, 12.48%, 0, 2, 4, 2.45, 18, 104, 10, 8, 12980, 857, 0, 0.496, 37, 89
1773283226, 11, 12, 977, 963, 4, 12.48%, 0, 2, 4, 2.53, 18, 104, 10, 8, 12980, 857, 0, 0.496, 37, 89
1773283236, 11, 12, 978, 964, 4, 12.48%, 0, 2, 4, 2.49, 18, 104, 10, 8, 12980, 857, 0, 0.496, 37, 89
1773283257, 11, 12, 979, 965, 4, 12.48%, 0, 2, 4, 2.47, 18, 104, 10, 8, 12980, 857, 0, 0.496, 37, 89
1773283278, 11, 12, 980, 966, 4, 12.48%, 0, 2, 4, 2.42, 18, 104, 10, 8, 12980, 857, 0, 0.503, 39, 90
1773283299, 11, 12, 981, 967, 4, 12.48%, 0, 2, 4, 2.50, 18, 104, 10, 8, 12980, 857, 0, 0.503, 39, 90
1773283325, 11, 12, 982, 968, 4, 12.48%, 0, 2, 4, 2.40, 18, 104, 10, 8, 12980, 857, 0, 0.503, 39, 90
1773283340, 11, 12, 983, 969, 4, 12.48%, 0, 2, 4, 2.39, 18, 104, 10, 8, 12980, 857, 0, 0.503, 39, 90
1773283382, 11, 12, 984, 970, 4, 12.48%, 0, 2, 4, 2.46, 18, 104, 10, 8, 12980, 857, 0, 0.503, 39, 90
1773283467, 11, 12, 985, 971, 4, 12.48%, 0, 2, 4, 2.38, 18, 104, 10, 8, 12980, 857, 0, 0.503, 39, 90
1773283472, 11, 12, 986, 972, 4, 12.48%, 0, 2, 4, 2.38, 18, 104, 10, 8, 12980, 857, 0, 0.503, 39, 91
1773283555, 11, 12, 987, 973, 4, 12.49%, 0, 2, 4, 2.37, 18, 104, 10, 8, 12980, 857, 0, 0.503, 39, 91
1773283655, 11, 12, 988, 974, 4, 12.49%, 0, 2, 4, 2.44, 18, 105, 10, 8, 12980, 857, 0, 0.503, 39, 91
1773283682, 11, 12, 989, 975, 4, 12.49%, 0, 2, 4, 2.40, 18, 105, 10, 8, 12980, 857, 0, 0.503, 39, 91
1773283692, 11, 12, 990, 976, 4, 12.50%, 0, 2, 4, 2.30, 18, 106, 10, 8, 12980, 857, 0, 0.503, 39, 91
1773283761, 11, 229, 990, 975, 4, 12.50%, 0, 2, 4, 2.27, 18, 106, 10, 8, 12980, 857, 0, 0.503, 39, 91
1773283776, 11, 229, 991, 976, 4, 12.50%, 0, 2, 4, 2.05, 18, 106, 10, 8, 12980, 857, 0, 0.503, 39, 91
1773283844, 11, 229, 992, 977, 4, 12.50%, 0, 2, 4, 1.70, 18, 106, 10, 8, 12980, 857, 0, 0.503, 39, 91
1773283898, 11, 229, 993, 978, 4, 12.50%, 0, 2, 4, 1.45, 18, 106, 10, 8, 12980, 857, 0, 0.503, 39, 91
1773283984, 12, 12, 993, 977, 3, 12.50%, 0, 2, 4, 1.75, 18, 106, 11, 8, 12980, 857, 0, 0.499, 39, 93
1773284021, 12, 12, 994, 978, 3, 12.50%, 0, 2, 4, 2.42, 18, 106, 11, 8, 12980, 857, 0, 0.499, 39, 93
1773284047, 12, 12, 995, 979, 3, 12.51%, 0, 2, 4, 2.38, 18, 106, 11, 8, 12980, 857, 0, 0.499, 39, 93
1773284201, 12, 12, 995, 979, 33, 12.51%, 0, 2, 4, 0.02, 18, 106, 12, 9, 14581, 909, 0, 0.499, 39, 93
1773284282, 12, 12, 996, 980, 33, 12.51%, 0, 2, 4, 2.19, 18, 106, 12, 9, 14581, 909, 0, 0.508, 43, 95
1773284367, 12, 12, 997, 981, 33, 12.51%, 0, 2, 4, 2.27, 18, 106, 12, 9, 14581, 909, 0, 0.508, 43, 95
1773284394, 12, 12, 997, 981, 33, 12.51%, 0, 3, 4, 0.20, 18, 106, 12, 9, 14581, 909, 0, 0.508, 43, 95
1773284399, 12, 12, 997, 981, 33, 12.51%, 0, 4, 4, 0.20, 18, 106, 12, 9, 14581, 909, 0, 0.508, 43, 95
1773284413, 12, 12, 997, 981, 33, 12.51%, 0, 5, 4, 0.20, 18, 106, 12, 9, 14581, 909, 0, 0.508, 43, 95
1773284418, 12, 12, 997, 981, 33, 12.51%, 0, 6, 4, 0.20, 18, 106, 12, 9, 14581, 909, 0, 0.508, 43, 95
1773284445, 12, 12, 998, 982, 33, 12.51%, 0, 6, 4, 1.98, 18, 106, 12, 9, 14581, 909, 0, 0.508, 43, 95
1773284479, 12, 63, 998, 982, 10, 12.51%, 0, 6, 4, 1.54, 18, 106, 12, 9, 14581, 909, 0, 0.508, 43, 95
1773284508, 12, 63, 999, 983, 10, 12.51%, 0, 6, 4, 1.26, 18, 106, 12, 9, 14581, 909, 0, 0.508, 43, 95
1773284535, 12, 63, 1000, 984, 10, 12.51%, 0, 6, 4, 1.48, 18, 106, 12, 9, 14581, 909, 0, 0.508, 43, 95
1773284926, 12, 63, 1000, 984, 10, 12.51%, 0, 7, 4, 0.71, 18, 106, 12, 9, 14581, 909, 0, 0.508, 43, 95
1773284953, 12, 63, 1001, 985, 10, 12.51%, 0, 7, 4, 0.75, 18, 106, 12, 9, 14581, 909, 0, 0.508, 43, 95
1773285074, 12, 68, 1001, 984, 9, 12.51%, 0, 7, 4, 1.27, 18, 106, 12, 9, 14581, 909, 0, 0.508, 43, 95
1773285097, 12, 68, 1002, 985, 9, 12.51%, 0, 7, 4, 1.78, 18, 107, 12, 9, 14581, 909, 0, 0.508, 43, 95
1773285109, 12, 68, 1003, 986, 9, 12.51%, 0, 7, 4, 1.34, 18, 107, 12, 9, 14581, 909, 0, 0.508, 43, 95
1773285131, 12, 68, 1004, 987, 9, 12.51%, 0, 7, 4, 1.11, 18, 107, 12, 9, 14581, 909, 0, 0.508, 43, 95
1773285213, 12, 68, 1005, 988, 9, 12.51%, 0, 7, 4, 1.20, 18, 107, 12, 9, 14581, 909, 0, 0.508, 43, 95
1773285233, 12, 68, 1005, 988, 9, 12.51%, 0, 8, 4, 0.20, 18, 107, 12, 9, 14581, 909, 0, 0.508, 43, 95
1773285248, 12, 68, 1005, 988, 9, 12.51%, 0, 9, 4, 0.20, 18, 107, 12, 9, 14581, 909, 0, 0.508, 43, 95
1773285275, 12, 68, 1006, 989, 9, 12.51%, 0, 9, 4, 1.40, 18, 107, 12, 9, 14581, 909, 0, 0.508, 43, 95
1773285330, 12, 68, 1006, 989, 9, 12.51%, 0, 10, 4, 0.20, 18, 107, 12, 9, 14581, 909, 0, 0.508, 43, 95
1773285395, 12, 68, 1007, 990, 9, 12.51%, 0, 10, 4, 1.42, 18, 107, 12, 9, 14581, 909, 0, 0.508, 43, 95
1773285423, 12, 68, 1008, 991, 9, 12.51%, 0, 10, 4, 1.38, 18, 107, 12, 9, 14581, 909, 0, 0.508, 43, 95
1773285462, 12, 68, 1009, 992, 9, 12.51%, 0, 10, 4, 1.55, 18, 107, 12, 9, 14581, 909, 0, 0.508, 43, 95
1773285500, 12, 68, 1009, 992, 9, 12.51%, 0, 11, 4, 0.20, 18, 107, 12, 9, 14581, 909, 0, 0.508, 43, 95
1773285510, 12, 68, 1009, 992, 9, 12.51%, 0, 12, 4, 0.20, 18, 107, 12, 9, 14581, 909, 0, 0.508, 43, 95
1773285531, 12, 68, 1009, 992, 9, 12.51%, 0, 13, 4, 0.20, 18, 107, 12, 9, 14581, 909, 0, 0.508, 43, 95
1773285536, 12, 68, 1010, 993, 9, 12.51%, 0, 13, 4, 0.33, 18, 107, 12, 9, 14581, 909, 0, 0.508, 43, 95
1773285662, 12, 68, 1010, 993, 9, 12.51%, 0, 14, 4, 0.20, 18, 107, 12, 9, 14581, 909, 0, 0.508, 43, 95
1773285690, 12, 68, 1010, 993, 9, 12.51%, 0, 15, 4, 0.20, 18, 107, 12, 9, 14581, 909, 0, 0.508, 43, 95
1773285739, 12, 68, 1010, 993, 9, 12.51%, 0, 16, 4, 0.20, 18, 107, 12, 9, 14581, 909, 0, 0.508, 43, 95
1773285867, 15, 7, 1010, 992, 3, 12.51%, 0, 16, 4, 0.19, 18, 107, 13, 10, 16153, 998, 0, 0.509, 44, 95
1773285872, 15, 7, 1011, 993, 3, 12.52%, 0, 16, 4, 2.05, 18, 107, 13, 10, 16153, 998, 0, 0.509, 44, 95
1773285877, 15, 7, 1012, 994, 3, 12.52%, 0, 16, 4, 2.27, 18, 107, 13, 10, 16153, 998, 0, 0.509, 44, 95
1773285978, 15, 7, 1013, 995, 3, 12.52%, 0, 16, 4, 2.11, 18, 107, 13, 10, 16153, 998, 0, 0.509, 44, 95
1773286039, 15, 7, 1014, 996, 3, 12.52%, 0, 16, 4, 2.38, 18, 107, 13, 10, 16153, 998, 0, 0.509, 44, 95
1773286070, 15, 7, 1015, 997, 3, 12.52%, 0, 16, 4, 2.44, 18, 107, 13, 10, 16153, 998, 0, 0.509, 44, 95
1773286117, 15, 21, 1015, 996, 2, 12.52%, 0, 16, 4, 2.22, 18, 107, 13, 10, 16153, 998, 0, 0.509, 44, 95
1773286286, 16, 63, 1015, 996, 2, 12.52%, 0, 16, 4, 0.18, 18, 107, 14, 11, 17773, 1173, 0, 0.509, 44, 95
1773286291, 16, 63, 1016, 997, 2, 12.52%, 0, 16, 4, 2.53, 18, 107, 14, 11, 17773, 1173, 0, 0.509, 44, 95
1773286317, 16, 63, 1017, 998, 2, 12.53%, 0, 16, 4, 2.41, 18, 108, 14, 11, 17773, 1173, 0, 0.509, 47, 99
1773286348, 16, 63, 1018, 999, 2, 12.53%, 0, 16, 4, 1.97, 18, 108, 14, 11, 17773, 1173, 0, 0.509, 47, 99
1773286391, 16, 63, 1019, 1000, 2, 12.53%, 0, 16, 4, 2.30, 18, 108, 14, 11, 17773, 1173, 0, 0.509, 47, 99
1773286396, 16, 63, 1020, 1001, 2, 12.53%, 0, 16, 4, 2.31, 18, 109, 14, 11, 17773, 1173, 0, 0.509, 47, 99
1773286480, 16, 63, 1021, 1002, 2, 12.53%, 0, 16, 4, 2.30, 18, 109, 14, 11, 17773, 1173, 0, 0.509, 47, 99
1773286490, 16, 63, 1022, 1003, 2, 12.53%, 0, 16, 4, 2.31, 18, 109, 14, 11, 17773, 1173, 0, 0.509, 47, 99
1773286506, 16, 63, 1023, 1004, 2, 12.53%, 0, 16, 4, 2.39, 18, 109, 14, 11, 17773, 1173, 0, 0.509, 47, 99
1773286641, 16, 63, 1024, 1005, 2, 12.53%, 0, 16, 4, 2.31, 18, 109, 14, 11, 17773, 1173, 0, 0.509, 47, 99
1773286667, 16, 63, 1025, 1006, 2, 12.53%, 0, 16, 4, 2.30, 18, 109, 14, 11, 17773, 1173, 0, 0.509, 47, 99
1773286703, 16, 63, 1026, 1007, 2, 12.53%, 0, 16, 4, 2.26, 18, 109, 14, 11, 17773, 1173, 0, 0.509, 47, 99
1773286740, 16, 63, 1027, 1008, 2, 12.53%, 0, 16, 4, 2.40, 18, 109, 14, 11, 17773, 1173, 0, 0.509, 47, 99
1773286777, 16, 63, 1028, 1009, 2, 12.53%, 0, 16, 4, 2.42, 18, 109, 14, 11, 17773, 1173, 0, 0.509, 48, 100
1773286808, 16, 63, 1029, 1010, 2, 12.54%, 0, 16, 4, 2.49, 18, 109, 14, 11, 17773, 1173, 0, 0.509, 48, 100
1773286824, 16, 63, 1030, 1011, 2, 12.54%, 0, 16, 4, 2.50, 18, 109, 14, 11, 17773, 1173, 0, 0.509, 48, 100
1773286861, 16, 63, 1031, 1012, 2, 12.54%, 0, 16, 4, 2.38, 18, 109, 14, 11, 17773, 1173, 0, 0.509, 48, 100
1773286882, 16, 63, 1032, 1013, 2, 12.54%, 0, 16, 4, 2.16, 18, 109, 14, 11, 17773, 1173, 0, 0.509, 48, 100
1773286893, 16, 63, 1033, 1014, 2, 12.54%, 0, 16, 4, 2.34, 18, 109, 14, 11, 17773, 1173, 0, 0.509, 48, 100
1773286914, 16, 63, 1034, 1015, 2, 12.54%, 0, 16, 4, 2.42, 18, 109, 14, 11, 17773, 1173, 0, 0.509, 48, 100
1773286924, 16, 63, 1035, 1016, 2, 12.54%, 0, 16, 4, 2.35, 18, 109, 14, 11, 17773, 1173, 0, 0.509, 48, 100
1773286960, 16, 63, 1036, 1017, 2, 12.54%, 0, 16, 4, 2.44, 18, 109, 14, 11, 17773, 1173, 0, 0.509, 48, 100
1773287002, 16, 63, 1037, 1018, 2, 12.54%, 0, 16, 4, 2.33, 18, 109, 14, 11, 17773, 1173, 0, 0.513, 50, 103
1773287013, 16, 63, 1038, 1019, 2, 12.55%, 0, 16, 4, 2.46, 18, 109, 14, 11, 17773, 1173, 0, 0.513, 50, 103
1773287111, 16, 63, 1039, 1020, 2, 12.55%, 0, 16, 4, 2.48, 18, 109, 14, 11, 17773, 1173, 0, 0.513, 50, 103
1773287143, 16, 63, 1040, 1021, 2, 12.55%, 0, 16, 4, 2.48, 18, 109, 14, 11, 17773, 1173, 0, 0.513, 50, 103
1773287174, 16, 63, 1041, 1022, 2, 12.55%, 0, 16, 4, 2.46, 18, 109, 14, 11, 17773, 1173, 0, 0.513, 50, 103
1773287185, 16, 63, 1042, 1023, 2, 12.55%, 0, 16, 4, 2.46, 18, 109, 14, 11, 17773, 1173, 0, 0.513, 50, 103
1773287238, 16, 63, 1043, 1024, 2, 12.55%, 0, 16, 4, 2.48, 18, 109, 14, 11, 17773, 1173, 0, 0.513, 50, 103
1773287243, 16, 63, 1044, 1025, 2, 12.55%, 0, 16, 4, 2.52, 18, 109, 14, 11, 17773, 1173, 0, 0.513, 50, 103
1773287258, 16, 63, 1045, 1026, 2, 12.55%, 0, 16, 4, 2.42, 18, 109, 14, 11, 17773, 1173, 0, 0.513, 50, 103
1773287325, 16, 63, 1046, 1027, 2, 12.56%, 0, 16, 4, 2.41, 18, 109, 14, 11, 17773, 1173, 0, 0.513, 50, 103
1773287367, 16, 900, 1046, 1027, 0, 12.56%, 0, 16, 4, 2.25, 18, 109, 14, 11, 17773, 1173, 0, 0.513, 50, 103
1773287373, 16, 900, 1047, 1028, 0, 12.56%, 0, 16, 4, 1.93, 18, 109, 14, 11, 17773, 1173, 0, 0.513, 50, 103
1773287431, 16, 900, 1048, 1029, 0, 12.56%, 0, 16, 4, 1.84, 18, 109, 14, 11, 17773, 1173, 0, 0.513, 50, 103
1773287565, 16, 900, 1049, 1030, 0, 12.56%, 0, 16, 4, 1.75, 18, 109, 14, 11, 17773, 1173, 0, 0.513, 50, 103
1773287618, 16, 900, 1050, 1031, 0, 12.56%, 0, 16, 4, 1.81, 18, 109, 14, 11, 17773, 1173, 0, 0.513, 50, 103
1773287640, 16, 900, 1051, 1032, 0, 12.56%, 0, 16, 4, 1.86, 18, 109, 14, 11, 17773, 1173, 0, 0.513, 50, 103
1773287954, 16, 900, 1052, 1033, 0, 12.56%, 0, 16, 4, 2.40, 18, 109, 14, 11, 17773, 1173, 0, 0.498, 51, 107
1773287959, 16, 900, 1053, 1034, 0, 12.56%, 0, 16, 4, 2.44, 18, 109, 14, 11, 17773, 1173, 0, 0.498, 51, 107
1773288054, 16, 900, 1054, 1035, 0, 12.56%, 0, 16, 4, 2.32, 18, 109, 14, 11, 17773, 1173, 0, 0.498, 51, 107
1773288059, 16, 900, 1055, 1036, 0, 12.56%, 0, 16, 4, 2.19, 18, 109, 14, 11, 17773, 1173, 0, 0.498, 51, 107
1773288095, 16, 900, 1056, 1037, 0, 12.56%, 0, 16, 4, 2.53, 18, 109, 14, 11, 17773, 1173, 0, 0.498, 51, 107
1773288143, 16, 900, 1057, 1038, 0, 12.56%, 0, 16, 4, 2.44, 18, 109, 14, 11, 17773, 1173, 0, 0.498, 51, 107
1773288148, 16, 900, 1058, 1039, 0, 12.57%, 0, 16, 4, 2.45, 18, 109, 14, 11, 17773, 1173, 0, 0.498, 51, 107
1773288185, 16, 900, 1059, 1040, 0, 12.57%, 0, 16, 4, 2.15, 18, 109, 14, 11, 17773, 1173, 0, 0.498, 51, 107
1773288263, 17, 827, 1059, 1039, 0, 12.57%, 0, 16, 4, 2.07, 18, 109, 15, 11, 17773, 1173, 0, 0.498, 51, 107
1773288321, 17, 827, 1060, 1040, 0, 12.57%, 0, 16, 4, 2.38, 18, 109, 15, 11, 17773, 1173, 0, 0.498, 51, 107
1773288327, 17, 827, 1061, 1041, 0, 12.57%, 0, 16, 4, 2.29, 18, 109, 15, 11, 17773, 1173, 0, 0.498, 51, 107
1773288343, 17, 827, 1062, 1042, 0, 12.59%, 0, 16, 4, 2.04, 18, 109, 15, 11, 17773, 1173, 0, 0.498, 51, 107
1773288386, 17, 827, 1063, 1043, 0, 12.59%, 0, 16, 4, 1.90, 18, 109, 15, 11, 17773, 1173, 0, 0.498, 51, 107
1773288465, 17, 827, 1064, 1044, 0, 12.59%, 0, 16, 4, 2.35, 18, 109, 15, 11, 17773, 1173, 0, 0.489, 52, 111
1773288486, 17, 827, 1065, 1045, 0, 12.59%, 0, 16, 4, 1.93, 18, 109, 15, 11, 17773, 1173, 0, 0.489, 52, 111
1773288491, 17, 827, 1066, 1046, 0, 12.59%, 0, 16, 4, 1.71, 18, 109, 15, 11, 17773, 1173, 0, 0.489, 52, 111
1773288513, 17, 827, 1067, 1047, 0, 12.59%, 0, 16, 4, 1.92, 18, 109, 15, 11, 17773, 1173, 0, 0.489, 52, 111
1773288523, 17, 827, 1068, 1048, 0, 12.59%, 0, 16, 4, 1.71, 18, 109, 15, 11, 17773, 1173, 0, 0.489, 52, 111
1773288560, 17, 827, 1069, 1049, 0, 12.59%, 0, 16, 4, 1.34, 18, 109, 15, 11, 17773, 1173, 0, 0.489, 52, 111
1773288582, 17, 827, 1070, 1050, 0, 12.59%, 0, 16, 4, 1.66, 18, 109, 15, 11, 17773, 1173, 0, 0.489, 52, 111
1773288618, 17, 827, 1071, 1051, 0, 12.59%, 0, 16, 4, 1.71, 18, 109, 15, 11, 17773, 1173, 0, 0.489, 52, 111
1773288660, 18, 63, 1071, 1050, 4, 12.59%, 0, 16, 4, 2.48, 18, 109, 15, 11, 17773, 1173, 0, 0.489, 52, 111
1773288682, 18, 238, 1071, 1050, 4, 12.59%, 0, 16, 4, 1.94, 18, 109, 15, 11, 17773, 1173, 0, 0.489, 52, 111
1773288829, 19, 63, 1071, 1049, 4, 12.59%, 0, 16, 4, 1.99, 18, 109, 16, 11, 17773, 1173, 0, 0.489, 54, 114
1773288849, 19, 63, 1072, 1050, 4, 12.59%, 0, 16, 4, 2.37, 18, 109, 16, 11, 17773, 1173, 0, 0.489, 54, 114
1773288860, 19, 63, 1073, 1051, 4, 12.59%, 0, 16, 4, 2.50, 18, 109, 16, 11, 17773, 1173, 0, 0.489, 54, 114
1773288935, 19, 63, 1074, 1052, 4, 12.59%, 0, 16, 4, 2.51, 18, 109, 16, 11, 17773, 1173, 0, 0.489, 54, 114
1773288971, 19, 63, 1075, 1053, 4, 12.59%, 0, 16, 4, 1.20, 18, 109, 16, 11, 17773, 1173, 0, 0.489, 54, 114
1773288993, 19, 63, 1076, 1054, 4, 12.59%, 0, 16, 4, 1.29, 18, 109, 16, 11, 17773, 1173, 0, 0.489, 54, 114
1773289033, 19, 63, 1077, 1055, 4, 12.59%, 0, 16, 4, 1.40, 18, 109, 16, 11, 17773, 1173, 0, 0.483, 54, 120
1773289072, 19, 63, 1078, 1056, 4, 12.59%, 0, 16, 4, 1.10, 18, 109, 16, 11, 17773, 1173, 0, 0.483, 54, 120
1773289132, 19, 63, 1079, 1057, 4, 12.59%, 0, 16, 4, 1.01, 18, 109, 16, 11, 17773, 1173, 0, 0.483, 54, 120
1773289228, 19, 63, 1080, 1058, 4, 12.59%, 0, 16, 4, 1.40, 18, 109, 16, 11, 17773, 1173, 0, 0.483, 54, 120
1773289356, 19, 63, 1081, 1059, 4, 12.60%, 0, 16, 4, 1.23, 18, 109, 16, 11, 17773, 1173, 0, 0.483, 54, 120
1773289384, 19, 63, 1082, 1060, 4, 12.60%, 0, 16, 4, 0.97, 18, 109, 16, 11, 17773, 1173, 0, 0.483, 54, 120
1773289638, 19, 63, 1083, 1061, 4, 12.60%, 0, 16, 4, 1.83, 18, 109, 16, 11, 17773, 1173, 0, 0.477, 54, 126
1773289655, 19, 63, 1083, 1061, 26, 12.60%, 0, 16, 4, 2.30, 18, 109, 16, 11, 17773, 1173, 0, 0.477, 54, 126
1773289703, 19, 63, 1084, 1062, 26, 12.60%, 0, 16, 4, 1.50, 18, 109, 16, 11, 17773, 1173, 0, 0.477, 54, 126
1773289715, 19, 63, 1085, 1063, 26, 12.60%, 0, 16, 4, 1.35, 18, 109, 16, 11, 17773, 1173, 0, 0.477, 54, 126
1773289726, 19, 63, 1086, 1064, 26, 12.61%, 0, 16, 4, 1.54, 18, 109, 16, 11, 17773, 1173, 0, 0.477, 54, 126
1773289753, 19, 63, 1087, 1065, 26, 12.61%, 0, 16, 4, 1.62, 18, 109, 16, 11, 17773, 1173, 0, 0.477, 54, 126
1773289768, 19, 63, 1088, 1066, 26, 12.61%, 0, 16, 4, 1.50, 18, 109, 16, 11, 17773, 1173, 0, 0.477, 54, 126
1773289818, 19, 63, 1089, 1067, 26, 12.61%, 0, 16, 4, 1.32, 18, 109, 16, 11, 17773, 1173, 0, 0.477, 54, 126
1773289830, 19, 63, 1090, 1068, 26, 12.61%, 0, 16, 4, 1.29, 18, 109, 16, 11, 17773, 1173, 0, 0.477, 54, 126
1773289868, 19, 63, 1091, 1069, 26, 12.61%, 0, 16, 4, 1.30, 18, 109, 16, 11, 17773, 1173, 0, 0.477, 54, 126
1773289890, 19, 63, 1092, 1070, 26, 12.61%, 0, 16, 4, 1.30, 18, 109, 16, 11, 17773, 1173, 0, 0.477, 54, 126
1773289907, 19, 63, 1093, 1071, 26, 12.61%, 0, 16, 4, 1.20, 18, 109, 16, 11, 17773, 1173, 0, 0.477, 54, 126
1773289925, 19, 63, 1094, 1072, 26, 12.61%, 0, 16, 4, 1.11, 18, 109, 16, 11, 17773, 1173, 0, 0.477, 54, 126
1773289941, 19, 63, 1095, 1073, 26, 12.61%, 0, 16, 4, 1.85, 18, 109, 16, 11, 17773, 1173, 0, 0.477, 54, 126
1773289991, 19, 63, 1096, 1074, 26, 12.61%, 0, 16, 4, 1.47, 18, 109, 16, 11, 17773, 1173, 0, 0.477, 54, 126
1773290121, 19, 63, 1097, 1075, 26, 12.61%, 0, 16, 4, 1.56, 18, 109, 16, 11, 17773, 1173, 0, 0.477, 54, 126
1773290144, 19, 63, 1098, 1076, 26, 12.61%, 0, 16, 4, 1.48, 18, 109, 16, 11, 17773, 1173, 0, 0.477, 54, 126
1773290363, 19, 68, 1098, 1076, 8, 12.61%, 0, 16, 4, 1.63, 18, 109, 16, 11, 17773, 1173, 0, 0.472, 55, 130
1773290369, 19, 68, 1099, 1077, 8, 12.61%, 0, 16, 4, 1.46, 18, 109, 16, 11, 17773, 1173, 0, 0.472, 55, 130
1773290415, 19, 68, 1100, 1078, 8, 12.61%, 0, 16, 4, 1.22, 18, 109, 16, 11, 17773, 1173, 0, 0.472, 55, 130
1773290482, 19, 68, 1101, 1079, 8, 12.61%, 0, 16, 4, 1.44, 18, 109, 16, 11, 17773, 1173, 0, 0.472, 55, 130
1773290530, 19, 68, 1102, 1080, 8, 12.61%, 0, 16, 4, 1.48, 18, 109, 16, 11, 17773, 1173, 0, 0.472, 55, 130
1773290536, 19, 68, 1103, 1081, 8, 12.61%, 0, 16, 4, 1.46, 18, 109, 16, 11, 17773, 1173, 0, 0.472, 55, 130
1773290547, 19, 68, 1104, 1082, 8, 12.61%, 0, 16, 4, 1.44, 18, 109, 16, 11, 17773, 1173, 0, 0.472, 55, 130
1773290553, 19, 68, 1105, 1083, 8, 12.61%, 0, 16, 4, 1.43, 18, 109, 16, 11, 17773, 1173, 0, 0.472, 55, 130
1773290594, 19, 68, 1106, 1084, 8, 12.63%, 0, 16, 4, 1.33, 18, 109, 16, 11, 17773, 1173, 0, 0.472, 55, 130
1773290600, 19, 68, 1107, 1085, 8, 12.63%, 0, 16, 4, 1.32, 18, 109, 16, 11, 17773, 1173, 0, 0.472, 55, 130
1773290617, 19, 68, 1108, 1086, 8, 12.63%, 0, 16, 4, 1.40, 18, 109, 16, 11, 17773, 1173, 0, 0.472, 55, 130
1773290628, 19, 68, 1109, 1087, 8, 12.63%, 0, 16, 4, 1.41, 18, 109, 16, 11, 17773, 1173, 0, 0.472, 55, 130
1773290686, 19, 68, 1110, 1088, 8, 12.63%, 0, 16, 4, 1.41, 18, 109, 16, 11, 17773, 1173, 0, 0.472, 55, 130
1773290760, 19, 68, 1111, 1089, 8, 12.63%, 0, 16, 4, 1.41, 18, 109, 16, 11, 17773, 1173, 0, 0.472, 55, 130
1773290833, 19, 68, 1112, 1090, 8, 12.63%, 0, 16, 4, 1.44, 18, 109, 16, 11, 17773, 1173, 0, 0.472, 55, 130
1773291154, 19, 68, 1113, 1091, 8, 12.63%, 0, 16, 4, 0.86, 18, 109, 16, 11, 17773, 1173, 0, 0.476, 57, 131
1773291204, 19, 68, 1114, 1092, 8, 12.63%, 0, 16, 4, 1.09, 18, 109, 16, 11, 17773, 1173, 0, 0.476, 57, 131
1773291292, 20, 78, 1114, 1092, 1, 12.63%, 0, 16, 4, 1.41, 18, 109, 16, 11, 17773, 1173, 0, 0.476, 57, 131
1773291318, 20, 78, 1115, 1093, 1, 12.63%, 0, 16, 4, 2.33, 18, 109, 16, 11, 17773, 1173, 0, 0.476, 57, 131
1773291420, 20, 78, 1116, 1094, 1, 12.63%, 0, 16, 4, 1.99, 18, 109, 16, 11, 17773, 1173, 0, 0.476, 57, 131
1773291431, 20, 78, 1117, 1095, 1, 12.63%, 0, 16, 4, 1.60, 18, 109, 16, 11, 17773, 1173, 0, 0.476, 57, 131
1773291478, 20, 78, 1118, 1096, 1, 12.63%, 0, 16, 4, 1.38, 18, 109, 16, 11, 17773, 1173, 0, 0.477, 58, 134
1773291520, 20, 78, 1119, 1097, 1, 12.64%, 0, 16, 4, 1.36, 18, 109, 16, 11, 17773, 1173, 0, 0.477, 58, 134
1773291622, 20, 78, 1120, 1098, 1, 12.65%, 0, 16, 4, 1.36, 18, 109, 16, 11, 17773, 1173, 0, 0.477, 58, 134
1773291725, 20, 78, 1121, 1099, 1, 12.65%, 0, 16, 4, 1.41, 18, 109, 16, 11, 17773, 1173, 0, 0.477, 58, 134
1773291767, 20, 78, 1122, 1100, 1, 12.65%, 0, 16, 4, 1.39, 18, 109, 16, 11, 17773, 1173, 0, 0.477, 58, 134
1773291793, 20, 78, 1123, 1101, 1, 12.65%, 0, 16, 4, 1.37, 18, 109, 16, 11, 17773, 1173, 0, 0.477, 58, 134
1773291830, 20, 78, 1124, 1102, 1, 12.65%, 0, 16, 4, 1.39, 18, 109, 16, 11, 17773, 1173, 0, 0.477, 58, 134
1773291912, 22, 49, 1124, 1101, 2, 12.65%, 0, 16, 4, 0.22, 18, 109, 17, 12, 19388, 1263, 0, 0.477, 58, 134
1773291948, 22, 49, 1124, 1101, 2, 12.65%, 0, 17, 4, 0.20, 18, 109, 17, 12, 19388, 1263, 0, 0.477, 58, 134
1773291966, 22, 49, 1125, 1102, 2, 12.65%, 0, 17, 4, 2.11, 18, 109, 17, 12, 19388, 1263, 0, 0.477, 58, 134
1773292046, 22, 49, 1126, 1103, 2, 12.66%, 0, 17, 4, 2.51, 18, 109, 17, 12, 19388, 1263, 0, 0.477, 58, 134
1773292067, 22, 49, 1127, 1104, 2, 12.66%, 0, 17, 4, 2.40, 18, 109, 17, 12, 19388, 1263, 0, 0.477, 58, 134
1773292129, 22, 757, 1127, 1103, 2, 12.66%, 0, 17, 4, 0.18, 18, 109, 18, 13, 21019, 1362, 0, 0.477, 58, 134
1773292216, 22, 757, 1128, 1104, 2, 12.66%, 0, 17, 4, 2.32, 18, 109, 18, 13, 21019, 1362, 0, 0.477, 58, 134
1773292222, 22, 757, 1129, 1105, 2, 12.66%, 0, 17, 4, 2.34, 18, 109, 18, 13, 21019, 1362, 0, 0.477, 58, 134
1773292227, 22, 757, 1130, 1106, 2, 12.66%, 0, 17, 4, 2.29, 18, 111, 18, 13, 21019, 1362, 0, 0.477, 58, 134
1773292242, 22, 757, 1131, 1107, 2, 12.66%, 0, 17, 4, 2.32, 18, 111, 18, 13, 21019, 1362, 0, 0.477, 58, 134
1773292248, 22, 757, 1132, 1108, 2, 12.66%, 0, 17, 4, 2.30, 18, 111, 18, 13, 21019, 1362, 0, 0.477, 58, 134
1773292253, 22, 757, 1133, 1109, 2, 12.66%, 0, 17, 4, 2.28, 18, 112, 18, 13, 21019, 1362, 0, 0.477, 58, 134
1773292263, 22, 757, 1134, 1110, 2, 12.66%, 0, 17, 4, 2.30, 18, 112, 18, 13, 21019, 1362, 0, 0.477, 58, 134
1773292274, 22, 757, 1135, 1111, 2, 12.66%, 0, 17, 4, 2.22, 18, 112, 18, 13, 21019, 1362, 0, 0.477, 58, 134
1773292285, 22, 757, 1136, 1112, 2, 12.66%, 0, 17, 4, 2.19, 18, 112, 18, 13, 21019, 1362, 0, 0.477, 58, 134
1773292332, 22, 757, 1137, 1113, 2, 12.66%, 0, 17, 4, 2.31, 18, 112, 18, 13, 21019, 1362, 0, 0.477, 58, 134
1773292363, 22, 757, 1138, 1114, 2, 12.66%, 0, 17, 4, 2.28, 18, 112, 18, 13, 21019, 1362, 0, 0.475, 58, 141
1773292389, 22, 757, 1139, 1115, 2, 12.66%, 0, 17, 4, 2.33, 18, 112, 18, 13, 21019, 1362, 0, 0.475, 58, 141
1773292436, 23, 63, 1139, 1114, 3, 12.66%, 0, 17, 4, 2.53, 18, 112, 18, 13, 21019, 1362, 0, 0.475, 58, 141
1773292488, 23, 63, 1140, 1115, 3, 12.66%, 0, 17, 4, 2.03, 18, 112, 18, 13, 21019, 1362, 0, 0.475, 58, 141
1773292493, 23, 63, 1141, 1116, 3, 12.66%, 0, 17, 4, 2.21, 18, 112, 18, 13, 21019, 1362, 0, 0.475, 58, 141
1773292514, 23, 63, 1142, 1117, 3, 12.66%, 0, 17, 4, 2.43, 18, 112, 18, 13, 21019, 1362, 0, 0.475, 58, 141
1773292611, 23, 63, 1143, 1118, 3, 12.66%, 0, 17, 4, 0.20, 18, 112, 18, 13, 21019, 1362, 0, 0.474, 58, 144
1773292663, 23, 63, 1143, 1118, 3, 12.66%, 0, 18, 4, 0.20, 18, 112, 18, 13, 21019, 1362, 0, 0.474, 58, 144
1773292695, 23, 949, 1143, 1118, 0, 12.66%, 0, 18, 4, 2.40, 18, 112, 18, 13, 21019, 1362, 0, 0.474, 58, 144
1773292716, 23, 949, 1144, 1119, 0, 12.67%, 0, 18, 5, 2.51, 18, 112, 18, 13, 21019, 1362, 0, 0.474, 58, 144
1773292747, 23, 949, 1145, 1120, 0, 12.67%, 0, 18, 5, 2.55, 18, 112, 18, 13, 21019, 1362, 0, 0.474, 58, 144
1773292789, 23, 949, 1146, 1121, 0, 12.68%, 0, 18, 5, 2.44, 18, 112, 18, 13, 21019, 1362, 0, 0.474, 58, 144
1773292825, 23, 949, 1147, 1122, 0, 12.68%, 0, 18, 5, 2.60, 18, 112, 18, 13, 21019, 1362, 0, 0.474, 58, 144
1773292996, 23, 949, 1148, 1123, 0, 12.68%, 0, 18, 5, 2.51, 18, 112, 18, 13, 21019, 1362, 0, 0.474, 58, 144
1773293017, 23, 949, 1149, 1124, 0, 12.69%, 0, 18, 5, 2.57, 18, 112, 18, 13, 21019, 1362, 0, 0.474, 58, 144
1773293099, 23, 949, 1150, 1125, 0, 12.69%, 0, 18, 5, 2.42, 18, 112, 18, 13, 21019, 1362, 0, 0.474, 58, 144
1773293267, 24, 830, 1150, 1124, 7, 12.69%, 0, 18, 5, 2.37, 18, 112, 19, 13, 21019, 1362, 0, 0.474, 58, 144
1773293361, 24, 830, 1151, 1125, 7, 12.69%, 0, 18, 5, 2.54, 18, 112, 19, 13, 21019, 1362, 0, 0.474, 58, 144
1773293371, 24, 830, 1152, 1126, 7, 12.69%, 0, 18, 5, 2.56, 18, 112, 19, 13, 21019, 1362, 0, 0.474, 58, 144
1773293435, 25, 17, 1152, 1125, 5, 12.69%, 0, 18, 5, 0.23, 18, 112, 20, 14, 22738, 1432, 0, 0.474, 58, 144
1773293503, 25, 17, 1153, 1126, 5, 12.69%, 0, 18, 5, 2.06, 18, 112, 20, 14, 22738, 1432, 0, 0.478, 62, 147
1773293572, 25, 17, 1154, 1127, 5, 12.69%, 0, 18, 5, 2.44, 18, 112, 20, 14, 22738, 1432, 0, 0.478, 62, 147
1773293577, 25, 17, 1155, 1128, 5, 12.69%, 0, 18, 5, 2.40, 18, 112, 20, 14, 22738, 1432, 0, 0.478, 62, 147
1773293603, 25, 250, 1155, 1127, 3, 12.69%, 0, 18, 5, 2.16, 18, 112, 20, 14, 22738, 1432, 0, 0.478, 62, 147
1773293762, 26, 12, 1155, 1126, 2, 12.69%, 0, 18, 5, 2.04, 18, 112, 21, 14, 22738, 1432, 0, 0.478, 62, 147
1773293882, 26, 12, 1155, 1126, 3, 12.69%, 0, 18, 5, 1.18, 18, 112, 22, 15, 24345, 1506, 0, 0.478, 62, 147
1773293978, 26, 12, 1156, 1127, 3, 12.69%, 0, 18, 5, 2.12, 18, 112, 22, 15, 24345, 1506, 0, 0.478, 62, 147
1773294070, 26, 12, 1156, 1127, 10, 12.69%, 0, 18, 5, 0.16, 18, 112, 23, 16, 25980, 1598, 0, 0.470, 63, 153
1773294075, 26, 12, 1156, 1127, 10, 12.69%, 0, 19, 5, 0.17, 18, 112, 23, 16, 25980, 1598, 0, 0.470, 63, 153
1773294081, 26, 12, 1157, 1128, 10, 12.69%, 0, 19, 5, 0.22, 18, 112, 23, 16, 25980, 1598, 0, 0.470, 63, 153
1773294167, 26, 12, 1158, 1129, 10, 12.69%, 0, 19, 5, 0.54, 18, 112, 23, 16, 25980, 1598, 0, 0.470, 63, 153
1773294304, 26, 12, 1158, 1129, 10, 12.69%, 0, 20, 5, 0.75, 18, 112, 23, 16, 25980, 1598, 0, 0.470, 63, 153
1773294485, 26, 12, 1159, 1130, 10, 12.69%, 0, 20, 5, 1.11, 18, 112, 23, 16, 25980, 1598, 0, 0.470, 63, 153
1773294512, 26, 12, 1160, 1131, 10, 12.69%, 0, 20, 5, 0.78, 18, 112, 23, 16, 25980, 1598, 0, 0.470, 63, 153
1773294549, 26, 12, 1161, 1132, 10, 12.69%, 0, 20, 5, 0.63, 18, 112, 23, 16, 25980, 1598, 0, 0.470, 63, 153
1773294574, 26, 12, 1162, 1133, 10, 12.69%, 0, 20, 5, 0.54, 18, 112, 23, 16, 25980, 1598, 0, 0.470, 63, 153
1773294620, 26, 12, 1163, 1134, 10, 12.69%, 0, 20, 5, 0.48, 18, 112, 23, 16, 25980, 1598, 0, 0.470, 63, 153
1773294732, 26, 12, 1164, 1135, 10, 12.69%, 0, 20, 5, 0.48, 18, 112, 23, 16, 25980, 1598, 0, 0.470, 63, 153
1773294993, 26, 12, 1165, 1136, 10, 12.70%, 0, 20, 5, 0.65, 18, 112, 23, 16, 25980, 1598, 0, 0.475, 65, 157
1773295075, 26, 12, 1166, 1137, 10, 12.70%, 0, 20, 5, 0.67, 18, 112, 23, 16, 25980, 1598, 0, 0.475, 65, 157
1773295194, 26, 12, 1167, 1138, 10, 12.70%, 0, 20, 5, 0.50, 18, 112, 23, 16, 25980, 1598, 0, 0.475, 65, 157
1773295258, 26, 12, 1168, 1139, 10, 12.70%, 0, 20, 5, 0.52, 18, 112, 23, 16, 25980, 1598, 0, 0.475, 65, 157
1773295471, 26, 12, 1169, 1140, 10, 12.70%, 0, 20, 5, 0.46, 18, 112, 23, 16, 25980, 1598, 0, 0.475, 65, 157
1773295589, 26, 12, 1169, 1140, 10, 12.70%, 0, 21, 5, 0.50, 18, 112, 23, 16, 25980, 1598, 0, 0.475, 65, 157
1773295832, 26, 12, 1170, 1141, 10, 12.70%, 0, 21, 5, 0.51, 18, 112, 23, 16, 25980, 1598, 0, 0.475, 65, 157
1773296169, 26, 912, 1170, 1141, 2, 12.70%, 0, 21, 5, 0.75, 18, 112, 24, 17, 27774, 1674, 0, 0.475, 65, 157
1773296319, 26, 912, 1171, 1142, 2, 12.70%, 0, 21, 5, 1.47, 18, 112, 24, 17, 27774, 1674, 0, 0.475, 65, 157
1773296361, 26, 912, 1172, 1143, 2, 12.70%, 0, 21, 5, 1.48, 18, 112, 24, 17, 27774, 1674, 0, 0.475, 65, 157
1773296466, 27, 377, 1172, 1142, 8, 12.70%, 0, 21, 5, 0.17, 18, 112, 25, 18, 29372, 1793, 0, 0.475, 65, 157
1773296585, 27, 377, 1173, 1143, 8, 12.71%, 0, 21, 5, 1.93, 18, 112, 25, 18, 29372, 1793, 0, 0.475, 65, 157
1773296630, 27, 377, 1174, 1144, 8, 12.71%, 0, 21, 5, 1.89, 18, 112, 25, 18, 29372, 1793, 0, 0.475, 65, 157
1773296672, 29, 957, 1174, 1143, 3, 12.71%, 0, 21, 5, 2.30, 18, 112, 25, 18, 29372, 1793, 0, 0.475, 65, 157
1773296751, 29, 957, 1175, 1144, 3, 12.71%, 0, 21, 5, 2.50, 18, 112, 25, 18, 29372, 1793, 0, 0.475, 65, 158
1773296782, 29, 957, 1176, 1145, 3, 12.71%, 0, 21, 5, 2.53, 18, 112, 25, 18, 29372, 1793, 0, 0.475, 65, 158
1773296813, 29, 957, 1177, 1146, 3, 12.71%, 0, 21, 5, 2.44, 18, 112, 25, 18, 29372, 1793, 0, 0.475, 65, 158
1773296818, 29, 957, 1178, 1147, 3, 12.72%, 0, 21, 5, 2.48, 18, 112, 25, 18, 29372, 1793, 0, 0.475, 65, 158
1773296839, 29, 957, 1179, 1148, 3, 12.72%, 0, 21, 5, 2.42, 18, 112, 25, 18, 29372, 1793, 0, 0.475, 65, 158
1773296948, 29, 957, 1180, 1149, 3, 12.72%, 0, 21, 5, 2.46, 18, 112, 25, 18, 29372, 1793, 0, 0.474, 65, 159
1773296959, 29, 957, 1181, 1150, 3, 12.72%, 0, 21, 5, 2.46, 18, 112, 25, 18, 29372, 1793, 0, 0.474, 65, 159
1773297099, 29, 957, 1182, 1151, 3, 12.72%, 0, 21, 5, 2.47, 18, 112, 25, 18, 29372, 1793, 0, 0.474, 65, 160
1773297147, 29, 961, 1183, 1151, 3, 12.72%, 0, 21, 5, 2.52, 18, 112, 25, 18, 29372, 1793, 0, 0.474, 65, 160
1773297157, 29, 961, 1184, 1152, 3, 12.72%, 0, 21, 5, 2.25, 18, 112, 25, 18, 29372, 1793, 0, 0.474, 65, 160
1773297267, 29, 961, 1185, 1153, 3, 12.72%, 0, 21, 5, 2.21, 18, 112, 25, 18, 29372, 1793, 0, 0.474, 65, 160
1773297581, 29, 961, 1186, 1154, 3, 12.72%, 0, 21, 5, 2.18, 18, 112, 25, 18, 29372, 1793, 0, 0.476, 68, 163
1773297591, 29, 961, 1187, 1155, 3, 12.72%, 0, 21, 5, 2.18, 18, 112, 25, 18, 29372, 1793, 0, 0.476, 68, 163
1773297733, 30, 507, 1187, 1154, 7, 12.72%, 0, 21, 5, 0.22, 18, 112, 26, 19, 31003, 1849, 0, 0.476, 68, 163
1773297807, 30, 507, 1188, 1155, 7, 12.72%, 0, 21, 5, 2.24, 18, 112, 26, 19, 31003, 1849, 0, 0.477, 69, 168
1773297843, 30, 507, 1189, 1156, 7, 12.72%, 0, 21, 5, 2.11, 18, 112, 26, 19, 31003, 1849, 0, 0.477, 69, 168
1773297918, 30, 840, 1189, 1155, 7, 12.72%, 0, 21, 5, 2.39, 18, 112, 27, 19, 31003, 1849, 0, 0.477, 69, 168
1773297985, 30, 972, 1189, 1154, 6, 12.72%, 0, 21, 5, 2.38, 18, 112, 28, 19, 31003, 1849, 0, 0.477, 69, 168
1773298085, 31, 262, 1189, 1153, 5, 12.72%, 0, 21, 5, 2.31, 18, 112, 28, 19, 31003, 1849, 0, 0.477, 69, 168
1773298180, 31, 262, 1190, 1154, 5, 12.72%, 0, 21, 5, 1.63, 18, 112, 28, 19, 31003, 1849, 0, 0.477, 69, 168
1773298244, 31, 844, 1190, 1153, 5, 12.72%, 0, 21, 5, 1.77, 18, 112, 28, 19, 31003, 1849, 0, 0.477, 69, 168
1773298488, 31, 844, 1190, 1153, 5, 12.72%, 0, 22, 5, 0.20, 18, 112, 28, 19, 31003, 1849, 0, 0.478, 70, 169
1773298494, 31, 844, 1191, 1154, 5, 12.72%, 0, 22, 5, 1.75, 18, 112, 28, 19, 31003, 1849, 0, 0.478, 70, 169
1773298537, 32, 12, 1191, 1153, 4, 12.72%, 0, 22, 5, 1.39, 18, 112, 28, 19, 31003, 1849, 0, 0.478, 70, 169
1773298714, 32, 12, 1192, 1154, 4, 12.72%, 0, 22, 5, 0.93, 18, 112, 28, 19, 31003, 1849, 0, 0.478, 70, 169
1773298947, 32, 1061, 1192, 1154, 4, 12.72%, 0, 22, 5, 1.39, 18, 112, 29, 19, 31003, 1849, 0, 0.479, 71, 170
1773299004, 32, 1061, 1193, 1155, 4, 12.72%, 0, 22, 5, 2.47, 18, 112, 29, 19, 31003, 1849, 0, 0.479, 71, 170
1773299019, 32, 1061, 1194, 1156, 4, 12.72%, 0, 22, 5, 2.40, 18, 112, 29, 19, 31003, 1849, 0, 0.479, 71, 170
1773299345, 33, 12, 1194, 1155, 3, 12.72%, 0, 22, 5, 0.13, 18, 112, 30, 20, 32615, 1944, 0, 0.471, 72, 174
1773299389, 33, 12, 1194, 1155, 3, 12.72%, 0, 23, 5, 0.20, 18, 112, 30, 20, 32615, 1944, 0, 0.471, 72, 174
1773299410, 33, 12, 1195, 1156, 3, 12.72%, 0, 23, 5, 2.32, 18, 112, 30, 20, 32615, 1944, 0, 0.471, 72, 174
1773299440, 33, 12, 1195, 1156, 3, 12.72%, 0, 24, 5, 0.20, 18, 112, 30, 20, 32615, 1944, 0, 0.471, 72, 174
1773299463, 33, 12, 1195, 1156, 3, 12.72%, 0, 25, 5, 0.41, 18, 112, 30, 20, 32615, 1944, 0, 0.471, 72, 174
1773299468, 33, 12, 1196, 1157, 3, 12.73%, 0, 25, 5, 2.04, 18, 112, 30, 20, 32615, 1944, 0, 0.471, 72, 174
1773299588, 33, 12, 1197, 1158, 3, 12.73%, 0, 25, 5, 1.17, 18, 112, 30, 20, 32615, 1944, 0, 0.471, 72, 174
1773299653, 33, 12, 1198, 1159, 3, 12.73%, 0, 25, 5, 1.83, 18, 112, 30, 20, 32615, 1944, 0, 0.471, 72, 174
1773299696, 33, 1062, 1198, 1159, 4, 12.73%, 0, 25, 5, 2.01, 18, 112, 30, 20, 32615, 1944, 0, 0.471, 72, 174
1773299851, 34, 957, 1198, 1158, 3, 12.73%, 0, 25, 5, 0.03, 18, 112, 31, 21, 34228, 2040, 0, 0.471, 72, 174
1773300045, 34, 957, 1199, 1159, 3, 12.73%, 0, 25, 5, 2.16, 18, 112, 31, 21, 34228, 2040, 0, 0.471, 72, 174
1773300129, 34, 957, 1200, 1160, 3, 12.73%, 0, 25, 5, 2.11, 18, 112, 31, 21, 34228, 2040, 0, 0.471, 72, 174
1773300171, 35, 17, 1200, 1160, 6, 12.73%, 0, 25, 5, 2.43, 18, 112, 31, 21, 34228, 2040, 0, 0.471, 72, 174
1773300204, 37, 12, 1200, 1160, 7, 12.73%, 0, 25, 5, 0.16, 18, 112, 32, 22, 35863, 2120, 0, 0.479, 76, 177
1773300217, 37, 12, 1201, 1161, 7, 12.73%, 0, 25, 5, 1.24, 18, 112, 32, 22, 35863, 2120, 0, 0.479, 76, 177
1773300262, 37, 12, 1202, 1162, 7, 12.73%, 0, 25, 5, 1.11, 18, 112, 32, 22, 35863, 2120, 0, 0.479, 76, 177
1773300585, 37, 12, 1202, 1162, 7, 12.73%, 0, 26, 5, 0.15, 18, 112, 32, 22, 35863, 2120, 0, 0.479, 76, 177
1773300619, 37, 12, 1203, 1163, 7, 12.73%, 0, 26, 5, 1.39, 18, 112, 32, 22, 35863, 2120, 0, 0.479, 76, 177
1773300625, 37, 12, 1203, 1163, 7, 12.73%, 0, 27, 5, 0.20, 18, 112, 32, 22, 35863, 2120, 0, 0.479, 76, 177
1773300679, 37, 12, 1203, 1163, 7, 12.73%, 0, 28, 5, 0.25, 18, 112, 32, 22, 35863, 2120, 0, 0.479, 76, 177
1773300741, 37, 12, 1203, 1163, 7, 12.73%, 0, 29, 5, 0.25, 18, 112, 32, 22, 35863, 2120, 0, 0.479, 76, 177
1773300815, 38, 859, 1203, 1163, 7, 12.73%, 0, 29, 5, 0.87, 18, 112, 32, 22, 35863, 2120, 0, 0.479, 76, 177
1773300872, 38, 859, 1203, 1163, 7, 12.73%, 0, 30, 5, 0.20, 18, 112, 32, 22, 35863, 2120, 0, 0.479, 76, 177
1773300930, 38, 859, 1204, 1164, 7, 12.73%, 0, 30, 5, 1.11, 18, 112, 32, 22, 35863, 2120, 0, 0.480, 78, 180
1773301058, 38, 859, 1204, 1164, 7, 12.73%, 0, 31, 5, 0.22, 18, 112, 32, 22, 35863, 2120, 0, 0.480, 78, 180
1773301212, 38, 1010, 1204, 1163, 7, 12.73%, 0, 31, 5, 0.13, 18, 112, 33, 23, 37435, 2215, 0, 0.480, 78, 180
1773301328, 38, 1010, 1205, 1164, 7, 12.73%, 0, 31, 5, 2.13, 18, 112, 33, 23, 37435, 2215, 0, 0.482, 79, 182
1773301402, 38, 1203, 1205, 1163, 6, 12.73%, 0, 31, 5, 1.96, 18, 112, 33, 23, 37435, 2215, 0, 0.482, 79, 182
1773301576, 38, 1203, 1206, 1164, 6, 12.73%, 0, 31, 5, 1.30, 18, 112, 33, 23, 37435, 2215, 0, 0.482, 79, 182
1773301764, 38, 1203, 1206, 1164, 6, 12.73%, 0, 32, 5, 0.20, 18, 112, 33, 23, 37435, 2215, 0, 0.486, 80, 182
1773301773, 39, 1011, 1206, 1163, 5, 12.73%, 0, 32, 5, 0.18, 18, 112, 34, 24, 39067, 2308, 0, 0.486, 80, 182
1773301931, 40, 4, 1206, 1162, 5, 12.73%, 0, 32, 5, 0.18, 18, 112, 35, 25, 40708, 2379, 0, 0.486, 80, 182
1773301937, 40, 4, 1207, 1163, 5, 12.74%, 0, 32, 5, 0.32, 18, 112, 35, 25, 40708, 2379, 0, 0.486, 80, 182
1773302369, 40, 13, 1207, 1162, 8, 12.74%, 0, 32, 5, 1.19, 18, 112, 36, 25, 40708, 2379, 0, 0.477, 81, 186
1773302422, 40, 13, 1208, 1163, 8, 12.74%, 0, 32, 5, 2.24, 18, 112, 36, 25, 40708, 2379, 0, 0.477, 81, 186
1773302443, 40, 13, 1209, 1164, 8, 12.74%, 0, 32, 5, 1.85, 18, 112, 36, 25, 40708, 2379, 0, 0.477, 81, 186
1773302480, 40, 13, 1210, 1165, 8, 12.74%, 0, 32, 5, 2.18, 18, 112, 36, 25, 40708, 2379, 0, 0.477, 81, 186
1773302485, 40, 13, 1211, 1166, 8, 12.74%, 0, 32, 5, 2.33, 18, 112, 36, 25, 40708, 2379, 0, 0.477, 81, 186
1773302567, 40, 13, 1212, 1167, 8, 12.74%, 0, 32, 5, 1.92, 18, 113, 36, 25, 40708, 2379, 0, 0.477, 81, 186
1773302663, 40, 1145, 1212, 1166, 4, 12.74%, 0, 32, 5, 0.08, 18, 113, 37, 26, 42337, 2480, 0, 0.477, 81, 186
1773302778, 40, 1145, 1213, 1167, 4, 12.74%, 0, 32, 6, 2.27, 18, 113, 37, 26, 42337, 2480, 0, 0.477, 81, 186
1773302830, 40, 1145, 1214, 1168, 4, 12.74%, 0, 32, 6, 2.26, 18, 113, 37, 26, 42337, 2480, 0, 0.477, 81, 186
1773302882, 40, 1145, 1215, 1169, 4, 12.74%, 0, 32, 6, 2.45, 18, 113, 37, 26, 42337, 2480, 0, 0.477, 81, 186
1773302903, 40, 1145, 1216, 1170, 4, 12.74%, 0, 32, 6, 2.44, 18, 113, 37, 26, 42337, 2480, 0, 0.477, 81, 186
1773303055, 41, 17, 1216, 1169, 10, 12.74%, 0, 32, 6, 2.05, 18, 113, 38, 26, 42337, 2480, 0, 0.485, 83, 187
1773303147, 41, 17, 1216, 1169, 10, 12.74%, 0, 33, 6, 0.20, 18, 113, 38, 26, 42337, 2480, 0, 0.485, 83, 187
1773303165, 41, 17, 1216, 1169, 10, 12.74%, 0, 34, 6, 0.20, 18, 113, 38, 26, 42337, 2480, 0, 0.485, 83, 187
1773303180, 41, 17, 1217, 1170, 10, 12.75%, 0, 34, 6, 2.50, 18, 113, 38, 26, 42337, 2480, 0, 0.485, 83, 187
1773303233, 42, 13, 1217, 1170, 10, 12.75%, 0, 34, 6, 2.30, 18, 113, 38, 26, 42337, 2480, 0, 0.485, 83, 187
1773303266, 42, 61, 1217, 1170, 10, 12.75%, 0, 34, 6, 0.14, 18, 113, 39, 27, 43956, 2614, 0, 0.485, 83, 187
1773303342, 42, 61, 1218, 1171, 10, 12.75%, 0, 34, 6, 2.49, 18, 113, 39, 27, 43956, 2614, 0, 0.484, 85, 191
1773303420, 43, 13, 1218, 1171, 29, 12.75%, 0, 34, 6, 0.08, 18, 113, 40, 28, 45568, 2727, 0, 0.484, 85, 191
1773303468, 43, 13, 1219, 1172, 29, 12.75%, 0, 34, 6, 1.67, 18, 113, 40, 28, 45568, 2727, 0, 0.484, 85, 191
1773303640, 43, 13, 1219, 1172, 29, 12.75%, 0, 34, 6, 0.13, 18, 113, 41, 29, 47345, 2844, 0, 0.484, 86, 194
1773303756, 43, 13, 1219, 1172, 29, 12.75%, 0, 34, 6, 0.15, 18, 113, 42, 30, 48923, 2943, 0, 0.484, 86, 194
1773303886, 43, 13, 1220, 1173, 29, 12.75%, 0, 34, 6, 2.20, 18, 114, 42, 30, 48923, 2943, 0, 0.479, 88, 200
1773303910, 43, 13, 1221, 1174, 29, 12.75%, 0, 34, 6, 1.87, 18, 114, 42, 30, 48923, 2943, 0, 0.479, 88, 200
1773303936, 44, 5, 1221, 1174, 7, 12.75%, 0, 34, 6, 2.16, 18, 114, 42, 30, 48923, 2943, 0, 0.479, 88, 200
1773304038, 44, 5, 1221, 1174, 7, 12.75%, 0, 35, 6, 0.20, 18, 114, 42, 30, 48923, 2943, 0, 0.479, 88, 200
1773304182, 44, 5, 1222, 1175, 7, 12.75%, 0, 35, 6, 1.01, 18, 114, 42, 30, 48923, 2943, 0, 0.479, 88, 200
1773304205, 44, 5, 1223, 1176, 7, 12.75%, 0, 35, 6, 1.06, 18, 114, 42, 30, 48923, 2943, 0, 0.479, 88, 200
1773304216, 44, 5, 1224, 1177, 7, 12.75%, 0, 35, 6, 1.08, 18, 114, 42, 30, 48923, 2943, 0, 0.479, 88, 200
1773304227, 44, 5, 1225, 1178, 7, 12.75%, 0, 35, 6, 1.24, 18, 114, 42, 30, 48923, 2943, 0, 0.479, 88, 200
1773304239, 44, 5, 1226, 1179, 7, 12.75%, 0, 35, 6, 1.08, 18, 114, 42, 30, 48923, 2943, 0, 0.479, 88, 200
1773304315, 44, 5, 1227, 1180, 7, 12.75%, 0, 35, 6, 0.91, 18, 114, 42, 30, 48923, 2943, 0, 0.479, 88, 200
1773304372, 44, 5, 1228, 1181, 7, 12.75%, 0, 35, 6, 1.20, 18, 114, 42, 30, 48923, 2943, 0, 0.479, 88, 200
1773304556, 44, 5, 1229, 1182, 7, 12.75%, 0, 35, 6, 0.89, 18, 114, 42, 30, 48923, 2943, 0, 0.483, 91, 203
1773304644, 44, 5, 1230, 1183, 7, 12.75%, 0, 35, 6, 1.23, 18, 114, 42, 30, 48923, 2943, 0, 0.483, 91, 203
1773304654, 44, 5, 1231, 1184, 7, 12.75%, 0, 35, 6, 1.21, 18, 114, 42, 30, 48923, 2943, 0, 0.483, 91, 203
1773304682, 44, 5, 1232, 1185, 7, 12.75%, 0, 35, 6, 1.29, 18, 114, 42, 30, 48923, 2943, 0, 0.483, 91, 203
1773304744, 44, 5, 1233, 1186, 7, 12.75%, 0, 35, 6, 0.95, 18, 114, 42, 30, 48923, 2943, 0, 0.483, 91, 203
1773304808, 44, 5, 1234, 1187, 7, 12.75%, 0, 35, 6, 1.12, 18, 114, 42, 30, 48923, 2943, 0, 0.483, 91, 203
1773304819, 44, 5, 1235, 1188, 7, 12.75%, 0, 35, 6, 1.15, 18, 114, 42, 30, 48923, 2943, 0, 0.483, 91, 203
1773304869, 44, 5, 1236, 1189, 7, 12.75%, 0, 35, 6, 0.99, 18, 114, 42, 30, 48923, 2943, 0, 0.483, 91, 203
1773304929, 44, 17, 1236, 1189, 11, 12.75%, 0, 35, 6, 1.19, 18, 114, 42, 30, 48923, 2943, 0, 0.483, 91, 203
1773305080, 44, 1205, 1236, 1189, 11, 12.75%, 0, 35, 6, 2.24, 18, 114, 42, 30, 48923, 2943, 0, 0.483, 91, 203
1773305637, 44, 1205, 1236, 1189, 11, 12.75%, 0, 36, 6, 0.20, 18, 114, 42, 30, 48923, 2943, 0, 0.489, 94, 203
1773305642, 44, 1205, 1236, 1189, 11, 12.75%, 0, 37, 6, 0.20, 18, 114, 42, 30, 48923, 2943, 0, 0.489, 94, 203
1773305663, 44, 1205, 1237, 1190, 11, 12.75%, 0, 37, 6, 0.33, 18, 114, 42, 30, 48923, 2943, 0, 0.489, 94, 203
1773305689, 44, 1205, 1237, 1190, 11, 12.75%, 0, 38, 6, 0.39, 18, 114, 42, 30, 48923, 2943, 0, 0.489, 94, 203
1773305695, 44, 1205, 1237, 1190, 11, 12.75%, 0, 39, 6, 0.38, 18, 114, 42, 30, 48923, 2943, 0, 0.489, 94, 203
1773305705, 44, 1205, 1237, 1190, 11, 12.75%, 0, 40, 6, 0.20, 18, 114, 42, 30, 48923, 2943, 0, 0.489, 94, 203
1773305710, 44, 1205, 1237, 1190, 11, 12.75%, 0, 41, 6, 0.20, 18, 114, 42, 30, 48923, 2943, 0, 0.489, 94, 203
1773305722, 44, 1205, 1237, 1190, 11, 12.75%, 0, 42, 6, 0.21, 18, 114, 42, 30, 48923, 2943, 0, 0.489, 94, 203
1773305727, 44, 1205, 1237, 1190, 11, 12.75%, 0, 43, 6, 0.21, 18, 114, 42, 30, 48923, 2943, 0, 0.489, 94, 203
1773305744, 44, 1205, 1237, 1190, 11, 12.75%, 0, 44, 6, 0.19, 18, 114, 42, 30, 48923, 2943, 0, 0.489, 94, 203
1773305755, 44, 1205, 1237, 1190, 11, 12.75%, 0, 45, 6, 0.20, 18, 114, 42, 30, 48923, 2943, 0, 0.489, 94, 203
1773305765, 44, 1205, 1237, 1190, 11, 12.75%, 0, 46, 6, 0.20, 18, 114, 42, 30, 48923, 2943, 0, 0.489, 94, 203
1773305778, 44, 1205, 1237, 1190, 11, 12.75%, 0, 47, 6, 0.21, 18, 114, 42, 30, 48923, 2943, 0, 0.489, 94, 203
1773305783, 44, 1205, 1237, 1190, 11, 12.75%, 0, 48, 6, 0.21, 18, 114, 42, 30, 48923, 2943, 0, 0.489, 94, 203
1773305795, 44, 1205, 1237, 1190, 11, 12.75%, 0, 49, 6, 0.20, 18, 114, 42, 30, 48923, 2943, 0, 0.489, 94, 203
1773305812, 44, 1205, 1237, 1190, 11, 12.75%, 0, 50, 6, 0.22, 18, 114, 42, 30, 48923, 2943, 0, 0.489, 94, 203
1773305824, 45, 12, 1237, 1189, 10, 12.75%, 0, 50, 6, 1.54, 18, 114, 42, 30, 48923, 2943, 0, 0.489, 94, 203
1773305834, 45, 12, 1238, 1190, 10, 12.75%, 0, 50, 6, 1.35, 18, 114, 42, 30, 48923, 2943, 0, 0.489, 94, 203
1773305874, 45, 12, 1239, 1191, 10, 12.75%, 0, 50, 6, 1.17, 18, 114, 42, 30, 48923, 2943, 0, 0.489, 94, 203
1773306013, 45, 12, 1240, 1192, 10, 12.75%, 0, 50, 6, 0.89, 18, 114, 42, 30, 48923, 2943, 0, 0.489, 94, 203
1773306087, 45, 12, 1241, 1193, 10, 12.75%, 0, 50, 6, 0.80, 18, 114, 42, 30, 48923, 2943, 0, 0.489, 94, 203
1773306339, 46, 7, 1241, 1193, 6, 12.75%, 0, 50, 6, 0.09, 18, 114, 43, 31, 50526, 3022, 0, 0.489, 94, 203
1773306441, 46, 7, 1242, 1194, 6, 12.75%, 0, 50, 6, 2.07, 18, 114, 43, 31, 50526, 3022, 0, 0.489, 94, 203
1773306452, 46, 7, 1243, 1195, 6, 12.75%, 0, 50, 6, 1.54, 18, 114, 43, 31, 50526, 3022, 0, 0.489, 94, 203
1773306462, 46, 7, 1244, 1196, 6, 12.75%, 0, 50, 6, 1.21, 18, 114, 43, 31, 50526, 3022, 0, 0.489, 94, 203
1773306479, 46, 7, 1245, 1197, 6, 12.75%, 0, 50, 6, 0.96, 18, 114, 43, 31, 50526, 3022, 0, 0.489, 94, 203
1773306507, 46, 7, 1246, 1198, 6, 12.75%, 0, 50, 6, 0.98, 18, 114, 43, 31, 50526, 3022, 0, 0.480, 94, 209
1773306523, 46, 7, 1247, 1199, 6, 12.75%, 0, 50, 6, 1.45, 18, 114, 43, 31, 50526, 3022, 0, 0.480, 94, 209
1773306574, 46, 7, 1248, 1200, 6, 12.75%, 0, 50, 6, 1.21, 18, 114, 43, 31, 50526, 3022, 0, 0.480, 94, 209
1773306596, 46, 7, 1249, 1201, 6, 12.75%, 0, 50, 6, 0.89, 18, 114, 43, 31, 50526, 3022, 0, 0.480, 94, 209
1773306639, 46, 7, 1249, 1201, 6, 12.75%, 0, 51, 6, 0.92, 18, 114, 43, 31, 50526, 3022, 0, 0.480, 94, 209
1773306742, 46, 7, 1250, 1202, 6, 12.75%, 0, 51, 6, 1.32, 18, 114, 43, 31, 50526, 3022, 0, 0.480, 94, 209
1773306888, 46, 7, 1250, 1202, 6, 12.75%, 0, 52, 6, 0.20, 18, 114, 43, 31, 50526, 3022, 0, 0.480, 94, 209
1773306961, 46, 7, 1251, 1203, 6, 12.75%, 0, 52, 6, 0.98, 18, 114, 43, 31, 50526, 3022, 0, 0.480, 94, 209
1773307232, 47, 15, 1251, 1203, 1, 12.75%, 0, 52, 6, 0.22, 18, 114, 44, 32, 52099, 3100, 0, 0.476, 94, 215
1773307270, 47, 15, 1252, 1204, 1, 12.75%, 0, 52, 6, 2.33, 18, 114, 44, 32, 52099, 3100, 0, 0.476, 94, 215
1773307377, 47, 931, 1252, 1203, 1, 12.75%, 0, 52, 6, 0.19, 18, 114, 45, 33, 53970, 3215, 0, 0.476, 94, 215
1773307465, 47, 931, 1253, 1204, 1, 12.75%, 0, 52, 6, 2.43, 18, 114, 45, 33, 53970, 3215, 0, 0.476, 94, 217
1773307514, 47, 931, 1254, 1205, 1, 12.75%, 0, 52, 6, 0.35, 18, 114, 45, 33, 53970, 3215, 0, 0.476, 94, 217
1773307547, 47, 931, 1255, 1206, 1, 12.76%, 0, 52, 6, 2.37, 18, 114, 45, 33, 53970, 3215, 0, 0.476, 94, 217
1773307628, 48, 22, 1255, 1205, 9, 12.76%, 0, 52, 6, 2.05, 18, 114, 45, 33, 53970, 3215, 0, 0.476, 94, 217
1773307720, 48, 22, 1256, 1206, 9, 12.76%, 0, 52, 6, 0.93, 18, 114, 45, 33, 53970, 3215, 0, 0.476, 94, 217
1773307748, 48, 22, 1257, 1207, 9, 12.76%, 0, 52, 6, 1.23, 18, 114, 45, 33, 53970, 3215, 0, 0.476, 94, 217
1773307898, 48, 22, 1258, 1208, 9, 12.76%, 0, 52, 6, 0.85, 18, 114, 45, 33, 53970, 3215, 0, 0.476, 94, 217
1773308100, 48, 22, 1259, 1209, 9, 12.76%, 0, 52, 6, 0.83, 18, 114, 45, 33, 53970, 3215, 0, 0.476, 94, 217
1773308176, 48, 891, 1259, 1208, 11, 12.76%, 0, 52, 6, 1.18, 18, 114, 45, 33, 53970, 3215, 0, 0.476, 94, 217
1773308254, 48, 891, 1260, 1209, 11, 12.76%, 0, 52, 6, 2.27, 18, 114, 45, 33, 53970, 3215, 0, 0.476, 94, 217
1773308348, 49, 451, 1260, 1208, 10, 12.76%, 0, 52, 6, 2.39, 18, 114, 45, 33, 53970, 3215, 0, 0.476, 94, 217
1773308497, 50, 923, 1260, 1207, 9, 12.76%, 0, 52, 6, 1.92, 18, 114, 45, 33, 53970, 3215, 0, 0.476, 94, 217
1773308507, 50, 923, 1261, 1208, 9, 12.76%, 0, 52, 6, 1.74, 18, 114, 45, 33, 53970, 3215, 0, 0.476, 94, 218
1773308533, 50, 923, 1262, 1209, 9, 12.76%, 0, 52, 6, 2.14, 18, 114, 45, 33, 53970, 3215, 0, 0.476, 94, 218
1773308848, 50, 1017, 1262, 1208, 29, 12.76%, 0, 52, 6, 0.10, 18, 114, 46, 34, 55583, 3305, 0, 0.476, 94, 218
1773308869, 50, 1017, 1263, 1209, 29, 12.76%, 0, 52, 6, 1.41, 18, 114, 46, 34, 55583, 3305, 0, 0.476, 94, 218
1773309088, 50, 1017, 1264, 1210, 29, 12.77%, 0, 52, 6, 2.00, 18, 114, 46, 34, 55583, 3305, 0, 0.476, 94, 220
1773309121, 50, 1017, 1265, 1211, 29, 12.77%, 0, 52, 6, 1.99, 18, 114, 46, 34, 55583, 3305, 0, 0.476, 94, 220
1773309132, 50, 1017, 1266, 1212, 29, 12.77%, 0, 52, 6, 2.10, 18, 114, 46, 34, 55583, 3305, 0, 0.476, 94, 220
1773309148, 50, 1017, 1267, 1213, 29, 12.77%, 0, 52, 6, 2.06, 18, 114, 46, 34, 55583, 3305, 0, 0.476, 94, 220
1773309153, 50, 1017, 1268, 1214, 29, 12.77%, 0, 52, 6, 2.11, 18, 114, 46, 34, 55583, 3305, 0, 0.476, 94, 220
1773309163, 50, 1017, 1269, 1215, 29, 12.77%, 0, 52, 6, 2.15, 18, 114, 46, 34, 55583, 3305, 0, 0.476, 94, 220
1773309247, 50, 1186, 1269, 1214, 4, 12.77%, 0, 52, 6, 0.06, 18, 114, 47, 35, 57197, 3385, 0, 0.476, 94, 220
1773309336, 50, 1186, 1270, 1215, 4, 12.79%, 0, 52, 6, 2.20, 18, 115, 47, 35, 57197, 3385, 0, 0.480, 95, 222
1773309346, 50, 1186, 1271, 1216, 4, 12.79%, 0, 52, 6, 2.02, 18, 115, 47, 35, 57197, 3385, 0, 0.480, 95, 222
1773309378, 50, 1186, 1272, 1217, 4, 12.79%, 0, 52, 6, 2.15, 18, 115, 47, 35, 57197, 3385, 0, 0.480, 95, 222
1773309394, 50, 1186, 1273, 1218, 4, 12.79%, 0, 52, 6, 2.19, 18, 115, 47, 35, 57197, 3385, 0, 0.480, 95, 222
1773309405, 50, 1186, 1274, 1219, 4, 12.79%, 0, 52, 6, 1.78, 18, 115, 47, 35, 57197, 3385, 0, 0.480, 95, 222
1773309477, 50, 1186, 1275, 1220, 4, 12.79%, 0, 52, 6, 2.42, 18, 115, 47, 35, 57197, 3385, 0, 0.480, 95, 222
1773309535, 50, 1186, 1276, 1221, 4, 12.79%, 0, 52, 6, 2.00, 18, 115, 47, 35, 57197, 3385, 0, 0.480, 95, 222
1773309613, 50, 1186, 1277, 1222, 4, 12.79%, 0, 52, 6, 2.35, 18, 115, 47, 35, 57197, 3385, 0, 0.473, 96, 227
1773309655, 50, 1186, 1278, 1223, 4, 12.79%, 0, 52, 6, 2.37, 18, 115, 47, 35, 57197, 3385, 0, 0.473, 96, 227
1773309687, 50, 1186, 1279, 1224, 4, 12.79%, 0, 52, 6, 2.05, 18, 115, 47, 35, 57197, 3385, 0, 0.473, 96, 227
1773309771, 50, 1186, 1280, 1225, 4, 12.79%, 0, 52, 6, 2.20, 18, 115, 47, 35, 57197, 3385, 0, 0.473, 96, 227
1773309896, 52, 13, 1280, 1224, 1, 12.79%, 0, 52, 6, 0.22, 18, 115, 48, 36, 58780, 3469, 0, 0.477, 97, 231
1773309954, 52, 13, 1281, 1225, 1, 12.80%, 0, 52, 6, 2.40, 19, 117, 48, 36, 58780, 3469, 0, 0.477, 97, 231
1773309980, 52, 13, 1282, 1226, 1, 12.80%, 0, 52, 6, 2.21, 19, 117, 48, 36, 58780, 3469, 0, 0.477, 97, 231
1773310045, 52, 13, 1282, 1226, 6, 12.80%, 0, 52, 6, 0.18, 19, 117, 49, 37, 60550, 3577, 0, 0.479, 99, 231
1773310176, 52, 63, 1282, 1226, 6, 12.80%, 0, 52, 6, 0.10, 19, 117, 50, 38, 62179, 3721, 0, 0.479, 99, 231
1773310249, 52, 63, 1283, 1227, 6, 12.80%, 0, 52, 6, 2.24, 19, 117, 50, 38, 62179, 3721, 0, 0.479, 99, 231
1773310254, 52, 63, 1284, 1228, 6, 12.80%, 0, 52, 6, 2.17, 19, 117, 50, 38, 62179, 3721, 0, 0.479, 99, 231
1773310259, 52, 63, 1285, 1229, 6, 12.80%, 0, 52, 6, 2.14, 19, 117, 50, 38, 62179, 3721, 0, 0.479, 99, 231
1773310275, 52, 63, 1286, 1230, 6, 12.80%, 0, 52, 6, 2.03, 19, 117, 50, 38, 62179, 3721, 0, 0.479, 99, 231
1773310280, 52, 63, 1287, 1231, 6, 12.80%, 0, 52, 6, 2.10, 19, 117, 50, 38, 62179, 3721, 0, 0.478, 99, 237
1773310291, 52, 63, 1288, 1232, 6, 12.81%, 0, 52, 6, 2.16, 19, 117, 50, 38, 62179, 3721, 0, 0.478, 99, 237
1773310332, 52, 63, 1289, 1233, 6, 12.81%, 0, 52, 6, 2.17, 19, 117, 50, 38, 62179, 3721, 0, 0.478, 99, 237
1773310364, 52, 63, 1290, 1234, 6, 12.81%, 0, 52, 6, 2.23, 19, 117, 50, 38, 62179, 3721, 0, 0.478, 99, 237
1773310421, 52, 63, 1291, 1235, 6, 12.81%, 0, 52, 6, 2.18, 19, 117, 50, 38, 62179, 3721, 0, 0.478, 99, 237
1773310442, 52, 63, 1292, 1236, 6, 12.81%, 0, 52, 6, 2.17, 19, 117, 50, 38, 62179, 3721, 0, 0.478, 99, 237
1773310457, 52, 63, 1293, 1237, 6, 12.81%, 0, 52, 6, 2.30, 19, 117, 50, 38, 62179, 3721, 0, 0.478, 99, 237
1773310489, 52, 63, 1294, 1238, 6, 12.81%, 0, 52, 6, 2.04, 19, 117, 50, 38, 62179, 3721, 0, 0.478, 99, 237
1773310536, 52, 63, 1295, 1239, 6, 12.81%, 0, 52, 6, 2.24, 19, 117, 50, 38, 62179, 3721, 0, 0.478, 99, 243
1773310547, 52, 63, 1296, 1240, 6, 12.81%, 0, 52, 6, 2.10, 19, 117, 50, 38, 62179, 3721, 0, 0.478, 99, 243
1773310570, 52, 63, 1297, 1241, 6, 12.82%, 0, 52, 6, 2.16, 19, 117, 50, 38, 62179, 3721, 0, 0.478, 99, 243
1773310597, 52, 63, 1298, 1242, 6, 12.82%, 0, 52, 6, 2.12, 19, 117, 50, 38, 62179, 3721, 0, 0.478, 99, 243
1773310613, 52, 63, 1299, 1243, 6, 12.82%, 0, 52, 6, 2.23, 19, 117, 50, 38, 62179, 3721, 0, 0.478, 99, 243
1773310623, 52, 63, 1300, 1244, 6, 12.82%, 0, 52, 6, 2.36, 19, 117, 50, 38, 62179, 3721, 0, 0.478, 99, 243
1773310659, 52, 63, 1301, 1245, 6, 12.82%, 0, 52, 6, 2.19, 19, 117, 50, 38, 62179, 3721, 0, 0.478, 99, 243
1773310681, 53, 5, 1301, 1245, 7, 12.82%, 0, 52, 6, 2.12, 19, 117, 50, 38, 62179, 3721, 0, 0.478, 99, 243
1773310969, 53, 5, 1302, 1246, 7, 12.82%, 0, 52, 6, 0.98, 19, 117, 50, 38, 62179, 3721, 0, 0.471, 100, 247
1773311057, 54, 12, 1302, 1246, 7, 12.82%, 0, 52, 6, 1.12, 19, 117, 50, 38, 62179, 3721, 0, 0.471, 100, 247
1773311078, 54, 12, 1303, 1247, 7, 12.82%, 0, 52, 6, 1.27, 19, 117, 50, 38, 62179, 3721, 0, 0.471, 100, 247
1773311342, 54, 12, 1304, 1248, 7, 12.82%, 0, 52, 6, 0.77, 19, 117, 50, 38, 62179, 3721, 0, 0.471, 100, 247
1773311488, 54, 13, 1304, 1248, 7, 12.82%, 0, 52, 6, 1.47, 19, 117, 50, 38, 62179, 3721, 0, 0.471, 100, 247
1773311567, 54, 13, 1305, 1249, 7, 12.82%, 0, 52, 6, 2.19, 19, 117, 50, 38, 62179, 3721, 0, 0.475, 101, 253
1773311619, 55, 17, 1305, 1249, 7, 12.82%, 0, 52, 6, 2.20, 19, 117, 50, 38, 62179, 3721, 0, 0.475, 101, 253
1773311688, 55, 17, 1306, 1250, 7, 12.82%, 0, 52, 6, 2.07, 19, 118, 50, 38, 62179, 3721, 0, 0.475, 101, 253
1773311731, 55, 17, 1307, 1251, 7, 12.82%, 0, 52, 6, 2.13, 19, 118, 50, 38, 62179, 3721, 0, 0.475, 101, 253
1773311801, 55, 21, 1307, 1251, 6, 12.82%, 0, 52, 6, 0.16, 19, 118, 51, 39, 63983, 3816, 0, 0.469, 102, 257
1773311828, 56, 15, 1307, 1251, 6, 12.82%, 0, 52, 6, 2.21, 19, 118, 51, 39, 63983, 3816, 0, 0.469, 102, 257
1773311974, 56, 15, 1308, 1252, 6, 12.82%, 0, 52, 6, 1.02, 19, 118, 51, 39, 63983, 3816, 0, 0.469, 102, 257
1773311980, 56, 15, 1309, 1253, 6, 12.82%, 0, 52, 6, 1.00, 19, 118, 51, 39, 63983, 3816, 0, 0.469, 102, 257
1773312220, 56, 15, 1309, 1253, 6, 12.82%, 0, 53, 6, 0.61, 19, 118, 51, 39, 63983, 3816, 0, 0.469, 102, 257
1773312344, 56, 1065, 1309, 1253, 2, 12.82%, 0, 53, 6, 1.53, 19, 118, 51, 39, 63983, 3816, 0, 0.469, 102, 257
1773312474, 57, 818, 1309, 1252, 1, 12.82%, 0, 53, 6, 0.05, 19, 118, 52, 40, 65591, 3906, 0, 0.466, 103, 261
1773312479, 57, 818, 1310, 1253, 1, 12.82%, 0, 53, 6, 2.51, 19, 118, 52, 40, 65591, 3906, 0, 0.466, 103, 261
1773312500, 57, 818, 1311, 1254, 1, 12.82%, 0, 53, 6, 2.51, 19, 118, 52, 40, 65591, 3906, 0, 0.466, 103, 261
1773312548, 57, 818, 1312, 1255, 1, 12.82%, 0, 53, 6, 2.43, 19, 118, 52, 40, 65591, 3906, 0, 0.466, 103, 261
1773312610, 57, 818, 1313, 1256, 1, 12.83%, 0, 53, 6, 2.47, 19, 118, 52, 40, 65591, 3906, 0, 0.466, 103, 262
1773312981, 58, 5, 1313, 1255, 8, 12.83%, 0, 53, 6, 0.06, 19, 118, 53, 41, 67230, 4067, 0, 0.465, 103, 263
1773313272, 58, 5, 1313, 1255, 8, 12.83%, 0, 54, 6, 0.59, 19, 118, 53, 41, 67230, 4067, 0, 0.469, 104, 267
1773313302, 58, 5, 1313, 1255, 8, 12.83%, 0, 55, 6, 0.46, 19, 118, 53, 41, 67230, 4067, 0, 0.469, 104, 267
1773313453, 59, 925, 1313, 1255, 9, 12.83%, 0, 55, 6, 0.13, 19, 118, 54, 42, 68838, 4143, 0, 0.469, 104, 267
1773313550, 59, 925, 1314, 1256, 9, 12.83%, 0, 55, 6, 2.03, 19, 118, 54, 42, 68838, 4143, 0, 0.469, 104, 267
1773313615, 59, 925, 1315, 1257, 9, 12.83%, 0, 55, 6, 1.59, 19, 118, 54, 42, 68838, 4143, 0, 0.469, 104, 267
1773313754, 60, 15, 1315, 1256, 9, 12.83%, 0, 55, 6, 0.12, 19, 118, 55, 43, 70467, 4217, 0, 0.469, 104, 267
1773313813, 60, 15, 1316, 1257, 9, 12.83%, 0, 55, 6, 0.89, 19, 118, 55, 43, 70467, 4217, 0, 0.469, 104, 267
1773313852, 60, 15, 1317, 1258, 9, 12.83%, 0, 55, 6, 0.83, 19, 118, 55, 43, 70467, 4217, 0, 0.469, 104, 267
1773314010, 60, 15, 1318, 1259, 9, 12.83%, 0, 55, 6, 1.08, 19, 118, 55, 43, 70467, 4217, 0, 0.469, 104, 267
1773314022, 60, 15, 1319, 1260, 9, 12.83%, 0, 55, 6, 0.99, 19, 118, 55, 43, 70467, 4217, 0, 0.469, 104, 267
1773314179, 60, 15, 1319, 1260, 9, 12.83%, 0, 56, 6, 0.43, 19, 118, 55, 43, 70467, 4217, 0, 0.469, 104, 267
1773314359, 61, 34, 1319, 1260, 1, 12.83%, 0, 56, 6, 0.86, 19, 118, 55, 43, 70467, 4217, 0, 0.469, 104, 267
1773314402, 61, 34, 1319, 1260, 1, 12.83%, 0, 57, 6, 0.80, 19, 118, 55, 43, 70467, 4217, 0, 0.469, 104, 267
1773314708, 61, 34, 1319, 1260, 1, 12.83%, 0, 58, 6, 0.51, 19, 118, 55, 43, 70467, 4217, 0, 0.469, 104, 267
1773314734, 61, 34, 1320, 1261, 1, 12.83%, 0, 58, 6, 0.49, 19, 118, 55, 43, 70467, 4217, 0, 0.469, 104, 267
1773314825, 61, 863, 1320, 1260, 0, 12.83%, 0, 58, 6, 1.05, 19, 118, 55, 43, 70467, 4217, 0, 0.469, 104, 267
1773314905, 61, 863, 1321, 1261, 0, 12.83%, 0, 58, 6, 1.61, 19, 118, 55, 43, 70467, 4217, 0, 0.469, 104, 267
1773314926, 61, 863, 1322, 1262, 0, 12.83%, 0, 58, 6, 2.10, 19, 118, 55, 43, 70467, 4217, 0, 0.469, 104, 267
1773314964, 61, 863, 1323, 1263, 0, 12.83%, 0, 58, 6, 1.95, 19, 118, 55, 43, 70467, 4217, 0, 0.469, 104, 267
1773315002, 61, 863, 1324, 1264, 0, 12.83%, 0, 58, 6, 2.06, 19, 118, 55, 43, 70467, 4217, 0, 0.469, 104, 267
1773315087, 61, 863, 1325, 1265, 0, 12.83%, 0, 58, 6, 2.15, 19, 118, 55, 43, 70467, 4217, 0, 0.469, 104, 267
1773315103, 61, 1150, 1325, 1264, 1, 12.83%, 0, 58, 6, 2.09, 19, 118, 55, 43, 70467, 4217, 0, 0.469, 104, 267
1773315228, 62, 36, 1325, 1263, 0, 12.83%, 0, 58, 6, 2.38, 19, 118, 55, 43, 70467, 4217, 0, 0.463, 105, 273
1773315605, 62, 876, 1325, 1262, 0, 12.83%, 0, 58, 6, 1.73, 19, 118, 55, 43, 70467, 4217, 0, 0.463, 105, 273
1773315660, 62, 982, 1325, 1261, 0, 12.83%, 0, 58, 6, 0.19, 19, 118, 56, 44, 72160, 4313, 0, 0.463, 105, 273
1773315826, 63, 26, 1325, 1260, 0, 12.83%, 0, 58, 6, 2.38, 19, 118, 56, 44, 72160, 4313, 0, 0.463, 105, 274
1773315842, 64, 24, 1325, 1259, 0, 12.83%, 0, 58, 6, 2.21, 19, 118, 56, 44, 72160, 4313, 0, 0.463, 105, 274
1773315985, 64, 1151, 1325, 1258, 0, 12.83%, 0, 58, 6, 2.33, 19, 118, 57, 44, 72160, 4313, 0, 0.462, 105, 275
1773315990, 64, 1151, 1326, 1259, 0, 12.84%, 0, 58, 6, 2.38, 19, 118, 57, 44, 72160, 4313, 0, 0.462, 105, 275
1773316179, 65, 29, 1326, 1258, 4, 12.84%, 0, 58, 6, 0.15, 19, 118, 58, 45, 74001, 4422, 0, 0.462, 105, 276
1773316231, 65, 29, 1327, 1259, 4, 12.84%, 0, 58, 6, 2.40, 19, 118, 58, 45, 74001, 4422, 0, 0.462, 105, 276
1773316242, 65, 29, 1328, 1260, 4, 12.84%, 0, 58, 6, 2.48, 19, 118, 58, 45, 74001, 4422, 0, 0.462, 105, 276
1773316277, 65, 29, 1329, 1261, 4, 12.84%, 0, 58, 6, 2.53, 19, 118, 58, 45, 74001, 4422, 0, 0.462, 105, 276
1773316319, 65, 29, 1330, 1262, 4, 12.84%, 0, 58, 6, 2.49, 19, 118, 58, 45, 74001, 4422, 0, 0.462, 105, 276
1773316335, 66, 40, 1330, 1262, 0, 12.84%, 0, 58, 6, 2.32, 19, 118, 58, 45, 74001, 4422, 0, 0.462, 105, 276
1773316633, 66, 42, 1330, 1261, 0, 12.84%, 0, 58, 6, 1.12, 19, 118, 58, 45, 74001, 4422, 0, 0.462, 105, 276
1773316901, 66, 42, 1330, 1261, 0, 12.84%, 0, 59, 6, 0.69, 19, 118, 58, 45, 74001, 4422, 0, 0.462, 105, 276
1773317052, 67, 26, 1330, 1260, 0, 12.84%, 0, 59, 6, 1.15, 19, 118, 58, 45, 74001, 4422, 0, 0.462, 105, 276
1773317196, 67, 58, 1330, 1260, 0, 12.84%, 0, 59, 6, 1.97, 19, 118, 58, 45, 74001, 4422, 0, 0.462, 105, 278
1773317326, 68, 30, 1330, 1259, 0, 12.84%, 0, 59, 6, 1.89, 19, 118, 58, 45, 74001, 4422, 0, 0.462, 105, 278
1773317496, 68, 30, 1331, 1260, 0, 12.84%, 0, 59, 6, 2.01, 19, 118, 58, 45, 74001, 4422, 0, 0.462, 105, 280
1773317502, 68, 30, 1332, 1261, 0, 12.84%, 0, 59, 6, 1.74, 19, 118, 58, 45, 74001, 4422, 0, 0.462, 105, 280
1773317522, 68, 30, 1333, 1262, 0, 12.84%, 0, 59, 6, 1.45, 19, 118, 58, 45, 74001, 4422, 0, 0.462, 105, 280
1773317533, 68, 30, 1334, 1263, 0, 12.84%, 0, 59, 6, 1.37, 19, 118, 58, 45, 74001, 4422, 0, 0.462, 105, 280
1773317539, 68, 30, 1335, 1264, 0, 12.84%, 0, 59, 6, 1.32, 19, 118, 58, 45, 74001, 4422, 0, 0.462, 105, 280
1773317573, 68, 30, 1336, 1265, 0, 12.84%, 0, 59, 6, 1.48, 19, 118, 58, 45, 74001, 4422, 0, 0.462, 105, 280
1773317621, 68, 30, 1337, 1266, 0, 12.84%, 0, 59, 6, 1.53, 19, 118, 58, 45, 74001, 4422, 0, 0.462, 105, 280
1773317675, 68, 30, 1338, 1267, 0, 12.84%, 0, 59, 6, 1.58, 19, 118, 58, 45, 74001, 4422, 0, 0.462, 105, 280
1773317702, 68, 30, 1339, 1268, 0, 12.84%, 0, 59, 6, 1.58, 19, 118, 58, 45, 74001, 4422, 0, 0.462, 105, 280
1773317725, 68, 30, 1340, 1269, 0, 12.84%, 0, 59, 6, 1.55, 19, 118, 58, 45, 74001, 4422, 0, 0.462, 105, 280
1773317746, 68, 30, 1341, 1270, 0, 12.84%, 0, 59, 6, 1.54, 19, 118, 58, 45, 74001, 4422, 0, 0.462, 105, 280
1773317808, 68, 30, 1342, 1271, 0, 12.84%, 0, 59, 6, 2.06, 19, 118, 58, 45, 74001, 4422, 0, 0.462, 105, 280
1773317863, 68, 30, 1343, 1272, 0, 12.84%, 0, 59, 6, 1.74, 19, 118, 58, 45, 74001, 4422, 0, 0.462, 105, 280
1773317917, 68, 30, 1344, 1273, 0, 12.84%, 0, 59, 6, 0.72, 19, 118, 58, 45, 74001, 4422, 0, 0.462, 105, 280
1773317974, 68, 30, 1345, 1274, 0, 12.84%, 0, 59, 6, 1.84, 19, 118, 58, 45, 74001, 4422, 0, 0.462, 105, 280
1773317979, 69, 34, 1345, 1273, 5, 12.84%, 0, 59, 6, 1.75, 19, 118, 58, 45, 74001, 4422, 0, 0.462, 105, 280
1773318006, 69, 41, 1345, 1273, 5, 12.84%, 0, 59, 6, 2.43, 19, 118, 58, 45, 74001, 4422, 0, 0.462, 105, 280
1773318021, 69, 44, 1345, 1272, 4, 12.84%, 0, 59, 6, 2.47, 19, 118, 58, 45, 74001, 4422, 0, 0.462, 105, 280
1773318073, 70, 34, 1345, 1271, 3, 12.84%, 0, 59, 6, 2.32, 19, 118, 58, 45, 74001, 4422, 0, 0.462, 105, 281
1773318235, 70, 49, 1345, 1271, 3, 12.84%, 0, 59, 6, 0.19, 19, 118, 59, 46, 75780, 4516, 0, 0.462, 105, 281
1773318251, 70, 49, 1346, 1272, 3, 12.84%, 0, 59, 6, 2.59, 19, 118, 59, 46, 75780, 4516, 0, 0.462, 105, 281
1773318361, 70, 58, 1346, 1272, 3, 12.84%, 0, 59, 6, 2.39, 19, 118, 59, 46, 75780, 4516, 0, 0.472, 109, 283
1773318371, 71, 61, 1346, 1272, 3, 12.84%, 0, 59, 6, 2.31, 19, 118, 59, 46, 75780, 4516, 0, 0.472, 109, 283
1773318381, 71, 63, 1346, 1272, 3, 12.84%, 0, 59, 6, 2.35, 19, 118, 59, 46, 75780, 4516, 0, 0.472, 109, 283
1773318415, 72, 61, 1346, 1272, 4, 12.84%, 0, 59, 6, 0.22, 19, 118, 60, 47, 77383, 4586, 0, 0.472, 109, 283
1773318425, 72, 61, 1347, 1273, 4, 12.84%, 0, 59, 6, 1.75, 19, 118, 60, 47, 77383, 4586, 0, 0.472, 109, 283
1773318483, 72, 61, 1348, 1274, 4, 12.85%, 0, 59, 6, 1.77, 19, 118, 60, 47, 77383, 4586, 0, 0.472, 109, 283
1773318504, 72, 61, 1349, 1275, 4, 12.85%, 0, 59, 6, 1.94, 19, 118, 60, 47, 77383, 4586, 0, 0.472, 109, 283
1773318629, 72, 61, 1350, 1276, 4, 12.85%, 0, 59, 6, 1.61, 19, 118, 60, 47, 77383, 4586, 0, 0.469, 109, 287
1773318673, 72, 1325, 1350, 1276, 5, 12.85%, 0, 59, 6, 1.96, 19, 118, 60, 47, 77383, 4586, 0, 0.469, 109, 287
1773318907, 73, 44, 1350, 1275, 4, 12.85%, 0, 59, 6, 2.31, 19, 118, 60, 47, 77383, 4586, 0, 0.467, 113, 294
1773319227, 73, 989, 1350, 1275, 8, 12.85%, 0, 59, 6, 0.97, 19, 118, 61, 48, 79018, 4660, 0, 0.467, 113, 294
1773319327, 73, 989, 1351, 1276, 8, 12.85%, 0, 59, 6, 2.45, 19, 118, 61, 48, 79018, 4660, 0, 0.461, 114, 298
1773319412, 75, 63, 1351, 1275, 7, 12.85%, 0, 59, 6, 0.22, 19, 118, 62, 49, 80648, 4740, 0, 0.461, 114, 298
1773319460, 75, 63, 1352, 1276, 7, 12.85%, 0, 59, 6, 2.11, 19, 118, 62, 49, 80648, 4740, 0, 0.461, 114, 298
1773319512, 75, 63, 1352, 1276, 7, 12.85%, 0, 60, 6, 0.20, 19, 118, 62, 49, 80648, 4740, 0, 0.461, 114, 298
1773319584, 75, 536, 1352, 1276, 6, 12.85%, 0, 60, 6, 2.29, 19, 118, 62, 49, 80648, 4740, 0, 0.461, 114, 298
1773319722, 75, 536, 1353, 1277, 6, 12.85%, 0, 60, 6, 0.93, 19, 118, 62, 49, 80648, 4740, 0, 0.461, 114, 298
1773319801, 75, 536, 1354, 1278, 6, 12.85%, 0, 60, 6, 0.94, 19, 118, 62, 49, 80648, 4740, 0, 0.461, 114, 298
1773319851, 75, 536, 1355, 1279, 6, 12.85%, 0, 60, 6, 0.77, 19, 118, 62, 49, 80648, 4740, 0, 0.461, 114, 298
1773319917, 75, 536, 1355, 1279, 6, 12.85%, 0, 61, 6, 0.80, 19, 118, 62, 49, 80648, 4740, 0, 0.461, 114, 298
1773320027, 75, 668, 1355, 1278, 7, 12.85%, 0, 61, 6, 0.94, 19, 118, 62, 49, 80648, 4740, 0, 0.461, 114, 298
1773320070, 75, 668, 1356, 1279, 7, 12.85%, 0, 61, 6, 1.23, 19, 118, 62, 49, 80648, 4740, 0, 0.461, 116, 300
1773320210, 75, 668, 1357, 1280, 7, 12.85%, 0, 61, 6, 1.19, 19, 118, 62, 49, 80648, 4740, 0, 0.461, 116, 300
1773320459, 75, 1326, 1357, 1279, 7, 12.85%, 0, 61, 6, 0.90, 19, 118, 63, 50, 82523, 4838, 0, 0.461, 116, 300
1773320548, 75, 1326, 1358, 1280, 7, 12.85%, 0, 61, 6, 2.26, 19, 118, 63, 50, 82523, 4838, 0, 0.461, 116, 300
1773320622, 76, 891, 1359, 1280, 6, 12.85%, 0, 61, 6, 2.24, 19, 118, 63, 50, 82523, 4838, 0, 0.460, 116, 308
1773320644, 76, 891, 1360, 1281, 6, 12.86%, 0, 61, 6, 1.92, 19, 118, 63, 50, 82523, 4838, 0, 0.460, 116, 308
1773320665, 76, 891, 1361, 1282, 6, 12.86%, 0, 61, 6, 1.95, 19, 118, 63, 50, 82523, 4838, 0, 0.460, 116, 308
1773320691, 76, 891, 1362, 1283, 6, 12.86%, 0, 61, 6, 1.74, 19, 118, 63, 50, 82523, 4838, 0, 0.460, 116, 308
1773320702, 76, 891, 1363, 1284, 6, 12.86%, 0, 61, 6, 1.86, 19, 118, 63, 50, 82523, 4838, 0, 0.460, 116, 308
1773320838, 76, 891, 1364, 1285, 6, 12.86%, 0, 61, 6, 1.90, 19, 118, 63, 50, 82523, 4838, 0, 0.460, 116, 308
1773320875, 76, 891, 1365, 1286, 6, 12.87%, 0, 61, 6, 1.87, 19, 118, 63, 50, 82523, 4838, 0, 0.460, 116, 308
1773320934, 76, 891, 1366, 1287, 6, 12.87%, 0, 61, 6, 1.75, 19, 118, 63, 50, 82523, 4838, 0, 0.460, 116, 308
1773320981, 76, 891, 1367, 1288, 6, 12.87%, 0, 61, 6, 1.94, 19, 118, 63, 50, 82523, 4838, 0, 0.460, 116, 308
1773321173, 76, 891, 1368, 1289, 6, 12.87%, 0, 61, 6, 1.75, 19, 118, 63, 50, 82523, 4838, 0, 0.460, 116, 308
1773321245, 76, 891, 1369, 1290, 6, 12.87%, 0, 61, 6, 1.21, 19, 118, 63, 50, 82523, 4838, 0, 0.460, 116, 308
1773321354, 76, 891, 1370, 1291, 6, 12.87%, 0, 61, 6, 1.02, 19, 118, 63, 50, 82523, 4838, 0, 0.460, 116, 308
1773321509, 76, 891, 1370, 1291, 6, 12.87%, 0, 62, 6, 0.84, 19, 118, 63, 50, 82523, 4838, 0, 0.460, 116, 308
1773321566, 76, 891, 1370, 1291, 6, 12.87%, 0, 63, 6, 0.53, 19, 118, 63, 50, 82523, 4838, 0, 0.460, 116, 308
1773321582, 76, 891, 1371, 1292, 6, 12.87%, 0, 63, 6, 0.68, 19, 118, 63, 50, 82523, 4838, 0, 0.460, 116, 308
1773321593, 76, 891, 1372, 1293, 6, 12.87%, 0, 63, 6, 0.84, 19, 118, 63, 50, 82523, 4838, 0, 0.460, 116, 308
1773321608, 76, 891, 1373, 1294, 6, 12.87%, 0, 63, 6, 1.08, 19, 118, 63, 50, 82523, 4838, 0, 0.460, 116, 308
1773321651, 76, 891, 1374, 1295, 6, 12.87%, 0, 63, 6, 1.32, 19, 118, 63, 50, 82523, 4838, 0, 0.460, 116, 308
1773321678, 76, 891, 1375, 1296, 6, 12.87%, 0, 63, 6, 1.37, 19, 118, 63, 50, 82523, 4838, 0, 0.460, 116, 308
1773321689, 76, 891, 1376, 1297, 6, 12.87%, 0, 63, 6, 1.62, 19, 118, 63, 50, 82523, 4838, 0, 0.460, 116, 308
1773321744, 76, 891, 1377, 1298, 6, 12.87%, 0, 63, 6, 1.33, 19, 118, 63, 50, 82523, 4838, 0, 0.460, 116, 308
1773321797, 76, 891, 1378, 1299, 6, 12.87%, 0, 63, 6, 1.23, 19, 118, 63, 50, 82523, 4838, 0, 0.460, 116, 308
1773321818, 76, 891, 1379, 1300, 6, 12.87%, 0, 63, 6, 1.36, 19, 118, 63, 50, 82523, 4838, 0, 0.460, 116, 308
1773321856, 76, 891, 1380, 1301, 6, 12.87%, 0, 63, 6, 1.28, 19, 118, 63, 50, 82523, 4838, 0, 0.460, 116, 308
1773321878, 76, 989, 1380, 1301, 5, 12.87%, 0, 63, 6, 1.61, 19, 118, 63, 50, 82523, 4838, 0, 0.460, 116, 308
1773322043, 76, 1098, 1380, 1301, 5, 12.87%, 0, 63, 6, 1.65, 19, 118, 63, 50, 82523, 4838, 0, 0.461, 117, 312
1773322126, 76, 1098, 1381, 1302, 5, 12.87%, 0, 63, 6, 1.09, 19, 118, 63, 50, 82523, 4838, 0, 0.461, 117, 312
1773322164, 76, 1098, 1382, 1303, 5, 12.87%, 0, 63, 6, 1.07, 19, 118, 63, 50, 82523, 4838, 0, 0.461, 117, 312
1773322243, 76, 1098, 1383, 1304, 5, 12.87%, 0, 63, 6, 1.08, 19, 118, 63, 50, 82523, 4838, 0, 0.461, 117, 312
1773322383, 76, 1098, 1384, 1305, 5, 12.87%, 0, 63, 6, 1.42, 19, 118, 63, 50, 82523, 4838, 0, 0.461, 117, 312
1773322389, 76, 1098, 1385, 1306, 5, 12.87%, 0, 63, 6, 1.31, 19, 118, 63, 50, 82523, 4838, 0, 0.461, 117, 312
1773323051, 76, 1098, 1386, 1307, 5, 12.87%, 0, 63, 6, 0.67, 19, 118, 63, 50, 82523, 4838, 0, 0.461, 117, 312
1773323138, 76, 1098, 1386, 1307, 5, 12.87%, 0, 64, 6, 0.91, 19, 118, 63, 50, 82523, 4838, 0, 0.461, 118, 313
1773323391, 76, 1098, 1387, 1308, 5, 12.87%, 0, 64, 6, 0.74, 19, 118, 63, 50, 82523, 4838, 0, 0.461, 118, 313
1773323513, 76, 1105, 1387, 1307, 9, 12.87%, 0, 64, 6, 0.95, 19, 118, 63, 50, 82523, 4838, 0, 0.461, 118, 313
1773323766, 76, 1105, 1388, 1308, 9, 12.88%, 0, 64, 6, 1.19, 19, 118, 63, 50, 82523, 4838, 0, 0.461, 118, 313
1773323800, 76, 1105, 1388, 1308, 9, 12.88%, 0, 65, 6, 0.20, 19, 118, 63, 50, 82523, 4838, 0, 0.461, 118, 313
1773323810, 76, 1105, 1388, 1308, 9, 12.88%, 0, 66, 6, 0.20, 19, 118, 63, 50, 82523, 4838, 0, 0.461, 118, 313
1773323867, 76, 1105, 1388, 1308, 9, 12.88%, 0, 67, 6, 0.20, 19, 118, 63, 50, 82523, 4838, 0, 0.461, 118, 313
1773323943, 76, 1154, 1388, 1307, 5, 12.88%, 0, 67, 6, 2.57, 19, 118, 64, 51, 84638, 4945, 0, 0.465, 120, 316
1773324047, 76, 1154, 1389, 1308, 5, 12.88%, 0, 67, 6, 2.29, 19, 118, 64, 51, 84638, 4945, 0, 0.465, 120, 316
1773324089, 76, 1154, 1390, 1309, 5, 12.89%, 0, 67, 6, 2.22, 19, 118, 64, 51, 84638, 4945, 0, 0.465, 120, 316
1773324136, 76, 1154, 1391, 1310, 5, 12.89%, 0, 67, 6, 2.13, 19, 118, 64, 51, 84638, 4945, 0, 0.465, 120, 316
1773324178, 77, 6, 1391, 1309, 4, 12.89%, 0, 67, 6, 2.11, 19, 118, 64, 51, 84638, 4945, 0, 0.465, 120, 316
1773324252, 77, 6, 1392, 1310, 4, 12.89%, 0, 67, 6, 2.10, 19, 119, 64, 51, 84638, 4945, 0, 0.465, 120, 316
1773324337, 77, 6, 1393, 1311, 4, 12.89%, 0, 67, 6, 2.12, 19, 119, 64, 51, 84638, 4945, 0, 0.465, 120, 316
1773324386, 77, 12, 1393, 1311, 10, 12.89%, 0, 67, 6, 1.64, 19, 119, 64, 51, 84638, 4945, 0, 0.465, 120, 316
1773324697, 77, 12, 1394, 1312, 10, 12.89%, 0, 67, 6, 0.85, 19, 119, 64, 51, 84638, 4945, 0, 0.467, 122, 316
1773324781, 78, 6, 1394, 1312, 10, 12.89%, 0, 67, 6, 1.29, 19, 119, 64, 51, 84638, 4945, 0, 0.467, 122, 316
1773324981, 78, 15, 1394, 1312, 10, 12.89%, 0, 67, 6, 1.66, 19, 119, 64, 51, 84638, 4945, 0, 0.467, 122, 316
1773325193, 78, 15, 1395, 1313, 10, 12.89%, 0, 67, 6, 0.80, 19, 119, 64, 51, 84638, 4945, 0, 0.467, 122, 316
1773325366, 79, 7, 1395, 1313, 10, 12.89%, 0, 67, 6, 1.25, 19, 119, 64, 51, 84638, 4945, 0, 0.467, 122, 316
1773325409, 79, 44, 1395, 1313, 10, 12.89%, 0, 67, 6, 2.06, 19, 119, 64, 51, 84638, 4945, 0, 0.467, 122, 316
1773325450, 79, 44, 1395, 1313, 10, 12.89%, 0, 68, 6, 0.20, 19, 119, 64, 51, 84638, 4945, 0, 0.467, 122, 316
1773325511, 79, 44, 1395, 1313, 10, 12.89%, 0, 69, 6, 0.20, 19, 119, 64, 51, 84638, 4945, 0, 0.467, 122, 316
1773325775, 79, 1280, 1395, 1313, 10, 12.89%, 0, 69, 6, 1.52, 19, 119, 64, 51, 84638, 4945, 0, 0.468, 123, 318
1773325786, 79, 1280, 1396, 1314, 10, 12.89%, 0, 69, 6, 2.05, 19, 119, 64, 51, 84638, 4945, 0, 0.468, 123, 318
1773325960, 79, 1280, 1397, 1315, 10, 12.89%, 0, 69, 6, 2.25, 19, 119, 64, 51, 84638, 4945, 0, 0.468, 124, 322
1773326027, 80, 68, 1397, 1314, 10, 12.89%, 0, 69, 6, 2.07, 19, 119, 64, 51, 84638, 4945, 0, 0.468, 124, 322
1773326375, 80, 68, 1397, 1314, 10, 12.89%, 0, 70, 6, 0.63, 19, 119, 64, 51, 84638, 4945, 0, 0.468, 124, 322
1773326419, 81, 9, 1397, 1314, 10, 12.89%, 0, 70, 6, 1.58, 19, 119, 64, 51, 84638, 4945, 0, 0.468, 124, 322
1773326435, 81, 10, 1397, 1313, 9, 12.89%, 0, 70, 6, 2.20, 19, 119, 64, 51, 84638, 4945, 0, 0.468, 124, 322
1773326461, 81, 13, 1397, 1312, 8, 12.89%, 0, 70, 6, 2.20, 19, 119, 64, 51, 84638, 4945, 0, 0.462, 125, 326
1773326487, 81, 15, 1397, 1312, 8, 12.89%, 0, 70, 6, 2.21, 19, 119, 64, 51, 84638, 4945, 0, 0.462, 125, 326
1773326535, 81, 231, 1397, 1312, 8, 12.89%, 0, 70, 6, 2.04, 19, 119, 64, 51, 84638, 4945, 0, 0.462, 125, 326
1773326700, 81, 1022, 1397, 1311, 8, 12.89%, 0, 70, 6, 1.70, 19, 119, 64, 51, 84638, 4945, 0, 0.462, 125, 326
1773326765, 82, 78, 1397, 1310, 7, 12.89%, 0, 70, 6, 2.15, 19, 119, 64, 51, 84638, 4945, 0, 0.462, 125, 326
1773327163, 83, 21, 1397, 1310, 7, 12.89%, 0, 70, 6, 1.15, 19, 119, 64, 51, 84638, 4945, 0, 0.462, 125, 326
1773327189, 84, 1217, 1397, 1310, 7, 12.89%, 0, 70, 6, 2.15, 19, 119, 64, 51, 84638, 4945, 0, 0.462, 125, 326
1773327264, 84, 1217, 1398, 1311, 7, 12.89%, 0, 70, 6, 1.96, 19, 119, 64, 51, 84638, 4945, 0, 0.462, 125, 327
1773327317, 84, 1217, 1399, 1312, 7, 12.89%, 0, 70, 6, 2.01, 19, 119, 64, 51, 84638, 4945, 0, 0.462, 125, 327
1773327406, 85, 22, 1399, 1311, 5, 12.89%, 0, 70, 6, 2.15, 19, 119, 64, 51, 84638, 4945, 0, 0.462, 125, 327
1773327432, 86, 891, 1400, 1312, 5, 12.89%, 0, 70, 6, 2.24, 19, 119, 64, 51, 84638, 4945, 0, 0.462, 125, 327
1773327481, 86, 891, 1401, 1313, 5, 12.89%, 0, 70, 6, 1.81, 19, 119, 64, 51, 84638, 4945, 0, 0.462, 125, 327
1773327686, 86, 891, 1402, 1314, 5, 12.89%, 0, 70, 6, 0.89, 19, 119, 64, 51, 84638, 4945, 0, 0.462, 125, 327
1773327858, 86, 1083, 1402, 1314, 11, 12.89%, 0, 70, 6, 1.33, 19, 119, 64, 51, 84638, 4945, 0, 0.462, 125, 327
1773327933, 86, 1083, 1403, 1315, 11, 12.89%, 0, 70, 6, 1.28, 19, 119, 64, 51, 84638, 4945, 0, 0.462, 125, 327
1773327987, 86, 1083, 1404, 1316, 11, 12.89%, 0, 70, 6, 1.31, 19, 119, 64, 51, 84638, 4945, 0, 0.462, 125, 327
1773328181, 86, 1083, 1405, 1317, 11, 12.89%, 0, 70, 6, 1.46, 19, 119, 64, 51, 84638, 4945, 0, 0.466, 126, 327
1773328192, 86, 1083, 1406, 1318, 11, 12.90%, 0, 70, 6, 1.63, 19, 119, 64, 51, 84638, 4945, 0, 0.466, 126, 327
1773328480, 86, 1083, 1407, 1319, 11, 12.90%, 0, 70, 6, 1.20, 19, 119, 64, 51, 84638, 4945, 0, 0.465, 129, 331
1773328552, 86, 1083, 1408, 1320, 11, 12.90%, 0, 70, 6, 1.24, 19, 119, 64, 51, 84638, 4945, 0, 0.465, 129, 331
1773328609, 86, 1083, 1409, 1321, 11, 12.90%, 0, 70, 6, 1.14, 19, 119, 64, 51, 84638, 4945, 0, 0.465, 129, 331
1773328614, 86, 1083, 1410, 1322, 11, 12.90%, 0, 70, 6, 1.18, 19, 119, 64, 51, 84638, 4945, 0, 0.465, 129, 331
1773328625, 86, 1083, 1411, 1323, 11, 12.90%, 0, 70, 6, 1.20, 19, 119, 64, 51, 84638, 4945, 0, 0.465, 129, 331
1773328674, 86, 1083, 1412, 1324, 11, 12.90%, 0, 70, 6, 1.26, 19, 119, 64, 51, 84638, 4945, 0, 0.465, 129, 331
1773328713, 86, 1083, 1413, 1325, 11, 12.90%, 0, 70, 6, 1.22, 19, 119, 64, 51, 84638, 4945, 0, 0.465, 129, 331
1773328747, 86, 1083, 1414, 1326, 11, 12.90%, 0, 70, 6, 1.40, 19, 119, 64, 51, 84638, 4945, 0, 0.465, 129, 331
1773328752, 86, 1083, 1415, 1327, 11, 12.90%, 0, 70, 6, 1.46, 19, 119, 64, 51, 84638, 4945, 0, 0.465, 129, 331
1773328763, 86, 1083, 1416, 1328, 11, 12.90%, 0, 70, 6, 1.64, 19, 119, 64, 51, 84638, 4945, 0, 0.465, 129, 331
1773328779, 86, 1083, 1417, 1329, 11, 12.90%, 0, 70, 6, 1.60, 19, 119, 64, 51, 84638, 4945, 0, 0.465, 129, 331
1773329008, 87, 1236, 1417, 1328, 4, 12.90%, 0, 70, 6, 1.07, 19, 119, 64, 51, 84638, 4945, 0, 0.465, 130, 331
1773329573, 87, 1236, 1417, 1328, 4, 12.90%, 0, 71, 6, 0.68, 19, 119, 64, 51, 84638, 4945, 0, 0.465, 131, 332
1773329620, 88, 1101, 1417, 1327, 3, 12.90%, 0, 71, 6, 0.81, 19, 119, 64, 51, 84638, 4945, 0, 0.465, 131, 332
1773329970, 88, 1119, 1417, 1326, 3, 12.90%, 0, 71, 6, 0.94, 19, 119, 64, 51, 84638, 4945, 0, 0.469, 132, 332
1773330014, 88, 1119, 1418, 1327, 3, 12.90%, 0, 71, 6, 1.30, 19, 119, 64, 51, 84638, 4945, 0, 0.469, 132, 332
1773330373, 88, 1119, 1418, 1327, 3, 12.90%, 0, 72, 6, 0.78, 19, 119, 64, 51, 84638, 4945, 0, 0.469, 132, 332
1773330398, 88, 1119, 1418, 1327, 3, 12.90%, 0, 73, 6, 0.62, 19, 119, 64, 51, 84638, 4945, 0, 0.469, 132, 332
1773330438, 88, 1119, 1418, 1327, 3, 12.90%, 0, 74, 6, 0.45, 19, 119, 64, 51, 84638, 4945, 0, 0.469, 132, 332
1773330444, 88, 1119, 1418, 1327, 3, 12.90%, 0, 75, 6, 0.43, 19, 119, 64, 51, 84638, 4945, 0, 0.469, 132, 332
1773330492, 89, 262, 1418, 1326, 4, 12.90%, 0, 75, 6, 1.08, 19, 119, 64, 51, 84638, 4945, 0, 0.469, 132, 332
1773330652, 89, 262, 1419, 1327, 4, 12.90%, 0, 75, 6, 1.74, 19, 119, 64, 51, 84638, 4945, 0, 0.469, 132, 332
1773330689, 89, 1167, 1419, 1327, 4, 12.90%, 0, 75, 6, 1.69, 19, 119, 64, 51, 84638, 4945, 0, 0.469, 132, 332
1773330932, 89, 1167, 1419, 1327, 4, 12.90%, 0, 76, 6, 0.42, 19, 119, 64, 51, 84638, 4945, 0, 0.469, 132, 332
1773330949, 89, 1167, 1419, 1327, 4, 12.90%, 0, 77, 6, 0.38, 19, 119, 64, 51, 84638, 4945, 0, 0.469, 132, 332
1773331186, 89, 1167, 1420, 1328, 4, 12.90%, 0, 77, 6, 0.49, 19, 119, 64, 51, 84638, 4945, 0, 0.469, 132, 332
1773331294, 89, 1167, 1421, 1329, 4, 12.90%, 0, 77, 6, 0.48, 19, 119, 64, 51, 84638, 4945, 0, 0.469, 132, 332
1773331528, 89, 1354, 1421, 1328, 14, 12.90%, 0, 77, 6, 0.66, 19, 119, 64, 51, 84638, 4945, 0, 0.469, 132, 332
1773331648, 89, 1354, 1422, 1329, 14, 12.90%, 0, 77, 6, 1.52, 19, 119, 64, 51, 84638, 4945, 0, 0.469, 132, 332
1773331701, 89, 1354, 1423, 1330, 14, 12.90%, 0, 77, 6, 1.49, 19, 119, 64, 51, 84638, 4945, 0, 0.469, 132, 332
1773331885, 91, 5, 1423, 1329, 4, 12.90%, 0, 77, 6, 1.57, 19, 119, 64, 51, 84638, 4945, 0, 0.465, 136, 339
1773332036, 91, 5, 1424, 1330, 4, 12.90%, 0, 77, 6, 2.26, 19, 119, 64, 51, 84638, 4945, 0, 0.465, 136, 339
1773332052, 91, 5, 1425, 1331, 4, 12.90%, 0, 77, 6, 2.27, 19, 119, 64, 51, 84638, 4945, 0, 0.465, 136, 339
1773332111, 91, 25, 1425, 1331, 4, 12.90%, 0, 77, 6, 2.23, 19, 119, 64, 51, 84638, 4945, 0, 0.465, 136, 339
1773332127, 91, 1359, 1425, 1330, 3, 12.90%, 0, 77, 6, 2.14, 19, 119, 64, 51, 84638, 4945, 0, 0.465, 136, 339
1773332133, 91, 1359, 1426, 1331, 3, 12.90%, 0, 77, 6, 1.91, 19, 119, 64, 51, 84638, 4945, 0, 0.465, 136, 339
1773332148, 91, 1359, 1427, 1332, 3, 12.90%, 0, 77, 6, 1.79, 19, 119, 64, 51, 84638, 4945, 0, 0.465, 136, 339
1773332192, 91, 1359, 1428, 1333, 3, 12.90%, 0, 77, 6, 1.72, 19, 119, 64, 51, 84638, 4945, 0, 0.465, 136, 339
1773332197, 91, 1359, 1429, 1334, 3, 12.90%, 0, 77, 6, 1.78, 19, 119, 64, 51, 84638, 4945, 0, 0.465, 136, 339
1773332202, 91, 1359, 1430, 1335, 3, 12.90%, 0, 77, 6, 1.91, 19, 119, 64, 51, 84638, 4945, 0, 0.465, 136, 339
1773332261, 91, 1359, 1431, 1336, 3, 12.90%, 0, 77, 6, 1.67, 19, 119, 64, 51, 84638, 4945, 0, 0.465, 136, 339
1773332330, 91, 1359, 1432, 1337, 3, 12.90%, 0, 77, 6, 1.77, 19, 119, 64, 51, 84638, 4945, 0, 0.465, 136, 339
1773332518, 91, 1359, 1433, 1338, 3, 12.90%, 0, 77, 6, 1.72, 19, 119, 64, 51, 84638, 4945, 0, 0.460, 137, 343
1773332545, 91, 1359, 1434, 1339, 3, 12.90%, 0, 77, 6, 1.70, 19, 119, 64, 51, 84638, 4945, 0, 0.460, 137, 343
1773332609, 91, 1359, 1435, 1340, 3, 12.90%, 0, 77, 6, 1.67, 19, 119, 64, 51, 84638, 4945, 0, 0.460, 137, 343
1773332977, 92, 7, 1436, 1340, 23, 12.90%, 0, 77, 6, 1.51, 19, 119, 64, 51, 84638, 4945, 0, 0.463, 138, 343
1773333003, 92, 7, 1437, 1341, 23, 12.90%, 0, 77, 6, 1.56, 19, 119, 64, 51, 84638, 4945, 0, 0.463, 138, 343
1773333157, 92, 7, 1438, 1342, 23, 12.90%, 0, 77, 6, 1.81, 19, 119, 64, 51, 84638, 4945, 0, 0.463, 138, 343
1773333181, 92, 7, 1439, 1343, 23, 12.90%, 0, 77, 6, 1.89, 19, 119, 64, 51, 84638, 4945, 0, 0.463, 138, 343
1773333207, 92, 7, 1440, 1344, 23, 12.90%, 0, 77, 6, 1.77, 19, 119, 64, 51, 84638, 4945, 0, 0.458, 139, 347
1773333238, 92, 7, 1441, 1345, 23, 12.90%, 0, 77, 6, 1.70, 19, 119, 64, 51, 84638, 4945, 0, 0.458, 139, 347
1773333249, 92, 7, 1442, 1346, 23, 12.91%, 0, 77, 6, 1.59, 19, 119, 64, 51, 84638, 4945, 0, 0.458, 139, 347
1773333285, 92, 7, 1443, 1347, 23, 12.91%, 0, 77, 6, 1.57, 19, 119, 64, 51, 84638, 4945, 0, 0.458, 139, 347
1773333353, 92, 89, 1443, 1347, 0, 12.91%, 0, 77, 6, 1.62, 19, 119, 64, 51, 84638, 4945, 0, 0.458, 139, 347
1773333502, 93, 35, 1443, 1346, 0, 12.91%, 0, 77, 6, 2.09, 19, 119, 64, 51, 84638, 4945, 0, 0.458, 139, 347
1773333529, 93, 865, 1443, 1345, 0, 12.91%, 0, 77, 6, 2.30, 19, 119, 64, 51, 84638, 4945, 0, 0.458, 139, 347
1773333596, 93, 865, 1444, 1346, 0, 12.91%, 0, 77, 6, 2.39, 19, 119, 64, 51, 84638, 4945, 0, 0.458, 139, 347
1773333694, 93, 1023, 1444, 1345, 0, 12.91%, 0, 77, 6, 2.18, 19, 119, 64, 51, 84638, 4945, 0, 0.458, 139, 347
1773333752, 93, 1023, 1445, 1346, 0, 12.91%, 0, 77, 6, 1.68, 19, 119, 64, 51, 84638, 4945, 0, 0.456, 140, 351
1773333927, 94, 43, 1445, 1345, 0, 12.91%, 0, 77, 6, 2.22, 19, 119, 64, 51, 84638, 4945, 0, 0.456, 140, 351
1773333958, 96, 16, 1445, 1344, 0, 12.91%, 0, 77, 6, 2.36, 19, 119, 64, 51, 84638, 4945, 0, 0.456, 140, 351
1773334042, 96, 16, 1446, 1345, 0, 12.91%, 0, 77, 6, 2.37, 19, 119, 64, 51, 84638, 4945, 0, 0.460, 141, 352
1773334089, 97, 11, 1446, 1344, 0, 12.91%, 0, 77, 6, 2.14, 19, 119, 64, 51, 84638, 4945, 0, 0.460, 141, 352
1773334250, 97, 266, 1446, 1343, 0, 12.91%, 0, 77, 6, 1.60, 19, 119, 64, 51, 84638, 4945, 0, 0.460, 141, 352
1773334351, 97, 266, 1447, 1344, 0, 12.91%, 0, 77, 6, 1.32, 19, 119, 64, 51, 84638, 4945, 0, 0.460, 141, 352
1773334454, 97, 1366, 1447, 1343, 0, 12.91%, 0, 77, 6, 1.54, 19, 119, 64, 51, 84638, 4945, 0, 0.460, 141, 352
1773334502, 97, 1366, 1448, 1344, 0, 12.91%, 0, 77, 6, 1.96, 19, 119, 64, 51, 84638, 4945, 0, 0.460, 141, 352
1773334565, 97, 1366, 1449, 1345, 0, 12.91%, 0, 77, 6, 1.90, 19, 119, 64, 51, 84638, 4945, 0, 0.460, 141, 352
1773334571, 97, 1366, 1450, 1346, 0, 12.91%, 0, 77, 6, 1.98, 19, 119, 64, 51, 84638, 4945, 0, 0.460, 141, 352
1773334597, 97, 1366, 1451, 1347, 0, 12.91%, 0, 77, 6, 2.04, 19, 119, 64, 51, 84638, 4945, 0, 0.460, 141, 352
1773334628, 97, 1366, 1452, 1348, 0, 12.91%, 0, 77, 6, 1.83, 19, 119, 64, 51, 84638, 4945, 0, 0.460, 141, 352
1773334990, 97, 1366, 1453, 1349, 0, 12.91%, 0, 77, 6, 1.49, 19, 119, 64, 51, 84638, 4945, 0, 0.460, 141, 352
1773335164, 97, 1373, 1453, 1348, 16, 12.91%, 0, 77, 6, 1.35, 19, 119, 64, 51, 84638, 4945, 0, 0.460, 141, 352
1773335186, 97, 1373, 1454, 1349, 16, 12.91%, 0, 77, 6, 1.42, 19, 119, 64, 51, 84638, 4945, 0, 0.460, 141, 352
1773335224, 97, 1373, 1455, 1350, 16, 12.91%, 0, 77, 6, 1.70, 19, 119, 64, 51, 84638, 4945, 0, 0.460, 141, 352
1773335283, 97, 1373, 1456, 1351, 16, 12.91%, 0, 77, 6, 1.59, 19, 119, 64, 51, 84638, 4945, 0, 0.460, 141, 352
1773335332, 97, 1373, 1457, 1352, 16, 12.91%, 0, 77, 6, 1.50, 19, 119, 64, 51, 84638, 4945, 0, 0.460, 141, 352
1773335343, 97, 1373, 1458, 1353, 16, 12.91%, 0, 77, 6, 1.48, 19, 119, 64, 51, 84638, 4945, 0, 0.460, 141, 352
1773335744, 97, 1373, 1459, 1354, 16, 12.91%, 0, 77, 6, 1.47, 19, 119, 64, 51, 84638, 4945, 0, 0.460, 141, 352
1773335760, 97, 1373, 1460, 1355, 16, 12.91%, 0, 77, 6, 1.78, 19, 119, 64, 51, 84638, 4945, 0, 0.460, 141, 352
1773335787, 97, 1373, 1461, 1356, 16, 12.91%, 0, 77, 6, 1.30, 19, 119, 64, 51, 84638, 4945, 0, 0.460, 141, 352
1773335797, 97, 1373, 1462, 1357, 16, 12.91%, 0, 77, 6, 1.20, 19, 119, 64, 51, 84638, 4945, 0, 0.460, 141, 352
1773335923, 97, 1373, 1463, 1358, 16, 12.91%, 0, 77, 6, 1.23, 19, 119, 64, 51, 84638, 4945, 0, 0.460, 141, 352
1773335990, 97, 1373, 1464, 1359, 16, 12.91%, 0, 77, 6, 1.23, 19, 119, 64, 51, 84638, 4945, 0, 0.460, 141, 352
1773336130, 98, 12, 1464, 1358, 26, 12.91%, 0, 77, 6, 1.38, 19, 119, 64, 51, 84638, 4945, 0, 0.460, 141, 352
1773336193, 98, 12, 1465, 1359, 26, 12.91%, 0, 77, 6, 1.86, 19, 119, 64, 51, 84638, 4945, 0, 0.460, 141, 352
1773336309, 98, 49, 1465, 1359, 4, 12.91%, 0, 77, 6, 1.79, 19, 119, 64, 51, 84638, 4945, 0, 0.460, 141, 352
1773336358, 98, 1378, 1465, 1359, 4, 12.91%, 0, 77, 6, 2.12, 19, 119, 64, 51, 84638, 4945, 0, 0.460, 142, 355
1773336379, 98, 1378, 1466, 1360, 4, 12.91%, 0, 77, 6, 1.48, 19, 119, 64, 51, 84638, 4945, 0, 0.460, 142, 355
1773336459, 98, 1378, 1467, 1361, 4, 12.91%, 0, 77, 6, 1.36, 19, 119, 64, 51, 84638, 4945, 0, 0.460, 142, 355
1773336712, 98, 1378, 1467, 1361, 4, 12.91%, 0, 78, 6, 0.20, 19, 119, 64, 51, 84638, 4945, 0, 0.460, 142, 355
1773336738, 98, 1378, 1467, 1361, 4, 12.91%, 0, 79, 6, 0.20, 19, 119, 64, 51, 84638, 4945, 0, 0.460, 142, 355
1773336947, 99, 17, 1467, 1360, 9, 12.91%, 0, 79, 6, 1.51, 19, 119, 64, 51, 84638, 4945, 0, 0.460, 142, 355
1773337112, 99, 57, 1467, 1360, 9, 12.91%, 0, 79, 6, 2.09, 19, 119, 64, 51, 84638, 4945, 0, 0.460, 142, 355
1773337128, 100, 1010, 1467, 1359, 9, 12.91%, 0, 79, 6, 2.19, 19, 119, 64, 51, 84638, 4945, 0, 0.460, 142, 355
1773337295, 101, 61, 1467, 1359, 9, 12.91%, 0, 79, 6, 2.19, 19, 119, 64, 51, 84638, 4945, 0, 0.460, 142, 356
1773337311, 101, 1011, 1467, 1359, 9, 12.91%, 0, 79, 6, 2.25, 19, 119, 64, 51, 84638, 4945, 0, 0.460, 142, 356
1773337473, 102, 63, 1467, 1359, 9, 12.91%, 0, 79, 6, 2.28, 19, 119, 64, 51, 84638, 4945, 0, 0.460, 143, 360
1773337504, 102, 64, 1467, 1359, 9, 12.91%, 0, 79, 6, 2.26, 19, 119, 64, 51, 84638, 4945, 0, 0.460, 143, 360
1773337520, 103, 17, 1467, 1359, 9, 12.91%, 0, 79, 6, 2.05, 19, 119, 64, 51, 84638, 4945, 0, 0.460, 143, 360
1773337546, 103, 17, 1468, 1360, 9, 12.92%, 0, 79, 6, 2.33, 19, 119, 64, 51, 84638, 4945, 0, 0.460, 143, 360
1773337567, 103, 17, 1469, 1361, 9, 12.92%, 0, 79, 6, 2.34, 19, 119, 64, 51, 84638, 4945, 0, 0.460, 143, 360
1773337712, 103, 17, 1470, 1362, 9, 12.92%, 0, 79, 6, 2.33, 19, 119, 64, 51, 84638, 4945, 0, 0.460, 143, 365
1773337739, 103, 1383, 1470, 1362, 9, 12.92%, 0, 79, 6, 2.19, 19, 119, 64, 51, 84638, 4945, 0, 0.460, 143, 365
1773337744, 103, 1383, 1471, 1363, 9, 12.92%, 0, 79, 6, 1.92, 19, 119, 64, 51, 84638, 4945, 0, 0.460, 143, 365
1773337903, 103, 1383, 1472, 1364, 9, 12.92%, 0, 79, 6, 1.45, 19, 119, 64, 51, 84638, 4945, 0, 0.460, 143, 365
1773337921, 103, 1383, 1473, 1365, 9, 12.92%, 0, 79, 6, 1.45, 19, 119, 64, 51, 84638, 4945, 0, 0.460, 143, 365
1773338100, 103, 1383, 1474, 1366, 9, 12.92%, 0, 79, 6, 1.79, 19, 119, 64, 51, 84638, 4945, 0, 0.460, 143, 365
1773338163, 103, 1383, 1475, 1367, 9, 12.92%, 0, 79, 6, 1.85, 19, 119, 64, 51, 84638, 4945, 0, 0.460, 143, 365
1773338208, 103, 1383, 1476, 1368, 9, 12.92%, 0, 79, 6, 1.43, 19, 119, 64, 51, 84638, 4945, 0, 0.460, 143, 365
1773338386, 103, 1383, 1477, 1369, 9, 12.92%, 0, 79, 6, 1.65, 19, 119, 64, 51, 84638, 4945, 0, 0.460, 143, 365
1773338533, 103, 1383, 1478, 1370, 9, 12.92%, 0, 79, 6, 1.01, 19, 119, 64, 51, 84638, 4945, 0, 0.460, 143, 365
1773338636, 103, 1383, 1478, 1370, 9, 12.92%, 0, 80, 6, 0.20, 19, 119, 64, 51, 84638, 4945, 0, 0.460, 143, 365
1773338664, 103, 1383, 1478, 1370, 9, 12.92%, 0, 81, 6, 0.27, 19, 119, 64, 51, 84638, 4945, 0, 0.460, 143, 365
1773338675, 103, 1383, 1478, 1370, 9, 12.92%, 0, 82, 6, 0.28, 19, 119, 64, 51, 84638, 4945, 0, 0.460, 143, 365
1773338800, 104, 223, 1478, 1369, 4, 12.92%, 0, 82, 6, 1.51, 19, 119, 64, 51, 84638, 4945, 0, 0.460, 143, 365
1773338909, 105, 12, 1478, 1368, 4, 12.92%, 0, 82, 6, 2.17, 19, 119, 64, 51, 84638, 4945, 0, 0.460, 143, 366
1773339086, 105, 1136, 1478, 1368, 4, 12.92%, 0, 82, 6, 2.41, 19, 119, 64, 51, 84638, 4945, 0, 0.460, 143, 366
1773339144, 106, 68, 1478, 1367, 3, 12.92%, 0, 82, 6, 2.08, 19, 119, 64, 51, 84638, 4945, 0, 0.460, 143, 367
1773339181, 106, 1176, 1478, 1367, 3, 12.92%, 0, 82, 6, 2.51, 19, 119, 64, 51, 84638, 4945, 0, 0.460, 143, 367
1773339197, 106, 1176, 1479, 1368, 3, 12.92%, 0, 82, 6, 2.44, 19, 119, 64, 51, 84638, 4945, 0, 0.460, 143, 367
1773339239, 106, 1176, 1480, 1369, 3, 12.92%, 0, 82, 6, 2.47, 19, 119, 64, 51, 84638, 4945, 0, 0.460, 143, 367
1773339703, 107, 1031, 1480, 1368, 15, 12.92%, 0, 82, 6, 2.43, 19, 119, 64, 51, 84638, 4945, 0, 0.460, 143, 367
1773339755, 107, 1031, 1481, 1369, 15, 12.92%, 0, 82, 6, 2.45, 19, 119, 64, 51, 84638, 4945, 0, 0.460, 143, 367
1773339788, 108, 245, 1481, 1368, 14, 12.92%, 0, 82, 6, 2.03, 19, 119, 64, 51, 84638, 4945, 0, 0.460, 143, 367
1773339935, 109, 1399, 1481, 1367, 14, 12.92%, 0, 82, 6, 1.93, 19, 119, 64, 51, 84638, 4945, 0, 0.460, 143, 367
1773340111, 109, 1399, 1481, 1367, 14, 12.92%, 0, 83, 6, 0.20, 19, 119, 64, 51, 84638, 4945, 0, 0.460, 143, 367
1773340249, 110, 1402, 1481, 1366, 13, 12.92%, 0, 83, 6, 1.31, 19, 119, 64, 51, 84638, 4945, 0, 0.460, 143, 367
1773340303, 110, 1402, 1482, 1367, 13, 12.92%, 0, 83, 6, 1.32, 19, 119, 64, 51, 84638, 4945, 0, 0.460, 143, 367
1773340575, 110, 1402, 1482, 1367, 13, 12.92%, 0, 84, 6, 0.20, 19, 119, 64, 51, 84638, 4945, 0, 0.461, 145, 370
1773340600, 110, 1402, 1482, 1367, 13, 12.92%, 0, 85, 6, 0.20, 19, 119, 64, 51, 84638, 4945, 0, 0.461, 145, 370
1773340666, 111, 1404, 1482, 1366, 4, 12.92%, 0, 85, 6, 1.67, 19, 119, 64, 51, 84638, 4945, 0, 0.461, 145, 370
1773340783, 111, 1404, 1482, 1366, 4, 12.92%, 0, 86, 6, 0.24, 19, 119, 64, 51, 84638, 4945, 0, 0.461, 145, 370
1773340798, 111, 1404, 1482, 1366, 4, 12.92%, 0, 87, 6, 0.20, 19, 119, 64, 51, 84638, 4945, 0, 0.461, 145, 370
1773340990, 111, 1407, 1482, 1365, 3, 12.92%, 0, 87, 6, 1.35, 19, 119, 64, 51, 84638, 4945, 0, 0.461, 145, 370
1773341041, 111, 1407, 1483, 1366, 3, 12.92%, 0, 87, 6, 1.27, 19, 119, 64, 51, 84638, 4945, 0, 0.465, 146, 370
1773341101, 111, 1407, 1484, 1367, 3, 12.92%, 0, 87, 6, 1.32, 19, 119, 64, 51, 84638, 4945, 0, 0.465, 146, 370
1773341274, 111, 1407, 1485, 1368, 3, 12.92%, 0, 87, 6, 1.32, 19, 119, 64, 51, 84638, 4945, 0, 0.465, 146, 370
1773341307, 111, 1407, 1486, 1369, 3, 12.92%, 0, 87, 6, 1.35, 19, 119, 64, 51, 84638, 4945, 0, 0.465, 146, 370
1773341387, 111, 1407, 1487, 1370, 3, 12.92%, 0, 87, 6, 1.31, 19, 119, 64, 51, 84638, 4945, 0, 0.465, 146, 370
1773341883, 111, 1414, 1487, 1369, 16, 12.92%, 0, 87, 6, 1.26, 19, 119, 64, 51, 84638, 4945, 0, 0.465, 147, 370
1773341888, 111, 1414, 1488, 1370, 16, 12.92%, 0, 87, 6, 1.44, 19, 119, 64, 51, 84638, 4945, 0, 0.465, 147, 370
1773341909, 111, 1414, 1489, 1371, 16, 12.92%, 0, 87, 6, 1.64, 19, 119, 64, 51, 84638, 4945, 0, 0.465, 147, 370
1773342352, 112, 69, 1489, 1370, 4, 12.92%, 0, 87, 6, 2.14, 19, 119, 64, 51, 84638, 4945, 0, 0.465, 147, 370
1773342406, 112, 1416, 1489, 1369, 3, 12.92%, 0, 87, 6, 2.12, 19, 119, 64, 51, 84638, 4945, 0, 0.465, 147, 370
1773342564, 112, 1416, 1490, 1370, 3, 12.92%, 0, 87, 6, 1.59, 19, 119, 64, 51, 84638, 4945, 0, 0.466, 148, 371
1773342678, 113, 64, 1490, 1369, 4, 12.92%, 0, 87, 6, 1.29, 19, 119, 64, 51, 84638, 4945, 0, 0.466, 148, 371
1773342694, 113, 1177, 1490, 1369, 4, 12.92%, 0, 87, 6, 2.32, 19, 119, 64, 51, 84638, 4945, 0, 0.466, 148, 371
1773342699, 113, 1177, 1491, 1370, 4, 12.93%, 0, 87, 6, 2.28, 19, 119, 64, 51, 84638, 4945, 0, 0.466, 148, 371
1773342736, 113, 1177, 1492, 1371, 4, 12.93%, 0, 87, 6, 2.65, 19, 119, 64, 51, 84638, 4945, 0, 0.466, 148, 371
1773342777, 113, 1177, 1493, 1372, 4, 12.93%, 0, 87, 6, 2.65, 19, 119, 64, 51, 84638, 4945, 0, 0.466, 148, 371
1773342829, 113, 1177, 1494, 1373, 4, 12.94%, 0, 87, 6, 2.52, 19, 119, 64, 51, 84638, 4945, 0, 0.466, 148, 372
1773342969, 113, 1177, 1495, 1374, 4, 12.94%, 0, 87, 6, 2.46, 19, 119, 64, 51, 84638, 4945, 0, 0.466, 148, 372
1773343132, 113, 1177, 1496, 1375, 4, 12.94%, 0, 87, 6, 2.42, 19, 119, 64, 51, 84638, 4945, 0, 0.466, 148, 373
1773343174, 113, 1177, 1497, 1376, 4, 12.94%, 0, 87, 6, 2.51, 19, 119, 64, 51, 84638, 4945, 0, 0.466, 148, 373
1773343278, 114, 21, 1497, 1375, 9, 12.94%, 0, 87, 6, 2.26, 19, 119, 64, 51, 84638, 4945, 0, 0.466, 148, 374
1773343411, 114, 71, 1497, 1375, 9, 12.94%, 0, 87, 6, 2.29, 19, 119, 64, 51, 84638, 4945, 0, 0.466, 148, 374
1773343427, 114, 150, 1497, 1374, 8, 12.94%, 0, 87, 6, 2.21, 19, 119, 64, 51, 84638, 4945, 0, 0.466, 148, 374
1773343516, 114, 150, 1498, 1375, 8, 12.94%, 0, 87, 6, 2.37, 19, 119, 64, 51, 84638, 4945, 0, 0.466, 148, 374
1773343553, 114, 1179, 1498, 1374, 8, 12.94%, 0, 87, 6, 2.43, 19, 119, 64, 51, 84638, 4945, 0, 0.466, 148, 374
1773343698, 114, 1179, 1499, 1375, 8, 12.94%, 0, 87, 6, 2.22, 19, 119, 64, 51, 84638, 4945, 0, 0.463, 148, 376
1773343813, 114, 1179, 1500, 1376, 8, 12.94%, 0, 87, 6, 2.46, 19, 119, 64, 51, 84638, 4945, 0, 0.463, 148, 376
1773343839, 114, 1417, 1500, 1375, 15, 12.94%, 0, 87, 6, 2.07, 19, 119, 64, 51, 84638, 4945, 0, 0.463, 148, 376
1773344003, 114, 1417, 1501, 1376, 15, 12.94%, 0, 87, 6, 1.16, 19, 119, 64, 51, 84638, 4945, 0, 0.463, 148, 376
1773344182, 115, 78, 1501, 1375, 14, 12.94%, 0, 87, 6, 1.91, 19, 119, 64, 51, 84638, 4945, 0, 0.463, 148, 376
1773344198, 115, 85, 1501, 1375, 14, 12.94%, 0, 87, 6, 2.35, 19, 119, 64, 51, 84638, 4945, 0, 0.463, 148, 376
1773344218, 116, 1042, 1501, 1374, 14, 12.94%, 0, 87, 6, 2.39, 19, 119, 64, 51, 84638, 4945, 0, 0.463, 148, 376
1773344281, 117, 250, 1501, 1373, 13, 12.94%, 0, 87, 6, 2.45, 19, 119, 64, 51, 84638, 4945, 0, 0.458, 149, 380
1773344318, 118, 13, 1501, 1373, 13, 12.94%, 0, 87, 6, 2.10, 19, 119, 64, 51, 84638, 4945, 0, 0.458, 149, 380
1773344367, 118, 13, 1501, 1373, 13, 12.94%, 0, 88, 6, 0.73, 19, 119, 64, 51, 84638, 4945, 0, 0.458, 149, 380
1773344377, 118, 13, 1502, 1374, 13, 12.94%, 0, 88, 6, 1.64, 19, 120, 64, 51, 84638, 4945, 0, 0.458, 149, 380
1773344453, 118, 13, 1503, 1375, 13, 12.94%, 0, 88, 6, 1.71, 19, 120, 64, 51, 84638, 4945, 0, 0.458, 149, 380
1773344513, 118, 1180, 1503, 1375, 0, 12.94%, 0, 88, 6, 2.14, 19, 120, 64, 51, 84638, 4945, 0, 0.458, 149, 380
1773344713, 118, 1180, 1504, 1376, 0, 12.94%, 0, 88, 6, 2.11, 19, 120, 64, 51, 84638, 4945, 0, 0.458, 149, 381
1773344724, 118, 1180, 1505, 1377, 0, 12.94%, 0, 88, 6, 1.87, 19, 120, 64, 51, 84638, 4945, 0, 0.458, 149, 381
1773344820, 119, 628, 1505, 1376, 4, 12.94%, 0, 88, 6, 2.54, 19, 120, 64, 51, 84638, 4945, 0, 0.461, 150, 385
1773344863, 119, 1419, 1505, 1375, 3, 12.94%, 0, 88, 6, 0.48, 19, 120, 64, 51, 84638, 4945, 0, 0.461, 150, 385
1773345378, 119, 1419, 1506, 1376, 3, 12.94%, 0, 88, 6, 0.51, 19, 120, 64, 51, 84638, 4945, 0, 0.461, 150, 385
1773345414, 119, 1419, 1506, 1376, 3, 12.94%, 0, 89, 6, 0.44, 19, 120, 64, 51, 84638, 4945, 0, 0.461, 150, 385
1773345554, 120, 533, 1506, 1375, 2, 12.94%, 0, 89, 6, 2.49, 19, 120, 64, 51, 84638, 4945, 0, 0.456, 151, 389
1773345623, 120, 533, 1507, 1376, 2, 12.94%, 0, 89, 6, 1.81, 19, 120, 64, 51, 84638, 4945, 0, 0.456, 151, 389
1773345729, 120, 533, 1508, 1377, 2, 12.94%, 0, 89, 6, 0.35, 19, 120, 64, 51, 84638, 4945, 0, 0.456, 151, 389
1773345776, 121, 21, 1508, 1376, 9, 12.94%, 0, 89, 6, 2.35, 19, 120, 64, 51, 84638, 4945, 0, 0.456, 151, 389
1773345903, 121, 1280, 1508, 1376, 9, 12.94%, 0, 89, 6, 2.58, 19, 120, 64, 51, 84638, 4945, 0, 0.460, 152, 393
1773346054, 121, 1422, 1508, 1376, 9, 12.94%, 0, 89, 6, 2.15, 19, 120, 64, 51, 84638, 4945, 0, 0.460, 152, 393
1773346185, 121, 1422, 1509, 1377, 9, 12.94%, 0, 89, 6, 1.34, 19, 120, 64, 51, 84638, 4945, 0, 0.460, 152, 393
1773346428, 121, 1422, 1509, 1377, 9, 12.94%, 0, 90, 6, 0.20, 19, 120, 64, 51, 84638, 4945, 0, 0.460, 152, 393
1773346460, 121, 1422, 1509, 1377, 9, 12.94%, 0, 91, 6, 0.20, 19, 120, 64, 51, 84638, 4945, 0, 0.460, 152, 393
1773346492, 121, 1422, 1509, 1377, 9, 12.94%, 0, 92, 6, 0.22, 19, 120, 64, 51, 84638, 4945, 0, 0.460, 152, 393
1773346596, 121, 1422, 1510, 1378, 9, 12.94%, 0, 92, 6, 1.16, 19, 120, 64, 51, 84638, 4945, 0, 0.460, 152, 393
1773346670, 121, 1422, 1511, 1379, 9, 12.94%, 0, 92, 6, 0.80, 19, 120, 64, 51, 84638, 4945, 0, 0.460, 152, 393
1773347124, 121, 1422, 1512, 1380, 9, 12.94%, 0, 92, 6, 1.20, 19, 120, 64, 51, 84638, 4945, 0, 0.460, 152, 393
1773347146, 121, 1422, 1513, 1381, 9, 12.94%, 0, 92, 6, 1.13, 19, 120, 64, 51, 84638, 4945, 0, 0.460, 152, 393
1773347182, 121, 1422, 1514, 1382, 9, 12.94%, 0, 92, 6, 1.30, 19, 120, 64, 51, 84638, 4945, 0, 0.460, 152, 393
1773347219, 123, 22, 1514, 1381, 4, 12.94%, 0, 92, 6, 1.66, 19, 120, 64, 51, 84638, 4945, 0, 0.460, 152, 393
1773347245, 123, 22, 1515, 1382, 4, 12.95%, 0, 92, 6, 2.57, 19, 120, 64, 51, 84638, 4945, 0, 0.459, 152, 397
1773347345, 123, 1428, 1515, 1382, 4, 12.95%, 0, 92, 6, 2.29, 19, 120, 64, 51, 84638, 4945, 0, 0.459, 152, 397
1773347377, 123, 1428, 1516, 1383, 4, 12.95%, 0, 92, 6, 1.88, 19, 120, 64, 51, 84638, 4945, 0, 0.459, 152, 397
1773347403, 123, 1428, 1517, 1384, 4, 12.95%, 0, 92, 6, 1.80, 19, 120, 64, 51, 84638, 4945, 0, 0.459, 152, 397
1773347431, 123, 1428, 1518, 1385, 4, 12.95%, 0, 92, 6, 1.75, 19, 120, 64, 51, 84638, 4945, 0, 0.459, 152, 397
1773347543, 123, 1428, 1519, 1386, 4, 12.95%, 0, 92, 6, 1.84, 19, 120, 64, 51, 84638, 4945, 0, 0.459, 152, 397
