time,subject,fuzzer,run,cov_type,cov
1772660018,pure-ftpd,aflnet,1,l_per,12.9
1772660018,pure-ftpd,aflnet,1,l_abs,839
1772660018,pure-ftpd,aflnet,1,b_per,8.0
1772660018,pure-ftpd,aflnet,1,b_abs,375
1772660018,pure-ftpd,aflnet,1,l_per,14.0
1772660018,pure-ftpd,aflnet,1,l_abs,909
1772660018,pure-ftpd,aflnet,1,b_per,9.1
1772660018,pure-ftpd,aflnet,1,b_abs,429
1772660020,pure-ftpd,aflnet,1,l_per,16.6
1772660020,pure-ftpd,aflnet,1,l_abs,1075
1772660020,pure-ftpd,aflnet,1,b_per,10.9
1772660020,pure-ftpd,aflnet,1,b_abs,513
1772660021,pure-ftpd,aflnet,1,l_per,16.7
1772660021,pure-ftpd,aflnet,1,l_abs,1082
1772660021,pure-ftpd,aflnet,1,b_per,11.0
1772660021,pure-ftpd,aflnet,1,b_abs,519
1772660124,pure-ftpd,aflnet,1,l_per,16.9
1772660124,pure-ftpd,aflnet,1,l_abs,1095
1772660124,pure-ftpd,aflnet,1,b_per,11.3
1772660124,pure-ftpd,aflnet,1,b_abs,532
1772660368,pure-ftpd,aflnet,1,l_per,17.4
1772660368,pure-ftpd,aflnet,1,l_abs,1126
1772660368,pure-ftpd,aflnet,1,b_per,11.5
1772660368,pure-ftpd,aflnet,1,b_abs,541
1772660928,pure-ftpd,aflnet,1,l_per,17.7
1772660928,pure-ftpd,aflnet,1,l_abs,1148
1772660928,pure-ftpd,aflnet,1,b_per,11.8
1772660928,pure-ftpd,aflnet,1,b_abs,554
1772661871,pure-ftpd,aflnet,1,l_per,17.8
1772661871,pure-ftpd,aflnet,1,l_abs,1152
1772661871,pure-ftpd,aflnet,1,b_per,11.8
1772661871,pure-ftpd,aflnet,1,b_abs,556
1772665067,pure-ftpd,aflnet,1,l_per,17.9
1772665067,pure-ftpd,aflnet,1,l_abs,1158
1772665067,pure-ftpd,aflnet,1,b_per,11.9
1772665067,pure-ftpd,aflnet,1,b_abs,561
1772666298,pure-ftpd,aflnet,1,l_per,18.3
1772666298,pure-ftpd,aflnet,1,l_abs,1185
1772666298,pure-ftpd,aflnet,1,b_per,12.4
1772666298,pure-ftpd,aflnet,1,b_abs,583
1772669104,pure-ftpd,aflnet,1,l_per,19.5
1772669104,pure-ftpd,aflnet,1,l_abs,1266
1772669104,pure-ftpd,aflnet,1,b_per,13.4
1772669104,pure-ftpd,aflnet,1,b_abs,632
1772672460,pure-ftpd,aflnet,1,l_per,20.5
1772672460,pure-ftpd,aflnet,1,l_abs,1327
1772672460,pure-ftpd,aflnet,1,b_per,14.0
1772672460,pure-ftpd,aflnet,1,b_abs,660
1772660022,pure-ftpd,aflnet,2,l_per,8.4
1772660022,pure-ftpd,aflnet,2,l_abs,547
1772660022,pure-ftpd,aflnet,2,b_per,4.1
1772660022,pure-ftpd,aflnet,2,b_abs,192
1772660027,pure-ftpd,aflnet,2,l_per,8.4
1772660027,pure-ftpd,aflnet,2,l_abs,547
1772660027,pure-ftpd,aflnet,2,b_per,4.1
1772660027,pure-ftpd,aflnet,2,b_abs,192
1772660032,pure-ftpd,aflnet,2,l_per,8.4
1772660032,pure-ftpd,aflnet,2,l_abs,547
1772660032,pure-ftpd,aflnet,2,b_per,4.1
1772660032,pure-ftpd,aflnet,2,b_abs,192
1772660037,pure-ftpd,aflnet,2,l_per,8.4
1772660037,pure-ftpd,aflnet,2,l_abs,547
1772660037,pure-ftpd,aflnet,2,b_per,4.1
1772660037,pure-ftpd,aflnet,2,b_abs,192
1772660037,pure-ftpd,aflnet,2,l_per,8.4
1772660037,pure-ftpd,aflnet,2,l_abs,547
1772660037,pure-ftpd,aflnet,2,b_per,4.1
1772660037,pure-ftpd,aflnet,2,b_abs,192
1772660906,pure-ftpd,chatafl,1,l_per,14.4
1772660906,pure-ftpd,chatafl,1,l_abs,934
1772660906,pure-ftpd,chatafl,1,b_per,9.2
1772660906,pure-ftpd,chatafl,1,b_abs,431
1772660906,pure-ftpd,chatafl,1,l_per,14.9
1772660906,pure-ftpd,chatafl,1,l_abs,967
1772660906,pure-ftpd,chatafl,1,b_per,9.8
1772660906,pure-ftpd,chatafl,1,b_abs,459
1772660907,pure-ftpd,chatafl,1,l_per,17.3
1772660907,pure-ftpd,chatafl,1,l_abs,1125
1772660907,pure-ftpd,chatafl,1,b_per,11.5
1772660907,pure-ftpd,chatafl,1,b_abs,542
1772660907,pure-ftpd,chatafl,1,l_per,17.7
1772660907,pure-ftpd,chatafl,1,l_abs,1150
1772660907,pure-ftpd,chatafl,1,b_per,11.9
1772660907,pure-ftpd,chatafl,1,b_abs,561
1772660908,pure-ftpd,chatafl,1,l_per,18.2
1772660908,pure-ftpd,chatafl,1,l_abs,1180
1772660908,pure-ftpd,chatafl,1,b_per,12.2
1772660908,pure-ftpd,chatafl,1,b_abs,573
1772660908,pure-ftpd,chatafl,1,l_per,18.2
1772660908,pure-ftpd,chatafl,1,l_abs,1182
1772660908,pure-ftpd,chatafl,1,b_per,12.2
1772660908,pure-ftpd,chatafl,1,b_abs,575
1772660908,pure-ftpd,chatafl,1,l_per,18.2
1772660908,pure-ftpd,chatafl,1,l_abs,1182
1772660908,pure-ftpd,chatafl,1,b_per,12.2
1772660908,pure-ftpd,chatafl,1,b_abs,575
1772660909,pure-ftpd,chatafl,1,l_per,18.2
1772660909,pure-ftpd,chatafl,1,l_abs,1182
1772660909,pure-ftpd,chatafl,1,b_per,12.2
1772660909,pure-ftpd,chatafl,1,b_abs,575
1772660909,pure-ftpd,chatafl,1,l_per,18.2
1772660909,pure-ftpd,chatafl,1,l_abs,1182
1772660909,pure-ftpd,chatafl,1,b_per,12.2
1772660909,pure-ftpd,chatafl,1,b_abs,575
1772660910,pure-ftpd,chatafl,1,l_per,18.3
1772660910,pure-ftpd,chatafl,1,l_abs,1190
1772660910,pure-ftpd,chatafl,1,b_per,12.3
1772660910,pure-ftpd,chatafl,1,b_abs,579
1772660910,pure-ftpd,chatafl,1,l_per,18.3
1772660910,pure-ftpd,chatafl,1,l_abs,1190
1772660910,pure-ftpd,chatafl,1,b_per,12.3
1772660910,pure-ftpd,chatafl,1,b_abs,579
1772660911,pure-ftpd,chatafl,1,l_per,18.7
1772660911,pure-ftpd,chatafl,1,l_abs,1215
1772660911,pure-ftpd,chatafl,1,b_per,12.4
1772660911,pure-ftpd,chatafl,1,b_abs,583
1772660911,pure-ftpd,chatafl,1,l_per,18.7
1772660911,pure-ftpd,chatafl,1,l_abs,1215
1772660911,pure-ftpd,chatafl,1,b_per,12.4
1772660911,pure-ftpd,chatafl,1,b_abs,583
1772660911,pure-ftpd,chatafl,1,l_per,18.8
1772660911,pure-ftpd,chatafl,1,l_abs,1218
1772660911,pure-ftpd,chatafl,1,b_per,12.4
1772660911,pure-ftpd,chatafl,1,b_abs,585
1772660912,pure-ftpd,chatafl,1,l_per,18.8
1772660912,pure-ftpd,chatafl,1,l_abs,1219
1772660912,pure-ftpd,chatafl,1,b_per,12.5
1772660912,pure-ftpd,chatafl,1,b_abs,586
1772660912,pure-ftpd,chatafl,1,l_per,24.5
1772660912,pure-ftpd,chatafl,1,l_abs,1592
1772660912,pure-ftpd,chatafl,1,b_per,17.0
1772660912,pure-ftpd,chatafl,1,b_abs,799
1772660913,pure-ftpd,chatafl,1,l_per,24.5
1772660913,pure-ftpd,chatafl,1,l_abs,1592
1772660913,pure-ftpd,chatafl,1,b_per,17.0
1772660913,pure-ftpd,chatafl,1,b_abs,799
1772660913,pure-ftpd,chatafl,1,l_per,24.8
1772660913,pure-ftpd,chatafl,1,l_abs,1612
1772660913,pure-ftpd,chatafl,1,b_per,17.2
1772660913,pure-ftpd,chatafl,1,b_abs,808
1772660915,pure-ftpd,chatafl,1,l_per,24.9
1772660915,pure-ftpd,chatafl,1,l_abs,1613
1772660915,pure-ftpd,chatafl,1,b_per,17.2
1772660915,pure-ftpd,chatafl,1,b_abs,809
1772660916,pure-ftpd,chatafl,1,l_per,24.9
1772660916,pure-ftpd,chatafl,1,l_abs,1613
1772660916,pure-ftpd,chatafl,1,b_per,17.2
1772660916,pure-ftpd,chatafl,1,b_abs,809
1772660916,pure-ftpd,chatafl,1,l_per,24.9
1772660916,pure-ftpd,chatafl,1,l_abs,1615
1772660916,pure-ftpd,chatafl,1,b_per,17.2
1772660916,pure-ftpd,chatafl,1,b_abs,811
1772660917,pure-ftpd,chatafl,1,l_per,24.9
1772660917,pure-ftpd,chatafl,1,l_abs,1615
1772660917,pure-ftpd,chatafl,1,b_per,17.2
1772660917,pure-ftpd,chatafl,1,b_abs,811
1772660917,pure-ftpd,chatafl,1,l_per,25.1
1772660917,pure-ftpd,chatafl,1,l_abs,1626
1772660917,pure-ftpd,chatafl,1,b_per,17.3
1772660917,pure-ftpd,chatafl,1,b_abs,815
1772660917,pure-ftpd,chatafl,1,l_per,25.1
1772660917,pure-ftpd,chatafl,1,l_abs,1626
1772660917,pure-ftpd,chatafl,1,b_per,17.3
1772660917,pure-ftpd,chatafl,1,b_abs,815
1772660918,pure-ftpd,chatafl,1,l_per,25.2
1772660918,pure-ftpd,chatafl,1,l_abs,1634
1772660918,pure-ftpd,chatafl,1,b_per,17.4
1772660918,pure-ftpd,chatafl,1,b_abs,821
1772660920,pure-ftpd,chatafl,1,l_per,25.2
1772660920,pure-ftpd,chatafl,1,l_abs,1634
1772660920,pure-ftpd,chatafl,1,b_per,17.4
1772660920,pure-ftpd,chatafl,1,b_abs,821
1772660921,pure-ftpd,chatafl,1,l_per,25.4
1772660921,pure-ftpd,chatafl,1,l_abs,1645
1772660921,pure-ftpd,chatafl,1,b_per,17.6
1772660921,pure-ftpd,chatafl,1,b_abs,829
1772660921,pure-ftpd,chatafl,1,l_per,25.4
1772660921,pure-ftpd,chatafl,1,l_abs,1645
1772660921,pure-ftpd,chatafl,1,b_per,17.6
1772660921,pure-ftpd,chatafl,1,b_abs,829
1772660922,pure-ftpd,chatafl,1,l_per,25.5
1772660922,pure-ftpd,chatafl,1,l_abs,1656
1772660922,pure-ftpd,chatafl,1,b_per,17.7
1772660922,pure-ftpd,chatafl,1,b_abs,835
1772660922,pure-ftpd,chatafl,1,l_per,25.5
1772660922,pure-ftpd,chatafl,1,l_abs,1656
1772660922,pure-ftpd,chatafl,1,b_per,17.7
1772660922,pure-ftpd,chatafl,1,b_abs,835
1772660922,pure-ftpd,chatafl,1,l_per,25.5
1772660922,pure-ftpd,chatafl,1,l_abs,1656
1772660922,pure-ftpd,chatafl,1,b_per,17.7
1772660922,pure-ftpd,chatafl,1,b_abs,835
1772660923,pure-ftpd,chatafl,1,l_per,25.7
1772660923,pure-ftpd,chatafl,1,l_abs,1667
1772660923,pure-ftpd,chatafl,1,b_per,17.9
1772660923,pure-ftpd,chatafl,1,b_abs,843
1772660923,pure-ftpd,chatafl,1,l_per,25.9
1772660923,pure-ftpd,chatafl,1,l_abs,1679
1772660923,pure-ftpd,chatafl,1,b_per,18.2
1772660923,pure-ftpd,chatafl,1,b_abs,855
1772660924,pure-ftpd,chatafl,1,l_per,25.9
1772660924,pure-ftpd,chatafl,1,l_abs,1682
1772660924,pure-ftpd,chatafl,1,b_per,18.2
1772660924,pure-ftpd,chatafl,1,b_abs,855
1772660924,pure-ftpd,chatafl,1,l_per,25.9
1772660924,pure-ftpd,chatafl,1,l_abs,1683
1772660924,pure-ftpd,chatafl,1,b_per,18.2
1772660924,pure-ftpd,chatafl,1,b_abs,858
1772660925,pure-ftpd,chatafl,1,l_per,25.9
1772660925,pure-ftpd,chatafl,1,l_abs,1683
1772660925,pure-ftpd,chatafl,1,b_per,18.2
1772660925,pure-ftpd,chatafl,1,b_abs,858
1772660925,pure-ftpd,chatafl,1,l_per,25.9
1772660925,pure-ftpd,chatafl,1,l_abs,1683
1772660925,pure-ftpd,chatafl,1,b_per,18.2
1772660925,pure-ftpd,chatafl,1,b_abs,858
1772660925,pure-ftpd,chatafl,1,l_per,25.9
1772660925,pure-ftpd,chatafl,1,l_abs,1683
1772660925,pure-ftpd,chatafl,1,b_per,18.2
1772660925,pure-ftpd,chatafl,1,b_abs,858
1772660928,pure-ftpd,chatafl,1,l_per,25.9
1772660928,pure-ftpd,chatafl,1,l_abs,1683
1772660928,pure-ftpd,chatafl,1,b_per,18.2
1772660928,pure-ftpd,chatafl,1,b_abs,858
1772660929,pure-ftpd,chatafl,1,l_per,25.9
1772660929,pure-ftpd,chatafl,1,l_abs,1683
1772660929,pure-ftpd,chatafl,1,b_per,18.2
1772660929,pure-ftpd,chatafl,1,b_abs,858
1772660929,pure-ftpd,chatafl,1,l_per,25.9
1772660929,pure-ftpd,chatafl,1,l_abs,1683
1772660929,pure-ftpd,chatafl,1,b_per,18.2
1772660929,pure-ftpd,chatafl,1,b_abs,858
1772660929,pure-ftpd,chatafl,1,l_per,25.9
1772660929,pure-ftpd,chatafl,1,l_abs,1683
1772660929,pure-ftpd,chatafl,1,b_per,18.2
1772660929,pure-ftpd,chatafl,1,b_abs,858
1772660930,pure-ftpd,chatafl,1,l_per,26.3
1772660930,pure-ftpd,chatafl,1,l_abs,1708
1772660930,pure-ftpd,chatafl,1,b_per,18.6
1772660930,pure-ftpd,chatafl,1,b_abs,876
1772660930,pure-ftpd,chatafl,1,l_per,26.3
1772660930,pure-ftpd,chatafl,1,l_abs,1710
1772660930,pure-ftpd,chatafl,1,b_per,18.7
1772660930,pure-ftpd,chatafl,1,b_abs,878
1772660931,pure-ftpd,chatafl,1,l_per,26.3
1772660931,pure-ftpd,chatafl,1,l_abs,1710
1772660931,pure-ftpd,chatafl,1,b_per,18.7
1772660931,pure-ftpd,chatafl,1,b_abs,878
1772660931,pure-ftpd,chatafl,1,l_per,26.3
1772660931,pure-ftpd,chatafl,1,l_abs,1710
1772660931,pure-ftpd,chatafl,1,b_per,18.7
1772660931,pure-ftpd,chatafl,1,b_abs,878
1772660934,pure-ftpd,chatafl,1,l_per,26.3
1772660934,pure-ftpd,chatafl,1,l_abs,1710
1772660934,pure-ftpd,chatafl,1,b_per,18.7
1772660934,pure-ftpd,chatafl,1,b_abs,878
1772660934,pure-ftpd,chatafl,1,l_per,26.5
1772660934,pure-ftpd,chatafl,1,l_abs,1720
1772660934,pure-ftpd,chatafl,1,b_per,18.8
1772660934,pure-ftpd,chatafl,1,b_abs,885
1772660934,pure-ftpd,chatafl,1,l_per,26.5
1772660934,pure-ftpd,chatafl,1,l_abs,1720
1772660934,pure-ftpd,chatafl,1,b_per,18.8
1772660934,pure-ftpd,chatafl,1,b_abs,885
1772660937,pure-ftpd,chatafl,1,l_per,26.5
1772660937,pure-ftpd,chatafl,1,l_abs,1720
1772660937,pure-ftpd,chatafl,1,b_per,18.8
1772660937,pure-ftpd,chatafl,1,b_abs,885
1772660937,pure-ftpd,chatafl,1,l_per,26.5
1772660937,pure-ftpd,chatafl,1,l_abs,1720
1772660937,pure-ftpd,chatafl,1,b_per,18.8
1772660937,pure-ftpd,chatafl,1,b_abs,885
1772660938,pure-ftpd,chatafl,1,l_per,26.5
1772660938,pure-ftpd,chatafl,1,l_abs,1720
1772660938,pure-ftpd,chatafl,1,b_per,18.8
1772660938,pure-ftpd,chatafl,1,b_abs,885
1772660941,pure-ftpd,chatafl,1,l_per,26.7
1772660941,pure-ftpd,chatafl,1,l_abs,1730
1772660941,pure-ftpd,chatafl,1,b_per,18.9
1772660941,pure-ftpd,chatafl,1,b_abs,889
1772660941,pure-ftpd,chatafl,1,l_per,26.7
1772660941,pure-ftpd,chatafl,1,l_abs,1730
1772660941,pure-ftpd,chatafl,1,b_per,18.9
1772660941,pure-ftpd,chatafl,1,b_abs,889
1772660941,pure-ftpd,chatafl,1,l_per,26.7
1772660941,pure-ftpd,chatafl,1,l_abs,1730
1772660941,pure-ftpd,chatafl,1,b_per,18.9
1772660941,pure-ftpd,chatafl,1,b_abs,889
1772660942,pure-ftpd,chatafl,1,l_per,26.7
1772660942,pure-ftpd,chatafl,1,l_abs,1730
1772660942,pure-ftpd,chatafl,1,b_per,18.9
1772660942,pure-ftpd,chatafl,1,b_abs,889
1772660942,pure-ftpd,chatafl,1,l_per,26.7
1772660942,pure-ftpd,chatafl,1,l_abs,1730
1772660942,pure-ftpd,chatafl,1,b_per,18.9
1772660942,pure-ftpd,chatafl,1,b_abs,889
1772660943,pure-ftpd,chatafl,1,l_per,26.7
1772660943,pure-ftpd,chatafl,1,l_abs,1730
1772660943,pure-ftpd,chatafl,1,b_per,18.9
1772660943,pure-ftpd,chatafl,1,b_abs,889
1772660943,pure-ftpd,chatafl,1,l_per,26.7
1772660943,pure-ftpd,chatafl,1,l_abs,1730
1772660943,pure-ftpd,chatafl,1,b_per,18.9
1772660943,pure-ftpd,chatafl,1,b_abs,889
1772660945,pure-ftpd,chatafl,1,l_per,26.7
1772660945,pure-ftpd,chatafl,1,l_abs,1730
1772660945,pure-ftpd,chatafl,1,b_per,18.9
1772660945,pure-ftpd,chatafl,1,b_abs,889
1772660946,pure-ftpd,chatafl,1,l_per,26.7
1772660946,pure-ftpd,chatafl,1,l_abs,1730
1772660946,pure-ftpd,chatafl,1,b_per,18.9
1772660946,pure-ftpd,chatafl,1,b_abs,889
1772660946,pure-ftpd,chatafl,1,l_per,26.7
1772660946,pure-ftpd,chatafl,1,l_abs,1730
1772660946,pure-ftpd,chatafl,1,b_per,18.9
1772660946,pure-ftpd,chatafl,1,b_abs,889
1772660947,pure-ftpd,chatafl,1,l_per,26.7
1772660947,pure-ftpd,chatafl,1,l_abs,1730
1772660947,pure-ftpd,chatafl,1,b_per,18.9
1772660947,pure-ftpd,chatafl,1,b_abs,889
1772660947,pure-ftpd,chatafl,1,l_per,26.7
1772660947,pure-ftpd,chatafl,1,l_abs,1730
1772660947,pure-ftpd,chatafl,1,b_per,18.9
1772660947,pure-ftpd,chatafl,1,b_abs,889
1772660948,pure-ftpd,chatafl,1,l_per,26.7
1772660948,pure-ftpd,chatafl,1,l_abs,1730
1772660948,pure-ftpd,chatafl,1,b_per,18.9
1772660948,pure-ftpd,chatafl,1,b_abs,889
1772660948,pure-ftpd,chatafl,1,l_per,26.7
1772660948,pure-ftpd,chatafl,1,l_abs,1730
1772660948,pure-ftpd,chatafl,1,b_per,18.9
1772660948,pure-ftpd,chatafl,1,b_abs,889
1772660948,pure-ftpd,chatafl,1,l_per,26.7
1772660948,pure-ftpd,chatafl,1,l_abs,1730
1772660948,pure-ftpd,chatafl,1,b_per,18.9
1772660948,pure-ftpd,chatafl,1,b_abs,889
1772660949,pure-ftpd,chatafl,1,l_per,26.7
1772660949,pure-ftpd,chatafl,1,l_abs,1730
1772660949,pure-ftpd,chatafl,1,b_per,18.9
1772660949,pure-ftpd,chatafl,1,b_abs,889
1772660949,pure-ftpd,chatafl,1,l_per,26.7
1772660949,pure-ftpd,chatafl,1,l_abs,1730
1772660949,pure-ftpd,chatafl,1,b_per,18.9
1772660949,pure-ftpd,chatafl,1,b_abs,889
1772660950,pure-ftpd,chatafl,1,l_per,26.7
1772660950,pure-ftpd,chatafl,1,l_abs,1730
1772660950,pure-ftpd,chatafl,1,b_per,18.9
1772660950,pure-ftpd,chatafl,1,b_abs,889
1772660950,pure-ftpd,chatafl,1,l_per,26.7
1772660950,pure-ftpd,chatafl,1,l_abs,1730
1772660950,pure-ftpd,chatafl,1,b_per,18.9
1772660950,pure-ftpd,chatafl,1,b_abs,889
1772660951,pure-ftpd,chatafl,1,l_per,26.7
1772660951,pure-ftpd,chatafl,1,l_abs,1730
1772660951,pure-ftpd,chatafl,1,b_per,18.9
1772660951,pure-ftpd,chatafl,1,b_abs,889
1772660951,pure-ftpd,chatafl,1,l_per,26.7
1772660951,pure-ftpd,chatafl,1,l_abs,1730
1772660951,pure-ftpd,chatafl,1,b_per,18.9
1772660951,pure-ftpd,chatafl,1,b_abs,889
1772660951,pure-ftpd,chatafl,1,l_per,26.7
1772660951,pure-ftpd,chatafl,1,l_abs,1730
1772660951,pure-ftpd,chatafl,1,b_per,18.9
1772660951,pure-ftpd,chatafl,1,b_abs,889
1772660952,pure-ftpd,chatafl,1,l_per,26.7
1772660952,pure-ftpd,chatafl,1,l_abs,1730
1772660952,pure-ftpd,chatafl,1,b_per,18.9
1772660952,pure-ftpd,chatafl,1,b_abs,889
1772660952,pure-ftpd,chatafl,1,l_per,26.7
1772660952,pure-ftpd,chatafl,1,l_abs,1730
1772660952,pure-ftpd,chatafl,1,b_per,18.9
1772660952,pure-ftpd,chatafl,1,b_abs,889
1772660953,pure-ftpd,chatafl,1,l_per,26.7
1772660953,pure-ftpd,chatafl,1,l_abs,1730
1772660953,pure-ftpd,chatafl,1,b_per,18.9
1772660953,pure-ftpd,chatafl,1,b_abs,889
1772660953,pure-ftpd,chatafl,1,l_per,26.7
1772660953,pure-ftpd,chatafl,1,l_abs,1730
1772660953,pure-ftpd,chatafl,1,b_per,18.9
1772660953,pure-ftpd,chatafl,1,b_abs,889
1772660954,pure-ftpd,chatafl,1,l_per,26.7
1772660954,pure-ftpd,chatafl,1,l_abs,1730
1772660954,pure-ftpd,chatafl,1,b_per,18.9
1772660954,pure-ftpd,chatafl,1,b_abs,889
1772660954,pure-ftpd,chatafl,1,l_per,26.7
1772660954,pure-ftpd,chatafl,1,l_abs,1730
1772660954,pure-ftpd,chatafl,1,b_per,18.9
1772660954,pure-ftpd,chatafl,1,b_abs,889
1772660955,pure-ftpd,chatafl,1,l_per,26.7
1772660955,pure-ftpd,chatafl,1,l_abs,1730
1772660955,pure-ftpd,chatafl,1,b_per,18.9
1772660955,pure-ftpd,chatafl,1,b_abs,889
1772660955,pure-ftpd,chatafl,1,l_per,26.7
1772660955,pure-ftpd,chatafl,1,l_abs,1730
1772660955,pure-ftpd,chatafl,1,b_per,18.9
1772660955,pure-ftpd,chatafl,1,b_abs,889
1772660956,pure-ftpd,chatafl,1,l_per,26.7
1772660956,pure-ftpd,chatafl,1,l_abs,1730
1772660956,pure-ftpd,chatafl,1,b_per,18.9
1772660956,pure-ftpd,chatafl,1,b_abs,889
1772660956,pure-ftpd,chatafl,1,l_per,26.7
1772660956,pure-ftpd,chatafl,1,l_abs,1730
1772660956,pure-ftpd,chatafl,1,b_per,18.9
1772660956,pure-ftpd,chatafl,1,b_abs,889
1772660957,pure-ftpd,chatafl,1,l_per,26.7
1772660957,pure-ftpd,chatafl,1,l_abs,1730
1772660957,pure-ftpd,chatafl,1,b_per,18.9
1772660957,pure-ftpd,chatafl,1,b_abs,889
1772660957,pure-ftpd,chatafl,1,l_per,26.7
1772660957,pure-ftpd,chatafl,1,l_abs,1730
1772660957,pure-ftpd,chatafl,1,b_per,18.9
1772660957,pure-ftpd,chatafl,1,b_abs,889
1772660958,pure-ftpd,chatafl,1,l_per,26.7
1772660958,pure-ftpd,chatafl,1,l_abs,1730
1772660958,pure-ftpd,chatafl,1,b_per,18.9
1772660958,pure-ftpd,chatafl,1,b_abs,889
1772660958,pure-ftpd,chatafl,1,l_per,26.7
1772660958,pure-ftpd,chatafl,1,l_abs,1730
1772660958,pure-ftpd,chatafl,1,b_per,18.9
1772660958,pure-ftpd,chatafl,1,b_abs,889
1772660958,pure-ftpd,chatafl,1,l_per,26.7
1772660958,pure-ftpd,chatafl,1,l_abs,1730
1772660958,pure-ftpd,chatafl,1,b_per,18.9
1772660958,pure-ftpd,chatafl,1,b_abs,889
1772660959,pure-ftpd,chatafl,1,l_per,26.7
1772660959,pure-ftpd,chatafl,1,l_abs,1730
1772660959,pure-ftpd,chatafl,1,b_per,18.9
1772660959,pure-ftpd,chatafl,1,b_abs,889
1772660959,pure-ftpd,chatafl,1,l_per,26.7
1772660959,pure-ftpd,chatafl,1,l_abs,1730
1772660959,pure-ftpd,chatafl,1,b_per,18.9
1772660959,pure-ftpd,chatafl,1,b_abs,889
1772660960,pure-ftpd,chatafl,1,l_per,26.7
1772660960,pure-ftpd,chatafl,1,l_abs,1730
1772660960,pure-ftpd,chatafl,1,b_per,18.9
1772660960,pure-ftpd,chatafl,1,b_abs,889
1772660960,pure-ftpd,chatafl,1,l_per,26.7
1772660960,pure-ftpd,chatafl,1,l_abs,1730
1772660960,pure-ftpd,chatafl,1,b_per,18.9
1772660960,pure-ftpd,chatafl,1,b_abs,889
1772660961,pure-ftpd,chatafl,1,l_per,26.7
1772660961,pure-ftpd,chatafl,1,l_abs,1730
1772660961,pure-ftpd,chatafl,1,b_per,18.9
1772660961,pure-ftpd,chatafl,1,b_abs,889
1772660961,pure-ftpd,chatafl,1,l_per,26.7
1772660961,pure-ftpd,chatafl,1,l_abs,1730
1772660961,pure-ftpd,chatafl,1,b_per,18.9
1772660961,pure-ftpd,chatafl,1,b_abs,889
1772660961,pure-ftpd,chatafl,1,l_per,26.7
1772660961,pure-ftpd,chatafl,1,l_abs,1730
1772660961,pure-ftpd,chatafl,1,b_per,18.9
1772660961,pure-ftpd,chatafl,1,b_abs,889
1772660962,pure-ftpd,chatafl,1,l_per,26.7
1772660962,pure-ftpd,chatafl,1,l_abs,1730
1772660962,pure-ftpd,chatafl,1,b_per,18.9
1772660962,pure-ftpd,chatafl,1,b_abs,889
1772660962,pure-ftpd,chatafl,1,l_per,26.7
1772660962,pure-ftpd,chatafl,1,l_abs,1730
1772660962,pure-ftpd,chatafl,1,b_per,18.9
1772660962,pure-ftpd,chatafl,1,b_abs,889
1772660963,pure-ftpd,chatafl,1,l_per,26.7
1772660963,pure-ftpd,chatafl,1,l_abs,1730
1772660963,pure-ftpd,chatafl,1,b_per,18.9
1772660963,pure-ftpd,chatafl,1,b_abs,889
1772660963,pure-ftpd,chatafl,1,l_per,26.7
1772660963,pure-ftpd,chatafl,1,l_abs,1730
1772660963,pure-ftpd,chatafl,1,b_per,18.9
1772660963,pure-ftpd,chatafl,1,b_abs,889
1772660964,pure-ftpd,chatafl,1,l_per,26.7
1772660964,pure-ftpd,chatafl,1,l_abs,1730
1772660964,pure-ftpd,chatafl,1,b_per,18.9
1772660964,pure-ftpd,chatafl,1,b_abs,889
1772660964,pure-ftpd,chatafl,1,l_per,26.7
1772660964,pure-ftpd,chatafl,1,l_abs,1730
1772660964,pure-ftpd,chatafl,1,b_per,18.9
1772660964,pure-ftpd,chatafl,1,b_abs,889
1772660964,pure-ftpd,chatafl,1,l_per,26.7
1772660964,pure-ftpd,chatafl,1,l_abs,1730
1772660964,pure-ftpd,chatafl,1,b_per,18.9
1772660964,pure-ftpd,chatafl,1,b_abs,889
1772660965,pure-ftpd,chatafl,1,l_per,26.7
1772660965,pure-ftpd,chatafl,1,l_abs,1730
1772660965,pure-ftpd,chatafl,1,b_per,18.9
1772660965,pure-ftpd,chatafl,1,b_abs,889
1772660965,pure-ftpd,chatafl,1,l_per,26.7
1772660965,pure-ftpd,chatafl,1,l_abs,1730
1772660965,pure-ftpd,chatafl,1,b_per,18.9
1772660965,pure-ftpd,chatafl,1,b_abs,889
1772660966,pure-ftpd,chatafl,1,l_per,26.7
1772660966,pure-ftpd,chatafl,1,l_abs,1730
1772660966,pure-ftpd,chatafl,1,b_per,18.9
1772660966,pure-ftpd,chatafl,1,b_abs,889
1772660968,pure-ftpd,chatafl,1,l_per,26.7
1772660968,pure-ftpd,chatafl,1,l_abs,1730
1772660968,pure-ftpd,chatafl,1,b_per,18.9
1772660968,pure-ftpd,chatafl,1,b_abs,889
1772660968,pure-ftpd,chatafl,1,l_per,26.7
1772660968,pure-ftpd,chatafl,1,l_abs,1730
1772660968,pure-ftpd,chatafl,1,b_per,18.9
1772660968,pure-ftpd,chatafl,1,b_abs,889
1772660969,pure-ftpd,chatafl,1,l_per,26.7
1772660969,pure-ftpd,chatafl,1,l_abs,1730
1772660969,pure-ftpd,chatafl,1,b_per,18.9
1772660969,pure-ftpd,chatafl,1,b_abs,889
1772660969,pure-ftpd,chatafl,1,l_per,26.7
1772660969,pure-ftpd,chatafl,1,l_abs,1730
1772660969,pure-ftpd,chatafl,1,b_per,18.9
1772660969,pure-ftpd,chatafl,1,b_abs,889
1772660969,pure-ftpd,chatafl,1,l_per,26.7
1772660969,pure-ftpd,chatafl,1,l_abs,1730
1772660969,pure-ftpd,chatafl,1,b_per,18.9
1772660969,pure-ftpd,chatafl,1,b_abs,889
1772660970,pure-ftpd,chatafl,1,l_per,26.7
1772660970,pure-ftpd,chatafl,1,l_abs,1730
1772660970,pure-ftpd,chatafl,1,b_per,18.9
1772660970,pure-ftpd,chatafl,1,b_abs,889
1772660970,pure-ftpd,chatafl,1,l_per,26.7
1772660970,pure-ftpd,chatafl,1,l_abs,1730
1772660970,pure-ftpd,chatafl,1,b_per,18.9
1772660970,pure-ftpd,chatafl,1,b_abs,889
1772660971,pure-ftpd,chatafl,1,l_per,26.7
1772660971,pure-ftpd,chatafl,1,l_abs,1730
1772660971,pure-ftpd,chatafl,1,b_per,18.9
1772660971,pure-ftpd,chatafl,1,b_abs,889
1772660971,pure-ftpd,chatafl,1,l_per,26.7
1772660971,pure-ftpd,chatafl,1,l_abs,1730
1772660971,pure-ftpd,chatafl,1,b_per,18.9
1772660971,pure-ftpd,chatafl,1,b_abs,889
1772660972,pure-ftpd,chatafl,1,l_per,26.7
1772660972,pure-ftpd,chatafl,1,l_abs,1730
1772660972,pure-ftpd,chatafl,1,b_per,18.9
1772660972,pure-ftpd,chatafl,1,b_abs,889
1772660972,pure-ftpd,chatafl,1,l_per,26.7
1772660972,pure-ftpd,chatafl,1,l_abs,1730
1772660972,pure-ftpd,chatafl,1,b_per,18.9
1772660972,pure-ftpd,chatafl,1,b_abs,889
1772660972,pure-ftpd,chatafl,1,l_per,26.7
1772660972,pure-ftpd,chatafl,1,l_abs,1730
1772660972,pure-ftpd,chatafl,1,b_per,18.9
1772660972,pure-ftpd,chatafl,1,b_abs,889
1772660973,pure-ftpd,chatafl,1,l_per,26.7
1772660973,pure-ftpd,chatafl,1,l_abs,1730
1772660973,pure-ftpd,chatafl,1,b_per,18.9
1772660973,pure-ftpd,chatafl,1,b_abs,889
1772660973,pure-ftpd,chatafl,1,l_per,26.7
1772660973,pure-ftpd,chatafl,1,l_abs,1730
1772660973,pure-ftpd,chatafl,1,b_per,18.9
1772660973,pure-ftpd,chatafl,1,b_abs,889
1772660974,pure-ftpd,chatafl,1,l_per,26.7
1772660974,pure-ftpd,chatafl,1,l_abs,1730
1772660974,pure-ftpd,chatafl,1,b_per,18.9
1772660974,pure-ftpd,chatafl,1,b_abs,889
1772660974,pure-ftpd,chatafl,1,l_per,26.7
1772660974,pure-ftpd,chatafl,1,l_abs,1730
1772660974,pure-ftpd,chatafl,1,b_per,18.9
1772660974,pure-ftpd,chatafl,1,b_abs,889
1772660975,pure-ftpd,chatafl,1,l_per,26.7
1772660975,pure-ftpd,chatafl,1,l_abs,1730
1772660975,pure-ftpd,chatafl,1,b_per,18.9
1772660975,pure-ftpd,chatafl,1,b_abs,889
1772660975,pure-ftpd,chatafl,1,l_per,26.7
1772660975,pure-ftpd,chatafl,1,l_abs,1730
1772660975,pure-ftpd,chatafl,1,b_per,18.9
1772660975,pure-ftpd,chatafl,1,b_abs,889
1772660976,pure-ftpd,chatafl,1,l_per,26.7
1772660976,pure-ftpd,chatafl,1,l_abs,1730
1772660976,pure-ftpd,chatafl,1,b_per,18.9
1772660976,pure-ftpd,chatafl,1,b_abs,889
1772660976,pure-ftpd,chatafl,1,l_per,26.7
1772660976,pure-ftpd,chatafl,1,l_abs,1730
1772660976,pure-ftpd,chatafl,1,b_per,18.9
1772660976,pure-ftpd,chatafl,1,b_abs,889
1772660976,pure-ftpd,chatafl,1,l_per,26.7
1772660976,pure-ftpd,chatafl,1,l_abs,1730
1772660976,pure-ftpd,chatafl,1,b_per,18.9
1772660976,pure-ftpd,chatafl,1,b_abs,889
1772660977,pure-ftpd,chatafl,1,l_per,26.7
1772660977,pure-ftpd,chatafl,1,l_abs,1730
1772660977,pure-ftpd,chatafl,1,b_per,18.9
1772660977,pure-ftpd,chatafl,1,b_abs,890
1772660977,pure-ftpd,chatafl,1,l_per,26.7
1772660977,pure-ftpd,chatafl,1,l_abs,1730
1772660977,pure-ftpd,chatafl,1,b_per,18.9
1772660977,pure-ftpd,chatafl,1,b_abs,890
1772660978,pure-ftpd,chatafl,1,l_per,26.7
1772660978,pure-ftpd,chatafl,1,l_abs,1730
1772660978,pure-ftpd,chatafl,1,b_per,18.9
1772660978,pure-ftpd,chatafl,1,b_abs,890
1772660978,pure-ftpd,chatafl,1,l_per,26.7
1772660978,pure-ftpd,chatafl,1,l_abs,1730
1772660978,pure-ftpd,chatafl,1,b_per,18.9
1772660978,pure-ftpd,chatafl,1,b_abs,890
1772660978,pure-ftpd,chatafl,1,l_per,26.7
1772660978,pure-ftpd,chatafl,1,l_abs,1730
1772660978,pure-ftpd,chatafl,1,b_per,18.9
1772660978,pure-ftpd,chatafl,1,b_abs,890
1772660979,pure-ftpd,chatafl,1,l_per,26.7
1772660979,pure-ftpd,chatafl,1,l_abs,1731
1772660979,pure-ftpd,chatafl,1,b_per,18.9
1772660979,pure-ftpd,chatafl,1,b_abs,891
1772660979,pure-ftpd,chatafl,1,l_per,26.7
1772660979,pure-ftpd,chatafl,1,l_abs,1731
1772660979,pure-ftpd,chatafl,1,b_per,18.9
1772660979,pure-ftpd,chatafl,1,b_abs,891
1772660980,pure-ftpd,chatafl,1,l_per,26.7
1772660980,pure-ftpd,chatafl,1,l_abs,1731
1772660980,pure-ftpd,chatafl,1,b_per,18.9
1772660980,pure-ftpd,chatafl,1,b_abs,891
1772660982,pure-ftpd,chatafl,1,l_per,26.7
1772660982,pure-ftpd,chatafl,1,l_abs,1731
1772660982,pure-ftpd,chatafl,1,b_per,18.9
1772660982,pure-ftpd,chatafl,1,b_abs,891
1772660983,pure-ftpd,chatafl,1,l_per,26.7
1772660983,pure-ftpd,chatafl,1,l_abs,1734
1772660983,pure-ftpd,chatafl,1,b_per,19.0
1772660983,pure-ftpd,chatafl,1,b_abs,895
1772660983,pure-ftpd,chatafl,1,l_per,26.7
1772660983,pure-ftpd,chatafl,1,l_abs,1734
1772660983,pure-ftpd,chatafl,1,b_per,19.0
1772660983,pure-ftpd,chatafl,1,b_abs,895
1772660984,pure-ftpd,chatafl,1,l_per,26.7
1772660984,pure-ftpd,chatafl,1,l_abs,1734
1772660984,pure-ftpd,chatafl,1,b_per,19.0
1772660984,pure-ftpd,chatafl,1,b_abs,895
1772660984,pure-ftpd,chatafl,1,l_per,26.7
1772660984,pure-ftpd,chatafl,1,l_abs,1734
1772660984,pure-ftpd,chatafl,1,b_per,19.0
1772660984,pure-ftpd,chatafl,1,b_abs,895
1772660985,pure-ftpd,chatafl,1,l_per,26.7
1772660985,pure-ftpd,chatafl,1,l_abs,1734
1772660985,pure-ftpd,chatafl,1,b_per,19.0
1772660985,pure-ftpd,chatafl,1,b_abs,895
1772660985,pure-ftpd,chatafl,1,l_per,26.7
1772660985,pure-ftpd,chatafl,1,l_abs,1734
1772660985,pure-ftpd,chatafl,1,b_per,19.0
1772660985,pure-ftpd,chatafl,1,b_abs,895
1772660985,pure-ftpd,chatafl,1,l_per,26.7
1772660985,pure-ftpd,chatafl,1,l_abs,1734
1772660985,pure-ftpd,chatafl,1,b_per,19.0
1772660985,pure-ftpd,chatafl,1,b_abs,895
1772660986,pure-ftpd,chatafl,1,l_per,26.7
1772660986,pure-ftpd,chatafl,1,l_abs,1734
1772660986,pure-ftpd,chatafl,1,b_per,19.0
1772660986,pure-ftpd,chatafl,1,b_abs,895
1772660986,pure-ftpd,chatafl,1,l_per,26.7
1772660986,pure-ftpd,chatafl,1,l_abs,1734
1772660986,pure-ftpd,chatafl,1,b_per,19.0
1772660986,pure-ftpd,chatafl,1,b_abs,895
1772660987,pure-ftpd,chatafl,1,l_per,26.7
1772660987,pure-ftpd,chatafl,1,l_abs,1734
1772660987,pure-ftpd,chatafl,1,b_per,19.0
1772660987,pure-ftpd,chatafl,1,b_abs,895
1772660987,pure-ftpd,chatafl,1,l_per,26.7
1772660987,pure-ftpd,chatafl,1,l_abs,1734
1772660987,pure-ftpd,chatafl,1,b_per,19.0
1772660987,pure-ftpd,chatafl,1,b_abs,895
1772660988,pure-ftpd,chatafl,1,l_per,26.7
1772660988,pure-ftpd,chatafl,1,l_abs,1734
1772660988,pure-ftpd,chatafl,1,b_per,19.0
1772660988,pure-ftpd,chatafl,1,b_abs,895
1772660988,pure-ftpd,chatafl,1,l_per,26.7
1772660988,pure-ftpd,chatafl,1,l_abs,1734
1772660988,pure-ftpd,chatafl,1,b_per,19.0
1772660988,pure-ftpd,chatafl,1,b_abs,895
1772660988,pure-ftpd,chatafl,1,l_per,26.7
1772660988,pure-ftpd,chatafl,1,l_abs,1734
1772660988,pure-ftpd,chatafl,1,b_per,19.0
1772660988,pure-ftpd,chatafl,1,b_abs,895
1772660989,pure-ftpd,chatafl,1,l_per,26.7
1772660989,pure-ftpd,chatafl,1,l_abs,1734
1772660989,pure-ftpd,chatafl,1,b_per,19.0
1772660989,pure-ftpd,chatafl,1,b_abs,895
1772660989,pure-ftpd,chatafl,1,l_per,26.7
1772660989,pure-ftpd,chatafl,1,l_abs,1734
1772660989,pure-ftpd,chatafl,1,b_per,19.0
1772660989,pure-ftpd,chatafl,1,b_abs,895
1772660993,pure-ftpd,chatafl,1,l_per,26.7
1772660993,pure-ftpd,chatafl,1,l_abs,1734
1772660993,pure-ftpd,chatafl,1,b_per,19.0
1772660993,pure-ftpd,chatafl,1,b_abs,895
1772660994,pure-ftpd,chatafl,1,l_per,26.7
1772660994,pure-ftpd,chatafl,1,l_abs,1734
1772660994,pure-ftpd,chatafl,1,b_per,19.0
1772660994,pure-ftpd,chatafl,1,b_abs,895
1772660994,pure-ftpd,chatafl,1,l_per,26.7
1772660994,pure-ftpd,chatafl,1,l_abs,1734
1772660994,pure-ftpd,chatafl,1,b_per,19.0
1772660994,pure-ftpd,chatafl,1,b_abs,895
1772660994,pure-ftpd,chatafl,1,l_per,26.7
1772660994,pure-ftpd,chatafl,1,l_abs,1734
1772660994,pure-ftpd,chatafl,1,b_per,19.0
1772660994,pure-ftpd,chatafl,1,b_abs,895
1772660995,pure-ftpd,chatafl,1,l_per,26.7
1772660995,pure-ftpd,chatafl,1,l_abs,1735
1772660995,pure-ftpd,chatafl,1,b_per,19.0
1772660995,pure-ftpd,chatafl,1,b_abs,896
1772660995,pure-ftpd,chatafl,1,l_per,26.7
1772660995,pure-ftpd,chatafl,1,l_abs,1735
1772660995,pure-ftpd,chatafl,1,b_per,19.0
1772660995,pure-ftpd,chatafl,1,b_abs,896
1772660996,pure-ftpd,chatafl,1,l_per,26.7
1772660996,pure-ftpd,chatafl,1,l_abs,1735
1772660996,pure-ftpd,chatafl,1,b_per,19.0
1772660996,pure-ftpd,chatafl,1,b_abs,896
1772660996,pure-ftpd,chatafl,1,l_per,26.7
1772660996,pure-ftpd,chatafl,1,l_abs,1735
1772660996,pure-ftpd,chatafl,1,b_per,19.0
1772660996,pure-ftpd,chatafl,1,b_abs,896
1772660997,pure-ftpd,chatafl,1,l_per,26.7
1772660997,pure-ftpd,chatafl,1,l_abs,1735
1772660997,pure-ftpd,chatafl,1,b_per,19.0
1772660997,pure-ftpd,chatafl,1,b_abs,896
1772660997,pure-ftpd,chatafl,1,l_per,26.7
1772660997,pure-ftpd,chatafl,1,l_abs,1735
1772660997,pure-ftpd,chatafl,1,b_per,19.0
1772660997,pure-ftpd,chatafl,1,b_abs,896
1772660998,pure-ftpd,chatafl,1,l_per,26.7
1772660998,pure-ftpd,chatafl,1,l_abs,1735
1772660998,pure-ftpd,chatafl,1,b_per,19.0
1772660998,pure-ftpd,chatafl,1,b_abs,896
1772660998,pure-ftpd,chatafl,1,l_per,26.7
1772660998,pure-ftpd,chatafl,1,l_abs,1735
1772660998,pure-ftpd,chatafl,1,b_per,19.0
1772660998,pure-ftpd,chatafl,1,b_abs,896
1772661001,pure-ftpd,chatafl,1,l_per,26.7
1772661001,pure-ftpd,chatafl,1,l_abs,1735
1772661001,pure-ftpd,chatafl,1,b_per,19.0
1772661001,pure-ftpd,chatafl,1,b_abs,896
1772661002,pure-ftpd,chatafl,1,l_per,26.7
1772661002,pure-ftpd,chatafl,1,l_abs,1735
1772661002,pure-ftpd,chatafl,1,b_per,19.0
1772661002,pure-ftpd,chatafl,1,b_abs,896
1772661002,pure-ftpd,chatafl,1,l_per,26.7
1772661002,pure-ftpd,chatafl,1,l_abs,1735
1772661002,pure-ftpd,chatafl,1,b_per,19.0
1772661002,pure-ftpd,chatafl,1,b_abs,896
1772661003,pure-ftpd,chatafl,1,l_per,26.7
1772661003,pure-ftpd,chatafl,1,l_abs,1735
1772661003,pure-ftpd,chatafl,1,b_per,19.0
1772661003,pure-ftpd,chatafl,1,b_abs,896
1772661003,pure-ftpd,chatafl,1,l_per,26.7
1772661003,pure-ftpd,chatafl,1,l_abs,1735
1772661003,pure-ftpd,chatafl,1,b_per,19.0
1772661003,pure-ftpd,chatafl,1,b_abs,896
1772661004,pure-ftpd,chatafl,1,l_per,26.7
1772661004,pure-ftpd,chatafl,1,l_abs,1735
1772661004,pure-ftpd,chatafl,1,b_per,19.0
1772661004,pure-ftpd,chatafl,1,b_abs,896
1772661005,pure-ftpd,chatafl,1,l_per,26.7
1772661005,pure-ftpd,chatafl,1,l_abs,1735
1772661005,pure-ftpd,chatafl,1,b_per,19.0
1772661005,pure-ftpd,chatafl,1,b_abs,896
1772661006,pure-ftpd,chatafl,1,l_per,26.7
1772661006,pure-ftpd,chatafl,1,l_abs,1735
1772661006,pure-ftpd,chatafl,1,b_per,19.0
1772661006,pure-ftpd,chatafl,1,b_abs,896
1772661006,pure-ftpd,chatafl,1,l_per,26.7
1772661006,pure-ftpd,chatafl,1,l_abs,1735
1772661006,pure-ftpd,chatafl,1,b_per,19.1
1772661006,pure-ftpd,chatafl,1,b_abs,897
1772661007,pure-ftpd,chatafl,1,l_per,26.7
1772661007,pure-ftpd,chatafl,1,l_abs,1735
1772661007,pure-ftpd,chatafl,1,b_per,19.1
1772661007,pure-ftpd,chatafl,1,b_abs,897
1772661007,pure-ftpd,chatafl,1,l_per,26.7
1772661007,pure-ftpd,chatafl,1,l_abs,1735
1772661007,pure-ftpd,chatafl,1,b_per,19.1
1772661007,pure-ftpd,chatafl,1,b_abs,897
1772661008,pure-ftpd,chatafl,1,l_per,26.7
1772661008,pure-ftpd,chatafl,1,l_abs,1735
1772661008,pure-ftpd,chatafl,1,b_per,19.1
1772661008,pure-ftpd,chatafl,1,b_abs,897
1772661008,pure-ftpd,chatafl,1,l_per,26.7
1772661008,pure-ftpd,chatafl,1,l_abs,1735
1772661008,pure-ftpd,chatafl,1,b_per,19.1
1772661008,pure-ftpd,chatafl,1,b_abs,897
1772661009,pure-ftpd,chatafl,1,l_per,26.7
1772661009,pure-ftpd,chatafl,1,l_abs,1735
1772661009,pure-ftpd,chatafl,1,b_per,19.1
1772661009,pure-ftpd,chatafl,1,b_abs,897
1772661009,pure-ftpd,chatafl,1,l_per,26.7
1772661009,pure-ftpd,chatafl,1,l_abs,1735
1772661009,pure-ftpd,chatafl,1,b_per,19.1
1772661009,pure-ftpd,chatafl,1,b_abs,897
1772661009,pure-ftpd,chatafl,1,l_per,26.7
1772661009,pure-ftpd,chatafl,1,l_abs,1735
1772661009,pure-ftpd,chatafl,1,b_per,19.1
1772661009,pure-ftpd,chatafl,1,b_abs,897
1772661010,pure-ftpd,chatafl,1,l_per,26.7
1772661010,pure-ftpd,chatafl,1,l_abs,1735
1772661010,pure-ftpd,chatafl,1,b_per,19.1
1772661010,pure-ftpd,chatafl,1,b_abs,897
1772661010,pure-ftpd,chatafl,1,l_per,26.7
1772661010,pure-ftpd,chatafl,1,l_abs,1735
1772661010,pure-ftpd,chatafl,1,b_per,19.1
1772661010,pure-ftpd,chatafl,1,b_abs,897
1772661012,pure-ftpd,chatafl,1,l_per,26.7
1772661012,pure-ftpd,chatafl,1,l_abs,1735
1772661012,pure-ftpd,chatafl,1,b_per,19.1
1772661012,pure-ftpd,chatafl,1,b_abs,897
1772661012,pure-ftpd,chatafl,1,l_per,26.7
1772661012,pure-ftpd,chatafl,1,l_abs,1735
1772661012,pure-ftpd,chatafl,1,b_per,19.1
1772661012,pure-ftpd,chatafl,1,b_abs,897
1772660929,pure-ftpd,chatafl,1,l_per,26.7
1772660929,pure-ftpd,chatafl,1,l_abs,1735
1772660929,pure-ftpd,chatafl,1,b_per,19.1
1772660929,pure-ftpd,chatafl,1,b_abs,897
1772660954,pure-ftpd,chatafl,1,l_per,26.7
1772660954,pure-ftpd,chatafl,1,l_abs,1735
1772660954,pure-ftpd,chatafl,1,b_per,19.1
1772660954,pure-ftpd,chatafl,1,b_abs,897
1772660973,pure-ftpd,chatafl,1,l_per,26.7
1772660973,pure-ftpd,chatafl,1,l_abs,1735
1772660973,pure-ftpd,chatafl,1,b_per,19.1
1772660973,pure-ftpd,chatafl,1,b_abs,897
1772660996,pure-ftpd,chatafl,1,l_per,26.7
1772660996,pure-ftpd,chatafl,1,l_abs,1735
1772660996,pure-ftpd,chatafl,1,b_per,19.1
1772660996,pure-ftpd,chatafl,1,b_abs,897
1772661037,pure-ftpd,chatafl,1,l_per,26.7
1772661037,pure-ftpd,chatafl,1,l_abs,1736
1772661037,pure-ftpd,chatafl,1,b_per,19.1
1772661037,pure-ftpd,chatafl,1,b_abs,901
1772661354,pure-ftpd,chatafl,1,l_per,27.1
1772661354,pure-ftpd,chatafl,1,l_abs,1757
1772661354,pure-ftpd,chatafl,1,b_per,19.4
1772661354,pure-ftpd,chatafl,1,b_abs,911
1772661766,pure-ftpd,chatafl,1,l_per,27.7
1772661766,pure-ftpd,chatafl,1,l_abs,1799
1772661766,pure-ftpd,chatafl,1,b_per,19.9
1772661766,pure-ftpd,chatafl,1,b_abs,936
1772662202,pure-ftpd,chatafl,1,l_per,28.2
1772662202,pure-ftpd,chatafl,1,l_abs,1829
1772662202,pure-ftpd,chatafl,1,b_per,20.4
1772662202,pure-ftpd,chatafl,1,b_abs,961
1772662738,pure-ftpd,chatafl,1,l_per,28.6
1772662738,pure-ftpd,chatafl,1,l_abs,1857
1772662738,pure-ftpd,chatafl,1,b_per,20.8
1772662738,pure-ftpd,chatafl,1,b_abs,980
1772663391,pure-ftpd,chatafl,1,l_per,28.7
1772663391,pure-ftpd,chatafl,1,l_abs,1866
1772663391,pure-ftpd,chatafl,1,b_per,21.0
1772663391,pure-ftpd,chatafl,1,b_abs,990
1772664413,pure-ftpd,chatafl,1,l_per,28.9
1772664413,pure-ftpd,chatafl,1,l_abs,1877
1772664413,pure-ftpd,chatafl,1,b_per,21.3
1772664413,pure-ftpd,chatafl,1,b_abs,1001
1772665251,pure-ftpd,chatafl,1,l_per,29.2
1772665251,pure-ftpd,chatafl,1,l_abs,1896
1772665251,pure-ftpd,chatafl,1,b_per,21.5
1772665251,pure-ftpd,chatafl,1,b_abs,1010
1772666284,pure-ftpd,chatafl,1,l_per,29.4
1772666284,pure-ftpd,chatafl,1,l_abs,1906
1772666284,pure-ftpd,chatafl,1,b_per,21.6
1772666284,pure-ftpd,chatafl,1,b_abs,1018
1772667798,pure-ftpd,chatafl,1,l_per,29.4
1772667798,pure-ftpd,chatafl,1,l_abs,1908
1772667798,pure-ftpd,chatafl,1,b_per,21.7
1772667798,pure-ftpd,chatafl,1,b_abs,1019
1772669524,pure-ftpd,chatafl,1,l_per,29.6
1772669524,pure-ftpd,chatafl,1,l_abs,1921
1772669524,pure-ftpd,chatafl,1,b_per,21.9
1772669524,pure-ftpd,chatafl,1,b_abs,1032
1772670393,pure-ftpd,chatafl,1,l_per,30.3
1772670393,pure-ftpd,chatafl,1,l_abs,1967
1772670393,pure-ftpd,chatafl,1,b_per,22.5
1772670393,pure-ftpd,chatafl,1,b_abs,1059
1772671384,pure-ftpd,chatafl,1,l_per,30.9
1772671384,pure-ftpd,chatafl,1,l_abs,2005
1772671384,pure-ftpd,chatafl,1,b_per,23.3
1772671384,pure-ftpd,chatafl,1,b_abs,1098
1772672538,pure-ftpd,chatafl,1,l_per,30.9
1772672538,pure-ftpd,chatafl,1,l_abs,2005
1772672538,pure-ftpd,chatafl,1,b_per,23.3
1772672538,pure-ftpd,chatafl,1,b_abs,1098
1772661026,pure-ftpd,chatafl,2,l_per,13.4
1772661026,pure-ftpd,chatafl,2,l_abs,868
1772661026,pure-ftpd,chatafl,2,b_per,8.5
1772661026,pure-ftpd,chatafl,2,b_abs,398
1772661028,pure-ftpd,chatafl,2,l_per,15.3
1772661028,pure-ftpd,chatafl,2,l_abs,990
1772661028,pure-ftpd,chatafl,2,b_per,10.2
1772661028,pure-ftpd,chatafl,2,b_abs,480
1772661029,pure-ftpd,chatafl,2,l_per,17.8
1772661029,pure-ftpd,chatafl,2,l_abs,1152
1772661029,pure-ftpd,chatafl,2,b_per,12.0
1772661029,pure-ftpd,chatafl,2,b_abs,565
1772661029,pure-ftpd,chatafl,2,l_per,17.9
1772661029,pure-ftpd,chatafl,2,l_abs,1160
1772661029,pure-ftpd,chatafl,2,b_per,12.2
1772661029,pure-ftpd,chatafl,2,b_abs,572
1772661030,pure-ftpd,chatafl,2,l_per,18.1
1772661030,pure-ftpd,chatafl,2,l_abs,1173
1772661030,pure-ftpd,chatafl,2,b_per,12.2
1772661030,pure-ftpd,chatafl,2,b_abs,575
1772661030,pure-ftpd,chatafl,2,l_per,18.3
1772661030,pure-ftpd,chatafl,2,l_abs,1184
1772661030,pure-ftpd,chatafl,2,b_per,12.4
1772661030,pure-ftpd,chatafl,2,b_abs,584
1772661030,pure-ftpd,chatafl,2,l_per,18.3
1772661030,pure-ftpd,chatafl,2,l_abs,1184
1772661030,pure-ftpd,chatafl,2,b_per,12.4
1772661030,pure-ftpd,chatafl,2,b_abs,584
1772661031,pure-ftpd,chatafl,2,l_per,18.3
1772661031,pure-ftpd,chatafl,2,l_abs,1184
1772661031,pure-ftpd,chatafl,2,b_per,12.4
1772661031,pure-ftpd,chatafl,2,b_abs,584
1772661031,pure-ftpd,chatafl,2,l_per,18.7
1772661031,pure-ftpd,chatafl,2,l_abs,1214
1772661031,pure-ftpd,chatafl,2,b_per,12.7
1772661031,pure-ftpd,chatafl,2,b_abs,596
1772661032,pure-ftpd,chatafl,2,l_per,18.7
1772661032,pure-ftpd,chatafl,2,l_abs,1214
1772661032,pure-ftpd,chatafl,2,b_per,12.7
1772661032,pure-ftpd,chatafl,2,b_abs,596
1772661032,pure-ftpd,chatafl,2,l_per,18.7
1772661032,pure-ftpd,chatafl,2,l_abs,1214
1772661032,pure-ftpd,chatafl,2,b_per,12.7
1772661032,pure-ftpd,chatafl,2,b_abs,596
1772661033,pure-ftpd,chatafl,2,l_per,18.7
1772661033,pure-ftpd,chatafl,2,l_abs,1214
1772661033,pure-ftpd,chatafl,2,b_per,12.7
1772661033,pure-ftpd,chatafl,2,b_abs,596
1772661033,pure-ftpd,chatafl,2,l_per,18.7
1772661033,pure-ftpd,chatafl,2,l_abs,1215
1772661033,pure-ftpd,chatafl,2,b_per,12.7
1772661033,pure-ftpd,chatafl,2,b_abs,599
1772661034,pure-ftpd,chatafl,2,l_per,18.8
1772661034,pure-ftpd,chatafl,2,l_abs,1216
1772661034,pure-ftpd,chatafl,2,b_per,12.8
1772661034,pure-ftpd,chatafl,2,b_abs,600
1772661036,pure-ftpd,chatafl,2,l_per,18.8
1772661036,pure-ftpd,chatafl,2,l_abs,1218
1772661036,pure-ftpd,chatafl,2,b_per,12.8
1772661036,pure-ftpd,chatafl,2,b_abs,601
1772661036,pure-ftpd,chatafl,2,l_per,19.2
1772661036,pure-ftpd,chatafl,2,l_abs,1243
1772661036,pure-ftpd,chatafl,2,b_per,12.9
1772661036,pure-ftpd,chatafl,2,b_abs,605
1772661037,pure-ftpd,chatafl,2,l_per,19.2
1772661037,pure-ftpd,chatafl,2,l_abs,1248
1772661037,pure-ftpd,chatafl,2,b_per,13.0
1772661037,pure-ftpd,chatafl,2,b_abs,610
1772661037,pure-ftpd,chatafl,2,l_per,19.2
1772661037,pure-ftpd,chatafl,2,l_abs,1248
1772661037,pure-ftpd,chatafl,2,b_per,13.0
1772661037,pure-ftpd,chatafl,2,b_abs,610
1772661038,pure-ftpd,chatafl,2,l_per,19.5
1772661038,pure-ftpd,chatafl,2,l_abs,1264
1772661038,pure-ftpd,chatafl,2,b_per,13.2
1772661038,pure-ftpd,chatafl,2,b_abs,619
1772661038,pure-ftpd,chatafl,2,l_per,19.5
1772661038,pure-ftpd,chatafl,2,l_abs,1264
1772661038,pure-ftpd,chatafl,2,b_per,13.2
1772661038,pure-ftpd,chatafl,2,b_abs,619
1772661041,pure-ftpd,chatafl,2,l_per,19.8
1772661041,pure-ftpd,chatafl,2,l_abs,1284
1772661041,pure-ftpd,chatafl,2,b_per,13.3
1772661041,pure-ftpd,chatafl,2,b_abs,628
1772661041,pure-ftpd,chatafl,2,l_per,20.0
1772661041,pure-ftpd,chatafl,2,l_abs,1295
1772661041,pure-ftpd,chatafl,2,b_per,13.4
1772661041,pure-ftpd,chatafl,2,b_abs,632
1772661042,pure-ftpd,chatafl,2,l_per,20.0
1772661042,pure-ftpd,chatafl,2,l_abs,1296
1772661042,pure-ftpd,chatafl,2,b_per,13.5
1772661042,pure-ftpd,chatafl,2,b_abs,633
1772661044,pure-ftpd,chatafl,2,l_per,20.0
1772661044,pure-ftpd,chatafl,2,l_abs,1296
1772661044,pure-ftpd,chatafl,2,b_per,13.5
1772661044,pure-ftpd,chatafl,2,b_abs,633
1772661047,pure-ftpd,chatafl,2,l_per,20.1
1772661047,pure-ftpd,chatafl,2,l_abs,1307
1772661047,pure-ftpd,chatafl,2,b_per,13.6
1772661047,pure-ftpd,chatafl,2,b_abs,641
1772661047,pure-ftpd,chatafl,2,l_per,20.1
1772661047,pure-ftpd,chatafl,2,l_abs,1307
1772661047,pure-ftpd,chatafl,2,b_per,13.6
1772661047,pure-ftpd,chatafl,2,b_abs,641
1772661048,pure-ftpd,chatafl,2,l_per,20.1
1772661048,pure-ftpd,chatafl,2,l_abs,1307
1772661048,pure-ftpd,chatafl,2,b_per,13.6
1772661048,pure-ftpd,chatafl,2,b_abs,641
1772661048,pure-ftpd,chatafl,2,l_per,20.3
1772661048,pure-ftpd,chatafl,2,l_abs,1315
1772661048,pure-ftpd,chatafl,2,b_per,13.7
1772661048,pure-ftpd,chatafl,2,b_abs,645
1772661049,pure-ftpd,chatafl,2,l_per,20.4
1772661049,pure-ftpd,chatafl,2,l_abs,1326
1772661049,pure-ftpd,chatafl,2,b_per,13.8
1772661049,pure-ftpd,chatafl,2,b_abs,651
1772661049,pure-ftpd,chatafl,2,l_per,20.4
1772661049,pure-ftpd,chatafl,2,l_abs,1326
1772661049,pure-ftpd,chatafl,2,b_per,13.8
1772661049,pure-ftpd,chatafl,2,b_abs,651
1772661049,pure-ftpd,chatafl,2,l_per,20.4
1772661049,pure-ftpd,chatafl,2,l_abs,1327
1772661049,pure-ftpd,chatafl,2,b_per,13.9
1772661049,pure-ftpd,chatafl,2,b_abs,652
1772661050,pure-ftpd,chatafl,2,l_per,20.4
1772661050,pure-ftpd,chatafl,2,l_abs,1327
1772661050,pure-ftpd,chatafl,2,b_per,13.9
1772661050,pure-ftpd,chatafl,2,b_abs,652
1772661050,pure-ftpd,chatafl,2,l_per,20.5
1772661050,pure-ftpd,chatafl,2,l_abs,1328
1772661050,pure-ftpd,chatafl,2,b_per,13.9
1772661050,pure-ftpd,chatafl,2,b_abs,653
1772661051,pure-ftpd,chatafl,2,l_per,20.5
1772661051,pure-ftpd,chatafl,2,l_abs,1328
1772661051,pure-ftpd,chatafl,2,b_per,13.9
1772661051,pure-ftpd,chatafl,2,b_abs,653
1772661051,pure-ftpd,chatafl,2,l_per,20.5
1772661051,pure-ftpd,chatafl,2,l_abs,1328
1772661051,pure-ftpd,chatafl,2,b_per,13.9
1772661051,pure-ftpd,chatafl,2,b_abs,653
1772661052,pure-ftpd,chatafl,2,l_per,21.0
1772661052,pure-ftpd,chatafl,2,l_abs,1365
1772661052,pure-ftpd,chatafl,2,b_per,14.5
1772661052,pure-ftpd,chatafl,2,b_abs,680
1772661052,pure-ftpd,chatafl,2,l_per,21.0
1772661052,pure-ftpd,chatafl,2,l_abs,1365
1772661052,pure-ftpd,chatafl,2,b_per,14.5
1772661052,pure-ftpd,chatafl,2,b_abs,680
1772661053,pure-ftpd,chatafl,2,l_per,21.0
1772661053,pure-ftpd,chatafl,2,l_abs,1365
1772661053,pure-ftpd,chatafl,2,b_per,14.5
1772661053,pure-ftpd,chatafl,2,b_abs,680
1772661053,pure-ftpd,chatafl,2,l_per,21.0
1772661053,pure-ftpd,chatafl,2,l_abs,1365
1772661053,pure-ftpd,chatafl,2,b_per,14.5
1772661053,pure-ftpd,chatafl,2,b_abs,680
1772661054,pure-ftpd,chatafl,2,l_per,21.1
1772661054,pure-ftpd,chatafl,2,l_abs,1370
1772661054,pure-ftpd,chatafl,2,b_per,14.5
1772661054,pure-ftpd,chatafl,2,b_abs,682
1772661054,pure-ftpd,chatafl,2,l_per,21.1
1772661054,pure-ftpd,chatafl,2,l_abs,1370
1772661054,pure-ftpd,chatafl,2,b_per,14.5
1772661054,pure-ftpd,chatafl,2,b_abs,682
1772661054,pure-ftpd,chatafl,2,l_per,21.1
1772661054,pure-ftpd,chatafl,2,l_abs,1370
1772661054,pure-ftpd,chatafl,2,b_per,14.5
1772661054,pure-ftpd,chatafl,2,b_abs,682
1772661055,pure-ftpd,chatafl,2,l_per,21.1
1772661055,pure-ftpd,chatafl,2,l_abs,1370
1772661055,pure-ftpd,chatafl,2,b_per,14.5
1772661055,pure-ftpd,chatafl,2,b_abs,682
1772661055,pure-ftpd,chatafl,2,l_per,21.1
1772661055,pure-ftpd,chatafl,2,l_abs,1370
1772661055,pure-ftpd,chatafl,2,b_per,14.5
1772661055,pure-ftpd,chatafl,2,b_abs,683
1772661058,pure-ftpd,chatafl,2,l_per,21.1
1772661058,pure-ftpd,chatafl,2,l_abs,1370
1772661058,pure-ftpd,chatafl,2,b_per,14.5
1772661058,pure-ftpd,chatafl,2,b_abs,683
1772661059,pure-ftpd,chatafl,2,l_per,21.1
1772661059,pure-ftpd,chatafl,2,l_abs,1370
1772661059,pure-ftpd,chatafl,2,b_per,14.5
1772661059,pure-ftpd,chatafl,2,b_abs,683
1772661059,pure-ftpd,chatafl,2,l_per,21.1
1772661059,pure-ftpd,chatafl,2,l_abs,1370
1772661059,pure-ftpd,chatafl,2,b_per,14.5
1772661059,pure-ftpd,chatafl,2,b_abs,683
1772661059,pure-ftpd,chatafl,2,l_per,21.1
1772661059,pure-ftpd,chatafl,2,l_abs,1370
1772661059,pure-ftpd,chatafl,2,b_per,14.5
1772661059,pure-ftpd,chatafl,2,b_abs,683
1772661060,pure-ftpd,chatafl,2,l_per,21.2
1772661060,pure-ftpd,chatafl,2,l_abs,1376
1772661060,pure-ftpd,chatafl,2,b_per,14.6
1772661060,pure-ftpd,chatafl,2,b_abs,686
1772661060,pure-ftpd,chatafl,2,l_per,21.2
1772661060,pure-ftpd,chatafl,2,l_abs,1376
1772661060,pure-ftpd,chatafl,2,b_per,14.6
1772661060,pure-ftpd,chatafl,2,b_abs,686
1772661061,pure-ftpd,chatafl,2,l_per,21.2
1772661061,pure-ftpd,chatafl,2,l_abs,1377
1772661061,pure-ftpd,chatafl,2,b_per,14.6
1772661061,pure-ftpd,chatafl,2,b_abs,687
1772661061,pure-ftpd,chatafl,2,l_per,21.2
1772661061,pure-ftpd,chatafl,2,l_abs,1377
1772661061,pure-ftpd,chatafl,2,b_per,14.6
1772661061,pure-ftpd,chatafl,2,b_abs,687
1772661062,pure-ftpd,chatafl,2,l_per,21.2
1772661062,pure-ftpd,chatafl,2,l_abs,1377
1772661062,pure-ftpd,chatafl,2,b_per,14.6
1772661062,pure-ftpd,chatafl,2,b_abs,687
1772661062,pure-ftpd,chatafl,2,l_per,21.2
1772661062,pure-ftpd,chatafl,2,l_abs,1377
1772661062,pure-ftpd,chatafl,2,b_per,14.6
1772661062,pure-ftpd,chatafl,2,b_abs,687
1772661063,pure-ftpd,chatafl,2,l_per,21.2
1772661063,pure-ftpd,chatafl,2,l_abs,1377
1772661063,pure-ftpd,chatafl,2,b_per,14.6
1772661063,pure-ftpd,chatafl,2,b_abs,687
1772661063,pure-ftpd,chatafl,2,l_per,21.2
1772661063,pure-ftpd,chatafl,2,l_abs,1377
1772661063,pure-ftpd,chatafl,2,b_per,14.6
1772661063,pure-ftpd,chatafl,2,b_abs,687
1772661065,pure-ftpd,chatafl,2,l_per,21.2
1772661065,pure-ftpd,chatafl,2,l_abs,1377
1772661065,pure-ftpd,chatafl,2,b_per,14.6
1772661065,pure-ftpd,chatafl,2,b_abs,687
1772661065,pure-ftpd,chatafl,2,l_per,21.2
1772661065,pure-ftpd,chatafl,2,l_abs,1377
1772661065,pure-ftpd,chatafl,2,b_per,14.6
1772661065,pure-ftpd,chatafl,2,b_abs,687
1772661066,pure-ftpd,chatafl,2,l_per,21.2
1772661066,pure-ftpd,chatafl,2,l_abs,1377
1772661066,pure-ftpd,chatafl,2,b_per,14.6
1772661066,pure-ftpd,chatafl,2,b_abs,687
1772661066,pure-ftpd,chatafl,2,l_per,21.2
1772661066,pure-ftpd,chatafl,2,l_abs,1377
1772661066,pure-ftpd,chatafl,2,b_per,14.6
1772661066,pure-ftpd,chatafl,2,b_abs,687
1772661067,pure-ftpd,chatafl,2,l_per,21.2
1772661067,pure-ftpd,chatafl,2,l_abs,1377
1772661067,pure-ftpd,chatafl,2,b_per,14.6
1772661067,pure-ftpd,chatafl,2,b_abs,687
1772661067,pure-ftpd,chatafl,2,l_per,21.2
1772661067,pure-ftpd,chatafl,2,l_abs,1377
1772661067,pure-ftpd,chatafl,2,b_per,14.6
1772661067,pure-ftpd,chatafl,2,b_abs,688
1772661068,pure-ftpd,chatafl,2,l_per,21.2
1772661068,pure-ftpd,chatafl,2,l_abs,1377
1772661068,pure-ftpd,chatafl,2,b_per,14.6
1772661068,pure-ftpd,chatafl,2,b_abs,688
1772661068,pure-ftpd,chatafl,2,l_per,21.2
1772661068,pure-ftpd,chatafl,2,l_abs,1377
1772661068,pure-ftpd,chatafl,2,b_per,14.6
1772661068,pure-ftpd,chatafl,2,b_abs,688
1772661068,pure-ftpd,chatafl,2,l_per,21.2
1772661068,pure-ftpd,chatafl,2,l_abs,1377
1772661068,pure-ftpd,chatafl,2,b_per,14.6
1772661068,pure-ftpd,chatafl,2,b_abs,688
1772661069,pure-ftpd,chatafl,2,l_per,21.2
1772661069,pure-ftpd,chatafl,2,l_abs,1377
1772661069,pure-ftpd,chatafl,2,b_per,14.6
1772661069,pure-ftpd,chatafl,2,b_abs,688
1772661069,pure-ftpd,chatafl,2,l_per,21.2
1772661069,pure-ftpd,chatafl,2,l_abs,1377
1772661069,pure-ftpd,chatafl,2,b_per,14.6
1772661069,pure-ftpd,chatafl,2,b_abs,688
1772661071,pure-ftpd,chatafl,2,l_per,21.2
1772661071,pure-ftpd,chatafl,2,l_abs,1377
1772661071,pure-ftpd,chatafl,2,b_per,14.6
1772661071,pure-ftpd,chatafl,2,b_abs,688
1772661072,pure-ftpd,chatafl,2,l_per,21.2
1772661072,pure-ftpd,chatafl,2,l_abs,1377
1772661072,pure-ftpd,chatafl,2,b_per,14.6
1772661072,pure-ftpd,chatafl,2,b_abs,688
1772661072,pure-ftpd,chatafl,2,l_per,21.2
1772661072,pure-ftpd,chatafl,2,l_abs,1377
1772661072,pure-ftpd,chatafl,2,b_per,14.6
1772661072,pure-ftpd,chatafl,2,b_abs,688
1772661073,pure-ftpd,chatafl,2,l_per,21.2
1772661073,pure-ftpd,chatafl,2,l_abs,1377
1772661073,pure-ftpd,chatafl,2,b_per,14.6
1772661073,pure-ftpd,chatafl,2,b_abs,688
1772661073,pure-ftpd,chatafl,2,l_per,21.2
1772661073,pure-ftpd,chatafl,2,l_abs,1377
1772661073,pure-ftpd,chatafl,2,b_per,14.6
1772661073,pure-ftpd,chatafl,2,b_abs,688
1772661074,pure-ftpd,chatafl,2,l_per,21.2
1772661074,pure-ftpd,chatafl,2,l_abs,1377
1772661074,pure-ftpd,chatafl,2,b_per,14.6
1772661074,pure-ftpd,chatafl,2,b_abs,688
1772661074,pure-ftpd,chatafl,2,l_per,21.2
1772661074,pure-ftpd,chatafl,2,l_abs,1377
1772661074,pure-ftpd,chatafl,2,b_per,14.6
1772661074,pure-ftpd,chatafl,2,b_abs,688
1772661074,pure-ftpd,chatafl,2,l_per,21.2
1772661074,pure-ftpd,chatafl,2,l_abs,1377
1772661074,pure-ftpd,chatafl,2,b_per,14.6
1772661074,pure-ftpd,chatafl,2,b_abs,688
1772661075,pure-ftpd,chatafl,2,l_per,21.2
1772661075,pure-ftpd,chatafl,2,l_abs,1377
1772661075,pure-ftpd,chatafl,2,b_per,14.6
1772661075,pure-ftpd,chatafl,2,b_abs,688
1772661075,pure-ftpd,chatafl,2,l_per,21.2
1772661075,pure-ftpd,chatafl,2,l_abs,1377
1772661075,pure-ftpd,chatafl,2,b_per,14.6
1772661075,pure-ftpd,chatafl,2,b_abs,688
1772661076,pure-ftpd,chatafl,2,l_per,21.2
1772661076,pure-ftpd,chatafl,2,l_abs,1377
1772661076,pure-ftpd,chatafl,2,b_per,14.6
1772661076,pure-ftpd,chatafl,2,b_abs,688
1772661076,pure-ftpd,chatafl,2,l_per,21.2
1772661076,pure-ftpd,chatafl,2,l_abs,1377
1772661076,pure-ftpd,chatafl,2,b_per,14.6
1772661076,pure-ftpd,chatafl,2,b_abs,688
1772661077,pure-ftpd,chatafl,2,l_per,21.2
1772661077,pure-ftpd,chatafl,2,l_abs,1377
1772661077,pure-ftpd,chatafl,2,b_per,14.6
1772661077,pure-ftpd,chatafl,2,b_abs,688
1772661077,pure-ftpd,chatafl,2,l_per,21.2
1772661077,pure-ftpd,chatafl,2,l_abs,1377
1772661077,pure-ftpd,chatafl,2,b_per,14.6
1772661077,pure-ftpd,chatafl,2,b_abs,688
1772661078,pure-ftpd,chatafl,2,l_per,21.2
1772661078,pure-ftpd,chatafl,2,l_abs,1377
1772661078,pure-ftpd,chatafl,2,b_per,14.6
1772661078,pure-ftpd,chatafl,2,b_abs,688
1772661078,pure-ftpd,chatafl,2,l_per,21.2
1772661078,pure-ftpd,chatafl,2,l_abs,1377
1772661078,pure-ftpd,chatafl,2,b_per,14.6
1772661078,pure-ftpd,chatafl,2,b_abs,688
1772661079,pure-ftpd,chatafl,2,l_per,21.2
1772661079,pure-ftpd,chatafl,2,l_abs,1378
1772661079,pure-ftpd,chatafl,2,b_per,14.6
1772661079,pure-ftpd,chatafl,2,b_abs,689
1772661079,pure-ftpd,chatafl,2,l_per,21.2
1772661079,pure-ftpd,chatafl,2,l_abs,1378
1772661079,pure-ftpd,chatafl,2,b_per,14.6
1772661079,pure-ftpd,chatafl,2,b_abs,689
1772661080,pure-ftpd,chatafl,2,l_per,21.2
1772661080,pure-ftpd,chatafl,2,l_abs,1378
1772661080,pure-ftpd,chatafl,2,b_per,14.7
1772661080,pure-ftpd,chatafl,2,b_abs,690
1772661080,pure-ftpd,chatafl,2,l_per,21.2
1772661080,pure-ftpd,chatafl,2,l_abs,1378
1772661080,pure-ftpd,chatafl,2,b_per,14.7
1772661080,pure-ftpd,chatafl,2,b_abs,690
1772661081,pure-ftpd,chatafl,2,l_per,21.3
1772661081,pure-ftpd,chatafl,2,l_abs,1380
1772661081,pure-ftpd,chatafl,2,b_per,14.7
1772661081,pure-ftpd,chatafl,2,b_abs,691
1772661081,pure-ftpd,chatafl,2,l_per,21.3
1772661081,pure-ftpd,chatafl,2,l_abs,1380
1772661081,pure-ftpd,chatafl,2,b_per,14.7
1772661081,pure-ftpd,chatafl,2,b_abs,691
1772661082,pure-ftpd,chatafl,2,l_per,21.3
1772661082,pure-ftpd,chatafl,2,l_abs,1380
1772661082,pure-ftpd,chatafl,2,b_per,14.7
1772661082,pure-ftpd,chatafl,2,b_abs,691
1772661082,pure-ftpd,chatafl,2,l_per,21.3
1772661082,pure-ftpd,chatafl,2,l_abs,1380
1772661082,pure-ftpd,chatafl,2,b_per,14.7
1772661082,pure-ftpd,chatafl,2,b_abs,691
1772661083,pure-ftpd,chatafl,2,l_per,21.3
1772661083,pure-ftpd,chatafl,2,l_abs,1380
1772661083,pure-ftpd,chatafl,2,b_per,14.7
1772661083,pure-ftpd,chatafl,2,b_abs,691
1772661083,pure-ftpd,chatafl,2,l_per,21.3
1772661083,pure-ftpd,chatafl,2,l_abs,1380
1772661083,pure-ftpd,chatafl,2,b_per,14.7
1772661083,pure-ftpd,chatafl,2,b_abs,691
1772661083,pure-ftpd,chatafl,2,l_per,21.3
1772661083,pure-ftpd,chatafl,2,l_abs,1380
1772661083,pure-ftpd,chatafl,2,b_per,14.7
1772661083,pure-ftpd,chatafl,2,b_abs,691
1772661084,pure-ftpd,chatafl,2,l_per,21.3
1772661084,pure-ftpd,chatafl,2,l_abs,1380
1772661084,pure-ftpd,chatafl,2,b_per,14.7
1772661084,pure-ftpd,chatafl,2,b_abs,691
1772661084,pure-ftpd,chatafl,2,l_per,21.3
1772661084,pure-ftpd,chatafl,2,l_abs,1380
1772661084,pure-ftpd,chatafl,2,b_per,14.7
1772661084,pure-ftpd,chatafl,2,b_abs,691
1772661085,pure-ftpd,chatafl,2,l_per,21.3
1772661085,pure-ftpd,chatafl,2,l_abs,1380
1772661085,pure-ftpd,chatafl,2,b_per,14.7
1772661085,pure-ftpd,chatafl,2,b_abs,691
1772661085,pure-ftpd,chatafl,2,l_per,21.3
1772661085,pure-ftpd,chatafl,2,l_abs,1380
1772661085,pure-ftpd,chatafl,2,b_per,14.7
1772661085,pure-ftpd,chatafl,2,b_abs,691
1772661086,pure-ftpd,chatafl,2,l_per,21.3
1772661086,pure-ftpd,chatafl,2,l_abs,1380
1772661086,pure-ftpd,chatafl,2,b_per,14.7
1772661086,pure-ftpd,chatafl,2,b_abs,691
1772661086,pure-ftpd,chatafl,2,l_per,21.3
1772661086,pure-ftpd,chatafl,2,l_abs,1380
1772661086,pure-ftpd,chatafl,2,b_per,14.7
1772661086,pure-ftpd,chatafl,2,b_abs,691
1772661087,pure-ftpd,chatafl,2,l_per,21.3
1772661087,pure-ftpd,chatafl,2,l_abs,1380
1772661087,pure-ftpd,chatafl,2,b_per,14.7
1772661087,pure-ftpd,chatafl,2,b_abs,691
1772661087,pure-ftpd,chatafl,2,l_per,21.3
1772661087,pure-ftpd,chatafl,2,l_abs,1380
1772661087,pure-ftpd,chatafl,2,b_per,14.7
1772661087,pure-ftpd,chatafl,2,b_abs,691
1772661087,pure-ftpd,chatafl,2,l_per,21.3
1772661087,pure-ftpd,chatafl,2,l_abs,1380
1772661087,pure-ftpd,chatafl,2,b_per,14.7
1772661087,pure-ftpd,chatafl,2,b_abs,691
1772661088,pure-ftpd,chatafl,2,l_per,21.3
1772661088,pure-ftpd,chatafl,2,l_abs,1380
1772661088,pure-ftpd,chatafl,2,b_per,14.7
1772661088,pure-ftpd,chatafl,2,b_abs,691
1772661088,pure-ftpd,chatafl,2,l_per,21.3
1772661088,pure-ftpd,chatafl,2,l_abs,1381
1772661088,pure-ftpd,chatafl,2,b_per,14.7
1772661088,pure-ftpd,chatafl,2,b_abs,692
1772661089,pure-ftpd,chatafl,2,l_per,21.3
1772661089,pure-ftpd,chatafl,2,l_abs,1381
1772661089,pure-ftpd,chatafl,2,b_per,14.7
1772661089,pure-ftpd,chatafl,2,b_abs,692
1772661089,pure-ftpd,chatafl,2,l_per,21.3
1772661089,pure-ftpd,chatafl,2,l_abs,1381
1772661089,pure-ftpd,chatafl,2,b_per,14.7
1772661089,pure-ftpd,chatafl,2,b_abs,692
1772661090,pure-ftpd,chatafl,2,l_per,21.3
1772661090,pure-ftpd,chatafl,2,l_abs,1381
1772661090,pure-ftpd,chatafl,2,b_per,14.7
1772661090,pure-ftpd,chatafl,2,b_abs,692
1772661090,pure-ftpd,chatafl,2,l_per,21.3
1772661090,pure-ftpd,chatafl,2,l_abs,1381
1772661090,pure-ftpd,chatafl,2,b_per,14.7
1772661090,pure-ftpd,chatafl,2,b_abs,692
1772661090,pure-ftpd,chatafl,2,l_per,21.3
1772661090,pure-ftpd,chatafl,2,l_abs,1382
1772661090,pure-ftpd,chatafl,2,b_per,14.8
1772661090,pure-ftpd,chatafl,2,b_abs,694
1772661091,pure-ftpd,chatafl,2,l_per,21.4
1772661091,pure-ftpd,chatafl,2,l_abs,1387
1772661091,pure-ftpd,chatafl,2,b_per,14.9
1772661091,pure-ftpd,chatafl,2,b_abs,699
1772661091,pure-ftpd,chatafl,2,l_per,21.4
1772661091,pure-ftpd,chatafl,2,l_abs,1387
1772661091,pure-ftpd,chatafl,2,b_per,14.9
1772661091,pure-ftpd,chatafl,2,b_abs,699
1772661092,pure-ftpd,chatafl,2,l_per,21.4
1772661092,pure-ftpd,chatafl,2,l_abs,1388
1772661092,pure-ftpd,chatafl,2,b_per,14.9
1772661092,pure-ftpd,chatafl,2,b_abs,700
1772661092,pure-ftpd,chatafl,2,l_per,21.4
1772661092,pure-ftpd,chatafl,2,l_abs,1388
1772661092,pure-ftpd,chatafl,2,b_per,14.9
1772661092,pure-ftpd,chatafl,2,b_abs,700
1772661093,pure-ftpd,chatafl,2,l_per,21.4
1772661093,pure-ftpd,chatafl,2,l_abs,1388
1772661093,pure-ftpd,chatafl,2,b_per,14.9
1772661093,pure-ftpd,chatafl,2,b_abs,700
1772661093,pure-ftpd,chatafl,2,l_per,21.4
1772661093,pure-ftpd,chatafl,2,l_abs,1388
1772661093,pure-ftpd,chatafl,2,b_per,14.9
1772661093,pure-ftpd,chatafl,2,b_abs,700
1772661093,pure-ftpd,chatafl,2,l_per,21.4
1772661093,pure-ftpd,chatafl,2,l_abs,1388
1772661093,pure-ftpd,chatafl,2,b_per,14.9
1772661093,pure-ftpd,chatafl,2,b_abs,700
1772661094,pure-ftpd,chatafl,2,l_per,21.4
1772661094,pure-ftpd,chatafl,2,l_abs,1388
1772661094,pure-ftpd,chatafl,2,b_per,14.9
1772661094,pure-ftpd,chatafl,2,b_abs,700
1772661094,pure-ftpd,chatafl,2,l_per,21.4
1772661094,pure-ftpd,chatafl,2,l_abs,1388
1772661094,pure-ftpd,chatafl,2,b_per,14.9
1772661094,pure-ftpd,chatafl,2,b_abs,700
1772661095,pure-ftpd,chatafl,2,l_per,21.4
1772661095,pure-ftpd,chatafl,2,l_abs,1388
1772661095,pure-ftpd,chatafl,2,b_per,14.9
1772661095,pure-ftpd,chatafl,2,b_abs,700
1772661095,pure-ftpd,chatafl,2,l_per,21.4
1772661095,pure-ftpd,chatafl,2,l_abs,1388
1772661095,pure-ftpd,chatafl,2,b_per,14.9
1772661095,pure-ftpd,chatafl,2,b_abs,700
1772661096,pure-ftpd,chatafl,2,l_per,21.4
1772661096,pure-ftpd,chatafl,2,l_abs,1388
1772661096,pure-ftpd,chatafl,2,b_per,14.9
1772661096,pure-ftpd,chatafl,2,b_abs,700
1772661098,pure-ftpd,chatafl,2,l_per,21.4
1772661098,pure-ftpd,chatafl,2,l_abs,1388
1772661098,pure-ftpd,chatafl,2,b_per,14.9
1772661098,pure-ftpd,chatafl,2,b_abs,700
1772661098,pure-ftpd,chatafl,2,l_per,21.4
1772661098,pure-ftpd,chatafl,2,l_abs,1388
1772661098,pure-ftpd,chatafl,2,b_per,14.9
1772661098,pure-ftpd,chatafl,2,b_abs,700
1772661100,pure-ftpd,chatafl,2,l_per,21.4
1772661100,pure-ftpd,chatafl,2,l_abs,1388
1772661100,pure-ftpd,chatafl,2,b_per,14.9
1772661100,pure-ftpd,chatafl,2,b_abs,700
1772661100,pure-ftpd,chatafl,2,l_per,21.4
1772661100,pure-ftpd,chatafl,2,l_abs,1388
1772661100,pure-ftpd,chatafl,2,b_per,14.9
1772661100,pure-ftpd,chatafl,2,b_abs,700
1772661101,pure-ftpd,chatafl,2,l_per,21.4
1772661101,pure-ftpd,chatafl,2,l_abs,1388
1772661101,pure-ftpd,chatafl,2,b_per,14.9
1772661101,pure-ftpd,chatafl,2,b_abs,700
1772661101,pure-ftpd,chatafl,2,l_per,21.4
1772661101,pure-ftpd,chatafl,2,l_abs,1391
1772661101,pure-ftpd,chatafl,2,b_per,14.9
1772661101,pure-ftpd,chatafl,2,b_abs,700
1772661102,pure-ftpd,chatafl,2,l_per,21.6
1772661102,pure-ftpd,chatafl,2,l_abs,1400
1772661102,pure-ftpd,chatafl,2,b_per,15.0
1772661102,pure-ftpd,chatafl,2,b_abs,707
1772661102,pure-ftpd,chatafl,2,l_per,21.6
1772661102,pure-ftpd,chatafl,2,l_abs,1400
1772661102,pure-ftpd,chatafl,2,b_per,15.0
1772661102,pure-ftpd,chatafl,2,b_abs,707
1772661103,pure-ftpd,chatafl,2,l_per,21.6
1772661103,pure-ftpd,chatafl,2,l_abs,1400
1772661103,pure-ftpd,chatafl,2,b_per,15.0
1772661103,pure-ftpd,chatafl,2,b_abs,707
1772661103,pure-ftpd,chatafl,2,l_per,21.6
1772661103,pure-ftpd,chatafl,2,l_abs,1400
1772661103,pure-ftpd,chatafl,2,b_per,15.0
1772661103,pure-ftpd,chatafl,2,b_abs,707
1772661104,pure-ftpd,chatafl,2,l_per,21.6
1772661104,pure-ftpd,chatafl,2,l_abs,1400
1772661104,pure-ftpd,chatafl,2,b_per,15.0
1772661104,pure-ftpd,chatafl,2,b_abs,707
1772661104,pure-ftpd,chatafl,2,l_per,21.6
1772661104,pure-ftpd,chatafl,2,l_abs,1400
1772661104,pure-ftpd,chatafl,2,b_per,15.0
1772661104,pure-ftpd,chatafl,2,b_abs,707
1772661105,pure-ftpd,chatafl,2,l_per,21.6
1772661105,pure-ftpd,chatafl,2,l_abs,1400
1772661105,pure-ftpd,chatafl,2,b_per,15.0
1772661105,pure-ftpd,chatafl,2,b_abs,707
1772661105,pure-ftpd,chatafl,2,l_per,21.6
1772661105,pure-ftpd,chatafl,2,l_abs,1400
1772661105,pure-ftpd,chatafl,2,b_per,15.0
1772661105,pure-ftpd,chatafl,2,b_abs,707
1772661105,pure-ftpd,chatafl,2,l_per,21.6
1772661105,pure-ftpd,chatafl,2,l_abs,1400
1772661105,pure-ftpd,chatafl,2,b_per,15.0
1772661105,pure-ftpd,chatafl,2,b_abs,707
1772661106,pure-ftpd,chatafl,2,l_per,21.6
1772661106,pure-ftpd,chatafl,2,l_abs,1400
1772661106,pure-ftpd,chatafl,2,b_per,15.0
1772661106,pure-ftpd,chatafl,2,b_abs,707
1772661106,pure-ftpd,chatafl,2,l_per,21.6
1772661106,pure-ftpd,chatafl,2,l_abs,1400
1772661106,pure-ftpd,chatafl,2,b_per,15.0
1772661106,pure-ftpd,chatafl,2,b_abs,707
1772661107,pure-ftpd,chatafl,2,l_per,21.6
1772661107,pure-ftpd,chatafl,2,l_abs,1400
1772661107,pure-ftpd,chatafl,2,b_per,15.0
1772661107,pure-ftpd,chatafl,2,b_abs,707
1772661107,pure-ftpd,chatafl,2,l_per,21.6
1772661107,pure-ftpd,chatafl,2,l_abs,1400
1772661107,pure-ftpd,chatafl,2,b_per,15.0
1772661107,pure-ftpd,chatafl,2,b_abs,707
1772661108,pure-ftpd,chatafl,2,l_per,21.6
1772661108,pure-ftpd,chatafl,2,l_abs,1400
1772661108,pure-ftpd,chatafl,2,b_per,15.0
1772661108,pure-ftpd,chatafl,2,b_abs,707
1772661108,pure-ftpd,chatafl,2,l_per,21.6
1772661108,pure-ftpd,chatafl,2,l_abs,1400
1772661108,pure-ftpd,chatafl,2,b_per,15.0
1772661108,pure-ftpd,chatafl,2,b_abs,707
1772661109,pure-ftpd,chatafl,2,l_per,21.6
1772661109,pure-ftpd,chatafl,2,l_abs,1400
1772661109,pure-ftpd,chatafl,2,b_per,15.0
1772661109,pure-ftpd,chatafl,2,b_abs,707
1772661109,pure-ftpd,chatafl,2,l_per,21.6
1772661109,pure-ftpd,chatafl,2,l_abs,1400
1772661109,pure-ftpd,chatafl,2,b_per,15.0
1772661109,pure-ftpd,chatafl,2,b_abs,707
1772661110,pure-ftpd,chatafl,2,l_per,21.6
1772661110,pure-ftpd,chatafl,2,l_abs,1400
1772661110,pure-ftpd,chatafl,2,b_per,15.0
1772661110,pure-ftpd,chatafl,2,b_abs,707
1772661110,pure-ftpd,chatafl,2,l_per,21.6
1772661110,pure-ftpd,chatafl,2,l_abs,1400
1772661110,pure-ftpd,chatafl,2,b_per,15.0
1772661110,pure-ftpd,chatafl,2,b_abs,707
1772661110,pure-ftpd,chatafl,2,l_per,21.6
1772661110,pure-ftpd,chatafl,2,l_abs,1400
1772661110,pure-ftpd,chatafl,2,b_per,15.0
1772661110,pure-ftpd,chatafl,2,b_abs,707
1772661111,pure-ftpd,chatafl,2,l_per,21.6
1772661111,pure-ftpd,chatafl,2,l_abs,1400
1772661111,pure-ftpd,chatafl,2,b_per,15.0
1772661111,pure-ftpd,chatafl,2,b_abs,708
1772661111,pure-ftpd,chatafl,2,l_per,21.6
1772661111,pure-ftpd,chatafl,2,l_abs,1400
1772661111,pure-ftpd,chatafl,2,b_per,15.0
1772661111,pure-ftpd,chatafl,2,b_abs,708
1772661112,pure-ftpd,chatafl,2,l_per,21.6
1772661112,pure-ftpd,chatafl,2,l_abs,1400
1772661112,pure-ftpd,chatafl,2,b_per,15.0
1772661112,pure-ftpd,chatafl,2,b_abs,708
1772661112,pure-ftpd,chatafl,2,l_per,21.6
1772661112,pure-ftpd,chatafl,2,l_abs,1400
1772661112,pure-ftpd,chatafl,2,b_per,15.0
1772661112,pure-ftpd,chatafl,2,b_abs,708
1772661113,pure-ftpd,chatafl,2,l_per,21.6
1772661113,pure-ftpd,chatafl,2,l_abs,1400
1772661113,pure-ftpd,chatafl,2,b_per,15.0
1772661113,pure-ftpd,chatafl,2,b_abs,708
1772661113,pure-ftpd,chatafl,2,l_per,21.6
1772661113,pure-ftpd,chatafl,2,l_abs,1400
1772661113,pure-ftpd,chatafl,2,b_per,15.0
1772661113,pure-ftpd,chatafl,2,b_abs,708
1772661114,pure-ftpd,chatafl,2,l_per,21.6
1772661114,pure-ftpd,chatafl,2,l_abs,1400
1772661114,pure-ftpd,chatafl,2,b_per,15.0
1772661114,pure-ftpd,chatafl,2,b_abs,708
1772661114,pure-ftpd,chatafl,2,l_per,21.6
1772661114,pure-ftpd,chatafl,2,l_abs,1400
1772661114,pure-ftpd,chatafl,2,b_per,15.0
1772661114,pure-ftpd,chatafl,2,b_abs,708
1772661114,pure-ftpd,chatafl,2,l_per,21.6
1772661114,pure-ftpd,chatafl,2,l_abs,1400
1772661114,pure-ftpd,chatafl,2,b_per,15.0
1772661114,pure-ftpd,chatafl,2,b_abs,708
1772661115,pure-ftpd,chatafl,2,l_per,21.6
1772661115,pure-ftpd,chatafl,2,l_abs,1400
1772661115,pure-ftpd,chatafl,2,b_per,15.0
1772661115,pure-ftpd,chatafl,2,b_abs,708
1772661115,pure-ftpd,chatafl,2,l_per,21.6
1772661115,pure-ftpd,chatafl,2,l_abs,1400
1772661115,pure-ftpd,chatafl,2,b_per,15.0
1772661115,pure-ftpd,chatafl,2,b_abs,708
1772661116,pure-ftpd,chatafl,2,l_per,21.6
1772661116,pure-ftpd,chatafl,2,l_abs,1400
1772661116,pure-ftpd,chatafl,2,b_per,15.0
1772661116,pure-ftpd,chatafl,2,b_abs,708
1772661116,pure-ftpd,chatafl,2,l_per,21.6
1772661116,pure-ftpd,chatafl,2,l_abs,1400
1772661116,pure-ftpd,chatafl,2,b_per,15.0
1772661116,pure-ftpd,chatafl,2,b_abs,708
1772661117,pure-ftpd,chatafl,2,l_per,21.6
1772661117,pure-ftpd,chatafl,2,l_abs,1400
1772661117,pure-ftpd,chatafl,2,b_per,15.0
1772661117,pure-ftpd,chatafl,2,b_abs,708
1772661117,pure-ftpd,chatafl,2,l_per,21.6
1772661117,pure-ftpd,chatafl,2,l_abs,1400
1772661117,pure-ftpd,chatafl,2,b_per,15.0
1772661117,pure-ftpd,chatafl,2,b_abs,708
1772661118,pure-ftpd,chatafl,2,l_per,21.6
1772661118,pure-ftpd,chatafl,2,l_abs,1400
1772661118,pure-ftpd,chatafl,2,b_per,15.0
1772661118,pure-ftpd,chatafl,2,b_abs,708
1772661120,pure-ftpd,chatafl,2,l_per,21.6
1772661120,pure-ftpd,chatafl,2,l_abs,1400
1772661120,pure-ftpd,chatafl,2,b_per,15.0
1772661120,pure-ftpd,chatafl,2,b_abs,708
1772661121,pure-ftpd,chatafl,2,l_per,21.6
1772661121,pure-ftpd,chatafl,2,l_abs,1400
1772661121,pure-ftpd,chatafl,2,b_per,15.0
1772661121,pure-ftpd,chatafl,2,b_abs,708
1772661121,pure-ftpd,chatafl,2,l_per,21.6
1772661121,pure-ftpd,chatafl,2,l_abs,1400
1772661121,pure-ftpd,chatafl,2,b_per,15.0
1772661121,pure-ftpd,chatafl,2,b_abs,708
1772661122,pure-ftpd,chatafl,2,l_per,21.6
1772661122,pure-ftpd,chatafl,2,l_abs,1400
1772661122,pure-ftpd,chatafl,2,b_per,15.0
1772661122,pure-ftpd,chatafl,2,b_abs,708
1772661122,pure-ftpd,chatafl,2,l_per,21.6
1772661122,pure-ftpd,chatafl,2,l_abs,1400
1772661122,pure-ftpd,chatafl,2,b_per,15.0
1772661122,pure-ftpd,chatafl,2,b_abs,708
1772661123,pure-ftpd,chatafl,2,l_per,21.6
1772661123,pure-ftpd,chatafl,2,l_abs,1400
1772661123,pure-ftpd,chatafl,2,b_per,15.0
1772661123,pure-ftpd,chatafl,2,b_abs,708
1772661123,pure-ftpd,chatafl,2,l_per,21.6
1772661123,pure-ftpd,chatafl,2,l_abs,1400
1772661123,pure-ftpd,chatafl,2,b_per,15.0
1772661123,pure-ftpd,chatafl,2,b_abs,708
1772661123,pure-ftpd,chatafl,2,l_per,21.6
1772661123,pure-ftpd,chatafl,2,l_abs,1400
1772661123,pure-ftpd,chatafl,2,b_per,15.0
1772661123,pure-ftpd,chatafl,2,b_abs,708
1772661124,pure-ftpd,chatafl,2,l_per,21.6
1772661124,pure-ftpd,chatafl,2,l_abs,1400
1772661124,pure-ftpd,chatafl,2,b_per,15.0
1772661124,pure-ftpd,chatafl,2,b_abs,708
1772661124,pure-ftpd,chatafl,2,l_per,21.6
1772661124,pure-ftpd,chatafl,2,l_abs,1400
1772661124,pure-ftpd,chatafl,2,b_per,15.0
1772661124,pure-ftpd,chatafl,2,b_abs,708
1772661125,pure-ftpd,chatafl,2,l_per,21.6
1772661125,pure-ftpd,chatafl,2,l_abs,1400
1772661125,pure-ftpd,chatafl,2,b_per,15.0
1772661125,pure-ftpd,chatafl,2,b_abs,708
1772661125,pure-ftpd,chatafl,2,l_per,21.6
1772661125,pure-ftpd,chatafl,2,l_abs,1400
1772661125,pure-ftpd,chatafl,2,b_per,15.0
1772661125,pure-ftpd,chatafl,2,b_abs,708
1772661126,pure-ftpd,chatafl,2,l_per,21.6
1772661126,pure-ftpd,chatafl,2,l_abs,1400
1772661126,pure-ftpd,chatafl,2,b_per,15.0
1772661126,pure-ftpd,chatafl,2,b_abs,708
1772661126,pure-ftpd,chatafl,2,l_per,21.6
1772661126,pure-ftpd,chatafl,2,l_abs,1400
1772661126,pure-ftpd,chatafl,2,b_per,15.0
1772661126,pure-ftpd,chatafl,2,b_abs,708
1772661127,pure-ftpd,chatafl,2,l_per,21.6
1772661127,pure-ftpd,chatafl,2,l_abs,1400
1772661127,pure-ftpd,chatafl,2,b_per,15.0
1772661127,pure-ftpd,chatafl,2,b_abs,708
1772661127,pure-ftpd,chatafl,2,l_per,21.6
1772661127,pure-ftpd,chatafl,2,l_abs,1400
1772661127,pure-ftpd,chatafl,2,b_per,15.0
1772661127,pure-ftpd,chatafl,2,b_abs,708
1772661127,pure-ftpd,chatafl,2,l_per,21.6
1772661127,pure-ftpd,chatafl,2,l_abs,1400
1772661127,pure-ftpd,chatafl,2,b_per,15.0
1772661127,pure-ftpd,chatafl,2,b_abs,708
1772661128,pure-ftpd,chatafl,2,l_per,21.6
1772661128,pure-ftpd,chatafl,2,l_abs,1400
1772661128,pure-ftpd,chatafl,2,b_per,15.0
1772661128,pure-ftpd,chatafl,2,b_abs,708
1772661129,pure-ftpd,chatafl,2,l_per,21.6
1772661129,pure-ftpd,chatafl,2,l_abs,1400
1772661129,pure-ftpd,chatafl,2,b_per,15.0
1772661129,pure-ftpd,chatafl,2,b_abs,708
1772661130,pure-ftpd,chatafl,2,l_per,21.6
1772661130,pure-ftpd,chatafl,2,l_abs,1400
1772661130,pure-ftpd,chatafl,2,b_per,15.0
1772661130,pure-ftpd,chatafl,2,b_abs,708
1772661054,pure-ftpd,chatafl,2,l_per,21.6
1772661054,pure-ftpd,chatafl,2,l_abs,1400
1772661054,pure-ftpd,chatafl,2,b_per,15.0
1772661054,pure-ftpd,chatafl,2,b_abs,708
1772661077,pure-ftpd,chatafl,2,l_per,21.6
1772661077,pure-ftpd,chatafl,2,l_abs,1401
1772661077,pure-ftpd,chatafl,2,b_per,15.1
1772661077,pure-ftpd,chatafl,2,b_abs,709
1772661095,pure-ftpd,chatafl,2,l_per,21.6
1772661095,pure-ftpd,chatafl,2,l_abs,1401
1772661095,pure-ftpd,chatafl,2,b_per,15.1
1772661095,pure-ftpd,chatafl,2,b_abs,709
1772661116,pure-ftpd,chatafl,2,l_per,21.6
1772661116,pure-ftpd,chatafl,2,l_abs,1401
1772661116,pure-ftpd,chatafl,2,b_per,15.1
1772661116,pure-ftpd,chatafl,2,b_abs,709
1772661147,pure-ftpd,chatafl,2,l_per,21.6
1772661147,pure-ftpd,chatafl,2,l_abs,1402
1772661147,pure-ftpd,chatafl,2,b_per,15.2
1772661147,pure-ftpd,chatafl,2,b_abs,713
1772661267,pure-ftpd,chatafl,2,l_per,21.8
1772661267,pure-ftpd,chatafl,2,l_abs,1412
1772661267,pure-ftpd,chatafl,2,b_per,15.3
1772661267,pure-ftpd,chatafl,2,b_abs,720
1772661638,pure-ftpd,chatafl,2,l_per,22.2
1772661638,pure-ftpd,chatafl,2,l_abs,1443
1772661638,pure-ftpd,chatafl,2,b_per,15.8
1772661638,pure-ftpd,chatafl,2,b_abs,742
1772662361,pure-ftpd,chatafl,2,l_per,22.4
1772662361,pure-ftpd,chatafl,2,l_abs,1451
1772662361,pure-ftpd,chatafl,2,b_per,15.8
1772662361,pure-ftpd,chatafl,2,b_abs,745
1772662728,pure-ftpd,chatafl,2,l_per,22.6
1772662728,pure-ftpd,chatafl,2,l_abs,1467
1772662728,pure-ftpd,chatafl,2,b_per,16.1
1772662728,pure-ftpd,chatafl,2,b_abs,757
1772663368,pure-ftpd,chatafl,2,l_per,25.0
1772663368,pure-ftpd,chatafl,2,l_abs,1624
1772663368,pure-ftpd,chatafl,2,b_per,18.0
1772663368,pure-ftpd,chatafl,2,b_abs,848
1772664159,pure-ftpd,chatafl,2,l_per,25.1
1772664159,pure-ftpd,chatafl,2,l_abs,1630
1772664159,pure-ftpd,chatafl,2,b_per,18.1
1772664159,pure-ftpd,chatafl,2,b_abs,853
1772665065,pure-ftpd,chatafl,2,l_per,25.2
1772665065,pure-ftpd,chatafl,2,l_abs,1634
1772665065,pure-ftpd,chatafl,2,b_per,18.2
1772665065,pure-ftpd,chatafl,2,b_abs,855
1772667732,pure-ftpd,chatafl,2,l_per,25.3
1772667732,pure-ftpd,chatafl,2,l_abs,1642
1772667732,pure-ftpd,chatafl,2,b_per,18.3
1772667732,pure-ftpd,chatafl,2,b_abs,860
1772668678,pure-ftpd,chatafl,2,l_per,25.4
1772668678,pure-ftpd,chatafl,2,l_abs,1652
1772668678,pure-ftpd,chatafl,2,b_per,18.5
1772668678,pure-ftpd,chatafl,2,b_abs,872
1772670153,pure-ftpd,chatafl,2,l_per,25.5
1772670153,pure-ftpd,chatafl,2,l_abs,1656
1772670153,pure-ftpd,chatafl,2,b_per,18.6
1772670153,pure-ftpd,chatafl,2,b_abs,874
1772672066,pure-ftpd,chatafl,2,l_per,30.5
1772672066,pure-ftpd,chatafl,2,l_abs,1980
1772672066,pure-ftpd,chatafl,2,b_per,22.8
1772672066,pure-ftpd,chatafl,2,b_abs,1075
1772672530,pure-ftpd,chatafl,2,l_per,30.5
1772672530,pure-ftpd,chatafl,2,l_abs,1980
1772672530,pure-ftpd,chatafl,2,b_per,22.8
1772672530,pure-ftpd,chatafl,2,b_abs,1075
1772660229,pure-ftpd,chatafl_opt,1,l_per,14.2
1772660229,pure-ftpd,chatafl_opt,1,l_abs,920
1772660229,pure-ftpd,chatafl_opt,1,b_per,8.9
1772660229,pure-ftpd,chatafl_opt,1,b_abs,420
1772660230,pure-ftpd,chatafl_opt,1,l_per,16.2
1772660230,pure-ftpd,chatafl_opt,1,l_abs,1048
1772660230,pure-ftpd,chatafl_opt,1,b_per,10.5
1772660230,pure-ftpd,chatafl_opt,1,b_abs,493
1772660231,pure-ftpd,chatafl_opt,1,l_per,19.2
1772660231,pure-ftpd,chatafl_opt,1,l_abs,1245
1772660231,pure-ftpd,chatafl_opt,1,b_per,12.8
1772660231,pure-ftpd,chatafl_opt,1,b_abs,601
1772660232,pure-ftpd,chatafl_opt,1,l_per,19.3
1772660232,pure-ftpd,chatafl_opt,1,l_abs,1253
1772660232,pure-ftpd,chatafl_opt,1,b_per,12.9
1772660232,pure-ftpd,chatafl_opt,1,b_abs,608
1772660233,pure-ftpd,chatafl_opt,1,l_per,19.3
1772660233,pure-ftpd,chatafl_opt,1,l_abs,1253
1772660233,pure-ftpd,chatafl_opt,1,b_per,12.9
1772660233,pure-ftpd,chatafl_opt,1,b_abs,608
1772660233,pure-ftpd,chatafl_opt,1,l_per,19.6
1772660233,pure-ftpd,chatafl_opt,1,l_abs,1274
1772660233,pure-ftpd,chatafl_opt,1,b_per,13.2
1772660233,pure-ftpd,chatafl_opt,1,b_abs,620
1772660234,pure-ftpd,chatafl_opt,1,l_per,19.8
1772660234,pure-ftpd,chatafl_opt,1,l_abs,1282
1772660234,pure-ftpd,chatafl_opt,1,b_per,13.2
1772660234,pure-ftpd,chatafl_opt,1,b_abs,622
1772660236,pure-ftpd,chatafl_opt,1,l_per,19.8
1772660236,pure-ftpd,chatafl_opt,1,l_abs,1282
1772660236,pure-ftpd,chatafl_opt,1,b_per,13.2
1772660236,pure-ftpd,chatafl_opt,1,b_abs,622
1772660236,pure-ftpd,chatafl_opt,1,l_per,19.8
1772660236,pure-ftpd,chatafl_opt,1,l_abs,1282
1772660236,pure-ftpd,chatafl_opt,1,b_per,13.2
1772660236,pure-ftpd,chatafl_opt,1,b_abs,622
1772660237,pure-ftpd,chatafl_opt,1,l_per,20.0
1772660237,pure-ftpd,chatafl_opt,1,l_abs,1295
1772660237,pure-ftpd,chatafl_opt,1,b_per,13.3
1772660237,pure-ftpd,chatafl_opt,1,b_abs,626
1772660237,pure-ftpd,chatafl_opt,1,l_per,20.0
1772660237,pure-ftpd,chatafl_opt,1,l_abs,1295
1772660237,pure-ftpd,chatafl_opt,1,b_per,13.3
1772660237,pure-ftpd,chatafl_opt,1,b_abs,626
1772660238,pure-ftpd,chatafl_opt,1,l_per,20.1
1772660238,pure-ftpd,chatafl_opt,1,l_abs,1303
1772660238,pure-ftpd,chatafl_opt,1,b_per,13.4
1772660238,pure-ftpd,chatafl_opt,1,b_abs,630
1772660238,pure-ftpd,chatafl_opt,1,l_per,20.1
1772660238,pure-ftpd,chatafl_opt,1,l_abs,1303
1772660238,pure-ftpd,chatafl_opt,1,b_per,13.4
1772660238,pure-ftpd,chatafl_opt,1,b_abs,630
1772660239,pure-ftpd,chatafl_opt,1,l_per,20.1
1772660239,pure-ftpd,chatafl_opt,1,l_abs,1303
1772660239,pure-ftpd,chatafl_opt,1,b_per,13.4
1772660239,pure-ftpd,chatafl_opt,1,b_abs,630
1772660239,pure-ftpd,chatafl_opt,1,l_per,20.1
1772660239,pure-ftpd,chatafl_opt,1,l_abs,1303
1772660239,pure-ftpd,chatafl_opt,1,b_per,13.4
1772660239,pure-ftpd,chatafl_opt,1,b_abs,630
1772660240,pure-ftpd,chatafl_opt,1,l_per,20.1
1772660240,pure-ftpd,chatafl_opt,1,l_abs,1303
1772660240,pure-ftpd,chatafl_opt,1,b_per,13.4
1772660240,pure-ftpd,chatafl_opt,1,b_abs,630
1772660240,pure-ftpd,chatafl_opt,1,l_per,20.1
1772660240,pure-ftpd,chatafl_opt,1,l_abs,1304
1772660240,pure-ftpd,chatafl_opt,1,b_per,13.4
1772660240,pure-ftpd,chatafl_opt,1,b_abs,631
1772660241,pure-ftpd,chatafl_opt,1,l_per,20.1
1772660241,pure-ftpd,chatafl_opt,1,l_abs,1304
1772660241,pure-ftpd,chatafl_opt,1,b_per,13.4
1772660241,pure-ftpd,chatafl_opt,1,b_abs,631
1772660241,pure-ftpd,chatafl_opt,1,l_per,20.1
1772660241,pure-ftpd,chatafl_opt,1,l_abs,1304
1772660241,pure-ftpd,chatafl_opt,1,b_per,13.4
1772660241,pure-ftpd,chatafl_opt,1,b_abs,631
1772660243,pure-ftpd,chatafl_opt,1,l_per,20.1
1772660243,pure-ftpd,chatafl_opt,1,l_abs,1304
1772660243,pure-ftpd,chatafl_opt,1,b_per,13.4
1772660243,pure-ftpd,chatafl_opt,1,b_abs,631
1772660243,pure-ftpd,chatafl_opt,1,l_per,20.1
1772660243,pure-ftpd,chatafl_opt,1,l_abs,1304
1772660243,pure-ftpd,chatafl_opt,1,b_per,13.4
1772660243,pure-ftpd,chatafl_opt,1,b_abs,631
1772660244,pure-ftpd,chatafl_opt,1,l_per,20.1
1772660244,pure-ftpd,chatafl_opt,1,l_abs,1304
1772660244,pure-ftpd,chatafl_opt,1,b_per,13.4
1772660244,pure-ftpd,chatafl_opt,1,b_abs,631
1772660244,pure-ftpd,chatafl_opt,1,l_per,20.2
1772660244,pure-ftpd,chatafl_opt,1,l_abs,1310
1772660244,pure-ftpd,chatafl_opt,1,b_per,13.5
1772660244,pure-ftpd,chatafl_opt,1,b_abs,635
1772660245,pure-ftpd,chatafl_opt,1,l_per,20.4
1772660245,pure-ftpd,chatafl_opt,1,l_abs,1327
1772660245,pure-ftpd,chatafl_opt,1,b_per,13.8
1772660245,pure-ftpd,chatafl_opt,1,b_abs,648
1772660245,pure-ftpd,chatafl_opt,1,l_per,20.4
1772660245,pure-ftpd,chatafl_opt,1,l_abs,1327
1772660245,pure-ftpd,chatafl_opt,1,b_per,13.8
1772660245,pure-ftpd,chatafl_opt,1,b_abs,648
1772660246,pure-ftpd,chatafl_opt,1,l_per,20.4
1772660246,pure-ftpd,chatafl_opt,1,l_abs,1327
1772660246,pure-ftpd,chatafl_opt,1,b_per,13.8
1772660246,pure-ftpd,chatafl_opt,1,b_abs,648
1772660246,pure-ftpd,chatafl_opt,1,l_per,20.5
1772660246,pure-ftpd,chatafl_opt,1,l_abs,1330
1772660246,pure-ftpd,chatafl_opt,1,b_per,13.8
1772660246,pure-ftpd,chatafl_opt,1,b_abs,651
1772660247,pure-ftpd,chatafl_opt,1,l_per,20.5
1772660247,pure-ftpd,chatafl_opt,1,l_abs,1330
1772660247,pure-ftpd,chatafl_opt,1,b_per,13.8
1772660247,pure-ftpd,chatafl_opt,1,b_abs,651
1772660247,pure-ftpd,chatafl_opt,1,l_per,20.5
1772660247,pure-ftpd,chatafl_opt,1,l_abs,1330
1772660247,pure-ftpd,chatafl_opt,1,b_per,13.8
1772660247,pure-ftpd,chatafl_opt,1,b_abs,651
1772660248,pure-ftpd,chatafl_opt,1,l_per,20.5
1772660248,pure-ftpd,chatafl_opt,1,l_abs,1330
1772660248,pure-ftpd,chatafl_opt,1,b_per,13.8
1772660248,pure-ftpd,chatafl_opt,1,b_abs,651
1772660248,pure-ftpd,chatafl_opt,1,l_per,20.8
1772660248,pure-ftpd,chatafl_opt,1,l_abs,1351
1772660248,pure-ftpd,chatafl_opt,1,b_per,14.0
1772660248,pure-ftpd,chatafl_opt,1,b_abs,661
1772660249,pure-ftpd,chatafl_opt,1,l_per,20.8
1772660249,pure-ftpd,chatafl_opt,1,l_abs,1351
1772660249,pure-ftpd,chatafl_opt,1,b_per,14.0
1772660249,pure-ftpd,chatafl_opt,1,b_abs,661
1772660249,pure-ftpd,chatafl_opt,1,l_per,20.8
1772660249,pure-ftpd,chatafl_opt,1,l_abs,1351
1772660249,pure-ftpd,chatafl_opt,1,b_per,14.0
1772660249,pure-ftpd,chatafl_opt,1,b_abs,661
1772660249,pure-ftpd,chatafl_opt,1,l_per,20.8
1772660249,pure-ftpd,chatafl_opt,1,l_abs,1351
1772660249,pure-ftpd,chatafl_opt,1,b_per,14.0
1772660249,pure-ftpd,chatafl_opt,1,b_abs,661
1772660250,pure-ftpd,chatafl_opt,1,l_per,21.0
1772660250,pure-ftpd,chatafl_opt,1,l_abs,1365
1772660250,pure-ftpd,chatafl_opt,1,b_per,14.1
1772660250,pure-ftpd,chatafl_opt,1,b_abs,663
1772660250,pure-ftpd,chatafl_opt,1,l_per,21.0
1772660250,pure-ftpd,chatafl_opt,1,l_abs,1365
1772660250,pure-ftpd,chatafl_opt,1,b_per,14.1
1772660250,pure-ftpd,chatafl_opt,1,b_abs,663
1772660251,pure-ftpd,chatafl_opt,1,l_per,21.0
1772660251,pure-ftpd,chatafl_opt,1,l_abs,1365
1772660251,pure-ftpd,chatafl_opt,1,b_per,14.1
1772660251,pure-ftpd,chatafl_opt,1,b_abs,663
1772660251,pure-ftpd,chatafl_opt,1,l_per,21.0
1772660251,pure-ftpd,chatafl_opt,1,l_abs,1365
1772660251,pure-ftpd,chatafl_opt,1,b_per,14.1
1772660251,pure-ftpd,chatafl_opt,1,b_abs,663
1772660252,pure-ftpd,chatafl_opt,1,l_per,21.0
1772660252,pure-ftpd,chatafl_opt,1,l_abs,1365
1772660252,pure-ftpd,chatafl_opt,1,b_per,14.1
1772660252,pure-ftpd,chatafl_opt,1,b_abs,663
1772660252,pure-ftpd,chatafl_opt,1,l_per,21.0
1772660252,pure-ftpd,chatafl_opt,1,l_abs,1366
1772660252,pure-ftpd,chatafl_opt,1,b_per,14.1
1772660252,pure-ftpd,chatafl_opt,1,b_abs,664
1772660253,pure-ftpd,chatafl_opt,1,l_per,21.0
1772660253,pure-ftpd,chatafl_opt,1,l_abs,1366
1772660253,pure-ftpd,chatafl_opt,1,b_per,14.1
1772660253,pure-ftpd,chatafl_opt,1,b_abs,664
1772660253,pure-ftpd,chatafl_opt,1,l_per,21.1
1772660253,pure-ftpd,chatafl_opt,1,l_abs,1367
1772660253,pure-ftpd,chatafl_opt,1,b_per,14.2
1772660253,pure-ftpd,chatafl_opt,1,b_abs,669
1772660254,pure-ftpd,chatafl_opt,1,l_per,21.1
1772660254,pure-ftpd,chatafl_opt,1,l_abs,1367
1772660254,pure-ftpd,chatafl_opt,1,b_per,14.2
1772660254,pure-ftpd,chatafl_opt,1,b_abs,669
1772660254,pure-ftpd,chatafl_opt,1,l_per,21.1
1772660254,pure-ftpd,chatafl_opt,1,l_abs,1367
1772660254,pure-ftpd,chatafl_opt,1,b_per,14.2
1772660254,pure-ftpd,chatafl_opt,1,b_abs,669
1772660254,pure-ftpd,chatafl_opt,1,l_per,21.1
1772660254,pure-ftpd,chatafl_opt,1,l_abs,1367
1772660254,pure-ftpd,chatafl_opt,1,b_per,14.2
1772660254,pure-ftpd,chatafl_opt,1,b_abs,669
1772660255,pure-ftpd,chatafl_opt,1,l_per,21.1
1772660255,pure-ftpd,chatafl_opt,1,l_abs,1367
1772660255,pure-ftpd,chatafl_opt,1,b_per,14.2
1772660255,pure-ftpd,chatafl_opt,1,b_abs,669
1772660255,pure-ftpd,chatafl_opt,1,l_per,21.1
1772660255,pure-ftpd,chatafl_opt,1,l_abs,1367
1772660255,pure-ftpd,chatafl_opt,1,b_per,14.2
1772660255,pure-ftpd,chatafl_opt,1,b_abs,669
1772660256,pure-ftpd,chatafl_opt,1,l_per,21.1
1772660256,pure-ftpd,chatafl_opt,1,l_abs,1368
1772660256,pure-ftpd,chatafl_opt,1,b_per,14.2
1772660256,pure-ftpd,chatafl_opt,1,b_abs,670
1772660256,pure-ftpd,chatafl_opt,1,l_per,21.1
1772660256,pure-ftpd,chatafl_opt,1,l_abs,1368
1772660256,pure-ftpd,chatafl_opt,1,b_per,14.2
1772660256,pure-ftpd,chatafl_opt,1,b_abs,670
1772660257,pure-ftpd,chatafl_opt,1,l_per,21.1
1772660257,pure-ftpd,chatafl_opt,1,l_abs,1368
1772660257,pure-ftpd,chatafl_opt,1,b_per,14.2
1772660257,pure-ftpd,chatafl_opt,1,b_abs,670
1772660257,pure-ftpd,chatafl_opt,1,l_per,21.1
1772660257,pure-ftpd,chatafl_opt,1,l_abs,1368
1772660257,pure-ftpd,chatafl_opt,1,b_per,14.2
1772660257,pure-ftpd,chatafl_opt,1,b_abs,670
1772660258,pure-ftpd,chatafl_opt,1,l_per,21.1
1772660258,pure-ftpd,chatafl_opt,1,l_abs,1368
1772660258,pure-ftpd,chatafl_opt,1,b_per,14.2
1772660258,pure-ftpd,chatafl_opt,1,b_abs,670
1772660258,pure-ftpd,chatafl_opt,1,l_per,21.1
1772660258,pure-ftpd,chatafl_opt,1,l_abs,1368
1772660258,pure-ftpd,chatafl_opt,1,b_per,14.2
1772660258,pure-ftpd,chatafl_opt,1,b_abs,670
1772660259,pure-ftpd,chatafl_opt,1,l_per,21.1
1772660259,pure-ftpd,chatafl_opt,1,l_abs,1368
1772660259,pure-ftpd,chatafl_opt,1,b_per,14.2
1772660259,pure-ftpd,chatafl_opt,1,b_abs,670
1772660259,pure-ftpd,chatafl_opt,1,l_per,21.1
1772660259,pure-ftpd,chatafl_opt,1,l_abs,1368
1772660259,pure-ftpd,chatafl_opt,1,b_per,14.2
1772660259,pure-ftpd,chatafl_opt,1,b_abs,670
1772660260,pure-ftpd,chatafl_opt,1,l_per,21.2
1772660260,pure-ftpd,chatafl_opt,1,l_abs,1376
1772660260,pure-ftpd,chatafl_opt,1,b_per,14.4
1772660260,pure-ftpd,chatafl_opt,1,b_abs,678
1772660260,pure-ftpd,chatafl_opt,1,l_per,21.2
1772660260,pure-ftpd,chatafl_opt,1,l_abs,1376
1772660260,pure-ftpd,chatafl_opt,1,b_per,14.4
1772660260,pure-ftpd,chatafl_opt,1,b_abs,678
1772660260,pure-ftpd,chatafl_opt,1,l_per,21.2
1772660260,pure-ftpd,chatafl_opt,1,l_abs,1376
1772660260,pure-ftpd,chatafl_opt,1,b_per,14.4
1772660260,pure-ftpd,chatafl_opt,1,b_abs,678
1772660261,pure-ftpd,chatafl_opt,1,l_per,21.2
1772660261,pure-ftpd,chatafl_opt,1,l_abs,1378
1772660261,pure-ftpd,chatafl_opt,1,b_per,14.4
1772660261,pure-ftpd,chatafl_opt,1,b_abs,679
1772660262,pure-ftpd,chatafl_opt,1,l_per,21.2
1772660262,pure-ftpd,chatafl_opt,1,l_abs,1378
1772660262,pure-ftpd,chatafl_opt,1,b_per,14.4
1772660262,pure-ftpd,chatafl_opt,1,b_abs,679
1772660262,pure-ftpd,chatafl_opt,1,l_per,21.2
1772660262,pure-ftpd,chatafl_opt,1,l_abs,1378
1772660262,pure-ftpd,chatafl_opt,1,b_per,14.4
1772660262,pure-ftpd,chatafl_opt,1,b_abs,679
1772660262,pure-ftpd,chatafl_opt,1,l_per,21.2
1772660262,pure-ftpd,chatafl_opt,1,l_abs,1378
1772660262,pure-ftpd,chatafl_opt,1,b_per,14.4
1772660262,pure-ftpd,chatafl_opt,1,b_abs,679
1772660263,pure-ftpd,chatafl_opt,1,l_per,21.2
1772660263,pure-ftpd,chatafl_opt,1,l_abs,1378
1772660263,pure-ftpd,chatafl_opt,1,b_per,14.4
1772660263,pure-ftpd,chatafl_opt,1,b_abs,679
1772660265,pure-ftpd,chatafl_opt,1,l_per,21.2
1772660265,pure-ftpd,chatafl_opt,1,l_abs,1378
1772660265,pure-ftpd,chatafl_opt,1,b_per,14.4
1772660265,pure-ftpd,chatafl_opt,1,b_abs,679
1772660265,pure-ftpd,chatafl_opt,1,l_per,21.2
1772660265,pure-ftpd,chatafl_opt,1,l_abs,1378
1772660265,pure-ftpd,chatafl_opt,1,b_per,14.4
1772660265,pure-ftpd,chatafl_opt,1,b_abs,679
1772660266,pure-ftpd,chatafl_opt,1,l_per,21.2
1772660266,pure-ftpd,chatafl_opt,1,l_abs,1378
1772660266,pure-ftpd,chatafl_opt,1,b_per,14.4
1772660266,pure-ftpd,chatafl_opt,1,b_abs,679
1772660266,pure-ftpd,chatafl_opt,1,l_per,21.2
1772660266,pure-ftpd,chatafl_opt,1,l_abs,1378
1772660266,pure-ftpd,chatafl_opt,1,b_per,14.4
1772660266,pure-ftpd,chatafl_opt,1,b_abs,679
1772660267,pure-ftpd,chatafl_opt,1,l_per,21.2
1772660267,pure-ftpd,chatafl_opt,1,l_abs,1378
1772660267,pure-ftpd,chatafl_opt,1,b_per,14.4
1772660267,pure-ftpd,chatafl_opt,1,b_abs,679
1772660267,pure-ftpd,chatafl_opt,1,l_per,21.2
1772660267,pure-ftpd,chatafl_opt,1,l_abs,1378
1772660267,pure-ftpd,chatafl_opt,1,b_per,14.4
1772660267,pure-ftpd,chatafl_opt,1,b_abs,679
1772660267,pure-ftpd,chatafl_opt,1,l_per,21.2
1772660267,pure-ftpd,chatafl_opt,1,l_abs,1378
1772660267,pure-ftpd,chatafl_opt,1,b_per,14.4
1772660267,pure-ftpd,chatafl_opt,1,b_abs,679
1772660268,pure-ftpd,chatafl_opt,1,l_per,21.4
1772660268,pure-ftpd,chatafl_opt,1,l_abs,1392
1772660268,pure-ftpd,chatafl_opt,1,b_per,14.7
1772660268,pure-ftpd,chatafl_opt,1,b_abs,691
1772660268,pure-ftpd,chatafl_opt,1,l_per,21.4
1772660268,pure-ftpd,chatafl_opt,1,l_abs,1392
1772660268,pure-ftpd,chatafl_opt,1,b_per,14.7
1772660268,pure-ftpd,chatafl_opt,1,b_abs,691
1772660269,pure-ftpd,chatafl_opt,1,l_per,21.4
1772660269,pure-ftpd,chatafl_opt,1,l_abs,1392
1772660269,pure-ftpd,chatafl_opt,1,b_per,14.7
1772660269,pure-ftpd,chatafl_opt,1,b_abs,691
1772660269,pure-ftpd,chatafl_opt,1,l_per,21.4
1772660269,pure-ftpd,chatafl_opt,1,l_abs,1392
1772660269,pure-ftpd,chatafl_opt,1,b_per,14.7
1772660269,pure-ftpd,chatafl_opt,1,b_abs,691
1772660270,pure-ftpd,chatafl_opt,1,l_per,21.5
1772660270,pure-ftpd,chatafl_opt,1,l_abs,1394
1772660270,pure-ftpd,chatafl_opt,1,b_per,14.7
1772660270,pure-ftpd,chatafl_opt,1,b_abs,692
1772660272,pure-ftpd,chatafl_opt,1,l_per,21.5
1772660272,pure-ftpd,chatafl_opt,1,l_abs,1394
1772660272,pure-ftpd,chatafl_opt,1,b_per,14.7
1772660272,pure-ftpd,chatafl_opt,1,b_abs,692
1772660272,pure-ftpd,chatafl_opt,1,l_per,21.5
1772660272,pure-ftpd,chatafl_opt,1,l_abs,1394
1772660272,pure-ftpd,chatafl_opt,1,b_per,14.7
1772660272,pure-ftpd,chatafl_opt,1,b_abs,692
1772660273,pure-ftpd,chatafl_opt,1,l_per,21.5
1772660273,pure-ftpd,chatafl_opt,1,l_abs,1394
1772660273,pure-ftpd,chatafl_opt,1,b_per,14.7
1772660273,pure-ftpd,chatafl_opt,1,b_abs,692
1772660273,pure-ftpd,chatafl_opt,1,l_per,21.5
1772660273,pure-ftpd,chatafl_opt,1,l_abs,1394
1772660273,pure-ftpd,chatafl_opt,1,b_per,14.7
1772660273,pure-ftpd,chatafl_opt,1,b_abs,692
1772660274,pure-ftpd,chatafl_opt,1,l_per,21.5
1772660274,pure-ftpd,chatafl_opt,1,l_abs,1394
1772660274,pure-ftpd,chatafl_opt,1,b_per,14.7
1772660274,pure-ftpd,chatafl_opt,1,b_abs,692
1772660274,pure-ftpd,chatafl_opt,1,l_per,21.5
1772660274,pure-ftpd,chatafl_opt,1,l_abs,1394
1772660274,pure-ftpd,chatafl_opt,1,b_per,14.7
1772660274,pure-ftpd,chatafl_opt,1,b_abs,692
1772660274,pure-ftpd,chatafl_opt,1,l_per,21.5
1772660274,pure-ftpd,chatafl_opt,1,l_abs,1394
1772660274,pure-ftpd,chatafl_opt,1,b_per,14.7
1772660274,pure-ftpd,chatafl_opt,1,b_abs,692
1772660275,pure-ftpd,chatafl_opt,1,l_per,21.5
1772660275,pure-ftpd,chatafl_opt,1,l_abs,1394
1772660275,pure-ftpd,chatafl_opt,1,b_per,14.7
1772660275,pure-ftpd,chatafl_opt,1,b_abs,692
1772660277,pure-ftpd,chatafl_opt,1,l_per,21.5
1772660277,pure-ftpd,chatafl_opt,1,l_abs,1394
1772660277,pure-ftpd,chatafl_opt,1,b_per,14.7
1772660277,pure-ftpd,chatafl_opt,1,b_abs,692
1772660278,pure-ftpd,chatafl_opt,1,l_per,21.5
1772660278,pure-ftpd,chatafl_opt,1,l_abs,1394
1772660278,pure-ftpd,chatafl_opt,1,b_per,14.7
1772660278,pure-ftpd,chatafl_opt,1,b_abs,692
1772660279,pure-ftpd,chatafl_opt,1,l_per,21.6
1772660279,pure-ftpd,chatafl_opt,1,l_abs,1401
1772660279,pure-ftpd,chatafl_opt,1,b_per,14.8
1772660279,pure-ftpd,chatafl_opt,1,b_abs,697
1772660283,pure-ftpd,chatafl_opt,1,l_per,21.6
1772660283,pure-ftpd,chatafl_opt,1,l_abs,1404
1772660283,pure-ftpd,chatafl_opt,1,b_per,14.8
1772660283,pure-ftpd,chatafl_opt,1,b_abs,698
1772660283,pure-ftpd,chatafl_opt,1,l_per,21.6
1772660283,pure-ftpd,chatafl_opt,1,l_abs,1404
1772660283,pure-ftpd,chatafl_opt,1,b_per,14.8
1772660283,pure-ftpd,chatafl_opt,1,b_abs,698
1772660283,pure-ftpd,chatafl_opt,1,l_per,21.6
1772660283,pure-ftpd,chatafl_opt,1,l_abs,1404
1772660283,pure-ftpd,chatafl_opt,1,b_per,14.8
1772660283,pure-ftpd,chatafl_opt,1,b_abs,698
1772660285,pure-ftpd,chatafl_opt,1,l_per,21.8
1772660285,pure-ftpd,chatafl_opt,1,l_abs,1416
1772660285,pure-ftpd,chatafl_opt,1,b_per,15.1
1772660285,pure-ftpd,chatafl_opt,1,b_abs,709
1772660285,pure-ftpd,chatafl_opt,1,l_per,21.8
1772660285,pure-ftpd,chatafl_opt,1,l_abs,1416
1772660285,pure-ftpd,chatafl_opt,1,b_per,15.1
1772660285,pure-ftpd,chatafl_opt,1,b_abs,709
1772660286,pure-ftpd,chatafl_opt,1,l_per,21.8
1772660286,pure-ftpd,chatafl_opt,1,l_abs,1416
1772660286,pure-ftpd,chatafl_opt,1,b_per,15.1
1772660286,pure-ftpd,chatafl_opt,1,b_abs,709
1772660286,pure-ftpd,chatafl_opt,1,l_per,21.8
1772660286,pure-ftpd,chatafl_opt,1,l_abs,1416
1772660286,pure-ftpd,chatafl_opt,1,b_per,15.1
1772660286,pure-ftpd,chatafl_opt,1,b_abs,709
1772660287,pure-ftpd,chatafl_opt,1,l_per,21.8
1772660287,pure-ftpd,chatafl_opt,1,l_abs,1416
1772660287,pure-ftpd,chatafl_opt,1,b_per,15.1
1772660287,pure-ftpd,chatafl_opt,1,b_abs,709
1772660287,pure-ftpd,chatafl_opt,1,l_per,21.8
1772660287,pure-ftpd,chatafl_opt,1,l_abs,1416
1772660287,pure-ftpd,chatafl_opt,1,b_per,15.1
1772660287,pure-ftpd,chatafl_opt,1,b_abs,709
1772660288,pure-ftpd,chatafl_opt,1,l_per,21.8
1772660288,pure-ftpd,chatafl_opt,1,l_abs,1416
1772660288,pure-ftpd,chatafl_opt,1,b_per,15.1
1772660288,pure-ftpd,chatafl_opt,1,b_abs,709
1772660288,pure-ftpd,chatafl_opt,1,l_per,21.8
1772660288,pure-ftpd,chatafl_opt,1,l_abs,1416
1772660288,pure-ftpd,chatafl_opt,1,b_per,15.1
1772660288,pure-ftpd,chatafl_opt,1,b_abs,709
1772660289,pure-ftpd,chatafl_opt,1,l_per,21.8
1772660289,pure-ftpd,chatafl_opt,1,l_abs,1416
1772660289,pure-ftpd,chatafl_opt,1,b_per,15.1
1772660289,pure-ftpd,chatafl_opt,1,b_abs,709
1772660289,pure-ftpd,chatafl_opt,1,l_per,21.8
1772660289,pure-ftpd,chatafl_opt,1,l_abs,1416
1772660289,pure-ftpd,chatafl_opt,1,b_per,15.1
1772660289,pure-ftpd,chatafl_opt,1,b_abs,709
1772660290,pure-ftpd,chatafl_opt,1,l_per,21.8
1772660290,pure-ftpd,chatafl_opt,1,l_abs,1416
1772660290,pure-ftpd,chatafl_opt,1,b_per,15.1
1772660290,pure-ftpd,chatafl_opt,1,b_abs,709
1772660290,pure-ftpd,chatafl_opt,1,l_per,21.8
1772660290,pure-ftpd,chatafl_opt,1,l_abs,1416
1772660290,pure-ftpd,chatafl_opt,1,b_per,15.1
1772660290,pure-ftpd,chatafl_opt,1,b_abs,709
1772660290,pure-ftpd,chatafl_opt,1,l_per,21.8
1772660290,pure-ftpd,chatafl_opt,1,l_abs,1416
1772660290,pure-ftpd,chatafl_opt,1,b_per,15.1
1772660290,pure-ftpd,chatafl_opt,1,b_abs,709
1772660291,pure-ftpd,chatafl_opt,1,l_per,21.8
1772660291,pure-ftpd,chatafl_opt,1,l_abs,1416
1772660291,pure-ftpd,chatafl_opt,1,b_per,15.1
1772660291,pure-ftpd,chatafl_opt,1,b_abs,709
1772660291,pure-ftpd,chatafl_opt,1,l_per,21.8
1772660291,pure-ftpd,chatafl_opt,1,l_abs,1416
1772660291,pure-ftpd,chatafl_opt,1,b_per,15.1
1772660291,pure-ftpd,chatafl_opt,1,b_abs,709
1772660294,pure-ftpd,chatafl_opt,1,l_per,21.9
1772660294,pure-ftpd,chatafl_opt,1,l_abs,1421
1772660294,pure-ftpd,chatafl_opt,1,b_per,15.2
1772660294,pure-ftpd,chatafl_opt,1,b_abs,715
1772660294,pure-ftpd,chatafl_opt,1,l_per,21.9
1772660294,pure-ftpd,chatafl_opt,1,l_abs,1421
1772660294,pure-ftpd,chatafl_opt,1,b_per,15.2
1772660294,pure-ftpd,chatafl_opt,1,b_abs,715
1772660295,pure-ftpd,chatafl_opt,1,l_per,21.9
1772660295,pure-ftpd,chatafl_opt,1,l_abs,1421
1772660295,pure-ftpd,chatafl_opt,1,b_per,15.2
1772660295,pure-ftpd,chatafl_opt,1,b_abs,715
1772660295,pure-ftpd,chatafl_opt,1,l_per,21.9
1772660295,pure-ftpd,chatafl_opt,1,l_abs,1421
1772660295,pure-ftpd,chatafl_opt,1,b_per,15.2
1772660295,pure-ftpd,chatafl_opt,1,b_abs,715
1772660296,pure-ftpd,chatafl_opt,1,l_per,21.9
1772660296,pure-ftpd,chatafl_opt,1,l_abs,1421
1772660296,pure-ftpd,chatafl_opt,1,b_per,15.2
1772660296,pure-ftpd,chatafl_opt,1,b_abs,715
1772660296,pure-ftpd,chatafl_opt,1,l_per,21.9
1772660296,pure-ftpd,chatafl_opt,1,l_abs,1421
1772660296,pure-ftpd,chatafl_opt,1,b_per,15.2
1772660296,pure-ftpd,chatafl_opt,1,b_abs,715
1772660297,pure-ftpd,chatafl_opt,1,l_per,21.9
1772660297,pure-ftpd,chatafl_opt,1,l_abs,1421
1772660297,pure-ftpd,chatafl_opt,1,b_per,15.2
1772660297,pure-ftpd,chatafl_opt,1,b_abs,715
1772660297,pure-ftpd,chatafl_opt,1,l_per,21.9
1772660297,pure-ftpd,chatafl_opt,1,l_abs,1421
1772660297,pure-ftpd,chatafl_opt,1,b_per,15.2
1772660297,pure-ftpd,chatafl_opt,1,b_abs,715
1772660297,pure-ftpd,chatafl_opt,1,l_per,21.9
1772660297,pure-ftpd,chatafl_opt,1,l_abs,1421
1772660297,pure-ftpd,chatafl_opt,1,b_per,15.2
1772660297,pure-ftpd,chatafl_opt,1,b_abs,715
1772660298,pure-ftpd,chatafl_opt,1,l_per,21.9
1772660298,pure-ftpd,chatafl_opt,1,l_abs,1421
1772660298,pure-ftpd,chatafl_opt,1,b_per,15.2
1772660298,pure-ftpd,chatafl_opt,1,b_abs,715
1772660298,pure-ftpd,chatafl_opt,1,l_per,21.9
1772660298,pure-ftpd,chatafl_opt,1,l_abs,1421
1772660298,pure-ftpd,chatafl_opt,1,b_per,15.2
1772660298,pure-ftpd,chatafl_opt,1,b_abs,715
1772660299,pure-ftpd,chatafl_opt,1,l_per,21.9
1772660299,pure-ftpd,chatafl_opt,1,l_abs,1421
1772660299,pure-ftpd,chatafl_opt,1,b_per,15.2
1772660299,pure-ftpd,chatafl_opt,1,b_abs,715
1772660299,pure-ftpd,chatafl_opt,1,l_per,21.9
1772660299,pure-ftpd,chatafl_opt,1,l_abs,1421
1772660299,pure-ftpd,chatafl_opt,1,b_per,15.2
1772660299,pure-ftpd,chatafl_opt,1,b_abs,715
1772660300,pure-ftpd,chatafl_opt,1,l_per,21.9
1772660300,pure-ftpd,chatafl_opt,1,l_abs,1421
1772660300,pure-ftpd,chatafl_opt,1,b_per,15.2
1772660300,pure-ftpd,chatafl_opt,1,b_abs,715
1772660300,pure-ftpd,chatafl_opt,1,l_per,21.9
1772660300,pure-ftpd,chatafl_opt,1,l_abs,1421
1772660300,pure-ftpd,chatafl_opt,1,b_per,15.2
1772660300,pure-ftpd,chatafl_opt,1,b_abs,715
1772660301,pure-ftpd,chatafl_opt,1,l_per,21.9
1772660301,pure-ftpd,chatafl_opt,1,l_abs,1421
1772660301,pure-ftpd,chatafl_opt,1,b_per,15.2
1772660301,pure-ftpd,chatafl_opt,1,b_abs,715
1772660301,pure-ftpd,chatafl_opt,1,l_per,21.9
1772660301,pure-ftpd,chatafl_opt,1,l_abs,1421
1772660301,pure-ftpd,chatafl_opt,1,b_per,15.2
1772660301,pure-ftpd,chatafl_opt,1,b_abs,715
1772660301,pure-ftpd,chatafl_opt,1,l_per,21.9
1772660301,pure-ftpd,chatafl_opt,1,l_abs,1421
1772660301,pure-ftpd,chatafl_opt,1,b_per,15.2
1772660301,pure-ftpd,chatafl_opt,1,b_abs,715
1772660302,pure-ftpd,chatafl_opt,1,l_per,21.9
1772660302,pure-ftpd,chatafl_opt,1,l_abs,1421
1772660302,pure-ftpd,chatafl_opt,1,b_per,15.2
1772660302,pure-ftpd,chatafl_opt,1,b_abs,715
1772660302,pure-ftpd,chatafl_opt,1,l_per,21.9
1772660302,pure-ftpd,chatafl_opt,1,l_abs,1421
1772660302,pure-ftpd,chatafl_opt,1,b_per,15.2
1772660302,pure-ftpd,chatafl_opt,1,b_abs,715
1772660303,pure-ftpd,chatafl_opt,1,l_per,21.9
1772660303,pure-ftpd,chatafl_opt,1,l_abs,1421
1772660303,pure-ftpd,chatafl_opt,1,b_per,15.2
1772660303,pure-ftpd,chatafl_opt,1,b_abs,715
1772660304,pure-ftpd,chatafl_opt,1,l_per,21.9
1772660304,pure-ftpd,chatafl_opt,1,l_abs,1421
1772660304,pure-ftpd,chatafl_opt,1,b_per,15.2
1772660304,pure-ftpd,chatafl_opt,1,b_abs,715
1772660304,pure-ftpd,chatafl_opt,1,l_per,21.9
1772660304,pure-ftpd,chatafl_opt,1,l_abs,1421
1772660304,pure-ftpd,chatafl_opt,1,b_per,15.2
1772660304,pure-ftpd,chatafl_opt,1,b_abs,715
1772660305,pure-ftpd,chatafl_opt,1,l_per,21.9
1772660305,pure-ftpd,chatafl_opt,1,l_abs,1421
1772660305,pure-ftpd,chatafl_opt,1,b_per,15.2
1772660305,pure-ftpd,chatafl_opt,1,b_abs,715
1772660305,pure-ftpd,chatafl_opt,1,l_per,21.9
1772660305,pure-ftpd,chatafl_opt,1,l_abs,1421
1772660305,pure-ftpd,chatafl_opt,1,b_per,15.2
1772660305,pure-ftpd,chatafl_opt,1,b_abs,715
1772660306,pure-ftpd,chatafl_opt,1,l_per,21.9
1772660306,pure-ftpd,chatafl_opt,1,l_abs,1421
1772660306,pure-ftpd,chatafl_opt,1,b_per,15.2
1772660306,pure-ftpd,chatafl_opt,1,b_abs,715
1772660306,pure-ftpd,chatafl_opt,1,l_per,21.9
1772660306,pure-ftpd,chatafl_opt,1,l_abs,1421
1772660306,pure-ftpd,chatafl_opt,1,b_per,15.2
1772660306,pure-ftpd,chatafl_opt,1,b_abs,715
1772660307,pure-ftpd,chatafl_opt,1,l_per,21.9
1772660307,pure-ftpd,chatafl_opt,1,l_abs,1421
1772660307,pure-ftpd,chatafl_opt,1,b_per,15.2
1772660307,pure-ftpd,chatafl_opt,1,b_abs,715
1772660307,pure-ftpd,chatafl_opt,1,l_per,21.9
1772660307,pure-ftpd,chatafl_opt,1,l_abs,1421
1772660307,pure-ftpd,chatafl_opt,1,b_per,15.2
1772660307,pure-ftpd,chatafl_opt,1,b_abs,715
1772660308,pure-ftpd,chatafl_opt,1,l_per,21.9
1772660308,pure-ftpd,chatafl_opt,1,l_abs,1421
1772660308,pure-ftpd,chatafl_opt,1,b_per,15.2
1772660308,pure-ftpd,chatafl_opt,1,b_abs,715
1772660308,pure-ftpd,chatafl_opt,1,l_per,21.9
1772660308,pure-ftpd,chatafl_opt,1,l_abs,1421
1772660308,pure-ftpd,chatafl_opt,1,b_per,15.2
1772660308,pure-ftpd,chatafl_opt,1,b_abs,715
1772660308,pure-ftpd,chatafl_opt,1,l_per,21.9
1772660308,pure-ftpd,chatafl_opt,1,l_abs,1421
1772660308,pure-ftpd,chatafl_opt,1,b_per,15.2
1772660308,pure-ftpd,chatafl_opt,1,b_abs,715
1772660309,pure-ftpd,chatafl_opt,1,l_per,21.9
1772660309,pure-ftpd,chatafl_opt,1,l_abs,1421
1772660309,pure-ftpd,chatafl_opt,1,b_per,15.2
1772660309,pure-ftpd,chatafl_opt,1,b_abs,715
1772660309,pure-ftpd,chatafl_opt,1,l_per,21.9
1772660309,pure-ftpd,chatafl_opt,1,l_abs,1421
1772660309,pure-ftpd,chatafl_opt,1,b_per,15.2
1772660309,pure-ftpd,chatafl_opt,1,b_abs,715
1772660310,pure-ftpd,chatafl_opt,1,l_per,21.9
1772660310,pure-ftpd,chatafl_opt,1,l_abs,1421
1772660310,pure-ftpd,chatafl_opt,1,b_per,15.2
1772660310,pure-ftpd,chatafl_opt,1,b_abs,715
1772660310,pure-ftpd,chatafl_opt,1,l_per,21.9
1772660310,pure-ftpd,chatafl_opt,1,l_abs,1421
1772660310,pure-ftpd,chatafl_opt,1,b_per,15.2
1772660310,pure-ftpd,chatafl_opt,1,b_abs,715
1772660311,pure-ftpd,chatafl_opt,1,l_per,21.9
1772660311,pure-ftpd,chatafl_opt,1,l_abs,1421
1772660311,pure-ftpd,chatafl_opt,1,b_per,15.2
1772660311,pure-ftpd,chatafl_opt,1,b_abs,715
1772660311,pure-ftpd,chatafl_opt,1,l_per,21.9
1772660311,pure-ftpd,chatafl_opt,1,l_abs,1421
1772660311,pure-ftpd,chatafl_opt,1,b_per,15.2
1772660311,pure-ftpd,chatafl_opt,1,b_abs,715
1772660312,pure-ftpd,chatafl_opt,1,l_per,21.9
1772660312,pure-ftpd,chatafl_opt,1,l_abs,1421
1772660312,pure-ftpd,chatafl_opt,1,b_per,15.2
1772660312,pure-ftpd,chatafl_opt,1,b_abs,715
1772660312,pure-ftpd,chatafl_opt,1,l_per,21.9
1772660312,pure-ftpd,chatafl_opt,1,l_abs,1421
1772660312,pure-ftpd,chatafl_opt,1,b_per,15.2
1772660312,pure-ftpd,chatafl_opt,1,b_abs,715
1772660313,pure-ftpd,chatafl_opt,1,l_per,21.9
1772660313,pure-ftpd,chatafl_opt,1,l_abs,1421
1772660313,pure-ftpd,chatafl_opt,1,b_per,15.2
1772660313,pure-ftpd,chatafl_opt,1,b_abs,715
1772660313,pure-ftpd,chatafl_opt,1,l_per,21.9
1772660313,pure-ftpd,chatafl_opt,1,l_abs,1421
1772660313,pure-ftpd,chatafl_opt,1,b_per,15.2
1772660313,pure-ftpd,chatafl_opt,1,b_abs,715
1772660314,pure-ftpd,chatafl_opt,1,l_per,21.9
1772660314,pure-ftpd,chatafl_opt,1,l_abs,1421
1772660314,pure-ftpd,chatafl_opt,1,b_per,15.2
1772660314,pure-ftpd,chatafl_opt,1,b_abs,715
1772660314,pure-ftpd,chatafl_opt,1,l_per,21.9
1772660314,pure-ftpd,chatafl_opt,1,l_abs,1421
1772660314,pure-ftpd,chatafl_opt,1,b_per,15.2
1772660314,pure-ftpd,chatafl_opt,1,b_abs,715
1772660314,pure-ftpd,chatafl_opt,1,l_per,21.9
1772660314,pure-ftpd,chatafl_opt,1,l_abs,1421
1772660314,pure-ftpd,chatafl_opt,1,b_per,15.2
1772660314,pure-ftpd,chatafl_opt,1,b_abs,715
1772660315,pure-ftpd,chatafl_opt,1,l_per,21.9
1772660315,pure-ftpd,chatafl_opt,1,l_abs,1421
1772660315,pure-ftpd,chatafl_opt,1,b_per,15.2
1772660315,pure-ftpd,chatafl_opt,1,b_abs,715
1772660315,pure-ftpd,chatafl_opt,1,l_per,22.0
1772660315,pure-ftpd,chatafl_opt,1,l_abs,1426
1772660315,pure-ftpd,chatafl_opt,1,b_per,15.3
1772660315,pure-ftpd,chatafl_opt,1,b_abs,718
1772660316,pure-ftpd,chatafl_opt,1,l_per,22.0
1772660316,pure-ftpd,chatafl_opt,1,l_abs,1426
1772660316,pure-ftpd,chatafl_opt,1,b_per,15.3
1772660316,pure-ftpd,chatafl_opt,1,b_abs,718
1772660316,pure-ftpd,chatafl_opt,1,l_per,22.0
1772660316,pure-ftpd,chatafl_opt,1,l_abs,1426
1772660316,pure-ftpd,chatafl_opt,1,b_per,15.3
1772660316,pure-ftpd,chatafl_opt,1,b_abs,718
1772660317,pure-ftpd,chatafl_opt,1,l_per,22.0
1772660317,pure-ftpd,chatafl_opt,1,l_abs,1426
1772660317,pure-ftpd,chatafl_opt,1,b_per,15.3
1772660317,pure-ftpd,chatafl_opt,1,b_abs,718
1772660317,pure-ftpd,chatafl_opt,1,l_per,22.0
1772660317,pure-ftpd,chatafl_opt,1,l_abs,1426
1772660317,pure-ftpd,chatafl_opt,1,b_per,15.3
1772660317,pure-ftpd,chatafl_opt,1,b_abs,718
1772660318,pure-ftpd,chatafl_opt,1,l_per,22.0
1772660318,pure-ftpd,chatafl_opt,1,l_abs,1426
1772660318,pure-ftpd,chatafl_opt,1,b_per,15.3
1772660318,pure-ftpd,chatafl_opt,1,b_abs,718
1772660318,pure-ftpd,chatafl_opt,1,l_per,22.0
1772660318,pure-ftpd,chatafl_opt,1,l_abs,1426
1772660318,pure-ftpd,chatafl_opt,1,b_per,15.3
1772660318,pure-ftpd,chatafl_opt,1,b_abs,718
1772660319,pure-ftpd,chatafl_opt,1,l_per,22.0
1772660319,pure-ftpd,chatafl_opt,1,l_abs,1426
1772660319,pure-ftpd,chatafl_opt,1,b_per,15.3
1772660319,pure-ftpd,chatafl_opt,1,b_abs,718
1772660319,pure-ftpd,chatafl_opt,1,l_per,22.0
1772660319,pure-ftpd,chatafl_opt,1,l_abs,1426
1772660319,pure-ftpd,chatafl_opt,1,b_per,15.3
1772660319,pure-ftpd,chatafl_opt,1,b_abs,718
1772660319,pure-ftpd,chatafl_opt,1,l_per,22.0
1772660319,pure-ftpd,chatafl_opt,1,l_abs,1426
1772660319,pure-ftpd,chatafl_opt,1,b_per,15.3
1772660319,pure-ftpd,chatafl_opt,1,b_abs,718
1772660320,pure-ftpd,chatafl_opt,1,l_per,22.0
1772660320,pure-ftpd,chatafl_opt,1,l_abs,1426
1772660320,pure-ftpd,chatafl_opt,1,b_per,15.3
1772660320,pure-ftpd,chatafl_opt,1,b_abs,718
1772660320,pure-ftpd,chatafl_opt,1,l_per,22.0
1772660320,pure-ftpd,chatafl_opt,1,l_abs,1426
1772660320,pure-ftpd,chatafl_opt,1,b_per,15.3
1772660320,pure-ftpd,chatafl_opt,1,b_abs,718
1772660321,pure-ftpd,chatafl_opt,1,l_per,22.0
1772660321,pure-ftpd,chatafl_opt,1,l_abs,1426
1772660321,pure-ftpd,chatafl_opt,1,b_per,15.3
1772660321,pure-ftpd,chatafl_opt,1,b_abs,718
1772660323,pure-ftpd,chatafl_opt,1,l_per,22.0
1772660323,pure-ftpd,chatafl_opt,1,l_abs,1426
1772660323,pure-ftpd,chatafl_opt,1,b_per,15.3
1772660323,pure-ftpd,chatafl_opt,1,b_abs,718
1772660323,pure-ftpd,chatafl_opt,1,l_per,22.0
1772660323,pure-ftpd,chatafl_opt,1,l_abs,1426
1772660323,pure-ftpd,chatafl_opt,1,b_per,15.3
1772660323,pure-ftpd,chatafl_opt,1,b_abs,718
1772660324,pure-ftpd,chatafl_opt,1,l_per,22.0
1772660324,pure-ftpd,chatafl_opt,1,l_abs,1426
1772660324,pure-ftpd,chatafl_opt,1,b_per,15.3
1772660324,pure-ftpd,chatafl_opt,1,b_abs,718
1772660324,pure-ftpd,chatafl_opt,1,l_per,22.0
1772660324,pure-ftpd,chatafl_opt,1,l_abs,1426
1772660324,pure-ftpd,chatafl_opt,1,b_per,15.3
1772660324,pure-ftpd,chatafl_opt,1,b_abs,718
1772660325,pure-ftpd,chatafl_opt,1,l_per,22.0
1772660325,pure-ftpd,chatafl_opt,1,l_abs,1426
1772660325,pure-ftpd,chatafl_opt,1,b_per,15.3
1772660325,pure-ftpd,chatafl_opt,1,b_abs,718
1772660325,pure-ftpd,chatafl_opt,1,l_per,22.0
1772660325,pure-ftpd,chatafl_opt,1,l_abs,1426
1772660325,pure-ftpd,chatafl_opt,1,b_per,15.3
1772660325,pure-ftpd,chatafl_opt,1,b_abs,718
1772660325,pure-ftpd,chatafl_opt,1,l_per,22.0
1772660325,pure-ftpd,chatafl_opt,1,l_abs,1426
1772660325,pure-ftpd,chatafl_opt,1,b_per,15.3
1772660325,pure-ftpd,chatafl_opt,1,b_abs,718
1772660326,pure-ftpd,chatafl_opt,1,l_per,22.0
1772660326,pure-ftpd,chatafl_opt,1,l_abs,1426
1772660326,pure-ftpd,chatafl_opt,1,b_per,15.3
1772660326,pure-ftpd,chatafl_opt,1,b_abs,718
1772660326,pure-ftpd,chatafl_opt,1,l_per,22.0
1772660326,pure-ftpd,chatafl_opt,1,l_abs,1426
1772660326,pure-ftpd,chatafl_opt,1,b_per,15.3
1772660326,pure-ftpd,chatafl_opt,1,b_abs,718
1772660327,pure-ftpd,chatafl_opt,1,l_per,22.0
1772660327,pure-ftpd,chatafl_opt,1,l_abs,1426
1772660327,pure-ftpd,chatafl_opt,1,b_per,15.3
1772660327,pure-ftpd,chatafl_opt,1,b_abs,718
1772660327,pure-ftpd,chatafl_opt,1,l_per,22.0
1772660327,pure-ftpd,chatafl_opt,1,l_abs,1426
1772660327,pure-ftpd,chatafl_opt,1,b_per,15.3
1772660327,pure-ftpd,chatafl_opt,1,b_abs,718
1772660328,pure-ftpd,chatafl_opt,1,l_per,22.0
1772660328,pure-ftpd,chatafl_opt,1,l_abs,1426
1772660328,pure-ftpd,chatafl_opt,1,b_per,15.3
1772660328,pure-ftpd,chatafl_opt,1,b_abs,718
1772660328,pure-ftpd,chatafl_opt,1,l_per,22.0
1772660328,pure-ftpd,chatafl_opt,1,l_abs,1426
1772660328,pure-ftpd,chatafl_opt,1,b_per,15.3
1772660328,pure-ftpd,chatafl_opt,1,b_abs,718
1772660329,pure-ftpd,chatafl_opt,1,l_per,22.0
1772660329,pure-ftpd,chatafl_opt,1,l_abs,1426
1772660329,pure-ftpd,chatafl_opt,1,b_per,15.3
1772660329,pure-ftpd,chatafl_opt,1,b_abs,718
1772660330,pure-ftpd,chatafl_opt,1,l_per,22.0
1772660330,pure-ftpd,chatafl_opt,1,l_abs,1426
1772660330,pure-ftpd,chatafl_opt,1,b_per,15.3
1772660330,pure-ftpd,chatafl_opt,1,b_abs,718
1772660330,pure-ftpd,chatafl_opt,1,l_per,22.0
1772660330,pure-ftpd,chatafl_opt,1,l_abs,1426
1772660330,pure-ftpd,chatafl_opt,1,b_per,15.3
1772660330,pure-ftpd,chatafl_opt,1,b_abs,718
1772660332,pure-ftpd,chatafl_opt,1,l_per,22.0
1772660332,pure-ftpd,chatafl_opt,1,l_abs,1426
1772660332,pure-ftpd,chatafl_opt,1,b_per,15.3
1772660332,pure-ftpd,chatafl_opt,1,b_abs,718
1772660333,pure-ftpd,chatafl_opt,1,l_per,22.0
1772660333,pure-ftpd,chatafl_opt,1,l_abs,1426
1772660333,pure-ftpd,chatafl_opt,1,b_per,15.3
1772660333,pure-ftpd,chatafl_opt,1,b_abs,718
1772660333,pure-ftpd,chatafl_opt,1,l_per,22.0
1772660333,pure-ftpd,chatafl_opt,1,l_abs,1426
1772660333,pure-ftpd,chatafl_opt,1,b_per,15.3
1772660333,pure-ftpd,chatafl_opt,1,b_abs,718
1772660333,pure-ftpd,chatafl_opt,1,l_per,22.0
1772660333,pure-ftpd,chatafl_opt,1,l_abs,1426
1772660333,pure-ftpd,chatafl_opt,1,b_per,15.3
1772660333,pure-ftpd,chatafl_opt,1,b_abs,718
1772660334,pure-ftpd,chatafl_opt,1,l_per,22.0
1772660334,pure-ftpd,chatafl_opt,1,l_abs,1426
1772660334,pure-ftpd,chatafl_opt,1,b_per,15.3
1772660334,pure-ftpd,chatafl_opt,1,b_abs,718
1772660252,pure-ftpd,chatafl_opt,1,l_per,22.0
1772660252,pure-ftpd,chatafl_opt,1,l_abs,1426
1772660252,pure-ftpd,chatafl_opt,1,b_per,15.3
1772660252,pure-ftpd,chatafl_opt,1,b_abs,719
1772660274,pure-ftpd,chatafl_opt,1,l_per,22.0
1772660274,pure-ftpd,chatafl_opt,1,l_abs,1426
1772660274,pure-ftpd,chatafl_opt,1,b_per,15.3
1772660274,pure-ftpd,chatafl_opt,1,b_abs,719
1772660301,pure-ftpd,chatafl_opt,1,l_per,22.0
1772660301,pure-ftpd,chatafl_opt,1,l_abs,1426
1772660301,pure-ftpd,chatafl_opt,1,b_per,15.3
1772660301,pure-ftpd,chatafl_opt,1,b_abs,719
1772660319,pure-ftpd,chatafl_opt,1,l_per,22.0
1772660319,pure-ftpd,chatafl_opt,1,l_abs,1426
1772660319,pure-ftpd,chatafl_opt,1,b_per,15.3
1772660319,pure-ftpd,chatafl_opt,1,b_abs,719
1772660370,pure-ftpd,chatafl_opt,1,l_per,22.3
1772660370,pure-ftpd,chatafl_opt,1,l_abs,1447
1772660370,pure-ftpd,chatafl_opt,1,b_per,15.7
1772660370,pure-ftpd,chatafl_opt,1,b_abs,737
1772660535,pure-ftpd,chatafl_opt,1,l_per,22.3
1772660535,pure-ftpd,chatafl_opt,1,l_abs,1449
1772660535,pure-ftpd,chatafl_opt,1,b_per,15.7
1772660535,pure-ftpd,chatafl_opt,1,b_abs,739
1772660755,pure-ftpd,chatafl_opt,1,l_per,22.5
1772660755,pure-ftpd,chatafl_opt,1,l_abs,1459
1772660755,pure-ftpd,chatafl_opt,1,b_per,15.9
1772660755,pure-ftpd,chatafl_opt,1,b_abs,747
1772660913,pure-ftpd,chatafl_opt,1,l_per,23.0
1772660913,pure-ftpd,chatafl_opt,1,l_abs,1491
1772660913,pure-ftpd,chatafl_opt,1,b_per,16.4
1772660913,pure-ftpd,chatafl_opt,1,b_abs,772
1772661105,pure-ftpd,chatafl_opt,1,l_per,23.5
1772661105,pure-ftpd,chatafl_opt,1,l_abs,1528
1772661105,pure-ftpd,chatafl_opt,1,b_per,17.0
1772661105,pure-ftpd,chatafl_opt,1,b_abs,801
1772661396,pure-ftpd,chatafl_opt,1,l_per,23.7
1772661396,pure-ftpd,chatafl_opt,1,l_abs,1536
1772661396,pure-ftpd,chatafl_opt,1,b_per,17.2
1772661396,pure-ftpd,chatafl_opt,1,b_abs,808
1772661640,pure-ftpd,chatafl_opt,1,l_per,25.6
1772661640,pure-ftpd,chatafl_opt,1,l_abs,1665
1772661640,pure-ftpd,chatafl_opt,1,b_per,18.7
1772661640,pure-ftpd,chatafl_opt,1,b_abs,879
1772662146,pure-ftpd,chatafl_opt,1,l_per,25.8
1772662146,pure-ftpd,chatafl_opt,1,l_abs,1673
1772662146,pure-ftpd,chatafl_opt,1,b_per,18.8
1772662146,pure-ftpd,chatafl_opt,1,b_abs,885
1772662675,pure-ftpd,chatafl_opt,1,l_per,25.9
1772662675,pure-ftpd,chatafl_opt,1,l_abs,1684
1772662675,pure-ftpd,chatafl_opt,1,b_per,19.0
1772662675,pure-ftpd,chatafl_opt,1,b_abs,895
1772663282,pure-ftpd,chatafl_opt,1,l_per,26.2
1772663282,pure-ftpd,chatafl_opt,1,l_abs,1703
1772663282,pure-ftpd,chatafl_opt,1,b_per,19.3
1772663282,pure-ftpd,chatafl_opt,1,b_abs,908
1772664135,pure-ftpd,chatafl_opt,1,l_per,26.2
1772664135,pure-ftpd,chatafl_opt,1,l_abs,1703
1772664135,pure-ftpd,chatafl_opt,1,b_per,19.3
1772664135,pure-ftpd,chatafl_opt,1,b_abs,910
1772665199,pure-ftpd,chatafl_opt,1,l_per,26.6
1772665199,pure-ftpd,chatafl_opt,1,l_abs,1728
1772665199,pure-ftpd,chatafl_opt,1,b_per,19.7
1772665199,pure-ftpd,chatafl_opt,1,b_abs,929
1772666450,pure-ftpd,chatafl_opt,1,l_per,27.8
1772666450,pure-ftpd,chatafl_opt,1,l_abs,1804
1772666450,pure-ftpd,chatafl_opt,1,b_per,21.0
1772666450,pure-ftpd,chatafl_opt,1,b_abs,988
1772667339,pure-ftpd,chatafl_opt,1,l_per,27.8
1772667339,pure-ftpd,chatafl_opt,1,l_abs,1807
1772667339,pure-ftpd,chatafl_opt,1,b_per,21.1
1772667339,pure-ftpd,chatafl_opt,1,b_abs,991
1772668370,pure-ftpd,chatafl_opt,1,l_per,28.0
1772668370,pure-ftpd,chatafl_opt,1,l_abs,1818
1772668370,pure-ftpd,chatafl_opt,1,b_per,21.3
1772668370,pure-ftpd,chatafl_opt,1,b_abs,1002
1772670221,pure-ftpd,chatafl_opt,1,l_per,30.3
1772670221,pure-ftpd,chatafl_opt,1,l_abs,1969
1772670221,pure-ftpd,chatafl_opt,1,b_per,23.2
1772670221,pure-ftpd,chatafl_opt,1,b_abs,1090
1772672587,pure-ftpd,chatafl_opt,1,l_per,30.4
1772672587,pure-ftpd,chatafl_opt,1,l_abs,1972
1772672587,pure-ftpd,chatafl_opt,1,b_per,23.2
1772672587,pure-ftpd,chatafl_opt,1,b_abs,1093
1772660196,pure-ftpd,chatafl_opt,2,l_per,15.9
1772660196,pure-ftpd,chatafl_opt,2,l_abs,1034
1772660196,pure-ftpd,chatafl_opt,2,b_per,10.3
1772660196,pure-ftpd,chatafl_opt,2,b_abs,483
1772660196,pure-ftpd,chatafl_opt,2,l_per,17.1
1772660196,pure-ftpd,chatafl_opt,2,l_abs,1109
1772660196,pure-ftpd,chatafl_opt,2,b_per,11.4
1772660196,pure-ftpd,chatafl_opt,2,b_abs,536
1772660197,pure-ftpd,chatafl_opt,2,l_per,19.4
1772660197,pure-ftpd,chatafl_opt,2,l_abs,1261
1772660197,pure-ftpd,chatafl_opt,2,b_per,13.1
1772660197,pure-ftpd,chatafl_opt,2,b_abs,617
1772660197,pure-ftpd,chatafl_opt,2,l_per,19.8
1772660197,pure-ftpd,chatafl_opt,2,l_abs,1288
1772660197,pure-ftpd,chatafl_opt,2,b_per,13.5
1772660197,pure-ftpd,chatafl_opt,2,b_abs,634
1772660198,pure-ftpd,chatafl_opt,2,l_per,19.9
1772660198,pure-ftpd,chatafl_opt,2,l_abs,1289
1772660198,pure-ftpd,chatafl_opt,2,b_per,13.5
1772660198,pure-ftpd,chatafl_opt,2,b_abs,635
1772660198,pure-ftpd,chatafl_opt,2,l_per,19.9
1772660198,pure-ftpd,chatafl_opt,2,l_abs,1290
1772660198,pure-ftpd,chatafl_opt,2,b_per,13.5
1772660198,pure-ftpd,chatafl_opt,2,b_abs,636
1772660198,pure-ftpd,chatafl_opt,2,l_per,19.9
1772660198,pure-ftpd,chatafl_opt,2,l_abs,1294
1772660198,pure-ftpd,chatafl_opt,2,b_per,13.6
1772660198,pure-ftpd,chatafl_opt,2,b_abs,641
1772660199,pure-ftpd,chatafl_opt,2,l_per,19.9
1772660199,pure-ftpd,chatafl_opt,2,l_abs,1294
1772660199,pure-ftpd,chatafl_opt,2,b_per,13.6
1772660199,pure-ftpd,chatafl_opt,2,b_abs,641
1772660200,pure-ftpd,chatafl_opt,2,l_per,20.3
1772660200,pure-ftpd,chatafl_opt,2,l_abs,1317
1772660200,pure-ftpd,chatafl_opt,2,b_per,14.0
1772660200,pure-ftpd,chatafl_opt,2,b_abs,657
1772660200,pure-ftpd,chatafl_opt,2,l_per,20.3
1772660200,pure-ftpd,chatafl_opt,2,l_abs,1317
1772660200,pure-ftpd,chatafl_opt,2,b_per,14.0
1772660200,pure-ftpd,chatafl_opt,2,b_abs,658
1772660200,pure-ftpd,chatafl_opt,2,l_per,20.5
1772660200,pure-ftpd,chatafl_opt,2,l_abs,1330
1772660200,pure-ftpd,chatafl_opt,2,b_per,14.2
1772660200,pure-ftpd,chatafl_opt,2,b_abs,669
1772660202,pure-ftpd,chatafl_opt,2,l_per,20.5
1772660202,pure-ftpd,chatafl_opt,2,l_abs,1330
1772660202,pure-ftpd,chatafl_opt,2,b_per,14.2
1772660202,pure-ftpd,chatafl_opt,2,b_abs,669
1772660202,pure-ftpd,chatafl_opt,2,l_per,20.7
1772660202,pure-ftpd,chatafl_opt,2,l_abs,1341
1772660202,pure-ftpd,chatafl_opt,2,b_per,14.4
1772660202,pure-ftpd,chatafl_opt,2,b_abs,677
1772660203,pure-ftpd,chatafl_opt,2,l_per,20.7
1772660203,pure-ftpd,chatafl_opt,2,l_abs,1341
1772660203,pure-ftpd,chatafl_opt,2,b_per,14.4
1772660203,pure-ftpd,chatafl_opt,2,b_abs,677
1772660204,pure-ftpd,chatafl_opt,2,l_per,21.0
1772660204,pure-ftpd,chatafl_opt,2,l_abs,1360
1772660204,pure-ftpd,chatafl_opt,2,b_per,14.6
1772660204,pure-ftpd,chatafl_opt,2,b_abs,685
1772660204,pure-ftpd,chatafl_opt,2,l_per,21.0
1772660204,pure-ftpd,chatafl_opt,2,l_abs,1362
1772660204,pure-ftpd,chatafl_opt,2,b_per,14.6
1772660204,pure-ftpd,chatafl_opt,2,b_abs,686
1772660205,pure-ftpd,chatafl_opt,2,l_per,21.1
1772660205,pure-ftpd,chatafl_opt,2,l_abs,1370
1772660205,pure-ftpd,chatafl_opt,2,b_per,14.6
1772660205,pure-ftpd,chatafl_opt,2,b_abs,688
1772660205,pure-ftpd,chatafl_opt,2,l_per,21.1
1772660205,pure-ftpd,chatafl_opt,2,l_abs,1371
1772660205,pure-ftpd,chatafl_opt,2,b_per,14.6
1772660205,pure-ftpd,chatafl_opt,2,b_abs,689
1772660206,pure-ftpd,chatafl_opt,2,l_per,21.1
1772660206,pure-ftpd,chatafl_opt,2,l_abs,1371
1772660206,pure-ftpd,chatafl_opt,2,b_per,14.6
1772660206,pure-ftpd,chatafl_opt,2,b_abs,689
1772660206,pure-ftpd,chatafl_opt,2,l_per,21.1
1772660206,pure-ftpd,chatafl_opt,2,l_abs,1371
1772660206,pure-ftpd,chatafl_opt,2,b_per,14.6
1772660206,pure-ftpd,chatafl_opt,2,b_abs,689
1772660206,pure-ftpd,chatafl_opt,2,l_per,21.1
1772660206,pure-ftpd,chatafl_opt,2,l_abs,1371
1772660206,pure-ftpd,chatafl_opt,2,b_per,14.6
1772660206,pure-ftpd,chatafl_opt,2,b_abs,689
1772660207,pure-ftpd,chatafl_opt,2,l_per,23.0
1772660207,pure-ftpd,chatafl_opt,2,l_abs,1494
1772660207,pure-ftpd,chatafl_opt,2,b_per,16.0
1772660207,pure-ftpd,chatafl_opt,2,b_abs,754
1772660207,pure-ftpd,chatafl_opt,2,l_per,23.2
1772660207,pure-ftpd,chatafl_opt,2,l_abs,1509
1772660207,pure-ftpd,chatafl_opt,2,b_per,16.1
1772660207,pure-ftpd,chatafl_opt,2,b_abs,756
1772660208,pure-ftpd,chatafl_opt,2,l_per,23.2
1772660208,pure-ftpd,chatafl_opt,2,l_abs,1509
1772660208,pure-ftpd,chatafl_opt,2,b_per,16.1
1772660208,pure-ftpd,chatafl_opt,2,b_abs,756
1772660209,pure-ftpd,chatafl_opt,2,l_per,23.2
1772660209,pure-ftpd,chatafl_opt,2,l_abs,1509
1772660209,pure-ftpd,chatafl_opt,2,b_per,16.1
1772660209,pure-ftpd,chatafl_opt,2,b_abs,756
1772660210,pure-ftpd,chatafl_opt,2,l_per,23.2
1772660210,pure-ftpd,chatafl_opt,2,l_abs,1509
1772660210,pure-ftpd,chatafl_opt,2,b_per,16.1
1772660210,pure-ftpd,chatafl_opt,2,b_abs,756
1772660210,pure-ftpd,chatafl_opt,2,l_per,23.2
1772660210,pure-ftpd,chatafl_opt,2,l_abs,1509
1772660210,pure-ftpd,chatafl_opt,2,b_per,16.1
1772660210,pure-ftpd,chatafl_opt,2,b_abs,756
1772660211,pure-ftpd,chatafl_opt,2,l_per,23.2
1772660211,pure-ftpd,chatafl_opt,2,l_abs,1509
1772660211,pure-ftpd,chatafl_opt,2,b_per,16.1
1772660211,pure-ftpd,chatafl_opt,2,b_abs,756
1772660211,pure-ftpd,chatafl_opt,2,l_per,23.2
1772660211,pure-ftpd,chatafl_opt,2,l_abs,1509
1772660211,pure-ftpd,chatafl_opt,2,b_per,16.1
1772660211,pure-ftpd,chatafl_opt,2,b_abs,756
1772660212,pure-ftpd,chatafl_opt,2,l_per,23.5
1772660212,pure-ftpd,chatafl_opt,2,l_abs,1529
1772660212,pure-ftpd,chatafl_opt,2,b_per,16.4
1772660212,pure-ftpd,chatafl_opt,2,b_abs,772
1772660213,pure-ftpd,chatafl_opt,2,l_per,23.5
1772660213,pure-ftpd,chatafl_opt,2,l_abs,1529
1772660213,pure-ftpd,chatafl_opt,2,b_per,16.4
1772660213,pure-ftpd,chatafl_opt,2,b_abs,772
1772660213,pure-ftpd,chatafl_opt,2,l_per,23.5
1772660213,pure-ftpd,chatafl_opt,2,l_abs,1529
1772660213,pure-ftpd,chatafl_opt,2,b_per,16.4
1772660213,pure-ftpd,chatafl_opt,2,b_abs,772
1772660214,pure-ftpd,chatafl_opt,2,l_per,23.6
1772660214,pure-ftpd,chatafl_opt,2,l_abs,1534
1772660214,pure-ftpd,chatafl_opt,2,b_per,16.5
1772660214,pure-ftpd,chatafl_opt,2,b_abs,775
1772660215,pure-ftpd,chatafl_opt,2,l_per,23.6
1772660215,pure-ftpd,chatafl_opt,2,l_abs,1534
1772660215,pure-ftpd,chatafl_opt,2,b_per,16.5
1772660215,pure-ftpd,chatafl_opt,2,b_abs,776
1772660216,pure-ftpd,chatafl_opt,2,l_per,23.9
1772660216,pure-ftpd,chatafl_opt,2,l_abs,1552
1772660216,pure-ftpd,chatafl_opt,2,b_per,16.6
1772660216,pure-ftpd,chatafl_opt,2,b_abs,781
1772660216,pure-ftpd,chatafl_opt,2,l_per,23.9
1772660216,pure-ftpd,chatafl_opt,2,l_abs,1552
1772660216,pure-ftpd,chatafl_opt,2,b_per,16.6
1772660216,pure-ftpd,chatafl_opt,2,b_abs,781
1772660216,pure-ftpd,chatafl_opt,2,l_per,23.9
1772660216,pure-ftpd,chatafl_opt,2,l_abs,1553
1772660216,pure-ftpd,chatafl_opt,2,b_per,16.6
1772660216,pure-ftpd,chatafl_opt,2,b_abs,783
1772660217,pure-ftpd,chatafl_opt,2,l_per,23.9
1772660217,pure-ftpd,chatafl_opt,2,l_abs,1553
1772660217,pure-ftpd,chatafl_opt,2,b_per,16.6
1772660217,pure-ftpd,chatafl_opt,2,b_abs,783
1772660217,pure-ftpd,chatafl_opt,2,l_per,24.1
1772660217,pure-ftpd,chatafl_opt,2,l_abs,1567
1772660217,pure-ftpd,chatafl_opt,2,b_per,16.8
1772660217,pure-ftpd,chatafl_opt,2,b_abs,790
1772660218,pure-ftpd,chatafl_opt,2,l_per,24.1
1772660218,pure-ftpd,chatafl_opt,2,l_abs,1567
1772660218,pure-ftpd,chatafl_opt,2,b_per,16.8
1772660218,pure-ftpd,chatafl_opt,2,b_abs,790
1772660218,pure-ftpd,chatafl_opt,2,l_per,24.1
1772660218,pure-ftpd,chatafl_opt,2,l_abs,1567
1772660218,pure-ftpd,chatafl_opt,2,b_per,16.8
1772660218,pure-ftpd,chatafl_opt,2,b_abs,790
1772660219,pure-ftpd,chatafl_opt,2,l_per,24.1
1772660219,pure-ftpd,chatafl_opt,2,l_abs,1567
1772660219,pure-ftpd,chatafl_opt,2,b_per,16.8
1772660219,pure-ftpd,chatafl_opt,2,b_abs,790
1772660220,pure-ftpd,chatafl_opt,2,l_per,24.1
1772660220,pure-ftpd,chatafl_opt,2,l_abs,1567
1772660220,pure-ftpd,chatafl_opt,2,b_per,16.8
1772660220,pure-ftpd,chatafl_opt,2,b_abs,790
1772660220,pure-ftpd,chatafl_opt,2,l_per,24.1
1772660220,pure-ftpd,chatafl_opt,2,l_abs,1567
1772660220,pure-ftpd,chatafl_opt,2,b_per,16.8
1772660220,pure-ftpd,chatafl_opt,2,b_abs,790
1772660221,pure-ftpd,chatafl_opt,2,l_per,24.1
1772660221,pure-ftpd,chatafl_opt,2,l_abs,1567
1772660221,pure-ftpd,chatafl_opt,2,b_per,16.8
1772660221,pure-ftpd,chatafl_opt,2,b_abs,790
1772660221,pure-ftpd,chatafl_opt,2,l_per,24.1
1772660221,pure-ftpd,chatafl_opt,2,l_abs,1567
1772660221,pure-ftpd,chatafl_opt,2,b_per,16.8
1772660221,pure-ftpd,chatafl_opt,2,b_abs,790
1772660222,pure-ftpd,chatafl_opt,2,l_per,24.1
1772660222,pure-ftpd,chatafl_opt,2,l_abs,1568
1772660222,pure-ftpd,chatafl_opt,2,b_per,16.8
1772660222,pure-ftpd,chatafl_opt,2,b_abs,791
1772660222,pure-ftpd,chatafl_opt,2,l_per,24.1
1772660222,pure-ftpd,chatafl_opt,2,l_abs,1568
1772660222,pure-ftpd,chatafl_opt,2,b_per,16.8
1772660222,pure-ftpd,chatafl_opt,2,b_abs,791
1772660222,pure-ftpd,chatafl_opt,2,l_per,24.1
1772660222,pure-ftpd,chatafl_opt,2,l_abs,1568
1772660222,pure-ftpd,chatafl_opt,2,b_per,16.8
1772660222,pure-ftpd,chatafl_opt,2,b_abs,791
1772660223,pure-ftpd,chatafl_opt,2,l_per,24.1
1772660223,pure-ftpd,chatafl_opt,2,l_abs,1568
1772660223,pure-ftpd,chatafl_opt,2,b_per,16.8
1772660223,pure-ftpd,chatafl_opt,2,b_abs,791
1772660224,pure-ftpd,chatafl_opt,2,l_per,24.1
1772660224,pure-ftpd,chatafl_opt,2,l_abs,1568
1772660224,pure-ftpd,chatafl_opt,2,b_per,16.8
1772660224,pure-ftpd,chatafl_opt,2,b_abs,791
1772660224,pure-ftpd,chatafl_opt,2,l_per,24.1
1772660224,pure-ftpd,chatafl_opt,2,l_abs,1568
1772660224,pure-ftpd,chatafl_opt,2,b_per,16.8
1772660224,pure-ftpd,chatafl_opt,2,b_abs,791
1772660225,pure-ftpd,chatafl_opt,2,l_per,24.1
1772660225,pure-ftpd,chatafl_opt,2,l_abs,1568
1772660225,pure-ftpd,chatafl_opt,2,b_per,16.8
1772660225,pure-ftpd,chatafl_opt,2,b_abs,791
1772660225,pure-ftpd,chatafl_opt,2,l_per,24.1
1772660225,pure-ftpd,chatafl_opt,2,l_abs,1568
1772660225,pure-ftpd,chatafl_opt,2,b_per,16.8
1772660225,pure-ftpd,chatafl_opt,2,b_abs,791
1772660226,pure-ftpd,chatafl_opt,2,l_per,24.1
1772660226,pure-ftpd,chatafl_opt,2,l_abs,1568
1772660226,pure-ftpd,chatafl_opt,2,b_per,16.8
1772660226,pure-ftpd,chatafl_opt,2,b_abs,791
1772660227,pure-ftpd,chatafl_opt,2,l_per,24.1
1772660227,pure-ftpd,chatafl_opt,2,l_abs,1568
1772660227,pure-ftpd,chatafl_opt,2,b_per,16.8
1772660227,pure-ftpd,chatafl_opt,2,b_abs,791
1772660227,pure-ftpd,chatafl_opt,2,l_per,24.1
1772660227,pure-ftpd,chatafl_opt,2,l_abs,1568
1772660227,pure-ftpd,chatafl_opt,2,b_per,16.8
1772660227,pure-ftpd,chatafl_opt,2,b_abs,791
1772660228,pure-ftpd,chatafl_opt,2,l_per,24.1
1772660228,pure-ftpd,chatafl_opt,2,l_abs,1568
1772660228,pure-ftpd,chatafl_opt,2,b_per,16.8
1772660228,pure-ftpd,chatafl_opt,2,b_abs,791
1772660228,pure-ftpd,chatafl_opt,2,l_per,24.1
1772660228,pure-ftpd,chatafl_opt,2,l_abs,1568
1772660228,pure-ftpd,chatafl_opt,2,b_per,16.8
1772660228,pure-ftpd,chatafl_opt,2,b_abs,791
1772660228,pure-ftpd,chatafl_opt,2,l_per,24.1
1772660228,pure-ftpd,chatafl_opt,2,l_abs,1568
1772660228,pure-ftpd,chatafl_opt,2,b_per,16.8
1772660228,pure-ftpd,chatafl_opt,2,b_abs,791
1772660229,pure-ftpd,chatafl_opt,2,l_per,24.1
1772660229,pure-ftpd,chatafl_opt,2,l_abs,1568
1772660229,pure-ftpd,chatafl_opt,2,b_per,16.8
1772660229,pure-ftpd,chatafl_opt,2,b_abs,791
1772660229,pure-ftpd,chatafl_opt,2,l_per,24.2
1772660229,pure-ftpd,chatafl_opt,2,l_abs,1572
1772660229,pure-ftpd,chatafl_opt,2,b_per,16.9
1772660229,pure-ftpd,chatafl_opt,2,b_abs,796
1772660230,pure-ftpd,chatafl_opt,2,l_per,24.2
1772660230,pure-ftpd,chatafl_opt,2,l_abs,1572
1772660230,pure-ftpd,chatafl_opt,2,b_per,16.9
1772660230,pure-ftpd,chatafl_opt,2,b_abs,796
1772660231,pure-ftpd,chatafl_opt,2,l_per,24.2
1772660231,pure-ftpd,chatafl_opt,2,l_abs,1572
1772660231,pure-ftpd,chatafl_opt,2,b_per,16.9
1772660231,pure-ftpd,chatafl_opt,2,b_abs,796
1772660231,pure-ftpd,chatafl_opt,2,l_per,24.2
1772660231,pure-ftpd,chatafl_opt,2,l_abs,1574
1772660231,pure-ftpd,chatafl_opt,2,b_per,17.0
1772660231,pure-ftpd,chatafl_opt,2,b_abs,800
1772660232,pure-ftpd,chatafl_opt,2,l_per,24.2
1772660232,pure-ftpd,chatafl_opt,2,l_abs,1574
1772660232,pure-ftpd,chatafl_opt,2,b_per,17.0
1772660232,pure-ftpd,chatafl_opt,2,b_abs,800
1772660233,pure-ftpd,chatafl_opt,2,l_per,24.2
1772660233,pure-ftpd,chatafl_opt,2,l_abs,1574
1772660233,pure-ftpd,chatafl_opt,2,b_per,17.0
1772660233,pure-ftpd,chatafl_opt,2,b_abs,800
1772660233,pure-ftpd,chatafl_opt,2,l_per,24.2
1772660233,pure-ftpd,chatafl_opt,2,l_abs,1574
1772660233,pure-ftpd,chatafl_opt,2,b_per,17.0
1772660233,pure-ftpd,chatafl_opt,2,b_abs,800
1772660233,pure-ftpd,chatafl_opt,2,l_per,24.2
1772660233,pure-ftpd,chatafl_opt,2,l_abs,1574
1772660233,pure-ftpd,chatafl_opt,2,b_per,17.0
1772660233,pure-ftpd,chatafl_opt,2,b_abs,800
1772660234,pure-ftpd,chatafl_opt,2,l_per,24.2
1772660234,pure-ftpd,chatafl_opt,2,l_abs,1574
1772660234,pure-ftpd,chatafl_opt,2,b_per,17.0
1772660234,pure-ftpd,chatafl_opt,2,b_abs,800
1772660235,pure-ftpd,chatafl_opt,2,l_per,24.2
1772660235,pure-ftpd,chatafl_opt,2,l_abs,1574
1772660235,pure-ftpd,chatafl_opt,2,b_per,17.0
1772660235,pure-ftpd,chatafl_opt,2,b_abs,800
1772660235,pure-ftpd,chatafl_opt,2,l_per,24.3
1772660235,pure-ftpd,chatafl_opt,2,l_abs,1579
1772660235,pure-ftpd,chatafl_opt,2,b_per,17.1
1772660235,pure-ftpd,chatafl_opt,2,b_abs,805
1772660235,pure-ftpd,chatafl_opt,2,l_per,24.3
1772660235,pure-ftpd,chatafl_opt,2,l_abs,1579
1772660235,pure-ftpd,chatafl_opt,2,b_per,17.1
1772660235,pure-ftpd,chatafl_opt,2,b_abs,805
1772660236,pure-ftpd,chatafl_opt,2,l_per,24.3
1772660236,pure-ftpd,chatafl_opt,2,l_abs,1579
1772660236,pure-ftpd,chatafl_opt,2,b_per,17.1
1772660236,pure-ftpd,chatafl_opt,2,b_abs,805
1772660236,pure-ftpd,chatafl_opt,2,l_per,24.3
1772660236,pure-ftpd,chatafl_opt,2,l_abs,1579
1772660236,pure-ftpd,chatafl_opt,2,b_per,17.1
1772660236,pure-ftpd,chatafl_opt,2,b_abs,805
1772660237,pure-ftpd,chatafl_opt,2,l_per,24.3
1772660237,pure-ftpd,chatafl_opt,2,l_abs,1579
1772660237,pure-ftpd,chatafl_opt,2,b_per,17.1
1772660237,pure-ftpd,chatafl_opt,2,b_abs,805
1772660238,pure-ftpd,chatafl_opt,2,l_per,24.3
1772660238,pure-ftpd,chatafl_opt,2,l_abs,1579
1772660238,pure-ftpd,chatafl_opt,2,b_per,17.1
1772660238,pure-ftpd,chatafl_opt,2,b_abs,805
1772660238,pure-ftpd,chatafl_opt,2,l_per,24.3
1772660238,pure-ftpd,chatafl_opt,2,l_abs,1579
1772660238,pure-ftpd,chatafl_opt,2,b_per,17.1
1772660238,pure-ftpd,chatafl_opt,2,b_abs,805
1772660239,pure-ftpd,chatafl_opt,2,l_per,24.3
1772660239,pure-ftpd,chatafl_opt,2,l_abs,1579
1772660239,pure-ftpd,chatafl_opt,2,b_per,17.1
1772660239,pure-ftpd,chatafl_opt,2,b_abs,805
1772660239,pure-ftpd,chatafl_opt,2,l_per,24.3
1772660239,pure-ftpd,chatafl_opt,2,l_abs,1579
1772660239,pure-ftpd,chatafl_opt,2,b_per,17.1
1772660239,pure-ftpd,chatafl_opt,2,b_abs,805
1772660240,pure-ftpd,chatafl_opt,2,l_per,24.3
1772660240,pure-ftpd,chatafl_opt,2,l_abs,1579
1772660240,pure-ftpd,chatafl_opt,2,b_per,17.1
1772660240,pure-ftpd,chatafl_opt,2,b_abs,805
1772660241,pure-ftpd,chatafl_opt,2,l_per,24.3
1772660241,pure-ftpd,chatafl_opt,2,l_abs,1579
1772660241,pure-ftpd,chatafl_opt,2,b_per,17.1
1772660241,pure-ftpd,chatafl_opt,2,b_abs,805
1772660241,pure-ftpd,chatafl_opt,2,l_per,24.3
1772660241,pure-ftpd,chatafl_opt,2,l_abs,1579
1772660241,pure-ftpd,chatafl_opt,2,b_per,17.1
1772660241,pure-ftpd,chatafl_opt,2,b_abs,806
1772660242,pure-ftpd,chatafl_opt,2,l_per,24.3
1772660242,pure-ftpd,chatafl_opt,2,l_abs,1579
1772660242,pure-ftpd,chatafl_opt,2,b_per,17.1
1772660242,pure-ftpd,chatafl_opt,2,b_abs,806
1772660243,pure-ftpd,chatafl_opt,2,l_per,24.3
1772660243,pure-ftpd,chatafl_opt,2,l_abs,1579
1772660243,pure-ftpd,chatafl_opt,2,b_per,17.1
1772660243,pure-ftpd,chatafl_opt,2,b_abs,806
1772660243,pure-ftpd,chatafl_opt,2,l_per,24.3
1772660243,pure-ftpd,chatafl_opt,2,l_abs,1579
1772660243,pure-ftpd,chatafl_opt,2,b_per,17.1
1772660243,pure-ftpd,chatafl_opt,2,b_abs,806
1772660244,pure-ftpd,chatafl_opt,2,l_per,24.3
1772660244,pure-ftpd,chatafl_opt,2,l_abs,1579
1772660244,pure-ftpd,chatafl_opt,2,b_per,17.1
1772660244,pure-ftpd,chatafl_opt,2,b_abs,806
1772660244,pure-ftpd,chatafl_opt,2,l_per,24.3
1772660244,pure-ftpd,chatafl_opt,2,l_abs,1579
1772660244,pure-ftpd,chatafl_opt,2,b_per,17.2
1772660244,pure-ftpd,chatafl_opt,2,b_abs,807
1772660245,pure-ftpd,chatafl_opt,2,l_per,24.3
1772660245,pure-ftpd,chatafl_opt,2,l_abs,1579
1772660245,pure-ftpd,chatafl_opt,2,b_per,17.2
1772660245,pure-ftpd,chatafl_opt,2,b_abs,807
1772660245,pure-ftpd,chatafl_opt,2,l_per,24.3
1772660245,pure-ftpd,chatafl_opt,2,l_abs,1579
1772660245,pure-ftpd,chatafl_opt,2,b_per,17.2
1772660245,pure-ftpd,chatafl_opt,2,b_abs,807
1772660246,pure-ftpd,chatafl_opt,2,l_per,24.3
1772660246,pure-ftpd,chatafl_opt,2,l_abs,1580
1772660246,pure-ftpd,chatafl_opt,2,b_per,17.2
1772660246,pure-ftpd,chatafl_opt,2,b_abs,808
1772660246,pure-ftpd,chatafl_opt,2,l_per,24.3
1772660246,pure-ftpd,chatafl_opt,2,l_abs,1580
1772660246,pure-ftpd,chatafl_opt,2,b_per,17.2
1772660246,pure-ftpd,chatafl_opt,2,b_abs,808
1772660247,pure-ftpd,chatafl_opt,2,l_per,24.3
1772660247,pure-ftpd,chatafl_opt,2,l_abs,1580
1772660247,pure-ftpd,chatafl_opt,2,b_per,17.2
1772660247,pure-ftpd,chatafl_opt,2,b_abs,808
1772660247,pure-ftpd,chatafl_opt,2,l_per,24.3
1772660247,pure-ftpd,chatafl_opt,2,l_abs,1580
1772660247,pure-ftpd,chatafl_opt,2,b_per,17.2
1772660247,pure-ftpd,chatafl_opt,2,b_abs,808
1772660248,pure-ftpd,chatafl_opt,2,l_per,24.3
1772660248,pure-ftpd,chatafl_opt,2,l_abs,1580
1772660248,pure-ftpd,chatafl_opt,2,b_per,17.2
1772660248,pure-ftpd,chatafl_opt,2,b_abs,808
1772660249,pure-ftpd,chatafl_opt,2,l_per,24.3
1772660249,pure-ftpd,chatafl_opt,2,l_abs,1580
1772660249,pure-ftpd,chatafl_opt,2,b_per,17.2
1772660249,pure-ftpd,chatafl_opt,2,b_abs,808
1772660250,pure-ftpd,chatafl_opt,2,l_per,24.3
1772660250,pure-ftpd,chatafl_opt,2,l_abs,1580
1772660250,pure-ftpd,chatafl_opt,2,b_per,17.2
1772660250,pure-ftpd,chatafl_opt,2,b_abs,808
1772660250,pure-ftpd,chatafl_opt,2,l_per,24.3
1772660250,pure-ftpd,chatafl_opt,2,l_abs,1580
1772660250,pure-ftpd,chatafl_opt,2,b_per,17.2
1772660250,pure-ftpd,chatafl_opt,2,b_abs,808
1772660251,pure-ftpd,chatafl_opt,2,l_per,24.3
1772660251,pure-ftpd,chatafl_opt,2,l_abs,1580
1772660251,pure-ftpd,chatafl_opt,2,b_per,17.2
1772660251,pure-ftpd,chatafl_opt,2,b_abs,808
1772660251,pure-ftpd,chatafl_opt,2,l_per,24.3
1772660251,pure-ftpd,chatafl_opt,2,l_abs,1580
1772660251,pure-ftpd,chatafl_opt,2,b_per,17.2
1772660251,pure-ftpd,chatafl_opt,2,b_abs,808
1772660252,pure-ftpd,chatafl_opt,2,l_per,24.3
1772660252,pure-ftpd,chatafl_opt,2,l_abs,1580
1772660252,pure-ftpd,chatafl_opt,2,b_per,17.2
1772660252,pure-ftpd,chatafl_opt,2,b_abs,808
1772660252,pure-ftpd,chatafl_opt,2,l_per,24.3
1772660252,pure-ftpd,chatafl_opt,2,l_abs,1580
1772660252,pure-ftpd,chatafl_opt,2,b_per,17.2
1772660252,pure-ftpd,chatafl_opt,2,b_abs,808
1772660253,pure-ftpd,chatafl_opt,2,l_per,24.3
1772660253,pure-ftpd,chatafl_opt,2,l_abs,1580
1772660253,pure-ftpd,chatafl_opt,2,b_per,17.2
1772660253,pure-ftpd,chatafl_opt,2,b_abs,808
1772660253,pure-ftpd,chatafl_opt,2,l_per,24.3
1772660253,pure-ftpd,chatafl_opt,2,l_abs,1580
1772660253,pure-ftpd,chatafl_opt,2,b_per,17.2
1772660253,pure-ftpd,chatafl_opt,2,b_abs,808
1772660254,pure-ftpd,chatafl_opt,2,l_per,24.3
1772660254,pure-ftpd,chatafl_opt,2,l_abs,1580
1772660254,pure-ftpd,chatafl_opt,2,b_per,17.2
1772660254,pure-ftpd,chatafl_opt,2,b_abs,808
1772660254,pure-ftpd,chatafl_opt,2,l_per,24.3
1772660254,pure-ftpd,chatafl_opt,2,l_abs,1580
1772660254,pure-ftpd,chatafl_opt,2,b_per,17.2
1772660254,pure-ftpd,chatafl_opt,2,b_abs,808
1772660255,pure-ftpd,chatafl_opt,2,l_per,24.3
1772660255,pure-ftpd,chatafl_opt,2,l_abs,1580
1772660255,pure-ftpd,chatafl_opt,2,b_per,17.2
1772660255,pure-ftpd,chatafl_opt,2,b_abs,808
1772660255,pure-ftpd,chatafl_opt,2,l_per,24.3
1772660255,pure-ftpd,chatafl_opt,2,l_abs,1580
1772660255,pure-ftpd,chatafl_opt,2,b_per,17.2
1772660255,pure-ftpd,chatafl_opt,2,b_abs,808
1772660256,pure-ftpd,chatafl_opt,2,l_per,24.3
1772660256,pure-ftpd,chatafl_opt,2,l_abs,1580
1772660256,pure-ftpd,chatafl_opt,2,b_per,17.2
1772660256,pure-ftpd,chatafl_opt,2,b_abs,808
1772660256,pure-ftpd,chatafl_opt,2,l_per,24.3
1772660256,pure-ftpd,chatafl_opt,2,l_abs,1580
1772660256,pure-ftpd,chatafl_opt,2,b_per,17.2
1772660256,pure-ftpd,chatafl_opt,2,b_abs,808
1772660257,pure-ftpd,chatafl_opt,2,l_per,24.3
1772660257,pure-ftpd,chatafl_opt,2,l_abs,1580
1772660257,pure-ftpd,chatafl_opt,2,b_per,17.2
1772660257,pure-ftpd,chatafl_opt,2,b_abs,808
1772660258,pure-ftpd,chatafl_opt,2,l_per,24.3
1772660258,pure-ftpd,chatafl_opt,2,l_abs,1580
1772660258,pure-ftpd,chatafl_opt,2,b_per,17.2
1772660258,pure-ftpd,chatafl_opt,2,b_abs,808
1772660258,pure-ftpd,chatafl_opt,2,l_per,24.3
1772660258,pure-ftpd,chatafl_opt,2,l_abs,1580
1772660258,pure-ftpd,chatafl_opt,2,b_per,17.2
1772660258,pure-ftpd,chatafl_opt,2,b_abs,808
1772660258,pure-ftpd,chatafl_opt,2,l_per,24.3
1772660258,pure-ftpd,chatafl_opt,2,l_abs,1580
1772660258,pure-ftpd,chatafl_opt,2,b_per,17.2
1772660258,pure-ftpd,chatafl_opt,2,b_abs,808
1772660259,pure-ftpd,chatafl_opt,2,l_per,24.3
1772660259,pure-ftpd,chatafl_opt,2,l_abs,1580
1772660259,pure-ftpd,chatafl_opt,2,b_per,17.2
1772660259,pure-ftpd,chatafl_opt,2,b_abs,808
1772660260,pure-ftpd,chatafl_opt,2,l_per,24.3
1772660260,pure-ftpd,chatafl_opt,2,l_abs,1580
1772660260,pure-ftpd,chatafl_opt,2,b_per,17.2
1772660260,pure-ftpd,chatafl_opt,2,b_abs,808
1772660261,pure-ftpd,chatafl_opt,2,l_per,24.3
1772660261,pure-ftpd,chatafl_opt,2,l_abs,1580
1772660261,pure-ftpd,chatafl_opt,2,b_per,17.2
1772660261,pure-ftpd,chatafl_opt,2,b_abs,808
1772660261,pure-ftpd,chatafl_opt,2,l_per,27.9
1772660261,pure-ftpd,chatafl_opt,2,l_abs,1813
1772660261,pure-ftpd,chatafl_opt,2,b_per,19.9
1772660261,pure-ftpd,chatafl_opt,2,b_abs,937
1772660262,pure-ftpd,chatafl_opt,2,l_per,27.9
1772660262,pure-ftpd,chatafl_opt,2,l_abs,1813
1772660262,pure-ftpd,chatafl_opt,2,b_per,19.9
1772660262,pure-ftpd,chatafl_opt,2,b_abs,937
1772660262,pure-ftpd,chatafl_opt,2,l_per,27.9
1772660262,pure-ftpd,chatafl_opt,2,l_abs,1813
1772660262,pure-ftpd,chatafl_opt,2,b_per,19.9
1772660262,pure-ftpd,chatafl_opt,2,b_abs,937
1772660263,pure-ftpd,chatafl_opt,2,l_per,27.9
1772660263,pure-ftpd,chatafl_opt,2,l_abs,1813
1772660263,pure-ftpd,chatafl_opt,2,b_per,19.9
1772660263,pure-ftpd,chatafl_opt,2,b_abs,937
1772660263,pure-ftpd,chatafl_opt,2,l_per,27.9
1772660263,pure-ftpd,chatafl_opt,2,l_abs,1813
1772660263,pure-ftpd,chatafl_opt,2,b_per,19.9
1772660263,pure-ftpd,chatafl_opt,2,b_abs,937
1772660264,pure-ftpd,chatafl_opt,2,l_per,27.9
1772660264,pure-ftpd,chatafl_opt,2,l_abs,1813
1772660264,pure-ftpd,chatafl_opt,2,b_per,19.9
1772660264,pure-ftpd,chatafl_opt,2,b_abs,937
1772660264,pure-ftpd,chatafl_opt,2,l_per,27.9
1772660264,pure-ftpd,chatafl_opt,2,l_abs,1813
1772660264,pure-ftpd,chatafl_opt,2,b_per,19.9
1772660264,pure-ftpd,chatafl_opt,2,b_abs,937
1772660265,pure-ftpd,chatafl_opt,2,l_per,27.9
1772660265,pure-ftpd,chatafl_opt,2,l_abs,1813
1772660265,pure-ftpd,chatafl_opt,2,b_per,19.9
1772660265,pure-ftpd,chatafl_opt,2,b_abs,937
1772660265,pure-ftpd,chatafl_opt,2,l_per,27.9
1772660265,pure-ftpd,chatafl_opt,2,l_abs,1813
1772660265,pure-ftpd,chatafl_opt,2,b_per,19.9
1772660265,pure-ftpd,chatafl_opt,2,b_abs,937
1772660266,pure-ftpd,chatafl_opt,2,l_per,27.9
1772660266,pure-ftpd,chatafl_opt,2,l_abs,1813
1772660266,pure-ftpd,chatafl_opt,2,b_per,19.9
1772660266,pure-ftpd,chatafl_opt,2,b_abs,937
1772660267,pure-ftpd,chatafl_opt,2,l_per,27.9
1772660267,pure-ftpd,chatafl_opt,2,l_abs,1813
1772660267,pure-ftpd,chatafl_opt,2,b_per,19.9
1772660267,pure-ftpd,chatafl_opt,2,b_abs,937
1772660268,pure-ftpd,chatafl_opt,2,l_per,27.9
1772660268,pure-ftpd,chatafl_opt,2,l_abs,1813
1772660268,pure-ftpd,chatafl_opt,2,b_per,19.9
1772660268,pure-ftpd,chatafl_opt,2,b_abs,937
1772660268,pure-ftpd,chatafl_opt,2,l_per,27.9
1772660268,pure-ftpd,chatafl_opt,2,l_abs,1813
1772660268,pure-ftpd,chatafl_opt,2,b_per,19.9
1772660268,pure-ftpd,chatafl_opt,2,b_abs,937
1772660269,pure-ftpd,chatafl_opt,2,l_per,27.9
1772660269,pure-ftpd,chatafl_opt,2,l_abs,1813
1772660269,pure-ftpd,chatafl_opt,2,b_per,19.9
1772660269,pure-ftpd,chatafl_opt,2,b_abs,937
1772660269,pure-ftpd,chatafl_opt,2,l_per,27.9
1772660269,pure-ftpd,chatafl_opt,2,l_abs,1813
1772660269,pure-ftpd,chatafl_opt,2,b_per,19.9
1772660269,pure-ftpd,chatafl_opt,2,b_abs,937
1772660270,pure-ftpd,chatafl_opt,2,l_per,27.9
1772660270,pure-ftpd,chatafl_opt,2,l_abs,1813
1772660270,pure-ftpd,chatafl_opt,2,b_per,19.9
1772660270,pure-ftpd,chatafl_opt,2,b_abs,937
1772660270,pure-ftpd,chatafl_opt,2,l_per,27.9
1772660270,pure-ftpd,chatafl_opt,2,l_abs,1813
1772660270,pure-ftpd,chatafl_opt,2,b_per,19.9
1772660270,pure-ftpd,chatafl_opt,2,b_abs,937
1772660271,pure-ftpd,chatafl_opt,2,l_per,27.9
1772660271,pure-ftpd,chatafl_opt,2,l_abs,1813
1772660271,pure-ftpd,chatafl_opt,2,b_per,19.9
1772660271,pure-ftpd,chatafl_opt,2,b_abs,937
1772660271,pure-ftpd,chatafl_opt,2,l_per,27.9
1772660271,pure-ftpd,chatafl_opt,2,l_abs,1813
1772660271,pure-ftpd,chatafl_opt,2,b_per,19.9
1772660271,pure-ftpd,chatafl_opt,2,b_abs,937
1772660271,pure-ftpd,chatafl_opt,2,l_per,27.9
1772660271,pure-ftpd,chatafl_opt,2,l_abs,1813
1772660271,pure-ftpd,chatafl_opt,2,b_per,19.9
1772660271,pure-ftpd,chatafl_opt,2,b_abs,937
1772660272,pure-ftpd,chatafl_opt,2,l_per,27.9
1772660272,pure-ftpd,chatafl_opt,2,l_abs,1813
1772660272,pure-ftpd,chatafl_opt,2,b_per,19.9
1772660272,pure-ftpd,chatafl_opt,2,b_abs,937
1772660272,pure-ftpd,chatafl_opt,2,l_per,27.9
1772660272,pure-ftpd,chatafl_opt,2,l_abs,1813
1772660272,pure-ftpd,chatafl_opt,2,b_per,19.9
1772660272,pure-ftpd,chatafl_opt,2,b_abs,937
1772660273,pure-ftpd,chatafl_opt,2,l_per,27.9
1772660273,pure-ftpd,chatafl_opt,2,l_abs,1813
1772660273,pure-ftpd,chatafl_opt,2,b_per,19.9
1772660273,pure-ftpd,chatafl_opt,2,b_abs,937
1772660273,pure-ftpd,chatafl_opt,2,l_per,27.9
1772660273,pure-ftpd,chatafl_opt,2,l_abs,1813
1772660273,pure-ftpd,chatafl_opt,2,b_per,19.9
1772660273,pure-ftpd,chatafl_opt,2,b_abs,937
1772660274,pure-ftpd,chatafl_opt,2,l_per,27.9
1772660274,pure-ftpd,chatafl_opt,2,l_abs,1813
1772660274,pure-ftpd,chatafl_opt,2,b_per,19.9
1772660274,pure-ftpd,chatafl_opt,2,b_abs,937
1772660274,pure-ftpd,chatafl_opt,2,l_per,27.9
1772660274,pure-ftpd,chatafl_opt,2,l_abs,1813
1772660274,pure-ftpd,chatafl_opt,2,b_per,19.9
1772660274,pure-ftpd,chatafl_opt,2,b_abs,937
1772660275,pure-ftpd,chatafl_opt,2,l_per,27.9
1772660275,pure-ftpd,chatafl_opt,2,l_abs,1813
1772660275,pure-ftpd,chatafl_opt,2,b_per,19.9
1772660275,pure-ftpd,chatafl_opt,2,b_abs,937
1772660275,pure-ftpd,chatafl_opt,2,l_per,27.9
1772660275,pure-ftpd,chatafl_opt,2,l_abs,1813
1772660275,pure-ftpd,chatafl_opt,2,b_per,19.9
1772660275,pure-ftpd,chatafl_opt,2,b_abs,937
1772660275,pure-ftpd,chatafl_opt,2,l_per,28.1
1772660275,pure-ftpd,chatafl_opt,2,l_abs,1827
1772660275,pure-ftpd,chatafl_opt,2,b_per,20.3
1772660275,pure-ftpd,chatafl_opt,2,b_abs,954
1772660276,pure-ftpd,chatafl_opt,2,l_per,28.2
1772660276,pure-ftpd,chatafl_opt,2,l_abs,1828
1772660276,pure-ftpd,chatafl_opt,2,b_per,20.3
1772660276,pure-ftpd,chatafl_opt,2,b_abs,955
1772660277,pure-ftpd,chatafl_opt,2,l_per,28.2
1772660277,pure-ftpd,chatafl_opt,2,l_abs,1828
1772660277,pure-ftpd,chatafl_opt,2,b_per,20.3
1772660277,pure-ftpd,chatafl_opt,2,b_abs,955
1772660277,pure-ftpd,chatafl_opt,2,l_per,28.2
1772660277,pure-ftpd,chatafl_opt,2,l_abs,1828
1772660277,pure-ftpd,chatafl_opt,2,b_per,20.3
1772660277,pure-ftpd,chatafl_opt,2,b_abs,955
1772660278,pure-ftpd,chatafl_opt,2,l_per,28.2
1772660278,pure-ftpd,chatafl_opt,2,l_abs,1828
1772660278,pure-ftpd,chatafl_opt,2,b_per,20.3
1772660278,pure-ftpd,chatafl_opt,2,b_abs,955
1772660278,pure-ftpd,chatafl_opt,2,l_per,28.2
1772660278,pure-ftpd,chatafl_opt,2,l_abs,1828
1772660278,pure-ftpd,chatafl_opt,2,b_per,20.3
1772660278,pure-ftpd,chatafl_opt,2,b_abs,955
1772660279,pure-ftpd,chatafl_opt,2,l_per,28.2
1772660279,pure-ftpd,chatafl_opt,2,l_abs,1828
1772660279,pure-ftpd,chatafl_opt,2,b_per,20.3
1772660279,pure-ftpd,chatafl_opt,2,b_abs,955
1772660279,pure-ftpd,chatafl_opt,2,l_per,28.2
1772660279,pure-ftpd,chatafl_opt,2,l_abs,1828
1772660279,pure-ftpd,chatafl_opt,2,b_per,20.3
1772660279,pure-ftpd,chatafl_opt,2,b_abs,955
1772660280,pure-ftpd,chatafl_opt,2,l_per,28.2
1772660280,pure-ftpd,chatafl_opt,2,l_abs,1828
1772660280,pure-ftpd,chatafl_opt,2,b_per,20.3
1772660280,pure-ftpd,chatafl_opt,2,b_abs,955
1772660280,pure-ftpd,chatafl_opt,2,l_per,28.2
1772660280,pure-ftpd,chatafl_opt,2,l_abs,1828
1772660280,pure-ftpd,chatafl_opt,2,b_per,20.3
1772660280,pure-ftpd,chatafl_opt,2,b_abs,955
1772660281,pure-ftpd,chatafl_opt,2,l_per,28.2
1772660281,pure-ftpd,chatafl_opt,2,l_abs,1828
1772660281,pure-ftpd,chatafl_opt,2,b_per,20.3
1772660281,pure-ftpd,chatafl_opt,2,b_abs,955
1772660281,pure-ftpd,chatafl_opt,2,l_per,28.2
1772660281,pure-ftpd,chatafl_opt,2,l_abs,1828
1772660281,pure-ftpd,chatafl_opt,2,b_per,20.3
1772660281,pure-ftpd,chatafl_opt,2,b_abs,955
1772660282,pure-ftpd,chatafl_opt,2,l_per,28.2
1772660282,pure-ftpd,chatafl_opt,2,l_abs,1828
1772660282,pure-ftpd,chatafl_opt,2,b_per,20.3
1772660282,pure-ftpd,chatafl_opt,2,b_abs,955
1772660283,pure-ftpd,chatafl_opt,2,l_per,28.2
1772660283,pure-ftpd,chatafl_opt,2,l_abs,1828
1772660283,pure-ftpd,chatafl_opt,2,b_per,20.3
1772660283,pure-ftpd,chatafl_opt,2,b_abs,955
1772660284,pure-ftpd,chatafl_opt,2,l_per,28.2
1772660284,pure-ftpd,chatafl_opt,2,l_abs,1828
1772660284,pure-ftpd,chatafl_opt,2,b_per,20.3
1772660284,pure-ftpd,chatafl_opt,2,b_abs,955
1772660284,pure-ftpd,chatafl_opt,2,l_per,28.2
1772660284,pure-ftpd,chatafl_opt,2,l_abs,1828
1772660284,pure-ftpd,chatafl_opt,2,b_per,20.3
1772660284,pure-ftpd,chatafl_opt,2,b_abs,955
1772660284,pure-ftpd,chatafl_opt,2,l_per,28.2
1772660284,pure-ftpd,chatafl_opt,2,l_abs,1828
1772660284,pure-ftpd,chatafl_opt,2,b_per,20.3
1772660284,pure-ftpd,chatafl_opt,2,b_abs,955
1772660285,pure-ftpd,chatafl_opt,2,l_per,28.2
1772660285,pure-ftpd,chatafl_opt,2,l_abs,1828
1772660285,pure-ftpd,chatafl_opt,2,b_per,20.3
1772660285,pure-ftpd,chatafl_opt,2,b_abs,955
1772660285,pure-ftpd,chatafl_opt,2,l_per,28.2
1772660285,pure-ftpd,chatafl_opt,2,l_abs,1828
1772660285,pure-ftpd,chatafl_opt,2,b_per,20.3
1772660285,pure-ftpd,chatafl_opt,2,b_abs,955
1772660286,pure-ftpd,chatafl_opt,2,l_per,28.2
1772660286,pure-ftpd,chatafl_opt,2,l_abs,1828
1772660286,pure-ftpd,chatafl_opt,2,b_per,20.3
1772660286,pure-ftpd,chatafl_opt,2,b_abs,955
1772660286,pure-ftpd,chatafl_opt,2,l_per,28.2
1772660286,pure-ftpd,chatafl_opt,2,l_abs,1828
1772660286,pure-ftpd,chatafl_opt,2,b_per,20.3
1772660286,pure-ftpd,chatafl_opt,2,b_abs,955
1772660287,pure-ftpd,chatafl_opt,2,l_per,28.2
1772660287,pure-ftpd,chatafl_opt,2,l_abs,1828
1772660287,pure-ftpd,chatafl_opt,2,b_per,20.3
1772660287,pure-ftpd,chatafl_opt,2,b_abs,955
1772660287,pure-ftpd,chatafl_opt,2,l_per,28.2
1772660287,pure-ftpd,chatafl_opt,2,l_abs,1828
1772660287,pure-ftpd,chatafl_opt,2,b_per,20.3
1772660287,pure-ftpd,chatafl_opt,2,b_abs,955
1772660288,pure-ftpd,chatafl_opt,2,l_per,28.2
1772660288,pure-ftpd,chatafl_opt,2,l_abs,1828
1772660288,pure-ftpd,chatafl_opt,2,b_per,20.3
1772660288,pure-ftpd,chatafl_opt,2,b_abs,956
1772660289,pure-ftpd,chatafl_opt,2,l_per,28.2
1772660289,pure-ftpd,chatafl_opt,2,l_abs,1830
1772660289,pure-ftpd,chatafl_opt,2,b_per,20.3
1772660289,pure-ftpd,chatafl_opt,2,b_abs,957
1772660289,pure-ftpd,chatafl_opt,2,l_per,28.2
1772660289,pure-ftpd,chatafl_opt,2,l_abs,1830
1772660289,pure-ftpd,chatafl_opt,2,b_per,20.3
1772660289,pure-ftpd,chatafl_opt,2,b_abs,957
1772660290,pure-ftpd,chatafl_opt,2,l_per,28.2
1772660290,pure-ftpd,chatafl_opt,2,l_abs,1830
1772660290,pure-ftpd,chatafl_opt,2,b_per,20.3
1772660290,pure-ftpd,chatafl_opt,2,b_abs,957
1772660290,pure-ftpd,chatafl_opt,2,l_per,28.2
1772660290,pure-ftpd,chatafl_opt,2,l_abs,1830
1772660290,pure-ftpd,chatafl_opt,2,b_per,20.3
1772660290,pure-ftpd,chatafl_opt,2,b_abs,957
1772660291,pure-ftpd,chatafl_opt,2,l_per,28.2
1772660291,pure-ftpd,chatafl_opt,2,l_abs,1830
1772660291,pure-ftpd,chatafl_opt,2,b_per,20.3
1772660291,pure-ftpd,chatafl_opt,2,b_abs,957
1772660292,pure-ftpd,chatafl_opt,2,l_per,28.2
1772660292,pure-ftpd,chatafl_opt,2,l_abs,1833
1772660292,pure-ftpd,chatafl_opt,2,b_per,20.4
1772660292,pure-ftpd,chatafl_opt,2,b_abs,958
1772660294,pure-ftpd,chatafl_opt,2,l_per,28.2
1772660294,pure-ftpd,chatafl_opt,2,l_abs,1833
1772660294,pure-ftpd,chatafl_opt,2,b_per,20.4
1772660294,pure-ftpd,chatafl_opt,2,b_abs,958
1772660294,pure-ftpd,chatafl_opt,2,l_per,28.2
1772660294,pure-ftpd,chatafl_opt,2,l_abs,1833
1772660294,pure-ftpd,chatafl_opt,2,b_per,20.4
1772660294,pure-ftpd,chatafl_opt,2,b_abs,958
1772660295,pure-ftpd,chatafl_opt,2,l_per,28.2
1772660295,pure-ftpd,chatafl_opt,2,l_abs,1833
1772660295,pure-ftpd,chatafl_opt,2,b_per,20.4
1772660295,pure-ftpd,chatafl_opt,2,b_abs,958
1772660295,pure-ftpd,chatafl_opt,2,l_per,28.2
1772660295,pure-ftpd,chatafl_opt,2,l_abs,1833
1772660295,pure-ftpd,chatafl_opt,2,b_per,20.4
1772660295,pure-ftpd,chatafl_opt,2,b_abs,958
1772660296,pure-ftpd,chatafl_opt,2,l_per,28.2
1772660296,pure-ftpd,chatafl_opt,2,l_abs,1833
1772660296,pure-ftpd,chatafl_opt,2,b_per,20.4
1772660296,pure-ftpd,chatafl_opt,2,b_abs,958
1772660296,pure-ftpd,chatafl_opt,2,l_per,28.2
1772660296,pure-ftpd,chatafl_opt,2,l_abs,1833
1772660296,pure-ftpd,chatafl_opt,2,b_per,20.4
1772660296,pure-ftpd,chatafl_opt,2,b_abs,958
1772660296,pure-ftpd,chatafl_opt,2,l_per,28.2
1772660296,pure-ftpd,chatafl_opt,2,l_abs,1833
1772660296,pure-ftpd,chatafl_opt,2,b_per,20.4
1772660296,pure-ftpd,chatafl_opt,2,b_abs,958
1772660297,pure-ftpd,chatafl_opt,2,l_per,28.2
1772660297,pure-ftpd,chatafl_opt,2,l_abs,1833
1772660297,pure-ftpd,chatafl_opt,2,b_per,20.4
1772660297,pure-ftpd,chatafl_opt,2,b_abs,958
1772660297,pure-ftpd,chatafl_opt,2,l_per,28.2
1772660297,pure-ftpd,chatafl_opt,2,l_abs,1833
1772660297,pure-ftpd,chatafl_opt,2,b_per,20.4
1772660297,pure-ftpd,chatafl_opt,2,b_abs,958
1772660218,pure-ftpd,chatafl_opt,2,l_per,28.2
1772660218,pure-ftpd,chatafl_opt,2,l_abs,1833
1772660218,pure-ftpd,chatafl_opt,2,b_per,20.4
1772660218,pure-ftpd,chatafl_opt,2,b_abs,958
1772660239,pure-ftpd,chatafl_opt,2,l_per,28.2
1772660239,pure-ftpd,chatafl_opt,2,l_abs,1833
1772660239,pure-ftpd,chatafl_opt,2,b_per,20.4
1772660239,pure-ftpd,chatafl_opt,2,b_abs,958
1772660262,pure-ftpd,chatafl_opt,2,l_per,28.2
1772660262,pure-ftpd,chatafl_opt,2,l_abs,1833
1772660262,pure-ftpd,chatafl_opt,2,b_per,20.4
1772660262,pure-ftpd,chatafl_opt,2,b_abs,958
1772660284,pure-ftpd,chatafl_opt,2,l_per,28.3
1772660284,pure-ftpd,chatafl_opt,2,l_abs,1837
1772660284,pure-ftpd,chatafl_opt,2,b_per,20.4
1772660284,pure-ftpd,chatafl_opt,2,b_abs,961
1772660331,pure-ftpd,chatafl_opt,2,l_per,28.6
1772660331,pure-ftpd,chatafl_opt,2,l_abs,1855
1772660331,pure-ftpd,chatafl_opt,2,b_per,20.7
1772660331,pure-ftpd,chatafl_opt,2,b_abs,976
1772660519,pure-ftpd,chatafl_opt,2,l_per,28.7
1772660519,pure-ftpd,chatafl_opt,2,l_abs,1862
1772660519,pure-ftpd,chatafl_opt,2,b_per,20.9
1772660519,pure-ftpd,chatafl_opt,2,b_abs,982
1772660807,pure-ftpd,chatafl_opt,2,l_per,28.9
1772660807,pure-ftpd,chatafl_opt,2,l_abs,1874
1772660807,pure-ftpd,chatafl_opt,2,b_per,21.0
1772660807,pure-ftpd,chatafl_opt,2,b_abs,989
1772660987,pure-ftpd,chatafl_opt,2,l_per,29.2
1772660987,pure-ftpd,chatafl_opt,2,l_abs,1896
1772660987,pure-ftpd,chatafl_opt,2,b_per,21.4
1772660987,pure-ftpd,chatafl_opt,2,b_abs,1007
1772661096,pure-ftpd,chatafl_opt,2,l_per,29.5
1772661096,pure-ftpd,chatafl_opt,2,l_abs,1913
1772661096,pure-ftpd,chatafl_opt,2,b_per,21.7
1772661096,pure-ftpd,chatafl_opt,2,b_abs,1019
1772661465,pure-ftpd,chatafl_opt,2,l_per,29.6
1772661465,pure-ftpd,chatafl_opt,2,l_abs,1925
1772661465,pure-ftpd,chatafl_opt,2,b_per,21.8
1772661465,pure-ftpd,chatafl_opt,2,b_abs,1028
1772661833,pure-ftpd,chatafl_opt,2,l_per,30.0
1772661833,pure-ftpd,chatafl_opt,2,l_abs,1950
1772661833,pure-ftpd,chatafl_opt,2,b_per,22.3
1772661833,pure-ftpd,chatafl_opt,2,b_abs,1047
1772662218,pure-ftpd,chatafl_opt,2,l_per,30.1
1772662218,pure-ftpd,chatafl_opt,2,l_abs,1956
1772662218,pure-ftpd,chatafl_opt,2,b_per,22.4
1772662218,pure-ftpd,chatafl_opt,2,b_abs,1054
1772662767,pure-ftpd,chatafl_opt,2,l_per,30.1
1772662767,pure-ftpd,chatafl_opt,2,l_abs,1956
1772662767,pure-ftpd,chatafl_opt,2,b_per,22.4
1772662767,pure-ftpd,chatafl_opt,2,b_abs,1055
1772663274,pure-ftpd,chatafl_opt,2,l_per,31.1
1772663274,pure-ftpd,chatafl_opt,2,l_abs,2021
1772663274,pure-ftpd,chatafl_opt,2,b_per,23.4
1772663274,pure-ftpd,chatafl_opt,2,b_abs,1103
1772663895,pure-ftpd,chatafl_opt,2,l_per,31.2
1772663895,pure-ftpd,chatafl_opt,2,l_abs,2024
1772663895,pure-ftpd,chatafl_opt,2,b_per,23.6
1772663895,pure-ftpd,chatafl_opt,2,b_abs,1109
1772665009,pure-ftpd,chatafl_opt,2,l_per,31.4
1772665009,pure-ftpd,chatafl_opt,2,l_abs,2039
1772665009,pure-ftpd,chatafl_opt,2,b_per,23.9
1772665009,pure-ftpd,chatafl_opt,2,b_abs,1124
1772666324,pure-ftpd,chatafl_opt,2,l_per,31.4
1772666324,pure-ftpd,chatafl_opt,2,l_abs,2042
1772666324,pure-ftpd,chatafl_opt,2,b_per,24.0
1772666324,pure-ftpd,chatafl_opt,2,b_abs,1130
1772667816,pure-ftpd,chatafl_opt,2,l_per,31.5
1772667816,pure-ftpd,chatafl_opt,2,l_abs,2045
1772667816,pure-ftpd,chatafl_opt,2,b_per,24.0
1772667816,pure-ftpd,chatafl_opt,2,b_abs,1131
1772669378,pure-ftpd,chatafl_opt,2,l_per,31.8
1772669378,pure-ftpd,chatafl_opt,2,l_abs,2063
1772669378,pure-ftpd,chatafl_opt,2,b_per,24.4
1772669378,pure-ftpd,chatafl_opt,2,b_abs,1150
1772670396,pure-ftpd,chatafl_opt,2,l_per,32.0
1772670396,pure-ftpd,chatafl_opt,2,l_abs,2078
1772670396,pure-ftpd,chatafl_opt,2,b_per,24.8
1772670396,pure-ftpd,chatafl_opt,2,b_abs,1165
1772672278,pure-ftpd,chatafl_opt,2,l_per,32.3
1772672278,pure-ftpd,chatafl_opt,2,l_abs,2094
1772672278,pure-ftpd,chatafl_opt,2,b_per,25.1
1772672278,pure-ftpd,chatafl_opt,2,b_abs,1182
1772672523,pure-ftpd,chatafl_opt,2,l_per,32.3
1772672523,pure-ftpd,chatafl_opt,2,l_abs,2094
1772672523,pure-ftpd,chatafl_opt,2,b_per,25.1
1772672523,pure-ftpd,chatafl_opt,2,b_abs,1182
