# unix_time, cycles_done, cur_path, paths_total, pending_total, pending_favs, map_size, unique_crashes, unique_hangs, max_depth, execs_per_sec, n_nodes, n_edges, chat_times, llm_calls, llm_prompt_tok, llm_compl_tok, llm_dedup, hyp_fitness, hyp_success, hyp_failure, mqtt_diff_avg, mqtt_diff_last, mqtt_diff_pos
1777098670, 0, 0, 461, 461, 28, 6.42%, 0, 0, 2, 4.54, 14, 92, 0, 370, 103672, 38226, 0, 0.000, 0, 0, 0.000000, 0.000000, 0, 0, 0, 0, 0, 0, 0, 0
1777098675, 0, 0, 463, 463, 28, 6.71%, 0, 0, 2, 4.89, 15, 94, 0, 370, 103672, 38226, 0, 0.000, 0, 0, 0.000000, 0.000000, 0, 0, 0, 0, 0, 0, 0, 0
1777098680, 0, 0, 466, 466, 28, 6.73%, 0, 0, 2, 5.27, 15, 94, 0, 370, 103672, 38226, 0, 0.000, 0, 0, 0.000000, 0.000000, 0, 0, 0, 0, 0, 0, 0, 0
1777098685, 0, 0, 468, 468, 28, 6.77%, 0, 0, 2, 4.10, 15, 95, 0, 370, 103672, 38226, 0, 0.000, 0, 0, 0.000000, 0.000000, 0, 0, 0, 0, 0, 0, 0, 0
1777098690, 0, 0, 471, 471, 28, 6.79%, 0, 0, 2, 5.81, 15, 97, 0, 370, 103672, 38226, 0, 0.000, 0, 0, 0.000000, 0.000000, 0, 0, 0, 0, 0, 0, 0, 0
1777098695, 0, 0, 473, 473, 28, 6.80%, 0, 0, 2, 5.56, 15, 97, 0, 370, 103672, 38226, 0, 0.000, 0, 0, 0.000000, 0.000000, 0, 0, 0, 0, 0, 0, 0, 0
1777098701, 0, 0, 476, 476, 28, 6.83%, 0, 0, 2, 6.01, 15, 97, 0, 370, 103672, 38226, 0, 0.000, 0, 0, 0.000000, 0.000000, 0, 0, 0, 0, 0, 0, 0, 0
1777098706, 0, 0, 478, 478, 28, 6.84%, 0, 0, 2, 5.58, 15, 97, 0, 370, 103672, 38226, 0, 0.000, 0, 0, 0.000000, 0.000000, 0, 0, 0, 0, 0, 0, 0, 0
1777098711, 0, 0, 479, 479, 28, 6.85%, 0, 0, 2, 1.07, 15, 99, 0, 370, 103672, 38226, 0, 0.000, 0, 0, 0.000000, 0.000000, 0, 0, 0, 0, 0, 0, 0, 0
1777098717, 0, 0, 482, 482, 28, 6.85%, 0, 0, 2, 5.94, 15, 99, 0, 370, 103672, 38226, 0, 0.000, 0, 0, 0.000000, 0.000000, 0, 0, 0, 0, 0, 0, 0, 0
1777098722, 0, 0, 483, 483, 28, 6.88%, 0, 0, 2, 4.96, 15, 99, 0, 370, 103672, 38226, 0, 0.000, 0, 0, 0.000000, 0.000000, 0, 0, 0, 0, 0, 0, 0, 0
1777098727, 0, 0, 484, 484, 28, 6.88%, 0, 0, 2, 5.30, 15, 99, 0, 370, 103672, 38226, 0, 0.000, 0, 0, 0.000000, 0.000000, 0, 0, 0, 0, 0, 0, 0, 0
1777098732, 0, 0, 485, 485, 28, 6.88%, 0, 0, 2, 5.22, 15, 99, 0, 370, 103672, 38226, 0, 0.000, 0, 0, 0.000000, 0.000000, 0, 0, 0, 0, 0, 0, 0, 0
1777098743, 0, 0, 487, 487, 28, 6.88%, 0, 0, 2, 5.49, 15, 99, 0, 370, 103672, 38226, 0, 0.000, 0, 0, 0.000000, 0.000000, 0, 0, 0, 0, 0, 0, 0, 0
1777098748, 0, 0, 488, 488, 28, 6.89%, 0, 0, 2, 5.98, 15, 99, 0, 370, 103672, 38226, 0, 0.000, 0, 0, 0.000000, 0.000000, 0, 0, 0, 0, 0, 0, 0, 0
1777098753, 0, 0, 489, 489, 28, 6.89%, 0, 0, 2, 3.51, 15, 99, 0, 370, 103672, 38226, 0, 0.000, 0, 0, 0.000000, 0.000000, 0, 0, 0, 0, 0, 0, 0, 0
1777098758, 0, 0, 492, 492, 28, 6.91%, 0, 0, 2, 4.57, 15, 99, 0, 370, 103672, 38226, 0, 0.000, 0, 0, 0.000000, 0.000000, 0, 0, 0, 0, 0, 0, 0, 0
1777098764, 0, 0, 494, 494, 28, 6.92%, 0, 0, 2, 5.72, 15, 99, 0, 370, 103672, 38226, 0, 0.000, 0, 0, 0.000000, 0.000000, 0, 0, 0, 0, 0, 0, 0, 0
1777098769, 0, 0, 495, 495, 28, 6.92%, 0, 0, 2, 5.57, 15, 99, 0, 370, 103672, 38226, 0, 0.000, 0, 0, 0.000000, 0.000000, 0, 0, 0, 0, 0, 0, 0, 0
1777098774, 0, 0, 497, 497, 28, 6.92%, 0, 0, 2, 5.96, 15, 99, 0, 370, 103672, 38226, 0, 0.000, 0, 0, 0.000000, 0.000000, 0, 0, 0, 0, 0, 0, 0, 0
1777098779, 0, 0, 499, 499, 28, 6.93%, 0, 0, 2, 5.75, 15, 99, 0, 370, 103672, 38226, 0, 0.000, 0, 0, 0.000000, 0.000000, 0, 0, 0, 0, 0, 0, 0, 0
1777098784, 0, 0, 500, 500, 28, 6.94%, 0, 0, 2, 5.56, 15, 99, 0, 370, 103672, 38226, 0, 0.000, 0, 0, 0.000000, 0.000000, 0, 0, 0, 0, 0, 0, 0, 0
1777098789, 0, 0, 502, 502, 28, 6.94%, 0, 0, 2, 8.09, 15, 99, 0, 370, 103672, 38226, 0, 0.000, 0, 0, 0.000000, 0.000000, 0, 0, 0, 0, 0, 0, 0, 0
1777098795, 0, 0, 504, 504, 28, 6.95%, 0, 0, 2, 6.60, 15, 99, 0, 370, 103672, 38226, 0, 0.000, 0, 0, 0.000000, 0.000000, 0, 0, 0, 0, 0, 0, 0, 0
1777098800, 0, 0, 505, 505, 28, 6.95%, 0, 0, 2, 4.69, 15, 99, 0, 370, 103672, 38226, 0, 0.000, 0, 0, 0.000000, 0.000000, 0, 0, 0, 0, 0, 0, 0, 0
1777098805, 0, 0, 507, 507, 28, 6.97%, 0, 0, 2, 5.35, 15, 99, 0, 370, 103672, 38226, 0, 0.000, 0, 0, 0.000000, 0.000000, 0, 0, 0, 0, 0, 0, 0, 0
1777098810, 0, 0, 508, 508, 28, 6.98%, 0, 0, 2, 5.22, 16, 100, 0, 370, 103672, 38226, 0, 0.000, 0, 0, 0.000000, 0.000000, 0, 0, 0, 0, 0, 0, 0, 0
1777098816, 0, 0, 509, 509, 28, 6.98%, 0, 0, 2, 5.76, 16, 100, 0, 370, 103672, 38226, 0, 0.000, 0, 0, 0.000000, 0.000000, 0, 0, 0, 0, 0, 0, 0, 0
1777098821, 0, 0, 510, 510, 28, 6.98%, 0, 0, 2, 5.74, 16, 100, 0, 370, 103672, 38226, 0, 0.000, 0, 0, 0.000000, 0.000000, 0, 0, 0, 0, 0, 0, 0, 0
1777098832, 0, 0, 511, 511, 28, 6.98%, 0, 0, 2, 5.89, 16, 100, 0, 370, 103672, 38226, 0, 0.000, 0, 0, 0.000000, 0.000000, 0, 0, 0, 0, 0, 0, 0, 0
1777098837, 0, 0, 513, 513, 28, 6.99%, 0, 0, 2, 0.65, 16, 101, 0, 370, 103672, 38226, 0, 0.000, 0, 0, 0.000000, 0.000000, 0, 0, 0, 0, 0, 0, 0, 0
1777098842, 0, 0, 514, 514, 28, 6.99%, 0, 0, 2, 5.07, 16, 101, 0, 370, 103672, 38226, 0, 0.000, 0, 0, 0.000000, 0.000000, 0, 0, 0, 0, 0, 0, 0, 0
1777098858, 0, 0, 515, 515, 28, 6.99%, 0, 0, 2, 5.30, 16, 101, 0, 370, 103672, 38226, 0, 0.000, 0, 0, 0.000000, 0.000000, 0, 0, 0, 0, 0, 0, 0, 0
1777098863, 0, 0, 516, 516, 28, 7.00%, 0, 0, 2, 5.82, 16, 101, 0, 370, 103672, 38226, 0, 0.000, 0, 0, 0.000000, 0.000000, 0, 0, 0, 0, 0, 0, 0, 0
1777098868, 0, 0, 517, 517, 28, 7.00%, 0, 0, 2, 5.69, 16, 101, 0, 370, 103672, 38226, 0, 0.000, 0, 0, 0.000000, 0.000000, 0, 0, 0, 0, 0, 0, 0, 0
1777098873, 0, 0, 518, 518, 28, 7.01%, 0, 0, 2, 5.73, 16, 101, 0, 370, 103672, 38226, 0, 0.000, 0, 0, 0.000000, 0.000000, 0, 0, 0, 0, 0, 0, 0, 0
1777098879, 0, 0, 519, 519, 28, 7.02%, 0, 0, 2, 7.33, 16, 102, 0, 370, 103672, 38226, 0, 0.000, 0, 0, 0.000000, 0.000000, 0, 0, 0, 0, 0, 0, 0, 0
1777098884, 0, 0, 521, 521, 28, 7.03%, 0, 0, 2, 6.58, 16, 102, 0, 370, 103672, 38226, 0, 0.000, 0, 0, 0.000000, 0.000000, 0, 0, 0, 0, 0, 0, 0, 0
1777098889, 0, 0, 522, 522, 28, 7.04%, 0, 0, 2, 3.95, 16, 102, 0, 370, 103672, 38226, 0, 0.000, 0, 0, 0.000000, 0.000000, 0, 0, 0, 0, 0, 0, 0, 0
1777098894, 0, 0, 523, 523, 28, 7.04%, 0, 0, 2, 4.54, 16, 103, 0, 370, 103672, 38226, 0, 0.000, 0, 0, 0.000000, 0.000000, 0, 0, 0, 0, 0, 0, 0, 0
1777098899, 0, 0, 524, 524, 28, 7.04%, 0, 0, 2, 5.48, 16, 103, 0, 370, 103672, 38226, 0, 0.000, 0, 0, 0.000000, 0.000000, 0, 0, 0, 0, 0, 0, 0, 0
1777098905, 0, 0, 525, 525, 28, 7.04%, 0, 0, 2, 5.18, 16, 105, 0, 370, 103672, 38226, 0, 0.000, 0, 0, 0.000000, 0.000000, 0, 0, 0, 0, 0, 0, 0, 0
1777098910, 0, 0, 526, 526, 28, 7.04%, 0, 0, 2, 5.78, 16, 105, 0, 370, 103672, 38226, 0, 0.000, 0, 0, 0.000000, 0.000000, 0, 0, 0, 0, 0, 0, 0, 0
1777098920, 0, 0, 527, 527, 28, 7.05%, 0, 0, 2, 4.95, 16, 105, 0, 370, 103672, 38226, 0, 0.000, 0, 0, 0.000000, 0.000000, 0, 0, 0, 0, 0, 0, 0, 0
1777098925, 0, 0, 528, 528, 28, 7.05%, 0, 0, 2, 5.21, 16, 107, 0, 370, 103672, 38226, 0, 0.000, 0, 0, 0.000000, 0.000000, 0, 0, 0, 0, 0, 0, 0, 0
1777098936, 0, 0, 529, 529, 28, 7.05%, 0, 0, 2, 5.67, 16, 107, 0, 370, 103672, 38226, 0, 0.000, 0, 0, 0.000000, 0.000000, 0, 0, 0, 0, 0, 0, 0, 0
1777098941, 0, 0, 530, 530, 28, 7.05%, 0, 0, 2, 5.58, 16, 107, 0, 370, 103672, 38226, 0, 0.000, 0, 0, 0.000000, 0.000000, 0, 0, 0, 0, 0, 0, 0, 0
1777098946, 0, 0, 531, 531, 28, 7.05%, 0, 0, 2, 3.40, 16, 107, 0, 370, 103672, 38226, 0, 0.000, 0, 0, 0.000000, 0.000000, 0, 0, 0, 0, 0, 0, 0, 0
1777098952, 0, 0, 532, 532, 28, 7.05%, 0, 0, 2, 0.66, 16, 107, 0, 370, 103672, 38226, 0, 0.000, 0, 0, 0.000000, 0.000000, 0, 0, 0, 0, 0, 0, 0, 0
1777098957, 0, 0, 533, 533, 28, 7.05%, 0, 0, 2, 5.55, 16, 107, 0, 370, 103672, 38226, 0, 0.000, 0, 0, 0.000000, 0.000000, 0, 0, 0, 0, 0, 0, 0, 0
1777098962, 0, 0, 534, 534, 28, 7.06%, 0, 0, 2, 5.52, 16, 107, 0, 370, 103672, 38226, 0, 0.000, 0, 0, 0.000000, 0.000000, 0, 0, 0, 0, 0, 0, 0, 0
1777098973, 0, 0, 535, 535, 28, 7.06%, 0, 0, 2, 5.86, 16, 107, 0, 370, 103672, 38226, 0, 0.000, 0, 0, 0.000000, 0.000000, 0, 0, 0, 0, 0, 0, 0, 0
1777098983, 0, 0, 536, 536, 28, 7.06%, 0, 0, 2, 3.58, 16, 107, 0, 370, 103672, 38226, 0, 0.000, 0, 0, 0.000000, 0.000000, 0, 0, 0, 0, 0, 0, 0, 0
1777098994, 0, 0, 538, 538, 28, 7.06%, 0, 0, 2, 5.81, 16, 107, 0, 370, 103672, 38226, 0, 0.000, 0, 0, 0.000000, 0.000000, 0, 0, 0, 0, 0, 0, 0, 0
1777098999, 0, 0, 539, 539, 28, 7.07%, 0, 0, 2, 5.42, 16, 107, 0, 370, 103672, 38226, 0, 0.000, 0, 0, 0.000000, 0.000000, 0, 0, 0, 0, 0, 0, 0, 0
1777099015, 0, 0, 540, 540, 28, 7.07%, 0, 0, 2, 5.53, 16, 107, 0, 370, 103672, 38226, 0, 0.000, 0, 0, 0.000000, 0.000000, 0, 0, 0, 0, 0, 0, 0, 0
1777099020, 0, 0, 541, 541, 28, 7.08%, 0, 0, 2, 5.38, 16, 107, 0, 370, 103672, 38226, 0, 0.000, 0, 0, 0.000000, 0.000000, 0, 0, 0, 0, 0, 0, 0, 0
1777099040, 0, 0, 542, 542, 28, 7.08%, 0, 0, 2, 5.63, 16, 107, 0, 370, 103672, 38226, 0, 0.000, 0, 0, 0.000000, 0.000000, 0, 0, 0, 0, 0, 0, 0, 0
1777099046, 0, 0, 543, 543, 28, 7.08%, 0, 0, 2, 6.01, 16, 107, 0, 370, 103672, 38226, 0, 0.000, 0, 0, 0.000000, 0.000000, 0, 0, 0, 0, 0, 0, 0, 0
1777099051, 0, 0, 544, 544, 28, 7.08%, 0, 0, 2, 5.71, 16, 107, 0, 370, 103672, 38226, 0, 0.000, 0, 0, 0.000000, 0.000000, 0, 0, 0, 0, 0, 0, 0, 0
1777099056, 0, 0, 546, 546, 28, 7.09%, 0, 0, 2, 1.35, 16, 107, 0, 370, 103672, 38226, 0, 0.000, 0, 0, 0.000000, 0.000000, 0, 0, 0, 0, 0, 0, 0, 0
1777099066, 0, 0, 549, 549, 28, 7.12%, 0, 0, 2, 7.06, 16, 108, 0, 370, 103672, 38226, 0, 0.000, 0, 0, 0.000000, 0.000000, 0, 0, 0, 0, 0, 0, 0, 0
1777099072, 0, 0, 550, 550, 28, 7.12%, 0, 0, 2, 6.56, 16, 108, 0, 370, 103672, 38226, 0, 0.000, 0, 0, 0.000000, 0.000000, 0, 0, 0, 0, 0, 0, 0, 0
1777099082, 0, 0, 552, 552, 28, 7.14%, 0, 0, 2, 5.62, 16, 108, 0, 370, 103672, 38226, 0, 0.000, 0, 0, 0.000000, 0.000000, 0, 0, 0, 0, 0, 0, 0, 0
1777099097, 0, 0, 553, 553, 28, 7.14%, 0, 0, 2, 6.84, 16, 108, 0, 370, 103672, 38226, 0, 0.000, 0, 0, 0.000000, 0.000000, 0, 0, 0, 0, 0, 0, 0, 0
1777099103, 0, 0, 554, 554, 28, 7.15%, 0, 0, 2, 7.54, 16, 108, 0, 370, 103672, 38226, 0, 0.000, 0, 0, 0.000000, 0.000000, 0, 0, 0, 0, 0, 0, 0, 0
1777099113, 0, 0, 555, 555, 28, 7.16%, 0, 0, 2, 5.81, 16, 109, 0, 370, 103672, 38226, 0, 0.000, 0, 0, 0.000000, 0.000000, 0, 0, 0, 0, 0, 0, 0, 0
1777099118, 0, 0, 556, 556, 28, 7.23%, 0, 0, 2, 5.86, 16, 111, 0, 370, 103672, 38226, 0, 0.000, 0, 0, 0.000000, 0.000000, 0, 0, 0, 0, 0, 0, 0, 0
1777099123, 0, 0, 558, 558, 28, 7.24%, 0, 0, 2, 5.72, 16, 111, 0, 370, 103672, 38226, 0, 0.000, 0, 0, 0.000000, 0.000000, 0, 0, 0, 0, 0, 0, 0, 0
1777099129, 0, 0, 559, 559, 28, 7.24%, 0, 0, 2, 1.11, 16, 111, 0, 370, 103672, 38226, 0, 0.000, 0, 0, 0.000000, 0.000000, 0, 0, 0, 0, 0, 0, 0, 0
1777099139, 0, 0, 560, 560, 28, 7.24%, 0, 0, 2, 4.95, 16, 111, 0, 370, 103672, 38226, 0, 0.000, 0, 0, 0.000000, 0.000000, 0, 0, 0, 0, 0, 0, 0, 0
1777099144, 0, 0, 561, 561, 28, 7.24%, 0, 0, 2, 5.55, 16, 111, 0, 370, 103672, 38226, 0, 0.000, 0, 0, 0.000000, 0.000000, 0, 0, 0, 0, 0, 0, 0, 0
1777099149, 0, 0, 562, 562, 28, 7.25%, 0, 0, 2, 6.16, 16, 111, 0, 370, 103672, 38226, 0, 0.000, 0, 0, 0.000000, 0.000000, 0, 0, 0, 0, 0, 0, 0, 0
1777099155, 0, 0, 563, 563, 28, 7.25%, 0, 0, 2, 6.12, 16, 111, 0, 370, 103672, 38226, 0, 0.000, 0, 0, 0.000000, 0.000000, 0, 0, 0, 0, 0, 0, 0, 0
1777099187, 0, 0, 564, 564, 28, 7.25%, 0, 0, 2, 5.58, 16, 111, 0, 370, 103672, 38226, 0, 0.000, 0, 0, 0.000000, 0.000000, 0, 0, 0, 0, 0, 0, 0, 0
1777099212, 0, 0, 565, 565, 28, 7.26%, 0, 0, 2, 5.01, 16, 111, 0, 370, 103672, 38226, 0, 0.000, 0, 0, 0.000000, 0.000000, 0, 0, 0, 0, 0, 0, 0, 0
1777099223, 0, 0, 566, 566, 28, 7.26%, 0, 0, 2, 5.60, 16, 111, 0, 370, 103672, 38226, 0, 0.000, 0, 0, 0.000000, 0.000000, 0, 0, 0, 0, 0, 0, 0, 0
1777099238, 0, 0, 567, 567, 28, 7.26%, 0, 0, 2, 5.64, 16, 111, 0, 370, 103672, 38226, 0, 0.000, 0, 0, 0.000000, 0.000000, 0, 0, 0, 0, 0, 0, 0, 0
1777099243, 0, 0, 568, 568, 28, 7.27%, 0, 0, 2, 6.02, 16, 111, 0, 370, 103672, 38226, 0, 0.000, 0, 0, 0.000000, 0.000000, 0, 0, 0, 0, 0, 0, 0, 0
1777099285, 0, 0, 569, 569, 28, 7.27%, 0, 0, 2, 7.20, 16, 111, 0, 370, 103672, 38226, 0, 0.000, 0, 0, 0.000000, 0.000000, 0, 0, 0, 0, 0, 0, 1, 0
1777099301, 0, 0, 570, 570, 28, 7.27%, 0, 0, 2, 5.34, 16, 111, 0, 370, 103672, 38226, 0, 0.000, 0, 0, 0.000000, 0.000000, 0, 0, 0, 0, 0, 0, 1, 0
1777099306, 0, 0, 572, 572, 28, 7.27%, 0, 0, 2, 5.59, 16, 112, 0, 370, 103672, 38226, 0, 0.000, 0, 0, 0.000000, 0.000000, 0, 0, 0, 0, 0, 0, 1, 0
1777099348, 0, 0, 573, 573, 28, 7.27%, 0, 0, 2, 5.56, 16, 112, 0, 370, 103672, 38226, 0, 0.000, 0, 0, 0.000000, 0.000000, 0, 0, 0, 0, 0, 0, 2, 0
1777099368, 0, 0, 574, 574, 28, 7.28%, 0, 0, 2, 6.52, 16, 112, 0, 370, 103672, 38226, 0, 0.000, 0, 0, 0.000000, 0.000000, 0, 0, 0, 0, 0, 0, 2, 0
1777099384, 0, 0, 575, 575, 28, 7.28%, 0, 0, 2, 5.91, 16, 112, 0, 370, 103672, 38226, 0, 0.000, 0, 0, 0.000000, 0.000000, 0, 0, 0, 0, 0, 0, 2, 0
1777099410, 0, 0, 576, 576, 28, 7.28%, 0, 0, 2, 6.10, 16, 112, 0, 370, 103672, 38226, 0, 0.000, 0, 0, 0.000000, 0.000000, 0, 0, 0, 0, 0, 0, 2, 0
1777099415, 0, 0, 577, 577, 28, 7.28%, 0, 0, 2, 5.46, 16, 112, 0, 370, 103672, 38226, 0, 0.000, 0, 0, 0.000000, 0.000000, 0, 0, 0, 0, 0, 0, 2, 0
1777099452, 0, 0, 578, 578, 28, 7.28%, 0, 0, 2, 5.30, 16, 112, 0, 370, 103672, 38226, 0, 0.000, 0, 0, 0.000000, 0.000000, 0, 0, 0, 0, 0, 0, 2, 0
1777099468, 0, 0, 579, 579, 28, 7.28%, 0, 0, 2, 5.84, 16, 112, 0, 370, 103672, 38226, 0, 0.000, 0, 0, 0.000000, 0.000000, 0, 0, 0, 0, 0, 0, 2, 0
1777099473, 0, 0, 580, 580, 28, 7.29%, 0, 0, 2, 5.78, 16, 112, 0, 370, 103672, 38226, 0, 0.000, 0, 0, 0.000000, 0.000000, 0, 0, 0, 0, 0, 0, 2, 0
1777099484, 0, 0, 581, 581, 28, 7.29%, 0, 0, 2, 5.35, 16, 112, 0, 370, 103672, 38226, 0, 0.000, 0, 0, 0.000000, 0.000000, 0, 0, 0, 0, 0, 0, 2, 0
1777099499, 0, 0, 583, 583, 28, 7.30%, 0, 0, 2, 5.93, 16, 112, 0, 370, 103672, 38226, 0, 0.000, 0, 0, 0.000000, 0.000000, 0, 0, 0, 0, 0, 0, 2, 0
1777099504, 0, 0, 584, 584, 28, 7.30%, 0, 0, 2, 5.61, 16, 112, 0, 370, 103672, 38226, 0, 0.000, 0, 0, 0.000000, 0.000000, 0, 0, 0, 0, 0, 0, 2, 0
1777099520, 0, 0, 585, 585, 28, 7.30%, 0, 0, 2, 4.64, 16, 112, 0, 370, 103672, 38226, 0, 0.000, 0, 0, 0.000000, 0.000000, 0, 0, 0, 0, 0, 0, 2, 0
1777099562, 0, 0, 586, 586, 28, 7.30%, 0, 0, 2, 6.74, 16, 112, 0, 370, 103672, 38226, 0, 0.000, 0, 0, 0.000000, 0.000000, 0, 0, 0, 0, 0, 0, 3, 0
1777099577, 0, 0, 587, 587, 28, 7.30%, 0, 0, 2, 5.98, 16, 112, 0, 370, 103672, 38226, 0, 0.000, 0, 0, 0.000000, 0.000000, 0, 0, 0, 0, 0, 0, 3, 0
1777099583, 0, 0, 589, 589, 28, 7.30%, 0, 0, 2, 5.73, 16, 113, 0, 370, 103672, 38226, 0, 0.000, 0, 0, 0.000000, 0.000000, 0, 0, 0, 0, 0, 0, 3, 0
1777099593, 0, 0, 590, 590, 28, 7.30%, 0, 0, 2, 5.97, 16, 113, 0, 370, 103672, 38226, 0, 0.000, 0, 0, 0.000000, 0.000000, 0, 0, 0, 0, 0, 0, 3, 0
1777099604, 0, 0, 592, 592, 28, 7.31%, 0, 0, 2, 5.39, 16, 113, 0, 370, 103672, 38226, 0, 0.000, 0, 0, 0.000000, 0.000000, 0, 0, 0, 0, 0, 0, 3, 0
1777099614, 0, 0, 593, 593, 28, 7.33%, 0, 0, 2, 5.40, 16, 113, 0, 370, 103672, 38226, 0, 0.000, 0, 0, 0.000000, 0.000000, 0, 0, 0, 0, 0, 0, 3, 0
1777099635, 0, 0, 594, 594, 28, 7.34%, 0, 0, 2, 5.38, 16, 113, 0, 370, 103672, 38226, 0, 0.000, 0, 0, 0.000000, 0.000000, 0, 0, 0, 0, 0, 0, 3, 0
1777099640, 0, 0, 595, 595, 28, 7.34%, 0, 0, 2, 5.38, 16, 114, 0, 370, 103672, 38226, 0, 0.000, 0, 0, 0.000000, 0.000000, 0, 0, 0, 0, 0, 0, 3, 0
1777099645, 0, 0, 596, 596, 28, 7.34%, 0, 0, 2, 5.23, 16, 114, 0, 370, 103672, 38226, 0, 0.000, 0, 0, 0.000000, 0.000000, 0, 0, 0, 0, 0, 0, 3, 0
1777099655, 0, 0, 598, 598, 28, 7.34%, 0, 0, 2, 5.42, 16, 115, 0, 370, 103672, 38226, 0, 0.000, 0, 0, 0.000000, 0.000000, 0, 0, 0, 0, 0, 0, 3, 0
1777099691, 0, 0, 599, 599, 28, 7.34%, 0, 0, 2, 5.96, 16, 115, 0, 370, 103672, 38226, 0, 0.000, 0, 0, 0.000000, 0.000000, 0, 0, 0, 0, 0, 0, 3, 0
1777099702, 0, 0, 600, 600, 28, 7.34%, 0, 0, 2, 5.92, 16, 115, 0, 370, 103672, 38226, 0, 0.000, 0, 0, 0.000000, 0.000000, 0, 0, 0, 0, 0, 0, 3, 0
1777099707, 0, 0, 601, 601, 28, 7.34%, 0, 0, 2, 5.75, 16, 115, 0, 370, 103672, 38226, 0, 0.000, 0, 0, 0.000000, 0.000000, 0, 0, 0, 0, 0, 0, 3, 0
1777099733, 0, 0, 602, 602, 28, 7.34%, 0, 0, 2, 5.45, 16, 115, 0, 370, 103672, 38226, 0, 0.000, 0, 0, 0.000000, 0.000000, 0, 0, 0, 0, 0, 0, 3, 0
1777099743, 0, 0, 603, 603, 28, 7.34%, 0, 0, 2, 2.82, 16, 115, 0, 370, 103672, 38226, 0, 0.000, 0, 0, 0.000000, 0.000000, 0, 0, 0, 0, 0, 0, 3, 0
1777099748, 0, 0, 604, 604, 28, 7.35%, 0, 0, 2, 4.52, 16, 115, 0, 370, 103672, 38226, 0, 0.000, 0, 0, 0.000000, 0.000000, 0, 0, 0, 0, 0, 0, 3, 0
1777099764, 0, 0, 605, 605, 28, 7.35%, 0, 0, 2, 5.41, 16, 116, 0, 370, 103672, 38226, 0, 0.000, 0, 0, 0.000000, 0.000000, 0, 0, 0, 0, 0, 0, 3, 0
1777099769, 0, 0, 606, 606, 28, 7.35%, 0, 0, 2, 5.18, 16, 116, 0, 370, 103672, 38226, 0, 0.000, 0, 0, 0.000000, 0.000000, 0, 0, 0, 0, 0, 0, 3, 0
1777099785, 0, 0, 607, 607, 28, 7.35%, 0, 0, 2, 4.39, 16, 116, 0, 370, 103672, 38226, 0, 0.000, 0, 0, 0.000000, 0.000000, 0, 0, 0, 0, 0, 0, 3, 0
1777099790, 0, 0, 608, 608, 28, 7.35%, 0, 0, 2, 5.65, 16, 116, 0, 370, 103672, 38226, 0, 0.000, 0, 0, 0.000000, 0.000000, 0, 0, 0, 0, 0, 0, 3, 0
1777099811, 0, 0, 609, 609, 28, 7.35%, 0, 0, 2, 5.46, 16, 116, 0, 370, 103672, 38226, 0, 0.000, 0, 0, 0.000000, 0.000000, 0, 0, 0, 0, 0, 0, 3, 0
1777099827, 0, 0, 610, 610, 28, 7.36%, 0, 0, 2, 0.66, 16, 116, 0, 370, 103672, 38226, 0, 0.000, 0, 0, 0.000000, 0.000000, 0, 0, 0, 0, 0, 0, 3, 0
1777099853, 0, 0, 611, 611, 28, 7.36%, 0, 0, 2, 5.76, 16, 116, 0, 370, 103672, 38226, 0, 0.000, 0, 0, 0.000000, 0.000000, 0, 0, 0, 0, 0, 0, 3, 0
1777099881, 0, 0, 613, 613, 28, 7.37%, 0, 0, 2, 5.70, 16, 116, 0, 370, 103672, 38226, 0, 0.000, 0, 0, 0.000000, 0.000000, 0, 0, 0, 0, 0, 0, 3, 0
1777099912, 0, 0, 614, 614, 28, 7.37%, 0, 0, 2, 5.51, 16, 116, 0, 370, 103672, 38226, 0, 0.000, 0, 0, 0.000000, 0.000000, 0, 0, 0, 0, 0, 0, 3, 0
1777099917, 0, 0, 615, 615, 28, 7.37%, 0, 0, 2, 5.30, 16, 116, 0, 370, 103672, 38226, 0, 0.000, 0, 0, 0.000000, 0.000000, 0, 0, 0, 0, 0, 0, 3, 0
1777099964, 0, 0, 617, 617, 28, 7.38%, 0, 0, 2, 5.38, 16, 116, 0, 370, 103672, 38226, 0, 0.000, 0, 0, 0.000000, 0.000000, 0, 0, 0, 0, 0, 0, 4, 0
1777099969, 0, 0, 618, 618, 28, 7.38%, 0, 0, 2, 5.42, 16, 116, 0, 370, 103672, 38226, 0, 0.000, 0, 0, 0.000180, 0.866761, 1, 0, 0, 0, 0, 0, 4, 0
1777099974, 0, 0, 618, 618, 28, 7.38%, 0, 0, 2, 5.23, 16, 116, 0, 370, 103672, 38226, 0, 0.000, 0, 0, 0.003229, 1.000000, 18, 0, 0, 0, 0, 0, 4, 0
1777099980, 0, 0, 618, 618, 28, 7.38%, 0, 0, 2, 0.66, 16, 116, 0, 370, 103672, 38226, 0, 0.000, 0, 0, 0.009096, 1.000000, 51, 0, 0, 0, 0, 0, 4, 0
1777099986, 0, 0, 619, 619, 28, 7.38%, 0, 0, 2, 8.36, 16, 116, 0, 370, 103672, 38226, 0, 0.000, 0, 0, 0.013494, 1.000000, 76, 0, 0, 0, 0, 0, 4, 0
1777099991, 0, 0, 619, 619, 28, 7.38%, 0, 0, 2, 2.69, 16, 116, 0, 370, 103672, 38226, 0, 0.000, 0, 0, 0.018028, 1.000000, 102, 0, 0, 0, 0, 0, 4, 0
1777099996, 0, 0, 619, 619, 28, 7.38%, 0, 0, 2, 4.83, 16, 116, 0, 370, 103672, 38226, 0, 0.000, 0, 0, 0.023207, 1.000000, 132, 0, 0, 0, 0, 0, 4, 0
1777100001, 0, 0, 619, 619, 28, 7.38%, 0, 0, 2, 5.34, 16, 116, 0, 370, 103672, 38226, 0, 0.000, 0, 0, 0.027992, 1.000000, 160, 0, 0, 0, 0, 0, 4, 0
1777100006, 0, 0, 619, 619, 28, 7.38%, 0, 0, 2, 5.62, 16, 116, 0, 370, 103672, 38226, 0, 0.000, 0, 0, 0.033066, 1.000000, 190, 0, 0, 0, 0, 0, 4, 0
1777100011, 0, 0, 619, 619, 28, 7.38%, 0, 0, 2, 5.51, 16, 116, 0, 370, 103672, 38226, 0, 0.000, 0, 0, 0.037088, 1.000000, 214, 0, 0, 0, 0, 0, 4, 0
1777100018, 0, 0, 620, 620, 28, 7.38%, 0, 0, 2, 0.66, 16, 116, 0, 370, 103672, 38226, 0, 0.000, 0, 0, 0.041904, 1.000000, 243, 0, 0, 0, 0, 0, 4, 0
1777100023, 0, 0, 620, 620, 28, 7.38%, 0, 0, 2, 5.21, 16, 116, 0, 370, 103672, 38226, 0, 0.000, 0, 0, 0.045361, 1.000000, 264, 0, 0, 0, 0, 0, 4, 0
1777100028, 0, 0, 620, 620, 28, 7.38%, 0, 0, 2, 5.60, 16, 116, 0, 370, 103672, 38226, 0, 0.000, 0, 0, 0.049607, 1.000000, 290, 0, 0, 0, 0, 0, 4, 0
1777100033, 0, 0, 621, 621, 28, 7.38%, 0, 0, 2, 5.97, 16, 116, 0, 370, 103672, 38226, 0, 0.000, 0, 0, 0.054137, 0.866761, 318, 0, 0, 0, 0, 0, 4, 0
1777100038, 0, 0, 621, 621, 28, 7.38%, 0, 0, 2, 5.88, 16, 116, 0, 370, 103672, 38226, 0, 0.000, 0, 0, 0.057666, 1.000000, 340, 0, 0, 0, 0, 0, 4, 0
1777100044, 0, 0, 621, 621, 28, 7.38%, 0, 0, 2, 5.76, 16, 116, 0, 370, 103672, 38226, 0, 0.000, 0, 0, 0.062437, 1.000000, 370, 0, 0, 0, 0, 0, 4, 0
1777100049, 0, 0, 621, 621, 28, 7.38%, 0, 0, 2, 3.67, 16, 116, 0, 370, 103672, 38226, 0, 0.000, 0, 0, 0.066846, 1.000000, 398, 0, 0, 0, 0, 0, 4, 0
1777100055, 0, 0, 621, 621, 28, 7.38%, 0, 0, 2, 0.66, 16, 116, 0, 370, 103672, 38226, 0, 0.000, 0, 0, 0.071369, 1.000000, 427, 0, 0, 0, 0, 0, 4, 0
1777100061, 0, 0, 621, 621, 28, 7.38%, 0, 0, 2, 5.62, 16, 116, 0, 370, 103672, 38226, 0, 0.000, 0, 0, 0.076156, 1.000000, 458, 0, 0, 0, 0, 0, 4, 0
1777100066, 0, 0, 621, 621, 28, 7.38%, 0, 0, 2, 5.54, 16, 116, 0, 370, 103672, 38226, 0, 0.000, 0, 0, 0.080132, 1.000000, 484, 0, 0, 0, 0, 0, 4, 0
1777100071, 0, 0, 621, 621, 28, 7.38%, 0, 0, 2, 5.46, 16, 116, 0, 370, 103672, 38226, 0, 0.000, 0, 0, 0.084377, 1.000000, 512, 0, 0, 0, 0, 0, 4, 0
1777100076, 0, 0, 621, 621, 28, 7.38%, 0, 0, 2, 5.32, 16, 116, 0, 370, 103672, 38226, 0, 0.000, 0, 0, 0.088284, 1.000000, 538, 0, 0, 0, 0, 0, 5, 0
1777100081, 0, 0, 621, 621, 28, 7.38%, 0, 0, 2, 6.04, 16, 116, 0, 370, 103672, 38226, 0, 0.000, 0, 0, 0.093046, 1.000000, 570, 0, 0, 0, 0, 0, 5, 0
1777100086, 0, 0, 622, 622, 28, 7.38%, 0, 0, 2, 6.38, 16, 116, 0, 370, 103672, 38226, 0, 0.000, 0, 0, 0.096879, 1.000000, 596, 0, 0, 0, 0, 0, 5, 0
1777100092, 0, 0, 622, 622, 28, 7.38%, 0, 0, 2, 0.67, 16, 116, 0, 370, 103672, 38226, 0, 0.000, 0, 0, 0.100243, 1.000000, 619, 0, 0, 0, 0, 0, 5, 0
1777100097, 0, 0, 622, 622, 28, 7.38%, 0, 0, 2, 5.67, 16, 116, 0, 370, 103672, 38226, 0, 0.000, 0, 0, 0.104449, 1.000000, 648, 0, 0, 0, 0, 0, 5, 0
1777100102, 0, 0, 622, 622, 28, 7.38%, 0, 0, 2, 5.54, 16, 116, 0, 370, 103672, 38226, 0, 0.000, 0, 0, 0.108186, 1.000000, 674, 0, 0, 0, 0, 0, 5, 0
1777100107, 0, 0, 622, 622, 28, 7.38%, 0, 0, 2, 5.53, 16, 116, 0, 370, 103672, 38226, 0, 0.000, 0, 0, 0.112176, 1.000000, 702, 0, 0, 0, 0, 0, 5, 0
1777100112, 0, 0, 622, 622, 28, 7.38%, 0, 0, 2, 5.35, 16, 116, 0, 370, 103672, 38226, 0, 0.000, 0, 0, 0.115850, 1.000000, 728, 0, 0, 0, 0, 0, 5, 0
1777100118, 0, 0, 622, 622, 28, 7.38%, 0, 0, 2, 5.39, 16, 116, 0, 370, 103672, 38226, 0, 0.000, 0, 0, 0.119772, 1.000000, 756, 0, 0, 0, 0, 0, 5, 0
1777100123, 0, 0, 622, 622, 28, 7.38%, 0, 0, 2, 5.21, 16, 116, 0, 370, 103672, 38226, 0, 0.000, 0, 0, 0.123106, 1.000000, 780, 0, 0, 0, 0, 0, 6, 0
1777100128, 0, 0, 622, 622, 28, 7.38%, 0, 0, 2, 5.61, 16, 116, 0, 370, 103672, 38226, 0, 0.000, 0, 0, 0.127238, 1.000000, 810, 0, 0, 0, 0, 0, 6, 0
1777100133, 0, 0, 622, 622, 28, 7.38%, 0, 0, 2, 4.58, 16, 116, 0, 370, 103672, 38226, 0, 0.000, 0, 0, 0.130244, 1.000000, 832, 0, 0, 0, 0, 0, 6, 0
1777100138, 0, 0, 622, 622, 28, 7.38%, 0, 0, 2, 5.14, 16, 116, 0, 370, 103672, 38226, 0, 0.000, 0, 0, 0.134040, 1.000000, 860, 0, 0, 0, 0, 0, 6, 0
1777100143, 0, 0, 623, 623, 28, 7.39%, 0, 0, 2, 5.74, 16, 116, 0, 370, 103672, 38226, 0, 0.000, 0, 0, 0.136999, 1.000000, 882, 0, 0, 0, 0, 0, 6, 0
1777100149, 0, 0, 623, 623, 28, 7.39%, 0, 0, 2, 5.62, 16, 116, 0, 370, 103672, 38226, 0, 0.000, 0, 0, 0.140736, 1.000000, 910, 0, 0, 0, 0, 0, 6, 0
1777100154, 0, 0, 623, 623, 28, 7.39%, 0, 0, 2, 5.60, 16, 116, 0, 370, 103672, 38226, 0, 0.000, 0, 0, 0.144177, 1.000000, 936, 0, 0, 0, 0, 0, 6, 0
1777100159, 0, 0, 623, 623, 28, 7.39%, 0, 0, 2, 1.09, 16, 116, 0, 370, 103672, 38226, 0, 0.000, 0, 0, 0.147460, 1.000000, 961, 0, 0, 0, 0, 0, 6, 0
1777100164, 0, 0, 623, 623, 28, 7.39%, 0, 0, 2, 6.67, 16, 116, 0, 370, 103672, 38226, 0, 0.000, 0, 0, 0.151237, 1.000000, 990, 0, 0, 0, 0, 0, 6, 0
1777100169, 0, 0, 623, 623, 28, 7.39%, 0, 0, 2, 0.67, 16, 116, 0, 370, 103672, 38226, 0, 0.000, 0, 0, 0.153952, 1.000000, 1011, 0, 0, 0, 0, 0, 6, 0
1777100174, 0, 0, 623, 623, 28, 7.39%, 0, 0, 2, 5.58, 16, 116, 0, 370, 103672, 38226, 0, 0.000, 0, 0, 0.157671, 1.000000, 1040, 0, 0, 0, 0, 0, 6, 0
1777100179, 0, 0, 623, 623, 28, 7.39%, 0, 0, 2, 5.46, 16, 116, 0, 370, 103672, 38226, 0, 0.000, 0, 0, 0.160979, 1.000000, 1066, 0, 0, 0, 0, 0, 7, 0
1777100185, 0, 0, 624, 624, 28, 7.39%, 0, 0, 2, 5.43, 16, 116, 0, 370, 103672, 38226, 0, 0.000, 0, 0, 0.163505, 1.000000, 1086, 0, 0, 0, 0, 0, 7, 0
1777100190, 0, 0, 625, 625, 28, 7.39%, 0, 0, 2, 5.26, 16, 116, 0, 370, 103672, 38226, 0, 0.000, 0, 0, 0.165766, 1.000000, 1104, 0, 0, 0, 0, 0, 7, 0
1777100195, 0, 0, 626, 626, 28, 7.39%, 0, 0, 2, 5.54, 16, 116, 0, 370, 103672, 38226, 0, 0.000, 0, 0, 0.168886, 0.806954, 1129, 0, 0, 0, 0, 0, 7, 0
1777100200, 0, 0, 626, 626, 28, 7.39%, 0, 0, 2, 7.95, 16, 116, 0, 370, 103672, 38226, 0, 0.000, 0, 0, 0.171241, 1.000000, 1148, 0, 0, 0, 0, 0, 7, 0
1777100205, 0, 0, 627, 627, 28, 7.40%, 0, 0, 2, 6.45, 16, 116, 0, 370, 103672, 38226, 0, 0.000, 0, 0, 0.173706, 1.000000, 1168, 0, 0, 0, 0, 0, 7, 0
1777100210, 0, 0, 627, 627, 28, 7.40%, 0, 0, 2, 5.65, 16, 116, 0, 370, 103672, 38226, 0, 0.000, 0, 0, 0.176157, 1.000000, 1188, 0, 0, 0, 0, 0, 7, 0
1777100215, 0, 0, 627, 627, 28, 7.40%, 0, 0, 2, 5.63, 16, 116, 0, 370, 103672, 38226, 0, 0.000, 0, 0, 0.179563, 1.000000, 1216, 0, 0, 0, 0, 0, 7, 0
1777100221, 0, 0, 628, 628, 28, 7.40%, 0, 0, 2, 5.49, 16, 117, 0, 370, 103672, 38226, 0, 0.000, 0, 0, 0.181738, 1.000000, 1234, 0, 0, 0, 0, 0, 7, 0
1777100226, 0, 0, 629, 629, 28, 7.40%, 0, 0, 2, 5.48, 16, 117, 0, 370, 103672, 38226, 0, 0.000, 0, 0, 0.184500, 0.713711, 1257, 0, 0, 0, 0, 0, 7, 0
1777100231, 0, 0, 629, 629, 28, 7.40%, 0, 0, 2, 5.29, 16, 117, 0, 370, 103672, 38226, 0, 0.000, 0, 0, 0.187006, 1.000000, 1278, 0, 0, 0, 0, 0, 7, 0
1777100236, 0, 0, 629, 629, 28, 7.40%, 0, 0, 2, 5.48, 16, 117, 0, 370, 103672, 38226, 0, 0.000, 0, 0, 0.190324, 1.000000, 1306, 0, 0, 0, 0, 0, 7, 0
1777100241, 0, 0, 629, 629, 28, 7.40%, 0, 0, 2, 5.37, 16, 117, 0, 370, 103672, 38226, 0, 0.000, 0, 0, 0.193146, 1.000000, 1330, 0, 0, 0, 0, 0, 7, 0
1777100246, 0, 0, 629, 629, 28, 7.40%, 0, 0, 2, 5.41, 16, 117, 0, 370, 103672, 38226, 0, 0.000, 0, 0, 0.196413, 1.000000, 1358, 0, 0, 0, 0, 0, 7, 0
1777100251, 0, 0, 631, 631, 28, 7.41%, 0, 0, 2, 4.17, 16, 118, 0, 370, 103672, 38226, 0, 0.000, 0, 0, 0.197574, 0.884450, 1368, 0, 0, 0, 0, 0, 7, 0
1777100256, 0, 0, 631, 631, 28, 7.41%, 0, 0, 2, 4.87, 16, 118, 0, 370, 103672, 38226, 0, 0.000, 0, 0, 0.200115, 1.000000, 1390, 0, 0, 0, 0, 0, 7, 0
1777100261, 0, 0, 632, 632, 28, 7.41%, 0, 0, 2, 5.18, 16, 118, 0, 370, 103672, 38226, 0, 0.000, 0, 0, 0.202183, 0.587686, 1408, 0, 0, 0, 0, 0, 7, 0
1777100267, 0, 0, 633, 633, 28, 7.41%, 0, 0, 2, 5.49, 16, 118, 0, 370, 103672, 38226, 0, 0.000, 0, 0, 0.204695, 1.000000, 1430, 0, 0, 0, 0, 0, 7, 0
1777100272, 0, 0, 633, 633, 28, 7.41%, 0, 0, 2, 5.37, 16, 118, 0, 370, 103672, 38226, 0, 0.000, 0, 0, 0.207644, 1.000000, 1456, 0, 0, 0, 0, 0, 7, 0
1777100277, 0, 0, 633, 633, 28, 7.41%, 0, 0, 2, 5.21, 16, 118, 0, 370, 103672, 38226, 0, 0.000, 0, 0, 0.210459, 1.000000, 1481, 0, 0, 0, 0, 0, 7, 0
1777100282, 0, 0, 633, 633, 28, 7.41%, 0, 0, 2, 5.34, 16, 118, 0, 370, 103672, 38226, 0, 0.000, 0, 0, 0.213588, 1.000000, 1509, 0, 0, 0, 0, 0, 7, 0
1777100288, 0, 0, 633, 633, 28, 7.41%, 0, 0, 2, 0.66, 16, 118, 0, 370, 103672, 38226, 0, 0.000, 0, 0, 0.216029, 1.000000, 1531, 0, 0, 0, 0, 0, 7, 0
1777100293, 0, 0, 633, 633, 28, 7.41%, 0, 0, 2, 5.64, 16, 118, 0, 370, 103672, 38226, 0, 0.000, 0, 0, 0.219224, 1.000000, 1560, 0, 0, 0, 0, 0, 7, 0
1777100298, 0, 0, 634, 634, 28, 7.41%, 0, 0, 2, 5.34, 16, 119, 0, 370, 103672, 38226, 0, 0.000, 0, 0, 0.221194, 1.000000, 1578, 0, 0, 0, 0, 0, 7, 0
1777100303, 0, 0, 634, 634, 28, 7.41%, 0, 0, 2, 5.41, 16, 119, 0, 370, 103672, 38226, 0, 0.000, 0, 0, 0.224239, 1.000000, 1606, 0, 0, 0, 0, 0, 7, 0
1777100308, 0, 0, 636, 636, 28, 7.42%, 0, 0, 2, 5.30, 16, 119, 0, 370, 103672, 38226, 0, 0.000, 0, 0, 0.225321, 1.000000, 1616, 0, 0, 0, 0, 0, 7, 0
1777100314, 0, 0, 636, 636, 28, 7.42%, 0, 0, 2, 5.46, 16, 119, 0, 370, 103672, 38226, 0, 0.000, 0, 0, 0.228333, 1.000000, 1644, 0, 0, 0, 0, 0, 7, 0
1777100319, 0, 0, 636, 636, 28, 7.42%, 0, 0, 2, 5.49, 16, 119, 0, 370, 103672, 38226, 0, 0.000, 0, 0, 0.230897, 1.000000, 1668, 0, 0, 0, 0, 0, 7, 0
1777100324, 0, 0, 637, 637, 28, 7.42%, 0, 0, 2, 5.56, 16, 119, 0, 370, 103672, 38226, 0, 0.000, 0, 0, 0.233020, 1.000000, 1688, 0, 0, 0, 0, 0, 7, 0
1777100329, 0, 0, 638, 638, 28, 7.42%, 0, 0, 2, 5.94, 16, 119, 0, 370, 103672, 38226, 0, 0.000, 0, 0, 0.234500, 0.664465, 1702, 0, 0, 0, 0, 0, 7, 0
1777100334, 0, 0, 638, 638, 28, 7.42%, 0, 0, 2, 5.70, 16, 119, 0, 370, 103672, 38226, 0, 0.000, 0, 0, 0.237232, 1.000000, 1728, 0, 0, 0, 0, 0, 7, 0
1777100339, 0, 0, 640, 640, 28, 7.42%, 0, 0, 2, 5.40, 16, 119, 0, 370, 103672, 38226, 0, 0.000, 0, 0, 0.238591, 0.806954, 1741, 0, 0, 0, 0, 0, 7, 0
1777100344, 0, 0, 641, 641, 28, 7.42%, 0, 0, 2, 5.40, 16, 119, 0, 370, 103672, 38226, 0, 0.000, 0, 0, 0.240153, 1.000000, 1756, 0, 0, 0, 0, 0, 7, 0
1777100349, 0, 0, 641, 641, 28, 7.42%, 0, 0, 2, 5.32, 16, 119, 0, 370, 103672, 38226, 0, 0.000, 0, 0, 0.242845, 1.000000, 1782, 0, 0, 0, 0, 0, 7, 0
1777100354, 0, 0, 641, 641, 28, 7.42%, 0, 0, 2, 5.59, 16, 119, 0, 370, 103672, 38226, 0, 0.000, 0, 0, 0.245724, 1.000000, 1810, 0, 0, 0, 0, 0, 7, 0
1777100359, 0, 0, 642, 642, 28, 7.42%, 0, 0, 2, 5.58, 16, 119, 0, 370, 103672, 38226, 0, 0.000, 0, 0, 0.247358, 1.000000, 1826, 0, 0, 0, 0, 0, 7, 0
1777100365, 0, 0, 642, 642, 28, 7.42%, 0, 0, 2, 5.72, 16, 119, 0, 370, 103672, 38226, 0, 0.000, 0, 0, 0.250405, 1.000000, 1856, 0, 0, 0, 0, 0, 7, 0
1777100370, 0, 0, 642, 642, 28, 7.42%, 0, 0, 2, 4.88, 16, 119, 0, 370, 103672, 38226, 0, 0.000, 0, 0, 0.252623, 1.000000, 1878, 0, 0, 0, 0, 0, 7, 0
1777100375, 0, 0, 643, 643, 28, 7.42%, 0, 0, 2, 5.43, 16, 119, 0, 370, 103672, 38226, 0, 0.000, 0, 0, 0.254828, 1.000000, 1900, 0, 0, 0, 0, 0, 7, 0
1777100380, 0, 0, 643, 643, 28, 7.42%, 0, 0, 2, 5.50, 16, 119, 0, 370, 103672, 38226, 0, 0.000, 0, 0, 0.257418, 1.000000, 1926, 0, 0, 0, 0, 0, 7, 0
1777100385, 0, 0, 643, 643, 28, 7.42%, 0, 0, 2, 5.55, 16, 119, 0, 370, 103672, 38226, 0, 0.000, 0, 0, 0.260088, 1.000000, 1953, 0, 0, 0, 0, 0, 7, 0
1777100391, 0, 0, 643, 643, 28, 7.42%, 0, 0, 2, 5.64, 16, 119, 0, 370, 103672, 38226, 0, 0.000, 0, 0, 0.262934, 1.000000, 1982, 0, 0, 0, 0, 0, 7, 0
1777100396, 0, 0, 643, 643, 28, 7.42%, 0, 0, 2, 1.86, 16, 119, 0, 370, 103672, 38226, 0, 0.000, 0, 0, 0.265274, 1.000000, 2006, 0, 0, 0, 0, 0, 7, 0
1777100401, 0, 0, 645, 645, 28, 7.44%, 0, 0, 2, 4.75, 16, 119, 0, 370, 103672, 38226, 0, 0.000, 0, 0, 0.267598, 1.000000, 2030, 0, 0, 0, 0, 0, 7, 0
1777100406, 0, 0, 645, 645, 28, 7.44%, 0, 0, 2, 4.87, 16, 119, 0, 370, 103672, 38226, 0, 0.000, 0, 0, 0.269140, 1.000000, 2046, 0, 0, 0, 0, 0, 7, 0
1777100411, 0, 0, 645, 645, 28, 7.44%, 0, 0, 2, 5.49, 16, 119, 0, 370, 103672, 38226, 0, 0.000, 0, 0, 0.272013, 1.000000, 2076, 0, 0, 0, 0, 0, 7, 0
1777100416, 0, 0, 645, 645, 28, 7.44%, 0, 0, 2, 5.32, 16, 119, 0, 370, 103672, 38226, 0, 0.000, 0, 0, 0.274295, 1.000000, 2100, 0, 0, 0, 0, 0, 7, 0
1777100421, 0, 0, 645, 645, 28, 7.44%, 0, 0, 2, 5.49, 16, 119, 0, 370, 103672, 38226, 0, 0.000, 0, 0, 0.276939, 1.000000, 2128, 0, 0, 0, 0, 0, 7, 0
1777100426, 0, 0, 645, 645, 28, 7.44%, 0, 0, 2, 5.34, 16, 119, 0, 370, 103672, 38226, 0, 0.000, 0, 0, 0.279377, 1.000000, 2154, 0, 0, 0, 0, 0, 7, 0
1777100431, 0, 0, 645, 645, 28, 7.44%, 0, 0, 2, 5.48, 16, 119, 0, 370, 103672, 38226, 0, 0.000, 0, 0, 0.281985, 1.000000, 2182, 0, 0, 0, 0, 0, 7, 0
1777100437, 0, 0, 646, 646, 28, 7.44%, 0, 0, 2, 5.99, 16, 119, 0, 370, 103672, 38226, 0, 0.000, 0, 0, 0.283467, 1.000000, 2198, 0, 0, 0, 0, 0, 7, 0
1777100442, 0, 0, 647, 647, 28, 7.44%, 0, 0, 2, 5.66, 16, 119, 0, 370, 103672, 38226, 0, 0.000, 0, 0, 0.285310, 1.000000, 2218, 0, 0, 0, 0, 0, 7, 0
1777100447, 0, 0, 648, 648, 28, 7.44%, 0, 0, 2, 5.84, 16, 119, 0, 370, 103672, 38226, 0, 0.000, 0, 0, 0.286778, 0.664465, 2234, 0, 0, 0, 0, 0, 7, 0
1777100453, 0, 0, 648, 648, 28, 7.44%, 0, 0, 2, 5.47, 16, 119, 0, 370, 103672, 38226, 0, 0.000, 0, 0, 0.289241, 1.000000, 2261, 0, 0, 0, 0, 0, 7, 0
1777100458, 0, 0, 648, 648, 28, 7.44%, 0, 0, 2, 5.55, 16, 119, 0, 370, 103672, 38226, 0, 0.000, 0, 0, 0.291868, 1.000000, 2290, 0, 0, 0, 0, 0, 7, 0
1777100463, 0, 0, 648, 648, 28, 7.44%, 0, 0, 2, 5.27, 16, 119, 0, 370, 103672, 38226, 0, 0.000, 0, 0, 0.294118, 1.000000, 2315, 0, 0, 0, 0, 0, 7, 0
1777100468, 0, 0, 648, 648, 28, 7.44%, 0, 0, 2, 5.51, 16, 119, 0, 370, 103672, 38226, 0, 0.000, 0, 0, 0.296709, 1.000000, 2344, 0, 0, 0, 0, 0, 7, 0
1777100474, 0, 0, 649, 649, 28, 7.44%, 0, 0, 2, 5.40, 16, 119, 0, 370, 103672, 38226, 0, 0.000, 0, 0, 0.298219, 1.000000, 2361, 0, 0, 0, 0, 0, 7, 0
1777100479, 0, 0, 649, 649, 28, 7.44%, 0, 0, 2, 5.70, 16, 119, 0, 370, 103672, 38226, 0, 0.000, 0, 0, 0.300780, 1.000000, 2390, 0, 0, 0, 0, 0, 7, 0
1777100484, 0, 0, 649, 649, 28, 7.44%, 0, 0, 2, 4.86, 16, 119, 0, 370, 103672, 38226, 0, 0.000, 0, 0, 0.302536, 1.000000, 2410, 0, 0, 0, 0, 0, 7, 0
1777100489, 0, 0, 649, 649, 28, 7.44%, 0, 0, 2, 5.49, 16, 119, 0, 370, 103672, 38226, 0, 0.000, 0, 0, 0.305153, 1.000000, 2440, 0, 0, 0, 0, 0, 7, 0
1777100494, 0, 0, 649, 649, 28, 7.44%, 0, 0, 2, 5.31, 16, 119, 0, 370, 103672, 38226, 0, 0.000, 0, 0, 0.307405, 1.000000, 2466, 0, 0, 0, 0, 0, 7, 0
1777100499, 0, 0, 649, 649, 28, 7.44%, 0, 0, 2, 5.58, 16, 119, 0, 370, 103672, 38226, 0, 0.000, 0, 0, 0.309985, 1.000000, 2496, 0, 0, 0, 0, 0, 7, 0
1777100505, 0, 0, 649, 649, 28, 7.44%, 0, 0, 2, 5.48, 16, 119, 0, 370, 103672, 38226, 0, 0.000, 0, 0, 0.312206, 1.000000, 2522, 0, 0, 0, 0, 0, 7, 0
1777100510, 0, 0, 650, 650, 28, 7.45%, 0, 0, 2, 5.42, 16, 120, 0, 370, 103672, 38226, 0, 0.000, 0, 0, 0.314413, 0.884450, 2548, 0, 0, 0, 0, 0, 8, 0
1777100515, 0, 0, 650, 650, 28, 7.45%, 0, 0, 2, 5.37, 16, 120, 0, 370, 103672, 38226, 0, 0.000, 0, 0, 0.315932, 1.000000, 2566, 0, 0, 0, 0, 0, 8, 0
1777100520, 0, 0, 650, 650, 28, 7.45%, 0, 0, 2, 5.48, 16, 120, 0, 370, 103672, 38226, 0, 0.000, 0, 0, 0.318282, 1.000000, 2594, 0, 0, 0, 0, 0, 8, 0
1777100525, 0, 0, 650, 650, 28, 7.45%, 0, 0, 2, 5.08, 16, 120, 0, 370, 103672, 38226, 0, 0.000, 0, 0, 0.320117, 1.000000, 2616, 0, 0, 0, 0, 0, 8, 0
1777100530, 0, 0, 650, 650, 28, 7.45%, 0, 0, 2, 5.28, 16, 120, 0, 370, 103672, 38226, 0, 0.000, 0, 0, 0.322439, 1.000000, 2644, 0, 0, 0, 0, 0, 8, 0
1777100535, 0, 0, 651, 651, 28, 7.45%, 0, 0, 2, 5.43, 16, 120, 0, 370, 103672, 38226, 0, 0.000, 0, 0, 0.323923, 1.000000, 2662, 0, 0, 0, 0, 0, 8, 0
1777100541, 0, 0, 651, 651, 28, 7.45%, 0, 0, 2, 5.34, 16, 120, 0, 370, 103672, 38226, 0, 0.000, 0, 0, 0.326137, 1.000000, 2689, 0, 0, 0, 0, 0, 8, 0
1777100546, 0, 0, 651, 651, 28, 7.45%, 0, 0, 2, 5.56, 16, 120, 0, 370, 103672, 38226, 0, 0.000, 0, 0, 0.328499, 1.000000, 2718, 0, 0, 0, 0, 0, 8, 0
1777100551, 0, 0, 651, 651, 28, 7.45%, 0, 0, 2, 5.31, 16, 120, 0, 370, 103672, 38226, 0, 0.000, 0, 0, 0.330441, 1.000000, 2742, 0, 0, 0, 0, 0, 8, 0
1777100556, 0, 0, 651, 651, 28, 7.45%, 0, 0, 2, 5.55, 16, 120, 0, 370, 103672, 38226, 0, 0.000, 0, 0, 0.332773, 1.000000, 2771, 0, 0, 0, 0, 0, 8, 0
1777100561, 0, 0, 651, 651, 28, 7.45%, 0, 0, 2, 6.38, 16, 120, 0, 370, 103672, 38226, 0, 0.000, 0, 0, 0.334531, 1.000000, 2793, 0, 0, 0, 0, 0, 8, 0
1777100566, 0, 0, 652, 652, 28, 7.45%, 0, 0, 2, 5.84, 16, 120, 0, 370, 103672, 38226, 0, 0.000, 0, 0, 0.336201, 1.000000, 2814, 0, 0, 0, 0, 0, 8, 0
1777100572, 0, 0, 653, 653, 28, 7.45%, 0, 0, 2, 5.49, 16, 120, 0, 370, 103672, 38226, 0, 0.000, 0, 0, 0.337625, 1.000000, 2832, 0, 0, 0, 0, 0, 8, 0
1777100577, 0, 0, 653, 653, 28, 7.45%, 0, 0, 2, 5.70, 16, 120, 0, 370, 103672, 38226, 0, 0.000, 0, 0, 0.339986, 1.000000, 2862, 0, 0, 0, 0, 0, 8, 0
1777100582, 0, 0, 653, 653, 28, 7.45%, 0, 0, 2, 5.45, 16, 120, 0, 370, 103672, 38226, 0, 0.000, 0, 0, 0.342018, 1.000000, 2888, 0, 0, 0, 0, 0, 8, 0
1777100587, 0, 0, 654, 654, 28, 7.46%, 0, 0, 2, 5.74, 16, 120, 0, 370, 103672, 38226, 0, 0.000, 0, 0, 0.343728, 1.000000, 2910, 0, 0, 0, 0, 0, 8, 0
1777100593, 0, 0, 654, 654, 28, 7.46%, 0, 0, 2, 6.87, 16, 120, 0, 370, 103672, 38226, 0, 0.000, 0, 0, 0.345737, 1.000000, 2936, 0, 0, 0, 0, 0, 8, 0
1777100599, 0, 0, 654, 654, 28, 7.46%, 0, 0, 2, 0.67, 16, 120, 0, 370, 103672, 38226, 0, 0.000, 0, 0, 0.347811, 1.000000, 2963, 0, 0, 0, 0, 0, 8, 0
1777100604, 0, 0, 654, 654, 28, 7.46%, 0, 0, 2, 5.30, 16, 120, 0, 370, 103672, 38226, 0, 0.000, 0, 0, 0.350023, 1.000000, 2992, 0, 0, 0, 0, 0, 8, 0
1777100609, 0, 0, 654, 654, 28, 7.46%, 0, 0, 2, 5.26, 16, 120, 0, 370, 103672, 38226, 0, 0.000, 0, 0, 0.351919, 1.000000, 3017, 0, 0, 0, 0, 0, 8, 0
1777100615, 0, 0, 654, 654, 28, 7.46%, 0, 0, 2, 5.55, 16, 120, 0, 370, 103672, 38226, 0, 0.000, 0, 0, 0.354104, 1.000000, 3046, 0, 0, 0, 0, 0, 8, 0
1777100620, 0, 0, 654, 654, 28, 7.46%, 0, 0, 2, 5.42, 16, 120, 0, 370, 103672, 38226, 0, 0.000, 0, 0, 0.356050, 1.000000, 3072, 0, 0, 0, 0, 0, 8, 0
1777100625, 0, 0, 654, 654, 28, 7.46%, 0, 0, 2, 5.68, 16, 120, 0, 370, 103672, 38226, 0, 0.000, 0, 0, 0.358281, 1.000000, 3102, 0, 0, 0, 0, 0, 8, 0
1777100630, 0, 0, 654, 654, 28, 7.46%, 0, 0, 2, 5.58, 16, 120, 0, 370, 103672, 38226, 0, 0.000, 0, 0, 0.360129, 1.000000, 3127, 0, 0, 0, 0, 0, 9, 0
1777100635, 0, 0, 654, 654, 28, 7.46%, 0, 0, 2, 5.66, 16, 120, 0, 370, 103672, 38226, 0, 0.000, 0, 0, 0.362259, 1.000000, 3156, 0, 0, 0, 0, 0, 9, 0
1777100640, 0, 0, 654, 654, 28, 7.46%, 0, 0, 2, 6.74, 16, 120, 0, 370, 103672, 38226, 0, 0.000, 0, 0, 0.363865, 1.000000, 3178, 0, 0, 0, 0, 0, 9, 0
1777100646, 0, 0, 654, 654, 28, 7.46%, 0, 0, 2, 6.05, 16, 120, 0, 370, 103672, 38226, 0, 0.000, 0, 0, 0.365898, 1.000000, 3206, 0, 0, 0, 0, 0, 9, 0
1777100651, 0, 0, 654, 654, 28, 7.46%, 0, 0, 2, 5.70, 16, 120, 0, 370, 103672, 38226, 0, 0.000, 0, 0, 0.367774, 1.000000, 3232, 0, 0, 0, 0, 0, 9, 0
1777100656, 0, 0, 655, 655, 28, 7.46%, 0, 0, 2, 5.68, 16, 120, 0, 370, 103672, 38226, 0, 0.000, 0, 0, 0.369210, 1.000000, 3252, 0, 0, 0, 0, 0, 9, 0
1777100661, 0, 0, 655, 655, 28, 7.46%, 0, 0, 2, 5.65, 16, 120, 0, 370, 103672, 38226, 0, 0.000, 0, 0, 0.371066, 1.000000, 3278, 0, 0, 0, 0, 0, 9, 0
1777100666, 0, 0, 656, 656, 28, 7.46%, 0, 0, 2, 1.10, 16, 120, 0, 370, 103672, 38226, 0, 0.000, 0, 0, 0.372983, 1.000000, 3305, 0, 0, 0, 0, 0, 9, 0
1777100671, 0, 0, 656, 656, 28, 7.46%, 0, 0, 2, 4.08, 16, 120, 0, 370, 103672, 38226, 0, 0.000, 0, 0, 0.374465, 1.000000, 3326, 0, 0, 0, 0, 0, 9, 0
1777100676, 0, 0, 657, 657, 28, 7.46%, 0, 0, 2, 0.66, 16, 120, 0, 370, 103672, 38226, 0, 0.000, 0, 0, 0.375941, 1.000000, 3347, 0, 0, 0, 0, 0, 9, 0
1777100682, 0, 0, 657, 657, 28, 7.46%, 0, 0, 2, 5.85, 16, 120, 0, 370, 103672, 38226, 0, 0.000, 0, 0, 0.377409, 1.000000, 3368, 0, 0, 0, 0, 0, 9, 0
1777100687, 0, 0, 657, 657, 28, 7.46%, 0, 0, 2, 5.51, 16, 120, 0, 370, 103672, 38226, 0, 0.000, 0, 0, 0.379218, 1.000000, 3394, 0, 0, 0, 0, 0, 9, 0
1777100692, 0, 0, 658, 658, 28, 7.46%, 0, 0, 2, 5.42, 16, 120, 0, 370, 103672, 38226, 0, 0.000, 0, 0, 0.380602, 1.000000, 3414, 0, 0, 0, 0, 0, 9, 0
1777100697, 0, 0, 658, 658, 28, 7.46%, 0, 0, 2, 5.41, 16, 120, 0, 370, 103672, 38226, 0, 0.000, 0, 0, 0.382392, 1.000000, 3440, 0, 0, 0, 0, 0, 9, 0
1777100702, 0, 0, 658, 658, 28, 7.46%, 0, 0, 2, 5.57, 16, 120, 0, 370, 103672, 38226, 0, 0.000, 0, 0, 0.384445, 1.000000, 3470, 0, 0, 0, 0, 0, 9, 0
1777100707, 0, 0, 658, 658, 28, 7.46%, 0, 0, 2, 5.94, 16, 120, 0, 370, 103672, 38226, 0, 0.000, 0, 0, 0.386077, 1.000000, 3494, 0, 0, 0, 0, 0, 9, 0
1777100712, 0, 0, 658, 658, 28, 7.46%, 0, 0, 2, 6.03, 16, 120, 0, 370, 103672, 38226, 0, 0.000, 0, 0, 0.388106, 1.000000, 3524, 0, 0, 0, 0, 0, 9, 0
1777100717, 0, 0, 658, 658, 28, 7.46%, 0, 0, 2, 4.91, 16, 120, 0, 370, 103672, 38226, 0, 0.000, 0, 0, 0.389451, 1.000000, 3544, 0, 0, 0, 0, 0, 9, 0
1777100723, 0, 0, 658, 658, 28, 7.46%, 0, 0, 2, 5.69, 16, 120, 0, 370, 103672, 38226, 0, 0.000, 0, 0, 0.391457, 1.000000, 3574, 0, 0, 0, 0, 0, 9, 0
1777100728, 0, 0, 658, 658, 28, 7.46%, 0, 0, 2, 6.02, 16, 120, 0, 370, 103672, 38226, 0, 0.000, 0, 0, 0.393317, 1.000000, 3602, 0, 0, 0, 0, 0, 9, 0
1777100733, 0, 0, 658, 658, 28, 7.46%, 0, 0, 2, 5.50, 16, 120, 0, 370, 103672, 38226, 0, 0.000, 0, 0, 0.395232, 1.000000, 3631, 0, 0, 0, 0, 0, 10, 0
1777100738, 0, 0, 659, 659, 28, 7.46%, 0, 0, 2, 5.89, 16, 120, 0, 370, 103672, 38226, 0, 0.000, 0, 0, 0.396808, 0.678025, 3655, 0, 0, 0, 0, 0, 10, 0
1777100744, 0, 0, 659, 659, 28, 7.46%, 0, 0, 2, 2.04, 16, 120, 0, 370, 103672, 38226, 0, 0.000, 0, 0, 0.398376, 1.000000, 3679, 0, 0, 0, 0, 0, 10, 0
1777100749, 0, 0, 659, 659, 28, 7.46%, 0, 0, 2, 4.24, 16, 120, 0, 370, 103672, 38226, 0, 0.000, 0, 0, 0.400259, 1.000000, 3708, 0, 0, 0, 0, 0, 10, 0
1777100754, 0, 0, 659, 659, 28, 7.46%, 0, 0, 2, 7.55, 16, 120, 0, 370, 103672, 38226, 0, 0.000, 0, 0, 0.401809, 1.000000, 3732, 0, 0, 0, 0, 0, 10, 0
1777100759, 0, 0, 659, 659, 28, 7.46%, 0, 0, 2, 6.32, 16, 120, 0, 370, 103672, 38226, 0, 0.000, 0, 0, 0.403607, 1.000000, 3760, 0, 0, 0, 0, 0, 10, 0
1777100764, 0, 0, 659, 659, 28, 7.46%, 0, 0, 2, 5.76, 16, 120, 0, 370, 103672, 38226, 0, 0.000, 0, 0, 0.405267, 1.000000, 3786, 0, 0, 0, 0, 0, 10, 0
1777100769, 0, 0, 659, 659, 28, 7.46%, 0, 0, 2, 5.98, 16, 120, 0, 370, 103672, 38226, 0, 0.000, 0, 0, 0.407170, 1.000000, 3816, 0, 0, 0, 0, 0, 10, 0
1777100775, 0, 0, 659, 659, 28, 7.46%, 0, 0, 2, 5.53, 16, 120, 0, 370, 103672, 38226, 0, 0.000, 0, 0, 0.408810, 1.000000, 3842, 0, 0, 0, 0, 0, 10, 0
1777100780, 0, 0, 659, 659, 28, 7.46%, 0, 0, 2, 5.84, 16, 120, 0, 370, 103672, 38226, 0, 0.000, 0, 0, 0.410692, 1.000000, 3872, 0, 0, 0, 0, 0, 11, 0
1777100785, 0, 0, 659, 659, 28, 7.46%, 0, 0, 2, 3.50, 16, 120, 0, 370, 103672, 38226, 0, 0.000, 0, 0, 0.412188, 1.000000, 3896, 0, 0, 0, 0, 0, 11, 0
1777100791, 0, 0, 659, 659, 28, 7.46%, 0, 0, 2, 0.67, 16, 120, 0, 370, 103672, 38226, 0, 0.000, 0, 0, 0.413862, 1.000000, 3923, 0, 0, 0, 0, 0, 11, 0
1777100796, 0, 0, 660, 660, 28, 7.46%, 0, 0, 2, 5.37, 16, 120, 0, 370, 103672, 38226, 0, 0.000, 0, 0, 0.415281, 0.766607, 3946, 0, 0, 0, 0, 0, 11, 0
1777100801, 0, 0, 660, 660, 28, 7.46%, 0, 0, 2, 5.29, 16, 120, 0, 370, 103672, 38226, 0, 0.000, 0, 0, 0.416632, 1.000000, 3968, 0, 0, 0, 0, 0, 11, 0
1777100806, 0, 0, 660, 660, 28, 7.46%, 0, 0, 2, 5.44, 16, 120, 0, 370, 103672, 38226, 0, 0.000, 0, 0, 0.418342, 1.000000, 3996, 0, 0, 0, 0, 0, 11, 0
1777100812, 0, 0, 661, 661, 28, 7.46%, 0, 0, 2, 5.20, 16, 120, 0, 370, 103672, 38226, 0, 0.000, 0, 0, 0.419436, 1.000000, 4014, 0, 0, 0, 0, 0, 11, 0
1777100817, 0, 0, 661, 661, 28, 7.46%, 0, 0, 2, 5.52, 16, 120, 0, 370, 103672, 38226, 0, 0.000, 0, 0, 0.421129, 1.000000, 4042, 0, 0, 0, 0, 0, 11, 0
1777100822, 0, 0, 661, 661, 28, 7.46%, 0, 0, 2, 5.93, 16, 120, 0, 370, 103672, 38226, 0, 0.000, 0, 0, 0.422753, 1.000000, 4069, 0, 0, 0, 0, 0, 11, 0
1777100827, 0, 0, 661, 661, 28, 7.46%, 0, 0, 2, 5.81, 16, 120, 0, 370, 103672, 38226, 0, 0.000, 0, 0, 0.424487, 1.000000, 4098, 0, 0, 0, 0, 0, 11, 0
1777100832, 0, 0, 661, 661, 28, 7.46%, 0, 0, 2, 5.62, 16, 120, 0, 370, 103672, 38226, 0, 0.000, 0, 0, 0.425796, 1.000000, 4120, 0, 0, 0, 0, 0, 11, 0
1777100837, 0, 0, 661, 661, 28, 7.46%, 0, 0, 2, 5.58, 16, 120, 0, 370, 103672, 38226, 0, 0.000, 0, 0, 0.427571, 1.000000, 4150, 0, 0, 0, 0, 0, 11, 0
1777100843, 0, 0, 661, 661, 28, 7.46%, 0, 0, 2, 5.33, 16, 120, 0, 370, 103672, 38226, 0, 0.000, 0, 0, 0.429100, 1.000000, 4176, 0, 0, 0, 0, 0, 11, 0
1777100848, 0, 0, 661, 661, 28, 7.46%, 0, 0, 2, 5.60, 16, 120, 0, 370, 103672, 38226, 0, 0.000, 0, 0, 0.430854, 1.000000, 4206, 0, 0, 0, 0, 0, 12, 0
1777100853, 0, 0, 661, 661, 28, 7.46%, 0, 0, 2, 5.47, 16, 120, 0, 370, 103672, 38226, 0, 0.000, 0, 0, 0.432366, 1.000000, 4232, 0, 0, 0, 0, 0, 12, 0
1777100859, 0, 0, 661, 661, 28, 7.46%, 0, 0, 2, 5.23, 16, 120, 0, 370, 103672, 38226, 0, 0.000, 0, 0, 0.433812, 1.000000, 4257, 0, 0, 0, 0, 0, 12, 0
1777100864, 0, 0, 661, 661, 28, 7.46%, 0, 0, 2, 5.64, 16, 120, 0, 370, 103672, 38226, 0, 0.000, 0, 0, 0.435595, 1.000000, 4288, 0, 0, 0, 0, 0, 12, 0
1777100869, 0, 0, 661, 661, 28, 7.46%, 0, 0, 2, 4.88, 16, 120, 0, 370, 103672, 38226, 0, 0.000, 0, 0, 0.436797, 1.000000, 4309, 0, 0, 0, 0, 0, 12, 0
1777100874, 0, 0, 661, 661, 28, 7.46%, 0, 0, 2, 5.39, 16, 120, 0, 370, 103672, 38226, 0, 0.000, 0, 0, 0.438448, 1.000000, 4338, 0, 0, 0, 0, 0, 12, 0
1777100879, 0, 0, 661, 661, 28, 7.46%, 0, 0, 2, 5.60, 16, 120, 0, 370, 103672, 38226, 0, 0.000, 0, 0, 0.440032, 1.000000, 4366, 0, 0, 0, 0, 0, 12, 0
1777100885, 0, 0, 661, 661, 28, 7.46%, 0, 0, 2, 5.59, 16, 120, 0, 370, 103672, 38226, 0, 0.000, 0, 0, 0.441664, 1.000000, 4395, 0, 0, 0, 0, 0, 12, 0
1777100890, 0, 0, 661, 661, 28, 7.46%, 0, 0, 2, 5.47, 16, 120, 0, 370, 103672, 38226, 0, 0.000, 0, 0, 0.443175, 1.000000, 4422, 0, 0, 0, 0, 0, 13, 0
1777100895, 0, 0, 661, 661, 28, 7.46%, 0, 0, 2, 5.46, 16, 120, 0, 370, 103672, 38226, 0, 0.000, 0, 0, 0.444733, 1.000000, 4450, 0, 0, 0, 0, 0, 13, 0
1777100900, 0, 0, 662, 662, 28, 7.47%, 0, 0, 2, 5.34, 16, 120, 0, 370, 103672, 38226, 0, 0.000, 0, 0, 0.446062, 1.000000, 4474, 0, 0, 0, 0, 0, 13, 0
1777100905, 0, 0, 662, 662, 28, 7.47%, 0, 0, 2, 5.59, 16, 120, 0, 370, 103672, 38226, 0, 0.000, 0, 0, 0.447274, 1.000000, 4496, 0, 0, 0, 0, 0, 13, 0
1777100911, 0, 0, 662, 662, 28, 7.47%, 0, 0, 2, 5.99, 16, 120, 0, 370, 103672, 38226, 0, 0.000, 0, 0, 0.448481, 1.000000, 4518, 0, 0, 0, 0, 0, 13, 0
1777100916, 0, 0, 662, 662, 28, 7.47%, 0, 0, 2, 6.09, 16, 120, 0, 370, 103672, 38226, 0, 0.000, 0, 0, 0.450119, 1.000000, 4548, 0, 0, 0, 0, 0, 13, 0
1777100921, 0, 0, 663, 663, 28, 7.48%, 0, 0, 2, 5.53, 16, 120, 0, 370, 103672, 38226, 0, 0.000, 0, 0, 0.451097, 1.000000, 4566, 0, 0, 0, 0, 0, 13, 0
1777100927, 0, 0, 663, 663, 28, 7.48%, 0, 0, 2, 5.40, 16, 120, 0, 370, 103672, 38226, 0, 0.000, 0, 0, 0.452557, 1.000000, 4593, 0, 0, 0, 0, 0, 13, 0
1777100932, 0, 0, 664, 664, 28, 7.48%, 0, 0, 2, 5.76, 16, 120, 0, 370, 103672, 38226, 0, 0.000, 0, 0, 0.453795, 1.000000, 4616, 0, 0, 0, 0, 0, 13, 0
1777100937, 0, 0, 664, 664, 28, 7.48%, 0, 0, 2, 7.71, 16, 120, 0, 370, 103672, 38226, 0, 0.000, 0, 0, 0.455241, 1.000000, 4643, 0, 0, 0, 0, 0, 13, 0
1777100942, 0, 0, 664, 664, 28, 7.48%, 0, 0, 2, 6.60, 16, 120, 0, 370, 103672, 38226, 0, 0.000, 0, 0, 0.456785, 1.000000, 4672, 0, 0, 0, 0, 0, 13, 0
1777100947, 0, 0, 664, 664, 28, 7.48%, 0, 0, 2, 4.96, 16, 120, 0, 370, 103672, 38226, 0, 0.000, 0, 0, 0.457845, 1.000000, 4692, 0, 0, 0, 0, 0, 13, 0
1777100952, 0, 0, 664, 664, 28, 7.48%, 0, 0, 2, 5.27, 16, 120, 0, 370, 103672, 38226, 0, 0.000, 0, 0, 0.459323, 1.000000, 4720, 0, 0, 0, 0, 0, 13, 0
1777100957, 0, 0, 664, 664, 28, 7.48%, 0, 0, 2, 5.32, 16, 120, 0, 370, 103672, 38226, 0, 0.000, 0, 0, 0.460687, 1.000000, 4746, 0, 0, 0, 0, 0, 13, 0
1777100963, 0, 0, 664, 664, 28, 7.48%, 0, 0, 2, 6.02, 16, 120, 0, 370, 103672, 38226, 0, 0.000, 0, 0, 0.462357, 1.000000, 4778, 0, 0, 0, 0, 0, 13, 0
1777100968, 0, 0, 664, 664, 28, 7.48%, 0, 0, 2, 5.60, 16, 120, 0, 370, 103672, 38226, 0, 0.000, 0, 0, 0.463707, 1.000000, 4804, 0, 0, 0, 0, 0, 13, 0
1777100973, 0, 0, 665, 665, 28, 7.48%, 0, 0, 2, 5.52, 16, 120, 0, 370, 103672, 38226, 0, 0.000, 0, 0, 0.465101, 0.931000, 4831, 0, 0, 0, 0, 0, 14, 0
1777100978, 0, 0, 665, 665, 28, 7.48%, 0, 0, 2, 3.79, 16, 120, 0, 370, 103672, 38226, 0, 0.000, 0, 0, 0.465975, 1.000000, 4848, 0, 0, 0, 0, 0, 14, 0
1777100984, 0, 0, 666, 666, 28, 7.48%, 0, 0, 2, 0.67, 16, 120, 0, 370, 103672, 38226, 0, 0.000, 0, 0, 0.467204, 0.823423, 4872, 0, 0, 0, 0, 0, 14, 0
1777100989, 0, 0, 666, 666, 28, 7.48%, 0, 0, 2, 5.73, 16, 120, 0, 370, 103672, 38226, 0, 0.000, 0, 0, 0.468427, 1.000000, 4896, 0, 0, 0, 0, 0, 14, 0
1777100994, 0, 0, 666, 666, 28, 7.48%, 0, 0, 2, 5.48, 16, 120, 0, 370, 103672, 38226, 0, 0.000, 0, 0, 0.469746, 1.000000, 4922, 0, 0, 0, 0, 0, 14, 0
1777100999, 0, 0, 667, 667, 28, 7.48%, 0, 0, 2, 5.60, 16, 120, 0, 370, 103672, 38226, 0, 0.000, 0, 0, 0.470756, 1.000000, 4942, 0, 0, 0, 0, 0, 14, 0
1777101004, 0, 0, 667, 667, 28, 7.48%, 0, 0, 2, 5.49, 16, 120, 0, 370, 103672, 38226, 0, 0.000, 0, 0, 0.472064, 1.000000, 4968, 0, 0, 0, 0, 0, 14, 0
1777101009, 0, 0, 667, 667, 28, 7.48%, 0, 0, 2, 5.55, 16, 120, 0, 370, 103672, 38226, 0, 0.000, 0, 0, 0.473465, 1.000000, 4996, 0, 0, 0, 0, 0, 14, 0
1777101014, 0, 0, 667, 667, 28, 7.48%, 0, 0, 2, 5.28, 16, 120, 0, 370, 103672, 38226, 0, 0.000, 0, 0, 0.474660, 1.000000, 5020, 0, 0, 0, 0, 0, 14, 0
1777101020, 0, 0, 667, 667, 28, 7.48%, 0, 0, 2, 5.50, 16, 120, 0, 370, 103672, 38226, 0, 0.000, 0, 0, 0.476146, 1.000000, 5050, 0, 0, 0, 0, 0, 14, 0
1777101025, 0, 0, 667, 667, 28, 7.48%, 0, 0, 2, 6.12, 16, 120, 0, 370, 103672, 38226, 0, 0.000, 0, 0, 0.477132, 1.000000, 5070, 0, 0, 0, 0, 0, 14, 0
1777101030, 0, 0, 668, 668, 28, 7.49%, 0, 0, 2, 5.62, 16, 120, 0, 370, 103672, 38226, 0, 0.000, 0, 0, 0.478114, 1.000000, 5090, 0, 0, 0, 0, 0, 14, 0
1777101035, 0, 0, 669, 669, 28, 7.49%, 0, 0, 2, 5.67, 16, 120, 0, 370, 103672, 38226, 0, 0.000, 0, 0, 0.479092, 1.000000, 5110, 0, 0, 0, 0, 0, 14, 0
1777101040, 0, 0, 670, 670, 28, 7.49%, 0, 0, 2, 5.66, 16, 120, 0, 370, 103672, 38226, 0, 0.000, 0, 0, 0.480067, 1.000000, 5130, 0, 0, 0, 0, 0, 14, 0
1777101045, 0, 0, 670, 670, 28, 7.49%, 0, 0, 2, 6.04, 16, 120, 0, 370, 103672, 38226, 0, 0.000, 0, 0, 0.481426, 1.000000, 5158, 0, 0, 0, 0, 0, 14, 0
1777101051, 0, 0, 670, 670, 28, 7.49%, 0, 0, 2, 1.13, 16, 120, 0, 370, 103672, 38226, 0, 0.000, 0, 0, 0.482730, 1.000000, 5185, 0, 0, 0, 0, 0, 14, 0
1777101056, 0, 0, 670, 670, 28, 7.49%, 0, 0, 2, 6.48, 16, 120, 0, 370, 103672, 38226, 0, 0.000, 0, 0, 0.484218, 1.000000, 5216, 0, 0, 0, 0, 0, 14, 0
1777101061, 0, 0, 670, 670, 28, 7.49%, 0, 0, 2, 4.60, 16, 120, 0, 370, 103672, 38226, 0, 0.000, 0, 0, 0.485270, 1.000000, 5238, 0, 0, 0, 0, 0, 14, 0
1777101067, 0, 0, 670, 670, 28, 7.49%, 0, 0, 2, 5.42, 16, 120, 0, 370, 103672, 38226, 0, 0.000, 0, 0, 0.486696, 1.000000, 5268, 0, 0, 0, 0, 0, 14, 0
1777101072, 1, 23, 671, 670, 0, 7.49%, 0, 0, 2, 5.46, 16, 120, 0, 370, 103672, 38226, 0, 0.000, 0, 0, 0.487879, 0.931000, 5293, 0, 0, 0, 0, 0, 14, 0
1777101077, 1, 23, 673, 672, 0, 7.50%, 0, 0, 2, 6.23, 16, 120, 0, 370, 103672, 38226, 0, 0.000, 0, 0, 0.488445, 0.713711, 5305, 0, 0, 0, 0, 0, 14, 0
1777101082, 1, 23, 674, 673, 0, 7.50%, 0, 0, 2, 5.74, 16, 120, 0, 370, 103672, 38226, 0, 0.000, 0, 0, 0.489244, 1.000000, 5322, 0, 0, 0, 0, 0, 14, 0
1777101087, 1, 23, 675, 674, 0, 7.50%, 0, 0, 2, 5.79, 16, 120, 0, 370, 103672, 38226, 0, 0.000, 0, 0, 0.490322, 0.618617, 5345, 0, 0, 0, 0, 0, 14, 0
1777101093, 1, 23, 676, 675, 0, 7.50%, 0, 0, 2, 5.73, 16, 120, 0, 370, 103672, 38226, 0, 0.000, 0, 0, 0.491116, 1.000000, 5362, 0, 0, 0, 0, 0, 14, 0
1777101098, 1, 23, 678, 677, 0, 7.50%, 0, 0, 2, 0.67, 16, 120, 0, 370, 103672, 38226, 0, 0.000, 0, 0, 0.491907, 1.000000, 5379, 0, 0, 0, 0, 0, 14, 0
1777101103, 1, 23, 679, 678, 0, 7.50%, 0, 0, 2, 5.65, 16, 120, 0, 370, 103672, 38226, 0, 0.000, 0, 0, 0.492603, 1.000000, 5394, 0, 0, 0, 0, 0, 14, 0
1777101109, 1, 23, 680, 679, 0, 7.50%, 0, 0, 2, 5.47, 16, 120, 0, 370, 103672, 38226, 0, 0.000, 0, 0, 0.493435, 1.000000, 5412, 0, 0, 0, 0, 0, 14, 0
1777101114, 1, 23, 681, 680, 0, 7.50%, 0, 0, 2, 6.96, 16, 120, 0, 370, 103672, 38226, 0, 0.000, 0, 0, 0.494679, 1.000000, 5439, 0, 0, 0, 0, 0, 14, 0
1777101119, 1, 23, 682, 681, 0, 7.50%, 0, 0, 2, 5.85, 16, 120, 0, 370, 103672, 38226, 0, 0.000, 0, 0, 0.495459, 1.000000, 5456, 0, 0, 0, 0, 0, 14, 0
1777101124, 1, 23, 683, 682, 0, 7.50%, 0, 0, 2, 5.78, 16, 120, 0, 370, 103672, 38226, 0, 0.000, 0, 0, 0.496465, 1.000000, 5478, 0, 0, 0, 0, 0, 14, 0
1777101129, 1, 23, 684, 683, 0, 7.50%, 0, 0, 2, 7.82, 16, 120, 0, 370, 103672, 38226, 0, 0.000, 0, 0, 0.497558, 1.000000, 5502, 0, 0, 0, 0, 0, 14, 0
1777101134, 1, 23, 685, 684, 0, 7.51%, 0, 0, 2, 0.66, 16, 120, 0, 370, 103672, 38226, 0, 0.000, 0, 0, 0.498148, 1.000000, 5515, 0, 0, 0, 0, 0, 14, 0
1777101139, 1, 23, 686, 685, 0, 7.51%, 0, 0, 2, 6.26, 16, 121, 0, 370, 103672, 38226, 0, 0.000, 0, 0, 0.499189, 1.000000, 5538, 0, 0, 0, 0, 0, 14, 0
1777101144, 1, 23, 687, 686, 0, 7.51%, 0, 0, 2, 5.65, 16, 121, 0, 370, 103672, 38226, 0, 0.000, 0, 0, 0.500045, 0.618617, 5557, 0, 0, 0, 0, 0, 14, 0
1777101149, 1, 23, 687, 686, 0, 7.51%, 0, 0, 2, 5.59, 16, 121, 0, 370, 103672, 38226, 0, 0.000, 0, 0, 0.501257, 1.000000, 5584, 0, 0, 0, 0, 0, 14, 0
1777101155, 1, 23, 687, 686, 0, 7.51%, 0, 0, 2, 5.60, 16, 121, 0, 370, 103672, 38226, 0, 0.000, 0, 0, 0.502507, 1.000000, 5612, 0, 0, 0, 0, 0, 14, 0
1777101160, 1, 23, 688, 687, 0, 7.51%, 0, 0, 2, 5.78, 16, 121, 0, 370, 103672, 38226, 0, 0.000, 0, 0, 0.503485, 1.000000, 5634, 0, 0, 0, 0, 0, 14, 0
1777101165, 1, 23, 689, 688, 0, 7.51%, 0, 0, 2, 5.55, 16, 121, 0, 370, 103672, 38226, 0, 0.000, 0, 0, 0.504194, 1.000000, 5650, 0, 0, 0, 0, 0, 14, 0
1777101170, 1, 23, 690, 689, 0, 7.51%, 0, 0, 2, 6.17, 16, 121, 0, 370, 103672, 38226, 0, 0.000, 0, 0, 0.505254, 1.000000, 5674, 0, 0, 0, 0, 0, 14, 0
1777101175, 1, 23, 690, 689, 0, 7.51%, 0, 0, 2, 5.16, 16, 121, 0, 370, 103672, 38226, 0, 0.000, 0, 0, 0.506221, 1.000000, 5696, 0, 0, 0, 0, 0, 14, 0
1777101181, 1, 23, 690, 689, 0, 7.51%, 0, 0, 2, 5.52, 16, 121, 0, 370, 103672, 38226, 0, 0.000, 0, 0, 0.507490, 1.000000, 5725, 0, 0, 0, 0, 0, 14, 0
1777101186, 1, 23, 691, 690, 0, 7.51%, 0, 0, 2, 5.76, 16, 121, 0, 370, 103672, 38226, 0, 0.000, 0, 0, 0.508493, 1.000000, 5748, 0, 0, 0, 0, 0, 14, 0
1777101191, 1, 23, 692, 691, 0, 7.52%, 0, 0, 2, 5.63, 16, 121, 0, 370, 103672, 38226, 0, 0.000, 0, 0, 0.509317, 0.587686, 5767, 0, 0, 0, 0, 0, 14, 0
1777101196, 1, 23, 693, 692, 0, 7.52%, 0, 0, 2, 6.72, 16, 121, 0, 370, 103672, 38226, 0, 0.000, 0, 0, 0.510441, 0.618617, 5793, 0, 0, 0, 0, 0, 14, 0
1777101201, 1, 23, 693, 692, 0, 7.52%, 0, 0, 2, 6.27, 16, 121, 0, 370, 103672, 38226, 0, 0.000, 0, 0, 0.511560, 1.000000, 5819, 0, 0, 0, 0, 0, 14, 0
1777101206, 1, 23, 694, 693, 0, 7.52%, 0, 0, 2, 6.01, 16, 121, 0, 370, 103672, 38226, 0, 0.000, 0, 0, 0.512461, 1.000000, 5840, 0, 0, 0, 0, 0, 14, 0
1777101211, 1, 23, 694, 693, 0, 7.52%, 0, 0, 2, 6.14, 16, 121, 0, 370, 103672, 38226, 0, 0.000, 0, 0, 0.513485, 1.000000, 5864, 0, 0, 0, 0, 0, 14, 0
1777101217, 1, 23, 695, 694, 0, 7.52%, 0, 0, 2, 5.59, 16, 121, 0, 370, 103672, 38226, 0, 0.000, 0, 0, 0.514378, 1.000000, 5885, 0, 0, 0, 0, 0, 14, 0
1777101222, 1, 23, 696, 695, 0, 7.52%, 0, 0, 2, 6.12, 16, 121, 0, 370, 103672, 38226, 0, 0.000, 0, 0, 0.515564, 0.806954, 5913, 0, 0, 0, 0, 0, 14, 0
1777101227, 1, 23, 696, 695, 0, 7.52%, 0, 0, 2, 5.99, 16, 121, 0, 370, 103672, 38226, 0, 0.000, 0, 0, 0.516533, 1.000000, 5936, 0, 0, 0, 0, 0, 14, 0
1777101232, 1, 23, 696, 695, 0, 7.52%, 0, 0, 2, 5.96, 16, 121, 0, 370, 103672, 38226, 0, 0.000, 0, 0, 0.517792, 1.000000, 5966, 0, 0, 0, 0, 0, 14, 0
1777101237, 1, 23, 696, 695, 0, 7.52%, 0, 0, 2, 3.68, 16, 121, 0, 370, 103672, 38226, 0, 0.000, 0, 0, 0.518961, 1.000000, 5994, 0, 0, 0, 0, 0, 14, 0
1777101244, 1, 23, 696, 695, 0, 7.52%, 0, 0, 2, 5.28, 16, 121, 0, 370, 103672, 38226, 0, 0.000, 0, 0, 0.520332, 1.000000, 6027, 0, 0, 0, 0, 0, 14, 0
1777101249, 1, 23, 696, 695, 0, 7.52%, 0, 0, 2, 5.70, 16, 121, 0, 370, 103672, 38226, 0, 0.000, 0, 0, 0.521612, 1.000000, 6058, 0, 0, 0, 0, 0, 14, 0
1777101254, 1, 23, 697, 696, 0, 7.53%, 0, 0, 2, 6.49, 16, 121, 0, 370, 103672, 38226, 0, 0.000, 0, 0, 0.522557, 0.618617, 6081, 0, 0, 0, 0, 0, 14, 0
1777101259, 1, 23, 698, 697, 0, 7.53%, 0, 0, 2, 5.94, 16, 121, 0, 370, 103672, 38226, 0, 0.000, 0, 0, 0.523540, 0.664465, 6105, 0, 0, 0, 0, 0, 14, 0
1777101264, 1, 23, 698, 697, 0, 7.53%, 0, 0, 2, 5.85, 16, 121, 0, 370, 103672, 38226, 0, 0.000, 0, 0, 0.524519, 1.000000, 6129, 0, 0, 0, 0, 0, 14, 0
1777101269, 1, 23, 698, 697, 0, 7.53%, 0, 0, 2, 5.78, 16, 121, 0, 370, 103672, 38226, 0, 0.000, 0, 0, 0.525696, 1.000000, 6158, 0, 0, 0, 0, 0, 14, 0
1777101275, 1, 23, 699, 698, 0, 7.53%, 0, 0, 2, 7.38, 16, 121, 0, 370, 103672, 38226, 0, 0.000, 0, 0, 0.526504, 1.000000, 6178, 0, 0, 0, 0, 0, 14, 0
1777101280, 1, 23, 700, 699, 0, 7.53%, 0, 0, 2, 0.66, 16, 121, 0, 370, 103672, 38226, 0, 0.000, 0, 0, 0.527511, 1.000000, 6203, 0, 0, 0, 0, 0, 14, 0
1777101285, 1, 23, 700, 699, 0, 7.53%, 0, 0, 2, 5.40, 16, 121, 0, 370, 103672, 38226, 0, 0.000, 0, 0, 0.528433, 1.000000, 6226, 0, 0, 0, 0, 0, 14, 0
1777101290, 1, 23, 701, 700, 0, 7.53%, 0, 0, 2, 5.11, 16, 121, 0, 370, 103672, 38226, 0, 0.000, 0, 0, 0.529073, 1.000000, 6242, 0, 0, 0, 0, 0, 14, 0
1777101296, 1, 23, 701, 700, 0, 7.53%, 0, 0, 2, 5.35, 16, 121, 0, 370, 103672, 38226, 0, 0.000, 0, 0, 0.530267, 1.000000, 6272, 0, 0, 0, 0, 0, 14, 0
1777101301, 1, 23, 701, 700, 0, 7.53%, 0, 0, 2, 5.45, 16, 121, 0, 370, 103672, 38226, 0, 0.000, 0, 0, 0.531377, 1.000000, 6300, 0, 0, 0, 0, 0, 14, 0
1777101306, 1, 23, 702, 701, 0, 7.53%, 0, 0, 2, 5.75, 16, 121, 0, 370, 103672, 38226, 0, 0.000, 0, 0, 0.532244, 1.000000, 6322, 0, 0, 0, 0, 0, 14, 0
1777101311, 1, 23, 702, 701, 0, 7.53%, 0, 0, 2, 6.99, 16, 121, 0, 370, 103672, 38226, 0, 0.000, 0, 0, 0.533266, 1.000000, 6348, 0, 0, 0, 0, 0, 14, 0
1777101317, 1, 23, 702, 701, 0, 7.53%, 0, 0, 2, 6.14, 16, 121, 0, 370, 103672, 38226, 0, 0.000, 0, 0, 0.534439, 1.000000, 6378, 0, 0, 0, 0, 0, 14, 0
1777101322, 1, 23, 703, 702, 0, 7.53%, 0, 0, 2, 5.47, 16, 121, 0, 370, 103672, 38226, 0, 0.000, 0, 0, 0.535063, 0.713711, 6394, 0, 0, 0, 0, 0, 14, 0
1777101327, 1, 23, 703, 702, 0, 7.53%, 0, 0, 2, 5.46, 16, 121, 0, 370, 103672, 38226, 0, 0.000, 0, 0, 0.536111, 1.000000, 6421, 0, 0, 0, 0, 0, 14, 0
1777101333, 1, 23, 703, 702, 0, 7.53%, 0, 0, 2, 5.87, 16, 121, 0, 370, 103672, 38226, 0, 0.000, 0, 0, 0.537386, 1.000000, 6454, 0, 0, 0, 0, 0, 14, 0
1777101338, 1, 23, 705, 704, 0, 7.53%, 0, 0, 2, 5.39, 16, 121, 0, 370, 103672, 38226, 0, 0.000, 0, 0, 0.537886, 0.713711, 6467, 0, 0, 0, 0, 0, 14, 0
1777101343, 1, 23, 705, 704, 0, 7.53%, 0, 0, 2, 5.89, 16, 121, 0, 370, 103672, 38226, 0, 0.000, 0, 0, 0.538921, 1.000000, 6494, 0, 0, 0, 0, 0, 14, 0
1777101348, 1, 23, 706, 705, 0, 7.53%, 0, 0, 2, 5.49, 16, 121, 0, 370, 103672, 38226, 0, 0.000, 0, 0, 0.539494, 1.000000, 6509, 0, 0, 0, 0, 0, 14, 0
1777101353, 1, 23, 707, 706, 0, 7.53%, 0, 0, 2, 5.73, 16, 121, 0, 370, 103672, 38226, 0, 0.000, 0, 0, 0.540333, 1.000000, 6531, 0, 0, 0, 0, 0, 14, 0
1777101358, 1, 23, 707, 706, 0, 7.53%, 0, 0, 2, 5.61, 16, 121, 0, 370, 103672, 38226, 0, 0.000, 0, 0, 0.541130, 1.000000, 6552, 0, 0, 0, 0, 0, 14, 0
1777101363, 1, 23, 707, 706, 0, 7.53%, 0, 0, 2, 5.80, 16, 121, 0, 370, 103672, 38226, 0, 0.000, 0, 0, 0.542264, 1.000000, 6582, 0, 0, 0, 0, 0, 14, 0
1777101369, 1, 23, 707, 706, 0, 7.53%, 0, 0, 2, 5.77, 16, 121, 0, 370, 103672, 38226, 0, 0.000, 0, 0, 0.543317, 1.000000, 6610, 0, 0, 0, 0, 0, 14, 0
1777101374, 1, 23, 708, 707, 0, 7.53%, 0, 0, 2, 5.51, 16, 121, 0, 370, 103672, 38226, 0, 0.000, 0, 0, 0.544179, 0.713711, 6633, 0, 0, 0, 0, 0, 14, 0
1777101379, 1, 23, 709, 708, 0, 7.54%, 0, 0, 2, 6.23, 16, 121, 0, 370, 103672, 38226, 0, 0.000, 0, 0, 0.544889, 1.000000, 6652, 0, 0, 0, 0, 0, 14, 0
1777101384, 1, 23, 710, 709, 0, 7.54%, 0, 0, 2, 1.30, 16, 121, 0, 370, 103672, 38226, 0, 0.000, 0, 0, 0.545670, 0.866761, 6673, 0, 0, 0, 0, 0, 14, 0
1777101389, 1, 23, 710, 709, 0, 7.54%, 0, 0, 2, 4.17, 16, 121, 0, 370, 103672, 38226, 0, 0.000, 0, 0, 0.546486, 1.000000, 6695, 0, 0, 0, 0, 0, 14, 0
1777101394, 1, 23, 711, 710, 0, 7.54%, 0, 0, 2, 4.63, 16, 121, 0, 370, 103672, 38226, 0, 0.000, 0, 0, 0.547151, 0.806954, 6713, 0, 0, 0, 0, 0, 14, 0
1777101399, 1, 23, 711, 710, 0, 7.54%, 0, 0, 2, 5.59, 16, 121, 0, 370, 103672, 38226, 0, 0.000, 0, 0, 0.548072, 1.000000, 6738, 0, 0, 0, 0, 0, 14, 0
1777101404, 1, 23, 711, 710, 0, 7.54%, 0, 0, 2, 5.64, 16, 121, 0, 370, 103672, 38226, 0, 0.000, 0, 0, 0.549026, 1.000000, 6764, 0, 0, 0, 0, 0, 14, 0
1777101409, 1, 23, 711, 710, 0, 7.54%, 0, 0, 2, 5.80, 16, 121, 0, 370, 103672, 38226, 0, 0.000, 0, 0, 0.550121, 1.000000, 6794, 0, 0, 0, 0, 0, 14, 0
1777101414, 1, 23, 711, 710, 0, 7.54%, 0, 0, 2, 5.73, 16, 121, 0, 370, 103672, 38226, 0, 0.000, 0, 0, 0.551103, 1.000000, 6821, 0, 0, 0, 0, 0, 14, 0
1777101420, 1, 23, 712, 711, 0, 7.55%, 0, 0, 2, 5.92, 16, 121, 0, 370, 103672, 38226, 0, 0.000, 0, 0, 0.552008, 0.664465, 6846, 0, 0, 0, 0, 0, 14, 0
1777101425, 1, 23, 712, 711, 0, 7.55%, 0, 0, 2, 6.85, 16, 121, 0, 370, 103672, 38226, 0, 0.000, 0, 0, 0.552873, 1.000000, 6870, 0, 0, 0, 0, 0, 14, 0
1777101431, 1, 23, 712, 711, 0, 7.55%, 0, 0, 2, 0.67, 16, 121, 0, 370, 103672, 38226, 0, 0.000, 0, 0, 0.553914, 1.000000, 6899, 0, 0, 0, 0, 0, 14, 0
1777101436, 1, 23, 713, 712, 0, 7.55%, 0, 0, 2, 6.35, 16, 121, 0, 370, 103672, 38226, 0, 0.000, 0, 0, 0.554808, 1.000000, 6924, 0, 0, 0, 0, 0, 14, 0
1777101442, 1, 23, 714, 713, 0, 7.55%, 0, 0, 2, 5.60, 16, 121, 0, 370, 103672, 38226, 0, 0.000, 0, 0, 0.555413, 1.000000, 6941, 0, 0, 0, 0, 0, 14, 0
1777101447, 1, 23, 715, 714, 0, 7.55%, 0, 0, 2, 7.13, 16, 121, 0, 370, 103672, 38226, 0, 0.000, 0, 0, 0.556407, 0.587686, 6969, 0, 0, 0, 0, 0, 14, 0
1777101452, 1, 23, 715, 714, 0, 7.55%, 0, 0, 2, 5.79, 16, 121, 0, 370, 103672, 38226, 0, 0.000, 0, 0, 0.557291, 1.000000, 6994, 0, 0, 0, 0, 0, 14, 0
1777101458, 1, 23, 716, 715, 0, 7.56%, 0, 0, 2, 0.94, 16, 121, 0, 370, 103672, 38226, 0, 0.000, 0, 0, 0.558101, 1.000000, 7017, 0, 0, 0, 0, 0, 14, 0
1777101463, 1, 23, 716, 715, 0, 7.56%, 0, 0, 2, 5.24, 16, 121, 0, 370, 103672, 38226, 0, 0.000, 0, 0, 0.559083, 1.000000, 7045, 0, 0, 0, 0, 0, 14, 0
1777101469, 1, 23, 717, 716, 0, 7.56%, 0, 0, 2, 0.66, 16, 121, 0, 370, 103672, 38226, 0, 0.000, 0, 0, 0.559642, 0.664465, 7061, 0, 0, 0, 0, 0, 14, 0
1777101474, 1, 23, 718, 717, 0, 7.56%, 0, 0, 2, 5.83, 16, 121, 0, 370, 103672, 38226, 0, 0.000, 0, 0, 0.560373, 1.000000, 7082, 0, 0, 0, 0, 0, 14, 0
1777101479, 1, 23, 719, 718, 0, 7.56%, 0, 0, 2, 5.52, 16, 121, 0, 370, 103672, 38226, 0, 0.000, 0, 0, 0.560999, 0.587686, 7100, 0, 0, 0, 0, 0, 14, 0
1777101484, 1, 23, 720, 719, 0, 7.57%, 0, 0, 2, 6.20, 16, 121, 0, 370, 103672, 38226, 0, 0.000, 0, 0, 0.561968, 1.000000, 7128, 0, 0, 0, 0, 0, 14, 0
1777101490, 1, 23, 720, 719, 0, 7.57%, 0, 0, 2, 5.96, 16, 121, 0, 370, 103672, 38226, 0, 0.000, 0, 0, 0.562933, 1.000000, 7156, 0, 0, 0, 0, 0, 14, 0
1777101495, 1, 23, 720, 719, 0, 7.57%, 0, 0, 2, 1.08, 16, 121, 0, 370, 103672, 38226, 0, 0.000, 0, 0, 0.563927, 1.000000, 7185, 0, 0, 0, 0, 0, 14, 0
1777101500, 1, 23, 720, 719, 0, 7.57%, 0, 0, 2, 5.59, 16, 121, 0, 370, 103672, 38226, 0, 0.000, 0, 0, 0.564918, 1.000000, 7214, 0, 0, 0, 0, 0, 14, 0
1777101505, 1, 23, 720, 719, 0, 7.57%, 0, 0, 2, 7.33, 16, 121, 0, 370, 103672, 38226, 0, 0.000, 0, 0, 0.565700, 1.000000, 7237, 0, 0, 0, 0, 0, 14, 0
1777101511, 1, 23, 720, 719, 0, 7.57%, 0, 0, 2, 6.77, 16, 121, 0, 370, 103672, 38226, 0, 0.000, 0, 0, 0.566851, 1.000000, 7271, 0, 0, 0, 0, 0, 14, 0
1777101516, 1, 23, 721, 720, 0, 7.57%, 0, 0, 2, 6.48, 16, 121, 0, 370, 103672, 38226, 0, 0.000, 0, 0, 0.567593, 1.000000, 7293, 0, 0, 0, 0, 0, 14, 0
1777101521, 1, 23, 721, 720, 0, 7.57%, 0, 0, 2, 5.97, 16, 121, 0, 370, 103672, 38226, 0, 0.000, 0, 0, 0.568600, 1.000000, 7323, 0, 0, 0, 0, 0, 14, 0
1777101526, 1, 23, 721, 720, 0, 7.57%, 0, 0, 2, 6.39, 16, 121, 0, 370, 103672, 38226, 0, 0.000, 0, 0, 0.569636, 1.000000, 7354, 0, 0, 0, 0, 0, 14, 0
1777101531, 1, 23, 721, 720, 0, 7.57%, 0, 0, 2, 6.22, 16, 121, 0, 370, 103672, 38226, 0, 0.000, 0, 0, 0.570601, 1.000000, 7383, 0, 0, 0, 0, 0, 14, 0
1777101536, 1, 23, 721, 720, 0, 7.57%, 0, 0, 2, 6.18, 16, 121, 0, 370, 103672, 38226, 0, 0.000, 0, 0, 0.571627, 1.000000, 7414, 0, 0, 0, 0, 0, 14, 0
1777101541, 1, 23, 721, 720, 0, 7.57%, 0, 0, 2, 5.30, 16, 121, 0, 370, 103672, 38226, 0, 0.000, 0, 0, 0.572352, 1.000000, 7436, 0, 0, 0, 0, 0, 14, 0
1777101547, 1, 23, 721, 720, 0, 7.57%, 0, 0, 2, 5.76, 16, 121, 0, 370, 103672, 38226, 0, 0.000, 0, 0, 0.573370, 1.000000, 7467, 0, 0, 0, 0, 0, 14, 0
1777101552, 1, 23, 722, 721, 0, 7.57%, 0, 0, 2, 5.86, 16, 121, 0, 370, 103672, 38226, 0, 0.000, 0, 0, 0.573992, 1.000000, 7486, 0, 0, 0, 0, 0, 15, 0
1777101557, 1, 23, 723, 722, 0, 7.57%, 0, 0, 2, 6.13, 16, 121, 0, 370, 103672, 38226, 0, 0.000, 0, 0, 0.574774, 1.000000, 7510, 0, 0, 0, 0, 0, 15, 0
1777101562, 1, 23, 723, 722, 0, 7.57%, 0, 0, 2, 6.03, 16, 121, 0, 370, 103672, 38226, 0, 0.000, 0, 0, 0.575684, 1.000000, 7538, 0, 0, 0, 0, 0, 15, 0
1777101567, 1, 23, 724, 723, 0, 7.57%, 0, 0, 2, 6.00, 16, 121, 0, 370, 103672, 38226, 0, 0.000, 0, 0, 0.576428, 0.766607, 7561, 0, 0, 0, 0, 0, 15, 0
1777101572, 1, 23, 724, 723, 0, 7.57%, 0, 0, 2, 6.11, 16, 121, 0, 370, 103672, 38226, 0, 0.000, 0, 0, 0.577298, 1.000000, 7588, 0, 0, 0, 0, 0, 15, 0
1777101577, 1, 23, 724, 723, 0, 7.57%, 0, 0, 2, 6.23, 16, 121, 0, 370, 103672, 38226, 0, 0.000, 0, 0, 0.578036, 1.000000, 7611, 0, 0, 0, 0, 0, 15, 0
1777101583, 1, 23, 724, 723, 0, 7.57%, 0, 0, 2, 5.91, 16, 121, 0, 370, 103672, 38226, 0, 0.000, 0, 0, 0.578995, 1.000000, 7641, 0, 0, 0, 0, 0, 15, 0
1777101588, 1, 23, 725, 724, 0, 7.57%, 0, 0, 2, 6.21, 16, 121, 0, 370, 103672, 38226, 0, 0.000, 0, 0, 0.579664, 1.000000, 7662, 0, 0, 0, 0, 0, 15, 0
1777101593, 1, 23, 725, 724, 0, 7.57%, 0, 0, 2, 6.41, 16, 121, 0, 370, 103672, 38226, 0, 0.000, 0, 0, 0.580679, 1.000000, 7694, 0, 0, 0, 0, 0, 15, 0
1777101598, 1, 23, 725, 724, 0, 7.57%, 0, 0, 2, 6.03, 16, 121, 0, 370, 103672, 38226, 0, 0.000, 0, 0, 0.581563, 1.000000, 7722, 0, 0, 0, 0, 0, 15, 0
1777101603, 1, 23, 725, 724, 0, 7.57%, 0, 0, 2, 1.83, 16, 121, 0, 370, 103672, 38226, 0, 0.000, 0, 0, 0.582444, 1.000000, 7750, 0, 0, 0, 0, 0, 15, 0
1777101608, 1, 23, 725, 724, 0, 7.57%, 0, 0, 2, 4.41, 16, 121, 0, 370, 103672, 38226, 0, 0.000, 0, 0, 0.583383, 1.000000, 7780, 0, 0, 0, 0, 0, 15, 0
1777101614, 1, 23, 725, 724, 0, 7.57%, 0, 0, 2, 4.60, 16, 121, 0, 370, 103672, 38226, 0, 0.000, 0, 0, 0.584069, 1.000000, 7802, 0, 0, 0, 0, 0, 15, 0
1777101619, 1, 23, 725, 724, 0, 7.57%, 0, 0, 2, 5.61, 16, 121, 0, 370, 103672, 38226, 0, 0.000, 0, 0, 0.585063, 1.000000, 7834, 0, 0, 0, 0, 0, 15, 0
1777101624, 1, 23, 726, 725, 0, 7.57%, 0, 0, 2, 5.63, 16, 121, 0, 370, 103672, 38226, 0, 0.000, 0, 0, 0.585682, 1.000000, 7854, 0, 0, 0, 0, 0, 15, 0
1777101629, 1, 23, 726, 725, 0, 7.57%, 0, 0, 2, 5.53, 16, 121, 0, 370, 103672, 38226, 0, 0.000, 0, 0, 0.586607, 1.000000, 7884, 0, 0, 0, 0, 0, 15, 0
1777101635, 1, 23, 726, 725, 0, 7.57%, 0, 0, 2, 5.57, 16, 121, 0, 370, 103672, 38226, 0, 0.000, 0, 0, 0.587467, 1.000000, 7912, 0, 0, 0, 0, 0, 15, 0
1777101640, 1, 23, 727, 726, 0, 7.57%, 0, 0, 2, 5.13, 16, 121, 0, 370, 103672, 38226, 0, 0.000, 0, 0, 0.587987, 1.000000, 7929, 0, 0, 0, 0, 0, 15, 0
1777101645, 1, 23, 728, 727, 0, 7.57%, 0, 0, 2, 6.61, 16, 121, 0, 370, 103672, 38226, 0, 0.000, 0, 0, 0.588810, 1.000000, 7956, 0, 0, 0, 0, 0, 15, 0
1777101650, 1, 23, 729, 728, 0, 7.57%, 0, 0, 2, 5.09, 16, 121, 0, 370, 103672, 38226, 0, 0.000, 0, 0, 0.589236, 1.000000, 7970, 0, 0, 0, 0, 0, 15, 0
1777101656, 1, 23, 729, 728, 0, 7.57%, 0, 0, 2, 5.70, 16, 121, 0, 370, 103672, 38226, 0, 0.000, 0, 0, 0.590205, 1.000000, 8002, 0, 0, 0, 0, 0, 15, 0
1777101661, 1, 23, 729, 728, 0, 7.57%, 0, 0, 2, 5.90, 16, 121, 0, 370, 103672, 38226, 0, 0.000, 0, 0, 0.591050, 1.000000, 8030, 0, 0, 0, 0, 0, 15, 0
1777101666, 1, 23, 729, 728, 0, 7.57%, 0, 0, 2, 5.95, 16, 121, 0, 370, 103672, 38226, 0, 0.000, 0, 0, 0.591951, 1.000000, 8060, 0, 0, 0, 0, 0, 15, 0
1777101671, 1, 23, 730, 729, 0, 7.58%, 0, 0, 2, 6.58, 16, 121, 0, 370, 103672, 38226, 0, 0.000, 0, 0, 0.592669, 1.000000, 8084, 0, 0, 0, 0, 0, 15, 0
1777101676, 1, 23, 731, 730, 0, 7.58%, 0, 0, 2, 5.65, 16, 121, 0, 370, 103672, 38226, 0, 0.000, 0, 0, 0.593176, 1.000000, 8101, 0, 0, 0, 0, 0, 15, 0
1777101681, 1, 23, 731, 730, 0, 7.58%, 0, 0, 2, 5.66, 16, 121, 0, 370, 103672, 38226, 0, 0.000, 0, 0, 0.594038, 1.000000, 8130, 0, 0, 0, 0, 0, 15, 0
1777101687, 1, 23, 731, 730, 0, 7.58%, 0, 0, 2, 4.99, 16, 121, 0, 370, 103672, 38226, 0, 0.000, 0, 0, 0.594689, 1.000000, 8152, 0, 0, 0, 0, 0, 15, 0
1777101692, 1, 23, 731, 730, 0, 7.58%, 0, 0, 2, 5.42, 16, 121, 0, 370, 103672, 38226, 0, 0.000, 0, 0, 0.595515, 1.000000, 8180, 0, 0, 0, 0, 0, 15, 0
1777101697, 1, 23, 731, 730, 0, 7.58%, 0, 0, 2, 5.91, 16, 121, 0, 370, 103672, 38226, 0, 0.000, 0, 0, 0.596368, 1.000000, 8209, 0, 0, 0, 0, 0, 15, 0
1777101702, 1, 23, 731, 730, 0, 7.58%, 0, 0, 2, 5.69, 16, 121, 0, 370, 103672, 38226, 0, 0.000, 0, 0, 0.597216, 1.000000, 8238, 0, 0, 0, 0, 0, 15, 0
1777101707, 1, 23, 731, 730, 0, 7.58%, 0, 0, 2, 5.58, 16, 121, 0, 370, 103672, 38226, 0, 0.000, 0, 0, 0.597974, 1.000000, 8264, 0, 0, 0, 0, 0, 15, 0
1777101713, 1, 23, 731, 730, 0, 7.58%, 0, 0, 2, 5.86, 16, 121, 0, 370, 103672, 38226, 0, 0.000, 0, 0, 0.598932, 1.000000, 8297, 0, 0, 0, 0, 0, 16, 0
1777101718, 1, 23, 732, 731, 0, 7.58%, 0, 0, 2, 5.51, 16, 121, 0, 370, 103672, 38226, 0, 0.000, 0, 0, 0.599481, 1.000000, 8316, 0, 0, 0, 0, 0, 16, 0
1777101723, 1, 23, 732, 731, 0, 7.58%, 0, 0, 2, 0.66, 16, 121, 0, 370, 103672, 38226, 0, 0.000, 0, 0, 0.600144, 1.000000, 8339, 0, 0, 0, 0, 0, 16, 0
1777101728, 1, 23, 732, 731, 0, 7.58%, 0, 0, 2, 5.57, 16, 121, 0, 370, 103672, 38226, 0, 0.000, 0, 0, 0.601034, 1.000000, 8370, 0, 0, 0, 0, 0, 16, 0
1777101734, 1, 23, 733, 732, 0, 7.58%, 0, 0, 2, 6.08, 16, 121, 0, 370, 103672, 38226, 0, 0.000, 0, 0, 0.601692, 1.000000, 8393, 0, 0, 0, 0, 0, 16, 0
1777101739, 1, 23, 733, 732, 0, 7.58%, 0, 0, 2, 5.99, 16, 121, 0, 370, 103672, 38226, 0, 0.000, 0, 0, 0.602575, 1.000000, 8424, 0, 0, 0, 0, 0, 16, 0
1777101744, 1, 23, 734, 733, 0, 7.58%, 0, 0, 2, 5.68, 16, 121, 0, 370, 103672, 38226, 0, 0.000, 0, 0, 0.603086, 1.000000, 8442, 0, 0, 0, 0, 0, 16, 0
1777101749, 1, 23, 734, 733, 0, 7.58%, 0, 0, 2, 5.68, 16, 121, 0, 370, 103672, 38226, 0, 0.000, 0, 0, 0.603935, 1.000000, 8472, 0, 0, 0, 0, 0, 16, 0
1777101754, 1, 23, 735, 734, 0, 7.58%, 0, 0, 2, 4.09, 16, 121, 0, 370, 103672, 38226, 0, 0.000, 0, 0, 0.604443, 1.000000, 8490, 0, 0, 0, 0, 0, 16, 0
1777101760, 1, 23, 737, 736, 0, 7.59%, 0, 0, 2, 4.77, 16, 121, 0, 370, 103672, 38226, 0, 0.000, 0, 0, 0.604921, 1.000000, 8507, 0, 0, 0, 0, 0, 16, 0
1777101765, 1, 23, 737, 736, 0, 7.59%, 0, 0, 2, 6.01, 16, 121, 0, 370, 103672, 38226, 0, 0.000, 0, 0, 0.605622, 1.000000, 8532, 0, 0, 0, 0, 0, 16, 0
1777101770, 1, 23, 737, 736, 0, 7.59%, 0, 0, 2, 5.76, 16, 121, 0, 370, 103672, 38226, 0, 0.000, 0, 0, 0.606404, 1.000000, 8560, 0, 0, 0, 0, 0, 16, 0
1777101776, 1, 23, 737, 736, 0, 7.59%, 0, 0, 2, 6.06, 16, 121, 0, 370, 103672, 38226, 0, 0.000, 0, 0, 0.607294, 1.000000, 8592, 0, 0, 0, 0, 0, 16, 0
1777101781, 1, 23, 739, 738, 0, 7.59%, 0, 0, 2, 5.50, 16, 121, 0, 370, 103672, 38226, 0, 0.000, 0, 0, 0.607766, 1.000000, 8609, 0, 0, 0, 0, 0, 16, 0
1777101786, 1, 23, 739, 738, 0, 7.59%, 0, 0, 2, 5.30, 16, 121, 0, 370, 103672, 38226, 0, 0.000, 0, 0, 0.608291, 1.000000, 8628, 0, 0, 0, 0, 0, 16, 0
1777101791, 1, 23, 739, 738, 0, 7.59%, 0, 0, 2, 7.87, 16, 121, 0, 370, 103672, 38226, 0, 0.000, 0, 0, 0.609008, 1.000000, 8654, 0, 0, 0, 0, 0, 16, 0
1777101797, 1, 23, 739, 738, 0, 7.59%, 0, 0, 2, 0.66, 16, 121, 0, 370, 103672, 38226, 0, 0.000, 0, 0, 0.609804, 1.000000, 8683, 0, 0, 0, 0, 0, 16, 0
1777101802, 1, 23, 739, 738, 0, 7.59%, 0, 0, 2, 8.39, 16, 121, 0, 370, 103672, 38226, 0, 0.000, 0, 0, 0.610734, 1.000000, 8717, 0, 0, 0, 0, 0, 16, 0
1777101807, 1, 23, 739, 738, 0, 7.59%, 0, 0, 2, 2.84, 16, 121, 0, 370, 103672, 38226, 0, 0.000, 0, 0, 0.611469, 1.000000, 8744, 0, 0, 0, 0, 0, 16, 0
1777101812, 1, 23, 739, 738, 0, 7.59%, 0, 0, 2, 4.60, 16, 121, 0, 370, 103672, 38226, 0, 0.000, 0, 0, 0.612228, 1.000000, 8772, 0, 0, 0, 0, 0, 16, 0
1777101818, 1, 23, 739, 738, 0, 7.59%, 0, 0, 2, 5.35, 16, 121, 0, 370, 103672, 38226, 0, 0.000, 0, 0, 0.612984, 1.000000, 8800, 0, 0, 0, 0, 0, 16, 0
1777101823, 1, 23, 740, 739, 0, 7.59%, 0, 0, 2, 5.93, 16, 121, 0, 370, 103672, 38226, 0, 0.000, 0, 0, 0.613657, 1.000000, 8825, 0, 0, 0, 0, 0, 16, 0
1777101828, 1, 23, 740, 739, 0, 7.59%, 0, 0, 2, 5.92, 16, 121, 0, 370, 103672, 38226, 0, 0.000, 0, 0, 0.614434, 1.000000, 8854, 0, 0, 0, 0, 0, 16, 0
1777101834, 1, 23, 740, 739, 0, 7.59%, 0, 0, 2, 9.49, 16, 121, 0, 370, 103672, 38226, 0, 0.000, 0, 0, 0.615076, 1.000000, 8878, 0, 0, 0, 0, 0, 16, 0
1777101839, 1, 23, 740, 739, 0, 7.59%, 0, 0, 2, 7.02, 16, 121, 0, 370, 103672, 38226, 0, 0.000, 0, 0, 0.615847, 1.000000, 8907, 0, 0, 0, 0, 0, 16, 0
1777101844, 1, 23, 740, 739, 0, 7.59%, 0, 0, 2, 2.56, 16, 121, 0, 370, 103672, 38226, 0, 0.000, 0, 0, 0.616563, 1.000000, 8934, 0, 0, 0, 0, 0, 16, 0
1777101849, 1, 23, 740, 739, 0, 7.59%, 0, 0, 2, 4.59, 16, 121, 0, 370, 103672, 38226, 0, 0.000, 0, 0, 0.617355, 1.000000, 8964, 0, 0, 0, 0, 0, 16, 0
1777101854, 1, 23, 741, 740, 0, 7.59%, 0, 0, 2, 5.26, 16, 121, 0, 370, 103672, 38226, 0, 0.000, 0, 0, 0.617829, 1.000000, 8982, 0, 0, 0, 0, 0, 16, 0
1777101859, 1, 23, 741, 740, 0, 7.59%, 0, 0, 2, 5.70, 16, 121, 0, 370, 103672, 38226, 0, 0.000, 0, 0, 0.618616, 1.000000, 9012, 0, 0, 0, 0, 0, 16, 0
1777101864, 1, 23, 741, 740, 0, 7.59%, 0, 0, 2, 6.79, 16, 121, 0, 370, 103672, 38226, 0, 0.000, 0, 0, 0.619270, 1.000000, 9037, 0, 0, 0, 0, 0, 16, 0
1777101871, 1, 23, 741, 740, 0, 7.59%, 0, 0, 2, 0.66, 16, 121, 0, 370, 103672, 38226, 0, 0.000, 0, 0, 0.620051, 1.000000, 9067, 0, 0, 0, 0, 0, 16, 0
1777101876, 1, 23, 741, 740, 0, 7.59%, 0, 0, 2, 6.50, 16, 121, 0, 370, 103672, 38226, 0, 0.000, 0, 0, 0.620854, 1.000000, 9098, 0, 0, 0, 0, 0, 16, 0
1777101881, 1, 23, 741, 740, 0, 7.59%, 0, 0, 2, 5.97, 16, 121, 0, 370, 103672, 38226, 0, 0.000, 0, 0, 0.621552, 1.000000, 9125, 0, 0, 0, 0, 0, 16, 0
1777101886, 1, 23, 741, 740, 0, 7.59%, 0, 0, 2, 5.78, 16, 121, 0, 370, 103672, 38226, 0, 0.000, 0, 0, 0.622298, 1.000000, 9154, 0, 0, 0, 0, 0, 16, 0
1777101892, 1, 23, 743, 742, 0, 7.60%, 0, 0, 2, 5.55, 16, 121, 0, 370, 103672, 38226, 0, 0.000, 0, 0, 0.622683, 0.713711, 9169, 0, 0, 0, 0, 0, 16, 0
1777101897, 1, 23, 744, 743, 0, 7.60%, 0, 0, 2, 5.59, 16, 121, 0, 370, 103672, 38226, 0, 0.000, 0, 0, 0.623296, 0.806954, 9193, 0, 0, 0, 0, 0, 16, 0
1777101902, 1, 23, 744, 743, 0, 7.60%, 0, 0, 2, 6.05, 16, 121, 0, 370, 103672, 38226, 0, 0.000, 0, 0, 0.623832, 1.000000, 9214, 0, 0, 0, 0, 0, 16, 0
1777101908, 1, 23, 745, 744, 0, 7.60%, 0, 0, 2, 0.65, 16, 121, 0, 370, 103672, 38226, 0, 0.000, 0, 0, 0.624366, 1.000000, 9235, 0, 0, 0, 0, 0, 16, 0
1777101913, 1, 23, 746, 745, 0, 7.60%, 0, 0, 2, 7.45, 16, 121, 0, 370, 103672, 38226, 0, 0.000, 0, 0, 0.625051, 1.000000, 9262, 0, 0, 0, 0, 0, 16, 0
1777101918, 1, 23, 747, 746, 0, 7.61%, 0, 0, 2, 5.99, 16, 121, 0, 370, 103672, 38226, 0, 0.000, 0, 0, 0.625606, 0.884450, 9284, 0, 0, 0, 0, 0, 16, 0
1777101923, 1, 23, 747, 746, 0, 7.61%, 0, 0, 2, 6.30, 16, 121, 0, 370, 103672, 38226, 0, 0.000, 0, 0, 0.626286, 1.000000, 9311, 0, 0, 0, 0, 0, 16, 0
1777101929, 1, 23, 747, 746, 0, 7.61%, 0, 0, 2, 6.12, 16, 121, 0, 370, 103672, 38226, 0, 0.000, 0, 0, 0.627014, 1.000000, 9340, 0, 0, 0, 0, 0, 16, 0
1777101934, 1, 23, 748, 747, 0, 7.61%, 0, 0, 2, 5.60, 16, 121, 0, 370, 103672, 38226, 0, 0.000, 0, 0, 0.627539, 0.618617, 9361, 0, 0, 0, 0, 0, 16, 0
1777101939, 1, 23, 748, 747, 0, 7.61%, 0, 0, 2, 6.98, 16, 121, 0, 370, 103672, 38226, 0, 0.000, 0, 0, 0.628112, 1.000000, 9384, 0, 0, 0, 0, 0, 16, 0
1777101945, 1, 23, 748, 747, 0, 7.61%, 0, 0, 2, 0.67, 16, 121, 0, 370, 103672, 38226, 0, 0.000, 0, 0, 0.628783, 1.000000, 9411, 0, 0, 0, 0, 0, 16, 0
1777101950, 1, 23, 748, 747, 0, 7.61%, 0, 0, 2, 5.59, 16, 121, 0, 370, 103672, 38226, 0, 0.000, 0, 0, 0.629551, 1.000000, 9442, 0, 0, 0, 0, 0, 16, 0
1777101955, 1, 23, 748, 747, 0, 7.61%, 0, 0, 2, 5.52, 16, 121, 0, 370, 103672, 38226, 0, 0.000, 0, 0, 0.630192, 1.000000, 9468, 0, 0, 0, 0, 0, 16, 0
1777101961, 1, 23, 749, 748, 0, 7.61%, 0, 0, 2, 6.15, 16, 121, 0, 370, 103672, 38226, 0, 0.000, 0, 0, 0.630831, 1.000000, 9494, 0, 0, 0, 0, 0, 16, 0
1777101966, 1, 23, 749, 748, 0, 7.61%, 0, 0, 2, 5.96, 16, 121, 0, 370, 103672, 38226, 0, 0.000, 0, 0, 0.631492, 1.000000, 9521, 0, 0, 0, 0, 0, 16, 0
1777101971, 1, 23, 749, 748, 0, 7.61%, 0, 0, 2, 5.90, 16, 121, 0, 370, 103672, 38226, 0, 0.000, 0, 0, 0.632248, 1.000000, 9552, 0, 0, 0, 0, 0, 16, 0
1777101976, 1, 23, 749, 748, 0, 7.61%, 0, 0, 2, 6.21, 16, 121, 0, 370, 103672, 38226, 0, 0.000, 0, 0, 0.632855, 1.000000, 9577, 0, 0, 0, 0, 0, 16, 0
1777101982, 1, 23, 750, 749, 0, 7.61%, 0, 0, 2, 0.66, 16, 121, 0, 370, 103672, 38226, 0, 0.000, 0, 0, 0.633292, 1.000000, 9595, 0, 0, 0, 0, 0, 16, 0
1777101987, 1, 23, 750, 749, 0, 7.61%, 0, 0, 2, 5.68, 16, 121, 0, 370, 103672, 38226, 0, 0.000, 0, 0, 0.634040, 1.000000, 9626, 0, 0, 0, 0, 0, 16, 0
1777101992, 1, 23, 750, 749, 0, 7.61%, 0, 0, 2, 5.33, 16, 121, 0, 370, 103672, 38226, 0, 0.000, 0, 0, 0.634666, 1.000000, 9652, 0, 0, 0, 0, 0, 16, 0
1777101997, 1, 23, 750, 749, 0, 7.61%, 0, 0, 2, 5.77, 16, 121, 0, 370, 103672, 38226, 0, 0.000, 0, 0, 0.635385, 1.000000, 9682, 0, 0, 0, 0, 0, 16, 0
1777102003, 1, 23, 750, 749, 0, 7.61%, 0, 0, 2, 5.76, 16, 121, 0, 370, 103672, 38226, 0, 0.000, 0, 0, 0.636054, 1.000000, 9710, 0, 0, 0, 0, 0, 16, 0
1777102008, 1, 23, 750, 749, 0, 7.61%, 0, 0, 2, 5.60, 16, 121, 0, 370, 103672, 38226, 0, 0.000, 0, 0, 0.636720, 1.000000, 9738, 0, 0, 0, 0, 0, 16, 0
1777102013, 1, 23, 751, 750, 0, 7.61%, 0, 0, 2, 5.78, 16, 121, 0, 370, 103672, 38226, 0, 0.000, 0, 0, 0.637147, 1.000000, 9756, 0, 0, 0, 0, 0, 16, 0
1777102019, 1, 23, 751, 750, 0, 7.61%, 0, 0, 2, 0.66, 16, 121, 0, 370, 103672, 38226, 0, 0.000, 0, 0, 0.637880, 1.000000, 9787, 0, 0, 0, 0, 0, 16, 0
1777102025, 1, 23, 751, 750, 0, 7.61%, 0, 0, 2, 5.82, 16, 121, 0, 370, 103672, 38226, 0, 0.000, 0, 0, 0.638611, 1.000000, 9818, 0, 0, 0, 0, 0, 16, 0
1777102030, 1, 23, 751, 750, 0, 7.61%, 0, 0, 2, 5.64, 16, 121, 0, 370, 103672, 38226, 0, 0.000, 0, 0, 0.639221, 1.000000, 9844, 0, 0, 0, 0, 0, 16, 0
1777102035, 1, 23, 751, 750, 0, 7.61%, 0, 0, 2, 5.83, 16, 121, 0, 370, 103672, 38226, 0, 0.000, 0, 0, 0.639922, 1.000000, 9874, 0, 0, 0, 0, 0, 16, 0
1777102040, 1, 23, 751, 750, 0, 7.61%, 0, 0, 2, 5.48, 16, 121, 0, 370, 103672, 38226, 0, 0.000, 0, 0, 0.640528, 1.000000, 9900, 0, 0, 0, 0, 0, 16, 0
1777102045, 1, 23, 751, 750, 0, 7.61%, 0, 0, 2, 5.63, 16, 121, 0, 370, 103672, 38226, 0, 0.000, 0, 0, 0.641224, 1.000000, 9930, 0, 0, 0, 0, 0, 16, 0
1777102050, 1, 23, 752, 751, 0, 7.62%, 0, 0, 2, 7.66, 16, 121, 0, 370, 103672, 38226, 0, 0.000, 0, 0, 0.641849, 0.931000, 9957, 0, 0, 0, 0, 0, 17, 0
1777102056, 1, 23, 753, 752, 0, 7.62%, 0, 0, 2, 6.52, 16, 121, 0, 370, 103672, 38226, 0, 0.000, 0, 0, 0.642310, 0.866761, 9977, 0, 0, 0, 0, 0, 17, 0
1777102061, 1, 23, 753, 752, 0, 7.62%, 0, 0, 2, 6.09, 16, 121, 0, 370, 103672, 38226, 0, 0.000, 0, 0, 0.642885, 1.000000, 10002, 0, 0, 0, 0, 0, 17, 0
1777102067, 1, 23, 753, 752, 0, 7.62%, 0, 0, 2, 5.77, 16, 121, 0, 370, 103672, 38226, 0, 0.000, 0, 0, 0.643526, 1.000000, 10030, 0, 0, 0, 0, 0, 17, 0
1777102072, 1, 23, 753, 752, 0, 7.62%, 0, 0, 2, 5.95, 16, 121, 0, 370, 103672, 38226, 0, 0.000, 0, 0, 0.644234, 1.000000, 10061, 0, 0, 0, 0, 0, 17, 0
1777102077, 1, 23, 753, 752, 0, 7.62%, 0, 0, 2, 5.66, 16, 121, 0, 370, 103672, 38226, 0, 0.000, 0, 0, 0.644848, 1.000000, 10088, 0, 0, 0, 0, 0, 17, 0
1777102082, 1, 23, 753, 752, 0, 7.62%, 0, 0, 2, 6.12, 16, 121, 0, 370, 103672, 38226, 0, 0.000, 0, 0, 0.645573, 1.000000, 10120, 0, 0, 0, 0, 0, 17, 0
1777102088, 1, 23, 753, 752, 0, 7.62%, 0, 0, 2, 3.60, 16, 121, 0, 370, 103672, 38226, 0, 0.000, 0, 0, 0.646137, 1.000000, 10145, 0, 0, 0, 0, 0, 17, 0
1777102094, 1, 23, 754, 753, 0, 7.62%, 0, 0, 2, 0.67, 16, 121, 0, 370, 103672, 38226, 0, 0.000, 0, 0, 0.646632, 0.766607, 10167, 0, 0, 0, 0, 0, 17, 0
1777102099, 1, 23, 754, 753, 0, 7.62%, 0, 0, 2, 6.15, 16, 121, 0, 370, 103672, 38226, 0, 0.000, 0, 0, 0.647305, 1.000000, 10197, 0, 0, 0, 0, 0, 17, 0
1777102104, 1, 23, 754, 753, 0, 7.62%, 0, 0, 2, 5.90, 16, 121, 0, 370, 103672, 38226, 0, 0.000, 0, 0, 0.647953, 1.000000, 10226, 0, 0, 0, 0, 0, 17, 0
1777102109, 1, 23, 755, 754, 0, 7.62%, 0, 0, 2, 5.97, 16, 121, 0, 370, 103672, 38226, 0, 0.000, 0, 0, 0.648443, 1.000000, 10248, 0, 0, 0, 0, 0, 17, 0
1777102114, 1, 23, 756, 755, 0, 7.62%, 0, 0, 2, 5.99, 16, 121, 0, 370, 103672, 38226, 0, 0.000, 0, 0, 0.648954, 0.713711, 10271, 0, 0, 0, 0, 0, 17, 0
1777102120, 1, 23, 757, 756, 0, 7.62%, 0, 0, 2, 1.10, 16, 121, 0, 370, 103672, 38226, 0, 0.000, 0, 0, 0.649530, 1.000000, 10297, 0, 0, 0, 0, 0, 17, 0
1777102125, 1, 23, 757, 756, 0, 7.62%, 0, 0, 2, 6.00, 16, 121, 0, 370, 103672, 38226, 0, 0.000, 0, 0, 0.650038, 1.000000, 10320, 0, 0, 0, 0, 0, 17, 0
1777102130, 1, 23, 757, 756, 0, 7.62%, 0, 0, 2, 5.95, 16, 121, 0, 370, 103672, 38226, 0, 0.000, 0, 0, 0.650588, 1.000000, 10345, 0, 0, 0, 0, 0, 17, 0
1777102135, 1, 23, 757, 756, 0, 7.62%, 0, 0, 2, 6.13, 16, 121, 0, 370, 103672, 38226, 0, 0.000, 0, 0, 0.651268, 1.000000, 10376, 0, 0, 0, 0, 0, 17, 0
1777102140, 1, 23, 758, 757, 0, 7.62%, 0, 0, 2, 2.86, 16, 121, 0, 370, 103672, 38226, 0, 0.000, 0, 0, 0.651661, 1.000000, 10394, 0, 0, 0, 0, 0, 17, 0
1777102146, 1, 23, 758, 757, 0, 7.62%, 0, 0, 2, 5.48, 16, 121, 0, 370, 103672, 38226, 0, 0.000, 0, 0, 0.652402, 1.000000, 10428, 0, 0, 0, 0, 0, 17, 0
1777102151, 1, 23, 758, 757, 0, 7.62%, 0, 0, 2, 5.90, 16, 121, 0, 370, 103672, 38226, 0, 0.000, 0, 0, 0.653010, 1.000000, 10456, 0, 0, 0, 0, 0, 17, 0
1777102156, 1, 23, 758, 757, 0, 7.62%, 0, 0, 2, 0.98, 16, 121, 0, 370, 103672, 38226, 0, 0.000, 0, 0, 0.653551, 1.000000, 10481, 0, 0, 0, 0, 0, 17, 0
1777102161, 1, 23, 759, 758, 0, 7.62%, 0, 0, 2, 6.65, 16, 121, 0, 370, 103672, 38226, 0, 0.000, 0, 0, 0.654133, 1.000000, 10508, 0, 0, 0, 0, 0, 17, 0
1777102167, 1, 23, 759, 758, 0, 7.62%, 0, 0, 2, 4.62, 16, 121, 0, 370, 103672, 38226, 0, 0.000, 0, 0, 0.654606, 1.000000, 10530, 0, 0, 0, 0, 0, 17, 0
1777102172, 1, 23, 759, 758, 0, 7.62%, 0, 0, 2, 5.58, 16, 121, 0, 370, 103672, 38226, 0, 0.000, 0, 0, 0.655292, 1.000000, 10562, 0, 0, 0, 0, 0, 17, 0
1777102177, 1, 23, 759, 758, 0, 7.62%, 0, 0, 2, 5.88, 16, 121, 0, 370, 103672, 38226, 0, 0.000, 0, 0, 0.655890, 1.000000, 10590, 0, 0, 0, 0, 0, 17, 0
1777102182, 1, 23, 759, 758, 0, 7.62%, 0, 0, 2, 5.77, 16, 121, 0, 370, 103672, 38226, 0, 0.000, 0, 0, 0.656528, 1.000000, 10620, 0, 0, 0, 0, 0, 17, 0
1777102187, 1, 23, 759, 758, 0, 7.62%, 0, 0, 2, 5.51, 16, 121, 0, 370, 103672, 38226, 0, 0.000, 0, 0, 0.657079, 1.000000, 10646, 0, 0, 0, 0, 0, 17, 0
1777102193, 1, 23, 759, 758, 0, 7.62%, 0, 0, 2, 5.43, 16, 121, 0, 370, 103672, 38226, 0, 0.000, 0, 0, 0.657650, 1.000000, 10673, 0, 0, 0, 0, 0, 17, 0
1777102198, 1, 23, 759, 758, 0, 7.62%, 0, 0, 2, 5.50, 16, 121, 0, 370, 103672, 38226, 0, 0.000, 0, 0, 0.658261, 1.000000, 10702, 0, 0, 0, 0, 0, 18, 0
1777102203, 1, 23, 759, 758, 0, 7.62%, 0, 0, 2, 4.52, 16, 121, 0, 370, 103672, 38226, 0, 0.000, 0, 0, 0.658722, 1.000000, 10724, 0, 0, 0, 0, 0, 18, 0
1777102208, 1, 23, 760, 759, 0, 7.63%, 0, 0, 2, 5.68, 16, 121, 0, 370, 103672, 38226, 0, 0.000, 0, 0, 0.659225, 1.000000, 10748, 0, 0, 0, 0, 0, 18, 0
1777102214, 1, 23, 760, 759, 0, 7.63%, 0, 0, 2, 5.81, 16, 121, 0, 370, 103672, 38226, 0, 0.000, 0, 0, 0.659809, 1.000000, 10776, 0, 0, 0, 0, 0, 18, 0
1777102219, 1, 23, 760, 759, 0, 7.63%, 0, 0, 2, 5.69, 16, 121, 0, 370, 103672, 38226, 0, 0.000, 0, 0, 0.660391, 1.000000, 10804, 0, 0, 0, 0, 0, 18, 0
1777102224, 1, 23, 760, 759, 0, 7.63%, 0, 0, 2, 5.83, 16, 121, 0, 370, 103672, 38226, 0, 0.000, 0, 0, 0.660971, 1.000000, 10832, 0, 0, 0, 0, 0, 18, 0
1777102229, 1, 23, 760, 759, 0, 7.63%, 0, 0, 2, 5.72, 16, 121, 0, 370, 103672, 38226, 0, 0.000, 0, 0, 0.661550, 1.000000, 10860, 0, 0, 0, 0, 0, 18, 0
1777102234, 1, 23, 760, 759, 0, 7.63%, 0, 0, 2, 6.82, 16, 121, 0, 370, 103672, 38226, 0, 0.000, 0, 0, 0.662126, 1.000000, 10888, 0, 0, 0, 0, 0, 18, 0
1777102240, 1, 23, 760, 759, 0, 7.63%, 0, 0, 2, 0.65, 16, 121, 0, 370, 103672, 38226, 0, 0.000, 0, 0, 0.662680, 1.000000, 10915, 0, 0, 0, 0, 0, 18, 0
1777102245, 1, 23, 760, 759, 0, 7.63%, 0, 0, 2, 6.86, 16, 121, 0, 370, 103672, 38226, 0, 0.000, 0, 0, 0.663354, 1.000000, 10948, 0, 0, 0, 0, 0, 19, 0
1777102250, 1, 23, 760, 759, 0, 7.63%, 0, 0, 2, 6.10, 16, 121, 0, 370, 103672, 38226, 0, 0.000, 0, 0, 0.663884, 1.000000, 10974, 0, 0, 0, 0, 0, 19, 0
1777102255, 1, 23, 761, 760, 0, 7.63%, 0, 0, 2, 5.97, 16, 121, 0, 370, 103672, 38226, 0, 0.000, 0, 0, 0.664371, 1.000000, 10998, 0, 0, 0, 0, 0, 19, 0
1777102261, 1, 23, 761, 760, 0, 7.63%, 0, 0, 2, 5.59, 16, 121, 0, 370, 103672, 38226, 0, 0.000, 0, 0, 0.664897, 1.000000, 11024, 0, 0, 0, 0, 0, 19, 0
1777102266, 1, 23, 761, 760, 0, 7.63%, 0, 0, 2, 5.80, 16, 121, 0, 370, 103672, 38226, 0, 0.000, 0, 0, 0.665503, 1.000000, 11054, 0, 0, 0, 0, 0, 19, 0
1777102271, 1, 23, 761, 760, 0, 7.63%, 0, 0, 2, 6.22, 16, 121, 0, 370, 103672, 38226, 0, 0.000, 0, 0, 0.666066, 1.000000, 11082, 0, 0, 0, 0, 0, 19, 0
1777102277, 1, 23, 761, 760, 0, 7.63%, 0, 0, 2, 0.65, 16, 121, 0, 370, 103672, 38226, 0, 0.000, 0, 0, 0.666567, 1.000000, 11107, 0, 0, 0, 0, 0, 19, 0
1777102282, 1, 23, 761, 760, 0, 7.63%, 0, 0, 2, 4.81, 16, 121, 0, 370, 103672, 38226, 0, 0.000, 0, 0, 0.667106, 1.000000, 11134, 0, 0, 0, 0, 0, 19, 0
1777102287, 1, 23, 761, 760, 0, 7.63%, 0, 0, 2, 5.38, 16, 121, 0, 370, 103672, 38226, 0, 0.000, 0, 0, 0.667644, 1.000000, 11161, 0, 0, 0, 0, 0, 19, 0
1777102292, 1, 23, 761, 760, 0, 7.63%, 0, 0, 2, 6.06, 16, 121, 0, 370, 103672, 38226, 0, 0.000, 0, 0, 0.668299, 1.000000, 11194, 0, 0, 0, 0, 0, 20, 0
1777102297, 1, 23, 761, 760, 0, 7.63%, 0, 0, 2, 5.68, 16, 121, 0, 370, 103672, 38226, 0, 0.000, 0, 0, 0.668813, 1.000000, 11220, 0, 0, 0, 0, 0, 20, 0
1777102302, 1, 23, 761, 760, 0, 7.63%, 0, 0, 2, 5.80, 16, 121, 0, 370, 103672, 38226, 0, 0.000, 0, 0, 0.669443, 1.000000, 11252, 0, 0, 0, 0, 0, 20, 0
1777102307, 1, 23, 761, 760, 0, 7.63%, 0, 0, 2, 3.50, 16, 121, 0, 370, 103672, 38226, 0, 0.000, 0, 0, 0.669954, 1.000000, 11278, 0, 0, 0, 0, 0, 20, 0
1777102313, 1, 23, 762, 761, 0, 7.63%, 0, 0, 2, 0.66, 16, 121, 0, 370, 103672, 38226, 0, 0.000, 0, 0, 0.670463, 0.823423, 11304, 0, 0, 0, 0, 0, 20, 0
1777102319, 1, 23, 763, 762, 0, 7.63%, 0, 0, 2, 5.69, 16, 121, 0, 370, 103672, 38226, 0, 0.000, 0, 0, 0.670931, 1.000000, 11328, 0, 0, 0, 0, 0, 20, 0
1777102324, 1, 23, 763, 762, 0, 7.63%, 0, 0, 2, 5.42, 16, 121, 0, 370, 103672, 38226, 0, 0.000, 0, 0, 0.671282, 1.000000, 11346, 0, 0, 0, 0, 0, 20, 0
1777102329, 1, 23, 763, 762, 0, 7.63%, 0, 0, 2, 5.56, 16, 121, 0, 370, 103672, 38226, 0, 0.000, 0, 0, 0.671864, 1.000000, 11376, 0, 0, 0, 0, 0, 20, 0
1777102334, 1, 23, 763, 762, 0, 7.63%, 0, 0, 2, 5.58, 16, 121, 0, 370, 103672, 38226, 0, 0.000, 0, 0, 0.672367, 1.000000, 11402, 0, 0, 0, 0, 0, 20, 0
1777102339, 1, 23, 763, 762, 0, 7.63%, 0, 0, 2, 5.54, 16, 121, 0, 370, 103672, 38226, 0, 0.000, 0, 0, 0.672907, 1.000000, 11430, 0, 0, 0, 0, 0, 20, 0
1777102344, 1, 23, 763, 762, 0, 7.63%, 0, 0, 2, 5.43, 16, 121, 0, 370, 103672, 38226, 0, 0.000, 0, 0, 0.673369, 1.000000, 11454, 0, 0, 0, 0, 0, 20, 0
1777102349, 1, 23, 763, 762, 0, 7.63%, 0, 0, 2, 5.69, 16, 121, 0, 370, 103672, 38226, 0, 0.000, 0, 0, 0.673925, 1.000000, 11483, 0, 0, 0, 0, 0, 20, 0
1777102355, 1, 23, 763, 762, 0, 7.63%, 0, 0, 2, 5.87, 16, 121, 0, 370, 103672, 38226, 0, 0.000, 0, 0, 0.674345, 1.000000, 11505, 0, 0, 0, 0, 0, 20, 0
1777102360, 1, 23, 763, 762, 0, 7.63%, 0, 0, 2, 5.61, 16, 121, 0, 370, 103672, 38226, 0, 0.000, 0, 0, 0.674898, 1.000000, 11534, 0, 0, 0, 0, 0, 21, 0
1777102365, 1, 23, 763, 762, 0, 7.63%, 0, 0, 2, 5.32, 16, 121, 0, 370, 103672, 38226, 0, 0.000, 0, 0, 0.675354, 1.000000, 11558, 0, 0, 0, 0, 0, 21, 0
1777102370, 1, 23, 763, 762, 0, 7.63%, 0, 0, 2, 5.44, 16, 121, 0, 370, 103672, 38226, 0, 0.000, 0, 0, 0.675884, 1.000000, 11586, 0, 0, 0, 0, 0, 21, 0
1777102375, 1, 23, 763, 762, 0, 7.63%, 0, 0, 2, 5.81, 16, 121, 0, 370, 103672, 38226, 0, 0.000, 0, 0, 0.676450, 1.000000, 11616, 0, 0, 0, 0, 0, 21, 0
1777102381, 1, 23, 763, 762, 0, 7.63%, 0, 0, 2, 1.01, 16, 121, 0, 370, 103672, 38226, 0, 0.000, 0, 0, 0.676920, 1.000000, 11641, 0, 0, 0, 0, 0, 21, 0
1777102386, 1, 23, 763, 762, 0, 7.63%, 0, 0, 2, 5.48, 16, 121, 0, 370, 103672, 38226, 0, 0.000, 0, 0, 0.677464, 1.000000, 11670, 0, 0, 0, 0, 0, 21, 0
1777102391, 1, 23, 763, 762, 0, 7.63%, 0, 0, 2, 5.17, 16, 121, 0, 370, 103672, 38226, 0, 0.000, 0, 0, 0.677894, 1.000000, 11693, 0, 0, 0, 0, 0, 21, 0
1777102396, 1, 23, 763, 762, 0, 7.63%, 0, 0, 2, 5.47, 16, 121, 0, 370, 103672, 38226, 0, 0.000, 0, 0, 0.678435, 1.000000, 11722, 0, 0, 0, 0, 0, 21, 0
1777102402, 1, 23, 763, 762, 0, 7.63%, 0, 0, 2, 5.27, 16, 121, 0, 370, 103672, 38226, 0, 0.000, 0, 0, 0.678918, 1.000000, 11748, 0, 0, 0, 0, 0, 22, 0
1777102407, 1, 23, 763, 762, 0, 7.63%, 0, 0, 2, 5.51, 16, 121, 0, 370, 103672, 38226, 0, 0.000, 0, 0, 0.679474, 1.000000, 11778, 0, 0, 0, 0, 0, 22, 0
1777102412, 1, 23, 763, 762, 0, 7.63%, 0, 0, 2, 5.51, 16, 121, 0, 370, 103672, 38226, 0, 0.000, 0, 0, 0.679991, 1.000000, 11806, 0, 0, 0, 0, 0, 22, 0
1777102417, 1, 23, 763, 762, 0, 7.63%, 0, 0, 2, 5.49, 16, 121, 0, 370, 103672, 38226, 0, 0.000, 0, 0, 0.680524, 1.000000, 11835, 0, 0, 0, 0, 0, 22, 0
1777102423, 1, 23, 764, 763, 0, 7.63%, 0, 0, 2, 3.23, 16, 121, 0, 370, 103672, 38226, 0, 0.000, 0, 0, 0.680836, 1.000000, 11852, 0, 0, 0, 0, 0, 22, 0
1777102428, 1, 23, 764, 763, 0, 7.63%, 0, 0, 2, 4.81, 16, 121, 0, 370, 103672, 38226, 0, 0.000, 0, 0, 0.681385, 1.000000, 11882, 0, 0, 0, 0, 0, 22, 0
1777102433, 1, 23, 764, 763, 0, 7.63%, 0, 0, 2, 5.68, 16, 121, 0, 370, 103672, 38226, 0, 0.000, 0, 0, 0.681805, 1.000000, 11905, 0, 0, 0, 0, 0, 22, 0
1777102439, 1, 23, 765, 764, 0, 7.64%, 0, 0, 2, 5.38, 16, 121, 0, 370, 103672, 38226, 0, 0.000, 0, 0, 0.682315, 1.000000, 11933, 0, 0, 0, 0, 0, 22, 0
1777102444, 1, 23, 765, 764, 0, 7.64%, 0, 0, 2, 5.82, 16, 121, 0, 370, 103672, 38226, 0, 0.000, 0, 0, 0.682732, 1.000000, 11956, 0, 0, 0, 0, 0, 22, 0
1777102449, 1, 23, 765, 764, 0, 7.64%, 0, 0, 2, 5.43, 16, 121, 0, 370, 103672, 38226, 0, 0.000, 0, 0, 0.683202, 1.000000, 11982, 0, 0, 0, 0, 0, 22, 0
1777102454, 1, 23, 765, 764, 0, 7.64%, 0, 0, 2, 5.62, 16, 121, 0, 370, 103672, 38226, 0, 0.000, 0, 0, 0.683743, 1.000000, 12012, 0, 0, 0, 0, 0, 22, 0
1777102459, 1, 23, 766, 765, 0, 7.64%, 0, 0, 2, 5.84, 16, 121, 0, 370, 103672, 38226, 0, 0.000, 0, 0, 0.684067, 1.000000, 12030, 0, 0, 0, 0, 0, 22, 0
1777102465, 1, 23, 766, 765, 0, 7.64%, 0, 0, 2, 5.82, 16, 121, 0, 370, 103672, 38226, 0, 0.000, 0, 0, 0.684605, 1.000000, 12060, 0, 0, 0, 0, 0, 22, 0
1777102470, 1, 23, 767, 766, 0, 7.64%, 0, 0, 2, 5.87, 16, 121, 0, 370, 103672, 38226, 0, 0.000, 0, 0, 0.684855, 1.000000, 12074, 0, 0, 0, 0, 0, 22, 0
1777102475, 1, 23, 767, 766, 0, 7.64%, 0, 0, 2, 5.70, 16, 121, 0, 370, 103672, 38226, 0, 0.000, 0, 0, 0.685391, 1.000000, 12104, 0, 0, 0, 0, 0, 22, 0
1777102480, 1, 23, 768, 767, 0, 7.64%, 0, 0, 2, 5.64, 16, 121, 0, 370, 103672, 38226, 0, 0.000, 0, 0, 0.685729, 1.000000, 12123, 0, 0, 0, 0, 0, 22, 0
1777102486, 1, 23, 768, 767, 0, 7.64%, 0, 0, 2, 5.51, 16, 121, 0, 370, 103672, 38226, 0, 0.000, 0, 0, 0.686226, 1.000000, 12151, 0, 0, 0, 0, 0, 22, 0
1777102491, 1, 23, 769, 768, 0, 7.64%, 0, 0, 2, 5.71, 16, 121, 0, 370, 103672, 38226, 0, 0.000, 0, 0, 0.686597, 1.000000, 12172, 0, 0, 0, 0, 0, 22, 0
1777102496, 1, 23, 769, 768, 0, 7.64%, 0, 0, 2, 5.76, 16, 121, 0, 370, 103672, 38226, 0, 0.000, 0, 0, 0.687021, 1.000000, 12196, 0, 0, 0, 0, 0, 22, 0
1777102501, 1, 23, 769, 768, 0, 7.64%, 0, 0, 2, 5.66, 16, 121, 0, 370, 103672, 38226, 0, 0.000, 0, 0, 0.687549, 1.000000, 12226, 0, 0, 0, 0, 0, 22, 0
1777102506, 1, 23, 769, 768, 0, 7.64%, 0, 0, 2, 5.64, 16, 121, 0, 370, 103672, 38226, 0, 0.000, 0, 0, 0.687918, 1.000000, 12247, 0, 0, 0, 0, 0, 22, 0
1777102511, 1, 23, 769, 768, 0, 7.64%, 0, 0, 2, 5.65, 16, 121, 0, 370, 103672, 38226, 0, 0.000, 0, 0, 0.688425, 1.000000, 12276, 0, 0, 0, 0, 0, 22, 0
1777102517, 1, 23, 769, 768, 0, 7.64%, 0, 0, 2, 5.41, 16, 121, 0, 370, 103672, 38226, 0, 0.000, 0, 0, 0.688862, 1.000000, 12301, 0, 0, 0, 0, 0, 22, 0
1777102522, 1, 23, 769, 768, 0, 7.64%, 0, 0, 2, 5.57, 16, 121, 0, 370, 103672, 38226, 0, 0.000, 0, 0, 0.689366, 1.000000, 12330, 0, 0, 0, 0, 0, 22, 0
1777102527, 1, 23, 769, 768, 0, 7.64%, 0, 0, 2, 5.51, 16, 121, 0, 370, 103672, 38226, 0, 0.000, 0, 0, 0.689817, 1.000000, 12356, 0, 0, 0, 0, 0, 22, 0
1777102532, 1, 23, 769, 768, 0, 7.64%, 0, 0, 2, 5.57, 16, 121, 0, 370, 103672, 38226, 0, 0.000, 0, 0, 0.690336, 1.000000, 12386, 0, 0, 0, 0, 0, 23, 0
1777102537, 1, 23, 769, 768, 0, 7.64%, 0, 0, 2, 3.22, 16, 121, 0, 370, 103672, 38226, 0, 0.000, 0, 0, 0.690784, 1.000000, 12412, 0, 0, 0, 0, 0, 23, 0
1777102543, 1, 23, 769, 768, 0, 7.64%, 0, 0, 2, 4.63, 16, 121, 0, 370, 103672, 38226, 0, 0.000, 0, 0, 0.691265, 1.000000, 12440, 0, 0, 0, 0, 0, 23, 0
1777102548, 1, 23, 769, 768, 0, 7.64%, 0, 0, 2, 5.74, 16, 121, 0, 370, 103672, 38226, 0, 0.000, 0, 0, 0.691625, 1.000000, 12461, 0, 0, 0, 0, 0, 23, 0
1777102553, 1, 23, 769, 768, 0, 7.64%, 0, 0, 2, 5.73, 16, 121, 0, 370, 103672, 38226, 0, 0.000, 0, 0, 0.692120, 1.000000, 12490, 0, 0, 0, 0, 0, 23, 0
1777102558, 1, 23, 769, 768, 0, 7.64%, 0, 0, 2, 5.47, 16, 121, 0, 370, 103672, 38226, 0, 0.000, 0, 0, 0.692546, 1.000000, 12515, 0, 0, 0, 0, 0, 23, 0
1777102563, 1, 23, 770, 769, 0, 7.64%, 0, 0, 2, 5.31, 16, 121, 0, 370, 103672, 38226, 0, 0.000, 0, 0, 0.693022, 1.000000, 12543, 0, 0, 0, 0, 0, 23, 0
1777102568, 1, 23, 771, 770, 0, 7.64%, 0, 0, 2, 5.87, 16, 121, 0, 370, 103672, 38226, 0, 0.000, 0, 0, 0.693276, 1.000000, 12558, 0, 0, 0, 0, 0, 23, 0
1777102574, 1, 23, 771, 770, 0, 7.64%, 0, 0, 2, 5.95, 16, 121, 0, 370, 103672, 38226, 0, 0.000, 0, 0, 0.693716, 1.000000, 12584, 0, 0, 0, 0, 0, 23, 0
1777102579, 1, 23, 771, 770, 0, 7.64%, 0, 0, 2, 5.80, 16, 121, 0, 370, 103672, 38226, 0, 0.000, 0, 0, 0.694221, 1.000000, 12614, 0, 0, 0, 0, 0, 23, 0
1777102584, 1, 23, 771, 770, 0, 7.64%, 0, 0, 2, 5.41, 16, 121, 0, 370, 103672, 38226, 0, 0.000, 0, 0, 0.694591, 1.000000, 12636, 0, 0, 0, 0, 0, 23, 0
1777102589, 1, 23, 771, 770, 0, 7.64%, 0, 0, 2, 5.59, 16, 121, 0, 370, 103672, 38226, 0, 0.000, 0, 0, 0.695094, 1.000000, 12666, 0, 0, 0, 0, 0, 23, 0
1777102595, 1, 23, 771, 770, 0, 7.64%, 0, 0, 2, 5.46, 16, 121, 0, 370, 103672, 38226, 0, 0.000, 0, 0, 0.695528, 1.000000, 12692, 0, 0, 0, 0, 0, 23, 0
1777102600, 1, 23, 771, 770, 0, 7.64%, 0, 0, 2, 5.73, 16, 121, 0, 370, 103672, 38226, 0, 0.000, 0, 0, 0.696028, 1.000000, 12722, 0, 0, 0, 0, 0, 23, 0
1777102605, 1, 23, 771, 770, 0, 7.64%, 0, 0, 2, 5.85, 16, 121, 0, 370, 103672, 38226, 0, 0.000, 0, 0, 0.696493, 1.000000, 12750, 0, 0, 0, 0, 0, 24, 0
1777102610, 1, 23, 771, 770, 0, 7.64%, 0, 0, 2, 1.10, 16, 121, 0, 370, 103672, 38226, 0, 0.000, 0, 0, 0.696940, 1.000000, 12777, 0, 0, 0, 0, 0, 24, 0
1777102616, 1, 23, 771, 770, 0, 7.64%, 0, 0, 2, 5.67, 16, 121, 0, 370, 103672, 38226, 0, 0.000, 0, 0, 0.697419, 1.000000, 12806, 0, 0, 0, 0, 0, 24, 0
1777102621, 1, 23, 772, 771, 0, 7.64%, 0, 0, 2, 5.25, 16, 121, 0, 370, 103672, 38226, 0, 0.000, 0, 0, 0.697764, 1.000000, 12827, 0, 0, 0, 0, 0, 24, 0
1777102626, 1, 23, 772, 771, 0, 7.64%, 0, 0, 2, 5.44, 16, 121, 0, 370, 103672, 38226, 0, 0.000, 0, 0, 0.698109, 1.000000, 12848, 0, 0, 0, 0, 0, 24, 0
1777102631, 1, 23, 773, 772, 0, 7.65%, 0, 0, 2, 5.08, 16, 121, 0, 370, 103672, 38226, 0, 0.000, 0, 0, 0.698371, 1.000000, 12864, 0, 0, 0, 0, 0, 24, 0
1777102636, 1, 23, 773, 772, 0, 7.65%, 0, 0, 2, 5.36, 16, 121, 0, 370, 103672, 38226, 0, 0.000, 0, 0, 0.698829, 1.000000, 12892, 0, 0, 0, 0, 0, 24, 0
1777102641, 1, 23, 773, 772, 0, 7.65%, 0, 0, 2, 5.32, 16, 121, 0, 370, 103672, 38226, 0, 0.000, 0, 0, 0.699253, 1.000000, 12918, 0, 0, 0, 0, 0, 24, 0
1777102646, 1, 23, 773, 772, 0, 7.65%, 0, 0, 2, 5.50, 16, 121, 0, 370, 103672, 38226, 0, 0.000, 0, 0, 0.699708, 1.000000, 12946, 0, 0, 0, 0, 0, 24, 0
1777102651, 1, 23, 773, 772, 0, 7.65%, 0, 0, 2, 2.26, 16, 121, 0, 370, 103672, 38226, 0, 0.000, 0, 0, 0.700097, 1.000000, 12970, 0, 0, 0, 0, 0, 24, 0
1777102656, 1, 23, 773, 772, 0, 7.65%, 0, 0, 2, 4.59, 16, 121, 0, 370, 103672, 38226, 0, 0.000, 0, 0, 0.700582, 1.000000, 13000, 0, 0, 0, 0, 0, 24, 0
1777102661, 1, 23, 773, 772, 0, 7.65%, 0, 0, 2, 4.82, 16, 121, 0, 370, 103672, 38226, 0, 0.000, 0, 0, 0.700937, 1.000000, 13022, 0, 0, 0, 0, 0, 24, 0
1777102666, 1, 23, 774, 773, 0, 7.65%, 0, 0, 2, 5.83, 16, 122, 0, 370, 103672, 38226, 0, 0.000, 0, 0, 0.701322, 1.000000, 13046, 0, 0, 0, 0, 0, 24, 0
1777102672, 1, 23, 774, 773, 0, 7.65%, 0, 0, 2, 5.74, 16, 122, 0, 370, 103672, 38226, 0, 0.000, 0, 0, 0.701739, 1.000000, 13072, 0, 0, 0, 0, 0, 24, 0
1777102677, 1, 23, 774, 773, 0, 7.65%, 0, 0, 2, 5.61, 16, 122, 0, 370, 103672, 38226, 0, 0.000, 0, 0, 0.702203, 1.000000, 13101, 0, 0, 0, 0, 0, 24, 0
1777102682, 1, 23, 774, 773, 0, 7.65%, 0, 0, 2, 5.69, 16, 122, 0, 370, 103672, 38226, 0, 0.000, 0, 0, 0.702633, 1.000000, 13128, 0, 0, 0, 0, 0, 24, 0
1777102688, 1, 23, 774, 773, 0, 7.65%, 0, 0, 2, 5.01, 16, 122, 0, 370, 103672, 38226, 0, 0.000, 0, 0, 0.703031, 1.000000, 13153, 0, 0, 0, 0, 0, 24, 0
1777102693, 1, 23, 774, 773, 0, 7.65%, 0, 0, 2, 5.31, 16, 122, 0, 370, 103672, 38226, 0, 0.000, 0, 0, 0.703474, 1.000000, 13181, 0, 0, 0, 0, 0, 24, 0
1777102698, 1, 23, 774, 773, 0, 7.65%, 0, 0, 2, 0.67, 16, 122, 0, 370, 103672, 38226, 0, 0.000, 0, 0, 0.703822, 1.000000, 13203, 0, 0, 0, 0, 0, 24, 0
1777102703, 1, 23, 774, 773, 0, 7.65%, 0, 0, 2, 5.51, 16, 122, 0, 370, 103672, 38226, 0, 0.000, 0, 0, 0.704279, 1.000000, 13232, 0, 0, 0, 0, 0, 25, 0
1777102708, 1, 23, 775, 774, 0, 7.65%, 0, 0, 2, 5.28, 16, 122, 0, 370, 103672, 38226, 0, 0.000, 0, 0, 0.704609, 0.766607, 13253, 0, 0, 0, 0, 0, 25, 0
1777102714, 1, 23, 775, 774, 0, 7.65%, 0, 0, 2, 5.40, 16, 122, 0, 370, 103672, 38226, 0, 0.000, 0, 0, 0.705002, 1.000000, 13278, 0, 0, 0, 0, 0, 25, 0
1777102719, 1, 23, 775, 774, 0, 7.65%, 0, 0, 2, 5.42, 16, 122, 0, 370, 103672, 38226, 0, 0.000, 0, 0, 0.705440, 1.000000, 13306, 0, 0, 0, 0, 0, 25, 0
1777102724, 1, 23, 775, 774, 0, 7.65%, 0, 0, 2, 5.62, 16, 122, 0, 370, 103672, 38226, 0, 0.000, 0, 0, 0.705907, 1.000000, 13336, 0, 0, 0, 0, 0, 25, 0
1777102729, 1, 23, 775, 774, 0, 7.65%, 0, 0, 2, 5.60, 16, 122, 0, 370, 103672, 38226, 0, 0.000, 0, 0, 0.706311, 1.000000, 13362, 0, 0, 0, 0, 0, 25, 0
1777102734, 1, 23, 776, 775, 0, 7.65%, 0, 0, 2, 5.72, 16, 122, 0, 370, 103672, 38226, 0, 0.000, 0, 0, 0.706637, 1.000000, 13383, 0, 0, 0, 0, 0, 25, 0
1777102740, 1, 23, 776, 775, 0, 7.65%, 0, 0, 2, 5.39, 16, 122, 0, 370, 103672, 38226, 0, 0.000, 0, 0, 0.706962, 1.000000, 13404, 0, 0, 0, 0, 0, 25, 0
1777102745, 1, 23, 777, 776, 0, 7.65%, 0, 0, 2, 5.53, 16, 122, 0, 370, 103672, 38226, 0, 0.000, 0, 0, 0.707271, 1.000000, 13424, 0, 0, 0, 0, 0, 25, 0
1777102750, 1, 23, 777, 776, 0, 7.65%, 0, 0, 2, 5.70, 16, 122, 0, 370, 103672, 38226, 0, 0.000, 0, 0, 0.707702, 1.000000, 13452, 0, 0, 0, 0, 0, 25, 0
1777102755, 1, 23, 777, 776, 0, 7.65%, 0, 0, 2, 5.27, 16, 122, 0, 370, 103672, 38226, 0, 0.000, 0, 0, 0.708117, 1.000000, 13479, 0, 0, 0, 0, 0, 25, 0
1777102761, 1, 23, 777, 776, 0, 7.65%, 0, 0, 2, 5.47, 16, 122, 0, 370, 103672, 38226, 0, 0.000, 0, 0, 0.708561, 1.000000, 13508, 0, 0, 0, 0, 0, 25, 0
1777102766, 1, 23, 777, 776, 0, 7.65%, 0, 0, 2, 5.07, 16, 122, 0, 370, 103672, 38226, 0, 0.000, 0, 0, 0.708927, 1.000000, 13532, 0, 0, 0, 0, 0, 25, 0
1777102771, 1, 23, 777, 776, 0, 7.65%, 0, 0, 2, 5.39, 16, 122, 0, 370, 103672, 38226, 0, 0.000, 0, 0, 0.709369, 1.000000, 13561, 0, 0, 0, 0, 0, 25, 0
1777102776, 1, 23, 777, 776, 0, 7.65%, 0, 0, 2, 4.84, 16, 122, 0, 370, 103672, 38226, 0, 0.000, 0, 0, 0.709688, 1.000000, 13582, 0, 0, 0, 0, 0, 25, 0
1777102782, 1, 23, 777, 776, 0, 7.65%, 0, 0, 2, 5.61, 16, 122, 0, 370, 103672, 38226, 0, 0.000, 0, 0, 0.710142, 1.000000, 13612, 0, 0, 0, 0, 0, 26, 0
1777102787, 1, 23, 777, 776, 0, 7.65%, 0, 0, 2, 5.61, 16, 122, 0, 370, 103672, 38226, 0, 0.000, 0, 0, 0.710535, 1.000000, 13638, 0, 0, 0, 0, 0, 26, 0
1777102792, 1, 23, 778, 777, 0, 7.66%, 0, 0, 2, 5.90, 16, 122, 0, 370, 103672, 38226, 0, 0.000, 0, 0, 0.710896, 1.000000, 13662, 0, 0, 0, 0, 0, 26, 0
1777102797, 1, 23, 778, 777, 0, 7.66%, 0, 0, 2, 5.84, 16, 122, 0, 370, 103672, 38226, 0, 0.000, 0, 0, 0.711302, 1.000000, 13689, 0, 0, 0, 0, 0, 26, 0
1777102802, 1, 23, 778, 777, 0, 7.66%, 0, 0, 2, 5.75, 16, 122, 0, 370, 103672, 38226, 0, 0.000, 0, 0, 0.711751, 1.000000, 13719, 0, 0, 0, 0, 0, 26, 0
1777102808, 1, 23, 778, 777, 0, 7.66%, 0, 0, 2, 5.57, 16, 122, 0, 370, 103672, 38226, 0, 0.000, 0, 0, 0.712124, 1.000000, 13744, 0, 0, 0, 0, 0, 26, 0
1777102814, 1, 23, 778, 777, 0, 7.66%, 0, 0, 2, 0.65, 16, 122, 0, 370, 103672, 38226, 0, 0.000, 0, 0, 0.712527, 1.000000, 13771, 0, 0, 0, 0, 0, 26, 0
1777102819, 1, 23, 778, 777, 0, 7.66%, 0, 0, 2, 6.18, 16, 122, 0, 370, 103672, 38226, 0, 0.000, 0, 0, 0.712987, 1.000000, 13802, 0, 0, 0, 0, 0, 26, 0
1777102824, 1, 23, 779, 778, 0, 7.66%, 0, 0, 2, 5.76, 16, 122, 0, 370, 103672, 38226, 0, 0.000, 0, 0, 0.713254, 1.000000, 13820, 0, 0, 0, 0, 0, 26, 0
1777102829, 1, 23, 779, 778, 0, 7.66%, 0, 0, 2, 5.60, 16, 122, 0, 370, 103672, 38226, 0, 0.000, 0, 0, 0.713667, 1.000000, 13848, 0, 0, 0, 0, 0, 26, 0
1777102834, 1, 23, 779, 778, 0, 7.66%, 0, 0, 2, 5.51, 16, 122, 0, 370, 103672, 38226, 0, 0.000, 0, 0, 0.714050, 1.000000, 13874, 0, 0, 0, 0, 0, 26, 0
1777102839, 1, 23, 779, 778, 0, 7.66%, 0, 0, 2, 5.60, 16, 122, 0, 370, 103672, 38226, 0, 0.000, 0, 0, 0.714491, 1.000000, 13904, 0, 0, 0, 0, 0, 26, 0
1777102845, 1, 23, 779, 778, 0, 7.66%, 0, 0, 2, 5.63, 16, 122, 0, 370, 103672, 38226, 0, 0.000, 0, 0, 0.714872, 1.000000, 13930, 0, 0, 0, 0, 0, 26, 0
1777102851, 1, 23, 780, 779, 0, 7.67%, 0, 0, 2, 5.87, 16, 122, 0, 370, 103672, 38226, 0, 0.000, 0, 0, 0.715267, 0.664465, 13957, 0, 0, 0, 0, 0, 26, 0
1777102857, 1, 23, 780, 779, 0, 7.67%, 0, 0, 2, 5.88, 16, 122, 0, 370, 103672, 38226, 0, 0.000, 0, 0, 0.715689, 1.000000, 13986, 0, 0, 0, 0, 0, 26, 0
1777102862, 1, 23, 780, 779, 0, 7.67%, 0, 0, 2, 5.97, 16, 122, 0, 370, 103672, 38226, 0, 0.000, 0, 0, 0.716111, 1.000000, 14015, 0, 0, 0, 0, 0, 26, 0
1777102867, 1, 23, 780, 779, 0, 7.67%, 0, 0, 2, 5.81, 16, 122, 0, 370, 103672, 38226, 0, 0.000, 0, 0, 0.716531, 1.000000, 14044, 0, 0, 0, 0, 0, 26, 0
1777102872, 1, 23, 780, 779, 0, 7.67%, 0, 0, 2, 5.58, 16, 122, 0, 370, 103672, 38226, 0, 0.000, 0, 0, 0.716906, 1.000000, 14070, 0, 0, 0, 0, 0, 26, 0
1777102877, 1, 23, 780, 779, 0, 7.67%, 0, 0, 2, 5.86, 16, 122, 0, 370, 103672, 38226, 0, 0.000, 0, 0, 0.717338, 1.000000, 14100, 0, 0, 0, 0, 0, 26, 0
1777102882, 1, 23, 780, 779, 0, 7.67%, 0, 0, 2, 7.53, 16, 122, 0, 370, 103672, 38226, 0, 0.000, 0, 0, 0.717683, 1.000000, 14124, 0, 0, 0, 0, 0, 26, 0
1777102888, 1, 23, 780, 779, 0, 7.67%, 0, 0, 2, 6.46, 16, 122, 0, 370, 103672, 38226, 0, 0.000, 0, 0, 0.718113, 1.000000, 14154, 0, 0, 0, 0, 0, 26, 0
1777102893, 1, 23, 780, 779, 0, 7.67%, 0, 0, 2, 5.14, 16, 122, 0, 370, 103672, 38226, 0, 0.000, 0, 0, 0.718398, 1.000000, 14174, 0, 0, 0, 0, 0, 27, 0
1777102898, 1, 23, 780, 779, 0, 7.67%, 0, 0, 2, 5.38, 16, 122, 0, 370, 103672, 38226, 0, 0.000, 0, 0, 0.718812, 1.000000, 14203, 0, 0, 0, 0, 0, 27, 0
1777102903, 1, 23, 781, 780, 0, 7.67%, 0, 0, 2, 5.31, 16, 122, 0, 370, 103672, 38226, 0, 0.000, 0, 0, 0.719025, 1.000000, 14218, 0, 0, 0, 0, 0, 27, 0
1777102908, 1, 23, 781, 780, 0, 7.67%, 0, 0, 2, 5.45, 16, 122, 0, 370, 103672, 38226, 0, 0.000, 0, 0, 0.719436, 1.000000, 14247, 0, 0, 0, 0, 0, 27, 0
1777102914, 1, 23, 782, 781, 0, 7.67%, 0, 0, 2, 5.43, 16, 122, 0, 370, 103672, 38226, 0, 0.000, 0, 0, 0.719748, 0.618617, 14269, 0, 0, 0, 0, 0, 27, 0
1777102919, 1, 23, 782, 781, 0, 7.67%, 0, 0, 2, 5.56, 16, 122, 0, 370, 103672, 38226, 0, 0.000, 0, 0, 0.720087, 1.000000, 14293, 0, 0, 0, 0, 0, 27, 0
1777102924, 1, 23, 782, 781, 0, 7.67%, 0, 0, 2, 5.88, 16, 122, 0, 370, 103672, 38226, 0, 0.000, 0, 0, 0.720523, 1.000000, 14324, 0, 0, 0, 0, 0, 27, 0
1777102929, 1, 23, 783, 782, 0, 7.67%, 0, 0, 2, 6.11, 16, 122, 0, 370, 103672, 38226, 0, 0.000, 0, 0, 0.720720, 1.000000, 14338, 0, 0, 0, 0, 0, 27, 0
1777102935, 1, 23, 783, 782, 0, 7.67%, 0, 0, 2, 5.97, 16, 122, 0, 370, 103672, 38226, 0, 0.000, 0, 0, 0.721140, 1.000000, 14368, 0, 0, 0, 0, 0, 27, 0
1777102940, 1, 23, 783, 782, 0, 7.67%, 0, 0, 2, 5.48, 16, 122, 0, 370, 103672, 38226, 0, 0.000, 0, 0, 0.721476, 1.000000, 14392, 0, 0, 0, 0, 0, 27, 0
1777102945, 1, 23, 783, 782, 0, 7.67%, 0, 0, 2, 5.56, 16, 122, 0, 370, 103672, 38226, 0, 0.000, 0, 0, 0.721866, 1.000000, 14420, 0, 0, 0, 0, 0, 27, 0
1777102950, 1, 23, 783, 782, 0, 7.67%, 0, 0, 2, 5.50, 16, 122, 0, 370, 103672, 38226, 0, 0.000, 0, 0, 0.722228, 1.000000, 14446, 0, 0, 0, 0, 0, 27, 0
1777102955, 1, 23, 783, 782, 0, 7.67%, 0, 0, 2, 6.03, 16, 122, 0, 370, 103672, 38226, 0, 0.000, 0, 0, 0.722671, 1.000000, 14478, 0, 0, 0, 0, 0, 27, 0
1777102960, 1, 23, 783, 782, 0, 7.67%, 0, 0, 2, 5.88, 16, 122, 0, 370, 103672, 38226, 0, 0.000, 0, 0, 0.723003, 1.000000, 14502, 0, 0, 0, 0, 0, 27, 0
1777102967, 1, 23, 784, 783, 0, 7.67%, 0, 0, 2, 0.66, 16, 122, 0, 370, 103672, 38226, 0, 0.000, 0, 0, 0.723403, 1.000000, 14531, 0, 0, 0, 0, 0, 28, 0
1777102972, 1, 23, 784, 783, 0, 7.67%, 0, 0, 2, 5.61, 16, 122, 0, 370, 103672, 38226, 0, 0.000, 0, 0, 0.723678, 1.000000, 14551, 0, 0, 0, 0, 0, 28, 0
1777102977, 1, 23, 784, 783, 0, 7.67%, 0, 0, 2, 5.61, 16, 122, 0, 370, 103672, 38226, 0, 0.000, 0, 0, 0.724049, 1.000000, 14578, 0, 0, 0, 0, 0, 28, 0
1777102982, 1, 23, 784, 783, 0, 7.67%, 0, 0, 2, 5.84, 16, 122, 0, 370, 103672, 38226, 0, 0.000, 0, 0, 0.724459, 1.000000, 14608, 0, 0, 0, 0, 0, 28, 0
1777102987, 1, 23, 784, 783, 0, 7.67%, 0, 0, 2, 5.62, 16, 122, 0, 370, 103672, 38226, 0, 0.000, 0, 0, 0.724814, 1.000000, 14634, 0, 0, 0, 0, 0, 28, 0
1777102992, 1, 23, 784, 783, 0, 7.67%, 0, 0, 2, 6.03, 16, 122, 0, 370, 103672, 38226, 0, 0.000, 0, 0, 0.725250, 1.000000, 14666, 0, 0, 0, 0, 0, 28, 0
1777102998, 1, 23, 784, 783, 0, 7.67%, 0, 0, 2, 6.83, 16, 122, 0, 370, 103672, 38226, 0, 0.000, 0, 0, 0.725603, 1.000000, 14692, 0, 0, 0, 0, 0, 28, 0
1777103003, 1, 23, 784, 783, 0, 7.67%, 0, 0, 2, 6.06, 16, 122, 0, 370, 103672, 38226, 0, 0.000, 0, 0, 0.726008, 1.000000, 14722, 0, 0, 0, 0, 0, 28, 0
1777103008, 1, 23, 784, 783, 0, 7.67%, 0, 0, 2, 5.82, 16, 122, 0, 370, 103672, 38226, 0, 0.000, 0, 0, 0.726319, 1.000000, 14745, 0, 0, 0, 0, 0, 29, 0
1777103014, 1, 23, 784, 783, 0, 7.67%, 0, 0, 2, 5.60, 16, 122, 0, 370, 103672, 38226, 0, 0.000, 0, 0, 0.726696, 1.000000, 14773, 0, 0, 0, 0, 0, 29, 0
1777103019, 1, 23, 784, 783, 0, 7.67%, 0, 0, 2, 5.51, 16, 122, 0, 370, 103672, 38226, 0, 0.000, 0, 0, 0.727072, 1.000000, 14801, 0, 0, 0, 0, 0, 29, 0
1777103024, 1, 23, 785, 784, 0, 7.67%, 0, 0, 2, 5.53, 16, 122, 0, 370, 103672, 38226, 0, 0.000, 0, 0, 0.727340, 0.618617, 14821, 0, 0, 0, 0, 0, 29, 0
1777103029, 1, 23, 785, 784, 0, 7.67%, 0, 0, 2, 5.64, 16, 122, 0, 370, 103672, 38226, 0, 0.000, 0, 0, 0.727727, 1.000000, 14850, 0, 0, 0, 0, 0, 29, 0
1777103034, 1, 23, 785, 784, 0, 7.67%, 0, 0, 2, 5.67, 16, 122, 0, 370, 103672, 38226, 0, 0.000, 0, 0, 0.728074, 1.000000, 14876, 0, 0, 0, 0, 0, 29, 0
1777103039, 1, 23, 785, 784, 0, 7.67%, 0, 0, 2, 5.69, 16, 122, 0, 370, 103672, 38226, 0, 0.000, 0, 0, 0.728472, 1.000000, 14906, 0, 0, 0, 0, 0, 29, 0
1777103045, 1, 23, 785, 784, 0, 7.67%, 0, 0, 2, 5.98, 16, 122, 0, 370, 103672, 38226, 0, 0.000, 0, 0, 0.728777, 1.000000, 14929, 0, 0, 0, 0, 0, 29, 0
1777103050, 1, 23, 785, 784, 0, 7.67%, 0, 0, 2, 5.63, 16, 122, 0, 370, 103672, 38226, 0, 0.000, 0, 0, 0.729161, 1.000000, 14958, 0, 0, 0, 0, 0, 29, 0
1777103055, 1, 23, 785, 784, 0, 7.67%, 0, 0, 2, 5.60, 16, 122, 0, 370, 103672, 38226, 0, 0.000, 0, 0, 0.729503, 1.000000, 14984, 0, 0, 0, 0, 0, 29, 0
1777103061, 1, 23, 785, 784, 0, 7.67%, 0, 0, 2, 5.71, 16, 122, 0, 370, 103672, 38226, 0, 0.000, 0, 0, 0.729898, 1.000000, 15014, 0, 0, 0, 0, 0, 29, 0
1777103066, 1, 23, 785, 784, 0, 7.67%, 0, 0, 2, 5.38, 16, 122, 0, 370, 103672, 38226, 0, 0.000, 0, 0, 0.730239, 1.000000, 15040, 0, 0, 0, 0, 0, 30, 0
1777103071, 1, 23, 785, 784, 0, 7.67%, 0, 0, 2, 1.09, 16, 122, 0, 370, 103672, 38226, 0, 0.000, 0, 0, 0.730566, 1.000000, 15065, 0, 0, 0, 0, 0, 30, 0
1777103076, 2, 18, 786, 784, 1, 7.67%, 0, 0, 2, 5.50, 16, 123, 0, 370, 103672, 38226, 0, 0.000, 0, 0, 0.730840, 1.000000, 15086, 0, 0, 0, 0, 0, 30, 0
1777103082, 2, 18, 786, 784, 1, 7.67%, 0, 0, 2, 4.95, 16, 123, 0, 370, 103672, 38226, 0, 0.000, 0, 0, 0.731114, 1.000000, 15107, 0, 0, 0, 0, 0, 30, 0
1777103087, 2, 18, 786, 784, 1, 7.67%, 0, 0, 2, 5.60, 16, 123, 0, 370, 103672, 38226, 0, 0.000, 0, 0, 0.731503, 1.000000, 15137, 0, 0, 0, 0, 0, 30, 0
1777103092, 2, 18, 786, 784, 1, 7.67%, 0, 0, 2, 5.49, 16, 123, 0, 370, 103672, 38226, 0, 0.000, 0, 0, 0.731853, 1.000000, 15164, 0, 0, 0, 0, 0, 30, 0
1777103097, 2, 18, 786, 784, 1, 7.67%, 0, 0, 2, 5.52, 16, 123, 0, 370, 103672, 38226, 0, 0.000, 0, 0, 0.732228, 1.000000, 15193, 0, 0, 0, 0, 0, 30, 0
1777103103, 2, 18, 786, 784, 1, 7.67%, 0, 0, 2, 5.30, 16, 123, 0, 370, 103672, 38226, 0, 0.000, 0, 0, 0.732563, 1.000000, 15219, 0, 0, 0, 0, 0, 30, 0
1777103108, 2, 18, 786, 784, 1, 7.67%, 0, 0, 2, 5.42, 16, 123, 0, 370, 103672, 38226, 0, 0.000, 0, 0, 0.732949, 1.000000, 15249, 0, 0, 0, 0, 0, 30, 0
1777103113, 2, 18, 787, 785, 1, 7.67%, 0, 0, 2, 5.00, 16, 123, 0, 370, 103672, 38226, 0, 0.000, 0, 0, 0.733141, 1.000000, 15264, 0, 0, 0, 0, 0, 30, 0
1777103118, 2, 18, 787, 785, 1, 7.67%, 0, 0, 2, 5.47, 16, 123, 0, 370, 103672, 38226, 0, 0.000, 0, 0, 0.733512, 1.000000, 15293, 0, 0, 0, 0, 0, 30, 0
1777103124, 2, 18, 787, 785, 1, 7.67%, 0, 0, 2, 5.30, 16, 123, 0, 370, 103672, 38226, 0, 0.000, 0, 0, 0.733781, 1.000000, 15314, 0, 0, 0, 0, 0, 30, 0
1777103129, 2, 18, 787, 785, 1, 7.67%, 0, 0, 2, 5.45, 16, 123, 0, 370, 103672, 38226, 0, 0.000, 0, 0, 0.734150, 1.000000, 15343, 0, 0, 0, 0, 0, 30, 0
1777103134, 2, 18, 787, 785, 1, 7.67%, 0, 0, 2, 5.32, 16, 123, 0, 370, 103672, 38226, 0, 0.000, 0, 0, 0.734468, 1.000000, 15368, 0, 0, 0, 0, 0, 30, 0
1777103139, 2, 18, 787, 785, 1, 7.67%, 0, 0, 2, 5.48, 16, 123, 0, 370, 103672, 38226, 0, 0.000, 0, 0, 0.734835, 1.000000, 15397, 0, 0, 0, 0, 0, 30, 0
1777103144, 2, 18, 788, 786, 1, 7.67%, 0, 0, 2, 5.70, 16, 123, 0, 370, 103672, 38226, 0, 0.000, 0, 0, 0.735088, 0.618617, 15417, 0, 0, 0, 0, 0, 30, 0
1777103149, 2, 18, 789, 787, 1, 7.67%, 0, 0, 2, 5.59, 16, 123, 0, 370, 103672, 38226, 0, 0.000, 0, 0, 0.735303, 1.000000, 15434, 0, 0, 0, 0, 0, 30, 0
1777103155, 2, 18, 789, 787, 1, 7.67%, 0, 0, 2, 5.39, 16, 123, 0, 370, 103672, 38226, 0, 0.000, 0, 0, 0.735655, 1.000000, 15462, 0, 0, 0, 0, 0, 30, 0
1777103160, 2, 18, 789, 787, 1, 7.67%, 0, 0, 2, 0.66, 16, 123, 0, 370, 103672, 38226, 0, 0.000, 0, 0, 0.735919, 1.000000, 15483, 0, 0, 0, 0, 0, 30, 0
1777103165, 2, 18, 789, 787, 1, 7.67%, 0, 0, 2, 5.21, 16, 123, 0, 370, 103672, 38226, 0, 0.000, 0, 0, 0.736245, 1.000000, 15509, 0, 0, 0, 0, 0, 30, 0
1777103170, 2, 18, 789, 787, 1, 7.67%, 0, 0, 2, 5.28, 16, 123, 0, 370, 103672, 38226, 0, 0.000, 0, 0, 0.736570, 1.000000, 15535, 0, 0, 0, 0, 0, 30, 0
1777103175, 2, 18, 789, 787, 1, 7.67%, 0, 0, 2, 5.47, 16, 123, 0, 370, 103672, 38226, 0, 0.000, 0, 0, 0.736932, 1.000000, 15564, 0, 0, 0, 0, 0, 30, 0
1777103180, 2, 18, 789, 787, 1, 7.67%, 0, 0, 2, 5.02, 16, 123, 0, 370, 103672, 38226, 0, 0.000, 0, 0, 0.737230, 1.000000, 15588, 0, 0, 0, 0, 0, 30, 0
1777103186, 2, 18, 789, 787, 1, 7.67%, 0, 0, 2, 5.19, 16, 123, 0, 370, 103672, 38226, 0, 0.000, 0, 0, 0.737578, 1.000000, 15616, 0, 0, 0, 0, 0, 30, 0
1777103191, 2, 18, 790, 788, 1, 7.67%, 0, 0, 2, 5.72, 16, 123, 0, 370, 103672, 38226, 0, 0.000, 0, 0, 0.737788, 0.618617, 15633, 0, 0, 0, 0, 0, 30, 0
1777103196, 2, 18, 791, 789, 1, 7.68%, 0, 0, 2, 5.75, 16, 123, 0, 370, 103672, 38226, 0, 0.000, 0, 0, 0.738036, 1.000000, 15653, 0, 0, 0, 0, 0, 30, 0
1777103201, 2, 18, 791, 789, 1, 7.68%, 0, 0, 2, 5.54, 16, 123, 0, 370, 103672, 38226, 0, 0.000, 0, 0, 0.738307, 1.000000, 15675, 0, 0, 0, 0, 0, 30, 0
1777103206, 2, 18, 791, 789, 1, 7.68%, 0, 0, 2, 5.39, 16, 123, 0, 370, 103672, 38226, 0, 0.000, 0, 0, 0.738652, 1.000000, 15703, 0, 0, 0, 0, 0, 30, 0
1777103212, 2, 18, 791, 789, 1, 7.68%, 0, 0, 2, 5.32, 16, 123, 0, 370, 103672, 38226, 0, 0.000, 0, 0, 0.738971, 1.000000, 15729, 0, 0, 0, 0, 0, 30, 0
1777103217, 2, 18, 791, 789, 1, 7.68%, 0, 0, 2, 5.72, 16, 123, 0, 370, 103672, 38226, 0, 0.000, 0, 0, 0.739351, 1.000000, 15760, 0, 0, 0, 0, 0, 30, 0
1777103222, 2, 18, 791, 789, 1, 7.68%, 0, 0, 2, 5.33, 16, 123, 0, 370, 103672, 38226, 0, 0.000, 0, 0, 0.739656, 1.000000, 15785, 0, 0, 0, 0, 0, 30, 0
1777103227, 2, 18, 791, 789, 1, 7.68%, 0, 0, 2, 5.20, 16, 123, 0, 370, 103672, 38226, 0, 0.000, 0, 0, 0.739985, 1.000000, 15812, 0, 0, 0, 0, 0, 30, 0
1777103232, 2, 18, 791, 789, 1, 7.68%, 0, 0, 2, 5.83, 16, 123, 0, 370, 103672, 38226, 0, 0.000, 0, 0, 0.740289, 1.000000, 15837, 0, 0, 0, 0, 0, 30, 0
1777103238, 2, 18, 791, 789, 1, 7.68%, 0, 0, 2, 5.55, 16, 123, 0, 370, 103672, 38226, 0, 0.000, 0, 0, 0.740628, 1.000000, 15865, 0, 0, 0, 0, 0, 31, 0
1777103243, 2, 18, 791, 789, 1, 7.68%, 0, 0, 2, 5.01, 16, 123, 0, 370, 103672, 38226, 0, 0.000, 0, 0, 0.740882, 1.000000, 15886, 0, 0, 0, 0, 0, 31, 0
1777103248, 2, 18, 791, 789, 1, 7.68%, 0, 0, 2, 5.21, 16, 123, 0, 370, 103672, 38226, 0, 0.000, 0, 0, 0.741208, 1.000000, 15913, 0, 0, 0, 0, 0, 31, 0
1777103253, 2, 18, 791, 789, 1, 7.68%, 0, 0, 2, 5.10, 16, 123, 0, 370, 103672, 38226, 0, 0.000, 0, 0, 0.741497, 1.000000, 15937, 0, 0, 0, 0, 0, 31, 0
1777103258, 2, 18, 791, 789, 1, 7.68%, 0, 0, 2, 5.05, 16, 123, 0, 370, 103672, 38226, 0, 0.000, 0, 0, 0.741822, 1.000000, 15964, 0, 0, 0, 0, 0, 31, 0
1777103263, 2, 18, 791, 789, 1, 7.68%, 0, 0, 2, 5.26, 16, 123, 0, 370, 103672, 38226, 0, 0.000, 0, 0, 0.742133, 1.000000, 15990, 0, 0, 0, 0, 0, 31, 0
1777103269, 2, 18, 791, 789, 1, 7.68%, 0, 0, 2, 5.13, 16, 123, 0, 370, 103672, 38226, 0, 0.000, 0, 0, 0.742456, 1.000000, 16017, 0, 0, 0, 0, 0, 31, 0
1777103274, 2, 18, 791, 789, 1, 7.68%, 0, 0, 2, 5.36, 16, 123, 0, 370, 103672, 38226, 0, 0.000, 0, 0, 0.742790, 1.000000, 16045, 0, 0, 0, 0, 0, 31, 0
1777103279, 2, 18, 791, 789, 1, 7.68%, 0, 0, 2, 5.18, 16, 123, 0, 370, 103672, 38226, 0, 0.000, 0, 0, 0.743051, 1.000000, 16067, 0, 0, 0, 0, 0, 32, 0
1777103284, 2, 18, 792, 790, 1, 7.68%, 0, 0, 2, 5.45, 16, 123, 0, 370, 103672, 38226, 0, 0.000, 0, 0, 0.743301, 1.000000, 16088, 0, 0, 0, 0, 0, 32, 0
1777103290, 2, 18, 792, 790, 1, 7.68%, 0, 0, 2, 5.43, 16, 123, 0, 370, 103672, 38226, 0, 0.000, 0, 0, 0.743621, 1.000000, 16115, 0, 0, 0, 0, 0, 32, 0
1777103295, 2, 18, 792, 790, 1, 7.68%, 0, 0, 2, 5.49, 16, 123, 0, 370, 103672, 38226, 0, 0.000, 0, 0, 0.743963, 1.000000, 16144, 0, 0, 0, 0, 0, 32, 0
1777103300, 2, 18, 792, 790, 1, 7.68%, 0, 0, 2, 5.23, 16, 123, 0, 370, 103672, 38226, 0, 0.000, 0, 0, 0.744258, 1.000000, 16169, 0, 0, 0, 0, 0, 32, 0
1777103305, 2, 18, 792, 790, 1, 7.68%, 0, 0, 2, 5.24, 16, 123, 0, 370, 103672, 38226, 0, 0.000, 0, 0, 0.744587, 1.000000, 16197, 0, 0, 0, 0, 0, 32, 0
1777103311, 2, 18, 792, 790, 1, 7.68%, 0, 0, 2, 4.96, 16, 123, 0, 370, 103672, 38226, 0, 0.000, 0, 0, 0.744857, 1.000000, 16220, 0, 0, 0, 0, 0, 32, 0
1777103316, 2, 18, 792, 790, 1, 7.68%, 0, 0, 2, 5.22, 16, 123, 0, 370, 103672, 38226, 0, 0.000, 0, 0, 0.745173, 1.000000, 16247, 0, 0, 0, 0, 0, 32, 0
1777103321, 2, 18, 792, 790, 1, 7.68%, 0, 0, 2, 5.92, 16, 123, 0, 370, 103672, 38226, 0, 0.000, 0, 0, 0.745418, 1.000000, 16268, 0, 0, 0, 0, 0, 32, 0
1777103326, 2, 18, 792, 790, 1, 7.68%, 0, 0, 2, 5.46, 16, 123, 0, 370, 103672, 38226, 0, 0.000, 0, 0, 0.745732, 1.000000, 16295, 0, 0, 0, 0, 0, 33, 0
1777103331, 2, 18, 792, 790, 1, 7.68%, 0, 0, 2, 5.18, 16, 123, 0, 370, 103672, 38226, 0, 0.000, 0, 0, 0.746023, 1.000000, 16320, 0, 0, 0, 0, 0, 33, 0
1777103337, 2, 18, 792, 790, 1, 7.68%, 0, 0, 2, 5.26, 16, 123, 0, 370, 103672, 38226, 0, 0.000, 0, 0, 0.746348, 1.000000, 16348, 0, 0, 0, 0, 0, 33, 0
1777103342, 2, 18, 792, 790, 1, 7.68%, 0, 0, 2, 5.35, 16, 123, 0, 370, 103672, 38226, 0, 0.000, 0, 0, 0.746648, 1.000000, 16374, 0, 0, 0, 0, 0, 33, 0
1777103347, 2, 18, 792, 790, 1, 7.68%, 0, 0, 2, 5.48, 16, 123, 0, 370, 103672, 38226, 0, 0.000, 0, 0, 0.746983, 1.000000, 16403, 0, 0, 0, 0, 0, 33, 0
1777103352, 2, 18, 792, 790, 1, 7.68%, 0, 0, 2, 3.18, 16, 123, 0, 370, 103672, 38226, 0, 0.000, 0, 0, 0.747259, 1.000000, 16427, 0, 0, 0, 0, 0, 33, 0
1777103358, 2, 18, 792, 790, 1, 7.68%, 0, 0, 2, 4.57, 16, 123, 0, 370, 103672, 38226, 0, 0.000, 0, 0, 0.747581, 1.000000, 16455, 0, 0, 0, 0, 0, 33, 0
1777103363, 2, 18, 792, 790, 1, 7.68%, 0, 0, 2, 4.80, 16, 123, 0, 370, 103672, 38226, 0, 0.000, 0, 0, 0.747821, 1.000000, 16476, 0, 0, 0, 0, 0, 34, 0
1777103368, 2, 18, 792, 790, 1, 7.68%, 0, 0, 2, 5.39, 16, 123, 0, 370, 103672, 38226, 0, 0.000, 0, 0, 0.748153, 1.000000, 16505, 0, 0, 0, 0, 0, 34, 0
1777103373, 2, 18, 792, 790, 1, 7.68%, 0, 0, 2, 5.37, 16, 123, 0, 370, 103672, 38226, 0, 0.000, 0, 0, 0.748438, 1.000000, 16530, 0, 0, 0, 0, 0, 34, 0
1777103378, 2, 18, 792, 790, 1, 7.68%, 0, 0, 2, 5.23, 16, 123, 0, 370, 103672, 38226, 0, 0.000, 0, 0, 0.748745, 1.000000, 16557, 0, 0, 0, 0, 0, 34, 0
1777103383, 2, 18, 792, 790, 1, 7.68%, 0, 0, 2, 5.04, 16, 123, 0, 370, 103672, 38226, 0, 0.000, 0, 0, 0.749017, 1.000000, 16581, 0, 0, 0, 0, 0, 34, 0
1777103389, 2, 18, 792, 790, 1, 7.68%, 0, 0, 2, 1.06, 16, 123, 0, 370, 103672, 38226, 0, 0.000, 0, 0, 0.749335, 1.000000, 16609, 0, 0, 0, 0, 0, 34, 0
1777103394, 2, 18, 792, 790, 1, 7.68%, 0, 0, 2, 5.64, 16, 123, 0, 370, 103672, 38226, 0, 0.000, 0, 0, 0.749662, 1.000000, 16638, 0, 0, 0, 0, 0, 34, 0
1777103399, 2, 18, 792, 790, 1, 7.68%, 0, 0, 2, 0.66, 16, 123, 0, 370, 103672, 38226, 0, 0.000, 0, 0, 0.749899, 1.000000, 16659, 0, 0, 0, 0, 0, 34, 0
1777103404, 2, 18, 792, 790, 1, 7.68%, 0, 0, 2, 5.82, 16, 123, 0, 370, 103672, 38226, 0, 0.000, 0, 0, 0.750247, 1.000000, 16690, 0, 0, 0, 0, 0, 35, 0
1777103410, 2, 18, 792, 790, 1, 7.68%, 0, 0, 2, 5.33, 16, 123, 0, 370, 103672, 38226, 0, 0.000, 0, 0, 0.750528, 1.000000, 16715, 0, 0, 0, 0, 0, 35, 0
1777103415, 2, 18, 793, 791, 1, 7.68%, 0, 0, 2, 5.73, 16, 123, 0, 370, 103672, 38226, 0, 0.000, 0, 0, 0.750774, 1.000000, 16737, 0, 0, 0, 0, 0, 35, 0
1777103420, 2, 18, 793, 791, 1, 7.68%, 0, 0, 2, 5.22, 16, 123, 0, 370, 103672, 38226, 0, 0.000, 0, 0, 0.751042, 1.000000, 16761, 0, 0, 0, 0, 0, 35, 0
1777103425, 2, 18, 793, 791, 1, 7.68%, 0, 0, 2, 5.57, 16, 123, 0, 370, 103672, 38226, 0, 0.000, 0, 0, 0.751365, 1.000000, 16790, 0, 0, 0, 0, 0, 35, 0
1777103430, 2, 18, 793, 791, 1, 7.68%, 0, 0, 2, 5.74, 16, 123, 0, 370, 103672, 38226, 0, 0.000, 0, 0, 0.751621, 1.000000, 16813, 0, 0, 0, 0, 0, 35, 0
1777103435, 2, 18, 793, 791, 1, 7.68%, 0, 0, 2, 5.30, 16, 123, 0, 370, 103672, 38226, 0, 0.000, 0, 0, 0.751909, 1.000000, 16839, 0, 0, 0, 0, 0, 35, 0
1777103440, 2, 18, 793, 791, 1, 7.68%, 0, 0, 2, 5.00, 16, 123, 0, 370, 103672, 38226, 0, 0.000, 0, 0, 0.752141, 1.000000, 16860, 0, 0, 0, 0, 0, 35, 0
1777103445, 2, 18, 793, 791, 1, 7.68%, 0, 0, 2, 5.30, 16, 123, 0, 370, 103672, 38226, 0, 0.000, 0, 0, 0.752451, 1.000000, 16888, 0, 0, 0, 0, 0, 35, 0
1777103450, 2, 18, 793, 791, 1, 7.68%, 0, 0, 2, 5.12, 16, 123, 0, 370, 103672, 38226, 0, 0.000, 0, 0, 0.752715, 1.000000, 16912, 0, 0, 0, 0, 0, 35, 0
1777103456, 2, 18, 793, 791, 1, 7.68%, 0, 0, 2, 5.52, 16, 123, 0, 370, 103672, 38226, 0, 0.000, 0, 0, 0.753045, 1.000000, 16942, 0, 0, 0, 0, 0, 36, 0
1777103461, 2, 18, 793, 791, 1, 7.68%, 0, 0, 2, 5.25, 16, 123, 0, 370, 103672, 38226, 0, 0.000, 0, 0, 0.753330, 1.000000, 16968, 0, 0, 0, 0, 0, 36, 0
1777103466, 2, 18, 793, 791, 1, 7.68%, 0, 0, 2, 5.46, 16, 123, 0, 370, 103672, 38226, 0, 0.000, 0, 0, 0.753636, 1.000000, 16996, 0, 0, 0, 0, 0, 36, 0
1777103471, 2, 18, 793, 791, 1, 7.68%, 0, 0, 2, 3.37, 16, 123, 0, 370, 103672, 38226, 0, 0.000, 0, 0, 0.753898, 1.000000, 17020, 0, 0, 0, 0, 0, 36, 0
1777103476, 2, 18, 793, 791, 1, 7.68%, 0, 0, 2, 4.92, 16, 123, 0, 370, 103672, 38226, 0, 0.000, 0, 0, 0.754225, 1.000000, 17050, 0, 0, 0, 0, 0, 36, 0
1777103481, 2, 18, 793, 791, 1, 7.68%, 0, 0, 2, 5.04, 16, 123, 0, 370, 103672, 38226, 0, 0.000, 0, 0, 0.754442, 1.000000, 17070, 0, 0, 0, 0, 0, 36, 0
1777103487, 2, 18, 793, 791, 1, 7.68%, 0, 0, 2, 5.24, 16, 123, 0, 370, 103672, 38226, 0, 0.000, 0, 0, 0.754745, 1.000000, 17098, 0, 0, 0, 0, 0, 36, 0
1777103492, 2, 18, 793, 791, 1, 7.68%, 0, 0, 2, 5.26, 16, 123, 0, 370, 103672, 38226, 0, 0.000, 0, 0, 0.755026, 1.000000, 17124, 0, 0, 0, 0, 0, 37, 0
1777103497, 2, 18, 793, 791, 1, 7.68%, 0, 0, 2, 5.11, 16, 123, 0, 370, 103672, 38226, 0, 0.000, 0, 0, 0.755318, 1.000000, 17151, 0, 0, 0, 0, 0, 37, 0
1777103503, 2, 18, 793, 791, 1, 7.68%, 0, 0, 2, 5.15, 16, 123, 0, 370, 103672, 38226, 0, 0.000, 0, 0, 0.755608, 1.000000, 17178, 0, 0, 0, 0, 0, 37, 0
1777103508, 2, 18, 794, 792, 1, 7.68%, 0, 0, 2, 5.02, 16, 123, 0, 370, 103672, 38226, 0, 0.000, 0, 0, 0.755812, 0.713711, 17197, 0, 0, 0, 0, 0, 37, 0
1777103513, 2, 18, 794, 792, 1, 7.68%, 0, 0, 2, 5.27, 16, 123, 0, 370, 103672, 38226, 0, 0.000, 0, 0, 0.756102, 1.000000, 17224, 0, 0, 0, 0, 0, 37, 0
1777103518, 2, 18, 794, 792, 1, 7.68%, 0, 0, 2, 5.17, 16, 123, 0, 370, 103672, 38226, 0, 0.000, 0, 0, 0.756337, 1.000000, 17246, 0, 0, 0, 0, 0, 37, 0
1777103523, 2, 18, 794, 792, 1, 7.68%, 0, 0, 2, 5.43, 16, 123, 0, 370, 103672, 38226, 0, 0.000, 0, 0, 0.756636, 1.000000, 17274, 0, 0, 0, 0, 0, 37, 0
1777103528, 2, 18, 794, 792, 1, 7.68%, 0, 0, 2, 4.96, 16, 123, 0, 370, 103672, 38226, 0, 0.000, 0, 0, 0.756881, 1.000000, 17297, 0, 0, 0, 0, 0, 37, 0
1777103533, 2, 18, 794, 792, 1, 7.68%, 0, 0, 2, 5.15, 16, 123, 0, 370, 103672, 38226, 0, 0.000, 0, 0, 0.757168, 1.000000, 17324, 0, 0, 0, 0, 0, 37, 0
1777103539, 2, 18, 795, 793, 1, 7.68%, 0, 0, 2, 5.25, 16, 123, 0, 370, 103672, 38226, 0, 0.000, 0, 0, 0.757348, 1.000000, 17341, 0, 0, 0, 0, 0, 37, 0
1777103544, 2, 18, 795, 793, 1, 7.68%, 0, 0, 2, 5.14, 16, 123, 0, 370, 103672, 38226, 0, 0.000, 0, 0, 0.757634, 1.000000, 17368, 0, 0, 0, 0, 0, 37, 0
1777103549, 2, 18, 795, 793, 1, 7.68%, 0, 0, 2, 5.64, 16, 123, 0, 370, 103672, 38226, 0, 0.000, 0, 0, 0.757887, 1.000000, 17392, 0, 0, 0, 0, 0, 37, 0
1777103554, 2, 18, 795, 793, 1, 7.68%, 0, 0, 2, 5.47, 16, 123, 0, 370, 103672, 38226, 0, 0.000, 0, 0, 0.758182, 1.000000, 17420, 0, 0, 0, 0, 0, 37, 0
1777103559, 2, 18, 795, 793, 1, 7.68%, 0, 0, 2, 5.22, 16, 123, 0, 370, 103672, 38226, 0, 0.000, 0, 0, 0.758403, 1.000000, 17441, 0, 0, 0, 0, 0, 37, 0
1777103564, 2, 18, 795, 793, 1, 7.68%, 0, 0, 2, 5.38, 16, 123, 0, 370, 103672, 38226, 0, 0.000, 0, 0, 0.758697, 1.000000, 17469, 0, 0, 0, 0, 0, 37, 0
1777103570, 2, 18, 795, 793, 1, 7.68%, 0, 0, 2, 5.14, 16, 123, 0, 370, 103672, 38226, 0, 0.000, 0, 0, 0.758948, 1.000000, 17493, 0, 0, 0, 0, 0, 37, 0
1777103575, 2, 18, 795, 793, 1, 7.68%, 0, 0, 2, 5.30, 16, 123, 0, 370, 103672, 38226, 0, 0.000, 0, 0, 0.759251, 1.000000, 17522, 0, 0, 0, 0, 0, 37, 0
1777103580, 2, 18, 795, 793, 1, 7.68%, 0, 0, 2, 5.21, 16, 123, 0, 370, 103672, 38226, 0, 0.000, 0, 0, 0.759512, 1.000000, 17547, 0, 0, 0, 0, 0, 38, 0
1777103585, 2, 18, 795, 793, 1, 7.68%, 0, 0, 2, 5.27, 16, 123, 0, 370, 103672, 38226, 0, 0.000, 0, 0, 0.759792, 1.000000, 17574, 0, 0, 0, 0, 0, 38, 0
1777103590, 2, 18, 795, 793, 1, 7.68%, 0, 0, 2, 2.68, 16, 123, 0, 370, 103672, 38226, 0, 0.000, 0, 0, 0.760031, 1.000000, 17597, 0, 0, 0, 0, 0, 38, 0
1777103595, 2, 18, 795, 793, 1, 7.68%, 0, 0, 2, 4.35, 16, 123, 0, 370, 103672, 38226, 0, 0.000, 0, 0, 0.760311, 1.000000, 17624, 0, 0, 0, 0, 0, 38, 0
1777103600, 2, 18, 795, 793, 1, 7.68%, 0, 0, 2, 5.01, 16, 123, 0, 370, 103672, 38226, 0, 0.000, 0, 0, 0.760517, 1.000000, 17644, 0, 0, 0, 0, 0, 38, 0
1777103605, 2, 18, 795, 793, 1, 7.68%, 0, 0, 2, 5.33, 16, 123, 0, 370, 103672, 38226, 0, 0.000, 0, 0, 0.760806, 1.000000, 17672, 0, 0, 0, 0, 0, 38, 0
1777103611, 2, 18, 795, 793, 1, 7.68%, 0, 0, 2, 5.24, 16, 123, 0, 370, 103672, 38226, 0, 0.000, 0, 0, 0.761063, 1.000000, 17697, 0, 0, 0, 0, 0, 38, 0
1777103616, 2, 18, 795, 793, 1, 7.68%, 0, 0, 2, 5.24, 16, 123, 0, 370, 103672, 38226, 0, 0.000, 0, 0, 0.761340, 1.000000, 17724, 0, 0, 0, 0, 0, 38, 0
1777103621, 2, 18, 796, 794, 1, 7.68%, 0, 0, 2, 5.29, 16, 123, 0, 370, 103672, 38226, 0, 0.000, 0, 0, 0.761535, 1.000000, 17743, 0, 0, 0, 0, 0, 39, 0
1777103626, 2, 18, 796, 794, 1, 7.68%, 0, 0, 2, 5.27, 16, 123, 0, 370, 103672, 38226, 0, 0.000, 0, 0, 0.761811, 1.000000, 17770, 0, 0, 0, 0, 0, 39, 0
1777103631, 2, 18, 796, 794, 1, 7.68%, 0, 0, 2, 5.31, 16, 123, 0, 370, 103672, 38226, 0, 0.000, 0, 0, 0.762045, 1.000000, 17793, 0, 0, 0, 0, 0, 39, 0
1777103637, 2, 18, 796, 794, 1, 7.68%, 0, 0, 2, 5.62, 16, 123, 0, 370, 103672, 38226, 0, 0.000, 0, 0, 0.762361, 1.000000, 17824, 0, 0, 0, 0, 0, 39, 0
1777103642, 2, 18, 796, 794, 1, 7.68%, 0, 0, 2, 5.52, 16, 123, 0, 370, 103672, 38226, 0, 0.000, 0, 0, 0.762554, 1.000000, 17843, 0, 0, 0, 0, 0, 39, 0
1777103647, 2, 18, 796, 794, 1, 7.68%, 0, 0, 2, 5.52, 16, 123, 0, 370, 103672, 38226, 0, 0.000, 0, 0, 0.762848, 1.000000, 17872, 0, 0, 0, 0, 0, 39, 0
1777103652, 2, 18, 796, 794, 1, 7.68%, 0, 0, 2, 5.22, 16, 123, 0, 370, 103672, 38226, 0, 0.000, 0, 0, 0.763091, 1.000000, 17896, 0, 0, 0, 0, 0, 39, 0
1777103657, 2, 18, 796, 794, 1, 7.68%, 0, 0, 2, 5.37, 16, 123, 0, 370, 103672, 38226, 0, 0.000, 0, 0, 0.763373, 1.000000, 17924, 0, 0, 0, 0, 0, 39, 0
1777103662, 2, 18, 797, 795, 1, 7.68%, 0, 0, 2, 5.31, 16, 123, 0, 370, 103672, 38226, 0, 0.000, 0, 0, 0.763554, 1.000000, 17942, 0, 0, 0, 0, 0, 39, 0
1777103668, 2, 18, 797, 795, 1, 7.68%, 0, 0, 2, 1.03, 16, 123, 0, 370, 103672, 38226, 0, 0.000, 0, 0, 0.763826, 1.000000, 17969, 0, 0, 0, 0, 0, 39, 0
1777103673, 2, 18, 797, 795, 1, 7.68%, 0, 0, 2, 5.35, 16, 123, 0, 370, 103672, 38226, 0, 0.000, 0, 0, 0.764106, 1.000000, 17997, 0, 0, 0, 0, 0, 39, 0
1777103679, 2, 18, 797, 795, 1, 7.68%, 0, 0, 2, 0.66, 16, 123, 0, 370, 103672, 38226, 0, 0.000, 0, 0, 0.764327, 1.000000, 18019, 0, 0, 0, 0, 0, 39, 0
1777103684, 2, 18, 797, 795, 1, 7.68%, 0, 0, 2, 5.05, 16, 123, 0, 370, 103672, 38226, 0, 0.000, 0, 0, 0.764596, 1.000000, 18046, 0, 0, 0, 0, 0, 39, 0
1777103689, 2, 18, 797, 795, 1, 7.68%, 0, 0, 2, 5.12, 16, 123, 0, 370, 103672, 38226, 0, 0.000, 0, 0, 0.764845, 1.000000, 18071, 0, 0, 0, 0, 0, 39, 0
1777103694, 2, 18, 797, 795, 1, 7.68%, 0, 0, 2, 5.14, 16, 123, 0, 370, 103672, 38226, 0, 0.000, 0, 0, 0.765114, 1.000000, 18098, 0, 0, 0, 0, 0, 39, 0
1777103699, 2, 18, 797, 795, 1, 7.68%, 0, 0, 2, 5.28, 16, 123, 0, 370, 103672, 38226, 0, 0.000, 0, 0, 0.765372, 1.000000, 18124, 0, 0, 0, 0, 0, 39, 0
1777103704, 2, 18, 797, 795, 1, 7.68%, 0, 0, 2, 5.17, 16, 123, 0, 370, 103672, 38226, 0, 0.000, 0, 0, 0.765639, 1.000000, 18151, 0, 0, 0, 0, 0, 40, 0
1777103709, 2, 18, 797, 795, 1, 7.68%, 0, 0, 2, 4.81, 16, 123, 0, 370, 103672, 38226, 0, 0.000, 0, 0, 0.765856, 1.000000, 18173, 0, 0, 0, 0, 0, 40, 0
1777103715, 2, 18, 797, 795, 1, 7.68%, 0, 0, 2, 5.33, 16, 123, 0, 370, 103672, 38226, 0, 0.000, 0, 0, 0.766142, 1.000000, 18202, 0, 0, 0, 0, 0, 40, 0
1777103720, 2, 18, 797, 795, 1, 7.68%, 0, 0, 2, 6.28, 16, 123, 0, 370, 103672, 38226, 0, 0.000, 0, 0, 0.766348, 1.000000, 18223, 0, 0, 0, 0, 0, 40, 0
1777103725, 2, 18, 797, 795, 1, 7.68%, 0, 0, 2, 5.79, 16, 123, 0, 370, 103672, 38226, 0, 0.000, 0, 0, 0.766633, 1.000000, 18252, 0, 0, 0, 0, 0, 40, 0
1777103730, 2, 18, 797, 795, 1, 7.68%, 0, 0, 2, 5.34, 16, 123, 0, 370, 103672, 38226, 0, 0.000, 0, 0, 0.766868, 1.000000, 18276, 0, 0, 0, 0, 0, 40, 0
1777103735, 2, 18, 797, 795, 1, 7.68%, 0, 0, 2, 5.40, 16, 123, 0, 370, 103672, 38226, 0, 0.000, 0, 0, 0.767142, 1.000000, 18304, 0, 0, 0, 0, 0, 40, 0
1777103740, 2, 18, 797, 795, 1, 7.68%, 0, 0, 2, 5.11, 16, 123, 0, 370, 103672, 38226, 0, 0.000, 0, 0, 0.767376, 1.000000, 18328, 0, 0, 0, 0, 0, 41, 0
1777103746, 2, 18, 797, 795, 1, 7.68%, 0, 0, 2, 5.14, 16, 123, 0, 370, 103672, 38226, 0, 0.000, 0, 0, 0.767638, 1.000000, 18355, 0, 0, 0, 0, 0, 41, 0
1777103751, 2, 18, 797, 795, 1, 7.68%, 0, 0, 2, 5.04, 16, 123, 0, 370, 103672, 38226, 0, 0.000, 0, 0, 0.767871, 1.000000, 18379, 0, 0, 0, 0, 0, 41, 0
1777103756, 2, 18, 797, 795, 1, 7.68%, 0, 0, 2, 5.53, 16, 123, 0, 370, 103672, 38226, 0, 0.000, 0, 0, 0.768152, 1.000000, 18408, 0, 0, 0, 0, 0, 41, 0
1777103761, 2, 18, 797, 795, 1, 7.68%, 0, 0, 2, 5.21, 16, 123, 0, 370, 103672, 38226, 0, 0.000, 0, 0, 0.768355, 1.000000, 18429, 0, 0, 0, 0, 0, 41, 0
1777103766, 2, 18, 797, 795, 1, 7.68%, 0, 0, 2, 5.27, 16, 123, 0, 370, 103672, 38226, 0, 0.000, 0, 0, 0.768625, 1.000000, 18457, 0, 0, 0, 0, 0, 41, 0
1777103772, 2, 18, 797, 795, 1, 7.68%, 0, 0, 2, 5.22, 16, 123, 0, 370, 103672, 38226, 0, 0.000, 0, 0, 0.768866, 1.000000, 18482, 0, 0, 0, 0, 0, 41, 0
1777103777, 2, 18, 797, 795, 1, 7.68%, 0, 0, 2, 5.36, 16, 123, 0, 370, 103672, 38226, 0, 0.000, 0, 0, 0.769144, 1.000000, 18511, 0, 0, 0, 0, 0, 41, 0
1777103782, 2, 18, 797, 795, 1, 7.68%, 0, 0, 2, 5.08, 16, 123, 0, 370, 103672, 38226, 0, 0.000, 0, 0, 0.769365, 1.000000, 18534, 0, 0, 0, 0, 0, 42, 0
1777103787, 2, 18, 797, 795, 1, 7.68%, 0, 0, 2, 5.46, 16, 123, 0, 370, 103672, 38226, 0, 0.000, 0, 0, 0.769652, 1.000000, 18564, 0, 0, 0, 0, 0, 42, 0
1777103792, 2, 18, 797, 795, 1, 7.68%, 0, 0, 2, 5.41, 16, 123, 0, 370, 103672, 38226, 0, 0.000, 0, 0, 0.769881, 1.000000, 18588, 0, 0, 0, 0, 0, 42, 0
1777103798, 2, 18, 797, 795, 1, 7.68%, 0, 0, 2, 5.21, 16, 123, 0, 370, 103672, 38226, 0, 0.000, 0, 0, 0.770147, 1.000000, 18616, 0, 0, 0, 0, 0, 42, 0
1777103803, 2, 18, 797, 795, 1, 7.68%, 0, 0, 2, 5.25, 16, 123, 0, 370, 103672, 38226, 0, 0.000, 0, 0, 0.770356, 1.000000, 18638, 0, 0, 0, 0, 0, 42, 0
1777103808, 2, 18, 797, 795, 1, 7.68%, 0, 0, 2, 5.41, 16, 123, 0, 370, 103672, 38226, 0, 0.000, 0, 0, 0.770631, 1.000000, 18667, 0, 0, 0, 0, 0, 42, 0
1777103813, 2, 18, 797, 795, 1, 7.68%, 0, 0, 2, 5.19, 16, 123, 0, 370, 103672, 38226, 0, 0.000, 0, 0, 0.770858, 1.000000, 18691, 0, 0, 0, 0, 0, 42, 0
1777103819, 2, 18, 797, 795, 1, 7.68%, 0, 0, 2, 5.10, 16, 123, 0, 370, 103672, 38226, 0, 0.000, 0, 0, 0.771123, 1.000000, 18719, 0, 0, 0, 0, 0, 42, 0
1777103824, 2, 18, 797, 795, 1, 7.68%, 0, 0, 2, 5.22, 16, 123, 0, 370, 103672, 38226, 0, 0.000, 0, 0, 0.771386, 1.000000, 18747, 0, 0, 0, 0, 0, 43, 0
1777103829, 2, 18, 797, 795, 1, 7.68%, 0, 0, 2, 5.97, 16, 123, 0, 370, 103672, 38226, 0, 0.000, 0, 0, 0.771612, 1.000000, 18771, 0, 0, 0, 0, 0, 43, 0
1777103834, 2, 18, 797, 795, 1, 7.68%, 0, 0, 2, 5.79, 16, 123, 0, 370, 103672, 38226, 0, 0.000, 0, 0, 0.771893, 1.000000, 18801, 0, 0, 0, 0, 0, 43, 0
1777103840, 2, 18, 797, 795, 1, 7.68%, 0, 0, 2, 5.30, 16, 123, 0, 370, 103672, 38226, 0, 0.000, 0, 0, 0.772090, 1.000000, 18822, 0, 0, 0, 0, 0, 43, 0
1777103845, 2, 18, 798, 796, 1, 7.69%, 0, 0, 2, 5.42, 16, 123, 0, 370, 103672, 38226, 0, 0.000, 0, 0, 0.772276, 1.000000, 18842, 0, 0, 0, 0, 0, 43, 0
1777103850, 2, 18, 798, 796, 1, 7.69%, 0, 0, 2, 5.24, 16, 123, 0, 370, 103672, 38226, 0, 0.000, 0, 0, 0.772519, 1.000000, 18868, 0, 0, 0, 0, 0, 43, 0
1777103855, 2, 18, 798, 796, 1, 7.69%, 0, 0, 2, 5.07, 16, 123, 0, 370, 103672, 38226, 0, 0.000, 0, 0, 0.772761, 1.000000, 18894, 0, 0, 0, 0, 0, 43, 0
1777103860, 2, 18, 798, 796, 1, 7.69%, 0, 0, 2, 5.03, 16, 123, 0, 370, 103672, 38226, 0, 0.000, 0, 0, 0.773002, 1.000000, 18920, 0, 0, 0, 0, 0, 43, 0
1777103865, 2, 18, 798, 796, 1, 7.69%, 0, 0, 2, 5.32, 16, 123, 0, 370, 103672, 38226, 0, 0.000, 0, 0, 0.773262, 1.000000, 18948, 0, 0, 0, 0, 0, 43, 0
1777103871, 2, 18, 798, 796, 1, 7.69%, 0, 0, 2, 7.19, 16, 123, 0, 370, 103672, 38226, 0, 0.000, 0, 0, 0.773502, 1.000000, 18974, 0, 0, 0, 0, 0, 43, 0
1777103876, 2, 18, 799, 797, 1, 7.69%, 0, 0, 2, 6.05, 16, 123, 0, 370, 103672, 38226, 0, 0.000, 0, 0, 0.773760, 0.931000, 19002, 0, 0, 0, 0, 0, 43, 0
1777103881, 2, 18, 799, 797, 1, 7.69%, 0, 0, 2, 5.74, 16, 123, 0, 370, 103672, 38226, 0, 0.000, 0, 0, 0.773898, 1.000000, 19017, 0, 0, 0, 0, 0, 43, 0
1777103886, 2, 18, 799, 797, 1, 7.69%, 0, 0, 2, 5.45, 16, 123, 0, 370, 103672, 38226, 0, 0.000, 0, 0, 0.774146, 1.000000, 19044, 0, 0, 0, 0, 0, 43, 0
1777103891, 2, 18, 799, 797, 1, 7.69%, 0, 0, 2, 5.29, 16, 123, 0, 370, 103672, 38226, 0, 0.000, 0, 0, 0.774376, 1.000000, 19069, 0, 0, 0, 0, 0, 43, 0
1777103896, 2, 18, 799, 797, 1, 7.69%, 0, 0, 2, 5.32, 16, 123, 0, 370, 103672, 38226, 0, 0.000, 0, 0, 0.774623, 1.000000, 19096, 0, 0, 0, 0, 0, 43, 0
1777103901, 2, 18, 799, 797, 1, 7.69%, 0, 0, 2, 5.41, 16, 123, 0, 370, 103672, 38226, 0, 0.000, 0, 0, 0.774860, 1.000000, 19122, 0, 0, 0, 0, 0, 43, 0
1777103906, 2, 18, 799, 797, 1, 7.69%, 0, 0, 2, 5.29, 16, 123, 0, 370, 103672, 38226, 0, 0.000, 0, 0, 0.775115, 1.000000, 19150, 0, 0, 0, 0, 0, 43, 0
1777103912, 2, 18, 799, 797, 1, 7.69%, 0, 0, 2, 5.86, 16, 123, 0, 370, 103672, 38226, 0, 0.000, 0, 0, 0.775334, 1.000000, 19174, 0, 0, 0, 0, 0, 43, 0
1777103918, 2, 18, 799, 797, 1, 7.69%, 0, 0, 2, 0.65, 16, 123, 0, 370, 103672, 38226, 0, 0.000, 0, 0, 0.775597, 1.000000, 19203, 0, 0, 0, 0, 0, 44, 0
1777103923, 2, 18, 799, 797, 1, 7.69%, 0, 0, 2, 6.12, 16, 123, 0, 370, 103672, 38226, 0, 0.000, 0, 0, 0.775859, 1.000000, 19232, 0, 0, 0, 0, 0, 44, 0
1777103928, 2, 18, 799, 797, 1, 7.69%, 0, 0, 2, 5.12, 16, 123, 0, 370, 103672, 38226, 0, 0.000, 0, 0, 0.776058, 1.000000, 19254, 0, 0, 0, 0, 0, 44, 0
1777103933, 2, 18, 799, 797, 1, 7.69%, 0, 0, 2, 5.24, 16, 123, 0, 370, 103672, 38226, 0, 0.000, 0, 0, 0.776301, 1.000000, 19281, 0, 0, 0, 0, 0, 44, 0
1777103939, 2, 18, 799, 797, 1, 7.69%, 0, 0, 2, 5.28, 16, 123, 0, 370, 103672, 38226, 0, 0.000, 0, 0, 0.776535, 1.000000, 19307, 0, 0, 0, 0, 0, 44, 0
1777103944, 2, 18, 799, 797, 1, 7.69%, 0, 0, 2, 5.43, 16, 123, 0, 370, 103672, 38226, 0, 0.000, 0, 0, 0.776796, 1.000000, 19336, 0, 0, 0, 0, 0, 44, 0
1777103949, 2, 18, 800, 798, 1, 7.69%, 0, 0, 2, 2.05, 16, 123, 0, 370, 103672, 38226, 0, 0.000, 0, 0, 0.776948, 0.618617, 19353, 0, 0, 0, 0, 0, 44, 0
1777103954, 2, 18, 800, 798, 1, 7.69%, 0, 0, 2, 4.25, 16, 123, 0, 370, 103672, 38226, 0, 0.000, 0, 0, 0.777190, 1.000000, 19380, 0, 0, 0, 0, 0, 44, 0
1777103959, 2, 18, 800, 798, 1, 7.69%, 0, 0, 2, 4.91, 16, 123, 0, 370, 103672, 38226, 0, 0.000, 0, 0, 0.777368, 1.000000, 19400, 0, 0, 0, 0, 0, 44, 0
1777103964, 2, 18, 800, 798, 1, 7.69%, 0, 0, 2, 5.25, 16, 123, 0, 370, 103672, 38226, 0, 0.000, 0, 0, 0.777618, 1.000000, 19428, 0, 0, 0, 0, 0, 44, 0
1777103969, 2, 18, 800, 798, 1, 7.69%, 0, 0, 2, 5.16, 16, 123, 0, 370, 103672, 38226, 0, 0.000, 0, 0, 0.777831, 1.000000, 19452, 0, 0, 0, 0, 0, 44, 0
1777103974, 2, 18, 800, 798, 1, 7.69%, 0, 0, 2, 4.98, 16, 123, 0, 370, 103672, 38226, 0, 0.000, 0, 0, 0.778053, 1.000000, 19477, 0, 0, 0, 0, 0, 44, 0
1777103979, 2, 18, 800, 798, 1, 7.69%, 0, 0, 2, 5.16, 16, 123, 0, 370, 103672, 38226, 0, 0.000, 0, 0, 0.778274, 1.000000, 19502, 0, 0, 0, 0, 0, 44, 0
1777103984, 2, 18, 800, 798, 1, 7.69%, 0, 0, 2, 5.54, 16, 123, 0, 370, 103672, 38226, 0, 0.000, 0, 0, 0.778540, 1.000000, 19532, 0, 0, 0, 0, 0, 44, 0
1777103990, 2, 18, 800, 798, 1, 7.69%, 0, 0, 2, 5.58, 16, 123, 0, 370, 103672, 38226, 0, 0.000, 0, 0, 0.778778, 1.000000, 19559, 0, 0, 0, 0, 0, 45, 0
1777103995, 2, 18, 800, 798, 1, 7.69%, 0, 0, 2, 5.44, 16, 123, 0, 370, 103672, 38226, 0, 0.000, 0, 0, 0.779033, 1.000000, 19588, 0, 0, 0, 0, 0, 45, 0
1777104000, 2, 18, 801, 799, 1, 7.69%, 0, 0, 2, 7.00, 16, 123, 0, 370, 103672, 38226, 0, 0.000, 0, 0, 0.779156, 1.000000, 19602, 0, 0, 0, 0, 0, 45, 0
1777104005, 2, 18, 801, 799, 1, 7.69%, 0, 0, 2, 6.19, 16, 123, 0, 370, 103672, 38226, 0, 0.000, 0, 0, 0.779419, 1.000000, 19632, 0, 0, 0, 0, 0, 45, 0
1777104010, 2, 18, 801, 799, 1, 7.69%, 0, 0, 2, 5.79, 16, 123, 0, 370, 103672, 38226, 0, 0.000, 0, 0, 0.779646, 1.000000, 19658, 0, 0, 0, 0, 0, 45, 0
1777104015, 2, 18, 801, 799, 1, 7.69%, 0, 0, 2, 5.47, 16, 123, 0, 370, 103672, 38226, 0, 0.000, 0, 0, 0.779891, 1.000000, 19686, 0, 0, 0, 0, 0, 45, 0
1777104021, 2, 18, 801, 799, 1, 7.69%, 0, 0, 2, 5.23, 16, 123, 0, 370, 103672, 38226, 0, 0.000, 0, 0, 0.780117, 1.000000, 19712, 0, 0, 0, 0, 0, 45, 0
1777104026, 2, 18, 801, 799, 1, 7.69%, 0, 0, 2, 5.04, 16, 123, 0, 370, 103672, 38226, 0, 0.000, 0, 0, 0.780334, 1.000000, 19737, 0, 0, 0, 0, 0, 45, 0
1777104031, 2, 18, 801, 799, 1, 7.69%, 0, 0, 2, 5.25, 16, 123, 0, 370, 103672, 38226, 0, 0.000, 0, 0, 0.780577, 1.000000, 19765, 0, 0, 0, 0, 0, 45, 0
1777104037, 2, 18, 801, 799, 1, 7.69%, 0, 0, 2, 5.18, 16, 123, 0, 370, 103672, 38226, 0, 0.000, 0, 0, 0.780768, 1.000000, 19787, 0, 0, 0, 0, 0, 45, 0
1777104042, 2, 18, 801, 799, 1, 7.69%, 0, 0, 2, 5.85, 16, 123, 0, 370, 103672, 38226, 0, 0.000, 0, 0, 0.781044, 1.000000, 19819, 0, 0, 0, 0, 0, 46, 0
1777104047, 2, 18, 801, 799, 1, 7.69%, 0, 0, 2, 5.32, 16, 123, 0, 370, 103672, 38226, 0, 0.000, 0, 0, 0.781260, 1.000000, 19844, 0, 0, 0, 0, 0, 46, 0
1777104052, 2, 18, 801, 799, 1, 7.69%, 0, 0, 2, 5.25, 16, 123, 0, 370, 103672, 38226, 0, 0.000, 0, 0, 0.781492, 1.000000, 19871, 0, 0, 0, 0, 0, 46, 0
1777104057, 2, 18, 801, 799, 1, 7.69%, 0, 0, 2, 5.44, 16, 123, 0, 370, 103672, 38226, 0, 0.000, 0, 0, 0.781724, 1.000000, 19898, 0, 0, 0, 0, 0, 46, 0
1777104062, 2, 18, 801, 799, 1, 7.69%, 0, 0, 2, 5.26, 16, 123, 0, 370, 103672, 38226, 0, 0.000, 0, 0, 0.781955, 1.000000, 19925, 0, 0, 0, 0, 0, 46, 0
1777104067, 2, 18, 801, 799, 1, 7.69%, 0, 0, 2, 2.70, 16, 123, 0, 370, 103672, 38226, 0, 0.000, 0, 0, 0.782160, 1.000000, 19949, 0, 0, 0, 0, 0, 46, 0
1777104072, 2, 18, 801, 799, 1, 7.69%, 0, 0, 2, 4.31, 16, 123, 0, 370, 103672, 38226, 0, 0.000, 0, 0, 0.782391, 1.000000, 19976, 0, 0, 0, 0, 0, 46, 0
1777104078, 2, 18, 801, 799, 1, 7.69%, 0, 0, 2, 5.12, 16, 123, 0, 370, 103672, 38226, 0, 0.000, 0, 0, 0.782578, 1.000000, 19998, 0, 0, 0, 0, 0, 47, 0
1777104083, 2, 18, 801, 799, 1, 7.69%, 0, 0, 2, 5.23, 16, 123, 0, 370, 103672, 38226, 0, 0.000, 0, 0, 0.782808, 1.000000, 20025, 0, 0, 0, 0, 0, 47, 0
1777104088, 2, 18, 801, 799, 1, 7.69%, 0, 0, 2, 5.07, 16, 123, 0, 370, 103672, 38226, 0, 0.000, 0, 0, 0.783011, 1.000000, 20049, 0, 0, 0, 0, 0, 47, 0
1777104093, 2, 18, 801, 799, 1, 7.69%, 0, 0, 2, 5.05, 16, 123, 0, 370, 103672, 38226, 0, 0.000, 0, 0, 0.783240, 1.000000, 20076, 0, 0, 0, 0, 0, 47, 0
1777104098, 2, 18, 801, 799, 1, 7.69%, 0, 0, 2, 4.95, 16, 123, 0, 370, 103672, 38226, 0, 0.000, 0, 0, 0.783442, 1.000000, 20100, 0, 0, 0, 0, 0, 47, 0
1777104103, 2, 18, 801, 799, 1, 7.69%, 0, 0, 2, 5.02, 16, 123, 0, 370, 103672, 38226, 0, 0.000, 0, 0, 0.783662, 1.000000, 20126, 0, 0, 0, 0, 0, 47, 0
1777104108, 2, 18, 801, 799, 1, 7.69%, 0, 0, 2, 5.46, 16, 123, 0, 370, 103672, 38226, 0, 0.000, 0, 0, 0.783864, 1.000000, 20150, 0, 0, 0, 0, 0, 47, 0
1777104113, 2, 18, 801, 799, 1, 7.69%, 0, 0, 2, 5.71, 16, 123, 0, 370, 103672, 38226, 0, 0.000, 0, 0, 0.784116, 1.000000, 20180, 0, 0, 0, 0, 0, 47, 0
1777104118, 2, 18, 801, 799, 1, 7.69%, 0, 0, 2, 5.31, 16, 123, 0, 370, 103672, 38226, 0, 0.000, 0, 0, 0.784292, 1.000000, 20201, 0, 0, 0, 0, 0, 48, 0
1777104124, 2, 18, 801, 799, 1, 7.69%, 0, 0, 2, 5.48, 16, 123, 0, 370, 103672, 38226, 0, 0.000, 0, 0, 0.784526, 1.000000, 20229, 0, 0, 0, 0, 0, 48, 0
1777104129, 2, 18, 801, 799, 1, 7.69%, 0, 0, 2, 5.26, 16, 123, 0, 370, 103672, 38226, 0, 0.000, 0, 0, 0.784735, 1.000000, 20254, 0, 0, 0, 0, 0, 48, 0
1777104134, 2, 18, 802, 800, 1, 7.69%, 0, 0, 2, 5.42, 16, 123, 0, 370, 103672, 38226, 0, 0.000, 0, 0, 0.784901, 1.000000, 20274, 0, 0, 0, 0, 0, 48, 0
1777104139, 2, 18, 802, 800, 1, 7.69%, 0, 0, 2, 5.47, 16, 123, 0, 370, 103672, 38226, 0, 0.000, 0, 0, 0.785126, 1.000000, 20301, 0, 0, 0, 0, 0, 48, 0
1777104145, 2, 18, 802, 800, 1, 7.69%, 0, 0, 2, 1.07, 16, 123, 0, 370, 103672, 38226, 0, 0.000, 0, 0, 0.785358, 1.000000, 20329, 0, 0, 0, 0, 0, 48, 0
1777104150, 2, 18, 802, 800, 1, 7.69%, 0, 0, 2, 6.29, 16, 123, 0, 370, 103672, 38226, 0, 0.000, 0, 0, 0.785599, 1.000000, 20358, 0, 0, 0, 0, 0, 48, 0
1777104155, 2, 18, 802, 800, 1, 7.69%, 0, 0, 2, 5.57, 16, 123, 0, 370, 103672, 38226, 0, 0.000, 0, 0, 0.785780, 1.000000, 20380, 0, 0, 0, 0, 0, 48, 0
1777104160, 2, 18, 802, 800, 1, 7.69%, 0, 0, 2, 6.05, 16, 123, 0, 370, 103672, 38226, 0, 0.000, 0, 0, 0.786044, 1.000000, 20412, 0, 0, 0, 0, 0, 48, 0
1777104165, 2, 18, 802, 800, 1, 7.69%, 0, 0, 2, 5.67, 16, 123, 0, 370, 103672, 38226, 0, 0.000, 0, 0, 0.786258, 1.000000, 20438, 0, 0, 0, 0, 0, 48, 0
1777104171, 2, 18, 802, 800, 1, 7.69%, 0, 0, 2, 5.41, 16, 123, 0, 370, 103672, 38226, 0, 0.000, 0, 0, 0.786497, 1.000000, 20467, 0, 0, 0, 0, 0, 49, 0
1777104176, 2, 18, 802, 800, 1, 7.69%, 0, 0, 2, 5.26, 16, 123, 0, 370, 103672, 38226, 0, 0.000, 0, 0, 0.786701, 1.000000, 20492, 0, 0, 0, 0, 0, 49, 0
1777104181, 2, 18, 802, 800, 1, 7.69%, 0, 0, 2, 5.28, 16, 123, 0, 370, 103672, 38226, 0, 0.000, 0, 0, 0.786931, 1.000000, 20520, 0, 0, 0, 0, 0, 49, 0
1777104186, 2, 18, 802, 800, 1, 7.69%, 0, 0, 2, 3.06, 16, 123, 0, 370, 103672, 38226, 0, 0.000, 0, 0, 0.787126, 1.000000, 20544, 0, 0, 0, 0, 0, 49, 0
1777104191, 2, 18, 802, 800, 1, 7.69%, 0, 0, 2, 4.66, 16, 123, 0, 370, 103672, 38226, 0, 0.000, 0, 0, 0.787355, 1.000000, 20572, 0, 0, 0, 0, 0, 49, 0
1777104197, 2, 18, 802, 800, 1, 7.69%, 0, 0, 2, 4.78, 16, 123, 0, 370, 103672, 38226, 0, 0.000, 0, 0, 0.787517, 1.000000, 20592, 0, 0, 0, 0, 0, 49, 0
1777104202, 2, 18, 802, 800, 1, 7.69%, 0, 0, 2, 5.15, 16, 123, 0, 370, 103672, 38226, 0, 0.000, 0, 0, 0.787744, 1.000000, 20620, 0, 0, 0, 0, 0, 49, 0
1777104207, 2, 18, 802, 800, 1, 7.69%, 0, 0, 2, 5.08, 16, 123, 0, 370, 103672, 38226, 0, 0.000, 0, 0, 0.787939, 1.000000, 20644, 0, 0, 0, 0, 0, 49, 0
1777104212, 2, 18, 802, 800, 1, 7.69%, 0, 0, 2, 5.34, 16, 123, 0, 370, 103672, 38226, 0, 0.000, 0, 0, 0.788165, 1.000000, 20672, 0, 0, 0, 0, 0, 50, 0
1777104217, 2, 18, 802, 800, 1, 7.69%, 0, 0, 2, 5.17, 16, 123, 0, 370, 103672, 38226, 0, 0.000, 0, 0, 0.788367, 1.000000, 20697, 0, 0, 0, 0, 0, 50, 0
1777104222, 2, 18, 802, 800, 1, 7.69%, 0, 0, 2, 5.23, 16, 123, 0, 370, 103672, 38226, 0, 0.000, 0, 0, 0.788584, 1.000000, 20724, 0, 0, 0, 0, 0, 50, 0
1777104227, 2, 18, 802, 800, 1, 7.69%, 0, 0, 2, 5.22, 16, 123, 0, 370, 103672, 38226, 0, 0.000, 0, 0, 0.788777, 1.000000, 20748, 0, 0, 0, 0, 0, 50, 0
1777104232, 2, 18, 802, 800, 1, 7.69%, 0, 0, 2, 5.23, 16, 123, 0, 370, 103672, 38226, 0, 0.000, 0, 0, 0.789002, 1.000000, 20776, 0, 0, 0, 0, 0, 50, 0
1777104238, 2, 18, 802, 800, 1, 7.69%, 0, 0, 2, 5.08, 16, 123, 0, 370, 103672, 38226, 0, 0.000, 0, 0, 0.789162, 1.000000, 20796, 0, 0, 0, 0, 0, 50, 0
1777104243, 2, 18, 802, 800, 1, 7.69%, 0, 0, 2, 5.57, 16, 123, 0, 370, 103672, 38226, 0, 0.000, 0, 0, 0.789402, 1.000000, 20826, 0, 0, 0, 0, 0, 50, 0
1777104248, 2, 18, 802, 800, 1, 7.69%, 0, 0, 2, 5.36, 16, 123, 0, 370, 103672, 38226, 0, 0.000, 0, 0, 0.789609, 1.000000, 20852, 0, 0, 0, 0, 0, 50, 0
1777104254, 2, 18, 802, 800, 1, 7.69%, 0, 0, 2, 4.99, 16, 123, 0, 370, 103672, 38226, 0, 0.000, 0, 0, 0.789824, 1.000000, 20879, 0, 0, 0, 0, 0, 51, 0
1777104259, 2, 18, 802, 800, 1, 7.69%, 0, 0, 2, 5.12, 16, 123, 0, 370, 103672, 38226, 0, 0.000, 0, 0, 0.790046, 1.000000, 20907, 0, 0, 0, 0, 0, 51, 0
1777104264, 2, 18, 802, 800, 1, 7.69%, 0, 0, 2, 5.46, 16, 123, 0, 370, 103672, 38226, 0, 0.000, 0, 0, 0.790237, 1.000000, 20931, 0, 0, 0, 0, 0, 51, 0
1777104269, 2, 18, 802, 800, 1, 7.69%, 0, 0, 2, 5.54, 16, 123, 0, 370, 103672, 38226, 0, 0.000, 0, 0, 0.790466, 1.000000, 20960, 0, 0, 0, 0, 0, 51, 0
1777104274, 2, 18, 802, 800, 1, 7.69%, 0, 0, 2, 5.02, 16, 123, 0, 370, 103672, 38226, 0, 0.000, 0, 0, 0.790624, 1.000000, 20980, 0, 0, 0, 0, 0, 51, 0
1777104279, 2, 18, 802, 800, 1, 7.69%, 0, 0, 2, 5.15, 16, 123, 0, 370, 103672, 38226, 0, 0.000, 0, 0, 0.790837, 1.000000, 21007, 0, 0, 0, 0, 0, 51, 0
1777104285, 2, 18, 802, 800, 1, 7.69%, 0, 0, 2, 5.24, 16, 123, 0, 370, 103672, 38226, 0, 0.000, 0, 0, 0.791041, 1.000000, 21033, 0, 0, 0, 0, 0, 51, 0
1777104290, 2, 18, 802, 800, 1, 7.69%, 0, 0, 2, 5.33, 16, 123, 0, 370, 103672, 38226, 0, 0.000, 0, 0, 0.791261, 1.000000, 21061, 0, 0, 0, 0, 0, 52, 0
1777104295, 2, 18, 802, 800, 1, 7.69%, 0, 0, 2, 5.19, 16, 123, 0, 370, 103672, 38226, 0, 0.000, 0, 0, 0.791457, 1.000000, 21086, 0, 0, 0, 0, 0, 52, 0
1777104300, 2, 18, 802, 800, 1, 7.69%, 0, 0, 2, 5.18, 16, 123, 0, 370, 103672, 38226, 0, 0.000, 0, 0, 0.791676, 1.000000, 21114, 0, 0, 0, 0, 0, 52, 0
1777104305, 2, 18, 802, 800, 1, 7.69%, 0, 0, 2, 4.99, 16, 123, 0, 370, 103672, 38226, 0, 0.000, 0, 0, 0.791856, 1.000000, 21137, 0, 0, 0, 0, 0, 52, 0
1777104310, 2, 18, 802, 800, 1, 7.69%, 0, 0, 2, 5.28, 16, 123, 0, 370, 103672, 38226, 0, 0.000, 0, 0, 0.792074, 1.000000, 21165, 0, 0, 0, 0, 0, 52, 0
1777104316, 2, 18, 802, 800, 1, 7.69%, 0, 0, 2, 5.14, 16, 123, 0, 370, 103672, 38226, 0, 0.000, 0, 0, 0.792237, 1.000000, 21186, 0, 0, 0, 0, 0, 52, 0
1777104321, 2, 18, 802, 800, 1, 7.69%, 0, 0, 2, 5.27, 16, 123, 0, 370, 103672, 38226, 0, 0.000, 0, 0, 0.792454, 1.000000, 21214, 0, 0, 0, 0, 0, 52, 0
1777104340, 4, 0, 802, 799, 3, 7.69%, 0, 0, 2, 0.06, 16, 123, 1, 371, 105911, 38328, 0, 0.500, 0, 0, 0.792570, 1.000000, 21229, 0, 0, 0, 0, 0, 52, 0
1777104345, 4, 0, 802, 799, 3, 7.69%, 0, 0, 2, 5.66, 16, 123, 1, 371, 105911, 38328, 0, 0.500, 0, 0, 0.792787, 1.000000, 21257, 0, 0, 0, 0, 0, 52, 0
1777104350, 4, 0, 802, 799, 3, 7.69%, 0, 0, 2, 5.06, 16, 123, 1, 371, 105911, 38328, 0, 0.500, 0, 0, 0.792972, 1.000000, 21281, 0, 0, 0, 0, 0, 52, 0
1777104355, 4, 0, 803, 800, 3, 7.69%, 0, 0, 2, 5.56, 16, 123, 1, 371, 105911, 38328, 0, 0.500, 0, 0, 0.793150, 1.000000, 21304, 0, 0, 0, 0, 0, 52, 0
1777104361, 4, 0, 803, 800, 3, 7.69%, 0, 0, 2, 6.04, 16, 123, 1, 371, 105911, 38328, 0, 0.500, 0, 0, 0.793334, 1.000000, 21328, 0, 0, 0, 0, 0, 52, 0
1777104366, 4, 0, 803, 800, 3, 7.69%, 0, 0, 2, 6.05, 16, 123, 1, 371, 105911, 38328, 0, 0.500, 0, 0, 0.793565, 1.000000, 21358, 0, 0, 0, 0, 0, 52, 0
1777104371, 4, 0, 804, 801, 3, 7.70%, 0, 0, 2, 5.63, 16, 123, 1, 371, 105911, 38328, 0, 0.500, 0, 0, 0.793680, 0.618617, 21373, 0, 0, 0, 0, 0, 52, 0
1777104376, 4, 0, 804, 801, 3, 7.70%, 0, 0, 2, 5.93, 16, 123, 1, 371, 105911, 38328, 0, 0.500, 0, 0, 0.793917, 1.000000, 21404, 0, 0, 0, 0, 0, 52, 0
1777104381, 4, 0, 805, 802, 3, 7.70%, 0, 0, 2, 6.15, 16, 123, 1, 371, 105911, 38328, 0, 0.500, 0, 0, 0.794077, 0.618617, 21425, 0, 0, 0, 0, 0, 52, 0
1777104386, 4, 0, 805, 802, 3, 7.70%, 0, 0, 2, 5.92, 16, 123, 1, 371, 105911, 38328, 0, 0.500, 0, 0, 0.794298, 1.000000, 21454, 0, 0, 0, 0, 0, 52, 0
1777104392, 4, 0, 805, 802, 3, 7.70%, 0, 0, 2, 6.15, 16, 123, 1, 371, 105911, 38328, 0, 0.500, 0, 0, 0.794527, 1.000000, 21484, 0, 0, 0, 0, 0, 52, 0
1777104397, 4, 0, 806, 803, 3, 7.70%, 0, 0, 2, 5.71, 16, 123, 1, 371, 105911, 38328, 0, 0.500, 0, 0, 0.794656, 0.664465, 21501, 0, 0, 0, 0, 0, 52, 0
1777104402, 4, 0, 806, 803, 3, 7.70%, 0, 0, 2, 5.64, 16, 123, 1, 371, 105911, 38328, 0, 0.500, 0, 0, 0.794860, 1.000000, 21528, 0, 0, 0, 0, 0, 52, 0
1777104407, 4, 0, 806, 803, 3, 7.70%, 0, 0, 2, 4.46, 16, 123, 1, 371, 105911, 38328, 0, 0.500, 0, 0, 0.795012, 1.000000, 21548, 0, 0, 0, 0, 0, 52, 0
1777104412, 4, 0, 806, 803, 3, 7.70%, 0, 0, 2, 5.21, 16, 123, 1, 371, 105911, 38328, 0, 0.500, 0, 0, 0.795238, 1.000000, 21578, 0, 0, 0, 0, 0, 52, 0
1777104417, 4, 0, 807, 804, 3, 7.70%, 0, 0, 2, 5.46, 16, 123, 1, 371, 105911, 38328, 0, 0.500, 0, 0, 0.795374, 1.000000, 21596, 0, 0, 0, 0, 0, 52, 0
1777104423, 4, 0, 807, 804, 3, 7.70%, 0, 0, 2, 5.85, 16, 123, 1, 371, 105911, 38328, 0, 0.500, 0, 0, 0.795615, 1.000000, 21628, 0, 0, 0, 0, 0, 52, 0
1777104428, 4, 0, 807, 804, 3, 7.70%, 0, 0, 2, 5.83, 16, 123, 1, 371, 105911, 38328, 0, 0.500, 0, 0, 0.795818, 1.000000, 21655, 0, 0, 0, 0, 0, 52, 0
1777104433, 4, 0, 807, 804, 3, 7.70%, 0, 0, 2, 5.68, 16, 123, 1, 371, 105911, 38328, 0, 0.500, 0, 0, 0.796035, 1.000000, 21684, 0, 0, 0, 0, 0, 52, 0
1777104438, 4, 0, 807, 804, 3, 7.70%, 0, 0, 2, 5.55, 16, 123, 1, 371, 105911, 38328, 0, 0.500, 0, 0, 0.796222, 1.000000, 21709, 0, 0, 0, 0, 0, 52, 0
1777104444, 4, 0, 807, 804, 3, 7.70%, 0, 0, 2, 0.66, 16, 123, 1, 371, 105911, 38328, 0, 0.500, 0, 0, 0.796446, 1.000000, 21739, 0, 0, 0, 0, 0, 52, 0
1777104450, 4, 0, 807, 804, 3, 7.70%, 0, 0, 2, 5.14, 16, 123, 1, 371, 105911, 38328, 0, 0.500, 0, 0, 0.796662, 1.000000, 21768, 0, 0, 0, 0, 0, 52, 0
1777104455, 4, 0, 807, 804, 3, 7.70%, 0, 0, 2, 5.17, 16, 123, 1, 371, 105911, 38328, 0, 0.500, 0, 0, 0.796848, 1.000000, 21793, 0, 0, 0, 0, 0, 53, 0
1777104460, 4, 0, 807, 804, 3, 7.70%, 0, 0, 2, 5.78, 16, 123, 1, 371, 105911, 38328, 0, 0.500, 0, 0, 0.797078, 1.000000, 21824, 0, 0, 0, 0, 0, 53, 0
1777104465, 4, 0, 808, 805, 3, 7.70%, 0, 0, 2, 5.78, 16, 123, 1, 371, 105911, 38328, 0, 0.500, 0, 0, 0.797226, 1.000000, 21844, 0, 0, 0, 0, 0, 53, 0
1777104470, 4, 0, 808, 805, 3, 7.70%, 0, 0, 2, 5.78, 16, 123, 1, 371, 105911, 38328, 0, 0.500, 0, 0, 0.797441, 1.000000, 21873, 0, 0, 0, 0, 0, 53, 0
1777104475, 4, 0, 808, 805, 3, 7.70%, 0, 0, 2, 3.55, 16, 123, 1, 371, 105911, 38328, 0, 0.500, 0, 0, 0.797640, 1.000000, 21900, 0, 0, 0, 0, 0, 53, 0
1777104481, 4, 0, 808, 805, 3, 7.70%, 0, 0, 2, 5.16, 16, 123, 1, 371, 105911, 38328, 0, 0.500, 0, 0, 0.797861, 1.000000, 21930, 0, 0, 0, 0, 0, 53, 0
1777104486, 4, 0, 808, 805, 3, 7.70%, 0, 0, 2, 5.21, 16, 123, 1, 371, 105911, 38328, 0, 0.500, 0, 0, 0.798015, 1.000000, 21951, 0, 0, 0, 0, 0, 53, 0
1777104492, 4, 0, 810, 807, 3, 7.70%, 0, 0, 2, 5.33, 16, 123, 1, 371, 105911, 38328, 0, 0.500, 0, 0, 0.798176, 1.000000, 21973, 0, 0, 0, 0, 0, 53, 0
1777104497, 4, 0, 810, 807, 3, 7.70%, 0, 0, 2, 5.56, 16, 123, 1, 371, 105911, 38328, 0, 0.500, 0, 0, 0.798338, 1.000000, 21995, 0, 0, 0, 0, 0, 53, 0
1777104502, 4, 0, 810, 807, 3, 7.70%, 0, 0, 2, 5.65, 16, 123, 1, 371, 105911, 38328, 0, 0.500, 0, 0, 0.798535, 1.000000, 22022, 0, 0, 0, 0, 0, 53, 0
1777104507, 4, 0, 811, 808, 3, 7.71%, 0, 0, 2, 5.99, 16, 123, 1, 371, 105911, 38328, 0, 0.500, 0, 0, 0.798718, 1.000000, 22047, 0, 0, 0, 0, 0, 53, 0
1777104512, 4, 0, 812, 809, 3, 7.71%, 0, 0, 2, 5.61, 16, 123, 1, 371, 105911, 38328, 0, 0.500, 0, 0, 0.798820, 1.000000, 22061, 0, 0, 0, 0, 0, 53, 0
1777104518, 4, 0, 812, 809, 3, 7.71%, 0, 0, 2, 5.46, 16, 123, 1, 371, 105911, 38328, 0, 0.500, 0, 0, 0.799023, 1.000000, 22089, 0, 0, 0, 0, 0, 53, 0
1777104523, 4, 0, 812, 809, 3, 7.71%, 0, 0, 2, 4.59, 16, 123, 1, 371, 105911, 38328, 0, 0.500, 0, 0, 0.799161, 1.000000, 22108, 0, 0, 0, 0, 0, 53, 0
1777104528, 4, 0, 812, 809, 3, 7.71%, 0, 0, 2, 5.33, 16, 123, 1, 371, 105911, 38328, 0, 0.500, 0, 0, 0.799372, 1.000000, 22137, 0, 0, 0, 0, 0, 53, 0
1777104533, 4, 0, 812, 809, 3, 7.71%, 0, 0, 2, 5.52, 16, 123, 1, 371, 105911, 38328, 0, 0.500, 0, 0, 0.799567, 1.000000, 22164, 0, 0, 0, 0, 0, 53, 0
1777104538, 4, 0, 813, 810, 3, 7.71%, 0, 0, 2, 6.18, 16, 123, 1, 371, 105911, 38328, 0, 0.500, 0, 0, 0.799740, 1.000000, 22188, 0, 0, 0, 0, 0, 53, 0
1777104543, 4, 0, 813, 810, 3, 7.71%, 0, 0, 2, 5.87, 16, 123, 1, 371, 105911, 38328, 0, 0.500, 0, 0, 0.799928, 1.000000, 22214, 0, 0, 0, 0, 0, 53, 0
1777104549, 4, 0, 813, 810, 3, 7.71%, 0, 0, 2, 0.97, 16, 123, 1, 371, 105911, 38328, 0, 0.500, 0, 0, 0.800122, 1.000000, 22241, 0, 0, 0, 0, 0, 53, 0
1777104554, 4, 0, 814, 811, 3, 7.71%, 0, 0, 2, 6.29, 16, 123, 1, 371, 105911, 38328, 0, 0.500, 0, 0, 0.800295, 0.664465, 22265, 0, 0, 0, 0, 0, 53, 0
1777104559, 4, 0, 815, 812, 3, 7.71%, 0, 0, 2, 4.47, 16, 123, 1, 371, 105911, 38328, 0, 0.500, 0, 0, 0.800424, 0.823423, 22283, 0, 0, 0, 0, 0, 53, 0
1777104564, 4, 0, 815, 812, 3, 7.71%, 0, 0, 2, 5.49, 16, 123, 1, 371, 105911, 38328, 0, 0.500, 0, 0, 0.800603, 1.000000, 22308, 0, 0, 0, 0, 0, 53, 0
1777104569, 4, 0, 815, 812, 3, 7.71%, 0, 0, 2, 5.67, 16, 123, 1, 371, 105911, 38328, 0, 0.500, 0, 0, 0.800789, 1.000000, 22334, 0, 0, 0, 0, 0, 53, 0
1777104574, 4, 0, 815, 812, 3, 7.71%, 0, 0, 2, 5.41, 16, 123, 1, 371, 105911, 38328, 0, 0.500, 0, 0, 0.800981, 1.000000, 22361, 0, 0, 0, 0, 0, 53, 0
1777104579, 4, 0, 816, 813, 3, 7.72%, 0, 0, 2, 5.12, 16, 123, 1, 371, 105911, 38328, 0, 0.500, 0, 0, 0.801103, 1.000000, 22378, 0, 0, 0, 0, 0, 53, 0
1777104585, 4, 0, 816, 813, 3, 7.72%, 0, 0, 2, 5.52, 16, 123, 1, 371, 105911, 38328, 0, 0.500, 0, 0, 0.801309, 1.000000, 22407, 0, 0, 0, 0, 0, 53, 0
1777104590, 4, 0, 816, 813, 3, 7.72%, 0, 0, 2, 6.42, 16, 123, 1, 371, 105911, 38328, 0, 0.500, 0, 0, 0.801493, 1.000000, 22433, 0, 0, 0, 0, 0, 53, 0
1777104595, 4, 0, 816, 813, 3, 7.72%, 0, 0, 2, 5.68, 16, 123, 1, 371, 105911, 38328, 0, 0.500, 0, 0, 0.801699, 1.000000, 22462, 0, 0, 0, 0, 0, 53, 0
1777104600, 4, 0, 816, 813, 3, 7.72%, 0, 0, 2, 7.11, 16, 123, 1, 371, 105911, 38328, 0, 0.500, 0, 0, 0.801854, 1.000000, 22484, 0, 0, 0, 0, 0, 53, 0
1777104605, 4, 0, 816, 813, 3, 7.72%, 0, 0, 2, 6.20, 16, 123, 1, 371, 105911, 38328, 0, 0.500, 0, 0, 0.802066, 1.000000, 22514, 0, 0, 0, 0, 0, 53, 0
1777104611, 4, 0, 816, 813, 3, 7.72%, 0, 0, 2, 5.71, 16, 123, 1, 371, 105911, 38328, 0, 0.500, 0, 0, 0.802256, 1.000000, 22541, 0, 0, 0, 0, 0, 53, 0
1777104616, 4, 0, 816, 813, 3, 7.72%, 0, 0, 2, 5.81, 16, 123, 1, 371, 105911, 38328, 0, 0.500, 0, 0, 0.802453, 1.000000, 22569, 0, 0, 0, 0, 0, 53, 0
1777104621, 4, 0, 816, 813, 3, 7.72%, 0, 0, 2, 5.81, 16, 123, 1, 371, 105911, 38328, 0, 0.500, 0, 0, 0.802657, 1.000000, 22598, 0, 0, 0, 0, 0, 54, 0
1777104626, 4, 0, 816, 813, 3, 7.72%, 0, 0, 2, 6.09, 16, 123, 1, 371, 105911, 38328, 0, 0.500, 0, 0, 0.802825, 1.000000, 22622, 0, 0, 0, 0, 0, 54, 0
1777104631, 4, 0, 817, 814, 3, 7.72%, 0, 0, 2, 5.90, 16, 123, 1, 371, 105911, 38328, 0, 0.500, 0, 0, 0.802979, 1.000000, 22644, 0, 0, 0, 0, 0, 54, 0
1777104636, 4, 0, 817, 814, 3, 7.72%, 0, 0, 2, 5.64, 16, 123, 1, 371, 105911, 38328, 0, 0.500, 0, 0, 0.803132, 1.000000, 22666, 0, 0, 0, 0, 0, 54, 0
1777104641, 4, 0, 818, 815, 3, 7.72%, 0, 0, 2, 5.72, 16, 123, 1, 371, 105911, 38328, 0, 0.500, 0, 0, 0.803279, 1.000000, 22687, 0, 0, 0, 0, 0, 54, 0
1777104646, 4, 0, 818, 815, 3, 7.72%, 0, 0, 2, 5.63, 16, 123, 1, 371, 105911, 38328, 0, 0.500, 0, 0, 0.803460, 1.000000, 22713, 0, 0, 0, 0, 0, 54, 0
1777104651, 4, 0, 818, 815, 3, 7.72%, 0, 0, 2, 5.99, 16, 123, 1, 371, 105911, 38328, 0, 0.500, 0, 0, 0.803675, 1.000000, 22744, 0, 0, 0, 0, 0, 54, 0
1777104656, 4, 0, 819, 816, 3, 7.72%, 0, 0, 2, 5.39, 16, 123, 1, 371, 105911, 38328, 0, 0.500, 0, 0, 0.803786, 1.000000, 22760, 0, 0, 0, 0, 0, 54, 0
1777104662, 4, 0, 819, 816, 3, 7.72%, 0, 0, 2, 5.50, 16, 123, 1, 371, 105911, 38328, 0, 0.500, 0, 0, 0.803994, 1.000000, 22790, 0, 0, 0, 0, 0, 54, 0
1777104667, 4, 0, 819, 816, 3, 7.72%, 0, 0, 2, 6.27, 16, 123, 1, 371, 105911, 38328, 0, 0.500, 0, 0, 0.804173, 1.000000, 22816, 0, 0, 0, 0, 0, 54, 0
1777104673, 4, 0, 819, 816, 3, 7.72%, 0, 0, 2, 5.67, 16, 123, 1, 371, 105911, 38328, 0, 0.500, 0, 0, 0.804359, 1.000000, 22843, 0, 0, 0, 0, 0, 54, 0
1777104678, 4, 0, 819, 816, 3, 7.72%, 0, 0, 2, 5.68, 16, 123, 1, 371, 105911, 38328, 0, 0.500, 0, 0, 0.804559, 1.000000, 22872, 0, 0, 0, 0, 0, 54, 0
1777104683, 4, 0, 820, 817, 3, 7.72%, 0, 0, 2, 5.72, 16, 123, 1, 371, 105911, 38328, 0, 0.441, 2, 3, 0.804703, 0.713711, 22893, 0, 0, 0, 0, 0, 54, 0
1777104689, 4, 0, 820, 817, 3, 7.72%, 0, 0, 2, 5.50, 16, 123, 1, 371, 105911, 38328, 0, 0.441, 2, 3, 0.804875, 1.000000, 22918, 0, 0, 0, 0, 0, 54, 0
1777104694, 4, 0, 820, 817, 3, 7.72%, 0, 0, 2, 5.44, 16, 123, 1, 371, 105911, 38328, 0, 0.441, 2, 3, 0.805053, 1.000000, 22944, 0, 0, 0, 0, 0, 54, 0
1777104699, 4, 0, 820, 817, 3, 7.72%, 0, 0, 2, 5.52, 16, 123, 1, 371, 105911, 38328, 0, 0.441, 2, 3, 0.805251, 1.000000, 22973, 0, 0, 0, 0, 0, 54, 0
1777104704, 4, 0, 820, 817, 3, 7.72%, 0, 0, 2, 5.39, 16, 123, 1, 371, 105911, 38328, 0, 0.441, 2, 3, 0.805414, 1.000000, 22997, 0, 0, 0, 0, 0, 54, 0
1777104709, 4, 0, 821, 818, 3, 7.73%, 0, 0, 2, 5.75, 16, 123, 1, 371, 105911, 38328, 0, 0.441, 2, 3, 0.805578, 0.713711, 23021, 0, 0, 0, 0, 0, 54, 0
1777104714, 4, 0, 821, 818, 3, 7.73%, 0, 0, 2, 7.50, 16, 123, 1, 371, 105911, 38328, 0, 0.441, 2, 3, 0.805721, 1.000000, 23042, 0, 0, 0, 0, 0, 54, 0
1777104719, 4, 0, 821, 818, 3, 7.73%, 0, 0, 2, 6.62, 16, 123, 1, 371, 105911, 38328, 0, 0.441, 2, 3, 0.805924, 1.000000, 23072, 0, 0, 0, 0, 0, 54, 0
1777104724, 4, 0, 821, 818, 3, 7.73%, 0, 0, 2, 6.04, 16, 123, 1, 371, 105911, 38328, 0, 0.441, 2, 3, 0.806100, 1.000000, 23098, 0, 0, 0, 0, 0, 54, 0
1777104729, 4, 0, 821, 818, 3, 7.73%, 0, 0, 2, 5.44, 16, 123, 1, 371, 105911, 38328, 0, 0.441, 2, 3, 0.806283, 1.000000, 23125, 0, 0, 0, 0, 0, 54, 0
1777104735, 4, 0, 821, 818, 3, 7.73%, 0, 0, 2, 5.36, 16, 123, 1, 371, 105911, 38328, 0, 0.441, 2, 3, 0.806465, 1.000000, 23152, 0, 0, 0, 0, 0, 54, 0
1777104740, 4, 0, 821, 818, 3, 7.73%, 0, 0, 2, 1.04, 16, 123, 1, 371, 105911, 38328, 0, 0.441, 2, 3, 0.806633, 1.000000, 23177, 0, 0, 0, 0, 0, 54, 0
1777104745, 4, 0, 821, 818, 3, 7.73%, 0, 0, 2, 5.82, 16, 123, 1, 371, 105911, 38328, 0, 0.441, 2, 3, 0.806828, 1.000000, 23206, 0, 0, 0, 0, 0, 54, 0
1777104750, 4, 0, 822, 819, 3, 7.73%, 0, 0, 2, 5.36, 16, 123, 1, 371, 105911, 38328, 0, 0.441, 2, 3, 0.806969, 1.000000, 23227, 0, 0, 0, 0, 0, 55, 0
1777104755, 4, 0, 823, 820, 3, 7.73%, 0, 0, 2, 5.83, 16, 123, 1, 371, 105911, 38328, 0, 0.441, 2, 3, 0.807090, 0.713711, 23245, 0, 0, 0, 0, 0, 55, 0
1777104761, 4, 0, 823, 820, 3, 7.73%, 0, 0, 2, 5.39, 16, 123, 1, 371, 105911, 38328, 0, 0.441, 2, 3, 0.807244, 1.000000, 23268, 0, 0, 0, 0, 0, 55, 0
1777104766, 4, 0, 823, 820, 3, 7.73%, 0, 0, 2, 5.31, 16, 123, 1, 371, 105911, 38328, 0, 0.441, 2, 3, 0.807431, 1.000000, 23296, 0, 0, 0, 0, 0, 55, 0
1777104771, 4, 0, 823, 820, 3, 7.73%, 0, 0, 2, 5.17, 16, 123, 1, 371, 105911, 38328, 0, 0.441, 2, 3, 0.807604, 1.000000, 23322, 0, 0, 0, 0, 0, 55, 0
1777104777, 4, 0, 824, 821, 3, 7.73%, 0, 0, 2, 5.44, 16, 123, 1, 371, 105911, 38328, 0, 0.441, 2, 3, 0.807784, 0.806954, 23349, 0, 0, 0, 0, 0, 55, 0
1777104782, 4, 0, 824, 821, 3, 7.73%, 0, 0, 2, 5.23, 16, 123, 1, 371, 105911, 38328, 0, 0.441, 2, 3, 0.807910, 1.000000, 23368, 0, 0, 0, 0, 0, 55, 0
1777104787, 4, 0, 824, 821, 3, 7.73%, 0, 0, 2, 5.39, 16, 123, 1, 371, 105911, 38328, 0, 0.441, 2, 3, 0.808096, 1.000000, 23396, 0, 0, 0, 0, 0, 55, 0
1777104792, 4, 0, 824, 821, 3, 7.73%, 0, 0, 2, 7.51, 16, 123, 1, 371, 105911, 38328, 0, 0.441, 2, 3, 0.808242, 1.000000, 23418, 0, 0, 0, 0, 0, 55, 0
1777104797, 4, 0, 824, 821, 3, 7.73%, 0, 0, 2, 6.43, 16, 123, 1, 371, 105911, 38328, 0, 0.441, 2, 3, 0.808440, 1.000000, 23448, 0, 0, 0, 0, 0, 55, 0
1777104802, 4, 0, 824, 821, 3, 7.73%, 0, 0, 2, 6.03, 16, 123, 1, 371, 105911, 38328, 0, 0.441, 2, 3, 0.808605, 1.000000, 23473, 0, 0, 0, 0, 0, 55, 0
1777104807, 4, 0, 824, 821, 3, 7.73%, 0, 0, 2, 5.45, 16, 123, 1, 371, 105911, 38328, 0, 0.441, 2, 3, 0.808783, 1.000000, 23500, 0, 0, 0, 0, 0, 55, 0
1777104813, 4, 0, 824, 821, 3, 7.73%, 0, 0, 2, 5.59, 16, 123, 1, 371, 105911, 38328, 0, 0.441, 2, 3, 0.808967, 1.000000, 23528, 0, 0, 0, 0, 0, 55, 0
1777104818, 4, 0, 824, 821, 3, 7.73%, 0, 0, 2, 1.07, 16, 123, 1, 371, 105911, 38328, 0, 0.441, 2, 3, 0.809131, 1.000000, 23553, 0, 0, 0, 0, 0, 56, 0
1777104823, 4, 0, 824, 821, 3, 7.73%, 0, 0, 2, 7.19, 16, 123, 1, 371, 105911, 38328, 0, 0.441, 2, 3, 0.809354, 1.000000, 23587, 0, 0, 0, 0, 0, 56, 0
1777104828, 4, 0, 824, 821, 3, 7.73%, 0, 0, 2, 6.44, 16, 123, 1, 371, 105911, 38328, 0, 0.441, 2, 3, 0.809491, 1.000000, 23608, 0, 0, 0, 0, 0, 56, 0
1777104833, 4, 0, 824, 821, 3, 7.73%, 0, 0, 2, 5.71, 16, 123, 1, 371, 105911, 38328, 0, 0.441, 2, 3, 0.809667, 1.000000, 23635, 0, 0, 0, 0, 0, 56, 0
1777104839, 4, 0, 824, 821, 3, 7.73%, 0, 0, 2, 5.38, 16, 123, 1, 371, 105911, 38328, 0, 0.441, 2, 3, 0.809830, 1.000000, 23660, 0, 0, 0, 0, 0, 56, 0
1777104844, 4, 0, 824, 821, 3, 7.73%, 0, 0, 2, 5.33, 16, 123, 1, 371, 105911, 38328, 0, 0.441, 2, 3, 0.810012, 1.000000, 23688, 0, 0, 0, 0, 0, 56, 0
1777104849, 4, 0, 824, 821, 3, 7.73%, 0, 0, 2, 5.29, 16, 123, 1, 371, 105911, 38328, 0, 0.441, 2, 3, 0.810181, 1.000000, 23714, 0, 0, 0, 0, 0, 56, 0
1777104854, 4, 0, 825, 822, 3, 7.73%, 0, 0, 2, 6.09, 16, 123, 1, 371, 105911, 38328, 0, 0.441, 2, 3, 0.810337, 1.000000, 23738, 0, 0, 0, 0, 0, 56, 0
1777104859, 4, 0, 825, 822, 3, 7.73%, 0, 0, 2, 3.22, 16, 123, 1, 371, 105911, 38328, 0, 0.441, 2, 3, 0.810492, 1.000000, 23762, 0, 0, 0, 0, 0, 56, 0
1777104865, 4, 0, 825, 822, 3, 7.73%, 0, 0, 2, 4.75, 16, 123, 1, 371, 105911, 38328, 0, 0.441, 2, 3, 0.810686, 1.000000, 23792, 0, 0, 0, 0, 0, 56, 0
1777104870, 4, 0, 825, 822, 3, 7.73%, 0, 0, 2, 6.03, 16, 123, 1, 371, 105911, 38328, 0, 0.441, 2, 3, 0.810827, 1.000000, 23814, 0, 0, 0, 0, 0, 56, 0
1777104875, 4, 0, 825, 822, 3, 7.73%, 0, 0, 2, 5.77, 16, 123, 1, 371, 105911, 38328, 0, 0.441, 2, 3, 0.811020, 1.000000, 23844, 0, 0, 0, 0, 0, 56, 0
1777104880, 4, 0, 825, 822, 3, 7.73%, 0, 0, 2, 5.42, 16, 123, 1, 371, 105911, 38328, 0, 0.441, 2, 3, 0.811187, 1.000000, 23870, 0, 0, 0, 0, 0, 56, 0
1777104886, 4, 0, 826, 823, 3, 7.74%, 0, 0, 2, 5.66, 16, 123, 1, 371, 105911, 38328, 0, 0.441, 2, 3, 0.811328, 1.000000, 23892, 0, 0, 0, 0, 0, 56, 0
1777104891, 4, 0, 826, 823, 3, 7.74%, 0, 0, 2, 5.47, 16, 123, 1, 371, 105911, 38328, 0, 0.441, 2, 3, 0.811508, 1.000000, 23920, 0, 0, 0, 0, 0, 56, 0
1777104896, 4, 0, 826, 823, 3, 7.74%, 0, 0, 2, 5.37, 16, 123, 1, 371, 105911, 38328, 0, 0.441, 2, 3, 0.811661, 1.000000, 23944, 0, 0, 0, 0, 0, 56, 0
1777104901, 4, 0, 827, 824, 3, 7.74%, 0, 0, 2, 5.56, 16, 123, 1, 371, 105911, 38328, 0, 0.441, 2, 3, 0.811820, 0.806954, 23969, 0, 0, 0, 0, 0, 56, 0
1777104906, 4, 0, 828, 825, 3, 7.74%, 0, 0, 2, 5.79, 16, 123, 1, 371, 105911, 38328, 0, 0.441, 2, 3, 0.811922, 0.766607, 23985, 0, 0, 0, 0, 0, 56, 0
1777104912, 4, 0, 828, 825, 3, 7.74%, 0, 0, 2, 5.89, 16, 123, 1, 371, 105911, 38328, 0, 0.441, 2, 3, 0.812094, 1.000000, 24012, 0, 0, 0, 0, 0, 56, 0
1777104917, 4, 0, 828, 825, 3, 7.74%, 0, 0, 2, 5.67, 16, 123, 1, 371, 105911, 38328, 0, 0.441, 2, 3, 0.812272, 1.000000, 24040, 0, 0, 0, 0, 0, 56, 0
1777104922, 4, 0, 828, 825, 3, 7.74%, 0, 0, 2, 5.53, 16, 123, 1, 371, 105911, 38328, 0, 0.441, 2, 3, 0.812449, 1.000000, 24068, 0, 0, 0, 0, 0, 56, 0
1777104927, 4, 0, 828, 825, 3, 7.74%, 0, 0, 2, 5.36, 16, 123, 1, 371, 105911, 38328, 0, 0.441, 2, 3, 0.812614, 1.000000, 24094, 0, 0, 0, 0, 0, 56, 0
1777104933, 4, 0, 828, 825, 3, 7.74%, 0, 0, 2, 5.01, 16, 123, 1, 371, 105911, 38328, 0, 0.441, 2, 3, 0.812784, 1.000000, 24121, 0, 0, 0, 0, 0, 56, 0
1777104938, 4, 0, 829, 826, 3, 7.74%, 0, 0, 2, 5.59, 16, 123, 1, 371, 105911, 38328, 0, 0.441, 2, 3, 0.812923, 1.000000, 24143, 0, 0, 0, 0, 0, 56, 0
1777104943, 4, 0, 829, 826, 3, 7.74%, 0, 0, 2, 5.75, 16, 123, 1, 371, 105911, 38328, 0, 0.441, 2, 3, 0.813061, 1.000000, 24165, 0, 0, 0, 0, 0, 56, 0
1777104948, 4, 0, 829, 826, 3, 7.74%, 0, 0, 2, 5.58, 16, 123, 1, 371, 105911, 38328, 0, 0.441, 2, 3, 0.813237, 1.000000, 24193, 0, 0, 0, 0, 0, 56, 0
1777104954, 4, 0, 829, 826, 3, 7.74%, 0, 0, 2, 5.87, 16, 123, 1, 371, 105911, 38328, 0, 0.441, 2, 3, 0.813419, 1.000000, 24222, 0, 0, 0, 0, 0, 56, 0
1777104959, 4, 0, 829, 826, 3, 7.74%, 0, 0, 2, 5.70, 16, 123, 1, 371, 105911, 38328, 0, 0.441, 2, 3, 0.813595, 1.000000, 24250, 0, 0, 0, 0, 0, 56, 0
1777104964, 4, 0, 830, 827, 3, 7.75%, 0, 0, 2, 5.43, 16, 123, 1, 371, 105911, 38328, 0, 0.441, 2, 3, 0.813707, 1.000000, 24268, 0, 0, 0, 0, 0, 56, 0
1777104969, 4, 0, 830, 827, 3, 7.75%, 0, 0, 2, 5.72, 16, 123, 1, 371, 105911, 38328, 0, 0.441, 2, 3, 0.813894, 1.000000, 24298, 0, 0, 0, 0, 0, 56, 0
1777104974, 4, 0, 830, 827, 3, 7.75%, 0, 0, 2, 5.88, 16, 123, 1, 371, 105911, 38328, 0, 0.441, 4, 6, 0.814050, 1.000000, 24323, 0, 0, 0, 0, 0, 56, 0
1777104979, 4, 0, 830, 827, 3, 7.75%, 0, 0, 2, 5.65, 16, 123, 1, 371, 105911, 38328, 0, 0.441, 4, 6, 0.814230, 1.000000, 24352, 0, 0, 0, 0, 0, 56, 0
1777104985, 4, 0, 830, 827, 3, 7.75%, 0, 0, 2, 5.51, 16, 123, 1, 371, 105911, 38328, 0, 0.441, 4, 6, 0.814367, 1.000000, 24374, 0, 0, 0, 0, 0, 56, 0
1777104990, 4, 0, 830, 827, 3, 7.75%, 0, 0, 2, 5.31, 16, 123, 1, 371, 105911, 38328, 0, 0.441, 4, 6, 0.814534, 1.000000, 24401, 0, 0, 0, 0, 0, 56, 0
1777104995, 4, 0, 830, 827, 3, 7.75%, 0, 0, 2, 5.47, 16, 123, 1, 371, 105911, 38328, 0, 0.441, 4, 6, 0.814689, 1.000000, 24426, 0, 0, 0, 0, 0, 56, 0
1777105000, 4, 0, 830, 827, 3, 7.75%, 0, 0, 2, 5.50, 16, 123, 1, 371, 105911, 38328, 0, 0.441, 4, 6, 0.814868, 1.000000, 24455, 0, 0, 0, 0, 0, 56, 0
1777105005, 4, 0, 830, 827, 3, 7.75%, 0, 0, 2, 5.63, 16, 123, 1, 371, 105911, 38328, 0, 0.441, 4, 6, 0.815047, 1.000000, 24484, 0, 0, 0, 0, 0, 57, 0
1777105010, 4, 0, 830, 827, 3, 7.75%, 0, 0, 2, 6.46, 16, 123, 1, 371, 105911, 38328, 0, 0.441, 4, 6, 0.815194, 1.000000, 24508, 0, 0, 0, 0, 0, 57, 0
1777105016, 4, 0, 830, 827, 3, 7.75%, 0, 0, 2, 6.02, 16, 123, 1, 371, 105911, 38328, 0, 0.441, 4, 6, 0.815378, 1.000000, 24538, 0, 0, 0, 0, 0, 57, 0
1777105021, 4, 0, 830, 827, 3, 7.75%, 0, 0, 2, 4.85, 16, 123, 1, 371, 105911, 38328, 0, 0.441, 4, 6, 0.815501, 1.000000, 24558, 0, 0, 0, 0, 0, 57, 0
1777105026, 4, 0, 830, 827, 3, 7.75%, 0, 0, 2, 5.40, 16, 123, 1, 371, 105911, 38328, 0, 0.441, 4, 6, 0.815685, 1.000000, 24588, 0, 0, 0, 0, 0, 57, 0
1777105031, 4, 0, 830, 827, 3, 7.75%, 0, 0, 2, 5.29, 16, 123, 1, 371, 105911, 38328, 0, 0.441, 4, 6, 0.815837, 1.000000, 24613, 0, 0, 0, 0, 0, 57, 0
1777105036, 4, 0, 830, 827, 3, 7.75%, 0, 0, 2, 5.41, 16, 123, 1, 371, 105911, 38328, 0, 0.441, 4, 6, 0.816008, 1.000000, 24641, 0, 0, 0, 0, 0, 57, 0
1777105042, 4, 0, 830, 827, 3, 7.75%, 0, 0, 2, 5.36, 16, 123, 1, 371, 105911, 38328, 0, 0.441, 4, 6, 0.816173, 1.000000, 24668, 0, 0, 0, 0, 0, 58, 0
1777105047, 4, 0, 830, 827, 3, 7.75%, 0, 0, 2, 5.71, 16, 123, 1, 371, 105911, 38328, 0, 0.441, 4, 6, 0.816355, 1.000000, 24698, 0, 0, 0, 0, 0, 58, 0
1777105052, 4, 0, 830, 827, 3, 7.75%, 0, 0, 2, 6.32, 16, 123, 1, 371, 105911, 38328, 0, 0.441, 4, 6, 0.816513, 1.000000, 24724, 0, 0, 0, 0, 0, 58, 0
1777105059, 4, 0, 830, 827, 3, 7.75%, 0, 0, 2, 1.21, 16, 123, 1, 371, 105911, 38328, 0, 0.441, 4, 6, 0.816700, 1.000000, 24755, 0, 0, 0, 0, 0, 58, 0
1777105064, 4, 0, 830, 827, 3, 7.75%, 0, 0, 2, 4.09, 16, 123, 1, 371, 105911, 38328, 0, 0.441, 4, 6, 0.816875, 1.000000, 24784, 0, 0, 0, 0, 0, 58, 0
1777105069, 4, 0, 830, 827, 3, 7.75%, 0, 0, 2, 4.60, 16, 123, 1, 371, 105911, 38328, 0, 0.441, 4, 6, 0.817026, 1.000000, 24809, 0, 0, 0, 0, 0, 58, 0
1777105074, 4, 0, 830, 827, 3, 7.75%, 0, 0, 2, 5.32, 16, 123, 1, 371, 105911, 38328, 0, 0.441, 4, 6, 0.817201, 1.000000, 24838, 0, 0, 0, 0, 0, 58, 0
1777105079, 4, 0, 830, 827, 3, 7.75%, 0, 0, 2, 5.56, 16, 123, 1, 371, 105911, 38328, 0, 0.441, 4, 6, 0.817369, 1.000000, 24866, 0, 0, 0, 0, 0, 59, 0
1777105084, 4, 0, 830, 827, 3, 7.75%, 0, 0, 2, 5.75, 16, 123, 1, 371, 105911, 38328, 0, 0.441, 4, 6, 0.817549, 1.000000, 24896, 0, 0, 0, 0, 0, 59, 0
1777105089, 4, 0, 830, 827, 3, 7.75%, 0, 0, 2, 6.07, 16, 123, 1, 371, 105911, 38328, 0, 0.441, 4, 6, 0.817699, 1.000000, 24921, 0, 0, 0, 0, 0, 59, 0
1777105094, 4, 0, 830, 827, 3, 7.75%, 0, 0, 2, 5.50, 16, 123, 1, 371, 105911, 38328, 0, 0.441, 4, 6, 0.817860, 1.000000, 24948, 0, 0, 0, 0, 0, 59, 0
1777105099, 4, 0, 830, 827, 3, 7.75%, 0, 0, 2, 6.85, 16, 123, 1, 371, 105911, 38328, 0, 0.441, 4, 6, 0.817985, 1.000000, 24969, 0, 0, 0, 0, 0, 59, 0
1777105105, 4, 0, 830, 827, 3, 7.75%, 0, 0, 2, 5.97, 16, 123, 1, 371, 105911, 38328, 0, 0.441, 4, 6, 0.818158, 1.000000, 24998, 0, 0, 0, 0, 0, 59, 0
1777105110, 4, 0, 830, 827, 3, 7.75%, 0, 0, 2, 5.65, 16, 123, 1, 371, 105911, 38328, 0, 0.441, 4, 6, 0.818307, 1.000000, 25023, 0, 0, 0, 0, 0, 59, 0
1777105115, 4, 0, 831, 828, 3, 7.75%, 0, 0, 2, 5.67, 16, 123, 1, 371, 105911, 38328, 0, 0.441, 4, 6, 0.818431, 1.000000, 25044, 0, 0, 0, 0, 0, 59, 0
1777105120, 4, 0, 831, 828, 3, 7.75%, 0, 0, 2, 5.68, 16, 123, 1, 371, 105911, 38328, 0, 0.441, 4, 6, 0.818597, 1.000000, 25072, 0, 0, 0, 0, 0, 59, 0
1777105125, 4, 0, 831, 828, 3, 7.75%, 0, 0, 2, 0.96, 16, 123, 1, 371, 105911, 38328, 0, 0.441, 4, 6, 0.818745, 1.000000, 25097, 0, 0, 0, 0, 0, 59, 0
1777105131, 4, 0, 831, 828, 3, 7.75%, 0, 0, 2, 6.07, 16, 123, 1, 371, 105911, 38328, 0, 0.441, 4, 6, 0.818917, 1.000000, 25126, 0, 0, 0, 0, 0, 59, 0
1777105136, 4, 0, 831, 828, 3, 7.75%, 0, 0, 2, 6.80, 16, 123, 1, 371, 105911, 38328, 0, 0.441, 4, 6, 0.819052, 1.000000, 25149, 0, 0, 0, 0, 0, 59, 0
1777105141, 4, 0, 831, 828, 3, 7.75%, 0, 0, 2, 6.04, 16, 123, 1, 371, 105911, 38328, 0, 0.441, 4, 6, 0.819223, 1.000000, 25178, 0, 0, 0, 0, 0, 59, 0
1777105146, 4, 0, 831, 828, 3, 7.75%, 0, 0, 2, 5.82, 16, 123, 1, 371, 105911, 38328, 0, 0.441, 4, 6, 0.819388, 1.000000, 25206, 0, 0, 0, 0, 0, 59, 0
1777105151, 4, 0, 832, 829, 3, 7.75%, 0, 0, 2, 5.99, 16, 123, 1, 371, 105911, 38328, 0, 0.441, 4, 6, 0.819522, 1.000000, 25229, 0, 0, 0, 0, 0, 59, 0
1777105156, 4, 0, 832, 829, 3, 7.75%, 0, 0, 2, 5.55, 16, 123, 1, 371, 105911, 38328, 0, 0.441, 4, 6, 0.819669, 1.000000, 25254, 0, 0, 0, 0, 0, 59, 0
1777105161, 4, 0, 832, 829, 3, 7.75%, 0, 0, 2, 5.24, 16, 123, 1, 371, 105911, 38328, 0, 0.441, 4, 6, 0.819827, 1.000000, 25281, 0, 0, 0, 0, 0, 59, 0
1777105167, 4, 0, 832, 829, 3, 7.75%, 0, 0, 2, 5.14, 16, 123, 1, 371, 105911, 38328, 0, 0.437, 6, 9, 0.819967, 1.000000, 25305, 0, 0, 0, 0, 0, 59, 0
1777105172, 4, 0, 832, 829, 3, 7.75%, 0, 0, 2, 5.59, 16, 123, 1, 371, 105911, 38328, 0, 0.437, 6, 9, 0.820142, 1.000000, 25335, 0, 0, 0, 0, 0, 59, 0
1777105177, 4, 0, 832, 829, 3, 7.75%, 0, 0, 2, 6.23, 16, 123, 1, 371, 105911, 38328, 0, 0.437, 6, 9, 0.820264, 1.000000, 25356, 0, 0, 0, 0, 0, 59, 0
1777105182, 4, 0, 832, 829, 3, 7.75%, 0, 0, 2, 5.72, 16, 123, 1, 371, 105911, 38328, 0, 0.437, 6, 9, 0.820421, 1.000000, 25383, 0, 0, 0, 0, 0, 59, 0
1777105187, 4, 0, 833, 830, 3, 7.75%, 0, 0, 2, 6.31, 16, 123, 1, 371, 105911, 38328, 0, 0.437, 6, 9, 0.820543, 1.000000, 25404, 0, 0, 0, 0, 0, 59, 0
1777105192, 4, 0, 833, 830, 3, 7.75%, 0, 0, 2, 5.41, 16, 123, 1, 371, 105911, 38328, 0, 0.437, 6, 9, 0.820699, 1.000000, 25431, 0, 0, 0, 0, 0, 59, 0
1777105197, 4, 0, 833, 830, 3, 7.75%, 0, 0, 2, 5.64, 16, 123, 1, 371, 105911, 38328, 0, 0.437, 6, 9, 0.820867, 1.000000, 25460, 0, 0, 0, 0, 0, 59, 0
1777105203, 4, 0, 833, 830, 3, 7.75%, 0, 0, 2, 6.17, 16, 123, 1, 371, 105911, 38328, 0, 0.437, 6, 9, 0.821005, 1.000000, 25484, 0, 0, 0, 0, 0, 59, 0
1777105208, 4, 0, 833, 830, 3, 7.75%, 0, 0, 2, 5.52, 16, 123, 1, 371, 105911, 38328, 0, 0.437, 6, 9, 0.821155, 1.000000, 25510, 0, 0, 0, 0, 0, 59, 0
1777105213, 4, 0, 833, 830, 3, 7.75%, 0, 0, 2, 0.65, 16, 123, 1, 371, 105911, 38328, 0, 0.437, 6, 9, 0.821276, 1.000000, 25531, 0, 0, 0, 0, 0, 59, 0
1777105218, 4, 0, 833, 830, 3, 7.75%, 0, 0, 2, 5.23, 16, 123, 1, 371, 105911, 38328, 0, 0.437, 6, 9, 0.821448, 1.000000, 25561, 0, 0, 0, 0, 0, 59, 0
1777105223, 4, 0, 833, 830, 3, 7.75%, 0, 0, 2, 5.03, 16, 123, 1, 371, 105911, 38328, 0, 0.437, 6, 9, 0.821591, 1.000000, 25586, 0, 0, 0, 0, 0, 59, 0
1777105229, 4, 0, 833, 830, 3, 7.75%, 0, 0, 2, 5.49, 16, 123, 1, 371, 105911, 38328, 0, 0.437, 6, 9, 0.821763, 1.000000, 25616, 0, 0, 0, 0, 0, 60, 0
1777105234, 4, 0, 833, 830, 3, 7.75%, 0, 0, 2, 5.59, 16, 123, 1, 371, 105911, 38328, 0, 0.437, 6, 9, 0.821912, 1.000000, 25642, 0, 0, 0, 0, 0, 60, 0
1777105239, 4, 0, 833, 830, 3, 7.75%, 0, 0, 2, 5.70, 16, 123, 1, 371, 105911, 38328, 0, 0.437, 6, 9, 0.822083, 1.000000, 25672, 0, 0, 0, 0, 0, 60, 0
1777105244, 4, 0, 833, 830, 3, 7.75%, 0, 0, 2, 6.58, 16, 123, 1, 371, 105911, 38328, 0, 0.437, 6, 9, 0.822219, 1.000000, 25696, 0, 0, 0, 0, 0, 60, 0
1777105249, 4, 0, 833, 830, 3, 7.75%, 0, 0, 2, 5.73, 16, 123, 1, 371, 105911, 38328, 0, 0.437, 6, 9, 0.822379, 1.000000, 25724, 0, 0, 0, 0, 0, 60, 0
1777105254, 4, 0, 833, 830, 3, 7.75%, 0, 0, 2, 6.02, 16, 123, 1, 371, 105911, 38328, 0, 0.437, 6, 9, 0.822498, 1.000000, 25745, 0, 0, 0, 0, 0, 60, 0
1777105259, 4, 0, 834, 831, 3, 7.75%, 0, 0, 2, 5.58, 16, 123, 1, 371, 105911, 38328, 0, 0.437, 6, 9, 0.822656, 0.931000, 25773, 0, 0, 0, 0, 0, 60, 0
1777105265, 4, 0, 834, 831, 3, 7.75%, 0, 0, 2, 5.45, 16, 123, 1, 371, 105911, 38328, 0, 0.437, 6, 9, 0.822764, 1.000000, 25792, 0, 0, 0, 0, 0, 60, 0
1777105270, 4, 0, 834, 831, 3, 7.75%, 0, 0, 2, 5.78, 16, 123, 1, 371, 105911, 38328, 0, 0.437, 6, 9, 0.822933, 1.000000, 25822, 0, 0, 0, 0, 0, 60, 0
1777105275, 4, 0, 834, 831, 3, 7.75%, 0, 0, 2, 5.86, 16, 123, 1, 371, 105911, 38328, 0, 0.437, 6, 9, 0.823091, 1.000000, 25850, 0, 0, 0, 0, 0, 60, 0
1777105280, 4, 0, 834, 831, 3, 7.75%, 0, 0, 2, 1.26, 16, 123, 1, 371, 105911, 38328, 0, 0.437, 6, 9, 0.823226, 1.000000, 25874, 0, 0, 0, 0, 0, 60, 0
1777105285, 4, 0, 834, 831, 3, 7.75%, 0, 0, 2, 6.75, 16, 123, 1, 371, 105911, 38328, 0, 0.437, 6, 9, 0.823400, 1.000000, 25905, 0, 0, 0, 0, 0, 60, 0
1777105290, 4, 0, 834, 831, 3, 7.75%, 0, 0, 2, 7.92, 16, 123, 1, 371, 105911, 38328, 0, 0.437, 6, 9, 0.823518, 1.000000, 25926, 0, 0, 0, 0, 0, 60, 0
1777105295, 4, 0, 834, 831, 3, 7.75%, 0, 0, 2, 6.46, 16, 123, 1, 371, 105911, 38328, 0, 0.437, 6, 9, 0.823675, 1.000000, 25954, 0, 0, 0, 0, 0, 60, 0
1777105300, 4, 0, 835, 832, 3, 7.75%, 0, 0, 2, 5.63, 16, 123, 1, 371, 105911, 38328, 0, 0.437, 6, 9, 0.823765, 1.000000, 25970, 0, 0, 0, 0, 0, 60, 0
1777105306, 4, 0, 835, 832, 3, 7.75%, 0, 0, 2, 5.48, 16, 123, 1, 371, 105911, 38328, 0, 0.437, 6, 9, 0.823921, 1.000000, 25998, 0, 0, 0, 0, 0, 60, 0
1777105311, 4, 0, 835, 832, 3, 7.75%, 0, 0, 2, 5.25, 16, 123, 1, 371, 105911, 38328, 0, 0.437, 6, 9, 0.824066, 1.000000, 26024, 0, 0, 0, 0, 0, 60, 0
1777105316, 4, 0, 835, 832, 3, 7.75%, 0, 0, 2, 5.20, 16, 123, 1, 371, 105911, 38328, 0, 0.437, 6, 9, 0.824222, 1.000000, 26052, 0, 0, 0, 0, 0, 60, 0
1777105321, 4, 0, 835, 832, 3, 7.75%, 0, 0, 2, 5.15, 16, 123, 1, 371, 105911, 38328, 0, 0.437, 6, 9, 0.824350, 1.000000, 26075, 0, 0, 0, 0, 0, 60, 0
1777105327, 4, 0, 835, 832, 3, 7.75%, 0, 0, 2, 5.35, 16, 123, 1, 371, 105911, 38328, 0, 0.437, 6, 9, 0.824510, 1.000000, 26104, 0, 0, 0, 0, 0, 60, 0
1777105332, 4, 0, 835, 832, 3, 7.75%, 0, 0, 2, 5.11, 16, 123, 1, 371, 105911, 38328, 0, 0.437, 6, 9, 0.824643, 1.000000, 26128, 0, 0, 0, 0, 0, 60, 0
1777105337, 4, 0, 835, 832, 3, 7.75%, 0, 0, 2, 5.67, 16, 123, 1, 371, 105911, 38328, 0, 0.437, 6, 9, 0.824809, 1.000000, 26158, 0, 0, 0, 0, 0, 60, 0
1777105342, 4, 0, 835, 832, 3, 7.75%, 0, 0, 2, 5.53, 16, 123, 1, 371, 105911, 38328, 0, 0.437, 6, 9, 0.824953, 1.000000, 26184, 0, 0, 0, 0, 0, 61, 0
1777105347, 4, 0, 835, 832, 3, 7.75%, 0, 0, 2, 5.83, 16, 123, 1, 371, 105911, 38328, 0, 0.437, 6, 9, 0.825118, 1.000000, 26214, 0, 0, 0, 0, 0, 61, 0
1777105352, 4, 0, 835, 832, 3, 7.75%, 0, 0, 2, 5.63, 16, 123, 1, 371, 105911, 38328, 0, 0.437, 6, 9, 0.825261, 1.000000, 26240, 0, 0, 0, 0, 0, 61, 0
1777105358, 4, 0, 835, 832, 3, 7.75%, 0, 0, 2, 5.45, 16, 123, 1, 371, 105911, 38328, 0, 0.437, 6, 9, 0.825398, 1.000000, 26265, 0, 0, 0, 0, 0, 61, 0
1777105363, 4, 0, 835, 832, 3, 7.75%, 0, 0, 2, 5.63, 16, 123, 1, 371, 105911, 38328, 0, 0.437, 6, 9, 0.825557, 1.000000, 26294, 0, 0, 0, 0, 0, 61, 0
1777105368, 4, 0, 835, 832, 3, 7.75%, 0, 0, 2, 0.66, 16, 123, 1, 371, 105911, 38328, 0, 0.437, 6, 9, 0.825672, 1.000000, 26315, 0, 0, 0, 0, 0, 61, 0
1777105373, 4, 0, 836, 833, 3, 7.75%, 0, 0, 2, 5.75, 16, 124, 1, 371, 105911, 38328, 0, 0.437, 6, 9, 0.825787, 1.000000, 26336, 0, 0, 0, 0, 0, 61, 0
1777105378, 4, 0, 836, 833, 3, 7.75%, 0, 0, 2, 5.27, 16, 124, 1, 371, 105911, 38328, 0, 0.437, 6, 9, 0.825918, 1.000000, 26360, 0, 0, 0, 0, 0, 61, 0
1777105383, 4, 0, 836, 833, 3, 7.75%, 0, 0, 2, 5.40, 16, 124, 1, 371, 105911, 38328, 0, 0.437, 6, 9, 0.826071, 1.000000, 26388, 0, 0, 0, 0, 0, 61, 0
1777105388, 4, 0, 836, 833, 3, 7.75%, 0, 0, 2, 5.37, 16, 124, 1, 371, 105911, 38328, 0, 0.437, 6, 9, 0.826212, 1.000000, 26414, 0, 0, 0, 0, 0, 61, 0
1777105394, 4, 0, 836, 833, 3, 7.75%, 0, 0, 2, 5.87, 16, 124, 1, 371, 105911, 38328, 0, 0.437, 6, 9, 0.826380, 1.000000, 26445, 0, 0, 0, 0, 0, 61, 0
1777105399, 4, 0, 836, 833, 3, 7.75%, 0, 0, 2, 2.71, 16, 124, 1, 371, 105911, 38328, 0, 0.437, 6, 9, 0.826505, 1.000000, 26468, 0, 0, 0, 0, 0, 61, 0
1777105404, 4, 0, 837, 834, 3, 7.76%, 0, 0, 2, 4.90, 16, 124, 1, 371, 105911, 38328, 0, 0.437, 6, 9, 0.826624, 1.000000, 26490, 0, 0, 0, 0, 0, 61, 0
1777105409, 4, 0, 837, 834, 3, 7.76%, 0, 0, 2, 6.65, 16, 124, 1, 371, 105911, 38328, 0, 0.437, 6, 9, 0.826743, 1.000000, 26512, 0, 0, 0, 0, 0, 61, 0
1777105414, 4, 0, 837, 834, 3, 7.76%, 0, 0, 2, 5.74, 16, 124, 1, 371, 105911, 38328, 0, 0.437, 6, 9, 0.826894, 1.000000, 26540, 0, 0, 0, 0, 0, 61, 0
1777105419, 4, 0, 837, 834, 3, 7.76%, 0, 0, 2, 5.33, 16, 124, 1, 371, 105911, 38328, 0, 0.437, 6, 9, 0.827024, 1.000000, 26564, 0, 0, 0, 0, 0, 61, 0
1777105424, 4, 0, 837, 834, 3, 7.76%, 0, 0, 2, 5.75, 16, 124, 1, 371, 105911, 38328, 0, 0.437, 6, 9, 0.827185, 1.000000, 26594, 0, 0, 0, 0, 0, 61, 0
1777105429, 4, 0, 837, 834, 3, 7.76%, 0, 0, 2, 5.58, 16, 124, 1, 371, 105911, 38328, 0, 0.437, 6, 9, 0.827325, 1.000000, 26620, 0, 0, 0, 0, 0, 61, 0
1777105435, 4, 0, 838, 835, 3, 7.76%, 0, 0, 2, 1.07, 16, 124, 1, 371, 105911, 38328, 0, 0.437, 6, 9, 0.827437, 1.000000, 26641, 0, 0, 0, 0, 0, 61, 0
1777105440, 4, 0, 838, 835, 3, 7.76%, 0, 0, 2, 5.80, 16, 124, 1, 371, 105911, 38328, 0, 0.437, 6, 9, 0.827593, 1.000000, 26670, 0, 0, 0, 0, 0, 61, 0
1777105445, 4, 0, 838, 835, 3, 7.76%, 0, 0, 2, 0.64, 16, 124, 1, 371, 105911, 38328, 0, 0.437, 6, 9, 0.827705, 1.000000, 26691, 0, 0, 0, 0, 0, 61, 0
1777105451, 4, 0, 838, 835, 3, 7.76%, 0, 0, 2, 5.55, 16, 124, 1, 371, 105911, 38328, 0, 0.437, 6, 9, 0.827870, 1.000000, 26722, 0, 0, 0, 0, 0, 61, 0
1777105456, 4, 0, 838, 835, 3, 7.76%, 0, 0, 2, 5.36, 16, 124, 1, 371, 105911, 38328, 0, 0.437, 7, 9, 0.828009, 1.000000, 26748, 0, 0, 0, 0, 0, 61, 0
1777105461, 4, 0, 838, 835, 3, 7.76%, 0, 0, 2, 5.89, 16, 124, 1, 371, 105911, 38328, 0, 0.437, 7, 9, 0.828174, 1.000000, 26779, 0, 0, 0, 0, 0, 61, 0
1777105466, 4, 0, 838, 835, 3, 7.76%, 0, 0, 2, 5.66, 16, 124, 1, 371, 105911, 38328, 0, 0.437, 7, 9, 0.828317, 1.000000, 26806, 0, 0, 0, 0, 0, 61, 0
1777105471, 4, 0, 838, 835, 3, 7.76%, 0, 0, 2, 5.42, 16, 124, 1, 371, 105911, 38328, 0, 0.437, 7, 9, 0.828460, 1.000000, 26833, 0, 0, 0, 0, 0, 62, 0
1777105477, 4, 0, 838, 835, 3, 7.76%, 0, 0, 2, 5.77, 16, 124, 1, 371, 105911, 38328, 0, 0.437, 7, 9, 0.828603, 1.000000, 26860, 0, 0, 0, 0, 0, 62, 0
1777105482, 4, 0, 838, 835, 3, 7.76%, 0, 0, 2, 5.82, 16, 124, 1, 371, 105911, 38328, 0, 0.437, 7, 9, 0.828762, 1.000000, 26890, 0, 0, 0, 0, 0, 62, 0
1777105487, 4, 0, 838, 835, 3, 7.76%, 0, 0, 2, 6.54, 16, 124, 1, 371, 105911, 38328, 0, 0.437, 7, 9, 0.828878, 1.000000, 26912, 0, 0, 0, 0, 0, 62, 0
1777105492, 4, 0, 838, 835, 3, 7.76%, 0, 0, 2, 5.91, 16, 124, 1, 371, 105911, 38328, 0, 0.437, 7, 9, 0.829025, 1.000000, 26940, 0, 0, 0, 0, 0, 62, 0
1777105497, 4, 0, 838, 835, 3, 7.76%, 0, 0, 2, 5.85, 16, 124, 1, 371, 105911, 38328, 0, 0.437, 7, 9, 0.829172, 1.000000, 26968, 0, 0, 0, 0, 0, 62, 0
1777105503, 4, 0, 839, 836, 3, 7.76%, 0, 0, 2, 5.37, 16, 124, 1, 371, 105911, 38328, 0, 0.437, 7, 9, 0.829283, 0.713711, 26989, 0, 0, 0, 0, 0, 62, 0
1777105508, 4, 0, 839, 836, 3, 7.76%, 0, 0, 2, 5.54, 16, 124, 1, 371, 105911, 38328, 0, 0.437, 7, 9, 0.829424, 1.000000, 27016, 0, 0, 0, 0, 0, 62, 0
1777105513, 4, 0, 839, 836, 3, 7.76%, 0, 0, 2, 1.91, 16, 124, 1, 371, 105911, 38328, 0, 0.437, 7, 9, 0.829539, 1.000000, 27038, 0, 0, 0, 0, 0, 62, 0
1777105518, 4, 0, 839, 836, 3, 7.76%, 0, 0, 2, 4.41, 16, 124, 1, 371, 105911, 38328, 0, 0.437, 7, 9, 0.829696, 1.000000, 27068, 0, 0, 0, 0, 0, 62, 0
1777105523, 4, 0, 839, 836, 3, 7.76%, 0, 0, 2, 7.10, 16, 124, 1, 371, 105911, 38328, 0, 0.437, 7, 9, 0.829800, 1.000000, 27088, 0, 0, 0, 0, 0, 62, 0
1777105528, 4, 0, 839, 836, 3, 7.76%, 0, 0, 2, 6.26, 16, 124, 1, 371, 105911, 38328, 0, 0.437, 7, 9, 0.829957, 1.000000, 27118, 0, 0, 0, 0, 0, 62, 0
1777105533, 4, 0, 839, 836, 3, 7.76%, 0, 0, 2, 5.52, 16, 124, 1, 371, 105911, 38328, 0, 0.437, 7, 9, 0.830081, 1.000000, 27142, 0, 0, 0, 0, 0, 62, 0
1777105539, 4, 0, 839, 836, 3, 7.76%, 0, 0, 2, 5.46, 16, 124, 1, 371, 105911, 38328, 0, 0.437, 7, 9, 0.830237, 1.000000, 27172, 0, 0, 0, 0, 0, 62, 0
1777105544, 4, 0, 839, 836, 3, 7.76%, 0, 0, 2, 5.70, 16, 124, 1, 371, 105911, 38328, 0, 0.437, 7, 9, 0.830382, 1.000000, 27200, 0, 0, 0, 0, 0, 63, 0
1777105549, 4, 0, 839, 836, 3, 7.76%, 0, 0, 2, 5.70, 16, 124, 1, 371, 105911, 38328, 0, 0.437, 7, 9, 0.830532, 1.000000, 27229, 0, 0, 0, 0, 0, 63, 0
1777105554, 4, 0, 839, 836, 3, 7.76%, 0, 0, 2, 5.63, 16, 124, 1, 371, 105911, 38328, 0, 0.437, 7, 9, 0.830651, 1.000000, 27252, 0, 0, 0, 0, 0, 63, 0
1777105559, 4, 0, 839, 836, 3, 7.76%, 0, 0, 2, 5.40, 16, 124, 1, 371, 105911, 38328, 0, 0.437, 7, 9, 0.830795, 1.000000, 27280, 0, 0, 0, 0, 0, 63, 0
1777105564, 4, 0, 839, 836, 3, 7.76%, 0, 0, 2, 5.16, 16, 124, 1, 371, 105911, 38328, 0, 0.437, 7, 9, 0.830898, 1.000000, 27300, 0, 0, 0, 0, 0, 63, 0
1777105569, 4, 0, 839, 836, 3, 7.76%, 0, 0, 2, 5.60, 16, 124, 1, 371, 105911, 38328, 0, 0.437, 7, 9, 0.831053, 1.000000, 27330, 0, 0, 0, 0, 0, 63, 0
1777105574, 4, 0, 839, 836, 3, 7.76%, 0, 0, 2, 5.33, 16, 124, 1, 371, 105911, 38328, 0, 0.437, 7, 9, 0.831181, 1.000000, 27355, 0, 0, 0, 0, 0, 63, 0
1777105580, 4, 2, 839, 836, 17, 7.76%, 0, 0, 2, 5.20, 16, 124, 1, 371, 105911, 38328, 0, 0.437, 7, 9, 0.831325, 1.000000, 27383, 0, 0, 0, 0, 0, 63, 0
1777105585, 4, 2, 839, 836, 17, 7.76%, 0, 0, 2, 5.79, 16, 124, 1, 371, 105911, 38328, 0, 0.437, 7, 9, 0.831478, 1.000000, 27413, 0, 0, 0, 0, 0, 63, 0
1777105590, 4, 2, 840, 837, 17, 7.76%, 0, 0, 2, 5.47, 16, 124, 1, 371, 105911, 38328, 0, 0.437, 7, 9, 0.831580, 0.713711, 27433, 0, 0, 0, 0, 0, 63, 0
1777105595, 4, 2, 840, 837, 17, 7.76%, 0, 0, 2, 5.55, 16, 124, 1, 371, 105911, 38328, 0, 0.437, 7, 9, 0.831708, 1.000000, 27458, 0, 0, 0, 0, 0, 63, 0
1777105600, 4, 2, 840, 837, 17, 7.76%, 0, 0, 2, 5.08, 16, 124, 1, 371, 105911, 38328, 0, 0.437, 7, 9, 0.831820, 1.000000, 27480, 0, 0, 0, 0, 0, 63, 0
1777105606, 4, 2, 840, 837, 17, 7.76%, 0, 0, 2, 5.57, 16, 124, 1, 371, 105911, 38328, 0, 0.437, 7, 9, 0.831972, 1.000000, 27510, 0, 0, 0, 0, 0, 63, 0
1777105611, 4, 2, 841, 838, 17, 7.76%, 0, 0, 2, 5.39, 16, 124, 1, 371, 105911, 38328, 0, 0.437, 7, 9, 0.832064, 1.000000, 27528, 0, 0, 0, 0, 0, 63, 0
1777105616, 4, 2, 841, 838, 17, 7.76%, 0, 0, 2, 5.68, 16, 124, 1, 371, 105911, 38328, 0, 0.437, 7, 9, 0.832216, 1.000000, 27558, 0, 0, 0, 0, 0, 63, 0
1777105621, 4, 2, 841, 838, 17, 7.76%, 0, 0, 2, 5.41, 16, 124, 1, 371, 105911, 38328, 0, 0.437, 7, 9, 0.832348, 1.000000, 27584, 0, 0, 0, 0, 0, 63, 0
1777105627, 4, 2, 841, 838, 17, 7.76%, 0, 0, 2, 5.71, 16, 124, 1, 371, 105911, 38328, 0, 0.437, 7, 9, 0.832499, 1.000000, 27614, 0, 0, 0, 0, 0, 63, 0
1777105632, 4, 2, 841, 838, 17, 7.76%, 0, 0, 2, 6.02, 16, 124, 1, 371, 105911, 38328, 0, 0.437, 7, 9, 0.832620, 1.000000, 27638, 0, 0, 0, 0, 0, 63, 0
1777105638, 4, 2, 841, 838, 17, 7.76%, 0, 0, 2, 0.66, 16, 124, 1, 371, 105911, 38328, 0, 0.437, 7, 9, 0.832766, 1.000000, 27667, 0, 0, 0, 0, 0, 63, 0
1777105643, 4, 2, 841, 838, 17, 7.76%, 0, 0, 2, 5.65, 16, 124, 1, 371, 105911, 38328, 0, 0.437, 7, 9, 0.832912, 1.000000, 27696, 0, 0, 0, 0, 0, 63, 0
1777105648, 4, 2, 841, 838, 17, 7.76%, 0, 0, 2, 5.31, 16, 124, 1, 371, 105911, 38328, 0, 0.437, 7, 9, 0.833033, 1.000000, 27720, 0, 0, 0, 0, 0, 63, 0
1777105654, 4, 2, 841, 838, 17, 7.76%, 0, 0, 2, 5.43, 16, 124, 1, 371, 105911, 38328, 0, 0.437, 7, 9, 0.833183, 1.000000, 27750, 0, 0, 0, 0, 0, 64, 0
1777105659, 4, 2, 841, 838, 17, 7.76%, 0, 0, 2, 5.36, 16, 124, 1, 371, 105911, 38328, 0, 0.437, 7, 9, 0.833313, 1.000000, 27776, 0, 0, 0, 0, 0, 64, 0
1777105664, 4, 2, 841, 838, 17, 7.76%, 0, 0, 2, 5.68, 16, 124, 1, 371, 105911, 38328, 0, 0.437, 7, 9, 0.833463, 1.000000, 27806, 0, 0, 0, 0, 0, 64, 0
1777105669, 4, 2, 841, 838, 17, 7.76%, 0, 0, 2, 5.76, 16, 124, 1, 371, 105911, 38328, 0, 0.437, 7, 9, 0.833573, 1.000000, 27828, 0, 0, 0, 0, 0, 64, 0
1777105674, 4, 2, 842, 839, 17, 7.76%, 0, 0, 2, 5.56, 16, 124, 1, 371, 105911, 38328, 0, 0.437, 7, 9, 0.833673, 1.000000, 27848, 0, 0, 0, 0, 0, 64, 0
1777105679, 4, 2, 842, 839, 17, 7.76%, 0, 0, 2, 5.84, 16, 124, 1, 371, 105911, 38328, 0, 0.437, 7, 9, 0.833772, 1.000000, 27868, 0, 0, 0, 0, 0, 64, 0
1777105684, 4, 2, 842, 839, 17, 7.76%, 0, 0, 2, 5.70, 16, 124, 1, 371, 105911, 38328, 0, 0.437, 7, 9, 0.833911, 1.000000, 27896, 0, 0, 0, 0, 0, 64, 0
1777105689, 4, 2, 842, 839, 17, 7.76%, 0, 0, 2, 5.37, 16, 124, 1, 371, 105911, 38328, 0, 0.437, 7, 9, 0.834030, 1.000000, 27920, 0, 0, 0, 0, 0, 64, 0
1777105694, 4, 2, 842, 839, 17, 7.76%, 0, 0, 2, 5.59, 16, 124, 1, 371, 105911, 38328, 0, 0.437, 7, 9, 0.834179, 1.000000, 27950, 0, 0, 0, 0, 0, 64, 0
1777105699, 4, 2, 842, 839, 17, 7.76%, 0, 0, 2, 5.48, 16, 124, 1, 371, 105911, 38328, 0, 0.437, 7, 9, 0.834308, 1.000000, 27976, 0, 0, 0, 0, 0, 64, 0
1777105704, 4, 2, 842, 839, 17, 7.76%, 0, 0, 2, 5.52, 16, 124, 1, 371, 105911, 38328, 0, 0.437, 7, 9, 0.834446, 1.000000, 28004, 0, 0, 0, 0, 0, 64, 0
1777105709, 4, 2, 842, 839, 17, 7.76%, 0, 0, 2, 5.98, 16, 124, 1, 371, 105911, 38328, 0, 0.437, 7, 9, 0.834559, 1.000000, 28027, 0, 0, 0, 0, 0, 64, 0
1777105715, 4, 2, 842, 839, 17, 7.76%, 0, 0, 2, 5.88, 16, 124, 1, 371, 105911, 38328, 0, 0.437, 7, 9, 0.834702, 1.000000, 28056, 0, 0, 0, 0, 0, 65, 0
1777105720, 4, 2, 844, 841, 17, 7.77%, 0, 0, 2, 6.78, 16, 124, 1, 371, 105911, 38328, 0, 0.437, 7, 9, 0.834766, 0.806954, 28069, 0, 0, 0, 0, 0, 65, 0
1777105725, 4, 2, 844, 841, 17, 7.77%, 0, 0, 2, 5.93, 16, 124, 1, 371, 105911, 38328, 0, 0.437, 7, 9, 0.834879, 1.000000, 28092, 0, 0, 0, 0, 0, 65, 0
1777105730, 4, 2, 844, 841, 17, 7.77%, 0, 0, 2, 5.49, 16, 124, 1, 371, 105911, 38328, 0, 0.437, 7, 9, 0.834996, 1.000000, 28116, 0, 0, 0, 0, 0, 65, 0
1777105735, 4, 2, 844, 841, 17, 7.77%, 0, 0, 2, 5.54, 16, 124, 1, 371, 105911, 38328, 0, 0.437, 7, 9, 0.835129, 1.000000, 28143, 0, 0, 0, 0, 0, 65, 0
1777105740, 4, 2, 844, 841, 17, 7.77%, 0, 0, 2, 5.90, 16, 124, 1, 371, 105911, 38328, 0, 0.437, 7, 9, 0.835275, 1.000000, 28173, 0, 0, 0, 0, 0, 65, 0
1777105745, 4, 2, 844, 841, 17, 7.77%, 0, 0, 2, 7.62, 16, 124, 1, 371, 105911, 38328, 0, 0.437, 7, 9, 0.835407, 1.000000, 28200, 0, 0, 0, 0, 0, 65, 0
1777105750, 4, 2, 844, 841, 17, 7.77%, 0, 0, 2, 6.20, 16, 124, 1, 371, 105911, 38328, 0, 0.437, 7, 9, 0.835543, 1.000000, 28228, 0, 0, 0, 0, 0, 65, 0
1777105755, 4, 2, 845, 842, 17, 7.77%, 0, 0, 2, 5.82, 16, 124, 1, 371, 105911, 38328, 0, 0.437, 7, 9, 0.835646, 0.931000, 28249, 0, 0, 0, 0, 0, 65, 0
1777105761, 4, 2, 845, 842, 17, 7.77%, 0, 0, 2, 6.20, 16, 124, 1, 371, 105911, 38328, 0, 0.437, 7, 9, 0.835777, 1.000000, 28276, 0, 0, 0, 0, 0, 65, 0
1777105766, 4, 2, 845, 842, 17, 7.77%, 0, 0, 2, 6.05, 16, 124, 1, 371, 105911, 38328, 0, 0.437, 7, 9, 0.835908, 1.000000, 28303, 0, 0, 0, 0, 0, 65, 0
1777105771, 4, 2, 845, 842, 17, 7.77%, 0, 0, 2, 5.71, 16, 124, 1, 371, 105911, 38328, 0, 0.437, 7, 9, 0.836048, 1.000000, 28332, 0, 0, 0, 0, 0, 65, 0
1777105776, 4, 2, 845, 842, 17, 7.77%, 0, 0, 2, 5.32, 16, 124, 1, 371, 105911, 38328, 0, 0.437, 7, 9, 0.836164, 1.000000, 28356, 0, 0, 0, 0, 0, 65, 0
1777105781, 4, 2, 845, 842, 17, 7.77%, 0, 0, 2, 1.10, 16, 124, 1, 371, 105911, 38328, 0, 0.437, 7, 9, 0.836304, 1.000000, 28385, 0, 0, 0, 0, 0, 65, 0
1777105787, 4, 2, 845, 842, 17, 7.77%, 0, 0, 2, 5.72, 16, 124, 1, 371, 105911, 38328, 0, 0.437, 7, 9, 0.836444, 1.000000, 28414, 0, 0, 0, 0, 0, 65, 0
1777105792, 4, 2, 845, 842, 17, 7.77%, 0, 0, 2, 4.46, 16, 124, 1, 371, 105911, 38328, 0, 0.437, 7, 9, 0.836550, 1.000000, 28436, 0, 0, 0, 0, 0, 65, 0
1777105797, 4, 2, 845, 842, 17, 7.77%, 0, 0, 2, 5.11, 16, 124, 1, 371, 105911, 38328, 0, 0.437, 7, 9, 0.836689, 1.000000, 28465, 0, 0, 0, 0, 0, 66, 0
1777105802, 4, 2, 845, 842, 17, 7.77%, 0, 0, 2, 5.39, 16, 124, 1, 371, 105911, 38328, 0, 0.437, 7, 9, 0.836819, 1.000000, 28492, 0, 0, 0, 0, 0, 66, 0
1777105807, 4, 2, 845, 842, 17, 7.77%, 0, 0, 2, 5.58, 16, 124, 1, 371, 105911, 38328, 0, 0.437, 7, 9, 0.836962, 1.000000, 28522, 0, 0, 0, 0, 0, 66, 0
1777105813, 4, 2, 845, 842, 17, 7.77%, 0, 0, 2, 5.41, 16, 124, 1, 371, 105911, 38328, 0, 0.437, 7, 9, 0.837087, 1.000000, 28548, 0, 0, 0, 0, 0, 66, 0
1777105818, 4, 2, 845, 842, 17, 7.77%, 0, 0, 2, 5.37, 16, 124, 1, 371, 105911, 38328, 0, 0.437, 7, 9, 0.837220, 1.000000, 28576, 0, 0, 0, 0, 0, 66, 0
1777105823, 4, 2, 845, 842, 17, 7.77%, 0, 0, 2, 2.97, 16, 124, 1, 371, 105911, 38328, 0, 0.437, 7, 9, 0.837335, 1.000000, 28600, 0, 0, 0, 0, 0, 66, 0
1777105828, 4, 2, 845, 842, 17, 7.77%, 0, 0, 2, 4.72, 16, 124, 1, 371, 105911, 38328, 0, 0.437, 7, 9, 0.837477, 1.000000, 28630, 0, 0, 0, 0, 0, 66, 0
1777105833, 4, 2, 845, 842, 17, 7.77%, 0, 0, 2, 4.77, 16, 124, 1, 371, 105911, 38328, 0, 0.437, 7, 9, 0.837582, 1.000000, 28652, 0, 0, 0, 0, 0, 67, 0
1777105839, 4, 2, 845, 842, 17, 7.77%, 0, 0, 2, 5.60, 16, 124, 1, 371, 105911, 38328, 0, 0.437, 7, 9, 0.837729, 1.000000, 28683, 0, 0, 0, 0, 0, 67, 0
1777105844, 4, 2, 845, 842, 17, 7.77%, 0, 0, 2, 5.38, 16, 124, 1, 371, 105911, 38328, 0, 0.437, 7, 9, 0.837847, 1.000000, 28708, 0, 0, 0, 0, 0, 67, 0
1777105849, 4, 2, 845, 842, 17, 7.77%, 0, 0, 2, 5.38, 16, 124, 1, 371, 105911, 38328, 0, 0.437, 7, 9, 0.837975, 1.000000, 28735, 0, 0, 0, 0, 0, 67, 0
1777105854, 4, 2, 845, 842, 17, 7.77%, 0, 0, 2, 5.75, 16, 124, 1, 371, 105911, 38328, 0, 0.437, 7, 9, 0.838121, 1.000000, 28766, 0, 0, 0, 0, 0, 67, 0
1777105859, 4, 2, 845, 842, 17, 7.77%, 0, 0, 2, 5.41, 16, 124, 1, 371, 105911, 38328, 0, 0.437, 7, 9, 0.838234, 1.000000, 28790, 0, 0, 0, 0, 0, 67, 0
1777105865, 4, 2, 845, 842, 17, 7.77%, 0, 0, 2, 5.77, 16, 124, 1, 371, 105911, 38328, 0, 0.437, 7, 9, 0.838376, 1.000000, 28820, 0, 0, 0, 0, 0, 67, 0
1777105870, 4, 2, 845, 842, 17, 7.77%, 0, 0, 2, 7.33, 16, 124, 1, 371, 105911, 38328, 0, 0.437, 7, 9, 0.838484, 1.000000, 28843, 0, 0, 0, 0, 0, 67, 0
1777105875, 4, 2, 845, 842, 17, 7.77%, 0, 0, 2, 6.20, 16, 124, 1, 371, 105911, 38328, 0, 0.437, 7, 9, 0.838620, 1.000000, 28872, 0, 0, 0, 0, 0, 68, 0
1777105880, 4, 2, 845, 842, 17, 7.77%, 0, 0, 2, 5.98, 16, 124, 1, 371, 105911, 38328, 0, 0.437, 7, 9, 0.838746, 1.000000, 28899, 0, 0, 0, 0, 0, 68, 0
1777105885, 4, 2, 845, 842, 17, 7.77%, 0, 0, 2, 5.89, 16, 124, 1, 371, 105911, 38328, 0, 0.437, 7, 9, 0.838882, 1.000000, 28928, 0, 0, 0, 0, 0, 68, 0
1777105890, 4, 2, 845, 842, 17, 7.77%, 0, 0, 2, 5.66, 16, 124, 1, 371, 105911, 38328, 0, 0.437, 7, 9, 0.839003, 1.000000, 28954, 0, 0, 0, 0, 0, 68, 0
1777105895, 4, 2, 845, 842, 17, 7.77%, 0, 0, 2, 5.96, 16, 124, 1, 371, 105911, 38328, 0, 0.437, 7, 9, 0.839143, 1.000000, 28984, 0, 0, 0, 0, 0, 68, 0
1777105900, 4, 2, 846, 843, 17, 7.77%, 0, 0, 2, 6.62, 16, 124, 1, 371, 105911, 38328, 0, 0.437, 7, 9, 0.839218, 1.000000, 29000, 0, 0, 0, 0, 0, 68, 0
1777105906, 4, 2, 846, 843, 17, 7.77%, 0, 0, 2, 0.65, 16, 124, 1, 371, 105911, 38328, 0, 0.437, 7, 9, 0.839343, 1.000000, 29027, 0, 0, 0, 0, 0, 68, 0
1777105911, 4, 2, 846, 843, 17, 7.77%, 0, 0, 2, 6.17, 16, 124, 1, 371, 105911, 38328, 0, 0.437, 7, 9, 0.839478, 1.000000, 29056, 0, 0, 0, 0, 0, 68, 0
1777105916, 4, 2, 846, 843, 17, 7.77%, 0, 0, 2, 5.48, 16, 124, 1, 371, 105911, 38328, 0, 0.437, 7, 9, 0.839598, 1.000000, 29082, 0, 0, 0, 0, 0, 68, 0
1777105922, 4, 2, 846, 843, 17, 7.77%, 0, 0, 2, 5.69, 16, 124, 1, 371, 105911, 38328, 0, 0.437, 7, 9, 0.839737, 1.000000, 29112, 0, 0, 0, 0, 0, 68, 0
1777105927, 4, 2, 846, 843, 17, 7.77%, 0, 0, 2, 5.37, 16, 124, 1, 371, 105911, 38328, 0, 0.437, 7, 9, 0.839857, 1.000000, 29138, 0, 0, 0, 0, 0, 68, 0
1777105932, 4, 2, 846, 843, 17, 7.77%, 0, 0, 2, 5.62, 16, 124, 1, 371, 105911, 38328, 0, 0.437, 7, 9, 0.839995, 1.000000, 29168, 0, 0, 0, 0, 0, 68, 0
1777105937, 4, 2, 846, 843, 17, 7.77%, 0, 0, 2, 3.47, 16, 124, 1, 371, 105911, 38328, 0, 0.437, 7, 9, 0.840120, 1.000000, 29195, 0, 0, 0, 0, 0, 69, 0
1777105942, 4, 2, 847, 844, 17, 7.77%, 0, 0, 2, 5.12, 16, 124, 1, 371, 105911, 38328, 0, 0.437, 7, 9, 0.840225, 1.000000, 29218, 0, 0, 0, 0, 0, 69, 0
1777105948, 4, 2, 847, 844, 17, 7.77%, 0, 0, 2, 5.80, 16, 124, 1, 371, 105911, 38328, 0, 0.437, 7, 9, 0.840326, 1.000000, 29240, 0, 0, 0, 0, 0, 69, 0
1777105953, 4, 2, 847, 844, 17, 7.77%, 0, 0, 2, 5.53, 16, 124, 1, 371, 105911, 38328, 0, 0.437, 7, 9, 0.840455, 1.000000, 29268, 0, 0, 0, 0, 0, 69, 0
1777105958, 4, 2, 847, 844, 17, 7.77%, 0, 0, 2, 5.79, 16, 124, 1, 371, 105911, 38328, 0, 0.437, 7, 9, 0.840583, 1.000000, 29296, 0, 0, 0, 0, 0, 69, 0
1777105963, 4, 2, 847, 844, 17, 7.77%, 0, 0, 2, 5.25, 16, 124, 1, 371, 105911, 38328, 0, 0.437, 7, 9, 0.840693, 1.000000, 29320, 0, 0, 0, 0, 0, 69, 0
1777105968, 4, 2, 847, 844, 17, 7.77%, 0, 0, 2, 5.66, 16, 124, 1, 371, 105911, 38328, 0, 0.437, 7, 9, 0.840830, 1.000000, 29350, 0, 0, 0, 0, 0, 69, 0
1777105973, 4, 2, 847, 844, 17, 7.77%, 0, 0, 2, 5.50, 16, 124, 1, 371, 105911, 38328, 0, 0.437, 7, 9, 0.840939, 1.000000, 29374, 0, 0, 0, 0, 0, 69, 0
1777105979, 4, 2, 847, 844, 17, 7.77%, 0, 0, 2, 5.47, 16, 124, 1, 371, 105911, 38328, 0, 0.437, 7, 9, 0.841071, 1.000000, 29403, 0, 0, 0, 0, 0, 70, 0
1777105984, 4, 2, 847, 844, 17, 7.77%, 0, 0, 2, 6.89, 16, 124, 1, 371, 105911, 38328, 0, 0.437, 7, 9, 0.841171, 1.000000, 29425, 0, 0, 0, 0, 0, 70, 0
1777105989, 4, 2, 847, 844, 17, 7.77%, 0, 0, 2, 6.00, 16, 124, 1, 371, 105911, 38328, 0, 0.437, 7, 9, 0.841302, 1.000000, 29454, 0, 0, 0, 0, 0, 70, 0
1777105994, 4, 2, 847, 844, 17, 7.77%, 0, 0, 2, 5.73, 16, 124, 1, 371, 105911, 38328, 0, 0.437, 7, 9, 0.841420, 1.000000, 29480, 0, 0, 0, 0, 0, 70, 0
1777105999, 4, 2, 847, 844, 17, 7.77%, 0, 0, 2, 6.14, 16, 124, 1, 371, 105911, 38328, 0, 0.437, 7, 9, 0.841565, 1.000000, 29512, 0, 0, 0, 0, 0, 70, 0
1777106005, 4, 2, 847, 844, 17, 7.77%, 0, 0, 2, 5.64, 16, 124, 1, 371, 105911, 38328, 0, 0.437, 7, 9, 0.841682, 1.000000, 29538, 0, 0, 0, 0, 0, 70, 0
1777106010, 4, 2, 847, 844, 17, 7.77%, 0, 0, 2, 5.61, 16, 124, 1, 371, 105911, 38328, 0, 0.437, 7, 9, 0.841818, 1.000000, 29568, 0, 0, 0, 0, 0, 70, 0
1777106015, 4, 2, 847, 844, 17, 7.77%, 0, 0, 2, 5.72, 16, 124, 1, 371, 105911, 38328, 0, 0.437, 7, 9, 0.841926, 1.000000, 29592, 0, 0, 0, 0, 0, 70, 0
1777106021, 4, 2, 847, 844, 17, 7.77%, 0, 0, 2, 5.52, 16, 124, 1, 371, 105911, 38328, 0, 0.437, 7, 9, 0.842047, 1.000000, 29619, 0, 0, 0, 0, 0, 71, 0
1777106026, 4, 2, 847, 844, 17, 7.77%, 0, 0, 2, 5.62, 16, 124, 1, 371, 105911, 38328, 0, 0.437, 7, 9, 0.842177, 1.000000, 29648, 0, 0, 0, 0, 0, 71, 0
1777106031, 4, 2, 847, 844, 17, 7.77%, 0, 0, 2, 5.82, 16, 124, 1, 371, 105911, 38328, 0, 0.437, 7, 9, 0.842302, 1.000000, 29676, 0, 0, 0, 0, 0, 71, 0
1777106036, 4, 2, 847, 844, 17, 7.77%, 0, 0, 2, 6.23, 16, 124, 1, 371, 105911, 38328, 0, 0.437, 7, 9, 0.842450, 1.000000, 29709, 0, 0, 0, 0, 0, 71, 0
1777106041, 4, 2, 847, 844, 17, 7.77%, 0, 0, 2, 6.10, 16, 124, 1, 371, 105911, 38328, 0, 0.437, 7, 9, 0.842575, 1.000000, 29737, 0, 0, 0, 0, 0, 71, 0
1777106046, 4, 2, 847, 844, 17, 7.77%, 0, 0, 2, 5.90, 16, 124, 1, 371, 105911, 38328, 0, 0.437, 7, 9, 0.842704, 1.000000, 29766, 0, 0, 0, 0, 0, 71, 0
1777106051, 4, 2, 847, 844, 17, 7.77%, 0, 0, 2, 6.13, 16, 124, 1, 371, 105911, 38328, 0, 0.437, 7, 9, 0.842811, 1.000000, 29790, 0, 0, 0, 0, 0, 71, 0
1777106057, 4, 2, 847, 844, 17, 7.77%, 0, 0, 2, 0.66, 16, 124, 1, 371, 105911, 38328, 0, 0.437, 7, 9, 0.842940, 1.000000, 29819, 0, 0, 0, 0, 0, 72, 0
1777106062, 4, 2, 848, 845, 17, 7.77%, 0, 0, 2, 5.41, 16, 124, 1, 371, 105911, 38328, 0, 0.437, 7, 9, 0.843033, 1.000000, 29840, 0, 0, 0, 0, 0, 72, 0
1777106068, 4, 2, 848, 845, 17, 7.77%, 0, 0, 2, 5.23, 16, 124, 1, 371, 105911, 38328, 0, 0.437, 7, 9, 0.843148, 1.000000, 29866, 0, 0, 0, 0, 0, 72, 0
1777106073, 4, 2, 848, 845, 17, 7.77%, 0, 0, 2, 5.56, 16, 124, 1, 371, 105911, 38328, 0, 0.437, 7, 9, 0.843277, 1.000000, 29895, 0, 0, 0, 0, 0, 72, 0
1777106078, 4, 2, 848, 845, 17, 7.77%, 0, 0, 2, 5.59, 16, 124, 1, 371, 105911, 38328, 0, 0.437, 7, 9, 0.843396, 1.000000, 29922, 0, 0, 0, 0, 0, 72, 0
1777106083, 4, 2, 848, 845, 17, 7.77%, 0, 0, 2, 5.54, 16, 124, 1, 371, 105911, 38328, 0, 0.437, 7, 9, 0.843519, 1.000000, 29950, 0, 0, 0, 0, 0, 72, 0
1777106088, 4, 2, 848, 845, 17, 7.77%, 0, 0, 2, 2.97, 16, 124, 1, 371, 105911, 38328, 0, 0.437, 7, 9, 0.843630, 1.000000, 29975, 0, 0, 0, 0, 0, 72, 0
1777106093, 4, 2, 849, 846, 17, 7.77%, 0, 0, 2, 5.38, 16, 124, 1, 371, 105911, 38328, 0, 0.437, 7, 9, 0.843739, 1.000000, 30000, 0, 0, 0, 0, 0, 72, 0
1777106098, 4, 2, 849, 846, 17, 7.77%, 0, 0, 2, 5.52, 16, 124, 1, 371, 105911, 38328, 0, 0.437, 7, 9, 0.843832, 1.000000, 30021, 0, 0, 0, 0, 0, 72, 0
1777106104, 4, 2, 849, 846, 17, 7.77%, 0, 0, 2, 5.96, 16, 124, 1, 371, 105911, 38328, 0, 0.437, 7, 9, 0.843968, 1.000000, 30052, 0, 0, 0, 0, 0, 72, 0
1777106109, 4, 2, 849, 846, 17, 7.77%, 0, 0, 2, 5.99, 16, 124, 1, 371, 105911, 38328, 0, 0.437, 7, 9, 0.844090, 1.000000, 30080, 0, 0, 0, 0, 0, 72, 0
1777106114, 4, 2, 849, 846, 17, 7.77%, 0, 0, 2, 5.71, 16, 124, 1, 371, 105911, 38328, 0, 0.437, 7, 9, 0.844213, 1.000000, 30108, 0, 0, 0, 0, 0, 72, 0
1777106119, 4, 2, 849, 846, 17, 7.77%, 0, 0, 2, 6.10, 16, 124, 1, 371, 105911, 38328, 0, 0.437, 7, 9, 0.844352, 1.000000, 30140, 0, 0, 0, 0, 0, 72, 0
1777106124, 4, 2, 849, 846, 17, 7.77%, 0, 0, 2, 2.67, 16, 124, 1, 371, 105911, 38328, 0, 0.437, 7, 9, 0.844466, 1.000000, 30166, 0, 0, 0, 0, 0, 72, 0
1777106129, 4, 2, 849, 846, 17, 7.77%, 0, 0, 2, 4.59, 16, 124, 1, 371, 105911, 38328, 0, 0.437, 7, 9, 0.844587, 1.000000, 30194, 0, 0, 0, 0, 0, 73, 0
1777106135, 4, 2, 849, 846, 17, 7.77%, 0, 0, 2, 5.14, 16, 124, 1, 371, 105911, 38328, 0, 0.437, 7, 9, 0.844683, 1.000000, 30216, 0, 0, 0, 0, 0, 73, 0
1777106140, 4, 2, 849, 846, 17, 7.77%, 0, 0, 2, 5.82, 16, 124, 1, 371, 105911, 38328, 0, 0.437, 7, 9, 0.844822, 1.000000, 30248, 0, 0, 0, 0, 0, 73, 0
1777106145, 4, 2, 849, 846, 17, 7.77%, 0, 0, 2, 5.87, 16, 124, 1, 371, 105911, 38328, 0, 0.437, 7, 9, 0.844943, 1.000000, 30276, 0, 0, 0, 0, 0, 73, 0
1777106150, 4, 2, 849, 846, 17, 7.77%, 0, 0, 2, 5.72, 16, 124, 1, 371, 105911, 38328, 0, 0.437, 7, 9, 0.845060, 1.000000, 30303, 0, 0, 0, 0, 0, 73, 0
1777106155, 4, 2, 849, 846, 17, 7.77%, 0, 0, 2, 5.96, 16, 124, 1, 371, 105911, 38328, 0, 0.437, 7, 9, 0.845194, 1.000000, 30334, 0, 0, 0, 0, 0, 73, 0
1777106161, 4, 2, 849, 846, 17, 7.77%, 0, 0, 2, 5.62, 16, 124, 1, 371, 105911, 38328, 0, 0.437, 7, 9, 0.845306, 1.000000, 30360, 0, 0, 0, 0, 0, 73, 0
1777106166, 4, 2, 849, 846, 17, 7.77%, 0, 0, 2, 6.03, 16, 124, 1, 371, 105911, 38328, 0, 0.437, 7, 9, 0.845443, 1.000000, 30392, 0, 0, 0, 0, 0, 74, 0
1777106171, 4, 2, 849, 846, 17, 7.77%, 0, 0, 2, 5.11, 16, 124, 1, 371, 105911, 38328, 0, 0.437, 7, 9, 0.845534, 1.000000, 30413, 0, 0, 0, 0, 0, 74, 0
1777106176, 4, 2, 849, 846, 17, 7.77%, 0, 0, 2, 5.77, 16, 124, 1, 371, 105911, 38328, 0, 0.437, 7, 9, 0.845662, 1.000000, 30443, 0, 0, 0, 0, 0, 74, 0
1777106181, 4, 2, 849, 846, 17, 7.77%, 0, 0, 2, 5.78, 16, 124, 1, 371, 105911, 38328, 0, 0.437, 7, 9, 0.845778, 1.000000, 30470, 0, 0, 0, 0, 0, 74, 0
1777106186, 4, 2, 849, 846, 17, 7.77%, 0, 0, 2, 5.78, 16, 124, 1, 371, 105911, 38328, 0, 0.437, 7, 9, 0.845906, 1.000000, 30500, 0, 0, 0, 0, 0, 74, 0
1777106191, 4, 2, 849, 846, 17, 7.77%, 0, 0, 2, 5.81, 16, 124, 1, 371, 105911, 38328, 0, 0.437, 7, 9, 0.846022, 1.000000, 30527, 0, 0, 0, 0, 0, 74, 0
1777106197, 4, 2, 849, 846, 17, 7.77%, 0, 0, 2, 0.98, 16, 124, 1, 371, 105911, 38328, 0, 0.437, 7, 9, 0.846133, 1.000000, 30553, 0, 0, 0, 0, 0, 74, 0
1777106202, 4, 2, 849, 846, 17, 7.77%, 0, 0, 2, 5.68, 16, 124, 1, 371, 105911, 38328, 0, 0.437, 7, 9, 0.846256, 1.000000, 30582, 0, 0, 0, 0, 0, 74, 0
1777106207, 4, 2, 849, 846, 17, 7.77%, 0, 0, 2, 5.22, 16, 124, 1, 371, 105911, 38328, 0, 0.437, 7, 9, 0.846354, 1.000000, 30605, 0, 0, 0, 0, 0, 75, 0
1777106213, 4, 2, 849, 846, 17, 7.77%, 0, 0, 2, 5.77, 16, 124, 1, 371, 105911, 38328, 0, 0.437, 7, 9, 0.846485, 1.000000, 30636, 0, 0, 0, 0, 0, 75, 0
1777106218, 4, 2, 849, 846, 17, 7.77%, 0, 0, 2, 5.61, 16, 124, 1, 371, 105911, 38328, 0, 0.437, 7, 9, 0.846596, 1.000000, 30662, 0, 0, 0, 0, 0, 75, 0
1777106223, 4, 2, 849, 846, 17, 7.77%, 0, 0, 2, 5.72, 16, 124, 1, 371, 105911, 38328, 0, 0.437, 7, 9, 0.846723, 1.000000, 30692, 0, 0, 0, 0, 0, 75, 0
1777106228, 4, 2, 849, 846, 17, 7.77%, 0, 0, 2, 5.95, 16, 124, 1, 371, 105911, 38328, 0, 0.437, 7, 9, 0.846841, 1.000000, 30720, 0, 0, 0, 0, 0, 75, 0
1777106233, 4, 2, 849, 846, 17, 7.77%, 0, 0, 2, 5.54, 16, 124, 1, 371, 105911, 38328, 0, 0.437, 7, 9, 0.846955, 1.000000, 30747, 0, 0, 0, 0, 0, 75, 0
1777106238, 4, 2, 849, 846, 17, 7.77%, 0, 0, 2, 5.55, 16, 124, 1, 371, 105911, 38328, 0, 0.437, 7, 9, 0.847052, 1.000000, 30770, 0, 0, 0, 0, 0, 75, 0
1777106243, 4, 2, 849, 846, 17, 7.77%, 0, 0, 2, 5.50, 16, 124, 1, 371, 105911, 38328, 0, 0.437, 7, 9, 0.847169, 1.000000, 30798, 0, 0, 0, 0, 0, 76, 0
1777106249, 4, 2, 850, 847, 17, 7.77%, 0, 0, 2, 5.49, 16, 124, 1, 371, 105911, 38328, 0, 0.437, 7, 9, 0.847241, 1.000000, 30815, 0, 0, 0, 0, 0, 76, 0
1777106254, 4, 2, 850, 847, 17, 7.77%, 0, 0, 2, 5.46, 16, 124, 1, 371, 105911, 38328, 0, 0.437, 7, 9, 0.847367, 1.000000, 30845, 0, 0, 0, 0, 0, 76, 0
1777106260, 4, 2, 850, 847, 17, 7.77%, 0, 0, 2, 5.81, 16, 124, 1, 371, 105911, 38328, 0, 0.437, 7, 9, 0.847497, 1.000000, 30876, 0, 0, 0, 0, 0, 76, 0
1777106265, 4, 2, 850, 847, 17, 7.77%, 0, 0, 2, 5.97, 16, 124, 1, 371, 105911, 38328, 0, 0.437, 7, 9, 0.847614, 1.000000, 30904, 0, 0, 0, 0, 0, 76, 0
1777106270, 4, 2, 851, 848, 17, 7.78%, 0, 0, 2, 6.36, 16, 124, 1, 371, 105911, 38328, 0, 0.437, 7, 9, 0.847714, 1.000000, 30928, 0, 0, 0, 0, 0, 76, 0
1777106275, 4, 2, 851, 848, 17, 7.78%, 0, 0, 2, 6.10, 16, 124, 1, 371, 105911, 38328, 0, 0.437, 7, 9, 0.847831, 1.000000, 30956, 0, 0, 0, 0, 0, 76, 0
1777106280, 4, 2, 851, 848, 17, 7.78%, 0, 0, 2, 5.85, 16, 124, 1, 371, 105911, 38328, 0, 0.437, 7, 9, 0.847947, 1.000000, 30984, 0, 0, 0, 0, 0, 76, 0
1777106285, 4, 2, 851, 848, 17, 7.78%, 0, 0, 2, 6.53, 16, 124, 1, 371, 105911, 38328, 0, 0.437, 7, 9, 0.848039, 1.000000, 31006, 0, 0, 0, 0, 0, 76, 0
1777106291, 4, 2, 852, 849, 17, 7.78%, 0, 0, 2, 1.28, 16, 124, 1, 371, 105911, 38328, 0, 0.437, 7, 9, 0.848134, 1.000000, 31029, 0, 0, 0, 0, 0, 76, 0
1777106296, 4, 2, 852, 849, 17, 7.78%, 0, 0, 2, 3.76, 16, 124, 1, 371, 105911, 38328, 0, 0.437, 7, 9, 0.848246, 1.000000, 31056, 0, 0, 0, 0, 0, 76, 0
1777106301, 4, 2, 852, 849, 17, 7.78%, 0, 0, 2, 4.71, 16, 124, 1, 371, 105911, 38328, 0, 0.437, 7, 9, 0.848350, 1.000000, 31081, 0, 0, 0, 0, 0, 76, 0
1777106306, 4, 2, 852, 849, 17, 7.78%, 0, 0, 2, 5.13, 16, 124, 1, 371, 105911, 38328, 0, 0.437, 7, 9, 0.848470, 1.000000, 31110, 0, 0, 0, 0, 0, 76, 0
1777106311, 4, 2, 852, 849, 17, 7.78%, 0, 0, 2, 1.85, 16, 124, 1, 371, 105911, 38328, 0, 0.437, 7, 9, 0.848569, 1.000000, 31134, 0, 0, 0, 0, 0, 76, 0
1777106316, 4, 2, 852, 849, 17, 7.78%, 0, 0, 2, 4.80, 16, 124, 1, 371, 105911, 38328, 0, 0.437, 7, 9, 0.848701, 1.000000, 31166, 0, 0, 0, 0, 0, 76, 0
1777106321, 4, 2, 852, 849, 17, 7.78%, 0, 0, 2, 5.72, 16, 124, 1, 371, 105911, 38328, 0, 0.437, 7, 9, 0.848783, 1.000000, 31186, 0, 0, 0, 0, 0, 76, 0
1777106326, 4, 2, 852, 849, 17, 7.78%, 0, 0, 2, 5.86, 16, 124, 1, 371, 105911, 38328, 0, 0.437, 7, 9, 0.848903, 1.000000, 31215, 0, 0, 0, 0, 0, 76, 0
1777106332, 4, 2, 852, 849, 17, 7.78%, 0, 0, 2, 5.46, 16, 124, 1, 371, 105911, 38328, 0, 0.437, 7, 9, 0.849005, 1.000000, 31240, 0, 0, 0, 0, 0, 77, 0
1777106337, 4, 2, 852, 849, 17, 7.78%, 0, 0, 2, 5.58, 16, 124, 1, 371, 105911, 38328, 0, 0.437, 7, 9, 0.849124, 1.000000, 31269, 0, 0, 0, 0, 0, 77, 0
1777106342, 4, 2, 852, 849, 17, 7.78%, 0, 0, 2, 5.52, 16, 124, 1, 371, 105911, 38328, 0, 0.437, 7, 9, 0.849235, 1.000000, 31296, 0, 0, 0, 0, 0, 77, 0
1777106347, 4, 2, 852, 849, 17, 7.78%, 0, 0, 2, 5.93, 16, 124, 1, 371, 105911, 38328, 0, 0.437, 7, 9, 0.849357, 1.000000, 31326, 0, 0, 0, 0, 0, 77, 0
1777106352, 4, 2, 854, 851, 17, 7.78%, 0, 0, 2, 6.40, 16, 124, 1, 371, 105911, 38328, 0, 0.437, 7, 9, 0.849410, 1.000000, 31339, 0, 0, 0, 0, 0, 77, 0
1777106358, 4, 2, 854, 851, 17, 7.78%, 0, 0, 2, 0.66, 16, 124, 1, 371, 105911, 38328, 0, 0.437, 7, 9, 0.849508, 1.000000, 31363, 0, 0, 0, 0, 0, 77, 0
1777106363, 4, 2, 854, 851, 17, 7.78%, 0, 0, 2, 5.80, 16, 124, 1, 371, 105911, 38328, 0, 0.437, 7, 9, 0.849627, 1.000000, 31392, 0, 0, 0, 0, 0, 77, 0
1777106368, 4, 2, 854, 851, 17, 7.78%, 0, 0, 2, 5.46, 16, 124, 1, 371, 105911, 38328, 0, 0.437, 7, 9, 0.849732, 1.000000, 31418, 0, 0, 0, 0, 0, 77, 0
1777106373, 4, 2, 854, 851, 17, 7.78%, 0, 0, 2, 5.96, 16, 124, 1, 371, 105911, 38328, 0, 0.437, 7, 9, 0.849858, 1.000000, 31449, 0, 0, 0, 0, 0, 77, 0
1777106378, 4, 2, 854, 851, 17, 7.78%, 0, 0, 2, 5.83, 16, 124, 1, 371, 105911, 38328, 0, 0.437, 7, 9, 0.849972, 1.000000, 31477, 0, 0, 0, 0, 0, 77, 0
1777106384, 4, 2, 854, 851, 17, 7.78%, 0, 0, 2, 5.79, 16, 124, 1, 371, 105911, 38328, 0, 0.437, 7, 9, 0.850097, 1.000000, 31508, 0, 0, 0, 0, 0, 77, 0
1777106389, 4, 2, 854, 851, 17, 7.78%, 0, 0, 2, 6.32, 16, 124, 1, 371, 105911, 38328, 0, 0.437, 7, 9, 0.850198, 1.000000, 31533, 0, 0, 0, 0, 0, 77, 0
1777106395, 4, 2, 854, 851, 17, 7.78%, 0, 0, 2, 5.50, 16, 124, 1, 371, 105911, 38328, 0, 0.437, 7, 9, 0.850319, 1.000000, 31563, 0, 0, 0, 0, 0, 78, 0
1777106400, 4, 2, 854, 851, 17, 7.78%, 0, 0, 2, 5.61, 16, 124, 1, 371, 105911, 38328, 0, 0.437, 7, 9, 0.850436, 1.000000, 31592, 0, 0, 0, 0, 0, 78, 0
1777106406, 4, 2, 854, 851, 17, 7.78%, 0, 0, 2, 5.36, 16, 124, 1, 371, 105911, 38328, 0, 0.437, 8, 9, 0.850537, 1.000000, 31617, 0, 0, 0, 0, 0, 78, 0
1777106411, 4, 2, 854, 851, 17, 7.78%, 0, 0, 2, 5.56, 16, 124, 1, 371, 105911, 38328, 0, 0.437, 8, 9, 0.850653, 1.000000, 31646, 0, 0, 0, 0, 0, 78, 0
1777106416, 4, 2, 854, 851, 17, 7.78%, 0, 0, 2, 5.63, 16, 124, 1, 371, 105911, 38328, 0, 0.437, 8, 9, 0.850762, 1.000000, 31673, 0, 0, 0, 0, 0, 78, 0
1777106421, 4, 2, 854, 851, 17, 7.78%, 0, 0, 2, 5.72, 16, 124, 1, 371, 105911, 38328, 0, 0.437, 8, 9, 0.850878, 1.000000, 31702, 0, 0, 0, 0, 0, 78, 0
1777106426, 4, 2, 854, 851, 17, 7.78%, 0, 0, 2, 2.86, 16, 124, 1, 371, 105911, 38328, 0, 0.437, 8, 9, 0.850982, 1.000000, 31728, 0, 0, 0, 0, 0, 78, 0
1777106431, 4, 2, 854, 851, 17, 7.78%, 0, 0, 2, 4.57, 16, 124, 1, 371, 105911, 38328, 0, 0.437, 8, 9, 0.851093, 1.000000, 31756, 0, 0, 0, 0, 0, 79, 0
1777106436, 4, 2, 854, 851, 17, 7.78%, 0, 0, 2, 6.27, 16, 124, 1, 371, 105911, 38328, 0, 0.437, 8, 9, 0.851181, 1.000000, 31778, 0, 0, 0, 0, 0, 79, 0
1777106442, 4, 2, 854, 851, 17, 7.78%, 0, 0, 2, 6.15, 16, 124, 1, 371, 105911, 38328, 0, 0.437, 8, 9, 0.851309, 1.000000, 31810, 0, 0, 0, 0, 0, 79, 0
1777106447, 4, 2, 855, 852, 17, 7.78%, 0, 0, 2, 5.75, 16, 124, 1, 371, 105911, 38328, 0, 0.437, 8, 9, 0.851380, 1.000000, 31828, 0, 0, 0, 0, 0, 79, 0
1777106452, 4, 2, 855, 852, 17, 7.78%, 0, 0, 2, 5.47, 16, 124, 1, 371, 105911, 38328, 0, 0.437, 8, 9, 0.851488, 1.000000, 31855, 0, 0, 0, 0, 0, 79, 0
1777106457, 4, 2, 855, 852, 17, 7.78%, 0, 0, 2, 5.48, 16, 124, 1, 371, 105911, 38328, 0, 0.437, 8, 9, 0.851599, 1.000000, 31883, 0, 0, 0, 0, 0, 79, 0
